ISO-10303-21;
HEADER;
/* Generated by software using Delcam plc STEP library */

FILE_DESCRIPTION(
/* description */ ('AP-214 File'),
/* implementation_level */ '2;1');

FILE_NAME(
/* name */ 'D113M',
/* time_stamp */ 'Tue Feb 07 07:56:17 2017',
/* author */ (''),
/* organization */ (''),
/* preprocessor_version */ 'DELCAM STEP V1',
/* originating_system */ 'Exchange7.1.0006',
/* authorisation */ '');

FILE_SCHEMA (('AUTOMOTIVE_DESIGN'));
ENDSEC;
DATA;
#10=PRESENTATION_STYLE_ASSIGNMENT((#20));
#11=PRESENTATION_STYLE_ASSIGNMENT((#21));
#12=SURFACE_SIDE_STYLE('',(#14));
#13=SURFACE_SIDE_STYLE('',(#15));
#14=SURFACE_STYLE_FILL_AREA(#16);
#15=SURFACE_STYLE_FILL_AREA(#17);
#16=FILL_AREA_STYLE('',(#18));
#17=FILL_AREA_STYLE('',(#19));
#18=FILL_AREA_STYLE_COLOUR('',#125);
#19=FILL_AREA_STYLE_COLOUR('',#126);
#20=SURFACE_STYLE_USAGE(.BOTH.,#12);
#21=SURFACE_STYLE_USAGE(.BOTH.,#13);
#22=STYLED_ITEM('',(#10),#234);
#23=STYLED_ITEM('',(#10),#235);
#24=STYLED_ITEM('',(#10),#236);
#25=STYLED_ITEM('',(#10),#237);
#26=STYLED_ITEM('',(#10),#238);
#27=STYLED_ITEM('',(#10),#239);
#28=STYLED_ITEM('',(#10),#240);
#29=STYLED_ITEM('',(#10),#241);
#30=STYLED_ITEM('',(#10),#242);
#31=STYLED_ITEM('',(#10),#243);
#32=STYLED_ITEM('',(#10),#244);
#33=STYLED_ITEM('',(#10),#245);
#34=STYLED_ITEM('',(#10),#246);
#35=STYLED_ITEM('',(#10),#247);
#36=STYLED_ITEM('',(#10),#248);
#37=STYLED_ITEM('',(#10),#249);
#38=STYLED_ITEM('',(#10),#250);
#39=STYLED_ITEM('',(#10),#251);
#40=STYLED_ITEM('',(#10),#252);
#41=STYLED_ITEM('',(#10),#253);
#42=STYLED_ITEM('',(#10),#254);
#43=STYLED_ITEM('',(#10),#255);
#44=STYLED_ITEM('',(#10),#256);
#45=STYLED_ITEM('',(#10),#257);
#46=STYLED_ITEM('',(#10),#258);
#47=STYLED_ITEM('',(#10),#259);
#48=STYLED_ITEM('',(#10),#260);
#49=STYLED_ITEM('',(#10),#261);
#50=STYLED_ITEM('',(#10),#262);
#51=STYLED_ITEM('',(#10),#263);
#52=STYLED_ITEM('',(#10),#264);
#53=STYLED_ITEM('',(#10),#265);
#54=STYLED_ITEM('',(#10),#266);
#55=STYLED_ITEM('',(#10),#267);
#56=STYLED_ITEM('',(#10),#268);
#57=STYLED_ITEM('',(#10),#269);
#58=STYLED_ITEM('',(#10),#270);
#59=STYLED_ITEM('',(#10),#271);
#60=STYLED_ITEM('',(#10),#272);
#61=STYLED_ITEM('',(#10),#273);
#62=STYLED_ITEM('',(#10),#274);
#63=STYLED_ITEM('',(#10),#275);
#64=STYLED_ITEM('',(#10),#276);
#65=STYLED_ITEM('',(#10),#277);
#66=STYLED_ITEM('',(#10),#278);
#67=STYLED_ITEM('',(#10),#279);
#68=STYLED_ITEM('',(#10),#280);
#69=STYLED_ITEM('',(#10),#281);
#70=STYLED_ITEM('',(#10),#282);
#71=STYLED_ITEM('',(#10),#283);
#72=STYLED_ITEM('',(#10),#284);
#73=STYLED_ITEM('',(#10),#285);
#74=STYLED_ITEM('',(#10),#286);
#75=STYLED_ITEM('',(#10),#287);
#76=STYLED_ITEM('',(#10),#288);
#77=STYLED_ITEM('',(#10),#289);
#78=STYLED_ITEM('',(#10),#290);
#79=STYLED_ITEM('',(#10),#291);
#80=STYLED_ITEM('',(#10),#292);
#81=STYLED_ITEM('',(#10),#293);
#82=STYLED_ITEM('',(#10),#294);
#83=STYLED_ITEM('',(#10),#295);
#84=STYLED_ITEM('',(#10),#296);
#85=STYLED_ITEM('',(#10),#297);
#86=STYLED_ITEM('',(#10),#298);
#87=STYLED_ITEM('',(#10),#299);
#88=STYLED_ITEM('',(#10),#300);
#89=STYLED_ITEM('',(#10),#301);
#90=STYLED_ITEM('',(#10),#302);
#91=STYLED_ITEM('',(#10),#303);
#92=STYLED_ITEM('',(#10),#304);
#93=STYLED_ITEM('',(#10),#305);
#94=STYLED_ITEM('',(#10),#306);
#95=STYLED_ITEM('',(#10),#307);
#96=STYLED_ITEM('',(#10),#308);
#97=STYLED_ITEM('',(#10),#309);
#98=STYLED_ITEM('',(#10),#310);
#99=STYLED_ITEM('',(#10),#311);
#100=STYLED_ITEM('',(#10),#312);
#101=STYLED_ITEM('',(#10),#313);
#102=STYLED_ITEM('',(#10),#314);
#103=STYLED_ITEM('',(#10),#315);
#104=STYLED_ITEM('',(#10),#316);
#105=STYLED_ITEM('',(#10),#317);
#106=STYLED_ITEM('',(#10),#318);
#107=STYLED_ITEM('',(#10),#319);
#108=STYLED_ITEM('',(#10),#320);
#109=STYLED_ITEM('',(#10),#321);
#110=STYLED_ITEM('',(#10),#322);
#111=STYLED_ITEM('',(#10),#323);
#112=STYLED_ITEM('',(#10),#324);
#113=STYLED_ITEM('',(#10),#325);
#114=STYLED_ITEM('',(#10),#326);
#115=STYLED_ITEM('',(#10),#327);
#116=STYLED_ITEM('',(#10),#328);
#117=STYLED_ITEM('',(#10),#329);
#118=STYLED_ITEM('',(#10),#330);
#119=STYLED_ITEM('',(#10),#331);
#120=STYLED_ITEM('',(#10),#332);
#121=STYLED_ITEM('',(#10),#333);
#122=STYLED_ITEM('',(#11),#134);
#123=STYLED_ITEM('',(#11),#135);
#124=STYLED_ITEM('',(#11),#136);
#125=COLOUR_RGB('',0.,0.,0.);
#126=COLOUR_RGB('rgb_colour_1',0.4,0.4,0.4);
#127=MECHANICAL_DESIGN_GEOMETRIC_PRESENTATION_REPRESENTATION('',(#22,#23,#24,
#25,#26,#27,#28,#29,#30,#31,#32,#33,#34,#35,#36,#37,#38,#39,#40,#41,#42,#43,
#44,#45,#46,#47,#48,#49,#50,#51,#52,#53,#54,#55,#56,#57,#58,#59,#60,#61,#62,
#63,#64,#65,#66,#67,#68,#69,#70,#71,#72,#73,#74,#75,#76,#77,#78,#79,#80,#81,
#82,#83,#84,#85,#86,#87,#88,#89,#90,#91,#92,#93,#94,#95,#96,#97,#98,#99,#100,
#101,#102,#103,#104,#105,#106,#107,#108,#109,#110,#111,#112,#113,#114,#115,
#116,#117,#118,#119,#120,#121,#122,#123,#124),#3301);
#128=PRESENTATION_LAYER_ASSIGNMENT('62','D113M',(#234,#235,#236,#237,#238,#239
,#240,#241,#242,#243,#244,#245,#246,#247,#248,#249,#250,#251,#252,#253,#254,
#255,#256,#257,#258,#259,#260,#261,#262,#263,#264,#265,#266,#267,#268,#269,
#270,#271,#272,#273,#274,#275,#276,#277,#278,#279,#280,#281,#282,#283,#284,
#285,#286,#287,#288,#289,#290,#291,#292,#293,#294,#295,#296,#297,#298,#299,
#300,#301,#302,#303,#304,#305,#306,#307,#308,#309,#310,#311,#312,#313,#314,
#315,#316,#317,#318,#319,#320,#321,#322,#323,#134,#324,#325,#326,#327,#328,
#329,#135,#330,#331,#332,#333,#136));
#129=SHAPE_REPRESENTATION_RELATIONSHIP('','',#2130,#130);
#130=ADVANCED_BREP_SHAPE_REPRESENTATION('',(#131,#132,#133),#3301);
#131=MANIFOLD_SOLID_BREP('8050',#134);
#132=MANIFOLD_SOLID_BREP('8051',#135);
#133=MANIFOLD_SOLID_BREP('8052',#136);
#134=CLOSED_SHELL('',(#234,#235,#236,#237,#238,#239,#240,#241,#242,#243,#244,
#245,#246,#247,#248,#249,#250,#251,#252,#253,#254,#255,#256,#257,#258,#259,
#260,#261,#262,#263,#264,#265,#266,#267,#268,#269,#270,#271,#272,#273,#274,
#275,#276,#277,#278,#279,#280,#281,#282,#283,#284,#285,#286,#287,#288,#289,
#290,#291,#292,#293,#294,#295,#296,#297,#298,#299,#300,#301,#302,#303,#304,
#305,#306,#307,#308,#309,#310,#311,#312,#313,#314,#315,#316,#317,#318,#319,
#320,#321,#322,#323));
#135=CLOSED_SHELL('',(#324,#325,#326,#327,#328,#329));
#136=CLOSED_SHELL('',(#330,#331,#332,#333));
#137=PLANE('',#2137);
#138=PLANE('',#2139);
#139=PLANE('',#2140);
#140=PLANE('',#2141);
#141=PLANE('',#2142);
#142=PLANE('',#2143);
#143=PLANE('',#2144);
#144=PLANE('',#2145);
#145=PLANE('',#2146);
#146=PLANE('',#2147);
#147=PLANE('',#2148);
#148=PLANE('',#2149);
#149=PLANE('',#2150);
#150=PLANE('',#2151);
#151=PLANE('',#2152);
#152=PLANE('',#2153);
#153=PLANE('',#2154);
#154=PLANE('',#2155);
#155=PLANE('',#2156);
#156=PLANE('',#2157);
#157=PLANE('',#2158);
#158=PLANE('',#2159);
#159=PLANE('',#2160);
#160=PLANE('',#2161);
#161=PLANE('',#2162);
#162=PLANE('',#2163);
#163=PLANE('',#2164);
#164=PLANE('',#2165);
#165=PLANE('',#2166);
#166=PLANE('',#2167);
#167=PLANE('',#2168);
#168=PLANE('',#2169);
#169=PLANE('',#2170);
#170=PLANE('',#2171);
#171=PLANE('',#2172);
#172=PLANE('',#2173);
#173=PLANE('',#2174);
#174=PLANE('',#2175);
#175=PLANE('',#2176);
#176=PLANE('',#2177);
#177=PLANE('',#2178);
#178=PLANE('',#2179);
#179=PLANE('',#2180);
#180=PLANE('',#2181);
#181=PLANE('',#2182);
#182=PLANE('',#2183);
#183=PLANE('',#2184);
#184=PLANE('',#2185);
#185=PLANE('',#2186);
#186=PLANE('',#2187);
#187=PLANE('',#2188);
#188=PLANE('',#2189);
#189=PLANE('',#2190);
#190=PLANE('',#2191);
#191=PLANE('',#2192);
#192=PLANE('',#2193);
#193=PLANE('',#2194);
#194=PLANE('',#2195);
#195=PLANE('',#2196);
#196=PLANE('',#2197);
#197=PLANE('',#2198);
#198=PLANE('',#2199);
#199=PLANE('',#2200);
#200=PLANE('',#2201);
#201=PLANE('',#2202);
#202=PLANE('',#2203);
#203=PLANE('',#2204);
#204=PLANE('',#2205);
#205=PLANE('',#2206);
#206=PLANE('',#2207);
#207=PLANE('',#2208);
#208=PLANE('',#2209);
#209=PLANE('',#2210);
#210=PLANE('',#2211);
#211=PLANE('',#2212);
#212=PLANE('',#2213);
#213=PLANE('',#2214);
#214=PLANE('',#2215);
#215=PLANE('',#2216);
#216=PLANE('',#2217);
#217=PLANE('',#2218);
#218=PLANE('',#2219);
#219=PLANE('',#2220);
#220=PLANE('',#2221);
#221=PLANE('',#2222);
#222=PLANE('',#2223);
#223=PLANE('',#2224);
#224=PLANE('',#2225);
#225=PLANE('',#2226);
#226=PLANE('',#2227);
#227=PLANE('',#2228);
#228=PLANE('',#2229);
#229=PLANE('',#2230);
#230=PLANE('',#2231);
#231=PLANE('',#2234);
#232=PLANE('',#2236);
#233=PLANE('',#2237);
#234=ADVANCED_FACE('',(#334),#1098,.F.);
#235=ADVANCED_FACE('',(#335),#137,.T.);
#236=ADVANCED_FACE('',(#336),#1099,.F.);
#237=ADVANCED_FACE('',(#337),#138,.T.);
#238=ADVANCED_FACE('',(#338),#139,.T.);
#239=ADVANCED_FACE('',(#339),#140,.T.);
#240=ADVANCED_FACE('',(#340),#141,.T.);
#241=ADVANCED_FACE('',(#341),#142,.T.);
#242=ADVANCED_FACE('',(#342),#143,.T.);
#243=ADVANCED_FACE('',(#343),#144,.T.);
#244=ADVANCED_FACE('',(#344),#145,.T.);
#245=ADVANCED_FACE('',(#345),#146,.T.);
#246=ADVANCED_FACE('',(#346),#147,.T.);
#247=ADVANCED_FACE('',(#347),#148,.T.);
#248=ADVANCED_FACE('',(#348),#149,.T.);
#249=ADVANCED_FACE('',(#349),#150,.T.);
#250=ADVANCED_FACE('',(#350),#151,.T.);
#251=ADVANCED_FACE('',(#351),#152,.T.);
#252=ADVANCED_FACE('',(#352),#153,.T.);
#253=ADVANCED_FACE('',(#353),#154,.T.);
#254=ADVANCED_FACE('',(#354),#155,.T.);
#255=ADVANCED_FACE('',(#355),#156,.T.);
#256=ADVANCED_FACE('',(#356),#157,.T.);
#257=ADVANCED_FACE('',(#357),#158,.T.);
#258=ADVANCED_FACE('',(#358),#159,.T.);
#259=ADVANCED_FACE('',(#359),#160,.T.);
#260=ADVANCED_FACE('',(#360),#161,.T.);
#261=ADVANCED_FACE('',(#361),#162,.T.);
#262=ADVANCED_FACE('',(#362),#163,.T.);
#263=ADVANCED_FACE('',(#363),#164,.T.);
#264=ADVANCED_FACE('',(#364),#165,.T.);
#265=ADVANCED_FACE('',(#365),#166,.T.);
#266=ADVANCED_FACE('',(#366),#167,.T.);
#267=ADVANCED_FACE('',(#367),#168,.T.);
#268=ADVANCED_FACE('',(#368),#169,.T.);
#269=ADVANCED_FACE('',(#369),#170,.T.);
#270=ADVANCED_FACE('',(#370),#171,.T.);
#271=ADVANCED_FACE('',(#371),#172,.T.);
#272=ADVANCED_FACE('',(#372),#173,.T.);
#273=ADVANCED_FACE('',(#373),#174,.T.);
#274=ADVANCED_FACE('',(#374),#175,.T.);
#275=ADVANCED_FACE('',(#375),#176,.T.);
#276=ADVANCED_FACE('',(#376),#177,.T.);
#277=ADVANCED_FACE('',(#377),#178,.T.);
#278=ADVANCED_FACE('',(#378),#179,.T.);
#279=ADVANCED_FACE('',(#379),#180,.T.);
#280=ADVANCED_FACE('',(#380),#181,.T.);
#281=ADVANCED_FACE('',(#381),#182,.T.);
#282=ADVANCED_FACE('',(#382),#183,.T.);
#283=ADVANCED_FACE('',(#383),#184,.T.);
#284=ADVANCED_FACE('',(#384),#185,.T.);
#285=ADVANCED_FACE('',(#385),#186,.T.);
#286=ADVANCED_FACE('',(#386),#187,.T.);
#287=ADVANCED_FACE('',(#387),#188,.T.);
#288=ADVANCED_FACE('',(#388),#189,.T.);
#289=ADVANCED_FACE('',(#389),#190,.T.);
#290=ADVANCED_FACE('',(#390),#191,.T.);
#291=ADVANCED_FACE('',(#391),#192,.T.);
#292=ADVANCED_FACE('',(#392),#193,.T.);
#293=ADVANCED_FACE('',(#393),#194,.T.);
#294=ADVANCED_FACE('',(#394),#195,.T.);
#295=ADVANCED_FACE('',(#395),#196,.T.);
#296=ADVANCED_FACE('',(#396),#197,.T.);
#297=ADVANCED_FACE('',(#397),#198,.T.);
#298=ADVANCED_FACE('',(#398),#199,.T.);
#299=ADVANCED_FACE('',(#399),#200,.T.);
#300=ADVANCED_FACE('',(#400),#201,.T.);
#301=ADVANCED_FACE('',(#401),#202,.T.);
#302=ADVANCED_FACE('',(#402),#203,.T.);
#303=ADVANCED_FACE('',(#403),#204,.T.);
#304=ADVANCED_FACE('',(#404),#205,.T.);
#305=ADVANCED_FACE('',(#405),#206,.T.);
#306=ADVANCED_FACE('',(#406),#207,.T.);
#307=ADVANCED_FACE('',(#407),#208,.T.);
#308=ADVANCED_FACE('',(#408),#209,.T.);
#309=ADVANCED_FACE('',(#409),#210,.T.);
#310=ADVANCED_FACE('',(#410),#211,.T.);
#311=ADVANCED_FACE('',(#411),#212,.T.);
#312=ADVANCED_FACE('',(#412),#213,.T.);
#313=ADVANCED_FACE('',(#413),#214,.T.);
#314=ADVANCED_FACE('',(#414),#215,.T.);
#315=ADVANCED_FACE('',(#415),#216,.T.);
#316=ADVANCED_FACE('',(#416),#217,.T.);
#317=ADVANCED_FACE('',(#417),#218,.T.);
#318=ADVANCED_FACE('',(#418),#219,.T.);
#319=ADVANCED_FACE('',(#419),#220,.T.);
#320=ADVANCED_FACE('',(#420),#221,.T.);
#321=ADVANCED_FACE('',(#421),#222,.T.);
#322=ADVANCED_FACE('',(#422),#223,.T.);
#323=ADVANCED_FACE('',(#423),#224,.F.);
#324=ADVANCED_FACE('',(#424),#225,.T.);
#325=ADVANCED_FACE('',(#425),#226,.T.);
#326=ADVANCED_FACE('',(#426),#227,.T.);
#327=ADVANCED_FACE('',(#427),#228,.T.);
#328=ADVANCED_FACE('',(#428),#229,.F.);
#329=ADVANCED_FACE('',(#429),#230,.T.);
#330=ADVANCED_FACE('',(#430),#231,.T.);
#331=ADVANCED_FACE('',(#431),#1100,.T.);
#332=ADVANCED_FACE('',(#432),#232,.F.);
#333=ADVANCED_FACE('',(#433),#233,.T.);
#334=FACE_OUTER_BOUND('',#434,.T.);
#335=FACE_OUTER_BOUND('',#435,.T.);
#336=FACE_OUTER_BOUND('',#436,.T.);
#337=FACE_OUTER_BOUND('',#437,.T.);
#338=FACE_OUTER_BOUND('',#438,.T.);
#339=FACE_OUTER_BOUND('',#439,.T.);
#340=FACE_OUTER_BOUND('',#440,.T.);
#341=FACE_OUTER_BOUND('',#441,.T.);
#342=FACE_OUTER_BOUND('',#442,.T.);
#343=FACE_OUTER_BOUND('',#443,.T.);
#344=FACE_OUTER_BOUND('',#444,.T.);
#345=FACE_OUTER_BOUND('',#445,.T.);
#346=FACE_OUTER_BOUND('',#446,.T.);
#347=FACE_OUTER_BOUND('',#447,.T.);
#348=FACE_OUTER_BOUND('',#448,.T.);
#349=FACE_OUTER_BOUND('',#449,.T.);
#350=FACE_OUTER_BOUND('',#450,.T.);
#351=FACE_OUTER_BOUND('',#451,.T.);
#352=FACE_OUTER_BOUND('',#452,.T.);
#353=FACE_OUTER_BOUND('',#453,.T.);
#354=FACE_OUTER_BOUND('',#454,.T.);
#355=FACE_OUTER_BOUND('',#455,.T.);
#356=FACE_OUTER_BOUND('',#456,.T.);
#357=FACE_OUTER_BOUND('',#457,.T.);
#358=FACE_OUTER_BOUND('',#458,.T.);
#359=FACE_OUTER_BOUND('',#459,.T.);
#360=FACE_OUTER_BOUND('',#460,.T.);
#361=FACE_OUTER_BOUND('',#461,.T.);
#362=FACE_OUTER_BOUND('',#462,.T.);
#363=FACE_OUTER_BOUND('',#463,.T.);
#364=FACE_OUTER_BOUND('',#464,.T.);
#365=FACE_OUTER_BOUND('',#465,.T.);
#366=FACE_OUTER_BOUND('',#466,.T.);
#367=FACE_OUTER_BOUND('',#467,.T.);
#368=FACE_OUTER_BOUND('',#468,.T.);
#369=FACE_OUTER_BOUND('',#469,.T.);
#370=FACE_OUTER_BOUND('',#470,.T.);
#371=FACE_OUTER_BOUND('',#471,.T.);
#372=FACE_OUTER_BOUND('',#472,.T.);
#373=FACE_OUTER_BOUND('',#473,.T.);
#374=FACE_OUTER_BOUND('',#474,.T.);
#375=FACE_OUTER_BOUND('',#475,.T.);
#376=FACE_OUTER_BOUND('',#476,.T.);
#377=FACE_OUTER_BOUND('',#477,.T.);
#378=FACE_OUTER_BOUND('',#478,.T.);
#379=FACE_OUTER_BOUND('',#479,.T.);
#380=FACE_OUTER_BOUND('',#480,.T.);
#381=FACE_OUTER_BOUND('',#481,.T.);
#382=FACE_OUTER_BOUND('',#482,.T.);
#383=FACE_OUTER_BOUND('',#483,.T.);
#384=FACE_OUTER_BOUND('',#484,.T.);
#385=FACE_OUTER_BOUND('',#485,.T.);
#386=FACE_OUTER_BOUND('',#486,.T.);
#387=FACE_OUTER_BOUND('',#487,.T.);
#388=FACE_OUTER_BOUND('',#488,.T.);
#389=FACE_OUTER_BOUND('',#489,.T.);
#390=FACE_OUTER_BOUND('',#490,.T.);
#391=FACE_OUTER_BOUND('',#491,.T.);
#392=FACE_OUTER_BOUND('',#492,.T.);
#393=FACE_OUTER_BOUND('',#493,.T.);
#394=FACE_OUTER_BOUND('',#494,.T.);
#395=FACE_OUTER_BOUND('',#495,.T.);
#396=FACE_OUTER_BOUND('',#496,.T.);
#397=FACE_OUTER_BOUND('',#497,.T.);
#398=FACE_OUTER_BOUND('',#498,.T.);
#399=FACE_OUTER_BOUND('',#499,.T.);
#400=FACE_OUTER_BOUND('',#500,.T.);
#401=FACE_OUTER_BOUND('',#501,.T.);
#402=FACE_OUTER_BOUND('',#502,.T.);
#403=FACE_OUTER_BOUND('',#503,.T.);
#404=FACE_OUTER_BOUND('',#504,.T.);
#405=FACE_OUTER_BOUND('',#505,.T.);
#406=FACE_OUTER_BOUND('',#506,.T.);
#407=FACE_OUTER_BOUND('',#507,.T.);
#408=FACE_OUTER_BOUND('',#508,.T.);
#409=FACE_OUTER_BOUND('',#509,.T.);
#410=FACE_OUTER_BOUND('',#510,.T.);
#411=FACE_OUTER_BOUND('',#511,.T.);
#412=FACE_OUTER_BOUND('',#512,.T.);
#413=FACE_OUTER_BOUND('',#513,.T.);
#414=FACE_OUTER_BOUND('',#514,.T.);
#415=FACE_OUTER_BOUND('',#515,.T.);
#416=FACE_OUTER_BOUND('',#516,.T.);
#417=FACE_OUTER_BOUND('',#517,.T.);
#418=FACE_OUTER_BOUND('',#518,.T.);
#419=FACE_OUTER_BOUND('',#519,.T.);
#420=FACE_OUTER_BOUND('',#520,.T.);
#421=FACE_OUTER_BOUND('',#521,.T.);
#422=FACE_OUTER_BOUND('',#522,.T.);
#423=FACE_OUTER_BOUND('',#523,.T.);
#424=FACE_OUTER_BOUND('',#524,.T.);
#425=FACE_OUTER_BOUND('',#525,.T.);
#426=FACE_OUTER_BOUND('',#526,.T.);
#427=FACE_OUTER_BOUND('',#527,.T.);
#428=FACE_OUTER_BOUND('',#528,.T.);
#429=FACE_OUTER_BOUND('',#529,.T.);
#430=FACE_OUTER_BOUND('',#530,.T.);
#431=FACE_OUTER_BOUND('',#531,.T.);
#432=FACE_OUTER_BOUND('',#532,.T.);
#433=FACE_OUTER_BOUND('',#533,.T.);
#434=EDGE_LOOP('',(#534,#535,#536,#537));
#435=EDGE_LOOP('',(#538,#539,#540,#541));
#436=EDGE_LOOP('',(#542,#543,#544,#545));
#437=EDGE_LOOP('',(#546,#547,#548,#549));
#438=EDGE_LOOP('',(#550,#551,#552,#553));
#439=EDGE_LOOP('',(#554,#555,#556,#557));
#440=EDGE_LOOP('',(#558,#559,#560,#561));
#441=EDGE_LOOP('',(#562,#563,#564,#565));
#442=EDGE_LOOP('',(#566,#567,#568,#569));
#443=EDGE_LOOP('',(#570,#571,#572,#573));
#444=EDGE_LOOP('',(#574,#575,#576,#577));
#445=EDGE_LOOP('',(#578,#579,#580,#581));
#446=EDGE_LOOP('',(#582,#583,#584,#585));
#447=EDGE_LOOP('',(#586,#587,#588,#589));
#448=EDGE_LOOP('',(#590,#591,#592,#593));
#449=EDGE_LOOP('',(#594,#595,#596,#597));
#450=EDGE_LOOP('',(#598,#599,#600,#601));
#451=EDGE_LOOP('',(#602,#603,#604,#605));
#452=EDGE_LOOP('',(#606,#607,#608,#609));
#453=EDGE_LOOP('',(#610,#611,#612,#613));
#454=EDGE_LOOP('',(#614,#615,#616,#617));
#455=EDGE_LOOP('',(#618,#619,#620,#621));
#456=EDGE_LOOP('',(#622,#623,#624,#625));
#457=EDGE_LOOP('',(#626,#627,#628,#629));
#458=EDGE_LOOP('',(#630,#631,#632,#633));
#459=EDGE_LOOP('',(#634,#635,#636,#637));
#460=EDGE_LOOP('',(#638,#639,#640,#641));
#461=EDGE_LOOP('',(#642,#643,#644,#645));
#462=EDGE_LOOP('',(#646,#647,#648,#649));
#463=EDGE_LOOP('',(#650,#651,#652,#653));
#464=EDGE_LOOP('',(#654,#655,#656,#657));
#465=EDGE_LOOP('',(#658,#659,#660,#661));
#466=EDGE_LOOP('',(#662,#663,#664,#665));
#467=EDGE_LOOP('',(#666,#667,#668,#669));
#468=EDGE_LOOP('',(#670,#671,#672,#673));
#469=EDGE_LOOP('',(#674,#675,#676,#677));
#470=EDGE_LOOP('',(#678,#679,#680,#681));
#471=EDGE_LOOP('',(#682,#683,#684,#685));
#472=EDGE_LOOP('',(#686,#687,#688,#689));
#473=EDGE_LOOP('',(#690,#691,#692,#693));
#474=EDGE_LOOP('',(#694,#695,#696,#697));
#475=EDGE_LOOP('',(#698,#699,#700,#701));
#476=EDGE_LOOP('',(#702,#703,#704,#705));
#477=EDGE_LOOP('',(#706,#707,#708,#709));
#478=EDGE_LOOP('',(#710,#711,#712,#713));
#479=EDGE_LOOP('',(#714,#715,#716,#717));
#480=EDGE_LOOP('',(#718,#719,#720,#721));
#481=EDGE_LOOP('',(#722,#723,#724,#725));
#482=EDGE_LOOP('',(#726,#727,#728,#729));
#483=EDGE_LOOP('',(#730,#731,#732,#733));
#484=EDGE_LOOP('',(#734,#735,#736,#737));
#485=EDGE_LOOP('',(#738,#739,#740,#741));
#486=EDGE_LOOP('',(#742,#743,#744,#745));
#487=EDGE_LOOP('',(#746,#747,#748,#749));
#488=EDGE_LOOP('',(#750,#751,#752,#753));
#489=EDGE_LOOP('',(#754,#755,#756,#757));
#490=EDGE_LOOP('',(#758,#759,#760,#761));
#491=EDGE_LOOP('',(#762,#763,#764,#765));
#492=EDGE_LOOP('',(#766,#767,#768,#769));
#493=EDGE_LOOP('',(#770,#771,#772,#773));
#494=EDGE_LOOP('',(#774,#775,#776,#777));
#495=EDGE_LOOP('',(#778,#779,#780,#781));
#496=EDGE_LOOP('',(#782,#783,#784,#785));
#497=EDGE_LOOP('',(#786,#787,#788,#789));
#498=EDGE_LOOP('',(#790,#791,#792,#793));
#499=EDGE_LOOP('',(#794,#795,#796,#797));
#500=EDGE_LOOP('',(#798,#799,#800,#801));
#501=EDGE_LOOP('',(#802,#803,#804,#805));
#502=EDGE_LOOP('',(#806,#807,#808,#809));
#503=EDGE_LOOP('',(#810,#811,#812,#813));
#504=EDGE_LOOP('',(#814,#815,#816,#817));
#505=EDGE_LOOP('',(#818,#819,#820,#821));
#506=EDGE_LOOP('',(#822,#823,#824,#825));
#507=EDGE_LOOP('',(#826,#827,#828,#829));
#508=EDGE_LOOP('',(#830,#831,#832,#833));
#509=EDGE_LOOP('',(#834,#835,#836,#837));
#510=EDGE_LOOP('',(#838,#839,#840,#841));
#511=EDGE_LOOP('',(#842,#843,#844,#845));
#512=EDGE_LOOP('',(#846,#847,#848,#849));
#513=EDGE_LOOP('',(#850,#851,#852,#853));
#514=EDGE_LOOP('',(#854,#855,#856,#857));
#515=EDGE_LOOP('',(#858,#859,#860,#861));
#516=EDGE_LOOP('',(#862,#863,#864,#865));
#517=EDGE_LOOP('',(#866,#867,#868,#869));
#518=EDGE_LOOP('',(#870,#871,#872,#873));
#519=EDGE_LOOP('',(#874,#875,#876,#877));
#520=EDGE_LOOP('',(#878,#879,#880,#881));
#521=EDGE_LOOP('',(#882,#883,#884,#885));
#522=EDGE_LOOP('',(#886,#887,#888,#889,#890,#891,#892,#893,#894,#895,#896,#897
,#898,#899,#900,#901,#902,#903,#904,#905,#906,#907,#908,#909,#910,#911,#912,
#913,#914,#915,#916,#917,#918,#919,#920,#921,#922,#923,#924,#925,#926,#927,
#928,#929,#930,#931,#932,#933,#934,#935,#936,#937,#938,#939,#940,#941,#942,
#943,#944,#945,#946,#947,#948,#949,#950,#951,#952,#953,#954,#955,#956,#957,
#958,#959,#960,#961,#962,#963,#964,#965,#966,#967,#968,#969,#970,#971,#972,
#973));
#523=EDGE_LOOP('',(#974,#975,#976,#977,#978,#979,#980,#981,#982,#983,#984,#985
,#986,#987,#988,#989,#990,#991,#992,#993,#994,#995,#996,#997,#998,#999,#1000,
#1001,#1002,#1003,#1004,#1005,#1006,#1007,#1008,#1009,#1010,#1011,#1012,#1013,
#1014,#1015,#1016,#1017,#1018,#1019,#1020,#1021,#1022,#1023,#1024,#1025,#1026,
#1027,#1028,#1029,#1030,#1031,#1032,#1033,#1034,#1035,#1036,#1037,#1038,#1039,
#1040,#1041,#1042,#1043,#1044,#1045,#1046,#1047,#1048,#1049,#1050,#1051,#1052,
#1053,#1054,#1055,#1056,#1057,#1058,#1059,#1060,#1061));
#524=EDGE_LOOP('',(#1062,#1063,#1064,#1065));
#525=EDGE_LOOP('',(#1066,#1067,#1068,#1069));
#526=EDGE_LOOP('',(#1070,#1071,#1072,#1073));
#527=EDGE_LOOP('',(#1074,#1075,#1076,#1077));
#528=EDGE_LOOP('',(#1078,#1079,#1080,#1081));
#529=EDGE_LOOP('',(#1082,#1083,#1084,#1085));
#530=EDGE_LOOP('',(#1086,#1087,#1088,#1089));
#531=EDGE_LOOP('',(#1090,#1091,#1092,#1093));
#532=EDGE_LOOP('',(#1094,#1095));
#533=EDGE_LOOP('',(#1096,#1097));
#534=ORIENTED_EDGE('',*,*,#1370,.F.);
#535=ORIENTED_EDGE('',*,*,#1194,.F.);
#536=ORIENTED_EDGE('',*,*,#1282,.T.);
#537=ORIENTED_EDGE('',*,*,#1107,.T.);
#538=ORIENTED_EDGE('',*,*,#1369,.F.);
#539=ORIENTED_EDGE('',*,*,#1107,.F.);
#540=ORIENTED_EDGE('',*,*,#1281,.T.);
#541=ORIENTED_EDGE('',*,*,#1108,.T.);
#542=ORIENTED_EDGE('',*,*,#1368,.F.);
#543=ORIENTED_EDGE('',*,*,#1108,.F.);
#544=ORIENTED_EDGE('',*,*,#1280,.T.);
#545=ORIENTED_EDGE('',*,*,#1109,.T.);
#546=ORIENTED_EDGE('',*,*,#1367,.F.);
#547=ORIENTED_EDGE('',*,*,#1109,.F.);
#548=ORIENTED_EDGE('',*,*,#1279,.T.);
#549=ORIENTED_EDGE('',*,*,#1110,.T.);
#550=ORIENTED_EDGE('',*,*,#1366,.F.);
#551=ORIENTED_EDGE('',*,*,#1110,.F.);
#552=ORIENTED_EDGE('',*,*,#1278,.T.);
#553=ORIENTED_EDGE('',*,*,#1111,.T.);
#554=ORIENTED_EDGE('',*,*,#1365,.F.);
#555=ORIENTED_EDGE('',*,*,#1111,.F.);
#556=ORIENTED_EDGE('',*,*,#1277,.T.);
#557=ORIENTED_EDGE('',*,*,#1112,.T.);
#558=ORIENTED_EDGE('',*,*,#1364,.F.);
#559=ORIENTED_EDGE('',*,*,#1112,.F.);
#560=ORIENTED_EDGE('',*,*,#1276,.T.);
#561=ORIENTED_EDGE('',*,*,#1113,.T.);
#562=ORIENTED_EDGE('',*,*,#1363,.F.);
#563=ORIENTED_EDGE('',*,*,#1113,.F.);
#564=ORIENTED_EDGE('',*,*,#1275,.T.);
#565=ORIENTED_EDGE('',*,*,#1114,.T.);
#566=ORIENTED_EDGE('',*,*,#1362,.F.);
#567=ORIENTED_EDGE('',*,*,#1114,.F.);
#568=ORIENTED_EDGE('',*,*,#1274,.T.);
#569=ORIENTED_EDGE('',*,*,#1115,.T.);
#570=ORIENTED_EDGE('',*,*,#1361,.F.);
#571=ORIENTED_EDGE('',*,*,#1115,.F.);
#572=ORIENTED_EDGE('',*,*,#1273,.T.);
#573=ORIENTED_EDGE('',*,*,#1116,.T.);
#574=ORIENTED_EDGE('',*,*,#1360,.F.);
#575=ORIENTED_EDGE('',*,*,#1116,.F.);
#576=ORIENTED_EDGE('',*,*,#1272,.T.);
#577=ORIENTED_EDGE('',*,*,#1117,.T.);
#578=ORIENTED_EDGE('',*,*,#1359,.F.);
#579=ORIENTED_EDGE('',*,*,#1117,.F.);
#580=ORIENTED_EDGE('',*,*,#1271,.T.);
#581=ORIENTED_EDGE('',*,*,#1118,.T.);
#582=ORIENTED_EDGE('',*,*,#1358,.F.);
#583=ORIENTED_EDGE('',*,*,#1118,.F.);
#584=ORIENTED_EDGE('',*,*,#1270,.T.);
#585=ORIENTED_EDGE('',*,*,#1119,.T.);
#586=ORIENTED_EDGE('',*,*,#1357,.F.);
#587=ORIENTED_EDGE('',*,*,#1119,.F.);
#588=ORIENTED_EDGE('',*,*,#1269,.T.);
#589=ORIENTED_EDGE('',*,*,#1120,.T.);
#590=ORIENTED_EDGE('',*,*,#1356,.F.);
#591=ORIENTED_EDGE('',*,*,#1120,.F.);
#592=ORIENTED_EDGE('',*,*,#1268,.T.);
#593=ORIENTED_EDGE('',*,*,#1121,.T.);
#594=ORIENTED_EDGE('',*,*,#1355,.F.);
#595=ORIENTED_EDGE('',*,*,#1121,.F.);
#596=ORIENTED_EDGE('',*,*,#1267,.T.);
#597=ORIENTED_EDGE('',*,*,#1122,.T.);
#598=ORIENTED_EDGE('',*,*,#1354,.F.);
#599=ORIENTED_EDGE('',*,*,#1122,.F.);
#600=ORIENTED_EDGE('',*,*,#1266,.T.);
#601=ORIENTED_EDGE('',*,*,#1123,.T.);
#602=ORIENTED_EDGE('',*,*,#1353,.F.);
#603=ORIENTED_EDGE('',*,*,#1123,.F.);
#604=ORIENTED_EDGE('',*,*,#1265,.T.);
#605=ORIENTED_EDGE('',*,*,#1124,.T.);
#606=ORIENTED_EDGE('',*,*,#1352,.F.);
#607=ORIENTED_EDGE('',*,*,#1124,.F.);
#608=ORIENTED_EDGE('',*,*,#1264,.T.);
#609=ORIENTED_EDGE('',*,*,#1125,.T.);
#610=ORIENTED_EDGE('',*,*,#1351,.F.);
#611=ORIENTED_EDGE('',*,*,#1125,.F.);
#612=ORIENTED_EDGE('',*,*,#1263,.T.);
#613=ORIENTED_EDGE('',*,*,#1126,.T.);
#614=ORIENTED_EDGE('',*,*,#1350,.F.);
#615=ORIENTED_EDGE('',*,*,#1126,.F.);
#616=ORIENTED_EDGE('',*,*,#1262,.T.);
#617=ORIENTED_EDGE('',*,*,#1127,.T.);
#618=ORIENTED_EDGE('',*,*,#1349,.F.);
#619=ORIENTED_EDGE('',*,*,#1127,.F.);
#620=ORIENTED_EDGE('',*,*,#1261,.T.);
#621=ORIENTED_EDGE('',*,*,#1128,.T.);
#622=ORIENTED_EDGE('',*,*,#1348,.F.);
#623=ORIENTED_EDGE('',*,*,#1128,.F.);
#624=ORIENTED_EDGE('',*,*,#1260,.T.);
#625=ORIENTED_EDGE('',*,*,#1129,.T.);
#626=ORIENTED_EDGE('',*,*,#1347,.F.);
#627=ORIENTED_EDGE('',*,*,#1129,.F.);
#628=ORIENTED_EDGE('',*,*,#1259,.T.);
#629=ORIENTED_EDGE('',*,*,#1130,.T.);
#630=ORIENTED_EDGE('',*,*,#1346,.F.);
#631=ORIENTED_EDGE('',*,*,#1130,.F.);
#632=ORIENTED_EDGE('',*,*,#1258,.T.);
#633=ORIENTED_EDGE('',*,*,#1131,.T.);
#634=ORIENTED_EDGE('',*,*,#1345,.F.);
#635=ORIENTED_EDGE('',*,*,#1131,.F.);
#636=ORIENTED_EDGE('',*,*,#1257,.T.);
#637=ORIENTED_EDGE('',*,*,#1132,.T.);
#638=ORIENTED_EDGE('',*,*,#1344,.F.);
#639=ORIENTED_EDGE('',*,*,#1132,.F.);
#640=ORIENTED_EDGE('',*,*,#1256,.T.);
#641=ORIENTED_EDGE('',*,*,#1133,.T.);
#642=ORIENTED_EDGE('',*,*,#1343,.F.);
#643=ORIENTED_EDGE('',*,*,#1133,.F.);
#644=ORIENTED_EDGE('',*,*,#1255,.T.);
#645=ORIENTED_EDGE('',*,*,#1134,.T.);
#646=ORIENTED_EDGE('',*,*,#1342,.F.);
#647=ORIENTED_EDGE('',*,*,#1134,.F.);
#648=ORIENTED_EDGE('',*,*,#1254,.T.);
#649=ORIENTED_EDGE('',*,*,#1135,.T.);
#650=ORIENTED_EDGE('',*,*,#1341,.F.);
#651=ORIENTED_EDGE('',*,*,#1135,.F.);
#652=ORIENTED_EDGE('',*,*,#1253,.T.);
#653=ORIENTED_EDGE('',*,*,#1136,.T.);
#654=ORIENTED_EDGE('',*,*,#1340,.F.);
#655=ORIENTED_EDGE('',*,*,#1136,.F.);
#656=ORIENTED_EDGE('',*,*,#1252,.T.);
#657=ORIENTED_EDGE('',*,*,#1137,.T.);
#658=ORIENTED_EDGE('',*,*,#1339,.F.);
#659=ORIENTED_EDGE('',*,*,#1137,.F.);
#660=ORIENTED_EDGE('',*,*,#1251,.T.);
#661=ORIENTED_EDGE('',*,*,#1138,.T.);
#662=ORIENTED_EDGE('',*,*,#1338,.F.);
#663=ORIENTED_EDGE('',*,*,#1138,.F.);
#664=ORIENTED_EDGE('',*,*,#1250,.T.);
#665=ORIENTED_EDGE('',*,*,#1139,.T.);
#666=ORIENTED_EDGE('',*,*,#1337,.F.);
#667=ORIENTED_EDGE('',*,*,#1139,.F.);
#668=ORIENTED_EDGE('',*,*,#1249,.T.);
#669=ORIENTED_EDGE('',*,*,#1140,.T.);
#670=ORIENTED_EDGE('',*,*,#1336,.F.);
#671=ORIENTED_EDGE('',*,*,#1140,.F.);
#672=ORIENTED_EDGE('',*,*,#1248,.T.);
#673=ORIENTED_EDGE('',*,*,#1141,.T.);
#674=ORIENTED_EDGE('',*,*,#1335,.F.);
#675=ORIENTED_EDGE('',*,*,#1141,.F.);
#676=ORIENTED_EDGE('',*,*,#1247,.T.);
#677=ORIENTED_EDGE('',*,*,#1142,.T.);
#678=ORIENTED_EDGE('',*,*,#1334,.F.);
#679=ORIENTED_EDGE('',*,*,#1142,.F.);
#680=ORIENTED_EDGE('',*,*,#1246,.T.);
#681=ORIENTED_EDGE('',*,*,#1143,.T.);
#682=ORIENTED_EDGE('',*,*,#1333,.F.);
#683=ORIENTED_EDGE('',*,*,#1143,.F.);
#684=ORIENTED_EDGE('',*,*,#1245,.T.);
#685=ORIENTED_EDGE('',*,*,#1144,.T.);
#686=ORIENTED_EDGE('',*,*,#1332,.F.);
#687=ORIENTED_EDGE('',*,*,#1144,.F.);
#688=ORIENTED_EDGE('',*,*,#1244,.T.);
#689=ORIENTED_EDGE('',*,*,#1145,.T.);
#690=ORIENTED_EDGE('',*,*,#1331,.F.);
#691=ORIENTED_EDGE('',*,*,#1145,.F.);
#692=ORIENTED_EDGE('',*,*,#1243,.T.);
#693=ORIENTED_EDGE('',*,*,#1146,.T.);
#694=ORIENTED_EDGE('',*,*,#1330,.F.);
#695=ORIENTED_EDGE('',*,*,#1146,.F.);
#696=ORIENTED_EDGE('',*,*,#1242,.T.);
#697=ORIENTED_EDGE('',*,*,#1147,.T.);
#698=ORIENTED_EDGE('',*,*,#1329,.F.);
#699=ORIENTED_EDGE('',*,*,#1147,.F.);
#700=ORIENTED_EDGE('',*,*,#1241,.T.);
#701=ORIENTED_EDGE('',*,*,#1148,.T.);
#702=ORIENTED_EDGE('',*,*,#1328,.F.);
#703=ORIENTED_EDGE('',*,*,#1148,.F.);
#704=ORIENTED_EDGE('',*,*,#1240,.T.);
#705=ORIENTED_EDGE('',*,*,#1149,.T.);
#706=ORIENTED_EDGE('',*,*,#1327,.F.);
#707=ORIENTED_EDGE('',*,*,#1149,.F.);
#708=ORIENTED_EDGE('',*,*,#1239,.T.);
#709=ORIENTED_EDGE('',*,*,#1150,.T.);
#710=ORIENTED_EDGE('',*,*,#1326,.F.);
#711=ORIENTED_EDGE('',*,*,#1150,.F.);
#712=ORIENTED_EDGE('',*,*,#1238,.T.);
#713=ORIENTED_EDGE('',*,*,#1151,.T.);
#714=ORIENTED_EDGE('',*,*,#1325,.F.);
#715=ORIENTED_EDGE('',*,*,#1151,.F.);
#716=ORIENTED_EDGE('',*,*,#1237,.T.);
#717=ORIENTED_EDGE('',*,*,#1152,.T.);
#718=ORIENTED_EDGE('',*,*,#1324,.F.);
#719=ORIENTED_EDGE('',*,*,#1152,.F.);
#720=ORIENTED_EDGE('',*,*,#1236,.T.);
#721=ORIENTED_EDGE('',*,*,#1153,.T.);
#722=ORIENTED_EDGE('',*,*,#1323,.F.);
#723=ORIENTED_EDGE('',*,*,#1153,.F.);
#724=ORIENTED_EDGE('',*,*,#1235,.T.);
#725=ORIENTED_EDGE('',*,*,#1154,.T.);
#726=ORIENTED_EDGE('',*,*,#1322,.F.);
#727=ORIENTED_EDGE('',*,*,#1154,.F.);
#728=ORIENTED_EDGE('',*,*,#1234,.T.);
#729=ORIENTED_EDGE('',*,*,#1155,.T.);
#730=ORIENTED_EDGE('',*,*,#1321,.F.);
#731=ORIENTED_EDGE('',*,*,#1155,.F.);
#732=ORIENTED_EDGE('',*,*,#1233,.T.);
#733=ORIENTED_EDGE('',*,*,#1156,.T.);
#734=ORIENTED_EDGE('',*,*,#1320,.F.);
#735=ORIENTED_EDGE('',*,*,#1156,.F.);
#736=ORIENTED_EDGE('',*,*,#1232,.T.);
#737=ORIENTED_EDGE('',*,*,#1157,.T.);
#738=ORIENTED_EDGE('',*,*,#1319,.F.);
#739=ORIENTED_EDGE('',*,*,#1157,.F.);
#740=ORIENTED_EDGE('',*,*,#1231,.T.);
#741=ORIENTED_EDGE('',*,*,#1158,.T.);
#742=ORIENTED_EDGE('',*,*,#1318,.F.);
#743=ORIENTED_EDGE('',*,*,#1158,.F.);
#744=ORIENTED_EDGE('',*,*,#1230,.T.);
#745=ORIENTED_EDGE('',*,*,#1159,.T.);
#746=ORIENTED_EDGE('',*,*,#1317,.F.);
#747=ORIENTED_EDGE('',*,*,#1159,.F.);
#748=ORIENTED_EDGE('',*,*,#1229,.T.);
#749=ORIENTED_EDGE('',*,*,#1160,.T.);
#750=ORIENTED_EDGE('',*,*,#1316,.F.);
#751=ORIENTED_EDGE('',*,*,#1160,.F.);
#752=ORIENTED_EDGE('',*,*,#1228,.T.);
#753=ORIENTED_EDGE('',*,*,#1161,.T.);
#754=ORIENTED_EDGE('',*,*,#1315,.F.);
#755=ORIENTED_EDGE('',*,*,#1161,.F.);
#756=ORIENTED_EDGE('',*,*,#1227,.T.);
#757=ORIENTED_EDGE('',*,*,#1162,.T.);
#758=ORIENTED_EDGE('',*,*,#1314,.F.);
#759=ORIENTED_EDGE('',*,*,#1162,.F.);
#760=ORIENTED_EDGE('',*,*,#1226,.T.);
#761=ORIENTED_EDGE('',*,*,#1163,.T.);
#762=ORIENTED_EDGE('',*,*,#1313,.F.);
#763=ORIENTED_EDGE('',*,*,#1163,.F.);
#764=ORIENTED_EDGE('',*,*,#1225,.T.);
#765=ORIENTED_EDGE('',*,*,#1164,.T.);
#766=ORIENTED_EDGE('',*,*,#1312,.F.);
#767=ORIENTED_EDGE('',*,*,#1164,.F.);
#768=ORIENTED_EDGE('',*,*,#1224,.T.);
#769=ORIENTED_EDGE('',*,*,#1165,.T.);
#770=ORIENTED_EDGE('',*,*,#1311,.F.);
#771=ORIENTED_EDGE('',*,*,#1165,.F.);
#772=ORIENTED_EDGE('',*,*,#1223,.T.);
#773=ORIENTED_EDGE('',*,*,#1166,.T.);
#774=ORIENTED_EDGE('',*,*,#1310,.F.);
#775=ORIENTED_EDGE('',*,*,#1166,.F.);
#776=ORIENTED_EDGE('',*,*,#1222,.T.);
#777=ORIENTED_EDGE('',*,*,#1167,.T.);
#778=ORIENTED_EDGE('',*,*,#1309,.F.);
#779=ORIENTED_EDGE('',*,*,#1167,.F.);
#780=ORIENTED_EDGE('',*,*,#1221,.T.);
#781=ORIENTED_EDGE('',*,*,#1168,.T.);
#782=ORIENTED_EDGE('',*,*,#1308,.F.);
#783=ORIENTED_EDGE('',*,*,#1168,.F.);
#784=ORIENTED_EDGE('',*,*,#1220,.T.);
#785=ORIENTED_EDGE('',*,*,#1169,.T.);
#786=ORIENTED_EDGE('',*,*,#1307,.F.);
#787=ORIENTED_EDGE('',*,*,#1169,.F.);
#788=ORIENTED_EDGE('',*,*,#1219,.T.);
#789=ORIENTED_EDGE('',*,*,#1170,.T.);
#790=ORIENTED_EDGE('',*,*,#1306,.F.);
#791=ORIENTED_EDGE('',*,*,#1170,.F.);
#792=ORIENTED_EDGE('',*,*,#1218,.T.);
#793=ORIENTED_EDGE('',*,*,#1171,.T.);
#794=ORIENTED_EDGE('',*,*,#1305,.F.);
#795=ORIENTED_EDGE('',*,*,#1171,.F.);
#796=ORIENTED_EDGE('',*,*,#1217,.T.);
#797=ORIENTED_EDGE('',*,*,#1172,.T.);
#798=ORIENTED_EDGE('',*,*,#1304,.F.);
#799=ORIENTED_EDGE('',*,*,#1172,.F.);
#800=ORIENTED_EDGE('',*,*,#1216,.T.);
#801=ORIENTED_EDGE('',*,*,#1173,.T.);
#802=ORIENTED_EDGE('',*,*,#1303,.F.);
#803=ORIENTED_EDGE('',*,*,#1173,.F.);
#804=ORIENTED_EDGE('',*,*,#1215,.T.);
#805=ORIENTED_EDGE('',*,*,#1174,.T.);
#806=ORIENTED_EDGE('',*,*,#1302,.F.);
#807=ORIENTED_EDGE('',*,*,#1174,.F.);
#808=ORIENTED_EDGE('',*,*,#1214,.T.);
#809=ORIENTED_EDGE('',*,*,#1175,.T.);
#810=ORIENTED_EDGE('',*,*,#1301,.F.);
#811=ORIENTED_EDGE('',*,*,#1175,.F.);
#812=ORIENTED_EDGE('',*,*,#1213,.T.);
#813=ORIENTED_EDGE('',*,*,#1176,.T.);
#814=ORIENTED_EDGE('',*,*,#1300,.F.);
#815=ORIENTED_EDGE('',*,*,#1176,.F.);
#816=ORIENTED_EDGE('',*,*,#1212,.T.);
#817=ORIENTED_EDGE('',*,*,#1177,.T.);
#818=ORIENTED_EDGE('',*,*,#1299,.F.);
#819=ORIENTED_EDGE('',*,*,#1177,.F.);
#820=ORIENTED_EDGE('',*,*,#1211,.T.);
#821=ORIENTED_EDGE('',*,*,#1178,.T.);
#822=ORIENTED_EDGE('',*,*,#1298,.F.);
#823=ORIENTED_EDGE('',*,*,#1178,.F.);
#824=ORIENTED_EDGE('',*,*,#1210,.T.);
#825=ORIENTED_EDGE('',*,*,#1179,.T.);
#826=ORIENTED_EDGE('',*,*,#1297,.F.);
#827=ORIENTED_EDGE('',*,*,#1179,.F.);
#828=ORIENTED_EDGE('',*,*,#1209,.T.);
#829=ORIENTED_EDGE('',*,*,#1180,.T.);
#830=ORIENTED_EDGE('',*,*,#1296,.F.);
#831=ORIENTED_EDGE('',*,*,#1180,.F.);
#832=ORIENTED_EDGE('',*,*,#1208,.T.);
#833=ORIENTED_EDGE('',*,*,#1181,.T.);
#834=ORIENTED_EDGE('',*,*,#1295,.F.);
#835=ORIENTED_EDGE('',*,*,#1181,.F.);
#836=ORIENTED_EDGE('',*,*,#1207,.T.);
#837=ORIENTED_EDGE('',*,*,#1182,.T.);
#838=ORIENTED_EDGE('',*,*,#1294,.F.);
#839=ORIENTED_EDGE('',*,*,#1182,.F.);
#840=ORIENTED_EDGE('',*,*,#1206,.T.);
#841=ORIENTED_EDGE('',*,*,#1183,.T.);
#842=ORIENTED_EDGE('',*,*,#1293,.F.);
#843=ORIENTED_EDGE('',*,*,#1183,.F.);
#844=ORIENTED_EDGE('',*,*,#1205,.T.);
#845=ORIENTED_EDGE('',*,*,#1184,.T.);
#846=ORIENTED_EDGE('',*,*,#1292,.F.);
#847=ORIENTED_EDGE('',*,*,#1184,.F.);
#848=ORIENTED_EDGE('',*,*,#1204,.T.);
#849=ORIENTED_EDGE('',*,*,#1185,.T.);
#850=ORIENTED_EDGE('',*,*,#1291,.F.);
#851=ORIENTED_EDGE('',*,*,#1185,.F.);
#852=ORIENTED_EDGE('',*,*,#1203,.T.);
#853=ORIENTED_EDGE('',*,*,#1186,.T.);
#854=ORIENTED_EDGE('',*,*,#1290,.F.);
#855=ORIENTED_EDGE('',*,*,#1186,.F.);
#856=ORIENTED_EDGE('',*,*,#1202,.T.);
#857=ORIENTED_EDGE('',*,*,#1187,.T.);
#858=ORIENTED_EDGE('',*,*,#1289,.F.);
#859=ORIENTED_EDGE('',*,*,#1187,.F.);
#860=ORIENTED_EDGE('',*,*,#1201,.T.);
#861=ORIENTED_EDGE('',*,*,#1188,.T.);
#862=ORIENTED_EDGE('',*,*,#1288,.F.);
#863=ORIENTED_EDGE('',*,*,#1188,.F.);
#864=ORIENTED_EDGE('',*,*,#1200,.T.);
#865=ORIENTED_EDGE('',*,*,#1189,.T.);
#866=ORIENTED_EDGE('',*,*,#1287,.F.);
#867=ORIENTED_EDGE('',*,*,#1189,.F.);
#868=ORIENTED_EDGE('',*,*,#1199,.T.);
#869=ORIENTED_EDGE('',*,*,#1190,.T.);
#870=ORIENTED_EDGE('',*,*,#1286,.F.);
#871=ORIENTED_EDGE('',*,*,#1190,.F.);
#872=ORIENTED_EDGE('',*,*,#1198,.T.);
#873=ORIENTED_EDGE('',*,*,#1191,.T.);
#874=ORIENTED_EDGE('',*,*,#1285,.F.);
#875=ORIENTED_EDGE('',*,*,#1191,.F.);
#876=ORIENTED_EDGE('',*,*,#1197,.T.);
#877=ORIENTED_EDGE('',*,*,#1192,.T.);
#878=ORIENTED_EDGE('',*,*,#1284,.F.);
#879=ORIENTED_EDGE('',*,*,#1192,.F.);
#880=ORIENTED_EDGE('',*,*,#1196,.T.);
#881=ORIENTED_EDGE('',*,*,#1193,.T.);
#882=ORIENTED_EDGE('',*,*,#1283,.F.);
#883=ORIENTED_EDGE('',*,*,#1193,.F.);
#884=ORIENTED_EDGE('',*,*,#1195,.T.);
#885=ORIENTED_EDGE('',*,*,#1194,.T.);
#886=ORIENTED_EDGE('',*,*,#1282,.F.);
#887=ORIENTED_EDGE('',*,*,#1195,.F.);
#888=ORIENTED_EDGE('',*,*,#1196,.F.);
#889=ORIENTED_EDGE('',*,*,#1197,.F.);
#890=ORIENTED_EDGE('',*,*,#1198,.F.);
#891=ORIENTED_EDGE('',*,*,#1199,.F.);
#892=ORIENTED_EDGE('',*,*,#1200,.F.);
#893=ORIENTED_EDGE('',*,*,#1201,.F.);
#894=ORIENTED_EDGE('',*,*,#1202,.F.);
#895=ORIENTED_EDGE('',*,*,#1203,.F.);
#896=ORIENTED_EDGE('',*,*,#1204,.F.);
#897=ORIENTED_EDGE('',*,*,#1205,.F.);
#898=ORIENTED_EDGE('',*,*,#1206,.F.);
#899=ORIENTED_EDGE('',*,*,#1207,.F.);
#900=ORIENTED_EDGE('',*,*,#1208,.F.);
#901=ORIENTED_EDGE('',*,*,#1209,.F.);
#902=ORIENTED_EDGE('',*,*,#1210,.F.);
#903=ORIENTED_EDGE('',*,*,#1211,.F.);
#904=ORIENTED_EDGE('',*,*,#1212,.F.);
#905=ORIENTED_EDGE('',*,*,#1213,.F.);
#906=ORIENTED_EDGE('',*,*,#1214,.F.);
#907=ORIENTED_EDGE('',*,*,#1215,.F.);
#908=ORIENTED_EDGE('',*,*,#1216,.F.);
#909=ORIENTED_EDGE('',*,*,#1217,.F.);
#910=ORIENTED_EDGE('',*,*,#1218,.F.);
#911=ORIENTED_EDGE('',*,*,#1219,.F.);
#912=ORIENTED_EDGE('',*,*,#1220,.F.);
#913=ORIENTED_EDGE('',*,*,#1221,.F.);
#914=ORIENTED_EDGE('',*,*,#1222,.F.);
#915=ORIENTED_EDGE('',*,*,#1223,.F.);
#916=ORIENTED_EDGE('',*,*,#1224,.F.);
#917=ORIENTED_EDGE('',*,*,#1225,.F.);
#918=ORIENTED_EDGE('',*,*,#1226,.F.);
#919=ORIENTED_EDGE('',*,*,#1227,.F.);
#920=ORIENTED_EDGE('',*,*,#1228,.F.);
#921=ORIENTED_EDGE('',*,*,#1229,.F.);
#922=ORIENTED_EDGE('',*,*,#1230,.F.);
#923=ORIENTED_EDGE('',*,*,#1231,.F.);
#924=ORIENTED_EDGE('',*,*,#1232,.F.);
#925=ORIENTED_EDGE('',*,*,#1233,.F.);
#926=ORIENTED_EDGE('',*,*,#1234,.F.);
#927=ORIENTED_EDGE('',*,*,#1235,.F.);
#928=ORIENTED_EDGE('',*,*,#1236,.F.);
#929=ORIENTED_EDGE('',*,*,#1237,.F.);
#930=ORIENTED_EDGE('',*,*,#1238,.F.);
#931=ORIENTED_EDGE('',*,*,#1239,.F.);
#932=ORIENTED_EDGE('',*,*,#1240,.F.);
#933=ORIENTED_EDGE('',*,*,#1241,.F.);
#934=ORIENTED_EDGE('',*,*,#1242,.F.);
#935=ORIENTED_EDGE('',*,*,#1243,.F.);
#936=ORIENTED_EDGE('',*,*,#1244,.F.);
#937=ORIENTED_EDGE('',*,*,#1245,.F.);
#938=ORIENTED_EDGE('',*,*,#1246,.F.);
#939=ORIENTED_EDGE('',*,*,#1247,.F.);
#940=ORIENTED_EDGE('',*,*,#1248,.F.);
#941=ORIENTED_EDGE('',*,*,#1249,.F.);
#942=ORIENTED_EDGE('',*,*,#1250,.F.);
#943=ORIENTED_EDGE('',*,*,#1251,.F.);
#944=ORIENTED_EDGE('',*,*,#1252,.F.);
#945=ORIENTED_EDGE('',*,*,#1253,.F.);
#946=ORIENTED_EDGE('',*,*,#1254,.F.);
#947=ORIENTED_EDGE('',*,*,#1255,.F.);
#948=ORIENTED_EDGE('',*,*,#1256,.F.);
#949=ORIENTED_EDGE('',*,*,#1257,.F.);
#950=ORIENTED_EDGE('',*,*,#1258,.F.);
#951=ORIENTED_EDGE('',*,*,#1259,.F.);
#952=ORIENTED_EDGE('',*,*,#1260,.F.);
#953=ORIENTED_EDGE('',*,*,#1261,.F.);
#954=ORIENTED_EDGE('',*,*,#1262,.F.);
#955=ORIENTED_EDGE('',*,*,#1263,.F.);
#956=ORIENTED_EDGE('',*,*,#1264,.F.);
#957=ORIENTED_EDGE('',*,*,#1265,.F.);
#958=ORIENTED_EDGE('',*,*,#1266,.F.);
#959=ORIENTED_EDGE('',*,*,#1267,.F.);
#960=ORIENTED_EDGE('',*,*,#1268,.F.);
#961=ORIENTED_EDGE('',*,*,#1269,.F.);
#962=ORIENTED_EDGE('',*,*,#1270,.F.);
#963=ORIENTED_EDGE('',*,*,#1271,.F.);
#964=ORIENTED_EDGE('',*,*,#1272,.F.);
#965=ORIENTED_EDGE('',*,*,#1273,.F.);
#966=ORIENTED_EDGE('',*,*,#1274,.F.);
#967=ORIENTED_EDGE('',*,*,#1275,.F.);
#968=ORIENTED_EDGE('',*,*,#1276,.F.);
#969=ORIENTED_EDGE('',*,*,#1277,.F.);
#970=ORIENTED_EDGE('',*,*,#1278,.F.);
#971=ORIENTED_EDGE('',*,*,#1279,.F.);
#972=ORIENTED_EDGE('',*,*,#1280,.F.);
#973=ORIENTED_EDGE('',*,*,#1281,.F.);
#974=ORIENTED_EDGE('',*,*,#1370,.T.);
#975=ORIENTED_EDGE('',*,*,#1369,.T.);
#976=ORIENTED_EDGE('',*,*,#1368,.T.);
#977=ORIENTED_EDGE('',*,*,#1367,.T.);
#978=ORIENTED_EDGE('',*,*,#1366,.T.);
#979=ORIENTED_EDGE('',*,*,#1365,.T.);
#980=ORIENTED_EDGE('',*,*,#1364,.T.);
#981=ORIENTED_EDGE('',*,*,#1363,.T.);
#982=ORIENTED_EDGE('',*,*,#1362,.T.);
#983=ORIENTED_EDGE('',*,*,#1361,.T.);
#984=ORIENTED_EDGE('',*,*,#1360,.T.);
#985=ORIENTED_EDGE('',*,*,#1359,.T.);
#986=ORIENTED_EDGE('',*,*,#1358,.T.);
#987=ORIENTED_EDGE('',*,*,#1357,.T.);
#988=ORIENTED_EDGE('',*,*,#1356,.T.);
#989=ORIENTED_EDGE('',*,*,#1355,.T.);
#990=ORIENTED_EDGE('',*,*,#1354,.T.);
#991=ORIENTED_EDGE('',*,*,#1353,.T.);
#992=ORIENTED_EDGE('',*,*,#1352,.T.);
#993=ORIENTED_EDGE('',*,*,#1351,.T.);
#994=ORIENTED_EDGE('',*,*,#1350,.T.);
#995=ORIENTED_EDGE('',*,*,#1349,.T.);
#996=ORIENTED_EDGE('',*,*,#1348,.T.);
#997=ORIENTED_EDGE('',*,*,#1347,.T.);
#998=ORIENTED_EDGE('',*,*,#1346,.T.);
#999=ORIENTED_EDGE('',*,*,#1345,.T.);
#1000=ORIENTED_EDGE('',*,*,#1344,.T.);
#1001=ORIENTED_EDGE('',*,*,#1343,.T.);
#1002=ORIENTED_EDGE('',*,*,#1342,.T.);
#1003=ORIENTED_EDGE('',*,*,#1341,.T.);
#1004=ORIENTED_EDGE('',*,*,#1340,.T.);
#1005=ORIENTED_EDGE('',*,*,#1339,.T.);
#1006=ORIENTED_EDGE('',*,*,#1338,.T.);
#1007=ORIENTED_EDGE('',*,*,#1337,.T.);
#1008=ORIENTED_EDGE('',*,*,#1336,.T.);
#1009=ORIENTED_EDGE('',*,*,#1335,.T.);
#1010=ORIENTED_EDGE('',*,*,#1334,.T.);
#1011=ORIENTED_EDGE('',*,*,#1333,.T.);
#1012=ORIENTED_EDGE('',*,*,#1332,.T.);
#1013=ORIENTED_EDGE('',*,*,#1331,.T.);
#1014=ORIENTED_EDGE('',*,*,#1330,.T.);
#1015=ORIENTED_EDGE('',*,*,#1329,.T.);
#1016=ORIENTED_EDGE('',*,*,#1328,.T.);
#1017=ORIENTED_EDGE('',*,*,#1327,.T.);
#1018=ORIENTED_EDGE('',*,*,#1326,.T.);
#1019=ORIENTED_EDGE('',*,*,#1325,.T.);
#1020=ORIENTED_EDGE('',*,*,#1324,.T.);
#1021=ORIENTED_EDGE('',*,*,#1323,.T.);
#1022=ORIENTED_EDGE('',*,*,#1322,.T.);
#1023=ORIENTED_EDGE('',*,*,#1321,.T.);
#1024=ORIENTED_EDGE('',*,*,#1320,.T.);
#1025=ORIENTED_EDGE('',*,*,#1319,.T.);
#1026=ORIENTED_EDGE('',*,*,#1318,.T.);
#1027=ORIENTED_EDGE('',*,*,#1317,.T.);
#1028=ORIENTED_EDGE('',*,*,#1316,.T.);
#1029=ORIENTED_EDGE('',*,*,#1315,.T.);
#1030=ORIENTED_EDGE('',*,*,#1314,.T.);
#1031=ORIENTED_EDGE('',*,*,#1313,.T.);
#1032=ORIENTED_EDGE('',*,*,#1312,.T.);
#1033=ORIENTED_EDGE('',*,*,#1311,.T.);
#1034=ORIENTED_EDGE('',*,*,#1310,.T.);
#1035=ORIENTED_EDGE('',*,*,#1309,.T.);
#1036=ORIENTED_EDGE('',*,*,#1308,.T.);
#1037=ORIENTED_EDGE('',*,*,#1307,.T.);
#1038=ORIENTED_EDGE('',*,*,#1306,.T.);
#1039=ORIENTED_EDGE('',*,*,#1305,.T.);
#1040=ORIENTED_EDGE('',*,*,#1304,.T.);
#1041=ORIENTED_EDGE('',*,*,#1303,.T.);
#1042=ORIENTED_EDGE('',*,*,#1302,.T.);
#1043=ORIENTED_EDGE('',*,*,#1301,.T.);
#1044=ORIENTED_EDGE('',*,*,#1300,.T.);
#1045=ORIENTED_EDGE('',*,*,#1299,.T.);
#1046=ORIENTED_EDGE('',*,*,#1298,.T.);
#1047=ORIENTED_EDGE('',*,*,#1297,.T.);
#1048=ORIENTED_EDGE('',*,*,#1296,.T.);
#1049=ORIENTED_EDGE('',*,*,#1295,.T.);
#1050=ORIENTED_EDGE('',*,*,#1294,.T.);
#1051=ORIENTED_EDGE('',*,*,#1293,.T.);
#1052=ORIENTED_EDGE('',*,*,#1292,.T.);
#1053=ORIENTED_EDGE('',*,*,#1291,.T.);
#1054=ORIENTED_EDGE('',*,*,#1290,.T.);
#1055=ORIENTED_EDGE('',*,*,#1289,.T.);
#1056=ORIENTED_EDGE('',*,*,#1288,.T.);
#1057=ORIENTED_EDGE('',*,*,#1287,.T.);
#1058=ORIENTED_EDGE('',*,*,#1286,.T.);
#1059=ORIENTED_EDGE('',*,*,#1285,.T.);
#1060=ORIENTED_EDGE('',*,*,#1284,.T.);
#1061=ORIENTED_EDGE('',*,*,#1283,.T.);
#1062=ORIENTED_EDGE('',*,*,#1382,.F.);
#1063=ORIENTED_EDGE('',*,*,#1374,.F.);
#1064=ORIENTED_EDGE('',*,*,#1378,.T.);
#1065=ORIENTED_EDGE('',*,*,#1371,.T.);
#1066=ORIENTED_EDGE('',*,*,#1381,.F.);
#1067=ORIENTED_EDGE('',*,*,#1371,.F.);
#1068=ORIENTED_EDGE('',*,*,#1377,.T.);
#1069=ORIENTED_EDGE('',*,*,#1372,.T.);
#1070=ORIENTED_EDGE('',*,*,#1380,.F.);
#1071=ORIENTED_EDGE('',*,*,#1372,.F.);
#1072=ORIENTED_EDGE('',*,*,#1376,.T.);
#1073=ORIENTED_EDGE('',*,*,#1373,.T.);
#1074=ORIENTED_EDGE('',*,*,#1379,.F.);
#1075=ORIENTED_EDGE('',*,*,#1373,.F.);
#1076=ORIENTED_EDGE('',*,*,#1375,.T.);
#1077=ORIENTED_EDGE('',*,*,#1374,.T.);
#1078=ORIENTED_EDGE('',*,*,#1378,.F.);
#1079=ORIENTED_EDGE('',*,*,#1375,.F.);
#1080=ORIENTED_EDGE('',*,*,#1376,.F.);
#1081=ORIENTED_EDGE('',*,*,#1377,.F.);
#1082=ORIENTED_EDGE('',*,*,#1382,.T.);
#1083=ORIENTED_EDGE('',*,*,#1381,.T.);
#1084=ORIENTED_EDGE('',*,*,#1380,.T.);
#1085=ORIENTED_EDGE('',*,*,#1379,.T.);
#1086=ORIENTED_EDGE('',*,*,#1388,.F.);
#1087=ORIENTED_EDGE('',*,*,#1384,.F.);
#1088=ORIENTED_EDGE('',*,*,#1386,.T.);
#1089=ORIENTED_EDGE('',*,*,#1383,.T.);
#1090=ORIENTED_EDGE('',*,*,#1387,.F.);
#1091=ORIENTED_EDGE('',*,*,#1383,.F.);
#1092=ORIENTED_EDGE('',*,*,#1385,.T.);
#1093=ORIENTED_EDGE('',*,*,#1384,.T.);
#1094=ORIENTED_EDGE('',*,*,#1386,.F.);
#1095=ORIENTED_EDGE('',*,*,#1385,.F.);
#1096=ORIENTED_EDGE('',*,*,#1388,.T.);
#1097=ORIENTED_EDGE('',*,*,#1387,.T.);
#1098=CYLINDRICAL_SURFACE('',#2136,5.00000000000382);
#1099=CYLINDRICAL_SURFACE('',#2138,4.99999999999181);
#1100=CYLINDRICAL_SURFACE('',#2235,15.9999999999986);
#1101=CIRCLE('',#2132,4.99999999999181);
#1102=CIRCLE('',#2133,5.00000000000382);
#1103=CIRCLE('',#2134,4.99999999999181);
#1104=CIRCLE('',#2135,5.00000000000382);
#1105=CIRCLE('',#2232,15.9999999999986);
#1106=CIRCLE('',#2233,15.9999999999986);
#1107=EDGE_CURVE('',#2028,#2116,#1389,.T.);
#1108=EDGE_CURVE('',#2027,#2115,#1390,.T.);
#1109=EDGE_CURVE('',#2026,#2114,#1391,.T.);
#1110=EDGE_CURVE('',#2025,#2113,#1392,.T.);
#1111=EDGE_CURVE('',#2024,#2112,#1393,.T.);
#1112=EDGE_CURVE('',#2023,#2111,#1394,.T.);
#1113=EDGE_CURVE('',#2022,#2110,#1395,.T.);
#1114=EDGE_CURVE('',#2021,#2109,#1396,.T.);
#1115=EDGE_CURVE('',#2020,#2108,#1397,.T.);
#1116=EDGE_CURVE('',#2019,#2107,#1398,.T.);
#1117=EDGE_CURVE('',#2018,#2106,#1399,.T.);
#1118=EDGE_CURVE('',#2017,#2105,#1400,.T.);
#1119=EDGE_CURVE('',#2016,#2104,#1401,.T.);
#1120=EDGE_CURVE('',#2015,#2103,#1402,.T.);
#1121=EDGE_CURVE('',#2014,#2102,#1403,.T.);
#1122=EDGE_CURVE('',#2013,#2101,#1404,.T.);
#1123=EDGE_CURVE('',#2012,#2100,#1405,.T.);
#1124=EDGE_CURVE('',#2011,#2099,#1406,.T.);
#1125=EDGE_CURVE('',#2010,#2098,#1407,.T.);
#1126=EDGE_CURVE('',#2009,#2097,#1408,.T.);
#1127=EDGE_CURVE('',#2008,#2096,#1409,.T.);
#1128=EDGE_CURVE('',#2007,#2095,#1410,.T.);
#1129=EDGE_CURVE('',#2006,#2094,#1411,.T.);
#1130=EDGE_CURVE('',#2005,#2093,#1412,.T.);
#1131=EDGE_CURVE('',#2004,#2092,#1413,.T.);
#1132=EDGE_CURVE('',#2003,#2091,#1414,.T.);
#1133=EDGE_CURVE('',#2002,#2090,#1415,.T.);
#1134=EDGE_CURVE('',#2001,#2089,#1416,.T.);
#1135=EDGE_CURVE('',#2000,#2088,#1417,.T.);
#1136=EDGE_CURVE('',#1999,#2087,#1418,.T.);
#1137=EDGE_CURVE('',#1998,#2086,#1419,.T.);
#1138=EDGE_CURVE('',#1997,#2085,#1420,.T.);
#1139=EDGE_CURVE('',#1996,#2084,#1421,.T.);
#1140=EDGE_CURVE('',#1995,#2083,#1422,.T.);
#1141=EDGE_CURVE('',#1994,#2082,#1423,.T.);
#1142=EDGE_CURVE('',#1993,#2081,#1424,.T.);
#1143=EDGE_CURVE('',#1992,#2080,#1425,.T.);
#1144=EDGE_CURVE('',#1991,#2079,#1426,.T.);
#1145=EDGE_CURVE('',#1990,#2078,#1427,.T.);
#1146=EDGE_CURVE('',#1989,#2077,#1428,.T.);
#1147=EDGE_CURVE('',#1988,#2076,#1429,.T.);
#1148=EDGE_CURVE('',#1987,#2075,#1430,.T.);
#1149=EDGE_CURVE('',#1986,#2074,#1431,.T.);
#1150=EDGE_CURVE('',#1985,#2073,#1432,.T.);
#1151=EDGE_CURVE('',#1984,#2072,#1433,.T.);
#1152=EDGE_CURVE('',#1983,#2071,#1434,.T.);
#1153=EDGE_CURVE('',#1982,#2070,#1435,.T.);
#1154=EDGE_CURVE('',#1981,#2069,#1436,.T.);
#1155=EDGE_CURVE('',#1980,#2068,#1437,.T.);
#1156=EDGE_CURVE('',#1979,#2067,#1438,.T.);
#1157=EDGE_CURVE('',#1978,#2066,#1439,.T.);
#1158=EDGE_CURVE('',#1977,#2065,#1440,.T.);
#1159=EDGE_CURVE('',#1976,#2064,#1441,.T.);
#1160=EDGE_CURVE('',#1975,#2063,#1442,.T.);
#1161=EDGE_CURVE('',#1974,#2062,#1443,.T.);
#1162=EDGE_CURVE('',#1973,#2061,#1444,.T.);
#1163=EDGE_CURVE('',#1972,#2060,#1445,.T.);
#1164=EDGE_CURVE('',#1971,#2059,#1446,.T.);
#1165=EDGE_CURVE('',#1970,#2058,#1447,.T.);
#1166=EDGE_CURVE('',#1969,#2057,#1448,.T.);
#1167=EDGE_CURVE('',#1968,#2056,#1449,.T.);
#1168=EDGE_CURVE('',#1967,#2055,#1450,.T.);
#1169=EDGE_CURVE('',#1966,#2054,#1451,.T.);
#1170=EDGE_CURVE('',#1965,#2053,#1452,.T.);
#1171=EDGE_CURVE('',#1964,#2052,#1453,.T.);
#1172=EDGE_CURVE('',#1963,#2051,#1454,.T.);
#1173=EDGE_CURVE('',#1962,#2050,#1455,.T.);
#1174=EDGE_CURVE('',#1961,#2049,#1456,.T.);
#1175=EDGE_CURVE('',#1960,#2048,#1457,.T.);
#1176=EDGE_CURVE('',#1959,#2047,#1458,.T.);
#1177=EDGE_CURVE('',#1958,#2046,#1459,.T.);
#1178=EDGE_CURVE('',#1957,#2045,#1460,.T.);
#1179=EDGE_CURVE('',#1956,#2044,#1461,.T.);
#1180=EDGE_CURVE('',#1955,#2043,#1462,.T.);
#1181=EDGE_CURVE('',#1954,#2042,#1463,.T.);
#1182=EDGE_CURVE('',#1953,#2041,#1464,.T.);
#1183=EDGE_CURVE('',#1952,#2040,#1465,.T.);
#1184=EDGE_CURVE('',#1951,#2039,#1466,.T.);
#1185=EDGE_CURVE('',#1950,#2038,#1467,.T.);
#1186=EDGE_CURVE('',#1949,#2037,#1468,.T.);
#1187=EDGE_CURVE('',#1948,#2036,#1469,.T.);
#1188=EDGE_CURVE('',#1947,#2035,#1470,.T.);
#1189=EDGE_CURVE('',#1946,#2034,#1471,.T.);
#1190=EDGE_CURVE('',#1945,#2033,#1472,.T.);
#1191=EDGE_CURVE('',#1944,#2032,#1473,.T.);
#1192=EDGE_CURVE('',#1943,#2031,#1474,.T.);
#1193=EDGE_CURVE('',#1942,#2030,#1475,.T.);
#1194=EDGE_CURVE('',#1941,#2029,#1476,.T.);
#1195=EDGE_CURVE('',#1942,#1941,#1477,.T.);
#1196=EDGE_CURVE('',#1943,#1942,#1478,.T.);
#1197=EDGE_CURVE('',#1944,#1943,#1479,.T.);
#1198=EDGE_CURVE('',#1945,#1944,#1480,.T.);
#1199=EDGE_CURVE('',#1946,#1945,#1481,.T.);
#1200=EDGE_CURVE('',#1947,#1946,#1482,.T.);
#1201=EDGE_CURVE('',#1948,#1947,#1483,.T.);
#1202=EDGE_CURVE('',#1949,#1948,#1484,.T.);
#1203=EDGE_CURVE('',#1950,#1949,#1485,.T.);
#1204=EDGE_CURVE('',#1951,#1950,#1486,.T.);
#1205=EDGE_CURVE('',#1952,#1951,#1487,.T.);
#1206=EDGE_CURVE('',#1953,#1952,#1488,.T.);
#1207=EDGE_CURVE('',#1954,#1953,#1489,.T.);
#1208=EDGE_CURVE('',#1955,#1954,#1490,.T.);
#1209=EDGE_CURVE('',#1956,#1955,#1491,.T.);
#1210=EDGE_CURVE('',#1957,#1956,#1492,.T.);
#1211=EDGE_CURVE('',#1958,#1957,#1493,.T.);
#1212=EDGE_CURVE('',#1959,#1958,#1494,.T.);
#1213=EDGE_CURVE('',#1960,#1959,#1495,.T.);
#1214=EDGE_CURVE('',#1961,#1960,#1496,.T.);
#1215=EDGE_CURVE('',#1962,#1961,#1497,.T.);
#1216=EDGE_CURVE('',#1963,#1962,#1498,.T.);
#1217=EDGE_CURVE('',#1964,#1963,#1499,.T.);
#1218=EDGE_CURVE('',#1965,#1964,#1500,.T.);
#1219=EDGE_CURVE('',#1966,#1965,#1501,.T.);
#1220=EDGE_CURVE('',#1967,#1966,#1502,.T.);
#1221=EDGE_CURVE('',#1968,#1967,#1503,.T.);
#1222=EDGE_CURVE('',#1969,#1968,#1504,.T.);
#1223=EDGE_CURVE('',#1970,#1969,#1505,.T.);
#1224=EDGE_CURVE('',#1971,#1970,#1506,.T.);
#1225=EDGE_CURVE('',#1972,#1971,#1507,.T.);
#1226=EDGE_CURVE('',#1973,#1972,#1508,.T.);
#1227=EDGE_CURVE('',#1974,#1973,#1509,.T.);
#1228=EDGE_CURVE('',#1975,#1974,#1510,.T.);
#1229=EDGE_CURVE('',#1976,#1975,#1511,.T.);
#1230=EDGE_CURVE('',#1977,#1976,#1512,.T.);
#1231=EDGE_CURVE('',#1978,#1977,#1513,.T.);
#1232=EDGE_CURVE('',#1979,#1978,#1514,.T.);
#1233=EDGE_CURVE('',#1980,#1979,#1515,.T.);
#1234=EDGE_CURVE('',#1981,#1980,#1516,.T.);
#1235=EDGE_CURVE('',#1982,#1981,#1517,.T.);
#1236=EDGE_CURVE('',#1983,#1982,#1518,.T.);
#1237=EDGE_CURVE('',#1984,#1983,#1519,.T.);
#1238=EDGE_CURVE('',#1985,#1984,#1520,.T.);
#1239=EDGE_CURVE('',#1986,#1985,#1521,.T.);
#1240=EDGE_CURVE('',#1987,#1986,#1522,.T.);
#1241=EDGE_CURVE('',#1988,#1987,#1523,.T.);
#1242=EDGE_CURVE('',#1989,#1988,#1524,.T.);
#1243=EDGE_CURVE('',#1990,#1989,#1525,.T.);
#1244=EDGE_CURVE('',#1991,#1990,#1526,.T.);
#1245=EDGE_CURVE('',#1992,#1991,#1527,.T.);
#1246=EDGE_CURVE('',#1993,#1992,#1528,.T.);
#1247=EDGE_CURVE('',#1994,#1993,#1529,.T.);
#1248=EDGE_CURVE('',#1995,#1994,#1530,.T.);
#1249=EDGE_CURVE('',#1996,#1995,#1531,.T.);
#1250=EDGE_CURVE('',#1997,#1996,#1532,.T.);
#1251=EDGE_CURVE('',#1998,#1997,#1533,.T.);
#1252=EDGE_CURVE('',#1999,#1998,#1534,.T.);
#1253=EDGE_CURVE('',#2000,#1999,#1535,.T.);
#1254=EDGE_CURVE('',#2001,#2000,#1536,.T.);
#1255=EDGE_CURVE('',#2002,#2001,#1537,.T.);
#1256=EDGE_CURVE('',#2003,#2002,#1538,.T.);
#1257=EDGE_CURVE('',#2004,#2003,#1539,.T.);
#1258=EDGE_CURVE('',#2005,#2004,#1540,.T.);
#1259=EDGE_CURVE('',#2006,#2005,#1541,.T.);
#1260=EDGE_CURVE('',#2007,#2006,#1542,.T.);
#1261=EDGE_CURVE('',#2008,#2007,#1543,.T.);
#1262=EDGE_CURVE('',#2009,#2008,#1544,.T.);
#1263=EDGE_CURVE('',#2010,#2009,#1545,.T.);
#1264=EDGE_CURVE('',#2011,#2010,#1546,.T.);
#1265=EDGE_CURVE('',#2012,#2011,#1547,.T.);
#1266=EDGE_CURVE('',#2013,#2012,#1548,.T.);
#1267=EDGE_CURVE('',#2014,#2013,#1549,.T.);
#1268=EDGE_CURVE('',#2015,#2014,#1550,.T.);
#1269=EDGE_CURVE('',#2016,#2015,#1551,.T.);
#1270=EDGE_CURVE('',#2017,#2016,#1552,.T.);
#1271=EDGE_CURVE('',#2018,#2017,#1553,.T.);
#1272=EDGE_CURVE('',#2019,#2018,#1554,.T.);
#1273=EDGE_CURVE('',#2020,#2019,#1555,.T.);
#1274=EDGE_CURVE('',#2021,#2020,#1556,.T.);
#1275=EDGE_CURVE('',#2022,#2021,#1557,.T.);
#1276=EDGE_CURVE('',#2023,#2022,#1558,.T.);
#1277=EDGE_CURVE('',#2024,#2023,#1559,.T.);
#1278=EDGE_CURVE('',#2025,#2024,#1560,.T.);
#1279=EDGE_CURVE('',#2026,#2025,#1561,.T.);
#1280=EDGE_CURVE('',#2027,#2026,#1101,.T.);
#1281=EDGE_CURVE('',#2028,#2027,#1562,.T.);
#1282=EDGE_CURVE('',#1941,#2028,#1102,.T.);
#1283=EDGE_CURVE('',#2030,#2029,#1563,.T.);
#1284=EDGE_CURVE('',#2031,#2030,#1564,.T.);
#1285=EDGE_CURVE('',#2032,#2031,#1565,.T.);
#1286=EDGE_CURVE('',#2033,#2032,#1566,.T.);
#1287=EDGE_CURVE('',#2034,#2033,#1567,.T.);
#1288=EDGE_CURVE('',#2035,#2034,#1568,.T.);
#1289=EDGE_CURVE('',#2036,#2035,#1569,.T.);
#1290=EDGE_CURVE('',#2037,#2036,#1570,.T.);
#1291=EDGE_CURVE('',#2038,#2037,#1571,.T.);
#1292=EDGE_CURVE('',#2039,#2038,#1572,.T.);
#1293=EDGE_CURVE('',#2040,#2039,#1573,.T.);
#1294=EDGE_CURVE('',#2041,#2040,#1574,.T.);
#1295=EDGE_CURVE('',#2042,#2041,#1575,.T.);
#1296=EDGE_CURVE('',#2043,#2042,#1576,.T.);
#1297=EDGE_CURVE('',#2044,#2043,#1577,.T.);
#1298=EDGE_CURVE('',#2045,#2044,#1578,.T.);
#1299=EDGE_CURVE('',#2046,#2045,#1579,.T.);
#1300=EDGE_CURVE('',#2047,#2046,#1580,.T.);
#1301=EDGE_CURVE('',#2048,#2047,#1581,.T.);
#1302=EDGE_CURVE('',#2049,#2048,#1582,.T.);
#1303=EDGE_CURVE('',#2050,#2049,#1583,.T.);
#1304=EDGE_CURVE('',#2051,#2050,#1584,.T.);
#1305=EDGE_CURVE('',#2052,#2051,#1585,.T.);
#1306=EDGE_CURVE('',#2053,#2052,#1586,.T.);
#1307=EDGE_CURVE('',#2054,#2053,#1587,.T.);
#1308=EDGE_CURVE('',#2055,#2054,#1588,.T.);
#1309=EDGE_CURVE('',#2056,#2055,#1589,.T.);
#1310=EDGE_CURVE('',#2057,#2056,#1590,.T.);
#1311=EDGE_CURVE('',#2058,#2057,#1591,.T.);
#1312=EDGE_CURVE('',#2059,#2058,#1592,.T.);
#1313=EDGE_CURVE('',#2060,#2059,#1593,.T.);
#1314=EDGE_CURVE('',#2061,#2060,#1594,.T.);
#1315=EDGE_CURVE('',#2062,#2061,#1595,.T.);
#1316=EDGE_CURVE('',#2063,#2062,#1596,.T.);
#1317=EDGE_CURVE('',#2064,#2063,#1597,.T.);
#1318=EDGE_CURVE('',#2065,#2064,#1598,.T.);
#1319=EDGE_CURVE('',#2066,#2065,#1599,.T.);
#1320=EDGE_CURVE('',#2067,#2066,#1600,.T.);
#1321=EDGE_CURVE('',#2068,#2067,#1601,.T.);
#1322=EDGE_CURVE('',#2069,#2068,#1602,.T.);
#1323=EDGE_CURVE('',#2070,#2069,#1603,.T.);
#1324=EDGE_CURVE('',#2071,#2070,#1604,.T.);
#1325=EDGE_CURVE('',#2072,#2071,#1605,.T.);
#1326=EDGE_CURVE('',#2073,#2072,#1606,.T.);
#1327=EDGE_CURVE('',#2074,#2073,#1607,.T.);
#1328=EDGE_CURVE('',#2075,#2074,#1608,.T.);
#1329=EDGE_CURVE('',#2076,#2075,#1609,.T.);
#1330=EDGE_CURVE('',#2077,#2076,#1610,.T.);
#1331=EDGE_CURVE('',#2078,#2077,#1611,.T.);
#1332=EDGE_CURVE('',#2079,#2078,#1612,.T.);
#1333=EDGE_CURVE('',#2080,#2079,#1613,.T.);
#1334=EDGE_CURVE('',#2081,#2080,#1614,.T.);
#1335=EDGE_CURVE('',#2082,#2081,#1615,.T.);
#1336=EDGE_CURVE('',#2083,#2082,#1616,.T.);
#1337=EDGE_CURVE('',#2084,#2083,#1617,.T.);
#1338=EDGE_CURVE('',#2085,#2084,#1618,.T.);
#1339=EDGE_CURVE('',#2086,#2085,#1619,.T.);
#1340=EDGE_CURVE('',#2087,#2086,#1620,.T.);
#1341=EDGE_CURVE('',#2088,#2087,#1621,.T.);
#1342=EDGE_CURVE('',#2089,#2088,#1622,.T.);
#1343=EDGE_CURVE('',#2090,#2089,#1623,.T.);
#1344=EDGE_CURVE('',#2091,#2090,#1624,.T.);
#1345=EDGE_CURVE('',#2092,#2091,#1625,.T.);
#1346=EDGE_CURVE('',#2093,#2092,#1626,.T.);
#1347=EDGE_CURVE('',#2094,#2093,#1627,.T.);
#1348=EDGE_CURVE('',#2095,#2094,#1628,.T.);
#1349=EDGE_CURVE('',#2096,#2095,#1629,.T.);
#1350=EDGE_CURVE('',#2097,#2096,#1630,.T.);
#1351=EDGE_CURVE('',#2098,#2097,#1631,.T.);
#1352=EDGE_CURVE('',#2099,#2098,#1632,.T.);
#1353=EDGE_CURVE('',#2100,#2099,#1633,.T.);
#1354=EDGE_CURVE('',#2101,#2100,#1634,.T.);
#1355=EDGE_CURVE('',#2102,#2101,#1635,.T.);
#1356=EDGE_CURVE('',#2103,#2102,#1636,.T.);
#1357=EDGE_CURVE('',#2104,#2103,#1637,.T.);
#1358=EDGE_CURVE('',#2105,#2104,#1638,.T.);
#1359=EDGE_CURVE('',#2106,#2105,#1639,.T.);
#1360=EDGE_CURVE('',#2107,#2106,#1640,.T.);
#1361=EDGE_CURVE('',#2108,#2107,#1641,.T.);
#1362=EDGE_CURVE('',#2109,#2108,#1642,.T.);
#1363=EDGE_CURVE('',#2110,#2109,#1643,.T.);
#1364=EDGE_CURVE('',#2111,#2110,#1644,.T.);
#1365=EDGE_CURVE('',#2112,#2111,#1645,.T.);
#1366=EDGE_CURVE('',#2113,#2112,#1646,.T.);
#1367=EDGE_CURVE('',#2114,#2113,#1647,.T.);
#1368=EDGE_CURVE('',#2115,#2114,#1103,.T.);
#1369=EDGE_CURVE('',#2116,#2115,#1648,.T.);
#1370=EDGE_CURVE('',#2029,#2116,#1104,.T.);
#1371=EDGE_CURVE('',#2120,#2124,#1649,.T.);
#1372=EDGE_CURVE('',#2119,#2123,#1650,.T.);
#1373=EDGE_CURVE('',#2118,#2122,#1651,.T.);
#1374=EDGE_CURVE('',#2117,#2121,#1652,.T.);
#1375=EDGE_CURVE('',#2118,#2117,#1653,.T.);
#1376=EDGE_CURVE('',#2119,#2118,#1654,.T.);
#1377=EDGE_CURVE('',#2120,#2119,#1655,.T.);
#1378=EDGE_CURVE('',#2117,#2120,#1656,.T.);
#1379=EDGE_CURVE('',#2122,#2121,#1657,.T.);
#1380=EDGE_CURVE('',#2123,#2122,#1658,.T.);
#1381=EDGE_CURVE('',#2124,#2123,#1659,.T.);
#1382=EDGE_CURVE('',#2121,#2124,#1660,.T.);
#1383=EDGE_CURVE('',#2126,#2128,#1661,.T.);
#1384=EDGE_CURVE('',#2125,#2127,#1662,.T.);
#1385=EDGE_CURVE('',#2126,#2125,#1105,.T.);
#1386=EDGE_CURVE('',#2125,#2126,#1663,.T.);
#1387=EDGE_CURVE('',#2128,#2127,#1106,.T.);
#1388=EDGE_CURVE('',#2127,#2128,#1664,.T.);
#1389=LINE('',#2905,#1665);
#1390=LINE('',#2906,#1666);
#1391=LINE('',#2907,#1667);
#1392=LINE('',#2908,#1668);
#1393=LINE('',#2909,#1669);
#1394=LINE('',#2910,#1670);
#1395=LINE('',#2911,#1671);
#1396=LINE('',#2912,#1672);
#1397=LINE('',#2913,#1673);
#1398=LINE('',#2914,#1674);
#1399=LINE('',#2915,#1675);
#1400=LINE('',#2916,#1676);
#1401=LINE('',#2917,#1677);
#1402=LINE('',#2918,#1678);
#1403=LINE('',#2919,#1679);
#1404=LINE('',#2920,#1680);
#1405=LINE('',#2921,#1681);
#1406=LINE('',#2922,#1682);
#1407=LINE('',#2923,#1683);
#1408=LINE('',#2924,#1684);
#1409=LINE('',#2925,#1685);
#1410=LINE('',#2926,#1686);
#1411=LINE('',#2927,#1687);
#1412=LINE('',#2928,#1688);
#1413=LINE('',#2929,#1689);
#1414=LINE('',#2930,#1690);
#1415=LINE('',#2931,#1691);
#1416=LINE('',#2932,#1692);
#1417=LINE('',#2933,#1693);
#1418=LINE('',#2934,#1694);
#1419=LINE('',#2935,#1695);
#1420=LINE('',#2936,#1696);
#1421=LINE('',#2937,#1697);
#1422=LINE('',#2938,#1698);
#1423=LINE('',#2939,#1699);
#1424=LINE('',#2940,#1700);
#1425=LINE('',#2941,#1701);
#1426=LINE('',#2942,#1702);
#1427=LINE('',#2943,#1703);
#1428=LINE('',#2944,#1704);
#1429=LINE('',#2945,#1705);
#1430=LINE('',#2946,#1706);
#1431=LINE('',#2947,#1707);
#1432=LINE('',#2948,#1708);
#1433=LINE('',#2949,#1709);
#1434=LINE('',#2950,#1710);
#1435=LINE('',#2951,#1711);
#1436=LINE('',#2952,#1712);
#1437=LINE('',#2953,#1713);
#1438=LINE('',#2954,#1714);
#1439=LINE('',#2955,#1715);
#1440=LINE('',#2956,#1716);
#1441=LINE('',#2957,#1717);
#1442=LINE('',#2958,#1718);
#1443=LINE('',#2959,#1719);
#1444=LINE('',#2960,#1720);
#1445=LINE('',#2961,#1721);
#1446=LINE('',#2962,#1722);
#1447=LINE('',#2963,#1723);
#1448=LINE('',#2964,#1724);
#1449=LINE('',#2965,#1725);
#1450=LINE('',#2966,#1726);
#1451=LINE('',#2967,#1727);
#1452=LINE('',#2968,#1728);
#1453=LINE('',#2969,#1729);
#1454=LINE('',#2970,#1730);
#1455=LINE('',#2971,#1731);
#1456=LINE('',#2972,#1732);
#1457=LINE('',#2973,#1733);
#1458=LINE('',#2974,#1734);
#1459=LINE('',#2975,#1735);
#1460=LINE('',#2976,#1736);
#1461=LINE('',#2977,#1737);
#1462=LINE('',#2978,#1738);
#1463=LINE('',#2979,#1739);
#1464=LINE('',#2980,#1740);
#1465=LINE('',#2981,#1741);
#1466=LINE('',#2982,#1742);
#1467=LINE('',#2983,#1743);
#1468=LINE('',#2984,#1744);
#1469=LINE('',#2985,#1745);
#1470=LINE('',#2986,#1746);
#1471=LINE('',#2987,#1747);
#1472=LINE('',#2988,#1748);
#1473=LINE('',#2989,#1749);
#1474=LINE('',#2990,#1750);
#1475=LINE('',#2991,#1751);
#1476=LINE('',#2992,#1752);
#1477=LINE('',#2993,#1753);
#1478=LINE('',#2994,#1754);
#1479=LINE('',#2995,#1755);
#1480=LINE('',#2996,#1756);
#1481=LINE('',#2997,#1757);
#1482=LINE('',#2998,#1758);
#1483=LINE('',#2999,#1759);
#1484=LINE('',#3000,#1760);
#1485=LINE('',#3001,#1761);
#1486=LINE('',#3002,#1762);
#1487=LINE('',#3003,#1763);
#1488=LINE('',#3004,#1764);
#1489=LINE('',#3005,#1765);
#1490=LINE('',#3006,#1766);
#1491=LINE('',#3007,#1767);
#1492=LINE('',#3008,#1768);
#1493=LINE('',#3009,#1769);
#1494=LINE('',#3010,#1770);
#1495=LINE('',#3011,#1771);
#1496=LINE('',#3012,#1772);
#1497=LINE('',#3013,#1773);
#1498=LINE('',#3014,#1774);
#1499=LINE('',#3015,#1775);
#1500=LINE('',#3016,#1776);
#1501=LINE('',#3017,#1777);
#1502=LINE('',#3018,#1778);
#1503=LINE('',#3019,#1779);
#1504=LINE('',#3020,#1780);
#1505=LINE('',#3021,#1781);
#1506=LINE('',#3022,#1782);
#1507=LINE('',#3023,#1783);
#1508=LINE('',#3024,#1784);
#1509=LINE('',#3025,#1785);
#1510=LINE('',#3026,#1786);
#1511=LINE('',#3027,#1787);
#1512=LINE('',#3028,#1788);
#1513=LINE('',#3029,#1789);
#1514=LINE('',#3030,#1790);
#1515=LINE('',#3031,#1791);
#1516=LINE('',#3032,#1792);
#1517=LINE('',#3033,#1793);
#1518=LINE('',#3034,#1794);
#1519=LINE('',#3035,#1795);
#1520=LINE('',#3036,#1796);
#1521=LINE('',#3037,#1797);
#1522=LINE('',#3038,#1798);
#1523=LINE('',#3039,#1799);
#1524=LINE('',#3040,#1800);
#1525=LINE('',#3041,#1801);
#1526=LINE('',#3042,#1802);
#1527=LINE('',#3043,#1803);
#1528=LINE('',#3044,#1804);
#1529=LINE('',#3045,#1805);
#1530=LINE('',#3046,#1806);
#1531=LINE('',#3047,#1807);
#1532=LINE('',#3048,#1808);
#1533=LINE('',#3049,#1809);
#1534=LINE('',#3050,#1810);
#1535=LINE('',#3051,#1811);
#1536=LINE('',#3052,#1812);
#1537=LINE('',#3053,#1813);
#1538=LINE('',#3054,#1814);
#1539=LINE('',#3055,#1815);
#1540=LINE('',#3056,#1816);
#1541=LINE('',#3057,#1817);
#1542=LINE('',#3058,#1818);
#1543=LINE('',#3059,#1819);
#1544=LINE('',#3060,#1820);
#1545=LINE('',#3061,#1821);
#1546=LINE('',#3062,#1822);
#1547=LINE('',#3063,#1823);
#1548=LINE('',#3064,#1824);
#1549=LINE('',#3065,#1825);
#1550=LINE('',#3066,#1826);
#1551=LINE('',#3067,#1827);
#1552=LINE('',#3068,#1828);
#1553=LINE('',#3069,#1829);
#1554=LINE('',#3070,#1830);
#1555=LINE('',#3071,#1831);
#1556=LINE('',#3072,#1832);
#1557=LINE('',#3073,#1833);
#1558=LINE('',#3074,#1834);
#1559=LINE('',#3075,#1835);
#1560=LINE('',#3076,#1836);
#1561=LINE('',#3077,#1837);
#1562=LINE('',#3079,#1838);
#1563=LINE('',#3081,#1839);
#1564=LINE('',#3082,#1840);
#1565=LINE('',#3083,#1841);
#1566=LINE('',#3084,#1842);
#1567=LINE('',#3085,#1843);
#1568=LINE('',#3086,#1844);
#1569=LINE('',#3087,#1845);
#1570=LINE('',#3088,#1846);
#1571=LINE('',#3089,#1847);
#1572=LINE('',#3090,#1848);
#1573=LINE('',#3091,#1849);
#1574=LINE('',#3092,#1850);
#1575=LINE('',#3093,#1851);
#1576=LINE('',#3094,#1852);
#1577=LINE('',#3095,#1853);
#1578=LINE('',#3096,#1854);
#1579=LINE('',#3097,#1855);
#1580=LINE('',#3098,#1856);
#1581=LINE('',#3099,#1857);
#1582=LINE('',#3100,#1858);
#1583=LINE('',#3101,#1859);
#1584=LINE('',#3102,#1860);
#1585=LINE('',#3103,#1861);
#1586=LINE('',#3104,#1862);
#1587=LINE('',#3105,#1863);
#1588=LINE('',#3106,#1864);
#1589=LINE('',#3107,#1865);
#1590=LINE('',#3108,#1866);
#1591=LINE('',#3109,#1867);
#1592=LINE('',#3110,#1868);
#1593=LINE('',#3111,#1869);
#1594=LINE('',#3112,#1870);
#1595=LINE('',#3113,#1871);
#1596=LINE('',#3114,#1872);
#1597=LINE('',#3115,#1873);
#1598=LINE('',#3116,#1874);
#1599=LINE('',#3117,#1875);
#1600=LINE('',#3118,#1876);
#1601=LINE('',#3119,#1877);
#1602=LINE('',#3120,#1878);
#1603=LINE('',#3121,#1879);
#1604=LINE('',#3122,#1880);
#1605=LINE('',#3123,#1881);
#1606=LINE('',#3124,#1882);
#1607=LINE('',#3125,#1883);
#1608=LINE('',#3126,#1884);
#1609=LINE('',#3127,#1885);
#1610=LINE('',#3128,#1886);
#1611=LINE('',#3129,#1887);
#1612=LINE('',#3130,#1888);
#1613=LINE('',#3131,#1889);
#1614=LINE('',#3132,#1890);
#1615=LINE('',#3133,#1891);
#1616=LINE('',#3134,#1892);
#1617=LINE('',#3135,#1893);
#1618=LINE('',#3136,#1894);
#1619=LINE('',#3137,#1895);
#1620=LINE('',#3138,#1896);
#1621=LINE('',#3139,#1897);
#1622=LINE('',#3140,#1898);
#1623=LINE('',#3141,#1899);
#1624=LINE('',#3142,#1900);
#1625=LINE('',#3143,#1901);
#1626=LINE('',#3144,#1902);
#1627=LINE('',#3145,#1903);
#1628=LINE('',#3146,#1904);
#1629=LINE('',#3147,#1905);
#1630=LINE('',#3148,#1906);
#1631=LINE('',#3149,#1907);
#1632=LINE('',#3150,#1908);
#1633=LINE('',#3151,#1909);
#1634=LINE('',#3152,#1910);
#1635=LINE('',#3153,#1911);
#1636=LINE('',#3154,#1912);
#1637=LINE('',#3155,#1913);
#1638=LINE('',#3156,#1914);
#1639=LINE('',#3157,#1915);
#1640=LINE('',#3158,#1916);
#1641=LINE('',#3159,#1917);
#1642=LINE('',#3160,#1918);
#1643=LINE('',#3161,#1919);
#1644=LINE('',#3162,#1920);
#1645=LINE('',#3163,#1921);
#1646=LINE('',#3164,#1922);
#1647=LINE('',#3165,#1923);
#1648=LINE('',#3167,#1924);
#1649=LINE('',#3267,#1925);
#1650=LINE('',#3268,#1926);
#1651=LINE('',#3269,#1927);
#1652=LINE('',#3270,#1928);
#1653=LINE('',#3271,#1929);
#1654=LINE('',#3272,#1930);
#1655=LINE('',#3273,#1931);
#1656=LINE('',#3274,#1932);
#1657=LINE('',#3275,#1933);
#1658=LINE('',#3276,#1934);
#1659=LINE('',#3277,#1935);
#1660=LINE('',#3278,#1936);
#1661=LINE('',#3289,#1937);
#1662=LINE('',#3290,#1938);
#1663=LINE('',#3292,#1939);
#1664=LINE('',#3294,#1940);
#1665=VECTOR('',#2240,1.);
#1666=VECTOR('',#2241,1.);
#1667=VECTOR('',#2242,1.);
#1668=VECTOR('',#2243,1.);
#1669=VECTOR('',#2244,1.);
#1670=VECTOR('',#2245,1.);
#1671=VECTOR('',#2246,1.);
#1672=VECTOR('',#2247,1.);
#1673=VECTOR('',#2248,1.);
#1674=VECTOR('',#2249,1.);
#1675=VECTOR('',#2250,1.);
#1676=VECTOR('',#2251,1.);
#1677=VECTOR('',#2252,1.);
#1678=VECTOR('',#2253,1.);
#1679=VECTOR('',#2254,1.);
#1680=VECTOR('',#2255,1.);
#1681=VECTOR('',#2256,1.);
#1682=VECTOR('',#2257,1.);
#1683=VECTOR('',#2258,1.);
#1684=VECTOR('',#2259,1.);
#1685=VECTOR('',#2260,1.);
#1686=VECTOR('',#2261,1.);
#1687=VECTOR('',#2262,1.);
#1688=VECTOR('',#2263,1.);
#1689=VECTOR('',#2264,1.);
#1690=VECTOR('',#2265,1.);
#1691=VECTOR('',#2266,1.);
#1692=VECTOR('',#2267,1.);
#1693=VECTOR('',#2268,1.);
#1694=VECTOR('',#2269,1.);
#1695=VECTOR('',#2270,1.);
#1696=VECTOR('',#2271,1.);
#1697=VECTOR('',#2272,1.);
#1698=VECTOR('',#2273,1.);
#1699=VECTOR('',#2274,1.);
#1700=VECTOR('',#2275,1.);
#1701=VECTOR('',#2276,1.);
#1702=VECTOR('',#2277,1.);
#1703=VECTOR('',#2278,1.);
#1704=VECTOR('',#2279,1.);
#1705=VECTOR('',#2280,1.);
#1706=VECTOR('',#2281,1.);
#1707=VECTOR('',#2282,1.);
#1708=VECTOR('',#2283,1.);
#1709=VECTOR('',#2284,1.);
#1710=VECTOR('',#2285,1.);
#1711=VECTOR('',#2286,1.);
#1712=VECTOR('',#2287,1.);
#1713=VECTOR('',#2288,1.);
#1714=VECTOR('',#2289,1.);
#1715=VECTOR('',#2290,1.);
#1716=VECTOR('',#2291,1.);
#1717=VECTOR('',#2292,1.);
#1718=VECTOR('',#2293,1.);
#1719=VECTOR('',#2294,1.);
#1720=VECTOR('',#2295,1.);
#1721=VECTOR('',#2296,1.);
#1722=VECTOR('',#2297,1.);
#1723=VECTOR('',#2298,1.);
#1724=VECTOR('',#2299,1.);
#1725=VECTOR('',#2300,1.);
#1726=VECTOR('',#2301,1.);
#1727=VECTOR('',#2302,1.);
#1728=VECTOR('',#2303,1.);
#1729=VECTOR('',#2304,1.);
#1730=VECTOR('',#2305,1.);
#1731=VECTOR('',#2306,1.);
#1732=VECTOR('',#2307,1.);
#1733=VECTOR('',#2308,1.);
#1734=VECTOR('',#2309,1.);
#1735=VECTOR('',#2310,1.);
#1736=VECTOR('',#2311,1.);
#1737=VECTOR('',#2312,1.);
#1738=VECTOR('',#2313,1.);
#1739=VECTOR('',#2314,1.);
#1740=VECTOR('',#2315,1.);
#1741=VECTOR('',#2316,1.);
#1742=VECTOR('',#2317,1.);
#1743=VECTOR('',#2318,1.);
#1744=VECTOR('',#2319,1.);
#1745=VECTOR('',#2320,1.);
#1746=VECTOR('',#2321,1.);
#1747=VECTOR('',#2322,1.);
#1748=VECTOR('',#2323,1.);
#1749=VECTOR('',#2324,1.);
#1750=VECTOR('',#2325,1.);
#1751=VECTOR('',#2326,1.);
#1752=VECTOR('',#2327,1.);
#1753=VECTOR('',#2328,1.);
#1754=VECTOR('',#2329,1.);
#1755=VECTOR('',#2330,1.);
#1756=VECTOR('',#2331,1.);
#1757=VECTOR('',#2332,1.);
#1758=VECTOR('',#2333,1.);
#1759=VECTOR('',#2334,1.);
#1760=VECTOR('',#2335,1.);
#1761=VECTOR('',#2336,1.);
#1762=VECTOR('',#2337,1.);
#1763=VECTOR('',#2338,1.);
#1764=VECTOR('',#2339,1.);
#1765=VECTOR('',#2340,1.);
#1766=VECTOR('',#2341,1.);
#1767=VECTOR('',#2342,1.);
#1768=VECTOR('',#2343,1.);
#1769=VECTOR('',#2344,1.);
#1770=VECTOR('',#2345,1.);
#1771=VECTOR('',#2346,1.);
#1772=VECTOR('',#2347,1.);
#1773=VECTOR('',#2348,1.);
#1774=VECTOR('',#2349,1.);
#1775=VECTOR('',#2350,1.);
#1776=VECTOR('',#2351,1.);
#1777=VECTOR('',#2352,1.);
#1778=VECTOR('',#2353,1.);
#1779=VECTOR('',#2354,1.);
#1780=VECTOR('',#2355,1.);
#1781=VECTOR('',#2356,1.);
#1782=VECTOR('',#2357,1.);
#1783=VECTOR('',#2358,1.);
#1784=VECTOR('',#2359,1.);
#1785=VECTOR('',#2360,1.);
#1786=VECTOR('',#2361,1.);
#1787=VECTOR('',#2362,1.);
#1788=VECTOR('',#2363,1.);
#1789=VECTOR('',#2364,1.);
#1790=VECTOR('',#2365,1.);
#1791=VECTOR('',#2366,1.);
#1792=VECTOR('',#2367,1.);
#1793=VECTOR('',#2368,1.);
#1794=VECTOR('',#2369,1.);
#1795=VECTOR('',#2370,1.);
#1796=VECTOR('',#2371,1.);
#1797=VECTOR('',#2372,1.);
#1798=VECTOR('',#2373,1.);
#1799=VECTOR('',#2374,1.);
#1800=VECTOR('',#2375,1.);
#1801=VECTOR('',#2376,1.);
#1802=VECTOR('',#2377,1.);
#1803=VECTOR('',#2378,1.);
#1804=VECTOR('',#2379,1.);
#1805=VECTOR('',#2380,1.);
#1806=VECTOR('',#2381,1.);
#1807=VECTOR('',#2382,1.);
#1808=VECTOR('',#2383,1.);
#1809=VECTOR('',#2384,1.);
#1810=VECTOR('',#2385,1.);
#1811=VECTOR('',#2386,1.);
#1812=VECTOR('',#2387,1.);
#1813=VECTOR('',#2388,1.);
#1814=VECTOR('',#2389,1.);
#1815=VECTOR('',#2390,1.);
#1816=VECTOR('',#2391,1.);
#1817=VECTOR('',#2392,1.);
#1818=VECTOR('',#2393,1.);
#1819=VECTOR('',#2394,1.);
#1820=VECTOR('',#2395,1.);
#1821=VECTOR('',#2396,1.);
#1822=VECTOR('',#2397,1.);
#1823=VECTOR('',#2398,1.);
#1824=VECTOR('',#2399,1.);
#1825=VECTOR('',#2400,1.);
#1826=VECTOR('',#2401,1.);
#1827=VECTOR('',#2402,1.);
#1828=VECTOR('',#2403,1.);
#1829=VECTOR('',#2404,1.);
#1830=VECTOR('',#2405,1.);
#1831=VECTOR('',#2406,1.);
#1832=VECTOR('',#2407,1.);
#1833=VECTOR('',#2408,1.);
#1834=VECTOR('',#2409,1.);
#1835=VECTOR('',#2410,1.);
#1836=VECTOR('',#2411,1.);
#1837=VECTOR('',#2412,1.);
#1838=VECTOR('',#2415,1.);
#1839=VECTOR('',#2418,1.);
#1840=VECTOR('',#2419,1.);
#1841=VECTOR('',#2420,1.);
#1842=VECTOR('',#2421,1.);
#1843=VECTOR('',#2422,1.);
#1844=VECTOR('',#2423,1.);
#1845=VECTOR('',#2424,1.);
#1846=VECTOR('',#2425,1.);
#1847=VECTOR('',#2426,1.);
#1848=VECTOR('',#2427,1.);
#1849=VECTOR('',#2428,1.);
#1850=VECTOR('',#2429,1.);
#1851=VECTOR('',#2430,1.);
#1852=VECTOR('',#2431,1.);
#1853=VECTOR('',#2432,1.);
#1854=VECTOR('',#2433,1.);
#1855=VECTOR('',#2434,1.);
#1856=VECTOR('',#2435,1.);
#1857=VECTOR('',#2436,1.);
#1858=VECTOR('',#2437,1.);
#1859=VECTOR('',#2438,1.);
#1860=VECTOR('',#2439,1.);
#1861=VECTOR('',#2440,1.);
#1862=VECTOR('',#2441,1.);
#1863=VECTOR('',#2442,1.);
#1864=VECTOR('',#2443,1.);
#1865=VECTOR('',#2444,1.);
#1866=VECTOR('',#2445,1.);
#1867=VECTOR('',#2446,1.);
#1868=VECTOR('',#2447,1.);
#1869=VECTOR('',#2448,1.);
#1870=VECTOR('',#2449,1.);
#1871=VECTOR('',#2450,1.);
#1872=VECTOR('',#2451,1.);
#1873=VECTOR('',#2452,1.);
#1874=VECTOR('',#2453,1.);
#1875=VECTOR('',#2454,1.);
#1876=VECTOR('',#2455,1.);
#1877=VECTOR('',#2456,1.);
#1878=VECTOR('',#2457,1.);
#1879=VECTOR('',#2458,1.);
#1880=VECTOR('',#2459,1.);
#1881=VECTOR('',#2460,1.);
#1882=VECTOR('',#2461,1.);
#1883=VECTOR('',#2462,1.);
#1884=VECTOR('',#2463,1.);
#1885=VECTOR('',#2464,1.);
#1886=VECTOR('',#2465,1.);
#1887=VECTOR('',#2466,1.);
#1888=VECTOR('',#2467,1.);
#1889=VECTOR('',#2468,1.);
#1890=VECTOR('',#2469,1.);
#1891=VECTOR('',#2470,1.);
#1892=VECTOR('',#2471,1.);
#1893=VECTOR('',#2472,1.);
#1894=VECTOR('',#2473,1.);
#1895=VECTOR('',#2474,1.);
#1896=VECTOR('',#2475,1.);
#1897=VECTOR('',#2476,1.);
#1898=VECTOR('',#2477,1.);
#1899=VECTOR('',#2478,1.);
#1900=VECTOR('',#2479,1.);
#1901=VECTOR('',#2480,1.);
#1902=VECTOR('',#2481,1.);
#1903=VECTOR('',#2482,1.);
#1904=VECTOR('',#2483,1.);
#1905=VECTOR('',#2484,1.);
#1906=VECTOR('',#2485,1.);
#1907=VECTOR('',#2486,1.);
#1908=VECTOR('',#2487,1.);
#1909=VECTOR('',#2488,1.);
#1910=VECTOR('',#2489,1.);
#1911=VECTOR('',#2490,1.);
#1912=VECTOR('',#2491,1.);
#1913=VECTOR('',#2492,1.);
#1914=VECTOR('',#2493,1.);
#1915=VECTOR('',#2494,1.);
#1916=VECTOR('',#2495,1.);
#1917=VECTOR('',#2496,1.);
#1918=VECTOR('',#2497,1.);
#1919=VECTOR('',#2498,1.);
#1920=VECTOR('',#2499,1.);
#1921=VECTOR('',#2500,1.);
#1922=VECTOR('',#2501,1.);
#1923=VECTOR('',#2502,1.);
#1924=VECTOR('',#2505,1.);
#1925=VECTOR('',#2688,1.);
#1926=VECTOR('',#2689,1.);
#1927=VECTOR('',#2690,1.);
#1928=VECTOR('',#2691,1.);
#1929=VECTOR('',#2692,1.);
#1930=VECTOR('',#2693,1.);
#1931=VECTOR('',#2694,1.);
#1932=VECTOR('',#2695,1.);
#1933=VECTOR('',#2696,1.);
#1934=VECTOR('',#2697,1.);
#1935=VECTOR('',#2698,1.);
#1936=VECTOR('',#2699,1.);
#1937=VECTOR('',#2712,1.);
#1938=VECTOR('',#2713,1.);
#1939=VECTOR('',#2716,1.);
#1940=VECTOR('',#2719,1.);
#1941=VERTEX_POINT('',#2729);
#1942=VERTEX_POINT('',#2730);
#1943=VERTEX_POINT('',#2731);
#1944=VERTEX_POINT('',#2732);
#1945=VERTEX_POINT('',#2733);
#1946=VERTEX_POINT('',#2734);
#1947=VERTEX_POINT('',#2735);
#1948=VERTEX_POINT('',#2736);
#1949=VERTEX_POINT('',#2737);
#1950=VERTEX_POINT('',#2738);
#1951=VERTEX_POINT('',#2739);
#1952=VERTEX_POINT('',#2740);
#1953=VERTEX_POINT('',#2741);
#1954=VERTEX_POINT('',#2742);
#1955=VERTEX_POINT('',#2743);
#1956=VERTEX_POINT('',#2744);
#1957=VERTEX_POINT('',#2745);
#1958=VERTEX_POINT('',#2746);
#1959=VERTEX_POINT('',#2747);
#1960=VERTEX_POINT('',#2748);
#1961=VERTEX_POINT('',#2749);
#1962=VERTEX_POINT('',#2750);
#1963=VERTEX_POINT('',#2751);
#1964=VERTEX_POINT('',#2752);
#1965=VERTEX_POINT('',#2753);
#1966=VERTEX_POINT('',#2754);
#1967=VERTEX_POINT('',#2755);
#1968=VERTEX_POINT('',#2756);
#1969=VERTEX_POINT('',#2757);
#1970=VERTEX_POINT('',#2758);
#1971=VERTEX_POINT('',#2759);
#1972=VERTEX_POINT('',#2760);
#1973=VERTEX_POINT('',#2761);
#1974=VERTEX_POINT('',#2762);
#1975=VERTEX_POINT('',#2763);
#1976=VERTEX_POINT('',#2764);
#1977=VERTEX_POINT('',#2765);
#1978=VERTEX_POINT('',#2766);
#1979=VERTEX_POINT('',#2767);
#1980=VERTEX_POINT('',#2768);
#1981=VERTEX_POINT('',#2769);
#1982=VERTEX_POINT('',#2770);
#1983=VERTEX_POINT('',#2771);
#1984=VERTEX_POINT('',#2772);
#1985=VERTEX_POINT('',#2773);
#1986=VERTEX_POINT('',#2774);
#1987=VERTEX_POINT('',#2775);
#1988=VERTEX_POINT('',#2776);
#1989=VERTEX_POINT('',#2777);
#1990=VERTEX_POINT('',#2778);
#1991=VERTEX_POINT('',#2779);
#1992=VERTEX_POINT('',#2780);
#1993=VERTEX_POINT('',#2781);
#1994=VERTEX_POINT('',#2782);
#1995=VERTEX_POINT('',#2783);
#1996=VERTEX_POINT('',#2784);
#1997=VERTEX_POINT('',#2785);
#1998=VERTEX_POINT('',#2786);
#1999=VERTEX_POINT('',#2787);
#2000=VERTEX_POINT('',#2788);
#2001=VERTEX_POINT('',#2789);
#2002=VERTEX_POINT('',#2790);
#2003=VERTEX_POINT('',#2791);
#2004=VERTEX_POINT('',#2792);
#2005=VERTEX_POINT('',#2793);
#2006=VERTEX_POINT('',#2794);
#2007=VERTEX_POINT('',#2795);
#2008=VERTEX_POINT('',#2796);
#2009=VERTEX_POINT('',#2797);
#2010=VERTEX_POINT('',#2798);
#2011=VERTEX_POINT('',#2799);
#2012=VERTEX_POINT('',#2800);
#2013=VERTEX_POINT('',#2801);
#2014=VERTEX_POINT('',#2802);
#2015=VERTEX_POINT('',#2803);
#2016=VERTEX_POINT('',#2804);
#2017=VERTEX_POINT('',#2805);
#2018=VERTEX_POINT('',#2806);
#2019=VERTEX_POINT('',#2807);
#2020=VERTEX_POINT('',#2808);
#2021=VERTEX_POINT('',#2809);
#2022=VERTEX_POINT('',#2810);
#2023=VERTEX_POINT('',#2811);
#2024=VERTEX_POINT('',#2812);
#2025=VERTEX_POINT('',#2813);
#2026=VERTEX_POINT('',#2814);
#2027=VERTEX_POINT('',#2815);
#2028=VERTEX_POINT('',#2816);
#2029=VERTEX_POINT('',#2817);
#2030=VERTEX_POINT('',#2818);
#2031=VERTEX_POINT('',#2819);
#2032=VERTEX_POINT('',#2820);
#2033=VERTEX_POINT('',#2821);
#2034=VERTEX_POINT('',#2822);
#2035=VERTEX_POINT('',#2823);
#2036=VERTEX_POINT('',#2824);
#2037=VERTEX_POINT('',#2825);
#2038=VERTEX_POINT('',#2826);
#2039=VERTEX_POINT('',#2827);
#2040=VERTEX_POINT('',#2828);
#2041=VERTEX_POINT('',#2829);
#2042=VERTEX_POINT('',#2830);
#2043=VERTEX_POINT('',#2831);
#2044=VERTEX_POINT('',#2832);
#2045=VERTEX_POINT('',#2833);
#2046=VERTEX_POINT('',#2834);
#2047=VERTEX_POINT('',#2835);
#2048=VERTEX_POINT('',#2836);
#2049=VERTEX_POINT('',#2837);
#2050=VERTEX_POINT('',#2838);
#2051=VERTEX_POINT('',#2839);
#2052=VERTEX_POINT('',#2840);
#2053=VERTEX_POINT('',#2841);
#2054=VERTEX_POINT('',#2842);
#2055=VERTEX_POINT('',#2843);
#2056=VERTEX_POINT('',#2844);
#2057=VERTEX_POINT('',#2845);
#2058=VERTEX_POINT('',#2846);
#2059=VERTEX_POINT('',#2847);
#2060=VERTEX_POINT('',#2848);
#2061=VERTEX_POINT('',#2849);
#2062=VERTEX_POINT('',#2850);
#2063=VERTEX_POINT('',#2851);
#2064=VERTEX_POINT('',#2852);
#2065=VERTEX_POINT('',#2853);
#2066=VERTEX_POINT('',#2854);
#2067=VERTEX_POINT('',#2855);
#2068=VERTEX_POINT('',#2856);
#2069=VERTEX_POINT('',#2857);
#2070=VERTEX_POINT('',#2858);
#2071=VERTEX_POINT('',#2859);
#2072=VERTEX_POINT('',#2860);
#2073=VERTEX_POINT('',#2861);
#2074=VERTEX_POINT('',#2862);
#2075=VERTEX_POINT('',#2863);
#2076=VERTEX_POINT('',#2864);
#2077=VERTEX_POINT('',#2865);
#2078=VERTEX_POINT('',#2866);
#2079=VERTEX_POINT('',#2867);
#2080=VERTEX_POINT('',#2868);
#2081=VERTEX_POINT('',#2869);
#2082=VERTEX_POINT('',#2870);
#2083=VERTEX_POINT('',#2871);
#2084=VERTEX_POINT('',#2872);
#2085=VERTEX_POINT('',#2873);
#2086=VERTEX_POINT('',#2874);
#2087=VERTEX_POINT('',#2875);
#2088=VERTEX_POINT('',#2876);
#2089=VERTEX_POINT('',#2877);
#2090=VERTEX_POINT('',#2878);
#2091=VERTEX_POINT('',#2879);
#2092=VERTEX_POINT('',#2880);
#2093=VERTEX_POINT('',#2881);
#2094=VERTEX_POINT('',#2882);
#2095=VERTEX_POINT('',#2883);
#2096=VERTEX_POINT('',#2884);
#2097=VERTEX_POINT('',#2885);
#2098=VERTEX_POINT('',#2886);
#2099=VERTEX_POINT('',#2887);
#2100=VERTEX_POINT('',#2888);
#2101=VERTEX_POINT('',#2889);
#2102=VERTEX_POINT('',#2890);
#2103=VERTEX_POINT('',#2891);
#2104=VERTEX_POINT('',#2892);
#2105=VERTEX_POINT('',#2893);
#2106=VERTEX_POINT('',#2894);
#2107=VERTEX_POINT('',#2895);
#2108=VERTEX_POINT('',#2896);
#2109=VERTEX_POINT('',#2897);
#2110=VERTEX_POINT('',#2898);
#2111=VERTEX_POINT('',#2899);
#2112=VERTEX_POINT('',#2900);
#2113=VERTEX_POINT('',#2901);
#2114=VERTEX_POINT('',#2902);
#2115=VERTEX_POINT('',#2903);
#2116=VERTEX_POINT('',#2904);
#2117=VERTEX_POINT('',#3259);
#2118=VERTEX_POINT('',#3260);
#2119=VERTEX_POINT('',#3261);
#2120=VERTEX_POINT('',#3262);
#2121=VERTEX_POINT('',#3263);
#2122=VERTEX_POINT('',#3264);
#2123=VERTEX_POINT('',#3265);
#2124=VERTEX_POINT('',#3266);
#2125=VERTEX_POINT('',#3285);
#2126=VERTEX_POINT('',#3286);
#2127=VERTEX_POINT('',#3287);
#2128=VERTEX_POINT('',#3288);
#2129=SHAPE_DEFINITION_REPRESENTATION(#3299,#2130);
#2130=SHAPE_REPRESENTATION('master',(#2131),#3301);
#2131=AXIS2_PLACEMENT_3D('',#2728,#2239,#2238);
#2132=AXIS2_PLACEMENT_3D('',#3078,#2414,#2413);
#2133=AXIS2_PLACEMENT_3D('',#3080,#2417,#2416);
#2134=AXIS2_PLACEMENT_3D('',#3166,#2504,#2503);
#2135=AXIS2_PLACEMENT_3D('',#3168,#2507,#2506);
#2136=AXIS2_PLACEMENT_3D('',#3169,#2509,#2508);
#2137=AXIS2_PLACEMENT_3D('',#3170,#2511,#2510);
#2138=AXIS2_PLACEMENT_3D('',#3171,#2513,#2512);
#2139=AXIS2_PLACEMENT_3D('',#3172,#2515,#2514);
#2140=AXIS2_PLACEMENT_3D('',#3173,#2517,#2516);
#2141=AXIS2_PLACEMENT_3D('',#3174,#2519,#2518);
#2142=AXIS2_PLACEMENT_3D('',#3175,#2521,#2520);
#2143=AXIS2_PLACEMENT_3D('',#3176,#2523,#2522);
#2144=AXIS2_PLACEMENT_3D('',#3177,#2525,#2524);
#2145=AXIS2_PLACEMENT_3D('',#3178,#2527,#2526);
#2146=AXIS2_PLACEMENT_3D('',#3179,#2529,#2528);
#2147=AXIS2_PLACEMENT_3D('',#3180,#2531,#2530);
#2148=AXIS2_PLACEMENT_3D('',#3181,#2533,#2532);
#2149=AXIS2_PLACEMENT_3D('',#3182,#2535,#2534);
#2150=AXIS2_PLACEMENT_3D('',#3183,#2537,#2536);
#2151=AXIS2_PLACEMENT_3D('',#3184,#2539,#2538);
#2152=AXIS2_PLACEMENT_3D('',#3185,#2541,#2540);
#2153=AXIS2_PLACEMENT_3D('',#3186,#2543,#2542);
#2154=AXIS2_PLACEMENT_3D('',#3187,#2545,#2544);
#2155=AXIS2_PLACEMENT_3D('',#3188,#2547,#2546);
#2156=AXIS2_PLACEMENT_3D('',#3189,#2549,#2548);
#2157=AXIS2_PLACEMENT_3D('',#3190,#2551,#2550);
#2158=AXIS2_PLACEMENT_3D('',#3191,#2553,#2552);
#2159=AXIS2_PLACEMENT_3D('',#3192,#2555,#2554);
#2160=AXIS2_PLACEMENT_3D('',#3193,#2557,#2556);
#2161=AXIS2_PLACEMENT_3D('',#3194,#2559,#2558);
#2162=AXIS2_PLACEMENT_3D('',#3195,#2561,#2560);
#2163=AXIS2_PLACEMENT_3D('',#3196,#2563,#2562);
#2164=AXIS2_PLACEMENT_3D('',#3197,#2565,#2564);
#2165=AXIS2_PLACEMENT_3D('',#3198,#2567,#2566);
#2166=AXIS2_PLACEMENT_3D('',#3199,#2569,#2568);
#2167=AXIS2_PLACEMENT_3D('',#3200,#2571,#2570);
#2168=AXIS2_PLACEMENT_3D('',#3201,#2573,#2572);
#2169=AXIS2_PLACEMENT_3D('',#3202,#2575,#2574);
#2170=AXIS2_PLACEMENT_3D('',#3203,#2577,#2576);
#2171=AXIS2_PLACEMENT_3D('',#3204,#2579,#2578);
#2172=AXIS2_PLACEMENT_3D('',#3205,#2581,#2580);
#2173=AXIS2_PLACEMENT_3D('',#3206,#2583,#2582);
#2174=AXIS2_PLACEMENT_3D('',#3207,#2585,#2584);
#2175=AXIS2_PLACEMENT_3D('',#3208,#2587,#2586);
#2176=AXIS2_PLACEMENT_3D('',#3209,#2589,#2588);
#2177=AXIS2_PLACEMENT_3D('',#3210,#2591,#2590);
#2178=AXIS2_PLACEMENT_3D('',#3211,#2593,#2592);
#2179=AXIS2_PLACEMENT_3D('',#3212,#2595,#2594);
#2180=AXIS2_PLACEMENT_3D('',#3213,#2597,#2596);
#2181=AXIS2_PLACEMENT_3D('',#3214,#2599,#2598);
#2182=AXIS2_PLACEMENT_3D('',#3215,#2601,#2600);
#2183=AXIS2_PLACEMENT_3D('',#3216,#2603,#2602);
#2184=AXIS2_PLACEMENT_3D('',#3217,#2605,#2604);
#2185=AXIS2_PLACEMENT_3D('',#3218,#2607,#2606);
#2186=AXIS2_PLACEMENT_3D('',#3219,#2609,#2608);
#2187=AXIS2_PLACEMENT_3D('',#3220,#2611,#2610);
#2188=AXIS2_PLACEMENT_3D('',#3221,#2613,#2612);
#2189=AXIS2_PLACEMENT_3D('',#3222,#2615,#2614);
#2190=AXIS2_PLACEMENT_3D('',#3223,#2617,#2616);
#2191=AXIS2_PLACEMENT_3D('',#3224,#2619,#2618);
#2192=AXIS2_PLACEMENT_3D('',#3225,#2621,#2620);
#2193=AXIS2_PLACEMENT_3D('',#3226,#2623,#2622);
#2194=AXIS2_PLACEMENT_3D('',#3227,#2625,#2624);
#2195=AXIS2_PLACEMENT_3D('',#3228,#2627,#2626);
#2196=AXIS2_PLACEMENT_3D('',#3229,#2629,#2628);
#2197=AXIS2_PLACEMENT_3D('',#3230,#2631,#2630);
#2198=AXIS2_PLACEMENT_3D('',#3231,#2633,#2632);
#2199=AXIS2_PLACEMENT_3D('',#3232,#2635,#2634);
#2200=AXIS2_PLACEMENT_3D('',#3233,#2637,#2636);
#2201=AXIS2_PLACEMENT_3D('',#3234,#2639,#2638);
#2202=AXIS2_PLACEMENT_3D('',#3235,#2641,#2640);
#2203=AXIS2_PLACEMENT_3D('',#3236,#2643,#2642);
#2204=AXIS2_PLACEMENT_3D('',#3237,#2645,#2644);
#2205=AXIS2_PLACEMENT_3D('',#3238,#2647,#2646);
#2206=AXIS2_PLACEMENT_3D('',#3239,#2649,#2648);
#2207=AXIS2_PLACEMENT_3D('',#3240,#2651,#2650);
#2208=AXIS2_PLACEMENT_3D('',#3241,#2653,#2652);
#2209=AXIS2_PLACEMENT_3D('',#3242,#2655,#2654);
#2210=AXIS2_PLACEMENT_3D('',#3243,#2657,#2656);
#2211=AXIS2_PLACEMENT_3D('',#3244,#2659,#2658);
#2212=AXIS2_PLACEMENT_3D('',#3245,#2661,#2660);
#2213=AXIS2_PLACEMENT_3D('',#3246,#2663,#2662);
#2214=AXIS2_PLACEMENT_3D('',#3247,#2665,#2664);
#2215=AXIS2_PLACEMENT_3D('',#3248,#2667,#2666);
#2216=AXIS2_PLACEMENT_3D('',#3249,#2669,#2668);
#2217=AXIS2_PLACEMENT_3D('',#3250,#2671,#2670);
#2218=AXIS2_PLACEMENT_3D('',#3251,#2673,#2672);
#2219=AXIS2_PLACEMENT_3D('',#3252,#2675,#2674);
#2220=AXIS2_PLACEMENT_3D('',#3253,#2677,#2676);
#2221=AXIS2_PLACEMENT_3D('',#3254,#2679,#2678);
#2222=AXIS2_PLACEMENT_3D('',#3255,#2681,#2680);
#2223=AXIS2_PLACEMENT_3D('',#3256,#2683,#2682);
#2224=AXIS2_PLACEMENT_3D('',#3257,#2685,#2684);
#2225=AXIS2_PLACEMENT_3D('',#3258,#2687,#2686);
#2226=AXIS2_PLACEMENT_3D('',#3279,#2701,#2700);
#2227=AXIS2_PLACEMENT_3D('',#3280,#2703,#2702);
#2228=AXIS2_PLACEMENT_3D('',#3281,#2705,#2704);
#2229=AXIS2_PLACEMENT_3D('',#3282,#2707,#2706);
#2230=AXIS2_PLACEMENT_3D('',#3283,#2709,#2708);
#2231=AXIS2_PLACEMENT_3D('',#3284,#2711,#2710);
#2232=AXIS2_PLACEMENT_3D('',#3291,#2715,#2714);
#2233=AXIS2_PLACEMENT_3D('',#3293,#2718,#2717);
#2234=AXIS2_PLACEMENT_3D('',#3295,#2721,#2720);
#2235=AXIS2_PLACEMENT_3D('',#3296,#2723,#2722);
#2236=AXIS2_PLACEMENT_3D('',#3297,#2725,#2724);
#2237=AXIS2_PLACEMENT_3D('',#3298,#2727,#2726);
#2238=DIRECTION('',(1.,0.,0.));
#2239=DIRECTION('',(0.,0.,1.));
#2240=DIRECTION('',(-1.26424198722917E-015,1.86846874685431E-014,-1.));
#2241=DIRECTION('',(-1.26424198722917E-015,1.86846874685431E-014,-1.));
#2242=DIRECTION('',(-1.26424198722917E-015,1.86846874685431E-014,-1.));
#2243=DIRECTION('',(-1.26424198722917E-015,1.86846874685431E-014,-1.));
#2244=DIRECTION('',(-1.26424198722917E-015,1.86846874685431E-014,-1.));
#2245=DIRECTION('',(-1.26424198722917E-015,1.86846874685431E-014,-1.));
#2246=DIRECTION('',(-1.26424198722917E-015,1.86846874685431E-014,-1.));
#2247=DIRECTION('',(-1.26424198722917E-015,1.86846874685431E-014,-1.));
#2248=DIRECTION('',(-1.26424198722917E-015,1.86846874685431E-014,-1.));
#2249=DIRECTION('',(-1.26424198722917E-015,1.86846874685431E-014,-1.));
#2250=DIRECTION('',(-1.26424198722917E-015,1.86846874685431E-014,-1.));
#2251=DIRECTION('',(-1.26424198722917E-015,1.86846874685431E-014,-1.));
#2252=DIRECTION('',(-1.26424198722917E-015,1.86846874685431E-014,-1.));
#2253=DIRECTION('',(-1.26424198722917E-015,1.86846874685431E-014,-1.));
#2254=DIRECTION('',(-1.26424198722917E-015,1.86846874685431E-014,-1.));
#2255=DIRECTION('',(-1.26424198722917E-015,1.86846874685431E-014,-1.));
#2256=DIRECTION('',(-1.26424198722917E-015,1.86846874685431E-014,-1.));
#2257=DIRECTION('',(-1.26424198722917E-015,1.86846874685431E-014,-1.));
#2258=DIRECTION('',(-1.26424198722917E-015,1.86846874685431E-014,-1.));
#2259=DIRECTION('',(-1.26424198722917E-015,1.86846874685431E-014,-1.));
#2260=DIRECTION('',(-1.26424198722917E-015,1.86846874685431E-014,-1.));
#2261=DIRECTION('',(-1.26424198722917E-015,1.86846874685431E-014,-1.));
#2262=DIRECTION('',(-1.26424198722917E-015,1.86846874685431E-014,-1.));
#2263=DIRECTION('',(-1.26424198722917E-015,1.86846874685431E-014,-1.));
#2264=DIRECTION('',(-1.26424198722917E-015,1.86846874685431E-014,-1.));
#2265=DIRECTION('',(-1.26424198722917E-015,1.86846874685431E-014,-1.));
#2266=DIRECTION('',(-1.26424198722917E-015,1.86846874685431E-014,-1.));
#2267=DIRECTION('',(-1.26424198722917E-015,1.86846874685431E-014,-1.));
#2268=DIRECTION('',(-1.26424198722917E-015,1.86846874685431E-014,-1.));
#2269=DIRECTION('',(-1.26424198722917E-015,1.86846874685431E-014,-1.));
#2270=DIRECTION('',(-1.26424198722917E-015,1.86846874685431E-014,-1.));
#2271=DIRECTION('',(-1.26424198722917E-015,1.86846874685431E-014,-1.));
#2272=DIRECTION('',(-1.26424198722917E-015,1.86846874685431E-014,-1.));
#2273=DIRECTION('',(-1.26424198722917E-015,1.86846874685431E-014,-1.));
#2274=DIRECTION('',(-1.26424198722917E-015,1.86846874685431E-014,-1.));
#2275=DIRECTION('',(-1.26424198722917E-015,1.86846874685431E-014,-1.));
#2276=DIRECTION('',(-1.26424198722917E-015,1.86846874685431E-014,-1.));
#2277=DIRECTION('',(-1.26424198722917E-015,1.86846874685431E-014,-1.));
#2278=DIRECTION('',(-1.26424198722917E-015,1.86846874685431E-014,-1.));
#2279=DIRECTION('',(-1.26424198722917E-015,1.86846874685431E-014,-1.));
#2280=DIRECTION('',(-1.26424198722917E-015,1.86846874685431E-014,-1.));
#2281=DIRECTION('',(-1.26424198722917E-015,1.86846874685431E-014,-1.));
#2282=DIRECTION('',(-1.26424198722917E-015,1.86846874685431E-014,-1.));
#2283=DIRECTION('',(-1.26424198722917E-015,1.86846874685431E-014,-1.));
#2284=DIRECTION('',(-1.26424198722917E-015,1.86846874685431E-014,-1.));
#2285=DIRECTION('',(-1.26424198722917E-015,1.86846874685431E-014,-1.));
#2286=DIRECTION('',(-1.26424198722917E-015,1.86846874685431E-014,-1.));
#2287=DIRECTION('',(-1.26424198722917E-015,1.86846874685431E-014,-1.));
#2288=DIRECTION('',(-1.26424198722917E-015,1.86846874685431E-014,-1.));
#2289=DIRECTION('',(-1.26424198722917E-015,1.86846874685431E-014,-1.));
#2290=DIRECTION('',(-1.26424198722917E-015,1.86846874685431E-014,-1.));
#2291=DIRECTION('',(-1.26424198722917E-015,1.86846874685431E-014,-1.));
#2292=DIRECTION('',(-1.26424198722917E-015,1.86846874685431E-014,-1.));
#2293=DIRECTION('',(-1.26424198722917E-015,1.86846874685431E-014,-1.));
#2294=DIRECTION('',(-1.26424198722917E-015,1.86846874685431E-014,-1.));
#2295=DIRECTION('',(-1.26424198722917E-015,1.86846874685431E-014,-1.));
#2296=DIRECTION('',(-1.26424198722917E-015,1.86846874685431E-014,-1.));
#2297=DIRECTION('',(-1.26424198722917E-015,1.86846874685431E-014,-1.));
#2298=DIRECTION('',(-1.26424198722917E-015,1.86846874685431E-014,-1.));
#2299=DIRECTION('',(-1.26424198722917E-015,1.86846874685431E-014,-1.));
#2300=DIRECTION('',(-1.26424198722917E-015,1.86846874685431E-014,-1.));
#2301=DIRECTION('',(-1.26424198722917E-015,1.86846874685431E-014,-1.));
#2302=DIRECTION('',(-1.26424198722917E-015,1.86846874685431E-014,-1.));
#2303=DIRECTION('',(-1.26424198722917E-015,1.86846874685431E-014,-1.));
#2304=DIRECTION('',(-1.26424198722917E-015,1.86846874685431E-014,-1.));
#2305=DIRECTION('',(-1.26424198722917E-015,1.86846874685431E-014,-1.));
#2306=DIRECTION('',(-1.26424198722917E-015,1.86846874685431E-014,-1.));
#2307=DIRECTION('',(-1.26424198722917E-015,1.86846874685431E-014,-1.));
#2308=DIRECTION('',(-1.26424198722917E-015,1.86846874685431E-014,-1.));
#2309=DIRECTION('',(-1.26424198722917E-015,1.86846874685431E-014,-1.));
#2310=DIRECTION('',(-1.26424198722917E-015,1.86846874685431E-014,-1.));
#2311=DIRECTION('',(-1.26424198722917E-015,1.86846874685431E-014,-1.));
#2312=DIRECTION('',(-1.26424198722917E-015,1.86846874685431E-014,-1.));
#2313=DIRECTION('',(-1.26424198722917E-015,1.86846874685431E-014,-1.));
#2314=DIRECTION('',(-1.26424198722917E-015,1.86846874685431E-014,-1.));
#2315=DIRECTION('',(-1.26424198722917E-015,1.86846874685431E-014,-1.));
#2316=DIRECTION('',(-1.26424198722917E-015,1.86846874685431E-014,-1.));
#2317=DIRECTION('',(-1.26424198722917E-015,1.86846874685431E-014,-1.));
#2318=DIRECTION('',(-1.26424198722917E-015,1.86846874685431E-014,-1.));
#2319=DIRECTION('',(-1.26424198722917E-015,1.86846874685431E-014,-1.));
#2320=DIRECTION('',(-1.26424198722917E-015,1.86846874685431E-014,-1.));
#2321=DIRECTION('',(-1.26424198722917E-015,1.86846874685431E-014,-1.));
#2322=DIRECTION('',(-1.26424198722917E-015,1.86846874685431E-014,-1.));
#2323=DIRECTION('',(-1.26424198722917E-015,1.86846874685431E-014,-1.));
#2324=DIRECTION('',(-1.26424198722917E-015,1.86846874685431E-014,-1.));
#2325=DIRECTION('',(-1.26424198722917E-015,1.86846874685431E-014,-1.));
#2326=DIRECTION('',(-1.26424198722917E-015,1.86846874685431E-014,-1.));
#2327=DIRECTION('',(-1.26424198722917E-015,1.86846874685431E-014,-1.));
#2328=DIRECTION('',(0.989422731407767,0.145060878852963,1.82654421454276E-016)
);
#2329=DIRECTION('',(-0.122050266049336,0.992523920395517,
-1.52977600807041E-017));
#2330=DIRECTION('',(-0.99924031181956,-0.0389717748473059,
-1.83697019872103E-016));
#2331=DIRECTION('',(0.0389717748473059,-0.99924031181956,
-1.69481835106077E-032));
#2332=DIRECTION('',(0.999232568836282,0.0391698018484204,1.83697016264785E-016
));
#2333=DIRECTION('',(0.783477931674212,0.621419609104427,1.48261967212614E-016)
);
#2334=DIRECTION('',(0.765859014833959,-0.643008529801555,1.35975843805024E-016
));
#2335=DIRECTION('',(0.99924031181956,0.0389717748473059,1.83697019872103E-016)
);
#2336=DIRECTION('',(0.783378347518125,0.62154514288165,1.48244586493301E-016)
);
#2337=DIRECTION('',(0.765966572533605,-0.642880400822052,1.35996504099195E-016
));
#2338=DIRECTION('',(0.99924031181956,0.0389717748473059,1.83697019872103E-016)
);
#2339=DIRECTION('',(0.783477931674818,0.621419609103664,1.4826196721272E-016)
);
#2340=DIRECTION('',(0.765751468387301,-0.643136601868291,1.35955185983861E-016
));
#2341=DIRECTION('',(0.99924031181956,0.0389717748473059,1.83697019872103E-016)
);
#2342=DIRECTION('',(0.783477931676128,0.621419609102011,1.48261967212949E-016)
);
#2343=DIRECTION('',(0.766181721637051,-0.6426239720313,1.36037832097171E-016)
);
#2344=DIRECTION('',(0.99924031181956,0.0389717748473059,1.83697019872103E-016)
);
#2345=DIRECTION('',(0.783677109661233,0.621168405340304,1.48296729452006E-016)
);
#2346=DIRECTION('',(0.766289313013445,-0.642495672173271,1.3605849979628E-016)
);
#2347=DIRECTION('',(0.99924031181956,0.0389717748473059,1.83697019872103E-016)
);
#2348=DIRECTION('',(0.783776703468648,0.621042735324888,1.48314110967564E-016)
);
#2349=DIRECTION('',(0.765751468392355,-0.643136601862273,1.35955185984831E-016
));
#2350=DIRECTION('',(0.99924031181956,0.0389717748473059,1.83697019872103E-016)
);
#2351=DIRECTION('',(0.783477931674945,0.621419609103503,1.48261967212742E-016)
);
#2352=DIRECTION('',(0.765751468393968,-0.643136601860353,1.35955185985141E-016
));
#2353=DIRECTION('',(0.99924031181956,0.0389717748473059,1.83697019872103E-016)
);
#2354=DIRECTION('',(0.783477931675045,0.621419609103377,1.48261967212759E-016)
);
#2355=DIRECTION('',(0.765751468388705,-0.643136601866619,1.3595518598413E-016)
);
#2356=DIRECTION('',(0.99924031181956,0.0389717748473059,1.83697019872103E-016)
);
#2357=DIRECTION('',(0.783477931674705,0.621419609103805,1.482619672127E-016));
#2358=DIRECTION('',(0.765751468392759,-0.643136601861792,1.35955185984909E-016
));
#2359=DIRECTION('',(0.99924031181956,0.0389717748473059,1.83697019872103E-016)
);
#2360=DIRECTION('',(0.783477931674805,0.621419609103679,1.48261967212718E-016)
);
#2361=DIRECTION('',(0.766827437626535,-0.64185331727983,1.36161875205389E-016)
);
#2362=DIRECTION('',(0.999232561136733,0.0391699982655795,
-3.48987103595346E-014));
#2363=DIRECTION('',(0.783477931672563,0.621419609106506,1.48261967212326E-016)
);
#2364=DIRECTION('',(0.765859014833959,-0.643008529801555,1.35975843805024E-016
));
#2365=DIRECTION('',(0.99924031181956,0.0389717748473059,1.83697019872103E-016)
);
#2366=DIRECTION('',(0.783378347518125,0.62154514288165,1.48244586493301E-016)
);
#2367=DIRECTION('',(0.765966572533605,-0.642880400822052,1.35996504099195E-016
));
#2368=DIRECTION('',(0.99924031181956,0.0389717748473059,1.83697019872103E-016)
);
#2369=DIRECTION('',(0.783477931674818,0.621419609103664,1.4826196721272E-016)
);
#2370=DIRECTION('',(0.76575146839173,-0.643136601863018,1.35955185984711E-016)
);
#2371=DIRECTION('',(0.99924031181956,0.0389717748473059,1.83697019872103E-016)
);
#2372=DIRECTION('',(0.783477931676128,0.621419609102011,1.48261967212949E-016)
);
#2373=DIRECTION('',(0.766181721637051,-0.6426239720313,1.36037832097171E-016)
);
#2374=DIRECTION('',(0.99924031181956,0.0389717748473059,1.83697019872103E-016)
);
#2375=DIRECTION('',(0.783677109661233,0.621168405340304,1.48296729452006E-016)
);
#2376=DIRECTION('',(0.766289313013445,-0.642495672173271,1.3605849979628E-016)
);
#2377=DIRECTION('',(0.99924031181956,0.0389717748473059,1.83697019872103E-016)
);
#2378=DIRECTION('',(0.783776703467,0.621042735326967,1.48314110967276E-016));
#2379=DIRECTION('',(0.765751468392355,-0.643136601862273,1.35955185984831E-016
));
#2380=DIRECTION('',(0.99924031181956,0.0389717748473059,1.83697019872103E-016)
);
#2381=DIRECTION('',(0.783477931674945,0.621419609103503,1.48261967212742E-016)
);
#2382=DIRECTION('',(0.765751468393968,-0.643136601860353,1.35955185985141E-016
));
#2383=DIRECTION('',(0.99924031181956,0.0389717748473059,1.83697019872103E-016)
);
#2384=DIRECTION('',(0.783477931675045,0.621419609103377,1.48261967212759E-016)
);
#2385=DIRECTION('',(0.765751468388705,-0.643136601866619,1.3595518598413E-016)
);
#2386=DIRECTION('',(0.99924031181956,0.0389717748473059,1.83697019872103E-016)
);
#2387=DIRECTION('',(0.783477931674705,0.621419609103805,1.482619672127E-016));
#2388=DIRECTION('',(0.765751468392759,-0.643136601861792,1.35955185984909E-016
));
#2389=DIRECTION('',(0.99924031181956,0.0389717748473059,1.83697019872103E-016)
);
#2390=DIRECTION('',(0.783477931674805,0.621419609103679,1.48261967212718E-016)
);
#2391=DIRECTION('',(0.765751468389116,-0.64313660186613,1.35955185984209E-016)
);
#2392=DIRECTION('',(0.99924031181956,0.0389717748473059,1.83697019872103E-016)
);
#2393=DIRECTION('',(0.783477931674818,0.621419609103664,1.4826196721272E-016)
);
#2394=DIRECTION('',(0.76585901482909,-0.643008529807355,1.35975843804088E-016)
);
#2395=DIRECTION('',(0.99924031181956,0.0389717748473059,1.83697019872103E-016)
);
#2396=DIRECTION('',(0.783378347515267,0.621545142885254,1.48244586492802E-016)
);
#2397=DIRECTION('',(0.765966572528735,-0.642880400827854,1.3599650409826E-016)
);
#2398=DIRECTION('',(0.999232561136469,0.0391699982723106,1.83697016257625E-016
));
#2399=DIRECTION('',(0.783477931674818,0.621419609103664,1.4826196721272E-016)
);
#2400=DIRECTION('',(0.765859014826878,-0.643008529809989,1.35975843803664E-016
));
#2401=DIRECTION('',(0.99924031181956,0.0389717748473059,1.83697019872103E-016)
);
#2402=DIRECTION('',(0.783378347513617,0.621545142887333,1.48244586492514E-016)
);
#2403=DIRECTION('',(0.765966572528735,-0.642880400827854,1.3599650409826E-016)
);
#2404=DIRECTION('',(0.99920888518826,0.0397693822033322,1.83696961349435E-016)
);
#2405=DIRECTION('',(-0.183600980377406,0.983000854528853,
-2.66640289385424E-017));
#2406=DIRECTION('',(-0.999938505765207,0.0110898461687237,
-1.83466787494817E-016));
#2407=DIRECTION('',(-0.587807641061952,0.809000727508439,
-1.02104846604703E-016));
#2408=DIRECTION('',(-0.999979760666566,-0.00636225252863606,
-1.83599299695382E-016));
#2409=DIRECTION('',(-0.587888297586412,0.808942117559069,
-1.02120071300626E-016));
#2410=DIRECTION('',(-1.,3.12103815014453E-012,2.1357411675276E-015));
#2411=DIRECTION('',(-0.0389717748473059,0.99924031181956,1.69481835106077E-032
));
#2412=DIRECTION('',(-0.994705033095517,0.102771090947046,
-1.81849798575383E-016));
#2413=DIRECTION('',(0.999252219806985,0.0386652455160068,1.83697011228972E-016
));
#2414=DIRECTION('',(-1.83557467417324E-016,-7.15899889857669E-018,1.));
#2415=DIRECTION('',(-0.0386652506950539,0.999252219606586,
5.63500449238418E-020));
#2416=DIRECTION('',(0.145060878852952,-0.989422731407769,1.95437312992041E-017
));
#2417=DIRECTION('',(-1.83557467417324E-016,-7.15899889857669E-018,1.));
#2418=DIRECTION('',(0.989422731407767,0.145060878852963,1.82654421454276E-016)
);
#2419=DIRECTION('',(-0.122050266049336,0.992523920395517,
-1.52977600807041E-017));
#2420=DIRECTION('',(-0.99924031181956,-0.0389717748473059,
-1.83697019872103E-016));
#2421=DIRECTION('',(0.0389717748473059,-0.99924031181956,
-1.69481835106077E-032));
#2422=DIRECTION('',(0.999232568836282,0.0391698018484204,1.83697016264785E-016
));
#2423=DIRECTION('',(0.783477931674212,0.621419609104427,1.48261967212614E-016)
);
#2424=DIRECTION('',(0.765859014833959,-0.643008529801555,1.35975843805024E-016
));
#2425=DIRECTION('',(0.99924031181956,0.0389717748473059,1.83697019872103E-016)
);
#2426=DIRECTION('',(0.783378347518125,0.62154514288165,1.48244586493301E-016)
);
#2427=DIRECTION('',(0.765966572533605,-0.642880400822052,1.35996504099195E-016
));
#2428=DIRECTION('',(0.99924031181956,0.0389717748473059,1.83697019872103E-016)
);
#2429=DIRECTION('',(0.783477931674818,0.621419609103664,1.4826196721272E-016)
);
#2430=DIRECTION('',(0.765751468387301,-0.643136601868291,1.35955185983861E-016
));
#2431=DIRECTION('',(0.99924031181956,0.0389717748473059,1.83697019872103E-016)
);
#2432=DIRECTION('',(0.783477931676128,0.621419609102011,1.48261967212949E-016)
);
#2433=DIRECTION('',(0.766181721637051,-0.6426239720313,1.36037832097171E-016)
);
#2434=DIRECTION('',(0.99924031181956,0.0389717748473059,1.83697019872103E-016)
);
#2435=DIRECTION('',(0.783677109661233,0.621168405340304,1.48296729452006E-016)
);
#2436=DIRECTION('',(0.766289313013445,-0.642495672173271,1.3605849979628E-016)
);
#2437=DIRECTION('',(0.99924031181956,0.0389717748473059,1.83697019872103E-016)
);
#2438=DIRECTION('',(0.783776703468648,0.621042735324888,1.48314110967564E-016)
);
#2439=DIRECTION('',(0.765751468392355,-0.643136601862273,1.35955185984831E-016
));
#2440=DIRECTION('',(0.99924031181956,0.0389717748473059,1.83697019872103E-016)
);
#2441=DIRECTION('',(0.783477931674945,0.621419609103503,1.48261967212742E-016)
);
#2442=DIRECTION('',(0.765751468393968,-0.643136601860353,1.35955185985141E-016
));
#2443=DIRECTION('',(0.99924031181956,0.0389717748473059,1.83697019872103E-016)
);
#2444=DIRECTION('',(0.783477931675045,0.621419609103377,1.48261967212759E-016)
);
#2445=DIRECTION('',(0.765751468388705,-0.643136601866619,1.3595518598413E-016)
);
#2446=DIRECTION('',(0.99924031181956,0.0389717748473059,1.83697019872103E-016)
);
#2447=DIRECTION('',(0.783477931674705,0.621419609103805,1.482619672127E-016));
#2448=DIRECTION('',(0.765751468392759,-0.643136601861792,1.35955185984909E-016
));
#2449=DIRECTION('',(0.99924031181956,0.0389717748473059,1.83697019872103E-016)
);
#2450=DIRECTION('',(0.783477931674805,0.621419609103679,1.48261967212718E-016)
);
#2451=DIRECTION('',(0.766827437626535,-0.64185331727983,1.36161875205389E-016)
);
#2452=DIRECTION('',(0.999232561136733,0.0391699982655795,
-3.48987103595346E-014));
#2453=DIRECTION('',(0.783477931672563,0.621419609106506,1.48261967212326E-016)
);
#2454=DIRECTION('',(0.765859014833959,-0.643008529801555,1.35975843805024E-016
));
#2455=DIRECTION('',(0.99924031181956,0.0389717748473059,1.83697019872103E-016)
);
#2456=DIRECTION('',(0.783378347518125,0.62154514288165,1.48244586493301E-016)
);
#2457=DIRECTION('',(0.765966572533605,-0.642880400822052,1.35996504099195E-016
));
#2458=DIRECTION('',(0.99924031181956,0.0389717748473059,1.83697019872103E-016)
);
#2459=DIRECTION('',(0.783477931674818,0.621419609103664,1.4826196721272E-016)
);
#2460=DIRECTION('',(0.76575146839173,-0.643136601863018,1.35955185984711E-016)
);
#2461=DIRECTION('',(0.99924031181956,0.0389717748473059,1.83697019872103E-016)
);
#2462=DIRECTION('',(0.783477931676128,0.621419609102011,1.48261967212949E-016)
);
#2463=DIRECTION('',(0.766181721637051,-0.6426239720313,1.36037832097171E-016)
);
#2464=DIRECTION('',(0.99924031181956,0.0389717748473059,1.83697019872103E-016)
);
#2465=DIRECTION('',(0.783677109661233,0.621168405340304,1.48296729452006E-016)
);
#2466=DIRECTION('',(0.766289313013445,-0.642495672173271,1.3605849979628E-016)
);
#2467=DIRECTION('',(0.99924031181956,0.0389717748473059,1.83697019872103E-016)
);
#2468=DIRECTION('',(0.783776703467,0.621042735326967,1.48314110967276E-016));
#2469=DIRECTION('',(0.765751468392355,-0.643136601862273,1.35955185984831E-016
));
#2470=DIRECTION('',(0.99924031181956,0.0389717748473059,1.83697019872103E-016)
);
#2471=DIRECTION('',(0.783477931674945,0.621419609103503,1.48261967212742E-016)
);
#2472=DIRECTION('',(0.765751468393968,-0.643136601860353,1.35955185985141E-016
));
#2473=DIRECTION('',(0.99924031181956,0.0389717748473059,1.83697019872103E-016)
);
#2474=DIRECTION('',(0.783477931675045,0.621419609103377,1.48261967212759E-016)
);
#2475=DIRECTION('',(0.765751468388705,-0.643136601866619,1.3595518598413E-016)
);
#2476=DIRECTION('',(0.99924031181956,0.0389717748473059,1.83697019872103E-016)
);
#2477=DIRECTION('',(0.783477931674705,0.621419609103805,1.482619672127E-016));
#2478=DIRECTION('',(0.765751468392759,-0.643136601861792,1.35955185984909E-016
));
#2479=DIRECTION('',(0.99924031181956,0.0389717748473059,1.83697019872103E-016)
);
#2480=DIRECTION('',(0.783477931674805,0.621419609103679,1.48261967212718E-016)
);
#2481=DIRECTION('',(0.765751468389116,-0.64313660186613,1.35955185984209E-016)
);
#2482=DIRECTION('',(0.99924031181956,0.0389717748473059,1.83697019872103E-016)
);
#2483=DIRECTION('',(0.783477931674818,0.621419609103664,1.4826196721272E-016)
);
#2484=DIRECTION('',(0.76585901482909,-0.643008529807355,1.35975843804088E-016)
);
#2485=DIRECTION('',(0.99924031181956,0.0389717748473059,1.83697019872103E-016)
);
#2486=DIRECTION('',(0.783378347515267,0.621545142885254,1.48244586492802E-016)
);
#2487=DIRECTION('',(0.765966572528735,-0.642880400827854,1.3599650409826E-016)
);
#2488=DIRECTION('',(0.999232561136469,0.0391699982723106,1.83697016257625E-016
));
#2489=DIRECTION('',(0.783477931674818,0.621419609103664,1.4826196721272E-016)
);
#2490=DIRECTION('',(0.765859014826878,-0.643008529809989,1.35975843803664E-016
));
#2491=DIRECTION('',(0.99924031181956,0.0389717748473059,1.83697019872103E-016)
);
#2492=DIRECTION('',(0.783378347513617,0.621545142887333,1.48244586492514E-016)
);
#2493=DIRECTION('',(0.765966572528735,-0.642880400827854,1.3599650409826E-016)
);
#2494=DIRECTION('',(0.99920888518826,0.0397693822033322,1.83696961349435E-016)
);
#2495=DIRECTION('',(-0.183600980377406,0.983000854528853,
-2.66640289385424E-017));
#2496=DIRECTION('',(-0.999938505765207,0.0110898461687237,
-1.83466787494817E-016));
#2497=DIRECTION('',(-0.587807641061952,0.809000727508439,
-1.02104846604703E-016));
#2498=DIRECTION('',(-0.999979760666566,-0.00636225252863606,
-1.83599299695382E-016));
#2499=DIRECTION('',(-0.587888297586412,0.808942117559069,
-1.02120071300626E-016));
#2500=DIRECTION('',(-1.,3.12103815014453E-012,2.1357411675276E-015));
#2501=DIRECTION('',(-0.0389717748473059,0.99924031181956,1.69481835106077E-032
));
#2502=DIRECTION('',(-0.994705033095517,0.102771090947046,
-1.81849798575383E-016));
#2503=DIRECTION('',(0.999252219806985,0.0386652455160068,1.83697011228972E-016
));
#2504=DIRECTION('',(-1.83557467417324E-016,-7.15899889857669E-018,1.));
#2505=DIRECTION('',(-0.0386652506950539,0.999252219606586,
5.63500449238418E-020));
#2506=DIRECTION('',(0.145060878852952,-0.989422731407769,1.95437312992041E-017
));
#2507=DIRECTION('',(-1.83557467417324E-016,-7.15899889857669E-018,1.));
#2508=DIRECTION('',(0.0389717748473059,-0.99924031181956,
-1.87197626863969E-014));
#2509=DIRECTION('',(-1.26424198722917E-015,1.86846874685431E-014,-1.));
#2510=DIRECTION('',(0.0386652506950539,-0.999252219606586,
-5.63500449238433E-020));
#2511=DIRECTION('',(-0.999252219606586,-0.0386652506950539,
5.4084848672864E-016));
#2512=DIRECTION('',(0.0389717748473059,-0.99924031181956,
-1.87197626863969E-014));
#2513=DIRECTION('',(-1.26424198722917E-015,1.86846874685431E-014,-1.));
#2514=DIRECTION('',(0.994705033095517,-0.102771090947046,1.81849798575383E-016
));
#2515=DIRECTION('',(-0.102771090947046,-0.994705033095517,
-1.8455825138528E-014));
#2516=DIRECTION('',(-5.34699610619916E-016,-2.08540354002295E-017,-1.));
#2517=DIRECTION('',(-0.99924031181956,-0.0389717748473059,
5.35106124417918E-016));
#2518=DIRECTION('',(1.,-3.12103815014453E-012,1.83557467417302E-016));
#2519=DIRECTION('',(-3.12103815014453E-012,-1.,-1.86846874685392E-014));
#2520=DIRECTION('',(0.587888297586412,-0.808942117559069,1.02120071300627E-016
));
#2521=DIRECTION('',(-0.808942117559069,-0.587888297586412,
-9.96181051655974E-015));
#2522=DIRECTION('',(0.999979760666566,0.00636225252863606,
1.83599299695382E-016));
#2523=DIRECTION('',(0.00636225252863606,-0.999979760666566,
-1.86923527297034E-014));
#2524=DIRECTION('',(0.587807641061952,-0.809000727508439,1.02104846604702E-016
));
#2525=DIRECTION('',(-0.809000727508439,-0.587807641061952,
-9.96022937744904E-015));
#2526=DIRECTION('',(0.999938505765207,-0.0110898461687237,
1.83466787494817E-016));
#2527=DIRECTION('',(-0.0110898461687237,-0.999938505765207,
-1.86695182188265E-014));
#2528=DIRECTION('',(0.183600980377406,-0.983000854528853,2.66640289385424E-017
));
#2529=DIRECTION('',(-0.983000854528853,-0.183600980377406,
-2.18777598349241E-015));
#2530=DIRECTION('',(-0.99920888518826,-0.0397693822033322,
-1.83696961349435E-016));
#2531=DIRECTION('',(-0.0397693822033322,0.99920888518826,1.87201838583217E-014
));
#2532=DIRECTION('',(-0.765966572528735,0.642880400827854,
-1.35996504098261E-016));
#2533=DIRECTION('',(0.642880400827854,0.765966572528735,1.34990896235573E-014)
);
#2534=DIRECTION('',(-0.783378347513617,-0.621545142887333,
-1.48244586492515E-016));
#2535=DIRECTION('',(-0.621545142887333,0.783378347513617,1.54229630595122E-014
));
#2536=DIRECTION('',(-5.45984909191933E-016,1.87127005028419E-014,-1.));
#2537=DIRECTION('',(-0.0389717748473059,0.99924031181956,1.87197626863969E-014
));
#2538=DIRECTION('',(-0.765859014826878,0.643008529809989,
-1.35975843803664E-016));
#2539=DIRECTION('',(0.643008529809989,0.765859014826878,1.34969179554743E-014)
);
#2540=DIRECTION('',(-0.783477931674818,-0.621419609103664,
-1.4826196721272E-016));
#2541=DIRECTION('',(-0.621419609103664,0.783477931674818,1.5424665053361E-014)
);
#2542=DIRECTION('',(-0.999232561136469,-0.0391699982723106,
-1.83697016257625E-016));
#2543=DIRECTION('',(-0.0391699982723106,0.999232561136469,
1.87198684696824E-014));
#2544=DIRECTION('',(-0.765966572528735,0.642880400827854,
-1.35996504098261E-016));
#2545=DIRECTION('',(0.642880400827854,0.765966572528735,1.34990896235573E-014)
);
#2546=DIRECTION('',(-0.783378347515266,-0.621545142885254,
-1.48244586492805E-016));
#2547=DIRECTION('',(-0.621545142885254,0.783378347515266,1.54229630595404E-014
));
#2548=DIRECTION('',(-5.45984909191933E-016,1.87127005028419E-014,-1.));
#2549=DIRECTION('',(-0.0389717748473059,0.99924031181956,1.87197626863969E-014
));
#2550=DIRECTION('',(-0.76585901482909,0.643008529807355,-1.35975843804089E-016
));
#2551=DIRECTION('',(0.643008529807355,0.76585901482909,1.34969179555189E-014)
);
#2552=DIRECTION('',(-0.783477931674818,-0.621419609103664,
-1.4826196721272E-016));
#2553=DIRECTION('',(-0.621419609103664,0.783477931674818,1.5424665053361E-014)
);
#2554=DIRECTION('',(-5.45984909191933E-016,1.87127005028419E-014,-1.));
#2555=DIRECTION('',(-0.0389717748473059,0.99924031181956,1.87197626863969E-014
));
#2556=DIRECTION('',(-0.765751468389116,0.64313660186613,-1.3595518598421E-016)
);
#2557=DIRECTION('',(0.64313660186613,0.765751468389116,1.34947465698256E-014)
);
#2558=DIRECTION('',(-0.783477931674805,-0.621419609103679,
-1.48261967212716E-016));
#2559=DIRECTION('',(-0.621419609103679,0.783477931674805,1.54246650533607E-014
));
#2560=DIRECTION('',(-5.45984909191933E-016,1.87127005028419E-014,-1.));
#2561=DIRECTION('',(-0.0389717748473059,0.99924031181956,1.87197626863969E-014
));
#2562=DIRECTION('',(-0.765751468392759,0.643136601861792,
-1.35955185984909E-016));
#2563=DIRECTION('',(0.643136601861792,0.765751468392759,1.34947465698991E-014)
);
#2564=DIRECTION('',(-0.783477931674705,-0.621419609103805,
-1.48261967212699E-016));
#2565=DIRECTION('',(-0.621419609103805,0.783477931674705,1.5424665053359E-014)
);
#2566=DIRECTION('',(-5.45984909191933E-016,1.87127005028419E-014,-1.));
#2567=DIRECTION('',(-0.0389717748473059,0.99924031181956,1.87197626863969E-014
));
#2568=DIRECTION('',(-0.765751468388705,0.643136601866619,
-1.35955185984132E-016));
#2569=DIRECTION('',(0.643136601866619,0.765751468388705,1.34947465698173E-014)
);
#2570=DIRECTION('',(-0.783477931675045,-0.621419609103377,
-1.48261967212761E-016));
#2571=DIRECTION('',(-0.621419609103377,0.783477931675045,1.54246650533648E-014
));
#2572=DIRECTION('',(-5.45984909191933E-016,1.87127005028419E-014,-1.));
#2573=DIRECTION('',(-0.0389717748473059,0.99924031181956,1.87197626863969E-014
));
#2574=DIRECTION('',(-0.765751468393968,0.643136601860353,
-1.35955185985141E-016));
#2575=DIRECTION('',(0.643136601860353,0.765751468393968,1.34947465699235E-014)
);
#2576=DIRECTION('',(-0.783477931674945,-0.621419609103503,
-1.48261967212743E-016));
#2577=DIRECTION('',(-0.621419609103503,0.783477931674945,1.54246650533631E-014
));
#2578=DIRECTION('',(-5.45984909191933E-016,1.87127005028419E-014,-1.));
#2579=DIRECTION('',(-0.0389717748473059,0.99924031181956,1.87197626863969E-014
));
#2580=DIRECTION('',(-0.765751468392355,0.643136601862273,
-1.35955185984831E-016));
#2581=DIRECTION('',(0.643136601862273,0.765751468392355,1.3494746569891E-014)
);
#2582=DIRECTION('',(-0.783776703467,-0.621042735326968,-1.48314110967276E-016)
);
#2583=DIRECTION('',(-0.621042735326968,0.783776703467,1.54297710512699E-014));
#2584=DIRECTION('',(-5.45984909191933E-016,1.87127005028419E-014,-1.));
#2585=DIRECTION('',(-0.0389717748473059,0.99924031181956,1.87197626863969E-014
));
#2586=DIRECTION('',(-0.766289313013445,0.642495672173271,-1.3605849979628E-016
));
#2587=DIRECTION('',(0.642495672173271,0.766289313013445,1.35056063187664E-014)
);
#2588=DIRECTION('',(-0.783677109661233,-0.621168405340304,
-1.48296729452007E-016));
#2589=DIRECTION('',(-0.621168405340304,0.783677109661233,1.54280690494427E-014
));
#2590=DIRECTION('',(-5.45984909191933E-016,1.87127005028419E-014,-1.));
#2591=DIRECTION('',(-0.0389717748473059,0.99924031181956,1.87197626863969E-014
));
#2592=DIRECTION('',(-0.766181721637051,0.6426239720313,-1.36037832097172E-016)
);
#2593=DIRECTION('',(0.6426239720313,0.766181721637051,1.35034338054567E-014));
#2594=DIRECTION('',(-0.783477931676128,-0.621419609102011,
-1.48261967212948E-016));
#2595=DIRECTION('',(-0.621419609102011,0.783477931676128,1.54246650533834E-014
));
#2596=DIRECTION('',(-5.45984909191933E-016,1.87127005028419E-014,-1.));
#2597=DIRECTION('',(-0.0389717748473059,0.99924031181956,1.87197626863969E-014
));
#2598=DIRECTION('',(-0.76575146839173,0.643136601863018,-1.35955185984711E-016
));
#2599=DIRECTION('',(0.643136601863018,0.76575146839173,1.34947465698783E-014)
);
#2600=DIRECTION('',(-0.783477931674818,-0.621419609103664,
-1.4826196721272E-016));
#2601=DIRECTION('',(-0.621419609103664,0.783477931674818,1.5424665053361E-014)
);
#2602=DIRECTION('',(-5.45984909191933E-016,1.87127005028419E-014,-1.));
#2603=DIRECTION('',(-0.0389717748473059,0.99924031181956,1.87197626863969E-014
));
#2604=DIRECTION('',(-0.765966572533605,0.642880400822052,
-1.35996504099194E-016));
#2605=DIRECTION('',(0.642880400822052,0.765966572533605,1.34990896236556E-014)
);
#2606=DIRECTION('',(-0.783378347518125,-0.621545142881651,-1.482445864933E-016
));
#2607=DIRECTION('',(-0.62154514288165,0.783378347518125,1.54229630595893E-014)
);
#2608=DIRECTION('',(-5.45984909191933E-016,1.87127005028419E-014,-1.));
#2609=DIRECTION('',(-0.0389717748473059,0.99924031181956,1.87197626863969E-014
));
#2610=DIRECTION('',(-0.765859014833959,0.643008529801555,
-1.35975843805023E-016));
#2611=DIRECTION('',(0.643008529801555,0.765859014833959,1.34969179556172E-014)
);
#2612=DIRECTION('',(-0.783477931672563,-0.621419609106506,
-1.48261967212327E-016));
#2613=DIRECTION('',(-0.621419609106506,0.783477931672563,1.54246650533224E-014
));
#2614=DIRECTION('',(-0.999232561136733,-0.0391699982655795,
-1.83697016257626E-016));
#2615=DIRECTION('',(-0.0391699982655795,0.999232561136733,
1.87198684696788E-014));
#2616=DIRECTION('',(-0.766827437626535,0.64185331727983,-1.36161875205389E-016
));
#2617=DIRECTION('',(0.64185331727983,0.766827437626535,1.35164731010081E-014)
);
#2618=DIRECTION('',(-0.783477931674805,-0.621419609103679,
-1.48261967212716E-016));
#2619=DIRECTION('',(-0.621419609103679,0.783477931674805,1.54246650533607E-014
));
#2620=DIRECTION('',(-5.45984909191933E-016,1.87127005028419E-014,-1.));
#2621=DIRECTION('',(-0.0389717748473059,0.99924031181956,1.87197626863969E-014
));
#2622=DIRECTION('',(-0.765751468392759,0.643136601861792,
-1.35955185984909E-016));
#2623=DIRECTION('',(0.643136601861792,0.765751468392759,1.34947465698991E-014)
);
#2624=DIRECTION('',(-0.783477931674705,-0.621419609103805,
-1.48261967212699E-016));
#2625=DIRECTION('',(-0.621419609103805,0.783477931674705,1.5424665053359E-014)
);
#2626=DIRECTION('',(-5.45984909191933E-016,1.87127005028419E-014,-1.));
#2627=DIRECTION('',(-0.0389717748473059,0.99924031181956,1.87197626863969E-014
));
#2628=DIRECTION('',(-0.765751468388705,0.643136601866619,
-1.35955185984132E-016));
#2629=DIRECTION('',(0.643136601866619,0.765751468388705,1.34947465698173E-014)
);
#2630=DIRECTION('',(-0.783477931675045,-0.621419609103377,
-1.48261967212761E-016));
#2631=DIRECTION('',(-0.621419609103377,0.783477931675045,1.54246650533648E-014
));
#2632=DIRECTION('',(-5.45984909191933E-016,1.87127005028419E-014,-1.));
#2633=DIRECTION('',(-0.0389717748473059,0.99924031181956,1.87197626863969E-014
));
#2634=DIRECTION('',(-0.765751468393968,0.643136601860353,
-1.35955185985141E-016));
#2635=DIRECTION('',(0.643136601860353,0.765751468393968,1.34947465699235E-014)
);
#2636=DIRECTION('',(-0.783477931674945,-0.621419609103503,
-1.48261967212743E-016));
#2637=DIRECTION('',(-0.621419609103503,0.783477931674945,1.54246650533631E-014
));
#2638=DIRECTION('',(-5.45984909191933E-016,1.87127005028419E-014,-1.));
#2639=DIRECTION('',(-0.0389717748473059,0.99924031181956,1.87197626863969E-014
));
#2640=DIRECTION('',(-0.765751468392355,0.643136601862273,
-1.35955185984831E-016));
#2641=DIRECTION('',(0.643136601862273,0.765751468392355,1.3494746569891E-014)
);
#2642=DIRECTION('',(-0.783776703468648,-0.621042735324888,
-1.48314110967562E-016));
#2643=DIRECTION('',(-0.621042735324888,0.783776703468648,1.54297710512981E-014
));
#2644=DIRECTION('',(-5.45984909191933E-016,1.87127005028419E-014,-1.));
#2645=DIRECTION('',(-0.0389717748473059,0.99924031181956,1.87197626863969E-014
));
#2646=DIRECTION('',(-0.766289313013445,0.642495672173271,-1.3605849979628E-016
));
#2647=DIRECTION('',(0.642495672173271,0.766289313013445,1.35056063187664E-014)
);
#2648=DIRECTION('',(-0.783677109661233,-0.621168405340304,
-1.48296729452007E-016));
#2649=DIRECTION('',(-0.621168405340304,0.783677109661233,1.54280690494427E-014
));
#2650=DIRECTION('',(-5.45984909191933E-016,1.87127005028419E-014,-1.));
#2651=DIRECTION('',(-0.0389717748473059,0.99924031181956,1.87197626863969E-014
));
#2652=DIRECTION('',(-0.766181721637051,0.6426239720313,-1.36037832097172E-016)
);
#2653=DIRECTION('',(0.6426239720313,0.766181721637051,1.35034338054567E-014));
#2654=DIRECTION('',(-0.783477931676128,-0.621419609102011,
-1.48261967212948E-016));
#2655=DIRECTION('',(-0.621419609102011,0.783477931676128,1.54246650533834E-014
));
#2656=DIRECTION('',(-5.45984909191933E-016,1.87127005028419E-014,-1.));
#2657=DIRECTION('',(-0.0389717748473059,0.99924031181956,1.87197626863969E-014
));
#2658=DIRECTION('',(-0.765751468387301,0.643136601868291,-1.3595518598386E-016
));
#2659=DIRECTION('',(0.643136601868291,0.765751468387301,1.34947465697889E-014)
);
#2660=DIRECTION('',(-0.783477931674818,-0.621419609103664,
-1.4826196721272E-016));
#2661=DIRECTION('',(-0.621419609103664,0.783477931674818,1.5424665053361E-014)
);
#2662=DIRECTION('',(-5.45984909191933E-016,1.87127005028419E-014,-1.));
#2663=DIRECTION('',(-0.0389717748473059,0.99924031181956,1.87197626863969E-014
));
#2664=DIRECTION('',(-0.765966572533605,0.642880400822052,
-1.35996504099194E-016));
#2665=DIRECTION('',(0.642880400822052,0.765966572533605,1.34990896236556E-014)
);
#2666=DIRECTION('',(-0.783378347518125,-0.621545142881651,-1.482445864933E-016
));
#2667=DIRECTION('',(-0.62154514288165,0.783378347518125,1.54229630595893E-014)
);
#2668=DIRECTION('',(-5.45984909191933E-016,1.87127005028419E-014,-1.));
#2669=DIRECTION('',(-0.0389717748473059,0.99924031181956,1.87197626863969E-014
));
#2670=DIRECTION('',(-0.765859014833959,0.643008529801555,
-1.35975843805023E-016));
#2671=DIRECTION('',(0.643008529801555,0.765859014833959,1.34969179556172E-014)
);
#2672=DIRECTION('',(-0.783477931674212,-0.621419609104427,
-1.48261967212614E-016));
#2673=DIRECTION('',(-0.621419609104427,0.783477931674212,1.54246650533506E-014
));
#2674=DIRECTION('',(-0.999232568836282,-0.0391698018484204,
-1.83697016264785E-016));
#2675=DIRECTION('',(-0.0391698018484204,0.999232568836282,
1.87198683652237E-014));
#2676=DIRECTION('',(5.34699610619916E-016,2.08540354002295E-017,1.));
#2677=DIRECTION('',(0.99924031181956,0.0389717748473059,-5.35106124417918E-016
));
#2678=DIRECTION('',(5.45984909191933E-016,-1.87127005028419E-014,1.));
#2679=DIRECTION('',(0.0389717748473059,-0.99924031181956,
-1.87197626863969E-014));
#2680=DIRECTION('',(0.122050266049336,-0.992523920395517,1.52977600807041E-017
));
#2681=DIRECTION('',(-0.992523920395517,-0.122050266049336,
-1.02568066309106E-015));
#2682=DIRECTION('',(-0.989422731407767,-0.145060878852963,
-1.82654421454276E-016));
#2683=DIRECTION('',(-0.145060878852963,0.989422731407767,1.86704465643767E-014
));
#2684=DIRECTION('',(-0.99924031181956,-0.0389717748473059,
-1.83697019872103E-016));
#2685=DIRECTION('',(-1.83557467417324E-016,-7.15899889857669E-018,1.));
#2686=DIRECTION('',(-0.99924031181956,-0.0389717748473059,
-1.83697019872103E-016));
#2687=DIRECTION('',(-1.83557467417324E-016,-7.15899889857669E-018,1.));
#2688=DIRECTION('',(1.83557467417324E-016,7.15899889857669E-018,-1.));
#2689=DIRECTION('',(1.83557467417324E-016,7.15899889857669E-018,-1.));
#2690=DIRECTION('',(1.83557467417324E-016,7.15899889857669E-018,-1.));
#2691=DIRECTION('',(1.83557467417324E-016,7.15899889857669E-018,-1.));
#2692=DIRECTION('',(-1.,-1.80411241501588E-016,-1.83557467417324E-016));
#2693=DIRECTION('',(-6.25402507559158E-014,-1.,-7.15899889858817E-018));
#2694=DIRECTION('',(1.,1.80411241501588E-016,1.83557467417324E-016));
#2695=DIRECTION('',(6.25402507559158E-014,1.,7.15899889858817E-018));
#2696=DIRECTION('',(-1.,-1.80411241501588E-016,-1.83557467417324E-016));
#2697=DIRECTION('',(-6.25402507559158E-014,-1.,-7.15899889858817E-018));
#2698=DIRECTION('',(1.,1.80411241501588E-016,1.83557467417324E-016));
#2699=DIRECTION('',(6.25402507559158E-014,1.,7.15899889858817E-018));
#2700=DIRECTION('',(-6.25333118620119E-014,-1.,-7.15899889858817E-018));
#2701=DIRECTION('',(-1.,6.25333118620119E-014,-1.83557467417324E-016));
#2702=DIRECTION('',(-1.,-1.80411241501588E-016,-1.83557467417324E-016));
#2703=DIRECTION('',(-1.80411241501588E-016,1.,7.15899889857665E-018));
#2704=DIRECTION('',(6.25333118620119E-014,1.,7.15899889858817E-018));
#2705=DIRECTION('',(1.,-6.25333118620119E-014,1.83557467417324E-016));
#2706=DIRECTION('',(1.,1.80411241501588E-016,1.83557467417324E-016));
#2707=DIRECTION('',(1.80411241501588E-016,-1.,-7.15899889857665E-018));
#2708=DIRECTION('',(0.99924031181956,0.0389717748473059,1.83697019872103E-016)
);
#2709=DIRECTION('',(1.83557467417324E-016,7.15899889857669E-018,-1.));
#2710=DIRECTION('',(0.99924031181956,0.0389717748473059,1.83697019872103E-016)
);
#2711=DIRECTION('',(1.83557467417324E-016,7.15899889857669E-018,-1.));
#2712=DIRECTION('',(-1.83557467417324E-016,-7.15899889857669E-018,1.));
#2713=DIRECTION('',(-1.83557467417324E-016,-7.15899889857669E-018,1.));
#2714=DIRECTION('',(-0.375000000000019,-0.92702481088695,
-7.54706198815929E-017));
#2715=DIRECTION('',(-1.83557467417324E-016,-7.15899889857669E-018,1.));
#2716=DIRECTION('',(-1.,7.50788320402762E-015,-1.83557467417324E-016));
#2717=DIRECTION('',(-0.375000000000019,-0.92702481088695,
-7.54706198815929E-017));
#2718=DIRECTION('',(-1.83557467417324E-016,-7.15899889857669E-018,1.));
#2719=DIRECTION('',(-1.,7.50788320402762E-015,-1.83557467417324E-016));
#2720=DIRECTION('',(-1.,7.50788320402762E-015,-1.83557467417324E-016));
#2721=DIRECTION('',(7.50788320402762E-015,1.,7.15899889857807E-018));
#2722=DIRECTION('',(-0.0389717748473059,0.99924031181956,2.00296714216273E-032
));
#2723=DIRECTION('',(-1.83557467417324E-016,-7.15899889857669E-018,1.));
#2724=DIRECTION('',(-0.99924031181956,-0.0389717748473059,
-1.83697019872103E-016));
#2725=DIRECTION('',(-1.83557467417324E-016,-7.15899889857669E-018,1.));
#2726=DIRECTION('',(-0.99924031181956,-0.0389717748473059,
-1.83697019872103E-016));
#2727=DIRECTION('',(-1.83557467417324E-016,-7.15899889857669E-018,1.));
#2728=CARTESIAN_POINT('',(0.,0.,0.));
#2729=CARTESIAN_POINT('',(30.8472440693648,-57.0104583781143,0.));
#2730=CARTESIAN_POINT('',(9.44781110874393,-60.1478641134829,0.));
#2731=CARTESIAN_POINT('',(10.9028449851758,-71.9803326044656,0.));
#2732=CARTESIAN_POINT('',(50.868619195398,-70.4216113082012,0.));
#2733=CARTESIAN_POINT('',(47.3611594591397,19.510016755581,0.));
#2734=CARTESIAN_POINT('',(44.1198691391538,19.3829585475856,0.));
#2735=CARTESIAN_POINT('',(42.8515762307566,18.3770054102941,0.));
#2736=CARTESIAN_POINT('',(41.7621848480683,19.2916488861732,0.));
#2737=CARTESIAN_POINT('',(38.5240812674863,19.1653583010337,0.));
#2738=CARTESIAN_POINT('',(37.2558008855361,18.1590839845293,0.));
#2739=CARTESIAN_POINT('',(36.166422029289,19.0734062811733,0.));
#2740=CARTESIAN_POINT('',(32.9283184486924,18.9471156960332,0.));
#2741=CARTESIAN_POINT('',(31.6600255403019,17.9411625587493,0.));
#2742=CARTESIAN_POINT('',(30.571719626042,18.8552050338678,0.));
#2743=CARTESIAN_POINT('',(27.3321165753901,18.7288559672906,0.));
#2744=CARTESIAN_POINT('',(26.0642501950819,17.7232411329845,0.));
#2745=CARTESIAN_POINT('',(24.9748963917158,18.636921071173,0.));
#2746=CARTESIAN_POINT('',(21.7367928111192,18.5106304860329,0.));
#2747=CARTESIAN_POINT('',(20.4684748498543,17.5053197072048,0.));
#2748=CARTESIAN_POINT('',(19.379133572929,18.4186784661728,0.));
#2749=CARTESIAN_POINT('',(16.1410299923395,18.292387881033,0.));
#2750=CARTESIAN_POINT('',(14.87269950462,17.2873982814394,0.));
#2751=CARTESIAN_POINT('',(13.7854915852076,18.2005185765613,0.));
#2752=CARTESIAN_POINT('',(10.5435109554692,18.0740767810623,0.));
#2753=CARTESIAN_POINT('',(9.27692415939951,17.0694768556673,0.));
#2754=CARTESIAN_POINT('',(8.19008223826723,17.9822897574594,0.));
#2755=CARTESIAN_POINT('',(4.94730908216701,17.8558170523197,0.));
#2756=CARTESIAN_POINT('',(3.68114881416526,16.8515554298873,0.));
#2757=CARTESIAN_POINT('',(2.59467289132731,17.7640609383574,0.));
#2758=CARTESIAN_POINT('',(-0.648892791142774,17.6375573235768,0.));
#2759=CARTESIAN_POINT('',(-1.91462653105567,16.6336340041225,0.));
#2760=CARTESIAN_POINT('',(-3.00073645561261,17.5458321192554,0.));
#2761=CARTESIAN_POINT('',(-6.24509466444456,17.4192975948342,0.));
#2762=CARTESIAN_POINT('',(-7.51040187628993,16.4157125783425,0.));
#2763=CARTESIAN_POINT('',(-8.59968052100424,17.327465441172,0.));
#2764=CARTESIAN_POINT('',(-11.8377590487198,17.2005324975837,0.));
#2765=CARTESIAN_POINT('',(-13.1060519571098,16.1945793602925,0.));
#2766=CARTESIAN_POINT('',(-14.1954433397986,17.1092228361715,0.));
#2767=CARTESIAN_POINT('',(-17.4335469203801,16.982932251032,0.));
#2768=CARTESIAN_POINT('',(-18.7018273023303,15.9766579345276,0.));
#2769=CARTESIAN_POINT('',(-19.7912061585779,16.8909802311716,0.));
#2770=CARTESIAN_POINT('',(-23.0293097391745,16.7646896460315,0.));
#2771=CARTESIAN_POINT('',(-24.297602647565,15.7587365087476,0.));
#2772=CARTESIAN_POINT('',(-25.3859085618395,16.6727789838655,0.));
#2773=CARTESIAN_POINT('',(-28.6255116124763,16.546429917289,0.));
#2774=CARTESIAN_POINT('',(-29.8933779927846,15.5408150829828,0.));
#2775=CARTESIAN_POINT('',(-30.9827317961511,16.4544950211713,0.));
#2776=CARTESIAN_POINT('',(-34.2208353767472,16.3282044360313,0.));
#2777=CARTESIAN_POINT('',(-35.4891533380122,15.3228936572032,0.));
#2778=CARTESIAN_POINT('',(-36.5784946149379,16.2362524161711,0.));
#2779=CARTESIAN_POINT('',(-39.8165981955341,16.1099618310311,0.));
#2780=CARTESIAN_POINT('',(-41.0849286832469,15.1049722314377,0.));
#2781=CARTESIAN_POINT('',(-42.1721366026588,16.0180925265596,0.));
#2782=CARTESIAN_POINT('',(-45.4141172323981,15.8916507310606,0.));
#2783=CARTESIAN_POINT('',(-46.6807040284674,14.8870508056656,0.));
#2784=CARTESIAN_POINT('',(-47.7675459495992,15.7998637074577,0.));
#2785=CARTESIAN_POINT('',(-51.0103191056999,15.673391002318,0.));
#2786=CARTESIAN_POINT('',(-52.2764793737016,14.6691293798856,0.));
#2787=CARTESIAN_POINT('',(-53.3629552965396,15.5816348883557,0.));
#2788=CARTESIAN_POINT('',(-56.6065209790096,15.4551312735751,0.));
#2789=CARTESIAN_POINT('',(-57.8722547189221,14.4512079541208,0.));
#2790=CARTESIAN_POINT('',(-58.9583646434799,15.3634060692538,0.));
#2791=CARTESIAN_POINT('',(-62.2027228523119,15.2368715448325,0.));
#2792=CARTESIAN_POINT('',(-63.4680300641564,14.2332865283409,0.));
#2793=CARTESIAN_POINT('',(-64.5574339732784,15.148251183448,0.));
#2794=CARTESIAN_POINT('',(-68.5579124522713,14.9922269070845,0.));
#2795=CARTESIAN_POINT('',(-69.8262053606622,13.9862737698006,0.));
#2796=CARTESIAN_POINT('',(-70.915596743351,14.9009172456943,0.));
#2797=CARTESIAN_POINT('',(-74.153700323933,14.7746266605548,0.));
#2798=CARTESIAN_POINT('',(-75.4219807058898,13.7683523440355,0.));
#2799=CARTESIAN_POINT('',(-76.5113595621378,14.6826746406941,0.));
#2800=CARTESIAN_POINT('',(-79.7494380898445,14.5557416970842,0.));
#2801=CARTESIAN_POINT('',(-81.0177309982358,13.5497885598003,0.));
#2802=CARTESIAN_POINT('',(-82.1071223809167,14.4644320356942,0.));
#2803=CARTESIAN_POINT('',(-85.3452259615137,14.3381414505541,0.));
#2804=CARTESIAN_POINT('',(-86.613506343463,13.3318671340352,0.));
#2805=CARTESIAN_POINT('',(-87.702885199711,14.2461894306938,0.));
#2806=CARTESIAN_POINT('',(-92.5311276977592,14.0540211822709,0.));
#2807=CARTESIAN_POINT('',(-91.381568650251,7.89927449350378,0.));
#2808=CARTESIAN_POINT('',(-69.2683320961862,7.6540270205209,0.));
#2809=CARTESIAN_POINT('',(-67.1501052963346,4.73870761600953,0.));
#2810=CARTESIAN_POINT('',(-39.1376101592709,4.91693379120775,0.));
#2811=CARTESIAN_POINT('',(-37.0177659783404,2.00000000011558,0.));
#2812=CARTESIAN_POINT('',(12.0000000000009,1.99999999996259,0.));
#2813=CARTESIAN_POINT('',(12.0779435496958,0.0015193763162058,0.));
#2814=CARTESIAN_POINT('',(28.7686367334463,-1.72293228531692,0.));
#2815=CARTESIAN_POINT('',(33.3631649531587,-6.51344099617535,0.));
#2816=CARTESIAN_POINT('',(35.1182007731365,-51.8700184675963,0.));
#2817=CARTESIAN_POINT('',(30.8472440693621,-57.010458378077,-2000.));
#2818=CARTESIAN_POINT('',(9.44781110874171,-60.1478641134455,-2000.));
#2819=CARTESIAN_POINT('',(10.9028449851736,-71.9803326044282,-2000.));
#2820=CARTESIAN_POINT('',(50.8686191953958,-70.4216113081638,-2000.));
#2821=CARTESIAN_POINT('',(47.3611594591374,19.5100167556184,-2000.));
#2822=CARTESIAN_POINT('',(44.1198691391516,19.382958547623,-2000.));
#2823=CARTESIAN_POINT('',(42.8515762307544,18.3770054103315,-2000.));
#2824=CARTESIAN_POINT('',(41.762184848066,19.2916488862106,-2000.));
#2825=CARTESIAN_POINT('',(38.5240812674841,19.1653583010711,-2000.));
#2826=CARTESIAN_POINT('',(37.2558008855339,18.1590839845666,-2000.));
#2827=CARTESIAN_POINT('',(36.1664220292868,19.0734062812107,-2000.));
#2828=CARTESIAN_POINT('',(32.9283184486901,18.9471156960706,-2000.));
#2829=CARTESIAN_POINT('',(31.6600255402997,17.9411625587867,-2000.));
#2830=CARTESIAN_POINT('',(30.5717196260398,18.8552050339051,-2000.));
#2831=CARTESIAN_POINT('',(27.3321165753879,18.728855967328,-2000.));
#2832=CARTESIAN_POINT('',(26.0642501950792,17.7232411330218,-2000.));
#2833=CARTESIAN_POINT('',(24.9748963917136,18.6369210712104,-2000.));
#2834=CARTESIAN_POINT('',(21.736792811117,18.5106304860703,-2000.));
#2835=CARTESIAN_POINT('',(20.468474849852,17.5053197072422,-2000.));
#2836=CARTESIAN_POINT('',(19.3791335729268,18.4186784662102,-2000.));
#2837=CARTESIAN_POINT('',(16.1410299923372,18.2923878810704,-2000.));
#2838=CARTESIAN_POINT('',(14.8726995046173,17.2873982814768,-2000.));
#2839=CARTESIAN_POINT('',(13.7854915852054,18.2005185765987,-2000.));
#2840=CARTESIAN_POINT('',(10.543510955467,18.0740767810997,-2000.));
#2841=CARTESIAN_POINT('',(9.27692415939685,17.0694768557046,-2000.));
#2842=CARTESIAN_POINT('',(8.19008223826501,17.9822897574967,-2000.));
#2843=CARTESIAN_POINT('',(4.94730908216479,17.8558170523571,-2000.));
#2844=CARTESIAN_POINT('',(3.68114881416259,16.8515554299247,-2000.));
#2845=CARTESIAN_POINT('',(2.59467289132509,17.7640609383947,-2000.));
#2846=CARTESIAN_POINT('',(-0.648892791144995,17.6375573236141,-2000.));
#2847=CARTESIAN_POINT('',(-1.91462653105789,16.6336340041598,-2000.));
#2848=CARTESIAN_POINT('',(-3.00073645561483,17.5458321192928,-2000.));
#2849=CARTESIAN_POINT('',(-6.24509466444678,17.4192975948716,-2000.));
#2850=CARTESIAN_POINT('',(-7.51040187629259,16.4157125783799,-2000.));
#2851=CARTESIAN_POINT('',(-8.59968052100646,17.3274654412094,-2000.));
#2852=CARTESIAN_POINT('',(-11.837759048722,17.200532497621,-2000.));
#2853=CARTESIAN_POINT('',(-13.106051957112,16.1945793603298,-2000.));
#2854=CARTESIAN_POINT('',(-14.1954433398008,17.1092228362089,-2000.));
#2855=CARTESIAN_POINT('',(-17.4335469203823,16.9829322510694,-2000.));
#2856=CARTESIAN_POINT('',(-18.7018273023325,15.976657934565,-2000.));
#2857=CARTESIAN_POINT('',(-19.7912061585801,16.890980231209,-2000.));
#2858=CARTESIAN_POINT('',(-23.0293097391767,16.7646896460689,-2000.));
#2859=CARTESIAN_POINT('',(-24.2976026475672,15.758736508785,-2000.));
#2860=CARTESIAN_POINT('',(-25.3859085618418,16.6727789839029,-2000.));
#2861=CARTESIAN_POINT('',(-28.6255116124785,16.5464299173263,-2000.));
#2862=CARTESIAN_POINT('',(-29.8933779927872,15.5408150830202,-2000.));
#2863=CARTESIAN_POINT('',(-30.9827317961533,16.4544950212087,-2000.));
#2864=CARTESIAN_POINT('',(-34.2208353767495,16.3282044360686,-2000.));
#2865=CARTESIAN_POINT('',(-35.4891533380144,15.3228936572405,-2000.));
#2866=CARTESIAN_POINT('',(-36.5784946149401,16.2362524162085,-2000.));
#2867=CARTESIAN_POINT('',(-39.8165981955363,16.1099618310684,-2000.));
#2868=CARTESIAN_POINT('',(-41.0849286832495,15.1049722314751,-2000.));
#2869=CARTESIAN_POINT('',(-42.1721366026611,16.018092526597,-2000.));
#2870=CARTESIAN_POINT('',(-45.4141172324003,15.891650731098,-2000.));
#2871=CARTESIAN_POINT('',(-46.68070402847,14.887050805703,-2000.));
#2872=CARTESIAN_POINT('',(-47.7675459496014,15.7998637074951,-2000.));
#2873=CARTESIAN_POINT('',(-51.0103191057021,15.6733910023554,-2000.));
#2874=CARTESIAN_POINT('',(-52.2764793737043,14.669129379923,-2000.));
#2875=CARTESIAN_POINT('',(-53.3629552965418,15.5816348883931,-2000.));
#2876=CARTESIAN_POINT('',(-56.6065209790119,15.4551312736125,-2000.));
#2877=CARTESIAN_POINT('',(-57.8722547189243,14.4512079541582,-2000.));
#2878=CARTESIAN_POINT('',(-58.9583646434821,15.3634060692911,-2000.));
#2879=CARTESIAN_POINT('',(-62.2027228523141,15.2368715448699,-2000.));
#2880=CARTESIAN_POINT('',(-63.468030064159,14.2332865283782,-2000.));
#2881=CARTESIAN_POINT('',(-64.5574339732811,15.1482511834854,-2000.));
#2882=CARTESIAN_POINT('',(-68.5579124522739,14.992226907122,-2000.));
#2883=CARTESIAN_POINT('',(-69.8262053606649,13.986273769838,-2000.));
#2884=CARTESIAN_POINT('',(-70.9155967433537,14.9009172457316,-2000.));
#2885=CARTESIAN_POINT('',(-74.1537003239357,14.7746266605921,-2000.));
#2886=CARTESIAN_POINT('',(-75.421980705892,13.7683523440729,-2000.));
#2887=CARTESIAN_POINT('',(-76.5113595621405,14.6826746407315,-2000.));
#2888=CARTESIAN_POINT('',(-79.7494380898471,14.5557416971216,-2000.));
#2889=CARTESIAN_POINT('',(-81.0177309982385,13.5497885598377,-2000.));
#2890=CARTESIAN_POINT('',(-82.1071223809193,14.4644320357316,-2000.));
#2891=CARTESIAN_POINT('',(-85.3452259615164,14.3381414505915,-2000.));
#2892=CARTESIAN_POINT('',(-86.6135063434652,13.3318671340726,-2000.));
#2893=CARTESIAN_POINT('',(-87.7028851997137,14.2461894307312,-2000.));
#2894=CARTESIAN_POINT('',(-92.5311276977618,14.0540211823082,-2000.));
#2895=CARTESIAN_POINT('',(-91.3815686502537,7.89927449354114,-2000.));
#2896=CARTESIAN_POINT('',(-69.2683320961889,7.65402702055826,-2000.));
#2897=CARTESIAN_POINT('',(-67.1501052963368,4.73870761604692,-2000.));
#2898=CARTESIAN_POINT('',(-39.1376101592731,4.91693379124511,-2000.));
#2899=CARTESIAN_POINT('',(-37.0177659783431,2.00000000015296,-2000.));
#2900=CARTESIAN_POINT('',(11.9999999999987,1.99999999999997,-2000.));
#2901=CARTESIAN_POINT('',(12.0779435496936,0.00151937635359256,-2000.));
#2902=CARTESIAN_POINT('',(28.7686367334441,-1.72293228527956,-2000.));
#2903=CARTESIAN_POINT('',(33.3631649531565,-6.51344099613796,-2000.));
#2904=CARTESIAN_POINT('',(35.1182007731343,-51.870018467559,-2000.));
#2905=CARTESIAN_POINT('',(35.1182007731365,-51.8700184675963,0.));
#2906=CARTESIAN_POINT('',(33.3631649531587,-6.51344099617535,0.));
#2907=CARTESIAN_POINT('',(28.7686367334463,-1.72293228531692,0.));
#2908=CARTESIAN_POINT('',(12.0779435496958,0.0015193763162058,0.));
#2909=CARTESIAN_POINT('',(12.0000000000009,1.99999999996259,0.));
#2910=CARTESIAN_POINT('',(-37.0177659783404,2.00000000011558,0.));
#2911=CARTESIAN_POINT('',(-39.1376101592709,4.91693379120775,0.));
#2912=CARTESIAN_POINT('',(-67.1501052963346,4.73870761600953,0.));
#2913=CARTESIAN_POINT('',(-69.2683320961862,7.6540270205209,0.));
#2914=CARTESIAN_POINT('',(-91.381568650251,7.89927449350378,0.));
#2915=CARTESIAN_POINT('',(-92.5311276977592,14.0540211822709,0.));
#2916=CARTESIAN_POINT('',(-87.702885199711,14.2461894306938,0.));
#2917=CARTESIAN_POINT('',(-86.613506343463,13.3318671340352,0.));
#2918=CARTESIAN_POINT('',(-85.3452259615137,14.3381414505541,0.));
#2919=CARTESIAN_POINT('',(-82.1071223809167,14.4644320356942,0.));
#2920=CARTESIAN_POINT('',(-81.0177309982358,13.5497885598003,0.));
#2921=CARTESIAN_POINT('',(-79.7494380898445,14.5557416970842,0.));
#2922=CARTESIAN_POINT('',(-76.5113595621378,14.6826746406941,0.));
#2923=CARTESIAN_POINT('',(-75.4219807058898,13.7683523440355,0.));
#2924=CARTESIAN_POINT('',(-74.153700323933,14.7746266605548,0.));
#2925=CARTESIAN_POINT('',(-70.915596743351,14.9009172456943,0.));
#2926=CARTESIAN_POINT('',(-69.8262053606622,13.9862737698006,0.));
#2927=CARTESIAN_POINT('',(-68.5579124522713,14.9922269070845,0.));
#2928=CARTESIAN_POINT('',(-64.5574339732784,15.148251183448,0.));
#2929=CARTESIAN_POINT('',(-63.4680300641564,14.2332865283409,0.));
#2930=CARTESIAN_POINT('',(-62.2027228523119,15.2368715448325,0.));
#2931=CARTESIAN_POINT('',(-58.9583646434799,15.3634060692538,0.));
#2932=CARTESIAN_POINT('',(-57.8722547189221,14.4512079541208,0.));
#2933=CARTESIAN_POINT('',(-56.6065209790096,15.4551312735751,0.));
#2934=CARTESIAN_POINT('',(-53.3629552965396,15.5816348883557,0.));
#2935=CARTESIAN_POINT('',(-52.2764793737016,14.6691293798856,0.));
#2936=CARTESIAN_POINT('',(-51.0103191056999,15.673391002318,0.));
#2937=CARTESIAN_POINT('',(-47.7675459495992,15.7998637074577,0.));
#2938=CARTESIAN_POINT('',(-46.6807040284674,14.8870508056656,0.));
#2939=CARTESIAN_POINT('',(-45.4141172323981,15.8916507310606,0.));
#2940=CARTESIAN_POINT('',(-42.1721366026588,16.0180925265596,0.));
#2941=CARTESIAN_POINT('',(-41.0849286832469,15.1049722314377,0.));
#2942=CARTESIAN_POINT('',(-39.8165981955341,16.1099618310311,0.));
#2943=CARTESIAN_POINT('',(-36.5784946149379,16.2362524161711,0.));
#2944=CARTESIAN_POINT('',(-35.4891533380122,15.3228936572032,0.));
#2945=CARTESIAN_POINT('',(-34.2208353767472,16.3282044360313,0.));
#2946=CARTESIAN_POINT('',(-30.9827317961511,16.4544950211713,0.));
#2947=CARTESIAN_POINT('',(-29.8933779927846,15.5408150829828,0.));
#2948=CARTESIAN_POINT('',(-28.6255116124763,16.546429917289,0.));
#2949=CARTESIAN_POINT('',(-25.3859085618395,16.6727789838655,0.));
#2950=CARTESIAN_POINT('',(-24.297602647565,15.7587365087476,0.));
#2951=CARTESIAN_POINT('',(-23.0293097391745,16.7646896460315,0.));
#2952=CARTESIAN_POINT('',(-19.7912061585779,16.8909802311716,0.));
#2953=CARTESIAN_POINT('',(-18.7018273023303,15.9766579345276,0.));
#2954=CARTESIAN_POINT('',(-17.4335469203801,16.982932251032,0.));
#2955=CARTESIAN_POINT('',(-14.1954433397986,17.1092228361715,0.));
#2956=CARTESIAN_POINT('',(-13.1060519571098,16.1945793602925,0.));
#2957=CARTESIAN_POINT('',(-11.8377590487198,17.2005324975837,0.));
#2958=CARTESIAN_POINT('',(-8.59968052100424,17.327465441172,0.));
#2959=CARTESIAN_POINT('',(-7.51040187628993,16.4157125783425,0.));
#2960=CARTESIAN_POINT('',(-6.24509466444456,17.4192975948342,0.));
#2961=CARTESIAN_POINT('',(-3.00073645561261,17.5458321192554,0.));
#2962=CARTESIAN_POINT('',(-1.91462653105567,16.6336340041225,0.));
#2963=CARTESIAN_POINT('',(-0.648892791142774,17.6375573235768,0.));
#2964=CARTESIAN_POINT('',(2.59467289132731,17.7640609383574,0.));
#2965=CARTESIAN_POINT('',(3.68114881416526,16.8515554298873,0.));
#2966=CARTESIAN_POINT('',(4.94730908216701,17.8558170523197,0.));
#2967=CARTESIAN_POINT('',(8.19008223826723,17.9822897574594,0.));
#2968=CARTESIAN_POINT('',(9.27692415939951,17.0694768556673,0.));
#2969=CARTESIAN_POINT('',(10.5435109554692,18.0740767810623,0.));
#2970=CARTESIAN_POINT('',(13.7854915852076,18.2005185765613,0.));
#2971=CARTESIAN_POINT('',(14.87269950462,17.2873982814394,0.));
#2972=CARTESIAN_POINT('',(16.1410299923395,18.292387881033,0.));
#2973=CARTESIAN_POINT('',(19.379133572929,18.4186784661728,0.));
#2974=CARTESIAN_POINT('',(20.4684748498543,17.5053197072048,0.));
#2975=CARTESIAN_POINT('',(21.7367928111192,18.5106304860329,0.));
#2976=CARTESIAN_POINT('',(24.9748963917158,18.636921071173,0.));
#2977=CARTESIAN_POINT('',(26.0642501950819,17.7232411329845,0.));
#2978=CARTESIAN_POINT('',(27.3321165753901,18.7288559672906,0.));
#2979=CARTESIAN_POINT('',(30.571719626042,18.8552050338678,0.));
#2980=CARTESIAN_POINT('',(31.6600255403019,17.9411625587493,0.));
#2981=CARTESIAN_POINT('',(32.9283184486924,18.9471156960332,0.));
#2982=CARTESIAN_POINT('',(36.166422029289,19.0734062811733,0.));
#2983=CARTESIAN_POINT('',(37.2558008855361,18.1590839845293,0.));
#2984=CARTESIAN_POINT('',(38.5240812674863,19.1653583010337,0.));
#2985=CARTESIAN_POINT('',(41.7621848480683,19.2916488861732,0.));
#2986=CARTESIAN_POINT('',(42.8515762307566,18.3770054102941,0.));
#2987=CARTESIAN_POINT('',(44.1198691391538,19.3829585475856,0.));
#2988=CARTESIAN_POINT('',(47.3611594591397,19.510016755581,0.));
#2989=CARTESIAN_POINT('',(50.868619195398,-70.4216113082012,0.));
#2990=CARTESIAN_POINT('',(10.9028449851758,-71.9803326044656,0.));
#2991=CARTESIAN_POINT('',(9.44781110874393,-60.1478641134829,0.));
#2992=CARTESIAN_POINT('',(30.8472440693648,-57.0104583781143,0.));
#2993=CARTESIAN_POINT('',(9.44781110874393,-60.1478641134829,0.));
#2994=CARTESIAN_POINT('',(10.9028449851762,-71.9803326044656,0.));
#2995=CARTESIAN_POINT('',(50.868619195398,-70.4216113082012,0.));
#2996=CARTESIAN_POINT('',(47.3611594591397,19.510016755581,0.));
#2997=CARTESIAN_POINT('',(44.1198691391538,19.3829585475856,0.));
#2998=CARTESIAN_POINT('',(42.8515762307566,18.3770054102941,0.));
#2999=CARTESIAN_POINT('',(41.7621848480683,19.2916488861732,0.));
#3000=CARTESIAN_POINT('',(38.5240812674863,19.1653583010337,0.));
#3001=CARTESIAN_POINT('',(37.2558008855361,18.1590839845293,0.));
#3002=CARTESIAN_POINT('',(36.1664220292885,19.0734062811733,0.));
#3003=CARTESIAN_POINT('',(32.9283184486924,18.9471156960332,0.));
#3004=CARTESIAN_POINT('',(31.6600255403019,17.9411625587493,0.));
#3005=CARTESIAN_POINT('',(30.571719626042,18.8552050338678,0.));
#3006=CARTESIAN_POINT('',(27.3321165753901,18.7288559672906,0.));
#3007=CARTESIAN_POINT('',(26.0642501950819,17.7232411329845,0.));
#3008=CARTESIAN_POINT('',(24.9748963917154,18.636921071173,0.));
#3009=CARTESIAN_POINT('',(21.7367928111192,18.5106304860329,0.));
#3010=CARTESIAN_POINT('',(20.4684748498543,17.5053197072048,0.));
#3011=CARTESIAN_POINT('',(19.379133572929,18.4186784661728,0.));
#3012=CARTESIAN_POINT('',(16.1410299923399,18.292387881033,0.));
#3013=CARTESIAN_POINT('',(14.8726995046196,17.2873982814394,0.));
#3014=CARTESIAN_POINT('',(13.7854915852076,18.2005185765613,0.));
#3015=CARTESIAN_POINT('',(10.5435109554692,18.0740767810623,0.));
#3016=CARTESIAN_POINT('',(9.27692415939951,17.0694768556673,0.));
#3017=CARTESIAN_POINT('',(8.19008223826723,17.9822897574594,0.));
#3018=CARTESIAN_POINT('',(4.94730908216701,17.8558170523197,0.));
#3019=CARTESIAN_POINT('',(3.68114881416526,16.8515554298873,0.));
#3020=CARTESIAN_POINT('',(2.59467289132731,17.7640609383574,0.));
#3021=CARTESIAN_POINT('',(-0.64889279114233,17.6375573235768,0.));
#3022=CARTESIAN_POINT('',(-1.91462653105567,16.6336340041225,0.));
#3023=CARTESIAN_POINT('',(-3.00073645561261,17.5458321192554,0.));
#3024=CARTESIAN_POINT('',(-6.24509466444456,17.4192975948342,0.));
#3025=CARTESIAN_POINT('',(-7.51040187628949,16.4157125783425,0.));
#3026=CARTESIAN_POINT('',(-8.59968052100468,17.327465441172,0.));
#3027=CARTESIAN_POINT('',(-11.8377590487198,17.2005324975837,0.));
#3028=CARTESIAN_POINT('',(-13.1060519571098,16.1945793602925,0.));
#3029=CARTESIAN_POINT('',(-14.1954433397986,17.1092228361715,0.));
#3030=CARTESIAN_POINT('',(-17.4335469203801,16.982932251032,0.));
#3031=CARTESIAN_POINT('',(-18.7018273023303,15.9766579345276,0.));
#3032=CARTESIAN_POINT('',(-19.7912061585779,16.8909802311716,0.));
#3033=CARTESIAN_POINT('',(-23.0293097391745,16.7646896460315,0.));
#3034=CARTESIAN_POINT('',(-24.297602647565,15.7587365087476,0.));
#3035=CARTESIAN_POINT('',(-25.3859085618391,16.6727789838655,0.));
#3036=CARTESIAN_POINT('',(-28.6255116124767,16.546429917289,0.));
#3037=CARTESIAN_POINT('',(-29.8933779927846,15.5408150829828,0.));
#3038=CARTESIAN_POINT('',(-30.9827317961511,16.4544950211713,0.));
#3039=CARTESIAN_POINT('',(-34.2208353767477,16.3282044360312,0.));
#3040=CARTESIAN_POINT('',(-35.4891533380122,15.3228936572032,0.));
#3041=CARTESIAN_POINT('',(-36.5784946149379,16.2362524161711,0.));
#3042=CARTESIAN_POINT('',(-39.8165981955341,16.1099618310311,0.));
#3043=CARTESIAN_POINT('',(-41.0849286832469,15.1049722314377,0.));
#3044=CARTESIAN_POINT('',(-42.1721366026593,16.0180925265596,0.));
#3045=CARTESIAN_POINT('',(-45.4141172323976,15.8916507310606,0.));
#3046=CARTESIAN_POINT('',(-46.6807040284674,14.8870508056656,0.));
#3047=CARTESIAN_POINT('',(-47.7675459495996,15.7998637074577,0.));
#3048=CARTESIAN_POINT('',(-51.0103191056999,15.673391002318,0.));
#3049=CARTESIAN_POINT('',(-52.2764793737012,14.6691293798857,0.));
#3050=CARTESIAN_POINT('',(-53.3629552965396,15.5816348883557,0.));
#3051=CARTESIAN_POINT('',(-56.6065209790096,15.4551312735751,0.));
#3052=CARTESIAN_POINT('',(-57.8722547189221,14.4512079541208,0.));
#3053=CARTESIAN_POINT('',(-58.9583646434795,15.3634060692538,0.));
#3054=CARTESIAN_POINT('',(-62.2027228523119,15.2368715448325,0.));
#3055=CARTESIAN_POINT('',(-63.4680300641564,14.2332865283409,0.));
#3056=CARTESIAN_POINT('',(-64.5574339732784,15.148251183448,0.));
#3057=CARTESIAN_POINT('',(-68.5579124522713,14.9922269070846,0.));
#3058=CARTESIAN_POINT('',(-69.8262053606622,13.9862737698006,0.));
#3059=CARTESIAN_POINT('',(-70.915596743351,14.9009172456943,0.));
#3060=CARTESIAN_POINT('',(-74.153700323933,14.7746266605548,0.));
#3061=CARTESIAN_POINT('',(-75.4219807058898,13.7683523440355,0.));
#3062=CARTESIAN_POINT('',(-76.5113595621378,14.6826746406941,0.));
#3063=CARTESIAN_POINT('',(-79.7494380898445,14.5557416970843,0.));
#3064=CARTESIAN_POINT('',(-81.0177309982354,13.5497885598003,0.));
#3065=CARTESIAN_POINT('',(-82.1071223809171,14.4644320356942,0.));
#3066=CARTESIAN_POINT('',(-85.3452259615133,14.3381414505541,0.));
#3067=CARTESIAN_POINT('',(-86.6135063434634,13.3318671340352,0.));
#3068=CARTESIAN_POINT('',(-87.702885199711,14.2461894306938,0.));
#3069=CARTESIAN_POINT('',(-92.5311276977592,14.0540211822709,0.));
#3070=CARTESIAN_POINT('',(-91.381568650251,7.89927449350378,0.));
#3071=CARTESIAN_POINT('',(-69.2683320961862,7.6540270205209,0.));
#3072=CARTESIAN_POINT('',(-67.1501052963341,4.73870761600956,0.));
#3073=CARTESIAN_POINT('',(-39.1376101592713,4.91693379120772,0.));
#3074=CARTESIAN_POINT('',(-37.0177659783399,2.0000000001156,0.));
#3075=CARTESIAN_POINT('',(12.0000000000009,1.99999999996259,0.));
#3076=CARTESIAN_POINT('',(12.0779435496958,0.00151937631617804,0.));
#3077=CARTESIAN_POINT('',(28.7686367334463,-1.72293228531692,0.));
#3078=CARTESIAN_POINT('',(28.3669038541321,-6.70676722375499,0.));
#3079=CARTESIAN_POINT('',(35.1182007731365,-51.8700184675963,0.));
#3080=CARTESIAN_POINT('',(30.1219396750998,-52.0633447210717,0.));
#3081=CARTESIAN_POINT('',(9.44781110874171,-60.1478641134455,-2000.));
#3082=CARTESIAN_POINT('',(10.902844985174,-71.9803326044282,-2000.));
#3083=CARTESIAN_POINT('',(50.8686191953958,-70.4216113081638,-2000.));
#3084=CARTESIAN_POINT('',(47.3611594591374,19.5100167556184,-2000.));
#3085=CARTESIAN_POINT('',(44.1198691391516,19.382958547623,-2000.));
#3086=CARTESIAN_POINT('',(42.8515762307544,18.3770054103315,-2000.));
#3087=CARTESIAN_POINT('',(41.762184848066,19.2916488862106,-2000.));
#3088=CARTESIAN_POINT('',(38.5240812674841,19.1653583010711,-2000.));
#3089=CARTESIAN_POINT('',(37.2558008855339,18.1590839845666,-2000.));
#3090=CARTESIAN_POINT('',(36.1664220292863,19.0734062812107,-2000.));
#3091=CARTESIAN_POINT('',(32.9283184486901,18.9471156960706,-2000.));
#3092=CARTESIAN_POINT('',(31.6600255402997,17.9411625587867,-2000.));
#3093=CARTESIAN_POINT('',(30.5717196260398,18.8552050339051,-2000.));
#3094=CARTESIAN_POINT('',(27.3321165753879,18.728855967328,-2000.));
#3095=CARTESIAN_POINT('',(26.0642501950792,17.7232411330218,-2000.));
#3096=CARTESIAN_POINT('',(24.9748963917131,18.6369210712103,-2000.));
#3097=CARTESIAN_POINT('',(21.736792811117,18.5106304860703,-2000.));
#3098=CARTESIAN_POINT('',(20.468474849852,17.5053197072422,-2000.));
#3099=CARTESIAN_POINT('',(19.3791335729268,18.4186784662102,-2000.));
#3100=CARTESIAN_POINT('',(16.1410299923377,18.2923878810704,-2000.));
#3101=CARTESIAN_POINT('',(14.8726995046169,17.2873982814768,-2000.));
#3102=CARTESIAN_POINT('',(13.7854915852054,18.2005185765987,-2000.));
#3103=CARTESIAN_POINT('',(10.543510955467,18.0740767810997,-2000.));
#3104=CARTESIAN_POINT('',(9.27692415939685,17.0694768557046,-2000.));
#3105=CARTESIAN_POINT('',(8.19008223826501,17.9822897574967,-2000.));
#3106=CARTESIAN_POINT('',(4.94730908216479,17.855817052357,-2000.));
#3107=CARTESIAN_POINT('',(3.68114881416259,16.8515554299247,-2000.));
#3108=CARTESIAN_POINT('',(2.59467289132509,17.7640609383947,-2000.));
#3109=CARTESIAN_POINT('',(-0.648892791144551,17.6375573236142,-2000.));
#3110=CARTESIAN_POINT('',(-1.91462653105789,16.6336340041598,-2000.));
#3111=CARTESIAN_POINT('',(-3.00073645561483,17.5458321192928,-2000.));
#3112=CARTESIAN_POINT('',(-6.24509466444678,17.4192975948716,-2000.));
#3113=CARTESIAN_POINT('',(-7.51040187629215,16.4157125783799,-2000.));
#3114=CARTESIAN_POINT('',(-8.5996805210069,17.3274654412094,-2000.));
#3115=CARTESIAN_POINT('',(-11.837759048722,17.200532497621,-2000.));
#3116=CARTESIAN_POINT('',(-13.106051957112,16.1945793603298,-2000.));
#3117=CARTESIAN_POINT('',(-14.1954433398008,17.1092228362089,-2000.));
#3118=CARTESIAN_POINT('',(-17.4335469203823,16.9829322510694,-2000.));
#3119=CARTESIAN_POINT('',(-18.7018273023325,15.976657934565,-2000.));
#3120=CARTESIAN_POINT('',(-19.7912061585801,16.890980231209,-2000.));
#3121=CARTESIAN_POINT('',(-23.0293097391767,16.7646896460689,-2000.));
#3122=CARTESIAN_POINT('',(-24.2976026475672,15.758736508785,-2000.));
#3123=CARTESIAN_POINT('',(-25.3859085618413,16.6727789839029,-2000.));
#3124=CARTESIAN_POINT('',(-28.6255116124789,16.5464299173263,-2000.));
#3125=CARTESIAN_POINT('',(-29.8933779927872,15.5408150830202,-2000.));
#3126=CARTESIAN_POINT('',(-30.9827317961533,16.4544950212087,-2000.));
#3127=CARTESIAN_POINT('',(-34.2208353767499,16.3282044360686,-2000.));
#3128=CARTESIAN_POINT('',(-35.4891533380144,15.3228936572405,-2000.));
#3129=CARTESIAN_POINT('',(-36.5784946149401,16.2362524162085,-2000.));
#3130=CARTESIAN_POINT('',(-39.8165981955363,16.1099618310684,-2000.));
#3131=CARTESIAN_POINT('',(-41.0849286832495,15.1049722314751,-2000.));
#3132=CARTESIAN_POINT('',(-42.1721366026615,16.018092526597,-2000.));
#3133=CARTESIAN_POINT('',(-45.4141172323999,15.891650731098,-2000.));
#3134=CARTESIAN_POINT('',(-46.68070402847,14.887050805703,-2000.));
#3135=CARTESIAN_POINT('',(-47.7675459496019,15.7998637074951,-2000.));
#3136=CARTESIAN_POINT('',(-51.0103191057021,15.6733910023554,-2000.));
#3137=CARTESIAN_POINT('',(-52.2764793737038,14.669129379923,-2000.));
#3138=CARTESIAN_POINT('',(-53.3629552965418,15.5816348883931,-2000.));
#3139=CARTESIAN_POINT('',(-56.6065209790119,15.4551312736125,-2000.));
#3140=CARTESIAN_POINT('',(-57.8722547189243,14.4512079541582,-2000.));
#3141=CARTESIAN_POINT('',(-58.9583646434817,15.3634060692911,-2000.));
#3142=CARTESIAN_POINT('',(-62.2027228523141,15.2368715448699,-2000.));
#3143=CARTESIAN_POINT('',(-63.468030064159,14.2332865283782,-2000.));
#3144=CARTESIAN_POINT('',(-64.5574339732811,15.1482511834854,-2000.));
#3145=CARTESIAN_POINT('',(-68.5579124522739,14.992226907122,-2000.));
#3146=CARTESIAN_POINT('',(-69.8262053606649,13.986273769838,-2000.));
#3147=CARTESIAN_POINT('',(-70.9155967433537,14.9009172457316,-2000.));
#3148=CARTESIAN_POINT('',(-74.1537003239357,14.7746266605921,-2000.));
#3149=CARTESIAN_POINT('',(-75.421980705892,13.7683523440729,-2000.));
#3150=CARTESIAN_POINT('',(-76.5113595621405,14.6826746407315,-2000.));
#3151=CARTESIAN_POINT('',(-79.7494380898471,14.5557416971216,-2000.));
#3152=CARTESIAN_POINT('',(-81.0177309982381,13.5497885598377,-2000.));
#3153=CARTESIAN_POINT('',(-82.1071223809198,14.4644320357316,-2000.));
#3154=CARTESIAN_POINT('',(-85.345225961516,14.3381414505915,-2000.));
#3155=CARTESIAN_POINT('',(-86.6135063434656,13.3318671340726,-2000.));
#3156=CARTESIAN_POINT('',(-87.7028851997137,14.2461894307312,-2000.));
#3157=CARTESIAN_POINT('',(-92.5311276977618,14.0540211823082,-2000.));
#3158=CARTESIAN_POINT('',(-91.3815686502537,7.89927449354114,-2000.));
#3159=CARTESIAN_POINT('',(-69.2683320961889,7.65402702055826,-2000.));
#3160=CARTESIAN_POINT('',(-67.1501052963364,4.73870761604692,-2000.));
#3161=CARTESIAN_POINT('',(-39.1376101592735,4.91693379124511,-2000.));
#3162=CARTESIAN_POINT('',(-37.0177659783426,2.00000000015296,-2000.));
#3163=CARTESIAN_POINT('',(11.9999999999987,1.99999999999997,-2000.));
#3164=CARTESIAN_POINT('',(12.0779435496936,0.00151937635359256,-2000.));
#3165=CARTESIAN_POINT('',(28.7686367334441,-1.72293228527956,-2000.));
#3166=CARTESIAN_POINT('',(28.3669038541299,-6.70676722371763,-2000.));
#3167=CARTESIAN_POINT('',(35.1182007731343,-51.870018467559,-2000.));
#3168=CARTESIAN_POINT('',(30.1219396750976,-52.0633447210343,-2000.));
#3169=CARTESIAN_POINT('',(30.1219396750998,-52.0633447210717,0.));
#3170=CARTESIAN_POINT('',(35.1182007731365,-51.8700184675963,0.));
#3171=CARTESIAN_POINT('',(28.3669038541321,-6.70676722375499,0.));
#3172=CARTESIAN_POINT('',(28.7686367334463,-1.72293228531692,0.));
#3173=CARTESIAN_POINT('',(12.0779435496958,0.00151937631617804,0.));
#3174=CARTESIAN_POINT('',(12.0000000000009,1.99999999996259,0.));
#3175=CARTESIAN_POINT('',(-37.0177659783399,2.0000000001156,0.));
#3176=CARTESIAN_POINT('',(-39.1376101592713,4.91693379120772,0.));
#3177=CARTESIAN_POINT('',(-67.1501052963341,4.73870761600956,0.));
#3178=CARTESIAN_POINT('',(-69.2683320961862,7.6540270205209,0.));
#3179=CARTESIAN_POINT('',(-91.381568650251,7.89927449350378,0.));
#3180=CARTESIAN_POINT('',(-92.5311276977592,14.0540211822709,0.));
#3181=CARTESIAN_POINT('',(-87.702885199711,14.2461894306938,0.));
#3182=CARTESIAN_POINT('',(-86.6135063434634,13.3318671340352,0.));
#3183=CARTESIAN_POINT('',(-85.3452259615133,14.3381414505541,0.));
#3184=CARTESIAN_POINT('',(-82.1071223809171,14.4644320356942,0.));
#3185=CARTESIAN_POINT('',(-81.0177309982354,13.5497885598003,0.));
#3186=CARTESIAN_POINT('',(-79.7494380898445,14.5557416970843,0.));
#3187=CARTESIAN_POINT('',(-76.5113595621378,14.6826746406941,0.));
#3188=CARTESIAN_POINT('',(-75.4219807058898,13.7683523440355,0.));
#3189=CARTESIAN_POINT('',(-74.153700323933,14.7746266605548,0.));
#3190=CARTESIAN_POINT('',(-70.915596743351,14.9009172456943,0.));
#3191=CARTESIAN_POINT('',(-69.8262053606622,13.9862737698006,0.));
#3192=CARTESIAN_POINT('',(-68.5579124522713,14.9922269070846,0.));
#3193=CARTESIAN_POINT('',(-64.5574339732784,15.148251183448,0.));
#3194=CARTESIAN_POINT('',(-63.4680300641564,14.2332865283409,0.));
#3195=CARTESIAN_POINT('',(-62.2027228523119,15.2368715448325,0.));
#3196=CARTESIAN_POINT('',(-58.9583646434795,15.3634060692538,0.));
#3197=CARTESIAN_POINT('',(-57.8722547189221,14.4512079541208,0.));
#3198=CARTESIAN_POINT('',(-56.6065209790096,15.4551312735751,0.));
#3199=CARTESIAN_POINT('',(-53.3629552965396,15.5816348883557,0.));
#3200=CARTESIAN_POINT('',(-52.2764793737012,14.6691293798857,0.));
#3201=CARTESIAN_POINT('',(-51.0103191056999,15.673391002318,0.));
#3202=CARTESIAN_POINT('',(-47.7675459495996,15.7998637074577,0.));
#3203=CARTESIAN_POINT('',(-46.6807040284674,14.8870508056656,0.));
#3204=CARTESIAN_POINT('',(-45.4141172323976,15.8916507310606,0.));
#3205=CARTESIAN_POINT('',(-42.1721366026593,16.0180925265596,0.));
#3206=CARTESIAN_POINT('',(-41.0849286832469,15.1049722314377,0.));
#3207=CARTESIAN_POINT('',(-39.8165981955341,16.1099618310311,0.));
#3208=CARTESIAN_POINT('',(-36.5784946149379,16.2362524161711,0.));
#3209=CARTESIAN_POINT('',(-35.4891533380122,15.3228936572032,0.));
#3210=CARTESIAN_POINT('',(-34.2208353767477,16.3282044360312,0.));
#3211=CARTESIAN_POINT('',(-30.9827317961511,16.4544950211713,0.));
#3212=CARTESIAN_POINT('',(-29.8933779927846,15.5408150829828,0.));
#3213=CARTESIAN_POINT('',(-28.6255116124767,16.546429917289,0.));
#3214=CARTESIAN_POINT('',(-25.3859085618391,16.6727789838655,0.));
#3215=CARTESIAN_POINT('',(-24.297602647565,15.7587365087476,0.));
#3216=CARTESIAN_POINT('',(-23.0293097391745,16.7646896460315,0.));
#3217=CARTESIAN_POINT('',(-19.7912061585779,16.8909802311716,0.));
#3218=CARTESIAN_POINT('',(-18.7018273023303,15.9766579345276,0.));
#3219=CARTESIAN_POINT('',(-17.4335469203801,16.982932251032,0.));
#3220=CARTESIAN_POINT('',(-14.1954433397986,17.1092228361715,0.));
#3221=CARTESIAN_POINT('',(-13.1060519571098,16.1945793602925,0.));
#3222=CARTESIAN_POINT('',(-11.8377590487198,17.2005324975837,0.));
#3223=CARTESIAN_POINT('',(-8.59968052100468,17.327465441172,0.));
#3224=CARTESIAN_POINT('',(-7.51040187628949,16.4157125783425,0.));
#3225=CARTESIAN_POINT('',(-6.24509466444456,17.4192975948342,0.));
#3226=CARTESIAN_POINT('',(-3.00073645561261,17.5458321192554,0.));
#3227=CARTESIAN_POINT('',(-1.91462653105567,16.6336340041225,0.));
#3228=CARTESIAN_POINT('',(-0.64889279114233,17.6375573235768,0.));
#3229=CARTESIAN_POINT('',(2.59467289132731,17.7640609383574,0.));
#3230=CARTESIAN_POINT('',(3.68114881416526,16.8515554298873,0.));
#3231=CARTESIAN_POINT('',(4.94730908216701,17.8558170523197,0.));
#3232=CARTESIAN_POINT('',(8.19008223826723,17.9822897574594,0.));
#3233=CARTESIAN_POINT('',(9.27692415939951,17.0694768556673,0.));
#3234=CARTESIAN_POINT('',(10.5435109554692,18.0740767810623,0.));
#3235=CARTESIAN_POINT('',(13.7854915852076,18.2005185765613,0.));
#3236=CARTESIAN_POINT('',(14.8726995046196,17.2873982814394,0.));
#3237=CARTESIAN_POINT('',(16.1410299923399,18.292387881033,0.));
#3238=CARTESIAN_POINT('',(19.379133572929,18.4186784661728,0.));
#3239=CARTESIAN_POINT('',(20.4684748498543,17.5053197072048,0.));
#3240=CARTESIAN_POINT('',(21.7367928111192,18.5106304860329,0.));
#3241=CARTESIAN_POINT('',(24.9748963917154,18.636921071173,0.));
#3242=CARTESIAN_POINT('',(26.0642501950819,17.7232411329845,0.));
#3243=CARTESIAN_POINT('',(27.3321165753901,18.7288559672906,0.));
#3244=CARTESIAN_POINT('',(30.571719626042,18.8552050338678,0.));
#3245=CARTESIAN_POINT('',(31.6600255403019,17.9411625587493,0.));
#3246=CARTESIAN_POINT('',(32.9283184486924,18.9471156960332,0.));
#3247=CARTESIAN_POINT('',(36.1664220292885,19.0734062811733,0.));
#3248=CARTESIAN_POINT('',(37.2558008855361,18.1590839845293,0.));
#3249=CARTESIAN_POINT('',(38.5240812674863,19.1653583010337,0.));
#3250=CARTESIAN_POINT('',(41.7621848480683,19.2916488861732,0.));
#3251=CARTESIAN_POINT('',(42.8515762307566,18.3770054102941,0.));
#3252=CARTESIAN_POINT('',(44.1198691391538,19.3829585475856,0.));
#3253=CARTESIAN_POINT('',(47.3611594591397,19.510016755581,0.));
#3254=CARTESIAN_POINT('',(50.868619195398,-70.4216113082012,0.));
#3255=CARTESIAN_POINT('',(10.9028449851762,-71.9803326044656,0.));
#3256=CARTESIAN_POINT('',(9.44781110874393,-60.1478641134829,0.));
#3257=CARTESIAN_POINT('',(30.1219396750998,-52.0633447210717,0.));
#3258=CARTESIAN_POINT('',(30.1219396750976,-52.0633447210343,-2000.));
#3259=CARTESIAN_POINT('',(-4.44089209850063E-013,2.77555756156289E-014,0.));
#3260=CARTESIAN_POINT('',(11.9999999999991,2.77555756156289E-014,0.));
#3261=CARTESIAN_POINT('',(11.9999999999996,2.00000000000003,0.));
#3262=CARTESIAN_POINT('',(-4.44089209850063E-013,2.00000000000003,0.));
#3263=CARTESIAN_POINT('',(0.,2.77555756156289E-014,-2000.));
#3264=CARTESIAN_POINT('',(11.9999999999996,2.77555756156289E-014,-2000.));
#3265=CARTESIAN_POINT('',(12.,2.00000000000003,-2000.));
#3266=CARTESIAN_POINT('',(0.,2.00000000000003,-2000.));
#3267=CARTESIAN_POINT('',(-4.44089209850063E-013,2.00000000000003,0.));
#3268=CARTESIAN_POINT('',(11.9999999999996,2.00000000000003,0.));
#3269=CARTESIAN_POINT('',(11.9999999999991,2.77555756156289E-014,0.));
#3270=CARTESIAN_POINT('',(-4.44089209850063E-013,2.77555756156289E-014,0.));
#3271=CARTESIAN_POINT('',(11.9999999999996,2.77555756156289E-014,0.));
#3272=CARTESIAN_POINT('',(11.9999999999996,2.00000000000003,0.));
#3273=CARTESIAN_POINT('',(-4.44089209850063E-013,2.00000000000003,0.));
#3274=CARTESIAN_POINT('',(-4.44089209850063E-013,2.77555756156289E-014,0.));
#3275=CARTESIAN_POINT('',(12.,2.77555756156289E-014,-2000.));
#3276=CARTESIAN_POINT('',(12.,2.00000000000003,-2000.));
#3277=CARTESIAN_POINT('',(0.,2.00000000000003,-2000.));
#3278=CARTESIAN_POINT('',(0.,2.77555756156289E-014,-2000.));
#3279=CARTESIAN_POINT('',(-4.44089209850063E-013,2.77555756156289E-014,0.));
#3280=CARTESIAN_POINT('',(-4.44089209850063E-013,2.00000000000003,0.));
#3281=CARTESIAN_POINT('',(11.9999999999996,2.00000000000003,0.));
#3282=CARTESIAN_POINT('',(11.9999999999996,2.77555756156289E-014,0.));
#3283=CARTESIAN_POINT('',(2138.29946884646,203.261880586845,
4.44089209850063E-013));
#3284=CARTESIAN_POINT('',(2138.29946884646,203.261880586845,-2000.));
#3285=CARTESIAN_POINT('',(11.9999999999996,8.32667268468867E-014,-2000.));
#3286=CARTESIAN_POINT('',(4.44089209850063E-013,2.4980018054066E-013,-2000.));
#3287=CARTESIAN_POINT('',(11.9999999999991,5.55111512312578E-014,0.));
#3288=CARTESIAN_POINT('',(0.,2.22044604925031E-013,0.));
#3289=CARTESIAN_POINT('',(4.44089209850063E-013,2.4980018054066E-013,-2000.));
#3290=CARTESIAN_POINT('',(11.9999999999996,8.32667268468867E-014,-2000.));
#3291=CARTESIAN_POINT('',(6.00000000000023,14.8323969741901,-2000.));
#3292=CARTESIAN_POINT('',(11.9999999999991,-5.55111512312578E-014,-2000.));
#3293=CARTESIAN_POINT('',(6.00000000000023,14.8323969741901,0.));
#3294=CARTESIAN_POINT('',(11.9999999999987,-8.32667268468867E-014,0.));
#3295=CARTESIAN_POINT('',(11.9999999999991,-5.55111512312578E-014,-2000.));
#3296=CARTESIAN_POINT('',(6.00000000000023,14.8323969741901,-2000.));
#3297=CARTESIAN_POINT('',(6.00000000000023,14.8323969741901,-2000.));
#3298=CARTESIAN_POINT('',(6.00000000000023,14.8323969741901,0.));
#3299=PRODUCT_DEFINITION_SHAPE('','',#3300);
#3300=PRODUCT_DEFINITION('','',#3312,#3317);
#3301=(
GEOMETRIC_REPRESENTATION_CONTEXT(3)
GLOBAL_UNCERTAINTY_ASSIGNED_CONTEXT((#3302))
GLOBAL_UNIT_ASSIGNED_CONTEXT((#3304,#3303,#3307))
REPRESENTATION_CONTEXT('','')
);
#3302=UNCERTAINTY_MEASURE_WITH_UNIT(LENGTH_MEASURE(0.001),#3304,'','tolerance'
);
#3303=(
CONVERSION_BASED_UNIT('',#3305)
NAMED_UNIT(#3311)
PLANE_ANGLE_UNIT()
);
#3304=(
CONVERSION_BASED_UNIT('',#3306)
LENGTH_UNIT()
NAMED_UNIT(#3310)
);
#3305=PLANE_ANGLE_MEASURE_WITH_UNIT(PLANE_ANGLE_MEASURE(0.0174532925199433),
#3308);
#3306=LENGTH_MEASURE_WITH_UNIT(LENGTH_MEASURE(1.),#3309);
#3307=(
NAMED_UNIT(*)
SI_UNIT($,.STERADIAN.)
SOLID_ANGLE_UNIT()
);
#3308=(
NAMED_UNIT(*)
PLANE_ANGLE_UNIT()
SI_UNIT($,.RADIAN.)
);
#3309=(
LENGTH_UNIT()
NAMED_UNIT(*)
SI_UNIT(.MILLI.,.METRE.)
);
#3310=DIMENSIONAL_EXPONENTS(1.,0.,0.,0.,0.,0.,0.);
#3311=DIMENSIONAL_EXPONENTS(0.,0.,0.,0.,0.,0.,0.);
#3312=PRODUCT_DEFINITION_FORMATION_WITH_SPECIFIED_SOURCE('','',#3315,
.NOT_KNOWN.);
#3313=PRODUCT_CATEGORY_RELATIONSHIP('','',#3318,#3314);
#3314=PRODUCT_RELATED_PRODUCT_CATEGORY('assembly','',(#3315));
#3315=PRODUCT('','master','',(#3316));
#3316=PRODUCT_CONTEXT('',#3320,'');
#3317=PRODUCT_DEFINITION_CONTEXT('',#3320,'part_definition');
#3318=PRODUCT_CATEGORY('part','');
#3319=APPLICATION_PROTOCOL_DEFINITION('international standard',
'automotive_design_cc2',1994,#3320);
#3320=APPLICATION_CONTEXT(
'configuration controlled 3D designs of mechanical parts and assemblies');
ENDSEC;
END-ISO-10303-21;
164249