ISO-10303-21;
HEADER;
/* Generated by software using Delcam plc STEP library */

FILE_DESCRIPTION(
/* description */ ('AP-214 File'),
/* implementation_level */ '2;1');

FILE_NAME(
/* name */ 'D515',
/* time_stamp */ 'Wed Dec 21 15:10:55 2016',
/* author */ (''),
/* organization */ (''),
/* preprocessor_version */ 'DELCAM STEP V1',
/* originating_system */ 'Exchange7.1.0006',
/* authorisation */ '');

FILE_SCHEMA (('AUTOMOTIVE_DESIGN'));
ENDSEC;
DATA;
#10=PRESENTATION_STYLE_ASSIGNMENT((#20));
#11=PRESENTATION_STYLE_ASSIGNMENT((#21));
#12=SURFACE_SIDE_STYLE('',(#14));
#13=SURFACE_SIDE_STYLE('',(#15));
#14=SURFACE_STYLE_FILL_AREA(#16);
#15=SURFACE_STYLE_FILL_AREA(#17);
#16=FILL_AREA_STYLE('',(#18));
#17=FILL_AREA_STYLE('',(#19));
#18=FILL_AREA_STYLE_COLOUR('',#550);
#19=FILL_AREA_STYLE_COLOUR('',#551);
#20=SURFACE_STYLE_USAGE(.BOTH.,#12);
#21=SURFACE_STYLE_USAGE(.BOTH.,#13);
#22=STYLED_ITEM('',(#10),#632);
#23=STYLED_ITEM('',(#10),#633);
#24=STYLED_ITEM('',(#10),#634);
#25=STYLED_ITEM('',(#10),#635);
#26=STYLED_ITEM('',(#10),#636);
#27=STYLED_ITEM('',(#10),#637);
#28=STYLED_ITEM('',(#10),#638);
#29=STYLED_ITEM('',(#10),#639);
#30=STYLED_ITEM('',(#10),#640);
#31=STYLED_ITEM('',(#10),#641);
#32=STYLED_ITEM('',(#10),#642);
#33=STYLED_ITEM('',(#10),#643);
#34=STYLED_ITEM('',(#10),#644);
#35=STYLED_ITEM('',(#10),#645);
#36=STYLED_ITEM('',(#10),#646);
#37=STYLED_ITEM('',(#10),#647);
#38=STYLED_ITEM('',(#10),#648);
#39=STYLED_ITEM('',(#10),#649);
#40=STYLED_ITEM('',(#10),#650);
#41=STYLED_ITEM('',(#10),#651);
#42=STYLED_ITEM('',(#10),#652);
#43=STYLED_ITEM('',(#10),#653);
#44=STYLED_ITEM('',(#10),#654);
#45=STYLED_ITEM('',(#10),#655);
#46=STYLED_ITEM('',(#10),#656);
#47=STYLED_ITEM('',(#10),#657);
#48=STYLED_ITEM('',(#10),#658);
#49=STYLED_ITEM('',(#10),#659);
#50=STYLED_ITEM('',(#10),#660);
#51=STYLED_ITEM('',(#10),#661);
#52=STYLED_ITEM('',(#10),#662);
#53=STYLED_ITEM('',(#10),#663);
#54=STYLED_ITEM('',(#10),#664);
#55=STYLED_ITEM('',(#10),#665);
#56=STYLED_ITEM('',(#10),#666);
#57=STYLED_ITEM('',(#10),#667);
#58=STYLED_ITEM('',(#10),#668);
#59=STYLED_ITEM('',(#10),#669);
#60=STYLED_ITEM('',(#10),#670);
#61=STYLED_ITEM('',(#10),#671);
#62=STYLED_ITEM('',(#10),#672);
#63=STYLED_ITEM('',(#10),#673);
#64=STYLED_ITEM('',(#10),#674);
#65=STYLED_ITEM('',(#10),#675);
#66=STYLED_ITEM('',(#10),#676);
#67=STYLED_ITEM('',(#10),#677);
#68=STYLED_ITEM('',(#10),#678);
#69=STYLED_ITEM('',(#10),#679);
#70=STYLED_ITEM('',(#10),#680);
#71=STYLED_ITEM('',(#10),#681);
#72=STYLED_ITEM('',(#10),#682);
#73=STYLED_ITEM('',(#10),#683);
#74=STYLED_ITEM('',(#10),#684);
#75=STYLED_ITEM('',(#10),#685);
#76=STYLED_ITEM('',(#10),#686);
#77=STYLED_ITEM('',(#10),#687);
#78=STYLED_ITEM('',(#10),#688);
#79=STYLED_ITEM('',(#10),#689);
#80=STYLED_ITEM('',(#10),#690);
#81=STYLED_ITEM('',(#10),#691);
#82=STYLED_ITEM('',(#10),#692);
#83=STYLED_ITEM('',(#10),#693);
#84=STYLED_ITEM('',(#10),#694);
#85=STYLED_ITEM('',(#10),#695);
#86=STYLED_ITEM('',(#10),#696);
#87=STYLED_ITEM('',(#10),#697);
#88=STYLED_ITEM('',(#10),#698);
#89=STYLED_ITEM('',(#10),#699);
#90=STYLED_ITEM('',(#10),#700);
#91=STYLED_ITEM('',(#10),#701);
#92=STYLED_ITEM('',(#10),#702);
#93=STYLED_ITEM('',(#10),#703);
#94=STYLED_ITEM('',(#10),#704);
#95=STYLED_ITEM('',(#10),#705);
#96=STYLED_ITEM('',(#10),#706);
#97=STYLED_ITEM('',(#10),#707);
#98=STYLED_ITEM('',(#10),#708);
#99=STYLED_ITEM('',(#10),#709);
#100=STYLED_ITEM('',(#10),#710);
#101=STYLED_ITEM('',(#10),#711);
#102=STYLED_ITEM('',(#10),#712);
#103=STYLED_ITEM('',(#10),#713);
#104=STYLED_ITEM('',(#10),#714);
#105=STYLED_ITEM('',(#10),#715);
#106=STYLED_ITEM('',(#10),#716);
#107=STYLED_ITEM('',(#10),#717);
#108=STYLED_ITEM('',(#10),#718);
#109=STYLED_ITEM('',(#10),#719);
#110=STYLED_ITEM('',(#10),#720);
#111=STYLED_ITEM('',(#10),#721);
#112=STYLED_ITEM('',(#10),#722);
#113=STYLED_ITEM('',(#10),#723);
#114=STYLED_ITEM('',(#10),#724);
#115=STYLED_ITEM('',(#10),#725);
#116=STYLED_ITEM('',(#10),#726);
#117=STYLED_ITEM('',(#10),#727);
#118=STYLED_ITEM('',(#10),#728);
#119=STYLED_ITEM('',(#10),#729);
#120=STYLED_ITEM('',(#10),#730);
#121=STYLED_ITEM('',(#10),#731);
#122=STYLED_ITEM('',(#10),#732);
#123=STYLED_ITEM('',(#10),#733);
#124=STYLED_ITEM('',(#10),#734);
#125=STYLED_ITEM('',(#10),#735);
#126=STYLED_ITEM('',(#10),#736);
#127=STYLED_ITEM('',(#10),#737);
#128=STYLED_ITEM('',(#10),#738);
#129=STYLED_ITEM('',(#10),#739);
#130=STYLED_ITEM('',(#10),#740);
#131=STYLED_ITEM('',(#10),#741);
#132=STYLED_ITEM('',(#10),#742);
#133=STYLED_ITEM('',(#10),#743);
#134=STYLED_ITEM('',(#10),#744);
#135=STYLED_ITEM('',(#10),#745);
#136=STYLED_ITEM('',(#10),#746);
#137=STYLED_ITEM('',(#10),#747);
#138=STYLED_ITEM('',(#10),#748);
#139=STYLED_ITEM('',(#10),#749);
#140=STYLED_ITEM('',(#10),#750);
#141=STYLED_ITEM('',(#10),#751);
#142=STYLED_ITEM('',(#10),#752);
#143=STYLED_ITEM('',(#10),#753);
#144=STYLED_ITEM('',(#10),#754);
#145=STYLED_ITEM('',(#10),#755);
#146=STYLED_ITEM('',(#10),#756);
#147=STYLED_ITEM('',(#10),#757);
#148=STYLED_ITEM('',(#10),#758);
#149=STYLED_ITEM('',(#10),#759);
#150=STYLED_ITEM('',(#10),#760);
#151=STYLED_ITEM('',(#10),#761);
#152=STYLED_ITEM('',(#10),#762);
#153=STYLED_ITEM('',(#10),#763);
#154=STYLED_ITEM('',(#10),#764);
#155=STYLED_ITEM('',(#10),#765);
#156=STYLED_ITEM('',(#10),#766);
#157=STYLED_ITEM('',(#10),#767);
#158=STYLED_ITEM('',(#10),#768);
#159=STYLED_ITEM('',(#10),#769);
#160=STYLED_ITEM('',(#10),#770);
#161=STYLED_ITEM('',(#10),#771);
#162=STYLED_ITEM('',(#10),#772);
#163=STYLED_ITEM('',(#10),#773);
#164=STYLED_ITEM('',(#10),#774);
#165=STYLED_ITEM('',(#10),#775);
#166=STYLED_ITEM('',(#10),#776);
#167=STYLED_ITEM('',(#10),#777);
#168=STYLED_ITEM('',(#10),#778);
#169=STYLED_ITEM('',(#10),#779);
#170=STYLED_ITEM('',(#10),#780);
#171=STYLED_ITEM('',(#10),#781);
#172=STYLED_ITEM('',(#10),#782);
#173=STYLED_ITEM('',(#10),#783);
#174=STYLED_ITEM('',(#10),#784);
#175=STYLED_ITEM('',(#10),#785);
#176=STYLED_ITEM('',(#10),#786);
#177=STYLED_ITEM('',(#10),#787);
#178=STYLED_ITEM('',(#10),#788);
#179=STYLED_ITEM('',(#10),#789);
#180=STYLED_ITEM('',(#10),#790);
#181=STYLED_ITEM('',(#10),#791);
#182=STYLED_ITEM('',(#10),#792);
#183=STYLED_ITEM('',(#10),#793);
#184=STYLED_ITEM('',(#10),#794);
#185=STYLED_ITEM('',(#10),#795);
#186=STYLED_ITEM('',(#10),#796);
#187=STYLED_ITEM('',(#10),#797);
#188=STYLED_ITEM('',(#10),#798);
#189=STYLED_ITEM('',(#10),#799);
#190=STYLED_ITEM('',(#10),#800);
#191=STYLED_ITEM('',(#10),#801);
#192=STYLED_ITEM('',(#10),#802);
#193=STYLED_ITEM('',(#10),#803);
#194=STYLED_ITEM('',(#10),#804);
#195=STYLED_ITEM('',(#10),#805);
#196=STYLED_ITEM('',(#10),#806);
#197=STYLED_ITEM('',(#10),#807);
#198=STYLED_ITEM('',(#10),#808);
#199=STYLED_ITEM('',(#10),#809);
#200=STYLED_ITEM('',(#10),#810);
#201=STYLED_ITEM('',(#10),#811);
#202=STYLED_ITEM('',(#10),#812);
#203=STYLED_ITEM('',(#10),#813);
#204=STYLED_ITEM('',(#10),#814);
#205=STYLED_ITEM('',(#10),#815);
#206=STYLED_ITEM('',(#10),#816);
#207=STYLED_ITEM('',(#10),#817);
#208=STYLED_ITEM('',(#10),#818);
#209=STYLED_ITEM('',(#10),#819);
#210=STYLED_ITEM('',(#10),#820);
#211=STYLED_ITEM('',(#10),#821);
#212=STYLED_ITEM('',(#10),#822);
#213=STYLED_ITEM('',(#10),#823);
#214=STYLED_ITEM('',(#10),#824);
#215=STYLED_ITEM('',(#10),#825);
#216=STYLED_ITEM('',(#10),#826);
#217=STYLED_ITEM('',(#10),#827);
#218=STYLED_ITEM('',(#10),#828);
#219=STYLED_ITEM('',(#10),#829);
#220=STYLED_ITEM('',(#10),#830);
#221=STYLED_ITEM('',(#10),#831);
#222=STYLED_ITEM('',(#10),#832);
#223=STYLED_ITEM('',(#10),#833);
#224=STYLED_ITEM('',(#10),#834);
#225=STYLED_ITEM('',(#10),#835);
#226=STYLED_ITEM('',(#10),#836);
#227=STYLED_ITEM('',(#10),#837);
#228=STYLED_ITEM('',(#10),#838);
#229=STYLED_ITEM('',(#10),#839);
#230=STYLED_ITEM('',(#10),#840);
#231=STYLED_ITEM('',(#10),#841);
#232=STYLED_ITEM('',(#10),#842);
#233=STYLED_ITEM('',(#10),#843);
#234=STYLED_ITEM('',(#10),#844);
#235=STYLED_ITEM('',(#10),#845);
#236=STYLED_ITEM('',(#10),#846);
#237=STYLED_ITEM('',(#10),#847);
#238=STYLED_ITEM('',(#10),#848);
#239=STYLED_ITEM('',(#10),#849);
#240=STYLED_ITEM('',(#10),#850);
#241=STYLED_ITEM('',(#10),#851);
#242=STYLED_ITEM('',(#10),#852);
#243=STYLED_ITEM('',(#10),#853);
#244=STYLED_ITEM('',(#10),#854);
#245=STYLED_ITEM('',(#10),#855);
#246=STYLED_ITEM('',(#10),#856);
#247=STYLED_ITEM('',(#10),#857);
#248=STYLED_ITEM('',(#10),#858);
#249=STYLED_ITEM('',(#10),#859);
#250=STYLED_ITEM('',(#10),#860);
#251=STYLED_ITEM('',(#10),#861);
#252=STYLED_ITEM('',(#10),#862);
#253=STYLED_ITEM('',(#10),#863);
#254=STYLED_ITEM('',(#10),#864);
#255=STYLED_ITEM('',(#10),#865);
#256=STYLED_ITEM('',(#10),#866);
#257=STYLED_ITEM('',(#10),#867);
#258=STYLED_ITEM('',(#10),#868);
#259=STYLED_ITEM('',(#10),#869);
#260=STYLED_ITEM('',(#10),#870);
#261=STYLED_ITEM('',(#10),#871);
#262=STYLED_ITEM('',(#10),#872);
#263=STYLED_ITEM('',(#10),#873);
#264=STYLED_ITEM('',(#10),#874);
#265=STYLED_ITEM('',(#10),#875);
#266=STYLED_ITEM('',(#10),#876);
#267=STYLED_ITEM('',(#10),#877);
#268=STYLED_ITEM('',(#10),#878);
#269=STYLED_ITEM('',(#10),#879);
#270=STYLED_ITEM('',(#10),#880);
#271=STYLED_ITEM('',(#10),#881);
#272=STYLED_ITEM('',(#10),#882);
#273=STYLED_ITEM('',(#10),#883);
#274=STYLED_ITEM('',(#10),#884);
#275=STYLED_ITEM('',(#10),#885);
#276=STYLED_ITEM('',(#10),#886);
#277=STYLED_ITEM('',(#10),#887);
#278=STYLED_ITEM('',(#10),#888);
#279=STYLED_ITEM('',(#10),#889);
#280=STYLED_ITEM('',(#10),#890);
#281=STYLED_ITEM('',(#10),#891);
#282=STYLED_ITEM('',(#10),#892);
#283=STYLED_ITEM('',(#10),#893);
#284=STYLED_ITEM('',(#10),#894);
#285=STYLED_ITEM('',(#10),#895);
#286=STYLED_ITEM('',(#10),#896);
#287=STYLED_ITEM('',(#10),#897);
#288=STYLED_ITEM('',(#10),#898);
#289=STYLED_ITEM('',(#10),#899);
#290=STYLED_ITEM('',(#10),#900);
#291=STYLED_ITEM('',(#10),#901);
#292=STYLED_ITEM('',(#10),#902);
#293=STYLED_ITEM('',(#10),#903);
#294=STYLED_ITEM('',(#10),#904);
#295=STYLED_ITEM('',(#10),#905);
#296=STYLED_ITEM('',(#10),#906);
#297=STYLED_ITEM('',(#10),#907);
#298=STYLED_ITEM('',(#10),#908);
#299=STYLED_ITEM('',(#10),#909);
#300=STYLED_ITEM('',(#10),#910);
#301=STYLED_ITEM('',(#10),#911);
#302=STYLED_ITEM('',(#10),#912);
#303=STYLED_ITEM('',(#10),#913);
#304=STYLED_ITEM('',(#10),#914);
#305=STYLED_ITEM('',(#10),#915);
#306=STYLED_ITEM('',(#10),#916);
#307=STYLED_ITEM('',(#10),#917);
#308=STYLED_ITEM('',(#10),#918);
#309=STYLED_ITEM('',(#10),#919);
#310=STYLED_ITEM('',(#10),#920);
#311=STYLED_ITEM('',(#10),#921);
#312=STYLED_ITEM('',(#10),#922);
#313=STYLED_ITEM('',(#10),#923);
#314=STYLED_ITEM('',(#10),#924);
#315=STYLED_ITEM('',(#10),#925);
#316=STYLED_ITEM('',(#10),#926);
#317=STYLED_ITEM('',(#10),#927);
#318=STYLED_ITEM('',(#10),#928);
#319=STYLED_ITEM('',(#10),#929);
#320=STYLED_ITEM('',(#10),#930);
#321=STYLED_ITEM('',(#10),#931);
#322=STYLED_ITEM('',(#10),#932);
#323=STYLED_ITEM('',(#10),#933);
#324=STYLED_ITEM('',(#10),#934);
#325=STYLED_ITEM('',(#10),#935);
#326=STYLED_ITEM('',(#10),#936);
#327=STYLED_ITEM('',(#10),#937);
#328=STYLED_ITEM('',(#10),#938);
#329=STYLED_ITEM('',(#10),#939);
#330=STYLED_ITEM('',(#10),#940);
#331=STYLED_ITEM('',(#10),#941);
#332=STYLED_ITEM('',(#10),#942);
#333=STYLED_ITEM('',(#10),#943);
#334=STYLED_ITEM('',(#10),#944);
#335=STYLED_ITEM('',(#10),#945);
#336=STYLED_ITEM('',(#10),#946);
#337=STYLED_ITEM('',(#10),#947);
#338=STYLED_ITEM('',(#10),#948);
#339=STYLED_ITEM('',(#10),#949);
#340=STYLED_ITEM('',(#10),#950);
#341=STYLED_ITEM('',(#10),#951);
#342=STYLED_ITEM('',(#10),#952);
#343=STYLED_ITEM('',(#10),#953);
#344=STYLED_ITEM('',(#10),#954);
#345=STYLED_ITEM('',(#10),#955);
#346=STYLED_ITEM('',(#10),#956);
#347=STYLED_ITEM('',(#10),#957);
#348=STYLED_ITEM('',(#10),#958);
#349=STYLED_ITEM('',(#10),#959);
#350=STYLED_ITEM('',(#10),#960);
#351=STYLED_ITEM('',(#10),#961);
#352=STYLED_ITEM('',(#10),#962);
#353=STYLED_ITEM('',(#10),#963);
#354=STYLED_ITEM('',(#10),#964);
#355=STYLED_ITEM('',(#10),#965);
#356=STYLED_ITEM('',(#10),#966);
#357=STYLED_ITEM('',(#10),#967);
#358=STYLED_ITEM('',(#10),#968);
#359=STYLED_ITEM('',(#10),#969);
#360=STYLED_ITEM('',(#10),#970);
#361=STYLED_ITEM('',(#10),#971);
#362=STYLED_ITEM('',(#10),#972);
#363=STYLED_ITEM('',(#10),#973);
#364=STYLED_ITEM('',(#10),#974);
#365=STYLED_ITEM('',(#10),#975);
#366=STYLED_ITEM('',(#10),#976);
#367=STYLED_ITEM('',(#10),#977);
#368=STYLED_ITEM('',(#10),#978);
#369=STYLED_ITEM('',(#10),#979);
#370=STYLED_ITEM('',(#10),#980);
#371=STYLED_ITEM('',(#10),#981);
#372=STYLED_ITEM('',(#10),#982);
#373=STYLED_ITEM('',(#10),#983);
#374=STYLED_ITEM('',(#10),#984);
#375=STYLED_ITEM('',(#10),#985);
#376=STYLED_ITEM('',(#10),#986);
#377=STYLED_ITEM('',(#10),#987);
#378=STYLED_ITEM('',(#10),#988);
#379=STYLED_ITEM('',(#10),#989);
#380=STYLED_ITEM('',(#10),#990);
#381=STYLED_ITEM('',(#10),#991);
#382=STYLED_ITEM('',(#10),#992);
#383=STYLED_ITEM('',(#10),#993);
#384=STYLED_ITEM('',(#10),#994);
#385=STYLED_ITEM('',(#10),#995);
#386=STYLED_ITEM('',(#10),#996);
#387=STYLED_ITEM('',(#10),#997);
#388=STYLED_ITEM('',(#10),#998);
#389=STYLED_ITEM('',(#10),#999);
#390=STYLED_ITEM('',(#10),#1000);
#391=STYLED_ITEM('',(#10),#1001);
#392=STYLED_ITEM('',(#10),#1002);
#393=STYLED_ITEM('',(#10),#1003);
#394=STYLED_ITEM('',(#10),#1004);
#395=STYLED_ITEM('',(#10),#1005);
#396=STYLED_ITEM('',(#10),#1006);
#397=STYLED_ITEM('',(#10),#1007);
#398=STYLED_ITEM('',(#10),#1008);
#399=STYLED_ITEM('',(#10),#1009);
#400=STYLED_ITEM('',(#10),#1010);
#401=STYLED_ITEM('',(#10),#1011);
#402=STYLED_ITEM('',(#10),#1012);
#403=STYLED_ITEM('',(#10),#1013);
#404=STYLED_ITEM('',(#10),#1014);
#405=STYLED_ITEM('',(#10),#1015);
#406=STYLED_ITEM('',(#10),#1016);
#407=STYLED_ITEM('',(#10),#1017);
#408=STYLED_ITEM('',(#10),#1018);
#409=STYLED_ITEM('',(#10),#1019);
#410=STYLED_ITEM('',(#10),#1020);
#411=STYLED_ITEM('',(#10),#1021);
#412=STYLED_ITEM('',(#10),#1022);
#413=STYLED_ITEM('',(#10),#1023);
#414=STYLED_ITEM('',(#10),#1024);
#415=STYLED_ITEM('',(#10),#1025);
#416=STYLED_ITEM('',(#10),#1026);
#417=STYLED_ITEM('',(#10),#1027);
#418=STYLED_ITEM('',(#10),#1028);
#419=STYLED_ITEM('',(#10),#1029);
#420=STYLED_ITEM('',(#10),#1030);
#421=STYLED_ITEM('',(#10),#1031);
#422=STYLED_ITEM('',(#10),#1032);
#423=STYLED_ITEM('',(#10),#1033);
#424=STYLED_ITEM('',(#10),#1034);
#425=STYLED_ITEM('',(#10),#1035);
#426=STYLED_ITEM('',(#10),#1036);
#427=STYLED_ITEM('',(#10),#1037);
#428=STYLED_ITEM('',(#10),#1038);
#429=STYLED_ITEM('',(#10),#1039);
#430=STYLED_ITEM('',(#10),#1040);
#431=STYLED_ITEM('',(#10),#1041);
#432=STYLED_ITEM('',(#10),#1042);
#433=STYLED_ITEM('',(#10),#1043);
#434=STYLED_ITEM('',(#10),#1044);
#435=STYLED_ITEM('',(#10),#1045);
#436=STYLED_ITEM('',(#10),#1046);
#437=STYLED_ITEM('',(#10),#1047);
#438=STYLED_ITEM('',(#10),#1048);
#439=STYLED_ITEM('',(#10),#1049);
#440=STYLED_ITEM('',(#10),#1050);
#441=STYLED_ITEM('',(#10),#1051);
#442=STYLED_ITEM('',(#10),#1052);
#443=STYLED_ITEM('',(#10),#1053);
#444=STYLED_ITEM('',(#10),#1054);
#445=STYLED_ITEM('',(#10),#1055);
#446=STYLED_ITEM('',(#10),#1056);
#447=STYLED_ITEM('',(#10),#1057);
#448=STYLED_ITEM('',(#10),#1058);
#449=STYLED_ITEM('',(#10),#1059);
#450=STYLED_ITEM('',(#10),#1060);
#451=STYLED_ITEM('',(#10),#1061);
#452=STYLED_ITEM('',(#10),#1062);
#453=STYLED_ITEM('',(#10),#1063);
#454=STYLED_ITEM('',(#10),#1064);
#455=STYLED_ITEM('',(#10),#1065);
#456=STYLED_ITEM('',(#10),#1066);
#457=STYLED_ITEM('',(#10),#1067);
#458=STYLED_ITEM('',(#10),#1068);
#459=STYLED_ITEM('',(#10),#1069);
#460=STYLED_ITEM('',(#10),#1070);
#461=STYLED_ITEM('',(#10),#1071);
#462=STYLED_ITEM('',(#10),#1072);
#463=STYLED_ITEM('',(#10),#1073);
#464=STYLED_ITEM('',(#10),#1074);
#465=STYLED_ITEM('',(#10),#1075);
#466=STYLED_ITEM('',(#10),#1076);
#467=STYLED_ITEM('',(#10),#1077);
#468=STYLED_ITEM('',(#10),#1078);
#469=STYLED_ITEM('',(#10),#1079);
#470=STYLED_ITEM('',(#10),#1080);
#471=STYLED_ITEM('',(#10),#1081);
#472=STYLED_ITEM('',(#10),#1082);
#473=STYLED_ITEM('',(#10),#1083);
#474=STYLED_ITEM('',(#10),#1084);
#475=STYLED_ITEM('',(#10),#1085);
#476=STYLED_ITEM('',(#10),#1086);
#477=STYLED_ITEM('',(#10),#1087);
#478=STYLED_ITEM('',(#10),#1088);
#479=STYLED_ITEM('',(#10),#1089);
#480=STYLED_ITEM('',(#10),#1090);
#481=STYLED_ITEM('',(#10),#1091);
#482=STYLED_ITEM('',(#10),#1092);
#483=STYLED_ITEM('',(#10),#1093);
#484=STYLED_ITEM('',(#10),#1094);
#485=STYLED_ITEM('',(#10),#1095);
#486=STYLED_ITEM('',(#10),#1096);
#487=STYLED_ITEM('',(#10),#1097);
#488=STYLED_ITEM('',(#10),#1098);
#489=STYLED_ITEM('',(#10),#1099);
#490=STYLED_ITEM('',(#10),#1100);
#491=STYLED_ITEM('',(#10),#1101);
#492=STYLED_ITEM('',(#10),#1102);
#493=STYLED_ITEM('',(#10),#1103);
#494=STYLED_ITEM('',(#10),#1104);
#495=STYLED_ITEM('',(#10),#1105);
#496=STYLED_ITEM('',(#10),#1106);
#497=STYLED_ITEM('',(#10),#1107);
#498=STYLED_ITEM('',(#10),#1108);
#499=STYLED_ITEM('',(#10),#1109);
#500=STYLED_ITEM('',(#10),#1110);
#501=STYLED_ITEM('',(#10),#1111);
#502=STYLED_ITEM('',(#10),#1112);
#503=STYLED_ITEM('',(#10),#1113);
#504=STYLED_ITEM('',(#10),#1114);
#505=STYLED_ITEM('',(#10),#1115);
#506=STYLED_ITEM('',(#10),#1116);
#507=STYLED_ITEM('',(#10),#1117);
#508=STYLED_ITEM('',(#10),#1118);
#509=STYLED_ITEM('',(#10),#1119);
#510=STYLED_ITEM('',(#10),#1120);
#511=STYLED_ITEM('',(#10),#1121);
#512=STYLED_ITEM('',(#10),#1122);
#513=STYLED_ITEM('',(#10),#1123);
#514=STYLED_ITEM('',(#10),#1124);
#515=STYLED_ITEM('',(#10),#1125);
#516=STYLED_ITEM('',(#10),#1126);
#517=STYLED_ITEM('',(#10),#1127);
#518=STYLED_ITEM('',(#10),#1128);
#519=STYLED_ITEM('',(#10),#1129);
#520=STYLED_ITEM('',(#10),#1130);
#521=STYLED_ITEM('',(#10),#1131);
#522=STYLED_ITEM('',(#10),#1132);
#523=STYLED_ITEM('',(#10),#1133);
#524=STYLED_ITEM('',(#10),#1134);
#525=STYLED_ITEM('',(#10),#1135);
#526=STYLED_ITEM('',(#10),#1136);
#527=STYLED_ITEM('',(#10),#1137);
#528=STYLED_ITEM('',(#10),#1138);
#529=STYLED_ITEM('',(#10),#1139);
#530=STYLED_ITEM('',(#10),#1140);
#531=STYLED_ITEM('',(#10),#1141);
#532=STYLED_ITEM('',(#10),#1142);
#533=STYLED_ITEM('',(#10),#1143);
#534=STYLED_ITEM('',(#10),#1144);
#535=STYLED_ITEM('',(#10),#1145);
#536=STYLED_ITEM('',(#10),#1146);
#537=STYLED_ITEM('',(#10),#1147);
#538=STYLED_ITEM('',(#10),#1148);
#539=STYLED_ITEM('',(#10),#1149);
#540=STYLED_ITEM('',(#10),#1150);
#541=STYLED_ITEM('',(#10),#1151);
#542=STYLED_ITEM('',(#10),#1152);
#543=STYLED_ITEM('',(#10),#1153);
#544=STYLED_ITEM('',(#10),#1154);
#545=STYLED_ITEM('',(#10),#1155);
#546=STYLED_ITEM('',(#10),#1156);
#547=STYLED_ITEM('',(#10),#1157);
#548=STYLED_ITEM('',(#10),#1158);
#549=STYLED_ITEM('',(#11),#557);
#550=COLOUR_RGB('',0.,0.,0.);
#551=COLOUR_RGB('rgb_colour_1',0.4,0.4,0.4);
#552=MECHANICAL_DESIGN_GEOMETRIC_PRESENTATION_REPRESENTATION('',(#22,#23,#24,
#25,#26,#27,#28,#29,#30,#31,#32,#33,#34,#35,#36,#37,#38,#39,#40,#41,#42,#43,
#44,#45,#46,#47,#48,#49,#50,#51,#52,#53,#54,#55,#56,#57,#58,#59,#60,#61,#62,
#63,#64,#65,#66,#67,#68,#69,#70,#71,#72,#73,#74,#75,#76,#77,#78,#79,#80,#81,
#82,#83,#84,#85,#86,#87,#88,#89,#90,#91,#92,#93,#94,#95,#96,#97,#98,#99,#100,
#101,#102,#103,#104,#105,#106,#107,#108,#109,#110,#111,#112,#113,#114,#115,
#116,#117,#118,#119,#120,#121,#122,#123,#124,#125,#126,#127,#128,#129,#130,
#131,#132,#133,#134,#135,#136,#137,#138,#139,#140,#141,#142,#143,#144,#145,
#146,#147,#148,#149,#150,#151,#152,#153,#154,#155,#156,#157,#158,#159,#160,
#161,#162,#163,#164,#165,#166,#167,#168,#169,#170,#171,#172,#173,#174,#175,
#176,#177,#178,#179,#180,#181,#182,#183,#184,#185,#186,#187,#188,#189,#190,
#191,#192,#193,#194,#195,#196,#197,#198,#199,#200,#201,#202,#203,#204,#205,
#206,#207,#208,#209,#210,#211,#212,#213,#214,#215,#216,#217,#218,#219,#220,
#221,#222,#223,#224,#225,#226,#227,#228,#229,#230,#231,#232,#233,#234,#235,
#236,#237,#238,#239,#240,#241,#242,#243,#244,#245,#246,#247,#248,#249,#250,
#251,#252,#253,#254,#255,#256,#257,#258,#259,#260,#261,#262,#263,#264,#265,
#266,#267,#268,#269,#270,#271,#272,#273,#274,#275,#276,#277,#278,#279,#280,
#281,#282,#283,#284,#285,#286,#287,#288,#289,#290,#291,#292,#293,#294,#295,
#296,#297,#298,#299,#300,#301,#302,#303,#304,#305,#306,#307,#308,#309,#310,
#311,#312,#313,#314,#315,#316,#317,#318,#319,#320,#321,#322,#323,#324,#325,
#326,#327,#328,#329,#330,#331,#332,#333,#334,#335,#336,#337,#338,#339,#340,
#341,#342,#343,#344,#345,#346,#347,#348,#349,#350,#351,#352,#353,#354,#355,
#356,#357,#358,#359,#360,#361,#362,#363,#364,#365,#366,#367,#368,#369,#370,
#371,#372,#373,#374,#375,#376,#377,#378,#379,#380,#381,#382,#383,#384,#385,
#386,#387,#388,#389,#390,#391,#392,#393,#394,#395,#396,#397,#398,#399,#400,
#401,#402,#403,#404,#405,#406,#407,#408,#409,#410,#411,#412,#413,#414,#415,
#416,#417,#418,#419,#420,#421,#422,#423,#424,#425,#426,#427,#428,#429,#430,
#431,#432,#433,#434,#435,#436,#437,#438,#439,#440,#441,#442,#443,#444,#445,
#446,#447,#448,#449,#450,#451,#452,#453,#454,#455,#456,#457,#458,#459,#460,
#461,#462,#463,#464,#465,#466,#467,#468,#469,#470,#471,#472,#473,#474,#475,
#476,#477,#478,#479,#480,#481,#482,#483,#484,#485,#486,#487,#488,#489,#490,
#491,#492,#493,#494,#495,#496,#497,#498,#499,#500,#501,#502,#503,#504,#505,
#506,#507,#508,#509,#510,#511,#512,#513,#514,#515,#516,#517,#518,#519,#520,
#521,#522,#523,#524,#525,#526,#527,#528,#529,#530,#531,#532,#533,#534,#535,
#536,#537,#538,#539,#540,#541,#542,#543,#544,#545,#546,#547,#548,#549),#16939
);
#553=PRESENTATION_LAYER_ASSIGNMENT('72','D515',(#632,#633,#634,#635,#636,#637,
#638,#639,#640,#641,#642,#643,#644,#645,#646,#647,#648,#649,#650,#651,#652,
#653,#654,#655,#656,#657,#658,#659,#660,#661,#662,#663,#664,#665,#666,#667,
#668,#669,#670,#671,#672,#673,#674,#675,#676,#677,#678,#679,#680,#681,#682,
#683,#684,#685,#686,#687,#688,#689,#690,#691,#692,#693,#694,#695,#696,#697,
#698,#699,#700,#701,#702,#703,#704,#705,#706,#707,#708,#709,#710,#711,#712,
#713,#714,#715,#716,#717,#718,#719,#720,#721,#722,#723,#724,#725,#726,#727,
#728,#729,#730,#731,#732,#733,#734,#735,#736,#737,#738,#739,#740,#741,#742,
#743,#744,#745,#746,#747,#748,#749,#750,#751,#752,#753,#754,#755,#756,#757,
#758,#759,#760,#761,#762,#763,#764,#765,#766,#767,#768,#769,#770,#771,#772,
#773,#774,#775,#776,#777,#778,#779,#780,#781,#782,#783,#784,#785,#786,#787,
#788,#789,#790,#791,#792,#793,#794,#795,#796,#797,#798,#799,#800,#801,#802,
#803,#804,#805,#806,#807,#808,#809,#810,#811,#812,#813,#814,#815,#816,#817,
#818,#819,#820,#821,#822,#823,#824,#825,#826,#827,#828,#829,#830,#831,#832,
#833,#834,#835,#836,#837,#838,#839,#840,#841,#842,#843,#844,#845,#846,#847,
#848,#849,#850,#851,#852,#853,#854,#855,#856,#857,#858,#859,#860,#861,#862,
#863,#864,#865,#866,#867,#868,#869,#870,#871,#872,#873,#874,#875,#876,#877,
#878,#879,#880,#881,#882,#883,#884,#885,#886,#887,#888,#889,#890,#891,#892,
#893,#894,#895,#896,#897,#898,#899,#900,#901,#902,#903,#904,#905,#906,#907,
#908,#909,#910,#911,#912,#913,#914,#915,#916,#917,#918,#919,#920,#921,#922,
#923,#924,#925,#926,#927,#928,#929,#930,#931,#932,#933,#934,#935,#936,#937,
#938,#939,#940,#941,#942,#943,#944,#945,#946,#947,#948,#949,#950,#951,#952,
#953,#954,#955,#956,#957,#958,#959,#960,#961,#962,#963,#964,#965,#966,#967,
#968,#969,#970,#971,#972,#973,#974,#975,#976,#977,#978,#979,#980,#981,#982,
#983,#984,#985,#986,#987,#988,#989,#990,#991,#992,#993,#994,#995,#996,#997,
#998,#999,#1000,#1001,#1002,#1003,#1004,#1005,#1006,#1007,#1008,#1009,#1010,
#1011,#1012,#1013,#1014,#1015,#1016,#1017,#1018,#1019,#1020,#1021,#1022,#1023,
#1024,#1025,#1026,#1027,#1028,#1029,#1030,#1031,#1032,#1033,#1034,#1035,#1036,
#1037,#1038,#1039,#1040,#1041,#1042,#1043,#1044,#1045,#1046,#1047,#1048,#1049,
#1050,#1051,#1052,#1053,#1054,#1055,#1056,#1057,#1058,#1059,#1060,#1061,#1062,
#1063,#1064,#1065,#1066,#1067,#1068,#1069,#1070,#1071,#1072,#1073,#1074,#1075,
#1076,#1077,#1078,#1079,#1080,#1081,#1082,#1083,#1084,#1085,#1086,#1087,#1088,
#1089,#1090,#1091,#1092,#1093,#1094,#1095,#1096,#1097,#1098,#1099,#1100,#1101,
#1102,#1103,#1104,#1105,#1106,#1107,#1108,#1109,#1110,#1111,#1112,#1113,#1114,
#1115,#1116,#1117,#1118,#1119,#1120,#1121,#1122,#1123,#1124,#1125,#1126,#1127,
#1128,#1129,#1130,#1131,#1132,#1133,#1134,#1135,#1136,#1137,#1138,#1139,#1140,
#1141,#1142,#1143,#1144,#1145,#1146,#1147,#1148,#1149,#1150,#1151,#1152,#1153,
#1154,#1155,#1156,#1157,#1158,#557));
#554=SHAPE_REPRESENTATION_RELATIONSHIP('','',#10700,#555);
#555=ADVANCED_BREP_SHAPE_REPRESENTATION('',(#556),#16939);
#556=MANIFOLD_SOLID_BREP('963',#557);
#557=CLOSED_SHELL('',(#632,#633,#634,#635,#636,#637,#638,#639,#640,#641,#642,
#643,#644,#645,#646,#647,#648,#649,#650,#651,#652,#653,#654,#655,#656,#657,
#658,#659,#660,#661,#662,#663,#664,#665,#666,#667,#668,#669,#670,#671,#672,
#673,#674,#675,#676,#677,#678,#679,#680,#681,#682,#683,#684,#685,#686,#687,
#688,#689,#690,#691,#692,#693,#694,#695,#696,#697,#698,#699,#700,#701,#702,
#703,#704,#705,#706,#707,#708,#709,#710,#711,#712,#713,#714,#715,#716,#717,
#718,#719,#720,#721,#722,#723,#724,#725,#726,#727,#728,#729,#730,#731,#732,
#733,#734,#735,#736,#737,#738,#739,#740,#741,#742,#743,#744,#745,#746,#747,
#748,#749,#750,#751,#752,#753,#754,#755,#756,#757,#758,#759,#760,#761,#762,
#763,#764,#765,#766,#767,#768,#769,#770,#771,#772,#773,#774,#775,#776,#777,
#778,#779,#780,#781,#782,#783,#784,#785,#786,#787,#788,#789,#790,#791,#792,
#793,#794,#795,#796,#797,#798,#799,#800,#801,#802,#803,#804,#805,#806,#807,
#808,#809,#810,#811,#812,#813,#814,#815,#816,#817,#818,#819,#820,#821,#822,
#823,#824,#825,#826,#827,#828,#829,#830,#831,#832,#833,#834,#835,#836,#837,
#838,#839,#840,#841,#842,#843,#844,#845,#846,#847,#848,#849,#850,#851,#852,
#853,#854,#855,#856,#857,#858,#859,#860,#861,#862,#863,#864,#865,#866,#867,
#868,#869,#870,#871,#872,#873,#874,#875,#876,#877,#878,#879,#880,#881,#882,
#883,#884,#885,#886,#887,#888,#889,#890,#891,#892,#893,#894,#895,#896,#897,
#898,#899,#900,#901,#902,#903,#904,#905,#906,#907,#908,#909,#910,#911,#912,
#913,#914,#915,#916,#917,#918,#919,#920,#921,#922,#923,#924,#925,#926,#927,
#928,#929,#930,#931,#932,#933,#934,#935,#936,#937,#938,#939,#940,#941,#942,
#943,#944,#945,#946,#947,#948,#949,#950,#951,#952,#953,#954,#955,#956,#957,
#958,#959,#960,#961,#962,#963,#964,#965,#966,#967,#968,#969,#970,#971,#972,
#973,#974,#975,#976,#977,#978,#979,#980,#981,#982,#983,#984,#985,#986,#987,
#988,#989,#990,#991,#992,#993,#994,#995,#996,#997,#998,#999,#1000,#1001,#1002,
#1003,#1004,#1005,#1006,#1007,#1008,#1009,#1010,#1011,#1012,#1013,#1014,#1015,
#1016,#1017,#1018,#1019,#1020,#1021,#1022,#1023,#1024,#1025,#1026,#1027,#1028,
#1029,#1030,#1031,#1032,#1033,#1034,#1035,#1036,#1037,#1038,#1039,#1040,#1041,
#1042,#1043,#1044,#1045,#1046,#1047,#1048,#1049,#1050,#1051,#1052,#1053,#1054,
#1055,#1056,#1057,#1058,#1059,#1060,#1061,#1062,#1063,#1064,#1065,#1066,#1067,
#1068,#1069,#1070,#1071,#1072,#1073,#1074,#1075,#1076,#1077,#1078,#1079,#1080,
#1081,#1082,#1083,#1084,#1085,#1086,#1087,#1088,#1089,#1090,#1091,#1092,#1093,
#1094,#1095,#1096,#1097,#1098,#1099,#1100,#1101,#1102,#1103,#1104,#1105,#1106,
#1107,#1108,#1109,#1110,#1111,#1112,#1113,#1114,#1115,#1116,#1117,#1118,#1119,
#1120,#1121,#1122,#1123,#1124,#1125,#1126,#1127,#1128,#1129,#1130,#1131,#1132,
#1133,#1134,#1135,#1136,#1137,#1138,#1139,#1140,#1141,#1142,#1143,#1144,#1145,
#1146,#1147,#1148,#1149,#1150,#1151,#1152,#1153,#1154,#1155,#1156,#1157,#1158)
);
#558=CYLINDRICAL_SURFACE('',#11046,8.15121206730752);
#559=CYLINDRICAL_SURFACE('',#11049,22.3443089123672);
#560=CYLINDRICAL_SURFACE('',#11050,7.85950428713309);
#561=CYLINDRICAL_SURFACE('',#11051,6.63294940474391);
#562=CYLINDRICAL_SURFACE('',#11052,82.1096911276399);
#563=CYLINDRICAL_SURFACE('',#11055,6.7917809045939);
#564=CYLINDRICAL_SURFACE('',#11057,6.41186511054319);
#565=CYLINDRICAL_SURFACE('',#11058,9.67144000382974);
#566=CYLINDRICAL_SURFACE('',#11059,27.4330029960204);
#567=CYLINDRICAL_SURFACE('',#11060,17.7865499139349);
#568=CYLINDRICAL_SURFACE('',#11061,35.4921438600924);
#569=CYLINDRICAL_SURFACE('',#11066,10.333062427703);
#570=CYLINDRICAL_SURFACE('',#11071,10.3330624277031);
#571=CYLINDRICAL_SURFACE('',#11076,10.3330624277031);
#572=CYLINDRICAL_SURFACE('',#11081,10.3330624277031);
#573=CYLINDRICAL_SURFACE('',#11086,10.3330624277031);
#574=CYLINDRICAL_SURFACE('',#11091,10.3330624277031);
#575=CYLINDRICAL_SURFACE('',#11096,10.3330624277031);
#576=CYLINDRICAL_SURFACE('',#11101,10.3330624277031);
#577=CYLINDRICAL_SURFACE('',#11106,10.3330624277031);
#578=CYLINDRICAL_SURFACE('',#11111,10.3330624277031);
#579=CYLINDRICAL_SURFACE('',#11116,10.3330624277031);
#580=CYLINDRICAL_SURFACE('',#11121,10.3330624277031);
#581=CYLINDRICAL_SURFACE('',#11126,10.3330624277031);
#582=CYLINDRICAL_SURFACE('',#11131,10.3330624277031);
#583=CYLINDRICAL_SURFACE('',#11136,10.3330624277031);
#584=CYLINDRICAL_SURFACE('',#11141,10.3330624277031);
#585=CYLINDRICAL_SURFACE('',#11146,10.3330624277031);
#586=CYLINDRICAL_SURFACE('',#11151,10.3330624277031);
#587=CYLINDRICAL_SURFACE('',#11156,10.3330624277031);
#588=CYLINDRICAL_SURFACE('',#11161,10.3330624277031);
#589=CYLINDRICAL_SURFACE('',#11166,10.3330624277031);
#590=CYLINDRICAL_SURFACE('',#11171,10.3330624277031);
#591=CYLINDRICAL_SURFACE('',#11176,10.3330624277031);
#592=CYLINDRICAL_SURFACE('',#11181,10.3330624277031);
#593=CYLINDRICAL_SURFACE('',#11186,10.3330624277031);
#594=CYLINDRICAL_SURFACE('',#11191,10.3330624277031);
#595=CYLINDRICAL_SURFACE('',#11196,10.3330624277031);
#596=CYLINDRICAL_SURFACE('',#11201,10.3330624277031);
#597=CYLINDRICAL_SURFACE('',#11206,10.3330624277031);
#598=CYLINDRICAL_SURFACE('',#11211,10.3330624277031);
#599=CYLINDRICAL_SURFACE('',#11216,10.3330624277031);
#600=CYLINDRICAL_SURFACE('',#11221,10.3330624277031);
#601=CYLINDRICAL_SURFACE('',#11226,10.3330624277031);
#602=CYLINDRICAL_SURFACE('',#11231,10.3330624277031);
#603=CYLINDRICAL_SURFACE('',#11236,10.3330624277031);
#604=CYLINDRICAL_SURFACE('',#11241,10.3330624277031);
#605=CYLINDRICAL_SURFACE('',#11246,10.3330624277031);
#606=CYLINDRICAL_SURFACE('',#11251,10.3330624277031);
#607=CYLINDRICAL_SURFACE('',#11256,10.3330624277031);
#608=CYLINDRICAL_SURFACE('',#11261,10.3330624277031);
#609=CYLINDRICAL_SURFACE('',#11266,10.3330624277031);
#610=CYLINDRICAL_SURFACE('',#11271,10.3330624277031);
#611=CYLINDRICAL_SURFACE('',#11276,10.3330624277031);
#612=CYLINDRICAL_SURFACE('',#11281,10.3330624277031);
#613=CYLINDRICAL_SURFACE('',#11286,10.3330624277031);
#614=CYLINDRICAL_SURFACE('',#11291,10.3330624277031);
#615=CYLINDRICAL_SURFACE('',#11296,10.3330624277031);
#616=CYLINDRICAL_SURFACE('',#11301,10.3330624277031);
#617=CYLINDRICAL_SURFACE('',#11306,10.3330624277031);
#618=CYLINDRICAL_SURFACE('',#11311,10.3330624277031);
#619=CYLINDRICAL_SURFACE('',#11316,10.3330624277031);
#620=CYLINDRICAL_SURFACE('',#11321,10.3330624277031);
#621=CYLINDRICAL_SURFACE('',#11326,10.3330624277031);
#622=CYLINDRICAL_SURFACE('',#11331,10.3330624277031);
#623=CYLINDRICAL_SURFACE('',#11336,10.3330624277031);
#624=CYLINDRICAL_SURFACE('',#11341,10.3330624277031);
#625=CYLINDRICAL_SURFACE('',#11346,10.3330624277031);
#626=CYLINDRICAL_SURFACE('',#11351,10.3330624277031);
#627=CYLINDRICAL_SURFACE('',#11356,10.3330624277031);
#628=CYLINDRICAL_SURFACE('',#11361,10.3330624277031);
#629=CYLINDRICAL_SURFACE('',#11366,10.3330624277031);
#630=CYLINDRICAL_SURFACE('',#11371,10.3330624277031);
#631=CYLINDRICAL_SURFACE('',#11375,10.3330624277031);
#632=ADVANCED_FACE('',(#1159),#5115,.T.);
#633=ADVANCED_FACE('',(#1160),#5116,.F.);
#634=ADVANCED_FACE('',(#1161),#5117,.F.);
#635=ADVANCED_FACE('',(#1162),#5118,.T.);
#636=ADVANCED_FACE('',(#1163),#5119,.F.);
#637=ADVANCED_FACE('',(#1164),#5120,.F.);
#638=ADVANCED_FACE('',(#1165),#5121,.T.);
#639=ADVANCED_FACE('',(#1166),#5122,.F.);
#640=ADVANCED_FACE('',(#1167),#5123,.F.);
#641=ADVANCED_FACE('',(#1168),#5124,.T.);
#642=ADVANCED_FACE('',(#1169),#5125,.F.);
#643=ADVANCED_FACE('',(#1170),#5126,.F.);
#644=ADVANCED_FACE('',(#1171),#5127,.T.);
#645=ADVANCED_FACE('',(#1172),#5128,.F.);
#646=ADVANCED_FACE('',(#1173),#5129,.F.);
#647=ADVANCED_FACE('',(#1174),#5130,.T.);
#648=ADVANCED_FACE('',(#1175),#5131,.F.);
#649=ADVANCED_FACE('',(#1176),#5132,.F.);
#650=ADVANCED_FACE('',(#1177),#5133,.T.);
#651=ADVANCED_FACE('',(#1178),#5134,.F.);
#652=ADVANCED_FACE('',(#1179),#5135,.F.);
#653=ADVANCED_FACE('',(#1180),#5136,.T.);
#654=ADVANCED_FACE('',(#1181),#5137,.F.);
#655=ADVANCED_FACE('',(#1182),#5138,.F.);
#656=ADVANCED_FACE('',(#1183),#5139,.T.);
#657=ADVANCED_FACE('',(#1184),#5140,.F.);
#658=ADVANCED_FACE('',(#1185),#5141,.F.);
#659=ADVANCED_FACE('',(#1186),#5142,.T.);
#660=ADVANCED_FACE('',(#1187),#5143,.F.);
#661=ADVANCED_FACE('',(#1188),#5144,.F.);
#662=ADVANCED_FACE('',(#1189),#5145,.T.);
#663=ADVANCED_FACE('',(#1190),#5146,.F.);
#664=ADVANCED_FACE('',(#1191),#5147,.F.);
#665=ADVANCED_FACE('',(#1192),#5148,.T.);
#666=ADVANCED_FACE('',(#1193),#5149,.F.);
#667=ADVANCED_FACE('',(#1194),#5150,.F.);
#668=ADVANCED_FACE('',(#1195),#5151,.T.);
#669=ADVANCED_FACE('',(#1196),#5152,.F.);
#670=ADVANCED_FACE('',(#1197),#5153,.F.);
#671=ADVANCED_FACE('',(#1198),#5154,.T.);
#672=ADVANCED_FACE('',(#1199),#5155,.F.);
#673=ADVANCED_FACE('',(#1200),#5156,.F.);
#674=ADVANCED_FACE('',(#1201),#5157,.T.);
#675=ADVANCED_FACE('',(#1202),#5158,.F.);
#676=ADVANCED_FACE('',(#1203),#5159,.F.);
#677=ADVANCED_FACE('',(#1204),#5160,.T.);
#678=ADVANCED_FACE('',(#1205),#5161,.F.);
#679=ADVANCED_FACE('',(#1206),#5162,.F.);
#680=ADVANCED_FACE('',(#1207),#5163,.T.);
#681=ADVANCED_FACE('',(#1208),#5164,.F.);
#682=ADVANCED_FACE('',(#1209),#5165,.F.);
#683=ADVANCED_FACE('',(#1210),#5166,.T.);
#684=ADVANCED_FACE('',(#1211),#5167,.F.);
#685=ADVANCED_FACE('',(#1212),#5168,.F.);
#686=ADVANCED_FACE('',(#1213),#5169,.T.);
#687=ADVANCED_FACE('',(#1214),#5170,.F.);
#688=ADVANCED_FACE('',(#1215),#5171,.F.);
#689=ADVANCED_FACE('',(#1216),#5172,.T.);
#690=ADVANCED_FACE('',(#1217),#5173,.F.);
#691=ADVANCED_FACE('',(#1218),#5174,.F.);
#692=ADVANCED_FACE('',(#1219),#5175,.T.);
#693=ADVANCED_FACE('',(#1220),#5176,.F.);
#694=ADVANCED_FACE('',(#1221),#5177,.F.);
#695=ADVANCED_FACE('',(#1222),#5178,.T.);
#696=ADVANCED_FACE('',(#1223),#5179,.F.);
#697=ADVANCED_FACE('',(#1224),#5180,.F.);
#698=ADVANCED_FACE('',(#1225),#5181,.T.);
#699=ADVANCED_FACE('',(#1226),#5182,.F.);
#700=ADVANCED_FACE('',(#1227),#5183,.F.);
#701=ADVANCED_FACE('',(#1228),#5184,.T.);
#702=ADVANCED_FACE('',(#1229),#5185,.F.);
#703=ADVANCED_FACE('',(#1230),#5186,.F.);
#704=ADVANCED_FACE('',(#1231),#5187,.T.);
#705=ADVANCED_FACE('',(#1232),#5188,.F.);
#706=ADVANCED_FACE('',(#1233),#5189,.F.);
#707=ADVANCED_FACE('',(#1234),#5190,.T.);
#708=ADVANCED_FACE('',(#1235),#5191,.F.);
#709=ADVANCED_FACE('',(#1236),#5192,.F.);
#710=ADVANCED_FACE('',(#1237),#5193,.T.);
#711=ADVANCED_FACE('',(#1238),#5194,.F.);
#712=ADVANCED_FACE('',(#1239),#5195,.F.);
#713=ADVANCED_FACE('',(#1240),#5196,.T.);
#714=ADVANCED_FACE('',(#1241),#5197,.F.);
#715=ADVANCED_FACE('',(#1242),#5198,.F.);
#716=ADVANCED_FACE('',(#1243),#5199,.T.);
#717=ADVANCED_FACE('',(#1244),#5200,.F.);
#718=ADVANCED_FACE('',(#1245),#5201,.F.);
#719=ADVANCED_FACE('',(#1246),#5202,.T.);
#720=ADVANCED_FACE('',(#1247),#5203,.F.);
#721=ADVANCED_FACE('',(#1248),#5204,.F.);
#722=ADVANCED_FACE('',(#1249),#5205,.T.);
#723=ADVANCED_FACE('',(#1250),#5206,.F.);
#724=ADVANCED_FACE('',(#1251),#5207,.F.);
#725=ADVANCED_FACE('',(#1252),#5208,.T.);
#726=ADVANCED_FACE('',(#1253),#5209,.F.);
#727=ADVANCED_FACE('',(#1254),#5210,.F.);
#728=ADVANCED_FACE('',(#1255),#5211,.T.);
#729=ADVANCED_FACE('',(#1256),#5212,.F.);
#730=ADVANCED_FACE('',(#1257),#5213,.F.);
#731=ADVANCED_FACE('',(#1258),#5214,.T.);
#732=ADVANCED_FACE('',(#1259),#5215,.F.);
#733=ADVANCED_FACE('',(#1260),#5216,.F.);
#734=ADVANCED_FACE('',(#1261),#5217,.T.);
#735=ADVANCED_FACE('',(#1262),#5218,.F.);
#736=ADVANCED_FACE('',(#1263),#5219,.F.);
#737=ADVANCED_FACE('',(#1264),#5220,.T.);
#738=ADVANCED_FACE('',(#1265),#5221,.F.);
#739=ADVANCED_FACE('',(#1266),#5222,.F.);
#740=ADVANCED_FACE('',(#1267),#5223,.T.);
#741=ADVANCED_FACE('',(#1268),#5224,.F.);
#742=ADVANCED_FACE('',(#1269),#5225,.F.);
#743=ADVANCED_FACE('',(#1270),#5226,.T.);
#744=ADVANCED_FACE('',(#1271),#5227,.F.);
#745=ADVANCED_FACE('',(#1272),#5228,.F.);
#746=ADVANCED_FACE('',(#1273),#5229,.T.);
#747=ADVANCED_FACE('',(#1274),#5230,.F.);
#748=ADVANCED_FACE('',(#1275),#5231,.F.);
#749=ADVANCED_FACE('',(#1276),#5232,.T.);
#750=ADVANCED_FACE('',(#1277),#5233,.F.);
#751=ADVANCED_FACE('',(#1278),#5234,.F.);
#752=ADVANCED_FACE('',(#1279),#5235,.T.);
#753=ADVANCED_FACE('',(#1280),#5236,.F.);
#754=ADVANCED_FACE('',(#1281),#5237,.F.);
#755=ADVANCED_FACE('',(#1282),#5238,.T.);
#756=ADVANCED_FACE('',(#1283),#5239,.F.);
#757=ADVANCED_FACE('',(#1284),#5240,.F.);
#758=ADVANCED_FACE('',(#1285),#5241,.T.);
#759=ADVANCED_FACE('',(#1286),#5242,.F.);
#760=ADVANCED_FACE('',(#1287),#5243,.F.);
#761=ADVANCED_FACE('',(#1288),#5244,.T.);
#762=ADVANCED_FACE('',(#1289),#5245,.F.);
#763=ADVANCED_FACE('',(#1290),#5246,.F.);
#764=ADVANCED_FACE('',(#1291),#5247,.T.);
#765=ADVANCED_FACE('',(#1292),#5248,.F.);
#766=ADVANCED_FACE('',(#1293),#5249,.F.);
#767=ADVANCED_FACE('',(#1294),#5250,.T.);
#768=ADVANCED_FACE('',(#1295),#5251,.F.);
#769=ADVANCED_FACE('',(#1296),#5252,.F.);
#770=ADVANCED_FACE('',(#1297),#5253,.T.);
#771=ADVANCED_FACE('',(#1298),#5254,.F.);
#772=ADVANCED_FACE('',(#1299),#5255,.F.);
#773=ADVANCED_FACE('',(#1300),#5256,.T.);
#774=ADVANCED_FACE('',(#1301),#5257,.F.);
#775=ADVANCED_FACE('',(#1302),#5258,.F.);
#776=ADVANCED_FACE('',(#1303),#5259,.T.);
#777=ADVANCED_FACE('',(#1304),#5260,.F.);
#778=ADVANCED_FACE('',(#1305),#5261,.F.);
#779=ADVANCED_FACE('',(#1306),#5262,.T.);
#780=ADVANCED_FACE('',(#1307),#5263,.F.);
#781=ADVANCED_FACE('',(#1308),#5264,.F.);
#782=ADVANCED_FACE('',(#1309),#5265,.T.);
#783=ADVANCED_FACE('',(#1310),#5266,.F.);
#784=ADVANCED_FACE('',(#1311),#5267,.F.);
#785=ADVANCED_FACE('',(#1312),#5268,.T.);
#786=ADVANCED_FACE('',(#1313),#5269,.F.);
#787=ADVANCED_FACE('',(#1314),#5270,.F.);
#788=ADVANCED_FACE('',(#1315),#5271,.T.);
#789=ADVANCED_FACE('',(#1316),#5272,.F.);
#790=ADVANCED_FACE('',(#1317),#5273,.F.);
#791=ADVANCED_FACE('',(#1318),#5274,.T.);
#792=ADVANCED_FACE('',(#1319),#5275,.F.);
#793=ADVANCED_FACE('',(#1320),#5276,.F.);
#794=ADVANCED_FACE('',(#1321),#5277,.T.);
#795=ADVANCED_FACE('',(#1322),#5278,.F.);
#796=ADVANCED_FACE('',(#1323),#5279,.F.);
#797=ADVANCED_FACE('',(#1324),#5280,.T.);
#798=ADVANCED_FACE('',(#1325),#5281,.F.);
#799=ADVANCED_FACE('',(#1326),#5282,.F.);
#800=ADVANCED_FACE('',(#1327),#5283,.T.);
#801=ADVANCED_FACE('',(#1328),#5284,.F.);
#802=ADVANCED_FACE('',(#1329),#5285,.F.);
#803=ADVANCED_FACE('',(#1330),#5286,.T.);
#804=ADVANCED_FACE('',(#1331),#5287,.F.);
#805=ADVANCED_FACE('',(#1332),#5288,.F.);
#806=ADVANCED_FACE('',(#1333),#5289,.T.);
#807=ADVANCED_FACE('',(#1334),#5290,.F.);
#808=ADVANCED_FACE('',(#1335),#5291,.F.);
#809=ADVANCED_FACE('',(#1336),#5292,.T.);
#810=ADVANCED_FACE('',(#1337),#5293,.F.);
#811=ADVANCED_FACE('',(#1338),#5294,.F.);
#812=ADVANCED_FACE('',(#1339),#5295,.T.);
#813=ADVANCED_FACE('',(#1340),#5296,.F.);
#814=ADVANCED_FACE('',(#1341),#5297,.F.);
#815=ADVANCED_FACE('',(#1342),#5298,.T.);
#816=ADVANCED_FACE('',(#1343),#5299,.F.);
#817=ADVANCED_FACE('',(#1344),#5300,.F.);
#818=ADVANCED_FACE('',(#1345),#5301,.T.);
#819=ADVANCED_FACE('',(#1346),#5302,.T.);
#820=ADVANCED_FACE('',(#1347),#5303,.T.);
#821=ADVANCED_FACE('',(#1348),#5304,.T.);
#822=ADVANCED_FACE('',(#1349),#5305,.T.);
#823=ADVANCED_FACE('',(#1350),#5306,.T.);
#824=ADVANCED_FACE('',(#1351),#5307,.T.);
#825=ADVANCED_FACE('',(#1352),#5308,.T.);
#826=ADVANCED_FACE('',(#1353),#5309,.T.);
#827=ADVANCED_FACE('',(#1354),#5310,.T.);
#828=ADVANCED_FACE('',(#1355),#558,.F.);
#829=ADVANCED_FACE('',(#1356),#5311,.T.);
#830=ADVANCED_FACE('',(#1357),#5312,.T.);
#831=ADVANCED_FACE('',(#1358),#559,.T.);
#832=ADVANCED_FACE('',(#1359),#560,.T.);
#833=ADVANCED_FACE('',(#1360),#561,.F.);
#834=ADVANCED_FACE('',(#1361),#562,.F.);
#835=ADVANCED_FACE('',(#1362),#5313,.T.);
#836=ADVANCED_FACE('',(#1363),#5314,.T.);
#837=ADVANCED_FACE('',(#1364),#563,.F.);
#838=ADVANCED_FACE('',(#1365),#5315,.T.);
#839=ADVANCED_FACE('',(#1366),#564,.F.);
#840=ADVANCED_FACE('',(#1367),#565,.T.);
#841=ADVANCED_FACE('',(#1368),#566,.T.);
#842=ADVANCED_FACE('',(#1369),#567,.F.);
#843=ADVANCED_FACE('',(#1370),#568,.F.);
#844=ADVANCED_FACE('',(#1371),#5316,.T.);
#845=ADVANCED_FACE('',(#1372),#5317,.F.);
#846=ADVANCED_FACE('',(#1373),#5318,.T.);
#847=ADVANCED_FACE('',(#1374),#5319,.T.);
#848=ADVANCED_FACE('',(#1375),#569,.F.);
#849=ADVANCED_FACE('',(#1376),#5320,.T.);
#850=ADVANCED_FACE('',(#1377),#5321,.T.);
#851=ADVANCED_FACE('',(#1378),#5322,.F.);
#852=ADVANCED_FACE('',(#1379),#5323,.T.);
#853=ADVANCED_FACE('',(#1380),#570,.F.);
#854=ADVANCED_FACE('',(#1381),#5324,.T.);
#855=ADVANCED_FACE('',(#1382),#5325,.T.);
#856=ADVANCED_FACE('',(#1383),#5326,.F.);
#857=ADVANCED_FACE('',(#1384),#5327,.T.);
#858=ADVANCED_FACE('',(#1385),#571,.F.);
#859=ADVANCED_FACE('',(#1386),#5328,.T.);
#860=ADVANCED_FACE('',(#1387),#5329,.T.);
#861=ADVANCED_FACE('',(#1388),#5330,.F.);
#862=ADVANCED_FACE('',(#1389),#5331,.T.);
#863=ADVANCED_FACE('',(#1390),#572,.F.);
#864=ADVANCED_FACE('',(#1391),#5332,.T.);
#865=ADVANCED_FACE('',(#1392),#5333,.T.);
#866=ADVANCED_FACE('',(#1393),#5334,.F.);
#867=ADVANCED_FACE('',(#1394),#5335,.T.);
#868=ADVANCED_FACE('',(#1395),#573,.F.);
#869=ADVANCED_FACE('',(#1396),#5336,.T.);
#870=ADVANCED_FACE('',(#1397),#5337,.T.);
#871=ADVANCED_FACE('',(#1398),#5338,.F.);
#872=ADVANCED_FACE('',(#1399),#5339,.T.);
#873=ADVANCED_FACE('',(#1400),#574,.F.);
#874=ADVANCED_FACE('',(#1401),#5340,.T.);
#875=ADVANCED_FACE('',(#1402),#5341,.T.);
#876=ADVANCED_FACE('',(#1403),#5342,.F.);
#877=ADVANCED_FACE('',(#1404),#5343,.T.);
#878=ADVANCED_FACE('',(#1405),#575,.F.);
#879=ADVANCED_FACE('',(#1406),#5344,.T.);
#880=ADVANCED_FACE('',(#1407),#5345,.T.);
#881=ADVANCED_FACE('',(#1408),#5346,.F.);
#882=ADVANCED_FACE('',(#1409),#5347,.T.);
#883=ADVANCED_FACE('',(#1410),#576,.F.);
#884=ADVANCED_FACE('',(#1411),#5348,.T.);
#885=ADVANCED_FACE('',(#1412),#5349,.T.);
#886=ADVANCED_FACE('',(#1413),#5350,.F.);
#887=ADVANCED_FACE('',(#1414),#5351,.T.);
#888=ADVANCED_FACE('',(#1415),#577,.F.);
#889=ADVANCED_FACE('',(#1416),#5352,.T.);
#890=ADVANCED_FACE('',(#1417),#5353,.T.);
#891=ADVANCED_FACE('',(#1418),#5354,.F.);
#892=ADVANCED_FACE('',(#1419),#5355,.T.);
#893=ADVANCED_FACE('',(#1420),#578,.F.);
#894=ADVANCED_FACE('',(#1421),#5356,.T.);
#895=ADVANCED_FACE('',(#1422),#5357,.T.);
#896=ADVANCED_FACE('',(#1423),#5358,.F.);
#897=ADVANCED_FACE('',(#1424),#5359,.T.);
#898=ADVANCED_FACE('',(#1425),#579,.F.);
#899=ADVANCED_FACE('',(#1426),#5360,.T.);
#900=ADVANCED_FACE('',(#1427),#5361,.T.);
#901=ADVANCED_FACE('',(#1428),#5362,.F.);
#902=ADVANCED_FACE('',(#1429),#5363,.T.);
#903=ADVANCED_FACE('',(#1430),#580,.F.);
#904=ADVANCED_FACE('',(#1431),#5364,.T.);
#905=ADVANCED_FACE('',(#1432),#5365,.T.);
#906=ADVANCED_FACE('',(#1433),#5366,.F.);
#907=ADVANCED_FACE('',(#1434),#5367,.T.);
#908=ADVANCED_FACE('',(#1435),#581,.F.);
#909=ADVANCED_FACE('',(#1436),#5368,.T.);
#910=ADVANCED_FACE('',(#1437),#5369,.T.);
#911=ADVANCED_FACE('',(#1438),#5370,.F.);
#912=ADVANCED_FACE('',(#1439),#5371,.T.);
#913=ADVANCED_FACE('',(#1440),#582,.F.);
#914=ADVANCED_FACE('',(#1441),#5372,.T.);
#915=ADVANCED_FACE('',(#1442),#5373,.T.);
#916=ADVANCED_FACE('',(#1443),#5374,.F.);
#917=ADVANCED_FACE('',(#1444),#5375,.T.);
#918=ADVANCED_FACE('',(#1445),#583,.F.);
#919=ADVANCED_FACE('',(#1446),#5376,.T.);
#920=ADVANCED_FACE('',(#1447),#5377,.T.);
#921=ADVANCED_FACE('',(#1448),#5378,.F.);
#922=ADVANCED_FACE('',(#1449),#5379,.T.);
#923=ADVANCED_FACE('',(#1450),#584,.F.);
#924=ADVANCED_FACE('',(#1451),#5380,.T.);
#925=ADVANCED_FACE('',(#1452),#5381,.T.);
#926=ADVANCED_FACE('',(#1453),#5382,.F.);
#927=ADVANCED_FACE('',(#1454),#5383,.T.);
#928=ADVANCED_FACE('',(#1455),#585,.F.);
#929=ADVANCED_FACE('',(#1456),#5384,.T.);
#930=ADVANCED_FACE('',(#1457),#5385,.T.);
#931=ADVANCED_FACE('',(#1458),#5386,.F.);
#932=ADVANCED_FACE('',(#1459),#5387,.T.);
#933=ADVANCED_FACE('',(#1460),#586,.F.);
#934=ADVANCED_FACE('',(#1461),#5388,.T.);
#935=ADVANCED_FACE('',(#1462),#5389,.T.);
#936=ADVANCED_FACE('',(#1463),#5390,.F.);
#937=ADVANCED_FACE('',(#1464),#5391,.T.);
#938=ADVANCED_FACE('',(#1465),#587,.F.);
#939=ADVANCED_FACE('',(#1466),#5392,.T.);
#940=ADVANCED_FACE('',(#1467),#5393,.T.);
#941=ADVANCED_FACE('',(#1468),#5394,.F.);
#942=ADVANCED_FACE('',(#1469),#5395,.T.);
#943=ADVANCED_FACE('',(#1470),#588,.F.);
#944=ADVANCED_FACE('',(#1471),#5396,.T.);
#945=ADVANCED_FACE('',(#1472),#5397,.T.);
#946=ADVANCED_FACE('',(#1473),#5398,.F.);
#947=ADVANCED_FACE('',(#1474),#5399,.T.);
#948=ADVANCED_FACE('',(#1475),#589,.F.);
#949=ADVANCED_FACE('',(#1476),#5400,.T.);
#950=ADVANCED_FACE('',(#1477),#5401,.T.);
#951=ADVANCED_FACE('',(#1478),#5402,.F.);
#952=ADVANCED_FACE('',(#1479),#5403,.T.);
#953=ADVANCED_FACE('',(#1480),#590,.F.);
#954=ADVANCED_FACE('',(#1481),#5404,.T.);
#955=ADVANCED_FACE('',(#1482),#5405,.T.);
#956=ADVANCED_FACE('',(#1483),#5406,.F.);
#957=ADVANCED_FACE('',(#1484),#5407,.T.);
#958=ADVANCED_FACE('',(#1485),#591,.F.);
#959=ADVANCED_FACE('',(#1486),#5408,.T.);
#960=ADVANCED_FACE('',(#1487),#5409,.T.);
#961=ADVANCED_FACE('',(#1488),#5410,.F.);
#962=ADVANCED_FACE('',(#1489),#5411,.T.);
#963=ADVANCED_FACE('',(#1490),#592,.F.);
#964=ADVANCED_FACE('',(#1491),#5412,.T.);
#965=ADVANCED_FACE('',(#1492),#5413,.T.);
#966=ADVANCED_FACE('',(#1493),#5414,.F.);
#967=ADVANCED_FACE('',(#1494),#5415,.T.);
#968=ADVANCED_FACE('',(#1495),#593,.F.);
#969=ADVANCED_FACE('',(#1496),#5416,.T.);
#970=ADVANCED_FACE('',(#1497),#5417,.T.);
#971=ADVANCED_FACE('',(#1498),#5418,.F.);
#972=ADVANCED_FACE('',(#1499),#5419,.T.);
#973=ADVANCED_FACE('',(#1500),#594,.F.);
#974=ADVANCED_FACE('',(#1501),#5420,.T.);
#975=ADVANCED_FACE('',(#1502),#5421,.T.);
#976=ADVANCED_FACE('',(#1503),#5422,.F.);
#977=ADVANCED_FACE('',(#1504),#5423,.T.);
#978=ADVANCED_FACE('',(#1505),#595,.F.);
#979=ADVANCED_FACE('',(#1506),#5424,.T.);
#980=ADVANCED_FACE('',(#1507),#5425,.T.);
#981=ADVANCED_FACE('',(#1508),#5426,.F.);
#982=ADVANCED_FACE('',(#1509),#5427,.T.);
#983=ADVANCED_FACE('',(#1510),#596,.F.);
#984=ADVANCED_FACE('',(#1511),#5428,.T.);
#985=ADVANCED_FACE('',(#1512),#5429,.T.);
#986=ADVANCED_FACE('',(#1513),#5430,.F.);
#987=ADVANCED_FACE('',(#1514),#5431,.T.);
#988=ADVANCED_FACE('',(#1515),#597,.F.);
#989=ADVANCED_FACE('',(#1516),#5432,.T.);
#990=ADVANCED_FACE('',(#1517),#5433,.T.);
#991=ADVANCED_FACE('',(#1518),#5434,.F.);
#992=ADVANCED_FACE('',(#1519),#5435,.T.);
#993=ADVANCED_FACE('',(#1520),#598,.F.);
#994=ADVANCED_FACE('',(#1521),#5436,.T.);
#995=ADVANCED_FACE('',(#1522),#5437,.T.);
#996=ADVANCED_FACE('',(#1523),#5438,.F.);
#997=ADVANCED_FACE('',(#1524),#5439,.T.);
#998=ADVANCED_FACE('',(#1525),#599,.F.);
#999=ADVANCED_FACE('',(#1526),#5440,.T.);
#1000=ADVANCED_FACE('',(#1527),#5441,.T.);
#1001=ADVANCED_FACE('',(#1528),#5442,.F.);
#1002=ADVANCED_FACE('',(#1529),#5443,.T.);
#1003=ADVANCED_FACE('',(#1530),#600,.F.);
#1004=ADVANCED_FACE('',(#1531),#5444,.T.);
#1005=ADVANCED_FACE('',(#1532),#5445,.T.);
#1006=ADVANCED_FACE('',(#1533),#5446,.F.);
#1007=ADVANCED_FACE('',(#1534),#5447,.T.);
#1008=ADVANCED_FACE('',(#1535),#601,.F.);
#1009=ADVANCED_FACE('',(#1536),#5448,.T.);
#1010=ADVANCED_FACE('',(#1537),#5449,.T.);
#1011=ADVANCED_FACE('',(#1538),#5450,.F.);
#1012=ADVANCED_FACE('',(#1539),#5451,.T.);
#1013=ADVANCED_FACE('',(#1540),#602,.F.);
#1014=ADVANCED_FACE('',(#1541),#5452,.T.);
#1015=ADVANCED_FACE('',(#1542),#5453,.T.);
#1016=ADVANCED_FACE('',(#1543),#5454,.F.);
#1017=ADVANCED_FACE('',(#1544),#5455,.T.);
#1018=ADVANCED_FACE('',(#1545),#603,.F.);
#1019=ADVANCED_FACE('',(#1546),#5456,.T.);
#1020=ADVANCED_FACE('',(#1547),#5457,.T.);
#1021=ADVANCED_FACE('',(#1548),#5458,.F.);
#1022=ADVANCED_FACE('',(#1549),#5459,.T.);
#1023=ADVANCED_FACE('',(#1550),#604,.F.);
#1024=ADVANCED_FACE('',(#1551),#5460,.T.);
#1025=ADVANCED_FACE('',(#1552),#5461,.T.);
#1026=ADVANCED_FACE('',(#1553),#5462,.F.);
#1027=ADVANCED_FACE('',(#1554),#5463,.T.);
#1028=ADVANCED_FACE('',(#1555),#605,.F.);
#1029=ADVANCED_FACE('',(#1556),#5464,.T.);
#1030=ADVANCED_FACE('',(#1557),#5465,.T.);
#1031=ADVANCED_FACE('',(#1558),#5466,.F.);
#1032=ADVANCED_FACE('',(#1559),#5467,.T.);
#1033=ADVANCED_FACE('',(#1560),#606,.F.);
#1034=ADVANCED_FACE('',(#1561),#5468,.T.);
#1035=ADVANCED_FACE('',(#1562),#5469,.T.);
#1036=ADVANCED_FACE('',(#1563),#5470,.F.);
#1037=ADVANCED_FACE('',(#1564),#5471,.T.);
#1038=ADVANCED_FACE('',(#1565),#607,.F.);
#1039=ADVANCED_FACE('',(#1566),#5472,.T.);
#1040=ADVANCED_FACE('',(#1567),#5473,.T.);
#1041=ADVANCED_FACE('',(#1568),#5474,.F.);
#1042=ADVANCED_FACE('',(#1569),#5475,.T.);
#1043=ADVANCED_FACE('',(#1570),#608,.F.);
#1044=ADVANCED_FACE('',(#1571),#5476,.T.);
#1045=ADVANCED_FACE('',(#1572),#5477,.T.);
#1046=ADVANCED_FACE('',(#1573),#5478,.F.);
#1047=ADVANCED_FACE('',(#1574),#5479,.T.);
#1048=ADVANCED_FACE('',(#1575),#609,.F.);
#1049=ADVANCED_FACE('',(#1576),#5480,.T.);
#1050=ADVANCED_FACE('',(#1577),#5481,.T.);
#1051=ADVANCED_FACE('',(#1578),#5482,.F.);
#1052=ADVANCED_FACE('',(#1579),#5483,.T.);
#1053=ADVANCED_FACE('',(#1580),#610,.F.);
#1054=ADVANCED_FACE('',(#1581),#5484,.T.);
#1055=ADVANCED_FACE('',(#1582),#5485,.T.);
#1056=ADVANCED_FACE('',(#1583),#5486,.F.);
#1057=ADVANCED_FACE('',(#1584),#5487,.T.);
#1058=ADVANCED_FACE('',(#1585),#611,.F.);
#1059=ADVANCED_FACE('',(#1586),#5488,.T.);
#1060=ADVANCED_FACE('',(#1587),#5489,.T.);
#1061=ADVANCED_FACE('',(#1588),#5490,.F.);
#1062=ADVANCED_FACE('',(#1589),#5491,.T.);
#1063=ADVANCED_FACE('',(#1590),#612,.F.);
#1064=ADVANCED_FACE('',(#1591),#5492,.T.);
#1065=ADVANCED_FACE('',(#1592),#5493,.T.);
#1066=ADVANCED_FACE('',(#1593),#5494,.F.);
#1067=ADVANCED_FACE('',(#1594),#5495,.T.);
#1068=ADVANCED_FACE('',(#1595),#613,.F.);
#1069=ADVANCED_FACE('',(#1596),#5496,.T.);
#1070=ADVANCED_FACE('',(#1597),#5497,.T.);
#1071=ADVANCED_FACE('',(#1598),#5498,.F.);
#1072=ADVANCED_FACE('',(#1599),#5499,.T.);
#1073=ADVANCED_FACE('',(#1600),#614,.F.);
#1074=ADVANCED_FACE('',(#1601),#5500,.T.);
#1075=ADVANCED_FACE('',(#1602),#5501,.T.);
#1076=ADVANCED_FACE('',(#1603),#5502,.F.);
#1077=ADVANCED_FACE('',(#1604),#5503,.T.);
#1078=ADVANCED_FACE('',(#1605),#615,.F.);
#1079=ADVANCED_FACE('',(#1606),#5504,.T.);
#1080=ADVANCED_FACE('',(#1607),#5505,.T.);
#1081=ADVANCED_FACE('',(#1608),#5506,.F.);
#1082=ADVANCED_FACE('',(#1609),#5507,.T.);
#1083=ADVANCED_FACE('',(#1610),#616,.F.);
#1084=ADVANCED_FACE('',(#1611),#5508,.T.);
#1085=ADVANCED_FACE('',(#1612),#5509,.T.);
#1086=ADVANCED_FACE('',(#1613),#5510,.F.);
#1087=ADVANCED_FACE('',(#1614),#5511,.T.);
#1088=ADVANCED_FACE('',(#1615),#617,.F.);
#1089=ADVANCED_FACE('',(#1616),#5512,.T.);
#1090=ADVANCED_FACE('',(#1617),#5513,.T.);
#1091=ADVANCED_FACE('',(#1618),#5514,.F.);
#1092=ADVANCED_FACE('',(#1619),#5515,.T.);
#1093=ADVANCED_FACE('',(#1620),#618,.F.);
#1094=ADVANCED_FACE('',(#1621),#5516,.T.);
#1095=ADVANCED_FACE('',(#1622),#5517,.T.);
#1096=ADVANCED_FACE('',(#1623),#5518,.F.);
#1097=ADVANCED_FACE('',(#1624),#5519,.T.);
#1098=ADVANCED_FACE('',(#1625),#619,.F.);
#1099=ADVANCED_FACE('',(#1626),#5520,.T.);
#1100=ADVANCED_FACE('',(#1627),#5521,.T.);
#1101=ADVANCED_FACE('',(#1628),#5522,.F.);
#1102=ADVANCED_FACE('',(#1629),#5523,.T.);
#1103=ADVANCED_FACE('',(#1630),#620,.F.);
#1104=ADVANCED_FACE('',(#1631),#5524,.T.);
#1105=ADVANCED_FACE('',(#1632),#5525,.T.);
#1106=ADVANCED_FACE('',(#1633),#5526,.F.);
#1107=ADVANCED_FACE('',(#1634),#5527,.T.);
#1108=ADVANCED_FACE('',(#1635),#621,.F.);
#1109=ADVANCED_FACE('',(#1636),#5528,.T.);
#1110=ADVANCED_FACE('',(#1637),#5529,.T.);
#1111=ADVANCED_FACE('',(#1638),#5530,.F.);
#1112=ADVANCED_FACE('',(#1639),#5531,.T.);
#1113=ADVANCED_FACE('',(#1640),#622,.F.);
#1114=ADVANCED_FACE('',(#1641),#5532,.T.);
#1115=ADVANCED_FACE('',(#1642),#5533,.T.);
#1116=ADVANCED_FACE('',(#1643),#5534,.F.);
#1117=ADVANCED_FACE('',(#1644),#5535,.T.);
#1118=ADVANCED_FACE('',(#1645),#623,.F.);
#1119=ADVANCED_FACE('',(#1646),#5536,.T.);
#1120=ADVANCED_FACE('',(#1647),#5537,.T.);
#1121=ADVANCED_FACE('',(#1648),#5538,.F.);
#1122=ADVANCED_FACE('',(#1649),#5539,.T.);
#1123=ADVANCED_FACE('',(#1650),#624,.F.);
#1124=ADVANCED_FACE('',(#1651),#5540,.T.);
#1125=ADVANCED_FACE('',(#1652),#5541,.T.);
#1126=ADVANCED_FACE('',(#1653),#5542,.F.);
#1127=ADVANCED_FACE('',(#1654),#5543,.T.);
#1128=ADVANCED_FACE('',(#1655),#625,.F.);
#1129=ADVANCED_FACE('',(#1656),#5544,.T.);
#1130=ADVANCED_FACE('',(#1657),#5545,.T.);
#1131=ADVANCED_FACE('',(#1658),#5546,.F.);
#1132=ADVANCED_FACE('',(#1659),#5547,.T.);
#1133=ADVANCED_FACE('',(#1660),#626,.F.);
#1134=ADVANCED_FACE('',(#1661),#5548,.T.);
#1135=ADVANCED_FACE('',(#1662),#5549,.T.);
#1136=ADVANCED_FACE('',(#1663),#5550,.F.);
#1137=ADVANCED_FACE('',(#1664),#5551,.T.);
#1138=ADVANCED_FACE('',(#1665),#627,.F.);
#1139=ADVANCED_FACE('',(#1666),#5552,.T.);
#1140=ADVANCED_FACE('',(#1667),#5553,.T.);
#1141=ADVANCED_FACE('',(#1668),#5554,.F.);
#1142=ADVANCED_FACE('',(#1669),#5555,.T.);
#1143=ADVANCED_FACE('',(#1670),#628,.F.);
#1144=ADVANCED_FACE('',(#1671),#5556,.T.);
#1145=ADVANCED_FACE('',(#1672),#5557,.T.);
#1146=ADVANCED_FACE('',(#1673),#5558,.F.);
#1147=ADVANCED_FACE('',(#1674),#5559,.T.);
#1148=ADVANCED_FACE('',(#1675),#629,.F.);
#1149=ADVANCED_FACE('',(#1676),#5560,.T.);
#1150=ADVANCED_FACE('',(#1677),#5561,.T.);
#1151=ADVANCED_FACE('',(#1678),#5562,.F.);
#1152=ADVANCED_FACE('',(#1679),#5563,.T.);
#1153=ADVANCED_FACE('',(#1680),#630,.F.);
#1154=ADVANCED_FACE('',(#1681),#5564,.T.);
#1155=ADVANCED_FACE('',(#1682),#5565,.F.);
#1156=ADVANCED_FACE('',(#1683),#5566,.T.);
#1157=ADVANCED_FACE('',(#1684),#631,.F.);
#1158=ADVANCED_FACE('',(#1685),#5567,.T.);
#1159=FACE_OUTER_BOUND('',#1686,.T.);
#1160=FACE_OUTER_BOUND('',#1687,.T.);
#1161=FACE_OUTER_BOUND('',#1688,.T.);
#1162=FACE_OUTER_BOUND('',#1689,.T.);
#1163=FACE_OUTER_BOUND('',#1690,.T.);
#1164=FACE_OUTER_BOUND('',#1691,.T.);
#1165=FACE_OUTER_BOUND('',#1692,.T.);
#1166=FACE_OUTER_BOUND('',#1693,.T.);
#1167=FACE_OUTER_BOUND('',#1694,.T.);
#1168=FACE_OUTER_BOUND('',#1695,.T.);
#1169=FACE_OUTER_BOUND('',#1696,.T.);
#1170=FACE_OUTER_BOUND('',#1697,.T.);
#1171=FACE_OUTER_BOUND('',#1698,.T.);
#1172=FACE_OUTER_BOUND('',#1699,.T.);
#1173=FACE_OUTER_BOUND('',#1700,.T.);
#1174=FACE_OUTER_BOUND('',#1701,.T.);
#1175=FACE_OUTER_BOUND('',#1702,.T.);
#1176=FACE_OUTER_BOUND('',#1703,.T.);
#1177=FACE_OUTER_BOUND('',#1704,.T.);
#1178=FACE_OUTER_BOUND('',#1705,.T.);
#1179=FACE_OUTER_BOUND('',#1706,.T.);
#1180=FACE_OUTER_BOUND('',#1707,.T.);
#1181=FACE_OUTER_BOUND('',#1708,.T.);
#1182=FACE_OUTER_BOUND('',#1709,.T.);
#1183=FACE_OUTER_BOUND('',#1710,.T.);
#1184=FACE_OUTER_BOUND('',#1711,.T.);
#1185=FACE_OUTER_BOUND('',#1712,.T.);
#1186=FACE_OUTER_BOUND('',#1713,.T.);
#1187=FACE_OUTER_BOUND('',#1714,.T.);
#1188=FACE_OUTER_BOUND('',#1715,.T.);
#1189=FACE_OUTER_BOUND('',#1716,.T.);
#1190=FACE_OUTER_BOUND('',#1717,.T.);
#1191=FACE_OUTER_BOUND('',#1718,.T.);
#1192=FACE_OUTER_BOUND('',#1719,.T.);
#1193=FACE_OUTER_BOUND('',#1720,.T.);
#1194=FACE_OUTER_BOUND('',#1721,.T.);
#1195=FACE_OUTER_BOUND('',#1722,.T.);
#1196=FACE_OUTER_BOUND('',#1723,.T.);
#1197=FACE_OUTER_BOUND('',#1724,.T.);
#1198=FACE_OUTER_BOUND('',#1725,.T.);
#1199=FACE_OUTER_BOUND('',#1726,.T.);
#1200=FACE_OUTER_BOUND('',#1727,.T.);
#1201=FACE_OUTER_BOUND('',#1728,.T.);
#1202=FACE_OUTER_BOUND('',#1729,.T.);
#1203=FACE_OUTER_BOUND('',#1730,.T.);
#1204=FACE_OUTER_BOUND('',#1731,.T.);
#1205=FACE_OUTER_BOUND('',#1732,.T.);
#1206=FACE_OUTER_BOUND('',#1733,.T.);
#1207=FACE_OUTER_BOUND('',#1734,.T.);
#1208=FACE_OUTER_BOUND('',#1735,.T.);
#1209=FACE_OUTER_BOUND('',#1736,.T.);
#1210=FACE_OUTER_BOUND('',#1737,.T.);
#1211=FACE_OUTER_BOUND('',#1738,.T.);
#1212=FACE_OUTER_BOUND('',#1739,.T.);
#1213=FACE_OUTER_BOUND('',#1740,.T.);
#1214=FACE_OUTER_BOUND('',#1741,.T.);
#1215=FACE_OUTER_BOUND('',#1742,.T.);
#1216=FACE_OUTER_BOUND('',#1743,.T.);
#1217=FACE_OUTER_BOUND('',#1744,.T.);
#1218=FACE_OUTER_BOUND('',#1745,.T.);
#1219=FACE_OUTER_BOUND('',#1746,.T.);
#1220=FACE_OUTER_BOUND('',#1747,.T.);
#1221=FACE_OUTER_BOUND('',#1748,.T.);
#1222=FACE_OUTER_BOUND('',#1749,.T.);
#1223=FACE_OUTER_BOUND('',#1750,.T.);
#1224=FACE_OUTER_BOUND('',#1751,.T.);
#1225=FACE_OUTER_BOUND('',#1752,.T.);
#1226=FACE_OUTER_BOUND('',#1753,.T.);
#1227=FACE_OUTER_BOUND('',#1754,.T.);
#1228=FACE_OUTER_BOUND('',#1755,.T.);
#1229=FACE_OUTER_BOUND('',#1756,.T.);
#1230=FACE_OUTER_BOUND('',#1757,.T.);
#1231=FACE_OUTER_BOUND('',#1758,.T.);
#1232=FACE_OUTER_BOUND('',#1759,.T.);
#1233=FACE_OUTER_BOUND('',#1760,.T.);
#1234=FACE_OUTER_BOUND('',#1761,.T.);
#1235=FACE_OUTER_BOUND('',#1762,.T.);
#1236=FACE_OUTER_BOUND('',#1763,.T.);
#1237=FACE_OUTER_BOUND('',#1764,.T.);
#1238=FACE_OUTER_BOUND('',#1765,.T.);
#1239=FACE_OUTER_BOUND('',#1766,.T.);
#1240=FACE_OUTER_BOUND('',#1767,.T.);
#1241=FACE_OUTER_BOUND('',#1768,.T.);
#1242=FACE_OUTER_BOUND('',#1769,.T.);
#1243=FACE_OUTER_BOUND('',#1770,.T.);
#1244=FACE_OUTER_BOUND('',#1771,.T.);
#1245=FACE_OUTER_BOUND('',#1772,.T.);
#1246=FACE_OUTER_BOUND('',#1773,.T.);
#1247=FACE_OUTER_BOUND('',#1774,.T.);
#1248=FACE_OUTER_BOUND('',#1775,.T.);
#1249=FACE_OUTER_BOUND('',#1776,.T.);
#1250=FACE_OUTER_BOUND('',#1777,.T.);
#1251=FACE_OUTER_BOUND('',#1778,.T.);
#1252=FACE_OUTER_BOUND('',#1779,.T.);
#1253=FACE_OUTER_BOUND('',#1780,.T.);
#1254=FACE_OUTER_BOUND('',#1781,.T.);
#1255=FACE_OUTER_BOUND('',#1782,.T.);
#1256=FACE_OUTER_BOUND('',#1783,.T.);
#1257=FACE_OUTER_BOUND('',#1784,.T.);
#1258=FACE_OUTER_BOUND('',#1785,.T.);
#1259=FACE_OUTER_BOUND('',#1786,.T.);
#1260=FACE_OUTER_BOUND('',#1787,.T.);
#1261=FACE_OUTER_BOUND('',#1788,.T.);
#1262=FACE_OUTER_BOUND('',#1789,.T.);
#1263=FACE_OUTER_BOUND('',#1790,.T.);
#1264=FACE_OUTER_BOUND('',#1791,.T.);
#1265=FACE_OUTER_BOUND('',#1792,.T.);
#1266=FACE_OUTER_BOUND('',#1793,.T.);
#1267=FACE_OUTER_BOUND('',#1794,.T.);
#1268=FACE_OUTER_BOUND('',#1795,.T.);
#1269=FACE_OUTER_BOUND('',#1796,.T.);
#1270=FACE_OUTER_BOUND('',#1797,.T.);
#1271=FACE_OUTER_BOUND('',#1798,.T.);
#1272=FACE_OUTER_BOUND('',#1799,.T.);
#1273=FACE_OUTER_BOUND('',#1800,.T.);
#1274=FACE_OUTER_BOUND('',#1801,.T.);
#1275=FACE_OUTER_BOUND('',#1802,.T.);
#1276=FACE_OUTER_BOUND('',#1803,.T.);
#1277=FACE_OUTER_BOUND('',#1804,.T.);
#1278=FACE_OUTER_BOUND('',#1805,.T.);
#1279=FACE_OUTER_BOUND('',#1806,.T.);
#1280=FACE_OUTER_BOUND('',#1807,.T.);
#1281=FACE_OUTER_BOUND('',#1808,.T.);
#1282=FACE_OUTER_BOUND('',#1809,.T.);
#1283=FACE_OUTER_BOUND('',#1810,.T.);
#1284=FACE_OUTER_BOUND('',#1811,.T.);
#1285=FACE_OUTER_BOUND('',#1812,.T.);
#1286=FACE_OUTER_BOUND('',#1813,.T.);
#1287=FACE_OUTER_BOUND('',#1814,.T.);
#1288=FACE_OUTER_BOUND('',#1815,.T.);
#1289=FACE_OUTER_BOUND('',#1816,.T.);
#1290=FACE_OUTER_BOUND('',#1817,.T.);
#1291=FACE_OUTER_BOUND('',#1818,.T.);
#1292=FACE_OUTER_BOUND('',#1819,.T.);
#1293=FACE_OUTER_BOUND('',#1820,.T.);
#1294=FACE_OUTER_BOUND('',#1821,.T.);
#1295=FACE_OUTER_BOUND('',#1822,.T.);
#1296=FACE_OUTER_BOUND('',#1823,.T.);
#1297=FACE_OUTER_BOUND('',#1824,.T.);
#1298=FACE_OUTER_BOUND('',#1825,.T.);
#1299=FACE_OUTER_BOUND('',#1826,.T.);
#1300=FACE_OUTER_BOUND('',#1827,.T.);
#1301=FACE_OUTER_BOUND('',#1828,.T.);
#1302=FACE_OUTER_BOUND('',#1829,.T.);
#1303=FACE_OUTER_BOUND('',#1830,.T.);
#1304=FACE_OUTER_BOUND('',#1831,.T.);
#1305=FACE_OUTER_BOUND('',#1832,.T.);
#1306=FACE_OUTER_BOUND('',#1833,.T.);
#1307=FACE_OUTER_BOUND('',#1834,.T.);
#1308=FACE_OUTER_BOUND('',#1835,.T.);
#1309=FACE_OUTER_BOUND('',#1836,.T.);
#1310=FACE_OUTER_BOUND('',#1837,.T.);
#1311=FACE_OUTER_BOUND('',#1838,.T.);
#1312=FACE_OUTER_BOUND('',#1839,.T.);
#1313=FACE_OUTER_BOUND('',#1840,.T.);
#1314=FACE_OUTER_BOUND('',#1841,.T.);
#1315=FACE_OUTER_BOUND('',#1842,.T.);
#1316=FACE_OUTER_BOUND('',#1843,.T.);
#1317=FACE_OUTER_BOUND('',#1844,.T.);
#1318=FACE_OUTER_BOUND('',#1845,.T.);
#1319=FACE_OUTER_BOUND('',#1846,.T.);
#1320=FACE_OUTER_BOUND('',#1847,.T.);
#1321=FACE_OUTER_BOUND('',#1848,.T.);
#1322=FACE_OUTER_BOUND('',#1849,.T.);
#1323=FACE_OUTER_BOUND('',#1850,.T.);
#1324=FACE_OUTER_BOUND('',#1851,.T.);
#1325=FACE_OUTER_BOUND('',#1852,.T.);
#1326=FACE_OUTER_BOUND('',#1853,.T.);
#1327=FACE_OUTER_BOUND('',#1854,.T.);
#1328=FACE_OUTER_BOUND('',#1855,.T.);
#1329=FACE_OUTER_BOUND('',#1856,.T.);
#1330=FACE_OUTER_BOUND('',#1857,.T.);
#1331=FACE_OUTER_BOUND('',#1858,.T.);
#1332=FACE_OUTER_BOUND('',#1859,.T.);
#1333=FACE_OUTER_BOUND('',#1860,.T.);
#1334=FACE_OUTER_BOUND('',#1861,.T.);
#1335=FACE_OUTER_BOUND('',#1862,.T.);
#1336=FACE_OUTER_BOUND('',#1863,.T.);
#1337=FACE_OUTER_BOUND('',#1864,.T.);
#1338=FACE_OUTER_BOUND('',#1865,.T.);
#1339=FACE_OUTER_BOUND('',#1866,.T.);
#1340=FACE_OUTER_BOUND('',#1867,.T.);
#1341=FACE_OUTER_BOUND('',#1868,.T.);
#1342=FACE_OUTER_BOUND('',#1869,.T.);
#1343=FACE_OUTER_BOUND('',#1870,.T.);
#1344=FACE_OUTER_BOUND('',#1871,.T.);
#1345=FACE_OUTER_BOUND('',#1872,.T.);
#1346=FACE_OUTER_BOUND('',#1873,.T.);
#1347=FACE_OUTER_BOUND('',#1874,.T.);
#1348=FACE_OUTER_BOUND('',#1875,.T.);
#1349=FACE_OUTER_BOUND('',#1876,.T.);
#1350=FACE_OUTER_BOUND('',#1877,.T.);
#1351=FACE_OUTER_BOUND('',#1878,.T.);
#1352=FACE_OUTER_BOUND('',#1879,.T.);
#1353=FACE_OUTER_BOUND('',#1880,.T.);
#1354=FACE_OUTER_BOUND('',#1881,.T.);
#1355=FACE_OUTER_BOUND('',#1882,.T.);
#1356=FACE_OUTER_BOUND('',#1883,.T.);
#1357=FACE_OUTER_BOUND('',#1884,.T.);
#1358=FACE_OUTER_BOUND('',#1885,.T.);
#1359=FACE_OUTER_BOUND('',#1886,.T.);
#1360=FACE_OUTER_BOUND('',#1887,.T.);
#1361=FACE_OUTER_BOUND('',#1888,.T.);
#1362=FACE_OUTER_BOUND('',#1889,.T.);
#1363=FACE_OUTER_BOUND('',#1890,.T.);
#1364=FACE_OUTER_BOUND('',#1891,.T.);
#1365=FACE_OUTER_BOUND('',#1892,.T.);
#1366=FACE_OUTER_BOUND('',#1893,.T.);
#1367=FACE_OUTER_BOUND('',#1894,.T.);
#1368=FACE_OUTER_BOUND('',#1895,.T.);
#1369=FACE_OUTER_BOUND('',#1896,.T.);
#1370=FACE_OUTER_BOUND('',#1897,.T.);
#1371=FACE_OUTER_BOUND('',#1898,.T.);
#1372=FACE_OUTER_BOUND('',#1899,.T.);
#1373=FACE_OUTER_BOUND('',#1900,.T.);
#1374=FACE_OUTER_BOUND('',#1901,.T.);
#1375=FACE_OUTER_BOUND('',#1902,.T.);
#1376=FACE_OUTER_BOUND('',#1903,.T.);
#1377=FACE_OUTER_BOUND('',#1904,.T.);
#1378=FACE_OUTER_BOUND('',#1905,.T.);
#1379=FACE_OUTER_BOUND('',#1906,.T.);
#1380=FACE_OUTER_BOUND('',#1907,.T.);
#1381=FACE_OUTER_BOUND('',#1908,.T.);
#1382=FACE_OUTER_BOUND('',#1909,.T.);
#1383=FACE_OUTER_BOUND('',#1910,.T.);
#1384=FACE_OUTER_BOUND('',#1911,.T.);
#1385=FACE_OUTER_BOUND('',#1912,.T.);
#1386=FACE_OUTER_BOUND('',#1913,.T.);
#1387=FACE_OUTER_BOUND('',#1914,.T.);
#1388=FACE_OUTER_BOUND('',#1915,.T.);
#1389=FACE_OUTER_BOUND('',#1916,.T.);
#1390=FACE_OUTER_BOUND('',#1917,.T.);
#1391=FACE_OUTER_BOUND('',#1918,.T.);
#1392=FACE_OUTER_BOUND('',#1919,.T.);
#1393=FACE_OUTER_BOUND('',#1920,.T.);
#1394=FACE_OUTER_BOUND('',#1921,.T.);
#1395=FACE_OUTER_BOUND('',#1922,.T.);
#1396=FACE_OUTER_BOUND('',#1923,.T.);
#1397=FACE_OUTER_BOUND('',#1924,.T.);
#1398=FACE_OUTER_BOUND('',#1925,.T.);
#1399=FACE_OUTER_BOUND('',#1926,.T.);
#1400=FACE_OUTER_BOUND('',#1927,.T.);
#1401=FACE_OUTER_BOUND('',#1928,.T.);
#1402=FACE_OUTER_BOUND('',#1929,.T.);
#1403=FACE_OUTER_BOUND('',#1930,.T.);
#1404=FACE_OUTER_BOUND('',#1931,.T.);
#1405=FACE_OUTER_BOUND('',#1932,.T.);
#1406=FACE_OUTER_BOUND('',#1933,.T.);
#1407=FACE_OUTER_BOUND('',#1934,.T.);
#1408=FACE_OUTER_BOUND('',#1935,.T.);
#1409=FACE_OUTER_BOUND('',#1936,.T.);
#1410=FACE_OUTER_BOUND('',#1937,.T.);
#1411=FACE_OUTER_BOUND('',#1938,.T.);
#1412=FACE_OUTER_BOUND('',#1939,.T.);
#1413=FACE_OUTER_BOUND('',#1940,.T.);
#1414=FACE_OUTER_BOUND('',#1941,.T.);
#1415=FACE_OUTER_BOUND('',#1942,.T.);
#1416=FACE_OUTER_BOUND('',#1943,.T.);
#1417=FACE_OUTER_BOUND('',#1944,.T.);
#1418=FACE_OUTER_BOUND('',#1945,.T.);
#1419=FACE_OUTER_BOUND('',#1946,.T.);
#1420=FACE_OUTER_BOUND('',#1947,.T.);
#1421=FACE_OUTER_BOUND('',#1948,.T.);
#1422=FACE_OUTER_BOUND('',#1949,.T.);
#1423=FACE_OUTER_BOUND('',#1950,.T.);
#1424=FACE_OUTER_BOUND('',#1951,.T.);
#1425=FACE_OUTER_BOUND('',#1952,.T.);
#1426=FACE_OUTER_BOUND('',#1953,.T.);
#1427=FACE_OUTER_BOUND('',#1954,.T.);
#1428=FACE_OUTER_BOUND('',#1955,.T.);
#1429=FACE_OUTER_BOUND('',#1956,.T.);
#1430=FACE_OUTER_BOUND('',#1957,.T.);
#1431=FACE_OUTER_BOUND('',#1958,.T.);
#1432=FACE_OUTER_BOUND('',#1959,.T.);
#1433=FACE_OUTER_BOUND('',#1960,.T.);
#1434=FACE_OUTER_BOUND('',#1961,.T.);
#1435=FACE_OUTER_BOUND('',#1962,.T.);
#1436=FACE_OUTER_BOUND('',#1963,.T.);
#1437=FACE_OUTER_BOUND('',#1964,.T.);
#1438=FACE_OUTER_BOUND('',#1965,.T.);
#1439=FACE_OUTER_BOUND('',#1966,.T.);
#1440=FACE_OUTER_BOUND('',#1967,.T.);
#1441=FACE_OUTER_BOUND('',#1968,.T.);
#1442=FACE_OUTER_BOUND('',#1969,.T.);
#1443=FACE_OUTER_BOUND('',#1970,.T.);
#1444=FACE_OUTER_BOUND('',#1971,.T.);
#1445=FACE_OUTER_BOUND('',#1972,.T.);
#1446=FACE_OUTER_BOUND('',#1973,.T.);
#1447=FACE_OUTER_BOUND('',#1974,.T.);
#1448=FACE_OUTER_BOUND('',#1975,.T.);
#1449=FACE_OUTER_BOUND('',#1976,.T.);
#1450=FACE_OUTER_BOUND('',#1977,.T.);
#1451=FACE_OUTER_BOUND('',#1978,.T.);
#1452=FACE_OUTER_BOUND('',#1979,.T.);
#1453=FACE_OUTER_BOUND('',#1980,.T.);
#1454=FACE_OUTER_BOUND('',#1981,.T.);
#1455=FACE_OUTER_BOUND('',#1982,.T.);
#1456=FACE_OUTER_BOUND('',#1983,.T.);
#1457=FACE_OUTER_BOUND('',#1984,.T.);
#1458=FACE_OUTER_BOUND('',#1985,.T.);
#1459=FACE_OUTER_BOUND('',#1986,.T.);
#1460=FACE_OUTER_BOUND('',#1987,.T.);
#1461=FACE_OUTER_BOUND('',#1988,.T.);
#1462=FACE_OUTER_BOUND('',#1989,.T.);
#1463=FACE_OUTER_BOUND('',#1990,.T.);
#1464=FACE_OUTER_BOUND('',#1991,.T.);
#1465=FACE_OUTER_BOUND('',#1992,.T.);
#1466=FACE_OUTER_BOUND('',#1993,.T.);
#1467=FACE_OUTER_BOUND('',#1994,.T.);
#1468=FACE_OUTER_BOUND('',#1995,.T.);
#1469=FACE_OUTER_BOUND('',#1996,.T.);
#1470=FACE_OUTER_BOUND('',#1997,.T.);
#1471=FACE_OUTER_BOUND('',#1998,.T.);
#1472=FACE_OUTER_BOUND('',#1999,.T.);
#1473=FACE_OUTER_BOUND('',#2000,.T.);
#1474=FACE_OUTER_BOUND('',#2001,.T.);
#1475=FACE_OUTER_BOUND('',#2002,.T.);
#1476=FACE_OUTER_BOUND('',#2003,.T.);
#1477=FACE_OUTER_BOUND('',#2004,.T.);
#1478=FACE_OUTER_BOUND('',#2005,.T.);
#1479=FACE_OUTER_BOUND('',#2006,.T.);
#1480=FACE_OUTER_BOUND('',#2007,.T.);
#1481=FACE_OUTER_BOUND('',#2008,.T.);
#1482=FACE_OUTER_BOUND('',#2009,.T.);
#1483=FACE_OUTER_BOUND('',#2010,.T.);
#1484=FACE_OUTER_BOUND('',#2011,.T.);
#1485=FACE_OUTER_BOUND('',#2012,.T.);
#1486=FACE_OUTER_BOUND('',#2013,.T.);
#1487=FACE_OUTER_BOUND('',#2014,.T.);
#1488=FACE_OUTER_BOUND('',#2015,.T.);
#1489=FACE_OUTER_BOUND('',#2016,.T.);
#1490=FACE_OUTER_BOUND('',#2017,.T.);
#1491=FACE_OUTER_BOUND('',#2018,.T.);
#1492=FACE_OUTER_BOUND('',#2019,.T.);
#1493=FACE_OUTER_BOUND('',#2020,.T.);
#1494=FACE_OUTER_BOUND('',#2021,.T.);
#1495=FACE_OUTER_BOUND('',#2022,.T.);
#1496=FACE_OUTER_BOUND('',#2023,.T.);
#1497=FACE_OUTER_BOUND('',#2024,.T.);
#1498=FACE_OUTER_BOUND('',#2025,.T.);
#1499=FACE_OUTER_BOUND('',#2026,.T.);
#1500=FACE_OUTER_BOUND('',#2027,.T.);
#1501=FACE_OUTER_BOUND('',#2028,.T.);
#1502=FACE_OUTER_BOUND('',#2029,.T.);
#1503=FACE_OUTER_BOUND('',#2030,.T.);
#1504=FACE_OUTER_BOUND('',#2031,.T.);
#1505=FACE_OUTER_BOUND('',#2032,.T.);
#1506=FACE_OUTER_BOUND('',#2033,.T.);
#1507=FACE_OUTER_BOUND('',#2034,.T.);
#1508=FACE_OUTER_BOUND('',#2035,.T.);
#1509=FACE_OUTER_BOUND('',#2036,.T.);
#1510=FACE_OUTER_BOUND('',#2037,.T.);
#1511=FACE_OUTER_BOUND('',#2038,.T.);
#1512=FACE_OUTER_BOUND('',#2039,.T.);
#1513=FACE_OUTER_BOUND('',#2040,.T.);
#1514=FACE_OUTER_BOUND('',#2041,.T.);
#1515=FACE_OUTER_BOUND('',#2042,.T.);
#1516=FACE_OUTER_BOUND('',#2043,.T.);
#1517=FACE_OUTER_BOUND('',#2044,.T.);
#1518=FACE_OUTER_BOUND('',#2045,.T.);
#1519=FACE_OUTER_BOUND('',#2046,.T.);
#1520=FACE_OUTER_BOUND('',#2047,.T.);
#1521=FACE_OUTER_BOUND('',#2048,.T.);
#1522=FACE_OUTER_BOUND('',#2049,.T.);
#1523=FACE_OUTER_BOUND('',#2050,.T.);
#1524=FACE_OUTER_BOUND('',#2051,.T.);
#1525=FACE_OUTER_BOUND('',#2052,.T.);
#1526=FACE_OUTER_BOUND('',#2053,.T.);
#1527=FACE_OUTER_BOUND('',#2054,.T.);
#1528=FACE_OUTER_BOUND('',#2055,.T.);
#1529=FACE_OUTER_BOUND('',#2056,.T.);
#1530=FACE_OUTER_BOUND('',#2057,.T.);
#1531=FACE_OUTER_BOUND('',#2058,.T.);
#1532=FACE_OUTER_BOUND('',#2059,.T.);
#1533=FACE_OUTER_BOUND('',#2060,.T.);
#1534=FACE_OUTER_BOUND('',#2061,.T.);
#1535=FACE_OUTER_BOUND('',#2062,.T.);
#1536=FACE_OUTER_BOUND('',#2063,.T.);
#1537=FACE_OUTER_BOUND('',#2064,.T.);
#1538=FACE_OUTER_BOUND('',#2065,.T.);
#1539=FACE_OUTER_BOUND('',#2066,.T.);
#1540=FACE_OUTER_BOUND('',#2067,.T.);
#1541=FACE_OUTER_BOUND('',#2068,.T.);
#1542=FACE_OUTER_BOUND('',#2069,.T.);
#1543=FACE_OUTER_BOUND('',#2070,.T.);
#1544=FACE_OUTER_BOUND('',#2071,.T.);
#1545=FACE_OUTER_BOUND('',#2072,.T.);
#1546=FACE_OUTER_BOUND('',#2073,.T.);
#1547=FACE_OUTER_BOUND('',#2074,.T.);
#1548=FACE_OUTER_BOUND('',#2075,.T.);
#1549=FACE_OUTER_BOUND('',#2076,.T.);
#1550=FACE_OUTER_BOUND('',#2077,.T.);
#1551=FACE_OUTER_BOUND('',#2078,.T.);
#1552=FACE_OUTER_BOUND('',#2079,.T.);
#1553=FACE_OUTER_BOUND('',#2080,.T.);
#1554=FACE_OUTER_BOUND('',#2081,.T.);
#1555=FACE_OUTER_BOUND('',#2082,.T.);
#1556=FACE_OUTER_BOUND('',#2083,.T.);
#1557=FACE_OUTER_BOUND('',#2084,.T.);
#1558=FACE_OUTER_BOUND('',#2085,.T.);
#1559=FACE_OUTER_BOUND('',#2086,.T.);
#1560=FACE_OUTER_BOUND('',#2087,.T.);
#1561=FACE_OUTER_BOUND('',#2088,.T.);
#1562=FACE_OUTER_BOUND('',#2089,.T.);
#1563=FACE_OUTER_BOUND('',#2090,.T.);
#1564=FACE_OUTER_BOUND('',#2091,.T.);
#1565=FACE_OUTER_BOUND('',#2092,.T.);
#1566=FACE_OUTER_BOUND('',#2093,.T.);
#1567=FACE_OUTER_BOUND('',#2094,.T.);
#1568=FACE_OUTER_BOUND('',#2095,.T.);
#1569=FACE_OUTER_BOUND('',#2096,.T.);
#1570=FACE_OUTER_BOUND('',#2097,.T.);
#1571=FACE_OUTER_BOUND('',#2098,.T.);
#1572=FACE_OUTER_BOUND('',#2099,.T.);
#1573=FACE_OUTER_BOUND('',#2100,.T.);
#1574=FACE_OUTER_BOUND('',#2101,.T.);
#1575=FACE_OUTER_BOUND('',#2102,.T.);
#1576=FACE_OUTER_BOUND('',#2103,.T.);
#1577=FACE_OUTER_BOUND('',#2104,.T.);
#1578=FACE_OUTER_BOUND('',#2105,.T.);
#1579=FACE_OUTER_BOUND('',#2106,.T.);
#1580=FACE_OUTER_BOUND('',#2107,.T.);
#1581=FACE_OUTER_BOUND('',#2108,.T.);
#1582=FACE_OUTER_BOUND('',#2109,.T.);
#1583=FACE_OUTER_BOUND('',#2110,.T.);
#1584=FACE_OUTER_BOUND('',#2111,.T.);
#1585=FACE_OUTER_BOUND('',#2112,.T.);
#1586=FACE_OUTER_BOUND('',#2113,.T.);
#1587=FACE_OUTER_BOUND('',#2114,.T.);
#1588=FACE_OUTER_BOUND('',#2115,.T.);
#1589=FACE_OUTER_BOUND('',#2116,.T.);
#1590=FACE_OUTER_BOUND('',#2117,.T.);
#1591=FACE_OUTER_BOUND('',#2118,.T.);
#1592=FACE_OUTER_BOUND('',#2119,.T.);
#1593=FACE_OUTER_BOUND('',#2120,.T.);
#1594=FACE_OUTER_BOUND('',#2121,.T.);
#1595=FACE_OUTER_BOUND('',#2122,.T.);
#1596=FACE_OUTER_BOUND('',#2123,.T.);
#1597=FACE_OUTER_BOUND('',#2124,.T.);
#1598=FACE_OUTER_BOUND('',#2125,.T.);
#1599=FACE_OUTER_BOUND('',#2126,.T.);
#1600=FACE_OUTER_BOUND('',#2127,.T.);
#1601=FACE_OUTER_BOUND('',#2128,.T.);
#1602=FACE_OUTER_BOUND('',#2129,.T.);
#1603=FACE_OUTER_BOUND('',#2130,.T.);
#1604=FACE_OUTER_BOUND('',#2131,.T.);
#1605=FACE_OUTER_BOUND('',#2132,.T.);
#1606=FACE_OUTER_BOUND('',#2133,.T.);
#1607=FACE_OUTER_BOUND('',#2134,.T.);
#1608=FACE_OUTER_BOUND('',#2135,.T.);
#1609=FACE_OUTER_BOUND('',#2136,.T.);
#1610=FACE_OUTER_BOUND('',#2137,.T.);
#1611=FACE_OUTER_BOUND('',#2138,.T.);
#1612=FACE_OUTER_BOUND('',#2139,.T.);
#1613=FACE_OUTER_BOUND('',#2140,.T.);
#1614=FACE_OUTER_BOUND('',#2141,.T.);
#1615=FACE_OUTER_BOUND('',#2142,.T.);
#1616=FACE_OUTER_BOUND('',#2143,.T.);
#1617=FACE_OUTER_BOUND('',#2144,.T.);
#1618=FACE_OUTER_BOUND('',#2145,.T.);
#1619=FACE_OUTER_BOUND('',#2146,.T.);
#1620=FACE_OUTER_BOUND('',#2147,.T.);
#1621=FACE_OUTER_BOUND('',#2148,.T.);
#1622=FACE_OUTER_BOUND('',#2149,.T.);
#1623=FACE_OUTER_BOUND('',#2150,.T.);
#1624=FACE_OUTER_BOUND('',#2151,.T.);
#1625=FACE_OUTER_BOUND('',#2152,.T.);
#1626=FACE_OUTER_BOUND('',#2153,.T.);
#1627=FACE_OUTER_BOUND('',#2154,.T.);
#1628=FACE_OUTER_BOUND('',#2155,.T.);
#1629=FACE_OUTER_BOUND('',#2156,.T.);
#1630=FACE_OUTER_BOUND('',#2157,.T.);
#1631=FACE_OUTER_BOUND('',#2158,.T.);
#1632=FACE_OUTER_BOUND('',#2159,.T.);
#1633=FACE_OUTER_BOUND('',#2160,.T.);
#1634=FACE_OUTER_BOUND('',#2161,.T.);
#1635=FACE_OUTER_BOUND('',#2162,.T.);
#1636=FACE_OUTER_BOUND('',#2163,.T.);
#1637=FACE_OUTER_BOUND('',#2164,.T.);
#1638=FACE_OUTER_BOUND('',#2165,.T.);
#1639=FACE_OUTER_BOUND('',#2166,.T.);
#1640=FACE_OUTER_BOUND('',#2167,.T.);
#1641=FACE_OUTER_BOUND('',#2168,.T.);
#1642=FACE_OUTER_BOUND('',#2169,.T.);
#1643=FACE_OUTER_BOUND('',#2170,.T.);
#1644=FACE_OUTER_BOUND('',#2171,.T.);
#1645=FACE_OUTER_BOUND('',#2172,.T.);
#1646=FACE_OUTER_BOUND('',#2173,.T.);
#1647=FACE_OUTER_BOUND('',#2174,.T.);
#1648=FACE_OUTER_BOUND('',#2175,.T.);
#1649=FACE_OUTER_BOUND('',#2176,.T.);
#1650=FACE_OUTER_BOUND('',#2177,.T.);
#1651=FACE_OUTER_BOUND('',#2178,.T.);
#1652=FACE_OUTER_BOUND('',#2179,.T.);
#1653=FACE_OUTER_BOUND('',#2180,.T.);
#1654=FACE_OUTER_BOUND('',#2181,.T.);
#1655=FACE_OUTER_BOUND('',#2182,.T.);
#1656=FACE_OUTER_BOUND('',#2183,.T.);
#1657=FACE_OUTER_BOUND('',#2184,.T.);
#1658=FACE_OUTER_BOUND('',#2185,.T.);
#1659=FACE_OUTER_BOUND('',#2186,.T.);
#1660=FACE_OUTER_BOUND('',#2187,.T.);
#1661=FACE_OUTER_BOUND('',#2188,.T.);
#1662=FACE_OUTER_BOUND('',#2189,.T.);
#1663=FACE_OUTER_BOUND('',#2190,.T.);
#1664=FACE_OUTER_BOUND('',#2191,.T.);
#1665=FACE_OUTER_BOUND('',#2192,.T.);
#1666=FACE_OUTER_BOUND('',#2193,.T.);
#1667=FACE_OUTER_BOUND('',#2194,.T.);
#1668=FACE_OUTER_BOUND('',#2195,.T.);
#1669=FACE_OUTER_BOUND('',#2196,.T.);
#1670=FACE_OUTER_BOUND('',#2197,.T.);
#1671=FACE_OUTER_BOUND('',#2198,.T.);
#1672=FACE_OUTER_BOUND('',#2199,.T.);
#1673=FACE_OUTER_BOUND('',#2200,.T.);
#1674=FACE_OUTER_BOUND('',#2201,.T.);
#1675=FACE_OUTER_BOUND('',#2202,.T.);
#1676=FACE_OUTER_BOUND('',#2203,.T.);
#1677=FACE_OUTER_BOUND('',#2204,.T.);
#1678=FACE_OUTER_BOUND('',#2205,.T.);
#1679=FACE_OUTER_BOUND('',#2206,.T.);
#1680=FACE_OUTER_BOUND('',#2207,.T.);
#1681=FACE_OUTER_BOUND('',#2208,.T.);
#1682=FACE_OUTER_BOUND('',#2209,.T.);
#1683=FACE_OUTER_BOUND('',#2210,.T.);
#1684=FACE_OUTER_BOUND('',#2211,.T.);
#1685=FACE_OUTER_BOUND('',#2212,.T.);
#1686=EDGE_LOOP('',(#2213,#2214,#2215,#2216));
#1687=EDGE_LOOP('',(#2217,#2218,#2219,#2220));
#1688=EDGE_LOOP('',(#2221,#2222,#2223,#2224));
#1689=EDGE_LOOP('',(#2225,#2226,#2227,#2228));
#1690=EDGE_LOOP('',(#2229,#2230,#2231,#2232));
#1691=EDGE_LOOP('',(#2233,#2234,#2235,#2236));
#1692=EDGE_LOOP('',(#2237,#2238,#2239,#2240));
#1693=EDGE_LOOP('',(#2241,#2242,#2243,#2244));
#1694=EDGE_LOOP('',(#2245,#2246,#2247,#2248));
#1695=EDGE_LOOP('',(#2249,#2250,#2251,#2252));
#1696=EDGE_LOOP('',(#2253,#2254,#2255,#2256));
#1697=EDGE_LOOP('',(#2257,#2258,#2259,#2260));
#1698=EDGE_LOOP('',(#2261,#2262,#2263,#2264));
#1699=EDGE_LOOP('',(#2265,#2266,#2267,#2268));
#1700=EDGE_LOOP('',(#2269,#2270,#2271,#2272));
#1701=EDGE_LOOP('',(#2273,#2274,#2275,#2276));
#1702=EDGE_LOOP('',(#2277,#2278,#2279,#2280));
#1703=EDGE_LOOP('',(#2281,#2282,#2283,#2284));
#1704=EDGE_LOOP('',(#2285,#2286,#2287,#2288));
#1705=EDGE_LOOP('',(#2289,#2290,#2291,#2292));
#1706=EDGE_LOOP('',(#2293,#2294,#2295,#2296));
#1707=EDGE_LOOP('',(#2297,#2298,#2299,#2300));
#1708=EDGE_LOOP('',(#2301,#2302,#2303,#2304));
#1709=EDGE_LOOP('',(#2305,#2306,#2307,#2308));
#1710=EDGE_LOOP('',(#2309,#2310,#2311,#2312));
#1711=EDGE_LOOP('',(#2313,#2314,#2315,#2316));
#1712=EDGE_LOOP('',(#2317,#2318,#2319,#2320));
#1713=EDGE_LOOP('',(#2321,#2322,#2323,#2324));
#1714=EDGE_LOOP('',(#2325,#2326,#2327,#2328));
#1715=EDGE_LOOP('',(#2329,#2330,#2331,#2332));
#1716=EDGE_LOOP('',(#2333,#2334,#2335,#2336));
#1717=EDGE_LOOP('',(#2337,#2338,#2339,#2340));
#1718=EDGE_LOOP('',(#2341,#2342,#2343,#2344));
#1719=EDGE_LOOP('',(#2345,#2346,#2347,#2348));
#1720=EDGE_LOOP('',(#2349,#2350,#2351,#2352));
#1721=EDGE_LOOP('',(#2353,#2354,#2355,#2356));
#1722=EDGE_LOOP('',(#2357,#2358,#2359,#2360));
#1723=EDGE_LOOP('',(#2361,#2362,#2363,#2364));
#1724=EDGE_LOOP('',(#2365,#2366,#2367,#2368));
#1725=EDGE_LOOP('',(#2369,#2370,#2371,#2372));
#1726=EDGE_LOOP('',(#2373,#2374,#2375,#2376));
#1727=EDGE_LOOP('',(#2377,#2378,#2379,#2380));
#1728=EDGE_LOOP('',(#2381,#2382,#2383,#2384));
#1729=EDGE_LOOP('',(#2385,#2386,#2387,#2388));
#1730=EDGE_LOOP('',(#2389,#2390,#2391,#2392));
#1731=EDGE_LOOP('',(#2393,#2394,#2395,#2396));
#1732=EDGE_LOOP('',(#2397,#2398,#2399,#2400));
#1733=EDGE_LOOP('',(#2401,#2402,#2403,#2404));
#1734=EDGE_LOOP('',(#2405,#2406,#2407,#2408));
#1735=EDGE_LOOP('',(#2409,#2410,#2411,#2412));
#1736=EDGE_LOOP('',(#2413,#2414,#2415,#2416));
#1737=EDGE_LOOP('',(#2417,#2418,#2419,#2420));
#1738=EDGE_LOOP('',(#2421,#2422,#2423,#2424));
#1739=EDGE_LOOP('',(#2425,#2426,#2427,#2428));
#1740=EDGE_LOOP('',(#2429,#2430,#2431,#2432));
#1741=EDGE_LOOP('',(#2433,#2434,#2435,#2436));
#1742=EDGE_LOOP('',(#2437,#2438,#2439,#2440));
#1743=EDGE_LOOP('',(#2441,#2442,#2443,#2444));
#1744=EDGE_LOOP('',(#2445,#2446,#2447,#2448));
#1745=EDGE_LOOP('',(#2449,#2450,#2451,#2452));
#1746=EDGE_LOOP('',(#2453,#2454,#2455,#2456));
#1747=EDGE_LOOP('',(#2457,#2458,#2459,#2460));
#1748=EDGE_LOOP('',(#2461,#2462,#2463,#2464));
#1749=EDGE_LOOP('',(#2465,#2466,#2467,#2468));
#1750=EDGE_LOOP('',(#2469,#2470,#2471,#2472));
#1751=EDGE_LOOP('',(#2473,#2474,#2475,#2476));
#1752=EDGE_LOOP('',(#2477,#2478,#2479,#2480));
#1753=EDGE_LOOP('',(#2481,#2482,#2483,#2484));
#1754=EDGE_LOOP('',(#2485,#2486,#2487,#2488));
#1755=EDGE_LOOP('',(#2489,#2490,#2491,#2492));
#1756=EDGE_LOOP('',(#2493,#2494,#2495,#2496));
#1757=EDGE_LOOP('',(#2497,#2498,#2499,#2500));
#1758=EDGE_LOOP('',(#2501,#2502,#2503,#2504));
#1759=EDGE_LOOP('',(#2505,#2506,#2507,#2508));
#1760=EDGE_LOOP('',(#2509,#2510,#2511,#2512));
#1761=EDGE_LOOP('',(#2513,#2514,#2515,#2516));
#1762=EDGE_LOOP('',(#2517,#2518,#2519,#2520));
#1763=EDGE_LOOP('',(#2521,#2522,#2523,#2524));
#1764=EDGE_LOOP('',(#2525,#2526,#2527,#2528));
#1765=EDGE_LOOP('',(#2529,#2530,#2531,#2532));
#1766=EDGE_LOOP('',(#2533,#2534,#2535,#2536));
#1767=EDGE_LOOP('',(#2537,#2538,#2539,#2540));
#1768=EDGE_LOOP('',(#2541,#2542,#2543,#2544));
#1769=EDGE_LOOP('',(#2545,#2546,#2547,#2548));
#1770=EDGE_LOOP('',(#2549,#2550,#2551,#2552));
#1771=EDGE_LOOP('',(#2553,#2554,#2555,#2556));
#1772=EDGE_LOOP('',(#2557,#2558,#2559,#2560));
#1773=EDGE_LOOP('',(#2561,#2562,#2563,#2564));
#1774=EDGE_LOOP('',(#2565,#2566,#2567,#2568));
#1775=EDGE_LOOP('',(#2569,#2570,#2571,#2572));
#1776=EDGE_LOOP('',(#2573,#2574,#2575,#2576));
#1777=EDGE_LOOP('',(#2577,#2578,#2579,#2580));
#1778=EDGE_LOOP('',(#2581,#2582,#2583,#2584));
#1779=EDGE_LOOP('',(#2585,#2586,#2587,#2588));
#1780=EDGE_LOOP('',(#2589,#2590,#2591,#2592));
#1781=EDGE_LOOP('',(#2593,#2594,#2595,#2596));
#1782=EDGE_LOOP('',(#2597,#2598,#2599,#2600));
#1783=EDGE_LOOP('',(#2601,#2602,#2603,#2604));
#1784=EDGE_LOOP('',(#2605,#2606,#2607,#2608));
#1785=EDGE_LOOP('',(#2609,#2610,#2611,#2612));
#1786=EDGE_LOOP('',(#2613,#2614,#2615,#2616));
#1787=EDGE_LOOP('',(#2617,#2618,#2619,#2620));
#1788=EDGE_LOOP('',(#2621,#2622,#2623,#2624));
#1789=EDGE_LOOP('',(#2625,#2626,#2627,#2628));
#1790=EDGE_LOOP('',(#2629,#2630,#2631,#2632));
#1791=EDGE_LOOP('',(#2633,#2634,#2635,#2636));
#1792=EDGE_LOOP('',(#2637,#2638,#2639,#2640));
#1793=EDGE_LOOP('',(#2641,#2642,#2643,#2644));
#1794=EDGE_LOOP('',(#2645,#2646,#2647,#2648));
#1795=EDGE_LOOP('',(#2649,#2650,#2651,#2652));
#1796=EDGE_LOOP('',(#2653,#2654,#2655,#2656));
#1797=EDGE_LOOP('',(#2657,#2658,#2659,#2660));
#1798=EDGE_LOOP('',(#2661,#2662,#2663,#2664));
#1799=EDGE_LOOP('',(#2665,#2666,#2667,#2668));
#1800=EDGE_LOOP('',(#2669,#2670,#2671,#2672));
#1801=EDGE_LOOP('',(#2673,#2674,#2675,#2676));
#1802=EDGE_LOOP('',(#2677,#2678,#2679,#2680));
#1803=EDGE_LOOP('',(#2681,#2682,#2683,#2684));
#1804=EDGE_LOOP('',(#2685,#2686,#2687,#2688));
#1805=EDGE_LOOP('',(#2689,#2690,#2691,#2692));
#1806=EDGE_LOOP('',(#2693,#2694,#2695,#2696));
#1807=EDGE_LOOP('',(#2697,#2698,#2699,#2700));
#1808=EDGE_LOOP('',(#2701,#2702,#2703,#2704));
#1809=EDGE_LOOP('',(#2705,#2706,#2707,#2708));
#1810=EDGE_LOOP('',(#2709,#2710,#2711,#2712));
#1811=EDGE_LOOP('',(#2713,#2714,#2715,#2716));
#1812=EDGE_LOOP('',(#2717,#2718,#2719,#2720));
#1813=EDGE_LOOP('',(#2721,#2722,#2723,#2724));
#1814=EDGE_LOOP('',(#2725,#2726,#2727,#2728));
#1815=EDGE_LOOP('',(#2729,#2730,#2731,#2732));
#1816=EDGE_LOOP('',(#2733,#2734,#2735,#2736));
#1817=EDGE_LOOP('',(#2737,#2738,#2739,#2740));
#1818=EDGE_LOOP('',(#2741,#2742,#2743,#2744));
#1819=EDGE_LOOP('',(#2745,#2746,#2747,#2748));
#1820=EDGE_LOOP('',(#2749,#2750,#2751,#2752));
#1821=EDGE_LOOP('',(#2753,#2754,#2755,#2756));
#1822=EDGE_LOOP('',(#2757,#2758,#2759,#2760));
#1823=EDGE_LOOP('',(#2761,#2762,#2763,#2764));
#1824=EDGE_LOOP('',(#2765,#2766,#2767,#2768));
#1825=EDGE_LOOP('',(#2769,#2770,#2771,#2772));
#1826=EDGE_LOOP('',(#2773,#2774,#2775,#2776));
#1827=EDGE_LOOP('',(#2777,#2778,#2779,#2780));
#1828=EDGE_LOOP('',(#2781,#2782,#2783,#2784));
#1829=EDGE_LOOP('',(#2785,#2786,#2787,#2788));
#1830=EDGE_LOOP('',(#2789,#2790,#2791,#2792));
#1831=EDGE_LOOP('',(#2793,#2794,#2795,#2796));
#1832=EDGE_LOOP('',(#2797,#2798,#2799,#2800));
#1833=EDGE_LOOP('',(#2801,#2802,#2803,#2804));
#1834=EDGE_LOOP('',(#2805,#2806,#2807,#2808));
#1835=EDGE_LOOP('',(#2809,#2810,#2811,#2812));
#1836=EDGE_LOOP('',(#2813,#2814,#2815,#2816));
#1837=EDGE_LOOP('',(#2817,#2818,#2819,#2820));
#1838=EDGE_LOOP('',(#2821,#2822,#2823,#2824));
#1839=EDGE_LOOP('',(#2825,#2826,#2827,#2828));
#1840=EDGE_LOOP('',(#2829,#2830,#2831,#2832));
#1841=EDGE_LOOP('',(#2833,#2834,#2835,#2836));
#1842=EDGE_LOOP('',(#2837,#2838,#2839,#2840));
#1843=EDGE_LOOP('',(#2841,#2842,#2843,#2844));
#1844=EDGE_LOOP('',(#2845,#2846,#2847,#2848));
#1845=EDGE_LOOP('',(#2849,#2850,#2851,#2852));
#1846=EDGE_LOOP('',(#2853,#2854,#2855,#2856));
#1847=EDGE_LOOP('',(#2857,#2858,#2859,#2860));
#1848=EDGE_LOOP('',(#2861,#2862,#2863,#2864));
#1849=EDGE_LOOP('',(#2865,#2866,#2867,#2868));
#1850=EDGE_LOOP('',(#2869,#2870,#2871,#2872));
#1851=EDGE_LOOP('',(#2873,#2874,#2875,#2876));
#1852=EDGE_LOOP('',(#2877,#2878,#2879,#2880));
#1853=EDGE_LOOP('',(#2881,#2882,#2883,#2884));
#1854=EDGE_LOOP('',(#2885,#2886,#2887,#2888));
#1855=EDGE_LOOP('',(#2889,#2890,#2891,#2892));
#1856=EDGE_LOOP('',(#2893,#2894,#2895,#2896));
#1857=EDGE_LOOP('',(#2897,#2898,#2899,#2900));
#1858=EDGE_LOOP('',(#2901,#2902,#2903,#2904));
#1859=EDGE_LOOP('',(#2905,#2906,#2907,#2908));
#1860=EDGE_LOOP('',(#2909,#2910,#2911,#2912));
#1861=EDGE_LOOP('',(#2913,#2914,#2915,#2916));
#1862=EDGE_LOOP('',(#2917,#2918,#2919,#2920));
#1863=EDGE_LOOP('',(#2921,#2922,#2923,#2924));
#1864=EDGE_LOOP('',(#2925,#2926,#2927,#2928));
#1865=EDGE_LOOP('',(#2929,#2930,#2931,#2932));
#1866=EDGE_LOOP('',(#2933,#2934,#2935,#2936));
#1867=EDGE_LOOP('',(#2937,#2938,#2939,#2940));
#1868=EDGE_LOOP('',(#2941,#2942,#2943,#2944));
#1869=EDGE_LOOP('',(#2945,#2946,#2947,#2948));
#1870=EDGE_LOOP('',(#2949,#2950,#2951,#2952));
#1871=EDGE_LOOP('',(#2953,#2954,#2955,#2956));
#1872=EDGE_LOOP('',(#2957,#2958,#2959,#2960,#2961,#2962,#2963,#2964,#2965,
#2966,#2967,#2968,#2969,#2970,#2971,#2972,#2973,#2974,#2975,#2976,#2977,#2978,
#2979,#2980,#2981,#2982,#2983,#2984,#2985,#2986,#2987,#2988,#2989,#2990,#2991,
#2992,#2993,#2994,#2995,#2996,#2997,#2998,#2999,#3000,#3001,#3002,#3003,#3004,
#3005,#3006,#3007,#3008,#3009,#3010,#3011,#3012,#3013,#3014,#3015,#3016,#3017,
#3018,#3019,#3020,#3021,#3022,#3023,#3024,#3025,#3026,#3027,#3028,#3029,#3030,
#3031,#3032,#3033,#3034,#3035,#3036,#3037,#3038,#3039,#3040,#3041,#3042,#3043,
#3044,#3045,#3046,#3047,#3048,#3049,#3050,#3051,#3052,#3053,#3054,#3055,#3056,
#3057,#3058,#3059,#3060,#3061,#3062,#3063,#3064,#3065,#3066,#3067,#3068,#3069,
#3070,#3071,#3072,#3073,#3074,#3075,#3076,#3077,#3078,#3079,#3080,#3081,#3082,
#3083,#3084,#3085,#3086,#3087,#3088,#3089,#3090,#3091,#3092,#3093,#3094,#3095,
#3096,#3097,#3098,#3099,#3100,#3101,#3102,#3103,#3104,#3105,#3106,#3107,#3108,
#3109,#3110,#3111,#3112,#3113,#3114,#3115,#3116,#3117,#3118,#3119,#3120,#3121,
#3122,#3123,#3124,#3125,#3126,#3127,#3128,#3129,#3130,#3131,#3132,#3133,#3134,
#3135,#3136,#3137,#3138,#3139,#3140,#3141,#3142,#3143,#3144,#3145,#3146,#3147,
#3148,#3149,#3150,#3151,#3152,#3153,#3154,#3155,#3156,#3157,#3158,#3159,#3160,
#3161,#3162,#3163,#3164,#3165,#3166,#3167,#3168,#3169,#3170,#3171,#3172,#3173,
#3174,#3175,#3176,#3177,#3178,#3179,#3180,#3181,#3182,#3183,#3184,#3185,#3186,
#3187,#3188,#3189,#3190,#3191,#3192,#3193,#3194,#3195,#3196,#3197,#3198,#3199,
#3200,#3201,#3202,#3203,#3204,#3205,#3206,#3207,#3208));
#1873=EDGE_LOOP('',(#3209,#3210,#3211,#3212));
#1874=EDGE_LOOP('',(#3213,#3214,#3215,#3216));
#1875=EDGE_LOOP('',(#3217,#3218,#3219,#3220));
#1876=EDGE_LOOP('',(#3221,#3222,#3223,#3224));
#1877=EDGE_LOOP('',(#3225,#3226,#3227,#3228));
#1878=EDGE_LOOP('',(#3229,#3230,#3231,#3232));
#1879=EDGE_LOOP('',(#3233,#3234,#3235,#3236));
#1880=EDGE_LOOP('',(#3237,#3238,#3239,#3240));
#1881=EDGE_LOOP('',(#3241,#3242,#3243,#3244));
#1882=EDGE_LOOP('',(#3245,#3246,#3247,#3248));
#1883=EDGE_LOOP('',(#3249,#3250,#3251,#3252,#3253,#3254,#3255,#3256,#3257,
#3258,#3259,#3260,#3261,#3262,#3263,#3264,#3265,#3266,#3267,#3268,#3269,#3270,
#3271,#3272,#3273,#3274,#3275,#3276,#3277,#3278,#3279,#3280,#3281,#3282,#3283,
#3284,#3285,#3286,#3287,#3288,#3289,#3290,#3291,#3292,#3293,#3294,#3295,#3296,
#3297,#3298,#3299,#3300,#3301,#3302,#3303,#3304,#3305,#3306,#3307,#3308,#3309,
#3310,#3311,#3312,#3313,#3314,#3315,#3316,#3317,#3318,#3319,#3320,#3321,#3322,
#3323,#3324,#3325,#3326,#3327,#3328,#3329,#3330,#3331,#3332,#3333,#3334,#3335,
#3336,#3337,#3338,#3339,#3340,#3341,#3342,#3343,#3344,#3345,#3346,#3347,#3348,
#3349,#3350,#3351,#3352,#3353,#3354,#3355,#3356,#3357,#3358,#3359,#3360,#3361,
#3362,#3363,#3364,#3365,#3366,#3367,#3368,#3369,#3370,#3371,#3372,#3373,#3374,
#3375,#3376));
#1884=EDGE_LOOP('',(#3377,#3378,#3379,#3380));
#1885=EDGE_LOOP('',(#3381,#3382,#3383,#3384));
#1886=EDGE_LOOP('',(#3385,#3386,#3387,#3388));
#1887=EDGE_LOOP('',(#3389,#3390,#3391,#3392));
#1888=EDGE_LOOP('',(#3393,#3394,#3395,#3396));
#1889=EDGE_LOOP('',(#3397,#3398,#3399,#3400));
#1890=EDGE_LOOP('',(#3401,#3402,#3403,#3404));
#1891=EDGE_LOOP('',(#3405,#3406,#3407,#3408));
#1892=EDGE_LOOP('',(#3409,#3410,#3411,#3412));
#1893=EDGE_LOOP('',(#3413,#3414,#3415,#3416));
#1894=EDGE_LOOP('',(#3417,#3418,#3419,#3420));
#1895=EDGE_LOOP('',(#3421,#3422,#3423,#3424));
#1896=EDGE_LOOP('',(#3425,#3426,#3427,#3428));
#1897=EDGE_LOOP('',(#3429,#3430,#3431,#3432));
#1898=EDGE_LOOP('',(#3433,#3434,#3435,#3436,#3437,#3438,#3439,#3440,#3441,
#3442,#3443,#3444,#3445,#3446,#3447,#3448,#3449,#3450,#3451,#3452,#3453,#3454,
#3455,#3456,#3457,#3458,#3459,#3460,#3461));
#1899=EDGE_LOOP('',(#3462,#3463,#3464,#3465,#3466,#3467,#3468,#3469,#3470,
#3471,#3472,#3473,#3474,#3475,#3476,#3477,#3478,#3479,#3480,#3481,#3482,#3483,
#3484,#3485,#3486,#3487,#3488,#3489,#3490));
#1900=EDGE_LOOP('',(#3491,#3492,#3493,#3494,#3495,#3496,#3497));
#1901=EDGE_LOOP('',(#3498,#3499,#3500,#3501));
#1902=EDGE_LOOP('',(#3502,#3503,#3504,#3505));
#1903=EDGE_LOOP('',(#3506,#3507,#3508,#3509));
#1904=EDGE_LOOP('',(#3510,#3511,#3512,#3513,#3514,#3515,#3516));
#1905=EDGE_LOOP('',(#3517,#3518,#3519,#3520,#3521,#3522,#3523));
#1906=EDGE_LOOP('',(#3524,#3525,#3526,#3527));
#1907=EDGE_LOOP('',(#3528,#3529,#3530,#3531));
#1908=EDGE_LOOP('',(#3532,#3533,#3534,#3535));
#1909=EDGE_LOOP('',(#3536,#3537,#3538,#3539,#3540,#3541,#3542));
#1910=EDGE_LOOP('',(#3543,#3544,#3545,#3546,#3547,#3548,#3549));
#1911=EDGE_LOOP('',(#3550,#3551,#3552,#3553));
#1912=EDGE_LOOP('',(#3554,#3555,#3556,#3557));
#1913=EDGE_LOOP('',(#3558,#3559,#3560,#3561));
#1914=EDGE_LOOP('',(#3562,#3563,#3564,#3565,#3566,#3567,#3568));
#1915=EDGE_LOOP('',(#3569,#3570,#3571,#3572,#3573,#3574,#3575));
#1916=EDGE_LOOP('',(#3576,#3577,#3578,#3579));
#1917=EDGE_LOOP('',(#3580,#3581,#3582,#3583));
#1918=EDGE_LOOP('',(#3584,#3585,#3586,#3587));
#1919=EDGE_LOOP('',(#3588,#3589,#3590,#3591,#3592,#3593,#3594));
#1920=EDGE_LOOP('',(#3595,#3596,#3597,#3598,#3599,#3600,#3601));
#1921=EDGE_LOOP('',(#3602,#3603,#3604,#3605));
#1922=EDGE_LOOP('',(#3606,#3607,#3608,#3609));
#1923=EDGE_LOOP('',(#3610,#3611,#3612,#3613));
#1924=EDGE_LOOP('',(#3614,#3615,#3616,#3617,#3618,#3619,#3620));
#1925=EDGE_LOOP('',(#3621,#3622,#3623,#3624,#3625,#3626,#3627));
#1926=EDGE_LOOP('',(#3628,#3629,#3630,#3631));
#1927=EDGE_LOOP('',(#3632,#3633,#3634,#3635));
#1928=EDGE_LOOP('',(#3636,#3637,#3638,#3639));
#1929=EDGE_LOOP('',(#3640,#3641,#3642,#3643,#3644,#3645,#3646));
#1930=EDGE_LOOP('',(#3647,#3648,#3649,#3650,#3651,#3652,#3653));
#1931=EDGE_LOOP('',(#3654,#3655,#3656,#3657));
#1932=EDGE_LOOP('',(#3658,#3659,#3660,#3661));
#1933=EDGE_LOOP('',(#3662,#3663,#3664,#3665));
#1934=EDGE_LOOP('',(#3666,#3667,#3668,#3669,#3670,#3671,#3672));
#1935=EDGE_LOOP('',(#3673,#3674,#3675,#3676,#3677,#3678,#3679));
#1936=EDGE_LOOP('',(#3680,#3681,#3682,#3683));
#1937=EDGE_LOOP('',(#3684,#3685,#3686,#3687));
#1938=EDGE_LOOP('',(#3688,#3689,#3690,#3691));
#1939=EDGE_LOOP('',(#3692,#3693,#3694,#3695,#3696,#3697,#3698));
#1940=EDGE_LOOP('',(#3699,#3700,#3701,#3702,#3703,#3704,#3705));
#1941=EDGE_LOOP('',(#3706,#3707,#3708,#3709));
#1942=EDGE_LOOP('',(#3710,#3711,#3712,#3713));
#1943=EDGE_LOOP('',(#3714,#3715,#3716,#3717));
#1944=EDGE_LOOP('',(#3718,#3719,#3720,#3721,#3722,#3723,#3724));
#1945=EDGE_LOOP('',(#3725,#3726,#3727,#3728,#3729,#3730,#3731));
#1946=EDGE_LOOP('',(#3732,#3733,#3734,#3735));
#1947=EDGE_LOOP('',(#3736,#3737,#3738,#3739));
#1948=EDGE_LOOP('',(#3740,#3741,#3742,#3743));
#1949=EDGE_LOOP('',(#3744,#3745,#3746,#3747,#3748,#3749,#3750));
#1950=EDGE_LOOP('',(#3751,#3752,#3753,#3754,#3755,#3756,#3757));
#1951=EDGE_LOOP('',(#3758,#3759,#3760,#3761));
#1952=EDGE_LOOP('',(#3762,#3763,#3764,#3765));
#1953=EDGE_LOOP('',(#3766,#3767,#3768,#3769));
#1954=EDGE_LOOP('',(#3770,#3771,#3772,#3773,#3774,#3775,#3776));
#1955=EDGE_LOOP('',(#3777,#3778,#3779,#3780,#3781,#3782,#3783));
#1956=EDGE_LOOP('',(#3784,#3785,#3786,#3787));
#1957=EDGE_LOOP('',(#3788,#3789,#3790,#3791));
#1958=EDGE_LOOP('',(#3792,#3793,#3794,#3795));
#1959=EDGE_LOOP('',(#3796,#3797,#3798,#3799,#3800,#3801,#3802));
#1960=EDGE_LOOP('',(#3803,#3804,#3805,#3806,#3807,#3808,#3809));
#1961=EDGE_LOOP('',(#3810,#3811,#3812,#3813));
#1962=EDGE_LOOP('',(#3814,#3815,#3816,#3817));
#1963=EDGE_LOOP('',(#3818,#3819,#3820,#3821));
#1964=EDGE_LOOP('',(#3822,#3823,#3824,#3825,#3826,#3827,#3828));
#1965=EDGE_LOOP('',(#3829,#3830,#3831,#3832,#3833,#3834,#3835));
#1966=EDGE_LOOP('',(#3836,#3837,#3838,#3839));
#1967=EDGE_LOOP('',(#3840,#3841,#3842,#3843));
#1968=EDGE_LOOP('',(#3844,#3845,#3846,#3847));
#1969=EDGE_LOOP('',(#3848,#3849,#3850,#3851,#3852,#3853,#3854));
#1970=EDGE_LOOP('',(#3855,#3856,#3857,#3858,#3859,#3860,#3861));
#1971=EDGE_LOOP('',(#3862,#3863,#3864,#3865));
#1972=EDGE_LOOP('',(#3866,#3867,#3868,#3869));
#1973=EDGE_LOOP('',(#3870,#3871,#3872,#3873));
#1974=EDGE_LOOP('',(#3874,#3875,#3876,#3877,#3878,#3879,#3880));
#1975=EDGE_LOOP('',(#3881,#3882,#3883,#3884,#3885,#3886,#3887));
#1976=EDGE_LOOP('',(#3888,#3889,#3890,#3891));
#1977=EDGE_LOOP('',(#3892,#3893,#3894,#3895));
#1978=EDGE_LOOP('',(#3896,#3897,#3898,#3899));
#1979=EDGE_LOOP('',(#3900,#3901,#3902,#3903,#3904,#3905,#3906));
#1980=EDGE_LOOP('',(#3907,#3908,#3909,#3910,#3911,#3912,#3913));
#1981=EDGE_LOOP('',(#3914,#3915,#3916,#3917));
#1982=EDGE_LOOP('',(#3918,#3919,#3920,#3921));
#1983=EDGE_LOOP('',(#3922,#3923,#3924,#3925));
#1984=EDGE_LOOP('',(#3926,#3927,#3928,#3929,#3930,#3931,#3932));
#1985=EDGE_LOOP('',(#3933,#3934,#3935,#3936,#3937,#3938,#3939));
#1986=EDGE_LOOP('',(#3940,#3941,#3942,#3943));
#1987=EDGE_LOOP('',(#3944,#3945,#3946,#3947));
#1988=EDGE_LOOP('',(#3948,#3949,#3950,#3951));
#1989=EDGE_LOOP('',(#3952,#3953,#3954,#3955,#3956,#3957,#3958));
#1990=EDGE_LOOP('',(#3959,#3960,#3961,#3962,#3963,#3964,#3965));
#1991=EDGE_LOOP('',(#3966,#3967,#3968,#3969));
#1992=EDGE_LOOP('',(#3970,#3971,#3972,#3973));
#1993=EDGE_LOOP('',(#3974,#3975,#3976,#3977));
#1994=EDGE_LOOP('',(#3978,#3979,#3980,#3981,#3982,#3983,#3984));
#1995=EDGE_LOOP('',(#3985,#3986,#3987,#3988,#3989,#3990,#3991));
#1996=EDGE_LOOP('',(#3992,#3993,#3994,#3995));
#1997=EDGE_LOOP('',(#3996,#3997,#3998,#3999));
#1998=EDGE_LOOP('',(#4000,#4001,#4002,#4003));
#1999=EDGE_LOOP('',(#4004,#4005,#4006,#4007,#4008,#4009,#4010));
#2000=EDGE_LOOP('',(#4011,#4012,#4013,#4014,#4015,#4016,#4017));
#2001=EDGE_LOOP('',(#4018,#4019,#4020,#4021));
#2002=EDGE_LOOP('',(#4022,#4023,#4024,#4025));
#2003=EDGE_LOOP('',(#4026,#4027,#4028,#4029));
#2004=EDGE_LOOP('',(#4030,#4031,#4032,#4033,#4034,#4035,#4036));
#2005=EDGE_LOOP('',(#4037,#4038,#4039,#4040,#4041,#4042,#4043));
#2006=EDGE_LOOP('',(#4044,#4045,#4046,#4047));
#2007=EDGE_LOOP('',(#4048,#4049,#4050,#4051));
#2008=EDGE_LOOP('',(#4052,#4053,#4054,#4055));
#2009=EDGE_LOOP('',(#4056,#4057,#4058,#4059,#4060,#4061,#4062));
#2010=EDGE_LOOP('',(#4063,#4064,#4065,#4066,#4067,#4068,#4069));
#2011=EDGE_LOOP('',(#4070,#4071,#4072,#4073));
#2012=EDGE_LOOP('',(#4074,#4075,#4076,#4077));
#2013=EDGE_LOOP('',(#4078,#4079,#4080,#4081));
#2014=EDGE_LOOP('',(#4082,#4083,#4084,#4085,#4086,#4087,#4088));
#2015=EDGE_LOOP('',(#4089,#4090,#4091,#4092,#4093,#4094,#4095));
#2016=EDGE_LOOP('',(#4096,#4097,#4098,#4099));
#2017=EDGE_LOOP('',(#4100,#4101,#4102,#4103));
#2018=EDGE_LOOP('',(#4104,#4105,#4106,#4107));
#2019=EDGE_LOOP('',(#4108,#4109,#4110,#4111,#4112,#4113,#4114));
#2020=EDGE_LOOP('',(#4115,#4116,#4117,#4118,#4119,#4120,#4121));
#2021=EDGE_LOOP('',(#4122,#4123,#4124,#4125));
#2022=EDGE_LOOP('',(#4126,#4127,#4128,#4129));
#2023=EDGE_LOOP('',(#4130,#4131,#4132,#4133));
#2024=EDGE_LOOP('',(#4134,#4135,#4136,#4137,#4138,#4139,#4140));
#2025=EDGE_LOOP('',(#4141,#4142,#4143,#4144,#4145,#4146,#4147));
#2026=EDGE_LOOP('',(#4148,#4149,#4150,#4151));
#2027=EDGE_LOOP('',(#4152,#4153,#4154,#4155));
#2028=EDGE_LOOP('',(#4156,#4157,#4158,#4159));
#2029=EDGE_LOOP('',(#4160,#4161,#4162,#4163,#4164,#4165,#4166));
#2030=EDGE_LOOP('',(#4167,#4168,#4169,#4170,#4171,#4172,#4173));
#2031=EDGE_LOOP('',(#4174,#4175,#4176,#4177));
#2032=EDGE_LOOP('',(#4178,#4179,#4180,#4181));
#2033=EDGE_LOOP('',(#4182,#4183,#4184,#4185));
#2034=EDGE_LOOP('',(#4186,#4187,#4188,#4189,#4190,#4191,#4192));
#2035=EDGE_LOOP('',(#4193,#4194,#4195,#4196,#4197,#4198,#4199));
#2036=EDGE_LOOP('',(#4200,#4201,#4202,#4203));
#2037=EDGE_LOOP('',(#4204,#4205,#4206,#4207));
#2038=EDGE_LOOP('',(#4208,#4209,#4210,#4211));
#2039=EDGE_LOOP('',(#4212,#4213,#4214,#4215,#4216,#4217,#4218));
#2040=EDGE_LOOP('',(#4219,#4220,#4221,#4222,#4223,#4224,#4225));
#2041=EDGE_LOOP('',(#4226,#4227,#4228,#4229));
#2042=EDGE_LOOP('',(#4230,#4231,#4232,#4233));
#2043=EDGE_LOOP('',(#4234,#4235,#4236,#4237));
#2044=EDGE_LOOP('',(#4238,#4239,#4240,#4241,#4242,#4243,#4244));
#2045=EDGE_LOOP('',(#4245,#4246,#4247,#4248,#4249,#4250,#4251));
#2046=EDGE_LOOP('',(#4252,#4253,#4254,#4255));
#2047=EDGE_LOOP('',(#4256,#4257,#4258,#4259));
#2048=EDGE_LOOP('',(#4260,#4261,#4262,#4263));
#2049=EDGE_LOOP('',(#4264,#4265,#4266,#4267,#4268,#4269,#4270));
#2050=EDGE_LOOP('',(#4271,#4272,#4273,#4274,#4275,#4276,#4277));
#2051=EDGE_LOOP('',(#4278,#4279,#4280,#4281));
#2052=EDGE_LOOP('',(#4282,#4283,#4284,#4285));
#2053=EDGE_LOOP('',(#4286,#4287,#4288,#4289));
#2054=EDGE_LOOP('',(#4290,#4291,#4292,#4293,#4294,#4295,#4296));
#2055=EDGE_LOOP('',(#4297,#4298,#4299,#4300,#4301,#4302,#4303));
#2056=EDGE_LOOP('',(#4304,#4305,#4306,#4307));
#2057=EDGE_LOOP('',(#4308,#4309,#4310,#4311));
#2058=EDGE_LOOP('',(#4312,#4313,#4314,#4315));
#2059=EDGE_LOOP('',(#4316,#4317,#4318,#4319,#4320,#4321,#4322));
#2060=EDGE_LOOP('',(#4323,#4324,#4325,#4326,#4327,#4328,#4329));
#2061=EDGE_LOOP('',(#4330,#4331,#4332,#4333));
#2062=EDGE_LOOP('',(#4334,#4335,#4336,#4337));
#2063=EDGE_LOOP('',(#4338,#4339,#4340,#4341));
#2064=EDGE_LOOP('',(#4342,#4343,#4344,#4345,#4346,#4347,#4348));
#2065=EDGE_LOOP('',(#4349,#4350,#4351,#4352,#4353,#4354,#4355));
#2066=EDGE_LOOP('',(#4356,#4357,#4358,#4359));
#2067=EDGE_LOOP('',(#4360,#4361,#4362,#4363));
#2068=EDGE_LOOP('',(#4364,#4365,#4366,#4367));
#2069=EDGE_LOOP('',(#4368,#4369,#4370,#4371,#4372,#4373,#4374));
#2070=EDGE_LOOP('',(#4375,#4376,#4377,#4378,#4379,#4380,#4381));
#2071=EDGE_LOOP('',(#4382,#4383,#4384,#4385));
#2072=EDGE_LOOP('',(#4386,#4387,#4388,#4389));
#2073=EDGE_LOOP('',(#4390,#4391,#4392,#4393));
#2074=EDGE_LOOP('',(#4394,#4395,#4396,#4397,#4398,#4399,#4400));
#2075=EDGE_LOOP('',(#4401,#4402,#4403,#4404,#4405,#4406,#4407));
#2076=EDGE_LOOP('',(#4408,#4409,#4410,#4411));
#2077=EDGE_LOOP('',(#4412,#4413,#4414,#4415));
#2078=EDGE_LOOP('',(#4416,#4417,#4418,#4419));
#2079=EDGE_LOOP('',(#4420,#4421,#4422,#4423,#4424,#4425,#4426));
#2080=EDGE_LOOP('',(#4427,#4428,#4429,#4430,#4431,#4432,#4433));
#2081=EDGE_LOOP('',(#4434,#4435,#4436,#4437));
#2082=EDGE_LOOP('',(#4438,#4439,#4440,#4441));
#2083=EDGE_LOOP('',(#4442,#4443,#4444,#4445));
#2084=EDGE_LOOP('',(#4446,#4447,#4448,#4449,#4450,#4451,#4452));
#2085=EDGE_LOOP('',(#4453,#4454,#4455,#4456,#4457,#4458,#4459));
#2086=EDGE_LOOP('',(#4460,#4461,#4462,#4463));
#2087=EDGE_LOOP('',(#4464,#4465,#4466,#4467));
#2088=EDGE_LOOP('',(#4468,#4469,#4470,#4471));
#2089=EDGE_LOOP('',(#4472,#4473,#4474,#4475,#4476,#4477,#4478));
#2090=EDGE_LOOP('',(#4479,#4480,#4481,#4482,#4483,#4484,#4485));
#2091=EDGE_LOOP('',(#4486,#4487,#4488,#4489));
#2092=EDGE_LOOP('',(#4490,#4491,#4492,#4493));
#2093=EDGE_LOOP('',(#4494,#4495,#4496,#4497));
#2094=EDGE_LOOP('',(#4498,#4499,#4500,#4501,#4502,#4503,#4504));
#2095=EDGE_LOOP('',(#4505,#4506,#4507,#4508,#4509,#4510,#4511));
#2096=EDGE_LOOP('',(#4512,#4513,#4514,#4515));
#2097=EDGE_LOOP('',(#4516,#4517,#4518,#4519));
#2098=EDGE_LOOP('',(#4520,#4521,#4522,#4523));
#2099=EDGE_LOOP('',(#4524,#4525,#4526,#4527,#4528,#4529,#4530));
#2100=EDGE_LOOP('',(#4531,#4532,#4533,#4534,#4535,#4536,#4537));
#2101=EDGE_LOOP('',(#4538,#4539,#4540,#4541));
#2102=EDGE_LOOP('',(#4542,#4543,#4544,#4545));
#2103=EDGE_LOOP('',(#4546,#4547,#4548,#4549));
#2104=EDGE_LOOP('',(#4550,#4551,#4552,#4553,#4554,#4555,#4556));
#2105=EDGE_LOOP('',(#4557,#4558,#4559,#4560,#4561,#4562,#4563));
#2106=EDGE_LOOP('',(#4564,#4565,#4566,#4567));
#2107=EDGE_LOOP('',(#4568,#4569,#4570,#4571));
#2108=EDGE_LOOP('',(#4572,#4573,#4574,#4575));
#2109=EDGE_LOOP('',(#4576,#4577,#4578,#4579,#4580,#4581,#4582));
#2110=EDGE_LOOP('',(#4583,#4584,#4585,#4586,#4587,#4588,#4589));
#2111=EDGE_LOOP('',(#4590,#4591,#4592,#4593));
#2112=EDGE_LOOP('',(#4594,#4595,#4596,#4597));
#2113=EDGE_LOOP('',(#4598,#4599,#4600,#4601));
#2114=EDGE_LOOP('',(#4602,#4603,#4604,#4605,#4606,#4607,#4608));
#2115=EDGE_LOOP('',(#4609,#4610,#4611,#4612,#4613,#4614,#4615));
#2116=EDGE_LOOP('',(#4616,#4617,#4618,#4619));
#2117=EDGE_LOOP('',(#4620,#4621,#4622,#4623));
#2118=EDGE_LOOP('',(#4624,#4625,#4626,#4627));
#2119=EDGE_LOOP('',(#4628,#4629,#4630,#4631,#4632,#4633,#4634));
#2120=EDGE_LOOP('',(#4635,#4636,#4637,#4638,#4639,#4640,#4641));
#2121=EDGE_LOOP('',(#4642,#4643,#4644,#4645));
#2122=EDGE_LOOP('',(#4646,#4647,#4648,#4649));
#2123=EDGE_LOOP('',(#4650,#4651,#4652,#4653));
#2124=EDGE_LOOP('',(#4654,#4655,#4656,#4657,#4658,#4659,#4660));
#2125=EDGE_LOOP('',(#4661,#4662,#4663,#4664,#4665,#4666,#4667));
#2126=EDGE_LOOP('',(#4668,#4669,#4670,#4671));
#2127=EDGE_LOOP('',(#4672,#4673,#4674,#4675));
#2128=EDGE_LOOP('',(#4676,#4677,#4678,#4679));
#2129=EDGE_LOOP('',(#4680,#4681,#4682,#4683,#4684,#4685,#4686));
#2130=EDGE_LOOP('',(#4687,#4688,#4689,#4690,#4691,#4692,#4693));
#2131=EDGE_LOOP('',(#4694,#4695,#4696,#4697));
#2132=EDGE_LOOP('',(#4698,#4699,#4700,#4701));
#2133=EDGE_LOOP('',(#4702,#4703,#4704,#4705));
#2134=EDGE_LOOP('',(#4706,#4707,#4708,#4709,#4710,#4711,#4712));
#2135=EDGE_LOOP('',(#4713,#4714,#4715,#4716,#4717,#4718,#4719));
#2136=EDGE_LOOP('',(#4720,#4721,#4722,#4723));
#2137=EDGE_LOOP('',(#4724,#4725,#4726,#4727));
#2138=EDGE_LOOP('',(#4728,#4729,#4730,#4731));
#2139=EDGE_LOOP('',(#4732,#4733,#4734,#4735,#4736,#4737,#4738));
#2140=EDGE_LOOP('',(#4739,#4740,#4741,#4742,#4743,#4744,#4745));
#2141=EDGE_LOOP('',(#4746,#4747,#4748,#4749));
#2142=EDGE_LOOP('',(#4750,#4751,#4752,#4753));
#2143=EDGE_LOOP('',(#4754,#4755,#4756,#4757));
#2144=EDGE_LOOP('',(#4758,#4759,#4760,#4761,#4762,#4763,#4764));
#2145=EDGE_LOOP('',(#4765,#4766,#4767,#4768,#4769,#4770,#4771));
#2146=EDGE_LOOP('',(#4772,#4773,#4774,#4775));
#2147=EDGE_LOOP('',(#4776,#4777,#4778,#4779));
#2148=EDGE_LOOP('',(#4780,#4781,#4782,#4783));
#2149=EDGE_LOOP('',(#4784,#4785,#4786,#4787,#4788,#4789,#4790));
#2150=EDGE_LOOP('',(#4791,#4792,#4793,#4794,#4795,#4796,#4797));
#2151=EDGE_LOOP('',(#4798,#4799,#4800,#4801));
#2152=EDGE_LOOP('',(#4802,#4803,#4804,#4805));
#2153=EDGE_LOOP('',(#4806,#4807,#4808,#4809));
#2154=EDGE_LOOP('',(#4810,#4811,#4812,#4813,#4814,#4815,#4816));
#2155=EDGE_LOOP('',(#4817,#4818,#4819,#4820,#4821,#4822,#4823));
#2156=EDGE_LOOP('',(#4824,#4825,#4826,#4827));
#2157=EDGE_LOOP('',(#4828,#4829,#4830,#4831));
#2158=EDGE_LOOP('',(#4832,#4833,#4834,#4835));
#2159=EDGE_LOOP('',(#4836,#4837,#4838,#4839,#4840,#4841,#4842));
#2160=EDGE_LOOP('',(#4843,#4844,#4845,#4846,#4847,#4848,#4849));
#2161=EDGE_LOOP('',(#4850,#4851,#4852,#4853));
#2162=EDGE_LOOP('',(#4854,#4855,#4856,#4857));
#2163=EDGE_LOOP('',(#4858,#4859,#4860,#4861));
#2164=EDGE_LOOP('',(#4862,#4863,#4864,#4865,#4866,#4867,#4868));
#2165=EDGE_LOOP('',(#4869,#4870,#4871,#4872,#4873,#4874,#4875));
#2166=EDGE_LOOP('',(#4876,#4877,#4878,#4879));
#2167=EDGE_LOOP('',(#4880,#4881,#4882,#4883));
#2168=EDGE_LOOP('',(#4884,#4885,#4886,#4887));
#2169=EDGE_LOOP('',(#4888,#4889,#4890,#4891,#4892,#4893,#4894));
#2170=EDGE_LOOP('',(#4895,#4896,#4897,#4898,#4899,#4900,#4901));
#2171=EDGE_LOOP('',(#4902,#4903,#4904,#4905));
#2172=EDGE_LOOP('',(#4906,#4907,#4908,#4909));
#2173=EDGE_LOOP('',(#4910,#4911,#4912,#4913));
#2174=EDGE_LOOP('',(#4914,#4915,#4916,#4917,#4918,#4919,#4920));
#2175=EDGE_LOOP('',(#4921,#4922,#4923,#4924,#4925,#4926,#4927));
#2176=EDGE_LOOP('',(#4928,#4929,#4930,#4931));
#2177=EDGE_LOOP('',(#4932,#4933,#4934,#4935));
#2178=EDGE_LOOP('',(#4936,#4937,#4938,#4939));
#2179=EDGE_LOOP('',(#4940,#4941,#4942,#4943,#4944,#4945,#4946));
#2180=EDGE_LOOP('',(#4947,#4948,#4949,#4950,#4951,#4952,#4953));
#2181=EDGE_LOOP('',(#4954,#4955,#4956,#4957));
#2182=EDGE_LOOP('',(#4958,#4959,#4960,#4961));
#2183=EDGE_LOOP('',(#4962,#4963,#4964,#4965));
#2184=EDGE_LOOP('',(#4966,#4967,#4968,#4969,#4970,#4971,#4972));
#2185=EDGE_LOOP('',(#4973,#4974,#4975,#4976,#4977,#4978,#4979));
#2186=EDGE_LOOP('',(#4980,#4981,#4982,#4983));
#2187=EDGE_LOOP('',(#4984,#4985,#4986,#4987));
#2188=EDGE_LOOP('',(#4988,#4989,#4990,#4991));
#2189=EDGE_LOOP('',(#4992,#4993,#4994,#4995,#4996,#4997,#4998));
#2190=EDGE_LOOP('',(#4999,#5000,#5001,#5002,#5003,#5004,#5005));
#2191=EDGE_LOOP('',(#5006,#5007,#5008,#5009));
#2192=EDGE_LOOP('',(#5010,#5011,#5012,#5013));
#2193=EDGE_LOOP('',(#5014,#5015,#5016,#5017));
#2194=EDGE_LOOP('',(#5018,#5019,#5020,#5021,#5022,#5023,#5024));
#2195=EDGE_LOOP('',(#5025,#5026,#5027,#5028,#5029,#5030,#5031));
#2196=EDGE_LOOP('',(#5032,#5033,#5034,#5035));
#2197=EDGE_LOOP('',(#5036,#5037,#5038,#5039));
#2198=EDGE_LOOP('',(#5040,#5041,#5042,#5043));
#2199=EDGE_LOOP('',(#5044,#5045,#5046,#5047,#5048,#5049,#5050));
#2200=EDGE_LOOP('',(#5051,#5052,#5053,#5054,#5055,#5056,#5057));
#2201=EDGE_LOOP('',(#5058,#5059,#5060,#5061));
#2202=EDGE_LOOP('',(#5062,#5063,#5064,#5065));
#2203=EDGE_LOOP('',(#5066,#5067,#5068,#5069));
#2204=EDGE_LOOP('',(#5070,#5071,#5072,#5073,#5074,#5075,#5076));
#2205=EDGE_LOOP('',(#5077,#5078,#5079,#5080,#5081,#5082,#5083));
#2206=EDGE_LOOP('',(#5084,#5085,#5086,#5087));
#2207=EDGE_LOOP('',(#5088,#5089,#5090,#5091));
#2208=EDGE_LOOP('',(#5092,#5093,#5094,#5095));
#2209=EDGE_LOOP('',(#5096,#5097,#5098,#5099,#5100,#5101,#5102));
#2210=EDGE_LOOP('',(#5103,#5104,#5105,#5106));
#2211=EDGE_LOOP('',(#5107,#5108,#5109,#5110));
#2212=EDGE_LOOP('',(#5111,#5112,#5113,#5114));
#2213=ORIENTED_EDGE('',*,*,#5775,.F.);
#2214=ORIENTED_EDGE('',*,*,#7166,.F.);
#2215=ORIENTED_EDGE('',*,*,#5837,.T.);
#2216=ORIENTED_EDGE('',*,*,#7149,.T.);
#2217=ORIENTED_EDGE('',*,*,#7155,.F.);
#2218=ORIENTED_EDGE('',*,*,#6028,.T.);
#2219=ORIENTED_EDGE('',*,*,#7139,.T.);
#2220=ORIENTED_EDGE('',*,*,#5966,.F.);
#2221=ORIENTED_EDGE('',*,*,#5716,.F.);
#2222=ORIENTED_EDGE('',*,*,#5966,.T.);
#2223=ORIENTED_EDGE('',*,*,#5717,.T.);
#2224=ORIENTED_EDGE('',*,*,#5837,.F.);
#2225=ORIENTED_EDGE('',*,*,#5776,.F.);
#2226=ORIENTED_EDGE('',*,*,#7154,.F.);
#2227=ORIENTED_EDGE('',*,*,#5838,.T.);
#2228=ORIENTED_EDGE('',*,*,#7133,.T.);
#2229=ORIENTED_EDGE('',*,*,#7140,.F.);
#2230=ORIENTED_EDGE('',*,*,#6029,.T.);
#2231=ORIENTED_EDGE('',*,*,#7123,.T.);
#2232=ORIENTED_EDGE('',*,*,#5967,.F.);
#2233=ORIENTED_EDGE('',*,*,#5718,.F.);
#2234=ORIENTED_EDGE('',*,*,#5967,.T.);
#2235=ORIENTED_EDGE('',*,*,#5719,.T.);
#2236=ORIENTED_EDGE('',*,*,#5838,.F.);
#2237=ORIENTED_EDGE('',*,*,#5777,.F.);
#2238=ORIENTED_EDGE('',*,*,#7138,.F.);
#2239=ORIENTED_EDGE('',*,*,#5839,.T.);
#2240=ORIENTED_EDGE('',*,*,#7117,.T.);
#2241=ORIENTED_EDGE('',*,*,#7124,.F.);
#2242=ORIENTED_EDGE('',*,*,#6030,.T.);
#2243=ORIENTED_EDGE('',*,*,#7107,.T.);
#2244=ORIENTED_EDGE('',*,*,#5968,.F.);
#2245=ORIENTED_EDGE('',*,*,#5720,.F.);
#2246=ORIENTED_EDGE('',*,*,#5968,.T.);
#2247=ORIENTED_EDGE('',*,*,#5721,.T.);
#2248=ORIENTED_EDGE('',*,*,#5839,.F.);
#2249=ORIENTED_EDGE('',*,*,#5778,.F.);
#2250=ORIENTED_EDGE('',*,*,#7122,.F.);
#2251=ORIENTED_EDGE('',*,*,#5840,.T.);
#2252=ORIENTED_EDGE('',*,*,#7101,.T.);
#2253=ORIENTED_EDGE('',*,*,#7108,.F.);
#2254=ORIENTED_EDGE('',*,*,#6031,.T.);
#2255=ORIENTED_EDGE('',*,*,#7091,.T.);
#2256=ORIENTED_EDGE('',*,*,#5969,.F.);
#2257=ORIENTED_EDGE('',*,*,#5722,.F.);
#2258=ORIENTED_EDGE('',*,*,#5969,.T.);
#2259=ORIENTED_EDGE('',*,*,#5723,.T.);
#2260=ORIENTED_EDGE('',*,*,#5840,.F.);
#2261=ORIENTED_EDGE('',*,*,#5779,.F.);
#2262=ORIENTED_EDGE('',*,*,#7106,.F.);
#2263=ORIENTED_EDGE('',*,*,#5841,.T.);
#2264=ORIENTED_EDGE('',*,*,#7085,.T.);
#2265=ORIENTED_EDGE('',*,*,#7092,.F.);
#2266=ORIENTED_EDGE('',*,*,#6032,.T.);
#2267=ORIENTED_EDGE('',*,*,#7075,.T.);
#2268=ORIENTED_EDGE('',*,*,#5970,.F.);
#2269=ORIENTED_EDGE('',*,*,#5724,.F.);
#2270=ORIENTED_EDGE('',*,*,#5970,.T.);
#2271=ORIENTED_EDGE('',*,*,#5725,.T.);
#2272=ORIENTED_EDGE('',*,*,#5841,.F.);
#2273=ORIENTED_EDGE('',*,*,#5780,.F.);
#2274=ORIENTED_EDGE('',*,*,#7090,.F.);
#2275=ORIENTED_EDGE('',*,*,#5842,.T.);
#2276=ORIENTED_EDGE('',*,*,#7069,.T.);
#2277=ORIENTED_EDGE('',*,*,#7076,.F.);
#2278=ORIENTED_EDGE('',*,*,#6033,.T.);
#2279=ORIENTED_EDGE('',*,*,#7059,.T.);
#2280=ORIENTED_EDGE('',*,*,#5971,.F.);
#2281=ORIENTED_EDGE('',*,*,#5726,.F.);
#2282=ORIENTED_EDGE('',*,*,#5971,.T.);
#2283=ORIENTED_EDGE('',*,*,#5727,.T.);
#2284=ORIENTED_EDGE('',*,*,#5842,.F.);
#2285=ORIENTED_EDGE('',*,*,#5781,.F.);
#2286=ORIENTED_EDGE('',*,*,#7074,.F.);
#2287=ORIENTED_EDGE('',*,*,#5843,.T.);
#2288=ORIENTED_EDGE('',*,*,#7053,.T.);
#2289=ORIENTED_EDGE('',*,*,#7060,.F.);
#2290=ORIENTED_EDGE('',*,*,#6034,.T.);
#2291=ORIENTED_EDGE('',*,*,#7043,.T.);
#2292=ORIENTED_EDGE('',*,*,#5972,.F.);
#2293=ORIENTED_EDGE('',*,*,#5728,.F.);
#2294=ORIENTED_EDGE('',*,*,#5972,.T.);
#2295=ORIENTED_EDGE('',*,*,#5729,.T.);
#2296=ORIENTED_EDGE('',*,*,#5843,.F.);
#2297=ORIENTED_EDGE('',*,*,#5782,.F.);
#2298=ORIENTED_EDGE('',*,*,#7058,.F.);
#2299=ORIENTED_EDGE('',*,*,#5844,.T.);
#2300=ORIENTED_EDGE('',*,*,#7037,.T.);
#2301=ORIENTED_EDGE('',*,*,#7044,.F.);
#2302=ORIENTED_EDGE('',*,*,#6035,.T.);
#2303=ORIENTED_EDGE('',*,*,#7027,.T.);
#2304=ORIENTED_EDGE('',*,*,#5973,.F.);
#2305=ORIENTED_EDGE('',*,*,#5730,.F.);
#2306=ORIENTED_EDGE('',*,*,#5973,.T.);
#2307=ORIENTED_EDGE('',*,*,#5731,.T.);
#2308=ORIENTED_EDGE('',*,*,#5844,.F.);
#2309=ORIENTED_EDGE('',*,*,#5783,.F.);
#2310=ORIENTED_EDGE('',*,*,#7042,.F.);
#2311=ORIENTED_EDGE('',*,*,#5845,.T.);
#2312=ORIENTED_EDGE('',*,*,#7021,.T.);
#2313=ORIENTED_EDGE('',*,*,#7028,.F.);
#2314=ORIENTED_EDGE('',*,*,#6036,.T.);
#2315=ORIENTED_EDGE('',*,*,#7011,.T.);
#2316=ORIENTED_EDGE('',*,*,#5974,.F.);
#2317=ORIENTED_EDGE('',*,*,#5732,.F.);
#2318=ORIENTED_EDGE('',*,*,#5974,.T.);
#2319=ORIENTED_EDGE('',*,*,#5733,.T.);
#2320=ORIENTED_EDGE('',*,*,#5845,.F.);
#2321=ORIENTED_EDGE('',*,*,#5784,.F.);
#2322=ORIENTED_EDGE('',*,*,#7026,.F.);
#2323=ORIENTED_EDGE('',*,*,#5846,.T.);
#2324=ORIENTED_EDGE('',*,*,#7005,.T.);
#2325=ORIENTED_EDGE('',*,*,#7012,.F.);
#2326=ORIENTED_EDGE('',*,*,#6037,.T.);
#2327=ORIENTED_EDGE('',*,*,#6995,.T.);
#2328=ORIENTED_EDGE('',*,*,#5975,.F.);
#2329=ORIENTED_EDGE('',*,*,#5734,.F.);
#2330=ORIENTED_EDGE('',*,*,#5975,.T.);
#2331=ORIENTED_EDGE('',*,*,#5735,.T.);
#2332=ORIENTED_EDGE('',*,*,#5846,.F.);
#2333=ORIENTED_EDGE('',*,*,#5785,.F.);
#2334=ORIENTED_EDGE('',*,*,#7010,.F.);
#2335=ORIENTED_EDGE('',*,*,#5847,.T.);
#2336=ORIENTED_EDGE('',*,*,#6989,.T.);
#2337=ORIENTED_EDGE('',*,*,#6996,.F.);
#2338=ORIENTED_EDGE('',*,*,#6038,.T.);
#2339=ORIENTED_EDGE('',*,*,#6979,.T.);
#2340=ORIENTED_EDGE('',*,*,#5976,.F.);
#2341=ORIENTED_EDGE('',*,*,#5736,.F.);
#2342=ORIENTED_EDGE('',*,*,#5976,.T.);
#2343=ORIENTED_EDGE('',*,*,#5737,.T.);
#2344=ORIENTED_EDGE('',*,*,#5847,.F.);
#2345=ORIENTED_EDGE('',*,*,#5786,.F.);
#2346=ORIENTED_EDGE('',*,*,#6994,.F.);
#2347=ORIENTED_EDGE('',*,*,#5848,.T.);
#2348=ORIENTED_EDGE('',*,*,#6955,.T.);
#2349=ORIENTED_EDGE('',*,*,#6980,.F.);
#2350=ORIENTED_EDGE('',*,*,#6039,.T.);
#2351=ORIENTED_EDGE('',*,*,#6945,.T.);
#2352=ORIENTED_EDGE('',*,*,#5977,.F.);
#2353=ORIENTED_EDGE('',*,*,#5738,.F.);
#2354=ORIENTED_EDGE('',*,*,#5977,.T.);
#2355=ORIENTED_EDGE('',*,*,#5739,.T.);
#2356=ORIENTED_EDGE('',*,*,#5848,.F.);
#2357=ORIENTED_EDGE('',*,*,#5797,.F.);
#2358=ORIENTED_EDGE('',*,*,#6978,.F.);
#2359=ORIENTED_EDGE('',*,*,#5859,.T.);
#2360=ORIENTED_EDGE('',*,*,#6939,.T.);
#2361=ORIENTED_EDGE('',*,*,#6963,.F.);
#2362=ORIENTED_EDGE('',*,*,#6050,.T.);
#2363=ORIENTED_EDGE('',*,*,#6927,.T.);
#2364=ORIENTED_EDGE('',*,*,#5988,.F.);
#2365=ORIENTED_EDGE('',*,*,#6964,.F.);
#2366=ORIENTED_EDGE('',*,*,#5988,.T.);
#2367=ORIENTED_EDGE('',*,*,#6928,.T.);
#2368=ORIENTED_EDGE('',*,*,#5859,.F.);
#2369=ORIENTED_EDGE('',*,*,#5787,.F.);
#2370=ORIENTED_EDGE('',*,*,#6960,.F.);
#2371=ORIENTED_EDGE('',*,*,#5849,.T.);
#2372=ORIENTED_EDGE('',*,*,#6903,.T.);
#2373=ORIENTED_EDGE('',*,*,#6946,.F.);
#2374=ORIENTED_EDGE('',*,*,#6040,.T.);
#2375=ORIENTED_EDGE('',*,*,#6893,.T.);
#2376=ORIENTED_EDGE('',*,*,#5978,.F.);
#2377=ORIENTED_EDGE('',*,*,#5740,.F.);
#2378=ORIENTED_EDGE('',*,*,#5978,.T.);
#2379=ORIENTED_EDGE('',*,*,#5741,.T.);
#2380=ORIENTED_EDGE('',*,*,#5849,.F.);
#2381=ORIENTED_EDGE('',*,*,#5798,.F.);
#2382=ORIENTED_EDGE('',*,*,#6944,.F.);
#2383=ORIENTED_EDGE('',*,*,#5860,.T.);
#2384=ORIENTED_EDGE('',*,*,#6921,.T.);
#2385=ORIENTED_EDGE('',*,*,#6929,.F.);
#2386=ORIENTED_EDGE('',*,*,#6051,.T.);
#2387=ORIENTED_EDGE('',*,*,#6909,.T.);
#2388=ORIENTED_EDGE('',*,*,#5989,.F.);
#2389=ORIENTED_EDGE('',*,*,#6930,.F.);
#2390=ORIENTED_EDGE('',*,*,#5989,.T.);
#2391=ORIENTED_EDGE('',*,*,#6910,.T.);
#2392=ORIENTED_EDGE('',*,*,#5860,.F.);
#2393=ORIENTED_EDGE('',*,*,#5799,.F.);
#2394=ORIENTED_EDGE('',*,*,#6926,.F.);
#2395=ORIENTED_EDGE('',*,*,#5861,.T.);
#2396=ORIENTED_EDGE('',*,*,#6887,.T.);
#2397=ORIENTED_EDGE('',*,*,#6911,.F.);
#2398=ORIENTED_EDGE('',*,*,#6052,.T.);
#2399=ORIENTED_EDGE('',*,*,#6875,.T.);
#2400=ORIENTED_EDGE('',*,*,#5990,.F.);
#2401=ORIENTED_EDGE('',*,*,#6912,.F.);
#2402=ORIENTED_EDGE('',*,*,#5990,.T.);
#2403=ORIENTED_EDGE('',*,*,#6876,.T.);
#2404=ORIENTED_EDGE('',*,*,#5861,.F.);
#2405=ORIENTED_EDGE('',*,*,#5788,.F.);
#2406=ORIENTED_EDGE('',*,*,#6908,.F.);
#2407=ORIENTED_EDGE('',*,*,#5850,.T.);
#2408=ORIENTED_EDGE('',*,*,#6851,.T.);
#2409=ORIENTED_EDGE('',*,*,#6894,.F.);
#2410=ORIENTED_EDGE('',*,*,#6041,.T.);
#2411=ORIENTED_EDGE('',*,*,#6841,.T.);
#2412=ORIENTED_EDGE('',*,*,#5979,.F.);
#2413=ORIENTED_EDGE('',*,*,#5742,.F.);
#2414=ORIENTED_EDGE('',*,*,#5979,.T.);
#2415=ORIENTED_EDGE('',*,*,#5743,.T.);
#2416=ORIENTED_EDGE('',*,*,#5850,.F.);
#2417=ORIENTED_EDGE('',*,*,#5800,.F.);
#2418=ORIENTED_EDGE('',*,*,#6892,.F.);
#2419=ORIENTED_EDGE('',*,*,#5862,.T.);
#2420=ORIENTED_EDGE('',*,*,#6869,.T.);
#2421=ORIENTED_EDGE('',*,*,#6877,.F.);
#2422=ORIENTED_EDGE('',*,*,#6053,.T.);
#2423=ORIENTED_EDGE('',*,*,#6857,.T.);
#2424=ORIENTED_EDGE('',*,*,#5991,.F.);
#2425=ORIENTED_EDGE('',*,*,#6878,.F.);
#2426=ORIENTED_EDGE('',*,*,#5991,.T.);
#2427=ORIENTED_EDGE('',*,*,#6858,.T.);
#2428=ORIENTED_EDGE('',*,*,#5862,.F.);
#2429=ORIENTED_EDGE('',*,*,#5801,.F.);
#2430=ORIENTED_EDGE('',*,*,#6874,.F.);
#2431=ORIENTED_EDGE('',*,*,#5863,.T.);
#2432=ORIENTED_EDGE('',*,*,#6835,.T.);
#2433=ORIENTED_EDGE('',*,*,#6859,.F.);
#2434=ORIENTED_EDGE('',*,*,#6054,.T.);
#2435=ORIENTED_EDGE('',*,*,#6823,.T.);
#2436=ORIENTED_EDGE('',*,*,#5992,.F.);
#2437=ORIENTED_EDGE('',*,*,#6860,.F.);
#2438=ORIENTED_EDGE('',*,*,#5992,.T.);
#2439=ORIENTED_EDGE('',*,*,#6824,.T.);
#2440=ORIENTED_EDGE('',*,*,#5863,.F.);
#2441=ORIENTED_EDGE('',*,*,#5789,.F.);
#2442=ORIENTED_EDGE('',*,*,#6856,.F.);
#2443=ORIENTED_EDGE('',*,*,#5851,.T.);
#2444=ORIENTED_EDGE('',*,*,#6799,.T.);
#2445=ORIENTED_EDGE('',*,*,#6842,.F.);
#2446=ORIENTED_EDGE('',*,*,#6042,.T.);
#2447=ORIENTED_EDGE('',*,*,#6789,.T.);
#2448=ORIENTED_EDGE('',*,*,#5980,.F.);
#2449=ORIENTED_EDGE('',*,*,#5744,.F.);
#2450=ORIENTED_EDGE('',*,*,#5980,.T.);
#2451=ORIENTED_EDGE('',*,*,#5745,.T.);
#2452=ORIENTED_EDGE('',*,*,#5851,.F.);
#2453=ORIENTED_EDGE('',*,*,#5802,.F.);
#2454=ORIENTED_EDGE('',*,*,#6840,.F.);
#2455=ORIENTED_EDGE('',*,*,#5864,.T.);
#2456=ORIENTED_EDGE('',*,*,#6817,.T.);
#2457=ORIENTED_EDGE('',*,*,#6825,.F.);
#2458=ORIENTED_EDGE('',*,*,#6055,.T.);
#2459=ORIENTED_EDGE('',*,*,#6805,.T.);
#2460=ORIENTED_EDGE('',*,*,#5993,.F.);
#2461=ORIENTED_EDGE('',*,*,#6826,.F.);
#2462=ORIENTED_EDGE('',*,*,#5993,.T.);
#2463=ORIENTED_EDGE('',*,*,#6806,.T.);
#2464=ORIENTED_EDGE('',*,*,#5864,.F.);
#2465=ORIENTED_EDGE('',*,*,#5803,.F.);
#2466=ORIENTED_EDGE('',*,*,#6822,.F.);
#2467=ORIENTED_EDGE('',*,*,#5865,.T.);
#2468=ORIENTED_EDGE('',*,*,#6783,.T.);
#2469=ORIENTED_EDGE('',*,*,#6807,.F.);
#2470=ORIENTED_EDGE('',*,*,#6056,.T.);
#2471=ORIENTED_EDGE('',*,*,#6771,.T.);
#2472=ORIENTED_EDGE('',*,*,#5994,.F.);
#2473=ORIENTED_EDGE('',*,*,#6808,.F.);
#2474=ORIENTED_EDGE('',*,*,#5994,.T.);
#2475=ORIENTED_EDGE('',*,*,#6772,.T.);
#2476=ORIENTED_EDGE('',*,*,#5865,.F.);
#2477=ORIENTED_EDGE('',*,*,#5790,.F.);
#2478=ORIENTED_EDGE('',*,*,#6804,.F.);
#2479=ORIENTED_EDGE('',*,*,#5852,.T.);
#2480=ORIENTED_EDGE('',*,*,#6747,.T.);
#2481=ORIENTED_EDGE('',*,*,#6790,.F.);
#2482=ORIENTED_EDGE('',*,*,#6043,.T.);
#2483=ORIENTED_EDGE('',*,*,#6737,.T.);
#2484=ORIENTED_EDGE('',*,*,#5981,.F.);
#2485=ORIENTED_EDGE('',*,*,#5746,.F.);
#2486=ORIENTED_EDGE('',*,*,#5981,.T.);
#2487=ORIENTED_EDGE('',*,*,#5747,.T.);
#2488=ORIENTED_EDGE('',*,*,#5852,.F.);
#2489=ORIENTED_EDGE('',*,*,#5804,.F.);
#2490=ORIENTED_EDGE('',*,*,#6788,.F.);
#2491=ORIENTED_EDGE('',*,*,#5866,.T.);
#2492=ORIENTED_EDGE('',*,*,#6765,.T.);
#2493=ORIENTED_EDGE('',*,*,#6773,.F.);
#2494=ORIENTED_EDGE('',*,*,#6057,.T.);
#2495=ORIENTED_EDGE('',*,*,#6753,.T.);
#2496=ORIENTED_EDGE('',*,*,#5995,.F.);
#2497=ORIENTED_EDGE('',*,*,#6774,.F.);
#2498=ORIENTED_EDGE('',*,*,#5995,.T.);
#2499=ORIENTED_EDGE('',*,*,#6754,.T.);
#2500=ORIENTED_EDGE('',*,*,#5866,.F.);
#2501=ORIENTED_EDGE('',*,*,#5805,.F.);
#2502=ORIENTED_EDGE('',*,*,#6770,.F.);
#2503=ORIENTED_EDGE('',*,*,#5867,.T.);
#2504=ORIENTED_EDGE('',*,*,#6731,.T.);
#2505=ORIENTED_EDGE('',*,*,#6755,.F.);
#2506=ORIENTED_EDGE('',*,*,#6058,.T.);
#2507=ORIENTED_EDGE('',*,*,#6719,.T.);
#2508=ORIENTED_EDGE('',*,*,#5996,.F.);
#2509=ORIENTED_EDGE('',*,*,#6756,.F.);
#2510=ORIENTED_EDGE('',*,*,#5996,.T.);
#2511=ORIENTED_EDGE('',*,*,#6720,.T.);
#2512=ORIENTED_EDGE('',*,*,#5867,.F.);
#2513=ORIENTED_EDGE('',*,*,#5791,.F.);
#2514=ORIENTED_EDGE('',*,*,#6752,.F.);
#2515=ORIENTED_EDGE('',*,*,#5853,.T.);
#2516=ORIENTED_EDGE('',*,*,#6659,.T.);
#2517=ORIENTED_EDGE('',*,*,#6738,.F.);
#2518=ORIENTED_EDGE('',*,*,#6044,.T.);
#2519=ORIENTED_EDGE('',*,*,#6649,.T.);
#2520=ORIENTED_EDGE('',*,*,#5982,.F.);
#2521=ORIENTED_EDGE('',*,*,#5748,.F.);
#2522=ORIENTED_EDGE('',*,*,#5982,.T.);
#2523=ORIENTED_EDGE('',*,*,#5749,.T.);
#2524=ORIENTED_EDGE('',*,*,#5853,.F.);
#2525=ORIENTED_EDGE('',*,*,#5806,.F.);
#2526=ORIENTED_EDGE('',*,*,#6736,.F.);
#2527=ORIENTED_EDGE('',*,*,#5868,.T.);
#2528=ORIENTED_EDGE('',*,*,#6695,.T.);
#2529=ORIENTED_EDGE('',*,*,#6721,.F.);
#2530=ORIENTED_EDGE('',*,*,#6059,.T.);
#2531=ORIENTED_EDGE('',*,*,#6683,.T.);
#2532=ORIENTED_EDGE('',*,*,#5997,.F.);
#2533=ORIENTED_EDGE('',*,*,#6722,.F.);
#2534=ORIENTED_EDGE('',*,*,#5997,.T.);
#2535=ORIENTED_EDGE('',*,*,#6684,.T.);
#2536=ORIENTED_EDGE('',*,*,#5868,.F.);
#2537=ORIENTED_EDGE('',*,*,#5817,.F.);
#2538=ORIENTED_EDGE('',*,*,#6718,.F.);
#2539=ORIENTED_EDGE('',*,*,#5879,.T.);
#2540=ORIENTED_EDGE('',*,*,#6677,.T.);
#2541=ORIENTED_EDGE('',*,*,#6703,.F.);
#2542=ORIENTED_EDGE('',*,*,#6070,.T.);
#2543=ORIENTED_EDGE('',*,*,#6665,.T.);
#2544=ORIENTED_EDGE('',*,*,#6008,.F.);
#2545=ORIENTED_EDGE('',*,*,#6704,.F.);
#2546=ORIENTED_EDGE('',*,*,#6008,.T.);
#2547=ORIENTED_EDGE('',*,*,#6666,.T.);
#2548=ORIENTED_EDGE('',*,*,#5879,.F.);
#2549=ORIENTED_EDGE('',*,*,#5807,.F.);
#2550=ORIENTED_EDGE('',*,*,#6700,.F.);
#2551=ORIENTED_EDGE('',*,*,#5869,.T.);
#2552=ORIENTED_EDGE('',*,*,#6625,.T.);
#2553=ORIENTED_EDGE('',*,*,#6685,.F.);
#2554=ORIENTED_EDGE('',*,*,#6060,.T.);
#2555=ORIENTED_EDGE('',*,*,#6613,.T.);
#2556=ORIENTED_EDGE('',*,*,#5998,.F.);
#2557=ORIENTED_EDGE('',*,*,#6686,.F.);
#2558=ORIENTED_EDGE('',*,*,#5998,.T.);
#2559=ORIENTED_EDGE('',*,*,#6614,.T.);
#2560=ORIENTED_EDGE('',*,*,#5869,.F.);
#2561=ORIENTED_EDGE('',*,*,#5818,.F.);
#2562=ORIENTED_EDGE('',*,*,#6682,.F.);
#2563=ORIENTED_EDGE('',*,*,#5880,.T.);
#2564=ORIENTED_EDGE('',*,*,#6643,.T.);
#2565=ORIENTED_EDGE('',*,*,#6667,.F.);
#2566=ORIENTED_EDGE('',*,*,#6071,.T.);
#2567=ORIENTED_EDGE('',*,*,#6631,.T.);
#2568=ORIENTED_EDGE('',*,*,#6009,.F.);
#2569=ORIENTED_EDGE('',*,*,#6668,.F.);
#2570=ORIENTED_EDGE('',*,*,#6009,.T.);
#2571=ORIENTED_EDGE('',*,*,#6632,.T.);
#2572=ORIENTED_EDGE('',*,*,#5880,.F.);
#2573=ORIENTED_EDGE('',*,*,#5792,.F.);
#2574=ORIENTED_EDGE('',*,*,#6664,.F.);
#2575=ORIENTED_EDGE('',*,*,#5854,.T.);
#2576=ORIENTED_EDGE('',*,*,#6535,.T.);
#2577=ORIENTED_EDGE('',*,*,#6650,.F.);
#2578=ORIENTED_EDGE('',*,*,#6045,.T.);
#2579=ORIENTED_EDGE('',*,*,#6525,.T.);
#2580=ORIENTED_EDGE('',*,*,#5983,.F.);
#2581=ORIENTED_EDGE('',*,*,#5750,.F.);
#2582=ORIENTED_EDGE('',*,*,#5983,.T.);
#2583=ORIENTED_EDGE('',*,*,#5751,.T.);
#2584=ORIENTED_EDGE('',*,*,#5854,.F.);
#2585=ORIENTED_EDGE('',*,*,#5819,.F.);
#2586=ORIENTED_EDGE('',*,*,#6648,.F.);
#2587=ORIENTED_EDGE('',*,*,#5881,.T.);
#2588=ORIENTED_EDGE('',*,*,#6607,.T.);
#2589=ORIENTED_EDGE('',*,*,#6633,.F.);
#2590=ORIENTED_EDGE('',*,*,#6072,.T.);
#2591=ORIENTED_EDGE('',*,*,#6595,.T.);
#2592=ORIENTED_EDGE('',*,*,#6010,.F.);
#2593=ORIENTED_EDGE('',*,*,#6634,.F.);
#2594=ORIENTED_EDGE('',*,*,#6010,.T.);
#2595=ORIENTED_EDGE('',*,*,#6596,.T.);
#2596=ORIENTED_EDGE('',*,*,#5881,.F.);
#2597=ORIENTED_EDGE('',*,*,#5808,.F.);
#2598=ORIENTED_EDGE('',*,*,#6630,.F.);
#2599=ORIENTED_EDGE('',*,*,#5870,.T.);
#2600=ORIENTED_EDGE('',*,*,#6571,.T.);
#2601=ORIENTED_EDGE('',*,*,#6615,.F.);
#2602=ORIENTED_EDGE('',*,*,#6061,.T.);
#2603=ORIENTED_EDGE('',*,*,#6559,.T.);
#2604=ORIENTED_EDGE('',*,*,#5999,.F.);
#2605=ORIENTED_EDGE('',*,*,#6616,.F.);
#2606=ORIENTED_EDGE('',*,*,#5999,.T.);
#2607=ORIENTED_EDGE('',*,*,#6560,.T.);
#2608=ORIENTED_EDGE('',*,*,#5870,.F.);
#2609=ORIENTED_EDGE('',*,*,#5820,.F.);
#2610=ORIENTED_EDGE('',*,*,#6612,.F.);
#2611=ORIENTED_EDGE('',*,*,#5882,.T.);
#2612=ORIENTED_EDGE('',*,*,#6589,.T.);
#2613=ORIENTED_EDGE('',*,*,#6597,.F.);
#2614=ORIENTED_EDGE('',*,*,#6073,.T.);
#2615=ORIENTED_EDGE('',*,*,#6577,.T.);
#2616=ORIENTED_EDGE('',*,*,#6011,.F.);
#2617=ORIENTED_EDGE('',*,*,#6598,.F.);
#2618=ORIENTED_EDGE('',*,*,#6011,.T.);
#2619=ORIENTED_EDGE('',*,*,#6578,.T.);
#2620=ORIENTED_EDGE('',*,*,#5882,.F.);
#2621=ORIENTED_EDGE('',*,*,#5821,.F.);
#2622=ORIENTED_EDGE('',*,*,#6594,.F.);
#2623=ORIENTED_EDGE('',*,*,#5883,.T.);
#2624=ORIENTED_EDGE('',*,*,#6553,.T.);
#2625=ORIENTED_EDGE('',*,*,#6579,.F.);
#2626=ORIENTED_EDGE('',*,*,#6074,.T.);
#2627=ORIENTED_EDGE('',*,*,#6541,.T.);
#2628=ORIENTED_EDGE('',*,*,#6012,.F.);
#2629=ORIENTED_EDGE('',*,*,#6580,.F.);
#2630=ORIENTED_EDGE('',*,*,#6012,.T.);
#2631=ORIENTED_EDGE('',*,*,#6542,.T.);
#2632=ORIENTED_EDGE('',*,*,#5883,.F.);
#2633=ORIENTED_EDGE('',*,*,#5809,.F.);
#2634=ORIENTED_EDGE('',*,*,#6576,.F.);
#2635=ORIENTED_EDGE('',*,*,#5871,.T.);
#2636=ORIENTED_EDGE('',*,*,#6501,.T.);
#2637=ORIENTED_EDGE('',*,*,#6561,.F.);
#2638=ORIENTED_EDGE('',*,*,#6062,.T.);
#2639=ORIENTED_EDGE('',*,*,#6489,.T.);
#2640=ORIENTED_EDGE('',*,*,#6000,.F.);
#2641=ORIENTED_EDGE('',*,*,#6562,.F.);
#2642=ORIENTED_EDGE('',*,*,#6000,.T.);
#2643=ORIENTED_EDGE('',*,*,#6490,.T.);
#2644=ORIENTED_EDGE('',*,*,#5871,.F.);
#2645=ORIENTED_EDGE('',*,*,#5822,.F.);
#2646=ORIENTED_EDGE('',*,*,#6558,.F.);
#2647=ORIENTED_EDGE('',*,*,#5884,.T.);
#2648=ORIENTED_EDGE('',*,*,#6519,.T.);
#2649=ORIENTED_EDGE('',*,*,#6543,.F.);
#2650=ORIENTED_EDGE('',*,*,#6075,.T.);
#2651=ORIENTED_EDGE('',*,*,#6507,.T.);
#2652=ORIENTED_EDGE('',*,*,#6013,.F.);
#2653=ORIENTED_EDGE('',*,*,#6544,.F.);
#2654=ORIENTED_EDGE('',*,*,#6013,.T.);
#2655=ORIENTED_EDGE('',*,*,#6508,.T.);
#2656=ORIENTED_EDGE('',*,*,#5884,.F.);
#2657=ORIENTED_EDGE('',*,*,#5793,.F.);
#2658=ORIENTED_EDGE('',*,*,#6540,.F.);
#2659=ORIENTED_EDGE('',*,*,#5855,.T.);
#2660=ORIENTED_EDGE('',*,*,#6411,.T.);
#2661=ORIENTED_EDGE('',*,*,#6526,.F.);
#2662=ORIENTED_EDGE('',*,*,#6046,.T.);
#2663=ORIENTED_EDGE('',*,*,#6401,.T.);
#2664=ORIENTED_EDGE('',*,*,#5984,.F.);
#2665=ORIENTED_EDGE('',*,*,#5752,.F.);
#2666=ORIENTED_EDGE('',*,*,#5984,.T.);
#2667=ORIENTED_EDGE('',*,*,#5753,.T.);
#2668=ORIENTED_EDGE('',*,*,#5855,.F.);
#2669=ORIENTED_EDGE('',*,*,#5823,.F.);
#2670=ORIENTED_EDGE('',*,*,#6524,.F.);
#2671=ORIENTED_EDGE('',*,*,#5885,.T.);
#2672=ORIENTED_EDGE('',*,*,#6483,.T.);
#2673=ORIENTED_EDGE('',*,*,#6509,.F.);
#2674=ORIENTED_EDGE('',*,*,#6076,.T.);
#2675=ORIENTED_EDGE('',*,*,#6471,.T.);
#2676=ORIENTED_EDGE('',*,*,#6014,.F.);
#2677=ORIENTED_EDGE('',*,*,#6510,.F.);
#2678=ORIENTED_EDGE('',*,*,#6014,.T.);
#2679=ORIENTED_EDGE('',*,*,#6472,.T.);
#2680=ORIENTED_EDGE('',*,*,#5885,.F.);
#2681=ORIENTED_EDGE('',*,*,#5810,.F.);
#2682=ORIENTED_EDGE('',*,*,#6506,.F.);
#2683=ORIENTED_EDGE('',*,*,#5872,.T.);
#2684=ORIENTED_EDGE('',*,*,#6447,.T.);
#2685=ORIENTED_EDGE('',*,*,#6491,.F.);
#2686=ORIENTED_EDGE('',*,*,#6063,.T.);
#2687=ORIENTED_EDGE('',*,*,#6435,.T.);
#2688=ORIENTED_EDGE('',*,*,#6001,.F.);
#2689=ORIENTED_EDGE('',*,*,#6492,.F.);
#2690=ORIENTED_EDGE('',*,*,#6001,.T.);
#2691=ORIENTED_EDGE('',*,*,#6436,.T.);
#2692=ORIENTED_EDGE('',*,*,#5872,.F.);
#2693=ORIENTED_EDGE('',*,*,#5824,.F.);
#2694=ORIENTED_EDGE('',*,*,#6488,.F.);
#2695=ORIENTED_EDGE('',*,*,#5886,.T.);
#2696=ORIENTED_EDGE('',*,*,#6465,.T.);
#2697=ORIENTED_EDGE('',*,*,#6473,.F.);
#2698=ORIENTED_EDGE('',*,*,#6077,.T.);
#2699=ORIENTED_EDGE('',*,*,#6453,.T.);
#2700=ORIENTED_EDGE('',*,*,#6015,.F.);
#2701=ORIENTED_EDGE('',*,*,#6474,.F.);
#2702=ORIENTED_EDGE('',*,*,#6015,.T.);
#2703=ORIENTED_EDGE('',*,*,#6454,.T.);
#2704=ORIENTED_EDGE('',*,*,#5886,.F.);
#2705=ORIENTED_EDGE('',*,*,#5825,.F.);
#2706=ORIENTED_EDGE('',*,*,#6470,.F.);
#2707=ORIENTED_EDGE('',*,*,#5887,.T.);
#2708=ORIENTED_EDGE('',*,*,#6429,.T.);
#2709=ORIENTED_EDGE('',*,*,#6455,.F.);
#2710=ORIENTED_EDGE('',*,*,#6078,.T.);
#2711=ORIENTED_EDGE('',*,*,#6417,.T.);
#2712=ORIENTED_EDGE('',*,*,#6016,.F.);
#2713=ORIENTED_EDGE('',*,*,#6456,.F.);
#2714=ORIENTED_EDGE('',*,*,#6016,.T.);
#2715=ORIENTED_EDGE('',*,*,#6418,.T.);
#2716=ORIENTED_EDGE('',*,*,#5887,.F.);
#2717=ORIENTED_EDGE('',*,*,#5811,.F.);
#2718=ORIENTED_EDGE('',*,*,#6452,.F.);
#2719=ORIENTED_EDGE('',*,*,#5873,.T.);
#2720=ORIENTED_EDGE('',*,*,#6377,.T.);
#2721=ORIENTED_EDGE('',*,*,#6437,.F.);
#2722=ORIENTED_EDGE('',*,*,#6064,.T.);
#2723=ORIENTED_EDGE('',*,*,#6365,.T.);
#2724=ORIENTED_EDGE('',*,*,#6002,.F.);
#2725=ORIENTED_EDGE('',*,*,#6438,.F.);
#2726=ORIENTED_EDGE('',*,*,#6002,.T.);
#2727=ORIENTED_EDGE('',*,*,#6366,.T.);
#2728=ORIENTED_EDGE('',*,*,#5873,.F.);
#2729=ORIENTED_EDGE('',*,*,#5826,.F.);
#2730=ORIENTED_EDGE('',*,*,#6434,.F.);
#2731=ORIENTED_EDGE('',*,*,#5888,.T.);
#2732=ORIENTED_EDGE('',*,*,#6395,.T.);
#2733=ORIENTED_EDGE('',*,*,#6419,.F.);
#2734=ORIENTED_EDGE('',*,*,#6079,.T.);
#2735=ORIENTED_EDGE('',*,*,#6383,.T.);
#2736=ORIENTED_EDGE('',*,*,#6017,.F.);
#2737=ORIENTED_EDGE('',*,*,#6420,.F.);
#2738=ORIENTED_EDGE('',*,*,#6017,.T.);
#2739=ORIENTED_EDGE('',*,*,#6384,.T.);
#2740=ORIENTED_EDGE('',*,*,#5888,.F.);
#2741=ORIENTED_EDGE('',*,*,#5794,.F.);
#2742=ORIENTED_EDGE('',*,*,#6416,.F.);
#2743=ORIENTED_EDGE('',*,*,#5856,.T.);
#2744=ORIENTED_EDGE('',*,*,#6287,.T.);
#2745=ORIENTED_EDGE('',*,*,#6402,.F.);
#2746=ORIENTED_EDGE('',*,*,#6047,.T.);
#2747=ORIENTED_EDGE('',*,*,#6277,.T.);
#2748=ORIENTED_EDGE('',*,*,#5985,.F.);
#2749=ORIENTED_EDGE('',*,*,#5754,.F.);
#2750=ORIENTED_EDGE('',*,*,#5985,.T.);
#2751=ORIENTED_EDGE('',*,*,#5755,.T.);
#2752=ORIENTED_EDGE('',*,*,#5856,.F.);
#2753=ORIENTED_EDGE('',*,*,#5827,.F.);
#2754=ORIENTED_EDGE('',*,*,#6400,.F.);
#2755=ORIENTED_EDGE('',*,*,#5889,.T.);
#2756=ORIENTED_EDGE('',*,*,#6359,.T.);
#2757=ORIENTED_EDGE('',*,*,#6385,.F.);
#2758=ORIENTED_EDGE('',*,*,#6080,.T.);
#2759=ORIENTED_EDGE('',*,*,#6347,.T.);
#2760=ORIENTED_EDGE('',*,*,#6018,.F.);
#2761=ORIENTED_EDGE('',*,*,#6386,.F.);
#2762=ORIENTED_EDGE('',*,*,#6018,.T.);
#2763=ORIENTED_EDGE('',*,*,#6348,.T.);
#2764=ORIENTED_EDGE('',*,*,#5889,.F.);
#2765=ORIENTED_EDGE('',*,*,#5812,.F.);
#2766=ORIENTED_EDGE('',*,*,#6382,.F.);
#2767=ORIENTED_EDGE('',*,*,#5874,.T.);
#2768=ORIENTED_EDGE('',*,*,#6323,.T.);
#2769=ORIENTED_EDGE('',*,*,#6367,.F.);
#2770=ORIENTED_EDGE('',*,*,#6065,.T.);
#2771=ORIENTED_EDGE('',*,*,#6311,.T.);
#2772=ORIENTED_EDGE('',*,*,#6003,.F.);
#2773=ORIENTED_EDGE('',*,*,#6368,.F.);
#2774=ORIENTED_EDGE('',*,*,#6003,.T.);
#2775=ORIENTED_EDGE('',*,*,#6312,.T.);
#2776=ORIENTED_EDGE('',*,*,#5874,.F.);
#2777=ORIENTED_EDGE('',*,*,#5828,.F.);
#2778=ORIENTED_EDGE('',*,*,#6364,.F.);
#2779=ORIENTED_EDGE('',*,*,#5890,.T.);
#2780=ORIENTED_EDGE('',*,*,#6341,.T.);
#2781=ORIENTED_EDGE('',*,*,#6349,.F.);
#2782=ORIENTED_EDGE('',*,*,#6081,.T.);
#2783=ORIENTED_EDGE('',*,*,#6329,.T.);
#2784=ORIENTED_EDGE('',*,*,#6019,.F.);
#2785=ORIENTED_EDGE('',*,*,#6350,.F.);
#2786=ORIENTED_EDGE('',*,*,#6019,.T.);
#2787=ORIENTED_EDGE('',*,*,#6330,.T.);
#2788=ORIENTED_EDGE('',*,*,#5890,.F.);
#2789=ORIENTED_EDGE('',*,*,#5829,.F.);
#2790=ORIENTED_EDGE('',*,*,#6346,.F.);
#2791=ORIENTED_EDGE('',*,*,#5891,.T.);
#2792=ORIENTED_EDGE('',*,*,#6305,.T.);
#2793=ORIENTED_EDGE('',*,*,#6331,.F.);
#2794=ORIENTED_EDGE('',*,*,#6082,.T.);
#2795=ORIENTED_EDGE('',*,*,#6293,.T.);
#2796=ORIENTED_EDGE('',*,*,#6020,.F.);
#2797=ORIENTED_EDGE('',*,*,#6332,.F.);
#2798=ORIENTED_EDGE('',*,*,#6020,.T.);
#2799=ORIENTED_EDGE('',*,*,#6294,.T.);
#2800=ORIENTED_EDGE('',*,*,#5891,.F.);
#2801=ORIENTED_EDGE('',*,*,#5813,.F.);
#2802=ORIENTED_EDGE('',*,*,#6328,.F.);
#2803=ORIENTED_EDGE('',*,*,#5875,.T.);
#2804=ORIENTED_EDGE('',*,*,#6253,.T.);
#2805=ORIENTED_EDGE('',*,*,#6313,.F.);
#2806=ORIENTED_EDGE('',*,*,#6066,.T.);
#2807=ORIENTED_EDGE('',*,*,#6241,.T.);
#2808=ORIENTED_EDGE('',*,*,#6004,.F.);
#2809=ORIENTED_EDGE('',*,*,#6314,.F.);
#2810=ORIENTED_EDGE('',*,*,#6004,.T.);
#2811=ORIENTED_EDGE('',*,*,#6242,.T.);
#2812=ORIENTED_EDGE('',*,*,#5875,.F.);
#2813=ORIENTED_EDGE('',*,*,#5830,.F.);
#2814=ORIENTED_EDGE('',*,*,#6310,.F.);
#2815=ORIENTED_EDGE('',*,*,#5892,.T.);
#2816=ORIENTED_EDGE('',*,*,#6271,.T.);
#2817=ORIENTED_EDGE('',*,*,#6295,.F.);
#2818=ORIENTED_EDGE('',*,*,#6083,.T.);
#2819=ORIENTED_EDGE('',*,*,#6259,.T.);
#2820=ORIENTED_EDGE('',*,*,#6021,.F.);
#2821=ORIENTED_EDGE('',*,*,#6296,.F.);
#2822=ORIENTED_EDGE('',*,*,#6021,.T.);
#2823=ORIENTED_EDGE('',*,*,#6260,.T.);
#2824=ORIENTED_EDGE('',*,*,#5892,.F.);
#2825=ORIENTED_EDGE('',*,*,#5795,.F.);
#2826=ORIENTED_EDGE('',*,*,#6292,.F.);
#2827=ORIENTED_EDGE('',*,*,#5857,.T.);
#2828=ORIENTED_EDGE('',*,*,#6163,.T.);
#2829=ORIENTED_EDGE('',*,*,#6278,.F.);
#2830=ORIENTED_EDGE('',*,*,#6048,.T.);
#2831=ORIENTED_EDGE('',*,*,#6153,.T.);
#2832=ORIENTED_EDGE('',*,*,#5986,.F.);
#2833=ORIENTED_EDGE('',*,*,#5756,.F.);
#2834=ORIENTED_EDGE('',*,*,#5986,.T.);
#2835=ORIENTED_EDGE('',*,*,#5757,.T.);
#2836=ORIENTED_EDGE('',*,*,#5857,.F.);
#2837=ORIENTED_EDGE('',*,*,#5831,.F.);
#2838=ORIENTED_EDGE('',*,*,#6276,.F.);
#2839=ORIENTED_EDGE('',*,*,#5893,.T.);
#2840=ORIENTED_EDGE('',*,*,#6235,.T.);
#2841=ORIENTED_EDGE('',*,*,#6261,.F.);
#2842=ORIENTED_EDGE('',*,*,#6084,.T.);
#2843=ORIENTED_EDGE('',*,*,#6223,.T.);
#2844=ORIENTED_EDGE('',*,*,#6022,.F.);
#2845=ORIENTED_EDGE('',*,*,#6262,.F.);
#2846=ORIENTED_EDGE('',*,*,#6022,.T.);
#2847=ORIENTED_EDGE('',*,*,#6224,.T.);
#2848=ORIENTED_EDGE('',*,*,#5893,.F.);
#2849=ORIENTED_EDGE('',*,*,#5814,.F.);
#2850=ORIENTED_EDGE('',*,*,#6258,.F.);
#2851=ORIENTED_EDGE('',*,*,#5876,.T.);
#2852=ORIENTED_EDGE('',*,*,#6199,.T.);
#2853=ORIENTED_EDGE('',*,*,#6243,.F.);
#2854=ORIENTED_EDGE('',*,*,#6067,.T.);
#2855=ORIENTED_EDGE('',*,*,#6187,.T.);
#2856=ORIENTED_EDGE('',*,*,#6005,.F.);
#2857=ORIENTED_EDGE('',*,*,#6244,.F.);
#2858=ORIENTED_EDGE('',*,*,#6005,.T.);
#2859=ORIENTED_EDGE('',*,*,#6188,.T.);
#2860=ORIENTED_EDGE('',*,*,#5876,.F.);
#2861=ORIENTED_EDGE('',*,*,#5832,.F.);
#2862=ORIENTED_EDGE('',*,*,#6240,.F.);
#2863=ORIENTED_EDGE('',*,*,#5894,.T.);
#2864=ORIENTED_EDGE('',*,*,#6217,.T.);
#2865=ORIENTED_EDGE('',*,*,#6225,.F.);
#2866=ORIENTED_EDGE('',*,*,#6085,.T.);
#2867=ORIENTED_EDGE('',*,*,#6205,.T.);
#2868=ORIENTED_EDGE('',*,*,#6023,.F.);
#2869=ORIENTED_EDGE('',*,*,#6226,.F.);
#2870=ORIENTED_EDGE('',*,*,#6023,.T.);
#2871=ORIENTED_EDGE('',*,*,#6206,.T.);
#2872=ORIENTED_EDGE('',*,*,#5894,.F.);
#2873=ORIENTED_EDGE('',*,*,#5833,.F.);
#2874=ORIENTED_EDGE('',*,*,#6222,.F.);
#2875=ORIENTED_EDGE('',*,*,#5895,.T.);
#2876=ORIENTED_EDGE('',*,*,#6181,.T.);
#2877=ORIENTED_EDGE('',*,*,#6207,.F.);
#2878=ORIENTED_EDGE('',*,*,#6086,.T.);
#2879=ORIENTED_EDGE('',*,*,#6169,.T.);
#2880=ORIENTED_EDGE('',*,*,#6024,.F.);
#2881=ORIENTED_EDGE('',*,*,#6208,.F.);
#2882=ORIENTED_EDGE('',*,*,#6024,.T.);
#2883=ORIENTED_EDGE('',*,*,#6170,.T.);
#2884=ORIENTED_EDGE('',*,*,#5895,.F.);
#2885=ORIENTED_EDGE('',*,*,#5815,.F.);
#2886=ORIENTED_EDGE('',*,*,#6204,.F.);
#2887=ORIENTED_EDGE('',*,*,#5877,.T.);
#2888=ORIENTED_EDGE('',*,*,#6129,.T.);
#2889=ORIENTED_EDGE('',*,*,#6189,.F.);
#2890=ORIENTED_EDGE('',*,*,#6068,.T.);
#2891=ORIENTED_EDGE('',*,*,#6119,.T.);
#2892=ORIENTED_EDGE('',*,*,#6006,.F.);
#2893=ORIENTED_EDGE('',*,*,#6190,.F.);
#2894=ORIENTED_EDGE('',*,*,#6006,.T.);
#2895=ORIENTED_EDGE('',*,*,#5759,.T.);
#2896=ORIENTED_EDGE('',*,*,#5877,.F.);
#2897=ORIENTED_EDGE('',*,*,#5834,.F.);
#2898=ORIENTED_EDGE('',*,*,#6186,.F.);
#2899=ORIENTED_EDGE('',*,*,#5896,.T.);
#2900=ORIENTED_EDGE('',*,*,#6147,.T.);
#2901=ORIENTED_EDGE('',*,*,#6171,.F.);
#2902=ORIENTED_EDGE('',*,*,#6087,.T.);
#2903=ORIENTED_EDGE('',*,*,#6135,.T.);
#2904=ORIENTED_EDGE('',*,*,#6025,.F.);
#2905=ORIENTED_EDGE('',*,*,#6172,.F.);
#2906=ORIENTED_EDGE('',*,*,#6025,.T.);
#2907=ORIENTED_EDGE('',*,*,#6136,.T.);
#2908=ORIENTED_EDGE('',*,*,#5896,.F.);
#2909=ORIENTED_EDGE('',*,*,#6973,.T.);
#2910=ORIENTED_EDGE('',*,*,#5796,.F.);
#2911=ORIENTED_EDGE('',*,*,#6168,.F.);
#2912=ORIENTED_EDGE('',*,*,#5858,.T.);
#2913=ORIENTED_EDGE('',*,*,#6049,.T.);
#2914=ORIENTED_EDGE('',*,*,#6961,.T.);
#2915=ORIENTED_EDGE('',*,*,#5987,.F.);
#2916=ORIENTED_EDGE('',*,*,#6154,.F.);
#2917=ORIENTED_EDGE('',*,*,#5987,.T.);
#2918=ORIENTED_EDGE('',*,*,#6962,.T.);
#2919=ORIENTED_EDGE('',*,*,#5858,.F.);
#2920=ORIENTED_EDGE('',*,*,#5758,.F.);
#2921=ORIENTED_EDGE('',*,*,#5835,.F.);
#2922=ORIENTED_EDGE('',*,*,#6152,.F.);
#2923=ORIENTED_EDGE('',*,*,#5897,.T.);
#2924=ORIENTED_EDGE('',*,*,#6113,.T.);
#2925=ORIENTED_EDGE('',*,*,#6137,.F.);
#2926=ORIENTED_EDGE('',*,*,#6088,.T.);
#2927=ORIENTED_EDGE('',*,*,#6103,.T.);
#2928=ORIENTED_EDGE('',*,*,#6026,.F.);
#2929=ORIENTED_EDGE('',*,*,#6138,.F.);
#2930=ORIENTED_EDGE('',*,*,#6026,.T.);
#2931=ORIENTED_EDGE('',*,*,#5761,.T.);
#2932=ORIENTED_EDGE('',*,*,#5897,.F.);
#2933=ORIENTED_EDGE('',*,*,#6713,.T.);
#2934=ORIENTED_EDGE('',*,*,#5816,.F.);
#2935=ORIENTED_EDGE('',*,*,#6134,.F.);
#2936=ORIENTED_EDGE('',*,*,#5878,.T.);
#2937=ORIENTED_EDGE('',*,*,#6069,.T.);
#2938=ORIENTED_EDGE('',*,*,#6701,.T.);
#2939=ORIENTED_EDGE('',*,*,#6007,.F.);
#2940=ORIENTED_EDGE('',*,*,#6120,.F.);
#2941=ORIENTED_EDGE('',*,*,#6007,.T.);
#2942=ORIENTED_EDGE('',*,*,#6702,.T.);
#2943=ORIENTED_EDGE('',*,*,#5878,.F.);
#2944=ORIENTED_EDGE('',*,*,#5760,.F.);
#2945=ORIENTED_EDGE('',*,*,#5836,.F.);
#2946=ORIENTED_EDGE('',*,*,#6118,.F.);
#2947=ORIENTED_EDGE('',*,*,#5898,.T.);
#2948=ORIENTED_EDGE('',*,*,#6099,.T.);
#2949=ORIENTED_EDGE('',*,*,#6104,.F.);
#2950=ORIENTED_EDGE('',*,*,#6089,.T.);
#2951=ORIENTED_EDGE('',*,*,#6090,.T.);
#2952=ORIENTED_EDGE('',*,*,#6027,.F.);
#2953=ORIENTED_EDGE('',*,*,#5762,.F.);
#2954=ORIENTED_EDGE('',*,*,#6027,.T.);
#2955=ORIENTED_EDGE('',*,*,#5763,.T.);
#2956=ORIENTED_EDGE('',*,*,#5898,.F.);
#2957=ORIENTED_EDGE('',*,*,#7158,.F.);
#2958=ORIENTED_EDGE('',*,*,#5928,.T.);
#2959=ORIENTED_EDGE('',*,*,#5899,.T.);
#2960=ORIENTED_EDGE('',*,*,#5954,.F.);
#2961=ORIENTED_EDGE('',*,*,#6094,.F.);
#2962=ORIENTED_EDGE('',*,*,#6095,.T.);
#2963=ORIENTED_EDGE('',*,*,#6089,.F.);
#2964=ORIENTED_EDGE('',*,*,#6114,.F.);
#2965=ORIENTED_EDGE('',*,*,#6108,.F.);
#2966=ORIENTED_EDGE('',*,*,#6109,.T.);
#2967=ORIENTED_EDGE('',*,*,#6088,.F.);
#2968=ORIENTED_EDGE('',*,*,#6148,.F.);
#2969=ORIENTED_EDGE('',*,*,#6142,.F.);
#2970=ORIENTED_EDGE('',*,*,#6143,.T.);
#2971=ORIENTED_EDGE('',*,*,#6087,.F.);
#2972=ORIENTED_EDGE('',*,*,#6182,.F.);
#2973=ORIENTED_EDGE('',*,*,#6176,.F.);
#2974=ORIENTED_EDGE('',*,*,#6177,.T.);
#2975=ORIENTED_EDGE('',*,*,#6086,.F.);
#2976=ORIENTED_EDGE('',*,*,#6218,.F.);
#2977=ORIENTED_EDGE('',*,*,#6212,.F.);
#2978=ORIENTED_EDGE('',*,*,#6213,.T.);
#2979=ORIENTED_EDGE('',*,*,#6085,.F.);
#2980=ORIENTED_EDGE('',*,*,#6236,.F.);
#2981=ORIENTED_EDGE('',*,*,#6230,.F.);
#2982=ORIENTED_EDGE('',*,*,#6231,.T.);
#2983=ORIENTED_EDGE('',*,*,#6084,.F.);
#2984=ORIENTED_EDGE('',*,*,#6272,.F.);
#2985=ORIENTED_EDGE('',*,*,#6266,.F.);
#2986=ORIENTED_EDGE('',*,*,#6267,.T.);
#2987=ORIENTED_EDGE('',*,*,#6083,.F.);
#2988=ORIENTED_EDGE('',*,*,#6306,.F.);
#2989=ORIENTED_EDGE('',*,*,#6300,.F.);
#2990=ORIENTED_EDGE('',*,*,#6301,.T.);
#2991=ORIENTED_EDGE('',*,*,#6082,.F.);
#2992=ORIENTED_EDGE('',*,*,#6342,.F.);
#2993=ORIENTED_EDGE('',*,*,#6336,.F.);
#2994=ORIENTED_EDGE('',*,*,#6337,.T.);
#2995=ORIENTED_EDGE('',*,*,#6081,.F.);
#2996=ORIENTED_EDGE('',*,*,#6360,.F.);
#2997=ORIENTED_EDGE('',*,*,#6354,.F.);
#2998=ORIENTED_EDGE('',*,*,#6355,.T.);
#2999=ORIENTED_EDGE('',*,*,#6080,.F.);
#3000=ORIENTED_EDGE('',*,*,#6396,.F.);
#3001=ORIENTED_EDGE('',*,*,#6390,.F.);
#3002=ORIENTED_EDGE('',*,*,#6391,.T.);
#3003=ORIENTED_EDGE('',*,*,#6079,.F.);
#3004=ORIENTED_EDGE('',*,*,#6430,.F.);
#3005=ORIENTED_EDGE('',*,*,#6424,.F.);
#3006=ORIENTED_EDGE('',*,*,#6425,.T.);
#3007=ORIENTED_EDGE('',*,*,#6078,.F.);
#3008=ORIENTED_EDGE('',*,*,#6466,.F.);
#3009=ORIENTED_EDGE('',*,*,#6460,.F.);
#3010=ORIENTED_EDGE('',*,*,#6461,.T.);
#3011=ORIENTED_EDGE('',*,*,#6077,.F.);
#3012=ORIENTED_EDGE('',*,*,#6484,.F.);
#3013=ORIENTED_EDGE('',*,*,#6478,.F.);
#3014=ORIENTED_EDGE('',*,*,#6479,.T.);
#3015=ORIENTED_EDGE('',*,*,#6076,.F.);
#3016=ORIENTED_EDGE('',*,*,#6520,.F.);
#3017=ORIENTED_EDGE('',*,*,#6514,.F.);
#3018=ORIENTED_EDGE('',*,*,#6515,.T.);
#3019=ORIENTED_EDGE('',*,*,#6075,.F.);
#3020=ORIENTED_EDGE('',*,*,#6554,.F.);
#3021=ORIENTED_EDGE('',*,*,#6548,.F.);
#3022=ORIENTED_EDGE('',*,*,#6549,.T.);
#3023=ORIENTED_EDGE('',*,*,#6074,.F.);
#3024=ORIENTED_EDGE('',*,*,#6590,.F.);
#3025=ORIENTED_EDGE('',*,*,#6584,.F.);
#3026=ORIENTED_EDGE('',*,*,#6585,.T.);
#3027=ORIENTED_EDGE('',*,*,#6073,.F.);
#3028=ORIENTED_EDGE('',*,*,#6608,.F.);
#3029=ORIENTED_EDGE('',*,*,#6602,.F.);
#3030=ORIENTED_EDGE('',*,*,#6603,.T.);
#3031=ORIENTED_EDGE('',*,*,#6072,.F.);
#3032=ORIENTED_EDGE('',*,*,#6644,.F.);
#3033=ORIENTED_EDGE('',*,*,#6638,.F.);
#3034=ORIENTED_EDGE('',*,*,#6639,.T.);
#3035=ORIENTED_EDGE('',*,*,#6071,.F.);
#3036=ORIENTED_EDGE('',*,*,#6678,.F.);
#3037=ORIENTED_EDGE('',*,*,#6672,.F.);
#3038=ORIENTED_EDGE('',*,*,#6673,.T.);
#3039=ORIENTED_EDGE('',*,*,#6070,.F.);
#3040=ORIENTED_EDGE('',*,*,#6714,.F.);
#3041=ORIENTED_EDGE('',*,*,#6708,.F.);
#3042=ORIENTED_EDGE('',*,*,#6709,.T.);
#3043=ORIENTED_EDGE('',*,*,#6069,.F.);
#3044=ORIENTED_EDGE('',*,*,#6130,.F.);
#3045=ORIENTED_EDGE('',*,*,#6124,.F.);
#3046=ORIENTED_EDGE('',*,*,#6125,.T.);
#3047=ORIENTED_EDGE('',*,*,#6068,.F.);
#3048=ORIENTED_EDGE('',*,*,#6200,.F.);
#3049=ORIENTED_EDGE('',*,*,#6194,.F.);
#3050=ORIENTED_EDGE('',*,*,#6195,.T.);
#3051=ORIENTED_EDGE('',*,*,#6067,.F.);
#3052=ORIENTED_EDGE('',*,*,#6254,.F.);
#3053=ORIENTED_EDGE('',*,*,#6248,.F.);
#3054=ORIENTED_EDGE('',*,*,#6249,.T.);
#3055=ORIENTED_EDGE('',*,*,#6066,.F.);
#3056=ORIENTED_EDGE('',*,*,#6324,.F.);
#3057=ORIENTED_EDGE('',*,*,#6318,.F.);
#3058=ORIENTED_EDGE('',*,*,#6319,.T.);
#3059=ORIENTED_EDGE('',*,*,#6065,.F.);
#3060=ORIENTED_EDGE('',*,*,#6378,.F.);
#3061=ORIENTED_EDGE('',*,*,#6372,.F.);
#3062=ORIENTED_EDGE('',*,*,#6373,.T.);
#3063=ORIENTED_EDGE('',*,*,#6064,.F.);
#3064=ORIENTED_EDGE('',*,*,#6448,.F.);
#3065=ORIENTED_EDGE('',*,*,#6442,.F.);
#3066=ORIENTED_EDGE('',*,*,#6443,.T.);
#3067=ORIENTED_EDGE('',*,*,#6063,.F.);
#3068=ORIENTED_EDGE('',*,*,#6502,.F.);
#3069=ORIENTED_EDGE('',*,*,#6496,.F.);
#3070=ORIENTED_EDGE('',*,*,#6497,.T.);
#3071=ORIENTED_EDGE('',*,*,#6062,.F.);
#3072=ORIENTED_EDGE('',*,*,#6572,.F.);
#3073=ORIENTED_EDGE('',*,*,#6566,.F.);
#3074=ORIENTED_EDGE('',*,*,#6567,.T.);
#3075=ORIENTED_EDGE('',*,*,#6061,.F.);
#3076=ORIENTED_EDGE('',*,*,#6626,.F.);
#3077=ORIENTED_EDGE('',*,*,#6620,.F.);
#3078=ORIENTED_EDGE('',*,*,#6621,.T.);
#3079=ORIENTED_EDGE('',*,*,#6060,.F.);
#3080=ORIENTED_EDGE('',*,*,#6696,.F.);
#3081=ORIENTED_EDGE('',*,*,#6690,.F.);
#3082=ORIENTED_EDGE('',*,*,#6691,.T.);
#3083=ORIENTED_EDGE('',*,*,#6059,.F.);
#3084=ORIENTED_EDGE('',*,*,#6732,.F.);
#3085=ORIENTED_EDGE('',*,*,#6726,.F.);
#3086=ORIENTED_EDGE('',*,*,#6727,.T.);
#3087=ORIENTED_EDGE('',*,*,#6058,.F.);
#3088=ORIENTED_EDGE('',*,*,#6766,.F.);
#3089=ORIENTED_EDGE('',*,*,#6760,.F.);
#3090=ORIENTED_EDGE('',*,*,#6761,.T.);
#3091=ORIENTED_EDGE('',*,*,#6057,.F.);
#3092=ORIENTED_EDGE('',*,*,#6784,.F.);
#3093=ORIENTED_EDGE('',*,*,#6778,.F.);
#3094=ORIENTED_EDGE('',*,*,#6779,.T.);
#3095=ORIENTED_EDGE('',*,*,#6056,.F.);
#3096=ORIENTED_EDGE('',*,*,#6818,.F.);
#3097=ORIENTED_EDGE('',*,*,#6812,.F.);
#3098=ORIENTED_EDGE('',*,*,#6813,.T.);
#3099=ORIENTED_EDGE('',*,*,#6055,.F.);
#3100=ORIENTED_EDGE('',*,*,#6836,.F.);
#3101=ORIENTED_EDGE('',*,*,#6830,.F.);
#3102=ORIENTED_EDGE('',*,*,#6831,.T.);
#3103=ORIENTED_EDGE('',*,*,#6054,.F.);
#3104=ORIENTED_EDGE('',*,*,#6870,.F.);
#3105=ORIENTED_EDGE('',*,*,#6864,.F.);
#3106=ORIENTED_EDGE('',*,*,#6865,.T.);
#3107=ORIENTED_EDGE('',*,*,#6053,.F.);
#3108=ORIENTED_EDGE('',*,*,#6888,.F.);
#3109=ORIENTED_EDGE('',*,*,#6882,.F.);
#3110=ORIENTED_EDGE('',*,*,#6883,.T.);
#3111=ORIENTED_EDGE('',*,*,#6052,.F.);
#3112=ORIENTED_EDGE('',*,*,#6922,.F.);
#3113=ORIENTED_EDGE('',*,*,#6916,.F.);
#3114=ORIENTED_EDGE('',*,*,#6917,.T.);
#3115=ORIENTED_EDGE('',*,*,#6051,.F.);
#3116=ORIENTED_EDGE('',*,*,#6940,.F.);
#3117=ORIENTED_EDGE('',*,*,#6934,.F.);
#3118=ORIENTED_EDGE('',*,*,#6935,.T.);
#3119=ORIENTED_EDGE('',*,*,#6050,.F.);
#3120=ORIENTED_EDGE('',*,*,#6974,.F.);
#3121=ORIENTED_EDGE('',*,*,#6968,.F.);
#3122=ORIENTED_EDGE('',*,*,#6969,.T.);
#3123=ORIENTED_EDGE('',*,*,#6049,.F.);
#3124=ORIENTED_EDGE('',*,*,#6164,.F.);
#3125=ORIENTED_EDGE('',*,*,#6158,.F.);
#3126=ORIENTED_EDGE('',*,*,#6159,.T.);
#3127=ORIENTED_EDGE('',*,*,#6048,.F.);
#3128=ORIENTED_EDGE('',*,*,#6288,.F.);
#3129=ORIENTED_EDGE('',*,*,#6282,.F.);
#3130=ORIENTED_EDGE('',*,*,#6283,.T.);
#3131=ORIENTED_EDGE('',*,*,#6047,.F.);
#3132=ORIENTED_EDGE('',*,*,#6412,.F.);
#3133=ORIENTED_EDGE('',*,*,#6406,.F.);
#3134=ORIENTED_EDGE('',*,*,#6407,.T.);
#3135=ORIENTED_EDGE('',*,*,#6046,.F.);
#3136=ORIENTED_EDGE('',*,*,#6536,.F.);
#3137=ORIENTED_EDGE('',*,*,#6530,.F.);
#3138=ORIENTED_EDGE('',*,*,#6531,.T.);
#3139=ORIENTED_EDGE('',*,*,#6045,.F.);
#3140=ORIENTED_EDGE('',*,*,#6660,.F.);
#3141=ORIENTED_EDGE('',*,*,#6654,.F.);
#3142=ORIENTED_EDGE('',*,*,#6655,.T.);
#3143=ORIENTED_EDGE('',*,*,#6044,.F.);
#3144=ORIENTED_EDGE('',*,*,#6748,.F.);
#3145=ORIENTED_EDGE('',*,*,#6742,.F.);
#3146=ORIENTED_EDGE('',*,*,#6743,.T.);
#3147=ORIENTED_EDGE('',*,*,#6043,.F.);
#3148=ORIENTED_EDGE('',*,*,#6800,.F.);
#3149=ORIENTED_EDGE('',*,*,#6794,.F.);
#3150=ORIENTED_EDGE('',*,*,#6795,.T.);
#3151=ORIENTED_EDGE('',*,*,#6042,.F.);
#3152=ORIENTED_EDGE('',*,*,#6852,.F.);
#3153=ORIENTED_EDGE('',*,*,#6846,.F.);
#3154=ORIENTED_EDGE('',*,*,#6847,.T.);
#3155=ORIENTED_EDGE('',*,*,#6041,.F.);
#3156=ORIENTED_EDGE('',*,*,#6904,.F.);
#3157=ORIENTED_EDGE('',*,*,#6898,.F.);
#3158=ORIENTED_EDGE('',*,*,#6899,.T.);
#3159=ORIENTED_EDGE('',*,*,#6040,.F.);
#3160=ORIENTED_EDGE('',*,*,#6956,.F.);
#3161=ORIENTED_EDGE('',*,*,#6950,.F.);
#3162=ORIENTED_EDGE('',*,*,#6951,.T.);
#3163=ORIENTED_EDGE('',*,*,#6039,.F.);
#3164=ORIENTED_EDGE('',*,*,#6990,.F.);
#3165=ORIENTED_EDGE('',*,*,#6984,.F.);
#3166=ORIENTED_EDGE('',*,*,#6985,.T.);
#3167=ORIENTED_EDGE('',*,*,#6038,.F.);
#3168=ORIENTED_EDGE('',*,*,#7006,.F.);
#3169=ORIENTED_EDGE('',*,*,#7000,.F.);
#3170=ORIENTED_EDGE('',*,*,#7001,.T.);
#3171=ORIENTED_EDGE('',*,*,#6037,.F.);
#3172=ORIENTED_EDGE('',*,*,#7022,.F.);
#3173=ORIENTED_EDGE('',*,*,#7016,.F.);
#3174=ORIENTED_EDGE('',*,*,#7017,.T.);
#3175=ORIENTED_EDGE('',*,*,#6036,.F.);
#3176=ORIENTED_EDGE('',*,*,#7038,.F.);
#3177=ORIENTED_EDGE('',*,*,#7032,.F.);
#3178=ORIENTED_EDGE('',*,*,#7033,.T.);
#3179=ORIENTED_EDGE('',*,*,#6035,.F.);
#3180=ORIENTED_EDGE('',*,*,#7054,.F.);
#3181=ORIENTED_EDGE('',*,*,#7048,.F.);
#3182=ORIENTED_EDGE('',*,*,#7049,.T.);
#3183=ORIENTED_EDGE('',*,*,#6034,.F.);
#3184=ORIENTED_EDGE('',*,*,#7070,.F.);
#3185=ORIENTED_EDGE('',*,*,#7064,.F.);
#3186=ORIENTED_EDGE('',*,*,#7065,.T.);
#3187=ORIENTED_EDGE('',*,*,#6033,.F.);
#3188=ORIENTED_EDGE('',*,*,#7086,.F.);
#3189=ORIENTED_EDGE('',*,*,#7080,.F.);
#3190=ORIENTED_EDGE('',*,*,#7081,.T.);
#3191=ORIENTED_EDGE('',*,*,#6032,.F.);
#3192=ORIENTED_EDGE('',*,*,#7102,.F.);
#3193=ORIENTED_EDGE('',*,*,#7096,.F.);
#3194=ORIENTED_EDGE('',*,*,#7097,.T.);
#3195=ORIENTED_EDGE('',*,*,#6031,.F.);
#3196=ORIENTED_EDGE('',*,*,#7118,.F.);
#3197=ORIENTED_EDGE('',*,*,#7112,.F.);
#3198=ORIENTED_EDGE('',*,*,#7113,.T.);
#3199=ORIENTED_EDGE('',*,*,#6030,.F.);
#3200=ORIENTED_EDGE('',*,*,#7134,.F.);
#3201=ORIENTED_EDGE('',*,*,#7128,.F.);
#3202=ORIENTED_EDGE('',*,*,#7129,.T.);
#3203=ORIENTED_EDGE('',*,*,#6029,.F.);
#3204=ORIENTED_EDGE('',*,*,#7150,.F.);
#3205=ORIENTED_EDGE('',*,*,#7144,.F.);
#3206=ORIENTED_EDGE('',*,*,#7145,.T.);
#3207=ORIENTED_EDGE('',*,*,#6028,.F.);
#3208=ORIENTED_EDGE('',*,*,#7162,.F.);
#3209=ORIENTED_EDGE('',*,*,#5965,.F.);
#3210=ORIENTED_EDGE('',*,*,#5913,.F.);
#3211=ORIENTED_EDGE('',*,*,#5939,.T.);
#3212=ORIENTED_EDGE('',*,*,#5764,.T.);
#3213=ORIENTED_EDGE('',*,*,#5964,.F.);
#3214=ORIENTED_EDGE('',*,*,#5764,.F.);
#3215=ORIENTED_EDGE('',*,*,#5938,.T.);
#3216=ORIENTED_EDGE('',*,*,#5765,.T.);
#3217=ORIENTED_EDGE('',*,*,#5963,.F.);
#3218=ORIENTED_EDGE('',*,*,#5765,.F.);
#3219=ORIENTED_EDGE('',*,*,#5937,.T.);
#3220=ORIENTED_EDGE('',*,*,#5766,.T.);
#3221=ORIENTED_EDGE('',*,*,#5962,.F.);
#3222=ORIENTED_EDGE('',*,*,#5766,.F.);
#3223=ORIENTED_EDGE('',*,*,#5936,.T.);
#3224=ORIENTED_EDGE('',*,*,#5767,.T.);
#3225=ORIENTED_EDGE('',*,*,#5961,.F.);
#3226=ORIENTED_EDGE('',*,*,#5767,.F.);
#3227=ORIENTED_EDGE('',*,*,#5935,.T.);
#3228=ORIENTED_EDGE('',*,*,#5768,.T.);
#3229=ORIENTED_EDGE('',*,*,#5960,.F.);
#3230=ORIENTED_EDGE('',*,*,#5768,.F.);
#3231=ORIENTED_EDGE('',*,*,#5934,.T.);
#3232=ORIENTED_EDGE('',*,*,#5769,.T.);
#3233=ORIENTED_EDGE('',*,*,#5959,.F.);
#3234=ORIENTED_EDGE('',*,*,#5769,.F.);
#3235=ORIENTED_EDGE('',*,*,#5933,.T.);
#3236=ORIENTED_EDGE('',*,*,#5770,.T.);
#3237=ORIENTED_EDGE('',*,*,#5958,.F.);
#3238=ORIENTED_EDGE('',*,*,#5770,.F.);
#3239=ORIENTED_EDGE('',*,*,#5932,.T.);
#3240=ORIENTED_EDGE('',*,*,#5771,.T.);
#3241=ORIENTED_EDGE('',*,*,#5957,.F.);
#3242=ORIENTED_EDGE('',*,*,#5771,.F.);
#3243=ORIENTED_EDGE('',*,*,#5931,.T.);
#3244=ORIENTED_EDGE('',*,*,#5772,.T.);
#3245=ORIENTED_EDGE('',*,*,#5956,.F.);
#3246=ORIENTED_EDGE('',*,*,#5772,.F.);
#3247=ORIENTED_EDGE('',*,*,#5930,.T.);
#3248=ORIENTED_EDGE('',*,*,#5773,.T.);
#3249=ORIENTED_EDGE('',*,*,#5955,.F.);
#3250=ORIENTED_EDGE('',*,*,#5773,.F.);
#3251=ORIENTED_EDGE('',*,*,#5929,.T.);
#3252=ORIENTED_EDGE('',*,*,#5774,.T.);
#3253=ORIENTED_EDGE('',*,*,#5775,.T.);
#3254=ORIENTED_EDGE('',*,*,#7141,.T.);
#3255=ORIENTED_EDGE('',*,*,#5776,.T.);
#3256=ORIENTED_EDGE('',*,*,#7125,.T.);
#3257=ORIENTED_EDGE('',*,*,#5777,.T.);
#3258=ORIENTED_EDGE('',*,*,#7109,.T.);
#3259=ORIENTED_EDGE('',*,*,#5778,.T.);
#3260=ORIENTED_EDGE('',*,*,#7093,.T.);
#3261=ORIENTED_EDGE('',*,*,#5779,.T.);
#3262=ORIENTED_EDGE('',*,*,#7077,.T.);
#3263=ORIENTED_EDGE('',*,*,#5780,.T.);
#3264=ORIENTED_EDGE('',*,*,#7061,.T.);
#3265=ORIENTED_EDGE('',*,*,#5781,.T.);
#3266=ORIENTED_EDGE('',*,*,#7045,.T.);
#3267=ORIENTED_EDGE('',*,*,#5782,.T.);
#3268=ORIENTED_EDGE('',*,*,#7029,.T.);
#3269=ORIENTED_EDGE('',*,*,#5783,.T.);
#3270=ORIENTED_EDGE('',*,*,#7013,.T.);
#3271=ORIENTED_EDGE('',*,*,#5784,.T.);
#3272=ORIENTED_EDGE('',*,*,#6997,.T.);
#3273=ORIENTED_EDGE('',*,*,#5785,.T.);
#3274=ORIENTED_EDGE('',*,*,#6981,.T.);
#3275=ORIENTED_EDGE('',*,*,#5786,.T.);
#3276=ORIENTED_EDGE('',*,*,#6947,.T.);
#3277=ORIENTED_EDGE('',*,*,#5787,.T.);
#3278=ORIENTED_EDGE('',*,*,#6895,.T.);
#3279=ORIENTED_EDGE('',*,*,#5788,.T.);
#3280=ORIENTED_EDGE('',*,*,#6843,.T.);
#3281=ORIENTED_EDGE('',*,*,#5789,.T.);
#3282=ORIENTED_EDGE('',*,*,#6791,.T.);
#3283=ORIENTED_EDGE('',*,*,#5790,.T.);
#3284=ORIENTED_EDGE('',*,*,#6739,.T.);
#3285=ORIENTED_EDGE('',*,*,#5791,.T.);
#3286=ORIENTED_EDGE('',*,*,#6651,.T.);
#3287=ORIENTED_EDGE('',*,*,#5792,.T.);
#3288=ORIENTED_EDGE('',*,*,#6527,.T.);
#3289=ORIENTED_EDGE('',*,*,#5793,.T.);
#3290=ORIENTED_EDGE('',*,*,#6403,.T.);
#3291=ORIENTED_EDGE('',*,*,#5794,.T.);
#3292=ORIENTED_EDGE('',*,*,#6279,.T.);
#3293=ORIENTED_EDGE('',*,*,#5795,.T.);
#3294=ORIENTED_EDGE('',*,*,#6155,.T.);
#3295=ORIENTED_EDGE('',*,*,#5796,.T.);
#3296=ORIENTED_EDGE('',*,*,#6965,.T.);
#3297=ORIENTED_EDGE('',*,*,#5797,.T.);
#3298=ORIENTED_EDGE('',*,*,#6931,.T.);
#3299=ORIENTED_EDGE('',*,*,#5798,.T.);
#3300=ORIENTED_EDGE('',*,*,#6913,.T.);
#3301=ORIENTED_EDGE('',*,*,#5799,.T.);
#3302=ORIENTED_EDGE('',*,*,#6879,.T.);
#3303=ORIENTED_EDGE('',*,*,#5800,.T.);
#3304=ORIENTED_EDGE('',*,*,#6861,.T.);
#3305=ORIENTED_EDGE('',*,*,#5801,.T.);
#3306=ORIENTED_EDGE('',*,*,#6827,.T.);
#3307=ORIENTED_EDGE('',*,*,#5802,.T.);
#3308=ORIENTED_EDGE('',*,*,#6809,.T.);
#3309=ORIENTED_EDGE('',*,*,#5803,.T.);
#3310=ORIENTED_EDGE('',*,*,#6775,.T.);
#3311=ORIENTED_EDGE('',*,*,#5804,.T.);
#3312=ORIENTED_EDGE('',*,*,#6757,.T.);
#3313=ORIENTED_EDGE('',*,*,#5805,.T.);
#3314=ORIENTED_EDGE('',*,*,#6723,.T.);
#3315=ORIENTED_EDGE('',*,*,#5806,.T.);
#3316=ORIENTED_EDGE('',*,*,#6687,.T.);
#3317=ORIENTED_EDGE('',*,*,#5807,.T.);
#3318=ORIENTED_EDGE('',*,*,#6617,.T.);
#3319=ORIENTED_EDGE('',*,*,#5808,.T.);
#3320=ORIENTED_EDGE('',*,*,#6563,.T.);
#3321=ORIENTED_EDGE('',*,*,#5809,.T.);
#3322=ORIENTED_EDGE('',*,*,#6493,.T.);
#3323=ORIENTED_EDGE('',*,*,#5810,.T.);
#3324=ORIENTED_EDGE('',*,*,#6439,.T.);
#3325=ORIENTED_EDGE('',*,*,#5811,.T.);
#3326=ORIENTED_EDGE('',*,*,#6369,.T.);
#3327=ORIENTED_EDGE('',*,*,#5812,.T.);
#3328=ORIENTED_EDGE('',*,*,#6315,.T.);
#3329=ORIENTED_EDGE('',*,*,#5813,.T.);
#3330=ORIENTED_EDGE('',*,*,#6245,.T.);
#3331=ORIENTED_EDGE('',*,*,#5814,.T.);
#3332=ORIENTED_EDGE('',*,*,#6191,.T.);
#3333=ORIENTED_EDGE('',*,*,#5815,.T.);
#3334=ORIENTED_EDGE('',*,*,#6121,.T.);
#3335=ORIENTED_EDGE('',*,*,#5816,.T.);
#3336=ORIENTED_EDGE('',*,*,#6705,.T.);
#3337=ORIENTED_EDGE('',*,*,#5817,.T.);
#3338=ORIENTED_EDGE('',*,*,#6669,.T.);
#3339=ORIENTED_EDGE('',*,*,#5818,.T.);
#3340=ORIENTED_EDGE('',*,*,#6635,.T.);
#3341=ORIENTED_EDGE('',*,*,#5819,.T.);
#3342=ORIENTED_EDGE('',*,*,#6599,.T.);
#3343=ORIENTED_EDGE('',*,*,#5820,.T.);
#3344=ORIENTED_EDGE('',*,*,#6581,.T.);
#3345=ORIENTED_EDGE('',*,*,#5821,.T.);
#3346=ORIENTED_EDGE('',*,*,#6545,.T.);
#3347=ORIENTED_EDGE('',*,*,#5822,.T.);
#3348=ORIENTED_EDGE('',*,*,#6511,.T.);
#3349=ORIENTED_EDGE('',*,*,#5823,.T.);
#3350=ORIENTED_EDGE('',*,*,#6475,.T.);
#3351=ORIENTED_EDGE('',*,*,#5824,.T.);
#3352=ORIENTED_EDGE('',*,*,#6457,.T.);
#3353=ORIENTED_EDGE('',*,*,#5825,.T.);
#3354=ORIENTED_EDGE('',*,*,#6421,.T.);
#3355=ORIENTED_EDGE('',*,*,#5826,.T.);
#3356=ORIENTED_EDGE('',*,*,#6387,.T.);
#3357=ORIENTED_EDGE('',*,*,#5827,.T.);
#3358=ORIENTED_EDGE('',*,*,#6351,.T.);
#3359=ORIENTED_EDGE('',*,*,#5828,.T.);
#3360=ORIENTED_EDGE('',*,*,#6333,.T.);
#3361=ORIENTED_EDGE('',*,*,#5829,.T.);
#3362=ORIENTED_EDGE('',*,*,#6297,.T.);
#3363=ORIENTED_EDGE('',*,*,#5830,.T.);
#3364=ORIENTED_EDGE('',*,*,#6263,.T.);
#3365=ORIENTED_EDGE('',*,*,#5831,.T.);
#3366=ORIENTED_EDGE('',*,*,#6227,.T.);
#3367=ORIENTED_EDGE('',*,*,#5832,.T.);
#3368=ORIENTED_EDGE('',*,*,#6209,.T.);
#3369=ORIENTED_EDGE('',*,*,#5833,.T.);
#3370=ORIENTED_EDGE('',*,*,#6173,.T.);
#3371=ORIENTED_EDGE('',*,*,#5834,.T.);
#3372=ORIENTED_EDGE('',*,*,#6139,.T.);
#3373=ORIENTED_EDGE('',*,*,#5835,.T.);
#3374=ORIENTED_EDGE('',*,*,#6105,.T.);
#3375=ORIENTED_EDGE('',*,*,#5836,.T.);
#3376=ORIENTED_EDGE('',*,*,#6091,.T.);
#3377=ORIENTED_EDGE('',*,*,#5953,.F.);
#3378=ORIENTED_EDGE('',*,*,#5899,.F.);
#3379=ORIENTED_EDGE('',*,*,#5927,.T.);
#3380=ORIENTED_EDGE('',*,*,#5900,.T.);
#3381=ORIENTED_EDGE('',*,*,#5952,.F.);
#3382=ORIENTED_EDGE('',*,*,#5900,.F.);
#3383=ORIENTED_EDGE('',*,*,#5926,.T.);
#3384=ORIENTED_EDGE('',*,*,#5901,.T.);
#3385=ORIENTED_EDGE('',*,*,#5951,.F.);
#3386=ORIENTED_EDGE('',*,*,#5901,.F.);
#3387=ORIENTED_EDGE('',*,*,#5925,.T.);
#3388=ORIENTED_EDGE('',*,*,#5902,.T.);
#3389=ORIENTED_EDGE('',*,*,#5950,.F.);
#3390=ORIENTED_EDGE('',*,*,#5902,.F.);
#3391=ORIENTED_EDGE('',*,*,#5924,.T.);
#3392=ORIENTED_EDGE('',*,*,#5903,.T.);
#3393=ORIENTED_EDGE('',*,*,#5949,.F.);
#3394=ORIENTED_EDGE('',*,*,#5903,.F.);
#3395=ORIENTED_EDGE('',*,*,#5923,.T.);
#3396=ORIENTED_EDGE('',*,*,#5904,.T.);
#3397=ORIENTED_EDGE('',*,*,#5948,.F.);
#3398=ORIENTED_EDGE('',*,*,#5904,.F.);
#3399=ORIENTED_EDGE('',*,*,#5922,.T.);
#3400=ORIENTED_EDGE('',*,*,#5905,.T.);
#3401=ORIENTED_EDGE('',*,*,#5947,.F.);
#3402=ORIENTED_EDGE('',*,*,#5905,.F.);
#3403=ORIENTED_EDGE('',*,*,#5921,.T.);
#3404=ORIENTED_EDGE('',*,*,#5906,.T.);
#3405=ORIENTED_EDGE('',*,*,#5946,.F.);
#3406=ORIENTED_EDGE('',*,*,#5906,.F.);
#3407=ORIENTED_EDGE('',*,*,#5920,.T.);
#3408=ORIENTED_EDGE('',*,*,#5907,.T.);
#3409=ORIENTED_EDGE('',*,*,#5945,.F.);
#3410=ORIENTED_EDGE('',*,*,#5907,.F.);
#3411=ORIENTED_EDGE('',*,*,#5919,.T.);
#3412=ORIENTED_EDGE('',*,*,#5908,.T.);
#3413=ORIENTED_EDGE('',*,*,#5944,.F.);
#3414=ORIENTED_EDGE('',*,*,#5908,.F.);
#3415=ORIENTED_EDGE('',*,*,#5918,.T.);
#3416=ORIENTED_EDGE('',*,*,#5909,.T.);
#3417=ORIENTED_EDGE('',*,*,#5943,.F.);
#3418=ORIENTED_EDGE('',*,*,#5909,.F.);
#3419=ORIENTED_EDGE('',*,*,#5917,.T.);
#3420=ORIENTED_EDGE('',*,*,#5910,.T.);
#3421=ORIENTED_EDGE('',*,*,#5942,.F.);
#3422=ORIENTED_EDGE('',*,*,#5910,.F.);
#3423=ORIENTED_EDGE('',*,*,#5916,.T.);
#3424=ORIENTED_EDGE('',*,*,#5911,.T.);
#3425=ORIENTED_EDGE('',*,*,#5941,.F.);
#3426=ORIENTED_EDGE('',*,*,#5911,.F.);
#3427=ORIENTED_EDGE('',*,*,#5915,.T.);
#3428=ORIENTED_EDGE('',*,*,#5912,.T.);
#3429=ORIENTED_EDGE('',*,*,#5940,.F.);
#3430=ORIENTED_EDGE('',*,*,#5912,.F.);
#3431=ORIENTED_EDGE('',*,*,#5914,.T.);
#3432=ORIENTED_EDGE('',*,*,#5913,.T.);
#3433=ORIENTED_EDGE('',*,*,#5928,.F.);
#3434=ORIENTED_EDGE('',*,*,#7159,.F.);
#3435=ORIENTED_EDGE('',*,*,#7160,.F.);
#3436=ORIENTED_EDGE('',*,*,#7161,.F.);
#3437=ORIENTED_EDGE('',*,*,#5929,.F.);
#3438=ORIENTED_EDGE('',*,*,#5930,.F.);
#3439=ORIENTED_EDGE('',*,*,#5931,.F.);
#3440=ORIENTED_EDGE('',*,*,#5932,.F.);
#3441=ORIENTED_EDGE('',*,*,#5933,.F.);
#3442=ORIENTED_EDGE('',*,*,#5934,.F.);
#3443=ORIENTED_EDGE('',*,*,#5935,.F.);
#3444=ORIENTED_EDGE('',*,*,#5936,.F.);
#3445=ORIENTED_EDGE('',*,*,#5937,.F.);
#3446=ORIENTED_EDGE('',*,*,#5938,.F.);
#3447=ORIENTED_EDGE('',*,*,#5939,.F.);
#3448=ORIENTED_EDGE('',*,*,#5914,.F.);
#3449=ORIENTED_EDGE('',*,*,#5915,.F.);
#3450=ORIENTED_EDGE('',*,*,#5916,.F.);
#3451=ORIENTED_EDGE('',*,*,#5917,.F.);
#3452=ORIENTED_EDGE('',*,*,#5918,.F.);
#3453=ORIENTED_EDGE('',*,*,#5919,.F.);
#3454=ORIENTED_EDGE('',*,*,#5920,.F.);
#3455=ORIENTED_EDGE('',*,*,#5921,.F.);
#3456=ORIENTED_EDGE('',*,*,#5922,.F.);
#3457=ORIENTED_EDGE('',*,*,#5923,.F.);
#3458=ORIENTED_EDGE('',*,*,#5924,.F.);
#3459=ORIENTED_EDGE('',*,*,#5925,.F.);
#3460=ORIENTED_EDGE('',*,*,#5926,.F.);
#3461=ORIENTED_EDGE('',*,*,#5927,.F.);
#3462=ORIENTED_EDGE('',*,*,#6100,.T.);
#3463=ORIENTED_EDGE('',*,*,#5954,.T.);
#3464=ORIENTED_EDGE('',*,*,#5953,.T.);
#3465=ORIENTED_EDGE('',*,*,#5952,.T.);
#3466=ORIENTED_EDGE('',*,*,#5951,.T.);
#3467=ORIENTED_EDGE('',*,*,#5950,.T.);
#3468=ORIENTED_EDGE('',*,*,#5949,.T.);
#3469=ORIENTED_EDGE('',*,*,#5948,.T.);
#3470=ORIENTED_EDGE('',*,*,#5947,.T.);
#3471=ORIENTED_EDGE('',*,*,#5946,.T.);
#3472=ORIENTED_EDGE('',*,*,#5945,.T.);
#3473=ORIENTED_EDGE('',*,*,#5944,.T.);
#3474=ORIENTED_EDGE('',*,*,#5943,.T.);
#3475=ORIENTED_EDGE('',*,*,#5942,.T.);
#3476=ORIENTED_EDGE('',*,*,#5941,.T.);
#3477=ORIENTED_EDGE('',*,*,#5940,.T.);
#3478=ORIENTED_EDGE('',*,*,#5965,.T.);
#3479=ORIENTED_EDGE('',*,*,#5964,.T.);
#3480=ORIENTED_EDGE('',*,*,#5963,.T.);
#3481=ORIENTED_EDGE('',*,*,#5962,.T.);
#3482=ORIENTED_EDGE('',*,*,#5961,.T.);
#3483=ORIENTED_EDGE('',*,*,#5960,.T.);
#3484=ORIENTED_EDGE('',*,*,#5959,.T.);
#3485=ORIENTED_EDGE('',*,*,#5958,.T.);
#3486=ORIENTED_EDGE('',*,*,#5957,.T.);
#3487=ORIENTED_EDGE('',*,*,#5956,.T.);
#3488=ORIENTED_EDGE('',*,*,#5955,.T.);
#3489=ORIENTED_EDGE('',*,*,#6102,.T.);
#3490=ORIENTED_EDGE('',*,*,#6101,.T.);
#3491=ORIENTED_EDGE('',*,*,#6090,.F.);
#3492=ORIENTED_EDGE('',*,*,#6095,.F.);
#3493=ORIENTED_EDGE('',*,*,#6096,.F.);
#3494=ORIENTED_EDGE('',*,*,#6097,.F.);
#3495=ORIENTED_EDGE('',*,*,#6098,.F.);
#3496=ORIENTED_EDGE('',*,*,#6099,.F.);
#3497=ORIENTED_EDGE('',*,*,#5763,.F.);
#3498=ORIENTED_EDGE('',*,*,#6102,.F.);
#3499=ORIENTED_EDGE('',*,*,#6091,.F.);
#3500=ORIENTED_EDGE('',*,*,#6098,.T.);
#3501=ORIENTED_EDGE('',*,*,#6092,.T.);
#3502=ORIENTED_EDGE('',*,*,#6101,.F.);
#3503=ORIENTED_EDGE('',*,*,#6092,.F.);
#3504=ORIENTED_EDGE('',*,*,#6097,.T.);
#3505=ORIENTED_EDGE('',*,*,#6093,.T.);
#3506=ORIENTED_EDGE('',*,*,#6100,.F.);
#3507=ORIENTED_EDGE('',*,*,#6093,.F.);
#3508=ORIENTED_EDGE('',*,*,#6096,.T.);
#3509=ORIENTED_EDGE('',*,*,#6094,.T.);
#3510=ORIENTED_EDGE('',*,*,#6103,.F.);
#3511=ORIENTED_EDGE('',*,*,#6109,.F.);
#3512=ORIENTED_EDGE('',*,*,#6110,.F.);
#3513=ORIENTED_EDGE('',*,*,#6111,.F.);
#3514=ORIENTED_EDGE('',*,*,#6112,.F.);
#3515=ORIENTED_EDGE('',*,*,#6113,.F.);
#3516=ORIENTED_EDGE('',*,*,#5761,.F.);
#3517=ORIENTED_EDGE('',*,*,#6114,.T.);
#3518=ORIENTED_EDGE('',*,*,#6104,.T.);
#3519=ORIENTED_EDGE('',*,*,#5762,.T.);
#3520=ORIENTED_EDGE('',*,*,#6118,.T.);
#3521=ORIENTED_EDGE('',*,*,#6117,.T.);
#3522=ORIENTED_EDGE('',*,*,#6116,.T.);
#3523=ORIENTED_EDGE('',*,*,#6115,.T.);
#3524=ORIENTED_EDGE('',*,*,#6117,.F.);
#3525=ORIENTED_EDGE('',*,*,#6105,.F.);
#3526=ORIENTED_EDGE('',*,*,#6112,.T.);
#3527=ORIENTED_EDGE('',*,*,#6106,.T.);
#3528=ORIENTED_EDGE('',*,*,#6116,.F.);
#3529=ORIENTED_EDGE('',*,*,#6106,.F.);
#3530=ORIENTED_EDGE('',*,*,#6111,.T.);
#3531=ORIENTED_EDGE('',*,*,#6107,.T.);
#3532=ORIENTED_EDGE('',*,*,#6115,.F.);
#3533=ORIENTED_EDGE('',*,*,#6107,.F.);
#3534=ORIENTED_EDGE('',*,*,#6110,.T.);
#3535=ORIENTED_EDGE('',*,*,#6108,.T.);
#3536=ORIENTED_EDGE('',*,*,#6119,.F.);
#3537=ORIENTED_EDGE('',*,*,#6125,.F.);
#3538=ORIENTED_EDGE('',*,*,#6126,.F.);
#3539=ORIENTED_EDGE('',*,*,#6127,.F.);
#3540=ORIENTED_EDGE('',*,*,#6128,.F.);
#3541=ORIENTED_EDGE('',*,*,#6129,.F.);
#3542=ORIENTED_EDGE('',*,*,#5759,.F.);
#3543=ORIENTED_EDGE('',*,*,#6130,.T.);
#3544=ORIENTED_EDGE('',*,*,#6120,.T.);
#3545=ORIENTED_EDGE('',*,*,#5760,.T.);
#3546=ORIENTED_EDGE('',*,*,#6134,.T.);
#3547=ORIENTED_EDGE('',*,*,#6133,.T.);
#3548=ORIENTED_EDGE('',*,*,#6132,.T.);
#3549=ORIENTED_EDGE('',*,*,#6131,.T.);
#3550=ORIENTED_EDGE('',*,*,#6133,.F.);
#3551=ORIENTED_EDGE('',*,*,#6121,.F.);
#3552=ORIENTED_EDGE('',*,*,#6128,.T.);
#3553=ORIENTED_EDGE('',*,*,#6122,.T.);
#3554=ORIENTED_EDGE('',*,*,#6132,.F.);
#3555=ORIENTED_EDGE('',*,*,#6122,.F.);
#3556=ORIENTED_EDGE('',*,*,#6127,.T.);
#3557=ORIENTED_EDGE('',*,*,#6123,.T.);
#3558=ORIENTED_EDGE('',*,*,#6131,.F.);
#3559=ORIENTED_EDGE('',*,*,#6123,.F.);
#3560=ORIENTED_EDGE('',*,*,#6126,.T.);
#3561=ORIENTED_EDGE('',*,*,#6124,.T.);
#3562=ORIENTED_EDGE('',*,*,#6135,.F.);
#3563=ORIENTED_EDGE('',*,*,#6143,.F.);
#3564=ORIENTED_EDGE('',*,*,#6144,.F.);
#3565=ORIENTED_EDGE('',*,*,#6145,.F.);
#3566=ORIENTED_EDGE('',*,*,#6146,.F.);
#3567=ORIENTED_EDGE('',*,*,#6147,.F.);
#3568=ORIENTED_EDGE('',*,*,#6136,.F.);
#3569=ORIENTED_EDGE('',*,*,#6148,.T.);
#3570=ORIENTED_EDGE('',*,*,#6137,.T.);
#3571=ORIENTED_EDGE('',*,*,#6138,.T.);
#3572=ORIENTED_EDGE('',*,*,#6152,.T.);
#3573=ORIENTED_EDGE('',*,*,#6151,.T.);
#3574=ORIENTED_EDGE('',*,*,#6150,.T.);
#3575=ORIENTED_EDGE('',*,*,#6149,.T.);
#3576=ORIENTED_EDGE('',*,*,#6151,.F.);
#3577=ORIENTED_EDGE('',*,*,#6139,.F.);
#3578=ORIENTED_EDGE('',*,*,#6146,.T.);
#3579=ORIENTED_EDGE('',*,*,#6140,.T.);
#3580=ORIENTED_EDGE('',*,*,#6150,.F.);
#3581=ORIENTED_EDGE('',*,*,#6140,.F.);
#3582=ORIENTED_EDGE('',*,*,#6145,.T.);
#3583=ORIENTED_EDGE('',*,*,#6141,.T.);
#3584=ORIENTED_EDGE('',*,*,#6149,.F.);
#3585=ORIENTED_EDGE('',*,*,#6141,.F.);
#3586=ORIENTED_EDGE('',*,*,#6144,.T.);
#3587=ORIENTED_EDGE('',*,*,#6142,.T.);
#3588=ORIENTED_EDGE('',*,*,#6153,.F.);
#3589=ORIENTED_EDGE('',*,*,#6159,.F.);
#3590=ORIENTED_EDGE('',*,*,#6160,.F.);
#3591=ORIENTED_EDGE('',*,*,#6161,.F.);
#3592=ORIENTED_EDGE('',*,*,#6162,.F.);
#3593=ORIENTED_EDGE('',*,*,#6163,.F.);
#3594=ORIENTED_EDGE('',*,*,#5757,.F.);
#3595=ORIENTED_EDGE('',*,*,#6164,.T.);
#3596=ORIENTED_EDGE('',*,*,#6154,.T.);
#3597=ORIENTED_EDGE('',*,*,#5758,.T.);
#3598=ORIENTED_EDGE('',*,*,#6168,.T.);
#3599=ORIENTED_EDGE('',*,*,#6167,.T.);
#3600=ORIENTED_EDGE('',*,*,#6166,.T.);
#3601=ORIENTED_EDGE('',*,*,#6165,.T.);
#3602=ORIENTED_EDGE('',*,*,#6167,.F.);
#3603=ORIENTED_EDGE('',*,*,#6155,.F.);
#3604=ORIENTED_EDGE('',*,*,#6162,.T.);
#3605=ORIENTED_EDGE('',*,*,#6156,.T.);
#3606=ORIENTED_EDGE('',*,*,#6166,.F.);
#3607=ORIENTED_EDGE('',*,*,#6156,.F.);
#3608=ORIENTED_EDGE('',*,*,#6161,.T.);
#3609=ORIENTED_EDGE('',*,*,#6157,.T.);
#3610=ORIENTED_EDGE('',*,*,#6165,.F.);
#3611=ORIENTED_EDGE('',*,*,#6157,.F.);
#3612=ORIENTED_EDGE('',*,*,#6160,.T.);
#3613=ORIENTED_EDGE('',*,*,#6158,.T.);
#3614=ORIENTED_EDGE('',*,*,#6169,.F.);
#3615=ORIENTED_EDGE('',*,*,#6177,.F.);
#3616=ORIENTED_EDGE('',*,*,#6178,.F.);
#3617=ORIENTED_EDGE('',*,*,#6179,.F.);
#3618=ORIENTED_EDGE('',*,*,#6180,.F.);
#3619=ORIENTED_EDGE('',*,*,#6181,.F.);
#3620=ORIENTED_EDGE('',*,*,#6170,.F.);
#3621=ORIENTED_EDGE('',*,*,#6182,.T.);
#3622=ORIENTED_EDGE('',*,*,#6171,.T.);
#3623=ORIENTED_EDGE('',*,*,#6172,.T.);
#3624=ORIENTED_EDGE('',*,*,#6186,.T.);
#3625=ORIENTED_EDGE('',*,*,#6185,.T.);
#3626=ORIENTED_EDGE('',*,*,#6184,.T.);
#3627=ORIENTED_EDGE('',*,*,#6183,.T.);
#3628=ORIENTED_EDGE('',*,*,#6185,.F.);
#3629=ORIENTED_EDGE('',*,*,#6173,.F.);
#3630=ORIENTED_EDGE('',*,*,#6180,.T.);
#3631=ORIENTED_EDGE('',*,*,#6174,.T.);
#3632=ORIENTED_EDGE('',*,*,#6184,.F.);
#3633=ORIENTED_EDGE('',*,*,#6174,.F.);
#3634=ORIENTED_EDGE('',*,*,#6179,.T.);
#3635=ORIENTED_EDGE('',*,*,#6175,.T.);
#3636=ORIENTED_EDGE('',*,*,#6183,.F.);
#3637=ORIENTED_EDGE('',*,*,#6175,.F.);
#3638=ORIENTED_EDGE('',*,*,#6178,.T.);
#3639=ORIENTED_EDGE('',*,*,#6176,.T.);
#3640=ORIENTED_EDGE('',*,*,#6187,.F.);
#3641=ORIENTED_EDGE('',*,*,#6195,.F.);
#3642=ORIENTED_EDGE('',*,*,#6196,.F.);
#3643=ORIENTED_EDGE('',*,*,#6197,.F.);
#3644=ORIENTED_EDGE('',*,*,#6198,.F.);
#3645=ORIENTED_EDGE('',*,*,#6199,.F.);
#3646=ORIENTED_EDGE('',*,*,#6188,.F.);
#3647=ORIENTED_EDGE('',*,*,#6200,.T.);
#3648=ORIENTED_EDGE('',*,*,#6189,.T.);
#3649=ORIENTED_EDGE('',*,*,#6190,.T.);
#3650=ORIENTED_EDGE('',*,*,#6204,.T.);
#3651=ORIENTED_EDGE('',*,*,#6203,.T.);
#3652=ORIENTED_EDGE('',*,*,#6202,.T.);
#3653=ORIENTED_EDGE('',*,*,#6201,.T.);
#3654=ORIENTED_EDGE('',*,*,#6203,.F.);
#3655=ORIENTED_EDGE('',*,*,#6191,.F.);
#3656=ORIENTED_EDGE('',*,*,#6198,.T.);
#3657=ORIENTED_EDGE('',*,*,#6192,.T.);
#3658=ORIENTED_EDGE('',*,*,#6202,.F.);
#3659=ORIENTED_EDGE('',*,*,#6192,.F.);
#3660=ORIENTED_EDGE('',*,*,#6197,.T.);
#3661=ORIENTED_EDGE('',*,*,#6193,.T.);
#3662=ORIENTED_EDGE('',*,*,#6201,.F.);
#3663=ORIENTED_EDGE('',*,*,#6193,.F.);
#3664=ORIENTED_EDGE('',*,*,#6196,.T.);
#3665=ORIENTED_EDGE('',*,*,#6194,.T.);
#3666=ORIENTED_EDGE('',*,*,#6205,.F.);
#3667=ORIENTED_EDGE('',*,*,#6213,.F.);
#3668=ORIENTED_EDGE('',*,*,#6214,.F.);
#3669=ORIENTED_EDGE('',*,*,#6215,.F.);
#3670=ORIENTED_EDGE('',*,*,#6216,.F.);
#3671=ORIENTED_EDGE('',*,*,#6217,.F.);
#3672=ORIENTED_EDGE('',*,*,#6206,.F.);
#3673=ORIENTED_EDGE('',*,*,#6218,.T.);
#3674=ORIENTED_EDGE('',*,*,#6207,.T.);
#3675=ORIENTED_EDGE('',*,*,#6208,.T.);
#3676=ORIENTED_EDGE('',*,*,#6222,.T.);
#3677=ORIENTED_EDGE('',*,*,#6221,.T.);
#3678=ORIENTED_EDGE('',*,*,#6220,.T.);
#3679=ORIENTED_EDGE('',*,*,#6219,.T.);
#3680=ORIENTED_EDGE('',*,*,#6221,.F.);
#3681=ORIENTED_EDGE('',*,*,#6209,.F.);
#3682=ORIENTED_EDGE('',*,*,#6216,.T.);
#3683=ORIENTED_EDGE('',*,*,#6210,.T.);
#3684=ORIENTED_EDGE('',*,*,#6220,.F.);
#3685=ORIENTED_EDGE('',*,*,#6210,.F.);
#3686=ORIENTED_EDGE('',*,*,#6215,.T.);
#3687=ORIENTED_EDGE('',*,*,#6211,.T.);
#3688=ORIENTED_EDGE('',*,*,#6219,.F.);
#3689=ORIENTED_EDGE('',*,*,#6211,.F.);
#3690=ORIENTED_EDGE('',*,*,#6214,.T.);
#3691=ORIENTED_EDGE('',*,*,#6212,.T.);
#3692=ORIENTED_EDGE('',*,*,#6223,.F.);
#3693=ORIENTED_EDGE('',*,*,#6231,.F.);
#3694=ORIENTED_EDGE('',*,*,#6232,.F.);
#3695=ORIENTED_EDGE('',*,*,#6233,.F.);
#3696=ORIENTED_EDGE('',*,*,#6234,.F.);
#3697=ORIENTED_EDGE('',*,*,#6235,.F.);
#3698=ORIENTED_EDGE('',*,*,#6224,.F.);
#3699=ORIENTED_EDGE('',*,*,#6236,.T.);
#3700=ORIENTED_EDGE('',*,*,#6225,.T.);
#3701=ORIENTED_EDGE('',*,*,#6226,.T.);
#3702=ORIENTED_EDGE('',*,*,#6240,.T.);
#3703=ORIENTED_EDGE('',*,*,#6239,.T.);
#3704=ORIENTED_EDGE('',*,*,#6238,.T.);
#3705=ORIENTED_EDGE('',*,*,#6237,.T.);
#3706=ORIENTED_EDGE('',*,*,#6239,.F.);
#3707=ORIENTED_EDGE('',*,*,#6227,.F.);
#3708=ORIENTED_EDGE('',*,*,#6234,.T.);
#3709=ORIENTED_EDGE('',*,*,#6228,.T.);
#3710=ORIENTED_EDGE('',*,*,#6238,.F.);
#3711=ORIENTED_EDGE('',*,*,#6228,.F.);
#3712=ORIENTED_EDGE('',*,*,#6233,.T.);
#3713=ORIENTED_EDGE('',*,*,#6229,.T.);
#3714=ORIENTED_EDGE('',*,*,#6237,.F.);
#3715=ORIENTED_EDGE('',*,*,#6229,.F.);
#3716=ORIENTED_EDGE('',*,*,#6232,.T.);
#3717=ORIENTED_EDGE('',*,*,#6230,.T.);
#3718=ORIENTED_EDGE('',*,*,#6241,.F.);
#3719=ORIENTED_EDGE('',*,*,#6249,.F.);
#3720=ORIENTED_EDGE('',*,*,#6250,.F.);
#3721=ORIENTED_EDGE('',*,*,#6251,.F.);
#3722=ORIENTED_EDGE('',*,*,#6252,.F.);
#3723=ORIENTED_EDGE('',*,*,#6253,.F.);
#3724=ORIENTED_EDGE('',*,*,#6242,.F.);
#3725=ORIENTED_EDGE('',*,*,#6254,.T.);
#3726=ORIENTED_EDGE('',*,*,#6243,.T.);
#3727=ORIENTED_EDGE('',*,*,#6244,.T.);
#3728=ORIENTED_EDGE('',*,*,#6258,.T.);
#3729=ORIENTED_EDGE('',*,*,#6257,.T.);
#3730=ORIENTED_EDGE('',*,*,#6256,.T.);
#3731=ORIENTED_EDGE('',*,*,#6255,.T.);
#3732=ORIENTED_EDGE('',*,*,#6257,.F.);
#3733=ORIENTED_EDGE('',*,*,#6245,.F.);
#3734=ORIENTED_EDGE('',*,*,#6252,.T.);
#3735=ORIENTED_EDGE('',*,*,#6246,.T.);
#3736=ORIENTED_EDGE('',*,*,#6256,.F.);
#3737=ORIENTED_EDGE('',*,*,#6246,.F.);
#3738=ORIENTED_EDGE('',*,*,#6251,.T.);
#3739=ORIENTED_EDGE('',*,*,#6247,.T.);
#3740=ORIENTED_EDGE('',*,*,#6255,.F.);
#3741=ORIENTED_EDGE('',*,*,#6247,.F.);
#3742=ORIENTED_EDGE('',*,*,#6250,.T.);
#3743=ORIENTED_EDGE('',*,*,#6248,.T.);
#3744=ORIENTED_EDGE('',*,*,#6259,.F.);
#3745=ORIENTED_EDGE('',*,*,#6267,.F.);
#3746=ORIENTED_EDGE('',*,*,#6268,.F.);
#3747=ORIENTED_EDGE('',*,*,#6269,.F.);
#3748=ORIENTED_EDGE('',*,*,#6270,.F.);
#3749=ORIENTED_EDGE('',*,*,#6271,.F.);
#3750=ORIENTED_EDGE('',*,*,#6260,.F.);
#3751=ORIENTED_EDGE('',*,*,#6272,.T.);
#3752=ORIENTED_EDGE('',*,*,#6261,.T.);
#3753=ORIENTED_EDGE('',*,*,#6262,.T.);
#3754=ORIENTED_EDGE('',*,*,#6276,.T.);
#3755=ORIENTED_EDGE('',*,*,#6275,.T.);
#3756=ORIENTED_EDGE('',*,*,#6274,.T.);
#3757=ORIENTED_EDGE('',*,*,#6273,.T.);
#3758=ORIENTED_EDGE('',*,*,#6275,.F.);
#3759=ORIENTED_EDGE('',*,*,#6263,.F.);
#3760=ORIENTED_EDGE('',*,*,#6270,.T.);
#3761=ORIENTED_EDGE('',*,*,#6264,.T.);
#3762=ORIENTED_EDGE('',*,*,#6274,.F.);
#3763=ORIENTED_EDGE('',*,*,#6264,.F.);
#3764=ORIENTED_EDGE('',*,*,#6269,.T.);
#3765=ORIENTED_EDGE('',*,*,#6265,.T.);
#3766=ORIENTED_EDGE('',*,*,#6273,.F.);
#3767=ORIENTED_EDGE('',*,*,#6265,.F.);
#3768=ORIENTED_EDGE('',*,*,#6268,.T.);
#3769=ORIENTED_EDGE('',*,*,#6266,.T.);
#3770=ORIENTED_EDGE('',*,*,#6277,.F.);
#3771=ORIENTED_EDGE('',*,*,#6283,.F.);
#3772=ORIENTED_EDGE('',*,*,#6284,.F.);
#3773=ORIENTED_EDGE('',*,*,#6285,.F.);
#3774=ORIENTED_EDGE('',*,*,#6286,.F.);
#3775=ORIENTED_EDGE('',*,*,#6287,.F.);
#3776=ORIENTED_EDGE('',*,*,#5755,.F.);
#3777=ORIENTED_EDGE('',*,*,#6288,.T.);
#3778=ORIENTED_EDGE('',*,*,#6278,.T.);
#3779=ORIENTED_EDGE('',*,*,#5756,.T.);
#3780=ORIENTED_EDGE('',*,*,#6292,.T.);
#3781=ORIENTED_EDGE('',*,*,#6291,.T.);
#3782=ORIENTED_EDGE('',*,*,#6290,.T.);
#3783=ORIENTED_EDGE('',*,*,#6289,.T.);
#3784=ORIENTED_EDGE('',*,*,#6291,.F.);
#3785=ORIENTED_EDGE('',*,*,#6279,.F.);
#3786=ORIENTED_EDGE('',*,*,#6286,.T.);
#3787=ORIENTED_EDGE('',*,*,#6280,.T.);
#3788=ORIENTED_EDGE('',*,*,#6290,.F.);
#3789=ORIENTED_EDGE('',*,*,#6280,.F.);
#3790=ORIENTED_EDGE('',*,*,#6285,.T.);
#3791=ORIENTED_EDGE('',*,*,#6281,.T.);
#3792=ORIENTED_EDGE('',*,*,#6289,.F.);
#3793=ORIENTED_EDGE('',*,*,#6281,.F.);
#3794=ORIENTED_EDGE('',*,*,#6284,.T.);
#3795=ORIENTED_EDGE('',*,*,#6282,.T.);
#3796=ORIENTED_EDGE('',*,*,#6293,.F.);
#3797=ORIENTED_EDGE('',*,*,#6301,.F.);
#3798=ORIENTED_EDGE('',*,*,#6302,.F.);
#3799=ORIENTED_EDGE('',*,*,#6303,.F.);
#3800=ORIENTED_EDGE('',*,*,#6304,.F.);
#3801=ORIENTED_EDGE('',*,*,#6305,.F.);
#3802=ORIENTED_EDGE('',*,*,#6294,.F.);
#3803=ORIENTED_EDGE('',*,*,#6306,.T.);
#3804=ORIENTED_EDGE('',*,*,#6295,.T.);
#3805=ORIENTED_EDGE('',*,*,#6296,.T.);
#3806=ORIENTED_EDGE('',*,*,#6310,.T.);
#3807=ORIENTED_EDGE('',*,*,#6309,.T.);
#3808=ORIENTED_EDGE('',*,*,#6308,.T.);
#3809=ORIENTED_EDGE('',*,*,#6307,.T.);
#3810=ORIENTED_EDGE('',*,*,#6309,.F.);
#3811=ORIENTED_EDGE('',*,*,#6297,.F.);
#3812=ORIENTED_EDGE('',*,*,#6304,.T.);
#3813=ORIENTED_EDGE('',*,*,#6298,.T.);
#3814=ORIENTED_EDGE('',*,*,#6308,.F.);
#3815=ORIENTED_EDGE('',*,*,#6298,.F.);
#3816=ORIENTED_EDGE('',*,*,#6303,.T.);
#3817=ORIENTED_EDGE('',*,*,#6299,.T.);
#3818=ORIENTED_EDGE('',*,*,#6307,.F.);
#3819=ORIENTED_EDGE('',*,*,#6299,.F.);
#3820=ORIENTED_EDGE('',*,*,#6302,.T.);
#3821=ORIENTED_EDGE('',*,*,#6300,.T.);
#3822=ORIENTED_EDGE('',*,*,#6311,.F.);
#3823=ORIENTED_EDGE('',*,*,#6319,.F.);
#3824=ORIENTED_EDGE('',*,*,#6320,.F.);
#3825=ORIENTED_EDGE('',*,*,#6321,.F.);
#3826=ORIENTED_EDGE('',*,*,#6322,.F.);
#3827=ORIENTED_EDGE('',*,*,#6323,.F.);
#3828=ORIENTED_EDGE('',*,*,#6312,.F.);
#3829=ORIENTED_EDGE('',*,*,#6324,.T.);
#3830=ORIENTED_EDGE('',*,*,#6313,.T.);
#3831=ORIENTED_EDGE('',*,*,#6314,.T.);
#3832=ORIENTED_EDGE('',*,*,#6328,.T.);
#3833=ORIENTED_EDGE('',*,*,#6327,.T.);
#3834=ORIENTED_EDGE('',*,*,#6326,.T.);
#3835=ORIENTED_EDGE('',*,*,#6325,.T.);
#3836=ORIENTED_EDGE('',*,*,#6327,.F.);
#3837=ORIENTED_EDGE('',*,*,#6315,.F.);
#3838=ORIENTED_EDGE('',*,*,#6322,.T.);
#3839=ORIENTED_EDGE('',*,*,#6316,.T.);
#3840=ORIENTED_EDGE('',*,*,#6326,.F.);
#3841=ORIENTED_EDGE('',*,*,#6316,.F.);
#3842=ORIENTED_EDGE('',*,*,#6321,.T.);
#3843=ORIENTED_EDGE('',*,*,#6317,.T.);
#3844=ORIENTED_EDGE('',*,*,#6325,.F.);
#3845=ORIENTED_EDGE('',*,*,#6317,.F.);
#3846=ORIENTED_EDGE('',*,*,#6320,.T.);
#3847=ORIENTED_EDGE('',*,*,#6318,.T.);
#3848=ORIENTED_EDGE('',*,*,#6329,.F.);
#3849=ORIENTED_EDGE('',*,*,#6337,.F.);
#3850=ORIENTED_EDGE('',*,*,#6338,.F.);
#3851=ORIENTED_EDGE('',*,*,#6339,.F.);
#3852=ORIENTED_EDGE('',*,*,#6340,.F.);
#3853=ORIENTED_EDGE('',*,*,#6341,.F.);
#3854=ORIENTED_EDGE('',*,*,#6330,.F.);
#3855=ORIENTED_EDGE('',*,*,#6342,.T.);
#3856=ORIENTED_EDGE('',*,*,#6331,.T.);
#3857=ORIENTED_EDGE('',*,*,#6332,.T.);
#3858=ORIENTED_EDGE('',*,*,#6346,.T.);
#3859=ORIENTED_EDGE('',*,*,#6345,.T.);
#3860=ORIENTED_EDGE('',*,*,#6344,.T.);
#3861=ORIENTED_EDGE('',*,*,#6343,.T.);
#3862=ORIENTED_EDGE('',*,*,#6345,.F.);
#3863=ORIENTED_EDGE('',*,*,#6333,.F.);
#3864=ORIENTED_EDGE('',*,*,#6340,.T.);
#3865=ORIENTED_EDGE('',*,*,#6334,.T.);
#3866=ORIENTED_EDGE('',*,*,#6344,.F.);
#3867=ORIENTED_EDGE('',*,*,#6334,.F.);
#3868=ORIENTED_EDGE('',*,*,#6339,.T.);
#3869=ORIENTED_EDGE('',*,*,#6335,.T.);
#3870=ORIENTED_EDGE('',*,*,#6343,.F.);
#3871=ORIENTED_EDGE('',*,*,#6335,.F.);
#3872=ORIENTED_EDGE('',*,*,#6338,.T.);
#3873=ORIENTED_EDGE('',*,*,#6336,.T.);
#3874=ORIENTED_EDGE('',*,*,#6347,.F.);
#3875=ORIENTED_EDGE('',*,*,#6355,.F.);
#3876=ORIENTED_EDGE('',*,*,#6356,.F.);
#3877=ORIENTED_EDGE('',*,*,#6357,.F.);
#3878=ORIENTED_EDGE('',*,*,#6358,.F.);
#3879=ORIENTED_EDGE('',*,*,#6359,.F.);
#3880=ORIENTED_EDGE('',*,*,#6348,.F.);
#3881=ORIENTED_EDGE('',*,*,#6360,.T.);
#3882=ORIENTED_EDGE('',*,*,#6349,.T.);
#3883=ORIENTED_EDGE('',*,*,#6350,.T.);
#3884=ORIENTED_EDGE('',*,*,#6364,.T.);
#3885=ORIENTED_EDGE('',*,*,#6363,.T.);
#3886=ORIENTED_EDGE('',*,*,#6362,.T.);
#3887=ORIENTED_EDGE('',*,*,#6361,.T.);
#3888=ORIENTED_EDGE('',*,*,#6363,.F.);
#3889=ORIENTED_EDGE('',*,*,#6351,.F.);
#3890=ORIENTED_EDGE('',*,*,#6358,.T.);
#3891=ORIENTED_EDGE('',*,*,#6352,.T.);
#3892=ORIENTED_EDGE('',*,*,#6362,.F.);
#3893=ORIENTED_EDGE('',*,*,#6352,.F.);
#3894=ORIENTED_EDGE('',*,*,#6357,.T.);
#3895=ORIENTED_EDGE('',*,*,#6353,.T.);
#3896=ORIENTED_EDGE('',*,*,#6361,.F.);
#3897=ORIENTED_EDGE('',*,*,#6353,.F.);
#3898=ORIENTED_EDGE('',*,*,#6356,.T.);
#3899=ORIENTED_EDGE('',*,*,#6354,.T.);
#3900=ORIENTED_EDGE('',*,*,#6365,.F.);
#3901=ORIENTED_EDGE('',*,*,#6373,.F.);
#3902=ORIENTED_EDGE('',*,*,#6374,.F.);
#3903=ORIENTED_EDGE('',*,*,#6375,.F.);
#3904=ORIENTED_EDGE('',*,*,#6376,.F.);
#3905=ORIENTED_EDGE('',*,*,#6377,.F.);
#3906=ORIENTED_EDGE('',*,*,#6366,.F.);
#3907=ORIENTED_EDGE('',*,*,#6378,.T.);
#3908=ORIENTED_EDGE('',*,*,#6367,.T.);
#3909=ORIENTED_EDGE('',*,*,#6368,.T.);
#3910=ORIENTED_EDGE('',*,*,#6382,.T.);
#3911=ORIENTED_EDGE('',*,*,#6381,.T.);
#3912=ORIENTED_EDGE('',*,*,#6380,.T.);
#3913=ORIENTED_EDGE('',*,*,#6379,.T.);
#3914=ORIENTED_EDGE('',*,*,#6381,.F.);
#3915=ORIENTED_EDGE('',*,*,#6369,.F.);
#3916=ORIENTED_EDGE('',*,*,#6376,.T.);
#3917=ORIENTED_EDGE('',*,*,#6370,.T.);
#3918=ORIENTED_EDGE('',*,*,#6380,.F.);
#3919=ORIENTED_EDGE('',*,*,#6370,.F.);
#3920=ORIENTED_EDGE('',*,*,#6375,.T.);
#3921=ORIENTED_EDGE('',*,*,#6371,.T.);
#3922=ORIENTED_EDGE('',*,*,#6379,.F.);
#3923=ORIENTED_EDGE('',*,*,#6371,.F.);
#3924=ORIENTED_EDGE('',*,*,#6374,.T.);
#3925=ORIENTED_EDGE('',*,*,#6372,.T.);
#3926=ORIENTED_EDGE('',*,*,#6383,.F.);
#3927=ORIENTED_EDGE('',*,*,#6391,.F.);
#3928=ORIENTED_EDGE('',*,*,#6392,.F.);
#3929=ORIENTED_EDGE('',*,*,#6393,.F.);
#3930=ORIENTED_EDGE('',*,*,#6394,.F.);
#3931=ORIENTED_EDGE('',*,*,#6395,.F.);
#3932=ORIENTED_EDGE('',*,*,#6384,.F.);
#3933=ORIENTED_EDGE('',*,*,#6396,.T.);
#3934=ORIENTED_EDGE('',*,*,#6385,.T.);
#3935=ORIENTED_EDGE('',*,*,#6386,.T.);
#3936=ORIENTED_EDGE('',*,*,#6400,.T.);
#3937=ORIENTED_EDGE('',*,*,#6399,.T.);
#3938=ORIENTED_EDGE('',*,*,#6398,.T.);
#3939=ORIENTED_EDGE('',*,*,#6397,.T.);
#3940=ORIENTED_EDGE('',*,*,#6399,.F.);
#3941=ORIENTED_EDGE('',*,*,#6387,.F.);
#3942=ORIENTED_EDGE('',*,*,#6394,.T.);
#3943=ORIENTED_EDGE('',*,*,#6388,.T.);
#3944=ORIENTED_EDGE('',*,*,#6398,.F.);
#3945=ORIENTED_EDGE('',*,*,#6388,.F.);
#3946=ORIENTED_EDGE('',*,*,#6393,.T.);
#3947=ORIENTED_EDGE('',*,*,#6389,.T.);
#3948=ORIENTED_EDGE('',*,*,#6397,.F.);
#3949=ORIENTED_EDGE('',*,*,#6389,.F.);
#3950=ORIENTED_EDGE('',*,*,#6392,.T.);
#3951=ORIENTED_EDGE('',*,*,#6390,.T.);
#3952=ORIENTED_EDGE('',*,*,#6401,.F.);
#3953=ORIENTED_EDGE('',*,*,#6407,.F.);
#3954=ORIENTED_EDGE('',*,*,#6408,.F.);
#3955=ORIENTED_EDGE('',*,*,#6409,.F.);
#3956=ORIENTED_EDGE('',*,*,#6410,.F.);
#3957=ORIENTED_EDGE('',*,*,#6411,.F.);
#3958=ORIENTED_EDGE('',*,*,#5753,.F.);
#3959=ORIENTED_EDGE('',*,*,#6412,.T.);
#3960=ORIENTED_EDGE('',*,*,#6402,.T.);
#3961=ORIENTED_EDGE('',*,*,#5754,.T.);
#3962=ORIENTED_EDGE('',*,*,#6416,.T.);
#3963=ORIENTED_EDGE('',*,*,#6415,.T.);
#3964=ORIENTED_EDGE('',*,*,#6414,.T.);
#3965=ORIENTED_EDGE('',*,*,#6413,.T.);
#3966=ORIENTED_EDGE('',*,*,#6415,.F.);
#3967=ORIENTED_EDGE('',*,*,#6403,.F.);
#3968=ORIENTED_EDGE('',*,*,#6410,.T.);
#3969=ORIENTED_EDGE('',*,*,#6404,.T.);
#3970=ORIENTED_EDGE('',*,*,#6414,.F.);
#3971=ORIENTED_EDGE('',*,*,#6404,.F.);
#3972=ORIENTED_EDGE('',*,*,#6409,.T.);
#3973=ORIENTED_EDGE('',*,*,#6405,.T.);
#3974=ORIENTED_EDGE('',*,*,#6413,.F.);
#3975=ORIENTED_EDGE('',*,*,#6405,.F.);
#3976=ORIENTED_EDGE('',*,*,#6408,.T.);
#3977=ORIENTED_EDGE('',*,*,#6406,.T.);
#3978=ORIENTED_EDGE('',*,*,#6417,.F.);
#3979=ORIENTED_EDGE('',*,*,#6425,.F.);
#3980=ORIENTED_EDGE('',*,*,#6426,.F.);
#3981=ORIENTED_EDGE('',*,*,#6427,.F.);
#3982=ORIENTED_EDGE('',*,*,#6428,.F.);
#3983=ORIENTED_EDGE('',*,*,#6429,.F.);
#3984=ORIENTED_EDGE('',*,*,#6418,.F.);
#3985=ORIENTED_EDGE('',*,*,#6430,.T.);
#3986=ORIENTED_EDGE('',*,*,#6419,.T.);
#3987=ORIENTED_EDGE('',*,*,#6420,.T.);
#3988=ORIENTED_EDGE('',*,*,#6434,.T.);
#3989=ORIENTED_EDGE('',*,*,#6433,.T.);
#3990=ORIENTED_EDGE('',*,*,#6432,.T.);
#3991=ORIENTED_EDGE('',*,*,#6431,.T.);
#3992=ORIENTED_EDGE('',*,*,#6433,.F.);
#3993=ORIENTED_EDGE('',*,*,#6421,.F.);
#3994=ORIENTED_EDGE('',*,*,#6428,.T.);
#3995=ORIENTED_EDGE('',*,*,#6422,.T.);
#3996=ORIENTED_EDGE('',*,*,#6432,.F.);
#3997=ORIENTED_EDGE('',*,*,#6422,.F.);
#3998=ORIENTED_EDGE('',*,*,#6427,.T.);
#3999=ORIENTED_EDGE('',*,*,#6423,.T.);
#4000=ORIENTED_EDGE('',*,*,#6431,.F.);
#4001=ORIENTED_EDGE('',*,*,#6423,.F.);
#4002=ORIENTED_EDGE('',*,*,#6426,.T.);
#4003=ORIENTED_EDGE('',*,*,#6424,.T.);
#4004=ORIENTED_EDGE('',*,*,#6435,.F.);
#4005=ORIENTED_EDGE('',*,*,#6443,.F.);
#4006=ORIENTED_EDGE('',*,*,#6444,.F.);
#4007=ORIENTED_EDGE('',*,*,#6445,.F.);
#4008=ORIENTED_EDGE('',*,*,#6446,.F.);
#4009=ORIENTED_EDGE('',*,*,#6447,.F.);
#4010=ORIENTED_EDGE('',*,*,#6436,.F.);
#4011=ORIENTED_EDGE('',*,*,#6448,.T.);
#4012=ORIENTED_EDGE('',*,*,#6437,.T.);
#4013=ORIENTED_EDGE('',*,*,#6438,.T.);
#4014=ORIENTED_EDGE('',*,*,#6452,.T.);
#4015=ORIENTED_EDGE('',*,*,#6451,.T.);
#4016=ORIENTED_EDGE('',*,*,#6450,.T.);
#4017=ORIENTED_EDGE('',*,*,#6449,.T.);
#4018=ORIENTED_EDGE('',*,*,#6451,.F.);
#4019=ORIENTED_EDGE('',*,*,#6439,.F.);
#4020=ORIENTED_EDGE('',*,*,#6446,.T.);
#4021=ORIENTED_EDGE('',*,*,#6440,.T.);
#4022=ORIENTED_EDGE('',*,*,#6450,.F.);
#4023=ORIENTED_EDGE('',*,*,#6440,.F.);
#4024=ORIENTED_EDGE('',*,*,#6445,.T.);
#4025=ORIENTED_EDGE('',*,*,#6441,.T.);
#4026=ORIENTED_EDGE('',*,*,#6449,.F.);
#4027=ORIENTED_EDGE('',*,*,#6441,.F.);
#4028=ORIENTED_EDGE('',*,*,#6444,.T.);
#4029=ORIENTED_EDGE('',*,*,#6442,.T.);
#4030=ORIENTED_EDGE('',*,*,#6453,.F.);
#4031=ORIENTED_EDGE('',*,*,#6461,.F.);
#4032=ORIENTED_EDGE('',*,*,#6462,.F.);
#4033=ORIENTED_EDGE('',*,*,#6463,.F.);
#4034=ORIENTED_EDGE('',*,*,#6464,.F.);
#4035=ORIENTED_EDGE('',*,*,#6465,.F.);
#4036=ORIENTED_EDGE('',*,*,#6454,.F.);
#4037=ORIENTED_EDGE('',*,*,#6466,.T.);
#4038=ORIENTED_EDGE('',*,*,#6455,.T.);
#4039=ORIENTED_EDGE('',*,*,#6456,.T.);
#4040=ORIENTED_EDGE('',*,*,#6470,.T.);
#4041=ORIENTED_EDGE('',*,*,#6469,.T.);
#4042=ORIENTED_EDGE('',*,*,#6468,.T.);
#4043=ORIENTED_EDGE('',*,*,#6467,.T.);
#4044=ORIENTED_EDGE('',*,*,#6469,.F.);
#4045=ORIENTED_EDGE('',*,*,#6457,.F.);
#4046=ORIENTED_EDGE('',*,*,#6464,.T.);
#4047=ORIENTED_EDGE('',*,*,#6458,.T.);
#4048=ORIENTED_EDGE('',*,*,#6468,.F.);
#4049=ORIENTED_EDGE('',*,*,#6458,.F.);
#4050=ORIENTED_EDGE('',*,*,#6463,.T.);
#4051=ORIENTED_EDGE('',*,*,#6459,.T.);
#4052=ORIENTED_EDGE('',*,*,#6467,.F.);
#4053=ORIENTED_EDGE('',*,*,#6459,.F.);
#4054=ORIENTED_EDGE('',*,*,#6462,.T.);
#4055=ORIENTED_EDGE('',*,*,#6460,.T.);
#4056=ORIENTED_EDGE('',*,*,#6471,.F.);
#4057=ORIENTED_EDGE('',*,*,#6479,.F.);
#4058=ORIENTED_EDGE('',*,*,#6480,.F.);
#4059=ORIENTED_EDGE('',*,*,#6481,.F.);
#4060=ORIENTED_EDGE('',*,*,#6482,.F.);
#4061=ORIENTED_EDGE('',*,*,#6483,.F.);
#4062=ORIENTED_EDGE('',*,*,#6472,.F.);
#4063=ORIENTED_EDGE('',*,*,#6484,.T.);
#4064=ORIENTED_EDGE('',*,*,#6473,.T.);
#4065=ORIENTED_EDGE('',*,*,#6474,.T.);
#4066=ORIENTED_EDGE('',*,*,#6488,.T.);
#4067=ORIENTED_EDGE('',*,*,#6487,.T.);
#4068=ORIENTED_EDGE('',*,*,#6486,.T.);
#4069=ORIENTED_EDGE('',*,*,#6485,.T.);
#4070=ORIENTED_EDGE('',*,*,#6487,.F.);
#4071=ORIENTED_EDGE('',*,*,#6475,.F.);
#4072=ORIENTED_EDGE('',*,*,#6482,.T.);
#4073=ORIENTED_EDGE('',*,*,#6476,.T.);
#4074=ORIENTED_EDGE('',*,*,#6486,.F.);
#4075=ORIENTED_EDGE('',*,*,#6476,.F.);
#4076=ORIENTED_EDGE('',*,*,#6481,.T.);
#4077=ORIENTED_EDGE('',*,*,#6477,.T.);
#4078=ORIENTED_EDGE('',*,*,#6485,.F.);
#4079=ORIENTED_EDGE('',*,*,#6477,.F.);
#4080=ORIENTED_EDGE('',*,*,#6480,.T.);
#4081=ORIENTED_EDGE('',*,*,#6478,.T.);
#4082=ORIENTED_EDGE('',*,*,#6489,.F.);
#4083=ORIENTED_EDGE('',*,*,#6497,.F.);
#4084=ORIENTED_EDGE('',*,*,#6498,.F.);
#4085=ORIENTED_EDGE('',*,*,#6499,.F.);
#4086=ORIENTED_EDGE('',*,*,#6500,.F.);
#4087=ORIENTED_EDGE('',*,*,#6501,.F.);
#4088=ORIENTED_EDGE('',*,*,#6490,.F.);
#4089=ORIENTED_EDGE('',*,*,#6502,.T.);
#4090=ORIENTED_EDGE('',*,*,#6491,.T.);
#4091=ORIENTED_EDGE('',*,*,#6492,.T.);
#4092=ORIENTED_EDGE('',*,*,#6506,.T.);
#4093=ORIENTED_EDGE('',*,*,#6505,.T.);
#4094=ORIENTED_EDGE('',*,*,#6504,.T.);
#4095=ORIENTED_EDGE('',*,*,#6503,.T.);
#4096=ORIENTED_EDGE('',*,*,#6505,.F.);
#4097=ORIENTED_EDGE('',*,*,#6493,.F.);
#4098=ORIENTED_EDGE('',*,*,#6500,.T.);
#4099=ORIENTED_EDGE('',*,*,#6494,.T.);
#4100=ORIENTED_EDGE('',*,*,#6504,.F.);
#4101=ORIENTED_EDGE('',*,*,#6494,.F.);
#4102=ORIENTED_EDGE('',*,*,#6499,.T.);
#4103=ORIENTED_EDGE('',*,*,#6495,.T.);
#4104=ORIENTED_EDGE('',*,*,#6503,.F.);
#4105=ORIENTED_EDGE('',*,*,#6495,.F.);
#4106=ORIENTED_EDGE('',*,*,#6498,.T.);
#4107=ORIENTED_EDGE('',*,*,#6496,.T.);
#4108=ORIENTED_EDGE('',*,*,#6507,.F.);
#4109=ORIENTED_EDGE('',*,*,#6515,.F.);
#4110=ORIENTED_EDGE('',*,*,#6516,.F.);
#4111=ORIENTED_EDGE('',*,*,#6517,.F.);
#4112=ORIENTED_EDGE('',*,*,#6518,.F.);
#4113=ORIENTED_EDGE('',*,*,#6519,.F.);
#4114=ORIENTED_EDGE('',*,*,#6508,.F.);
#4115=ORIENTED_EDGE('',*,*,#6520,.T.);
#4116=ORIENTED_EDGE('',*,*,#6509,.T.);
#4117=ORIENTED_EDGE('',*,*,#6510,.T.);
#4118=ORIENTED_EDGE('',*,*,#6524,.T.);
#4119=ORIENTED_EDGE('',*,*,#6523,.T.);
#4120=ORIENTED_EDGE('',*,*,#6522,.T.);
#4121=ORIENTED_EDGE('',*,*,#6521,.T.);
#4122=ORIENTED_EDGE('',*,*,#6523,.F.);
#4123=ORIENTED_EDGE('',*,*,#6511,.F.);
#4124=ORIENTED_EDGE('',*,*,#6518,.T.);
#4125=ORIENTED_EDGE('',*,*,#6512,.T.);
#4126=ORIENTED_EDGE('',*,*,#6522,.F.);
#4127=ORIENTED_EDGE('',*,*,#6512,.F.);
#4128=ORIENTED_EDGE('',*,*,#6517,.T.);
#4129=ORIENTED_EDGE('',*,*,#6513,.T.);
#4130=ORIENTED_EDGE('',*,*,#6521,.F.);
#4131=ORIENTED_EDGE('',*,*,#6513,.F.);
#4132=ORIENTED_EDGE('',*,*,#6516,.T.);
#4133=ORIENTED_EDGE('',*,*,#6514,.T.);
#4134=ORIENTED_EDGE('',*,*,#6525,.F.);
#4135=ORIENTED_EDGE('',*,*,#6531,.F.);
#4136=ORIENTED_EDGE('',*,*,#6532,.F.);
#4137=ORIENTED_EDGE('',*,*,#6533,.F.);
#4138=ORIENTED_EDGE('',*,*,#6534,.F.);
#4139=ORIENTED_EDGE('',*,*,#6535,.F.);
#4140=ORIENTED_EDGE('',*,*,#5751,.F.);
#4141=ORIENTED_EDGE('',*,*,#6536,.T.);
#4142=ORIENTED_EDGE('',*,*,#6526,.T.);
#4143=ORIENTED_EDGE('',*,*,#5752,.T.);
#4144=ORIENTED_EDGE('',*,*,#6540,.T.);
#4145=ORIENTED_EDGE('',*,*,#6539,.T.);
#4146=ORIENTED_EDGE('',*,*,#6538,.T.);
#4147=ORIENTED_EDGE('',*,*,#6537,.T.);
#4148=ORIENTED_EDGE('',*,*,#6539,.F.);
#4149=ORIENTED_EDGE('',*,*,#6527,.F.);
#4150=ORIENTED_EDGE('',*,*,#6534,.T.);
#4151=ORIENTED_EDGE('',*,*,#6528,.T.);
#4152=ORIENTED_EDGE('',*,*,#6538,.F.);
#4153=ORIENTED_EDGE('',*,*,#6528,.F.);
#4154=ORIENTED_EDGE('',*,*,#6533,.T.);
#4155=ORIENTED_EDGE('',*,*,#6529,.T.);
#4156=ORIENTED_EDGE('',*,*,#6537,.F.);
#4157=ORIENTED_EDGE('',*,*,#6529,.F.);
#4158=ORIENTED_EDGE('',*,*,#6532,.T.);
#4159=ORIENTED_EDGE('',*,*,#6530,.T.);
#4160=ORIENTED_EDGE('',*,*,#6541,.F.);
#4161=ORIENTED_EDGE('',*,*,#6549,.F.);
#4162=ORIENTED_EDGE('',*,*,#6550,.F.);
#4163=ORIENTED_EDGE('',*,*,#6551,.F.);
#4164=ORIENTED_EDGE('',*,*,#6552,.F.);
#4165=ORIENTED_EDGE('',*,*,#6553,.F.);
#4166=ORIENTED_EDGE('',*,*,#6542,.F.);
#4167=ORIENTED_EDGE('',*,*,#6554,.T.);
#4168=ORIENTED_EDGE('',*,*,#6543,.T.);
#4169=ORIENTED_EDGE('',*,*,#6544,.T.);
#4170=ORIENTED_EDGE('',*,*,#6558,.T.);
#4171=ORIENTED_EDGE('',*,*,#6557,.T.);
#4172=ORIENTED_EDGE('',*,*,#6556,.T.);
#4173=ORIENTED_EDGE('',*,*,#6555,.T.);
#4174=ORIENTED_EDGE('',*,*,#6557,.F.);
#4175=ORIENTED_EDGE('',*,*,#6545,.F.);
#4176=ORIENTED_EDGE('',*,*,#6552,.T.);
#4177=ORIENTED_EDGE('',*,*,#6546,.T.);
#4178=ORIENTED_EDGE('',*,*,#6556,.F.);
#4179=ORIENTED_EDGE('',*,*,#6546,.F.);
#4180=ORIENTED_EDGE('',*,*,#6551,.T.);
#4181=ORIENTED_EDGE('',*,*,#6547,.T.);
#4182=ORIENTED_EDGE('',*,*,#6555,.F.);
#4183=ORIENTED_EDGE('',*,*,#6547,.F.);
#4184=ORIENTED_EDGE('',*,*,#6550,.T.);
#4185=ORIENTED_EDGE('',*,*,#6548,.T.);
#4186=ORIENTED_EDGE('',*,*,#6559,.F.);
#4187=ORIENTED_EDGE('',*,*,#6567,.F.);
#4188=ORIENTED_EDGE('',*,*,#6568,.F.);
#4189=ORIENTED_EDGE('',*,*,#6569,.F.);
#4190=ORIENTED_EDGE('',*,*,#6570,.F.);
#4191=ORIENTED_EDGE('',*,*,#6571,.F.);
#4192=ORIENTED_EDGE('',*,*,#6560,.F.);
#4193=ORIENTED_EDGE('',*,*,#6572,.T.);
#4194=ORIENTED_EDGE('',*,*,#6561,.T.);
#4195=ORIENTED_EDGE('',*,*,#6562,.T.);
#4196=ORIENTED_EDGE('',*,*,#6576,.T.);
#4197=ORIENTED_EDGE('',*,*,#6575,.T.);
#4198=ORIENTED_EDGE('',*,*,#6574,.T.);
#4199=ORIENTED_EDGE('',*,*,#6573,.T.);
#4200=ORIENTED_EDGE('',*,*,#6575,.F.);
#4201=ORIENTED_EDGE('',*,*,#6563,.F.);
#4202=ORIENTED_EDGE('',*,*,#6570,.T.);
#4203=ORIENTED_EDGE('',*,*,#6564,.T.);
#4204=ORIENTED_EDGE('',*,*,#6574,.F.);
#4205=ORIENTED_EDGE('',*,*,#6564,.F.);
#4206=ORIENTED_EDGE('',*,*,#6569,.T.);
#4207=ORIENTED_EDGE('',*,*,#6565,.T.);
#4208=ORIENTED_EDGE('',*,*,#6573,.F.);
#4209=ORIENTED_EDGE('',*,*,#6565,.F.);
#4210=ORIENTED_EDGE('',*,*,#6568,.T.);
#4211=ORIENTED_EDGE('',*,*,#6566,.T.);
#4212=ORIENTED_EDGE('',*,*,#6577,.F.);
#4213=ORIENTED_EDGE('',*,*,#6585,.F.);
#4214=ORIENTED_EDGE('',*,*,#6586,.F.);
#4215=ORIENTED_EDGE('',*,*,#6587,.F.);
#4216=ORIENTED_EDGE('',*,*,#6588,.F.);
#4217=ORIENTED_EDGE('',*,*,#6589,.F.);
#4218=ORIENTED_EDGE('',*,*,#6578,.F.);
#4219=ORIENTED_EDGE('',*,*,#6590,.T.);
#4220=ORIENTED_EDGE('',*,*,#6579,.T.);
#4221=ORIENTED_EDGE('',*,*,#6580,.T.);
#4222=ORIENTED_EDGE('',*,*,#6594,.T.);
#4223=ORIENTED_EDGE('',*,*,#6593,.T.);
#4224=ORIENTED_EDGE('',*,*,#6592,.T.);
#4225=ORIENTED_EDGE('',*,*,#6591,.T.);
#4226=ORIENTED_EDGE('',*,*,#6593,.F.);
#4227=ORIENTED_EDGE('',*,*,#6581,.F.);
#4228=ORIENTED_EDGE('',*,*,#6588,.T.);
#4229=ORIENTED_EDGE('',*,*,#6582,.T.);
#4230=ORIENTED_EDGE('',*,*,#6592,.F.);
#4231=ORIENTED_EDGE('',*,*,#6582,.F.);
#4232=ORIENTED_EDGE('',*,*,#6587,.T.);
#4233=ORIENTED_EDGE('',*,*,#6583,.T.);
#4234=ORIENTED_EDGE('',*,*,#6591,.F.);
#4235=ORIENTED_EDGE('',*,*,#6583,.F.);
#4236=ORIENTED_EDGE('',*,*,#6586,.T.);
#4237=ORIENTED_EDGE('',*,*,#6584,.T.);
#4238=ORIENTED_EDGE('',*,*,#6595,.F.);
#4239=ORIENTED_EDGE('',*,*,#6603,.F.);
#4240=ORIENTED_EDGE('',*,*,#6604,.F.);
#4241=ORIENTED_EDGE('',*,*,#6605,.F.);
#4242=ORIENTED_EDGE('',*,*,#6606,.F.);
#4243=ORIENTED_EDGE('',*,*,#6607,.F.);
#4244=ORIENTED_EDGE('',*,*,#6596,.F.);
#4245=ORIENTED_EDGE('',*,*,#6608,.T.);
#4246=ORIENTED_EDGE('',*,*,#6597,.T.);
#4247=ORIENTED_EDGE('',*,*,#6598,.T.);
#4248=ORIENTED_EDGE('',*,*,#6612,.T.);
#4249=ORIENTED_EDGE('',*,*,#6611,.T.);
#4250=ORIENTED_EDGE('',*,*,#6610,.T.);
#4251=ORIENTED_EDGE('',*,*,#6609,.T.);
#4252=ORIENTED_EDGE('',*,*,#6611,.F.);
#4253=ORIENTED_EDGE('',*,*,#6599,.F.);
#4254=ORIENTED_EDGE('',*,*,#6606,.T.);
#4255=ORIENTED_EDGE('',*,*,#6600,.T.);
#4256=ORIENTED_EDGE('',*,*,#6610,.F.);
#4257=ORIENTED_EDGE('',*,*,#6600,.F.);
#4258=ORIENTED_EDGE('',*,*,#6605,.T.);
#4259=ORIENTED_EDGE('',*,*,#6601,.T.);
#4260=ORIENTED_EDGE('',*,*,#6609,.F.);
#4261=ORIENTED_EDGE('',*,*,#6601,.F.);
#4262=ORIENTED_EDGE('',*,*,#6604,.T.);
#4263=ORIENTED_EDGE('',*,*,#6602,.T.);
#4264=ORIENTED_EDGE('',*,*,#6613,.F.);
#4265=ORIENTED_EDGE('',*,*,#6621,.F.);
#4266=ORIENTED_EDGE('',*,*,#6622,.F.);
#4267=ORIENTED_EDGE('',*,*,#6623,.F.);
#4268=ORIENTED_EDGE('',*,*,#6624,.F.);
#4269=ORIENTED_EDGE('',*,*,#6625,.F.);
#4270=ORIENTED_EDGE('',*,*,#6614,.F.);
#4271=ORIENTED_EDGE('',*,*,#6626,.T.);
#4272=ORIENTED_EDGE('',*,*,#6615,.T.);
#4273=ORIENTED_EDGE('',*,*,#6616,.T.);
#4274=ORIENTED_EDGE('',*,*,#6630,.T.);
#4275=ORIENTED_EDGE('',*,*,#6629,.T.);
#4276=ORIENTED_EDGE('',*,*,#6628,.T.);
#4277=ORIENTED_EDGE('',*,*,#6627,.T.);
#4278=ORIENTED_EDGE('',*,*,#6629,.F.);
#4279=ORIENTED_EDGE('',*,*,#6617,.F.);
#4280=ORIENTED_EDGE('',*,*,#6624,.T.);
#4281=ORIENTED_EDGE('',*,*,#6618,.T.);
#4282=ORIENTED_EDGE('',*,*,#6628,.F.);
#4283=ORIENTED_EDGE('',*,*,#6618,.F.);
#4284=ORIENTED_EDGE('',*,*,#6623,.T.);
#4285=ORIENTED_EDGE('',*,*,#6619,.T.);
#4286=ORIENTED_EDGE('',*,*,#6627,.F.);
#4287=ORIENTED_EDGE('',*,*,#6619,.F.);
#4288=ORIENTED_EDGE('',*,*,#6622,.T.);
#4289=ORIENTED_EDGE('',*,*,#6620,.T.);
#4290=ORIENTED_EDGE('',*,*,#6631,.F.);
#4291=ORIENTED_EDGE('',*,*,#6639,.F.);
#4292=ORIENTED_EDGE('',*,*,#6640,.F.);
#4293=ORIENTED_EDGE('',*,*,#6641,.F.);
#4294=ORIENTED_EDGE('',*,*,#6642,.F.);
#4295=ORIENTED_EDGE('',*,*,#6643,.F.);
#4296=ORIENTED_EDGE('',*,*,#6632,.F.);
#4297=ORIENTED_EDGE('',*,*,#6644,.T.);
#4298=ORIENTED_EDGE('',*,*,#6633,.T.);
#4299=ORIENTED_EDGE('',*,*,#6634,.T.);
#4300=ORIENTED_EDGE('',*,*,#6648,.T.);
#4301=ORIENTED_EDGE('',*,*,#6647,.T.);
#4302=ORIENTED_EDGE('',*,*,#6646,.T.);
#4303=ORIENTED_EDGE('',*,*,#6645,.T.);
#4304=ORIENTED_EDGE('',*,*,#6647,.F.);
#4305=ORIENTED_EDGE('',*,*,#6635,.F.);
#4306=ORIENTED_EDGE('',*,*,#6642,.T.);
#4307=ORIENTED_EDGE('',*,*,#6636,.T.);
#4308=ORIENTED_EDGE('',*,*,#6646,.F.);
#4309=ORIENTED_EDGE('',*,*,#6636,.F.);
#4310=ORIENTED_EDGE('',*,*,#6641,.T.);
#4311=ORIENTED_EDGE('',*,*,#6637,.T.);
#4312=ORIENTED_EDGE('',*,*,#6645,.F.);
#4313=ORIENTED_EDGE('',*,*,#6637,.F.);
#4314=ORIENTED_EDGE('',*,*,#6640,.T.);
#4315=ORIENTED_EDGE('',*,*,#6638,.T.);
#4316=ORIENTED_EDGE('',*,*,#6649,.F.);
#4317=ORIENTED_EDGE('',*,*,#6655,.F.);
#4318=ORIENTED_EDGE('',*,*,#6656,.F.);
#4319=ORIENTED_EDGE('',*,*,#6657,.F.);
#4320=ORIENTED_EDGE('',*,*,#6658,.F.);
#4321=ORIENTED_EDGE('',*,*,#6659,.F.);
#4322=ORIENTED_EDGE('',*,*,#5749,.F.);
#4323=ORIENTED_EDGE('',*,*,#6660,.T.);
#4324=ORIENTED_EDGE('',*,*,#6650,.T.);
#4325=ORIENTED_EDGE('',*,*,#5750,.T.);
#4326=ORIENTED_EDGE('',*,*,#6664,.T.);
#4327=ORIENTED_EDGE('',*,*,#6663,.T.);
#4328=ORIENTED_EDGE('',*,*,#6662,.T.);
#4329=ORIENTED_EDGE('',*,*,#6661,.T.);
#4330=ORIENTED_EDGE('',*,*,#6663,.F.);
#4331=ORIENTED_EDGE('',*,*,#6651,.F.);
#4332=ORIENTED_EDGE('',*,*,#6658,.T.);
#4333=ORIENTED_EDGE('',*,*,#6652,.T.);
#4334=ORIENTED_EDGE('',*,*,#6662,.F.);
#4335=ORIENTED_EDGE('',*,*,#6652,.F.);
#4336=ORIENTED_EDGE('',*,*,#6657,.T.);
#4337=ORIENTED_EDGE('',*,*,#6653,.T.);
#4338=ORIENTED_EDGE('',*,*,#6661,.F.);
#4339=ORIENTED_EDGE('',*,*,#6653,.F.);
#4340=ORIENTED_EDGE('',*,*,#6656,.T.);
#4341=ORIENTED_EDGE('',*,*,#6654,.T.);
#4342=ORIENTED_EDGE('',*,*,#6665,.F.);
#4343=ORIENTED_EDGE('',*,*,#6673,.F.);
#4344=ORIENTED_EDGE('',*,*,#6674,.F.);
#4345=ORIENTED_EDGE('',*,*,#6675,.F.);
#4346=ORIENTED_EDGE('',*,*,#6676,.F.);
#4347=ORIENTED_EDGE('',*,*,#6677,.F.);
#4348=ORIENTED_EDGE('',*,*,#6666,.F.);
#4349=ORIENTED_EDGE('',*,*,#6678,.T.);
#4350=ORIENTED_EDGE('',*,*,#6667,.T.);
#4351=ORIENTED_EDGE('',*,*,#6668,.T.);
#4352=ORIENTED_EDGE('',*,*,#6682,.T.);
#4353=ORIENTED_EDGE('',*,*,#6681,.T.);
#4354=ORIENTED_EDGE('',*,*,#6680,.T.);
#4355=ORIENTED_EDGE('',*,*,#6679,.T.);
#4356=ORIENTED_EDGE('',*,*,#6681,.F.);
#4357=ORIENTED_EDGE('',*,*,#6669,.F.);
#4358=ORIENTED_EDGE('',*,*,#6676,.T.);
#4359=ORIENTED_EDGE('',*,*,#6670,.T.);
#4360=ORIENTED_EDGE('',*,*,#6680,.F.);
#4361=ORIENTED_EDGE('',*,*,#6670,.F.);
#4362=ORIENTED_EDGE('',*,*,#6675,.T.);
#4363=ORIENTED_EDGE('',*,*,#6671,.T.);
#4364=ORIENTED_EDGE('',*,*,#6679,.F.);
#4365=ORIENTED_EDGE('',*,*,#6671,.F.);
#4366=ORIENTED_EDGE('',*,*,#6674,.T.);
#4367=ORIENTED_EDGE('',*,*,#6672,.T.);
#4368=ORIENTED_EDGE('',*,*,#6683,.F.);
#4369=ORIENTED_EDGE('',*,*,#6691,.F.);
#4370=ORIENTED_EDGE('',*,*,#6692,.F.);
#4371=ORIENTED_EDGE('',*,*,#6693,.F.);
#4372=ORIENTED_EDGE('',*,*,#6694,.F.);
#4373=ORIENTED_EDGE('',*,*,#6695,.F.);
#4374=ORIENTED_EDGE('',*,*,#6684,.F.);
#4375=ORIENTED_EDGE('',*,*,#6696,.T.);
#4376=ORIENTED_EDGE('',*,*,#6685,.T.);
#4377=ORIENTED_EDGE('',*,*,#6686,.T.);
#4378=ORIENTED_EDGE('',*,*,#6700,.T.);
#4379=ORIENTED_EDGE('',*,*,#6699,.T.);
#4380=ORIENTED_EDGE('',*,*,#6698,.T.);
#4381=ORIENTED_EDGE('',*,*,#6697,.T.);
#4382=ORIENTED_EDGE('',*,*,#6699,.F.);
#4383=ORIENTED_EDGE('',*,*,#6687,.F.);
#4384=ORIENTED_EDGE('',*,*,#6694,.T.);
#4385=ORIENTED_EDGE('',*,*,#6688,.T.);
#4386=ORIENTED_EDGE('',*,*,#6698,.F.);
#4387=ORIENTED_EDGE('',*,*,#6688,.F.);
#4388=ORIENTED_EDGE('',*,*,#6693,.T.);
#4389=ORIENTED_EDGE('',*,*,#6689,.T.);
#4390=ORIENTED_EDGE('',*,*,#6697,.F.);
#4391=ORIENTED_EDGE('',*,*,#6689,.F.);
#4392=ORIENTED_EDGE('',*,*,#6692,.T.);
#4393=ORIENTED_EDGE('',*,*,#6690,.T.);
#4394=ORIENTED_EDGE('',*,*,#6701,.F.);
#4395=ORIENTED_EDGE('',*,*,#6709,.F.);
#4396=ORIENTED_EDGE('',*,*,#6710,.F.);
#4397=ORIENTED_EDGE('',*,*,#6711,.F.);
#4398=ORIENTED_EDGE('',*,*,#6712,.F.);
#4399=ORIENTED_EDGE('',*,*,#6713,.F.);
#4400=ORIENTED_EDGE('',*,*,#6702,.F.);
#4401=ORIENTED_EDGE('',*,*,#6714,.T.);
#4402=ORIENTED_EDGE('',*,*,#6703,.T.);
#4403=ORIENTED_EDGE('',*,*,#6704,.T.);
#4404=ORIENTED_EDGE('',*,*,#6718,.T.);
#4405=ORIENTED_EDGE('',*,*,#6717,.T.);
#4406=ORIENTED_EDGE('',*,*,#6716,.T.);
#4407=ORIENTED_EDGE('',*,*,#6715,.T.);
#4408=ORIENTED_EDGE('',*,*,#6717,.F.);
#4409=ORIENTED_EDGE('',*,*,#6705,.F.);
#4410=ORIENTED_EDGE('',*,*,#6712,.T.);
#4411=ORIENTED_EDGE('',*,*,#6706,.T.);
#4412=ORIENTED_EDGE('',*,*,#6716,.F.);
#4413=ORIENTED_EDGE('',*,*,#6706,.F.);
#4414=ORIENTED_EDGE('',*,*,#6711,.T.);
#4415=ORIENTED_EDGE('',*,*,#6707,.T.);
#4416=ORIENTED_EDGE('',*,*,#6715,.F.);
#4417=ORIENTED_EDGE('',*,*,#6707,.F.);
#4418=ORIENTED_EDGE('',*,*,#6710,.T.);
#4419=ORIENTED_EDGE('',*,*,#6708,.T.);
#4420=ORIENTED_EDGE('',*,*,#6719,.F.);
#4421=ORIENTED_EDGE('',*,*,#6727,.F.);
#4422=ORIENTED_EDGE('',*,*,#6728,.F.);
#4423=ORIENTED_EDGE('',*,*,#6729,.F.);
#4424=ORIENTED_EDGE('',*,*,#6730,.F.);
#4425=ORIENTED_EDGE('',*,*,#6731,.F.);
#4426=ORIENTED_EDGE('',*,*,#6720,.F.);
#4427=ORIENTED_EDGE('',*,*,#6732,.T.);
#4428=ORIENTED_EDGE('',*,*,#6721,.T.);
#4429=ORIENTED_EDGE('',*,*,#6722,.T.);
#4430=ORIENTED_EDGE('',*,*,#6736,.T.);
#4431=ORIENTED_EDGE('',*,*,#6735,.T.);
#4432=ORIENTED_EDGE('',*,*,#6734,.T.);
#4433=ORIENTED_EDGE('',*,*,#6733,.T.);
#4434=ORIENTED_EDGE('',*,*,#6735,.F.);
#4435=ORIENTED_EDGE('',*,*,#6723,.F.);
#4436=ORIENTED_EDGE('',*,*,#6730,.T.);
#4437=ORIENTED_EDGE('',*,*,#6724,.T.);
#4438=ORIENTED_EDGE('',*,*,#6734,.F.);
#4439=ORIENTED_EDGE('',*,*,#6724,.F.);
#4440=ORIENTED_EDGE('',*,*,#6729,.T.);
#4441=ORIENTED_EDGE('',*,*,#6725,.T.);
#4442=ORIENTED_EDGE('',*,*,#6733,.F.);
#4443=ORIENTED_EDGE('',*,*,#6725,.F.);
#4444=ORIENTED_EDGE('',*,*,#6728,.T.);
#4445=ORIENTED_EDGE('',*,*,#6726,.T.);
#4446=ORIENTED_EDGE('',*,*,#6737,.F.);
#4447=ORIENTED_EDGE('',*,*,#6743,.F.);
#4448=ORIENTED_EDGE('',*,*,#6744,.F.);
#4449=ORIENTED_EDGE('',*,*,#6745,.F.);
#4450=ORIENTED_EDGE('',*,*,#6746,.F.);
#4451=ORIENTED_EDGE('',*,*,#6747,.F.);
#4452=ORIENTED_EDGE('',*,*,#5747,.F.);
#4453=ORIENTED_EDGE('',*,*,#6748,.T.);
#4454=ORIENTED_EDGE('',*,*,#6738,.T.);
#4455=ORIENTED_EDGE('',*,*,#5748,.T.);
#4456=ORIENTED_EDGE('',*,*,#6752,.T.);
#4457=ORIENTED_EDGE('',*,*,#6751,.T.);
#4458=ORIENTED_EDGE('',*,*,#6750,.T.);
#4459=ORIENTED_EDGE('',*,*,#6749,.T.);
#4460=ORIENTED_EDGE('',*,*,#6751,.F.);
#4461=ORIENTED_EDGE('',*,*,#6739,.F.);
#4462=ORIENTED_EDGE('',*,*,#6746,.T.);
#4463=ORIENTED_EDGE('',*,*,#6740,.T.);
#4464=ORIENTED_EDGE('',*,*,#6750,.F.);
#4465=ORIENTED_EDGE('',*,*,#6740,.F.);
#4466=ORIENTED_EDGE('',*,*,#6745,.T.);
#4467=ORIENTED_EDGE('',*,*,#6741,.T.);
#4468=ORIENTED_EDGE('',*,*,#6749,.F.);
#4469=ORIENTED_EDGE('',*,*,#6741,.F.);
#4470=ORIENTED_EDGE('',*,*,#6744,.T.);
#4471=ORIENTED_EDGE('',*,*,#6742,.T.);
#4472=ORIENTED_EDGE('',*,*,#6753,.F.);
#4473=ORIENTED_EDGE('',*,*,#6761,.F.);
#4474=ORIENTED_EDGE('',*,*,#6762,.F.);
#4475=ORIENTED_EDGE('',*,*,#6763,.F.);
#4476=ORIENTED_EDGE('',*,*,#6764,.F.);
#4477=ORIENTED_EDGE('',*,*,#6765,.F.);
#4478=ORIENTED_EDGE('',*,*,#6754,.F.);
#4479=ORIENTED_EDGE('',*,*,#6766,.T.);
#4480=ORIENTED_EDGE('',*,*,#6755,.T.);
#4481=ORIENTED_EDGE('',*,*,#6756,.T.);
#4482=ORIENTED_EDGE('',*,*,#6770,.T.);
#4483=ORIENTED_EDGE('',*,*,#6769,.T.);
#4484=ORIENTED_EDGE('',*,*,#6768,.T.);
#4485=ORIENTED_EDGE('',*,*,#6767,.T.);
#4486=ORIENTED_EDGE('',*,*,#6769,.F.);
#4487=ORIENTED_EDGE('',*,*,#6757,.F.);
#4488=ORIENTED_EDGE('',*,*,#6764,.T.);
#4489=ORIENTED_EDGE('',*,*,#6758,.T.);
#4490=ORIENTED_EDGE('',*,*,#6768,.F.);
#4491=ORIENTED_EDGE('',*,*,#6758,.F.);
#4492=ORIENTED_EDGE('',*,*,#6763,.T.);
#4493=ORIENTED_EDGE('',*,*,#6759,.T.);
#4494=ORIENTED_EDGE('',*,*,#6767,.F.);
#4495=ORIENTED_EDGE('',*,*,#6759,.F.);
#4496=ORIENTED_EDGE('',*,*,#6762,.T.);
#4497=ORIENTED_EDGE('',*,*,#6760,.T.);
#4498=ORIENTED_EDGE('',*,*,#6771,.F.);
#4499=ORIENTED_EDGE('',*,*,#6779,.F.);
#4500=ORIENTED_EDGE('',*,*,#6780,.F.);
#4501=ORIENTED_EDGE('',*,*,#6781,.F.);
#4502=ORIENTED_EDGE('',*,*,#6782,.F.);
#4503=ORIENTED_EDGE('',*,*,#6783,.F.);
#4504=ORIENTED_EDGE('',*,*,#6772,.F.);
#4505=ORIENTED_EDGE('',*,*,#6784,.T.);
#4506=ORIENTED_EDGE('',*,*,#6773,.T.);
#4507=ORIENTED_EDGE('',*,*,#6774,.T.);
#4508=ORIENTED_EDGE('',*,*,#6788,.T.);
#4509=ORIENTED_EDGE('',*,*,#6787,.T.);
#4510=ORIENTED_EDGE('',*,*,#6786,.T.);
#4511=ORIENTED_EDGE('',*,*,#6785,.T.);
#4512=ORIENTED_EDGE('',*,*,#6787,.F.);
#4513=ORIENTED_EDGE('',*,*,#6775,.F.);
#4514=ORIENTED_EDGE('',*,*,#6782,.T.);
#4515=ORIENTED_EDGE('',*,*,#6776,.T.);
#4516=ORIENTED_EDGE('',*,*,#6786,.F.);
#4517=ORIENTED_EDGE('',*,*,#6776,.F.);
#4518=ORIENTED_EDGE('',*,*,#6781,.T.);
#4519=ORIENTED_EDGE('',*,*,#6777,.T.);
#4520=ORIENTED_EDGE('',*,*,#6785,.F.);
#4521=ORIENTED_EDGE('',*,*,#6777,.F.);
#4522=ORIENTED_EDGE('',*,*,#6780,.T.);
#4523=ORIENTED_EDGE('',*,*,#6778,.T.);
#4524=ORIENTED_EDGE('',*,*,#6789,.F.);
#4525=ORIENTED_EDGE('',*,*,#6795,.F.);
#4526=ORIENTED_EDGE('',*,*,#6796,.F.);
#4527=ORIENTED_EDGE('',*,*,#6797,.F.);
#4528=ORIENTED_EDGE('',*,*,#6798,.F.);
#4529=ORIENTED_EDGE('',*,*,#6799,.F.);
#4530=ORIENTED_EDGE('',*,*,#5745,.F.);
#4531=ORIENTED_EDGE('',*,*,#6800,.T.);
#4532=ORIENTED_EDGE('',*,*,#6790,.T.);
#4533=ORIENTED_EDGE('',*,*,#5746,.T.);
#4534=ORIENTED_EDGE('',*,*,#6804,.T.);
#4535=ORIENTED_EDGE('',*,*,#6803,.T.);
#4536=ORIENTED_EDGE('',*,*,#6802,.T.);
#4537=ORIENTED_EDGE('',*,*,#6801,.T.);
#4538=ORIENTED_EDGE('',*,*,#6803,.F.);
#4539=ORIENTED_EDGE('',*,*,#6791,.F.);
#4540=ORIENTED_EDGE('',*,*,#6798,.T.);
#4541=ORIENTED_EDGE('',*,*,#6792,.T.);
#4542=ORIENTED_EDGE('',*,*,#6802,.F.);
#4543=ORIENTED_EDGE('',*,*,#6792,.F.);
#4544=ORIENTED_EDGE('',*,*,#6797,.T.);
#4545=ORIENTED_EDGE('',*,*,#6793,.T.);
#4546=ORIENTED_EDGE('',*,*,#6801,.F.);
#4547=ORIENTED_EDGE('',*,*,#6793,.F.);
#4548=ORIENTED_EDGE('',*,*,#6796,.T.);
#4549=ORIENTED_EDGE('',*,*,#6794,.T.);
#4550=ORIENTED_EDGE('',*,*,#6805,.F.);
#4551=ORIENTED_EDGE('',*,*,#6813,.F.);
#4552=ORIENTED_EDGE('',*,*,#6814,.F.);
#4553=ORIENTED_EDGE('',*,*,#6815,.F.);
#4554=ORIENTED_EDGE('',*,*,#6816,.F.);
#4555=ORIENTED_EDGE('',*,*,#6817,.F.);
#4556=ORIENTED_EDGE('',*,*,#6806,.F.);
#4557=ORIENTED_EDGE('',*,*,#6818,.T.);
#4558=ORIENTED_EDGE('',*,*,#6807,.T.);
#4559=ORIENTED_EDGE('',*,*,#6808,.T.);
#4560=ORIENTED_EDGE('',*,*,#6822,.T.);
#4561=ORIENTED_EDGE('',*,*,#6821,.T.);
#4562=ORIENTED_EDGE('',*,*,#6820,.T.);
#4563=ORIENTED_EDGE('',*,*,#6819,.T.);
#4564=ORIENTED_EDGE('',*,*,#6821,.F.);
#4565=ORIENTED_EDGE('',*,*,#6809,.F.);
#4566=ORIENTED_EDGE('',*,*,#6816,.T.);
#4567=ORIENTED_EDGE('',*,*,#6810,.T.);
#4568=ORIENTED_EDGE('',*,*,#6820,.F.);
#4569=ORIENTED_EDGE('',*,*,#6810,.F.);
#4570=ORIENTED_EDGE('',*,*,#6815,.T.);
#4571=ORIENTED_EDGE('',*,*,#6811,.T.);
#4572=ORIENTED_EDGE('',*,*,#6819,.F.);
#4573=ORIENTED_EDGE('',*,*,#6811,.F.);
#4574=ORIENTED_EDGE('',*,*,#6814,.T.);
#4575=ORIENTED_EDGE('',*,*,#6812,.T.);
#4576=ORIENTED_EDGE('',*,*,#6823,.F.);
#4577=ORIENTED_EDGE('',*,*,#6831,.F.);
#4578=ORIENTED_EDGE('',*,*,#6832,.F.);
#4579=ORIENTED_EDGE('',*,*,#6833,.F.);
#4580=ORIENTED_EDGE('',*,*,#6834,.F.);
#4581=ORIENTED_EDGE('',*,*,#6835,.F.);
#4582=ORIENTED_EDGE('',*,*,#6824,.F.);
#4583=ORIENTED_EDGE('',*,*,#6836,.T.);
#4584=ORIENTED_EDGE('',*,*,#6825,.T.);
#4585=ORIENTED_EDGE('',*,*,#6826,.T.);
#4586=ORIENTED_EDGE('',*,*,#6840,.T.);
#4587=ORIENTED_EDGE('',*,*,#6839,.T.);
#4588=ORIENTED_EDGE('',*,*,#6838,.T.);
#4589=ORIENTED_EDGE('',*,*,#6837,.T.);
#4590=ORIENTED_EDGE('',*,*,#6839,.F.);
#4591=ORIENTED_EDGE('',*,*,#6827,.F.);
#4592=ORIENTED_EDGE('',*,*,#6834,.T.);
#4593=ORIENTED_EDGE('',*,*,#6828,.T.);
#4594=ORIENTED_EDGE('',*,*,#6838,.F.);
#4595=ORIENTED_EDGE('',*,*,#6828,.F.);
#4596=ORIENTED_EDGE('',*,*,#6833,.T.);
#4597=ORIENTED_EDGE('',*,*,#6829,.T.);
#4598=ORIENTED_EDGE('',*,*,#6837,.F.);
#4599=ORIENTED_EDGE('',*,*,#6829,.F.);
#4600=ORIENTED_EDGE('',*,*,#6832,.T.);
#4601=ORIENTED_EDGE('',*,*,#6830,.T.);
#4602=ORIENTED_EDGE('',*,*,#6841,.F.);
#4603=ORIENTED_EDGE('',*,*,#6847,.F.);
#4604=ORIENTED_EDGE('',*,*,#6848,.F.);
#4605=ORIENTED_EDGE('',*,*,#6849,.F.);
#4606=ORIENTED_EDGE('',*,*,#6850,.F.);
#4607=ORIENTED_EDGE('',*,*,#6851,.F.);
#4608=ORIENTED_EDGE('',*,*,#5743,.F.);
#4609=ORIENTED_EDGE('',*,*,#6852,.T.);
#4610=ORIENTED_EDGE('',*,*,#6842,.T.);
#4611=ORIENTED_EDGE('',*,*,#5744,.T.);
#4612=ORIENTED_EDGE('',*,*,#6856,.T.);
#4613=ORIENTED_EDGE('',*,*,#6855,.T.);
#4614=ORIENTED_EDGE('',*,*,#6854,.T.);
#4615=ORIENTED_EDGE('',*,*,#6853,.T.);
#4616=ORIENTED_EDGE('',*,*,#6855,.F.);
#4617=ORIENTED_EDGE('',*,*,#6843,.F.);
#4618=ORIENTED_EDGE('',*,*,#6850,.T.);
#4619=ORIENTED_EDGE('',*,*,#6844,.T.);
#4620=ORIENTED_EDGE('',*,*,#6854,.F.);
#4621=ORIENTED_EDGE('',*,*,#6844,.F.);
#4622=ORIENTED_EDGE('',*,*,#6849,.T.);
#4623=ORIENTED_EDGE('',*,*,#6845,.T.);
#4624=ORIENTED_EDGE('',*,*,#6853,.F.);
#4625=ORIENTED_EDGE('',*,*,#6845,.F.);
#4626=ORIENTED_EDGE('',*,*,#6848,.T.);
#4627=ORIENTED_EDGE('',*,*,#6846,.T.);
#4628=ORIENTED_EDGE('',*,*,#6857,.F.);
#4629=ORIENTED_EDGE('',*,*,#6865,.F.);
#4630=ORIENTED_EDGE('',*,*,#6866,.F.);
#4631=ORIENTED_EDGE('',*,*,#6867,.F.);
#4632=ORIENTED_EDGE('',*,*,#6868,.F.);
#4633=ORIENTED_EDGE('',*,*,#6869,.F.);
#4634=ORIENTED_EDGE('',*,*,#6858,.F.);
#4635=ORIENTED_EDGE('',*,*,#6870,.T.);
#4636=ORIENTED_EDGE('',*,*,#6859,.T.);
#4637=ORIENTED_EDGE('',*,*,#6860,.T.);
#4638=ORIENTED_EDGE('',*,*,#6874,.T.);
#4639=ORIENTED_EDGE('',*,*,#6873,.T.);
#4640=ORIENTED_EDGE('',*,*,#6872,.T.);
#4641=ORIENTED_EDGE('',*,*,#6871,.T.);
#4642=ORIENTED_EDGE('',*,*,#6873,.F.);
#4643=ORIENTED_EDGE('',*,*,#6861,.F.);
#4644=ORIENTED_EDGE('',*,*,#6868,.T.);
#4645=ORIENTED_EDGE('',*,*,#6862,.T.);
#4646=ORIENTED_EDGE('',*,*,#6872,.F.);
#4647=ORIENTED_EDGE('',*,*,#6862,.F.);
#4648=ORIENTED_EDGE('',*,*,#6867,.T.);
#4649=ORIENTED_EDGE('',*,*,#6863,.T.);
#4650=ORIENTED_EDGE('',*,*,#6871,.F.);
#4651=ORIENTED_EDGE('',*,*,#6863,.F.);
#4652=ORIENTED_EDGE('',*,*,#6866,.T.);
#4653=ORIENTED_EDGE('',*,*,#6864,.T.);
#4654=ORIENTED_EDGE('',*,*,#6875,.F.);
#4655=ORIENTED_EDGE('',*,*,#6883,.F.);
#4656=ORIENTED_EDGE('',*,*,#6884,.F.);
#4657=ORIENTED_EDGE('',*,*,#6885,.F.);
#4658=ORIENTED_EDGE('',*,*,#6886,.F.);
#4659=ORIENTED_EDGE('',*,*,#6887,.F.);
#4660=ORIENTED_EDGE('',*,*,#6876,.F.);
#4661=ORIENTED_EDGE('',*,*,#6888,.T.);
#4662=ORIENTED_EDGE('',*,*,#6877,.T.);
#4663=ORIENTED_EDGE('',*,*,#6878,.T.);
#4664=ORIENTED_EDGE('',*,*,#6892,.T.);
#4665=ORIENTED_EDGE('',*,*,#6891,.T.);
#4666=ORIENTED_EDGE('',*,*,#6890,.T.);
#4667=ORIENTED_EDGE('',*,*,#6889,.T.);
#4668=ORIENTED_EDGE('',*,*,#6891,.F.);
#4669=ORIENTED_EDGE('',*,*,#6879,.F.);
#4670=ORIENTED_EDGE('',*,*,#6886,.T.);
#4671=ORIENTED_EDGE('',*,*,#6880,.T.);
#4672=ORIENTED_EDGE('',*,*,#6890,.F.);
#4673=ORIENTED_EDGE('',*,*,#6880,.F.);
#4674=ORIENTED_EDGE('',*,*,#6885,.T.);
#4675=ORIENTED_EDGE('',*,*,#6881,.T.);
#4676=ORIENTED_EDGE('',*,*,#6889,.F.);
#4677=ORIENTED_EDGE('',*,*,#6881,.F.);
#4678=ORIENTED_EDGE('',*,*,#6884,.T.);
#4679=ORIENTED_EDGE('',*,*,#6882,.T.);
#4680=ORIENTED_EDGE('',*,*,#6893,.F.);
#4681=ORIENTED_EDGE('',*,*,#6899,.F.);
#4682=ORIENTED_EDGE('',*,*,#6900,.F.);
#4683=ORIENTED_EDGE('',*,*,#6901,.F.);
#4684=ORIENTED_EDGE('',*,*,#6902,.F.);
#4685=ORIENTED_EDGE('',*,*,#6903,.F.);
#4686=ORIENTED_EDGE('',*,*,#5741,.F.);
#4687=ORIENTED_EDGE('',*,*,#6904,.T.);
#4688=ORIENTED_EDGE('',*,*,#6894,.T.);
#4689=ORIENTED_EDGE('',*,*,#5742,.T.);
#4690=ORIENTED_EDGE('',*,*,#6908,.T.);
#4691=ORIENTED_EDGE('',*,*,#6907,.T.);
#4692=ORIENTED_EDGE('',*,*,#6906,.T.);
#4693=ORIENTED_EDGE('',*,*,#6905,.T.);
#4694=ORIENTED_EDGE('',*,*,#6907,.F.);
#4695=ORIENTED_EDGE('',*,*,#6895,.F.);
#4696=ORIENTED_EDGE('',*,*,#6902,.T.);
#4697=ORIENTED_EDGE('',*,*,#6896,.T.);
#4698=ORIENTED_EDGE('',*,*,#6906,.F.);
#4699=ORIENTED_EDGE('',*,*,#6896,.F.);
#4700=ORIENTED_EDGE('',*,*,#6901,.T.);
#4701=ORIENTED_EDGE('',*,*,#6897,.T.);
#4702=ORIENTED_EDGE('',*,*,#6905,.F.);
#4703=ORIENTED_EDGE('',*,*,#6897,.F.);
#4704=ORIENTED_EDGE('',*,*,#6900,.T.);
#4705=ORIENTED_EDGE('',*,*,#6898,.T.);
#4706=ORIENTED_EDGE('',*,*,#6909,.F.);
#4707=ORIENTED_EDGE('',*,*,#6917,.F.);
#4708=ORIENTED_EDGE('',*,*,#6918,.F.);
#4709=ORIENTED_EDGE('',*,*,#6919,.F.);
#4710=ORIENTED_EDGE('',*,*,#6920,.F.);
#4711=ORIENTED_EDGE('',*,*,#6921,.F.);
#4712=ORIENTED_EDGE('',*,*,#6910,.F.);
#4713=ORIENTED_EDGE('',*,*,#6922,.T.);
#4714=ORIENTED_EDGE('',*,*,#6911,.T.);
#4715=ORIENTED_EDGE('',*,*,#6912,.T.);
#4716=ORIENTED_EDGE('',*,*,#6926,.T.);
#4717=ORIENTED_EDGE('',*,*,#6925,.T.);
#4718=ORIENTED_EDGE('',*,*,#6924,.T.);
#4719=ORIENTED_EDGE('',*,*,#6923,.T.);
#4720=ORIENTED_EDGE('',*,*,#6925,.F.);
#4721=ORIENTED_EDGE('',*,*,#6913,.F.);
#4722=ORIENTED_EDGE('',*,*,#6920,.T.);
#4723=ORIENTED_EDGE('',*,*,#6914,.T.);
#4724=ORIENTED_EDGE('',*,*,#6924,.F.);
#4725=ORIENTED_EDGE('',*,*,#6914,.F.);
#4726=ORIENTED_EDGE('',*,*,#6919,.T.);
#4727=ORIENTED_EDGE('',*,*,#6915,.T.);
#4728=ORIENTED_EDGE('',*,*,#6923,.F.);
#4729=ORIENTED_EDGE('',*,*,#6915,.F.);
#4730=ORIENTED_EDGE('',*,*,#6918,.T.);
#4731=ORIENTED_EDGE('',*,*,#6916,.T.);
#4732=ORIENTED_EDGE('',*,*,#6927,.F.);
#4733=ORIENTED_EDGE('',*,*,#6935,.F.);
#4734=ORIENTED_EDGE('',*,*,#6936,.F.);
#4735=ORIENTED_EDGE('',*,*,#6937,.F.);
#4736=ORIENTED_EDGE('',*,*,#6938,.F.);
#4737=ORIENTED_EDGE('',*,*,#6939,.F.);
#4738=ORIENTED_EDGE('',*,*,#6928,.F.);
#4739=ORIENTED_EDGE('',*,*,#6940,.T.);
#4740=ORIENTED_EDGE('',*,*,#6929,.T.);
#4741=ORIENTED_EDGE('',*,*,#6930,.T.);
#4742=ORIENTED_EDGE('',*,*,#6944,.T.);
#4743=ORIENTED_EDGE('',*,*,#6943,.T.);
#4744=ORIENTED_EDGE('',*,*,#6942,.T.);
#4745=ORIENTED_EDGE('',*,*,#6941,.T.);
#4746=ORIENTED_EDGE('',*,*,#6943,.F.);
#4747=ORIENTED_EDGE('',*,*,#6931,.F.);
#4748=ORIENTED_EDGE('',*,*,#6938,.T.);
#4749=ORIENTED_EDGE('',*,*,#6932,.T.);
#4750=ORIENTED_EDGE('',*,*,#6942,.F.);
#4751=ORIENTED_EDGE('',*,*,#6932,.F.);
#4752=ORIENTED_EDGE('',*,*,#6937,.T.);
#4753=ORIENTED_EDGE('',*,*,#6933,.T.);
#4754=ORIENTED_EDGE('',*,*,#6941,.F.);
#4755=ORIENTED_EDGE('',*,*,#6933,.F.);
#4756=ORIENTED_EDGE('',*,*,#6936,.T.);
#4757=ORIENTED_EDGE('',*,*,#6934,.T.);
#4758=ORIENTED_EDGE('',*,*,#6945,.F.);
#4759=ORIENTED_EDGE('',*,*,#6951,.F.);
#4760=ORIENTED_EDGE('',*,*,#6952,.F.);
#4761=ORIENTED_EDGE('',*,*,#6953,.F.);
#4762=ORIENTED_EDGE('',*,*,#6954,.F.);
#4763=ORIENTED_EDGE('',*,*,#6955,.F.);
#4764=ORIENTED_EDGE('',*,*,#5739,.F.);
#4765=ORIENTED_EDGE('',*,*,#6956,.T.);
#4766=ORIENTED_EDGE('',*,*,#6946,.T.);
#4767=ORIENTED_EDGE('',*,*,#5740,.T.);
#4768=ORIENTED_EDGE('',*,*,#6960,.T.);
#4769=ORIENTED_EDGE('',*,*,#6959,.T.);
#4770=ORIENTED_EDGE('',*,*,#6958,.T.);
#4771=ORIENTED_EDGE('',*,*,#6957,.T.);
#4772=ORIENTED_EDGE('',*,*,#6959,.F.);
#4773=ORIENTED_EDGE('',*,*,#6947,.F.);
#4774=ORIENTED_EDGE('',*,*,#6954,.T.);
#4775=ORIENTED_EDGE('',*,*,#6948,.T.);
#4776=ORIENTED_EDGE('',*,*,#6958,.F.);
#4777=ORIENTED_EDGE('',*,*,#6948,.F.);
#4778=ORIENTED_EDGE('',*,*,#6953,.T.);
#4779=ORIENTED_EDGE('',*,*,#6949,.T.);
#4780=ORIENTED_EDGE('',*,*,#6957,.F.);
#4781=ORIENTED_EDGE('',*,*,#6949,.F.);
#4782=ORIENTED_EDGE('',*,*,#6952,.T.);
#4783=ORIENTED_EDGE('',*,*,#6950,.T.);
#4784=ORIENTED_EDGE('',*,*,#6961,.F.);
#4785=ORIENTED_EDGE('',*,*,#6969,.F.);
#4786=ORIENTED_EDGE('',*,*,#6970,.F.);
#4787=ORIENTED_EDGE('',*,*,#6971,.F.);
#4788=ORIENTED_EDGE('',*,*,#6972,.F.);
#4789=ORIENTED_EDGE('',*,*,#6973,.F.);
#4790=ORIENTED_EDGE('',*,*,#6962,.F.);
#4791=ORIENTED_EDGE('',*,*,#6974,.T.);
#4792=ORIENTED_EDGE('',*,*,#6963,.T.);
#4793=ORIENTED_EDGE('',*,*,#6964,.T.);
#4794=ORIENTED_EDGE('',*,*,#6978,.T.);
#4795=ORIENTED_EDGE('',*,*,#6977,.T.);
#4796=ORIENTED_EDGE('',*,*,#6976,.T.);
#4797=ORIENTED_EDGE('',*,*,#6975,.T.);
#4798=ORIENTED_EDGE('',*,*,#6977,.F.);
#4799=ORIENTED_EDGE('',*,*,#6965,.F.);
#4800=ORIENTED_EDGE('',*,*,#6972,.T.);
#4801=ORIENTED_EDGE('',*,*,#6966,.T.);
#4802=ORIENTED_EDGE('',*,*,#6976,.F.);
#4803=ORIENTED_EDGE('',*,*,#6966,.F.);
#4804=ORIENTED_EDGE('',*,*,#6971,.T.);
#4805=ORIENTED_EDGE('',*,*,#6967,.T.);
#4806=ORIENTED_EDGE('',*,*,#6975,.F.);
#4807=ORIENTED_EDGE('',*,*,#6967,.F.);
#4808=ORIENTED_EDGE('',*,*,#6970,.T.);
#4809=ORIENTED_EDGE('',*,*,#6968,.T.);
#4810=ORIENTED_EDGE('',*,*,#6979,.F.);
#4811=ORIENTED_EDGE('',*,*,#6985,.F.);
#4812=ORIENTED_EDGE('',*,*,#6986,.F.);
#4813=ORIENTED_EDGE('',*,*,#6987,.F.);
#4814=ORIENTED_EDGE('',*,*,#6988,.F.);
#4815=ORIENTED_EDGE('',*,*,#6989,.F.);
#4816=ORIENTED_EDGE('',*,*,#5737,.F.);
#4817=ORIENTED_EDGE('',*,*,#6990,.T.);
#4818=ORIENTED_EDGE('',*,*,#6980,.T.);
#4819=ORIENTED_EDGE('',*,*,#5738,.T.);
#4820=ORIENTED_EDGE('',*,*,#6994,.T.);
#4821=ORIENTED_EDGE('',*,*,#6993,.T.);
#4822=ORIENTED_EDGE('',*,*,#6992,.T.);
#4823=ORIENTED_EDGE('',*,*,#6991,.T.);
#4824=ORIENTED_EDGE('',*,*,#6993,.F.);
#4825=ORIENTED_EDGE('',*,*,#6981,.F.);
#4826=ORIENTED_EDGE('',*,*,#6988,.T.);
#4827=ORIENTED_EDGE('',*,*,#6982,.T.);
#4828=ORIENTED_EDGE('',*,*,#6992,.F.);
#4829=ORIENTED_EDGE('',*,*,#6982,.F.);
#4830=ORIENTED_EDGE('',*,*,#6987,.T.);
#4831=ORIENTED_EDGE('',*,*,#6983,.T.);
#4832=ORIENTED_EDGE('',*,*,#6991,.F.);
#4833=ORIENTED_EDGE('',*,*,#6983,.F.);
#4834=ORIENTED_EDGE('',*,*,#6986,.T.);
#4835=ORIENTED_EDGE('',*,*,#6984,.T.);
#4836=ORIENTED_EDGE('',*,*,#6995,.F.);
#4837=ORIENTED_EDGE('',*,*,#7001,.F.);
#4838=ORIENTED_EDGE('',*,*,#7002,.F.);
#4839=ORIENTED_EDGE('',*,*,#7003,.F.);
#4840=ORIENTED_EDGE('',*,*,#7004,.F.);
#4841=ORIENTED_EDGE('',*,*,#7005,.F.);
#4842=ORIENTED_EDGE('',*,*,#5735,.F.);
#4843=ORIENTED_EDGE('',*,*,#7006,.T.);
#4844=ORIENTED_EDGE('',*,*,#6996,.T.);
#4845=ORIENTED_EDGE('',*,*,#5736,.T.);
#4846=ORIENTED_EDGE('',*,*,#7010,.T.);
#4847=ORIENTED_EDGE('',*,*,#7009,.T.);
#4848=ORIENTED_EDGE('',*,*,#7008,.T.);
#4849=ORIENTED_EDGE('',*,*,#7007,.T.);
#4850=ORIENTED_EDGE('',*,*,#7009,.F.);
#4851=ORIENTED_EDGE('',*,*,#6997,.F.);
#4852=ORIENTED_EDGE('',*,*,#7004,.T.);
#4853=ORIENTED_EDGE('',*,*,#6998,.T.);
#4854=ORIENTED_EDGE('',*,*,#7008,.F.);
#4855=ORIENTED_EDGE('',*,*,#6998,.F.);
#4856=ORIENTED_EDGE('',*,*,#7003,.T.);
#4857=ORIENTED_EDGE('',*,*,#6999,.T.);
#4858=ORIENTED_EDGE('',*,*,#7007,.F.);
#4859=ORIENTED_EDGE('',*,*,#6999,.F.);
#4860=ORIENTED_EDGE('',*,*,#7002,.T.);
#4861=ORIENTED_EDGE('',*,*,#7000,.T.);
#4862=ORIENTED_EDGE('',*,*,#7011,.F.);
#4863=ORIENTED_EDGE('',*,*,#7017,.F.);
#4864=ORIENTED_EDGE('',*,*,#7018,.F.);
#4865=ORIENTED_EDGE('',*,*,#7019,.F.);
#4866=ORIENTED_EDGE('',*,*,#7020,.F.);
#4867=ORIENTED_EDGE('',*,*,#7021,.F.);
#4868=ORIENTED_EDGE('',*,*,#5733,.F.);
#4869=ORIENTED_EDGE('',*,*,#7022,.T.);
#4870=ORIENTED_EDGE('',*,*,#7012,.T.);
#4871=ORIENTED_EDGE('',*,*,#5734,.T.);
#4872=ORIENTED_EDGE('',*,*,#7026,.T.);
#4873=ORIENTED_EDGE('',*,*,#7025,.T.);
#4874=ORIENTED_EDGE('',*,*,#7024,.T.);
#4875=ORIENTED_EDGE('',*,*,#7023,.T.);
#4876=ORIENTED_EDGE('',*,*,#7025,.F.);
#4877=ORIENTED_EDGE('',*,*,#7013,.F.);
#4878=ORIENTED_EDGE('',*,*,#7020,.T.);
#4879=ORIENTED_EDGE('',*,*,#7014,.T.);
#4880=ORIENTED_EDGE('',*,*,#7024,.F.);
#4881=ORIENTED_EDGE('',*,*,#7014,.F.);
#4882=ORIENTED_EDGE('',*,*,#7019,.T.);
#4883=ORIENTED_EDGE('',*,*,#7015,.T.);
#4884=ORIENTED_EDGE('',*,*,#7023,.F.);
#4885=ORIENTED_EDGE('',*,*,#7015,.F.);
#4886=ORIENTED_EDGE('',*,*,#7018,.T.);
#4887=ORIENTED_EDGE('',*,*,#7016,.T.);
#4888=ORIENTED_EDGE('',*,*,#7027,.F.);
#4889=ORIENTED_EDGE('',*,*,#7033,.F.);
#4890=ORIENTED_EDGE('',*,*,#7034,.F.);
#4891=ORIENTED_EDGE('',*,*,#7035,.F.);
#4892=ORIENTED_EDGE('',*,*,#7036,.F.);
#4893=ORIENTED_EDGE('',*,*,#7037,.F.);
#4894=ORIENTED_EDGE('',*,*,#5731,.F.);
#4895=ORIENTED_EDGE('',*,*,#7038,.T.);
#4896=ORIENTED_EDGE('',*,*,#7028,.T.);
#4897=ORIENTED_EDGE('',*,*,#5732,.T.);
#4898=ORIENTED_EDGE('',*,*,#7042,.T.);
#4899=ORIENTED_EDGE('',*,*,#7041,.T.);
#4900=ORIENTED_EDGE('',*,*,#7040,.T.);
#4901=ORIENTED_EDGE('',*,*,#7039,.T.);
#4902=ORIENTED_EDGE('',*,*,#7041,.F.);
#4903=ORIENTED_EDGE('',*,*,#7029,.F.);
#4904=ORIENTED_EDGE('',*,*,#7036,.T.);
#4905=ORIENTED_EDGE('',*,*,#7030,.T.);
#4906=ORIENTED_EDGE('',*,*,#7040,.F.);
#4907=ORIENTED_EDGE('',*,*,#7030,.F.);
#4908=ORIENTED_EDGE('',*,*,#7035,.T.);
#4909=ORIENTED_EDGE('',*,*,#7031,.T.);
#4910=ORIENTED_EDGE('',*,*,#7039,.F.);
#4911=ORIENTED_EDGE('',*,*,#7031,.F.);
#4912=ORIENTED_EDGE('',*,*,#7034,.T.);
#4913=ORIENTED_EDGE('',*,*,#7032,.T.);
#4914=ORIENTED_EDGE('',*,*,#7043,.F.);
#4915=ORIENTED_EDGE('',*,*,#7049,.F.);
#4916=ORIENTED_EDGE('',*,*,#7050,.F.);
#4917=ORIENTED_EDGE('',*,*,#7051,.F.);
#4918=ORIENTED_EDGE('',*,*,#7052,.F.);
#4919=ORIENTED_EDGE('',*,*,#7053,.F.);
#4920=ORIENTED_EDGE('',*,*,#5729,.F.);
#4921=ORIENTED_EDGE('',*,*,#7054,.T.);
#4922=ORIENTED_EDGE('',*,*,#7044,.T.);
#4923=ORIENTED_EDGE('',*,*,#5730,.T.);
#4924=ORIENTED_EDGE('',*,*,#7058,.T.);
#4925=ORIENTED_EDGE('',*,*,#7057,.T.);
#4926=ORIENTED_EDGE('',*,*,#7056,.T.);
#4927=ORIENTED_EDGE('',*,*,#7055,.T.);
#4928=ORIENTED_EDGE('',*,*,#7057,.F.);
#4929=ORIENTED_EDGE('',*,*,#7045,.F.);
#4930=ORIENTED_EDGE('',*,*,#7052,.T.);
#4931=ORIENTED_EDGE('',*,*,#7046,.T.);
#4932=ORIENTED_EDGE('',*,*,#7056,.F.);
#4933=ORIENTED_EDGE('',*,*,#7046,.F.);
#4934=ORIENTED_EDGE('',*,*,#7051,.T.);
#4935=ORIENTED_EDGE('',*,*,#7047,.T.);
#4936=ORIENTED_EDGE('',*,*,#7055,.F.);
#4937=ORIENTED_EDGE('',*,*,#7047,.F.);
#4938=ORIENTED_EDGE('',*,*,#7050,.T.);
#4939=ORIENTED_EDGE('',*,*,#7048,.T.);
#4940=ORIENTED_EDGE('',*,*,#7059,.F.);
#4941=ORIENTED_EDGE('',*,*,#7065,.F.);
#4942=ORIENTED_EDGE('',*,*,#7066,.F.);
#4943=ORIENTED_EDGE('',*,*,#7067,.F.);
#4944=ORIENTED_EDGE('',*,*,#7068,.F.);
#4945=ORIENTED_EDGE('',*,*,#7069,.F.);
#4946=ORIENTED_EDGE('',*,*,#5727,.F.);
#4947=ORIENTED_EDGE('',*,*,#7070,.T.);
#4948=ORIENTED_EDGE('',*,*,#7060,.T.);
#4949=ORIENTED_EDGE('',*,*,#5728,.T.);
#4950=ORIENTED_EDGE('',*,*,#7074,.T.);
#4951=ORIENTED_EDGE('',*,*,#7073,.T.);
#4952=ORIENTED_EDGE('',*,*,#7072,.T.);
#4953=ORIENTED_EDGE('',*,*,#7071,.T.);
#4954=ORIENTED_EDGE('',*,*,#7073,.F.);
#4955=ORIENTED_EDGE('',*,*,#7061,.F.);
#4956=ORIENTED_EDGE('',*,*,#7068,.T.);
#4957=ORIENTED_EDGE('',*,*,#7062,.T.);
#4958=ORIENTED_EDGE('',*,*,#7072,.F.);
#4959=ORIENTED_EDGE('',*,*,#7062,.F.);
#4960=ORIENTED_EDGE('',*,*,#7067,.T.);
#4961=ORIENTED_EDGE('',*,*,#7063,.T.);
#4962=ORIENTED_EDGE('',*,*,#7071,.F.);
#4963=ORIENTED_EDGE('',*,*,#7063,.F.);
#4964=ORIENTED_EDGE('',*,*,#7066,.T.);
#4965=ORIENTED_EDGE('',*,*,#7064,.T.);
#4966=ORIENTED_EDGE('',*,*,#7075,.F.);
#4967=ORIENTED_EDGE('',*,*,#7081,.F.);
#4968=ORIENTED_EDGE('',*,*,#7082,.F.);
#4969=ORIENTED_EDGE('',*,*,#7083,.F.);
#4970=ORIENTED_EDGE('',*,*,#7084,.F.);
#4971=ORIENTED_EDGE('',*,*,#7085,.F.);
#4972=ORIENTED_EDGE('',*,*,#5725,.F.);
#4973=ORIENTED_EDGE('',*,*,#7086,.T.);
#4974=ORIENTED_EDGE('',*,*,#7076,.T.);
#4975=ORIENTED_EDGE('',*,*,#5726,.T.);
#4976=ORIENTED_EDGE('',*,*,#7090,.T.);
#4977=ORIENTED_EDGE('',*,*,#7089,.T.);
#4978=ORIENTED_EDGE('',*,*,#7088,.T.);
#4979=ORIENTED_EDGE('',*,*,#7087,.T.);
#4980=ORIENTED_EDGE('',*,*,#7089,.F.);
#4981=ORIENTED_EDGE('',*,*,#7077,.F.);
#4982=ORIENTED_EDGE('',*,*,#7084,.T.);
#4983=ORIENTED_EDGE('',*,*,#7078,.T.);
#4984=ORIENTED_EDGE('',*,*,#7088,.F.);
#4985=ORIENTED_EDGE('',*,*,#7078,.F.);
#4986=ORIENTED_EDGE('',*,*,#7083,.T.);
#4987=ORIENTED_EDGE('',*,*,#7079,.T.);
#4988=ORIENTED_EDGE('',*,*,#7087,.F.);
#4989=ORIENTED_EDGE('',*,*,#7079,.F.);
#4990=ORIENTED_EDGE('',*,*,#7082,.T.);
#4991=ORIENTED_EDGE('',*,*,#7080,.T.);
#4992=ORIENTED_EDGE('',*,*,#7091,.F.);
#4993=ORIENTED_EDGE('',*,*,#7097,.F.);
#4994=ORIENTED_EDGE('',*,*,#7098,.F.);
#4995=ORIENTED_EDGE('',*,*,#7099,.F.);
#4996=ORIENTED_EDGE('',*,*,#7100,.F.);
#4997=ORIENTED_EDGE('',*,*,#7101,.F.);
#4998=ORIENTED_EDGE('',*,*,#5723,.F.);
#4999=ORIENTED_EDGE('',*,*,#7102,.T.);
#5000=ORIENTED_EDGE('',*,*,#7092,.T.);
#5001=ORIENTED_EDGE('',*,*,#5724,.T.);
#5002=ORIENTED_EDGE('',*,*,#7106,.T.);
#5003=ORIENTED_EDGE('',*,*,#7105,.T.);
#5004=ORIENTED_EDGE('',*,*,#7104,.T.);
#5005=ORIENTED_EDGE('',*,*,#7103,.T.);
#5006=ORIENTED_EDGE('',*,*,#7105,.F.);
#5007=ORIENTED_EDGE('',*,*,#7093,.F.);
#5008=ORIENTED_EDGE('',*,*,#7100,.T.);
#5009=ORIENTED_EDGE('',*,*,#7094,.T.);
#5010=ORIENTED_EDGE('',*,*,#7104,.F.);
#5011=ORIENTED_EDGE('',*,*,#7094,.F.);
#5012=ORIENTED_EDGE('',*,*,#7099,.T.);
#5013=ORIENTED_EDGE('',*,*,#7095,.T.);
#5014=ORIENTED_EDGE('',*,*,#7103,.F.);
#5015=ORIENTED_EDGE('',*,*,#7095,.F.);
#5016=ORIENTED_EDGE('',*,*,#7098,.T.);
#5017=ORIENTED_EDGE('',*,*,#7096,.T.);
#5018=ORIENTED_EDGE('',*,*,#7107,.F.);
#5019=ORIENTED_EDGE('',*,*,#7113,.F.);
#5020=ORIENTED_EDGE('',*,*,#7114,.F.);
#5021=ORIENTED_EDGE('',*,*,#7115,.F.);
#5022=ORIENTED_EDGE('',*,*,#7116,.F.);
#5023=ORIENTED_EDGE('',*,*,#7117,.F.);
#5024=ORIENTED_EDGE('',*,*,#5721,.F.);
#5025=ORIENTED_EDGE('',*,*,#7118,.T.);
#5026=ORIENTED_EDGE('',*,*,#7108,.T.);
#5027=ORIENTED_EDGE('',*,*,#5722,.T.);
#5028=ORIENTED_EDGE('',*,*,#7122,.T.);
#5029=ORIENTED_EDGE('',*,*,#7121,.T.);
#5030=ORIENTED_EDGE('',*,*,#7120,.T.);
#5031=ORIENTED_EDGE('',*,*,#7119,.T.);
#5032=ORIENTED_EDGE('',*,*,#7121,.F.);
#5033=ORIENTED_EDGE('',*,*,#7109,.F.);
#5034=ORIENTED_EDGE('',*,*,#7116,.T.);
#5035=ORIENTED_EDGE('',*,*,#7110,.T.);
#5036=ORIENTED_EDGE('',*,*,#7120,.F.);
#5037=ORIENTED_EDGE('',*,*,#7110,.F.);
#5038=ORIENTED_EDGE('',*,*,#7115,.T.);
#5039=ORIENTED_EDGE('',*,*,#7111,.T.);
#5040=ORIENTED_EDGE('',*,*,#7119,.F.);
#5041=ORIENTED_EDGE('',*,*,#7111,.F.);
#5042=ORIENTED_EDGE('',*,*,#7114,.T.);
#5043=ORIENTED_EDGE('',*,*,#7112,.T.);
#5044=ORIENTED_EDGE('',*,*,#7123,.F.);
#5045=ORIENTED_EDGE('',*,*,#7129,.F.);
#5046=ORIENTED_EDGE('',*,*,#7130,.F.);
#5047=ORIENTED_EDGE('',*,*,#7131,.F.);
#5048=ORIENTED_EDGE('',*,*,#7132,.F.);
#5049=ORIENTED_EDGE('',*,*,#7133,.F.);
#5050=ORIENTED_EDGE('',*,*,#5719,.F.);
#5051=ORIENTED_EDGE('',*,*,#7134,.T.);
#5052=ORIENTED_EDGE('',*,*,#7124,.T.);
#5053=ORIENTED_EDGE('',*,*,#5720,.T.);
#5054=ORIENTED_EDGE('',*,*,#7138,.T.);
#5055=ORIENTED_EDGE('',*,*,#7137,.T.);
#5056=ORIENTED_EDGE('',*,*,#7136,.T.);
#5057=ORIENTED_EDGE('',*,*,#7135,.T.);
#5058=ORIENTED_EDGE('',*,*,#7137,.F.);
#5059=ORIENTED_EDGE('',*,*,#7125,.F.);
#5060=ORIENTED_EDGE('',*,*,#7132,.T.);
#5061=ORIENTED_EDGE('',*,*,#7126,.T.);
#5062=ORIENTED_EDGE('',*,*,#7136,.F.);
#5063=ORIENTED_EDGE('',*,*,#7126,.F.);
#5064=ORIENTED_EDGE('',*,*,#7131,.T.);
#5065=ORIENTED_EDGE('',*,*,#7127,.T.);
#5066=ORIENTED_EDGE('',*,*,#7135,.F.);
#5067=ORIENTED_EDGE('',*,*,#7127,.F.);
#5068=ORIENTED_EDGE('',*,*,#7130,.T.);
#5069=ORIENTED_EDGE('',*,*,#7128,.T.);
#5070=ORIENTED_EDGE('',*,*,#7139,.F.);
#5071=ORIENTED_EDGE('',*,*,#7145,.F.);
#5072=ORIENTED_EDGE('',*,*,#7146,.F.);
#5073=ORIENTED_EDGE('',*,*,#7147,.F.);
#5074=ORIENTED_EDGE('',*,*,#7148,.F.);
#5075=ORIENTED_EDGE('',*,*,#7149,.F.);
#5076=ORIENTED_EDGE('',*,*,#5717,.F.);
#5077=ORIENTED_EDGE('',*,*,#7150,.T.);
#5078=ORIENTED_EDGE('',*,*,#7140,.T.);
#5079=ORIENTED_EDGE('',*,*,#5718,.T.);
#5080=ORIENTED_EDGE('',*,*,#7154,.T.);
#5081=ORIENTED_EDGE('',*,*,#7153,.T.);
#5082=ORIENTED_EDGE('',*,*,#7152,.T.);
#5083=ORIENTED_EDGE('',*,*,#7151,.T.);
#5084=ORIENTED_EDGE('',*,*,#7153,.F.);
#5085=ORIENTED_EDGE('',*,*,#7141,.F.);
#5086=ORIENTED_EDGE('',*,*,#7148,.T.);
#5087=ORIENTED_EDGE('',*,*,#7142,.T.);
#5088=ORIENTED_EDGE('',*,*,#7152,.F.);
#5089=ORIENTED_EDGE('',*,*,#7142,.F.);
#5090=ORIENTED_EDGE('',*,*,#7147,.T.);
#5091=ORIENTED_EDGE('',*,*,#7143,.T.);
#5092=ORIENTED_EDGE('',*,*,#7151,.F.);
#5093=ORIENTED_EDGE('',*,*,#7143,.F.);
#5094=ORIENTED_EDGE('',*,*,#7146,.T.);
#5095=ORIENTED_EDGE('',*,*,#7144,.T.);
#5096=ORIENTED_EDGE('',*,*,#7162,.T.);
#5097=ORIENTED_EDGE('',*,*,#7155,.T.);
#5098=ORIENTED_EDGE('',*,*,#5716,.T.);
#5099=ORIENTED_EDGE('',*,*,#7166,.T.);
#5100=ORIENTED_EDGE('',*,*,#7165,.T.);
#5101=ORIENTED_EDGE('',*,*,#7164,.T.);
#5102=ORIENTED_EDGE('',*,*,#7163,.T.);
#5103=ORIENTED_EDGE('',*,*,#7165,.F.);
#5104=ORIENTED_EDGE('',*,*,#5774,.F.);
#5105=ORIENTED_EDGE('',*,*,#7161,.T.);
#5106=ORIENTED_EDGE('',*,*,#7156,.T.);
#5107=ORIENTED_EDGE('',*,*,#7164,.F.);
#5108=ORIENTED_EDGE('',*,*,#7156,.F.);
#5109=ORIENTED_EDGE('',*,*,#7160,.T.);
#5110=ORIENTED_EDGE('',*,*,#7157,.T.);
#5111=ORIENTED_EDGE('',*,*,#7163,.F.);
#5112=ORIENTED_EDGE('',*,*,#7157,.F.);
#5113=ORIENTED_EDGE('',*,*,#7159,.T.);
#5114=ORIENTED_EDGE('',*,*,#7158,.T.);
#5115=PLANE('',#10850);
#5116=PLANE('',#10851);
#5117=PLANE('',#10852);
#5118=PLANE('',#10853);
#5119=PLANE('',#10854);
#5120=PLANE('',#10855);
#5121=PLANE('',#10856);
#5122=PLANE('',#10857);
#5123=PLANE('',#10858);
#5124=PLANE('',#10859);
#5125=PLANE('',#10860);
#5126=PLANE('',#10861);
#5127=PLANE('',#10862);
#5128=PLANE('',#10863);
#5129=PLANE('',#10864);
#5130=PLANE('',#10865);
#5131=PLANE('',#10866);
#5132=PLANE('',#10867);
#5133=PLANE('',#10868);
#5134=PLANE('',#10869);
#5135=PLANE('',#10870);
#5136=PLANE('',#10871);
#5137=PLANE('',#10872);
#5138=PLANE('',#10873);
#5139=PLANE('',#10874);
#5140=PLANE('',#10875);
#5141=PLANE('',#10876);
#5142=PLANE('',#10877);
#5143=PLANE('',#10878);
#5144=PLANE('',#10879);
#5145=PLANE('',#10880);
#5146=PLANE('',#10881);
#5147=PLANE('',#10882);
#5148=PLANE('',#10883);
#5149=PLANE('',#10884);
#5150=PLANE('',#10885);
#5151=PLANE('',#10886);
#5152=PLANE('',#10887);
#5153=PLANE('',#10888);
#5154=PLANE('',#10889);
#5155=PLANE('',#10890);
#5156=PLANE('',#10891);
#5157=PLANE('',#10892);
#5158=PLANE('',#10893);
#5159=PLANE('',#10894);
#5160=PLANE('',#10895);
#5161=PLANE('',#10896);
#5162=PLANE('',#10897);
#5163=PLANE('',#10898);
#5164=PLANE('',#10899);
#5165=PLANE('',#10900);
#5166=PLANE('',#10901);
#5167=PLANE('',#10902);
#5168=PLANE('',#10903);
#5169=PLANE('',#10904);
#5170=PLANE('',#10905);
#5171=PLANE('',#10906);
#5172=PLANE('',#10907);
#5173=PLANE('',#10908);
#5174=PLANE('',#10909);
#5175=PLANE('',#10910);
#5176=PLANE('',#10911);
#5177=PLANE('',#10912);
#5178=PLANE('',#10913);
#5179=PLANE('',#10914);
#5180=PLANE('',#10915);
#5181=PLANE('',#10916);
#5182=PLANE('',#10917);
#5183=PLANE('',#10918);
#5184=PLANE('',#10919);
#5185=PLANE('',#10920);
#5186=PLANE('',#10921);
#5187=PLANE('',#10922);
#5188=PLANE('',#10923);
#5189=PLANE('',#10924);
#5190=PLANE('',#10925);
#5191=PLANE('',#10926);
#5192=PLANE('',#10927);
#5193=PLANE('',#10928);
#5194=PLANE('',#10929);
#5195=PLANE('',#10930);
#5196=PLANE('',#10931);
#5197=PLANE('',#10932);
#5198=PLANE('',#10933);
#5199=PLANE('',#10934);
#5200=PLANE('',#10935);
#5201=PLANE('',#10936);
#5202=PLANE('',#10937);
#5203=PLANE('',#10938);
#5204=PLANE('',#10939);
#5205=PLANE('',#10940);
#5206=PLANE('',#10941);
#5207=PLANE('',#10942);
#5208=PLANE('',#10943);
#5209=PLANE('',#10944);
#5210=PLANE('',#10945);
#5211=PLANE('',#10946);
#5212=PLANE('',#10947);
#5213=PLANE('',#10948);
#5214=PLANE('',#10949);
#5215=PLANE('',#10950);
#5216=PLANE('',#10951);
#5217=PLANE('',#10952);
#5218=PLANE('',#10953);
#5219=PLANE('',#10954);
#5220=PLANE('',#10955);
#5221=PLANE('',#10956);
#5222=PLANE('',#10957);
#5223=PLANE('',#10958);
#5224=PLANE('',#10959);
#5225=PLANE('',#10960);
#5226=PLANE('',#10961);
#5227=PLANE('',#10962);
#5228=PLANE('',#10963);
#5229=PLANE('',#10964);
#5230=PLANE('',#10965);
#5231=PLANE('',#10966);
#5232=PLANE('',#10967);
#5233=PLANE('',#10968);
#5234=PLANE('',#10969);
#5235=PLANE('',#10970);
#5236=PLANE('',#10971);
#5237=PLANE('',#10972);
#5238=PLANE('',#10973);
#5239=PLANE('',#10974);
#5240=PLANE('',#10975);
#5241=PLANE('',#10976);
#5242=PLANE('',#10977);
#5243=PLANE('',#10978);
#5244=PLANE('',#10979);
#5245=PLANE('',#10980);
#5246=PLANE('',#10981);
#5247=PLANE('',#10982);
#5248=PLANE('',#10983);
#5249=PLANE('',#10984);
#5250=PLANE('',#10985);
#5251=PLANE('',#10986);
#5252=PLANE('',#10987);
#5253=PLANE('',#10988);
#5254=PLANE('',#10989);
#5255=PLANE('',#10990);
#5256=PLANE('',#10991);
#5257=PLANE('',#10992);
#5258=PLANE('',#10993);
#5259=PLANE('',#10994);
#5260=PLANE('',#10995);
#5261=PLANE('',#10996);
#5262=PLANE('',#10997);
#5263=PLANE('',#10998);
#5264=PLANE('',#10999);
#5265=PLANE('',#11000);
#5266=PLANE('',#11001);
#5267=PLANE('',#11002);
#5268=PLANE('',#11003);
#5269=PLANE('',#11004);
#5270=PLANE('',#11005);
#5271=PLANE('',#11006);
#5272=PLANE('',#11007);
#5273=PLANE('',#11008);
#5274=PLANE('',#11009);
#5275=PLANE('',#11010);
#5276=PLANE('',#11011);
#5277=PLANE('',#11012);
#5278=PLANE('',#11013);
#5279=PLANE('',#11014);
#5280=PLANE('',#11015);
#5281=PLANE('',#11016);
#5282=PLANE('',#11017);
#5283=PLANE('',#11018);
#5284=PLANE('',#11019);
#5285=PLANE('',#11020);
#5286=PLANE('',#11021);
#5287=PLANE('',#11022);
#5288=PLANE('',#11023);
#5289=PLANE('',#11024);
#5290=PLANE('',#11025);
#5291=PLANE('',#11026);
#5292=PLANE('',#11027);
#5293=PLANE('',#11028);
#5294=PLANE('',#11029);
#5295=PLANE('',#11030);
#5296=PLANE('',#11031);
#5297=PLANE('',#11032);
#5298=PLANE('',#11033);
#5299=PLANE('',#11034);
#5300=PLANE('',#11035);
#5301=PLANE('',#11036);
#5302=PLANE('',#11037);
#5303=PLANE('',#11038);
#5304=PLANE('',#11039);
#5305=PLANE('',#11040);
#5306=PLANE('',#11041);
#5307=PLANE('',#11042);
#5308=PLANE('',#11043);
#5309=PLANE('',#11044);
#5310=PLANE('',#11045);
#5311=PLANE('',#11047);
#5312=PLANE('',#11048);
#5313=PLANE('',#11053);
#5314=PLANE('',#11054);
#5315=PLANE('',#11056);
#5316=PLANE('',#11062);
#5317=PLANE('',#11063);
#5318=PLANE('',#11064);
#5319=PLANE('',#11065);
#5320=PLANE('',#11067);
#5321=PLANE('',#11068);
#5322=PLANE('',#11069);
#5323=PLANE('',#11070);
#5324=PLANE('',#11072);
#5325=PLANE('',#11073);
#5326=PLANE('',#11074);
#5327=PLANE('',#11075);
#5328=PLANE('',#11077);
#5329=PLANE('',#11078);
#5330=PLANE('',#11079);
#5331=PLANE('',#11080);
#5332=PLANE('',#11082);
#5333=PLANE('',#11083);
#5334=PLANE('',#11084);
#5335=PLANE('',#11085);
#5336=PLANE('',#11087);
#5337=PLANE('',#11088);
#5338=PLANE('',#11089);
#5339=PLANE('',#11090);
#5340=PLANE('',#11092);
#5341=PLANE('',#11093);
#5342=PLANE('',#11094);
#5343=PLANE('',#11095);
#5344=PLANE('',#11097);
#5345=PLANE('',#11098);
#5346=PLANE('',#11099);
#5347=PLANE('',#11100);
#5348=PLANE('',#11102);
#5349=PLANE('',#11103);
#5350=PLANE('',#11104);
#5351=PLANE('',#11105);
#5352=PLANE('',#11107);
#5353=PLANE('',#11108);
#5354=PLANE('',#11109);
#5355=PLANE('',#11110);
#5356=PLANE('',#11112);
#5357=PLANE('',#11113);
#5358=PLANE('',#11114);
#5359=PLANE('',#11115);
#5360=PLANE('',#11117);
#5361=PLANE('',#11118);
#5362=PLANE('',#11119);
#5363=PLANE('',#11120);
#5364=PLANE('',#11122);
#5365=PLANE('',#11123);
#5366=PLANE('',#11124);
#5367=PLANE('',#11125);
#5368=PLANE('',#11127);
#5369=PLANE('',#11128);
#5370=PLANE('',#11129);
#5371=PLANE('',#11130);
#5372=PLANE('',#11132);
#5373=PLANE('',#11133);
#5374=PLANE('',#11134);
#5375=PLANE('',#11135);
#5376=PLANE('',#11137);
#5377=PLANE('',#11138);
#5378=PLANE('',#11139);
#5379=PLANE('',#11140);
#5380=PLANE('',#11142);
#5381=PLANE('',#11143);
#5382=PLANE('',#11144);
#5383=PLANE('',#11145);
#5384=PLANE('',#11147);
#5385=PLANE('',#11148);
#5386=PLANE('',#11149);
#5387=PLANE('',#11150);
#5388=PLANE('',#11152);
#5389=PLANE('',#11153);
#5390=PLANE('',#11154);
#5391=PLANE('',#11155);
#5392=PLANE('',#11157);
#5393=PLANE('',#11158);
#5394=PLANE('',#11159);
#5395=PLANE('',#11160);
#5396=PLANE('',#11162);
#5397=PLANE('',#11163);
#5398=PLANE('',#11164);
#5399=PLANE('',#11165);
#5400=PLANE('',#11167);
#5401=PLANE('',#11168);
#5402=PLANE('',#11169);
#5403=PLANE('',#11170);
#5404=PLANE('',#11172);
#5405=PLANE('',#11173);
#5406=PLANE('',#11174);
#5407=PLANE('',#11175);
#5408=PLANE('',#11177);
#5409=PLANE('',#11178);
#5410=PLANE('',#11179);
#5411=PLANE('',#11180);
#5412=PLANE('',#11182);
#5413=PLANE('',#11183);
#5414=PLANE('',#11184);
#5415=PLANE('',#11185);
#5416=PLANE('',#11187);
#5417=PLANE('',#11188);
#5418=PLANE('',#11189);
#5419=PLANE('',#11190);
#5420=PLANE('',#11192);
#5421=PLANE('',#11193);
#5422=PLANE('',#11194);
#5423=PLANE('',#11195);
#5424=PLANE('',#11197);
#5425=PLANE('',#11198);
#5426=PLANE('',#11199);
#5427=PLANE('',#11200);
#5428=PLANE('',#11202);
#5429=PLANE('',#11203);
#5430=PLANE('',#11204);
#5431=PLANE('',#11205);
#5432=PLANE('',#11207);
#5433=PLANE('',#11208);
#5434=PLANE('',#11209);
#5435=PLANE('',#11210);
#5436=PLANE('',#11212);
#5437=PLANE('',#11213);
#5438=PLANE('',#11214);
#5439=PLANE('',#11215);
#5440=PLANE('',#11217);
#5441=PLANE('',#11218);
#5442=PLANE('',#11219);
#5443=PLANE('',#11220);
#5444=PLANE('',#11222);
#5445=PLANE('',#11223);
#5446=PLANE('',#11224);
#5447=PLANE('',#11225);
#5448=PLANE('',#11227);
#5449=PLANE('',#11228);
#5450=PLANE('',#11229);
#5451=PLANE('',#11230);
#5452=PLANE('',#11232);
#5453=PLANE('',#11233);
#5454=PLANE('',#11234);
#5455=PLANE('',#11235);
#5456=PLANE('',#11237);
#5457=PLANE('',#11238);
#5458=PLANE('',#11239);
#5459=PLANE('',#11240);
#5460=PLANE('',#11242);
#5461=PLANE('',#11243);
#5462=PLANE('',#11244);
#5463=PLANE('',#11245);
#5464=PLANE('',#11247);
#5465=PLANE('',#11248);
#5466=PLANE('',#11249);
#5467=PLANE('',#11250);
#5468=PLANE('',#11252);
#5469=PLANE('',#11253);
#5470=PLANE('',#11254);
#5471=PLANE('',#11255);
#5472=PLANE('',#11257);
#5473=PLANE('',#11258);
#5474=PLANE('',#11259);
#5475=PLANE('',#11260);
#5476=PLANE('',#11262);
#5477=PLANE('',#11263);
#5478=PLANE('',#11264);
#5479=PLANE('',#11265);
#5480=PLANE('',#11267);
#5481=PLANE('',#11268);
#5482=PLANE('',#11269);
#5483=PLANE('',#11270);
#5484=PLANE('',#11272);
#5485=PLANE('',#11273);
#5486=PLANE('',#11274);
#5487=PLANE('',#11275);
#5488=PLANE('',#11277);
#5489=PLANE('',#11278);
#5490=PLANE('',#11279);
#5491=PLANE('',#11280);
#5492=PLANE('',#11282);
#5493=PLANE('',#11283);
#5494=PLANE('',#11284);
#5495=PLANE('',#11285);
#5496=PLANE('',#11287);
#5497=PLANE('',#11288);
#5498=PLANE('',#11289);
#5499=PLANE('',#11290);
#5500=PLANE('',#11292);
#5501=PLANE('',#11293);
#5502=PLANE('',#11294);
#5503=PLANE('',#11295);
#5504=PLANE('',#11297);
#5505=PLANE('',#11298);
#5506=PLANE('',#11299);
#5507=PLANE('',#11300);
#5508=PLANE('',#11302);
#5509=PLANE('',#11303);
#5510=PLANE('',#11304);
#5511=PLANE('',#11305);
#5512=PLANE('',#11307);
#5513=PLANE('',#11308);
#5514=PLANE('',#11309);
#5515=PLANE('',#11310);
#5516=PLANE('',#11312);
#5517=PLANE('',#11313);
#5518=PLANE('',#11314);
#5519=PLANE('',#11315);
#5520=PLANE('',#11317);
#5521=PLANE('',#11318);
#5522=PLANE('',#11319);
#5523=PLANE('',#11320);
#5524=PLANE('',#11322);
#5525=PLANE('',#11323);
#5526=PLANE('',#11324);
#5527=PLANE('',#11325);
#5528=PLANE('',#11327);
#5529=PLANE('',#11328);
#5530=PLANE('',#11329);
#5531=PLANE('',#11330);
#5532=PLANE('',#11332);
#5533=PLANE('',#11333);
#5534=PLANE('',#11334);
#5535=PLANE('',#11335);
#5536=PLANE('',#11337);
#5537=PLANE('',#11338);
#5538=PLANE('',#11339);
#5539=PLANE('',#11340);
#5540=PLANE('',#11342);
#5541=PLANE('',#11343);
#5542=PLANE('',#11344);
#5543=PLANE('',#11345);
#5544=PLANE('',#11347);
#5545=PLANE('',#11348);
#5546=PLANE('',#11349);
#5547=PLANE('',#11350);
#5548=PLANE('',#11352);
#5549=PLANE('',#11353);
#5550=PLANE('',#11354);
#5551=PLANE('',#11355);
#5552=PLANE('',#11357);
#5553=PLANE('',#11358);
#5554=PLANE('',#11359);
#5555=PLANE('',#11360);
#5556=PLANE('',#11362);
#5557=PLANE('',#11363);
#5558=PLANE('',#11364);
#5559=PLANE('',#11365);
#5560=PLANE('',#11367);
#5561=PLANE('',#11368);
#5562=PLANE('',#11369);
#5563=PLANE('',#11370);
#5564=PLANE('',#11372);
#5565=PLANE('',#11373);
#5566=PLANE('',#11374);
#5567=PLANE('',#11376);
#5568=CIRCLE('',#10702,35.4921438600924);
#5569=CIRCLE('',#10703,17.7865499139349);
#5570=CIRCLE('',#10704,27.4330029960204);
#5571=CIRCLE('',#10705,9.67144000382974);
#5572=CIRCLE('',#10706,6.41186511054319);
#5573=CIRCLE('',#10707,6.7917809045939);
#5574=CIRCLE('',#10708,82.1096911276399);
#5575=CIRCLE('',#10709,6.63294940474391);
#5576=CIRCLE('',#10710,7.85950428713309);
#5577=CIRCLE('',#10711,22.3443089123672);
#5578=CIRCLE('',#10712,8.15121206730752);
#5579=CIRCLE('',#10713,35.4921438600924);
#5580=CIRCLE('',#10714,17.7865499139349);
#5581=CIRCLE('',#10715,27.4330029960204);
#5582=CIRCLE('',#10716,9.67144000382974);
#5583=CIRCLE('',#10717,6.41186511054319);
#5584=CIRCLE('',#10718,6.7917809045939);
#5585=CIRCLE('',#10719,82.1096911276399);
#5586=CIRCLE('',#10720,6.63294940474391);
#5587=CIRCLE('',#10721,7.85950428713309);
#5588=CIRCLE('',#10722,22.3443089123672);
#5589=CIRCLE('',#10723,8.15121206730752);
#5590=CIRCLE('',#10724,10.333062427703);
#5591=CIRCLE('',#10725,10.333062427703);
#5592=CIRCLE('',#10726,10.3330624277031);
#5593=CIRCLE('',#10727,10.3330624277031);
#5594=CIRCLE('',#10728,10.3330624277031);
#5595=CIRCLE('',#10729,10.3330624277031);
#5596=CIRCLE('',#10730,10.3330624277031);
#5597=CIRCLE('',#10731,10.3330624277031);
#5598=CIRCLE('',#10732,10.3330624277031);
#5599=CIRCLE('',#10733,10.3330624277031);
#5600=CIRCLE('',#10734,10.3330624277031);
#5601=CIRCLE('',#10735,10.3330624277031);
#5602=CIRCLE('',#10736,10.3330624277031);
#5603=CIRCLE('',#10737,10.3330624277031);
#5604=CIRCLE('',#10738,10.3330624277031);
#5605=CIRCLE('',#10739,10.3330624277031);
#5606=CIRCLE('',#10740,10.3330624277031);
#5607=CIRCLE('',#10741,10.3330624277031);
#5608=CIRCLE('',#10742,10.3330624277031);
#5609=CIRCLE('',#10743,10.3330624277031);
#5610=CIRCLE('',#10744,10.3330624277031);
#5611=CIRCLE('',#10745,10.3330624277031);
#5612=CIRCLE('',#10746,10.3330624277031);
#5613=CIRCLE('',#10747,10.3330624277031);
#5614=CIRCLE('',#10748,10.3330624277031);
#5615=CIRCLE('',#10749,10.3330624277031);
#5616=CIRCLE('',#10750,10.3330624277031);
#5617=CIRCLE('',#10751,10.3330624277031);
#5618=CIRCLE('',#10752,10.3330624277031);
#5619=CIRCLE('',#10753,10.3330624277031);
#5620=CIRCLE('',#10754,10.3330624277031);
#5621=CIRCLE('',#10755,10.3330624277031);
#5622=CIRCLE('',#10756,10.3330624277031);
#5623=CIRCLE('',#10757,10.3330624277031);
#5624=CIRCLE('',#10758,10.3330624277031);
#5625=CIRCLE('',#10759,10.3330624277031);
#5626=CIRCLE('',#10760,10.3330624277031);
#5627=CIRCLE('',#10761,10.3330624277031);
#5628=CIRCLE('',#10762,10.3330624277031);
#5629=CIRCLE('',#10763,10.3330624277031);
#5630=CIRCLE('',#10764,10.3330624277031);
#5631=CIRCLE('',#10765,10.3330624277031);
#5632=CIRCLE('',#10766,10.3330624277031);
#5633=CIRCLE('',#10767,10.3330624277031);
#5634=CIRCLE('',#10768,10.3330624277031);
#5635=CIRCLE('',#10769,10.3330624277031);
#5636=CIRCLE('',#10770,10.3330624277031);
#5637=CIRCLE('',#10771,10.3330624277031);
#5638=CIRCLE('',#10772,10.3330624277031);
#5639=CIRCLE('',#10773,10.3330624277031);
#5640=CIRCLE('',#10774,10.3330624277031);
#5641=CIRCLE('',#10775,10.3330624277031);
#5642=CIRCLE('',#10776,10.3330624277031);
#5643=CIRCLE('',#10777,10.3330624277031);
#5644=CIRCLE('',#10778,10.3330624277031);
#5645=CIRCLE('',#10779,10.3330624277031);
#5646=CIRCLE('',#10780,10.3330624277031);
#5647=CIRCLE('',#10781,10.3330624277031);
#5648=CIRCLE('',#10782,10.3330624277031);
#5649=CIRCLE('',#10783,10.3330624277031);
#5650=CIRCLE('',#10784,10.3330624277031);
#5651=CIRCLE('',#10785,10.3330624277031);
#5652=CIRCLE('',#10786,10.3330624277031);
#5653=CIRCLE('',#10787,10.3330624277031);
#5654=CIRCLE('',#10788,10.3330624277031);
#5655=CIRCLE('',#10789,10.3330624277031);
#5656=CIRCLE('',#10790,10.3330624277031);
#5657=CIRCLE('',#10791,10.3330624277031);
#5658=CIRCLE('',#10792,10.3330624277031);
#5659=CIRCLE('',#10793,10.3330624277031);
#5660=CIRCLE('',#10794,10.3330624277031);
#5661=CIRCLE('',#10795,10.3330624277031);
#5662=CIRCLE('',#10796,10.3330624277031);
#5663=CIRCLE('',#10797,10.3330624277031);
#5664=CIRCLE('',#10798,10.3330624277031);
#5665=CIRCLE('',#10799,10.3330624277031);
#5666=CIRCLE('',#10800,10.3330624277031);
#5667=CIRCLE('',#10801,10.3330624277031);
#5668=CIRCLE('',#10802,10.3330624277031);
#5669=CIRCLE('',#10803,10.3330624277031);
#5670=CIRCLE('',#10804,10.3330624277031);
#5671=CIRCLE('',#10805,10.3330624277031);
#5672=CIRCLE('',#10806,10.3330624277031);
#5673=CIRCLE('',#10807,10.3330624277031);
#5674=CIRCLE('',#10808,10.3330624277031);
#5675=CIRCLE('',#10809,10.3330624277031);
#5676=CIRCLE('',#10810,10.3330624277031);
#5677=CIRCLE('',#10811,10.3330624277031);
#5678=CIRCLE('',#10812,10.3330624277031);
#5679=CIRCLE('',#10813,10.3330624277031);
#5680=CIRCLE('',#10814,10.3330624277031);
#5681=CIRCLE('',#10815,10.3330624277031);
#5682=CIRCLE('',#10816,10.3330624277031);
#5683=CIRCLE('',#10817,10.3330624277031);
#5684=CIRCLE('',#10818,10.3330624277031);
#5685=CIRCLE('',#10819,10.3330624277031);
#5686=CIRCLE('',#10820,10.3330624277031);
#5687=CIRCLE('',#10821,10.3330624277031);
#5688=CIRCLE('',#10822,10.3330624277031);
#5689=CIRCLE('',#10823,10.3330624277031);
#5690=CIRCLE('',#10824,10.3330624277031);
#5691=CIRCLE('',#10825,10.3330624277031);
#5692=CIRCLE('',#10826,10.3330624277031);
#5693=CIRCLE('',#10827,10.3330624277031);
#5694=CIRCLE('',#10828,10.3330624277031);
#5695=CIRCLE('',#10829,10.3330624277031);
#5696=CIRCLE('',#10830,10.3330624277031);
#5697=CIRCLE('',#10831,10.3330624277031);
#5698=CIRCLE('',#10832,10.3330624277031);
#5699=CIRCLE('',#10833,10.3330624277031);
#5700=CIRCLE('',#10834,10.3330624277031);
#5701=CIRCLE('',#10835,10.3330624277031);
#5702=CIRCLE('',#10836,10.3330624277031);
#5703=CIRCLE('',#10837,10.3330624277031);
#5704=CIRCLE('',#10838,10.3330624277031);
#5705=CIRCLE('',#10839,10.3330624277031);
#5706=CIRCLE('',#10840,10.3330624277031);
#5707=CIRCLE('',#10841,10.3330624277031);
#5708=CIRCLE('',#10842,10.3330624277031);
#5709=CIRCLE('',#10843,10.3330624277031);
#5710=CIRCLE('',#10844,10.3330624277031);
#5711=CIRCLE('',#10845,10.3330624277031);
#5712=CIRCLE('',#10846,10.3330624277031);
#5713=CIRCLE('',#10847,10.3330624277031);
#5714=CIRCLE('',#10848,10.3330624277031);
#5715=CIRCLE('',#10849,10.3330624277031);
#5716=EDGE_CURVE('',#9777,#10696,#7167,.T.);
#5717=EDGE_CURVE('',#9786,#9784,#7168,.T.);
#5718=EDGE_CURVE('',#9785,#10691,#7169,.T.);
#5719=EDGE_CURVE('',#9795,#9793,#7170,.T.);
#5720=EDGE_CURVE('',#9794,#10686,#7171,.T.);
#5721=EDGE_CURVE('',#9804,#9802,#7172,.T.);
#5722=EDGE_CURVE('',#9803,#10681,#7173,.T.);
#5723=EDGE_CURVE('',#9813,#9811,#7174,.T.);
#5724=EDGE_CURVE('',#9812,#10676,#7175,.T.);
#5725=EDGE_CURVE('',#9822,#9820,#7176,.T.);
#5726=EDGE_CURVE('',#9821,#10671,#7177,.T.);
#5727=EDGE_CURVE('',#9831,#9829,#7178,.T.);
#5728=EDGE_CURVE('',#9830,#10666,#7179,.T.);
#5729=EDGE_CURVE('',#9840,#9838,#7180,.T.);
#5730=EDGE_CURVE('',#9839,#10661,#7181,.T.);
#5731=EDGE_CURVE('',#9849,#9847,#7182,.T.);
#5732=EDGE_CURVE('',#9848,#10656,#7183,.T.);
#5733=EDGE_CURVE('',#9858,#9856,#7184,.T.);
#5734=EDGE_CURVE('',#9857,#10651,#7185,.T.);
#5735=EDGE_CURVE('',#9867,#9865,#7186,.T.);
#5736=EDGE_CURVE('',#9866,#10646,#7187,.T.);
#5737=EDGE_CURVE('',#9876,#9874,#7188,.T.);
#5738=EDGE_CURVE('',#9875,#10641,#7189,.T.);
#5739=EDGE_CURVE('',#9886,#9884,#7190,.T.);
#5740=EDGE_CURVE('',#9885,#10623,#7191,.T.);
#5741=EDGE_CURVE('',#9897,#9895,#7192,.T.);
#5742=EDGE_CURVE('',#9896,#10592,#7193,.T.);
#5743=EDGE_CURVE('',#9908,#9906,#7194,.T.);
#5744=EDGE_CURVE('',#9907,#10561,#7195,.T.);
#5745=EDGE_CURVE('',#9919,#9917,#7196,.T.);
#5746=EDGE_CURVE('',#9918,#10530,#7197,.T.);
#5747=EDGE_CURVE('',#9930,#9928,#7198,.T.);
#5748=EDGE_CURVE('',#9929,#10499,#7199,.T.);
#5749=EDGE_CURVE('',#9943,#9941,#7200,.T.);
#5750=EDGE_CURVE('',#9942,#10442,#7201,.T.);
#5751=EDGE_CURVE('',#9958,#9956,#7202,.T.);
#5752=EDGE_CURVE('',#9957,#10359,#7203,.T.);
#5753=EDGE_CURVE('',#9973,#9971,#7204,.T.);
#5754=EDGE_CURVE('',#9972,#10276,#7205,.T.);
#5755=EDGE_CURVE('',#9988,#9986,#7206,.T.);
#5756=EDGE_CURVE('',#9987,#10193,#7207,.T.);
#5757=EDGE_CURVE('',#10003,#10001,#7208,.T.);
#5758=EDGE_CURVE('',#10002,#10110,#7209,.T.);
#5759=EDGE_CURVE('',#10013,#10011,#7210,.T.);
#5760=EDGE_CURVE('',#10012,#10092,#7211,.T.);
#5761=EDGE_CURVE('',#10022,#10020,#7212,.T.);
#5762=EDGE_CURVE('',#10021,#10087,#7213,.T.);
#5763=EDGE_CURVE('',#10027,#10028,#7214,.T.);
#5764=EDGE_CURVE('',#10054,#10080,#7215,.T.);
#5765=EDGE_CURVE('',#10053,#10079,#7216,.T.);
#5766=EDGE_CURVE('',#10052,#10078,#7217,.T.);
#5767=EDGE_CURVE('',#10051,#10077,#7218,.T.);
#5768=EDGE_CURVE('',#10050,#10076,#7219,.T.);
#5769=EDGE_CURVE('',#10049,#10075,#7220,.T.);
#5770=EDGE_CURVE('',#10048,#10074,#7221,.T.);
#5771=EDGE_CURVE('',#10047,#10073,#7222,.T.);
#5772=EDGE_CURVE('',#10046,#10072,#7223,.T.);
#5773=EDGE_CURVE('',#10045,#10071,#7224,.T.);
#5774=EDGE_CURVE('',#10044,#9774,#7225,.T.);
#5775=EDGE_CURVE('',#9774,#9781,#7226,.T.);
#5776=EDGE_CURVE('',#9780,#9790,#7227,.T.);
#5777=EDGE_CURVE('',#9789,#9799,#7228,.T.);
#5778=EDGE_CURVE('',#9798,#9808,#7229,.T.);
#5779=EDGE_CURVE('',#9807,#9817,#7230,.T.);
#5780=EDGE_CURVE('',#9816,#9826,#7231,.T.);
#5781=EDGE_CURVE('',#9825,#9835,#7232,.T.);
#5782=EDGE_CURVE('',#9834,#9844,#7233,.T.);
#5783=EDGE_CURVE('',#9843,#9853,#7234,.T.);
#5784=EDGE_CURVE('',#9852,#9862,#7235,.T.);
#5785=EDGE_CURVE('',#9861,#9871,#7236,.T.);
#5786=EDGE_CURVE('',#9870,#9881,#7237,.T.);
#5787=EDGE_CURVE('',#9880,#9892,#7238,.T.);
#5788=EDGE_CURVE('',#9891,#9903,#7239,.T.);
#5789=EDGE_CURVE('',#9902,#9914,#7240,.T.);
#5790=EDGE_CURVE('',#9913,#9925,#7241,.T.);
#5791=EDGE_CURVE('',#9924,#9938,#7242,.T.);
#5792=EDGE_CURVE('',#9937,#9953,#7243,.T.);
#5793=EDGE_CURVE('',#9952,#9968,#7244,.T.);
#5794=EDGE_CURVE('',#9967,#9983,#7245,.T.);
#5795=EDGE_CURVE('',#9982,#9998,#7246,.T.);
#5796=EDGE_CURVE('',#9997,#10633,#7247,.T.);
#5797=EDGE_CURVE('',#9877,#10615,#7248,.T.);
#5798=EDGE_CURVE('',#9887,#10602,#7249,.T.);
#5799=EDGE_CURVE('',#9888,#10584,#7250,.T.);
#5800=EDGE_CURVE('',#9898,#10571,#7251,.T.);
#5801=EDGE_CURVE('',#9899,#10553,#7252,.T.);
#5802=EDGE_CURVE('',#9909,#10540,#7253,.T.);
#5803=EDGE_CURVE('',#9910,#10522,#7254,.T.);
#5804=EDGE_CURVE('',#9920,#10509,#7255,.T.);
#5805=EDGE_CURVE('',#9921,#10491,#7256,.T.);
#5806=EDGE_CURVE('',#9931,#10465,#7257,.T.);
#5807=EDGE_CURVE('',#9933,#10421,#7258,.T.);
#5808=EDGE_CURVE('',#9945,#10382,#7259,.T.);
#5809=EDGE_CURVE('',#9948,#10338,#7260,.T.);
#5810=EDGE_CURVE('',#9960,#10299,#7261,.T.);
#5811=EDGE_CURVE('',#9963,#10255,#7262,.T.);
#5812=EDGE_CURVE('',#9975,#10216,#7263,.T.);
#5813=EDGE_CURVE('',#9978,#10172,#7264,.T.);
#5814=EDGE_CURVE('',#9990,#10133,#7265,.T.);
#5815=EDGE_CURVE('',#9993,#10008,#7266,.T.);
#5816=EDGE_CURVE('',#10007,#10478,#7267,.T.);
#5817=EDGE_CURVE('',#9932,#10452,#7268,.T.);
#5818=EDGE_CURVE('',#9934,#10434,#7269,.T.);
#5819=EDGE_CURVE('',#9944,#10408,#7270,.T.);
#5820=EDGE_CURVE('',#9946,#10395,#7271,.T.);
#5821=EDGE_CURVE('',#9947,#10369,#7272,.T.);
#5822=EDGE_CURVE('',#9949,#10351,#7273,.T.);
#5823=EDGE_CURVE('',#9959,#10325,#7274,.T.);
#5824=EDGE_CURVE('',#9961,#10312,#7275,.T.);
#5825=EDGE_CURVE('',#9962,#10286,#7276,.T.);
#5826=EDGE_CURVE('',#9964,#10268,#7277,.T.);
#5827=EDGE_CURVE('',#9974,#10242,#7278,.T.);
#5828=EDGE_CURVE('',#9976,#10229,#7279,.T.);
#5829=EDGE_CURVE('',#9977,#10203,#7280,.T.);
#5830=EDGE_CURVE('',#9979,#10185,#7281,.T.);
#5831=EDGE_CURVE('',#9989,#10159,#7282,.T.);
#5832=EDGE_CURVE('',#9991,#10146,#7283,.T.);
#5833=EDGE_CURVE('',#9992,#10120,#7284,.T.);
#5834=EDGE_CURVE('',#9994,#10102,#7285,.T.);
#5835=EDGE_CURVE('',#10004,#10017,#7286,.T.);
#5836=EDGE_CURVE('',#10016,#10024,#7287,.T.);
#5837=EDGE_CURVE('',#10696,#9784,#7288,.T.);
#5838=EDGE_CURVE('',#10691,#9793,#7289,.T.);
#5839=EDGE_CURVE('',#10686,#9802,#7290,.T.);
#5840=EDGE_CURVE('',#10681,#9811,#7291,.T.);
#5841=EDGE_CURVE('',#10676,#9820,#7292,.T.);
#5842=EDGE_CURVE('',#10671,#9829,#7293,.T.);
#5843=EDGE_CURVE('',#10666,#9838,#7294,.T.);
#5844=EDGE_CURVE('',#10661,#9847,#7295,.T.);
#5845=EDGE_CURVE('',#10656,#9856,#7296,.T.);
#5846=EDGE_CURVE('',#10651,#9865,#7297,.T.);
#5847=EDGE_CURVE('',#10646,#9874,#7298,.T.);
#5848=EDGE_CURVE('',#10641,#9884,#7299,.T.);
#5849=EDGE_CURVE('',#10623,#9895,#7300,.T.);
#5850=EDGE_CURVE('',#10592,#9906,#7301,.T.);
#5851=EDGE_CURVE('',#10561,#9917,#7302,.T.);
#5852=EDGE_CURVE('',#10530,#9928,#7303,.T.);
#5853=EDGE_CURVE('',#10499,#9941,#7304,.T.);
#5854=EDGE_CURVE('',#10442,#9956,#7305,.T.);
#5855=EDGE_CURVE('',#10359,#9971,#7306,.T.);
#5856=EDGE_CURVE('',#10276,#9986,#7307,.T.);
#5857=EDGE_CURVE('',#10193,#10001,#7308,.T.);
#5858=EDGE_CURVE('',#10110,#10628,#7309,.T.);
#5859=EDGE_CURVE('',#10634,#10610,#7310,.T.);
#5860=EDGE_CURVE('',#10616,#10597,#7311,.T.);
#5861=EDGE_CURVE('',#10603,#10579,#7312,.T.);
#5862=EDGE_CURVE('',#10585,#10566,#7313,.T.);
#5863=EDGE_CURVE('',#10572,#10548,#7314,.T.);
#5864=EDGE_CURVE('',#10554,#10535,#7315,.T.);
#5865=EDGE_CURVE('',#10541,#10517,#7316,.T.);
#5866=EDGE_CURVE('',#10523,#10504,#7317,.T.);
#5867=EDGE_CURVE('',#10510,#10486,#7318,.T.);
#5868=EDGE_CURVE('',#10492,#10460,#7319,.T.);
#5869=EDGE_CURVE('',#10466,#10416,#7320,.T.);
#5870=EDGE_CURVE('',#10422,#10377,#7321,.T.);
#5871=EDGE_CURVE('',#10383,#10333,#7322,.T.);
#5872=EDGE_CURVE('',#10339,#10294,#7323,.T.);
#5873=EDGE_CURVE('',#10300,#10250,#7324,.T.);
#5874=EDGE_CURVE('',#10256,#10211,#7325,.T.);
#5875=EDGE_CURVE('',#10217,#10167,#7326,.T.);
#5876=EDGE_CURVE('',#10173,#10128,#7327,.T.);
#5877=EDGE_CURVE('',#10134,#10011,#7328,.T.);
#5878=EDGE_CURVE('',#10092,#10473,#7329,.T.);
#5879=EDGE_CURVE('',#10479,#10447,#7330,.T.);
#5880=EDGE_CURVE('',#10453,#10429,#7331,.T.);
#5881=EDGE_CURVE('',#10435,#10403,#7332,.T.);
#5882=EDGE_CURVE('',#10409,#10390,#7333,.T.);
#5883=EDGE_CURVE('',#10396,#10364,#7334,.T.);
#5884=EDGE_CURVE('',#10370,#10346,#7335,.T.);
#5885=EDGE_CURVE('',#10352,#10320,#7336,.T.);
#5886=EDGE_CURVE('',#10326,#10307,#7337,.T.);
#5887=EDGE_CURVE('',#10313,#10281,#7338,.T.);
#5888=EDGE_CURVE('',#10287,#10263,#7339,.T.);
#5889=EDGE_CURVE('',#10269,#10237,#7340,.T.);
#5890=EDGE_CURVE('',#10243,#10224,#7341,.T.);
#5891=EDGE_CURVE('',#10230,#10198,#7342,.T.);
#5892=EDGE_CURVE('',#10204,#10180,#7343,.T.);
#5893=EDGE_CURVE('',#10186,#10154,#7344,.T.);
#5894=EDGE_CURVE('',#10160,#10141,#7345,.T.);
#5895=EDGE_CURVE('',#10147,#10115,#7346,.T.);
#5896=EDGE_CURVE('',#10121,#10097,#7347,.T.);
#5897=EDGE_CURVE('',#10103,#10020,#7348,.T.);
#5898=EDGE_CURVE('',#10087,#10028,#7349,.T.);
#5899=EDGE_CURVE('',#10043,#10069,#7350,.T.);
#5900=EDGE_CURVE('',#10042,#10068,#7351,.T.);
#5901=EDGE_CURVE('',#10041,#10067,#7352,.T.);
#5902=EDGE_CURVE('',#10040,#10066,#7353,.T.);
#5903=EDGE_CURVE('',#10039,#10065,#7354,.T.);
#5904=EDGE_CURVE('',#10038,#10064,#7355,.T.);
#5905=EDGE_CURVE('',#10037,#10063,#7356,.T.);
#5906=EDGE_CURVE('',#10036,#10062,#7357,.T.);
#5907=EDGE_CURVE('',#10035,#10061,#7358,.T.);
#5908=EDGE_CURVE('',#10034,#10060,#7359,.T.);
#5909=EDGE_CURVE('',#10033,#10059,#7360,.T.);
#5910=EDGE_CURVE('',#10032,#10058,#7361,.T.);
#5911=EDGE_CURVE('',#10031,#10057,#7362,.T.);
#5912=EDGE_CURVE('',#10030,#10056,#7363,.T.);
#5913=EDGE_CURVE('',#10029,#10055,#7364,.T.);
#5914=EDGE_CURVE('',#10030,#10029,#5568,.T.);
#5915=EDGE_CURVE('',#10031,#10030,#5569,.T.);
#5916=EDGE_CURVE('',#10032,#10031,#5570,.T.);
#5917=EDGE_CURVE('',#10033,#10032,#5571,.T.);
#5918=EDGE_CURVE('',#10034,#10033,#5572,.T.);
#5919=EDGE_CURVE('',#10035,#10034,#7365,.T.);
#5920=EDGE_CURVE('',#10036,#10035,#5573,.T.);
#5921=EDGE_CURVE('',#10037,#10036,#7366,.T.);
#5922=EDGE_CURVE('',#10038,#10037,#7367,.T.);
#5923=EDGE_CURVE('',#10039,#10038,#5574,.T.);
#5924=EDGE_CURVE('',#10040,#10039,#5575,.T.);
#5925=EDGE_CURVE('',#10041,#10040,#5576,.T.);
#5926=EDGE_CURVE('',#10042,#10041,#5577,.T.);
#5927=EDGE_CURVE('',#10043,#10042,#7368,.T.);
#5928=EDGE_CURVE('',#9775,#10043,#7369,.T.);
#5929=EDGE_CURVE('',#10045,#10044,#7370,.T.);
#5930=EDGE_CURVE('',#10046,#10045,#5578,.T.);
#5931=EDGE_CURVE('',#10047,#10046,#7371,.T.);
#5932=EDGE_CURVE('',#10048,#10047,#7372,.T.);
#5933=EDGE_CURVE('',#10049,#10048,#7373,.T.);
#5934=EDGE_CURVE('',#10050,#10049,#7374,.T.);
#5935=EDGE_CURVE('',#10051,#10050,#7375,.T.);
#5936=EDGE_CURVE('',#10052,#10051,#7376,.T.);
#5937=EDGE_CURVE('',#10053,#10052,#7377,.T.);
#5938=EDGE_CURVE('',#10054,#10053,#7378,.T.);
#5939=EDGE_CURVE('',#10029,#10054,#7379,.T.);
#5940=EDGE_CURVE('',#10056,#10055,#5579,.T.);
#5941=EDGE_CURVE('',#10057,#10056,#5580,.T.);
#5942=EDGE_CURVE('',#10058,#10057,#5581,.T.);
#5943=EDGE_CURVE('',#10059,#10058,#5582,.T.);
#5944=EDGE_CURVE('',#10060,#10059,#5583,.T.);
#5945=EDGE_CURVE('',#10061,#10060,#7380,.T.);
#5946=EDGE_CURVE('',#10062,#10061,#5584,.T.);
#5947=EDGE_CURVE('',#10063,#10062,#7381,.T.);
#5948=EDGE_CURVE('',#10064,#10063,#7382,.T.);
#5949=EDGE_CURVE('',#10065,#10064,#5585,.T.);
#5950=EDGE_CURVE('',#10066,#10065,#5586,.T.);
#5951=EDGE_CURVE('',#10067,#10066,#5587,.T.);
#5952=EDGE_CURVE('',#10068,#10067,#5588,.T.);
#5953=EDGE_CURVE('',#10069,#10068,#7383,.T.);
#5954=EDGE_CURVE('',#10025,#10069,#7384,.T.);
#5955=EDGE_CURVE('',#10071,#10070,#7385,.T.);
#5956=EDGE_CURVE('',#10072,#10071,#5589,.T.);
#5957=EDGE_CURVE('',#10073,#10072,#7386,.T.);
#5958=EDGE_CURVE('',#10074,#10073,#7387,.T.);
#5959=EDGE_CURVE('',#10075,#10074,#7388,.T.);
#5960=EDGE_CURVE('',#10076,#10075,#7389,.T.);
#5961=EDGE_CURVE('',#10077,#10076,#7390,.T.);
#5962=EDGE_CURVE('',#10078,#10077,#7391,.T.);
#5963=EDGE_CURVE('',#10079,#10078,#7392,.T.);
#5964=EDGE_CURVE('',#10080,#10079,#7393,.T.);
#5965=EDGE_CURVE('',#10055,#10080,#7394,.T.);
#5966=EDGE_CURVE('',#9777,#9786,#7395,.T.);
#5967=EDGE_CURVE('',#9785,#9795,#7396,.T.);
#5968=EDGE_CURVE('',#9794,#9804,#7397,.T.);
#5969=EDGE_CURVE('',#9803,#9813,#7398,.T.);
#5970=EDGE_CURVE('',#9812,#9822,#7399,.T.);
#5971=EDGE_CURVE('',#9821,#9831,#7400,.T.);
#5972=EDGE_CURVE('',#9830,#9840,#7401,.T.);
#5973=EDGE_CURVE('',#9839,#9849,#7402,.T.);
#5974=EDGE_CURVE('',#9848,#9858,#7403,.T.);
#5975=EDGE_CURVE('',#9857,#9867,#7404,.T.);
#5976=EDGE_CURVE('',#9866,#9876,#7405,.T.);
#5977=EDGE_CURVE('',#9875,#9886,#7406,.T.);
#5978=EDGE_CURVE('',#9885,#9897,#7407,.T.);
#5979=EDGE_CURVE('',#9896,#9908,#7408,.T.);
#5980=EDGE_CURVE('',#9907,#9919,#7409,.T.);
#5981=EDGE_CURVE('',#9918,#9930,#7410,.T.);
#5982=EDGE_CURVE('',#9929,#9943,#7411,.T.);
#5983=EDGE_CURVE('',#9942,#9958,#7412,.T.);
#5984=EDGE_CURVE('',#9957,#9973,#7413,.T.);
#5985=EDGE_CURVE('',#9972,#9988,#7414,.T.);
#5986=EDGE_CURVE('',#9987,#10003,#7415,.T.);
#5987=EDGE_CURVE('',#10002,#10626,#7416,.T.);
#5988=EDGE_CURVE('',#10627,#10608,#7417,.T.);
#5989=EDGE_CURVE('',#10609,#10595,#7418,.T.);
#5990=EDGE_CURVE('',#10596,#10577,#7419,.T.);
#5991=EDGE_CURVE('',#10578,#10564,#7420,.T.);
#5992=EDGE_CURVE('',#10565,#10546,#7421,.T.);
#5993=EDGE_CURVE('',#10547,#10533,#7422,.T.);
#5994=EDGE_CURVE('',#10534,#10515,#7423,.T.);
#5995=EDGE_CURVE('',#10516,#10502,#7424,.T.);
#5996=EDGE_CURVE('',#10503,#10484,#7425,.T.);
#5997=EDGE_CURVE('',#10485,#10458,#7426,.T.);
#5998=EDGE_CURVE('',#10459,#10414,#7427,.T.);
#5999=EDGE_CURVE('',#10415,#10375,#7428,.T.);
#6000=EDGE_CURVE('',#10376,#10331,#7429,.T.);
#6001=EDGE_CURVE('',#10332,#10292,#7430,.T.);
#6002=EDGE_CURVE('',#10293,#10248,#7431,.T.);
#6003=EDGE_CURVE('',#10249,#10209,#7432,.T.);
#6004=EDGE_CURVE('',#10210,#10165,#7433,.T.);
#6005=EDGE_CURVE('',#10166,#10126,#7434,.T.);
#6006=EDGE_CURVE('',#10127,#10013,#7435,.T.);
#6007=EDGE_CURVE('',#10012,#10471,#7436,.T.);
#6008=EDGE_CURVE('',#10472,#10445,#7437,.T.);
#6009=EDGE_CURVE('',#10446,#10427,#7438,.T.);
#6010=EDGE_CURVE('',#10428,#10401,#7439,.T.);
#6011=EDGE_CURVE('',#10402,#10388,#7440,.T.);
#6012=EDGE_CURVE('',#10389,#10362,#7441,.T.);
#6013=EDGE_CURVE('',#10363,#10344,#7442,.T.);
#6014=EDGE_CURVE('',#10345,#10318,#7443,.T.);
#6015=EDGE_CURVE('',#10319,#10305,#7444,.T.);
#6016=EDGE_CURVE('',#10306,#10279,#7445,.T.);
#6017=EDGE_CURVE('',#10280,#10261,#7446,.T.);
#6018=EDGE_CURVE('',#10262,#10235,#7447,.T.);
#6019=EDGE_CURVE('',#10236,#10222,#7448,.T.);
#6020=EDGE_CURVE('',#10223,#10196,#7449,.T.);
#6021=EDGE_CURVE('',#10197,#10178,#7450,.T.);
#6022=EDGE_CURVE('',#10179,#10152,#7451,.T.);
#6023=EDGE_CURVE('',#10153,#10139,#7452,.T.);
#6024=EDGE_CURVE('',#10140,#10113,#7453,.T.);
#6025=EDGE_CURVE('',#10114,#10095,#7454,.T.);
#6026=EDGE_CURVE('',#10096,#10022,#7455,.T.);
#6027=EDGE_CURVE('',#10021,#10027,#7456,.T.);
#6028=EDGE_CURVE('',#9776,#9783,#7457,.T.);
#6029=EDGE_CURVE('',#9782,#9792,#7458,.T.);
#6030=EDGE_CURVE('',#9791,#9801,#7459,.T.);
#6031=EDGE_CURVE('',#9800,#9810,#7460,.T.);
#6032=EDGE_CURVE('',#9809,#9819,#7461,.T.);
#6033=EDGE_CURVE('',#9818,#9828,#7462,.T.);
#6034=EDGE_CURVE('',#9827,#9837,#7463,.T.);
#6035=EDGE_CURVE('',#9836,#9846,#7464,.T.);
#6036=EDGE_CURVE('',#9845,#9855,#7465,.T.);
#6037=EDGE_CURVE('',#9854,#9864,#7466,.T.);
#6038=EDGE_CURVE('',#9863,#9873,#7467,.T.);
#6039=EDGE_CURVE('',#9872,#9883,#7468,.T.);
#6040=EDGE_CURVE('',#9882,#9894,#7469,.T.);
#6041=EDGE_CURVE('',#9893,#9905,#7470,.T.);
#6042=EDGE_CURVE('',#9904,#9916,#7471,.T.);
#6043=EDGE_CURVE('',#9915,#9927,#7472,.T.);
#6044=EDGE_CURVE('',#9926,#9940,#7473,.T.);
#6045=EDGE_CURVE('',#9939,#9955,#7474,.T.);
#6046=EDGE_CURVE('',#9954,#9970,#7475,.T.);
#6047=EDGE_CURVE('',#9969,#9985,#7476,.T.);
#6048=EDGE_CURVE('',#9984,#10000,#7477,.T.);
#6049=EDGE_CURVE('',#9999,#10629,#7478,.T.);
#6050=EDGE_CURVE('',#10635,#10611,#7479,.T.);
#6051=EDGE_CURVE('',#10617,#10598,#7480,.T.);
#6052=EDGE_CURVE('',#10604,#10580,#7481,.T.);
#6053=EDGE_CURVE('',#10586,#10567,#7482,.T.);
#6054=EDGE_CURVE('',#10573,#10549,#7483,.T.);
#6055=EDGE_CURVE('',#10555,#10536,#7484,.T.);
#6056=EDGE_CURVE('',#10542,#10518,#7485,.T.);
#6057=EDGE_CURVE('',#10524,#10505,#7486,.T.);
#6058=EDGE_CURVE('',#10511,#10487,#7487,.T.);
#6059=EDGE_CURVE('',#10493,#10461,#7488,.T.);
#6060=EDGE_CURVE('',#10467,#10417,#7489,.T.);
#6061=EDGE_CURVE('',#10423,#10378,#7490,.T.);
#6062=EDGE_CURVE('',#10384,#10334,#7491,.T.);
#6063=EDGE_CURVE('',#10340,#10295,#7492,.T.);
#6064=EDGE_CURVE('',#10301,#10251,#7493,.T.);
#6065=EDGE_CURVE('',#10257,#10212,#7494,.T.);
#6066=EDGE_CURVE('',#10218,#10168,#7495,.T.);
#6067=EDGE_CURVE('',#10174,#10129,#7496,.T.);
#6068=EDGE_CURVE('',#10135,#10010,#7497,.T.);
#6069=EDGE_CURVE('',#10009,#10474,#7498,.T.);
#6070=EDGE_CURVE('',#10480,#10448,#7499,.T.);
#6071=EDGE_CURVE('',#10454,#10430,#7500,.T.);
#6072=EDGE_CURVE('',#10436,#10404,#7501,.T.);
#6073=EDGE_CURVE('',#10410,#10391,#7502,.T.);
#6074=EDGE_CURVE('',#10397,#10365,#7503,.T.);
#6075=EDGE_CURVE('',#10371,#10347,#7504,.T.);
#6076=EDGE_CURVE('',#10353,#10321,#7505,.T.);
#6077=EDGE_CURVE('',#10327,#10308,#7506,.T.);
#6078=EDGE_CURVE('',#10314,#10282,#7507,.T.);
#6079=EDGE_CURVE('',#10288,#10264,#7508,.T.);
#6080=EDGE_CURVE('',#10270,#10238,#7509,.T.);
#6081=EDGE_CURVE('',#10244,#10225,#7510,.T.);
#6082=EDGE_CURVE('',#10231,#10199,#7511,.T.);
#6083=EDGE_CURVE('',#10205,#10181,#7512,.T.);
#6084=EDGE_CURVE('',#10187,#10155,#7513,.T.);
#6085=EDGE_CURVE('',#10161,#10142,#7514,.T.);
#6086=EDGE_CURVE('',#10148,#10116,#7515,.T.);
#6087=EDGE_CURVE('',#10122,#10098,#7516,.T.);
#6088=EDGE_CURVE('',#10104,#10019,#7517,.T.);
#6089=EDGE_CURVE('',#10018,#10026,#7518,.T.);
#6090=EDGE_CURVE('',#10026,#10027,#7519,.T.);
#6091=EDGE_CURVE('',#10024,#10070,#7520,.T.);
#6092=EDGE_CURVE('',#10082,#10084,#7521,.T.);
#6093=EDGE_CURVE('',#10081,#10083,#7522,.T.);
#6094=EDGE_CURVE('',#10023,#10025,#7523,.T.);
#6095=EDGE_CURVE('',#10023,#10026,#7524,.T.);
#6096=EDGE_CURVE('',#10081,#10023,#7525,.T.);
#6097=EDGE_CURVE('',#10082,#10081,#5590,.T.);
#6098=EDGE_CURVE('',#10024,#10082,#7526,.T.);
#6099=EDGE_CURVE('',#10028,#10024,#7527,.T.);
#6100=EDGE_CURVE('',#10083,#10025,#7528,.T.);
#6101=EDGE_CURVE('',#10084,#10083,#5591,.T.);
#6102=EDGE_CURVE('',#10070,#10084,#7529,.T.);
#6103=EDGE_CURVE('',#10019,#10022,#7530,.T.);
#6104=EDGE_CURVE('',#10018,#10021,#7531,.T.);
#6105=EDGE_CURVE('',#10017,#10016,#7532,.T.);
#6106=EDGE_CURVE('',#10086,#10089,#7533,.T.);
#6107=EDGE_CURVE('',#10085,#10088,#7534,.T.);
#6108=EDGE_CURVE('',#10014,#10015,#7535,.T.);
#6109=EDGE_CURVE('',#10014,#10019,#7536,.T.);
#6110=EDGE_CURVE('',#10085,#10014,#7537,.T.);
#6111=EDGE_CURVE('',#10086,#10085,#5592,.T.);
#6112=EDGE_CURVE('',#10017,#10086,#7538,.T.);
#6113=EDGE_CURVE('',#10020,#10017,#7539,.T.);
#6114=EDGE_CURVE('',#10015,#10018,#7540,.T.);
#6115=EDGE_CURVE('',#10088,#10015,#7541,.T.);
#6116=EDGE_CURVE('',#10089,#10088,#5593,.T.);
#6117=EDGE_CURVE('',#10016,#10089,#7542,.T.);
#6118=EDGE_CURVE('',#10087,#10016,#7543,.T.);
#6119=EDGE_CURVE('',#10010,#10013,#7544,.T.);
#6120=EDGE_CURVE('',#10009,#10012,#7545,.T.);
#6121=EDGE_CURVE('',#10008,#10007,#7546,.T.);
#6122=EDGE_CURVE('',#10091,#10094,#7547,.T.);
#6123=EDGE_CURVE('',#10090,#10093,#7548,.T.);
#6124=EDGE_CURVE('',#10005,#10006,#7549,.T.);
#6125=EDGE_CURVE('',#10005,#10010,#7550,.T.);
#6126=EDGE_CURVE('',#10090,#10005,#7551,.T.);
#6127=EDGE_CURVE('',#10091,#10090,#5594,.T.);
#6128=EDGE_CURVE('',#10008,#10091,#7552,.T.);
#6129=EDGE_CURVE('',#10011,#10008,#7553,.T.);
#6130=EDGE_CURVE('',#10006,#10009,#7554,.T.);
#6131=EDGE_CURVE('',#10093,#10006,#7555,.T.);
#6132=EDGE_CURVE('',#10094,#10093,#5595,.T.);
#6133=EDGE_CURVE('',#10007,#10094,#7556,.T.);
#6134=EDGE_CURVE('',#10092,#10007,#7557,.T.);
#6135=EDGE_CURVE('',#10098,#10095,#7558,.T.);
#6136=EDGE_CURVE('',#10095,#10097,#7559,.T.);
#6137=EDGE_CURVE('',#10104,#10096,#7560,.T.);
#6138=EDGE_CURVE('',#10096,#10103,#7561,.T.);
#6139=EDGE_CURVE('',#10102,#10004,#7562,.T.);
#6140=EDGE_CURVE('',#10101,#10107,#7563,.T.);
#6141=EDGE_CURVE('',#10100,#10106,#7564,.T.);
#6142=EDGE_CURVE('',#10099,#10105,#7565,.T.);
#6143=EDGE_CURVE('',#10099,#10098,#7566,.T.);
#6144=EDGE_CURVE('',#10100,#10099,#7567,.T.);
#6145=EDGE_CURVE('',#10101,#10100,#5596,.T.);
#6146=EDGE_CURVE('',#10102,#10101,#7568,.T.);
#6147=EDGE_CURVE('',#10097,#10102,#7569,.T.);
#6148=EDGE_CURVE('',#10105,#10104,#7570,.T.);
#6149=EDGE_CURVE('',#10106,#10105,#7571,.T.);
#6150=EDGE_CURVE('',#10107,#10106,#5597,.T.);
#6151=EDGE_CURVE('',#10004,#10107,#7572,.T.);
#6152=EDGE_CURVE('',#10103,#10004,#7573,.T.);
#6153=EDGE_CURVE('',#10000,#10003,#7574,.T.);
#6154=EDGE_CURVE('',#9999,#10002,#7575,.T.);
#6155=EDGE_CURVE('',#9998,#9997,#7576,.T.);
#6156=EDGE_CURVE('',#10109,#10112,#7577,.T.);
#6157=EDGE_CURVE('',#10108,#10111,#7578,.T.);
#6158=EDGE_CURVE('',#9995,#9996,#7579,.T.);
#6159=EDGE_CURVE('',#9995,#10000,#7580,.T.);
#6160=EDGE_CURVE('',#10108,#9995,#7581,.T.);
#6161=EDGE_CURVE('',#10109,#10108,#5598,.T.);
#6162=EDGE_CURVE('',#9998,#10109,#7582,.T.);
#6163=EDGE_CURVE('',#10001,#9998,#7583,.T.);
#6164=EDGE_CURVE('',#9996,#9999,#7584,.T.);
#6165=EDGE_CURVE('',#10111,#9996,#7585,.T.);
#6166=EDGE_CURVE('',#10112,#10111,#5599,.T.);
#6167=EDGE_CURVE('',#9997,#10112,#7586,.T.);
#6168=EDGE_CURVE('',#10110,#9997,#7587,.T.);
#6169=EDGE_CURVE('',#10116,#10113,#7588,.T.);
#6170=EDGE_CURVE('',#10113,#10115,#7589,.T.);
#6171=EDGE_CURVE('',#10122,#10114,#7590,.T.);
#6172=EDGE_CURVE('',#10114,#10121,#7591,.T.);
#6173=EDGE_CURVE('',#10120,#9994,#7592,.T.);
#6174=EDGE_CURVE('',#10119,#10125,#7593,.T.);
#6175=EDGE_CURVE('',#10118,#10124,#7594,.T.);
#6176=EDGE_CURVE('',#10117,#10123,#7595,.T.);
#6177=EDGE_CURVE('',#10117,#10116,#7596,.T.);
#6178=EDGE_CURVE('',#10118,#10117,#7597,.T.);
#6179=EDGE_CURVE('',#10119,#10118,#5600,.T.);
#6180=EDGE_CURVE('',#10120,#10119,#7598,.T.);
#6181=EDGE_CURVE('',#10115,#10120,#7599,.T.);
#6182=EDGE_CURVE('',#10123,#10122,#7600,.T.);
#6183=EDGE_CURVE('',#10124,#10123,#7601,.T.);
#6184=EDGE_CURVE('',#10125,#10124,#5601,.T.);
#6185=EDGE_CURVE('',#9994,#10125,#7602,.T.);
#6186=EDGE_CURVE('',#10121,#9994,#7603,.T.);
#6187=EDGE_CURVE('',#10129,#10126,#7604,.T.);
#6188=EDGE_CURVE('',#10126,#10128,#7605,.T.);
#6189=EDGE_CURVE('',#10135,#10127,#7606,.T.);
#6190=EDGE_CURVE('',#10127,#10134,#7607,.T.);
#6191=EDGE_CURVE('',#10133,#9993,#7608,.T.);
#6192=EDGE_CURVE('',#10132,#10138,#7609,.T.);
#6193=EDGE_CURVE('',#10131,#10137,#7610,.T.);
#6194=EDGE_CURVE('',#10130,#10136,#7611,.T.);
#6195=EDGE_CURVE('',#10130,#10129,#7612,.T.);
#6196=EDGE_CURVE('',#10131,#10130,#7613,.T.);
#6197=EDGE_CURVE('',#10132,#10131,#5602,.T.);
#6198=EDGE_CURVE('',#10133,#10132,#7614,.T.);
#6199=EDGE_CURVE('',#10128,#10133,#7615,.T.);
#6200=EDGE_CURVE('',#10136,#10135,#7616,.T.);
#6201=EDGE_CURVE('',#10137,#10136,#7617,.T.);
#6202=EDGE_CURVE('',#10138,#10137,#5603,.T.);
#6203=EDGE_CURVE('',#9993,#10138,#7618,.T.);
#6204=EDGE_CURVE('',#10134,#9993,#7619,.T.);
#6205=EDGE_CURVE('',#10142,#10139,#7620,.T.);
#6206=EDGE_CURVE('',#10139,#10141,#7621,.T.);
#6207=EDGE_CURVE('',#10148,#10140,#7622,.T.);
#6208=EDGE_CURVE('',#10140,#10147,#7623,.T.);
#6209=EDGE_CURVE('',#10146,#9992,#7624,.T.);
#6210=EDGE_CURVE('',#10145,#10151,#7625,.T.);
#6211=EDGE_CURVE('',#10144,#10150,#7626,.T.);
#6212=EDGE_CURVE('',#10143,#10149,#7627,.T.);
#6213=EDGE_CURVE('',#10143,#10142,#7628,.T.);
#6214=EDGE_CURVE('',#10144,#10143,#7629,.T.);
#6215=EDGE_CURVE('',#10145,#10144,#5604,.T.);
#6216=EDGE_CURVE('',#10146,#10145,#7630,.T.);
#6217=EDGE_CURVE('',#10141,#10146,#7631,.T.);
#6218=EDGE_CURVE('',#10149,#10148,#7632,.T.);
#6219=EDGE_CURVE('',#10150,#10149,#7633,.T.);
#6220=EDGE_CURVE('',#10151,#10150,#5605,.T.);
#6221=EDGE_CURVE('',#9992,#10151,#7634,.T.);
#6222=EDGE_CURVE('',#10147,#9992,#7635,.T.);
#6223=EDGE_CURVE('',#10155,#10152,#7636,.T.);
#6224=EDGE_CURVE('',#10152,#10154,#7637,.T.);
#6225=EDGE_CURVE('',#10161,#10153,#7638,.T.);
#6226=EDGE_CURVE('',#10153,#10160,#7639,.T.);
#6227=EDGE_CURVE('',#10159,#9991,#7640,.T.);
#6228=EDGE_CURVE('',#10158,#10164,#7641,.T.);
#6229=EDGE_CURVE('',#10157,#10163,#7642,.T.);
#6230=EDGE_CURVE('',#10156,#10162,#7643,.T.);
#6231=EDGE_CURVE('',#10156,#10155,#7644,.T.);
#6232=EDGE_CURVE('',#10157,#10156,#7645,.T.);
#6233=EDGE_CURVE('',#10158,#10157,#5606,.T.);
#6234=EDGE_CURVE('',#10159,#10158,#7646,.T.);
#6235=EDGE_CURVE('',#10154,#10159,#7647,.T.);
#6236=EDGE_CURVE('',#10162,#10161,#7648,.T.);
#6237=EDGE_CURVE('',#10163,#10162,#7649,.T.);
#6238=EDGE_CURVE('',#10164,#10163,#5607,.T.);
#6239=EDGE_CURVE('',#9991,#10164,#7650,.T.);
#6240=EDGE_CURVE('',#10160,#9991,#7651,.T.);
#6241=EDGE_CURVE('',#10168,#10165,#7652,.T.);
#6242=EDGE_CURVE('',#10165,#10167,#7653,.T.);
#6243=EDGE_CURVE('',#10174,#10166,#7654,.T.);
#6244=EDGE_CURVE('',#10166,#10173,#7655,.T.);
#6245=EDGE_CURVE('',#10172,#9990,#7656,.T.);
#6246=EDGE_CURVE('',#10171,#10177,#7657,.T.);
#6247=EDGE_CURVE('',#10170,#10176,#7658,.T.);
#6248=EDGE_CURVE('',#10169,#10175,#7659,.T.);
#6249=EDGE_CURVE('',#10169,#10168,#7660,.T.);
#6250=EDGE_CURVE('',#10170,#10169,#7661,.T.);
#6251=EDGE_CURVE('',#10171,#10170,#5608,.T.);
#6252=EDGE_CURVE('',#10172,#10171,#7662,.T.);
#6253=EDGE_CURVE('',#10167,#10172,#7663,.T.);
#6254=EDGE_CURVE('',#10175,#10174,#7664,.T.);
#6255=EDGE_CURVE('',#10176,#10175,#7665,.T.);
#6256=EDGE_CURVE('',#10177,#10176,#5609,.T.);
#6257=EDGE_CURVE('',#9990,#10177,#7666,.T.);
#6258=EDGE_CURVE('',#10173,#9990,#7667,.T.);
#6259=EDGE_CURVE('',#10181,#10178,#7668,.T.);
#6260=EDGE_CURVE('',#10178,#10180,#7669,.T.);
#6261=EDGE_CURVE('',#10187,#10179,#7670,.T.);
#6262=EDGE_CURVE('',#10179,#10186,#7671,.T.);
#6263=EDGE_CURVE('',#10185,#9989,#7672,.T.);
#6264=EDGE_CURVE('',#10184,#10190,#7673,.T.);
#6265=EDGE_CURVE('',#10183,#10189,#7674,.T.);
#6266=EDGE_CURVE('',#10182,#10188,#7675,.T.);
#6267=EDGE_CURVE('',#10182,#10181,#7676,.T.);
#6268=EDGE_CURVE('',#10183,#10182,#7677,.T.);
#6269=EDGE_CURVE('',#10184,#10183,#5610,.T.);
#6270=EDGE_CURVE('',#10185,#10184,#7678,.T.);
#6271=EDGE_CURVE('',#10180,#10185,#7679,.T.);
#6272=EDGE_CURVE('',#10188,#10187,#7680,.T.);
#6273=EDGE_CURVE('',#10189,#10188,#7681,.T.);
#6274=EDGE_CURVE('',#10190,#10189,#5611,.T.);
#6275=EDGE_CURVE('',#9989,#10190,#7682,.T.);
#6276=EDGE_CURVE('',#10186,#9989,#7683,.T.);
#6277=EDGE_CURVE('',#9985,#9988,#7684,.T.);
#6278=EDGE_CURVE('',#9984,#9987,#7685,.T.);
#6279=EDGE_CURVE('',#9983,#9982,#7686,.T.);
#6280=EDGE_CURVE('',#10192,#10195,#7687,.T.);
#6281=EDGE_CURVE('',#10191,#10194,#7688,.T.);
#6282=EDGE_CURVE('',#9980,#9981,#7689,.T.);
#6283=EDGE_CURVE('',#9980,#9985,#7690,.T.);
#6284=EDGE_CURVE('',#10191,#9980,#7691,.T.);
#6285=EDGE_CURVE('',#10192,#10191,#5612,.T.);
#6286=EDGE_CURVE('',#9983,#10192,#7692,.T.);
#6287=EDGE_CURVE('',#9986,#9983,#7693,.T.);
#6288=EDGE_CURVE('',#9981,#9984,#7694,.T.);
#6289=EDGE_CURVE('',#10194,#9981,#7695,.T.);
#6290=EDGE_CURVE('',#10195,#10194,#5613,.T.);
#6291=EDGE_CURVE('',#9982,#10195,#7696,.T.);
#6292=EDGE_CURVE('',#10193,#9982,#7697,.T.);
#6293=EDGE_CURVE('',#10199,#10196,#7698,.T.);
#6294=EDGE_CURVE('',#10196,#10198,#7699,.T.);
#6295=EDGE_CURVE('',#10205,#10197,#7700,.T.);
#6296=EDGE_CURVE('',#10197,#10204,#7701,.T.);
#6297=EDGE_CURVE('',#10203,#9979,#7702,.T.);
#6298=EDGE_CURVE('',#10202,#10208,#7703,.T.);
#6299=EDGE_CURVE('',#10201,#10207,#7704,.T.);
#6300=EDGE_CURVE('',#10200,#10206,#7705,.T.);
#6301=EDGE_CURVE('',#10200,#10199,#7706,.T.);
#6302=EDGE_CURVE('',#10201,#10200,#7707,.T.);
#6303=EDGE_CURVE('',#10202,#10201,#5614,.T.);
#6304=EDGE_CURVE('',#10203,#10202,#7708,.T.);
#6305=EDGE_CURVE('',#10198,#10203,#7709,.T.);
#6306=EDGE_CURVE('',#10206,#10205,#7710,.T.);
#6307=EDGE_CURVE('',#10207,#10206,#7711,.T.);
#6308=EDGE_CURVE('',#10208,#10207,#5615,.T.);
#6309=EDGE_CURVE('',#9979,#10208,#7712,.T.);
#6310=EDGE_CURVE('',#10204,#9979,#7713,.T.);
#6311=EDGE_CURVE('',#10212,#10209,#7714,.T.);
#6312=EDGE_CURVE('',#10209,#10211,#7715,.T.);
#6313=EDGE_CURVE('',#10218,#10210,#7716,.T.);
#6314=EDGE_CURVE('',#10210,#10217,#7717,.T.);
#6315=EDGE_CURVE('',#10216,#9978,#7718,.T.);
#6316=EDGE_CURVE('',#10215,#10221,#7719,.T.);
#6317=EDGE_CURVE('',#10214,#10220,#7720,.T.);
#6318=EDGE_CURVE('',#10213,#10219,#7721,.T.);
#6319=EDGE_CURVE('',#10213,#10212,#7722,.T.);
#6320=EDGE_CURVE('',#10214,#10213,#7723,.T.);
#6321=EDGE_CURVE('',#10215,#10214,#5616,.T.);
#6322=EDGE_CURVE('',#10216,#10215,#7724,.T.);
#6323=EDGE_CURVE('',#10211,#10216,#7725,.T.);
#6324=EDGE_CURVE('',#10219,#10218,#7726,.T.);
#6325=EDGE_CURVE('',#10220,#10219,#7727,.T.);
#6326=EDGE_CURVE('',#10221,#10220,#5617,.T.);
#6327=EDGE_CURVE('',#9978,#10221,#7728,.T.);
#6328=EDGE_CURVE('',#10217,#9978,#7729,.T.);
#6329=EDGE_CURVE('',#10225,#10222,#7730,.T.);
#6330=EDGE_CURVE('',#10222,#10224,#7731,.T.);
#6331=EDGE_CURVE('',#10231,#10223,#7732,.T.);
#6332=EDGE_CURVE('',#10223,#10230,#7733,.T.);
#6333=EDGE_CURVE('',#10229,#9977,#7734,.T.);
#6334=EDGE_CURVE('',#10228,#10234,#7735,.T.);
#6335=EDGE_CURVE('',#10227,#10233,#7736,.T.);
#6336=EDGE_CURVE('',#10226,#10232,#7737,.T.);
#6337=EDGE_CURVE('',#10226,#10225,#7738,.T.);
#6338=EDGE_CURVE('',#10227,#10226,#7739,.T.);
#6339=EDGE_CURVE('',#10228,#10227,#5618,.T.);
#6340=EDGE_CURVE('',#10229,#10228,#7740,.T.);
#6341=EDGE_CURVE('',#10224,#10229,#7741,.T.);
#6342=EDGE_CURVE('',#10232,#10231,#7742,.T.);
#6343=EDGE_CURVE('',#10233,#10232,#7743,.T.);
#6344=EDGE_CURVE('',#10234,#10233,#5619,.T.);
#6345=EDGE_CURVE('',#9977,#10234,#7744,.T.);
#6346=EDGE_CURVE('',#10230,#9977,#7745,.T.);
#6347=EDGE_CURVE('',#10238,#10235,#7746,.T.);
#6348=EDGE_CURVE('',#10235,#10237,#7747,.T.);
#6349=EDGE_CURVE('',#10244,#10236,#7748,.T.);
#6350=EDGE_CURVE('',#10236,#10243,#7749,.T.);
#6351=EDGE_CURVE('',#10242,#9976,#7750,.T.);
#6352=EDGE_CURVE('',#10241,#10247,#7751,.T.);
#6353=EDGE_CURVE('',#10240,#10246,#7752,.T.);
#6354=EDGE_CURVE('',#10239,#10245,#7753,.T.);
#6355=EDGE_CURVE('',#10239,#10238,#7754,.T.);
#6356=EDGE_CURVE('',#10240,#10239,#7755,.T.);
#6357=EDGE_CURVE('',#10241,#10240,#5620,.T.);
#6358=EDGE_CURVE('',#10242,#10241,#7756,.T.);
#6359=EDGE_CURVE('',#10237,#10242,#7757,.T.);
#6360=EDGE_CURVE('',#10245,#10244,#7758,.T.);
#6361=EDGE_CURVE('',#10246,#10245,#7759,.T.);
#6362=EDGE_CURVE('',#10247,#10246,#5621,.T.);
#6363=EDGE_CURVE('',#9976,#10247,#7760,.T.);
#6364=EDGE_CURVE('',#10243,#9976,#7761,.T.);
#6365=EDGE_CURVE('',#10251,#10248,#7762,.T.);
#6366=EDGE_CURVE('',#10248,#10250,#7763,.T.);
#6367=EDGE_CURVE('',#10257,#10249,#7764,.T.);
#6368=EDGE_CURVE('',#10249,#10256,#7765,.T.);
#6369=EDGE_CURVE('',#10255,#9975,#7766,.T.);
#6370=EDGE_CURVE('',#10254,#10260,#7767,.T.);
#6371=EDGE_CURVE('',#10253,#10259,#7768,.T.);
#6372=EDGE_CURVE('',#10252,#10258,#7769,.T.);
#6373=EDGE_CURVE('',#10252,#10251,#7770,.T.);
#6374=EDGE_CURVE('',#10253,#10252,#7771,.T.);
#6375=EDGE_CURVE('',#10254,#10253,#5622,.T.);
#6376=EDGE_CURVE('',#10255,#10254,#7772,.T.);
#6377=EDGE_CURVE('',#10250,#10255,#7773,.T.);
#6378=EDGE_CURVE('',#10258,#10257,#7774,.T.);
#6379=EDGE_CURVE('',#10259,#10258,#7775,.T.);
#6380=EDGE_CURVE('',#10260,#10259,#5623,.T.);
#6381=EDGE_CURVE('',#9975,#10260,#7776,.T.);
#6382=EDGE_CURVE('',#10256,#9975,#7777,.T.);
#6383=EDGE_CURVE('',#10264,#10261,#7778,.T.);
#6384=EDGE_CURVE('',#10261,#10263,#7779,.T.);
#6385=EDGE_CURVE('',#10270,#10262,#7780,.T.);
#6386=EDGE_CURVE('',#10262,#10269,#7781,.T.);
#6387=EDGE_CURVE('',#10268,#9974,#7782,.T.);
#6388=EDGE_CURVE('',#10267,#10273,#7783,.T.);
#6389=EDGE_CURVE('',#10266,#10272,#7784,.T.);
#6390=EDGE_CURVE('',#10265,#10271,#7785,.T.);
#6391=EDGE_CURVE('',#10265,#10264,#7786,.T.);
#6392=EDGE_CURVE('',#10266,#10265,#7787,.T.);
#6393=EDGE_CURVE('',#10267,#10266,#5624,.T.);
#6394=EDGE_CURVE('',#10268,#10267,#7788,.T.);
#6395=EDGE_CURVE('',#10263,#10268,#7789,.T.);
#6396=EDGE_CURVE('',#10271,#10270,#7790,.T.);
#6397=EDGE_CURVE('',#10272,#10271,#7791,.T.);
#6398=EDGE_CURVE('',#10273,#10272,#5625,.T.);
#6399=EDGE_CURVE('',#9974,#10273,#7792,.T.);
#6400=EDGE_CURVE('',#10269,#9974,#7793,.T.);
#6401=EDGE_CURVE('',#9970,#9973,#7794,.T.);
#6402=EDGE_CURVE('',#9969,#9972,#7795,.T.);
#6403=EDGE_CURVE('',#9968,#9967,#7796,.T.);
#6404=EDGE_CURVE('',#10275,#10278,#7797,.T.);
#6405=EDGE_CURVE('',#10274,#10277,#7798,.T.);
#6406=EDGE_CURVE('',#9965,#9966,#7799,.T.);
#6407=EDGE_CURVE('',#9965,#9970,#7800,.T.);
#6408=EDGE_CURVE('',#10274,#9965,#7801,.T.);
#6409=EDGE_CURVE('',#10275,#10274,#5626,.T.);
#6410=EDGE_CURVE('',#9968,#10275,#7802,.T.);
#6411=EDGE_CURVE('',#9971,#9968,#7803,.T.);
#6412=EDGE_CURVE('',#9966,#9969,#7804,.T.);
#6413=EDGE_CURVE('',#10277,#9966,#7805,.T.);
#6414=EDGE_CURVE('',#10278,#10277,#5627,.T.);
#6415=EDGE_CURVE('',#9967,#10278,#7806,.T.);
#6416=EDGE_CURVE('',#10276,#9967,#7807,.T.);
#6417=EDGE_CURVE('',#10282,#10279,#7808,.T.);
#6418=EDGE_CURVE('',#10279,#10281,#7809,.T.);
#6419=EDGE_CURVE('',#10288,#10280,#7810,.T.);
#6420=EDGE_CURVE('',#10280,#10287,#7811,.T.);
#6421=EDGE_CURVE('',#10286,#9964,#7812,.T.);
#6422=EDGE_CURVE('',#10285,#10291,#7813,.T.);
#6423=EDGE_CURVE('',#10284,#10290,#7814,.T.);
#6424=EDGE_CURVE('',#10283,#10289,#7815,.T.);
#6425=EDGE_CURVE('',#10283,#10282,#7816,.T.);
#6426=EDGE_CURVE('',#10284,#10283,#7817,.T.);
#6427=EDGE_CURVE('',#10285,#10284,#5628,.T.);
#6428=EDGE_CURVE('',#10286,#10285,#7818,.T.);
#6429=EDGE_CURVE('',#10281,#10286,#7819,.T.);
#6430=EDGE_CURVE('',#10289,#10288,#7820,.T.);
#6431=EDGE_CURVE('',#10290,#10289,#7821,.T.);
#6432=EDGE_CURVE('',#10291,#10290,#5629,.T.);
#6433=EDGE_CURVE('',#9964,#10291,#7822,.T.);
#6434=EDGE_CURVE('',#10287,#9964,#7823,.T.);
#6435=EDGE_CURVE('',#10295,#10292,#7824,.T.);
#6436=EDGE_CURVE('',#10292,#10294,#7825,.T.);
#6437=EDGE_CURVE('',#10301,#10293,#7826,.T.);
#6438=EDGE_CURVE('',#10293,#10300,#7827,.T.);
#6439=EDGE_CURVE('',#10299,#9963,#7828,.T.);
#6440=EDGE_CURVE('',#10298,#10304,#7829,.T.);
#6441=EDGE_CURVE('',#10297,#10303,#7830,.T.);
#6442=EDGE_CURVE('',#10296,#10302,#7831,.T.);
#6443=EDGE_CURVE('',#10296,#10295,#7832,.T.);
#6444=EDGE_CURVE('',#10297,#10296,#7833,.T.);
#6445=EDGE_CURVE('',#10298,#10297,#5630,.T.);
#6446=EDGE_CURVE('',#10299,#10298,#7834,.T.);
#6447=EDGE_CURVE('',#10294,#10299,#7835,.T.);
#6448=EDGE_CURVE('',#10302,#10301,#7836,.T.);
#6449=EDGE_CURVE('',#10303,#10302,#7837,.T.);
#6450=EDGE_CURVE('',#10304,#10303,#5631,.T.);
#6451=EDGE_CURVE('',#9963,#10304,#7838,.T.);
#6452=EDGE_CURVE('',#10300,#9963,#7839,.T.);
#6453=EDGE_CURVE('',#10308,#10305,#7840,.T.);
#6454=EDGE_CURVE('',#10305,#10307,#7841,.T.);
#6455=EDGE_CURVE('',#10314,#10306,#7842,.T.);
#6456=EDGE_CURVE('',#10306,#10313,#7843,.T.);
#6457=EDGE_CURVE('',#10312,#9962,#7844,.T.);
#6458=EDGE_CURVE('',#10311,#10317,#7845,.T.);
#6459=EDGE_CURVE('',#10310,#10316,#7846,.T.);
#6460=EDGE_CURVE('',#10309,#10315,#7847,.T.);
#6461=EDGE_CURVE('',#10309,#10308,#7848,.T.);
#6462=EDGE_CURVE('',#10310,#10309,#7849,.T.);
#6463=EDGE_CURVE('',#10311,#10310,#5632,.T.);
#6464=EDGE_CURVE('',#10312,#10311,#7850,.T.);
#6465=EDGE_CURVE('',#10307,#10312,#7851,.T.);
#6466=EDGE_CURVE('',#10315,#10314,#7852,.T.);
#6467=EDGE_CURVE('',#10316,#10315,#7853,.T.);
#6468=EDGE_CURVE('',#10317,#10316,#5633,.T.);
#6469=EDGE_CURVE('',#9962,#10317,#7854,.T.);
#6470=EDGE_CURVE('',#10313,#9962,#7855,.T.);
#6471=EDGE_CURVE('',#10321,#10318,#7856,.T.);
#6472=EDGE_CURVE('',#10318,#10320,#7857,.T.);
#6473=EDGE_CURVE('',#10327,#10319,#7858,.T.);
#6474=EDGE_CURVE('',#10319,#10326,#7859,.T.);
#6475=EDGE_CURVE('',#10325,#9961,#7860,.T.);
#6476=EDGE_CURVE('',#10324,#10330,#7861,.T.);
#6477=EDGE_CURVE('',#10323,#10329,#7862,.T.);
#6478=EDGE_CURVE('',#10322,#10328,#7863,.T.);
#6479=EDGE_CURVE('',#10322,#10321,#7864,.T.);
#6480=EDGE_CURVE('',#10323,#10322,#7865,.T.);
#6481=EDGE_CURVE('',#10324,#10323,#5634,.T.);
#6482=EDGE_CURVE('',#10325,#10324,#7866,.T.);
#6483=EDGE_CURVE('',#10320,#10325,#7867,.T.);
#6484=EDGE_CURVE('',#10328,#10327,#7868,.T.);
#6485=EDGE_CURVE('',#10329,#10328,#7869,.T.);
#6486=EDGE_CURVE('',#10330,#10329,#5635,.T.);
#6487=EDGE_CURVE('',#9961,#10330,#7870,.T.);
#6488=EDGE_CURVE('',#10326,#9961,#7871,.T.);
#6489=EDGE_CURVE('',#10334,#10331,#7872,.T.);
#6490=EDGE_CURVE('',#10331,#10333,#7873,.T.);
#6491=EDGE_CURVE('',#10340,#10332,#7874,.T.);
#6492=EDGE_CURVE('',#10332,#10339,#7875,.T.);
#6493=EDGE_CURVE('',#10338,#9960,#7876,.T.);
#6494=EDGE_CURVE('',#10337,#10343,#7877,.T.);
#6495=EDGE_CURVE('',#10336,#10342,#7878,.T.);
#6496=EDGE_CURVE('',#10335,#10341,#7879,.T.);
#6497=EDGE_CURVE('',#10335,#10334,#7880,.T.);
#6498=EDGE_CURVE('',#10336,#10335,#7881,.T.);
#6499=EDGE_CURVE('',#10337,#10336,#5636,.T.);
#6500=EDGE_CURVE('',#10338,#10337,#7882,.T.);
#6501=EDGE_CURVE('',#10333,#10338,#7883,.T.);
#6502=EDGE_CURVE('',#10341,#10340,#7884,.T.);
#6503=EDGE_CURVE('',#10342,#10341,#7885,.T.);
#6504=EDGE_CURVE('',#10343,#10342,#5637,.T.);
#6505=EDGE_CURVE('',#9960,#10343,#7886,.T.);
#6506=EDGE_CURVE('',#10339,#9960,#7887,.T.);
#6507=EDGE_CURVE('',#10347,#10344,#7888,.T.);
#6508=EDGE_CURVE('',#10344,#10346,#7889,.T.);
#6509=EDGE_CURVE('',#10353,#10345,#7890,.T.);
#6510=EDGE_CURVE('',#10345,#10352,#7891,.T.);
#6511=EDGE_CURVE('',#10351,#9959,#7892,.T.);
#6512=EDGE_CURVE('',#10350,#10356,#7893,.T.);
#6513=EDGE_CURVE('',#10349,#10355,#7894,.T.);
#6514=EDGE_CURVE('',#10348,#10354,#7895,.T.);
#6515=EDGE_CURVE('',#10348,#10347,#7896,.T.);
#6516=EDGE_CURVE('',#10349,#10348,#7897,.T.);
#6517=EDGE_CURVE('',#10350,#10349,#5638,.T.);
#6518=EDGE_CURVE('',#10351,#10350,#7898,.T.);
#6519=EDGE_CURVE('',#10346,#10351,#7899,.T.);
#6520=EDGE_CURVE('',#10354,#10353,#7900,.T.);
#6521=EDGE_CURVE('',#10355,#10354,#7901,.T.);
#6522=EDGE_CURVE('',#10356,#10355,#5639,.T.);
#6523=EDGE_CURVE('',#9959,#10356,#7902,.T.);
#6524=EDGE_CURVE('',#10352,#9959,#7903,.T.);
#6525=EDGE_CURVE('',#9955,#9958,#7904,.T.);
#6526=EDGE_CURVE('',#9954,#9957,#7905,.T.);
#6527=EDGE_CURVE('',#9953,#9952,#7906,.T.);
#6528=EDGE_CURVE('',#10358,#10361,#7907,.T.);
#6529=EDGE_CURVE('',#10357,#10360,#7908,.T.);
#6530=EDGE_CURVE('',#9950,#9951,#7909,.T.);
#6531=EDGE_CURVE('',#9950,#9955,#7910,.T.);
#6532=EDGE_CURVE('',#10357,#9950,#7911,.T.);
#6533=EDGE_CURVE('',#10358,#10357,#5640,.T.);
#6534=EDGE_CURVE('',#9953,#10358,#7912,.T.);
#6535=EDGE_CURVE('',#9956,#9953,#7913,.T.);
#6536=EDGE_CURVE('',#9951,#9954,#7914,.T.);
#6537=EDGE_CURVE('',#10360,#9951,#7915,.T.);
#6538=EDGE_CURVE('',#10361,#10360,#5641,.T.);
#6539=EDGE_CURVE('',#9952,#10361,#7916,.T.);
#6540=EDGE_CURVE('',#10359,#9952,#7917,.T.);
#6541=EDGE_CURVE('',#10365,#10362,#7918,.T.);
#6542=EDGE_CURVE('',#10362,#10364,#7919,.T.);
#6543=EDGE_CURVE('',#10371,#10363,#7920,.T.);
#6544=EDGE_CURVE('',#10363,#10370,#7921,.T.);
#6545=EDGE_CURVE('',#10369,#9949,#7922,.T.);
#6546=EDGE_CURVE('',#10368,#10374,#7923,.T.);
#6547=EDGE_CURVE('',#10367,#10373,#7924,.T.);
#6548=EDGE_CURVE('',#10366,#10372,#7925,.T.);
#6549=EDGE_CURVE('',#10366,#10365,#7926,.T.);
#6550=EDGE_CURVE('',#10367,#10366,#7927,.T.);
#6551=EDGE_CURVE('',#10368,#10367,#5642,.T.);
#6552=EDGE_CURVE('',#10369,#10368,#7928,.T.);
#6553=EDGE_CURVE('',#10364,#10369,#7929,.T.);
#6554=EDGE_CURVE('',#10372,#10371,#7930,.T.);
#6555=EDGE_CURVE('',#10373,#10372,#7931,.T.);
#6556=EDGE_CURVE('',#10374,#10373,#5643,.T.);
#6557=EDGE_CURVE('',#9949,#10374,#7932,.T.);
#6558=EDGE_CURVE('',#10370,#9949,#7933,.T.);
#6559=EDGE_CURVE('',#10378,#10375,#7934,.T.);
#6560=EDGE_CURVE('',#10375,#10377,#7935,.T.);
#6561=EDGE_CURVE('',#10384,#10376,#7936,.T.);
#6562=EDGE_CURVE('',#10376,#10383,#7937,.T.);
#6563=EDGE_CURVE('',#10382,#9948,#7938,.T.);
#6564=EDGE_CURVE('',#10381,#10387,#7939,.T.);
#6565=EDGE_CURVE('',#10380,#10386,#7940,.T.);
#6566=EDGE_CURVE('',#10379,#10385,#7941,.T.);
#6567=EDGE_CURVE('',#10379,#10378,#7942,.T.);
#6568=EDGE_CURVE('',#10380,#10379,#7943,.T.);
#6569=EDGE_CURVE('',#10381,#10380,#5644,.T.);
#6570=EDGE_CURVE('',#10382,#10381,#7944,.T.);
#6571=EDGE_CURVE('',#10377,#10382,#7945,.T.);
#6572=EDGE_CURVE('',#10385,#10384,#7946,.T.);
#6573=EDGE_CURVE('',#10386,#10385,#7947,.T.);
#6574=EDGE_CURVE('',#10387,#10386,#5645,.T.);
#6575=EDGE_CURVE('',#9948,#10387,#7948,.T.);
#6576=EDGE_CURVE('',#10383,#9948,#7949,.T.);
#6577=EDGE_CURVE('',#10391,#10388,#7950,.T.);
#6578=EDGE_CURVE('',#10388,#10390,#7951,.T.);
#6579=EDGE_CURVE('',#10397,#10389,#7952,.T.);
#6580=EDGE_CURVE('',#10389,#10396,#7953,.T.);
#6581=EDGE_CURVE('',#10395,#9947,#7954,.T.);
#6582=EDGE_CURVE('',#10394,#10400,#7955,.T.);
#6583=EDGE_CURVE('',#10393,#10399,#7956,.T.);
#6584=EDGE_CURVE('',#10392,#10398,#7957,.T.);
#6585=EDGE_CURVE('',#10392,#10391,#7958,.T.);
#6586=EDGE_CURVE('',#10393,#10392,#7959,.T.);
#6587=EDGE_CURVE('',#10394,#10393,#5646,.T.);
#6588=EDGE_CURVE('',#10395,#10394,#7960,.T.);
#6589=EDGE_CURVE('',#10390,#10395,#7961,.T.);
#6590=EDGE_CURVE('',#10398,#10397,#7962,.T.);
#6591=EDGE_CURVE('',#10399,#10398,#7963,.T.);
#6592=EDGE_CURVE('',#10400,#10399,#5647,.T.);
#6593=EDGE_CURVE('',#9947,#10400,#7964,.T.);
#6594=EDGE_CURVE('',#10396,#9947,#7965,.T.);
#6595=EDGE_CURVE('',#10404,#10401,#7966,.T.);
#6596=EDGE_CURVE('',#10401,#10403,#7967,.T.);
#6597=EDGE_CURVE('',#10410,#10402,#7968,.T.);
#6598=EDGE_CURVE('',#10402,#10409,#7969,.T.);
#6599=EDGE_CURVE('',#10408,#9946,#7970,.T.);
#6600=EDGE_CURVE('',#10407,#10413,#7971,.T.);
#6601=EDGE_CURVE('',#10406,#10412,#7972,.T.);
#6602=EDGE_CURVE('',#10405,#10411,#7973,.T.);
#6603=EDGE_CURVE('',#10405,#10404,#7974,.T.);
#6604=EDGE_CURVE('',#10406,#10405,#7975,.T.);
#6605=EDGE_CURVE('',#10407,#10406,#5648,.T.);
#6606=EDGE_CURVE('',#10408,#10407,#7976,.T.);
#6607=EDGE_CURVE('',#10403,#10408,#7977,.T.);
#6608=EDGE_CURVE('',#10411,#10410,#7978,.T.);
#6609=EDGE_CURVE('',#10412,#10411,#7979,.T.);
#6610=EDGE_CURVE('',#10413,#10412,#5649,.T.);
#6611=EDGE_CURVE('',#9946,#10413,#7980,.T.);
#6612=EDGE_CURVE('',#10409,#9946,#7981,.T.);
#6613=EDGE_CURVE('',#10417,#10414,#7982,.T.);
#6614=EDGE_CURVE('',#10414,#10416,#7983,.T.);
#6615=EDGE_CURVE('',#10423,#10415,#7984,.T.);
#6616=EDGE_CURVE('',#10415,#10422,#7985,.T.);
#6617=EDGE_CURVE('',#10421,#9945,#7986,.T.);
#6618=EDGE_CURVE('',#10420,#10426,#7987,.T.);
#6619=EDGE_CURVE('',#10419,#10425,#7988,.T.);
#6620=EDGE_CURVE('',#10418,#10424,#7989,.T.);
#6621=EDGE_CURVE('',#10418,#10417,#7990,.T.);
#6622=EDGE_CURVE('',#10419,#10418,#7991,.T.);
#6623=EDGE_CURVE('',#10420,#10419,#5650,.T.);
#6624=EDGE_CURVE('',#10421,#10420,#7992,.T.);
#6625=EDGE_CURVE('',#10416,#10421,#7993,.T.);
#6626=EDGE_CURVE('',#10424,#10423,#7994,.T.);
#6627=EDGE_CURVE('',#10425,#10424,#7995,.T.);
#6628=EDGE_CURVE('',#10426,#10425,#5651,.T.);
#6629=EDGE_CURVE('',#9945,#10426,#7996,.T.);
#6630=EDGE_CURVE('',#10422,#9945,#7997,.T.);
#6631=EDGE_CURVE('',#10430,#10427,#7998,.T.);
#6632=EDGE_CURVE('',#10427,#10429,#7999,.T.);
#6633=EDGE_CURVE('',#10436,#10428,#8000,.T.);
#6634=EDGE_CURVE('',#10428,#10435,#8001,.T.);
#6635=EDGE_CURVE('',#10434,#9944,#8002,.T.);
#6636=EDGE_CURVE('',#10433,#10439,#8003,.T.);
#6637=EDGE_CURVE('',#10432,#10438,#8004,.T.);
#6638=EDGE_CURVE('',#10431,#10437,#8005,.T.);
#6639=EDGE_CURVE('',#10431,#10430,#8006,.T.);
#6640=EDGE_CURVE('',#10432,#10431,#8007,.T.);
#6641=EDGE_CURVE('',#10433,#10432,#5652,.T.);
#6642=EDGE_CURVE('',#10434,#10433,#8008,.T.);
#6643=EDGE_CURVE('',#10429,#10434,#8009,.T.);
#6644=EDGE_CURVE('',#10437,#10436,#8010,.T.);
#6645=EDGE_CURVE('',#10438,#10437,#8011,.T.);
#6646=EDGE_CURVE('',#10439,#10438,#5653,.T.);
#6647=EDGE_CURVE('',#9944,#10439,#8012,.T.);
#6648=EDGE_CURVE('',#10435,#9944,#8013,.T.);
#6649=EDGE_CURVE('',#9940,#9943,#8014,.T.);
#6650=EDGE_CURVE('',#9939,#9942,#8015,.T.);
#6651=EDGE_CURVE('',#9938,#9937,#8016,.T.);
#6652=EDGE_CURVE('',#10441,#10444,#8017,.T.);
#6653=EDGE_CURVE('',#10440,#10443,#8018,.T.);
#6654=EDGE_CURVE('',#9935,#9936,#8019,.T.);
#6655=EDGE_CURVE('',#9935,#9940,#8020,.T.);
#6656=EDGE_CURVE('',#10440,#9935,#8021,.T.);
#6657=EDGE_CURVE('',#10441,#10440,#5654,.T.);
#6658=EDGE_CURVE('',#9938,#10441,#8022,.T.);
#6659=EDGE_CURVE('',#9941,#9938,#8023,.T.);
#6660=EDGE_CURVE('',#9936,#9939,#8024,.T.);
#6661=EDGE_CURVE('',#10443,#9936,#8025,.T.);
#6662=EDGE_CURVE('',#10444,#10443,#5655,.T.);
#6663=EDGE_CURVE('',#9937,#10444,#8026,.T.);
#6664=EDGE_CURVE('',#10442,#9937,#8027,.T.);
#6665=EDGE_CURVE('',#10448,#10445,#8028,.T.);
#6666=EDGE_CURVE('',#10445,#10447,#8029,.T.);
#6667=EDGE_CURVE('',#10454,#10446,#8030,.T.);
#6668=EDGE_CURVE('',#10446,#10453,#8031,.T.);
#6669=EDGE_CURVE('',#10452,#9934,#8032,.T.);
#6670=EDGE_CURVE('',#10451,#10457,#8033,.T.);
#6671=EDGE_CURVE('',#10450,#10456,#8034,.T.);
#6672=EDGE_CURVE('',#10449,#10455,#8035,.T.);
#6673=EDGE_CURVE('',#10449,#10448,#8036,.T.);
#6674=EDGE_CURVE('',#10450,#10449,#8037,.T.);
#6675=EDGE_CURVE('',#10451,#10450,#5656,.T.);
#6676=EDGE_CURVE('',#10452,#10451,#8038,.T.);
#6677=EDGE_CURVE('',#10447,#10452,#8039,.T.);
#6678=EDGE_CURVE('',#10455,#10454,#8040,.T.);
#6679=EDGE_CURVE('',#10456,#10455,#8041,.T.);
#6680=EDGE_CURVE('',#10457,#10456,#5657,.T.);
#6681=EDGE_CURVE('',#9934,#10457,#8042,.T.);
#6682=EDGE_CURVE('',#10453,#9934,#8043,.T.);
#6683=EDGE_CURVE('',#10461,#10458,#8044,.T.);
#6684=EDGE_CURVE('',#10458,#10460,#8045,.T.);
#6685=EDGE_CURVE('',#10467,#10459,#8046,.T.);
#6686=EDGE_CURVE('',#10459,#10466,#8047,.T.);
#6687=EDGE_CURVE('',#10465,#9933,#8048,.T.);
#6688=EDGE_CURVE('',#10464,#10470,#8049,.T.);
#6689=EDGE_CURVE('',#10463,#10469,#8050,.T.);
#6690=EDGE_CURVE('',#10462,#10468,#8051,.T.);
#6691=EDGE_CURVE('',#10462,#10461,#8052,.T.);
#6692=EDGE_CURVE('',#10463,#10462,#8053,.T.);
#6693=EDGE_CURVE('',#10464,#10463,#5658,.T.);
#6694=EDGE_CURVE('',#10465,#10464,#8054,.T.);
#6695=EDGE_CURVE('',#10460,#10465,#8055,.T.);
#6696=EDGE_CURVE('',#10468,#10467,#8056,.T.);
#6697=EDGE_CURVE('',#10469,#10468,#8057,.T.);
#6698=EDGE_CURVE('',#10470,#10469,#5659,.T.);
#6699=EDGE_CURVE('',#9933,#10470,#8058,.T.);
#6700=EDGE_CURVE('',#10466,#9933,#8059,.T.);
#6701=EDGE_CURVE('',#10474,#10471,#8060,.T.);
#6702=EDGE_CURVE('',#10471,#10473,#8061,.T.);
#6703=EDGE_CURVE('',#10480,#10472,#8062,.T.);
#6704=EDGE_CURVE('',#10472,#10479,#8063,.T.);
#6705=EDGE_CURVE('',#10478,#9932,#8064,.T.);
#6706=EDGE_CURVE('',#10477,#10483,#8065,.T.);
#6707=EDGE_CURVE('',#10476,#10482,#8066,.T.);
#6708=EDGE_CURVE('',#10475,#10481,#8067,.T.);
#6709=EDGE_CURVE('',#10475,#10474,#8068,.T.);
#6710=EDGE_CURVE('',#10476,#10475,#8069,.T.);
#6711=EDGE_CURVE('',#10477,#10476,#5660,.T.);
#6712=EDGE_CURVE('',#10478,#10477,#8070,.T.);
#6713=EDGE_CURVE('',#10473,#10478,#8071,.T.);
#6714=EDGE_CURVE('',#10481,#10480,#8072,.T.);
#6715=EDGE_CURVE('',#10482,#10481,#8073,.T.);
#6716=EDGE_CURVE('',#10483,#10482,#5661,.T.);
#6717=EDGE_CURVE('',#9932,#10483,#8074,.T.);
#6718=EDGE_CURVE('',#10479,#9932,#8075,.T.);
#6719=EDGE_CURVE('',#10487,#10484,#8076,.T.);
#6720=EDGE_CURVE('',#10484,#10486,#8077,.T.);
#6721=EDGE_CURVE('',#10493,#10485,#8078,.T.);
#6722=EDGE_CURVE('',#10485,#10492,#8079,.T.);
#6723=EDGE_CURVE('',#10491,#9931,#8080,.T.);
#6724=EDGE_CURVE('',#10490,#10496,#8081,.T.);
#6725=EDGE_CURVE('',#10489,#10495,#8082,.T.);
#6726=EDGE_CURVE('',#10488,#10494,#8083,.T.);
#6727=EDGE_CURVE('',#10488,#10487,#8084,.T.);
#6728=EDGE_CURVE('',#10489,#10488,#8085,.T.);
#6729=EDGE_CURVE('',#10490,#10489,#5662,.T.);
#6730=EDGE_CURVE('',#10491,#10490,#8086,.T.);
#6731=EDGE_CURVE('',#10486,#10491,#8087,.T.);
#6732=EDGE_CURVE('',#10494,#10493,#8088,.T.);
#6733=EDGE_CURVE('',#10495,#10494,#8089,.T.);
#6734=EDGE_CURVE('',#10496,#10495,#5663,.T.);
#6735=EDGE_CURVE('',#9931,#10496,#8090,.T.);
#6736=EDGE_CURVE('',#10492,#9931,#8091,.T.);
#6737=EDGE_CURVE('',#9927,#9930,#8092,.T.);
#6738=EDGE_CURVE('',#9926,#9929,#8093,.T.);
#6739=EDGE_CURVE('',#9925,#9924,#8094,.T.);
#6740=EDGE_CURVE('',#10498,#10501,#8095,.T.);
#6741=EDGE_CURVE('',#10497,#10500,#8096,.T.);
#6742=EDGE_CURVE('',#9922,#9923,#8097,.T.);
#6743=EDGE_CURVE('',#9922,#9927,#8098,.T.);
#6744=EDGE_CURVE('',#10497,#9922,#8099,.T.);
#6745=EDGE_CURVE('',#10498,#10497,#5664,.T.);
#6746=EDGE_CURVE('',#9925,#10498,#8100,.T.);
#6747=EDGE_CURVE('',#9928,#9925,#8101,.T.);
#6748=EDGE_CURVE('',#9923,#9926,#8102,.T.);
#6749=EDGE_CURVE('',#10500,#9923,#8103,.T.);
#6750=EDGE_CURVE('',#10501,#10500,#5665,.T.);
#6751=EDGE_CURVE('',#9924,#10501,#8104,.T.);
#6752=EDGE_CURVE('',#10499,#9924,#8105,.T.);
#6753=EDGE_CURVE('',#10505,#10502,#8106,.T.);
#6754=EDGE_CURVE('',#10502,#10504,#8107,.T.);
#6755=EDGE_CURVE('',#10511,#10503,#8108,.T.);
#6756=EDGE_CURVE('',#10503,#10510,#8109,.T.);
#6757=EDGE_CURVE('',#10509,#9921,#8110,.T.);
#6758=EDGE_CURVE('',#10508,#10514,#8111,.T.);
#6759=EDGE_CURVE('',#10507,#10513,#8112,.T.);
#6760=EDGE_CURVE('',#10506,#10512,#8113,.T.);
#6761=EDGE_CURVE('',#10506,#10505,#8114,.T.);
#6762=EDGE_CURVE('',#10507,#10506,#8115,.T.);
#6763=EDGE_CURVE('',#10508,#10507,#5666,.T.);
#6764=EDGE_CURVE('',#10509,#10508,#8116,.T.);
#6765=EDGE_CURVE('',#10504,#10509,#8117,.T.);
#6766=EDGE_CURVE('',#10512,#10511,#8118,.T.);
#6767=EDGE_CURVE('',#10513,#10512,#8119,.T.);
#6768=EDGE_CURVE('',#10514,#10513,#5667,.T.);
#6769=EDGE_CURVE('',#9921,#10514,#8120,.T.);
#6770=EDGE_CURVE('',#10510,#9921,#8121,.T.);
#6771=EDGE_CURVE('',#10518,#10515,#8122,.T.);
#6772=EDGE_CURVE('',#10515,#10517,#8123,.T.);
#6773=EDGE_CURVE('',#10524,#10516,#8124,.T.);
#6774=EDGE_CURVE('',#10516,#10523,#8125,.T.);
#6775=EDGE_CURVE('',#10522,#9920,#8126,.T.);
#6776=EDGE_CURVE('',#10521,#10527,#8127,.T.);
#6777=EDGE_CURVE('',#10520,#10526,#8128,.T.);
#6778=EDGE_CURVE('',#10519,#10525,#8129,.T.);
#6779=EDGE_CURVE('',#10519,#10518,#8130,.T.);
#6780=EDGE_CURVE('',#10520,#10519,#8131,.T.);
#6781=EDGE_CURVE('',#10521,#10520,#5668,.T.);
#6782=EDGE_CURVE('',#10522,#10521,#8132,.T.);
#6783=EDGE_CURVE('',#10517,#10522,#8133,.T.);
#6784=EDGE_CURVE('',#10525,#10524,#8134,.T.);
#6785=EDGE_CURVE('',#10526,#10525,#8135,.T.);
#6786=EDGE_CURVE('',#10527,#10526,#5669,.T.);
#6787=EDGE_CURVE('',#9920,#10527,#8136,.T.);
#6788=EDGE_CURVE('',#10523,#9920,#8137,.T.);
#6789=EDGE_CURVE('',#9916,#9919,#8138,.T.);
#6790=EDGE_CURVE('',#9915,#9918,#8139,.T.);
#6791=EDGE_CURVE('',#9914,#9913,#8140,.T.);
#6792=EDGE_CURVE('',#10529,#10532,#8141,.T.);
#6793=EDGE_CURVE('',#10528,#10531,#8142,.T.);
#6794=EDGE_CURVE('',#9911,#9912,#8143,.T.);
#6795=EDGE_CURVE('',#9911,#9916,#8144,.T.);
#6796=EDGE_CURVE('',#10528,#9911,#8145,.T.);
#6797=EDGE_CURVE('',#10529,#10528,#5670,.T.);
#6798=EDGE_CURVE('',#9914,#10529,#8146,.T.);
#6799=EDGE_CURVE('',#9917,#9914,#8147,.T.);
#6800=EDGE_CURVE('',#9912,#9915,#8148,.T.);
#6801=EDGE_CURVE('',#10531,#9912,#8149,.T.);
#6802=EDGE_CURVE('',#10532,#10531,#5671,.T.);
#6803=EDGE_CURVE('',#9913,#10532,#8150,.T.);
#6804=EDGE_CURVE('',#10530,#9913,#8151,.T.);
#6805=EDGE_CURVE('',#10536,#10533,#8152,.T.);
#6806=EDGE_CURVE('',#10533,#10535,#8153,.T.);
#6807=EDGE_CURVE('',#10542,#10534,#8154,.T.);
#6808=EDGE_CURVE('',#10534,#10541,#8155,.T.);
#6809=EDGE_CURVE('',#10540,#9910,#8156,.T.);
#6810=EDGE_CURVE('',#10539,#10545,#8157,.T.);
#6811=EDGE_CURVE('',#10538,#10544,#8158,.T.);
#6812=EDGE_CURVE('',#10537,#10543,#8159,.T.);
#6813=EDGE_CURVE('',#10537,#10536,#8160,.T.);
#6814=EDGE_CURVE('',#10538,#10537,#8161,.T.);
#6815=EDGE_CURVE('',#10539,#10538,#5672,.T.);
#6816=EDGE_CURVE('',#10540,#10539,#8162,.T.);
#6817=EDGE_CURVE('',#10535,#10540,#8163,.T.);
#6818=EDGE_CURVE('',#10543,#10542,#8164,.T.);
#6819=EDGE_CURVE('',#10544,#10543,#8165,.T.);
#6820=EDGE_CURVE('',#10545,#10544,#5673,.T.);
#6821=EDGE_CURVE('',#9910,#10545,#8166,.T.);
#6822=EDGE_CURVE('',#10541,#9910,#8167,.T.);
#6823=EDGE_CURVE('',#10549,#10546,#8168,.T.);
#6824=EDGE_CURVE('',#10546,#10548,#8169,.T.);
#6825=EDGE_CURVE('',#10555,#10547,#8170,.T.);
#6826=EDGE_CURVE('',#10547,#10554,#8171,.T.);
#6827=EDGE_CURVE('',#10553,#9909,#8172,.T.);
#6828=EDGE_CURVE('',#10552,#10558,#8173,.T.);
#6829=EDGE_CURVE('',#10551,#10557,#8174,.T.);
#6830=EDGE_CURVE('',#10550,#10556,#8175,.T.);
#6831=EDGE_CURVE('',#10550,#10549,#8176,.T.);
#6832=EDGE_CURVE('',#10551,#10550,#8177,.T.);
#6833=EDGE_CURVE('',#10552,#10551,#5674,.T.);
#6834=EDGE_CURVE('',#10553,#10552,#8178,.T.);
#6835=EDGE_CURVE('',#10548,#10553,#8179,.T.);
#6836=EDGE_CURVE('',#10556,#10555,#8180,.T.);
#6837=EDGE_CURVE('',#10557,#10556,#8181,.T.);
#6838=EDGE_CURVE('',#10558,#10557,#5675,.T.);
#6839=EDGE_CURVE('',#9909,#10558,#8182,.T.);
#6840=EDGE_CURVE('',#10554,#9909,#8183,.T.);
#6841=EDGE_CURVE('',#9905,#9908,#8184,.T.);
#6842=EDGE_CURVE('',#9904,#9907,#8185,.T.);
#6843=EDGE_CURVE('',#9903,#9902,#8186,.T.);
#6844=EDGE_CURVE('',#10560,#10563,#8187,.T.);
#6845=EDGE_CURVE('',#10559,#10562,#8188,.T.);
#6846=EDGE_CURVE('',#9900,#9901,#8189,.T.);
#6847=EDGE_CURVE('',#9900,#9905,#8190,.T.);
#6848=EDGE_CURVE('',#10559,#9900,#8191,.T.);
#6849=EDGE_CURVE('',#10560,#10559,#5676,.T.);
#6850=EDGE_CURVE('',#9903,#10560,#8192,.T.);
#6851=EDGE_CURVE('',#9906,#9903,#8193,.T.);
#6852=EDGE_CURVE('',#9901,#9904,#8194,.T.);
#6853=EDGE_CURVE('',#10562,#9901,#8195,.T.);
#6854=EDGE_CURVE('',#10563,#10562,#5677,.T.);
#6855=EDGE_CURVE('',#9902,#10563,#8196,.T.);
#6856=EDGE_CURVE('',#10561,#9902,#8197,.T.);
#6857=EDGE_CURVE('',#10567,#10564,#8198,.T.);
#6858=EDGE_CURVE('',#10564,#10566,#8199,.T.);
#6859=EDGE_CURVE('',#10573,#10565,#8200,.T.);
#6860=EDGE_CURVE('',#10565,#10572,#8201,.T.);
#6861=EDGE_CURVE('',#10571,#9899,#8202,.T.);
#6862=EDGE_CURVE('',#10570,#10576,#8203,.T.);
#6863=EDGE_CURVE('',#10569,#10575,#8204,.T.);
#6864=EDGE_CURVE('',#10568,#10574,#8205,.T.);
#6865=EDGE_CURVE('',#10568,#10567,#8206,.T.);
#6866=EDGE_CURVE('',#10569,#10568,#8207,.T.);
#6867=EDGE_CURVE('',#10570,#10569,#5678,.T.);
#6868=EDGE_CURVE('',#10571,#10570,#8208,.T.);
#6869=EDGE_CURVE('',#10566,#10571,#8209,.T.);
#6870=EDGE_CURVE('',#10574,#10573,#8210,.T.);
#6871=EDGE_CURVE('',#10575,#10574,#8211,.T.);
#6872=EDGE_CURVE('',#10576,#10575,#5679,.T.);
#6873=EDGE_CURVE('',#9899,#10576,#8212,.T.);
#6874=EDGE_CURVE('',#10572,#9899,#8213,.T.);
#6875=EDGE_CURVE('',#10580,#10577,#8214,.T.);
#6876=EDGE_CURVE('',#10577,#10579,#8215,.T.);
#6877=EDGE_CURVE('',#10586,#10578,#8216,.T.);
#6878=EDGE_CURVE('',#10578,#10585,#8217,.T.);
#6879=EDGE_CURVE('',#10584,#9898,#8218,.T.);
#6880=EDGE_CURVE('',#10583,#10589,#8219,.T.);
#6881=EDGE_CURVE('',#10582,#10588,#8220,.T.);
#6882=EDGE_CURVE('',#10581,#10587,#8221,.T.);
#6883=EDGE_CURVE('',#10581,#10580,#8222,.T.);
#6884=EDGE_CURVE('',#10582,#10581,#8223,.T.);
#6885=EDGE_CURVE('',#10583,#10582,#5680,.T.);
#6886=EDGE_CURVE('',#10584,#10583,#8224,.T.);
#6887=EDGE_CURVE('',#10579,#10584,#8225,.T.);
#6888=EDGE_CURVE('',#10587,#10586,#8226,.T.);
#6889=EDGE_CURVE('',#10588,#10587,#8227,.T.);
#6890=EDGE_CURVE('',#10589,#10588,#5681,.T.);
#6891=EDGE_CURVE('',#9898,#10589,#8228,.T.);
#6892=EDGE_CURVE('',#10585,#9898,#8229,.T.);
#6893=EDGE_CURVE('',#9894,#9897,#8230,.T.);
#6894=EDGE_CURVE('',#9893,#9896,#8231,.T.);
#6895=EDGE_CURVE('',#9892,#9891,#8232,.T.);
#6896=EDGE_CURVE('',#10591,#10594,#8233,.T.);
#6897=EDGE_CURVE('',#10590,#10593,#8234,.T.);
#6898=EDGE_CURVE('',#9889,#9890,#8235,.T.);
#6899=EDGE_CURVE('',#9889,#9894,#8236,.T.);
#6900=EDGE_CURVE('',#10590,#9889,#8237,.T.);
#6901=EDGE_CURVE('',#10591,#10590,#5682,.T.);
#6902=EDGE_CURVE('',#9892,#10591,#8238,.T.);
#6903=EDGE_CURVE('',#9895,#9892,#8239,.T.);
#6904=EDGE_CURVE('',#9890,#9893,#8240,.T.);
#6905=EDGE_CURVE('',#10593,#9890,#8241,.T.);
#6906=EDGE_CURVE('',#10594,#10593,#5683,.T.);
#6907=EDGE_CURVE('',#9891,#10594,#8242,.T.);
#6908=EDGE_CURVE('',#10592,#9891,#8243,.T.);
#6909=EDGE_CURVE('',#10598,#10595,#8244,.T.);
#6910=EDGE_CURVE('',#10595,#10597,#8245,.T.);
#6911=EDGE_CURVE('',#10604,#10596,#8246,.T.);
#6912=EDGE_CURVE('',#10596,#10603,#8247,.T.);
#6913=EDGE_CURVE('',#10602,#9888,#8248,.T.);
#6914=EDGE_CURVE('',#10601,#10607,#8249,.T.);
#6915=EDGE_CURVE('',#10600,#10606,#8250,.T.);
#6916=EDGE_CURVE('',#10599,#10605,#8251,.T.);
#6917=EDGE_CURVE('',#10599,#10598,#8252,.T.);
#6918=EDGE_CURVE('',#10600,#10599,#8253,.T.);
#6919=EDGE_CURVE('',#10601,#10600,#5684,.T.);
#6920=EDGE_CURVE('',#10602,#10601,#8254,.T.);
#6921=EDGE_CURVE('',#10597,#10602,#8255,.T.);
#6922=EDGE_CURVE('',#10605,#10604,#8256,.T.);
#6923=EDGE_CURVE('',#10606,#10605,#8257,.T.);
#6924=EDGE_CURVE('',#10607,#10606,#5685,.T.);
#6925=EDGE_CURVE('',#9888,#10607,#8258,.T.);
#6926=EDGE_CURVE('',#10603,#9888,#8259,.T.);
#6927=EDGE_CURVE('',#10611,#10608,#8260,.T.);
#6928=EDGE_CURVE('',#10608,#10610,#8261,.T.);
#6929=EDGE_CURVE('',#10617,#10609,#8262,.T.);
#6930=EDGE_CURVE('',#10609,#10616,#8263,.T.);
#6931=EDGE_CURVE('',#10615,#9887,#8264,.T.);
#6932=EDGE_CURVE('',#10614,#10620,#8265,.T.);
#6933=EDGE_CURVE('',#10613,#10619,#8266,.T.);
#6934=EDGE_CURVE('',#10612,#10618,#8267,.T.);
#6935=EDGE_CURVE('',#10612,#10611,#8268,.T.);
#6936=EDGE_CURVE('',#10613,#10612,#8269,.T.);
#6937=EDGE_CURVE('',#10614,#10613,#5686,.T.);
#6938=EDGE_CURVE('',#10615,#10614,#8270,.T.);
#6939=EDGE_CURVE('',#10610,#10615,#8271,.T.);
#6940=EDGE_CURVE('',#10618,#10617,#8272,.T.);
#6941=EDGE_CURVE('',#10619,#10618,#8273,.T.);
#6942=EDGE_CURVE('',#10620,#10619,#5687,.T.);
#6943=EDGE_CURVE('',#9887,#10620,#8274,.T.);
#6944=EDGE_CURVE('',#10616,#9887,#8275,.T.);
#6945=EDGE_CURVE('',#9883,#9886,#8276,.T.);
#6946=EDGE_CURVE('',#9882,#9885,#8277,.T.);
#6947=EDGE_CURVE('',#9881,#9880,#8278,.T.);
#6948=EDGE_CURVE('',#10622,#10625,#8279,.T.);
#6949=EDGE_CURVE('',#10621,#10624,#8280,.T.);
#6950=EDGE_CURVE('',#9878,#9879,#8281,.T.);
#6951=EDGE_CURVE('',#9878,#9883,#8282,.T.);
#6952=EDGE_CURVE('',#10621,#9878,#8283,.T.);
#6953=EDGE_CURVE('',#10622,#10621,#5688,.T.);
#6954=EDGE_CURVE('',#9881,#10622,#8284,.T.);
#6955=EDGE_CURVE('',#9884,#9881,#8285,.T.);
#6956=EDGE_CURVE('',#9879,#9882,#8286,.T.);
#6957=EDGE_CURVE('',#10624,#9879,#8287,.T.);
#6958=EDGE_CURVE('',#10625,#10624,#5689,.T.);
#6959=EDGE_CURVE('',#9880,#10625,#8288,.T.);
#6960=EDGE_CURVE('',#10623,#9880,#8289,.T.);
#6961=EDGE_CURVE('',#10629,#10626,#8290,.T.);
#6962=EDGE_CURVE('',#10626,#10628,#8291,.T.);
#6963=EDGE_CURVE('',#10635,#10627,#8292,.T.);
#6964=EDGE_CURVE('',#10627,#10634,#8293,.T.);
#6965=EDGE_CURVE('',#10633,#9877,#8294,.T.);
#6966=EDGE_CURVE('',#10632,#10638,#8295,.T.);
#6967=EDGE_CURVE('',#10631,#10637,#8296,.T.);
#6968=EDGE_CURVE('',#10630,#10636,#8297,.T.);
#6969=EDGE_CURVE('',#10630,#10629,#8298,.T.);
#6970=EDGE_CURVE('',#10631,#10630,#8299,.T.);
#6971=EDGE_CURVE('',#10632,#10631,#5690,.T.);
#6972=EDGE_CURVE('',#10633,#10632,#8300,.T.);
#6973=EDGE_CURVE('',#10628,#10633,#8301,.T.);
#6974=EDGE_CURVE('',#10636,#10635,#8302,.T.);
#6975=EDGE_CURVE('',#10637,#10636,#8303,.T.);
#6976=EDGE_CURVE('',#10638,#10637,#5691,.T.);
#6977=EDGE_CURVE('',#9877,#10638,#8304,.T.);
#6978=EDGE_CURVE('',#10634,#9877,#8305,.T.);
#6979=EDGE_CURVE('',#9873,#9876,#8306,.T.);
#6980=EDGE_CURVE('',#9872,#9875,#8307,.T.);
#6981=EDGE_CURVE('',#9871,#9870,#8308,.T.);
#6982=EDGE_CURVE('',#10640,#10643,#8309,.T.);
#6983=EDGE_CURVE('',#10639,#10642,#8310,.T.);
#6984=EDGE_CURVE('',#9868,#9869,#8311,.T.);
#6985=EDGE_CURVE('',#9868,#9873,#8312,.T.);
#6986=EDGE_CURVE('',#10639,#9868,#8313,.T.);
#6987=EDGE_CURVE('',#10640,#10639,#5692,.T.);
#6988=EDGE_CURVE('',#9871,#10640,#8314,.T.);
#6989=EDGE_CURVE('',#9874,#9871,#8315,.T.);
#6990=EDGE_CURVE('',#9869,#9872,#8316,.T.);
#6991=EDGE_CURVE('',#10642,#9869,#8317,.T.);
#6992=EDGE_CURVE('',#10643,#10642,#5693,.T.);
#6993=EDGE_CURVE('',#9870,#10643,#8318,.T.);
#6994=EDGE_CURVE('',#10641,#9870,#8319,.T.);
#6995=EDGE_CURVE('',#9864,#9867,#8320,.T.);
#6996=EDGE_CURVE('',#9863,#9866,#8321,.T.);
#6997=EDGE_CURVE('',#9862,#9861,#8322,.T.);
#6998=EDGE_CURVE('',#10645,#10648,#8323,.T.);
#6999=EDGE_CURVE('',#10644,#10647,#8324,.T.);
#7000=EDGE_CURVE('',#9859,#9860,#8325,.T.);
#7001=EDGE_CURVE('',#9859,#9864,#8326,.T.);
#7002=EDGE_CURVE('',#10644,#9859,#8327,.T.);
#7003=EDGE_CURVE('',#10645,#10644,#5694,.T.);
#7004=EDGE_CURVE('',#9862,#10645,#8328,.T.);
#7005=EDGE_CURVE('',#9865,#9862,#8329,.T.);
#7006=EDGE_CURVE('',#9860,#9863,#8330,.T.);
#7007=EDGE_CURVE('',#10647,#9860,#8331,.T.);
#7008=EDGE_CURVE('',#10648,#10647,#5695,.T.);
#7009=EDGE_CURVE('',#9861,#10648,#8332,.T.);
#7010=EDGE_CURVE('',#10646,#9861,#8333,.T.);
#7011=EDGE_CURVE('',#9855,#9858,#8334,.T.);
#7012=EDGE_CURVE('',#9854,#9857,#8335,.T.);
#7013=EDGE_CURVE('',#9853,#9852,#8336,.T.);
#7014=EDGE_CURVE('',#10650,#10653,#8337,.T.);
#7015=EDGE_CURVE('',#10649,#10652,#8338,.T.);
#7016=EDGE_CURVE('',#9850,#9851,#8339,.T.);
#7017=EDGE_CURVE('',#9850,#9855,#8340,.T.);
#7018=EDGE_CURVE('',#10649,#9850,#8341,.T.);
#7019=EDGE_CURVE('',#10650,#10649,#5696,.T.);
#7020=EDGE_CURVE('',#9853,#10650,#8342,.T.);
#7021=EDGE_CURVE('',#9856,#9853,#8343,.T.);
#7022=EDGE_CURVE('',#9851,#9854,#8344,.T.);
#7023=EDGE_CURVE('',#10652,#9851,#8345,.T.);
#7024=EDGE_CURVE('',#10653,#10652,#5697,.T.);
#7025=EDGE_CURVE('',#9852,#10653,#8346,.T.);
#7026=EDGE_CURVE('',#10651,#9852,#8347,.T.);
#7027=EDGE_CURVE('',#9846,#9849,#8348,.T.);
#7028=EDGE_CURVE('',#9845,#9848,#8349,.T.);
#7029=EDGE_CURVE('',#9844,#9843,#8350,.T.);
#7030=EDGE_CURVE('',#10655,#10658,#8351,.T.);
#7031=EDGE_CURVE('',#10654,#10657,#8352,.T.);
#7032=EDGE_CURVE('',#9841,#9842,#8353,.T.);
#7033=EDGE_CURVE('',#9841,#9846,#8354,.T.);
#7034=EDGE_CURVE('',#10654,#9841,#8355,.T.);
#7035=EDGE_CURVE('',#10655,#10654,#5698,.T.);
#7036=EDGE_CURVE('',#9844,#10655,#8356,.T.);
#7037=EDGE_CURVE('',#9847,#9844,#8357,.T.);
#7038=EDGE_CURVE('',#9842,#9845,#8358,.T.);
#7039=EDGE_CURVE('',#10657,#9842,#8359,.T.);
#7040=EDGE_CURVE('',#10658,#10657,#5699,.T.);
#7041=EDGE_CURVE('',#9843,#10658,#8360,.T.);
#7042=EDGE_CURVE('',#10656,#9843,#8361,.T.);
#7043=EDGE_CURVE('',#9837,#9840,#8362,.T.);
#7044=EDGE_CURVE('',#9836,#9839,#8363,.T.);
#7045=EDGE_CURVE('',#9835,#9834,#8364,.T.);
#7046=EDGE_CURVE('',#10660,#10663,#8365,.T.);
#7047=EDGE_CURVE('',#10659,#10662,#8366,.T.);
#7048=EDGE_CURVE('',#9832,#9833,#8367,.T.);
#7049=EDGE_CURVE('',#9832,#9837,#8368,.T.);
#7050=EDGE_CURVE('',#10659,#9832,#8369,.T.);
#7051=EDGE_CURVE('',#10660,#10659,#5700,.T.);
#7052=EDGE_CURVE('',#9835,#10660,#8370,.T.);
#7053=EDGE_CURVE('',#9838,#9835,#8371,.T.);
#7054=EDGE_CURVE('',#9833,#9836,#8372,.T.);
#7055=EDGE_CURVE('',#10662,#9833,#8373,.T.);
#7056=EDGE_CURVE('',#10663,#10662,#5701,.T.);
#7057=EDGE_CURVE('',#9834,#10663,#8374,.T.);
#7058=EDGE_CURVE('',#10661,#9834,#8375,.T.);
#7059=EDGE_CURVE('',#9828,#9831,#8376,.T.);
#7060=EDGE_CURVE('',#9827,#9830,#8377,.T.);
#7061=EDGE_CURVE('',#9826,#9825,#8378,.T.);
#7062=EDGE_CURVE('',#10665,#10668,#8379,.T.);
#7063=EDGE_CURVE('',#10664,#10667,#8380,.T.);
#7064=EDGE_CURVE('',#9823,#9824,#8381,.T.);
#7065=EDGE_CURVE('',#9823,#9828,#8382,.T.);
#7066=EDGE_CURVE('',#10664,#9823,#8383,.T.);
#7067=EDGE_CURVE('',#10665,#10664,#5702,.T.);
#7068=EDGE_CURVE('',#9826,#10665,#8384,.T.);
#7069=EDGE_CURVE('',#9829,#9826,#8385,.T.);
#7070=EDGE_CURVE('',#9824,#9827,#8386,.T.);
#7071=EDGE_CURVE('',#10667,#9824,#8387,.T.);
#7072=EDGE_CURVE('',#10668,#10667,#5703,.T.);
#7073=EDGE_CURVE('',#9825,#10668,#8388,.T.);
#7074=EDGE_CURVE('',#10666,#9825,#8389,.T.);
#7075=EDGE_CURVE('',#9819,#9822,#8390,.T.);
#7076=EDGE_CURVE('',#9818,#9821,#8391,.T.);
#7077=EDGE_CURVE('',#9817,#9816,#8392,.T.);
#7078=EDGE_CURVE('',#10670,#10673,#8393,.T.);
#7079=EDGE_CURVE('',#10669,#10672,#8394,.T.);
#7080=EDGE_CURVE('',#9814,#9815,#8395,.T.);
#7081=EDGE_CURVE('',#9814,#9819,#8396,.T.);
#7082=EDGE_CURVE('',#10669,#9814,#8397,.T.);
#7083=EDGE_CURVE('',#10670,#10669,#5704,.T.);
#7084=EDGE_CURVE('',#9817,#10670,#8398,.T.);
#7085=EDGE_CURVE('',#9820,#9817,#8399,.T.);
#7086=EDGE_CURVE('',#9815,#9818,#8400,.T.);
#7087=EDGE_CURVE('',#10672,#9815,#8401,.T.);
#7088=EDGE_CURVE('',#10673,#10672,#5705,.T.);
#7089=EDGE_CURVE('',#9816,#10673,#8402,.T.);
#7090=EDGE_CURVE('',#10671,#9816,#8403,.T.);
#7091=EDGE_CURVE('',#9810,#9813,#8404,.T.);
#7092=EDGE_CURVE('',#9809,#9812,#8405,.T.);
#7093=EDGE_CURVE('',#9808,#9807,#8406,.T.);
#7094=EDGE_CURVE('',#10675,#10678,#8407,.T.);
#7095=EDGE_CURVE('',#10674,#10677,#8408,.T.);
#7096=EDGE_CURVE('',#9805,#9806,#8409,.T.);
#7097=EDGE_CURVE('',#9805,#9810,#8410,.T.);
#7098=EDGE_CURVE('',#10674,#9805,#8411,.T.);
#7099=EDGE_CURVE('',#10675,#10674,#5706,.T.);
#7100=EDGE_CURVE('',#9808,#10675,#8412,.T.);
#7101=EDGE_CURVE('',#9811,#9808,#8413,.T.);
#7102=EDGE_CURVE('',#9806,#9809,#8414,.T.);
#7103=EDGE_CURVE('',#10677,#9806,#8415,.T.);
#7104=EDGE_CURVE('',#10678,#10677,#5707,.T.);
#7105=EDGE_CURVE('',#9807,#10678,#8416,.T.);
#7106=EDGE_CURVE('',#10676,#9807,#8417,.T.);
#7107=EDGE_CURVE('',#9801,#9804,#8418,.T.);
#7108=EDGE_CURVE('',#9800,#9803,#8419,.T.);
#7109=EDGE_CURVE('',#9799,#9798,#8420,.T.);
#7110=EDGE_CURVE('',#10680,#10683,#8421,.T.);
#7111=EDGE_CURVE('',#10679,#10682,#8422,.T.);
#7112=EDGE_CURVE('',#9796,#9797,#8423,.T.);
#7113=EDGE_CURVE('',#9796,#9801,#8424,.T.);
#7114=EDGE_CURVE('',#10679,#9796,#8425,.T.);
#7115=EDGE_CURVE('',#10680,#10679,#5708,.T.);
#7116=EDGE_CURVE('',#9799,#10680,#8426,.T.);
#7117=EDGE_CURVE('',#9802,#9799,#8427,.T.);
#7118=EDGE_CURVE('',#9797,#9800,#8428,.T.);
#7119=EDGE_CURVE('',#10682,#9797,#8429,.T.);
#7120=EDGE_CURVE('',#10683,#10682,#5709,.T.);
#7121=EDGE_CURVE('',#9798,#10683,#8430,.T.);
#7122=EDGE_CURVE('',#10681,#9798,#8431,.T.);
#7123=EDGE_CURVE('',#9792,#9795,#8432,.T.);
#7124=EDGE_CURVE('',#9791,#9794,#8433,.T.);
#7125=EDGE_CURVE('',#9790,#9789,#8434,.T.);
#7126=EDGE_CURVE('',#10685,#10688,#8435,.T.);
#7127=EDGE_CURVE('',#10684,#10687,#8436,.T.);
#7128=EDGE_CURVE('',#9787,#9788,#8437,.T.);
#7129=EDGE_CURVE('',#9787,#9792,#8438,.T.);
#7130=EDGE_CURVE('',#10684,#9787,#8439,.T.);
#7131=EDGE_CURVE('',#10685,#10684,#5710,.T.);
#7132=EDGE_CURVE('',#9790,#10685,#8440,.T.);
#7133=EDGE_CURVE('',#9793,#9790,#8441,.T.);
#7134=EDGE_CURVE('',#9788,#9791,#8442,.T.);
#7135=EDGE_CURVE('',#10687,#9788,#8443,.T.);
#7136=EDGE_CURVE('',#10688,#10687,#5711,.T.);
#7137=EDGE_CURVE('',#9789,#10688,#8444,.T.);
#7138=EDGE_CURVE('',#10686,#9789,#8445,.T.);
#7139=EDGE_CURVE('',#9783,#9786,#8446,.T.);
#7140=EDGE_CURVE('',#9782,#9785,#8447,.T.);
#7141=EDGE_CURVE('',#9781,#9780,#8448,.T.);
#7142=EDGE_CURVE('',#10690,#10693,#8449,.T.);
#7143=EDGE_CURVE('',#10689,#10692,#8450,.T.);
#7144=EDGE_CURVE('',#9778,#9779,#8451,.T.);
#7145=EDGE_CURVE('',#9778,#9783,#8452,.T.);
#7146=EDGE_CURVE('',#10689,#9778,#8453,.T.);
#7147=EDGE_CURVE('',#10690,#10689,#5712,.T.);
#7148=EDGE_CURVE('',#9781,#10690,#8454,.T.);
#7149=EDGE_CURVE('',#9784,#9781,#8455,.T.);
#7150=EDGE_CURVE('',#9779,#9782,#8456,.T.);
#7151=EDGE_CURVE('',#10692,#9779,#8457,.T.);
#7152=EDGE_CURVE('',#10693,#10692,#5713,.T.);
#7153=EDGE_CURVE('',#9780,#10693,#8458,.T.);
#7154=EDGE_CURVE('',#10691,#9780,#8459,.T.);
#7155=EDGE_CURVE('',#9776,#9777,#8460,.T.);
#7156=EDGE_CURVE('',#10695,#10698,#8461,.T.);
#7157=EDGE_CURVE('',#10694,#10697,#8462,.T.);
#7158=EDGE_CURVE('',#9775,#9773,#8463,.T.);
#7159=EDGE_CURVE('',#10694,#9775,#8464,.T.);
#7160=EDGE_CURVE('',#10695,#10694,#5714,.T.);
#7161=EDGE_CURVE('',#10044,#10695,#8465,.T.);
#7162=EDGE_CURVE('',#9773,#9776,#8466,.T.);
#7163=EDGE_CURVE('',#10697,#9773,#8467,.T.);
#7164=EDGE_CURVE('',#10698,#10697,#5715,.T.);
#7165=EDGE_CURVE('',#9774,#10698,#8468,.T.);
#7166=EDGE_CURVE('',#10696,#9774,#8469,.T.);
#7167=LINE('',#14959,#8470);
#7168=LINE('',#14960,#8471);
#7169=LINE('',#14961,#8472);
#7170=LINE('',#14962,#8473);
#7171=LINE('',#14963,#8474);
#7172=LINE('',#14964,#8475);
#7173=LINE('',#14965,#8476);
#7174=LINE('',#14966,#8477);
#7175=LINE('',#14967,#8478);
#7176=LINE('',#14968,#8479);
#7177=LINE('',#14969,#8480);
#7178=LINE('',#14970,#8481);
#7179=LINE('',#14971,#8482);
#7180=LINE('',#14972,#8483);
#7181=LINE('',#14973,#8484);
#7182=LINE('',#14974,#8485);
#7183=LINE('',#14975,#8486);
#7184=LINE('',#14976,#8487);
#7185=LINE('',#14977,#8488);
#7186=LINE('',#14978,#8489);
#7187=LINE('',#14979,#8490);
#7188=LINE('',#14980,#8491);
#7189=LINE('',#14981,#8492);
#7190=LINE('',#14982,#8493);
#7191=LINE('',#14983,#8494);
#7192=LINE('',#14984,#8495);
#7193=LINE('',#14985,#8496);
#7194=LINE('',#14986,#8497);
#7195=LINE('',#14987,#8498);
#7196=LINE('',#14988,#8499);
#7197=LINE('',#14989,#8500);
#7198=LINE('',#14990,#8501);
#7199=LINE('',#14991,#8502);
#7200=LINE('',#14992,#8503);
#7201=LINE('',#14993,#8504);
#7202=LINE('',#14994,#8505);
#7203=LINE('',#14995,#8506);
#7204=LINE('',#14996,#8507);
#7205=LINE('',#14997,#8508);
#7206=LINE('',#14998,#8509);
#7207=LINE('',#14999,#8510);
#7208=LINE('',#15000,#8511);
#7209=LINE('',#15001,#8512);
#7210=LINE('',#15002,#8513);
#7211=LINE('',#15003,#8514);
#7212=LINE('',#15004,#8515);
#7213=LINE('',#15005,#8516);
#7214=LINE('',#15006,#8517);
#7215=LINE('',#15007,#8518);
#7216=LINE('',#15008,#8519);
#7217=LINE('',#15009,#8520);
#7218=LINE('',#15010,#8521);
#7219=LINE('',#15011,#8522);
#7220=LINE('',#15012,#8523);
#7221=LINE('',#15013,#8524);
#7222=LINE('',#15014,#8525);
#7223=LINE('',#15015,#8526);
#7224=LINE('',#15016,#8527);
#7225=LINE('',#15017,#8528);
#7226=LINE('',#15018,#8529);
#7227=LINE('',#15019,#8530);
#7228=LINE('',#15020,#8531);
#7229=LINE('',#15021,#8532);
#7230=LINE('',#15022,#8533);
#7231=LINE('',#15023,#8534);
#7232=LINE('',#15024,#8535);
#7233=LINE('',#15025,#8536);
#7234=LINE('',#15026,#8537);
#7235=LINE('',#15027,#8538);
#7236=LINE('',#15028,#8539);
#7237=LINE('',#15029,#8540);
#7238=LINE('',#15030,#8541);
#7239=LINE('',#15031,#8542);
#7240=LINE('',#15032,#8543);
#7241=LINE('',#15033,#8544);
#7242=LINE('',#15034,#8545);
#7243=LINE('',#15035,#8546);
#7244=LINE('',#15036,#8547);
#7245=LINE('',#15037,#8548);
#7246=LINE('',#15038,#8549);
#7247=LINE('',#15039,#8550);
#7248=LINE('',#15040,#8551);
#7249=LINE('',#15041,#8552);
#7250=LINE('',#15042,#8553);
#7251=LINE('',#15043,#8554);
#7252=LINE('',#15044,#8555);
#7253=LINE('',#15045,#8556);
#7254=LINE('',#15046,#8557);
#7255=LINE('',#15047,#8558);
#7256=LINE('',#15048,#8559);
#7257=LINE('',#15049,#8560);
#7258=LINE('',#15050,#8561);
#7259=LINE('',#15051,#8562);
#7260=LINE('',#15052,#8563);
#7261=LINE('',#15053,#8564);
#7262=LINE('',#15054,#8565);
#7263=LINE('',#15055,#8566);
#7264=LINE('',#15056,#8567);
#7265=LINE('',#15057,#8568);
#7266=LINE('',#15058,#8569);
#7267=LINE('',#15059,#8570);
#7268=LINE('',#15060,#8571);
#7269=LINE('',#15061,#8572);
#7270=LINE('',#15062,#8573);
#7271=LINE('',#15063,#8574);
#7272=LINE('',#15064,#8575);
#7273=LINE('',#15065,#8576);
#7274=LINE('',#15066,#8577);
#7275=LINE('',#15067,#8578);
#7276=LINE('',#15068,#8579);
#7277=LINE('',#15069,#8580);
#7278=LINE('',#15070,#8581);
#7279=LINE('',#15071,#8582);
#7280=LINE('',#15072,#8583);
#7281=LINE('',#15073,#8584);
#7282=LINE('',#15074,#8585);
#7283=LINE('',#15075,#8586);
#7284=LINE('',#15076,#8587);
#7285=LINE('',#15077,#8588);
#7286=LINE('',#15078,#8589);
#7287=LINE('',#15079,#8590);
#7288=LINE('',#15080,#8591);
#7289=LINE('',#15081,#8592);
#7290=LINE('',#15082,#8593);
#7291=LINE('',#15083,#8594);
#7292=LINE('',#15084,#8595);
#7293=LINE('',#15085,#8596);
#7294=LINE('',#15086,#8597);
#7295=LINE('',#15087,#8598);
#7296=LINE('',#15088,#8599);
#7297=LINE('',#15089,#8600);
#7298=LINE('',#15090,#8601);
#7299=LINE('',#15091,#8602);
#7300=LINE('',#15092,#8603);
#7301=LINE('',#15093,#8604);
#7302=LINE('',#15094,#8605);
#7303=LINE('',#15095,#8606);
#7304=LINE('',#15096,#8607);
#7305=LINE('',#15097,#8608);
#7306=LINE('',#15098,#8609);
#7307=LINE('',#15099,#8610);
#7308=LINE('',#15100,#8611);
#7309=LINE('',#15101,#8612);
#7310=LINE('',#15102,#8613);
#7311=LINE('',#15103,#8614);
#7312=LINE('',#15104,#8615);
#7313=LINE('',#15105,#8616);
#7314=LINE('',#15106,#8617);
#7315=LINE('',#15107,#8618);
#7316=LINE('',#15108,#8619);
#7317=LINE('',#15109,#8620);
#7318=LINE('',#15110,#8621);
#7319=LINE('',#15111,#8622);
#7320=LINE('',#15112,#8623);
#7321=LINE('',#15113,#8624);
#7322=LINE('',#15114,#8625);
#7323=LINE('',#15115,#8626);
#7324=LINE('',#15116,#8627);
#7325=LINE('',#15117,#8628);
#7326=LINE('',#15118,#8629);
#7327=LINE('',#15119,#8630);
#7328=LINE('',#15120,#8631);
#7329=LINE('',#15121,#8632);
#7330=LINE('',#15122,#8633);
#7331=LINE('',#15123,#8634);
#7332=LINE('',#15124,#8635);
#7333=LINE('',#15125,#8636);
#7334=LINE('',#15126,#8637);
#7335=LINE('',#15127,#8638);
#7336=LINE('',#15128,#8639);
#7337=LINE('',#15129,#8640);
#7338=LINE('',#15130,#8641);
#7339=LINE('',#15131,#8642);
#7340=LINE('',#15132,#8643);
#7341=LINE('',#15133,#8644);
#7342=LINE('',#15134,#8645);
#7343=LINE('',#15135,#8646);
#7344=LINE('',#15136,#8647);
#7345=LINE('',#15137,#8648);
#7346=LINE('',#15138,#8649);
#7347=LINE('',#15139,#8650);
#7348=LINE('',#15140,#8651);
#7349=LINE('',#15141,#8652);
#7350=LINE('',#15142,#8653);
#7351=LINE('',#15143,#8654);
#7352=LINE('',#15144,#8655);
#7353=LINE('',#15145,#8656);
#7354=LINE('',#15146,#8657);
#7355=LINE('',#15147,#8658);
#7356=LINE('',#15148,#8659);
#7357=LINE('',#15149,#8660);
#7358=LINE('',#15150,#8661);
#7359=LINE('',#15151,#8662);
#7360=LINE('',#15152,#8663);
#7361=LINE('',#15153,#8664);
#7362=LINE('',#15154,#8665);
#7363=LINE('',#15155,#8666);
#7364=LINE('',#15156,#8667);
#7365=LINE('',#15162,#8668);
#7366=LINE('',#15164,#8669);
#7367=LINE('',#15165,#8670);
#7368=LINE('',#15170,#8671);
#7369=LINE('',#15171,#8672);
#7370=LINE('',#15172,#8673);
#7371=LINE('',#15174,#8674);
#7372=LINE('',#15175,#8675);
#7373=LINE('',#15176,#8676);
#7374=LINE('',#15177,#8677);
#7375=LINE('',#15178,#8678);
#7376=LINE('',#15179,#8679);
#7377=LINE('',#15180,#8680);
#7378=LINE('',#15181,#8681);
#7379=LINE('',#15182,#8682);
#7380=LINE('',#15188,#8683);
#7381=LINE('',#15190,#8684);
#7382=LINE('',#15191,#8685);
#7383=LINE('',#15196,#8686);
#7384=LINE('',#15197,#8687);
#7385=LINE('',#15198,#8688);
#7386=LINE('',#15200,#8689);
#7387=LINE('',#15201,#8690);
#7388=LINE('',#15202,#8691);
#7389=LINE('',#15203,#8692);
#7390=LINE('',#15204,#8693);
#7391=LINE('',#15205,#8694);
#7392=LINE('',#15206,#8695);
#7393=LINE('',#15207,#8696);
#7394=LINE('',#15208,#8697);
#7395=LINE('',#15209,#8698);
#7396=LINE('',#15210,#8699);
#7397=LINE('',#15211,#8700);
#7398=LINE('',#15212,#8701);
#7399=LINE('',#15213,#8702);
#7400=LINE('',#15214,#8703);
#7401=LINE('',#15215,#8704);
#7402=LINE('',#15216,#8705);
#7403=LINE('',#15217,#8706);
#7404=LINE('',#15218,#8707);
#7405=LINE('',#15219,#8708);
#7406=LINE('',#15220,#8709);
#7407=LINE('',#15221,#8710);
#7408=LINE('',#15222,#8711);
#7409=LINE('',#15223,#8712);
#7410=LINE('',#15224,#8713);
#7411=LINE('',#15225,#8714);
#7412=LINE('',#15226,#8715);
#7413=LINE('',#15227,#8716);
#7414=LINE('',#15228,#8717);
#7415=LINE('',#15229,#8718);
#7416=LINE('',#15230,#8719);
#7417=LINE('',#15231,#8720);
#7418=LINE('',#15232,#8721);
#7419=LINE('',#15233,#8722);
#7420=LINE('',#15234,#8723);
#7421=LINE('',#15235,#8724);
#7422=LINE('',#15236,#8725);
#7423=LINE('',#15237,#8726);
#7424=LINE('',#15238,#8727);
#7425=LINE('',#15239,#8728);
#7426=LINE('',#15240,#8729);
#7427=LINE('',#15241,#8730);
#7428=LINE('',#15242,#8731);
#7429=LINE('',#15243,#8732);
#7430=LINE('',#15244,#8733);
#7431=LINE('',#15245,#8734);
#7432=LINE('',#15246,#8735);
#7433=LINE('',#15247,#8736);
#7434=LINE('',#15248,#8737);
#7435=LINE('',#15249,#8738);
#7436=LINE('',#15250,#8739);
#7437=LINE('',#15251,#8740);
#7438=LINE('',#15252,#8741);
#7439=LINE('',#15253,#8742);
#7440=LINE('',#15254,#8743);
#7441=LINE('',#15255,#8744);
#7442=LINE('',#15256,#8745);
#7443=LINE('',#15257,#8746);
#7444=LINE('',#15258,#8747);
#7445=LINE('',#15259,#8748);
#7446=LINE('',#15260,#8749);
#7447=LINE('',#15261,#8750);
#7448=LINE('',#15262,#8751);
#7449=LINE('',#15263,#8752);
#7450=LINE('',#15264,#8753);
#7451=LINE('',#15265,#8754);
#7452=LINE('',#15266,#8755);
#7453=LINE('',#15267,#8756);
#7454=LINE('',#15268,#8757);
#7455=LINE('',#15269,#8758);
#7456=LINE('',#15270,#8759);
#7457=LINE('',#15271,#8760);
#7458=LINE('',#15272,#8761);
#7459=LINE('',#15273,#8762);
#7460=LINE('',#15274,#8763);
#7461=LINE('',#15275,#8764);
#7462=LINE('',#15276,#8765);
#7463=LINE('',#15277,#8766);
#7464=LINE('',#15278,#8767);
#7465=LINE('',#15279,#8768);
#7466=LINE('',#15280,#8769);
#7467=LINE('',#15281,#8770);
#7468=LINE('',#15282,#8771);
#7469=LINE('',#15283,#8772);
#7470=LINE('',#15284,#8773);
#7471=LINE('',#15285,#8774);
#7472=LINE('',#15286,#8775);
#7473=LINE('',#15287,#8776);
#7474=LINE('',#15288,#8777);
#7475=LINE('',#15289,#8778);
#7476=LINE('',#15290,#8779);
#7477=LINE('',#15291,#8780);
#7478=LINE('',#15292,#8781);
#7479=LINE('',#15293,#8782);
#7480=LINE('',#15294,#8783);
#7481=LINE('',#15295,#8784);
#7482=LINE('',#15296,#8785);
#7483=LINE('',#15297,#8786);
#7484=LINE('',#15298,#8787);
#7485=LINE('',#15299,#8788);
#7486=LINE('',#15300,#8789);
#7487=LINE('',#15301,#8790);
#7488=LINE('',#15302,#8791);
#7489=LINE('',#15303,#8792);
#7490=LINE('',#15304,#8793);
#7491=LINE('',#15305,#8794);
#7492=LINE('',#15306,#8795);
#7493=LINE('',#15307,#8796);
#7494=LINE('',#15308,#8797);
#7495=LINE('',#15309,#8798);
#7496=LINE('',#15310,#8799);
#7497=LINE('',#15311,#8800);
#7498=LINE('',#15312,#8801);
#7499=LINE('',#15313,#8802);
#7500=LINE('',#15314,#8803);
#7501=LINE('',#15315,#8804);
#7502=LINE('',#15316,#8805);
#7503=LINE('',#15317,#8806);
#7504=LINE('',#15318,#8807);
#7505=LINE('',#15319,#8808);
#7506=LINE('',#15320,#8809);
#7507=LINE('',#15321,#8810);
#7508=LINE('',#15322,#8811);
#7509=LINE('',#15323,#8812);
#7510=LINE('',#15324,#8813);
#7511=LINE('',#15325,#8814);
#7512=LINE('',#15326,#8815);
#7513=LINE('',#15327,#8816);
#7514=LINE('',#15328,#8817);
#7515=LINE('',#15329,#8818);
#7516=LINE('',#15330,#8819);
#7517=LINE('',#15331,#8820);
#7518=LINE('',#15332,#8821);
#7519=LINE('',#15333,#8822);
#7520=LINE('',#15334,#8823);
#7521=LINE('',#15335,#8824);
#7522=LINE('',#15336,#8825);
#7523=LINE('',#15337,#8826);
#7524=LINE('',#15338,#8827);
#7525=LINE('',#15339,#8828);
#7526=LINE('',#15341,#8829);
#7527=LINE('',#15342,#8830);
#7528=LINE('',#15343,#8831);
#7529=LINE('',#15345,#8832);
#7530=LINE('',#15346,#8833);
#7531=LINE('',#15347,#8834);
#7532=LINE('',#15348,#8835);
#7533=LINE('',#15349,#8836);
#7534=LINE('',#15350,#8837);
#7535=LINE('',#15351,#8838);
#7536=LINE('',#15352,#8839);
#7537=LINE('',#15353,#8840);
#7538=LINE('',#15355,#8841);
#7539=LINE('',#15356,#8842);
#7540=LINE('',#15357,#8843);
#7541=LINE('',#15358,#8844);
#7542=LINE('',#15360,#8845);
#7543=LINE('',#15361,#8846);
#7544=LINE('',#15362,#8847);
#7545=LINE('',#15363,#8848);
#7546=LINE('',#15364,#8849);
#7547=LINE('',#15365,#8850);
#7548=LINE('',#15366,#8851);
#7549=LINE('',#15367,#8852);
#7550=LINE('',#15368,#8853);
#7551=LINE('',#15369,#8854);
#7552=LINE('',#15371,#8855);
#7553=LINE('',#15372,#8856);
#7554=LINE('',#15373,#8857);
#7555=LINE('',#15374,#8858);
#7556=LINE('',#15376,#8859);
#7557=LINE('',#15377,#8860);
#7558=LINE('',#15378,#8861);
#7559=LINE('',#15379,#8862);
#7560=LINE('',#15380,#8863);
#7561=LINE('',#15381,#8864);
#7562=LINE('',#15382,#8865);
#7563=LINE('',#15383,#8866);
#7564=LINE('',#15384,#8867);
#7565=LINE('',#15385,#8868);
#7566=LINE('',#15386,#8869);
#7567=LINE('',#15387,#8870);
#7568=LINE('',#15389,#8871);
#7569=LINE('',#15390,#8872);
#7570=LINE('',#15391,#8873);
#7571=LINE('',#15392,#8874);
#7572=LINE('',#15394,#8875);
#7573=LINE('',#15395,#8876);
#7574=LINE('',#15396,#8877);
#7575=LINE('',#15397,#8878);
#7576=LINE('',#15398,#8879);
#7577=LINE('',#15399,#8880);
#7578=LINE('',#15400,#8881);
#7579=LINE('',#15401,#8882);
#7580=LINE('',#15402,#8883);
#7581=LINE('',#15403,#8884);
#7582=LINE('',#15405,#8885);
#7583=LINE('',#15406,#8886);
#7584=LINE('',#15407,#8887);
#7585=LINE('',#15408,#8888);
#7586=LINE('',#15410,#8889);
#7587=LINE('',#15411,#8890);
#7588=LINE('',#15412,#8891);
#7589=LINE('',#15413,#8892);
#7590=LINE('',#15414,#8893);
#7591=LINE('',#15415,#8894);
#7592=LINE('',#15416,#8895);
#7593=LINE('',#15417,#8896);
#7594=LINE('',#15418,#8897);
#7595=LINE('',#15419,#8898);
#7596=LINE('',#15420,#8899);
#7597=LINE('',#15421,#8900);
#7598=LINE('',#15423,#8901);
#7599=LINE('',#15424,#8902);
#7600=LINE('',#15425,#8903);
#7601=LINE('',#15426,#8904);
#7602=LINE('',#15428,#8905);
#7603=LINE('',#15429,#8906);
#7604=LINE('',#15430,#8907);
#7605=LINE('',#15431,#8908);
#7606=LINE('',#15432,#8909);
#7607=LINE('',#15433,#8910);
#7608=LINE('',#15434,#8911);
#7609=LINE('',#15435,#8912);
#7610=LINE('',#15436,#8913);
#7611=LINE('',#15437,#8914);
#7612=LINE('',#15438,#8915);
#7613=LINE('',#15439,#8916);
#7614=LINE('',#15441,#8917);
#7615=LINE('',#15442,#8918);
#7616=LINE('',#15443,#8919);
#7617=LINE('',#15444,#8920);
#7618=LINE('',#15446,#8921);
#7619=LINE('',#15447,#8922);
#7620=LINE('',#15448,#8923);
#7621=LINE('',#15449,#8924);
#7622=LINE('',#15450,#8925);
#7623=LINE('',#15451,#8926);
#7624=LINE('',#15452,#8927);
#7625=LINE('',#15453,#8928);
#7626=LINE('',#15454,#8929);
#7627=LINE('',#15455,#8930);
#7628=LINE('',#15456,#8931);
#7629=LINE('',#15457,#8932);
#7630=LINE('',#15459,#8933);
#7631=LINE('',#15460,#8934);
#7632=LINE('',#15461,#8935);
#7633=LINE('',#15462,#8936);
#7634=LINE('',#15464,#8937);
#7635=LINE('',#15465,#8938);
#7636=LINE('',#15466,#8939);
#7637=LINE('',#15467,#8940);
#7638=LINE('',#15468,#8941);
#7639=LINE('',#15469,#8942);
#7640=LINE('',#15470,#8943);
#7641=LINE('',#15471,#8944);
#7642=LINE('',#15472,#8945);
#7643=LINE('',#15473,#8946);
#7644=LINE('',#15474,#8947);
#7645=LINE('',#15475,#8948);
#7646=LINE('',#15477,#8949);
#7647=LINE('',#15478,#8950);
#7648=LINE('',#15479,#8951);
#7649=LINE('',#15480,#8952);
#7650=LINE('',#15482,#8953);
#7651=LINE('',#15483,#8954);
#7652=LINE('',#15484,#8955);
#7653=LINE('',#15485,#8956);
#7654=LINE('',#15486,#8957);
#7655=LINE('',#15487,#8958);
#7656=LINE('',#15488,#8959);
#7657=LINE('',#15489,#8960);
#7658=LINE('',#15490,#8961);
#7659=LINE('',#15491,#8962);
#7660=LINE('',#15492,#8963);
#7661=LINE('',#15493,#8964);
#7662=LINE('',#15495,#8965);
#7663=LINE('',#15496,#8966);
#7664=LINE('',#15497,#8967);
#7665=LINE('',#15498,#8968);
#7666=LINE('',#15500,#8969);
#7667=LINE('',#15501,#8970);
#7668=LINE('',#15502,#8971);
#7669=LINE('',#15503,#8972);
#7670=LINE('',#15504,#8973);
#7671=LINE('',#15505,#8974);
#7672=LINE('',#15506,#8975);
#7673=LINE('',#15507,#8976);
#7674=LINE('',#15508,#8977);
#7675=LINE('',#15509,#8978);
#7676=LINE('',#15510,#8979);
#7677=LINE('',#15511,#8980);
#7678=LINE('',#15513,#8981);
#7679=LINE('',#15514,#8982);
#7680=LINE('',#15515,#8983);
#7681=LINE('',#15516,#8984);
#7682=LINE('',#15518,#8985);
#7683=LINE('',#15519,#8986);
#7684=LINE('',#15520,#8987);
#7685=LINE('',#15521,#8988);
#7686=LINE('',#15522,#8989);
#7687=LINE('',#15523,#8990);
#7688=LINE('',#15524,#8991);
#7689=LINE('',#15525,#8992);
#7690=LINE('',#15526,#8993);
#7691=LINE('',#15527,#8994);
#7692=LINE('',#15529,#8995);
#7693=LINE('',#15530,#8996);
#7694=LINE('',#15531,#8997);
#7695=LINE('',#15532,#8998);
#7696=LINE('',#15534,#8999);
#7697=LINE('',#15535,#9000);
#7698=LINE('',#15536,#9001);
#7699=LINE('',#15537,#9002);
#7700=LINE('',#15538,#9003);
#7701=LINE('',#15539,#9004);
#7702=LINE('',#15540,#9005);
#7703=LINE('',#15541,#9006);
#7704=LINE('',#15542,#9007);
#7705=LINE('',#15543,#9008);
#7706=LINE('',#15544,#9009);
#7707=LINE('',#15545,#9010);
#7708=LINE('',#15547,#9011);
#7709=LINE('',#15548,#9012);
#7710=LINE('',#15549,#9013);
#7711=LINE('',#15550,#9014);
#7712=LINE('',#15552,#9015);
#7713=LINE('',#15553,#9016);
#7714=LINE('',#15554,#9017);
#7715=LINE('',#15555,#9018);
#7716=LINE('',#15556,#9019);
#7717=LINE('',#15557,#9020);
#7718=LINE('',#15558,#9021);
#7719=LINE('',#15559,#9022);
#7720=LINE('',#15560,#9023);
#7721=LINE('',#15561,#9024);
#7722=LINE('',#15562,#9025);
#7723=LINE('',#15563,#9026);
#7724=LINE('',#15565,#9027);
#7725=LINE('',#15566,#9028);
#7726=LINE('',#15567,#9029);
#7727=LINE('',#15568,#9030);
#7728=LINE('',#15570,#9031);
#7729=LINE('',#15571,#9032);
#7730=LINE('',#15572,#9033);
#7731=LINE('',#15573,#9034);
#7732=LINE('',#15574,#9035);
#7733=LINE('',#15575,#9036);
#7734=LINE('',#15576,#9037);
#7735=LINE('',#15577,#9038);
#7736=LINE('',#15578,#9039);
#7737=LINE('',#15579,#9040);
#7738=LINE('',#15580,#9041);
#7739=LINE('',#15581,#9042);
#7740=LINE('',#15583,#9043);
#7741=LINE('',#15584,#9044);
#7742=LINE('',#15585,#9045);
#7743=LINE('',#15586,#9046);
#7744=LINE('',#15588,#9047);
#7745=LINE('',#15589,#9048);
#7746=LINE('',#15590,#9049);
#7747=LINE('',#15591,#9050);
#7748=LINE('',#15592,#9051);
#7749=LINE('',#15593,#9052);
#7750=LINE('',#15594,#9053);
#7751=LINE('',#15595,#9054);
#7752=LINE('',#15596,#9055);
#7753=LINE('',#15597,#9056);
#7754=LINE('',#15598,#9057);
#7755=LINE('',#15599,#9058);
#7756=LINE('',#15601,#9059);
#7757=LINE('',#15602,#9060);
#7758=LINE('',#15603,#9061);
#7759=LINE('',#15604,#9062);
#7760=LINE('',#15606,#9063);
#7761=LINE('',#15607,#9064);
#7762=LINE('',#15608,#9065);
#7763=LINE('',#15609,#9066);
#7764=LINE('',#15610,#9067);
#7765=LINE('',#15611,#9068);
#7766=LINE('',#15612,#9069);
#7767=LINE('',#15613,#9070);
#7768=LINE('',#15614,#9071);
#7769=LINE('',#15615,#9072);
#7770=LINE('',#15616,#9073);
#7771=LINE('',#15617,#9074);
#7772=LINE('',#15619,#9075);
#7773=LINE('',#15620,#9076);
#7774=LINE('',#15621,#9077);
#7775=LINE('',#15622,#9078);
#7776=LINE('',#15624,#9079);
#7777=LINE('',#15625,#9080);
#7778=LINE('',#15626,#9081);
#7779=LINE('',#15627,#9082);
#7780=LINE('',#15628,#9083);
#7781=LINE('',#15629,#9084);
#7782=LINE('',#15630,#9085);
#7783=LINE('',#15631,#9086);
#7784=LINE('',#15632,#9087);
#7785=LINE('',#15633,#9088);
#7786=LINE('',#15634,#9089);
#7787=LINE('',#15635,#9090);
#7788=LINE('',#15637,#9091);
#7789=LINE('',#15638,#9092);
#7790=LINE('',#15639,#9093);
#7791=LINE('',#15640,#9094);
#7792=LINE('',#15642,#9095);
#7793=LINE('',#15643,#9096);
#7794=LINE('',#15644,#9097);
#7795=LINE('',#15645,#9098);
#7796=LINE('',#15646,#9099);
#7797=LINE('',#15647,#9100);
#7798=LINE('',#15648,#9101);
#7799=LINE('',#15649,#9102);
#7800=LINE('',#15650,#9103);
#7801=LINE('',#15651,#9104);
#7802=LINE('',#15653,#9105);
#7803=LINE('',#15654,#9106);
#7804=LINE('',#15655,#9107);
#7805=LINE('',#15656,#9108);
#7806=LINE('',#15658,#9109);
#7807=LINE('',#15659,#9110);
#7808=LINE('',#15660,#9111);
#7809=LINE('',#15661,#9112);
#7810=LINE('',#15662,#9113);
#7811=LINE('',#15663,#9114);
#7812=LINE('',#15664,#9115);
#7813=LINE('',#15665,#9116);
#7814=LINE('',#15666,#9117);
#7815=LINE('',#15667,#9118);
#7816=LINE('',#15668,#9119);
#7817=LINE('',#15669,#9120);
#7818=LINE('',#15671,#9121);
#7819=LINE('',#15672,#9122);
#7820=LINE('',#15673,#9123);
#7821=LINE('',#15674,#9124);
#7822=LINE('',#15676,#9125);
#7823=LINE('',#15677,#9126);
#7824=LINE('',#15678,#9127);
#7825=LINE('',#15679,#9128);
#7826=LINE('',#15680,#9129);
#7827=LINE('',#15681,#9130);
#7828=LINE('',#15682,#9131);
#7829=LINE('',#15683,#9132);
#7830=LINE('',#15684,#9133);
#7831=LINE('',#15685,#9134);
#7832=LINE('',#15686,#9135);
#7833=LINE('',#15687,#9136);
#7834=LINE('',#15689,#9137);
#7835=LINE('',#15690,#9138);
#7836=LINE('',#15691,#9139);
#7837=LINE('',#15692,#9140);
#7838=LINE('',#15694,#9141);
#7839=LINE('',#15695,#9142);
#7840=LINE('',#15696,#9143);
#7841=LINE('',#15697,#9144);
#7842=LINE('',#15698,#9145);
#7843=LINE('',#15699,#9146);
#7844=LINE('',#15700,#9147);
#7845=LINE('',#15701,#9148);
#7846=LINE('',#15702,#9149);
#7847=LINE('',#15703,#9150);
#7848=LINE('',#15704,#9151);
#7849=LINE('',#15705,#9152);
#7850=LINE('',#15707,#9153);
#7851=LINE('',#15708,#9154);
#7852=LINE('',#15709,#9155);
#7853=LINE('',#15710,#9156);
#7854=LINE('',#15712,#9157);
#7855=LINE('',#15713,#9158);
#7856=LINE('',#15714,#9159);
#7857=LINE('',#15715,#9160);
#7858=LINE('',#15716,#9161);
#7859=LINE('',#15717,#9162);
#7860=LINE('',#15718,#9163);
#7861=LINE('',#15719,#9164);
#7862=LINE('',#15720,#9165);
#7863=LINE('',#15721,#9166);
#7864=LINE('',#15722,#9167);
#7865=LINE('',#15723,#9168);
#7866=LINE('',#15725,#9169);
#7867=LINE('',#15726,#9170);
#7868=LINE('',#15727,#9171);
#7869=LINE('',#15728,#9172);
#7870=LINE('',#15730,#9173);
#7871=LINE('',#15731,#9174);
#7872=LINE('',#15732,#9175);
#7873=LINE('',#15733,#9176);
#7874=LINE('',#15734,#9177);
#7875=LINE('',#15735,#9178);
#7876=LINE('',#15736,#9179);
#7877=LINE('',#15737,#9180);
#7878=LINE('',#15738,#9181);
#7879=LINE('',#15739,#9182);
#7880=LINE('',#15740,#9183);
#7881=LINE('',#15741,#9184);
#7882=LINE('',#15743,#9185);
#7883=LINE('',#15744,#9186);
#7884=LINE('',#15745,#9187);
#7885=LINE('',#15746,#9188);
#7886=LINE('',#15748,#9189);
#7887=LINE('',#15749,#9190);
#7888=LINE('',#15750,#9191);
#7889=LINE('',#15751,#9192);
#7890=LINE('',#15752,#9193);
#7891=LINE('',#15753,#9194);
#7892=LINE('',#15754,#9195);
#7893=LINE('',#15755,#9196);
#7894=LINE('',#15756,#9197);
#7895=LINE('',#15757,#9198);
#7896=LINE('',#15758,#9199);
#7897=LINE('',#15759,#9200);
#7898=LINE('',#15761,#9201);
#7899=LINE('',#15762,#9202);
#7900=LINE('',#15763,#9203);
#7901=LINE('',#15764,#9204);
#7902=LINE('',#15766,#9205);
#7903=LINE('',#15767,#9206);
#7904=LINE('',#15768,#9207);
#7905=LINE('',#15769,#9208);
#7906=LINE('',#15770,#9209);
#7907=LINE('',#15771,#9210);
#7908=LINE('',#15772,#9211);
#7909=LINE('',#15773,#9212);
#7910=LINE('',#15774,#9213);
#7911=LINE('',#15775,#9214);
#7912=LINE('',#15777,#9215);
#7913=LINE('',#15778,#9216);
#7914=LINE('',#15779,#9217);
#7915=LINE('',#15780,#9218);
#7916=LINE('',#15782,#9219);
#7917=LINE('',#15783,#9220);
#7918=LINE('',#15784,#9221);
#7919=LINE('',#15785,#9222);
#7920=LINE('',#15786,#9223);
#7921=LINE('',#15787,#9224);
#7922=LINE('',#15788,#9225);
#7923=LINE('',#15789,#9226);
#7924=LINE('',#15790,#9227);
#7925=LINE('',#15791,#9228);
#7926=LINE('',#15792,#9229);
#7927=LINE('',#15793,#9230);
#7928=LINE('',#15795,#9231);
#7929=LINE('',#15796,#9232);
#7930=LINE('',#15797,#9233);
#7931=LINE('',#15798,#9234);
#7932=LINE('',#15800,#9235);
#7933=LINE('',#15801,#9236);
#7934=LINE('',#15802,#9237);
#7935=LINE('',#15803,#9238);
#7936=LINE('',#15804,#9239);
#7937=LINE('',#15805,#9240);
#7938=LINE('',#15806,#9241);
#7939=LINE('',#15807,#9242);
#7940=LINE('',#15808,#9243);
#7941=LINE('',#15809,#9244);
#7942=LINE('',#15810,#9245);
#7943=LINE('',#15811,#9246);
#7944=LINE('',#15813,#9247);
#7945=LINE('',#15814,#9248);
#7946=LINE('',#15815,#9249);
#7947=LINE('',#15816,#9250);
#7948=LINE('',#15818,#9251);
#7949=LINE('',#15819,#9252);
#7950=LINE('',#15820,#9253);
#7951=LINE('',#15821,#9254);
#7952=LINE('',#15822,#9255);
#7953=LINE('',#15823,#9256);
#7954=LINE('',#15824,#9257);
#7955=LINE('',#15825,#9258);
#7956=LINE('',#15826,#9259);
#7957=LINE('',#15827,#9260);
#7958=LINE('',#15828,#9261);
#7959=LINE('',#15829,#9262);
#7960=LINE('',#15831,#9263);
#7961=LINE('',#15832,#9264);
#7962=LINE('',#15833,#9265);
#7963=LINE('',#15834,#9266);
#7964=LINE('',#15836,#9267);
#7965=LINE('',#15837,#9268);
#7966=LINE('',#15838,#9269);
#7967=LINE('',#15839,#9270);
#7968=LINE('',#15840,#9271);
#7969=LINE('',#15841,#9272);
#7970=LINE('',#15842,#9273);
#7971=LINE('',#15843,#9274);
#7972=LINE('',#15844,#9275);
#7973=LINE('',#15845,#9276);
#7974=LINE('',#15846,#9277);
#7975=LINE('',#15847,#9278);
#7976=LINE('',#15849,#9279);
#7977=LINE('',#15850,#9280);
#7978=LINE('',#15851,#9281);
#7979=LINE('',#15852,#9282);
#7980=LINE('',#15854,#9283);
#7981=LINE('',#15855,#9284);
#7982=LINE('',#15856,#9285);
#7983=LINE('',#15857,#9286);
#7984=LINE('',#15858,#9287);
#7985=LINE('',#15859,#9288);
#7986=LINE('',#15860,#9289);
#7987=LINE('',#15861,#9290);
#7988=LINE('',#15862,#9291);
#7989=LINE('',#15863,#9292);
#7990=LINE('',#15864,#9293);
#7991=LINE('',#15865,#9294);
#7992=LINE('',#15867,#9295);
#7993=LINE('',#15868,#9296);
#7994=LINE('',#15869,#9297);
#7995=LINE('',#15870,#9298);
#7996=LINE('',#15872,#9299);
#7997=LINE('',#15873,#9300);
#7998=LINE('',#15874,#9301);
#7999=LINE('',#15875,#9302);
#8000=LINE('',#15876,#9303);
#8001=LINE('',#15877,#9304);
#8002=LINE('',#15878,#9305);
#8003=LINE('',#15879,#9306);
#8004=LINE('',#15880,#9307);
#8005=LINE('',#15881,#9308);
#8006=LINE('',#15882,#9309);
#8007=LINE('',#15883,#9310);
#8008=LINE('',#15885,#9311);
#8009=LINE('',#15886,#9312);
#8010=LINE('',#15887,#9313);
#8011=LINE('',#15888,#9314);
#8012=LINE('',#15890,#9315);
#8013=LINE('',#15891,#9316);
#8014=LINE('',#15892,#9317);
#8015=LINE('',#15893,#9318);
#8016=LINE('',#15894,#9319);
#8017=LINE('',#15895,#9320);
#8018=LINE('',#15896,#9321);
#8019=LINE('',#15897,#9322);
#8020=LINE('',#15898,#9323);
#8021=LINE('',#15899,#9324);
#8022=LINE('',#15901,#9325);
#8023=LINE('',#15902,#9326);
#8024=LINE('',#15903,#9327);
#8025=LINE('',#15904,#9328);
#8026=LINE('',#15906,#9329);
#8027=LINE('',#15907,#9330);
#8028=LINE('',#15908,#9331);
#8029=LINE('',#15909,#9332);
#8030=LINE('',#15910,#9333);
#8031=LINE('',#15911,#9334);
#8032=LINE('',#15912,#9335);
#8033=LINE('',#15913,#9336);
#8034=LINE('',#15914,#9337);
#8035=LINE('',#15915,#9338);
#8036=LINE('',#15916,#9339);
#8037=LINE('',#15917,#9340);
#8038=LINE('',#15919,#9341);
#8039=LINE('',#15920,#9342);
#8040=LINE('',#15921,#9343);
#8041=LINE('',#15922,#9344);
#8042=LINE('',#15924,#9345);
#8043=LINE('',#15925,#9346);
#8044=LINE('',#15926,#9347);
#8045=LINE('',#15927,#9348);
#8046=LINE('',#15928,#9349);
#8047=LINE('',#15929,#9350);
#8048=LINE('',#15930,#9351);
#8049=LINE('',#15931,#9352);
#8050=LINE('',#15932,#9353);
#8051=LINE('',#15933,#9354);
#8052=LINE('',#15934,#9355);
#8053=LINE('',#15935,#9356);
#8054=LINE('',#15937,#9357);
#8055=LINE('',#15938,#9358);
#8056=LINE('',#15939,#9359);
#8057=LINE('',#15940,#9360);
#8058=LINE('',#15942,#9361);
#8059=LINE('',#15943,#9362);
#8060=LINE('',#15944,#9363);
#8061=LINE('',#15945,#9364);
#8062=LINE('',#15946,#9365);
#8063=LINE('',#15947,#9366);
#8064=LINE('',#15948,#9367);
#8065=LINE('',#15949,#9368);
#8066=LINE('',#15950,#9369);
#8067=LINE('',#15951,#9370);
#8068=LINE('',#15952,#9371);
#8069=LINE('',#15953,#9372);
#8070=LINE('',#15955,#9373);
#8071=LINE('',#15956,#9374);
#8072=LINE('',#15957,#9375);
#8073=LINE('',#15958,#9376);
#8074=LINE('',#15960,#9377);
#8075=LINE('',#15961,#9378);
#8076=LINE('',#15962,#9379);
#8077=LINE('',#15963,#9380);
#8078=LINE('',#15964,#9381);
#8079=LINE('',#15965,#9382);
#8080=LINE('',#15966,#9383);
#8081=LINE('',#15967,#9384);
#8082=LINE('',#15968,#9385);
#8083=LINE('',#15969,#9386);
#8084=LINE('',#15970,#9387);
#8085=LINE('',#15971,#9388);
#8086=LINE('',#15973,#9389);
#8087=LINE('',#15974,#9390);
#8088=LINE('',#15975,#9391);
#8089=LINE('',#15976,#9392);
#8090=LINE('',#15978,#9393);
#8091=LINE('',#15979,#9394);
#8092=LINE('',#15980,#9395);
#8093=LINE('',#15981,#9396);
#8094=LINE('',#15982,#9397);
#8095=LINE('',#15983,#9398);
#8096=LINE('',#15984,#9399);
#8097=LINE('',#15985,#9400);
#8098=LINE('',#15986,#9401);
#8099=LINE('',#15987,#9402);
#8100=LINE('',#15989,#9403);
#8101=LINE('',#15990,#9404);
#8102=LINE('',#15991,#9405);
#8103=LINE('',#15992,#9406);
#8104=LINE('',#15994,#9407);
#8105=LINE('',#15995,#9408);
#8106=LINE('',#15996,#9409);
#8107=LINE('',#15997,#9410);
#8108=LINE('',#15998,#9411);
#8109=LINE('',#15999,#9412);
#8110=LINE('',#16000,#9413);
#8111=LINE('',#16001,#9414);
#8112=LINE('',#16002,#9415);
#8113=LINE('',#16003,#9416);
#8114=LINE('',#16004,#9417);
#8115=LINE('',#16005,#9418);
#8116=LINE('',#16007,#9419);
#8117=LINE('',#16008,#9420);
#8118=LINE('',#16009,#9421);
#8119=LINE('',#16010,#9422);
#8120=LINE('',#16012,#9423);
#8121=LINE('',#16013,#9424);
#8122=LINE('',#16014,#9425);
#8123=LINE('',#16015,#9426);
#8124=LINE('',#16016,#9427);
#8125=LINE('',#16017,#9428);
#8126=LINE('',#16018,#9429);
#8127=LINE('',#16019,#9430);
#8128=LINE('',#16020,#9431);
#8129=LINE('',#16021,#9432);
#8130=LINE('',#16022,#9433);
#8131=LINE('',#16023,#9434);
#8132=LINE('',#16025,#9435);
#8133=LINE('',#16026,#9436);
#8134=LINE('',#16027,#9437);
#8135=LINE('',#16028,#9438);
#8136=LINE('',#16030,#9439);
#8137=LINE('',#16031,#9440);
#8138=LINE('',#16032,#9441);
#8139=LINE('',#16033,#9442);
#8140=LINE('',#16034,#9443);
#8141=LINE('',#16035,#9444);
#8142=LINE('',#16036,#9445);
#8143=LINE('',#16037,#9446);
#8144=LINE('',#16038,#9447);
#8145=LINE('',#16039,#9448);
#8146=LINE('',#16041,#9449);
#8147=LINE('',#16042,#9450);
#8148=LINE('',#16043,#9451);
#8149=LINE('',#16044,#9452);
#8150=LINE('',#16046,#9453);
#8151=LINE('',#16047,#9454);
#8152=LINE('',#16048,#9455);
#8153=LINE('',#16049,#9456);
#8154=LINE('',#16050,#9457);
#8155=LINE('',#16051,#9458);
#8156=LINE('',#16052,#9459);
#8157=LINE('',#16053,#9460);
#8158=LINE('',#16054,#9461);
#8159=LINE('',#16055,#9462);
#8160=LINE('',#16056,#9463);
#8161=LINE('',#16057,#9464);
#8162=LINE('',#16059,#9465);
#8163=LINE('',#16060,#9466);
#8164=LINE('',#16061,#9467);
#8165=LINE('',#16062,#9468);
#8166=LINE('',#16064,#9469);
#8167=LINE('',#16065,#9470);
#8168=LINE('',#16066,#9471);
#8169=LINE('',#16067,#9472);
#8170=LINE('',#16068,#9473);
#8171=LINE('',#16069,#9474);
#8172=LINE('',#16070,#9475);
#8173=LINE('',#16071,#9476);
#8174=LINE('',#16072,#9477);
#8175=LINE('',#16073,#9478);
#8176=LINE('',#16074,#9479);
#8177=LINE('',#16075,#9480);
#8178=LINE('',#16077,#9481);
#8179=LINE('',#16078,#9482);
#8180=LINE('',#16079,#9483);
#8181=LINE('',#16080,#9484);
#8182=LINE('',#16082,#9485);
#8183=LINE('',#16083,#9486);
#8184=LINE('',#16084,#9487);
#8185=LINE('',#16085,#9488);
#8186=LINE('',#16086,#9489);
#8187=LINE('',#16087,#9490);
#8188=LINE('',#16088,#9491);
#8189=LINE('',#16089,#9492);
#8190=LINE('',#16090,#9493);
#8191=LINE('',#16091,#9494);
#8192=LINE('',#16093,#9495);
#8193=LINE('',#16094,#9496);
#8194=LINE('',#16095,#9497);
#8195=LINE('',#16096,#9498);
#8196=LINE('',#16098,#9499);
#8197=LINE('',#16099,#9500);
#8198=LINE('',#16100,#9501);
#8199=LINE('',#16101,#9502);
#8200=LINE('',#16102,#9503);
#8201=LINE('',#16103,#9504);
#8202=LINE('',#16104,#9505);
#8203=LINE('',#16105,#9506);
#8204=LINE('',#16106,#9507);
#8205=LINE('',#16107,#9508);
#8206=LINE('',#16108,#9509);
#8207=LINE('',#16109,#9510);
#8208=LINE('',#16111,#9511);
#8209=LINE('',#16112,#9512);
#8210=LINE('',#16113,#9513);
#8211=LINE('',#16114,#9514);
#8212=LINE('',#16116,#9515);
#8213=LINE('',#16117,#9516);
#8214=LINE('',#16118,#9517);
#8215=LINE('',#16119,#9518);
#8216=LINE('',#16120,#9519);
#8217=LINE('',#16121,#9520);
#8218=LINE('',#16122,#9521);
#8219=LINE('',#16123,#9522);
#8220=LINE('',#16124,#9523);
#8221=LINE('',#16125,#9524);
#8222=LINE('',#16126,#9525);
#8223=LINE('',#16127,#9526);
#8224=LINE('',#16129,#9527);
#8225=LINE('',#16130,#9528);
#8226=LINE('',#16131,#9529);
#8227=LINE('',#16132,#9530);
#8228=LINE('',#16134,#9531);
#8229=LINE('',#16135,#9532);
#8230=LINE('',#16136,#9533);
#8231=LINE('',#16137,#9534);
#8232=LINE('',#16138,#9535);
#8233=LINE('',#16139,#9536);
#8234=LINE('',#16140,#9537);
#8235=LINE('',#16141,#9538);
#8236=LINE('',#16142,#9539);
#8237=LINE('',#16143,#9540);
#8238=LINE('',#16145,#9541);
#8239=LINE('',#16146,#9542);
#8240=LINE('',#16147,#9543);
#8241=LINE('',#16148,#9544);
#8242=LINE('',#16150,#9545);
#8243=LINE('',#16151,#9546);
#8244=LINE('',#16152,#9547);
#8245=LINE('',#16153,#9548);
#8246=LINE('',#16154,#9549);
#8247=LINE('',#16155,#9550);
#8248=LINE('',#16156,#9551);
#8249=LINE('',#16157,#9552);
#8250=LINE('',#16158,#9553);
#8251=LINE('',#16159,#9554);
#8252=LINE('',#16160,#9555);
#8253=LINE('',#16161,#9556);
#8254=LINE('',#16163,#9557);
#8255=LINE('',#16164,#9558);
#8256=LINE('',#16165,#9559);
#8257=LINE('',#16166,#9560);
#8258=LINE('',#16168,#9561);
#8259=LINE('',#16169,#9562);
#8260=LINE('',#16170,#9563);
#8261=LINE('',#16171,#9564);
#8262=LINE('',#16172,#9565);
#8263=LINE('',#16173,#9566);
#8264=LINE('',#16174,#9567);
#8265=LINE('',#16175,#9568);
#8266=LINE('',#16176,#9569);
#8267=LINE('',#16177,#9570);
#8268=LINE('',#16178,#9571);
#8269=LINE('',#16179,#9572);
#8270=LINE('',#16181,#9573);
#8271=LINE('',#16182,#9574);
#8272=LINE('',#16183,#9575);
#8273=LINE('',#16184,#9576);
#8274=LINE('',#16186,#9577);
#8275=LINE('',#16187,#9578);
#8276=LINE('',#16188,#9579);
#8277=LINE('',#16189,#9580);
#8278=LINE('',#16190,#9581);
#8279=LINE('',#16191,#9582);
#8280=LINE('',#16192,#9583);
#8281=LINE('',#16193,#9584);
#8282=LINE('',#16194,#9585);
#8283=LINE('',#16195,#9586);
#8284=LINE('',#16197,#9587);
#8285=LINE('',#16198,#9588);
#8286=LINE('',#16199,#9589);
#8287=LINE('',#16200,#9590);
#8288=LINE('',#16202,#9591);
#8289=LINE('',#16203,#9592);
#8290=LINE('',#16204,#9593);
#8291=LINE('',#16205,#9594);
#8292=LINE('',#16206,#9595);
#8293=LINE('',#16207,#9596);
#8294=LINE('',#16208,#9597);
#8295=LINE('',#16209,#9598);
#8296=LINE('',#16210,#9599);
#8297=LINE('',#16211,#9600);
#8298=LINE('',#16212,#9601);
#8299=LINE('',#16213,#9602);
#8300=LINE('',#16215,#9603);
#8301=LINE('',#16216,#9604);
#8302=LINE('',#16217,#9605);
#8303=LINE('',#16218,#9606);
#8304=LINE('',#16220,#9607);
#8305=LINE('',#16221,#9608);
#8306=LINE('',#16222,#9609);
#8307=LINE('',#16223,#9610);
#8308=LINE('',#16224,#9611);
#8309=LINE('',#16225,#9612);
#8310=LINE('',#16226,#9613);
#8311=LINE('',#16227,#9614);
#8312=LINE('',#16228,#9615);
#8313=LINE('',#16229,#9616);
#8314=LINE('',#16231,#9617);
#8315=LINE('',#16232,#9618);
#8316=LINE('',#16233,#9619);
#8317=LINE('',#16234,#9620);
#8318=LINE('',#16236,#9621);
#8319=LINE('',#16237,#9622);
#8320=LINE('',#16238,#9623);
#8321=LINE('',#16239,#9624);
#8322=LINE('',#16240,#9625);
#8323=LINE('',#16241,#9626);
#8324=LINE('',#16242,#9627);
#8325=LINE('',#16243,#9628);
#8326=LINE('',#16244,#9629);
#8327=LINE('',#16245,#9630);
#8328=LINE('',#16247,#9631);
#8329=LINE('',#16248,#9632);
#8330=LINE('',#16249,#9633);
#8331=LINE('',#16250,#9634);
#8332=LINE('',#16252,#9635);
#8333=LINE('',#16253,#9636);
#8334=LINE('',#16254,#9637);
#8335=LINE('',#16255,#9638);
#8336=LINE('',#16256,#9639);
#8337=LINE('',#16257,#9640);
#8338=LINE('',#16258,#9641);
#8339=LINE('',#16259,#9642);
#8340=LINE('',#16260,#9643);
#8341=LINE('',#16261,#9644);
#8342=LINE('',#16263,#9645);
#8343=LINE('',#16264,#9646);
#8344=LINE('',#16265,#9647);
#8345=LINE('',#16266,#9648);
#8346=LINE('',#16268,#9649);
#8347=LINE('',#16269,#9650);
#8348=LINE('',#16270,#9651);
#8349=LINE('',#16271,#9652);
#8350=LINE('',#16272,#9653);
#8351=LINE('',#16273,#9654);
#8352=LINE('',#16274,#9655);
#8353=LINE('',#16275,#9656);
#8354=LINE('',#16276,#9657);
#8355=LINE('',#16277,#9658);
#8356=LINE('',#16279,#9659);
#8357=LINE('',#16280,#9660);
#8358=LINE('',#16281,#9661);
#8359=LINE('',#16282,#9662);
#8360=LINE('',#16284,#9663);
#8361=LINE('',#16285,#9664);
#8362=LINE('',#16286,#9665);
#8363=LINE('',#16287,#9666);
#8364=LINE('',#16288,#9667);
#8365=LINE('',#16289,#9668);
#8366=LINE('',#16290,#9669);
#8367=LINE('',#16291,#9670);
#8368=LINE('',#16292,#9671);
#8369=LINE('',#16293,#9672);
#8370=LINE('',#16295,#9673);
#8371=LINE('',#16296,#9674);
#8372=LINE('',#16297,#9675);
#8373=LINE('',#16298,#9676);
#8374=LINE('',#16300,#9677);
#8375=LINE('',#16301,#9678);
#8376=LINE('',#16302,#9679);
#8377=LINE('',#16303,#9680);
#8378=LINE('',#16304,#9681);
#8379=LINE('',#16305,#9682);
#8380=LINE('',#16306,#9683);
#8381=LINE('',#16307,#9684);
#8382=LINE('',#16308,#9685);
#8383=LINE('',#16309,#9686);
#8384=LINE('',#16311,#9687);
#8385=LINE('',#16312,#9688);
#8386=LINE('',#16313,#9689);
#8387=LINE('',#16314,#9690);
#8388=LINE('',#16316,#9691);
#8389=LINE('',#16317,#9692);
#8390=LINE('',#16318,#9693);
#8391=LINE('',#16319,#9694);
#8392=LINE('',#16320,#9695);
#8393=LINE('',#16321,#9696);
#8394=LINE('',#16322,#9697);
#8395=LINE('',#16323,#9698);
#8396=LINE('',#16324,#9699);
#8397=LINE('',#16325,#9700);
#8398=LINE('',#16327,#9701);
#8399=LINE('',#16328,#9702);
#8400=LINE('',#16329,#9703);
#8401=LINE('',#16330,#9704);
#8402=LINE('',#16332,#9705);
#8403=LINE('',#16333,#9706);
#8404=LINE('',#16334,#9707);
#8405=LINE('',#16335,#9708);
#8406=LINE('',#16336,#9709);
#8407=LINE('',#16337,#9710);
#8408=LINE('',#16338,#9711);
#8409=LINE('',#16339,#9712);
#8410=LINE('',#16340,#9713);
#8411=LINE('',#16341,#9714);
#8412=LINE('',#16343,#9715);
#8413=LINE('',#16344,#9716);
#8414=LINE('',#16345,#9717);
#8415=LINE('',#16346,#9718);
#8416=LINE('',#16348,#9719);
#8417=LINE('',#16349,#9720);
#8418=LINE('',#16350,#9721);
#8419=LINE('',#16351,#9722);
#8420=LINE('',#16352,#9723);
#8421=LINE('',#16353,#9724);
#8422=LINE('',#16354,#9725);
#8423=LINE('',#16355,#9726);
#8424=LINE('',#16356,#9727);
#8425=LINE('',#16357,#9728);
#8426=LINE('',#16359,#9729);
#8427=LINE('',#16360,#9730);
#8428=LINE('',#16361,#9731);
#8429=LINE('',#16362,#9732);
#8430=LINE('',#16364,#9733);
#8431=LINE('',#16365,#9734);
#8432=LINE('',#16366,#9735);
#8433=LINE('',#16367,#9736);
#8434=LINE('',#16368,#9737);
#8435=LINE('',#16369,#9738);
#8436=LINE('',#16370,#9739);
#8437=LINE('',#16371,#9740);
#8438=LINE('',#16372,#9741);
#8439=LINE('',#16373,#9742);
#8440=LINE('',#16375,#9743);
#8441=LINE('',#16376,#9744);
#8442=LINE('',#16377,#9745);
#8443=LINE('',#16378,#9746);
#8444=LINE('',#16380,#9747);
#8445=LINE('',#16381,#9748);
#8446=LINE('',#16382,#9749);
#8447=LINE('',#16383,#9750);
#8448=LINE('',#16384,#9751);
#8449=LINE('',#16385,#9752);
#8450=LINE('',#16386,#9753);
#8451=LINE('',#16387,#9754);
#8452=LINE('',#16388,#9755);
#8453=LINE('',#16389,#9756);
#8454=LINE('',#16391,#9757);
#8455=LINE('',#16392,#9758);
#8456=LINE('',#16393,#9759);
#8457=LINE('',#16394,#9760);
#8458=LINE('',#16396,#9761);
#8459=LINE('',#16397,#9762);
#8460=LINE('',#16398,#9763);
#8461=LINE('',#16399,#9764);
#8462=LINE('',#16400,#9765);
#8463=LINE('',#16401,#9766);
#8464=LINE('',#16402,#9767);
#8465=LINE('',#16404,#9768);
#8466=LINE('',#16405,#9769);
#8467=LINE('',#16406,#9770);
#8468=LINE('',#16408,#9771);
#8469=LINE('',#16409,#9772);
#8470=VECTOR('',#11379,1.);
#8471=VECTOR('',#11380,1.);
#8472=VECTOR('',#11381,1.);
#8473=VECTOR('',#11382,1.);
#8474=VECTOR('',#11383,1.);
#8475=VECTOR('',#11384,1.);
#8476=VECTOR('',#11385,1.);
#8477=VECTOR('',#11386,1.);
#8478=VECTOR('',#11387,1.);
#8479=VECTOR('',#11388,1.);
#8480=VECTOR('',#11389,1.);
#8481=VECTOR('',#11390,1.);
#8482=VECTOR('',#11391,1.);
#8483=VECTOR('',#11392,1.);
#8484=VECTOR('',#11393,1.);
#8485=VECTOR('',#11394,1.);
#8486=VECTOR('',#11395,1.);
#8487=VECTOR('',#11396,1.);
#8488=VECTOR('',#11397,1.);
#8489=VECTOR('',#11398,1.);
#8490=VECTOR('',#11399,1.);
#8491=VECTOR('',#11400,1.);
#8492=VECTOR('',#11401,1.);
#8493=VECTOR('',#11402,1.);
#8494=VECTOR('',#11403,1.);
#8495=VECTOR('',#11404,1.);
#8496=VECTOR('',#11405,1.);
#8497=VECTOR('',#11406,1.);
#8498=VECTOR('',#11407,1.);
#8499=VECTOR('',#11408,1.);
#8500=VECTOR('',#11409,1.);
#8501=VECTOR('',#11410,1.);
#8502=VECTOR('',#11411,1.);
#8503=VECTOR('',#11412,1.);
#8504=VECTOR('',#11413,1.);
#8505=VECTOR('',#11414,1.);
#8506=VECTOR('',#11415,1.);
#8507=VECTOR('',#11416,1.);
#8508=VECTOR('',#11417,1.);
#8509=VECTOR('',#11418,1.);
#8510=VECTOR('',#11419,1.);
#8511=VECTOR('',#11420,1.);
#8512=VECTOR('',#11421,1.);
#8513=VECTOR('',#11422,1.);
#8514=VECTOR('',#11423,1.);
#8515=VECTOR('',#11424,1.);
#8516=VECTOR('',#11425,1.);
#8517=VECTOR('',#11426,1.);
#8518=VECTOR('',#11427,1.);
#8519=VECTOR('',#11428,1.);
#8520=VECTOR('',#11429,1.);
#8521=VECTOR('',#11430,1.);
#8522=VECTOR('',#11431,1.);
#8523=VECTOR('',#11432,1.);
#8524=VECTOR('',#11433,1.);
#8525=VECTOR('',#11434,1.);
#8526=VECTOR('',#11435,1.);
#8527=VECTOR('',#11436,1.);
#8528=VECTOR('',#11437,1.);
#8529=VECTOR('',#11438,1.);
#8530=VECTOR('',#11439,1.);
#8531=VECTOR('',#11440,1.);
#8532=VECTOR('',#11441,1.);
#8533=VECTOR('',#11442,1.);
#8534=VECTOR('',#11443,1.);
#8535=VECTOR('',#11444,1.);
#8536=VECTOR('',#11445,1.);
#8537=VECTOR('',#11446,1.);
#8538=VECTOR('',#11447,1.);
#8539=VECTOR('',#11448,1.);
#8540=VECTOR('',#11449,1.);
#8541=VECTOR('',#11450,1.);
#8542=VECTOR('',#11451,1.);
#8543=VECTOR('',#11452,1.);
#8544=VECTOR('',#11453,1.);
#8545=VECTOR('',#11454,1.);
#8546=VECTOR('',#11455,1.);
#8547=VECTOR('',#11456,1.);
#8548=VECTOR('',#11457,1.);
#8549=VECTOR('',#11458,1.);
#8550=VECTOR('',#11459,1.);
#8551=VECTOR('',#11460,1.);
#8552=VECTOR('',#11461,1.);
#8553=VECTOR('',#11462,1.);
#8554=VECTOR('',#11463,1.);
#8555=VECTOR('',#11464,1.);
#8556=VECTOR('',#11465,1.);
#8557=VECTOR('',#11466,1.);
#8558=VECTOR('',#11467,1.);
#8559=VECTOR('',#11468,1.);
#8560=VECTOR('',#11469,1.);
#8561=VECTOR('',#11470,1.);
#8562=VECTOR('',#11471,1.);
#8563=VECTOR('',#11472,1.);
#8564=VECTOR('',#11473,1.);
#8565=VECTOR('',#11474,1.);
#8566=VECTOR('',#11475,1.);
#8567=VECTOR('',#11476,1.);
#8568=VECTOR('',#11477,1.);
#8569=VECTOR('',#11478,1.);
#8570=VECTOR('',#11479,1.);
#8571=VECTOR('',#11480,1.);
#8572=VECTOR('',#11481,1.);
#8573=VECTOR('',#11482,1.);
#8574=VECTOR('',#11483,1.);
#8575=VECTOR('',#11484,1.);
#8576=VECTOR('',#11485,1.);
#8577=VECTOR('',#11486,1.);
#8578=VECTOR('',#11487,1.);
#8579=VECTOR('',#11488,1.);
#8580=VECTOR('',#11489,1.);
#8581=VECTOR('',#11490,1.);
#8582=VECTOR('',#11491,1.);
#8583=VECTOR('',#11492,1.);
#8584=VECTOR('',#11493,1.);
#8585=VECTOR('',#11494,1.);
#8586=VECTOR('',#11495,1.);
#8587=VECTOR('',#11496,1.);
#8588=VECTOR('',#11497,1.);
#8589=VECTOR('',#11498,1.);
#8590=VECTOR('',#11499,1.);
#8591=VECTOR('',#11500,1.);
#8592=VECTOR('',#11501,1.);
#8593=VECTOR('',#11502,1.);
#8594=VECTOR('',#11503,1.);
#8595=VECTOR('',#11504,1.);
#8596=VECTOR('',#11505,1.);
#8597=VECTOR('',#11506,1.);
#8598=VECTOR('',#11507,1.);
#8599=VECTOR('',#11508,1.);
#8600=VECTOR('',#11509,1.);
#8601=VECTOR('',#11510,1.);
#8602=VECTOR('',#11511,1.);
#8603=VECTOR('',#11512,1.);
#8604=VECTOR('',#11513,1.);
#8605=VECTOR('',#11514,1.);
#8606=VECTOR('',#11515,1.);
#8607=VECTOR('',#11516,1.);
#8608=VECTOR('',#11517,1.);
#8609=VECTOR('',#11518,1.);
#8610=VECTOR('',#11519,1.);
#8611=VECTOR('',#11520,1.);
#8612=VECTOR('',#11521,1.);
#8613=VECTOR('',#11522,1.);
#8614=VECTOR('',#11523,1.);
#8615=VECTOR('',#11524,1.);
#8616=VECTOR('',#11525,1.);
#8617=VECTOR('',#11526,1.);
#8618=VECTOR('',#11527,1.);
#8619=VECTOR('',#11528,1.);
#8620=VECTOR('',#11529,1.);
#8621=VECTOR('',#11530,1.);
#8622=VECTOR('',#11531,1.);
#8623=VECTOR('',#11532,1.);
#8624=VECTOR('',#11533,1.);
#8625=VECTOR('',#11534,1.);
#8626=VECTOR('',#11535,1.);
#8627=VECTOR('',#11536,1.);
#8628=VECTOR('',#11537,1.);
#8629=VECTOR('',#11538,1.);
#8630=VECTOR('',#11539,1.);
#8631=VECTOR('',#11540,1.);
#8632=VECTOR('',#11541,1.);
#8633=VECTOR('',#11542,1.);
#8634=VECTOR('',#11543,1.);
#8635=VECTOR('',#11544,1.);
#8636=VECTOR('',#11545,1.);
#8637=VECTOR('',#11546,1.);
#8638=VECTOR('',#11547,1.);
#8639=VECTOR('',#11548,1.);
#8640=VECTOR('',#11549,1.);
#8641=VECTOR('',#11550,1.);
#8642=VECTOR('',#11551,1.);
#8643=VECTOR('',#11552,1.);
#8644=VECTOR('',#11553,1.);
#8645=VECTOR('',#11554,1.);
#8646=VECTOR('',#11555,1.);
#8647=VECTOR('',#11556,1.);
#8648=VECTOR('',#11557,1.);
#8649=VECTOR('',#11558,1.);
#8650=VECTOR('',#11559,1.);
#8651=VECTOR('',#11560,1.);
#8652=VECTOR('',#11561,1.);
#8653=VECTOR('',#11562,1.);
#8654=VECTOR('',#11563,1.);
#8655=VECTOR('',#11564,1.);
#8656=VECTOR('',#11565,1.);
#8657=VECTOR('',#11566,1.);
#8658=VECTOR('',#11567,1.);
#8659=VECTOR('',#11568,1.);
#8660=VECTOR('',#11569,1.);
#8661=VECTOR('',#11570,1.);
#8662=VECTOR('',#11571,1.);
#8663=VECTOR('',#11572,1.);
#8664=VECTOR('',#11573,1.);
#8665=VECTOR('',#11574,1.);
#8666=VECTOR('',#11575,1.);
#8667=VECTOR('',#11576,1.);
#8668=VECTOR('',#11587,1.);
#8669=VECTOR('',#11590,1.);
#8670=VECTOR('',#11591,1.);
#8671=VECTOR('',#11600,1.);
#8672=VECTOR('',#11601,1.);
#8673=VECTOR('',#11602,1.);
#8674=VECTOR('',#11605,1.);
#8675=VECTOR('',#11606,1.);
#8676=VECTOR('',#11607,1.);
#8677=VECTOR('',#11608,1.);
#8678=VECTOR('',#11609,1.);
#8679=VECTOR('',#11610,1.);
#8680=VECTOR('',#11611,1.);
#8681=VECTOR('',#11612,1.);
#8682=VECTOR('',#11613,1.);
#8683=VECTOR('',#11624,1.);
#8684=VECTOR('',#11627,1.);
#8685=VECTOR('',#11628,1.);
#8686=VECTOR('',#11637,1.);
#8687=VECTOR('',#11638,1.);
#8688=VECTOR('',#11639,1.);
#8689=VECTOR('',#11642,1.);
#8690=VECTOR('',#11643,1.);
#8691=VECTOR('',#11644,1.);
#8692=VECTOR('',#11645,1.);
#8693=VECTOR('',#11646,1.);
#8694=VECTOR('',#11647,1.);
#8695=VECTOR('',#11648,1.);
#8696=VECTOR('',#11649,1.);
#8697=VECTOR('',#11650,1.);
#8698=VECTOR('',#11651,1.);
#8699=VECTOR('',#11652,1.);
#8700=VECTOR('',#11653,1.);
#8701=VECTOR('',#11654,1.);
#8702=VECTOR('',#11655,1.);
#8703=VECTOR('',#11656,1.);
#8704=VECTOR('',#11657,1.);
#8705=VECTOR('',#11658,1.);
#8706=VECTOR('',#11659,1.);
#8707=VECTOR('',#11660,1.);
#8708=VECTOR('',#11661,1.);
#8709=VECTOR('',#11662,1.);
#8710=VECTOR('',#11663,1.);
#8711=VECTOR('',#11664,1.);
#8712=VECTOR('',#11665,1.);
#8713=VECTOR('',#11666,1.);
#8714=VECTOR('',#11667,1.);
#8715=VECTOR('',#11668,1.);
#8716=VECTOR('',#11669,1.);
#8717=VECTOR('',#11670,1.);
#8718=VECTOR('',#11671,1.);
#8719=VECTOR('',#11672,1.);
#8720=VECTOR('',#11673,1.);
#8721=VECTOR('',#11674,1.);
#8722=VECTOR('',#11675,1.);
#8723=VECTOR('',#11676,1.);
#8724=VECTOR('',#11677,1.);
#8725=VECTOR('',#11678,1.);
#8726=VECTOR('',#11679,1.);
#8727=VECTOR('',#11680,1.);
#8728=VECTOR('',#11681,1.);
#8729=VECTOR('',#11682,1.);
#8730=VECTOR('',#11683,1.);
#8731=VECTOR('',#11684,1.);
#8732=VECTOR('',#11685,1.);
#8733=VECTOR('',#11686,1.);
#8734=VECTOR('',#11687,1.);
#8735=VECTOR('',#11688,1.);
#8736=VECTOR('',#11689,1.);
#8737=VECTOR('',#11690,1.);
#8738=VECTOR('',#11691,1.);
#8739=VECTOR('',#11692,1.);
#8740=VECTOR('',#11693,1.);
#8741=VECTOR('',#11694,1.);
#8742=VECTOR('',#11695,1.);
#8743=VECTOR('',#11696,1.);
#8744=VECTOR('',#11697,1.);
#8745=VECTOR('',#11698,1.);
#8746=VECTOR('',#11699,1.);
#8747=VECTOR('',#11700,1.);
#8748=VECTOR('',#11701,1.);
#8749=VECTOR('',#11702,1.);
#8750=VECTOR('',#11703,1.);
#8751=VECTOR('',#11704,1.);
#8752=VECTOR('',#11705,1.);
#8753=VECTOR('',#11706,1.);
#8754=VECTOR('',#11707,1.);
#8755=VECTOR('',#11708,1.);
#8756=VECTOR('',#11709,1.);
#8757=VECTOR('',#11710,1.);
#8758=VECTOR('',#11711,1.);
#8759=VECTOR('',#11712,1.);
#8760=VECTOR('',#11713,1.);
#8761=VECTOR('',#11714,1.);
#8762=VECTOR('',#11715,1.);
#8763=VECTOR('',#11716,1.);
#8764=VECTOR('',#11717,1.);
#8765=VECTOR('',#11718,1.);
#8766=VECTOR('',#11719,1.);
#8767=VECTOR('',#11720,1.);
#8768=VECTOR('',#11721,1.);
#8769=VECTOR('',#11722,1.);
#8770=VECTOR('',#11723,1.);
#8771=VECTOR('',#11724,1.);
#8772=VECTOR('',#11725,1.);
#8773=VECTOR('',#11726,1.);
#8774=VECTOR('',#11727,1.);
#8775=VECTOR('',#11728,1.);
#8776=VECTOR('',#11729,1.);
#8777=VECTOR('',#11730,1.);
#8778=VECTOR('',#11731,1.);
#8779=VECTOR('',#11732,1.);
#8780=VECTOR('',#11733,1.);
#8781=VECTOR('',#11734,1.);
#8782=VECTOR('',#11735,1.);
#8783=VECTOR('',#11736,1.);
#8784=VECTOR('',#11737,1.);
#8785=VECTOR('',#11738,1.);
#8786=VECTOR('',#11739,1.);
#8787=VECTOR('',#11740,1.);
#8788=VECTOR('',#11741,1.);
#8789=VECTOR('',#11742,1.);
#8790=VECTOR('',#11743,1.);
#8791=VECTOR('',#11744,1.);
#8792=VECTOR('',#11745,1.);
#8793=VECTOR('',#11746,1.);
#8794=VECTOR('',#11747,1.);
#8795=VECTOR('',#11748,1.);
#8796=VECTOR('',#11749,1.);
#8797=VECTOR('',#11750,1.);
#8798=VECTOR('',#11751,1.);
#8799=VECTOR('',#11752,1.);
#8800=VECTOR('',#11753,1.);
#8801=VECTOR('',#11754,1.);
#8802=VECTOR('',#11755,1.);
#8803=VECTOR('',#11756,1.);
#8804=VECTOR('',#11757,1.);
#8805=VECTOR('',#11758,1.);
#8806=VECTOR('',#11759,1.);
#8807=VECTOR('',#11760,1.);
#8808=VECTOR('',#11761,1.);
#8809=VECTOR('',#11762,1.);
#8810=VECTOR('',#11763,1.);
#8811=VECTOR('',#11764,1.);
#8812=VECTOR('',#11765,1.);
#8813=VECTOR('',#11766,1.);
#8814=VECTOR('',#11767,1.);
#8815=VECTOR('',#11768,1.);
#8816=VECTOR('',#11769,1.);
#8817=VECTOR('',#11770,1.);
#8818=VECTOR('',#11771,1.);
#8819=VECTOR('',#11772,1.);
#8820=VECTOR('',#11773,1.);
#8821=VECTOR('',#11774,1.);
#8822=VECTOR('',#11775,1.);
#8823=VECTOR('',#11776,1.);
#8824=VECTOR('',#11777,1.);
#8825=VECTOR('',#11778,1.);
#8826=VECTOR('',#11779,1.);
#8827=VECTOR('',#11780,1.);
#8828=VECTOR('',#11781,1.);
#8829=VECTOR('',#11784,1.);
#8830=VECTOR('',#11785,1.);
#8831=VECTOR('',#11786,1.);
#8832=VECTOR('',#11789,1.);
#8833=VECTOR('',#11790,1.);
#8834=VECTOR('',#11791,1.);
#8835=VECTOR('',#11792,1.);
#8836=VECTOR('',#11793,1.);
#8837=VECTOR('',#11794,1.);
#8838=VECTOR('',#11795,1.);
#8839=VECTOR('',#11796,1.);
#8840=VECTOR('',#11797,1.);
#8841=VECTOR('',#11800,1.);
#8842=VECTOR('',#11801,1.);
#8843=VECTOR('',#11802,1.);
#8844=VECTOR('',#11803,1.);
#8845=VECTOR('',#11806,1.);
#8846=VECTOR('',#11807,1.);
#8847=VECTOR('',#11808,1.);
#8848=VECTOR('',#11809,1.);
#8849=VECTOR('',#11810,1.);
#8850=VECTOR('',#11811,1.);
#8851=VECTOR('',#11812,1.);
#8852=VECTOR('',#11813,1.);
#8853=VECTOR('',#11814,1.);
#8854=VECTOR('',#11815,1.);
#8855=VECTOR('',#11818,1.);
#8856=VECTOR('',#11819,1.);
#8857=VECTOR('',#11820,1.);
#8858=VECTOR('',#11821,1.);
#8859=VECTOR('',#11824,1.);
#8860=VECTOR('',#11825,1.);
#8861=VECTOR('',#11826,1.);
#8862=VECTOR('',#11827,1.);
#8863=VECTOR('',#11828,1.);
#8864=VECTOR('',#11829,1.);
#8865=VECTOR('',#11830,1.);
#8866=VECTOR('',#11831,1.);
#8867=VECTOR('',#11832,1.);
#8868=VECTOR('',#11833,1.);
#8869=VECTOR('',#11834,1.);
#8870=VECTOR('',#11835,1.);
#8871=VECTOR('',#11838,1.);
#8872=VECTOR('',#11839,1.);
#8873=VECTOR('',#11840,1.);
#8874=VECTOR('',#11841,1.);
#8875=VECTOR('',#11844,1.);
#8876=VECTOR('',#11845,1.);
#8877=VECTOR('',#11846,1.);
#8878=VECTOR('',#11847,1.);
#8879=VECTOR('',#11848,1.);
#8880=VECTOR('',#11849,1.);
#8881=VECTOR('',#11850,1.);
#8882=VECTOR('',#11851,1.);
#8883=VECTOR('',#11852,1.);
#8884=VECTOR('',#11853,1.);
#8885=VECTOR('',#11856,1.);
#8886=VECTOR('',#11857,1.);
#8887=VECTOR('',#11858,1.);
#8888=VECTOR('',#11859,1.);
#8889=VECTOR('',#11862,1.);
#8890=VECTOR('',#11863,1.);
#8891=VECTOR('',#11864,1.);
#8892=VECTOR('',#11865,1.);
#8893=VECTOR('',#11866,1.);
#8894=VECTOR('',#11867,1.);
#8895=VECTOR('',#11868,1.);
#8896=VECTOR('',#11869,1.);
#8897=VECTOR('',#11870,1.);
#8898=VECTOR('',#11871,1.);
#8899=VECTOR('',#11872,1.);
#8900=VECTOR('',#11873,1.);
#8901=VECTOR('',#11876,1.);
#8902=VECTOR('',#11877,1.);
#8903=VECTOR('',#11878,1.);
#8904=VECTOR('',#11879,1.);
#8905=VECTOR('',#11882,1.);
#8906=VECTOR('',#11883,1.);
#8907=VECTOR('',#11884,1.);
#8908=VECTOR('',#11885,1.);
#8909=VECTOR('',#11886,1.);
#8910=VECTOR('',#11887,1.);
#8911=VECTOR('',#11888,1.);
#8912=VECTOR('',#11889,1.);
#8913=VECTOR('',#11890,1.);
#8914=VECTOR('',#11891,1.);
#8915=VECTOR('',#11892,1.);
#8916=VECTOR('',#11893,1.);
#8917=VECTOR('',#11896,1.);
#8918=VECTOR('',#11897,1.);
#8919=VECTOR('',#11898,1.);
#8920=VECTOR('',#11899,1.);
#8921=VECTOR('',#11902,1.);
#8922=VECTOR('',#11903,1.);
#8923=VECTOR('',#11904,1.);
#8924=VECTOR('',#11905,1.);
#8925=VECTOR('',#11906,1.);
#8926=VECTOR('',#11907,1.);
#8927=VECTOR('',#11908,1.);
#8928=VECTOR('',#11909,1.);
#8929=VECTOR('',#11910,1.);
#8930=VECTOR('',#11911,1.);
#8931=VECTOR('',#11912,1.);
#8932=VECTOR('',#11913,1.);
#8933=VECTOR('',#11916,1.);
#8934=VECTOR('',#11917,1.);
#8935=VECTOR('',#11918,1.);
#8936=VECTOR('',#11919,1.);
#8937=VECTOR('',#11922,1.);
#8938=VECTOR('',#11923,1.);
#8939=VECTOR('',#11924,1.);
#8940=VECTOR('',#11925,1.);
#8941=VECTOR('',#11926,1.);
#8942=VECTOR('',#11927,1.);
#8943=VECTOR('',#11928,1.);
#8944=VECTOR('',#11929,1.);
#8945=VECTOR('',#11930,1.);
#8946=VECTOR('',#11931,1.);
#8947=VECTOR('',#11932,1.);
#8948=VECTOR('',#11933,1.);
#8949=VECTOR('',#11936,1.);
#8950=VECTOR('',#11937,1.);
#8951=VECTOR('',#11938,1.);
#8952=VECTOR('',#11939,1.);
#8953=VECTOR('',#11942,1.);
#8954=VECTOR('',#11943,1.);
#8955=VECTOR('',#11944,1.);
#8956=VECTOR('',#11945,1.);
#8957=VECTOR('',#11946,1.);
#8958=VECTOR('',#11947,1.);
#8959=VECTOR('',#11948,1.);
#8960=VECTOR('',#11949,1.);
#8961=VECTOR('',#11950,1.);
#8962=VECTOR('',#11951,1.);
#8963=VECTOR('',#11952,1.);
#8964=VECTOR('',#11953,1.);
#8965=VECTOR('',#11956,1.);
#8966=VECTOR('',#11957,1.);
#8967=VECTOR('',#11958,1.);
#8968=VECTOR('',#11959,1.);
#8969=VECTOR('',#11962,1.);
#8970=VECTOR('',#11963,1.);
#8971=VECTOR('',#11964,1.);
#8972=VECTOR('',#11965,1.);
#8973=VECTOR('',#11966,1.);
#8974=VECTOR('',#11967,1.);
#8975=VECTOR('',#11968,1.);
#8976=VECTOR('',#11969,1.);
#8977=VECTOR('',#11970,1.);
#8978=VECTOR('',#11971,1.);
#8979=VECTOR('',#11972,1.);
#8980=VECTOR('',#11973,1.);
#8981=VECTOR('',#11976,1.);
#8982=VECTOR('',#11977,1.);
#8983=VECTOR('',#11978,1.);
#8984=VECTOR('',#11979,1.);
#8985=VECTOR('',#11982,1.);
#8986=VECTOR('',#11983,1.);
#8987=VECTOR('',#11984,1.);
#8988=VECTOR('',#11985,1.);
#8989=VECTOR('',#11986,1.);
#8990=VECTOR('',#11987,1.);
#8991=VECTOR('',#11988,1.);
#8992=VECTOR('',#11989,1.);
#8993=VECTOR('',#11990,1.);
#8994=VECTOR('',#11991,1.);
#8995=VECTOR('',#11994,1.);
#8996=VECTOR('',#11995,1.);
#8997=VECTOR('',#11996,1.);
#8998=VECTOR('',#11997,1.);
#8999=VECTOR('',#12000,1.);
#9000=VECTOR('',#12001,1.);
#9001=VECTOR('',#12002,1.);
#9002=VECTOR('',#12003,1.);
#9003=VECTOR('',#12004,1.);
#9004=VECTOR('',#12005,1.);
#9005=VECTOR('',#12006,1.);
#9006=VECTOR('',#12007,1.);
#9007=VECTOR('',#12008,1.);
#9008=VECTOR('',#12009,1.);
#9009=VECTOR('',#12010,1.);
#9010=VECTOR('',#12011,1.);
#9011=VECTOR('',#12014,1.);
#9012=VECTOR('',#12015,1.);
#9013=VECTOR('',#12016,1.);
#9014=VECTOR('',#12017,1.);
#9015=VECTOR('',#12020,1.);
#9016=VECTOR('',#12021,1.);
#9017=VECTOR('',#12022,1.);
#9018=VECTOR('',#12023,1.);
#9019=VECTOR('',#12024,1.);
#9020=VECTOR('',#12025,1.);
#9021=VECTOR('',#12026,1.);
#9022=VECTOR('',#12027,1.);
#9023=VECTOR('',#12028,1.);
#9024=VECTOR('',#12029,1.);
#9025=VECTOR('',#12030,1.);
#9026=VECTOR('',#12031,1.);
#9027=VECTOR('',#12034,1.);
#9028=VECTOR('',#12035,1.);
#9029=VECTOR('',#12036,1.);
#9030=VECTOR('',#12037,1.);
#9031=VECTOR('',#12040,1.);
#9032=VECTOR('',#12041,1.);
#9033=VECTOR('',#12042,1.);
#9034=VECTOR('',#12043,1.);
#9035=VECTOR('',#12044,1.);
#9036=VECTOR('',#12045,1.);
#9037=VECTOR('',#12046,1.);
#9038=VECTOR('',#12047,1.);
#9039=VECTOR('',#12048,1.);
#9040=VECTOR('',#12049,1.);
#9041=VECTOR('',#12050,1.);
#9042=VECTOR('',#12051,1.);
#9043=VECTOR('',#12054,1.);
#9044=VECTOR('',#12055,1.);
#9045=VECTOR('',#12056,1.);
#9046=VECTOR('',#12057,1.);
#9047=VECTOR('',#12060,1.);
#9048=VECTOR('',#12061,1.);
#9049=VECTOR('',#12062,1.);
#9050=VECTOR('',#12063,1.);
#9051=VECTOR('',#12064,1.);
#9052=VECTOR('',#12065,1.);
#9053=VECTOR('',#12066,1.);
#9054=VECTOR('',#12067,1.);
#9055=VECTOR('',#12068,1.);
#9056=VECTOR('',#12069,1.);
#9057=VECTOR('',#12070,1.);
#9058=VECTOR('',#12071,1.);
#9059=VECTOR('',#12074,1.);
#9060=VECTOR('',#12075,1.);
#9061=VECTOR('',#12076,1.);
#9062=VECTOR('',#12077,1.);
#9063=VECTOR('',#12080,1.);
#9064=VECTOR('',#12081,1.);
#9065=VECTOR('',#12082,1.);
#9066=VECTOR('',#12083,1.);
#9067=VECTOR('',#12084,1.);
#9068=VECTOR('',#12085,1.);
#9069=VECTOR('',#12086,1.);
#9070=VECTOR('',#12087,1.);
#9071=VECTOR('',#12088,1.);
#9072=VECTOR('',#12089,1.);
#9073=VECTOR('',#12090,1.);
#9074=VECTOR('',#12091,1.);
#9075=VECTOR('',#12094,1.);
#9076=VECTOR('',#12095,1.);
#9077=VECTOR('',#12096,1.);
#9078=VECTOR('',#12097,1.);
#9079=VECTOR('',#12100,1.);
#9080=VECTOR('',#12101,1.);
#9081=VECTOR('',#12102,1.);
#9082=VECTOR('',#12103,1.);
#9083=VECTOR('',#12104,1.);
#9084=VECTOR('',#12105,1.);
#9085=VECTOR('',#12106,1.);
#9086=VECTOR('',#12107,1.);
#9087=VECTOR('',#12108,1.);
#9088=VECTOR('',#12109,1.);
#9089=VECTOR('',#12110,1.);
#9090=VECTOR('',#12111,1.);
#9091=VECTOR('',#12114,1.);
#9092=VECTOR('',#12115,1.);
#9093=VECTOR('',#12116,1.);
#9094=VECTOR('',#12117,1.);
#9095=VECTOR('',#12120,1.);
#9096=VECTOR('',#12121,1.);
#9097=VECTOR('',#12122,1.);
#9098=VECTOR('',#12123,1.);
#9099=VECTOR('',#12124,1.);
#9100=VECTOR('',#12125,1.);
#9101=VECTOR('',#12126,1.);
#9102=VECTOR('',#12127,1.);
#9103=VECTOR('',#12128,1.);
#9104=VECTOR('',#12129,1.);
#9105=VECTOR('',#12132,1.);
#9106=VECTOR('',#12133,1.);
#9107=VECTOR('',#12134,1.);
#9108=VECTOR('',#12135,1.);
#9109=VECTOR('',#12138,1.);
#9110=VECTOR('',#12139,1.);
#9111=VECTOR('',#12140,1.);
#9112=VECTOR('',#12141,1.);
#9113=VECTOR('',#12142,1.);
#9114=VECTOR('',#12143,1.);
#9115=VECTOR('',#12144,1.);
#9116=VECTOR('',#12145,1.);
#9117=VECTOR('',#12146,1.);
#9118=VECTOR('',#12147,1.);
#9119=VECTOR('',#12148,1.);
#9120=VECTOR('',#12149,1.);
#9121=VECTOR('',#12152,1.);
#9122=VECTOR('',#12153,1.);
#9123=VECTOR('',#12154,1.);
#9124=VECTOR('',#12155,1.);
#9125=VECTOR('',#12158,1.);
#9126=VECTOR('',#12159,1.);
#9127=VECTOR('',#12160,1.);
#9128=VECTOR('',#12161,1.);
#9129=VECTOR('',#12162,1.);
#9130=VECTOR('',#12163,1.);
#9131=VECTOR('',#12164,1.);
#9132=VECTOR('',#12165,1.);
#9133=VECTOR('',#12166,1.);
#9134=VECTOR('',#12167,1.);
#9135=VECTOR('',#12168,1.);
#9136=VECTOR('',#12169,1.);
#9137=VECTOR('',#12172,1.);
#9138=VECTOR('',#12173,1.);
#9139=VECTOR('',#12174,1.);
#9140=VECTOR('',#12175,1.);
#9141=VECTOR('',#12178,1.);
#9142=VECTOR('',#12179,1.);
#9143=VECTOR('',#12180,1.);
#9144=VECTOR('',#12181,1.);
#9145=VECTOR('',#12182,1.);
#9146=VECTOR('',#12183,1.);
#9147=VECTOR('',#12184,1.);
#9148=VECTOR('',#12185,1.);
#9149=VECTOR('',#12186,1.);
#9150=VECTOR('',#12187,1.);
#9151=VECTOR('',#12188,1.);
#9152=VECTOR('',#12189,1.);
#9153=VECTOR('',#12192,1.);
#9154=VECTOR('',#12193,1.);
#9155=VECTOR('',#12194,1.);
#9156=VECTOR('',#12195,1.);
#9157=VECTOR('',#12198,1.);
#9158=VECTOR('',#12199,1.);
#9159=VECTOR('',#12200,1.);
#9160=VECTOR('',#12201,1.);
#9161=VECTOR('',#12202,1.);
#9162=VECTOR('',#12203,1.);
#9163=VECTOR('',#12204,1.);
#9164=VECTOR('',#12205,1.);
#9165=VECTOR('',#12206,1.);
#9166=VECTOR('',#12207,1.);
#9167=VECTOR('',#12208,1.);
#9168=VECTOR('',#12209,1.);
#9169=VECTOR('',#12212,1.);
#9170=VECTOR('',#12213,1.);
#9171=VECTOR('',#12214,1.);
#9172=VECTOR('',#12215,1.);
#9173=VECTOR('',#12218,1.);
#9174=VECTOR('',#12219,1.);
#9175=VECTOR('',#12220,1.);
#9176=VECTOR('',#12221,1.);
#9177=VECTOR('',#12222,1.);
#9178=VECTOR('',#12223,1.);
#9179=VECTOR('',#12224,1.);
#9180=VECTOR('',#12225,1.);
#9181=VECTOR('',#12226,1.);
#9182=VECTOR('',#12227,1.);
#9183=VECTOR('',#12228,1.);
#9184=VECTOR('',#12229,1.);
#9185=VECTOR('',#12232,1.);
#9186=VECTOR('',#12233,1.);
#9187=VECTOR('',#12234,1.);
#9188=VECTOR('',#12235,1.);
#9189=VECTOR('',#12238,1.);
#9190=VECTOR('',#12239,1.);
#9191=VECTOR('',#12240,1.);
#9192=VECTOR('',#12241,1.);
#9193=VECTOR('',#12242,1.);
#9194=VECTOR('',#12243,1.);
#9195=VECTOR('',#12244,1.);
#9196=VECTOR('',#12245,1.);
#9197=VECTOR('',#12246,1.);
#9198=VECTOR('',#12247,1.);
#9199=VECTOR('',#12248,1.);
#9200=VECTOR('',#12249,1.);
#9201=VECTOR('',#12252,1.);
#9202=VECTOR('',#12253,1.);
#9203=VECTOR('',#12254,1.);
#9204=VECTOR('',#12255,1.);
#9205=VECTOR('',#12258,1.);
#9206=VECTOR('',#12259,1.);
#9207=VECTOR('',#12260,1.);
#9208=VECTOR('',#12261,1.);
#9209=VECTOR('',#12262,1.);
#9210=VECTOR('',#12263,1.);
#9211=VECTOR('',#12264,1.);
#9212=VECTOR('',#12265,1.);
#9213=VECTOR('',#12266,1.);
#9214=VECTOR('',#12267,1.);
#9215=VECTOR('',#12270,1.);
#9216=VECTOR('',#12271,1.);
#9217=VECTOR('',#12272,1.);
#9218=VECTOR('',#12273,1.);
#9219=VECTOR('',#12276,1.);
#9220=VECTOR('',#12277,1.);
#9221=VECTOR('',#12278,1.);
#9222=VECTOR('',#12279,1.);
#9223=VECTOR('',#12280,1.);
#9224=VECTOR('',#12281,1.);
#9225=VECTOR('',#12282,1.);
#9226=VECTOR('',#12283,1.);
#9227=VECTOR('',#12284,1.);
#9228=VECTOR('',#12285,1.);
#9229=VECTOR('',#12286,1.);
#9230=VECTOR('',#12287,1.);
#9231=VECTOR('',#12290,1.);
#9232=VECTOR('',#12291,1.);
#9233=VECTOR('',#12292,1.);
#9234=VECTOR('',#12293,1.);
#9235=VECTOR('',#12296,1.);
#9236=VECTOR('',#12297,1.);
#9237=VECTOR('',#12298,1.);
#9238=VECTOR('',#12299,1.);
#9239=VECTOR('',#12300,1.);
#9240=VECTOR('',#12301,1.);
#9241=VECTOR('',#12302,1.);
#9242=VECTOR('',#12303,1.);
#9243=VECTOR('',#12304,1.);
#9244=VECTOR('',#12305,1.);
#9245=VECTOR('',#12306,1.);
#9246=VECTOR('',#12307,1.);
#9247=VECTOR('',#12310,1.);
#9248=VECTOR('',#12311,1.);
#9249=VECTOR('',#12312,1.);
#9250=VECTOR('',#12313,1.);
#9251=VECTOR('',#12316,1.);
#9252=VECTOR('',#12317,1.);
#9253=VECTOR('',#12318,1.);
#9254=VECTOR('',#12319,1.);
#9255=VECTOR('',#12320,1.);
#9256=VECTOR('',#12321,1.);
#9257=VECTOR('',#12322,1.);
#9258=VECTOR('',#12323,1.);
#9259=VECTOR('',#12324,1.);
#9260=VECTOR('',#12325,1.);
#9261=VECTOR('',#12326,1.);
#9262=VECTOR('',#12327,1.);
#9263=VECTOR('',#12330,1.);
#9264=VECTOR('',#12331,1.);
#9265=VECTOR('',#12332,1.);
#9266=VECTOR('',#12333,1.);
#9267=VECTOR('',#12336,1.);
#9268=VECTOR('',#12337,1.);
#9269=VECTOR('',#12338,1.);
#9270=VECTOR('',#12339,1.);
#9271=VECTOR('',#12340,1.);
#9272=VECTOR('',#12341,1.);
#9273=VECTOR('',#12342,1.);
#9274=VECTOR('',#12343,1.);
#9275=VECTOR('',#12344,1.);
#9276=VECTOR('',#12345,1.);
#9277=VECTOR('',#12346,1.);
#9278=VECTOR('',#12347,1.);
#9279=VECTOR('',#12350,1.);
#9280=VECTOR('',#12351,1.);
#9281=VECTOR('',#12352,1.);
#9282=VECTOR('',#12353,1.);
#9283=VECTOR('',#12356,1.);
#9284=VECTOR('',#12357,1.);
#9285=VECTOR('',#12358,1.);
#9286=VECTOR('',#12359,1.);
#9287=VECTOR('',#12360,1.);
#9288=VECTOR('',#12361,1.);
#9289=VECTOR('',#12362,1.);
#9290=VECTOR('',#12363,1.);
#9291=VECTOR('',#12364,1.);
#9292=VECTOR('',#12365,1.);
#9293=VECTOR('',#12366,1.);
#9294=VECTOR('',#12367,1.);
#9295=VECTOR('',#12370,1.);
#9296=VECTOR('',#12371,1.);
#9297=VECTOR('',#12372,1.);
#9298=VECTOR('',#12373,1.);
#9299=VECTOR('',#12376,1.);
#9300=VECTOR('',#12377,1.);
#9301=VECTOR('',#12378,1.);
#9302=VECTOR('',#12379,1.);
#9303=VECTOR('',#12380,1.);
#9304=VECTOR('',#12381,1.);
#9305=VECTOR('',#12382,1.);
#9306=VECTOR('',#12383,1.);
#9307=VECTOR('',#12384,1.);
#9308=VECTOR('',#12385,1.);
#9309=VECTOR('',#12386,1.);
#9310=VECTOR('',#12387,1.);
#9311=VECTOR('',#12390,1.);
#9312=VECTOR('',#12391,1.);
#9313=VECTOR('',#12392,1.);
#9314=VECTOR('',#12393,1.);
#9315=VECTOR('',#12396,1.);
#9316=VECTOR('',#12397,1.);
#9317=VECTOR('',#12398,1.);
#9318=VECTOR('',#12399,1.);
#9319=VECTOR('',#12400,1.);
#9320=VECTOR('',#12401,1.);
#9321=VECTOR('',#12402,1.);
#9322=VECTOR('',#12403,1.);
#9323=VECTOR('',#12404,1.);
#9324=VECTOR('',#12405,1.);
#9325=VECTOR('',#12408,1.);
#9326=VECTOR('',#12409,1.);
#9327=VECTOR('',#12410,1.);
#9328=VECTOR('',#12411,1.);
#9329=VECTOR('',#12414,1.);
#9330=VECTOR('',#12415,1.);
#9331=VECTOR('',#12416,1.);
#9332=VECTOR('',#12417,1.);
#9333=VECTOR('',#12418,1.);
#9334=VECTOR('',#12419,1.);
#9335=VECTOR('',#12420,1.);
#9336=VECTOR('',#12421,1.);
#9337=VECTOR('',#12422,1.);
#9338=VECTOR('',#12423,1.);
#9339=VECTOR('',#12424,1.);
#9340=VECTOR('',#12425,1.);
#9341=VECTOR('',#12428,1.);
#9342=VECTOR('',#12429,1.);
#9343=VECTOR('',#12430,1.);
#9344=VECTOR('',#12431,1.);
#9345=VECTOR('',#12434,1.);
#9346=VECTOR('',#12435,1.);
#9347=VECTOR('',#12436,1.);
#9348=VECTOR('',#12437,1.);
#9349=VECTOR('',#12438,1.);
#9350=VECTOR('',#12439,1.);
#9351=VECTOR('',#12440,1.);
#9352=VECTOR('',#12441,1.);
#9353=VECTOR('',#12442,1.);
#9354=VECTOR('',#12443,1.);
#9355=VECTOR('',#12444,1.);
#9356=VECTOR('',#12445,1.);
#9357=VECTOR('',#12448,1.);
#9358=VECTOR('',#12449,1.);
#9359=VECTOR('',#12450,1.);
#9360=VECTOR('',#12451,1.);
#9361=VECTOR('',#12454,1.);
#9362=VECTOR('',#12455,1.);
#9363=VECTOR('',#12456,1.);
#9364=VECTOR('',#12457,1.);
#9365=VECTOR('',#12458,1.);
#9366=VECTOR('',#12459,1.);
#9367=VECTOR('',#12460,1.);
#9368=VECTOR('',#12461,1.);
#9369=VECTOR('',#12462,1.);
#9370=VECTOR('',#12463,1.);
#9371=VECTOR('',#12464,1.);
#9372=VECTOR('',#12465,1.);
#9373=VECTOR('',#12468,1.);
#9374=VECTOR('',#12469,1.);
#9375=VECTOR('',#12470,1.);
#9376=VECTOR('',#12471,1.);
#9377=VECTOR('',#12474,1.);
#9378=VECTOR('',#12475,1.);
#9379=VECTOR('',#12476,1.);
#9380=VECTOR('',#12477,1.);
#9381=VECTOR('',#12478,1.);
#9382=VECTOR('',#12479,1.);
#9383=VECTOR('',#12480,1.);
#9384=VECTOR('',#12481,1.);
#9385=VECTOR('',#12482,1.);
#9386=VECTOR('',#12483,1.);
#9387=VECTOR('',#12484,1.);
#9388=VECTOR('',#12485,1.);
#9389=VECTOR('',#12488,1.);
#9390=VECTOR('',#12489,1.);
#9391=VECTOR('',#12490,1.);
#9392=VECTOR('',#12491,1.);
#9393=VECTOR('',#12494,1.);
#9394=VECTOR('',#12495,1.);
#9395=VECTOR('',#12496,1.);
#9396=VECTOR('',#12497,1.);
#9397=VECTOR('',#12498,1.);
#9398=VECTOR('',#12499,1.);
#9399=VECTOR('',#12500,1.);
#9400=VECTOR('',#12501,1.);
#9401=VECTOR('',#12502,1.);
#9402=VECTOR('',#12503,1.);
#9403=VECTOR('',#12506,1.);
#9404=VECTOR('',#12507,1.);
#9405=VECTOR('',#12508,1.);
#9406=VECTOR('',#12509,1.);
#9407=VECTOR('',#12512,1.);
#9408=VECTOR('',#12513,1.);
#9409=VECTOR('',#12514,1.);
#9410=VECTOR('',#12515,1.);
#9411=VECTOR('',#12516,1.);
#9412=VECTOR('',#12517,1.);
#9413=VECTOR('',#12518,1.);
#9414=VECTOR('',#12519,1.);
#9415=VECTOR('',#12520,1.);
#9416=VECTOR('',#12521,1.);
#9417=VECTOR('',#12522,1.);
#9418=VECTOR('',#12523,1.);
#9419=VECTOR('',#12526,1.);
#9420=VECTOR('',#12527,1.);
#9421=VECTOR('',#12528,1.);
#9422=VECTOR('',#12529,1.);
#9423=VECTOR('',#12532,1.);
#9424=VECTOR('',#12533,1.);
#9425=VECTOR('',#12534,1.);
#9426=VECTOR('',#12535,1.);
#9427=VECTOR('',#12536,1.);
#9428=VECTOR('',#12537,1.);
#9429=VECTOR('',#12538,1.);
#9430=VECTOR('',#12539,1.);
#9431=VECTOR('',#12540,1.);
#9432=VECTOR('',#12541,1.);
#9433=VECTOR('',#12542,1.);
#9434=VECTOR('',#12543,1.);
#9435=VECTOR('',#12546,1.);
#9436=VECTOR('',#12547,1.);
#9437=VECTOR('',#12548,1.);
#9438=VECTOR('',#12549,1.);
#9439=VECTOR('',#12552,1.);
#9440=VECTOR('',#12553,1.);
#9441=VECTOR('',#12554,1.);
#9442=VECTOR('',#12555,1.);
#9443=VECTOR('',#12556,1.);
#9444=VECTOR('',#12557,1.);
#9445=VECTOR('',#12558,1.);
#9446=VECTOR('',#12559,1.);
#9447=VECTOR('',#12560,1.);
#9448=VECTOR('',#12561,1.);
#9449=VECTOR('',#12564,1.);
#9450=VECTOR('',#12565,1.);
#9451=VECTOR('',#12566,1.);
#9452=VECTOR('',#12567,1.);
#9453=VECTOR('',#12570,1.);
#9454=VECTOR('',#12571,1.);
#9455=VECTOR('',#12572,1.);
#9456=VECTOR('',#12573,1.);
#9457=VECTOR('',#12574,1.);
#9458=VECTOR('',#12575,1.);
#9459=VECTOR('',#12576,1.);
#9460=VECTOR('',#12577,1.);
#9461=VECTOR('',#12578,1.);
#9462=VECTOR('',#12579,1.);
#9463=VECTOR('',#12580,1.);
#9464=VECTOR('',#12581,1.);
#9465=VECTOR('',#12584,1.);
#9466=VECTOR('',#12585,1.);
#9467=VECTOR('',#12586,1.);
#9468=VECTOR('',#12587,1.);
#9469=VECTOR('',#12590,1.);
#9470=VECTOR('',#12591,1.);
#9471=VECTOR('',#12592,1.);
#9472=VECTOR('',#12593,1.);
#9473=VECTOR('',#12594,1.);
#9474=VECTOR('',#12595,1.);
#9475=VECTOR('',#12596,1.);
#9476=VECTOR('',#12597,1.);
#9477=VECTOR('',#12598,1.);
#9478=VECTOR('',#12599,1.);
#9479=VECTOR('',#12600,1.);
#9480=VECTOR('',#12601,1.);
#9481=VECTOR('',#12604,1.);
#9482=VECTOR('',#12605,1.);
#9483=VECTOR('',#12606,1.);
#9484=VECTOR('',#12607,1.);
#9485=VECTOR('',#12610,1.);
#9486=VECTOR('',#12611,1.);
#9487=VECTOR('',#12612,1.);
#9488=VECTOR('',#12613,1.);
#9489=VECTOR('',#12614,1.);
#9490=VECTOR('',#12615,1.);
#9491=VECTOR('',#12616,1.);
#9492=VECTOR('',#12617,1.);
#9493=VECTOR('',#12618,1.);
#9494=VECTOR('',#12619,1.);
#9495=VECTOR('',#12622,1.);
#9496=VECTOR('',#12623,1.);
#9497=VECTOR('',#12624,1.);
#9498=VECTOR('',#12625,1.);
#9499=VECTOR('',#12628,1.);
#9500=VECTOR('',#12629,1.);
#9501=VECTOR('',#12630,1.);
#9502=VECTOR('',#12631,1.);
#9503=VECTOR('',#12632,1.);
#9504=VECTOR('',#12633,1.);
#9505=VECTOR('',#12634,1.);
#9506=VECTOR('',#12635,1.);
#9507=VECTOR('',#12636,1.);
#9508=VECTOR('',#12637,1.);
#9509=VECTOR('',#12638,1.);
#9510=VECTOR('',#12639,1.);
#9511=VECTOR('',#12642,1.);
#9512=VECTOR('',#12643,1.);
#9513=VECTOR('',#12644,1.);
#9514=VECTOR('',#12645,1.);
#9515=VECTOR('',#12648,1.);
#9516=VECTOR('',#12649,1.);
#9517=VECTOR('',#12650,1.);
#9518=VECTOR('',#12651,1.);
#9519=VECTOR('',#12652,1.);
#9520=VECTOR('',#12653,1.);
#9521=VECTOR('',#12654,1.);
#9522=VECTOR('',#12655,1.);
#9523=VECTOR('',#12656,1.);
#9524=VECTOR('',#12657,1.);
#9525=VECTOR('',#12658,1.);
#9526=VECTOR('',#12659,1.);
#9527=VECTOR('',#12662,1.);
#9528=VECTOR('',#12663,1.);
#9529=VECTOR('',#12664,1.);
#9530=VECTOR('',#12665,1.);
#9531=VECTOR('',#12668,1.);
#9532=VECTOR('',#12669,1.);
#9533=VECTOR('',#12670,1.);
#9534=VECTOR('',#12671,1.);
#9535=VECTOR('',#12672,1.);
#9536=VECTOR('',#12673,1.);
#9537=VECTOR('',#12674,1.);
#9538=VECTOR('',#12675,1.);
#9539=VECTOR('',#12676,1.);
#9540=VECTOR('',#12677,1.);
#9541=VECTOR('',#12680,1.);
#9542=VECTOR('',#12681,1.);
#9543=VECTOR('',#12682,1.);
#9544=VECTOR('',#12683,1.);
#9545=VECTOR('',#12686,1.);
#9546=VECTOR('',#12687,1.);
#9547=VECTOR('',#12688,1.);
#9548=VECTOR('',#12689,1.);
#9549=VECTOR('',#12690,1.);
#9550=VECTOR('',#12691,1.);
#9551=VECTOR('',#12692,1.);
#9552=VECTOR('',#12693,1.);
#9553=VECTOR('',#12694,1.);
#9554=VECTOR('',#12695,1.);
#9555=VECTOR('',#12696,1.);
#9556=VECTOR('',#12697,1.);
#9557=VECTOR('',#12700,1.);
#9558=VECTOR('',#12701,1.);
#9559=VECTOR('',#12702,1.);
#9560=VECTOR('',#12703,1.);
#9561=VECTOR('',#12706,1.);
#9562=VECTOR('',#12707,1.);
#9563=VECTOR('',#12708,1.);
#9564=VECTOR('',#12709,1.);
#9565=VECTOR('',#12710,1.);
#9566=VECTOR('',#12711,1.);
#9567=VECTOR('',#12712,1.);
#9568=VECTOR('',#12713,1.);
#9569=VECTOR('',#12714,1.);
#9570=VECTOR('',#12715,1.);
#9571=VECTOR('',#12716,1.);
#9572=VECTOR('',#12717,1.);
#9573=VECTOR('',#12720,1.);
#9574=VECTOR('',#12721,1.);
#9575=VECTOR('',#12722,1.);
#9576=VECTOR('',#12723,1.);
#9577=VECTOR('',#12726,1.);
#9578=VECTOR('',#12727,1.);
#9579=VECTOR('',#12728,1.);
#9580=VECTOR('',#12729,1.);
#9581=VECTOR('',#12730,1.);
#9582=VECTOR('',#12731,1.);
#9583=VECTOR('',#12732,1.);
#9584=VECTOR('',#12733,1.);
#9585=VECTOR('',#12734,1.);
#9586=VECTOR('',#12735,1.);
#9587=VECTOR('',#12738,1.);
#9588=VECTOR('',#12739,1.);
#9589=VECTOR('',#12740,1.);
#9590=VECTOR('',#12741,1.);
#9591=VECTOR('',#12744,1.);
#9592=VECTOR('',#12745,1.);
#9593=VECTOR('',#12746,1.);
#9594=VECTOR('',#12747,1.);
#9595=VECTOR('',#12748,1.);
#9596=VECTOR('',#12749,1.);
#9597=VECTOR('',#12750,1.);
#9598=VECTOR('',#12751,1.);
#9599=VECTOR('',#12752,1.);
#9600=VECTOR('',#12753,1.);
#9601=VECTOR('',#12754,1.);
#9602=VECTOR('',#12755,1.);
#9603=VECTOR('',#12758,1.);
#9604=VECTOR('',#12759,1.);
#9605=VECTOR('',#12760,1.);
#9606=VECTOR('',#12761,1.);
#9607=VECTOR('',#12764,1.);
#9608=VECTOR('',#12765,1.);
#9609=VECTOR('',#12766,1.);
#9610=VECTOR('',#12767,1.);
#9611=VECTOR('',#12768,1.);
#9612=VECTOR('',#12769,1.);
#9613=VECTOR('',#12770,1.);
#9614=VECTOR('',#12771,1.);
#9615=VECTOR('',#12772,1.);
#9616=VECTOR('',#12773,1.);
#9617=VECTOR('',#12776,1.);
#9618=VECTOR('',#12777,1.);
#9619=VECTOR('',#12778,1.);
#9620=VECTOR('',#12779,1.);
#9621=VECTOR('',#12782,1.);
#9622=VECTOR('',#12783,1.);
#9623=VECTOR('',#12784,1.);
#9624=VECTOR('',#12785,1.);
#9625=VECTOR('',#12786,1.);
#9626=VECTOR('',#12787,1.);
#9627=VECTOR('',#12788,1.);
#9628=VECTOR('',#12789,1.);
#9629=VECTOR('',#12790,1.);
#9630=VECTOR('',#12791,1.);
#9631=VECTOR('',#12794,1.);
#9632=VECTOR('',#12795,1.);
#9633=VECTOR('',#12796,1.);
#9634=VECTOR('',#12797,1.);
#9635=VECTOR('',#12800,1.);
#9636=VECTOR('',#12801,1.);
#9637=VECTOR('',#12802,1.);
#9638=VECTOR('',#12803,1.);
#9639=VECTOR('',#12804,1.);
#9640=VECTOR('',#12805,1.);
#9641=VECTOR('',#12806,1.);
#9642=VECTOR('',#12807,1.);
#9643=VECTOR('',#12808,1.);
#9644=VECTOR('',#12809,1.);
#9645=VECTOR('',#12812,1.);
#9646=VECTOR('',#12813,1.);
#9647=VECTOR('',#12814,1.);
#9648=VECTOR('',#12815,1.);
#9649=VECTOR('',#12818,1.);
#9650=VECTOR('',#12819,1.);
#9651=VECTOR('',#12820,1.);
#9652=VECTOR('',#12821,1.);
#9653=VECTOR('',#12822,1.);
#9654=VECTOR('',#12823,1.);
#9655=VECTOR('',#12824,1.);
#9656=VECTOR('',#12825,1.);
#9657=VECTOR('',#12826,1.);
#9658=VECTOR('',#12827,1.);
#9659=VECTOR('',#12830,1.);
#9660=VECTOR('',#12831,1.);
#9661=VECTOR('',#12832,1.);
#9662=VECTOR('',#12833,1.);
#9663=VECTOR('',#12836,1.);
#9664=VECTOR('',#12837,1.);
#9665=VECTOR('',#12838,1.);
#9666=VECTOR('',#12839,1.);
#9667=VECTOR('',#12840,1.);
#9668=VECTOR('',#12841,1.);
#9669=VECTOR('',#12842,1.);
#9670=VECTOR('',#12843,1.);
#9671=VECTOR('',#12844,1.);
#9672=VECTOR('',#12845,1.);
#9673=VECTOR('',#12848,1.);
#9674=VECTOR('',#12849,1.);
#9675=VECTOR('',#12850,1.);
#9676=VECTOR('',#12851,1.);
#9677=VECTOR('',#12854,1.);
#9678=VECTOR('',#12855,1.);
#9679=VECTOR('',#12856,1.);
#9680=VECTOR('',#12857,1.);
#9681=VECTOR('',#12858,1.);
#9682=VECTOR('',#12859,1.);
#9683=VECTOR('',#12860,1.);
#9684=VECTOR('',#12861,1.);
#9685=VECTOR('',#12862,1.);
#9686=VECTOR('',#12863,1.);
#9687=VECTOR('',#12866,1.);
#9688=VECTOR('',#12867,1.);
#9689=VECTOR('',#12868,1.);
#9690=VECTOR('',#12869,1.);
#9691=VECTOR('',#12872,1.);
#9692=VECTOR('',#12873,1.);
#9693=VECTOR('',#12874,1.);
#9694=VECTOR('',#12875,1.);
#9695=VECTOR('',#12876,1.);
#9696=VECTOR('',#12877,1.);
#9697=VECTOR('',#12878,1.);
#9698=VECTOR('',#12879,1.);
#9699=VECTOR('',#12880,1.);
#9700=VECTOR('',#12881,1.);
#9701=VECTOR('',#12884,1.);
#9702=VECTOR('',#12885,1.);
#9703=VECTOR('',#12886,1.);
#9704=VECTOR('',#12887,1.);
#9705=VECTOR('',#12890,1.);
#9706=VECTOR('',#12891,1.);
#9707=VECTOR('',#12892,1.);
#9708=VECTOR('',#12893,1.);
#9709=VECTOR('',#12894,1.);
#9710=VECTOR('',#12895,1.);
#9711=VECTOR('',#12896,1.);
#9712=VECTOR('',#12897,1.);
#9713=VECTOR('',#12898,1.);
#9714=VECTOR('',#12899,1.);
#9715=VECTOR('',#12902,1.);
#9716=VECTOR('',#12903,1.);
#9717=VECTOR('',#12904,1.);
#9718=VECTOR('',#12905,1.);
#9719=VECTOR('',#12908,1.);
#9720=VECTOR('',#12909,1.);
#9721=VECTOR('',#12910,1.);
#9722=VECTOR('',#12911,1.);
#9723=VECTOR('',#12912,1.);
#9724=VECTOR('',#12913,1.);
#9725=VECTOR('',#12914,1.);
#9726=VECTOR('',#12915,1.);
#9727=VECTOR('',#12916,1.);
#9728=VECTOR('',#12917,1.);
#9729=VECTOR('',#12920,1.);
#9730=VECTOR('',#12921,1.);
#9731=VECTOR('',#12922,1.);
#9732=VECTOR('',#12923,1.);
#9733=VECTOR('',#12926,1.);
#9734=VECTOR('',#12927,1.);
#9735=VECTOR('',#12928,1.);
#9736=VECTOR('',#12929,1.);
#9737=VECTOR('',#12930,1.);
#9738=VECTOR('',#12931,1.);
#9739=VECTOR('',#12932,1.);
#9740=VECTOR('',#12933,1.);
#9741=VECTOR('',#12934,1.);
#9742=VECTOR('',#12935,1.);
#9743=VECTOR('',#12938,1.);
#9744=VECTOR('',#12939,1.);
#9745=VECTOR('',#12940,1.);
#9746=VECTOR('',#12941,1.);
#9747=VECTOR('',#12944,1.);
#9748=VECTOR('',#12945,1.);
#9749=VECTOR('',#12946,1.);
#9750=VECTOR('',#12947,1.);
#9751=VECTOR('',#12948,1.);
#9752=VECTOR('',#12949,1.);
#9753=VECTOR('',#12950,1.);
#9754=VECTOR('',#12951,1.);
#9755=VECTOR('',#12952,1.);
#9756=VECTOR('',#12953,1.);
#9757=VECTOR('',#12956,1.);
#9758=VECTOR('',#12957,1.);
#9759=VECTOR('',#12958,1.);
#9760=VECTOR('',#12959,1.);
#9761=VECTOR('',#12962,1.);
#9762=VECTOR('',#12963,1.);
#9763=VECTOR('',#12964,1.);
#9764=VECTOR('',#12965,1.);
#9765=VECTOR('',#12966,1.);
#9766=VECTOR('',#12967,1.);
#9767=VECTOR('',#12968,1.);
#9768=VECTOR('',#12971,1.);
#9769=VECTOR('',#12972,1.);
#9770=VECTOR('',#12973,1.);
#9771=VECTOR('',#12976,1.);
#9772=VECTOR('',#12977,1.);
#9773=VERTEX_POINT('',#14033);
#9774=VERTEX_POINT('',#14034);
#9775=VERTEX_POINT('',#14035);
#9776=VERTEX_POINT('',#14036);
#9777=VERTEX_POINT('',#14037);
#9778=VERTEX_POINT('',#14038);
#9779=VERTEX_POINT('',#14039);
#9780=VERTEX_POINT('',#14040);
#9781=VERTEX_POINT('',#14041);
#9782=VERTEX_POINT('',#14042);
#9783=VERTEX_POINT('',#14043);
#9784=VERTEX_POINT('',#14044);
#9785=VERTEX_POINT('',#14045);
#9786=VERTEX_POINT('',#14046);
#9787=VERTEX_POINT('',#14047);
#9788=VERTEX_POINT('',#14048);
#9789=VERTEX_POINT('',#14049);
#9790=VERTEX_POINT('',#14050);
#9791=VERTEX_POINT('',#14051);
#9792=VERTEX_POINT('',#14052);
#9793=VERTEX_POINT('',#14053);
#9794=VERTEX_POINT('',#14054);
#9795=VERTEX_POINT('',#14055);
#9796=VERTEX_POINT('',#14056);
#9797=VERTEX_POINT('',#14057);
#9798=VERTEX_POINT('',#14058);
#9799=VERTEX_POINT('',#14059);
#9800=VERTEX_POINT('',#14060);
#9801=VERTEX_POINT('',#14061);
#9802=VERTEX_POINT('',#14062);
#9803=VERTEX_POINT('',#14063);
#9804=VERTEX_POINT('',#14064);
#9805=VERTEX_POINT('',#14065);
#9806=VERTEX_POINT('',#14066);
#9807=VERTEX_POINT('',#14067);
#9808=VERTEX_POINT('',#14068);
#9809=VERTEX_POINT('',#14069);
#9810=VERTEX_POINT('',#14070);
#9811=VERTEX_POINT('',#14071);
#9812=VERTEX_POINT('',#14072);
#9813=VERTEX_POINT('',#14073);
#9814=VERTEX_POINT('',#14074);
#9815=VERTEX_POINT('',#14075);
#9816=VERTEX_POINT('',#14076);
#9817=VERTEX_POINT('',#14077);
#9818=VERTEX_POINT('',#14078);
#9819=VERTEX_POINT('',#14079);
#9820=VERTEX_POINT('',#14080);
#9821=VERTEX_POINT('',#14081);
#9822=VERTEX_POINT('',#14082);
#9823=VERTEX_POINT('',#14083);
#9824=VERTEX_POINT('',#14084);
#9825=VERTEX_POINT('',#14085);
#9826=VERTEX_POINT('',#14086);
#9827=VERTEX_POINT('',#14087);
#9828=VERTEX_POINT('',#14088);
#9829=VERTEX_POINT('',#14089);
#9830=VERTEX_POINT('',#14090);
#9831=VERTEX_POINT('',#14091);
#9832=VERTEX_POINT('',#14092);
#9833=VERTEX_POINT('',#14093);
#9834=VERTEX_POINT('',#14094);
#9835=VERTEX_POINT('',#14095);
#9836=VERTEX_POINT('',#14096);
#9837=VERTEX_POINT('',#14097);
#9838=VERTEX_POINT('',#14098);
#9839=VERTEX_POINT('',#14099);
#9840=VERTEX_POINT('',#14100);
#9841=VERTEX_POINT('',#14101);
#9842=VERTEX_POINT('',#14102);
#9843=VERTEX_POINT('',#14103);
#9844=VERTEX_POINT('',#14104);
#9845=VERTEX_POINT('',#14105);
#9846=VERTEX_POINT('',#14106);
#9847=VERTEX_POINT('',#14107);
#9848=VERTEX_POINT('',#14108);
#9849=VERTEX_POINT('',#14109);
#9850=VERTEX_POINT('',#14110);
#9851=VERTEX_POINT('',#14111);
#9852=VERTEX_POINT('',#14112);
#9853=VERTEX_POINT('',#14113);
#9854=VERTEX_POINT('',#14114);
#9855=VERTEX_POINT('',#14115);
#9856=VERTEX_POINT('',#14116);
#9857=VERTEX_POINT('',#14117);
#9858=VERTEX_POINT('',#14118);
#9859=VERTEX_POINT('',#14119);
#9860=VERTEX_POINT('',#14120);
#9861=VERTEX_POINT('',#14121);
#9862=VERTEX_POINT('',#14122);
#9863=VERTEX_POINT('',#14123);
#9864=VERTEX_POINT('',#14124);
#9865=VERTEX_POINT('',#14125);
#9866=VERTEX_POINT('',#14126);
#9867=VERTEX_POINT('',#14127);
#9868=VERTEX_POINT('',#14128);
#9869=VERTEX_POINT('',#14129);
#9870=VERTEX_POINT('',#14130);
#9871=VERTEX_POINT('',#14131);
#9872=VERTEX_POINT('',#14132);
#9873=VERTEX_POINT('',#14133);
#9874=VERTEX_POINT('',#14134);
#9875=VERTEX_POINT('',#14135);
#9876=VERTEX_POINT('',#14136);
#9877=VERTEX_POINT('',#14137);
#9878=VERTEX_POINT('',#14138);
#9879=VERTEX_POINT('',#14139);
#9880=VERTEX_POINT('',#14140);
#9881=VERTEX_POINT('',#14141);
#9882=VERTEX_POINT('',#14142);
#9883=VERTEX_POINT('',#14143);
#9884=VERTEX_POINT('',#14144);
#9885=VERTEX_POINT('',#14145);
#9886=VERTEX_POINT('',#14146);
#9887=VERTEX_POINT('',#14147);
#9888=VERTEX_POINT('',#14148);
#9889=VERTEX_POINT('',#14149);
#9890=VERTEX_POINT('',#14150);
#9891=VERTEX_POINT('',#14151);
#9892=VERTEX_POINT('',#14152);
#9893=VERTEX_POINT('',#14153);
#9894=VERTEX_POINT('',#14154);
#9895=VERTEX_POINT('',#14155);
#9896=VERTEX_POINT('',#14156);
#9897=VERTEX_POINT('',#14157);
#9898=VERTEX_POINT('',#14158);
#9899=VERTEX_POINT('',#14159);
#9900=VERTEX_POINT('',#14160);
#9901=VERTEX_POINT('',#14161);
#9902=VERTEX_POINT('',#14162);
#9903=VERTEX_POINT('',#14163);
#9904=VERTEX_POINT('',#14164);
#9905=VERTEX_POINT('',#14165);
#9906=VERTEX_POINT('',#14166);
#9907=VERTEX_POINT('',#14167);
#9908=VERTEX_POINT('',#14168);
#9909=VERTEX_POINT('',#14169);
#9910=VERTEX_POINT('',#14170);
#9911=VERTEX_POINT('',#14171);
#9912=VERTEX_POINT('',#14172);
#9913=VERTEX_POINT('',#14173);
#9914=VERTEX_POINT('',#14174);
#9915=VERTEX_POINT('',#14175);
#9916=VERTEX_POINT('',#14176);
#9917=VERTEX_POINT('',#14177);
#9918=VERTEX_POINT('',#14178);
#9919=VERTEX_POINT('',#14179);
#9920=VERTEX_POINT('',#14180);
#9921=VERTEX_POINT('',#14181);
#9922=VERTEX_POINT('',#14182);
#9923=VERTEX_POINT('',#14183);
#9924=VERTEX_POINT('',#14184);
#9925=VERTEX_POINT('',#14185);
#9926=VERTEX_POINT('',#14186);
#9927=VERTEX_POINT('',#14187);
#9928=VERTEX_POINT('',#14188);
#9929=VERTEX_POINT('',#14189);
#9930=VERTEX_POINT('',#14190);
#9931=VERTEX_POINT('',#14191);
#9932=VERTEX_POINT('',#14192);
#9933=VERTEX_POINT('',#14193);
#9934=VERTEX_POINT('',#14194);
#9935=VERTEX_POINT('',#14195);
#9936=VERTEX_POINT('',#14196);
#9937=VERTEX_POINT('',#14197);
#9938=VERTEX_POINT('',#14198);
#9939=VERTEX_POINT('',#14199);
#9940=VERTEX_POINT('',#14200);
#9941=VERTEX_POINT('',#14201);
#9942=VERTEX_POINT('',#14202);
#9943=VERTEX_POINT('',#14203);
#9944=VERTEX_POINT('',#14204);
#9945=VERTEX_POINT('',#14205);
#9946=VERTEX_POINT('',#14206);
#9947=VERTEX_POINT('',#14207);
#9948=VERTEX_POINT('',#14208);
#9949=VERTEX_POINT('',#14209);
#9950=VERTEX_POINT('',#14210);
#9951=VERTEX_POINT('',#14211);
#9952=VERTEX_POINT('',#14212);
#9953=VERTEX_POINT('',#14213);
#9954=VERTEX_POINT('',#14214);
#9955=VERTEX_POINT('',#14215);
#9956=VERTEX_POINT('',#14216);
#9957=VERTEX_POINT('',#14217);
#9958=VERTEX_POINT('',#14218);
#9959=VERTEX_POINT('',#14219);
#9960=VERTEX_POINT('',#14220);
#9961=VERTEX_POINT('',#14221);
#9962=VERTEX_POINT('',#14222);
#9963=VERTEX_POINT('',#14223);
#9964=VERTEX_POINT('',#14224);
#9965=VERTEX_POINT('',#14225);
#9966=VERTEX_POINT('',#14226);
#9967=VERTEX_POINT('',#14227);
#9968=VERTEX_POINT('',#14228);
#9969=VERTEX_POINT('',#14229);
#9970=VERTEX_POINT('',#14230);
#9971=VERTEX_POINT('',#14231);
#9972=VERTEX_POINT('',#14232);
#9973=VERTEX_POINT('',#14233);
#9974=VERTEX_POINT('',#14234);
#9975=VERTEX_POINT('',#14235);
#9976=VERTEX_POINT('',#14236);
#9977=VERTEX_POINT('',#14237);
#9978=VERTEX_POINT('',#14238);
#9979=VERTEX_POINT('',#14239);
#9980=VERTEX_POINT('',#14240);
#9981=VERTEX_POINT('',#14241);
#9982=VERTEX_POINT('',#14242);
#9983=VERTEX_POINT('',#14243);
#9984=VERTEX_POINT('',#14244);
#9985=VERTEX_POINT('',#14245);
#9986=VERTEX_POINT('',#14246);
#9987=VERTEX_POINT('',#14247);
#9988=VERTEX_POINT('',#14248);
#9989=VERTEX_POINT('',#14249);
#9990=VERTEX_POINT('',#14250);
#9991=VERTEX_POINT('',#14251);
#9992=VERTEX_POINT('',#14252);
#9993=VERTEX_POINT('',#14253);
#9994=VERTEX_POINT('',#14254);
#9995=VERTEX_POINT('',#14255);
#9996=VERTEX_POINT('',#14256);
#9997=VERTEX_POINT('',#14257);
#9998=VERTEX_POINT('',#14258);
#9999=VERTEX_POINT('',#14259);
#10000=VERTEX_POINT('',#14260);
#10001=VERTEX_POINT('',#14261);
#10002=VERTEX_POINT('',#14262);
#10003=VERTEX_POINT('',#14263);
#10004=VERTEX_POINT('',#14264);
#10005=VERTEX_POINT('',#14265);
#10006=VERTEX_POINT('',#14266);
#10007=VERTEX_POINT('',#14267);
#10008=VERTEX_POINT('',#14268);
#10009=VERTEX_POINT('',#14269);
#10010=VERTEX_POINT('',#14270);
#10011=VERTEX_POINT('',#14271);
#10012=VERTEX_POINT('',#14272);
#10013=VERTEX_POINT('',#14273);
#10014=VERTEX_POINT('',#14274);
#10015=VERTEX_POINT('',#14275);
#10016=VERTEX_POINT('',#14276);
#10017=VERTEX_POINT('',#14277);
#10018=VERTEX_POINT('',#14278);
#10019=VERTEX_POINT('',#14279);
#10020=VERTEX_POINT('',#14280);
#10021=VERTEX_POINT('',#14281);
#10022=VERTEX_POINT('',#14282);
#10023=VERTEX_POINT('',#14283);
#10024=VERTEX_POINT('',#14284);
#10025=VERTEX_POINT('',#14285);
#10026=VERTEX_POINT('',#14286);
#10027=VERTEX_POINT('',#14287);
#10028=VERTEX_POINT('',#14288);
#10029=VERTEX_POINT('',#14289);
#10030=VERTEX_POINT('',#14290);
#10031=VERTEX_POINT('',#14291);
#10032=VERTEX_POINT('',#14292);
#10033=VERTEX_POINT('',#14293);
#10034=VERTEX_POINT('',#14294);
#10035=VERTEX_POINT('',#14295);
#10036=VERTEX_POINT('',#14296);
#10037=VERTEX_POINT('',#14297);
#10038=VERTEX_POINT('',#14298);
#10039=VERTEX_POINT('',#14299);
#10040=VERTEX_POINT('',#14300);
#10041=VERTEX_POINT('',#14301);
#10042=VERTEX_POINT('',#14302);
#10043=VERTEX_POINT('',#14303);
#10044=VERTEX_POINT('',#14304);
#10045=VERTEX_POINT('',#14305);
#10046=VERTEX_POINT('',#14306);
#10047=VERTEX_POINT('',#14307);
#10048=VERTEX_POINT('',#14308);
#10049=VERTEX_POINT('',#14309);
#10050=VERTEX_POINT('',#14310);
#10051=VERTEX_POINT('',#14311);
#10052=VERTEX_POINT('',#14312);
#10053=VERTEX_POINT('',#14313);
#10054=VERTEX_POINT('',#14314);
#10055=VERTEX_POINT('',#14315);
#10056=VERTEX_POINT('',#14316);
#10057=VERTEX_POINT('',#14317);
#10058=VERTEX_POINT('',#14318);
#10059=VERTEX_POINT('',#14319);
#10060=VERTEX_POINT('',#14320);
#10061=VERTEX_POINT('',#14321);
#10062=VERTEX_POINT('',#14322);
#10063=VERTEX_POINT('',#14323);
#10064=VERTEX_POINT('',#14324);
#10065=VERTEX_POINT('',#14325);
#10066=VERTEX_POINT('',#14326);
#10067=VERTEX_POINT('',#14327);
#10068=VERTEX_POINT('',#14328);
#10069=VERTEX_POINT('',#14329);
#10070=VERTEX_POINT('',#14330);
#10071=VERTEX_POINT('',#14331);
#10072=VERTEX_POINT('',#14332);
#10073=VERTEX_POINT('',#14333);
#10074=VERTEX_POINT('',#14334);
#10075=VERTEX_POINT('',#14335);
#10076=VERTEX_POINT('',#14336);
#10077=VERTEX_POINT('',#14337);
#10078=VERTEX_POINT('',#14338);
#10079=VERTEX_POINT('',#14339);
#10080=VERTEX_POINT('',#14340);
#10081=VERTEX_POINT('',#14341);
#10082=VERTEX_POINT('',#14342);
#10083=VERTEX_POINT('',#14343);
#10084=VERTEX_POINT('',#14344);
#10085=VERTEX_POINT('',#14345);
#10086=VERTEX_POINT('',#14346);
#10087=VERTEX_POINT('',#14347);
#10088=VERTEX_POINT('',#14348);
#10089=VERTEX_POINT('',#14349);
#10090=VERTEX_POINT('',#14350);
#10091=VERTEX_POINT('',#14351);
#10092=VERTEX_POINT('',#14352);
#10093=VERTEX_POINT('',#14353);
#10094=VERTEX_POINT('',#14354);
#10095=VERTEX_POINT('',#14355);
#10096=VERTEX_POINT('',#14356);
#10097=VERTEX_POINT('',#14357);
#10098=VERTEX_POINT('',#14358);
#10099=VERTEX_POINT('',#14359);
#10100=VERTEX_POINT('',#14360);
#10101=VERTEX_POINT('',#14361);
#10102=VERTEX_POINT('',#14362);
#10103=VERTEX_POINT('',#14363);
#10104=VERTEX_POINT('',#14364);
#10105=VERTEX_POINT('',#14365);
#10106=VERTEX_POINT('',#14366);
#10107=VERTEX_POINT('',#14367);
#10108=VERTEX_POINT('',#14368);
#10109=VERTEX_POINT('',#14369);
#10110=VERTEX_POINT('',#14370);
#10111=VERTEX_POINT('',#14371);
#10112=VERTEX_POINT('',#14372);
#10113=VERTEX_POINT('',#14373);
#10114=VERTEX_POINT('',#14374);
#10115=VERTEX_POINT('',#14375);
#10116=VERTEX_POINT('',#14376);
#10117=VERTEX_POINT('',#14377);
#10118=VERTEX_POINT('',#14378);
#10119=VERTEX_POINT('',#14379);
#10120=VERTEX_POINT('',#14380);
#10121=VERTEX_POINT('',#14381);
#10122=VERTEX_POINT('',#14382);
#10123=VERTEX_POINT('',#14383);
#10124=VERTEX_POINT('',#14384);
#10125=VERTEX_POINT('',#14385);
#10126=VERTEX_POINT('',#14386);
#10127=VERTEX_POINT('',#14387);
#10128=VERTEX_POINT('',#14388);
#10129=VERTEX_POINT('',#14389);
#10130=VERTEX_POINT('',#14390);
#10131=VERTEX_POINT('',#14391);
#10132=VERTEX_POINT('',#14392);
#10133=VERTEX_POINT('',#14393);
#10134=VERTEX_POINT('',#14394);
#10135=VERTEX_POINT('',#14395);
#10136=VERTEX_POINT('',#14396);
#10137=VERTEX_POINT('',#14397);
#10138=VERTEX_POINT('',#14398);
#10139=VERTEX_POINT('',#14399);
#10140=VERTEX_POINT('',#14400);
#10141=VERTEX_POINT('',#14401);
#10142=VERTEX_POINT('',#14402);
#10143=VERTEX_POINT('',#14403);
#10144=VERTEX_POINT('',#14404);
#10145=VERTEX_POINT('',#14405);
#10146=VERTEX_POINT('',#14406);
#10147=VERTEX_POINT('',#14407);
#10148=VERTEX_POINT('',#14408);
#10149=VERTEX_POINT('',#14409);
#10150=VERTEX_POINT('',#14410);
#10151=VERTEX_POINT('',#14411);
#10152=VERTEX_POINT('',#14412);
#10153=VERTEX_POINT('',#14413);
#10154=VERTEX_POINT('',#14414);
#10155=VERTEX_POINT('',#14415);
#10156=VERTEX_POINT('',#14416);
#10157=VERTEX_POINT('',#14417);
#10158=VERTEX_POINT('',#14418);
#10159=VERTEX_POINT('',#14419);
#10160=VERTEX_POINT('',#14420);
#10161=VERTEX_POINT('',#14421);
#10162=VERTEX_POINT('',#14422);
#10163=VERTEX_POINT('',#14423);
#10164=VERTEX_POINT('',#14424);
#10165=VERTEX_POINT('',#14425);
#10166=VERTEX_POINT('',#14426);
#10167=VERTEX_POINT('',#14427);
#10168=VERTEX_POINT('',#14428);
#10169=VERTEX_POINT('',#14429);
#10170=VERTEX_POINT('',#14430);
#10171=VERTEX_POINT('',#14431);
#10172=VERTEX_POINT('',#14432);
#10173=VERTEX_POINT('',#14433);
#10174=VERTEX_POINT('',#14434);
#10175=VERTEX_POINT('',#14435);
#10176=VERTEX_POINT('',#14436);
#10177=VERTEX_POINT('',#14437);
#10178=VERTEX_POINT('',#14438);
#10179=VERTEX_POINT('',#14439);
#10180=VERTEX_POINT('',#14440);
#10181=VERTEX_POINT('',#14441);
#10182=VERTEX_POINT('',#14442);
#10183=VERTEX_POINT('',#14443);
#10184=VERTEX_POINT('',#14444);
#10185=VERTEX_POINT('',#14445);
#10186=VERTEX_POINT('',#14446);
#10187=VERTEX_POINT('',#14447);
#10188=VERTEX_POINT('',#14448);
#10189=VERTEX_POINT('',#14449);
#10190=VERTEX_POINT('',#14450);
#10191=VERTEX_POINT('',#14451);
#10192=VERTEX_POINT('',#14452);
#10193=VERTEX_POINT('',#14453);
#10194=VERTEX_POINT('',#14454);
#10195=VERTEX_POINT('',#14455);
#10196=VERTEX_POINT('',#14456);
#10197=VERTEX_POINT('',#14457);
#10198=VERTEX_POINT('',#14458);
#10199=VERTEX_POINT('',#14459);
#10200=VERTEX_POINT('',#14460);
#10201=VERTEX_POINT('',#14461);
#10202=VERTEX_POINT('',#14462);
#10203=VERTEX_POINT('',#14463);
#10204=VERTEX_POINT('',#14464);
#10205=VERTEX_POINT('',#14465);
#10206=VERTEX_POINT('',#14466);
#10207=VERTEX_POINT('',#14467);
#10208=VERTEX_POINT('',#14468);
#10209=VERTEX_POINT('',#14469);
#10210=VERTEX_POINT('',#14470);
#10211=VERTEX_POINT('',#14471);
#10212=VERTEX_POINT('',#14472);
#10213=VERTEX_POINT('',#14473);
#10214=VERTEX_POINT('',#14474);
#10215=VERTEX_POINT('',#14475);
#10216=VERTEX_POINT('',#14476);
#10217=VERTEX_POINT('',#14477);
#10218=VERTEX_POINT('',#14478);
#10219=VERTEX_POINT('',#14479);
#10220=VERTEX_POINT('',#14480);
#10221=VERTEX_POINT('',#14481);
#10222=VERTEX_POINT('',#14482);
#10223=VERTEX_POINT('',#14483);
#10224=VERTEX_POINT('',#14484);
#10225=VERTEX_POINT('',#14485);
#10226=VERTEX_POINT('',#14486);
#10227=VERTEX_POINT('',#14487);
#10228=VERTEX_POINT('',#14488);
#10229=VERTEX_POINT('',#14489);
#10230=VERTEX_POINT('',#14490);
#10231=VERTEX_POINT('',#14491);
#10232=VERTEX_POINT('',#14492);
#10233=VERTEX_POINT('',#14493);
#10234=VERTEX_POINT('',#14494);
#10235=VERTEX_POINT('',#14495);
#10236=VERTEX_POINT('',#14496);
#10237=VERTEX_POINT('',#14497);
#10238=VERTEX_POINT('',#14498);
#10239=VERTEX_POINT('',#14499);
#10240=VERTEX_POINT('',#14500);
#10241=VERTEX_POINT('',#14501);
#10242=VERTEX_POINT('',#14502);
#10243=VERTEX_POINT('',#14503);
#10244=VERTEX_POINT('',#14504);
#10245=VERTEX_POINT('',#14505);
#10246=VERTEX_POINT('',#14506);
#10247=VERTEX_POINT('',#14507);
#10248=VERTEX_POINT('',#14508);
#10249=VERTEX_POINT('',#14509);
#10250=VERTEX_POINT('',#14510);
#10251=VERTEX_POINT('',#14511);
#10252=VERTEX_POINT('',#14512);
#10253=VERTEX_POINT('',#14513);
#10254=VERTEX_POINT('',#14514);
#10255=VERTEX_POINT('',#14515);
#10256=VERTEX_POINT('',#14516);
#10257=VERTEX_POINT('',#14517);
#10258=VERTEX_POINT('',#14518);
#10259=VERTEX_POINT('',#14519);
#10260=VERTEX_POINT('',#14520);
#10261=VERTEX_POINT('',#14521);
#10262=VERTEX_POINT('',#14522);
#10263=VERTEX_POINT('',#14523);
#10264=VERTEX_POINT('',#14524);
#10265=VERTEX_POINT('',#14525);
#10266=VERTEX_POINT('',#14526);
#10267=VERTEX_POINT('',#14527);
#10268=VERTEX_POINT('',#14528);
#10269=VERTEX_POINT('',#14529);
#10270=VERTEX_POINT('',#14530);
#10271=VERTEX_POINT('',#14531);
#10272=VERTEX_POINT('',#14532);
#10273=VERTEX_POINT('',#14533);
#10274=VERTEX_POINT('',#14534);
#10275=VERTEX_POINT('',#14535);
#10276=VERTEX_POINT('',#14536);
#10277=VERTEX_POINT('',#14537);
#10278=VERTEX_POINT('',#14538);
#10279=VERTEX_POINT('',#14539);
#10280=VERTEX_POINT('',#14540);
#10281=VERTEX_POINT('',#14541);
#10282=VERTEX_POINT('',#14542);
#10283=VERTEX_POINT('',#14543);
#10284=VERTEX_POINT('',#14544);
#10285=VERTEX_POINT('',#14545);
#10286=VERTEX_POINT('',#14546);
#10287=VERTEX_POINT('',#14547);
#10288=VERTEX_POINT('',#14548);
#10289=VERTEX_POINT('',#14549);
#10290=VERTEX_POINT('',#14550);
#10291=VERTEX_POINT('',#14551);
#10292=VERTEX_POINT('',#14552);
#10293=VERTEX_POINT('',#14553);
#10294=VERTEX_POINT('',#14554);
#10295=VERTEX_POINT('',#14555);
#10296=VERTEX_POINT('',#14556);
#10297=VERTEX_POINT('',#14557);
#10298=VERTEX_POINT('',#14558);
#10299=VERTEX_POINT('',#14559);
#10300=VERTEX_POINT('',#14560);
#10301=VERTEX_POINT('',#14561);
#10302=VERTEX_POINT('',#14562);
#10303=VERTEX_POINT('',#14563);
#10304=VERTEX_POINT('',#14564);
#10305=VERTEX_POINT('',#14565);
#10306=VERTEX_POINT('',#14566);
#10307=VERTEX_POINT('',#14567);
#10308=VERTEX_POINT('',#14568);
#10309=VERTEX_POINT('',#14569);
#10310=VERTEX_POINT('',#14570);
#10311=VERTEX_POINT('',#14571);
#10312=VERTEX_POINT('',#14572);
#10313=VERTEX_POINT('',#14573);
#10314=VERTEX_POINT('',#14574);
#10315=VERTEX_POINT('',#14575);
#10316=VERTEX_POINT('',#14576);
#10317=VERTEX_POINT('',#14577);
#10318=VERTEX_POINT('',#14578);
#10319=VERTEX_POINT('',#14579);
#10320=VERTEX_POINT('',#14580);
#10321=VERTEX_POINT('',#14581);
#10322=VERTEX_POINT('',#14582);
#10323=VERTEX_POINT('',#14583);
#10324=VERTEX_POINT('',#14584);
#10325=VERTEX_POINT('',#14585);
#10326=VERTEX_POINT('',#14586);
#10327=VERTEX_POINT('',#14587);
#10328=VERTEX_POINT('',#14588);
#10329=VERTEX_POINT('',#14589);
#10330=VERTEX_POINT('',#14590);
#10331=VERTEX_POINT('',#14591);
#10332=VERTEX_POINT('',#14592);
#10333=VERTEX_POINT('',#14593);
#10334=VERTEX_POINT('',#14594);
#10335=VERTEX_POINT('',#14595);
#10336=VERTEX_POINT('',#14596);
#10337=VERTEX_POINT('',#14597);
#10338=VERTEX_POINT('',#14598);
#10339=VERTEX_POINT('',#14599);
#10340=VERTEX_POINT('',#14600);
#10341=VERTEX_POINT('',#14601);
#10342=VERTEX_POINT('',#14602);
#10343=VERTEX_POINT('',#14603);
#10344=VERTEX_POINT('',#14604);
#10345=VERTEX_POINT('',#14605);
#10346=VERTEX_POINT('',#14606);
#10347=VERTEX_POINT('',#14607);
#10348=VERTEX_POINT('',#14608);
#10349=VERTEX_POINT('',#14609);
#10350=VERTEX_POINT('',#14610);
#10351=VERTEX_POINT('',#14611);
#10352=VERTEX_POINT('',#14612);
#10353=VERTEX_POINT('',#14613);
#10354=VERTEX_POINT('',#14614);
#10355=VERTEX_POINT('',#14615);
#10356=VERTEX_POINT('',#14616);
#10357=VERTEX_POINT('',#14617);
#10358=VERTEX_POINT('',#14618);
#10359=VERTEX_POINT('',#14619);
#10360=VERTEX_POINT('',#14620);
#10361=VERTEX_POINT('',#14621);
#10362=VERTEX_POINT('',#14622);
#10363=VERTEX_POINT('',#14623);
#10364=VERTEX_POINT('',#14624);
#10365=VERTEX_POINT('',#14625);
#10366=VERTEX_POINT('',#14626);
#10367=VERTEX_POINT('',#14627);
#10368=VERTEX_POINT('',#14628);
#10369=VERTEX_POINT('',#14629);
#10370=VERTEX_POINT('',#14630);
#10371=VERTEX_POINT('',#14631);
#10372=VERTEX_POINT('',#14632);
#10373=VERTEX_POINT('',#14633);
#10374=VERTEX_POINT('',#14634);
#10375=VERTEX_POINT('',#14635);
#10376=VERTEX_POINT('',#14636);
#10377=VERTEX_POINT('',#14637);
#10378=VERTEX_POINT('',#14638);
#10379=VERTEX_POINT('',#14639);
#10380=VERTEX_POINT('',#14640);
#10381=VERTEX_POINT('',#14641);
#10382=VERTEX_POINT('',#14642);
#10383=VERTEX_POINT('',#14643);
#10384=VERTEX_POINT('',#14644);
#10385=VERTEX_POINT('',#14645);
#10386=VERTEX_POINT('',#14646);
#10387=VERTEX_POINT('',#14647);
#10388=VERTEX_POINT('',#14648);
#10389=VERTEX_POINT('',#14649);
#10390=VERTEX_POINT('',#14650);
#10391=VERTEX_POINT('',#14651);
#10392=VERTEX_POINT('',#14652);
#10393=VERTEX_POINT('',#14653);
#10394=VERTEX_POINT('',#14654);
#10395=VERTEX_POINT('',#14655);
#10396=VERTEX_POINT('',#14656);
#10397=VERTEX_POINT('',#14657);
#10398=VERTEX_POINT('',#14658);
#10399=VERTEX_POINT('',#14659);
#10400=VERTEX_POINT('',#14660);
#10401=VERTEX_POINT('',#14661);
#10402=VERTEX_POINT('',#14662);
#10403=VERTEX_POINT('',#14663);
#10404=VERTEX_POINT('',#14664);
#10405=VERTEX_POINT('',#14665);
#10406=VERTEX_POINT('',#14666);
#10407=VERTEX_POINT('',#14667);
#10408=VERTEX_POINT('',#14668);
#10409=VERTEX_POINT('',#14669);
#10410=VERTEX_POINT('',#14670);
#10411=VERTEX_POINT('',#14671);
#10412=VERTEX_POINT('',#14672);
#10413=VERTEX_POINT('',#14673);
#10414=VERTEX_POINT('',#14674);
#10415=VERTEX_POINT('',#14675);
#10416=VERTEX_POINT('',#14676);
#10417=VERTEX_POINT('',#14677);
#10418=VERTEX_POINT('',#14678);
#10419=VERTEX_POINT('',#14679);
#10420=VERTEX_POINT('',#14680);
#10421=VERTEX_POINT('',#14681);
#10422=VERTEX_POINT('',#14682);
#10423=VERTEX_POINT('',#14683);
#10424=VERTEX_POINT('',#14684);
#10425=VERTEX_POINT('',#14685);
#10426=VERTEX_POINT('',#14686);
#10427=VERTEX_POINT('',#14687);
#10428=VERTEX_POINT('',#14688);
#10429=VERTEX_POINT('',#14689);
#10430=VERTEX_POINT('',#14690);
#10431=VERTEX_POINT('',#14691);
#10432=VERTEX_POINT('',#14692);
#10433=VERTEX_POINT('',#14693);
#10434=VERTEX_POINT('',#14694);
#10435=VERTEX_POINT('',#14695);
#10436=VERTEX_POINT('',#14696);
#10437=VERTEX_POINT('',#14697);
#10438=VERTEX_POINT('',#14698);
#10439=VERTEX_POINT('',#14699);
#10440=VERTEX_POINT('',#14700);
#10441=VERTEX_POINT('',#14701);
#10442=VERTEX_POINT('',#14702);
#10443=VERTEX_POINT('',#14703);
#10444=VERTEX_POINT('',#14704);
#10445=VERTEX_POINT('',#14705);
#10446=VERTEX_POINT('',#14706);
#10447=VERTEX_POINT('',#14707);
#10448=VERTEX_POINT('',#14708);
#10449=VERTEX_POINT('',#14709);
#10450=VERTEX_POINT('',#14710);
#10451=VERTEX_POINT('',#14711);
#10452=VERTEX_POINT('',#14712);
#10453=VERTEX_POINT('',#14713);
#10454=VERTEX_POINT('',#14714);
#10455=VERTEX_POINT('',#14715);
#10456=VERTEX_POINT('',#14716);
#10457=VERTEX_POINT('',#14717);
#10458=VERTEX_POINT('',#14718);
#10459=VERTEX_POINT('',#14719);
#10460=VERTEX_POINT('',#14720);
#10461=VERTEX_POINT('',#14721);
#10462=VERTEX_POINT('',#14722);
#10463=VERTEX_POINT('',#14723);
#10464=VERTEX_POINT('',#14724);
#10465=VERTEX_POINT('',#14725);
#10466=VERTEX_POINT('',#14726);
#10467=VERTEX_POINT('',#14727);
#10468=VERTEX_POINT('',#14728);
#10469=VERTEX_POINT('',#14729);
#10470=VERTEX_POINT('',#14730);
#10471=VERTEX_POINT('',#14731);
#10472=VERTEX_POINT('',#14732);
#10473=VERTEX_POINT('',#14733);
#10474=VERTEX_POINT('',#14734);
#10475=VERTEX_POINT('',#14735);
#10476=VERTEX_POINT('',#14736);
#10477=VERTEX_POINT('',#14737);
#10478=VERTEX_POINT('',#14738);
#10479=VERTEX_POINT('',#14739);
#10480=VERTEX_POINT('',#14740);
#10481=VERTEX_POINT('',#14741);
#10482=VERTEX_POINT('',#14742);
#10483=VERTEX_POINT('',#14743);
#10484=VERTEX_POINT('',#14744);
#10485=VERTEX_POINT('',#14745);
#10486=VERTEX_POINT('',#14746);
#10487=VERTEX_POINT('',#14747);
#10488=VERTEX_POINT('',#14748);
#10489=VERTEX_POINT('',#14749);
#10490=VERTEX_POINT('',#14750);
#10491=VERTEX_POINT('',#14751);
#10492=VERTEX_POINT('',#14752);
#10493=VERTEX_POINT('',#14753);
#10494=VERTEX_POINT('',#14754);
#10495=VERTEX_POINT('',#14755);
#10496=VERTEX_POINT('',#14756);
#10497=VERTEX_POINT('',#14757);
#10498=VERTEX_POINT('',#14758);
#10499=VERTEX_POINT('',#14759);
#10500=VERTEX_POINT('',#14760);
#10501=VERTEX_POINT('',#14761);
#10502=VERTEX_POINT('',#14762);
#10503=VERTEX_POINT('',#14763);
#10504=VERTEX_POINT('',#14764);
#10505=VERTEX_POINT('',#14765);
#10506=VERTEX_POINT('',#14766);
#10507=VERTEX_POINT('',#14767);
#10508=VERTEX_POINT('',#14768);
#10509=VERTEX_POINT('',#14769);
#10510=VERTEX_POINT('',#14770);
#10511=VERTEX_POINT('',#14771);
#10512=VERTEX_POINT('',#14772);
#10513=VERTEX_POINT('',#14773);
#10514=VERTEX_POINT('',#14774);
#10515=VERTEX_POINT('',#14775);
#10516=VERTEX_POINT('',#14776);
#10517=VERTEX_POINT('',#14777);
#10518=VERTEX_POINT('',#14778);
#10519=VERTEX_POINT('',#14779);
#10520=VERTEX_POINT('',#14780);
#10521=VERTEX_POINT('',#14781);
#10522=VERTEX_POINT('',#14782);
#10523=VERTEX_POINT('',#14783);
#10524=VERTEX_POINT('',#14784);
#10525=VERTEX_POINT('',#14785);
#10526=VERTEX_POINT('',#14786);
#10527=VERTEX_POINT('',#14787);
#10528=VERTEX_POINT('',#14788);
#10529=VERTEX_POINT('',#14789);
#10530=VERTEX_POINT('',#14790);
#10531=VERTEX_POINT('',#14791);
#10532=VERTEX_POINT('',#14792);
#10533=VERTEX_POINT('',#14793);
#10534=VERTEX_POINT('',#14794);
#10535=VERTEX_POINT('',#14795);
#10536=VERTEX_POINT('',#14796);
#10537=VERTEX_POINT('',#14797);
#10538=VERTEX_POINT('',#14798);
#10539=VERTEX_POINT('',#14799);
#10540=VERTEX_POINT('',#14800);
#10541=VERTEX_POINT('',#14801);
#10542=VERTEX_POINT('',#14802);
#10543=VERTEX_POINT('',#14803);
#10544=VERTEX_POINT('',#14804);
#10545=VERTEX_POINT('',#14805);
#10546=VERTEX_POINT('',#14806);
#10547=VERTEX_POINT('',#14807);
#10548=VERTEX_POINT('',#14808);
#10549=VERTEX_POINT('',#14809);
#10550=VERTEX_POINT('',#14810);
#10551=VERTEX_POINT('',#14811);
#10552=VERTEX_POINT('',#14812);
#10553=VERTEX_POINT('',#14813);
#10554=VERTEX_POINT('',#14814);
#10555=VERTEX_POINT('',#14815);
#10556=VERTEX_POINT('',#14816);
#10557=VERTEX_POINT('',#14817);
#10558=VERTEX_POINT('',#14818);
#10559=VERTEX_POINT('',#14819);
#10560=VERTEX_POINT('',#14820);
#10561=VERTEX_POINT('',#14821);
#10562=VERTEX_POINT('',#14822);
#10563=VERTEX_POINT('',#14823);
#10564=VERTEX_POINT('',#14824);
#10565=VERTEX_POINT('',#14825);
#10566=VERTEX_POINT('',#14826);
#10567=VERTEX_POINT('',#14827);
#10568=VERTEX_POINT('',#14828);
#10569=VERTEX_POINT('',#14829);
#10570=VERTEX_POINT('',#14830);
#10571=VERTEX_POINT('',#14831);
#10572=VERTEX_POINT('',#14832);
#10573=VERTEX_POINT('',#14833);
#10574=VERTEX_POINT('',#14834);
#10575=VERTEX_POINT('',#14835);
#10576=VERTEX_POINT('',#14836);
#10577=VERTEX_POINT('',#14837);
#10578=VERTEX_POINT('',#14838);
#10579=VERTEX_POINT('',#14839);
#10580=VERTEX_POINT('',#14840);
#10581=VERTEX_POINT('',#14841);
#10582=VERTEX_POINT('',#14842);
#10583=VERTEX_POINT('',#14843);
#10584=VERTEX_POINT('',#14844);
#10585=VERTEX_POINT('',#14845);
#10586=VERTEX_POINT('',#14846);
#10587=VERTEX_POINT('',#14847);
#10588=VERTEX_POINT('',#14848);
#10589=VERTEX_POINT('',#14849);
#10590=VERTEX_POINT('',#14850);
#10591=VERTEX_POINT('',#14851);
#10592=VERTEX_POINT('',#14852);
#10593=VERTEX_POINT('',#14853);
#10594=VERTEX_POINT('',#14854);
#10595=VERTEX_POINT('',#14855);
#10596=VERTEX_POINT('',#14856);
#10597=VERTEX_POINT('',#14857);
#10598=VERTEX_POINT('',#14858);
#10599=VERTEX_POINT('',#14859);
#10600=VERTEX_POINT('',#14860);
#10601=VERTEX_POINT('',#14861);
#10602=VERTEX_POINT('',#14862);
#10603=VERTEX_POINT('',#14863);
#10604=VERTEX_POINT('',#14864);
#10605=VERTEX_POINT('',#14865);
#10606=VERTEX_POINT('',#14866);
#10607=VERTEX_POINT('',#14867);
#10608=VERTEX_POINT('',#14868);
#10609=VERTEX_POINT('',#14869);
#10610=VERTEX_POINT('',#14870);
#10611=VERTEX_POINT('',#14871);
#10612=VERTEX_POINT('',#14872);
#10613=VERTEX_POINT('',#14873);
#10614=VERTEX_POINT('',#14874);
#10615=VERTEX_POINT('',#14875);
#10616=VERTEX_POINT('',#14876);
#10617=VERTEX_POINT('',#14877);
#10618=VERTEX_POINT('',#14878);
#10619=VERTEX_POINT('',#14879);
#10620=VERTEX_POINT('',#14880);
#10621=VERTEX_POINT('',#14881);
#10622=VERTEX_POINT('',#14882);
#10623=VERTEX_POINT('',#14883);
#10624=VERTEX_POINT('',#14884);
#10625=VERTEX_POINT('',#14885);
#10626=VERTEX_POINT('',#14886);
#10627=VERTEX_POINT('',#14887);
#10628=VERTEX_POINT('',#14888);
#10629=VERTEX_POINT('',#14889);
#10630=VERTEX_POINT('',#14890);
#10631=VERTEX_POINT('',#14891);
#10632=VERTEX_POINT('',#14892);
#10633=VERTEX_POINT('',#14893);
#10634=VERTEX_POINT('',#14894);
#10635=VERTEX_POINT('',#14895);
#10636=VERTEX_POINT('',#14896);
#10637=VERTEX_POINT('',#14897);
#10638=VERTEX_POINT('',#14898);
#10639=VERTEX_POINT('',#14899);
#10640=VERTEX_POINT('',#14900);
#10641=VERTEX_POINT('',#14901);
#10642=VERTEX_POINT('',#14902);
#10643=VERTEX_POINT('',#14903);
#10644=VERTEX_POINT('',#14904);
#10645=VERTEX_POINT('',#14905);
#10646=VERTEX_POINT('',#14906);
#10647=VERTEX_POINT('',#14907);
#10648=VERTEX_POINT('',#14908);
#10649=VERTEX_POINT('',#14909);
#10650=VERTEX_POINT('',#14910);
#10651=VERTEX_POINT('',#14911);
#10652=VERTEX_POINT('',#14912);
#10653=VERTEX_POINT('',#14913);
#10654=VERTEX_POINT('',#14914);
#10655=VERTEX_POINT('',#14915);
#10656=VERTEX_POINT('',#14916);
#10657=VERTEX_POINT('',#14917);
#10658=VERTEX_POINT('',#14918);
#10659=VERTEX_POINT('',#14919);
#10660=VERTEX_POINT('',#14920);
#10661=VERTEX_POINT('',#14921);
#10662=VERTEX_POINT('',#14922);
#10663=VERTEX_POINT('',#14923);
#10664=VERTEX_POINT('',#14924);
#10665=VERTEX_POINT('',#14925);
#10666=VERTEX_POINT('',#14926);
#10667=VERTEX_POINT('',#14927);
#10668=VERTEX_POINT('',#14928);
#10669=VERTEX_POINT('',#14929);
#10670=VERTEX_POINT('',#14930);
#10671=VERTEX_POINT('',#14931);
#10672=VERTEX_POINT('',#14932);
#10673=VERTEX_POINT('',#14933);
#10674=VERTEX_POINT('',#14934);
#10675=VERTEX_POINT('',#14935);
#10676=VERTEX_POINT('',#14936);
#10677=VERTEX_POINT('',#14937);
#10678=VERTEX_POINT('',#14938);
#10679=VERTEX_POINT('',#14939);
#10680=VERTEX_POINT('',#14940);
#10681=VERTEX_POINT('',#14941);
#10682=VERTEX_POINT('',#14942);
#10683=VERTEX_POINT('',#14943);
#10684=VERTEX_POINT('',#14944);
#10685=VERTEX_POINT('',#14945);
#10686=VERTEX_POINT('',#14946);
#10687=VERTEX_POINT('',#14947);
#10688=VERTEX_POINT('',#14948);
#10689=VERTEX_POINT('',#14949);
#10690=VERTEX_POINT('',#14950);
#10691=VERTEX_POINT('',#14951);
#10692=VERTEX_POINT('',#14952);
#10693=VERTEX_POINT('',#14953);
#10694=VERTEX_POINT('',#14954);
#10695=VERTEX_POINT('',#14955);
#10696=VERTEX_POINT('',#14956);
#10697=VERTEX_POINT('',#14957);
#10698=VERTEX_POINT('',#14958);
#10699=SHAPE_DEFINITION_REPRESENTATION(#16937,#10700);
#10700=SHAPE_REPRESENTATION('master',(#10701),#16939);
#10701=AXIS2_PLACEMENT_3D('',#14032,#11378,#11377);
#10702=AXIS2_PLACEMENT_3D('',#15157,#11578,#11577);
#10703=AXIS2_PLACEMENT_3D('',#15158,#11580,#11579);
#10704=AXIS2_PLACEMENT_3D('',#15159,#11582,#11581);
#10705=AXIS2_PLACEMENT_3D('',#15160,#11584,#11583);
#10706=AXIS2_PLACEMENT_3D('',#15161,#11586,#11585);
#10707=AXIS2_PLACEMENT_3D('',#15163,#11589,#11588);
#10708=AXIS2_PLACEMENT_3D('',#15166,#11593,#11592);
#10709=AXIS2_PLACEMENT_3D('',#15167,#11595,#11594);
#10710=AXIS2_PLACEMENT_3D('',#15168,#11597,#11596);
#10711=AXIS2_PLACEMENT_3D('',#15169,#11599,#11598);
#10712=AXIS2_PLACEMENT_3D('',#15173,#11604,#11603);
#10713=AXIS2_PLACEMENT_3D('',#15183,#11615,#11614);
#10714=AXIS2_PLACEMENT_3D('',#15184,#11617,#11616);
#10715=AXIS2_PLACEMENT_3D('',#15185,#11619,#11618);
#10716=AXIS2_PLACEMENT_3D('',#15186,#11621,#11620);
#10717=AXIS2_PLACEMENT_3D('',#15187,#11623,#11622);
#10718=AXIS2_PLACEMENT_3D('',#15189,#11626,#11625);
#10719=AXIS2_PLACEMENT_3D('',#15192,#11630,#11629);
#10720=AXIS2_PLACEMENT_3D('',#15193,#11632,#11631);
#10721=AXIS2_PLACEMENT_3D('',#15194,#11634,#11633);
#10722=AXIS2_PLACEMENT_3D('',#15195,#11636,#11635);
#10723=AXIS2_PLACEMENT_3D('',#15199,#11641,#11640);
#10724=AXIS2_PLACEMENT_3D('',#15340,#11783,#11782);
#10725=AXIS2_PLACEMENT_3D('',#15344,#11788,#11787);
#10726=AXIS2_PLACEMENT_3D('',#15354,#11799,#11798);
#10727=AXIS2_PLACEMENT_3D('',#15359,#11805,#11804);
#10728=AXIS2_PLACEMENT_3D('',#15370,#11817,#11816);
#10729=AXIS2_PLACEMENT_3D('',#15375,#11823,#11822);
#10730=AXIS2_PLACEMENT_3D('',#15388,#11837,#11836);
#10731=AXIS2_PLACEMENT_3D('',#15393,#11843,#11842);
#10732=AXIS2_PLACEMENT_3D('',#15404,#11855,#11854);
#10733=AXIS2_PLACEMENT_3D('',#15409,#11861,#11860);
#10734=AXIS2_PLACEMENT_3D('',#15422,#11875,#11874);
#10735=AXIS2_PLACEMENT_3D('',#15427,#11881,#11880);
#10736=AXIS2_PLACEMENT_3D('',#15440,#11895,#11894);
#10737=AXIS2_PLACEMENT_3D('',#15445,#11901,#11900);
#10738=AXIS2_PLACEMENT_3D('',#15458,#11915,#11914);
#10739=AXIS2_PLACEMENT_3D('',#15463,#11921,#11920);
#10740=AXIS2_PLACEMENT_3D('',#15476,#11935,#11934);
#10741=AXIS2_PLACEMENT_3D('',#15481,#11941,#11940);
#10742=AXIS2_PLACEMENT_3D('',#15494,#11955,#11954);
#10743=AXIS2_PLACEMENT_3D('',#15499,#11961,#11960);
#10744=AXIS2_PLACEMENT_3D('',#15512,#11975,#11974);
#10745=AXIS2_PLACEMENT_3D('',#15517,#11981,#11980);
#10746=AXIS2_PLACEMENT_3D('',#15528,#11993,#11992);
#10747=AXIS2_PLACEMENT_3D('',#15533,#11999,#11998);
#10748=AXIS2_PLACEMENT_3D('',#15546,#12013,#12012);
#10749=AXIS2_PLACEMENT_3D('',#15551,#12019,#12018);
#10750=AXIS2_PLACEMENT_3D('',#15564,#12033,#12032);
#10751=AXIS2_PLACEMENT_3D('',#15569,#12039,#12038);
#10752=AXIS2_PLACEMENT_3D('',#15582,#12053,#12052);
#10753=AXIS2_PLACEMENT_3D('',#15587,#12059,#12058);
#10754=AXIS2_PLACEMENT_3D('',#15600,#12073,#12072);
#10755=AXIS2_PLACEMENT_3D('',#15605,#12079,#12078);
#10756=AXIS2_PLACEMENT_3D('',#15618,#12093,#12092);
#10757=AXIS2_PLACEMENT_3D('',#15623,#12099,#12098);
#10758=AXIS2_PLACEMENT_3D('',#15636,#12113,#12112);
#10759=AXIS2_PLACEMENT_3D('',#15641,#12119,#12118);
#10760=AXIS2_PLACEMENT_3D('',#15652,#12131,#12130);
#10761=AXIS2_PLACEMENT_3D('',#15657,#12137,#12136);
#10762=AXIS2_PLACEMENT_3D('',#15670,#12151,#12150);
#10763=AXIS2_PLACEMENT_3D('',#15675,#12157,#12156);
#10764=AXIS2_PLACEMENT_3D('',#15688,#12171,#12170);
#10765=AXIS2_PLACEMENT_3D('',#15693,#12177,#12176);
#10766=AXIS2_PLACEMENT_3D('',#15706,#12191,#12190);
#10767=AXIS2_PLACEMENT_3D('',#15711,#12197,#12196);
#10768=AXIS2_PLACEMENT_3D('',#15724,#12211,#12210);
#10769=AXIS2_PLACEMENT_3D('',#15729,#12217,#12216);
#10770=AXIS2_PLACEMENT_3D('',#15742,#12231,#12230);
#10771=AXIS2_PLACEMENT_3D('',#15747,#12237,#12236);
#10772=AXIS2_PLACEMENT_3D('',#15760,#12251,#12250);
#10773=AXIS2_PLACEMENT_3D('',#15765,#12257,#12256);
#10774=AXIS2_PLACEMENT_3D('',#15776,#12269,#12268);
#10775=AXIS2_PLACEMENT_3D('',#15781,#12275,#12274);
#10776=AXIS2_PLACEMENT_3D('',#15794,#12289,#12288);
#10777=AXIS2_PLACEMENT_3D('',#15799,#12295,#12294);
#10778=AXIS2_PLACEMENT_3D('',#15812,#12309,#12308);
#10779=AXIS2_PLACEMENT_3D('',#15817,#12315,#12314);
#10780=AXIS2_PLACEMENT_3D('',#15830,#12329,#12328);
#10781=AXIS2_PLACEMENT_3D('',#15835,#12335,#12334);
#10782=AXIS2_PLACEMENT_3D('',#15848,#12349,#12348);
#10783=AXIS2_PLACEMENT_3D('',#15853,#12355,#12354);
#10784=AXIS2_PLACEMENT_3D('',#15866,#12369,#12368);
#10785=AXIS2_PLACEMENT_3D('',#15871,#12375,#12374);
#10786=AXIS2_PLACEMENT_3D('',#15884,#12389,#12388);
#10787=AXIS2_PLACEMENT_3D('',#15889,#12395,#12394);
#10788=AXIS2_PLACEMENT_3D('',#15900,#12407,#12406);
#10789=AXIS2_PLACEMENT_3D('',#15905,#12413,#12412);
#10790=AXIS2_PLACEMENT_3D('',#15918,#12427,#12426);
#10791=AXIS2_PLACEMENT_3D('',#15923,#12433,#12432);
#10792=AXIS2_PLACEMENT_3D('',#15936,#12447,#12446);
#10793=AXIS2_PLACEMENT_3D('',#15941,#12453,#12452);
#10794=AXIS2_PLACEMENT_3D('',#15954,#12467,#12466);
#10795=AXIS2_PLACEMENT_3D('',#15959,#12473,#12472);
#10796=AXIS2_PLACEMENT_3D('',#15972,#12487,#12486);
#10797=AXIS2_PLACEMENT_3D('',#15977,#12493,#12492);
#10798=AXIS2_PLACEMENT_3D('',#15988,#12505,#12504);
#10799=AXIS2_PLACEMENT_3D('',#15993,#12511,#12510);
#10800=AXIS2_PLACEMENT_3D('',#16006,#12525,#12524);
#10801=AXIS2_PLACEMENT_3D('',#16011,#12531,#12530);
#10802=AXIS2_PLACEMENT_3D('',#16024,#12545,#12544);
#10803=AXIS2_PLACEMENT_3D('',#16029,#12551,#12550);
#10804=AXIS2_PLACEMENT_3D('',#16040,#12563,#12562);
#10805=AXIS2_PLACEMENT_3D('',#16045,#12569,#12568);
#10806=AXIS2_PLACEMENT_3D('',#16058,#12583,#12582);
#10807=AXIS2_PLACEMENT_3D('',#16063,#12589,#12588);
#10808=AXIS2_PLACEMENT_3D('',#16076,#12603,#12602);
#10809=AXIS2_PLACEMENT_3D('',#16081,#12609,#12608);
#10810=AXIS2_PLACEMENT_3D('',#16092,#12621,#12620);
#10811=AXIS2_PLACEMENT_3D('',#16097,#12627,#12626);
#10812=AXIS2_PLACEMENT_3D('',#16110,#12641,#12640);
#10813=AXIS2_PLACEMENT_3D('',#16115,#12647,#12646);
#10814=AXIS2_PLACEMENT_3D('',#16128,#12661,#12660);
#10815=AXIS2_PLACEMENT_3D('',#16133,#12667,#12666);
#10816=AXIS2_PLACEMENT_3D('',#16144,#12679,#12678);
#10817=AXIS2_PLACEMENT_3D('',#16149,#12685,#12684);
#10818=AXIS2_PLACEMENT_3D('',#16162,#12699,#12698);
#10819=AXIS2_PLACEMENT_3D('',#16167,#12705,#12704);
#10820=AXIS2_PLACEMENT_3D('',#16180,#12719,#12718);
#10821=AXIS2_PLACEMENT_3D('',#16185,#12725,#12724);
#10822=AXIS2_PLACEMENT_3D('',#16196,#12737,#12736);
#10823=AXIS2_PLACEMENT_3D('',#16201,#12743,#12742);
#10824=AXIS2_PLACEMENT_3D('',#16214,#12757,#12756);
#10825=AXIS2_PLACEMENT_3D('',#16219,#12763,#12762);
#10826=AXIS2_PLACEMENT_3D('',#16230,#12775,#12774);
#10827=AXIS2_PLACEMENT_3D('',#16235,#12781,#12780);
#10828=AXIS2_PLACEMENT_3D('',#16246,#12793,#12792);
#10829=AXIS2_PLACEMENT_3D('',#16251,#12799,#12798);
#10830=AXIS2_PLACEMENT_3D('',#16262,#12811,#12810);
#10831=AXIS2_PLACEMENT_3D('',#16267,#12817,#12816);
#10832=AXIS2_PLACEMENT_3D('',#16278,#12829,#12828);
#10833=AXIS2_PLACEMENT_3D('',#16283,#12835,#12834);
#10834=AXIS2_PLACEMENT_3D('',#16294,#12847,#12846);
#10835=AXIS2_PLACEMENT_3D('',#16299,#12853,#12852);
#10836=AXIS2_PLACEMENT_3D('',#16310,#12865,#12864);
#10837=AXIS2_PLACEMENT_3D('',#16315,#12871,#12870);
#10838=AXIS2_PLACEMENT_3D('',#16326,#12883,#12882);
#10839=AXIS2_PLACEMENT_3D('',#16331,#12889,#12888);
#10840=AXIS2_PLACEMENT_3D('',#16342,#12901,#12900);
#10841=AXIS2_PLACEMENT_3D('',#16347,#12907,#12906);
#10842=AXIS2_PLACEMENT_3D('',#16358,#12919,#12918);
#10843=AXIS2_PLACEMENT_3D('',#16363,#12925,#12924);
#10844=AXIS2_PLACEMENT_3D('',#16374,#12937,#12936);
#10845=AXIS2_PLACEMENT_3D('',#16379,#12943,#12942);
#10846=AXIS2_PLACEMENT_3D('',#16390,#12955,#12954);
#10847=AXIS2_PLACEMENT_3D('',#16395,#12961,#12960);
#10848=AXIS2_PLACEMENT_3D('',#16403,#12970,#12969);
#10849=AXIS2_PLACEMENT_3D('',#16407,#12975,#12974);
#10850=AXIS2_PLACEMENT_3D('',#16410,#12979,#12978);
#10851=AXIS2_PLACEMENT_3D('',#16411,#12981,#12980);
#10852=AXIS2_PLACEMENT_3D('',#16412,#12983,#12982);
#10853=AXIS2_PLACEMENT_3D('',#16413,#12985,#12984);
#10854=AXIS2_PLACEMENT_3D('',#16414,#12987,#12986);
#10855=AXIS2_PLACEMENT_3D('',#16415,#12989,#12988);
#10856=AXIS2_PLACEMENT_3D('',#16416,#12991,#12990);
#10857=AXIS2_PLACEMENT_3D('',#16417,#12993,#12992);
#10858=AXIS2_PLACEMENT_3D('',#16418,#12995,#12994);
#10859=AXIS2_PLACEMENT_3D('',#16419,#12997,#12996);
#10860=AXIS2_PLACEMENT_3D('',#16420,#12999,#12998);
#10861=AXIS2_PLACEMENT_3D('',#16421,#13001,#13000);
#10862=AXIS2_PLACEMENT_3D('',#16422,#13003,#13002);
#10863=AXIS2_PLACEMENT_3D('',#16423,#13005,#13004);
#10864=AXIS2_PLACEMENT_3D('',#16424,#13007,#13006);
#10865=AXIS2_PLACEMENT_3D('',#16425,#13009,#13008);
#10866=AXIS2_PLACEMENT_3D('',#16426,#13011,#13010);
#10867=AXIS2_PLACEMENT_3D('',#16427,#13013,#13012);
#10868=AXIS2_PLACEMENT_3D('',#16428,#13015,#13014);
#10869=AXIS2_PLACEMENT_3D('',#16429,#13017,#13016);
#10870=AXIS2_PLACEMENT_3D('',#16430,#13019,#13018);
#10871=AXIS2_PLACEMENT_3D('',#16431,#13021,#13020);
#10872=AXIS2_PLACEMENT_3D('',#16432,#13023,#13022);
#10873=AXIS2_PLACEMENT_3D('',#16433,#13025,#13024);
#10874=AXIS2_PLACEMENT_3D('',#16434,#13027,#13026);
#10875=AXIS2_PLACEMENT_3D('',#16435,#13029,#13028);
#10876=AXIS2_PLACEMENT_3D('',#16436,#13031,#13030);
#10877=AXIS2_PLACEMENT_3D('',#16437,#13033,#13032);
#10878=AXIS2_PLACEMENT_3D('',#16438,#13035,#13034);
#10879=AXIS2_PLACEMENT_3D('',#16439,#13037,#13036);
#10880=AXIS2_PLACEMENT_3D('',#16440,#13039,#13038);
#10881=AXIS2_PLACEMENT_3D('',#16441,#13041,#13040);
#10882=AXIS2_PLACEMENT_3D('',#16442,#13043,#13042);
#10883=AXIS2_PLACEMENT_3D('',#16443,#13045,#13044);
#10884=AXIS2_PLACEMENT_3D('',#16444,#13047,#13046);
#10885=AXIS2_PLACEMENT_3D('',#16445,#13049,#13048);
#10886=AXIS2_PLACEMENT_3D('',#16446,#13051,#13050);
#10887=AXIS2_PLACEMENT_3D('',#16447,#13053,#13052);
#10888=AXIS2_PLACEMENT_3D('',#16448,#13055,#13054);
#10889=AXIS2_PLACEMENT_3D('',#16449,#13057,#13056);
#10890=AXIS2_PLACEMENT_3D('',#16450,#13059,#13058);
#10891=AXIS2_PLACEMENT_3D('',#16451,#13061,#13060);
#10892=AXIS2_PLACEMENT_3D('',#16452,#13063,#13062);
#10893=AXIS2_PLACEMENT_3D('',#16453,#13065,#13064);
#10894=AXIS2_PLACEMENT_3D('',#16454,#13067,#13066);
#10895=AXIS2_PLACEMENT_3D('',#16455,#13069,#13068);
#10896=AXIS2_PLACEMENT_3D('',#16456,#13071,#13070);
#10897=AXIS2_PLACEMENT_3D('',#16457,#13073,#13072);
#10898=AXIS2_PLACEMENT_3D('',#16458,#13075,#13074);
#10899=AXIS2_PLACEMENT_3D('',#16459,#13077,#13076);
#10900=AXIS2_PLACEMENT_3D('',#16460,#13079,#13078);
#10901=AXIS2_PLACEMENT_3D('',#16461,#13081,#13080);
#10902=AXIS2_PLACEMENT_3D('',#16462,#13083,#13082);
#10903=AXIS2_PLACEMENT_3D('',#16463,#13085,#13084);
#10904=AXIS2_PLACEMENT_3D('',#16464,#13087,#13086);
#10905=AXIS2_PLACEMENT_3D('',#16465,#13089,#13088);
#10906=AXIS2_PLACEMENT_3D('',#16466,#13091,#13090);
#10907=AXIS2_PLACEMENT_3D('',#16467,#13093,#13092);
#10908=AXIS2_PLACEMENT_3D('',#16468,#13095,#13094);
#10909=AXIS2_PLACEMENT_3D('',#16469,#13097,#13096);
#10910=AXIS2_PLACEMENT_3D('',#16470,#13099,#13098);
#10911=AXIS2_PLACEMENT_3D('',#16471,#13101,#13100);
#10912=AXIS2_PLACEMENT_3D('',#16472,#13103,#13102);
#10913=AXIS2_PLACEMENT_3D('',#16473,#13105,#13104);
#10914=AXIS2_PLACEMENT_3D('',#16474,#13107,#13106);
#10915=AXIS2_PLACEMENT_3D('',#16475,#13109,#13108);
#10916=AXIS2_PLACEMENT_3D('',#16476,#13111,#13110);
#10917=AXIS2_PLACEMENT_3D('',#16477,#13113,#13112);
#10918=AXIS2_PLACEMENT_3D('',#16478,#13115,#13114);
#10919=AXIS2_PLACEMENT_3D('',#16479,#13117,#13116);
#10920=AXIS2_PLACEMENT_3D('',#16480,#13119,#13118);
#10921=AXIS2_PLACEMENT_3D('',#16481,#13121,#13120);
#10922=AXIS2_PLACEMENT_3D('',#16482,#13123,#13122);
#10923=AXIS2_PLACEMENT_3D('',#16483,#13125,#13124);
#10924=AXIS2_PLACEMENT_3D('',#16484,#13127,#13126);
#10925=AXIS2_PLACEMENT_3D('',#16485,#13129,#13128);
#10926=AXIS2_PLACEMENT_3D('',#16486,#13131,#13130);
#10927=AXIS2_PLACEMENT_3D('',#16487,#13133,#13132);
#10928=AXIS2_PLACEMENT_3D('',#16488,#13135,#13134);
#10929=AXIS2_PLACEMENT_3D('',#16489,#13137,#13136);
#10930=AXIS2_PLACEMENT_3D('',#16490,#13139,#13138);
#10931=AXIS2_PLACEMENT_3D('',#16491,#13141,#13140);
#10932=AXIS2_PLACEMENT_3D('',#16492,#13143,#13142);
#10933=AXIS2_PLACEMENT_3D('',#16493,#13145,#13144);
#10934=AXIS2_PLACEMENT_3D('',#16494,#13147,#13146);
#10935=AXIS2_PLACEMENT_3D('',#16495,#13149,#13148);
#10936=AXIS2_PLACEMENT_3D('',#16496,#13151,#13150);
#10937=AXIS2_PLACEMENT_3D('',#16497,#13153,#13152);
#10938=AXIS2_PLACEMENT_3D('',#16498,#13155,#13154);
#10939=AXIS2_PLACEMENT_3D('',#16499,#13157,#13156);
#10940=AXIS2_PLACEMENT_3D('',#16500,#13159,#13158);
#10941=AXIS2_PLACEMENT_3D('',#16501,#13161,#13160);
#10942=AXIS2_PLACEMENT_3D('',#16502,#13163,#13162);
#10943=AXIS2_PLACEMENT_3D('',#16503,#13165,#13164);
#10944=AXIS2_PLACEMENT_3D('',#16504,#13167,#13166);
#10945=AXIS2_PLACEMENT_3D('',#16505,#13169,#13168);
#10946=AXIS2_PLACEMENT_3D('',#16506,#13171,#13170);
#10947=AXIS2_PLACEMENT_3D('',#16507,#13173,#13172);
#10948=AXIS2_PLACEMENT_3D('',#16508,#13175,#13174);
#10949=AXIS2_PLACEMENT_3D('',#16509,#13177,#13176);
#10950=AXIS2_PLACEMENT_3D('',#16510,#13179,#13178);
#10951=AXIS2_PLACEMENT_3D('',#16511,#13181,#13180);
#10952=AXIS2_PLACEMENT_3D('',#16512,#13183,#13182);
#10953=AXIS2_PLACEMENT_3D('',#16513,#13185,#13184);
#10954=AXIS2_PLACEMENT_3D('',#16514,#13187,#13186);
#10955=AXIS2_PLACEMENT_3D('',#16515,#13189,#13188);
#10956=AXIS2_PLACEMENT_3D('',#16516,#13191,#13190);
#10957=AXIS2_PLACEMENT_3D('',#16517,#13193,#13192);
#10958=AXIS2_PLACEMENT_3D('',#16518,#13195,#13194);
#10959=AXIS2_PLACEMENT_3D('',#16519,#13197,#13196);
#10960=AXIS2_PLACEMENT_3D('',#16520,#13199,#13198);
#10961=AXIS2_PLACEMENT_3D('',#16521,#13201,#13200);
#10962=AXIS2_PLACEMENT_3D('',#16522,#13203,#13202);
#10963=AXIS2_PLACEMENT_3D('',#16523,#13205,#13204);
#10964=AXIS2_PLACEMENT_3D('',#16524,#13207,#13206);
#10965=AXIS2_PLACEMENT_3D('',#16525,#13209,#13208);
#10966=AXIS2_PLACEMENT_3D('',#16526,#13211,#13210);
#10967=AXIS2_PLACEMENT_3D('',#16527,#13213,#13212);
#10968=AXIS2_PLACEMENT_3D('',#16528,#13215,#13214);
#10969=AXIS2_PLACEMENT_3D('',#16529,#13217,#13216);
#10970=AXIS2_PLACEMENT_3D('',#16530,#13219,#13218);
#10971=AXIS2_PLACEMENT_3D('',#16531,#13221,#13220);
#10972=AXIS2_PLACEMENT_3D('',#16532,#13223,#13222);
#10973=AXIS2_PLACEMENT_3D('',#16533,#13225,#13224);
#10974=AXIS2_PLACEMENT_3D('',#16534,#13227,#13226);
#10975=AXIS2_PLACEMENT_3D('',#16535,#13229,#13228);
#10976=AXIS2_PLACEMENT_3D('',#16536,#13231,#13230);
#10977=AXIS2_PLACEMENT_3D('',#16537,#13233,#13232);
#10978=AXIS2_PLACEMENT_3D('',#16538,#13235,#13234);
#10979=AXIS2_PLACEMENT_3D('',#16539,#13237,#13236);
#10980=AXIS2_PLACEMENT_3D('',#16540,#13239,#13238);
#10981=AXIS2_PLACEMENT_3D('',#16541,#13241,#13240);
#10982=AXIS2_PLACEMENT_3D('',#16542,#13243,#13242);
#10983=AXIS2_PLACEMENT_3D('',#16543,#13245,#13244);
#10984=AXIS2_PLACEMENT_3D('',#16544,#13247,#13246);
#10985=AXIS2_PLACEMENT_3D('',#16545,#13249,#13248);
#10986=AXIS2_PLACEMENT_3D('',#16546,#13251,#13250);
#10987=AXIS2_PLACEMENT_3D('',#16547,#13253,#13252);
#10988=AXIS2_PLACEMENT_3D('',#16548,#13255,#13254);
#10989=AXIS2_PLACEMENT_3D('',#16549,#13257,#13256);
#10990=AXIS2_PLACEMENT_3D('',#16550,#13259,#13258);
#10991=AXIS2_PLACEMENT_3D('',#16551,#13261,#13260);
#10992=AXIS2_PLACEMENT_3D('',#16552,#13263,#13262);
#10993=AXIS2_PLACEMENT_3D('',#16553,#13265,#13264);
#10994=AXIS2_PLACEMENT_3D('',#16554,#13267,#13266);
#10995=AXIS2_PLACEMENT_3D('',#16555,#13269,#13268);
#10996=AXIS2_PLACEMENT_3D('',#16556,#13271,#13270);
#10997=AXIS2_PLACEMENT_3D('',#16557,#13273,#13272);
#10998=AXIS2_PLACEMENT_3D('',#16558,#13275,#13274);
#10999=AXIS2_PLACEMENT_3D('',#16559,#13277,#13276);
#11000=AXIS2_PLACEMENT_3D('',#16560,#13279,#13278);
#11001=AXIS2_PLACEMENT_3D('',#16561,#13281,#13280);
#11002=AXIS2_PLACEMENT_3D('',#16562,#13283,#13282);
#11003=AXIS2_PLACEMENT_3D('',#16563,#13285,#13284);
#11004=AXIS2_PLACEMENT_3D('',#16564,#13287,#13286);
#11005=AXIS2_PLACEMENT_3D('',#16565,#13289,#13288);
#11006=AXIS2_PLACEMENT_3D('',#16566,#13291,#13290);
#11007=AXIS2_PLACEMENT_3D('',#16567,#13293,#13292);
#11008=AXIS2_PLACEMENT_3D('',#16568,#13295,#13294);
#11009=AXIS2_PLACEMENT_3D('',#16569,#13297,#13296);
#11010=AXIS2_PLACEMENT_3D('',#16570,#13299,#13298);
#11011=AXIS2_PLACEMENT_3D('',#16571,#13301,#13300);
#11012=AXIS2_PLACEMENT_3D('',#16572,#13303,#13302);
#11013=AXIS2_PLACEMENT_3D('',#16573,#13305,#13304);
#11014=AXIS2_PLACEMENT_3D('',#16574,#13307,#13306);
#11015=AXIS2_PLACEMENT_3D('',#16575,#13309,#13308);
#11016=AXIS2_PLACEMENT_3D('',#16576,#13311,#13310);
#11017=AXIS2_PLACEMENT_3D('',#16577,#13313,#13312);
#11018=AXIS2_PLACEMENT_3D('',#16578,#13315,#13314);
#11019=AXIS2_PLACEMENT_3D('',#16579,#13317,#13316);
#11020=AXIS2_PLACEMENT_3D('',#16580,#13319,#13318);
#11021=AXIS2_PLACEMENT_3D('',#16581,#13321,#13320);
#11022=AXIS2_PLACEMENT_3D('',#16582,#13323,#13322);
#11023=AXIS2_PLACEMENT_3D('',#16583,#13325,#13324);
#11024=AXIS2_PLACEMENT_3D('',#16584,#13327,#13326);
#11025=AXIS2_PLACEMENT_3D('',#16585,#13329,#13328);
#11026=AXIS2_PLACEMENT_3D('',#16586,#13331,#13330);
#11027=AXIS2_PLACEMENT_3D('',#16587,#13333,#13332);
#11028=AXIS2_PLACEMENT_3D('',#16588,#13335,#13334);
#11029=AXIS2_PLACEMENT_3D('',#16589,#13337,#13336);
#11030=AXIS2_PLACEMENT_3D('',#16590,#13339,#13338);
#11031=AXIS2_PLACEMENT_3D('',#16591,#13341,#13340);
#11032=AXIS2_PLACEMENT_3D('',#16592,#13343,#13342);
#11033=AXIS2_PLACEMENT_3D('',#16593,#13345,#13344);
#11034=AXIS2_PLACEMENT_3D('',#16594,#13347,#13346);
#11035=AXIS2_PLACEMENT_3D('',#16595,#13349,#13348);
#11036=AXIS2_PLACEMENT_3D('',#16596,#13351,#13350);
#11037=AXIS2_PLACEMENT_3D('',#16597,#13353,#13352);
#11038=AXIS2_PLACEMENT_3D('',#16598,#13355,#13354);
#11039=AXIS2_PLACEMENT_3D('',#16599,#13357,#13356);
#11040=AXIS2_PLACEMENT_3D('',#16600,#13359,#13358);
#11041=AXIS2_PLACEMENT_3D('',#16601,#13361,#13360);
#11042=AXIS2_PLACEMENT_3D('',#16602,#13363,#13362);
#11043=AXIS2_PLACEMENT_3D('',#16603,#13365,#13364);
#11044=AXIS2_PLACEMENT_3D('',#16604,#13367,#13366);
#11045=AXIS2_PLACEMENT_3D('',#16605,#13369,#13368);
#11046=AXIS2_PLACEMENT_3D('',#16606,#13371,#13370);
#11047=AXIS2_PLACEMENT_3D('',#16607,#13373,#13372);
#11048=AXIS2_PLACEMENT_3D('',#16608,#13375,#13374);
#11049=AXIS2_PLACEMENT_3D('',#16609,#13377,#13376);
#11050=AXIS2_PLACEMENT_3D('',#16610,#13379,#13378);
#11051=AXIS2_PLACEMENT_3D('',#16611,#13381,#13380);
#11052=AXIS2_PLACEMENT_3D('',#16612,#13383,#13382);
#11053=AXIS2_PLACEMENT_3D('',#16613,#13385,#13384);
#11054=AXIS2_PLACEMENT_3D('',#16614,#13387,#13386);
#11055=AXIS2_PLACEMENT_3D('',#16615,#13389,#13388);
#11056=AXIS2_PLACEMENT_3D('',#16616,#13391,#13390);
#11057=AXIS2_PLACEMENT_3D('',#16617,#13393,#13392);
#11058=AXIS2_PLACEMENT_3D('',#16618,#13395,#13394);
#11059=AXIS2_PLACEMENT_3D('',#16619,#13397,#13396);
#11060=AXIS2_PLACEMENT_3D('',#16620,#13399,#13398);
#11061=AXIS2_PLACEMENT_3D('',#16621,#13401,#13400);
#11062=AXIS2_PLACEMENT_3D('',#16622,#13403,#13402);
#11063=AXIS2_PLACEMENT_3D('',#16623,#13405,#13404);
#11064=AXIS2_PLACEMENT_3D('',#16624,#13407,#13406);
#11065=AXIS2_PLACEMENT_3D('',#16625,#13409,#13408);
#11066=AXIS2_PLACEMENT_3D('',#16626,#13411,#13410);
#11067=AXIS2_PLACEMENT_3D('',#16627,#13413,#13412);
#11068=AXIS2_PLACEMENT_3D('',#16628,#13415,#13414);
#11069=AXIS2_PLACEMENT_3D('',#16629,#13417,#13416);
#11070=AXIS2_PLACEMENT_3D('',#16630,#13419,#13418);
#11071=AXIS2_PLACEMENT_3D('',#16631,#13421,#13420);
#11072=AXIS2_PLACEMENT_3D('',#16632,#13423,#13422);
#11073=AXIS2_PLACEMENT_3D('',#16633,#13425,#13424);
#11074=AXIS2_PLACEMENT_3D('',#16634,#13427,#13426);
#11075=AXIS2_PLACEMENT_3D('',#16635,#13429,#13428);
#11076=AXIS2_PLACEMENT_3D('',#16636,#13431,#13430);
#11077=AXIS2_PLACEMENT_3D('',#16637,#13433,#13432);
#11078=AXIS2_PLACEMENT_3D('',#16638,#13435,#13434);
#11079=AXIS2_PLACEMENT_3D('',#16639,#13437,#13436);
#11080=AXIS2_PLACEMENT_3D('',#16640,#13439,#13438);
#11081=AXIS2_PLACEMENT_3D('',#16641,#13441,#13440);
#11082=AXIS2_PLACEMENT_3D('',#16642,#13443,#13442);
#11083=AXIS2_PLACEMENT_3D('',#16643,#13445,#13444);
#11084=AXIS2_PLACEMENT_3D('',#16644,#13447,#13446);
#11085=AXIS2_PLACEMENT_3D('',#16645,#13449,#13448);
#11086=AXIS2_PLACEMENT_3D('',#16646,#13451,#13450);
#11087=AXIS2_PLACEMENT_3D('',#16647,#13453,#13452);
#11088=AXIS2_PLACEMENT_3D('',#16648,#13455,#13454);
#11089=AXIS2_PLACEMENT_3D('',#16649,#13457,#13456);
#11090=AXIS2_PLACEMENT_3D('',#16650,#13459,#13458);
#11091=AXIS2_PLACEMENT_3D('',#16651,#13461,#13460);
#11092=AXIS2_PLACEMENT_3D('',#16652,#13463,#13462);
#11093=AXIS2_PLACEMENT_3D('',#16653,#13465,#13464);
#11094=AXIS2_PLACEMENT_3D('',#16654,#13467,#13466);
#11095=AXIS2_PLACEMENT_3D('',#16655,#13469,#13468);
#11096=AXIS2_PLACEMENT_3D('',#16656,#13471,#13470);
#11097=AXIS2_PLACEMENT_3D('',#16657,#13473,#13472);
#11098=AXIS2_PLACEMENT_3D('',#16658,#13475,#13474);
#11099=AXIS2_PLACEMENT_3D('',#16659,#13477,#13476);
#11100=AXIS2_PLACEMENT_3D('',#16660,#13479,#13478);
#11101=AXIS2_PLACEMENT_3D('',#16661,#13481,#13480);
#11102=AXIS2_PLACEMENT_3D('',#16662,#13483,#13482);
#11103=AXIS2_PLACEMENT_3D('',#16663,#13485,#13484);
#11104=AXIS2_PLACEMENT_3D('',#16664,#13487,#13486);
#11105=AXIS2_PLACEMENT_3D('',#16665,#13489,#13488);
#11106=AXIS2_PLACEMENT_3D('',#16666,#13491,#13490);
#11107=AXIS2_PLACEMENT_3D('',#16667,#13493,#13492);
#11108=AXIS2_PLACEMENT_3D('',#16668,#13495,#13494);
#11109=AXIS2_PLACEMENT_3D('',#16669,#13497,#13496);
#11110=AXIS2_PLACEMENT_3D('',#16670,#13499,#13498);
#11111=AXIS2_PLACEMENT_3D('',#16671,#13501,#13500);
#11112=AXIS2_PLACEMENT_3D('',#16672,#13503,#13502);
#11113=AXIS2_PLACEMENT_3D('',#16673,#13505,#13504);
#11114=AXIS2_PLACEMENT_3D('',#16674,#13507,#13506);
#11115=AXIS2_PLACEMENT_3D('',#16675,#13509,#13508);
#11116=AXIS2_PLACEMENT_3D('',#16676,#13511,#13510);
#11117=AXIS2_PLACEMENT_3D('',#16677,#13513,#13512);
#11118=AXIS2_PLACEMENT_3D('',#16678,#13515,#13514);
#11119=AXIS2_PLACEMENT_3D('',#16679,#13517,#13516);
#11120=AXIS2_PLACEMENT_3D('',#16680,#13519,#13518);
#11121=AXIS2_PLACEMENT_3D('',#16681,#13521,#13520);
#11122=AXIS2_PLACEMENT_3D('',#16682,#13523,#13522);
#11123=AXIS2_PLACEMENT_3D('',#16683,#13525,#13524);
#11124=AXIS2_PLACEMENT_3D('',#16684,#13527,#13526);
#11125=AXIS2_PLACEMENT_3D('',#16685,#13529,#13528);
#11126=AXIS2_PLACEMENT_3D('',#16686,#13531,#13530);
#11127=AXIS2_PLACEMENT_3D('',#16687,#13533,#13532);
#11128=AXIS2_PLACEMENT_3D('',#16688,#13535,#13534);
#11129=AXIS2_PLACEMENT_3D('',#16689,#13537,#13536);
#11130=AXIS2_PLACEMENT_3D('',#16690,#13539,#13538);
#11131=AXIS2_PLACEMENT_3D('',#16691,#13541,#13540);
#11132=AXIS2_PLACEMENT_3D('',#16692,#13543,#13542);
#11133=AXIS2_PLACEMENT_3D('',#16693,#13545,#13544);
#11134=AXIS2_PLACEMENT_3D('',#16694,#13547,#13546);
#11135=AXIS2_PLACEMENT_3D('',#16695,#13549,#13548);
#11136=AXIS2_PLACEMENT_3D('',#16696,#13551,#13550);
#11137=AXIS2_PLACEMENT_3D('',#16697,#13553,#13552);
#11138=AXIS2_PLACEMENT_3D('',#16698,#13555,#13554);
#11139=AXIS2_PLACEMENT_3D('',#16699,#13557,#13556);
#11140=AXIS2_PLACEMENT_3D('',#16700,#13559,#13558);
#11141=AXIS2_PLACEMENT_3D('',#16701,#13561,#13560);
#11142=AXIS2_PLACEMENT_3D('',#16702,#13563,#13562);
#11143=AXIS2_PLACEMENT_3D('',#16703,#13565,#13564);
#11144=AXIS2_PLACEMENT_3D('',#16704,#13567,#13566);
#11145=AXIS2_PLACEMENT_3D('',#16705,#13569,#13568);
#11146=AXIS2_PLACEMENT_3D('',#16706,#13571,#13570);
#11147=AXIS2_PLACEMENT_3D('',#16707,#13573,#13572);
#11148=AXIS2_PLACEMENT_3D('',#16708,#13575,#13574);
#11149=AXIS2_PLACEMENT_3D('',#16709,#13577,#13576);
#11150=AXIS2_PLACEMENT_3D('',#16710,#13579,#13578);
#11151=AXIS2_PLACEMENT_3D('',#16711,#13581,#13580);
#11152=AXIS2_PLACEMENT_3D('',#16712,#13583,#13582);
#11153=AXIS2_PLACEMENT_3D('',#16713,#13585,#13584);
#11154=AXIS2_PLACEMENT_3D('',#16714,#13587,#13586);
#11155=AXIS2_PLACEMENT_3D('',#16715,#13589,#13588);
#11156=AXIS2_PLACEMENT_3D('',#16716,#13591,#13590);
#11157=AXIS2_PLACEMENT_3D('',#16717,#13593,#13592);
#11158=AXIS2_PLACEMENT_3D('',#16718,#13595,#13594);
#11159=AXIS2_PLACEMENT_3D('',#16719,#13597,#13596);
#11160=AXIS2_PLACEMENT_3D('',#16720,#13599,#13598);
#11161=AXIS2_PLACEMENT_3D('',#16721,#13601,#13600);
#11162=AXIS2_PLACEMENT_3D('',#16722,#13603,#13602);
#11163=AXIS2_PLACEMENT_3D('',#16723,#13605,#13604);
#11164=AXIS2_PLACEMENT_3D('',#16724,#13607,#13606);
#11165=AXIS2_PLACEMENT_3D('',#16725,#13609,#13608);
#11166=AXIS2_PLACEMENT_3D('',#16726,#13611,#13610);
#11167=AXIS2_PLACEMENT_3D('',#16727,#13613,#13612);
#11168=AXIS2_PLACEMENT_3D('',#16728,#13615,#13614);
#11169=AXIS2_PLACEMENT_3D('',#16729,#13617,#13616);
#11170=AXIS2_PLACEMENT_3D('',#16730,#13619,#13618);
#11171=AXIS2_PLACEMENT_3D('',#16731,#13621,#13620);
#11172=AXIS2_PLACEMENT_3D('',#16732,#13623,#13622);
#11173=AXIS2_PLACEMENT_3D('',#16733,#13625,#13624);
#11174=AXIS2_PLACEMENT_3D('',#16734,#13627,#13626);
#11175=AXIS2_PLACEMENT_3D('',#16735,#13629,#13628);
#11176=AXIS2_PLACEMENT_3D('',#16736,#13631,#13630);
#11177=AXIS2_PLACEMENT_3D('',#16737,#13633,#13632);
#11178=AXIS2_PLACEMENT_3D('',#16738,#13635,#13634);
#11179=AXIS2_PLACEMENT_3D('',#16739,#13637,#13636);
#11180=AXIS2_PLACEMENT_3D('',#16740,#13639,#13638);
#11181=AXIS2_PLACEMENT_3D('',#16741,#13641,#13640);
#11182=AXIS2_PLACEMENT_3D('',#16742,#13643,#13642);
#11183=AXIS2_PLACEMENT_3D('',#16743,#13645,#13644);
#11184=AXIS2_PLACEMENT_3D('',#16744,#13647,#13646);
#11185=AXIS2_PLACEMENT_3D('',#16745,#13649,#13648);
#11186=AXIS2_PLACEMENT_3D('',#16746,#13651,#13650);
#11187=AXIS2_PLACEMENT_3D('',#16747,#13653,#13652);
#11188=AXIS2_PLACEMENT_3D('',#16748,#13655,#13654);
#11189=AXIS2_PLACEMENT_3D('',#16749,#13657,#13656);
#11190=AXIS2_PLACEMENT_3D('',#16750,#13659,#13658);
#11191=AXIS2_PLACEMENT_3D('',#16751,#13661,#13660);
#11192=AXIS2_PLACEMENT_3D('',#16752,#13663,#13662);
#11193=AXIS2_PLACEMENT_3D('',#16753,#13665,#13664);
#11194=AXIS2_PLACEMENT_3D('',#16754,#13667,#13666);
#11195=AXIS2_PLACEMENT_3D('',#16755,#13669,#13668);
#11196=AXIS2_PLACEMENT_3D('',#16756,#13671,#13670);
#11197=AXIS2_PLACEMENT_3D('',#16757,#13673,#13672);
#11198=AXIS2_PLACEMENT_3D('',#16758,#13675,#13674);
#11199=AXIS2_PLACEMENT_3D('',#16759,#13677,#13676);
#11200=AXIS2_PLACEMENT_3D('',#16760,#13679,#13678);
#11201=AXIS2_PLACEMENT_3D('',#16761,#13681,#13680);
#11202=AXIS2_PLACEMENT_3D('',#16762,#13683,#13682);
#11203=AXIS2_PLACEMENT_3D('',#16763,#13685,#13684);
#11204=AXIS2_PLACEMENT_3D('',#16764,#13687,#13686);
#11205=AXIS2_PLACEMENT_3D('',#16765,#13689,#13688);
#11206=AXIS2_PLACEMENT_3D('',#16766,#13691,#13690);
#11207=AXIS2_PLACEMENT_3D('',#16767,#13693,#13692);
#11208=AXIS2_PLACEMENT_3D('',#16768,#13695,#13694);
#11209=AXIS2_PLACEMENT_3D('',#16769,#13697,#13696);
#11210=AXIS2_PLACEMENT_3D('',#16770,#13699,#13698);
#11211=AXIS2_PLACEMENT_3D('',#16771,#13701,#13700);
#11212=AXIS2_PLACEMENT_3D('',#16772,#13703,#13702);
#11213=AXIS2_PLACEMENT_3D('',#16773,#13705,#13704);
#11214=AXIS2_PLACEMENT_3D('',#16774,#13707,#13706);
#11215=AXIS2_PLACEMENT_3D('',#16775,#13709,#13708);
#11216=AXIS2_PLACEMENT_3D('',#16776,#13711,#13710);
#11217=AXIS2_PLACEMENT_3D('',#16777,#13713,#13712);
#11218=AXIS2_PLACEMENT_3D('',#16778,#13715,#13714);
#11219=AXIS2_PLACEMENT_3D('',#16779,#13717,#13716);
#11220=AXIS2_PLACEMENT_3D('',#16780,#13719,#13718);
#11221=AXIS2_PLACEMENT_3D('',#16781,#13721,#13720);
#11222=AXIS2_PLACEMENT_3D('',#16782,#13723,#13722);
#11223=AXIS2_PLACEMENT_3D('',#16783,#13725,#13724);
#11224=AXIS2_PLACEMENT_3D('',#16784,#13727,#13726);
#11225=AXIS2_PLACEMENT_3D('',#16785,#13729,#13728);
#11226=AXIS2_PLACEMENT_3D('',#16786,#13731,#13730);
#11227=AXIS2_PLACEMENT_3D('',#16787,#13733,#13732);
#11228=AXIS2_PLACEMENT_3D('',#16788,#13735,#13734);
#11229=AXIS2_PLACEMENT_3D('',#16789,#13737,#13736);
#11230=AXIS2_PLACEMENT_3D('',#16790,#13739,#13738);
#11231=AXIS2_PLACEMENT_3D('',#16791,#13741,#13740);
#11232=AXIS2_PLACEMENT_3D('',#16792,#13743,#13742);
#11233=AXIS2_PLACEMENT_3D('',#16793,#13745,#13744);
#11234=AXIS2_PLACEMENT_3D('',#16794,#13747,#13746);
#11235=AXIS2_PLACEMENT_3D('',#16795,#13749,#13748);
#11236=AXIS2_PLACEMENT_3D('',#16796,#13751,#13750);
#11237=AXIS2_PLACEMENT_3D('',#16797,#13753,#13752);
#11238=AXIS2_PLACEMENT_3D('',#16798,#13755,#13754);
#11239=AXIS2_PLACEMENT_3D('',#16799,#13757,#13756);
#11240=AXIS2_PLACEMENT_3D('',#16800,#13759,#13758);
#11241=AXIS2_PLACEMENT_3D('',#16801,#13761,#13760);
#11242=AXIS2_PLACEMENT_3D('',#16802,#13763,#13762);
#11243=AXIS2_PLACEMENT_3D('',#16803,#13765,#13764);
#11244=AXIS2_PLACEMENT_3D('',#16804,#13767,#13766);
#11245=AXIS2_PLACEMENT_3D('',#16805,#13769,#13768);
#11246=AXIS2_PLACEMENT_3D('',#16806,#13771,#13770);
#11247=AXIS2_PLACEMENT_3D('',#16807,#13773,#13772);
#11248=AXIS2_PLACEMENT_3D('',#16808,#13775,#13774);
#11249=AXIS2_PLACEMENT_3D('',#16809,#13777,#13776);
#11250=AXIS2_PLACEMENT_3D('',#16810,#13779,#13778);
#11251=AXIS2_PLACEMENT_3D('',#16811,#13781,#13780);
#11252=AXIS2_PLACEMENT_3D('',#16812,#13783,#13782);
#11253=AXIS2_PLACEMENT_3D('',#16813,#13785,#13784);
#11254=AXIS2_PLACEMENT_3D('',#16814,#13787,#13786);
#11255=AXIS2_PLACEMENT_3D('',#16815,#13789,#13788);
#11256=AXIS2_PLACEMENT_3D('',#16816,#13791,#13790);
#11257=AXIS2_PLACEMENT_3D('',#16817,#13793,#13792);
#11258=AXIS2_PLACEMENT_3D('',#16818,#13795,#13794);
#11259=AXIS2_PLACEMENT_3D('',#16819,#13797,#13796);
#11260=AXIS2_PLACEMENT_3D('',#16820,#13799,#13798);
#11261=AXIS2_PLACEMENT_3D('',#16821,#13801,#13800);
#11262=AXIS2_PLACEMENT_3D('',#16822,#13803,#13802);
#11263=AXIS2_PLACEMENT_3D('',#16823,#13805,#13804);
#11264=AXIS2_PLACEMENT_3D('',#16824,#13807,#13806);
#11265=AXIS2_PLACEMENT_3D('',#16825,#13809,#13808);
#11266=AXIS2_PLACEMENT_3D('',#16826,#13811,#13810);
#11267=AXIS2_PLACEMENT_3D('',#16827,#13813,#13812);
#11268=AXIS2_PLACEMENT_3D('',#16828,#13815,#13814);
#11269=AXIS2_PLACEMENT_3D('',#16829,#13817,#13816);
#11270=AXIS2_PLACEMENT_3D('',#16830,#13819,#13818);
#11271=AXIS2_PLACEMENT_3D('',#16831,#13821,#13820);
#11272=AXIS2_PLACEMENT_3D('',#16832,#13823,#13822);
#11273=AXIS2_PLACEMENT_3D('',#16833,#13825,#13824);
#11274=AXIS2_PLACEMENT_3D('',#16834,#13827,#13826);
#11275=AXIS2_PLACEMENT_3D('',#16835,#13829,#13828);
#11276=AXIS2_PLACEMENT_3D('',#16836,#13831,#13830);
#11277=AXIS2_PLACEMENT_3D('',#16837,#13833,#13832);
#11278=AXIS2_PLACEMENT_3D('',#16838,#13835,#13834);
#11279=AXIS2_PLACEMENT_3D('',#16839,#13837,#13836);
#11280=AXIS2_PLACEMENT_3D('',#16840,#13839,#13838);
#11281=AXIS2_PLACEMENT_3D('',#16841,#13841,#13840);
#11282=AXIS2_PLACEMENT_3D('',#16842,#13843,#13842);
#11283=AXIS2_PLACEMENT_3D('',#16843,#13845,#13844);
#11284=AXIS2_PLACEMENT_3D('',#16844,#13847,#13846);
#11285=AXIS2_PLACEMENT_3D('',#16845,#13849,#13848);
#11286=AXIS2_PLACEMENT_3D('',#16846,#13851,#13850);
#11287=AXIS2_PLACEMENT_3D('',#16847,#13853,#13852);
#11288=AXIS2_PLACEMENT_3D('',#16848,#13855,#13854);
#11289=AXIS2_PLACEMENT_3D('',#16849,#13857,#13856);
#11290=AXIS2_PLACEMENT_3D('',#16850,#13859,#13858);
#11291=AXIS2_PLACEMENT_3D('',#16851,#13861,#13860);
#11292=AXIS2_PLACEMENT_3D('',#16852,#13863,#13862);
#11293=AXIS2_PLACEMENT_3D('',#16853,#13865,#13864);
#11294=AXIS2_PLACEMENT_3D('',#16854,#13867,#13866);
#11295=AXIS2_PLACEMENT_3D('',#16855,#13869,#13868);
#11296=AXIS2_PLACEMENT_3D('',#16856,#13871,#13870);
#11297=AXIS2_PLACEMENT_3D('',#16857,#13873,#13872);
#11298=AXIS2_PLACEMENT_3D('',#16858,#13875,#13874);
#11299=AXIS2_PLACEMENT_3D('',#16859,#13877,#13876);
#11300=AXIS2_PLACEMENT_3D('',#16860,#13879,#13878);
#11301=AXIS2_PLACEMENT_3D('',#16861,#13881,#13880);
#11302=AXIS2_PLACEMENT_3D('',#16862,#13883,#13882);
#11303=AXIS2_PLACEMENT_3D('',#16863,#13885,#13884);
#11304=AXIS2_PLACEMENT_3D('',#16864,#13887,#13886);
#11305=AXIS2_PLACEMENT_3D('',#16865,#13889,#13888);
#11306=AXIS2_PLACEMENT_3D('',#16866,#13891,#13890);
#11307=AXIS2_PLACEMENT_3D('',#16867,#13893,#13892);
#11308=AXIS2_PLACEMENT_3D('',#16868,#13895,#13894);
#11309=AXIS2_PLACEMENT_3D('',#16869,#13897,#13896);
#11310=AXIS2_PLACEMENT_3D('',#16870,#13899,#13898);
#11311=AXIS2_PLACEMENT_3D('',#16871,#13901,#13900);
#11312=AXIS2_PLACEMENT_3D('',#16872,#13903,#13902);
#11313=AXIS2_PLACEMENT_3D('',#16873,#13905,#13904);
#11314=AXIS2_PLACEMENT_3D('',#16874,#13907,#13906);
#11315=AXIS2_PLACEMENT_3D('',#16875,#13909,#13908);
#11316=AXIS2_PLACEMENT_3D('',#16876,#13911,#13910);
#11317=AXIS2_PLACEMENT_3D('',#16877,#13913,#13912);
#11318=AXIS2_PLACEMENT_3D('',#16878,#13915,#13914);
#11319=AXIS2_PLACEMENT_3D('',#16879,#13917,#13916);
#11320=AXIS2_PLACEMENT_3D('',#16880,#13919,#13918);
#11321=AXIS2_PLACEMENT_3D('',#16881,#13921,#13920);
#11322=AXIS2_PLACEMENT_3D('',#16882,#13923,#13922);
#11323=AXIS2_PLACEMENT_3D('',#16883,#13925,#13924);
#11324=AXIS2_PLACEMENT_3D('',#16884,#13927,#13926);
#11325=AXIS2_PLACEMENT_3D('',#16885,#13929,#13928);
#11326=AXIS2_PLACEMENT_3D('',#16886,#13931,#13930);
#11327=AXIS2_PLACEMENT_3D('',#16887,#13933,#13932);
#11328=AXIS2_PLACEMENT_3D('',#16888,#13935,#13934);
#11329=AXIS2_PLACEMENT_3D('',#16889,#13937,#13936);
#11330=AXIS2_PLACEMENT_3D('',#16890,#13939,#13938);
#11331=AXIS2_PLACEMENT_3D('',#16891,#13941,#13940);
#11332=AXIS2_PLACEMENT_3D('',#16892,#13943,#13942);
#11333=AXIS2_PLACEMENT_3D('',#16893,#13945,#13944);
#11334=AXIS2_PLACEMENT_3D('',#16894,#13947,#13946);
#11335=AXIS2_PLACEMENT_3D('',#16895,#13949,#13948);
#11336=AXIS2_PLACEMENT_3D('',#16896,#13951,#13950);
#11337=AXIS2_PLACEMENT_3D('',#16897,#13953,#13952);
#11338=AXIS2_PLACEMENT_3D('',#16898,#13955,#13954);
#11339=AXIS2_PLACEMENT_3D('',#16899,#13957,#13956);
#11340=AXIS2_PLACEMENT_3D('',#16900,#13959,#13958);
#11341=AXIS2_PLACEMENT_3D('',#16901,#13961,#13960);
#11342=AXIS2_PLACEMENT_3D('',#16902,#13963,#13962);
#11343=AXIS2_PLACEMENT_3D('',#16903,#13965,#13964);
#11344=AXIS2_PLACEMENT_3D('',#16904,#13967,#13966);
#11345=AXIS2_PLACEMENT_3D('',#16905,#13969,#13968);
#11346=AXIS2_PLACEMENT_3D('',#16906,#13971,#13970);
#11347=AXIS2_PLACEMENT_3D('',#16907,#13973,#13972);
#11348=AXIS2_PLACEMENT_3D('',#16908,#13975,#13974);
#11349=AXIS2_PLACEMENT_3D('',#16909,#13977,#13976);
#11350=AXIS2_PLACEMENT_3D('',#16910,#13979,#13978);
#11351=AXIS2_PLACEMENT_3D('',#16911,#13981,#13980);
#11352=AXIS2_PLACEMENT_3D('',#16912,#13983,#13982);
#11353=AXIS2_PLACEMENT_3D('',#16913,#13985,#13984);
#11354=AXIS2_PLACEMENT_3D('',#16914,#13987,#13986);
#11355=AXIS2_PLACEMENT_3D('',#16915,#13989,#13988);
#11356=AXIS2_PLACEMENT_3D('',#16916,#13991,#13990);
#11357=AXIS2_PLACEMENT_3D('',#16917,#13993,#13992);
#11358=AXIS2_PLACEMENT_3D('',#16918,#13995,#13994);
#11359=AXIS2_PLACEMENT_3D('',#16919,#13997,#13996);
#11360=AXIS2_PLACEMENT_3D('',#16920,#13999,#13998);
#11361=AXIS2_PLACEMENT_3D('',#16921,#14001,#14000);
#11362=AXIS2_PLACEMENT_3D('',#16922,#14003,#14002);
#11363=AXIS2_PLACEMENT_3D('',#16923,#14005,#14004);
#11364=AXIS2_PLACEMENT_3D('',#16924,#14007,#14006);
#11365=AXIS2_PLACEMENT_3D('',#16925,#14009,#14008);
#11366=AXIS2_PLACEMENT_3D('',#16926,#14011,#14010);
#11367=AXIS2_PLACEMENT_3D('',#16927,#14013,#14012);
#11368=AXIS2_PLACEMENT_3D('',#16928,#14015,#14014);
#11369=AXIS2_PLACEMENT_3D('',#16929,#14017,#14016);
#11370=AXIS2_PLACEMENT_3D('',#16930,#14019,#14018);
#11371=AXIS2_PLACEMENT_3D('',#16931,#14021,#14020);
#11372=AXIS2_PLACEMENT_3D('',#16932,#14023,#14022);
#11373=AXIS2_PLACEMENT_3D('',#16933,#14025,#14024);
#11374=AXIS2_PLACEMENT_3D('',#16934,#14027,#14026);
#11375=AXIS2_PLACEMENT_3D('',#16935,#14029,#14028);
#11376=AXIS2_PLACEMENT_3D('',#16936,#14031,#14030);
#11377=DIRECTION('',(1.,0.,0.));
#11378=DIRECTION('',(0.,0.,1.));
#11379=DIRECTION('',(-1.,0.,0.));
#11380=DIRECTION('',(-1.,0.,0.));
#11381=DIRECTION('',(-1.,0.,0.));
#11382=DIRECTION('',(-1.,0.,0.));
#11383=DIRECTION('',(-1.,0.,0.));
#11384=DIRECTION('',(-1.,0.,0.));
#11385=DIRECTION('',(-1.,0.,0.));
#11386=DIRECTION('',(-1.,0.,0.));
#11387=DIRECTION('',(-1.,0.,0.));
#11388=DIRECTION('',(-1.,0.,0.));
#11389=DIRECTION('',(-1.,0.,0.));
#11390=DIRECTION('',(-1.,0.,0.));
#11391=DIRECTION('',(-1.,0.,0.));
#11392=DIRECTION('',(-1.,0.,0.));
#11393=DIRECTION('',(-1.,0.,0.));
#11394=DIRECTION('',(-1.,0.,0.));
#11395=DIRECTION('',(-1.,0.,0.));
#11396=DIRECTION('',(-1.,0.,0.));
#11397=DIRECTION('',(-1.,0.,0.));
#11398=DIRECTION('',(-1.,0.,0.));
#11399=DIRECTION('',(-1.,0.,0.));
#11400=DIRECTION('',(-1.,0.,0.));
#11401=DIRECTION('',(-1.,0.,0.));
#11402=DIRECTION('',(-1.,0.,0.));
#11403=DIRECTION('',(-1.,0.,0.));
#11404=DIRECTION('',(-1.,0.,0.));
#11405=DIRECTION('',(-1.,0.,0.));
#11406=DIRECTION('',(-1.,0.,0.));
#11407=DIRECTION('',(-1.,0.,0.));
#11408=DIRECTION('',(-1.,0.,0.));
#11409=DIRECTION('',(-1.,0.,0.));
#11410=DIRECTION('',(-1.,0.,0.));
#11411=DIRECTION('',(-1.,0.,0.));
#11412=DIRECTION('',(-1.,0.,0.));
#11413=DIRECTION('',(-1.,0.,0.));
#11414=DIRECTION('',(-1.,0.,0.));
#11415=DIRECTION('',(-1.,0.,0.));
#11416=DIRECTION('',(-1.,0.,0.));
#11417=DIRECTION('',(-1.,0.,0.));
#11418=DIRECTION('',(-1.,0.,0.));
#11419=DIRECTION('',(-1.,0.,0.));
#11420=DIRECTION('',(-1.,0.,0.));
#11421=DIRECTION('',(-1.,0.,0.));
#11422=DIRECTION('',(-1.,0.,0.));
#11423=DIRECTION('',(-1.,0.,0.));
#11424=DIRECTION('',(-1.,0.,0.));
#11425=DIRECTION('',(-1.,0.,0.));
#11426=DIRECTION('',(-1.,0.,0.));
#11427=DIRECTION('',(-3.43960283899536E-015,-1.,1.20436418508096E-014));
#11428=DIRECTION('',(-3.43960283899536E-015,-1.,1.20436418508096E-014));
#11429=DIRECTION('',(-3.43960283899536E-015,-1.,1.20436418508096E-014));
#11430=DIRECTION('',(-3.43960283899536E-015,-1.,1.20436418508096E-014));
#11431=DIRECTION('',(-3.43960283899536E-015,-1.,1.20436418508096E-014));
#11432=DIRECTION('',(-3.43960283899536E-015,-1.,1.20436418508096E-014));
#11433=DIRECTION('',(-3.43960283899536E-015,-1.,1.20436418508096E-014));
#11434=DIRECTION('',(-3.43960283899536E-015,-1.,1.20436418508096E-014));
#11435=DIRECTION('',(-3.43960283899536E-015,-1.,1.20436418508096E-014));
#11436=DIRECTION('',(-3.43960283899536E-015,-1.,1.20436418508096E-014));
#11437=DIRECTION('',(-3.43960283899536E-015,-1.,1.20436418508096E-014));
#11438=DIRECTION('',(-3.43960283899536E-015,-1.,1.20436418508096E-014));
#11439=DIRECTION('',(-3.43960283899536E-015,-1.,1.20436418508096E-014));
#11440=DIRECTION('',(-3.43960283899536E-015,-1.,1.20436418508096E-014));
#11441=DIRECTION('',(-3.43960283899536E-015,-1.,1.20436418508096E-014));
#11442=DIRECTION('',(-3.43960283899536E-015,-1.,1.20436418508096E-014));
#11443=DIRECTION('',(-3.43960283899536E-015,-1.,1.20436418508096E-014));
#11444=DIRECTION('',(-3.43960283899536E-015,-1.,1.20436418508096E-014));
#11445=DIRECTION('',(-3.43960283899536E-015,-1.,1.20436418508096E-014));
#11446=DIRECTION('',(-3.43960283899536E-015,-1.,1.20436418508096E-014));
#11447=DIRECTION('',(-3.43960283899536E-015,-1.,1.20436418508096E-014));
#11448=DIRECTION('',(-3.43960283899536E-015,-1.,1.20436418508096E-014));
#11449=DIRECTION('',(-3.43960283899536E-015,-1.,1.20436418508096E-014));
#11450=DIRECTION('',(-3.43960283899536E-015,-1.,1.20436418508096E-014));
#11451=DIRECTION('',(-3.43960283899536E-015,-1.,1.20436418508096E-014));
#11452=DIRECTION('',(-3.43960283899536E-015,-1.,1.20436418508096E-014));
#11453=DIRECTION('',(-3.43960283899536E-015,-1.,1.20436418508096E-014));
#11454=DIRECTION('',(-3.43960283899536E-015,-1.,1.20436418508096E-014));
#11455=DIRECTION('',(-3.43960283899536E-015,-1.,1.20436418508096E-014));
#11456=DIRECTION('',(-3.43960283899536E-015,-1.,1.20436418508096E-014));
#11457=DIRECTION('',(-3.43960283899536E-015,-1.,1.20436418508096E-014));
#11458=DIRECTION('',(-3.43960283899536E-015,-1.,1.20436418508096E-014));
#11459=DIRECTION('',(-3.43960283899536E-015,-1.,1.20436418508096E-014));
#11460=DIRECTION('',(-3.43960283899536E-015,-1.,1.20436418508096E-014));
#11461=DIRECTION('',(-3.43960283899536E-015,-1.,1.20436418508096E-014));
#11462=DIRECTION('',(-3.43960283899536E-015,-1.,1.20436418508096E-014));
#11463=DIRECTION('',(-3.43960283899536E-015,-1.,1.20436418508096E-014));
#11464=DIRECTION('',(-3.43960283899536E-015,-1.,1.20436418508096E-014));
#11465=DIRECTION('',(-3.43960283899536E-015,-1.,1.20436418508096E-014));
#11466=DIRECTION('',(-3.43960283899536E-015,-1.,1.20436418508096E-014));
#11467=DIRECTION('',(-3.43960283899536E-015,-1.,1.20436418508096E-014));
#11468=DIRECTION('',(-3.43960283899536E-015,-1.,1.20436418508096E-014));
#11469=DIRECTION('',(-3.43960283899536E-015,-1.,1.20436418508096E-014));
#11470=DIRECTION('',(-3.43960283899536E-015,-1.,1.20436418508096E-014));
#11471=DIRECTION('',(-3.43960283899536E-015,-1.,1.20436418508096E-014));
#11472=DIRECTION('',(-3.43960283899536E-015,-1.,1.20436418508096E-014));
#11473=DIRECTION('',(-3.43960283899536E-015,-1.,1.20436418508096E-014));
#11474=DIRECTION('',(-3.43960283899536E-015,-1.,1.20436418508096E-014));
#11475=DIRECTION('',(-3.43960283899536E-015,-1.,1.20436418508096E-014));
#11476=DIRECTION('',(-3.43960283899536E-015,-1.,1.20436418508096E-014));
#11477=DIRECTION('',(-3.43960283899536E-015,-1.,1.20436418508096E-014));
#11478=DIRECTION('',(-3.43960283899536E-015,-1.,1.20436418508096E-014));
#11479=DIRECTION('',(-3.43960283899536E-015,-1.,1.20436418508096E-014));
#11480=DIRECTION('',(-3.43960283899536E-015,-1.,1.20436418508096E-014));
#11481=DIRECTION('',(-3.43960283899536E-015,-1.,1.20436418508096E-014));
#11482=DIRECTION('',(-3.43960283899536E-015,-1.,1.20436418508096E-014));
#11483=DIRECTION('',(-3.43960283899536E-015,-1.,1.20436418508096E-014));
#11484=DIRECTION('',(-3.43960283899536E-015,-1.,1.20436418508096E-014));
#11485=DIRECTION('',(-3.43960283899536E-015,-1.,1.20436418508096E-014));
#11486=DIRECTION('',(-3.43960283899536E-015,-1.,1.20436418508096E-014));
#11487=DIRECTION('',(-3.43960283899536E-015,-1.,1.20436418508096E-014));
#11488=DIRECTION('',(-3.43960283899536E-015,-1.,1.20436418508096E-014));
#11489=DIRECTION('',(-3.43960283899536E-015,-1.,1.20436418508096E-014));
#11490=DIRECTION('',(-3.43960283899536E-015,-1.,1.20436418508096E-014));
#11491=DIRECTION('',(-3.43960283899536E-015,-1.,1.20436418508096E-014));
#11492=DIRECTION('',(-3.43960283899536E-015,-1.,1.20436418508096E-014));
#11493=DIRECTION('',(-3.43960283899536E-015,-1.,1.20436418508096E-014));
#11494=DIRECTION('',(-3.43960283899536E-015,-1.,1.20436418508096E-014));
#11495=DIRECTION('',(-3.43960283899536E-015,-1.,1.20436418508096E-014));
#11496=DIRECTION('',(-3.43960283899536E-015,-1.,1.20436418508096E-014));
#11497=DIRECTION('',(-3.43960283899536E-015,-1.,1.20436418508096E-014));
#11498=DIRECTION('',(-3.43960283899536E-015,-1.,1.20436418508096E-014));
#11499=DIRECTION('',(-3.43960283899536E-015,-1.,1.20436418508096E-014));
#11500=DIRECTION('',(-3.43960283899536E-015,-1.,1.20436418508096E-014));
#11501=DIRECTION('',(-3.43960283899536E-015,-1.,1.20436418508096E-014));
#11502=DIRECTION('',(-3.43960283899536E-015,-1.,1.20436418508096E-014));
#11503=DIRECTION('',(-3.43960283899536E-015,-1.,1.20436418508096E-014));
#11504=DIRECTION('',(-3.43960283899536E-015,-1.,1.20436418508096E-014));
#11505=DIRECTION('',(-3.43960283899536E-015,-1.,1.20436418508096E-014));
#11506=DIRECTION('',(-3.43960283899536E-015,-1.,1.20436418508096E-014));
#11507=DIRECTION('',(-3.43960283899536E-015,-1.,1.20436418508096E-014));
#11508=DIRECTION('',(-3.43960283899536E-015,-1.,1.20436418508096E-014));
#11509=DIRECTION('',(-3.43960283899536E-015,-1.,1.20436418508096E-014));
#11510=DIRECTION('',(-3.43960283899536E-015,-1.,1.20436418508096E-014));
#11511=DIRECTION('',(-3.43960283899536E-015,-1.,1.20436418508096E-014));
#11512=DIRECTION('',(-3.43960283899536E-015,-1.,1.20436418508096E-014));
#11513=DIRECTION('',(-3.43960283899536E-015,-1.,1.20436418508096E-014));
#11514=DIRECTION('',(-3.43960283899536E-015,-1.,1.20436418508096E-014));
#11515=DIRECTION('',(-3.43960283899536E-015,-1.,1.20436418508096E-014));
#11516=DIRECTION('',(-3.43960283899536E-015,-1.,1.20436418508096E-014));
#11517=DIRECTION('',(-3.43960283899536E-015,-1.,1.20436418508096E-014));
#11518=DIRECTION('',(-3.43960283899536E-015,-1.,1.20436418508096E-014));
#11519=DIRECTION('',(-3.43960283899536E-015,-1.,1.20436418508096E-014));
#11520=DIRECTION('',(-3.43960283899536E-015,-1.,1.20436418508096E-014));
#11521=DIRECTION('',(-3.43960283899536E-015,-1.,1.20436418508096E-014));
#11522=DIRECTION('',(-3.43960283899536E-015,-1.,1.20436418508096E-014));
#11523=DIRECTION('',(-3.43960283899536E-015,-1.,1.20436418508096E-014));
#11524=DIRECTION('',(-3.43960283899536E-015,-1.,1.20436418508096E-014));
#11525=DIRECTION('',(-3.43960283899536E-015,-1.,1.20436418508096E-014));
#11526=DIRECTION('',(-3.43960283899536E-015,-1.,1.20436418508096E-014));
#11527=DIRECTION('',(-3.43960283899536E-015,-1.,1.20436418508096E-014));
#11528=DIRECTION('',(-3.43960283899536E-015,-1.,1.20436418508096E-014));
#11529=DIRECTION('',(-3.43960283899536E-015,-1.,1.20436418508096E-014));
#11530=DIRECTION('',(-3.43960283899536E-015,-1.,1.20436418508096E-014));
#11531=DIRECTION('',(-3.43960283899536E-015,-1.,1.20436418508096E-014));
#11532=DIRECTION('',(-3.43960283899536E-015,-1.,1.20436418508096E-014));
#11533=DIRECTION('',(-3.43960283899536E-015,-1.,1.20436418508096E-014));
#11534=DIRECTION('',(-3.43960283899536E-015,-1.,1.20436418508096E-014));
#11535=DIRECTION('',(-3.43960283899536E-015,-1.,1.20436418508096E-014));
#11536=DIRECTION('',(-3.43960283899536E-015,-1.,1.20436418508096E-014));
#11537=DIRECTION('',(-3.43960283899536E-015,-1.,1.20436418508096E-014));
#11538=DIRECTION('',(-3.43960283899536E-015,-1.,1.20436418508096E-014));
#11539=DIRECTION('',(-3.43960283899536E-015,-1.,1.20436418508096E-014));
#11540=DIRECTION('',(-3.43960283899536E-015,-1.,1.20436418508096E-014));
#11541=DIRECTION('',(-3.43960283899536E-015,-1.,1.20436418508096E-014));
#11542=DIRECTION('',(-3.43960283899536E-015,-1.,1.20436418508096E-014));
#11543=DIRECTION('',(-3.43960283899536E-015,-1.,1.20436418508096E-014));
#11544=DIRECTION('',(-3.43960283899536E-015,-1.,1.20436418508096E-014));
#11545=DIRECTION('',(-3.43960283899536E-015,-1.,1.20436418508096E-014));
#11546=DIRECTION('',(-3.43960283899536E-015,-1.,1.20436418508096E-014));
#11547=DIRECTION('',(-3.43960283899536E-015,-1.,1.20436418508096E-014));
#11548=DIRECTION('',(-3.43960283899536E-015,-1.,1.20436418508096E-014));
#11549=DIRECTION('',(-3.43960283899536E-015,-1.,1.20436418508096E-014));
#11550=DIRECTION('',(-3.43960283899536E-015,-1.,1.20436418508096E-014));
#11551=DIRECTION('',(-3.43960283899536E-015,-1.,1.20436418508096E-014));
#11552=DIRECTION('',(-3.43960283899536E-015,-1.,1.20436418508096E-014));
#11553=DIRECTION('',(-3.43960283899536E-015,-1.,1.20436418508096E-014));
#11554=DIRECTION('',(-3.43960283899536E-015,-1.,1.20436418508096E-014));
#11555=DIRECTION('',(-3.43960283899536E-015,-1.,1.20436418508096E-014));
#11556=DIRECTION('',(-3.43960283899536E-015,-1.,1.20436418508096E-014));
#11557=DIRECTION('',(-3.43960283899536E-015,-1.,1.20436418508096E-014));
#11558=DIRECTION('',(-3.43960283899536E-015,-1.,1.20436418508096E-014));
#11559=DIRECTION('',(-3.43960283899536E-015,-1.,1.20436418508096E-014));
#11560=DIRECTION('',(-3.43960283899536E-015,-1.,1.20436418508096E-014));
#11561=DIRECTION('',(-3.43960283899536E-015,-1.,1.20436418508096E-014));
#11562=DIRECTION('',(-3.43960283899536E-015,-1.,1.20436418508096E-014));
#11563=DIRECTION('',(-3.43960283899536E-015,-1.,1.20436418508096E-014));
#11564=DIRECTION('',(-3.43960283899536E-015,-1.,1.20436418508096E-014));
#11565=DIRECTION('',(-3.43960283899536E-015,-1.,1.20436418508096E-014));
#11566=DIRECTION('',(-3.43960283899536E-015,-1.,1.20436418508096E-014));
#11567=DIRECTION('',(-3.43960283899536E-015,-1.,1.20436418508096E-014));
#11568=DIRECTION('',(-3.43960283899536E-015,-1.,1.20436418508096E-014));
#11569=DIRECTION('',(-3.43960283899536E-015,-1.,1.20436418508096E-014));
#11570=DIRECTION('',(-3.43960283899536E-015,-1.,1.20436418508096E-014));
#11571=DIRECTION('',(-3.43960283899536E-015,-1.,1.20436418508096E-014));
#11572=DIRECTION('',(-3.43960283899536E-015,-1.,1.20436418508096E-014));
#11573=DIRECTION('',(-3.43960283899536E-015,-1.,1.20436418508096E-014));
#11574=DIRECTION('',(-3.43960283899536E-015,-1.,1.20436418508096E-014));
#11575=DIRECTION('',(-3.43960283899536E-015,-1.,1.20436418508096E-014));
#11576=DIRECTION('',(-3.43960283899536E-015,-1.,1.20436418508096E-014));
#11577=DIRECTION('',(-0.35371602937471,0.,0.935352858852417));
#11578=DIRECTION('',(0.,1.,0.));
#11579=DIRECTION('',(-0.761258427670887,0.,0.648448615003571));
#11580=DIRECTION('',(0.,1.,0.));
#11581=DIRECTION('',(0.499830237390699,0.,-0.866123394089986));
#11582=DIRECTION('',(0.,-1.,0.));
#11583=DIRECTION('',(-0.683206056443347,-0.,-0.730225639401364));
#11584=DIRECTION('',(0.,-1.,0.));
#11585=DIRECTION('',(-3.98940683348165E-014,0.,1.));
#11586=DIRECTION('',(0.,1.,0.));
#11587=DIRECTION('',(1.,0.,0.));
#11588=DIRECTION('',(-0.0944127262570753,0.,0.995533142150831));
#11589=DIRECTION('',(0.,1.,0.));
#11590=DIRECTION('',(0.995533142150832,0.,0.0944127262570662));
#11591=DIRECTION('',(-0.0418280271195778,0.,0.999124825108096));
#11592=DIRECTION('',(-0.329174811895587,0.,0.94426899939239));
#11593=DIRECTION('',(0.,1.,0.));
#11594=DIRECTION('',(-0.940359587653558,0.,0.340182077582035));
#11595=DIRECTION('',(0.,1.,0.));
#11596=DIRECTION('',(0.482155266514605,0.,-0.876085782884433));
#11597=DIRECTION('',(0.,-1.,0.));
#11598=DIRECTION('',(0.239251779158517,0.,-0.970957561466764));
#11599=DIRECTION('',(0.,-1.,0.));
#11600=DIRECTION('',(0.,0.,1.));
#11601=DIRECTION('',(1.,0.,0.));
#11602=DIRECTION('',(1.90752672225157E-015,-0.,1.));
#11603=DIRECTION('',(-0.989951572584856,0.,0.141406803007393));
#11604=DIRECTION('',(0.,1.,0.));
#11605=DIRECTION('',(1.,0.,0.));
#11606=DIRECTION('',(-0.,-0.,-1.));
#11607=DIRECTION('',(-0.752344905675354,-0.,-0.658769415580553));
#11608=DIRECTION('',(-0.999818846534484,0.,-0.0190334997952197));
#11609=DIRECTION('',(-0.502620498095739,0.,-0.864507163009071));
#11610=DIRECTION('',(-1.,-0.,-0.));
#11611=DIRECTION('',(-0.,-0.,1.));
#11612=DIRECTION('',(1.,-0.,-0.));
#11613=DIRECTION('',(0.0944414199934734,0.,0.995530420524464));
#11614=DIRECTION('',(-0.35371602937471,0.,0.935352858852417));
#11615=DIRECTION('',(0.,1.,0.));
#11616=DIRECTION('',(-0.761258427670887,0.,0.648448615003571));
#11617=DIRECTION('',(0.,1.,0.));
#11618=DIRECTION('',(0.499830237390699,0.,-0.866123394089986));
#11619=DIRECTION('',(0.,-1.,0.));
#11620=DIRECTION('',(-0.683206056443347,-0.,-0.730225639401364));
#11621=DIRECTION('',(0.,-1.,0.));
#11622=DIRECTION('',(-3.98940683348165E-014,0.,1.));
#11623=DIRECTION('',(0.,1.,0.));
#11624=DIRECTION('',(1.,0.,0.));
#11625=DIRECTION('',(-0.0944127262570753,0.,0.995533142150831));
#11626=DIRECTION('',(0.,1.,0.));
#11627=DIRECTION('',(0.995533142150832,0.,0.0944127262570662));
#11628=DIRECTION('',(-0.0418280271195778,0.,0.999124825108096));
#11629=DIRECTION('',(-0.329174811895587,0.,0.94426899939239));
#11630=DIRECTION('',(0.,1.,0.));
#11631=DIRECTION('',(-0.940359587653558,0.,0.340182077582035));
#11632=DIRECTION('',(0.,1.,0.));
#11633=DIRECTION('',(0.482155266514605,0.,-0.876085782884433));
#11634=DIRECTION('',(0.,-1.,0.));
#11635=DIRECTION('',(0.239251779158517,0.,-0.970957561466764));
#11636=DIRECTION('',(0.,-1.,0.));
#11637=DIRECTION('',(0.,0.,1.));
#11638=DIRECTION('',(1.,0.,0.));
#11639=DIRECTION('',(1.90752672225157E-015,-0.,1.));
#11640=DIRECTION('',(-0.989951572584856,0.,0.141406803007393));
#11641=DIRECTION('',(0.,1.,0.));
#11642=DIRECTION('',(1.,0.,0.));
#11643=DIRECTION('',(-0.,-0.,-1.));
#11644=DIRECTION('',(-0.752344905675354,-0.,-0.658769415580553));
#11645=DIRECTION('',(-0.999818846534484,0.,-0.0190334997952197));
#11646=DIRECTION('',(-0.502620498095739,0.,-0.864507163009071));
#11647=DIRECTION('',(-1.,-0.,-0.));
#11648=DIRECTION('',(-0.,-0.,1.));
#11649=DIRECTION('',(1.,-0.,-0.));
#11650=DIRECTION('',(0.0944414199934734,0.,0.995530420524464));
#11651=DIRECTION('',(-0.,-1.,0.));
#11652=DIRECTION('',(-0.,-1.,0.));
#11653=DIRECTION('',(-0.,-1.,0.));
#11654=DIRECTION('',(-0.,-1.,0.));
#11655=DIRECTION('',(-0.,-1.,0.));
#11656=DIRECTION('',(-0.,-1.,0.));
#11657=DIRECTION('',(-0.,-1.,0.));
#11658=DIRECTION('',(-0.,-1.,0.));
#11659=DIRECTION('',(-0.,-1.,0.));
#11660=DIRECTION('',(-0.,-1.,0.));
#11661=DIRECTION('',(-0.,-1.,0.));
#11662=DIRECTION('',(-0.,-1.,0.));
#11663=DIRECTION('',(-0.,-1.,0.));
#11664=DIRECTION('',(-0.,-1.,0.));
#11665=DIRECTION('',(-0.,-1.,0.));
#11666=DIRECTION('',(-0.,-1.,0.));
#11667=DIRECTION('',(-0.,-1.,0.));
#11668=DIRECTION('',(-0.,-1.,0.));
#11669=DIRECTION('',(-0.,-1.,0.));
#11670=DIRECTION('',(-0.,-1.,0.));
#11671=DIRECTION('',(-0.,-1.,0.));
#11672=DIRECTION('',(-0.,-1.,0.));
#11673=DIRECTION('',(-0.,-1.,0.));
#11674=DIRECTION('',(-0.,-1.,0.));
#11675=DIRECTION('',(-0.,-1.,0.));
#11676=DIRECTION('',(-0.,-1.,0.));
#11677=DIRECTION('',(-0.,-1.,0.));
#11678=DIRECTION('',(-0.,-1.,0.));
#11679=DIRECTION('',(-0.,-1.,0.));
#11680=DIRECTION('',(-0.,-1.,0.));
#11681=DIRECTION('',(-0.,-1.,0.));
#11682=DIRECTION('',(-0.,-1.,0.));
#11683=DIRECTION('',(-0.,-1.,0.));
#11684=DIRECTION('',(-0.,-1.,0.));
#11685=DIRECTION('',(-0.,-1.,0.));
#11686=DIRECTION('',(-0.,-1.,0.));
#11687=DIRECTION('',(-0.,-1.,0.));
#11688=DIRECTION('',(-0.,-1.,0.));
#11689=DIRECTION('',(-0.,-1.,0.));
#11690=DIRECTION('',(-0.,-1.,0.));
#11691=DIRECTION('',(-0.,-1.,0.));
#11692=DIRECTION('',(-0.,-1.,0.));
#11693=DIRECTION('',(-0.,-1.,0.));
#11694=DIRECTION('',(-0.,-1.,0.));
#11695=DIRECTION('',(-0.,-1.,0.));
#11696=DIRECTION('',(-0.,-1.,0.));
#11697=DIRECTION('',(-0.,-1.,0.));
#11698=DIRECTION('',(-0.,-1.,0.));
#11699=DIRECTION('',(-0.,-1.,0.));
#11700=DIRECTION('',(-0.,-1.,0.));
#11701=DIRECTION('',(-0.,-1.,0.));
#11702=DIRECTION('',(-0.,-1.,0.));
#11703=DIRECTION('',(-0.,-1.,0.));
#11704=DIRECTION('',(-0.,-1.,0.));
#11705=DIRECTION('',(-0.,-1.,0.));
#11706=DIRECTION('',(-0.,-1.,0.));
#11707=DIRECTION('',(-0.,-1.,0.));
#11708=DIRECTION('',(-0.,-1.,0.));
#11709=DIRECTION('',(-0.,-1.,0.));
#11710=DIRECTION('',(-0.,-1.,0.));
#11711=DIRECTION('',(-0.,-1.,0.));
#11712=DIRECTION('',(-0.,-1.,0.));
#11713=DIRECTION('',(-0.,-1.,0.));
#11714=DIRECTION('',(-0.,-1.,0.));
#11715=DIRECTION('',(-0.,-1.,0.));
#11716=DIRECTION('',(-0.,-1.,0.));
#11717=DIRECTION('',(-0.,-1.,0.));
#11718=DIRECTION('',(-0.,-1.,0.));
#11719=DIRECTION('',(-0.,-1.,0.));
#11720=DIRECTION('',(-0.,-1.,0.));
#11721=DIRECTION('',(-0.,-1.,0.));
#11722=DIRECTION('',(-0.,-1.,0.));
#11723=DIRECTION('',(-0.,-1.,0.));
#11724=DIRECTION('',(-0.,-1.,0.));
#11725=DIRECTION('',(-0.,-1.,0.));
#11726=DIRECTION('',(-0.,-1.,0.));
#11727=DIRECTION('',(-0.,-1.,0.));
#11728=DIRECTION('',(-0.,-1.,0.));
#11729=DIRECTION('',(-0.,-1.,0.));
#11730=DIRECTION('',(-0.,-1.,0.));
#11731=DIRECTION('',(-0.,-1.,0.));
#11732=DIRECTION('',(-0.,-1.,0.));
#11733=DIRECTION('',(-0.,-1.,0.));
#11734=DIRECTION('',(-0.,-1.,0.));
#11735=DIRECTION('',(-0.,-1.,0.));
#11736=DIRECTION('',(-0.,-1.,0.));
#11737=DIRECTION('',(-0.,-1.,0.));
#11738=DIRECTION('',(-0.,-1.,0.));
#11739=DIRECTION('',(-0.,-1.,0.));
#11740=DIRECTION('',(-0.,-1.,0.));
#11741=DIRECTION('',(-0.,-1.,0.));
#11742=DIRECTION('',(-0.,-1.,0.));
#11743=DIRECTION('',(-0.,-1.,0.));
#11744=DIRECTION('',(-0.,-1.,0.));
#11745=DIRECTION('',(-0.,-1.,0.));
#11746=DIRECTION('',(-0.,-1.,0.));
#11747=DIRECTION('',(-0.,-1.,0.));
#11748=DIRECTION('',(-0.,-1.,0.));
#11749=DIRECTION('',(-0.,-1.,0.));
#11750=DIRECTION('',(-0.,-1.,0.));
#11751=DIRECTION('',(-0.,-1.,0.));
#11752=DIRECTION('',(-0.,-1.,0.));
#11753=DIRECTION('',(-0.,-1.,0.));
#11754=DIRECTION('',(-0.,-1.,0.));
#11755=DIRECTION('',(-0.,-1.,0.));
#11756=DIRECTION('',(-0.,-1.,0.));
#11757=DIRECTION('',(-0.,-1.,0.));
#11758=DIRECTION('',(-0.,-1.,0.));
#11759=DIRECTION('',(-0.,-1.,0.));
#11760=DIRECTION('',(-0.,-1.,0.));
#11761=DIRECTION('',(-0.,-1.,0.));
#11762=DIRECTION('',(-0.,-1.,0.));
#11763=DIRECTION('',(-0.,-1.,0.));
#11764=DIRECTION('',(-0.,-1.,0.));
#11765=DIRECTION('',(-0.,-1.,0.));
#11766=DIRECTION('',(-0.,-1.,0.));
#11767=DIRECTION('',(-0.,-1.,0.));
#11768=DIRECTION('',(-0.,-1.,0.));
#11769=DIRECTION('',(-0.,-1.,0.));
#11770=DIRECTION('',(-0.,-1.,0.));
#11771=DIRECTION('',(-0.,-1.,0.));
#11772=DIRECTION('',(-0.,-1.,0.));
#11773=DIRECTION('',(-0.,-1.,0.));
#11774=DIRECTION('',(-0.,-1.,0.));
#11775=DIRECTION('',(0.,0.,-1.));
#11776=DIRECTION('',(-0.,-1.,0.));
#11777=DIRECTION('',(-0.,-1.,0.));
#11778=DIRECTION('',(-0.,-1.,0.));
#11779=DIRECTION('',(-0.,-1.,0.));
#11780=DIRECTION('',(-1.,-0.,-0.));
#11781=DIRECTION('',(-0.000149688867327292,-0.,0.999999988796621));
#11782=DIRECTION('',(-0.990439715449932,0.,0.137946257866812));
#11783=DIRECTION('',(0.,1.,0.));
#11784=DIRECTION('',(1.,-0.,-0.));
#11785=DIRECTION('',(0.,0.,-1.));
#11786=DIRECTION('',(-0.000149688867327292,-0.,0.999999988796621));
#11787=DIRECTION('',(-0.990439715449932,0.,0.137946257866812));
#11788=DIRECTION('',(0.,1.,0.));
#11789=DIRECTION('',(1.,-0.,-0.));
#11790=DIRECTION('',(0.,0.,-1.));
#11791=DIRECTION('',(0.,0.,-1.));
#11792=DIRECTION('',(-0.,-1.,0.));
#11793=DIRECTION('',(-0.,-1.,0.));
#11794=DIRECTION('',(-0.,-1.,0.));
#11795=DIRECTION('',(-0.,-1.,0.));
#11796=DIRECTION('',(-1.,-0.,-0.));
#11797=DIRECTION('',(-0.000149688867325314,-0.,0.999999988796621));
#11798=DIRECTION('',(-0.990439715449932,0.,0.137946257866812));
#11799=DIRECTION('',(0.,1.,0.));
#11800=DIRECTION('',(1.,-0.,-0.));
#11801=DIRECTION('',(0.,0.,-1.));
#11802=DIRECTION('',(-1.,-0.,-0.));
#11803=DIRECTION('',(-0.000149688867325314,-0.,0.999999988796621));
#11804=DIRECTION('',(-0.990439715449932,0.,0.137946257866812));
#11805=DIRECTION('',(0.,1.,0.));
#11806=DIRECTION('',(1.,-0.,-0.));
#11807=DIRECTION('',(0.,0.,-1.));
#11808=DIRECTION('',(0.,0.,-1.));
#11809=DIRECTION('',(0.,0.,-1.));
#11810=DIRECTION('',(-0.,-1.,0.));
#11811=DIRECTION('',(-0.,-1.,0.));
#11812=DIRECTION('',(-0.,-1.,0.));
#11813=DIRECTION('',(-0.,-1.,0.));
#11814=DIRECTION('',(-1.,-0.,-0.));
#11815=DIRECTION('',(-0.000149688867325314,-0.,0.999999988796621));
#11816=DIRECTION('',(-0.990439715449932,0.,0.137946257866812));
#11817=DIRECTION('',(0.,1.,0.));
#11818=DIRECTION('',(1.,-0.,-0.));
#11819=DIRECTION('',(0.,0.,-1.));
#11820=DIRECTION('',(-1.,-0.,-0.));
#11821=DIRECTION('',(-0.000149688867325314,-0.,0.999999988796621));
#11822=DIRECTION('',(-0.990439715449932,0.,0.137946257866812));
#11823=DIRECTION('',(0.,1.,0.));
#11824=DIRECTION('',(1.,-0.,-0.));
#11825=DIRECTION('',(0.,0.,-1.));
#11826=DIRECTION('',(0.,0.,-1.));
#11827=DIRECTION('',(-1.,0.,0.));
#11828=DIRECTION('',(0.,0.,-1.));
#11829=DIRECTION('',(-1.,0.,0.));
#11830=DIRECTION('',(-0.,-1.,0.));
#11831=DIRECTION('',(-0.,-1.,0.));
#11832=DIRECTION('',(-0.,-1.,0.));
#11833=DIRECTION('',(-0.,-1.,0.));
#11834=DIRECTION('',(-1.,-0.,-0.));
#11835=DIRECTION('',(-0.000149688867325314,-0.,0.999999988796621));
#11836=DIRECTION('',(-0.990439715449932,0.,0.137946257866812));
#11837=DIRECTION('',(0.,1.,0.));
#11838=DIRECTION('',(1.,-0.,-0.));
#11839=DIRECTION('',(0.,0.,-1.));
#11840=DIRECTION('',(-1.,-0.,-0.));
#11841=DIRECTION('',(-0.000149688867325314,-0.,0.999999988796621));
#11842=DIRECTION('',(-0.990439715449932,0.,0.137946257866812));
#11843=DIRECTION('',(0.,1.,0.));
#11844=DIRECTION('',(1.,-0.,-0.));
#11845=DIRECTION('',(0.,0.,-1.));
#11846=DIRECTION('',(0.,0.,-1.));
#11847=DIRECTION('',(0.,0.,-1.));
#11848=DIRECTION('',(-0.,-1.,0.));
#11849=DIRECTION('',(-0.,-1.,0.));
#11850=DIRECTION('',(-0.,-1.,0.));
#11851=DIRECTION('',(-0.,-1.,0.));
#11852=DIRECTION('',(-1.,-0.,-0.));
#11853=DIRECTION('',(-0.000149688867325314,-0.,0.999999988796621));
#11854=DIRECTION('',(-0.990439715449932,0.,0.137946257866812));
#11855=DIRECTION('',(0.,1.,0.));
#11856=DIRECTION('',(1.,-0.,-0.));
#11857=DIRECTION('',(0.,0.,-1.));
#11858=DIRECTION('',(-1.,-0.,-0.));
#11859=DIRECTION('',(-0.000149688867325314,-0.,0.999999988796621));
#11860=DIRECTION('',(-0.990439715449932,0.,0.137946257866812));
#11861=DIRECTION('',(0.,1.,0.));
#11862=DIRECTION('',(1.,-0.,-0.));
#11863=DIRECTION('',(0.,0.,-1.));
#11864=DIRECTION('',(0.,0.,-1.));
#11865=DIRECTION('',(-1.,0.,0.));
#11866=DIRECTION('',(0.,0.,-1.));
#11867=DIRECTION('',(-1.,0.,0.));
#11868=DIRECTION('',(-0.,-1.,0.));
#11869=DIRECTION('',(-0.,-1.,0.));
#11870=DIRECTION('',(-0.,-1.,0.));
#11871=DIRECTION('',(-0.,-1.,0.));
#11872=DIRECTION('',(-1.,-0.,-0.));
#11873=DIRECTION('',(-0.000149688867325314,-0.,0.999999988796621));
#11874=DIRECTION('',(-0.990439715449932,0.,0.137946257866812));
#11875=DIRECTION('',(0.,1.,0.));
#11876=DIRECTION('',(1.,-0.,-0.));
#11877=DIRECTION('',(0.,0.,-1.));
#11878=DIRECTION('',(-1.,-0.,-0.));
#11879=DIRECTION('',(-0.000149688867325314,-0.,0.999999988796621));
#11880=DIRECTION('',(-0.990439715449932,0.,0.137946257866812));
#11881=DIRECTION('',(0.,1.,0.));
#11882=DIRECTION('',(1.,-0.,-0.));
#11883=DIRECTION('',(0.,0.,-1.));
#11884=DIRECTION('',(0.,0.,-1.));
#11885=DIRECTION('',(-1.,0.,0.));
#11886=DIRECTION('',(0.,0.,-1.));
#11887=DIRECTION('',(-1.,0.,0.));
#11888=DIRECTION('',(-0.,-1.,0.));
#11889=DIRECTION('',(-0.,-1.,0.));
#11890=DIRECTION('',(-0.,-1.,0.));
#11891=DIRECTION('',(-0.,-1.,0.));
#11892=DIRECTION('',(-1.,-0.,-0.));
#11893=DIRECTION('',(-0.000149688867325314,-0.,0.999999988796621));
#11894=DIRECTION('',(-0.990439715449932,0.,0.137946257866812));
#11895=DIRECTION('',(0.,1.,0.));
#11896=DIRECTION('',(1.,-0.,-0.));
#11897=DIRECTION('',(0.,0.,-1.));
#11898=DIRECTION('',(-1.,-0.,-0.));
#11899=DIRECTION('',(-0.000149688867325314,-0.,0.999999988796621));
#11900=DIRECTION('',(-0.990439715449932,0.,0.137946257866812));
#11901=DIRECTION('',(0.,1.,0.));
#11902=DIRECTION('',(1.,-0.,-0.));
#11903=DIRECTION('',(0.,0.,-1.));
#11904=DIRECTION('',(0.,0.,-1.));
#11905=DIRECTION('',(-1.,0.,0.));
#11906=DIRECTION('',(0.,0.,-1.));
#11907=DIRECTION('',(-1.,0.,0.));
#11908=DIRECTION('',(-0.,-1.,0.));
#11909=DIRECTION('',(-0.,-1.,0.));
#11910=DIRECTION('',(-0.,-1.,0.));
#11911=DIRECTION('',(-0.,-1.,0.));
#11912=DIRECTION('',(-1.,-0.,-0.));
#11913=DIRECTION('',(-0.000149688867325314,-0.,0.999999988796621));
#11914=DIRECTION('',(-0.990439715449932,0.,0.137946257866812));
#11915=DIRECTION('',(0.,1.,0.));
#11916=DIRECTION('',(1.,-0.,-0.));
#11917=DIRECTION('',(0.,0.,-1.));
#11918=DIRECTION('',(-1.,-0.,-0.));
#11919=DIRECTION('',(-0.000149688867325314,-0.,0.999999988796621));
#11920=DIRECTION('',(-0.990439715449932,0.,0.137946257866812));
#11921=DIRECTION('',(0.,1.,0.));
#11922=DIRECTION('',(1.,-0.,-0.));
#11923=DIRECTION('',(0.,0.,-1.));
#11924=DIRECTION('',(0.,0.,-1.));
#11925=DIRECTION('',(-1.,0.,0.));
#11926=DIRECTION('',(0.,0.,-1.));
#11927=DIRECTION('',(-1.,0.,0.));
#11928=DIRECTION('',(-0.,-1.,0.));
#11929=DIRECTION('',(-0.,-1.,0.));
#11930=DIRECTION('',(-0.,-1.,0.));
#11931=DIRECTION('',(-0.,-1.,0.));
#11932=DIRECTION('',(-1.,-0.,-0.));
#11933=DIRECTION('',(-0.000149688867325314,-0.,0.999999988796621));
#11934=DIRECTION('',(-0.990439715449932,0.,0.137946257866812));
#11935=DIRECTION('',(0.,1.,0.));
#11936=DIRECTION('',(1.,-0.,-0.));
#11937=DIRECTION('',(0.,0.,-1.));
#11938=DIRECTION('',(-1.,-0.,-0.));
#11939=DIRECTION('',(-0.000149688867325314,-0.,0.999999988796621));
#11940=DIRECTION('',(-0.990439715449932,0.,0.137946257866812));
#11941=DIRECTION('',(0.,1.,0.));
#11942=DIRECTION('',(1.,-0.,-0.));
#11943=DIRECTION('',(0.,0.,-1.));
#11944=DIRECTION('',(0.,0.,-1.));
#11945=DIRECTION('',(-1.,0.,0.));
#11946=DIRECTION('',(0.,0.,-1.));
#11947=DIRECTION('',(-1.,0.,0.));
#11948=DIRECTION('',(-0.,-1.,0.));
#11949=DIRECTION('',(-0.,-1.,0.));
#11950=DIRECTION('',(-0.,-1.,0.));
#11951=DIRECTION('',(-0.,-1.,0.));
#11952=DIRECTION('',(-1.,-0.,-0.));
#11953=DIRECTION('',(-0.000149688867325314,-0.,0.999999988796621));
#11954=DIRECTION('',(-0.990439715449932,0.,0.137946257866812));
#11955=DIRECTION('',(0.,1.,0.));
#11956=DIRECTION('',(1.,-0.,-0.));
#11957=DIRECTION('',(0.,0.,-1.));
#11958=DIRECTION('',(-1.,-0.,-0.));
#11959=DIRECTION('',(-0.000149688867325314,-0.,0.999999988796621));
#11960=DIRECTION('',(-0.990439715449932,0.,0.137946257866812));
#11961=DIRECTION('',(0.,1.,0.));
#11962=DIRECTION('',(1.,-0.,-0.));
#11963=DIRECTION('',(0.,0.,-1.));
#11964=DIRECTION('',(0.,0.,-1.));
#11965=DIRECTION('',(-1.,0.,0.));
#11966=DIRECTION('',(0.,0.,-1.));
#11967=DIRECTION('',(-1.,0.,0.));
#11968=DIRECTION('',(-0.,-1.,0.));
#11969=DIRECTION('',(-0.,-1.,0.));
#11970=DIRECTION('',(-0.,-1.,0.));
#11971=DIRECTION('',(-0.,-1.,0.));
#11972=DIRECTION('',(-1.,-0.,-0.));
#11973=DIRECTION('',(-0.000149688867325314,-0.,0.999999988796621));
#11974=DIRECTION('',(-0.990439715449932,0.,0.137946257866812));
#11975=DIRECTION('',(0.,1.,0.));
#11976=DIRECTION('',(1.,-0.,-0.));
#11977=DIRECTION('',(0.,0.,-1.));
#11978=DIRECTION('',(-1.,-0.,-0.));
#11979=DIRECTION('',(-0.000149688867325314,-0.,0.999999988796621));
#11980=DIRECTION('',(-0.990439715449932,0.,0.137946257866812));
#11981=DIRECTION('',(0.,1.,0.));
#11982=DIRECTION('',(1.,-0.,-0.));
#11983=DIRECTION('',(0.,0.,-1.));
#11984=DIRECTION('',(0.,0.,-1.));
#11985=DIRECTION('',(0.,0.,-1.));
#11986=DIRECTION('',(-0.,-1.,0.));
#11987=DIRECTION('',(-0.,-1.,0.));
#11988=DIRECTION('',(-0.,-1.,0.));
#11989=DIRECTION('',(-0.,-1.,0.));
#11990=DIRECTION('',(-1.,-0.,-0.));
#11991=DIRECTION('',(-0.000149688867325314,-0.,0.999999988796621));
#11992=DIRECTION('',(-0.990439715449932,0.,0.137946257866812));
#11993=DIRECTION('',(0.,1.,0.));
#11994=DIRECTION('',(1.,-0.,-0.));
#11995=DIRECTION('',(0.,0.,-1.));
#11996=DIRECTION('',(-1.,-0.,-0.));
#11997=DIRECTION('',(-0.000149688867325314,-0.,0.999999988796621));
#11998=DIRECTION('',(-0.990439715449932,0.,0.137946257866812));
#11999=DIRECTION('',(0.,1.,0.));
#12000=DIRECTION('',(1.,-0.,-0.));
#12001=DIRECTION('',(0.,0.,-1.));
#12002=DIRECTION('',(0.,0.,-1.));
#12003=DIRECTION('',(-1.,0.,0.));
#12004=DIRECTION('',(0.,0.,-1.));
#12005=DIRECTION('',(-1.,0.,0.));
#12006=DIRECTION('',(-0.,-1.,0.));
#12007=DIRECTION('',(-0.,-1.,0.));
#12008=DIRECTION('',(-0.,-1.,0.));
#12009=DIRECTION('',(-0.,-1.,0.));
#12010=DIRECTION('',(-1.,-0.,-0.));
#12011=DIRECTION('',(-0.000149688867325314,-0.,0.999999988796621));
#12012=DIRECTION('',(-0.990439715449932,0.,0.137946257866812));
#12013=DIRECTION('',(0.,1.,0.));
#12014=DIRECTION('',(1.,-0.,-0.));
#12015=DIRECTION('',(0.,0.,-1.));
#12016=DIRECTION('',(-1.,-0.,-0.));
#12017=DIRECTION('',(-0.000149688867325314,-0.,0.999999988796621));
#12018=DIRECTION('',(-0.990439715449932,0.,0.137946257866812));
#12019=DIRECTION('',(0.,1.,0.));
#12020=DIRECTION('',(1.,-0.,-0.));
#12021=DIRECTION('',(0.,0.,-1.));
#12022=DIRECTION('',(0.,0.,-1.));
#12023=DIRECTION('',(-1.,0.,0.));
#12024=DIRECTION('',(0.,0.,-1.));
#12025=DIRECTION('',(-1.,0.,0.));
#12026=DIRECTION('',(-0.,-1.,0.));
#12027=DIRECTION('',(-0.,-1.,0.));
#12028=DIRECTION('',(-0.,-1.,0.));
#12029=DIRECTION('',(-0.,-1.,0.));
#12030=DIRECTION('',(-1.,-0.,-0.));
#12031=DIRECTION('',(-0.000149688867325314,-0.,0.999999988796621));
#12032=DIRECTION('',(-0.990439715449932,0.,0.137946257866812));
#12033=DIRECTION('',(0.,1.,0.));
#12034=DIRECTION('',(1.,-0.,-0.));
#12035=DIRECTION('',(0.,0.,-1.));
#12036=DIRECTION('',(-1.,-0.,-0.));
#12037=DIRECTION('',(-0.000149688867325314,-0.,0.999999988796621));
#12038=DIRECTION('',(-0.990439715449932,0.,0.137946257866812));
#12039=DIRECTION('',(0.,1.,0.));
#12040=DIRECTION('',(1.,-0.,-0.));
#12041=DIRECTION('',(0.,0.,-1.));
#12042=DIRECTION('',(0.,0.,-1.));
#12043=DIRECTION('',(-1.,0.,0.));
#12044=DIRECTION('',(0.,0.,-1.));
#12045=DIRECTION('',(-1.,0.,0.));
#12046=DIRECTION('',(-0.,-1.,0.));
#12047=DIRECTION('',(-0.,-1.,0.));
#12048=DIRECTION('',(-0.,-1.,0.));
#12049=DIRECTION('',(-0.,-1.,0.));
#12050=DIRECTION('',(-1.,-0.,-0.));
#12051=DIRECTION('',(-0.000149688867325314,-0.,0.999999988796621));
#12052=DIRECTION('',(-0.990439715449932,0.,0.137946257866812));
#12053=DIRECTION('',(0.,1.,0.));
#12054=DIRECTION('',(1.,-0.,-0.));
#12055=DIRECTION('',(0.,0.,-1.));
#12056=DIRECTION('',(-1.,-0.,-0.));
#12057=DIRECTION('',(-0.000149688867325314,-0.,0.999999988796621));
#12058=DIRECTION('',(-0.990439715449932,0.,0.137946257866812));
#12059=DIRECTION('',(0.,1.,0.));
#12060=DIRECTION('',(1.,-0.,-0.));
#12061=DIRECTION('',(0.,0.,-1.));
#12062=DIRECTION('',(0.,0.,-1.));
#12063=DIRECTION('',(-1.,0.,0.));
#12064=DIRECTION('',(0.,0.,-1.));
#12065=DIRECTION('',(-1.,0.,0.));
#12066=DIRECTION('',(-0.,-1.,0.));
#12067=DIRECTION('',(-0.,-1.,0.));
#12068=DIRECTION('',(-0.,-1.,0.));
#12069=DIRECTION('',(-0.,-1.,0.));
#12070=DIRECTION('',(-1.,-0.,-0.));
#12071=DIRECTION('',(-0.000149688867325314,-0.,0.999999988796621));
#12072=DIRECTION('',(-0.990439715449932,0.,0.137946257866812));
#12073=DIRECTION('',(0.,1.,0.));
#12074=DIRECTION('',(1.,-0.,-0.));
#12075=DIRECTION('',(0.,0.,-1.));
#12076=DIRECTION('',(-1.,-0.,-0.));
#12077=DIRECTION('',(-0.000149688867325314,-0.,0.999999988796621));
#12078=DIRECTION('',(-0.990439715449932,0.,0.137946257866812));
#12079=DIRECTION('',(0.,1.,0.));
#12080=DIRECTION('',(1.,-0.,-0.));
#12081=DIRECTION('',(0.,0.,-1.));
#12082=DIRECTION('',(0.,0.,-1.));
#12083=DIRECTION('',(-1.,0.,0.));
#12084=DIRECTION('',(0.,0.,-1.));
#12085=DIRECTION('',(-1.,0.,0.));
#12086=DIRECTION('',(-0.,-1.,0.));
#12087=DIRECTION('',(-0.,-1.,0.));
#12088=DIRECTION('',(-0.,-1.,0.));
#12089=DIRECTION('',(-0.,-1.,0.));
#12090=DIRECTION('',(-1.,-0.,-0.));
#12091=DIRECTION('',(-0.000149688867325314,-0.,0.999999988796621));
#12092=DIRECTION('',(-0.990439715449932,0.,0.137946257866812));
#12093=DIRECTION('',(0.,1.,0.));
#12094=DIRECTION('',(1.,-0.,-0.));
#12095=DIRECTION('',(0.,0.,-1.));
#12096=DIRECTION('',(-1.,-0.,-0.));
#12097=DIRECTION('',(-0.000149688867325314,-0.,0.999999988796621));
#12098=DIRECTION('',(-0.990439715449932,0.,0.137946257866812));
#12099=DIRECTION('',(0.,1.,0.));
#12100=DIRECTION('',(1.,-0.,-0.));
#12101=DIRECTION('',(0.,0.,-1.));
#12102=DIRECTION('',(0.,0.,-1.));
#12103=DIRECTION('',(-1.,0.,0.));
#12104=DIRECTION('',(0.,0.,-1.));
#12105=DIRECTION('',(-1.,0.,0.));
#12106=DIRECTION('',(-0.,-1.,0.));
#12107=DIRECTION('',(-0.,-1.,0.));
#12108=DIRECTION('',(-0.,-1.,0.));
#12109=DIRECTION('',(-0.,-1.,0.));
#12110=DIRECTION('',(-1.,-0.,-0.));
#12111=DIRECTION('',(-0.000149688867325314,-0.,0.999999988796621));
#12112=DIRECTION('',(-0.990439715449932,0.,0.137946257866812));
#12113=DIRECTION('',(0.,1.,0.));
#12114=DIRECTION('',(1.,-0.,-0.));
#12115=DIRECTION('',(0.,0.,-1.));
#12116=DIRECTION('',(-1.,-0.,-0.));
#12117=DIRECTION('',(-0.000149688867325314,-0.,0.999999988796621));
#12118=DIRECTION('',(-0.990439715449932,0.,0.137946257866812));
#12119=DIRECTION('',(0.,1.,0.));
#12120=DIRECTION('',(1.,-0.,-0.));
#12121=DIRECTION('',(0.,0.,-1.));
#12122=DIRECTION('',(0.,0.,-1.));
#12123=DIRECTION('',(0.,0.,-1.));
#12124=DIRECTION('',(-0.,-1.,0.));
#12125=DIRECTION('',(-0.,-1.,0.));
#12126=DIRECTION('',(-0.,-1.,0.));
#12127=DIRECTION('',(-0.,-1.,0.));
#12128=DIRECTION('',(-1.,-0.,-0.));
#12129=DIRECTION('',(-0.000149688867325314,-0.,0.999999988796621));
#12130=DIRECTION('',(-0.990439715449932,0.,0.137946257866812));
#12131=DIRECTION('',(0.,1.,0.));
#12132=DIRECTION('',(1.,-0.,-0.));
#12133=DIRECTION('',(0.,0.,-1.));
#12134=DIRECTION('',(-1.,-0.,-0.));
#12135=DIRECTION('',(-0.000149688867325314,-0.,0.999999988796621));
#12136=DIRECTION('',(-0.990439715449932,0.,0.137946257866812));
#12137=DIRECTION('',(0.,1.,0.));
#12138=DIRECTION('',(1.,-0.,-0.));
#12139=DIRECTION('',(0.,0.,-1.));
#12140=DIRECTION('',(0.,0.,-1.));
#12141=DIRECTION('',(-1.,0.,0.));
#12142=DIRECTION('',(0.,0.,-1.));
#12143=DIRECTION('',(-1.,0.,0.));
#12144=DIRECTION('',(-0.,-1.,0.));
#12145=DIRECTION('',(-0.,-1.,0.));
#12146=DIRECTION('',(-0.,-1.,0.));
#12147=DIRECTION('',(-0.,-1.,0.));
#12148=DIRECTION('',(-1.,-0.,-0.));
#12149=DIRECTION('',(-0.000149688867325314,-0.,0.999999988796621));
#12150=DIRECTION('',(-0.990439715449932,0.,0.137946257866812));
#12151=DIRECTION('',(0.,1.,0.));
#12152=DIRECTION('',(1.,-0.,-0.));
#12153=DIRECTION('',(0.,0.,-1.));
#12154=DIRECTION('',(-1.,-0.,-0.));
#12155=DIRECTION('',(-0.000149688867325314,-0.,0.999999988796621));
#12156=DIRECTION('',(-0.990439715449932,0.,0.137946257866812));
#12157=DIRECTION('',(0.,1.,0.));
#12158=DIRECTION('',(1.,-0.,-0.));
#12159=DIRECTION('',(0.,0.,-1.));
#12160=DIRECTION('',(0.,0.,-1.));
#12161=DIRECTION('',(-1.,0.,0.));
#12162=DIRECTION('',(0.,0.,-1.));
#12163=DIRECTION('',(-1.,0.,0.));
#12164=DIRECTION('',(-0.,-1.,0.));
#12165=DIRECTION('',(-0.,-1.,0.));
#12166=DIRECTION('',(-0.,-1.,0.));
#12167=DIRECTION('',(-0.,-1.,0.));
#12168=DIRECTION('',(-1.,-0.,-0.));
#12169=DIRECTION('',(-0.000149688867325314,-0.,0.999999988796621));
#12170=DIRECTION('',(-0.990439715449932,0.,0.137946257866812));
#12171=DIRECTION('',(0.,1.,0.));
#12172=DIRECTION('',(1.,-0.,-0.));
#12173=DIRECTION('',(0.,0.,-1.));
#12174=DIRECTION('',(-1.,-0.,-0.));
#12175=DIRECTION('',(-0.000149688867325314,-0.,0.999999988796621));
#12176=DIRECTION('',(-0.990439715449932,0.,0.137946257866812));
#12177=DIRECTION('',(0.,1.,0.));
#12178=DIRECTION('',(1.,-0.,-0.));
#12179=DIRECTION('',(0.,0.,-1.));
#12180=DIRECTION('',(0.,0.,-1.));
#12181=DIRECTION('',(-1.,0.,0.));
#12182=DIRECTION('',(0.,0.,-1.));
#12183=DIRECTION('',(-1.,0.,0.));
#12184=DIRECTION('',(-0.,-1.,0.));
#12185=DIRECTION('',(-0.,-1.,0.));
#12186=DIRECTION('',(-0.,-1.,0.));
#12187=DIRECTION('',(-0.,-1.,0.));
#12188=DIRECTION('',(-1.,-0.,-0.));
#12189=DIRECTION('',(-0.000149688867325314,-0.,0.999999988796621));
#12190=DIRECTION('',(-0.990439715449932,0.,0.137946257866812));
#12191=DIRECTION('',(0.,1.,0.));
#12192=DIRECTION('',(1.,-0.,-0.));
#12193=DIRECTION('',(0.,0.,-1.));
#12194=DIRECTION('',(-1.,-0.,-0.));
#12195=DIRECTION('',(-0.000149688867325314,-0.,0.999999988796621));
#12196=DIRECTION('',(-0.990439715449932,0.,0.137946257866812));
#12197=DIRECTION('',(0.,1.,0.));
#12198=DIRECTION('',(1.,-0.,-0.));
#12199=DIRECTION('',(0.,0.,-1.));
#12200=DIRECTION('',(0.,0.,-1.));
#12201=DIRECTION('',(-1.,0.,0.));
#12202=DIRECTION('',(0.,0.,-1.));
#12203=DIRECTION('',(-1.,0.,0.));
#12204=DIRECTION('',(-0.,-1.,0.));
#12205=DIRECTION('',(-0.,-1.,0.));
#12206=DIRECTION('',(-0.,-1.,0.));
#12207=DIRECTION('',(-0.,-1.,0.));
#12208=DIRECTION('',(-1.,-0.,-0.));
#12209=DIRECTION('',(-0.000149688867325314,-0.,0.999999988796621));
#12210=DIRECTION('',(-0.990439715449932,0.,0.137946257866812));
#12211=DIRECTION('',(0.,1.,0.));
#12212=DIRECTION('',(1.,-0.,-0.));
#12213=DIRECTION('',(0.,0.,-1.));
#12214=DIRECTION('',(-1.,-0.,-0.));
#12215=DIRECTION('',(-0.000149688867325314,-0.,0.999999988796621));
#12216=DIRECTION('',(-0.990439715449932,0.,0.137946257866812));
#12217=DIRECTION('',(0.,1.,0.));
#12218=DIRECTION('',(1.,-0.,-0.));
#12219=DIRECTION('',(0.,0.,-1.));
#12220=DIRECTION('',(0.,0.,-1.));
#12221=DIRECTION('',(-1.,0.,0.));
#12222=DIRECTION('',(0.,0.,-1.));
#12223=DIRECTION('',(-1.,0.,0.));
#12224=DIRECTION('',(-0.,-1.,0.));
#12225=DIRECTION('',(-0.,-1.,0.));
#12226=DIRECTION('',(-0.,-1.,0.));
#12227=DIRECTION('',(-0.,-1.,0.));
#12228=DIRECTION('',(-1.,-0.,-0.));
#12229=DIRECTION('',(-0.000149688867325314,-0.,0.999999988796621));
#12230=DIRECTION('',(-0.990439715449932,0.,0.137946257866812));
#12231=DIRECTION('',(0.,1.,0.));
#12232=DIRECTION('',(1.,-0.,-0.));
#12233=DIRECTION('',(0.,0.,-1.));
#12234=DIRECTION('',(-1.,-0.,-0.));
#12235=DIRECTION('',(-0.000149688867325314,-0.,0.999999988796621));
#12236=DIRECTION('',(-0.990439715449932,0.,0.137946257866812));
#12237=DIRECTION('',(0.,1.,0.));
#12238=DIRECTION('',(1.,-0.,-0.));
#12239=DIRECTION('',(0.,0.,-1.));
#12240=DIRECTION('',(0.,0.,-1.));
#12241=DIRECTION('',(-1.,0.,0.));
#12242=DIRECTION('',(0.,0.,-1.));
#12243=DIRECTION('',(-1.,0.,0.));
#12244=DIRECTION('',(-0.,-1.,0.));
#12245=DIRECTION('',(-0.,-1.,0.));
#12246=DIRECTION('',(-0.,-1.,0.));
#12247=DIRECTION('',(-0.,-1.,0.));
#12248=DIRECTION('',(-1.,-0.,-0.));
#12249=DIRECTION('',(-0.000149688867325314,-0.,0.999999988796621));
#12250=DIRECTION('',(-0.990439715449932,0.,0.137946257866812));
#12251=DIRECTION('',(0.,1.,0.));
#12252=DIRECTION('',(1.,-0.,-0.));
#12253=DIRECTION('',(0.,0.,-1.));
#12254=DIRECTION('',(-1.,-0.,-0.));
#12255=DIRECTION('',(-0.000149688867325314,-0.,0.999999988796621));
#12256=DIRECTION('',(-0.990439715449932,0.,0.137946257866812));
#12257=DIRECTION('',(0.,1.,0.));
#12258=DIRECTION('',(1.,-0.,-0.));
#12259=DIRECTION('',(0.,0.,-1.));
#12260=DIRECTION('',(0.,0.,-1.));
#12261=DIRECTION('',(0.,0.,-1.));
#12262=DIRECTION('',(-0.,-1.,0.));
#12263=DIRECTION('',(-0.,-1.,0.));
#12264=DIRECTION('',(-0.,-1.,0.));
#12265=DIRECTION('',(-0.,-1.,0.));
#12266=DIRECTION('',(-1.,-0.,-0.));
#12267=DIRECTION('',(-0.000149688867325314,-0.,0.999999988796621));
#12268=DIRECTION('',(-0.990439715449932,0.,0.137946257866812));
#12269=DIRECTION('',(0.,1.,0.));
#12270=DIRECTION('',(1.,-0.,-0.));
#12271=DIRECTION('',(0.,0.,-1.));
#12272=DIRECTION('',(-1.,-0.,-0.));
#12273=DIRECTION('',(-0.000149688867325314,-0.,0.999999988796621));
#12274=DIRECTION('',(-0.990439715449932,0.,0.137946257866812));
#12275=DIRECTION('',(0.,1.,0.));
#12276=DIRECTION('',(1.,-0.,-0.));
#12277=DIRECTION('',(0.,0.,-1.));
#12278=DIRECTION('',(0.,0.,-1.));
#12279=DIRECTION('',(-1.,0.,0.));
#12280=DIRECTION('',(0.,0.,-1.));
#12281=DIRECTION('',(-1.,0.,0.));
#12282=DIRECTION('',(-0.,-1.,0.));
#12283=DIRECTION('',(-0.,-1.,0.));
#12284=DIRECTION('',(-0.,-1.,0.));
#12285=DIRECTION('',(-0.,-1.,0.));
#12286=DIRECTION('',(-1.,-0.,-0.));
#12287=DIRECTION('',(-0.000149688867325314,-0.,0.999999988796621));
#12288=DIRECTION('',(-0.990439715449932,0.,0.137946257866812));
#12289=DIRECTION('',(0.,1.,0.));
#12290=DIRECTION('',(1.,-0.,-0.));
#12291=DIRECTION('',(0.,0.,-1.));
#12292=DIRECTION('',(-1.,-0.,-0.));
#12293=DIRECTION('',(-0.000149688867325314,-0.,0.999999988796621));
#12294=DIRECTION('',(-0.990439715449932,0.,0.137946257866812));
#12295=DIRECTION('',(0.,1.,0.));
#12296=DIRECTION('',(1.,-0.,-0.));
#12297=DIRECTION('',(0.,0.,-1.));
#12298=DIRECTION('',(0.,0.,-1.));
#12299=DIRECTION('',(-1.,0.,0.));
#12300=DIRECTION('',(0.,0.,-1.));
#12301=DIRECTION('',(-1.,0.,0.));
#12302=DIRECTION('',(-0.,-1.,0.));
#12303=DIRECTION('',(-0.,-1.,0.));
#12304=DIRECTION('',(-0.,-1.,0.));
#12305=DIRECTION('',(-0.,-1.,0.));
#12306=DIRECTION('',(-1.,-0.,-0.));
#12307=DIRECTION('',(-0.000149688867325314,-0.,0.999999988796621));
#12308=DIRECTION('',(-0.990439715449932,0.,0.137946257866812));
#12309=DIRECTION('',(0.,1.,0.));
#12310=DIRECTION('',(1.,-0.,-0.));
#12311=DIRECTION('',(0.,0.,-1.));
#12312=DIRECTION('',(-1.,-0.,-0.));
#12313=DIRECTION('',(-0.000149688867325314,-0.,0.999999988796621));
#12314=DIRECTION('',(-0.990439715449932,0.,0.137946257866812));
#12315=DIRECTION('',(0.,1.,0.));
#12316=DIRECTION('',(1.,-0.,-0.));
#12317=DIRECTION('',(0.,0.,-1.));
#12318=DIRECTION('',(0.,0.,-1.));
#12319=DIRECTION('',(-1.,0.,0.));
#12320=DIRECTION('',(0.,0.,-1.));
#12321=DIRECTION('',(-1.,0.,0.));
#12322=DIRECTION('',(-0.,-1.,0.));
#12323=DIRECTION('',(-0.,-1.,0.));
#12324=DIRECTION('',(-0.,-1.,0.));
#12325=DIRECTION('',(-0.,-1.,0.));
#12326=DIRECTION('',(-1.,-0.,-0.));
#12327=DIRECTION('',(-0.000149688867325314,-0.,0.999999988796621));
#12328=DIRECTION('',(-0.990439715449932,0.,0.137946257866812));
#12329=DIRECTION('',(0.,1.,0.));
#12330=DIRECTION('',(1.,-0.,-0.));
#12331=DIRECTION('',(0.,0.,-1.));
#12332=DIRECTION('',(-1.,-0.,-0.));
#12333=DIRECTION('',(-0.000149688867325314,-0.,0.999999988796621));
#12334=DIRECTION('',(-0.990439715449932,0.,0.137946257866812));
#12335=DIRECTION('',(0.,1.,0.));
#12336=DIRECTION('',(1.,-0.,-0.));
#12337=DIRECTION('',(0.,0.,-1.));
#12338=DIRECTION('',(0.,0.,-1.));
#12339=DIRECTION('',(-1.,0.,0.));
#12340=DIRECTION('',(0.,0.,-1.));
#12341=DIRECTION('',(-1.,0.,0.));
#12342=DIRECTION('',(-0.,-1.,0.));
#12343=DIRECTION('',(-0.,-1.,0.));
#12344=DIRECTION('',(-0.,-1.,0.));
#12345=DIRECTION('',(-0.,-1.,0.));
#12346=DIRECTION('',(-1.,-0.,-0.));
#12347=DIRECTION('',(-0.000149688867325314,-0.,0.999999988796621));
#12348=DIRECTION('',(-0.990439715449932,0.,0.137946257866812));
#12349=DIRECTION('',(0.,1.,0.));
#12350=DIRECTION('',(1.,-0.,-0.));
#12351=DIRECTION('',(0.,0.,-1.));
#12352=DIRECTION('',(-1.,-0.,-0.));
#12353=DIRECTION('',(-0.000149688867325314,-0.,0.999999988796621));
#12354=DIRECTION('',(-0.990439715449932,0.,0.137946257866812));
#12355=DIRECTION('',(0.,1.,0.));
#12356=DIRECTION('',(1.,-0.,-0.));
#12357=DIRECTION('',(0.,0.,-1.));
#12358=DIRECTION('',(0.,0.,-1.));
#12359=DIRECTION('',(-1.,0.,0.));
#12360=DIRECTION('',(0.,0.,-1.));
#12361=DIRECTION('',(-1.,0.,0.));
#12362=DIRECTION('',(-0.,-1.,0.));
#12363=DIRECTION('',(-0.,-1.,0.));
#12364=DIRECTION('',(-0.,-1.,0.));
#12365=DIRECTION('',(-0.,-1.,0.));
#12366=DIRECTION('',(-1.,-0.,-0.));
#12367=DIRECTION('',(-0.000149688867325314,-0.,0.999999988796621));
#12368=DIRECTION('',(-0.990439715449932,0.,0.137946257866812));
#12369=DIRECTION('',(0.,1.,0.));
#12370=DIRECTION('',(1.,-0.,-0.));
#12371=DIRECTION('',(0.,0.,-1.));
#12372=DIRECTION('',(-1.,-0.,-0.));
#12373=DIRECTION('',(-0.000149688867325314,-0.,0.999999988796621));
#12374=DIRECTION('',(-0.990439715449932,0.,0.137946257866812));
#12375=DIRECTION('',(0.,1.,0.));
#12376=DIRECTION('',(1.,-0.,-0.));
#12377=DIRECTION('',(0.,0.,-1.));
#12378=DIRECTION('',(0.,0.,-1.));
#12379=DIRECTION('',(-1.,0.,0.));
#12380=DIRECTION('',(0.,0.,-1.));
#12381=DIRECTION('',(-1.,0.,0.));
#12382=DIRECTION('',(-0.,-1.,0.));
#12383=DIRECTION('',(-0.,-1.,0.));
#12384=DIRECTION('',(-0.,-1.,0.));
#12385=DIRECTION('',(-0.,-1.,0.));
#12386=DIRECTION('',(-1.,-0.,-0.));
#12387=DIRECTION('',(-0.000149688867325314,-0.,0.999999988796621));
#12388=DIRECTION('',(-0.990439715449932,0.,0.137946257866812));
#12389=DIRECTION('',(0.,1.,0.));
#12390=DIRECTION('',(1.,-0.,-0.));
#12391=DIRECTION('',(0.,0.,-1.));
#12392=DIRECTION('',(-1.,-0.,-0.));
#12393=DIRECTION('',(-0.000149688867325314,-0.,0.999999988796621));
#12394=DIRECTION('',(-0.990439715449932,0.,0.137946257866812));
#12395=DIRECTION('',(0.,1.,0.));
#12396=DIRECTION('',(1.,-0.,-0.));
#12397=DIRECTION('',(0.,0.,-1.));
#12398=DIRECTION('',(0.,0.,-1.));
#12399=DIRECTION('',(0.,0.,-1.));
#12400=DIRECTION('',(-0.,-1.,0.));
#12401=DIRECTION('',(-0.,-1.,0.));
#12402=DIRECTION('',(-0.,-1.,0.));
#12403=DIRECTION('',(-0.,-1.,0.));
#12404=DIRECTION('',(-1.,-0.,-0.));
#12405=DIRECTION('',(-0.000149688867325314,-0.,0.999999988796621));
#12406=DIRECTION('',(-0.990439715449932,0.,0.137946257866812));
#12407=DIRECTION('',(0.,1.,0.));
#12408=DIRECTION('',(1.,-0.,-0.));
#12409=DIRECTION('',(0.,0.,-1.));
#12410=DIRECTION('',(-1.,-0.,-0.));
#12411=DIRECTION('',(-0.000149688867325314,-0.,0.999999988796621));
#12412=DIRECTION('',(-0.990439715449932,0.,0.137946257866812));
#12413=DIRECTION('',(0.,1.,0.));
#12414=DIRECTION('',(1.,-0.,-0.));
#12415=DIRECTION('',(0.,0.,-1.));
#12416=DIRECTION('',(0.,0.,-1.));
#12417=DIRECTION('',(-1.,0.,0.));
#12418=DIRECTION('',(0.,0.,-1.));
#12419=DIRECTION('',(-1.,0.,0.));
#12420=DIRECTION('',(-0.,-1.,0.));
#12421=DIRECTION('',(-0.,-1.,0.));
#12422=DIRECTION('',(-0.,-1.,0.));
#12423=DIRECTION('',(-0.,-1.,0.));
#12424=DIRECTION('',(-1.,-0.,-0.));
#12425=DIRECTION('',(-0.000149688867325314,-0.,0.999999988796621));
#12426=DIRECTION('',(-0.990439715449932,0.,0.137946257866812));
#12427=DIRECTION('',(0.,1.,0.));
#12428=DIRECTION('',(1.,-0.,-0.));
#12429=DIRECTION('',(0.,0.,-1.));
#12430=DIRECTION('',(-1.,-0.,-0.));
#12431=DIRECTION('',(-0.000149688867325314,-0.,0.999999988796621));
#12432=DIRECTION('',(-0.990439715449932,0.,0.137946257866812));
#12433=DIRECTION('',(0.,1.,0.));
#12434=DIRECTION('',(1.,-0.,-0.));
#12435=DIRECTION('',(0.,0.,-1.));
#12436=DIRECTION('',(0.,0.,-1.));
#12437=DIRECTION('',(-1.,0.,0.));
#12438=DIRECTION('',(0.,0.,-1.));
#12439=DIRECTION('',(-1.,0.,0.));
#12440=DIRECTION('',(-0.,-1.,0.));
#12441=DIRECTION('',(-0.,-1.,0.));
#12442=DIRECTION('',(-0.,-1.,0.));
#12443=DIRECTION('',(-0.,-1.,0.));
#12444=DIRECTION('',(-1.,-0.,-0.));
#12445=DIRECTION('',(-0.000149688867325314,-0.,0.999999988796621));
#12446=DIRECTION('',(-0.990439715449932,0.,0.137946257866812));
#12447=DIRECTION('',(0.,1.,0.));
#12448=DIRECTION('',(1.,-0.,-0.));
#12449=DIRECTION('',(0.,0.,-1.));
#12450=DIRECTION('',(-1.,-0.,-0.));
#12451=DIRECTION('',(-0.000149688867325314,-0.,0.999999988796621));
#12452=DIRECTION('',(-0.990439715449932,0.,0.137946257866812));
#12453=DIRECTION('',(0.,1.,0.));
#12454=DIRECTION('',(1.,-0.,-0.));
#12455=DIRECTION('',(0.,0.,-1.));
#12456=DIRECTION('',(0.,0.,-1.));
#12457=DIRECTION('',(-1.,0.,0.));
#12458=DIRECTION('',(0.,0.,-1.));
#12459=DIRECTION('',(-1.,0.,0.));
#12460=DIRECTION('',(-0.,-1.,0.));
#12461=DIRECTION('',(-0.,-1.,0.));
#12462=DIRECTION('',(-0.,-1.,0.));
#12463=DIRECTION('',(-0.,-1.,0.));
#12464=DIRECTION('',(-1.,-0.,-0.));
#12465=DIRECTION('',(-0.000149688867325314,-0.,0.999999988796621));
#12466=DIRECTION('',(-0.990439715449932,0.,0.137946257866812));
#12467=DIRECTION('',(0.,1.,0.));
#12468=DIRECTION('',(1.,-0.,-0.));
#12469=DIRECTION('',(0.,0.,-1.));
#12470=DIRECTION('',(-1.,-0.,-0.));
#12471=DIRECTION('',(-0.000149688867325314,-0.,0.999999988796621));
#12472=DIRECTION('',(-0.990439715449932,0.,0.137946257866812));
#12473=DIRECTION('',(0.,1.,0.));
#12474=DIRECTION('',(1.,-0.,-0.));
#12475=DIRECTION('',(0.,0.,-1.));
#12476=DIRECTION('',(0.,0.,-1.));
#12477=DIRECTION('',(-1.,0.,0.));
#12478=DIRECTION('',(0.,0.,-1.));
#12479=DIRECTION('',(-1.,0.,0.));
#12480=DIRECTION('',(-0.,-1.,0.));
#12481=DIRECTION('',(-0.,-1.,0.));
#12482=DIRECTION('',(-0.,-1.,0.));
#12483=DIRECTION('',(-0.,-1.,0.));
#12484=DIRECTION('',(-1.,-0.,-0.));
#12485=DIRECTION('',(-0.000149688867325314,-0.,0.999999988796621));
#12486=DIRECTION('',(-0.990439715449932,0.,0.137946257866812));
#12487=DIRECTION('',(0.,1.,0.));
#12488=DIRECTION('',(1.,-0.,-0.));
#12489=DIRECTION('',(0.,0.,-1.));
#12490=DIRECTION('',(-1.,-0.,-0.));
#12491=DIRECTION('',(-0.000149688867325314,-0.,0.999999988796621));
#12492=DIRECTION('',(-0.990439715449932,0.,0.137946257866812));
#12493=DIRECTION('',(0.,1.,0.));
#12494=DIRECTION('',(1.,-0.,-0.));
#12495=DIRECTION('',(0.,0.,-1.));
#12496=DIRECTION('',(0.,0.,-1.));
#12497=DIRECTION('',(0.,0.,-1.));
#12498=DIRECTION('',(-0.,-1.,0.));
#12499=DIRECTION('',(-0.,-1.,0.));
#12500=DIRECTION('',(-0.,-1.,0.));
#12501=DIRECTION('',(-0.,-1.,0.));
#12502=DIRECTION('',(-1.,-0.,-0.));
#12503=DIRECTION('',(-0.000149688867325314,-0.,0.999999988796621));
#12504=DIRECTION('',(-0.990439715449932,0.,0.137946257866812));
#12505=DIRECTION('',(0.,1.,0.));
#12506=DIRECTION('',(1.,-0.,-0.));
#12507=DIRECTION('',(0.,0.,-1.));
#12508=DIRECTION('',(-1.,-0.,-0.));
#12509=DIRECTION('',(-0.000149688867325314,-0.,0.999999988796621));
#12510=DIRECTION('',(-0.990439715449932,0.,0.137946257866812));
#12511=DIRECTION('',(0.,1.,0.));
#12512=DIRECTION('',(1.,-0.,-0.));
#12513=DIRECTION('',(0.,0.,-1.));
#12514=DIRECTION('',(0.,0.,-1.));
#12515=DIRECTION('',(-1.,0.,0.));
#12516=DIRECTION('',(0.,0.,-1.));
#12517=DIRECTION('',(-1.,0.,0.));
#12518=DIRECTION('',(-0.,-1.,0.));
#12519=DIRECTION('',(-0.,-1.,0.));
#12520=DIRECTION('',(-0.,-1.,0.));
#12521=DIRECTION('',(-0.,-1.,0.));
#12522=DIRECTION('',(-1.,-0.,-0.));
#12523=DIRECTION('',(-0.000149688867325314,-0.,0.999999988796621));
#12524=DIRECTION('',(-0.990439715449932,0.,0.137946257866812));
#12525=DIRECTION('',(0.,1.,0.));
#12526=DIRECTION('',(1.,-0.,-0.));
#12527=DIRECTION('',(0.,0.,-1.));
#12528=DIRECTION('',(-1.,-0.,-0.));
#12529=DIRECTION('',(-0.000149688867325314,-0.,0.999999988796621));
#12530=DIRECTION('',(-0.990439715449932,0.,0.137946257866812));
#12531=DIRECTION('',(0.,1.,0.));
#12532=DIRECTION('',(1.,-0.,-0.));
#12533=DIRECTION('',(0.,0.,-1.));
#12534=DIRECTION('',(0.,0.,-1.));
#12535=DIRECTION('',(-1.,0.,0.));
#12536=DIRECTION('',(0.,0.,-1.));
#12537=DIRECTION('',(-1.,0.,0.));
#12538=DIRECTION('',(-0.,-1.,0.));
#12539=DIRECTION('',(-0.,-1.,0.));
#12540=DIRECTION('',(-0.,-1.,0.));
#12541=DIRECTION('',(-0.,-1.,0.));
#12542=DIRECTION('',(-1.,-0.,-0.));
#12543=DIRECTION('',(-0.000149688867325314,-0.,0.999999988796621));
#12544=DIRECTION('',(-0.990439715449932,0.,0.137946257866812));
#12545=DIRECTION('',(0.,1.,0.));
#12546=DIRECTION('',(1.,-0.,-0.));
#12547=DIRECTION('',(0.,0.,-1.));
#12548=DIRECTION('',(-1.,-0.,-0.));
#12549=DIRECTION('',(-0.000149688867325314,-0.,0.999999988796621));
#12550=DIRECTION('',(-0.990439715449932,0.,0.137946257866812));
#12551=DIRECTION('',(0.,1.,0.));
#12552=DIRECTION('',(1.,-0.,-0.));
#12553=DIRECTION('',(0.,0.,-1.));
#12554=DIRECTION('',(0.,0.,-1.));
#12555=DIRECTION('',(0.,0.,-1.));
#12556=DIRECTION('',(-0.,-1.,0.));
#12557=DIRECTION('',(-0.,-1.,0.));
#12558=DIRECTION('',(-0.,-1.,0.));
#12559=DIRECTION('',(-0.,-1.,0.));
#12560=DIRECTION('',(-1.,-0.,-0.));
#12561=DIRECTION('',(-0.000149688867325314,-0.,0.999999988796621));
#12562=DIRECTION('',(-0.990439715449932,0.,0.137946257866812));
#12563=DIRECTION('',(0.,1.,0.));
#12564=DIRECTION('',(1.,-0.,-0.));
#12565=DIRECTION('',(0.,0.,-1.));
#12566=DIRECTION('',(-1.,-0.,-0.));
#12567=DIRECTION('',(-0.000149688867325314,-0.,0.999999988796621));
#12568=DIRECTION('',(-0.990439715449932,0.,0.137946257866812));
#12569=DIRECTION('',(0.,1.,0.));
#12570=DIRECTION('',(1.,-0.,-0.));
#12571=DIRECTION('',(0.,0.,-1.));
#12572=DIRECTION('',(0.,0.,-1.));
#12573=DIRECTION('',(-1.,0.,0.));
#12574=DIRECTION('',(0.,0.,-1.));
#12575=DIRECTION('',(-1.,0.,0.));
#12576=DIRECTION('',(-0.,-1.,0.));
#12577=DIRECTION('',(-0.,-1.,0.));
#12578=DIRECTION('',(-0.,-1.,0.));
#12579=DIRECTION('',(-0.,-1.,0.));
#12580=DIRECTION('',(-1.,-0.,-0.));
#12581=DIRECTION('',(-0.000149688867325314,-0.,0.999999988796621));
#12582=DIRECTION('',(-0.990439715449932,0.,0.137946257866812));
#12583=DIRECTION('',(0.,1.,0.));
#12584=DIRECTION('',(1.,-0.,-0.));
#12585=DIRECTION('',(0.,0.,-1.));
#12586=DIRECTION('',(-1.,-0.,-0.));
#12587=DIRECTION('',(-0.000149688867325314,-0.,0.999999988796621));
#12588=DIRECTION('',(-0.990439715449932,0.,0.137946257866812));
#12589=DIRECTION('',(0.,1.,0.));
#12590=DIRECTION('',(1.,-0.,-0.));
#12591=DIRECTION('',(0.,0.,-1.));
#12592=DIRECTION('',(0.,0.,-1.));
#12593=DIRECTION('',(-1.,0.,0.));
#12594=DIRECTION('',(0.,0.,-1.));
#12595=DIRECTION('',(-1.,0.,0.));
#12596=DIRECTION('',(-0.,-1.,0.));
#12597=DIRECTION('',(-0.,-1.,0.));
#12598=DIRECTION('',(-0.,-1.,0.));
#12599=DIRECTION('',(-0.,-1.,0.));
#12600=DIRECTION('',(-1.,-0.,-0.));
#12601=DIRECTION('',(-0.000149688867325314,-0.,0.999999988796621));
#12602=DIRECTION('',(-0.990439715449932,0.,0.137946257866812));
#12603=DIRECTION('',(0.,1.,0.));
#12604=DIRECTION('',(1.,-0.,-0.));
#12605=DIRECTION('',(0.,0.,-1.));
#12606=DIRECTION('',(-1.,-0.,-0.));
#12607=DIRECTION('',(-0.000149688867325314,-0.,0.999999988796621));
#12608=DIRECTION('',(-0.990439715449932,0.,0.137946257866812));
#12609=DIRECTION('',(0.,1.,0.));
#12610=DIRECTION('',(1.,-0.,-0.));
#12611=DIRECTION('',(0.,0.,-1.));
#12612=DIRECTION('',(0.,0.,-1.));
#12613=DIRECTION('',(0.,0.,-1.));
#12614=DIRECTION('',(-0.,-1.,0.));
#12615=DIRECTION('',(-0.,-1.,0.));
#12616=DIRECTION('',(-0.,-1.,0.));
#12617=DIRECTION('',(-0.,-1.,0.));
#12618=DIRECTION('',(-1.,-0.,-0.));
#12619=DIRECTION('',(-0.000149688867325314,-0.,0.999999988796621));
#12620=DIRECTION('',(-0.990439715449932,0.,0.137946257866812));
#12621=DIRECTION('',(0.,1.,0.));
#12622=DIRECTION('',(1.,-0.,-0.));
#12623=DIRECTION('',(0.,0.,-1.));
#12624=DIRECTION('',(-1.,-0.,-0.));
#12625=DIRECTION('',(-0.000149688867325314,-0.,0.999999988796621));
#12626=DIRECTION('',(-0.990439715449932,0.,0.137946257866812));
#12627=DIRECTION('',(0.,1.,0.));
#12628=DIRECTION('',(1.,-0.,-0.));
#12629=DIRECTION('',(0.,0.,-1.));
#12630=DIRECTION('',(0.,0.,-1.));
#12631=DIRECTION('',(-1.,0.,0.));
#12632=DIRECTION('',(0.,0.,-1.));
#12633=DIRECTION('',(-1.,0.,0.));
#12634=DIRECTION('',(-0.,-1.,0.));
#12635=DIRECTION('',(-0.,-1.,0.));
#12636=DIRECTION('',(-0.,-1.,0.));
#12637=DIRECTION('',(-0.,-1.,0.));
#12638=DIRECTION('',(-1.,-0.,-0.));
#12639=DIRECTION('',(-0.000149688867325314,-0.,0.999999988796621));
#12640=DIRECTION('',(-0.990439715449932,0.,0.137946257866812));
#12641=DIRECTION('',(0.,1.,0.));
#12642=DIRECTION('',(1.,-0.,-0.));
#12643=DIRECTION('',(0.,0.,-1.));
#12644=DIRECTION('',(-1.,-0.,-0.));
#12645=DIRECTION('',(-0.000149688867325314,-0.,0.999999988796621));
#12646=DIRECTION('',(-0.990439715449932,0.,0.137946257866812));
#12647=DIRECTION('',(0.,1.,0.));
#12648=DIRECTION('',(1.,-0.,-0.));
#12649=DIRECTION('',(0.,0.,-1.));
#12650=DIRECTION('',(0.,0.,-1.));
#12651=DIRECTION('',(-1.,0.,0.));
#12652=DIRECTION('',(0.,0.,-1.));
#12653=DIRECTION('',(-1.,0.,0.));
#12654=DIRECTION('',(-0.,-1.,0.));
#12655=DIRECTION('',(-0.,-1.,0.));
#12656=DIRECTION('',(-0.,-1.,0.));
#12657=DIRECTION('',(-0.,-1.,0.));
#12658=DIRECTION('',(-1.,-0.,-0.));
#12659=DIRECTION('',(-0.000149688867325314,-0.,0.999999988796621));
#12660=DIRECTION('',(-0.990439715449932,0.,0.137946257866812));
#12661=DIRECTION('',(0.,1.,0.));
#12662=DIRECTION('',(1.,-0.,-0.));
#12663=DIRECTION('',(0.,0.,-1.));
#12664=DIRECTION('',(-1.,-0.,-0.));
#12665=DIRECTION('',(-0.000149688867325314,-0.,0.999999988796621));
#12666=DIRECTION('',(-0.990439715449932,0.,0.137946257866812));
#12667=DIRECTION('',(0.,1.,0.));
#12668=DIRECTION('',(1.,-0.,-0.));
#12669=DIRECTION('',(0.,0.,-1.));
#12670=DIRECTION('',(0.,0.,-1.));
#12671=DIRECTION('',(0.,0.,-1.));
#12672=DIRECTION('',(-0.,-1.,0.));
#12673=DIRECTION('',(-0.,-1.,0.));
#12674=DIRECTION('',(-0.,-1.,0.));
#12675=DIRECTION('',(-0.,-1.,0.));
#12676=DIRECTION('',(-1.,-0.,-0.));
#12677=DIRECTION('',(-0.000149688867325314,-0.,0.999999988796621));
#12678=DIRECTION('',(-0.990439715449932,0.,0.137946257866812));
#12679=DIRECTION('',(0.,1.,0.));
#12680=DIRECTION('',(1.,-0.,-0.));
#12681=DIRECTION('',(0.,0.,-1.));
#12682=DIRECTION('',(-1.,-0.,-0.));
#12683=DIRECTION('',(-0.000149688867325314,-0.,0.999999988796621));
#12684=DIRECTION('',(-0.990439715449932,0.,0.137946257866812));
#12685=DIRECTION('',(0.,1.,0.));
#12686=DIRECTION('',(1.,-0.,-0.));
#12687=DIRECTION('',(0.,0.,-1.));
#12688=DIRECTION('',(0.,0.,-1.));
#12689=DIRECTION('',(-1.,0.,0.));
#12690=DIRECTION('',(0.,0.,-1.));
#12691=DIRECTION('',(-1.,0.,0.));
#12692=DIRECTION('',(-0.,-1.,0.));
#12693=DIRECTION('',(-0.,-1.,0.));
#12694=DIRECTION('',(-0.,-1.,0.));
#12695=DIRECTION('',(-0.,-1.,0.));
#12696=DIRECTION('',(-1.,-0.,-0.));
#12697=DIRECTION('',(-0.000149688867325314,-0.,0.999999988796621));
#12698=DIRECTION('',(-0.990439715449932,0.,0.137946257866812));
#12699=DIRECTION('',(0.,1.,0.));
#12700=DIRECTION('',(1.,-0.,-0.));
#12701=DIRECTION('',(0.,0.,-1.));
#12702=DIRECTION('',(-1.,-0.,-0.));
#12703=DIRECTION('',(-0.000149688867325314,-0.,0.999999988796621));
#12704=DIRECTION('',(-0.990439715449932,0.,0.137946257866812));
#12705=DIRECTION('',(0.,1.,0.));
#12706=DIRECTION('',(1.,-0.,-0.));
#12707=DIRECTION('',(0.,0.,-1.));
#12708=DIRECTION('',(0.,0.,-1.));
#12709=DIRECTION('',(-1.,0.,0.));
#12710=DIRECTION('',(0.,0.,-1.));
#12711=DIRECTION('',(-1.,0.,0.));
#12712=DIRECTION('',(-0.,-1.,0.));
#12713=DIRECTION('',(-0.,-1.,0.));
#12714=DIRECTION('',(-0.,-1.,0.));
#12715=DIRECTION('',(-0.,-1.,0.));
#12716=DIRECTION('',(-1.,-0.,-0.));
#12717=DIRECTION('',(-0.000149688867325314,-0.,0.999999988796621));
#12718=DIRECTION('',(-0.990439715449932,0.,0.137946257866812));
#12719=DIRECTION('',(0.,1.,0.));
#12720=DIRECTION('',(1.,-0.,-0.));
#12721=DIRECTION('',(0.,0.,-1.));
#12722=DIRECTION('',(-1.,-0.,-0.));
#12723=DIRECTION('',(-0.000149688867325314,-0.,0.999999988796621));
#12724=DIRECTION('',(-0.990439715449932,0.,0.137946257866812));
#12725=DIRECTION('',(0.,1.,0.));
#12726=DIRECTION('',(1.,-0.,-0.));
#12727=DIRECTION('',(0.,0.,-1.));
#12728=DIRECTION('',(0.,0.,-1.));
#12729=DIRECTION('',(0.,0.,-1.));
#12730=DIRECTION('',(-0.,-1.,0.));
#12731=DIRECTION('',(-0.,-1.,0.));
#12732=DIRECTION('',(-0.,-1.,0.));
#12733=DIRECTION('',(-0.,-1.,0.));
#12734=DIRECTION('',(-1.,-0.,-0.));
#12735=DIRECTION('',(-0.000149688867325314,-0.,0.999999988796621));
#12736=DIRECTION('',(-0.990439715449932,0.,0.137946257866812));
#12737=DIRECTION('',(0.,1.,0.));
#12738=DIRECTION('',(1.,-0.,-0.));
#12739=DIRECTION('',(0.,0.,-1.));
#12740=DIRECTION('',(-1.,-0.,-0.));
#12741=DIRECTION('',(-0.000149688867325314,-0.,0.999999988796621));
#12742=DIRECTION('',(-0.990439715449932,0.,0.137946257866812));
#12743=DIRECTION('',(0.,1.,0.));
#12744=DIRECTION('',(1.,-0.,-0.));
#12745=DIRECTION('',(0.,0.,-1.));
#12746=DIRECTION('',(0.,0.,-1.));
#12747=DIRECTION('',(-1.,0.,0.));
#12748=DIRECTION('',(0.,0.,-1.));
#12749=DIRECTION('',(-1.,0.,0.));
#12750=DIRECTION('',(-0.,-1.,0.));
#12751=DIRECTION('',(-0.,-1.,0.));
#12752=DIRECTION('',(-0.,-1.,0.));
#12753=DIRECTION('',(-0.,-1.,0.));
#12754=DIRECTION('',(-1.,-0.,-0.));
#12755=DIRECTION('',(-0.000149688867325314,-0.,0.999999988796621));
#12756=DIRECTION('',(-0.990439715449932,0.,0.137946257866812));
#12757=DIRECTION('',(0.,1.,0.));
#12758=DIRECTION('',(1.,-0.,-0.));
#12759=DIRECTION('',(0.,0.,-1.));
#12760=DIRECTION('',(-1.,-0.,-0.));
#12761=DIRECTION('',(-0.000149688867325314,-0.,0.999999988796621));
#12762=DIRECTION('',(-0.990439715449932,0.,0.137946257866812));
#12763=DIRECTION('',(0.,1.,0.));
#12764=DIRECTION('',(1.,-0.,-0.));
#12765=DIRECTION('',(0.,0.,-1.));
#12766=DIRECTION('',(0.,0.,-1.));
#12767=DIRECTION('',(0.,0.,-1.));
#12768=DIRECTION('',(-0.,-1.,0.));
#12769=DIRECTION('',(-0.,-1.,0.));
#12770=DIRECTION('',(-0.,-1.,0.));
#12771=DIRECTION('',(-0.,-1.,0.));
#12772=DIRECTION('',(-1.,-0.,-0.));
#12773=DIRECTION('',(-0.000149688867325314,-0.,0.999999988796621));
#12774=DIRECTION('',(-0.990439715449932,0.,0.137946257866812));
#12775=DIRECTION('',(0.,1.,0.));
#12776=DIRECTION('',(1.,-0.,-0.));
#12777=DIRECTION('',(0.,0.,-1.));
#12778=DIRECTION('',(-1.,-0.,-0.));
#12779=DIRECTION('',(-0.000149688867325314,-0.,0.999999988796621));
#12780=DIRECTION('',(-0.990439715449932,0.,0.137946257866812));
#12781=DIRECTION('',(0.,1.,0.));
#12782=DIRECTION('',(1.,-0.,-0.));
#12783=DIRECTION('',(0.,0.,-1.));
#12784=DIRECTION('',(0.,0.,-1.));
#12785=DIRECTION('',(0.,0.,-1.));
#12786=DIRECTION('',(-0.,-1.,0.));
#12787=DIRECTION('',(-0.,-1.,0.));
#12788=DIRECTION('',(-0.,-1.,0.));
#12789=DIRECTION('',(-0.,-1.,0.));
#12790=DIRECTION('',(-1.,-0.,-0.));
#12791=DIRECTION('',(-0.000149688867325314,-0.,0.999999988796621));
#12792=DIRECTION('',(-0.990439715449932,0.,0.137946257866812));
#12793=DIRECTION('',(0.,1.,0.));
#12794=DIRECTION('',(1.,-0.,-0.));
#12795=DIRECTION('',(0.,0.,-1.));
#12796=DIRECTION('',(-1.,-0.,-0.));
#12797=DIRECTION('',(-0.000149688867325314,-0.,0.999999988796621));
#12798=DIRECTION('',(-0.990439715449932,0.,0.137946257866812));
#12799=DIRECTION('',(0.,1.,0.));
#12800=DIRECTION('',(1.,-0.,-0.));
#12801=DIRECTION('',(0.,0.,-1.));
#12802=DIRECTION('',(0.,0.,-1.));
#12803=DIRECTION('',(0.,0.,-1.));
#12804=DIRECTION('',(-0.,-1.,0.));
#12805=DIRECTION('',(-0.,-1.,0.));
#12806=DIRECTION('',(-0.,-1.,0.));
#12807=DIRECTION('',(-0.,-1.,0.));
#12808=DIRECTION('',(-1.,-0.,-0.));
#12809=DIRECTION('',(-0.000149688867325314,-0.,0.999999988796621));
#12810=DIRECTION('',(-0.990439715449932,0.,0.137946257866812));
#12811=DIRECTION('',(0.,1.,0.));
#12812=DIRECTION('',(1.,-0.,-0.));
#12813=DIRECTION('',(0.,0.,-1.));
#12814=DIRECTION('',(-1.,-0.,-0.));
#12815=DIRECTION('',(-0.000149688867325314,-0.,0.999999988796621));
#12816=DIRECTION('',(-0.990439715449932,0.,0.137946257866812));
#12817=DIRECTION('',(0.,1.,0.));
#12818=DIRECTION('',(1.,-0.,-0.));
#12819=DIRECTION('',(0.,0.,-1.));
#12820=DIRECTION('',(0.,0.,-1.));
#12821=DIRECTION('',(0.,0.,-1.));
#12822=DIRECTION('',(-0.,-1.,0.));
#12823=DIRECTION('',(-0.,-1.,0.));
#12824=DIRECTION('',(-0.,-1.,0.));
#12825=DIRECTION('',(-0.,-1.,0.));
#12826=DIRECTION('',(-1.,-0.,-0.));
#12827=DIRECTION('',(-0.000149688867325314,-0.,0.999999988796621));
#12828=DIRECTION('',(-0.990439715449932,0.,0.137946257866812));
#12829=DIRECTION('',(0.,1.,0.));
#12830=DIRECTION('',(1.,-0.,-0.));
#12831=DIRECTION('',(0.,0.,-1.));
#12832=DIRECTION('',(-1.,-0.,-0.));
#12833=DIRECTION('',(-0.000149688867325314,-0.,0.999999988796621));
#12834=DIRECTION('',(-0.990439715449932,0.,0.137946257866812));
#12835=DIRECTION('',(0.,1.,0.));
#12836=DIRECTION('',(1.,-0.,-0.));
#12837=DIRECTION('',(0.,0.,-1.));
#12838=DIRECTION('',(0.,0.,-1.));
#12839=DIRECTION('',(0.,0.,-1.));
#12840=DIRECTION('',(-0.,-1.,0.));
#12841=DIRECTION('',(-0.,-1.,0.));
#12842=DIRECTION('',(-0.,-1.,0.));
#12843=DIRECTION('',(-0.,-1.,0.));
#12844=DIRECTION('',(-1.,-0.,-0.));
#12845=DIRECTION('',(-0.000149688867325314,-0.,0.999999988796621));
#12846=DIRECTION('',(-0.990439715449932,0.,0.137946257866812));
#12847=DIRECTION('',(0.,1.,0.));
#12848=DIRECTION('',(1.,-0.,-0.));
#12849=DIRECTION('',(0.,0.,-1.));
#12850=DIRECTION('',(-1.,-0.,-0.));
#12851=DIRECTION('',(-0.000149688867325314,-0.,0.999999988796621));
#12852=DIRECTION('',(-0.990439715449932,0.,0.137946257866812));
#12853=DIRECTION('',(0.,1.,0.));
#12854=DIRECTION('',(1.,-0.,-0.));
#12855=DIRECTION('',(0.,0.,-1.));
#12856=DIRECTION('',(0.,0.,-1.));
#12857=DIRECTION('',(0.,0.,-1.));
#12858=DIRECTION('',(-0.,-1.,0.));
#12859=DIRECTION('',(-0.,-1.,0.));
#12860=DIRECTION('',(-0.,-1.,0.));
#12861=DIRECTION('',(-0.,-1.,0.));
#12862=DIRECTION('',(-1.,-0.,-0.));
#12863=DIRECTION('',(-0.000149688867325314,-0.,0.999999988796621));
#12864=DIRECTION('',(-0.990439715449932,0.,0.137946257866812));
#12865=DIRECTION('',(0.,1.,0.));
#12866=DIRECTION('',(1.,-0.,-0.));
#12867=DIRECTION('',(0.,0.,-1.));
#12868=DIRECTION('',(-1.,-0.,-0.));
#12869=DIRECTION('',(-0.000149688867325314,-0.,0.999999988796621));
#12870=DIRECTION('',(-0.990439715449932,0.,0.137946257866812));
#12871=DIRECTION('',(0.,1.,0.));
#12872=DIRECTION('',(1.,-0.,-0.));
#12873=DIRECTION('',(0.,0.,-1.));
#12874=DIRECTION('',(0.,0.,-1.));
#12875=DIRECTION('',(0.,0.,-1.));
#12876=DIRECTION('',(-0.,-1.,0.));
#12877=DIRECTION('',(-0.,-1.,0.));
#12878=DIRECTION('',(-0.,-1.,0.));
#12879=DIRECTION('',(-0.,-1.,0.));
#12880=DIRECTION('',(-1.,-0.,-0.));
#12881=DIRECTION('',(-0.000149688867325314,-0.,0.999999988796621));
#12882=DIRECTION('',(-0.990439715449932,0.,0.137946257866812));
#12883=DIRECTION('',(0.,1.,0.));
#12884=DIRECTION('',(1.,-0.,-0.));
#12885=DIRECTION('',(0.,0.,-1.));
#12886=DIRECTION('',(-1.,-0.,-0.));
#12887=DIRECTION('',(-0.000149688867325314,-0.,0.999999988796621));
#12888=DIRECTION('',(-0.990439715449932,0.,0.137946257866812));
#12889=DIRECTION('',(0.,1.,0.));
#12890=DIRECTION('',(1.,-0.,-0.));
#12891=DIRECTION('',(0.,0.,-1.));
#12892=DIRECTION('',(0.,0.,-1.));
#12893=DIRECTION('',(0.,0.,-1.));
#12894=DIRECTION('',(-0.,-1.,0.));
#12895=DIRECTION('',(-0.,-1.,0.));
#12896=DIRECTION('',(-0.,-1.,0.));
#12897=DIRECTION('',(-0.,-1.,0.));
#12898=DIRECTION('',(-1.,-0.,-0.));
#12899=DIRECTION('',(-0.000149688867325314,-0.,0.999999988796621));
#12900=DIRECTION('',(-0.990439715449932,0.,0.137946257866812));
#12901=DIRECTION('',(0.,1.,0.));
#12902=DIRECTION('',(1.,-0.,-0.));
#12903=DIRECTION('',(0.,0.,-1.));
#12904=DIRECTION('',(-1.,-0.,-0.));
#12905=DIRECTION('',(-0.000149688867325314,-0.,0.999999988796621));
#12906=DIRECTION('',(-0.990439715449932,0.,0.137946257866812));
#12907=DIRECTION('',(0.,1.,0.));
#12908=DIRECTION('',(1.,-0.,-0.));
#12909=DIRECTION('',(0.,0.,-1.));
#12910=DIRECTION('',(0.,0.,-1.));
#12911=DIRECTION('',(0.,0.,-1.));
#12912=DIRECTION('',(-0.,-1.,0.));
#12913=DIRECTION('',(-0.,-1.,0.));
#12914=DIRECTION('',(-0.,-1.,0.));
#12915=DIRECTION('',(-0.,-1.,0.));
#12916=DIRECTION('',(-1.,-0.,-0.));
#12917=DIRECTION('',(-0.000149688867325314,-0.,0.999999988796621));
#12918=DIRECTION('',(-0.990439715449932,0.,0.137946257866812));
#12919=DIRECTION('',(0.,1.,0.));
#12920=DIRECTION('',(1.,-0.,-0.));
#12921=DIRECTION('',(0.,0.,-1.));
#12922=DIRECTION('',(-1.,-0.,-0.));
#12923=DIRECTION('',(-0.000149688867325314,-0.,0.999999988796621));
#12924=DIRECTION('',(-0.990439715449932,0.,0.137946257866812));
#12925=DIRECTION('',(0.,1.,0.));
#12926=DIRECTION('',(1.,-0.,-0.));
#12927=DIRECTION('',(0.,0.,-1.));
#12928=DIRECTION('',(0.,0.,-1.));
#12929=DIRECTION('',(0.,0.,-1.));
#12930=DIRECTION('',(-0.,-1.,0.));
#12931=DIRECTION('',(-0.,-1.,0.));
#12932=DIRECTION('',(-0.,-1.,0.));
#12933=DIRECTION('',(-0.,-1.,0.));
#12934=DIRECTION('',(-1.,-0.,-0.));
#12935=DIRECTION('',(-0.000149688867325314,-0.,0.999999988796621));
#12936=DIRECTION('',(-0.990439715449932,0.,0.137946257866812));
#12937=DIRECTION('',(0.,1.,0.));
#12938=DIRECTION('',(1.,-0.,-0.));
#12939=DIRECTION('',(0.,0.,-1.));
#12940=DIRECTION('',(-1.,-0.,-0.));
#12941=DIRECTION('',(-0.000149688867325314,-0.,0.999999988796621));
#12942=DIRECTION('',(-0.990439715449932,0.,0.137946257866812));
#12943=DIRECTION('',(0.,1.,0.));
#12944=DIRECTION('',(1.,-0.,-0.));
#12945=DIRECTION('',(0.,0.,-1.));
#12946=DIRECTION('',(0.,0.,-1.));
#12947=DIRECTION('',(0.,0.,-1.));
#12948=DIRECTION('',(-0.,-1.,0.));
#12949=DIRECTION('',(-0.,-1.,0.));
#12950=DIRECTION('',(-0.,-1.,0.));
#12951=DIRECTION('',(-0.,-1.,0.));
#12952=DIRECTION('',(-1.,-0.,-0.));
#12953=DIRECTION('',(-0.000149688867325314,-0.,0.999999988796621));
#12954=DIRECTION('',(-0.990439715449932,0.,0.137946257866812));
#12955=DIRECTION('',(0.,1.,0.));
#12956=DIRECTION('',(1.,-0.,-0.));
#12957=DIRECTION('',(0.,0.,-1.));
#12958=DIRECTION('',(-1.,-0.,-0.));
#12959=DIRECTION('',(-0.000149688867325314,-0.,0.999999988796621));
#12960=DIRECTION('',(-0.990439715449932,0.,0.137946257866812));
#12961=DIRECTION('',(0.,1.,0.));
#12962=DIRECTION('',(1.,-0.,-0.));
#12963=DIRECTION('',(0.,0.,-1.));
#12964=DIRECTION('',(0.,0.,-1.));
#12965=DIRECTION('',(-0.,-1.,0.));
#12966=DIRECTION('',(-0.,-1.,0.));
#12967=DIRECTION('',(-0.,-1.,0.));
#12968=DIRECTION('',(-0.000149688867325314,-0.,0.999999988796621));
#12969=DIRECTION('',(-0.990439715449932,0.,0.137946257866812));
#12970=DIRECTION('',(0.,1.,0.));
#12971=DIRECTION('',(1.,-0.,-0.));
#12972=DIRECTION('',(-1.,-0.,-0.));
#12973=DIRECTION('',(-0.000149688867325314,-0.,0.999999988796621));
#12974=DIRECTION('',(-0.990439715449932,0.,0.137946257866812));
#12975=DIRECTION('',(0.,1.,0.));
#12976=DIRECTION('',(1.,-0.,-0.));
#12977=DIRECTION('',(0.,0.,-1.));
#12978=DIRECTION('',(3.43960283899536E-015,1.,0.));
#12979=DIRECTION('',(1.,-3.43960283899536E-015,0.));
#12980=DIRECTION('',(0.,0.,1.));
#12981=DIRECTION('',(-1.,0.,0.));
#12982=DIRECTION('',(1.,0.,-0.));
#12983=DIRECTION('',(0.,0.,1.));
#12984=DIRECTION('',(3.43960283899536E-015,1.,0.));
#12985=DIRECTION('',(1.,-3.43960283899536E-015,0.));
#12986=DIRECTION('',(0.,0.,1.));
#12987=DIRECTION('',(-1.,0.,0.));
#12988=DIRECTION('',(1.,0.,-0.));
#12989=DIRECTION('',(0.,0.,1.));
#12990=DIRECTION('',(3.43960283899536E-015,1.,0.));
#12991=DIRECTION('',(1.,-3.43960283899536E-015,0.));
#12992=DIRECTION('',(0.,0.,1.));
#12993=DIRECTION('',(-1.,0.,0.));
#12994=DIRECTION('',(1.,0.,-0.));
#12995=DIRECTION('',(0.,0.,1.));
#12996=DIRECTION('',(3.43960283899536E-015,1.,0.));
#12997=DIRECTION('',(1.,-3.43960283899536E-015,0.));
#12998=DIRECTION('',(0.,0.,1.));
#12999=DIRECTION('',(-1.,0.,0.));
#13000=DIRECTION('',(1.,0.,-0.));
#13001=DIRECTION('',(0.,0.,1.));
#13002=DIRECTION('',(3.43960283899536E-015,1.,0.));
#13003=DIRECTION('',(1.,-3.43960283899536E-015,0.));
#13004=DIRECTION('',(0.,0.,1.));
#13005=DIRECTION('',(-1.,0.,0.));
#13006=DIRECTION('',(1.,0.,-0.));
#13007=DIRECTION('',(0.,0.,1.));
#13008=DIRECTION('',(3.43960283899536E-015,1.,0.));
#13009=DIRECTION('',(1.,-3.43960283899536E-015,0.));
#13010=DIRECTION('',(0.,0.,1.));
#13011=DIRECTION('',(-1.,0.,0.));
#13012=DIRECTION('',(1.,0.,-0.));
#13013=DIRECTION('',(0.,0.,1.));
#13014=DIRECTION('',(3.43960283899536E-015,1.,0.));
#13015=DIRECTION('',(1.,-3.43960283899536E-015,0.));
#13016=DIRECTION('',(0.,0.,1.));
#13017=DIRECTION('',(-1.,0.,0.));
#13018=DIRECTION('',(1.,0.,-0.));
#13019=DIRECTION('',(0.,0.,1.));
#13020=DIRECTION('',(3.43960283899536E-015,1.,0.));
#13021=DIRECTION('',(1.,-3.43960283899536E-015,0.));
#13022=DIRECTION('',(0.,0.,1.));
#13023=DIRECTION('',(-1.,0.,0.));
#13024=DIRECTION('',(1.,0.,-0.));
#13025=DIRECTION('',(0.,0.,1.));
#13026=DIRECTION('',(3.43960283899536E-015,1.,0.));
#13027=DIRECTION('',(1.,-3.43960283899536E-015,0.));
#13028=DIRECTION('',(0.,0.,1.));
#13029=DIRECTION('',(-1.,0.,0.));
#13030=DIRECTION('',(1.,0.,-0.));
#13031=DIRECTION('',(0.,0.,1.));
#13032=DIRECTION('',(3.43960283899536E-015,1.,0.));
#13033=DIRECTION('',(1.,-3.43960283899536E-015,0.));
#13034=DIRECTION('',(0.,0.,1.));
#13035=DIRECTION('',(-1.,0.,0.));
#13036=DIRECTION('',(1.,0.,-0.));
#13037=DIRECTION('',(0.,0.,1.));
#13038=DIRECTION('',(3.43960283899536E-015,1.,0.));
#13039=DIRECTION('',(1.,-3.43960283899536E-015,0.));
#13040=DIRECTION('',(0.,0.,1.));
#13041=DIRECTION('',(-1.,0.,0.));
#13042=DIRECTION('',(1.,0.,-0.));
#13043=DIRECTION('',(0.,0.,1.));
#13044=DIRECTION('',(3.43960283899536E-015,1.,0.));
#13045=DIRECTION('',(1.,-3.43960283899536E-015,0.));
#13046=DIRECTION('',(0.,0.,1.));
#13047=DIRECTION('',(-1.,0.,0.));
#13048=DIRECTION('',(1.,0.,-0.));
#13049=DIRECTION('',(0.,0.,1.));
#13050=DIRECTION('',(3.43960283899536E-015,1.,0.));
#13051=DIRECTION('',(1.,-3.43960283899536E-015,0.));
#13052=DIRECTION('',(0.,0.,1.));
#13053=DIRECTION('',(-1.,0.,0.));
#13054=DIRECTION('',(1.,0.,-0.));
#13055=DIRECTION('',(0.,0.,1.));
#13056=DIRECTION('',(3.43960283899536E-015,1.,0.));
#13057=DIRECTION('',(1.,-3.43960283899536E-015,0.));
#13058=DIRECTION('',(0.,0.,1.));
#13059=DIRECTION('',(-1.,0.,0.));
#13060=DIRECTION('',(1.,0.,-0.));
#13061=DIRECTION('',(0.,0.,1.));
#13062=DIRECTION('',(3.43960283899536E-015,1.,0.));
#13063=DIRECTION('',(1.,-3.43960283899536E-015,0.));
#13064=DIRECTION('',(0.,0.,1.));
#13065=DIRECTION('',(-1.,0.,0.));
#13066=DIRECTION('',(1.,0.,-0.));
#13067=DIRECTION('',(0.,0.,1.));
#13068=DIRECTION('',(3.43960283899536E-015,1.,0.));
#13069=DIRECTION('',(1.,-3.43960283899536E-015,0.));
#13070=DIRECTION('',(0.,0.,1.));
#13071=DIRECTION('',(-1.,0.,0.));
#13072=DIRECTION('',(1.,0.,-0.));
#13073=DIRECTION('',(0.,0.,1.));
#13074=DIRECTION('',(3.43960283899536E-015,1.,0.));
#13075=DIRECTION('',(1.,-3.43960283899536E-015,0.));
#13076=DIRECTION('',(0.,0.,1.));
#13077=DIRECTION('',(-1.,0.,0.));
#13078=DIRECTION('',(1.,0.,-0.));
#13079=DIRECTION('',(0.,0.,1.));
#13080=DIRECTION('',(3.43960283899536E-015,1.,0.));
#13081=DIRECTION('',(1.,-3.43960283899536E-015,0.));
#13082=DIRECTION('',(0.,0.,1.));
#13083=DIRECTION('',(-1.,0.,0.));
#13084=DIRECTION('',(1.,0.,-0.));
#13085=DIRECTION('',(0.,0.,1.));
#13086=DIRECTION('',(3.43960283899536E-015,1.,0.));
#13087=DIRECTION('',(1.,-3.43960283899536E-015,0.));
#13088=DIRECTION('',(0.,0.,1.));
#13089=DIRECTION('',(-1.,0.,0.));
#13090=DIRECTION('',(1.,0.,-0.));
#13091=DIRECTION('',(0.,0.,1.));
#13092=DIRECTION('',(3.43960283899536E-015,1.,0.));
#13093=DIRECTION('',(1.,-3.43960283899536E-015,0.));
#13094=DIRECTION('',(0.,0.,1.));
#13095=DIRECTION('',(-1.,0.,0.));
#13096=DIRECTION('',(1.,0.,-0.));
#13097=DIRECTION('',(0.,0.,1.));
#13098=DIRECTION('',(3.43960283899536E-015,1.,0.));
#13099=DIRECTION('',(1.,-3.43960283899536E-015,0.));
#13100=DIRECTION('',(0.,0.,1.));
#13101=DIRECTION('',(-1.,0.,0.));
#13102=DIRECTION('',(1.,0.,-0.));
#13103=DIRECTION('',(0.,0.,1.));
#13104=DIRECTION('',(3.43960283899536E-015,1.,0.));
#13105=DIRECTION('',(1.,-3.43960283899536E-015,0.));
#13106=DIRECTION('',(0.,0.,1.));
#13107=DIRECTION('',(-1.,0.,0.));
#13108=DIRECTION('',(1.,0.,-0.));
#13109=DIRECTION('',(0.,0.,1.));
#13110=DIRECTION('',(3.43960283899536E-015,1.,0.));
#13111=DIRECTION('',(1.,-3.43960283899536E-015,0.));
#13112=DIRECTION('',(0.,0.,1.));
#13113=DIRECTION('',(-1.,0.,0.));
#13114=DIRECTION('',(1.,0.,-0.));
#13115=DIRECTION('',(0.,0.,1.));
#13116=DIRECTION('',(3.43960283899536E-015,1.,0.));
#13117=DIRECTION('',(1.,-3.43960283899536E-015,0.));
#13118=DIRECTION('',(0.,0.,1.));
#13119=DIRECTION('',(-1.,0.,0.));
#13120=DIRECTION('',(1.,0.,-0.));
#13121=DIRECTION('',(0.,0.,1.));
#13122=DIRECTION('',(3.43960283899536E-015,1.,0.));
#13123=DIRECTION('',(1.,-3.43960283899536E-015,0.));
#13124=DIRECTION('',(0.,0.,1.));
#13125=DIRECTION('',(-1.,0.,0.));
#13126=DIRECTION('',(1.,0.,-0.));
#13127=DIRECTION('',(0.,0.,1.));
#13128=DIRECTION('',(3.43960283899536E-015,1.,0.));
#13129=DIRECTION('',(1.,-3.43960283899536E-015,0.));
#13130=DIRECTION('',(0.,0.,1.));
#13131=DIRECTION('',(-1.,0.,0.));
#13132=DIRECTION('',(1.,0.,-0.));
#13133=DIRECTION('',(0.,0.,1.));
#13134=DIRECTION('',(3.43960283899536E-015,1.,0.));
#13135=DIRECTION('',(1.,-3.43960283899536E-015,0.));
#13136=DIRECTION('',(0.,0.,1.));
#13137=DIRECTION('',(-1.,0.,0.));
#13138=DIRECTION('',(1.,0.,-0.));
#13139=DIRECTION('',(0.,0.,1.));
#13140=DIRECTION('',(3.43960283899536E-015,1.,0.));
#13141=DIRECTION('',(1.,-3.43960283899536E-015,0.));
#13142=DIRECTION('',(0.,0.,1.));
#13143=DIRECTION('',(-1.,0.,0.));
#13144=DIRECTION('',(1.,0.,-0.));
#13145=DIRECTION('',(0.,0.,1.));
#13146=DIRECTION('',(3.43960283899536E-015,1.,0.));
#13147=DIRECTION('',(1.,-3.43960283899536E-015,0.));
#13148=DIRECTION('',(0.,0.,1.));
#13149=DIRECTION('',(-1.,0.,0.));
#13150=DIRECTION('',(1.,0.,-0.));
#13151=DIRECTION('',(0.,0.,1.));
#13152=DIRECTION('',(3.43960283899536E-015,1.,0.));
#13153=DIRECTION('',(1.,-3.43960283899536E-015,0.));
#13154=DIRECTION('',(0.,0.,1.));
#13155=DIRECTION('',(-1.,0.,0.));
#13156=DIRECTION('',(1.,0.,-0.));
#13157=DIRECTION('',(0.,0.,1.));
#13158=DIRECTION('',(3.43960283899536E-015,1.,0.));
#13159=DIRECTION('',(1.,-3.43960283899536E-015,0.));
#13160=DIRECTION('',(0.,0.,1.));
#13161=DIRECTION('',(-1.,0.,0.));
#13162=DIRECTION('',(1.,0.,-0.));
#13163=DIRECTION('',(0.,0.,1.));
#13164=DIRECTION('',(3.43960283899536E-015,1.,0.));
#13165=DIRECTION('',(1.,-3.43960283899536E-015,0.));
#13166=DIRECTION('',(0.,0.,1.));
#13167=DIRECTION('',(-1.,0.,0.));
#13168=DIRECTION('',(1.,0.,-0.));
#13169=DIRECTION('',(0.,0.,1.));
#13170=DIRECTION('',(3.43960283899536E-015,1.,0.));
#13171=DIRECTION('',(1.,-3.43960283899536E-015,0.));
#13172=DIRECTION('',(0.,0.,1.));
#13173=DIRECTION('',(-1.,0.,0.));
#13174=DIRECTION('',(1.,0.,-0.));
#13175=DIRECTION('',(0.,0.,1.));
#13176=DIRECTION('',(3.43960283899536E-015,1.,0.));
#13177=DIRECTION('',(1.,-3.43960283899536E-015,0.));
#13178=DIRECTION('',(0.,0.,1.));
#13179=DIRECTION('',(-1.,0.,0.));
#13180=DIRECTION('',(1.,0.,-0.));
#13181=DIRECTION('',(0.,0.,1.));
#13182=DIRECTION('',(3.43960283899536E-015,1.,0.));
#13183=DIRECTION('',(1.,-3.43960283899536E-015,0.));
#13184=DIRECTION('',(0.,0.,1.));
#13185=DIRECTION('',(-1.,0.,0.));
#13186=DIRECTION('',(1.,0.,-0.));
#13187=DIRECTION('',(0.,0.,1.));
#13188=DIRECTION('',(3.43960283899536E-015,1.,0.));
#13189=DIRECTION('',(1.,-3.43960283899536E-015,0.));
#13190=DIRECTION('',(0.,0.,1.));
#13191=DIRECTION('',(-1.,0.,0.));
#13192=DIRECTION('',(1.,0.,-0.));
#13193=DIRECTION('',(0.,0.,1.));
#13194=DIRECTION('',(3.43960283899536E-015,1.,0.));
#13195=DIRECTION('',(1.,-3.43960283899536E-015,0.));
#13196=DIRECTION('',(0.,0.,1.));
#13197=DIRECTION('',(-1.,0.,0.));
#13198=DIRECTION('',(1.,0.,-0.));
#13199=DIRECTION('',(0.,0.,1.));
#13200=DIRECTION('',(3.43960283899536E-015,1.,0.));
#13201=DIRECTION('',(1.,-3.43960283899536E-015,0.));
#13202=DIRECTION('',(0.,0.,1.));
#13203=DIRECTION('',(-1.,0.,0.));
#13204=DIRECTION('',(1.,0.,-0.));
#13205=DIRECTION('',(0.,0.,1.));
#13206=DIRECTION('',(3.43960283899536E-015,1.,0.));
#13207=DIRECTION('',(1.,-3.43960283899536E-015,0.));
#13208=DIRECTION('',(0.,0.,1.));
#13209=DIRECTION('',(-1.,0.,0.));
#13210=DIRECTION('',(1.,0.,-0.));
#13211=DIRECTION('',(0.,0.,1.));
#13212=DIRECTION('',(3.43960283899536E-015,1.,0.));
#13213=DIRECTION('',(1.,-3.43960283899536E-015,0.));
#13214=DIRECTION('',(0.,0.,1.));
#13215=DIRECTION('',(-1.,0.,0.));
#13216=DIRECTION('',(1.,0.,-0.));
#13217=DIRECTION('',(0.,0.,1.));
#13218=DIRECTION('',(3.43960283899536E-015,1.,0.));
#13219=DIRECTION('',(1.,-3.43960283899536E-015,0.));
#13220=DIRECTION('',(0.,0.,1.));
#13221=DIRECTION('',(-1.,0.,0.));
#13222=DIRECTION('',(1.,0.,-0.));
#13223=DIRECTION('',(0.,0.,1.));
#13224=DIRECTION('',(3.43960283899536E-015,1.,0.));
#13225=DIRECTION('',(1.,-3.43960283899536E-015,0.));
#13226=DIRECTION('',(0.,0.,1.));
#13227=DIRECTION('',(-1.,0.,0.));
#13228=DIRECTION('',(1.,0.,-0.));
#13229=DIRECTION('',(0.,0.,1.));
#13230=DIRECTION('',(3.43960283899536E-015,1.,0.));
#13231=DIRECTION('',(1.,-3.43960283899536E-015,0.));
#13232=DIRECTION('',(0.,0.,1.));
#13233=DIRECTION('',(-1.,0.,0.));
#13234=DIRECTION('',(1.,0.,-0.));
#13235=DIRECTION('',(0.,0.,1.));
#13236=DIRECTION('',(3.43960283899536E-015,1.,0.));
#13237=DIRECTION('',(1.,-3.43960283899536E-015,0.));
#13238=DIRECTION('',(0.,0.,1.));
#13239=DIRECTION('',(-1.,0.,0.));
#13240=DIRECTION('',(1.,0.,-0.));
#13241=DIRECTION('',(0.,0.,1.));
#13242=DIRECTION('',(3.43960283899536E-015,1.,0.));
#13243=DIRECTION('',(1.,-3.43960283899536E-015,0.));
#13244=DIRECTION('',(0.,0.,1.));
#13245=DIRECTION('',(-1.,0.,0.));
#13246=DIRECTION('',(1.,0.,-0.));
#13247=DIRECTION('',(0.,0.,1.));
#13248=DIRECTION('',(3.43960283899536E-015,1.,0.));
#13249=DIRECTION('',(1.,-3.43960283899536E-015,0.));
#13250=DIRECTION('',(0.,0.,1.));
#13251=DIRECTION('',(-1.,0.,0.));
#13252=DIRECTION('',(1.,0.,-0.));
#13253=DIRECTION('',(0.,0.,1.));
#13254=DIRECTION('',(3.43960283899536E-015,1.,0.));
#13255=DIRECTION('',(1.,-3.43960283899536E-015,0.));
#13256=DIRECTION('',(0.,0.,1.));
#13257=DIRECTION('',(-1.,0.,0.));
#13258=DIRECTION('',(1.,0.,-0.));
#13259=DIRECTION('',(0.,0.,1.));
#13260=DIRECTION('',(3.43960283899536E-015,1.,0.));
#13261=DIRECTION('',(1.,-3.43960283899536E-015,0.));
#13262=DIRECTION('',(0.,0.,1.));
#13263=DIRECTION('',(-1.,0.,0.));
#13264=DIRECTION('',(1.,0.,-0.));
#13265=DIRECTION('',(0.,0.,1.));
#13266=DIRECTION('',(3.43960283899536E-015,1.,0.));
#13267=DIRECTION('',(1.,-3.43960283899536E-015,0.));
#13268=DIRECTION('',(0.,0.,1.));
#13269=DIRECTION('',(-1.,0.,0.));
#13270=DIRECTION('',(1.,0.,-0.));
#13271=DIRECTION('',(0.,0.,1.));
#13272=DIRECTION('',(3.43960283899536E-015,1.,0.));
#13273=DIRECTION('',(1.,-3.43960283899536E-015,0.));
#13274=DIRECTION('',(0.,0.,1.));
#13275=DIRECTION('',(-1.,0.,0.));
#13276=DIRECTION('',(1.,0.,-0.));
#13277=DIRECTION('',(0.,0.,1.));
#13278=DIRECTION('',(3.43960283899536E-015,1.,0.));
#13279=DIRECTION('',(1.,-3.43960283899536E-015,0.));
#13280=DIRECTION('',(0.,0.,1.));
#13281=DIRECTION('',(-1.,0.,0.));
#13282=DIRECTION('',(1.,0.,-0.));
#13283=DIRECTION('',(0.,0.,1.));
#13284=DIRECTION('',(3.43960283899536E-015,1.,0.));
#13285=DIRECTION('',(1.,-3.43960283899536E-015,0.));
#13286=DIRECTION('',(0.,0.,1.));
#13287=DIRECTION('',(-1.,0.,0.));
#13288=DIRECTION('',(1.,0.,-0.));
#13289=DIRECTION('',(0.,0.,1.));
#13290=DIRECTION('',(3.43960283899536E-015,1.,0.));
#13291=DIRECTION('',(1.,-3.43960283899536E-015,0.));
#13292=DIRECTION('',(0.,0.,1.));
#13293=DIRECTION('',(-1.,0.,0.));
#13294=DIRECTION('',(1.,0.,-0.));
#13295=DIRECTION('',(0.,0.,1.));
#13296=DIRECTION('',(3.43960283899536E-015,1.,0.));
#13297=DIRECTION('',(1.,-3.43960283899536E-015,0.));
#13298=DIRECTION('',(0.,0.,1.));
#13299=DIRECTION('',(-1.,0.,0.));
#13300=DIRECTION('',(1.,0.,-0.));
#13301=DIRECTION('',(0.,0.,1.));
#13302=DIRECTION('',(3.43960283899536E-015,1.,0.));
#13303=DIRECTION('',(1.,-3.43960283899536E-015,0.));
#13304=DIRECTION('',(0.,0.,1.));
#13305=DIRECTION('',(-1.,0.,0.));
#13306=DIRECTION('',(1.,0.,-0.));
#13307=DIRECTION('',(0.,0.,1.));
#13308=DIRECTION('',(3.43960283899536E-015,1.,0.));
#13309=DIRECTION('',(1.,-3.43960283899536E-015,0.));
#13310=DIRECTION('',(0.,0.,1.));
#13311=DIRECTION('',(-1.,0.,0.));
#13312=DIRECTION('',(1.,0.,-0.));
#13313=DIRECTION('',(0.,0.,1.));
#13314=DIRECTION('',(3.43960283899536E-015,1.,0.));
#13315=DIRECTION('',(1.,-3.43960283899536E-015,0.));
#13316=DIRECTION('',(0.,0.,1.));
#13317=DIRECTION('',(-1.,0.,0.));
#13318=DIRECTION('',(1.,0.,-0.));
#13319=DIRECTION('',(0.,0.,1.));
#13320=DIRECTION('',(3.43960283899536E-015,1.,0.));
#13321=DIRECTION('',(1.,-3.43960283899536E-015,0.));
#13322=DIRECTION('',(0.,0.,1.));
#13323=DIRECTION('',(-1.,0.,0.));
#13324=DIRECTION('',(1.,0.,-0.));
#13325=DIRECTION('',(0.,0.,1.));
#13326=DIRECTION('',(3.43960283899536E-015,1.,0.));
#13327=DIRECTION('',(1.,-3.43960283899536E-015,0.));
#13328=DIRECTION('',(0.,0.,1.));
#13329=DIRECTION('',(-1.,0.,0.));
#13330=DIRECTION('',(1.,0.,-0.));
#13331=DIRECTION('',(0.,0.,1.));
#13332=DIRECTION('',(3.43960283899536E-015,1.,0.));
#13333=DIRECTION('',(1.,-3.43960283899536E-015,0.));
#13334=DIRECTION('',(0.,0.,1.));
#13335=DIRECTION('',(-1.,0.,0.));
#13336=DIRECTION('',(1.,0.,-0.));
#13337=DIRECTION('',(0.,0.,1.));
#13338=DIRECTION('',(3.43960283899536E-015,1.,0.));
#13339=DIRECTION('',(1.,-3.43960283899536E-015,0.));
#13340=DIRECTION('',(0.,0.,1.));
#13341=DIRECTION('',(-1.,0.,0.));
#13342=DIRECTION('',(1.,0.,-0.));
#13343=DIRECTION('',(0.,0.,1.));
#13344=DIRECTION('',(3.43960283899536E-015,1.,0.));
#13345=DIRECTION('',(1.,-3.43960283899536E-015,0.));
#13346=DIRECTION('',(0.,0.,1.));
#13347=DIRECTION('',(-1.,0.,0.));
#13348=DIRECTION('',(1.,0.,-0.));
#13349=DIRECTION('',(0.,0.,1.));
#13350=DIRECTION('',(0.,1.,-1.20436418508096E-014));
#13351=DIRECTION('',(0.,-1.20436418508096E-014,-1.));
#13352=DIRECTION('',(-0.0944414199934734,0.,-0.995530420524464));
#13353=DIRECTION('',(0.995530420524464,-4.56164789902548E-015,
-0.0944414199934734));
#13354=DIRECTION('',(0.,1.,-1.20436418508096E-014));
#13355=DIRECTION('',(-0.,-1.20436418508096E-014,-1.));
#13356=DIRECTION('',(3.43960283899536E-015,1.,0.));
#13357=DIRECTION('',(1.,-3.43960283899536E-015,0.));
#13358=DIRECTION('',(0.,-1.,1.20436418508096E-014));
#13359=DIRECTION('',(-0.,1.20436418508096E-014,1.));
#13360=DIRECTION('',(0.502620498095739,0.,0.864507163009071));
#13361=DIRECTION('',(-0.864507163009071,9.02694255815843E-015,
0.502620498095739));
#13362=DIRECTION('',(0.999818846534484,0.,0.0190334997952197));
#13363=DIRECTION('',(-0.0190334997952197,1.21069277832826E-014,
0.999818846534484));
#13364=DIRECTION('',(0.752344905675354,0.,0.658769415580553));
#13365=DIRECTION('',(-0.658769415580553,1.13268777443093E-014,
0.752344905675354));
#13366=DIRECTION('',(-3.43960283899536E-015,-1.,0.));
#13367=DIRECTION('',(-1.,3.43960283899536E-015,0.));
#13368=DIRECTION('',(0.,1.,-1.20436418508096E-014));
#13369=DIRECTION('',(0.,-1.20436418508096E-014,-1.));
#13370=DIRECTION('',(0.,-1.20436418508096E-014,-1.));
#13371=DIRECTION('',(-3.43960283899536E-015,-1.,1.20436418508096E-014));
#13372=DIRECTION('',(3.43960283899538E-015,1.,0.));
#13373=DIRECTION('',(1.,-3.43960283899538E-015,-1.90752672225157E-015));
#13374=DIRECTION('',(3.43960283899536E-015,1.,0.));
#13375=DIRECTION('',(1.,-3.43960283899536E-015,0.));
#13376=DIRECTION('',(0.,-1.20436418508096E-014,-1.));
#13377=DIRECTION('',(-3.43960283899536E-015,-1.,1.20436418508096E-014));
#13378=DIRECTION('',(0.,-1.20436418508096E-014,-1.));
#13379=DIRECTION('',(-3.43960283899536E-015,-1.,1.20436418508096E-014));
#13380=DIRECTION('',(0.,-1.20436418508096E-014,-1.));
#13381=DIRECTION('',(-3.43960283899536E-015,-1.,1.20436418508096E-014));
#13382=DIRECTION('',(0.,-1.20436418508096E-014,-1.));
#13383=DIRECTION('',(-3.43960283899536E-015,-1.,1.20436418508096E-014));
#13384=DIRECTION('',(0.0418280271195778,2.46519032881566E-032,
-0.999124825108096));
#13385=DIRECTION('',(0.999124825108096,-2.9328308069984E-015,
0.0418280271195778));
#13386=DIRECTION('',(-0.995533142150832,1.97215226305253E-031,
-0.0944127262570662));
#13387=DIRECTION('',(0.0944127262570662,-1.23145868959468E-014,
-0.995533142150832));
#13388=DIRECTION('',(0.,-1.20436418508096E-014,-1.));
#13389=DIRECTION('',(-3.43960283899536E-015,-1.,1.20436418508096E-014));
#13390=DIRECTION('',(0.,1.,-1.20436418508096E-014));
#13391=DIRECTION('',(0.,-1.20436418508096E-014,-1.));
#13392=DIRECTION('',(0.,-1.20436418508096E-014,-1.));
#13393=DIRECTION('',(-3.43960283899536E-015,-1.,1.20436418508096E-014));
#13394=DIRECTION('',(0.,-1.20436418508096E-014,-1.));
#13395=DIRECTION('',(-3.43960283899536E-015,-1.,1.20436418508096E-014));
#13396=DIRECTION('',(0.,-1.20436418508096E-014,-1.));
#13397=DIRECTION('',(-3.43960283899536E-015,-1.,1.20436418508096E-014));
#13398=DIRECTION('',(0.,-1.20436418508096E-014,-1.));
#13399=DIRECTION('',(-3.43960283899536E-015,-1.,1.20436418508096E-014));
#13400=DIRECTION('',(0.,-1.20436418508096E-014,-1.));
#13401=DIRECTION('',(-3.43960283899536E-015,-1.,1.20436418508096E-014));
#13402=DIRECTION('',(0.,-0.,1.));
#13403=DIRECTION('',(0.,1.,0.));
#13404=DIRECTION('',(0.,-0.,1.));
#13405=DIRECTION('',(0.,1.,0.));
#13406=DIRECTION('',(0.,-0.,1.));
#13407=DIRECTION('',(0.,1.,0.));
#13408=DIRECTION('',(-1.,0.,0.));
#13409=DIRECTION('',(-0.,0.,-1.));
#13410=DIRECTION('',(0.,-0.,-1.));
#13411=DIRECTION('',(-0.,-1.,0.));
#13412=DIRECTION('',(0.000149688867327292,0.,-0.999999988796622));
#13413=DIRECTION('',(0.999999988796622,0.,0.000149688867327292));
#13414=DIRECTION('',(0.,-0.,1.));
#13415=DIRECTION('',(0.,1.,0.));
#13416=DIRECTION('',(0.,-0.,1.));
#13417=DIRECTION('',(0.,1.,0.));
#13418=DIRECTION('',(-1.,0.,0.));
#13419=DIRECTION('',(-0.,0.,-1.));
#13420=DIRECTION('',(0.,-0.,-1.));
#13421=DIRECTION('',(-0.,-1.,0.));
#13422=DIRECTION('',(0.000149688867325314,0.,-0.999999988796622));
#13423=DIRECTION('',(0.999999988796622,0.,0.000149688867325314));
#13424=DIRECTION('',(0.,-0.,1.));
#13425=DIRECTION('',(0.,1.,0.));
#13426=DIRECTION('',(0.,-0.,1.));
#13427=DIRECTION('',(0.,1.,0.));
#13428=DIRECTION('',(-1.,0.,0.));
#13429=DIRECTION('',(-0.,0.,-1.));
#13430=DIRECTION('',(0.,-0.,-1.));
#13431=DIRECTION('',(-0.,-1.,0.));
#13432=DIRECTION('',(0.000149688867325314,0.,-0.999999988796622));
#13433=DIRECTION('',(0.999999988796622,0.,0.000149688867325314));
#13434=DIRECTION('',(0.,-0.,1.));
#13435=DIRECTION('',(0.,1.,0.));
#13436=DIRECTION('',(0.,-0.,1.));
#13437=DIRECTION('',(0.,1.,0.));
#13438=DIRECTION('',(-1.,0.,0.));
#13439=DIRECTION('',(-0.,0.,-1.));
#13440=DIRECTION('',(0.,-0.,-1.));
#13441=DIRECTION('',(-0.,-1.,0.));
#13442=DIRECTION('',(0.000149688867325314,0.,-0.999999988796622));
#13443=DIRECTION('',(0.999999988796622,0.,0.000149688867325314));
#13444=DIRECTION('',(0.,-0.,1.));
#13445=DIRECTION('',(0.,1.,0.));
#13446=DIRECTION('',(0.,-0.,1.));
#13447=DIRECTION('',(0.,1.,0.));
#13448=DIRECTION('',(-1.,0.,0.));
#13449=DIRECTION('',(-0.,0.,-1.));
#13450=DIRECTION('',(0.,-0.,-1.));
#13451=DIRECTION('',(-0.,-1.,0.));
#13452=DIRECTION('',(0.000149688867325314,0.,-0.999999988796622));
#13453=DIRECTION('',(0.999999988796622,0.,0.000149688867325314));
#13454=DIRECTION('',(0.,-0.,1.));
#13455=DIRECTION('',(0.,1.,0.));
#13456=DIRECTION('',(0.,-0.,1.));
#13457=DIRECTION('',(0.,1.,0.));
#13458=DIRECTION('',(-1.,0.,0.));
#13459=DIRECTION('',(-0.,0.,-1.));
#13460=DIRECTION('',(0.,-0.,-1.));
#13461=DIRECTION('',(-0.,-1.,0.));
#13462=DIRECTION('',(0.000149688867325314,0.,-0.999999988796622));
#13463=DIRECTION('',(0.999999988796622,0.,0.000149688867325314));
#13464=DIRECTION('',(0.,-0.,1.));
#13465=DIRECTION('',(0.,1.,0.));
#13466=DIRECTION('',(0.,-0.,1.));
#13467=DIRECTION('',(0.,1.,0.));
#13468=DIRECTION('',(-1.,0.,0.));
#13469=DIRECTION('',(-0.,0.,-1.));
#13470=DIRECTION('',(0.,-0.,-1.));
#13471=DIRECTION('',(-0.,-1.,0.));
#13472=DIRECTION('',(0.000149688867325314,0.,-0.999999988796622));
#13473=DIRECTION('',(0.999999988796622,0.,0.000149688867325314));
#13474=DIRECTION('',(0.,-0.,1.));
#13475=DIRECTION('',(0.,1.,0.));
#13476=DIRECTION('',(0.,-0.,1.));
#13477=DIRECTION('',(0.,1.,0.));
#13478=DIRECTION('',(-1.,0.,0.));
#13479=DIRECTION('',(-0.,0.,-1.));
#13480=DIRECTION('',(0.,-0.,-1.));
#13481=DIRECTION('',(-0.,-1.,0.));
#13482=DIRECTION('',(0.000149688867325314,0.,-0.999999988796622));
#13483=DIRECTION('',(0.999999988796622,0.,0.000149688867325314));
#13484=DIRECTION('',(0.,-0.,1.));
#13485=DIRECTION('',(0.,1.,0.));
#13486=DIRECTION('',(0.,-0.,1.));
#13487=DIRECTION('',(0.,1.,0.));
#13488=DIRECTION('',(-1.,0.,0.));
#13489=DIRECTION('',(-0.,0.,-1.));
#13490=DIRECTION('',(0.,-0.,-1.));
#13491=DIRECTION('',(-0.,-1.,0.));
#13492=DIRECTION('',(0.000149688867325314,0.,-0.999999988796622));
#13493=DIRECTION('',(0.999999988796622,0.,0.000149688867325314));
#13494=DIRECTION('',(0.,-0.,1.));
#13495=DIRECTION('',(0.,1.,0.));
#13496=DIRECTION('',(0.,-0.,1.));
#13497=DIRECTION('',(0.,1.,0.));
#13498=DIRECTION('',(-1.,0.,0.));
#13499=DIRECTION('',(-0.,0.,-1.));
#13500=DIRECTION('',(0.,-0.,-1.));
#13501=DIRECTION('',(-0.,-1.,0.));
#13502=DIRECTION('',(0.000149688867325314,0.,-0.999999988796622));
#13503=DIRECTION('',(0.999999988796622,0.,0.000149688867325314));
#13504=DIRECTION('',(0.,-0.,1.));
#13505=DIRECTION('',(0.,1.,0.));
#13506=DIRECTION('',(0.,-0.,1.));
#13507=DIRECTION('',(0.,1.,0.));
#13508=DIRECTION('',(-1.,0.,0.));
#13509=DIRECTION('',(-0.,0.,-1.));
#13510=DIRECTION('',(0.,-0.,-1.));
#13511=DIRECTION('',(-0.,-1.,0.));
#13512=DIRECTION('',(0.000149688867325314,0.,-0.999999988796622));
#13513=DIRECTION('',(0.999999988796622,0.,0.000149688867325314));
#13514=DIRECTION('',(0.,-0.,1.));
#13515=DIRECTION('',(0.,1.,0.));
#13516=DIRECTION('',(0.,-0.,1.));
#13517=DIRECTION('',(0.,1.,0.));
#13518=DIRECTION('',(-1.,0.,0.));
#13519=DIRECTION('',(-0.,0.,-1.));
#13520=DIRECTION('',(0.,-0.,-1.));
#13521=DIRECTION('',(-0.,-1.,0.));
#13522=DIRECTION('',(0.000149688867325314,0.,-0.999999988796622));
#13523=DIRECTION('',(0.999999988796622,0.,0.000149688867325314));
#13524=DIRECTION('',(0.,-0.,1.));
#13525=DIRECTION('',(0.,1.,0.));
#13526=DIRECTION('',(0.,-0.,1.));
#13527=DIRECTION('',(0.,1.,0.));
#13528=DIRECTION('',(-1.,0.,0.));
#13529=DIRECTION('',(-0.,0.,-1.));
#13530=DIRECTION('',(0.,-0.,-1.));
#13531=DIRECTION('',(-0.,-1.,0.));
#13532=DIRECTION('',(0.000149688867325314,0.,-0.999999988796622));
#13533=DIRECTION('',(0.999999988796622,0.,0.000149688867325314));
#13534=DIRECTION('',(0.,-0.,1.));
#13535=DIRECTION('',(0.,1.,0.));
#13536=DIRECTION('',(0.,-0.,1.));
#13537=DIRECTION('',(0.,1.,0.));
#13538=DIRECTION('',(-1.,0.,0.));
#13539=DIRECTION('',(-0.,0.,-1.));
#13540=DIRECTION('',(0.,-0.,-1.));
#13541=DIRECTION('',(-0.,-1.,0.));
#13542=DIRECTION('',(0.000149688867325314,0.,-0.999999988796622));
#13543=DIRECTION('',(0.999999988796622,0.,0.000149688867325314));
#13544=DIRECTION('',(0.,-0.,1.));
#13545=DIRECTION('',(0.,1.,0.));
#13546=DIRECTION('',(0.,-0.,1.));
#13547=DIRECTION('',(0.,1.,0.));
#13548=DIRECTION('',(-1.,0.,0.));
#13549=DIRECTION('',(-0.,0.,-1.));
#13550=DIRECTION('',(0.,-0.,-1.));
#13551=DIRECTION('',(-0.,-1.,0.));
#13552=DIRECTION('',(0.000149688867325314,0.,-0.999999988796622));
#13553=DIRECTION('',(0.999999988796622,0.,0.000149688867325314));
#13554=DIRECTION('',(0.,-0.,1.));
#13555=DIRECTION('',(0.,1.,0.));
#13556=DIRECTION('',(0.,-0.,1.));
#13557=DIRECTION('',(0.,1.,0.));
#13558=DIRECTION('',(-1.,0.,0.));
#13559=DIRECTION('',(-0.,0.,-1.));
#13560=DIRECTION('',(0.,-0.,-1.));
#13561=DIRECTION('',(-0.,-1.,0.));
#13562=DIRECTION('',(0.000149688867325314,0.,-0.999999988796622));
#13563=DIRECTION('',(0.999999988796622,0.,0.000149688867325314));
#13564=DIRECTION('',(0.,-0.,1.));
#13565=DIRECTION('',(0.,1.,0.));
#13566=DIRECTION('',(0.,-0.,1.));
#13567=DIRECTION('',(0.,1.,0.));
#13568=DIRECTION('',(-1.,0.,0.));
#13569=DIRECTION('',(-0.,0.,-1.));
#13570=DIRECTION('',(0.,-0.,-1.));
#13571=DIRECTION('',(-0.,-1.,0.));
#13572=DIRECTION('',(0.000149688867325314,0.,-0.999999988796622));
#13573=DIRECTION('',(0.999999988796622,0.,0.000149688867325314));
#13574=DIRECTION('',(0.,-0.,1.));
#13575=DIRECTION('',(0.,1.,0.));
#13576=DIRECTION('',(0.,-0.,1.));
#13577=DIRECTION('',(0.,1.,0.));
#13578=DIRECTION('',(-1.,0.,0.));
#13579=DIRECTION('',(-0.,0.,-1.));
#13580=DIRECTION('',(0.,-0.,-1.));
#13581=DIRECTION('',(-0.,-1.,0.));
#13582=DIRECTION('',(0.000149688867325314,0.,-0.999999988796622));
#13583=DIRECTION('',(0.999999988796622,0.,0.000149688867325314));
#13584=DIRECTION('',(0.,-0.,1.));
#13585=DIRECTION('',(0.,1.,0.));
#13586=DIRECTION('',(0.,-0.,1.));
#13587=DIRECTION('',(0.,1.,0.));
#13588=DIRECTION('',(-1.,0.,0.));
#13589=DIRECTION('',(-0.,0.,-1.));
#13590=DIRECTION('',(0.,-0.,-1.));
#13591=DIRECTION('',(-0.,-1.,0.));
#13592=DIRECTION('',(0.000149688867325314,0.,-0.999999988796622));
#13593=DIRECTION('',(0.999999988796622,0.,0.000149688867325314));
#13594=DIRECTION('',(0.,-0.,1.));
#13595=DIRECTION('',(0.,1.,0.));
#13596=DIRECTION('',(0.,-0.,1.));
#13597=DIRECTION('',(0.,1.,0.));
#13598=DIRECTION('',(-1.,0.,0.));
#13599=DIRECTION('',(-0.,0.,-1.));
#13600=DIRECTION('',(0.,-0.,-1.));
#13601=DIRECTION('',(-0.,-1.,0.));
#13602=DIRECTION('',(0.000149688867325314,0.,-0.999999988796622));
#13603=DIRECTION('',(0.999999988796622,0.,0.000149688867325314));
#13604=DIRECTION('',(0.,-0.,1.));
#13605=DIRECTION('',(0.,1.,0.));
#13606=DIRECTION('',(0.,-0.,1.));
#13607=DIRECTION('',(0.,1.,0.));
#13608=DIRECTION('',(-1.,0.,0.));
#13609=DIRECTION('',(-0.,0.,-1.));
#13610=DIRECTION('',(0.,-0.,-1.));
#13611=DIRECTION('',(-0.,-1.,0.));
#13612=DIRECTION('',(0.000149688867325314,0.,-0.999999988796622));
#13613=DIRECTION('',(0.999999988796622,0.,0.000149688867325314));
#13614=DIRECTION('',(0.,-0.,1.));
#13615=DIRECTION('',(0.,1.,0.));
#13616=DIRECTION('',(0.,-0.,1.));
#13617=DIRECTION('',(0.,1.,0.));
#13618=DIRECTION('',(-1.,0.,0.));
#13619=DIRECTION('',(-0.,0.,-1.));
#13620=DIRECTION('',(0.,-0.,-1.));
#13621=DIRECTION('',(-0.,-1.,0.));
#13622=DIRECTION('',(0.000149688867325314,0.,-0.999999988796622));
#13623=DIRECTION('',(0.999999988796622,0.,0.000149688867325314));
#13624=DIRECTION('',(0.,-0.,1.));
#13625=DIRECTION('',(0.,1.,0.));
#13626=DIRECTION('',(0.,-0.,1.));
#13627=DIRECTION('',(0.,1.,0.));
#13628=DIRECTION('',(-1.,0.,0.));
#13629=DIRECTION('',(-0.,0.,-1.));
#13630=DIRECTION('',(0.,-0.,-1.));
#13631=DIRECTION('',(-0.,-1.,0.));
#13632=DIRECTION('',(0.000149688867325314,0.,-0.999999988796622));
#13633=DIRECTION('',(0.999999988796622,0.,0.000149688867325314));
#13634=DIRECTION('',(0.,-0.,1.));
#13635=DIRECTION('',(0.,1.,0.));
#13636=DIRECTION('',(0.,-0.,1.));
#13637=DIRECTION('',(0.,1.,0.));
#13638=DIRECTION('',(-1.,0.,0.));
#13639=DIRECTION('',(-0.,0.,-1.));
#13640=DIRECTION('',(0.,-0.,-1.));
#13641=DIRECTION('',(-0.,-1.,0.));
#13642=DIRECTION('',(0.000149688867325314,0.,-0.999999988796622));
#13643=DIRECTION('',(0.999999988796622,0.,0.000149688867325314));
#13644=DIRECTION('',(0.,-0.,1.));
#13645=DIRECTION('',(0.,1.,0.));
#13646=DIRECTION('',(0.,-0.,1.));
#13647=DIRECTION('',(0.,1.,0.));
#13648=DIRECTION('',(-1.,0.,0.));
#13649=DIRECTION('',(-0.,0.,-1.));
#13650=DIRECTION('',(0.,-0.,-1.));
#13651=DIRECTION('',(-0.,-1.,0.));
#13652=DIRECTION('',(0.000149688867325314,0.,-0.999999988796622));
#13653=DIRECTION('',(0.999999988796622,0.,0.000149688867325314));
#13654=DIRECTION('',(0.,-0.,1.));
#13655=DIRECTION('',(0.,1.,0.));
#13656=DIRECTION('',(0.,-0.,1.));
#13657=DIRECTION('',(0.,1.,0.));
#13658=DIRECTION('',(-1.,0.,0.));
#13659=DIRECTION('',(-0.,0.,-1.));
#13660=DIRECTION('',(0.,-0.,-1.));
#13661=DIRECTION('',(-0.,-1.,0.));
#13662=DIRECTION('',(0.000149688867325314,0.,-0.999999988796622));
#13663=DIRECTION('',(0.999999988796622,0.,0.000149688867325314));
#13664=DIRECTION('',(0.,-0.,1.));
#13665=DIRECTION('',(0.,1.,0.));
#13666=DIRECTION('',(0.,-0.,1.));
#13667=DIRECTION('',(0.,1.,0.));
#13668=DIRECTION('',(-1.,0.,0.));
#13669=DIRECTION('',(-0.,0.,-1.));
#13670=DIRECTION('',(0.,-0.,-1.));
#13671=DIRECTION('',(-0.,-1.,0.));
#13672=DIRECTION('',(0.000149688867325314,0.,-0.999999988796622));
#13673=DIRECTION('',(0.999999988796622,0.,0.000149688867325314));
#13674=DIRECTION('',(0.,-0.,1.));
#13675=DIRECTION('',(0.,1.,0.));
#13676=DIRECTION('',(0.,-0.,1.));
#13677=DIRECTION('',(0.,1.,0.));
#13678=DIRECTION('',(-1.,0.,0.));
#13679=DIRECTION('',(-0.,0.,-1.));
#13680=DIRECTION('',(0.,-0.,-1.));
#13681=DIRECTION('',(-0.,-1.,0.));
#13682=DIRECTION('',(0.000149688867325314,0.,-0.999999988796622));
#13683=DIRECTION('',(0.999999988796622,0.,0.000149688867325314));
#13684=DIRECTION('',(0.,-0.,1.));
#13685=DIRECTION('',(0.,1.,0.));
#13686=DIRECTION('',(0.,-0.,1.));
#13687=DIRECTION('',(0.,1.,0.));
#13688=DIRECTION('',(-1.,0.,0.));
#13689=DIRECTION('',(-0.,0.,-1.));
#13690=DIRECTION('',(0.,-0.,-1.));
#13691=DIRECTION('',(-0.,-1.,0.));
#13692=DIRECTION('',(0.000149688867325314,0.,-0.999999988796622));
#13693=DIRECTION('',(0.999999988796622,0.,0.000149688867325314));
#13694=DIRECTION('',(0.,-0.,1.));
#13695=DIRECTION('',(0.,1.,0.));
#13696=DIRECTION('',(0.,-0.,1.));
#13697=DIRECTION('',(0.,1.,0.));
#13698=DIRECTION('',(-1.,0.,0.));
#13699=DIRECTION('',(-0.,0.,-1.));
#13700=DIRECTION('',(0.,-0.,-1.));
#13701=DIRECTION('',(-0.,-1.,0.));
#13702=DIRECTION('',(0.000149688867325314,0.,-0.999999988796622));
#13703=DIRECTION('',(0.999999988796622,0.,0.000149688867325314));
#13704=DIRECTION('',(0.,-0.,1.));
#13705=DIRECTION('',(0.,1.,0.));
#13706=DIRECTION('',(0.,-0.,1.));
#13707=DIRECTION('',(0.,1.,0.));
#13708=DIRECTION('',(-1.,0.,0.));
#13709=DIRECTION('',(-0.,0.,-1.));
#13710=DIRECTION('',(0.,-0.,-1.));
#13711=DIRECTION('',(-0.,-1.,0.));
#13712=DIRECTION('',(0.000149688867325314,0.,-0.999999988796622));
#13713=DIRECTION('',(0.999999988796622,0.,0.000149688867325314));
#13714=DIRECTION('',(0.,-0.,1.));
#13715=DIRECTION('',(0.,1.,0.));
#13716=DIRECTION('',(0.,-0.,1.));
#13717=DIRECTION('',(0.,1.,0.));
#13718=DIRECTION('',(-1.,0.,0.));
#13719=DIRECTION('',(-0.,0.,-1.));
#13720=DIRECTION('',(0.,-0.,-1.));
#13721=DIRECTION('',(-0.,-1.,0.));
#13722=DIRECTION('',(0.000149688867325314,0.,-0.999999988796622));
#13723=DIRECTION('',(0.999999988796622,0.,0.000149688867325314));
#13724=DIRECTION('',(0.,-0.,1.));
#13725=DIRECTION('',(0.,1.,0.));
#13726=DIRECTION('',(0.,-0.,1.));
#13727=DIRECTION('',(0.,1.,0.));
#13728=DIRECTION('',(-1.,0.,0.));
#13729=DIRECTION('',(-0.,0.,-1.));
#13730=DIRECTION('',(0.,-0.,-1.));
#13731=DIRECTION('',(-0.,-1.,0.));
#13732=DIRECTION('',(0.000149688867325314,0.,-0.999999988796622));
#13733=DIRECTION('',(0.999999988796622,0.,0.000149688867325314));
#13734=DIRECTION('',(0.,-0.,1.));
#13735=DIRECTION('',(0.,1.,0.));
#13736=DIRECTION('',(0.,-0.,1.));
#13737=DIRECTION('',(0.,1.,0.));
#13738=DIRECTION('',(-1.,0.,0.));
#13739=DIRECTION('',(-0.,0.,-1.));
#13740=DIRECTION('',(0.,-0.,-1.));
#13741=DIRECTION('',(-0.,-1.,0.));
#13742=DIRECTION('',(0.000149688867325314,0.,-0.999999988796622));
#13743=DIRECTION('',(0.999999988796622,0.,0.000149688867325314));
#13744=DIRECTION('',(0.,-0.,1.));
#13745=DIRECTION('',(0.,1.,0.));
#13746=DIRECTION('',(0.,-0.,1.));
#13747=DIRECTION('',(0.,1.,0.));
#13748=DIRECTION('',(-1.,0.,0.));
#13749=DIRECTION('',(-0.,0.,-1.));
#13750=DIRECTION('',(0.,-0.,-1.));
#13751=DIRECTION('',(-0.,-1.,0.));
#13752=DIRECTION('',(0.000149688867325314,0.,-0.999999988796622));
#13753=DIRECTION('',(0.999999988796622,0.,0.000149688867325314));
#13754=DIRECTION('',(0.,-0.,1.));
#13755=DIRECTION('',(0.,1.,0.));
#13756=DIRECTION('',(0.,-0.,1.));
#13757=DIRECTION('',(0.,1.,0.));
#13758=DIRECTION('',(-1.,0.,0.));
#13759=DIRECTION('',(-0.,0.,-1.));
#13760=DIRECTION('',(0.,-0.,-1.));
#13761=DIRECTION('',(-0.,-1.,0.));
#13762=DIRECTION('',(0.000149688867325314,0.,-0.999999988796622));
#13763=DIRECTION('',(0.999999988796622,0.,0.000149688867325314));
#13764=DIRECTION('',(0.,-0.,1.));
#13765=DIRECTION('',(0.,1.,0.));
#13766=DIRECTION('',(0.,-0.,1.));
#13767=DIRECTION('',(0.,1.,0.));
#13768=DIRECTION('',(-1.,0.,0.));
#13769=DIRECTION('',(-0.,0.,-1.));
#13770=DIRECTION('',(0.,-0.,-1.));
#13771=DIRECTION('',(-0.,-1.,0.));
#13772=DIRECTION('',(0.000149688867325314,0.,-0.999999988796622));
#13773=DIRECTION('',(0.999999988796622,0.,0.000149688867325314));
#13774=DIRECTION('',(0.,-0.,1.));
#13775=DIRECTION('',(0.,1.,0.));
#13776=DIRECTION('',(0.,-0.,1.));
#13777=DIRECTION('',(0.,1.,0.));
#13778=DIRECTION('',(-1.,0.,0.));
#13779=DIRECTION('',(-0.,0.,-1.));
#13780=DIRECTION('',(0.,-0.,-1.));
#13781=DIRECTION('',(-0.,-1.,0.));
#13782=DIRECTION('',(0.000149688867325314,0.,-0.999999988796622));
#13783=DIRECTION('',(0.999999988796622,0.,0.000149688867325314));
#13784=DIRECTION('',(0.,-0.,1.));
#13785=DIRECTION('',(0.,1.,0.));
#13786=DIRECTION('',(0.,-0.,1.));
#13787=DIRECTION('',(0.,1.,0.));
#13788=DIRECTION('',(-1.,0.,0.));
#13789=DIRECTION('',(-0.,0.,-1.));
#13790=DIRECTION('',(0.,-0.,-1.));
#13791=DIRECTION('',(-0.,-1.,0.));
#13792=DIRECTION('',(0.000149688867325314,0.,-0.999999988796622));
#13793=DIRECTION('',(0.999999988796622,0.,0.000149688867325314));
#13794=DIRECTION('',(0.,-0.,1.));
#13795=DIRECTION('',(0.,1.,0.));
#13796=DIRECTION('',(0.,-0.,1.));
#13797=DIRECTION('',(0.,1.,0.));
#13798=DIRECTION('',(-1.,0.,0.));
#13799=DIRECTION('',(-0.,0.,-1.));
#13800=DIRECTION('',(0.,-0.,-1.));
#13801=DIRECTION('',(-0.,-1.,0.));
#13802=DIRECTION('',(0.000149688867325314,0.,-0.999999988796622));
#13803=DIRECTION('',(0.999999988796622,0.,0.000149688867325314));
#13804=DIRECTION('',(0.,-0.,1.));
#13805=DIRECTION('',(0.,1.,0.));
#13806=DIRECTION('',(0.,-0.,1.));
#13807=DIRECTION('',(0.,1.,0.));
#13808=DIRECTION('',(-1.,0.,0.));
#13809=DIRECTION('',(-0.,0.,-1.));
#13810=DIRECTION('',(0.,-0.,-1.));
#13811=DIRECTION('',(-0.,-1.,0.));
#13812=DIRECTION('',(0.000149688867325314,0.,-0.999999988796622));
#13813=DIRECTION('',(0.999999988796622,0.,0.000149688867325314));
#13814=DIRECTION('',(0.,-0.,1.));
#13815=DIRECTION('',(0.,1.,0.));
#13816=DIRECTION('',(0.,-0.,1.));
#13817=DIRECTION('',(0.,1.,0.));
#13818=DIRECTION('',(-1.,0.,0.));
#13819=DIRECTION('',(-0.,0.,-1.));
#13820=DIRECTION('',(0.,-0.,-1.));
#13821=DIRECTION('',(-0.,-1.,0.));
#13822=DIRECTION('',(0.000149688867325314,0.,-0.999999988796622));
#13823=DIRECTION('',(0.999999988796622,0.,0.000149688867325314));
#13824=DIRECTION('',(0.,-0.,1.));
#13825=DIRECTION('',(0.,1.,0.));
#13826=DIRECTION('',(0.,-0.,1.));
#13827=DIRECTION('',(0.,1.,0.));
#13828=DIRECTION('',(-1.,0.,0.));
#13829=DIRECTION('',(-0.,0.,-1.));
#13830=DIRECTION('',(0.,-0.,-1.));
#13831=DIRECTION('',(-0.,-1.,0.));
#13832=DIRECTION('',(0.000149688867325314,0.,-0.999999988796622));
#13833=DIRECTION('',(0.999999988796622,0.,0.000149688867325314));
#13834=DIRECTION('',(0.,-0.,1.));
#13835=DIRECTION('',(0.,1.,0.));
#13836=DIRECTION('',(0.,-0.,1.));
#13837=DIRECTION('',(0.,1.,0.));
#13838=DIRECTION('',(-1.,0.,0.));
#13839=DIRECTION('',(-0.,0.,-1.));
#13840=DIRECTION('',(0.,-0.,-1.));
#13841=DIRECTION('',(-0.,-1.,0.));
#13842=DIRECTION('',(0.000149688867325314,0.,-0.999999988796622));
#13843=DIRECTION('',(0.999999988796622,0.,0.000149688867325314));
#13844=DIRECTION('',(0.,-0.,1.));
#13845=DIRECTION('',(0.,1.,0.));
#13846=DIRECTION('',(0.,-0.,1.));
#13847=DIRECTION('',(0.,1.,0.));
#13848=DIRECTION('',(-1.,0.,0.));
#13849=DIRECTION('',(-0.,0.,-1.));
#13850=DIRECTION('',(0.,-0.,-1.));
#13851=DIRECTION('',(-0.,-1.,0.));
#13852=DIRECTION('',(0.000149688867325314,0.,-0.999999988796622));
#13853=DIRECTION('',(0.999999988796622,0.,0.000149688867325314));
#13854=DIRECTION('',(0.,-0.,1.));
#13855=DIRECTION('',(0.,1.,0.));
#13856=DIRECTION('',(0.,-0.,1.));
#13857=DIRECTION('',(0.,1.,0.));
#13858=DIRECTION('',(-1.,0.,0.));
#13859=DIRECTION('',(-0.,0.,-1.));
#13860=DIRECTION('',(0.,-0.,-1.));
#13861=DIRECTION('',(-0.,-1.,0.));
#13862=DIRECTION('',(0.000149688867325314,0.,-0.999999988796622));
#13863=DIRECTION('',(0.999999988796622,0.,0.000149688867325314));
#13864=DIRECTION('',(0.,-0.,1.));
#13865=DIRECTION('',(0.,1.,0.));
#13866=DIRECTION('',(0.,-0.,1.));
#13867=DIRECTION('',(0.,1.,0.));
#13868=DIRECTION('',(-1.,0.,0.));
#13869=DIRECTION('',(-0.,0.,-1.));
#13870=DIRECTION('',(0.,-0.,-1.));
#13871=DIRECTION('',(-0.,-1.,0.));
#13872=DIRECTION('',(0.000149688867325314,0.,-0.999999988796622));
#13873=DIRECTION('',(0.999999988796622,0.,0.000149688867325314));
#13874=DIRECTION('',(0.,-0.,1.));
#13875=DIRECTION('',(0.,1.,0.));
#13876=DIRECTION('',(0.,-0.,1.));
#13877=DIRECTION('',(0.,1.,0.));
#13878=DIRECTION('',(-1.,0.,0.));
#13879=DIRECTION('',(-0.,0.,-1.));
#13880=DIRECTION('',(0.,-0.,-1.));
#13881=DIRECTION('',(-0.,-1.,0.));
#13882=DIRECTION('',(0.000149688867325314,0.,-0.999999988796622));
#13883=DIRECTION('',(0.999999988796622,0.,0.000149688867325314));
#13884=DIRECTION('',(0.,-0.,1.));
#13885=DIRECTION('',(0.,1.,0.));
#13886=DIRECTION('',(0.,-0.,1.));
#13887=DIRECTION('',(0.,1.,0.));
#13888=DIRECTION('',(-1.,0.,0.));
#13889=DIRECTION('',(-0.,0.,-1.));
#13890=DIRECTION('',(0.,-0.,-1.));
#13891=DIRECTION('',(-0.,-1.,0.));
#13892=DIRECTION('',(0.000149688867325314,0.,-0.999999988796622));
#13893=DIRECTION('',(0.999999988796622,0.,0.000149688867325314));
#13894=DIRECTION('',(0.,-0.,1.));
#13895=DIRECTION('',(0.,1.,0.));
#13896=DIRECTION('',(0.,-0.,1.));
#13897=DIRECTION('',(0.,1.,0.));
#13898=DIRECTION('',(-1.,0.,0.));
#13899=DIRECTION('',(-0.,0.,-1.));
#13900=DIRECTION('',(0.,-0.,-1.));
#13901=DIRECTION('',(-0.,-1.,0.));
#13902=DIRECTION('',(0.000149688867325314,0.,-0.999999988796622));
#13903=DIRECTION('',(0.999999988796622,0.,0.000149688867325314));
#13904=DIRECTION('',(0.,-0.,1.));
#13905=DIRECTION('',(0.,1.,0.));
#13906=DIRECTION('',(0.,-0.,1.));
#13907=DIRECTION('',(0.,1.,0.));
#13908=DIRECTION('',(-1.,0.,0.));
#13909=DIRECTION('',(-0.,0.,-1.));
#13910=DIRECTION('',(0.,-0.,-1.));
#13911=DIRECTION('',(-0.,-1.,0.));
#13912=DIRECTION('',(0.000149688867325314,0.,-0.999999988796622));
#13913=DIRECTION('',(0.999999988796622,0.,0.000149688867325314));
#13914=DIRECTION('',(0.,-0.,1.));
#13915=DIRECTION('',(0.,1.,0.));
#13916=DIRECTION('',(0.,-0.,1.));
#13917=DIRECTION('',(0.,1.,0.));
#13918=DIRECTION('',(-1.,0.,0.));
#13919=DIRECTION('',(-0.,0.,-1.));
#13920=DIRECTION('',(0.,-0.,-1.));
#13921=DIRECTION('',(-0.,-1.,0.));
#13922=DIRECTION('',(0.000149688867325314,0.,-0.999999988796622));
#13923=DIRECTION('',(0.999999988796622,0.,0.000149688867325314));
#13924=DIRECTION('',(0.,-0.,1.));
#13925=DIRECTION('',(0.,1.,0.));
#13926=DIRECTION('',(0.,-0.,1.));
#13927=DIRECTION('',(0.,1.,0.));
#13928=DIRECTION('',(-1.,0.,0.));
#13929=DIRECTION('',(-0.,0.,-1.));
#13930=DIRECTION('',(0.,-0.,-1.));
#13931=DIRECTION('',(-0.,-1.,0.));
#13932=DIRECTION('',(0.000149688867325314,0.,-0.999999988796622));
#13933=DIRECTION('',(0.999999988796622,0.,0.000149688867325314));
#13934=DIRECTION('',(0.,-0.,1.));
#13935=DIRECTION('',(0.,1.,0.));
#13936=DIRECTION('',(0.,-0.,1.));
#13937=DIRECTION('',(0.,1.,0.));
#13938=DIRECTION('',(-1.,0.,0.));
#13939=DIRECTION('',(-0.,0.,-1.));
#13940=DIRECTION('',(0.,-0.,-1.));
#13941=DIRECTION('',(-0.,-1.,0.));
#13942=DIRECTION('',(0.000149688867325314,0.,-0.999999988796622));
#13943=DIRECTION('',(0.999999988796622,0.,0.000149688867325314));
#13944=DIRECTION('',(0.,-0.,1.));
#13945=DIRECTION('',(0.,1.,0.));
#13946=DIRECTION('',(0.,-0.,1.));
#13947=DIRECTION('',(0.,1.,0.));
#13948=DIRECTION('',(-1.,0.,0.));
#13949=DIRECTION('',(-0.,0.,-1.));
#13950=DIRECTION('',(0.,-0.,-1.));
#13951=DIRECTION('',(-0.,-1.,0.));
#13952=DIRECTION('',(0.000149688867325314,0.,-0.999999988796622));
#13953=DIRECTION('',(0.999999988796622,0.,0.000149688867325314));
#13954=DIRECTION('',(0.,-0.,1.));
#13955=DIRECTION('',(0.,1.,0.));
#13956=DIRECTION('',(0.,-0.,1.));
#13957=DIRECTION('',(0.,1.,0.));
#13958=DIRECTION('',(-1.,0.,0.));
#13959=DIRECTION('',(-0.,0.,-1.));
#13960=DIRECTION('',(0.,-0.,-1.));
#13961=DIRECTION('',(-0.,-1.,0.));
#13962=DIRECTION('',(0.000149688867325314,0.,-0.999999988796622));
#13963=DIRECTION('',(0.999999988796622,0.,0.000149688867325314));
#13964=DIRECTION('',(0.,-0.,1.));
#13965=DIRECTION('',(0.,1.,0.));
#13966=DIRECTION('',(0.,-0.,1.));
#13967=DIRECTION('',(0.,1.,0.));
#13968=DIRECTION('',(-1.,0.,0.));
#13969=DIRECTION('',(-0.,0.,-1.));
#13970=DIRECTION('',(0.,-0.,-1.));
#13971=DIRECTION('',(-0.,-1.,0.));
#13972=DIRECTION('',(0.000149688867325314,0.,-0.999999988796622));
#13973=DIRECTION('',(0.999999988796622,0.,0.000149688867325314));
#13974=DIRECTION('',(0.,-0.,1.));
#13975=DIRECTION('',(0.,1.,0.));
#13976=DIRECTION('',(0.,-0.,1.));
#13977=DIRECTION('',(0.,1.,0.));
#13978=DIRECTION('',(-1.,0.,0.));
#13979=DIRECTION('',(-0.,0.,-1.));
#13980=DIRECTION('',(0.,-0.,-1.));
#13981=DIRECTION('',(-0.,-1.,0.));
#13982=DIRECTION('',(0.000149688867325314,0.,-0.999999988796622));
#13983=DIRECTION('',(0.999999988796622,0.,0.000149688867325314));
#13984=DIRECTION('',(0.,-0.,1.));
#13985=DIRECTION('',(0.,1.,0.));
#13986=DIRECTION('',(0.,-0.,1.));
#13987=DIRECTION('',(0.,1.,0.));
#13988=DIRECTION('',(-1.,0.,0.));
#13989=DIRECTION('',(-0.,0.,-1.));
#13990=DIRECTION('',(0.,-0.,-1.));
#13991=DIRECTION('',(-0.,-1.,0.));
#13992=DIRECTION('',(0.000149688867325314,0.,-0.999999988796622));
#13993=DIRECTION('',(0.999999988796622,0.,0.000149688867325314));
#13994=DIRECTION('',(0.,-0.,1.));
#13995=DIRECTION('',(0.,1.,0.));
#13996=DIRECTION('',(0.,-0.,1.));
#13997=DIRECTION('',(0.,1.,0.));
#13998=DIRECTION('',(-1.,0.,0.));
#13999=DIRECTION('',(-0.,0.,-1.));
#14000=DIRECTION('',(0.,-0.,-1.));
#14001=DIRECTION('',(-0.,-1.,0.));
#14002=DIRECTION('',(0.000149688867325314,0.,-0.999999988796622));
#14003=DIRECTION('',(0.999999988796622,0.,0.000149688867325314));
#14004=DIRECTION('',(0.,-0.,1.));
#14005=DIRECTION('',(0.,1.,0.));
#14006=DIRECTION('',(0.,-0.,1.));
#14007=DIRECTION('',(0.,1.,0.));
#14008=DIRECTION('',(-1.,0.,0.));
#14009=DIRECTION('',(-0.,0.,-1.));
#14010=DIRECTION('',(0.,-0.,-1.));
#14011=DIRECTION('',(-0.,-1.,0.));
#14012=DIRECTION('',(0.000149688867325314,0.,-0.999999988796622));
#14013=DIRECTION('',(0.999999988796622,0.,0.000149688867325314));
#14014=DIRECTION('',(0.,-0.,1.));
#14015=DIRECTION('',(0.,1.,0.));
#14016=DIRECTION('',(0.,-0.,1.));
#14017=DIRECTION('',(0.,1.,0.));
#14018=DIRECTION('',(-1.,0.,0.));
#14019=DIRECTION('',(-0.,0.,-1.));
#14020=DIRECTION('',(0.,-0.,-1.));
#14021=DIRECTION('',(-0.,-1.,0.));
#14022=DIRECTION('',(0.000149688867325314,0.,-0.999999988796622));
#14023=DIRECTION('',(0.999999988796622,0.,0.000149688867325314));
#14024=DIRECTION('',(0.,-0.,1.));
#14025=DIRECTION('',(0.,1.,0.));
#14026=DIRECTION('',(-1.,0.,0.));
#14027=DIRECTION('',(-0.,0.,-1.));
#14028=DIRECTION('',(0.,-0.,-1.));
#14029=DIRECTION('',(-0.,-1.,0.));
#14030=DIRECTION('',(0.000149688867325314,0.,-0.999999988796622));
#14031=DIRECTION('',(0.999999988796622,0.,0.000149688867325314));
#14032=CARTESIAN_POINT('',(0.,0.,0.));
#14033=CARTESIAN_POINT('',(149.25572,1606.253894,2199.67246699998));
#14034=CARTESIAN_POINT('',(116.755720000006,1606.253894,2177.37235199998));
#14035=CARTESIAN_POINT('',(149.25572,1622.253894,2199.67246699998));
#14036=CARTESIAN_POINT('',(125.75572,1606.253894,2199.672467));
#14037=CARTESIAN_POINT('',(125.75572,1606.253894,2190.672467));
#14038=CARTESIAN_POINT('',(149.25572,1594.253894,2199.67246699998));
#14039=CARTESIAN_POINT('',(149.25572,1574.253894,2199.67246699998));
#14040=CARTESIAN_POINT('',(116.755720000006,1574.253894,2177.37235199998));
#14041=CARTESIAN_POINT('',(116.755720000006,1594.253894,2177.37235199998));
#14042=CARTESIAN_POINT('',(125.75572,1574.253894,2199.672467));
#14043=CARTESIAN_POINT('',(125.75572,1594.253894,2199.672467));
#14044=CARTESIAN_POINT('',(116.755720000006,1594.253894,2190.67246699998));
#14045=CARTESIAN_POINT('',(125.75572,1574.253894,2190.672467));
#14046=CARTESIAN_POINT('',(125.75572,1594.253894,2190.672467));
#14047=CARTESIAN_POINT('',(149.25572,1562.253894,2199.67246699998));
#14048=CARTESIAN_POINT('',(149.25572,1542.253894,2199.67246699998));
#14049=CARTESIAN_POINT('',(116.755720000006,1542.253894,2177.37235199998));
#14050=CARTESIAN_POINT('',(116.755720000006,1562.253894,2177.37235199998));
#14051=CARTESIAN_POINT('',(125.75572,1542.253894,2199.672467));
#14052=CARTESIAN_POINT('',(125.75572,1562.253894,2199.672467));
#14053=CARTESIAN_POINT('',(116.755720000006,1562.253894,2190.67246699998));
#14054=CARTESIAN_POINT('',(125.75572,1542.253894,2190.672467));
#14055=CARTESIAN_POINT('',(125.75572,1562.253894,2190.672467));
#14056=CARTESIAN_POINT('',(149.25572,1530.253894,2199.67246699998));
#14057=CARTESIAN_POINT('',(149.25572,1510.253894,2199.67246699998));
#14058=CARTESIAN_POINT('',(116.755720000006,1510.253894,2177.37235199998));
#14059=CARTESIAN_POINT('',(116.755720000006,1530.253894,2177.37235199998));
#14060=CARTESIAN_POINT('',(125.75572,1510.253894,2199.672467));
#14061=CARTESIAN_POINT('',(125.75572,1530.253894,2199.672467));
#14062=CARTESIAN_POINT('',(116.755720000006,1530.253894,2190.67246699998));
#14063=CARTESIAN_POINT('',(125.75572,1510.253894,2190.672467));
#14064=CARTESIAN_POINT('',(125.75572,1530.253894,2190.672467));
#14065=CARTESIAN_POINT('',(149.25572,1498.253894,2199.67246699998));
#14066=CARTESIAN_POINT('',(149.25572,1478.253894,2199.67246699998));
#14067=CARTESIAN_POINT('',(116.755720000006,1478.253894,2177.37235199998));
#14068=CARTESIAN_POINT('',(116.755720000006,1498.253894,2177.37235199998));
#14069=CARTESIAN_POINT('',(125.75572,1478.253894,2199.672467));
#14070=CARTESIAN_POINT('',(125.75572,1498.253894,2199.672467));
#14071=CARTESIAN_POINT('',(116.755720000006,1498.253894,2190.67246699998));
#14072=CARTESIAN_POINT('',(125.75572,1478.253894,2190.672467));
#14073=CARTESIAN_POINT('',(125.75572,1498.253894,2190.672467));
#14074=CARTESIAN_POINT('',(149.25572,1466.253894,2199.67246699998));
#14075=CARTESIAN_POINT('',(149.25572,1446.253894,2199.67246699998));
#14076=CARTESIAN_POINT('',(116.755720000006,1446.253894,2177.37235199998));
#14077=CARTESIAN_POINT('',(116.755720000006,1466.253894,2177.37235199998));
#14078=CARTESIAN_POINT('',(125.75572,1446.253894,2199.672467));
#14079=CARTESIAN_POINT('',(125.75572,1466.253894,2199.672467));
#14080=CARTESIAN_POINT('',(116.755720000006,1466.253894,2190.67246699998));
#14081=CARTESIAN_POINT('',(125.75572,1446.253894,2190.672467));
#14082=CARTESIAN_POINT('',(125.75572,1466.253894,2190.672467));
#14083=CARTESIAN_POINT('',(149.25572,1434.253894,2199.67246699998));
#14084=CARTESIAN_POINT('',(149.25572,1414.253894,2199.67246699998));
#14085=CARTESIAN_POINT('',(116.755720000006,1414.253894,2177.37235199998));
#14086=CARTESIAN_POINT('',(116.755720000006,1434.253894,2177.37235199998));
#14087=CARTESIAN_POINT('',(125.75572,1414.253894,2199.672467));
#14088=CARTESIAN_POINT('',(125.75572,1434.253894,2199.672467));
#14089=CARTESIAN_POINT('',(116.755720000006,1434.253894,2190.67246699998));
#14090=CARTESIAN_POINT('',(125.75572,1414.253894,2190.672467));
#14091=CARTESIAN_POINT('',(125.75572,1434.253894,2190.672467));
#14092=CARTESIAN_POINT('',(149.25572,1402.253894,2199.67246699998));
#14093=CARTESIAN_POINT('',(149.25572,1382.253894,2199.67246699998));
#14094=CARTESIAN_POINT('',(116.755720000006,1382.253894,2177.37235199998));
#14095=CARTESIAN_POINT('',(116.755720000006,1402.253894,2177.37235199998));
#14096=CARTESIAN_POINT('',(125.75572,1382.253894,2199.672467));
#14097=CARTESIAN_POINT('',(125.75572,1402.253894,2199.672467));
#14098=CARTESIAN_POINT('',(116.755720000006,1402.253894,2190.67246699998));
#14099=CARTESIAN_POINT('',(125.75572,1382.253894,2190.672467));
#14100=CARTESIAN_POINT('',(125.75572,1402.253894,2190.672467));
#14101=CARTESIAN_POINT('',(149.25572,1370.253894,2199.67246699998));
#14102=CARTESIAN_POINT('',(149.25572,1350.253894,2199.67246699998));
#14103=CARTESIAN_POINT('',(116.755720000006,1350.253894,2177.37235199998));
#14104=CARTESIAN_POINT('',(116.755720000006,1370.253894,2177.37235199998));
#14105=CARTESIAN_POINT('',(125.75572,1350.253894,2199.672467));
#14106=CARTESIAN_POINT('',(125.75572,1370.253894,2199.672467));
#14107=CARTESIAN_POINT('',(116.755720000006,1370.253894,2190.67246699998));
#14108=CARTESIAN_POINT('',(125.75572,1350.253894,2190.672467));
#14109=CARTESIAN_POINT('',(125.75572,1370.253894,2190.672467));
#14110=CARTESIAN_POINT('',(149.25572,1338.253894,2199.67246699998));
#14111=CARTESIAN_POINT('',(149.25572,1318.253894,2199.67246699998));
#14112=CARTESIAN_POINT('',(116.755720000006,1318.253894,2177.37235199998));
#14113=CARTESIAN_POINT('',(116.755720000006,1338.253894,2177.37235199998));
#14114=CARTESIAN_POINT('',(125.75572,1318.253894,2199.672467));
#14115=CARTESIAN_POINT('',(125.75572,1338.253894,2199.672467));
#14116=CARTESIAN_POINT('',(116.755720000006,1338.253894,2190.67246699998));
#14117=CARTESIAN_POINT('',(125.75572,1318.253894,2190.672467));
#14118=CARTESIAN_POINT('',(125.75572,1338.253894,2190.672467));
#14119=CARTESIAN_POINT('',(149.25572,1306.253894,2199.67246699998));
#14120=CARTESIAN_POINT('',(149.25572,1286.253894,2199.67246699998));
#14121=CARTESIAN_POINT('',(116.755720000005,1286.253894,2177.37235199998));
#14122=CARTESIAN_POINT('',(116.755720000005,1306.253894,2177.37235199998));
#14123=CARTESIAN_POINT('',(125.75572,1286.253894,2199.672467));
#14124=CARTESIAN_POINT('',(125.75572,1306.253894,2199.672467));
#14125=CARTESIAN_POINT('',(116.755720000005,1306.253894,2190.67246699998));
#14126=CARTESIAN_POINT('',(125.75572,1286.253894,2190.672467));
#14127=CARTESIAN_POINT('',(125.75572,1306.253894,2190.672467));
#14128=CARTESIAN_POINT('',(149.25572,1274.253894,2199.67246699998));
#14129=CARTESIAN_POINT('',(149.25572,1254.253894,2199.67246699998));
#14130=CARTESIAN_POINT('',(116.755720000005,1254.253894,2177.37235199998));
#14131=CARTESIAN_POINT('',(116.755720000005,1274.253894,2177.37235199998));
#14132=CARTESIAN_POINT('',(125.75572,1254.253894,2199.672467));
#14133=CARTESIAN_POINT('',(125.75572,1274.253894,2199.672467));
#14134=CARTESIAN_POINT('',(116.755720000005,1274.253894,2190.67246699998));
#14135=CARTESIAN_POINT('',(125.75572,1254.253894,2190.672467));
#14136=CARTESIAN_POINT('',(125.75572,1274.253894,2190.672467));
#14137=CARTESIAN_POINT('',(116.755720000004,902.253894,2177.37235199999));
#14138=CARTESIAN_POINT('',(149.25572,1242.253894,2199.67246699998));
#14139=CARTESIAN_POINT('',(149.25572,1222.253894,2199.67246699998));
#14140=CARTESIAN_POINT('',(116.755720000005,1222.253894,2177.37235199998));
#14141=CARTESIAN_POINT('',(116.755720000005,1242.253894,2177.37235199998));
#14142=CARTESIAN_POINT('',(125.75572,1222.253894,2199.672467));
#14143=CARTESIAN_POINT('',(125.75572,1242.253894,2199.672467));
#14144=CARTESIAN_POINT('',(116.755720000005,1242.253894,2190.67246699998));
#14145=CARTESIAN_POINT('',(125.75572,1222.253894,2190.672467));
#14146=CARTESIAN_POINT('',(125.75572,1242.253894,2190.672467));
#14147=CARTESIAN_POINT('',(116.755720000004,870.253894,2177.37235199999));
#14148=CARTESIAN_POINT('',(116.755720000004,838.253894,2177.37235199999));
#14149=CARTESIAN_POINT('',(149.25572,1210.253894,2199.67246699998));
#14150=CARTESIAN_POINT('',(149.25572,1190.253894,2199.67246699998));
#14151=CARTESIAN_POINT('',(116.755720000005,1190.253894,2177.37235199998));
#14152=CARTESIAN_POINT('',(116.755720000005,1210.253894,2177.37235199998));
#14153=CARTESIAN_POINT('',(125.75572,1190.253894,2199.672467));
#14154=CARTESIAN_POINT('',(125.75572,1210.253894,2199.672467));
#14155=CARTESIAN_POINT('',(116.755720000005,1210.253894,2190.67246699998));
#14156=CARTESIAN_POINT('',(125.75572,1190.253894,2190.672467));
#14157=CARTESIAN_POINT('',(125.75572,1210.253894,2190.672467));
#14158=CARTESIAN_POINT('',(116.755720000004,806.253894,2177.37235199999));
#14159=CARTESIAN_POINT('',(116.755720000004,774.253894,2177.37235199999));
#14160=CARTESIAN_POINT('',(149.25572,1178.253894,2199.67246699998));
#14161=CARTESIAN_POINT('',(149.25572,1158.253894,2199.67246699998));
#14162=CARTESIAN_POINT('',(116.755720000005,1158.253894,2177.37235199998));
#14163=CARTESIAN_POINT('',(116.755720000005,1178.253894,2177.37235199998));
#14164=CARTESIAN_POINT('',(125.75572,1158.253894,2199.672467));
#14165=CARTESIAN_POINT('',(125.75572,1178.253894,2199.672467));
#14166=CARTESIAN_POINT('',(116.755720000005,1178.253894,2190.67246699998));
#14167=CARTESIAN_POINT('',(125.75572,1158.253894,2190.672467));
#14168=CARTESIAN_POINT('',(125.75572,1178.253894,2190.672467));
#14169=CARTESIAN_POINT('',(116.755720000004,742.253894,2177.37235199999));
#14170=CARTESIAN_POINT('',(116.755720000003,710.253894,2177.37235199999));
#14171=CARTESIAN_POINT('',(149.25572,1146.253894,2199.67246699998));
#14172=CARTESIAN_POINT('',(149.25572,1126.253894,2199.67246699998));
#14173=CARTESIAN_POINT('',(116.755720000005,1126.253894,2177.37235199998));
#14174=CARTESIAN_POINT('',(116.755720000005,1146.253894,2177.37235199998));
#14175=CARTESIAN_POINT('',(125.75572,1126.253894,2199.672467));
#14176=CARTESIAN_POINT('',(125.75572,1146.253894,2199.672467));
#14177=CARTESIAN_POINT('',(116.755720000005,1146.253894,2190.67246699998));
#14178=CARTESIAN_POINT('',(125.75572,1126.253894,2190.672467));
#14179=CARTESIAN_POINT('',(125.75572,1146.253894,2190.672467));
#14180=CARTESIAN_POINT('',(116.755720000003,678.253894,2177.37235199999));
#14181=CARTESIAN_POINT('',(116.755720000003,646.253894,2177.37235199999));
#14182=CARTESIAN_POINT('',(149.25572,1114.253894,2199.67246699998));
#14183=CARTESIAN_POINT('',(149.25572,1094.253894,2199.67246699998));
#14184=CARTESIAN_POINT('',(116.755720000005,1094.253894,2177.37235199998));
#14185=CARTESIAN_POINT('',(116.755720000005,1114.253894,2177.37235199998));
#14186=CARTESIAN_POINT('',(125.75572,1094.253894,2199.672467));
#14187=CARTESIAN_POINT('',(125.75572,1114.253894,2199.672467));
#14188=CARTESIAN_POINT('',(116.755720000005,1114.253894,2190.67246699998));
#14189=CARTESIAN_POINT('',(125.75572,1094.253894,2190.672467));
#14190=CARTESIAN_POINT('',(125.75572,1114.253894,2190.672467));
#14191=CARTESIAN_POINT('',(116.755720000003,614.253894,2177.37235199999));
#14192=CARTESIAN_POINT('',(116.755720000002,262.253894,2177.37235199999));
#14193=CARTESIAN_POINT('',(116.755720000003,582.253894,2177.37235199999));
#14194=CARTESIAN_POINT('',(116.755720000002,230.253894,2177.37235199999));
#14195=CARTESIAN_POINT('',(149.25572,1082.253894,2199.67246699998));
#14196=CARTESIAN_POINT('',(149.25572,1062.253894,2199.67246699998));
#14197=CARTESIAN_POINT('',(116.755720000005,1062.253894,2177.37235199998));
#14198=CARTESIAN_POINT('',(116.755720000005,1082.253894,2177.37235199998));
#14199=CARTESIAN_POINT('',(125.75572,1062.253894,2199.672467));
#14200=CARTESIAN_POINT('',(125.75572,1082.253894,2199.672467));
#14201=CARTESIAN_POINT('',(116.755720000005,1082.253894,2190.67246699998));
#14202=CARTESIAN_POINT('',(125.75572,1062.253894,2190.672467));
#14203=CARTESIAN_POINT('',(125.75572,1082.253894,2190.672467));
#14204=CARTESIAN_POINT('',(116.755720000002,198.253894,2177.37235199999));
#14205=CARTESIAN_POINT('',(116.755720000003,550.253894,2177.37235199999));
#14206=CARTESIAN_POINT('',(116.755720000002,166.253894,2177.37235199999));
#14207=CARTESIAN_POINT('',(116.755720000001,134.253894,2177.37235199999));
#14208=CARTESIAN_POINT('',(116.755720000003,518.253894,2177.37235199999));
#14209=CARTESIAN_POINT('',(116.755720000001,102.253894,2177.37235199999));
#14210=CARTESIAN_POINT('',(149.25572,1050.253894,2199.67246699998));
#14211=CARTESIAN_POINT('',(149.25572,1030.253894,2199.67246699998));
#14212=CARTESIAN_POINT('',(116.755720000005,1030.253894,2177.37235199998));
#14213=CARTESIAN_POINT('',(116.755720000005,1050.253894,2177.37235199998));
#14214=CARTESIAN_POINT('',(125.75572,1030.253894,2199.672467));
#14215=CARTESIAN_POINT('',(125.75572,1050.253894,2199.672467));
#14216=CARTESIAN_POINT('',(116.755720000005,1050.253894,2190.67246699998));
#14217=CARTESIAN_POINT('',(125.75572,1030.253894,2190.672467));
#14218=CARTESIAN_POINT('',(125.75572,1050.253894,2190.672467));
#14219=CARTESIAN_POINT('',(116.755720000001,70.2538939999999,2177.372352));
#14220=CARTESIAN_POINT('',(116.755720000003,486.253894,2177.37235199999));
#14221=CARTESIAN_POINT('',(116.755720000001,38.2538939999999,2177.372352));
#14222=CARTESIAN_POINT('',(116.755720000001,6.25389399999987,2177.372352));
#14223=CARTESIAN_POINT('',(116.755720000003,454.253894,2177.37235199999));
#14224=CARTESIAN_POINT('',(116.755720000001,-25.7461060000002,2177.372352));
#14225=CARTESIAN_POINT('',(149.25572,1018.253894,2199.67246699998));
#14226=CARTESIAN_POINT('',(149.25572,998.253894,2199.67246699998));
#14227=CARTESIAN_POINT('',(116.755720000004,998.253894,2177.37235199998));
#14228=CARTESIAN_POINT('',(116.755720000004,1018.253894,2177.37235199998));
#14229=CARTESIAN_POINT('',(125.75572,998.253894,2199.672467));
#14230=CARTESIAN_POINT('',(125.75572,1018.253894,2199.672467));
#14231=CARTESIAN_POINT('',(116.755720000004,1018.253894,2190.67246699998));
#14232=CARTESIAN_POINT('',(125.75572,998.253894,2190.672467));
#14233=CARTESIAN_POINT('',(125.75572,1018.253894,2190.672467));
#14234=CARTESIAN_POINT('',(116.755720000001,-57.7461060000002,2177.372352));
#14235=CARTESIAN_POINT('',(116.755720000002,422.253894,2177.37235199999));
#14236=CARTESIAN_POINT('',(116.755720000001,-89.7461060000002,2177.372352));
#14237=CARTESIAN_POINT('',(116.755720000001,-121.746106,2177.372352));
#14238=CARTESIAN_POINT('',(116.755720000002,390.253894,2177.37235199999));
#14239=CARTESIAN_POINT('',(116.75572,-153.746106,2177.372352));
#14240=CARTESIAN_POINT('',(149.25572,986.253894,2199.67246699998));
#14241=CARTESIAN_POINT('',(149.25572,966.253894,2199.67246699998));
#14242=CARTESIAN_POINT('',(116.755720000004,966.253894,2177.37235199998));
#14243=CARTESIAN_POINT('',(116.755720000004,986.253894,2177.37235199998));
#14244=CARTESIAN_POINT('',(125.75572,966.253894,2199.672467));
#14245=CARTESIAN_POINT('',(125.75572,986.253894,2199.672467));
#14246=CARTESIAN_POINT('',(116.755720000004,986.253894,2190.67246699998));
#14247=CARTESIAN_POINT('',(125.75572,966.253894,2190.672467));
#14248=CARTESIAN_POINT('',(125.75572,986.253894,2190.672467));
#14249=CARTESIAN_POINT('',(116.75572,-185.746106,2177.372352));
#14250=CARTESIAN_POINT('',(116.755720000002,358.253894,2177.37235199999));
#14251=CARTESIAN_POINT('',(116.75572,-217.746106,2177.372352));
#14252=CARTESIAN_POINT('',(116.75572,-249.746106,2177.372352));
#14253=CARTESIAN_POINT('',(116.755720000002,326.253894,2177.37235199999));
#14254=CARTESIAN_POINT('',(116.75572,-281.746106,2177.372352));
#14255=CARTESIAN_POINT('',(149.25572,954.253894,2199.67246699998));
#14256=CARTESIAN_POINT('',(149.25572,934.253894,2199.67246699998));
#14257=CARTESIAN_POINT('',(116.755720000004,934.253894,2177.37235199999));
#14258=CARTESIAN_POINT('',(116.755720000004,954.253894,2177.37235199998));
#14259=CARTESIAN_POINT('',(125.75572,934.253894,2199.672467));
#14260=CARTESIAN_POINT('',(125.75572,954.253894,2199.672467));
#14261=CARTESIAN_POINT('',(116.755720000004,954.253894,2190.67246699998));
#14262=CARTESIAN_POINT('',(125.75572,934.253894,2190.672467));
#14263=CARTESIAN_POINT('',(125.75572,954.253894,2190.672467));
#14264=CARTESIAN_POINT('',(116.75572,-313.746106,2177.372352));
#14265=CARTESIAN_POINT('',(149.25572,314.253894,2199.67246699999));
#14266=CARTESIAN_POINT('',(149.25572,294.253894,2199.67246699999));
#14267=CARTESIAN_POINT('',(116.755720000002,294.253894,2177.37235199999));
#14268=CARTESIAN_POINT('',(116.755720000002,314.253894,2177.37235199999));
#14269=CARTESIAN_POINT('',(125.75572,294.253894,2199.672467));
#14270=CARTESIAN_POINT('',(125.75572,314.253894,2199.672467));
#14271=CARTESIAN_POINT('',(116.755720000002,314.253894,2190.67246699999));
#14272=CARTESIAN_POINT('',(125.75572,294.253894,2190.672467));
#14273=CARTESIAN_POINT('',(125.75572,314.253894,2190.672467));
#14274=CARTESIAN_POINT('',(149.25572,-325.746106,2199.672467));
#14275=CARTESIAN_POINT('',(149.25572,-345.746106,2199.672467));
#14276=CARTESIAN_POINT('',(116.75572,-345.746106,2177.372352));
#14277=CARTESIAN_POINT('',(116.75572,-325.746106,2177.372352));
#14278=CARTESIAN_POINT('',(125.75572,-345.746106,2199.672467));
#14279=CARTESIAN_POINT('',(125.75572,-325.746106,2199.672467));
#14280=CARTESIAN_POINT('',(116.75572,-325.746106,2190.672467));
#14281=CARTESIAN_POINT('',(125.75572,-345.746106,2190.672467));
#14282=CARTESIAN_POINT('',(125.75572,-325.746106,2190.672467));
#14283=CARTESIAN_POINT('',(149.25572,-357.746106,2199.672467));
#14284=CARTESIAN_POINT('',(116.75572,-357.746106,2177.372352));
#14285=CARTESIAN_POINT('',(149.25572,-377.746106,2199.672467));
#14286=CARTESIAN_POINT('',(125.75572,-357.746106,2199.672467));
#14287=CARTESIAN_POINT('',(125.75572,-357.746106,2190.672467));
#14288=CARTESIAN_POINT('',(116.75572,-357.746106,2190.672467));
#14289=CARTESIAN_POINT('',(284.633956000006,1622.253894,2236.25044199998));
#14290=CARTESIAN_POINT('',(274.530587717485,1622.253894,2234.04069172899));
#14291=CARTESIAN_POINT('',(267.281814508145,1622.253894,2228.93765507525));
#14292=CARTESIAN_POINT('',(260.110054180945,1622.253894,2222.96618220842));
#14293=CARTESIAN_POINT('',(248.668389642776,1622.253894,2224.28050918954));
#14294=CARTESIAN_POINT('',(244.287764566155,1622.253894,2226.01026599998));
#14295=CARTESIAN_POINT('',(241.146953000007,1622.253894,2226.01026599998));
#14296=CARTESIAN_POINT('',(234.480362225374,1622.253894,2229.63749105426));
#14297=CARTESIAN_POINT('',(176.256029000007,1622.253894,2224.11570799998));
#14298=CARTESIAN_POINT('',(176.504036919146,1622.253894,2218.19166888317));
#14299=CARTESIAN_POINT('',(171.08844707831,1622.253894,2216.51112678544));
#14300=CARTESIAN_POINT('',(167.034489383758,1622.253894,2212.504248797));
#14301=CARTESIAN_POINT('',(163.433230557383,1622.253894,2208.29231132769));
#14302=CARTESIAN_POINT('',(158.005720000007,1622.253894,2206.17246699998));
#14303=CARTESIAN_POINT('',(158.005720000007,1622.253894,2199.67246699998));
#14304=CARTESIAN_POINT('',(116.755720000007,1622.253894,2177.37235199998));
#14305=CARTESIAN_POINT('',(116.755720000007,1622.253894,2169.92246699998));
#14306=CARTESIAN_POINT('',(111.477366000007,1622.253894,2163.41658899998));
#14307=CARTESIAN_POINT('',(103.080454000007,1622.253894,2163.41658899998));
#14308=CARTESIAN_POINT('',(103.080454000007,1622.253894,2192.7706874374));
#14309=CARTESIAN_POINT('',(155.673919000007,1622.253894,2238.82265899998));
#14310=CARTESIAN_POINT('',(259.124638000007,1622.253894,2240.79204499998));
#14311=CARTESIAN_POINT('',(264.187403083712,1622.253894,2249.49999999998));
#14312=CARTESIAN_POINT('',(292.128866000007,1622.253894,2249.49999999998));
#14313=CARTESIAN_POINT('',(292.128866000007,1622.253894,2241.46741099998));
#14314=CARTESIAN_POINT('',(285.128866000007,1622.253894,2241.46741099998));
#14315=CARTESIAN_POINT('',(284.633956,-377.746106,2236.250442));
#14316=CARTESIAN_POINT('',(274.530587717478,-377.746106,2234.04069172902));
#14317=CARTESIAN_POINT('',(267.281814508139,-377.746106,2228.93765507528));
#14318=CARTESIAN_POINT('',(260.110054180938,-377.746106,2222.96618220844));
#14319=CARTESIAN_POINT('',(248.668389642769,-377.746106,2224.28050918957));
#14320=CARTESIAN_POINT('',(244.287764566148,-377.746106,2226.010266));
#14321=CARTESIAN_POINT('',(241.146953,-377.746106,2226.010266));
#14322=CARTESIAN_POINT('',(234.480362225367,-377.746106,2229.63749105428));
#14323=CARTESIAN_POINT('',(176.256029,-377.746106,2224.115708));
#14324=CARTESIAN_POINT('',(176.504036919139,-377.746106,2218.19166888319));
#14325=CARTESIAN_POINT('',(171.088447078303,-377.746106,2216.51112678546));
#14326=CARTESIAN_POINT('',(167.034489383751,-377.746106,2212.50424879703));
#14327=CARTESIAN_POINT('',(163.433230557376,-377.746106,2208.29231132771));
#14328=CARTESIAN_POINT('',(158.00572,-377.746106,2206.172467));
#14329=CARTESIAN_POINT('',(158.00572,-377.746106,2199.672467));
#14330=CARTESIAN_POINT('',(116.75572,-377.746106,2177.372352));
#14331=CARTESIAN_POINT('',(116.75572,-377.746106,2169.922467));
#14332=CARTESIAN_POINT('',(111.477366,-377.746106,2163.416589));
#14333=CARTESIAN_POINT('',(103.080454,-377.746106,2163.416589));
#14334=CARTESIAN_POINT('',(103.080454,-377.746106,2192.77068743743));
#14335=CARTESIAN_POINT('',(155.673919,-377.746106,2238.822659));
#14336=CARTESIAN_POINT('',(259.124638,-377.746106,2240.792045));
#14337=CARTESIAN_POINT('',(264.187403083705,-377.746106,2249.5));
#14338=CARTESIAN_POINT('',(292.128866,-377.746106,2249.5));
#14339=CARTESIAN_POINT('',(292.128866,-377.746106,2241.467411));
#14340=CARTESIAN_POINT('',(285.128866,-377.746106,2241.467411));
#14341=CARTESIAN_POINT('',(149.257870964013,-357.746106,2185.30290146418));
#14342=CARTESIAN_POINT('',(143.409738764687,-357.746106,2177.372352));
#14343=CARTESIAN_POINT('',(149.257870964013,-377.746106,2185.30290146418));
#14344=CARTESIAN_POINT('',(143.409738764687,-377.746106,2177.372352));
#14345=CARTESIAN_POINT('',(149.257870964013,-325.746106,2185.30290146418));
#14346=CARTESIAN_POINT('',(143.409738764687,-325.746106,2177.372352));
#14347=CARTESIAN_POINT('',(116.75572,-345.746106,2190.672467));
#14348=CARTESIAN_POINT('',(149.257870964013,-345.746106,2185.30290146418));
#14349=CARTESIAN_POINT('',(143.409738764687,-345.746106,2177.372352));
#14350=CARTESIAN_POINT('',(149.257870964013,314.253894,2185.30290146418));
#14351=CARTESIAN_POINT('',(143.409738764687,314.253894,2177.372352));
#14352=CARTESIAN_POINT('',(116.75572,294.253894,2190.672467));
#14353=CARTESIAN_POINT('',(149.257870964013,294.253894,2185.30290146418));
#14354=CARTESIAN_POINT('',(143.409738764687,294.253894,2177.372352));
#14355=CARTESIAN_POINT('',(125.75572,-293.746106,2190.672467));
#14356=CARTESIAN_POINT('',(125.75572,-313.746106,2190.672467));
#14357=CARTESIAN_POINT('',(116.75572,-293.746106,2190.672467));
#14358=CARTESIAN_POINT('',(125.75572,-293.746106,2199.672467));
#14359=CARTESIAN_POINT('',(149.25572,-293.746106,2199.672467));
#14360=CARTESIAN_POINT('',(149.257870964013,-293.746106,2185.30290146418));
#14361=CARTESIAN_POINT('',(143.409738764687,-293.746106,2177.372352));
#14362=CARTESIAN_POINT('',(116.75572,-293.746106,2177.372352));
#14363=CARTESIAN_POINT('',(116.75572,-313.746106,2190.672467));
#14364=CARTESIAN_POINT('',(125.75572,-313.746106,2199.672467));
#14365=CARTESIAN_POINT('',(149.25572,-313.746106,2199.672467));
#14366=CARTESIAN_POINT('',(149.257870964013,-313.746106,2185.30290146418));
#14367=CARTESIAN_POINT('',(143.409738764687,-313.746106,2177.372352));
#14368=CARTESIAN_POINT('',(149.257870964013,954.253894,2185.30290146418));
#14369=CARTESIAN_POINT('',(143.409738764687,954.253894,2177.372352));
#14370=CARTESIAN_POINT('',(116.75572,934.253894,2190.672467));
#14371=CARTESIAN_POINT('',(149.257870964013,934.253894,2185.30290146418));
#14372=CARTESIAN_POINT('',(143.409738764687,934.253894,2177.372352));
#14373=CARTESIAN_POINT('',(125.75572,-261.746106,2190.672467));
#14374=CARTESIAN_POINT('',(125.75572,-281.746106,2190.672467));
#14375=CARTESIAN_POINT('',(116.75572,-261.746106,2190.672467));
#14376=CARTESIAN_POINT('',(125.75572,-261.746106,2199.672467));
#14377=CARTESIAN_POINT('',(149.25572,-261.746106,2199.672467));
#14378=CARTESIAN_POINT('',(149.257870964013,-261.746106,2185.30290146418));
#14379=CARTESIAN_POINT('',(143.409738764687,-261.746106,2177.372352));
#14380=CARTESIAN_POINT('',(116.75572,-261.746106,2177.372352));
#14381=CARTESIAN_POINT('',(116.75572,-281.746106,2190.672467));
#14382=CARTESIAN_POINT('',(125.75572,-281.746106,2199.672467));
#14383=CARTESIAN_POINT('',(149.25572,-281.746106,2199.672467));
#14384=CARTESIAN_POINT('',(149.257870964013,-281.746106,2185.30290146418));
#14385=CARTESIAN_POINT('',(143.409738764687,-281.746106,2177.372352));
#14386=CARTESIAN_POINT('',(125.75572,346.253894,2190.672467));
#14387=CARTESIAN_POINT('',(125.75572,326.253894,2190.672467));
#14388=CARTESIAN_POINT('',(116.75572,346.253894,2190.672467));
#14389=CARTESIAN_POINT('',(125.75572,346.253894,2199.672467));
#14390=CARTESIAN_POINT('',(149.25572,346.253894,2199.672467));
#14391=CARTESIAN_POINT('',(149.257870964013,346.253894,2185.30290146418));
#14392=CARTESIAN_POINT('',(143.409738764687,346.253894,2177.372352));
#14393=CARTESIAN_POINT('',(116.75572,346.253894,2177.372352));
#14394=CARTESIAN_POINT('',(116.75572,326.253894,2190.672467));
#14395=CARTESIAN_POINT('',(125.75572,326.253894,2199.672467));
#14396=CARTESIAN_POINT('',(149.25572,326.253894,2199.672467));
#14397=CARTESIAN_POINT('',(149.257870964013,326.253894,2185.30290146418));
#14398=CARTESIAN_POINT('',(143.409738764687,326.253894,2177.372352));
#14399=CARTESIAN_POINT('',(125.75572,-229.746106,2190.672467));
#14400=CARTESIAN_POINT('',(125.75572,-249.746106,2190.672467));
#14401=CARTESIAN_POINT('',(116.75572,-229.746106,2190.672467));
#14402=CARTESIAN_POINT('',(125.75572,-229.746106,2199.672467));
#14403=CARTESIAN_POINT('',(149.25572,-229.746106,2199.672467));
#14404=CARTESIAN_POINT('',(149.257870964013,-229.746106,2185.30290146418));
#14405=CARTESIAN_POINT('',(143.409738764687,-229.746106,2177.372352));
#14406=CARTESIAN_POINT('',(116.75572,-229.746106,2177.372352));
#14407=CARTESIAN_POINT('',(116.75572,-249.746106,2190.672467));
#14408=CARTESIAN_POINT('',(125.75572,-249.746106,2199.672467));
#14409=CARTESIAN_POINT('',(149.25572,-249.746106,2199.672467));
#14410=CARTESIAN_POINT('',(149.257870964013,-249.746106,2185.30290146418));
#14411=CARTESIAN_POINT('',(143.409738764687,-249.746106,2177.372352));
#14412=CARTESIAN_POINT('',(125.75572,-197.746106,2190.672467));
#14413=CARTESIAN_POINT('',(125.75572,-217.746106,2190.672467));
#14414=CARTESIAN_POINT('',(116.75572,-197.746106,2190.672467));
#14415=CARTESIAN_POINT('',(125.75572,-197.746106,2199.672467));
#14416=CARTESIAN_POINT('',(149.25572,-197.746106,2199.672467));
#14417=CARTESIAN_POINT('',(149.257870964013,-197.746106,2185.30290146418));
#14418=CARTESIAN_POINT('',(143.409738764687,-197.746106,2177.372352));
#14419=CARTESIAN_POINT('',(116.75572,-197.746106,2177.372352));
#14420=CARTESIAN_POINT('',(116.75572,-217.746106,2190.672467));
#14421=CARTESIAN_POINT('',(125.75572,-217.746106,2199.672467));
#14422=CARTESIAN_POINT('',(149.25572,-217.746106,2199.672467));
#14423=CARTESIAN_POINT('',(149.257870964013,-217.746106,2185.30290146418));
#14424=CARTESIAN_POINT('',(143.409738764687,-217.746106,2177.372352));
#14425=CARTESIAN_POINT('',(125.75572,378.253894,2190.672467));
#14426=CARTESIAN_POINT('',(125.75572,358.253894,2190.672467));
#14427=CARTESIAN_POINT('',(116.75572,378.253894,2190.672467));
#14428=CARTESIAN_POINT('',(125.75572,378.253894,2199.672467));
#14429=CARTESIAN_POINT('',(149.25572,378.253894,2199.672467));
#14430=CARTESIAN_POINT('',(149.257870964013,378.253894,2185.30290146418));
#14431=CARTESIAN_POINT('',(143.409738764687,378.253894,2177.372352));
#14432=CARTESIAN_POINT('',(116.75572,378.253894,2177.372352));
#14433=CARTESIAN_POINT('',(116.75572,358.253894,2190.672467));
#14434=CARTESIAN_POINT('',(125.75572,358.253894,2199.672467));
#14435=CARTESIAN_POINT('',(149.25572,358.253894,2199.672467));
#14436=CARTESIAN_POINT('',(149.257870964013,358.253894,2185.30290146418));
#14437=CARTESIAN_POINT('',(143.409738764687,358.253894,2177.372352));
#14438=CARTESIAN_POINT('',(125.75572,-165.746106,2190.672467));
#14439=CARTESIAN_POINT('',(125.75572,-185.746106,2190.672467));
#14440=CARTESIAN_POINT('',(116.75572,-165.746106,2190.672467));
#14441=CARTESIAN_POINT('',(125.75572,-165.746106,2199.672467));
#14442=CARTESIAN_POINT('',(149.25572,-165.746106,2199.672467));
#14443=CARTESIAN_POINT('',(149.257870964013,-165.746106,2185.30290146418));
#14444=CARTESIAN_POINT('',(143.409738764687,-165.746106,2177.372352));
#14445=CARTESIAN_POINT('',(116.75572,-165.746106,2177.372352));
#14446=CARTESIAN_POINT('',(116.75572,-185.746106,2190.672467));
#14447=CARTESIAN_POINT('',(125.75572,-185.746106,2199.672467));
#14448=CARTESIAN_POINT('',(149.25572,-185.746106,2199.672467));
#14449=CARTESIAN_POINT('',(149.257870964013,-185.746106,2185.30290146418));
#14450=CARTESIAN_POINT('',(143.409738764687,-185.746106,2177.372352));
#14451=CARTESIAN_POINT('',(149.257870964013,986.253894,2185.30290146418));
#14452=CARTESIAN_POINT('',(143.409738764687,986.253894,2177.372352));
#14453=CARTESIAN_POINT('',(116.75572,966.253894,2190.672467));
#14454=CARTESIAN_POINT('',(149.257870964013,966.253894,2185.30290146418));
#14455=CARTESIAN_POINT('',(143.409738764687,966.253894,2177.372352));
#14456=CARTESIAN_POINT('',(125.75572,-133.746106,2190.672467));
#14457=CARTESIAN_POINT('',(125.75572,-153.746106,2190.672467));
#14458=CARTESIAN_POINT('',(116.75572,-133.746106,2190.672467));
#14459=CARTESIAN_POINT('',(125.75572,-133.746106,2199.672467));
#14460=CARTESIAN_POINT('',(149.25572,-133.746106,2199.672467));
#14461=CARTESIAN_POINT('',(149.257870964013,-133.746106,2185.30290146418));
#14462=CARTESIAN_POINT('',(143.409738764687,-133.746106,2177.372352));
#14463=CARTESIAN_POINT('',(116.75572,-133.746106,2177.372352));
#14464=CARTESIAN_POINT('',(116.75572,-153.746106,2190.672467));
#14465=CARTESIAN_POINT('',(125.75572,-153.746106,2199.672467));
#14466=CARTESIAN_POINT('',(149.25572,-153.746106,2199.672467));
#14467=CARTESIAN_POINT('',(149.257870964013,-153.746106,2185.30290146418));
#14468=CARTESIAN_POINT('',(143.409738764687,-153.746106,2177.372352));
#14469=CARTESIAN_POINT('',(125.75572,410.253894,2190.672467));
#14470=CARTESIAN_POINT('',(125.75572,390.253894,2190.672467));
#14471=CARTESIAN_POINT('',(116.75572,410.253894,2190.672467));
#14472=CARTESIAN_POINT('',(125.75572,410.253894,2199.672467));
#14473=CARTESIAN_POINT('',(149.25572,410.253894,2199.672467));
#14474=CARTESIAN_POINT('',(149.257870964013,410.253894,2185.30290146418));
#14475=CARTESIAN_POINT('',(143.409738764687,410.253894,2177.372352));
#14476=CARTESIAN_POINT('',(116.75572,410.253894,2177.372352));
#14477=CARTESIAN_POINT('',(116.75572,390.253894,2190.672467));
#14478=CARTESIAN_POINT('',(125.75572,390.253894,2199.672467));
#14479=CARTESIAN_POINT('',(149.25572,390.253894,2199.672467));
#14480=CARTESIAN_POINT('',(149.257870964013,390.253894,2185.30290146418));
#14481=CARTESIAN_POINT('',(143.409738764687,390.253894,2177.372352));
#14482=CARTESIAN_POINT('',(125.75572,-101.746106,2190.672467));
#14483=CARTESIAN_POINT('',(125.75572,-121.746106,2190.672467));
#14484=CARTESIAN_POINT('',(116.75572,-101.746106,2190.672467));
#14485=CARTESIAN_POINT('',(125.75572,-101.746106,2199.672467));
#14486=CARTESIAN_POINT('',(149.25572,-101.746106,2199.672467));
#14487=CARTESIAN_POINT('',(149.257870964013,-101.746106,2185.30290146418));
#14488=CARTESIAN_POINT('',(143.409738764687,-101.746106,2177.372352));
#14489=CARTESIAN_POINT('',(116.75572,-101.746106,2177.372352));
#14490=CARTESIAN_POINT('',(116.75572,-121.746106,2190.672467));
#14491=CARTESIAN_POINT('',(125.75572,-121.746106,2199.672467));
#14492=CARTESIAN_POINT('',(149.25572,-121.746106,2199.672467));
#14493=CARTESIAN_POINT('',(149.257870964013,-121.746106,2185.30290146418));
#14494=CARTESIAN_POINT('',(143.409738764687,-121.746106,2177.372352));
#14495=CARTESIAN_POINT('',(125.75572,-69.746106,2190.672467));
#14496=CARTESIAN_POINT('',(125.75572,-89.746106,2190.672467));
#14497=CARTESIAN_POINT('',(116.75572,-69.7461060000001,2190.672467));
#14498=CARTESIAN_POINT('',(125.75572,-69.7461060000001,2199.672467));
#14499=CARTESIAN_POINT('',(149.25572,-69.7461060000001,2199.672467));
#14500=CARTESIAN_POINT('',(149.257870964013,-69.746106,2185.30290146418));
#14501=CARTESIAN_POINT('',(143.409738764687,-69.7461060000001,2177.372352));
#14502=CARTESIAN_POINT('',(116.75572,-69.7461060000001,2177.372352));
#14503=CARTESIAN_POINT('',(116.75572,-89.7461060000001,2190.672467));
#14504=CARTESIAN_POINT('',(125.75572,-89.7461060000001,2199.672467));
#14505=CARTESIAN_POINT('',(149.25572,-89.7461060000001,2199.672467));
#14506=CARTESIAN_POINT('',(149.257870964013,-89.7461060000001,2185.30290146418
));
#14507=CARTESIAN_POINT('',(143.409738764687,-89.7461060000001,2177.372352));
#14508=CARTESIAN_POINT('',(125.75572,442.253894,2190.672467));
#14509=CARTESIAN_POINT('',(125.75572,422.253894,2190.672467));
#14510=CARTESIAN_POINT('',(116.75572,442.253894,2190.672467));
#14511=CARTESIAN_POINT('',(125.75572,442.253894,2199.672467));
#14512=CARTESIAN_POINT('',(149.25572,442.253894,2199.672467));
#14513=CARTESIAN_POINT('',(149.257870964013,442.253894,2185.30290146418));
#14514=CARTESIAN_POINT('',(143.409738764687,442.253894,2177.372352));
#14515=CARTESIAN_POINT('',(116.75572,442.253894,2177.372352));
#14516=CARTESIAN_POINT('',(116.75572,422.253894,2190.672467));
#14517=CARTESIAN_POINT('',(125.75572,422.253894,2199.672467));
#14518=CARTESIAN_POINT('',(149.25572,422.253894,2199.672467));
#14519=CARTESIAN_POINT('',(149.257870964013,422.253894,2185.30290146418));
#14520=CARTESIAN_POINT('',(143.409738764687,422.253894,2177.372352));
#14521=CARTESIAN_POINT('',(125.75572,-37.7461060000002,2190.672467));
#14522=CARTESIAN_POINT('',(125.75572,-57.746106,2190.672467));
#14523=CARTESIAN_POINT('',(116.75572,-37.7461060000001,2190.672467));
#14524=CARTESIAN_POINT('',(125.75572,-37.7461060000001,2199.672467));
#14525=CARTESIAN_POINT('',(149.25572,-37.7461060000001,2199.672467));
#14526=CARTESIAN_POINT('',(149.257870964013,-37.7461060000001,2185.30290146418
));
#14527=CARTESIAN_POINT('',(143.409738764687,-37.7461060000001,2177.372352));
#14528=CARTESIAN_POINT('',(116.75572,-37.7461060000001,2177.372352));
#14529=CARTESIAN_POINT('',(116.75572,-57.7461060000001,2190.672467));
#14530=CARTESIAN_POINT('',(125.75572,-57.7461060000001,2199.672467));
#14531=CARTESIAN_POINT('',(149.25572,-57.7461060000001,2199.672467));
#14532=CARTESIAN_POINT('',(149.257870964013,-57.7461060000001,2185.30290146418
));
#14533=CARTESIAN_POINT('',(143.409738764687,-57.7461060000001,2177.372352));
#14534=CARTESIAN_POINT('',(149.257870964013,1018.253894,2185.30290146418));
#14535=CARTESIAN_POINT('',(143.409738764687,1018.253894,2177.372352));
#14536=CARTESIAN_POINT('',(116.75572,998.253894,2190.672467));
#14537=CARTESIAN_POINT('',(149.257870964013,998.253894,2185.30290146418));
#14538=CARTESIAN_POINT('',(143.409738764687,998.253894,2177.372352));
#14539=CARTESIAN_POINT('',(125.75572,-5.74610600000014,2190.672467));
#14540=CARTESIAN_POINT('',(125.75572,-25.7461060000002,2190.672467));
#14541=CARTESIAN_POINT('',(116.75572,-5.74610600000005,2190.672467));
#14542=CARTESIAN_POINT('',(125.75572,-5.74610600000005,2199.672467));
#14543=CARTESIAN_POINT('',(149.25572,-5.74610600000005,2199.672467));
#14544=CARTESIAN_POINT('',(149.257870964013,-5.74610600000005,2185.30290146418
));
#14545=CARTESIAN_POINT('',(143.409738764687,-5.74610600000005,2177.372352));
#14546=CARTESIAN_POINT('',(116.75572,-5.74610600000005,2177.372352));
#14547=CARTESIAN_POINT('',(116.75572,-25.7461060000001,2190.672467));
#14548=CARTESIAN_POINT('',(125.75572,-25.7461060000001,2199.672467));
#14549=CARTESIAN_POINT('',(149.25572,-25.7461060000001,2199.672467));
#14550=CARTESIAN_POINT('',(149.257870964013,-25.7461060000001,2185.30290146418
));
#14551=CARTESIAN_POINT('',(143.409738764687,-25.7461060000001,2177.372352));
#14552=CARTESIAN_POINT('',(125.75572,474.253894,2190.672467));
#14553=CARTESIAN_POINT('',(125.75572,454.253894,2190.672467));
#14554=CARTESIAN_POINT('',(116.75572,474.253894,2190.672467));
#14555=CARTESIAN_POINT('',(125.75572,474.253894,2199.672467));
#14556=CARTESIAN_POINT('',(149.25572,474.253894,2199.672467));
#14557=CARTESIAN_POINT('',(149.257870964013,474.253894,2185.30290146418));
#14558=CARTESIAN_POINT('',(143.409738764687,474.253894,2177.372352));
#14559=CARTESIAN_POINT('',(116.75572,474.253894,2177.372352));
#14560=CARTESIAN_POINT('',(116.75572,454.253894,2190.672467));
#14561=CARTESIAN_POINT('',(125.75572,454.253894,2199.672467));
#14562=CARTESIAN_POINT('',(149.25572,454.253894,2199.672467));
#14563=CARTESIAN_POINT('',(149.257870964013,454.253894,2185.30290146418));
#14564=CARTESIAN_POINT('',(143.409738764687,454.253894,2177.372352));
#14565=CARTESIAN_POINT('',(125.75572,26.2538939999999,2190.672467));
#14566=CARTESIAN_POINT('',(125.75572,6.25389399999987,2190.672467));
#14567=CARTESIAN_POINT('',(116.75572,26.2538939999999,2190.672467));
#14568=CARTESIAN_POINT('',(125.75572,26.2538939999999,2199.672467));
#14569=CARTESIAN_POINT('',(149.25572,26.2538939999999,2199.672467));
#14570=CARTESIAN_POINT('',(149.257870964013,26.2538939999999,2185.30290146418)
);
#14571=CARTESIAN_POINT('',(143.409738764687,26.2538939999999,2177.372352));
#14572=CARTESIAN_POINT('',(116.75572,26.2538939999999,2177.372352));
#14573=CARTESIAN_POINT('',(116.75572,6.25389399999995,2190.672467));
#14574=CARTESIAN_POINT('',(125.75572,6.25389399999995,2199.672467));
#14575=CARTESIAN_POINT('',(149.25572,6.25389399999995,2199.672467));
#14576=CARTESIAN_POINT('',(149.257870964013,6.25389399999995,2185.30290146418)
);
#14577=CARTESIAN_POINT('',(143.409738764687,6.25389399999995,2177.372352));
#14578=CARTESIAN_POINT('',(125.75572,58.2538939999999,2190.672467));
#14579=CARTESIAN_POINT('',(125.75572,38.2538939999999,2190.672467));
#14580=CARTESIAN_POINT('',(116.75572,58.2538939999999,2190.672467));
#14581=CARTESIAN_POINT('',(125.75572,58.2538939999999,2199.672467));
#14582=CARTESIAN_POINT('',(149.25572,58.2538939999999,2199.672467));
#14583=CARTESIAN_POINT('',(149.257870964013,58.2538939999999,2185.30290146418)
);
#14584=CARTESIAN_POINT('',(143.409738764687,58.2538939999999,2177.372352));
#14585=CARTESIAN_POINT('',(116.75572,58.2538939999999,2177.372352));
#14586=CARTESIAN_POINT('',(116.75572,38.2538939999999,2190.672467));
#14587=CARTESIAN_POINT('',(125.75572,38.2538939999999,2199.672467));
#14588=CARTESIAN_POINT('',(149.25572,38.2538939999999,2199.672467));
#14589=CARTESIAN_POINT('',(149.257870964013,38.2538939999999,2185.30290146418)
);
#14590=CARTESIAN_POINT('',(143.409738764687,38.2538939999999,2177.372352));
#14591=CARTESIAN_POINT('',(125.75572,506.253894,2190.672467));
#14592=CARTESIAN_POINT('',(125.75572,486.253894,2190.672467));
#14593=CARTESIAN_POINT('',(116.75572,506.253894,2190.672467));
#14594=CARTESIAN_POINT('',(125.75572,506.253894,2199.672467));
#14595=CARTESIAN_POINT('',(149.25572,506.253894,2199.672467));
#14596=CARTESIAN_POINT('',(149.257870964013,506.253894,2185.30290146418));
#14597=CARTESIAN_POINT('',(143.409738764687,506.253894,2177.372352));
#14598=CARTESIAN_POINT('',(116.75572,506.253894,2177.372352));
#14599=CARTESIAN_POINT('',(116.75572,486.253894,2190.672467));
#14600=CARTESIAN_POINT('',(125.75572,486.253894,2199.672467));
#14601=CARTESIAN_POINT('',(149.25572,486.253894,2199.672467));
#14602=CARTESIAN_POINT('',(149.257870964013,486.253894,2185.30290146418));
#14603=CARTESIAN_POINT('',(143.409738764687,486.253894,2177.372352));
#14604=CARTESIAN_POINT('',(125.75572,90.2538939999999,2190.672467));
#14605=CARTESIAN_POINT('',(125.75572,70.2538939999999,2190.672467));
#14606=CARTESIAN_POINT('',(116.75572,90.2538939999999,2190.672467));
#14607=CARTESIAN_POINT('',(125.75572,90.2538939999999,2199.672467));
#14608=CARTESIAN_POINT('',(149.25572,90.2538939999999,2199.672467));
#14609=CARTESIAN_POINT('',(149.257870964013,90.2538939999999,2185.30290146418)
);
#14610=CARTESIAN_POINT('',(143.409738764687,90.2538939999999,2177.372352));
#14611=CARTESIAN_POINT('',(116.75572,90.2538939999999,2177.372352));
#14612=CARTESIAN_POINT('',(116.75572,70.2538939999999,2190.672467));
#14613=CARTESIAN_POINT('',(125.75572,70.2538939999999,2199.672467));
#14614=CARTESIAN_POINT('',(149.25572,70.2538939999999,2199.672467));
#14615=CARTESIAN_POINT('',(149.257870964013,70.2538939999999,2185.30290146418)
);
#14616=CARTESIAN_POINT('',(143.409738764687,70.2538939999999,2177.372352));
#14617=CARTESIAN_POINT('',(149.257870964013,1050.253894,2185.30290146418));
#14618=CARTESIAN_POINT('',(143.409738764687,1050.253894,2177.372352));
#14619=CARTESIAN_POINT('',(116.75572,1030.253894,2190.672467));
#14620=CARTESIAN_POINT('',(149.257870964013,1030.253894,2185.30290146418));
#14621=CARTESIAN_POINT('',(143.409738764687,1030.253894,2177.372352));
#14622=CARTESIAN_POINT('',(125.75572,122.253894,2190.672467));
#14623=CARTESIAN_POINT('',(125.75572,102.253894,2190.672467));
#14624=CARTESIAN_POINT('',(116.75572,122.253894,2190.672467));
#14625=CARTESIAN_POINT('',(125.75572,122.253894,2199.672467));
#14626=CARTESIAN_POINT('',(149.25572,122.253894,2199.672467));
#14627=CARTESIAN_POINT('',(149.257870964013,122.253894,2185.30290146418));
#14628=CARTESIAN_POINT('',(143.409738764687,122.253894,2177.372352));
#14629=CARTESIAN_POINT('',(116.75572,122.253894,2177.372352));
#14630=CARTESIAN_POINT('',(116.75572,102.253894,2190.672467));
#14631=CARTESIAN_POINT('',(125.75572,102.253894,2199.672467));
#14632=CARTESIAN_POINT('',(149.25572,102.253894,2199.672467));
#14633=CARTESIAN_POINT('',(149.257870964013,102.253894,2185.30290146418));
#14634=CARTESIAN_POINT('',(143.409738764687,102.253894,2177.372352));
#14635=CARTESIAN_POINT('',(125.75572,538.253894,2190.672467));
#14636=CARTESIAN_POINT('',(125.75572,518.253894,2190.672467));
#14637=CARTESIAN_POINT('',(116.75572,538.253894,2190.672467));
#14638=CARTESIAN_POINT('',(125.75572,538.253894,2199.672467));
#14639=CARTESIAN_POINT('',(149.25572,538.253894,2199.672467));
#14640=CARTESIAN_POINT('',(149.257870964013,538.253894,2185.30290146418));
#14641=CARTESIAN_POINT('',(143.409738764687,538.253894,2177.372352));
#14642=CARTESIAN_POINT('',(116.75572,538.253894,2177.372352));
#14643=CARTESIAN_POINT('',(116.75572,518.253894,2190.672467));
#14644=CARTESIAN_POINT('',(125.75572,518.253894,2199.672467));
#14645=CARTESIAN_POINT('',(149.25572,518.253894,2199.672467));
#14646=CARTESIAN_POINT('',(149.257870964013,518.253894,2185.30290146418));
#14647=CARTESIAN_POINT('',(143.409738764687,518.253894,2177.372352));
#14648=CARTESIAN_POINT('',(125.75572,154.253894,2190.672467));
#14649=CARTESIAN_POINT('',(125.75572,134.253894,2190.672467));
#14650=CARTESIAN_POINT('',(116.75572,154.253894,2190.672467));
#14651=CARTESIAN_POINT('',(125.75572,154.253894,2199.672467));
#14652=CARTESIAN_POINT('',(149.25572,154.253894,2199.672467));
#14653=CARTESIAN_POINT('',(149.257870964013,154.253894,2185.30290146418));
#14654=CARTESIAN_POINT('',(143.409738764687,154.253894,2177.372352));
#14655=CARTESIAN_POINT('',(116.75572,154.253894,2177.372352));
#14656=CARTESIAN_POINT('',(116.75572,134.253894,2190.672467));
#14657=CARTESIAN_POINT('',(125.75572,134.253894,2199.672467));
#14658=CARTESIAN_POINT('',(149.25572,134.253894,2199.672467));
#14659=CARTESIAN_POINT('',(149.257870964013,134.253894,2185.30290146418));
#14660=CARTESIAN_POINT('',(143.409738764687,134.253894,2177.372352));
#14661=CARTESIAN_POINT('',(125.75572,186.253894,2190.672467));
#14662=CARTESIAN_POINT('',(125.75572,166.253894,2190.672467));
#14663=CARTESIAN_POINT('',(116.75572,186.253894,2190.672467));
#14664=CARTESIAN_POINT('',(125.75572,186.253894,2199.672467));
#14665=CARTESIAN_POINT('',(149.25572,186.253894,2199.672467));
#14666=CARTESIAN_POINT('',(149.257870964013,186.253894,2185.30290146418));
#14667=CARTESIAN_POINT('',(143.409738764687,186.253894,2177.372352));
#14668=CARTESIAN_POINT('',(116.75572,186.253894,2177.372352));
#14669=CARTESIAN_POINT('',(116.75572,166.253894,2190.672467));
#14670=CARTESIAN_POINT('',(125.75572,166.253894,2199.672467));
#14671=CARTESIAN_POINT('',(149.25572,166.253894,2199.672467));
#14672=CARTESIAN_POINT('',(149.257870964013,166.253894,2185.30290146418));
#14673=CARTESIAN_POINT('',(143.409738764687,166.253894,2177.372352));
#14674=CARTESIAN_POINT('',(125.75572,570.253894,2190.672467));
#14675=CARTESIAN_POINT('',(125.75572,550.253894,2190.672467));
#14676=CARTESIAN_POINT('',(116.75572,570.253894,2190.672467));
#14677=CARTESIAN_POINT('',(125.75572,570.253894,2199.672467));
#14678=CARTESIAN_POINT('',(149.25572,570.253894,2199.672467));
#14679=CARTESIAN_POINT('',(149.257870964013,570.253894,2185.30290146418));
#14680=CARTESIAN_POINT('',(143.409738764687,570.253894,2177.372352));
#14681=CARTESIAN_POINT('',(116.75572,570.253894,2177.372352));
#14682=CARTESIAN_POINT('',(116.75572,550.253894,2190.672467));
#14683=CARTESIAN_POINT('',(125.75572,550.253894,2199.672467));
#14684=CARTESIAN_POINT('',(149.25572,550.253894,2199.672467));
#14685=CARTESIAN_POINT('',(149.257870964013,550.253894,2185.30290146418));
#14686=CARTESIAN_POINT('',(143.409738764687,550.253894,2177.372352));
#14687=CARTESIAN_POINT('',(125.75572,218.253894,2190.672467));
#14688=CARTESIAN_POINT('',(125.75572,198.253894,2190.672467));
#14689=CARTESIAN_POINT('',(116.75572,218.253894,2190.672467));
#14690=CARTESIAN_POINT('',(125.75572,218.253894,2199.672467));
#14691=CARTESIAN_POINT('',(149.25572,218.253894,2199.672467));
#14692=CARTESIAN_POINT('',(149.257870964013,218.253894,2185.30290146418));
#14693=CARTESIAN_POINT('',(143.409738764687,218.253894,2177.372352));
#14694=CARTESIAN_POINT('',(116.75572,218.253894,2177.372352));
#14695=CARTESIAN_POINT('',(116.75572,198.253894,2190.672467));
#14696=CARTESIAN_POINT('',(125.75572,198.253894,2199.672467));
#14697=CARTESIAN_POINT('',(149.25572,198.253894,2199.672467));
#14698=CARTESIAN_POINT('',(149.257870964013,198.253894,2185.30290146418));
#14699=CARTESIAN_POINT('',(143.409738764687,198.253894,2177.372352));
#14700=CARTESIAN_POINT('',(149.257870964013,1082.253894,2185.30290146418));
#14701=CARTESIAN_POINT('',(143.409738764687,1082.253894,2177.372352));
#14702=CARTESIAN_POINT('',(116.75572,1062.253894,2190.672467));
#14703=CARTESIAN_POINT('',(149.257870964013,1062.253894,2185.30290146418));
#14704=CARTESIAN_POINT('',(143.409738764687,1062.253894,2177.372352));
#14705=CARTESIAN_POINT('',(125.75572,250.253894,2190.672467));
#14706=CARTESIAN_POINT('',(125.75572,230.253894,2190.672467));
#14707=CARTESIAN_POINT('',(116.75572,250.253894,2190.672467));
#14708=CARTESIAN_POINT('',(125.75572,250.253894,2199.672467));
#14709=CARTESIAN_POINT('',(149.25572,250.253894,2199.672467));
#14710=CARTESIAN_POINT('',(149.257870964013,250.253894,2185.30290146418));
#14711=CARTESIAN_POINT('',(143.409738764687,250.253894,2177.372352));
#14712=CARTESIAN_POINT('',(116.75572,250.253894,2177.372352));
#14713=CARTESIAN_POINT('',(116.75572,230.253894,2190.672467));
#14714=CARTESIAN_POINT('',(125.75572,230.253894,2199.672467));
#14715=CARTESIAN_POINT('',(149.25572,230.253894,2199.672467));
#14716=CARTESIAN_POINT('',(149.257870964013,230.253894,2185.30290146418));
#14717=CARTESIAN_POINT('',(143.409738764687,230.253894,2177.372352));
#14718=CARTESIAN_POINT('',(125.75572,602.253894,2190.672467));
#14719=CARTESIAN_POINT('',(125.75572,582.253894,2190.672467));
#14720=CARTESIAN_POINT('',(116.75572,602.253894,2190.672467));
#14721=CARTESIAN_POINT('',(125.75572,602.253894,2199.672467));
#14722=CARTESIAN_POINT('',(149.25572,602.253894,2199.672467));
#14723=CARTESIAN_POINT('',(149.257870964013,602.253894,2185.30290146418));
#14724=CARTESIAN_POINT('',(143.409738764687,602.253894,2177.372352));
#14725=CARTESIAN_POINT('',(116.75572,602.253894,2177.372352));
#14726=CARTESIAN_POINT('',(116.75572,582.253894,2190.672467));
#14727=CARTESIAN_POINT('',(125.75572,582.253894,2199.672467));
#14728=CARTESIAN_POINT('',(149.25572,582.253894,2199.672467));
#14729=CARTESIAN_POINT('',(149.257870964013,582.253894,2185.30290146418));
#14730=CARTESIAN_POINT('',(143.409738764687,582.253894,2177.372352));
#14731=CARTESIAN_POINT('',(125.75572,282.253894,2190.672467));
#14732=CARTESIAN_POINT('',(125.75572,262.253894,2190.672467));
#14733=CARTESIAN_POINT('',(116.75572,282.253894,2190.672467));
#14734=CARTESIAN_POINT('',(125.75572,282.253894,2199.672467));
#14735=CARTESIAN_POINT('',(149.25572,282.253894,2199.672467));
#14736=CARTESIAN_POINT('',(149.257870964013,282.253894,2185.30290146418));
#14737=CARTESIAN_POINT('',(143.409738764687,282.253894,2177.372352));
#14738=CARTESIAN_POINT('',(116.75572,282.253894,2177.372352));
#14739=CARTESIAN_POINT('',(116.75572,262.253894,2190.672467));
#14740=CARTESIAN_POINT('',(125.75572,262.253894,2199.672467));
#14741=CARTESIAN_POINT('',(149.25572,262.253894,2199.672467));
#14742=CARTESIAN_POINT('',(149.257870964013,262.253894,2185.30290146418));
#14743=CARTESIAN_POINT('',(143.409738764687,262.253894,2177.372352));
#14744=CARTESIAN_POINT('',(125.75572,634.253894,2190.672467));
#14745=CARTESIAN_POINT('',(125.75572,614.253894,2190.672467));
#14746=CARTESIAN_POINT('',(116.75572,634.253894,2190.672467));
#14747=CARTESIAN_POINT('',(125.75572,634.253894,2199.672467));
#14748=CARTESIAN_POINT('',(149.25572,634.253894,2199.672467));
#14749=CARTESIAN_POINT('',(149.257870964013,634.253894,2185.30290146418));
#14750=CARTESIAN_POINT('',(143.409738764687,634.253894,2177.372352));
#14751=CARTESIAN_POINT('',(116.75572,634.253894,2177.372352));
#14752=CARTESIAN_POINT('',(116.75572,614.253894,2190.672467));
#14753=CARTESIAN_POINT('',(125.75572,614.253894,2199.672467));
#14754=CARTESIAN_POINT('',(149.25572,614.253894,2199.672467));
#14755=CARTESIAN_POINT('',(149.257870964013,614.253894,2185.30290146418));
#14756=CARTESIAN_POINT('',(143.409738764687,614.253894,2177.372352));
#14757=CARTESIAN_POINT('',(149.257870964013,1114.253894,2185.30290146418));
#14758=CARTESIAN_POINT('',(143.409738764687,1114.253894,2177.372352));
#14759=CARTESIAN_POINT('',(116.75572,1094.253894,2190.672467));
#14760=CARTESIAN_POINT('',(149.257870964013,1094.253894,2185.30290146418));
#14761=CARTESIAN_POINT('',(143.409738764687,1094.253894,2177.372352));
#14762=CARTESIAN_POINT('',(125.75572,666.253894,2190.672467));
#14763=CARTESIAN_POINT('',(125.75572,646.253894,2190.672467));
#14764=CARTESIAN_POINT('',(116.75572,666.253894,2190.672467));
#14765=CARTESIAN_POINT('',(125.75572,666.253894,2199.672467));
#14766=CARTESIAN_POINT('',(149.25572,666.253894,2199.672467));
#14767=CARTESIAN_POINT('',(149.257870964013,666.253894,2185.30290146418));
#14768=CARTESIAN_POINT('',(143.409738764687,666.253894,2177.372352));
#14769=CARTESIAN_POINT('',(116.75572,666.253894,2177.372352));
#14770=CARTESIAN_POINT('',(116.75572,646.253894,2190.672467));
#14771=CARTESIAN_POINT('',(125.75572,646.253894,2199.672467));
#14772=CARTESIAN_POINT('',(149.25572,646.253894,2199.672467));
#14773=CARTESIAN_POINT('',(149.257870964013,646.253894,2185.30290146418));
#14774=CARTESIAN_POINT('',(143.409738764687,646.253894,2177.372352));
#14775=CARTESIAN_POINT('',(125.75572,698.253894,2190.672467));
#14776=CARTESIAN_POINT('',(125.75572,678.253894,2190.672467));
#14777=CARTESIAN_POINT('',(116.75572,698.253894,2190.672467));
#14778=CARTESIAN_POINT('',(125.75572,698.253894,2199.672467));
#14779=CARTESIAN_POINT('',(149.25572,698.253894,2199.672467));
#14780=CARTESIAN_POINT('',(149.257870964013,698.253894,2185.30290146418));
#14781=CARTESIAN_POINT('',(143.409738764687,698.253894,2177.372352));
#14782=CARTESIAN_POINT('',(116.75572,698.253894,2177.372352));
#14783=CARTESIAN_POINT('',(116.75572,678.253894,2190.672467));
#14784=CARTESIAN_POINT('',(125.75572,678.253894,2199.672467));
#14785=CARTESIAN_POINT('',(149.25572,678.253894,2199.672467));
#14786=CARTESIAN_POINT('',(149.257870964013,678.253894,2185.30290146418));
#14787=CARTESIAN_POINT('',(143.409738764687,678.253894,2177.372352));
#14788=CARTESIAN_POINT('',(149.257870964013,1146.253894,2185.30290146418));
#14789=CARTESIAN_POINT('',(143.409738764687,1146.253894,2177.372352));
#14790=CARTESIAN_POINT('',(116.75572,1126.253894,2190.672467));
#14791=CARTESIAN_POINT('',(149.257870964013,1126.253894,2185.30290146418));
#14792=CARTESIAN_POINT('',(143.409738764687,1126.253894,2177.372352));
#14793=CARTESIAN_POINT('',(125.75572,730.253894,2190.672467));
#14794=CARTESIAN_POINT('',(125.75572,710.253894,2190.672467));
#14795=CARTESIAN_POINT('',(116.75572,730.253894,2190.672467));
#14796=CARTESIAN_POINT('',(125.75572,730.253894,2199.672467));
#14797=CARTESIAN_POINT('',(149.25572,730.253894,2199.672467));
#14798=CARTESIAN_POINT('',(149.257870964013,730.253894,2185.30290146418));
#14799=CARTESIAN_POINT('',(143.409738764687,730.253894,2177.372352));
#14800=CARTESIAN_POINT('',(116.75572,730.253894,2177.372352));
#14801=CARTESIAN_POINT('',(116.75572,710.253894,2190.672467));
#14802=CARTESIAN_POINT('',(125.75572,710.253894,2199.672467));
#14803=CARTESIAN_POINT('',(149.25572,710.253894,2199.672467));
#14804=CARTESIAN_POINT('',(149.257870964013,710.253894,2185.30290146418));
#14805=CARTESIAN_POINT('',(143.409738764687,710.253894,2177.372352));
#14806=CARTESIAN_POINT('',(125.75572,762.253894,2190.672467));
#14807=CARTESIAN_POINT('',(125.75572,742.253894,2190.672467));
#14808=CARTESIAN_POINT('',(116.75572,762.253894,2190.672467));
#14809=CARTESIAN_POINT('',(125.75572,762.253894,2199.672467));
#14810=CARTESIAN_POINT('',(149.25572,762.253894,2199.672467));
#14811=CARTESIAN_POINT('',(149.257870964013,762.253894,2185.30290146418));
#14812=CARTESIAN_POINT('',(143.409738764687,762.253894,2177.372352));
#14813=CARTESIAN_POINT('',(116.75572,762.253894,2177.372352));
#14814=CARTESIAN_POINT('',(116.75572,742.253894,2190.672467));
#14815=CARTESIAN_POINT('',(125.75572,742.253894,2199.672467));
#14816=CARTESIAN_POINT('',(149.25572,742.253894,2199.672467));
#14817=CARTESIAN_POINT('',(149.257870964013,742.253894,2185.30290146418));
#14818=CARTESIAN_POINT('',(143.409738764687,742.253894,2177.372352));
#14819=CARTESIAN_POINT('',(149.257870964013,1178.253894,2185.30290146418));
#14820=CARTESIAN_POINT('',(143.409738764687,1178.253894,2177.372352));
#14821=CARTESIAN_POINT('',(116.75572,1158.253894,2190.672467));
#14822=CARTESIAN_POINT('',(149.257870964013,1158.253894,2185.30290146418));
#14823=CARTESIAN_POINT('',(143.409738764687,1158.253894,2177.372352));
#14824=CARTESIAN_POINT('',(125.75572,794.253894,2190.672467));
#14825=CARTESIAN_POINT('',(125.75572,774.253894,2190.672467));
#14826=CARTESIAN_POINT('',(116.75572,794.253894,2190.672467));
#14827=CARTESIAN_POINT('',(125.75572,794.253894,2199.672467));
#14828=CARTESIAN_POINT('',(149.25572,794.253894,2199.672467));
#14829=CARTESIAN_POINT('',(149.257870964013,794.253894,2185.30290146418));
#14830=CARTESIAN_POINT('',(143.409738764687,794.253894,2177.372352));
#14831=CARTESIAN_POINT('',(116.75572,794.253894,2177.372352));
#14832=CARTESIAN_POINT('',(116.75572,774.253894,2190.672467));
#14833=CARTESIAN_POINT('',(125.75572,774.253894,2199.672467));
#14834=CARTESIAN_POINT('',(149.25572,774.253894,2199.672467));
#14835=CARTESIAN_POINT('',(149.257870964013,774.253894,2185.30290146418));
#14836=CARTESIAN_POINT('',(143.409738764687,774.253894,2177.372352));
#14837=CARTESIAN_POINT('',(125.75572,826.253894,2190.672467));
#14838=CARTESIAN_POINT('',(125.75572,806.253894,2190.672467));
#14839=CARTESIAN_POINT('',(116.75572,826.253894,2190.672467));
#14840=CARTESIAN_POINT('',(125.75572,826.253894,2199.672467));
#14841=CARTESIAN_POINT('',(149.25572,826.253894,2199.672467));
#14842=CARTESIAN_POINT('',(149.257870964013,826.253894,2185.30290146418));
#14843=CARTESIAN_POINT('',(143.409738764687,826.253894,2177.372352));
#14844=CARTESIAN_POINT('',(116.75572,826.253894,2177.372352));
#14845=CARTESIAN_POINT('',(116.75572,806.253894,2190.672467));
#14846=CARTESIAN_POINT('',(125.75572,806.253894,2199.672467));
#14847=CARTESIAN_POINT('',(149.25572,806.253894,2199.672467));
#14848=CARTESIAN_POINT('',(149.257870964013,806.253894,2185.30290146418));
#14849=CARTESIAN_POINT('',(143.409738764687,806.253894,2177.372352));
#14850=CARTESIAN_POINT('',(149.257870964013,1210.253894,2185.30290146418));
#14851=CARTESIAN_POINT('',(143.409738764687,1210.253894,2177.372352));
#14852=CARTESIAN_POINT('',(116.75572,1190.253894,2190.672467));
#14853=CARTESIAN_POINT('',(149.257870964013,1190.253894,2185.30290146418));
#14854=CARTESIAN_POINT('',(143.409738764687,1190.253894,2177.372352));
#14855=CARTESIAN_POINT('',(125.75572,858.253894,2190.672467));
#14856=CARTESIAN_POINT('',(125.75572,838.253894,2190.672467));
#14857=CARTESIAN_POINT('',(116.75572,858.253894,2190.672467));
#14858=CARTESIAN_POINT('',(125.75572,858.253894,2199.672467));
#14859=CARTESIAN_POINT('',(149.25572,858.253894,2199.672467));
#14860=CARTESIAN_POINT('',(149.257870964013,858.253894,2185.30290146418));
#14861=CARTESIAN_POINT('',(143.409738764687,858.253894,2177.372352));
#14862=CARTESIAN_POINT('',(116.75572,858.253894,2177.372352));
#14863=CARTESIAN_POINT('',(116.75572,838.253894,2190.672467));
#14864=CARTESIAN_POINT('',(125.75572,838.253894,2199.672467));
#14865=CARTESIAN_POINT('',(149.25572,838.253894,2199.672467));
#14866=CARTESIAN_POINT('',(149.257870964013,838.253894,2185.30290146418));
#14867=CARTESIAN_POINT('',(143.409738764687,838.253894,2177.372352));
#14868=CARTESIAN_POINT('',(125.75572,890.253894,2190.672467));
#14869=CARTESIAN_POINT('',(125.75572,870.253894,2190.672467));
#14870=CARTESIAN_POINT('',(116.75572,890.253894,2190.672467));
#14871=CARTESIAN_POINT('',(125.75572,890.253894,2199.672467));
#14872=CARTESIAN_POINT('',(149.25572,890.253894,2199.672467));
#14873=CARTESIAN_POINT('',(149.257870964013,890.253894,2185.30290146418));
#14874=CARTESIAN_POINT('',(143.409738764687,890.253894,2177.372352));
#14875=CARTESIAN_POINT('',(116.75572,890.253894,2177.372352));
#14876=CARTESIAN_POINT('',(116.75572,870.253894,2190.672467));
#14877=CARTESIAN_POINT('',(125.75572,870.253894,2199.672467));
#14878=CARTESIAN_POINT('',(149.25572,870.253894,2199.672467));
#14879=CARTESIAN_POINT('',(149.257870964013,870.253894,2185.30290146418));
#14880=CARTESIAN_POINT('',(143.409738764687,870.253894,2177.372352));
#14881=CARTESIAN_POINT('',(149.257870964013,1242.253894,2185.30290146418));
#14882=CARTESIAN_POINT('',(143.409738764687,1242.253894,2177.372352));
#14883=CARTESIAN_POINT('',(116.75572,1222.253894,2190.672467));
#14884=CARTESIAN_POINT('',(149.257870964013,1222.253894,2185.30290146418));
#14885=CARTESIAN_POINT('',(143.409738764687,1222.253894,2177.372352));
#14886=CARTESIAN_POINT('',(125.75572,922.253894,2190.672467));
#14887=CARTESIAN_POINT('',(125.75572,902.253894,2190.672467));
#14888=CARTESIAN_POINT('',(116.75572,922.253894,2190.672467));
#14889=CARTESIAN_POINT('',(125.75572,922.253894,2199.672467));
#14890=CARTESIAN_POINT('',(149.25572,922.253894,2199.672467));
#14891=CARTESIAN_POINT('',(149.257870964013,922.253894,2185.30290146418));
#14892=CARTESIAN_POINT('',(143.409738764687,922.253894,2177.372352));
#14893=CARTESIAN_POINT('',(116.75572,922.253894,2177.372352));
#14894=CARTESIAN_POINT('',(116.75572,902.253894,2190.672467));
#14895=CARTESIAN_POINT('',(125.75572,902.253894,2199.672467));
#14896=CARTESIAN_POINT('',(149.25572,902.253894,2199.672467));
#14897=CARTESIAN_POINT('',(149.257870964013,902.253894,2185.30290146418));
#14898=CARTESIAN_POINT('',(143.409738764687,902.253894,2177.372352));
#14899=CARTESIAN_POINT('',(149.257870964013,1274.253894,2185.30290146418));
#14900=CARTESIAN_POINT('',(143.409738764687,1274.253894,2177.372352));
#14901=CARTESIAN_POINT('',(116.75572,1254.253894,2190.672467));
#14902=CARTESIAN_POINT('',(149.257870964013,1254.253894,2185.30290146418));
#14903=CARTESIAN_POINT('',(143.409738764687,1254.253894,2177.372352));
#14904=CARTESIAN_POINT('',(149.257870964013,1306.253894,2185.30290146418));
#14905=CARTESIAN_POINT('',(143.409738764687,1306.253894,2177.372352));
#14906=CARTESIAN_POINT('',(116.75572,1286.253894,2190.672467));
#14907=CARTESIAN_POINT('',(149.257870964013,1286.253894,2185.30290146418));
#14908=CARTESIAN_POINT('',(143.409738764687,1286.253894,2177.372352));
#14909=CARTESIAN_POINT('',(149.257870964013,1338.253894,2185.30290146418));
#14910=CARTESIAN_POINT('',(143.409738764687,1338.253894,2177.372352));
#14911=CARTESIAN_POINT('',(116.75572,1318.253894,2190.672467));
#14912=CARTESIAN_POINT('',(149.257870964013,1318.253894,2185.30290146418));
#14913=CARTESIAN_POINT('',(143.409738764687,1318.253894,2177.372352));
#14914=CARTESIAN_POINT('',(149.257870964013,1370.253894,2185.30290146418));
#14915=CARTESIAN_POINT('',(143.409738764687,1370.253894,2177.372352));
#14916=CARTESIAN_POINT('',(116.75572,1350.253894,2190.672467));
#14917=CARTESIAN_POINT('',(149.257870964013,1350.253894,2185.30290146418));
#14918=CARTESIAN_POINT('',(143.409738764687,1350.253894,2177.372352));
#14919=CARTESIAN_POINT('',(149.257870964013,1402.253894,2185.30290146418));
#14920=CARTESIAN_POINT('',(143.409738764687,1402.253894,2177.372352));
#14921=CARTESIAN_POINT('',(116.75572,1382.253894,2190.672467));
#14922=CARTESIAN_POINT('',(149.257870964013,1382.253894,2185.30290146418));
#14923=CARTESIAN_POINT('',(143.409738764687,1382.253894,2177.372352));
#14924=CARTESIAN_POINT('',(149.257870964013,1434.253894,2185.30290146418));
#14925=CARTESIAN_POINT('',(143.409738764687,1434.253894,2177.372352));
#14926=CARTESIAN_POINT('',(116.75572,1414.253894,2190.672467));
#14927=CARTESIAN_POINT('',(149.257870964013,1414.253894,2185.30290146418));
#14928=CARTESIAN_POINT('',(143.409738764687,1414.253894,2177.372352));
#14929=CARTESIAN_POINT('',(149.257870964013,1466.253894,2185.30290146418));
#14930=CARTESIAN_POINT('',(143.409738764687,1466.253894,2177.372352));
#14931=CARTESIAN_POINT('',(116.75572,1446.253894,2190.672467));
#14932=CARTESIAN_POINT('',(149.257870964013,1446.253894,2185.30290146418));
#14933=CARTESIAN_POINT('',(143.409738764687,1446.253894,2177.372352));
#14934=CARTESIAN_POINT('',(149.257870964013,1498.253894,2185.30290146418));
#14935=CARTESIAN_POINT('',(143.409738764687,1498.253894,2177.372352));
#14936=CARTESIAN_POINT('',(116.75572,1478.253894,2190.672467));
#14937=CARTESIAN_POINT('',(149.257870964013,1478.253894,2185.30290146418));
#14938=CARTESIAN_POINT('',(143.409738764687,1478.253894,2177.372352));
#14939=CARTESIAN_POINT('',(149.257870964013,1530.253894,2185.30290146418));
#14940=CARTESIAN_POINT('',(143.409738764687,1530.253894,2177.372352));
#14941=CARTESIAN_POINT('',(116.75572,1510.253894,2190.672467));
#14942=CARTESIAN_POINT('',(149.257870964013,1510.253894,2185.30290146418));
#14943=CARTESIAN_POINT('',(143.409738764687,1510.253894,2177.372352));
#14944=CARTESIAN_POINT('',(149.257870964013,1562.253894,2185.30290146418));
#14945=CARTESIAN_POINT('',(143.409738764687,1562.253894,2177.372352));
#14946=CARTESIAN_POINT('',(116.75572,1542.253894,2190.672467));
#14947=CARTESIAN_POINT('',(149.257870964013,1542.253894,2185.30290146418));
#14948=CARTESIAN_POINT('',(143.409738764687,1542.253894,2177.372352));
#14949=CARTESIAN_POINT('',(149.257870964013,1594.253894,2185.30290146418));
#14950=CARTESIAN_POINT('',(143.409738764687,1594.253894,2177.372352));
#14951=CARTESIAN_POINT('',(116.75572,1574.253894,2190.672467));
#14952=CARTESIAN_POINT('',(149.257870964013,1574.253894,2185.30290146418));
#14953=CARTESIAN_POINT('',(143.409738764687,1574.253894,2177.372352));
#14954=CARTESIAN_POINT('',(149.257870964013,1622.253894,2185.30290146418));
#14955=CARTESIAN_POINT('',(143.409738764687,1622.253894,2177.372352));
#14956=CARTESIAN_POINT('',(116.75572,1606.253894,2190.672467));
#14957=CARTESIAN_POINT('',(149.257870964013,1606.253894,2185.30290146418));
#14958=CARTESIAN_POINT('',(143.409738764687,1606.253894,2177.372352));
#14959=CARTESIAN_POINT('',(125.75572,1606.253894,2190.672467));
#14960=CARTESIAN_POINT('',(125.75572,1594.253894,2190.672467));
#14961=CARTESIAN_POINT('',(125.75572,1574.253894,2190.672467));
#14962=CARTESIAN_POINT('',(125.75572,1562.253894,2190.672467));
#14963=CARTESIAN_POINT('',(125.75572,1542.253894,2190.672467));
#14964=CARTESIAN_POINT('',(125.75572,1530.253894,2190.672467));
#14965=CARTESIAN_POINT('',(125.75572,1510.253894,2190.672467));
#14966=CARTESIAN_POINT('',(125.75572,1498.253894,2190.672467));
#14967=CARTESIAN_POINT('',(125.75572,1478.253894,2190.672467));
#14968=CARTESIAN_POINT('',(125.75572,1466.253894,2190.672467));
#14969=CARTESIAN_POINT('',(125.75572,1446.253894,2190.672467));
#14970=CARTESIAN_POINT('',(125.75572,1434.253894,2190.672467));
#14971=CARTESIAN_POINT('',(125.75572,1414.253894,2190.672467));
#14972=CARTESIAN_POINT('',(125.75572,1402.253894,2190.672467));
#14973=CARTESIAN_POINT('',(125.75572,1382.253894,2190.672467));
#14974=CARTESIAN_POINT('',(125.75572,1370.253894,2190.672467));
#14975=CARTESIAN_POINT('',(125.75572,1350.253894,2190.672467));
#14976=CARTESIAN_POINT('',(125.75572,1338.253894,2190.672467));
#14977=CARTESIAN_POINT('',(125.75572,1318.253894,2190.672467));
#14978=CARTESIAN_POINT('',(125.75572,1306.253894,2190.672467));
#14979=CARTESIAN_POINT('',(125.75572,1286.253894,2190.672467));
#14980=CARTESIAN_POINT('',(125.75572,1274.253894,2190.672467));
#14981=CARTESIAN_POINT('',(125.75572,1254.253894,2190.672467));
#14982=CARTESIAN_POINT('',(125.75572,1242.253894,2190.672467));
#14983=CARTESIAN_POINT('',(125.75572,1222.253894,2190.672467));
#14984=CARTESIAN_POINT('',(125.75572,1210.253894,2190.672467));
#14985=CARTESIAN_POINT('',(125.75572,1190.253894,2190.672467));
#14986=CARTESIAN_POINT('',(125.75572,1178.253894,2190.672467));
#14987=CARTESIAN_POINT('',(125.75572,1158.253894,2190.672467));
#14988=CARTESIAN_POINT('',(125.75572,1146.253894,2190.672467));
#14989=CARTESIAN_POINT('',(125.75572,1126.253894,2190.672467));
#14990=CARTESIAN_POINT('',(125.75572,1114.253894,2190.672467));
#14991=CARTESIAN_POINT('',(125.75572,1094.253894,2190.672467));
#14992=CARTESIAN_POINT('',(125.75572,1082.253894,2190.672467));
#14993=CARTESIAN_POINT('',(125.75572,1062.253894,2190.672467));
#14994=CARTESIAN_POINT('',(125.75572,1050.253894,2190.672467));
#14995=CARTESIAN_POINT('',(125.75572,1030.253894,2190.672467));
#14996=CARTESIAN_POINT('',(125.75572,1018.253894,2190.672467));
#14997=CARTESIAN_POINT('',(125.75572,998.253894,2190.672467));
#14998=CARTESIAN_POINT('',(125.75572,986.253894,2190.672467));
#14999=CARTESIAN_POINT('',(125.75572,966.253894,2190.672467));
#15000=CARTESIAN_POINT('',(125.75572,954.253894,2190.672467));
#15001=CARTESIAN_POINT('',(125.75572,934.253894,2190.672467));
#15002=CARTESIAN_POINT('',(125.75572,314.253894,2190.672467));
#15003=CARTESIAN_POINT('',(125.75572,294.253894,2190.672467));
#15004=CARTESIAN_POINT('',(125.75572,-325.746106,2190.672467));
#15005=CARTESIAN_POINT('',(125.75572,-345.746106,2190.672467));
#15006=CARTESIAN_POINT('',(125.75572,-357.746106,2190.672467));
#15007=CARTESIAN_POINT('',(285.128866000007,1622.253894,2241.46741099998));
#15008=CARTESIAN_POINT('',(292.128866000007,1622.253894,2241.46741099998));
#15009=CARTESIAN_POINT('',(292.128866000007,1622.253894,2249.49999999998));
#15010=CARTESIAN_POINT('',(264.187403083712,1622.253894,2249.49999999998));
#15011=CARTESIAN_POINT('',(259.124638000007,1622.253894,2240.79204499998));
#15012=CARTESIAN_POINT('',(155.673919000007,1622.253894,2238.82265899998));
#15013=CARTESIAN_POINT('',(103.080454000007,1622.253894,2192.7706874374));
#15014=CARTESIAN_POINT('',(103.080454000007,1622.253894,2163.41658899998));
#15015=CARTESIAN_POINT('',(111.477366000007,1622.253894,2163.41658899998));
#15016=CARTESIAN_POINT('',(116.755720000007,1622.253894,2169.92246699998));
#15017=CARTESIAN_POINT('',(116.755720000007,1622.253894,2177.37235199998));
#15018=CARTESIAN_POINT('',(116.755720000007,1622.253894,2177.37235199998));
#15019=CARTESIAN_POINT('',(116.755720000007,1622.253894,2177.37235199998));
#15020=CARTESIAN_POINT('',(116.755720000007,1622.253894,2177.37235199998));
#15021=CARTESIAN_POINT('',(116.755720000007,1622.253894,2177.37235199998));
#15022=CARTESIAN_POINT('',(116.755720000007,1622.253894,2177.37235199998));
#15023=CARTESIAN_POINT('',(116.755720000007,1622.253894,2177.37235199998));
#15024=CARTESIAN_POINT('',(116.755720000007,1622.253894,2177.37235199998));
#15025=CARTESIAN_POINT('',(116.755720000007,1622.253894,2177.37235199998));
#15026=CARTESIAN_POINT('',(116.755720000007,1622.253894,2177.37235199998));
#15027=CARTESIAN_POINT('',(116.755720000007,1622.253894,2177.37235199998));
#15028=CARTESIAN_POINT('',(116.755720000007,1622.253894,2177.37235199998));
#15029=CARTESIAN_POINT('',(116.755720000007,1622.253894,2177.37235199998));
#15030=CARTESIAN_POINT('',(116.755720000007,1622.253894,2177.37235199998));
#15031=CARTESIAN_POINT('',(116.755720000007,1622.253894,2177.37235199998));
#15032=CARTESIAN_POINT('',(116.755720000007,1622.253894,2177.37235199998));
#15033=CARTESIAN_POINT('',(116.755720000007,1622.253894,2177.37235199998));
#15034=CARTESIAN_POINT('',(116.755720000007,1622.253894,2177.37235199998));
#15035=CARTESIAN_POINT('',(116.755720000007,1622.253894,2177.37235199998));
#15036=CARTESIAN_POINT('',(116.755720000007,1622.253894,2177.37235199998));
#15037=CARTESIAN_POINT('',(116.755720000007,1622.253894,2177.37235199998));
#15038=CARTESIAN_POINT('',(116.755720000007,1622.253894,2177.37235199998));
#15039=CARTESIAN_POINT('',(116.755720000007,1622.253894,2177.37235199998));
#15040=CARTESIAN_POINT('',(116.755720000007,1622.253894,2177.37235199998));
#15041=CARTESIAN_POINT('',(116.755720000007,1622.253894,2177.37235199998));
#15042=CARTESIAN_POINT('',(116.755720000007,1622.253894,2177.37235199998));
#15043=CARTESIAN_POINT('',(116.755720000007,1622.253894,2177.37235199998));
#15044=CARTESIAN_POINT('',(116.755720000007,1622.253894,2177.37235199998));
#15045=CARTESIAN_POINT('',(116.755720000007,1622.253894,2177.37235199998));
#15046=CARTESIAN_POINT('',(116.755720000007,1622.253894,2177.37235199998));
#15047=CARTESIAN_POINT('',(116.755720000007,1622.253894,2177.37235199998));
#15048=CARTESIAN_POINT('',(116.755720000007,1622.253894,2177.37235199998));
#15049=CARTESIAN_POINT('',(116.755720000007,1622.253894,2177.37235199998));
#15050=CARTESIAN_POINT('',(116.755720000007,1622.253894,2177.37235199998));
#15051=CARTESIAN_POINT('',(116.755720000007,1622.253894,2177.37235199998));
#15052=CARTESIAN_POINT('',(116.755720000007,1622.253894,2177.37235199998));
#15053=CARTESIAN_POINT('',(116.755720000007,1622.253894,2177.37235199998));
#15054=CARTESIAN_POINT('',(116.755720000007,1622.253894,2177.37235199998));
#15055=CARTESIAN_POINT('',(116.755720000007,1622.253894,2177.37235199998));
#15056=CARTESIAN_POINT('',(116.755720000007,1622.253894,2177.37235199998));
#15057=CARTESIAN_POINT('',(116.755720000007,1622.253894,2177.37235199998));
#15058=CARTESIAN_POINT('',(116.755720000007,1622.253894,2177.37235199998));
#15059=CARTESIAN_POINT('',(116.755720000007,1622.253894,2177.37235199998));
#15060=CARTESIAN_POINT('',(116.755720000007,1622.253894,2177.37235199998));
#15061=CARTESIAN_POINT('',(116.755720000007,1622.253894,2177.37235199998));
#15062=CARTESIAN_POINT('',(116.755720000007,1622.253894,2177.37235199998));
#15063=CARTESIAN_POINT('',(116.755720000007,1622.253894,2177.37235199998));
#15064=CARTESIAN_POINT('',(116.755720000007,1622.253894,2177.37235199998));
#15065=CARTESIAN_POINT('',(116.755720000007,1622.253894,2177.37235199998));
#15066=CARTESIAN_POINT('',(116.755720000007,1622.253894,2177.37235199998));
#15067=CARTESIAN_POINT('',(116.755720000007,1622.253894,2177.37235199998));
#15068=CARTESIAN_POINT('',(116.755720000007,1622.253894,2177.37235199998));
#15069=CARTESIAN_POINT('',(116.755720000007,1622.253894,2177.37235199998));
#15070=CARTESIAN_POINT('',(116.755720000007,1622.253894,2177.37235199998));
#15071=CARTESIAN_POINT('',(116.755720000007,1622.253894,2177.37235199998));
#15072=CARTESIAN_POINT('',(116.755720000007,1622.253894,2177.37235199998));
#15073=CARTESIAN_POINT('',(116.755720000007,1622.253894,2177.37235199998));
#15074=CARTESIAN_POINT('',(116.755720000007,1622.253894,2177.37235199998));
#15075=CARTESIAN_POINT('',(116.755720000007,1622.253894,2177.37235199998));
#15076=CARTESIAN_POINT('',(116.755720000007,1622.253894,2177.37235199998));
#15077=CARTESIAN_POINT('',(116.755720000007,1622.253894,2177.37235199998));
#15078=CARTESIAN_POINT('',(116.755720000007,1622.253894,2177.37235199998));
#15079=CARTESIAN_POINT('',(116.755720000007,1622.253894,2177.37235199998));
#15080=CARTESIAN_POINT('',(116.755720000007,1622.253894,2190.67246699998));
#15081=CARTESIAN_POINT('',(116.755720000007,1622.253894,2190.67246699998));
#15082=CARTESIAN_POINT('',(116.755720000007,1622.253894,2190.67246699998));
#15083=CARTESIAN_POINT('',(116.755720000007,1622.253894,2190.67246699998));
#15084=CARTESIAN_POINT('',(116.755720000007,1622.253894,2190.67246699998));
#15085=CARTESIAN_POINT('',(116.755720000007,1622.253894,2190.67246699998));
#15086=CARTESIAN_POINT('',(116.755720000007,1622.253894,2190.67246699998));
#15087=CARTESIAN_POINT('',(116.755720000007,1622.253894,2190.67246699998));
#15088=CARTESIAN_POINT('',(116.755720000007,1622.253894,2190.67246699998));
#15089=CARTESIAN_POINT('',(116.755720000007,1622.253894,2190.67246699998));
#15090=CARTESIAN_POINT('',(116.755720000007,1622.253894,2190.67246699998));
#15091=CARTESIAN_POINT('',(116.755720000007,1622.253894,2190.67246699998));
#15092=CARTESIAN_POINT('',(116.755720000007,1622.253894,2190.67246699998));
#15093=CARTESIAN_POINT('',(116.755720000007,1622.253894,2190.67246699998));
#15094=CARTESIAN_POINT('',(116.755720000007,1622.253894,2190.67246699998));
#15095=CARTESIAN_POINT('',(116.755720000007,1622.253894,2190.67246699998));
#15096=CARTESIAN_POINT('',(116.755720000007,1622.253894,2190.67246699998));
#15097=CARTESIAN_POINT('',(116.755720000007,1622.253894,2190.67246699998));
#15098=CARTESIAN_POINT('',(116.755720000007,1622.253894,2190.67246699998));
#15099=CARTESIAN_POINT('',(116.755720000007,1622.253894,2190.67246699998));
#15100=CARTESIAN_POINT('',(116.755720000007,1622.253894,2190.67246699998));
#15101=CARTESIAN_POINT('',(116.755720000007,1622.253894,2190.67246699998));
#15102=CARTESIAN_POINT('',(116.755720000007,1622.253894,2190.67246699998));
#15103=CARTESIAN_POINT('',(116.755720000007,1622.253894,2190.67246699998));
#15104=CARTESIAN_POINT('',(116.755720000007,1622.253894,2190.67246699998));
#15105=CARTESIAN_POINT('',(116.755720000007,1622.253894,2190.67246699998));
#15106=CARTESIAN_POINT('',(116.755720000007,1622.253894,2190.67246699998));
#15107=CARTESIAN_POINT('',(116.755720000007,1622.253894,2190.67246699998));
#15108=CARTESIAN_POINT('',(116.755720000007,1622.253894,2190.67246699998));
#15109=CARTESIAN_POINT('',(116.755720000007,1622.253894,2190.67246699998));
#15110=CARTESIAN_POINT('',(116.755720000007,1622.253894,2190.67246699998));
#15111=CARTESIAN_POINT('',(116.755720000007,1622.253894,2190.67246699998));
#15112=CARTESIAN_POINT('',(116.755720000007,1622.253894,2190.67246699998));
#15113=CARTESIAN_POINT('',(116.755720000007,1622.253894,2190.67246699998));
#15114=CARTESIAN_POINT('',(116.755720000007,1622.253894,2190.67246699998));
#15115=CARTESIAN_POINT('',(116.755720000007,1622.253894,2190.67246699998));
#15116=CARTESIAN_POINT('',(116.755720000007,1622.253894,2190.67246699998));
#15117=CARTESIAN_POINT('',(116.755720000007,1622.253894,2190.67246699998));
#15118=CARTESIAN_POINT('',(116.755720000007,1622.253894,2190.67246699998));
#15119=CARTESIAN_POINT('',(116.755720000007,1622.253894,2190.67246699998));
#15120=CARTESIAN_POINT('',(116.755720000007,1622.253894,2190.67246699998));
#15121=CARTESIAN_POINT('',(116.755720000007,1622.253894,2190.67246699998));
#15122=CARTESIAN_POINT('',(116.755720000007,1622.253894,2190.67246699998));
#15123=CARTESIAN_POINT('',(116.755720000007,1622.253894,2190.67246699998));
#15124=CARTESIAN_POINT('',(116.755720000007,1622.253894,2190.67246699998));
#15125=CARTESIAN_POINT('',(116.755720000007,1622.253894,2190.67246699998));
#15126=CARTESIAN_POINT('',(116.755720000007,1622.253894,2190.67246699998));
#15127=CARTESIAN_POINT('',(116.755720000007,1622.253894,2190.67246699998));
#15128=CARTESIAN_POINT('',(116.755720000007,1622.253894,2190.67246699998));
#15129=CARTESIAN_POINT('',(116.755720000007,1622.253894,2190.67246699998));
#15130=CARTESIAN_POINT('',(116.755720000007,1622.253894,2190.67246699998));
#15131=CARTESIAN_POINT('',(116.755720000007,1622.253894,2190.67246699998));
#15132=CARTESIAN_POINT('',(116.755720000007,1622.253894,2190.67246699998));
#15133=CARTESIAN_POINT('',(116.755720000007,1622.253894,2190.67246699998));
#15134=CARTESIAN_POINT('',(116.755720000007,1622.253894,2190.67246699998));
#15135=CARTESIAN_POINT('',(116.755720000007,1622.253894,2190.67246699998));
#15136=CARTESIAN_POINT('',(116.755720000007,1622.253894,2190.67246699998));
#15137=CARTESIAN_POINT('',(116.755720000007,1622.253894,2190.67246699998));
#15138=CARTESIAN_POINT('',(116.755720000007,1622.253894,2190.67246699998));
#15139=CARTESIAN_POINT('',(116.755720000007,1622.253894,2190.67246699998));
#15140=CARTESIAN_POINT('',(116.755720000007,1622.253894,2190.67246699998));
#15141=CARTESIAN_POINT('',(116.755720000007,1622.253894,2190.67246699998));
#15142=CARTESIAN_POINT('',(158.005720000007,1622.253894,2199.67246699998));
#15143=CARTESIAN_POINT('',(158.005720000007,1622.253894,2206.17246699998));
#15144=CARTESIAN_POINT('',(163.433230557383,1622.253894,2208.29231132769));
#15145=CARTESIAN_POINT('',(167.034489383758,1622.253894,2212.504248797));
#15146=CARTESIAN_POINT('',(171.08844707831,1622.253894,2216.51112678544));
#15147=CARTESIAN_POINT('',(176.504036919146,1622.253894,2218.19166888317));
#15148=CARTESIAN_POINT('',(176.256029000007,1622.253894,2224.11570799998));
#15149=CARTESIAN_POINT('',(234.480362225374,1622.253894,2229.63749105426));
#15150=CARTESIAN_POINT('',(241.146953000007,1622.253894,2226.01026599998));
#15151=CARTESIAN_POINT('',(244.287764566155,1622.253894,2226.01026599998));
#15152=CARTESIAN_POINT('',(248.668389642776,1622.253894,2224.28050918954));
#15153=CARTESIAN_POINT('',(260.110054180945,1622.253894,2222.96618220842));
#15154=CARTESIAN_POINT('',(267.281814508145,1622.253894,2228.93765507525));
#15155=CARTESIAN_POINT('',(274.530587717485,1622.253894,2234.04069172899));
#15156=CARTESIAN_POINT('',(284.633956000006,1622.253894,2236.25044199998));
#15157=CARTESIAN_POINT('',(287.084727917673,1622.253894,2200.84301350265));
#15158=CARTESIAN_POINT('',(280.821975529317,1622.253894,2217.40399141787));
#15159=CARTESIAN_POINT('',(246.398209781105,1622.253894,2246.72654787341));
#15160=CARTESIAN_POINT('',(255.275976027921,1622.253894,2231.34284265027));
#15161=CARTESIAN_POINT('',(244.287764566155,1622.253894,2219.59840088944));
#15162=CARTESIAN_POINT('',(241.146953000007,1622.253894,2226.01026599998));
#15163=CARTESIAN_POINT('',(235.121592776716,1622.253894,2222.87604806952));
#15164=CARTESIAN_POINT('',(176.256029000007,1622.253894,2224.11570799998));
#15165=CARTESIAN_POINT('',(176.504036919146,1622.253894,2218.19166888317));
#15166=CARTESIAN_POINT('',(198.116889210056,1622.253894,2138.97749090392));
#15167=CARTESIAN_POINT('',(173.27184695093,1622.253894,2210.247838288));
#15168=CARTESIAN_POINT('',(159.643729173147,1622.253894,2215.17791129416));
#15169=CARTESIAN_POINT('',(152.659804338655,1622.253894,2227.86784269419));
#15170=CARTESIAN_POINT('',(158.005720000007,1622.253894,2199.67246699998));
#15171=CARTESIAN_POINT('',(116.755720000007,1622.253894,2199.67246699998));
#15172=CARTESIAN_POINT('',(116.755720000007,1622.253894,2169.92246699998));
#15173=CARTESIAN_POINT('',(119.54667120451,1622.253894,2162.2639521609));
#15174=CARTESIAN_POINT('',(103.080454000007,1622.253894,2163.41658899998));
#15175=CARTESIAN_POINT('',(103.080454000007,1622.253894,2192.77068743741));
#15176=CARTESIAN_POINT('',(155.673919000007,1622.253894,2238.82265899998));
#15177=CARTESIAN_POINT('',(259.124638000007,1622.253894,2240.79204499998));
#15178=CARTESIAN_POINT('',(264.187403083712,1622.253894,2249.49999999998));
#15179=CARTESIAN_POINT('',(292.128866000007,1622.253894,2249.49999999998));
#15180=CARTESIAN_POINT('',(292.128866000007,1622.253894,2241.46741099998));
#15181=CARTESIAN_POINT('',(285.128866000007,1622.253894,2241.46741099998));
#15182=CARTESIAN_POINT('',(284.633956000006,1622.253894,2236.25044199998));
#15183=CARTESIAN_POINT('',(287.084727917666,-377.746106,2200.84301350268));
#15184=CARTESIAN_POINT('',(280.82197552931,-377.746106,2217.40399141789));
#15185=CARTESIAN_POINT('',(246.398209781098,-377.746106,2246.72654787344));
#15186=CARTESIAN_POINT('',(255.275976027914,-377.746106,2231.3428426503));
#15187=CARTESIAN_POINT('',(244.287764566148,-377.746106,2219.59840088947));
#15188=CARTESIAN_POINT('',(241.146953,-377.746106,2226.010266));
#15189=CARTESIAN_POINT('',(235.121592776709,-377.746106,2222.87604806954));
#15190=CARTESIAN_POINT('',(176.256029,-377.746106,2224.115708));
#15191=CARTESIAN_POINT('',(176.504036919139,-377.746106,2218.19166888319));
#15192=CARTESIAN_POINT('',(198.116889210049,-377.746106,2138.97749090395));
#15193=CARTESIAN_POINT('',(173.271846950923,-377.746106,2210.24783828802));
#15194=CARTESIAN_POINT('',(159.643729173141,-377.746106,2215.17791129419));
#15195=CARTESIAN_POINT('',(152.659804338648,-377.746106,2227.86784269421));
#15196=CARTESIAN_POINT('',(158.00572,-377.746106,2199.672467));
#15197=CARTESIAN_POINT('',(116.75572,-377.746106,2199.672467));
#15198=CARTESIAN_POINT('',(116.75572,-377.746106,2169.922467));
#15199=CARTESIAN_POINT('',(119.546671204504,-377.746106,2162.26395216093));
#15200=CARTESIAN_POINT('',(103.080454,-377.746106,2163.416589));
#15201=CARTESIAN_POINT('',(103.080454,-377.746106,2192.77068743743));
#15202=CARTESIAN_POINT('',(155.673919,-377.746106,2238.822659));
#15203=CARTESIAN_POINT('',(259.124638,-377.746106,2240.792045));
#15204=CARTESIAN_POINT('',(264.187403083705,-377.746106,2249.5));
#15205=CARTESIAN_POINT('',(292.128866,-377.746106,2249.5));
#15206=CARTESIAN_POINT('',(292.128866,-377.746106,2241.467411));
#15207=CARTESIAN_POINT('',(285.128866,-377.746106,2241.467411));
#15208=CARTESIAN_POINT('',(284.633956,-377.746106,2236.250442));
#15209=CARTESIAN_POINT('',(125.75572,1622.253894,2190.672467));
#15210=CARTESIAN_POINT('',(125.75572,1622.253894,2190.672467));
#15211=CARTESIAN_POINT('',(125.75572,1622.253894,2190.672467));
#15212=CARTESIAN_POINT('',(125.75572,1622.253894,2190.672467));
#15213=CARTESIAN_POINT('',(125.75572,1622.253894,2190.672467));
#15214=CARTESIAN_POINT('',(125.75572,1622.253894,2190.672467));
#15215=CARTESIAN_POINT('',(125.75572,1622.253894,2190.672467));
#15216=CARTESIAN_POINT('',(125.75572,1622.253894,2190.672467));
#15217=CARTESIAN_POINT('',(125.75572,1622.253894,2190.672467));
#15218=CARTESIAN_POINT('',(125.75572,1622.253894,2190.672467));
#15219=CARTESIAN_POINT('',(125.75572,1622.253894,2190.672467));
#15220=CARTESIAN_POINT('',(125.75572,1622.253894,2190.672467));
#15221=CARTESIAN_POINT('',(125.75572,1622.253894,2190.672467));
#15222=CARTESIAN_POINT('',(125.75572,1622.253894,2190.672467));
#15223=CARTESIAN_POINT('',(125.75572,1622.253894,2190.672467));
#15224=CARTESIAN_POINT('',(125.75572,1622.253894,2190.672467));
#15225=CARTESIAN_POINT('',(125.75572,1622.253894,2190.672467));
#15226=CARTESIAN_POINT('',(125.75572,1622.253894,2190.672467));
#15227=CARTESIAN_POINT('',(125.75572,1622.253894,2190.672467));
#15228=CARTESIAN_POINT('',(125.75572,1622.253894,2190.672467));
#15229=CARTESIAN_POINT('',(125.75572,1622.253894,2190.672467));
#15230=CARTESIAN_POINT('',(125.75572,1622.253894,2190.672467));
#15231=CARTESIAN_POINT('',(125.75572,1622.253894,2190.672467));
#15232=CARTESIAN_POINT('',(125.75572,1622.253894,2190.672467));
#15233=CARTESIAN_POINT('',(125.75572,1622.253894,2190.672467));
#15234=CARTESIAN_POINT('',(125.75572,1622.253894,2190.672467));
#15235=CARTESIAN_POINT('',(125.75572,1622.253894,2190.672467));
#15236=CARTESIAN_POINT('',(125.75572,1622.253894,2190.672467));
#15237=CARTESIAN_POINT('',(125.75572,1622.253894,2190.672467));
#15238=CARTESIAN_POINT('',(125.75572,1622.253894,2190.672467));
#15239=CARTESIAN_POINT('',(125.75572,1622.253894,2190.672467));
#15240=CARTESIAN_POINT('',(125.75572,1622.253894,2190.672467));
#15241=CARTESIAN_POINT('',(125.75572,1622.253894,2190.672467));
#15242=CARTESIAN_POINT('',(125.75572,1622.253894,2190.672467));
#15243=CARTESIAN_POINT('',(125.75572,1622.253894,2190.672467));
#15244=CARTESIAN_POINT('',(125.75572,1622.253894,2190.672467));
#15245=CARTESIAN_POINT('',(125.75572,1622.253894,2190.672467));
#15246=CARTESIAN_POINT('',(125.75572,1622.253894,2190.672467));
#15247=CARTESIAN_POINT('',(125.75572,1622.253894,2190.672467));
#15248=CARTESIAN_POINT('',(125.75572,1622.253894,2190.672467));
#15249=CARTESIAN_POINT('',(125.75572,1622.253894,2190.672467));
#15250=CARTESIAN_POINT('',(125.75572,1622.253894,2190.672467));
#15251=CARTESIAN_POINT('',(125.75572,1622.253894,2190.672467));
#15252=CARTESIAN_POINT('',(125.75572,1622.253894,2190.672467));
#15253=CARTESIAN_POINT('',(125.75572,1622.253894,2190.672467));
#15254=CARTESIAN_POINT('',(125.75572,1622.253894,2190.672467));
#15255=CARTESIAN_POINT('',(125.75572,1622.253894,2190.672467));
#15256=CARTESIAN_POINT('',(125.75572,1622.253894,2190.672467));
#15257=CARTESIAN_POINT('',(125.75572,1622.253894,2190.672467));
#15258=CARTESIAN_POINT('',(125.75572,1622.253894,2190.672467));
#15259=CARTESIAN_POINT('',(125.75572,1622.253894,2190.672467));
#15260=CARTESIAN_POINT('',(125.75572,1622.253894,2190.672467));
#15261=CARTESIAN_POINT('',(125.75572,1622.253894,2190.672467));
#15262=CARTESIAN_POINT('',(125.75572,1622.253894,2190.672467));
#15263=CARTESIAN_POINT('',(125.75572,1622.253894,2190.672467));
#15264=CARTESIAN_POINT('',(125.75572,1622.253894,2190.672467));
#15265=CARTESIAN_POINT('',(125.75572,1622.253894,2190.672467));
#15266=CARTESIAN_POINT('',(125.75572,1622.253894,2190.672467));
#15267=CARTESIAN_POINT('',(125.75572,1622.253894,2190.672467));
#15268=CARTESIAN_POINT('',(125.75572,1622.253894,2190.672467));
#15269=CARTESIAN_POINT('',(125.75572,1622.253894,2190.672467));
#15270=CARTESIAN_POINT('',(125.75572,1622.253894,2190.672467));
#15271=CARTESIAN_POINT('',(125.75572,1622.253894,2199.672467));
#15272=CARTESIAN_POINT('',(125.75572,1622.253894,2199.672467));
#15273=CARTESIAN_POINT('',(125.75572,1622.253894,2199.672467));
#15274=CARTESIAN_POINT('',(125.75572,1622.253894,2199.672467));
#15275=CARTESIAN_POINT('',(125.75572,1622.253894,2199.672467));
#15276=CARTESIAN_POINT('',(125.75572,1622.253894,2199.672467));
#15277=CARTESIAN_POINT('',(125.75572,1622.253894,2199.672467));
#15278=CARTESIAN_POINT('',(125.75572,1622.253894,2199.672467));
#15279=CARTESIAN_POINT('',(125.75572,1622.253894,2199.672467));
#15280=CARTESIAN_POINT('',(125.75572,1622.253894,2199.672467));
#15281=CARTESIAN_POINT('',(125.75572,1622.253894,2199.672467));
#15282=CARTESIAN_POINT('',(125.75572,1622.253894,2199.672467));
#15283=CARTESIAN_POINT('',(125.75572,1622.253894,2199.672467));
#15284=CARTESIAN_POINT('',(125.75572,1622.253894,2199.672467));
#15285=CARTESIAN_POINT('',(125.75572,1622.253894,2199.672467));
#15286=CARTESIAN_POINT('',(125.75572,1622.253894,2199.672467));
#15287=CARTESIAN_POINT('',(125.75572,1622.253894,2199.672467));
#15288=CARTESIAN_POINT('',(125.75572,1622.253894,2199.672467));
#15289=CARTESIAN_POINT('',(125.75572,1622.253894,2199.672467));
#15290=CARTESIAN_POINT('',(125.75572,1622.253894,2199.672467));
#15291=CARTESIAN_POINT('',(125.75572,1622.253894,2199.672467));
#15292=CARTESIAN_POINT('',(125.75572,1622.253894,2199.672467));
#15293=CARTESIAN_POINT('',(125.75572,1622.253894,2199.672467));
#15294=CARTESIAN_POINT('',(125.75572,1622.253894,2199.672467));
#15295=CARTESIAN_POINT('',(125.75572,1622.253894,2199.672467));
#15296=CARTESIAN_POINT('',(125.75572,1622.253894,2199.672467));
#15297=CARTESIAN_POINT('',(125.75572,1622.253894,2199.672467));
#15298=CARTESIAN_POINT('',(125.75572,1622.253894,2199.672467));
#15299=CARTESIAN_POINT('',(125.75572,1622.253894,2199.672467));
#15300=CARTESIAN_POINT('',(125.75572,1622.253894,2199.672467));
#15301=CARTESIAN_POINT('',(125.75572,1622.253894,2199.672467));
#15302=CARTESIAN_POINT('',(125.75572,1622.253894,2199.672467));
#15303=CARTESIAN_POINT('',(125.75572,1622.253894,2199.672467));
#15304=CARTESIAN_POINT('',(125.75572,1622.253894,2199.672467));
#15305=CARTESIAN_POINT('',(125.75572,1622.253894,2199.672467));
#15306=CARTESIAN_POINT('',(125.75572,1622.253894,2199.672467));
#15307=CARTESIAN_POINT('',(125.75572,1622.253894,2199.672467));
#15308=CARTESIAN_POINT('',(125.75572,1622.253894,2199.672467));
#15309=CARTESIAN_POINT('',(125.75572,1622.253894,2199.672467));
#15310=CARTESIAN_POINT('',(125.75572,1622.253894,2199.672467));
#15311=CARTESIAN_POINT('',(125.75572,1622.253894,2199.672467));
#15312=CARTESIAN_POINT('',(125.75572,1622.253894,2199.672467));
#15313=CARTESIAN_POINT('',(125.75572,1622.253894,2199.672467));
#15314=CARTESIAN_POINT('',(125.75572,1622.253894,2199.672467));
#15315=CARTESIAN_POINT('',(125.75572,1622.253894,2199.672467));
#15316=CARTESIAN_POINT('',(125.75572,1622.253894,2199.672467));
#15317=CARTESIAN_POINT('',(125.75572,1622.253894,2199.672467));
#15318=CARTESIAN_POINT('',(125.75572,1622.253894,2199.672467));
#15319=CARTESIAN_POINT('',(125.75572,1622.253894,2199.672467));
#15320=CARTESIAN_POINT('',(125.75572,1622.253894,2199.672467));
#15321=CARTESIAN_POINT('',(125.75572,1622.253894,2199.672467));
#15322=CARTESIAN_POINT('',(125.75572,1622.253894,2199.672467));
#15323=CARTESIAN_POINT('',(125.75572,1622.253894,2199.672467));
#15324=CARTESIAN_POINT('',(125.75572,1622.253894,2199.672467));
#15325=CARTESIAN_POINT('',(125.75572,1622.253894,2199.672467));
#15326=CARTESIAN_POINT('',(125.75572,1622.253894,2199.672467));
#15327=CARTESIAN_POINT('',(125.75572,1622.253894,2199.672467));
#15328=CARTESIAN_POINT('',(125.75572,1622.253894,2199.672467));
#15329=CARTESIAN_POINT('',(125.75572,1622.253894,2199.672467));
#15330=CARTESIAN_POINT('',(125.75572,1622.253894,2199.672467));
#15331=CARTESIAN_POINT('',(125.75572,1622.253894,2199.672467));
#15332=CARTESIAN_POINT('',(125.75572,1622.253894,2199.672467));
#15333=CARTESIAN_POINT('',(125.75572,-357.746106,2199.672467));
#15334=CARTESIAN_POINT('',(116.75572,-357.746106,2177.372352));
#15335=CARTESIAN_POINT('',(143.409738764687,-357.746106,2177.372352));
#15336=CARTESIAN_POINT('',(149.257870964013,-357.746106,2185.30290146418));
#15337=CARTESIAN_POINT('',(149.25572,-357.746106,2199.672467));
#15338=CARTESIAN_POINT('',(149.25572,-357.746106,2199.672467));
#15339=CARTESIAN_POINT('',(149.257870964013,-357.746106,2185.30290146418));
#15340=CARTESIAN_POINT('',(153.644014175307,-357.746106,2175.94694470579));
#15341=CARTESIAN_POINT('',(116.75572,-357.746106,2177.372352));
#15342=CARTESIAN_POINT('',(116.75572,-357.746106,2190.672467));
#15343=CARTESIAN_POINT('',(149.257870964013,-377.746106,2185.30290146418));
#15344=CARTESIAN_POINT('',(153.644014175307,-377.746106,2175.94694470579));
#15345=CARTESIAN_POINT('',(116.75572,-377.746106,2177.372352));
#15346=CARTESIAN_POINT('',(125.75572,-325.746106,2199.672467));
#15347=CARTESIAN_POINT('',(125.75572,-345.746106,2199.672467));
#15348=CARTESIAN_POINT('',(116.75572,-325.746106,2177.372352));
#15349=CARTESIAN_POINT('',(143.409738764687,-325.746106,2177.372352));
#15350=CARTESIAN_POINT('',(149.257870964013,-325.746106,2185.30290146418));
#15351=CARTESIAN_POINT('',(149.25572,-325.746106,2199.672467));
#15352=CARTESIAN_POINT('',(149.25572,-325.746106,2199.672467));
#15353=CARTESIAN_POINT('',(149.257870964013,-325.746106,2185.30290146418));
#15354=CARTESIAN_POINT('',(153.644014175307,-325.746106,2175.94694470579));
#15355=CARTESIAN_POINT('',(116.75572,-325.746106,2177.372352));
#15356=CARTESIAN_POINT('',(116.75572,-325.746106,2190.672467));
#15357=CARTESIAN_POINT('',(149.25572,-345.746106,2199.672467));
#15358=CARTESIAN_POINT('',(149.257870964013,-345.746106,2185.30290146418));
#15359=CARTESIAN_POINT('',(153.644014175307,-345.746106,2175.94694470579));
#15360=CARTESIAN_POINT('',(116.75572,-345.746106,2177.372352));
#15361=CARTESIAN_POINT('',(116.75572,-345.746106,2190.672467));
#15362=CARTESIAN_POINT('',(125.75572,314.253894,2199.672467));
#15363=CARTESIAN_POINT('',(125.75572,294.253894,2199.672467));
#15364=CARTESIAN_POINT('',(116.75572,314.253894,2177.372352));
#15365=CARTESIAN_POINT('',(143.409738764687,314.253894,2177.372352));
#15366=CARTESIAN_POINT('',(149.257870964013,314.253894,2185.30290146418));
#15367=CARTESIAN_POINT('',(149.25572,314.253894,2199.672467));
#15368=CARTESIAN_POINT('',(149.25572,314.253894,2199.672467));
#15369=CARTESIAN_POINT('',(149.257870964013,314.253894,2185.30290146418));
#15370=CARTESIAN_POINT('',(153.644014175307,314.253894,2175.94694470579));
#15371=CARTESIAN_POINT('',(116.75572,314.253894,2177.372352));
#15372=CARTESIAN_POINT('',(116.75572,314.253894,2190.672467));
#15373=CARTESIAN_POINT('',(149.25572,294.253894,2199.672467));
#15374=CARTESIAN_POINT('',(149.257870964013,294.253894,2185.30290146418));
#15375=CARTESIAN_POINT('',(153.644014175307,294.253894,2175.94694470579));
#15376=CARTESIAN_POINT('',(116.75572,294.253894,2177.372352));
#15377=CARTESIAN_POINT('',(116.75572,294.253894,2190.672467));
#15378=CARTESIAN_POINT('',(125.75572,-293.746106,2199.672467));
#15379=CARTESIAN_POINT('',(125.75572,-293.746106,2190.672467));
#15380=CARTESIAN_POINT('',(125.75572,-313.746106,2199.672467));
#15381=CARTESIAN_POINT('',(125.75572,-313.746106,2190.672467));
#15382=CARTESIAN_POINT('',(116.75572,-293.746106,2177.372352));
#15383=CARTESIAN_POINT('',(143.409738764687,-293.746106,2177.372352));
#15384=CARTESIAN_POINT('',(149.257870964013,-293.746106,2185.30290146418));
#15385=CARTESIAN_POINT('',(149.25572,-293.746106,2199.672467));
#15386=CARTESIAN_POINT('',(149.25572,-293.746106,2199.672467));
#15387=CARTESIAN_POINT('',(149.257870964013,-293.746106,2185.30290146418));
#15388=CARTESIAN_POINT('',(153.644014175307,-293.746106,2175.94694470579));
#15389=CARTESIAN_POINT('',(116.75572,-293.746106,2177.372352));
#15390=CARTESIAN_POINT('',(116.75572,-293.746106,2190.672467));
#15391=CARTESIAN_POINT('',(149.25572,-313.746106,2199.672467));
#15392=CARTESIAN_POINT('',(149.257870964013,-313.746106,2185.30290146418));
#15393=CARTESIAN_POINT('',(153.644014175307,-313.746106,2175.94694470579));
#15394=CARTESIAN_POINT('',(116.75572,-313.746106,2177.372352));
#15395=CARTESIAN_POINT('',(116.75572,-313.746106,2190.672467));
#15396=CARTESIAN_POINT('',(125.75572,954.253894,2199.672467));
#15397=CARTESIAN_POINT('',(125.75572,934.253894,2199.672467));
#15398=CARTESIAN_POINT('',(116.75572,954.253894,2177.372352));
#15399=CARTESIAN_POINT('',(143.409738764687,954.253894,2177.372352));
#15400=CARTESIAN_POINT('',(149.257870964013,954.253894,2185.30290146418));
#15401=CARTESIAN_POINT('',(149.25572,954.253894,2199.672467));
#15402=CARTESIAN_POINT('',(149.25572,954.253894,2199.672467));
#15403=CARTESIAN_POINT('',(149.257870964013,954.253894,2185.30290146418));
#15404=CARTESIAN_POINT('',(153.644014175307,954.253894,2175.94694470579));
#15405=CARTESIAN_POINT('',(116.75572,954.253894,2177.372352));
#15406=CARTESIAN_POINT('',(116.75572,954.253894,2190.672467));
#15407=CARTESIAN_POINT('',(149.25572,934.253894,2199.672467));
#15408=CARTESIAN_POINT('',(149.257870964013,934.253894,2185.30290146418));
#15409=CARTESIAN_POINT('',(153.644014175307,934.253894,2175.94694470579));
#15410=CARTESIAN_POINT('',(116.75572,934.253894,2177.372352));
#15411=CARTESIAN_POINT('',(116.75572,934.253894,2190.672467));
#15412=CARTESIAN_POINT('',(125.75572,-261.746106,2199.672467));
#15413=CARTESIAN_POINT('',(125.75572,-261.746106,2190.672467));
#15414=CARTESIAN_POINT('',(125.75572,-281.746106,2199.672467));
#15415=CARTESIAN_POINT('',(125.75572,-281.746106,2190.672467));
#15416=CARTESIAN_POINT('',(116.75572,-261.746106,2177.372352));
#15417=CARTESIAN_POINT('',(143.409738764687,-261.746106,2177.372352));
#15418=CARTESIAN_POINT('',(149.257870964013,-261.746106,2185.30290146418));
#15419=CARTESIAN_POINT('',(149.25572,-261.746106,2199.672467));
#15420=CARTESIAN_POINT('',(149.25572,-261.746106,2199.672467));
#15421=CARTESIAN_POINT('',(149.257870964013,-261.746106,2185.30290146418));
#15422=CARTESIAN_POINT('',(153.644014175307,-261.746106,2175.94694470579));
#15423=CARTESIAN_POINT('',(116.75572,-261.746106,2177.372352));
#15424=CARTESIAN_POINT('',(116.75572,-261.746106,2190.672467));
#15425=CARTESIAN_POINT('',(149.25572,-281.746106,2199.672467));
#15426=CARTESIAN_POINT('',(149.257870964013,-281.746106,2185.30290146418));
#15427=CARTESIAN_POINT('',(153.644014175307,-281.746106,2175.94694470579));
#15428=CARTESIAN_POINT('',(116.75572,-281.746106,2177.372352));
#15429=CARTESIAN_POINT('',(116.75572,-281.746106,2190.672467));
#15430=CARTESIAN_POINT('',(125.75572,346.253894,2199.672467));
#15431=CARTESIAN_POINT('',(125.75572,346.253894,2190.672467));
#15432=CARTESIAN_POINT('',(125.75572,326.253894,2199.672467));
#15433=CARTESIAN_POINT('',(125.75572,326.253894,2190.672467));
#15434=CARTESIAN_POINT('',(116.75572,346.253894,2177.372352));
#15435=CARTESIAN_POINT('',(143.409738764687,346.253894,2177.372352));
#15436=CARTESIAN_POINT('',(149.257870964013,346.253894,2185.30290146418));
#15437=CARTESIAN_POINT('',(149.25572,346.253894,2199.672467));
#15438=CARTESIAN_POINT('',(149.25572,346.253894,2199.672467));
#15439=CARTESIAN_POINT('',(149.257870964013,346.253894,2185.30290146418));
#15440=CARTESIAN_POINT('',(153.644014175307,346.253894,2175.94694470579));
#15441=CARTESIAN_POINT('',(116.75572,346.253894,2177.372352));
#15442=CARTESIAN_POINT('',(116.75572,346.253894,2190.672467));
#15443=CARTESIAN_POINT('',(149.25572,326.253894,2199.672467));
#15444=CARTESIAN_POINT('',(149.257870964013,326.253894,2185.30290146418));
#15445=CARTESIAN_POINT('',(153.644014175307,326.253894,2175.94694470579));
#15446=CARTESIAN_POINT('',(116.75572,326.253894,2177.372352));
#15447=CARTESIAN_POINT('',(116.75572,326.253894,2190.672467));
#15448=CARTESIAN_POINT('',(125.75572,-229.746106,2199.672467));
#15449=CARTESIAN_POINT('',(125.75572,-229.746106,2190.672467));
#15450=CARTESIAN_POINT('',(125.75572,-249.746106,2199.672467));
#15451=CARTESIAN_POINT('',(125.75572,-249.746106,2190.672467));
#15452=CARTESIAN_POINT('',(116.75572,-229.746106,2177.372352));
#15453=CARTESIAN_POINT('',(143.409738764687,-229.746106,2177.372352));
#15454=CARTESIAN_POINT('',(149.257870964013,-229.746106,2185.30290146418));
#15455=CARTESIAN_POINT('',(149.25572,-229.746106,2199.672467));
#15456=CARTESIAN_POINT('',(149.25572,-229.746106,2199.672467));
#15457=CARTESIAN_POINT('',(149.257870964013,-229.746106,2185.30290146418));
#15458=CARTESIAN_POINT('',(153.644014175307,-229.746106,2175.94694470579));
#15459=CARTESIAN_POINT('',(116.75572,-229.746106,2177.372352));
#15460=CARTESIAN_POINT('',(116.75572,-229.746106,2190.672467));
#15461=CARTESIAN_POINT('',(149.25572,-249.746106,2199.672467));
#15462=CARTESIAN_POINT('',(149.257870964013,-249.746106,2185.30290146418));
#15463=CARTESIAN_POINT('',(153.644014175307,-249.746106,2175.94694470579));
#15464=CARTESIAN_POINT('',(116.75572,-249.746106,2177.372352));
#15465=CARTESIAN_POINT('',(116.75572,-249.746106,2190.672467));
#15466=CARTESIAN_POINT('',(125.75572,-197.746106,2199.672467));
#15467=CARTESIAN_POINT('',(125.75572,-197.746106,2190.672467));
#15468=CARTESIAN_POINT('',(125.75572,-217.746106,2199.672467));
#15469=CARTESIAN_POINT('',(125.75572,-217.746106,2190.672467));
#15470=CARTESIAN_POINT('',(116.75572,-197.746106,2177.372352));
#15471=CARTESIAN_POINT('',(143.409738764687,-197.746106,2177.372352));
#15472=CARTESIAN_POINT('',(149.257870964013,-197.746106,2185.30290146418));
#15473=CARTESIAN_POINT('',(149.25572,-197.746106,2199.672467));
#15474=CARTESIAN_POINT('',(149.25572,-197.746106,2199.672467));
#15475=CARTESIAN_POINT('',(149.257870964013,-197.746106,2185.30290146418));
#15476=CARTESIAN_POINT('',(153.644014175307,-197.746106,2175.94694470579));
#15477=CARTESIAN_POINT('',(116.75572,-197.746106,2177.372352));
#15478=CARTESIAN_POINT('',(116.75572,-197.746106,2190.672467));
#15479=CARTESIAN_POINT('',(149.25572,-217.746106,2199.672467));
#15480=CARTESIAN_POINT('',(149.257870964013,-217.746106,2185.30290146418));
#15481=CARTESIAN_POINT('',(153.644014175307,-217.746106,2175.94694470579));
#15482=CARTESIAN_POINT('',(116.75572,-217.746106,2177.372352));
#15483=CARTESIAN_POINT('',(116.75572,-217.746106,2190.672467));
#15484=CARTESIAN_POINT('',(125.75572,378.253894,2199.672467));
#15485=CARTESIAN_POINT('',(125.75572,378.253894,2190.672467));
#15486=CARTESIAN_POINT('',(125.75572,358.253894,2199.672467));
#15487=CARTESIAN_POINT('',(125.75572,358.253894,2190.672467));
#15488=CARTESIAN_POINT('',(116.75572,378.253894,2177.372352));
#15489=CARTESIAN_POINT('',(143.409738764687,378.253894,2177.372352));
#15490=CARTESIAN_POINT('',(149.257870964013,378.253894,2185.30290146418));
#15491=CARTESIAN_POINT('',(149.25572,378.253894,2199.672467));
#15492=CARTESIAN_POINT('',(149.25572,378.253894,2199.672467));
#15493=CARTESIAN_POINT('',(149.257870964013,378.253894,2185.30290146418));
#15494=CARTESIAN_POINT('',(153.644014175307,378.253894,2175.94694470579));
#15495=CARTESIAN_POINT('',(116.75572,378.253894,2177.372352));
#15496=CARTESIAN_POINT('',(116.75572,378.253894,2190.672467));
#15497=CARTESIAN_POINT('',(149.25572,358.253894,2199.672467));
#15498=CARTESIAN_POINT('',(149.257870964013,358.253894,2185.30290146418));
#15499=CARTESIAN_POINT('',(153.644014175307,358.253894,2175.94694470579));
#15500=CARTESIAN_POINT('',(116.75572,358.253894,2177.372352));
#15501=CARTESIAN_POINT('',(116.75572,358.253894,2190.672467));
#15502=CARTESIAN_POINT('',(125.75572,-165.746106,2199.672467));
#15503=CARTESIAN_POINT('',(125.75572,-165.746106,2190.672467));
#15504=CARTESIAN_POINT('',(125.75572,-185.746106,2199.672467));
#15505=CARTESIAN_POINT('',(125.75572,-185.746106,2190.672467));
#15506=CARTESIAN_POINT('',(116.75572,-165.746106,2177.372352));
#15507=CARTESIAN_POINT('',(143.409738764687,-165.746106,2177.372352));
#15508=CARTESIAN_POINT('',(149.257870964013,-165.746106,2185.30290146418));
#15509=CARTESIAN_POINT('',(149.25572,-165.746106,2199.672467));
#15510=CARTESIAN_POINT('',(149.25572,-165.746106,2199.672467));
#15511=CARTESIAN_POINT('',(149.257870964013,-165.746106,2185.30290146418));
#15512=CARTESIAN_POINT('',(153.644014175307,-165.746106,2175.94694470579));
#15513=CARTESIAN_POINT('',(116.75572,-165.746106,2177.372352));
#15514=CARTESIAN_POINT('',(116.75572,-165.746106,2190.672467));
#15515=CARTESIAN_POINT('',(149.25572,-185.746106,2199.672467));
#15516=CARTESIAN_POINT('',(149.257870964013,-185.746106,2185.30290146418));
#15517=CARTESIAN_POINT('',(153.644014175307,-185.746106,2175.94694470579));
#15518=CARTESIAN_POINT('',(116.75572,-185.746106,2177.372352));
#15519=CARTESIAN_POINT('',(116.75572,-185.746106,2190.672467));
#15520=CARTESIAN_POINT('',(125.75572,986.253894,2199.672467));
#15521=CARTESIAN_POINT('',(125.75572,966.253894,2199.672467));
#15522=CARTESIAN_POINT('',(116.75572,986.253894,2177.372352));
#15523=CARTESIAN_POINT('',(143.409738764687,986.253894,2177.372352));
#15524=CARTESIAN_POINT('',(149.257870964013,986.253894,2185.30290146418));
#15525=CARTESIAN_POINT('',(149.25572,986.253894,2199.672467));
#15526=CARTESIAN_POINT('',(149.25572,986.253894,2199.672467));
#15527=CARTESIAN_POINT('',(149.257870964013,986.253894,2185.30290146418));
#15528=CARTESIAN_POINT('',(153.644014175307,986.253894,2175.94694470579));
#15529=CARTESIAN_POINT('',(116.75572,986.253894,2177.372352));
#15530=CARTESIAN_POINT('',(116.75572,986.253894,2190.672467));
#15531=CARTESIAN_POINT('',(149.25572,966.253894,2199.672467));
#15532=CARTESIAN_POINT('',(149.257870964013,966.253894,2185.30290146418));
#15533=CARTESIAN_POINT('',(153.644014175307,966.253894,2175.94694470579));
#15534=CARTESIAN_POINT('',(116.75572,966.253894,2177.372352));
#15535=CARTESIAN_POINT('',(116.75572,966.253894,2190.672467));
#15536=CARTESIAN_POINT('',(125.75572,-133.746106,2199.672467));
#15537=CARTESIAN_POINT('',(125.75572,-133.746106,2190.672467));
#15538=CARTESIAN_POINT('',(125.75572,-153.746106,2199.672467));
#15539=CARTESIAN_POINT('',(125.75572,-153.746106,2190.672467));
#15540=CARTESIAN_POINT('',(116.75572,-133.746106,2177.372352));
#15541=CARTESIAN_POINT('',(143.409738764687,-133.746106,2177.372352));
#15542=CARTESIAN_POINT('',(149.257870964013,-133.746106,2185.30290146418));
#15543=CARTESIAN_POINT('',(149.25572,-133.746106,2199.672467));
#15544=CARTESIAN_POINT('',(149.25572,-133.746106,2199.672467));
#15545=CARTESIAN_POINT('',(149.257870964013,-133.746106,2185.30290146418));
#15546=CARTESIAN_POINT('',(153.644014175307,-133.746106,2175.94694470579));
#15547=CARTESIAN_POINT('',(116.75572,-133.746106,2177.372352));
#15548=CARTESIAN_POINT('',(116.75572,-133.746106,2190.672467));
#15549=CARTESIAN_POINT('',(149.25572,-153.746106,2199.672467));
#15550=CARTESIAN_POINT('',(149.257870964013,-153.746106,2185.30290146418));
#15551=CARTESIAN_POINT('',(153.644014175307,-153.746106,2175.94694470579));
#15552=CARTESIAN_POINT('',(116.75572,-153.746106,2177.372352));
#15553=CARTESIAN_POINT('',(116.75572,-153.746106,2190.672467));
#15554=CARTESIAN_POINT('',(125.75572,410.253894,2199.672467));
#15555=CARTESIAN_POINT('',(125.75572,410.253894,2190.672467));
#15556=CARTESIAN_POINT('',(125.75572,390.253894,2199.672467));
#15557=CARTESIAN_POINT('',(125.75572,390.253894,2190.672467));
#15558=CARTESIAN_POINT('',(116.75572,410.253894,2177.372352));
#15559=CARTESIAN_POINT('',(143.409738764687,410.253894,2177.372352));
#15560=CARTESIAN_POINT('',(149.257870964013,410.253894,2185.30290146418));
#15561=CARTESIAN_POINT('',(149.25572,410.253894,2199.672467));
#15562=CARTESIAN_POINT('',(149.25572,410.253894,2199.672467));
#15563=CARTESIAN_POINT('',(149.257870964013,410.253894,2185.30290146418));
#15564=CARTESIAN_POINT('',(153.644014175307,410.253894,2175.94694470579));
#15565=CARTESIAN_POINT('',(116.75572,410.253894,2177.372352));
#15566=CARTESIAN_POINT('',(116.75572,410.253894,2190.672467));
#15567=CARTESIAN_POINT('',(149.25572,390.253894,2199.672467));
#15568=CARTESIAN_POINT('',(149.257870964013,390.253894,2185.30290146418));
#15569=CARTESIAN_POINT('',(153.644014175307,390.253894,2175.94694470579));
#15570=CARTESIAN_POINT('',(116.75572,390.253894,2177.372352));
#15571=CARTESIAN_POINT('',(116.75572,390.253894,2190.672467));
#15572=CARTESIAN_POINT('',(125.75572,-101.746106,2199.672467));
#15573=CARTESIAN_POINT('',(125.75572,-101.746106,2190.672467));
#15574=CARTESIAN_POINT('',(125.75572,-121.746106,2199.672467));
#15575=CARTESIAN_POINT('',(125.75572,-121.746106,2190.672467));
#15576=CARTESIAN_POINT('',(116.75572,-101.746106,2177.372352));
#15577=CARTESIAN_POINT('',(143.409738764687,-101.746106,2177.372352));
#15578=CARTESIAN_POINT('',(149.257870964013,-101.746106,2185.30290146418));
#15579=CARTESIAN_POINT('',(149.25572,-101.746106,2199.672467));
#15580=CARTESIAN_POINT('',(149.25572,-101.746106,2199.672467));
#15581=CARTESIAN_POINT('',(149.257870964013,-101.746106,2185.30290146418));
#15582=CARTESIAN_POINT('',(153.644014175307,-101.746106,2175.94694470579));
#15583=CARTESIAN_POINT('',(116.75572,-101.746106,2177.372352));
#15584=CARTESIAN_POINT('',(116.75572,-101.746106,2190.672467));
#15585=CARTESIAN_POINT('',(149.25572,-121.746106,2199.672467));
#15586=CARTESIAN_POINT('',(149.257870964013,-121.746106,2185.30290146418));
#15587=CARTESIAN_POINT('',(153.644014175307,-121.746106,2175.94694470579));
#15588=CARTESIAN_POINT('',(116.75572,-121.746106,2177.372352));
#15589=CARTESIAN_POINT('',(116.75572,-121.746106,2190.672467));
#15590=CARTESIAN_POINT('',(125.75572,-69.746106,2199.672467));
#15591=CARTESIAN_POINT('',(125.75572,-69.746106,2190.672467));
#15592=CARTESIAN_POINT('',(125.75572,-89.746106,2199.672467));
#15593=CARTESIAN_POINT('',(125.75572,-89.746106,2190.672467));
#15594=CARTESIAN_POINT('',(116.75572,-69.7461060000001,2177.372352));
#15595=CARTESIAN_POINT('',(143.409738764687,-69.7461060000001,2177.372352));
#15596=CARTESIAN_POINT('',(149.257870964013,-69.746106,2185.30290146418));
#15597=CARTESIAN_POINT('',(149.25572,-69.7461060000001,2199.672467));
#15598=CARTESIAN_POINT('',(149.25572,-69.7461060000001,2199.672467));
#15599=CARTESIAN_POINT('',(149.257870964013,-69.7461060000001,2185.30290146418
));
#15600=CARTESIAN_POINT('',(153.644014175307,-69.746106,2175.94694470579));
#15601=CARTESIAN_POINT('',(116.75572,-69.7461060000001,2177.372352));
#15602=CARTESIAN_POINT('',(116.75572,-69.7461060000001,2190.672467));
#15603=CARTESIAN_POINT('',(149.25572,-89.7461060000001,2199.672467));
#15604=CARTESIAN_POINT('',(149.257870964013,-89.7461060000001,2185.30290146418
));
#15605=CARTESIAN_POINT('',(153.644014175307,-89.7461060000001,2175.94694470579
));
#15606=CARTESIAN_POINT('',(116.75572,-89.7461060000001,2177.372352));
#15607=CARTESIAN_POINT('',(116.75572,-89.7461060000001,2190.672467));
#15608=CARTESIAN_POINT('',(125.75572,442.253894,2199.672467));
#15609=CARTESIAN_POINT('',(125.75572,442.253894,2190.672467));
#15610=CARTESIAN_POINT('',(125.75572,422.253894,2199.672467));
#15611=CARTESIAN_POINT('',(125.75572,422.253894,2190.672467));
#15612=CARTESIAN_POINT('',(116.75572,442.253894,2177.372352));
#15613=CARTESIAN_POINT('',(143.409738764687,442.253894,2177.372352));
#15614=CARTESIAN_POINT('',(149.257870964013,442.253894,2185.30290146418));
#15615=CARTESIAN_POINT('',(149.25572,442.253894,2199.672467));
#15616=CARTESIAN_POINT('',(149.25572,442.253894,2199.672467));
#15617=CARTESIAN_POINT('',(149.257870964013,442.253894,2185.30290146418));
#15618=CARTESIAN_POINT('',(153.644014175307,442.253894,2175.94694470579));
#15619=CARTESIAN_POINT('',(116.75572,442.253894,2177.372352));
#15620=CARTESIAN_POINT('',(116.75572,442.253894,2190.672467));
#15621=CARTESIAN_POINT('',(149.25572,422.253894,2199.672467));
#15622=CARTESIAN_POINT('',(149.257870964013,422.253894,2185.30290146418));
#15623=CARTESIAN_POINT('',(153.644014175307,422.253894,2175.94694470579));
#15624=CARTESIAN_POINT('',(116.75572,422.253894,2177.372352));
#15625=CARTESIAN_POINT('',(116.75572,422.253894,2190.672467));
#15626=CARTESIAN_POINT('',(125.75572,-37.7461060000002,2199.672467));
#15627=CARTESIAN_POINT('',(125.75572,-37.7461060000002,2190.672467));
#15628=CARTESIAN_POINT('',(125.75572,-57.746106,2199.672467));
#15629=CARTESIAN_POINT('',(125.75572,-57.746106,2190.672467));
#15630=CARTESIAN_POINT('',(116.75572,-37.7461060000001,2177.372352));
#15631=CARTESIAN_POINT('',(143.409738764687,-37.7461060000001,2177.372352));
#15632=CARTESIAN_POINT('',(149.257870964013,-37.7461060000001,2185.30290146418
));
#15633=CARTESIAN_POINT('',(149.25572,-37.7461060000001,2199.672467));
#15634=CARTESIAN_POINT('',(149.25572,-37.7461060000001,2199.672467));
#15635=CARTESIAN_POINT('',(149.257870964013,-37.7461060000001,2185.30290146418
));
#15636=CARTESIAN_POINT('',(153.644014175307,-37.7461060000001,2175.94694470579
));
#15637=CARTESIAN_POINT('',(116.75572,-37.7461060000001,2177.372352));
#15638=CARTESIAN_POINT('',(116.75572,-37.7461060000001,2190.672467));
#15639=CARTESIAN_POINT('',(149.25572,-57.7461060000001,2199.672467));
#15640=CARTESIAN_POINT('',(149.257870964013,-57.7461060000001,2185.30290146418
));
#15641=CARTESIAN_POINT('',(153.644014175307,-57.7461060000001,2175.94694470579
));
#15642=CARTESIAN_POINT('',(116.75572,-57.7461060000001,2177.372352));
#15643=CARTESIAN_POINT('',(116.75572,-57.7461060000001,2190.672467));
#15644=CARTESIAN_POINT('',(125.75572,1018.253894,2199.672467));
#15645=CARTESIAN_POINT('',(125.75572,998.253894,2199.672467));
#15646=CARTESIAN_POINT('',(116.75572,1018.253894,2177.372352));
#15647=CARTESIAN_POINT('',(143.409738764687,1018.253894,2177.372352));
#15648=CARTESIAN_POINT('',(149.257870964013,1018.253894,2185.30290146418));
#15649=CARTESIAN_POINT('',(149.25572,1018.253894,2199.672467));
#15650=CARTESIAN_POINT('',(149.25572,1018.253894,2199.672467));
#15651=CARTESIAN_POINT('',(149.257870964013,1018.253894,2185.30290146418));
#15652=CARTESIAN_POINT('',(153.644014175307,1018.253894,2175.94694470579));
#15653=CARTESIAN_POINT('',(116.75572,1018.253894,2177.372352));
#15654=CARTESIAN_POINT('',(116.75572,1018.253894,2190.672467));
#15655=CARTESIAN_POINT('',(149.25572,998.253894,2199.672467));
#15656=CARTESIAN_POINT('',(149.257870964013,998.253894,2185.30290146418));
#15657=CARTESIAN_POINT('',(153.644014175307,998.253894,2175.94694470579));
#15658=CARTESIAN_POINT('',(116.75572,998.253894,2177.372352));
#15659=CARTESIAN_POINT('',(116.75572,998.253894,2190.672467));
#15660=CARTESIAN_POINT('',(125.75572,-5.74610600000014,2199.672467));
#15661=CARTESIAN_POINT('',(125.75572,-5.74610600000014,2190.672467));
#15662=CARTESIAN_POINT('',(125.75572,-25.7461060000002,2199.672467));
#15663=CARTESIAN_POINT('',(125.75572,-25.7461060000002,2190.672467));
#15664=CARTESIAN_POINT('',(116.75572,-5.74610600000005,2177.372352));
#15665=CARTESIAN_POINT('',(143.409738764687,-5.74610600000005,2177.372352));
#15666=CARTESIAN_POINT('',(149.257870964013,-5.74610600000005,2185.30290146418
));
#15667=CARTESIAN_POINT('',(149.25572,-5.74610600000005,2199.672467));
#15668=CARTESIAN_POINT('',(149.25572,-5.74610600000005,2199.672467));
#15669=CARTESIAN_POINT('',(149.257870964013,-5.74610600000005,2185.30290146418
));
#15670=CARTESIAN_POINT('',(153.644014175307,-5.74610600000005,2175.94694470579
));
#15671=CARTESIAN_POINT('',(116.75572,-5.74610600000005,2177.372352));
#15672=CARTESIAN_POINT('',(116.75572,-5.74610600000005,2190.672467));
#15673=CARTESIAN_POINT('',(149.25572,-25.7461060000001,2199.672467));
#15674=CARTESIAN_POINT('',(149.257870964013,-25.7461060000001,2185.30290146418
));
#15675=CARTESIAN_POINT('',(153.644014175307,-25.7461060000001,2175.94694470579
));
#15676=CARTESIAN_POINT('',(116.75572,-25.7461060000001,2177.372352));
#15677=CARTESIAN_POINT('',(116.75572,-25.7461060000001,2190.672467));
#15678=CARTESIAN_POINT('',(125.75572,474.253894,2199.672467));
#15679=CARTESIAN_POINT('',(125.75572,474.253894,2190.672467));
#15680=CARTESIAN_POINT('',(125.75572,454.253894,2199.672467));
#15681=CARTESIAN_POINT('',(125.75572,454.253894,2190.672467));
#15682=CARTESIAN_POINT('',(116.75572,474.253894,2177.372352));
#15683=CARTESIAN_POINT('',(143.409738764687,474.253894,2177.372352));
#15684=CARTESIAN_POINT('',(149.257870964013,474.253894,2185.30290146418));
#15685=CARTESIAN_POINT('',(149.25572,474.253894,2199.672467));
#15686=CARTESIAN_POINT('',(149.25572,474.253894,2199.672467));
#15687=CARTESIAN_POINT('',(149.257870964013,474.253894,2185.30290146418));
#15688=CARTESIAN_POINT('',(153.644014175307,474.253894,2175.94694470579));
#15689=CARTESIAN_POINT('',(116.75572,474.253894,2177.372352));
#15690=CARTESIAN_POINT('',(116.75572,474.253894,2190.672467));
#15691=CARTESIAN_POINT('',(149.25572,454.253894,2199.672467));
#15692=CARTESIAN_POINT('',(149.257870964013,454.253894,2185.30290146418));
#15693=CARTESIAN_POINT('',(153.644014175307,454.253894,2175.94694470579));
#15694=CARTESIAN_POINT('',(116.75572,454.253894,2177.372352));
#15695=CARTESIAN_POINT('',(116.75572,454.253894,2190.672467));
#15696=CARTESIAN_POINT('',(125.75572,26.2538939999999,2199.672467));
#15697=CARTESIAN_POINT('',(125.75572,26.2538939999999,2190.672467));
#15698=CARTESIAN_POINT('',(125.75572,6.25389399999987,2199.672467));
#15699=CARTESIAN_POINT('',(125.75572,6.25389399999987,2190.672467));
#15700=CARTESIAN_POINT('',(116.75572,26.2538939999999,2177.372352));
#15701=CARTESIAN_POINT('',(143.409738764687,26.2538939999999,2177.372352));
#15702=CARTESIAN_POINT('',(149.257870964013,26.2538939999999,2185.30290146418)
);
#15703=CARTESIAN_POINT('',(149.25572,26.2538939999999,2199.672467));
#15704=CARTESIAN_POINT('',(149.25572,26.2538939999999,2199.672467));
#15705=CARTESIAN_POINT('',(149.257870964013,26.2538939999999,2185.30290146418)
);
#15706=CARTESIAN_POINT('',(153.644014175307,26.2538939999999,2175.94694470579)
);
#15707=CARTESIAN_POINT('',(116.75572,26.2538939999999,2177.372352));
#15708=CARTESIAN_POINT('',(116.75572,26.2538939999999,2190.672467));
#15709=CARTESIAN_POINT('',(149.25572,6.25389399999995,2199.672467));
#15710=CARTESIAN_POINT('',(149.257870964013,6.25389399999995,2185.30290146418)
);
#15711=CARTESIAN_POINT('',(153.644014175307,6.25389399999995,2175.94694470579)
);
#15712=CARTESIAN_POINT('',(116.75572,6.25389399999995,2177.372352));
#15713=CARTESIAN_POINT('',(116.75572,6.25389399999995,2190.672467));
#15714=CARTESIAN_POINT('',(125.75572,58.2538939999999,2199.672467));
#15715=CARTESIAN_POINT('',(125.75572,58.2538939999999,2190.672467));
#15716=CARTESIAN_POINT('',(125.75572,38.2538939999999,2199.672467));
#15717=CARTESIAN_POINT('',(125.75572,38.2538939999999,2190.672467));
#15718=CARTESIAN_POINT('',(116.75572,58.2538939999999,2177.372352));
#15719=CARTESIAN_POINT('',(143.409738764687,58.2538939999999,2177.372352));
#15720=CARTESIAN_POINT('',(149.257870964013,58.2538939999999,2185.30290146418)
);
#15721=CARTESIAN_POINT('',(149.25572,58.2538939999999,2199.672467));
#15722=CARTESIAN_POINT('',(149.25572,58.2538939999999,2199.672467));
#15723=CARTESIAN_POINT('',(149.257870964013,58.2538939999999,2185.30290146418)
);
#15724=CARTESIAN_POINT('',(153.644014175307,58.2538939999999,2175.94694470579)
);
#15725=CARTESIAN_POINT('',(116.75572,58.2538939999999,2177.372352));
#15726=CARTESIAN_POINT('',(116.75572,58.2538939999999,2190.672467));
#15727=CARTESIAN_POINT('',(149.25572,38.2538939999999,2199.672467));
#15728=CARTESIAN_POINT('',(149.257870964013,38.2538939999999,2185.30290146418)
);
#15729=CARTESIAN_POINT('',(153.644014175307,38.2538939999999,2175.94694470579)
);
#15730=CARTESIAN_POINT('',(116.75572,38.2538939999999,2177.372352));
#15731=CARTESIAN_POINT('',(116.75572,38.2538939999999,2190.672467));
#15732=CARTESIAN_POINT('',(125.75572,506.253894,2199.672467));
#15733=CARTESIAN_POINT('',(125.75572,506.253894,2190.672467));
#15734=CARTESIAN_POINT('',(125.75572,486.253894,2199.672467));
#15735=CARTESIAN_POINT('',(125.75572,486.253894,2190.672467));
#15736=CARTESIAN_POINT('',(116.75572,506.253894,2177.372352));
#15737=CARTESIAN_POINT('',(143.409738764687,506.253894,2177.372352));
#15738=CARTESIAN_POINT('',(149.257870964013,506.253894,2185.30290146418));
#15739=CARTESIAN_POINT('',(149.25572,506.253894,2199.672467));
#15740=CARTESIAN_POINT('',(149.25572,506.253894,2199.672467));
#15741=CARTESIAN_POINT('',(149.257870964013,506.253894,2185.30290146418));
#15742=CARTESIAN_POINT('',(153.644014175307,506.253894,2175.94694470579));
#15743=CARTESIAN_POINT('',(116.75572,506.253894,2177.372352));
#15744=CARTESIAN_POINT('',(116.75572,506.253894,2190.672467));
#15745=CARTESIAN_POINT('',(149.25572,486.253894,2199.672467));
#15746=CARTESIAN_POINT('',(149.257870964013,486.253894,2185.30290146418));
#15747=CARTESIAN_POINT('',(153.644014175307,486.253894,2175.94694470579));
#15748=CARTESIAN_POINT('',(116.75572,486.253894,2177.372352));
#15749=CARTESIAN_POINT('',(116.75572,486.253894,2190.672467));
#15750=CARTESIAN_POINT('',(125.75572,90.2538939999999,2199.672467));
#15751=CARTESIAN_POINT('',(125.75572,90.2538939999999,2190.672467));
#15752=CARTESIAN_POINT('',(125.75572,70.2538939999999,2199.672467));
#15753=CARTESIAN_POINT('',(125.75572,70.2538939999999,2190.672467));
#15754=CARTESIAN_POINT('',(116.75572,90.2538939999999,2177.372352));
#15755=CARTESIAN_POINT('',(143.409738764687,90.2538939999999,2177.372352));
#15756=CARTESIAN_POINT('',(149.257870964013,90.2538939999999,2185.30290146418)
);
#15757=CARTESIAN_POINT('',(149.25572,90.2538939999999,2199.672467));
#15758=CARTESIAN_POINT('',(149.25572,90.2538939999999,2199.672467));
#15759=CARTESIAN_POINT('',(149.257870964013,90.2538939999999,2185.30290146418)
);
#15760=CARTESIAN_POINT('',(153.644014175307,90.2538939999999,2175.94694470579)
);
#15761=CARTESIAN_POINT('',(116.75572,90.2538939999999,2177.372352));
#15762=CARTESIAN_POINT('',(116.75572,90.2538939999999,2190.672467));
#15763=CARTESIAN_POINT('',(149.25572,70.2538939999999,2199.672467));
#15764=CARTESIAN_POINT('',(149.257870964013,70.2538939999999,2185.30290146418)
);
#15765=CARTESIAN_POINT('',(153.644014175307,70.2538939999999,2175.94694470579)
);
#15766=CARTESIAN_POINT('',(116.75572,70.2538939999999,2177.372352));
#15767=CARTESIAN_POINT('',(116.75572,70.2538939999999,2190.672467));
#15768=CARTESIAN_POINT('',(125.75572,1050.253894,2199.672467));
#15769=CARTESIAN_POINT('',(125.75572,1030.253894,2199.672467));
#15770=CARTESIAN_POINT('',(116.75572,1050.253894,2177.372352));
#15771=CARTESIAN_POINT('',(143.409738764687,1050.253894,2177.372352));
#15772=CARTESIAN_POINT('',(149.257870964013,1050.253894,2185.30290146418));
#15773=CARTESIAN_POINT('',(149.25572,1050.253894,2199.672467));
#15774=CARTESIAN_POINT('',(149.25572,1050.253894,2199.672467));
#15775=CARTESIAN_POINT('',(149.257870964013,1050.253894,2185.30290146418));
#15776=CARTESIAN_POINT('',(153.644014175307,1050.253894,2175.94694470579));
#15777=CARTESIAN_POINT('',(116.75572,1050.253894,2177.372352));
#15778=CARTESIAN_POINT('',(116.75572,1050.253894,2190.672467));
#15779=CARTESIAN_POINT('',(149.25572,1030.253894,2199.672467));
#15780=CARTESIAN_POINT('',(149.257870964013,1030.253894,2185.30290146418));
#15781=CARTESIAN_POINT('',(153.644014175307,1030.253894,2175.94694470579));
#15782=CARTESIAN_POINT('',(116.75572,1030.253894,2177.372352));
#15783=CARTESIAN_POINT('',(116.75572,1030.253894,2190.672467));
#15784=CARTESIAN_POINT('',(125.75572,122.253894,2199.672467));
#15785=CARTESIAN_POINT('',(125.75572,122.253894,2190.672467));
#15786=CARTESIAN_POINT('',(125.75572,102.253894,2199.672467));
#15787=CARTESIAN_POINT('',(125.75572,102.253894,2190.672467));
#15788=CARTESIAN_POINT('',(116.75572,122.253894,2177.372352));
#15789=CARTESIAN_POINT('',(143.409738764687,122.253894,2177.372352));
#15790=CARTESIAN_POINT('',(149.257870964013,122.253894,2185.30290146418));
#15791=CARTESIAN_POINT('',(149.25572,122.253894,2199.672467));
#15792=CARTESIAN_POINT('',(149.25572,122.253894,2199.672467));
#15793=CARTESIAN_POINT('',(149.257870964013,122.253894,2185.30290146418));
#15794=CARTESIAN_POINT('',(153.644014175307,122.253894,2175.94694470579));
#15795=CARTESIAN_POINT('',(116.75572,122.253894,2177.372352));
#15796=CARTESIAN_POINT('',(116.75572,122.253894,2190.672467));
#15797=CARTESIAN_POINT('',(149.25572,102.253894,2199.672467));
#15798=CARTESIAN_POINT('',(149.257870964013,102.253894,2185.30290146418));
#15799=CARTESIAN_POINT('',(153.644014175307,102.253894,2175.94694470579));
#15800=CARTESIAN_POINT('',(116.75572,102.253894,2177.372352));
#15801=CARTESIAN_POINT('',(116.75572,102.253894,2190.672467));
#15802=CARTESIAN_POINT('',(125.75572,538.253894,2199.672467));
#15803=CARTESIAN_POINT('',(125.75572,538.253894,2190.672467));
#15804=CARTESIAN_POINT('',(125.75572,518.253894,2199.672467));
#15805=CARTESIAN_POINT('',(125.75572,518.253894,2190.672467));
#15806=CARTESIAN_POINT('',(116.75572,538.253894,2177.372352));
#15807=CARTESIAN_POINT('',(143.409738764687,538.253894,2177.372352));
#15808=CARTESIAN_POINT('',(149.257870964013,538.253894,2185.30290146418));
#15809=CARTESIAN_POINT('',(149.25572,538.253894,2199.672467));
#15810=CARTESIAN_POINT('',(149.25572,538.253894,2199.672467));
#15811=CARTESIAN_POINT('',(149.257870964013,538.253894,2185.30290146418));
#15812=CARTESIAN_POINT('',(153.644014175307,538.253894,2175.94694470579));
#15813=CARTESIAN_POINT('',(116.75572,538.253894,2177.372352));
#15814=CARTESIAN_POINT('',(116.75572,538.253894,2190.672467));
#15815=CARTESIAN_POINT('',(149.25572,518.253894,2199.672467));
#15816=CARTESIAN_POINT('',(149.257870964013,518.253894,2185.30290146418));
#15817=CARTESIAN_POINT('',(153.644014175307,518.253894,2175.94694470579));
#15818=CARTESIAN_POINT('',(116.75572,518.253894,2177.372352));
#15819=CARTESIAN_POINT('',(116.75572,518.253894,2190.672467));
#15820=CARTESIAN_POINT('',(125.75572,154.253894,2199.672467));
#15821=CARTESIAN_POINT('',(125.75572,154.253894,2190.672467));
#15822=CARTESIAN_POINT('',(125.75572,134.253894,2199.672467));
#15823=CARTESIAN_POINT('',(125.75572,134.253894,2190.672467));
#15824=CARTESIAN_POINT('',(116.75572,154.253894,2177.372352));
#15825=CARTESIAN_POINT('',(143.409738764687,154.253894,2177.372352));
#15826=CARTESIAN_POINT('',(149.257870964013,154.253894,2185.30290146418));
#15827=CARTESIAN_POINT('',(149.25572,154.253894,2199.672467));
#15828=CARTESIAN_POINT('',(149.25572,154.253894,2199.672467));
#15829=CARTESIAN_POINT('',(149.257870964013,154.253894,2185.30290146418));
#15830=CARTESIAN_POINT('',(153.644014175307,154.253894,2175.94694470579));
#15831=CARTESIAN_POINT('',(116.75572,154.253894,2177.372352));
#15832=CARTESIAN_POINT('',(116.75572,154.253894,2190.672467));
#15833=CARTESIAN_POINT('',(149.25572,134.253894,2199.672467));
#15834=CARTESIAN_POINT('',(149.257870964013,134.253894,2185.30290146418));
#15835=CARTESIAN_POINT('',(153.644014175307,134.253894,2175.94694470579));
#15836=CARTESIAN_POINT('',(116.75572,134.253894,2177.372352));
#15837=CARTESIAN_POINT('',(116.75572,134.253894,2190.672467));
#15838=CARTESIAN_POINT('',(125.75572,186.253894,2199.672467));
#15839=CARTESIAN_POINT('',(125.75572,186.253894,2190.672467));
#15840=CARTESIAN_POINT('',(125.75572,166.253894,2199.672467));
#15841=CARTESIAN_POINT('',(125.75572,166.253894,2190.672467));
#15842=CARTESIAN_POINT('',(116.75572,186.253894,2177.372352));
#15843=CARTESIAN_POINT('',(143.409738764687,186.253894,2177.372352));
#15844=CARTESIAN_POINT('',(149.257870964013,186.253894,2185.30290146418));
#15845=CARTESIAN_POINT('',(149.25572,186.253894,2199.672467));
#15846=CARTESIAN_POINT('',(149.25572,186.253894,2199.672467));
#15847=CARTESIAN_POINT('',(149.257870964013,186.253894,2185.30290146418));
#15848=CARTESIAN_POINT('',(153.644014175307,186.253894,2175.94694470579));
#15849=CARTESIAN_POINT('',(116.75572,186.253894,2177.372352));
#15850=CARTESIAN_POINT('',(116.75572,186.253894,2190.672467));
#15851=CARTESIAN_POINT('',(149.25572,166.253894,2199.672467));
#15852=CARTESIAN_POINT('',(149.257870964013,166.253894,2185.30290146418));
#15853=CARTESIAN_POINT('',(153.644014175307,166.253894,2175.94694470579));
#15854=CARTESIAN_POINT('',(116.75572,166.253894,2177.372352));
#15855=CARTESIAN_POINT('',(116.75572,166.253894,2190.672467));
#15856=CARTESIAN_POINT('',(125.75572,570.253894,2199.672467));
#15857=CARTESIAN_POINT('',(125.75572,570.253894,2190.672467));
#15858=CARTESIAN_POINT('',(125.75572,550.253894,2199.672467));
#15859=CARTESIAN_POINT('',(125.75572,550.253894,2190.672467));
#15860=CARTESIAN_POINT('',(116.75572,570.253894,2177.372352));
#15861=CARTESIAN_POINT('',(143.409738764687,570.253894,2177.372352));
#15862=CARTESIAN_POINT('',(149.257870964013,570.253894,2185.30290146418));
#15863=CARTESIAN_POINT('',(149.25572,570.253894,2199.672467));
#15864=CARTESIAN_POINT('',(149.25572,570.253894,2199.672467));
#15865=CARTESIAN_POINT('',(149.257870964013,570.253894,2185.30290146418));
#15866=CARTESIAN_POINT('',(153.644014175307,570.253894,2175.94694470579));
#15867=CARTESIAN_POINT('',(116.75572,570.253894,2177.372352));
#15868=CARTESIAN_POINT('',(116.75572,570.253894,2190.672467));
#15869=CARTESIAN_POINT('',(149.25572,550.253894,2199.672467));
#15870=CARTESIAN_POINT('',(149.257870964013,550.253894,2185.30290146418));
#15871=CARTESIAN_POINT('',(153.644014175307,550.253894,2175.94694470579));
#15872=CARTESIAN_POINT('',(116.75572,550.253894,2177.372352));
#15873=CARTESIAN_POINT('',(116.75572,550.253894,2190.672467));
#15874=CARTESIAN_POINT('',(125.75572,218.253894,2199.672467));
#15875=CARTESIAN_POINT('',(125.75572,218.253894,2190.672467));
#15876=CARTESIAN_POINT('',(125.75572,198.253894,2199.672467));
#15877=CARTESIAN_POINT('',(125.75572,198.253894,2190.672467));
#15878=CARTESIAN_POINT('',(116.75572,218.253894,2177.372352));
#15879=CARTESIAN_POINT('',(143.409738764687,218.253894,2177.372352));
#15880=CARTESIAN_POINT('',(149.257870964013,218.253894,2185.30290146418));
#15881=CARTESIAN_POINT('',(149.25572,218.253894,2199.672467));
#15882=CARTESIAN_POINT('',(149.25572,218.253894,2199.672467));
#15883=CARTESIAN_POINT('',(149.257870964013,218.253894,2185.30290146418));
#15884=CARTESIAN_POINT('',(153.644014175307,218.253894,2175.94694470579));
#15885=CARTESIAN_POINT('',(116.75572,218.253894,2177.372352));
#15886=CARTESIAN_POINT('',(116.75572,218.253894,2190.672467));
#15887=CARTESIAN_POINT('',(149.25572,198.253894,2199.672467));
#15888=CARTESIAN_POINT('',(149.257870964013,198.253894,2185.30290146418));
#15889=CARTESIAN_POINT('',(153.644014175307,198.253894,2175.94694470579));
#15890=CARTESIAN_POINT('',(116.75572,198.253894,2177.372352));
#15891=CARTESIAN_POINT('',(116.75572,198.253894,2190.672467));
#15892=CARTESIAN_POINT('',(125.75572,1082.253894,2199.672467));
#15893=CARTESIAN_POINT('',(125.75572,1062.253894,2199.672467));
#15894=CARTESIAN_POINT('',(116.75572,1082.253894,2177.372352));
#15895=CARTESIAN_POINT('',(143.409738764687,1082.253894,2177.372352));
#15896=CARTESIAN_POINT('',(149.257870964013,1082.253894,2185.30290146418));
#15897=CARTESIAN_POINT('',(149.25572,1082.253894,2199.672467));
#15898=CARTESIAN_POINT('',(149.25572,1082.253894,2199.672467));
#15899=CARTESIAN_POINT('',(149.257870964013,1082.253894,2185.30290146418));
#15900=CARTESIAN_POINT('',(153.644014175307,1082.253894,2175.94694470579));
#15901=CARTESIAN_POINT('',(116.75572,1082.253894,2177.372352));
#15902=CARTESIAN_POINT('',(116.75572,1082.253894,2190.672467));
#15903=CARTESIAN_POINT('',(149.25572,1062.253894,2199.672467));
#15904=CARTESIAN_POINT('',(149.257870964013,1062.253894,2185.30290146418));
#15905=CARTESIAN_POINT('',(153.644014175307,1062.253894,2175.94694470579));
#15906=CARTESIAN_POINT('',(116.75572,1062.253894,2177.372352));
#15907=CARTESIAN_POINT('',(116.75572,1062.253894,2190.672467));
#15908=CARTESIAN_POINT('',(125.75572,250.253894,2199.672467));
#15909=CARTESIAN_POINT('',(125.75572,250.253894,2190.672467));
#15910=CARTESIAN_POINT('',(125.75572,230.253894,2199.672467));
#15911=CARTESIAN_POINT('',(125.75572,230.253894,2190.672467));
#15912=CARTESIAN_POINT('',(116.75572,250.253894,2177.372352));
#15913=CARTESIAN_POINT('',(143.409738764687,250.253894,2177.372352));
#15914=CARTESIAN_POINT('',(149.257870964013,250.253894,2185.30290146418));
#15915=CARTESIAN_POINT('',(149.25572,250.253894,2199.672467));
#15916=CARTESIAN_POINT('',(149.25572,250.253894,2199.672467));
#15917=CARTESIAN_POINT('',(149.257870964013,250.253894,2185.30290146418));
#15918=CARTESIAN_POINT('',(153.644014175307,250.253894,2175.94694470579));
#15919=CARTESIAN_POINT('',(116.75572,250.253894,2177.372352));
#15920=CARTESIAN_POINT('',(116.75572,250.253894,2190.672467));
#15921=CARTESIAN_POINT('',(149.25572,230.253894,2199.672467));
#15922=CARTESIAN_POINT('',(149.257870964013,230.253894,2185.30290146418));
#15923=CARTESIAN_POINT('',(153.644014175307,230.253894,2175.94694470579));
#15924=CARTESIAN_POINT('',(116.75572,230.253894,2177.372352));
#15925=CARTESIAN_POINT('',(116.75572,230.253894,2190.672467));
#15926=CARTESIAN_POINT('',(125.75572,602.253894,2199.672467));
#15927=CARTESIAN_POINT('',(125.75572,602.253894,2190.672467));
#15928=CARTESIAN_POINT('',(125.75572,582.253894,2199.672467));
#15929=CARTESIAN_POINT('',(125.75572,582.253894,2190.672467));
#15930=CARTESIAN_POINT('',(116.75572,602.253894,2177.372352));
#15931=CARTESIAN_POINT('',(143.409738764687,602.253894,2177.372352));
#15932=CARTESIAN_POINT('',(149.257870964013,602.253894,2185.30290146418));
#15933=CARTESIAN_POINT('',(149.25572,602.253894,2199.672467));
#15934=CARTESIAN_POINT('',(149.25572,602.253894,2199.672467));
#15935=CARTESIAN_POINT('',(149.257870964013,602.253894,2185.30290146418));
#15936=CARTESIAN_POINT('',(153.644014175307,602.253894,2175.94694470579));
#15937=CARTESIAN_POINT('',(116.75572,602.253894,2177.372352));
#15938=CARTESIAN_POINT('',(116.75572,602.253894,2190.672467));
#15939=CARTESIAN_POINT('',(149.25572,582.253894,2199.672467));
#15940=CARTESIAN_POINT('',(149.257870964013,582.253894,2185.30290146418));
#15941=CARTESIAN_POINT('',(153.644014175307,582.253894,2175.94694470579));
#15942=CARTESIAN_POINT('',(116.75572,582.253894,2177.372352));
#15943=CARTESIAN_POINT('',(116.75572,582.253894,2190.672467));
#15944=CARTESIAN_POINT('',(125.75572,282.253894,2199.672467));
#15945=CARTESIAN_POINT('',(125.75572,282.253894,2190.672467));
#15946=CARTESIAN_POINT('',(125.75572,262.253894,2199.672467));
#15947=CARTESIAN_POINT('',(125.75572,262.253894,2190.672467));
#15948=CARTESIAN_POINT('',(116.75572,282.253894,2177.372352));
#15949=CARTESIAN_POINT('',(143.409738764687,282.253894,2177.372352));
#15950=CARTESIAN_POINT('',(149.257870964013,282.253894,2185.30290146418));
#15951=CARTESIAN_POINT('',(149.25572,282.253894,2199.672467));
#15952=CARTESIAN_POINT('',(149.25572,282.253894,2199.672467));
#15953=CARTESIAN_POINT('',(149.257870964013,282.253894,2185.30290146418));
#15954=CARTESIAN_POINT('',(153.644014175307,282.253894,2175.94694470579));
#15955=CARTESIAN_POINT('',(116.75572,282.253894,2177.372352));
#15956=CARTESIAN_POINT('',(116.75572,282.253894,2190.672467));
#15957=CARTESIAN_POINT('',(149.25572,262.253894,2199.672467));
#15958=CARTESIAN_POINT('',(149.257870964013,262.253894,2185.30290146418));
#15959=CARTESIAN_POINT('',(153.644014175307,262.253894,2175.94694470579));
#15960=CARTESIAN_POINT('',(116.75572,262.253894,2177.372352));
#15961=CARTESIAN_POINT('',(116.75572,262.253894,2190.672467));
#15962=CARTESIAN_POINT('',(125.75572,634.253894,2199.672467));
#15963=CARTESIAN_POINT('',(125.75572,634.253894,2190.672467));
#15964=CARTESIAN_POINT('',(125.75572,614.253894,2199.672467));
#15965=CARTESIAN_POINT('',(125.75572,614.253894,2190.672467));
#15966=CARTESIAN_POINT('',(116.75572,634.253894,2177.372352));
#15967=CARTESIAN_POINT('',(143.409738764687,634.253894,2177.372352));
#15968=CARTESIAN_POINT('',(149.257870964013,634.253894,2185.30290146418));
#15969=CARTESIAN_POINT('',(149.25572,634.253894,2199.672467));
#15970=CARTESIAN_POINT('',(149.25572,634.253894,2199.672467));
#15971=CARTESIAN_POINT('',(149.257870964013,634.253894,2185.30290146418));
#15972=CARTESIAN_POINT('',(153.644014175307,634.253894,2175.94694470579));
#15973=CARTESIAN_POINT('',(116.75572,634.253894,2177.372352));
#15974=CARTESIAN_POINT('',(116.75572,634.253894,2190.672467));
#15975=CARTESIAN_POINT('',(149.25572,614.253894,2199.672467));
#15976=CARTESIAN_POINT('',(149.257870964013,614.253894,2185.30290146418));
#15977=CARTESIAN_POINT('',(153.644014175307,614.253894,2175.94694470579));
#15978=CARTESIAN_POINT('',(116.75572,614.253894,2177.372352));
#15979=CARTESIAN_POINT('',(116.75572,614.253894,2190.672467));
#15980=CARTESIAN_POINT('',(125.75572,1114.253894,2199.672467));
#15981=CARTESIAN_POINT('',(125.75572,1094.253894,2199.672467));
#15982=CARTESIAN_POINT('',(116.75572,1114.253894,2177.372352));
#15983=CARTESIAN_POINT('',(143.409738764687,1114.253894,2177.372352));
#15984=CARTESIAN_POINT('',(149.257870964013,1114.253894,2185.30290146418));
#15985=CARTESIAN_POINT('',(149.25572,1114.253894,2199.672467));
#15986=CARTESIAN_POINT('',(149.25572,1114.253894,2199.672467));
#15987=CARTESIAN_POINT('',(149.257870964013,1114.253894,2185.30290146418));
#15988=CARTESIAN_POINT('',(153.644014175307,1114.253894,2175.94694470579));
#15989=CARTESIAN_POINT('',(116.75572,1114.253894,2177.372352));
#15990=CARTESIAN_POINT('',(116.75572,1114.253894,2190.672467));
#15991=CARTESIAN_POINT('',(149.25572,1094.253894,2199.672467));
#15992=CARTESIAN_POINT('',(149.257870964013,1094.253894,2185.30290146418));
#15993=CARTESIAN_POINT('',(153.644014175307,1094.253894,2175.94694470579));
#15994=CARTESIAN_POINT('',(116.75572,1094.253894,2177.372352));
#15995=CARTESIAN_POINT('',(116.75572,1094.253894,2190.672467));
#15996=CARTESIAN_POINT('',(125.75572,666.253894,2199.672467));
#15997=CARTESIAN_POINT('',(125.75572,666.253894,2190.672467));
#15998=CARTESIAN_POINT('',(125.75572,646.253894,2199.672467));
#15999=CARTESIAN_POINT('',(125.75572,646.253894,2190.672467));
#16000=CARTESIAN_POINT('',(116.75572,666.253894,2177.372352));
#16001=CARTESIAN_POINT('',(143.409738764687,666.253894,2177.372352));
#16002=CARTESIAN_POINT('',(149.257870964013,666.253894,2185.30290146418));
#16003=CARTESIAN_POINT('',(149.25572,666.253894,2199.672467));
#16004=CARTESIAN_POINT('',(149.25572,666.253894,2199.672467));
#16005=CARTESIAN_POINT('',(149.257870964013,666.253894,2185.30290146418));
#16006=CARTESIAN_POINT('',(153.644014175307,666.253894,2175.94694470579));
#16007=CARTESIAN_POINT('',(116.75572,666.253894,2177.372352));
#16008=CARTESIAN_POINT('',(116.75572,666.253894,2190.672467));
#16009=CARTESIAN_POINT('',(149.25572,646.253894,2199.672467));
#16010=CARTESIAN_POINT('',(149.257870964013,646.253894,2185.30290146418));
#16011=CARTESIAN_POINT('',(153.644014175307,646.253894,2175.94694470579));
#16012=CARTESIAN_POINT('',(116.75572,646.253894,2177.372352));
#16013=CARTESIAN_POINT('',(116.75572,646.253894,2190.672467));
#16014=CARTESIAN_POINT('',(125.75572,698.253894,2199.672467));
#16015=CARTESIAN_POINT('',(125.75572,698.253894,2190.672467));
#16016=CARTESIAN_POINT('',(125.75572,678.253894,2199.672467));
#16017=CARTESIAN_POINT('',(125.75572,678.253894,2190.672467));
#16018=CARTESIAN_POINT('',(116.75572,698.253894,2177.372352));
#16019=CARTESIAN_POINT('',(143.409738764687,698.253894,2177.372352));
#16020=CARTESIAN_POINT('',(149.257870964013,698.253894,2185.30290146418));
#16021=CARTESIAN_POINT('',(149.25572,698.253894,2199.672467));
#16022=CARTESIAN_POINT('',(149.25572,698.253894,2199.672467));
#16023=CARTESIAN_POINT('',(149.257870964013,698.253894,2185.30290146418));
#16024=CARTESIAN_POINT('',(153.644014175307,698.253894,2175.94694470579));
#16025=CARTESIAN_POINT('',(116.75572,698.253894,2177.372352));
#16026=CARTESIAN_POINT('',(116.75572,698.253894,2190.672467));
#16027=CARTESIAN_POINT('',(149.25572,678.253894,2199.672467));
#16028=CARTESIAN_POINT('',(149.257870964013,678.253894,2185.30290146418));
#16029=CARTESIAN_POINT('',(153.644014175307,678.253894,2175.94694470579));
#16030=CARTESIAN_POINT('',(116.75572,678.253894,2177.372352));
#16031=CARTESIAN_POINT('',(116.75572,678.253894,2190.672467));
#16032=CARTESIAN_POINT('',(125.75572,1146.253894,2199.672467));
#16033=CARTESIAN_POINT('',(125.75572,1126.253894,2199.672467));
#16034=CARTESIAN_POINT('',(116.75572,1146.253894,2177.372352));
#16035=CARTESIAN_POINT('',(143.409738764687,1146.253894,2177.372352));
#16036=CARTESIAN_POINT('',(149.257870964013,1146.253894,2185.30290146418));
#16037=CARTESIAN_POINT('',(149.25572,1146.253894,2199.672467));
#16038=CARTESIAN_POINT('',(149.25572,1146.253894,2199.672467));
#16039=CARTESIAN_POINT('',(149.257870964013,1146.253894,2185.30290146418));
#16040=CARTESIAN_POINT('',(153.644014175307,1146.253894,2175.94694470579));
#16041=CARTESIAN_POINT('',(116.75572,1146.253894,2177.372352));
#16042=CARTESIAN_POINT('',(116.75572,1146.253894,2190.672467));
#16043=CARTESIAN_POINT('',(149.25572,1126.253894,2199.672467));
#16044=CARTESIAN_POINT('',(149.257870964013,1126.253894,2185.30290146418));
#16045=CARTESIAN_POINT('',(153.644014175307,1126.253894,2175.94694470579));
#16046=CARTESIAN_POINT('',(116.75572,1126.253894,2177.372352));
#16047=CARTESIAN_POINT('',(116.75572,1126.253894,2190.672467));
#16048=CARTESIAN_POINT('',(125.75572,730.253894,2199.672467));
#16049=CARTESIAN_POINT('',(125.75572,730.253894,2190.672467));
#16050=CARTESIAN_POINT('',(125.75572,710.253894,2199.672467));
#16051=CARTESIAN_POINT('',(125.75572,710.253894,2190.672467));
#16052=CARTESIAN_POINT('',(116.75572,730.253894,2177.372352));
#16053=CARTESIAN_POINT('',(143.409738764687,730.253894,2177.372352));
#16054=CARTESIAN_POINT('',(149.257870964013,730.253894,2185.30290146418));
#16055=CARTESIAN_POINT('',(149.25572,730.253894,2199.672467));
#16056=CARTESIAN_POINT('',(149.25572,730.253894,2199.672467));
#16057=CARTESIAN_POINT('',(149.257870964013,730.253894,2185.30290146418));
#16058=CARTESIAN_POINT('',(153.644014175307,730.253894,2175.94694470579));
#16059=CARTESIAN_POINT('',(116.75572,730.253894,2177.372352));
#16060=CARTESIAN_POINT('',(116.75572,730.253894,2190.672467));
#16061=CARTESIAN_POINT('',(149.25572,710.253894,2199.672467));
#16062=CARTESIAN_POINT('',(149.257870964013,710.253894,2185.30290146418));
#16063=CARTESIAN_POINT('',(153.644014175307,710.253894,2175.94694470579));
#16064=CARTESIAN_POINT('',(116.75572,710.253894,2177.372352));
#16065=CARTESIAN_POINT('',(116.75572,710.253894,2190.672467));
#16066=CARTESIAN_POINT('',(125.75572,762.253894,2199.672467));
#16067=CARTESIAN_POINT('',(125.75572,762.253894,2190.672467));
#16068=CARTESIAN_POINT('',(125.75572,742.253894,2199.672467));
#16069=CARTESIAN_POINT('',(125.75572,742.253894,2190.672467));
#16070=CARTESIAN_POINT('',(116.75572,762.253894,2177.372352));
#16071=CARTESIAN_POINT('',(143.409738764687,762.253894,2177.372352));
#16072=CARTESIAN_POINT('',(149.257870964013,762.253894,2185.30290146418));
#16073=CARTESIAN_POINT('',(149.25572,762.253894,2199.672467));
#16074=CARTESIAN_POINT('',(149.25572,762.253894,2199.672467));
#16075=CARTESIAN_POINT('',(149.257870964013,762.253894,2185.30290146418));
#16076=CARTESIAN_POINT('',(153.644014175307,762.253894,2175.94694470579));
#16077=CARTESIAN_POINT('',(116.75572,762.253894,2177.372352));
#16078=CARTESIAN_POINT('',(116.75572,762.253894,2190.672467));
#16079=CARTESIAN_POINT('',(149.25572,742.253894,2199.672467));
#16080=CARTESIAN_POINT('',(149.257870964013,742.253894,2185.30290146418));
#16081=CARTESIAN_POINT('',(153.644014175307,742.253894,2175.94694470579));
#16082=CARTESIAN_POINT('',(116.75572,742.253894,2177.372352));
#16083=CARTESIAN_POINT('',(116.75572,742.253894,2190.672467));
#16084=CARTESIAN_POINT('',(125.75572,1178.253894,2199.672467));
#16085=CARTESIAN_POINT('',(125.75572,1158.253894,2199.672467));
#16086=CARTESIAN_POINT('',(116.75572,1178.253894,2177.372352));
#16087=CARTESIAN_POINT('',(143.409738764687,1178.253894,2177.372352));
#16088=CARTESIAN_POINT('',(149.257870964013,1178.253894,2185.30290146418));
#16089=CARTESIAN_POINT('',(149.25572,1178.253894,2199.672467));
#16090=CARTESIAN_POINT('',(149.25572,1178.253894,2199.672467));
#16091=CARTESIAN_POINT('',(149.257870964013,1178.253894,2185.30290146418));
#16092=CARTESIAN_POINT('',(153.644014175307,1178.253894,2175.94694470579));
#16093=CARTESIAN_POINT('',(116.75572,1178.253894,2177.372352));
#16094=CARTESIAN_POINT('',(116.75572,1178.253894,2190.672467));
#16095=CARTESIAN_POINT('',(149.25572,1158.253894,2199.672467));
#16096=CARTESIAN_POINT('',(149.257870964013,1158.253894,2185.30290146418));
#16097=CARTESIAN_POINT('',(153.644014175307,1158.253894,2175.94694470579));
#16098=CARTESIAN_POINT('',(116.75572,1158.253894,2177.372352));
#16099=CARTESIAN_POINT('',(116.75572,1158.253894,2190.672467));
#16100=CARTESIAN_POINT('',(125.75572,794.253894,2199.672467));
#16101=CARTESIAN_POINT('',(125.75572,794.253894,2190.672467));
#16102=CARTESIAN_POINT('',(125.75572,774.253894,2199.672467));
#16103=CARTESIAN_POINT('',(125.75572,774.253894,2190.672467));
#16104=CARTESIAN_POINT('',(116.75572,794.253894,2177.372352));
#16105=CARTESIAN_POINT('',(143.409738764687,794.253894,2177.372352));
#16106=CARTESIAN_POINT('',(149.257870964013,794.253894,2185.30290146418));
#16107=CARTESIAN_POINT('',(149.25572,794.253894,2199.672467));
#16108=CARTESIAN_POINT('',(149.25572,794.253894,2199.672467));
#16109=CARTESIAN_POINT('',(149.257870964013,794.253894,2185.30290146418));
#16110=CARTESIAN_POINT('',(153.644014175307,794.253894,2175.94694470579));
#16111=CARTESIAN_POINT('',(116.75572,794.253894,2177.372352));
#16112=CARTESIAN_POINT('',(116.75572,794.253894,2190.672467));
#16113=CARTESIAN_POINT('',(149.25572,774.253894,2199.672467));
#16114=CARTESIAN_POINT('',(149.257870964013,774.253894,2185.30290146418));
#16115=CARTESIAN_POINT('',(153.644014175307,774.253894,2175.94694470579));
#16116=CARTESIAN_POINT('',(116.75572,774.253894,2177.372352));
#16117=CARTESIAN_POINT('',(116.75572,774.253894,2190.672467));
#16118=CARTESIAN_POINT('',(125.75572,826.253894,2199.672467));
#16119=CARTESIAN_POINT('',(125.75572,826.253894,2190.672467));
#16120=CARTESIAN_POINT('',(125.75572,806.253894,2199.672467));
#16121=CARTESIAN_POINT('',(125.75572,806.253894,2190.672467));
#16122=CARTESIAN_POINT('',(116.75572,826.253894,2177.372352));
#16123=CARTESIAN_POINT('',(143.409738764687,826.253894,2177.372352));
#16124=CARTESIAN_POINT('',(149.257870964013,826.253894,2185.30290146418));
#16125=CARTESIAN_POINT('',(149.25572,826.253894,2199.672467));
#16126=CARTESIAN_POINT('',(149.25572,826.253894,2199.672467));
#16127=CARTESIAN_POINT('',(149.257870964013,826.253894,2185.30290146418));
#16128=CARTESIAN_POINT('',(153.644014175307,826.253894,2175.94694470579));
#16129=CARTESIAN_POINT('',(116.75572,826.253894,2177.372352));
#16130=CARTESIAN_POINT('',(116.75572,826.253894,2190.672467));
#16131=CARTESIAN_POINT('',(149.25572,806.253894,2199.672467));
#16132=CARTESIAN_POINT('',(149.257870964013,806.253894,2185.30290146418));
#16133=CARTESIAN_POINT('',(153.644014175307,806.253894,2175.94694470579));
#16134=CARTESIAN_POINT('',(116.75572,806.253894,2177.372352));
#16135=CARTESIAN_POINT('',(116.75572,806.253894,2190.672467));
#16136=CARTESIAN_POINT('',(125.75572,1210.253894,2199.672467));
#16137=CARTESIAN_POINT('',(125.75572,1190.253894,2199.672467));
#16138=CARTESIAN_POINT('',(116.75572,1210.253894,2177.372352));
#16139=CARTESIAN_POINT('',(143.409738764687,1210.253894,2177.372352));
#16140=CARTESIAN_POINT('',(149.257870964013,1210.253894,2185.30290146418));
#16141=CARTESIAN_POINT('',(149.25572,1210.253894,2199.672467));
#16142=CARTESIAN_POINT('',(149.25572,1210.253894,2199.672467));
#16143=CARTESIAN_POINT('',(149.257870964013,1210.253894,2185.30290146418));
#16144=CARTESIAN_POINT('',(153.644014175307,1210.253894,2175.94694470579));
#16145=CARTESIAN_POINT('',(116.75572,1210.253894,2177.372352));
#16146=CARTESIAN_POINT('',(116.75572,1210.253894,2190.672467));
#16147=CARTESIAN_POINT('',(149.25572,1190.253894,2199.672467));
#16148=CARTESIAN_POINT('',(149.257870964013,1190.253894,2185.30290146418));
#16149=CARTESIAN_POINT('',(153.644014175307,1190.253894,2175.94694470579));
#16150=CARTESIAN_POINT('',(116.75572,1190.253894,2177.372352));
#16151=CARTESIAN_POINT('',(116.75572,1190.253894,2190.672467));
#16152=CARTESIAN_POINT('',(125.75572,858.253894,2199.672467));
#16153=CARTESIAN_POINT('',(125.75572,858.253894,2190.672467));
#16154=CARTESIAN_POINT('',(125.75572,838.253894,2199.672467));
#16155=CARTESIAN_POINT('',(125.75572,838.253894,2190.672467));
#16156=CARTESIAN_POINT('',(116.75572,858.253894,2177.372352));
#16157=CARTESIAN_POINT('',(143.409738764687,858.253894,2177.372352));
#16158=CARTESIAN_POINT('',(149.257870964013,858.253894,2185.30290146418));
#16159=CARTESIAN_POINT('',(149.25572,858.253894,2199.672467));
#16160=CARTESIAN_POINT('',(149.25572,858.253894,2199.672467));
#16161=CARTESIAN_POINT('',(149.257870964013,858.253894,2185.30290146418));
#16162=CARTESIAN_POINT('',(153.644014175307,858.253894,2175.94694470579));
#16163=CARTESIAN_POINT('',(116.75572,858.253894,2177.372352));
#16164=CARTESIAN_POINT('',(116.75572,858.253894,2190.672467));
#16165=CARTESIAN_POINT('',(149.25572,838.253894,2199.672467));
#16166=CARTESIAN_POINT('',(149.257870964013,838.253894,2185.30290146418));
#16167=CARTESIAN_POINT('',(153.644014175307,838.253894,2175.94694470579));
#16168=CARTESIAN_POINT('',(116.75572,838.253894,2177.372352));
#16169=CARTESIAN_POINT('',(116.75572,838.253894,2190.672467));
#16170=CARTESIAN_POINT('',(125.75572,890.253894,2199.672467));
#16171=CARTESIAN_POINT('',(125.75572,890.253894,2190.672467));
#16172=CARTESIAN_POINT('',(125.75572,870.253894,2199.672467));
#16173=CARTESIAN_POINT('',(125.75572,870.253894,2190.672467));
#16174=CARTESIAN_POINT('',(116.75572,890.253894,2177.372352));
#16175=CARTESIAN_POINT('',(143.409738764687,890.253894,2177.372352));
#16176=CARTESIAN_POINT('',(149.257870964013,890.253894,2185.30290146418));
#16177=CARTESIAN_POINT('',(149.25572,890.253894,2199.672467));
#16178=CARTESIAN_POINT('',(149.25572,890.253894,2199.672467));
#16179=CARTESIAN_POINT('',(149.257870964013,890.253894,2185.30290146418));
#16180=CARTESIAN_POINT('',(153.644014175307,890.253894,2175.94694470579));
#16181=CARTESIAN_POINT('',(116.75572,890.253894,2177.372352));
#16182=CARTESIAN_POINT('',(116.75572,890.253894,2190.672467));
#16183=CARTESIAN_POINT('',(149.25572,870.253894,2199.672467));
#16184=CARTESIAN_POINT('',(149.257870964013,870.253894,2185.30290146418));
#16185=CARTESIAN_POINT('',(153.644014175307,870.253894,2175.94694470579));
#16186=CARTESIAN_POINT('',(116.75572,870.253894,2177.372352));
#16187=CARTESIAN_POINT('',(116.75572,870.253894,2190.672467));
#16188=CARTESIAN_POINT('',(125.75572,1242.253894,2199.672467));
#16189=CARTESIAN_POINT('',(125.75572,1222.253894,2199.672467));
#16190=CARTESIAN_POINT('',(116.75572,1242.253894,2177.372352));
#16191=CARTESIAN_POINT('',(143.409738764687,1242.253894,2177.372352));
#16192=CARTESIAN_POINT('',(149.257870964013,1242.253894,2185.30290146418));
#16193=CARTESIAN_POINT('',(149.25572,1242.253894,2199.672467));
#16194=CARTESIAN_POINT('',(149.25572,1242.253894,2199.672467));
#16195=CARTESIAN_POINT('',(149.257870964013,1242.253894,2185.30290146418));
#16196=CARTESIAN_POINT('',(153.644014175307,1242.253894,2175.94694470579));
#16197=CARTESIAN_POINT('',(116.75572,1242.253894,2177.372352));
#16198=CARTESIAN_POINT('',(116.75572,1242.253894,2190.672467));
#16199=CARTESIAN_POINT('',(149.25572,1222.253894,2199.672467));
#16200=CARTESIAN_POINT('',(149.257870964013,1222.253894,2185.30290146418));
#16201=CARTESIAN_POINT('',(153.644014175307,1222.253894,2175.94694470579));
#16202=CARTESIAN_POINT('',(116.75572,1222.253894,2177.372352));
#16203=CARTESIAN_POINT('',(116.75572,1222.253894,2190.672467));
#16204=CARTESIAN_POINT('',(125.75572,922.253894,2199.672467));
#16205=CARTESIAN_POINT('',(125.75572,922.253894,2190.672467));
#16206=CARTESIAN_POINT('',(125.75572,902.253894,2199.672467));
#16207=CARTESIAN_POINT('',(125.75572,902.253894,2190.672467));
#16208=CARTESIAN_POINT('',(116.75572,922.253894,2177.372352));
#16209=CARTESIAN_POINT('',(143.409738764687,922.253894,2177.372352));
#16210=CARTESIAN_POINT('',(149.257870964013,922.253894,2185.30290146418));
#16211=CARTESIAN_POINT('',(149.25572,922.253894,2199.672467));
#16212=CARTESIAN_POINT('',(149.25572,922.253894,2199.672467));
#16213=CARTESIAN_POINT('',(149.257870964013,922.253894,2185.30290146418));
#16214=CARTESIAN_POINT('',(153.644014175307,922.253894,2175.94694470579));
#16215=CARTESIAN_POINT('',(116.75572,922.253894,2177.372352));
#16216=CARTESIAN_POINT('',(116.75572,922.253894,2190.672467));
#16217=CARTESIAN_POINT('',(149.25572,902.253894,2199.672467));
#16218=CARTESIAN_POINT('',(149.257870964013,902.253894,2185.30290146418));
#16219=CARTESIAN_POINT('',(153.644014175307,902.253894,2175.94694470579));
#16220=CARTESIAN_POINT('',(116.75572,902.253894,2177.372352));
#16221=CARTESIAN_POINT('',(116.75572,902.253894,2190.672467));
#16222=CARTESIAN_POINT('',(125.75572,1274.253894,2199.672467));
#16223=CARTESIAN_POINT('',(125.75572,1254.253894,2199.672467));
#16224=CARTESIAN_POINT('',(116.75572,1274.253894,2177.372352));
#16225=CARTESIAN_POINT('',(143.409738764687,1274.253894,2177.372352));
#16226=CARTESIAN_POINT('',(149.257870964013,1274.253894,2185.30290146418));
#16227=CARTESIAN_POINT('',(149.25572,1274.253894,2199.672467));
#16228=CARTESIAN_POINT('',(149.25572,1274.253894,2199.672467));
#16229=CARTESIAN_POINT('',(149.257870964013,1274.253894,2185.30290146418));
#16230=CARTESIAN_POINT('',(153.644014175307,1274.253894,2175.94694470579));
#16231=CARTESIAN_POINT('',(116.75572,1274.253894,2177.372352));
#16232=CARTESIAN_POINT('',(116.75572,1274.253894,2190.672467));
#16233=CARTESIAN_POINT('',(149.25572,1254.253894,2199.672467));
#16234=CARTESIAN_POINT('',(149.257870964013,1254.253894,2185.30290146418));
#16235=CARTESIAN_POINT('',(153.644014175307,1254.253894,2175.94694470579));
#16236=CARTESIAN_POINT('',(116.75572,1254.253894,2177.372352));
#16237=CARTESIAN_POINT('',(116.75572,1254.253894,2190.672467));
#16238=CARTESIAN_POINT('',(125.75572,1306.253894,2199.672467));
#16239=CARTESIAN_POINT('',(125.75572,1286.253894,2199.672467));
#16240=CARTESIAN_POINT('',(116.75572,1306.253894,2177.372352));
#16241=CARTESIAN_POINT('',(143.409738764687,1306.253894,2177.372352));
#16242=CARTESIAN_POINT('',(149.257870964013,1306.253894,2185.30290146418));
#16243=CARTESIAN_POINT('',(149.25572,1306.253894,2199.672467));
#16244=CARTESIAN_POINT('',(149.25572,1306.253894,2199.672467));
#16245=CARTESIAN_POINT('',(149.257870964013,1306.253894,2185.30290146418));
#16246=CARTESIAN_POINT('',(153.644014175307,1306.253894,2175.94694470579));
#16247=CARTESIAN_POINT('',(116.75572,1306.253894,2177.372352));
#16248=CARTESIAN_POINT('',(116.75572,1306.253894,2190.672467));
#16249=CARTESIAN_POINT('',(149.25572,1286.253894,2199.672467));
#16250=CARTESIAN_POINT('',(149.257870964013,1286.253894,2185.30290146418));
#16251=CARTESIAN_POINT('',(153.644014175307,1286.253894,2175.94694470579));
#16252=CARTESIAN_POINT('',(116.75572,1286.253894,2177.372352));
#16253=CARTESIAN_POINT('',(116.75572,1286.253894,2190.672467));
#16254=CARTESIAN_POINT('',(125.75572,1338.253894,2199.672467));
#16255=CARTESIAN_POINT('',(125.75572,1318.253894,2199.672467));
#16256=CARTESIAN_POINT('',(116.75572,1338.253894,2177.372352));
#16257=CARTESIAN_POINT('',(143.409738764687,1338.253894,2177.372352));
#16258=CARTESIAN_POINT('',(149.257870964013,1338.253894,2185.30290146418));
#16259=CARTESIAN_POINT('',(149.25572,1338.253894,2199.672467));
#16260=CARTESIAN_POINT('',(149.25572,1338.253894,2199.672467));
#16261=CARTESIAN_POINT('',(149.257870964013,1338.253894,2185.30290146418));
#16262=CARTESIAN_POINT('',(153.644014175307,1338.253894,2175.94694470579));
#16263=CARTESIAN_POINT('',(116.75572,1338.253894,2177.372352));
#16264=CARTESIAN_POINT('',(116.75572,1338.253894,2190.672467));
#16265=CARTESIAN_POINT('',(149.25572,1318.253894,2199.672467));
#16266=CARTESIAN_POINT('',(149.257870964013,1318.253894,2185.30290146418));
#16267=CARTESIAN_POINT('',(153.644014175307,1318.253894,2175.94694470579));
#16268=CARTESIAN_POINT('',(116.75572,1318.253894,2177.372352));
#16269=CARTESIAN_POINT('',(116.75572,1318.253894,2190.672467));
#16270=CARTESIAN_POINT('',(125.75572,1370.253894,2199.672467));
#16271=CARTESIAN_POINT('',(125.75572,1350.253894,2199.672467));
#16272=CARTESIAN_POINT('',(116.75572,1370.253894,2177.372352));
#16273=CARTESIAN_POINT('',(143.409738764687,1370.253894,2177.372352));
#16274=CARTESIAN_POINT('',(149.257870964013,1370.253894,2185.30290146418));
#16275=CARTESIAN_POINT('',(149.25572,1370.253894,2199.672467));
#16276=CARTESIAN_POINT('',(149.25572,1370.253894,2199.672467));
#16277=CARTESIAN_POINT('',(149.257870964013,1370.253894,2185.30290146418));
#16278=CARTESIAN_POINT('',(153.644014175307,1370.253894,2175.94694470579));
#16279=CARTESIAN_POINT('',(116.75572,1370.253894,2177.372352));
#16280=CARTESIAN_POINT('',(116.75572,1370.253894,2190.672467));
#16281=CARTESIAN_POINT('',(149.25572,1350.253894,2199.672467));
#16282=CARTESIAN_POINT('',(149.257870964013,1350.253894,2185.30290146418));
#16283=CARTESIAN_POINT('',(153.644014175307,1350.253894,2175.94694470579));
#16284=CARTESIAN_POINT('',(116.75572,1350.253894,2177.372352));
#16285=CARTESIAN_POINT('',(116.75572,1350.253894,2190.672467));
#16286=CARTESIAN_POINT('',(125.75572,1402.253894,2199.672467));
#16287=CARTESIAN_POINT('',(125.75572,1382.253894,2199.672467));
#16288=CARTESIAN_POINT('',(116.75572,1402.253894,2177.372352));
#16289=CARTESIAN_POINT('',(143.409738764687,1402.253894,2177.372352));
#16290=CARTESIAN_POINT('',(149.257870964013,1402.253894,2185.30290146418));
#16291=CARTESIAN_POINT('',(149.25572,1402.253894,2199.672467));
#16292=CARTESIAN_POINT('',(149.25572,1402.253894,2199.672467));
#16293=CARTESIAN_POINT('',(149.257870964013,1402.253894,2185.30290146418));
#16294=CARTESIAN_POINT('',(153.644014175307,1402.253894,2175.94694470579));
#16295=CARTESIAN_POINT('',(116.75572,1402.253894,2177.372352));
#16296=CARTESIAN_POINT('',(116.75572,1402.253894,2190.672467));
#16297=CARTESIAN_POINT('',(149.25572,1382.253894,2199.672467));
#16298=CARTESIAN_POINT('',(149.257870964013,1382.253894,2185.30290146418));
#16299=CARTESIAN_POINT('',(153.644014175307,1382.253894,2175.94694470579));
#16300=CARTESIAN_POINT('',(116.75572,1382.253894,2177.372352));
#16301=CARTESIAN_POINT('',(116.75572,1382.253894,2190.672467));
#16302=CARTESIAN_POINT('',(125.75572,1434.253894,2199.672467));
#16303=CARTESIAN_POINT('',(125.75572,1414.253894,2199.672467));
#16304=CARTESIAN_POINT('',(116.75572,1434.253894,2177.372352));
#16305=CARTESIAN_POINT('',(143.409738764687,1434.253894,2177.372352));
#16306=CARTESIAN_POINT('',(149.257870964013,1434.253894,2185.30290146418));
#16307=CARTESIAN_POINT('',(149.25572,1434.253894,2199.672467));
#16308=CARTESIAN_POINT('',(149.25572,1434.253894,2199.672467));
#16309=CARTESIAN_POINT('',(149.257870964013,1434.253894,2185.30290146418));
#16310=CARTESIAN_POINT('',(153.644014175307,1434.253894,2175.94694470579));
#16311=CARTESIAN_POINT('',(116.75572,1434.253894,2177.372352));
#16312=CARTESIAN_POINT('',(116.75572,1434.253894,2190.672467));
#16313=CARTESIAN_POINT('',(149.25572,1414.253894,2199.672467));
#16314=CARTESIAN_POINT('',(149.257870964013,1414.253894,2185.30290146418));
#16315=CARTESIAN_POINT('',(153.644014175307,1414.253894,2175.94694470579));
#16316=CARTESIAN_POINT('',(116.75572,1414.253894,2177.372352));
#16317=CARTESIAN_POINT('',(116.75572,1414.253894,2190.672467));
#16318=CARTESIAN_POINT('',(125.75572,1466.253894,2199.672467));
#16319=CARTESIAN_POINT('',(125.75572,1446.253894,2199.672467));
#16320=CARTESIAN_POINT('',(116.75572,1466.253894,2177.372352));
#16321=CARTESIAN_POINT('',(143.409738764687,1466.253894,2177.372352));
#16322=CARTESIAN_POINT('',(149.257870964013,1466.253894,2185.30290146418));
#16323=CARTESIAN_POINT('',(149.25572,1466.253894,2199.672467));
#16324=CARTESIAN_POINT('',(149.25572,1466.253894,2199.672467));
#16325=CARTESIAN_POINT('',(149.257870964013,1466.253894,2185.30290146418));
#16326=CARTESIAN_POINT('',(153.644014175307,1466.253894,2175.94694470579));
#16327=CARTESIAN_POINT('',(116.75572,1466.253894,2177.372352));
#16328=CARTESIAN_POINT('',(116.75572,1466.253894,2190.672467));
#16329=CARTESIAN_POINT('',(149.25572,1446.253894,2199.672467));
#16330=CARTESIAN_POINT('',(149.257870964013,1446.253894,2185.30290146418));
#16331=CARTESIAN_POINT('',(153.644014175307,1446.253894,2175.94694470579));
#16332=CARTESIAN_POINT('',(116.75572,1446.253894,2177.372352));
#16333=CARTESIAN_POINT('',(116.75572,1446.253894,2190.672467));
#16334=CARTESIAN_POINT('',(125.75572,1498.253894,2199.672467));
#16335=CARTESIAN_POINT('',(125.75572,1478.253894,2199.672467));
#16336=CARTESIAN_POINT('',(116.75572,1498.253894,2177.372352));
#16337=CARTESIAN_POINT('',(143.409738764687,1498.253894,2177.372352));
#16338=CARTESIAN_POINT('',(149.257870964013,1498.253894,2185.30290146418));
#16339=CARTESIAN_POINT('',(149.25572,1498.253894,2199.672467));
#16340=CARTESIAN_POINT('',(149.25572,1498.253894,2199.672467));
#16341=CARTESIAN_POINT('',(149.257870964013,1498.253894,2185.30290146418));
#16342=CARTESIAN_POINT('',(153.644014175307,1498.253894,2175.94694470579));
#16343=CARTESIAN_POINT('',(116.75572,1498.253894,2177.372352));
#16344=CARTESIAN_POINT('',(116.75572,1498.253894,2190.672467));
#16345=CARTESIAN_POINT('',(149.25572,1478.253894,2199.672467));
#16346=CARTESIAN_POINT('',(149.257870964013,1478.253894,2185.30290146418));
#16347=CARTESIAN_POINT('',(153.644014175307,1478.253894,2175.94694470579));
#16348=CARTESIAN_POINT('',(116.75572,1478.253894,2177.372352));
#16349=CARTESIAN_POINT('',(116.75572,1478.253894,2190.672467));
#16350=CARTESIAN_POINT('',(125.75572,1530.253894,2199.672467));
#16351=CARTESIAN_POINT('',(125.75572,1510.253894,2199.672467));
#16352=CARTESIAN_POINT('',(116.75572,1530.253894,2177.372352));
#16353=CARTESIAN_POINT('',(143.409738764687,1530.253894,2177.372352));
#16354=CARTESIAN_POINT('',(149.257870964013,1530.253894,2185.30290146418));
#16355=CARTESIAN_POINT('',(149.25572,1530.253894,2199.672467));
#16356=CARTESIAN_POINT('',(149.25572,1530.253894,2199.672467));
#16357=CARTESIAN_POINT('',(149.257870964013,1530.253894,2185.30290146418));
#16358=CARTESIAN_POINT('',(153.644014175307,1530.253894,2175.94694470579));
#16359=CARTESIAN_POINT('',(116.75572,1530.253894,2177.372352));
#16360=CARTESIAN_POINT('',(116.75572,1530.253894,2190.672467));
#16361=CARTESIAN_POINT('',(149.25572,1510.253894,2199.672467));
#16362=CARTESIAN_POINT('',(149.257870964013,1510.253894,2185.30290146418));
#16363=CARTESIAN_POINT('',(153.644014175307,1510.253894,2175.94694470579));
#16364=CARTESIAN_POINT('',(116.75572,1510.253894,2177.372352));
#16365=CARTESIAN_POINT('',(116.75572,1510.253894,2190.672467));
#16366=CARTESIAN_POINT('',(125.75572,1562.253894,2199.672467));
#16367=CARTESIAN_POINT('',(125.75572,1542.253894,2199.672467));
#16368=CARTESIAN_POINT('',(116.75572,1562.253894,2177.372352));
#16369=CARTESIAN_POINT('',(143.409738764687,1562.253894,2177.372352));
#16370=CARTESIAN_POINT('',(149.257870964013,1562.253894,2185.30290146418));
#16371=CARTESIAN_POINT('',(149.25572,1562.253894,2199.672467));
#16372=CARTESIAN_POINT('',(149.25572,1562.253894,2199.672467));
#16373=CARTESIAN_POINT('',(149.257870964013,1562.253894,2185.30290146418));
#16374=CARTESIAN_POINT('',(153.644014175307,1562.253894,2175.94694470579));
#16375=CARTESIAN_POINT('',(116.75572,1562.253894,2177.372352));
#16376=CARTESIAN_POINT('',(116.75572,1562.253894,2190.672467));
#16377=CARTESIAN_POINT('',(149.25572,1542.253894,2199.672467));
#16378=CARTESIAN_POINT('',(149.257870964013,1542.253894,2185.30290146418));
#16379=CARTESIAN_POINT('',(153.644014175307,1542.253894,2175.94694470579));
#16380=CARTESIAN_POINT('',(116.75572,1542.253894,2177.372352));
#16381=CARTESIAN_POINT('',(116.75572,1542.253894,2190.672467));
#16382=CARTESIAN_POINT('',(125.75572,1594.253894,2199.672467));
#16383=CARTESIAN_POINT('',(125.75572,1574.253894,2199.672467));
#16384=CARTESIAN_POINT('',(116.75572,1594.253894,2177.372352));
#16385=CARTESIAN_POINT('',(143.409738764687,1594.253894,2177.372352));
#16386=CARTESIAN_POINT('',(149.257870964013,1594.253894,2185.30290146418));
#16387=CARTESIAN_POINT('',(149.25572,1594.253894,2199.672467));
#16388=CARTESIAN_POINT('',(149.25572,1594.253894,2199.672467));
#16389=CARTESIAN_POINT('',(149.257870964013,1594.253894,2185.30290146418));
#16390=CARTESIAN_POINT('',(153.644014175307,1594.253894,2175.94694470579));
#16391=CARTESIAN_POINT('',(116.75572,1594.253894,2177.372352));
#16392=CARTESIAN_POINT('',(116.75572,1594.253894,2190.672467));
#16393=CARTESIAN_POINT('',(149.25572,1574.253894,2199.672467));
#16394=CARTESIAN_POINT('',(149.257870964013,1574.253894,2185.30290146418));
#16395=CARTESIAN_POINT('',(153.644014175307,1574.253894,2175.94694470579));
#16396=CARTESIAN_POINT('',(116.75572,1574.253894,2177.372352));
#16397=CARTESIAN_POINT('',(116.75572,1574.253894,2190.672467));
#16398=CARTESIAN_POINT('',(125.75572,1606.253894,2199.672467));
#16399=CARTESIAN_POINT('',(143.409738764687,1622.253894,2177.372352));
#16400=CARTESIAN_POINT('',(149.257870964013,1622.253894,2185.30290146418));
#16401=CARTESIAN_POINT('',(149.25572,1622.253894,2199.672467));
#16402=CARTESIAN_POINT('',(149.257870964013,1622.253894,2185.30290146418));
#16403=CARTESIAN_POINT('',(153.644014175307,1622.253894,2175.94694470579));
#16404=CARTESIAN_POINT('',(116.75572,1622.253894,2177.372352));
#16405=CARTESIAN_POINT('',(149.25572,1606.253894,2199.672467));
#16406=CARTESIAN_POINT('',(149.257870964013,1606.253894,2185.30290146418));
#16407=CARTESIAN_POINT('',(153.644014175307,1606.253894,2175.94694470579));
#16408=CARTESIAN_POINT('',(116.75572,1606.253894,2177.372352));
#16409=CARTESIAN_POINT('',(116.75572,1606.253894,2190.672467));
#16410=CARTESIAN_POINT('',(116.755720000007,1622.253894,2177.37235199998));
#16411=CARTESIAN_POINT('',(125.75572,1622.253894,2199.672467));
#16412=CARTESIAN_POINT('',(125.75572,1622.253894,2190.672467));
#16413=CARTESIAN_POINT('',(116.755720000007,1622.253894,2177.37235199998));
#16414=CARTESIAN_POINT('',(125.75572,1622.253894,2199.672467));
#16415=CARTESIAN_POINT('',(125.75572,1622.253894,2190.672467));
#16416=CARTESIAN_POINT('',(116.755720000007,1622.253894,2177.37235199998));
#16417=CARTESIAN_POINT('',(125.75572,1622.253894,2199.672467));
#16418=CARTESIAN_POINT('',(125.75572,1622.253894,2190.672467));
#16419=CARTESIAN_POINT('',(116.755720000007,1622.253894,2177.37235199998));
#16420=CARTESIAN_POINT('',(125.75572,1622.253894,2199.672467));
#16421=CARTESIAN_POINT('',(125.75572,1622.253894,2190.672467));
#16422=CARTESIAN_POINT('',(116.755720000007,1622.253894,2177.37235199998));
#16423=CARTESIAN_POINT('',(125.75572,1622.253894,2199.672467));
#16424=CARTESIAN_POINT('',(125.75572,1622.253894,2190.672467));
#16425=CARTESIAN_POINT('',(116.755720000007,1622.253894,2177.37235199998));
#16426=CARTESIAN_POINT('',(125.75572,1622.253894,2199.672467));
#16427=CARTESIAN_POINT('',(125.75572,1622.253894,2190.672467));
#16428=CARTESIAN_POINT('',(116.755720000007,1622.253894,2177.37235199998));
#16429=CARTESIAN_POINT('',(125.75572,1622.253894,2199.672467));
#16430=CARTESIAN_POINT('',(125.75572,1622.253894,2190.672467));
#16431=CARTESIAN_POINT('',(116.755720000007,1622.253894,2177.37235199998));
#16432=CARTESIAN_POINT('',(125.75572,1622.253894,2199.672467));
#16433=CARTESIAN_POINT('',(125.75572,1622.253894,2190.672467));
#16434=CARTESIAN_POINT('',(116.755720000007,1622.253894,2177.37235199998));
#16435=CARTESIAN_POINT('',(125.75572,1622.253894,2199.672467));
#16436=CARTESIAN_POINT('',(125.75572,1622.253894,2190.672467));
#16437=CARTESIAN_POINT('',(116.755720000007,1622.253894,2177.37235199998));
#16438=CARTESIAN_POINT('',(125.75572,1622.253894,2199.672467));
#16439=CARTESIAN_POINT('',(125.75572,1622.253894,2190.672467));
#16440=CARTESIAN_POINT('',(116.755720000007,1622.253894,2177.37235199998));
#16441=CARTESIAN_POINT('',(125.75572,1622.253894,2199.672467));
#16442=CARTESIAN_POINT('',(125.75572,1622.253894,2190.672467));
#16443=CARTESIAN_POINT('',(116.755720000007,1622.253894,2177.37235199998));
#16444=CARTESIAN_POINT('',(125.75572,1622.253894,2199.672467));
#16445=CARTESIAN_POINT('',(125.75572,1622.253894,2190.672467));
#16446=CARTESIAN_POINT('',(116.755720000007,1622.253894,2177.37235199998));
#16447=CARTESIAN_POINT('',(125.75572,1622.253894,2199.672467));
#16448=CARTESIAN_POINT('',(125.75572,1622.253894,2190.672467));
#16449=CARTESIAN_POINT('',(116.755720000007,1622.253894,2177.37235199998));
#16450=CARTESIAN_POINT('',(125.75572,1622.253894,2199.672467));
#16451=CARTESIAN_POINT('',(125.75572,1622.253894,2190.672467));
#16452=CARTESIAN_POINT('',(116.755720000007,1622.253894,2177.37235199998));
#16453=CARTESIAN_POINT('',(125.75572,1622.253894,2199.672467));
#16454=CARTESIAN_POINT('',(125.75572,1622.253894,2190.672467));
#16455=CARTESIAN_POINT('',(116.755720000007,1622.253894,2177.37235199998));
#16456=CARTESIAN_POINT('',(125.75572,1622.253894,2199.672467));
#16457=CARTESIAN_POINT('',(125.75572,1622.253894,2190.672467));
#16458=CARTESIAN_POINT('',(116.755720000007,1622.253894,2177.37235199998));
#16459=CARTESIAN_POINT('',(125.75572,1622.253894,2199.672467));
#16460=CARTESIAN_POINT('',(125.75572,1622.253894,2190.672467));
#16461=CARTESIAN_POINT('',(116.755720000007,1622.253894,2177.37235199998));
#16462=CARTESIAN_POINT('',(125.75572,1622.253894,2199.672467));
#16463=CARTESIAN_POINT('',(125.75572,1622.253894,2190.672467));
#16464=CARTESIAN_POINT('',(116.755720000007,1622.253894,2177.37235199998));
#16465=CARTESIAN_POINT('',(125.75572,1622.253894,2199.672467));
#16466=CARTESIAN_POINT('',(125.75572,1622.253894,2190.672467));
#16467=CARTESIAN_POINT('',(116.755720000007,1622.253894,2177.37235199998));
#16468=CARTESIAN_POINT('',(125.75572,1622.253894,2199.672467));
#16469=CARTESIAN_POINT('',(125.75572,1622.253894,2190.672467));
#16470=CARTESIAN_POINT('',(116.755720000007,1622.253894,2177.37235199998));
#16471=CARTESIAN_POINT('',(125.75572,1622.253894,2199.672467));
#16472=CARTESIAN_POINT('',(125.75572,1622.253894,2190.672467));
#16473=CARTESIAN_POINT('',(116.755720000007,1622.253894,2177.37235199998));
#16474=CARTESIAN_POINT('',(125.75572,1622.253894,2199.672467));
#16475=CARTESIAN_POINT('',(125.75572,1622.253894,2190.672467));
#16476=CARTESIAN_POINT('',(116.755720000007,1622.253894,2177.37235199998));
#16477=CARTESIAN_POINT('',(125.75572,1622.253894,2199.672467));
#16478=CARTESIAN_POINT('',(125.75572,1622.253894,2190.672467));
#16479=CARTESIAN_POINT('',(116.755720000007,1622.253894,2177.37235199998));
#16480=CARTESIAN_POINT('',(125.75572,1622.253894,2199.672467));
#16481=CARTESIAN_POINT('',(125.75572,1622.253894,2190.672467));
#16482=CARTESIAN_POINT('',(116.755720000007,1622.253894,2177.37235199998));
#16483=CARTESIAN_POINT('',(125.75572,1622.253894,2199.672467));
#16484=CARTESIAN_POINT('',(125.75572,1622.253894,2190.672467));
#16485=CARTESIAN_POINT('',(116.755720000007,1622.253894,2177.37235199998));
#16486=CARTESIAN_POINT('',(125.75572,1622.253894,2199.672467));
#16487=CARTESIAN_POINT('',(125.75572,1622.253894,2190.672467));
#16488=CARTESIAN_POINT('',(116.755720000007,1622.253894,2177.37235199998));
#16489=CARTESIAN_POINT('',(125.75572,1622.253894,2199.672467));
#16490=CARTESIAN_POINT('',(125.75572,1622.253894,2190.672467));
#16491=CARTESIAN_POINT('',(116.755720000007,1622.253894,2177.37235199998));
#16492=CARTESIAN_POINT('',(125.75572,1622.253894,2199.672467));
#16493=CARTESIAN_POINT('',(125.75572,1622.253894,2190.672467));
#16494=CARTESIAN_POINT('',(116.755720000007,1622.253894,2177.37235199998));
#16495=CARTESIAN_POINT('',(125.75572,1622.253894,2199.672467));
#16496=CARTESIAN_POINT('',(125.75572,1622.253894,2190.672467));
#16497=CARTESIAN_POINT('',(116.755720000007,1622.253894,2177.37235199998));
#16498=CARTESIAN_POINT('',(125.75572,1622.253894,2199.672467));
#16499=CARTESIAN_POINT('',(125.75572,1622.253894,2190.672467));
#16500=CARTESIAN_POINT('',(116.755720000007,1622.253894,2177.37235199998));
#16501=CARTESIAN_POINT('',(125.75572,1622.253894,2199.672467));
#16502=CARTESIAN_POINT('',(125.75572,1622.253894,2190.672467));
#16503=CARTESIAN_POINT('',(116.755720000007,1622.253894,2177.37235199998));
#16504=CARTESIAN_POINT('',(125.75572,1622.253894,2199.672467));
#16505=CARTESIAN_POINT('',(125.75572,1622.253894,2190.672467));
#16506=CARTESIAN_POINT('',(116.755720000007,1622.253894,2177.37235199998));
#16507=CARTESIAN_POINT('',(125.75572,1622.253894,2199.672467));
#16508=CARTESIAN_POINT('',(125.75572,1622.253894,2190.672467));
#16509=CARTESIAN_POINT('',(116.755720000007,1622.253894,2177.37235199998));
#16510=CARTESIAN_POINT('',(125.75572,1622.253894,2199.672467));
#16511=CARTESIAN_POINT('',(125.75572,1622.253894,2190.672467));
#16512=CARTESIAN_POINT('',(116.755720000007,1622.253894,2177.37235199998));
#16513=CARTESIAN_POINT('',(125.75572,1622.253894,2199.672467));
#16514=CARTESIAN_POINT('',(125.75572,1622.253894,2190.672467));
#16515=CARTESIAN_POINT('',(116.755720000007,1622.253894,2177.37235199998));
#16516=CARTESIAN_POINT('',(125.75572,1622.253894,2199.672467));
#16517=CARTESIAN_POINT('',(125.75572,1622.253894,2190.672467));
#16518=CARTESIAN_POINT('',(116.755720000007,1622.253894,2177.37235199998));
#16519=CARTESIAN_POINT('',(125.75572,1622.253894,2199.672467));
#16520=CARTESIAN_POINT('',(125.75572,1622.253894,2190.672467));
#16521=CARTESIAN_POINT('',(116.755720000007,1622.253894,2177.37235199998));
#16522=CARTESIAN_POINT('',(125.75572,1622.253894,2199.672467));
#16523=CARTESIAN_POINT('',(125.75572,1622.253894,2190.672467));
#16524=CARTESIAN_POINT('',(116.755720000007,1622.253894,2177.37235199998));
#16525=CARTESIAN_POINT('',(125.75572,1622.253894,2199.672467));
#16526=CARTESIAN_POINT('',(125.75572,1622.253894,2190.672467));
#16527=CARTESIAN_POINT('',(116.755720000007,1622.253894,2177.37235199998));
#16528=CARTESIAN_POINT('',(125.75572,1622.253894,2199.672467));
#16529=CARTESIAN_POINT('',(125.75572,1622.253894,2190.672467));
#16530=CARTESIAN_POINT('',(116.755720000007,1622.253894,2177.37235199998));
#16531=CARTESIAN_POINT('',(125.75572,1622.253894,2199.672467));
#16532=CARTESIAN_POINT('',(125.75572,1622.253894,2190.672467));
#16533=CARTESIAN_POINT('',(116.755720000007,1622.253894,2177.37235199998));
#16534=CARTESIAN_POINT('',(125.75572,1622.253894,2199.672467));
#16535=CARTESIAN_POINT('',(125.75572,1622.253894,2190.672467));
#16536=CARTESIAN_POINT('',(116.755720000007,1622.253894,2177.37235199998));
#16537=CARTESIAN_POINT('',(125.75572,1622.253894,2199.672467));
#16538=CARTESIAN_POINT('',(125.75572,1622.253894,2190.672467));
#16539=CARTESIAN_POINT('',(116.755720000007,1622.253894,2177.37235199998));
#16540=CARTESIAN_POINT('',(125.75572,1622.253894,2199.672467));
#16541=CARTESIAN_POINT('',(125.75572,1622.253894,2190.672467));
#16542=CARTESIAN_POINT('',(116.755720000007,1622.253894,2177.37235199998));
#16543=CARTESIAN_POINT('',(125.75572,1622.253894,2199.672467));
#16544=CARTESIAN_POINT('',(125.75572,1622.253894,2190.672467));
#16545=CARTESIAN_POINT('',(116.755720000007,1622.253894,2177.37235199998));
#16546=CARTESIAN_POINT('',(125.75572,1622.253894,2199.672467));
#16547=CARTESIAN_POINT('',(125.75572,1622.253894,2190.672467));
#16548=CARTESIAN_POINT('',(116.755720000007,1622.253894,2177.37235199998));
#16549=CARTESIAN_POINT('',(125.75572,1622.253894,2199.672467));
#16550=CARTESIAN_POINT('',(125.75572,1622.253894,2190.672467));
#16551=CARTESIAN_POINT('',(116.755720000007,1622.253894,2177.37235199998));
#16552=CARTESIAN_POINT('',(125.75572,1622.253894,2199.672467));
#16553=CARTESIAN_POINT('',(125.75572,1622.253894,2190.672467));
#16554=CARTESIAN_POINT('',(116.755720000007,1622.253894,2177.37235199998));
#16555=CARTESIAN_POINT('',(125.75572,1622.253894,2199.672467));
#16556=CARTESIAN_POINT('',(125.75572,1622.253894,2190.672467));
#16557=CARTESIAN_POINT('',(116.755720000007,1622.253894,2177.37235199998));
#16558=CARTESIAN_POINT('',(125.75572,1622.253894,2199.672467));
#16559=CARTESIAN_POINT('',(125.75572,1622.253894,2190.672467));
#16560=CARTESIAN_POINT('',(116.755720000007,1622.253894,2177.37235199998));
#16561=CARTESIAN_POINT('',(125.75572,1622.253894,2199.672467));
#16562=CARTESIAN_POINT('',(125.75572,1622.253894,2190.672467));
#16563=CARTESIAN_POINT('',(116.755720000007,1622.253894,2177.37235199998));
#16564=CARTESIAN_POINT('',(125.75572,1622.253894,2199.672467));
#16565=CARTESIAN_POINT('',(125.75572,1622.253894,2190.672467));
#16566=CARTESIAN_POINT('',(116.755720000007,1622.253894,2177.37235199998));
#16567=CARTESIAN_POINT('',(125.75572,1622.253894,2199.672467));
#16568=CARTESIAN_POINT('',(125.75572,1622.253894,2190.672467));
#16569=CARTESIAN_POINT('',(116.755720000007,1622.253894,2177.37235199998));
#16570=CARTESIAN_POINT('',(125.75572,1622.253894,2199.672467));
#16571=CARTESIAN_POINT('',(125.75572,1622.253894,2190.672467));
#16572=CARTESIAN_POINT('',(116.755720000007,1622.253894,2177.37235199998));
#16573=CARTESIAN_POINT('',(125.75572,1622.253894,2199.672467));
#16574=CARTESIAN_POINT('',(125.75572,1622.253894,2190.672467));
#16575=CARTESIAN_POINT('',(116.755720000007,1622.253894,2177.37235199998));
#16576=CARTESIAN_POINT('',(125.75572,1622.253894,2199.672467));
#16577=CARTESIAN_POINT('',(125.75572,1622.253894,2190.672467));
#16578=CARTESIAN_POINT('',(116.755720000007,1622.253894,2177.37235199998));
#16579=CARTESIAN_POINT('',(125.75572,1622.253894,2199.672467));
#16580=CARTESIAN_POINT('',(125.75572,1622.253894,2190.672467));
#16581=CARTESIAN_POINT('',(116.755720000007,1622.253894,2177.37235199998));
#16582=CARTESIAN_POINT('',(125.75572,1622.253894,2199.672467));
#16583=CARTESIAN_POINT('',(125.75572,1622.253894,2190.672467));
#16584=CARTESIAN_POINT('',(116.755720000007,1622.253894,2177.37235199998));
#16585=CARTESIAN_POINT('',(125.75572,1622.253894,2199.672467));
#16586=CARTESIAN_POINT('',(125.75572,1622.253894,2190.672467));
#16587=CARTESIAN_POINT('',(116.755720000007,1622.253894,2177.37235199998));
#16588=CARTESIAN_POINT('',(125.75572,1622.253894,2199.672467));
#16589=CARTESIAN_POINT('',(125.75572,1622.253894,2190.672467));
#16590=CARTESIAN_POINT('',(116.755720000007,1622.253894,2177.37235199998));
#16591=CARTESIAN_POINT('',(125.75572,1622.253894,2199.672467));
#16592=CARTESIAN_POINT('',(125.75572,1622.253894,2190.672467));
#16593=CARTESIAN_POINT('',(116.755720000007,1622.253894,2177.37235199998));
#16594=CARTESIAN_POINT('',(125.75572,1622.253894,2199.672467));
#16595=CARTESIAN_POINT('',(125.75572,1622.253894,2190.672467));
#16596=CARTESIAN_POINT('',(116.755720000007,1622.253894,2199.67246699998));
#16597=CARTESIAN_POINT('',(284.633956000006,1622.253894,2236.25044199998));
#16598=CARTESIAN_POINT('',(285.128866000007,1622.253894,2241.46741099998));
#16599=CARTESIAN_POINT('',(292.128866000007,1622.253894,2241.46741099998));
#16600=CARTESIAN_POINT('',(292.128866000007,1622.253894,2249.49999999998));
#16601=CARTESIAN_POINT('',(264.187403083712,1622.253894,2249.49999999998));
#16602=CARTESIAN_POINT('',(259.124638000007,1622.253894,2240.79204499998));
#16603=CARTESIAN_POINT('',(155.673919000007,1622.253894,2238.82265899998));
#16604=CARTESIAN_POINT('',(103.080454000007,1622.253894,2192.77068743741));
#16605=CARTESIAN_POINT('',(103.080454000007,1622.253894,2163.41658899998));
#16606=CARTESIAN_POINT('',(119.54667120451,1622.253894,2162.2639521609));
#16607=CARTESIAN_POINT('',(116.755720000007,1622.253894,2169.92246699998));
#16608=CARTESIAN_POINT('',(158.005720000007,1622.253894,2199.67246699998));
#16609=CARTESIAN_POINT('',(152.659804338655,1622.253894,2227.86784269419));
#16610=CARTESIAN_POINT('',(159.643729173147,1622.253894,2215.17791129416));
#16611=CARTESIAN_POINT('',(173.27184695093,1622.253894,2210.247838288));
#16612=CARTESIAN_POINT('',(198.116889210056,1622.253894,2138.97749090392));
#16613=CARTESIAN_POINT('',(176.504036919146,1622.253894,2218.19166888317));
#16614=CARTESIAN_POINT('',(176.256029000007,1622.253894,2224.11570799998));
#16615=CARTESIAN_POINT('',(235.121592776716,1622.253894,2222.87604806952));
#16616=CARTESIAN_POINT('',(241.146953000007,1622.253894,2226.01026599998));
#16617=CARTESIAN_POINT('',(244.287764566155,1622.253894,2219.59840088944));
#16618=CARTESIAN_POINT('',(255.275976027921,1622.253894,2231.34284265027));
#16619=CARTESIAN_POINT('',(246.398209781105,1622.253894,2246.72654787341));
#16620=CARTESIAN_POINT('',(280.821975529317,1622.253894,2217.40399141787));
#16621=CARTESIAN_POINT('',(287.084727917673,1622.253894,2200.84301350265));
#16622=CARTESIAN_POINT('',(119.54667120451,1622.253894,2162.2639521609));
#16623=CARTESIAN_POINT('',(119.546671204504,-377.746106,2162.26395216093));
#16624=CARTESIAN_POINT('',(153.644014175307,-357.746106,2175.94694470579));
#16625=CARTESIAN_POINT('',(116.75572,-357.746106,2177.372352));
#16626=CARTESIAN_POINT('',(153.644014175307,-357.746106,2175.94694470579));
#16627=CARTESIAN_POINT('',(149.257870964013,-357.746106,2185.30290146418));
#16628=CARTESIAN_POINT('',(153.644014175307,-325.746106,2175.94694470579));
#16629=CARTESIAN_POINT('',(153.644014175307,-345.746106,2175.94694470579));
#16630=CARTESIAN_POINT('',(116.75572,-325.746106,2177.372352));
#16631=CARTESIAN_POINT('',(153.644014175307,-325.746106,2175.94694470579));
#16632=CARTESIAN_POINT('',(149.257870964013,-325.746106,2185.30290146418));
#16633=CARTESIAN_POINT('',(153.644014175307,314.253894,2175.94694470579));
#16634=CARTESIAN_POINT('',(153.644014175307,294.253894,2175.94694470579));
#16635=CARTESIAN_POINT('',(116.75572,314.253894,2177.372352));
#16636=CARTESIAN_POINT('',(153.644014175307,314.253894,2175.94694470579));
#16637=CARTESIAN_POINT('',(149.257870964013,314.253894,2185.30290146418));
#16638=CARTESIAN_POINT('',(153.644014175307,-293.746106,2175.94694470579));
#16639=CARTESIAN_POINT('',(153.644014175307,-313.746106,2175.94694470579));
#16640=CARTESIAN_POINT('',(116.75572,-293.746106,2177.372352));
#16641=CARTESIAN_POINT('',(153.644014175307,-293.746106,2175.94694470579));
#16642=CARTESIAN_POINT('',(149.257870964013,-293.746106,2185.30290146418));
#16643=CARTESIAN_POINT('',(153.644014175307,954.253894,2175.94694470579));
#16644=CARTESIAN_POINT('',(153.644014175307,934.253894,2175.94694470579));
#16645=CARTESIAN_POINT('',(116.75572,954.253894,2177.372352));
#16646=CARTESIAN_POINT('',(153.644014175307,954.253894,2175.94694470579));
#16647=CARTESIAN_POINT('',(149.257870964013,954.253894,2185.30290146418));
#16648=CARTESIAN_POINT('',(153.644014175307,-261.746106,2175.94694470579));
#16649=CARTESIAN_POINT('',(153.644014175307,-281.746106,2175.94694470579));
#16650=CARTESIAN_POINT('',(116.75572,-261.746106,2177.372352));
#16651=CARTESIAN_POINT('',(153.644014175307,-261.746106,2175.94694470579));
#16652=CARTESIAN_POINT('',(149.257870964013,-261.746106,2185.30290146418));
#16653=CARTESIAN_POINT('',(153.644014175307,346.253894,2175.94694470579));
#16654=CARTESIAN_POINT('',(153.644014175307,326.253894,2175.94694470579));
#16655=CARTESIAN_POINT('',(116.75572,346.253894,2177.372352));
#16656=CARTESIAN_POINT('',(153.644014175307,346.253894,2175.94694470579));
#16657=CARTESIAN_POINT('',(149.257870964013,346.253894,2185.30290146418));
#16658=CARTESIAN_POINT('',(153.644014175307,-229.746106,2175.94694470579));
#16659=CARTESIAN_POINT('',(153.644014175307,-249.746106,2175.94694470579));
#16660=CARTESIAN_POINT('',(116.75572,-229.746106,2177.372352));
#16661=CARTESIAN_POINT('',(153.644014175307,-229.746106,2175.94694470579));
#16662=CARTESIAN_POINT('',(149.257870964013,-229.746106,2185.30290146418));
#16663=CARTESIAN_POINT('',(153.644014175307,-197.746106,2175.94694470579));
#16664=CARTESIAN_POINT('',(153.644014175307,-217.746106,2175.94694470579));
#16665=CARTESIAN_POINT('',(116.75572,-197.746106,2177.372352));
#16666=CARTESIAN_POINT('',(153.644014175307,-197.746106,2175.94694470579));
#16667=CARTESIAN_POINT('',(149.257870964013,-197.746106,2185.30290146418));
#16668=CARTESIAN_POINT('',(153.644014175307,378.253894,2175.94694470579));
#16669=CARTESIAN_POINT('',(153.644014175307,358.253894,2175.94694470579));
#16670=CARTESIAN_POINT('',(116.75572,378.253894,2177.372352));
#16671=CARTESIAN_POINT('',(153.644014175307,378.253894,2175.94694470579));
#16672=CARTESIAN_POINT('',(149.257870964013,378.253894,2185.30290146418));
#16673=CARTESIAN_POINT('',(153.644014175307,-165.746106,2175.94694470579));
#16674=CARTESIAN_POINT('',(153.644014175307,-185.746106,2175.94694470579));
#16675=CARTESIAN_POINT('',(116.75572,-165.746106,2177.372352));
#16676=CARTESIAN_POINT('',(153.644014175307,-165.746106,2175.94694470579));
#16677=CARTESIAN_POINT('',(149.257870964013,-165.746106,2185.30290146418));
#16678=CARTESIAN_POINT('',(153.644014175307,986.253894,2175.94694470579));
#16679=CARTESIAN_POINT('',(153.644014175307,966.253894,2175.94694470579));
#16680=CARTESIAN_POINT('',(116.75572,986.253894,2177.372352));
#16681=CARTESIAN_POINT('',(153.644014175307,986.253894,2175.94694470579));
#16682=CARTESIAN_POINT('',(149.257870964013,986.253894,2185.30290146418));
#16683=CARTESIAN_POINT('',(153.644014175307,-133.746106,2175.94694470579));
#16684=CARTESIAN_POINT('',(153.644014175307,-153.746106,2175.94694470579));
#16685=CARTESIAN_POINT('',(116.75572,-133.746106,2177.372352));
#16686=CARTESIAN_POINT('',(153.644014175307,-133.746106,2175.94694470579));
#16687=CARTESIAN_POINT('',(149.257870964013,-133.746106,2185.30290146418));
#16688=CARTESIAN_POINT('',(153.644014175307,410.253894,2175.94694470579));
#16689=CARTESIAN_POINT('',(153.644014175307,390.253894,2175.94694470579));
#16690=CARTESIAN_POINT('',(116.75572,410.253894,2177.372352));
#16691=CARTESIAN_POINT('',(153.644014175307,410.253894,2175.94694470579));
#16692=CARTESIAN_POINT('',(149.257870964013,410.253894,2185.30290146418));
#16693=CARTESIAN_POINT('',(153.644014175307,-101.746106,2175.94694470579));
#16694=CARTESIAN_POINT('',(153.644014175307,-121.746106,2175.94694470579));
#16695=CARTESIAN_POINT('',(116.75572,-101.746106,2177.372352));
#16696=CARTESIAN_POINT('',(153.644014175307,-101.746106,2175.94694470579));
#16697=CARTESIAN_POINT('',(149.257870964013,-101.746106,2185.30290146418));
#16698=CARTESIAN_POINT('',(153.644014175307,-69.746106,2175.94694470579));
#16699=CARTESIAN_POINT('',(153.644014175307,-89.7461060000001,2175.94694470579
));
#16700=CARTESIAN_POINT('',(116.75572,-69.7461060000001,2177.372352));
#16701=CARTESIAN_POINT('',(153.644014175307,-69.746106,2175.94694470579));
#16702=CARTESIAN_POINT('',(149.257870964013,-69.7461060000001,2185.30290146418
));
#16703=CARTESIAN_POINT('',(153.644014175307,442.253894,2175.94694470579));
#16704=CARTESIAN_POINT('',(153.644014175307,422.253894,2175.94694470579));
#16705=CARTESIAN_POINT('',(116.75572,442.253894,2177.372352));
#16706=CARTESIAN_POINT('',(153.644014175307,442.253894,2175.94694470579));
#16707=CARTESIAN_POINT('',(149.257870964013,442.253894,2185.30290146418));
#16708=CARTESIAN_POINT('',(153.644014175307,-37.7461060000001,2175.94694470579
));
#16709=CARTESIAN_POINT('',(153.644014175307,-57.7461060000001,2175.94694470579
));
#16710=CARTESIAN_POINT('',(116.75572,-37.7461060000001,2177.372352));
#16711=CARTESIAN_POINT('',(153.644014175307,-37.7461060000001,2175.94694470579
));
#16712=CARTESIAN_POINT('',(149.257870964013,-37.7461060000001,2185.30290146418
));
#16713=CARTESIAN_POINT('',(153.644014175307,1018.253894,2175.94694470579));
#16714=CARTESIAN_POINT('',(153.644014175307,998.253894,2175.94694470579));
#16715=CARTESIAN_POINT('',(116.75572,1018.253894,2177.372352));
#16716=CARTESIAN_POINT('',(153.644014175307,1018.253894,2175.94694470579));
#16717=CARTESIAN_POINT('',(149.257870964013,1018.253894,2185.30290146418));
#16718=CARTESIAN_POINT('',(153.644014175307,-5.74610600000005,2175.94694470579
));
#16719=CARTESIAN_POINT('',(153.644014175307,-25.7461060000001,2175.94694470579
));
#16720=CARTESIAN_POINT('',(116.75572,-5.74610600000005,2177.372352));
#16721=CARTESIAN_POINT('',(153.644014175307,-5.74610600000005,2175.94694470579
));
#16722=CARTESIAN_POINT('',(149.257870964013,-5.74610600000005,2185.30290146418
));
#16723=CARTESIAN_POINT('',(153.644014175307,474.253894,2175.94694470579));
#16724=CARTESIAN_POINT('',(153.644014175307,454.253894,2175.94694470579));
#16725=CARTESIAN_POINT('',(116.75572,474.253894,2177.372352));
#16726=CARTESIAN_POINT('',(153.644014175307,474.253894,2175.94694470579));
#16727=CARTESIAN_POINT('',(149.257870964013,474.253894,2185.30290146418));
#16728=CARTESIAN_POINT('',(153.644014175307,26.2538939999999,2175.94694470579)
);
#16729=CARTESIAN_POINT('',(153.644014175307,6.25389399999995,2175.94694470579)
);
#16730=CARTESIAN_POINT('',(116.75572,26.2538939999999,2177.372352));
#16731=CARTESIAN_POINT('',(153.644014175307,26.2538939999999,2175.94694470579)
);
#16732=CARTESIAN_POINT('',(149.257870964013,26.2538939999999,2185.30290146418)
);
#16733=CARTESIAN_POINT('',(153.644014175307,58.2538939999999,2175.94694470579)
);
#16734=CARTESIAN_POINT('',(153.644014175307,38.2538939999999,2175.94694470579)
);
#16735=CARTESIAN_POINT('',(116.75572,58.2538939999999,2177.372352));
#16736=CARTESIAN_POINT('',(153.644014175307,58.2538939999999,2175.94694470579)
);
#16737=CARTESIAN_POINT('',(149.257870964013,58.2538939999999,2185.30290146418)
);
#16738=CARTESIAN_POINT('',(153.644014175307,506.253894,2175.94694470579));
#16739=CARTESIAN_POINT('',(153.644014175307,486.253894,2175.94694470579));
#16740=CARTESIAN_POINT('',(116.75572,506.253894,2177.372352));
#16741=CARTESIAN_POINT('',(153.644014175307,506.253894,2175.94694470579));
#16742=CARTESIAN_POINT('',(149.257870964013,506.253894,2185.30290146418));
#16743=CARTESIAN_POINT('',(153.644014175307,90.2538939999999,2175.94694470579)
);
#16744=CARTESIAN_POINT('',(153.644014175307,70.2538939999999,2175.94694470579)
);
#16745=CARTESIAN_POINT('',(116.75572,90.2538939999999,2177.372352));
#16746=CARTESIAN_POINT('',(153.644014175307,90.2538939999999,2175.94694470579)
);
#16747=CARTESIAN_POINT('',(149.257870964013,90.2538939999999,2185.30290146418)
);
#16748=CARTESIAN_POINT('',(153.644014175307,1050.253894,2175.94694470579));
#16749=CARTESIAN_POINT('',(153.644014175307,1030.253894,2175.94694470579));
#16750=CARTESIAN_POINT('',(116.75572,1050.253894,2177.372352));
#16751=CARTESIAN_POINT('',(153.644014175307,1050.253894,2175.94694470579));
#16752=CARTESIAN_POINT('',(149.257870964013,1050.253894,2185.30290146418));
#16753=CARTESIAN_POINT('',(153.644014175307,122.253894,2175.94694470579));
#16754=CARTESIAN_POINT('',(153.644014175307,102.253894,2175.94694470579));
#16755=CARTESIAN_POINT('',(116.75572,122.253894,2177.372352));
#16756=CARTESIAN_POINT('',(153.644014175307,122.253894,2175.94694470579));
#16757=CARTESIAN_POINT('',(149.257870964013,122.253894,2185.30290146418));
#16758=CARTESIAN_POINT('',(153.644014175307,538.253894,2175.94694470579));
#16759=CARTESIAN_POINT('',(153.644014175307,518.253894,2175.94694470579));
#16760=CARTESIAN_POINT('',(116.75572,538.253894,2177.372352));
#16761=CARTESIAN_POINT('',(153.644014175307,538.253894,2175.94694470579));
#16762=CARTESIAN_POINT('',(149.257870964013,538.253894,2185.30290146418));
#16763=CARTESIAN_POINT('',(153.644014175307,154.253894,2175.94694470579));
#16764=CARTESIAN_POINT('',(153.644014175307,134.253894,2175.94694470579));
#16765=CARTESIAN_POINT('',(116.75572,154.253894,2177.372352));
#16766=CARTESIAN_POINT('',(153.644014175307,154.253894,2175.94694470579));
#16767=CARTESIAN_POINT('',(149.257870964013,154.253894,2185.30290146418));
#16768=CARTESIAN_POINT('',(153.644014175307,186.253894,2175.94694470579));
#16769=CARTESIAN_POINT('',(153.644014175307,166.253894,2175.94694470579));
#16770=CARTESIAN_POINT('',(116.75572,186.253894,2177.372352));
#16771=CARTESIAN_POINT('',(153.644014175307,186.253894,2175.94694470579));
#16772=CARTESIAN_POINT('',(149.257870964013,186.253894,2185.30290146418));
#16773=CARTESIAN_POINT('',(153.644014175307,570.253894,2175.94694470579));
#16774=CARTESIAN_POINT('',(153.644014175307,550.253894,2175.94694470579));
#16775=CARTESIAN_POINT('',(116.75572,570.253894,2177.372352));
#16776=CARTESIAN_POINT('',(153.644014175307,570.253894,2175.94694470579));
#16777=CARTESIAN_POINT('',(149.257870964013,570.253894,2185.30290146418));
#16778=CARTESIAN_POINT('',(153.644014175307,218.253894,2175.94694470579));
#16779=CARTESIAN_POINT('',(153.644014175307,198.253894,2175.94694470579));
#16780=CARTESIAN_POINT('',(116.75572,218.253894,2177.372352));
#16781=CARTESIAN_POINT('',(153.644014175307,218.253894,2175.94694470579));
#16782=CARTESIAN_POINT('',(149.257870964013,218.253894,2185.30290146418));
#16783=CARTESIAN_POINT('',(153.644014175307,1082.253894,2175.94694470579));
#16784=CARTESIAN_POINT('',(153.644014175307,1062.253894,2175.94694470579));
#16785=CARTESIAN_POINT('',(116.75572,1082.253894,2177.372352));
#16786=CARTESIAN_POINT('',(153.644014175307,1082.253894,2175.94694470579));
#16787=CARTESIAN_POINT('',(149.257870964013,1082.253894,2185.30290146418));
#16788=CARTESIAN_POINT('',(153.644014175307,250.253894,2175.94694470579));
#16789=CARTESIAN_POINT('',(153.644014175307,230.253894,2175.94694470579));
#16790=CARTESIAN_POINT('',(116.75572,250.253894,2177.372352));
#16791=CARTESIAN_POINT('',(153.644014175307,250.253894,2175.94694470579));
#16792=CARTESIAN_POINT('',(149.257870964013,250.253894,2185.30290146418));
#16793=CARTESIAN_POINT('',(153.644014175307,602.253894,2175.94694470579));
#16794=CARTESIAN_POINT('',(153.644014175307,582.253894,2175.94694470579));
#16795=CARTESIAN_POINT('',(116.75572,602.253894,2177.372352));
#16796=CARTESIAN_POINT('',(153.644014175307,602.253894,2175.94694470579));
#16797=CARTESIAN_POINT('',(149.257870964013,602.253894,2185.30290146418));
#16798=CARTESIAN_POINT('',(153.644014175307,282.253894,2175.94694470579));
#16799=CARTESIAN_POINT('',(153.644014175307,262.253894,2175.94694470579));
#16800=CARTESIAN_POINT('',(116.75572,282.253894,2177.372352));
#16801=CARTESIAN_POINT('',(153.644014175307,282.253894,2175.94694470579));
#16802=CARTESIAN_POINT('',(149.257870964013,282.253894,2185.30290146418));
#16803=CARTESIAN_POINT('',(153.644014175307,634.253894,2175.94694470579));
#16804=CARTESIAN_POINT('',(153.644014175307,614.253894,2175.94694470579));
#16805=CARTESIAN_POINT('',(116.75572,634.253894,2177.372352));
#16806=CARTESIAN_POINT('',(153.644014175307,634.253894,2175.94694470579));
#16807=CARTESIAN_POINT('',(149.257870964013,634.253894,2185.30290146418));
#16808=CARTESIAN_POINT('',(153.644014175307,1114.253894,2175.94694470579));
#16809=CARTESIAN_POINT('',(153.644014175307,1094.253894,2175.94694470579));
#16810=CARTESIAN_POINT('',(116.75572,1114.253894,2177.372352));
#16811=CARTESIAN_POINT('',(153.644014175307,1114.253894,2175.94694470579));
#16812=CARTESIAN_POINT('',(149.257870964013,1114.253894,2185.30290146418));
#16813=CARTESIAN_POINT('',(153.644014175307,666.253894,2175.94694470579));
#16814=CARTESIAN_POINT('',(153.644014175307,646.253894,2175.94694470579));
#16815=CARTESIAN_POINT('',(116.75572,666.253894,2177.372352));
#16816=CARTESIAN_POINT('',(153.644014175307,666.253894,2175.94694470579));
#16817=CARTESIAN_POINT('',(149.257870964013,666.253894,2185.30290146418));
#16818=CARTESIAN_POINT('',(153.644014175307,698.253894,2175.94694470579));
#16819=CARTESIAN_POINT('',(153.644014175307,678.253894,2175.94694470579));
#16820=CARTESIAN_POINT('',(116.75572,698.253894,2177.372352));
#16821=CARTESIAN_POINT('',(153.644014175307,698.253894,2175.94694470579));
#16822=CARTESIAN_POINT('',(149.257870964013,698.253894,2185.30290146418));
#16823=CARTESIAN_POINT('',(153.644014175307,1146.253894,2175.94694470579));
#16824=CARTESIAN_POINT('',(153.644014175307,1126.253894,2175.94694470579));
#16825=CARTESIAN_POINT('',(116.75572,1146.253894,2177.372352));
#16826=CARTESIAN_POINT('',(153.644014175307,1146.253894,2175.94694470579));
#16827=CARTESIAN_POINT('',(149.257870964013,1146.253894,2185.30290146418));
#16828=CARTESIAN_POINT('',(153.644014175307,730.253894,2175.94694470579));
#16829=CARTESIAN_POINT('',(153.644014175307,710.253894,2175.94694470579));
#16830=CARTESIAN_POINT('',(116.75572,730.253894,2177.372352));
#16831=CARTESIAN_POINT('',(153.644014175307,730.253894,2175.94694470579));
#16832=CARTESIAN_POINT('',(149.257870964013,730.253894,2185.30290146418));
#16833=CARTESIAN_POINT('',(153.644014175307,762.253894,2175.94694470579));
#16834=CARTESIAN_POINT('',(153.644014175307,742.253894,2175.94694470579));
#16835=CARTESIAN_POINT('',(116.75572,762.253894,2177.372352));
#16836=CARTESIAN_POINT('',(153.644014175307,762.253894,2175.94694470579));
#16837=CARTESIAN_POINT('',(149.257870964013,762.253894,2185.30290146418));
#16838=CARTESIAN_POINT('',(153.644014175307,1178.253894,2175.94694470579));
#16839=CARTESIAN_POINT('',(153.644014175307,1158.253894,2175.94694470579));
#16840=CARTESIAN_POINT('',(116.75572,1178.253894,2177.372352));
#16841=CARTESIAN_POINT('',(153.644014175307,1178.253894,2175.94694470579));
#16842=CARTESIAN_POINT('',(149.257870964013,1178.253894,2185.30290146418));
#16843=CARTESIAN_POINT('',(153.644014175307,794.253894,2175.94694470579));
#16844=CARTESIAN_POINT('',(153.644014175307,774.253894,2175.94694470579));
#16845=CARTESIAN_POINT('',(116.75572,794.253894,2177.372352));
#16846=CARTESIAN_POINT('',(153.644014175307,794.253894,2175.94694470579));
#16847=CARTESIAN_POINT('',(149.257870964013,794.253894,2185.30290146418));
#16848=CARTESIAN_POINT('',(153.644014175307,826.253894,2175.94694470579));
#16849=CARTESIAN_POINT('',(153.644014175307,806.253894,2175.94694470579));
#16850=CARTESIAN_POINT('',(116.75572,826.253894,2177.372352));
#16851=CARTESIAN_POINT('',(153.644014175307,826.253894,2175.94694470579));
#16852=CARTESIAN_POINT('',(149.257870964013,826.253894,2185.30290146418));
#16853=CARTESIAN_POINT('',(153.644014175307,1210.253894,2175.94694470579));
#16854=CARTESIAN_POINT('',(153.644014175307,1190.253894,2175.94694470579));
#16855=CARTESIAN_POINT('',(116.75572,1210.253894,2177.372352));
#16856=CARTESIAN_POINT('',(153.644014175307,1210.253894,2175.94694470579));
#16857=CARTESIAN_POINT('',(149.257870964013,1210.253894,2185.30290146418));
#16858=CARTESIAN_POINT('',(153.644014175307,858.253894,2175.94694470579));
#16859=CARTESIAN_POINT('',(153.644014175307,838.253894,2175.94694470579));
#16860=CARTESIAN_POINT('',(116.75572,858.253894,2177.372352));
#16861=CARTESIAN_POINT('',(153.644014175307,858.253894,2175.94694470579));
#16862=CARTESIAN_POINT('',(149.257870964013,858.253894,2185.30290146418));
#16863=CARTESIAN_POINT('',(153.644014175307,890.253894,2175.94694470579));
#16864=CARTESIAN_POINT('',(153.644014175307,870.253894,2175.94694470579));
#16865=CARTESIAN_POINT('',(116.75572,890.253894,2177.372352));
#16866=CARTESIAN_POINT('',(153.644014175307,890.253894,2175.94694470579));
#16867=CARTESIAN_POINT('',(149.257870964013,890.253894,2185.30290146418));
#16868=CARTESIAN_POINT('',(153.644014175307,1242.253894,2175.94694470579));
#16869=CARTESIAN_POINT('',(153.644014175307,1222.253894,2175.94694470579));
#16870=CARTESIAN_POINT('',(116.75572,1242.253894,2177.372352));
#16871=CARTESIAN_POINT('',(153.644014175307,1242.253894,2175.94694470579));
#16872=CARTESIAN_POINT('',(149.257870964013,1242.253894,2185.30290146418));
#16873=CARTESIAN_POINT('',(153.644014175307,922.253894,2175.94694470579));
#16874=CARTESIAN_POINT('',(153.644014175307,902.253894,2175.94694470579));
#16875=CARTESIAN_POINT('',(116.75572,922.253894,2177.372352));
#16876=CARTESIAN_POINT('',(153.644014175307,922.253894,2175.94694470579));
#16877=CARTESIAN_POINT('',(149.257870964013,922.253894,2185.30290146418));
#16878=CARTESIAN_POINT('',(153.644014175307,1274.253894,2175.94694470579));
#16879=CARTESIAN_POINT('',(153.644014175307,1254.253894,2175.94694470579));
#16880=CARTESIAN_POINT('',(116.75572,1274.253894,2177.372352));
#16881=CARTESIAN_POINT('',(153.644014175307,1274.253894,2175.94694470579));
#16882=CARTESIAN_POINT('',(149.257870964013,1274.253894,2185.30290146418));
#16883=CARTESIAN_POINT('',(153.644014175307,1306.253894,2175.94694470579));
#16884=CARTESIAN_POINT('',(153.644014175307,1286.253894,2175.94694470579));
#16885=CARTESIAN_POINT('',(116.75572,1306.253894,2177.372352));
#16886=CARTESIAN_POINT('',(153.644014175307,1306.253894,2175.94694470579));
#16887=CARTESIAN_POINT('',(149.257870964013,1306.253894,2185.30290146418));
#16888=CARTESIAN_POINT('',(153.644014175307,1338.253894,2175.94694470579));
#16889=CARTESIAN_POINT('',(153.644014175307,1318.253894,2175.94694470579));
#16890=CARTESIAN_POINT('',(116.75572,1338.253894,2177.372352));
#16891=CARTESIAN_POINT('',(153.644014175307,1338.253894,2175.94694470579));
#16892=CARTESIAN_POINT('',(149.257870964013,1338.253894,2185.30290146418));
#16893=CARTESIAN_POINT('',(153.644014175307,1370.253894,2175.94694470579));
#16894=CARTESIAN_POINT('',(153.644014175307,1350.253894,2175.94694470579));
#16895=CARTESIAN_POINT('',(116.75572,1370.253894,2177.372352));
#16896=CARTESIAN_POINT('',(153.644014175307,1370.253894,2175.94694470579));
#16897=CARTESIAN_POINT('',(149.257870964013,1370.253894,2185.30290146418));
#16898=CARTESIAN_POINT('',(153.644014175307,1402.253894,2175.94694470579));
#16899=CARTESIAN_POINT('',(153.644014175307,1382.253894,2175.94694470579));
#16900=CARTESIAN_POINT('',(116.75572,1402.253894,2177.372352));
#16901=CARTESIAN_POINT('',(153.644014175307,1402.253894,2175.94694470579));
#16902=CARTESIAN_POINT('',(149.257870964013,1402.253894,2185.30290146418));
#16903=CARTESIAN_POINT('',(153.644014175307,1434.253894,2175.94694470579));
#16904=CARTESIAN_POINT('',(153.644014175307,1414.253894,2175.94694470579));
#16905=CARTESIAN_POINT('',(116.75572,1434.253894,2177.372352));
#16906=CARTESIAN_POINT('',(153.644014175307,1434.253894,2175.94694470579));
#16907=CARTESIAN_POINT('',(149.257870964013,1434.253894,2185.30290146418));
#16908=CARTESIAN_POINT('',(153.644014175307,1466.253894,2175.94694470579));
#16909=CARTESIAN_POINT('',(153.644014175307,1446.253894,2175.94694470579));
#16910=CARTESIAN_POINT('',(116.75572,1466.253894,2177.372352));
#16911=CARTESIAN_POINT('',(153.644014175307,1466.253894,2175.94694470579));
#16912=CARTESIAN_POINT('',(149.257870964013,1466.253894,2185.30290146418));
#16913=CARTESIAN_POINT('',(153.644014175307,1498.253894,2175.94694470579));
#16914=CARTESIAN_POINT('',(153.644014175307,1478.253894,2175.94694470579));
#16915=CARTESIAN_POINT('',(116.75572,1498.253894,2177.372352));
#16916=CARTESIAN_POINT('',(153.644014175307,1498.253894,2175.94694470579));
#16917=CARTESIAN_POINT('',(149.257870964013,1498.253894,2185.30290146418));
#16918=CARTESIAN_POINT('',(153.644014175307,1530.253894,2175.94694470579));
#16919=CARTESIAN_POINT('',(153.644014175307,1510.253894,2175.94694470579));
#16920=CARTESIAN_POINT('',(116.75572,1530.253894,2177.372352));
#16921=CARTESIAN_POINT('',(153.644014175307,1530.253894,2175.94694470579));
#16922=CARTESIAN_POINT('',(149.257870964013,1530.253894,2185.30290146418));
#16923=CARTESIAN_POINT('',(153.644014175307,1562.253894,2175.94694470579));
#16924=CARTESIAN_POINT('',(153.644014175307,1542.253894,2175.94694470579));
#16925=CARTESIAN_POINT('',(116.75572,1562.253894,2177.372352));
#16926=CARTESIAN_POINT('',(153.644014175307,1562.253894,2175.94694470579));
#16927=CARTESIAN_POINT('',(149.257870964013,1562.253894,2185.30290146418));
#16928=CARTESIAN_POINT('',(153.644014175307,1594.253894,2175.94694470579));
#16929=CARTESIAN_POINT('',(153.644014175307,1574.253894,2175.94694470579));
#16930=CARTESIAN_POINT('',(116.75572,1594.253894,2177.372352));
#16931=CARTESIAN_POINT('',(153.644014175307,1594.253894,2175.94694470579));
#16932=CARTESIAN_POINT('',(149.257870964013,1594.253894,2185.30290146418));
#16933=CARTESIAN_POINT('',(153.644014175307,1606.253894,2175.94694470579));
#16934=CARTESIAN_POINT('',(116.75572,1622.253894,2177.372352));
#16935=CARTESIAN_POINT('',(153.644014175307,1622.253894,2175.94694470579));
#16936=CARTESIAN_POINT('',(149.257870964013,1622.253894,2185.30290146418));
#16937=PRODUCT_DEFINITION_SHAPE('','',#16938);
#16938=PRODUCT_DEFINITION('','',#16950,#16955);
#16939=(
GEOMETRIC_REPRESENTATION_CONTEXT(3)
GLOBAL_UNCERTAINTY_ASSIGNED_CONTEXT((#16940))
GLOBAL_UNIT_ASSIGNED_CONTEXT((#16942,#16941,#16945))
REPRESENTATION_CONTEXT('','')
);
#16940=UNCERTAINTY_MEASURE_WITH_UNIT(LENGTH_MEASURE(0.001),#16942,'',
'tolerance');
#16941=(
CONVERSION_BASED_UNIT('',#16943)
NAMED_UNIT(#16949)
PLANE_ANGLE_UNIT()
);
#16942=(
CONVERSION_BASED_UNIT('',#16944)
LENGTH_UNIT()
NAMED_UNIT(#16948)
);
#16943=PLANE_ANGLE_MEASURE_WITH_UNIT(PLANE_ANGLE_MEASURE(0.0174532925199433),
#16946);
#16944=LENGTH_MEASURE_WITH_UNIT(LENGTH_MEASURE(1.),#16947);
#16945=(
NAMED_UNIT(*)
SI_UNIT($,.STERADIAN.)
SOLID_ANGLE_UNIT()
);
#16946=(
NAMED_UNIT(*)
PLANE_ANGLE_UNIT()
SI_UNIT($,.RADIAN.)
);
#16947=(
LENGTH_UNIT()
NAMED_UNIT(*)
SI_UNIT(.MILLI.,.METRE.)
);
#16948=DIMENSIONAL_EXPONENTS(1.,0.,0.,0.,0.,0.,0.);
#16949=DIMENSIONAL_EXPONENTS(0.,0.,0.,0.,0.,0.,0.);
#16950=PRODUCT_DEFINITION_FORMATION_WITH_SPECIFIED_SOURCE('','',#16953,
.NOT_KNOWN.);
#16951=PRODUCT_CATEGORY_RELATIONSHIP('','',#16956,#16952);
#16952=PRODUCT_RELATED_PRODUCT_CATEGORY('assembly','',(#16953));
#16953=PRODUCT('','master','',(#16954));
#16954=PRODUCT_CONTEXT('',#16958,'');
#16955=PRODUCT_DEFINITION_CONTEXT('',#16958,'part_definition');
#16956=PRODUCT_CATEGORY('part','');
#16957=APPLICATION_PROTOCOL_DEFINITION('international standard',
'automotive_design_cc2',1994,#16958);
#16958=APPLICATION_CONTEXT(
'configuration controlled 3D designs of mechanical parts and assemblies');
ENDSEC;
END-ISO-10303-21;
771333