ISO-10303-21;
HEADER;
/* Generated by software using Delcam plc STEP library */

FILE_DESCRIPTION(
/* description */ ('AP-214 File'),
/* implementation_level */ '2;1');

FILE_NAME(
/* name */ 'D569',
/* time_stamp */ 'Fri Oct 27 15:02:54 2017',
/* author */ (''),
/* organization */ (''),
/* preprocessor_version */ 'DELCAM STEP V1',
/* originating_system */ 'Exchange7.1.0006',
/* authorisation */ '');

FILE_SCHEMA (('AUTOMOTIVE_DESIGN'));
ENDSEC;
DATA;
#10=PRESENTATION_STYLE_ASSIGNMENT((#20));
#11=PRESENTATION_STYLE_ASSIGNMENT((#21));
#12=SURFACE_SIDE_STYLE('',(#14));
#13=SURFACE_SIDE_STYLE('',(#15));
#14=SURFACE_STYLE_FILL_AREA(#16);
#15=SURFACE_STYLE_FILL_AREA(#17);
#16=FILL_AREA_STYLE('',(#18));
#17=FILL_AREA_STYLE('',(#19));
#18=FILL_AREA_STYLE_COLOUR('',#608);
#19=FILL_AREA_STYLE_COLOUR('',#609);
#20=SURFACE_STYLE_USAGE(.BOTH.,#12);
#21=SURFACE_STYLE_USAGE(.BOTH.,#13);
#22=STYLED_ITEM('',(#10),#718);
#23=STYLED_ITEM('',(#10),#719);
#24=STYLED_ITEM('',(#10),#720);
#25=STYLED_ITEM('',(#10),#721);
#26=STYLED_ITEM('',(#10),#722);
#27=STYLED_ITEM('',(#10),#723);
#28=STYLED_ITEM('',(#10),#724);
#29=STYLED_ITEM('',(#10),#725);
#30=STYLED_ITEM('',(#10),#726);
#31=STYLED_ITEM('',(#10),#727);
#32=STYLED_ITEM('',(#10),#728);
#33=STYLED_ITEM('',(#10),#729);
#34=STYLED_ITEM('',(#10),#730);
#35=STYLED_ITEM('',(#10),#731);
#36=STYLED_ITEM('',(#10),#732);
#37=STYLED_ITEM('',(#10),#733);
#38=STYLED_ITEM('',(#10),#734);
#39=STYLED_ITEM('',(#10),#735);
#40=STYLED_ITEM('',(#10),#736);
#41=STYLED_ITEM('',(#10),#737);
#42=STYLED_ITEM('',(#10),#738);
#43=STYLED_ITEM('',(#10),#739);
#44=STYLED_ITEM('',(#10),#740);
#45=STYLED_ITEM('',(#10),#741);
#46=STYLED_ITEM('',(#10),#742);
#47=STYLED_ITEM('',(#10),#743);
#48=STYLED_ITEM('',(#10),#744);
#49=STYLED_ITEM('',(#10),#745);
#50=STYLED_ITEM('',(#10),#746);
#51=STYLED_ITEM('',(#10),#747);
#52=STYLED_ITEM('',(#10),#748);
#53=STYLED_ITEM('',(#10),#749);
#54=STYLED_ITEM('',(#10),#750);
#55=STYLED_ITEM('',(#10),#751);
#56=STYLED_ITEM('',(#10),#752);
#57=STYLED_ITEM('',(#10),#753);
#58=STYLED_ITEM('',(#10),#754);
#59=STYLED_ITEM('',(#10),#755);
#60=STYLED_ITEM('',(#10),#756);
#61=STYLED_ITEM('',(#10),#757);
#62=STYLED_ITEM('',(#10),#758);
#63=STYLED_ITEM('',(#10),#759);
#64=STYLED_ITEM('',(#10),#760);
#65=STYLED_ITEM('',(#10),#761);
#66=STYLED_ITEM('',(#10),#762);
#67=STYLED_ITEM('',(#10),#763);
#68=STYLED_ITEM('',(#10),#764);
#69=STYLED_ITEM('',(#10),#765);
#70=STYLED_ITEM('',(#10),#766);
#71=STYLED_ITEM('',(#10),#767);
#72=STYLED_ITEM('',(#10),#768);
#73=STYLED_ITEM('',(#10),#769);
#74=STYLED_ITEM('',(#10),#770);
#75=STYLED_ITEM('',(#10),#771);
#76=STYLED_ITEM('',(#10),#772);
#77=STYLED_ITEM('',(#10),#773);
#78=STYLED_ITEM('',(#10),#774);
#79=STYLED_ITEM('',(#10),#775);
#80=STYLED_ITEM('',(#10),#776);
#81=STYLED_ITEM('',(#10),#777);
#82=STYLED_ITEM('',(#10),#778);
#83=STYLED_ITEM('',(#10),#779);
#84=STYLED_ITEM('',(#10),#780);
#85=STYLED_ITEM('',(#10),#781);
#86=STYLED_ITEM('',(#10),#782);
#87=STYLED_ITEM('',(#10),#783);
#88=STYLED_ITEM('',(#10),#784);
#89=STYLED_ITEM('',(#10),#785);
#90=STYLED_ITEM('',(#10),#786);
#91=STYLED_ITEM('',(#10),#787);
#92=STYLED_ITEM('',(#10),#788);
#93=STYLED_ITEM('',(#10),#789);
#94=STYLED_ITEM('',(#10),#790);
#95=STYLED_ITEM('',(#10),#791);
#96=STYLED_ITEM('',(#10),#792);
#97=STYLED_ITEM('',(#10),#793);
#98=STYLED_ITEM('',(#10),#794);
#99=STYLED_ITEM('',(#10),#795);
#100=STYLED_ITEM('',(#10),#796);
#101=STYLED_ITEM('',(#10),#797);
#102=STYLED_ITEM('',(#10),#798);
#103=STYLED_ITEM('',(#10),#799);
#104=STYLED_ITEM('',(#10),#800);
#105=STYLED_ITEM('',(#10),#801);
#106=STYLED_ITEM('',(#10),#802);
#107=STYLED_ITEM('',(#10),#803);
#108=STYLED_ITEM('',(#10),#804);
#109=STYLED_ITEM('',(#10),#805);
#110=STYLED_ITEM('',(#10),#806);
#111=STYLED_ITEM('',(#10),#807);
#112=STYLED_ITEM('',(#10),#808);
#113=STYLED_ITEM('',(#10),#809);
#114=STYLED_ITEM('',(#10),#810);
#115=STYLED_ITEM('',(#10),#811);
#116=STYLED_ITEM('',(#10),#812);
#117=STYLED_ITEM('',(#10),#813);
#118=STYLED_ITEM('',(#10),#814);
#119=STYLED_ITEM('',(#10),#815);
#120=STYLED_ITEM('',(#10),#816);
#121=STYLED_ITEM('',(#10),#817);
#122=STYLED_ITEM('',(#10),#818);
#123=STYLED_ITEM('',(#10),#819);
#124=STYLED_ITEM('',(#10),#820);
#125=STYLED_ITEM('',(#10),#821);
#126=STYLED_ITEM('',(#10),#822);
#127=STYLED_ITEM('',(#10),#823);
#128=STYLED_ITEM('',(#10),#824);
#129=STYLED_ITEM('',(#10),#825);
#130=STYLED_ITEM('',(#10),#826);
#131=STYLED_ITEM('',(#10),#827);
#132=STYLED_ITEM('',(#10),#828);
#133=STYLED_ITEM('',(#10),#829);
#134=STYLED_ITEM('',(#10),#830);
#135=STYLED_ITEM('',(#10),#831);
#136=STYLED_ITEM('',(#10),#832);
#137=STYLED_ITEM('',(#10),#833);
#138=STYLED_ITEM('',(#10),#834);
#139=STYLED_ITEM('',(#10),#835);
#140=STYLED_ITEM('',(#10),#836);
#141=STYLED_ITEM('',(#10),#837);
#142=STYLED_ITEM('',(#10),#838);
#143=STYLED_ITEM('',(#10),#839);
#144=STYLED_ITEM('',(#10),#840);
#145=STYLED_ITEM('',(#10),#841);
#146=STYLED_ITEM('',(#10),#842);
#147=STYLED_ITEM('',(#10),#843);
#148=STYLED_ITEM('',(#10),#844);
#149=STYLED_ITEM('',(#10),#845);
#150=STYLED_ITEM('',(#10),#846);
#151=STYLED_ITEM('',(#10),#847);
#152=STYLED_ITEM('',(#10),#848);
#153=STYLED_ITEM('',(#10),#849);
#154=STYLED_ITEM('',(#10),#850);
#155=STYLED_ITEM('',(#10),#851);
#156=STYLED_ITEM('',(#10),#852);
#157=STYLED_ITEM('',(#10),#853);
#158=STYLED_ITEM('',(#10),#854);
#159=STYLED_ITEM('',(#10),#855);
#160=STYLED_ITEM('',(#10),#856);
#161=STYLED_ITEM('',(#10),#857);
#162=STYLED_ITEM('',(#10),#858);
#163=STYLED_ITEM('',(#10),#859);
#164=STYLED_ITEM('',(#10),#860);
#165=STYLED_ITEM('',(#10),#861);
#166=STYLED_ITEM('',(#10),#862);
#167=STYLED_ITEM('',(#10),#863);
#168=STYLED_ITEM('',(#10),#864);
#169=STYLED_ITEM('',(#10),#865);
#170=STYLED_ITEM('',(#10),#866);
#171=STYLED_ITEM('',(#10),#867);
#172=STYLED_ITEM('',(#10),#868);
#173=STYLED_ITEM('',(#10),#869);
#174=STYLED_ITEM('',(#10),#870);
#175=STYLED_ITEM('',(#10),#871);
#176=STYLED_ITEM('',(#10),#872);
#177=STYLED_ITEM('',(#10),#873);
#178=STYLED_ITEM('',(#10),#874);
#179=STYLED_ITEM('',(#10),#875);
#180=STYLED_ITEM('',(#10),#876);
#181=STYLED_ITEM('',(#10),#877);
#182=STYLED_ITEM('',(#10),#878);
#183=STYLED_ITEM('',(#10),#879);
#184=STYLED_ITEM('',(#10),#880);
#185=STYLED_ITEM('',(#10),#881);
#186=STYLED_ITEM('',(#10),#882);
#187=STYLED_ITEM('',(#10),#883);
#188=STYLED_ITEM('',(#10),#884);
#189=STYLED_ITEM('',(#10),#885);
#190=STYLED_ITEM('',(#10),#886);
#191=STYLED_ITEM('',(#10),#887);
#192=STYLED_ITEM('',(#10),#888);
#193=STYLED_ITEM('',(#10),#889);
#194=STYLED_ITEM('',(#10),#890);
#195=STYLED_ITEM('',(#10),#891);
#196=STYLED_ITEM('',(#10),#892);
#197=STYLED_ITEM('',(#10),#893);
#198=STYLED_ITEM('',(#10),#894);
#199=STYLED_ITEM('',(#10),#895);
#200=STYLED_ITEM('',(#10),#896);
#201=STYLED_ITEM('',(#10),#897);
#202=STYLED_ITEM('',(#10),#898);
#203=STYLED_ITEM('',(#10),#899);
#204=STYLED_ITEM('',(#10),#900);
#205=STYLED_ITEM('',(#10),#901);
#206=STYLED_ITEM('',(#10),#902);
#207=STYLED_ITEM('',(#10),#903);
#208=STYLED_ITEM('',(#10),#904);
#209=STYLED_ITEM('',(#10),#905);
#210=STYLED_ITEM('',(#10),#906);
#211=STYLED_ITEM('',(#10),#907);
#212=STYLED_ITEM('',(#10),#908);
#213=STYLED_ITEM('',(#10),#909);
#214=STYLED_ITEM('',(#10),#910);
#215=STYLED_ITEM('',(#10),#911);
#216=STYLED_ITEM('',(#10),#912);
#217=STYLED_ITEM('',(#10),#913);
#218=STYLED_ITEM('',(#10),#914);
#219=STYLED_ITEM('',(#10),#915);
#220=STYLED_ITEM('',(#10),#916);
#221=STYLED_ITEM('',(#10),#917);
#222=STYLED_ITEM('',(#10),#918);
#223=STYLED_ITEM('',(#10),#919);
#224=STYLED_ITEM('',(#10),#920);
#225=STYLED_ITEM('',(#10),#921);
#226=STYLED_ITEM('',(#10),#922);
#227=STYLED_ITEM('',(#10),#923);
#228=STYLED_ITEM('',(#10),#924);
#229=STYLED_ITEM('',(#10),#925);
#230=STYLED_ITEM('',(#10),#926);
#231=STYLED_ITEM('',(#10),#927);
#232=STYLED_ITEM('',(#10),#928);
#233=STYLED_ITEM('',(#10),#929);
#234=STYLED_ITEM('',(#10),#930);
#235=STYLED_ITEM('',(#10),#931);
#236=STYLED_ITEM('',(#10),#932);
#237=STYLED_ITEM('',(#10),#933);
#238=STYLED_ITEM('',(#10),#934);
#239=STYLED_ITEM('',(#10),#935);
#240=STYLED_ITEM('',(#10),#936);
#241=STYLED_ITEM('',(#10),#937);
#242=STYLED_ITEM('',(#10),#938);
#243=STYLED_ITEM('',(#10),#939);
#244=STYLED_ITEM('',(#10),#940);
#245=STYLED_ITEM('',(#10),#941);
#246=STYLED_ITEM('',(#10),#942);
#247=STYLED_ITEM('',(#10),#943);
#248=STYLED_ITEM('',(#10),#944);
#249=STYLED_ITEM('',(#10),#945);
#250=STYLED_ITEM('',(#10),#946);
#251=STYLED_ITEM('',(#10),#947);
#252=STYLED_ITEM('',(#10),#948);
#253=STYLED_ITEM('',(#10),#949);
#254=STYLED_ITEM('',(#10),#950);
#255=STYLED_ITEM('',(#10),#951);
#256=STYLED_ITEM('',(#10),#952);
#257=STYLED_ITEM('',(#10),#953);
#258=STYLED_ITEM('',(#10),#954);
#259=STYLED_ITEM('',(#10),#955);
#260=STYLED_ITEM('',(#10),#956);
#261=STYLED_ITEM('',(#10),#957);
#262=STYLED_ITEM('',(#10),#958);
#263=STYLED_ITEM('',(#10),#959);
#264=STYLED_ITEM('',(#10),#960);
#265=STYLED_ITEM('',(#10),#961);
#266=STYLED_ITEM('',(#10),#962);
#267=STYLED_ITEM('',(#10),#963);
#268=STYLED_ITEM('',(#10),#964);
#269=STYLED_ITEM('',(#10),#965);
#270=STYLED_ITEM('',(#10),#966);
#271=STYLED_ITEM('',(#10),#967);
#272=STYLED_ITEM('',(#10),#968);
#273=STYLED_ITEM('',(#10),#969);
#274=STYLED_ITEM('',(#10),#970);
#275=STYLED_ITEM('',(#10),#971);
#276=STYLED_ITEM('',(#10),#972);
#277=STYLED_ITEM('',(#10),#973);
#278=STYLED_ITEM('',(#10),#974);
#279=STYLED_ITEM('',(#10),#975);
#280=STYLED_ITEM('',(#10),#976);
#281=STYLED_ITEM('',(#10),#977);
#282=STYLED_ITEM('',(#10),#978);
#283=STYLED_ITEM('',(#10),#979);
#284=STYLED_ITEM('',(#10),#980);
#285=STYLED_ITEM('',(#10),#981);
#286=STYLED_ITEM('',(#10),#982);
#287=STYLED_ITEM('',(#10),#983);
#288=STYLED_ITEM('',(#10),#984);
#289=STYLED_ITEM('',(#10),#985);
#290=STYLED_ITEM('',(#10),#986);
#291=STYLED_ITEM('',(#10),#987);
#292=STYLED_ITEM('',(#10),#988);
#293=STYLED_ITEM('',(#10),#989);
#294=STYLED_ITEM('',(#10),#990);
#295=STYLED_ITEM('',(#10),#991);
#296=STYLED_ITEM('',(#10),#992);
#297=STYLED_ITEM('',(#10),#993);
#298=STYLED_ITEM('',(#10),#994);
#299=STYLED_ITEM('',(#10),#995);
#300=STYLED_ITEM('',(#10),#996);
#301=STYLED_ITEM('',(#10),#997);
#302=STYLED_ITEM('',(#10),#998);
#303=STYLED_ITEM('',(#10),#999);
#304=STYLED_ITEM('',(#10),#1000);
#305=STYLED_ITEM('',(#10),#1001);
#306=STYLED_ITEM('',(#10),#1002);
#307=STYLED_ITEM('',(#10),#1003);
#308=STYLED_ITEM('',(#10),#1004);
#309=STYLED_ITEM('',(#10),#1005);
#310=STYLED_ITEM('',(#10),#1006);
#311=STYLED_ITEM('',(#10),#1007);
#312=STYLED_ITEM('',(#10),#1008);
#313=STYLED_ITEM('',(#10),#1009);
#314=STYLED_ITEM('',(#10),#1010);
#315=STYLED_ITEM('',(#10),#1011);
#316=STYLED_ITEM('',(#10),#1012);
#317=STYLED_ITEM('',(#10),#1013);
#318=STYLED_ITEM('',(#10),#1014);
#319=STYLED_ITEM('',(#10),#1015);
#320=STYLED_ITEM('',(#10),#1016);
#321=STYLED_ITEM('',(#10),#1017);
#322=STYLED_ITEM('',(#10),#1018);
#323=STYLED_ITEM('',(#10),#1019);
#324=STYLED_ITEM('',(#10),#1020);
#325=STYLED_ITEM('',(#10),#1021);
#326=STYLED_ITEM('',(#10),#1022);
#327=STYLED_ITEM('',(#10),#1023);
#328=STYLED_ITEM('',(#10),#1024);
#329=STYLED_ITEM('',(#10),#1025);
#330=STYLED_ITEM('',(#10),#1026);
#331=STYLED_ITEM('',(#10),#1027);
#332=STYLED_ITEM('',(#10),#1028);
#333=STYLED_ITEM('',(#10),#1029);
#334=STYLED_ITEM('',(#10),#1030);
#335=STYLED_ITEM('',(#10),#1031);
#336=STYLED_ITEM('',(#10),#1032);
#337=STYLED_ITEM('',(#10),#1033);
#338=STYLED_ITEM('',(#10),#1034);
#339=STYLED_ITEM('',(#10),#1035);
#340=STYLED_ITEM('',(#10),#1036);
#341=STYLED_ITEM('',(#10),#1037);
#342=STYLED_ITEM('',(#10),#1038);
#343=STYLED_ITEM('',(#10),#1039);
#344=STYLED_ITEM('',(#10),#1040);
#345=STYLED_ITEM('',(#10),#1041);
#346=STYLED_ITEM('',(#10),#1042);
#347=STYLED_ITEM('',(#10),#1043);
#348=STYLED_ITEM('',(#10),#1044);
#349=STYLED_ITEM('',(#10),#1045);
#350=STYLED_ITEM('',(#10),#1046);
#351=STYLED_ITEM('',(#10),#1047);
#352=STYLED_ITEM('',(#10),#1048);
#353=STYLED_ITEM('',(#10),#1049);
#354=STYLED_ITEM('',(#10),#1050);
#355=STYLED_ITEM('',(#10),#1051);
#356=STYLED_ITEM('',(#10),#1052);
#357=STYLED_ITEM('',(#10),#1053);
#358=STYLED_ITEM('',(#10),#1054);
#359=STYLED_ITEM('',(#10),#1055);
#360=STYLED_ITEM('',(#10),#1056);
#361=STYLED_ITEM('',(#10),#1057);
#362=STYLED_ITEM('',(#10),#1058);
#363=STYLED_ITEM('',(#10),#1059);
#364=STYLED_ITEM('',(#10),#1060);
#365=STYLED_ITEM('',(#10),#1061);
#366=STYLED_ITEM('',(#10),#1062);
#367=STYLED_ITEM('',(#10),#1063);
#368=STYLED_ITEM('',(#10),#1064);
#369=STYLED_ITEM('',(#10),#1065);
#370=STYLED_ITEM('',(#10),#1066);
#371=STYLED_ITEM('',(#10),#1067);
#372=STYLED_ITEM('',(#10),#1068);
#373=STYLED_ITEM('',(#10),#1069);
#374=STYLED_ITEM('',(#10),#1070);
#375=STYLED_ITEM('',(#10),#1071);
#376=STYLED_ITEM('',(#10),#1072);
#377=STYLED_ITEM('',(#10),#1073);
#378=STYLED_ITEM('',(#10),#1074);
#379=STYLED_ITEM('',(#10),#1075);
#380=STYLED_ITEM('',(#10),#1076);
#381=STYLED_ITEM('',(#10),#1077);
#382=STYLED_ITEM('',(#10),#1078);
#383=STYLED_ITEM('',(#10),#1079);
#384=STYLED_ITEM('',(#10),#1080);
#385=STYLED_ITEM('',(#10),#1081);
#386=STYLED_ITEM('',(#10),#1082);
#387=STYLED_ITEM('',(#10),#1083);
#388=STYLED_ITEM('',(#10),#1084);
#389=STYLED_ITEM('',(#10),#1085);
#390=STYLED_ITEM('',(#10),#1086);
#391=STYLED_ITEM('',(#10),#1087);
#392=STYLED_ITEM('',(#10),#1088);
#393=STYLED_ITEM('',(#10),#1089);
#394=STYLED_ITEM('',(#10),#1090);
#395=STYLED_ITEM('',(#10),#1091);
#396=STYLED_ITEM('',(#10),#1092);
#397=STYLED_ITEM('',(#10),#1093);
#398=STYLED_ITEM('',(#10),#1094);
#399=STYLED_ITEM('',(#10),#1095);
#400=STYLED_ITEM('',(#10),#1096);
#401=STYLED_ITEM('',(#10),#1097);
#402=STYLED_ITEM('',(#10),#1098);
#403=STYLED_ITEM('',(#10),#1099);
#404=STYLED_ITEM('',(#10),#1100);
#405=STYLED_ITEM('',(#10),#1101);
#406=STYLED_ITEM('',(#10),#1102);
#407=STYLED_ITEM('',(#10),#1103);
#408=STYLED_ITEM('',(#10),#1104);
#409=STYLED_ITEM('',(#10),#1105);
#410=STYLED_ITEM('',(#10),#1106);
#411=STYLED_ITEM('',(#10),#1107);
#412=STYLED_ITEM('',(#10),#1108);
#413=STYLED_ITEM('',(#10),#1109);
#414=STYLED_ITEM('',(#10),#1110);
#415=STYLED_ITEM('',(#10),#1111);
#416=STYLED_ITEM('',(#10),#1112);
#417=STYLED_ITEM('',(#10),#1113);
#418=STYLED_ITEM('',(#10),#1114);
#419=STYLED_ITEM('',(#10),#1115);
#420=STYLED_ITEM('',(#10),#1116);
#421=STYLED_ITEM('',(#10),#1117);
#422=STYLED_ITEM('',(#10),#1118);
#423=STYLED_ITEM('',(#10),#1119);
#424=STYLED_ITEM('',(#10),#1120);
#425=STYLED_ITEM('',(#10),#1121);
#426=STYLED_ITEM('',(#10),#1122);
#427=STYLED_ITEM('',(#10),#1123);
#428=STYLED_ITEM('',(#10),#1124);
#429=STYLED_ITEM('',(#10),#1125);
#430=STYLED_ITEM('',(#10),#1126);
#431=STYLED_ITEM('',(#10),#1127);
#432=STYLED_ITEM('',(#10),#1128);
#433=STYLED_ITEM('',(#10),#1129);
#434=STYLED_ITEM('',(#10),#1130);
#435=STYLED_ITEM('',(#10),#1131);
#436=STYLED_ITEM('',(#10),#1132);
#437=STYLED_ITEM('',(#10),#1133);
#438=STYLED_ITEM('',(#10),#1134);
#439=STYLED_ITEM('',(#10),#1135);
#440=STYLED_ITEM('',(#10),#1136);
#441=STYLED_ITEM('',(#10),#1137);
#442=STYLED_ITEM('',(#10),#1138);
#443=STYLED_ITEM('',(#10),#1139);
#444=STYLED_ITEM('',(#10),#1140);
#445=STYLED_ITEM('',(#10),#1141);
#446=STYLED_ITEM('',(#10),#1142);
#447=STYLED_ITEM('',(#10),#1143);
#448=STYLED_ITEM('',(#10),#1144);
#449=STYLED_ITEM('',(#10),#1145);
#450=STYLED_ITEM('',(#10),#1146);
#451=STYLED_ITEM('',(#10),#1147);
#452=STYLED_ITEM('',(#10),#1148);
#453=STYLED_ITEM('',(#10),#1149);
#454=STYLED_ITEM('',(#10),#1150);
#455=STYLED_ITEM('',(#10),#1151);
#456=STYLED_ITEM('',(#10),#1152);
#457=STYLED_ITEM('',(#10),#1153);
#458=STYLED_ITEM('',(#10),#1154);
#459=STYLED_ITEM('',(#10),#1155);
#460=STYLED_ITEM('',(#10),#1156);
#461=STYLED_ITEM('',(#10),#1157);
#462=STYLED_ITEM('',(#10),#1158);
#463=STYLED_ITEM('',(#10),#1159);
#464=STYLED_ITEM('',(#10),#1160);
#465=STYLED_ITEM('',(#10),#1161);
#466=STYLED_ITEM('',(#10),#1162);
#467=STYLED_ITEM('',(#10),#1163);
#468=STYLED_ITEM('',(#10),#1164);
#469=STYLED_ITEM('',(#10),#1165);
#470=STYLED_ITEM('',(#10),#1166);
#471=STYLED_ITEM('',(#10),#1167);
#472=STYLED_ITEM('',(#10),#1168);
#473=STYLED_ITEM('',(#10),#1169);
#474=STYLED_ITEM('',(#10),#1170);
#475=STYLED_ITEM('',(#10),#1171);
#476=STYLED_ITEM('',(#10),#1172);
#477=STYLED_ITEM('',(#10),#1173);
#478=STYLED_ITEM('',(#10),#1174);
#479=STYLED_ITEM('',(#10),#1175);
#480=STYLED_ITEM('',(#10),#1176);
#481=STYLED_ITEM('',(#10),#1177);
#482=STYLED_ITEM('',(#10),#1178);
#483=STYLED_ITEM('',(#10),#1179);
#484=STYLED_ITEM('',(#10),#1180);
#485=STYLED_ITEM('',(#10),#1181);
#486=STYLED_ITEM('',(#10),#1182);
#487=STYLED_ITEM('',(#10),#1183);
#488=STYLED_ITEM('',(#10),#1184);
#489=STYLED_ITEM('',(#10),#1185);
#490=STYLED_ITEM('',(#10),#1186);
#491=STYLED_ITEM('',(#10),#1187);
#492=STYLED_ITEM('',(#10),#1188);
#493=STYLED_ITEM('',(#10),#1189);
#494=STYLED_ITEM('',(#10),#1190);
#495=STYLED_ITEM('',(#10),#1191);
#496=STYLED_ITEM('',(#10),#1192);
#497=STYLED_ITEM('',(#10),#1193);
#498=STYLED_ITEM('',(#10),#1194);
#499=STYLED_ITEM('',(#10),#1195);
#500=STYLED_ITEM('',(#10),#1196);
#501=STYLED_ITEM('',(#10),#1197);
#502=STYLED_ITEM('',(#10),#1198);
#503=STYLED_ITEM('',(#10),#1199);
#504=STYLED_ITEM('',(#10),#1200);
#505=STYLED_ITEM('',(#10),#1201);
#506=STYLED_ITEM('',(#10),#1202);
#507=STYLED_ITEM('',(#10),#1203);
#508=STYLED_ITEM('',(#10),#1204);
#509=STYLED_ITEM('',(#10),#1205);
#510=STYLED_ITEM('',(#10),#1206);
#511=STYLED_ITEM('',(#10),#1207);
#512=STYLED_ITEM('',(#10),#1208);
#513=STYLED_ITEM('',(#10),#1209);
#514=STYLED_ITEM('',(#10),#1210);
#515=STYLED_ITEM('',(#10),#1211);
#516=STYLED_ITEM('',(#10),#1212);
#517=STYLED_ITEM('',(#10),#1213);
#518=STYLED_ITEM('',(#10),#1214);
#519=STYLED_ITEM('',(#10),#1215);
#520=STYLED_ITEM('',(#10),#1216);
#521=STYLED_ITEM('',(#10),#1217);
#522=STYLED_ITEM('',(#10),#1218);
#523=STYLED_ITEM('',(#10),#1219);
#524=STYLED_ITEM('',(#10),#1220);
#525=STYLED_ITEM('',(#10),#1221);
#526=STYLED_ITEM('',(#10),#1222);
#527=STYLED_ITEM('',(#10),#1223);
#528=STYLED_ITEM('',(#10),#1224);
#529=STYLED_ITEM('',(#10),#1225);
#530=STYLED_ITEM('',(#10),#1226);
#531=STYLED_ITEM('',(#10),#1227);
#532=STYLED_ITEM('',(#10),#1228);
#533=STYLED_ITEM('',(#10),#1229);
#534=STYLED_ITEM('',(#10),#1230);
#535=STYLED_ITEM('',(#10),#1231);
#536=STYLED_ITEM('',(#10),#1232);
#537=STYLED_ITEM('',(#10),#1233);
#538=STYLED_ITEM('',(#10),#1234);
#539=STYLED_ITEM('',(#10),#1235);
#540=STYLED_ITEM('',(#10),#1236);
#541=STYLED_ITEM('',(#10),#1237);
#542=STYLED_ITEM('',(#10),#1238);
#543=STYLED_ITEM('',(#10),#1239);
#544=STYLED_ITEM('',(#10),#1240);
#545=STYLED_ITEM('',(#10),#1241);
#546=STYLED_ITEM('',(#10),#1242);
#547=STYLED_ITEM('',(#10),#1243);
#548=STYLED_ITEM('',(#10),#1244);
#549=STYLED_ITEM('',(#10),#1245);
#550=STYLED_ITEM('',(#10),#1246);
#551=STYLED_ITEM('',(#10),#1247);
#552=STYLED_ITEM('',(#10),#1248);
#553=STYLED_ITEM('',(#10),#1249);
#554=STYLED_ITEM('',(#10),#1250);
#555=STYLED_ITEM('',(#10),#1251);
#556=STYLED_ITEM('',(#10),#1252);
#557=STYLED_ITEM('',(#10),#1253);
#558=STYLED_ITEM('',(#10),#1254);
#559=STYLED_ITEM('',(#10),#1255);
#560=STYLED_ITEM('',(#10),#1256);
#561=STYLED_ITEM('',(#10),#1257);
#562=STYLED_ITEM('',(#10),#1258);
#563=STYLED_ITEM('',(#10),#1259);
#564=STYLED_ITEM('',(#10),#1260);
#565=STYLED_ITEM('',(#10),#1261);
#566=STYLED_ITEM('',(#10),#1262);
#567=STYLED_ITEM('',(#10),#1263);
#568=STYLED_ITEM('',(#10),#1264);
#569=STYLED_ITEM('',(#10),#1265);
#570=STYLED_ITEM('',(#10),#1266);
#571=STYLED_ITEM('',(#10),#1267);
#572=STYLED_ITEM('',(#10),#1268);
#573=STYLED_ITEM('',(#10),#1269);
#574=STYLED_ITEM('',(#10),#1270);
#575=STYLED_ITEM('',(#10),#1271);
#576=STYLED_ITEM('',(#10),#1272);
#577=STYLED_ITEM('',(#10),#1273);
#578=STYLED_ITEM('',(#10),#1274);
#579=STYLED_ITEM('',(#10),#1275);
#580=STYLED_ITEM('',(#10),#1276);
#581=STYLED_ITEM('',(#10),#1277);
#582=STYLED_ITEM('',(#10),#1278);
#583=STYLED_ITEM('',(#10),#1279);
#584=STYLED_ITEM('',(#10),#1280);
#585=STYLED_ITEM('',(#10),#1281);
#586=STYLED_ITEM('',(#10),#1282);
#587=STYLED_ITEM('',(#10),#1283);
#588=STYLED_ITEM('',(#10),#1284);
#589=STYLED_ITEM('',(#10),#1285);
#590=STYLED_ITEM('',(#10),#1286);
#591=STYLED_ITEM('',(#10),#1287);
#592=STYLED_ITEM('',(#10),#1288);
#593=STYLED_ITEM('',(#10),#1289);
#594=STYLED_ITEM('',(#10),#1290);
#595=STYLED_ITEM('',(#10),#1291);
#596=STYLED_ITEM('',(#10),#1292);
#597=STYLED_ITEM('',(#10),#1293);
#598=STYLED_ITEM('',(#10),#1294);
#599=STYLED_ITEM('',(#10),#1295);
#600=STYLED_ITEM('',(#10),#1296);
#601=STYLED_ITEM('',(#10),#1297);
#602=STYLED_ITEM('',(#10),#1298);
#603=STYLED_ITEM('',(#10),#1299);
#604=STYLED_ITEM('',(#10),#1300);
#605=STYLED_ITEM('',(#10),#1301);
#606=STYLED_ITEM('',(#10),#1302);
#607=STYLED_ITEM('',(#11),#615);
#608=COLOUR_RGB('',0.,0.,0.);
#609=COLOUR_RGB('rgb_colour_1',0.4,0.4,0.4);
#610=MECHANICAL_DESIGN_GEOMETRIC_PRESENTATION_REPRESENTATION('',(#22,#23,#24,
#25,#26,#27,#28,#29,#30,#31,#32,#33,#34,#35,#36,#37,#38,#39,#40,#41,#42,#43,
#44,#45,#46,#47,#48,#49,#50,#51,#52,#53,#54,#55,#56,#57,#58,#59,#60,#61,#62,
#63,#64,#65,#66,#67,#68,#69,#70,#71,#72,#73,#74,#75,#76,#77,#78,#79,#80,#81,
#82,#83,#84,#85,#86,#87,#88,#89,#90,#91,#92,#93,#94,#95,#96,#97,#98,#99,#100,
#101,#102,#103,#104,#105,#106,#107,#108,#109,#110,#111,#112,#113,#114,#115,
#116,#117,#118,#119,#120,#121,#122,#123,#124,#125,#126,#127,#128,#129,#130,
#131,#132,#133,#134,#135,#136,#137,#138,#139,#140,#141,#142,#143,#144,#145,
#146,#147,#148,#149,#150,#151,#152,#153,#154,#155,#156,#157,#158,#159,#160,
#161,#162,#163,#164,#165,#166,#167,#168,#169,#170,#171,#172,#173,#174,#175,
#176,#177,#178,#179,#180,#181,#182,#183,#184,#185,#186,#187,#188,#189,#190,
#191,#192,#193,#194,#195,#196,#197,#198,#199,#200,#201,#202,#203,#204,#205,
#206,#207,#208,#209,#210,#211,#212,#213,#214,#215,#216,#217,#218,#219,#220,
#221,#222,#223,#224,#225,#226,#227,#228,#229,#230,#231,#232,#233,#234,#235,
#236,#237,#238,#239,#240,#241,#242,#243,#244,#245,#246,#247,#248,#249,#250,
#251,#252,#253,#254,#255,#256,#257,#258,#259,#260,#261,#262,#263,#264,#265,
#266,#267,#268,#269,#270,#271,#272,#273,#274,#275,#276,#277,#278,#279,#280,
#281,#282,#283,#284,#285,#286,#287,#288,#289,#290,#291,#292,#293,#294,#295,
#296,#297,#298,#299,#300,#301,#302,#303,#304,#305,#306,#307,#308,#309,#310,
#311,#312,#313,#314,#315,#316,#317,#318,#319,#320,#321,#322,#323,#324,#325,
#326,#327,#328,#329,#330,#331,#332,#333,#334,#335,#336,#337,#338,#339,#340,
#341,#342,#343,#344,#345,#346,#347,#348,#349,#350,#351,#352,#353,#354,#355,
#356,#357,#358,#359,#360,#361,#362,#363,#364,#365,#366,#367,#368,#369,#370,
#371,#372,#373,#374,#375,#376,#377,#378,#379,#380,#381,#382,#383,#384,#385,
#386,#387,#388,#389,#390,#391,#392,#393,#394,#395,#396,#397,#398,#399,#400,
#401,#402,#403,#404,#405,#406,#407,#408,#409,#410,#411,#412,#413,#414,#415,
#416,#417,#418,#419,#420,#421,#422,#423,#424,#425,#426,#427,#428,#429,#430,
#431,#432,#433,#434,#435,#436,#437,#438,#439,#440,#441,#442,#443,#444,#445,
#446,#447,#448,#449,#450,#451,#452,#453,#454,#455,#456,#457,#458,#459,#460,
#461,#462,#463,#464,#465,#466,#467,#468,#469,#470,#471,#472,#473,#474,#475,
#476,#477,#478,#479,#480,#481,#482,#483,#484,#485,#486,#487,#488,#489,#490,
#491,#492,#493,#494,#495,#496,#497,#498,#499,#500,#501,#502,#503,#504,#505,
#506,#507,#508,#509,#510,#511,#512,#513,#514,#515,#516,#517,#518,#519,#520,
#521,#522,#523,#524,#525,#526,#527,#528,#529,#530,#531,#532,#533,#534,#535,
#536,#537,#538,#539,#540,#541,#542,#543,#544,#545,#546,#547,#548,#549,#550,
#551,#552,#553,#554,#555,#556,#557,#558,#559,#560,#561,#562,#563,#564,#565,
#566,#567,#568,#569,#570,#571,#572,#573,#574,#575,#576,#577,#578,#579,#580,
#581,#582,#583,#584,#585,#586,#587,#588,#589,#590,#591,#592,#593,#594,#595,
#596,#597,#598,#599,#600,#601,#602,#603,#604,#605,#606,#607),#20172);
#611=PRESENTATION_LAYER_ASSIGNMENT('0','General',(#718,#719,#720,#721,#722,
#723,#724,#725,#726,#727,#728,#729,#730,#731,#732,#733,#734,#735,#736,#737,
#738,#739,#740,#741,#742,#743,#744,#745,#746,#747,#748,#749,#750,#751,#752,
#753,#754,#755,#756,#757,#758,#759,#760,#761,#762,#763,#764,#765,#766,#767,
#768,#769,#770,#771,#772,#773,#774,#775,#776,#777,#778,#779,#780,#781,#782,
#783,#784,#785,#786,#787,#788,#789,#790,#791,#792,#793,#794,#795,#796,#797,
#798,#799,#800,#801,#802,#803,#804,#805,#806,#807,#808,#809,#810,#811,#812,
#813,#814,#815,#816,#817,#818,#819,#820,#821,#822,#823,#824,#825,#826,#827,
#828,#829,#830,#831,#832,#833,#834,#835,#836,#837,#838,#839,#840,#841,#842,
#843,#844,#845,#846,#847,#848,#849,#850,#851,#852,#853,#854,#855,#856,#857,
#858,#859,#860,#861,#862,#863,#864,#865,#866,#867,#868,#869,#870,#871,#872,
#873,#874,#875,#876,#877,#878,#879,#880,#881,#882,#883,#884,#885,#886,#887,
#888,#889,#890,#891,#892,#893,#894,#895,#896,#897,#898,#899,#900,#901,#902,
#903,#904,#905,#906,#907,#908,#909,#910,#911,#912,#913,#914,#915,#916,#917,
#918,#919,#920,#921,#922,#923,#924,#925,#926,#927,#928,#929,#930,#931,#932,
#933,#934,#935,#936,#937,#938,#939,#940,#941,#942,#943,#944,#945,#946,#947,
#948,#949,#950,#951,#952,#953,#954,#955,#956,#957,#958,#959,#960,#961,#962,
#963,#964,#965,#966,#967,#968,#969,#970,#971,#972,#973,#974,#975,#976,#977,
#978,#979,#980,#981,#982,#983,#984,#985,#986,#987,#988,#989,#990,#991,#992,
#993,#994,#995,#996,#997,#998,#999,#1000,#1001,#1002,#1003,#1004,#1005,#1006,
#1007,#1008,#1009,#1010,#1011,#1012,#1013,#1014,#1015,#1016,#1017,#1018,#1019,
#1020,#1021,#1022,#1023,#1024,#1025,#1026,#1027,#1028,#1029,#1030,#1031,#1032,
#1033,#1034,#1035,#1036,#1037,#1038,#1039,#1040,#1041,#1042,#1043,#1044,#1045,
#1046,#1047,#1048,#1049,#1050,#1051,#1052,#1053,#1054,#1055,#1056,#1057,#1058,
#1059,#1060,#1061,#1062,#1063,#1064,#1065,#1066,#1067,#1068,#1069,#1070,#1071,
#1072,#1073,#1074,#1075,#1076,#1077,#1078,#1079,#1080,#1081,#1082,#1083,#1084,
#1085,#1086,#1087,#1088,#1089,#1090,#1091,#1092,#1093,#1094,#1095,#1096,#1097,
#1098,#1099,#1100,#1101,#1102,#1103,#1104,#1105,#1106,#1107,#1108,#1109,#1110,
#1111,#1112,#1113,#1114,#1115,#1116,#1117,#1118,#1119,#1120,#1121,#1122,#1123,
#1124,#1125,#1126,#1127,#1128,#1129,#1130,#1131,#1132,#1133,#1134,#1135,#1136,
#1137,#1138,#1139,#1140,#1141,#1142,#1143,#1144,#1145,#1146,#1147,#1148,#1149,
#1150,#1151,#1152,#1153,#1154,#1155,#1156,#1157,#1158,#1159,#1160,#1161,#1162,
#1163,#1164,#1165,#1166,#1167,#1168,#1169,#1170,#1171,#1172,#1173,#1174,#1175,
#1176,#1177,#1178,#1179,#1180,#1181,#1182,#1183,#1184,#1185,#1186,#1187,#1188,
#1189,#1190,#1191,#1192,#1193,#1194,#1195,#1196,#1197,#1198,#1199,#1200,#1201,
#1202,#1203,#1204,#1205,#1206,#1207,#1208,#1209,#1210,#1211,#1212,#1213,#1214,
#1215,#1216,#1217,#1218,#1219,#1220,#1221,#1222,#1223,#1224,#1225,#1226,#1227,
#1228,#1229,#1230,#1231,#1232,#1233,#1234,#1235,#1236,#1237,#1238,#1239,#1240,
#1241,#1242,#1243,#1244,#1245,#1246,#1247,#1248,#1249,#1250,#1251,#1252,#1253,
#1254,#1255,#1256,#1257,#1258,#1259,#1260,#1261,#1262,#1263,#1264,#1265,#1266,
#1267,#1268,#1269,#1270,#1271,#1272,#1273,#1274,#1275,#1276,#1277,#1278,#1279,
#1280,#1281,#1282,#1283,#1284,#1285,#1286,#1287,#1288,#1289,#1290,#1291,#1292,
#1293,#1294,#1295,#1296,#1297,#1298,#1299,#1300,#1301,#1302,#615));
#612=SHAPE_REPRESENTATION_RELATIONSHIP('','',#12575,#613);
#613=ADVANCED_BREP_SHAPE_REPRESENTATION('',(#614),#20172);
#614=MANIFOLD_SOLID_BREP('1',#615);
#615=CLOSED_SHELL('',(#718,#719,#720,#721,#722,#723,#724,#725,#726,#727,#728,
#729,#730,#731,#732,#733,#734,#735,#736,#737,#738,#739,#740,#741,#742,#743,
#744,#745,#746,#747,#748,#749,#750,#751,#752,#753,#754,#755,#756,#757,#758,
#759,#760,#761,#762,#763,#764,#765,#766,#767,#768,#769,#770,#771,#772,#773,
#774,#775,#776,#777,#778,#779,#780,#781,#782,#783,#784,#785,#786,#787,#788,
#789,#790,#791,#792,#793,#794,#795,#796,#797,#798,#799,#800,#801,#802,#803,
#804,#805,#806,#807,#808,#809,#810,#811,#812,#813,#814,#815,#816,#817,#818,
#819,#820,#821,#822,#823,#824,#825,#826,#827,#828,#829,#830,#831,#832,#833,
#834,#835,#836,#837,#838,#839,#840,#841,#842,#843,#844,#845,#846,#847,#848,
#849,#850,#851,#852,#853,#854,#855,#856,#857,#858,#859,#860,#861,#862,#863,
#864,#865,#866,#867,#868,#869,#870,#871,#872,#873,#874,#875,#876,#877,#878,
#879,#880,#881,#882,#883,#884,#885,#886,#887,#888,#889,#890,#891,#892,#893,
#894,#895,#896,#897,#898,#899,#900,#901,#902,#903,#904,#905,#906,#907,#908,
#909,#910,#911,#912,#913,#914,#915,#916,#917,#918,#919,#920,#921,#922,#923,
#924,#925,#926,#927,#928,#929,#930,#931,#932,#933,#934,#935,#936,#937,#938,
#939,#940,#941,#942,#943,#944,#945,#946,#947,#948,#949,#950,#951,#952,#953,
#954,#955,#956,#957,#958,#959,#960,#961,#962,#963,#964,#965,#966,#967,#968,
#969,#970,#971,#972,#973,#974,#975,#976,#977,#978,#979,#980,#981,#982,#983,
#984,#985,#986,#987,#988,#989,#990,#991,#992,#993,#994,#995,#996,#997,#998,
#999,#1000,#1001,#1002,#1003,#1004,#1005,#1006,#1007,#1008,#1009,#1010,#1011,
#1012,#1013,#1014,#1015,#1016,#1017,#1018,#1019,#1020,#1021,#1022,#1023,#1024,
#1025,#1026,#1027,#1028,#1029,#1030,#1031,#1032,#1033,#1034,#1035,#1036,#1037,
#1038,#1039,#1040,#1041,#1042,#1043,#1044,#1045,#1046,#1047,#1048,#1049,#1050,
#1051,#1052,#1053,#1054,#1055,#1056,#1057,#1058,#1059,#1060,#1061,#1062,#1063,
#1064,#1065,#1066,#1067,#1068,#1069,#1070,#1071,#1072,#1073,#1074,#1075,#1076,
#1077,#1078,#1079,#1080,#1081,#1082,#1083,#1084,#1085,#1086,#1087,#1088,#1089,
#1090,#1091,#1092,#1093,#1094,#1095,#1096,#1097,#1098,#1099,#1100,#1101,#1102,
#1103,#1104,#1105,#1106,#1107,#1108,#1109,#1110,#1111,#1112,#1113,#1114,#1115,
#1116,#1117,#1118,#1119,#1120,#1121,#1122,#1123,#1124,#1125,#1126,#1127,#1128,
#1129,#1130,#1131,#1132,#1133,#1134,#1135,#1136,#1137,#1138,#1139,#1140,#1141,
#1142,#1143,#1144,#1145,#1146,#1147,#1148,#1149,#1150,#1151,#1152,#1153,#1154,
#1155,#1156,#1157,#1158,#1159,#1160,#1161,#1162,#1163,#1164,#1165,#1166,#1167,
#1168,#1169,#1170,#1171,#1172,#1173,#1174,#1175,#1176,#1177,#1178,#1179,#1180,
#1181,#1182,#1183,#1184,#1185,#1186,#1187,#1188,#1189,#1190,#1191,#1192,#1193,
#1194,#1195,#1196,#1197,#1198,#1199,#1200,#1201,#1202,#1203,#1204,#1205,#1206,
#1207,#1208,#1209,#1210,#1211,#1212,#1213,#1214,#1215,#1216,#1217,#1218,#1219,
#1220,#1221,#1222,#1223,#1224,#1225,#1226,#1227,#1228,#1229,#1230,#1231,#1232,
#1233,#1234,#1235,#1236,#1237,#1238,#1239,#1240,#1241,#1242,#1243,#1244,#1245,
#1246,#1247,#1248,#1249,#1250,#1251,#1252,#1253,#1254,#1255,#1256,#1257,#1258,
#1259,#1260,#1261,#1262,#1263,#1264,#1265,#1266,#1267,#1268,#1269,#1270,#1271,
#1272,#1273,#1274,#1275,#1276,#1277,#1278,#1279,#1280,#1281,#1282,#1283,#1284,
#1285,#1286,#1287,#1288,#1289,#1290,#1291,#1292,#1293,#1294,#1295,#1296,#1297,
#1298,#1299,#1300,#1301,#1302));
#616=CYLINDRICAL_SURFACE('',#12802,13.7857142857143);
#617=CYLINDRICAL_SURFACE('',#12803,13.7857142857143);
#618=CYLINDRICAL_SURFACE('',#12805,13.7857142857143);
#619=CYLINDRICAL_SURFACE('',#12806,13.7857142857143);
#620=CYLINDRICAL_SURFACE('',#12816,13.7857142857143);
#621=CYLINDRICAL_SURFACE('',#12817,13.7857142857143);
#622=CYLINDRICAL_SURFACE('',#12827,13.7857142857143);
#623=CYLINDRICAL_SURFACE('',#12828,13.7857142857143);
#624=CYLINDRICAL_SURFACE('',#12845,13.7857142857143);
#625=CYLINDRICAL_SURFACE('',#12846,13.7857142857143);
#626=CYLINDRICAL_SURFACE('',#12856,13.7857142857144);
#627=CYLINDRICAL_SURFACE('',#12857,13.7857142857143);
#628=CYLINDRICAL_SURFACE('',#12863,13.7857142857143);
#629=CYLINDRICAL_SURFACE('',#12864,13.7857142857143);
#630=CYLINDRICAL_SURFACE('',#12870,13.7857142857143);
#631=CYLINDRICAL_SURFACE('',#12871,13.7857142857143);
#632=CYLINDRICAL_SURFACE('',#12881,13.7857142857143);
#633=CYLINDRICAL_SURFACE('',#12882,13.7857142857143);
#634=CYLINDRICAL_SURFACE('',#12900,13.7857142857143);
#635=CYLINDRICAL_SURFACE('',#12901,13.7857142857143);
#636=CYLINDRICAL_SURFACE('',#12907,13.7857142857143);
#637=CYLINDRICAL_SURFACE('',#12908,13.7857142857143);
#638=CYLINDRICAL_SURFACE('',#12918,13.7857142857143);
#639=CYLINDRICAL_SURFACE('',#12919,13.7857142857143);
#640=CYLINDRICAL_SURFACE('',#12929,13.7857142857143);
#641=CYLINDRICAL_SURFACE('',#12930,13.7857142857143);
#642=CYLINDRICAL_SURFACE('',#12940,13.7857142857143);
#643=CYLINDRICAL_SURFACE('',#12941,13.7857142857143);
#644=CYLINDRICAL_SURFACE('',#12951,13.7857142857143);
#645=CYLINDRICAL_SURFACE('',#12952,13.7857142857143);
#646=CYLINDRICAL_SURFACE('',#12962,13.7857142857143);
#647=CYLINDRICAL_SURFACE('',#12963,13.7857142857143);
#648=CYLINDRICAL_SURFACE('',#12973,13.7857142857143);
#649=CYLINDRICAL_SURFACE('',#12974,13.7857142857143);
#650=CYLINDRICAL_SURFACE('',#12984,13.7857142857143);
#651=CYLINDRICAL_SURFACE('',#12985,13.7857142857143);
#652=CYLINDRICAL_SURFACE('',#12995,13.7857142857143);
#653=CYLINDRICAL_SURFACE('',#12996,13.7857142857143);
#654=CYLINDRICAL_SURFACE('',#13006,13.7857142857143);
#655=CYLINDRICAL_SURFACE('',#13007,13.7857142857143);
#656=CYLINDRICAL_SURFACE('',#13017,13.7857142857143);
#657=CYLINDRICAL_SURFACE('',#13018,13.7857142857143);
#658=CYLINDRICAL_SURFACE('',#13028,13.7857142857143);
#659=CYLINDRICAL_SURFACE('',#13029,13.7857142857143);
#660=CYLINDRICAL_SURFACE('',#13039,13.7857142857143);
#661=CYLINDRICAL_SURFACE('',#13040,13.7857142857143);
#662=CYLINDRICAL_SURFACE('',#13050,13.7857142857143);
#663=CYLINDRICAL_SURFACE('',#13051,13.7857142857143);
#664=CYLINDRICAL_SURFACE('',#13061,13.7857142857143);
#665=CYLINDRICAL_SURFACE('',#13062,13.7857142857143);
#666=CYLINDRICAL_SURFACE('',#13072,13.7857142857143);
#667=CYLINDRICAL_SURFACE('',#13073,13.7857142857143);
#668=CYLINDRICAL_SURFACE('',#13083,13.7857142857143);
#669=CYLINDRICAL_SURFACE('',#13084,13.7857142857143);
#670=CYLINDRICAL_SURFACE('',#13094,13.7857142857143);
#671=CYLINDRICAL_SURFACE('',#13095,13.7857142857143);
#672=CYLINDRICAL_SURFACE('',#13105,13.7857142857143);
#673=CYLINDRICAL_SURFACE('',#13106,13.7857142857143);
#674=CYLINDRICAL_SURFACE('',#13116,13.7857142857143);
#675=CYLINDRICAL_SURFACE('',#13117,13.7857142857143);
#676=CYLINDRICAL_SURFACE('',#13127,13.7857142857143);
#677=CYLINDRICAL_SURFACE('',#13128,13.7857142857143);
#678=CYLINDRICAL_SURFACE('',#13138,13.7857142857143);
#679=CYLINDRICAL_SURFACE('',#13139,13.7857142857143);
#680=CYLINDRICAL_SURFACE('',#13149,13.7857142857143);
#681=CYLINDRICAL_SURFACE('',#13150,13.7857142857143);
#682=CYLINDRICAL_SURFACE('',#13160,13.7857142857143);
#683=CYLINDRICAL_SURFACE('',#13161,13.7857142857143);
#684=CYLINDRICAL_SURFACE('',#13171,13.7857142857143);
#685=CYLINDRICAL_SURFACE('',#13172,13.7857142857143);
#686=CYLINDRICAL_SURFACE('',#13182,13.7857142857143);
#687=CYLINDRICAL_SURFACE('',#13183,13.7857142857143);
#688=CYLINDRICAL_SURFACE('',#13193,13.7857142857143);
#689=CYLINDRICAL_SURFACE('',#13194,13.7857142857143);
#690=CYLINDRICAL_SURFACE('',#13204,13.7857142857143);
#691=CYLINDRICAL_SURFACE('',#13205,13.7857142857143);
#692=CYLINDRICAL_SURFACE('',#13215,13.7857142857143);
#693=CYLINDRICAL_SURFACE('',#13216,13.7857142857143);
#694=CYLINDRICAL_SURFACE('',#13226,13.7857142857143);
#695=CYLINDRICAL_SURFACE('',#13227,13.7857142857143);
#696=CYLINDRICAL_SURFACE('',#13237,13.7857142857143);
#697=CYLINDRICAL_SURFACE('',#13238,13.7857142857143);
#698=CYLINDRICAL_SURFACE('',#13248,13.7857142857143);
#699=CYLINDRICAL_SURFACE('',#13249,13.7857142857143);
#700=CYLINDRICAL_SURFACE('',#13259,13.7857142857143);
#701=CYLINDRICAL_SURFACE('',#13260,13.7857142857143);
#702=CYLINDRICAL_SURFACE('',#13270,13.7857142857143);
#703=CYLINDRICAL_SURFACE('',#13271,13.7857142857143);
#704=CYLINDRICAL_SURFACE('',#13281,13.7857142857143);
#705=CYLINDRICAL_SURFACE('',#13282,13.7857142857143);
#706=CYLINDRICAL_SURFACE('',#13292,13.7857142857143);
#707=CYLINDRICAL_SURFACE('',#13293,13.7857142857143);
#708=CYLINDRICAL_SURFACE('',#13303,13.7857142857143);
#709=CYLINDRICAL_SURFACE('',#13304,13.7857142857143);
#710=CYLINDRICAL_SURFACE('',#13314,13.7857142857143);
#711=CYLINDRICAL_SURFACE('',#13315,13.7857142857143);
#712=CYLINDRICAL_SURFACE('',#13325,13.7857142857143);
#713=CYLINDRICAL_SURFACE('',#13326,13.7857142857143);
#714=CYLINDRICAL_SURFACE('',#13336,13.7857142857143);
#715=CYLINDRICAL_SURFACE('',#13337,13.7857142857143);
#716=CYLINDRICAL_SURFACE('',#13347,13.7857142857143);
#717=CYLINDRICAL_SURFACE('',#13348,13.7857142857143);
#718=ADVANCED_FACE('',(#1303),#5971,.T.);
#719=ADVANCED_FACE('',(#1304),#5972,.T.);
#720=ADVANCED_FACE('',(#1305),#5973,.T.);
#721=ADVANCED_FACE('',(#1306),#5974,.T.);
#722=ADVANCED_FACE('',(#1307),#5975,.T.);
#723=ADVANCED_FACE('',(#1308),#5976,.T.);
#724=ADVANCED_FACE('',(#1309),#5977,.T.);
#725=ADVANCED_FACE('',(#1310),#5978,.T.);
#726=ADVANCED_FACE('',(#1311),#5979,.T.);
#727=ADVANCED_FACE('',(#1312),#5980,.T.);
#728=ADVANCED_FACE('',(#1313),#5981,.T.);
#729=ADVANCED_FACE('',(#1314),#5982,.T.);
#730=ADVANCED_FACE('',(#1315),#5983,.T.);
#731=ADVANCED_FACE('',(#1316),#5984,.T.);
#732=ADVANCED_FACE('',(#1317),#5985,.T.);
#733=ADVANCED_FACE('',(#1318),#5986,.T.);
#734=ADVANCED_FACE('',(#1319),#5987,.T.);
#735=ADVANCED_FACE('',(#1320),#5988,.T.);
#736=ADVANCED_FACE('',(#1321),#5989,.T.);
#737=ADVANCED_FACE('',(#1322),#5990,.F.);
#738=ADVANCED_FACE('',(#1323),#5991,.T.);
#739=ADVANCED_FACE('',(#1324),#616,.T.);
#740=ADVANCED_FACE('',(#1325),#617,.T.);
#741=ADVANCED_FACE('',(#1326),#5992,.F.);
#742=ADVANCED_FACE('',(#1327),#618,.T.);
#743=ADVANCED_FACE('',(#1328),#619,.T.);
#744=ADVANCED_FACE('',(#1329),#5993,.F.);
#745=ADVANCED_FACE('',(#1330),#5994,.F.);
#746=ADVANCED_FACE('',(#1331),#5995,.F.);
#747=ADVANCED_FACE('',(#1332),#5996,.F.);
#748=ADVANCED_FACE('',(#1333),#5997,.F.);
#749=ADVANCED_FACE('',(#1334),#5998,.T.);
#750=ADVANCED_FACE('',(#1335),#5999,.T.);
#751=ADVANCED_FACE('',(#1336),#6000,.T.);
#752=ADVANCED_FACE('',(#1337),#6001,.T.);
#753=ADVANCED_FACE('',(#1338),#620,.T.);
#754=ADVANCED_FACE('',(#1339),#621,.T.);
#755=ADVANCED_FACE('',(#1340),#6002,.F.);
#756=ADVANCED_FACE('',(#1341),#6003,.F.);
#757=ADVANCED_FACE('',(#1342),#6004,.F.);
#758=ADVANCED_FACE('',(#1343),#6005,.F.);
#759=ADVANCED_FACE('',(#1344),#6006,.F.);
#760=ADVANCED_FACE('',(#1345),#6007,.T.);
#761=ADVANCED_FACE('',(#1346),#6008,.T.);
#762=ADVANCED_FACE('',(#1347),#6009,.T.);
#763=ADVANCED_FACE('',(#1348),#6010,.T.);
#764=ADVANCED_FACE('',(#1349),#622,.T.);
#765=ADVANCED_FACE('',(#1350),#623,.T.);
#766=ADVANCED_FACE('',(#1351),#6011,.F.);
#767=ADVANCED_FACE('',(#1352),#6012,.F.);
#768=ADVANCED_FACE('',(#1353),#6013,.F.);
#769=ADVANCED_FACE('',(#1354),#6014,.F.);
#770=ADVANCED_FACE('',(#1355),#6015,.F.);
#771=ADVANCED_FACE('',(#1356),#6016,.T.);
#772=ADVANCED_FACE('',(#1357),#6017,.T.);
#773=ADVANCED_FACE('',(#1358),#6018,.T.);
#774=ADVANCED_FACE('',(#1359),#6019,.T.);
#775=ADVANCED_FACE('',(#1360),#6020,.F.);
#776=ADVANCED_FACE('',(#1361),#6021,.F.);
#777=ADVANCED_FACE('',(#1362),#6022,.F.);
#778=ADVANCED_FACE('',(#1363),#6023,.F.);
#779=ADVANCED_FACE('',(#1364),#6024,.T.);
#780=ADVANCED_FACE('',(#1365),#6025,.T.);
#781=ADVANCED_FACE('',(#1366),#6026,.T.);
#782=ADVANCED_FACE('',(#1367),#624,.T.);
#783=ADVANCED_FACE('',(#1368),#625,.T.);
#784=ADVANCED_FACE('',(#1369),#6027,.F.);
#785=ADVANCED_FACE('',(#1370),#6028,.F.);
#786=ADVANCED_FACE('',(#1371),#6029,.F.);
#787=ADVANCED_FACE('',(#1372),#6030,.F.);
#788=ADVANCED_FACE('',(#1373),#6031,.F.);
#789=ADVANCED_FACE('',(#1374),#6032,.T.);
#790=ADVANCED_FACE('',(#1375),#6033,.T.);
#791=ADVANCED_FACE('',(#1376),#6034,.T.);
#792=ADVANCED_FACE('',(#1377),#6035,.T.);
#793=ADVANCED_FACE('',(#1378),#626,.T.);
#794=ADVANCED_FACE('',(#1379),#627,.T.);
#795=ADVANCED_FACE('',(#1380),#6036,.F.);
#796=ADVANCED_FACE('',(#1381),#6037,.F.);
#797=ADVANCED_FACE('',(#1382),#6038,.F.);
#798=ADVANCED_FACE('',(#1383),#6039,.F.);
#799=ADVANCED_FACE('',(#1384),#6040,.F.);
#800=ADVANCED_FACE('',(#1385),#628,.T.);
#801=ADVANCED_FACE('',(#1386),#629,.T.);
#802=ADVANCED_FACE('',(#1387),#6041,.F.);
#803=ADVANCED_FACE('',(#1388),#6042,.F.);
#804=ADVANCED_FACE('',(#1389),#6043,.F.);
#805=ADVANCED_FACE('',(#1390),#6044,.F.);
#806=ADVANCED_FACE('',(#1391),#6045,.F.);
#807=ADVANCED_FACE('',(#1392),#630,.T.);
#808=ADVANCED_FACE('',(#1393),#631,.T.);
#809=ADVANCED_FACE('',(#1394),#6046,.F.);
#810=ADVANCED_FACE('',(#1395),#6047,.F.);
#811=ADVANCED_FACE('',(#1396),#6048,.F.);
#812=ADVANCED_FACE('',(#1397),#6049,.F.);
#813=ADVANCED_FACE('',(#1398),#6050,.F.);
#814=ADVANCED_FACE('',(#1399),#6051,.T.);
#815=ADVANCED_FACE('',(#1400),#6052,.T.);
#816=ADVANCED_FACE('',(#1401),#6053,.T.);
#817=ADVANCED_FACE('',(#1402),#6054,.T.);
#818=ADVANCED_FACE('',(#1403),#632,.T.);
#819=ADVANCED_FACE('',(#1404),#633,.T.);
#820=ADVANCED_FACE('',(#1405),#6055,.F.);
#821=ADVANCED_FACE('',(#1406),#6056,.F.);
#822=ADVANCED_FACE('',(#1407),#6057,.F.);
#823=ADVANCED_FACE('',(#1408),#6058,.F.);
#824=ADVANCED_FACE('',(#1409),#6059,.F.);
#825=ADVANCED_FACE('',(#1410),#6060,.T.);
#826=ADVANCED_FACE('',(#1411),#6061,.T.);
#827=ADVANCED_FACE('',(#1412),#6062,.T.);
#828=ADVANCED_FACE('',(#1413),#6063,.T.);
#829=ADVANCED_FACE('',(#1414),#6064,.F.);
#830=ADVANCED_FACE('',(#1415),#6065,.F.);
#831=ADVANCED_FACE('',(#1416),#6066,.F.);
#832=ADVANCED_FACE('',(#1417),#6067,.F.);
#833=ADVANCED_FACE('',(#1418),#6068,.T.);
#834=ADVANCED_FACE('',(#1419),#6069,.T.);
#835=ADVANCED_FACE('',(#1420),#6070,.T.);
#836=ADVANCED_FACE('',(#1421),#6071,.T.);
#837=ADVANCED_FACE('',(#1422),#634,.T.);
#838=ADVANCED_FACE('',(#1423),#635,.T.);
#839=ADVANCED_FACE('',(#1424),#6072,.F.);
#840=ADVANCED_FACE('',(#1425),#6073,.T.);
#841=ADVANCED_FACE('',(#1426),#6074,.T.);
#842=ADVANCED_FACE('',(#1427),#6075,.T.);
#843=ADVANCED_FACE('',(#1428),#6076,.T.);
#844=ADVANCED_FACE('',(#1429),#636,.T.);
#845=ADVANCED_FACE('',(#1430),#637,.T.);
#846=ADVANCED_FACE('',(#1431),#6077,.F.);
#847=ADVANCED_FACE('',(#1432),#6078,.F.);
#848=ADVANCED_FACE('',(#1433),#6079,.F.);
#849=ADVANCED_FACE('',(#1434),#6080,.F.);
#850=ADVANCED_FACE('',(#1435),#6081,.F.);
#851=ADVANCED_FACE('',(#1436),#6082,.T.);
#852=ADVANCED_FACE('',(#1437),#6083,.T.);
#853=ADVANCED_FACE('',(#1438),#6084,.T.);
#854=ADVANCED_FACE('',(#1439),#6085,.T.);
#855=ADVANCED_FACE('',(#1440),#638,.T.);
#856=ADVANCED_FACE('',(#1441),#639,.T.);
#857=ADVANCED_FACE('',(#1442),#6086,.F.);
#858=ADVANCED_FACE('',(#1443),#6087,.F.);
#859=ADVANCED_FACE('',(#1444),#6088,.F.);
#860=ADVANCED_FACE('',(#1445),#6089,.F.);
#861=ADVANCED_FACE('',(#1446),#6090,.F.);
#862=ADVANCED_FACE('',(#1447),#6091,.T.);
#863=ADVANCED_FACE('',(#1448),#6092,.T.);
#864=ADVANCED_FACE('',(#1449),#6093,.T.);
#865=ADVANCED_FACE('',(#1450),#6094,.T.);
#866=ADVANCED_FACE('',(#1451),#640,.T.);
#867=ADVANCED_FACE('',(#1452),#641,.T.);
#868=ADVANCED_FACE('',(#1453),#6095,.F.);
#869=ADVANCED_FACE('',(#1454),#6096,.F.);
#870=ADVANCED_FACE('',(#1455),#6097,.F.);
#871=ADVANCED_FACE('',(#1456),#6098,.F.);
#872=ADVANCED_FACE('',(#1457),#6099,.F.);
#873=ADVANCED_FACE('',(#1458),#6100,.T.);
#874=ADVANCED_FACE('',(#1459),#6101,.T.);
#875=ADVANCED_FACE('',(#1460),#6102,.T.);
#876=ADVANCED_FACE('',(#1461),#6103,.T.);
#877=ADVANCED_FACE('',(#1462),#642,.T.);
#878=ADVANCED_FACE('',(#1463),#643,.T.);
#879=ADVANCED_FACE('',(#1464),#6104,.F.);
#880=ADVANCED_FACE('',(#1465),#6105,.F.);
#881=ADVANCED_FACE('',(#1466),#6106,.F.);
#882=ADVANCED_FACE('',(#1467),#6107,.F.);
#883=ADVANCED_FACE('',(#1468),#6108,.F.);
#884=ADVANCED_FACE('',(#1469),#6109,.T.);
#885=ADVANCED_FACE('',(#1470),#6110,.T.);
#886=ADVANCED_FACE('',(#1471),#6111,.T.);
#887=ADVANCED_FACE('',(#1472),#6112,.T.);
#888=ADVANCED_FACE('',(#1473),#644,.T.);
#889=ADVANCED_FACE('',(#1474),#645,.T.);
#890=ADVANCED_FACE('',(#1475),#6113,.F.);
#891=ADVANCED_FACE('',(#1476),#6114,.F.);
#892=ADVANCED_FACE('',(#1477),#6115,.F.);
#893=ADVANCED_FACE('',(#1478),#6116,.F.);
#894=ADVANCED_FACE('',(#1479),#6117,.F.);
#895=ADVANCED_FACE('',(#1480),#6118,.T.);
#896=ADVANCED_FACE('',(#1481),#6119,.T.);
#897=ADVANCED_FACE('',(#1482),#6120,.T.);
#898=ADVANCED_FACE('',(#1483),#6121,.T.);
#899=ADVANCED_FACE('',(#1484),#646,.T.);
#900=ADVANCED_FACE('',(#1485),#647,.T.);
#901=ADVANCED_FACE('',(#1486),#6122,.F.);
#902=ADVANCED_FACE('',(#1487),#6123,.F.);
#903=ADVANCED_FACE('',(#1488),#6124,.F.);
#904=ADVANCED_FACE('',(#1489),#6125,.F.);
#905=ADVANCED_FACE('',(#1490),#6126,.F.);
#906=ADVANCED_FACE('',(#1491),#6127,.T.);
#907=ADVANCED_FACE('',(#1492),#6128,.T.);
#908=ADVANCED_FACE('',(#1493),#6129,.T.);
#909=ADVANCED_FACE('',(#1494),#6130,.T.);
#910=ADVANCED_FACE('',(#1495),#648,.T.);
#911=ADVANCED_FACE('',(#1496),#649,.T.);
#912=ADVANCED_FACE('',(#1497),#6131,.F.);
#913=ADVANCED_FACE('',(#1498),#6132,.F.);
#914=ADVANCED_FACE('',(#1499),#6133,.F.);
#915=ADVANCED_FACE('',(#1500),#6134,.F.);
#916=ADVANCED_FACE('',(#1501),#6135,.F.);
#917=ADVANCED_FACE('',(#1502),#6136,.T.);
#918=ADVANCED_FACE('',(#1503),#6137,.T.);
#919=ADVANCED_FACE('',(#1504),#6138,.T.);
#920=ADVANCED_FACE('',(#1505),#6139,.T.);
#921=ADVANCED_FACE('',(#1506),#650,.T.);
#922=ADVANCED_FACE('',(#1507),#651,.T.);
#923=ADVANCED_FACE('',(#1508),#6140,.F.);
#924=ADVANCED_FACE('',(#1509),#6141,.F.);
#925=ADVANCED_FACE('',(#1510),#6142,.F.);
#926=ADVANCED_FACE('',(#1511),#6143,.F.);
#927=ADVANCED_FACE('',(#1512),#6144,.F.);
#928=ADVANCED_FACE('',(#1513),#6145,.T.);
#929=ADVANCED_FACE('',(#1514),#6146,.T.);
#930=ADVANCED_FACE('',(#1515),#6147,.T.);
#931=ADVANCED_FACE('',(#1516),#6148,.T.);
#932=ADVANCED_FACE('',(#1517),#652,.T.);
#933=ADVANCED_FACE('',(#1518),#653,.T.);
#934=ADVANCED_FACE('',(#1519),#6149,.F.);
#935=ADVANCED_FACE('',(#1520),#6150,.F.);
#936=ADVANCED_FACE('',(#1521),#6151,.F.);
#937=ADVANCED_FACE('',(#1522),#6152,.F.);
#938=ADVANCED_FACE('',(#1523),#6153,.F.);
#939=ADVANCED_FACE('',(#1524),#6154,.T.);
#940=ADVANCED_FACE('',(#1525),#6155,.T.);
#941=ADVANCED_FACE('',(#1526),#6156,.T.);
#942=ADVANCED_FACE('',(#1527),#6157,.T.);
#943=ADVANCED_FACE('',(#1528),#654,.T.);
#944=ADVANCED_FACE('',(#1529),#655,.T.);
#945=ADVANCED_FACE('',(#1530),#6158,.F.);
#946=ADVANCED_FACE('',(#1531),#6159,.F.);
#947=ADVANCED_FACE('',(#1532),#6160,.F.);
#948=ADVANCED_FACE('',(#1533),#6161,.F.);
#949=ADVANCED_FACE('',(#1534),#6162,.F.);
#950=ADVANCED_FACE('',(#1535),#6163,.T.);
#951=ADVANCED_FACE('',(#1536),#6164,.T.);
#952=ADVANCED_FACE('',(#1537),#6165,.T.);
#953=ADVANCED_FACE('',(#1538),#6166,.T.);
#954=ADVANCED_FACE('',(#1539),#656,.T.);
#955=ADVANCED_FACE('',(#1540),#657,.T.);
#956=ADVANCED_FACE('',(#1541),#6167,.F.);
#957=ADVANCED_FACE('',(#1542),#6168,.F.);
#958=ADVANCED_FACE('',(#1543),#6169,.F.);
#959=ADVANCED_FACE('',(#1544),#6170,.F.);
#960=ADVANCED_FACE('',(#1545),#6171,.F.);
#961=ADVANCED_FACE('',(#1546),#6172,.T.);
#962=ADVANCED_FACE('',(#1547),#6173,.T.);
#963=ADVANCED_FACE('',(#1548),#6174,.T.);
#964=ADVANCED_FACE('',(#1549),#6175,.T.);
#965=ADVANCED_FACE('',(#1550),#658,.T.);
#966=ADVANCED_FACE('',(#1551),#659,.T.);
#967=ADVANCED_FACE('',(#1552),#6176,.F.);
#968=ADVANCED_FACE('',(#1553),#6177,.F.);
#969=ADVANCED_FACE('',(#1554),#6178,.F.);
#970=ADVANCED_FACE('',(#1555),#6179,.F.);
#971=ADVANCED_FACE('',(#1556),#6180,.F.);
#972=ADVANCED_FACE('',(#1557),#6181,.T.);
#973=ADVANCED_FACE('',(#1558),#6182,.T.);
#974=ADVANCED_FACE('',(#1559),#6183,.T.);
#975=ADVANCED_FACE('',(#1560),#6184,.T.);
#976=ADVANCED_FACE('',(#1561),#660,.T.);
#977=ADVANCED_FACE('',(#1562),#661,.T.);
#978=ADVANCED_FACE('',(#1563),#6185,.F.);
#979=ADVANCED_FACE('',(#1564),#6186,.F.);
#980=ADVANCED_FACE('',(#1565),#6187,.F.);
#981=ADVANCED_FACE('',(#1566),#6188,.F.);
#982=ADVANCED_FACE('',(#1567),#6189,.F.);
#983=ADVANCED_FACE('',(#1568),#6190,.T.);
#984=ADVANCED_FACE('',(#1569),#6191,.T.);
#985=ADVANCED_FACE('',(#1570),#6192,.T.);
#986=ADVANCED_FACE('',(#1571),#6193,.T.);
#987=ADVANCED_FACE('',(#1572),#662,.T.);
#988=ADVANCED_FACE('',(#1573),#663,.T.);
#989=ADVANCED_FACE('',(#1574),#6194,.F.);
#990=ADVANCED_FACE('',(#1575),#6195,.F.);
#991=ADVANCED_FACE('',(#1576),#6196,.F.);
#992=ADVANCED_FACE('',(#1577),#6197,.F.);
#993=ADVANCED_FACE('',(#1578),#6198,.F.);
#994=ADVANCED_FACE('',(#1579),#6199,.T.);
#995=ADVANCED_FACE('',(#1580),#6200,.T.);
#996=ADVANCED_FACE('',(#1581),#6201,.T.);
#997=ADVANCED_FACE('',(#1582),#6202,.T.);
#998=ADVANCED_FACE('',(#1583),#664,.T.);
#999=ADVANCED_FACE('',(#1584),#665,.T.);
#1000=ADVANCED_FACE('',(#1585),#6203,.F.);
#1001=ADVANCED_FACE('',(#1586),#6204,.F.);
#1002=ADVANCED_FACE('',(#1587),#6205,.F.);
#1003=ADVANCED_FACE('',(#1588),#6206,.F.);
#1004=ADVANCED_FACE('',(#1589),#6207,.F.);
#1005=ADVANCED_FACE('',(#1590),#6208,.T.);
#1006=ADVANCED_FACE('',(#1591),#6209,.T.);
#1007=ADVANCED_FACE('',(#1592),#6210,.T.);
#1008=ADVANCED_FACE('',(#1593),#6211,.T.);
#1009=ADVANCED_FACE('',(#1594),#666,.T.);
#1010=ADVANCED_FACE('',(#1595),#667,.T.);
#1011=ADVANCED_FACE('',(#1596),#6212,.F.);
#1012=ADVANCED_FACE('',(#1597),#6213,.F.);
#1013=ADVANCED_FACE('',(#1598),#6214,.F.);
#1014=ADVANCED_FACE('',(#1599),#6215,.F.);
#1015=ADVANCED_FACE('',(#1600),#6216,.F.);
#1016=ADVANCED_FACE('',(#1601),#6217,.T.);
#1017=ADVANCED_FACE('',(#1602),#6218,.T.);
#1018=ADVANCED_FACE('',(#1603),#6219,.T.);
#1019=ADVANCED_FACE('',(#1604),#6220,.T.);
#1020=ADVANCED_FACE('',(#1605),#668,.T.);
#1021=ADVANCED_FACE('',(#1606),#669,.T.);
#1022=ADVANCED_FACE('',(#1607),#6221,.F.);
#1023=ADVANCED_FACE('',(#1608),#6222,.F.);
#1024=ADVANCED_FACE('',(#1609),#6223,.F.);
#1025=ADVANCED_FACE('',(#1610),#6224,.F.);
#1026=ADVANCED_FACE('',(#1611),#6225,.F.);
#1027=ADVANCED_FACE('',(#1612),#6226,.T.);
#1028=ADVANCED_FACE('',(#1613),#6227,.T.);
#1029=ADVANCED_FACE('',(#1614),#6228,.T.);
#1030=ADVANCED_FACE('',(#1615),#6229,.T.);
#1031=ADVANCED_FACE('',(#1616),#670,.T.);
#1032=ADVANCED_FACE('',(#1617),#671,.T.);
#1033=ADVANCED_FACE('',(#1618),#6230,.F.);
#1034=ADVANCED_FACE('',(#1619),#6231,.F.);
#1035=ADVANCED_FACE('',(#1620),#6232,.F.);
#1036=ADVANCED_FACE('',(#1621),#6233,.F.);
#1037=ADVANCED_FACE('',(#1622),#6234,.F.);
#1038=ADVANCED_FACE('',(#1623),#6235,.T.);
#1039=ADVANCED_FACE('',(#1624),#6236,.T.);
#1040=ADVANCED_FACE('',(#1625),#6237,.T.);
#1041=ADVANCED_FACE('',(#1626),#6238,.T.);
#1042=ADVANCED_FACE('',(#1627),#672,.T.);
#1043=ADVANCED_FACE('',(#1628),#673,.T.);
#1044=ADVANCED_FACE('',(#1629),#6239,.F.);
#1045=ADVANCED_FACE('',(#1630),#6240,.F.);
#1046=ADVANCED_FACE('',(#1631),#6241,.F.);
#1047=ADVANCED_FACE('',(#1632),#6242,.F.);
#1048=ADVANCED_FACE('',(#1633),#6243,.F.);
#1049=ADVANCED_FACE('',(#1634),#6244,.T.);
#1050=ADVANCED_FACE('',(#1635),#6245,.T.);
#1051=ADVANCED_FACE('',(#1636),#6246,.T.);
#1052=ADVANCED_FACE('',(#1637),#6247,.T.);
#1053=ADVANCED_FACE('',(#1638),#674,.T.);
#1054=ADVANCED_FACE('',(#1639),#675,.T.);
#1055=ADVANCED_FACE('',(#1640),#6248,.F.);
#1056=ADVANCED_FACE('',(#1641),#6249,.F.);
#1057=ADVANCED_FACE('',(#1642),#6250,.F.);
#1058=ADVANCED_FACE('',(#1643),#6251,.F.);
#1059=ADVANCED_FACE('',(#1644),#6252,.F.);
#1060=ADVANCED_FACE('',(#1645),#6253,.T.);
#1061=ADVANCED_FACE('',(#1646),#6254,.T.);
#1062=ADVANCED_FACE('',(#1647),#6255,.T.);
#1063=ADVANCED_FACE('',(#1648),#6256,.T.);
#1064=ADVANCED_FACE('',(#1649),#676,.T.);
#1065=ADVANCED_FACE('',(#1650),#677,.T.);
#1066=ADVANCED_FACE('',(#1651),#6257,.F.);
#1067=ADVANCED_FACE('',(#1652),#6258,.F.);
#1068=ADVANCED_FACE('',(#1653),#6259,.F.);
#1069=ADVANCED_FACE('',(#1654),#6260,.F.);
#1070=ADVANCED_FACE('',(#1655),#6261,.F.);
#1071=ADVANCED_FACE('',(#1656),#6262,.T.);
#1072=ADVANCED_FACE('',(#1657),#6263,.T.);
#1073=ADVANCED_FACE('',(#1658),#6264,.T.);
#1074=ADVANCED_FACE('',(#1659),#6265,.T.);
#1075=ADVANCED_FACE('',(#1660),#678,.T.);
#1076=ADVANCED_FACE('',(#1661),#679,.T.);
#1077=ADVANCED_FACE('',(#1662),#6266,.F.);
#1078=ADVANCED_FACE('',(#1663),#6267,.F.);
#1079=ADVANCED_FACE('',(#1664),#6268,.F.);
#1080=ADVANCED_FACE('',(#1665),#6269,.F.);
#1081=ADVANCED_FACE('',(#1666),#6270,.F.);
#1082=ADVANCED_FACE('',(#1667),#6271,.T.);
#1083=ADVANCED_FACE('',(#1668),#6272,.T.);
#1084=ADVANCED_FACE('',(#1669),#6273,.T.);
#1085=ADVANCED_FACE('',(#1670),#6274,.T.);
#1086=ADVANCED_FACE('',(#1671),#680,.T.);
#1087=ADVANCED_FACE('',(#1672),#681,.T.);
#1088=ADVANCED_FACE('',(#1673),#6275,.F.);
#1089=ADVANCED_FACE('',(#1674),#6276,.F.);
#1090=ADVANCED_FACE('',(#1675),#6277,.F.);
#1091=ADVANCED_FACE('',(#1676),#6278,.F.);
#1092=ADVANCED_FACE('',(#1677),#6279,.F.);
#1093=ADVANCED_FACE('',(#1678),#6280,.T.);
#1094=ADVANCED_FACE('',(#1679),#6281,.T.);
#1095=ADVANCED_FACE('',(#1680),#6282,.T.);
#1096=ADVANCED_FACE('',(#1681),#6283,.T.);
#1097=ADVANCED_FACE('',(#1682),#682,.T.);
#1098=ADVANCED_FACE('',(#1683),#683,.T.);
#1099=ADVANCED_FACE('',(#1684),#6284,.F.);
#1100=ADVANCED_FACE('',(#1685),#6285,.F.);
#1101=ADVANCED_FACE('',(#1686),#6286,.F.);
#1102=ADVANCED_FACE('',(#1687),#6287,.F.);
#1103=ADVANCED_FACE('',(#1688),#6288,.F.);
#1104=ADVANCED_FACE('',(#1689),#6289,.T.);
#1105=ADVANCED_FACE('',(#1690),#6290,.T.);
#1106=ADVANCED_FACE('',(#1691),#6291,.T.);
#1107=ADVANCED_FACE('',(#1692),#6292,.T.);
#1108=ADVANCED_FACE('',(#1693),#684,.T.);
#1109=ADVANCED_FACE('',(#1694),#685,.T.);
#1110=ADVANCED_FACE('',(#1695),#6293,.F.);
#1111=ADVANCED_FACE('',(#1696),#6294,.F.);
#1112=ADVANCED_FACE('',(#1697),#6295,.F.);
#1113=ADVANCED_FACE('',(#1698),#6296,.F.);
#1114=ADVANCED_FACE('',(#1699),#6297,.F.);
#1115=ADVANCED_FACE('',(#1700),#6298,.T.);
#1116=ADVANCED_FACE('',(#1701),#6299,.T.);
#1117=ADVANCED_FACE('',(#1702),#6300,.T.);
#1118=ADVANCED_FACE('',(#1703),#6301,.T.);
#1119=ADVANCED_FACE('',(#1704),#686,.T.);
#1120=ADVANCED_FACE('',(#1705),#687,.T.);
#1121=ADVANCED_FACE('',(#1706),#6302,.F.);
#1122=ADVANCED_FACE('',(#1707),#6303,.F.);
#1123=ADVANCED_FACE('',(#1708),#6304,.F.);
#1124=ADVANCED_FACE('',(#1709),#6305,.F.);
#1125=ADVANCED_FACE('',(#1710),#6306,.F.);
#1126=ADVANCED_FACE('',(#1711),#6307,.T.);
#1127=ADVANCED_FACE('',(#1712),#6308,.T.);
#1128=ADVANCED_FACE('',(#1713),#6309,.T.);
#1129=ADVANCED_FACE('',(#1714),#6310,.T.);
#1130=ADVANCED_FACE('',(#1715),#688,.T.);
#1131=ADVANCED_FACE('',(#1716),#689,.T.);
#1132=ADVANCED_FACE('',(#1717),#6311,.F.);
#1133=ADVANCED_FACE('',(#1718),#6312,.F.);
#1134=ADVANCED_FACE('',(#1719),#6313,.F.);
#1135=ADVANCED_FACE('',(#1720),#6314,.F.);
#1136=ADVANCED_FACE('',(#1721),#6315,.F.);
#1137=ADVANCED_FACE('',(#1722),#6316,.T.);
#1138=ADVANCED_FACE('',(#1723),#6317,.T.);
#1139=ADVANCED_FACE('',(#1724),#6318,.T.);
#1140=ADVANCED_FACE('',(#1725),#6319,.T.);
#1141=ADVANCED_FACE('',(#1726),#690,.T.);
#1142=ADVANCED_FACE('',(#1727),#691,.T.);
#1143=ADVANCED_FACE('',(#1728),#6320,.F.);
#1144=ADVANCED_FACE('',(#1729),#6321,.F.);
#1145=ADVANCED_FACE('',(#1730),#6322,.F.);
#1146=ADVANCED_FACE('',(#1731),#6323,.F.);
#1147=ADVANCED_FACE('',(#1732),#6324,.F.);
#1148=ADVANCED_FACE('',(#1733),#6325,.T.);
#1149=ADVANCED_FACE('',(#1734),#6326,.T.);
#1150=ADVANCED_FACE('',(#1735),#6327,.T.);
#1151=ADVANCED_FACE('',(#1736),#6328,.T.);
#1152=ADVANCED_FACE('',(#1737),#692,.T.);
#1153=ADVANCED_FACE('',(#1738),#693,.T.);
#1154=ADVANCED_FACE('',(#1739),#6329,.F.);
#1155=ADVANCED_FACE('',(#1740),#6330,.F.);
#1156=ADVANCED_FACE('',(#1741),#6331,.F.);
#1157=ADVANCED_FACE('',(#1742),#6332,.F.);
#1158=ADVANCED_FACE('',(#1743),#6333,.F.);
#1159=ADVANCED_FACE('',(#1744),#6334,.T.);
#1160=ADVANCED_FACE('',(#1745),#6335,.T.);
#1161=ADVANCED_FACE('',(#1746),#6336,.T.);
#1162=ADVANCED_FACE('',(#1747),#6337,.T.);
#1163=ADVANCED_FACE('',(#1748),#694,.T.);
#1164=ADVANCED_FACE('',(#1749),#695,.T.);
#1165=ADVANCED_FACE('',(#1750),#6338,.F.);
#1166=ADVANCED_FACE('',(#1751),#6339,.F.);
#1167=ADVANCED_FACE('',(#1752),#6340,.F.);
#1168=ADVANCED_FACE('',(#1753),#6341,.F.);
#1169=ADVANCED_FACE('',(#1754),#6342,.F.);
#1170=ADVANCED_FACE('',(#1755),#6343,.T.);
#1171=ADVANCED_FACE('',(#1756),#6344,.T.);
#1172=ADVANCED_FACE('',(#1757),#6345,.T.);
#1173=ADVANCED_FACE('',(#1758),#6346,.T.);
#1174=ADVANCED_FACE('',(#1759),#696,.T.);
#1175=ADVANCED_FACE('',(#1760),#697,.T.);
#1176=ADVANCED_FACE('',(#1761),#6347,.F.);
#1177=ADVANCED_FACE('',(#1762),#6348,.F.);
#1178=ADVANCED_FACE('',(#1763),#6349,.F.);
#1179=ADVANCED_FACE('',(#1764),#6350,.F.);
#1180=ADVANCED_FACE('',(#1765),#6351,.F.);
#1181=ADVANCED_FACE('',(#1766),#6352,.T.);
#1182=ADVANCED_FACE('',(#1767),#6353,.T.);
#1183=ADVANCED_FACE('',(#1768),#6354,.T.);
#1184=ADVANCED_FACE('',(#1769),#6355,.T.);
#1185=ADVANCED_FACE('',(#1770),#698,.T.);
#1186=ADVANCED_FACE('',(#1771),#699,.T.);
#1187=ADVANCED_FACE('',(#1772),#6356,.F.);
#1188=ADVANCED_FACE('',(#1773),#6357,.F.);
#1189=ADVANCED_FACE('',(#1774),#6358,.F.);
#1190=ADVANCED_FACE('',(#1775),#6359,.F.);
#1191=ADVANCED_FACE('',(#1776),#6360,.F.);
#1192=ADVANCED_FACE('',(#1777),#6361,.T.);
#1193=ADVANCED_FACE('',(#1778),#6362,.T.);
#1194=ADVANCED_FACE('',(#1779),#6363,.T.);
#1195=ADVANCED_FACE('',(#1780),#6364,.T.);
#1196=ADVANCED_FACE('',(#1781),#700,.T.);
#1197=ADVANCED_FACE('',(#1782),#701,.T.);
#1198=ADVANCED_FACE('',(#1783),#6365,.F.);
#1199=ADVANCED_FACE('',(#1784),#6366,.F.);
#1200=ADVANCED_FACE('',(#1785),#6367,.F.);
#1201=ADVANCED_FACE('',(#1786),#6368,.F.);
#1202=ADVANCED_FACE('',(#1787),#6369,.F.);
#1203=ADVANCED_FACE('',(#1788),#6370,.T.);
#1204=ADVANCED_FACE('',(#1789),#6371,.T.);
#1205=ADVANCED_FACE('',(#1790),#6372,.T.);
#1206=ADVANCED_FACE('',(#1791),#6373,.T.);
#1207=ADVANCED_FACE('',(#1792),#702,.T.);
#1208=ADVANCED_FACE('',(#1793),#703,.T.);
#1209=ADVANCED_FACE('',(#1794),#6374,.F.);
#1210=ADVANCED_FACE('',(#1795),#6375,.F.);
#1211=ADVANCED_FACE('',(#1796),#6376,.F.);
#1212=ADVANCED_FACE('',(#1797),#6377,.F.);
#1213=ADVANCED_FACE('',(#1798),#6378,.F.);
#1214=ADVANCED_FACE('',(#1799),#6379,.T.);
#1215=ADVANCED_FACE('',(#1800),#6380,.T.);
#1216=ADVANCED_FACE('',(#1801),#6381,.T.);
#1217=ADVANCED_FACE('',(#1802),#6382,.T.);
#1218=ADVANCED_FACE('',(#1803),#704,.T.);
#1219=ADVANCED_FACE('',(#1804),#705,.T.);
#1220=ADVANCED_FACE('',(#1805),#6383,.F.);
#1221=ADVANCED_FACE('',(#1806),#6384,.F.);
#1222=ADVANCED_FACE('',(#1807),#6385,.F.);
#1223=ADVANCED_FACE('',(#1808),#6386,.F.);
#1224=ADVANCED_FACE('',(#1809),#6387,.F.);
#1225=ADVANCED_FACE('',(#1810),#6388,.T.);
#1226=ADVANCED_FACE('',(#1811),#6389,.T.);
#1227=ADVANCED_FACE('',(#1812),#6390,.T.);
#1228=ADVANCED_FACE('',(#1813),#6391,.T.);
#1229=ADVANCED_FACE('',(#1814),#706,.T.);
#1230=ADVANCED_FACE('',(#1815),#707,.T.);
#1231=ADVANCED_FACE('',(#1816),#6392,.F.);
#1232=ADVANCED_FACE('',(#1817),#6393,.F.);
#1233=ADVANCED_FACE('',(#1818),#6394,.F.);
#1234=ADVANCED_FACE('',(#1819),#6395,.F.);
#1235=ADVANCED_FACE('',(#1820),#6396,.F.);
#1236=ADVANCED_FACE('',(#1821),#6397,.T.);
#1237=ADVANCED_FACE('',(#1822),#6398,.T.);
#1238=ADVANCED_FACE('',(#1823),#6399,.T.);
#1239=ADVANCED_FACE('',(#1824),#6400,.T.);
#1240=ADVANCED_FACE('',(#1825),#708,.T.);
#1241=ADVANCED_FACE('',(#1826),#709,.T.);
#1242=ADVANCED_FACE('',(#1827),#6401,.F.);
#1243=ADVANCED_FACE('',(#1828),#6402,.F.);
#1244=ADVANCED_FACE('',(#1829),#6403,.F.);
#1245=ADVANCED_FACE('',(#1830),#6404,.F.);
#1246=ADVANCED_FACE('',(#1831),#6405,.F.);
#1247=ADVANCED_FACE('',(#1832),#6406,.T.);
#1248=ADVANCED_FACE('',(#1833),#6407,.T.);
#1249=ADVANCED_FACE('',(#1834),#6408,.T.);
#1250=ADVANCED_FACE('',(#1835),#6409,.T.);
#1251=ADVANCED_FACE('',(#1836),#710,.T.);
#1252=ADVANCED_FACE('',(#1837),#711,.T.);
#1253=ADVANCED_FACE('',(#1838),#6410,.F.);
#1254=ADVANCED_FACE('',(#1839),#6411,.F.);
#1255=ADVANCED_FACE('',(#1840),#6412,.F.);
#1256=ADVANCED_FACE('',(#1841),#6413,.F.);
#1257=ADVANCED_FACE('',(#1842),#6414,.F.);
#1258=ADVANCED_FACE('',(#1843),#6415,.T.);
#1259=ADVANCED_FACE('',(#1844),#6416,.T.);
#1260=ADVANCED_FACE('',(#1845),#6417,.T.);
#1261=ADVANCED_FACE('',(#1846),#6418,.T.);
#1262=ADVANCED_FACE('',(#1847),#712,.T.);
#1263=ADVANCED_FACE('',(#1848),#713,.T.);
#1264=ADVANCED_FACE('',(#1849),#6419,.F.);
#1265=ADVANCED_FACE('',(#1850),#6420,.F.);
#1266=ADVANCED_FACE('',(#1851),#6421,.F.);
#1267=ADVANCED_FACE('',(#1852),#6422,.F.);
#1268=ADVANCED_FACE('',(#1853),#6423,.F.);
#1269=ADVANCED_FACE('',(#1854),#6424,.T.);
#1270=ADVANCED_FACE('',(#1855),#6425,.T.);
#1271=ADVANCED_FACE('',(#1856),#6426,.T.);
#1272=ADVANCED_FACE('',(#1857),#6427,.T.);
#1273=ADVANCED_FACE('',(#1858),#714,.T.);
#1274=ADVANCED_FACE('',(#1859),#715,.T.);
#1275=ADVANCED_FACE('',(#1860),#6428,.F.);
#1276=ADVANCED_FACE('',(#1861),#6429,.F.);
#1277=ADVANCED_FACE('',(#1862),#6430,.F.);
#1278=ADVANCED_FACE('',(#1863),#6431,.F.);
#1279=ADVANCED_FACE('',(#1864),#6432,.F.);
#1280=ADVANCED_FACE('',(#1865),#6433,.T.);
#1281=ADVANCED_FACE('',(#1866),#6434,.T.);
#1282=ADVANCED_FACE('',(#1867),#6435,.T.);
#1283=ADVANCED_FACE('',(#1868),#6436,.T.);
#1284=ADVANCED_FACE('',(#1869),#716,.T.);
#1285=ADVANCED_FACE('',(#1870),#717,.T.);
#1286=ADVANCED_FACE('',(#1871),#6437,.F.);
#1287=ADVANCED_FACE('',(#1872),#6438,.F.);
#1288=ADVANCED_FACE('',(#1873),#6439,.F.);
#1289=ADVANCED_FACE('',(#1874),#6440,.F.);
#1290=ADVANCED_FACE('',(#1875),#6441,.F.);
#1291=ADVANCED_FACE('',(#1876),#6442,.T.);
#1292=ADVANCED_FACE('',(#1877),#6443,.T.);
#1293=ADVANCED_FACE('',(#1878),#6444,.T.);
#1294=ADVANCED_FACE('',(#1879),#6445,.T.);
#1295=ADVANCED_FACE('',(#1880),#6446,.F.);
#1296=ADVANCED_FACE('',(#1881),#6447,.F.);
#1297=ADVANCED_FACE('',(#1882),#6448,.F.);
#1298=ADVANCED_FACE('',(#1883),#6449,.F.);
#1299=ADVANCED_FACE('',(#1884),#6450,.T.);
#1300=ADVANCED_FACE('',(#1885),#6451,.T.);
#1301=ADVANCED_FACE('',(#1886),#6452,.T.);
#1302=ADVANCED_FACE('',(#1887),#6453,.T.);
#1303=FACE_OUTER_BOUND('',#1888,.T.);
#1304=FACE_OUTER_BOUND('',#1889,.T.);
#1305=FACE_OUTER_BOUND('',#1890,.T.);
#1306=FACE_OUTER_BOUND('',#1891,.T.);
#1307=FACE_OUTER_BOUND('',#1892,.T.);
#1308=FACE_OUTER_BOUND('',#1893,.T.);
#1309=FACE_OUTER_BOUND('',#1894,.T.);
#1310=FACE_OUTER_BOUND('',#1895,.T.);
#1311=FACE_OUTER_BOUND('',#1896,.T.);
#1312=FACE_OUTER_BOUND('',#1897,.T.);
#1313=FACE_OUTER_BOUND('',#1898,.T.);
#1314=FACE_OUTER_BOUND('',#1899,.T.);
#1315=FACE_OUTER_BOUND('',#1900,.T.);
#1316=FACE_OUTER_BOUND('',#1901,.T.);
#1317=FACE_OUTER_BOUND('',#1902,.T.);
#1318=FACE_OUTER_BOUND('',#1903,.T.);
#1319=FACE_OUTER_BOUND('',#1904,.T.);
#1320=FACE_OUTER_BOUND('',#1905,.T.);
#1321=FACE_OUTER_BOUND('',#1906,.T.);
#1322=FACE_OUTER_BOUND('',#1907,.T.);
#1323=FACE_OUTER_BOUND('',#1908,.T.);
#1324=FACE_OUTER_BOUND('',#1909,.T.);
#1325=FACE_OUTER_BOUND('',#1910,.T.);
#1326=FACE_OUTER_BOUND('',#1911,.T.);
#1327=FACE_OUTER_BOUND('',#1912,.T.);
#1328=FACE_OUTER_BOUND('',#1913,.T.);
#1329=FACE_OUTER_BOUND('',#1914,.T.);
#1330=FACE_OUTER_BOUND('',#1915,.T.);
#1331=FACE_OUTER_BOUND('',#1916,.T.);
#1332=FACE_OUTER_BOUND('',#1917,.T.);
#1333=FACE_OUTER_BOUND('',#1918,.T.);
#1334=FACE_OUTER_BOUND('',#1919,.T.);
#1335=FACE_OUTER_BOUND('',#1920,.T.);
#1336=FACE_OUTER_BOUND('',#1921,.T.);
#1337=FACE_OUTER_BOUND('',#1922,.T.);
#1338=FACE_OUTER_BOUND('',#1923,.T.);
#1339=FACE_OUTER_BOUND('',#1924,.T.);
#1340=FACE_OUTER_BOUND('',#1925,.T.);
#1341=FACE_OUTER_BOUND('',#1926,.T.);
#1342=FACE_OUTER_BOUND('',#1927,.T.);
#1343=FACE_OUTER_BOUND('',#1928,.T.);
#1344=FACE_OUTER_BOUND('',#1929,.T.);
#1345=FACE_OUTER_BOUND('',#1930,.T.);
#1346=FACE_OUTER_BOUND('',#1931,.T.);
#1347=FACE_OUTER_BOUND('',#1932,.T.);
#1348=FACE_OUTER_BOUND('',#1933,.T.);
#1349=FACE_OUTER_BOUND('',#1934,.T.);
#1350=FACE_OUTER_BOUND('',#1935,.T.);
#1351=FACE_OUTER_BOUND('',#1936,.T.);
#1352=FACE_OUTER_BOUND('',#1937,.T.);
#1353=FACE_OUTER_BOUND('',#1938,.T.);
#1354=FACE_OUTER_BOUND('',#1939,.T.);
#1355=FACE_OUTER_BOUND('',#1940,.T.);
#1356=FACE_OUTER_BOUND('',#1941,.T.);
#1357=FACE_OUTER_BOUND('',#1942,.T.);
#1358=FACE_OUTER_BOUND('',#1943,.T.);
#1359=FACE_OUTER_BOUND('',#1944,.T.);
#1360=FACE_OUTER_BOUND('',#1945,.T.);
#1361=FACE_OUTER_BOUND('',#1946,.T.);
#1362=FACE_OUTER_BOUND('',#1947,.T.);
#1363=FACE_OUTER_BOUND('',#1948,.T.);
#1364=FACE_OUTER_BOUND('',#1949,.T.);
#1365=FACE_OUTER_BOUND('',#1950,.T.);
#1366=FACE_OUTER_BOUND('',#1951,.T.);
#1367=FACE_OUTER_BOUND('',#1952,.T.);
#1368=FACE_OUTER_BOUND('',#1953,.T.);
#1369=FACE_OUTER_BOUND('',#1954,.T.);
#1370=FACE_OUTER_BOUND('',#1955,.T.);
#1371=FACE_OUTER_BOUND('',#1956,.T.);
#1372=FACE_OUTER_BOUND('',#1957,.T.);
#1373=FACE_OUTER_BOUND('',#1958,.T.);
#1374=FACE_OUTER_BOUND('',#1959,.T.);
#1375=FACE_OUTER_BOUND('',#1960,.T.);
#1376=FACE_OUTER_BOUND('',#1961,.T.);
#1377=FACE_OUTER_BOUND('',#1962,.T.);
#1378=FACE_OUTER_BOUND('',#1963,.T.);
#1379=FACE_OUTER_BOUND('',#1964,.T.);
#1380=FACE_OUTER_BOUND('',#1965,.T.);
#1381=FACE_OUTER_BOUND('',#1966,.T.);
#1382=FACE_OUTER_BOUND('',#1967,.T.);
#1383=FACE_OUTER_BOUND('',#1968,.T.);
#1384=FACE_OUTER_BOUND('',#1969,.T.);
#1385=FACE_OUTER_BOUND('',#1970,.T.);
#1386=FACE_OUTER_BOUND('',#1971,.T.);
#1387=FACE_OUTER_BOUND('',#1972,.T.);
#1388=FACE_OUTER_BOUND('',#1973,.T.);
#1389=FACE_OUTER_BOUND('',#1974,.T.);
#1390=FACE_OUTER_BOUND('',#1975,.T.);
#1391=FACE_OUTER_BOUND('',#1976,.T.);
#1392=FACE_OUTER_BOUND('',#1977,.T.);
#1393=FACE_OUTER_BOUND('',#1978,.T.);
#1394=FACE_OUTER_BOUND('',#1979,.T.);
#1395=FACE_OUTER_BOUND('',#1980,.T.);
#1396=FACE_OUTER_BOUND('',#1981,.T.);
#1397=FACE_OUTER_BOUND('',#1982,.T.);
#1398=FACE_OUTER_BOUND('',#1983,.T.);
#1399=FACE_OUTER_BOUND('',#1984,.T.);
#1400=FACE_OUTER_BOUND('',#1985,.T.);
#1401=FACE_OUTER_BOUND('',#1986,.T.);
#1402=FACE_OUTER_BOUND('',#1987,.T.);
#1403=FACE_OUTER_BOUND('',#1988,.T.);
#1404=FACE_OUTER_BOUND('',#1989,.T.);
#1405=FACE_OUTER_BOUND('',#1990,.T.);
#1406=FACE_OUTER_BOUND('',#1991,.T.);
#1407=FACE_OUTER_BOUND('',#1992,.T.);
#1408=FACE_OUTER_BOUND('',#1993,.T.);
#1409=FACE_OUTER_BOUND('',#1994,.T.);
#1410=FACE_OUTER_BOUND('',#1995,.T.);
#1411=FACE_OUTER_BOUND('',#1996,.T.);
#1412=FACE_OUTER_BOUND('',#1997,.T.);
#1413=FACE_OUTER_BOUND('',#1998,.T.);
#1414=FACE_OUTER_BOUND('',#1999,.T.);
#1415=FACE_OUTER_BOUND('',#2000,.T.);
#1416=FACE_OUTER_BOUND('',#2001,.T.);
#1417=FACE_OUTER_BOUND('',#2002,.T.);
#1418=FACE_OUTER_BOUND('',#2003,.T.);
#1419=FACE_OUTER_BOUND('',#2004,.T.);
#1420=FACE_OUTER_BOUND('',#2005,.T.);
#1421=FACE_OUTER_BOUND('',#2006,.T.);
#1422=FACE_OUTER_BOUND('',#2007,.T.);
#1423=FACE_OUTER_BOUND('',#2008,.T.);
#1424=FACE_OUTER_BOUND('',#2009,.T.);
#1425=FACE_OUTER_BOUND('',#2010,.T.);
#1426=FACE_OUTER_BOUND('',#2011,.T.);
#1427=FACE_OUTER_BOUND('',#2012,.T.);
#1428=FACE_OUTER_BOUND('',#2013,.T.);
#1429=FACE_OUTER_BOUND('',#2014,.T.);
#1430=FACE_OUTER_BOUND('',#2015,.T.);
#1431=FACE_OUTER_BOUND('',#2016,.T.);
#1432=FACE_OUTER_BOUND('',#2017,.T.);
#1433=FACE_OUTER_BOUND('',#2018,.T.);
#1434=FACE_OUTER_BOUND('',#2019,.T.);
#1435=FACE_OUTER_BOUND('',#2020,.T.);
#1436=FACE_OUTER_BOUND('',#2021,.T.);
#1437=FACE_OUTER_BOUND('',#2022,.T.);
#1438=FACE_OUTER_BOUND('',#2023,.T.);
#1439=FACE_OUTER_BOUND('',#2024,.T.);
#1440=FACE_OUTER_BOUND('',#2025,.T.);
#1441=FACE_OUTER_BOUND('',#2026,.T.);
#1442=FACE_OUTER_BOUND('',#2027,.T.);
#1443=FACE_OUTER_BOUND('',#2028,.T.);
#1444=FACE_OUTER_BOUND('',#2029,.T.);
#1445=FACE_OUTER_BOUND('',#2030,.T.);
#1446=FACE_OUTER_BOUND('',#2031,.T.);
#1447=FACE_OUTER_BOUND('',#2032,.T.);
#1448=FACE_OUTER_BOUND('',#2033,.T.);
#1449=FACE_OUTER_BOUND('',#2034,.T.);
#1450=FACE_OUTER_BOUND('',#2035,.T.);
#1451=FACE_OUTER_BOUND('',#2036,.T.);
#1452=FACE_OUTER_BOUND('',#2037,.T.);
#1453=FACE_OUTER_BOUND('',#2038,.T.);
#1454=FACE_OUTER_BOUND('',#2039,.T.);
#1455=FACE_OUTER_BOUND('',#2040,.T.);
#1456=FACE_OUTER_BOUND('',#2041,.T.);
#1457=FACE_OUTER_BOUND('',#2042,.T.);
#1458=FACE_OUTER_BOUND('',#2043,.T.);
#1459=FACE_OUTER_BOUND('',#2044,.T.);
#1460=FACE_OUTER_BOUND('',#2045,.T.);
#1461=FACE_OUTER_BOUND('',#2046,.T.);
#1462=FACE_OUTER_BOUND('',#2047,.T.);
#1463=FACE_OUTER_BOUND('',#2048,.T.);
#1464=FACE_OUTER_BOUND('',#2049,.T.);
#1465=FACE_OUTER_BOUND('',#2050,.T.);
#1466=FACE_OUTER_BOUND('',#2051,.T.);
#1467=FACE_OUTER_BOUND('',#2052,.T.);
#1468=FACE_OUTER_BOUND('',#2053,.T.);
#1469=FACE_OUTER_BOUND('',#2054,.T.);
#1470=FACE_OUTER_BOUND('',#2055,.T.);
#1471=FACE_OUTER_BOUND('',#2056,.T.);
#1472=FACE_OUTER_BOUND('',#2057,.T.);
#1473=FACE_OUTER_BOUND('',#2058,.T.);
#1474=FACE_OUTER_BOUND('',#2059,.T.);
#1475=FACE_OUTER_BOUND('',#2060,.T.);
#1476=FACE_OUTER_BOUND('',#2061,.T.);
#1477=FACE_OUTER_BOUND('',#2062,.T.);
#1478=FACE_OUTER_BOUND('',#2063,.T.);
#1479=FACE_OUTER_BOUND('',#2064,.T.);
#1480=FACE_OUTER_BOUND('',#2065,.T.);
#1481=FACE_OUTER_BOUND('',#2066,.T.);
#1482=FACE_OUTER_BOUND('',#2067,.T.);
#1483=FACE_OUTER_BOUND('',#2068,.T.);
#1484=FACE_OUTER_BOUND('',#2069,.T.);
#1485=FACE_OUTER_BOUND('',#2070,.T.);
#1486=FACE_OUTER_BOUND('',#2071,.T.);
#1487=FACE_OUTER_BOUND('',#2072,.T.);
#1488=FACE_OUTER_BOUND('',#2073,.T.);
#1489=FACE_OUTER_BOUND('',#2074,.T.);
#1490=FACE_OUTER_BOUND('',#2075,.T.);
#1491=FACE_OUTER_BOUND('',#2076,.T.);
#1492=FACE_OUTER_BOUND('',#2077,.T.);
#1493=FACE_OUTER_BOUND('',#2078,.T.);
#1494=FACE_OUTER_BOUND('',#2079,.T.);
#1495=FACE_OUTER_BOUND('',#2080,.T.);
#1496=FACE_OUTER_BOUND('',#2081,.T.);
#1497=FACE_OUTER_BOUND('',#2082,.T.);
#1498=FACE_OUTER_BOUND('',#2083,.T.);
#1499=FACE_OUTER_BOUND('',#2084,.T.);
#1500=FACE_OUTER_BOUND('',#2085,.T.);
#1501=FACE_OUTER_BOUND('',#2086,.T.);
#1502=FACE_OUTER_BOUND('',#2087,.T.);
#1503=FACE_OUTER_BOUND('',#2088,.T.);
#1504=FACE_OUTER_BOUND('',#2089,.T.);
#1505=FACE_OUTER_BOUND('',#2090,.T.);
#1506=FACE_OUTER_BOUND('',#2091,.T.);
#1507=FACE_OUTER_BOUND('',#2092,.T.);
#1508=FACE_OUTER_BOUND('',#2093,.T.);
#1509=FACE_OUTER_BOUND('',#2094,.T.);
#1510=FACE_OUTER_BOUND('',#2095,.T.);
#1511=FACE_OUTER_BOUND('',#2096,.T.);
#1512=FACE_OUTER_BOUND('',#2097,.T.);
#1513=FACE_OUTER_BOUND('',#2098,.T.);
#1514=FACE_OUTER_BOUND('',#2099,.T.);
#1515=FACE_OUTER_BOUND('',#2100,.T.);
#1516=FACE_OUTER_BOUND('',#2101,.T.);
#1517=FACE_OUTER_BOUND('',#2102,.T.);
#1518=FACE_OUTER_BOUND('',#2103,.T.);
#1519=FACE_OUTER_BOUND('',#2104,.T.);
#1520=FACE_OUTER_BOUND('',#2105,.T.);
#1521=FACE_OUTER_BOUND('',#2106,.T.);
#1522=FACE_OUTER_BOUND('',#2107,.T.);
#1523=FACE_OUTER_BOUND('',#2108,.T.);
#1524=FACE_OUTER_BOUND('',#2109,.T.);
#1525=FACE_OUTER_BOUND('',#2110,.T.);
#1526=FACE_OUTER_BOUND('',#2111,.T.);
#1527=FACE_OUTER_BOUND('',#2112,.T.);
#1528=FACE_OUTER_BOUND('',#2113,.T.);
#1529=FACE_OUTER_BOUND('',#2114,.T.);
#1530=FACE_OUTER_BOUND('',#2115,.T.);
#1531=FACE_OUTER_BOUND('',#2116,.T.);
#1532=FACE_OUTER_BOUND('',#2117,.T.);
#1533=FACE_OUTER_BOUND('',#2118,.T.);
#1534=FACE_OUTER_BOUND('',#2119,.T.);
#1535=FACE_OUTER_BOUND('',#2120,.T.);
#1536=FACE_OUTER_BOUND('',#2121,.T.);
#1537=FACE_OUTER_BOUND('',#2122,.T.);
#1538=FACE_OUTER_BOUND('',#2123,.T.);
#1539=FACE_OUTER_BOUND('',#2124,.T.);
#1540=FACE_OUTER_BOUND('',#2125,.T.);
#1541=FACE_OUTER_BOUND('',#2126,.T.);
#1542=FACE_OUTER_BOUND('',#2127,.T.);
#1543=FACE_OUTER_BOUND('',#2128,.T.);
#1544=FACE_OUTER_BOUND('',#2129,.T.);
#1545=FACE_OUTER_BOUND('',#2130,.T.);
#1546=FACE_OUTER_BOUND('',#2131,.T.);
#1547=FACE_OUTER_BOUND('',#2132,.T.);
#1548=FACE_OUTER_BOUND('',#2133,.T.);
#1549=FACE_OUTER_BOUND('',#2134,.T.);
#1550=FACE_OUTER_BOUND('',#2135,.T.);
#1551=FACE_OUTER_BOUND('',#2136,.T.);
#1552=FACE_OUTER_BOUND('',#2137,.T.);
#1553=FACE_OUTER_BOUND('',#2138,.T.);
#1554=FACE_OUTER_BOUND('',#2139,.T.);
#1555=FACE_OUTER_BOUND('',#2140,.T.);
#1556=FACE_OUTER_BOUND('',#2141,.T.);
#1557=FACE_OUTER_BOUND('',#2142,.T.);
#1558=FACE_OUTER_BOUND('',#2143,.T.);
#1559=FACE_OUTER_BOUND('',#2144,.T.);
#1560=FACE_OUTER_BOUND('',#2145,.T.);
#1561=FACE_OUTER_BOUND('',#2146,.T.);
#1562=FACE_OUTER_BOUND('',#2147,.T.);
#1563=FACE_OUTER_BOUND('',#2148,.T.);
#1564=FACE_OUTER_BOUND('',#2149,.T.);
#1565=FACE_OUTER_BOUND('',#2150,.T.);
#1566=FACE_OUTER_BOUND('',#2151,.T.);
#1567=FACE_OUTER_BOUND('',#2152,.T.);
#1568=FACE_OUTER_BOUND('',#2153,.T.);
#1569=FACE_OUTER_BOUND('',#2154,.T.);
#1570=FACE_OUTER_BOUND('',#2155,.T.);
#1571=FACE_OUTER_BOUND('',#2156,.T.);
#1572=FACE_OUTER_BOUND('',#2157,.T.);
#1573=FACE_OUTER_BOUND('',#2158,.T.);
#1574=FACE_OUTER_BOUND('',#2159,.T.);
#1575=FACE_OUTER_BOUND('',#2160,.T.);
#1576=FACE_OUTER_BOUND('',#2161,.T.);
#1577=FACE_OUTER_BOUND('',#2162,.T.);
#1578=FACE_OUTER_BOUND('',#2163,.T.);
#1579=FACE_OUTER_BOUND('',#2164,.T.);
#1580=FACE_OUTER_BOUND('',#2165,.T.);
#1581=FACE_OUTER_BOUND('',#2166,.T.);
#1582=FACE_OUTER_BOUND('',#2167,.T.);
#1583=FACE_OUTER_BOUND('',#2168,.T.);
#1584=FACE_OUTER_BOUND('',#2169,.T.);
#1585=FACE_OUTER_BOUND('',#2170,.T.);
#1586=FACE_OUTER_BOUND('',#2171,.T.);
#1587=FACE_OUTER_BOUND('',#2172,.T.);
#1588=FACE_OUTER_BOUND('',#2173,.T.);
#1589=FACE_OUTER_BOUND('',#2174,.T.);
#1590=FACE_OUTER_BOUND('',#2175,.T.);
#1591=FACE_OUTER_BOUND('',#2176,.T.);
#1592=FACE_OUTER_BOUND('',#2177,.T.);
#1593=FACE_OUTER_BOUND('',#2178,.T.);
#1594=FACE_OUTER_BOUND('',#2179,.T.);
#1595=FACE_OUTER_BOUND('',#2180,.T.);
#1596=FACE_OUTER_BOUND('',#2181,.T.);
#1597=FACE_OUTER_BOUND('',#2182,.T.);
#1598=FACE_OUTER_BOUND('',#2183,.T.);
#1599=FACE_OUTER_BOUND('',#2184,.T.);
#1600=FACE_OUTER_BOUND('',#2185,.T.);
#1601=FACE_OUTER_BOUND('',#2186,.T.);
#1602=FACE_OUTER_BOUND('',#2187,.T.);
#1603=FACE_OUTER_BOUND('',#2188,.T.);
#1604=FACE_OUTER_BOUND('',#2189,.T.);
#1605=FACE_OUTER_BOUND('',#2190,.T.);
#1606=FACE_OUTER_BOUND('',#2191,.T.);
#1607=FACE_OUTER_BOUND('',#2192,.T.);
#1608=FACE_OUTER_BOUND('',#2193,.T.);
#1609=FACE_OUTER_BOUND('',#2194,.T.);
#1610=FACE_OUTER_BOUND('',#2195,.T.);
#1611=FACE_OUTER_BOUND('',#2196,.T.);
#1612=FACE_OUTER_BOUND('',#2197,.T.);
#1613=FACE_OUTER_BOUND('',#2198,.T.);
#1614=FACE_OUTER_BOUND('',#2199,.T.);
#1615=FACE_OUTER_BOUND('',#2200,.T.);
#1616=FACE_OUTER_BOUND('',#2201,.T.);
#1617=FACE_OUTER_BOUND('',#2202,.T.);
#1618=FACE_OUTER_BOUND('',#2203,.T.);
#1619=FACE_OUTER_BOUND('',#2204,.T.);
#1620=FACE_OUTER_BOUND('',#2205,.T.);
#1621=FACE_OUTER_BOUND('',#2206,.T.);
#1622=FACE_OUTER_BOUND('',#2207,.T.);
#1623=FACE_OUTER_BOUND('',#2208,.T.);
#1624=FACE_OUTER_BOUND('',#2209,.T.);
#1625=FACE_OUTER_BOUND('',#2210,.T.);
#1626=FACE_OUTER_BOUND('',#2211,.T.);
#1627=FACE_OUTER_BOUND('',#2212,.T.);
#1628=FACE_OUTER_BOUND('',#2213,.T.);
#1629=FACE_OUTER_BOUND('',#2214,.T.);
#1630=FACE_OUTER_BOUND('',#2215,.T.);
#1631=FACE_OUTER_BOUND('',#2216,.T.);
#1632=FACE_OUTER_BOUND('',#2217,.T.);
#1633=FACE_OUTER_BOUND('',#2218,.T.);
#1634=FACE_OUTER_BOUND('',#2219,.T.);
#1635=FACE_OUTER_BOUND('',#2220,.T.);
#1636=FACE_OUTER_BOUND('',#2221,.T.);
#1637=FACE_OUTER_BOUND('',#2222,.T.);
#1638=FACE_OUTER_BOUND('',#2223,.T.);
#1639=FACE_OUTER_BOUND('',#2224,.T.);
#1640=FACE_OUTER_BOUND('',#2225,.T.);
#1641=FACE_OUTER_BOUND('',#2226,.T.);
#1642=FACE_OUTER_BOUND('',#2227,.T.);
#1643=FACE_OUTER_BOUND('',#2228,.T.);
#1644=FACE_OUTER_BOUND('',#2229,.T.);
#1645=FACE_OUTER_BOUND('',#2230,.T.);
#1646=FACE_OUTER_BOUND('',#2231,.T.);
#1647=FACE_OUTER_BOUND('',#2232,.T.);
#1648=FACE_OUTER_BOUND('',#2233,.T.);
#1649=FACE_OUTER_BOUND('',#2234,.T.);
#1650=FACE_OUTER_BOUND('',#2235,.T.);
#1651=FACE_OUTER_BOUND('',#2236,.T.);
#1652=FACE_OUTER_BOUND('',#2237,.T.);
#1653=FACE_OUTER_BOUND('',#2238,.T.);
#1654=FACE_OUTER_BOUND('',#2239,.T.);
#1655=FACE_OUTER_BOUND('',#2240,.T.);
#1656=FACE_OUTER_BOUND('',#2241,.T.);
#1657=FACE_OUTER_BOUND('',#2242,.T.);
#1658=FACE_OUTER_BOUND('',#2243,.T.);
#1659=FACE_OUTER_BOUND('',#2244,.T.);
#1660=FACE_OUTER_BOUND('',#2245,.T.);
#1661=FACE_OUTER_BOUND('',#2246,.T.);
#1662=FACE_OUTER_BOUND('',#2247,.T.);
#1663=FACE_OUTER_BOUND('',#2248,.T.);
#1664=FACE_OUTER_BOUND('',#2249,.T.);
#1665=FACE_OUTER_BOUND('',#2250,.T.);
#1666=FACE_OUTER_BOUND('',#2251,.T.);
#1667=FACE_OUTER_BOUND('',#2252,.T.);
#1668=FACE_OUTER_BOUND('',#2253,.T.);
#1669=FACE_OUTER_BOUND('',#2254,.T.);
#1670=FACE_OUTER_BOUND('',#2255,.T.);
#1671=FACE_OUTER_BOUND('',#2256,.T.);
#1672=FACE_OUTER_BOUND('',#2257,.T.);
#1673=FACE_OUTER_BOUND('',#2258,.T.);
#1674=FACE_OUTER_BOUND('',#2259,.T.);
#1675=FACE_OUTER_BOUND('',#2260,.T.);
#1676=FACE_OUTER_BOUND('',#2261,.T.);
#1677=FACE_OUTER_BOUND('',#2262,.T.);
#1678=FACE_OUTER_BOUND('',#2263,.T.);
#1679=FACE_OUTER_BOUND('',#2264,.T.);
#1680=FACE_OUTER_BOUND('',#2265,.T.);
#1681=FACE_OUTER_BOUND('',#2266,.T.);
#1682=FACE_OUTER_BOUND('',#2267,.T.);
#1683=FACE_OUTER_BOUND('',#2268,.T.);
#1684=FACE_OUTER_BOUND('',#2269,.T.);
#1685=FACE_OUTER_BOUND('',#2270,.T.);
#1686=FACE_OUTER_BOUND('',#2271,.T.);
#1687=FACE_OUTER_BOUND('',#2272,.T.);
#1688=FACE_OUTER_BOUND('',#2273,.T.);
#1689=FACE_OUTER_BOUND('',#2274,.T.);
#1690=FACE_OUTER_BOUND('',#2275,.T.);
#1691=FACE_OUTER_BOUND('',#2276,.T.);
#1692=FACE_OUTER_BOUND('',#2277,.T.);
#1693=FACE_OUTER_BOUND('',#2278,.T.);
#1694=FACE_OUTER_BOUND('',#2279,.T.);
#1695=FACE_OUTER_BOUND('',#2280,.T.);
#1696=FACE_OUTER_BOUND('',#2281,.T.);
#1697=FACE_OUTER_BOUND('',#2282,.T.);
#1698=FACE_OUTER_BOUND('',#2283,.T.);
#1699=FACE_OUTER_BOUND('',#2284,.T.);
#1700=FACE_OUTER_BOUND('',#2285,.T.);
#1701=FACE_OUTER_BOUND('',#2286,.T.);
#1702=FACE_OUTER_BOUND('',#2287,.T.);
#1703=FACE_OUTER_BOUND('',#2288,.T.);
#1704=FACE_OUTER_BOUND('',#2289,.T.);
#1705=FACE_OUTER_BOUND('',#2290,.T.);
#1706=FACE_OUTER_BOUND('',#2291,.T.);
#1707=FACE_OUTER_BOUND('',#2292,.T.);
#1708=FACE_OUTER_BOUND('',#2293,.T.);
#1709=FACE_OUTER_BOUND('',#2294,.T.);
#1710=FACE_OUTER_BOUND('',#2295,.T.);
#1711=FACE_OUTER_BOUND('',#2296,.T.);
#1712=FACE_OUTER_BOUND('',#2297,.T.);
#1713=FACE_OUTER_BOUND('',#2298,.T.);
#1714=FACE_OUTER_BOUND('',#2299,.T.);
#1715=FACE_OUTER_BOUND('',#2300,.T.);
#1716=FACE_OUTER_BOUND('',#2301,.T.);
#1717=FACE_OUTER_BOUND('',#2302,.T.);
#1718=FACE_OUTER_BOUND('',#2303,.T.);
#1719=FACE_OUTER_BOUND('',#2304,.T.);
#1720=FACE_OUTER_BOUND('',#2305,.T.);
#1721=FACE_OUTER_BOUND('',#2306,.T.);
#1722=FACE_OUTER_BOUND('',#2307,.T.);
#1723=FACE_OUTER_BOUND('',#2308,.T.);
#1724=FACE_OUTER_BOUND('',#2309,.T.);
#1725=FACE_OUTER_BOUND('',#2310,.T.);
#1726=FACE_OUTER_BOUND('',#2311,.T.);
#1727=FACE_OUTER_BOUND('',#2312,.T.);
#1728=FACE_OUTER_BOUND('',#2313,.T.);
#1729=FACE_OUTER_BOUND('',#2314,.T.);
#1730=FACE_OUTER_BOUND('',#2315,.T.);
#1731=FACE_OUTER_BOUND('',#2316,.T.);
#1732=FACE_OUTER_BOUND('',#2317,.T.);
#1733=FACE_OUTER_BOUND('',#2318,.T.);
#1734=FACE_OUTER_BOUND('',#2319,.T.);
#1735=FACE_OUTER_BOUND('',#2320,.T.);
#1736=FACE_OUTER_BOUND('',#2321,.T.);
#1737=FACE_OUTER_BOUND('',#2322,.T.);
#1738=FACE_OUTER_BOUND('',#2323,.T.);
#1739=FACE_OUTER_BOUND('',#2324,.T.);
#1740=FACE_OUTER_BOUND('',#2325,.T.);
#1741=FACE_OUTER_BOUND('',#2326,.T.);
#1742=FACE_OUTER_BOUND('',#2327,.T.);
#1743=FACE_OUTER_BOUND('',#2328,.T.);
#1744=FACE_OUTER_BOUND('',#2329,.T.);
#1745=FACE_OUTER_BOUND('',#2330,.T.);
#1746=FACE_OUTER_BOUND('',#2331,.T.);
#1747=FACE_OUTER_BOUND('',#2332,.T.);
#1748=FACE_OUTER_BOUND('',#2333,.T.);
#1749=FACE_OUTER_BOUND('',#2334,.T.);
#1750=FACE_OUTER_BOUND('',#2335,.T.);
#1751=FACE_OUTER_BOUND('',#2336,.T.);
#1752=FACE_OUTER_BOUND('',#2337,.T.);
#1753=FACE_OUTER_BOUND('',#2338,.T.);
#1754=FACE_OUTER_BOUND('',#2339,.T.);
#1755=FACE_OUTER_BOUND('',#2340,.T.);
#1756=FACE_OUTER_BOUND('',#2341,.T.);
#1757=FACE_OUTER_BOUND('',#2342,.T.);
#1758=FACE_OUTER_BOUND('',#2343,.T.);
#1759=FACE_OUTER_BOUND('',#2344,.T.);
#1760=FACE_OUTER_BOUND('',#2345,.T.);
#1761=FACE_OUTER_BOUND('',#2346,.T.);
#1762=FACE_OUTER_BOUND('',#2347,.T.);
#1763=FACE_OUTER_BOUND('',#2348,.T.);
#1764=FACE_OUTER_BOUND('',#2349,.T.);
#1765=FACE_OUTER_BOUND('',#2350,.T.);
#1766=FACE_OUTER_BOUND('',#2351,.T.);
#1767=FACE_OUTER_BOUND('',#2352,.T.);
#1768=FACE_OUTER_BOUND('',#2353,.T.);
#1769=FACE_OUTER_BOUND('',#2354,.T.);
#1770=FACE_OUTER_BOUND('',#2355,.T.);
#1771=FACE_OUTER_BOUND('',#2356,.T.);
#1772=FACE_OUTER_BOUND('',#2357,.T.);
#1773=FACE_OUTER_BOUND('',#2358,.T.);
#1774=FACE_OUTER_BOUND('',#2359,.T.);
#1775=FACE_OUTER_BOUND('',#2360,.T.);
#1776=FACE_OUTER_BOUND('',#2361,.T.);
#1777=FACE_OUTER_BOUND('',#2362,.T.);
#1778=FACE_OUTER_BOUND('',#2363,.T.);
#1779=FACE_OUTER_BOUND('',#2364,.T.);
#1780=FACE_OUTER_BOUND('',#2365,.T.);
#1781=FACE_OUTER_BOUND('',#2366,.T.);
#1782=FACE_OUTER_BOUND('',#2367,.T.);
#1783=FACE_OUTER_BOUND('',#2368,.T.);
#1784=FACE_OUTER_BOUND('',#2369,.T.);
#1785=FACE_OUTER_BOUND('',#2370,.T.);
#1786=FACE_OUTER_BOUND('',#2371,.T.);
#1787=FACE_OUTER_BOUND('',#2372,.T.);
#1788=FACE_OUTER_BOUND('',#2373,.T.);
#1789=FACE_OUTER_BOUND('',#2374,.T.);
#1790=FACE_OUTER_BOUND('',#2375,.T.);
#1791=FACE_OUTER_BOUND('',#2376,.T.);
#1792=FACE_OUTER_BOUND('',#2377,.T.);
#1793=FACE_OUTER_BOUND('',#2378,.T.);
#1794=FACE_OUTER_BOUND('',#2379,.T.);
#1795=FACE_OUTER_BOUND('',#2380,.T.);
#1796=FACE_OUTER_BOUND('',#2381,.T.);
#1797=FACE_OUTER_BOUND('',#2382,.T.);
#1798=FACE_OUTER_BOUND('',#2383,.T.);
#1799=FACE_OUTER_BOUND('',#2384,.T.);
#1800=FACE_OUTER_BOUND('',#2385,.T.);
#1801=FACE_OUTER_BOUND('',#2386,.T.);
#1802=FACE_OUTER_BOUND('',#2387,.T.);
#1803=FACE_OUTER_BOUND('',#2388,.T.);
#1804=FACE_OUTER_BOUND('',#2389,.T.);
#1805=FACE_OUTER_BOUND('',#2390,.T.);
#1806=FACE_OUTER_BOUND('',#2391,.T.);
#1807=FACE_OUTER_BOUND('',#2392,.T.);
#1808=FACE_OUTER_BOUND('',#2393,.T.);
#1809=FACE_OUTER_BOUND('',#2394,.T.);
#1810=FACE_OUTER_BOUND('',#2395,.T.);
#1811=FACE_OUTER_BOUND('',#2396,.T.);
#1812=FACE_OUTER_BOUND('',#2397,.T.);
#1813=FACE_OUTER_BOUND('',#2398,.T.);
#1814=FACE_OUTER_BOUND('',#2399,.T.);
#1815=FACE_OUTER_BOUND('',#2400,.T.);
#1816=FACE_OUTER_BOUND('',#2401,.T.);
#1817=FACE_OUTER_BOUND('',#2402,.T.);
#1818=FACE_OUTER_BOUND('',#2403,.T.);
#1819=FACE_OUTER_BOUND('',#2404,.T.);
#1820=FACE_OUTER_BOUND('',#2405,.T.);
#1821=FACE_OUTER_BOUND('',#2406,.T.);
#1822=FACE_OUTER_BOUND('',#2407,.T.);
#1823=FACE_OUTER_BOUND('',#2408,.T.);
#1824=FACE_OUTER_BOUND('',#2409,.T.);
#1825=FACE_OUTER_BOUND('',#2410,.T.);
#1826=FACE_OUTER_BOUND('',#2411,.T.);
#1827=FACE_OUTER_BOUND('',#2412,.T.);
#1828=FACE_OUTER_BOUND('',#2413,.T.);
#1829=FACE_OUTER_BOUND('',#2414,.T.);
#1830=FACE_OUTER_BOUND('',#2415,.T.);
#1831=FACE_OUTER_BOUND('',#2416,.T.);
#1832=FACE_OUTER_BOUND('',#2417,.T.);
#1833=FACE_OUTER_BOUND('',#2418,.T.);
#1834=FACE_OUTER_BOUND('',#2419,.T.);
#1835=FACE_OUTER_BOUND('',#2420,.T.);
#1836=FACE_OUTER_BOUND('',#2421,.T.);
#1837=FACE_OUTER_BOUND('',#2422,.T.);
#1838=FACE_OUTER_BOUND('',#2423,.T.);
#1839=FACE_OUTER_BOUND('',#2424,.T.);
#1840=FACE_OUTER_BOUND('',#2425,.T.);
#1841=FACE_OUTER_BOUND('',#2426,.T.);
#1842=FACE_OUTER_BOUND('',#2427,.T.);
#1843=FACE_OUTER_BOUND('',#2428,.T.);
#1844=FACE_OUTER_BOUND('',#2429,.T.);
#1845=FACE_OUTER_BOUND('',#2430,.T.);
#1846=FACE_OUTER_BOUND('',#2431,.T.);
#1847=FACE_OUTER_BOUND('',#2432,.T.);
#1848=FACE_OUTER_BOUND('',#2433,.T.);
#1849=FACE_OUTER_BOUND('',#2434,.T.);
#1850=FACE_OUTER_BOUND('',#2435,.T.);
#1851=FACE_OUTER_BOUND('',#2436,.T.);
#1852=FACE_OUTER_BOUND('',#2437,.T.);
#1853=FACE_OUTER_BOUND('',#2438,.T.);
#1854=FACE_OUTER_BOUND('',#2439,.T.);
#1855=FACE_OUTER_BOUND('',#2440,.T.);
#1856=FACE_OUTER_BOUND('',#2441,.T.);
#1857=FACE_OUTER_BOUND('',#2442,.T.);
#1858=FACE_OUTER_BOUND('',#2443,.T.);
#1859=FACE_OUTER_BOUND('',#2444,.T.);
#1860=FACE_OUTER_BOUND('',#2445,.T.);
#1861=FACE_OUTER_BOUND('',#2446,.T.);
#1862=FACE_OUTER_BOUND('',#2447,.T.);
#1863=FACE_OUTER_BOUND('',#2448,.T.);
#1864=FACE_OUTER_BOUND('',#2449,.T.);
#1865=FACE_OUTER_BOUND('',#2450,.T.);
#1866=FACE_OUTER_BOUND('',#2451,.T.);
#1867=FACE_OUTER_BOUND('',#2452,.T.);
#1868=FACE_OUTER_BOUND('',#2453,.T.);
#1869=FACE_OUTER_BOUND('',#2454,.T.);
#1870=FACE_OUTER_BOUND('',#2455,.T.);
#1871=FACE_OUTER_BOUND('',#2456,.T.);
#1872=FACE_OUTER_BOUND('',#2457,.T.);
#1873=FACE_OUTER_BOUND('',#2458,.T.);
#1874=FACE_OUTER_BOUND('',#2459,.T.);
#1875=FACE_OUTER_BOUND('',#2460,.T.);
#1876=FACE_OUTER_BOUND('',#2461,.T.);
#1877=FACE_OUTER_BOUND('',#2462,.T.);
#1878=FACE_OUTER_BOUND('',#2463,.T.);
#1879=FACE_OUTER_BOUND('',#2464,.T.);
#1880=FACE_OUTER_BOUND('',#2465,.T.);
#1881=FACE_OUTER_BOUND('',#2466,.T.);
#1882=FACE_OUTER_BOUND('',#2467,.T.);
#1883=FACE_OUTER_BOUND('',#2468,.T.);
#1884=FACE_OUTER_BOUND('',#2469,.T.);
#1885=FACE_OUTER_BOUND('',#2470,.T.);
#1886=FACE_OUTER_BOUND('',#2471,.T.);
#1887=FACE_OUTER_BOUND('',#2472,.T.);
#1888=EDGE_LOOP('',(#2473,#2474,#2475,#2476,#2477,#2478,#2479,#2480,#2481,
#2482,#2483,#2484,#2485,#2486,#2487,#2488,#2489,#2490,#2491,#2492,#2493,#2494,
#2495,#2496,#2497,#2498,#2499,#2500,#2501,#2502,#2503,#2504,#2505,#2506,#2507,
#2508,#2509,#2510,#2511,#2512,#2513,#2514,#2515,#2516,#2517,#2518,#2519,#2520,
#2521,#2522,#2523,#2524,#2525,#2526,#2527,#2528,#2529,#2530,#2531,#2532,#2533,
#2534,#2535,#2536,#2537,#2538,#2539,#2540,#2541,#2542,#2543,#2544,#2545,#2546,
#2547,#2548,#2549,#2550,#2551,#2552,#2553,#2554,#2555,#2556,#2557,#2558,#2559,
#2560,#2561,#2562,#2563,#2564,#2565,#2566,#2567,#2568,#2569,#2570,#2571,#2572,
#2573,#2574,#2575,#2576,#2577,#2578,#2579,#2580,#2581,#2582,#2583,#2584,#2585,
#2586,#2587,#2588,#2589,#2590,#2591,#2592,#2593,#2594,#2595,#2596,#2597,#2598,
#2599,#2600,#2601,#2602,#2603,#2604,#2605,#2606,#2607,#2608,#2609,#2610,#2611,
#2612,#2613,#2614,#2615,#2616,#2617,#2618,#2619,#2620,#2621,#2622,#2623,#2624,
#2625,#2626,#2627,#2628,#2629,#2630,#2631,#2632,#2633,#2634,#2635,#2636,#2637,
#2638,#2639,#2640,#2641,#2642,#2643,#2644,#2645,#2646,#2647,#2648,#2649,#2650,
#2651,#2652,#2653,#2654,#2655,#2656,#2657,#2658,#2659,#2660,#2661,#2662,#2663,
#2664,#2665,#2666,#2667,#2668,#2669,#2670,#2671,#2672,#2673,#2674,#2675,#2676,
#2677,#2678,#2679,#2680,#2681,#2682,#2683,#2684,#2685,#2686,#2687,#2688,#2689,
#2690,#2691,#2692,#2693,#2694,#2695,#2696,#2697,#2698,#2699,#2700,#2701,#2702,
#2703,#2704,#2705,#2706,#2707,#2708,#2709,#2710,#2711,#2712,#2713,#2714,#2715,
#2716,#2717,#2718,#2719,#2720,#2721,#2722,#2723,#2724,#2725,#2726,#2727,#2728,
#2729,#2730,#2731,#2732,#2733,#2734,#2735,#2736,#2737,#2738,#2739,#2740,#2741,
#2742,#2743,#2744,#2745,#2746,#2747,#2748,#2749,#2750,#2751,#2752,#2753,#2754,
#2755,#2756,#2757,#2758,#2759,#2760,#2761,#2762,#2763,#2764,#2765,#2766,#2767,
#2768,#2769,#2770,#2771,#2772,#2773,#2774,#2775,#2776,#2777,#2778,#2779,#2780,
#2781,#2782,#2783,#2784,#2785,#2786,#2787,#2788,#2789,#2790,#2791,#2792,#2793,
#2794,#2795,#2796,#2797,#2798,#2799,#2800,#2801,#2802,#2803,#2804,#2805,#2806,
#2807,#2808,#2809,#2810,#2811,#2812,#2813,#2814,#2815,#2816,#2817,#2818,#2819,
#2820,#2821,#2822,#2823,#2824,#2825,#2826,#2827,#2828,#2829,#2830,#2831,#2832,
#2833,#2834,#2835,#2836,#2837,#2838,#2839,#2840,#2841,#2842,#2843,#2844,#2845,
#2846,#2847,#2848,#2849,#2850,#2851,#2852,#2853,#2854,#2855,#2856,#2857,#2858,
#2859,#2860,#2861,#2862,#2863,#2864,#2865,#2866,#2867,#2868,#2869,#2870,#2871,
#2872,#2873,#2874,#2875,#2876,#2877,#2878,#2879,#2880,#2881,#2882,#2883,#2884,
#2885,#2886,#2887,#2888,#2889,#2890,#2891,#2892,#2893,#2894,#2895,#2896,#2897,
#2898,#2899,#2900,#2901,#2902,#2903,#2904,#2905,#2906,#2907,#2908,#2909,#2910,
#2911,#2912,#2913,#2914,#2915,#2916,#2917,#2918,#2919,#2920,#2921,#2922,#2923,
#2924,#2925,#2926,#2927,#2928,#2929,#2930,#2931,#2932,#2933,#2934,#2935,#2936,
#2937,#2938,#2939,#2940,#2941,#2942,#2943,#2944,#2945,#2946,#2947,#2948,#2949,
#2950,#2951,#2952,#2953,#2954,#2955,#2956,#2957,#2958,#2959,#2960,#2961,#2962,
#2963,#2964,#2965,#2966,#2967,#2968,#2969,#2970,#2971,#2972,#2973,#2974,#2975,
#2976,#2977,#2978,#2979,#2980,#2981,#2982,#2983,#2984,#2985,#2986,#2987,#2988,
#2989,#2990,#2991,#2992,#2993,#2994,#2995,#2996,#2997,#2998,#2999,#3000,#3001,
#3002,#3003,#3004,#3005,#3006,#3007,#3008,#3009,#3010,#3011,#3012,#3013,#3014,
#3015,#3016,#3017,#3018,#3019,#3020,#3021,#3022,#3023,#3024,#3025,#3026,#3027,
#3028,#3029,#3030,#3031,#3032,#3033,#3034,#3035,#3036,#3037,#3038,#3039));
#1889=EDGE_LOOP('',(#3040,#3041,#3042,#3043,#3044,#3045,#3046,#3047,#3048,
#3049,#3050,#3051,#3052,#3053,#3054,#3055,#3056,#3057,#3058,#3059,#3060,#3061,
#3062,#3063,#3064,#3065,#3066,#3067,#3068,#3069,#3070,#3071,#3072,#3073,#3074,
#3075,#3076,#3077,#3078,#3079,#3080,#3081,#3082,#3083,#3084,#3085,#3086,#3087,
#3088,#3089,#3090,#3091,#3092,#3093,#3094,#3095,#3096,#3097,#3098,#3099,#3100,
#3101,#3102,#3103,#3104,#3105,#3106,#3107,#3108,#3109,#3110,#3111,#3112,#3113,
#3114,#3115,#3116,#3117,#3118,#3119,#3120,#3121,#3122,#3123,#3124,#3125,#3126,
#3127,#3128,#3129,#3130,#3131,#3132,#3133,#3134,#3135,#3136,#3137,#3138,#3139,
#3140,#3141,#3142,#3143,#3144,#3145,#3146,#3147,#3148,#3149,#3150,#3151,#3152,
#3153,#3154,#3155,#3156,#3157,#3158,#3159,#3160,#3161,#3162,#3163,#3164,#3165,
#3166,#3167,#3168,#3169,#3170,#3171,#3172,#3173,#3174,#3175,#3176,#3177,#3178,
#3179,#3180,#3181,#3182,#3183,#3184,#3185,#3186,#3187,#3188,#3189,#3190,#3191,
#3192,#3193,#3194,#3195,#3196,#3197,#3198,#3199,#3200,#3201,#3202,#3203,#3204,
#3205,#3206,#3207,#3208,#3209,#3210,#3211,#3212,#3213,#3214,#3215,#3216,#3217,
#3218,#3219,#3220,#3221,#3222,#3223,#3224,#3225,#3226,#3227,#3228,#3229,#3230,
#3231,#3232,#3233,#3234,#3235,#3236,#3237,#3238,#3239,#3240,#3241,#3242,#3243,
#3244,#3245,#3246,#3247,#3248,#3249,#3250,#3251,#3252,#3253,#3254,#3255,#3256,
#3257,#3258,#3259,#3260,#3261,#3262,#3263,#3264,#3265,#3266,#3267,#3268,#3269,
#3270,#3271,#3272,#3273,#3274,#3275,#3276,#3277,#3278,#3279,#3280,#3281,#3282,
#3283,#3284,#3285,#3286,#3287,#3288,#3289,#3290,#3291,#3292,#3293,#3294,#3295,
#3296,#3297,#3298,#3299,#3300,#3301,#3302,#3303,#3304,#3305,#3306,#3307,#3308,
#3309,#3310,#3311,#3312,#3313,#3314,#3315,#3316,#3317,#3318,#3319,#3320,#3321,
#3322,#3323,#3324,#3325,#3326,#3327,#3328,#3329,#3330,#3331,#3332,#3333,#3334,
#3335,#3336,#3337,#3338,#3339,#3340,#3341,#3342,#3343,#3344,#3345,#3346,#3347,
#3348,#3349,#3350,#3351,#3352,#3353,#3354,#3355,#3356,#3357,#3358,#3359,#3360,
#3361,#3362,#3363,#3364,#3365,#3366,#3367,#3368,#3369,#3370,#3371,#3372,#3373,
#3374,#3375,#3376,#3377,#3378,#3379,#3380,#3381,#3382,#3383,#3384,#3385,#3386,
#3387,#3388,#3389,#3390,#3391,#3392,#3393,#3394,#3395,#3396,#3397,#3398,#3399,
#3400,#3401,#3402,#3403,#3404,#3405,#3406,#3407,#3408,#3409,#3410,#3411,#3412,
#3413,#3414,#3415,#3416,#3417,#3418,#3419,#3420,#3421,#3422,#3423,#3424,#3425,
#3426,#3427,#3428,#3429,#3430,#3431,#3432,#3433,#3434,#3435,#3436,#3437,#3438,
#3439,#3440,#3441,#3442,#3443,#3444,#3445,#3446,#3447,#3448,#3449,#3450,#3451,
#3452,#3453,#3454,#3455,#3456,#3457,#3458,#3459,#3460,#3461,#3462,#3463,#3464,
#3465,#3466,#3467,#3468,#3469,#3470,#3471,#3472,#3473,#3474,#3475,#3476,#3477,
#3478,#3479,#3480,#3481,#3482,#3483,#3484,#3485,#3486,#3487,#3488,#3489,#3490,
#3491,#3492,#3493,#3494,#3495,#3496,#3497,#3498,#3499,#3500,#3501,#3502,#3503,
#3504,#3505,#3506,#3507,#3508,#3509,#3510,#3511,#3512,#3513,#3514,#3515,#3516,
#3517,#3518,#3519,#3520,#3521,#3522,#3523,#3524,#3525,#3526,#3527,#3528,#3529,
#3530,#3531,#3532,#3533,#3534,#3535,#3536,#3537,#3538,#3539,#3540,#3541,#3542,
#3543,#3544,#3545,#3546,#3547,#3548,#3549,#3550,#3551,#3552,#3553,#3554,#3555,
#3556,#3557,#3558,#3559,#3560,#3561,#3562,#3563,#3564,#3565,#3566,#3567,#3568,
#3569,#3570,#3571,#3572,#3573,#3574,#3575,#3576,#3577,#3578,#3579,#3580,#3581,
#3582,#3583,#3584,#3585,#3586,#3587,#3588,#3589,#3590,#3591,#3592,#3593,#3594,
#3595,#3596,#3597,#3598,#3599,#3600,#3601,#3602,#3603,#3604,#3605,#3606,#3607,
#3608,#3609,#3610,#3611,#3612,#3613,#3614,#3615,#3616,#3617,#3618,#3619,#3620,
#3621,#3622,#3623,#3624,#3625,#3626,#3627,#3628,#3629,#3630,#3631,#3632,#3633,
#3634,#3635,#3636,#3637,#3638,#3639,#3640,#3641,#3642,#3643,#3644,#3645,#3646,
#3647,#3648,#3649,#3650,#3651,#3652,#3653,#3654,#3655,#3656,#3657));
#1890=EDGE_LOOP('',(#3658,#3659,#3660,#3661));
#1891=EDGE_LOOP('',(#3662,#3663,#3664,#3665));
#1892=EDGE_LOOP('',(#3666,#3667,#3668,#3669));
#1893=EDGE_LOOP('',(#3670,#3671,#3672,#3673));
#1894=EDGE_LOOP('',(#3674,#3675,#3676,#3677));
#1895=EDGE_LOOP('',(#3678,#3679,#3680,#3681));
#1896=EDGE_LOOP('',(#3682,#3683,#3684,#3685));
#1897=EDGE_LOOP('',(#3686,#3687,#3688,#3689));
#1898=EDGE_LOOP('',(#3690,#3691,#3692,#3693));
#1899=EDGE_LOOP('',(#3694,#3695,#3696,#3697));
#1900=EDGE_LOOP('',(#3698,#3699,#3700,#3701));
#1901=EDGE_LOOP('',(#3702,#3703,#3704,#3705));
#1902=EDGE_LOOP('',(#3706,#3707,#3708,#3709));
#1903=EDGE_LOOP('',(#3710,#3711,#3712,#3713));
#1904=EDGE_LOOP('',(#3714,#3715,#3716,#3717));
#1905=EDGE_LOOP('',(#3718,#3719,#3720,#3721));
#1906=EDGE_LOOP('',(#3722,#3723,#3724,#3725));
#1907=EDGE_LOOP('',(#3726,#3727,#3728,#3729,#3730,#3731,#3732,#3733,#3734,
#3735,#3736,#3737,#3738,#3739,#3740,#3741,#3742,#3743,#3744,#3745,#3746));
#1908=EDGE_LOOP('',(#3747,#3748,#3749,#3750,#3751,#3752,#3753,#3754,#3755,
#3756,#3757,#3758,#3759,#3760,#3761,#3762,#3763,#3764,#3765));
#1909=EDGE_LOOP('',(#3766,#3767,#3768,#3769));
#1910=EDGE_LOOP('',(#3770,#3771,#3772,#3773));
#1911=EDGE_LOOP('',(#3774,#3775,#3776));
#1912=EDGE_LOOP('',(#3777,#3778,#3779,#3780));
#1913=EDGE_LOOP('',(#3781,#3782,#3783,#3784));
#1914=EDGE_LOOP('',(#3785,#3786,#3787));
#1915=EDGE_LOOP('',(#3788,#3789,#3790,#3791));
#1916=EDGE_LOOP('',(#3792,#3793,#3794,#3795));
#1917=EDGE_LOOP('',(#3796,#3797,#3798,#3799));
#1918=EDGE_LOOP('',(#3800,#3801,#3802,#3803));
#1919=EDGE_LOOP('',(#3804,#3805,#3806,#3807));
#1920=EDGE_LOOP('',(#3808,#3809,#3810,#3811));
#1921=EDGE_LOOP('',(#3812,#3813,#3814,#3815));
#1922=EDGE_LOOP('',(#3816,#3817,#3818,#3819));
#1923=EDGE_LOOP('',(#3820,#3821,#3822,#3823));
#1924=EDGE_LOOP('',(#3824,#3825,#3826,#3827));
#1925=EDGE_LOOP('',(#3828,#3829,#3830));
#1926=EDGE_LOOP('',(#3831,#3832,#3833,#3834));
#1927=EDGE_LOOP('',(#3835,#3836,#3837,#3838));
#1928=EDGE_LOOP('',(#3839,#3840,#3841,#3842));
#1929=EDGE_LOOP('',(#3843,#3844,#3845,#3846));
#1930=EDGE_LOOP('',(#3847,#3848,#3849,#3850));
#1931=EDGE_LOOP('',(#3851,#3852,#3853,#3854));
#1932=EDGE_LOOP('',(#3855,#3856,#3857,#3858));
#1933=EDGE_LOOP('',(#3859,#3860,#3861,#3862));
#1934=EDGE_LOOP('',(#3863,#3864,#3865,#3866));
#1935=EDGE_LOOP('',(#3867,#3868,#3869,#3870));
#1936=EDGE_LOOP('',(#3871,#3872,#3873));
#1937=EDGE_LOOP('',(#3874,#3875,#3876,#3877));
#1938=EDGE_LOOP('',(#3878,#3879,#3880,#3881));
#1939=EDGE_LOOP('',(#3882,#3883,#3884,#3885));
#1940=EDGE_LOOP('',(#3886,#3887,#3888,#3889));
#1941=EDGE_LOOP('',(#3890,#3891,#3892,#3893));
#1942=EDGE_LOOP('',(#3894,#3895,#3896,#3897));
#1943=EDGE_LOOP('',(#3898,#3899,#3900,#3901));
#1944=EDGE_LOOP('',(#3902,#3903,#3904,#3905));
#1945=EDGE_LOOP('',(#3906,#3907,#3908,#3909));
#1946=EDGE_LOOP('',(#3910,#3911,#3912,#3913));
#1947=EDGE_LOOP('',(#3914,#3915,#3916,#3917));
#1948=EDGE_LOOP('',(#3918,#3919,#3920,#3921));
#1949=EDGE_LOOP('',(#3922,#3923,#3924,#3925));
#1950=EDGE_LOOP('',(#3926,#3927,#3928,#3929));
#1951=EDGE_LOOP('',(#3930,#3931,#3932,#3933));
#1952=EDGE_LOOP('',(#3934,#3935,#3936,#3937));
#1953=EDGE_LOOP('',(#3938,#3939,#3940,#3941));
#1954=EDGE_LOOP('',(#3942,#3943,#3944));
#1955=EDGE_LOOP('',(#3945,#3946,#3947,#3948));
#1956=EDGE_LOOP('',(#3949,#3950,#3951,#3952));
#1957=EDGE_LOOP('',(#3953,#3954,#3955,#3956));
#1958=EDGE_LOOP('',(#3957,#3958,#3959,#3960));
#1959=EDGE_LOOP('',(#3961,#3962,#3963,#3964));
#1960=EDGE_LOOP('',(#3965,#3966,#3967,#3968));
#1961=EDGE_LOOP('',(#3969,#3970,#3971,#3972));
#1962=EDGE_LOOP('',(#3973,#3974,#3975,#3976));
#1963=EDGE_LOOP('',(#3977,#3978,#3979,#3980));
#1964=EDGE_LOOP('',(#3981,#3982,#3983,#3984));
#1965=EDGE_LOOP('',(#3985,#3986,#3987));
#1966=EDGE_LOOP('',(#3988,#3989,#3990,#3991));
#1967=EDGE_LOOP('',(#3992,#3993,#3994,#3995));
#1968=EDGE_LOOP('',(#3996,#3997,#3998,#3999));
#1969=EDGE_LOOP('',(#4000,#4001,#4002,#4003));
#1970=EDGE_LOOP('',(#4004,#4005,#4006,#4007));
#1971=EDGE_LOOP('',(#4008,#4009,#4010,#4011));
#1972=EDGE_LOOP('',(#4012,#4013,#4014));
#1973=EDGE_LOOP('',(#4015,#4016,#4017,#4018));
#1974=EDGE_LOOP('',(#4019,#4020,#4021,#4022));
#1975=EDGE_LOOP('',(#4023,#4024,#4025,#4026));
#1976=EDGE_LOOP('',(#4027,#4028,#4029,#4030));
#1977=EDGE_LOOP('',(#4031,#4032,#4033,#4034));
#1978=EDGE_LOOP('',(#4035,#4036,#4037,#4038));
#1979=EDGE_LOOP('',(#4039,#4040,#4041));
#1980=EDGE_LOOP('',(#4042,#4043,#4044,#4045));
#1981=EDGE_LOOP('',(#4046,#4047,#4048,#4049));
#1982=EDGE_LOOP('',(#4050,#4051,#4052,#4053));
#1983=EDGE_LOOP('',(#4054,#4055,#4056,#4057));
#1984=EDGE_LOOP('',(#4058,#4059,#4060,#4061));
#1985=EDGE_LOOP('',(#4062,#4063,#4064,#4065));
#1986=EDGE_LOOP('',(#4066,#4067,#4068,#4069));
#1987=EDGE_LOOP('',(#4070,#4071,#4072,#4073));
#1988=EDGE_LOOP('',(#4074,#4075,#4076,#4077));
#1989=EDGE_LOOP('',(#4078,#4079,#4080,#4081));
#1990=EDGE_LOOP('',(#4082,#4083,#4084));
#1991=EDGE_LOOP('',(#4085,#4086,#4087,#4088));
#1992=EDGE_LOOP('',(#4089,#4090,#4091,#4092));
#1993=EDGE_LOOP('',(#4093,#4094,#4095,#4096));
#1994=EDGE_LOOP('',(#4097,#4098,#4099,#4100));
#1995=EDGE_LOOP('',(#4101,#4102,#4103,#4104));
#1996=EDGE_LOOP('',(#4105,#4106,#4107,#4108));
#1997=EDGE_LOOP('',(#4109,#4110,#4111,#4112));
#1998=EDGE_LOOP('',(#4113,#4114,#4115,#4116));
#1999=EDGE_LOOP('',(#4117,#4118,#4119,#4120));
#2000=EDGE_LOOP('',(#4121,#4122,#4123,#4124));
#2001=EDGE_LOOP('',(#4125,#4126,#4127,#4128));
#2002=EDGE_LOOP('',(#4129,#4130,#4131,#4132));
#2003=EDGE_LOOP('',(#4133,#4134,#4135,#4136));
#2004=EDGE_LOOP('',(#4137,#4138,#4139,#4140));
#2005=EDGE_LOOP('',(#4141,#4142,#4143,#4144));
#2006=EDGE_LOOP('',(#4145,#4146,#4147,#4148));
#2007=EDGE_LOOP('',(#4149,#4150,#4151,#4152));
#2008=EDGE_LOOP('',(#4153,#4154,#4155,#4156));
#2009=EDGE_LOOP('',(#4157,#4158,#4159));
#2010=EDGE_LOOP('',(#4160,#4161,#4162,#4163));
#2011=EDGE_LOOP('',(#4164,#4165,#4166,#4167));
#2012=EDGE_LOOP('',(#4168,#4169,#4170,#4171));
#2013=EDGE_LOOP('',(#4172,#4173,#4174,#4175));
#2014=EDGE_LOOP('',(#4176,#4177,#4178,#4179));
#2015=EDGE_LOOP('',(#4180,#4181,#4182,#4183));
#2016=EDGE_LOOP('',(#4184,#4185,#4186));
#2017=EDGE_LOOP('',(#4187,#4188,#4189,#4190));
#2018=EDGE_LOOP('',(#4191,#4192,#4193,#4194));
#2019=EDGE_LOOP('',(#4195,#4196,#4197,#4198));
#2020=EDGE_LOOP('',(#4199,#4200,#4201,#4202));
#2021=EDGE_LOOP('',(#4203,#4204,#4205,#4206));
#2022=EDGE_LOOP('',(#4207,#4208,#4209,#4210));
#2023=EDGE_LOOP('',(#4211,#4212,#4213,#4214));
#2024=EDGE_LOOP('',(#4215,#4216,#4217,#4218));
#2025=EDGE_LOOP('',(#4219,#4220,#4221,#4222));
#2026=EDGE_LOOP('',(#4223,#4224,#4225,#4226));
#2027=EDGE_LOOP('',(#4227,#4228,#4229));
#2028=EDGE_LOOP('',(#4230,#4231,#4232,#4233));
#2029=EDGE_LOOP('',(#4234,#4235,#4236,#4237));
#2030=EDGE_LOOP('',(#4238,#4239,#4240,#4241));
#2031=EDGE_LOOP('',(#4242,#4243,#4244,#4245));
#2032=EDGE_LOOP('',(#4246,#4247,#4248,#4249));
#2033=EDGE_LOOP('',(#4250,#4251,#4252,#4253));
#2034=EDGE_LOOP('',(#4254,#4255,#4256,#4257));
#2035=EDGE_LOOP('',(#4258,#4259,#4260,#4261));
#2036=EDGE_LOOP('',(#4262,#4263,#4264,#4265));
#2037=EDGE_LOOP('',(#4266,#4267,#4268,#4269));
#2038=EDGE_LOOP('',(#4270,#4271,#4272));
#2039=EDGE_LOOP('',(#4273,#4274,#4275,#4276));
#2040=EDGE_LOOP('',(#4277,#4278,#4279,#4280));
#2041=EDGE_LOOP('',(#4281,#4282,#4283,#4284));
#2042=EDGE_LOOP('',(#4285,#4286,#4287,#4288));
#2043=EDGE_LOOP('',(#4289,#4290,#4291,#4292));
#2044=EDGE_LOOP('',(#4293,#4294,#4295,#4296));
#2045=EDGE_LOOP('',(#4297,#4298,#4299,#4300));
#2046=EDGE_LOOP('',(#4301,#4302,#4303,#4304));
#2047=EDGE_LOOP('',(#4305,#4306,#4307,#4308));
#2048=EDGE_LOOP('',(#4309,#4310,#4311,#4312));
#2049=EDGE_LOOP('',(#4313,#4314,#4315));
#2050=EDGE_LOOP('',(#4316,#4317,#4318,#4319));
#2051=EDGE_LOOP('',(#4320,#4321,#4322,#4323));
#2052=EDGE_LOOP('',(#4324,#4325,#4326,#4327));
#2053=EDGE_LOOP('',(#4328,#4329,#4330,#4331));
#2054=EDGE_LOOP('',(#4332,#4333,#4334,#4335));
#2055=EDGE_LOOP('',(#4336,#4337,#4338,#4339));
#2056=EDGE_LOOP('',(#4340,#4341,#4342,#4343));
#2057=EDGE_LOOP('',(#4344,#4345,#4346,#4347));
#2058=EDGE_LOOP('',(#4348,#4349,#4350,#4351));
#2059=EDGE_LOOP('',(#4352,#4353,#4354,#4355));
#2060=EDGE_LOOP('',(#4356,#4357,#4358));
#2061=EDGE_LOOP('',(#4359,#4360,#4361,#4362));
#2062=EDGE_LOOP('',(#4363,#4364,#4365,#4366));
#2063=EDGE_LOOP('',(#4367,#4368,#4369,#4370));
#2064=EDGE_LOOP('',(#4371,#4372,#4373,#4374));
#2065=EDGE_LOOP('',(#4375,#4376,#4377,#4378));
#2066=EDGE_LOOP('',(#4379,#4380,#4381,#4382));
#2067=EDGE_LOOP('',(#4383,#4384,#4385,#4386));
#2068=EDGE_LOOP('',(#4387,#4388,#4389,#4390));
#2069=EDGE_LOOP('',(#4391,#4392,#4393,#4394));
#2070=EDGE_LOOP('',(#4395,#4396,#4397,#4398));
#2071=EDGE_LOOP('',(#4399,#4400,#4401));
#2072=EDGE_LOOP('',(#4402,#4403,#4404,#4405));
#2073=EDGE_LOOP('',(#4406,#4407,#4408,#4409));
#2074=EDGE_LOOP('',(#4410,#4411,#4412,#4413));
#2075=EDGE_LOOP('',(#4414,#4415,#4416,#4417));
#2076=EDGE_LOOP('',(#4418,#4419,#4420,#4421));
#2077=EDGE_LOOP('',(#4422,#4423,#4424,#4425));
#2078=EDGE_LOOP('',(#4426,#4427,#4428,#4429));
#2079=EDGE_LOOP('',(#4430,#4431,#4432,#4433));
#2080=EDGE_LOOP('',(#4434,#4435,#4436,#4437));
#2081=EDGE_LOOP('',(#4438,#4439,#4440,#4441));
#2082=EDGE_LOOP('',(#4442,#4443,#4444));
#2083=EDGE_LOOP('',(#4445,#4446,#4447,#4448));
#2084=EDGE_LOOP('',(#4449,#4450,#4451,#4452));
#2085=EDGE_LOOP('',(#4453,#4454,#4455,#4456));
#2086=EDGE_LOOP('',(#4457,#4458,#4459,#4460));
#2087=EDGE_LOOP('',(#4461,#4462,#4463,#4464));
#2088=EDGE_LOOP('',(#4465,#4466,#4467,#4468));
#2089=EDGE_LOOP('',(#4469,#4470,#4471,#4472));
#2090=EDGE_LOOP('',(#4473,#4474,#4475,#4476));
#2091=EDGE_LOOP('',(#4477,#4478,#4479,#4480));
#2092=EDGE_LOOP('',(#4481,#4482,#4483,#4484));
#2093=EDGE_LOOP('',(#4485,#4486,#4487));
#2094=EDGE_LOOP('',(#4488,#4489,#4490,#4491));
#2095=EDGE_LOOP('',(#4492,#4493,#4494,#4495));
#2096=EDGE_LOOP('',(#4496,#4497,#4498,#4499));
#2097=EDGE_LOOP('',(#4500,#4501,#4502,#4503));
#2098=EDGE_LOOP('',(#4504,#4505,#4506,#4507));
#2099=EDGE_LOOP('',(#4508,#4509,#4510,#4511));
#2100=EDGE_LOOP('',(#4512,#4513,#4514,#4515));
#2101=EDGE_LOOP('',(#4516,#4517,#4518,#4519));
#2102=EDGE_LOOP('',(#4520,#4521,#4522,#4523));
#2103=EDGE_LOOP('',(#4524,#4525,#4526,#4527));
#2104=EDGE_LOOP('',(#4528,#4529,#4530));
#2105=EDGE_LOOP('',(#4531,#4532,#4533,#4534));
#2106=EDGE_LOOP('',(#4535,#4536,#4537,#4538));
#2107=EDGE_LOOP('',(#4539,#4540,#4541,#4542));
#2108=EDGE_LOOP('',(#4543,#4544,#4545,#4546));
#2109=EDGE_LOOP('',(#4547,#4548,#4549,#4550));
#2110=EDGE_LOOP('',(#4551,#4552,#4553,#4554));
#2111=EDGE_LOOP('',(#4555,#4556,#4557,#4558));
#2112=EDGE_LOOP('',(#4559,#4560,#4561,#4562));
#2113=EDGE_LOOP('',(#4563,#4564,#4565,#4566));
#2114=EDGE_LOOP('',(#4567,#4568,#4569,#4570));
#2115=EDGE_LOOP('',(#4571,#4572,#4573));
#2116=EDGE_LOOP('',(#4574,#4575,#4576,#4577));
#2117=EDGE_LOOP('',(#4578,#4579,#4580,#4581));
#2118=EDGE_LOOP('',(#4582,#4583,#4584,#4585));
#2119=EDGE_LOOP('',(#4586,#4587,#4588,#4589));
#2120=EDGE_LOOP('',(#4590,#4591,#4592,#4593));
#2121=EDGE_LOOP('',(#4594,#4595,#4596,#4597));
#2122=EDGE_LOOP('',(#4598,#4599,#4600,#4601));
#2123=EDGE_LOOP('',(#4602,#4603,#4604,#4605));
#2124=EDGE_LOOP('',(#4606,#4607,#4608,#4609));
#2125=EDGE_LOOP('',(#4610,#4611,#4612,#4613));
#2126=EDGE_LOOP('',(#4614,#4615,#4616));
#2127=EDGE_LOOP('',(#4617,#4618,#4619,#4620));
#2128=EDGE_LOOP('',(#4621,#4622,#4623,#4624));
#2129=EDGE_LOOP('',(#4625,#4626,#4627,#4628));
#2130=EDGE_LOOP('',(#4629,#4630,#4631,#4632));
#2131=EDGE_LOOP('',(#4633,#4634,#4635,#4636));
#2132=EDGE_LOOP('',(#4637,#4638,#4639,#4640));
#2133=EDGE_LOOP('',(#4641,#4642,#4643,#4644));
#2134=EDGE_LOOP('',(#4645,#4646,#4647,#4648));
#2135=EDGE_LOOP('',(#4649,#4650,#4651,#4652));
#2136=EDGE_LOOP('',(#4653,#4654,#4655,#4656));
#2137=EDGE_LOOP('',(#4657,#4658,#4659));
#2138=EDGE_LOOP('',(#4660,#4661,#4662,#4663));
#2139=EDGE_LOOP('',(#4664,#4665,#4666,#4667));
#2140=EDGE_LOOP('',(#4668,#4669,#4670,#4671));
#2141=EDGE_LOOP('',(#4672,#4673,#4674,#4675));
#2142=EDGE_LOOP('',(#4676,#4677,#4678,#4679));
#2143=EDGE_LOOP('',(#4680,#4681,#4682,#4683));
#2144=EDGE_LOOP('',(#4684,#4685,#4686,#4687));
#2145=EDGE_LOOP('',(#4688,#4689,#4690,#4691));
#2146=EDGE_LOOP('',(#4692,#4693,#4694,#4695));
#2147=EDGE_LOOP('',(#4696,#4697,#4698,#4699));
#2148=EDGE_LOOP('',(#4700,#4701,#4702));
#2149=EDGE_LOOP('',(#4703,#4704,#4705,#4706));
#2150=EDGE_LOOP('',(#4707,#4708,#4709,#4710));
#2151=EDGE_LOOP('',(#4711,#4712,#4713,#4714));
#2152=EDGE_LOOP('',(#4715,#4716,#4717,#4718));
#2153=EDGE_LOOP('',(#4719,#4720,#4721,#4722));
#2154=EDGE_LOOP('',(#4723,#4724,#4725,#4726));
#2155=EDGE_LOOP('',(#4727,#4728,#4729,#4730));
#2156=EDGE_LOOP('',(#4731,#4732,#4733,#4734));
#2157=EDGE_LOOP('',(#4735,#4736,#4737,#4738));
#2158=EDGE_LOOP('',(#4739,#4740,#4741,#4742));
#2159=EDGE_LOOP('',(#4743,#4744,#4745));
#2160=EDGE_LOOP('',(#4746,#4747,#4748,#4749));
#2161=EDGE_LOOP('',(#4750,#4751,#4752,#4753));
#2162=EDGE_LOOP('',(#4754,#4755,#4756,#4757));
#2163=EDGE_LOOP('',(#4758,#4759,#4760,#4761));
#2164=EDGE_LOOP('',(#4762,#4763,#4764,#4765));
#2165=EDGE_LOOP('',(#4766,#4767,#4768,#4769));
#2166=EDGE_LOOP('',(#4770,#4771,#4772,#4773));
#2167=EDGE_LOOP('',(#4774,#4775,#4776,#4777));
#2168=EDGE_LOOP('',(#4778,#4779,#4780,#4781));
#2169=EDGE_LOOP('',(#4782,#4783,#4784,#4785));
#2170=EDGE_LOOP('',(#4786,#4787,#4788));
#2171=EDGE_LOOP('',(#4789,#4790,#4791,#4792));
#2172=EDGE_LOOP('',(#4793,#4794,#4795,#4796));
#2173=EDGE_LOOP('',(#4797,#4798,#4799,#4800));
#2174=EDGE_LOOP('',(#4801,#4802,#4803,#4804));
#2175=EDGE_LOOP('',(#4805,#4806,#4807,#4808));
#2176=EDGE_LOOP('',(#4809,#4810,#4811,#4812));
#2177=EDGE_LOOP('',(#4813,#4814,#4815,#4816));
#2178=EDGE_LOOP('',(#4817,#4818,#4819,#4820));
#2179=EDGE_LOOP('',(#4821,#4822,#4823,#4824));
#2180=EDGE_LOOP('',(#4825,#4826,#4827,#4828));
#2181=EDGE_LOOP('',(#4829,#4830,#4831));
#2182=EDGE_LOOP('',(#4832,#4833,#4834,#4835));
#2183=EDGE_LOOP('',(#4836,#4837,#4838,#4839));
#2184=EDGE_LOOP('',(#4840,#4841,#4842,#4843));
#2185=EDGE_LOOP('',(#4844,#4845,#4846,#4847));
#2186=EDGE_LOOP('',(#4848,#4849,#4850,#4851));
#2187=EDGE_LOOP('',(#4852,#4853,#4854,#4855));
#2188=EDGE_LOOP('',(#4856,#4857,#4858,#4859));
#2189=EDGE_LOOP('',(#4860,#4861,#4862,#4863));
#2190=EDGE_LOOP('',(#4864,#4865,#4866,#4867));
#2191=EDGE_LOOP('',(#4868,#4869,#4870,#4871));
#2192=EDGE_LOOP('',(#4872,#4873,#4874));
#2193=EDGE_LOOP('',(#4875,#4876,#4877,#4878));
#2194=EDGE_LOOP('',(#4879,#4880,#4881,#4882));
#2195=EDGE_LOOP('',(#4883,#4884,#4885,#4886));
#2196=EDGE_LOOP('',(#4887,#4888,#4889,#4890));
#2197=EDGE_LOOP('',(#4891,#4892,#4893,#4894));
#2198=EDGE_LOOP('',(#4895,#4896,#4897,#4898));
#2199=EDGE_LOOP('',(#4899,#4900,#4901,#4902));
#2200=EDGE_LOOP('',(#4903,#4904,#4905,#4906));
#2201=EDGE_LOOP('',(#4907,#4908,#4909,#4910));
#2202=EDGE_LOOP('',(#4911,#4912,#4913,#4914));
#2203=EDGE_LOOP('',(#4915,#4916,#4917));
#2204=EDGE_LOOP('',(#4918,#4919,#4920,#4921));
#2205=EDGE_LOOP('',(#4922,#4923,#4924,#4925));
#2206=EDGE_LOOP('',(#4926,#4927,#4928,#4929));
#2207=EDGE_LOOP('',(#4930,#4931,#4932,#4933));
#2208=EDGE_LOOP('',(#4934,#4935,#4936,#4937));
#2209=EDGE_LOOP('',(#4938,#4939,#4940,#4941));
#2210=EDGE_LOOP('',(#4942,#4943,#4944,#4945));
#2211=EDGE_LOOP('',(#4946,#4947,#4948,#4949));
#2212=EDGE_LOOP('',(#4950,#4951,#4952,#4953));
#2213=EDGE_LOOP('',(#4954,#4955,#4956,#4957));
#2214=EDGE_LOOP('',(#4958,#4959,#4960));
#2215=EDGE_LOOP('',(#4961,#4962,#4963,#4964));
#2216=EDGE_LOOP('',(#4965,#4966,#4967,#4968));
#2217=EDGE_LOOP('',(#4969,#4970,#4971,#4972));
#2218=EDGE_LOOP('',(#4973,#4974,#4975,#4976));
#2219=EDGE_LOOP('',(#4977,#4978,#4979,#4980));
#2220=EDGE_LOOP('',(#4981,#4982,#4983,#4984));
#2221=EDGE_LOOP('',(#4985,#4986,#4987,#4988));
#2222=EDGE_LOOP('',(#4989,#4990,#4991,#4992));
#2223=EDGE_LOOP('',(#4993,#4994,#4995,#4996));
#2224=EDGE_LOOP('',(#4997,#4998,#4999,#5000));
#2225=EDGE_LOOP('',(#5001,#5002,#5003));
#2226=EDGE_LOOP('',(#5004,#5005,#5006,#5007));
#2227=EDGE_LOOP('',(#5008,#5009,#5010,#5011));
#2228=EDGE_LOOP('',(#5012,#5013,#5014,#5015));
#2229=EDGE_LOOP('',(#5016,#5017,#5018,#5019));
#2230=EDGE_LOOP('',(#5020,#5021,#5022,#5023));
#2231=EDGE_LOOP('',(#5024,#5025,#5026,#5027));
#2232=EDGE_LOOP('',(#5028,#5029,#5030,#5031));
#2233=EDGE_LOOP('',(#5032,#5033,#5034,#5035));
#2234=EDGE_LOOP('',(#5036,#5037,#5038,#5039));
#2235=EDGE_LOOP('',(#5040,#5041,#5042,#5043));
#2236=EDGE_LOOP('',(#5044,#5045,#5046));
#2237=EDGE_LOOP('',(#5047,#5048,#5049,#5050));
#2238=EDGE_LOOP('',(#5051,#5052,#5053,#5054));
#2239=EDGE_LOOP('',(#5055,#5056,#5057,#5058));
#2240=EDGE_LOOP('',(#5059,#5060,#5061,#5062));
#2241=EDGE_LOOP('',(#5063,#5064,#5065,#5066));
#2242=EDGE_LOOP('',(#5067,#5068,#5069,#5070));
#2243=EDGE_LOOP('',(#5071,#5072,#5073,#5074));
#2244=EDGE_LOOP('',(#5075,#5076,#5077,#5078));
#2245=EDGE_LOOP('',(#5079,#5080,#5081,#5082));
#2246=EDGE_LOOP('',(#5083,#5084,#5085,#5086));
#2247=EDGE_LOOP('',(#5087,#5088,#5089));
#2248=EDGE_LOOP('',(#5090,#5091,#5092,#5093));
#2249=EDGE_LOOP('',(#5094,#5095,#5096,#5097));
#2250=EDGE_LOOP('',(#5098,#5099,#5100,#5101));
#2251=EDGE_LOOP('',(#5102,#5103,#5104,#5105));
#2252=EDGE_LOOP('',(#5106,#5107,#5108,#5109));
#2253=EDGE_LOOP('',(#5110,#5111,#5112,#5113));
#2254=EDGE_LOOP('',(#5114,#5115,#5116,#5117));
#2255=EDGE_LOOP('',(#5118,#5119,#5120,#5121));
#2256=EDGE_LOOP('',(#5122,#5123,#5124,#5125));
#2257=EDGE_LOOP('',(#5126,#5127,#5128,#5129));
#2258=EDGE_LOOP('',(#5130,#5131,#5132));
#2259=EDGE_LOOP('',(#5133,#5134,#5135,#5136));
#2260=EDGE_LOOP('',(#5137,#5138,#5139,#5140));
#2261=EDGE_LOOP('',(#5141,#5142,#5143,#5144));
#2262=EDGE_LOOP('',(#5145,#5146,#5147,#5148));
#2263=EDGE_LOOP('',(#5149,#5150,#5151,#5152));
#2264=EDGE_LOOP('',(#5153,#5154,#5155,#5156));
#2265=EDGE_LOOP('',(#5157,#5158,#5159,#5160));
#2266=EDGE_LOOP('',(#5161,#5162,#5163,#5164));
#2267=EDGE_LOOP('',(#5165,#5166,#5167,#5168));
#2268=EDGE_LOOP('',(#5169,#5170,#5171,#5172));
#2269=EDGE_LOOP('',(#5173,#5174,#5175));
#2270=EDGE_LOOP('',(#5176,#5177,#5178,#5179));
#2271=EDGE_LOOP('',(#5180,#5181,#5182,#5183));
#2272=EDGE_LOOP('',(#5184,#5185,#5186,#5187));
#2273=EDGE_LOOP('',(#5188,#5189,#5190,#5191));
#2274=EDGE_LOOP('',(#5192,#5193,#5194,#5195));
#2275=EDGE_LOOP('',(#5196,#5197,#5198,#5199));
#2276=EDGE_LOOP('',(#5200,#5201,#5202,#5203));
#2277=EDGE_LOOP('',(#5204,#5205,#5206,#5207));
#2278=EDGE_LOOP('',(#5208,#5209,#5210,#5211));
#2279=EDGE_LOOP('',(#5212,#5213,#5214,#5215));
#2280=EDGE_LOOP('',(#5216,#5217,#5218));
#2281=EDGE_LOOP('',(#5219,#5220,#5221,#5222));
#2282=EDGE_LOOP('',(#5223,#5224,#5225,#5226));
#2283=EDGE_LOOP('',(#5227,#5228,#5229,#5230));
#2284=EDGE_LOOP('',(#5231,#5232,#5233,#5234));
#2285=EDGE_LOOP('',(#5235,#5236,#5237,#5238));
#2286=EDGE_LOOP('',(#5239,#5240,#5241,#5242));
#2287=EDGE_LOOP('',(#5243,#5244,#5245,#5246));
#2288=EDGE_LOOP('',(#5247,#5248,#5249,#5250));
#2289=EDGE_LOOP('',(#5251,#5252,#5253,#5254));
#2290=EDGE_LOOP('',(#5255,#5256,#5257,#5258));
#2291=EDGE_LOOP('',(#5259,#5260,#5261));
#2292=EDGE_LOOP('',(#5262,#5263,#5264,#5265));
#2293=EDGE_LOOP('',(#5266,#5267,#5268,#5269));
#2294=EDGE_LOOP('',(#5270,#5271,#5272,#5273));
#2295=EDGE_LOOP('',(#5274,#5275,#5276,#5277));
#2296=EDGE_LOOP('',(#5278,#5279,#5280,#5281));
#2297=EDGE_LOOP('',(#5282,#5283,#5284,#5285));
#2298=EDGE_LOOP('',(#5286,#5287,#5288,#5289));
#2299=EDGE_LOOP('',(#5290,#5291,#5292,#5293));
#2300=EDGE_LOOP('',(#5294,#5295,#5296,#5297));
#2301=EDGE_LOOP('',(#5298,#5299,#5300,#5301));
#2302=EDGE_LOOP('',(#5302,#5303,#5304));
#2303=EDGE_LOOP('',(#5305,#5306,#5307,#5308));
#2304=EDGE_LOOP('',(#5309,#5310,#5311,#5312));
#2305=EDGE_LOOP('',(#5313,#5314,#5315,#5316));
#2306=EDGE_LOOP('',(#5317,#5318,#5319,#5320));
#2307=EDGE_LOOP('',(#5321,#5322,#5323,#5324));
#2308=EDGE_LOOP('',(#5325,#5326,#5327,#5328));
#2309=EDGE_LOOP('',(#5329,#5330,#5331,#5332));
#2310=EDGE_LOOP('',(#5333,#5334,#5335,#5336));
#2311=EDGE_LOOP('',(#5337,#5338,#5339,#5340));
#2312=EDGE_LOOP('',(#5341,#5342,#5343,#5344));
#2313=EDGE_LOOP('',(#5345,#5346,#5347));
#2314=EDGE_LOOP('',(#5348,#5349,#5350,#5351));
#2315=EDGE_LOOP('',(#5352,#5353,#5354,#5355));
#2316=EDGE_LOOP('',(#5356,#5357,#5358,#5359));
#2317=EDGE_LOOP('',(#5360,#5361,#5362,#5363));
#2318=EDGE_LOOP('',(#5364,#5365,#5366,#5367));
#2319=EDGE_LOOP('',(#5368,#5369,#5370,#5371));
#2320=EDGE_LOOP('',(#5372,#5373,#5374,#5375));
#2321=EDGE_LOOP('',(#5376,#5377,#5378,#5379));
#2322=EDGE_LOOP('',(#5380,#5381,#5382,#5383));
#2323=EDGE_LOOP('',(#5384,#5385,#5386,#5387));
#2324=EDGE_LOOP('',(#5388,#5389,#5390));
#2325=EDGE_LOOP('',(#5391,#5392,#5393,#5394));
#2326=EDGE_LOOP('',(#5395,#5396,#5397,#5398));
#2327=EDGE_LOOP('',(#5399,#5400,#5401,#5402));
#2328=EDGE_LOOP('',(#5403,#5404,#5405,#5406));
#2329=EDGE_LOOP('',(#5407,#5408,#5409,#5410));
#2330=EDGE_LOOP('',(#5411,#5412,#5413,#5414));
#2331=EDGE_LOOP('',(#5415,#5416,#5417,#5418));
#2332=EDGE_LOOP('',(#5419,#5420,#5421,#5422));
#2333=EDGE_LOOP('',(#5423,#5424,#5425,#5426));
#2334=EDGE_LOOP('',(#5427,#5428,#5429,#5430));
#2335=EDGE_LOOP('',(#5431,#5432,#5433));
#2336=EDGE_LOOP('',(#5434,#5435,#5436,#5437));
#2337=EDGE_LOOP('',(#5438,#5439,#5440,#5441));
#2338=EDGE_LOOP('',(#5442,#5443,#5444,#5445));
#2339=EDGE_LOOP('',(#5446,#5447,#5448,#5449));
#2340=EDGE_LOOP('',(#5450,#5451,#5452,#5453));
#2341=EDGE_LOOP('',(#5454,#5455,#5456,#5457));
#2342=EDGE_LOOP('',(#5458,#5459,#5460,#5461));
#2343=EDGE_LOOP('',(#5462,#5463,#5464,#5465));
#2344=EDGE_LOOP('',(#5466,#5467,#5468,#5469));
#2345=EDGE_LOOP('',(#5470,#5471,#5472,#5473));
#2346=EDGE_LOOP('',(#5474,#5475,#5476));
#2347=EDGE_LOOP('',(#5477,#5478,#5479,#5480));
#2348=EDGE_LOOP('',(#5481,#5482,#5483,#5484));
#2349=EDGE_LOOP('',(#5485,#5486,#5487,#5488));
#2350=EDGE_LOOP('',(#5489,#5490,#5491,#5492));
#2351=EDGE_LOOP('',(#5493,#5494,#5495,#5496));
#2352=EDGE_LOOP('',(#5497,#5498,#5499,#5500));
#2353=EDGE_LOOP('',(#5501,#5502,#5503,#5504));
#2354=EDGE_LOOP('',(#5505,#5506,#5507,#5508));
#2355=EDGE_LOOP('',(#5509,#5510,#5511,#5512));
#2356=EDGE_LOOP('',(#5513,#5514,#5515,#5516));
#2357=EDGE_LOOP('',(#5517,#5518,#5519));
#2358=EDGE_LOOP('',(#5520,#5521,#5522,#5523));
#2359=EDGE_LOOP('',(#5524,#5525,#5526,#5527));
#2360=EDGE_LOOP('',(#5528,#5529,#5530,#5531));
#2361=EDGE_LOOP('',(#5532,#5533,#5534,#5535));
#2362=EDGE_LOOP('',(#5536,#5537,#5538,#5539));
#2363=EDGE_LOOP('',(#5540,#5541,#5542,#5543));
#2364=EDGE_LOOP('',(#5544,#5545,#5546,#5547));
#2365=EDGE_LOOP('',(#5548,#5549,#5550,#5551));
#2366=EDGE_LOOP('',(#5552,#5553,#5554,#5555));
#2367=EDGE_LOOP('',(#5556,#5557,#5558,#5559));
#2368=EDGE_LOOP('',(#5560,#5561,#5562));
#2369=EDGE_LOOP('',(#5563,#5564,#5565,#5566));
#2370=EDGE_LOOP('',(#5567,#5568,#5569,#5570));
#2371=EDGE_LOOP('',(#5571,#5572,#5573,#5574));
#2372=EDGE_LOOP('',(#5575,#5576,#5577,#5578));
#2373=EDGE_LOOP('',(#5579,#5580,#5581,#5582));
#2374=EDGE_LOOP('',(#5583,#5584,#5585,#5586));
#2375=EDGE_LOOP('',(#5587,#5588,#5589,#5590));
#2376=EDGE_LOOP('',(#5591,#5592,#5593,#5594));
#2377=EDGE_LOOP('',(#5595,#5596,#5597,#5598));
#2378=EDGE_LOOP('',(#5599,#5600,#5601,#5602));
#2379=EDGE_LOOP('',(#5603,#5604,#5605));
#2380=EDGE_LOOP('',(#5606,#5607,#5608,#5609));
#2381=EDGE_LOOP('',(#5610,#5611,#5612,#5613));
#2382=EDGE_LOOP('',(#5614,#5615,#5616,#5617));
#2383=EDGE_LOOP('',(#5618,#5619,#5620,#5621));
#2384=EDGE_LOOP('',(#5622,#5623,#5624,#5625));
#2385=EDGE_LOOP('',(#5626,#5627,#5628,#5629));
#2386=EDGE_LOOP('',(#5630,#5631,#5632,#5633));
#2387=EDGE_LOOP('',(#5634,#5635,#5636,#5637));
#2388=EDGE_LOOP('',(#5638,#5639,#5640,#5641));
#2389=EDGE_LOOP('',(#5642,#5643,#5644,#5645));
#2390=EDGE_LOOP('',(#5646,#5647,#5648));
#2391=EDGE_LOOP('',(#5649,#5650,#5651,#5652));
#2392=EDGE_LOOP('',(#5653,#5654,#5655,#5656));
#2393=EDGE_LOOP('',(#5657,#5658,#5659,#5660));
#2394=EDGE_LOOP('',(#5661,#5662,#5663,#5664));
#2395=EDGE_LOOP('',(#5665,#5666,#5667,#5668));
#2396=EDGE_LOOP('',(#5669,#5670,#5671,#5672));
#2397=EDGE_LOOP('',(#5673,#5674,#5675,#5676));
#2398=EDGE_LOOP('',(#5677,#5678,#5679,#5680));
#2399=EDGE_LOOP('',(#5681,#5682,#5683,#5684));
#2400=EDGE_LOOP('',(#5685,#5686,#5687,#5688));
#2401=EDGE_LOOP('',(#5689,#5690,#5691));
#2402=EDGE_LOOP('',(#5692,#5693,#5694,#5695));
#2403=EDGE_LOOP('',(#5696,#5697,#5698,#5699));
#2404=EDGE_LOOP('',(#5700,#5701,#5702,#5703));
#2405=EDGE_LOOP('',(#5704,#5705,#5706,#5707));
#2406=EDGE_LOOP('',(#5708,#5709,#5710,#5711));
#2407=EDGE_LOOP('',(#5712,#5713,#5714,#5715));
#2408=EDGE_LOOP('',(#5716,#5717,#5718,#5719));
#2409=EDGE_LOOP('',(#5720,#5721,#5722,#5723));
#2410=EDGE_LOOP('',(#5724,#5725,#5726,#5727));
#2411=EDGE_LOOP('',(#5728,#5729,#5730,#5731));
#2412=EDGE_LOOP('',(#5732,#5733,#5734));
#2413=EDGE_LOOP('',(#5735,#5736,#5737,#5738));
#2414=EDGE_LOOP('',(#5739,#5740,#5741,#5742));
#2415=EDGE_LOOP('',(#5743,#5744,#5745,#5746));
#2416=EDGE_LOOP('',(#5747,#5748,#5749,#5750));
#2417=EDGE_LOOP('',(#5751,#5752,#5753,#5754));
#2418=EDGE_LOOP('',(#5755,#5756,#5757,#5758));
#2419=EDGE_LOOP('',(#5759,#5760,#5761,#5762));
#2420=EDGE_LOOP('',(#5763,#5764,#5765,#5766));
#2421=EDGE_LOOP('',(#5767,#5768,#5769,#5770));
#2422=EDGE_LOOP('',(#5771,#5772,#5773,#5774));
#2423=EDGE_LOOP('',(#5775,#5776,#5777));
#2424=EDGE_LOOP('',(#5778,#5779,#5780,#5781));
#2425=EDGE_LOOP('',(#5782,#5783,#5784,#5785));
#2426=EDGE_LOOP('',(#5786,#5787,#5788,#5789));
#2427=EDGE_LOOP('',(#5790,#5791,#5792,#5793));
#2428=EDGE_LOOP('',(#5794,#5795,#5796,#5797));
#2429=EDGE_LOOP('',(#5798,#5799,#5800,#5801));
#2430=EDGE_LOOP('',(#5802,#5803,#5804,#5805));
#2431=EDGE_LOOP('',(#5806,#5807,#5808,#5809));
#2432=EDGE_LOOP('',(#5810,#5811,#5812,#5813));
#2433=EDGE_LOOP('',(#5814,#5815,#5816,#5817));
#2434=EDGE_LOOP('',(#5818,#5819,#5820));
#2435=EDGE_LOOP('',(#5821,#5822,#5823,#5824));
#2436=EDGE_LOOP('',(#5825,#5826,#5827,#5828));
#2437=EDGE_LOOP('',(#5829,#5830,#5831,#5832));
#2438=EDGE_LOOP('',(#5833,#5834,#5835,#5836));
#2439=EDGE_LOOP('',(#5837,#5838,#5839,#5840));
#2440=EDGE_LOOP('',(#5841,#5842,#5843,#5844));
#2441=EDGE_LOOP('',(#5845,#5846,#5847,#5848));
#2442=EDGE_LOOP('',(#5849,#5850,#5851,#5852));
#2443=EDGE_LOOP('',(#5853,#5854,#5855,#5856));
#2444=EDGE_LOOP('',(#5857,#5858,#5859,#5860));
#2445=EDGE_LOOP('',(#5861,#5862,#5863));
#2446=EDGE_LOOP('',(#5864,#5865,#5866,#5867));
#2447=EDGE_LOOP('',(#5868,#5869,#5870,#5871));
#2448=EDGE_LOOP('',(#5872,#5873,#5874,#5875));
#2449=EDGE_LOOP('',(#5876,#5877,#5878,#5879));
#2450=EDGE_LOOP('',(#5880,#5881,#5882,#5883));
#2451=EDGE_LOOP('',(#5884,#5885,#5886,#5887));
#2452=EDGE_LOOP('',(#5888,#5889,#5890,#5891));
#2453=EDGE_LOOP('',(#5892,#5893,#5894,#5895));
#2454=EDGE_LOOP('',(#5896,#5897,#5898,#5899));
#2455=EDGE_LOOP('',(#5900,#5901,#5902,#5903));
#2456=EDGE_LOOP('',(#5904,#5905,#5906));
#2457=EDGE_LOOP('',(#5907,#5908,#5909,#5910));
#2458=EDGE_LOOP('',(#5911,#5912,#5913,#5914));
#2459=EDGE_LOOP('',(#5915,#5916,#5917,#5918));
#2460=EDGE_LOOP('',(#5919,#5920,#5921,#5922));
#2461=EDGE_LOOP('',(#5923,#5924,#5925,#5926));
#2462=EDGE_LOOP('',(#5927,#5928,#5929,#5930));
#2463=EDGE_LOOP('',(#5931,#5932,#5933,#5934));
#2464=EDGE_LOOP('',(#5935,#5936,#5937,#5938));
#2465=EDGE_LOOP('',(#5939,#5940,#5941,#5942));
#2466=EDGE_LOOP('',(#5943,#5944,#5945,#5946));
#2467=EDGE_LOOP('',(#5947,#5948,#5949,#5950));
#2468=EDGE_LOOP('',(#5951,#5952,#5953,#5954));
#2469=EDGE_LOOP('',(#5955,#5956,#5957,#5958));
#2470=EDGE_LOOP('',(#5959,#5960,#5961,#5962));
#2471=EDGE_LOOP('',(#5963,#5964,#5965,#5966));
#2472=EDGE_LOOP('',(#5967,#5968,#5969,#5970));
#2473=ORIENTED_EDGE('',*,*,#8491,.F.);
#2474=ORIENTED_EDGE('',*,*,#6775,.T.);
#2475=ORIENTED_EDGE('',*,*,#8479,.T.);
#2476=ORIENTED_EDGE('',*,*,#8478,.T.);
#2477=ORIENTED_EDGE('',*,*,#8480,.T.);
#2478=ORIENTED_EDGE('',*,*,#6776,.T.);
#2479=ORIENTED_EDGE('',*,*,#8448,.T.);
#2480=ORIENTED_EDGE('',*,*,#8447,.T.);
#2481=ORIENTED_EDGE('',*,*,#6777,.T.);
#2482=ORIENTED_EDGE('',*,*,#8467,.F.);
#2483=ORIENTED_EDGE('',*,*,#8468,.F.);
#2484=ORIENTED_EDGE('',*,*,#8469,.F.);
#2485=ORIENTED_EDGE('',*,*,#6778,.T.);
#2486=ORIENTED_EDGE('',*,*,#8457,.T.);
#2487=ORIENTED_EDGE('',*,*,#8456,.T.);
#2488=ORIENTED_EDGE('',*,*,#8458,.T.);
#2489=ORIENTED_EDGE('',*,*,#6779,.T.);
#2490=ORIENTED_EDGE('',*,*,#8418,.T.);
#2491=ORIENTED_EDGE('',*,*,#8417,.T.);
#2492=ORIENTED_EDGE('',*,*,#6780,.T.);
#2493=ORIENTED_EDGE('',*,*,#8437,.F.);
#2494=ORIENTED_EDGE('',*,*,#8438,.F.);
#2495=ORIENTED_EDGE('',*,*,#8439,.F.);
#2496=ORIENTED_EDGE('',*,*,#6781,.T.);
#2497=ORIENTED_EDGE('',*,*,#8427,.T.);
#2498=ORIENTED_EDGE('',*,*,#8426,.T.);
#2499=ORIENTED_EDGE('',*,*,#8428,.T.);
#2500=ORIENTED_EDGE('',*,*,#6782,.T.);
#2501=ORIENTED_EDGE('',*,*,#8388,.T.);
#2502=ORIENTED_EDGE('',*,*,#8387,.T.);
#2503=ORIENTED_EDGE('',*,*,#6783,.T.);
#2504=ORIENTED_EDGE('',*,*,#8407,.F.);
#2505=ORIENTED_EDGE('',*,*,#8408,.F.);
#2506=ORIENTED_EDGE('',*,*,#8409,.F.);
#2507=ORIENTED_EDGE('',*,*,#6784,.T.);
#2508=ORIENTED_EDGE('',*,*,#8397,.T.);
#2509=ORIENTED_EDGE('',*,*,#8396,.T.);
#2510=ORIENTED_EDGE('',*,*,#8398,.T.);
#2511=ORIENTED_EDGE('',*,*,#6785,.T.);
#2512=ORIENTED_EDGE('',*,*,#8358,.T.);
#2513=ORIENTED_EDGE('',*,*,#8357,.T.);
#2514=ORIENTED_EDGE('',*,*,#6786,.T.);
#2515=ORIENTED_EDGE('',*,*,#8377,.F.);
#2516=ORIENTED_EDGE('',*,*,#8378,.F.);
#2517=ORIENTED_EDGE('',*,*,#8379,.F.);
#2518=ORIENTED_EDGE('',*,*,#6787,.T.);
#2519=ORIENTED_EDGE('',*,*,#8367,.T.);
#2520=ORIENTED_EDGE('',*,*,#8366,.T.);
#2521=ORIENTED_EDGE('',*,*,#8368,.T.);
#2522=ORIENTED_EDGE('',*,*,#6788,.T.);
#2523=ORIENTED_EDGE('',*,*,#8328,.T.);
#2524=ORIENTED_EDGE('',*,*,#8327,.T.);
#2525=ORIENTED_EDGE('',*,*,#6789,.T.);
#2526=ORIENTED_EDGE('',*,*,#8347,.F.);
#2527=ORIENTED_EDGE('',*,*,#8348,.F.);
#2528=ORIENTED_EDGE('',*,*,#8349,.F.);
#2529=ORIENTED_EDGE('',*,*,#6790,.T.);
#2530=ORIENTED_EDGE('',*,*,#8337,.T.);
#2531=ORIENTED_EDGE('',*,*,#8336,.T.);
#2532=ORIENTED_EDGE('',*,*,#8338,.T.);
#2533=ORIENTED_EDGE('',*,*,#6791,.T.);
#2534=ORIENTED_EDGE('',*,*,#8298,.T.);
#2535=ORIENTED_EDGE('',*,*,#8297,.T.);
#2536=ORIENTED_EDGE('',*,*,#6792,.T.);
#2537=ORIENTED_EDGE('',*,*,#8317,.F.);
#2538=ORIENTED_EDGE('',*,*,#8318,.F.);
#2539=ORIENTED_EDGE('',*,*,#8319,.F.);
#2540=ORIENTED_EDGE('',*,*,#6793,.T.);
#2541=ORIENTED_EDGE('',*,*,#8307,.T.);
#2542=ORIENTED_EDGE('',*,*,#8306,.T.);
#2543=ORIENTED_EDGE('',*,*,#8308,.T.);
#2544=ORIENTED_EDGE('',*,*,#6794,.T.);
#2545=ORIENTED_EDGE('',*,*,#8268,.T.);
#2546=ORIENTED_EDGE('',*,*,#8267,.T.);
#2547=ORIENTED_EDGE('',*,*,#6795,.T.);
#2548=ORIENTED_EDGE('',*,*,#8287,.F.);
#2549=ORIENTED_EDGE('',*,*,#8288,.F.);
#2550=ORIENTED_EDGE('',*,*,#8289,.F.);
#2551=ORIENTED_EDGE('',*,*,#6796,.T.);
#2552=ORIENTED_EDGE('',*,*,#8277,.T.);
#2553=ORIENTED_EDGE('',*,*,#8276,.T.);
#2554=ORIENTED_EDGE('',*,*,#8278,.T.);
#2555=ORIENTED_EDGE('',*,*,#6797,.T.);
#2556=ORIENTED_EDGE('',*,*,#8238,.T.);
#2557=ORIENTED_EDGE('',*,*,#8237,.T.);
#2558=ORIENTED_EDGE('',*,*,#6798,.T.);
#2559=ORIENTED_EDGE('',*,*,#8257,.F.);
#2560=ORIENTED_EDGE('',*,*,#8258,.F.);
#2561=ORIENTED_EDGE('',*,*,#8259,.F.);
#2562=ORIENTED_EDGE('',*,*,#6799,.T.);
#2563=ORIENTED_EDGE('',*,*,#8247,.T.);
#2564=ORIENTED_EDGE('',*,*,#8246,.T.);
#2565=ORIENTED_EDGE('',*,*,#8248,.T.);
#2566=ORIENTED_EDGE('',*,*,#6800,.T.);
#2567=ORIENTED_EDGE('',*,*,#8208,.T.);
#2568=ORIENTED_EDGE('',*,*,#8207,.T.);
#2569=ORIENTED_EDGE('',*,*,#6801,.T.);
#2570=ORIENTED_EDGE('',*,*,#8227,.F.);
#2571=ORIENTED_EDGE('',*,*,#8228,.F.);
#2572=ORIENTED_EDGE('',*,*,#8229,.F.);
#2573=ORIENTED_EDGE('',*,*,#6802,.T.);
#2574=ORIENTED_EDGE('',*,*,#8217,.T.);
#2575=ORIENTED_EDGE('',*,*,#8216,.T.);
#2576=ORIENTED_EDGE('',*,*,#8218,.T.);
#2577=ORIENTED_EDGE('',*,*,#6803,.T.);
#2578=ORIENTED_EDGE('',*,*,#8178,.T.);
#2579=ORIENTED_EDGE('',*,*,#8177,.T.);
#2580=ORIENTED_EDGE('',*,*,#6804,.T.);
#2581=ORIENTED_EDGE('',*,*,#8197,.F.);
#2582=ORIENTED_EDGE('',*,*,#8198,.F.);
#2583=ORIENTED_EDGE('',*,*,#8199,.F.);
#2584=ORIENTED_EDGE('',*,*,#6805,.T.);
#2585=ORIENTED_EDGE('',*,*,#8187,.T.);
#2586=ORIENTED_EDGE('',*,*,#8186,.T.);
#2587=ORIENTED_EDGE('',*,*,#8188,.T.);
#2588=ORIENTED_EDGE('',*,*,#6806,.T.);
#2589=ORIENTED_EDGE('',*,*,#8148,.T.);
#2590=ORIENTED_EDGE('',*,*,#8147,.T.);
#2591=ORIENTED_EDGE('',*,*,#6807,.T.);
#2592=ORIENTED_EDGE('',*,*,#8167,.F.);
#2593=ORIENTED_EDGE('',*,*,#8168,.F.);
#2594=ORIENTED_EDGE('',*,*,#8169,.F.);
#2595=ORIENTED_EDGE('',*,*,#6808,.T.);
#2596=ORIENTED_EDGE('',*,*,#8157,.T.);
#2597=ORIENTED_EDGE('',*,*,#8156,.T.);
#2598=ORIENTED_EDGE('',*,*,#8158,.T.);
#2599=ORIENTED_EDGE('',*,*,#6809,.T.);
#2600=ORIENTED_EDGE('',*,*,#8118,.T.);
#2601=ORIENTED_EDGE('',*,*,#8117,.T.);
#2602=ORIENTED_EDGE('',*,*,#6810,.T.);
#2603=ORIENTED_EDGE('',*,*,#8137,.F.);
#2604=ORIENTED_EDGE('',*,*,#8138,.F.);
#2605=ORIENTED_EDGE('',*,*,#8139,.F.);
#2606=ORIENTED_EDGE('',*,*,#6811,.T.);
#2607=ORIENTED_EDGE('',*,*,#8127,.T.);
#2608=ORIENTED_EDGE('',*,*,#8126,.T.);
#2609=ORIENTED_EDGE('',*,*,#8128,.T.);
#2610=ORIENTED_EDGE('',*,*,#6812,.T.);
#2611=ORIENTED_EDGE('',*,*,#8088,.T.);
#2612=ORIENTED_EDGE('',*,*,#8087,.T.);
#2613=ORIENTED_EDGE('',*,*,#6813,.T.);
#2614=ORIENTED_EDGE('',*,*,#8107,.F.);
#2615=ORIENTED_EDGE('',*,*,#8108,.F.);
#2616=ORIENTED_EDGE('',*,*,#8109,.F.);
#2617=ORIENTED_EDGE('',*,*,#6814,.T.);
#2618=ORIENTED_EDGE('',*,*,#8097,.T.);
#2619=ORIENTED_EDGE('',*,*,#8096,.T.);
#2620=ORIENTED_EDGE('',*,*,#8098,.T.);
#2621=ORIENTED_EDGE('',*,*,#6815,.T.);
#2622=ORIENTED_EDGE('',*,*,#8058,.T.);
#2623=ORIENTED_EDGE('',*,*,#8057,.T.);
#2624=ORIENTED_EDGE('',*,*,#6816,.T.);
#2625=ORIENTED_EDGE('',*,*,#8077,.F.);
#2626=ORIENTED_EDGE('',*,*,#8078,.F.);
#2627=ORIENTED_EDGE('',*,*,#8079,.F.);
#2628=ORIENTED_EDGE('',*,*,#6817,.T.);
#2629=ORIENTED_EDGE('',*,*,#8067,.T.);
#2630=ORIENTED_EDGE('',*,*,#8066,.T.);
#2631=ORIENTED_EDGE('',*,*,#8068,.T.);
#2632=ORIENTED_EDGE('',*,*,#6818,.T.);
#2633=ORIENTED_EDGE('',*,*,#8028,.T.);
#2634=ORIENTED_EDGE('',*,*,#8027,.T.);
#2635=ORIENTED_EDGE('',*,*,#6819,.T.);
#2636=ORIENTED_EDGE('',*,*,#8047,.F.);
#2637=ORIENTED_EDGE('',*,*,#8048,.F.);
#2638=ORIENTED_EDGE('',*,*,#8049,.F.);
#2639=ORIENTED_EDGE('',*,*,#6820,.T.);
#2640=ORIENTED_EDGE('',*,*,#8037,.T.);
#2641=ORIENTED_EDGE('',*,*,#8036,.T.);
#2642=ORIENTED_EDGE('',*,*,#8038,.T.);
#2643=ORIENTED_EDGE('',*,*,#6821,.T.);
#2644=ORIENTED_EDGE('',*,*,#7998,.T.);
#2645=ORIENTED_EDGE('',*,*,#7997,.T.);
#2646=ORIENTED_EDGE('',*,*,#6822,.T.);
#2647=ORIENTED_EDGE('',*,*,#8017,.F.);
#2648=ORIENTED_EDGE('',*,*,#8018,.F.);
#2649=ORIENTED_EDGE('',*,*,#8019,.F.);
#2650=ORIENTED_EDGE('',*,*,#6823,.T.);
#2651=ORIENTED_EDGE('',*,*,#8007,.T.);
#2652=ORIENTED_EDGE('',*,*,#8006,.T.);
#2653=ORIENTED_EDGE('',*,*,#8008,.T.);
#2654=ORIENTED_EDGE('',*,*,#6824,.T.);
#2655=ORIENTED_EDGE('',*,*,#7968,.T.);
#2656=ORIENTED_EDGE('',*,*,#7967,.T.);
#2657=ORIENTED_EDGE('',*,*,#6825,.T.);
#2658=ORIENTED_EDGE('',*,*,#7987,.F.);
#2659=ORIENTED_EDGE('',*,*,#7988,.F.);
#2660=ORIENTED_EDGE('',*,*,#7989,.F.);
#2661=ORIENTED_EDGE('',*,*,#6826,.T.);
#2662=ORIENTED_EDGE('',*,*,#7977,.T.);
#2663=ORIENTED_EDGE('',*,*,#7976,.T.);
#2664=ORIENTED_EDGE('',*,*,#7978,.T.);
#2665=ORIENTED_EDGE('',*,*,#6827,.T.);
#2666=ORIENTED_EDGE('',*,*,#7938,.T.);
#2667=ORIENTED_EDGE('',*,*,#7937,.T.);
#2668=ORIENTED_EDGE('',*,*,#6828,.T.);
#2669=ORIENTED_EDGE('',*,*,#7957,.F.);
#2670=ORIENTED_EDGE('',*,*,#7958,.F.);
#2671=ORIENTED_EDGE('',*,*,#7959,.F.);
#2672=ORIENTED_EDGE('',*,*,#6829,.T.);
#2673=ORIENTED_EDGE('',*,*,#7947,.T.);
#2674=ORIENTED_EDGE('',*,*,#7946,.T.);
#2675=ORIENTED_EDGE('',*,*,#7948,.T.);
#2676=ORIENTED_EDGE('',*,*,#6830,.T.);
#2677=ORIENTED_EDGE('',*,*,#7908,.T.);
#2678=ORIENTED_EDGE('',*,*,#7907,.T.);
#2679=ORIENTED_EDGE('',*,*,#6831,.T.);
#2680=ORIENTED_EDGE('',*,*,#7927,.F.);
#2681=ORIENTED_EDGE('',*,*,#7928,.F.);
#2682=ORIENTED_EDGE('',*,*,#7929,.F.);
#2683=ORIENTED_EDGE('',*,*,#6832,.T.);
#2684=ORIENTED_EDGE('',*,*,#7917,.T.);
#2685=ORIENTED_EDGE('',*,*,#7916,.T.);
#2686=ORIENTED_EDGE('',*,*,#7918,.T.);
#2687=ORIENTED_EDGE('',*,*,#6833,.T.);
#2688=ORIENTED_EDGE('',*,*,#7878,.T.);
#2689=ORIENTED_EDGE('',*,*,#7877,.T.);
#2690=ORIENTED_EDGE('',*,*,#6834,.T.);
#2691=ORIENTED_EDGE('',*,*,#7897,.F.);
#2692=ORIENTED_EDGE('',*,*,#7898,.F.);
#2693=ORIENTED_EDGE('',*,*,#7899,.F.);
#2694=ORIENTED_EDGE('',*,*,#6835,.T.);
#2695=ORIENTED_EDGE('',*,*,#7887,.T.);
#2696=ORIENTED_EDGE('',*,*,#7886,.T.);
#2697=ORIENTED_EDGE('',*,*,#7888,.T.);
#2698=ORIENTED_EDGE('',*,*,#6836,.T.);
#2699=ORIENTED_EDGE('',*,*,#7848,.T.);
#2700=ORIENTED_EDGE('',*,*,#7847,.T.);
#2701=ORIENTED_EDGE('',*,*,#6837,.T.);
#2702=ORIENTED_EDGE('',*,*,#7867,.F.);
#2703=ORIENTED_EDGE('',*,*,#7868,.F.);
#2704=ORIENTED_EDGE('',*,*,#7869,.F.);
#2705=ORIENTED_EDGE('',*,*,#6838,.T.);
#2706=ORIENTED_EDGE('',*,*,#7857,.T.);
#2707=ORIENTED_EDGE('',*,*,#7856,.T.);
#2708=ORIENTED_EDGE('',*,*,#7858,.T.);
#2709=ORIENTED_EDGE('',*,*,#6839,.T.);
#2710=ORIENTED_EDGE('',*,*,#7818,.T.);
#2711=ORIENTED_EDGE('',*,*,#7817,.T.);
#2712=ORIENTED_EDGE('',*,*,#6840,.T.);
#2713=ORIENTED_EDGE('',*,*,#7837,.F.);
#2714=ORIENTED_EDGE('',*,*,#7838,.F.);
#2715=ORIENTED_EDGE('',*,*,#7839,.F.);
#2716=ORIENTED_EDGE('',*,*,#6841,.T.);
#2717=ORIENTED_EDGE('',*,*,#7827,.T.);
#2718=ORIENTED_EDGE('',*,*,#7826,.T.);
#2719=ORIENTED_EDGE('',*,*,#7828,.T.);
#2720=ORIENTED_EDGE('',*,*,#6842,.T.);
#2721=ORIENTED_EDGE('',*,*,#7788,.T.);
#2722=ORIENTED_EDGE('',*,*,#7787,.T.);
#2723=ORIENTED_EDGE('',*,*,#6843,.T.);
#2724=ORIENTED_EDGE('',*,*,#7807,.F.);
#2725=ORIENTED_EDGE('',*,*,#7808,.F.);
#2726=ORIENTED_EDGE('',*,*,#7809,.F.);
#2727=ORIENTED_EDGE('',*,*,#6844,.T.);
#2728=ORIENTED_EDGE('',*,*,#7797,.T.);
#2729=ORIENTED_EDGE('',*,*,#7796,.T.);
#2730=ORIENTED_EDGE('',*,*,#7798,.T.);
#2731=ORIENTED_EDGE('',*,*,#6845,.T.);
#2732=ORIENTED_EDGE('',*,*,#7758,.T.);
#2733=ORIENTED_EDGE('',*,*,#7757,.T.);
#2734=ORIENTED_EDGE('',*,*,#6846,.T.);
#2735=ORIENTED_EDGE('',*,*,#7777,.F.);
#2736=ORIENTED_EDGE('',*,*,#7778,.F.);
#2737=ORIENTED_EDGE('',*,*,#7779,.F.);
#2738=ORIENTED_EDGE('',*,*,#6847,.T.);
#2739=ORIENTED_EDGE('',*,*,#7767,.T.);
#2740=ORIENTED_EDGE('',*,*,#7766,.T.);
#2741=ORIENTED_EDGE('',*,*,#7768,.T.);
#2742=ORIENTED_EDGE('',*,*,#6848,.T.);
#2743=ORIENTED_EDGE('',*,*,#7728,.T.);
#2744=ORIENTED_EDGE('',*,*,#7727,.T.);
#2745=ORIENTED_EDGE('',*,*,#6849,.T.);
#2746=ORIENTED_EDGE('',*,*,#7747,.F.);
#2747=ORIENTED_EDGE('',*,*,#7748,.F.);
#2748=ORIENTED_EDGE('',*,*,#7749,.F.);
#2749=ORIENTED_EDGE('',*,*,#6850,.T.);
#2750=ORIENTED_EDGE('',*,*,#7737,.T.);
#2751=ORIENTED_EDGE('',*,*,#7736,.T.);
#2752=ORIENTED_EDGE('',*,*,#7738,.T.);
#2753=ORIENTED_EDGE('',*,*,#6851,.T.);
#2754=ORIENTED_EDGE('',*,*,#7698,.T.);
#2755=ORIENTED_EDGE('',*,*,#7697,.T.);
#2756=ORIENTED_EDGE('',*,*,#6852,.T.);
#2757=ORIENTED_EDGE('',*,*,#7717,.F.);
#2758=ORIENTED_EDGE('',*,*,#7718,.F.);
#2759=ORIENTED_EDGE('',*,*,#7719,.F.);
#2760=ORIENTED_EDGE('',*,*,#6853,.T.);
#2761=ORIENTED_EDGE('',*,*,#7707,.T.);
#2762=ORIENTED_EDGE('',*,*,#7706,.T.);
#2763=ORIENTED_EDGE('',*,*,#7708,.T.);
#2764=ORIENTED_EDGE('',*,*,#6854,.T.);
#2765=ORIENTED_EDGE('',*,*,#7668,.T.);
#2766=ORIENTED_EDGE('',*,*,#7667,.T.);
#2767=ORIENTED_EDGE('',*,*,#6855,.T.);
#2768=ORIENTED_EDGE('',*,*,#7687,.F.);
#2769=ORIENTED_EDGE('',*,*,#7688,.F.);
#2770=ORIENTED_EDGE('',*,*,#7689,.F.);
#2771=ORIENTED_EDGE('',*,*,#6856,.T.);
#2772=ORIENTED_EDGE('',*,*,#7677,.T.);
#2773=ORIENTED_EDGE('',*,*,#7676,.T.);
#2774=ORIENTED_EDGE('',*,*,#7678,.T.);
#2775=ORIENTED_EDGE('',*,*,#6857,.T.);
#2776=ORIENTED_EDGE('',*,*,#7638,.T.);
#2777=ORIENTED_EDGE('',*,*,#7637,.T.);
#2778=ORIENTED_EDGE('',*,*,#6858,.T.);
#2779=ORIENTED_EDGE('',*,*,#7657,.F.);
#2780=ORIENTED_EDGE('',*,*,#7658,.F.);
#2781=ORIENTED_EDGE('',*,*,#7659,.F.);
#2782=ORIENTED_EDGE('',*,*,#6859,.T.);
#2783=ORIENTED_EDGE('',*,*,#7647,.T.);
#2784=ORIENTED_EDGE('',*,*,#7646,.T.);
#2785=ORIENTED_EDGE('',*,*,#7648,.T.);
#2786=ORIENTED_EDGE('',*,*,#6860,.T.);
#2787=ORIENTED_EDGE('',*,*,#7608,.T.);
#2788=ORIENTED_EDGE('',*,*,#7607,.T.);
#2789=ORIENTED_EDGE('',*,*,#6861,.T.);
#2790=ORIENTED_EDGE('',*,*,#7627,.F.);
#2791=ORIENTED_EDGE('',*,*,#7628,.F.);
#2792=ORIENTED_EDGE('',*,*,#7629,.F.);
#2793=ORIENTED_EDGE('',*,*,#6862,.T.);
#2794=ORIENTED_EDGE('',*,*,#7617,.T.);
#2795=ORIENTED_EDGE('',*,*,#7616,.T.);
#2796=ORIENTED_EDGE('',*,*,#7618,.T.);
#2797=ORIENTED_EDGE('',*,*,#6863,.T.);
#2798=ORIENTED_EDGE('',*,*,#7578,.T.);
#2799=ORIENTED_EDGE('',*,*,#7577,.T.);
#2800=ORIENTED_EDGE('',*,*,#6864,.T.);
#2801=ORIENTED_EDGE('',*,*,#7597,.F.);
#2802=ORIENTED_EDGE('',*,*,#7598,.F.);
#2803=ORIENTED_EDGE('',*,*,#7599,.F.);
#2804=ORIENTED_EDGE('',*,*,#6865,.T.);
#2805=ORIENTED_EDGE('',*,*,#7587,.T.);
#2806=ORIENTED_EDGE('',*,*,#7586,.T.);
#2807=ORIENTED_EDGE('',*,*,#7588,.T.);
#2808=ORIENTED_EDGE('',*,*,#6866,.T.);
#2809=ORIENTED_EDGE('',*,*,#7548,.T.);
#2810=ORIENTED_EDGE('',*,*,#7547,.T.);
#2811=ORIENTED_EDGE('',*,*,#6867,.T.);
#2812=ORIENTED_EDGE('',*,*,#7567,.F.);
#2813=ORIENTED_EDGE('',*,*,#7568,.F.);
#2814=ORIENTED_EDGE('',*,*,#7569,.F.);
#2815=ORIENTED_EDGE('',*,*,#6868,.T.);
#2816=ORIENTED_EDGE('',*,*,#7557,.T.);
#2817=ORIENTED_EDGE('',*,*,#7556,.T.);
#2818=ORIENTED_EDGE('',*,*,#7558,.T.);
#2819=ORIENTED_EDGE('',*,*,#6869,.T.);
#2820=ORIENTED_EDGE('',*,*,#7518,.T.);
#2821=ORIENTED_EDGE('',*,*,#7517,.T.);
#2822=ORIENTED_EDGE('',*,*,#6870,.T.);
#2823=ORIENTED_EDGE('',*,*,#7537,.F.);
#2824=ORIENTED_EDGE('',*,*,#7538,.F.);
#2825=ORIENTED_EDGE('',*,*,#7539,.F.);
#2826=ORIENTED_EDGE('',*,*,#6871,.T.);
#2827=ORIENTED_EDGE('',*,*,#7527,.T.);
#2828=ORIENTED_EDGE('',*,*,#7526,.T.);
#2829=ORIENTED_EDGE('',*,*,#7528,.T.);
#2830=ORIENTED_EDGE('',*,*,#6872,.T.);
#2831=ORIENTED_EDGE('',*,*,#7488,.T.);
#2832=ORIENTED_EDGE('',*,*,#7487,.T.);
#2833=ORIENTED_EDGE('',*,*,#6873,.T.);
#2834=ORIENTED_EDGE('',*,*,#7507,.F.);
#2835=ORIENTED_EDGE('',*,*,#7508,.F.);
#2836=ORIENTED_EDGE('',*,*,#7509,.F.);
#2837=ORIENTED_EDGE('',*,*,#6874,.T.);
#2838=ORIENTED_EDGE('',*,*,#7497,.T.);
#2839=ORIENTED_EDGE('',*,*,#7496,.T.);
#2840=ORIENTED_EDGE('',*,*,#7498,.T.);
#2841=ORIENTED_EDGE('',*,*,#6875,.T.);
#2842=ORIENTED_EDGE('',*,*,#7458,.T.);
#2843=ORIENTED_EDGE('',*,*,#7457,.T.);
#2844=ORIENTED_EDGE('',*,*,#6876,.T.);
#2845=ORIENTED_EDGE('',*,*,#7477,.F.);
#2846=ORIENTED_EDGE('',*,*,#7478,.F.);
#2847=ORIENTED_EDGE('',*,*,#7479,.F.);
#2848=ORIENTED_EDGE('',*,*,#6877,.T.);
#2849=ORIENTED_EDGE('',*,*,#7467,.T.);
#2850=ORIENTED_EDGE('',*,*,#7466,.T.);
#2851=ORIENTED_EDGE('',*,*,#7468,.T.);
#2852=ORIENTED_EDGE('',*,*,#6878,.T.);
#2853=ORIENTED_EDGE('',*,*,#7428,.T.);
#2854=ORIENTED_EDGE('',*,*,#7427,.T.);
#2855=ORIENTED_EDGE('',*,*,#6879,.T.);
#2856=ORIENTED_EDGE('',*,*,#7447,.F.);
#2857=ORIENTED_EDGE('',*,*,#7448,.F.);
#2858=ORIENTED_EDGE('',*,*,#7449,.F.);
#2859=ORIENTED_EDGE('',*,*,#6880,.T.);
#2860=ORIENTED_EDGE('',*,*,#7437,.T.);
#2861=ORIENTED_EDGE('',*,*,#7436,.T.);
#2862=ORIENTED_EDGE('',*,*,#7438,.T.);
#2863=ORIENTED_EDGE('',*,*,#6881,.T.);
#2864=ORIENTED_EDGE('',*,*,#7398,.T.);
#2865=ORIENTED_EDGE('',*,*,#7397,.T.);
#2866=ORIENTED_EDGE('',*,*,#6882,.T.);
#2867=ORIENTED_EDGE('',*,*,#7417,.F.);
#2868=ORIENTED_EDGE('',*,*,#7418,.F.);
#2869=ORIENTED_EDGE('',*,*,#7419,.F.);
#2870=ORIENTED_EDGE('',*,*,#6883,.T.);
#2871=ORIENTED_EDGE('',*,*,#7407,.T.);
#2872=ORIENTED_EDGE('',*,*,#7406,.T.);
#2873=ORIENTED_EDGE('',*,*,#7408,.T.);
#2874=ORIENTED_EDGE('',*,*,#6884,.T.);
#2875=ORIENTED_EDGE('',*,*,#7368,.T.);
#2876=ORIENTED_EDGE('',*,*,#7367,.T.);
#2877=ORIENTED_EDGE('',*,*,#6885,.T.);
#2878=ORIENTED_EDGE('',*,*,#7387,.F.);
#2879=ORIENTED_EDGE('',*,*,#7388,.F.);
#2880=ORIENTED_EDGE('',*,*,#7389,.F.);
#2881=ORIENTED_EDGE('',*,*,#6886,.T.);
#2882=ORIENTED_EDGE('',*,*,#7377,.T.);
#2883=ORIENTED_EDGE('',*,*,#7376,.T.);
#2884=ORIENTED_EDGE('',*,*,#7378,.T.);
#2885=ORIENTED_EDGE('',*,*,#6887,.T.);
#2886=ORIENTED_EDGE('',*,*,#7338,.T.);
#2887=ORIENTED_EDGE('',*,*,#7337,.T.);
#2888=ORIENTED_EDGE('',*,*,#6888,.T.);
#2889=ORIENTED_EDGE('',*,*,#7357,.F.);
#2890=ORIENTED_EDGE('',*,*,#7358,.F.);
#2891=ORIENTED_EDGE('',*,*,#7359,.F.);
#2892=ORIENTED_EDGE('',*,*,#6889,.T.);
#2893=ORIENTED_EDGE('',*,*,#7347,.T.);
#2894=ORIENTED_EDGE('',*,*,#7346,.T.);
#2895=ORIENTED_EDGE('',*,*,#7348,.T.);
#2896=ORIENTED_EDGE('',*,*,#6890,.T.);
#2897=ORIENTED_EDGE('',*,*,#7308,.T.);
#2898=ORIENTED_EDGE('',*,*,#7307,.T.);
#2899=ORIENTED_EDGE('',*,*,#6891,.T.);
#2900=ORIENTED_EDGE('',*,*,#7327,.F.);
#2901=ORIENTED_EDGE('',*,*,#7328,.F.);
#2902=ORIENTED_EDGE('',*,*,#7329,.F.);
#2903=ORIENTED_EDGE('',*,*,#6892,.T.);
#2904=ORIENTED_EDGE('',*,*,#7317,.T.);
#2905=ORIENTED_EDGE('',*,*,#7316,.T.);
#2906=ORIENTED_EDGE('',*,*,#7318,.T.);
#2907=ORIENTED_EDGE('',*,*,#6893,.T.);
#2908=ORIENTED_EDGE('',*,*,#7278,.T.);
#2909=ORIENTED_EDGE('',*,*,#7277,.T.);
#2910=ORIENTED_EDGE('',*,*,#6894,.T.);
#2911=ORIENTED_EDGE('',*,*,#7297,.F.);
#2912=ORIENTED_EDGE('',*,*,#7298,.F.);
#2913=ORIENTED_EDGE('',*,*,#7299,.F.);
#2914=ORIENTED_EDGE('',*,*,#6895,.T.);
#2915=ORIENTED_EDGE('',*,*,#7287,.T.);
#2916=ORIENTED_EDGE('',*,*,#7286,.T.);
#2917=ORIENTED_EDGE('',*,*,#7288,.T.);
#2918=ORIENTED_EDGE('',*,*,#6896,.T.);
#2919=ORIENTED_EDGE('',*,*,#7248,.T.);
#2920=ORIENTED_EDGE('',*,*,#7247,.T.);
#2921=ORIENTED_EDGE('',*,*,#6897,.T.);
#2922=ORIENTED_EDGE('',*,*,#7267,.F.);
#2923=ORIENTED_EDGE('',*,*,#7268,.F.);
#2924=ORIENTED_EDGE('',*,*,#7269,.F.);
#2925=ORIENTED_EDGE('',*,*,#6898,.T.);
#2926=ORIENTED_EDGE('',*,*,#7257,.T.);
#2927=ORIENTED_EDGE('',*,*,#7256,.T.);
#2928=ORIENTED_EDGE('',*,*,#7258,.T.);
#2929=ORIENTED_EDGE('',*,*,#6899,.T.);
#2930=ORIENTED_EDGE('',*,*,#7229,.T.);
#2931=ORIENTED_EDGE('',*,*,#7228,.T.);
#2932=ORIENTED_EDGE('',*,*,#6900,.T.);
#2933=ORIENTED_EDGE('',*,*,#7218,.F.);
#2934=ORIENTED_EDGE('',*,*,#7219,.F.);
#2935=ORIENTED_EDGE('',*,*,#7220,.F.);
#2936=ORIENTED_EDGE('',*,*,#6901,.T.);
#2937=ORIENTED_EDGE('',*,*,#7208,.T.);
#2938=ORIENTED_EDGE('',*,*,#7207,.T.);
#2939=ORIENTED_EDGE('',*,*,#7209,.T.);
#2940=ORIENTED_EDGE('',*,*,#6902,.T.);
#2941=ORIENTED_EDGE('',*,*,#7177,.T.);
#2942=ORIENTED_EDGE('',*,*,#7176,.T.);
#2943=ORIENTED_EDGE('',*,*,#6903,.T.);
#2944=ORIENTED_EDGE('',*,*,#7196,.F.);
#2945=ORIENTED_EDGE('',*,*,#7197,.F.);
#2946=ORIENTED_EDGE('',*,*,#7198,.F.);
#2947=ORIENTED_EDGE('',*,*,#6904,.T.);
#2948=ORIENTED_EDGE('',*,*,#7186,.T.);
#2949=ORIENTED_EDGE('',*,*,#7185,.T.);
#2950=ORIENTED_EDGE('',*,*,#7187,.T.);
#2951=ORIENTED_EDGE('',*,*,#6905,.T.);
#2952=ORIENTED_EDGE('',*,*,#7147,.T.);
#2953=ORIENTED_EDGE('',*,*,#7146,.T.);
#2954=ORIENTED_EDGE('',*,*,#6906,.T.);
#2955=ORIENTED_EDGE('',*,*,#7166,.F.);
#2956=ORIENTED_EDGE('',*,*,#7167,.F.);
#2957=ORIENTED_EDGE('',*,*,#7168,.F.);
#2958=ORIENTED_EDGE('',*,*,#6907,.T.);
#2959=ORIENTED_EDGE('',*,*,#7156,.T.);
#2960=ORIENTED_EDGE('',*,*,#7155,.T.);
#2961=ORIENTED_EDGE('',*,*,#7157,.T.);
#2962=ORIENTED_EDGE('',*,*,#6908,.T.);
#2963=ORIENTED_EDGE('',*,*,#7128,.T.);
#2964=ORIENTED_EDGE('',*,*,#7127,.T.);
#2965=ORIENTED_EDGE('',*,*,#6909,.T.);
#2966=ORIENTED_EDGE('',*,*,#7237,.F.);
#2967=ORIENTED_EDGE('',*,*,#7238,.F.);
#2968=ORIENTED_EDGE('',*,*,#7239,.F.);
#2969=ORIENTED_EDGE('',*,*,#6910,.T.);
#2970=ORIENTED_EDGE('',*,*,#7137,.T.);
#2971=ORIENTED_EDGE('',*,*,#7136,.T.);
#2972=ORIENTED_EDGE('',*,*,#7138,.T.);
#2973=ORIENTED_EDGE('',*,*,#6911,.T.);
#2974=ORIENTED_EDGE('',*,*,#7079,.T.);
#2975=ORIENTED_EDGE('',*,*,#7078,.T.);
#2976=ORIENTED_EDGE('',*,*,#6912,.T.);
#2977=ORIENTED_EDGE('',*,*,#7098,.F.);
#2978=ORIENTED_EDGE('',*,*,#7099,.F.);
#2979=ORIENTED_EDGE('',*,*,#7100,.F.);
#2980=ORIENTED_EDGE('',*,*,#6913,.T.);
#2981=ORIENTED_EDGE('',*,*,#7088,.T.);
#2982=ORIENTED_EDGE('',*,*,#7087,.T.);
#2983=ORIENTED_EDGE('',*,*,#7089,.T.);
#2984=ORIENTED_EDGE('',*,*,#6914,.T.);
#2985=ORIENTED_EDGE('',*,*,#7109,.T.);
#2986=ORIENTED_EDGE('',*,*,#7108,.T.);
#2987=ORIENTED_EDGE('',*,*,#6915,.T.);
#2988=ORIENTED_EDGE('',*,*,#7118,.T.);
#2989=ORIENTED_EDGE('',*,*,#7117,.T.);
#2990=ORIENTED_EDGE('',*,*,#7119,.T.);
#2991=ORIENTED_EDGE('',*,*,#6916,.T.);
#2992=ORIENTED_EDGE('',*,*,#6940,.F.);
#2993=ORIENTED_EDGE('',*,*,#6762,.F.);
#2994=ORIENTED_EDGE('',*,*,#6921,.T.);
#2995=ORIENTED_EDGE('',*,*,#7069,.F.);
#2996=ORIENTED_EDGE('',*,*,#7070,.F.);
#2997=ORIENTED_EDGE('',*,*,#6763,.T.);
#2998=ORIENTED_EDGE('',*,*,#7060,.T.);
#2999=ORIENTED_EDGE('',*,*,#7059,.T.);
#3000=ORIENTED_EDGE('',*,*,#7061,.T.);
#3001=ORIENTED_EDGE('',*,*,#6764,.T.);
#3002=ORIENTED_EDGE('',*,*,#7029,.T.);
#3003=ORIENTED_EDGE('',*,*,#7028,.T.);
#3004=ORIENTED_EDGE('',*,*,#6765,.T.);
#3005=ORIENTED_EDGE('',*,*,#7048,.F.);
#3006=ORIENTED_EDGE('',*,*,#7049,.F.);
#3007=ORIENTED_EDGE('',*,*,#7050,.F.);
#3008=ORIENTED_EDGE('',*,*,#6766,.T.);
#3009=ORIENTED_EDGE('',*,*,#7038,.T.);
#3010=ORIENTED_EDGE('',*,*,#7037,.T.);
#3011=ORIENTED_EDGE('',*,*,#7039,.T.);
#3012=ORIENTED_EDGE('',*,*,#6767,.T.);
#3013=ORIENTED_EDGE('',*,*,#6999,.T.);
#3014=ORIENTED_EDGE('',*,*,#6998,.T.);
#3015=ORIENTED_EDGE('',*,*,#6768,.T.);
#3016=ORIENTED_EDGE('',*,*,#7018,.F.);
#3017=ORIENTED_EDGE('',*,*,#7019,.F.);
#3018=ORIENTED_EDGE('',*,*,#7020,.F.);
#3019=ORIENTED_EDGE('',*,*,#6769,.T.);
#3020=ORIENTED_EDGE('',*,*,#7008,.T.);
#3021=ORIENTED_EDGE('',*,*,#7007,.T.);
#3022=ORIENTED_EDGE('',*,*,#7009,.T.);
#3023=ORIENTED_EDGE('',*,*,#6770,.T.);
#3024=ORIENTED_EDGE('',*,*,#6969,.T.);
#3025=ORIENTED_EDGE('',*,*,#6968,.T.);
#3026=ORIENTED_EDGE('',*,*,#6771,.T.);
#3027=ORIENTED_EDGE('',*,*,#6988,.F.);
#3028=ORIENTED_EDGE('',*,*,#6989,.F.);
#3029=ORIENTED_EDGE('',*,*,#6990,.F.);
#3030=ORIENTED_EDGE('',*,*,#6772,.T.);
#3031=ORIENTED_EDGE('',*,*,#6978,.T.);
#3032=ORIENTED_EDGE('',*,*,#6977,.T.);
#3033=ORIENTED_EDGE('',*,*,#6979,.T.);
#3034=ORIENTED_EDGE('',*,*,#6773,.T.);
#3035=ORIENTED_EDGE('',*,*,#6961,.T.);
#3036=ORIENTED_EDGE('',*,*,#6960,.T.);
#3037=ORIENTED_EDGE('',*,*,#6774,.T.);
#3038=ORIENTED_EDGE('',*,*,#8489,.F.);
#3039=ORIENTED_EDGE('',*,*,#8490,.F.);
#3040=ORIENTED_EDGE('',*,*,#8488,.T.);
#3041=ORIENTED_EDGE('',*,*,#8492,.F.);
#3042=ORIENTED_EDGE('',*,*,#8487,.F.);
#3043=ORIENTED_EDGE('',*,*,#6774,.F.);
#3044=ORIENTED_EDGE('',*,*,#6958,.T.);
#3045=ORIENTED_EDGE('',*,*,#6962,.T.);
#3046=ORIENTED_EDGE('',*,*,#6959,.F.);
#3047=ORIENTED_EDGE('',*,*,#6773,.F.);
#3048=ORIENTED_EDGE('',*,*,#6973,.T.);
#3049=ORIENTED_EDGE('',*,*,#6982,.T.);
#3050=ORIENTED_EDGE('',*,*,#6974,.F.);
#3051=ORIENTED_EDGE('',*,*,#6772,.F.);
#3052=ORIENTED_EDGE('',*,*,#6987,.T.);
#3053=ORIENTED_EDGE('',*,*,#6991,.F.);
#3054=ORIENTED_EDGE('',*,*,#6986,.F.);
#3055=ORIENTED_EDGE('',*,*,#6771,.F.);
#3056=ORIENTED_EDGE('',*,*,#6966,.T.);
#3057=ORIENTED_EDGE('',*,*,#6970,.T.);
#3058=ORIENTED_EDGE('',*,*,#6967,.F.);
#3059=ORIENTED_EDGE('',*,*,#6770,.F.);
#3060=ORIENTED_EDGE('',*,*,#7003,.T.);
#3061=ORIENTED_EDGE('',*,*,#7012,.T.);
#3062=ORIENTED_EDGE('',*,*,#7004,.F.);
#3063=ORIENTED_EDGE('',*,*,#6769,.F.);
#3064=ORIENTED_EDGE('',*,*,#7017,.T.);
#3065=ORIENTED_EDGE('',*,*,#7021,.F.);
#3066=ORIENTED_EDGE('',*,*,#7016,.F.);
#3067=ORIENTED_EDGE('',*,*,#6768,.F.);
#3068=ORIENTED_EDGE('',*,*,#6996,.T.);
#3069=ORIENTED_EDGE('',*,*,#7000,.T.);
#3070=ORIENTED_EDGE('',*,*,#6997,.F.);
#3071=ORIENTED_EDGE('',*,*,#6767,.F.);
#3072=ORIENTED_EDGE('',*,*,#7033,.T.);
#3073=ORIENTED_EDGE('',*,*,#7042,.T.);
#3074=ORIENTED_EDGE('',*,*,#7034,.F.);
#3075=ORIENTED_EDGE('',*,*,#6766,.F.);
#3076=ORIENTED_EDGE('',*,*,#7047,.T.);
#3077=ORIENTED_EDGE('',*,*,#7051,.F.);
#3078=ORIENTED_EDGE('',*,*,#7046,.F.);
#3079=ORIENTED_EDGE('',*,*,#6765,.F.);
#3080=ORIENTED_EDGE('',*,*,#7026,.T.);
#3081=ORIENTED_EDGE('',*,*,#7030,.T.);
#3082=ORIENTED_EDGE('',*,*,#7027,.F.);
#3083=ORIENTED_EDGE('',*,*,#6764,.F.);
#3084=ORIENTED_EDGE('',*,*,#7055,.T.);
#3085=ORIENTED_EDGE('',*,*,#7064,.T.);
#3086=ORIENTED_EDGE('',*,*,#7056,.F.);
#3087=ORIENTED_EDGE('',*,*,#6763,.F.);
#3088=ORIENTED_EDGE('',*,*,#7068,.T.);
#3089=ORIENTED_EDGE('',*,*,#7071,.F.);
#3090=ORIENTED_EDGE('',*,*,#6920,.T.);
#3091=ORIENTED_EDGE('',*,*,#6917,.T.);
#3092=ORIENTED_EDGE('',*,*,#6939,.F.);
#3093=ORIENTED_EDGE('',*,*,#6916,.F.);
#3094=ORIENTED_EDGE('',*,*,#7113,.T.);
#3095=ORIENTED_EDGE('',*,*,#7122,.T.);
#3096=ORIENTED_EDGE('',*,*,#7114,.F.);
#3097=ORIENTED_EDGE('',*,*,#6915,.F.);
#3098=ORIENTED_EDGE('',*,*,#7106,.T.);
#3099=ORIENTED_EDGE('',*,*,#7110,.T.);
#3100=ORIENTED_EDGE('',*,*,#7107,.F.);
#3101=ORIENTED_EDGE('',*,*,#6914,.F.);
#3102=ORIENTED_EDGE('',*,*,#7083,.T.);
#3103=ORIENTED_EDGE('',*,*,#7092,.T.);
#3104=ORIENTED_EDGE('',*,*,#7084,.F.);
#3105=ORIENTED_EDGE('',*,*,#6913,.F.);
#3106=ORIENTED_EDGE('',*,*,#7097,.T.);
#3107=ORIENTED_EDGE('',*,*,#7101,.F.);
#3108=ORIENTED_EDGE('',*,*,#7096,.F.);
#3109=ORIENTED_EDGE('',*,*,#6912,.F.);
#3110=ORIENTED_EDGE('',*,*,#7076,.T.);
#3111=ORIENTED_EDGE('',*,*,#7080,.T.);
#3112=ORIENTED_EDGE('',*,*,#7077,.F.);
#3113=ORIENTED_EDGE('',*,*,#6911,.F.);
#3114=ORIENTED_EDGE('',*,*,#7132,.T.);
#3115=ORIENTED_EDGE('',*,*,#7141,.T.);
#3116=ORIENTED_EDGE('',*,*,#7133,.F.);
#3117=ORIENTED_EDGE('',*,*,#6910,.F.);
#3118=ORIENTED_EDGE('',*,*,#7236,.T.);
#3119=ORIENTED_EDGE('',*,*,#7240,.F.);
#3120=ORIENTED_EDGE('',*,*,#7235,.F.);
#3121=ORIENTED_EDGE('',*,*,#6909,.F.);
#3122=ORIENTED_EDGE('',*,*,#7125,.T.);
#3123=ORIENTED_EDGE('',*,*,#7129,.T.);
#3124=ORIENTED_EDGE('',*,*,#7126,.F.);
#3125=ORIENTED_EDGE('',*,*,#6908,.F.);
#3126=ORIENTED_EDGE('',*,*,#7151,.T.);
#3127=ORIENTED_EDGE('',*,*,#7160,.T.);
#3128=ORIENTED_EDGE('',*,*,#7152,.F.);
#3129=ORIENTED_EDGE('',*,*,#6907,.F.);
#3130=ORIENTED_EDGE('',*,*,#7165,.T.);
#3131=ORIENTED_EDGE('',*,*,#7169,.F.);
#3132=ORIENTED_EDGE('',*,*,#7164,.F.);
#3133=ORIENTED_EDGE('',*,*,#6906,.F.);
#3134=ORIENTED_EDGE('',*,*,#7144,.T.);
#3135=ORIENTED_EDGE('',*,*,#7148,.T.);
#3136=ORIENTED_EDGE('',*,*,#7145,.F.);
#3137=ORIENTED_EDGE('',*,*,#6905,.F.);
#3138=ORIENTED_EDGE('',*,*,#7181,.T.);
#3139=ORIENTED_EDGE('',*,*,#7190,.T.);
#3140=ORIENTED_EDGE('',*,*,#7182,.F.);
#3141=ORIENTED_EDGE('',*,*,#6904,.F.);
#3142=ORIENTED_EDGE('',*,*,#7195,.T.);
#3143=ORIENTED_EDGE('',*,*,#7199,.F.);
#3144=ORIENTED_EDGE('',*,*,#7194,.F.);
#3145=ORIENTED_EDGE('',*,*,#6903,.F.);
#3146=ORIENTED_EDGE('',*,*,#7174,.T.);
#3147=ORIENTED_EDGE('',*,*,#7178,.T.);
#3148=ORIENTED_EDGE('',*,*,#7175,.F.);
#3149=ORIENTED_EDGE('',*,*,#6902,.F.);
#3150=ORIENTED_EDGE('',*,*,#7203,.T.);
#3151=ORIENTED_EDGE('',*,*,#7212,.T.);
#3152=ORIENTED_EDGE('',*,*,#7204,.F.);
#3153=ORIENTED_EDGE('',*,*,#6901,.F.);
#3154=ORIENTED_EDGE('',*,*,#7217,.T.);
#3155=ORIENTED_EDGE('',*,*,#7221,.F.);
#3156=ORIENTED_EDGE('',*,*,#7216,.F.);
#3157=ORIENTED_EDGE('',*,*,#6900,.F.);
#3158=ORIENTED_EDGE('',*,*,#7226,.T.);
#3159=ORIENTED_EDGE('',*,*,#7230,.T.);
#3160=ORIENTED_EDGE('',*,*,#7227,.F.);
#3161=ORIENTED_EDGE('',*,*,#6899,.F.);
#3162=ORIENTED_EDGE('',*,*,#7252,.T.);
#3163=ORIENTED_EDGE('',*,*,#7261,.T.);
#3164=ORIENTED_EDGE('',*,*,#7253,.F.);
#3165=ORIENTED_EDGE('',*,*,#6898,.F.);
#3166=ORIENTED_EDGE('',*,*,#7266,.T.);
#3167=ORIENTED_EDGE('',*,*,#7270,.F.);
#3168=ORIENTED_EDGE('',*,*,#7265,.F.);
#3169=ORIENTED_EDGE('',*,*,#6897,.F.);
#3170=ORIENTED_EDGE('',*,*,#7245,.T.);
#3171=ORIENTED_EDGE('',*,*,#7249,.T.);
#3172=ORIENTED_EDGE('',*,*,#7246,.F.);
#3173=ORIENTED_EDGE('',*,*,#6896,.F.);
#3174=ORIENTED_EDGE('',*,*,#7282,.T.);
#3175=ORIENTED_EDGE('',*,*,#7291,.T.);
#3176=ORIENTED_EDGE('',*,*,#7283,.F.);
#3177=ORIENTED_EDGE('',*,*,#6895,.F.);
#3178=ORIENTED_EDGE('',*,*,#7296,.T.);
#3179=ORIENTED_EDGE('',*,*,#7300,.F.);
#3180=ORIENTED_EDGE('',*,*,#7295,.F.);
#3181=ORIENTED_EDGE('',*,*,#6894,.F.);
#3182=ORIENTED_EDGE('',*,*,#7275,.T.);
#3183=ORIENTED_EDGE('',*,*,#7279,.T.);
#3184=ORIENTED_EDGE('',*,*,#7276,.F.);
#3185=ORIENTED_EDGE('',*,*,#6893,.F.);
#3186=ORIENTED_EDGE('',*,*,#7312,.T.);
#3187=ORIENTED_EDGE('',*,*,#7321,.T.);
#3188=ORIENTED_EDGE('',*,*,#7313,.F.);
#3189=ORIENTED_EDGE('',*,*,#6892,.F.);
#3190=ORIENTED_EDGE('',*,*,#7326,.T.);
#3191=ORIENTED_EDGE('',*,*,#7330,.F.);
#3192=ORIENTED_EDGE('',*,*,#7325,.F.);
#3193=ORIENTED_EDGE('',*,*,#6891,.F.);
#3194=ORIENTED_EDGE('',*,*,#7305,.T.);
#3195=ORIENTED_EDGE('',*,*,#7309,.T.);
#3196=ORIENTED_EDGE('',*,*,#7306,.F.);
#3197=ORIENTED_EDGE('',*,*,#6890,.F.);
#3198=ORIENTED_EDGE('',*,*,#7342,.T.);
#3199=ORIENTED_EDGE('',*,*,#7351,.T.);
#3200=ORIENTED_EDGE('',*,*,#7343,.F.);
#3201=ORIENTED_EDGE('',*,*,#6889,.F.);
#3202=ORIENTED_EDGE('',*,*,#7356,.T.);
#3203=ORIENTED_EDGE('',*,*,#7360,.F.);
#3204=ORIENTED_EDGE('',*,*,#7355,.F.);
#3205=ORIENTED_EDGE('',*,*,#6888,.F.);
#3206=ORIENTED_EDGE('',*,*,#7335,.T.);
#3207=ORIENTED_EDGE('',*,*,#7339,.T.);
#3208=ORIENTED_EDGE('',*,*,#7336,.F.);
#3209=ORIENTED_EDGE('',*,*,#6887,.F.);
#3210=ORIENTED_EDGE('',*,*,#7372,.T.);
#3211=ORIENTED_EDGE('',*,*,#7381,.T.);
#3212=ORIENTED_EDGE('',*,*,#7373,.F.);
#3213=ORIENTED_EDGE('',*,*,#6886,.F.);
#3214=ORIENTED_EDGE('',*,*,#7386,.T.);
#3215=ORIENTED_EDGE('',*,*,#7390,.F.);
#3216=ORIENTED_EDGE('',*,*,#7385,.F.);
#3217=ORIENTED_EDGE('',*,*,#6885,.F.);
#3218=ORIENTED_EDGE('',*,*,#7365,.T.);
#3219=ORIENTED_EDGE('',*,*,#7369,.T.);
#3220=ORIENTED_EDGE('',*,*,#7366,.F.);
#3221=ORIENTED_EDGE('',*,*,#6884,.F.);
#3222=ORIENTED_EDGE('',*,*,#7402,.T.);
#3223=ORIENTED_EDGE('',*,*,#7411,.T.);
#3224=ORIENTED_EDGE('',*,*,#7403,.F.);
#3225=ORIENTED_EDGE('',*,*,#6883,.F.);
#3226=ORIENTED_EDGE('',*,*,#7416,.T.);
#3227=ORIENTED_EDGE('',*,*,#7420,.F.);
#3228=ORIENTED_EDGE('',*,*,#7415,.F.);
#3229=ORIENTED_EDGE('',*,*,#6882,.F.);
#3230=ORIENTED_EDGE('',*,*,#7395,.T.);
#3231=ORIENTED_EDGE('',*,*,#7399,.T.);
#3232=ORIENTED_EDGE('',*,*,#7396,.F.);
#3233=ORIENTED_EDGE('',*,*,#6881,.F.);
#3234=ORIENTED_EDGE('',*,*,#7432,.T.);
#3235=ORIENTED_EDGE('',*,*,#7441,.T.);
#3236=ORIENTED_EDGE('',*,*,#7433,.F.);
#3237=ORIENTED_EDGE('',*,*,#6880,.F.);
#3238=ORIENTED_EDGE('',*,*,#7446,.T.);
#3239=ORIENTED_EDGE('',*,*,#7450,.F.);
#3240=ORIENTED_EDGE('',*,*,#7445,.F.);
#3241=ORIENTED_EDGE('',*,*,#6879,.F.);
#3242=ORIENTED_EDGE('',*,*,#7425,.T.);
#3243=ORIENTED_EDGE('',*,*,#7429,.T.);
#3244=ORIENTED_EDGE('',*,*,#7426,.F.);
#3245=ORIENTED_EDGE('',*,*,#6878,.F.);
#3246=ORIENTED_EDGE('',*,*,#7462,.T.);
#3247=ORIENTED_EDGE('',*,*,#7471,.T.);
#3248=ORIENTED_EDGE('',*,*,#7463,.F.);
#3249=ORIENTED_EDGE('',*,*,#6877,.F.);
#3250=ORIENTED_EDGE('',*,*,#7476,.T.);
#3251=ORIENTED_EDGE('',*,*,#7480,.F.);
#3252=ORIENTED_EDGE('',*,*,#7475,.F.);
#3253=ORIENTED_EDGE('',*,*,#6876,.F.);
#3254=ORIENTED_EDGE('',*,*,#7455,.T.);
#3255=ORIENTED_EDGE('',*,*,#7459,.T.);
#3256=ORIENTED_EDGE('',*,*,#7456,.F.);
#3257=ORIENTED_EDGE('',*,*,#6875,.F.);
#3258=ORIENTED_EDGE('',*,*,#7492,.T.);
#3259=ORIENTED_EDGE('',*,*,#7501,.T.);
#3260=ORIENTED_EDGE('',*,*,#7493,.F.);
#3261=ORIENTED_EDGE('',*,*,#6874,.F.);
#3262=ORIENTED_EDGE('',*,*,#7506,.T.);
#3263=ORIENTED_EDGE('',*,*,#7510,.F.);
#3264=ORIENTED_EDGE('',*,*,#7505,.F.);
#3265=ORIENTED_EDGE('',*,*,#6873,.F.);
#3266=ORIENTED_EDGE('',*,*,#7485,.T.);
#3267=ORIENTED_EDGE('',*,*,#7489,.T.);
#3268=ORIENTED_EDGE('',*,*,#7486,.F.);
#3269=ORIENTED_EDGE('',*,*,#6872,.F.);
#3270=ORIENTED_EDGE('',*,*,#7522,.T.);
#3271=ORIENTED_EDGE('',*,*,#7531,.T.);
#3272=ORIENTED_EDGE('',*,*,#7523,.F.);
#3273=ORIENTED_EDGE('',*,*,#6871,.F.);
#3274=ORIENTED_EDGE('',*,*,#7536,.T.);
#3275=ORIENTED_EDGE('',*,*,#7540,.F.);
#3276=ORIENTED_EDGE('',*,*,#7535,.F.);
#3277=ORIENTED_EDGE('',*,*,#6870,.F.);
#3278=ORIENTED_EDGE('',*,*,#7515,.T.);
#3279=ORIENTED_EDGE('',*,*,#7519,.T.);
#3280=ORIENTED_EDGE('',*,*,#7516,.F.);
#3281=ORIENTED_EDGE('',*,*,#6869,.F.);
#3282=ORIENTED_EDGE('',*,*,#7552,.T.);
#3283=ORIENTED_EDGE('',*,*,#7561,.T.);
#3284=ORIENTED_EDGE('',*,*,#7553,.F.);
#3285=ORIENTED_EDGE('',*,*,#6868,.F.);
#3286=ORIENTED_EDGE('',*,*,#7566,.T.);
#3287=ORIENTED_EDGE('',*,*,#7570,.F.);
#3288=ORIENTED_EDGE('',*,*,#7565,.F.);
#3289=ORIENTED_EDGE('',*,*,#6867,.F.);
#3290=ORIENTED_EDGE('',*,*,#7545,.T.);
#3291=ORIENTED_EDGE('',*,*,#7549,.T.);
#3292=ORIENTED_EDGE('',*,*,#7546,.F.);
#3293=ORIENTED_EDGE('',*,*,#6866,.F.);
#3294=ORIENTED_EDGE('',*,*,#7582,.T.);
#3295=ORIENTED_EDGE('',*,*,#7591,.T.);
#3296=ORIENTED_EDGE('',*,*,#7583,.F.);
#3297=ORIENTED_EDGE('',*,*,#6865,.F.);
#3298=ORIENTED_EDGE('',*,*,#7596,.T.);
#3299=ORIENTED_EDGE('',*,*,#7600,.F.);
#3300=ORIENTED_EDGE('',*,*,#7595,.F.);
#3301=ORIENTED_EDGE('',*,*,#6864,.F.);
#3302=ORIENTED_EDGE('',*,*,#7575,.T.);
#3303=ORIENTED_EDGE('',*,*,#7579,.T.);
#3304=ORIENTED_EDGE('',*,*,#7576,.F.);
#3305=ORIENTED_EDGE('',*,*,#6863,.F.);
#3306=ORIENTED_EDGE('',*,*,#7612,.T.);
#3307=ORIENTED_EDGE('',*,*,#7621,.T.);
#3308=ORIENTED_EDGE('',*,*,#7613,.F.);
#3309=ORIENTED_EDGE('',*,*,#6862,.F.);
#3310=ORIENTED_EDGE('',*,*,#7626,.T.);
#3311=ORIENTED_EDGE('',*,*,#7630,.F.);
#3312=ORIENTED_EDGE('',*,*,#7625,.F.);
#3313=ORIENTED_EDGE('',*,*,#6861,.F.);
#3314=ORIENTED_EDGE('',*,*,#7605,.T.);
#3315=ORIENTED_EDGE('',*,*,#7609,.T.);
#3316=ORIENTED_EDGE('',*,*,#7606,.F.);
#3317=ORIENTED_EDGE('',*,*,#6860,.F.);
#3318=ORIENTED_EDGE('',*,*,#7642,.T.);
#3319=ORIENTED_EDGE('',*,*,#7651,.T.);
#3320=ORIENTED_EDGE('',*,*,#7643,.F.);
#3321=ORIENTED_EDGE('',*,*,#6859,.F.);
#3322=ORIENTED_EDGE('',*,*,#7656,.T.);
#3323=ORIENTED_EDGE('',*,*,#7660,.F.);
#3324=ORIENTED_EDGE('',*,*,#7655,.F.);
#3325=ORIENTED_EDGE('',*,*,#6858,.F.);
#3326=ORIENTED_EDGE('',*,*,#7635,.T.);
#3327=ORIENTED_EDGE('',*,*,#7639,.T.);
#3328=ORIENTED_EDGE('',*,*,#7636,.F.);
#3329=ORIENTED_EDGE('',*,*,#6857,.F.);
#3330=ORIENTED_EDGE('',*,*,#7672,.T.);
#3331=ORIENTED_EDGE('',*,*,#7681,.T.);
#3332=ORIENTED_EDGE('',*,*,#7673,.F.);
#3333=ORIENTED_EDGE('',*,*,#6856,.F.);
#3334=ORIENTED_EDGE('',*,*,#7686,.T.);
#3335=ORIENTED_EDGE('',*,*,#7690,.F.);
#3336=ORIENTED_EDGE('',*,*,#7685,.F.);
#3337=ORIENTED_EDGE('',*,*,#6855,.F.);
#3338=ORIENTED_EDGE('',*,*,#7665,.T.);
#3339=ORIENTED_EDGE('',*,*,#7669,.T.);
#3340=ORIENTED_EDGE('',*,*,#7666,.F.);
#3341=ORIENTED_EDGE('',*,*,#6854,.F.);
#3342=ORIENTED_EDGE('',*,*,#7702,.T.);
#3343=ORIENTED_EDGE('',*,*,#7711,.T.);
#3344=ORIENTED_EDGE('',*,*,#7703,.F.);
#3345=ORIENTED_EDGE('',*,*,#6853,.F.);
#3346=ORIENTED_EDGE('',*,*,#7716,.T.);
#3347=ORIENTED_EDGE('',*,*,#7720,.F.);
#3348=ORIENTED_EDGE('',*,*,#7715,.F.);
#3349=ORIENTED_EDGE('',*,*,#6852,.F.);
#3350=ORIENTED_EDGE('',*,*,#7695,.T.);
#3351=ORIENTED_EDGE('',*,*,#7699,.T.);
#3352=ORIENTED_EDGE('',*,*,#7696,.F.);
#3353=ORIENTED_EDGE('',*,*,#6851,.F.);
#3354=ORIENTED_EDGE('',*,*,#7732,.T.);
#3355=ORIENTED_EDGE('',*,*,#7741,.T.);
#3356=ORIENTED_EDGE('',*,*,#7733,.F.);
#3357=ORIENTED_EDGE('',*,*,#6850,.F.);
#3358=ORIENTED_EDGE('',*,*,#7746,.T.);
#3359=ORIENTED_EDGE('',*,*,#7750,.F.);
#3360=ORIENTED_EDGE('',*,*,#7745,.F.);
#3361=ORIENTED_EDGE('',*,*,#6849,.F.);
#3362=ORIENTED_EDGE('',*,*,#7725,.T.);
#3363=ORIENTED_EDGE('',*,*,#7729,.T.);
#3364=ORIENTED_EDGE('',*,*,#7726,.F.);
#3365=ORIENTED_EDGE('',*,*,#6848,.F.);
#3366=ORIENTED_EDGE('',*,*,#7762,.T.);
#3367=ORIENTED_EDGE('',*,*,#7771,.T.);
#3368=ORIENTED_EDGE('',*,*,#7763,.F.);
#3369=ORIENTED_EDGE('',*,*,#6847,.F.);
#3370=ORIENTED_EDGE('',*,*,#7776,.T.);
#3371=ORIENTED_EDGE('',*,*,#7780,.F.);
#3372=ORIENTED_EDGE('',*,*,#7775,.F.);
#3373=ORIENTED_EDGE('',*,*,#6846,.F.);
#3374=ORIENTED_EDGE('',*,*,#7755,.T.);
#3375=ORIENTED_EDGE('',*,*,#7759,.T.);
#3376=ORIENTED_EDGE('',*,*,#7756,.F.);
#3377=ORIENTED_EDGE('',*,*,#6845,.F.);
#3378=ORIENTED_EDGE('',*,*,#7792,.T.);
#3379=ORIENTED_EDGE('',*,*,#7801,.T.);
#3380=ORIENTED_EDGE('',*,*,#7793,.F.);
#3381=ORIENTED_EDGE('',*,*,#6844,.F.);
#3382=ORIENTED_EDGE('',*,*,#7806,.T.);
#3383=ORIENTED_EDGE('',*,*,#7810,.F.);
#3384=ORIENTED_EDGE('',*,*,#7805,.F.);
#3385=ORIENTED_EDGE('',*,*,#6843,.F.);
#3386=ORIENTED_EDGE('',*,*,#7785,.T.);
#3387=ORIENTED_EDGE('',*,*,#7789,.T.);
#3388=ORIENTED_EDGE('',*,*,#7786,.F.);
#3389=ORIENTED_EDGE('',*,*,#6842,.F.);
#3390=ORIENTED_EDGE('',*,*,#7822,.T.);
#3391=ORIENTED_EDGE('',*,*,#7831,.T.);
#3392=ORIENTED_EDGE('',*,*,#7823,.F.);
#3393=ORIENTED_EDGE('',*,*,#6841,.F.);
#3394=ORIENTED_EDGE('',*,*,#7836,.T.);
#3395=ORIENTED_EDGE('',*,*,#7840,.F.);
#3396=ORIENTED_EDGE('',*,*,#7835,.F.);
#3397=ORIENTED_EDGE('',*,*,#6840,.F.);
#3398=ORIENTED_EDGE('',*,*,#7815,.T.);
#3399=ORIENTED_EDGE('',*,*,#7819,.T.);
#3400=ORIENTED_EDGE('',*,*,#7816,.F.);
#3401=ORIENTED_EDGE('',*,*,#6839,.F.);
#3402=ORIENTED_EDGE('',*,*,#7852,.T.);
#3403=ORIENTED_EDGE('',*,*,#7861,.T.);
#3404=ORIENTED_EDGE('',*,*,#7853,.F.);
#3405=ORIENTED_EDGE('',*,*,#6838,.F.);
#3406=ORIENTED_EDGE('',*,*,#7866,.T.);
#3407=ORIENTED_EDGE('',*,*,#7870,.F.);
#3408=ORIENTED_EDGE('',*,*,#7865,.F.);
#3409=ORIENTED_EDGE('',*,*,#6837,.F.);
#3410=ORIENTED_EDGE('',*,*,#7845,.T.);
#3411=ORIENTED_EDGE('',*,*,#7849,.T.);
#3412=ORIENTED_EDGE('',*,*,#7846,.F.);
#3413=ORIENTED_EDGE('',*,*,#6836,.F.);
#3414=ORIENTED_EDGE('',*,*,#7882,.T.);
#3415=ORIENTED_EDGE('',*,*,#7891,.T.);
#3416=ORIENTED_EDGE('',*,*,#7883,.F.);
#3417=ORIENTED_EDGE('',*,*,#6835,.F.);
#3418=ORIENTED_EDGE('',*,*,#7896,.T.);
#3419=ORIENTED_EDGE('',*,*,#7900,.F.);
#3420=ORIENTED_EDGE('',*,*,#7895,.F.);
#3421=ORIENTED_EDGE('',*,*,#6834,.F.);
#3422=ORIENTED_EDGE('',*,*,#7875,.T.);
#3423=ORIENTED_EDGE('',*,*,#7879,.T.);
#3424=ORIENTED_EDGE('',*,*,#7876,.F.);
#3425=ORIENTED_EDGE('',*,*,#6833,.F.);
#3426=ORIENTED_EDGE('',*,*,#7912,.T.);
#3427=ORIENTED_EDGE('',*,*,#7921,.T.);
#3428=ORIENTED_EDGE('',*,*,#7913,.F.);
#3429=ORIENTED_EDGE('',*,*,#6832,.F.);
#3430=ORIENTED_EDGE('',*,*,#7926,.T.);
#3431=ORIENTED_EDGE('',*,*,#7930,.F.);
#3432=ORIENTED_EDGE('',*,*,#7925,.F.);
#3433=ORIENTED_EDGE('',*,*,#6831,.F.);
#3434=ORIENTED_EDGE('',*,*,#7905,.T.);
#3435=ORIENTED_EDGE('',*,*,#7909,.T.);
#3436=ORIENTED_EDGE('',*,*,#7906,.F.);
#3437=ORIENTED_EDGE('',*,*,#6830,.F.);
#3438=ORIENTED_EDGE('',*,*,#7942,.T.);
#3439=ORIENTED_EDGE('',*,*,#7951,.T.);
#3440=ORIENTED_EDGE('',*,*,#7943,.F.);
#3441=ORIENTED_EDGE('',*,*,#6829,.F.);
#3442=ORIENTED_EDGE('',*,*,#7956,.T.);
#3443=ORIENTED_EDGE('',*,*,#7960,.F.);
#3444=ORIENTED_EDGE('',*,*,#7955,.F.);
#3445=ORIENTED_EDGE('',*,*,#6828,.F.);
#3446=ORIENTED_EDGE('',*,*,#7935,.T.);
#3447=ORIENTED_EDGE('',*,*,#7939,.T.);
#3448=ORIENTED_EDGE('',*,*,#7936,.F.);
#3449=ORIENTED_EDGE('',*,*,#6827,.F.);
#3450=ORIENTED_EDGE('',*,*,#7972,.T.);
#3451=ORIENTED_EDGE('',*,*,#7981,.T.);
#3452=ORIENTED_EDGE('',*,*,#7973,.F.);
#3453=ORIENTED_EDGE('',*,*,#6826,.F.);
#3454=ORIENTED_EDGE('',*,*,#7986,.T.);
#3455=ORIENTED_EDGE('',*,*,#7990,.F.);
#3456=ORIENTED_EDGE('',*,*,#7985,.F.);
#3457=ORIENTED_EDGE('',*,*,#6825,.F.);
#3458=ORIENTED_EDGE('',*,*,#7965,.T.);
#3459=ORIENTED_EDGE('',*,*,#7969,.T.);
#3460=ORIENTED_EDGE('',*,*,#7966,.F.);
#3461=ORIENTED_EDGE('',*,*,#6824,.F.);
#3462=ORIENTED_EDGE('',*,*,#8002,.T.);
#3463=ORIENTED_EDGE('',*,*,#8011,.T.);
#3464=ORIENTED_EDGE('',*,*,#8003,.F.);
#3465=ORIENTED_EDGE('',*,*,#6823,.F.);
#3466=ORIENTED_EDGE('',*,*,#8016,.T.);
#3467=ORIENTED_EDGE('',*,*,#8020,.F.);
#3468=ORIENTED_EDGE('',*,*,#8015,.F.);
#3469=ORIENTED_EDGE('',*,*,#6822,.F.);
#3470=ORIENTED_EDGE('',*,*,#7995,.T.);
#3471=ORIENTED_EDGE('',*,*,#7999,.T.);
#3472=ORIENTED_EDGE('',*,*,#7996,.F.);
#3473=ORIENTED_EDGE('',*,*,#6821,.F.);
#3474=ORIENTED_EDGE('',*,*,#8032,.T.);
#3475=ORIENTED_EDGE('',*,*,#8041,.T.);
#3476=ORIENTED_EDGE('',*,*,#8033,.F.);
#3477=ORIENTED_EDGE('',*,*,#6820,.F.);
#3478=ORIENTED_EDGE('',*,*,#8046,.T.);
#3479=ORIENTED_EDGE('',*,*,#8050,.F.);
#3480=ORIENTED_EDGE('',*,*,#8045,.F.);
#3481=ORIENTED_EDGE('',*,*,#6819,.F.);
#3482=ORIENTED_EDGE('',*,*,#8025,.T.);
#3483=ORIENTED_EDGE('',*,*,#8029,.T.);
#3484=ORIENTED_EDGE('',*,*,#8026,.F.);
#3485=ORIENTED_EDGE('',*,*,#6818,.F.);
#3486=ORIENTED_EDGE('',*,*,#8062,.T.);
#3487=ORIENTED_EDGE('',*,*,#8071,.T.);
#3488=ORIENTED_EDGE('',*,*,#8063,.F.);
#3489=ORIENTED_EDGE('',*,*,#6817,.F.);
#3490=ORIENTED_EDGE('',*,*,#8076,.T.);
#3491=ORIENTED_EDGE('',*,*,#8080,.F.);
#3492=ORIENTED_EDGE('',*,*,#8075,.F.);
#3493=ORIENTED_EDGE('',*,*,#6816,.F.);
#3494=ORIENTED_EDGE('',*,*,#8055,.T.);
#3495=ORIENTED_EDGE('',*,*,#8059,.T.);
#3496=ORIENTED_EDGE('',*,*,#8056,.F.);
#3497=ORIENTED_EDGE('',*,*,#6815,.F.);
#3498=ORIENTED_EDGE('',*,*,#8092,.T.);
#3499=ORIENTED_EDGE('',*,*,#8101,.T.);
#3500=ORIENTED_EDGE('',*,*,#8093,.F.);
#3501=ORIENTED_EDGE('',*,*,#6814,.F.);
#3502=ORIENTED_EDGE('',*,*,#8106,.T.);
#3503=ORIENTED_EDGE('',*,*,#8110,.F.);
#3504=ORIENTED_EDGE('',*,*,#8105,.F.);
#3505=ORIENTED_EDGE('',*,*,#6813,.F.);
#3506=ORIENTED_EDGE('',*,*,#8085,.T.);
#3507=ORIENTED_EDGE('',*,*,#8089,.T.);
#3508=ORIENTED_EDGE('',*,*,#8086,.F.);
#3509=ORIENTED_EDGE('',*,*,#6812,.F.);
#3510=ORIENTED_EDGE('',*,*,#8122,.T.);
#3511=ORIENTED_EDGE('',*,*,#8131,.T.);
#3512=ORIENTED_EDGE('',*,*,#8123,.F.);
#3513=ORIENTED_EDGE('',*,*,#6811,.F.);
#3514=ORIENTED_EDGE('',*,*,#8136,.T.);
#3515=ORIENTED_EDGE('',*,*,#8140,.F.);
#3516=ORIENTED_EDGE('',*,*,#8135,.F.);
#3517=ORIENTED_EDGE('',*,*,#6810,.F.);
#3518=ORIENTED_EDGE('',*,*,#8115,.T.);
#3519=ORIENTED_EDGE('',*,*,#8119,.T.);
#3520=ORIENTED_EDGE('',*,*,#8116,.F.);
#3521=ORIENTED_EDGE('',*,*,#6809,.F.);
#3522=ORIENTED_EDGE('',*,*,#8152,.T.);
#3523=ORIENTED_EDGE('',*,*,#8161,.T.);
#3524=ORIENTED_EDGE('',*,*,#8153,.F.);
#3525=ORIENTED_EDGE('',*,*,#6808,.F.);
#3526=ORIENTED_EDGE('',*,*,#8166,.T.);
#3527=ORIENTED_EDGE('',*,*,#8170,.F.);
#3528=ORIENTED_EDGE('',*,*,#8165,.F.);
#3529=ORIENTED_EDGE('',*,*,#6807,.F.);
#3530=ORIENTED_EDGE('',*,*,#8145,.T.);
#3531=ORIENTED_EDGE('',*,*,#8149,.T.);
#3532=ORIENTED_EDGE('',*,*,#8146,.F.);
#3533=ORIENTED_EDGE('',*,*,#6806,.F.);
#3534=ORIENTED_EDGE('',*,*,#8182,.T.);
#3535=ORIENTED_EDGE('',*,*,#8191,.T.);
#3536=ORIENTED_EDGE('',*,*,#8183,.F.);
#3537=ORIENTED_EDGE('',*,*,#6805,.F.);
#3538=ORIENTED_EDGE('',*,*,#8196,.T.);
#3539=ORIENTED_EDGE('',*,*,#8200,.F.);
#3540=ORIENTED_EDGE('',*,*,#8195,.F.);
#3541=ORIENTED_EDGE('',*,*,#6804,.F.);
#3542=ORIENTED_EDGE('',*,*,#8175,.T.);
#3543=ORIENTED_EDGE('',*,*,#8179,.T.);
#3544=ORIENTED_EDGE('',*,*,#8176,.F.);
#3545=ORIENTED_EDGE('',*,*,#6803,.F.);
#3546=ORIENTED_EDGE('',*,*,#8212,.T.);
#3547=ORIENTED_EDGE('',*,*,#8221,.T.);
#3548=ORIENTED_EDGE('',*,*,#8213,.F.);
#3549=ORIENTED_EDGE('',*,*,#6802,.F.);
#3550=ORIENTED_EDGE('',*,*,#8226,.T.);
#3551=ORIENTED_EDGE('',*,*,#8230,.F.);
#3552=ORIENTED_EDGE('',*,*,#8225,.F.);
#3553=ORIENTED_EDGE('',*,*,#6801,.F.);
#3554=ORIENTED_EDGE('',*,*,#8205,.T.);
#3555=ORIENTED_EDGE('',*,*,#8209,.T.);
#3556=ORIENTED_EDGE('',*,*,#8206,.F.);
#3557=ORIENTED_EDGE('',*,*,#6800,.F.);
#3558=ORIENTED_EDGE('',*,*,#8242,.T.);
#3559=ORIENTED_EDGE('',*,*,#8251,.T.);
#3560=ORIENTED_EDGE('',*,*,#8243,.F.);
#3561=ORIENTED_EDGE('',*,*,#6799,.F.);
#3562=ORIENTED_EDGE('',*,*,#8256,.T.);
#3563=ORIENTED_EDGE('',*,*,#8260,.F.);
#3564=ORIENTED_EDGE('',*,*,#8255,.F.);
#3565=ORIENTED_EDGE('',*,*,#6798,.F.);
#3566=ORIENTED_EDGE('',*,*,#8235,.T.);
#3567=ORIENTED_EDGE('',*,*,#8239,.T.);
#3568=ORIENTED_EDGE('',*,*,#8236,.F.);
#3569=ORIENTED_EDGE('',*,*,#6797,.F.);
#3570=ORIENTED_EDGE('',*,*,#8272,.T.);
#3571=ORIENTED_EDGE('',*,*,#8281,.T.);
#3572=ORIENTED_EDGE('',*,*,#8273,.F.);
#3573=ORIENTED_EDGE('',*,*,#6796,.F.);
#3574=ORIENTED_EDGE('',*,*,#8286,.T.);
#3575=ORIENTED_EDGE('',*,*,#8290,.F.);
#3576=ORIENTED_EDGE('',*,*,#8285,.F.);
#3577=ORIENTED_EDGE('',*,*,#6795,.F.);
#3578=ORIENTED_EDGE('',*,*,#8265,.T.);
#3579=ORIENTED_EDGE('',*,*,#8269,.T.);
#3580=ORIENTED_EDGE('',*,*,#8266,.F.);
#3581=ORIENTED_EDGE('',*,*,#6794,.F.);
#3582=ORIENTED_EDGE('',*,*,#8302,.T.);
#3583=ORIENTED_EDGE('',*,*,#8311,.T.);
#3584=ORIENTED_EDGE('',*,*,#8303,.F.);
#3585=ORIENTED_EDGE('',*,*,#6793,.F.);
#3586=ORIENTED_EDGE('',*,*,#8316,.T.);
#3587=ORIENTED_EDGE('',*,*,#8320,.F.);
#3588=ORIENTED_EDGE('',*,*,#8315,.F.);
#3589=ORIENTED_EDGE('',*,*,#6792,.F.);
#3590=ORIENTED_EDGE('',*,*,#8295,.T.);
#3591=ORIENTED_EDGE('',*,*,#8299,.T.);
#3592=ORIENTED_EDGE('',*,*,#8296,.F.);
#3593=ORIENTED_EDGE('',*,*,#6791,.F.);
#3594=ORIENTED_EDGE('',*,*,#8332,.T.);
#3595=ORIENTED_EDGE('',*,*,#8341,.T.);
#3596=ORIENTED_EDGE('',*,*,#8333,.F.);
#3597=ORIENTED_EDGE('',*,*,#6790,.F.);
#3598=ORIENTED_EDGE('',*,*,#8346,.T.);
#3599=ORIENTED_EDGE('',*,*,#8350,.F.);
#3600=ORIENTED_EDGE('',*,*,#8345,.F.);
#3601=ORIENTED_EDGE('',*,*,#6789,.F.);
#3602=ORIENTED_EDGE('',*,*,#8325,.T.);
#3603=ORIENTED_EDGE('',*,*,#8329,.T.);
#3604=ORIENTED_EDGE('',*,*,#8326,.F.);
#3605=ORIENTED_EDGE('',*,*,#6788,.F.);
#3606=ORIENTED_EDGE('',*,*,#8362,.T.);
#3607=ORIENTED_EDGE('',*,*,#8371,.T.);
#3608=ORIENTED_EDGE('',*,*,#8363,.F.);
#3609=ORIENTED_EDGE('',*,*,#6787,.F.);
#3610=ORIENTED_EDGE('',*,*,#8376,.T.);
#3611=ORIENTED_EDGE('',*,*,#8380,.F.);
#3612=ORIENTED_EDGE('',*,*,#8375,.F.);
#3613=ORIENTED_EDGE('',*,*,#6786,.F.);
#3614=ORIENTED_EDGE('',*,*,#8355,.T.);
#3615=ORIENTED_EDGE('',*,*,#8359,.T.);
#3616=ORIENTED_EDGE('',*,*,#8356,.F.);
#3617=ORIENTED_EDGE('',*,*,#6785,.F.);
#3618=ORIENTED_EDGE('',*,*,#8392,.T.);
#3619=ORIENTED_EDGE('',*,*,#8401,.T.);
#3620=ORIENTED_EDGE('',*,*,#8393,.F.);
#3621=ORIENTED_EDGE('',*,*,#6784,.F.);
#3622=ORIENTED_EDGE('',*,*,#8406,.T.);
#3623=ORIENTED_EDGE('',*,*,#8410,.F.);
#3624=ORIENTED_EDGE('',*,*,#8405,.F.);
#3625=ORIENTED_EDGE('',*,*,#6783,.F.);
#3626=ORIENTED_EDGE('',*,*,#8385,.T.);
#3627=ORIENTED_EDGE('',*,*,#8389,.T.);
#3628=ORIENTED_EDGE('',*,*,#8386,.F.);
#3629=ORIENTED_EDGE('',*,*,#6782,.F.);
#3630=ORIENTED_EDGE('',*,*,#8422,.T.);
#3631=ORIENTED_EDGE('',*,*,#8431,.T.);
#3632=ORIENTED_EDGE('',*,*,#8423,.F.);
#3633=ORIENTED_EDGE('',*,*,#6781,.F.);
#3634=ORIENTED_EDGE('',*,*,#8436,.T.);
#3635=ORIENTED_EDGE('',*,*,#8440,.F.);
#3636=ORIENTED_EDGE('',*,*,#8435,.F.);
#3637=ORIENTED_EDGE('',*,*,#6780,.F.);
#3638=ORIENTED_EDGE('',*,*,#8415,.T.);
#3639=ORIENTED_EDGE('',*,*,#8419,.T.);
#3640=ORIENTED_EDGE('',*,*,#8416,.F.);
#3641=ORIENTED_EDGE('',*,*,#6779,.F.);
#3642=ORIENTED_EDGE('',*,*,#8452,.T.);
#3643=ORIENTED_EDGE('',*,*,#8461,.T.);
#3644=ORIENTED_EDGE('',*,*,#8453,.F.);
#3645=ORIENTED_EDGE('',*,*,#6778,.F.);
#3646=ORIENTED_EDGE('',*,*,#8466,.T.);
#3647=ORIENTED_EDGE('',*,*,#8470,.F.);
#3648=ORIENTED_EDGE('',*,*,#8465,.F.);
#3649=ORIENTED_EDGE('',*,*,#6777,.F.);
#3650=ORIENTED_EDGE('',*,*,#8445,.T.);
#3651=ORIENTED_EDGE('',*,*,#8449,.T.);
#3652=ORIENTED_EDGE('',*,*,#8446,.F.);
#3653=ORIENTED_EDGE('',*,*,#6776,.F.);
#3654=ORIENTED_EDGE('',*,*,#8474,.T.);
#3655=ORIENTED_EDGE('',*,*,#8483,.T.);
#3656=ORIENTED_EDGE('',*,*,#8475,.F.);
#3657=ORIENTED_EDGE('',*,*,#6775,.F.);
#3658=ORIENTED_EDGE('',*,*,#6956,.F.);
#3659=ORIENTED_EDGE('',*,*,#6918,.F.);
#3660=ORIENTED_EDGE('',*,*,#6937,.T.);
#3661=ORIENTED_EDGE('',*,*,#6747,.T.);
#3662=ORIENTED_EDGE('',*,*,#6955,.F.);
#3663=ORIENTED_EDGE('',*,*,#6747,.F.);
#3664=ORIENTED_EDGE('',*,*,#6936,.T.);
#3665=ORIENTED_EDGE('',*,*,#6748,.T.);
#3666=ORIENTED_EDGE('',*,*,#6954,.F.);
#3667=ORIENTED_EDGE('',*,*,#6748,.F.);
#3668=ORIENTED_EDGE('',*,*,#6935,.T.);
#3669=ORIENTED_EDGE('',*,*,#6749,.T.);
#3670=ORIENTED_EDGE('',*,*,#6953,.F.);
#3671=ORIENTED_EDGE('',*,*,#6749,.F.);
#3672=ORIENTED_EDGE('',*,*,#6934,.T.);
#3673=ORIENTED_EDGE('',*,*,#6750,.T.);
#3674=ORIENTED_EDGE('',*,*,#6952,.F.);
#3675=ORIENTED_EDGE('',*,*,#6750,.F.);
#3676=ORIENTED_EDGE('',*,*,#6933,.T.);
#3677=ORIENTED_EDGE('',*,*,#6751,.T.);
#3678=ORIENTED_EDGE('',*,*,#6951,.F.);
#3679=ORIENTED_EDGE('',*,*,#6751,.F.);
#3680=ORIENTED_EDGE('',*,*,#6932,.T.);
#3681=ORIENTED_EDGE('',*,*,#6752,.T.);
#3682=ORIENTED_EDGE('',*,*,#6950,.F.);
#3683=ORIENTED_EDGE('',*,*,#6752,.F.);
#3684=ORIENTED_EDGE('',*,*,#6931,.T.);
#3685=ORIENTED_EDGE('',*,*,#6753,.T.);
#3686=ORIENTED_EDGE('',*,*,#6949,.F.);
#3687=ORIENTED_EDGE('',*,*,#6753,.F.);
#3688=ORIENTED_EDGE('',*,*,#6930,.T.);
#3689=ORIENTED_EDGE('',*,*,#6754,.T.);
#3690=ORIENTED_EDGE('',*,*,#6948,.F.);
#3691=ORIENTED_EDGE('',*,*,#6754,.F.);
#3692=ORIENTED_EDGE('',*,*,#6929,.T.);
#3693=ORIENTED_EDGE('',*,*,#6755,.T.);
#3694=ORIENTED_EDGE('',*,*,#6947,.F.);
#3695=ORIENTED_EDGE('',*,*,#6755,.F.);
#3696=ORIENTED_EDGE('',*,*,#6928,.T.);
#3697=ORIENTED_EDGE('',*,*,#6756,.T.);
#3698=ORIENTED_EDGE('',*,*,#6946,.F.);
#3699=ORIENTED_EDGE('',*,*,#6756,.F.);
#3700=ORIENTED_EDGE('',*,*,#6927,.T.);
#3701=ORIENTED_EDGE('',*,*,#6757,.T.);
#3702=ORIENTED_EDGE('',*,*,#6945,.F.);
#3703=ORIENTED_EDGE('',*,*,#6757,.F.);
#3704=ORIENTED_EDGE('',*,*,#6926,.T.);
#3705=ORIENTED_EDGE('',*,*,#6758,.T.);
#3706=ORIENTED_EDGE('',*,*,#6944,.F.);
#3707=ORIENTED_EDGE('',*,*,#6758,.F.);
#3708=ORIENTED_EDGE('',*,*,#6925,.T.);
#3709=ORIENTED_EDGE('',*,*,#6759,.T.);
#3710=ORIENTED_EDGE('',*,*,#6943,.F.);
#3711=ORIENTED_EDGE('',*,*,#6759,.F.);
#3712=ORIENTED_EDGE('',*,*,#6924,.T.);
#3713=ORIENTED_EDGE('',*,*,#6760,.T.);
#3714=ORIENTED_EDGE('',*,*,#6942,.F.);
#3715=ORIENTED_EDGE('',*,*,#6760,.F.);
#3716=ORIENTED_EDGE('',*,*,#6923,.T.);
#3717=ORIENTED_EDGE('',*,*,#6761,.T.);
#3718=ORIENTED_EDGE('',*,*,#6941,.F.);
#3719=ORIENTED_EDGE('',*,*,#6761,.F.);
#3720=ORIENTED_EDGE('',*,*,#6922,.T.);
#3721=ORIENTED_EDGE('',*,*,#6762,.T.);
#3722=ORIENTED_EDGE('',*,*,#6938,.F.);
#3723=ORIENTED_EDGE('',*,*,#6917,.F.);
#3724=ORIENTED_EDGE('',*,*,#6919,.T.);
#3725=ORIENTED_EDGE('',*,*,#6918,.T.);
#3726=ORIENTED_EDGE('',*,*,#6920,.F.);
#3727=ORIENTED_EDGE('',*,*,#7072,.F.);
#3728=ORIENTED_EDGE('',*,*,#7067,.F.);
#3729=ORIENTED_EDGE('',*,*,#6921,.F.);
#3730=ORIENTED_EDGE('',*,*,#6922,.F.);
#3731=ORIENTED_EDGE('',*,*,#6923,.F.);
#3732=ORIENTED_EDGE('',*,*,#6924,.F.);
#3733=ORIENTED_EDGE('',*,*,#6925,.F.);
#3734=ORIENTED_EDGE('',*,*,#6926,.F.);
#3735=ORIENTED_EDGE('',*,*,#6927,.F.);
#3736=ORIENTED_EDGE('',*,*,#6928,.F.);
#3737=ORIENTED_EDGE('',*,*,#6929,.F.);
#3738=ORIENTED_EDGE('',*,*,#6930,.F.);
#3739=ORIENTED_EDGE('',*,*,#6931,.F.);
#3740=ORIENTED_EDGE('',*,*,#6932,.F.);
#3741=ORIENTED_EDGE('',*,*,#6933,.F.);
#3742=ORIENTED_EDGE('',*,*,#6934,.F.);
#3743=ORIENTED_EDGE('',*,*,#6935,.F.);
#3744=ORIENTED_EDGE('',*,*,#6936,.F.);
#3745=ORIENTED_EDGE('',*,*,#6937,.F.);
#3746=ORIENTED_EDGE('',*,*,#6919,.F.);
#3747=ORIENTED_EDGE('',*,*,#6956,.T.);
#3748=ORIENTED_EDGE('',*,*,#6955,.T.);
#3749=ORIENTED_EDGE('',*,*,#6954,.T.);
#3750=ORIENTED_EDGE('',*,*,#6953,.T.);
#3751=ORIENTED_EDGE('',*,*,#6952,.T.);
#3752=ORIENTED_EDGE('',*,*,#6951,.T.);
#3753=ORIENTED_EDGE('',*,*,#6950,.T.);
#3754=ORIENTED_EDGE('',*,*,#6949,.T.);
#3755=ORIENTED_EDGE('',*,*,#6948,.T.);
#3756=ORIENTED_EDGE('',*,*,#6947,.T.);
#3757=ORIENTED_EDGE('',*,*,#6946,.T.);
#3758=ORIENTED_EDGE('',*,*,#6945,.T.);
#3759=ORIENTED_EDGE('',*,*,#6944,.T.);
#3760=ORIENTED_EDGE('',*,*,#6943,.T.);
#3761=ORIENTED_EDGE('',*,*,#6942,.T.);
#3762=ORIENTED_EDGE('',*,*,#6941,.T.);
#3763=ORIENTED_EDGE('',*,*,#6940,.T.);
#3764=ORIENTED_EDGE('',*,*,#6939,.T.);
#3765=ORIENTED_EDGE('',*,*,#6938,.T.);
#3766=ORIENTED_EDGE('',*,*,#6964,.T.);
#3767=ORIENTED_EDGE('',*,*,#6957,.F.);
#3768=ORIENTED_EDGE('',*,*,#6961,.F.);
#3769=ORIENTED_EDGE('',*,*,#6959,.T.);
#3770=ORIENTED_EDGE('',*,*,#6963,.T.);
#3771=ORIENTED_EDGE('',*,*,#6958,.F.);
#3772=ORIENTED_EDGE('',*,*,#6960,.F.);
#3773=ORIENTED_EDGE('',*,*,#6957,.T.);
#3774=ORIENTED_EDGE('',*,*,#6964,.F.);
#3775=ORIENTED_EDGE('',*,*,#6962,.F.);
#3776=ORIENTED_EDGE('',*,*,#6963,.F.);
#3777=ORIENTED_EDGE('',*,*,#6972,.T.);
#3778=ORIENTED_EDGE('',*,*,#6965,.F.);
#3779=ORIENTED_EDGE('',*,*,#6969,.F.);
#3780=ORIENTED_EDGE('',*,*,#6967,.T.);
#3781=ORIENTED_EDGE('',*,*,#6971,.T.);
#3782=ORIENTED_EDGE('',*,*,#6966,.F.);
#3783=ORIENTED_EDGE('',*,*,#6968,.F.);
#3784=ORIENTED_EDGE('',*,*,#6965,.T.);
#3785=ORIENTED_EDGE('',*,*,#6972,.F.);
#3786=ORIENTED_EDGE('',*,*,#6970,.F.);
#3787=ORIENTED_EDGE('',*,*,#6971,.F.);
#3788=ORIENTED_EDGE('',*,*,#6983,.T.);
#3789=ORIENTED_EDGE('',*,*,#6973,.F.);
#3790=ORIENTED_EDGE('',*,*,#6979,.F.);
#3791=ORIENTED_EDGE('',*,*,#6976,.T.);
#3792=ORIENTED_EDGE('',*,*,#6981,.T.);
#3793=ORIENTED_EDGE('',*,*,#6975,.F.);
#3794=ORIENTED_EDGE('',*,*,#6978,.F.);
#3795=ORIENTED_EDGE('',*,*,#6974,.T.);
#3796=ORIENTED_EDGE('',*,*,#6980,.T.);
#3797=ORIENTED_EDGE('',*,*,#6976,.F.);
#3798=ORIENTED_EDGE('',*,*,#6977,.F.);
#3799=ORIENTED_EDGE('',*,*,#6975,.T.);
#3800=ORIENTED_EDGE('',*,*,#6983,.F.);
#3801=ORIENTED_EDGE('',*,*,#6980,.F.);
#3802=ORIENTED_EDGE('',*,*,#6981,.F.);
#3803=ORIENTED_EDGE('',*,*,#6982,.F.);
#3804=ORIENTED_EDGE('',*,*,#6994,.F.);
#3805=ORIENTED_EDGE('',*,*,#6987,.F.);
#3806=ORIENTED_EDGE('',*,*,#6990,.T.);
#3807=ORIENTED_EDGE('',*,*,#6984,.T.);
#3808=ORIENTED_EDGE('',*,*,#6993,.F.);
#3809=ORIENTED_EDGE('',*,*,#6984,.F.);
#3810=ORIENTED_EDGE('',*,*,#6989,.T.);
#3811=ORIENTED_EDGE('',*,*,#6985,.T.);
#3812=ORIENTED_EDGE('',*,*,#6992,.F.);
#3813=ORIENTED_EDGE('',*,*,#6985,.F.);
#3814=ORIENTED_EDGE('',*,*,#6988,.T.);
#3815=ORIENTED_EDGE('',*,*,#6986,.T.);
#3816=ORIENTED_EDGE('',*,*,#6994,.T.);
#3817=ORIENTED_EDGE('',*,*,#6993,.T.);
#3818=ORIENTED_EDGE('',*,*,#6992,.T.);
#3819=ORIENTED_EDGE('',*,*,#6991,.T.);
#3820=ORIENTED_EDGE('',*,*,#7002,.T.);
#3821=ORIENTED_EDGE('',*,*,#6995,.F.);
#3822=ORIENTED_EDGE('',*,*,#6999,.F.);
#3823=ORIENTED_EDGE('',*,*,#6997,.T.);
#3824=ORIENTED_EDGE('',*,*,#7001,.T.);
#3825=ORIENTED_EDGE('',*,*,#6996,.F.);
#3826=ORIENTED_EDGE('',*,*,#6998,.F.);
#3827=ORIENTED_EDGE('',*,*,#6995,.T.);
#3828=ORIENTED_EDGE('',*,*,#7002,.F.);
#3829=ORIENTED_EDGE('',*,*,#7000,.F.);
#3830=ORIENTED_EDGE('',*,*,#7001,.F.);
#3831=ORIENTED_EDGE('',*,*,#7013,.T.);
#3832=ORIENTED_EDGE('',*,*,#7003,.F.);
#3833=ORIENTED_EDGE('',*,*,#7009,.F.);
#3834=ORIENTED_EDGE('',*,*,#7006,.T.);
#3835=ORIENTED_EDGE('',*,*,#7011,.T.);
#3836=ORIENTED_EDGE('',*,*,#7005,.F.);
#3837=ORIENTED_EDGE('',*,*,#7008,.F.);
#3838=ORIENTED_EDGE('',*,*,#7004,.T.);
#3839=ORIENTED_EDGE('',*,*,#7010,.T.);
#3840=ORIENTED_EDGE('',*,*,#7006,.F.);
#3841=ORIENTED_EDGE('',*,*,#7007,.F.);
#3842=ORIENTED_EDGE('',*,*,#7005,.T.);
#3843=ORIENTED_EDGE('',*,*,#7013,.F.);
#3844=ORIENTED_EDGE('',*,*,#7010,.F.);
#3845=ORIENTED_EDGE('',*,*,#7011,.F.);
#3846=ORIENTED_EDGE('',*,*,#7012,.F.);
#3847=ORIENTED_EDGE('',*,*,#7024,.F.);
#3848=ORIENTED_EDGE('',*,*,#7017,.F.);
#3849=ORIENTED_EDGE('',*,*,#7020,.T.);
#3850=ORIENTED_EDGE('',*,*,#7014,.T.);
#3851=ORIENTED_EDGE('',*,*,#7023,.F.);
#3852=ORIENTED_EDGE('',*,*,#7014,.F.);
#3853=ORIENTED_EDGE('',*,*,#7019,.T.);
#3854=ORIENTED_EDGE('',*,*,#7015,.T.);
#3855=ORIENTED_EDGE('',*,*,#7022,.F.);
#3856=ORIENTED_EDGE('',*,*,#7015,.F.);
#3857=ORIENTED_EDGE('',*,*,#7018,.T.);
#3858=ORIENTED_EDGE('',*,*,#7016,.T.);
#3859=ORIENTED_EDGE('',*,*,#7024,.T.);
#3860=ORIENTED_EDGE('',*,*,#7023,.T.);
#3861=ORIENTED_EDGE('',*,*,#7022,.T.);
#3862=ORIENTED_EDGE('',*,*,#7021,.T.);
#3863=ORIENTED_EDGE('',*,*,#7032,.T.);
#3864=ORIENTED_EDGE('',*,*,#7025,.F.);
#3865=ORIENTED_EDGE('',*,*,#7029,.F.);
#3866=ORIENTED_EDGE('',*,*,#7027,.T.);
#3867=ORIENTED_EDGE('',*,*,#7031,.T.);
#3868=ORIENTED_EDGE('',*,*,#7026,.F.);
#3869=ORIENTED_EDGE('',*,*,#7028,.F.);
#3870=ORIENTED_EDGE('',*,*,#7025,.T.);
#3871=ORIENTED_EDGE('',*,*,#7032,.F.);
#3872=ORIENTED_EDGE('',*,*,#7030,.F.);
#3873=ORIENTED_EDGE('',*,*,#7031,.F.);
#3874=ORIENTED_EDGE('',*,*,#7043,.T.);
#3875=ORIENTED_EDGE('',*,*,#7033,.F.);
#3876=ORIENTED_EDGE('',*,*,#7039,.F.);
#3877=ORIENTED_EDGE('',*,*,#7036,.T.);
#3878=ORIENTED_EDGE('',*,*,#7041,.T.);
#3879=ORIENTED_EDGE('',*,*,#7035,.F.);
#3880=ORIENTED_EDGE('',*,*,#7038,.F.);
#3881=ORIENTED_EDGE('',*,*,#7034,.T.);
#3882=ORIENTED_EDGE('',*,*,#7040,.T.);
#3883=ORIENTED_EDGE('',*,*,#7036,.F.);
#3884=ORIENTED_EDGE('',*,*,#7037,.F.);
#3885=ORIENTED_EDGE('',*,*,#7035,.T.);
#3886=ORIENTED_EDGE('',*,*,#7043,.F.);
#3887=ORIENTED_EDGE('',*,*,#7040,.F.);
#3888=ORIENTED_EDGE('',*,*,#7041,.F.);
#3889=ORIENTED_EDGE('',*,*,#7042,.F.);
#3890=ORIENTED_EDGE('',*,*,#7054,.F.);
#3891=ORIENTED_EDGE('',*,*,#7047,.F.);
#3892=ORIENTED_EDGE('',*,*,#7050,.T.);
#3893=ORIENTED_EDGE('',*,*,#7044,.T.);
#3894=ORIENTED_EDGE('',*,*,#7053,.F.);
#3895=ORIENTED_EDGE('',*,*,#7044,.F.);
#3896=ORIENTED_EDGE('',*,*,#7049,.T.);
#3897=ORIENTED_EDGE('',*,*,#7045,.T.);
#3898=ORIENTED_EDGE('',*,*,#7052,.F.);
#3899=ORIENTED_EDGE('',*,*,#7045,.F.);
#3900=ORIENTED_EDGE('',*,*,#7048,.T.);
#3901=ORIENTED_EDGE('',*,*,#7046,.T.);
#3902=ORIENTED_EDGE('',*,*,#7054,.T.);
#3903=ORIENTED_EDGE('',*,*,#7053,.T.);
#3904=ORIENTED_EDGE('',*,*,#7052,.T.);
#3905=ORIENTED_EDGE('',*,*,#7051,.T.);
#3906=ORIENTED_EDGE('',*,*,#7065,.T.);
#3907=ORIENTED_EDGE('',*,*,#7055,.F.);
#3908=ORIENTED_EDGE('',*,*,#7061,.F.);
#3909=ORIENTED_EDGE('',*,*,#7058,.T.);
#3910=ORIENTED_EDGE('',*,*,#7063,.T.);
#3911=ORIENTED_EDGE('',*,*,#7057,.F.);
#3912=ORIENTED_EDGE('',*,*,#7060,.F.);
#3913=ORIENTED_EDGE('',*,*,#7056,.T.);
#3914=ORIENTED_EDGE('',*,*,#7062,.T.);
#3915=ORIENTED_EDGE('',*,*,#7058,.F.);
#3916=ORIENTED_EDGE('',*,*,#7059,.F.);
#3917=ORIENTED_EDGE('',*,*,#7057,.T.);
#3918=ORIENTED_EDGE('',*,*,#7065,.F.);
#3919=ORIENTED_EDGE('',*,*,#7062,.F.);
#3920=ORIENTED_EDGE('',*,*,#7063,.F.);
#3921=ORIENTED_EDGE('',*,*,#7064,.F.);
#3922=ORIENTED_EDGE('',*,*,#7074,.F.);
#3923=ORIENTED_EDGE('',*,*,#7068,.F.);
#3924=ORIENTED_EDGE('',*,*,#7070,.T.);
#3925=ORIENTED_EDGE('',*,*,#7066,.T.);
#3926=ORIENTED_EDGE('',*,*,#7073,.F.);
#3927=ORIENTED_EDGE('',*,*,#7066,.F.);
#3928=ORIENTED_EDGE('',*,*,#7069,.T.);
#3929=ORIENTED_EDGE('',*,*,#7067,.T.);
#3930=ORIENTED_EDGE('',*,*,#7074,.T.);
#3931=ORIENTED_EDGE('',*,*,#7073,.T.);
#3932=ORIENTED_EDGE('',*,*,#7072,.T.);
#3933=ORIENTED_EDGE('',*,*,#7071,.T.);
#3934=ORIENTED_EDGE('',*,*,#7082,.T.);
#3935=ORIENTED_EDGE('',*,*,#7075,.F.);
#3936=ORIENTED_EDGE('',*,*,#7079,.F.);
#3937=ORIENTED_EDGE('',*,*,#7077,.T.);
#3938=ORIENTED_EDGE('',*,*,#7081,.T.);
#3939=ORIENTED_EDGE('',*,*,#7076,.F.);
#3940=ORIENTED_EDGE('',*,*,#7078,.F.);
#3941=ORIENTED_EDGE('',*,*,#7075,.T.);
#3942=ORIENTED_EDGE('',*,*,#7082,.F.);
#3943=ORIENTED_EDGE('',*,*,#7080,.F.);
#3944=ORIENTED_EDGE('',*,*,#7081,.F.);
#3945=ORIENTED_EDGE('',*,*,#7093,.T.);
#3946=ORIENTED_EDGE('',*,*,#7083,.F.);
#3947=ORIENTED_EDGE('',*,*,#7089,.F.);
#3948=ORIENTED_EDGE('',*,*,#7086,.T.);
#3949=ORIENTED_EDGE('',*,*,#7091,.T.);
#3950=ORIENTED_EDGE('',*,*,#7085,.F.);
#3951=ORIENTED_EDGE('',*,*,#7088,.F.);
#3952=ORIENTED_EDGE('',*,*,#7084,.T.);
#3953=ORIENTED_EDGE('',*,*,#7090,.T.);
#3954=ORIENTED_EDGE('',*,*,#7086,.F.);
#3955=ORIENTED_EDGE('',*,*,#7087,.F.);
#3956=ORIENTED_EDGE('',*,*,#7085,.T.);
#3957=ORIENTED_EDGE('',*,*,#7093,.F.);
#3958=ORIENTED_EDGE('',*,*,#7090,.F.);
#3959=ORIENTED_EDGE('',*,*,#7091,.F.);
#3960=ORIENTED_EDGE('',*,*,#7092,.F.);
#3961=ORIENTED_EDGE('',*,*,#7104,.F.);
#3962=ORIENTED_EDGE('',*,*,#7097,.F.);
#3963=ORIENTED_EDGE('',*,*,#7100,.T.);
#3964=ORIENTED_EDGE('',*,*,#7094,.T.);
#3965=ORIENTED_EDGE('',*,*,#7103,.F.);
#3966=ORIENTED_EDGE('',*,*,#7094,.F.);
#3967=ORIENTED_EDGE('',*,*,#7099,.T.);
#3968=ORIENTED_EDGE('',*,*,#7095,.T.);
#3969=ORIENTED_EDGE('',*,*,#7102,.F.);
#3970=ORIENTED_EDGE('',*,*,#7095,.F.);
#3971=ORIENTED_EDGE('',*,*,#7098,.T.);
#3972=ORIENTED_EDGE('',*,*,#7096,.T.);
#3973=ORIENTED_EDGE('',*,*,#7104,.T.);
#3974=ORIENTED_EDGE('',*,*,#7103,.T.);
#3975=ORIENTED_EDGE('',*,*,#7102,.T.);
#3976=ORIENTED_EDGE('',*,*,#7101,.T.);
#3977=ORIENTED_EDGE('',*,*,#7112,.T.);
#3978=ORIENTED_EDGE('',*,*,#7105,.F.);
#3979=ORIENTED_EDGE('',*,*,#7109,.F.);
#3980=ORIENTED_EDGE('',*,*,#7107,.T.);
#3981=ORIENTED_EDGE('',*,*,#7111,.T.);
#3982=ORIENTED_EDGE('',*,*,#7106,.F.);
#3983=ORIENTED_EDGE('',*,*,#7108,.F.);
#3984=ORIENTED_EDGE('',*,*,#7105,.T.);
#3985=ORIENTED_EDGE('',*,*,#7112,.F.);
#3986=ORIENTED_EDGE('',*,*,#7110,.F.);
#3987=ORIENTED_EDGE('',*,*,#7111,.F.);
#3988=ORIENTED_EDGE('',*,*,#7123,.T.);
#3989=ORIENTED_EDGE('',*,*,#7113,.F.);
#3990=ORIENTED_EDGE('',*,*,#7119,.F.);
#3991=ORIENTED_EDGE('',*,*,#7116,.T.);
#3992=ORIENTED_EDGE('',*,*,#7121,.T.);
#3993=ORIENTED_EDGE('',*,*,#7115,.F.);
#3994=ORIENTED_EDGE('',*,*,#7118,.F.);
#3995=ORIENTED_EDGE('',*,*,#7114,.T.);
#3996=ORIENTED_EDGE('',*,*,#7120,.T.);
#3997=ORIENTED_EDGE('',*,*,#7116,.F.);
#3998=ORIENTED_EDGE('',*,*,#7117,.F.);
#3999=ORIENTED_EDGE('',*,*,#7115,.T.);
#4000=ORIENTED_EDGE('',*,*,#7123,.F.);
#4001=ORIENTED_EDGE('',*,*,#7120,.F.);
#4002=ORIENTED_EDGE('',*,*,#7121,.F.);
#4003=ORIENTED_EDGE('',*,*,#7122,.F.);
#4004=ORIENTED_EDGE('',*,*,#7131,.T.);
#4005=ORIENTED_EDGE('',*,*,#7124,.F.);
#4006=ORIENTED_EDGE('',*,*,#7128,.F.);
#4007=ORIENTED_EDGE('',*,*,#7126,.T.);
#4008=ORIENTED_EDGE('',*,*,#7130,.T.);
#4009=ORIENTED_EDGE('',*,*,#7125,.F.);
#4010=ORIENTED_EDGE('',*,*,#7127,.F.);
#4011=ORIENTED_EDGE('',*,*,#7124,.T.);
#4012=ORIENTED_EDGE('',*,*,#7131,.F.);
#4013=ORIENTED_EDGE('',*,*,#7129,.F.);
#4014=ORIENTED_EDGE('',*,*,#7130,.F.);
#4015=ORIENTED_EDGE('',*,*,#7142,.T.);
#4016=ORIENTED_EDGE('',*,*,#7132,.F.);
#4017=ORIENTED_EDGE('',*,*,#7138,.F.);
#4018=ORIENTED_EDGE('',*,*,#7135,.T.);
#4019=ORIENTED_EDGE('',*,*,#7140,.T.);
#4020=ORIENTED_EDGE('',*,*,#7134,.F.);
#4021=ORIENTED_EDGE('',*,*,#7137,.F.);
#4022=ORIENTED_EDGE('',*,*,#7133,.T.);
#4023=ORIENTED_EDGE('',*,*,#7139,.T.);
#4024=ORIENTED_EDGE('',*,*,#7135,.F.);
#4025=ORIENTED_EDGE('',*,*,#7136,.F.);
#4026=ORIENTED_EDGE('',*,*,#7134,.T.);
#4027=ORIENTED_EDGE('',*,*,#7142,.F.);
#4028=ORIENTED_EDGE('',*,*,#7139,.F.);
#4029=ORIENTED_EDGE('',*,*,#7140,.F.);
#4030=ORIENTED_EDGE('',*,*,#7141,.F.);
#4031=ORIENTED_EDGE('',*,*,#7150,.T.);
#4032=ORIENTED_EDGE('',*,*,#7143,.F.);
#4033=ORIENTED_EDGE('',*,*,#7147,.F.);
#4034=ORIENTED_EDGE('',*,*,#7145,.T.);
#4035=ORIENTED_EDGE('',*,*,#7149,.T.);
#4036=ORIENTED_EDGE('',*,*,#7144,.F.);
#4037=ORIENTED_EDGE('',*,*,#7146,.F.);
#4038=ORIENTED_EDGE('',*,*,#7143,.T.);
#4039=ORIENTED_EDGE('',*,*,#7150,.F.);
#4040=ORIENTED_EDGE('',*,*,#7148,.F.);
#4041=ORIENTED_EDGE('',*,*,#7149,.F.);
#4042=ORIENTED_EDGE('',*,*,#7161,.T.);
#4043=ORIENTED_EDGE('',*,*,#7151,.F.);
#4044=ORIENTED_EDGE('',*,*,#7157,.F.);
#4045=ORIENTED_EDGE('',*,*,#7154,.T.);
#4046=ORIENTED_EDGE('',*,*,#7159,.T.);
#4047=ORIENTED_EDGE('',*,*,#7153,.F.);
#4048=ORIENTED_EDGE('',*,*,#7156,.F.);
#4049=ORIENTED_EDGE('',*,*,#7152,.T.);
#4050=ORIENTED_EDGE('',*,*,#7158,.T.);
#4051=ORIENTED_EDGE('',*,*,#7154,.F.);
#4052=ORIENTED_EDGE('',*,*,#7155,.F.);
#4053=ORIENTED_EDGE('',*,*,#7153,.T.);
#4054=ORIENTED_EDGE('',*,*,#7161,.F.);
#4055=ORIENTED_EDGE('',*,*,#7158,.F.);
#4056=ORIENTED_EDGE('',*,*,#7159,.F.);
#4057=ORIENTED_EDGE('',*,*,#7160,.F.);
#4058=ORIENTED_EDGE('',*,*,#7172,.F.);
#4059=ORIENTED_EDGE('',*,*,#7165,.F.);
#4060=ORIENTED_EDGE('',*,*,#7168,.T.);
#4061=ORIENTED_EDGE('',*,*,#7162,.T.);
#4062=ORIENTED_EDGE('',*,*,#7171,.F.);
#4063=ORIENTED_EDGE('',*,*,#7162,.F.);
#4064=ORIENTED_EDGE('',*,*,#7167,.T.);
#4065=ORIENTED_EDGE('',*,*,#7163,.T.);
#4066=ORIENTED_EDGE('',*,*,#7170,.F.);
#4067=ORIENTED_EDGE('',*,*,#7163,.F.);
#4068=ORIENTED_EDGE('',*,*,#7166,.T.);
#4069=ORIENTED_EDGE('',*,*,#7164,.T.);
#4070=ORIENTED_EDGE('',*,*,#7172,.T.);
#4071=ORIENTED_EDGE('',*,*,#7171,.T.);
#4072=ORIENTED_EDGE('',*,*,#7170,.T.);
#4073=ORIENTED_EDGE('',*,*,#7169,.T.);
#4074=ORIENTED_EDGE('',*,*,#7180,.T.);
#4075=ORIENTED_EDGE('',*,*,#7173,.F.);
#4076=ORIENTED_EDGE('',*,*,#7177,.F.);
#4077=ORIENTED_EDGE('',*,*,#7175,.T.);
#4078=ORIENTED_EDGE('',*,*,#7179,.T.);
#4079=ORIENTED_EDGE('',*,*,#7174,.F.);
#4080=ORIENTED_EDGE('',*,*,#7176,.F.);
#4081=ORIENTED_EDGE('',*,*,#7173,.T.);
#4082=ORIENTED_EDGE('',*,*,#7180,.F.);
#4083=ORIENTED_EDGE('',*,*,#7178,.F.);
#4084=ORIENTED_EDGE('',*,*,#7179,.F.);
#4085=ORIENTED_EDGE('',*,*,#7191,.T.);
#4086=ORIENTED_EDGE('',*,*,#7181,.F.);
#4087=ORIENTED_EDGE('',*,*,#7187,.F.);
#4088=ORIENTED_EDGE('',*,*,#7184,.T.);
#4089=ORIENTED_EDGE('',*,*,#7189,.T.);
#4090=ORIENTED_EDGE('',*,*,#7183,.F.);
#4091=ORIENTED_EDGE('',*,*,#7186,.F.);
#4092=ORIENTED_EDGE('',*,*,#7182,.T.);
#4093=ORIENTED_EDGE('',*,*,#7188,.T.);
#4094=ORIENTED_EDGE('',*,*,#7184,.F.);
#4095=ORIENTED_EDGE('',*,*,#7185,.F.);
#4096=ORIENTED_EDGE('',*,*,#7183,.T.);
#4097=ORIENTED_EDGE('',*,*,#7191,.F.);
#4098=ORIENTED_EDGE('',*,*,#7188,.F.);
#4099=ORIENTED_EDGE('',*,*,#7189,.F.);
#4100=ORIENTED_EDGE('',*,*,#7190,.F.);
#4101=ORIENTED_EDGE('',*,*,#7202,.F.);
#4102=ORIENTED_EDGE('',*,*,#7195,.F.);
#4103=ORIENTED_EDGE('',*,*,#7198,.T.);
#4104=ORIENTED_EDGE('',*,*,#7192,.T.);
#4105=ORIENTED_EDGE('',*,*,#7201,.F.);
#4106=ORIENTED_EDGE('',*,*,#7192,.F.);
#4107=ORIENTED_EDGE('',*,*,#7197,.T.);
#4108=ORIENTED_EDGE('',*,*,#7193,.T.);
#4109=ORIENTED_EDGE('',*,*,#7200,.F.);
#4110=ORIENTED_EDGE('',*,*,#7193,.F.);
#4111=ORIENTED_EDGE('',*,*,#7196,.T.);
#4112=ORIENTED_EDGE('',*,*,#7194,.T.);
#4113=ORIENTED_EDGE('',*,*,#7202,.T.);
#4114=ORIENTED_EDGE('',*,*,#7201,.T.);
#4115=ORIENTED_EDGE('',*,*,#7200,.T.);
#4116=ORIENTED_EDGE('',*,*,#7199,.T.);
#4117=ORIENTED_EDGE('',*,*,#7213,.T.);
#4118=ORIENTED_EDGE('',*,*,#7203,.F.);
#4119=ORIENTED_EDGE('',*,*,#7209,.F.);
#4120=ORIENTED_EDGE('',*,*,#7206,.T.);
#4121=ORIENTED_EDGE('',*,*,#7211,.T.);
#4122=ORIENTED_EDGE('',*,*,#7205,.F.);
#4123=ORIENTED_EDGE('',*,*,#7208,.F.);
#4124=ORIENTED_EDGE('',*,*,#7204,.T.);
#4125=ORIENTED_EDGE('',*,*,#7210,.T.);
#4126=ORIENTED_EDGE('',*,*,#7206,.F.);
#4127=ORIENTED_EDGE('',*,*,#7207,.F.);
#4128=ORIENTED_EDGE('',*,*,#7205,.T.);
#4129=ORIENTED_EDGE('',*,*,#7213,.F.);
#4130=ORIENTED_EDGE('',*,*,#7210,.F.);
#4131=ORIENTED_EDGE('',*,*,#7211,.F.);
#4132=ORIENTED_EDGE('',*,*,#7212,.F.);
#4133=ORIENTED_EDGE('',*,*,#7224,.F.);
#4134=ORIENTED_EDGE('',*,*,#7217,.F.);
#4135=ORIENTED_EDGE('',*,*,#7220,.T.);
#4136=ORIENTED_EDGE('',*,*,#7214,.T.);
#4137=ORIENTED_EDGE('',*,*,#7223,.F.);
#4138=ORIENTED_EDGE('',*,*,#7214,.F.);
#4139=ORIENTED_EDGE('',*,*,#7219,.T.);
#4140=ORIENTED_EDGE('',*,*,#7215,.T.);
#4141=ORIENTED_EDGE('',*,*,#7222,.F.);
#4142=ORIENTED_EDGE('',*,*,#7215,.F.);
#4143=ORIENTED_EDGE('',*,*,#7218,.T.);
#4144=ORIENTED_EDGE('',*,*,#7216,.T.);
#4145=ORIENTED_EDGE('',*,*,#7224,.T.);
#4146=ORIENTED_EDGE('',*,*,#7223,.T.);
#4147=ORIENTED_EDGE('',*,*,#7222,.T.);
#4148=ORIENTED_EDGE('',*,*,#7221,.T.);
#4149=ORIENTED_EDGE('',*,*,#7232,.T.);
#4150=ORIENTED_EDGE('',*,*,#7225,.F.);
#4151=ORIENTED_EDGE('',*,*,#7229,.F.);
#4152=ORIENTED_EDGE('',*,*,#7227,.T.);
#4153=ORIENTED_EDGE('',*,*,#7231,.T.);
#4154=ORIENTED_EDGE('',*,*,#7226,.F.);
#4155=ORIENTED_EDGE('',*,*,#7228,.F.);
#4156=ORIENTED_EDGE('',*,*,#7225,.T.);
#4157=ORIENTED_EDGE('',*,*,#7232,.F.);
#4158=ORIENTED_EDGE('',*,*,#7230,.F.);
#4159=ORIENTED_EDGE('',*,*,#7231,.F.);
#4160=ORIENTED_EDGE('',*,*,#7243,.F.);
#4161=ORIENTED_EDGE('',*,*,#7236,.F.);
#4162=ORIENTED_EDGE('',*,*,#7239,.T.);
#4163=ORIENTED_EDGE('',*,*,#7233,.T.);
#4164=ORIENTED_EDGE('',*,*,#7242,.F.);
#4165=ORIENTED_EDGE('',*,*,#7233,.F.);
#4166=ORIENTED_EDGE('',*,*,#7238,.T.);
#4167=ORIENTED_EDGE('',*,*,#7234,.T.);
#4168=ORIENTED_EDGE('',*,*,#7241,.F.);
#4169=ORIENTED_EDGE('',*,*,#7234,.F.);
#4170=ORIENTED_EDGE('',*,*,#7237,.T.);
#4171=ORIENTED_EDGE('',*,*,#7235,.T.);
#4172=ORIENTED_EDGE('',*,*,#7243,.T.);
#4173=ORIENTED_EDGE('',*,*,#7242,.T.);
#4174=ORIENTED_EDGE('',*,*,#7241,.T.);
#4175=ORIENTED_EDGE('',*,*,#7240,.T.);
#4176=ORIENTED_EDGE('',*,*,#7251,.T.);
#4177=ORIENTED_EDGE('',*,*,#7244,.F.);
#4178=ORIENTED_EDGE('',*,*,#7248,.F.);
#4179=ORIENTED_EDGE('',*,*,#7246,.T.);
#4180=ORIENTED_EDGE('',*,*,#7250,.T.);
#4181=ORIENTED_EDGE('',*,*,#7245,.F.);
#4182=ORIENTED_EDGE('',*,*,#7247,.F.);
#4183=ORIENTED_EDGE('',*,*,#7244,.T.);
#4184=ORIENTED_EDGE('',*,*,#7251,.F.);
#4185=ORIENTED_EDGE('',*,*,#7249,.F.);
#4186=ORIENTED_EDGE('',*,*,#7250,.F.);
#4187=ORIENTED_EDGE('',*,*,#7262,.T.);
#4188=ORIENTED_EDGE('',*,*,#7252,.F.);
#4189=ORIENTED_EDGE('',*,*,#7258,.F.);
#4190=ORIENTED_EDGE('',*,*,#7255,.T.);
#4191=ORIENTED_EDGE('',*,*,#7260,.T.);
#4192=ORIENTED_EDGE('',*,*,#7254,.F.);
#4193=ORIENTED_EDGE('',*,*,#7257,.F.);
#4194=ORIENTED_EDGE('',*,*,#7253,.T.);
#4195=ORIENTED_EDGE('',*,*,#7259,.T.);
#4196=ORIENTED_EDGE('',*,*,#7255,.F.);
#4197=ORIENTED_EDGE('',*,*,#7256,.F.);
#4198=ORIENTED_EDGE('',*,*,#7254,.T.);
#4199=ORIENTED_EDGE('',*,*,#7262,.F.);
#4200=ORIENTED_EDGE('',*,*,#7259,.F.);
#4201=ORIENTED_EDGE('',*,*,#7260,.F.);
#4202=ORIENTED_EDGE('',*,*,#7261,.F.);
#4203=ORIENTED_EDGE('',*,*,#7273,.F.);
#4204=ORIENTED_EDGE('',*,*,#7266,.F.);
#4205=ORIENTED_EDGE('',*,*,#7269,.T.);
#4206=ORIENTED_EDGE('',*,*,#7263,.T.);
#4207=ORIENTED_EDGE('',*,*,#7272,.F.);
#4208=ORIENTED_EDGE('',*,*,#7263,.F.);
#4209=ORIENTED_EDGE('',*,*,#7268,.T.);
#4210=ORIENTED_EDGE('',*,*,#7264,.T.);
#4211=ORIENTED_EDGE('',*,*,#7271,.F.);
#4212=ORIENTED_EDGE('',*,*,#7264,.F.);
#4213=ORIENTED_EDGE('',*,*,#7267,.T.);
#4214=ORIENTED_EDGE('',*,*,#7265,.T.);
#4215=ORIENTED_EDGE('',*,*,#7273,.T.);
#4216=ORIENTED_EDGE('',*,*,#7272,.T.);
#4217=ORIENTED_EDGE('',*,*,#7271,.T.);
#4218=ORIENTED_EDGE('',*,*,#7270,.T.);
#4219=ORIENTED_EDGE('',*,*,#7281,.T.);
#4220=ORIENTED_EDGE('',*,*,#7274,.F.);
#4221=ORIENTED_EDGE('',*,*,#7278,.F.);
#4222=ORIENTED_EDGE('',*,*,#7276,.T.);
#4223=ORIENTED_EDGE('',*,*,#7280,.T.);
#4224=ORIENTED_EDGE('',*,*,#7275,.F.);
#4225=ORIENTED_EDGE('',*,*,#7277,.F.);
#4226=ORIENTED_EDGE('',*,*,#7274,.T.);
#4227=ORIENTED_EDGE('',*,*,#7281,.F.);
#4228=ORIENTED_EDGE('',*,*,#7279,.F.);
#4229=ORIENTED_EDGE('',*,*,#7280,.F.);
#4230=ORIENTED_EDGE('',*,*,#7292,.T.);
#4231=ORIENTED_EDGE('',*,*,#7282,.F.);
#4232=ORIENTED_EDGE('',*,*,#7288,.F.);
#4233=ORIENTED_EDGE('',*,*,#7285,.T.);
#4234=ORIENTED_EDGE('',*,*,#7290,.T.);
#4235=ORIENTED_EDGE('',*,*,#7284,.F.);
#4236=ORIENTED_EDGE('',*,*,#7287,.F.);
#4237=ORIENTED_EDGE('',*,*,#7283,.T.);
#4238=ORIENTED_EDGE('',*,*,#7289,.T.);
#4239=ORIENTED_EDGE('',*,*,#7285,.F.);
#4240=ORIENTED_EDGE('',*,*,#7286,.F.);
#4241=ORIENTED_EDGE('',*,*,#7284,.T.);
#4242=ORIENTED_EDGE('',*,*,#7292,.F.);
#4243=ORIENTED_EDGE('',*,*,#7289,.F.);
#4244=ORIENTED_EDGE('',*,*,#7290,.F.);
#4245=ORIENTED_EDGE('',*,*,#7291,.F.);
#4246=ORIENTED_EDGE('',*,*,#7303,.F.);
#4247=ORIENTED_EDGE('',*,*,#7296,.F.);
#4248=ORIENTED_EDGE('',*,*,#7299,.T.);
#4249=ORIENTED_EDGE('',*,*,#7293,.T.);
#4250=ORIENTED_EDGE('',*,*,#7302,.F.);
#4251=ORIENTED_EDGE('',*,*,#7293,.F.);
#4252=ORIENTED_EDGE('',*,*,#7298,.T.);
#4253=ORIENTED_EDGE('',*,*,#7294,.T.);
#4254=ORIENTED_EDGE('',*,*,#7301,.F.);
#4255=ORIENTED_EDGE('',*,*,#7294,.F.);
#4256=ORIENTED_EDGE('',*,*,#7297,.T.);
#4257=ORIENTED_EDGE('',*,*,#7295,.T.);
#4258=ORIENTED_EDGE('',*,*,#7303,.T.);
#4259=ORIENTED_EDGE('',*,*,#7302,.T.);
#4260=ORIENTED_EDGE('',*,*,#7301,.T.);
#4261=ORIENTED_EDGE('',*,*,#7300,.T.);
#4262=ORIENTED_EDGE('',*,*,#7311,.T.);
#4263=ORIENTED_EDGE('',*,*,#7304,.F.);
#4264=ORIENTED_EDGE('',*,*,#7308,.F.);
#4265=ORIENTED_EDGE('',*,*,#7306,.T.);
#4266=ORIENTED_EDGE('',*,*,#7310,.T.);
#4267=ORIENTED_EDGE('',*,*,#7305,.F.);
#4268=ORIENTED_EDGE('',*,*,#7307,.F.);
#4269=ORIENTED_EDGE('',*,*,#7304,.T.);
#4270=ORIENTED_EDGE('',*,*,#7311,.F.);
#4271=ORIENTED_EDGE('',*,*,#7309,.F.);
#4272=ORIENTED_EDGE('',*,*,#7310,.F.);
#4273=ORIENTED_EDGE('',*,*,#7322,.T.);
#4274=ORIENTED_EDGE('',*,*,#7312,.F.);
#4275=ORIENTED_EDGE('',*,*,#7318,.F.);
#4276=ORIENTED_EDGE('',*,*,#7315,.T.);
#4277=ORIENTED_EDGE('',*,*,#7320,.T.);
#4278=ORIENTED_EDGE('',*,*,#7314,.F.);
#4279=ORIENTED_EDGE('',*,*,#7317,.F.);
#4280=ORIENTED_EDGE('',*,*,#7313,.T.);
#4281=ORIENTED_EDGE('',*,*,#7319,.T.);
#4282=ORIENTED_EDGE('',*,*,#7315,.F.);
#4283=ORIENTED_EDGE('',*,*,#7316,.F.);
#4284=ORIENTED_EDGE('',*,*,#7314,.T.);
#4285=ORIENTED_EDGE('',*,*,#7322,.F.);
#4286=ORIENTED_EDGE('',*,*,#7319,.F.);
#4287=ORIENTED_EDGE('',*,*,#7320,.F.);
#4288=ORIENTED_EDGE('',*,*,#7321,.F.);
#4289=ORIENTED_EDGE('',*,*,#7333,.F.);
#4290=ORIENTED_EDGE('',*,*,#7326,.F.);
#4291=ORIENTED_EDGE('',*,*,#7329,.T.);
#4292=ORIENTED_EDGE('',*,*,#7323,.T.);
#4293=ORIENTED_EDGE('',*,*,#7332,.F.);
#4294=ORIENTED_EDGE('',*,*,#7323,.F.);
#4295=ORIENTED_EDGE('',*,*,#7328,.T.);
#4296=ORIENTED_EDGE('',*,*,#7324,.T.);
#4297=ORIENTED_EDGE('',*,*,#7331,.F.);
#4298=ORIENTED_EDGE('',*,*,#7324,.F.);
#4299=ORIENTED_EDGE('',*,*,#7327,.T.);
#4300=ORIENTED_EDGE('',*,*,#7325,.T.);
#4301=ORIENTED_EDGE('',*,*,#7333,.T.);
#4302=ORIENTED_EDGE('',*,*,#7332,.T.);
#4303=ORIENTED_EDGE('',*,*,#7331,.T.);
#4304=ORIENTED_EDGE('',*,*,#7330,.T.);
#4305=ORIENTED_EDGE('',*,*,#7341,.T.);
#4306=ORIENTED_EDGE('',*,*,#7334,.F.);
#4307=ORIENTED_EDGE('',*,*,#7338,.F.);
#4308=ORIENTED_EDGE('',*,*,#7336,.T.);
#4309=ORIENTED_EDGE('',*,*,#7340,.T.);
#4310=ORIENTED_EDGE('',*,*,#7335,.F.);
#4311=ORIENTED_EDGE('',*,*,#7337,.F.);
#4312=ORIENTED_EDGE('',*,*,#7334,.T.);
#4313=ORIENTED_EDGE('',*,*,#7341,.F.);
#4314=ORIENTED_EDGE('',*,*,#7339,.F.);
#4315=ORIENTED_EDGE('',*,*,#7340,.F.);
#4316=ORIENTED_EDGE('',*,*,#7352,.T.);
#4317=ORIENTED_EDGE('',*,*,#7342,.F.);
#4318=ORIENTED_EDGE('',*,*,#7348,.F.);
#4319=ORIENTED_EDGE('',*,*,#7345,.T.);
#4320=ORIENTED_EDGE('',*,*,#7350,.T.);
#4321=ORIENTED_EDGE('',*,*,#7344,.F.);
#4322=ORIENTED_EDGE('',*,*,#7347,.F.);
#4323=ORIENTED_EDGE('',*,*,#7343,.T.);
#4324=ORIENTED_EDGE('',*,*,#7349,.T.);
#4325=ORIENTED_EDGE('',*,*,#7345,.F.);
#4326=ORIENTED_EDGE('',*,*,#7346,.F.);
#4327=ORIENTED_EDGE('',*,*,#7344,.T.);
#4328=ORIENTED_EDGE('',*,*,#7352,.F.);
#4329=ORIENTED_EDGE('',*,*,#7349,.F.);
#4330=ORIENTED_EDGE('',*,*,#7350,.F.);
#4331=ORIENTED_EDGE('',*,*,#7351,.F.);
#4332=ORIENTED_EDGE('',*,*,#7363,.F.);
#4333=ORIENTED_EDGE('',*,*,#7356,.F.);
#4334=ORIENTED_EDGE('',*,*,#7359,.T.);
#4335=ORIENTED_EDGE('',*,*,#7353,.T.);
#4336=ORIENTED_EDGE('',*,*,#7362,.F.);
#4337=ORIENTED_EDGE('',*,*,#7353,.F.);
#4338=ORIENTED_EDGE('',*,*,#7358,.T.);
#4339=ORIENTED_EDGE('',*,*,#7354,.T.);
#4340=ORIENTED_EDGE('',*,*,#7361,.F.);
#4341=ORIENTED_EDGE('',*,*,#7354,.F.);
#4342=ORIENTED_EDGE('',*,*,#7357,.T.);
#4343=ORIENTED_EDGE('',*,*,#7355,.T.);
#4344=ORIENTED_EDGE('',*,*,#7363,.T.);
#4345=ORIENTED_EDGE('',*,*,#7362,.T.);
#4346=ORIENTED_EDGE('',*,*,#7361,.T.);
#4347=ORIENTED_EDGE('',*,*,#7360,.T.);
#4348=ORIENTED_EDGE('',*,*,#7371,.T.);
#4349=ORIENTED_EDGE('',*,*,#7364,.F.);
#4350=ORIENTED_EDGE('',*,*,#7368,.F.);
#4351=ORIENTED_EDGE('',*,*,#7366,.T.);
#4352=ORIENTED_EDGE('',*,*,#7370,.T.);
#4353=ORIENTED_EDGE('',*,*,#7365,.F.);
#4354=ORIENTED_EDGE('',*,*,#7367,.F.);
#4355=ORIENTED_EDGE('',*,*,#7364,.T.);
#4356=ORIENTED_EDGE('',*,*,#7371,.F.);
#4357=ORIENTED_EDGE('',*,*,#7369,.F.);
#4358=ORIENTED_EDGE('',*,*,#7370,.F.);
#4359=ORIENTED_EDGE('',*,*,#7382,.T.);
#4360=ORIENTED_EDGE('',*,*,#7372,.F.);
#4361=ORIENTED_EDGE('',*,*,#7378,.F.);
#4362=ORIENTED_EDGE('',*,*,#7375,.T.);
#4363=ORIENTED_EDGE('',*,*,#7380,.T.);
#4364=ORIENTED_EDGE('',*,*,#7374,.F.);
#4365=ORIENTED_EDGE('',*,*,#7377,.F.);
#4366=ORIENTED_EDGE('',*,*,#7373,.T.);
#4367=ORIENTED_EDGE('',*,*,#7379,.T.);
#4368=ORIENTED_EDGE('',*,*,#7375,.F.);
#4369=ORIENTED_EDGE('',*,*,#7376,.F.);
#4370=ORIENTED_EDGE('',*,*,#7374,.T.);
#4371=ORIENTED_EDGE('',*,*,#7382,.F.);
#4372=ORIENTED_EDGE('',*,*,#7379,.F.);
#4373=ORIENTED_EDGE('',*,*,#7380,.F.);
#4374=ORIENTED_EDGE('',*,*,#7381,.F.);
#4375=ORIENTED_EDGE('',*,*,#7393,.F.);
#4376=ORIENTED_EDGE('',*,*,#7386,.F.);
#4377=ORIENTED_EDGE('',*,*,#7389,.T.);
#4378=ORIENTED_EDGE('',*,*,#7383,.T.);
#4379=ORIENTED_EDGE('',*,*,#7392,.F.);
#4380=ORIENTED_EDGE('',*,*,#7383,.F.);
#4381=ORIENTED_EDGE('',*,*,#7388,.T.);
#4382=ORIENTED_EDGE('',*,*,#7384,.T.);
#4383=ORIENTED_EDGE('',*,*,#7391,.F.);
#4384=ORIENTED_EDGE('',*,*,#7384,.F.);
#4385=ORIENTED_EDGE('',*,*,#7387,.T.);
#4386=ORIENTED_EDGE('',*,*,#7385,.T.);
#4387=ORIENTED_EDGE('',*,*,#7393,.T.);
#4388=ORIENTED_EDGE('',*,*,#7392,.T.);
#4389=ORIENTED_EDGE('',*,*,#7391,.T.);
#4390=ORIENTED_EDGE('',*,*,#7390,.T.);
#4391=ORIENTED_EDGE('',*,*,#7401,.T.);
#4392=ORIENTED_EDGE('',*,*,#7394,.F.);
#4393=ORIENTED_EDGE('',*,*,#7398,.F.);
#4394=ORIENTED_EDGE('',*,*,#7396,.T.);
#4395=ORIENTED_EDGE('',*,*,#7400,.T.);
#4396=ORIENTED_EDGE('',*,*,#7395,.F.);
#4397=ORIENTED_EDGE('',*,*,#7397,.F.);
#4398=ORIENTED_EDGE('',*,*,#7394,.T.);
#4399=ORIENTED_EDGE('',*,*,#7401,.F.);
#4400=ORIENTED_EDGE('',*,*,#7399,.F.);
#4401=ORIENTED_EDGE('',*,*,#7400,.F.);
#4402=ORIENTED_EDGE('',*,*,#7412,.T.);
#4403=ORIENTED_EDGE('',*,*,#7402,.F.);
#4404=ORIENTED_EDGE('',*,*,#7408,.F.);
#4405=ORIENTED_EDGE('',*,*,#7405,.T.);
#4406=ORIENTED_EDGE('',*,*,#7410,.T.);
#4407=ORIENTED_EDGE('',*,*,#7404,.F.);
#4408=ORIENTED_EDGE('',*,*,#7407,.F.);
#4409=ORIENTED_EDGE('',*,*,#7403,.T.);
#4410=ORIENTED_EDGE('',*,*,#7409,.T.);
#4411=ORIENTED_EDGE('',*,*,#7405,.F.);
#4412=ORIENTED_EDGE('',*,*,#7406,.F.);
#4413=ORIENTED_EDGE('',*,*,#7404,.T.);
#4414=ORIENTED_EDGE('',*,*,#7412,.F.);
#4415=ORIENTED_EDGE('',*,*,#7409,.F.);
#4416=ORIENTED_EDGE('',*,*,#7410,.F.);
#4417=ORIENTED_EDGE('',*,*,#7411,.F.);
#4418=ORIENTED_EDGE('',*,*,#7423,.F.);
#4419=ORIENTED_EDGE('',*,*,#7416,.F.);
#4420=ORIENTED_EDGE('',*,*,#7419,.T.);
#4421=ORIENTED_EDGE('',*,*,#7413,.T.);
#4422=ORIENTED_EDGE('',*,*,#7422,.F.);
#4423=ORIENTED_EDGE('',*,*,#7413,.F.);
#4424=ORIENTED_EDGE('',*,*,#7418,.T.);
#4425=ORIENTED_EDGE('',*,*,#7414,.T.);
#4426=ORIENTED_EDGE('',*,*,#7421,.F.);
#4427=ORIENTED_EDGE('',*,*,#7414,.F.);
#4428=ORIENTED_EDGE('',*,*,#7417,.T.);
#4429=ORIENTED_EDGE('',*,*,#7415,.T.);
#4430=ORIENTED_EDGE('',*,*,#7423,.T.);
#4431=ORIENTED_EDGE('',*,*,#7422,.T.);
#4432=ORIENTED_EDGE('',*,*,#7421,.T.);
#4433=ORIENTED_EDGE('',*,*,#7420,.T.);
#4434=ORIENTED_EDGE('',*,*,#7431,.T.);
#4435=ORIENTED_EDGE('',*,*,#7424,.F.);
#4436=ORIENTED_EDGE('',*,*,#7428,.F.);
#4437=ORIENTED_EDGE('',*,*,#7426,.T.);
#4438=ORIENTED_EDGE('',*,*,#7430,.T.);
#4439=ORIENTED_EDGE('',*,*,#7425,.F.);
#4440=ORIENTED_EDGE('',*,*,#7427,.F.);
#4441=ORIENTED_EDGE('',*,*,#7424,.T.);
#4442=ORIENTED_EDGE('',*,*,#7431,.F.);
#4443=ORIENTED_EDGE('',*,*,#7429,.F.);
#4444=ORIENTED_EDGE('',*,*,#7430,.F.);
#4445=ORIENTED_EDGE('',*,*,#7442,.T.);
#4446=ORIENTED_EDGE('',*,*,#7432,.F.);
#4447=ORIENTED_EDGE('',*,*,#7438,.F.);
#4448=ORIENTED_EDGE('',*,*,#7435,.T.);
#4449=ORIENTED_EDGE('',*,*,#7440,.T.);
#4450=ORIENTED_EDGE('',*,*,#7434,.F.);
#4451=ORIENTED_EDGE('',*,*,#7437,.F.);
#4452=ORIENTED_EDGE('',*,*,#7433,.T.);
#4453=ORIENTED_EDGE('',*,*,#7439,.T.);
#4454=ORIENTED_EDGE('',*,*,#7435,.F.);
#4455=ORIENTED_EDGE('',*,*,#7436,.F.);
#4456=ORIENTED_EDGE('',*,*,#7434,.T.);
#4457=ORIENTED_EDGE('',*,*,#7442,.F.);
#4458=ORIENTED_EDGE('',*,*,#7439,.F.);
#4459=ORIENTED_EDGE('',*,*,#7440,.F.);
#4460=ORIENTED_EDGE('',*,*,#7441,.F.);
#4461=ORIENTED_EDGE('',*,*,#7453,.F.);
#4462=ORIENTED_EDGE('',*,*,#7446,.F.);
#4463=ORIENTED_EDGE('',*,*,#7449,.T.);
#4464=ORIENTED_EDGE('',*,*,#7443,.T.);
#4465=ORIENTED_EDGE('',*,*,#7452,.F.);
#4466=ORIENTED_EDGE('',*,*,#7443,.F.);
#4467=ORIENTED_EDGE('',*,*,#7448,.T.);
#4468=ORIENTED_EDGE('',*,*,#7444,.T.);
#4469=ORIENTED_EDGE('',*,*,#7451,.F.);
#4470=ORIENTED_EDGE('',*,*,#7444,.F.);
#4471=ORIENTED_EDGE('',*,*,#7447,.T.);
#4472=ORIENTED_EDGE('',*,*,#7445,.T.);
#4473=ORIENTED_EDGE('',*,*,#7453,.T.);
#4474=ORIENTED_EDGE('',*,*,#7452,.T.);
#4475=ORIENTED_EDGE('',*,*,#7451,.T.);
#4476=ORIENTED_EDGE('',*,*,#7450,.T.);
#4477=ORIENTED_EDGE('',*,*,#7461,.T.);
#4478=ORIENTED_EDGE('',*,*,#7454,.F.);
#4479=ORIENTED_EDGE('',*,*,#7458,.F.);
#4480=ORIENTED_EDGE('',*,*,#7456,.T.);
#4481=ORIENTED_EDGE('',*,*,#7460,.T.);
#4482=ORIENTED_EDGE('',*,*,#7455,.F.);
#4483=ORIENTED_EDGE('',*,*,#7457,.F.);
#4484=ORIENTED_EDGE('',*,*,#7454,.T.);
#4485=ORIENTED_EDGE('',*,*,#7461,.F.);
#4486=ORIENTED_EDGE('',*,*,#7459,.F.);
#4487=ORIENTED_EDGE('',*,*,#7460,.F.);
#4488=ORIENTED_EDGE('',*,*,#7472,.T.);
#4489=ORIENTED_EDGE('',*,*,#7462,.F.);
#4490=ORIENTED_EDGE('',*,*,#7468,.F.);
#4491=ORIENTED_EDGE('',*,*,#7465,.T.);
#4492=ORIENTED_EDGE('',*,*,#7470,.T.);
#4493=ORIENTED_EDGE('',*,*,#7464,.F.);
#4494=ORIENTED_EDGE('',*,*,#7467,.F.);
#4495=ORIENTED_EDGE('',*,*,#7463,.T.);
#4496=ORIENTED_EDGE('',*,*,#7469,.T.);
#4497=ORIENTED_EDGE('',*,*,#7465,.F.);
#4498=ORIENTED_EDGE('',*,*,#7466,.F.);
#4499=ORIENTED_EDGE('',*,*,#7464,.T.);
#4500=ORIENTED_EDGE('',*,*,#7472,.F.);
#4501=ORIENTED_EDGE('',*,*,#7469,.F.);
#4502=ORIENTED_EDGE('',*,*,#7470,.F.);
#4503=ORIENTED_EDGE('',*,*,#7471,.F.);
#4504=ORIENTED_EDGE('',*,*,#7483,.F.);
#4505=ORIENTED_EDGE('',*,*,#7476,.F.);
#4506=ORIENTED_EDGE('',*,*,#7479,.T.);
#4507=ORIENTED_EDGE('',*,*,#7473,.T.);
#4508=ORIENTED_EDGE('',*,*,#7482,.F.);
#4509=ORIENTED_EDGE('',*,*,#7473,.F.);
#4510=ORIENTED_EDGE('',*,*,#7478,.T.);
#4511=ORIENTED_EDGE('',*,*,#7474,.T.);
#4512=ORIENTED_EDGE('',*,*,#7481,.F.);
#4513=ORIENTED_EDGE('',*,*,#7474,.F.);
#4514=ORIENTED_EDGE('',*,*,#7477,.T.);
#4515=ORIENTED_EDGE('',*,*,#7475,.T.);
#4516=ORIENTED_EDGE('',*,*,#7483,.T.);
#4517=ORIENTED_EDGE('',*,*,#7482,.T.);
#4518=ORIENTED_EDGE('',*,*,#7481,.T.);
#4519=ORIENTED_EDGE('',*,*,#7480,.T.);
#4520=ORIENTED_EDGE('',*,*,#7491,.T.);
#4521=ORIENTED_EDGE('',*,*,#7484,.F.);
#4522=ORIENTED_EDGE('',*,*,#7488,.F.);
#4523=ORIENTED_EDGE('',*,*,#7486,.T.);
#4524=ORIENTED_EDGE('',*,*,#7490,.T.);
#4525=ORIENTED_EDGE('',*,*,#7485,.F.);
#4526=ORIENTED_EDGE('',*,*,#7487,.F.);
#4527=ORIENTED_EDGE('',*,*,#7484,.T.);
#4528=ORIENTED_EDGE('',*,*,#7491,.F.);
#4529=ORIENTED_EDGE('',*,*,#7489,.F.);
#4530=ORIENTED_EDGE('',*,*,#7490,.F.);
#4531=ORIENTED_EDGE('',*,*,#7502,.T.);
#4532=ORIENTED_EDGE('',*,*,#7492,.F.);
#4533=ORIENTED_EDGE('',*,*,#7498,.F.);
#4534=ORIENTED_EDGE('',*,*,#7495,.T.);
#4535=ORIENTED_EDGE('',*,*,#7500,.T.);
#4536=ORIENTED_EDGE('',*,*,#7494,.F.);
#4537=ORIENTED_EDGE('',*,*,#7497,.F.);
#4538=ORIENTED_EDGE('',*,*,#7493,.T.);
#4539=ORIENTED_EDGE('',*,*,#7499,.T.);
#4540=ORIENTED_EDGE('',*,*,#7495,.F.);
#4541=ORIENTED_EDGE('',*,*,#7496,.F.);
#4542=ORIENTED_EDGE('',*,*,#7494,.T.);
#4543=ORIENTED_EDGE('',*,*,#7502,.F.);
#4544=ORIENTED_EDGE('',*,*,#7499,.F.);
#4545=ORIENTED_EDGE('',*,*,#7500,.F.);
#4546=ORIENTED_EDGE('',*,*,#7501,.F.);
#4547=ORIENTED_EDGE('',*,*,#7513,.F.);
#4548=ORIENTED_EDGE('',*,*,#7506,.F.);
#4549=ORIENTED_EDGE('',*,*,#7509,.T.);
#4550=ORIENTED_EDGE('',*,*,#7503,.T.);
#4551=ORIENTED_EDGE('',*,*,#7512,.F.);
#4552=ORIENTED_EDGE('',*,*,#7503,.F.);
#4553=ORIENTED_EDGE('',*,*,#7508,.T.);
#4554=ORIENTED_EDGE('',*,*,#7504,.T.);
#4555=ORIENTED_EDGE('',*,*,#7511,.F.);
#4556=ORIENTED_EDGE('',*,*,#7504,.F.);
#4557=ORIENTED_EDGE('',*,*,#7507,.T.);
#4558=ORIENTED_EDGE('',*,*,#7505,.T.);
#4559=ORIENTED_EDGE('',*,*,#7513,.T.);
#4560=ORIENTED_EDGE('',*,*,#7512,.T.);
#4561=ORIENTED_EDGE('',*,*,#7511,.T.);
#4562=ORIENTED_EDGE('',*,*,#7510,.T.);
#4563=ORIENTED_EDGE('',*,*,#7521,.T.);
#4564=ORIENTED_EDGE('',*,*,#7514,.F.);
#4565=ORIENTED_EDGE('',*,*,#7518,.F.);
#4566=ORIENTED_EDGE('',*,*,#7516,.T.);
#4567=ORIENTED_EDGE('',*,*,#7520,.T.);
#4568=ORIENTED_EDGE('',*,*,#7515,.F.);
#4569=ORIENTED_EDGE('',*,*,#7517,.F.);
#4570=ORIENTED_EDGE('',*,*,#7514,.T.);
#4571=ORIENTED_EDGE('',*,*,#7521,.F.);
#4572=ORIENTED_EDGE('',*,*,#7519,.F.);
#4573=ORIENTED_EDGE('',*,*,#7520,.F.);
#4574=ORIENTED_EDGE('',*,*,#7532,.T.);
#4575=ORIENTED_EDGE('',*,*,#7522,.F.);
#4576=ORIENTED_EDGE('',*,*,#7528,.F.);
#4577=ORIENTED_EDGE('',*,*,#7525,.T.);
#4578=ORIENTED_EDGE('',*,*,#7530,.T.);
#4579=ORIENTED_EDGE('',*,*,#7524,.F.);
#4580=ORIENTED_EDGE('',*,*,#7527,.F.);
#4581=ORIENTED_EDGE('',*,*,#7523,.T.);
#4582=ORIENTED_EDGE('',*,*,#7529,.T.);
#4583=ORIENTED_EDGE('',*,*,#7525,.F.);
#4584=ORIENTED_EDGE('',*,*,#7526,.F.);
#4585=ORIENTED_EDGE('',*,*,#7524,.T.);
#4586=ORIENTED_EDGE('',*,*,#7532,.F.);
#4587=ORIENTED_EDGE('',*,*,#7529,.F.);
#4588=ORIENTED_EDGE('',*,*,#7530,.F.);
#4589=ORIENTED_EDGE('',*,*,#7531,.F.);
#4590=ORIENTED_EDGE('',*,*,#7543,.F.);
#4591=ORIENTED_EDGE('',*,*,#7536,.F.);
#4592=ORIENTED_EDGE('',*,*,#7539,.T.);
#4593=ORIENTED_EDGE('',*,*,#7533,.T.);
#4594=ORIENTED_EDGE('',*,*,#7542,.F.);
#4595=ORIENTED_EDGE('',*,*,#7533,.F.);
#4596=ORIENTED_EDGE('',*,*,#7538,.T.);
#4597=ORIENTED_EDGE('',*,*,#7534,.T.);
#4598=ORIENTED_EDGE('',*,*,#7541,.F.);
#4599=ORIENTED_EDGE('',*,*,#7534,.F.);
#4600=ORIENTED_EDGE('',*,*,#7537,.T.);
#4601=ORIENTED_EDGE('',*,*,#7535,.T.);
#4602=ORIENTED_EDGE('',*,*,#7543,.T.);
#4603=ORIENTED_EDGE('',*,*,#7542,.T.);
#4604=ORIENTED_EDGE('',*,*,#7541,.T.);
#4605=ORIENTED_EDGE('',*,*,#7540,.T.);
#4606=ORIENTED_EDGE('',*,*,#7551,.T.);
#4607=ORIENTED_EDGE('',*,*,#7544,.F.);
#4608=ORIENTED_EDGE('',*,*,#7548,.F.);
#4609=ORIENTED_EDGE('',*,*,#7546,.T.);
#4610=ORIENTED_EDGE('',*,*,#7550,.T.);
#4611=ORIENTED_EDGE('',*,*,#7545,.F.);
#4612=ORIENTED_EDGE('',*,*,#7547,.F.);
#4613=ORIENTED_EDGE('',*,*,#7544,.T.);
#4614=ORIENTED_EDGE('',*,*,#7551,.F.);
#4615=ORIENTED_EDGE('',*,*,#7549,.F.);
#4616=ORIENTED_EDGE('',*,*,#7550,.F.);
#4617=ORIENTED_EDGE('',*,*,#7562,.T.);
#4618=ORIENTED_EDGE('',*,*,#7552,.F.);
#4619=ORIENTED_EDGE('',*,*,#7558,.F.);
#4620=ORIENTED_EDGE('',*,*,#7555,.T.);
#4621=ORIENTED_EDGE('',*,*,#7560,.T.);
#4622=ORIENTED_EDGE('',*,*,#7554,.F.);
#4623=ORIENTED_EDGE('',*,*,#7557,.F.);
#4624=ORIENTED_EDGE('',*,*,#7553,.T.);
#4625=ORIENTED_EDGE('',*,*,#7559,.T.);
#4626=ORIENTED_EDGE('',*,*,#7555,.F.);
#4627=ORIENTED_EDGE('',*,*,#7556,.F.);
#4628=ORIENTED_EDGE('',*,*,#7554,.T.);
#4629=ORIENTED_EDGE('',*,*,#7562,.F.);
#4630=ORIENTED_EDGE('',*,*,#7559,.F.);
#4631=ORIENTED_EDGE('',*,*,#7560,.F.);
#4632=ORIENTED_EDGE('',*,*,#7561,.F.);
#4633=ORIENTED_EDGE('',*,*,#7573,.F.);
#4634=ORIENTED_EDGE('',*,*,#7566,.F.);
#4635=ORIENTED_EDGE('',*,*,#7569,.T.);
#4636=ORIENTED_EDGE('',*,*,#7563,.T.);
#4637=ORIENTED_EDGE('',*,*,#7572,.F.);
#4638=ORIENTED_EDGE('',*,*,#7563,.F.);
#4639=ORIENTED_EDGE('',*,*,#7568,.T.);
#4640=ORIENTED_EDGE('',*,*,#7564,.T.);
#4641=ORIENTED_EDGE('',*,*,#7571,.F.);
#4642=ORIENTED_EDGE('',*,*,#7564,.F.);
#4643=ORIENTED_EDGE('',*,*,#7567,.T.);
#4644=ORIENTED_EDGE('',*,*,#7565,.T.);
#4645=ORIENTED_EDGE('',*,*,#7573,.T.);
#4646=ORIENTED_EDGE('',*,*,#7572,.T.);
#4647=ORIENTED_EDGE('',*,*,#7571,.T.);
#4648=ORIENTED_EDGE('',*,*,#7570,.T.);
#4649=ORIENTED_EDGE('',*,*,#7581,.T.);
#4650=ORIENTED_EDGE('',*,*,#7574,.F.);
#4651=ORIENTED_EDGE('',*,*,#7578,.F.);
#4652=ORIENTED_EDGE('',*,*,#7576,.T.);
#4653=ORIENTED_EDGE('',*,*,#7580,.T.);
#4654=ORIENTED_EDGE('',*,*,#7575,.F.);
#4655=ORIENTED_EDGE('',*,*,#7577,.F.);
#4656=ORIENTED_EDGE('',*,*,#7574,.T.);
#4657=ORIENTED_EDGE('',*,*,#7581,.F.);
#4658=ORIENTED_EDGE('',*,*,#7579,.F.);
#4659=ORIENTED_EDGE('',*,*,#7580,.F.);
#4660=ORIENTED_EDGE('',*,*,#7592,.T.);
#4661=ORIENTED_EDGE('',*,*,#7582,.F.);
#4662=ORIENTED_EDGE('',*,*,#7588,.F.);
#4663=ORIENTED_EDGE('',*,*,#7585,.T.);
#4664=ORIENTED_EDGE('',*,*,#7590,.T.);
#4665=ORIENTED_EDGE('',*,*,#7584,.F.);
#4666=ORIENTED_EDGE('',*,*,#7587,.F.);
#4667=ORIENTED_EDGE('',*,*,#7583,.T.);
#4668=ORIENTED_EDGE('',*,*,#7589,.T.);
#4669=ORIENTED_EDGE('',*,*,#7585,.F.);
#4670=ORIENTED_EDGE('',*,*,#7586,.F.);
#4671=ORIENTED_EDGE('',*,*,#7584,.T.);
#4672=ORIENTED_EDGE('',*,*,#7592,.F.);
#4673=ORIENTED_EDGE('',*,*,#7589,.F.);
#4674=ORIENTED_EDGE('',*,*,#7590,.F.);
#4675=ORIENTED_EDGE('',*,*,#7591,.F.);
#4676=ORIENTED_EDGE('',*,*,#7603,.F.);
#4677=ORIENTED_EDGE('',*,*,#7596,.F.);
#4678=ORIENTED_EDGE('',*,*,#7599,.T.);
#4679=ORIENTED_EDGE('',*,*,#7593,.T.);
#4680=ORIENTED_EDGE('',*,*,#7602,.F.);
#4681=ORIENTED_EDGE('',*,*,#7593,.F.);
#4682=ORIENTED_EDGE('',*,*,#7598,.T.);
#4683=ORIENTED_EDGE('',*,*,#7594,.T.);
#4684=ORIENTED_EDGE('',*,*,#7601,.F.);
#4685=ORIENTED_EDGE('',*,*,#7594,.F.);
#4686=ORIENTED_EDGE('',*,*,#7597,.T.);
#4687=ORIENTED_EDGE('',*,*,#7595,.T.);
#4688=ORIENTED_EDGE('',*,*,#7603,.T.);
#4689=ORIENTED_EDGE('',*,*,#7602,.T.);
#4690=ORIENTED_EDGE('',*,*,#7601,.T.);
#4691=ORIENTED_EDGE('',*,*,#7600,.T.);
#4692=ORIENTED_EDGE('',*,*,#7611,.T.);
#4693=ORIENTED_EDGE('',*,*,#7604,.F.);
#4694=ORIENTED_EDGE('',*,*,#7608,.F.);
#4695=ORIENTED_EDGE('',*,*,#7606,.T.);
#4696=ORIENTED_EDGE('',*,*,#7610,.T.);
#4697=ORIENTED_EDGE('',*,*,#7605,.F.);
#4698=ORIENTED_EDGE('',*,*,#7607,.F.);
#4699=ORIENTED_EDGE('',*,*,#7604,.T.);
#4700=ORIENTED_EDGE('',*,*,#7611,.F.);
#4701=ORIENTED_EDGE('',*,*,#7609,.F.);
#4702=ORIENTED_EDGE('',*,*,#7610,.F.);
#4703=ORIENTED_EDGE('',*,*,#7622,.T.);
#4704=ORIENTED_EDGE('',*,*,#7612,.F.);
#4705=ORIENTED_EDGE('',*,*,#7618,.F.);
#4706=ORIENTED_EDGE('',*,*,#7615,.T.);
#4707=ORIENTED_EDGE('',*,*,#7620,.T.);
#4708=ORIENTED_EDGE('',*,*,#7614,.F.);
#4709=ORIENTED_EDGE('',*,*,#7617,.F.);
#4710=ORIENTED_EDGE('',*,*,#7613,.T.);
#4711=ORIENTED_EDGE('',*,*,#7619,.T.);
#4712=ORIENTED_EDGE('',*,*,#7615,.F.);
#4713=ORIENTED_EDGE('',*,*,#7616,.F.);
#4714=ORIENTED_EDGE('',*,*,#7614,.T.);
#4715=ORIENTED_EDGE('',*,*,#7622,.F.);
#4716=ORIENTED_EDGE('',*,*,#7619,.F.);
#4717=ORIENTED_EDGE('',*,*,#7620,.F.);
#4718=ORIENTED_EDGE('',*,*,#7621,.F.);
#4719=ORIENTED_EDGE('',*,*,#7633,.F.);
#4720=ORIENTED_EDGE('',*,*,#7626,.F.);
#4721=ORIENTED_EDGE('',*,*,#7629,.T.);
#4722=ORIENTED_EDGE('',*,*,#7623,.T.);
#4723=ORIENTED_EDGE('',*,*,#7632,.F.);
#4724=ORIENTED_EDGE('',*,*,#7623,.F.);
#4725=ORIENTED_EDGE('',*,*,#7628,.T.);
#4726=ORIENTED_EDGE('',*,*,#7624,.T.);
#4727=ORIENTED_EDGE('',*,*,#7631,.F.);
#4728=ORIENTED_EDGE('',*,*,#7624,.F.);
#4729=ORIENTED_EDGE('',*,*,#7627,.T.);
#4730=ORIENTED_EDGE('',*,*,#7625,.T.);
#4731=ORIENTED_EDGE('',*,*,#7633,.T.);
#4732=ORIENTED_EDGE('',*,*,#7632,.T.);
#4733=ORIENTED_EDGE('',*,*,#7631,.T.);
#4734=ORIENTED_EDGE('',*,*,#7630,.T.);
#4735=ORIENTED_EDGE('',*,*,#7641,.T.);
#4736=ORIENTED_EDGE('',*,*,#7634,.F.);
#4737=ORIENTED_EDGE('',*,*,#7638,.F.);
#4738=ORIENTED_EDGE('',*,*,#7636,.T.);
#4739=ORIENTED_EDGE('',*,*,#7640,.T.);
#4740=ORIENTED_EDGE('',*,*,#7635,.F.);
#4741=ORIENTED_EDGE('',*,*,#7637,.F.);
#4742=ORIENTED_EDGE('',*,*,#7634,.T.);
#4743=ORIENTED_EDGE('',*,*,#7641,.F.);
#4744=ORIENTED_EDGE('',*,*,#7639,.F.);
#4745=ORIENTED_EDGE('',*,*,#7640,.F.);
#4746=ORIENTED_EDGE('',*,*,#7652,.T.);
#4747=ORIENTED_EDGE('',*,*,#7642,.F.);
#4748=ORIENTED_EDGE('',*,*,#7648,.F.);
#4749=ORIENTED_EDGE('',*,*,#7645,.T.);
#4750=ORIENTED_EDGE('',*,*,#7650,.T.);
#4751=ORIENTED_EDGE('',*,*,#7644,.F.);
#4752=ORIENTED_EDGE('',*,*,#7647,.F.);
#4753=ORIENTED_EDGE('',*,*,#7643,.T.);
#4754=ORIENTED_EDGE('',*,*,#7649,.T.);
#4755=ORIENTED_EDGE('',*,*,#7645,.F.);
#4756=ORIENTED_EDGE('',*,*,#7646,.F.);
#4757=ORIENTED_EDGE('',*,*,#7644,.T.);
#4758=ORIENTED_EDGE('',*,*,#7652,.F.);
#4759=ORIENTED_EDGE('',*,*,#7649,.F.);
#4760=ORIENTED_EDGE('',*,*,#7650,.F.);
#4761=ORIENTED_EDGE('',*,*,#7651,.F.);
#4762=ORIENTED_EDGE('',*,*,#7663,.F.);
#4763=ORIENTED_EDGE('',*,*,#7656,.F.);
#4764=ORIENTED_EDGE('',*,*,#7659,.T.);
#4765=ORIENTED_EDGE('',*,*,#7653,.T.);
#4766=ORIENTED_EDGE('',*,*,#7662,.F.);
#4767=ORIENTED_EDGE('',*,*,#7653,.F.);
#4768=ORIENTED_EDGE('',*,*,#7658,.T.);
#4769=ORIENTED_EDGE('',*,*,#7654,.T.);
#4770=ORIENTED_EDGE('',*,*,#7661,.F.);
#4771=ORIENTED_EDGE('',*,*,#7654,.F.);
#4772=ORIENTED_EDGE('',*,*,#7657,.T.);
#4773=ORIENTED_EDGE('',*,*,#7655,.T.);
#4774=ORIENTED_EDGE('',*,*,#7663,.T.);
#4775=ORIENTED_EDGE('',*,*,#7662,.T.);
#4776=ORIENTED_EDGE('',*,*,#7661,.T.);
#4777=ORIENTED_EDGE('',*,*,#7660,.T.);
#4778=ORIENTED_EDGE('',*,*,#7671,.T.);
#4779=ORIENTED_EDGE('',*,*,#7664,.F.);
#4780=ORIENTED_EDGE('',*,*,#7668,.F.);
#4781=ORIENTED_EDGE('',*,*,#7666,.T.);
#4782=ORIENTED_EDGE('',*,*,#7670,.T.);
#4783=ORIENTED_EDGE('',*,*,#7665,.F.);
#4784=ORIENTED_EDGE('',*,*,#7667,.F.);
#4785=ORIENTED_EDGE('',*,*,#7664,.T.);
#4786=ORIENTED_EDGE('',*,*,#7671,.F.);
#4787=ORIENTED_EDGE('',*,*,#7669,.F.);
#4788=ORIENTED_EDGE('',*,*,#7670,.F.);
#4789=ORIENTED_EDGE('',*,*,#7682,.T.);
#4790=ORIENTED_EDGE('',*,*,#7672,.F.);
#4791=ORIENTED_EDGE('',*,*,#7678,.F.);
#4792=ORIENTED_EDGE('',*,*,#7675,.T.);
#4793=ORIENTED_EDGE('',*,*,#7680,.T.);
#4794=ORIENTED_EDGE('',*,*,#7674,.F.);
#4795=ORIENTED_EDGE('',*,*,#7677,.F.);
#4796=ORIENTED_EDGE('',*,*,#7673,.T.);
#4797=ORIENTED_EDGE('',*,*,#7679,.T.);
#4798=ORIENTED_EDGE('',*,*,#7675,.F.);
#4799=ORIENTED_EDGE('',*,*,#7676,.F.);
#4800=ORIENTED_EDGE('',*,*,#7674,.T.);
#4801=ORIENTED_EDGE('',*,*,#7682,.F.);
#4802=ORIENTED_EDGE('',*,*,#7679,.F.);
#4803=ORIENTED_EDGE('',*,*,#7680,.F.);
#4804=ORIENTED_EDGE('',*,*,#7681,.F.);
#4805=ORIENTED_EDGE('',*,*,#7693,.F.);
#4806=ORIENTED_EDGE('',*,*,#7686,.F.);
#4807=ORIENTED_EDGE('',*,*,#7689,.T.);
#4808=ORIENTED_EDGE('',*,*,#7683,.T.);
#4809=ORIENTED_EDGE('',*,*,#7692,.F.);
#4810=ORIENTED_EDGE('',*,*,#7683,.F.);
#4811=ORIENTED_EDGE('',*,*,#7688,.T.);
#4812=ORIENTED_EDGE('',*,*,#7684,.T.);
#4813=ORIENTED_EDGE('',*,*,#7691,.F.);
#4814=ORIENTED_EDGE('',*,*,#7684,.F.);
#4815=ORIENTED_EDGE('',*,*,#7687,.T.);
#4816=ORIENTED_EDGE('',*,*,#7685,.T.);
#4817=ORIENTED_EDGE('',*,*,#7693,.T.);
#4818=ORIENTED_EDGE('',*,*,#7692,.T.);
#4819=ORIENTED_EDGE('',*,*,#7691,.T.);
#4820=ORIENTED_EDGE('',*,*,#7690,.T.);
#4821=ORIENTED_EDGE('',*,*,#7701,.T.);
#4822=ORIENTED_EDGE('',*,*,#7694,.F.);
#4823=ORIENTED_EDGE('',*,*,#7698,.F.);
#4824=ORIENTED_EDGE('',*,*,#7696,.T.);
#4825=ORIENTED_EDGE('',*,*,#7700,.T.);
#4826=ORIENTED_EDGE('',*,*,#7695,.F.);
#4827=ORIENTED_EDGE('',*,*,#7697,.F.);
#4828=ORIENTED_EDGE('',*,*,#7694,.T.);
#4829=ORIENTED_EDGE('',*,*,#7701,.F.);
#4830=ORIENTED_EDGE('',*,*,#7699,.F.);
#4831=ORIENTED_EDGE('',*,*,#7700,.F.);
#4832=ORIENTED_EDGE('',*,*,#7712,.T.);
#4833=ORIENTED_EDGE('',*,*,#7702,.F.);
#4834=ORIENTED_EDGE('',*,*,#7708,.F.);
#4835=ORIENTED_EDGE('',*,*,#7705,.T.);
#4836=ORIENTED_EDGE('',*,*,#7710,.T.);
#4837=ORIENTED_EDGE('',*,*,#7704,.F.);
#4838=ORIENTED_EDGE('',*,*,#7707,.F.);
#4839=ORIENTED_EDGE('',*,*,#7703,.T.);
#4840=ORIENTED_EDGE('',*,*,#7709,.T.);
#4841=ORIENTED_EDGE('',*,*,#7705,.F.);
#4842=ORIENTED_EDGE('',*,*,#7706,.F.);
#4843=ORIENTED_EDGE('',*,*,#7704,.T.);
#4844=ORIENTED_EDGE('',*,*,#7712,.F.);
#4845=ORIENTED_EDGE('',*,*,#7709,.F.);
#4846=ORIENTED_EDGE('',*,*,#7710,.F.);
#4847=ORIENTED_EDGE('',*,*,#7711,.F.);
#4848=ORIENTED_EDGE('',*,*,#7723,.F.);
#4849=ORIENTED_EDGE('',*,*,#7716,.F.);
#4850=ORIENTED_EDGE('',*,*,#7719,.T.);
#4851=ORIENTED_EDGE('',*,*,#7713,.T.);
#4852=ORIENTED_EDGE('',*,*,#7722,.F.);
#4853=ORIENTED_EDGE('',*,*,#7713,.F.);
#4854=ORIENTED_EDGE('',*,*,#7718,.T.);
#4855=ORIENTED_EDGE('',*,*,#7714,.T.);
#4856=ORIENTED_EDGE('',*,*,#7721,.F.);
#4857=ORIENTED_EDGE('',*,*,#7714,.F.);
#4858=ORIENTED_EDGE('',*,*,#7717,.T.);
#4859=ORIENTED_EDGE('',*,*,#7715,.T.);
#4860=ORIENTED_EDGE('',*,*,#7723,.T.);
#4861=ORIENTED_EDGE('',*,*,#7722,.T.);
#4862=ORIENTED_EDGE('',*,*,#7721,.T.);
#4863=ORIENTED_EDGE('',*,*,#7720,.T.);
#4864=ORIENTED_EDGE('',*,*,#7731,.T.);
#4865=ORIENTED_EDGE('',*,*,#7724,.F.);
#4866=ORIENTED_EDGE('',*,*,#7728,.F.);
#4867=ORIENTED_EDGE('',*,*,#7726,.T.);
#4868=ORIENTED_EDGE('',*,*,#7730,.T.);
#4869=ORIENTED_EDGE('',*,*,#7725,.F.);
#4870=ORIENTED_EDGE('',*,*,#7727,.F.);
#4871=ORIENTED_EDGE('',*,*,#7724,.T.);
#4872=ORIENTED_EDGE('',*,*,#7731,.F.);
#4873=ORIENTED_EDGE('',*,*,#7729,.F.);
#4874=ORIENTED_EDGE('',*,*,#7730,.F.);
#4875=ORIENTED_EDGE('',*,*,#7742,.T.);
#4876=ORIENTED_EDGE('',*,*,#7732,.F.);
#4877=ORIENTED_EDGE('',*,*,#7738,.F.);
#4878=ORIENTED_EDGE('',*,*,#7735,.T.);
#4879=ORIENTED_EDGE('',*,*,#7740,.T.);
#4880=ORIENTED_EDGE('',*,*,#7734,.F.);
#4881=ORIENTED_EDGE('',*,*,#7737,.F.);
#4882=ORIENTED_EDGE('',*,*,#7733,.T.);
#4883=ORIENTED_EDGE('',*,*,#7739,.T.);
#4884=ORIENTED_EDGE('',*,*,#7735,.F.);
#4885=ORIENTED_EDGE('',*,*,#7736,.F.);
#4886=ORIENTED_EDGE('',*,*,#7734,.T.);
#4887=ORIENTED_EDGE('',*,*,#7742,.F.);
#4888=ORIENTED_EDGE('',*,*,#7739,.F.);
#4889=ORIENTED_EDGE('',*,*,#7740,.F.);
#4890=ORIENTED_EDGE('',*,*,#7741,.F.);
#4891=ORIENTED_EDGE('',*,*,#7753,.F.);
#4892=ORIENTED_EDGE('',*,*,#7746,.F.);
#4893=ORIENTED_EDGE('',*,*,#7749,.T.);
#4894=ORIENTED_EDGE('',*,*,#7743,.T.);
#4895=ORIENTED_EDGE('',*,*,#7752,.F.);
#4896=ORIENTED_EDGE('',*,*,#7743,.F.);
#4897=ORIENTED_EDGE('',*,*,#7748,.T.);
#4898=ORIENTED_EDGE('',*,*,#7744,.T.);
#4899=ORIENTED_EDGE('',*,*,#7751,.F.);
#4900=ORIENTED_EDGE('',*,*,#7744,.F.);
#4901=ORIENTED_EDGE('',*,*,#7747,.T.);
#4902=ORIENTED_EDGE('',*,*,#7745,.T.);
#4903=ORIENTED_EDGE('',*,*,#7753,.T.);
#4904=ORIENTED_EDGE('',*,*,#7752,.T.);
#4905=ORIENTED_EDGE('',*,*,#7751,.T.);
#4906=ORIENTED_EDGE('',*,*,#7750,.T.);
#4907=ORIENTED_EDGE('',*,*,#7761,.T.);
#4908=ORIENTED_EDGE('',*,*,#7754,.F.);
#4909=ORIENTED_EDGE('',*,*,#7758,.F.);
#4910=ORIENTED_EDGE('',*,*,#7756,.T.);
#4911=ORIENTED_EDGE('',*,*,#7760,.T.);
#4912=ORIENTED_EDGE('',*,*,#7755,.F.);
#4913=ORIENTED_EDGE('',*,*,#7757,.F.);
#4914=ORIENTED_EDGE('',*,*,#7754,.T.);
#4915=ORIENTED_EDGE('',*,*,#7761,.F.);
#4916=ORIENTED_EDGE('',*,*,#7759,.F.);
#4917=ORIENTED_EDGE('',*,*,#7760,.F.);
#4918=ORIENTED_EDGE('',*,*,#7772,.T.);
#4919=ORIENTED_EDGE('',*,*,#7762,.F.);
#4920=ORIENTED_EDGE('',*,*,#7768,.F.);
#4921=ORIENTED_EDGE('',*,*,#7765,.T.);
#4922=ORIENTED_EDGE('',*,*,#7770,.T.);
#4923=ORIENTED_EDGE('',*,*,#7764,.F.);
#4924=ORIENTED_EDGE('',*,*,#7767,.F.);
#4925=ORIENTED_EDGE('',*,*,#7763,.T.);
#4926=ORIENTED_EDGE('',*,*,#7769,.T.);
#4927=ORIENTED_EDGE('',*,*,#7765,.F.);
#4928=ORIENTED_EDGE('',*,*,#7766,.F.);
#4929=ORIENTED_EDGE('',*,*,#7764,.T.);
#4930=ORIENTED_EDGE('',*,*,#7772,.F.);
#4931=ORIENTED_EDGE('',*,*,#7769,.F.);
#4932=ORIENTED_EDGE('',*,*,#7770,.F.);
#4933=ORIENTED_EDGE('',*,*,#7771,.F.);
#4934=ORIENTED_EDGE('',*,*,#7783,.F.);
#4935=ORIENTED_EDGE('',*,*,#7776,.F.);
#4936=ORIENTED_EDGE('',*,*,#7779,.T.);
#4937=ORIENTED_EDGE('',*,*,#7773,.T.);
#4938=ORIENTED_EDGE('',*,*,#7782,.F.);
#4939=ORIENTED_EDGE('',*,*,#7773,.F.);
#4940=ORIENTED_EDGE('',*,*,#7778,.T.);
#4941=ORIENTED_EDGE('',*,*,#7774,.T.);
#4942=ORIENTED_EDGE('',*,*,#7781,.F.);
#4943=ORIENTED_EDGE('',*,*,#7774,.F.);
#4944=ORIENTED_EDGE('',*,*,#7777,.T.);
#4945=ORIENTED_EDGE('',*,*,#7775,.T.);
#4946=ORIENTED_EDGE('',*,*,#7783,.T.);
#4947=ORIENTED_EDGE('',*,*,#7782,.T.);
#4948=ORIENTED_EDGE('',*,*,#7781,.T.);
#4949=ORIENTED_EDGE('',*,*,#7780,.T.);
#4950=ORIENTED_EDGE('',*,*,#7791,.T.);
#4951=ORIENTED_EDGE('',*,*,#7784,.F.);
#4952=ORIENTED_EDGE('',*,*,#7788,.F.);
#4953=ORIENTED_EDGE('',*,*,#7786,.T.);
#4954=ORIENTED_EDGE('',*,*,#7790,.T.);
#4955=ORIENTED_EDGE('',*,*,#7785,.F.);
#4956=ORIENTED_EDGE('',*,*,#7787,.F.);
#4957=ORIENTED_EDGE('',*,*,#7784,.T.);
#4958=ORIENTED_EDGE('',*,*,#7791,.F.);
#4959=ORIENTED_EDGE('',*,*,#7789,.F.);
#4960=ORIENTED_EDGE('',*,*,#7790,.F.);
#4961=ORIENTED_EDGE('',*,*,#7802,.T.);
#4962=ORIENTED_EDGE('',*,*,#7792,.F.);
#4963=ORIENTED_EDGE('',*,*,#7798,.F.);
#4964=ORIENTED_EDGE('',*,*,#7795,.T.);
#4965=ORIENTED_EDGE('',*,*,#7800,.T.);
#4966=ORIENTED_EDGE('',*,*,#7794,.F.);
#4967=ORIENTED_EDGE('',*,*,#7797,.F.);
#4968=ORIENTED_EDGE('',*,*,#7793,.T.);
#4969=ORIENTED_EDGE('',*,*,#7799,.T.);
#4970=ORIENTED_EDGE('',*,*,#7795,.F.);
#4971=ORIENTED_EDGE('',*,*,#7796,.F.);
#4972=ORIENTED_EDGE('',*,*,#7794,.T.);
#4973=ORIENTED_EDGE('',*,*,#7802,.F.);
#4974=ORIENTED_EDGE('',*,*,#7799,.F.);
#4975=ORIENTED_EDGE('',*,*,#7800,.F.);
#4976=ORIENTED_EDGE('',*,*,#7801,.F.);
#4977=ORIENTED_EDGE('',*,*,#7813,.F.);
#4978=ORIENTED_EDGE('',*,*,#7806,.F.);
#4979=ORIENTED_EDGE('',*,*,#7809,.T.);
#4980=ORIENTED_EDGE('',*,*,#7803,.T.);
#4981=ORIENTED_EDGE('',*,*,#7812,.F.);
#4982=ORIENTED_EDGE('',*,*,#7803,.F.);
#4983=ORIENTED_EDGE('',*,*,#7808,.T.);
#4984=ORIENTED_EDGE('',*,*,#7804,.T.);
#4985=ORIENTED_EDGE('',*,*,#7811,.F.);
#4986=ORIENTED_EDGE('',*,*,#7804,.F.);
#4987=ORIENTED_EDGE('',*,*,#7807,.T.);
#4988=ORIENTED_EDGE('',*,*,#7805,.T.);
#4989=ORIENTED_EDGE('',*,*,#7813,.T.);
#4990=ORIENTED_EDGE('',*,*,#7812,.T.);
#4991=ORIENTED_EDGE('',*,*,#7811,.T.);
#4992=ORIENTED_EDGE('',*,*,#7810,.T.);
#4993=ORIENTED_EDGE('',*,*,#7821,.T.);
#4994=ORIENTED_EDGE('',*,*,#7814,.F.);
#4995=ORIENTED_EDGE('',*,*,#7818,.F.);
#4996=ORIENTED_EDGE('',*,*,#7816,.T.);
#4997=ORIENTED_EDGE('',*,*,#7820,.T.);
#4998=ORIENTED_EDGE('',*,*,#7815,.F.);
#4999=ORIENTED_EDGE('',*,*,#7817,.F.);
#5000=ORIENTED_EDGE('',*,*,#7814,.T.);
#5001=ORIENTED_EDGE('',*,*,#7821,.F.);
#5002=ORIENTED_EDGE('',*,*,#7819,.F.);
#5003=ORIENTED_EDGE('',*,*,#7820,.F.);
#5004=ORIENTED_EDGE('',*,*,#7832,.T.);
#5005=ORIENTED_EDGE('',*,*,#7822,.F.);
#5006=ORIENTED_EDGE('',*,*,#7828,.F.);
#5007=ORIENTED_EDGE('',*,*,#7825,.T.);
#5008=ORIENTED_EDGE('',*,*,#7830,.T.);
#5009=ORIENTED_EDGE('',*,*,#7824,.F.);
#5010=ORIENTED_EDGE('',*,*,#7827,.F.);
#5011=ORIENTED_EDGE('',*,*,#7823,.T.);
#5012=ORIENTED_EDGE('',*,*,#7829,.T.);
#5013=ORIENTED_EDGE('',*,*,#7825,.F.);
#5014=ORIENTED_EDGE('',*,*,#7826,.F.);
#5015=ORIENTED_EDGE('',*,*,#7824,.T.);
#5016=ORIENTED_EDGE('',*,*,#7832,.F.);
#5017=ORIENTED_EDGE('',*,*,#7829,.F.);
#5018=ORIENTED_EDGE('',*,*,#7830,.F.);
#5019=ORIENTED_EDGE('',*,*,#7831,.F.);
#5020=ORIENTED_EDGE('',*,*,#7843,.F.);
#5021=ORIENTED_EDGE('',*,*,#7836,.F.);
#5022=ORIENTED_EDGE('',*,*,#7839,.T.);
#5023=ORIENTED_EDGE('',*,*,#7833,.T.);
#5024=ORIENTED_EDGE('',*,*,#7842,.F.);
#5025=ORIENTED_EDGE('',*,*,#7833,.F.);
#5026=ORIENTED_EDGE('',*,*,#7838,.T.);
#5027=ORIENTED_EDGE('',*,*,#7834,.T.);
#5028=ORIENTED_EDGE('',*,*,#7841,.F.);
#5029=ORIENTED_EDGE('',*,*,#7834,.F.);
#5030=ORIENTED_EDGE('',*,*,#7837,.T.);
#5031=ORIENTED_EDGE('',*,*,#7835,.T.);
#5032=ORIENTED_EDGE('',*,*,#7843,.T.);
#5033=ORIENTED_EDGE('',*,*,#7842,.T.);
#5034=ORIENTED_EDGE('',*,*,#7841,.T.);
#5035=ORIENTED_EDGE('',*,*,#7840,.T.);
#5036=ORIENTED_EDGE('',*,*,#7851,.T.);
#5037=ORIENTED_EDGE('',*,*,#7844,.F.);
#5038=ORIENTED_EDGE('',*,*,#7848,.F.);
#5039=ORIENTED_EDGE('',*,*,#7846,.T.);
#5040=ORIENTED_EDGE('',*,*,#7850,.T.);
#5041=ORIENTED_EDGE('',*,*,#7845,.F.);
#5042=ORIENTED_EDGE('',*,*,#7847,.F.);
#5043=ORIENTED_EDGE('',*,*,#7844,.T.);
#5044=ORIENTED_EDGE('',*,*,#7851,.F.);
#5045=ORIENTED_EDGE('',*,*,#7849,.F.);
#5046=ORIENTED_EDGE('',*,*,#7850,.F.);
#5047=ORIENTED_EDGE('',*,*,#7862,.T.);
#5048=ORIENTED_EDGE('',*,*,#7852,.F.);
#5049=ORIENTED_EDGE('',*,*,#7858,.F.);
#5050=ORIENTED_EDGE('',*,*,#7855,.T.);
#5051=ORIENTED_EDGE('',*,*,#7860,.T.);
#5052=ORIENTED_EDGE('',*,*,#7854,.F.);
#5053=ORIENTED_EDGE('',*,*,#7857,.F.);
#5054=ORIENTED_EDGE('',*,*,#7853,.T.);
#5055=ORIENTED_EDGE('',*,*,#7859,.T.);
#5056=ORIENTED_EDGE('',*,*,#7855,.F.);
#5057=ORIENTED_EDGE('',*,*,#7856,.F.);
#5058=ORIENTED_EDGE('',*,*,#7854,.T.);
#5059=ORIENTED_EDGE('',*,*,#7862,.F.);
#5060=ORIENTED_EDGE('',*,*,#7859,.F.);
#5061=ORIENTED_EDGE('',*,*,#7860,.F.);
#5062=ORIENTED_EDGE('',*,*,#7861,.F.);
#5063=ORIENTED_EDGE('',*,*,#7873,.F.);
#5064=ORIENTED_EDGE('',*,*,#7866,.F.);
#5065=ORIENTED_EDGE('',*,*,#7869,.T.);
#5066=ORIENTED_EDGE('',*,*,#7863,.T.);
#5067=ORIENTED_EDGE('',*,*,#7872,.F.);
#5068=ORIENTED_EDGE('',*,*,#7863,.F.);
#5069=ORIENTED_EDGE('',*,*,#7868,.T.);
#5070=ORIENTED_EDGE('',*,*,#7864,.T.);
#5071=ORIENTED_EDGE('',*,*,#7871,.F.);
#5072=ORIENTED_EDGE('',*,*,#7864,.F.);
#5073=ORIENTED_EDGE('',*,*,#7867,.T.);
#5074=ORIENTED_EDGE('',*,*,#7865,.T.);
#5075=ORIENTED_EDGE('',*,*,#7873,.T.);
#5076=ORIENTED_EDGE('',*,*,#7872,.T.);
#5077=ORIENTED_EDGE('',*,*,#7871,.T.);
#5078=ORIENTED_EDGE('',*,*,#7870,.T.);
#5079=ORIENTED_EDGE('',*,*,#7881,.T.);
#5080=ORIENTED_EDGE('',*,*,#7874,.F.);
#5081=ORIENTED_EDGE('',*,*,#7878,.F.);
#5082=ORIENTED_EDGE('',*,*,#7876,.T.);
#5083=ORIENTED_EDGE('',*,*,#7880,.T.);
#5084=ORIENTED_EDGE('',*,*,#7875,.F.);
#5085=ORIENTED_EDGE('',*,*,#7877,.F.);
#5086=ORIENTED_EDGE('',*,*,#7874,.T.);
#5087=ORIENTED_EDGE('',*,*,#7881,.F.);
#5088=ORIENTED_EDGE('',*,*,#7879,.F.);
#5089=ORIENTED_EDGE('',*,*,#7880,.F.);
#5090=ORIENTED_EDGE('',*,*,#7892,.T.);
#5091=ORIENTED_EDGE('',*,*,#7882,.F.);
#5092=ORIENTED_EDGE('',*,*,#7888,.F.);
#5093=ORIENTED_EDGE('',*,*,#7885,.T.);
#5094=ORIENTED_EDGE('',*,*,#7890,.T.);
#5095=ORIENTED_EDGE('',*,*,#7884,.F.);
#5096=ORIENTED_EDGE('',*,*,#7887,.F.);
#5097=ORIENTED_EDGE('',*,*,#7883,.T.);
#5098=ORIENTED_EDGE('',*,*,#7889,.T.);
#5099=ORIENTED_EDGE('',*,*,#7885,.F.);
#5100=ORIENTED_EDGE('',*,*,#7886,.F.);
#5101=ORIENTED_EDGE('',*,*,#7884,.T.);
#5102=ORIENTED_EDGE('',*,*,#7892,.F.);
#5103=ORIENTED_EDGE('',*,*,#7889,.F.);
#5104=ORIENTED_EDGE('',*,*,#7890,.F.);
#5105=ORIENTED_EDGE('',*,*,#7891,.F.);
#5106=ORIENTED_EDGE('',*,*,#7903,.F.);
#5107=ORIENTED_EDGE('',*,*,#7896,.F.);
#5108=ORIENTED_EDGE('',*,*,#7899,.T.);
#5109=ORIENTED_EDGE('',*,*,#7893,.T.);
#5110=ORIENTED_EDGE('',*,*,#7902,.F.);
#5111=ORIENTED_EDGE('',*,*,#7893,.F.);
#5112=ORIENTED_EDGE('',*,*,#7898,.T.);
#5113=ORIENTED_EDGE('',*,*,#7894,.T.);
#5114=ORIENTED_EDGE('',*,*,#7901,.F.);
#5115=ORIENTED_EDGE('',*,*,#7894,.F.);
#5116=ORIENTED_EDGE('',*,*,#7897,.T.);
#5117=ORIENTED_EDGE('',*,*,#7895,.T.);
#5118=ORIENTED_EDGE('',*,*,#7903,.T.);
#5119=ORIENTED_EDGE('',*,*,#7902,.T.);
#5120=ORIENTED_EDGE('',*,*,#7901,.T.);
#5121=ORIENTED_EDGE('',*,*,#7900,.T.);
#5122=ORIENTED_EDGE('',*,*,#7911,.T.);
#5123=ORIENTED_EDGE('',*,*,#7904,.F.);
#5124=ORIENTED_EDGE('',*,*,#7908,.F.);
#5125=ORIENTED_EDGE('',*,*,#7906,.T.);
#5126=ORIENTED_EDGE('',*,*,#7910,.T.);
#5127=ORIENTED_EDGE('',*,*,#7905,.F.);
#5128=ORIENTED_EDGE('',*,*,#7907,.F.);
#5129=ORIENTED_EDGE('',*,*,#7904,.T.);
#5130=ORIENTED_EDGE('',*,*,#7911,.F.);
#5131=ORIENTED_EDGE('',*,*,#7909,.F.);
#5132=ORIENTED_EDGE('',*,*,#7910,.F.);
#5133=ORIENTED_EDGE('',*,*,#7922,.T.);
#5134=ORIENTED_EDGE('',*,*,#7912,.F.);
#5135=ORIENTED_EDGE('',*,*,#7918,.F.);
#5136=ORIENTED_EDGE('',*,*,#7915,.T.);
#5137=ORIENTED_EDGE('',*,*,#7920,.T.);
#5138=ORIENTED_EDGE('',*,*,#7914,.F.);
#5139=ORIENTED_EDGE('',*,*,#7917,.F.);
#5140=ORIENTED_EDGE('',*,*,#7913,.T.);
#5141=ORIENTED_EDGE('',*,*,#7919,.T.);
#5142=ORIENTED_EDGE('',*,*,#7915,.F.);
#5143=ORIENTED_EDGE('',*,*,#7916,.F.);
#5144=ORIENTED_EDGE('',*,*,#7914,.T.);
#5145=ORIENTED_EDGE('',*,*,#7922,.F.);
#5146=ORIENTED_EDGE('',*,*,#7919,.F.);
#5147=ORIENTED_EDGE('',*,*,#7920,.F.);
#5148=ORIENTED_EDGE('',*,*,#7921,.F.);
#5149=ORIENTED_EDGE('',*,*,#7933,.F.);
#5150=ORIENTED_EDGE('',*,*,#7926,.F.);
#5151=ORIENTED_EDGE('',*,*,#7929,.T.);
#5152=ORIENTED_EDGE('',*,*,#7923,.T.);
#5153=ORIENTED_EDGE('',*,*,#7932,.F.);
#5154=ORIENTED_EDGE('',*,*,#7923,.F.);
#5155=ORIENTED_EDGE('',*,*,#7928,.T.);
#5156=ORIENTED_EDGE('',*,*,#7924,.T.);
#5157=ORIENTED_EDGE('',*,*,#7931,.F.);
#5158=ORIENTED_EDGE('',*,*,#7924,.F.);
#5159=ORIENTED_EDGE('',*,*,#7927,.T.);
#5160=ORIENTED_EDGE('',*,*,#7925,.T.);
#5161=ORIENTED_EDGE('',*,*,#7933,.T.);
#5162=ORIENTED_EDGE('',*,*,#7932,.T.);
#5163=ORIENTED_EDGE('',*,*,#7931,.T.);
#5164=ORIENTED_EDGE('',*,*,#7930,.T.);
#5165=ORIENTED_EDGE('',*,*,#7941,.T.);
#5166=ORIENTED_EDGE('',*,*,#7934,.F.);
#5167=ORIENTED_EDGE('',*,*,#7938,.F.);
#5168=ORIENTED_EDGE('',*,*,#7936,.T.);
#5169=ORIENTED_EDGE('',*,*,#7940,.T.);
#5170=ORIENTED_EDGE('',*,*,#7935,.F.);
#5171=ORIENTED_EDGE('',*,*,#7937,.F.);
#5172=ORIENTED_EDGE('',*,*,#7934,.T.);
#5173=ORIENTED_EDGE('',*,*,#7941,.F.);
#5174=ORIENTED_EDGE('',*,*,#7939,.F.);
#5175=ORIENTED_EDGE('',*,*,#7940,.F.);
#5176=ORIENTED_EDGE('',*,*,#7952,.T.);
#5177=ORIENTED_EDGE('',*,*,#7942,.F.);
#5178=ORIENTED_EDGE('',*,*,#7948,.F.);
#5179=ORIENTED_EDGE('',*,*,#7945,.T.);
#5180=ORIENTED_EDGE('',*,*,#7950,.T.);
#5181=ORIENTED_EDGE('',*,*,#7944,.F.);
#5182=ORIENTED_EDGE('',*,*,#7947,.F.);
#5183=ORIENTED_EDGE('',*,*,#7943,.T.);
#5184=ORIENTED_EDGE('',*,*,#7949,.T.);
#5185=ORIENTED_EDGE('',*,*,#7945,.F.);
#5186=ORIENTED_EDGE('',*,*,#7946,.F.);
#5187=ORIENTED_EDGE('',*,*,#7944,.T.);
#5188=ORIENTED_EDGE('',*,*,#7952,.F.);
#5189=ORIENTED_EDGE('',*,*,#7949,.F.);
#5190=ORIENTED_EDGE('',*,*,#7950,.F.);
#5191=ORIENTED_EDGE('',*,*,#7951,.F.);
#5192=ORIENTED_EDGE('',*,*,#7963,.F.);
#5193=ORIENTED_EDGE('',*,*,#7956,.F.);
#5194=ORIENTED_EDGE('',*,*,#7959,.T.);
#5195=ORIENTED_EDGE('',*,*,#7953,.T.);
#5196=ORIENTED_EDGE('',*,*,#7962,.F.);
#5197=ORIENTED_EDGE('',*,*,#7953,.F.);
#5198=ORIENTED_EDGE('',*,*,#7958,.T.);
#5199=ORIENTED_EDGE('',*,*,#7954,.T.);
#5200=ORIENTED_EDGE('',*,*,#7961,.F.);
#5201=ORIENTED_EDGE('',*,*,#7954,.F.);
#5202=ORIENTED_EDGE('',*,*,#7957,.T.);
#5203=ORIENTED_EDGE('',*,*,#7955,.T.);
#5204=ORIENTED_EDGE('',*,*,#7963,.T.);
#5205=ORIENTED_EDGE('',*,*,#7962,.T.);
#5206=ORIENTED_EDGE('',*,*,#7961,.T.);
#5207=ORIENTED_EDGE('',*,*,#7960,.T.);
#5208=ORIENTED_EDGE('',*,*,#7971,.T.);
#5209=ORIENTED_EDGE('',*,*,#7964,.F.);
#5210=ORIENTED_EDGE('',*,*,#7968,.F.);
#5211=ORIENTED_EDGE('',*,*,#7966,.T.);
#5212=ORIENTED_EDGE('',*,*,#7970,.T.);
#5213=ORIENTED_EDGE('',*,*,#7965,.F.);
#5214=ORIENTED_EDGE('',*,*,#7967,.F.);
#5215=ORIENTED_EDGE('',*,*,#7964,.T.);
#5216=ORIENTED_EDGE('',*,*,#7971,.F.);
#5217=ORIENTED_EDGE('',*,*,#7969,.F.);
#5218=ORIENTED_EDGE('',*,*,#7970,.F.);
#5219=ORIENTED_EDGE('',*,*,#7982,.T.);
#5220=ORIENTED_EDGE('',*,*,#7972,.F.);
#5221=ORIENTED_EDGE('',*,*,#7978,.F.);
#5222=ORIENTED_EDGE('',*,*,#7975,.T.);
#5223=ORIENTED_EDGE('',*,*,#7980,.T.);
#5224=ORIENTED_EDGE('',*,*,#7974,.F.);
#5225=ORIENTED_EDGE('',*,*,#7977,.F.);
#5226=ORIENTED_EDGE('',*,*,#7973,.T.);
#5227=ORIENTED_EDGE('',*,*,#7979,.T.);
#5228=ORIENTED_EDGE('',*,*,#7975,.F.);
#5229=ORIENTED_EDGE('',*,*,#7976,.F.);
#5230=ORIENTED_EDGE('',*,*,#7974,.T.);
#5231=ORIENTED_EDGE('',*,*,#7982,.F.);
#5232=ORIENTED_EDGE('',*,*,#7979,.F.);
#5233=ORIENTED_EDGE('',*,*,#7980,.F.);
#5234=ORIENTED_EDGE('',*,*,#7981,.F.);
#5235=ORIENTED_EDGE('',*,*,#7993,.F.);
#5236=ORIENTED_EDGE('',*,*,#7986,.F.);
#5237=ORIENTED_EDGE('',*,*,#7989,.T.);
#5238=ORIENTED_EDGE('',*,*,#7983,.T.);
#5239=ORIENTED_EDGE('',*,*,#7992,.F.);
#5240=ORIENTED_EDGE('',*,*,#7983,.F.);
#5241=ORIENTED_EDGE('',*,*,#7988,.T.);
#5242=ORIENTED_EDGE('',*,*,#7984,.T.);
#5243=ORIENTED_EDGE('',*,*,#7991,.F.);
#5244=ORIENTED_EDGE('',*,*,#7984,.F.);
#5245=ORIENTED_EDGE('',*,*,#7987,.T.);
#5246=ORIENTED_EDGE('',*,*,#7985,.T.);
#5247=ORIENTED_EDGE('',*,*,#7993,.T.);
#5248=ORIENTED_EDGE('',*,*,#7992,.T.);
#5249=ORIENTED_EDGE('',*,*,#7991,.T.);
#5250=ORIENTED_EDGE('',*,*,#7990,.T.);
#5251=ORIENTED_EDGE('',*,*,#8001,.T.);
#5252=ORIENTED_EDGE('',*,*,#7994,.F.);
#5253=ORIENTED_EDGE('',*,*,#7998,.F.);
#5254=ORIENTED_EDGE('',*,*,#7996,.T.);
#5255=ORIENTED_EDGE('',*,*,#8000,.T.);
#5256=ORIENTED_EDGE('',*,*,#7995,.F.);
#5257=ORIENTED_EDGE('',*,*,#7997,.F.);
#5258=ORIENTED_EDGE('',*,*,#7994,.T.);
#5259=ORIENTED_EDGE('',*,*,#8001,.F.);
#5260=ORIENTED_EDGE('',*,*,#7999,.F.);
#5261=ORIENTED_EDGE('',*,*,#8000,.F.);
#5262=ORIENTED_EDGE('',*,*,#8012,.T.);
#5263=ORIENTED_EDGE('',*,*,#8002,.F.);
#5264=ORIENTED_EDGE('',*,*,#8008,.F.);
#5265=ORIENTED_EDGE('',*,*,#8005,.T.);
#5266=ORIENTED_EDGE('',*,*,#8010,.T.);
#5267=ORIENTED_EDGE('',*,*,#8004,.F.);
#5268=ORIENTED_EDGE('',*,*,#8007,.F.);
#5269=ORIENTED_EDGE('',*,*,#8003,.T.);
#5270=ORIENTED_EDGE('',*,*,#8009,.T.);
#5271=ORIENTED_EDGE('',*,*,#8005,.F.);
#5272=ORIENTED_EDGE('',*,*,#8006,.F.);
#5273=ORIENTED_EDGE('',*,*,#8004,.T.);
#5274=ORIENTED_EDGE('',*,*,#8012,.F.);
#5275=ORIENTED_EDGE('',*,*,#8009,.F.);
#5276=ORIENTED_EDGE('',*,*,#8010,.F.);
#5277=ORIENTED_EDGE('',*,*,#8011,.F.);
#5278=ORIENTED_EDGE('',*,*,#8023,.F.);
#5279=ORIENTED_EDGE('',*,*,#8016,.F.);
#5280=ORIENTED_EDGE('',*,*,#8019,.T.);
#5281=ORIENTED_EDGE('',*,*,#8013,.T.);
#5282=ORIENTED_EDGE('',*,*,#8022,.F.);
#5283=ORIENTED_EDGE('',*,*,#8013,.F.);
#5284=ORIENTED_EDGE('',*,*,#8018,.T.);
#5285=ORIENTED_EDGE('',*,*,#8014,.T.);
#5286=ORIENTED_EDGE('',*,*,#8021,.F.);
#5287=ORIENTED_EDGE('',*,*,#8014,.F.);
#5288=ORIENTED_EDGE('',*,*,#8017,.T.);
#5289=ORIENTED_EDGE('',*,*,#8015,.T.);
#5290=ORIENTED_EDGE('',*,*,#8023,.T.);
#5291=ORIENTED_EDGE('',*,*,#8022,.T.);
#5292=ORIENTED_EDGE('',*,*,#8021,.T.);
#5293=ORIENTED_EDGE('',*,*,#8020,.T.);
#5294=ORIENTED_EDGE('',*,*,#8031,.T.);
#5295=ORIENTED_EDGE('',*,*,#8024,.F.);
#5296=ORIENTED_EDGE('',*,*,#8028,.F.);
#5297=ORIENTED_EDGE('',*,*,#8026,.T.);
#5298=ORIENTED_EDGE('',*,*,#8030,.T.);
#5299=ORIENTED_EDGE('',*,*,#8025,.F.);
#5300=ORIENTED_EDGE('',*,*,#8027,.F.);
#5301=ORIENTED_EDGE('',*,*,#8024,.T.);
#5302=ORIENTED_EDGE('',*,*,#8031,.F.);
#5303=ORIENTED_EDGE('',*,*,#8029,.F.);
#5304=ORIENTED_EDGE('',*,*,#8030,.F.);
#5305=ORIENTED_EDGE('',*,*,#8042,.T.);
#5306=ORIENTED_EDGE('',*,*,#8032,.F.);
#5307=ORIENTED_EDGE('',*,*,#8038,.F.);
#5308=ORIENTED_EDGE('',*,*,#8035,.T.);
#5309=ORIENTED_EDGE('',*,*,#8040,.T.);
#5310=ORIENTED_EDGE('',*,*,#8034,.F.);
#5311=ORIENTED_EDGE('',*,*,#8037,.F.);
#5312=ORIENTED_EDGE('',*,*,#8033,.T.);
#5313=ORIENTED_EDGE('',*,*,#8039,.T.);
#5314=ORIENTED_EDGE('',*,*,#8035,.F.);
#5315=ORIENTED_EDGE('',*,*,#8036,.F.);
#5316=ORIENTED_EDGE('',*,*,#8034,.T.);
#5317=ORIENTED_EDGE('',*,*,#8042,.F.);
#5318=ORIENTED_EDGE('',*,*,#8039,.F.);
#5319=ORIENTED_EDGE('',*,*,#8040,.F.);
#5320=ORIENTED_EDGE('',*,*,#8041,.F.);
#5321=ORIENTED_EDGE('',*,*,#8053,.F.);
#5322=ORIENTED_EDGE('',*,*,#8046,.F.);
#5323=ORIENTED_EDGE('',*,*,#8049,.T.);
#5324=ORIENTED_EDGE('',*,*,#8043,.T.);
#5325=ORIENTED_EDGE('',*,*,#8052,.F.);
#5326=ORIENTED_EDGE('',*,*,#8043,.F.);
#5327=ORIENTED_EDGE('',*,*,#8048,.T.);
#5328=ORIENTED_EDGE('',*,*,#8044,.T.);
#5329=ORIENTED_EDGE('',*,*,#8051,.F.);
#5330=ORIENTED_EDGE('',*,*,#8044,.F.);
#5331=ORIENTED_EDGE('',*,*,#8047,.T.);
#5332=ORIENTED_EDGE('',*,*,#8045,.T.);
#5333=ORIENTED_EDGE('',*,*,#8053,.T.);
#5334=ORIENTED_EDGE('',*,*,#8052,.T.);
#5335=ORIENTED_EDGE('',*,*,#8051,.T.);
#5336=ORIENTED_EDGE('',*,*,#8050,.T.);
#5337=ORIENTED_EDGE('',*,*,#8061,.T.);
#5338=ORIENTED_EDGE('',*,*,#8054,.F.);
#5339=ORIENTED_EDGE('',*,*,#8058,.F.);
#5340=ORIENTED_EDGE('',*,*,#8056,.T.);
#5341=ORIENTED_EDGE('',*,*,#8060,.T.);
#5342=ORIENTED_EDGE('',*,*,#8055,.F.);
#5343=ORIENTED_EDGE('',*,*,#8057,.F.);
#5344=ORIENTED_EDGE('',*,*,#8054,.T.);
#5345=ORIENTED_EDGE('',*,*,#8061,.F.);
#5346=ORIENTED_EDGE('',*,*,#8059,.F.);
#5347=ORIENTED_EDGE('',*,*,#8060,.F.);
#5348=ORIENTED_EDGE('',*,*,#8072,.T.);
#5349=ORIENTED_EDGE('',*,*,#8062,.F.);
#5350=ORIENTED_EDGE('',*,*,#8068,.F.);
#5351=ORIENTED_EDGE('',*,*,#8065,.T.);
#5352=ORIENTED_EDGE('',*,*,#8070,.T.);
#5353=ORIENTED_EDGE('',*,*,#8064,.F.);
#5354=ORIENTED_EDGE('',*,*,#8067,.F.);
#5355=ORIENTED_EDGE('',*,*,#8063,.T.);
#5356=ORIENTED_EDGE('',*,*,#8069,.T.);
#5357=ORIENTED_EDGE('',*,*,#8065,.F.);
#5358=ORIENTED_EDGE('',*,*,#8066,.F.);
#5359=ORIENTED_EDGE('',*,*,#8064,.T.);
#5360=ORIENTED_EDGE('',*,*,#8072,.F.);
#5361=ORIENTED_EDGE('',*,*,#8069,.F.);
#5362=ORIENTED_EDGE('',*,*,#8070,.F.);
#5363=ORIENTED_EDGE('',*,*,#8071,.F.);
#5364=ORIENTED_EDGE('',*,*,#8083,.F.);
#5365=ORIENTED_EDGE('',*,*,#8076,.F.);
#5366=ORIENTED_EDGE('',*,*,#8079,.T.);
#5367=ORIENTED_EDGE('',*,*,#8073,.T.);
#5368=ORIENTED_EDGE('',*,*,#8082,.F.);
#5369=ORIENTED_EDGE('',*,*,#8073,.F.);
#5370=ORIENTED_EDGE('',*,*,#8078,.T.);
#5371=ORIENTED_EDGE('',*,*,#8074,.T.);
#5372=ORIENTED_EDGE('',*,*,#8081,.F.);
#5373=ORIENTED_EDGE('',*,*,#8074,.F.);
#5374=ORIENTED_EDGE('',*,*,#8077,.T.);
#5375=ORIENTED_EDGE('',*,*,#8075,.T.);
#5376=ORIENTED_EDGE('',*,*,#8083,.T.);
#5377=ORIENTED_EDGE('',*,*,#8082,.T.);
#5378=ORIENTED_EDGE('',*,*,#8081,.T.);
#5379=ORIENTED_EDGE('',*,*,#8080,.T.);
#5380=ORIENTED_EDGE('',*,*,#8091,.T.);
#5381=ORIENTED_EDGE('',*,*,#8084,.F.);
#5382=ORIENTED_EDGE('',*,*,#8088,.F.);
#5383=ORIENTED_EDGE('',*,*,#8086,.T.);
#5384=ORIENTED_EDGE('',*,*,#8090,.T.);
#5385=ORIENTED_EDGE('',*,*,#8085,.F.);
#5386=ORIENTED_EDGE('',*,*,#8087,.F.);
#5387=ORIENTED_EDGE('',*,*,#8084,.T.);
#5388=ORIENTED_EDGE('',*,*,#8091,.F.);
#5389=ORIENTED_EDGE('',*,*,#8089,.F.);
#5390=ORIENTED_EDGE('',*,*,#8090,.F.);
#5391=ORIENTED_EDGE('',*,*,#8102,.T.);
#5392=ORIENTED_EDGE('',*,*,#8092,.F.);
#5393=ORIENTED_EDGE('',*,*,#8098,.F.);
#5394=ORIENTED_EDGE('',*,*,#8095,.T.);
#5395=ORIENTED_EDGE('',*,*,#8100,.T.);
#5396=ORIENTED_EDGE('',*,*,#8094,.F.);
#5397=ORIENTED_EDGE('',*,*,#8097,.F.);
#5398=ORIENTED_EDGE('',*,*,#8093,.T.);
#5399=ORIENTED_EDGE('',*,*,#8099,.T.);
#5400=ORIENTED_EDGE('',*,*,#8095,.F.);
#5401=ORIENTED_EDGE('',*,*,#8096,.F.);
#5402=ORIENTED_EDGE('',*,*,#8094,.T.);
#5403=ORIENTED_EDGE('',*,*,#8102,.F.);
#5404=ORIENTED_EDGE('',*,*,#8099,.F.);
#5405=ORIENTED_EDGE('',*,*,#8100,.F.);
#5406=ORIENTED_EDGE('',*,*,#8101,.F.);
#5407=ORIENTED_EDGE('',*,*,#8113,.F.);
#5408=ORIENTED_EDGE('',*,*,#8106,.F.);
#5409=ORIENTED_EDGE('',*,*,#8109,.T.);
#5410=ORIENTED_EDGE('',*,*,#8103,.T.);
#5411=ORIENTED_EDGE('',*,*,#8112,.F.);
#5412=ORIENTED_EDGE('',*,*,#8103,.F.);
#5413=ORIENTED_EDGE('',*,*,#8108,.T.);
#5414=ORIENTED_EDGE('',*,*,#8104,.T.);
#5415=ORIENTED_EDGE('',*,*,#8111,.F.);
#5416=ORIENTED_EDGE('',*,*,#8104,.F.);
#5417=ORIENTED_EDGE('',*,*,#8107,.T.);
#5418=ORIENTED_EDGE('',*,*,#8105,.T.);
#5419=ORIENTED_EDGE('',*,*,#8113,.T.);
#5420=ORIENTED_EDGE('',*,*,#8112,.T.);
#5421=ORIENTED_EDGE('',*,*,#8111,.T.);
#5422=ORIENTED_EDGE('',*,*,#8110,.T.);
#5423=ORIENTED_EDGE('',*,*,#8121,.T.);
#5424=ORIENTED_EDGE('',*,*,#8114,.F.);
#5425=ORIENTED_EDGE('',*,*,#8118,.F.);
#5426=ORIENTED_EDGE('',*,*,#8116,.T.);
#5427=ORIENTED_EDGE('',*,*,#8120,.T.);
#5428=ORIENTED_EDGE('',*,*,#8115,.F.);
#5429=ORIENTED_EDGE('',*,*,#8117,.F.);
#5430=ORIENTED_EDGE('',*,*,#8114,.T.);
#5431=ORIENTED_EDGE('',*,*,#8121,.F.);
#5432=ORIENTED_EDGE('',*,*,#8119,.F.);
#5433=ORIENTED_EDGE('',*,*,#8120,.F.);
#5434=ORIENTED_EDGE('',*,*,#8132,.T.);
#5435=ORIENTED_EDGE('',*,*,#8122,.F.);
#5436=ORIENTED_EDGE('',*,*,#8128,.F.);
#5437=ORIENTED_EDGE('',*,*,#8125,.T.);
#5438=ORIENTED_EDGE('',*,*,#8130,.T.);
#5439=ORIENTED_EDGE('',*,*,#8124,.F.);
#5440=ORIENTED_EDGE('',*,*,#8127,.F.);
#5441=ORIENTED_EDGE('',*,*,#8123,.T.);
#5442=ORIENTED_EDGE('',*,*,#8129,.T.);
#5443=ORIENTED_EDGE('',*,*,#8125,.F.);
#5444=ORIENTED_EDGE('',*,*,#8126,.F.);
#5445=ORIENTED_EDGE('',*,*,#8124,.T.);
#5446=ORIENTED_EDGE('',*,*,#8132,.F.);
#5447=ORIENTED_EDGE('',*,*,#8129,.F.);
#5448=ORIENTED_EDGE('',*,*,#8130,.F.);
#5449=ORIENTED_EDGE('',*,*,#8131,.F.);
#5450=ORIENTED_EDGE('',*,*,#8143,.F.);
#5451=ORIENTED_EDGE('',*,*,#8136,.F.);
#5452=ORIENTED_EDGE('',*,*,#8139,.T.);
#5453=ORIENTED_EDGE('',*,*,#8133,.T.);
#5454=ORIENTED_EDGE('',*,*,#8142,.F.);
#5455=ORIENTED_EDGE('',*,*,#8133,.F.);
#5456=ORIENTED_EDGE('',*,*,#8138,.T.);
#5457=ORIENTED_EDGE('',*,*,#8134,.T.);
#5458=ORIENTED_EDGE('',*,*,#8141,.F.);
#5459=ORIENTED_EDGE('',*,*,#8134,.F.);
#5460=ORIENTED_EDGE('',*,*,#8137,.T.);
#5461=ORIENTED_EDGE('',*,*,#8135,.T.);
#5462=ORIENTED_EDGE('',*,*,#8143,.T.);
#5463=ORIENTED_EDGE('',*,*,#8142,.T.);
#5464=ORIENTED_EDGE('',*,*,#8141,.T.);
#5465=ORIENTED_EDGE('',*,*,#8140,.T.);
#5466=ORIENTED_EDGE('',*,*,#8151,.T.);
#5467=ORIENTED_EDGE('',*,*,#8144,.F.);
#5468=ORIENTED_EDGE('',*,*,#8148,.F.);
#5469=ORIENTED_EDGE('',*,*,#8146,.T.);
#5470=ORIENTED_EDGE('',*,*,#8150,.T.);
#5471=ORIENTED_EDGE('',*,*,#8145,.F.);
#5472=ORIENTED_EDGE('',*,*,#8147,.F.);
#5473=ORIENTED_EDGE('',*,*,#8144,.T.);
#5474=ORIENTED_EDGE('',*,*,#8151,.F.);
#5475=ORIENTED_EDGE('',*,*,#8149,.F.);
#5476=ORIENTED_EDGE('',*,*,#8150,.F.);
#5477=ORIENTED_EDGE('',*,*,#8162,.T.);
#5478=ORIENTED_EDGE('',*,*,#8152,.F.);
#5479=ORIENTED_EDGE('',*,*,#8158,.F.);
#5480=ORIENTED_EDGE('',*,*,#8155,.T.);
#5481=ORIENTED_EDGE('',*,*,#8160,.T.);
#5482=ORIENTED_EDGE('',*,*,#8154,.F.);
#5483=ORIENTED_EDGE('',*,*,#8157,.F.);
#5484=ORIENTED_EDGE('',*,*,#8153,.T.);
#5485=ORIENTED_EDGE('',*,*,#8159,.T.);
#5486=ORIENTED_EDGE('',*,*,#8155,.F.);
#5487=ORIENTED_EDGE('',*,*,#8156,.F.);
#5488=ORIENTED_EDGE('',*,*,#8154,.T.);
#5489=ORIENTED_EDGE('',*,*,#8162,.F.);
#5490=ORIENTED_EDGE('',*,*,#8159,.F.);
#5491=ORIENTED_EDGE('',*,*,#8160,.F.);
#5492=ORIENTED_EDGE('',*,*,#8161,.F.);
#5493=ORIENTED_EDGE('',*,*,#8173,.F.);
#5494=ORIENTED_EDGE('',*,*,#8166,.F.);
#5495=ORIENTED_EDGE('',*,*,#8169,.T.);
#5496=ORIENTED_EDGE('',*,*,#8163,.T.);
#5497=ORIENTED_EDGE('',*,*,#8172,.F.);
#5498=ORIENTED_EDGE('',*,*,#8163,.F.);
#5499=ORIENTED_EDGE('',*,*,#8168,.T.);
#5500=ORIENTED_EDGE('',*,*,#8164,.T.);
#5501=ORIENTED_EDGE('',*,*,#8171,.F.);
#5502=ORIENTED_EDGE('',*,*,#8164,.F.);
#5503=ORIENTED_EDGE('',*,*,#8167,.T.);
#5504=ORIENTED_EDGE('',*,*,#8165,.T.);
#5505=ORIENTED_EDGE('',*,*,#8173,.T.);
#5506=ORIENTED_EDGE('',*,*,#8172,.T.);
#5507=ORIENTED_EDGE('',*,*,#8171,.T.);
#5508=ORIENTED_EDGE('',*,*,#8170,.T.);
#5509=ORIENTED_EDGE('',*,*,#8181,.T.);
#5510=ORIENTED_EDGE('',*,*,#8174,.F.);
#5511=ORIENTED_EDGE('',*,*,#8178,.F.);
#5512=ORIENTED_EDGE('',*,*,#8176,.T.);
#5513=ORIENTED_EDGE('',*,*,#8180,.T.);
#5514=ORIENTED_EDGE('',*,*,#8175,.F.);
#5515=ORIENTED_EDGE('',*,*,#8177,.F.);
#5516=ORIENTED_EDGE('',*,*,#8174,.T.);
#5517=ORIENTED_EDGE('',*,*,#8181,.F.);
#5518=ORIENTED_EDGE('',*,*,#8179,.F.);
#5519=ORIENTED_EDGE('',*,*,#8180,.F.);
#5520=ORIENTED_EDGE('',*,*,#8192,.T.);
#5521=ORIENTED_EDGE('',*,*,#8182,.F.);
#5522=ORIENTED_EDGE('',*,*,#8188,.F.);
#5523=ORIENTED_EDGE('',*,*,#8185,.T.);
#5524=ORIENTED_EDGE('',*,*,#8190,.T.);
#5525=ORIENTED_EDGE('',*,*,#8184,.F.);
#5526=ORIENTED_EDGE('',*,*,#8187,.F.);
#5527=ORIENTED_EDGE('',*,*,#8183,.T.);
#5528=ORIENTED_EDGE('',*,*,#8189,.T.);
#5529=ORIENTED_EDGE('',*,*,#8185,.F.);
#5530=ORIENTED_EDGE('',*,*,#8186,.F.);
#5531=ORIENTED_EDGE('',*,*,#8184,.T.);
#5532=ORIENTED_EDGE('',*,*,#8192,.F.);
#5533=ORIENTED_EDGE('',*,*,#8189,.F.);
#5534=ORIENTED_EDGE('',*,*,#8190,.F.);
#5535=ORIENTED_EDGE('',*,*,#8191,.F.);
#5536=ORIENTED_EDGE('',*,*,#8203,.F.);
#5537=ORIENTED_EDGE('',*,*,#8196,.F.);
#5538=ORIENTED_EDGE('',*,*,#8199,.T.);
#5539=ORIENTED_EDGE('',*,*,#8193,.T.);
#5540=ORIENTED_EDGE('',*,*,#8202,.F.);
#5541=ORIENTED_EDGE('',*,*,#8193,.F.);
#5542=ORIENTED_EDGE('',*,*,#8198,.T.);
#5543=ORIENTED_EDGE('',*,*,#8194,.T.);
#5544=ORIENTED_EDGE('',*,*,#8201,.F.);
#5545=ORIENTED_EDGE('',*,*,#8194,.F.);
#5546=ORIENTED_EDGE('',*,*,#8197,.T.);
#5547=ORIENTED_EDGE('',*,*,#8195,.T.);
#5548=ORIENTED_EDGE('',*,*,#8203,.T.);
#5549=ORIENTED_EDGE('',*,*,#8202,.T.);
#5550=ORIENTED_EDGE('',*,*,#8201,.T.);
#5551=ORIENTED_EDGE('',*,*,#8200,.T.);
#5552=ORIENTED_EDGE('',*,*,#8211,.T.);
#5553=ORIENTED_EDGE('',*,*,#8204,.F.);
#5554=ORIENTED_EDGE('',*,*,#8208,.F.);
#5555=ORIENTED_EDGE('',*,*,#8206,.T.);
#5556=ORIENTED_EDGE('',*,*,#8210,.T.);
#5557=ORIENTED_EDGE('',*,*,#8205,.F.);
#5558=ORIENTED_EDGE('',*,*,#8207,.F.);
#5559=ORIENTED_EDGE('',*,*,#8204,.T.);
#5560=ORIENTED_EDGE('',*,*,#8211,.F.);
#5561=ORIENTED_EDGE('',*,*,#8209,.F.);
#5562=ORIENTED_EDGE('',*,*,#8210,.F.);
#5563=ORIENTED_EDGE('',*,*,#8222,.T.);
#5564=ORIENTED_EDGE('',*,*,#8212,.F.);
#5565=ORIENTED_EDGE('',*,*,#8218,.F.);
#5566=ORIENTED_EDGE('',*,*,#8215,.T.);
#5567=ORIENTED_EDGE('',*,*,#8220,.T.);
#5568=ORIENTED_EDGE('',*,*,#8214,.F.);
#5569=ORIENTED_EDGE('',*,*,#8217,.F.);
#5570=ORIENTED_EDGE('',*,*,#8213,.T.);
#5571=ORIENTED_EDGE('',*,*,#8219,.T.);
#5572=ORIENTED_EDGE('',*,*,#8215,.F.);
#5573=ORIENTED_EDGE('',*,*,#8216,.F.);
#5574=ORIENTED_EDGE('',*,*,#8214,.T.);
#5575=ORIENTED_EDGE('',*,*,#8222,.F.);
#5576=ORIENTED_EDGE('',*,*,#8219,.F.);
#5577=ORIENTED_EDGE('',*,*,#8220,.F.);
#5578=ORIENTED_EDGE('',*,*,#8221,.F.);
#5579=ORIENTED_EDGE('',*,*,#8233,.F.);
#5580=ORIENTED_EDGE('',*,*,#8226,.F.);
#5581=ORIENTED_EDGE('',*,*,#8229,.T.);
#5582=ORIENTED_EDGE('',*,*,#8223,.T.);
#5583=ORIENTED_EDGE('',*,*,#8232,.F.);
#5584=ORIENTED_EDGE('',*,*,#8223,.F.);
#5585=ORIENTED_EDGE('',*,*,#8228,.T.);
#5586=ORIENTED_EDGE('',*,*,#8224,.T.);
#5587=ORIENTED_EDGE('',*,*,#8231,.F.);
#5588=ORIENTED_EDGE('',*,*,#8224,.F.);
#5589=ORIENTED_EDGE('',*,*,#8227,.T.);
#5590=ORIENTED_EDGE('',*,*,#8225,.T.);
#5591=ORIENTED_EDGE('',*,*,#8233,.T.);
#5592=ORIENTED_EDGE('',*,*,#8232,.T.);
#5593=ORIENTED_EDGE('',*,*,#8231,.T.);
#5594=ORIENTED_EDGE('',*,*,#8230,.T.);
#5595=ORIENTED_EDGE('',*,*,#8241,.T.);
#5596=ORIENTED_EDGE('',*,*,#8234,.F.);
#5597=ORIENTED_EDGE('',*,*,#8238,.F.);
#5598=ORIENTED_EDGE('',*,*,#8236,.T.);
#5599=ORIENTED_EDGE('',*,*,#8240,.T.);
#5600=ORIENTED_EDGE('',*,*,#8235,.F.);
#5601=ORIENTED_EDGE('',*,*,#8237,.F.);
#5602=ORIENTED_EDGE('',*,*,#8234,.T.);
#5603=ORIENTED_EDGE('',*,*,#8241,.F.);
#5604=ORIENTED_EDGE('',*,*,#8239,.F.);
#5605=ORIENTED_EDGE('',*,*,#8240,.F.);
#5606=ORIENTED_EDGE('',*,*,#8252,.T.);
#5607=ORIENTED_EDGE('',*,*,#8242,.F.);
#5608=ORIENTED_EDGE('',*,*,#8248,.F.);
#5609=ORIENTED_EDGE('',*,*,#8245,.T.);
#5610=ORIENTED_EDGE('',*,*,#8250,.T.);
#5611=ORIENTED_EDGE('',*,*,#8244,.F.);
#5612=ORIENTED_EDGE('',*,*,#8247,.F.);
#5613=ORIENTED_EDGE('',*,*,#8243,.T.);
#5614=ORIENTED_EDGE('',*,*,#8249,.T.);
#5615=ORIENTED_EDGE('',*,*,#8245,.F.);
#5616=ORIENTED_EDGE('',*,*,#8246,.F.);
#5617=ORIENTED_EDGE('',*,*,#8244,.T.);
#5618=ORIENTED_EDGE('',*,*,#8252,.F.);
#5619=ORIENTED_EDGE('',*,*,#8249,.F.);
#5620=ORIENTED_EDGE('',*,*,#8250,.F.);
#5621=ORIENTED_EDGE('',*,*,#8251,.F.);
#5622=ORIENTED_EDGE('',*,*,#8263,.F.);
#5623=ORIENTED_EDGE('',*,*,#8256,.F.);
#5624=ORIENTED_EDGE('',*,*,#8259,.T.);
#5625=ORIENTED_EDGE('',*,*,#8253,.T.);
#5626=ORIENTED_EDGE('',*,*,#8262,.F.);
#5627=ORIENTED_EDGE('',*,*,#8253,.F.);
#5628=ORIENTED_EDGE('',*,*,#8258,.T.);
#5629=ORIENTED_EDGE('',*,*,#8254,.T.);
#5630=ORIENTED_EDGE('',*,*,#8261,.F.);
#5631=ORIENTED_EDGE('',*,*,#8254,.F.);
#5632=ORIENTED_EDGE('',*,*,#8257,.T.);
#5633=ORIENTED_EDGE('',*,*,#8255,.T.);
#5634=ORIENTED_EDGE('',*,*,#8263,.T.);
#5635=ORIENTED_EDGE('',*,*,#8262,.T.);
#5636=ORIENTED_EDGE('',*,*,#8261,.T.);
#5637=ORIENTED_EDGE('',*,*,#8260,.T.);
#5638=ORIENTED_EDGE('',*,*,#8271,.T.);
#5639=ORIENTED_EDGE('',*,*,#8264,.F.);
#5640=ORIENTED_EDGE('',*,*,#8268,.F.);
#5641=ORIENTED_EDGE('',*,*,#8266,.T.);
#5642=ORIENTED_EDGE('',*,*,#8270,.T.);
#5643=ORIENTED_EDGE('',*,*,#8265,.F.);
#5644=ORIENTED_EDGE('',*,*,#8267,.F.);
#5645=ORIENTED_EDGE('',*,*,#8264,.T.);
#5646=ORIENTED_EDGE('',*,*,#8271,.F.);
#5647=ORIENTED_EDGE('',*,*,#8269,.F.);
#5648=ORIENTED_EDGE('',*,*,#8270,.F.);
#5649=ORIENTED_EDGE('',*,*,#8282,.T.);
#5650=ORIENTED_EDGE('',*,*,#8272,.F.);
#5651=ORIENTED_EDGE('',*,*,#8278,.F.);
#5652=ORIENTED_EDGE('',*,*,#8275,.T.);
#5653=ORIENTED_EDGE('',*,*,#8280,.T.);
#5654=ORIENTED_EDGE('',*,*,#8274,.F.);
#5655=ORIENTED_EDGE('',*,*,#8277,.F.);
#5656=ORIENTED_EDGE('',*,*,#8273,.T.);
#5657=ORIENTED_EDGE('',*,*,#8279,.T.);
#5658=ORIENTED_EDGE('',*,*,#8275,.F.);
#5659=ORIENTED_EDGE('',*,*,#8276,.F.);
#5660=ORIENTED_EDGE('',*,*,#8274,.T.);
#5661=ORIENTED_EDGE('',*,*,#8282,.F.);
#5662=ORIENTED_EDGE('',*,*,#8279,.F.);
#5663=ORIENTED_EDGE('',*,*,#8280,.F.);
#5664=ORIENTED_EDGE('',*,*,#8281,.F.);
#5665=ORIENTED_EDGE('',*,*,#8293,.F.);
#5666=ORIENTED_EDGE('',*,*,#8286,.F.);
#5667=ORIENTED_EDGE('',*,*,#8289,.T.);
#5668=ORIENTED_EDGE('',*,*,#8283,.T.);
#5669=ORIENTED_EDGE('',*,*,#8292,.F.);
#5670=ORIENTED_EDGE('',*,*,#8283,.F.);
#5671=ORIENTED_EDGE('',*,*,#8288,.T.);
#5672=ORIENTED_EDGE('',*,*,#8284,.T.);
#5673=ORIENTED_EDGE('',*,*,#8291,.F.);
#5674=ORIENTED_EDGE('',*,*,#8284,.F.);
#5675=ORIENTED_EDGE('',*,*,#8287,.T.);
#5676=ORIENTED_EDGE('',*,*,#8285,.T.);
#5677=ORIENTED_EDGE('',*,*,#8293,.T.);
#5678=ORIENTED_EDGE('',*,*,#8292,.T.);
#5679=ORIENTED_EDGE('',*,*,#8291,.T.);
#5680=ORIENTED_EDGE('',*,*,#8290,.T.);
#5681=ORIENTED_EDGE('',*,*,#8301,.T.);
#5682=ORIENTED_EDGE('',*,*,#8294,.F.);
#5683=ORIENTED_EDGE('',*,*,#8298,.F.);
#5684=ORIENTED_EDGE('',*,*,#8296,.T.);
#5685=ORIENTED_EDGE('',*,*,#8300,.T.);
#5686=ORIENTED_EDGE('',*,*,#8295,.F.);
#5687=ORIENTED_EDGE('',*,*,#8297,.F.);
#5688=ORIENTED_EDGE('',*,*,#8294,.T.);
#5689=ORIENTED_EDGE('',*,*,#8301,.F.);
#5690=ORIENTED_EDGE('',*,*,#8299,.F.);
#5691=ORIENTED_EDGE('',*,*,#8300,.F.);
#5692=ORIENTED_EDGE('',*,*,#8312,.T.);
#5693=ORIENTED_EDGE('',*,*,#8302,.F.);
#5694=ORIENTED_EDGE('',*,*,#8308,.F.);
#5695=ORIENTED_EDGE('',*,*,#8305,.T.);
#5696=ORIENTED_EDGE('',*,*,#8310,.T.);
#5697=ORIENTED_EDGE('',*,*,#8304,.F.);
#5698=ORIENTED_EDGE('',*,*,#8307,.F.);
#5699=ORIENTED_EDGE('',*,*,#8303,.T.);
#5700=ORIENTED_EDGE('',*,*,#8309,.T.);
#5701=ORIENTED_EDGE('',*,*,#8305,.F.);
#5702=ORIENTED_EDGE('',*,*,#8306,.F.);
#5703=ORIENTED_EDGE('',*,*,#8304,.T.);
#5704=ORIENTED_EDGE('',*,*,#8312,.F.);
#5705=ORIENTED_EDGE('',*,*,#8309,.F.);
#5706=ORIENTED_EDGE('',*,*,#8310,.F.);
#5707=ORIENTED_EDGE('',*,*,#8311,.F.);
#5708=ORIENTED_EDGE('',*,*,#8323,.F.);
#5709=ORIENTED_EDGE('',*,*,#8316,.F.);
#5710=ORIENTED_EDGE('',*,*,#8319,.T.);
#5711=ORIENTED_EDGE('',*,*,#8313,.T.);
#5712=ORIENTED_EDGE('',*,*,#8322,.F.);
#5713=ORIENTED_EDGE('',*,*,#8313,.F.);
#5714=ORIENTED_EDGE('',*,*,#8318,.T.);
#5715=ORIENTED_EDGE('',*,*,#8314,.T.);
#5716=ORIENTED_EDGE('',*,*,#8321,.F.);
#5717=ORIENTED_EDGE('',*,*,#8314,.F.);
#5718=ORIENTED_EDGE('',*,*,#8317,.T.);
#5719=ORIENTED_EDGE('',*,*,#8315,.T.);
#5720=ORIENTED_EDGE('',*,*,#8323,.T.);
#5721=ORIENTED_EDGE('',*,*,#8322,.T.);
#5722=ORIENTED_EDGE('',*,*,#8321,.T.);
#5723=ORIENTED_EDGE('',*,*,#8320,.T.);
#5724=ORIENTED_EDGE('',*,*,#8331,.T.);
#5725=ORIENTED_EDGE('',*,*,#8324,.F.);
#5726=ORIENTED_EDGE('',*,*,#8328,.F.);
#5727=ORIENTED_EDGE('',*,*,#8326,.T.);
#5728=ORIENTED_EDGE('',*,*,#8330,.T.);
#5729=ORIENTED_EDGE('',*,*,#8325,.F.);
#5730=ORIENTED_EDGE('',*,*,#8327,.F.);
#5731=ORIENTED_EDGE('',*,*,#8324,.T.);
#5732=ORIENTED_EDGE('',*,*,#8331,.F.);
#5733=ORIENTED_EDGE('',*,*,#8329,.F.);
#5734=ORIENTED_EDGE('',*,*,#8330,.F.);
#5735=ORIENTED_EDGE('',*,*,#8342,.T.);
#5736=ORIENTED_EDGE('',*,*,#8332,.F.);
#5737=ORIENTED_EDGE('',*,*,#8338,.F.);
#5738=ORIENTED_EDGE('',*,*,#8335,.T.);
#5739=ORIENTED_EDGE('',*,*,#8340,.T.);
#5740=ORIENTED_EDGE('',*,*,#8334,.F.);
#5741=ORIENTED_EDGE('',*,*,#8337,.F.);
#5742=ORIENTED_EDGE('',*,*,#8333,.T.);
#5743=ORIENTED_EDGE('',*,*,#8339,.T.);
#5744=ORIENTED_EDGE('',*,*,#8335,.F.);
#5745=ORIENTED_EDGE('',*,*,#8336,.F.);
#5746=ORIENTED_EDGE('',*,*,#8334,.T.);
#5747=ORIENTED_EDGE('',*,*,#8342,.F.);
#5748=ORIENTED_EDGE('',*,*,#8339,.F.);
#5749=ORIENTED_EDGE('',*,*,#8340,.F.);
#5750=ORIENTED_EDGE('',*,*,#8341,.F.);
#5751=ORIENTED_EDGE('',*,*,#8353,.F.);
#5752=ORIENTED_EDGE('',*,*,#8346,.F.);
#5753=ORIENTED_EDGE('',*,*,#8349,.T.);
#5754=ORIENTED_EDGE('',*,*,#8343,.T.);
#5755=ORIENTED_EDGE('',*,*,#8352,.F.);
#5756=ORIENTED_EDGE('',*,*,#8343,.F.);
#5757=ORIENTED_EDGE('',*,*,#8348,.T.);
#5758=ORIENTED_EDGE('',*,*,#8344,.T.);
#5759=ORIENTED_EDGE('',*,*,#8351,.F.);
#5760=ORIENTED_EDGE('',*,*,#8344,.F.);
#5761=ORIENTED_EDGE('',*,*,#8347,.T.);
#5762=ORIENTED_EDGE('',*,*,#8345,.T.);
#5763=ORIENTED_EDGE('',*,*,#8353,.T.);
#5764=ORIENTED_EDGE('',*,*,#8352,.T.);
#5765=ORIENTED_EDGE('',*,*,#8351,.T.);
#5766=ORIENTED_EDGE('',*,*,#8350,.T.);
#5767=ORIENTED_EDGE('',*,*,#8361,.T.);
#5768=ORIENTED_EDGE('',*,*,#8354,.F.);
#5769=ORIENTED_EDGE('',*,*,#8358,.F.);
#5770=ORIENTED_EDGE('',*,*,#8356,.T.);
#5771=ORIENTED_EDGE('',*,*,#8360,.T.);
#5772=ORIENTED_EDGE('',*,*,#8355,.F.);
#5773=ORIENTED_EDGE('',*,*,#8357,.F.);
#5774=ORIENTED_EDGE('',*,*,#8354,.T.);
#5775=ORIENTED_EDGE('',*,*,#8361,.F.);
#5776=ORIENTED_EDGE('',*,*,#8359,.F.);
#5777=ORIENTED_EDGE('',*,*,#8360,.F.);
#5778=ORIENTED_EDGE('',*,*,#8372,.T.);
#5779=ORIENTED_EDGE('',*,*,#8362,.F.);
#5780=ORIENTED_EDGE('',*,*,#8368,.F.);
#5781=ORIENTED_EDGE('',*,*,#8365,.T.);
#5782=ORIENTED_EDGE('',*,*,#8370,.T.);
#5783=ORIENTED_EDGE('',*,*,#8364,.F.);
#5784=ORIENTED_EDGE('',*,*,#8367,.F.);
#5785=ORIENTED_EDGE('',*,*,#8363,.T.);
#5786=ORIENTED_EDGE('',*,*,#8369,.T.);
#5787=ORIENTED_EDGE('',*,*,#8365,.F.);
#5788=ORIENTED_EDGE('',*,*,#8366,.F.);
#5789=ORIENTED_EDGE('',*,*,#8364,.T.);
#5790=ORIENTED_EDGE('',*,*,#8372,.F.);
#5791=ORIENTED_EDGE('',*,*,#8369,.F.);
#5792=ORIENTED_EDGE('',*,*,#8370,.F.);
#5793=ORIENTED_EDGE('',*,*,#8371,.F.);
#5794=ORIENTED_EDGE('',*,*,#8383,.F.);
#5795=ORIENTED_EDGE('',*,*,#8376,.F.);
#5796=ORIENTED_EDGE('',*,*,#8379,.T.);
#5797=ORIENTED_EDGE('',*,*,#8373,.T.);
#5798=ORIENTED_EDGE('',*,*,#8382,.F.);
#5799=ORIENTED_EDGE('',*,*,#8373,.F.);
#5800=ORIENTED_EDGE('',*,*,#8378,.T.);
#5801=ORIENTED_EDGE('',*,*,#8374,.T.);
#5802=ORIENTED_EDGE('',*,*,#8381,.F.);
#5803=ORIENTED_EDGE('',*,*,#8374,.F.);
#5804=ORIENTED_EDGE('',*,*,#8377,.T.);
#5805=ORIENTED_EDGE('',*,*,#8375,.T.);
#5806=ORIENTED_EDGE('',*,*,#8383,.T.);
#5807=ORIENTED_EDGE('',*,*,#8382,.T.);
#5808=ORIENTED_EDGE('',*,*,#8381,.T.);
#5809=ORIENTED_EDGE('',*,*,#8380,.T.);
#5810=ORIENTED_EDGE('',*,*,#8391,.T.);
#5811=ORIENTED_EDGE('',*,*,#8384,.F.);
#5812=ORIENTED_EDGE('',*,*,#8388,.F.);
#5813=ORIENTED_EDGE('',*,*,#8386,.T.);
#5814=ORIENTED_EDGE('',*,*,#8390,.T.);
#5815=ORIENTED_EDGE('',*,*,#8385,.F.);
#5816=ORIENTED_EDGE('',*,*,#8387,.F.);
#5817=ORIENTED_EDGE('',*,*,#8384,.T.);
#5818=ORIENTED_EDGE('',*,*,#8391,.F.);
#5819=ORIENTED_EDGE('',*,*,#8389,.F.);
#5820=ORIENTED_EDGE('',*,*,#8390,.F.);
#5821=ORIENTED_EDGE('',*,*,#8402,.T.);
#5822=ORIENTED_EDGE('',*,*,#8392,.F.);
#5823=ORIENTED_EDGE('',*,*,#8398,.F.);
#5824=ORIENTED_EDGE('',*,*,#8395,.T.);
#5825=ORIENTED_EDGE('',*,*,#8400,.T.);
#5826=ORIENTED_EDGE('',*,*,#8394,.F.);
#5827=ORIENTED_EDGE('',*,*,#8397,.F.);
#5828=ORIENTED_EDGE('',*,*,#8393,.T.);
#5829=ORIENTED_EDGE('',*,*,#8399,.T.);
#5830=ORIENTED_EDGE('',*,*,#8395,.F.);
#5831=ORIENTED_EDGE('',*,*,#8396,.F.);
#5832=ORIENTED_EDGE('',*,*,#8394,.T.);
#5833=ORIENTED_EDGE('',*,*,#8402,.F.);
#5834=ORIENTED_EDGE('',*,*,#8399,.F.);
#5835=ORIENTED_EDGE('',*,*,#8400,.F.);
#5836=ORIENTED_EDGE('',*,*,#8401,.F.);
#5837=ORIENTED_EDGE('',*,*,#8413,.F.);
#5838=ORIENTED_EDGE('',*,*,#8406,.F.);
#5839=ORIENTED_EDGE('',*,*,#8409,.T.);
#5840=ORIENTED_EDGE('',*,*,#8403,.T.);
#5841=ORIENTED_EDGE('',*,*,#8412,.F.);
#5842=ORIENTED_EDGE('',*,*,#8403,.F.);
#5843=ORIENTED_EDGE('',*,*,#8408,.T.);
#5844=ORIENTED_EDGE('',*,*,#8404,.T.);
#5845=ORIENTED_EDGE('',*,*,#8411,.F.);
#5846=ORIENTED_EDGE('',*,*,#8404,.F.);
#5847=ORIENTED_EDGE('',*,*,#8407,.T.);
#5848=ORIENTED_EDGE('',*,*,#8405,.T.);
#5849=ORIENTED_EDGE('',*,*,#8413,.T.);
#5850=ORIENTED_EDGE('',*,*,#8412,.T.);
#5851=ORIENTED_EDGE('',*,*,#8411,.T.);
#5852=ORIENTED_EDGE('',*,*,#8410,.T.);
#5853=ORIENTED_EDGE('',*,*,#8421,.T.);
#5854=ORIENTED_EDGE('',*,*,#8414,.F.);
#5855=ORIENTED_EDGE('',*,*,#8418,.F.);
#5856=ORIENTED_EDGE('',*,*,#8416,.T.);
#5857=ORIENTED_EDGE('',*,*,#8420,.T.);
#5858=ORIENTED_EDGE('',*,*,#8415,.F.);
#5859=ORIENTED_EDGE('',*,*,#8417,.F.);
#5860=ORIENTED_EDGE('',*,*,#8414,.T.);
#5861=ORIENTED_EDGE('',*,*,#8421,.F.);
#5862=ORIENTED_EDGE('',*,*,#8419,.F.);
#5863=ORIENTED_EDGE('',*,*,#8420,.F.);
#5864=ORIENTED_EDGE('',*,*,#8432,.T.);
#5865=ORIENTED_EDGE('',*,*,#8422,.F.);
#5866=ORIENTED_EDGE('',*,*,#8428,.F.);
#5867=ORIENTED_EDGE('',*,*,#8425,.T.);
#5868=ORIENTED_EDGE('',*,*,#8430,.T.);
#5869=ORIENTED_EDGE('',*,*,#8424,.F.);
#5870=ORIENTED_EDGE('',*,*,#8427,.F.);
#5871=ORIENTED_EDGE('',*,*,#8423,.T.);
#5872=ORIENTED_EDGE('',*,*,#8429,.T.);
#5873=ORIENTED_EDGE('',*,*,#8425,.F.);
#5874=ORIENTED_EDGE('',*,*,#8426,.F.);
#5875=ORIENTED_EDGE('',*,*,#8424,.T.);
#5876=ORIENTED_EDGE('',*,*,#8432,.F.);
#5877=ORIENTED_EDGE('',*,*,#8429,.F.);
#5878=ORIENTED_EDGE('',*,*,#8430,.F.);
#5879=ORIENTED_EDGE('',*,*,#8431,.F.);
#5880=ORIENTED_EDGE('',*,*,#8443,.F.);
#5881=ORIENTED_EDGE('',*,*,#8436,.F.);
#5882=ORIENTED_EDGE('',*,*,#8439,.T.);
#5883=ORIENTED_EDGE('',*,*,#8433,.T.);
#5884=ORIENTED_EDGE('',*,*,#8442,.F.);
#5885=ORIENTED_EDGE('',*,*,#8433,.F.);
#5886=ORIENTED_EDGE('',*,*,#8438,.T.);
#5887=ORIENTED_EDGE('',*,*,#8434,.T.);
#5888=ORIENTED_EDGE('',*,*,#8441,.F.);
#5889=ORIENTED_EDGE('',*,*,#8434,.F.);
#5890=ORIENTED_EDGE('',*,*,#8437,.T.);
#5891=ORIENTED_EDGE('',*,*,#8435,.T.);
#5892=ORIENTED_EDGE('',*,*,#8443,.T.);
#5893=ORIENTED_EDGE('',*,*,#8442,.T.);
#5894=ORIENTED_EDGE('',*,*,#8441,.T.);
#5895=ORIENTED_EDGE('',*,*,#8440,.T.);
#5896=ORIENTED_EDGE('',*,*,#8451,.T.);
#5897=ORIENTED_EDGE('',*,*,#8444,.F.);
#5898=ORIENTED_EDGE('',*,*,#8448,.F.);
#5899=ORIENTED_EDGE('',*,*,#8446,.T.);
#5900=ORIENTED_EDGE('',*,*,#8450,.T.);
#5901=ORIENTED_EDGE('',*,*,#8445,.F.);
#5902=ORIENTED_EDGE('',*,*,#8447,.F.);
#5903=ORIENTED_EDGE('',*,*,#8444,.T.);
#5904=ORIENTED_EDGE('',*,*,#8451,.F.);
#5905=ORIENTED_EDGE('',*,*,#8449,.F.);
#5906=ORIENTED_EDGE('',*,*,#8450,.F.);
#5907=ORIENTED_EDGE('',*,*,#8462,.T.);
#5908=ORIENTED_EDGE('',*,*,#8452,.F.);
#5909=ORIENTED_EDGE('',*,*,#8458,.F.);
#5910=ORIENTED_EDGE('',*,*,#8455,.T.);
#5911=ORIENTED_EDGE('',*,*,#8460,.T.);
#5912=ORIENTED_EDGE('',*,*,#8454,.F.);
#5913=ORIENTED_EDGE('',*,*,#8457,.F.);
#5914=ORIENTED_EDGE('',*,*,#8453,.T.);
#5915=ORIENTED_EDGE('',*,*,#8459,.T.);
#5916=ORIENTED_EDGE('',*,*,#8455,.F.);
#5917=ORIENTED_EDGE('',*,*,#8456,.F.);
#5918=ORIENTED_EDGE('',*,*,#8454,.T.);
#5919=ORIENTED_EDGE('',*,*,#8462,.F.);
#5920=ORIENTED_EDGE('',*,*,#8459,.F.);
#5921=ORIENTED_EDGE('',*,*,#8460,.F.);
#5922=ORIENTED_EDGE('',*,*,#8461,.F.);
#5923=ORIENTED_EDGE('',*,*,#8473,.F.);
#5924=ORIENTED_EDGE('',*,*,#8466,.F.);
#5925=ORIENTED_EDGE('',*,*,#8469,.T.);
#5926=ORIENTED_EDGE('',*,*,#8463,.T.);
#5927=ORIENTED_EDGE('',*,*,#8472,.F.);
#5928=ORIENTED_EDGE('',*,*,#8463,.F.);
#5929=ORIENTED_EDGE('',*,*,#8468,.T.);
#5930=ORIENTED_EDGE('',*,*,#8464,.T.);
#5931=ORIENTED_EDGE('',*,*,#8471,.F.);
#5932=ORIENTED_EDGE('',*,*,#8464,.F.);
#5933=ORIENTED_EDGE('',*,*,#8467,.T.);
#5934=ORIENTED_EDGE('',*,*,#8465,.T.);
#5935=ORIENTED_EDGE('',*,*,#8473,.T.);
#5936=ORIENTED_EDGE('',*,*,#8472,.T.);
#5937=ORIENTED_EDGE('',*,*,#8471,.T.);
#5938=ORIENTED_EDGE('',*,*,#8470,.T.);
#5939=ORIENTED_EDGE('',*,*,#8484,.T.);
#5940=ORIENTED_EDGE('',*,*,#8474,.F.);
#5941=ORIENTED_EDGE('',*,*,#8480,.F.);
#5942=ORIENTED_EDGE('',*,*,#8477,.T.);
#5943=ORIENTED_EDGE('',*,*,#8482,.T.);
#5944=ORIENTED_EDGE('',*,*,#8476,.F.);
#5945=ORIENTED_EDGE('',*,*,#8479,.F.);
#5946=ORIENTED_EDGE('',*,*,#8475,.T.);
#5947=ORIENTED_EDGE('',*,*,#8481,.T.);
#5948=ORIENTED_EDGE('',*,*,#8477,.F.);
#5949=ORIENTED_EDGE('',*,*,#8478,.F.);
#5950=ORIENTED_EDGE('',*,*,#8476,.T.);
#5951=ORIENTED_EDGE('',*,*,#8484,.F.);
#5952=ORIENTED_EDGE('',*,*,#8481,.F.);
#5953=ORIENTED_EDGE('',*,*,#8482,.F.);
#5954=ORIENTED_EDGE('',*,*,#8483,.F.);
#5955=ORIENTED_EDGE('',*,*,#8495,.F.);
#5956=ORIENTED_EDGE('',*,*,#8488,.F.);
#5957=ORIENTED_EDGE('',*,*,#8491,.T.);
#5958=ORIENTED_EDGE('',*,*,#8485,.T.);
#5959=ORIENTED_EDGE('',*,*,#8494,.F.);
#5960=ORIENTED_EDGE('',*,*,#8485,.F.);
#5961=ORIENTED_EDGE('',*,*,#8490,.T.);
#5962=ORIENTED_EDGE('',*,*,#8486,.T.);
#5963=ORIENTED_EDGE('',*,*,#8493,.F.);
#5964=ORIENTED_EDGE('',*,*,#8486,.F.);
#5965=ORIENTED_EDGE('',*,*,#8489,.T.);
#5966=ORIENTED_EDGE('',*,*,#8487,.T.);
#5967=ORIENTED_EDGE('',*,*,#8495,.T.);
#5968=ORIENTED_EDGE('',*,*,#8494,.T.);
#5969=ORIENTED_EDGE('',*,*,#8493,.T.);
#5970=ORIENTED_EDGE('',*,*,#8492,.T.);
#5971=PLANE('',#12781);
#5972=PLANE('',#12782);
#5973=PLANE('',#12783);
#5974=PLANE('',#12784);
#5975=PLANE('',#12785);
#5976=PLANE('',#12786);
#5977=PLANE('',#12787);
#5978=PLANE('',#12788);
#5979=PLANE('',#12789);
#5980=PLANE('',#12790);
#5981=PLANE('',#12791);
#5982=PLANE('',#12792);
#5983=PLANE('',#12793);
#5984=PLANE('',#12794);
#5985=PLANE('',#12795);
#5986=PLANE('',#12796);
#5987=PLANE('',#12797);
#5988=PLANE('',#12798);
#5989=PLANE('',#12799);
#5990=PLANE('',#12800);
#5991=PLANE('',#12801);
#5992=PLANE('',#12804);
#5993=PLANE('',#12807);
#5994=PLANE('',#12808);
#5995=PLANE('',#12809);
#5996=PLANE('',#12810);
#5997=PLANE('',#12811);
#5998=PLANE('',#12812);
#5999=PLANE('',#12813);
#6000=PLANE('',#12814);
#6001=PLANE('',#12815);
#6002=PLANE('',#12818);
#6003=PLANE('',#12819);
#6004=PLANE('',#12820);
#6005=PLANE('',#12821);
#6006=PLANE('',#12822);
#6007=PLANE('',#12823);
#6008=PLANE('',#12824);
#6009=PLANE('',#12825);
#6010=PLANE('',#12826);
#6011=PLANE('',#12829);
#6012=PLANE('',#12830);
#6013=PLANE('',#12831);
#6014=PLANE('',#12832);
#6015=PLANE('',#12833);
#6016=PLANE('',#12834);
#6017=PLANE('',#12835);
#6018=PLANE('',#12836);
#6019=PLANE('',#12837);
#6020=PLANE('',#12838);
#6021=PLANE('',#12839);
#6022=PLANE('',#12840);
#6023=PLANE('',#12841);
#6024=PLANE('',#12842);
#6025=PLANE('',#12843);
#6026=PLANE('',#12844);
#6027=PLANE('',#12847);
#6028=PLANE('',#12848);
#6029=PLANE('',#12849);
#6030=PLANE('',#12850);
#6031=PLANE('',#12851);
#6032=PLANE('',#12852);
#6033=PLANE('',#12853);
#6034=PLANE('',#12854);
#6035=PLANE('',#12855);
#6036=PLANE('',#12858);
#6037=PLANE('',#12859);
#6038=PLANE('',#12860);
#6039=PLANE('',#12861);
#6040=PLANE('',#12862);
#6041=PLANE('',#12865);
#6042=PLANE('',#12866);
#6043=PLANE('',#12867);
#6044=PLANE('',#12868);
#6045=PLANE('',#12869);
#6046=PLANE('',#12872);
#6047=PLANE('',#12873);
#6048=PLANE('',#12874);
#6049=PLANE('',#12875);
#6050=PLANE('',#12876);
#6051=PLANE('',#12877);
#6052=PLANE('',#12878);
#6053=PLANE('',#12879);
#6054=PLANE('',#12880);
#6055=PLANE('',#12883);
#6056=PLANE('',#12884);
#6057=PLANE('',#12885);
#6058=PLANE('',#12886);
#6059=PLANE('',#12887);
#6060=PLANE('',#12888);
#6061=PLANE('',#12889);
#6062=PLANE('',#12890);
#6063=PLANE('',#12891);
#6064=PLANE('',#12892);
#6065=PLANE('',#12893);
#6066=PLANE('',#12894);
#6067=PLANE('',#12895);
#6068=PLANE('',#12896);
#6069=PLANE('',#12897);
#6070=PLANE('',#12898);
#6071=PLANE('',#12899);
#6072=PLANE('',#12902);
#6073=PLANE('',#12903);
#6074=PLANE('',#12904);
#6075=PLANE('',#12905);
#6076=PLANE('',#12906);
#6077=PLANE('',#12909);
#6078=PLANE('',#12910);
#6079=PLANE('',#12911);
#6080=PLANE('',#12912);
#6081=PLANE('',#12913);
#6082=PLANE('',#12914);
#6083=PLANE('',#12915);
#6084=PLANE('',#12916);
#6085=PLANE('',#12917);
#6086=PLANE('',#12920);
#6087=PLANE('',#12921);
#6088=PLANE('',#12922);
#6089=PLANE('',#12923);
#6090=PLANE('',#12924);
#6091=PLANE('',#12925);
#6092=PLANE('',#12926);
#6093=PLANE('',#12927);
#6094=PLANE('',#12928);
#6095=PLANE('',#12931);
#6096=PLANE('',#12932);
#6097=PLANE('',#12933);
#6098=PLANE('',#12934);
#6099=PLANE('',#12935);
#6100=PLANE('',#12936);
#6101=PLANE('',#12937);
#6102=PLANE('',#12938);
#6103=PLANE('',#12939);
#6104=PLANE('',#12942);
#6105=PLANE('',#12943);
#6106=PLANE('',#12944);
#6107=PLANE('',#12945);
#6108=PLANE('',#12946);
#6109=PLANE('',#12947);
#6110=PLANE('',#12948);
#6111=PLANE('',#12949);
#6112=PLANE('',#12950);
#6113=PLANE('',#12953);
#6114=PLANE('',#12954);
#6115=PLANE('',#12955);
#6116=PLANE('',#12956);
#6117=PLANE('',#12957);
#6118=PLANE('',#12958);
#6119=PLANE('',#12959);
#6120=PLANE('',#12960);
#6121=PLANE('',#12961);
#6122=PLANE('',#12964);
#6123=PLANE('',#12965);
#6124=PLANE('',#12966);
#6125=PLANE('',#12967);
#6126=PLANE('',#12968);
#6127=PLANE('',#12969);
#6128=PLANE('',#12970);
#6129=PLANE('',#12971);
#6130=PLANE('',#12972);
#6131=PLANE('',#12975);
#6132=PLANE('',#12976);
#6133=PLANE('',#12977);
#6134=PLANE('',#12978);
#6135=PLANE('',#12979);
#6136=PLANE('',#12980);
#6137=PLANE('',#12981);
#6138=PLANE('',#12982);
#6139=PLANE('',#12983);
#6140=PLANE('',#12986);
#6141=PLANE('',#12987);
#6142=PLANE('',#12988);
#6143=PLANE('',#12989);
#6144=PLANE('',#12990);
#6145=PLANE('',#12991);
#6146=PLANE('',#12992);
#6147=PLANE('',#12993);
#6148=PLANE('',#12994);
#6149=PLANE('',#12997);
#6150=PLANE('',#12998);
#6151=PLANE('',#12999);
#6152=PLANE('',#13000);
#6153=PLANE('',#13001);
#6154=PLANE('',#13002);
#6155=PLANE('',#13003);
#6156=PLANE('',#13004);
#6157=PLANE('',#13005);
#6158=PLANE('',#13008);
#6159=PLANE('',#13009);
#6160=PLANE('',#13010);
#6161=PLANE('',#13011);
#6162=PLANE('',#13012);
#6163=PLANE('',#13013);
#6164=PLANE('',#13014);
#6165=PLANE('',#13015);
#6166=PLANE('',#13016);
#6167=PLANE('',#13019);
#6168=PLANE('',#13020);
#6169=PLANE('',#13021);
#6170=PLANE('',#13022);
#6171=PLANE('',#13023);
#6172=PLANE('',#13024);
#6173=PLANE('',#13025);
#6174=PLANE('',#13026);
#6175=PLANE('',#13027);
#6176=PLANE('',#13030);
#6177=PLANE('',#13031);
#6178=PLANE('',#13032);
#6179=PLANE('',#13033);
#6180=PLANE('',#13034);
#6181=PLANE('',#13035);
#6182=PLANE('',#13036);
#6183=PLANE('',#13037);
#6184=PLANE('',#13038);
#6185=PLANE('',#13041);
#6186=PLANE('',#13042);
#6187=PLANE('',#13043);
#6188=PLANE('',#13044);
#6189=PLANE('',#13045);
#6190=PLANE('',#13046);
#6191=PLANE('',#13047);
#6192=PLANE('',#13048);
#6193=PLANE('',#13049);
#6194=PLANE('',#13052);
#6195=PLANE('',#13053);
#6196=PLANE('',#13054);
#6197=PLANE('',#13055);
#6198=PLANE('',#13056);
#6199=PLANE('',#13057);
#6200=PLANE('',#13058);
#6201=PLANE('',#13059);
#6202=PLANE('',#13060);
#6203=PLANE('',#13063);
#6204=PLANE('',#13064);
#6205=PLANE('',#13065);
#6206=PLANE('',#13066);
#6207=PLANE('',#13067);
#6208=PLANE('',#13068);
#6209=PLANE('',#13069);
#6210=PLANE('',#13070);
#6211=PLANE('',#13071);
#6212=PLANE('',#13074);
#6213=PLANE('',#13075);
#6214=PLANE('',#13076);
#6215=PLANE('',#13077);
#6216=PLANE('',#13078);
#6217=PLANE('',#13079);
#6218=PLANE('',#13080);
#6219=PLANE('',#13081);
#6220=PLANE('',#13082);
#6221=PLANE('',#13085);
#6222=PLANE('',#13086);
#6223=PLANE('',#13087);
#6224=PLANE('',#13088);
#6225=PLANE('',#13089);
#6226=PLANE('',#13090);
#6227=PLANE('',#13091);
#6228=PLANE('',#13092);
#6229=PLANE('',#13093);
#6230=PLANE('',#13096);
#6231=PLANE('',#13097);
#6232=PLANE('',#13098);
#6233=PLANE('',#13099);
#6234=PLANE('',#13100);
#6235=PLANE('',#13101);
#6236=PLANE('',#13102);
#6237=PLANE('',#13103);
#6238=PLANE('',#13104);
#6239=PLANE('',#13107);
#6240=PLANE('',#13108);
#6241=PLANE('',#13109);
#6242=PLANE('',#13110);
#6243=PLANE('',#13111);
#6244=PLANE('',#13112);
#6245=PLANE('',#13113);
#6246=PLANE('',#13114);
#6247=PLANE('',#13115);
#6248=PLANE('',#13118);
#6249=PLANE('',#13119);
#6250=PLANE('',#13120);
#6251=PLANE('',#13121);
#6252=PLANE('',#13122);
#6253=PLANE('',#13123);
#6254=PLANE('',#13124);
#6255=PLANE('',#13125);
#6256=PLANE('',#13126);
#6257=PLANE('',#13129);
#6258=PLANE('',#13130);
#6259=PLANE('',#13131);
#6260=PLANE('',#13132);
#6261=PLANE('',#13133);
#6262=PLANE('',#13134);
#6263=PLANE('',#13135);
#6264=PLANE('',#13136);
#6265=PLANE('',#13137);
#6266=PLANE('',#13140);
#6267=PLANE('',#13141);
#6268=PLANE('',#13142);
#6269=PLANE('',#13143);
#6270=PLANE('',#13144);
#6271=PLANE('',#13145);
#6272=PLANE('',#13146);
#6273=PLANE('',#13147);
#6274=PLANE('',#13148);
#6275=PLANE('',#13151);
#6276=PLANE('',#13152);
#6277=PLANE('',#13153);
#6278=PLANE('',#13154);
#6279=PLANE('',#13155);
#6280=PLANE('',#13156);
#6281=PLANE('',#13157);
#6282=PLANE('',#13158);
#6283=PLANE('',#13159);
#6284=PLANE('',#13162);
#6285=PLANE('',#13163);
#6286=PLANE('',#13164);
#6287=PLANE('',#13165);
#6288=PLANE('',#13166);
#6289=PLANE('',#13167);
#6290=PLANE('',#13168);
#6291=PLANE('',#13169);
#6292=PLANE('',#13170);
#6293=PLANE('',#13173);
#6294=PLANE('',#13174);
#6295=PLANE('',#13175);
#6296=PLANE('',#13176);
#6297=PLANE('',#13177);
#6298=PLANE('',#13178);
#6299=PLANE('',#13179);
#6300=PLANE('',#13180);
#6301=PLANE('',#13181);
#6302=PLANE('',#13184);
#6303=PLANE('',#13185);
#6304=PLANE('',#13186);
#6305=PLANE('',#13187);
#6306=PLANE('',#13188);
#6307=PLANE('',#13189);
#6308=PLANE('',#13190);
#6309=PLANE('',#13191);
#6310=PLANE('',#13192);
#6311=PLANE('',#13195);
#6312=PLANE('',#13196);
#6313=PLANE('',#13197);
#6314=PLANE('',#13198);
#6315=PLANE('',#13199);
#6316=PLANE('',#13200);
#6317=PLANE('',#13201);
#6318=PLANE('',#13202);
#6319=PLANE('',#13203);
#6320=PLANE('',#13206);
#6321=PLANE('',#13207);
#6322=PLANE('',#13208);
#6323=PLANE('',#13209);
#6324=PLANE('',#13210);
#6325=PLANE('',#13211);
#6326=PLANE('',#13212);
#6327=PLANE('',#13213);
#6328=PLANE('',#13214);
#6329=PLANE('',#13217);
#6330=PLANE('',#13218);
#6331=PLANE('',#13219);
#6332=PLANE('',#13220);
#6333=PLANE('',#13221);
#6334=PLANE('',#13222);
#6335=PLANE('',#13223);
#6336=PLANE('',#13224);
#6337=PLANE('',#13225);
#6338=PLANE('',#13228);
#6339=PLANE('',#13229);
#6340=PLANE('',#13230);
#6341=PLANE('',#13231);
#6342=PLANE('',#13232);
#6343=PLANE('',#13233);
#6344=PLANE('',#13234);
#6345=PLANE('',#13235);
#6346=PLANE('',#13236);
#6347=PLANE('',#13239);
#6348=PLANE('',#13240);
#6349=PLANE('',#13241);
#6350=PLANE('',#13242);
#6351=PLANE('',#13243);
#6352=PLANE('',#13244);
#6353=PLANE('',#13245);
#6354=PLANE('',#13246);
#6355=PLANE('',#13247);
#6356=PLANE('',#13250);
#6357=PLANE('',#13251);
#6358=PLANE('',#13252);
#6359=PLANE('',#13253);
#6360=PLANE('',#13254);
#6361=PLANE('',#13255);
#6362=PLANE('',#13256);
#6363=PLANE('',#13257);
#6364=PLANE('',#13258);
#6365=PLANE('',#13261);
#6366=PLANE('',#13262);
#6367=PLANE('',#13263);
#6368=PLANE('',#13264);
#6369=PLANE('',#13265);
#6370=PLANE('',#13266);
#6371=PLANE('',#13267);
#6372=PLANE('',#13268);
#6373=PLANE('',#13269);
#6374=PLANE('',#13272);
#6375=PLANE('',#13273);
#6376=PLANE('',#13274);
#6377=PLANE('',#13275);
#6378=PLANE('',#13276);
#6379=PLANE('',#13277);
#6380=PLANE('',#13278);
#6381=PLANE('',#13279);
#6382=PLANE('',#13280);
#6383=PLANE('',#13283);
#6384=PLANE('',#13284);
#6385=PLANE('',#13285);
#6386=PLANE('',#13286);
#6387=PLANE('',#13287);
#6388=PLANE('',#13288);
#6389=PLANE('',#13289);
#6390=PLANE('',#13290);
#6391=PLANE('',#13291);
#6392=PLANE('',#13294);
#6393=PLANE('',#13295);
#6394=PLANE('',#13296);
#6395=PLANE('',#13297);
#6396=PLANE('',#13298);
#6397=PLANE('',#13299);
#6398=PLANE('',#13300);
#6399=PLANE('',#13301);
#6400=PLANE('',#13302);
#6401=PLANE('',#13305);
#6402=PLANE('',#13306);
#6403=PLANE('',#13307);
#6404=PLANE('',#13308);
#6405=PLANE('',#13309);
#6406=PLANE('',#13310);
#6407=PLANE('',#13311);
#6408=PLANE('',#13312);
#6409=PLANE('',#13313);
#6410=PLANE('',#13316);
#6411=PLANE('',#13317);
#6412=PLANE('',#13318);
#6413=PLANE('',#13319);
#6414=PLANE('',#13320);
#6415=PLANE('',#13321);
#6416=PLANE('',#13322);
#6417=PLANE('',#13323);
#6418=PLANE('',#13324);
#6419=PLANE('',#13327);
#6420=PLANE('',#13328);
#6421=PLANE('',#13329);
#6422=PLANE('',#13330);
#6423=PLANE('',#13331);
#6424=PLANE('',#13332);
#6425=PLANE('',#13333);
#6426=PLANE('',#13334);
#6427=PLANE('',#13335);
#6428=PLANE('',#13338);
#6429=PLANE('',#13339);
#6430=PLANE('',#13340);
#6431=PLANE('',#13341);
#6432=PLANE('',#13342);
#6433=PLANE('',#13343);
#6434=PLANE('',#13344);
#6435=PLANE('',#13345);
#6436=PLANE('',#13346);
#6437=PLANE('',#13349);
#6438=PLANE('',#13350);
#6439=PLANE('',#13351);
#6440=PLANE('',#13352);
#6441=PLANE('',#13353);
#6442=PLANE('',#13354);
#6443=PLANE('',#13355);
#6444=PLANE('',#13356);
#6445=PLANE('',#13357);
#6446=PLANE('',#13358);
#6447=PLANE('',#13359);
#6448=PLANE('',#13360);
#6449=PLANE('',#13361);
#6450=PLANE('',#13362);
#6451=PLANE('',#13363);
#6452=PLANE('',#13364);
#6453=PLANE('',#13365);
#6454=CIRCLE('',#12577,13.7857142857143);
#6455=CIRCLE('',#12578,13.7857142857143);
#6456=CIRCLE('',#12579,13.7857142857143);
#6457=CIRCLE('',#12580,13.7857142857143);
#6458=CIRCLE('',#12581,13.7857142857143);
#6459=CIRCLE('',#12582,13.7857142857143);
#6460=CIRCLE('',#12583,13.7857142857143);
#6461=CIRCLE('',#12584,13.7857142857143);
#6462=CIRCLE('',#12585,13.7857142857143);
#6463=CIRCLE('',#12586,13.7857142857143);
#6464=CIRCLE('',#12587,13.7857142857143);
#6465=CIRCLE('',#12588,13.7857142857143);
#6466=CIRCLE('',#12589,13.7857142857143);
#6467=CIRCLE('',#12590,13.7857142857143);
#6468=CIRCLE('',#12591,13.7857142857143);
#6469=CIRCLE('',#12592,13.7857142857143);
#6470=CIRCLE('',#12593,13.7857142857143);
#6471=CIRCLE('',#12594,13.7857142857143);
#6472=CIRCLE('',#12595,13.7857142857143);
#6473=CIRCLE('',#12596,13.7857142857143);
#6474=CIRCLE('',#12597,13.7857142857143);
#6475=CIRCLE('',#12598,13.7857142857144);
#6476=CIRCLE('',#12599,13.7857142857143);
#6477=CIRCLE('',#12600,13.7857142857144);
#6478=CIRCLE('',#12601,13.7857142857143);
#6479=CIRCLE('',#12602,13.7857142857143);
#6480=CIRCLE('',#12603,13.7857142857143);
#6481=CIRCLE('',#12604,13.7857142857143);
#6482=CIRCLE('',#12605,13.7857142857143);
#6483=CIRCLE('',#12606,13.7857142857143);
#6484=CIRCLE('',#12607,13.7857142857143);
#6485=CIRCLE('',#12608,13.7857142857143);
#6486=CIRCLE('',#12609,13.7857142857143);
#6487=CIRCLE('',#12610,13.7857142857143);
#6488=CIRCLE('',#12611,13.7857142857143);
#6489=CIRCLE('',#12612,13.7857142857143);
#6490=CIRCLE('',#12613,13.7857142857143);
#6491=CIRCLE('',#12614,13.7857142857143);
#6492=CIRCLE('',#12615,13.7857142857143);
#6493=CIRCLE('',#12616,13.7857142857143);
#6494=CIRCLE('',#12617,13.7857142857143);
#6495=CIRCLE('',#12618,13.7857142857143);
#6496=CIRCLE('',#12619,13.7857142857143);
#6497=CIRCLE('',#12620,13.7857142857143);
#6498=CIRCLE('',#12621,13.7857142857143);
#6499=CIRCLE('',#12622,13.7857142857143);
#6500=CIRCLE('',#12623,13.7857142857143);
#6501=CIRCLE('',#12624,13.7857142857143);
#6502=CIRCLE('',#12625,13.7857142857143);
#6503=CIRCLE('',#12626,13.7857142857143);
#6504=CIRCLE('',#12627,13.7857142857143);
#6505=CIRCLE('',#12628,13.7857142857143);
#6506=CIRCLE('',#12629,13.7857142857143);
#6507=CIRCLE('',#12630,13.7857142857143);
#6508=CIRCLE('',#12631,13.7857142857143);
#6509=CIRCLE('',#12632,13.7857142857143);
#6510=CIRCLE('',#12633,13.7857142857143);
#6511=CIRCLE('',#12634,13.7857142857143);
#6512=CIRCLE('',#12635,13.7857142857143);
#6513=CIRCLE('',#12636,13.7857142857143);
#6514=CIRCLE('',#12637,13.7857142857143);
#6515=CIRCLE('',#12638,13.7857142857143);
#6516=CIRCLE('',#12639,13.7857142857143);
#6517=CIRCLE('',#12640,13.7857142857143);
#6518=CIRCLE('',#12641,13.7857142857143);
#6519=CIRCLE('',#12642,13.7857142857143);
#6520=CIRCLE('',#12643,13.7857142857143);
#6521=CIRCLE('',#12644,13.7857142857143);
#6522=CIRCLE('',#12645,13.7857142857143);
#6523=CIRCLE('',#12646,13.7857142857143);
#6524=CIRCLE('',#12647,13.7857142857143);
#6525=CIRCLE('',#12648,13.7857142857143);
#6526=CIRCLE('',#12649,13.7857142857143);
#6527=CIRCLE('',#12650,13.7857142857143);
#6528=CIRCLE('',#12651,13.7857142857143);
#6529=CIRCLE('',#12652,13.7857142857143);
#6530=CIRCLE('',#12653,13.7857142857143);
#6531=CIRCLE('',#12654,13.7857142857143);
#6532=CIRCLE('',#12655,13.7857142857143);
#6533=CIRCLE('',#12656,13.7857142857143);
#6534=CIRCLE('',#12657,13.7857142857143);
#6535=CIRCLE('',#12658,13.7857142857143);
#6536=CIRCLE('',#12659,13.7857142857143);
#6537=CIRCLE('',#12660,13.7857142857143);
#6538=CIRCLE('',#12661,13.7857142857143);
#6539=CIRCLE('',#12662,13.7857142857143);
#6540=CIRCLE('',#12663,13.7857142857143);
#6541=CIRCLE('',#12664,13.7857142857143);
#6542=CIRCLE('',#12665,13.7857142857143);
#6543=CIRCLE('',#12666,13.7857142857143);
#6544=CIRCLE('',#12667,13.7857142857143);
#6545=CIRCLE('',#12668,13.7857142857143);
#6546=CIRCLE('',#12669,13.7857142857143);
#6547=CIRCLE('',#12670,13.7857142857143);
#6548=CIRCLE('',#12671,13.7857142857143);
#6549=CIRCLE('',#12672,13.7857142857143);
#6550=CIRCLE('',#12673,13.7857142857143);
#6551=CIRCLE('',#12674,13.7857142857143);
#6552=CIRCLE('',#12675,13.7857142857143);
#6553=CIRCLE('',#12676,13.7857142857143);
#6554=CIRCLE('',#12677,13.7857142857143);
#6555=CIRCLE('',#12678,13.7857142857143);
#6556=CIRCLE('',#12679,13.7857142857143);
#6557=CIRCLE('',#12680,13.7857142857143);
#6558=CIRCLE('',#12681,13.7857142857143);
#6559=CIRCLE('',#12682,13.7857142857143);
#6560=CIRCLE('',#12683,13.7857142857143);
#6561=CIRCLE('',#12684,13.7857142857143);
#6562=CIRCLE('',#12685,13.7857142857143);
#6563=CIRCLE('',#12686,13.7857142857143);
#6564=CIRCLE('',#12687,13.7857142857143);
#6565=CIRCLE('',#12688,13.7857142857143);
#6566=CIRCLE('',#12689,13.7857142857143);
#6567=CIRCLE('',#12690,13.7857142857143);
#6568=CIRCLE('',#12691,13.7857142857143);
#6569=CIRCLE('',#12692,13.7857142857143);
#6570=CIRCLE('',#12693,13.7857142857143);
#6571=CIRCLE('',#12694,13.7857142857143);
#6572=CIRCLE('',#12695,13.7857142857143);
#6573=CIRCLE('',#12696,13.7857142857143);
#6574=CIRCLE('',#12697,13.7857142857143);
#6575=CIRCLE('',#12698,13.7857142857143);
#6576=CIRCLE('',#12699,13.7857142857143);
#6577=CIRCLE('',#12700,13.7857142857143);
#6578=CIRCLE('',#12701,13.7857142857143);
#6579=CIRCLE('',#12702,13.7857142857143);
#6580=CIRCLE('',#12703,13.7857142857143);
#6581=CIRCLE('',#12704,13.7857142857143);
#6582=CIRCLE('',#12705,13.7857142857143);
#6583=CIRCLE('',#12706,13.7857142857143);
#6584=CIRCLE('',#12707,13.7857142857143);
#6585=CIRCLE('',#12708,13.7857142857143);
#6586=CIRCLE('',#12709,13.7857142857143);
#6587=CIRCLE('',#12710,13.7857142857143);
#6588=CIRCLE('',#12711,13.7857142857143);
#6589=CIRCLE('',#12712,13.7857142857143);
#6590=CIRCLE('',#12713,13.7857142857143);
#6591=CIRCLE('',#12714,13.7857142857143);
#6592=CIRCLE('',#12715,13.7857142857143);
#6593=CIRCLE('',#12716,13.7857142857143);
#6594=CIRCLE('',#12717,13.7857142857143);
#6595=CIRCLE('',#12718,13.7857142857143);
#6596=CIRCLE('',#12719,13.7857142857143);
#6597=CIRCLE('',#12720,13.7857142857143);
#6598=CIRCLE('',#12721,13.7857142857143);
#6599=CIRCLE('',#12722,13.7857142857143);
#6600=CIRCLE('',#12723,13.7857142857143);
#6601=CIRCLE('',#12724,13.7857142857143);
#6602=CIRCLE('',#12725,13.7857142857143);
#6603=CIRCLE('',#12726,13.7857142857143);
#6604=CIRCLE('',#12727,13.7857142857143);
#6605=CIRCLE('',#12728,13.7857142857143);
#6606=CIRCLE('',#12729,13.7857142857143);
#6607=CIRCLE('',#12730,13.7857142857143);
#6608=CIRCLE('',#12731,13.7857142857143);
#6609=CIRCLE('',#12732,13.7857142857143);
#6610=CIRCLE('',#12733,13.7857142857143);
#6611=CIRCLE('',#12734,13.7857142857143);
#6612=CIRCLE('',#12735,13.7857142857143);
#6613=CIRCLE('',#12736,13.7857142857143);
#6614=CIRCLE('',#12737,13.7857142857143);
#6615=CIRCLE('',#12738,13.7857142857143);
#6616=CIRCLE('',#12739,13.7857142857143);
#6617=CIRCLE('',#12740,13.7857142857143);
#6618=CIRCLE('',#12741,13.7857142857143);
#6619=CIRCLE('',#12742,13.7857142857143);
#6620=CIRCLE('',#12743,13.7857142857143);
#6621=CIRCLE('',#12744,13.7857142857143);
#6622=CIRCLE('',#12745,13.7857142857143);
#6623=CIRCLE('',#12746,13.7857142857143);
#6624=CIRCLE('',#12747,13.7857142857143);
#6625=CIRCLE('',#12748,13.7857142857143);
#6626=CIRCLE('',#12749,13.7857142857143);
#6627=CIRCLE('',#12750,13.7857142857143);
#6628=CIRCLE('',#12751,13.7857142857143);
#6629=CIRCLE('',#12752,13.7857142857143);
#6630=CIRCLE('',#12753,13.7857142857143);
#6631=CIRCLE('',#12754,13.7857142857143);
#6632=CIRCLE('',#12755,13.7857142857143);
#6633=CIRCLE('',#12756,13.7857142857143);
#6634=CIRCLE('',#12757,13.7857142857143);
#6635=CIRCLE('',#12758,13.7857142857143);
#6636=CIRCLE('',#12759,13.7857142857143);
#6637=CIRCLE('',#12760,13.7857142857143);
#6638=CIRCLE('',#12761,13.7857142857143);
#6639=CIRCLE('',#12762,13.7857142857143);
#6640=CIRCLE('',#12763,13.7857142857143);
#6641=CIRCLE('',#12764,13.7857142857143);
#6642=CIRCLE('',#12765,13.7857142857143);
#6643=CIRCLE('',#12766,13.7857142857143);
#6644=CIRCLE('',#12767,13.7857142857143);
#6645=CIRCLE('',#12768,13.7857142857143);
#6646=CIRCLE('',#12769,13.7857142857143);
#6647=CIRCLE('',#12770,13.7857142857143);
#6648=CIRCLE('',#12771,13.7857142857143);
#6649=CIRCLE('',#12772,13.7857142857143);
#6650=CIRCLE('',#12773,13.7857142857143);
#6651=CIRCLE('',#12774,13.7857142857143);
#6652=CIRCLE('',#12775,13.7857142857143);
#6653=CIRCLE('',#12776,13.7857142857143);
#6654=CIRCLE('',#12777,13.7857142857143);
#6655=CIRCLE('',#12778,13.7857142857143);
#6656=CIRCLE('',#12779,13.7857142857143);
#6657=CIRCLE('',#12780,13.7857142857143);
#6658=B_SPLINE_CURVE_WITH_KNOTS('',3,(#17741,#17742,#17743,#17744),
.UNSPECIFIED.,.F.,.F.,(4,4),(17.,18.),.UNSPECIFIED.);
#6659=B_SPLINE_CURVE_WITH_KNOTS('',3,(#17745,#17746,#17747,#17748),
.UNSPECIFIED.,.F.,.F.,(4,4),(16.,17.),.UNSPECIFIED.);
#6660=B_SPLINE_CURVE_WITH_KNOTS('',3,(#17749,#17750,#17751,#17752),
.UNSPECIFIED.,.F.,.F.,(4,4),(15.,16.),.UNSPECIFIED.);
#6661=B_SPLINE_CURVE_WITH_KNOTS('',3,(#17753,#17754,#17755,#17756),
.UNSPECIFIED.,.F.,.F.,(4,4),(14.,15.),.UNSPECIFIED.);
#6662=B_SPLINE_CURVE_WITH_KNOTS('',3,(#17757,#17758,#17759,#17760),
.UNSPECIFIED.,.F.,.F.,(4,4),(13.,14.),.UNSPECIFIED.);
#6663=B_SPLINE_CURVE_WITH_KNOTS('',3,(#17761,#17762,#17763,#17764),
.UNSPECIFIED.,.F.,.F.,(4,4),(12.,13.),.UNSPECIFIED.);
#6664=B_SPLINE_CURVE_WITH_KNOTS('',3,(#17765,#17766,#17767,#17768),
.UNSPECIFIED.,.F.,.F.,(4,4),(11.,12.),.UNSPECIFIED.);
#6665=B_SPLINE_CURVE_WITH_KNOTS('',3,(#17769,#17770,#17771,#17772),
.UNSPECIFIED.,.F.,.F.,(4,4),(10.,11.),.UNSPECIFIED.);
#6666=B_SPLINE_CURVE_WITH_KNOTS('',3,(#17773,#17774,#17775,#17776),
.UNSPECIFIED.,.F.,.F.,(4,4),(9.,10.),.UNSPECIFIED.);
#6667=B_SPLINE_CURVE_WITH_KNOTS('',3,(#17777,#17778,#17779,#17780),
.UNSPECIFIED.,.F.,.F.,(4,4),(8.,9.),.UNSPECIFIED.);
#6668=B_SPLINE_CURVE_WITH_KNOTS('',3,(#17781,#17782,#17783,#17784),
.UNSPECIFIED.,.F.,.F.,(4,4),(7.,8.),.UNSPECIFIED.);
#6669=B_SPLINE_CURVE_WITH_KNOTS('',3,(#17785,#17786,#17787,#17788),
.UNSPECIFIED.,.F.,.F.,(4,4),(6.,7.),.UNSPECIFIED.);
#6670=B_SPLINE_CURVE_WITH_KNOTS('',3,(#17789,#17790,#17791,#17792),
.UNSPECIFIED.,.F.,.F.,(4,4),(5.,6.),.UNSPECIFIED.);
#6671=B_SPLINE_CURVE_WITH_KNOTS('',3,(#17793,#17794,#17795,#17796),
.UNSPECIFIED.,.F.,.F.,(4,4),(4.,5.),.UNSPECIFIED.);
#6672=B_SPLINE_CURVE_WITH_KNOTS('',3,(#17797,#17798,#17799,#17800),
.UNSPECIFIED.,.F.,.F.,(4,4),(3.,4.),.UNSPECIFIED.);
#6673=B_SPLINE_CURVE_WITH_KNOTS('',3,(#17801,#17802,#17803,#17804),
.UNSPECIFIED.,.F.,.F.,(4,4),(2.,3.),.UNSPECIFIED.);
#6674=B_SPLINE_CURVE_WITH_KNOTS('',3,(#17805,#17806,#17807,#17808),
.UNSPECIFIED.,.F.,.F.,(4,4),(1.,2.),.UNSPECIFIED.);
#6675=B_SPLINE_CURVE_WITH_KNOTS('',3,(#17809,#17810,#17811,#17812),
.UNSPECIFIED.,.F.,.F.,(4,4),(0.,1.),.UNSPECIFIED.);
#6676=B_SPLINE_CURVE_WITH_KNOTS('',3,(#17813,#17814,#17815,#17816),
.UNSPECIFIED.,.F.,.F.,(4,4),(18.,19.),.UNSPECIFIED.);
#6677=B_SPLINE_CURVE_WITH_KNOTS('',3,(#17817,#17818,#17819,#17820),
.UNSPECIFIED.,.F.,.F.,(4,4),(17.,18.),.UNSPECIFIED.);
#6678=B_SPLINE_CURVE_WITH_KNOTS('',3,(#17821,#17822,#17823,#17824),
.UNSPECIFIED.,.F.,.F.,(4,4),(16.,17.),.UNSPECIFIED.);
#6679=B_SPLINE_CURVE_WITH_KNOTS('',3,(#17825,#17826,#17827,#17828),
.UNSPECIFIED.,.F.,.F.,(4,4),(15.,16.),.UNSPECIFIED.);
#6680=B_SPLINE_CURVE_WITH_KNOTS('',3,(#17829,#17830,#17831,#17832),
.UNSPECIFIED.,.F.,.F.,(4,4),(14.,15.),.UNSPECIFIED.);
#6681=B_SPLINE_CURVE_WITH_KNOTS('',3,(#17833,#17834,#17835,#17836),
.UNSPECIFIED.,.F.,.F.,(4,4),(13.,14.),.UNSPECIFIED.);
#6682=B_SPLINE_CURVE_WITH_KNOTS('',3,(#17837,#17838,#17839,#17840),
.UNSPECIFIED.,.F.,.F.,(4,4),(12.,13.),.UNSPECIFIED.);
#6683=B_SPLINE_CURVE_WITH_KNOTS('',3,(#17841,#17842,#17843,#17844),
.UNSPECIFIED.,.F.,.F.,(4,4),(11.,12.),.UNSPECIFIED.);
#6684=B_SPLINE_CURVE_WITH_KNOTS('',3,(#17845,#17846,#17847,#17848),
.UNSPECIFIED.,.F.,.F.,(4,4),(10.,11.),.UNSPECIFIED.);
#6685=B_SPLINE_CURVE_WITH_KNOTS('',3,(#17849,#17850,#17851,#17852),
.UNSPECIFIED.,.F.,.F.,(4,4),(9.,10.),.UNSPECIFIED.);
#6686=B_SPLINE_CURVE_WITH_KNOTS('',3,(#17853,#17854,#17855,#17856),
.UNSPECIFIED.,.F.,.F.,(4,4),(8.,9.),.UNSPECIFIED.);
#6687=B_SPLINE_CURVE_WITH_KNOTS('',3,(#17857,#17858,#17859,#17860),
.UNSPECIFIED.,.F.,.F.,(4,4),(7.,8.),.UNSPECIFIED.);
#6688=B_SPLINE_CURVE_WITH_KNOTS('',3,(#17861,#17862,#17863,#17864),
.UNSPECIFIED.,.F.,.F.,(4,4),(6.,7.),.UNSPECIFIED.);
#6689=B_SPLINE_CURVE_WITH_KNOTS('',3,(#17865,#17866,#17867,#17868),
.UNSPECIFIED.,.F.,.F.,(4,4),(5.,6.),.UNSPECIFIED.);
#6690=B_SPLINE_CURVE_WITH_KNOTS('',3,(#17869,#17870,#17871,#17872),
.UNSPECIFIED.,.F.,.F.,(4,4),(4.,5.),.UNSPECIFIED.);
#6691=B_SPLINE_CURVE_WITH_KNOTS('',3,(#17873,#17874,#17875,#17876),
.UNSPECIFIED.,.F.,.F.,(4,4),(3.,4.),.UNSPECIFIED.);
#6692=B_SPLINE_CURVE_WITH_KNOTS('',3,(#17877,#17878,#17879,#17880),
.UNSPECIFIED.,.F.,.F.,(4,4),(2.,3.),.UNSPECIFIED.);
#6693=B_SPLINE_CURVE_WITH_KNOTS('',3,(#17881,#17882,#17883,#17884),
.UNSPECIFIED.,.F.,.F.,(4,4),(1.,2.),.UNSPECIFIED.);
#6694=B_SPLINE_CURVE_WITH_KNOTS('',3,(#17885,#17886,#17887,#17888),
.UNSPECIFIED.,.F.,.F.,(4,4),(0.,1.),.UNSPECIFIED.);
#6695=B_SPLINE_CURVE_WITH_KNOTS('',3,(#17889,#17890,#17891,#17892),
.UNSPECIFIED.,.F.,.F.,(4,4),(18.,19.),.UNSPECIFIED.);
#6696=B_SPLINE_CURVE_WITH_KNOTS('',3,(#17898,#17899,#17900,#17901),
.UNSPECIFIED.,.F.,.F.,(4,4),(0.,1.),.UNSPECIFIED.);
#6697=B_SPLINE_CURVE_WITH_KNOTS('',3,(#17909,#17910,#17911,#17912),
.UNSPECIFIED.,.F.,.F.,(4,4),(0.,1.),.UNSPECIFIED.);
#6698=B_SPLINE_CURVE_WITH_KNOTS('',3,(#17942,#17943,#17944,#17945),
.UNSPECIFIED.,.F.,.F.,(4,4),(0.,1.),.UNSPECIFIED.);
#6699=B_SPLINE_CURVE_WITH_KNOTS('',3,(#17975,#17976,#17977,#17978),
.UNSPECIFIED.,.F.,.F.,(4,4),(0.,1.),.UNSPECIFIED.);
#6700=B_SPLINE_CURVE_WITH_KNOTS('',3,(#18028,#18029,#18030,#18031),
.UNSPECIFIED.,.F.,.F.,(4,4),(0.,1.),.UNSPECIFIED.);
#6701=B_SPLINE_CURVE_WITH_KNOTS('',3,(#18061,#18062,#18063,#18064),
.UNSPECIFIED.,.F.,.F.,(4,4),(0.,1.),.UNSPECIFIED.);
#6702=B_SPLINE_CURVE_WITH_KNOTS('',3,(#18083,#18084,#18085,#18086),
.UNSPECIFIED.,.F.,.F.,(4,4),(0.,1.),.UNSPECIFIED.);
#6703=B_SPLINE_CURVE_WITH_KNOTS('',3,(#18105,#18106,#18107,#18108),
.UNSPECIFIED.,.F.,.F.,(4,4),(0.,1.),.UNSPECIFIED.);
#6704=B_SPLINE_CURVE_WITH_KNOTS('',3,(#18138,#18139,#18140,#18141),
.UNSPECIFIED.,.F.,.F.,(4,4),(0.,1.),.UNSPECIFIED.);
#6705=B_SPLINE_CURVE_WITH_KNOTS('',3,(#18193,#18194,#18195,#18196),
.UNSPECIFIED.,.F.,.F.,(4,4),(0.,1.),.UNSPECIFIED.);
#6706=B_SPLINE_CURVE_WITH_KNOTS('',3,(#18215,#18216,#18217,#18218),
.UNSPECIFIED.,.F.,.F.,(4,4),(0.,1.),.UNSPECIFIED.);
#6707=B_SPLINE_CURVE_WITH_KNOTS('',3,(#18248,#18249,#18250,#18251),
.UNSPECIFIED.,.F.,.F.,(4,4),(0.,1.),.UNSPECIFIED.);
#6708=B_SPLINE_CURVE_WITH_KNOTS('',3,(#18281,#18282,#18283,#18284),
.UNSPECIFIED.,.F.,.F.,(4,4),(0.,1.),.UNSPECIFIED.);
#6709=B_SPLINE_CURVE_WITH_KNOTS('',3,(#18314,#18315,#18316,#18317),
.UNSPECIFIED.,.F.,.F.,(4,4),(0.,1.),.UNSPECIFIED.);
#6710=B_SPLINE_CURVE_WITH_KNOTS('',3,(#18347,#18348,#18349,#18350),
.UNSPECIFIED.,.F.,.F.,(4,4),(0.,1.),.UNSPECIFIED.);
#6711=B_SPLINE_CURVE_WITH_KNOTS('',3,(#18380,#18381,#18382,#18383),
.UNSPECIFIED.,.F.,.F.,(4,4),(0.,1.),.UNSPECIFIED.);
#6712=B_SPLINE_CURVE_WITH_KNOTS('',3,(#18413,#18414,#18415,#18416),
.UNSPECIFIED.,.F.,.F.,(4,4),(0.,1.),.UNSPECIFIED.);
#6713=B_SPLINE_CURVE_WITH_KNOTS('',3,(#18446,#18447,#18448,#18449),
.UNSPECIFIED.,.F.,.F.,(4,4),(0.,1.),.UNSPECIFIED.);
#6714=B_SPLINE_CURVE_WITH_KNOTS('',3,(#18479,#18480,#18481,#18482),
.UNSPECIFIED.,.F.,.F.,(4,4),(0.,1.),.UNSPECIFIED.);
#6715=B_SPLINE_CURVE_WITH_KNOTS('',3,(#18512,#18513,#18514,#18515),
.UNSPECIFIED.,.F.,.F.,(4,4),(0.,1.),.UNSPECIFIED.);
#6716=B_SPLINE_CURVE_WITH_KNOTS('',3,(#18545,#18546,#18547,#18548),
.UNSPECIFIED.,.F.,.F.,(4,4),(0.,1.),.UNSPECIFIED.);
#6717=B_SPLINE_CURVE_WITH_KNOTS('',3,(#18578,#18579,#18580,#18581),
.UNSPECIFIED.,.F.,.F.,(4,4),(0.,1.),.UNSPECIFIED.);
#6718=B_SPLINE_CURVE_WITH_KNOTS('',3,(#18611,#18612,#18613,#18614),
.UNSPECIFIED.,.F.,.F.,(4,4),(0.,1.),.UNSPECIFIED.);
#6719=B_SPLINE_CURVE_WITH_KNOTS('',3,(#18644,#18645,#18646,#18647),
.UNSPECIFIED.,.F.,.F.,(4,4),(0.,1.),.UNSPECIFIED.);
#6720=B_SPLINE_CURVE_WITH_KNOTS('',3,(#18677,#18678,#18679,#18680),
.UNSPECIFIED.,.F.,.F.,(4,4),(0.,1.),.UNSPECIFIED.);
#6721=B_SPLINE_CURVE_WITH_KNOTS('',3,(#18710,#18711,#18712,#18713),
.UNSPECIFIED.,.F.,.F.,(4,4),(0.,1.),.UNSPECIFIED.);
#6722=B_SPLINE_CURVE_WITH_KNOTS('',3,(#18743,#18744,#18745,#18746),
.UNSPECIFIED.,.F.,.F.,(4,4),(0.,1.),.UNSPECIFIED.);
#6723=B_SPLINE_CURVE_WITH_KNOTS('',3,(#18776,#18777,#18778,#18779),
.UNSPECIFIED.,.F.,.F.,(4,4),(0.,1.),.UNSPECIFIED.);
#6724=B_SPLINE_CURVE_WITH_KNOTS('',3,(#18809,#18810,#18811,#18812),
.UNSPECIFIED.,.F.,.F.,(4,4),(0.,1.),.UNSPECIFIED.);
#6725=B_SPLINE_CURVE_WITH_KNOTS('',3,(#18842,#18843,#18844,#18845),
.UNSPECIFIED.,.F.,.F.,(4,4),(0.,1.),.UNSPECIFIED.);
#6726=B_SPLINE_CURVE_WITH_KNOTS('',3,(#18875,#18876,#18877,#18878),
.UNSPECIFIED.,.F.,.F.,(4,4),(0.,1.),.UNSPECIFIED.);
#6727=B_SPLINE_CURVE_WITH_KNOTS('',3,(#18908,#18909,#18910,#18911),
.UNSPECIFIED.,.F.,.F.,(4,4),(0.,1.),.UNSPECIFIED.);
#6728=B_SPLINE_CURVE_WITH_KNOTS('',3,(#18941,#18942,#18943,#18944),
.UNSPECIFIED.,.F.,.F.,(4,4),(0.,1.),.UNSPECIFIED.);
#6729=B_SPLINE_CURVE_WITH_KNOTS('',3,(#18974,#18975,#18976,#18977),
.UNSPECIFIED.,.F.,.F.,(4,4),(0.,1.),.UNSPECIFIED.);
#6730=B_SPLINE_CURVE_WITH_KNOTS('',3,(#19007,#19008,#19009,#19010),
.UNSPECIFIED.,.F.,.F.,(4,4),(0.,1.),.UNSPECIFIED.);
#6731=B_SPLINE_CURVE_WITH_KNOTS('',3,(#19040,#19041,#19042,#19043),
.UNSPECIFIED.,.F.,.F.,(4,4),(0.,1.),.UNSPECIFIED.);
#6732=B_SPLINE_CURVE_WITH_KNOTS('',3,(#19073,#19074,#19075,#19076),
.UNSPECIFIED.,.F.,.F.,(4,4),(0.,1.),.UNSPECIFIED.);
#6733=B_SPLINE_CURVE_WITH_KNOTS('',3,(#19106,#19107,#19108,#19109),
.UNSPECIFIED.,.F.,.F.,(4,4),(0.,1.),.UNSPECIFIED.);
#6734=B_SPLINE_CURVE_WITH_KNOTS('',3,(#19139,#19140,#19141,#19142),
.UNSPECIFIED.,.F.,.F.,(4,4),(0.,1.),.UNSPECIFIED.);
#6735=B_SPLINE_CURVE_WITH_KNOTS('',3,(#19172,#19173,#19174,#19175),
.UNSPECIFIED.,.F.,.F.,(4,4),(0.,1.),.UNSPECIFIED.);
#6736=B_SPLINE_CURVE_WITH_KNOTS('',3,(#19205,#19206,#19207,#19208),
.UNSPECIFIED.,.F.,.F.,(4,4),(0.,1.),.UNSPECIFIED.);
#6737=B_SPLINE_CURVE_WITH_KNOTS('',3,(#19238,#19239,#19240,#19241),
.UNSPECIFIED.,.F.,.F.,(4,4),(0.,1.),.UNSPECIFIED.);
#6738=B_SPLINE_CURVE_WITH_KNOTS('',3,(#19271,#19272,#19273,#19274),
.UNSPECIFIED.,.F.,.F.,(4,4),(0.,1.),.UNSPECIFIED.);
#6739=B_SPLINE_CURVE_WITH_KNOTS('',3,(#19304,#19305,#19306,#19307),
.UNSPECIFIED.,.F.,.F.,(4,4),(0.,1.),.UNSPECIFIED.);
#6740=B_SPLINE_CURVE_WITH_KNOTS('',3,(#19337,#19338,#19339,#19340),
.UNSPECIFIED.,.F.,.F.,(4,4),(0.,1.),.UNSPECIFIED.);
#6741=B_SPLINE_CURVE_WITH_KNOTS('',3,(#19370,#19371,#19372,#19373),
.UNSPECIFIED.,.F.,.F.,(4,4),(0.,1.),.UNSPECIFIED.);
#6742=B_SPLINE_CURVE_WITH_KNOTS('',3,(#19403,#19404,#19405,#19406),
.UNSPECIFIED.,.F.,.F.,(4,4),(0.,1.),.UNSPECIFIED.);
#6743=B_SPLINE_CURVE_WITH_KNOTS('',3,(#19436,#19437,#19438,#19439),
.UNSPECIFIED.,.F.,.F.,(4,4),(0.,1.),.UNSPECIFIED.);
#6744=B_SPLINE_CURVE_WITH_KNOTS('',3,(#19469,#19470,#19471,#19472),
.UNSPECIFIED.,.F.,.F.,(4,4),(0.,1.),.UNSPECIFIED.);
#6745=B_SPLINE_CURVE_WITH_KNOTS('',3,(#19502,#19503,#19504,#19505),
.UNSPECIFIED.,.F.,.F.,(4,4),(0.,1.),.UNSPECIFIED.);
#6746=B_SPLINE_CURVE_WITH_KNOTS('',3,(#19535,#19536,#19537,#19538),
.UNSPECIFIED.,.F.,.F.,(4,4),(0.,1.),.UNSPECIFIED.);
#6747=EDGE_CURVE('',#11783,#11802,#8496,.T.);
#6748=EDGE_CURVE('',#11782,#11801,#8497,.T.);
#6749=EDGE_CURVE('',#11781,#11800,#8498,.T.);
#6750=EDGE_CURVE('',#11780,#11799,#8499,.T.);
#6751=EDGE_CURVE('',#11779,#11798,#8500,.T.);
#6752=EDGE_CURVE('',#11778,#11797,#8501,.T.);
#6753=EDGE_CURVE('',#11777,#11796,#8502,.T.);
#6754=EDGE_CURVE('',#11776,#11795,#8503,.T.);
#6755=EDGE_CURVE('',#11775,#11794,#8504,.T.);
#6756=EDGE_CURVE('',#11774,#11793,#8505,.T.);
#6757=EDGE_CURVE('',#11773,#11792,#8506,.T.);
#6758=EDGE_CURVE('',#11772,#11791,#8507,.T.);
#6759=EDGE_CURVE('',#11771,#11790,#8508,.T.);
#6760=EDGE_CURVE('',#11770,#11789,#8509,.T.);
#6761=EDGE_CURVE('',#11769,#11788,#8510,.T.);
#6762=EDGE_CURVE('',#11768,#11787,#8511,.T.);
#6763=EDGE_CURVE('',#11740,#11855,#8512,.T.);
#6764=EDGE_CURVE('',#11856,#11838,#8513,.T.);
#6765=EDGE_CURVE('',#11839,#11748,#8514,.T.);
#6766=EDGE_CURVE('',#11747,#11845,#8515,.T.);
#6767=EDGE_CURVE('',#11846,#11823,#8516,.T.);
#6768=EDGE_CURVE('',#11824,#11755,#8517,.T.);
#6769=EDGE_CURVE('',#11754,#11830,#8518,.T.);
#6770=EDGE_CURVE('',#11831,#11808,#8519,.T.);
#6771=EDGE_CURVE('',#11809,#11762,#8520,.T.);
#6772=EDGE_CURVE('',#11761,#11815,#8521,.T.);
#6773=EDGE_CURVE('',#11816,#11803,#8522,.T.);
#6774=EDGE_CURVE('',#11804,#11412,#8523,.T.);
#6775=EDGE_CURVE('',#11411,#12566,#8524,.T.);
#6776=EDGE_CURVE('',#12567,#12549,#8525,.T.);
#6777=EDGE_CURVE('',#12550,#11418,#8526,.T.);
#6778=EDGE_CURVE('',#11417,#12556,#8527,.T.);
#6779=EDGE_CURVE('',#12557,#12534,#8528,.T.);
#6780=EDGE_CURVE('',#12535,#11425,#8529,.T.);
#6781=EDGE_CURVE('',#11424,#12541,#8530,.T.);
#6782=EDGE_CURVE('',#12542,#12519,#8531,.T.);
#6783=EDGE_CURVE('',#12520,#11432,#8532,.T.);
#6784=EDGE_CURVE('',#11431,#12526,#8533,.T.);
#6785=EDGE_CURVE('',#12527,#12504,#8534,.T.);
#6786=EDGE_CURVE('',#12505,#11439,#8535,.T.);
#6787=EDGE_CURVE('',#11438,#12511,#8536,.T.);
#6788=EDGE_CURVE('',#12512,#12489,#8537,.T.);
#6789=EDGE_CURVE('',#12490,#11446,#8538,.T.);
#6790=EDGE_CURVE('',#11445,#12496,#8539,.T.);
#6791=EDGE_CURVE('',#12497,#12474,#8540,.T.);
#6792=EDGE_CURVE('',#12475,#11453,#8541,.T.);
#6793=EDGE_CURVE('',#11452,#12481,#8542,.T.);
#6794=EDGE_CURVE('',#12482,#12459,#8543,.T.);
#6795=EDGE_CURVE('',#12460,#11460,#8544,.T.);
#6796=EDGE_CURVE('',#11459,#12466,#8545,.T.);
#6797=EDGE_CURVE('',#12467,#12444,#8546,.T.);
#6798=EDGE_CURVE('',#12445,#11467,#8547,.T.);
#6799=EDGE_CURVE('',#11466,#12451,#8548,.T.);
#6800=EDGE_CURVE('',#12452,#12429,#8549,.T.);
#6801=EDGE_CURVE('',#12430,#11474,#8550,.T.);
#6802=EDGE_CURVE('',#11473,#12436,#8551,.T.);
#6803=EDGE_CURVE('',#12437,#12414,#8552,.T.);
#6804=EDGE_CURVE('',#12415,#11481,#8553,.T.);
#6805=EDGE_CURVE('',#11480,#12421,#8554,.T.);
#6806=EDGE_CURVE('',#12422,#12399,#8555,.T.);
#6807=EDGE_CURVE('',#12400,#11488,#8556,.T.);
#6808=EDGE_CURVE('',#11487,#12406,#8557,.T.);
#6809=EDGE_CURVE('',#12407,#12384,#8558,.T.);
#6810=EDGE_CURVE('',#12385,#11495,#8559,.T.);
#6811=EDGE_CURVE('',#11494,#12391,#8560,.T.);
#6812=EDGE_CURVE('',#12392,#12369,#8561,.T.);
#6813=EDGE_CURVE('',#12370,#11502,#8562,.T.);
#6814=EDGE_CURVE('',#11501,#12376,#8563,.T.);
#6815=EDGE_CURVE('',#12377,#12354,#8564,.T.);
#6816=EDGE_CURVE('',#12355,#11509,#8565,.T.);
#6817=EDGE_CURVE('',#11508,#12361,#8566,.T.);
#6818=EDGE_CURVE('',#12362,#12339,#8567,.T.);
#6819=EDGE_CURVE('',#12340,#11516,#8568,.T.);
#6820=EDGE_CURVE('',#11515,#12346,#8569,.T.);
#6821=EDGE_CURVE('',#12347,#12324,#8570,.T.);
#6822=EDGE_CURVE('',#12325,#11523,#8571,.T.);
#6823=EDGE_CURVE('',#11522,#12331,#8572,.T.);
#6824=EDGE_CURVE('',#12332,#12309,#8573,.T.);
#6825=EDGE_CURVE('',#12310,#11530,#8574,.T.);
#6826=EDGE_CURVE('',#11529,#12316,#8575,.T.);
#6827=EDGE_CURVE('',#12317,#12294,#8576,.T.);
#6828=EDGE_CURVE('',#12295,#11537,#8577,.T.);
#6829=EDGE_CURVE('',#11536,#12301,#8578,.T.);
#6830=EDGE_CURVE('',#12302,#12279,#8579,.T.);
#6831=EDGE_CURVE('',#12280,#11544,#8580,.T.);
#6832=EDGE_CURVE('',#11543,#12286,#8581,.T.);
#6833=EDGE_CURVE('',#12287,#12264,#8582,.T.);
#6834=EDGE_CURVE('',#12265,#11551,#8583,.T.);
#6835=EDGE_CURVE('',#11550,#12271,#8584,.T.);
#6836=EDGE_CURVE('',#12272,#12249,#8585,.T.);
#6837=EDGE_CURVE('',#12250,#11558,#8586,.T.);
#6838=EDGE_CURVE('',#11557,#12256,#8587,.T.);
#6839=EDGE_CURVE('',#12257,#12234,#8588,.T.);
#6840=EDGE_CURVE('',#12235,#11565,#8589,.T.);
#6841=EDGE_CURVE('',#11564,#12241,#8590,.T.);
#6842=EDGE_CURVE('',#12242,#12219,#8591,.T.);
#6843=EDGE_CURVE('',#12220,#11572,#8592,.T.);
#6844=EDGE_CURVE('',#11571,#12226,#8593,.T.);
#6845=EDGE_CURVE('',#12227,#12204,#8594,.T.);
#6846=EDGE_CURVE('',#12205,#11579,#8595,.T.);
#6847=EDGE_CURVE('',#11578,#12211,#8596,.T.);
#6848=EDGE_CURVE('',#12212,#12189,#8597,.T.);
#6849=EDGE_CURVE('',#12190,#11586,#8598,.T.);
#6850=EDGE_CURVE('',#11585,#12196,#8599,.T.);
#6851=EDGE_CURVE('',#12197,#12174,#8600,.T.);
#6852=EDGE_CURVE('',#12175,#11593,#8601,.T.);
#6853=EDGE_CURVE('',#11592,#12181,#8602,.T.);
#6854=EDGE_CURVE('',#12182,#12159,#8603,.T.);
#6855=EDGE_CURVE('',#12160,#11600,#8604,.T.);
#6856=EDGE_CURVE('',#11599,#12166,#8605,.T.);
#6857=EDGE_CURVE('',#12167,#12144,#8606,.T.);
#6858=EDGE_CURVE('',#12145,#11607,#8607,.T.);
#6859=EDGE_CURVE('',#11606,#12151,#8608,.T.);
#6860=EDGE_CURVE('',#12152,#12129,#8609,.T.);
#6861=EDGE_CURVE('',#12130,#11614,#8610,.T.);
#6862=EDGE_CURVE('',#11613,#12136,#8611,.T.);
#6863=EDGE_CURVE('',#12137,#12114,#8612,.T.);
#6864=EDGE_CURVE('',#12115,#11621,#8613,.T.);
#6865=EDGE_CURVE('',#11620,#12121,#8614,.T.);
#6866=EDGE_CURVE('',#12122,#12099,#8615,.T.);
#6867=EDGE_CURVE('',#12100,#11628,#8616,.T.);
#6868=EDGE_CURVE('',#11627,#12106,#8617,.T.);
#6869=EDGE_CURVE('',#12107,#12084,#8618,.T.);
#6870=EDGE_CURVE('',#12085,#11635,#8619,.T.);
#6871=EDGE_CURVE('',#11634,#12091,#8620,.T.);
#6872=EDGE_CURVE('',#12092,#12069,#8621,.T.);
#6873=EDGE_CURVE('',#12070,#11642,#8622,.T.);
#6874=EDGE_CURVE('',#11641,#12076,#8623,.T.);
#6875=EDGE_CURVE('',#12077,#12054,#8624,.T.);
#6876=EDGE_CURVE('',#12055,#11649,#8625,.T.);
#6877=EDGE_CURVE('',#11648,#12061,#8626,.T.);
#6878=EDGE_CURVE('',#12062,#12039,#8627,.T.);
#6879=EDGE_CURVE('',#12040,#11656,#8628,.T.);
#6880=EDGE_CURVE('',#11655,#12046,#8629,.T.);
#6881=EDGE_CURVE('',#12047,#12024,#8630,.T.);
#6882=EDGE_CURVE('',#12025,#11663,#8631,.T.);
#6883=EDGE_CURVE('',#11662,#12031,#8632,.T.);
#6884=EDGE_CURVE('',#12032,#12009,#8633,.T.);
#6885=EDGE_CURVE('',#12010,#11670,#8634,.T.);
#6886=EDGE_CURVE('',#11669,#12016,#8635,.T.);
#6887=EDGE_CURVE('',#12017,#11994,#8636,.T.);
#6888=EDGE_CURVE('',#11995,#11677,#8637,.T.);
#6889=EDGE_CURVE('',#11676,#12001,#8638,.T.);
#6890=EDGE_CURVE('',#12002,#11979,#8639,.T.);
#6891=EDGE_CURVE('',#11980,#11684,#8640,.T.);
#6892=EDGE_CURVE('',#11683,#11986,#8641,.T.);
#6893=EDGE_CURVE('',#11987,#11964,#8642,.T.);
#6894=EDGE_CURVE('',#11965,#11691,#8643,.T.);
#6895=EDGE_CURVE('',#11690,#11971,#8644,.T.);
#6896=EDGE_CURVE('',#11972,#11949,#8645,.T.);
#6897=EDGE_CURVE('',#11950,#11698,#8646,.T.);
#6898=EDGE_CURVE('',#11697,#11956,#8647,.T.);
#6899=EDGE_CURVE('',#11957,#11941,#8648,.T.);
#6900=EDGE_CURVE('',#11942,#11711,#8649,.T.);
#6901=EDGE_CURVE('',#11710,#11933,#8650,.T.);
#6902=EDGE_CURVE('',#11934,#11916,#8651,.T.);
#6903=EDGE_CURVE('',#11917,#11717,#8652,.T.);
#6904=EDGE_CURVE('',#11716,#11923,#8653,.T.);
#6905=EDGE_CURVE('',#11924,#11901,#8654,.T.);
#6906=EDGE_CURVE('',#11902,#11724,#8655,.T.);
#6907=EDGE_CURVE('',#11723,#11908,#8656,.T.);
#6908=EDGE_CURVE('',#11909,#11889,#8657,.T.);
#6909=EDGE_CURVE('',#11890,#11705,#8658,.T.);
#6910=EDGE_CURVE('',#11704,#11896,#8659,.T.);
#6911=EDGE_CURVE('',#11897,#11862,#8660,.T.);
#6912=EDGE_CURVE('',#11863,#11735,#8661,.T.);
#6913=EDGE_CURVE('',#11734,#11869,#8662,.T.);
#6914=EDGE_CURVE('',#11870,#11877,#8663,.T.);
#6915=EDGE_CURVE('',#11878,#11884,#8664,.T.);
#6916=EDGE_CURVE('',#11885,#11786,#8665,.T.);
#6917=EDGE_CURVE('',#11767,#11785,#8666,.T.);
#6918=EDGE_CURVE('',#11766,#11784,#8667,.T.);
#6919=EDGE_CURVE('',#11767,#11766,#6658,.T.);
#6920=EDGE_CURVE('',#11742,#11767,#6659,.T.);
#6921=EDGE_CURVE('',#11768,#11741,#6660,.T.);
#6922=EDGE_CURVE('',#11769,#11768,#6661,.T.);
#6923=EDGE_CURVE('',#11770,#11769,#6662,.T.);
#6924=EDGE_CURVE('',#11771,#11770,#6663,.T.);
#6925=EDGE_CURVE('',#11772,#11771,#6664,.T.);
#6926=EDGE_CURVE('',#11773,#11772,#6665,.T.);
#6927=EDGE_CURVE('',#11774,#11773,#6666,.T.);
#6928=EDGE_CURVE('',#11775,#11774,#6667,.T.);
#6929=EDGE_CURVE('',#11776,#11775,#6668,.T.);
#6930=EDGE_CURVE('',#11777,#11776,#6669,.T.);
#6931=EDGE_CURVE('',#11778,#11777,#6670,.T.);
#6932=EDGE_CURVE('',#11779,#11778,#6671,.T.);
#6933=EDGE_CURVE('',#11780,#11779,#6672,.T.);
#6934=EDGE_CURVE('',#11781,#11780,#6673,.T.);
#6935=EDGE_CURVE('',#11782,#11781,#6674,.T.);
#6936=EDGE_CURVE('',#11783,#11782,#6675,.T.);
#6937=EDGE_CURVE('',#11766,#11783,#6676,.T.);
#6938=EDGE_CURVE('',#11785,#11784,#6677,.T.);
#6939=EDGE_CURVE('',#11786,#11785,#6678,.T.);
#6940=EDGE_CURVE('',#11787,#11786,#6679,.T.);
#6941=EDGE_CURVE('',#11788,#11787,#6680,.T.);
#6942=EDGE_CURVE('',#11789,#11788,#6681,.T.);
#6943=EDGE_CURVE('',#11790,#11789,#6682,.T.);
#6944=EDGE_CURVE('',#11791,#11790,#6683,.T.);
#6945=EDGE_CURVE('',#11792,#11791,#6684,.T.);
#6946=EDGE_CURVE('',#11793,#11792,#6685,.T.);
#6947=EDGE_CURVE('',#11794,#11793,#6686,.T.);
#6948=EDGE_CURVE('',#11795,#11794,#6687,.T.);
#6949=EDGE_CURVE('',#11796,#11795,#6688,.T.);
#6950=EDGE_CURVE('',#11797,#11796,#6689,.T.);
#6951=EDGE_CURVE('',#11798,#11797,#6690,.T.);
#6952=EDGE_CURVE('',#11799,#11798,#6691,.T.);
#6953=EDGE_CURVE('',#11800,#11799,#6692,.T.);
#6954=EDGE_CURVE('',#11801,#11800,#6693,.T.);
#6955=EDGE_CURVE('',#11802,#11801,#6694,.T.);
#6956=EDGE_CURVE('',#11784,#11802,#6695,.T.);
#6957=EDGE_CURVE('',#11805,#11807,#8668,.T.);
#6958=EDGE_CURVE('',#11804,#11806,#8669,.T.);
#6959=EDGE_CURVE('',#11803,#11765,#8670,.T.);
#6960=EDGE_CURVE('',#11805,#11804,#6454,.T.);
#6961=EDGE_CURVE('',#11803,#11805,#6455,.T.);
#6962=EDGE_CURVE('',#11806,#11765,#6696,.T.);
#6963=EDGE_CURVE('',#11807,#11806,#6456,.T.);
#6964=EDGE_CURVE('',#11765,#11807,#6457,.T.);
#6965=EDGE_CURVE('',#11810,#11812,#8671,.T.);
#6966=EDGE_CURVE('',#11809,#11811,#8672,.T.);
#6967=EDGE_CURVE('',#11808,#11764,#8673,.T.);
#6968=EDGE_CURVE('',#11810,#11809,#6458,.T.);
#6969=EDGE_CURVE('',#11808,#11810,#6459,.T.);
#6970=EDGE_CURVE('',#11811,#11764,#6697,.T.);
#6971=EDGE_CURVE('',#11812,#11811,#6460,.T.);
#6972=EDGE_CURVE('',#11764,#11812,#6461,.T.);
#6973=EDGE_CURVE('',#11816,#11819,#8674,.T.);
#6974=EDGE_CURVE('',#11815,#11763,#8675,.T.);
#6975=EDGE_CURVE('',#11814,#11818,#8676,.T.);
#6976=EDGE_CURVE('',#11813,#11817,#8677,.T.);
#6977=EDGE_CURVE('',#11814,#11813,#8678,.T.);
#6978=EDGE_CURVE('',#11815,#11814,#8679,.T.);
#6979=EDGE_CURVE('',#11813,#11816,#8680,.T.);
#6980=EDGE_CURVE('',#11818,#11817,#8681,.T.);
#6981=EDGE_CURVE('',#11763,#11818,#8682,.T.);
#6982=EDGE_CURVE('',#11819,#11763,#8683,.T.);
#6983=EDGE_CURVE('',#11817,#11819,#8684,.T.);
#6984=EDGE_CURVE('',#11758,#11822,#8685,.T.);
#6985=EDGE_CURVE('',#11759,#11821,#8686,.T.);
#6986=EDGE_CURVE('',#11762,#11760,#8687,.T.);
#6987=EDGE_CURVE('',#11761,#11820,#8688,.T.);
#6988=EDGE_CURVE('',#11759,#11762,#8689,.T.);
#6989=EDGE_CURVE('',#11758,#11759,#8690,.T.);
#6990=EDGE_CURVE('',#11761,#11758,#8691,.T.);
#6991=EDGE_CURVE('',#11760,#11820,#8692,.T.);
#6992=EDGE_CURVE('',#11821,#11760,#8693,.T.);
#6993=EDGE_CURVE('',#11822,#11821,#8694,.T.);
#6994=EDGE_CURVE('',#11820,#11822,#8695,.T.);
#6995=EDGE_CURVE('',#11825,#11827,#8696,.T.);
#6996=EDGE_CURVE('',#11824,#11826,#8697,.T.);
#6997=EDGE_CURVE('',#11823,#11757,#8698,.T.);
#6998=EDGE_CURVE('',#11825,#11824,#6462,.T.);
#6999=EDGE_CURVE('',#11823,#11825,#6463,.T.);
#7000=EDGE_CURVE('',#11826,#11757,#6698,.T.);
#7001=EDGE_CURVE('',#11827,#11826,#6464,.T.);
#7002=EDGE_CURVE('',#11757,#11827,#6465,.T.);
#7003=EDGE_CURVE('',#11831,#11834,#8699,.T.);
#7004=EDGE_CURVE('',#11830,#11756,#8700,.T.);
#7005=EDGE_CURVE('',#11829,#11833,#8701,.T.);
#7006=EDGE_CURVE('',#11828,#11832,#8702,.T.);
#7007=EDGE_CURVE('',#11829,#11828,#8703,.T.);
#7008=EDGE_CURVE('',#11830,#11829,#8704,.T.);
#7009=EDGE_CURVE('',#11828,#11831,#8705,.T.);
#7010=EDGE_CURVE('',#11833,#11832,#8706,.T.);
#7011=EDGE_CURVE('',#11756,#11833,#8707,.T.);
#7012=EDGE_CURVE('',#11834,#11756,#8708,.T.);
#7013=EDGE_CURVE('',#11832,#11834,#8709,.T.);
#7014=EDGE_CURVE('',#11751,#11837,#8710,.T.);
#7015=EDGE_CURVE('',#11752,#11836,#8711,.T.);
#7016=EDGE_CURVE('',#11755,#11753,#8712,.T.);
#7017=EDGE_CURVE('',#11754,#11835,#8713,.T.);
#7018=EDGE_CURVE('',#11752,#11755,#8714,.T.);
#7019=EDGE_CURVE('',#11751,#11752,#8715,.T.);
#7020=EDGE_CURVE('',#11754,#11751,#8716,.T.);
#7021=EDGE_CURVE('',#11753,#11835,#8717,.T.);
#7022=EDGE_CURVE('',#11836,#11753,#8718,.T.);
#7023=EDGE_CURVE('',#11837,#11836,#8719,.T.);
#7024=EDGE_CURVE('',#11835,#11837,#8720,.T.);
#7025=EDGE_CURVE('',#11840,#11842,#8721,.T.);
#7026=EDGE_CURVE('',#11839,#11841,#8722,.T.);
#7027=EDGE_CURVE('',#11838,#11750,#8723,.T.);
#7028=EDGE_CURVE('',#11840,#11839,#6466,.T.);
#7029=EDGE_CURVE('',#11838,#11840,#6467,.T.);
#7030=EDGE_CURVE('',#11841,#11750,#6699,.T.);
#7031=EDGE_CURVE('',#11842,#11841,#6468,.T.);
#7032=EDGE_CURVE('',#11750,#11842,#6469,.T.);
#7033=EDGE_CURVE('',#11846,#11849,#8724,.T.);
#7034=EDGE_CURVE('',#11845,#11749,#8725,.T.);
#7035=EDGE_CURVE('',#11844,#11848,#8726,.T.);
#7036=EDGE_CURVE('',#11843,#11847,#8727,.T.);
#7037=EDGE_CURVE('',#11844,#11843,#8728,.T.);
#7038=EDGE_CURVE('',#11845,#11844,#8729,.T.);
#7039=EDGE_CURVE('',#11843,#11846,#8730,.T.);
#7040=EDGE_CURVE('',#11848,#11847,#8731,.T.);
#7041=EDGE_CURVE('',#11749,#11848,#8732,.T.);
#7042=EDGE_CURVE('',#11849,#11749,#8733,.T.);
#7043=EDGE_CURVE('',#11847,#11849,#8734,.T.);
#7044=EDGE_CURVE('',#11744,#11852,#8735,.T.);
#7045=EDGE_CURVE('',#11745,#11851,#8736,.T.);
#7046=EDGE_CURVE('',#11748,#11746,#8737,.T.);
#7047=EDGE_CURVE('',#11747,#11850,#8738,.T.);
#7048=EDGE_CURVE('',#11745,#11748,#8739,.T.);
#7049=EDGE_CURVE('',#11744,#11745,#8740,.T.);
#7050=EDGE_CURVE('',#11747,#11744,#8741,.T.);
#7051=EDGE_CURVE('',#11746,#11850,#8742,.T.);
#7052=EDGE_CURVE('',#11851,#11746,#8743,.T.);
#7053=EDGE_CURVE('',#11852,#11851,#8744,.T.);
#7054=EDGE_CURVE('',#11850,#11852,#8745,.T.);
#7055=EDGE_CURVE('',#11856,#11859,#8746,.T.);
#7056=EDGE_CURVE('',#11855,#11743,#8747,.T.);
#7057=EDGE_CURVE('',#11854,#11858,#8748,.T.);
#7058=EDGE_CURVE('',#11853,#11857,#8749,.T.);
#7059=EDGE_CURVE('',#11854,#11853,#8750,.T.);
#7060=EDGE_CURVE('',#11855,#11854,#8751,.T.);
#7061=EDGE_CURVE('',#11853,#11856,#8752,.T.);
#7062=EDGE_CURVE('',#11858,#11857,#8753,.T.);
#7063=EDGE_CURVE('',#11743,#11858,#8754,.T.);
#7064=EDGE_CURVE('',#11859,#11743,#8755,.T.);
#7065=EDGE_CURVE('',#11857,#11859,#8756,.T.);
#7066=EDGE_CURVE('',#11738,#11861,#8757,.T.);
#7067=EDGE_CURVE('',#11741,#11860,#8758,.T.);
#7068=EDGE_CURVE('',#11740,#11739,#8759,.T.);
#7069=EDGE_CURVE('',#11738,#11741,#8760,.T.);
#7070=EDGE_CURVE('',#11740,#11738,#8761,.T.);
#7071=EDGE_CURVE('',#11742,#11739,#8762,.T.);
#7072=EDGE_CURVE('',#11860,#11742,#8763,.T.);
#7073=EDGE_CURVE('',#11861,#11860,#8764,.T.);
#7074=EDGE_CURVE('',#11739,#11861,#8765,.T.);
#7075=EDGE_CURVE('',#11864,#11866,#8766,.T.);
#7076=EDGE_CURVE('',#11863,#11865,#8767,.T.);
#7077=EDGE_CURVE('',#11862,#11737,#8768,.T.);
#7078=EDGE_CURVE('',#11864,#11863,#6470,.T.);
#7079=EDGE_CURVE('',#11862,#11864,#6471,.T.);
#7080=EDGE_CURVE('',#11865,#11737,#6700,.T.);
#7081=EDGE_CURVE('',#11866,#11865,#6472,.T.);
#7082=EDGE_CURVE('',#11737,#11866,#6473,.T.);
#7083=EDGE_CURVE('',#11870,#11873,#8769,.T.);
#7084=EDGE_CURVE('',#11869,#11736,#8770,.T.);
#7085=EDGE_CURVE('',#11868,#11872,#8771,.T.);
#7086=EDGE_CURVE('',#11867,#11871,#8772,.T.);
#7087=EDGE_CURVE('',#11868,#11867,#8773,.T.);
#7088=EDGE_CURVE('',#11869,#11868,#8774,.T.);
#7089=EDGE_CURVE('',#11867,#11870,#8775,.T.);
#7090=EDGE_CURVE('',#11872,#11871,#8776,.T.);
#7091=EDGE_CURVE('',#11736,#11872,#8777,.T.);
#7092=EDGE_CURVE('',#11873,#11736,#8778,.T.);
#7093=EDGE_CURVE('',#11871,#11873,#8779,.T.);
#7094=EDGE_CURVE('',#11731,#11876,#8780,.T.);
#7095=EDGE_CURVE('',#11732,#11875,#8781,.T.);
#7096=EDGE_CURVE('',#11735,#11733,#8782,.T.);
#7097=EDGE_CURVE('',#11734,#11874,#8783,.T.);
#7098=EDGE_CURVE('',#11732,#11735,#8784,.T.);
#7099=EDGE_CURVE('',#11731,#11732,#8785,.T.);
#7100=EDGE_CURVE('',#11734,#11731,#8786,.T.);
#7101=EDGE_CURVE('',#11733,#11874,#8787,.T.);
#7102=EDGE_CURVE('',#11875,#11733,#8788,.T.);
#7103=EDGE_CURVE('',#11876,#11875,#8789,.T.);
#7104=EDGE_CURVE('',#11874,#11876,#8790,.T.);
#7105=EDGE_CURVE('',#11879,#11881,#8791,.T.);
#7106=EDGE_CURVE('',#11878,#11880,#8792,.T.);
#7107=EDGE_CURVE('',#11877,#11730,#8793,.T.);
#7108=EDGE_CURVE('',#11879,#11878,#6474,.T.);
#7109=EDGE_CURVE('',#11877,#11879,#6475,.T.);
#7110=EDGE_CURVE('',#11880,#11730,#6701,.T.);
#7111=EDGE_CURVE('',#11881,#11880,#6476,.T.);
#7112=EDGE_CURVE('',#11730,#11881,#6477,.T.);
#7113=EDGE_CURVE('',#11885,#11888,#8794,.T.);
#7114=EDGE_CURVE('',#11884,#11729,#8795,.T.);
#7115=EDGE_CURVE('',#11883,#11887,#8796,.T.);
#7116=EDGE_CURVE('',#11882,#11886,#8797,.T.);
#7117=EDGE_CURVE('',#11883,#11882,#8798,.T.);
#7118=EDGE_CURVE('',#11884,#11883,#8799,.T.);
#7119=EDGE_CURVE('',#11882,#11885,#8800,.T.);
#7120=EDGE_CURVE('',#11887,#11886,#8801,.T.);
#7121=EDGE_CURVE('',#11729,#11887,#8802,.T.);
#7122=EDGE_CURVE('',#11888,#11729,#8803,.T.);
#7123=EDGE_CURVE('',#11886,#11888,#8804,.T.);
#7124=EDGE_CURVE('',#11891,#11893,#8805,.T.);
#7125=EDGE_CURVE('',#11890,#11892,#8806,.T.);
#7126=EDGE_CURVE('',#11889,#11728,#8807,.T.);
#7127=EDGE_CURVE('',#11891,#11890,#6478,.T.);
#7128=EDGE_CURVE('',#11889,#11891,#6479,.T.);
#7129=EDGE_CURVE('',#11892,#11728,#6702,.T.);
#7130=EDGE_CURVE('',#11893,#11892,#6480,.T.);
#7131=EDGE_CURVE('',#11728,#11893,#6481,.T.);
#7132=EDGE_CURVE('',#11897,#11900,#8808,.T.);
#7133=EDGE_CURVE('',#11896,#11727,#8809,.T.);
#7134=EDGE_CURVE('',#11895,#11899,#8810,.T.);
#7135=EDGE_CURVE('',#11894,#11898,#8811,.T.);
#7136=EDGE_CURVE('',#11895,#11894,#8812,.T.);
#7137=EDGE_CURVE('',#11896,#11895,#8813,.T.);
#7138=EDGE_CURVE('',#11894,#11897,#8814,.T.);
#7139=EDGE_CURVE('',#11899,#11898,#8815,.T.);
#7140=EDGE_CURVE('',#11727,#11899,#8816,.T.);
#7141=EDGE_CURVE('',#11900,#11727,#8817,.T.);
#7142=EDGE_CURVE('',#11898,#11900,#8818,.T.);
#7143=EDGE_CURVE('',#11903,#11905,#8819,.T.);
#7144=EDGE_CURVE('',#11902,#11904,#8820,.T.);
#7145=EDGE_CURVE('',#11901,#11726,#8821,.T.);
#7146=EDGE_CURVE('',#11903,#11902,#6482,.T.);
#7147=EDGE_CURVE('',#11901,#11903,#6483,.T.);
#7148=EDGE_CURVE('',#11904,#11726,#6703,.T.);
#7149=EDGE_CURVE('',#11905,#11904,#6484,.T.);
#7150=EDGE_CURVE('',#11726,#11905,#6485,.T.);
#7151=EDGE_CURVE('',#11909,#11912,#8822,.T.);
#7152=EDGE_CURVE('',#11908,#11725,#8823,.T.);
#7153=EDGE_CURVE('',#11907,#11911,#8824,.T.);
#7154=EDGE_CURVE('',#11906,#11910,#8825,.T.);
#7155=EDGE_CURVE('',#11907,#11906,#8826,.T.);
#7156=EDGE_CURVE('',#11908,#11907,#8827,.T.);
#7157=EDGE_CURVE('',#11906,#11909,#8828,.T.);
#7158=EDGE_CURVE('',#11911,#11910,#8829,.T.);
#7159=EDGE_CURVE('',#11725,#11911,#8830,.T.);
#7160=EDGE_CURVE('',#11912,#11725,#8831,.T.);
#7161=EDGE_CURVE('',#11910,#11912,#8832,.T.);
#7162=EDGE_CURVE('',#11720,#11915,#8833,.T.);
#7163=EDGE_CURVE('',#11721,#11914,#8834,.T.);
#7164=EDGE_CURVE('',#11724,#11722,#8835,.T.);
#7165=EDGE_CURVE('',#11723,#11913,#8836,.T.);
#7166=EDGE_CURVE('',#11721,#11724,#8837,.T.);
#7167=EDGE_CURVE('',#11720,#11721,#8838,.T.);
#7168=EDGE_CURVE('',#11723,#11720,#8839,.T.);
#7169=EDGE_CURVE('',#11722,#11913,#8840,.T.);
#7170=EDGE_CURVE('',#11914,#11722,#8841,.T.);
#7171=EDGE_CURVE('',#11915,#11914,#8842,.T.);
#7172=EDGE_CURVE('',#11913,#11915,#8843,.T.);
#7173=EDGE_CURVE('',#11918,#11920,#8844,.T.);
#7174=EDGE_CURVE('',#11917,#11919,#8845,.T.);
#7175=EDGE_CURVE('',#11916,#11719,#8846,.T.);
#7176=EDGE_CURVE('',#11918,#11917,#6486,.T.);
#7177=EDGE_CURVE('',#11916,#11918,#6487,.T.);
#7178=EDGE_CURVE('',#11919,#11719,#6704,.T.);
#7179=EDGE_CURVE('',#11920,#11919,#6488,.T.);
#7180=EDGE_CURVE('',#11719,#11920,#6489,.T.);
#7181=EDGE_CURVE('',#11924,#11927,#8847,.T.);
#7182=EDGE_CURVE('',#11923,#11718,#8848,.T.);
#7183=EDGE_CURVE('',#11922,#11926,#8849,.T.);
#7184=EDGE_CURVE('',#11921,#11925,#8850,.T.);
#7185=EDGE_CURVE('',#11922,#11921,#8851,.T.);
#7186=EDGE_CURVE('',#11923,#11922,#8852,.T.);
#7187=EDGE_CURVE('',#11921,#11924,#8853,.T.);
#7188=EDGE_CURVE('',#11926,#11925,#8854,.T.);
#7189=EDGE_CURVE('',#11718,#11926,#8855,.T.);
#7190=EDGE_CURVE('',#11927,#11718,#8856,.T.);
#7191=EDGE_CURVE('',#11925,#11927,#8857,.T.);
#7192=EDGE_CURVE('',#11713,#11930,#8858,.T.);
#7193=EDGE_CURVE('',#11714,#11929,#8859,.T.);
#7194=EDGE_CURVE('',#11717,#11715,#8860,.T.);
#7195=EDGE_CURVE('',#11716,#11928,#8861,.T.);
#7196=EDGE_CURVE('',#11714,#11717,#8862,.T.);
#7197=EDGE_CURVE('',#11713,#11714,#8863,.T.);
#7198=EDGE_CURVE('',#11716,#11713,#8864,.T.);
#7199=EDGE_CURVE('',#11715,#11928,#8865,.T.);
#7200=EDGE_CURVE('',#11929,#11715,#8866,.T.);
#7201=EDGE_CURVE('',#11930,#11929,#8867,.T.);
#7202=EDGE_CURVE('',#11928,#11930,#8868,.T.);
#7203=EDGE_CURVE('',#11934,#11937,#8869,.T.);
#7204=EDGE_CURVE('',#11933,#11712,#8870,.T.);
#7205=EDGE_CURVE('',#11932,#11936,#8871,.T.);
#7206=EDGE_CURVE('',#11931,#11935,#8872,.T.);
#7207=EDGE_CURVE('',#11932,#11931,#8873,.T.);
#7208=EDGE_CURVE('',#11933,#11932,#8874,.T.);
#7209=EDGE_CURVE('',#11931,#11934,#8875,.T.);
#7210=EDGE_CURVE('',#11936,#11935,#8876,.T.);
#7211=EDGE_CURVE('',#11712,#11936,#8877,.T.);
#7212=EDGE_CURVE('',#11937,#11712,#8878,.T.);
#7213=EDGE_CURVE('',#11935,#11937,#8879,.T.);
#7214=EDGE_CURVE('',#11707,#11940,#8880,.T.);
#7215=EDGE_CURVE('',#11708,#11939,#8881,.T.);
#7216=EDGE_CURVE('',#11711,#11709,#8882,.T.);
#7217=EDGE_CURVE('',#11710,#11938,#8883,.T.);
#7218=EDGE_CURVE('',#11708,#11711,#8884,.T.);
#7219=EDGE_CURVE('',#11707,#11708,#8885,.T.);
#7220=EDGE_CURVE('',#11710,#11707,#8886,.T.);
#7221=EDGE_CURVE('',#11709,#11938,#8887,.T.);
#7222=EDGE_CURVE('',#11939,#11709,#8888,.T.);
#7223=EDGE_CURVE('',#11940,#11939,#8889,.T.);
#7224=EDGE_CURVE('',#11938,#11940,#8890,.T.);
#7225=EDGE_CURVE('',#11943,#11945,#8891,.T.);
#7226=EDGE_CURVE('',#11942,#11944,#8892,.T.);
#7227=EDGE_CURVE('',#11941,#11706,#8893,.T.);
#7228=EDGE_CURVE('',#11943,#11942,#6490,.T.);
#7229=EDGE_CURVE('',#11941,#11943,#6491,.T.);
#7230=EDGE_CURVE('',#11944,#11706,#6705,.T.);
#7231=EDGE_CURVE('',#11945,#11944,#6492,.T.);
#7232=EDGE_CURVE('',#11706,#11945,#6493,.T.);
#7233=EDGE_CURVE('',#11701,#11948,#8894,.T.);
#7234=EDGE_CURVE('',#11702,#11947,#8895,.T.);
#7235=EDGE_CURVE('',#11705,#11703,#8896,.T.);
#7236=EDGE_CURVE('',#11704,#11946,#8897,.T.);
#7237=EDGE_CURVE('',#11702,#11705,#8898,.T.);
#7238=EDGE_CURVE('',#11701,#11702,#8899,.T.);
#7239=EDGE_CURVE('',#11704,#11701,#8900,.T.);
#7240=EDGE_CURVE('',#11703,#11946,#8901,.T.);
#7241=EDGE_CURVE('',#11947,#11703,#8902,.T.);
#7242=EDGE_CURVE('',#11948,#11947,#8903,.T.);
#7243=EDGE_CURVE('',#11946,#11948,#8904,.T.);
#7244=EDGE_CURVE('',#11951,#11953,#8905,.T.);
#7245=EDGE_CURVE('',#11950,#11952,#8906,.T.);
#7246=EDGE_CURVE('',#11949,#11700,#8907,.T.);
#7247=EDGE_CURVE('',#11951,#11950,#6494,.T.);
#7248=EDGE_CURVE('',#11949,#11951,#6495,.T.);
#7249=EDGE_CURVE('',#11952,#11700,#6706,.T.);
#7250=EDGE_CURVE('',#11953,#11952,#6496,.T.);
#7251=EDGE_CURVE('',#11700,#11953,#6497,.T.);
#7252=EDGE_CURVE('',#11957,#11960,#8908,.T.);
#7253=EDGE_CURVE('',#11956,#11699,#8909,.T.);
#7254=EDGE_CURVE('',#11955,#11959,#8910,.T.);
#7255=EDGE_CURVE('',#11954,#11958,#8911,.T.);
#7256=EDGE_CURVE('',#11955,#11954,#8912,.T.);
#7257=EDGE_CURVE('',#11956,#11955,#8913,.T.);
#7258=EDGE_CURVE('',#11954,#11957,#8914,.T.);
#7259=EDGE_CURVE('',#11959,#11958,#8915,.T.);
#7260=EDGE_CURVE('',#11699,#11959,#8916,.T.);
#7261=EDGE_CURVE('',#11960,#11699,#8917,.T.);
#7262=EDGE_CURVE('',#11958,#11960,#8918,.T.);
#7263=EDGE_CURVE('',#11694,#11963,#8919,.T.);
#7264=EDGE_CURVE('',#11695,#11962,#8920,.T.);
#7265=EDGE_CURVE('',#11698,#11696,#8921,.T.);
#7266=EDGE_CURVE('',#11697,#11961,#8922,.T.);
#7267=EDGE_CURVE('',#11695,#11698,#8923,.T.);
#7268=EDGE_CURVE('',#11694,#11695,#8924,.T.);
#7269=EDGE_CURVE('',#11697,#11694,#8925,.T.);
#7270=EDGE_CURVE('',#11696,#11961,#8926,.T.);
#7271=EDGE_CURVE('',#11962,#11696,#8927,.T.);
#7272=EDGE_CURVE('',#11963,#11962,#8928,.T.);
#7273=EDGE_CURVE('',#11961,#11963,#8929,.T.);
#7274=EDGE_CURVE('',#11966,#11968,#8930,.T.);
#7275=EDGE_CURVE('',#11965,#11967,#8931,.T.);
#7276=EDGE_CURVE('',#11964,#11693,#8932,.T.);
#7277=EDGE_CURVE('',#11966,#11965,#6498,.T.);
#7278=EDGE_CURVE('',#11964,#11966,#6499,.T.);
#7279=EDGE_CURVE('',#11967,#11693,#6707,.T.);
#7280=EDGE_CURVE('',#11968,#11967,#6500,.T.);
#7281=EDGE_CURVE('',#11693,#11968,#6501,.T.);
#7282=EDGE_CURVE('',#11972,#11975,#8933,.T.);
#7283=EDGE_CURVE('',#11971,#11692,#8934,.T.);
#7284=EDGE_CURVE('',#11970,#11974,#8935,.T.);
#7285=EDGE_CURVE('',#11969,#11973,#8936,.T.);
#7286=EDGE_CURVE('',#11970,#11969,#8937,.T.);
#7287=EDGE_CURVE('',#11971,#11970,#8938,.T.);
#7288=EDGE_CURVE('',#11969,#11972,#8939,.T.);
#7289=EDGE_CURVE('',#11974,#11973,#8940,.T.);
#7290=EDGE_CURVE('',#11692,#11974,#8941,.T.);
#7291=EDGE_CURVE('',#11975,#11692,#8942,.T.);
#7292=EDGE_CURVE('',#11973,#11975,#8943,.T.);
#7293=EDGE_CURVE('',#11687,#11978,#8944,.T.);
#7294=EDGE_CURVE('',#11688,#11977,#8945,.T.);
#7295=EDGE_CURVE('',#11691,#11689,#8946,.T.);
#7296=EDGE_CURVE('',#11690,#11976,#8947,.T.);
#7297=EDGE_CURVE('',#11688,#11691,#8948,.T.);
#7298=EDGE_CURVE('',#11687,#11688,#8949,.T.);
#7299=EDGE_CURVE('',#11690,#11687,#8950,.T.);
#7300=EDGE_CURVE('',#11689,#11976,#8951,.T.);
#7301=EDGE_CURVE('',#11977,#11689,#8952,.T.);
#7302=EDGE_CURVE('',#11978,#11977,#8953,.T.);
#7303=EDGE_CURVE('',#11976,#11978,#8954,.T.);
#7304=EDGE_CURVE('',#11981,#11983,#8955,.T.);
#7305=EDGE_CURVE('',#11980,#11982,#8956,.T.);
#7306=EDGE_CURVE('',#11979,#11686,#8957,.T.);
#7307=EDGE_CURVE('',#11981,#11980,#6502,.T.);
#7308=EDGE_CURVE('',#11979,#11981,#6503,.T.);
#7309=EDGE_CURVE('',#11982,#11686,#6708,.T.);
#7310=EDGE_CURVE('',#11983,#11982,#6504,.T.);
#7311=EDGE_CURVE('',#11686,#11983,#6505,.T.);
#7312=EDGE_CURVE('',#11987,#11990,#8958,.T.);
#7313=EDGE_CURVE('',#11986,#11685,#8959,.T.);
#7314=EDGE_CURVE('',#11985,#11989,#8960,.T.);
#7315=EDGE_CURVE('',#11984,#11988,#8961,.T.);
#7316=EDGE_CURVE('',#11985,#11984,#8962,.T.);
#7317=EDGE_CURVE('',#11986,#11985,#8963,.T.);
#7318=EDGE_CURVE('',#11984,#11987,#8964,.T.);
#7319=EDGE_CURVE('',#11989,#11988,#8965,.T.);
#7320=EDGE_CURVE('',#11685,#11989,#8966,.T.);
#7321=EDGE_CURVE('',#11990,#11685,#8967,.T.);
#7322=EDGE_CURVE('',#11988,#11990,#8968,.T.);
#7323=EDGE_CURVE('',#11680,#11993,#8969,.T.);
#7324=EDGE_CURVE('',#11681,#11992,#8970,.T.);
#7325=EDGE_CURVE('',#11684,#11682,#8971,.T.);
#7326=EDGE_CURVE('',#11683,#11991,#8972,.T.);
#7327=EDGE_CURVE('',#11681,#11684,#8973,.T.);
#7328=EDGE_CURVE('',#11680,#11681,#8974,.T.);
#7329=EDGE_CURVE('',#11683,#11680,#8975,.T.);
#7330=EDGE_CURVE('',#11682,#11991,#8976,.T.);
#7331=EDGE_CURVE('',#11992,#11682,#8977,.T.);
#7332=EDGE_CURVE('',#11993,#11992,#8978,.T.);
#7333=EDGE_CURVE('',#11991,#11993,#8979,.T.);
#7334=EDGE_CURVE('',#11996,#11998,#8980,.T.);
#7335=EDGE_CURVE('',#11995,#11997,#8981,.T.);
#7336=EDGE_CURVE('',#11994,#11679,#8982,.T.);
#7337=EDGE_CURVE('',#11996,#11995,#6506,.T.);
#7338=EDGE_CURVE('',#11994,#11996,#6507,.T.);
#7339=EDGE_CURVE('',#11997,#11679,#6709,.T.);
#7340=EDGE_CURVE('',#11998,#11997,#6508,.T.);
#7341=EDGE_CURVE('',#11679,#11998,#6509,.T.);
#7342=EDGE_CURVE('',#12002,#12005,#8983,.T.);
#7343=EDGE_CURVE('',#12001,#11678,#8984,.T.);
#7344=EDGE_CURVE('',#12000,#12004,#8985,.T.);
#7345=EDGE_CURVE('',#11999,#12003,#8986,.T.);
#7346=EDGE_CURVE('',#12000,#11999,#8987,.T.);
#7347=EDGE_CURVE('',#12001,#12000,#8988,.T.);
#7348=EDGE_CURVE('',#11999,#12002,#8989,.T.);
#7349=EDGE_CURVE('',#12004,#12003,#8990,.T.);
#7350=EDGE_CURVE('',#11678,#12004,#8991,.T.);
#7351=EDGE_CURVE('',#12005,#11678,#8992,.T.);
#7352=EDGE_CURVE('',#12003,#12005,#8993,.T.);
#7353=EDGE_CURVE('',#11673,#12008,#8994,.T.);
#7354=EDGE_CURVE('',#11674,#12007,#8995,.T.);
#7355=EDGE_CURVE('',#11677,#11675,#8996,.T.);
#7356=EDGE_CURVE('',#11676,#12006,#8997,.T.);
#7357=EDGE_CURVE('',#11674,#11677,#8998,.T.);
#7358=EDGE_CURVE('',#11673,#11674,#8999,.T.);
#7359=EDGE_CURVE('',#11676,#11673,#9000,.T.);
#7360=EDGE_CURVE('',#11675,#12006,#9001,.T.);
#7361=EDGE_CURVE('',#12007,#11675,#9002,.T.);
#7362=EDGE_CURVE('',#12008,#12007,#9003,.T.);
#7363=EDGE_CURVE('',#12006,#12008,#9004,.T.);
#7364=EDGE_CURVE('',#12011,#12013,#9005,.T.);
#7365=EDGE_CURVE('',#12010,#12012,#9006,.T.);
#7366=EDGE_CURVE('',#12009,#11672,#9007,.T.);
#7367=EDGE_CURVE('',#12011,#12010,#6510,.T.);
#7368=EDGE_CURVE('',#12009,#12011,#6511,.T.);
#7369=EDGE_CURVE('',#12012,#11672,#6710,.T.);
#7370=EDGE_CURVE('',#12013,#12012,#6512,.T.);
#7371=EDGE_CURVE('',#11672,#12013,#6513,.T.);
#7372=EDGE_CURVE('',#12017,#12020,#9008,.T.);
#7373=EDGE_CURVE('',#12016,#11671,#9009,.T.);
#7374=EDGE_CURVE('',#12015,#12019,#9010,.T.);
#7375=EDGE_CURVE('',#12014,#12018,#9011,.T.);
#7376=EDGE_CURVE('',#12015,#12014,#9012,.T.);
#7377=EDGE_CURVE('',#12016,#12015,#9013,.T.);
#7378=EDGE_CURVE('',#12014,#12017,#9014,.T.);
#7379=EDGE_CURVE('',#12019,#12018,#9015,.T.);
#7380=EDGE_CURVE('',#11671,#12019,#9016,.T.);
#7381=EDGE_CURVE('',#12020,#11671,#9017,.T.);
#7382=EDGE_CURVE('',#12018,#12020,#9018,.T.);
#7383=EDGE_CURVE('',#11666,#12023,#9019,.T.);
#7384=EDGE_CURVE('',#11667,#12022,#9020,.T.);
#7385=EDGE_CURVE('',#11670,#11668,#9021,.T.);
#7386=EDGE_CURVE('',#11669,#12021,#9022,.T.);
#7387=EDGE_CURVE('',#11667,#11670,#9023,.T.);
#7388=EDGE_CURVE('',#11666,#11667,#9024,.T.);
#7389=EDGE_CURVE('',#11669,#11666,#9025,.T.);
#7390=EDGE_CURVE('',#11668,#12021,#9026,.T.);
#7391=EDGE_CURVE('',#12022,#11668,#9027,.T.);
#7392=EDGE_CURVE('',#12023,#12022,#9028,.T.);
#7393=EDGE_CURVE('',#12021,#12023,#9029,.T.);
#7394=EDGE_CURVE('',#12026,#12028,#9030,.T.);
#7395=EDGE_CURVE('',#12025,#12027,#9031,.T.);
#7396=EDGE_CURVE('',#12024,#11665,#9032,.T.);
#7397=EDGE_CURVE('',#12026,#12025,#6514,.T.);
#7398=EDGE_CURVE('',#12024,#12026,#6515,.T.);
#7399=EDGE_CURVE('',#12027,#11665,#6711,.T.);
#7400=EDGE_CURVE('',#12028,#12027,#6516,.T.);
#7401=EDGE_CURVE('',#11665,#12028,#6517,.T.);
#7402=EDGE_CURVE('',#12032,#12035,#9033,.T.);
#7403=EDGE_CURVE('',#12031,#11664,#9034,.T.);
#7404=EDGE_CURVE('',#12030,#12034,#9035,.T.);
#7405=EDGE_CURVE('',#12029,#12033,#9036,.T.);
#7406=EDGE_CURVE('',#12030,#12029,#9037,.T.);
#7407=EDGE_CURVE('',#12031,#12030,#9038,.T.);
#7408=EDGE_CURVE('',#12029,#12032,#9039,.T.);
#7409=EDGE_CURVE('',#12034,#12033,#9040,.T.);
#7410=EDGE_CURVE('',#11664,#12034,#9041,.T.);
#7411=EDGE_CURVE('',#12035,#11664,#9042,.T.);
#7412=EDGE_CURVE('',#12033,#12035,#9043,.T.);
#7413=EDGE_CURVE('',#11659,#12038,#9044,.T.);
#7414=EDGE_CURVE('',#11660,#12037,#9045,.T.);
#7415=EDGE_CURVE('',#11663,#11661,#9046,.T.);
#7416=EDGE_CURVE('',#11662,#12036,#9047,.T.);
#7417=EDGE_CURVE('',#11660,#11663,#9048,.T.);
#7418=EDGE_CURVE('',#11659,#11660,#9049,.T.);
#7419=EDGE_CURVE('',#11662,#11659,#9050,.T.);
#7420=EDGE_CURVE('',#11661,#12036,#9051,.T.);
#7421=EDGE_CURVE('',#12037,#11661,#9052,.T.);
#7422=EDGE_CURVE('',#12038,#12037,#9053,.T.);
#7423=EDGE_CURVE('',#12036,#12038,#9054,.T.);
#7424=EDGE_CURVE('',#12041,#12043,#9055,.T.);
#7425=EDGE_CURVE('',#12040,#12042,#9056,.T.);
#7426=EDGE_CURVE('',#12039,#11658,#9057,.T.);
#7427=EDGE_CURVE('',#12041,#12040,#6518,.T.);
#7428=EDGE_CURVE('',#12039,#12041,#6519,.T.);
#7429=EDGE_CURVE('',#12042,#11658,#6712,.T.);
#7430=EDGE_CURVE('',#12043,#12042,#6520,.T.);
#7431=EDGE_CURVE('',#11658,#12043,#6521,.T.);
#7432=EDGE_CURVE('',#12047,#12050,#9058,.T.);
#7433=EDGE_CURVE('',#12046,#11657,#9059,.T.);
#7434=EDGE_CURVE('',#12045,#12049,#9060,.T.);
#7435=EDGE_CURVE('',#12044,#12048,#9061,.T.);
#7436=EDGE_CURVE('',#12045,#12044,#9062,.T.);
#7437=EDGE_CURVE('',#12046,#12045,#9063,.T.);
#7438=EDGE_CURVE('',#12044,#12047,#9064,.T.);
#7439=EDGE_CURVE('',#12049,#12048,#9065,.T.);
#7440=EDGE_CURVE('',#11657,#12049,#9066,.T.);
#7441=EDGE_CURVE('',#12050,#11657,#9067,.T.);
#7442=EDGE_CURVE('',#12048,#12050,#9068,.T.);
#7443=EDGE_CURVE('',#11652,#12053,#9069,.T.);
#7444=EDGE_CURVE('',#11653,#12052,#9070,.T.);
#7445=EDGE_CURVE('',#11656,#11654,#9071,.T.);
#7446=EDGE_CURVE('',#11655,#12051,#9072,.T.);
#7447=EDGE_CURVE('',#11653,#11656,#9073,.T.);
#7448=EDGE_CURVE('',#11652,#11653,#9074,.T.);
#7449=EDGE_CURVE('',#11655,#11652,#9075,.T.);
#7450=EDGE_CURVE('',#11654,#12051,#9076,.T.);
#7451=EDGE_CURVE('',#12052,#11654,#9077,.T.);
#7452=EDGE_CURVE('',#12053,#12052,#9078,.T.);
#7453=EDGE_CURVE('',#12051,#12053,#9079,.T.);
#7454=EDGE_CURVE('',#12056,#12058,#9080,.T.);
#7455=EDGE_CURVE('',#12055,#12057,#9081,.T.);
#7456=EDGE_CURVE('',#12054,#11651,#9082,.T.);
#7457=EDGE_CURVE('',#12056,#12055,#6522,.T.);
#7458=EDGE_CURVE('',#12054,#12056,#6523,.T.);
#7459=EDGE_CURVE('',#12057,#11651,#6713,.T.);
#7460=EDGE_CURVE('',#12058,#12057,#6524,.T.);
#7461=EDGE_CURVE('',#11651,#12058,#6525,.T.);
#7462=EDGE_CURVE('',#12062,#12065,#9083,.T.);
#7463=EDGE_CURVE('',#12061,#11650,#9084,.T.);
#7464=EDGE_CURVE('',#12060,#12064,#9085,.T.);
#7465=EDGE_CURVE('',#12059,#12063,#9086,.T.);
#7466=EDGE_CURVE('',#12060,#12059,#9087,.T.);
#7467=EDGE_CURVE('',#12061,#12060,#9088,.T.);
#7468=EDGE_CURVE('',#12059,#12062,#9089,.T.);
#7469=EDGE_CURVE('',#12064,#12063,#9090,.T.);
#7470=EDGE_CURVE('',#11650,#12064,#9091,.T.);
#7471=EDGE_CURVE('',#12065,#11650,#9092,.T.);
#7472=EDGE_CURVE('',#12063,#12065,#9093,.T.);
#7473=EDGE_CURVE('',#11645,#12068,#9094,.T.);
#7474=EDGE_CURVE('',#11646,#12067,#9095,.T.);
#7475=EDGE_CURVE('',#11649,#11647,#9096,.T.);
#7476=EDGE_CURVE('',#11648,#12066,#9097,.T.);
#7477=EDGE_CURVE('',#11646,#11649,#9098,.T.);
#7478=EDGE_CURVE('',#11645,#11646,#9099,.T.);
#7479=EDGE_CURVE('',#11648,#11645,#9100,.T.);
#7480=EDGE_CURVE('',#11647,#12066,#9101,.T.);
#7481=EDGE_CURVE('',#12067,#11647,#9102,.T.);
#7482=EDGE_CURVE('',#12068,#12067,#9103,.T.);
#7483=EDGE_CURVE('',#12066,#12068,#9104,.T.);
#7484=EDGE_CURVE('',#12071,#12073,#9105,.T.);
#7485=EDGE_CURVE('',#12070,#12072,#9106,.T.);
#7486=EDGE_CURVE('',#12069,#11644,#9107,.T.);
#7487=EDGE_CURVE('',#12071,#12070,#6526,.T.);
#7488=EDGE_CURVE('',#12069,#12071,#6527,.T.);
#7489=EDGE_CURVE('',#12072,#11644,#6714,.T.);
#7490=EDGE_CURVE('',#12073,#12072,#6528,.T.);
#7491=EDGE_CURVE('',#11644,#12073,#6529,.T.);
#7492=EDGE_CURVE('',#12077,#12080,#9108,.T.);
#7493=EDGE_CURVE('',#12076,#11643,#9109,.T.);
#7494=EDGE_CURVE('',#12075,#12079,#9110,.T.);
#7495=EDGE_CURVE('',#12074,#12078,#9111,.T.);
#7496=EDGE_CURVE('',#12075,#12074,#9112,.T.);
#7497=EDGE_CURVE('',#12076,#12075,#9113,.T.);
#7498=EDGE_CURVE('',#12074,#12077,#9114,.T.);
#7499=EDGE_CURVE('',#12079,#12078,#9115,.T.);
#7500=EDGE_CURVE('',#11643,#12079,#9116,.T.);
#7501=EDGE_CURVE('',#12080,#11643,#9117,.T.);
#7502=EDGE_CURVE('',#12078,#12080,#9118,.T.);
#7503=EDGE_CURVE('',#11638,#12083,#9119,.T.);
#7504=EDGE_CURVE('',#11639,#12082,#9120,.T.);
#7505=EDGE_CURVE('',#11642,#11640,#9121,.T.);
#7506=EDGE_CURVE('',#11641,#12081,#9122,.T.);
#7507=EDGE_CURVE('',#11639,#11642,#9123,.T.);
#7508=EDGE_CURVE('',#11638,#11639,#9124,.T.);
#7509=EDGE_CURVE('',#11641,#11638,#9125,.T.);
#7510=EDGE_CURVE('',#11640,#12081,#9126,.T.);
#7511=EDGE_CURVE('',#12082,#11640,#9127,.T.);
#7512=EDGE_CURVE('',#12083,#12082,#9128,.T.);
#7513=EDGE_CURVE('',#12081,#12083,#9129,.T.);
#7514=EDGE_CURVE('',#12086,#12088,#9130,.T.);
#7515=EDGE_CURVE('',#12085,#12087,#9131,.T.);
#7516=EDGE_CURVE('',#12084,#11637,#9132,.T.);
#7517=EDGE_CURVE('',#12086,#12085,#6530,.T.);
#7518=EDGE_CURVE('',#12084,#12086,#6531,.T.);
#7519=EDGE_CURVE('',#12087,#11637,#6715,.T.);
#7520=EDGE_CURVE('',#12088,#12087,#6532,.T.);
#7521=EDGE_CURVE('',#11637,#12088,#6533,.T.);
#7522=EDGE_CURVE('',#12092,#12095,#9133,.T.);
#7523=EDGE_CURVE('',#12091,#11636,#9134,.T.);
#7524=EDGE_CURVE('',#12090,#12094,#9135,.T.);
#7525=EDGE_CURVE('',#12089,#12093,#9136,.T.);
#7526=EDGE_CURVE('',#12090,#12089,#9137,.T.);
#7527=EDGE_CURVE('',#12091,#12090,#9138,.T.);
#7528=EDGE_CURVE('',#12089,#12092,#9139,.T.);
#7529=EDGE_CURVE('',#12094,#12093,#9140,.T.);
#7530=EDGE_CURVE('',#11636,#12094,#9141,.T.);
#7531=EDGE_CURVE('',#12095,#11636,#9142,.T.);
#7532=EDGE_CURVE('',#12093,#12095,#9143,.T.);
#7533=EDGE_CURVE('',#11631,#12098,#9144,.T.);
#7534=EDGE_CURVE('',#11632,#12097,#9145,.T.);
#7535=EDGE_CURVE('',#11635,#11633,#9146,.T.);
#7536=EDGE_CURVE('',#11634,#12096,#9147,.T.);
#7537=EDGE_CURVE('',#11632,#11635,#9148,.T.);
#7538=EDGE_CURVE('',#11631,#11632,#9149,.T.);
#7539=EDGE_CURVE('',#11634,#11631,#9150,.T.);
#7540=EDGE_CURVE('',#11633,#12096,#9151,.T.);
#7541=EDGE_CURVE('',#12097,#11633,#9152,.T.);
#7542=EDGE_CURVE('',#12098,#12097,#9153,.T.);
#7543=EDGE_CURVE('',#12096,#12098,#9154,.T.);
#7544=EDGE_CURVE('',#12101,#12103,#9155,.T.);
#7545=EDGE_CURVE('',#12100,#12102,#9156,.T.);
#7546=EDGE_CURVE('',#12099,#11630,#9157,.T.);
#7547=EDGE_CURVE('',#12101,#12100,#6534,.T.);
#7548=EDGE_CURVE('',#12099,#12101,#6535,.T.);
#7549=EDGE_CURVE('',#12102,#11630,#6716,.T.);
#7550=EDGE_CURVE('',#12103,#12102,#6536,.T.);
#7551=EDGE_CURVE('',#11630,#12103,#6537,.T.);
#7552=EDGE_CURVE('',#12107,#12110,#9158,.T.);
#7553=EDGE_CURVE('',#12106,#11629,#9159,.T.);
#7554=EDGE_CURVE('',#12105,#12109,#9160,.T.);
#7555=EDGE_CURVE('',#12104,#12108,#9161,.T.);
#7556=EDGE_CURVE('',#12105,#12104,#9162,.T.);
#7557=EDGE_CURVE('',#12106,#12105,#9163,.T.);
#7558=EDGE_CURVE('',#12104,#12107,#9164,.T.);
#7559=EDGE_CURVE('',#12109,#12108,#9165,.T.);
#7560=EDGE_CURVE('',#11629,#12109,#9166,.T.);
#7561=EDGE_CURVE('',#12110,#11629,#9167,.T.);
#7562=EDGE_CURVE('',#12108,#12110,#9168,.T.);
#7563=EDGE_CURVE('',#11624,#12113,#9169,.T.);
#7564=EDGE_CURVE('',#11625,#12112,#9170,.T.);
#7565=EDGE_CURVE('',#11628,#11626,#9171,.T.);
#7566=EDGE_CURVE('',#11627,#12111,#9172,.T.);
#7567=EDGE_CURVE('',#11625,#11628,#9173,.T.);
#7568=EDGE_CURVE('',#11624,#11625,#9174,.T.);
#7569=EDGE_CURVE('',#11627,#11624,#9175,.T.);
#7570=EDGE_CURVE('',#11626,#12111,#9176,.T.);
#7571=EDGE_CURVE('',#12112,#11626,#9177,.T.);
#7572=EDGE_CURVE('',#12113,#12112,#9178,.T.);
#7573=EDGE_CURVE('',#12111,#12113,#9179,.T.);
#7574=EDGE_CURVE('',#12116,#12118,#9180,.T.);
#7575=EDGE_CURVE('',#12115,#12117,#9181,.T.);
#7576=EDGE_CURVE('',#12114,#11623,#9182,.T.);
#7577=EDGE_CURVE('',#12116,#12115,#6538,.T.);
#7578=EDGE_CURVE('',#12114,#12116,#6539,.T.);
#7579=EDGE_CURVE('',#12117,#11623,#6717,.T.);
#7580=EDGE_CURVE('',#12118,#12117,#6540,.T.);
#7581=EDGE_CURVE('',#11623,#12118,#6541,.T.);
#7582=EDGE_CURVE('',#12122,#12125,#9183,.T.);
#7583=EDGE_CURVE('',#12121,#11622,#9184,.T.);
#7584=EDGE_CURVE('',#12120,#12124,#9185,.T.);
#7585=EDGE_CURVE('',#12119,#12123,#9186,.T.);
#7586=EDGE_CURVE('',#12120,#12119,#9187,.T.);
#7587=EDGE_CURVE('',#12121,#12120,#9188,.T.);
#7588=EDGE_CURVE('',#12119,#12122,#9189,.T.);
#7589=EDGE_CURVE('',#12124,#12123,#9190,.T.);
#7590=EDGE_CURVE('',#11622,#12124,#9191,.T.);
#7591=EDGE_CURVE('',#12125,#11622,#9192,.T.);
#7592=EDGE_CURVE('',#12123,#12125,#9193,.T.);
#7593=EDGE_CURVE('',#11617,#12128,#9194,.T.);
#7594=EDGE_CURVE('',#11618,#12127,#9195,.T.);
#7595=EDGE_CURVE('',#11621,#11619,#9196,.T.);
#7596=EDGE_CURVE('',#11620,#12126,#9197,.T.);
#7597=EDGE_CURVE('',#11618,#11621,#9198,.T.);
#7598=EDGE_CURVE('',#11617,#11618,#9199,.T.);
#7599=EDGE_CURVE('',#11620,#11617,#9200,.T.);
#7600=EDGE_CURVE('',#11619,#12126,#9201,.T.);
#7601=EDGE_CURVE('',#12127,#11619,#9202,.T.);
#7602=EDGE_CURVE('',#12128,#12127,#9203,.T.);
#7603=EDGE_CURVE('',#12126,#12128,#9204,.T.);
#7604=EDGE_CURVE('',#12131,#12133,#9205,.T.);
#7605=EDGE_CURVE('',#12130,#12132,#9206,.T.);
#7606=EDGE_CURVE('',#12129,#11616,#9207,.T.);
#7607=EDGE_CURVE('',#12131,#12130,#6542,.T.);
#7608=EDGE_CURVE('',#12129,#12131,#6543,.T.);
#7609=EDGE_CURVE('',#12132,#11616,#6718,.T.);
#7610=EDGE_CURVE('',#12133,#12132,#6544,.T.);
#7611=EDGE_CURVE('',#11616,#12133,#6545,.T.);
#7612=EDGE_CURVE('',#12137,#12140,#9208,.T.);
#7613=EDGE_CURVE('',#12136,#11615,#9209,.T.);
#7614=EDGE_CURVE('',#12135,#12139,#9210,.T.);
#7615=EDGE_CURVE('',#12134,#12138,#9211,.T.);
#7616=EDGE_CURVE('',#12135,#12134,#9212,.T.);
#7617=EDGE_CURVE('',#12136,#12135,#9213,.T.);
#7618=EDGE_CURVE('',#12134,#12137,#9214,.T.);
#7619=EDGE_CURVE('',#12139,#12138,#9215,.T.);
#7620=EDGE_CURVE('',#11615,#12139,#9216,.T.);
#7621=EDGE_CURVE('',#12140,#11615,#9217,.T.);
#7622=EDGE_CURVE('',#12138,#12140,#9218,.T.);
#7623=EDGE_CURVE('',#11610,#12143,#9219,.T.);
#7624=EDGE_CURVE('',#11611,#12142,#9220,.T.);
#7625=EDGE_CURVE('',#11614,#11612,#9221,.T.);
#7626=EDGE_CURVE('',#11613,#12141,#9222,.T.);
#7627=EDGE_CURVE('',#11611,#11614,#9223,.T.);
#7628=EDGE_CURVE('',#11610,#11611,#9224,.T.);
#7629=EDGE_CURVE('',#11613,#11610,#9225,.T.);
#7630=EDGE_CURVE('',#11612,#12141,#9226,.T.);
#7631=EDGE_CURVE('',#12142,#11612,#9227,.T.);
#7632=EDGE_CURVE('',#12143,#12142,#9228,.T.);
#7633=EDGE_CURVE('',#12141,#12143,#9229,.T.);
#7634=EDGE_CURVE('',#12146,#12148,#9230,.T.);
#7635=EDGE_CURVE('',#12145,#12147,#9231,.T.);
#7636=EDGE_CURVE('',#12144,#11609,#9232,.T.);
#7637=EDGE_CURVE('',#12146,#12145,#6546,.T.);
#7638=EDGE_CURVE('',#12144,#12146,#6547,.T.);
#7639=EDGE_CURVE('',#12147,#11609,#6719,.T.);
#7640=EDGE_CURVE('',#12148,#12147,#6548,.T.);
#7641=EDGE_CURVE('',#11609,#12148,#6549,.T.);
#7642=EDGE_CURVE('',#12152,#12155,#9233,.T.);
#7643=EDGE_CURVE('',#12151,#11608,#9234,.T.);
#7644=EDGE_CURVE('',#12150,#12154,#9235,.T.);
#7645=EDGE_CURVE('',#12149,#12153,#9236,.T.);
#7646=EDGE_CURVE('',#12150,#12149,#9237,.T.);
#7647=EDGE_CURVE('',#12151,#12150,#9238,.T.);
#7648=EDGE_CURVE('',#12149,#12152,#9239,.T.);
#7649=EDGE_CURVE('',#12154,#12153,#9240,.T.);
#7650=EDGE_CURVE('',#11608,#12154,#9241,.T.);
#7651=EDGE_CURVE('',#12155,#11608,#9242,.T.);
#7652=EDGE_CURVE('',#12153,#12155,#9243,.T.);
#7653=EDGE_CURVE('',#11603,#12158,#9244,.T.);
#7654=EDGE_CURVE('',#11604,#12157,#9245,.T.);
#7655=EDGE_CURVE('',#11607,#11605,#9246,.T.);
#7656=EDGE_CURVE('',#11606,#12156,#9247,.T.);
#7657=EDGE_CURVE('',#11604,#11607,#9248,.T.);
#7658=EDGE_CURVE('',#11603,#11604,#9249,.T.);
#7659=EDGE_CURVE('',#11606,#11603,#9250,.T.);
#7660=EDGE_CURVE('',#11605,#12156,#9251,.T.);
#7661=EDGE_CURVE('',#12157,#11605,#9252,.T.);
#7662=EDGE_CURVE('',#12158,#12157,#9253,.T.);
#7663=EDGE_CURVE('',#12156,#12158,#9254,.T.);
#7664=EDGE_CURVE('',#12161,#12163,#9255,.T.);
#7665=EDGE_CURVE('',#12160,#12162,#9256,.T.);
#7666=EDGE_CURVE('',#12159,#11602,#9257,.T.);
#7667=EDGE_CURVE('',#12161,#12160,#6550,.T.);
#7668=EDGE_CURVE('',#12159,#12161,#6551,.T.);
#7669=EDGE_CURVE('',#12162,#11602,#6720,.T.);
#7670=EDGE_CURVE('',#12163,#12162,#6552,.T.);
#7671=EDGE_CURVE('',#11602,#12163,#6553,.T.);
#7672=EDGE_CURVE('',#12167,#12170,#9258,.T.);
#7673=EDGE_CURVE('',#12166,#11601,#9259,.T.);
#7674=EDGE_CURVE('',#12165,#12169,#9260,.T.);
#7675=EDGE_CURVE('',#12164,#12168,#9261,.T.);
#7676=EDGE_CURVE('',#12165,#12164,#9262,.T.);
#7677=EDGE_CURVE('',#12166,#12165,#9263,.T.);
#7678=EDGE_CURVE('',#12164,#12167,#9264,.T.);
#7679=EDGE_CURVE('',#12169,#12168,#9265,.T.);
#7680=EDGE_CURVE('',#11601,#12169,#9266,.T.);
#7681=EDGE_CURVE('',#12170,#11601,#9267,.T.);
#7682=EDGE_CURVE('',#12168,#12170,#9268,.T.);
#7683=EDGE_CURVE('',#11596,#12173,#9269,.T.);
#7684=EDGE_CURVE('',#11597,#12172,#9270,.T.);
#7685=EDGE_CURVE('',#11600,#11598,#9271,.T.);
#7686=EDGE_CURVE('',#11599,#12171,#9272,.T.);
#7687=EDGE_CURVE('',#11597,#11600,#9273,.T.);
#7688=EDGE_CURVE('',#11596,#11597,#9274,.T.);
#7689=EDGE_CURVE('',#11599,#11596,#9275,.T.);
#7690=EDGE_CURVE('',#11598,#12171,#9276,.T.);
#7691=EDGE_CURVE('',#12172,#11598,#9277,.T.);
#7692=EDGE_CURVE('',#12173,#12172,#9278,.T.);
#7693=EDGE_CURVE('',#12171,#12173,#9279,.T.);
#7694=EDGE_CURVE('',#12176,#12178,#9280,.T.);
#7695=EDGE_CURVE('',#12175,#12177,#9281,.T.);
#7696=EDGE_CURVE('',#12174,#11595,#9282,.T.);
#7697=EDGE_CURVE('',#12176,#12175,#6554,.T.);
#7698=EDGE_CURVE('',#12174,#12176,#6555,.T.);
#7699=EDGE_CURVE('',#12177,#11595,#6721,.T.);
#7700=EDGE_CURVE('',#12178,#12177,#6556,.T.);
#7701=EDGE_CURVE('',#11595,#12178,#6557,.T.);
#7702=EDGE_CURVE('',#12182,#12185,#9283,.T.);
#7703=EDGE_CURVE('',#12181,#11594,#9284,.T.);
#7704=EDGE_CURVE('',#12180,#12184,#9285,.T.);
#7705=EDGE_CURVE('',#12179,#12183,#9286,.T.);
#7706=EDGE_CURVE('',#12180,#12179,#9287,.T.);
#7707=EDGE_CURVE('',#12181,#12180,#9288,.T.);
#7708=EDGE_CURVE('',#12179,#12182,#9289,.T.);
#7709=EDGE_CURVE('',#12184,#12183,#9290,.T.);
#7710=EDGE_CURVE('',#11594,#12184,#9291,.T.);
#7711=EDGE_CURVE('',#12185,#11594,#9292,.T.);
#7712=EDGE_CURVE('',#12183,#12185,#9293,.T.);
#7713=EDGE_CURVE('',#11589,#12188,#9294,.T.);
#7714=EDGE_CURVE('',#11590,#12187,#9295,.T.);
#7715=EDGE_CURVE('',#11593,#11591,#9296,.T.);
#7716=EDGE_CURVE('',#11592,#12186,#9297,.T.);
#7717=EDGE_CURVE('',#11590,#11593,#9298,.T.);
#7718=EDGE_CURVE('',#11589,#11590,#9299,.T.);
#7719=EDGE_CURVE('',#11592,#11589,#9300,.T.);
#7720=EDGE_CURVE('',#11591,#12186,#9301,.T.);
#7721=EDGE_CURVE('',#12187,#11591,#9302,.T.);
#7722=EDGE_CURVE('',#12188,#12187,#9303,.T.);
#7723=EDGE_CURVE('',#12186,#12188,#9304,.T.);
#7724=EDGE_CURVE('',#12191,#12193,#9305,.T.);
#7725=EDGE_CURVE('',#12190,#12192,#9306,.T.);
#7726=EDGE_CURVE('',#12189,#11588,#9307,.T.);
#7727=EDGE_CURVE('',#12191,#12190,#6558,.T.);
#7728=EDGE_CURVE('',#12189,#12191,#6559,.T.);
#7729=EDGE_CURVE('',#12192,#11588,#6722,.T.);
#7730=EDGE_CURVE('',#12193,#12192,#6560,.T.);
#7731=EDGE_CURVE('',#11588,#12193,#6561,.T.);
#7732=EDGE_CURVE('',#12197,#12200,#9308,.T.);
#7733=EDGE_CURVE('',#12196,#11587,#9309,.T.);
#7734=EDGE_CURVE('',#12195,#12199,#9310,.T.);
#7735=EDGE_CURVE('',#12194,#12198,#9311,.T.);
#7736=EDGE_CURVE('',#12195,#12194,#9312,.T.);
#7737=EDGE_CURVE('',#12196,#12195,#9313,.T.);
#7738=EDGE_CURVE('',#12194,#12197,#9314,.T.);
#7739=EDGE_CURVE('',#12199,#12198,#9315,.T.);
#7740=EDGE_CURVE('',#11587,#12199,#9316,.T.);
#7741=EDGE_CURVE('',#12200,#11587,#9317,.T.);
#7742=EDGE_CURVE('',#12198,#12200,#9318,.T.);
#7743=EDGE_CURVE('',#11582,#12203,#9319,.T.);
#7744=EDGE_CURVE('',#11583,#12202,#9320,.T.);
#7745=EDGE_CURVE('',#11586,#11584,#9321,.T.);
#7746=EDGE_CURVE('',#11585,#12201,#9322,.T.);
#7747=EDGE_CURVE('',#11583,#11586,#9323,.T.);
#7748=EDGE_CURVE('',#11582,#11583,#9324,.T.);
#7749=EDGE_CURVE('',#11585,#11582,#9325,.T.);
#7750=EDGE_CURVE('',#11584,#12201,#9326,.T.);
#7751=EDGE_CURVE('',#12202,#11584,#9327,.T.);
#7752=EDGE_CURVE('',#12203,#12202,#9328,.T.);
#7753=EDGE_CURVE('',#12201,#12203,#9329,.T.);
#7754=EDGE_CURVE('',#12206,#12208,#9330,.T.);
#7755=EDGE_CURVE('',#12205,#12207,#9331,.T.);
#7756=EDGE_CURVE('',#12204,#11581,#9332,.T.);
#7757=EDGE_CURVE('',#12206,#12205,#6562,.T.);
#7758=EDGE_CURVE('',#12204,#12206,#6563,.T.);
#7759=EDGE_CURVE('',#12207,#11581,#6723,.T.);
#7760=EDGE_CURVE('',#12208,#12207,#6564,.T.);
#7761=EDGE_CURVE('',#11581,#12208,#6565,.T.);
#7762=EDGE_CURVE('',#12212,#12215,#9333,.T.);
#7763=EDGE_CURVE('',#12211,#11580,#9334,.T.);
#7764=EDGE_CURVE('',#12210,#12214,#9335,.T.);
#7765=EDGE_CURVE('',#12209,#12213,#9336,.T.);
#7766=EDGE_CURVE('',#12210,#12209,#9337,.T.);
#7767=EDGE_CURVE('',#12211,#12210,#9338,.T.);
#7768=EDGE_CURVE('',#12209,#12212,#9339,.T.);
#7769=EDGE_CURVE('',#12214,#12213,#9340,.T.);
#7770=EDGE_CURVE('',#11580,#12214,#9341,.T.);
#7771=EDGE_CURVE('',#12215,#11580,#9342,.T.);
#7772=EDGE_CURVE('',#12213,#12215,#9343,.T.);
#7773=EDGE_CURVE('',#11575,#12218,#9344,.T.);
#7774=EDGE_CURVE('',#11576,#12217,#9345,.T.);
#7775=EDGE_CURVE('',#11579,#11577,#9346,.T.);
#7776=EDGE_CURVE('',#11578,#12216,#9347,.T.);
#7777=EDGE_CURVE('',#11576,#11579,#9348,.T.);
#7778=EDGE_CURVE('',#11575,#11576,#9349,.T.);
#7779=EDGE_CURVE('',#11578,#11575,#9350,.T.);
#7780=EDGE_CURVE('',#11577,#12216,#9351,.T.);
#7781=EDGE_CURVE('',#12217,#11577,#9352,.T.);
#7782=EDGE_CURVE('',#12218,#12217,#9353,.T.);
#7783=EDGE_CURVE('',#12216,#12218,#9354,.T.);
#7784=EDGE_CURVE('',#12221,#12223,#9355,.T.);
#7785=EDGE_CURVE('',#12220,#12222,#9356,.T.);
#7786=EDGE_CURVE('',#12219,#11574,#9357,.T.);
#7787=EDGE_CURVE('',#12221,#12220,#6566,.T.);
#7788=EDGE_CURVE('',#12219,#12221,#6567,.T.);
#7789=EDGE_CURVE('',#12222,#11574,#6724,.T.);
#7790=EDGE_CURVE('',#12223,#12222,#6568,.T.);
#7791=EDGE_CURVE('',#11574,#12223,#6569,.T.);
#7792=EDGE_CURVE('',#12227,#12230,#9358,.T.);
#7793=EDGE_CURVE('',#12226,#11573,#9359,.T.);
#7794=EDGE_CURVE('',#12225,#12229,#9360,.T.);
#7795=EDGE_CURVE('',#12224,#12228,#9361,.T.);
#7796=EDGE_CURVE('',#12225,#12224,#9362,.T.);
#7797=EDGE_CURVE('',#12226,#12225,#9363,.T.);
#7798=EDGE_CURVE('',#12224,#12227,#9364,.T.);
#7799=EDGE_CURVE('',#12229,#12228,#9365,.T.);
#7800=EDGE_CURVE('',#11573,#12229,#9366,.T.);
#7801=EDGE_CURVE('',#12230,#11573,#9367,.T.);
#7802=EDGE_CURVE('',#12228,#12230,#9368,.T.);
#7803=EDGE_CURVE('',#11568,#12233,#9369,.T.);
#7804=EDGE_CURVE('',#11569,#12232,#9370,.T.);
#7805=EDGE_CURVE('',#11572,#11570,#9371,.T.);
#7806=EDGE_CURVE('',#11571,#12231,#9372,.T.);
#7807=EDGE_CURVE('',#11569,#11572,#9373,.T.);
#7808=EDGE_CURVE('',#11568,#11569,#9374,.T.);
#7809=EDGE_CURVE('',#11571,#11568,#9375,.T.);
#7810=EDGE_CURVE('',#11570,#12231,#9376,.T.);
#7811=EDGE_CURVE('',#12232,#11570,#9377,.T.);
#7812=EDGE_CURVE('',#12233,#12232,#9378,.T.);
#7813=EDGE_CURVE('',#12231,#12233,#9379,.T.);
#7814=EDGE_CURVE('',#12236,#12238,#9380,.T.);
#7815=EDGE_CURVE('',#12235,#12237,#9381,.T.);
#7816=EDGE_CURVE('',#12234,#11567,#9382,.T.);
#7817=EDGE_CURVE('',#12236,#12235,#6570,.T.);
#7818=EDGE_CURVE('',#12234,#12236,#6571,.T.);
#7819=EDGE_CURVE('',#12237,#11567,#6725,.T.);
#7820=EDGE_CURVE('',#12238,#12237,#6572,.T.);
#7821=EDGE_CURVE('',#11567,#12238,#6573,.T.);
#7822=EDGE_CURVE('',#12242,#12245,#9383,.T.);
#7823=EDGE_CURVE('',#12241,#11566,#9384,.T.);
#7824=EDGE_CURVE('',#12240,#12244,#9385,.T.);
#7825=EDGE_CURVE('',#12239,#12243,#9386,.T.);
#7826=EDGE_CURVE('',#12240,#12239,#9387,.T.);
#7827=EDGE_CURVE('',#12241,#12240,#9388,.T.);
#7828=EDGE_CURVE('',#12239,#12242,#9389,.T.);
#7829=EDGE_CURVE('',#12244,#12243,#9390,.T.);
#7830=EDGE_CURVE('',#11566,#12244,#9391,.T.);
#7831=EDGE_CURVE('',#12245,#11566,#9392,.T.);
#7832=EDGE_CURVE('',#12243,#12245,#9393,.T.);
#7833=EDGE_CURVE('',#11561,#12248,#9394,.T.);
#7834=EDGE_CURVE('',#11562,#12247,#9395,.T.);
#7835=EDGE_CURVE('',#11565,#11563,#9396,.T.);
#7836=EDGE_CURVE('',#11564,#12246,#9397,.T.);
#7837=EDGE_CURVE('',#11562,#11565,#9398,.T.);
#7838=EDGE_CURVE('',#11561,#11562,#9399,.T.);
#7839=EDGE_CURVE('',#11564,#11561,#9400,.T.);
#7840=EDGE_CURVE('',#11563,#12246,#9401,.T.);
#7841=EDGE_CURVE('',#12247,#11563,#9402,.T.);
#7842=EDGE_CURVE('',#12248,#12247,#9403,.T.);
#7843=EDGE_CURVE('',#12246,#12248,#9404,.T.);
#7844=EDGE_CURVE('',#12251,#12253,#9405,.T.);
#7845=EDGE_CURVE('',#12250,#12252,#9406,.T.);
#7846=EDGE_CURVE('',#12249,#11560,#9407,.T.);
#7847=EDGE_CURVE('',#12251,#12250,#6574,.T.);
#7848=EDGE_CURVE('',#12249,#12251,#6575,.T.);
#7849=EDGE_CURVE('',#12252,#11560,#6726,.T.);
#7850=EDGE_CURVE('',#12253,#12252,#6576,.T.);
#7851=EDGE_CURVE('',#11560,#12253,#6577,.T.);
#7852=EDGE_CURVE('',#12257,#12260,#9408,.T.);
#7853=EDGE_CURVE('',#12256,#11559,#9409,.T.);
#7854=EDGE_CURVE('',#12255,#12259,#9410,.T.);
#7855=EDGE_CURVE('',#12254,#12258,#9411,.T.);
#7856=EDGE_CURVE('',#12255,#12254,#9412,.T.);
#7857=EDGE_CURVE('',#12256,#12255,#9413,.T.);
#7858=EDGE_CURVE('',#12254,#12257,#9414,.T.);
#7859=EDGE_CURVE('',#12259,#12258,#9415,.T.);
#7860=EDGE_CURVE('',#11559,#12259,#9416,.T.);
#7861=EDGE_CURVE('',#12260,#11559,#9417,.T.);
#7862=EDGE_CURVE('',#12258,#12260,#9418,.T.);
#7863=EDGE_CURVE('',#11554,#12263,#9419,.T.);
#7864=EDGE_CURVE('',#11555,#12262,#9420,.T.);
#7865=EDGE_CURVE('',#11558,#11556,#9421,.T.);
#7866=EDGE_CURVE('',#11557,#12261,#9422,.T.);
#7867=EDGE_CURVE('',#11555,#11558,#9423,.T.);
#7868=EDGE_CURVE('',#11554,#11555,#9424,.T.);
#7869=EDGE_CURVE('',#11557,#11554,#9425,.T.);
#7870=EDGE_CURVE('',#11556,#12261,#9426,.T.);
#7871=EDGE_CURVE('',#12262,#11556,#9427,.T.);
#7872=EDGE_CURVE('',#12263,#12262,#9428,.T.);
#7873=EDGE_CURVE('',#12261,#12263,#9429,.T.);
#7874=EDGE_CURVE('',#12266,#12268,#9430,.T.);
#7875=EDGE_CURVE('',#12265,#12267,#9431,.T.);
#7876=EDGE_CURVE('',#12264,#11553,#9432,.T.);
#7877=EDGE_CURVE('',#12266,#12265,#6578,.T.);
#7878=EDGE_CURVE('',#12264,#12266,#6579,.T.);
#7879=EDGE_CURVE('',#12267,#11553,#6727,.T.);
#7880=EDGE_CURVE('',#12268,#12267,#6580,.T.);
#7881=EDGE_CURVE('',#11553,#12268,#6581,.T.);
#7882=EDGE_CURVE('',#12272,#12275,#9433,.T.);
#7883=EDGE_CURVE('',#12271,#11552,#9434,.T.);
#7884=EDGE_CURVE('',#12270,#12274,#9435,.T.);
#7885=EDGE_CURVE('',#12269,#12273,#9436,.T.);
#7886=EDGE_CURVE('',#12270,#12269,#9437,.T.);
#7887=EDGE_CURVE('',#12271,#12270,#9438,.T.);
#7888=EDGE_CURVE('',#12269,#12272,#9439,.T.);
#7889=EDGE_CURVE('',#12274,#12273,#9440,.T.);
#7890=EDGE_CURVE('',#11552,#12274,#9441,.T.);
#7891=EDGE_CURVE('',#12275,#11552,#9442,.T.);
#7892=EDGE_CURVE('',#12273,#12275,#9443,.T.);
#7893=EDGE_CURVE('',#11547,#12278,#9444,.T.);
#7894=EDGE_CURVE('',#11548,#12277,#9445,.T.);
#7895=EDGE_CURVE('',#11551,#11549,#9446,.T.);
#7896=EDGE_CURVE('',#11550,#12276,#9447,.T.);
#7897=EDGE_CURVE('',#11548,#11551,#9448,.T.);
#7898=EDGE_CURVE('',#11547,#11548,#9449,.T.);
#7899=EDGE_CURVE('',#11550,#11547,#9450,.T.);
#7900=EDGE_CURVE('',#11549,#12276,#9451,.T.);
#7901=EDGE_CURVE('',#12277,#11549,#9452,.T.);
#7902=EDGE_CURVE('',#12278,#12277,#9453,.T.);
#7903=EDGE_CURVE('',#12276,#12278,#9454,.T.);
#7904=EDGE_CURVE('',#12281,#12283,#9455,.T.);
#7905=EDGE_CURVE('',#12280,#12282,#9456,.T.);
#7906=EDGE_CURVE('',#12279,#11546,#9457,.T.);
#7907=EDGE_CURVE('',#12281,#12280,#6582,.T.);
#7908=EDGE_CURVE('',#12279,#12281,#6583,.T.);
#7909=EDGE_CURVE('',#12282,#11546,#6728,.T.);
#7910=EDGE_CURVE('',#12283,#12282,#6584,.T.);
#7911=EDGE_CURVE('',#11546,#12283,#6585,.T.);
#7912=EDGE_CURVE('',#12287,#12290,#9458,.T.);
#7913=EDGE_CURVE('',#12286,#11545,#9459,.T.);
#7914=EDGE_CURVE('',#12285,#12289,#9460,.T.);
#7915=EDGE_CURVE('',#12284,#12288,#9461,.T.);
#7916=EDGE_CURVE('',#12285,#12284,#9462,.T.);
#7917=EDGE_CURVE('',#12286,#12285,#9463,.T.);
#7918=EDGE_CURVE('',#12284,#12287,#9464,.T.);
#7919=EDGE_CURVE('',#12289,#12288,#9465,.T.);
#7920=EDGE_CURVE('',#11545,#12289,#9466,.T.);
#7921=EDGE_CURVE('',#12290,#11545,#9467,.T.);
#7922=EDGE_CURVE('',#12288,#12290,#9468,.T.);
#7923=EDGE_CURVE('',#11540,#12293,#9469,.T.);
#7924=EDGE_CURVE('',#11541,#12292,#9470,.T.);
#7925=EDGE_CURVE('',#11544,#11542,#9471,.T.);
#7926=EDGE_CURVE('',#11543,#12291,#9472,.T.);
#7927=EDGE_CURVE('',#11541,#11544,#9473,.T.);
#7928=EDGE_CURVE('',#11540,#11541,#9474,.T.);
#7929=EDGE_CURVE('',#11543,#11540,#9475,.T.);
#7930=EDGE_CURVE('',#11542,#12291,#9476,.T.);
#7931=EDGE_CURVE('',#12292,#11542,#9477,.T.);
#7932=EDGE_CURVE('',#12293,#12292,#9478,.T.);
#7933=EDGE_CURVE('',#12291,#12293,#9479,.T.);
#7934=EDGE_CURVE('',#12296,#12298,#9480,.T.);
#7935=EDGE_CURVE('',#12295,#12297,#9481,.T.);
#7936=EDGE_CURVE('',#12294,#11539,#9482,.T.);
#7937=EDGE_CURVE('',#12296,#12295,#6586,.T.);
#7938=EDGE_CURVE('',#12294,#12296,#6587,.T.);
#7939=EDGE_CURVE('',#12297,#11539,#6729,.T.);
#7940=EDGE_CURVE('',#12298,#12297,#6588,.T.);
#7941=EDGE_CURVE('',#11539,#12298,#6589,.T.);
#7942=EDGE_CURVE('',#12302,#12305,#9483,.T.);
#7943=EDGE_CURVE('',#12301,#11538,#9484,.T.);
#7944=EDGE_CURVE('',#12300,#12304,#9485,.T.);
#7945=EDGE_CURVE('',#12299,#12303,#9486,.T.);
#7946=EDGE_CURVE('',#12300,#12299,#9487,.T.);
#7947=EDGE_CURVE('',#12301,#12300,#9488,.T.);
#7948=EDGE_CURVE('',#12299,#12302,#9489,.T.);
#7949=EDGE_CURVE('',#12304,#12303,#9490,.T.);
#7950=EDGE_CURVE('',#11538,#12304,#9491,.T.);
#7951=EDGE_CURVE('',#12305,#11538,#9492,.T.);
#7952=EDGE_CURVE('',#12303,#12305,#9493,.T.);
#7953=EDGE_CURVE('',#11533,#12308,#9494,.T.);
#7954=EDGE_CURVE('',#11534,#12307,#9495,.T.);
#7955=EDGE_CURVE('',#11537,#11535,#9496,.T.);
#7956=EDGE_CURVE('',#11536,#12306,#9497,.T.);
#7957=EDGE_CURVE('',#11534,#11537,#9498,.T.);
#7958=EDGE_CURVE('',#11533,#11534,#9499,.T.);
#7959=EDGE_CURVE('',#11536,#11533,#9500,.T.);
#7960=EDGE_CURVE('',#11535,#12306,#9501,.T.);
#7961=EDGE_CURVE('',#12307,#11535,#9502,.T.);
#7962=EDGE_CURVE('',#12308,#12307,#9503,.T.);
#7963=EDGE_CURVE('',#12306,#12308,#9504,.T.);
#7964=EDGE_CURVE('',#12311,#12313,#9505,.T.);
#7965=EDGE_CURVE('',#12310,#12312,#9506,.T.);
#7966=EDGE_CURVE('',#12309,#11532,#9507,.T.);
#7967=EDGE_CURVE('',#12311,#12310,#6590,.T.);
#7968=EDGE_CURVE('',#12309,#12311,#6591,.T.);
#7969=EDGE_CURVE('',#12312,#11532,#6730,.T.);
#7970=EDGE_CURVE('',#12313,#12312,#6592,.T.);
#7971=EDGE_CURVE('',#11532,#12313,#6593,.T.);
#7972=EDGE_CURVE('',#12317,#12320,#9508,.T.);
#7973=EDGE_CURVE('',#12316,#11531,#9509,.T.);
#7974=EDGE_CURVE('',#12315,#12319,#9510,.T.);
#7975=EDGE_CURVE('',#12314,#12318,#9511,.T.);
#7976=EDGE_CURVE('',#12315,#12314,#9512,.T.);
#7977=EDGE_CURVE('',#12316,#12315,#9513,.T.);
#7978=EDGE_CURVE('',#12314,#12317,#9514,.T.);
#7979=EDGE_CURVE('',#12319,#12318,#9515,.T.);
#7980=EDGE_CURVE('',#11531,#12319,#9516,.T.);
#7981=EDGE_CURVE('',#12320,#11531,#9517,.T.);
#7982=EDGE_CURVE('',#12318,#12320,#9518,.T.);
#7983=EDGE_CURVE('',#11526,#12323,#9519,.T.);
#7984=EDGE_CURVE('',#11527,#12322,#9520,.T.);
#7985=EDGE_CURVE('',#11530,#11528,#9521,.T.);
#7986=EDGE_CURVE('',#11529,#12321,#9522,.T.);
#7987=EDGE_CURVE('',#11527,#11530,#9523,.T.);
#7988=EDGE_CURVE('',#11526,#11527,#9524,.T.);
#7989=EDGE_CURVE('',#11529,#11526,#9525,.T.);
#7990=EDGE_CURVE('',#11528,#12321,#9526,.T.);
#7991=EDGE_CURVE('',#12322,#11528,#9527,.T.);
#7992=EDGE_CURVE('',#12323,#12322,#9528,.T.);
#7993=EDGE_CURVE('',#12321,#12323,#9529,.T.);
#7994=EDGE_CURVE('',#12326,#12328,#9530,.T.);
#7995=EDGE_CURVE('',#12325,#12327,#9531,.T.);
#7996=EDGE_CURVE('',#12324,#11525,#9532,.T.);
#7997=EDGE_CURVE('',#12326,#12325,#6594,.T.);
#7998=EDGE_CURVE('',#12324,#12326,#6595,.T.);
#7999=EDGE_CURVE('',#12327,#11525,#6731,.T.);
#8000=EDGE_CURVE('',#12328,#12327,#6596,.T.);
#8001=EDGE_CURVE('',#11525,#12328,#6597,.T.);
#8002=EDGE_CURVE('',#12332,#12335,#9533,.T.);
#8003=EDGE_CURVE('',#12331,#11524,#9534,.T.);
#8004=EDGE_CURVE('',#12330,#12334,#9535,.T.);
#8005=EDGE_CURVE('',#12329,#12333,#9536,.T.);
#8006=EDGE_CURVE('',#12330,#12329,#9537,.T.);
#8007=EDGE_CURVE('',#12331,#12330,#9538,.T.);
#8008=EDGE_CURVE('',#12329,#12332,#9539,.T.);
#8009=EDGE_CURVE('',#12334,#12333,#9540,.T.);
#8010=EDGE_CURVE('',#11524,#12334,#9541,.T.);
#8011=EDGE_CURVE('',#12335,#11524,#9542,.T.);
#8012=EDGE_CURVE('',#12333,#12335,#9543,.T.);
#8013=EDGE_CURVE('',#11519,#12338,#9544,.T.);
#8014=EDGE_CURVE('',#11520,#12337,#9545,.T.);
#8015=EDGE_CURVE('',#11523,#11521,#9546,.T.);
#8016=EDGE_CURVE('',#11522,#12336,#9547,.T.);
#8017=EDGE_CURVE('',#11520,#11523,#9548,.T.);
#8018=EDGE_CURVE('',#11519,#11520,#9549,.T.);
#8019=EDGE_CURVE('',#11522,#11519,#9550,.T.);
#8020=EDGE_CURVE('',#11521,#12336,#9551,.T.);
#8021=EDGE_CURVE('',#12337,#11521,#9552,.T.);
#8022=EDGE_CURVE('',#12338,#12337,#9553,.T.);
#8023=EDGE_CURVE('',#12336,#12338,#9554,.T.);
#8024=EDGE_CURVE('',#12341,#12343,#9555,.T.);
#8025=EDGE_CURVE('',#12340,#12342,#9556,.T.);
#8026=EDGE_CURVE('',#12339,#11518,#9557,.T.);
#8027=EDGE_CURVE('',#12341,#12340,#6598,.T.);
#8028=EDGE_CURVE('',#12339,#12341,#6599,.T.);
#8029=EDGE_CURVE('',#12342,#11518,#6732,.T.);
#8030=EDGE_CURVE('',#12343,#12342,#6600,.T.);
#8031=EDGE_CURVE('',#11518,#12343,#6601,.T.);
#8032=EDGE_CURVE('',#12347,#12350,#9558,.T.);
#8033=EDGE_CURVE('',#12346,#11517,#9559,.T.);
#8034=EDGE_CURVE('',#12345,#12349,#9560,.T.);
#8035=EDGE_CURVE('',#12344,#12348,#9561,.T.);
#8036=EDGE_CURVE('',#12345,#12344,#9562,.T.);
#8037=EDGE_CURVE('',#12346,#12345,#9563,.T.);
#8038=EDGE_CURVE('',#12344,#12347,#9564,.T.);
#8039=EDGE_CURVE('',#12349,#12348,#9565,.T.);
#8040=EDGE_CURVE('',#11517,#12349,#9566,.T.);
#8041=EDGE_CURVE('',#12350,#11517,#9567,.T.);
#8042=EDGE_CURVE('',#12348,#12350,#9568,.T.);
#8043=EDGE_CURVE('',#11512,#12353,#9569,.T.);
#8044=EDGE_CURVE('',#11513,#12352,#9570,.T.);
#8045=EDGE_CURVE('',#11516,#11514,#9571,.T.);
#8046=EDGE_CURVE('',#11515,#12351,#9572,.T.);
#8047=EDGE_CURVE('',#11513,#11516,#9573,.T.);
#8048=EDGE_CURVE('',#11512,#11513,#9574,.T.);
#8049=EDGE_CURVE('',#11515,#11512,#9575,.T.);
#8050=EDGE_CURVE('',#11514,#12351,#9576,.T.);
#8051=EDGE_CURVE('',#12352,#11514,#9577,.T.);
#8052=EDGE_CURVE('',#12353,#12352,#9578,.T.);
#8053=EDGE_CURVE('',#12351,#12353,#9579,.T.);
#8054=EDGE_CURVE('',#12356,#12358,#9580,.T.);
#8055=EDGE_CURVE('',#12355,#12357,#9581,.T.);
#8056=EDGE_CURVE('',#12354,#11511,#9582,.T.);
#8057=EDGE_CURVE('',#12356,#12355,#6602,.T.);
#8058=EDGE_CURVE('',#12354,#12356,#6603,.T.);
#8059=EDGE_CURVE('',#12357,#11511,#6733,.T.);
#8060=EDGE_CURVE('',#12358,#12357,#6604,.T.);
#8061=EDGE_CURVE('',#11511,#12358,#6605,.T.);
#8062=EDGE_CURVE('',#12362,#12365,#9583,.T.);
#8063=EDGE_CURVE('',#12361,#11510,#9584,.T.);
#8064=EDGE_CURVE('',#12360,#12364,#9585,.T.);
#8065=EDGE_CURVE('',#12359,#12363,#9586,.T.);
#8066=EDGE_CURVE('',#12360,#12359,#9587,.T.);
#8067=EDGE_CURVE('',#12361,#12360,#9588,.T.);
#8068=EDGE_CURVE('',#12359,#12362,#9589,.T.);
#8069=EDGE_CURVE('',#12364,#12363,#9590,.T.);
#8070=EDGE_CURVE('',#11510,#12364,#9591,.T.);
#8071=EDGE_CURVE('',#12365,#11510,#9592,.T.);
#8072=EDGE_CURVE('',#12363,#12365,#9593,.T.);
#8073=EDGE_CURVE('',#11505,#12368,#9594,.T.);
#8074=EDGE_CURVE('',#11506,#12367,#9595,.T.);
#8075=EDGE_CURVE('',#11509,#11507,#9596,.T.);
#8076=EDGE_CURVE('',#11508,#12366,#9597,.T.);
#8077=EDGE_CURVE('',#11506,#11509,#9598,.T.);
#8078=EDGE_CURVE('',#11505,#11506,#9599,.T.);
#8079=EDGE_CURVE('',#11508,#11505,#9600,.T.);
#8080=EDGE_CURVE('',#11507,#12366,#9601,.T.);
#8081=EDGE_CURVE('',#12367,#11507,#9602,.T.);
#8082=EDGE_CURVE('',#12368,#12367,#9603,.T.);
#8083=EDGE_CURVE('',#12366,#12368,#9604,.T.);
#8084=EDGE_CURVE('',#12371,#12373,#9605,.T.);
#8085=EDGE_CURVE('',#12370,#12372,#9606,.T.);
#8086=EDGE_CURVE('',#12369,#11504,#9607,.T.);
#8087=EDGE_CURVE('',#12371,#12370,#6606,.T.);
#8088=EDGE_CURVE('',#12369,#12371,#6607,.T.);
#8089=EDGE_CURVE('',#12372,#11504,#6734,.T.);
#8090=EDGE_CURVE('',#12373,#12372,#6608,.T.);
#8091=EDGE_CURVE('',#11504,#12373,#6609,.T.);
#8092=EDGE_CURVE('',#12377,#12380,#9608,.T.);
#8093=EDGE_CURVE('',#12376,#11503,#9609,.T.);
#8094=EDGE_CURVE('',#12375,#12379,#9610,.T.);
#8095=EDGE_CURVE('',#12374,#12378,#9611,.T.);
#8096=EDGE_CURVE('',#12375,#12374,#9612,.T.);
#8097=EDGE_CURVE('',#12376,#12375,#9613,.T.);
#8098=EDGE_CURVE('',#12374,#12377,#9614,.T.);
#8099=EDGE_CURVE('',#12379,#12378,#9615,.T.);
#8100=EDGE_CURVE('',#11503,#12379,#9616,.T.);
#8101=EDGE_CURVE('',#12380,#11503,#9617,.T.);
#8102=EDGE_CURVE('',#12378,#12380,#9618,.T.);
#8103=EDGE_CURVE('',#11498,#12383,#9619,.T.);
#8104=EDGE_CURVE('',#11499,#12382,#9620,.T.);
#8105=EDGE_CURVE('',#11502,#11500,#9621,.T.);
#8106=EDGE_CURVE('',#11501,#12381,#9622,.T.);
#8107=EDGE_CURVE('',#11499,#11502,#9623,.T.);
#8108=EDGE_CURVE('',#11498,#11499,#9624,.T.);
#8109=EDGE_CURVE('',#11501,#11498,#9625,.T.);
#8110=EDGE_CURVE('',#11500,#12381,#9626,.T.);
#8111=EDGE_CURVE('',#12382,#11500,#9627,.T.);
#8112=EDGE_CURVE('',#12383,#12382,#9628,.T.);
#8113=EDGE_CURVE('',#12381,#12383,#9629,.T.);
#8114=EDGE_CURVE('',#12386,#12388,#9630,.T.);
#8115=EDGE_CURVE('',#12385,#12387,#9631,.T.);
#8116=EDGE_CURVE('',#12384,#11497,#9632,.T.);
#8117=EDGE_CURVE('',#12386,#12385,#6610,.T.);
#8118=EDGE_CURVE('',#12384,#12386,#6611,.T.);
#8119=EDGE_CURVE('',#12387,#11497,#6735,.T.);
#8120=EDGE_CURVE('',#12388,#12387,#6612,.T.);
#8121=EDGE_CURVE('',#11497,#12388,#6613,.T.);
#8122=EDGE_CURVE('',#12392,#12395,#9633,.T.);
#8123=EDGE_CURVE('',#12391,#11496,#9634,.T.);
#8124=EDGE_CURVE('',#12390,#12394,#9635,.T.);
#8125=EDGE_CURVE('',#12389,#12393,#9636,.T.);
#8126=EDGE_CURVE('',#12390,#12389,#9637,.T.);
#8127=EDGE_CURVE('',#12391,#12390,#9638,.T.);
#8128=EDGE_CURVE('',#12389,#12392,#9639,.T.);
#8129=EDGE_CURVE('',#12394,#12393,#9640,.T.);
#8130=EDGE_CURVE('',#11496,#12394,#9641,.T.);
#8131=EDGE_CURVE('',#12395,#11496,#9642,.T.);
#8132=EDGE_CURVE('',#12393,#12395,#9643,.T.);
#8133=EDGE_CURVE('',#11491,#12398,#9644,.T.);
#8134=EDGE_CURVE('',#11492,#12397,#9645,.T.);
#8135=EDGE_CURVE('',#11495,#11493,#9646,.T.);
#8136=EDGE_CURVE('',#11494,#12396,#9647,.T.);
#8137=EDGE_CURVE('',#11492,#11495,#9648,.T.);
#8138=EDGE_CURVE('',#11491,#11492,#9649,.T.);
#8139=EDGE_CURVE('',#11494,#11491,#9650,.T.);
#8140=EDGE_CURVE('',#11493,#12396,#9651,.T.);
#8141=EDGE_CURVE('',#12397,#11493,#9652,.T.);
#8142=EDGE_CURVE('',#12398,#12397,#9653,.T.);
#8143=EDGE_CURVE('',#12396,#12398,#9654,.T.);
#8144=EDGE_CURVE('',#12401,#12403,#9655,.T.);
#8145=EDGE_CURVE('',#12400,#12402,#9656,.T.);
#8146=EDGE_CURVE('',#12399,#11490,#9657,.T.);
#8147=EDGE_CURVE('',#12401,#12400,#6614,.T.);
#8148=EDGE_CURVE('',#12399,#12401,#6615,.T.);
#8149=EDGE_CURVE('',#12402,#11490,#6736,.T.);
#8150=EDGE_CURVE('',#12403,#12402,#6616,.T.);
#8151=EDGE_CURVE('',#11490,#12403,#6617,.T.);
#8152=EDGE_CURVE('',#12407,#12410,#9658,.T.);
#8153=EDGE_CURVE('',#12406,#11489,#9659,.T.);
#8154=EDGE_CURVE('',#12405,#12409,#9660,.T.);
#8155=EDGE_CURVE('',#12404,#12408,#9661,.T.);
#8156=EDGE_CURVE('',#12405,#12404,#9662,.T.);
#8157=EDGE_CURVE('',#12406,#12405,#9663,.T.);
#8158=EDGE_CURVE('',#12404,#12407,#9664,.T.);
#8159=EDGE_CURVE('',#12409,#12408,#9665,.T.);
#8160=EDGE_CURVE('',#11489,#12409,#9666,.T.);
#8161=EDGE_CURVE('',#12410,#11489,#9667,.T.);
#8162=EDGE_CURVE('',#12408,#12410,#9668,.T.);
#8163=EDGE_CURVE('',#11484,#12413,#9669,.T.);
#8164=EDGE_CURVE('',#11485,#12412,#9670,.T.);
#8165=EDGE_CURVE('',#11488,#11486,#9671,.T.);
#8166=EDGE_CURVE('',#11487,#12411,#9672,.T.);
#8167=EDGE_CURVE('',#11485,#11488,#9673,.T.);
#8168=EDGE_CURVE('',#11484,#11485,#9674,.T.);
#8169=EDGE_CURVE('',#11487,#11484,#9675,.T.);
#8170=EDGE_CURVE('',#11486,#12411,#9676,.T.);
#8171=EDGE_CURVE('',#12412,#11486,#9677,.T.);
#8172=EDGE_CURVE('',#12413,#12412,#9678,.T.);
#8173=EDGE_CURVE('',#12411,#12413,#9679,.T.);
#8174=EDGE_CURVE('',#12416,#12418,#9680,.T.);
#8175=EDGE_CURVE('',#12415,#12417,#9681,.T.);
#8176=EDGE_CURVE('',#12414,#11483,#9682,.T.);
#8177=EDGE_CURVE('',#12416,#12415,#6618,.T.);
#8178=EDGE_CURVE('',#12414,#12416,#6619,.T.);
#8179=EDGE_CURVE('',#12417,#11483,#6737,.T.);
#8180=EDGE_CURVE('',#12418,#12417,#6620,.T.);
#8181=EDGE_CURVE('',#11483,#12418,#6621,.T.);
#8182=EDGE_CURVE('',#12422,#12425,#9683,.T.);
#8183=EDGE_CURVE('',#12421,#11482,#9684,.T.);
#8184=EDGE_CURVE('',#12420,#12424,#9685,.T.);
#8185=EDGE_CURVE('',#12419,#12423,#9686,.T.);
#8186=EDGE_CURVE('',#12420,#12419,#9687,.T.);
#8187=EDGE_CURVE('',#12421,#12420,#9688,.T.);
#8188=EDGE_CURVE('',#12419,#12422,#9689,.T.);
#8189=EDGE_CURVE('',#12424,#12423,#9690,.T.);
#8190=EDGE_CURVE('',#11482,#12424,#9691,.T.);
#8191=EDGE_CURVE('',#12425,#11482,#9692,.T.);
#8192=EDGE_CURVE('',#12423,#12425,#9693,.T.);
#8193=EDGE_CURVE('',#11477,#12428,#9694,.T.);
#8194=EDGE_CURVE('',#11478,#12427,#9695,.T.);
#8195=EDGE_CURVE('',#11481,#11479,#9696,.T.);
#8196=EDGE_CURVE('',#11480,#12426,#9697,.T.);
#8197=EDGE_CURVE('',#11478,#11481,#9698,.T.);
#8198=EDGE_CURVE('',#11477,#11478,#9699,.T.);
#8199=EDGE_CURVE('',#11480,#11477,#9700,.T.);
#8200=EDGE_CURVE('',#11479,#12426,#9701,.T.);
#8201=EDGE_CURVE('',#12427,#11479,#9702,.T.);
#8202=EDGE_CURVE('',#12428,#12427,#9703,.T.);
#8203=EDGE_CURVE('',#12426,#12428,#9704,.T.);
#8204=EDGE_CURVE('',#12431,#12433,#9705,.T.);
#8205=EDGE_CURVE('',#12430,#12432,#9706,.T.);
#8206=EDGE_CURVE('',#12429,#11476,#9707,.T.);
#8207=EDGE_CURVE('',#12431,#12430,#6622,.T.);
#8208=EDGE_CURVE('',#12429,#12431,#6623,.T.);
#8209=EDGE_CURVE('',#12432,#11476,#6738,.T.);
#8210=EDGE_CURVE('',#12433,#12432,#6624,.T.);
#8211=EDGE_CURVE('',#11476,#12433,#6625,.T.);
#8212=EDGE_CURVE('',#12437,#12440,#9708,.T.);
#8213=EDGE_CURVE('',#12436,#11475,#9709,.T.);
#8214=EDGE_CURVE('',#12435,#12439,#9710,.T.);
#8215=EDGE_CURVE('',#12434,#12438,#9711,.T.);
#8216=EDGE_CURVE('',#12435,#12434,#9712,.T.);
#8217=EDGE_CURVE('',#12436,#12435,#9713,.T.);
#8218=EDGE_CURVE('',#12434,#12437,#9714,.T.);
#8219=EDGE_CURVE('',#12439,#12438,#9715,.T.);
#8220=EDGE_CURVE('',#11475,#12439,#9716,.T.);
#8221=EDGE_CURVE('',#12440,#11475,#9717,.T.);
#8222=EDGE_CURVE('',#12438,#12440,#9718,.T.);
#8223=EDGE_CURVE('',#11470,#12443,#9719,.T.);
#8224=EDGE_CURVE('',#11471,#12442,#9720,.T.);
#8225=EDGE_CURVE('',#11474,#11472,#9721,.T.);
#8226=EDGE_CURVE('',#11473,#12441,#9722,.T.);
#8227=EDGE_CURVE('',#11471,#11474,#9723,.T.);
#8228=EDGE_CURVE('',#11470,#11471,#9724,.T.);
#8229=EDGE_CURVE('',#11473,#11470,#9725,.T.);
#8230=EDGE_CURVE('',#11472,#12441,#9726,.T.);
#8231=EDGE_CURVE('',#12442,#11472,#9727,.T.);
#8232=EDGE_CURVE('',#12443,#12442,#9728,.T.);
#8233=EDGE_CURVE('',#12441,#12443,#9729,.T.);
#8234=EDGE_CURVE('',#12446,#12448,#9730,.T.);
#8235=EDGE_CURVE('',#12445,#12447,#9731,.T.);
#8236=EDGE_CURVE('',#12444,#11469,#9732,.T.);
#8237=EDGE_CURVE('',#12446,#12445,#6626,.T.);
#8238=EDGE_CURVE('',#12444,#12446,#6627,.T.);
#8239=EDGE_CURVE('',#12447,#11469,#6739,.T.);
#8240=EDGE_CURVE('',#12448,#12447,#6628,.T.);
#8241=EDGE_CURVE('',#11469,#12448,#6629,.T.);
#8242=EDGE_CURVE('',#12452,#12455,#9733,.T.);
#8243=EDGE_CURVE('',#12451,#11468,#9734,.T.);
#8244=EDGE_CURVE('',#12450,#12454,#9735,.T.);
#8245=EDGE_CURVE('',#12449,#12453,#9736,.T.);
#8246=EDGE_CURVE('',#12450,#12449,#9737,.T.);
#8247=EDGE_CURVE('',#12451,#12450,#9738,.T.);
#8248=EDGE_CURVE('',#12449,#12452,#9739,.T.);
#8249=EDGE_CURVE('',#12454,#12453,#9740,.T.);
#8250=EDGE_CURVE('',#11468,#12454,#9741,.T.);
#8251=EDGE_CURVE('',#12455,#11468,#9742,.T.);
#8252=EDGE_CURVE('',#12453,#12455,#9743,.T.);
#8253=EDGE_CURVE('',#11463,#12458,#9744,.T.);
#8254=EDGE_CURVE('',#11464,#12457,#9745,.T.);
#8255=EDGE_CURVE('',#11467,#11465,#9746,.T.);
#8256=EDGE_CURVE('',#11466,#12456,#9747,.T.);
#8257=EDGE_CURVE('',#11464,#11467,#9748,.T.);
#8258=EDGE_CURVE('',#11463,#11464,#9749,.T.);
#8259=EDGE_CURVE('',#11466,#11463,#9750,.T.);
#8260=EDGE_CURVE('',#11465,#12456,#9751,.T.);
#8261=EDGE_CURVE('',#12457,#11465,#9752,.T.);
#8262=EDGE_CURVE('',#12458,#12457,#9753,.T.);
#8263=EDGE_CURVE('',#12456,#12458,#9754,.T.);
#8264=EDGE_CURVE('',#12461,#12463,#9755,.T.);
#8265=EDGE_CURVE('',#12460,#12462,#9756,.T.);
#8266=EDGE_CURVE('',#12459,#11462,#9757,.T.);
#8267=EDGE_CURVE('',#12461,#12460,#6630,.T.);
#8268=EDGE_CURVE('',#12459,#12461,#6631,.T.);
#8269=EDGE_CURVE('',#12462,#11462,#6740,.T.);
#8270=EDGE_CURVE('',#12463,#12462,#6632,.T.);
#8271=EDGE_CURVE('',#11462,#12463,#6633,.T.);
#8272=EDGE_CURVE('',#12467,#12470,#9758,.T.);
#8273=EDGE_CURVE('',#12466,#11461,#9759,.T.);
#8274=EDGE_CURVE('',#12465,#12469,#9760,.T.);
#8275=EDGE_CURVE('',#12464,#12468,#9761,.T.);
#8276=EDGE_CURVE('',#12465,#12464,#9762,.T.);
#8277=EDGE_CURVE('',#12466,#12465,#9763,.T.);
#8278=EDGE_CURVE('',#12464,#12467,#9764,.T.);
#8279=EDGE_CURVE('',#12469,#12468,#9765,.T.);
#8280=EDGE_CURVE('',#11461,#12469,#9766,.T.);
#8281=EDGE_CURVE('',#12470,#11461,#9767,.T.);
#8282=EDGE_CURVE('',#12468,#12470,#9768,.T.);
#8283=EDGE_CURVE('',#11456,#12473,#9769,.T.);
#8284=EDGE_CURVE('',#11457,#12472,#9770,.T.);
#8285=EDGE_CURVE('',#11460,#11458,#9771,.T.);
#8286=EDGE_CURVE('',#11459,#12471,#9772,.T.);
#8287=EDGE_CURVE('',#11457,#11460,#9773,.T.);
#8288=EDGE_CURVE('',#11456,#11457,#9774,.T.);
#8289=EDGE_CURVE('',#11459,#11456,#9775,.T.);
#8290=EDGE_CURVE('',#11458,#12471,#9776,.T.);
#8291=EDGE_CURVE('',#12472,#11458,#9777,.T.);
#8292=EDGE_CURVE('',#12473,#12472,#9778,.T.);
#8293=EDGE_CURVE('',#12471,#12473,#9779,.T.);
#8294=EDGE_CURVE('',#12476,#12478,#9780,.T.);
#8295=EDGE_CURVE('',#12475,#12477,#9781,.T.);
#8296=EDGE_CURVE('',#12474,#11455,#9782,.T.);
#8297=EDGE_CURVE('',#12476,#12475,#6634,.T.);
#8298=EDGE_CURVE('',#12474,#12476,#6635,.T.);
#8299=EDGE_CURVE('',#12477,#11455,#6741,.T.);
#8300=EDGE_CURVE('',#12478,#12477,#6636,.T.);
#8301=EDGE_CURVE('',#11455,#12478,#6637,.T.);
#8302=EDGE_CURVE('',#12482,#12485,#9783,.T.);
#8303=EDGE_CURVE('',#12481,#11454,#9784,.T.);
#8304=EDGE_CURVE('',#12480,#12484,#9785,.T.);
#8305=EDGE_CURVE('',#12479,#12483,#9786,.T.);
#8306=EDGE_CURVE('',#12480,#12479,#9787,.T.);
#8307=EDGE_CURVE('',#12481,#12480,#9788,.T.);
#8308=EDGE_CURVE('',#12479,#12482,#9789,.T.);
#8309=EDGE_CURVE('',#12484,#12483,#9790,.T.);
#8310=EDGE_CURVE('',#11454,#12484,#9791,.T.);
#8311=EDGE_CURVE('',#12485,#11454,#9792,.T.);
#8312=EDGE_CURVE('',#12483,#12485,#9793,.T.);
#8313=EDGE_CURVE('',#11449,#12488,#9794,.T.);
#8314=EDGE_CURVE('',#11450,#12487,#9795,.T.);
#8315=EDGE_CURVE('',#11453,#11451,#9796,.T.);
#8316=EDGE_CURVE('',#11452,#12486,#9797,.T.);
#8317=EDGE_CURVE('',#11450,#11453,#9798,.T.);
#8318=EDGE_CURVE('',#11449,#11450,#9799,.T.);
#8319=EDGE_CURVE('',#11452,#11449,#9800,.T.);
#8320=EDGE_CURVE('',#11451,#12486,#9801,.T.);
#8321=EDGE_CURVE('',#12487,#11451,#9802,.T.);
#8322=EDGE_CURVE('',#12488,#12487,#9803,.T.);
#8323=EDGE_CURVE('',#12486,#12488,#9804,.T.);
#8324=EDGE_CURVE('',#12491,#12493,#9805,.T.);
#8325=EDGE_CURVE('',#12490,#12492,#9806,.T.);
#8326=EDGE_CURVE('',#12489,#11448,#9807,.T.);
#8327=EDGE_CURVE('',#12491,#12490,#6638,.T.);
#8328=EDGE_CURVE('',#12489,#12491,#6639,.T.);
#8329=EDGE_CURVE('',#12492,#11448,#6742,.T.);
#8330=EDGE_CURVE('',#12493,#12492,#6640,.T.);
#8331=EDGE_CURVE('',#11448,#12493,#6641,.T.);
#8332=EDGE_CURVE('',#12497,#12500,#9808,.T.);
#8333=EDGE_CURVE('',#12496,#11447,#9809,.T.);
#8334=EDGE_CURVE('',#12495,#12499,#9810,.T.);
#8335=EDGE_CURVE('',#12494,#12498,#9811,.T.);
#8336=EDGE_CURVE('',#12495,#12494,#9812,.T.);
#8337=EDGE_CURVE('',#12496,#12495,#9813,.T.);
#8338=EDGE_CURVE('',#12494,#12497,#9814,.T.);
#8339=EDGE_CURVE('',#12499,#12498,#9815,.T.);
#8340=EDGE_CURVE('',#11447,#12499,#9816,.T.);
#8341=EDGE_CURVE('',#12500,#11447,#9817,.T.);
#8342=EDGE_CURVE('',#12498,#12500,#9818,.T.);
#8343=EDGE_CURVE('',#11442,#12503,#9819,.T.);
#8344=EDGE_CURVE('',#11443,#12502,#9820,.T.);
#8345=EDGE_CURVE('',#11446,#11444,#9821,.T.);
#8346=EDGE_CURVE('',#11445,#12501,#9822,.T.);
#8347=EDGE_CURVE('',#11443,#11446,#9823,.T.);
#8348=EDGE_CURVE('',#11442,#11443,#9824,.T.);
#8349=EDGE_CURVE('',#11445,#11442,#9825,.T.);
#8350=EDGE_CURVE('',#11444,#12501,#9826,.T.);
#8351=EDGE_CURVE('',#12502,#11444,#9827,.T.);
#8352=EDGE_CURVE('',#12503,#12502,#9828,.T.);
#8353=EDGE_CURVE('',#12501,#12503,#9829,.T.);
#8354=EDGE_CURVE('',#12506,#12508,#9830,.T.);
#8355=EDGE_CURVE('',#12505,#12507,#9831,.T.);
#8356=EDGE_CURVE('',#12504,#11441,#9832,.T.);
#8357=EDGE_CURVE('',#12506,#12505,#6642,.T.);
#8358=EDGE_CURVE('',#12504,#12506,#6643,.T.);
#8359=EDGE_CURVE('',#12507,#11441,#6743,.T.);
#8360=EDGE_CURVE('',#12508,#12507,#6644,.T.);
#8361=EDGE_CURVE('',#11441,#12508,#6645,.T.);
#8362=EDGE_CURVE('',#12512,#12515,#9833,.T.);
#8363=EDGE_CURVE('',#12511,#11440,#9834,.T.);
#8364=EDGE_CURVE('',#12510,#12514,#9835,.T.);
#8365=EDGE_CURVE('',#12509,#12513,#9836,.T.);
#8366=EDGE_CURVE('',#12510,#12509,#9837,.T.);
#8367=EDGE_CURVE('',#12511,#12510,#9838,.T.);
#8368=EDGE_CURVE('',#12509,#12512,#9839,.T.);
#8369=EDGE_CURVE('',#12514,#12513,#9840,.T.);
#8370=EDGE_CURVE('',#11440,#12514,#9841,.T.);
#8371=EDGE_CURVE('',#12515,#11440,#9842,.T.);
#8372=EDGE_CURVE('',#12513,#12515,#9843,.T.);
#8373=EDGE_CURVE('',#11435,#12518,#9844,.T.);
#8374=EDGE_CURVE('',#11436,#12517,#9845,.T.);
#8375=EDGE_CURVE('',#11439,#11437,#9846,.T.);
#8376=EDGE_CURVE('',#11438,#12516,#9847,.T.);
#8377=EDGE_CURVE('',#11436,#11439,#9848,.T.);
#8378=EDGE_CURVE('',#11435,#11436,#9849,.T.);
#8379=EDGE_CURVE('',#11438,#11435,#9850,.T.);
#8380=EDGE_CURVE('',#11437,#12516,#9851,.T.);
#8381=EDGE_CURVE('',#12517,#11437,#9852,.T.);
#8382=EDGE_CURVE('',#12518,#12517,#9853,.T.);
#8383=EDGE_CURVE('',#12516,#12518,#9854,.T.);
#8384=EDGE_CURVE('',#12521,#12523,#9855,.T.);
#8385=EDGE_CURVE('',#12520,#12522,#9856,.T.);
#8386=EDGE_CURVE('',#12519,#11434,#9857,.T.);
#8387=EDGE_CURVE('',#12521,#12520,#6646,.T.);
#8388=EDGE_CURVE('',#12519,#12521,#6647,.T.);
#8389=EDGE_CURVE('',#12522,#11434,#6744,.T.);
#8390=EDGE_CURVE('',#12523,#12522,#6648,.T.);
#8391=EDGE_CURVE('',#11434,#12523,#6649,.T.);
#8392=EDGE_CURVE('',#12527,#12530,#9858,.T.);
#8393=EDGE_CURVE('',#12526,#11433,#9859,.T.);
#8394=EDGE_CURVE('',#12525,#12529,#9860,.T.);
#8395=EDGE_CURVE('',#12524,#12528,#9861,.T.);
#8396=EDGE_CURVE('',#12525,#12524,#9862,.T.);
#8397=EDGE_CURVE('',#12526,#12525,#9863,.T.);
#8398=EDGE_CURVE('',#12524,#12527,#9864,.T.);
#8399=EDGE_CURVE('',#12529,#12528,#9865,.T.);
#8400=EDGE_CURVE('',#11433,#12529,#9866,.T.);
#8401=EDGE_CURVE('',#12530,#11433,#9867,.T.);
#8402=EDGE_CURVE('',#12528,#12530,#9868,.T.);
#8403=EDGE_CURVE('',#11428,#12533,#9869,.T.);
#8404=EDGE_CURVE('',#11429,#12532,#9870,.T.);
#8405=EDGE_CURVE('',#11432,#11430,#9871,.T.);
#8406=EDGE_CURVE('',#11431,#12531,#9872,.T.);
#8407=EDGE_CURVE('',#11429,#11432,#9873,.T.);
#8408=EDGE_CURVE('',#11428,#11429,#9874,.T.);
#8409=EDGE_CURVE('',#11431,#11428,#9875,.T.);
#8410=EDGE_CURVE('',#11430,#12531,#9876,.T.);
#8411=EDGE_CURVE('',#12532,#11430,#9877,.T.);
#8412=EDGE_CURVE('',#12533,#12532,#9878,.T.);
#8413=EDGE_CURVE('',#12531,#12533,#9879,.T.);
#8414=EDGE_CURVE('',#12536,#12538,#9880,.T.);
#8415=EDGE_CURVE('',#12535,#12537,#9881,.T.);
#8416=EDGE_CURVE('',#12534,#11427,#9882,.T.);
#8417=EDGE_CURVE('',#12536,#12535,#6650,.T.);
#8418=EDGE_CURVE('',#12534,#12536,#6651,.T.);
#8419=EDGE_CURVE('',#12537,#11427,#6745,.T.);
#8420=EDGE_CURVE('',#12538,#12537,#6652,.T.);
#8421=EDGE_CURVE('',#11427,#12538,#6653,.T.);
#8422=EDGE_CURVE('',#12542,#12545,#9883,.T.);
#8423=EDGE_CURVE('',#12541,#11426,#9884,.T.);
#8424=EDGE_CURVE('',#12540,#12544,#9885,.T.);
#8425=EDGE_CURVE('',#12539,#12543,#9886,.T.);
#8426=EDGE_CURVE('',#12540,#12539,#9887,.T.);
#8427=EDGE_CURVE('',#12541,#12540,#9888,.T.);
#8428=EDGE_CURVE('',#12539,#12542,#9889,.T.);
#8429=EDGE_CURVE('',#12544,#12543,#9890,.T.);
#8430=EDGE_CURVE('',#11426,#12544,#9891,.T.);
#8431=EDGE_CURVE('',#12545,#11426,#9892,.T.);
#8432=EDGE_CURVE('',#12543,#12545,#9893,.T.);
#8433=EDGE_CURVE('',#11421,#12548,#9894,.T.);
#8434=EDGE_CURVE('',#11422,#12547,#9895,.T.);
#8435=EDGE_CURVE('',#11425,#11423,#9896,.T.);
#8436=EDGE_CURVE('',#11424,#12546,#9897,.T.);
#8437=EDGE_CURVE('',#11422,#11425,#9898,.T.);
#8438=EDGE_CURVE('',#11421,#11422,#9899,.T.);
#8439=EDGE_CURVE('',#11424,#11421,#9900,.T.);
#8440=EDGE_CURVE('',#11423,#12546,#9901,.T.);
#8441=EDGE_CURVE('',#12547,#11423,#9902,.T.);
#8442=EDGE_CURVE('',#12548,#12547,#9903,.T.);
#8443=EDGE_CURVE('',#12546,#12548,#9904,.T.);
#8444=EDGE_CURVE('',#12551,#12553,#9905,.T.);
#8445=EDGE_CURVE('',#12550,#12552,#9906,.T.);
#8446=EDGE_CURVE('',#12549,#11420,#9907,.T.);
#8447=EDGE_CURVE('',#12551,#12550,#6654,.T.);
#8448=EDGE_CURVE('',#12549,#12551,#6655,.T.);
#8449=EDGE_CURVE('',#12552,#11420,#6746,.T.);
#8450=EDGE_CURVE('',#12553,#12552,#6656,.T.);
#8451=EDGE_CURVE('',#11420,#12553,#6657,.T.);
#8452=EDGE_CURVE('',#12557,#12560,#9908,.T.);
#8453=EDGE_CURVE('',#12556,#11419,#9909,.T.);
#8454=EDGE_CURVE('',#12555,#12559,#9910,.T.);
#8455=EDGE_CURVE('',#12554,#12558,#9911,.T.);
#8456=EDGE_CURVE('',#12555,#12554,#9912,.T.);
#8457=EDGE_CURVE('',#12556,#12555,#9913,.T.);
#8458=EDGE_CURVE('',#12554,#12557,#9914,.T.);
#8459=EDGE_CURVE('',#12559,#12558,#9915,.T.);
#8460=EDGE_CURVE('',#11419,#12559,#9916,.T.);
#8461=EDGE_CURVE('',#12560,#11419,#9917,.T.);
#8462=EDGE_CURVE('',#12558,#12560,#9918,.T.);
#8463=EDGE_CURVE('',#11414,#12563,#9919,.T.);
#8464=EDGE_CURVE('',#11415,#12562,#9920,.T.);
#8465=EDGE_CURVE('',#11418,#11416,#9921,.T.);
#8466=EDGE_CURVE('',#11417,#12561,#9922,.T.);
#8467=EDGE_CURVE('',#11415,#11418,#9923,.T.);
#8468=EDGE_CURVE('',#11414,#11415,#9924,.T.);
#8469=EDGE_CURVE('',#11417,#11414,#9925,.T.);
#8470=EDGE_CURVE('',#11416,#12561,#9926,.T.);
#8471=EDGE_CURVE('',#12562,#11416,#9927,.T.);
#8472=EDGE_CURVE('',#12563,#12562,#9928,.T.);
#8473=EDGE_CURVE('',#12561,#12563,#9929,.T.);
#8474=EDGE_CURVE('',#12567,#12570,#9930,.T.);
#8475=EDGE_CURVE('',#12566,#11413,#9931,.T.);
#8476=EDGE_CURVE('',#12565,#12569,#9932,.T.);
#8477=EDGE_CURVE('',#12564,#12568,#9933,.T.);
#8478=EDGE_CURVE('',#12565,#12564,#9934,.T.);
#8479=EDGE_CURVE('',#12566,#12565,#9935,.T.);
#8480=EDGE_CURVE('',#12564,#12567,#9936,.T.);
#8481=EDGE_CURVE('',#12569,#12568,#9937,.T.);
#8482=EDGE_CURVE('',#11413,#12569,#9938,.T.);
#8483=EDGE_CURVE('',#12570,#11413,#9939,.T.);
#8484=EDGE_CURVE('',#12568,#12570,#9940,.T.);
#8485=EDGE_CURVE('',#11408,#12573,#9941,.T.);
#8486=EDGE_CURVE('',#11409,#12572,#9942,.T.);
#8487=EDGE_CURVE('',#11412,#11410,#9943,.T.);
#8488=EDGE_CURVE('',#11411,#12571,#9944,.T.);
#8489=EDGE_CURVE('',#11409,#11412,#9945,.T.);
#8490=EDGE_CURVE('',#11408,#11409,#9946,.T.);
#8491=EDGE_CURVE('',#11411,#11408,#9947,.T.);
#8492=EDGE_CURVE('',#11410,#12571,#9948,.T.);
#8493=EDGE_CURVE('',#12572,#11410,#9949,.T.);
#8494=EDGE_CURVE('',#12573,#12572,#9950,.T.);
#8495=EDGE_CURVE('',#12571,#12573,#9951,.T.);
#8496=LINE('',#17569,#9952);
#8497=LINE('',#17570,#9953);
#8498=LINE('',#17571,#9954);
#8499=LINE('',#17572,#9955);
#8500=LINE('',#17573,#9956);
#8501=LINE('',#17574,#9957);
#8502=LINE('',#17575,#9958);
#8503=LINE('',#17576,#9959);
#8504=LINE('',#17577,#9960);
#8505=LINE('',#17578,#9961);
#8506=LINE('',#17579,#9962);
#8507=LINE('',#17580,#9963);
#8508=LINE('',#17581,#9964);
#8509=LINE('',#17582,#9965);
#8510=LINE('',#17583,#9966);
#8511=LINE('',#17584,#9967);
#8512=LINE('',#17585,#9968);
#8513=LINE('',#17586,#9969);
#8514=LINE('',#17587,#9970);
#8515=LINE('',#17588,#9971);
#8516=LINE('',#17589,#9972);
#8517=LINE('',#17590,#9973);
#8518=LINE('',#17591,#9974);
#8519=LINE('',#17592,#9975);
#8520=LINE('',#17593,#9976);
#8521=LINE('',#17594,#9977);
#8522=LINE('',#17595,#9978);
#8523=LINE('',#17596,#9979);
#8524=LINE('',#17597,#9980);
#8525=LINE('',#17598,#9981);
#8526=LINE('',#17599,#9982);
#8527=LINE('',#17600,#9983);
#8528=LINE('',#17601,#9984);
#8529=LINE('',#17602,#9985);
#8530=LINE('',#17603,#9986);
#8531=LINE('',#17604,#9987);
#8532=LINE('',#17605,#9988);
#8533=LINE('',#17606,#9989);
#8534=LINE('',#17607,#9990);
#8535=LINE('',#17608,#9991);
#8536=LINE('',#17609,#9992);
#8537=LINE('',#17610,#9993);
#8538=LINE('',#17611,#9994);
#8539=LINE('',#17612,#9995);
#8540=LINE('',#17613,#9996);
#8541=LINE('',#17614,#9997);
#8542=LINE('',#17615,#9998);
#8543=LINE('',#17616,#9999);
#8544=LINE('',#17617,#10000);
#8545=LINE('',#17618,#10001);
#8546=LINE('',#17619,#10002);
#8547=LINE('',#17620,#10003);
#8548=LINE('',#17621,#10004);
#8549=LINE('',#17622,#10005);
#8550=LINE('',#17623,#10006);
#8551=LINE('',#17624,#10007);
#8552=LINE('',#17625,#10008);
#8553=LINE('',#17626,#10009);
#8554=LINE('',#17627,#10010);
#8555=LINE('',#17628,#10011);
#8556=LINE('',#17629,#10012);
#8557=LINE('',#17630,#10013);
#8558=LINE('',#17631,#10014);
#8559=LINE('',#17632,#10015);
#8560=LINE('',#17633,#10016);
#8561=LINE('',#17634,#10017);
#8562=LINE('',#17635,#10018);
#8563=LINE('',#17636,#10019);
#8564=LINE('',#17637,#10020);
#8565=LINE('',#17638,#10021);
#8566=LINE('',#17639,#10022);
#8567=LINE('',#17640,#10023);
#8568=LINE('',#17641,#10024);
#8569=LINE('',#17642,#10025);
#8570=LINE('',#17643,#10026);
#8571=LINE('',#17644,#10027);
#8572=LINE('',#17645,#10028);
#8573=LINE('',#17646,#10029);
#8574=LINE('',#17647,#10030);
#8575=LINE('',#17648,#10031);
#8576=LINE('',#17649,#10032);
#8577=LINE('',#17650,#10033);
#8578=LINE('',#17651,#10034);
#8579=LINE('',#17652,#10035);
#8580=LINE('',#17653,#10036);
#8581=LINE('',#17654,#10037);
#8582=LINE('',#17655,#10038);
#8583=LINE('',#17656,#10039);
#8584=LINE('',#17657,#10040);
#8585=LINE('',#17658,#10041);
#8586=LINE('',#17659,#10042);
#8587=LINE('',#17660,#10043);
#8588=LINE('',#17661,#10044);
#8589=LINE('',#17662,#10045);
#8590=LINE('',#17663,#10046);
#8591=LINE('',#17664,#10047);
#8592=LINE('',#17665,#10048);
#8593=LINE('',#17666,#10049);
#8594=LINE('',#17667,#10050);
#8595=LINE('',#17668,#10051);
#8596=LINE('',#17669,#10052);
#8597=LINE('',#17670,#10053);
#8598=LINE('',#17671,#10054);
#8599=LINE('',#17672,#10055);
#8600=LINE('',#17673,#10056);
#8601=LINE('',#17674,#10057);
#8602=LINE('',#17675,#10058);
#8603=LINE('',#17676,#10059);
#8604=LINE('',#17677,#10060);
#8605=LINE('',#17678,#10061);
#8606=LINE('',#17679,#10062);
#8607=LINE('',#17680,#10063);
#8608=LINE('',#17681,#10064);
#8609=LINE('',#17682,#10065);
#8610=LINE('',#17683,#10066);
#8611=LINE('',#17684,#10067);
#8612=LINE('',#17685,#10068);
#8613=LINE('',#17686,#10069);
#8614=LINE('',#17687,#10070);
#8615=LINE('',#17688,#10071);
#8616=LINE('',#17689,#10072);
#8617=LINE('',#17690,#10073);
#8618=LINE('',#17691,#10074);
#8619=LINE('',#17692,#10075);
#8620=LINE('',#17693,#10076);
#8621=LINE('',#17694,#10077);
#8622=LINE('',#17695,#10078);
#8623=LINE('',#17696,#10079);
#8624=LINE('',#17697,#10080);
#8625=LINE('',#17698,#10081);
#8626=LINE('',#17699,#10082);
#8627=LINE('',#17700,#10083);
#8628=LINE('',#17701,#10084);
#8629=LINE('',#17702,#10085);
#8630=LINE('',#17703,#10086);
#8631=LINE('',#17704,#10087);
#8632=LINE('',#17705,#10088);
#8633=LINE('',#17706,#10089);
#8634=LINE('',#17707,#10090);
#8635=LINE('',#17708,#10091);
#8636=LINE('',#17709,#10092);
#8637=LINE('',#17710,#10093);
#8638=LINE('',#17711,#10094);
#8639=LINE('',#17712,#10095);
#8640=LINE('',#17713,#10096);
#8641=LINE('',#17714,#10097);
#8642=LINE('',#17715,#10098);
#8643=LINE('',#17716,#10099);
#8644=LINE('',#17717,#10100);
#8645=LINE('',#17718,#10101);
#8646=LINE('',#17719,#10102);
#8647=LINE('',#17720,#10103);
#8648=LINE('',#17721,#10104);
#8649=LINE('',#17722,#10105);
#8650=LINE('',#17723,#10106);
#8651=LINE('',#17724,#10107);
#8652=LINE('',#17725,#10108);
#8653=LINE('',#17726,#10109);
#8654=LINE('',#17727,#10110);
#8655=LINE('',#17728,#10111);
#8656=LINE('',#17729,#10112);
#8657=LINE('',#17730,#10113);
#8658=LINE('',#17731,#10114);
#8659=LINE('',#17732,#10115);
#8660=LINE('',#17733,#10116);
#8661=LINE('',#17734,#10117);
#8662=LINE('',#17735,#10118);
#8663=LINE('',#17736,#10119);
#8664=LINE('',#17737,#10120);
#8665=LINE('',#17738,#10121);
#8666=LINE('',#17739,#10122);
#8667=LINE('',#17740,#10123);
#8668=LINE('',#17893,#10124);
#8669=LINE('',#17894,#10125);
#8670=LINE('',#17895,#10126);
#8671=LINE('',#17904,#10127);
#8672=LINE('',#17905,#10128);
#8673=LINE('',#17906,#10129);
#8674=LINE('',#17915,#10130);
#8675=LINE('',#17916,#10131);
#8676=LINE('',#17917,#10132);
#8677=LINE('',#17918,#10133);
#8678=LINE('',#17919,#10134);
#8679=LINE('',#17920,#10135);
#8680=LINE('',#17921,#10136);
#8681=LINE('',#17922,#10137);
#8682=LINE('',#17923,#10138);
#8683=LINE('',#17924,#10139);
#8684=LINE('',#17925,#10140);
#8685=LINE('',#17926,#10141);
#8686=LINE('',#17927,#10142);
#8687=LINE('',#17928,#10143);
#8688=LINE('',#17929,#10144);
#8689=LINE('',#17930,#10145);
#8690=LINE('',#17931,#10146);
#8691=LINE('',#17932,#10147);
#8692=LINE('',#17933,#10148);
#8693=LINE('',#17934,#10149);
#8694=LINE('',#17935,#10150);
#8695=LINE('',#17936,#10151);
#8696=LINE('',#17937,#10152);
#8697=LINE('',#17938,#10153);
#8698=LINE('',#17939,#10154);
#8699=LINE('',#17948,#10155);
#8700=LINE('',#17949,#10156);
#8701=LINE('',#17950,#10157);
#8702=LINE('',#17951,#10158);
#8703=LINE('',#17952,#10159);
#8704=LINE('',#17953,#10160);
#8705=LINE('',#17954,#10161);
#8706=LINE('',#17955,#10162);
#8707=LINE('',#17956,#10163);
#8708=LINE('',#17957,#10164);
#8709=LINE('',#17958,#10165);
#8710=LINE('',#17959,#10166);
#8711=LINE('',#17960,#10167);
#8712=LINE('',#17961,#10168);
#8713=LINE('',#17962,#10169);
#8714=LINE('',#17963,#10170);
#8715=LINE('',#17964,#10171);
#8716=LINE('',#17965,#10172);
#8717=LINE('',#17966,#10173);
#8718=LINE('',#17967,#10174);
#8719=LINE('',#17968,#10175);
#8720=LINE('',#17969,#10176);
#8721=LINE('',#17970,#10177);
#8722=LINE('',#17971,#10178);
#8723=LINE('',#17972,#10179);
#8724=LINE('',#17981,#10180);
#8725=LINE('',#17982,#10181);
#8726=LINE('',#17983,#10182);
#8727=LINE('',#17984,#10183);
#8728=LINE('',#17985,#10184);
#8729=LINE('',#17986,#10185);
#8730=LINE('',#17987,#10186);
#8731=LINE('',#17988,#10187);
#8732=LINE('',#17989,#10188);
#8733=LINE('',#17990,#10189);
#8734=LINE('',#17991,#10190);
#8735=LINE('',#17992,#10191);
#8736=LINE('',#17993,#10192);
#8737=LINE('',#17994,#10193);
#8738=LINE('',#17995,#10194);
#8739=LINE('',#17996,#10195);
#8740=LINE('',#17997,#10196);
#8741=LINE('',#17998,#10197);
#8742=LINE('',#17999,#10198);
#8743=LINE('',#18000,#10199);
#8744=LINE('',#18001,#10200);
#8745=LINE('',#18002,#10201);
#8746=LINE('',#18003,#10202);
#8747=LINE('',#18004,#10203);
#8748=LINE('',#18005,#10204);
#8749=LINE('',#18006,#10205);
#8750=LINE('',#18007,#10206);
#8751=LINE('',#18008,#10207);
#8752=LINE('',#18009,#10208);
#8753=LINE('',#18010,#10209);
#8754=LINE('',#18011,#10210);
#8755=LINE('',#18012,#10211);
#8756=LINE('',#18013,#10212);
#8757=LINE('',#18014,#10213);
#8758=LINE('',#18015,#10214);
#8759=LINE('',#18016,#10215);
#8760=LINE('',#18017,#10216);
#8761=LINE('',#18018,#10217);
#8762=LINE('',#18019,#10218);
#8763=LINE('',#18020,#10219);
#8764=LINE('',#18021,#10220);
#8765=LINE('',#18022,#10221);
#8766=LINE('',#18023,#10222);
#8767=LINE('',#18024,#10223);
#8768=LINE('',#18025,#10224);
#8769=LINE('',#18034,#10225);
#8770=LINE('',#18035,#10226);
#8771=LINE('',#18036,#10227);
#8772=LINE('',#18037,#10228);
#8773=LINE('',#18038,#10229);
#8774=LINE('',#18039,#10230);
#8775=LINE('',#18040,#10231);
#8776=LINE('',#18041,#10232);
#8777=LINE('',#18042,#10233);
#8778=LINE('',#18043,#10234);
#8779=LINE('',#18044,#10235);
#8780=LINE('',#18045,#10236);
#8781=LINE('',#18046,#10237);
#8782=LINE('',#18047,#10238);
#8783=LINE('',#18048,#10239);
#8784=LINE('',#18049,#10240);
#8785=LINE('',#18050,#10241);
#8786=LINE('',#18051,#10242);
#8787=LINE('',#18052,#10243);
#8788=LINE('',#18053,#10244);
#8789=LINE('',#18054,#10245);
#8790=LINE('',#18055,#10246);
#8791=LINE('',#18056,#10247);
#8792=LINE('',#18057,#10248);
#8793=LINE('',#18058,#10249);
#8794=LINE('',#18067,#10250);
#8795=LINE('',#18068,#10251);
#8796=LINE('',#18069,#10252);
#8797=LINE('',#18070,#10253);
#8798=LINE('',#18071,#10254);
#8799=LINE('',#18072,#10255);
#8800=LINE('',#18073,#10256);
#8801=LINE('',#18074,#10257);
#8802=LINE('',#18075,#10258);
#8803=LINE('',#18076,#10259);
#8804=LINE('',#18077,#10260);
#8805=LINE('',#18078,#10261);
#8806=LINE('',#18079,#10262);
#8807=LINE('',#18080,#10263);
#8808=LINE('',#18089,#10264);
#8809=LINE('',#18090,#10265);
#8810=LINE('',#18091,#10266);
#8811=LINE('',#18092,#10267);
#8812=LINE('',#18093,#10268);
#8813=LINE('',#18094,#10269);
#8814=LINE('',#18095,#10270);
#8815=LINE('',#18096,#10271);
#8816=LINE('',#18097,#10272);
#8817=LINE('',#18098,#10273);
#8818=LINE('',#18099,#10274);
#8819=LINE('',#18100,#10275);
#8820=LINE('',#18101,#10276);
#8821=LINE('',#18102,#10277);
#8822=LINE('',#18111,#10278);
#8823=LINE('',#18112,#10279);
#8824=LINE('',#18113,#10280);
#8825=LINE('',#18114,#10281);
#8826=LINE('',#18115,#10282);
#8827=LINE('',#18116,#10283);
#8828=LINE('',#18117,#10284);
#8829=LINE('',#18118,#10285);
#8830=LINE('',#18119,#10286);
#8831=LINE('',#18120,#10287);
#8832=LINE('',#18121,#10288);
#8833=LINE('',#18122,#10289);
#8834=LINE('',#18123,#10290);
#8835=LINE('',#18124,#10291);
#8836=LINE('',#18125,#10292);
#8837=LINE('',#18126,#10293);
#8838=LINE('',#18127,#10294);
#8839=LINE('',#18128,#10295);
#8840=LINE('',#18129,#10296);
#8841=LINE('',#18130,#10297);
#8842=LINE('',#18131,#10298);
#8843=LINE('',#18132,#10299);
#8844=LINE('',#18133,#10300);
#8845=LINE('',#18134,#10301);
#8846=LINE('',#18135,#10302);
#8847=LINE('',#18144,#10303);
#8848=LINE('',#18145,#10304);
#8849=LINE('',#18146,#10305);
#8850=LINE('',#18147,#10306);
#8851=LINE('',#18148,#10307);
#8852=LINE('',#18149,#10308);
#8853=LINE('',#18150,#10309);
#8854=LINE('',#18151,#10310);
#8855=LINE('',#18152,#10311);
#8856=LINE('',#18153,#10312);
#8857=LINE('',#18154,#10313);
#8858=LINE('',#18155,#10314);
#8859=LINE('',#18156,#10315);
#8860=LINE('',#18157,#10316);
#8861=LINE('',#18158,#10317);
#8862=LINE('',#18159,#10318);
#8863=LINE('',#18160,#10319);
#8864=LINE('',#18161,#10320);
#8865=LINE('',#18162,#10321);
#8866=LINE('',#18163,#10322);
#8867=LINE('',#18164,#10323);
#8868=LINE('',#18165,#10324);
#8869=LINE('',#18166,#10325);
#8870=LINE('',#18167,#10326);
#8871=LINE('',#18168,#10327);
#8872=LINE('',#18169,#10328);
#8873=LINE('',#18170,#10329);
#8874=LINE('',#18171,#10330);
#8875=LINE('',#18172,#10331);
#8876=LINE('',#18173,#10332);
#8877=LINE('',#18174,#10333);
#8878=LINE('',#18175,#10334);
#8879=LINE('',#18176,#10335);
#8880=LINE('',#18177,#10336);
#8881=LINE('',#18178,#10337);
#8882=LINE('',#18179,#10338);
#8883=LINE('',#18180,#10339);
#8884=LINE('',#18181,#10340);
#8885=LINE('',#18182,#10341);
#8886=LINE('',#18183,#10342);
#8887=LINE('',#18184,#10343);
#8888=LINE('',#18185,#10344);
#8889=LINE('',#18186,#10345);
#8890=LINE('',#18187,#10346);
#8891=LINE('',#18188,#10347);
#8892=LINE('',#18189,#10348);
#8893=LINE('',#18190,#10349);
#8894=LINE('',#18199,#10350);
#8895=LINE('',#18200,#10351);
#8896=LINE('',#18201,#10352);
#8897=LINE('',#18202,#10353);
#8898=LINE('',#18203,#10354);
#8899=LINE('',#18204,#10355);
#8900=LINE('',#18205,#10356);
#8901=LINE('',#18206,#10357);
#8902=LINE('',#18207,#10358);
#8903=LINE('',#18208,#10359);
#8904=LINE('',#18209,#10360);
#8905=LINE('',#18210,#10361);
#8906=LINE('',#18211,#10362);
#8907=LINE('',#18212,#10363);
#8908=LINE('',#18221,#10364);
#8909=LINE('',#18222,#10365);
#8910=LINE('',#18223,#10366);
#8911=LINE('',#18224,#10367);
#8912=LINE('',#18225,#10368);
#8913=LINE('',#18226,#10369);
#8914=LINE('',#18227,#10370);
#8915=LINE('',#18228,#10371);
#8916=LINE('',#18229,#10372);
#8917=LINE('',#18230,#10373);
#8918=LINE('',#18231,#10374);
#8919=LINE('',#18232,#10375);
#8920=LINE('',#18233,#10376);
#8921=LINE('',#18234,#10377);
#8922=LINE('',#18235,#10378);
#8923=LINE('',#18236,#10379);
#8924=LINE('',#18237,#10380);
#8925=LINE('',#18238,#10381);
#8926=LINE('',#18239,#10382);
#8927=LINE('',#18240,#10383);
#8928=LINE('',#18241,#10384);
#8929=LINE('',#18242,#10385);
#8930=LINE('',#18243,#10386);
#8931=LINE('',#18244,#10387);
#8932=LINE('',#18245,#10388);
#8933=LINE('',#18254,#10389);
#8934=LINE('',#18255,#10390);
#8935=LINE('',#18256,#10391);
#8936=LINE('',#18257,#10392);
#8937=LINE('',#18258,#10393);
#8938=LINE('',#18259,#10394);
#8939=LINE('',#18260,#10395);
#8940=LINE('',#18261,#10396);
#8941=LINE('',#18262,#10397);
#8942=LINE('',#18263,#10398);
#8943=LINE('',#18264,#10399);
#8944=LINE('',#18265,#10400);
#8945=LINE('',#18266,#10401);
#8946=LINE('',#18267,#10402);
#8947=LINE('',#18268,#10403);
#8948=LINE('',#18269,#10404);
#8949=LINE('',#18270,#10405);
#8950=LINE('',#18271,#10406);
#8951=LINE('',#18272,#10407);
#8952=LINE('',#18273,#10408);
#8953=LINE('',#18274,#10409);
#8954=LINE('',#18275,#10410);
#8955=LINE('',#18276,#10411);
#8956=LINE('',#18277,#10412);
#8957=LINE('',#18278,#10413);
#8958=LINE('',#18287,#10414);
#8959=LINE('',#18288,#10415);
#8960=LINE('',#18289,#10416);
#8961=LINE('',#18290,#10417);
#8962=LINE('',#18291,#10418);
#8963=LINE('',#18292,#10419);
#8964=LINE('',#18293,#10420);
#8965=LINE('',#18294,#10421);
#8966=LINE('',#18295,#10422);
#8967=LINE('',#18296,#10423);
#8968=LINE('',#18297,#10424);
#8969=LINE('',#18298,#10425);
#8970=LINE('',#18299,#10426);
#8971=LINE('',#18300,#10427);
#8972=LINE('',#18301,#10428);
#8973=LINE('',#18302,#10429);
#8974=LINE('',#18303,#10430);
#8975=LINE('',#18304,#10431);
#8976=LINE('',#18305,#10432);
#8977=LINE('',#18306,#10433);
#8978=LINE('',#18307,#10434);
#8979=LINE('',#18308,#10435);
#8980=LINE('',#18309,#10436);
#8981=LINE('',#18310,#10437);
#8982=LINE('',#18311,#10438);
#8983=LINE('',#18320,#10439);
#8984=LINE('',#18321,#10440);
#8985=LINE('',#18322,#10441);
#8986=LINE('',#18323,#10442);
#8987=LINE('',#18324,#10443);
#8988=LINE('',#18325,#10444);
#8989=LINE('',#18326,#10445);
#8990=LINE('',#18327,#10446);
#8991=LINE('',#18328,#10447);
#8992=LINE('',#18329,#10448);
#8993=LINE('',#18330,#10449);
#8994=LINE('',#18331,#10450);
#8995=LINE('',#18332,#10451);
#8996=LINE('',#18333,#10452);
#8997=LINE('',#18334,#10453);
#8998=LINE('',#18335,#10454);
#8999=LINE('',#18336,#10455);
#9000=LINE('',#18337,#10456);
#9001=LINE('',#18338,#10457);
#9002=LINE('',#18339,#10458);
#9003=LINE('',#18340,#10459);
#9004=LINE('',#18341,#10460);
#9005=LINE('',#18342,#10461);
#9006=LINE('',#18343,#10462);
#9007=LINE('',#18344,#10463);
#9008=LINE('',#18353,#10464);
#9009=LINE('',#18354,#10465);
#9010=LINE('',#18355,#10466);
#9011=LINE('',#18356,#10467);
#9012=LINE('',#18357,#10468);
#9013=LINE('',#18358,#10469);
#9014=LINE('',#18359,#10470);
#9015=LINE('',#18360,#10471);
#9016=LINE('',#18361,#10472);
#9017=LINE('',#18362,#10473);
#9018=LINE('',#18363,#10474);
#9019=LINE('',#18364,#10475);
#9020=LINE('',#18365,#10476);
#9021=LINE('',#18366,#10477);
#9022=LINE('',#18367,#10478);
#9023=LINE('',#18368,#10479);
#9024=LINE('',#18369,#10480);
#9025=LINE('',#18370,#10481);
#9026=LINE('',#18371,#10482);
#9027=LINE('',#18372,#10483);
#9028=LINE('',#18373,#10484);
#9029=LINE('',#18374,#10485);
#9030=LINE('',#18375,#10486);
#9031=LINE('',#18376,#10487);
#9032=LINE('',#18377,#10488);
#9033=LINE('',#18386,#10489);
#9034=LINE('',#18387,#10490);
#9035=LINE('',#18388,#10491);
#9036=LINE('',#18389,#10492);
#9037=LINE('',#18390,#10493);
#9038=LINE('',#18391,#10494);
#9039=LINE('',#18392,#10495);
#9040=LINE('',#18393,#10496);
#9041=LINE('',#18394,#10497);
#9042=LINE('',#18395,#10498);
#9043=LINE('',#18396,#10499);
#9044=LINE('',#18397,#10500);
#9045=LINE('',#18398,#10501);
#9046=LINE('',#18399,#10502);
#9047=LINE('',#18400,#10503);
#9048=LINE('',#18401,#10504);
#9049=LINE('',#18402,#10505);
#9050=LINE('',#18403,#10506);
#9051=LINE('',#18404,#10507);
#9052=LINE('',#18405,#10508);
#9053=LINE('',#18406,#10509);
#9054=LINE('',#18407,#10510);
#9055=LINE('',#18408,#10511);
#9056=LINE('',#18409,#10512);
#9057=LINE('',#18410,#10513);
#9058=LINE('',#18419,#10514);
#9059=LINE('',#18420,#10515);
#9060=LINE('',#18421,#10516);
#9061=LINE('',#18422,#10517);
#9062=LINE('',#18423,#10518);
#9063=LINE('',#18424,#10519);
#9064=LINE('',#18425,#10520);
#9065=LINE('',#18426,#10521);
#9066=LINE('',#18427,#10522);
#9067=LINE('',#18428,#10523);
#9068=LINE('',#18429,#10524);
#9069=LINE('',#18430,#10525);
#9070=LINE('',#18431,#10526);
#9071=LINE('',#18432,#10527);
#9072=LINE('',#18433,#10528);
#9073=LINE('',#18434,#10529);
#9074=LINE('',#18435,#10530);
#9075=LINE('',#18436,#10531);
#9076=LINE('',#18437,#10532);
#9077=LINE('',#18438,#10533);
#9078=LINE('',#18439,#10534);
#9079=LINE('',#18440,#10535);
#9080=LINE('',#18441,#10536);
#9081=LINE('',#18442,#10537);
#9082=LINE('',#18443,#10538);
#9083=LINE('',#18452,#10539);
#9084=LINE('',#18453,#10540);
#9085=LINE('',#18454,#10541);
#9086=LINE('',#18455,#10542);
#9087=LINE('',#18456,#10543);
#9088=LINE('',#18457,#10544);
#9089=LINE('',#18458,#10545);
#9090=LINE('',#18459,#10546);
#9091=LINE('',#18460,#10547);
#9092=LINE('',#18461,#10548);
#9093=LINE('',#18462,#10549);
#9094=LINE('',#18463,#10550);
#9095=LINE('',#18464,#10551);
#9096=LINE('',#18465,#10552);
#9097=LINE('',#18466,#10553);
#9098=LINE('',#18467,#10554);
#9099=LINE('',#18468,#10555);
#9100=LINE('',#18469,#10556);
#9101=LINE('',#18470,#10557);
#9102=LINE('',#18471,#10558);
#9103=LINE('',#18472,#10559);
#9104=LINE('',#18473,#10560);
#9105=LINE('',#18474,#10561);
#9106=LINE('',#18475,#10562);
#9107=LINE('',#18476,#10563);
#9108=LINE('',#18485,#10564);
#9109=LINE('',#18486,#10565);
#9110=LINE('',#18487,#10566);
#9111=LINE('',#18488,#10567);
#9112=LINE('',#18489,#10568);
#9113=LINE('',#18490,#10569);
#9114=LINE('',#18491,#10570);
#9115=LINE('',#18492,#10571);
#9116=LINE('',#18493,#10572);
#9117=LINE('',#18494,#10573);
#9118=LINE('',#18495,#10574);
#9119=LINE('',#18496,#10575);
#9120=LINE('',#18497,#10576);
#9121=LINE('',#18498,#10577);
#9122=LINE('',#18499,#10578);
#9123=LINE('',#18500,#10579);
#9124=LINE('',#18501,#10580);
#9125=LINE('',#18502,#10581);
#9126=LINE('',#18503,#10582);
#9127=LINE('',#18504,#10583);
#9128=LINE('',#18505,#10584);
#9129=LINE('',#18506,#10585);
#9130=LINE('',#18507,#10586);
#9131=LINE('',#18508,#10587);
#9132=LINE('',#18509,#10588);
#9133=LINE('',#18518,#10589);
#9134=LINE('',#18519,#10590);
#9135=LINE('',#18520,#10591);
#9136=LINE('',#18521,#10592);
#9137=LINE('',#18522,#10593);
#9138=LINE('',#18523,#10594);
#9139=LINE('',#18524,#10595);
#9140=LINE('',#18525,#10596);
#9141=LINE('',#18526,#10597);
#9142=LINE('',#18527,#10598);
#9143=LINE('',#18528,#10599);
#9144=LINE('',#18529,#10600);
#9145=LINE('',#18530,#10601);
#9146=LINE('',#18531,#10602);
#9147=LINE('',#18532,#10603);
#9148=LINE('',#18533,#10604);
#9149=LINE('',#18534,#10605);
#9150=LINE('',#18535,#10606);
#9151=LINE('',#18536,#10607);
#9152=LINE('',#18537,#10608);
#9153=LINE('',#18538,#10609);
#9154=LINE('',#18539,#10610);
#9155=LINE('',#18540,#10611);
#9156=LINE('',#18541,#10612);
#9157=LINE('',#18542,#10613);
#9158=LINE('',#18551,#10614);
#9159=LINE('',#18552,#10615);
#9160=LINE('',#18553,#10616);
#9161=LINE('',#18554,#10617);
#9162=LINE('',#18555,#10618);
#9163=LINE('',#18556,#10619);
#9164=LINE('',#18557,#10620);
#9165=LINE('',#18558,#10621);
#9166=LINE('',#18559,#10622);
#9167=LINE('',#18560,#10623);
#9168=LINE('',#18561,#10624);
#9169=LINE('',#18562,#10625);
#9170=LINE('',#18563,#10626);
#9171=LINE('',#18564,#10627);
#9172=LINE('',#18565,#10628);
#9173=LINE('',#18566,#10629);
#9174=LINE('',#18567,#10630);
#9175=LINE('',#18568,#10631);
#9176=LINE('',#18569,#10632);
#9177=LINE('',#18570,#10633);
#9178=LINE('',#18571,#10634);
#9179=LINE('',#18572,#10635);
#9180=LINE('',#18573,#10636);
#9181=LINE('',#18574,#10637);
#9182=LINE('',#18575,#10638);
#9183=LINE('',#18584,#10639);
#9184=LINE('',#18585,#10640);
#9185=LINE('',#18586,#10641);
#9186=LINE('',#18587,#10642);
#9187=LINE('',#18588,#10643);
#9188=LINE('',#18589,#10644);
#9189=LINE('',#18590,#10645);
#9190=LINE('',#18591,#10646);
#9191=LINE('',#18592,#10647);
#9192=LINE('',#18593,#10648);
#9193=LINE('',#18594,#10649);
#9194=LINE('',#18595,#10650);
#9195=LINE('',#18596,#10651);
#9196=LINE('',#18597,#10652);
#9197=LINE('',#18598,#10653);
#9198=LINE('',#18599,#10654);
#9199=LINE('',#18600,#10655);
#9200=LINE('',#18601,#10656);
#9201=LINE('',#18602,#10657);
#9202=LINE('',#18603,#10658);
#9203=LINE('',#18604,#10659);
#9204=LINE('',#18605,#10660);
#9205=LINE('',#18606,#10661);
#9206=LINE('',#18607,#10662);
#9207=LINE('',#18608,#10663);
#9208=LINE('',#18617,#10664);
#9209=LINE('',#18618,#10665);
#9210=LINE('',#18619,#10666);
#9211=LINE('',#18620,#10667);
#9212=LINE('',#18621,#10668);
#9213=LINE('',#18622,#10669);
#9214=LINE('',#18623,#10670);
#9215=LINE('',#18624,#10671);
#9216=LINE('',#18625,#10672);
#9217=LINE('',#18626,#10673);
#9218=LINE('',#18627,#10674);
#9219=LINE('',#18628,#10675);
#9220=LINE('',#18629,#10676);
#9221=LINE('',#18630,#10677);
#9222=LINE('',#18631,#10678);
#9223=LINE('',#18632,#10679);
#9224=LINE('',#18633,#10680);
#9225=LINE('',#18634,#10681);
#9226=LINE('',#18635,#10682);
#9227=LINE('',#18636,#10683);
#9228=LINE('',#18637,#10684);
#9229=LINE('',#18638,#10685);
#9230=LINE('',#18639,#10686);
#9231=LINE('',#18640,#10687);
#9232=LINE('',#18641,#10688);
#9233=LINE('',#18650,#10689);
#9234=LINE('',#18651,#10690);
#9235=LINE('',#18652,#10691);
#9236=LINE('',#18653,#10692);
#9237=LINE('',#18654,#10693);
#9238=LINE('',#18655,#10694);
#9239=LINE('',#18656,#10695);
#9240=LINE('',#18657,#10696);
#9241=LINE('',#18658,#10697);
#9242=LINE('',#18659,#10698);
#9243=LINE('',#18660,#10699);
#9244=LINE('',#18661,#10700);
#9245=LINE('',#18662,#10701);
#9246=LINE('',#18663,#10702);
#9247=LINE('',#18664,#10703);
#9248=LINE('',#18665,#10704);
#9249=LINE('',#18666,#10705);
#9250=LINE('',#18667,#10706);
#9251=LINE('',#18668,#10707);
#9252=LINE('',#18669,#10708);
#9253=LINE('',#18670,#10709);
#9254=LINE('',#18671,#10710);
#9255=LINE('',#18672,#10711);
#9256=LINE('',#18673,#10712);
#9257=LINE('',#18674,#10713);
#9258=LINE('',#18683,#10714);
#9259=LINE('',#18684,#10715);
#9260=LINE('',#18685,#10716);
#9261=LINE('',#18686,#10717);
#9262=LINE('',#18687,#10718);
#9263=LINE('',#18688,#10719);
#9264=LINE('',#18689,#10720);
#9265=LINE('',#18690,#10721);
#9266=LINE('',#18691,#10722);
#9267=LINE('',#18692,#10723);
#9268=LINE('',#18693,#10724);
#9269=LINE('',#18694,#10725);
#9270=LINE('',#18695,#10726);
#9271=LINE('',#18696,#10727);
#9272=LINE('',#18697,#10728);
#9273=LINE('',#18698,#10729);
#9274=LINE('',#18699,#10730);
#9275=LINE('',#18700,#10731);
#9276=LINE('',#18701,#10732);
#9277=LINE('',#18702,#10733);
#9278=LINE('',#18703,#10734);
#9279=LINE('',#18704,#10735);
#9280=LINE('',#18705,#10736);
#9281=LINE('',#18706,#10737);
#9282=LINE('',#18707,#10738);
#9283=LINE('',#18716,#10739);
#9284=LINE('',#18717,#10740);
#9285=LINE('',#18718,#10741);
#9286=LINE('',#18719,#10742);
#9287=LINE('',#18720,#10743);
#9288=LINE('',#18721,#10744);
#9289=LINE('',#18722,#10745);
#9290=LINE('',#18723,#10746);
#9291=LINE('',#18724,#10747);
#9292=LINE('',#18725,#10748);
#9293=LINE('',#18726,#10749);
#9294=LINE('',#18727,#10750);
#9295=LINE('',#18728,#10751);
#9296=LINE('',#18729,#10752);
#9297=LINE('',#18730,#10753);
#9298=LINE('',#18731,#10754);
#9299=LINE('',#18732,#10755);
#9300=LINE('',#18733,#10756);
#9301=LINE('',#18734,#10757);
#9302=LINE('',#18735,#10758);
#9303=LINE('',#18736,#10759);
#9304=LINE('',#18737,#10760);
#9305=LINE('',#18738,#10761);
#9306=LINE('',#18739,#10762);
#9307=LINE('',#18740,#10763);
#9308=LINE('',#18749,#10764);
#9309=LINE('',#18750,#10765);
#9310=LINE('',#18751,#10766);
#9311=LINE('',#18752,#10767);
#9312=LINE('',#18753,#10768);
#9313=LINE('',#18754,#10769);
#9314=LINE('',#18755,#10770);
#9315=LINE('',#18756,#10771);
#9316=LINE('',#18757,#10772);
#9317=LINE('',#18758,#10773);
#9318=LINE('',#18759,#10774);
#9319=LINE('',#18760,#10775);
#9320=LINE('',#18761,#10776);
#9321=LINE('',#18762,#10777);
#9322=LINE('',#18763,#10778);
#9323=LINE('',#18764,#10779);
#9324=LINE('',#18765,#10780);
#9325=LINE('',#18766,#10781);
#9326=LINE('',#18767,#10782);
#9327=LINE('',#18768,#10783);
#9328=LINE('',#18769,#10784);
#9329=LINE('',#18770,#10785);
#9330=LINE('',#18771,#10786);
#9331=LINE('',#18772,#10787);
#9332=LINE('',#18773,#10788);
#9333=LINE('',#18782,#10789);
#9334=LINE('',#18783,#10790);
#9335=LINE('',#18784,#10791);
#9336=LINE('',#18785,#10792);
#9337=LINE('',#18786,#10793);
#9338=LINE('',#18787,#10794);
#9339=LINE('',#18788,#10795);
#9340=LINE('',#18789,#10796);
#9341=LINE('',#18790,#10797);
#9342=LINE('',#18791,#10798);
#9343=LINE('',#18792,#10799);
#9344=LINE('',#18793,#10800);
#9345=LINE('',#18794,#10801);
#9346=LINE('',#18795,#10802);
#9347=LINE('',#18796,#10803);
#9348=LINE('',#18797,#10804);
#9349=LINE('',#18798,#10805);
#9350=LINE('',#18799,#10806);
#9351=LINE('',#18800,#10807);
#9352=LINE('',#18801,#10808);
#9353=LINE('',#18802,#10809);
#9354=LINE('',#18803,#10810);
#9355=LINE('',#18804,#10811);
#9356=LINE('',#18805,#10812);
#9357=LINE('',#18806,#10813);
#9358=LINE('',#18815,#10814);
#9359=LINE('',#18816,#10815);
#9360=LINE('',#18817,#10816);
#9361=LINE('',#18818,#10817);
#9362=LINE('',#18819,#10818);
#9363=LINE('',#18820,#10819);
#9364=LINE('',#18821,#10820);
#9365=LINE('',#18822,#10821);
#9366=LINE('',#18823,#10822);
#9367=LINE('',#18824,#10823);
#9368=LINE('',#18825,#10824);
#9369=LINE('',#18826,#10825);
#9370=LINE('',#18827,#10826);
#9371=LINE('',#18828,#10827);
#9372=LINE('',#18829,#10828);
#9373=LINE('',#18830,#10829);
#9374=LINE('',#18831,#10830);
#9375=LINE('',#18832,#10831);
#9376=LINE('',#18833,#10832);
#9377=LINE('',#18834,#10833);
#9378=LINE('',#18835,#10834);
#9379=LINE('',#18836,#10835);
#9380=LINE('',#18837,#10836);
#9381=LINE('',#18838,#10837);
#9382=LINE('',#18839,#10838);
#9383=LINE('',#18848,#10839);
#9384=LINE('',#18849,#10840);
#9385=LINE('',#18850,#10841);
#9386=LINE('',#18851,#10842);
#9387=LINE('',#18852,#10843);
#9388=LINE('',#18853,#10844);
#9389=LINE('',#18854,#10845);
#9390=LINE('',#18855,#10846);
#9391=LINE('',#18856,#10847);
#9392=LINE('',#18857,#10848);
#9393=LINE('',#18858,#10849);
#9394=LINE('',#18859,#10850);
#9395=LINE('',#18860,#10851);
#9396=LINE('',#18861,#10852);
#9397=LINE('',#18862,#10853);
#9398=LINE('',#18863,#10854);
#9399=LINE('',#18864,#10855);
#9400=LINE('',#18865,#10856);
#9401=LINE('',#18866,#10857);
#9402=LINE('',#18867,#10858);
#9403=LINE('',#18868,#10859);
#9404=LINE('',#18869,#10860);
#9405=LINE('',#18870,#10861);
#9406=LINE('',#18871,#10862);
#9407=LINE('',#18872,#10863);
#9408=LINE('',#18881,#10864);
#9409=LINE('',#18882,#10865);
#9410=LINE('',#18883,#10866);
#9411=LINE('',#18884,#10867);
#9412=LINE('',#18885,#10868);
#9413=LINE('',#18886,#10869);
#9414=LINE('',#18887,#10870);
#9415=LINE('',#18888,#10871);
#9416=LINE('',#18889,#10872);
#9417=LINE('',#18890,#10873);
#9418=LINE('',#18891,#10874);
#9419=LINE('',#18892,#10875);
#9420=LINE('',#18893,#10876);
#9421=LINE('',#18894,#10877);
#9422=LINE('',#18895,#10878);
#9423=LINE('',#18896,#10879);
#9424=LINE('',#18897,#10880);
#9425=LINE('',#18898,#10881);
#9426=LINE('',#18899,#10882);
#9427=LINE('',#18900,#10883);
#9428=LINE('',#18901,#10884);
#9429=LINE('',#18902,#10885);
#9430=LINE('',#18903,#10886);
#9431=LINE('',#18904,#10887);
#9432=LINE('',#18905,#10888);
#9433=LINE('',#18914,#10889);
#9434=LINE('',#18915,#10890);
#9435=LINE('',#18916,#10891);
#9436=LINE('',#18917,#10892);
#9437=LINE('',#18918,#10893);
#9438=LINE('',#18919,#10894);
#9439=LINE('',#18920,#10895);
#9440=LINE('',#18921,#10896);
#9441=LINE('',#18922,#10897);
#9442=LINE('',#18923,#10898);
#9443=LINE('',#18924,#10899);
#9444=LINE('',#18925,#10900);
#9445=LINE('',#18926,#10901);
#9446=LINE('',#18927,#10902);
#9447=LINE('',#18928,#10903);
#9448=LINE('',#18929,#10904);
#9449=LINE('',#18930,#10905);
#9450=LINE('',#18931,#10906);
#9451=LINE('',#18932,#10907);
#9452=LINE('',#18933,#10908);
#9453=LINE('',#18934,#10909);
#9454=LINE('',#18935,#10910);
#9455=LINE('',#18936,#10911);
#9456=LINE('',#18937,#10912);
#9457=LINE('',#18938,#10913);
#9458=LINE('',#18947,#10914);
#9459=LINE('',#18948,#10915);
#9460=LINE('',#18949,#10916);
#9461=LINE('',#18950,#10917);
#9462=LINE('',#18951,#10918);
#9463=LINE('',#18952,#10919);
#9464=LINE('',#18953,#10920);
#9465=LINE('',#18954,#10921);
#9466=LINE('',#18955,#10922);
#9467=LINE('',#18956,#10923);
#9468=LINE('',#18957,#10924);
#9469=LINE('',#18958,#10925);
#9470=LINE('',#18959,#10926);
#9471=LINE('',#18960,#10927);
#9472=LINE('',#18961,#10928);
#9473=LINE('',#18962,#10929);
#9474=LINE('',#18963,#10930);
#9475=LINE('',#18964,#10931);
#9476=LINE('',#18965,#10932);
#9477=LINE('',#18966,#10933);
#9478=LINE('',#18967,#10934);
#9479=LINE('',#18968,#10935);
#9480=LINE('',#18969,#10936);
#9481=LINE('',#18970,#10937);
#9482=LINE('',#18971,#10938);
#9483=LINE('',#18980,#10939);
#9484=LINE('',#18981,#10940);
#9485=LINE('',#18982,#10941);
#9486=LINE('',#18983,#10942);
#9487=LINE('',#18984,#10943);
#9488=LINE('',#18985,#10944);
#9489=LINE('',#18986,#10945);
#9490=LINE('',#18987,#10946);
#9491=LINE('',#18988,#10947);
#9492=LINE('',#18989,#10948);
#9493=LINE('',#18990,#10949);
#9494=LINE('',#18991,#10950);
#9495=LINE('',#18992,#10951);
#9496=LINE('',#18993,#10952);
#9497=LINE('',#18994,#10953);
#9498=LINE('',#18995,#10954);
#9499=LINE('',#18996,#10955);
#9500=LINE('',#18997,#10956);
#9501=LINE('',#18998,#10957);
#9502=LINE('',#18999,#10958);
#9503=LINE('',#19000,#10959);
#9504=LINE('',#19001,#10960);
#9505=LINE('',#19002,#10961);
#9506=LINE('',#19003,#10962);
#9507=LINE('',#19004,#10963);
#9508=LINE('',#19013,#10964);
#9509=LINE('',#19014,#10965);
#9510=LINE('',#19015,#10966);
#9511=LINE('',#19016,#10967);
#9512=LINE('',#19017,#10968);
#9513=LINE('',#19018,#10969);
#9514=LINE('',#19019,#10970);
#9515=LINE('',#19020,#10971);
#9516=LINE('',#19021,#10972);
#9517=LINE('',#19022,#10973);
#9518=LINE('',#19023,#10974);
#9519=LINE('',#19024,#10975);
#9520=LINE('',#19025,#10976);
#9521=LINE('',#19026,#10977);
#9522=LINE('',#19027,#10978);
#9523=LINE('',#19028,#10979);
#9524=LINE('',#19029,#10980);
#9525=LINE('',#19030,#10981);
#9526=LINE('',#19031,#10982);
#9527=LINE('',#19032,#10983);
#9528=LINE('',#19033,#10984);
#9529=LINE('',#19034,#10985);
#9530=LINE('',#19035,#10986);
#9531=LINE('',#19036,#10987);
#9532=LINE('',#19037,#10988);
#9533=LINE('',#19046,#10989);
#9534=LINE('',#19047,#10990);
#9535=LINE('',#19048,#10991);
#9536=LINE('',#19049,#10992);
#9537=LINE('',#19050,#10993);
#9538=LINE('',#19051,#10994);
#9539=LINE('',#19052,#10995);
#9540=LINE('',#19053,#10996);
#9541=LINE('',#19054,#10997);
#9542=LINE('',#19055,#10998);
#9543=LINE('',#19056,#10999);
#9544=LINE('',#19057,#11000);
#9545=LINE('',#19058,#11001);
#9546=LINE('',#19059,#11002);
#9547=LINE('',#19060,#11003);
#9548=LINE('',#19061,#11004);
#9549=LINE('',#19062,#11005);
#9550=LINE('',#19063,#11006);
#9551=LINE('',#19064,#11007);
#9552=LINE('',#19065,#11008);
#9553=LINE('',#19066,#11009);
#9554=LINE('',#19067,#11010);
#9555=LINE('',#19068,#11011);
#9556=LINE('',#19069,#11012);
#9557=LINE('',#19070,#11013);
#9558=LINE('',#19079,#11014);
#9559=LINE('',#19080,#11015);
#9560=LINE('',#19081,#11016);
#9561=LINE('',#19082,#11017);
#9562=LINE('',#19083,#11018);
#9563=LINE('',#19084,#11019);
#9564=LINE('',#19085,#11020);
#9565=LINE('',#19086,#11021);
#9566=LINE('',#19087,#11022);
#9567=LINE('',#19088,#11023);
#9568=LINE('',#19089,#11024);
#9569=LINE('',#19090,#11025);
#9570=LINE('',#19091,#11026);
#9571=LINE('',#19092,#11027);
#9572=LINE('',#19093,#11028);
#9573=LINE('',#19094,#11029);
#9574=LINE('',#19095,#11030);
#9575=LINE('',#19096,#11031);
#9576=LINE('',#19097,#11032);
#9577=LINE('',#19098,#11033);
#9578=LINE('',#19099,#11034);
#9579=LINE('',#19100,#11035);
#9580=LINE('',#19101,#11036);
#9581=LINE('',#19102,#11037);
#9582=LINE('',#19103,#11038);
#9583=LINE('',#19112,#11039);
#9584=LINE('',#19113,#11040);
#9585=LINE('',#19114,#11041);
#9586=LINE('',#19115,#11042);
#9587=LINE('',#19116,#11043);
#9588=LINE('',#19117,#11044);
#9589=LINE('',#19118,#11045);
#9590=LINE('',#19119,#11046);
#9591=LINE('',#19120,#11047);
#9592=LINE('',#19121,#11048);
#9593=LINE('',#19122,#11049);
#9594=LINE('',#19123,#11050);
#9595=LINE('',#19124,#11051);
#9596=LINE('',#19125,#11052);
#9597=LINE('',#19126,#11053);
#9598=LINE('',#19127,#11054);
#9599=LINE('',#19128,#11055);
#9600=LINE('',#19129,#11056);
#9601=LINE('',#19130,#11057);
#9602=LINE('',#19131,#11058);
#9603=LINE('',#19132,#11059);
#9604=LINE('',#19133,#11060);
#9605=LINE('',#19134,#11061);
#9606=LINE('',#19135,#11062);
#9607=LINE('',#19136,#11063);
#9608=LINE('',#19145,#11064);
#9609=LINE('',#19146,#11065);
#9610=LINE('',#19147,#11066);
#9611=LINE('',#19148,#11067);
#9612=LINE('',#19149,#11068);
#9613=LINE('',#19150,#11069);
#9614=LINE('',#19151,#11070);
#9615=LINE('',#19152,#11071);
#9616=LINE('',#19153,#11072);
#9617=LINE('',#19154,#11073);
#9618=LINE('',#19155,#11074);
#9619=LINE('',#19156,#11075);
#9620=LINE('',#19157,#11076);
#9621=LINE('',#19158,#11077);
#9622=LINE('',#19159,#11078);
#9623=LINE('',#19160,#11079);
#9624=LINE('',#19161,#11080);
#9625=LINE('',#19162,#11081);
#9626=LINE('',#19163,#11082);
#9627=LINE('',#19164,#11083);
#9628=LINE('',#19165,#11084);
#9629=LINE('',#19166,#11085);
#9630=LINE('',#19167,#11086);
#9631=LINE('',#19168,#11087);
#9632=LINE('',#19169,#11088);
#9633=LINE('',#19178,#11089);
#9634=LINE('',#19179,#11090);
#9635=LINE('',#19180,#11091);
#9636=LINE('',#19181,#11092);
#9637=LINE('',#19182,#11093);
#9638=LINE('',#19183,#11094);
#9639=LINE('',#19184,#11095);
#9640=LINE('',#19185,#11096);
#9641=LINE('',#19186,#11097);
#9642=LINE('',#19187,#11098);
#9643=LINE('',#19188,#11099);
#9644=LINE('',#19189,#11100);
#9645=LINE('',#19190,#11101);
#9646=LINE('',#19191,#11102);
#9647=LINE('',#19192,#11103);
#9648=LINE('',#19193,#11104);
#9649=LINE('',#19194,#11105);
#9650=LINE('',#19195,#11106);
#9651=LINE('',#19196,#11107);
#9652=LINE('',#19197,#11108);
#9653=LINE('',#19198,#11109);
#9654=LINE('',#19199,#11110);
#9655=LINE('',#19200,#11111);
#9656=LINE('',#19201,#11112);
#9657=LINE('',#19202,#11113);
#9658=LINE('',#19211,#11114);
#9659=LINE('',#19212,#11115);
#9660=LINE('',#19213,#11116);
#9661=LINE('',#19214,#11117);
#9662=LINE('',#19215,#11118);
#9663=LINE('',#19216,#11119);
#9664=LINE('',#19217,#11120);
#9665=LINE('',#19218,#11121);
#9666=LINE('',#19219,#11122);
#9667=LINE('',#19220,#11123);
#9668=LINE('',#19221,#11124);
#9669=LINE('',#19222,#11125);
#9670=LINE('',#19223,#11126);
#9671=LINE('',#19224,#11127);
#9672=LINE('',#19225,#11128);
#9673=LINE('',#19226,#11129);
#9674=LINE('',#19227,#11130);
#9675=LINE('',#19228,#11131);
#9676=LINE('',#19229,#11132);
#9677=LINE('',#19230,#11133);
#9678=LINE('',#19231,#11134);
#9679=LINE('',#19232,#11135);
#9680=LINE('',#19233,#11136);
#9681=LINE('',#19234,#11137);
#9682=LINE('',#19235,#11138);
#9683=LINE('',#19244,#11139);
#9684=LINE('',#19245,#11140);
#9685=LINE('',#19246,#11141);
#9686=LINE('',#19247,#11142);
#9687=LINE('',#19248,#11143);
#9688=LINE('',#19249,#11144);
#9689=LINE('',#19250,#11145);
#9690=LINE('',#19251,#11146);
#9691=LINE('',#19252,#11147);
#9692=LINE('',#19253,#11148);
#9693=LINE('',#19254,#11149);
#9694=LINE('',#19255,#11150);
#9695=LINE('',#19256,#11151);
#9696=LINE('',#19257,#11152);
#9697=LINE('',#19258,#11153);
#9698=LINE('',#19259,#11154);
#9699=LINE('',#19260,#11155);
#9700=LINE('',#19261,#11156);
#9701=LINE('',#19262,#11157);
#9702=LINE('',#19263,#11158);
#9703=LINE('',#19264,#11159);
#9704=LINE('',#19265,#11160);
#9705=LINE('',#19266,#11161);
#9706=LINE('',#19267,#11162);
#9707=LINE('',#19268,#11163);
#9708=LINE('',#19277,#11164);
#9709=LINE('',#19278,#11165);
#9710=LINE('',#19279,#11166);
#9711=LINE('',#19280,#11167);
#9712=LINE('',#19281,#11168);
#9713=LINE('',#19282,#11169);
#9714=LINE('',#19283,#11170);
#9715=LINE('',#19284,#11171);
#9716=LINE('',#19285,#11172);
#9717=LINE('',#19286,#11173);
#9718=LINE('',#19287,#11174);
#9719=LINE('',#19288,#11175);
#9720=LINE('',#19289,#11176);
#9721=LINE('',#19290,#11177);
#9722=LINE('',#19291,#11178);
#9723=LINE('',#19292,#11179);
#9724=LINE('',#19293,#11180);
#9725=LINE('',#19294,#11181);
#9726=LINE('',#19295,#11182);
#9727=LINE('',#19296,#11183);
#9728=LINE('',#19297,#11184);
#9729=LINE('',#19298,#11185);
#9730=LINE('',#19299,#11186);
#9731=LINE('',#19300,#11187);
#9732=LINE('',#19301,#11188);
#9733=LINE('',#19310,#11189);
#9734=LINE('',#19311,#11190);
#9735=LINE('',#19312,#11191);
#9736=LINE('',#19313,#11192);
#9737=LINE('',#19314,#11193);
#9738=LINE('',#19315,#11194);
#9739=LINE('',#19316,#11195);
#9740=LINE('',#19317,#11196);
#9741=LINE('',#19318,#11197);
#9742=LINE('',#19319,#11198);
#9743=LINE('',#19320,#11199);
#9744=LINE('',#19321,#11200);
#9745=LINE('',#19322,#11201);
#9746=LINE('',#19323,#11202);
#9747=LINE('',#19324,#11203);
#9748=LINE('',#19325,#11204);
#9749=LINE('',#19326,#11205);
#9750=LINE('',#19327,#11206);
#9751=LINE('',#19328,#11207);
#9752=LINE('',#19329,#11208);
#9753=LINE('',#19330,#11209);
#9754=LINE('',#19331,#11210);
#9755=LINE('',#19332,#11211);
#9756=LINE('',#19333,#11212);
#9757=LINE('',#19334,#11213);
#9758=LINE('',#19343,#11214);
#9759=LINE('',#19344,#11215);
#9760=LINE('',#19345,#11216);
#9761=LINE('',#19346,#11217);
#9762=LINE('',#19347,#11218);
#9763=LINE('',#19348,#11219);
#9764=LINE('',#19349,#11220);
#9765=LINE('',#19350,#11221);
#9766=LINE('',#19351,#11222);
#9767=LINE('',#19352,#11223);
#9768=LINE('',#19353,#11224);
#9769=LINE('',#19354,#11225);
#9770=LINE('',#19355,#11226);
#9771=LINE('',#19356,#11227);
#9772=LINE('',#19357,#11228);
#9773=LINE('',#19358,#11229);
#9774=LINE('',#19359,#11230);
#9775=LINE('',#19360,#11231);
#9776=LINE('',#19361,#11232);
#9777=LINE('',#19362,#11233);
#9778=LINE('',#19363,#11234);
#9779=LINE('',#19364,#11235);
#9780=LINE('',#19365,#11236);
#9781=LINE('',#19366,#11237);
#9782=LINE('',#19367,#11238);
#9783=LINE('',#19376,#11239);
#9784=LINE('',#19377,#11240);
#9785=LINE('',#19378,#11241);
#9786=LINE('',#19379,#11242);
#9787=LINE('',#19380,#11243);
#9788=LINE('',#19381,#11244);
#9789=LINE('',#19382,#11245);
#9790=LINE('',#19383,#11246);
#9791=LINE('',#19384,#11247);
#9792=LINE('',#19385,#11248);
#9793=LINE('',#19386,#11249);
#9794=LINE('',#19387,#11250);
#9795=LINE('',#19388,#11251);
#9796=LINE('',#19389,#11252);
#9797=LINE('',#19390,#11253);
#9798=LINE('',#19391,#11254);
#9799=LINE('',#19392,#11255);
#9800=LINE('',#19393,#11256);
#9801=LINE('',#19394,#11257);
#9802=LINE('',#19395,#11258);
#9803=LINE('',#19396,#11259);
#9804=LINE('',#19397,#11260);
#9805=LINE('',#19398,#11261);
#9806=LINE('',#19399,#11262);
#9807=LINE('',#19400,#11263);
#9808=LINE('',#19409,#11264);
#9809=LINE('',#19410,#11265);
#9810=LINE('',#19411,#11266);
#9811=LINE('',#19412,#11267);
#9812=LINE('',#19413,#11268);
#9813=LINE('',#19414,#11269);
#9814=LINE('',#19415,#11270);
#9815=LINE('',#19416,#11271);
#9816=LINE('',#19417,#11272);
#9817=LINE('',#19418,#11273);
#9818=LINE('',#19419,#11274);
#9819=LINE('',#19420,#11275);
#9820=LINE('',#19421,#11276);
#9821=LINE('',#19422,#11277);
#9822=LINE('',#19423,#11278);
#9823=LINE('',#19424,#11279);
#9824=LINE('',#19425,#11280);
#9825=LINE('',#19426,#11281);
#9826=LINE('',#19427,#11282);
#9827=LINE('',#19428,#11283);
#9828=LINE('',#19429,#11284);
#9829=LINE('',#19430,#11285);
#9830=LINE('',#19431,#11286);
#9831=LINE('',#19432,#11287);
#9832=LINE('',#19433,#11288);
#9833=LINE('',#19442,#11289);
#9834=LINE('',#19443,#11290);
#9835=LINE('',#19444,#11291);
#9836=LINE('',#19445,#11292);
#9837=LINE('',#19446,#11293);
#9838=LINE('',#19447,#11294);
#9839=LINE('',#19448,#11295);
#9840=LINE('',#19449,#11296);
#9841=LINE('',#19450,#11297);
#9842=LINE('',#19451,#11298);
#9843=LINE('',#19452,#11299);
#9844=LINE('',#19453,#11300);
#9845=LINE('',#19454,#11301);
#9846=LINE('',#19455,#11302);
#9847=LINE('',#19456,#11303);
#9848=LINE('',#19457,#11304);
#9849=LINE('',#19458,#11305);
#9850=LINE('',#19459,#11306);
#9851=LINE('',#19460,#11307);
#9852=LINE('',#19461,#11308);
#9853=LINE('',#19462,#11309);
#9854=LINE('',#19463,#11310);
#9855=LINE('',#19464,#11311);
#9856=LINE('',#19465,#11312);
#9857=LINE('',#19466,#11313);
#9858=LINE('',#19475,#11314);
#9859=LINE('',#19476,#11315);
#9860=LINE('',#19477,#11316);
#9861=LINE('',#19478,#11317);
#9862=LINE('',#19479,#11318);
#9863=LINE('',#19480,#11319);
#9864=LINE('',#19481,#11320);
#9865=LINE('',#19482,#11321);
#9866=LINE('',#19483,#11322);
#9867=LINE('',#19484,#11323);
#9868=LINE('',#19485,#11324);
#9869=LINE('',#19486,#11325);
#9870=LINE('',#19487,#11326);
#9871=LINE('',#19488,#11327);
#9872=LINE('',#19489,#11328);
#9873=LINE('',#19490,#11329);
#9874=LINE('',#19491,#11330);
#9875=LINE('',#19492,#11331);
#9876=LINE('',#19493,#11332);
#9877=LINE('',#19494,#11333);
#9878=LINE('',#19495,#11334);
#9879=LINE('',#19496,#11335);
#9880=LINE('',#19497,#11336);
#9881=LINE('',#19498,#11337);
#9882=LINE('',#19499,#11338);
#9883=LINE('',#19508,#11339);
#9884=LINE('',#19509,#11340);
#9885=LINE('',#19510,#11341);
#9886=LINE('',#19511,#11342);
#9887=LINE('',#19512,#11343);
#9888=LINE('',#19513,#11344);
#9889=LINE('',#19514,#11345);
#9890=LINE('',#19515,#11346);
#9891=LINE('',#19516,#11347);
#9892=LINE('',#19517,#11348);
#9893=LINE('',#19518,#11349);
#9894=LINE('',#19519,#11350);
#9895=LINE('',#19520,#11351);
#9896=LINE('',#19521,#11352);
#9897=LINE('',#19522,#11353);
#9898=LINE('',#19523,#11354);
#9899=LINE('',#19524,#11355);
#9900=LINE('',#19525,#11356);
#9901=LINE('',#19526,#11357);
#9902=LINE('',#19527,#11358);
#9903=LINE('',#19528,#11359);
#9904=LINE('',#19529,#11360);
#9905=LINE('',#19530,#11361);
#9906=LINE('',#19531,#11362);
#9907=LINE('',#19532,#11363);
#9908=LINE('',#19541,#11364);
#9909=LINE('',#19542,#11365);
#9910=LINE('',#19543,#11366);
#9911=LINE('',#19544,#11367);
#9912=LINE('',#19545,#11368);
#9913=LINE('',#19546,#11369);
#9914=LINE('',#19547,#11370);
#9915=LINE('',#19548,#11371);
#9916=LINE('',#19549,#11372);
#9917=LINE('',#19550,#11373);
#9918=LINE('',#19551,#11374);
#9919=LINE('',#19552,#11375);
#9920=LINE('',#19553,#11376);
#9921=LINE('',#19554,#11377);
#9922=LINE('',#19555,#11378);
#9923=LINE('',#19556,#11379);
#9924=LINE('',#19557,#11380);
#9925=LINE('',#19558,#11381);
#9926=LINE('',#19559,#11382);
#9927=LINE('',#19560,#11383);
#9928=LINE('',#19561,#11384);
#9929=LINE('',#19562,#11385);
#9930=LINE('',#19563,#11386);
#9931=LINE('',#19564,#11387);
#9932=LINE('',#19565,#11388);
#9933=LINE('',#19566,#11389);
#9934=LINE('',#19567,#11390);
#9935=LINE('',#19568,#11391);
#9936=LINE('',#19569,#11392);
#9937=LINE('',#19570,#11393);
#9938=LINE('',#19571,#11394);
#9939=LINE('',#19572,#11395);
#9940=LINE('',#19573,#11396);
#9941=LINE('',#19574,#11397);
#9942=LINE('',#19575,#11398);
#9943=LINE('',#19576,#11399);
#9944=LINE('',#19577,#11400);
#9945=LINE('',#19578,#11401);
#9946=LINE('',#19579,#11402);
#9947=LINE('',#19580,#11403);
#9948=LINE('',#19581,#11404);
#9949=LINE('',#19582,#11405);
#9950=LINE('',#19583,#11406);
#9951=LINE('',#19584,#11407);
#9952=VECTOR('',#13368,1.);
#9953=VECTOR('',#13369,1.);
#9954=VECTOR('',#13370,1.);
#9955=VECTOR('',#13371,1.);
#9956=VECTOR('',#13372,1.);
#9957=VECTOR('',#13373,1.);
#9958=VECTOR('',#13374,1.);
#9959=VECTOR('',#13375,1.);
#9960=VECTOR('',#13376,1.);
#9961=VECTOR('',#13377,1.);
#9962=VECTOR('',#13378,1.);
#9963=VECTOR('',#13379,1.);
#9964=VECTOR('',#13380,1.);
#9965=VECTOR('',#13381,1.);
#9966=VECTOR('',#13382,1.);
#9967=VECTOR('',#13383,1.);
#9968=VECTOR('',#13384,1.);
#9969=VECTOR('',#13385,1.);
#9970=VECTOR('',#13386,1.);
#9971=VECTOR('',#13387,1.);
#9972=VECTOR('',#13388,1.);
#9973=VECTOR('',#13389,1.);
#9974=VECTOR('',#13390,1.);
#9975=VECTOR('',#13391,1.);
#9976=VECTOR('',#13392,1.);
#9977=VECTOR('',#13393,1.);
#9978=VECTOR('',#13394,1.);
#9979=VECTOR('',#13395,1.);
#9980=VECTOR('',#13396,1.);
#9981=VECTOR('',#13397,1.);
#9982=VECTOR('',#13398,1.);
#9983=VECTOR('',#13399,1.);
#9984=VECTOR('',#13400,1.);
#9985=VECTOR('',#13401,1.);
#9986=VECTOR('',#13402,1.);
#9987=VECTOR('',#13403,1.);
#9988=VECTOR('',#13404,1.);
#9989=VECTOR('',#13405,1.);
#9990=VECTOR('',#13406,1.);
#9991=VECTOR('',#13407,1.);
#9992=VECTOR('',#13408,1.);
#9993=VECTOR('',#13409,1.);
#9994=VECTOR('',#13410,1.);
#9995=VECTOR('',#13411,1.);
#9996=VECTOR('',#13412,1.);
#9997=VECTOR('',#13413,1.);
#9998=VECTOR('',#13414,1.);
#9999=VECTOR('',#13415,1.);
#10000=VECTOR('',#13416,1.);
#10001=VECTOR('',#13417,1.);
#10002=VECTOR('',#13418,1.);
#10003=VECTOR('',#13419,1.);
#10004=VECTOR('',#13420,1.);
#10005=VECTOR('',#13421,1.);
#10006=VECTOR('',#13422,1.);
#10007=VECTOR('',#13423,1.);
#10008=VECTOR('',#13424,1.);
#10009=VECTOR('',#13425,1.);
#10010=VECTOR('',#13426,1.);
#10011=VECTOR('',#13427,1.);
#10012=VECTOR('',#13428,1.);
#10013=VECTOR('',#13429,1.);
#10014=VECTOR('',#13430,1.);
#10015=VECTOR('',#13431,1.);
#10016=VECTOR('',#13432,1.);
#10017=VECTOR('',#13433,1.);
#10018=VECTOR('',#13434,1.);
#10019=VECTOR('',#13435,1.);
#10020=VECTOR('',#13436,1.);
#10021=VECTOR('',#13437,1.);
#10022=VECTOR('',#13438,1.);
#10023=VECTOR('',#13439,1.);
#10024=VECTOR('',#13440,1.);
#10025=VECTOR('',#13441,1.);
#10026=VECTOR('',#13442,1.);
#10027=VECTOR('',#13443,1.);
#10028=VECTOR('',#13444,1.);
#10029=VECTOR('',#13445,1.);
#10030=VECTOR('',#13446,1.);
#10031=VECTOR('',#13447,1.);
#10032=VECTOR('',#13448,1.);
#10033=VECTOR('',#13449,1.);
#10034=VECTOR('',#13450,1.);
#10035=VECTOR('',#13451,1.);
#10036=VECTOR('',#13452,1.);
#10037=VECTOR('',#13453,1.);
#10038=VECTOR('',#13454,1.);
#10039=VECTOR('',#13455,1.);
#10040=VECTOR('',#13456,1.);
#10041=VECTOR('',#13457,1.);
#10042=VECTOR('',#13458,1.);
#10043=VECTOR('',#13459,1.);
#10044=VECTOR('',#13460,1.);
#10045=VECTOR('',#13461,1.);
#10046=VECTOR('',#13462,1.);
#10047=VECTOR('',#13463,1.);
#10048=VECTOR('',#13464,1.);
#10049=VECTOR('',#13465,1.);
#10050=VECTOR('',#13466,1.);
#10051=VECTOR('',#13467,1.);
#10052=VECTOR('',#13468,1.);
#10053=VECTOR('',#13469,1.);
#10054=VECTOR('',#13470,1.);
#10055=VECTOR('',#13471,1.);
#10056=VECTOR('',#13472,1.);
#10057=VECTOR('',#13473,1.);
#10058=VECTOR('',#13474,1.);
#10059=VECTOR('',#13475,1.);
#10060=VECTOR('',#13476,1.);
#10061=VECTOR('',#13477,1.);
#10062=VECTOR('',#13478,1.);
#10063=VECTOR('',#13479,1.);
#10064=VECTOR('',#13480,1.);
#10065=VECTOR('',#13481,1.);
#10066=VECTOR('',#13482,1.);
#10067=VECTOR('',#13483,1.);
#10068=VECTOR('',#13484,1.);
#10069=VECTOR('',#13485,1.);
#10070=VECTOR('',#13486,1.);
#10071=VECTOR('',#13487,1.);
#10072=VECTOR('',#13488,1.);
#10073=VECTOR('',#13489,1.);
#10074=VECTOR('',#13490,1.);
#10075=VECTOR('',#13491,1.);
#10076=VECTOR('',#13492,1.);
#10077=VECTOR('',#13493,1.);
#10078=VECTOR('',#13494,1.);
#10079=VECTOR('',#13495,1.);
#10080=VECTOR('',#13496,1.);
#10081=VECTOR('',#13497,1.);
#10082=VECTOR('',#13498,1.);
#10083=VECTOR('',#13499,1.);
#10084=VECTOR('',#13500,1.);
#10085=VECTOR('',#13501,1.);
#10086=VECTOR('',#13502,1.);
#10087=VECTOR('',#13503,1.);
#10088=VECTOR('',#13504,1.);
#10089=VECTOR('',#13505,1.);
#10090=VECTOR('',#13506,1.);
#10091=VECTOR('',#13507,1.);
#10092=VECTOR('',#13508,1.);
#10093=VECTOR('',#13509,1.);
#10094=VECTOR('',#13510,1.);
#10095=VECTOR('',#13511,1.);
#10096=VECTOR('',#13512,1.);
#10097=VECTOR('',#13513,1.);
#10098=VECTOR('',#13514,1.);
#10099=VECTOR('',#13515,1.);
#10100=VECTOR('',#13516,1.);
#10101=VECTOR('',#13517,1.);
#10102=VECTOR('',#13518,1.);
#10103=VECTOR('',#13519,1.);
#10104=VECTOR('',#13520,1.);
#10105=VECTOR('',#13521,1.);
#10106=VECTOR('',#13522,1.);
#10107=VECTOR('',#13523,1.);
#10108=VECTOR('',#13524,1.);
#10109=VECTOR('',#13525,1.);
#10110=VECTOR('',#13526,1.);
#10111=VECTOR('',#13527,1.);
#10112=VECTOR('',#13528,1.);
#10113=VECTOR('',#13529,1.);
#10114=VECTOR('',#13530,1.);
#10115=VECTOR('',#13531,1.);
#10116=VECTOR('',#13532,1.);
#10117=VECTOR('',#13533,1.);
#10118=VECTOR('',#13534,1.);
#10119=VECTOR('',#13535,1.);
#10120=VECTOR('',#13536,1.);
#10121=VECTOR('',#13537,1.);
#10122=VECTOR('',#13538,1.);
#10123=VECTOR('',#13539,1.);
#10124=VECTOR('',#13540,1.);
#10125=VECTOR('',#13541,1.);
#10126=VECTOR('',#13542,1.);
#10127=VECTOR('',#13551,1.);
#10128=VECTOR('',#13552,1.);
#10129=VECTOR('',#13553,1.);
#10130=VECTOR('',#13562,1.);
#10131=VECTOR('',#13563,1.);
#10132=VECTOR('',#13564,1.);
#10133=VECTOR('',#13565,1.);
#10134=VECTOR('',#13566,1.);
#10135=VECTOR('',#13567,1.);
#10136=VECTOR('',#13568,1.);
#10137=VECTOR('',#13569,1.);
#10138=VECTOR('',#13570,1.);
#10139=VECTOR('',#13571,1.);
#10140=VECTOR('',#13572,1.);
#10141=VECTOR('',#13573,1.);
#10142=VECTOR('',#13574,1.);
#10143=VECTOR('',#13575,1.);
#10144=VECTOR('',#13576,1.);
#10145=VECTOR('',#13577,1.);
#10146=VECTOR('',#13578,1.);
#10147=VECTOR('',#13579,1.);
#10148=VECTOR('',#13580,1.);
#10149=VECTOR('',#13581,1.);
#10150=VECTOR('',#13582,1.);
#10151=VECTOR('',#13583,1.);
#10152=VECTOR('',#13584,1.);
#10153=VECTOR('',#13585,1.);
#10154=VECTOR('',#13586,1.);
#10155=VECTOR('',#13595,1.);
#10156=VECTOR('',#13596,1.);
#10157=VECTOR('',#13597,1.);
#10158=VECTOR('',#13598,1.);
#10159=VECTOR('',#13599,1.);
#10160=VECTOR('',#13600,1.);
#10161=VECTOR('',#13601,1.);
#10162=VECTOR('',#13602,1.);
#10163=VECTOR('',#13603,1.);
#10164=VECTOR('',#13604,1.);
#10165=VECTOR('',#13605,1.);
#10166=VECTOR('',#13606,1.);
#10167=VECTOR('',#13607,1.);
#10168=VECTOR('',#13608,1.);
#10169=VECTOR('',#13609,1.);
#10170=VECTOR('',#13610,1.);
#10171=VECTOR('',#13611,1.);
#10172=VECTOR('',#13612,1.);
#10173=VECTOR('',#13613,1.);
#10174=VECTOR('',#13614,1.);
#10175=VECTOR('',#13615,1.);
#10176=VECTOR('',#13616,1.);
#10177=VECTOR('',#13617,1.);
#10178=VECTOR('',#13618,1.);
#10179=VECTOR('',#13619,1.);
#10180=VECTOR('',#13628,1.);
#10181=VECTOR('',#13629,1.);
#10182=VECTOR('',#13630,1.);
#10183=VECTOR('',#13631,1.);
#10184=VECTOR('',#13632,1.);
#10185=VECTOR('',#13633,1.);
#10186=VECTOR('',#13634,1.);
#10187=VECTOR('',#13635,1.);
#10188=VECTOR('',#13636,1.);
#10189=VECTOR('',#13637,1.);
#10190=VECTOR('',#13638,1.);
#10191=VECTOR('',#13639,1.);
#10192=VECTOR('',#13640,1.);
#10193=VECTOR('',#13641,1.);
#10194=VECTOR('',#13642,1.);
#10195=VECTOR('',#13643,1.);
#10196=VECTOR('',#13644,1.);
#10197=VECTOR('',#13645,1.);
#10198=VECTOR('',#13646,1.);
#10199=VECTOR('',#13647,1.);
#10200=VECTOR('',#13648,1.);
#10201=VECTOR('',#13649,1.);
#10202=VECTOR('',#13650,1.);
#10203=VECTOR('',#13651,1.);
#10204=VECTOR('',#13652,1.);
#10205=VECTOR('',#13653,1.);
#10206=VECTOR('',#13654,1.);
#10207=VECTOR('',#13655,1.);
#10208=VECTOR('',#13656,1.);
#10209=VECTOR('',#13657,1.);
#10210=VECTOR('',#13658,1.);
#10211=VECTOR('',#13659,1.);
#10212=VECTOR('',#13660,1.);
#10213=VECTOR('',#13661,1.);
#10214=VECTOR('',#13662,1.);
#10215=VECTOR('',#13663,1.);
#10216=VECTOR('',#13664,1.);
#10217=VECTOR('',#13665,1.);
#10218=VECTOR('',#13666,1.);
#10219=VECTOR('',#13667,1.);
#10220=VECTOR('',#13668,1.);
#10221=VECTOR('',#13669,1.);
#10222=VECTOR('',#13670,1.);
#10223=VECTOR('',#13671,1.);
#10224=VECTOR('',#13672,1.);
#10225=VECTOR('',#13681,1.);
#10226=VECTOR('',#13682,1.);
#10227=VECTOR('',#13683,1.);
#10228=VECTOR('',#13684,1.);
#10229=VECTOR('',#13685,1.);
#10230=VECTOR('',#13686,1.);
#10231=VECTOR('',#13687,1.);
#10232=VECTOR('',#13688,1.);
#10233=VECTOR('',#13689,1.);
#10234=VECTOR('',#13690,1.);
#10235=VECTOR('',#13691,1.);
#10236=VECTOR('',#13692,1.);
#10237=VECTOR('',#13693,1.);
#10238=VECTOR('',#13694,1.);
#10239=VECTOR('',#13695,1.);
#10240=VECTOR('',#13696,1.);
#10241=VECTOR('',#13697,1.);
#10242=VECTOR('',#13698,1.);
#10243=VECTOR('',#13699,1.);
#10244=VECTOR('',#13700,1.);
#10245=VECTOR('',#13701,1.);
#10246=VECTOR('',#13702,1.);
#10247=VECTOR('',#13703,1.);
#10248=VECTOR('',#13704,1.);
#10249=VECTOR('',#13705,1.);
#10250=VECTOR('',#13714,1.);
#10251=VECTOR('',#13715,1.);
#10252=VECTOR('',#13716,1.);
#10253=VECTOR('',#13717,1.);
#10254=VECTOR('',#13718,1.);
#10255=VECTOR('',#13719,1.);
#10256=VECTOR('',#13720,1.);
#10257=VECTOR('',#13721,1.);
#10258=VECTOR('',#13722,1.);
#10259=VECTOR('',#13723,1.);
#10260=VECTOR('',#13724,1.);
#10261=VECTOR('',#13725,1.);
#10262=VECTOR('',#13726,1.);
#10263=VECTOR('',#13727,1.);
#10264=VECTOR('',#13736,1.);
#10265=VECTOR('',#13737,1.);
#10266=VECTOR('',#13738,1.);
#10267=VECTOR('',#13739,1.);
#10268=VECTOR('',#13740,1.);
#10269=VECTOR('',#13741,1.);
#10270=VECTOR('',#13742,1.);
#10271=VECTOR('',#13743,1.);
#10272=VECTOR('',#13744,1.);
#10273=VECTOR('',#13745,1.);
#10274=VECTOR('',#13746,1.);
#10275=VECTOR('',#13747,1.);
#10276=VECTOR('',#13748,1.);
#10277=VECTOR('',#13749,1.);
#10278=VECTOR('',#13758,1.);
#10279=VECTOR('',#13759,1.);
#10280=VECTOR('',#13760,1.);
#10281=VECTOR('',#13761,1.);
#10282=VECTOR('',#13762,1.);
#10283=VECTOR('',#13763,1.);
#10284=VECTOR('',#13764,1.);
#10285=VECTOR('',#13765,1.);
#10286=VECTOR('',#13766,1.);
#10287=VECTOR('',#13767,1.);
#10288=VECTOR('',#13768,1.);
#10289=VECTOR('',#13769,1.);
#10290=VECTOR('',#13770,1.);
#10291=VECTOR('',#13771,1.);
#10292=VECTOR('',#13772,1.);
#10293=VECTOR('',#13773,1.);
#10294=VECTOR('',#13774,1.);
#10295=VECTOR('',#13775,1.);
#10296=VECTOR('',#13776,1.);
#10297=VECTOR('',#13777,1.);
#10298=VECTOR('',#13778,1.);
#10299=VECTOR('',#13779,1.);
#10300=VECTOR('',#13780,1.);
#10301=VECTOR('',#13781,1.);
#10302=VECTOR('',#13782,1.);
#10303=VECTOR('',#13791,1.);
#10304=VECTOR('',#13792,1.);
#10305=VECTOR('',#13793,1.);
#10306=VECTOR('',#13794,1.);
#10307=VECTOR('',#13795,1.);
#10308=VECTOR('',#13796,1.);
#10309=VECTOR('',#13797,1.);
#10310=VECTOR('',#13798,1.);
#10311=VECTOR('',#13799,1.);
#10312=VECTOR('',#13800,1.);
#10313=VECTOR('',#13801,1.);
#10314=VECTOR('',#13802,1.);
#10315=VECTOR('',#13803,1.);
#10316=VECTOR('',#13804,1.);
#10317=VECTOR('',#13805,1.);
#10318=VECTOR('',#13806,1.);
#10319=VECTOR('',#13807,1.);
#10320=VECTOR('',#13808,1.);
#10321=VECTOR('',#13809,1.);
#10322=VECTOR('',#13810,1.);
#10323=VECTOR('',#13811,1.);
#10324=VECTOR('',#13812,1.);
#10325=VECTOR('',#13813,1.);
#10326=VECTOR('',#13814,1.);
#10327=VECTOR('',#13815,1.);
#10328=VECTOR('',#13816,1.);
#10329=VECTOR('',#13817,1.);
#10330=VECTOR('',#13818,1.);
#10331=VECTOR('',#13819,1.);
#10332=VECTOR('',#13820,1.);
#10333=VECTOR('',#13821,1.);
#10334=VECTOR('',#13822,1.);
#10335=VECTOR('',#13823,1.);
#10336=VECTOR('',#13824,1.);
#10337=VECTOR('',#13825,1.);
#10338=VECTOR('',#13826,1.);
#10339=VECTOR('',#13827,1.);
#10340=VECTOR('',#13828,1.);
#10341=VECTOR('',#13829,1.);
#10342=VECTOR('',#13830,1.);
#10343=VECTOR('',#13831,1.);
#10344=VECTOR('',#13832,1.);
#10345=VECTOR('',#13833,1.);
#10346=VECTOR('',#13834,1.);
#10347=VECTOR('',#13835,1.);
#10348=VECTOR('',#13836,1.);
#10349=VECTOR('',#13837,1.);
#10350=VECTOR('',#13846,1.);
#10351=VECTOR('',#13847,1.);
#10352=VECTOR('',#13848,1.);
#10353=VECTOR('',#13849,1.);
#10354=VECTOR('',#13850,1.);
#10355=VECTOR('',#13851,1.);
#10356=VECTOR('',#13852,1.);
#10357=VECTOR('',#13853,1.);
#10358=VECTOR('',#13854,1.);
#10359=VECTOR('',#13855,1.);
#10360=VECTOR('',#13856,1.);
#10361=VECTOR('',#13857,1.);
#10362=VECTOR('',#13858,1.);
#10363=VECTOR('',#13859,1.);
#10364=VECTOR('',#13868,1.);
#10365=VECTOR('',#13869,1.);
#10366=VECTOR('',#13870,1.);
#10367=VECTOR('',#13871,1.);
#10368=VECTOR('',#13872,1.);
#10369=VECTOR('',#13873,1.);
#10370=VECTOR('',#13874,1.);
#10371=VECTOR('',#13875,1.);
#10372=VECTOR('',#13876,1.);
#10373=VECTOR('',#13877,1.);
#10374=VECTOR('',#13878,1.);
#10375=VECTOR('',#13879,1.);
#10376=VECTOR('',#13880,1.);
#10377=VECTOR('',#13881,1.);
#10378=VECTOR('',#13882,1.);
#10379=VECTOR('',#13883,1.);
#10380=VECTOR('',#13884,1.);
#10381=VECTOR('',#13885,1.);
#10382=VECTOR('',#13886,1.);
#10383=VECTOR('',#13887,1.);
#10384=VECTOR('',#13888,1.);
#10385=VECTOR('',#13889,1.);
#10386=VECTOR('',#13890,1.);
#10387=VECTOR('',#13891,1.);
#10388=VECTOR('',#13892,1.);
#10389=VECTOR('',#13901,1.);
#10390=VECTOR('',#13902,1.);
#10391=VECTOR('',#13903,1.);
#10392=VECTOR('',#13904,1.);
#10393=VECTOR('',#13905,1.);
#10394=VECTOR('',#13906,1.);
#10395=VECTOR('',#13907,1.);
#10396=VECTOR('',#13908,1.);
#10397=VECTOR('',#13909,1.);
#10398=VECTOR('',#13910,1.);
#10399=VECTOR('',#13911,1.);
#10400=VECTOR('',#13912,1.);
#10401=VECTOR('',#13913,1.);
#10402=VECTOR('',#13914,1.);
#10403=VECTOR('',#13915,1.);
#10404=VECTOR('',#13916,1.);
#10405=VECTOR('',#13917,1.);
#10406=VECTOR('',#13918,1.);
#10407=VECTOR('',#13919,1.);
#10408=VECTOR('',#13920,1.);
#10409=VECTOR('',#13921,1.);
#10410=VECTOR('',#13922,1.);
#10411=VECTOR('',#13923,1.);
#10412=VECTOR('',#13924,1.);
#10413=VECTOR('',#13925,1.);
#10414=VECTOR('',#13934,1.);
#10415=VECTOR('',#13935,1.);
#10416=VECTOR('',#13936,1.);
#10417=VECTOR('',#13937,1.);
#10418=VECTOR('',#13938,1.);
#10419=VECTOR('',#13939,1.);
#10420=VECTOR('',#13940,1.);
#10421=VECTOR('',#13941,1.);
#10422=VECTOR('',#13942,1.);
#10423=VECTOR('',#13943,1.);
#10424=VECTOR('',#13944,1.);
#10425=VECTOR('',#13945,1.);
#10426=VECTOR('',#13946,1.);
#10427=VECTOR('',#13947,1.);
#10428=VECTOR('',#13948,1.);
#10429=VECTOR('',#13949,1.);
#10430=VECTOR('',#13950,1.);
#10431=VECTOR('',#13951,1.);
#10432=VECTOR('',#13952,1.);
#10433=VECTOR('',#13953,1.);
#10434=VECTOR('',#13954,1.);
#10435=VECTOR('',#13955,1.);
#10436=VECTOR('',#13956,1.);
#10437=VECTOR('',#13957,1.);
#10438=VECTOR('',#13958,1.);
#10439=VECTOR('',#13967,1.);
#10440=VECTOR('',#13968,1.);
#10441=VECTOR('',#13969,1.);
#10442=VECTOR('',#13970,1.);
#10443=VECTOR('',#13971,1.);
#10444=VECTOR('',#13972,1.);
#10445=VECTOR('',#13973,1.);
#10446=VECTOR('',#13974,1.);
#10447=VECTOR('',#13975,1.);
#10448=VECTOR('',#13976,1.);
#10449=VECTOR('',#13977,1.);
#10450=VECTOR('',#13978,1.);
#10451=VECTOR('',#13979,1.);
#10452=VECTOR('',#13980,1.);
#10453=VECTOR('',#13981,1.);
#10454=VECTOR('',#13982,1.);
#10455=VECTOR('',#13983,1.);
#10456=VECTOR('',#13984,1.);
#10457=VECTOR('',#13985,1.);
#10458=VECTOR('',#13986,1.);
#10459=VECTOR('',#13987,1.);
#10460=VECTOR('',#13988,1.);
#10461=VECTOR('',#13989,1.);
#10462=VECTOR('',#13990,1.);
#10463=VECTOR('',#13991,1.);
#10464=VECTOR('',#14000,1.);
#10465=VECTOR('',#14001,1.);
#10466=VECTOR('',#14002,1.);
#10467=VECTOR('',#14003,1.);
#10468=VECTOR('',#14004,1.);
#10469=VECTOR('',#14005,1.);
#10470=VECTOR('',#14006,1.);
#10471=VECTOR('',#14007,1.);
#10472=VECTOR('',#14008,1.);
#10473=VECTOR('',#14009,1.);
#10474=VECTOR('',#14010,1.);
#10475=VECTOR('',#14011,1.);
#10476=VECTOR('',#14012,1.);
#10477=VECTOR('',#14013,1.);
#10478=VECTOR('',#14014,1.);
#10479=VECTOR('',#14015,1.);
#10480=VECTOR('',#14016,1.);
#10481=VECTOR('',#14017,1.);
#10482=VECTOR('',#14018,1.);
#10483=VECTOR('',#14019,1.);
#10484=VECTOR('',#14020,1.);
#10485=VECTOR('',#14021,1.);
#10486=VECTOR('',#14022,1.);
#10487=VECTOR('',#14023,1.);
#10488=VECTOR('',#14024,1.);
#10489=VECTOR('',#14033,1.);
#10490=VECTOR('',#14034,1.);
#10491=VECTOR('',#14035,1.);
#10492=VECTOR('',#14036,1.);
#10493=VECTOR('',#14037,1.);
#10494=VECTOR('',#14038,1.);
#10495=VECTOR('',#14039,1.);
#10496=VECTOR('',#14040,1.);
#10497=VECTOR('',#14041,1.);
#10498=VECTOR('',#14042,1.);
#10499=VECTOR('',#14043,1.);
#10500=VECTOR('',#14044,1.);
#10501=VECTOR('',#14045,1.);
#10502=VECTOR('',#14046,1.);
#10503=VECTOR('',#14047,1.);
#10504=VECTOR('',#14048,1.);
#10505=VECTOR('',#14049,1.);
#10506=VECTOR('',#14050,1.);
#10507=VECTOR('',#14051,1.);
#10508=VECTOR('',#14052,1.);
#10509=VECTOR('',#14053,1.);
#10510=VECTOR('',#14054,1.);
#10511=VECTOR('',#14055,1.);
#10512=VECTOR('',#14056,1.);
#10513=VECTOR('',#14057,1.);
#10514=VECTOR('',#14066,1.);
#10515=VECTOR('',#14067,1.);
#10516=VECTOR('',#14068,1.);
#10517=VECTOR('',#14069,1.);
#10518=VECTOR('',#14070,1.);
#10519=VECTOR('',#14071,1.);
#10520=VECTOR('',#14072,1.);
#10521=VECTOR('',#14073,1.);
#10522=VECTOR('',#14074,1.);
#10523=VECTOR('',#14075,1.);
#10524=VECTOR('',#14076,1.);
#10525=VECTOR('',#14077,1.);
#10526=VECTOR('',#14078,1.);
#10527=VECTOR('',#14079,1.);
#10528=VECTOR('',#14080,1.);
#10529=VECTOR('',#14081,1.);
#10530=VECTOR('',#14082,1.);
#10531=VECTOR('',#14083,1.);
#10532=VECTOR('',#14084,1.);
#10533=VECTOR('',#14085,1.);
#10534=VECTOR('',#14086,1.);
#10535=VECTOR('',#14087,1.);
#10536=VECTOR('',#14088,1.);
#10537=VECTOR('',#14089,1.);
#10538=VECTOR('',#14090,1.);
#10539=VECTOR('',#14099,1.);
#10540=VECTOR('',#14100,1.);
#10541=VECTOR('',#14101,1.);
#10542=VECTOR('',#14102,1.);
#10543=VECTOR('',#14103,1.);
#10544=VECTOR('',#14104,1.);
#10545=VECTOR('',#14105,1.);
#10546=VECTOR('',#14106,1.);
#10547=VECTOR('',#14107,1.);
#10548=VECTOR('',#14108,1.);
#10549=VECTOR('',#14109,1.);
#10550=VECTOR('',#14110,1.);
#10551=VECTOR('',#14111,1.);
#10552=VECTOR('',#14112,1.);
#10553=VECTOR('',#14113,1.);
#10554=VECTOR('',#14114,1.);
#10555=VECTOR('',#14115,1.);
#10556=VECTOR('',#14116,1.);
#10557=VECTOR('',#14117,1.);
#10558=VECTOR('',#14118,1.);
#10559=VECTOR('',#14119,1.);
#10560=VECTOR('',#14120,1.);
#10561=VECTOR('',#14121,1.);
#10562=VECTOR('',#14122,1.);
#10563=VECTOR('',#14123,1.);
#10564=VECTOR('',#14132,1.);
#10565=VECTOR('',#14133,1.);
#10566=VECTOR('',#14134,1.);
#10567=VECTOR('',#14135,1.);
#10568=VECTOR('',#14136,1.);
#10569=VECTOR('',#14137,1.);
#10570=VECTOR('',#14138,1.);
#10571=VECTOR('',#14139,1.);
#10572=VECTOR('',#14140,1.);
#10573=VECTOR('',#14141,1.);
#10574=VECTOR('',#14142,1.);
#10575=VECTOR('',#14143,1.);
#10576=VECTOR('',#14144,1.);
#10577=VECTOR('',#14145,1.);
#10578=VECTOR('',#14146,1.);
#10579=VECTOR('',#14147,1.);
#10580=VECTOR('',#14148,1.);
#10581=VECTOR('',#14149,1.);
#10582=VECTOR('',#14150,1.);
#10583=VECTOR('',#14151,1.);
#10584=VECTOR('',#14152,1.);
#10585=VECTOR('',#14153,1.);
#10586=VECTOR('',#14154,1.);
#10587=VECTOR('',#14155,1.);
#10588=VECTOR('',#14156,1.);
#10589=VECTOR('',#14165,1.);
#10590=VECTOR('',#14166,1.);
#10591=VECTOR('',#14167,1.);
#10592=VECTOR('',#14168,1.);
#10593=VECTOR('',#14169,1.);
#10594=VECTOR('',#14170,1.);
#10595=VECTOR('',#14171,1.);
#10596=VECTOR('',#14172,1.);
#10597=VECTOR('',#14173,1.);
#10598=VECTOR('',#14174,1.);
#10599=VECTOR('',#14175,1.);
#10600=VECTOR('',#14176,1.);
#10601=VECTOR('',#14177,1.);
#10602=VECTOR('',#14178,1.);
#10603=VECTOR('',#14179,1.);
#10604=VECTOR('',#14180,1.);
#10605=VECTOR('',#14181,1.);
#10606=VECTOR('',#14182,1.);
#10607=VECTOR('',#14183,1.);
#10608=VECTOR('',#14184,1.);
#10609=VECTOR('',#14185,1.);
#10610=VECTOR('',#14186,1.);
#10611=VECTOR('',#14187,1.);
#10612=VECTOR('',#14188,1.);
#10613=VECTOR('',#14189,1.);
#10614=VECTOR('',#14198,1.);
#10615=VECTOR('',#14199,1.);
#10616=VECTOR('',#14200,1.);
#10617=VECTOR('',#14201,1.);
#10618=VECTOR('',#14202,1.);
#10619=VECTOR('',#14203,1.);
#10620=VECTOR('',#14204,1.);
#10621=VECTOR('',#14205,1.);
#10622=VECTOR('',#14206,1.);
#10623=VECTOR('',#14207,1.);
#10624=VECTOR('',#14208,1.);
#10625=VECTOR('',#14209,1.);
#10626=VECTOR('',#14210,1.);
#10627=VECTOR('',#14211,1.);
#10628=VECTOR('',#14212,1.);
#10629=VECTOR('',#14213,1.);
#10630=VECTOR('',#14214,1.);
#10631=VECTOR('',#14215,1.);
#10632=VECTOR('',#14216,1.);
#10633=VECTOR('',#14217,1.);
#10634=VECTOR('',#14218,1.);
#10635=VECTOR('',#14219,1.);
#10636=VECTOR('',#14220,1.);
#10637=VECTOR('',#14221,1.);
#10638=VECTOR('',#14222,1.);
#10639=VECTOR('',#14231,1.);
#10640=VECTOR('',#14232,1.);
#10641=VECTOR('',#14233,1.);
#10642=VECTOR('',#14234,1.);
#10643=VECTOR('',#14235,1.);
#10644=VECTOR('',#14236,1.);
#10645=VECTOR('',#14237,1.);
#10646=VECTOR('',#14238,1.);
#10647=VECTOR('',#14239,1.);
#10648=VECTOR('',#14240,1.);
#10649=VECTOR('',#14241,1.);
#10650=VECTOR('',#14242,1.);
#10651=VECTOR('',#14243,1.);
#10652=VECTOR('',#14244,1.);
#10653=VECTOR('',#14245,1.);
#10654=VECTOR('',#14246,1.);
#10655=VECTOR('',#14247,1.);
#10656=VECTOR('',#14248,1.);
#10657=VECTOR('',#14249,1.);
#10658=VECTOR('',#14250,1.);
#10659=VECTOR('',#14251,1.);
#10660=VECTOR('',#14252,1.);
#10661=VECTOR('',#14253,1.);
#10662=VECTOR('',#14254,1.);
#10663=VECTOR('',#14255,1.);
#10664=VECTOR('',#14264,1.);
#10665=VECTOR('',#14265,1.);
#10666=VECTOR('',#14266,1.);
#10667=VECTOR('',#14267,1.);
#10668=VECTOR('',#14268,1.);
#10669=VECTOR('',#14269,1.);
#10670=VECTOR('',#14270,1.);
#10671=VECTOR('',#14271,1.);
#10672=VECTOR('',#14272,1.);
#10673=VECTOR('',#14273,1.);
#10674=VECTOR('',#14274,1.);
#10675=VECTOR('',#14275,1.);
#10676=VECTOR('',#14276,1.);
#10677=VECTOR('',#14277,1.);
#10678=VECTOR('',#14278,1.);
#10679=VECTOR('',#14279,1.);
#10680=VECTOR('',#14280,1.);
#10681=VECTOR('',#14281,1.);
#10682=VECTOR('',#14282,1.);
#10683=VECTOR('',#14283,1.);
#10684=VECTOR('',#14284,1.);
#10685=VECTOR('',#14285,1.);
#10686=VECTOR('',#14286,1.);
#10687=VECTOR('',#14287,1.);
#10688=VECTOR('',#14288,1.);
#10689=VECTOR('',#14297,1.);
#10690=VECTOR('',#14298,1.);
#10691=VECTOR('',#14299,1.);
#10692=VECTOR('',#14300,1.);
#10693=VECTOR('',#14301,1.);
#10694=VECTOR('',#14302,1.);
#10695=VECTOR('',#14303,1.);
#10696=VECTOR('',#14304,1.);
#10697=VECTOR('',#14305,1.);
#10698=VECTOR('',#14306,1.);
#10699=VECTOR('',#14307,1.);
#10700=VECTOR('',#14308,1.);
#10701=VECTOR('',#14309,1.);
#10702=VECTOR('',#14310,1.);
#10703=VECTOR('',#14311,1.);
#10704=VECTOR('',#14312,1.);
#10705=VECTOR('',#14313,1.);
#10706=VECTOR('',#14314,1.);
#10707=VECTOR('',#14315,1.);
#10708=VECTOR('',#14316,1.);
#10709=VECTOR('',#14317,1.);
#10710=VECTOR('',#14318,1.);
#10711=VECTOR('',#14319,1.);
#10712=VECTOR('',#14320,1.);
#10713=VECTOR('',#14321,1.);
#10714=VECTOR('',#14330,1.);
#10715=VECTOR('',#14331,1.);
#10716=VECTOR('',#14332,1.);
#10717=VECTOR('',#14333,1.);
#10718=VECTOR('',#14334,1.);
#10719=VECTOR('',#14335,1.);
#10720=VECTOR('',#14336,1.);
#10721=VECTOR('',#14337,1.);
#10722=VECTOR('',#14338,1.);
#10723=VECTOR('',#14339,1.);
#10724=VECTOR('',#14340,1.);
#10725=VECTOR('',#14341,1.);
#10726=VECTOR('',#14342,1.);
#10727=VECTOR('',#14343,1.);
#10728=VECTOR('',#14344,1.);
#10729=VECTOR('',#14345,1.);
#10730=VECTOR('',#14346,1.);
#10731=VECTOR('',#14347,1.);
#10732=VECTOR('',#14348,1.);
#10733=VECTOR('',#14349,1.);
#10734=VECTOR('',#14350,1.);
#10735=VECTOR('',#14351,1.);
#10736=VECTOR('',#14352,1.);
#10737=VECTOR('',#14353,1.);
#10738=VECTOR('',#14354,1.);
#10739=VECTOR('',#14363,1.);
#10740=VECTOR('',#14364,1.);
#10741=VECTOR('',#14365,1.);
#10742=VECTOR('',#14366,1.);
#10743=VECTOR('',#14367,1.);
#10744=VECTOR('',#14368,1.);
#10745=VECTOR('',#14369,1.);
#10746=VECTOR('',#14370,1.);
#10747=VECTOR('',#14371,1.);
#10748=VECTOR('',#14372,1.);
#10749=VECTOR('',#14373,1.);
#10750=VECTOR('',#14374,1.);
#10751=VECTOR('',#14375,1.);
#10752=VECTOR('',#14376,1.);
#10753=VECTOR('',#14377,1.);
#10754=VECTOR('',#14378,1.);
#10755=VECTOR('',#14379,1.);
#10756=VECTOR('',#14380,1.);
#10757=VECTOR('',#14381,1.);
#10758=VECTOR('',#14382,1.);
#10759=VECTOR('',#14383,1.);
#10760=VECTOR('',#14384,1.);
#10761=VECTOR('',#14385,1.);
#10762=VECTOR('',#14386,1.);
#10763=VECTOR('',#14387,1.);
#10764=VECTOR('',#14396,1.);
#10765=VECTOR('',#14397,1.);
#10766=VECTOR('',#14398,1.);
#10767=VECTOR('',#14399,1.);
#10768=VECTOR('',#14400,1.);
#10769=VECTOR('',#14401,1.);
#10770=VECTOR('',#14402,1.);
#10771=VECTOR('',#14403,1.);
#10772=VECTOR('',#14404,1.);
#10773=VECTOR('',#14405,1.);
#10774=VECTOR('',#14406,1.);
#10775=VECTOR('',#14407,1.);
#10776=VECTOR('',#14408,1.);
#10777=VECTOR('',#14409,1.);
#10778=VECTOR('',#14410,1.);
#10779=VECTOR('',#14411,1.);
#10780=VECTOR('',#14412,1.);
#10781=VECTOR('',#14413,1.);
#10782=VECTOR('',#14414,1.);
#10783=VECTOR('',#14415,1.);
#10784=VECTOR('',#14416,1.);
#10785=VECTOR('',#14417,1.);
#10786=VECTOR('',#14418,1.);
#10787=VECTOR('',#14419,1.);
#10788=VECTOR('',#14420,1.);
#10789=VECTOR('',#14429,1.);
#10790=VECTOR('',#14430,1.);
#10791=VECTOR('',#14431,1.);
#10792=VECTOR('',#14432,1.);
#10793=VECTOR('',#14433,1.);
#10794=VECTOR('',#14434,1.);
#10795=VECTOR('',#14435,1.);
#10796=VECTOR('',#14436,1.);
#10797=VECTOR('',#14437,1.);
#10798=VECTOR('',#14438,1.);
#10799=VECTOR('',#14439,1.);
#10800=VECTOR('',#14440,1.);
#10801=VECTOR('',#14441,1.);
#10802=VECTOR('',#14442,1.);
#10803=VECTOR('',#14443,1.);
#10804=VECTOR('',#14444,1.);
#10805=VECTOR('',#14445,1.);
#10806=VECTOR('',#14446,1.);
#10807=VECTOR('',#14447,1.);
#10808=VECTOR('',#14448,1.);
#10809=VECTOR('',#14449,1.);
#10810=VECTOR('',#14450,1.);
#10811=VECTOR('',#14451,1.);
#10812=VECTOR('',#14452,1.);
#10813=VECTOR('',#14453,1.);
#10814=VECTOR('',#14462,1.);
#10815=VECTOR('',#14463,1.);
#10816=VECTOR('',#14464,1.);
#10817=VECTOR('',#14465,1.);
#10818=VECTOR('',#14466,1.);
#10819=VECTOR('',#14467,1.);
#10820=VECTOR('',#14468,1.);
#10821=VECTOR('',#14469,1.);
#10822=VECTOR('',#14470,1.);
#10823=VECTOR('',#14471,1.);
#10824=VECTOR('',#14472,1.);
#10825=VECTOR('',#14473,1.);
#10826=VECTOR('',#14474,1.);
#10827=VECTOR('',#14475,1.);
#10828=VECTOR('',#14476,1.);
#10829=VECTOR('',#14477,1.);
#10830=VECTOR('',#14478,1.);
#10831=VECTOR('',#14479,1.);
#10832=VECTOR('',#14480,1.);
#10833=VECTOR('',#14481,1.);
#10834=VECTOR('',#14482,1.);
#10835=VECTOR('',#14483,1.);
#10836=VECTOR('',#14484,1.);
#10837=VECTOR('',#14485,1.);
#10838=VECTOR('',#14486,1.);
#10839=VECTOR('',#14495,1.);
#10840=VECTOR('',#14496,1.);
#10841=VECTOR('',#14497,1.);
#10842=VECTOR('',#14498,1.);
#10843=VECTOR('',#14499,1.);
#10844=VECTOR('',#14500,1.);
#10845=VECTOR('',#14501,1.);
#10846=VECTOR('',#14502,1.);
#10847=VECTOR('',#14503,1.);
#10848=VECTOR('',#14504,1.);
#10849=VECTOR('',#14505,1.);
#10850=VECTOR('',#14506,1.);
#10851=VECTOR('',#14507,1.);
#10852=VECTOR('',#14508,1.);
#10853=VECTOR('',#14509,1.);
#10854=VECTOR('',#14510,1.);
#10855=VECTOR('',#14511,1.);
#10856=VECTOR('',#14512,1.);
#10857=VECTOR('',#14513,1.);
#10858=VECTOR('',#14514,1.);
#10859=VECTOR('',#14515,1.);
#10860=VECTOR('',#14516,1.);
#10861=VECTOR('',#14517,1.);
#10862=VECTOR('',#14518,1.);
#10863=VECTOR('',#14519,1.);
#10864=VECTOR('',#14528,1.);
#10865=VECTOR('',#14529,1.);
#10866=VECTOR('',#14530,1.);
#10867=VECTOR('',#14531,1.);
#10868=VECTOR('',#14532,1.);
#10869=VECTOR('',#14533,1.);
#10870=VECTOR('',#14534,1.);
#10871=VECTOR('',#14535,1.);
#10872=VECTOR('',#14536,1.);
#10873=VECTOR('',#14537,1.);
#10874=VECTOR('',#14538,1.);
#10875=VECTOR('',#14539,1.);
#10876=VECTOR('',#14540,1.);
#10877=VECTOR('',#14541,1.);
#10878=VECTOR('',#14542,1.);
#10879=VECTOR('',#14543,1.);
#10880=VECTOR('',#14544,1.);
#10881=VECTOR('',#14545,1.);
#10882=VECTOR('',#14546,1.);
#10883=VECTOR('',#14547,1.);
#10884=VECTOR('',#14548,1.);
#10885=VECTOR('',#14549,1.);
#10886=VECTOR('',#14550,1.);
#10887=VECTOR('',#14551,1.);
#10888=VECTOR('',#14552,1.);
#10889=VECTOR('',#14561,1.);
#10890=VECTOR('',#14562,1.);
#10891=VECTOR('',#14563,1.);
#10892=VECTOR('',#14564,1.);
#10893=VECTOR('',#14565,1.);
#10894=VECTOR('',#14566,1.);
#10895=VECTOR('',#14567,1.);
#10896=VECTOR('',#14568,1.);
#10897=VECTOR('',#14569,1.);
#10898=VECTOR('',#14570,1.);
#10899=VECTOR('',#14571,1.);
#10900=VECTOR('',#14572,1.);
#10901=VECTOR('',#14573,1.);
#10902=VECTOR('',#14574,1.);
#10903=VECTOR('',#14575,1.);
#10904=VECTOR('',#14576,1.);
#10905=VECTOR('',#14577,1.);
#10906=VECTOR('',#14578,1.);
#10907=VECTOR('',#14579,1.);
#10908=VECTOR('',#14580,1.);
#10909=VECTOR('',#14581,1.);
#10910=VECTOR('',#14582,1.);
#10911=VECTOR('',#14583,1.);
#10912=VECTOR('',#14584,1.);
#10913=VECTOR('',#14585,1.);
#10914=VECTOR('',#14594,1.);
#10915=VECTOR('',#14595,1.);
#10916=VECTOR('',#14596,1.);
#10917=VECTOR('',#14597,1.);
#10918=VECTOR('',#14598,1.);
#10919=VECTOR('',#14599,1.);
#10920=VECTOR('',#14600,1.);
#10921=VECTOR('',#14601,1.);
#10922=VECTOR('',#14602,1.);
#10923=VECTOR('',#14603,1.);
#10924=VECTOR('',#14604,1.);
#10925=VECTOR('',#14605,1.);
#10926=VECTOR('',#14606,1.);
#10927=VECTOR('',#14607,1.);
#10928=VECTOR('',#14608,1.);
#10929=VECTOR('',#14609,1.);
#10930=VECTOR('',#14610,1.);
#10931=VECTOR('',#14611,1.);
#10932=VECTOR('',#14612,1.);
#10933=VECTOR('',#14613,1.);
#10934=VECTOR('',#14614,1.);
#10935=VECTOR('',#14615,1.);
#10936=VECTOR('',#14616,1.);
#10937=VECTOR('',#14617,1.);
#10938=VECTOR('',#14618,1.);
#10939=VECTOR('',#14627,1.);
#10940=VECTOR('',#14628,1.);
#10941=VECTOR('',#14629,1.);
#10942=VECTOR('',#14630,1.);
#10943=VECTOR('',#14631,1.);
#10944=VECTOR('',#14632,1.);
#10945=VECTOR('',#14633,1.);
#10946=VECTOR('',#14634,1.);
#10947=VECTOR('',#14635,1.);
#10948=VECTOR('',#14636,1.);
#10949=VECTOR('',#14637,1.);
#10950=VECTOR('',#14638,1.);
#10951=VECTOR('',#14639,1.);
#10952=VECTOR('',#14640,1.);
#10953=VECTOR('',#14641,1.);
#10954=VECTOR('',#14642,1.);
#10955=VECTOR('',#14643,1.);
#10956=VECTOR('',#14644,1.);
#10957=VECTOR('',#14645,1.);
#10958=VECTOR('',#14646,1.);
#10959=VECTOR('',#14647,1.);
#10960=VECTOR('',#14648,1.);
#10961=VECTOR('',#14649,1.);
#10962=VECTOR('',#14650,1.);
#10963=VECTOR('',#14651,1.);
#10964=VECTOR('',#14660,1.);
#10965=VECTOR('',#14661,1.);
#10966=VECTOR('',#14662,1.);
#10967=VECTOR('',#14663,1.);
#10968=VECTOR('',#14664,1.);
#10969=VECTOR('',#14665,1.);
#10970=VECTOR('',#14666,1.);
#10971=VECTOR('',#14667,1.);
#10972=VECTOR('',#14668,1.);
#10973=VECTOR('',#14669,1.);
#10974=VECTOR('',#14670,1.);
#10975=VECTOR('',#14671,1.);
#10976=VECTOR('',#14672,1.);
#10977=VECTOR('',#14673,1.);
#10978=VECTOR('',#14674,1.);
#10979=VECTOR('',#14675,1.);
#10980=VECTOR('',#14676,1.);
#10981=VECTOR('',#14677,1.);
#10982=VECTOR('',#14678,1.);
#10983=VECTOR('',#14679,1.);
#10984=VECTOR('',#14680,1.);
#10985=VECTOR('',#14681,1.);
#10986=VECTOR('',#14682,1.);
#10987=VECTOR('',#14683,1.);
#10988=VECTOR('',#14684,1.);
#10989=VECTOR('',#14693,1.);
#10990=VECTOR('',#14694,1.);
#10991=VECTOR('',#14695,1.);
#10992=VECTOR('',#14696,1.);
#10993=VECTOR('',#14697,1.);
#10994=VECTOR('',#14698,1.);
#10995=VECTOR('',#14699,1.);
#10996=VECTOR('',#14700,1.);
#10997=VECTOR('',#14701,1.);
#10998=VECTOR('',#14702,1.);
#10999=VECTOR('',#14703,1.);
#11000=VECTOR('',#14704,1.);
#11001=VECTOR('',#14705,1.);
#11002=VECTOR('',#14706,1.);
#11003=VECTOR('',#14707,1.);
#11004=VECTOR('',#14708,1.);
#11005=VECTOR('',#14709,1.);
#11006=VECTOR('',#14710,1.);
#11007=VECTOR('',#14711,1.);
#11008=VECTOR('',#14712,1.);
#11009=VECTOR('',#14713,1.);
#11010=VECTOR('',#14714,1.);
#11011=VECTOR('',#14715,1.);
#11012=VECTOR('',#14716,1.);
#11013=VECTOR('',#14717,1.);
#11014=VECTOR('',#14726,1.);
#11015=VECTOR('',#14727,1.);
#11016=VECTOR('',#14728,1.);
#11017=VECTOR('',#14729,1.);
#11018=VECTOR('',#14730,1.);
#11019=VECTOR('',#14731,1.);
#11020=VECTOR('',#14732,1.);
#11021=VECTOR('',#14733,1.);
#11022=VECTOR('',#14734,1.);
#11023=VECTOR('',#14735,1.);
#11024=VECTOR('',#14736,1.);
#11025=VECTOR('',#14737,1.);
#11026=VECTOR('',#14738,1.);
#11027=VECTOR('',#14739,1.);
#11028=VECTOR('',#14740,1.);
#11029=VECTOR('',#14741,1.);
#11030=VECTOR('',#14742,1.);
#11031=VECTOR('',#14743,1.);
#11032=VECTOR('',#14744,1.);
#11033=VECTOR('',#14745,1.);
#11034=VECTOR('',#14746,1.);
#11035=VECTOR('',#14747,1.);
#11036=VECTOR('',#14748,1.);
#11037=VECTOR('',#14749,1.);
#11038=VECTOR('',#14750,1.);
#11039=VECTOR('',#14759,1.);
#11040=VECTOR('',#14760,1.);
#11041=VECTOR('',#14761,1.);
#11042=VECTOR('',#14762,1.);
#11043=VECTOR('',#14763,1.);
#11044=VECTOR('',#14764,1.);
#11045=VECTOR('',#14765,1.);
#11046=VECTOR('',#14766,1.);
#11047=VECTOR('',#14767,1.);
#11048=VECTOR('',#14768,1.);
#11049=VECTOR('',#14769,1.);
#11050=VECTOR('',#14770,1.);
#11051=VECTOR('',#14771,1.);
#11052=VECTOR('',#14772,1.);
#11053=VECTOR('',#14773,1.);
#11054=VECTOR('',#14774,1.);
#11055=VECTOR('',#14775,1.);
#11056=VECTOR('',#14776,1.);
#11057=VECTOR('',#14777,1.);
#11058=VECTOR('',#14778,1.);
#11059=VECTOR('',#14779,1.);
#11060=VECTOR('',#14780,1.);
#11061=VECTOR('',#14781,1.);
#11062=VECTOR('',#14782,1.);
#11063=VECTOR('',#14783,1.);
#11064=VECTOR('',#14792,1.);
#11065=VECTOR('',#14793,1.);
#11066=VECTOR('',#14794,1.);
#11067=VECTOR('',#14795,1.);
#11068=VECTOR('',#14796,1.);
#11069=VECTOR('',#14797,1.);
#11070=VECTOR('',#14798,1.);
#11071=VECTOR('',#14799,1.);
#11072=VECTOR('',#14800,1.);
#11073=VECTOR('',#14801,1.);
#11074=VECTOR('',#14802,1.);
#11075=VECTOR('',#14803,1.);
#11076=VECTOR('',#14804,1.);
#11077=VECTOR('',#14805,1.);
#11078=VECTOR('',#14806,1.);
#11079=VECTOR('',#14807,1.);
#11080=VECTOR('',#14808,1.);
#11081=VECTOR('',#14809,1.);
#11082=VECTOR('',#14810,1.);
#11083=VECTOR('',#14811,1.);
#11084=VECTOR('',#14812,1.);
#11085=VECTOR('',#14813,1.);
#11086=VECTOR('',#14814,1.);
#11087=VECTOR('',#14815,1.);
#11088=VECTOR('',#14816,1.);
#11089=VECTOR('',#14825,1.);
#11090=VECTOR('',#14826,1.);
#11091=VECTOR('',#14827,1.);
#11092=VECTOR('',#14828,1.);
#11093=VECTOR('',#14829,1.);
#11094=VECTOR('',#14830,1.);
#11095=VECTOR('',#14831,1.);
#11096=VECTOR('',#14832,1.);
#11097=VECTOR('',#14833,1.);
#11098=VECTOR('',#14834,1.);
#11099=VECTOR('',#14835,1.);
#11100=VECTOR('',#14836,1.);
#11101=VECTOR('',#14837,1.);
#11102=VECTOR('',#14838,1.);
#11103=VECTOR('',#14839,1.);
#11104=VECTOR('',#14840,1.);
#11105=VECTOR('',#14841,1.);
#11106=VECTOR('',#14842,1.);
#11107=VECTOR('',#14843,1.);
#11108=VECTOR('',#14844,1.);
#11109=VECTOR('',#14845,1.);
#11110=VECTOR('',#14846,1.);
#11111=VECTOR('',#14847,1.);
#11112=VECTOR('',#14848,1.);
#11113=VECTOR('',#14849,1.);
#11114=VECTOR('',#14858,1.);
#11115=VECTOR('',#14859,1.);
#11116=VECTOR('',#14860,1.);
#11117=VECTOR('',#14861,1.);
#11118=VECTOR('',#14862,1.);
#11119=VECTOR('',#14863,1.);
#11120=VECTOR('',#14864,1.);
#11121=VECTOR('',#14865,1.);
#11122=VECTOR('',#14866,1.);
#11123=VECTOR('',#14867,1.);
#11124=VECTOR('',#14868,1.);
#11125=VECTOR('',#14869,1.);
#11126=VECTOR('',#14870,1.);
#11127=VECTOR('',#14871,1.);
#11128=VECTOR('',#14872,1.);
#11129=VECTOR('',#14873,1.);
#11130=VECTOR('',#14874,1.);
#11131=VECTOR('',#14875,1.);
#11132=VECTOR('',#14876,1.);
#11133=VECTOR('',#14877,1.);
#11134=VECTOR('',#14878,1.);
#11135=VECTOR('',#14879,1.);
#11136=VECTOR('',#14880,1.);
#11137=VECTOR('',#14881,1.);
#11138=VECTOR('',#14882,1.);
#11139=VECTOR('',#14891,1.);
#11140=VECTOR('',#14892,1.);
#11141=VECTOR('',#14893,1.);
#11142=VECTOR('',#14894,1.);
#11143=VECTOR('',#14895,1.);
#11144=VECTOR('',#14896,1.);
#11145=VECTOR('',#14897,1.);
#11146=VECTOR('',#14898,1.);
#11147=VECTOR('',#14899,1.);
#11148=VECTOR('',#14900,1.);
#11149=VECTOR('',#14901,1.);
#11150=VECTOR('',#14902,1.);
#11151=VECTOR('',#14903,1.);
#11152=VECTOR('',#14904,1.);
#11153=VECTOR('',#14905,1.);
#11154=VECTOR('',#14906,1.);
#11155=VECTOR('',#14907,1.);
#11156=VECTOR('',#14908,1.);
#11157=VECTOR('',#14909,1.);
#11158=VECTOR('',#14910,1.);
#11159=VECTOR('',#14911,1.);
#11160=VECTOR('',#14912,1.);
#11161=VECTOR('',#14913,1.);
#11162=VECTOR('',#14914,1.);
#11163=VECTOR('',#14915,1.);
#11164=VECTOR('',#14924,1.);
#11165=VECTOR('',#14925,1.);
#11166=VECTOR('',#14926,1.);
#11167=VECTOR('',#14927,1.);
#11168=VECTOR('',#14928,1.);
#11169=VECTOR('',#14929,1.);
#11170=VECTOR('',#14930,1.);
#11171=VECTOR('',#14931,1.);
#11172=VECTOR('',#14932,1.);
#11173=VECTOR('',#14933,1.);
#11174=VECTOR('',#14934,1.);
#11175=VECTOR('',#14935,1.);
#11176=VECTOR('',#14936,1.);
#11177=VECTOR('',#14937,1.);
#11178=VECTOR('',#14938,1.);
#11179=VECTOR('',#14939,1.);
#11180=VECTOR('',#14940,1.);
#11181=VECTOR('',#14941,1.);
#11182=VECTOR('',#14942,1.);
#11183=VECTOR('',#14943,1.);
#11184=VECTOR('',#14944,1.);
#11185=VECTOR('',#14945,1.);
#11186=VECTOR('',#14946,1.);
#11187=VECTOR('',#14947,1.);
#11188=VECTOR('',#14948,1.);
#11189=VECTOR('',#14957,1.);
#11190=VECTOR('',#14958,1.);
#11191=VECTOR('',#14959,1.);
#11192=VECTOR('',#14960,1.);
#11193=VECTOR('',#14961,1.);
#11194=VECTOR('',#14962,1.);
#11195=VECTOR('',#14963,1.);
#11196=VECTOR('',#14964,1.);
#11197=VECTOR('',#14965,1.);
#11198=VECTOR('',#14966,1.);
#11199=VECTOR('',#14967,1.);
#11200=VECTOR('',#14968,1.);
#11201=VECTOR('',#14969,1.);
#11202=VECTOR('',#14970,1.);
#11203=VECTOR('',#14971,1.);
#11204=VECTOR('',#14972,1.);
#11205=VECTOR('',#14973,1.);
#11206=VECTOR('',#14974,1.);
#11207=VECTOR('',#14975,1.);
#11208=VECTOR('',#14976,1.);
#11209=VECTOR('',#14977,1.);
#11210=VECTOR('',#14978,1.);
#11211=VECTOR('',#14979,1.);
#11212=VECTOR('',#14980,1.);
#11213=VECTOR('',#14981,1.);
#11214=VECTOR('',#14990,1.);
#11215=VECTOR('',#14991,1.);
#11216=VECTOR('',#14992,1.);
#11217=VECTOR('',#14993,1.);
#11218=VECTOR('',#14994,1.);
#11219=VECTOR('',#14995,1.);
#11220=VECTOR('',#14996,1.);
#11221=VECTOR('',#14997,1.);
#11222=VECTOR('',#14998,1.);
#11223=VECTOR('',#14999,1.);
#11224=VECTOR('',#15000,1.);
#11225=VECTOR('',#15001,1.);
#11226=VECTOR('',#15002,1.);
#11227=VECTOR('',#15003,1.);
#11228=VECTOR('',#15004,1.);
#11229=VECTOR('',#15005,1.);
#11230=VECTOR('',#15006,1.);
#11231=VECTOR('',#15007,1.);
#11232=VECTOR('',#15008,1.);
#11233=VECTOR('',#15009,1.);
#11234=VECTOR('',#15010,1.);
#11235=VECTOR('',#15011,1.);
#11236=VECTOR('',#15012,1.);
#11237=VECTOR('',#15013,1.);
#11238=VECTOR('',#15014,1.);
#11239=VECTOR('',#15023,1.);
#11240=VECTOR('',#15024,1.);
#11241=VECTOR('',#15025,1.);
#11242=VECTOR('',#15026,1.);
#11243=VECTOR('',#15027,1.);
#11244=VECTOR('',#15028,1.);
#11245=VECTOR('',#15029,1.);
#11246=VECTOR('',#15030,1.);
#11247=VECTOR('',#15031,1.);
#11248=VECTOR('',#15032,1.);
#11249=VECTOR('',#15033,1.);
#11250=VECTOR('',#15034,1.);
#11251=VECTOR('',#15035,1.);
#11252=VECTOR('',#15036,1.);
#11253=VECTOR('',#15037,1.);
#11254=VECTOR('',#15038,1.);
#11255=VECTOR('',#15039,1.);
#11256=VECTOR('',#15040,1.);
#11257=VECTOR('',#15041,1.);
#11258=VECTOR('',#15042,1.);
#11259=VECTOR('',#15043,1.);
#11260=VECTOR('',#15044,1.);
#11261=VECTOR('',#15045,1.);
#11262=VECTOR('',#15046,1.);
#11263=VECTOR('',#15047,1.);
#11264=VECTOR('',#15056,1.);
#11265=VECTOR('',#15057,1.);
#11266=VECTOR('',#15058,1.);
#11267=VECTOR('',#15059,1.);
#11268=VECTOR('',#15060,1.);
#11269=VECTOR('',#15061,1.);
#11270=VECTOR('',#15062,1.);
#11271=VECTOR('',#15063,1.);
#11272=VECTOR('',#15064,1.);
#11273=VECTOR('',#15065,1.);
#11274=VECTOR('',#15066,1.);
#11275=VECTOR('',#15067,1.);
#11276=VECTOR('',#15068,1.);
#11277=VECTOR('',#15069,1.);
#11278=VECTOR('',#15070,1.);
#11279=VECTOR('',#15071,1.);
#11280=VECTOR('',#15072,1.);
#11281=VECTOR('',#15073,1.);
#11282=VECTOR('',#15074,1.);
#11283=VECTOR('',#15075,1.);
#11284=VECTOR('',#15076,1.);
#11285=VECTOR('',#15077,1.);
#11286=VECTOR('',#15078,1.);
#11287=VECTOR('',#15079,1.);
#11288=VECTOR('',#15080,1.);
#11289=VECTOR('',#15089,1.);
#11290=VECTOR('',#15090,1.);
#11291=VECTOR('',#15091,1.);
#11292=VECTOR('',#15092,1.);
#11293=VECTOR('',#15093,1.);
#11294=VECTOR('',#15094,1.);
#11295=VECTOR('',#15095,1.);
#11296=VECTOR('',#15096,1.);
#11297=VECTOR('',#15097,1.);
#11298=VECTOR('',#15098,1.);
#11299=VECTOR('',#15099,1.);
#11300=VECTOR('',#15100,1.);
#11301=VECTOR('',#15101,1.);
#11302=VECTOR('',#15102,1.);
#11303=VECTOR('',#15103,1.);
#11304=VECTOR('',#15104,1.);
#11305=VECTOR('',#15105,1.);
#11306=VECTOR('',#15106,1.);
#11307=VECTOR('',#15107,1.);
#11308=VECTOR('',#15108,1.);
#11309=VECTOR('',#15109,1.);
#11310=VECTOR('',#15110,1.);
#11311=VECTOR('',#15111,1.);
#11312=VECTOR('',#15112,1.);
#11313=VECTOR('',#15113,1.);
#11314=VECTOR('',#15122,1.);
#11315=VECTOR('',#15123,1.);
#11316=VECTOR('',#15124,1.);
#11317=VECTOR('',#15125,1.);
#11318=VECTOR('',#15126,1.);
#11319=VECTOR('',#15127,1.);
#11320=VECTOR('',#15128,1.);
#11321=VECTOR('',#15129,1.);
#11322=VECTOR('',#15130,1.);
#11323=VECTOR('',#15131,1.);
#11324=VECTOR('',#15132,1.);
#11325=VECTOR('',#15133,1.);
#11326=VECTOR('',#15134,1.);
#11327=VECTOR('',#15135,1.);
#11328=VECTOR('',#15136,1.);
#11329=VECTOR('',#15137,1.);
#11330=VECTOR('',#15138,1.);
#11331=VECTOR('',#15139,1.);
#11332=VECTOR('',#15140,1.);
#11333=VECTOR('',#15141,1.);
#11334=VECTOR('',#15142,1.);
#11335=VECTOR('',#15143,1.);
#11336=VECTOR('',#15144,1.);
#11337=VECTOR('',#15145,1.);
#11338=VECTOR('',#15146,1.);
#11339=VECTOR('',#15155,1.);
#11340=VECTOR('',#15156,1.);
#11341=VECTOR('',#15157,1.);
#11342=VECTOR('',#15158,1.);
#11343=VECTOR('',#15159,1.);
#11344=VECTOR('',#15160,1.);
#11345=VECTOR('',#15161,1.);
#11346=VECTOR('',#15162,1.);
#11347=VECTOR('',#15163,1.);
#11348=VECTOR('',#15164,1.);
#11349=VECTOR('',#15165,1.);
#11350=VECTOR('',#15166,1.);
#11351=VECTOR('',#15167,1.);
#11352=VECTOR('',#15168,1.);
#11353=VECTOR('',#15169,1.);
#11354=VECTOR('',#15170,1.);
#11355=VECTOR('',#15171,1.);
#11356=VECTOR('',#15172,1.);
#11357=VECTOR('',#15173,1.);
#11358=VECTOR('',#15174,1.);
#11359=VECTOR('',#15175,1.);
#11360=VECTOR('',#15176,1.);
#11361=VECTOR('',#15177,1.);
#11362=VECTOR('',#15178,1.);
#11363=VECTOR('',#15179,1.);
#11364=VECTOR('',#15188,1.);
#11365=VECTOR('',#15189,1.);
#11366=VECTOR('',#15190,1.);
#11367=VECTOR('',#15191,1.);
#11368=VECTOR('',#15192,1.);
#11369=VECTOR('',#15193,1.);
#11370=VECTOR('',#15194,1.);
#11371=VECTOR('',#15195,1.);
#11372=VECTOR('',#15196,1.);
#11373=VECTOR('',#15197,1.);
#11374=VECTOR('',#15198,1.);
#11375=VECTOR('',#15199,1.);
#11376=VECTOR('',#15200,1.);
#11377=VECTOR('',#15201,1.);
#11378=VECTOR('',#15202,1.);
#11379=VECTOR('',#15203,1.);
#11380=VECTOR('',#15204,1.);
#11381=VECTOR('',#15205,1.);
#11382=VECTOR('',#15206,1.);
#11383=VECTOR('',#15207,1.);
#11384=VECTOR('',#15208,1.);
#11385=VECTOR('',#15209,1.);
#11386=VECTOR('',#15210,1.);
#11387=VECTOR('',#15211,1.);
#11388=VECTOR('',#15212,1.);
#11389=VECTOR('',#15213,1.);
#11390=VECTOR('',#15214,1.);
#11391=VECTOR('',#15215,1.);
#11392=VECTOR('',#15216,1.);
#11393=VECTOR('',#15217,1.);
#11394=VECTOR('',#15218,1.);
#11395=VECTOR('',#15219,1.);
#11396=VECTOR('',#15220,1.);
#11397=VECTOR('',#15221,1.);
#11398=VECTOR('',#15222,1.);
#11399=VECTOR('',#15223,1.);
#11400=VECTOR('',#15224,1.);
#11401=VECTOR('',#15225,1.);
#11402=VECTOR('',#15226,1.);
#11403=VECTOR('',#15227,1.);
#11404=VECTOR('',#15228,1.);
#11405=VECTOR('',#15229,1.);
#11406=VECTOR('',#15230,1.);
#11407=VECTOR('',#15231,1.);
#11408=VERTEX_POINT('',#16403);
#11409=VERTEX_POINT('',#16404);
#11410=VERTEX_POINT('',#16405);
#11411=VERTEX_POINT('',#16406);
#11412=VERTEX_POINT('',#16407);
#11413=VERTEX_POINT('',#16408);
#11414=VERTEX_POINT('',#16409);
#11415=VERTEX_POINT('',#16410);
#11416=VERTEX_POINT('',#16411);
#11417=VERTEX_POINT('',#16412);
#11418=VERTEX_POINT('',#16413);
#11419=VERTEX_POINT('',#16414);
#11420=VERTEX_POINT('',#16415);
#11421=VERTEX_POINT('',#16416);
#11422=VERTEX_POINT('',#16417);
#11423=VERTEX_POINT('',#16418);
#11424=VERTEX_POINT('',#16419);
#11425=VERTEX_POINT('',#16420);
#11426=VERTEX_POINT('',#16421);
#11427=VERTEX_POINT('',#16422);
#11428=VERTEX_POINT('',#16423);
#11429=VERTEX_POINT('',#16424);
#11430=VERTEX_POINT('',#16425);
#11431=VERTEX_POINT('',#16426);
#11432=VERTEX_POINT('',#16427);
#11433=VERTEX_POINT('',#16428);
#11434=VERTEX_POINT('',#16429);
#11435=VERTEX_POINT('',#16430);
#11436=VERTEX_POINT('',#16431);
#11437=VERTEX_POINT('',#16432);
#11438=VERTEX_POINT('',#16433);
#11439=VERTEX_POINT('',#16434);
#11440=VERTEX_POINT('',#16435);
#11441=VERTEX_POINT('',#16436);
#11442=VERTEX_POINT('',#16437);
#11443=VERTEX_POINT('',#16438);
#11444=VERTEX_POINT('',#16439);
#11445=VERTEX_POINT('',#16440);
#11446=VERTEX_POINT('',#16441);
#11447=VERTEX_POINT('',#16442);
#11448=VERTEX_POINT('',#16443);
#11449=VERTEX_POINT('',#16444);
#11450=VERTEX_POINT('',#16445);
#11451=VERTEX_POINT('',#16446);
#11452=VERTEX_POINT('',#16447);
#11453=VERTEX_POINT('',#16448);
#11454=VERTEX_POINT('',#16449);
#11455=VERTEX_POINT('',#16450);
#11456=VERTEX_POINT('',#16451);
#11457=VERTEX_POINT('',#16452);
#11458=VERTEX_POINT('',#16453);
#11459=VERTEX_POINT('',#16454);
#11460=VERTEX_POINT('',#16455);
#11461=VERTEX_POINT('',#16456);
#11462=VERTEX_POINT('',#16457);
#11463=VERTEX_POINT('',#16458);
#11464=VERTEX_POINT('',#16459);
#11465=VERTEX_POINT('',#16460);
#11466=VERTEX_POINT('',#16461);
#11467=VERTEX_POINT('',#16462);
#11468=VERTEX_POINT('',#16463);
#11469=VERTEX_POINT('',#16464);
#11470=VERTEX_POINT('',#16465);
#11471=VERTEX_POINT('',#16466);
#11472=VERTEX_POINT('',#16467);
#11473=VERTEX_POINT('',#16468);
#11474=VERTEX_POINT('',#16469);
#11475=VERTEX_POINT('',#16470);
#11476=VERTEX_POINT('',#16471);
#11477=VERTEX_POINT('',#16472);
#11478=VERTEX_POINT('',#16473);
#11479=VERTEX_POINT('',#16474);
#11480=VERTEX_POINT('',#16475);
#11481=VERTEX_POINT('',#16476);
#11482=VERTEX_POINT('',#16477);
#11483=VERTEX_POINT('',#16478);
#11484=VERTEX_POINT('',#16479);
#11485=VERTEX_POINT('',#16480);
#11486=VERTEX_POINT('',#16481);
#11487=VERTEX_POINT('',#16482);
#11488=VERTEX_POINT('',#16483);
#11489=VERTEX_POINT('',#16484);
#11490=VERTEX_POINT('',#16485);
#11491=VERTEX_POINT('',#16486);
#11492=VERTEX_POINT('',#16487);
#11493=VERTEX_POINT('',#16488);
#11494=VERTEX_POINT('',#16489);
#11495=VERTEX_POINT('',#16490);
#11496=VERTEX_POINT('',#16491);
#11497=VERTEX_POINT('',#16492);
#11498=VERTEX_POINT('',#16493);
#11499=VERTEX_POINT('',#16494);
#11500=VERTEX_POINT('',#16495);
#11501=VERTEX_POINT('',#16496);
#11502=VERTEX_POINT('',#16497);
#11503=VERTEX_POINT('',#16498);
#11504=VERTEX_POINT('',#16499);
#11505=VERTEX_POINT('',#16500);
#11506=VERTEX_POINT('',#16501);
#11507=VERTEX_POINT('',#16502);
#11508=VERTEX_POINT('',#16503);
#11509=VERTEX_POINT('',#16504);
#11510=VERTEX_POINT('',#16505);
#11511=VERTEX_POINT('',#16506);
#11512=VERTEX_POINT('',#16507);
#11513=VERTEX_POINT('',#16508);
#11514=VERTEX_POINT('',#16509);
#11515=VERTEX_POINT('',#16510);
#11516=VERTEX_POINT('',#16511);
#11517=VERTEX_POINT('',#16512);
#11518=VERTEX_POINT('',#16513);
#11519=VERTEX_POINT('',#16514);
#11520=VERTEX_POINT('',#16515);
#11521=VERTEX_POINT('',#16516);
#11522=VERTEX_POINT('',#16517);
#11523=VERTEX_POINT('',#16518);
#11524=VERTEX_POINT('',#16519);
#11525=VERTEX_POINT('',#16520);
#11526=VERTEX_POINT('',#16521);
#11527=VERTEX_POINT('',#16522);
#11528=VERTEX_POINT('',#16523);
#11529=VERTEX_POINT('',#16524);
#11530=VERTEX_POINT('',#16525);
#11531=VERTEX_POINT('',#16526);
#11532=VERTEX_POINT('',#16527);
#11533=VERTEX_POINT('',#16528);
#11534=VERTEX_POINT('',#16529);
#11535=VERTEX_POINT('',#16530);
#11536=VERTEX_POINT('',#16531);
#11537=VERTEX_POINT('',#16532);
#11538=VERTEX_POINT('',#16533);
#11539=VERTEX_POINT('',#16534);
#11540=VERTEX_POINT('',#16535);
#11541=VERTEX_POINT('',#16536);
#11542=VERTEX_POINT('',#16537);
#11543=VERTEX_POINT('',#16538);
#11544=VERTEX_POINT('',#16539);
#11545=VERTEX_POINT('',#16540);
#11546=VERTEX_POINT('',#16541);
#11547=VERTEX_POINT('',#16542);
#11548=VERTEX_POINT('',#16543);
#11549=VERTEX_POINT('',#16544);
#11550=VERTEX_POINT('',#16545);
#11551=VERTEX_POINT('',#16546);
#11552=VERTEX_POINT('',#16547);
#11553=VERTEX_POINT('',#16548);
#11554=VERTEX_POINT('',#16549);
#11555=VERTEX_POINT('',#16550);
#11556=VERTEX_POINT('',#16551);
#11557=VERTEX_POINT('',#16552);
#11558=VERTEX_POINT('',#16553);
#11559=VERTEX_POINT('',#16554);
#11560=VERTEX_POINT('',#16555);
#11561=VERTEX_POINT('',#16556);
#11562=VERTEX_POINT('',#16557);
#11563=VERTEX_POINT('',#16558);
#11564=VERTEX_POINT('',#16559);
#11565=VERTEX_POINT('',#16560);
#11566=VERTEX_POINT('',#16561);
#11567=VERTEX_POINT('',#16562);
#11568=VERTEX_POINT('',#16563);
#11569=VERTEX_POINT('',#16564);
#11570=VERTEX_POINT('',#16565);
#11571=VERTEX_POINT('',#16566);
#11572=VERTEX_POINT('',#16567);
#11573=VERTEX_POINT('',#16568);
#11574=VERTEX_POINT('',#16569);
#11575=VERTEX_POINT('',#16570);
#11576=VERTEX_POINT('',#16571);
#11577=VERTEX_POINT('',#16572);
#11578=VERTEX_POINT('',#16573);
#11579=VERTEX_POINT('',#16574);
#11580=VERTEX_POINT('',#16575);
#11581=VERTEX_POINT('',#16576);
#11582=VERTEX_POINT('',#16577);
#11583=VERTEX_POINT('',#16578);
#11584=VERTEX_POINT('',#16579);
#11585=VERTEX_POINT('',#16580);
#11586=VERTEX_POINT('',#16581);
#11587=VERTEX_POINT('',#16582);
#11588=VERTEX_POINT('',#16583);
#11589=VERTEX_POINT('',#16584);
#11590=VERTEX_POINT('',#16585);
#11591=VERTEX_POINT('',#16586);
#11592=VERTEX_POINT('',#16587);
#11593=VERTEX_POINT('',#16588);
#11594=VERTEX_POINT('',#16589);
#11595=VERTEX_POINT('',#16590);
#11596=VERTEX_POINT('',#16591);
#11597=VERTEX_POINT('',#16592);
#11598=VERTEX_POINT('',#16593);
#11599=VERTEX_POINT('',#16594);
#11600=VERTEX_POINT('',#16595);
#11601=VERTEX_POINT('',#16596);
#11602=VERTEX_POINT('',#16597);
#11603=VERTEX_POINT('',#16598);
#11604=VERTEX_POINT('',#16599);
#11605=VERTEX_POINT('',#16600);
#11606=VERTEX_POINT('',#16601);
#11607=VERTEX_POINT('',#16602);
#11608=VERTEX_POINT('',#16603);
#11609=VERTEX_POINT('',#16604);
#11610=VERTEX_POINT('',#16605);
#11611=VERTEX_POINT('',#16606);
#11612=VERTEX_POINT('',#16607);
#11613=VERTEX_POINT('',#16608);
#11614=VERTEX_POINT('',#16609);
#11615=VERTEX_POINT('',#16610);
#11616=VERTEX_POINT('',#16611);
#11617=VERTEX_POINT('',#16612);
#11618=VERTEX_POINT('',#16613);
#11619=VERTEX_POINT('',#16614);
#11620=VERTEX_POINT('',#16615);
#11621=VERTEX_POINT('',#16616);
#11622=VERTEX_POINT('',#16617);
#11623=VERTEX_POINT('',#16618);
#11624=VERTEX_POINT('',#16619);
#11625=VERTEX_POINT('',#16620);
#11626=VERTEX_POINT('',#16621);
#11627=VERTEX_POINT('',#16622);
#11628=VERTEX_POINT('',#16623);
#11629=VERTEX_POINT('',#16624);
#11630=VERTEX_POINT('',#16625);
#11631=VERTEX_POINT('',#16626);
#11632=VERTEX_POINT('',#16627);
#11633=VERTEX_POINT('',#16628);
#11634=VERTEX_POINT('',#16629);
#11635=VERTEX_POINT('',#16630);
#11636=VERTEX_POINT('',#16631);
#11637=VERTEX_POINT('',#16632);
#11638=VERTEX_POINT('',#16633);
#11639=VERTEX_POINT('',#16634);
#11640=VERTEX_POINT('',#16635);
#11641=VERTEX_POINT('',#16636);
#11642=VERTEX_POINT('',#16637);
#11643=VERTEX_POINT('',#16638);
#11644=VERTEX_POINT('',#16639);
#11645=VERTEX_POINT('',#16640);
#11646=VERTEX_POINT('',#16641);
#11647=VERTEX_POINT('',#16642);
#11648=VERTEX_POINT('',#16643);
#11649=VERTEX_POINT('',#16644);
#11650=VERTEX_POINT('',#16645);
#11651=VERTEX_POINT('',#16646);
#11652=VERTEX_POINT('',#16647);
#11653=VERTEX_POINT('',#16648);
#11654=VERTEX_POINT('',#16649);
#11655=VERTEX_POINT('',#16650);
#11656=VERTEX_POINT('',#16651);
#11657=VERTEX_POINT('',#16652);
#11658=VERTEX_POINT('',#16653);
#11659=VERTEX_POINT('',#16654);
#11660=VERTEX_POINT('',#16655);
#11661=VERTEX_POINT('',#16656);
#11662=VERTEX_POINT('',#16657);
#11663=VERTEX_POINT('',#16658);
#11664=VERTEX_POINT('',#16659);
#11665=VERTEX_POINT('',#16660);
#11666=VERTEX_POINT('',#16661);
#11667=VERTEX_POINT('',#16662);
#11668=VERTEX_POINT('',#16663);
#11669=VERTEX_POINT('',#16664);
#11670=VERTEX_POINT('',#16665);
#11671=VERTEX_POINT('',#16666);
#11672=VERTEX_POINT('',#16667);
#11673=VERTEX_POINT('',#16668);
#11674=VERTEX_POINT('',#16669);
#11675=VERTEX_POINT('',#16670);
#11676=VERTEX_POINT('',#16671);
#11677=VERTEX_POINT('',#16672);
#11678=VERTEX_POINT('',#16673);
#11679=VERTEX_POINT('',#16674);
#11680=VERTEX_POINT('',#16675);
#11681=VERTEX_POINT('',#16676);
#11682=VERTEX_POINT('',#16677);
#11683=VERTEX_POINT('',#16678);
#11684=VERTEX_POINT('',#16679);
#11685=VERTEX_POINT('',#16680);
#11686=VERTEX_POINT('',#16681);
#11687=VERTEX_POINT('',#16682);
#11688=VERTEX_POINT('',#16683);
#11689=VERTEX_POINT('',#16684);
#11690=VERTEX_POINT('',#16685);
#11691=VERTEX_POINT('',#16686);
#11692=VERTEX_POINT('',#16687);
#11693=VERTEX_POINT('',#16688);
#11694=VERTEX_POINT('',#16689);
#11695=VERTEX_POINT('',#16690);
#11696=VERTEX_POINT('',#16691);
#11697=VERTEX_POINT('',#16692);
#11698=VERTEX_POINT('',#16693);
#11699=VERTEX_POINT('',#16694);
#11700=VERTEX_POINT('',#16695);
#11701=VERTEX_POINT('',#16696);
#11702=VERTEX_POINT('',#16697);
#11703=VERTEX_POINT('',#16698);
#11704=VERTEX_POINT('',#16699);
#11705=VERTEX_POINT('',#16700);
#11706=VERTEX_POINT('',#16701);
#11707=VERTEX_POINT('',#16702);
#11708=VERTEX_POINT('',#16703);
#11709=VERTEX_POINT('',#16704);
#11710=VERTEX_POINT('',#16705);
#11711=VERTEX_POINT('',#16706);
#11712=VERTEX_POINT('',#16707);
#11713=VERTEX_POINT('',#16708);
#11714=VERTEX_POINT('',#16709);
#11715=VERTEX_POINT('',#16710);
#11716=VERTEX_POINT('',#16711);
#11717=VERTEX_POINT('',#16712);
#11718=VERTEX_POINT('',#16713);
#11719=VERTEX_POINT('',#16714);
#11720=VERTEX_POINT('',#16715);
#11721=VERTEX_POINT('',#16716);
#11722=VERTEX_POINT('',#16717);
#11723=VERTEX_POINT('',#16718);
#11724=VERTEX_POINT('',#16719);
#11725=VERTEX_POINT('',#16720);
#11726=VERTEX_POINT('',#16721);
#11727=VERTEX_POINT('',#16722);
#11728=VERTEX_POINT('',#16723);
#11729=VERTEX_POINT('',#16724);
#11730=VERTEX_POINT('',#16725);
#11731=VERTEX_POINT('',#16726);
#11732=VERTEX_POINT('',#16727);
#11733=VERTEX_POINT('',#16728);
#11734=VERTEX_POINT('',#16729);
#11735=VERTEX_POINT('',#16730);
#11736=VERTEX_POINT('',#16731);
#11737=VERTEX_POINT('',#16732);
#11738=VERTEX_POINT('',#16733);
#11739=VERTEX_POINT('',#16734);
#11740=VERTEX_POINT('',#16735);
#11741=VERTEX_POINT('',#16736);
#11742=VERTEX_POINT('',#16737);
#11743=VERTEX_POINT('',#16738);
#11744=VERTEX_POINT('',#16739);
#11745=VERTEX_POINT('',#16740);
#11746=VERTEX_POINT('',#16741);
#11747=VERTEX_POINT('',#16742);
#11748=VERTEX_POINT('',#16743);
#11749=VERTEX_POINT('',#16744);
#11750=VERTEX_POINT('',#16745);
#11751=VERTEX_POINT('',#16746);
#11752=VERTEX_POINT('',#16747);
#11753=VERTEX_POINT('',#16748);
#11754=VERTEX_POINT('',#16749);
#11755=VERTEX_POINT('',#16750);
#11756=VERTEX_POINT('',#16751);
#11757=VERTEX_POINT('',#16752);
#11758=VERTEX_POINT('',#16753);
#11759=VERTEX_POINT('',#16754);
#11760=VERTEX_POINT('',#16755);
#11761=VERTEX_POINT('',#16756);
#11762=VERTEX_POINT('',#16757);
#11763=VERTEX_POINT('',#16758);
#11764=VERTEX_POINT('',#16759);
#11765=VERTEX_POINT('',#16760);
#11766=VERTEX_POINT('',#16761);
#11767=VERTEX_POINT('',#16762);
#11768=VERTEX_POINT('',#16763);
#11769=VERTEX_POINT('',#16764);
#11770=VERTEX_POINT('',#16765);
#11771=VERTEX_POINT('',#16766);
#11772=VERTEX_POINT('',#16767);
#11773=VERTEX_POINT('',#16768);
#11774=VERTEX_POINT('',#16769);
#11775=VERTEX_POINT('',#16770);
#11776=VERTEX_POINT('',#16771);
#11777=VERTEX_POINT('',#16772);
#11778=VERTEX_POINT('',#16773);
#11779=VERTEX_POINT('',#16774);
#11780=VERTEX_POINT('',#16775);
#11781=VERTEX_POINT('',#16776);
#11782=VERTEX_POINT('',#16777);
#11783=VERTEX_POINT('',#16778);
#11784=VERTEX_POINT('',#16779);
#11785=VERTEX_POINT('',#16780);
#11786=VERTEX_POINT('',#16781);
#11787=VERTEX_POINT('',#16782);
#11788=VERTEX_POINT('',#16783);
#11789=VERTEX_POINT('',#16784);
#11790=VERTEX_POINT('',#16785);
#11791=VERTEX_POINT('',#16786);
#11792=VERTEX_POINT('',#16787);
#11793=VERTEX_POINT('',#16788);
#11794=VERTEX_POINT('',#16789);
#11795=VERTEX_POINT('',#16790);
#11796=VERTEX_POINT('',#16791);
#11797=VERTEX_POINT('',#16792);
#11798=VERTEX_POINT('',#16793);
#11799=VERTEX_POINT('',#16794);
#11800=VERTEX_POINT('',#16795);
#11801=VERTEX_POINT('',#16796);
#11802=VERTEX_POINT('',#16797);
#11803=VERTEX_POINT('',#16798);
#11804=VERTEX_POINT('',#16799);
#11805=VERTEX_POINT('',#16800);
#11806=VERTEX_POINT('',#16801);
#11807=VERTEX_POINT('',#16802);
#11808=VERTEX_POINT('',#16803);
#11809=VERTEX_POINT('',#16804);
#11810=VERTEX_POINT('',#16805);
#11811=VERTEX_POINT('',#16806);
#11812=VERTEX_POINT('',#16807);
#11813=VERTEX_POINT('',#16808);
#11814=VERTEX_POINT('',#16809);
#11815=VERTEX_POINT('',#16810);
#11816=VERTEX_POINT('',#16811);
#11817=VERTEX_POINT('',#16812);
#11818=VERTEX_POINT('',#16813);
#11819=VERTEX_POINT('',#16814);
#11820=VERTEX_POINT('',#16815);
#11821=VERTEX_POINT('',#16816);
#11822=VERTEX_POINT('',#16817);
#11823=VERTEX_POINT('',#16818);
#11824=VERTEX_POINT('',#16819);
#11825=VERTEX_POINT('',#16820);
#11826=VERTEX_POINT('',#16821);
#11827=VERTEX_POINT('',#16822);
#11828=VERTEX_POINT('',#16823);
#11829=VERTEX_POINT('',#16824);
#11830=VERTEX_POINT('',#16825);
#11831=VERTEX_POINT('',#16826);
#11832=VERTEX_POINT('',#16827);
#11833=VERTEX_POINT('',#16828);
#11834=VERTEX_POINT('',#16829);
#11835=VERTEX_POINT('',#16830);
#11836=VERTEX_POINT('',#16831);
#11837=VERTEX_POINT('',#16832);
#11838=VERTEX_POINT('',#16833);
#11839=VERTEX_POINT('',#16834);
#11840=VERTEX_POINT('',#16835);
#11841=VERTEX_POINT('',#16836);
#11842=VERTEX_POINT('',#16837);
#11843=VERTEX_POINT('',#16838);
#11844=VERTEX_POINT('',#16839);
#11845=VERTEX_POINT('',#16840);
#11846=VERTEX_POINT('',#16841);
#11847=VERTEX_POINT('',#16842);
#11848=VERTEX_POINT('',#16843);
#11849=VERTEX_POINT('',#16844);
#11850=VERTEX_POINT('',#16845);
#11851=VERTEX_POINT('',#16846);
#11852=VERTEX_POINT('',#16847);
#11853=VERTEX_POINT('',#16848);
#11854=VERTEX_POINT('',#16849);
#11855=VERTEX_POINT('',#16850);
#11856=VERTEX_POINT('',#16851);
#11857=VERTEX_POINT('',#16852);
#11858=VERTEX_POINT('',#16853);
#11859=VERTEX_POINT('',#16854);
#11860=VERTEX_POINT('',#16855);
#11861=VERTEX_POINT('',#16856);
#11862=VERTEX_POINT('',#16857);
#11863=VERTEX_POINT('',#16858);
#11864=VERTEX_POINT('',#16859);
#11865=VERTEX_POINT('',#16860);
#11866=VERTEX_POINT('',#16861);
#11867=VERTEX_POINT('',#16862);
#11868=VERTEX_POINT('',#16863);
#11869=VERTEX_POINT('',#16864);
#11870=VERTEX_POINT('',#16865);
#11871=VERTEX_POINT('',#16866);
#11872=VERTEX_POINT('',#16867);
#11873=VERTEX_POINT('',#16868);
#11874=VERTEX_POINT('',#16869);
#11875=VERTEX_POINT('',#16870);
#11876=VERTEX_POINT('',#16871);
#11877=VERTEX_POINT('',#16872);
#11878=VERTEX_POINT('',#16873);
#11879=VERTEX_POINT('',#16874);
#11880=VERTEX_POINT('',#16875);
#11881=VERTEX_POINT('',#16876);
#11882=VERTEX_POINT('',#16877);
#11883=VERTEX_POINT('',#16878);
#11884=VERTEX_POINT('',#16879);
#11885=VERTEX_POINT('',#16880);
#11886=VERTEX_POINT('',#16881);
#11887=VERTEX_POINT('',#16882);
#11888=VERTEX_POINT('',#16883);
#11889=VERTEX_POINT('',#16884);
#11890=VERTEX_POINT('',#16885);
#11891=VERTEX_POINT('',#16886);
#11892=VERTEX_POINT('',#16887);
#11893=VERTEX_POINT('',#16888);
#11894=VERTEX_POINT('',#16889);
#11895=VERTEX_POINT('',#16890);
#11896=VERTEX_POINT('',#16891);
#11897=VERTEX_POINT('',#16892);
#11898=VERTEX_POINT('',#16893);
#11899=VERTEX_POINT('',#16894);
#11900=VERTEX_POINT('',#16895);
#11901=VERTEX_POINT('',#16896);
#11902=VERTEX_POINT('',#16897);
#11903=VERTEX_POINT('',#16898);
#11904=VERTEX_POINT('',#16899);
#11905=VERTEX_POINT('',#16900);
#11906=VERTEX_POINT('',#16901);
#11907=VERTEX_POINT('',#16902);
#11908=VERTEX_POINT('',#16903);
#11909=VERTEX_POINT('',#16904);
#11910=VERTEX_POINT('',#16905);
#11911=VERTEX_POINT('',#16906);
#11912=VERTEX_POINT('',#16907);
#11913=VERTEX_POINT('',#16908);
#11914=VERTEX_POINT('',#16909);
#11915=VERTEX_POINT('',#16910);
#11916=VERTEX_POINT('',#16911);
#11917=VERTEX_POINT('',#16912);
#11918=VERTEX_POINT('',#16913);
#11919=VERTEX_POINT('',#16914);
#11920=VERTEX_POINT('',#16915);
#11921=VERTEX_POINT('',#16916);
#11922=VERTEX_POINT('',#16917);
#11923=VERTEX_POINT('',#16918);
#11924=VERTEX_POINT('',#16919);
#11925=VERTEX_POINT('',#16920);
#11926=VERTEX_POINT('',#16921);
#11927=VERTEX_POINT('',#16922);
#11928=VERTEX_POINT('',#16923);
#11929=VERTEX_POINT('',#16924);
#11930=VERTEX_POINT('',#16925);
#11931=VERTEX_POINT('',#16926);
#11932=VERTEX_POINT('',#16927);
#11933=VERTEX_POINT('',#16928);
#11934=VERTEX_POINT('',#16929);
#11935=VERTEX_POINT('',#16930);
#11936=VERTEX_POINT('',#16931);
#11937=VERTEX_POINT('',#16932);
#11938=VERTEX_POINT('',#16933);
#11939=VERTEX_POINT('',#16934);
#11940=VERTEX_POINT('',#16935);
#11941=VERTEX_POINT('',#16936);
#11942=VERTEX_POINT('',#16937);
#11943=VERTEX_POINT('',#16938);
#11944=VERTEX_POINT('',#16939);
#11945=VERTEX_POINT('',#16940);
#11946=VERTEX_POINT('',#16941);
#11947=VERTEX_POINT('',#16942);
#11948=VERTEX_POINT('',#16943);
#11949=VERTEX_POINT('',#16944);
#11950=VERTEX_POINT('',#16945);
#11951=VERTEX_POINT('',#16946);
#11952=VERTEX_POINT('',#16947);
#11953=VERTEX_POINT('',#16948);
#11954=VERTEX_POINT('',#16949);
#11955=VERTEX_POINT('',#16950);
#11956=VERTEX_POINT('',#16951);
#11957=VERTEX_POINT('',#16952);
#11958=VERTEX_POINT('',#16953);
#11959=VERTEX_POINT('',#16954);
#11960=VERTEX_POINT('',#16955);
#11961=VERTEX_POINT('',#16956);
#11962=VERTEX_POINT('',#16957);
#11963=VERTEX_POINT('',#16958);
#11964=VERTEX_POINT('',#16959);
#11965=VERTEX_POINT('',#16960);
#11966=VERTEX_POINT('',#16961);
#11967=VERTEX_POINT('',#16962);
#11968=VERTEX_POINT('',#16963);
#11969=VERTEX_POINT('',#16964);
#11970=VERTEX_POINT('',#16965);
#11971=VERTEX_POINT('',#16966);
#11972=VERTEX_POINT('',#16967);
#11973=VERTEX_POINT('',#16968);
#11974=VERTEX_POINT('',#16969);
#11975=VERTEX_POINT('',#16970);
#11976=VERTEX_POINT('',#16971);
#11977=VERTEX_POINT('',#16972);
#11978=VERTEX_POINT('',#16973);
#11979=VERTEX_POINT('',#16974);
#11980=VERTEX_POINT('',#16975);
#11981=VERTEX_POINT('',#16976);
#11982=VERTEX_POINT('',#16977);
#11983=VERTEX_POINT('',#16978);
#11984=VERTEX_POINT('',#16979);
#11985=VERTEX_POINT('',#16980);
#11986=VERTEX_POINT('',#16981);
#11987=VERTEX_POINT('',#16982);
#11988=VERTEX_POINT('',#16983);
#11989=VERTEX_POINT('',#16984);
#11990=VERTEX_POINT('',#16985);
#11991=VERTEX_POINT('',#16986);
#11992=VERTEX_POINT('',#16987);
#11993=VERTEX_POINT('',#16988);
#11994=VERTEX_POINT('',#16989);
#11995=VERTEX_POINT('',#16990);
#11996=VERTEX_POINT('',#16991);
#11997=VERTEX_POINT('',#16992);
#11998=VERTEX_POINT('',#16993);
#11999=VERTEX_POINT('',#16994);
#12000=VERTEX_POINT('',#16995);
#12001=VERTEX_POINT('',#16996);
#12002=VERTEX_POINT('',#16997);
#12003=VERTEX_POINT('',#16998);
#12004=VERTEX_POINT('',#16999);
#12005=VERTEX_POINT('',#17000);
#12006=VERTEX_POINT('',#17001);
#12007=VERTEX_POINT('',#17002);
#12008=VERTEX_POINT('',#17003);
#12009=VERTEX_POINT('',#17004);
#12010=VERTEX_POINT('',#17005);
#12011=VERTEX_POINT('',#17006);
#12012=VERTEX_POINT('',#17007);
#12013=VERTEX_POINT('',#17008);
#12014=VERTEX_POINT('',#17009);
#12015=VERTEX_POINT('',#17010);
#12016=VERTEX_POINT('',#17011);
#12017=VERTEX_POINT('',#17012);
#12018=VERTEX_POINT('',#17013);
#12019=VERTEX_POINT('',#17014);
#12020=VERTEX_POINT('',#17015);
#12021=VERTEX_POINT('',#17016);
#12022=VERTEX_POINT('',#17017);
#12023=VERTEX_POINT('',#17018);
#12024=VERTEX_POINT('',#17019);
#12025=VERTEX_POINT('',#17020);
#12026=VERTEX_POINT('',#17021);
#12027=VERTEX_POINT('',#17022);
#12028=VERTEX_POINT('',#17023);
#12029=VERTEX_POINT('',#17024);
#12030=VERTEX_POINT('',#17025);
#12031=VERTEX_POINT('',#17026);
#12032=VERTEX_POINT('',#17027);
#12033=VERTEX_POINT('',#17028);
#12034=VERTEX_POINT('',#17029);
#12035=VERTEX_POINT('',#17030);
#12036=VERTEX_POINT('',#17031);
#12037=VERTEX_POINT('',#17032);
#12038=VERTEX_POINT('',#17033);
#12039=VERTEX_POINT('',#17034);
#12040=VERTEX_POINT('',#17035);
#12041=VERTEX_POINT('',#17036);
#12042=VERTEX_POINT('',#17037);
#12043=VERTEX_POINT('',#17038);
#12044=VERTEX_POINT('',#17039);
#12045=VERTEX_POINT('',#17040);
#12046=VERTEX_POINT('',#17041);
#12047=VERTEX_POINT('',#17042);
#12048=VERTEX_POINT('',#17043);
#12049=VERTEX_POINT('',#17044);
#12050=VERTEX_POINT('',#17045);
#12051=VERTEX_POINT('',#17046);
#12052=VERTEX_POINT('',#17047);
#12053=VERTEX_POINT('',#17048);
#12054=VERTEX_POINT('',#17049);
#12055=VERTEX_POINT('',#17050);
#12056=VERTEX_POINT('',#17051);
#12057=VERTEX_POINT('',#17052);
#12058=VERTEX_POINT('',#17053);
#12059=VERTEX_POINT('',#17054);
#12060=VERTEX_POINT('',#17055);
#12061=VERTEX_POINT('',#17056);
#12062=VERTEX_POINT('',#17057);
#12063=VERTEX_POINT('',#17058);
#12064=VERTEX_POINT('',#17059);
#12065=VERTEX_POINT('',#17060);
#12066=VERTEX_POINT('',#17061);
#12067=VERTEX_POINT('',#17062);
#12068=VERTEX_POINT('',#17063);
#12069=VERTEX_POINT('',#17064);
#12070=VERTEX_POINT('',#17065);
#12071=VERTEX_POINT('',#17066);
#12072=VERTEX_POINT('',#17067);
#12073=VERTEX_POINT('',#17068);
#12074=VERTEX_POINT('',#17069);
#12075=VERTEX_POINT('',#17070);
#12076=VERTEX_POINT('',#17071);
#12077=VERTEX_POINT('',#17072);
#12078=VERTEX_POINT('',#17073);
#12079=VERTEX_POINT('',#17074);
#12080=VERTEX_POINT('',#17075);
#12081=VERTEX_POINT('',#17076);
#12082=VERTEX_POINT('',#17077);
#12083=VERTEX_POINT('',#17078);
#12084=VERTEX_POINT('',#17079);
#12085=VERTEX_POINT('',#17080);
#12086=VERTEX_POINT('',#17081);
#12087=VERTEX_POINT('',#17082);
#12088=VERTEX_POINT('',#17083);
#12089=VERTEX_POINT('',#17084);
#12090=VERTEX_POINT('',#17085);
#12091=VERTEX_POINT('',#17086);
#12092=VERTEX_POINT('',#17087);
#12093=VERTEX_POINT('',#17088);
#12094=VERTEX_POINT('',#17089);
#12095=VERTEX_POINT('',#17090);
#12096=VERTEX_POINT('',#17091);
#12097=VERTEX_POINT('',#17092);
#12098=VERTEX_POINT('',#17093);
#12099=VERTEX_POINT('',#17094);
#12100=VERTEX_POINT('',#17095);
#12101=VERTEX_POINT('',#17096);
#12102=VERTEX_POINT('',#17097);
#12103=VERTEX_POINT('',#17098);
#12104=VERTEX_POINT('',#17099);
#12105=VERTEX_POINT('',#17100);
#12106=VERTEX_POINT('',#17101);
#12107=VERTEX_POINT('',#17102);
#12108=VERTEX_POINT('',#17103);
#12109=VERTEX_POINT('',#17104);
#12110=VERTEX_POINT('',#17105);
#12111=VERTEX_POINT('',#17106);
#12112=VERTEX_POINT('',#17107);
#12113=VERTEX_POINT('',#17108);
#12114=VERTEX_POINT('',#17109);
#12115=VERTEX_POINT('',#17110);
#12116=VERTEX_POINT('',#17111);
#12117=VERTEX_POINT('',#17112);
#12118=VERTEX_POINT('',#17113);
#12119=VERTEX_POINT('',#17114);
#12120=VERTEX_POINT('',#17115);
#12121=VERTEX_POINT('',#17116);
#12122=VERTEX_POINT('',#17117);
#12123=VERTEX_POINT('',#17118);
#12124=VERTEX_POINT('',#17119);
#12125=VERTEX_POINT('',#17120);
#12126=VERTEX_POINT('',#17121);
#12127=VERTEX_POINT('',#17122);
#12128=VERTEX_POINT('',#17123);
#12129=VERTEX_POINT('',#17124);
#12130=VERTEX_POINT('',#17125);
#12131=VERTEX_POINT('',#17126);
#12132=VERTEX_POINT('',#17127);
#12133=VERTEX_POINT('',#17128);
#12134=VERTEX_POINT('',#17129);
#12135=VERTEX_POINT('',#17130);
#12136=VERTEX_POINT('',#17131);
#12137=VERTEX_POINT('',#17132);
#12138=VERTEX_POINT('',#17133);
#12139=VERTEX_POINT('',#17134);
#12140=VERTEX_POINT('',#17135);
#12141=VERTEX_POINT('',#17136);
#12142=VERTEX_POINT('',#17137);
#12143=VERTEX_POINT('',#17138);
#12144=VERTEX_POINT('',#17139);
#12145=VERTEX_POINT('',#17140);
#12146=VERTEX_POINT('',#17141);
#12147=VERTEX_POINT('',#17142);
#12148=VERTEX_POINT('',#17143);
#12149=VERTEX_POINT('',#17144);
#12150=VERTEX_POINT('',#17145);
#12151=VERTEX_POINT('',#17146);
#12152=VERTEX_POINT('',#17147);
#12153=VERTEX_POINT('',#17148);
#12154=VERTEX_POINT('',#17149);
#12155=VERTEX_POINT('',#17150);
#12156=VERTEX_POINT('',#17151);
#12157=VERTEX_POINT('',#17152);
#12158=VERTEX_POINT('',#17153);
#12159=VERTEX_POINT('',#17154);
#12160=VERTEX_POINT('',#17155);
#12161=VERTEX_POINT('',#17156);
#12162=VERTEX_POINT('',#17157);
#12163=VERTEX_POINT('',#17158);
#12164=VERTEX_POINT('',#17159);
#12165=VERTEX_POINT('',#17160);
#12166=VERTEX_POINT('',#17161);
#12167=VERTEX_POINT('',#17162);
#12168=VERTEX_POINT('',#17163);
#12169=VERTEX_POINT('',#17164);
#12170=VERTEX_POINT('',#17165);
#12171=VERTEX_POINT('',#17166);
#12172=VERTEX_POINT('',#17167);
#12173=VERTEX_POINT('',#17168);
#12174=VERTEX_POINT('',#17169);
#12175=VERTEX_POINT('',#17170);
#12176=VERTEX_POINT('',#17171);
#12177=VERTEX_POINT('',#17172);
#12178=VERTEX_POINT('',#17173);
#12179=VERTEX_POINT('',#17174);
#12180=VERTEX_POINT('',#17175);
#12181=VERTEX_POINT('',#17176);
#12182=VERTEX_POINT('',#17177);
#12183=VERTEX_POINT('',#17178);
#12184=VERTEX_POINT('',#17179);
#12185=VERTEX_POINT('',#17180);
#12186=VERTEX_POINT('',#17181);
#12187=VERTEX_POINT('',#17182);
#12188=VERTEX_POINT('',#17183);
#12189=VERTEX_POINT('',#17184);
#12190=VERTEX_POINT('',#17185);
#12191=VERTEX_POINT('',#17186);
#12192=VERTEX_POINT('',#17187);
#12193=VERTEX_POINT('',#17188);
#12194=VERTEX_POINT('',#17189);
#12195=VERTEX_POINT('',#17190);
#12196=VERTEX_POINT('',#17191);
#12197=VERTEX_POINT('',#17192);
#12198=VERTEX_POINT('',#17193);
#12199=VERTEX_POINT('',#17194);
#12200=VERTEX_POINT('',#17195);
#12201=VERTEX_POINT('',#17196);
#12202=VERTEX_POINT('',#17197);
#12203=VERTEX_POINT('',#17198);
#12204=VERTEX_POINT('',#17199);
#12205=VERTEX_POINT('',#17200);
#12206=VERTEX_POINT('',#17201);
#12207=VERTEX_POINT('',#17202);
#12208=VERTEX_POINT('',#17203);
#12209=VERTEX_POINT('',#17204);
#12210=VERTEX_POINT('',#17205);
#12211=VERTEX_POINT('',#17206);
#12212=VERTEX_POINT('',#17207);
#12213=VERTEX_POINT('',#17208);
#12214=VERTEX_POINT('',#17209);
#12215=VERTEX_POINT('',#17210);
#12216=VERTEX_POINT('',#17211);
#12217=VERTEX_POINT('',#17212);
#12218=VERTEX_POINT('',#17213);
#12219=VERTEX_POINT('',#17214);
#12220=VERTEX_POINT('',#17215);
#12221=VERTEX_POINT('',#17216);
#12222=VERTEX_POINT('',#17217);
#12223=VERTEX_POINT('',#17218);
#12224=VERTEX_POINT('',#17219);
#12225=VERTEX_POINT('',#17220);
#12226=VERTEX_POINT('',#17221);
#12227=VERTEX_POINT('',#17222);
#12228=VERTEX_POINT('',#17223);
#12229=VERTEX_POINT('',#17224);
#12230=VERTEX_POINT('',#17225);
#12231=VERTEX_POINT('',#17226);
#12232=VERTEX_POINT('',#17227);
#12233=VERTEX_POINT('',#17228);
#12234=VERTEX_POINT('',#17229);
#12235=VERTEX_POINT('',#17230);
#12236=VERTEX_POINT('',#17231);
#12237=VERTEX_POINT('',#17232);
#12238=VERTEX_POINT('',#17233);
#12239=VERTEX_POINT('',#17234);
#12240=VERTEX_POINT('',#17235);
#12241=VERTEX_POINT('',#17236);
#12242=VERTEX_POINT('',#17237);
#12243=VERTEX_POINT('',#17238);
#12244=VERTEX_POINT('',#17239);
#12245=VERTEX_POINT('',#17240);
#12246=VERTEX_POINT('',#17241);
#12247=VERTEX_POINT('',#17242);
#12248=VERTEX_POINT('',#17243);
#12249=VERTEX_POINT('',#17244);
#12250=VERTEX_POINT('',#17245);
#12251=VERTEX_POINT('',#17246);
#12252=VERTEX_POINT('',#17247);
#12253=VERTEX_POINT('',#17248);
#12254=VERTEX_POINT('',#17249);
#12255=VERTEX_POINT('',#17250);
#12256=VERTEX_POINT('',#17251);
#12257=VERTEX_POINT('',#17252);
#12258=VERTEX_POINT('',#17253);
#12259=VERTEX_POINT('',#17254);
#12260=VERTEX_POINT('',#17255);
#12261=VERTEX_POINT('',#17256);
#12262=VERTEX_POINT('',#17257);
#12263=VERTEX_POINT('',#17258);
#12264=VERTEX_POINT('',#17259);
#12265=VERTEX_POINT('',#17260);
#12266=VERTEX_POINT('',#17261);
#12267=VERTEX_POINT('',#17262);
#12268=VERTEX_POINT('',#17263);
#12269=VERTEX_POINT('',#17264);
#12270=VERTEX_POINT('',#17265);
#12271=VERTEX_POINT('',#17266);
#12272=VERTEX_POINT('',#17267);
#12273=VERTEX_POINT('',#17268);
#12274=VERTEX_POINT('',#17269);
#12275=VERTEX_POINT('',#17270);
#12276=VERTEX_POINT('',#17271);
#12277=VERTEX_POINT('',#17272);
#12278=VERTEX_POINT('',#17273);
#12279=VERTEX_POINT('',#17274);
#12280=VERTEX_POINT('',#17275);
#12281=VERTEX_POINT('',#17276);
#12282=VERTEX_POINT('',#17277);
#12283=VERTEX_POINT('',#17278);
#12284=VERTEX_POINT('',#17279);
#12285=VERTEX_POINT('',#17280);
#12286=VERTEX_POINT('',#17281);
#12287=VERTEX_POINT('',#17282);
#12288=VERTEX_POINT('',#17283);
#12289=VERTEX_POINT('',#17284);
#12290=VERTEX_POINT('',#17285);
#12291=VERTEX_POINT('',#17286);
#12292=VERTEX_POINT('',#17287);
#12293=VERTEX_POINT('',#17288);
#12294=VERTEX_POINT('',#17289);
#12295=VERTEX_POINT('',#17290);
#12296=VERTEX_POINT('',#17291);
#12297=VERTEX_POINT('',#17292);
#12298=VERTEX_POINT('',#17293);
#12299=VERTEX_POINT('',#17294);
#12300=VERTEX_POINT('',#17295);
#12301=VERTEX_POINT('',#17296);
#12302=VERTEX_POINT('',#17297);
#12303=VERTEX_POINT('',#17298);
#12304=VERTEX_POINT('',#17299);
#12305=VERTEX_POINT('',#17300);
#12306=VERTEX_POINT('',#17301);
#12307=VERTEX_POINT('',#17302);
#12308=VERTEX_POINT('',#17303);
#12309=VERTEX_POINT('',#17304);
#12310=VERTEX_POINT('',#17305);
#12311=VERTEX_POINT('',#17306);
#12312=VERTEX_POINT('',#17307);
#12313=VERTEX_POINT('',#17308);
#12314=VERTEX_POINT('',#17309);
#12315=VERTEX_POINT('',#17310);
#12316=VERTEX_POINT('',#17311);
#12317=VERTEX_POINT('',#17312);
#12318=VERTEX_POINT('',#17313);
#12319=VERTEX_POINT('',#17314);
#12320=VERTEX_POINT('',#17315);
#12321=VERTEX_POINT('',#17316);
#12322=VERTEX_POINT('',#17317);
#12323=VERTEX_POINT('',#17318);
#12324=VERTEX_POINT('',#17319);
#12325=VERTEX_POINT('',#17320);
#12326=VERTEX_POINT('',#17321);
#12327=VERTEX_POINT('',#17322);
#12328=VERTEX_POINT('',#17323);
#12329=VERTEX_POINT('',#17324);
#12330=VERTEX_POINT('',#17325);
#12331=VERTEX_POINT('',#17326);
#12332=VERTEX_POINT('',#17327);
#12333=VERTEX_POINT('',#17328);
#12334=VERTEX_POINT('',#17329);
#12335=VERTEX_POINT('',#17330);
#12336=VERTEX_POINT('',#17331);
#12337=VERTEX_POINT('',#17332);
#12338=VERTEX_POINT('',#17333);
#12339=VERTEX_POINT('',#17334);
#12340=VERTEX_POINT('',#17335);
#12341=VERTEX_POINT('',#17336);
#12342=VERTEX_POINT('',#17337);
#12343=VERTEX_POINT('',#17338);
#12344=VERTEX_POINT('',#17339);
#12345=VERTEX_POINT('',#17340);
#12346=VERTEX_POINT('',#17341);
#12347=VERTEX_POINT('',#17342);
#12348=VERTEX_POINT('',#17343);
#12349=VERTEX_POINT('',#17344);
#12350=VERTEX_POINT('',#17345);
#12351=VERTEX_POINT('',#17346);
#12352=VERTEX_POINT('',#17347);
#12353=VERTEX_POINT('',#17348);
#12354=VERTEX_POINT('',#17349);
#12355=VERTEX_POINT('',#17350);
#12356=VERTEX_POINT('',#17351);
#12357=VERTEX_POINT('',#17352);
#12358=VERTEX_POINT('',#17353);
#12359=VERTEX_POINT('',#17354);
#12360=VERTEX_POINT('',#17355);
#12361=VERTEX_POINT('',#17356);
#12362=VERTEX_POINT('',#17357);
#12363=VERTEX_POINT('',#17358);
#12364=VERTEX_POINT('',#17359);
#12365=VERTEX_POINT('',#17360);
#12366=VERTEX_POINT('',#17361);
#12367=VERTEX_POINT('',#17362);
#12368=VERTEX_POINT('',#17363);
#12369=VERTEX_POINT('',#17364);
#12370=VERTEX_POINT('',#17365);
#12371=VERTEX_POINT('',#17366);
#12372=VERTEX_POINT('',#17367);
#12373=VERTEX_POINT('',#17368);
#12374=VERTEX_POINT('',#17369);
#12375=VERTEX_POINT('',#17370);
#12376=VERTEX_POINT('',#17371);
#12377=VERTEX_POINT('',#17372);
#12378=VERTEX_POINT('',#17373);
#12379=VERTEX_POINT('',#17374);
#12380=VERTEX_POINT('',#17375);
#12381=VERTEX_POINT('',#17376);
#12382=VERTEX_POINT('',#17377);
#12383=VERTEX_POINT('',#17378);
#12384=VERTEX_POINT('',#17379);
#12385=VERTEX_POINT('',#17380);
#12386=VERTEX_POINT('',#17381);
#12387=VERTEX_POINT('',#17382);
#12388=VERTEX_POINT('',#17383);
#12389=VERTEX_POINT('',#17384);
#12390=VERTEX_POINT('',#17385);
#12391=VERTEX_POINT('',#17386);
#12392=VERTEX_POINT('',#17387);
#12393=VERTEX_POINT('',#17388);
#12394=VERTEX_POINT('',#17389);
#12395=VERTEX_POINT('',#17390);
#12396=VERTEX_POINT('',#17391);
#12397=VERTEX_POINT('',#17392);
#12398=VERTEX_POINT('',#17393);
#12399=VERTEX_POINT('',#17394);
#12400=VERTEX_POINT('',#17395);
#12401=VERTEX_POINT('',#17396);
#12402=VERTEX_POINT('',#17397);
#12403=VERTEX_POINT('',#17398);
#12404=VERTEX_POINT('',#17399);
#12405=VERTEX_POINT('',#17400);
#12406=VERTEX_POINT('',#17401);
#12407=VERTEX_POINT('',#17402);
#12408=VERTEX_POINT('',#17403);
#12409=VERTEX_POINT('',#17404);
#12410=VERTEX_POINT('',#17405);
#12411=VERTEX_POINT('',#17406);
#12412=VERTEX_POINT('',#17407);
#12413=VERTEX_POINT('',#17408);
#12414=VERTEX_POINT('',#17409);
#12415=VERTEX_POINT('',#17410);
#12416=VERTEX_POINT('',#17411);
#12417=VERTEX_POINT('',#17412);
#12418=VERTEX_POINT('',#17413);
#12419=VERTEX_POINT('',#17414);
#12420=VERTEX_POINT('',#17415);
#12421=VERTEX_POINT('',#17416);
#12422=VERTEX_POINT('',#17417);
#12423=VERTEX_POINT('',#17418);
#12424=VERTEX_POINT('',#17419);
#12425=VERTEX_POINT('',#17420);
#12426=VERTEX_POINT('',#17421);
#12427=VERTEX_POINT('',#17422);
#12428=VERTEX_POINT('',#17423);
#12429=VERTEX_POINT('',#17424);
#12430=VERTEX_POINT('',#17425);
#12431=VERTEX_POINT('',#17426);
#12432=VERTEX_POINT('',#17427);
#12433=VERTEX_POINT('',#17428);
#12434=VERTEX_POINT('',#17429);
#12435=VERTEX_POINT('',#17430);
#12436=VERTEX_POINT('',#17431);
#12437=VERTEX_POINT('',#17432);
#12438=VERTEX_POINT('',#17433);
#12439=VERTEX_POINT('',#17434);
#12440=VERTEX_POINT('',#17435);
#12441=VERTEX_POINT('',#17436);
#12442=VERTEX_POINT('',#17437);
#12443=VERTEX_POINT('',#17438);
#12444=VERTEX_POINT('',#17439);
#12445=VERTEX_POINT('',#17440);
#12446=VERTEX_POINT('',#17441);
#12447=VERTEX_POINT('',#17442);
#12448=VERTEX_POINT('',#17443);
#12449=VERTEX_POINT('',#17444);
#12450=VERTEX_POINT('',#17445);
#12451=VERTEX_POINT('',#17446);
#12452=VERTEX_POINT('',#17447);
#12453=VERTEX_POINT('',#17448);
#12454=VERTEX_POINT('',#17449);
#12455=VERTEX_POINT('',#17450);
#12456=VERTEX_POINT('',#17451);
#12457=VERTEX_POINT('',#17452);
#12458=VERTEX_POINT('',#17453);
#12459=VERTEX_POINT('',#17454);
#12460=VERTEX_POINT('',#17455);
#12461=VERTEX_POINT('',#17456);
#12462=VERTEX_POINT('',#17457);
#12463=VERTEX_POINT('',#17458);
#12464=VERTEX_POINT('',#17459);
#12465=VERTEX_POINT('',#17460);
#12466=VERTEX_POINT('',#17461);
#12467=VERTEX_POINT('',#17462);
#12468=VERTEX_POINT('',#17463);
#12469=VERTEX_POINT('',#17464);
#12470=VERTEX_POINT('',#17465);
#12471=VERTEX_POINT('',#17466);
#12472=VERTEX_POINT('',#17467);
#12473=VERTEX_POINT('',#17468);
#12474=VERTEX_POINT('',#17469);
#12475=VERTEX_POINT('',#17470);
#12476=VERTEX_POINT('',#17471);
#12477=VERTEX_POINT('',#17472);
#12478=VERTEX_POINT('',#17473);
#12479=VERTEX_POINT('',#17474);
#12480=VERTEX_POINT('',#17475);
#12481=VERTEX_POINT('',#17476);
#12482=VERTEX_POINT('',#17477);
#12483=VERTEX_POINT('',#17478);
#12484=VERTEX_POINT('',#17479);
#12485=VERTEX_POINT('',#17480);
#12486=VERTEX_POINT('',#17481);
#12487=VERTEX_POINT('',#17482);
#12488=VERTEX_POINT('',#17483);
#12489=VERTEX_POINT('',#17484);
#12490=VERTEX_POINT('',#17485);
#12491=VERTEX_POINT('',#17486);
#12492=VERTEX_POINT('',#17487);
#12493=VERTEX_POINT('',#17488);
#12494=VERTEX_POINT('',#17489);
#12495=VERTEX_POINT('',#17490);
#12496=VERTEX_POINT('',#17491);
#12497=VERTEX_POINT('',#17492);
#12498=VERTEX_POINT('',#17493);
#12499=VERTEX_POINT('',#17494);
#12500=VERTEX_POINT('',#17495);
#12501=VERTEX_POINT('',#17496);
#12502=VERTEX_POINT('',#17497);
#12503=VERTEX_POINT('',#17498);
#12504=VERTEX_POINT('',#17499);
#12505=VERTEX_POINT('',#17500);
#12506=VERTEX_POINT('',#17501);
#12507=VERTEX_POINT('',#17502);
#12508=VERTEX_POINT('',#17503);
#12509=VERTEX_POINT('',#17504);
#12510=VERTEX_POINT('',#17505);
#12511=VERTEX_POINT('',#17506);
#12512=VERTEX_POINT('',#17507);
#12513=VERTEX_POINT('',#17508);
#12514=VERTEX_POINT('',#17509);
#12515=VERTEX_POINT('',#17510);
#12516=VERTEX_POINT('',#17511);
#12517=VERTEX_POINT('',#17512);
#12518=VERTEX_POINT('',#17513);
#12519=VERTEX_POINT('',#17514);
#12520=VERTEX_POINT('',#17515);
#12521=VERTEX_POINT('',#17516);
#12522=VERTEX_POINT('',#17517);
#12523=VERTEX_POINT('',#17518);
#12524=VERTEX_POINT('',#17519);
#12525=VERTEX_POINT('',#17520);
#12526=VERTEX_POINT('',#17521);
#12527=VERTEX_POINT('',#17522);
#12528=VERTEX_POINT('',#17523);
#12529=VERTEX_POINT('',#17524);
#12530=VERTEX_POINT('',#17525);
#12531=VERTEX_POINT('',#17526);
#12532=VERTEX_POINT('',#17527);
#12533=VERTEX_POINT('',#17528);
#12534=VERTEX_POINT('',#17529);
#12535=VERTEX_POINT('',#17530);
#12536=VERTEX_POINT('',#17531);
#12537=VERTEX_POINT('',#17532);
#12538=VERTEX_POINT('',#17533);
#12539=VERTEX_POINT('',#17534);
#12540=VERTEX_POINT('',#17535);
#12541=VERTEX_POINT('',#17536);
#12542=VERTEX_POINT('',#17537);
#12543=VERTEX_POINT('',#17538);
#12544=VERTEX_POINT('',#17539);
#12545=VERTEX_POINT('',#17540);
#12546=VERTEX_POINT('',#17541);
#12547=VERTEX_POINT('',#17542);
#12548=VERTEX_POINT('',#17543);
#12549=VERTEX_POINT('',#17544);
#12550=VERTEX_POINT('',#17545);
#12551=VERTEX_POINT('',#17546);
#12552=VERTEX_POINT('',#17547);
#12553=VERTEX_POINT('',#17548);
#12554=VERTEX_POINT('',#17549);
#12555=VERTEX_POINT('',#17550);
#12556=VERTEX_POINT('',#17551);
#12557=VERTEX_POINT('',#17552);
#12558=VERTEX_POINT('',#17553);
#12559=VERTEX_POINT('',#17554);
#12560=VERTEX_POINT('',#17555);
#12561=VERTEX_POINT('',#17556);
#12562=VERTEX_POINT('',#17557);
#12563=VERTEX_POINT('',#17558);
#12564=VERTEX_POINT('',#17559);
#12565=VERTEX_POINT('',#17560);
#12566=VERTEX_POINT('',#17561);
#12567=VERTEX_POINT('',#17562);
#12568=VERTEX_POINT('',#17563);
#12569=VERTEX_POINT('',#17564);
#12570=VERTEX_POINT('',#17565);
#12571=VERTEX_POINT('',#17566);
#12572=VERTEX_POINT('',#17567);
#12573=VERTEX_POINT('',#17568);
#12574=SHAPE_DEFINITION_REPRESENTATION(#20170,#12575);
#12575=SHAPE_REPRESENTATION('master',(#12576),#20172);
#12576=AXIS2_PLACEMENT_3D('',#16402,#13367,#13366);
#12577=AXIS2_PLACEMENT_3D('',#17896,#13544,#13543);
#12578=AXIS2_PLACEMENT_3D('',#17897,#13546,#13545);
#12579=AXIS2_PLACEMENT_3D('',#17902,#13548,#13547);
#12580=AXIS2_PLACEMENT_3D('',#17903,#13550,#13549);
#12581=AXIS2_PLACEMENT_3D('',#17907,#13555,#13554);
#12582=AXIS2_PLACEMENT_3D('',#17908,#13557,#13556);
#12583=AXIS2_PLACEMENT_3D('',#17913,#13559,#13558);
#12584=AXIS2_PLACEMENT_3D('',#17914,#13561,#13560);
#12585=AXIS2_PLACEMENT_3D('',#17940,#13588,#13587);
#12586=AXIS2_PLACEMENT_3D('',#17941,#13590,#13589);
#12587=AXIS2_PLACEMENT_3D('',#17946,#13592,#13591);
#12588=AXIS2_PLACEMENT_3D('',#17947,#13594,#13593);
#12589=AXIS2_PLACEMENT_3D('',#17973,#13621,#13620);
#12590=AXIS2_PLACEMENT_3D('',#17974,#13623,#13622);
#12591=AXIS2_PLACEMENT_3D('',#17979,#13625,#13624);
#12592=AXIS2_PLACEMENT_3D('',#17980,#13627,#13626);
#12593=AXIS2_PLACEMENT_3D('',#18026,#13674,#13673);
#12594=AXIS2_PLACEMENT_3D('',#18027,#13676,#13675);
#12595=AXIS2_PLACEMENT_3D('',#18032,#13678,#13677);
#12596=AXIS2_PLACEMENT_3D('',#18033,#13680,#13679);
#12597=AXIS2_PLACEMENT_3D('',#18059,#13707,#13706);
#12598=AXIS2_PLACEMENT_3D('',#18060,#13709,#13708);
#12599=AXIS2_PLACEMENT_3D('',#18065,#13711,#13710);
#12600=AXIS2_PLACEMENT_3D('',#18066,#13713,#13712);
#12601=AXIS2_PLACEMENT_3D('',#18081,#13729,#13728);
#12602=AXIS2_PLACEMENT_3D('',#18082,#13731,#13730);
#12603=AXIS2_PLACEMENT_3D('',#18087,#13733,#13732);
#12604=AXIS2_PLACEMENT_3D('',#18088,#13735,#13734);
#12605=AXIS2_PLACEMENT_3D('',#18103,#13751,#13750);
#12606=AXIS2_PLACEMENT_3D('',#18104,#13753,#13752);
#12607=AXIS2_PLACEMENT_3D('',#18109,#13755,#13754);
#12608=AXIS2_PLACEMENT_3D('',#18110,#13757,#13756);
#12609=AXIS2_PLACEMENT_3D('',#18136,#13784,#13783);
#12610=AXIS2_PLACEMENT_3D('',#18137,#13786,#13785);
#12611=AXIS2_PLACEMENT_3D('',#18142,#13788,#13787);
#12612=AXIS2_PLACEMENT_3D('',#18143,#13790,#13789);
#12613=AXIS2_PLACEMENT_3D('',#18191,#13839,#13838);
#12614=AXIS2_PLACEMENT_3D('',#18192,#13841,#13840);
#12615=AXIS2_PLACEMENT_3D('',#18197,#13843,#13842);
#12616=AXIS2_PLACEMENT_3D('',#18198,#13845,#13844);
#12617=AXIS2_PLACEMENT_3D('',#18213,#13861,#13860);
#12618=AXIS2_PLACEMENT_3D('',#18214,#13863,#13862);
#12619=AXIS2_PLACEMENT_3D('',#18219,#13865,#13864);
#12620=AXIS2_PLACEMENT_3D('',#18220,#13867,#13866);
#12621=AXIS2_PLACEMENT_3D('',#18246,#13894,#13893);
#12622=AXIS2_PLACEMENT_3D('',#18247,#13896,#13895);
#12623=AXIS2_PLACEMENT_3D('',#18252,#13898,#13897);
#12624=AXIS2_PLACEMENT_3D('',#18253,#13900,#13899);
#12625=AXIS2_PLACEMENT_3D('',#18279,#13927,#13926);
#12626=AXIS2_PLACEMENT_3D('',#18280,#13929,#13928);
#12627=AXIS2_PLACEMENT_3D('',#18285,#13931,#13930);
#12628=AXIS2_PLACEMENT_3D('',#18286,#13933,#13932);
#12629=AXIS2_PLACEMENT_3D('',#18312,#13960,#13959);
#12630=AXIS2_PLACEMENT_3D('',#18313,#13962,#13961);
#12631=AXIS2_PLACEMENT_3D('',#18318,#13964,#13963);
#12632=AXIS2_PLACEMENT_3D('',#18319,#13966,#13965);
#12633=AXIS2_PLACEMENT_3D('',#18345,#13993,#13992);
#12634=AXIS2_PLACEMENT_3D('',#18346,#13995,#13994);
#12635=AXIS2_PLACEMENT_3D('',#18351,#13997,#13996);
#12636=AXIS2_PLACEMENT_3D('',#18352,#13999,#13998);
#12637=AXIS2_PLACEMENT_3D('',#18378,#14026,#14025);
#12638=AXIS2_PLACEMENT_3D('',#18379,#14028,#14027);
#12639=AXIS2_PLACEMENT_3D('',#18384,#14030,#14029);
#12640=AXIS2_PLACEMENT_3D('',#18385,#14032,#14031);
#12641=AXIS2_PLACEMENT_3D('',#18411,#14059,#14058);
#12642=AXIS2_PLACEMENT_3D('',#18412,#14061,#14060);
#12643=AXIS2_PLACEMENT_3D('',#18417,#14063,#14062);
#12644=AXIS2_PLACEMENT_3D('',#18418,#14065,#14064);
#12645=AXIS2_PLACEMENT_3D('',#18444,#14092,#14091);
#12646=AXIS2_PLACEMENT_3D('',#18445,#14094,#14093);
#12647=AXIS2_PLACEMENT_3D('',#18450,#14096,#14095);
#12648=AXIS2_PLACEMENT_3D('',#18451,#14098,#14097);
#12649=AXIS2_PLACEMENT_3D('',#18477,#14125,#14124);
#12650=AXIS2_PLACEMENT_3D('',#18478,#14127,#14126);
#12651=AXIS2_PLACEMENT_3D('',#18483,#14129,#14128);
#12652=AXIS2_PLACEMENT_3D('',#18484,#14131,#14130);
#12653=AXIS2_PLACEMENT_3D('',#18510,#14158,#14157);
#12654=AXIS2_PLACEMENT_3D('',#18511,#14160,#14159);
#12655=AXIS2_PLACEMENT_3D('',#18516,#14162,#14161);
#12656=AXIS2_PLACEMENT_3D('',#18517,#14164,#14163);
#12657=AXIS2_PLACEMENT_3D('',#18543,#14191,#14190);
#12658=AXIS2_PLACEMENT_3D('',#18544,#14193,#14192);
#12659=AXIS2_PLACEMENT_3D('',#18549,#14195,#14194);
#12660=AXIS2_PLACEMENT_3D('',#18550,#14197,#14196);
#12661=AXIS2_PLACEMENT_3D('',#18576,#14224,#14223);
#12662=AXIS2_PLACEMENT_3D('',#18577,#14226,#14225);
#12663=AXIS2_PLACEMENT_3D('',#18582,#14228,#14227);
#12664=AXIS2_PLACEMENT_3D('',#18583,#14230,#14229);
#12665=AXIS2_PLACEMENT_3D('',#18609,#14257,#14256);
#12666=AXIS2_PLACEMENT_3D('',#18610,#14259,#14258);
#12667=AXIS2_PLACEMENT_3D('',#18615,#14261,#14260);
#12668=AXIS2_PLACEMENT_3D('',#18616,#14263,#14262);
#12669=AXIS2_PLACEMENT_3D('',#18642,#14290,#14289);
#12670=AXIS2_PLACEMENT_3D('',#18643,#14292,#14291);
#12671=AXIS2_PLACEMENT_3D('',#18648,#14294,#14293);
#12672=AXIS2_PLACEMENT_3D('',#18649,#14296,#14295);
#12673=AXIS2_PLACEMENT_3D('',#18675,#14323,#14322);
#12674=AXIS2_PLACEMENT_3D('',#18676,#14325,#14324);
#12675=AXIS2_PLACEMENT_3D('',#18681,#14327,#14326);
#12676=AXIS2_PLACEMENT_3D('',#18682,#14329,#14328);
#12677=AXIS2_PLACEMENT_3D('',#18708,#14356,#14355);
#12678=AXIS2_PLACEMENT_3D('',#18709,#14358,#14357);
#12679=AXIS2_PLACEMENT_3D('',#18714,#14360,#14359);
#12680=AXIS2_PLACEMENT_3D('',#18715,#14362,#14361);
#12681=AXIS2_PLACEMENT_3D('',#18741,#14389,#14388);
#12682=AXIS2_PLACEMENT_3D('',#18742,#14391,#14390);
#12683=AXIS2_PLACEMENT_3D('',#18747,#14393,#14392);
#12684=AXIS2_PLACEMENT_3D('',#18748,#14395,#14394);
#12685=AXIS2_PLACEMENT_3D('',#18774,#14422,#14421);
#12686=AXIS2_PLACEMENT_3D('',#18775,#14424,#14423);
#12687=AXIS2_PLACEMENT_3D('',#18780,#14426,#14425);
#12688=AXIS2_PLACEMENT_3D('',#18781,#14428,#14427);
#12689=AXIS2_PLACEMENT_3D('',#18807,#14455,#14454);
#12690=AXIS2_PLACEMENT_3D('',#18808,#14457,#14456);
#12691=AXIS2_PLACEMENT_3D('',#18813,#14459,#14458);
#12692=AXIS2_PLACEMENT_3D('',#18814,#14461,#14460);
#12693=AXIS2_PLACEMENT_3D('',#18840,#14488,#14487);
#12694=AXIS2_PLACEMENT_3D('',#18841,#14490,#14489);
#12695=AXIS2_PLACEMENT_3D('',#18846,#14492,#14491);
#12696=AXIS2_PLACEMENT_3D('',#18847,#14494,#14493);
#12697=AXIS2_PLACEMENT_3D('',#18873,#14521,#14520);
#12698=AXIS2_PLACEMENT_3D('',#18874,#14523,#14522);
#12699=AXIS2_PLACEMENT_3D('',#18879,#14525,#14524);
#12700=AXIS2_PLACEMENT_3D('',#18880,#14527,#14526);
#12701=AXIS2_PLACEMENT_3D('',#18906,#14554,#14553);
#12702=AXIS2_PLACEMENT_3D('',#18907,#14556,#14555);
#12703=AXIS2_PLACEMENT_3D('',#18912,#14558,#14557);
#12704=AXIS2_PLACEMENT_3D('',#18913,#14560,#14559);
#12705=AXIS2_PLACEMENT_3D('',#18939,#14587,#14586);
#12706=AXIS2_PLACEMENT_3D('',#18940,#14589,#14588);
#12707=AXIS2_PLACEMENT_3D('',#18945,#14591,#14590);
#12708=AXIS2_PLACEMENT_3D('',#18946,#14593,#14592);
#12709=AXIS2_PLACEMENT_3D('',#18972,#14620,#14619);
#12710=AXIS2_PLACEMENT_3D('',#18973,#14622,#14621);
#12711=AXIS2_PLACEMENT_3D('',#18978,#14624,#14623);
#12712=AXIS2_PLACEMENT_3D('',#18979,#14626,#14625);
#12713=AXIS2_PLACEMENT_3D('',#19005,#14653,#14652);
#12714=AXIS2_PLACEMENT_3D('',#19006,#14655,#14654);
#12715=AXIS2_PLACEMENT_3D('',#19011,#14657,#14656);
#12716=AXIS2_PLACEMENT_3D('',#19012,#14659,#14658);
#12717=AXIS2_PLACEMENT_3D('',#19038,#14686,#14685);
#12718=AXIS2_PLACEMENT_3D('',#19039,#14688,#14687);
#12719=AXIS2_PLACEMENT_3D('',#19044,#14690,#14689);
#12720=AXIS2_PLACEMENT_3D('',#19045,#14692,#14691);
#12721=AXIS2_PLACEMENT_3D('',#19071,#14719,#14718);
#12722=AXIS2_PLACEMENT_3D('',#19072,#14721,#14720);
#12723=AXIS2_PLACEMENT_3D('',#19077,#14723,#14722);
#12724=AXIS2_PLACEMENT_3D('',#19078,#14725,#14724);
#12725=AXIS2_PLACEMENT_3D('',#19104,#14752,#14751);
#12726=AXIS2_PLACEMENT_3D('',#19105,#14754,#14753);
#12727=AXIS2_PLACEMENT_3D('',#19110,#14756,#14755);
#12728=AXIS2_PLACEMENT_3D('',#19111,#14758,#14757);
#12729=AXIS2_PLACEMENT_3D('',#19137,#14785,#14784);
#12730=AXIS2_PLACEMENT_3D('',#19138,#14787,#14786);
#12731=AXIS2_PLACEMENT_3D('',#19143,#14789,#14788);
#12732=AXIS2_PLACEMENT_3D('',#19144,#14791,#14790);
#12733=AXIS2_PLACEMENT_3D('',#19170,#14818,#14817);
#12734=AXIS2_PLACEMENT_3D('',#19171,#14820,#14819);
#12735=AXIS2_PLACEMENT_3D('',#19176,#14822,#14821);
#12736=AXIS2_PLACEMENT_3D('',#19177,#14824,#14823);
#12737=AXIS2_PLACEMENT_3D('',#19203,#14851,#14850);
#12738=AXIS2_PLACEMENT_3D('',#19204,#14853,#14852);
#12739=AXIS2_PLACEMENT_3D('',#19209,#14855,#14854);
#12740=AXIS2_PLACEMENT_3D('',#19210,#14857,#14856);
#12741=AXIS2_PLACEMENT_3D('',#19236,#14884,#14883);
#12742=AXIS2_PLACEMENT_3D('',#19237,#14886,#14885);
#12743=AXIS2_PLACEMENT_3D('',#19242,#14888,#14887);
#12744=AXIS2_PLACEMENT_3D('',#19243,#14890,#14889);
#12745=AXIS2_PLACEMENT_3D('',#19269,#14917,#14916);
#12746=AXIS2_PLACEMENT_3D('',#19270,#14919,#14918);
#12747=AXIS2_PLACEMENT_3D('',#19275,#14921,#14920);
#12748=AXIS2_PLACEMENT_3D('',#19276,#14923,#14922);
#12749=AXIS2_PLACEMENT_3D('',#19302,#14950,#14949);
#12750=AXIS2_PLACEMENT_3D('',#19303,#14952,#14951);
#12751=AXIS2_PLACEMENT_3D('',#19308,#14954,#14953);
#12752=AXIS2_PLACEMENT_3D('',#19309,#14956,#14955);
#12753=AXIS2_PLACEMENT_3D('',#19335,#14983,#14982);
#12754=AXIS2_PLACEMENT_3D('',#19336,#14985,#14984);
#12755=AXIS2_PLACEMENT_3D('',#19341,#14987,#14986);
#12756=AXIS2_PLACEMENT_3D('',#19342,#14989,#14988);
#12757=AXIS2_PLACEMENT_3D('',#19368,#15016,#15015);
#12758=AXIS2_PLACEMENT_3D('',#19369,#15018,#15017);
#12759=AXIS2_PLACEMENT_3D('',#19374,#15020,#15019);
#12760=AXIS2_PLACEMENT_3D('',#19375,#15022,#15021);
#12761=AXIS2_PLACEMENT_3D('',#19401,#15049,#15048);
#12762=AXIS2_PLACEMENT_3D('',#19402,#15051,#15050);
#12763=AXIS2_PLACEMENT_3D('',#19407,#15053,#15052);
#12764=AXIS2_PLACEMENT_3D('',#19408,#15055,#15054);
#12765=AXIS2_PLACEMENT_3D('',#19434,#15082,#15081);
#12766=AXIS2_PLACEMENT_3D('',#19435,#15084,#15083);
#12767=AXIS2_PLACEMENT_3D('',#19440,#15086,#15085);
#12768=AXIS2_PLACEMENT_3D('',#19441,#15088,#15087);
#12769=AXIS2_PLACEMENT_3D('',#19467,#15115,#15114);
#12770=AXIS2_PLACEMENT_3D('',#19468,#15117,#15116);
#12771=AXIS2_PLACEMENT_3D('',#19473,#15119,#15118);
#12772=AXIS2_PLACEMENT_3D('',#19474,#15121,#15120);
#12773=AXIS2_PLACEMENT_3D('',#19500,#15148,#15147);
#12774=AXIS2_PLACEMENT_3D('',#19501,#15150,#15149);
#12775=AXIS2_PLACEMENT_3D('',#19506,#15152,#15151);
#12776=AXIS2_PLACEMENT_3D('',#19507,#15154,#15153);
#12777=AXIS2_PLACEMENT_3D('',#19533,#15181,#15180);
#12778=AXIS2_PLACEMENT_3D('',#19534,#15183,#15182);
#12779=AXIS2_PLACEMENT_3D('',#19539,#15185,#15184);
#12780=AXIS2_PLACEMENT_3D('',#19540,#15187,#15186);
#12781=AXIS2_PLACEMENT_3D('',#19585,#15233,#15232);
#12782=AXIS2_PLACEMENT_3D('',#19586,#15235,#15234);
#12783=AXIS2_PLACEMENT_3D('',#19587,#15237,#15236);
#12784=AXIS2_PLACEMENT_3D('',#19588,#15239,#15238);
#12785=AXIS2_PLACEMENT_3D('',#19589,#15241,#15240);
#12786=AXIS2_PLACEMENT_3D('',#19590,#15243,#15242);
#12787=AXIS2_PLACEMENT_3D('',#19591,#15245,#15244);
#12788=AXIS2_PLACEMENT_3D('',#19592,#15247,#15246);
#12789=AXIS2_PLACEMENT_3D('',#19593,#15249,#15248);
#12790=AXIS2_PLACEMENT_3D('',#19594,#15251,#15250);
#12791=AXIS2_PLACEMENT_3D('',#19595,#15253,#15252);
#12792=AXIS2_PLACEMENT_3D('',#19596,#15255,#15254);
#12793=AXIS2_PLACEMENT_3D('',#19597,#15257,#15256);
#12794=AXIS2_PLACEMENT_3D('',#19598,#15259,#15258);
#12795=AXIS2_PLACEMENT_3D('',#19599,#15261,#15260);
#12796=AXIS2_PLACEMENT_3D('',#19600,#15263,#15262);
#12797=AXIS2_PLACEMENT_3D('',#19601,#15265,#15264);
#12798=AXIS2_PLACEMENT_3D('',#19602,#15267,#15266);
#12799=AXIS2_PLACEMENT_3D('',#19603,#15269,#15268);
#12800=AXIS2_PLACEMENT_3D('',#19604,#15271,#15270);
#12801=AXIS2_PLACEMENT_3D('',#19605,#15273,#15272);
#12802=AXIS2_PLACEMENT_3D('',#19606,#15275,#15274);
#12803=AXIS2_PLACEMENT_3D('',#19607,#15277,#15276);
#12804=AXIS2_PLACEMENT_3D('',#19608,#15279,#15278);
#12805=AXIS2_PLACEMENT_3D('',#19609,#15281,#15280);
#12806=AXIS2_PLACEMENT_3D('',#19610,#15283,#15282);
#12807=AXIS2_PLACEMENT_3D('',#19611,#15285,#15284);
#12808=AXIS2_PLACEMENT_3D('',#19612,#15287,#15286);
#12809=AXIS2_PLACEMENT_3D('',#19613,#15289,#15288);
#12810=AXIS2_PLACEMENT_3D('',#19614,#15291,#15290);
#12811=AXIS2_PLACEMENT_3D('',#19615,#15293,#15292);
#12812=AXIS2_PLACEMENT_3D('',#19616,#15295,#15294);
#12813=AXIS2_PLACEMENT_3D('',#19617,#15297,#15296);
#12814=AXIS2_PLACEMENT_3D('',#19618,#15299,#15298);
#12815=AXIS2_PLACEMENT_3D('',#19619,#15301,#15300);
#12816=AXIS2_PLACEMENT_3D('',#19620,#15303,#15302);
#12817=AXIS2_PLACEMENT_3D('',#19621,#15305,#15304);
#12818=AXIS2_PLACEMENT_3D('',#19622,#15307,#15306);
#12819=AXIS2_PLACEMENT_3D('',#19623,#15309,#15308);
#12820=AXIS2_PLACEMENT_3D('',#19624,#15311,#15310);
#12821=AXIS2_PLACEMENT_3D('',#19625,#15313,#15312);
#12822=AXIS2_PLACEMENT_3D('',#19626,#15315,#15314);
#12823=AXIS2_PLACEMENT_3D('',#19627,#15317,#15316);
#12824=AXIS2_PLACEMENT_3D('',#19628,#15319,#15318);
#12825=AXIS2_PLACEMENT_3D('',#19629,#15321,#15320);
#12826=AXIS2_PLACEMENT_3D('',#19630,#15323,#15322);
#12827=AXIS2_PLACEMENT_3D('',#19631,#15325,#15324);
#12828=AXIS2_PLACEMENT_3D('',#19632,#15327,#15326);
#12829=AXIS2_PLACEMENT_3D('',#19633,#15329,#15328);
#12830=AXIS2_PLACEMENT_3D('',#19634,#15331,#15330);
#12831=AXIS2_PLACEMENT_3D('',#19635,#15333,#15332);
#12832=AXIS2_PLACEMENT_3D('',#19636,#15335,#15334);
#12833=AXIS2_PLACEMENT_3D('',#19637,#15337,#15336);
#12834=AXIS2_PLACEMENT_3D('',#19638,#15339,#15338);
#12835=AXIS2_PLACEMENT_3D('',#19639,#15341,#15340);
#12836=AXIS2_PLACEMENT_3D('',#19640,#15343,#15342);
#12837=AXIS2_PLACEMENT_3D('',#19641,#15345,#15344);
#12838=AXIS2_PLACEMENT_3D('',#19642,#15347,#15346);
#12839=AXIS2_PLACEMENT_3D('',#19643,#15349,#15348);
#12840=AXIS2_PLACEMENT_3D('',#19644,#15351,#15350);
#12841=AXIS2_PLACEMENT_3D('',#19645,#15353,#15352);
#12842=AXIS2_PLACEMENT_3D('',#19646,#15355,#15354);
#12843=AXIS2_PLACEMENT_3D('',#19647,#15357,#15356);
#12844=AXIS2_PLACEMENT_3D('',#19648,#15359,#15358);
#12845=AXIS2_PLACEMENT_3D('',#19649,#15361,#15360);
#12846=AXIS2_PLACEMENT_3D('',#19650,#15363,#15362);
#12847=AXIS2_PLACEMENT_3D('',#19651,#15365,#15364);
#12848=AXIS2_PLACEMENT_3D('',#19652,#15367,#15366);
#12849=AXIS2_PLACEMENT_3D('',#19653,#15369,#15368);
#12850=AXIS2_PLACEMENT_3D('',#19654,#15371,#15370);
#12851=AXIS2_PLACEMENT_3D('',#19655,#15373,#15372);
#12852=AXIS2_PLACEMENT_3D('',#19656,#15375,#15374);
#12853=AXIS2_PLACEMENT_3D('',#19657,#15377,#15376);
#12854=AXIS2_PLACEMENT_3D('',#19658,#15379,#15378);
#12855=AXIS2_PLACEMENT_3D('',#19659,#15381,#15380);
#12856=AXIS2_PLACEMENT_3D('',#19660,#15383,#15382);
#12857=AXIS2_PLACEMENT_3D('',#19661,#15385,#15384);
#12858=AXIS2_PLACEMENT_3D('',#19662,#15387,#15386);
#12859=AXIS2_PLACEMENT_3D('',#19663,#15389,#15388);
#12860=AXIS2_PLACEMENT_3D('',#19664,#15391,#15390);
#12861=AXIS2_PLACEMENT_3D('',#19665,#15393,#15392);
#12862=AXIS2_PLACEMENT_3D('',#19666,#15395,#15394);
#12863=AXIS2_PLACEMENT_3D('',#19667,#15397,#15396);
#12864=AXIS2_PLACEMENT_3D('',#19668,#15399,#15398);
#12865=AXIS2_PLACEMENT_3D('',#19669,#15401,#15400);
#12866=AXIS2_PLACEMENT_3D('',#19670,#15403,#15402);
#12867=AXIS2_PLACEMENT_3D('',#19671,#15405,#15404);
#12868=AXIS2_PLACEMENT_3D('',#19672,#15407,#15406);
#12869=AXIS2_PLACEMENT_3D('',#19673,#15409,#15408);
#12870=AXIS2_PLACEMENT_3D('',#19674,#15411,#15410);
#12871=AXIS2_PLACEMENT_3D('',#19675,#15413,#15412);
#12872=AXIS2_PLACEMENT_3D('',#19676,#15415,#15414);
#12873=AXIS2_PLACEMENT_3D('',#19677,#15417,#15416);
#12874=AXIS2_PLACEMENT_3D('',#19678,#15419,#15418);
#12875=AXIS2_PLACEMENT_3D('',#19679,#15421,#15420);
#12876=AXIS2_PLACEMENT_3D('',#19680,#15423,#15422);
#12877=AXIS2_PLACEMENT_3D('',#19681,#15425,#15424);
#12878=AXIS2_PLACEMENT_3D('',#19682,#15427,#15426);
#12879=AXIS2_PLACEMENT_3D('',#19683,#15429,#15428);
#12880=AXIS2_PLACEMENT_3D('',#19684,#15431,#15430);
#12881=AXIS2_PLACEMENT_3D('',#19685,#15433,#15432);
#12882=AXIS2_PLACEMENT_3D('',#19686,#15435,#15434);
#12883=AXIS2_PLACEMENT_3D('',#19687,#15437,#15436);
#12884=AXIS2_PLACEMENT_3D('',#19688,#15439,#15438);
#12885=AXIS2_PLACEMENT_3D('',#19689,#15441,#15440);
#12886=AXIS2_PLACEMENT_3D('',#19690,#15443,#15442);
#12887=AXIS2_PLACEMENT_3D('',#19691,#15445,#15444);
#12888=AXIS2_PLACEMENT_3D('',#19692,#15447,#15446);
#12889=AXIS2_PLACEMENT_3D('',#19693,#15449,#15448);
#12890=AXIS2_PLACEMENT_3D('',#19694,#15451,#15450);
#12891=AXIS2_PLACEMENT_3D('',#19695,#15453,#15452);
#12892=AXIS2_PLACEMENT_3D('',#19696,#15455,#15454);
#12893=AXIS2_PLACEMENT_3D('',#19697,#15457,#15456);
#12894=AXIS2_PLACEMENT_3D('',#19698,#15459,#15458);
#12895=AXIS2_PLACEMENT_3D('',#19699,#15461,#15460);
#12896=AXIS2_PLACEMENT_3D('',#19700,#15463,#15462);
#12897=AXIS2_PLACEMENT_3D('',#19701,#15465,#15464);
#12898=AXIS2_PLACEMENT_3D('',#19702,#15467,#15466);
#12899=AXIS2_PLACEMENT_3D('',#19703,#15469,#15468);
#12900=AXIS2_PLACEMENT_3D('',#19704,#15471,#15470);
#12901=AXIS2_PLACEMENT_3D('',#19705,#15473,#15472);
#12902=AXIS2_PLACEMENT_3D('',#19706,#15475,#15474);
#12903=AXIS2_PLACEMENT_3D('',#19707,#15477,#15476);
#12904=AXIS2_PLACEMENT_3D('',#19708,#15479,#15478);
#12905=AXIS2_PLACEMENT_3D('',#19709,#15481,#15480);
#12906=AXIS2_PLACEMENT_3D('',#19710,#15483,#15482);
#12907=AXIS2_PLACEMENT_3D('',#19711,#15485,#15484);
#12908=AXIS2_PLACEMENT_3D('',#19712,#15487,#15486);
#12909=AXIS2_PLACEMENT_3D('',#19713,#15489,#15488);
#12910=AXIS2_PLACEMENT_3D('',#19714,#15491,#15490);
#12911=AXIS2_PLACEMENT_3D('',#19715,#15493,#15492);
#12912=AXIS2_PLACEMENT_3D('',#19716,#15495,#15494);
#12913=AXIS2_PLACEMENT_3D('',#19717,#15497,#15496);
#12914=AXIS2_PLACEMENT_3D('',#19718,#15499,#15498);
#12915=AXIS2_PLACEMENT_3D('',#19719,#15501,#15500);
#12916=AXIS2_PLACEMENT_3D('',#19720,#15503,#15502);
#12917=AXIS2_PLACEMENT_3D('',#19721,#15505,#15504);
#12918=AXIS2_PLACEMENT_3D('',#19722,#15507,#15506);
#12919=AXIS2_PLACEMENT_3D('',#19723,#15509,#15508);
#12920=AXIS2_PLACEMENT_3D('',#19724,#15511,#15510);
#12921=AXIS2_PLACEMENT_3D('',#19725,#15513,#15512);
#12922=AXIS2_PLACEMENT_3D('',#19726,#15515,#15514);
#12923=AXIS2_PLACEMENT_3D('',#19727,#15517,#15516);
#12924=AXIS2_PLACEMENT_3D('',#19728,#15519,#15518);
#12925=AXIS2_PLACEMENT_3D('',#19729,#15521,#15520);
#12926=AXIS2_PLACEMENT_3D('',#19730,#15523,#15522);
#12927=AXIS2_PLACEMENT_3D('',#19731,#15525,#15524);
#12928=AXIS2_PLACEMENT_3D('',#19732,#15527,#15526);
#12929=AXIS2_PLACEMENT_3D('',#19733,#15529,#15528);
#12930=AXIS2_PLACEMENT_3D('',#19734,#15531,#15530);
#12931=AXIS2_PLACEMENT_3D('',#19735,#15533,#15532);
#12932=AXIS2_PLACEMENT_3D('',#19736,#15535,#15534);
#12933=AXIS2_PLACEMENT_3D('',#19737,#15537,#15536);
#12934=AXIS2_PLACEMENT_3D('',#19738,#15539,#15538);
#12935=AXIS2_PLACEMENT_3D('',#19739,#15541,#15540);
#12936=AXIS2_PLACEMENT_3D('',#19740,#15543,#15542);
#12937=AXIS2_PLACEMENT_3D('',#19741,#15545,#15544);
#12938=AXIS2_PLACEMENT_3D('',#19742,#15547,#15546);
#12939=AXIS2_PLACEMENT_3D('',#19743,#15549,#15548);
#12940=AXIS2_PLACEMENT_3D('',#19744,#15551,#15550);
#12941=AXIS2_PLACEMENT_3D('',#19745,#15553,#15552);
#12942=AXIS2_PLACEMENT_3D('',#19746,#15555,#15554);
#12943=AXIS2_PLACEMENT_3D('',#19747,#15557,#15556);
#12944=AXIS2_PLACEMENT_3D('',#19748,#15559,#15558);
#12945=AXIS2_PLACEMENT_3D('',#19749,#15561,#15560);
#12946=AXIS2_PLACEMENT_3D('',#19750,#15563,#15562);
#12947=AXIS2_PLACEMENT_3D('',#19751,#15565,#15564);
#12948=AXIS2_PLACEMENT_3D('',#19752,#15567,#15566);
#12949=AXIS2_PLACEMENT_3D('',#19753,#15569,#15568);
#12950=AXIS2_PLACEMENT_3D('',#19754,#15571,#15570);
#12951=AXIS2_PLACEMENT_3D('',#19755,#15573,#15572);
#12952=AXIS2_PLACEMENT_3D('',#19756,#15575,#15574);
#12953=AXIS2_PLACEMENT_3D('',#19757,#15577,#15576);
#12954=AXIS2_PLACEMENT_3D('',#19758,#15579,#15578);
#12955=AXIS2_PLACEMENT_3D('',#19759,#15581,#15580);
#12956=AXIS2_PLACEMENT_3D('',#19760,#15583,#15582);
#12957=AXIS2_PLACEMENT_3D('',#19761,#15585,#15584);
#12958=AXIS2_PLACEMENT_3D('',#19762,#15587,#15586);
#12959=AXIS2_PLACEMENT_3D('',#19763,#15589,#15588);
#12960=AXIS2_PLACEMENT_3D('',#19764,#15591,#15590);
#12961=AXIS2_PLACEMENT_3D('',#19765,#15593,#15592);
#12962=AXIS2_PLACEMENT_3D('',#19766,#15595,#15594);
#12963=AXIS2_PLACEMENT_3D('',#19767,#15597,#15596);
#12964=AXIS2_PLACEMENT_3D('',#19768,#15599,#15598);
#12965=AXIS2_PLACEMENT_3D('',#19769,#15601,#15600);
#12966=AXIS2_PLACEMENT_3D('',#19770,#15603,#15602);
#12967=AXIS2_PLACEMENT_3D('',#19771,#15605,#15604);
#12968=AXIS2_PLACEMENT_3D('',#19772,#15607,#15606);
#12969=AXIS2_PLACEMENT_3D('',#19773,#15609,#15608);
#12970=AXIS2_PLACEMENT_3D('',#19774,#15611,#15610);
#12971=AXIS2_PLACEMENT_3D('',#19775,#15613,#15612);
#12972=AXIS2_PLACEMENT_3D('',#19776,#15615,#15614);
#12973=AXIS2_PLACEMENT_3D('',#19777,#15617,#15616);
#12974=AXIS2_PLACEMENT_3D('',#19778,#15619,#15618);
#12975=AXIS2_PLACEMENT_3D('',#19779,#15621,#15620);
#12976=AXIS2_PLACEMENT_3D('',#19780,#15623,#15622);
#12977=AXIS2_PLACEMENT_3D('',#19781,#15625,#15624);
#12978=AXIS2_PLACEMENT_3D('',#19782,#15627,#15626);
#12979=AXIS2_PLACEMENT_3D('',#19783,#15629,#15628);
#12980=AXIS2_PLACEMENT_3D('',#19784,#15631,#15630);
#12981=AXIS2_PLACEMENT_3D('',#19785,#15633,#15632);
#12982=AXIS2_PLACEMENT_3D('',#19786,#15635,#15634);
#12983=AXIS2_PLACEMENT_3D('',#19787,#15637,#15636);
#12984=AXIS2_PLACEMENT_3D('',#19788,#15639,#15638);
#12985=AXIS2_PLACEMENT_3D('',#19789,#15641,#15640);
#12986=AXIS2_PLACEMENT_3D('',#19790,#15643,#15642);
#12987=AXIS2_PLACEMENT_3D('',#19791,#15645,#15644);
#12988=AXIS2_PLACEMENT_3D('',#19792,#15647,#15646);
#12989=AXIS2_PLACEMENT_3D('',#19793,#15649,#15648);
#12990=AXIS2_PLACEMENT_3D('',#19794,#15651,#15650);
#12991=AXIS2_PLACEMENT_3D('',#19795,#15653,#15652);
#12992=AXIS2_PLACEMENT_3D('',#19796,#15655,#15654);
#12993=AXIS2_PLACEMENT_3D('',#19797,#15657,#15656);
#12994=AXIS2_PLACEMENT_3D('',#19798,#15659,#15658);
#12995=AXIS2_PLACEMENT_3D('',#19799,#15661,#15660);
#12996=AXIS2_PLACEMENT_3D('',#19800,#15663,#15662);
#12997=AXIS2_PLACEMENT_3D('',#19801,#15665,#15664);
#12998=AXIS2_PLACEMENT_3D('',#19802,#15667,#15666);
#12999=AXIS2_PLACEMENT_3D('',#19803,#15669,#15668);
#13000=AXIS2_PLACEMENT_3D('',#19804,#15671,#15670);
#13001=AXIS2_PLACEMENT_3D('',#19805,#15673,#15672);
#13002=AXIS2_PLACEMENT_3D('',#19806,#15675,#15674);
#13003=AXIS2_PLACEMENT_3D('',#19807,#15677,#15676);
#13004=AXIS2_PLACEMENT_3D('',#19808,#15679,#15678);
#13005=AXIS2_PLACEMENT_3D('',#19809,#15681,#15680);
#13006=AXIS2_PLACEMENT_3D('',#19810,#15683,#15682);
#13007=AXIS2_PLACEMENT_3D('',#19811,#15685,#15684);
#13008=AXIS2_PLACEMENT_3D('',#19812,#15687,#15686);
#13009=AXIS2_PLACEMENT_3D('',#19813,#15689,#15688);
#13010=AXIS2_PLACEMENT_3D('',#19814,#15691,#15690);
#13011=AXIS2_PLACEMENT_3D('',#19815,#15693,#15692);
#13012=AXIS2_PLACEMENT_3D('',#19816,#15695,#15694);
#13013=AXIS2_PLACEMENT_3D('',#19817,#15697,#15696);
#13014=AXIS2_PLACEMENT_3D('',#19818,#15699,#15698);
#13015=AXIS2_PLACEMENT_3D('',#19819,#15701,#15700);
#13016=AXIS2_PLACEMENT_3D('',#19820,#15703,#15702);
#13017=AXIS2_PLACEMENT_3D('',#19821,#15705,#15704);
#13018=AXIS2_PLACEMENT_3D('',#19822,#15707,#15706);
#13019=AXIS2_PLACEMENT_3D('',#19823,#15709,#15708);
#13020=AXIS2_PLACEMENT_3D('',#19824,#15711,#15710);
#13021=AXIS2_PLACEMENT_3D('',#19825,#15713,#15712);
#13022=AXIS2_PLACEMENT_3D('',#19826,#15715,#15714);
#13023=AXIS2_PLACEMENT_3D('',#19827,#15717,#15716);
#13024=AXIS2_PLACEMENT_3D('',#19828,#15719,#15718);
#13025=AXIS2_PLACEMENT_3D('',#19829,#15721,#15720);
#13026=AXIS2_PLACEMENT_3D('',#19830,#15723,#15722);
#13027=AXIS2_PLACEMENT_3D('',#19831,#15725,#15724);
#13028=AXIS2_PLACEMENT_3D('',#19832,#15727,#15726);
#13029=AXIS2_PLACEMENT_3D('',#19833,#15729,#15728);
#13030=AXIS2_PLACEMENT_3D('',#19834,#15731,#15730);
#13031=AXIS2_PLACEMENT_3D('',#19835,#15733,#15732);
#13032=AXIS2_PLACEMENT_3D('',#19836,#15735,#15734);
#13033=AXIS2_PLACEMENT_3D('',#19837,#15737,#15736);
#13034=AXIS2_PLACEMENT_3D('',#19838,#15739,#15738);
#13035=AXIS2_PLACEMENT_3D('',#19839,#15741,#15740);
#13036=AXIS2_PLACEMENT_3D('',#19840,#15743,#15742);
#13037=AXIS2_PLACEMENT_3D('',#19841,#15745,#15744);
#13038=AXIS2_PLACEMENT_3D('',#19842,#15747,#15746);
#13039=AXIS2_PLACEMENT_3D('',#19843,#15749,#15748);
#13040=AXIS2_PLACEMENT_3D('',#19844,#15751,#15750);
#13041=AXIS2_PLACEMENT_3D('',#19845,#15753,#15752);
#13042=AXIS2_PLACEMENT_3D('',#19846,#15755,#15754);
#13043=AXIS2_PLACEMENT_3D('',#19847,#15757,#15756);
#13044=AXIS2_PLACEMENT_3D('',#19848,#15759,#15758);
#13045=AXIS2_PLACEMENT_3D('',#19849,#15761,#15760);
#13046=AXIS2_PLACEMENT_3D('',#19850,#15763,#15762);
#13047=AXIS2_PLACEMENT_3D('',#19851,#15765,#15764);
#13048=AXIS2_PLACEMENT_3D('',#19852,#15767,#15766);
#13049=AXIS2_PLACEMENT_3D('',#19853,#15769,#15768);
#13050=AXIS2_PLACEMENT_3D('',#19854,#15771,#15770);
#13051=AXIS2_PLACEMENT_3D('',#19855,#15773,#15772);
#13052=AXIS2_PLACEMENT_3D('',#19856,#15775,#15774);
#13053=AXIS2_PLACEMENT_3D('',#19857,#15777,#15776);
#13054=AXIS2_PLACEMENT_3D('',#19858,#15779,#15778);
#13055=AXIS2_PLACEMENT_3D('',#19859,#15781,#15780);
#13056=AXIS2_PLACEMENT_3D('',#19860,#15783,#15782);
#13057=AXIS2_PLACEMENT_3D('',#19861,#15785,#15784);
#13058=AXIS2_PLACEMENT_3D('',#19862,#15787,#15786);
#13059=AXIS2_PLACEMENT_3D('',#19863,#15789,#15788);
#13060=AXIS2_PLACEMENT_3D('',#19864,#15791,#15790);
#13061=AXIS2_PLACEMENT_3D('',#19865,#15793,#15792);
#13062=AXIS2_PLACEMENT_3D('',#19866,#15795,#15794);
#13063=AXIS2_PLACEMENT_3D('',#19867,#15797,#15796);
#13064=AXIS2_PLACEMENT_3D('',#19868,#15799,#15798);
#13065=AXIS2_PLACEMENT_3D('',#19869,#15801,#15800);
#13066=AXIS2_PLACEMENT_3D('',#19870,#15803,#15802);
#13067=AXIS2_PLACEMENT_3D('',#19871,#15805,#15804);
#13068=AXIS2_PLACEMENT_3D('',#19872,#15807,#15806);
#13069=AXIS2_PLACEMENT_3D('',#19873,#15809,#15808);
#13070=AXIS2_PLACEMENT_3D('',#19874,#15811,#15810);
#13071=AXIS2_PLACEMENT_3D('',#19875,#15813,#15812);
#13072=AXIS2_PLACEMENT_3D('',#19876,#15815,#15814);
#13073=AXIS2_PLACEMENT_3D('',#19877,#15817,#15816);
#13074=AXIS2_PLACEMENT_3D('',#19878,#15819,#15818);
#13075=AXIS2_PLACEMENT_3D('',#19879,#15821,#15820);
#13076=AXIS2_PLACEMENT_3D('',#19880,#15823,#15822);
#13077=AXIS2_PLACEMENT_3D('',#19881,#15825,#15824);
#13078=AXIS2_PLACEMENT_3D('',#19882,#15827,#15826);
#13079=AXIS2_PLACEMENT_3D('',#19883,#15829,#15828);
#13080=AXIS2_PLACEMENT_3D('',#19884,#15831,#15830);
#13081=AXIS2_PLACEMENT_3D('',#19885,#15833,#15832);
#13082=AXIS2_PLACEMENT_3D('',#19886,#15835,#15834);
#13083=AXIS2_PLACEMENT_3D('',#19887,#15837,#15836);
#13084=AXIS2_PLACEMENT_3D('',#19888,#15839,#15838);
#13085=AXIS2_PLACEMENT_3D('',#19889,#15841,#15840);
#13086=AXIS2_PLACEMENT_3D('',#19890,#15843,#15842);
#13087=AXIS2_PLACEMENT_3D('',#19891,#15845,#15844);
#13088=AXIS2_PLACEMENT_3D('',#19892,#15847,#15846);
#13089=AXIS2_PLACEMENT_3D('',#19893,#15849,#15848);
#13090=AXIS2_PLACEMENT_3D('',#19894,#15851,#15850);
#13091=AXIS2_PLACEMENT_3D('',#19895,#15853,#15852);
#13092=AXIS2_PLACEMENT_3D('',#19896,#15855,#15854);
#13093=AXIS2_PLACEMENT_3D('',#19897,#15857,#15856);
#13094=AXIS2_PLACEMENT_3D('',#19898,#15859,#15858);
#13095=AXIS2_PLACEMENT_3D('',#19899,#15861,#15860);
#13096=AXIS2_PLACEMENT_3D('',#19900,#15863,#15862);
#13097=AXIS2_PLACEMENT_3D('',#19901,#15865,#15864);
#13098=AXIS2_PLACEMENT_3D('',#19902,#15867,#15866);
#13099=AXIS2_PLACEMENT_3D('',#19903,#15869,#15868);
#13100=AXIS2_PLACEMENT_3D('',#19904,#15871,#15870);
#13101=AXIS2_PLACEMENT_3D('',#19905,#15873,#15872);
#13102=AXIS2_PLACEMENT_3D('',#19906,#15875,#15874);
#13103=AXIS2_PLACEMENT_3D('',#19907,#15877,#15876);
#13104=AXIS2_PLACEMENT_3D('',#19908,#15879,#15878);
#13105=AXIS2_PLACEMENT_3D('',#19909,#15881,#15880);
#13106=AXIS2_PLACEMENT_3D('',#19910,#15883,#15882);
#13107=AXIS2_PLACEMENT_3D('',#19911,#15885,#15884);
#13108=AXIS2_PLACEMENT_3D('',#19912,#15887,#15886);
#13109=AXIS2_PLACEMENT_3D('',#19913,#15889,#15888);
#13110=AXIS2_PLACEMENT_3D('',#19914,#15891,#15890);
#13111=AXIS2_PLACEMENT_3D('',#19915,#15893,#15892);
#13112=AXIS2_PLACEMENT_3D('',#19916,#15895,#15894);
#13113=AXIS2_PLACEMENT_3D('',#19917,#15897,#15896);
#13114=AXIS2_PLACEMENT_3D('',#19918,#15899,#15898);
#13115=AXIS2_PLACEMENT_3D('',#19919,#15901,#15900);
#13116=AXIS2_PLACEMENT_3D('',#19920,#15903,#15902);
#13117=AXIS2_PLACEMENT_3D('',#19921,#15905,#15904);
#13118=AXIS2_PLACEMENT_3D('',#19922,#15907,#15906);
#13119=AXIS2_PLACEMENT_3D('',#19923,#15909,#15908);
#13120=AXIS2_PLACEMENT_3D('',#19924,#15911,#15910);
#13121=AXIS2_PLACEMENT_3D('',#19925,#15913,#15912);
#13122=AXIS2_PLACEMENT_3D('',#19926,#15915,#15914);
#13123=AXIS2_PLACEMENT_3D('',#19927,#15917,#15916);
#13124=AXIS2_PLACEMENT_3D('',#19928,#15919,#15918);
#13125=AXIS2_PLACEMENT_3D('',#19929,#15921,#15920);
#13126=AXIS2_PLACEMENT_3D('',#19930,#15923,#15922);
#13127=AXIS2_PLACEMENT_3D('',#19931,#15925,#15924);
#13128=AXIS2_PLACEMENT_3D('',#19932,#15927,#15926);
#13129=AXIS2_PLACEMENT_3D('',#19933,#15929,#15928);
#13130=AXIS2_PLACEMENT_3D('',#19934,#15931,#15930);
#13131=AXIS2_PLACEMENT_3D('',#19935,#15933,#15932);
#13132=AXIS2_PLACEMENT_3D('',#19936,#15935,#15934);
#13133=AXIS2_PLACEMENT_3D('',#19937,#15937,#15936);
#13134=AXIS2_PLACEMENT_3D('',#19938,#15939,#15938);
#13135=AXIS2_PLACEMENT_3D('',#19939,#15941,#15940);
#13136=AXIS2_PLACEMENT_3D('',#19940,#15943,#15942);
#13137=AXIS2_PLACEMENT_3D('',#19941,#15945,#15944);
#13138=AXIS2_PLACEMENT_3D('',#19942,#15947,#15946);
#13139=AXIS2_PLACEMENT_3D('',#19943,#15949,#15948);
#13140=AXIS2_PLACEMENT_3D('',#19944,#15951,#15950);
#13141=AXIS2_PLACEMENT_3D('',#19945,#15953,#15952);
#13142=AXIS2_PLACEMENT_3D('',#19946,#15955,#15954);
#13143=AXIS2_PLACEMENT_3D('',#19947,#15957,#15956);
#13144=AXIS2_PLACEMENT_3D('',#19948,#15959,#15958);
#13145=AXIS2_PLACEMENT_3D('',#19949,#15961,#15960);
#13146=AXIS2_PLACEMENT_3D('',#19950,#15963,#15962);
#13147=AXIS2_PLACEMENT_3D('',#19951,#15965,#15964);
#13148=AXIS2_PLACEMENT_3D('',#19952,#15967,#15966);
#13149=AXIS2_PLACEMENT_3D('',#19953,#15969,#15968);
#13150=AXIS2_PLACEMENT_3D('',#19954,#15971,#15970);
#13151=AXIS2_PLACEMENT_3D('',#19955,#15973,#15972);
#13152=AXIS2_PLACEMENT_3D('',#19956,#15975,#15974);
#13153=AXIS2_PLACEMENT_3D('',#19957,#15977,#15976);
#13154=AXIS2_PLACEMENT_3D('',#19958,#15979,#15978);
#13155=AXIS2_PLACEMENT_3D('',#19959,#15981,#15980);
#13156=AXIS2_PLACEMENT_3D('',#19960,#15983,#15982);
#13157=AXIS2_PLACEMENT_3D('',#19961,#15985,#15984);
#13158=AXIS2_PLACEMENT_3D('',#19962,#15987,#15986);
#13159=AXIS2_PLACEMENT_3D('',#19963,#15989,#15988);
#13160=AXIS2_PLACEMENT_3D('',#19964,#15991,#15990);
#13161=AXIS2_PLACEMENT_3D('',#19965,#15993,#15992);
#13162=AXIS2_PLACEMENT_3D('',#19966,#15995,#15994);
#13163=AXIS2_PLACEMENT_3D('',#19967,#15997,#15996);
#13164=AXIS2_PLACEMENT_3D('',#19968,#15999,#15998);
#13165=AXIS2_PLACEMENT_3D('',#19969,#16001,#16000);
#13166=AXIS2_PLACEMENT_3D('',#19970,#16003,#16002);
#13167=AXIS2_PLACEMENT_3D('',#19971,#16005,#16004);
#13168=AXIS2_PLACEMENT_3D('',#19972,#16007,#16006);
#13169=AXIS2_PLACEMENT_3D('',#19973,#16009,#16008);
#13170=AXIS2_PLACEMENT_3D('',#19974,#16011,#16010);
#13171=AXIS2_PLACEMENT_3D('',#19975,#16013,#16012);
#13172=AXIS2_PLACEMENT_3D('',#19976,#16015,#16014);
#13173=AXIS2_PLACEMENT_3D('',#19977,#16017,#16016);
#13174=AXIS2_PLACEMENT_3D('',#19978,#16019,#16018);
#13175=AXIS2_PLACEMENT_3D('',#19979,#16021,#16020);
#13176=AXIS2_PLACEMENT_3D('',#19980,#16023,#16022);
#13177=AXIS2_PLACEMENT_3D('',#19981,#16025,#16024);
#13178=AXIS2_PLACEMENT_3D('',#19982,#16027,#16026);
#13179=AXIS2_PLACEMENT_3D('',#19983,#16029,#16028);
#13180=AXIS2_PLACEMENT_3D('',#19984,#16031,#16030);
#13181=AXIS2_PLACEMENT_3D('',#19985,#16033,#16032);
#13182=AXIS2_PLACEMENT_3D('',#19986,#16035,#16034);
#13183=AXIS2_PLACEMENT_3D('',#19987,#16037,#16036);
#13184=AXIS2_PLACEMENT_3D('',#19988,#16039,#16038);
#13185=AXIS2_PLACEMENT_3D('',#19989,#16041,#16040);
#13186=AXIS2_PLACEMENT_3D('',#19990,#16043,#16042);
#13187=AXIS2_PLACEMENT_3D('',#19991,#16045,#16044);
#13188=AXIS2_PLACEMENT_3D('',#19992,#16047,#16046);
#13189=AXIS2_PLACEMENT_3D('',#19993,#16049,#16048);
#13190=AXIS2_PLACEMENT_3D('',#19994,#16051,#16050);
#13191=AXIS2_PLACEMENT_3D('',#19995,#16053,#16052);
#13192=AXIS2_PLACEMENT_3D('',#19996,#16055,#16054);
#13193=AXIS2_PLACEMENT_3D('',#19997,#16057,#16056);
#13194=AXIS2_PLACEMENT_3D('',#19998,#16059,#16058);
#13195=AXIS2_PLACEMENT_3D('',#19999,#16061,#16060);
#13196=AXIS2_PLACEMENT_3D('',#20000,#16063,#16062);
#13197=AXIS2_PLACEMENT_3D('',#20001,#16065,#16064);
#13198=AXIS2_PLACEMENT_3D('',#20002,#16067,#16066);
#13199=AXIS2_PLACEMENT_3D('',#20003,#16069,#16068);
#13200=AXIS2_PLACEMENT_3D('',#20004,#16071,#16070);
#13201=AXIS2_PLACEMENT_3D('',#20005,#16073,#16072);
#13202=AXIS2_PLACEMENT_3D('',#20006,#16075,#16074);
#13203=AXIS2_PLACEMENT_3D('',#20007,#16077,#16076);
#13204=AXIS2_PLACEMENT_3D('',#20008,#16079,#16078);
#13205=AXIS2_PLACEMENT_3D('',#20009,#16081,#16080);
#13206=AXIS2_PLACEMENT_3D('',#20010,#16083,#16082);
#13207=AXIS2_PLACEMENT_3D('',#20011,#16085,#16084);
#13208=AXIS2_PLACEMENT_3D('',#20012,#16087,#16086);
#13209=AXIS2_PLACEMENT_3D('',#20013,#16089,#16088);
#13210=AXIS2_PLACEMENT_3D('',#20014,#16091,#16090);
#13211=AXIS2_PLACEMENT_3D('',#20015,#16093,#16092);
#13212=AXIS2_PLACEMENT_3D('',#20016,#16095,#16094);
#13213=AXIS2_PLACEMENT_3D('',#20017,#16097,#16096);
#13214=AXIS2_PLACEMENT_3D('',#20018,#16099,#16098);
#13215=AXIS2_PLACEMENT_3D('',#20019,#16101,#16100);
#13216=AXIS2_PLACEMENT_3D('',#20020,#16103,#16102);
#13217=AXIS2_PLACEMENT_3D('',#20021,#16105,#16104);
#13218=AXIS2_PLACEMENT_3D('',#20022,#16107,#16106);
#13219=AXIS2_PLACEMENT_3D('',#20023,#16109,#16108);
#13220=AXIS2_PLACEMENT_3D('',#20024,#16111,#16110);
#13221=AXIS2_PLACEMENT_3D('',#20025,#16113,#16112);
#13222=AXIS2_PLACEMENT_3D('',#20026,#16115,#16114);
#13223=AXIS2_PLACEMENT_3D('',#20027,#16117,#16116);
#13224=AXIS2_PLACEMENT_3D('',#20028,#16119,#16118);
#13225=AXIS2_PLACEMENT_3D('',#20029,#16121,#16120);
#13226=AXIS2_PLACEMENT_3D('',#20030,#16123,#16122);
#13227=AXIS2_PLACEMENT_3D('',#20031,#16125,#16124);
#13228=AXIS2_PLACEMENT_3D('',#20032,#16127,#16126);
#13229=AXIS2_PLACEMENT_3D('',#20033,#16129,#16128);
#13230=AXIS2_PLACEMENT_3D('',#20034,#16131,#16130);
#13231=AXIS2_PLACEMENT_3D('',#20035,#16133,#16132);
#13232=AXIS2_PLACEMENT_3D('',#20036,#16135,#16134);
#13233=AXIS2_PLACEMENT_3D('',#20037,#16137,#16136);
#13234=AXIS2_PLACEMENT_3D('',#20038,#16139,#16138);
#13235=AXIS2_PLACEMENT_3D('',#20039,#16141,#16140);
#13236=AXIS2_PLACEMENT_3D('',#20040,#16143,#16142);
#13237=AXIS2_PLACEMENT_3D('',#20041,#16145,#16144);
#13238=AXIS2_PLACEMENT_3D('',#20042,#16147,#16146);
#13239=AXIS2_PLACEMENT_3D('',#20043,#16149,#16148);
#13240=AXIS2_PLACEMENT_3D('',#20044,#16151,#16150);
#13241=AXIS2_PLACEMENT_3D('',#20045,#16153,#16152);
#13242=AXIS2_PLACEMENT_3D('',#20046,#16155,#16154);
#13243=AXIS2_PLACEMENT_3D('',#20047,#16157,#16156);
#13244=AXIS2_PLACEMENT_3D('',#20048,#16159,#16158);
#13245=AXIS2_PLACEMENT_3D('',#20049,#16161,#16160);
#13246=AXIS2_PLACEMENT_3D('',#20050,#16163,#16162);
#13247=AXIS2_PLACEMENT_3D('',#20051,#16165,#16164);
#13248=AXIS2_PLACEMENT_3D('',#20052,#16167,#16166);
#13249=AXIS2_PLACEMENT_3D('',#20053,#16169,#16168);
#13250=AXIS2_PLACEMENT_3D('',#20054,#16171,#16170);
#13251=AXIS2_PLACEMENT_3D('',#20055,#16173,#16172);
#13252=AXIS2_PLACEMENT_3D('',#20056,#16175,#16174);
#13253=AXIS2_PLACEMENT_3D('',#20057,#16177,#16176);
#13254=AXIS2_PLACEMENT_3D('',#20058,#16179,#16178);
#13255=AXIS2_PLACEMENT_3D('',#20059,#16181,#16180);
#13256=AXIS2_PLACEMENT_3D('',#20060,#16183,#16182);
#13257=AXIS2_PLACEMENT_3D('',#20061,#16185,#16184);
#13258=AXIS2_PLACEMENT_3D('',#20062,#16187,#16186);
#13259=AXIS2_PLACEMENT_3D('',#20063,#16189,#16188);
#13260=AXIS2_PLACEMENT_3D('',#20064,#16191,#16190);
#13261=AXIS2_PLACEMENT_3D('',#20065,#16193,#16192);
#13262=AXIS2_PLACEMENT_3D('',#20066,#16195,#16194);
#13263=AXIS2_PLACEMENT_3D('',#20067,#16197,#16196);
#13264=AXIS2_PLACEMENT_3D('',#20068,#16199,#16198);
#13265=AXIS2_PLACEMENT_3D('',#20069,#16201,#16200);
#13266=AXIS2_PLACEMENT_3D('',#20070,#16203,#16202);
#13267=AXIS2_PLACEMENT_3D('',#20071,#16205,#16204);
#13268=AXIS2_PLACEMENT_3D('',#20072,#16207,#16206);
#13269=AXIS2_PLACEMENT_3D('',#20073,#16209,#16208);
#13270=AXIS2_PLACEMENT_3D('',#20074,#16211,#16210);
#13271=AXIS2_PLACEMENT_3D('',#20075,#16213,#16212);
#13272=AXIS2_PLACEMENT_3D('',#20076,#16215,#16214);
#13273=AXIS2_PLACEMENT_3D('',#20077,#16217,#16216);
#13274=AXIS2_PLACEMENT_3D('',#20078,#16219,#16218);
#13275=AXIS2_PLACEMENT_3D('',#20079,#16221,#16220);
#13276=AXIS2_PLACEMENT_3D('',#20080,#16223,#16222);
#13277=AXIS2_PLACEMENT_3D('',#20081,#16225,#16224);
#13278=AXIS2_PLACEMENT_3D('',#20082,#16227,#16226);
#13279=AXIS2_PLACEMENT_3D('',#20083,#16229,#16228);
#13280=AXIS2_PLACEMENT_3D('',#20084,#16231,#16230);
#13281=AXIS2_PLACEMENT_3D('',#20085,#16233,#16232);
#13282=AXIS2_PLACEMENT_3D('',#20086,#16235,#16234);
#13283=AXIS2_PLACEMENT_3D('',#20087,#16237,#16236);
#13284=AXIS2_PLACEMENT_3D('',#20088,#16239,#16238);
#13285=AXIS2_PLACEMENT_3D('',#20089,#16241,#16240);
#13286=AXIS2_PLACEMENT_3D('',#20090,#16243,#16242);
#13287=AXIS2_PLACEMENT_3D('',#20091,#16245,#16244);
#13288=AXIS2_PLACEMENT_3D('',#20092,#16247,#16246);
#13289=AXIS2_PLACEMENT_3D('',#20093,#16249,#16248);
#13290=AXIS2_PLACEMENT_3D('',#20094,#16251,#16250);
#13291=AXIS2_PLACEMENT_3D('',#20095,#16253,#16252);
#13292=AXIS2_PLACEMENT_3D('',#20096,#16255,#16254);
#13293=AXIS2_PLACEMENT_3D('',#20097,#16257,#16256);
#13294=AXIS2_PLACEMENT_3D('',#20098,#16259,#16258);
#13295=AXIS2_PLACEMENT_3D('',#20099,#16261,#16260);
#13296=AXIS2_PLACEMENT_3D('',#20100,#16263,#16262);
#13297=AXIS2_PLACEMENT_3D('',#20101,#16265,#16264);
#13298=AXIS2_PLACEMENT_3D('',#20102,#16267,#16266);
#13299=AXIS2_PLACEMENT_3D('',#20103,#16269,#16268);
#13300=AXIS2_PLACEMENT_3D('',#20104,#16271,#16270);
#13301=AXIS2_PLACEMENT_3D('',#20105,#16273,#16272);
#13302=AXIS2_PLACEMENT_3D('',#20106,#16275,#16274);
#13303=AXIS2_PLACEMENT_3D('',#20107,#16277,#16276);
#13304=AXIS2_PLACEMENT_3D('',#20108,#16279,#16278);
#13305=AXIS2_PLACEMENT_3D('',#20109,#16281,#16280);
#13306=AXIS2_PLACEMENT_3D('',#20110,#16283,#16282);
#13307=AXIS2_PLACEMENT_3D('',#20111,#16285,#16284);
#13308=AXIS2_PLACEMENT_3D('',#20112,#16287,#16286);
#13309=AXIS2_PLACEMENT_3D('',#20113,#16289,#16288);
#13310=AXIS2_PLACEMENT_3D('',#20114,#16291,#16290);
#13311=AXIS2_PLACEMENT_3D('',#20115,#16293,#16292);
#13312=AXIS2_PLACEMENT_3D('',#20116,#16295,#16294);
#13313=AXIS2_PLACEMENT_3D('',#20117,#16297,#16296);
#13314=AXIS2_PLACEMENT_3D('',#20118,#16299,#16298);
#13315=AXIS2_PLACEMENT_3D('',#20119,#16301,#16300);
#13316=AXIS2_PLACEMENT_3D('',#20120,#16303,#16302);
#13317=AXIS2_PLACEMENT_3D('',#20121,#16305,#16304);
#13318=AXIS2_PLACEMENT_3D('',#20122,#16307,#16306);
#13319=AXIS2_PLACEMENT_3D('',#20123,#16309,#16308);
#13320=AXIS2_PLACEMENT_3D('',#20124,#16311,#16310);
#13321=AXIS2_PLACEMENT_3D('',#20125,#16313,#16312);
#13322=AXIS2_PLACEMENT_3D('',#20126,#16315,#16314);
#13323=AXIS2_PLACEMENT_3D('',#20127,#16317,#16316);
#13324=AXIS2_PLACEMENT_3D('',#20128,#16319,#16318);
#13325=AXIS2_PLACEMENT_3D('',#20129,#16321,#16320);
#13326=AXIS2_PLACEMENT_3D('',#20130,#16323,#16322);
#13327=AXIS2_PLACEMENT_3D('',#20131,#16325,#16324);
#13328=AXIS2_PLACEMENT_3D('',#20132,#16327,#16326);
#13329=AXIS2_PLACEMENT_3D('',#20133,#16329,#16328);
#13330=AXIS2_PLACEMENT_3D('',#20134,#16331,#16330);
#13331=AXIS2_PLACEMENT_3D('',#20135,#16333,#16332);
#13332=AXIS2_PLACEMENT_3D('',#20136,#16335,#16334);
#13333=AXIS2_PLACEMENT_3D('',#20137,#16337,#16336);
#13334=AXIS2_PLACEMENT_3D('',#20138,#16339,#16338);
#13335=AXIS2_PLACEMENT_3D('',#20139,#16341,#16340);
#13336=AXIS2_PLACEMENT_3D('',#20140,#16343,#16342);
#13337=AXIS2_PLACEMENT_3D('',#20141,#16345,#16344);
#13338=AXIS2_PLACEMENT_3D('',#20142,#16347,#16346);
#13339=AXIS2_PLACEMENT_3D('',#20143,#16349,#16348);
#13340=AXIS2_PLACEMENT_3D('',#20144,#16351,#16350);
#13341=AXIS2_PLACEMENT_3D('',#20145,#16353,#16352);
#13342=AXIS2_PLACEMENT_3D('',#20146,#16355,#16354);
#13343=AXIS2_PLACEMENT_3D('',#20147,#16357,#16356);
#13344=AXIS2_PLACEMENT_3D('',#20148,#16359,#16358);
#13345=AXIS2_PLACEMENT_3D('',#20149,#16361,#16360);
#13346=AXIS2_PLACEMENT_3D('',#20150,#16363,#16362);
#13347=AXIS2_PLACEMENT_3D('',#20151,#16365,#16364);
#13348=AXIS2_PLACEMENT_3D('',#20152,#16367,#16366);
#13349=AXIS2_PLACEMENT_3D('',#20153,#16369,#16368);
#13350=AXIS2_PLACEMENT_3D('',#20154,#16371,#16370);
#13351=AXIS2_PLACEMENT_3D('',#20155,#16373,#16372);
#13352=AXIS2_PLACEMENT_3D('',#20156,#16375,#16374);
#13353=AXIS2_PLACEMENT_3D('',#20157,#16377,#16376);
#13354=AXIS2_PLACEMENT_3D('',#20158,#16379,#16378);
#13355=AXIS2_PLACEMENT_3D('',#20159,#16381,#16380);
#13356=AXIS2_PLACEMENT_3D('',#20160,#16383,#16382);
#13357=AXIS2_PLACEMENT_3D('',#20161,#16385,#16384);
#13358=AXIS2_PLACEMENT_3D('',#20162,#16387,#16386);
#13359=AXIS2_PLACEMENT_3D('',#20163,#16389,#16388);
#13360=AXIS2_PLACEMENT_3D('',#20164,#16391,#16390);
#13361=AXIS2_PLACEMENT_3D('',#20165,#16393,#16392);
#13362=AXIS2_PLACEMENT_3D('',#20166,#16395,#16394);
#13363=AXIS2_PLACEMENT_3D('',#20167,#16397,#16396);
#13364=AXIS2_PLACEMENT_3D('',#20168,#16399,#16398);
#13365=AXIS2_PLACEMENT_3D('',#20169,#16401,#16400);
#13366=DIRECTION('',(1.,0.,0.));
#13367=DIRECTION('',(0.,0.,1.));
#13368=DIRECTION('',(-0.,-0.,-1.));
#13369=DIRECTION('',(-0.,-0.,-1.));
#13370=DIRECTION('',(-0.,-0.,-1.));
#13371=DIRECTION('',(-0.,-0.,-1.));
#13372=DIRECTION('',(-0.,-0.,-1.));
#13373=DIRECTION('',(-0.,-0.,-1.));
#13374=DIRECTION('',(-0.,-0.,-1.));
#13375=DIRECTION('',(-0.,-0.,-1.));
#13376=DIRECTION('',(-0.,-0.,-1.));
#13377=DIRECTION('',(-0.,-0.,-1.));
#13378=DIRECTION('',(-0.,-0.,-1.));
#13379=DIRECTION('',(-0.,-0.,-1.));
#13380=DIRECTION('',(-0.,-0.,-1.));
#13381=DIRECTION('',(-0.,-0.,-1.));
#13382=DIRECTION('',(-0.,-0.,-1.));
#13383=DIRECTION('',(-0.,-0.,-1.));
#13384=DIRECTION('',(-0.,-0.,-1.));
#13385=DIRECTION('',(-0.,-0.,-1.));
#13386=DIRECTION('',(-0.,-0.,-1.));
#13387=DIRECTION('',(-0.,-0.,-1.));
#13388=DIRECTION('',(-0.,-0.,-1.));
#13389=DIRECTION('',(-0.,-0.,-1.));
#13390=DIRECTION('',(-0.,-0.,-1.));
#13391=DIRECTION('',(-0.,-0.,-1.));
#13392=DIRECTION('',(-0.,-0.,-1.));
#13393=DIRECTION('',(-0.,-0.,-1.));
#13394=DIRECTION('',(-0.,-0.,-1.));
#13395=DIRECTION('',(-0.,-0.,-1.));
#13396=DIRECTION('',(-0.,-0.,-1.));
#13397=DIRECTION('',(-0.,-0.,-1.));
#13398=DIRECTION('',(-0.,-0.,-1.));
#13399=DIRECTION('',(-0.,-0.,-1.));
#13400=DIRECTION('',(-0.,-0.,-1.));
#13401=DIRECTION('',(-0.,-0.,-1.));
#13402=DIRECTION('',(-0.,-0.,-1.));
#13403=DIRECTION('',(-0.,-0.,-1.));
#13404=DIRECTION('',(-0.,-0.,-1.));
#13405=DIRECTION('',(-0.,-0.,-1.));
#13406=DIRECTION('',(-0.,-0.,-1.));
#13407=DIRECTION('',(-0.,-0.,-1.));
#13408=DIRECTION('',(-0.,-0.,-1.));
#13409=DIRECTION('',(-0.,-0.,-1.));
#13410=DIRECTION('',(-0.,-0.,-1.));
#13411=DIRECTION('',(-0.,-0.,-1.));
#13412=DIRECTION('',(-0.,-0.,-1.));
#13413=DIRECTION('',(-0.,-0.,-1.));
#13414=DIRECTION('',(-0.,-0.,-1.));
#13415=DIRECTION('',(-0.,-0.,-1.));
#13416=DIRECTION('',(-0.,-0.,-1.));
#13417=DIRECTION('',(-0.,-0.,-1.));
#13418=DIRECTION('',(-0.,-0.,-1.));
#13419=DIRECTION('',(-0.,-0.,-1.));
#13420=DIRECTION('',(-0.,-0.,-1.));
#13421=DIRECTION('',(-0.,-0.,-1.));
#13422=DIRECTION('',(-0.,-0.,-1.));
#13423=DIRECTION('',(-0.,-0.,-1.));
#13424=DIRECTION('',(-0.,-0.,-1.));
#13425=DIRECTION('',(-0.,-0.,-1.));
#13426=DIRECTION('',(-0.,-0.,-1.));
#13427=DIRECTION('',(-0.,-0.,-1.));
#13428=DIRECTION('',(-0.,-0.,-1.));
#13429=DIRECTION('',(-0.,-0.,-1.));
#13430=DIRECTION('',(-0.,-0.,-1.));
#13431=DIRECTION('',(-0.,-0.,-1.));
#13432=DIRECTION('',(-0.,-0.,-1.));
#13433=DIRECTION('',(-0.,-0.,-1.));
#13434=DIRECTION('',(-0.,-0.,-1.));
#13435=DIRECTION('',(-0.,-0.,-1.));
#13436=DIRECTION('',(-0.,-0.,-1.));
#13437=DIRECTION('',(-0.,-0.,-1.));
#13438=DIRECTION('',(-0.,-0.,-1.));
#13439=DIRECTION('',(-0.,-0.,-1.));
#13440=DIRECTION('',(-0.,-0.,-1.));
#13441=DIRECTION('',(-0.,-0.,-1.));
#13442=DIRECTION('',(-0.,-0.,-1.));
#13443=DIRECTION('',(-0.,-0.,-1.));
#13444=DIRECTION('',(-0.,-0.,-1.));
#13445=DIRECTION('',(-0.,-0.,-1.));
#13446=DIRECTION('',(-0.,-0.,-1.));
#13447=DIRECTION('',(-0.,-0.,-1.));
#13448=DIRECTION('',(-0.,-0.,-1.));
#13449=DIRECTION('',(-0.,-0.,-1.));
#13450=DIRECTION('',(-0.,-0.,-1.));
#13451=DIRECTION('',(-0.,-0.,-1.));
#13452=DIRECTION('',(-0.,-0.,-1.));
#13453=DIRECTION('',(-0.,-0.,-1.));
#13454=DIRECTION('',(-0.,-0.,-1.));
#13455=DIRECTION('',(-0.,-0.,-1.));
#13456=DIRECTION('',(-0.,-0.,-1.));
#13457=DIRECTION('',(-0.,-0.,-1.));
#13458=DIRECTION('',(-0.,-0.,-1.));
#13459=DIRECTION('',(-0.,-0.,-1.));
#13460=DIRECTION('',(-0.,-0.,-1.));
#13461=DIRECTION('',(-0.,-0.,-1.));
#13462=DIRECTION('',(-0.,-0.,-1.));
#13463=DIRECTION('',(-0.,-0.,-1.));
#13464=DIRECTION('',(-0.,-0.,-1.));
#13465=DIRECTION('',(-0.,-0.,-1.));
#13466=DIRECTION('',(-0.,-0.,-1.));
#13467=DIRECTION('',(-0.,-0.,-1.));
#13468=DIRECTION('',(-0.,-0.,-1.));
#13469=DIRECTION('',(-0.,-0.,-1.));
#13470=DIRECTION('',(-0.,-0.,-1.));
#13471=DIRECTION('',(-0.,-0.,-1.));
#13472=DIRECTION('',(-0.,-0.,-1.));
#13473=DIRECTION('',(-0.,-0.,-1.));
#13474=DIRECTION('',(-0.,-0.,-1.));
#13475=DIRECTION('',(-0.,-0.,-1.));
#13476=DIRECTION('',(-0.,-0.,-1.));
#13477=DIRECTION('',(-0.,-0.,-1.));
#13478=DIRECTION('',(-0.,-0.,-1.));
#13479=DIRECTION('',(-0.,-0.,-1.));
#13480=DIRECTION('',(-0.,-0.,-1.));
#13481=DIRECTION('',(-0.,-0.,-1.));
#13482=DIRECTION('',(-0.,-0.,-1.));
#13483=DIRECTION('',(-0.,-0.,-1.));
#13484=DIRECTION('',(-0.,-0.,-1.));
#13485=DIRECTION('',(-0.,-0.,-1.));
#13486=DIRECTION('',(-0.,-0.,-1.));
#13487=DIRECTION('',(-0.,-0.,-1.));
#13488=DIRECTION('',(-0.,-0.,-1.));
#13489=DIRECTION('',(-0.,-0.,-1.));
#13490=DIRECTION('',(-0.,-0.,-1.));
#13491=DIRECTION('',(-0.,-0.,-1.));
#13492=DIRECTION('',(-0.,-0.,-1.));
#13493=DIRECTION('',(-0.,-0.,-1.));
#13494=DIRECTION('',(-0.,-0.,-1.));
#13495=DIRECTION('',(-0.,-0.,-1.));
#13496=DIRECTION('',(-0.,-0.,-1.));
#13497=DIRECTION('',(-0.,-0.,-1.));
#13498=DIRECTION('',(-0.,-0.,-1.));
#13499=DIRECTION('',(-0.,-0.,-1.));
#13500=DIRECTION('',(-0.,-0.,-1.));
#13501=DIRECTION('',(-0.,-0.,-1.));
#13502=DIRECTION('',(-0.,-0.,-1.));
#13503=DIRECTION('',(-0.,-0.,-1.));
#13504=DIRECTION('',(-0.,-0.,-1.));
#13505=DIRECTION('',(-0.,-0.,-1.));
#13506=DIRECTION('',(-0.,-0.,-1.));
#13507=DIRECTION('',(-0.,-0.,-1.));
#13508=DIRECTION('',(-0.,-0.,-1.));
#13509=DIRECTION('',(-0.,-0.,-1.));
#13510=DIRECTION('',(-0.,-0.,-1.));
#13511=DIRECTION('',(-0.,-0.,-1.));
#13512=DIRECTION('',(-0.,-0.,-1.));
#13513=DIRECTION('',(-0.,-0.,-1.));
#13514=DIRECTION('',(-0.,-0.,-1.));
#13515=DIRECTION('',(-0.,-0.,-1.));
#13516=DIRECTION('',(-0.,-0.,-1.));
#13517=DIRECTION('',(-0.,-0.,-1.));
#13518=DIRECTION('',(-0.,-0.,-1.));
#13519=DIRECTION('',(-0.,-0.,-1.));
#13520=DIRECTION('',(-0.,-0.,-1.));
#13521=DIRECTION('',(-0.,-0.,-1.));
#13522=DIRECTION('',(-0.,-0.,-1.));
#13523=DIRECTION('',(-0.,-0.,-1.));
#13524=DIRECTION('',(-0.,-0.,-1.));
#13525=DIRECTION('',(-0.,-0.,-1.));
#13526=DIRECTION('',(-0.,-0.,-1.));
#13527=DIRECTION('',(-0.,-0.,-1.));
#13528=DIRECTION('',(-0.,-0.,-1.));
#13529=DIRECTION('',(-0.,-0.,-1.));
#13530=DIRECTION('',(-0.,-0.,-1.));
#13531=DIRECTION('',(-0.,-0.,-1.));
#13532=DIRECTION('',(-0.,-0.,-1.));
#13533=DIRECTION('',(-0.,-0.,-1.));
#13534=DIRECTION('',(-0.,-0.,-1.));
#13535=DIRECTION('',(-0.,-0.,-1.));
#13536=DIRECTION('',(-0.,-0.,-1.));
#13537=DIRECTION('',(-0.,-0.,-1.));
#13538=DIRECTION('',(-0.,-0.,-1.));
#13539=DIRECTION('',(-0.,-0.,-1.));
#13540=DIRECTION('',(6.12323399573677E-017,1.,3.74939945665464E-033));
#13541=DIRECTION('',(6.12323399573677E-017,1.,3.74939945665464E-033));
#13542=DIRECTION('',(6.12323399573677E-017,1.,3.74939945665464E-033));
#13543=DIRECTION('',(-1.,0.,0.));
#13544=DIRECTION('',(-0.,-1.,0.));
#13545=DIRECTION('',(-0.492227979274605,0.,0.870466321243527));
#13546=DIRECTION('',(0.,-1.,0.));
#13547=DIRECTION('',(-1.,0.,0.));
#13548=DIRECTION('',(-0.,-1.,0.));
#13549=DIRECTION('',(-0.492227979274605,0.,0.870466321243527));
#13550=DIRECTION('',(0.,-1.,0.));
#13551=DIRECTION('',(6.12323399573677E-017,1.,3.74939945665464E-033));
#13552=DIRECTION('',(6.12323399573677E-017,1.,3.74939945665464E-033));
#13553=DIRECTION('',(6.12323399573677E-017,1.,3.74939945665464E-033));
#13554=DIRECTION('',(-1.,0.,0.));
#13555=DIRECTION('',(-0.,-1.,0.));
#13556=DIRECTION('',(-0.492227979274605,0.,0.870466321243527));
#13557=DIRECTION('',(0.,-1.,0.));
#13558=DIRECTION('',(-1.,0.,0.));
#13559=DIRECTION('',(-0.,-1.,0.));
#13560=DIRECTION('',(-0.492227979274605,0.,0.870466321243527));
#13561=DIRECTION('',(0.,-1.,0.));
#13562=DIRECTION('',(6.12323399573677E-017,1.,3.74939945665464E-033));
#13563=DIRECTION('',(6.12323399573677E-017,1.,3.74939945665464E-033));
#13564=DIRECTION('',(6.12323399573677E-017,1.,3.74939945665464E-033));
#13565=DIRECTION('',(6.12323399573677E-017,1.,3.74939945665464E-033));
#13566=DIRECTION('',(-0.,-0.,-1.));
#13567=DIRECTION('',(-1.,-0.,-0.));
#13568=DIRECTION('',(1.,-0.,-0.));
#13569=DIRECTION('',(-0.,-0.,-1.));
#13570=DIRECTION('',(-1.,-0.,-0.));
#13571=DIRECTION('',(-0.,-0.,1.));
#13572=DIRECTION('',(1.,-0.,-0.));
#13573=DIRECTION('',(6.12323399573677E-017,1.,3.74939945665464E-033));
#13574=DIRECTION('',(6.12323399573677E-017,1.,3.74939945665464E-033));
#13575=DIRECTION('',(6.12323399573677E-017,1.,3.74939945665464E-033));
#13576=DIRECTION('',(6.12323399573677E-017,1.,3.74939945665464E-033));
#13577=DIRECTION('',(1.,0.,0.));
#13578=DIRECTION('',(0.,0.,1.));
#13579=DIRECTION('',(-1.,0.,0.));
#13580=DIRECTION('',(-9.473903143468E-014,-0.,-1.));
#13581=DIRECTION('',(1.,0.,0.));
#13582=DIRECTION('',(0.,0.,1.));
#13583=DIRECTION('',(-1.,0.,0.));
#13584=DIRECTION('',(6.12323399573677E-017,1.,3.74939945665464E-033));
#13585=DIRECTION('',(6.12323399573677E-017,1.,3.74939945665464E-033));
#13586=DIRECTION('',(6.12323399573677E-017,1.,3.74939945665464E-033));
#13587=DIRECTION('',(-1.,0.,0.));
#13588=DIRECTION('',(-0.,-1.,0.));
#13589=DIRECTION('',(-0.492227979274605,0.,0.870466321243527));
#13590=DIRECTION('',(0.,-1.,0.));
#13591=DIRECTION('',(-1.,0.,0.));
#13592=DIRECTION('',(-0.,-1.,0.));
#13593=DIRECTION('',(-0.492227979274605,0.,0.870466321243527));
#13594=DIRECTION('',(0.,-1.,0.));
#13595=DIRECTION('',(6.12323399573677E-017,1.,3.74939945665464E-033));
#13596=DIRECTION('',(6.12323399573677E-017,1.,3.74939945665464E-033));
#13597=DIRECTION('',(6.12323399573677E-017,1.,3.74939945665464E-033));
#13598=DIRECTION('',(6.12323399573677E-017,1.,3.74939945665464E-033));
#13599=DIRECTION('',(-0.,-0.,-1.));
#13600=DIRECTION('',(-1.,-0.,-0.));
#13601=DIRECTION('',(1.,-0.,-0.));
#13602=DIRECTION('',(-0.,-0.,-1.));
#13603=DIRECTION('',(-1.,-0.,-0.));
#13604=DIRECTION('',(-0.,-0.,1.));
#13605=DIRECTION('',(1.,-0.,-0.));
#13606=DIRECTION('',(6.12323399573677E-017,1.,3.74939945665464E-033));
#13607=DIRECTION('',(6.12323399573677E-017,1.,3.74939945665464E-033));
#13608=DIRECTION('',(6.12323399573677E-017,1.,3.74939945665464E-033));
#13609=DIRECTION('',(6.12323399573677E-017,1.,3.74939945665464E-033));
#13610=DIRECTION('',(1.,0.,0.));
#13611=DIRECTION('',(0.,0.,1.));
#13612=DIRECTION('',(-1.,0.,0.));
#13613=DIRECTION('',(-9.473903143468E-014,-0.,-1.));
#13614=DIRECTION('',(1.,0.,0.));
#13615=DIRECTION('',(0.,0.,1.));
#13616=DIRECTION('',(-1.,0.,0.));
#13617=DIRECTION('',(6.12323399573677E-017,1.,3.74939945665464E-033));
#13618=DIRECTION('',(6.12323399573677E-017,1.,3.74939945665464E-033));
#13619=DIRECTION('',(6.12323399573677E-017,1.,3.74939945665464E-033));
#13620=DIRECTION('',(-1.,0.,0.));
#13621=DIRECTION('',(-0.,-1.,0.));
#13622=DIRECTION('',(-0.492227979274605,0.,0.870466321243527));
#13623=DIRECTION('',(0.,-1.,0.));
#13624=DIRECTION('',(-1.,0.,0.));
#13625=DIRECTION('',(-0.,-1.,0.));
#13626=DIRECTION('',(-0.492227979274605,0.,0.870466321243527));
#13627=DIRECTION('',(0.,-1.,0.));
#13628=DIRECTION('',(6.12323399573677E-017,1.,3.74939945665464E-033));
#13629=DIRECTION('',(6.12323399573677E-017,1.,3.74939945665464E-033));
#13630=DIRECTION('',(6.12323399573677E-017,1.,3.74939945665464E-033));
#13631=DIRECTION('',(6.12323399573677E-017,1.,3.74939945665464E-033));
#13632=DIRECTION('',(-0.,-0.,-1.));
#13633=DIRECTION('',(-1.,-0.,-0.));
#13634=DIRECTION('',(1.,-0.,-0.));
#13635=DIRECTION('',(-0.,-0.,-1.));
#13636=DIRECTION('',(-1.,-0.,-0.));
#13637=DIRECTION('',(-0.,-0.,1.));
#13638=DIRECTION('',(1.,-0.,-0.));
#13639=DIRECTION('',(6.12323399573677E-017,1.,3.74939945665464E-033));
#13640=DIRECTION('',(6.12323399573677E-017,1.,3.74939945665464E-033));
#13641=DIRECTION('',(6.12323399573677E-017,1.,3.74939945665464E-033));
#13642=DIRECTION('',(6.12323399573677E-017,1.,3.74939945665464E-033));
#13643=DIRECTION('',(1.,0.,0.));
#13644=DIRECTION('',(0.,0.,1.));
#13645=DIRECTION('',(-1.,0.,0.));
#13646=DIRECTION('',(-9.473903143468E-014,-0.,-1.));
#13647=DIRECTION('',(1.,0.,0.));
#13648=DIRECTION('',(0.,0.,1.));
#13649=DIRECTION('',(-1.,0.,0.));
#13650=DIRECTION('',(6.12323399573677E-017,1.,3.74939945665464E-033));
#13651=DIRECTION('',(6.12323399573677E-017,1.,3.74939945665464E-033));
#13652=DIRECTION('',(6.12323399573677E-017,1.,3.74939945665464E-033));
#13653=DIRECTION('',(6.12323399573677E-017,1.,3.74939945665464E-033));
#13654=DIRECTION('',(-0.,-0.,-1.));
#13655=DIRECTION('',(-1.,-0.,-0.));
#13656=DIRECTION('',(1.,-0.,-0.));
#13657=DIRECTION('',(-0.,-0.,-1.));
#13658=DIRECTION('',(-1.,-0.,-0.));
#13659=DIRECTION('',(-0.,-0.,1.));
#13660=DIRECTION('',(1.,-0.,-0.));
#13661=DIRECTION('',(6.12323399573677E-017,1.,3.74939945665464E-033));
#13662=DIRECTION('',(6.12323399573677E-017,1.,3.74939945665464E-033));
#13663=DIRECTION('',(6.12323399573677E-017,1.,3.74939945665464E-033));
#13664=DIRECTION('',(0.,0.,1.));
#13665=DIRECTION('',(-1.,0.,0.));
#13666=DIRECTION('',(-9.473903143468E-014,-0.,-1.));
#13667=DIRECTION('',(1.,0.,0.));
#13668=DIRECTION('',(0.,0.,1.));
#13669=DIRECTION('',(-1.,0.,0.));
#13670=DIRECTION('',(6.12323399573677E-017,1.,3.74939945665464E-033));
#13671=DIRECTION('',(6.12323399573677E-017,1.,3.74939945665464E-033));
#13672=DIRECTION('',(6.12323399573677E-017,1.,3.74939945665464E-033));
#13673=DIRECTION('',(-1.,0.,2.06167840427801E-015));
#13674=DIRECTION('',(-0.,-1.,0.));
#13675=DIRECTION('',(-0.492227979274611,0.,0.870466321243524));
#13676=DIRECTION('',(0.,-1.,0.));
#13677=DIRECTION('',(-1.,0.,2.06167840427801E-015));
#13678=DIRECTION('',(-0.,-1.,0.));
#13679=DIRECTION('',(-0.492227979274611,0.,0.870466321243524));
#13680=DIRECTION('',(0.,-1.,0.));
#13681=DIRECTION('',(6.12323399573677E-017,1.,3.74939945665464E-033));
#13682=DIRECTION('',(6.12323399573677E-017,1.,3.74939945665464E-033));
#13683=DIRECTION('',(6.12323399573677E-017,1.,3.74939945665464E-033));
#13684=DIRECTION('',(6.12323399573677E-017,1.,3.74939945665464E-033));
#13685=DIRECTION('',(-0.,-0.,-1.));
#13686=DIRECTION('',(-1.,-0.,-0.));
#13687=DIRECTION('',(1.,-0.,-0.));
#13688=DIRECTION('',(-0.,-0.,-1.));
#13689=DIRECTION('',(-1.,-0.,-0.));
#13690=DIRECTION('',(-0.,-0.,1.));
#13691=DIRECTION('',(1.,-0.,-0.));
#13692=DIRECTION('',(6.12323399573677E-017,1.,3.74939945665464E-033));
#13693=DIRECTION('',(6.12323399573677E-017,1.,3.74939945665464E-033));
#13694=DIRECTION('',(6.12323399573677E-017,1.,3.74939945665464E-033));
#13695=DIRECTION('',(6.12323399573677E-017,1.,3.74939945665464E-033));
#13696=DIRECTION('',(1.,0.,1.42108547152E-014));
#13697=DIRECTION('',(0.,0.,1.));
#13698=DIRECTION('',(-1.,0.,0.));
#13699=DIRECTION('',(-9.473903143468E-014,-0.,-1.));
#13700=DIRECTION('',(1.,0.,1.42108547152E-014));
#13701=DIRECTION('',(0.,0.,1.));
#13702=DIRECTION('',(-1.,0.,0.));
#13703=DIRECTION('',(6.12323399573677E-017,1.,3.74939945665464E-033));
#13704=DIRECTION('',(6.12323399573677E-017,1.,3.74939945665464E-033));
#13705=DIRECTION('',(6.12323399573677E-017,1.,3.74939945665464E-033));
#13706=DIRECTION('',(-1.,-0.,-2.061678404278E-015));
#13707=DIRECTION('',(0.,-1.,0.));
#13708=DIRECTION('',(-0.492227979274616,0.,0.870466321243521));
#13709=DIRECTION('',(0.,-1.,0.));
#13710=DIRECTION('',(-1.,-0.,-2.061678404278E-015));
#13711=DIRECTION('',(0.,-1.,0.));
#13712=DIRECTION('',(-0.492227979274616,0.,0.870466321243521));
#13713=DIRECTION('',(0.,-1.,0.));
#13714=DIRECTION('',(6.12323399573677E-017,1.,3.74939945665464E-033));
#13715=DIRECTION('',(6.12323399573677E-017,1.,3.74939945665464E-033));
#13716=DIRECTION('',(6.12323399573677E-017,1.,3.74939945665464E-033));
#13717=DIRECTION('',(6.12323399573677E-017,1.,3.74939945665464E-033));
#13718=DIRECTION('',(-0.,-0.,-1.));
#13719=DIRECTION('',(-1.,-0.,-0.));
#13720=DIRECTION('',(1.,-0.,-0.));
#13721=DIRECTION('',(-0.,-0.,-1.));
#13722=DIRECTION('',(-1.,-0.,-0.));
#13723=DIRECTION('',(-0.,-0.,1.));
#13724=DIRECTION('',(1.,-0.,-0.));
#13725=DIRECTION('',(6.12323399573677E-017,1.,3.74939945665464E-033));
#13726=DIRECTION('',(6.12323399573677E-017,1.,3.74939945665464E-033));
#13727=DIRECTION('',(6.12323399573677E-017,1.,3.74939945665464E-033));
#13728=DIRECTION('',(-1.,0.,2.06167840427801E-015));
#13729=DIRECTION('',(-0.,-1.,0.));
#13730=DIRECTION('',(-0.492227979274611,0.,0.870466321243524));
#13731=DIRECTION('',(0.,-1.,0.));
#13732=DIRECTION('',(-1.,0.,2.06167840427801E-015));
#13733=DIRECTION('',(-0.,-1.,0.));
#13734=DIRECTION('',(-0.492227979274611,0.,0.870466321243524));
#13735=DIRECTION('',(0.,-1.,0.));
#13736=DIRECTION('',(6.12323399573677E-017,1.,3.74939945665464E-033));
#13737=DIRECTION('',(6.12323399573677E-017,1.,3.74939945665464E-033));
#13738=DIRECTION('',(6.12323399573677E-017,1.,3.74939945665464E-033));
#13739=DIRECTION('',(6.12323399573677E-017,1.,3.74939945665464E-033));
#13740=DIRECTION('',(-0.,-0.,-1.));
#13741=DIRECTION('',(-1.,-0.,-0.));
#13742=DIRECTION('',(1.,-0.,-0.));
#13743=DIRECTION('',(-0.,-0.,-1.));
#13744=DIRECTION('',(-1.,-0.,-0.));
#13745=DIRECTION('',(-0.,-0.,1.));
#13746=DIRECTION('',(1.,-0.,-0.));
#13747=DIRECTION('',(6.12323399573677E-017,1.,3.74939945665464E-033));
#13748=DIRECTION('',(6.12323399573677E-017,1.,3.74939945665464E-033));
#13749=DIRECTION('',(6.12323399573677E-017,1.,3.74939945665464E-033));
#13750=DIRECTION('',(-1.,0.,2.06167840427801E-015));
#13751=DIRECTION('',(-0.,-1.,0.));
#13752=DIRECTION('',(-0.492227979274612,0.,0.870466321243523));
#13753=DIRECTION('',(0.,-1.,0.));
#13754=DIRECTION('',(-1.,0.,2.06167840427801E-015));
#13755=DIRECTION('',(-0.,-1.,0.));
#13756=DIRECTION('',(-0.492227979274612,0.,0.870466321243523));
#13757=DIRECTION('',(0.,-1.,0.));
#13758=DIRECTION('',(6.12323399573677E-017,1.,3.74939945665464E-033));
#13759=DIRECTION('',(6.12323399573677E-017,1.,3.74939945665464E-033));
#13760=DIRECTION('',(6.12323399573677E-017,1.,3.74939945665464E-033));
#13761=DIRECTION('',(6.12323399573677E-017,1.,3.74939945665464E-033));
#13762=DIRECTION('',(-0.,-0.,-1.));
#13763=DIRECTION('',(-1.,-0.,-0.));
#13764=DIRECTION('',(1.,-0.,-0.));
#13765=DIRECTION('',(-0.,-0.,-1.));
#13766=DIRECTION('',(-1.,-0.,-0.));
#13767=DIRECTION('',(-0.,-0.,1.));
#13768=DIRECTION('',(1.,-0.,-0.));
#13769=DIRECTION('',(6.12323399573677E-017,1.,3.74939945665464E-033));
#13770=DIRECTION('',(6.12323399573677E-017,1.,3.74939945665464E-033));
#13771=DIRECTION('',(6.12323399573677E-017,1.,3.74939945665464E-033));
#13772=DIRECTION('',(6.12323399573677E-017,1.,3.74939945665464E-033));
#13773=DIRECTION('',(1.,0.,1.42108547152E-014));
#13774=DIRECTION('',(0.,0.,1.));
#13775=DIRECTION('',(-1.,0.,0.));
#13776=DIRECTION('',(-9.473903143468E-014,-0.,-1.));
#13777=DIRECTION('',(1.,0.,1.42108547152E-014));
#13778=DIRECTION('',(0.,0.,1.));
#13779=DIRECTION('',(-1.,0.,0.));
#13780=DIRECTION('',(6.12323399573677E-017,1.,3.74939945665464E-033));
#13781=DIRECTION('',(6.12323399573677E-017,1.,3.74939945665464E-033));
#13782=DIRECTION('',(6.12323399573677E-017,1.,3.74939945665464E-033));
#13783=DIRECTION('',(-1.,0.,2.06167840427801E-015));
#13784=DIRECTION('',(-0.,-1.,0.));
#13785=DIRECTION('',(-0.492227979274612,0.,0.870466321243523));
#13786=DIRECTION('',(0.,-1.,0.));
#13787=DIRECTION('',(-1.,0.,2.06167840427801E-015));
#13788=DIRECTION('',(-0.,-1.,0.));
#13789=DIRECTION('',(-0.492227979274612,0.,0.870466321243523));
#13790=DIRECTION('',(0.,-1.,0.));
#13791=DIRECTION('',(6.12323399573677E-017,1.,3.74939945665464E-033));
#13792=DIRECTION('',(6.12323399573677E-017,1.,3.74939945665464E-033));
#13793=DIRECTION('',(6.12323399573677E-017,1.,3.74939945665464E-033));
#13794=DIRECTION('',(6.12323399573677E-017,1.,3.74939945665464E-033));
#13795=DIRECTION('',(-0.,-0.,-1.));
#13796=DIRECTION('',(-1.,-0.,-0.));
#13797=DIRECTION('',(1.,-0.,-0.));
#13798=DIRECTION('',(-0.,-0.,-1.));
#13799=DIRECTION('',(-1.,-0.,-0.));
#13800=DIRECTION('',(-0.,-0.,1.));
#13801=DIRECTION('',(1.,-0.,-0.));
#13802=DIRECTION('',(6.12323399573677E-017,1.,3.74939945665464E-033));
#13803=DIRECTION('',(6.12323399573677E-017,1.,3.74939945665464E-033));
#13804=DIRECTION('',(6.12323399573677E-017,1.,3.74939945665464E-033));
#13805=DIRECTION('',(6.12323399573677E-017,1.,3.74939945665464E-033));
#13806=DIRECTION('',(1.,0.,1.42108547152E-014));
#13807=DIRECTION('',(0.,0.,1.));
#13808=DIRECTION('',(-1.,0.,0.));
#13809=DIRECTION('',(-9.473903143468E-014,-0.,-1.));
#13810=DIRECTION('',(1.,0.,1.42108547152E-014));
#13811=DIRECTION('',(0.,0.,1.));
#13812=DIRECTION('',(-1.,0.,0.));
#13813=DIRECTION('',(6.12323399573677E-017,1.,3.74939945665464E-033));
#13814=DIRECTION('',(6.12323399573677E-017,1.,3.74939945665464E-033));
#13815=DIRECTION('',(6.12323399573677E-017,1.,3.74939945665464E-033));
#13816=DIRECTION('',(6.12323399573677E-017,1.,3.74939945665464E-033));
#13817=DIRECTION('',(-0.,-0.,-1.));
#13818=DIRECTION('',(-1.,-0.,-0.));
#13819=DIRECTION('',(1.,-0.,-0.));
#13820=DIRECTION('',(-0.,-0.,-1.));
#13821=DIRECTION('',(-1.,-0.,-0.));
#13822=DIRECTION('',(-0.,-0.,1.));
#13823=DIRECTION('',(1.,-0.,-0.));
#13824=DIRECTION('',(6.12323399573677E-017,1.,3.74939945665464E-033));
#13825=DIRECTION('',(6.12323399573677E-017,1.,3.74939945665464E-033));
#13826=DIRECTION('',(6.12323399573677E-017,1.,3.74939945665464E-033));
#13827=DIRECTION('',(6.12323399573677E-017,1.,3.74939945665464E-033));
#13828=DIRECTION('',(1.,0.,1.42108547152E-014));
#13829=DIRECTION('',(0.,0.,1.));
#13830=DIRECTION('',(-1.,0.,0.));
#13831=DIRECTION('',(-9.473903143468E-014,-0.,-1.));
#13832=DIRECTION('',(1.,0.,1.42108547152E-014));
#13833=DIRECTION('',(0.,0.,1.));
#13834=DIRECTION('',(-1.,0.,0.));
#13835=DIRECTION('',(6.12323399573677E-017,1.,3.74939945665464E-033));
#13836=DIRECTION('',(6.12323399573677E-017,1.,3.74939945665464E-033));
#13837=DIRECTION('',(6.12323399573677E-017,1.,3.74939945665464E-033));
#13838=DIRECTION('',(-1.,0.,2.06167840427801E-015));
#13839=DIRECTION('',(-0.,-1.,0.));
#13840=DIRECTION('',(-0.492227979274612,0.,0.870466321243523));
#13841=DIRECTION('',(0.,-1.,0.));
#13842=DIRECTION('',(-1.,0.,2.06167840427801E-015));
#13843=DIRECTION('',(-0.,-1.,0.));
#13844=DIRECTION('',(-0.492227979274612,0.,0.870466321243523));
#13845=DIRECTION('',(0.,-1.,0.));
#13846=DIRECTION('',(6.12323399573677E-017,1.,3.74939945665464E-033));
#13847=DIRECTION('',(6.12323399573677E-017,1.,3.74939945665464E-033));
#13848=DIRECTION('',(6.12323399573677E-017,1.,3.74939945665464E-033));
#13849=DIRECTION('',(6.12323399573677E-017,1.,3.74939945665464E-033));
#13850=DIRECTION('',(1.,0.,1.42108547152E-014));
#13851=DIRECTION('',(0.,0.,1.));
#13852=DIRECTION('',(-1.,0.,0.));
#13853=DIRECTION('',(-9.473903143468E-014,-0.,-1.));
#13854=DIRECTION('',(1.,0.,1.42108547152E-014));
#13855=DIRECTION('',(0.,0.,1.));
#13856=DIRECTION('',(-1.,0.,0.));
#13857=DIRECTION('',(6.12323399573677E-017,1.,3.74939945665464E-033));
#13858=DIRECTION('',(6.12323399573677E-017,1.,3.74939945665464E-033));
#13859=DIRECTION('',(6.12323399573677E-017,1.,3.74939945665464E-033));
#13860=DIRECTION('',(-1.,0.,2.06167840427801E-015));
#13861=DIRECTION('',(-0.,-1.,0.));
#13862=DIRECTION('',(-0.492227979274611,0.,0.870466321243524));
#13863=DIRECTION('',(0.,-1.,0.));
#13864=DIRECTION('',(-1.,0.,2.06167840427801E-015));
#13865=DIRECTION('',(-0.,-1.,0.));
#13866=DIRECTION('',(-0.492227979274611,0.,0.870466321243524));
#13867=DIRECTION('',(0.,-1.,0.));
#13868=DIRECTION('',(6.12323399573677E-017,1.,3.74939945665464E-033));
#13869=DIRECTION('',(6.12323399573677E-017,1.,3.74939945665464E-033));
#13870=DIRECTION('',(6.12323399573677E-017,1.,3.74939945665464E-033));
#13871=DIRECTION('',(6.12323399573677E-017,1.,3.74939945665464E-033));
#13872=DIRECTION('',(-0.,-0.,-1.));
#13873=DIRECTION('',(-1.,-0.,-0.));
#13874=DIRECTION('',(1.,-0.,-0.));
#13875=DIRECTION('',(-0.,-0.,-1.));
#13876=DIRECTION('',(-1.,-0.,-0.));
#13877=DIRECTION('',(-0.,-0.,1.));
#13878=DIRECTION('',(1.,-0.,-0.));
#13879=DIRECTION('',(6.12323399573677E-017,1.,3.74939945665464E-033));
#13880=DIRECTION('',(6.12323399573677E-017,1.,3.74939945665464E-033));
#13881=DIRECTION('',(6.12323399573677E-017,1.,3.74939945665464E-033));
#13882=DIRECTION('',(6.12323399573677E-017,1.,3.74939945665464E-033));
#13883=DIRECTION('',(1.,0.,1.42108547152E-014));
#13884=DIRECTION('',(0.,0.,1.));
#13885=DIRECTION('',(-1.,0.,0.));
#13886=DIRECTION('',(-9.473903143468E-014,-0.,-1.));
#13887=DIRECTION('',(1.,0.,1.42108547152E-014));
#13888=DIRECTION('',(0.,0.,1.));
#13889=DIRECTION('',(-1.,0.,0.));
#13890=DIRECTION('',(6.12323399573677E-017,1.,3.74939945665464E-033));
#13891=DIRECTION('',(6.12323399573677E-017,1.,3.74939945665464E-033));
#13892=DIRECTION('',(6.12323399573677E-017,1.,3.74939945665464E-033));
#13893=DIRECTION('',(-1.,0.,0.));
#13894=DIRECTION('',(-0.,-1.,0.));
#13895=DIRECTION('',(-0.492227979274611,0.,0.870466321243524));
#13896=DIRECTION('',(0.,-1.,0.));
#13897=DIRECTION('',(-1.,0.,0.));
#13898=DIRECTION('',(-0.,-1.,0.));
#13899=DIRECTION('',(-0.492227979274611,0.,0.870466321243524));
#13900=DIRECTION('',(0.,-1.,0.));
#13901=DIRECTION('',(6.12323399573677E-017,1.,3.74939945665464E-033));
#13902=DIRECTION('',(6.12323399573677E-017,1.,3.74939945665464E-033));
#13903=DIRECTION('',(6.12323399573677E-017,1.,3.74939945665464E-033));
#13904=DIRECTION('',(6.12323399573677E-017,1.,3.74939945665464E-033));
#13905=DIRECTION('',(-0.,-0.,-1.));
#13906=DIRECTION('',(-1.,-0.,-0.));
#13907=DIRECTION('',(1.,-0.,-0.));
#13908=DIRECTION('',(-0.,-0.,-1.));
#13909=DIRECTION('',(-1.,-0.,-0.));
#13910=DIRECTION('',(-0.,-0.,1.));
#13911=DIRECTION('',(1.,-0.,-0.));
#13912=DIRECTION('',(6.12323399573677E-017,1.,3.74939945665464E-033));
#13913=DIRECTION('',(6.12323399573677E-017,1.,3.74939945665464E-033));
#13914=DIRECTION('',(6.12323399573677E-017,1.,3.74939945665464E-033));
#13915=DIRECTION('',(6.12323399573677E-017,1.,3.74939945665464E-033));
#13916=DIRECTION('',(1.,0.,0.));
#13917=DIRECTION('',(0.,0.,1.));
#13918=DIRECTION('',(-1.,0.,0.));
#13919=DIRECTION('',(-9.473903143468E-014,-0.,-1.));
#13920=DIRECTION('',(1.,0.,0.));
#13921=DIRECTION('',(0.,0.,1.));
#13922=DIRECTION('',(-1.,0.,0.));
#13923=DIRECTION('',(6.12323399573677E-017,1.,3.74939945665464E-033));
#13924=DIRECTION('',(6.12323399573677E-017,1.,3.74939945665464E-033));
#13925=DIRECTION('',(6.12323399573677E-017,1.,3.74939945665464E-033));
#13926=DIRECTION('',(-1.,0.,0.));
#13927=DIRECTION('',(-0.,-1.,0.));
#13928=DIRECTION('',(-0.492227979274611,0.,0.870466321243524));
#13929=DIRECTION('',(0.,-1.,0.));
#13930=DIRECTION('',(-1.,0.,0.));
#13931=DIRECTION('',(-0.,-1.,0.));
#13932=DIRECTION('',(-0.492227979274611,0.,0.870466321243524));
#13933=DIRECTION('',(0.,-1.,0.));
#13934=DIRECTION('',(6.12323399573677E-017,1.,3.74939945665464E-033));
#13935=DIRECTION('',(6.12323399573677E-017,1.,3.74939945665464E-033));
#13936=DIRECTION('',(6.12323399573677E-017,1.,3.74939945665464E-033));
#13937=DIRECTION('',(6.12323399573677E-017,1.,3.74939945665464E-033));
#13938=DIRECTION('',(-0.,-0.,-1.));
#13939=DIRECTION('',(-1.,-0.,-0.));
#13940=DIRECTION('',(1.,-0.,-0.));
#13941=DIRECTION('',(-0.,-0.,-1.));
#13942=DIRECTION('',(-1.,-0.,-0.));
#13943=DIRECTION('',(-0.,-0.,1.));
#13944=DIRECTION('',(1.,-0.,-0.));
#13945=DIRECTION('',(6.12323399573677E-017,1.,3.74939945665464E-033));
#13946=DIRECTION('',(6.12323399573677E-017,1.,3.74939945665464E-033));
#13947=DIRECTION('',(6.12323399573677E-017,1.,3.74939945665464E-033));
#13948=DIRECTION('',(6.12323399573677E-017,1.,3.74939945665464E-033));
#13949=DIRECTION('',(1.,0.,0.));
#13950=DIRECTION('',(0.,0.,1.));
#13951=DIRECTION('',(-1.,0.,0.));
#13952=DIRECTION('',(-9.473903143468E-014,-0.,-1.));
#13953=DIRECTION('',(1.,0.,0.));
#13954=DIRECTION('',(0.,0.,1.));
#13955=DIRECTION('',(-1.,0.,0.));
#13956=DIRECTION('',(6.12323399573677E-017,1.,3.74939945665464E-033));
#13957=DIRECTION('',(6.12323399573677E-017,1.,3.74939945665464E-033));
#13958=DIRECTION('',(6.12323399573677E-017,1.,3.74939945665464E-033));
#13959=DIRECTION('',(-1.,0.,0.));
#13960=DIRECTION('',(-0.,-1.,0.));
#13961=DIRECTION('',(-0.492227979274611,0.,0.870466321243524));
#13962=DIRECTION('',(0.,-1.,0.));
#13963=DIRECTION('',(-1.,0.,0.));
#13964=DIRECTION('',(-0.,-1.,0.));
#13965=DIRECTION('',(-0.492227979274611,0.,0.870466321243524));
#13966=DIRECTION('',(0.,-1.,0.));
#13967=DIRECTION('',(6.12323399573677E-017,1.,3.74939945665464E-033));
#13968=DIRECTION('',(6.12323399573677E-017,1.,3.74939945665464E-033));
#13969=DIRECTION('',(6.12323399573677E-017,1.,3.74939945665464E-033));
#13970=DIRECTION('',(6.12323399573677E-017,1.,3.74939945665464E-033));
#13971=DIRECTION('',(-0.,-0.,-1.));
#13972=DIRECTION('',(-1.,-0.,-0.));
#13973=DIRECTION('',(1.,-0.,-0.));
#13974=DIRECTION('',(-0.,-0.,-1.));
#13975=DIRECTION('',(-1.,-0.,-0.));
#13976=DIRECTION('',(-0.,-0.,1.));
#13977=DIRECTION('',(1.,-0.,-0.));
#13978=DIRECTION('',(6.12323399573677E-017,1.,3.74939945665464E-033));
#13979=DIRECTION('',(6.12323399573677E-017,1.,3.74939945665464E-033));
#13980=DIRECTION('',(6.12323399573677E-017,1.,3.74939945665464E-033));
#13981=DIRECTION('',(6.12323399573677E-017,1.,3.74939945665464E-033));
#13982=DIRECTION('',(1.,0.,0.));
#13983=DIRECTION('',(0.,0.,1.));
#13984=DIRECTION('',(-1.,0.,0.));
#13985=DIRECTION('',(-9.473903143468E-014,-0.,-1.));
#13986=DIRECTION('',(1.,0.,0.));
#13987=DIRECTION('',(0.,0.,1.));
#13988=DIRECTION('',(-1.,0.,0.));
#13989=DIRECTION('',(6.12323399573677E-017,1.,3.74939945665464E-033));
#13990=DIRECTION('',(6.12323399573677E-017,1.,3.74939945665464E-033));
#13991=DIRECTION('',(6.12323399573677E-017,1.,3.74939945665464E-033));
#13992=DIRECTION('',(-1.,0.,0.));
#13993=DIRECTION('',(-0.,-1.,0.));
#13994=DIRECTION('',(-0.492227979274611,0.,0.870466321243524));
#13995=DIRECTION('',(0.,-1.,0.));
#13996=DIRECTION('',(-1.,0.,0.));
#13997=DIRECTION('',(-0.,-1.,0.));
#13998=DIRECTION('',(-0.492227979274611,0.,0.870466321243524));
#13999=DIRECTION('',(0.,-1.,0.));
#14000=DIRECTION('',(6.12323399573677E-017,1.,3.74939945665464E-033));
#14001=DIRECTION('',(6.12323399573677E-017,1.,3.74939945665464E-033));
#14002=DIRECTION('',(6.12323399573677E-017,1.,3.74939945665464E-033));
#14003=DIRECTION('',(6.12323399573677E-017,1.,3.74939945665464E-033));
#14004=DIRECTION('',(-0.,-0.,-1.));
#14005=DIRECTION('',(-1.,-0.,-0.));
#14006=DIRECTION('',(1.,-0.,-0.));
#14007=DIRECTION('',(-0.,-0.,-1.));
#14008=DIRECTION('',(-1.,-0.,-0.));
#14009=DIRECTION('',(-0.,-0.,1.));
#14010=DIRECTION('',(1.,-0.,-0.));
#14011=DIRECTION('',(6.12323399573677E-017,1.,3.74939945665464E-033));
#14012=DIRECTION('',(6.12323399573677E-017,1.,3.74939945665464E-033));
#14013=DIRECTION('',(6.12323399573677E-017,1.,3.74939945665464E-033));
#14014=DIRECTION('',(6.12323399573677E-017,1.,3.74939945665464E-033));
#14015=DIRECTION('',(1.,0.,0.));
#14016=DIRECTION('',(0.,0.,1.));
#14017=DIRECTION('',(-1.,0.,0.));
#14018=DIRECTION('',(-9.473903143468E-014,-0.,-1.));
#14019=DIRECTION('',(1.,0.,0.));
#14020=DIRECTION('',(0.,0.,1.));
#14021=DIRECTION('',(-1.,0.,0.));
#14022=DIRECTION('',(6.12323399573677E-017,1.,3.74939945665464E-033));
#14023=DIRECTION('',(6.12323399573677E-017,1.,3.74939945665464E-033));
#14024=DIRECTION('',(6.12323399573677E-017,1.,3.74939945665464E-033));
#14025=DIRECTION('',(-1.,0.,0.));
#14026=DIRECTION('',(-0.,-1.,0.));
#14027=DIRECTION('',(-0.492227979274611,0.,0.870466321243524));
#14028=DIRECTION('',(0.,-1.,0.));
#14029=DIRECTION('',(-1.,0.,0.));
#14030=DIRECTION('',(-0.,-1.,0.));
#14031=DIRECTION('',(-0.492227979274611,0.,0.870466321243524));
#14032=DIRECTION('',(0.,-1.,0.));
#14033=DIRECTION('',(6.12323399573677E-017,1.,3.74939945665464E-033));
#14034=DIRECTION('',(6.12323399573677E-017,1.,3.74939945665464E-033));
#14035=DIRECTION('',(6.12323399573677E-017,1.,3.74939945665464E-033));
#14036=DIRECTION('',(6.12323399573677E-017,1.,3.74939945665464E-033));
#14037=DIRECTION('',(-0.,-0.,-1.));
#14038=DIRECTION('',(-1.,-0.,-0.));
#14039=DIRECTION('',(1.,-0.,-0.));
#14040=DIRECTION('',(-0.,-0.,-1.));
#14041=DIRECTION('',(-1.,-0.,-0.));
#14042=DIRECTION('',(-0.,-0.,1.));
#14043=DIRECTION('',(1.,-0.,-0.));
#14044=DIRECTION('',(6.12323399573677E-017,1.,3.74939945665464E-033));
#14045=DIRECTION('',(6.12323399573677E-017,1.,3.74939945665464E-033));
#14046=DIRECTION('',(6.12323399573677E-017,1.,3.74939945665464E-033));
#14047=DIRECTION('',(6.12323399573677E-017,1.,3.74939945665464E-033));
#14048=DIRECTION('',(1.,0.,0.));
#14049=DIRECTION('',(0.,0.,1.));
#14050=DIRECTION('',(-1.,0.,0.));
#14051=DIRECTION('',(-9.473903143468E-014,-0.,-1.));
#14052=DIRECTION('',(1.,0.,0.));
#14053=DIRECTION('',(0.,0.,1.));
#14054=DIRECTION('',(-1.,0.,0.));
#14055=DIRECTION('',(6.12323399573677E-017,1.,3.74939945665464E-033));
#14056=DIRECTION('',(6.12323399573677E-017,1.,3.74939945665464E-033));
#14057=DIRECTION('',(6.12323399573677E-017,1.,3.74939945665464E-033));
#14058=DIRECTION('',(-1.,0.,0.));
#14059=DIRECTION('',(-0.,-1.,0.));
#14060=DIRECTION('',(-0.492227979274611,0.,0.870466321243524));
#14061=DIRECTION('',(0.,-1.,0.));
#14062=DIRECTION('',(-1.,0.,0.));
#14063=DIRECTION('',(-0.,-1.,0.));
#14064=DIRECTION('',(-0.492227979274611,0.,0.870466321243524));
#14065=DIRECTION('',(0.,-1.,0.));
#14066=DIRECTION('',(6.12323399573677E-017,1.,3.74939945665464E-033));
#14067=DIRECTION('',(6.12323399573677E-017,1.,3.74939945665464E-033));
#14068=DIRECTION('',(6.12323399573677E-017,1.,3.74939945665464E-033));
#14069=DIRECTION('',(6.12323399573677E-017,1.,3.74939945665464E-033));
#14070=DIRECTION('',(-0.,-0.,-1.));
#14071=DIRECTION('',(-1.,-0.,-0.));
#14072=DIRECTION('',(1.,-0.,-0.));
#14073=DIRECTION('',(-0.,-0.,-1.));
#14074=DIRECTION('',(-1.,-0.,-0.));
#14075=DIRECTION('',(-0.,-0.,1.));
#14076=DIRECTION('',(1.,-0.,-0.));
#14077=DIRECTION('',(6.12323399573677E-017,1.,3.74939945665464E-033));
#14078=DIRECTION('',(6.12323399573677E-017,1.,3.74939945665464E-033));
#14079=DIRECTION('',(6.12323399573677E-017,1.,3.74939945665464E-033));
#14080=DIRECTION('',(6.12323399573677E-017,1.,3.74939945665464E-033));
#14081=DIRECTION('',(1.,0.,0.));
#14082=DIRECTION('',(0.,0.,1.));
#14083=DIRECTION('',(-1.,0.,0.));
#14084=DIRECTION('',(-9.473903143468E-014,-0.,-1.));
#14085=DIRECTION('',(1.,0.,0.));
#14086=DIRECTION('',(0.,0.,1.));
#14087=DIRECTION('',(-1.,0.,0.));
#14088=DIRECTION('',(6.12323399573677E-017,1.,3.74939945665464E-033));
#14089=DIRECTION('',(6.12323399573677E-017,1.,3.74939945665464E-033));
#14090=DIRECTION('',(6.12323399573677E-017,1.,3.74939945665464E-033));
#14091=DIRECTION('',(-1.,0.,0.));
#14092=DIRECTION('',(-0.,-1.,0.));
#14093=DIRECTION('',(-0.492227979274601,0.,0.870466321243529));
#14094=DIRECTION('',(0.,-1.,0.));
#14095=DIRECTION('',(-1.,0.,0.));
#14096=DIRECTION('',(-0.,-1.,0.));
#14097=DIRECTION('',(-0.492227979274601,0.,0.870466321243529));
#14098=DIRECTION('',(0.,-1.,0.));
#14099=DIRECTION('',(6.12323399573677E-017,1.,3.74939945665464E-033));
#14100=DIRECTION('',(6.12323399573677E-017,1.,3.74939945665464E-033));
#14101=DIRECTION('',(6.12323399573677E-017,1.,3.74939945665464E-033));
#14102=DIRECTION('',(6.12323399573677E-017,1.,3.74939945665464E-033));
#14103=DIRECTION('',(-0.,-0.,-1.));
#14104=DIRECTION('',(-1.,-0.,-0.));
#14105=DIRECTION('',(1.,-0.,-0.));
#14106=DIRECTION('',(-0.,-0.,-1.));
#14107=DIRECTION('',(-1.,-0.,-0.));
#14108=DIRECTION('',(-0.,-0.,1.));
#14109=DIRECTION('',(1.,-0.,-0.));
#14110=DIRECTION('',(6.12323399573677E-017,1.,3.74939945665464E-033));
#14111=DIRECTION('',(6.12323399573677E-017,1.,3.74939945665464E-033));
#14112=DIRECTION('',(6.12323399573677E-017,1.,3.74939945665464E-033));
#14113=DIRECTION('',(6.12323399573677E-017,1.,3.74939945665464E-033));
#14114=DIRECTION('',(1.,0.,0.));
#14115=DIRECTION('',(0.,0.,1.));
#14116=DIRECTION('',(-1.,0.,0.));
#14117=DIRECTION('',(-9.473903143468E-014,-0.,-1.));
#14118=DIRECTION('',(1.,0.,0.));
#14119=DIRECTION('',(0.,0.,1.));
#14120=DIRECTION('',(-1.,0.,0.));
#14121=DIRECTION('',(6.12323399573677E-017,1.,3.74939945665464E-033));
#14122=DIRECTION('',(6.12323399573677E-017,1.,3.74939945665464E-033));
#14123=DIRECTION('',(6.12323399573677E-017,1.,3.74939945665464E-033));
#14124=DIRECTION('',(-1.,0.,0.));
#14125=DIRECTION('',(-0.,-1.,0.));
#14126=DIRECTION('',(-0.492227979274601,0.,0.870466321243529));
#14127=DIRECTION('',(0.,-1.,0.));
#14128=DIRECTION('',(-1.,0.,0.));
#14129=DIRECTION('',(-0.,-1.,0.));
#14130=DIRECTION('',(-0.492227979274601,0.,0.870466321243529));
#14131=DIRECTION('',(0.,-1.,0.));
#14132=DIRECTION('',(6.12323399573677E-017,1.,3.74939945665464E-033));
#14133=DIRECTION('',(6.12323399573677E-017,1.,3.74939945665464E-033));
#14134=DIRECTION('',(6.12323399573677E-017,1.,3.74939945665464E-033));
#14135=DIRECTION('',(6.12323399573677E-017,1.,3.74939945665464E-033));
#14136=DIRECTION('',(-0.,-0.,-1.));
#14137=DIRECTION('',(-1.,-0.,-0.));
#14138=DIRECTION('',(1.,-0.,-0.));
#14139=DIRECTION('',(-0.,-0.,-1.));
#14140=DIRECTION('',(-1.,-0.,-0.));
#14141=DIRECTION('',(-0.,-0.,1.));
#14142=DIRECTION('',(1.,-0.,-0.));
#14143=DIRECTION('',(6.12323399573677E-017,1.,3.74939945665464E-033));
#14144=DIRECTION('',(6.12323399573677E-017,1.,3.74939945665464E-033));
#14145=DIRECTION('',(6.12323399573677E-017,1.,3.74939945665464E-033));
#14146=DIRECTION('',(6.12323399573677E-017,1.,3.74939945665464E-033));
#14147=DIRECTION('',(1.,0.,0.));
#14148=DIRECTION('',(0.,0.,1.));
#14149=DIRECTION('',(-1.,0.,0.));
#14150=DIRECTION('',(-9.473903143468E-014,-0.,-1.));
#14151=DIRECTION('',(1.,0.,0.));
#14152=DIRECTION('',(0.,0.,1.));
#14153=DIRECTION('',(-1.,0.,0.));
#14154=DIRECTION('',(6.12323399573677E-017,1.,3.74939945665464E-033));
#14155=DIRECTION('',(6.12323399573677E-017,1.,3.74939945665464E-033));
#14156=DIRECTION('',(6.12323399573677E-017,1.,3.74939945665464E-033));
#14157=DIRECTION('',(-1.,0.,0.));
#14158=DIRECTION('',(-0.,-1.,0.));
#14159=DIRECTION('',(-0.492227979274601,0.,0.870466321243529));
#14160=DIRECTION('',(0.,-1.,0.));
#14161=DIRECTION('',(-1.,0.,0.));
#14162=DIRECTION('',(-0.,-1.,0.));
#14163=DIRECTION('',(-0.492227979274601,0.,0.870466321243529));
#14164=DIRECTION('',(0.,-1.,0.));
#14165=DIRECTION('',(6.12323399573677E-017,1.,3.74939945665464E-033));
#14166=DIRECTION('',(6.12323399573677E-017,1.,3.74939945665464E-033));
#14167=DIRECTION('',(6.12323399573677E-017,1.,3.74939945665464E-033));
#14168=DIRECTION('',(6.12323399573677E-017,1.,3.74939945665464E-033));
#14169=DIRECTION('',(-0.,-0.,-1.));
#14170=DIRECTION('',(-1.,-0.,-0.));
#14171=DIRECTION('',(1.,-0.,-0.));
#14172=DIRECTION('',(-0.,-0.,-1.));
#14173=DIRECTION('',(-1.,-0.,-0.));
#14174=DIRECTION('',(-0.,-0.,1.));
#14175=DIRECTION('',(1.,-0.,-0.));
#14176=DIRECTION('',(6.12323399573677E-017,1.,3.74939945665464E-033));
#14177=DIRECTION('',(6.12323399573677E-017,1.,3.74939945665464E-033));
#14178=DIRECTION('',(6.12323399573677E-017,1.,3.74939945665464E-033));
#14179=DIRECTION('',(6.12323399573677E-017,1.,3.74939945665464E-033));
#14180=DIRECTION('',(1.,0.,0.));
#14181=DIRECTION('',(0.,0.,1.));
#14182=DIRECTION('',(-1.,0.,0.));
#14183=DIRECTION('',(-9.473903143468E-014,-0.,-1.));
#14184=DIRECTION('',(1.,0.,0.));
#14185=DIRECTION('',(0.,0.,1.));
#14186=DIRECTION('',(-1.,0.,0.));
#14187=DIRECTION('',(6.12323399573677E-017,1.,3.74939945665464E-033));
#14188=DIRECTION('',(6.12323399573677E-017,1.,3.74939945665464E-033));
#14189=DIRECTION('',(6.12323399573677E-017,1.,3.74939945665464E-033));
#14190=DIRECTION('',(-1.,0.,0.));
#14191=DIRECTION('',(-0.,-1.,0.));
#14192=DIRECTION('',(-0.492227979274601,0.,0.870466321243529));
#14193=DIRECTION('',(0.,-1.,0.));
#14194=DIRECTION('',(-1.,0.,0.));
#14195=DIRECTION('',(-0.,-1.,0.));
#14196=DIRECTION('',(-0.492227979274601,0.,0.870466321243529));
#14197=DIRECTION('',(0.,-1.,0.));
#14198=DIRECTION('',(6.12323399573677E-017,1.,3.74939945665464E-033));
#14199=DIRECTION('',(6.12323399573677E-017,1.,3.74939945665464E-033));
#14200=DIRECTION('',(6.12323399573677E-017,1.,3.74939945665464E-033));
#14201=DIRECTION('',(6.12323399573677E-017,1.,3.74939945665464E-033));
#14202=DIRECTION('',(-0.,-0.,-1.));
#14203=DIRECTION('',(-1.,-0.,-0.));
#14204=DIRECTION('',(1.,-0.,-0.));
#14205=DIRECTION('',(-0.,-0.,-1.));
#14206=DIRECTION('',(-1.,-0.,-0.));
#14207=DIRECTION('',(-0.,-0.,1.));
#14208=DIRECTION('',(1.,-0.,-0.));
#14209=DIRECTION('',(6.12323399573677E-017,1.,3.74939945665464E-033));
#14210=DIRECTION('',(6.12323399573677E-017,1.,3.74939945665464E-033));
#14211=DIRECTION('',(6.12323399573677E-017,1.,3.74939945665464E-033));
#14212=DIRECTION('',(6.12323399573677E-017,1.,3.74939945665464E-033));
#14213=DIRECTION('',(1.,0.,0.));
#14214=DIRECTION('',(0.,0.,1.));
#14215=DIRECTION('',(-1.,0.,0.));
#14216=DIRECTION('',(-9.473903143468E-014,-0.,-1.));
#14217=DIRECTION('',(1.,0.,0.));
#14218=DIRECTION('',(0.,0.,1.));
#14219=DIRECTION('',(-1.,0.,0.));
#14220=DIRECTION('',(6.12323399573677E-017,1.,3.74939945665464E-033));
#14221=DIRECTION('',(6.12323399573677E-017,1.,3.74939945665464E-033));
#14222=DIRECTION('',(6.12323399573677E-017,1.,3.74939945665464E-033));
#14223=DIRECTION('',(-1.,0.,0.));
#14224=DIRECTION('',(-0.,-1.,0.));
#14225=DIRECTION('',(-0.492227979274601,0.,0.870466321243529));
#14226=DIRECTION('',(0.,-1.,0.));
#14227=DIRECTION('',(-1.,0.,0.));
#14228=DIRECTION('',(-0.,-1.,0.));
#14229=DIRECTION('',(-0.492227979274601,0.,0.870466321243529));
#14230=DIRECTION('',(0.,-1.,0.));
#14231=DIRECTION('',(6.12323399573677E-017,1.,3.74939945665464E-033));
#14232=DIRECTION('',(6.12323399573677E-017,1.,3.74939945665464E-033));
#14233=DIRECTION('',(6.12323399573677E-017,1.,3.74939945665464E-033));
#14234=DIRECTION('',(6.12323399573677E-017,1.,3.74939945665464E-033));
#14235=DIRECTION('',(-0.,-0.,-1.));
#14236=DIRECTION('',(-1.,-0.,-0.));
#14237=DIRECTION('',(1.,-0.,-0.));
#14238=DIRECTION('',(-0.,-0.,-1.));
#14239=DIRECTION('',(-1.,-0.,-0.));
#14240=DIRECTION('',(-0.,-0.,1.));
#14241=DIRECTION('',(1.,-0.,-0.));
#14242=DIRECTION('',(6.12323399573677E-017,1.,3.74939945665464E-033));
#14243=DIRECTION('',(6.12323399573677E-017,1.,3.74939945665464E-033));
#14244=DIRECTION('',(6.12323399573677E-017,1.,3.74939945665464E-033));
#14245=DIRECTION('',(6.12323399573677E-017,1.,3.74939945665464E-033));
#14246=DIRECTION('',(1.,0.,0.));
#14247=DIRECTION('',(0.,0.,1.));
#14248=DIRECTION('',(-1.,0.,0.));
#14249=DIRECTION('',(-9.473903143468E-014,-0.,-1.));
#14250=DIRECTION('',(1.,0.,0.));
#14251=DIRECTION('',(0.,0.,1.));
#14252=DIRECTION('',(-1.,0.,0.));
#14253=DIRECTION('',(6.12323399573677E-017,1.,3.74939945665464E-033));
#14254=DIRECTION('',(6.12323399573677E-017,1.,3.74939945665464E-033));
#14255=DIRECTION('',(6.12323399573677E-017,1.,3.74939945665464E-033));
#14256=DIRECTION('',(-1.,0.,0.));
#14257=DIRECTION('',(-0.,-1.,0.));
#14258=DIRECTION('',(-0.492227979274601,0.,0.870466321243529));
#14259=DIRECTION('',(0.,-1.,0.));
#14260=DIRECTION('',(-1.,0.,0.));
#14261=DIRECTION('',(-0.,-1.,0.));
#14262=DIRECTION('',(-0.492227979274601,0.,0.870466321243529));
#14263=DIRECTION('',(0.,-1.,0.));
#14264=DIRECTION('',(6.12323399573677E-017,1.,3.74939945665464E-033));
#14265=DIRECTION('',(6.12323399573677E-017,1.,3.74939945665464E-033));
#14266=DIRECTION('',(6.12323399573677E-017,1.,3.74939945665464E-033));
#14267=DIRECTION('',(6.12323399573677E-017,1.,3.74939945665464E-033));
#14268=DIRECTION('',(-0.,-0.,-1.));
#14269=DIRECTION('',(-1.,-0.,-0.));
#14270=DIRECTION('',(1.,-0.,-0.));
#14271=DIRECTION('',(-0.,-0.,-1.));
#14272=DIRECTION('',(-1.,-0.,-0.));
#14273=DIRECTION('',(-0.,-0.,1.));
#14274=DIRECTION('',(1.,-0.,-0.));
#14275=DIRECTION('',(6.12323399573677E-017,1.,3.74939945665464E-033));
#14276=DIRECTION('',(6.12323399573677E-017,1.,3.74939945665464E-033));
#14277=DIRECTION('',(6.12323399573677E-017,1.,3.74939945665464E-033));
#14278=DIRECTION('',(6.12323399573677E-017,1.,3.74939945665464E-033));
#14279=DIRECTION('',(1.,0.,0.));
#14280=DIRECTION('',(0.,0.,1.));
#14281=DIRECTION('',(-1.,0.,0.));
#14282=DIRECTION('',(-9.473903143468E-014,-0.,-1.));
#14283=DIRECTION('',(1.,0.,0.));
#14284=DIRECTION('',(0.,0.,1.));
#14285=DIRECTION('',(-1.,0.,0.));
#14286=DIRECTION('',(6.12323399573677E-017,1.,3.74939945665464E-033));
#14287=DIRECTION('',(6.12323399573677E-017,1.,3.74939945665464E-033));
#14288=DIRECTION('',(6.12323399573677E-017,1.,3.74939945665464E-033));
#14289=DIRECTION('',(-1.,0.,0.));
#14290=DIRECTION('',(-0.,-1.,0.));
#14291=DIRECTION('',(-0.492227979274601,0.,0.870466321243529));
#14292=DIRECTION('',(0.,-1.,0.));
#14293=DIRECTION('',(-1.,0.,0.));
#14294=DIRECTION('',(-0.,-1.,0.));
#14295=DIRECTION('',(-0.492227979274601,0.,0.870466321243529));
#14296=DIRECTION('',(0.,-1.,0.));
#14297=DIRECTION('',(6.12323399573677E-017,1.,3.74939945665464E-033));
#14298=DIRECTION('',(6.12323399573677E-017,1.,3.74939945665464E-033));
#14299=DIRECTION('',(6.12323399573677E-017,1.,3.74939945665464E-033));
#14300=DIRECTION('',(6.12323399573677E-017,1.,3.74939945665464E-033));
#14301=DIRECTION('',(-0.,-0.,-1.));
#14302=DIRECTION('',(-1.,-0.,-0.));
#14303=DIRECTION('',(1.,-0.,-0.));
#14304=DIRECTION('',(-0.,-0.,-1.));
#14305=DIRECTION('',(-1.,-0.,-0.));
#14306=DIRECTION('',(-0.,-0.,1.));
#14307=DIRECTION('',(1.,-0.,-0.));
#14308=DIRECTION('',(6.12323399573677E-017,1.,3.74939945665464E-033));
#14309=DIRECTION('',(6.12323399573677E-017,1.,3.74939945665464E-033));
#14310=DIRECTION('',(6.12323399573677E-017,1.,3.74939945665464E-033));
#14311=DIRECTION('',(6.12323399573677E-017,1.,3.74939945665464E-033));
#14312=DIRECTION('',(1.,0.,0.));
#14313=DIRECTION('',(0.,0.,1.));
#14314=DIRECTION('',(-1.,0.,0.));
#14315=DIRECTION('',(-9.473903143468E-014,-0.,-1.));
#14316=DIRECTION('',(1.,0.,0.));
#14317=DIRECTION('',(0.,0.,1.));
#14318=DIRECTION('',(-1.,0.,0.));
#14319=DIRECTION('',(6.12323399573677E-017,1.,3.74939945665464E-033));
#14320=DIRECTION('',(6.12323399573677E-017,1.,3.74939945665464E-033));
#14321=DIRECTION('',(6.12323399573677E-017,1.,3.74939945665464E-033));
#14322=DIRECTION('',(-1.,0.,0.));
#14323=DIRECTION('',(-0.,-1.,0.));
#14324=DIRECTION('',(-0.492227979274601,0.,0.870466321243529));
#14325=DIRECTION('',(0.,-1.,0.));
#14326=DIRECTION('',(-1.,0.,0.));
#14327=DIRECTION('',(-0.,-1.,0.));
#14328=DIRECTION('',(-0.492227979274601,0.,0.870466321243529));
#14329=DIRECTION('',(0.,-1.,0.));
#14330=DIRECTION('',(6.12323399573677E-017,1.,3.74939945665464E-033));
#14331=DIRECTION('',(6.12323399573677E-017,1.,3.74939945665464E-033));
#14332=DIRECTION('',(6.12323399573677E-017,1.,3.74939945665464E-033));
#14333=DIRECTION('',(6.12323399573677E-017,1.,3.74939945665464E-033));
#14334=DIRECTION('',(-0.,-0.,-1.));
#14335=DIRECTION('',(-1.,-0.,-0.));
#14336=DIRECTION('',(1.,-0.,-0.));
#14337=DIRECTION('',(-0.,-0.,-1.));
#14338=DIRECTION('',(-1.,-0.,-0.));
#14339=DIRECTION('',(-0.,-0.,1.));
#14340=DIRECTION('',(1.,-0.,-0.));
#14341=DIRECTION('',(6.12323399573677E-017,1.,3.74939945665464E-033));
#14342=DIRECTION('',(6.12323399573677E-017,1.,3.74939945665464E-033));
#14343=DIRECTION('',(6.12323399573677E-017,1.,3.74939945665464E-033));
#14344=DIRECTION('',(6.12323399573677E-017,1.,3.74939945665464E-033));
#14345=DIRECTION('',(1.,0.,0.));
#14346=DIRECTION('',(0.,0.,1.));
#14347=DIRECTION('',(-1.,0.,0.));
#14348=DIRECTION('',(-9.473903143468E-014,-0.,-1.));
#14349=DIRECTION('',(1.,0.,0.));
#14350=DIRECTION('',(0.,0.,1.));
#14351=DIRECTION('',(-1.,0.,0.));
#14352=DIRECTION('',(6.12323399573677E-017,1.,3.74939945665464E-033));
#14353=DIRECTION('',(6.12323399573677E-017,1.,3.74939945665464E-033));
#14354=DIRECTION('',(6.12323399573677E-017,1.,3.74939945665464E-033));
#14355=DIRECTION('',(-1.,0.,0.));
#14356=DIRECTION('',(-0.,-1.,0.));
#14357=DIRECTION('',(-0.492227979274601,0.,0.870466321243529));
#14358=DIRECTION('',(0.,-1.,0.));
#14359=DIRECTION('',(-1.,0.,0.));
#14360=DIRECTION('',(-0.,-1.,0.));
#14361=DIRECTION('',(-0.492227979274601,0.,0.870466321243529));
#14362=DIRECTION('',(0.,-1.,0.));
#14363=DIRECTION('',(6.12323399573677E-017,1.,3.74939945665464E-033));
#14364=DIRECTION('',(6.12323399573677E-017,1.,3.74939945665464E-033));
#14365=DIRECTION('',(6.12323399573677E-017,1.,3.74939945665464E-033));
#14366=DIRECTION('',(6.12323399573677E-017,1.,3.74939945665464E-033));
#14367=DIRECTION('',(-0.,-0.,-1.));
#14368=DIRECTION('',(-1.,-0.,-0.));
#14369=DIRECTION('',(1.,-0.,-0.));
#14370=DIRECTION('',(-0.,-0.,-1.));
#14371=DIRECTION('',(-1.,-0.,-0.));
#14372=DIRECTION('',(-0.,-0.,1.));
#14373=DIRECTION('',(1.,-0.,-0.));
#14374=DIRECTION('',(6.12323399573677E-017,1.,3.74939945665464E-033));
#14375=DIRECTION('',(6.12323399573677E-017,1.,3.74939945665464E-033));
#14376=DIRECTION('',(6.12323399573677E-017,1.,3.74939945665464E-033));
#14377=DIRECTION('',(6.12323399573677E-017,1.,3.74939945665464E-033));
#14378=DIRECTION('',(1.,0.,0.));
#14379=DIRECTION('',(0.,0.,1.));
#14380=DIRECTION('',(-1.,0.,0.));
#14381=DIRECTION('',(-9.473903143468E-014,-0.,-1.));
#14382=DIRECTION('',(1.,0.,0.));
#14383=DIRECTION('',(0.,0.,1.));
#14384=DIRECTION('',(-1.,0.,0.));
#14385=DIRECTION('',(6.12323399573677E-017,1.,3.74939945665464E-033));
#14386=DIRECTION('',(6.12323399573677E-017,1.,3.74939945665464E-033));
#14387=DIRECTION('',(6.12323399573677E-017,1.,3.74939945665464E-033));
#14388=DIRECTION('',(-1.,0.,0.));
#14389=DIRECTION('',(-0.,-1.,0.));
#14390=DIRECTION('',(-0.492227979274601,0.,0.870466321243529));
#14391=DIRECTION('',(0.,-1.,0.));
#14392=DIRECTION('',(-1.,0.,0.));
#14393=DIRECTION('',(-0.,-1.,0.));
#14394=DIRECTION('',(-0.492227979274601,0.,0.870466321243529));
#14395=DIRECTION('',(0.,-1.,0.));
#14396=DIRECTION('',(6.12323399573677E-017,1.,3.74939945665464E-033));
#14397=DIRECTION('',(6.12323399573677E-017,1.,3.74939945665464E-033));
#14398=DIRECTION('',(6.12323399573677E-017,1.,3.74939945665464E-033));
#14399=DIRECTION('',(6.12323399573677E-017,1.,3.74939945665464E-033));
#14400=DIRECTION('',(-0.,-0.,-1.));
#14401=DIRECTION('',(-1.,-0.,-0.));
#14402=DIRECTION('',(1.,-0.,-0.));
#14403=DIRECTION('',(-0.,-0.,-1.));
#14404=DIRECTION('',(-1.,-0.,-0.));
#14405=DIRECTION('',(-0.,-0.,1.));
#14406=DIRECTION('',(1.,-0.,-0.));
#14407=DIRECTION('',(6.12323399573677E-017,1.,3.74939945665464E-033));
#14408=DIRECTION('',(6.12323399573677E-017,1.,3.74939945665464E-033));
#14409=DIRECTION('',(6.12323399573677E-017,1.,3.74939945665464E-033));
#14410=DIRECTION('',(6.12323399573677E-017,1.,3.74939945665464E-033));
#14411=DIRECTION('',(1.,0.,0.));
#14412=DIRECTION('',(0.,0.,1.));
#14413=DIRECTION('',(-1.,0.,0.));
#14414=DIRECTION('',(-9.473903143468E-014,-0.,-1.));
#14415=DIRECTION('',(1.,0.,0.));
#14416=DIRECTION('',(0.,0.,1.));
#14417=DIRECTION('',(-1.,0.,0.));
#14418=DIRECTION('',(6.12323399573677E-017,1.,3.74939945665464E-033));
#14419=DIRECTION('',(6.12323399573677E-017,1.,3.74939945665464E-033));
#14420=DIRECTION('',(6.12323399573677E-017,1.,3.74939945665464E-033));
#14421=DIRECTION('',(-1.,0.,0.));
#14422=DIRECTION('',(-0.,-1.,0.));
#14423=DIRECTION('',(-0.492227979274601,0.,0.870466321243529));
#14424=DIRECTION('',(0.,-1.,0.));
#14425=DIRECTION('',(-1.,0.,0.));
#14426=DIRECTION('',(-0.,-1.,0.));
#14427=DIRECTION('',(-0.492227979274601,0.,0.870466321243529));
#14428=DIRECTION('',(0.,-1.,0.));
#14429=DIRECTION('',(6.12323399573677E-017,1.,3.74939945665464E-033));
#14430=DIRECTION('',(6.12323399573677E-017,1.,3.74939945665464E-033));
#14431=DIRECTION('',(6.12323399573677E-017,1.,3.74939945665464E-033));
#14432=DIRECTION('',(6.12323399573677E-017,1.,3.74939945665464E-033));
#14433=DIRECTION('',(-0.,-0.,-1.));
#14434=DIRECTION('',(-1.,-0.,-0.));
#14435=DIRECTION('',(1.,-0.,-0.));
#14436=DIRECTION('',(-0.,-0.,-1.));
#14437=DIRECTION('',(-1.,-0.,-0.));
#14438=DIRECTION('',(-0.,-0.,1.));
#14439=DIRECTION('',(1.,-0.,-0.));
#14440=DIRECTION('',(6.12323399573677E-017,1.,3.74939945665464E-033));
#14441=DIRECTION('',(6.12323399573677E-017,1.,3.74939945665464E-033));
#14442=DIRECTION('',(6.12323399573677E-017,1.,3.74939945665464E-033));
#14443=DIRECTION('',(6.12323399573677E-017,1.,3.74939945665464E-033));
#14444=DIRECTION('',(1.,0.,0.));
#14445=DIRECTION('',(0.,0.,1.));
#14446=DIRECTION('',(-1.,0.,0.));
#14447=DIRECTION('',(-9.473903143468E-014,-0.,-1.));
#14448=DIRECTION('',(1.,0.,0.));
#14449=DIRECTION('',(0.,0.,1.));
#14450=DIRECTION('',(-1.,0.,0.));
#14451=DIRECTION('',(6.12323399573677E-017,1.,3.74939945665464E-033));
#14452=DIRECTION('',(6.12323399573677E-017,1.,3.74939945665464E-033));
#14453=DIRECTION('',(6.12323399573677E-017,1.,3.74939945665464E-033));
#14454=DIRECTION('',(-1.,0.,0.));
#14455=DIRECTION('',(-0.,-1.,0.));
#14456=DIRECTION('',(-0.492227979274601,0.,0.870466321243529));
#14457=DIRECTION('',(0.,-1.,0.));
#14458=DIRECTION('',(-1.,0.,0.));
#14459=DIRECTION('',(-0.,-1.,0.));
#14460=DIRECTION('',(-0.492227979274601,0.,0.870466321243529));
#14461=DIRECTION('',(0.,-1.,0.));
#14462=DIRECTION('',(6.12323399573677E-017,1.,3.74939945665464E-033));
#14463=DIRECTION('',(6.12323399573677E-017,1.,3.74939945665464E-033));
#14464=DIRECTION('',(6.12323399573677E-017,1.,3.74939945665464E-033));
#14465=DIRECTION('',(6.12323399573677E-017,1.,3.74939945665464E-033));
#14466=DIRECTION('',(-0.,-0.,-1.));
#14467=DIRECTION('',(-1.,-0.,-0.));
#14468=DIRECTION('',(1.,-0.,-0.));
#14469=DIRECTION('',(-0.,-0.,-1.));
#14470=DIRECTION('',(-1.,-0.,-0.));
#14471=DIRECTION('',(-0.,-0.,1.));
#14472=DIRECTION('',(1.,-0.,-0.));
#14473=DIRECTION('',(6.12323399573677E-017,1.,3.74939945665464E-033));
#14474=DIRECTION('',(6.12323399573677E-017,1.,3.74939945665464E-033));
#14475=DIRECTION('',(6.12323399573677E-017,1.,3.74939945665464E-033));
#14476=DIRECTION('',(6.12323399573677E-017,1.,3.74939945665464E-033));
#14477=DIRECTION('',(1.,0.,0.));
#14478=DIRECTION('',(0.,0.,1.));
#14479=DIRECTION('',(-1.,0.,0.));
#14480=DIRECTION('',(-9.473903143468E-014,-0.,-1.));
#14481=DIRECTION('',(1.,0.,0.));
#14482=DIRECTION('',(0.,0.,1.));
#14483=DIRECTION('',(-1.,0.,0.));
#14484=DIRECTION('',(6.12323399573677E-017,1.,3.74939945665464E-033));
#14485=DIRECTION('',(6.12323399573677E-017,1.,3.74939945665464E-033));
#14486=DIRECTION('',(6.12323399573677E-017,1.,3.74939945665464E-033));
#14487=DIRECTION('',(-1.,0.,0.));
#14488=DIRECTION('',(-0.,-1.,0.));
#14489=DIRECTION('',(-0.492227979274601,0.,0.870466321243529));
#14490=DIRECTION('',(0.,-1.,0.));
#14491=DIRECTION('',(-1.,0.,0.));
#14492=DIRECTION('',(-0.,-1.,0.));
#14493=DIRECTION('',(-0.492227979274601,0.,0.870466321243529));
#14494=DIRECTION('',(0.,-1.,0.));
#14495=DIRECTION('',(6.12323399573677E-017,1.,3.74939945665464E-033));
#14496=DIRECTION('',(6.12323399573677E-017,1.,3.74939945665464E-033));
#14497=DIRECTION('',(6.12323399573677E-017,1.,3.74939945665464E-033));
#14498=DIRECTION('',(6.12323399573677E-017,1.,3.74939945665464E-033));
#14499=DIRECTION('',(-0.,-0.,-1.));
#14500=DIRECTION('',(-1.,-0.,-0.));
#14501=DIRECTION('',(1.,-0.,-0.));
#14502=DIRECTION('',(-0.,-0.,-1.));
#14503=DIRECTION('',(-1.,-0.,-0.));
#14504=DIRECTION('',(-0.,-0.,1.));
#14505=DIRECTION('',(1.,-0.,-0.));
#14506=DIRECTION('',(6.12323399573677E-017,1.,3.74939945665464E-033));
#14507=DIRECTION('',(6.12323399573677E-017,1.,3.74939945665464E-033));
#14508=DIRECTION('',(6.12323399573677E-017,1.,3.74939945665464E-033));
#14509=DIRECTION('',(6.12323399573677E-017,1.,3.74939945665464E-033));
#14510=DIRECTION('',(1.,0.,0.));
#14511=DIRECTION('',(0.,0.,1.));
#14512=DIRECTION('',(-1.,0.,0.));
#14513=DIRECTION('',(-9.473903143468E-014,-0.,-1.));
#14514=DIRECTION('',(1.,0.,0.));
#14515=DIRECTION('',(0.,0.,1.));
#14516=DIRECTION('',(-1.,0.,0.));
#14517=DIRECTION('',(6.12323399573677E-017,1.,3.74939945665464E-033));
#14518=DIRECTION('',(6.12323399573677E-017,1.,3.74939945665464E-033));
#14519=DIRECTION('',(6.12323399573677E-017,1.,3.74939945665464E-033));
#14520=DIRECTION('',(-1.,0.,0.));
#14521=DIRECTION('',(-0.,-1.,0.));
#14522=DIRECTION('',(-0.492227979274605,0.,0.870466321243527));
#14523=DIRECTION('',(0.,-1.,0.));
#14524=DIRECTION('',(-1.,0.,0.));
#14525=DIRECTION('',(-0.,-1.,0.));
#14526=DIRECTION('',(-0.492227979274605,0.,0.870466321243527));
#14527=DIRECTION('',(0.,-1.,0.));
#14528=DIRECTION('',(6.12323399573677E-017,1.,3.74939945665464E-033));
#14529=DIRECTION('',(6.12323399573677E-017,1.,3.74939945665464E-033));
#14530=DIRECTION('',(6.12323399573677E-017,1.,3.74939945665464E-033));
#14531=DIRECTION('',(6.12323399573677E-017,1.,3.74939945665464E-033));
#14532=DIRECTION('',(-0.,-0.,-1.));
#14533=DIRECTION('',(-1.,-0.,-0.));
#14534=DIRECTION('',(1.,-0.,-0.));
#14535=DIRECTION('',(-0.,-0.,-1.));
#14536=DIRECTION('',(-1.,-0.,-0.));
#14537=DIRECTION('',(-0.,-0.,1.));
#14538=DIRECTION('',(1.,-0.,-0.));
#14539=DIRECTION('',(6.12323399573677E-017,1.,3.74939945665464E-033));
#14540=DIRECTION('',(6.12323399573677E-017,1.,3.74939945665464E-033));
#14541=DIRECTION('',(6.12323399573677E-017,1.,3.74939945665464E-033));
#14542=DIRECTION('',(6.12323399573677E-017,1.,3.74939945665464E-033));
#14543=DIRECTION('',(1.,0.,0.));
#14544=DIRECTION('',(0.,0.,1.));
#14545=DIRECTION('',(-1.,0.,0.));
#14546=DIRECTION('',(-9.473903143468E-014,-0.,-1.));
#14547=DIRECTION('',(1.,0.,0.));
#14548=DIRECTION('',(0.,0.,1.));
#14549=DIRECTION('',(-1.,0.,0.));
#14550=DIRECTION('',(6.12323399573677E-017,1.,3.74939945665464E-033));
#14551=DIRECTION('',(6.12323399573677E-017,1.,3.74939945665464E-033));
#14552=DIRECTION('',(6.12323399573677E-017,1.,3.74939945665464E-033));
#14553=DIRECTION('',(-1.,0.,0.));
#14554=DIRECTION('',(-0.,-1.,0.));
#14555=DIRECTION('',(-0.492227979274605,0.,0.870466321243527));
#14556=DIRECTION('',(0.,-1.,0.));
#14557=DIRECTION('',(-1.,0.,0.));
#14558=DIRECTION('',(-0.,-1.,0.));
#14559=DIRECTION('',(-0.492227979274605,0.,0.870466321243527));
#14560=DIRECTION('',(0.,-1.,0.));
#14561=DIRECTION('',(6.12323399573677E-017,1.,3.74939945665464E-033));
#14562=DIRECTION('',(6.12323399573677E-017,1.,3.74939945665464E-033));
#14563=DIRECTION('',(6.12323399573677E-017,1.,3.74939945665464E-033));
#14564=DIRECTION('',(6.12323399573677E-017,1.,3.74939945665464E-033));
#14565=DIRECTION('',(-0.,-0.,-1.));
#14566=DIRECTION('',(-1.,-0.,-0.));
#14567=DIRECTION('',(1.,-0.,-0.));
#14568=DIRECTION('',(-0.,-0.,-1.));
#14569=DIRECTION('',(-1.,-0.,-0.));
#14570=DIRECTION('',(-0.,-0.,1.));
#14571=DIRECTION('',(1.,-0.,-0.));
#14572=DIRECTION('',(6.12323399573677E-017,1.,3.74939945665464E-033));
#14573=DIRECTION('',(6.12323399573677E-017,1.,3.74939945665464E-033));
#14574=DIRECTION('',(6.12323399573677E-017,1.,3.74939945665464E-033));
#14575=DIRECTION('',(6.12323399573677E-017,1.,3.74939945665464E-033));
#14576=DIRECTION('',(1.,0.,0.));
#14577=DIRECTION('',(0.,0.,1.));
#14578=DIRECTION('',(-1.,0.,0.));
#14579=DIRECTION('',(-9.473903143468E-014,-0.,-1.));
#14580=DIRECTION('',(1.,0.,0.));
#14581=DIRECTION('',(0.,0.,1.));
#14582=DIRECTION('',(-1.,0.,0.));
#14583=DIRECTION('',(6.12323399573677E-017,1.,3.74939945665464E-033));
#14584=DIRECTION('',(6.12323399573677E-017,1.,3.74939945665464E-033));
#14585=DIRECTION('',(6.12323399573677E-017,1.,3.74939945665464E-033));
#14586=DIRECTION('',(-1.,0.,0.));
#14587=DIRECTION('',(-0.,-1.,0.));
#14588=DIRECTION('',(-0.492227979274605,0.,0.870466321243527));
#14589=DIRECTION('',(0.,-1.,0.));
#14590=DIRECTION('',(-1.,0.,0.));
#14591=DIRECTION('',(-0.,-1.,0.));
#14592=DIRECTION('',(-0.492227979274605,0.,0.870466321243527));
#14593=DIRECTION('',(0.,-1.,0.));
#14594=DIRECTION('',(6.12323399573677E-017,1.,3.74939945665464E-033));
#14595=DIRECTION('',(6.12323399573677E-017,1.,3.74939945665464E-033));
#14596=DIRECTION('',(6.12323399573677E-017,1.,3.74939945665464E-033));
#14597=DIRECTION('',(6.12323399573677E-017,1.,3.74939945665464E-033));
#14598=DIRECTION('',(-0.,-0.,-1.));
#14599=DIRECTION('',(-1.,-0.,-0.));
#14600=DIRECTION('',(1.,-0.,-0.));
#14601=DIRECTION('',(-0.,-0.,-1.));
#14602=DIRECTION('',(-1.,-0.,-0.));
#14603=DIRECTION('',(-0.,-0.,1.));
#14604=DIRECTION('',(1.,-0.,-0.));
#14605=DIRECTION('',(6.12323399573677E-017,1.,3.74939945665464E-033));
#14606=DIRECTION('',(6.12323399573677E-017,1.,3.74939945665464E-033));
#14607=DIRECTION('',(6.12323399573677E-017,1.,3.74939945665464E-033));
#14608=DIRECTION('',(6.12323399573677E-017,1.,3.74939945665464E-033));
#14609=DIRECTION('',(1.,0.,0.));
#14610=DIRECTION('',(0.,0.,1.));
#14611=DIRECTION('',(-1.,0.,0.));
#14612=DIRECTION('',(-9.473903143468E-014,-0.,-1.));
#14613=DIRECTION('',(1.,0.,0.));
#14614=DIRECTION('',(0.,0.,1.));
#14615=DIRECTION('',(-1.,0.,0.));
#14616=DIRECTION('',(6.12323399573677E-017,1.,3.74939945665464E-033));
#14617=DIRECTION('',(6.12323399573677E-017,1.,3.74939945665464E-033));
#14618=DIRECTION('',(6.12323399573677E-017,1.,3.74939945665464E-033));
#14619=DIRECTION('',(-1.,0.,0.));
#14620=DIRECTION('',(-0.,-1.,0.));
#14621=DIRECTION('',(-0.492227979274605,0.,0.870466321243527));
#14622=DIRECTION('',(0.,-1.,0.));
#14623=DIRECTION('',(-1.,0.,0.));
#14624=DIRECTION('',(-0.,-1.,0.));
#14625=DIRECTION('',(-0.492227979274605,0.,0.870466321243527));
#14626=DIRECTION('',(0.,-1.,0.));
#14627=DIRECTION('',(6.12323399573677E-017,1.,3.74939945665464E-033));
#14628=DIRECTION('',(6.12323399573677E-017,1.,3.74939945665464E-033));
#14629=DIRECTION('',(6.12323399573677E-017,1.,3.74939945665464E-033));
#14630=DIRECTION('',(6.12323399573677E-017,1.,3.74939945665464E-033));
#14631=DIRECTION('',(-0.,-0.,-1.));
#14632=DIRECTION('',(-1.,-0.,-0.));
#14633=DIRECTION('',(1.,-0.,-0.));
#14634=DIRECTION('',(-0.,-0.,-1.));
#14635=DIRECTION('',(-1.,-0.,-0.));
#14636=DIRECTION('',(-0.,-0.,1.));
#14637=DIRECTION('',(1.,-0.,-0.));
#14638=DIRECTION('',(6.12323399573677E-017,1.,3.74939945665464E-033));
#14639=DIRECTION('',(6.12323399573677E-017,1.,3.74939945665464E-033));
#14640=DIRECTION('',(6.12323399573677E-017,1.,3.74939945665464E-033));
#14641=DIRECTION('',(6.12323399573677E-017,1.,3.74939945665464E-033));
#14642=DIRECTION('',(1.,0.,0.));
#14643=DIRECTION('',(0.,0.,1.));
#14644=DIRECTION('',(-1.,0.,0.));
#14645=DIRECTION('',(-9.473903143468E-014,-0.,-1.));
#14646=DIRECTION('',(1.,0.,0.));
#14647=DIRECTION('',(0.,0.,1.));
#14648=DIRECTION('',(-1.,0.,0.));
#14649=DIRECTION('',(6.12323399573677E-017,1.,3.74939945665464E-033));
#14650=DIRECTION('',(6.12323399573677E-017,1.,3.74939945665464E-033));
#14651=DIRECTION('',(6.12323399573677E-017,1.,3.74939945665464E-033));
#14652=DIRECTION('',(-1.,0.,0.));
#14653=DIRECTION('',(-0.,-1.,0.));
#14654=DIRECTION('',(-0.492227979274605,0.,0.870466321243527));
#14655=DIRECTION('',(0.,-1.,0.));
#14656=DIRECTION('',(-1.,0.,0.));
#14657=DIRECTION('',(-0.,-1.,0.));
#14658=DIRECTION('',(-0.492227979274605,0.,0.870466321243527));
#14659=DIRECTION('',(0.,-1.,0.));
#14660=DIRECTION('',(6.12323399573677E-017,1.,3.74939945665464E-033));
#14661=DIRECTION('',(6.12323399573677E-017,1.,3.74939945665464E-033));
#14662=DIRECTION('',(6.12323399573677E-017,1.,3.74939945665464E-033));
#14663=DIRECTION('',(6.12323399573677E-017,1.,3.74939945665464E-033));
#14664=DIRECTION('',(-0.,-0.,-1.));
#14665=DIRECTION('',(-1.,-0.,-0.));
#14666=DIRECTION('',(1.,-0.,-0.));
#14667=DIRECTION('',(-0.,-0.,-1.));
#14668=DIRECTION('',(-1.,-0.,-0.));
#14669=DIRECTION('',(-0.,-0.,1.));
#14670=DIRECTION('',(1.,-0.,-0.));
#14671=DIRECTION('',(6.12323399573677E-017,1.,3.74939945665464E-033));
#14672=DIRECTION('',(6.12323399573677E-017,1.,3.74939945665464E-033));
#14673=DIRECTION('',(6.12323399573677E-017,1.,3.74939945665464E-033));
#14674=DIRECTION('',(6.12323399573677E-017,1.,3.74939945665464E-033));
#14675=DIRECTION('',(1.,0.,0.));
#14676=DIRECTION('',(0.,0.,1.));
#14677=DIRECTION('',(-1.,0.,0.));
#14678=DIRECTION('',(-9.473903143468E-014,-0.,-1.));
#14679=DIRECTION('',(1.,0.,0.));
#14680=DIRECTION('',(0.,0.,1.));
#14681=DIRECTION('',(-1.,0.,0.));
#14682=DIRECTION('',(6.12323399573677E-017,1.,3.74939945665464E-033));
#14683=DIRECTION('',(6.12323399573677E-017,1.,3.74939945665464E-033));
#14684=DIRECTION('',(6.12323399573677E-017,1.,3.74939945665464E-033));
#14685=DIRECTION('',(-1.,0.,0.));
#14686=DIRECTION('',(-0.,-1.,0.));
#14687=DIRECTION('',(-0.492227979274605,0.,0.870466321243527));
#14688=DIRECTION('',(0.,-1.,0.));
#14689=DIRECTION('',(-1.,0.,0.));
#14690=DIRECTION('',(-0.,-1.,0.));
#14691=DIRECTION('',(-0.492227979274605,0.,0.870466321243527));
#14692=DIRECTION('',(0.,-1.,0.));
#14693=DIRECTION('',(6.12323399573677E-017,1.,3.74939945665464E-033));
#14694=DIRECTION('',(6.12323399573677E-017,1.,3.74939945665464E-033));
#14695=DIRECTION('',(6.12323399573677E-017,1.,3.74939945665464E-033));
#14696=DIRECTION('',(6.12323399573677E-017,1.,3.74939945665464E-033));
#14697=DIRECTION('',(-0.,-0.,-1.));
#14698=DIRECTION('',(-1.,-0.,-0.));
#14699=DIRECTION('',(1.,-0.,-0.));
#14700=DIRECTION('',(-0.,-0.,-1.));
#14701=DIRECTION('',(-1.,-0.,-0.));
#14702=DIRECTION('',(-0.,-0.,1.));
#14703=DIRECTION('',(1.,-0.,-0.));
#14704=DIRECTION('',(6.12323399573677E-017,1.,3.74939945665464E-033));
#14705=DIRECTION('',(6.12323399573677E-017,1.,3.74939945665464E-033));
#14706=DIRECTION('',(6.12323399573677E-017,1.,3.74939945665464E-033));
#14707=DIRECTION('',(6.12323399573677E-017,1.,3.74939945665464E-033));
#14708=DIRECTION('',(1.,0.,0.));
#14709=DIRECTION('',(0.,0.,1.));
#14710=DIRECTION('',(-1.,0.,0.));
#14711=DIRECTION('',(-9.473903143468E-014,-0.,-1.));
#14712=DIRECTION('',(1.,0.,0.));
#14713=DIRECTION('',(0.,0.,1.));
#14714=DIRECTION('',(-1.,0.,0.));
#14715=DIRECTION('',(6.12323399573677E-017,1.,3.74939945665464E-033));
#14716=DIRECTION('',(6.12323399573677E-017,1.,3.74939945665464E-033));
#14717=DIRECTION('',(6.12323399573677E-017,1.,3.74939945665464E-033));
#14718=DIRECTION('',(-1.,0.,0.));
#14719=DIRECTION('',(-0.,-1.,0.));
#14720=DIRECTION('',(-0.492227979274605,0.,0.870466321243527));
#14721=DIRECTION('',(0.,-1.,0.));
#14722=DIRECTION('',(-1.,0.,0.));
#14723=DIRECTION('',(-0.,-1.,0.));
#14724=DIRECTION('',(-0.492227979274605,0.,0.870466321243527));
#14725=DIRECTION('',(0.,-1.,0.));
#14726=DIRECTION('',(6.12323399573677E-017,1.,3.74939945665464E-033));
#14727=DIRECTION('',(6.12323399573677E-017,1.,3.74939945665464E-033));
#14728=DIRECTION('',(6.12323399573677E-017,1.,3.74939945665464E-033));
#14729=DIRECTION('',(6.12323399573677E-017,1.,3.74939945665464E-033));
#14730=DIRECTION('',(-0.,-0.,-1.));
#14731=DIRECTION('',(-1.,-0.,-0.));
#14732=DIRECTION('',(1.,-0.,-0.));
#14733=DIRECTION('',(-0.,-0.,-1.));
#14734=DIRECTION('',(-1.,-0.,-0.));
#14735=DIRECTION('',(-0.,-0.,1.));
#14736=DIRECTION('',(1.,-0.,-0.));
#14737=DIRECTION('',(6.12323399573677E-017,1.,3.74939945665464E-033));
#14738=DIRECTION('',(6.12323399573677E-017,1.,3.74939945665464E-033));
#14739=DIRECTION('',(6.12323399573677E-017,1.,3.74939945665464E-033));
#14740=DIRECTION('',(6.12323399573677E-017,1.,3.74939945665464E-033));
#14741=DIRECTION('',(1.,0.,0.));
#14742=DIRECTION('',(0.,0.,1.));
#14743=DIRECTION('',(-1.,0.,0.));
#14744=DIRECTION('',(-9.473903143468E-014,-0.,-1.));
#14745=DIRECTION('',(1.,0.,0.));
#14746=DIRECTION('',(0.,0.,1.));
#14747=DIRECTION('',(-1.,0.,0.));
#14748=DIRECTION('',(6.12323399573677E-017,1.,3.74939945665464E-033));
#14749=DIRECTION('',(6.12323399573677E-017,1.,3.74939945665464E-033));
#14750=DIRECTION('',(6.12323399573677E-017,1.,3.74939945665464E-033));
#14751=DIRECTION('',(-1.,0.,0.));
#14752=DIRECTION('',(-0.,-1.,0.));
#14753=DIRECTION('',(-0.492227979274605,0.,0.870466321243527));
#14754=DIRECTION('',(0.,-1.,0.));
#14755=DIRECTION('',(-1.,0.,0.));
#14756=DIRECTION('',(-0.,-1.,0.));
#14757=DIRECTION('',(-0.492227979274605,0.,0.870466321243527));
#14758=DIRECTION('',(0.,-1.,0.));
#14759=DIRECTION('',(6.12323399573677E-017,1.,3.74939945665464E-033));
#14760=DIRECTION('',(6.12323399573677E-017,1.,3.74939945665464E-033));
#14761=DIRECTION('',(6.12323399573677E-017,1.,3.74939945665464E-033));
#14762=DIRECTION('',(6.12323399573677E-017,1.,3.74939945665464E-033));
#14763=DIRECTION('',(-0.,-0.,-1.));
#14764=DIRECTION('',(-1.,-0.,-0.));
#14765=DIRECTION('',(1.,-0.,-0.));
#14766=DIRECTION('',(-0.,-0.,-1.));
#14767=DIRECTION('',(-1.,-0.,-0.));
#14768=DIRECTION('',(-0.,-0.,1.));
#14769=DIRECTION('',(1.,-0.,-0.));
#14770=DIRECTION('',(6.12323399573677E-017,1.,3.74939945665464E-033));
#14771=DIRECTION('',(6.12323399573677E-017,1.,3.74939945665464E-033));
#14772=DIRECTION('',(6.12323399573677E-017,1.,3.74939945665464E-033));
#14773=DIRECTION('',(6.12323399573677E-017,1.,3.74939945665464E-033));
#14774=DIRECTION('',(1.,0.,0.));
#14775=DIRECTION('',(0.,0.,1.));
#14776=DIRECTION('',(-1.,0.,0.));
#14777=DIRECTION('',(-9.473903143468E-014,-0.,-1.));
#14778=DIRECTION('',(1.,0.,0.));
#14779=DIRECTION('',(0.,0.,1.));
#14780=DIRECTION('',(-1.,0.,0.));
#14781=DIRECTION('',(6.12323399573677E-017,1.,3.74939945665464E-033));
#14782=DIRECTION('',(6.12323399573677E-017,1.,3.74939945665464E-033));
#14783=DIRECTION('',(6.12323399573677E-017,1.,3.74939945665464E-033));
#14784=DIRECTION('',(-1.,0.,0.));
#14785=DIRECTION('',(-0.,-1.,0.));
#14786=DIRECTION('',(-0.492227979274605,0.,0.870466321243527));
#14787=DIRECTION('',(0.,-1.,0.));
#14788=DIRECTION('',(-1.,0.,0.));
#14789=DIRECTION('',(-0.,-1.,0.));
#14790=DIRECTION('',(-0.492227979274605,0.,0.870466321243527));
#14791=DIRECTION('',(0.,-1.,0.));
#14792=DIRECTION('',(6.12323399573677E-017,1.,3.74939945665464E-033));
#14793=DIRECTION('',(6.12323399573677E-017,1.,3.74939945665464E-033));
#14794=DIRECTION('',(6.12323399573677E-017,1.,3.74939945665464E-033));
#14795=DIRECTION('',(6.12323399573677E-017,1.,3.74939945665464E-033));
#14796=DIRECTION('',(-0.,-0.,-1.));
#14797=DIRECTION('',(-1.,-0.,-0.));
#14798=DIRECTION('',(1.,-0.,-0.));
#14799=DIRECTION('',(-0.,-0.,-1.));
#14800=DIRECTION('',(-1.,-0.,-0.));
#14801=DIRECTION('',(-0.,-0.,1.));
#14802=DIRECTION('',(1.,-0.,-0.));
#14803=DIRECTION('',(6.12323399573677E-017,1.,3.74939945665464E-033));
#14804=DIRECTION('',(6.12323399573677E-017,1.,3.74939945665464E-033));
#14805=DIRECTION('',(6.12323399573677E-017,1.,3.74939945665464E-033));
#14806=DIRECTION('',(6.12323399573677E-017,1.,3.74939945665464E-033));
#14807=DIRECTION('',(1.,0.,0.));
#14808=DIRECTION('',(0.,0.,1.));
#14809=DIRECTION('',(-1.,0.,0.));
#14810=DIRECTION('',(-9.473903143468E-014,-0.,-1.));
#14811=DIRECTION('',(1.,0.,0.));
#14812=DIRECTION('',(0.,0.,1.));
#14813=DIRECTION('',(-1.,0.,0.));
#14814=DIRECTION('',(6.12323399573677E-017,1.,3.74939945665464E-033));
#14815=DIRECTION('',(6.12323399573677E-017,1.,3.74939945665464E-033));
#14816=DIRECTION('',(6.12323399573677E-017,1.,3.74939945665464E-033));
#14817=DIRECTION('',(-1.,0.,0.));
#14818=DIRECTION('',(-0.,-1.,0.));
#14819=DIRECTION('',(-0.492227979274605,0.,0.870466321243527));
#14820=DIRECTION('',(0.,-1.,0.));
#14821=DIRECTION('',(-1.,0.,0.));
#14822=DIRECTION('',(-0.,-1.,0.));
#14823=DIRECTION('',(-0.492227979274605,0.,0.870466321243527));
#14824=DIRECTION('',(0.,-1.,0.));
#14825=DIRECTION('',(6.12323399573677E-017,1.,3.74939945665464E-033));
#14826=DIRECTION('',(6.12323399573677E-017,1.,3.74939945665464E-033));
#14827=DIRECTION('',(6.12323399573677E-017,1.,3.74939945665464E-033));
#14828=DIRECTION('',(6.12323399573677E-017,1.,3.74939945665464E-033));
#14829=DIRECTION('',(-0.,-0.,-1.));
#14830=DIRECTION('',(-1.,-0.,-0.));
#14831=DIRECTION('',(1.,-0.,-0.));
#14832=DIRECTION('',(-0.,-0.,-1.));
#14833=DIRECTION('',(-1.,-0.,-0.));
#14834=DIRECTION('',(-0.,-0.,1.));
#14835=DIRECTION('',(1.,-0.,-0.));
#14836=DIRECTION('',(6.12323399573677E-017,1.,3.74939945665464E-033));
#14837=DIRECTION('',(6.12323399573677E-017,1.,3.74939945665464E-033));
#14838=DIRECTION('',(6.12323399573677E-017,1.,3.74939945665464E-033));
#14839=DIRECTION('',(6.12323399573677E-017,1.,3.74939945665464E-033));
#14840=DIRECTION('',(1.,0.,0.));
#14841=DIRECTION('',(0.,0.,1.));
#14842=DIRECTION('',(-1.,0.,0.));
#14843=DIRECTION('',(-9.473903143468E-014,-0.,-1.));
#14844=DIRECTION('',(1.,0.,0.));
#14845=DIRECTION('',(0.,0.,1.));
#14846=DIRECTION('',(-1.,0.,0.));
#14847=DIRECTION('',(6.12323399573677E-017,1.,3.74939945665464E-033));
#14848=DIRECTION('',(6.12323399573677E-017,1.,3.74939945665464E-033));
#14849=DIRECTION('',(6.12323399573677E-017,1.,3.74939945665464E-033));
#14850=DIRECTION('',(-1.,0.,0.));
#14851=DIRECTION('',(-0.,-1.,0.));
#14852=DIRECTION('',(-0.492227979274605,0.,0.870466321243527));
#14853=DIRECTION('',(0.,-1.,0.));
#14854=DIRECTION('',(-1.,0.,0.));
#14855=DIRECTION('',(-0.,-1.,0.));
#14856=DIRECTION('',(-0.492227979274605,0.,0.870466321243527));
#14857=DIRECTION('',(0.,-1.,0.));
#14858=DIRECTION('',(6.12323399573677E-017,1.,3.74939945665464E-033));
#14859=DIRECTION('',(6.12323399573677E-017,1.,3.74939945665464E-033));
#14860=DIRECTION('',(6.12323399573677E-017,1.,3.74939945665464E-033));
#14861=DIRECTION('',(6.12323399573677E-017,1.,3.74939945665464E-033));
#14862=DIRECTION('',(-0.,-0.,-1.));
#14863=DIRECTION('',(-1.,-0.,-0.));
#14864=DIRECTION('',(1.,-0.,-0.));
#14865=DIRECTION('',(-0.,-0.,-1.));
#14866=DIRECTION('',(-1.,-0.,-0.));
#14867=DIRECTION('',(-0.,-0.,1.));
#14868=DIRECTION('',(1.,-0.,-0.));
#14869=DIRECTION('',(6.12323399573677E-017,1.,3.74939945665464E-033));
#14870=DIRECTION('',(6.12323399573677E-017,1.,3.74939945665464E-033));
#14871=DIRECTION('',(6.12323399573677E-017,1.,3.74939945665464E-033));
#14872=DIRECTION('',(6.12323399573677E-017,1.,3.74939945665464E-033));
#14873=DIRECTION('',(1.,0.,0.));
#14874=DIRECTION('',(0.,0.,1.));
#14875=DIRECTION('',(-1.,0.,0.));
#14876=DIRECTION('',(-9.473903143468E-014,-0.,-1.));
#14877=DIRECTION('',(1.,0.,0.));
#14878=DIRECTION('',(0.,0.,1.));
#14879=DIRECTION('',(-1.,0.,0.));
#14880=DIRECTION('',(6.12323399573677E-017,1.,3.74939945665464E-033));
#14881=DIRECTION('',(6.12323399573677E-017,1.,3.74939945665464E-033));
#14882=DIRECTION('',(6.12323399573677E-017,1.,3.74939945665464E-033));
#14883=DIRECTION('',(-1.,0.,0.));
#14884=DIRECTION('',(-0.,-1.,0.));
#14885=DIRECTION('',(-0.492227979274605,0.,0.870466321243527));
#14886=DIRECTION('',(0.,-1.,0.));
#14887=DIRECTION('',(-1.,0.,0.));
#14888=DIRECTION('',(-0.,-1.,0.));
#14889=DIRECTION('',(-0.492227979274605,0.,0.870466321243527));
#14890=DIRECTION('',(0.,-1.,0.));
#14891=DIRECTION('',(6.12323399573677E-017,1.,3.74939945665464E-033));
#14892=DIRECTION('',(6.12323399573677E-017,1.,3.74939945665464E-033));
#14893=DIRECTION('',(6.12323399573677E-017,1.,3.74939945665464E-033));
#14894=DIRECTION('',(6.12323399573677E-017,1.,3.74939945665464E-033));
#14895=DIRECTION('',(-0.,-0.,-1.));
#14896=DIRECTION('',(-1.,-0.,-0.));
#14897=DIRECTION('',(1.,-0.,-0.));
#14898=DIRECTION('',(-0.,-0.,-1.));
#14899=DIRECTION('',(-1.,-0.,-0.));
#14900=DIRECTION('',(-0.,-0.,1.));
#14901=DIRECTION('',(1.,-0.,-0.));
#14902=DIRECTION('',(6.12323399573677E-017,1.,3.74939945665464E-033));
#14903=DIRECTION('',(6.12323399573677E-017,1.,3.74939945665464E-033));
#14904=DIRECTION('',(6.12323399573677E-017,1.,3.74939945665464E-033));
#14905=DIRECTION('',(6.12323399573677E-017,1.,3.74939945665464E-033));
#14906=DIRECTION('',(1.,0.,0.));
#14907=DIRECTION('',(0.,0.,1.));
#14908=DIRECTION('',(-1.,0.,0.));
#14909=DIRECTION('',(-9.473903143468E-014,-0.,-1.));
#14910=DIRECTION('',(1.,0.,0.));
#14911=DIRECTION('',(0.,0.,1.));
#14912=DIRECTION('',(-1.,0.,0.));
#14913=DIRECTION('',(6.12323399573677E-017,1.,3.74939945665464E-033));
#14914=DIRECTION('',(6.12323399573677E-017,1.,3.74939945665464E-033));
#14915=DIRECTION('',(6.12323399573677E-017,1.,3.74939945665464E-033));
#14916=DIRECTION('',(-1.,0.,0.));
#14917=DIRECTION('',(-0.,-1.,0.));
#14918=DIRECTION('',(-0.492227979274605,0.,0.870466321243527));
#14919=DIRECTION('',(0.,-1.,0.));
#14920=DIRECTION('',(-1.,0.,0.));
#14921=DIRECTION('',(-0.,-1.,0.));
#14922=DIRECTION('',(-0.492227979274605,0.,0.870466321243527));
#14923=DIRECTION('',(0.,-1.,0.));
#14924=DIRECTION('',(6.12323399573677E-017,1.,3.74939945665464E-033));
#14925=DIRECTION('',(6.12323399573677E-017,1.,3.74939945665464E-033));
#14926=DIRECTION('',(6.12323399573677E-017,1.,3.74939945665464E-033));
#14927=DIRECTION('',(6.12323399573677E-017,1.,3.74939945665464E-033));
#14928=DIRECTION('',(-0.,-0.,-1.));
#14929=DIRECTION('',(-1.,-0.,-0.));
#14930=DIRECTION('',(1.,-0.,-0.));
#14931=DIRECTION('',(-0.,-0.,-1.));
#14932=DIRECTION('',(-1.,-0.,-0.));
#14933=DIRECTION('',(-0.,-0.,1.));
#14934=DIRECTION('',(1.,-0.,-0.));
#14935=DIRECTION('',(6.12323399573677E-017,1.,3.74939945665464E-033));
#14936=DIRECTION('',(6.12323399573677E-017,1.,3.74939945665464E-033));
#14937=DIRECTION('',(6.12323399573677E-017,1.,3.74939945665464E-033));
#14938=DIRECTION('',(6.12323399573677E-017,1.,3.74939945665464E-033));
#14939=DIRECTION('',(1.,0.,0.));
#14940=DIRECTION('',(0.,0.,1.));
#14941=DIRECTION('',(-1.,0.,0.));
#14942=DIRECTION('',(-9.473903143468E-014,-0.,-1.));
#14943=DIRECTION('',(1.,0.,0.));
#14944=DIRECTION('',(0.,0.,1.));
#14945=DIRECTION('',(-1.,0.,0.));
#14946=DIRECTION('',(6.12323399573677E-017,1.,3.74939945665464E-033));
#14947=DIRECTION('',(6.12323399573677E-017,1.,3.74939945665464E-033));
#14948=DIRECTION('',(6.12323399573677E-017,1.,3.74939945665464E-033));
#14949=DIRECTION('',(-1.,0.,0.));
#14950=DIRECTION('',(-0.,-1.,0.));
#14951=DIRECTION('',(-0.492227979274605,0.,0.870466321243527));
#14952=DIRECTION('',(0.,-1.,0.));
#14953=DIRECTION('',(-1.,0.,0.));
#14954=DIRECTION('',(-0.,-1.,0.));
#14955=DIRECTION('',(-0.492227979274605,0.,0.870466321243527));
#14956=DIRECTION('',(0.,-1.,0.));
#14957=DIRECTION('',(6.12323399573677E-017,1.,3.74939945665464E-033));
#14958=DIRECTION('',(6.12323399573677E-017,1.,3.74939945665464E-033));
#14959=DIRECTION('',(6.12323399573677E-017,1.,3.74939945665464E-033));
#14960=DIRECTION('',(6.12323399573677E-017,1.,3.74939945665464E-033));
#14961=DIRECTION('',(-0.,-0.,-1.));
#14962=DIRECTION('',(-1.,-0.,-0.));
#14963=DIRECTION('',(1.,-0.,-0.));
#14964=DIRECTION('',(-0.,-0.,-1.));
#14965=DIRECTION('',(-1.,-0.,-0.));
#14966=DIRECTION('',(-0.,-0.,1.));
#14967=DIRECTION('',(1.,-0.,-0.));
#14968=DIRECTION('',(6.12323399573677E-017,1.,3.74939945665464E-033));
#14969=DIRECTION('',(6.12323399573677E-017,1.,3.74939945665464E-033));
#14970=DIRECTION('',(6.12323399573677E-017,1.,3.74939945665464E-033));
#14971=DIRECTION('',(6.12323399573677E-017,1.,3.74939945665464E-033));
#14972=DIRECTION('',(1.,0.,0.));
#14973=DIRECTION('',(0.,0.,1.));
#14974=DIRECTION('',(-1.,0.,0.));
#14975=DIRECTION('',(-9.473903143468E-014,-0.,-1.));
#14976=DIRECTION('',(1.,0.,0.));
#14977=DIRECTION('',(0.,0.,1.));
#14978=DIRECTION('',(-1.,0.,0.));
#14979=DIRECTION('',(6.12323399573677E-017,1.,3.74939945665464E-033));
#14980=DIRECTION('',(6.12323399573677E-017,1.,3.74939945665464E-033));
#14981=DIRECTION('',(6.12323399573677E-017,1.,3.74939945665464E-033));
#14982=DIRECTION('',(-1.,0.,0.));
#14983=DIRECTION('',(-0.,-1.,0.));
#14984=DIRECTION('',(-0.492227979274605,0.,0.870466321243527));
#14985=DIRECTION('',(0.,-1.,0.));
#14986=DIRECTION('',(-1.,0.,0.));
#14987=DIRECTION('',(-0.,-1.,0.));
#14988=DIRECTION('',(-0.492227979274605,0.,0.870466321243527));
#14989=DIRECTION('',(0.,-1.,0.));
#14990=DIRECTION('',(6.12323399573677E-017,1.,3.74939945665464E-033));
#14991=DIRECTION('',(6.12323399573677E-017,1.,3.74939945665464E-033));
#14992=DIRECTION('',(6.12323399573677E-017,1.,3.74939945665464E-033));
#14993=DIRECTION('',(6.12323399573677E-017,1.,3.74939945665464E-033));
#14994=DIRECTION('',(-0.,-0.,-1.));
#14995=DIRECTION('',(-1.,-0.,-0.));
#14996=DIRECTION('',(1.,-0.,-0.));
#14997=DIRECTION('',(-0.,-0.,-1.));
#14998=DIRECTION('',(-1.,-0.,-0.));
#14999=DIRECTION('',(-0.,-0.,1.));
#15000=DIRECTION('',(1.,-0.,-0.));
#15001=DIRECTION('',(6.12323399573677E-017,1.,3.74939945665464E-033));
#15002=DIRECTION('',(6.12323399573677E-017,1.,3.74939945665464E-033));
#15003=DIRECTION('',(6.12323399573677E-017,1.,3.74939945665464E-033));
#15004=DIRECTION('',(6.12323399573677E-017,1.,3.74939945665464E-033));
#15005=DIRECTION('',(1.,0.,0.));
#15006=DIRECTION('',(0.,0.,1.));
#15007=DIRECTION('',(-1.,0.,0.));
#15008=DIRECTION('',(-9.473903143468E-014,-0.,-1.));
#15009=DIRECTION('',(1.,0.,0.));
#15010=DIRECTION('',(0.,0.,1.));
#15011=DIRECTION('',(-1.,0.,0.));
#15012=DIRECTION('',(6.12323399573677E-017,1.,3.74939945665464E-033));
#15013=DIRECTION('',(6.12323399573677E-017,1.,3.74939945665464E-033));
#15014=DIRECTION('',(6.12323399573677E-017,1.,3.74939945665464E-033));
#15015=DIRECTION('',(-1.,0.,0.));
#15016=DIRECTION('',(-0.,-1.,0.));
#15017=DIRECTION('',(-0.492227979274605,0.,0.870466321243527));
#15018=DIRECTION('',(0.,-1.,0.));
#15019=DIRECTION('',(-1.,0.,0.));
#15020=DIRECTION('',(-0.,-1.,0.));
#15021=DIRECTION('',(-0.492227979274605,0.,0.870466321243527));
#15022=DIRECTION('',(0.,-1.,0.));
#15023=DIRECTION('',(6.12323399573677E-017,1.,3.74939945665464E-033));
#15024=DIRECTION('',(6.12323399573677E-017,1.,3.74939945665464E-033));
#15025=DIRECTION('',(6.12323399573677E-017,1.,3.74939945665464E-033));
#15026=DIRECTION('',(6.12323399573677E-017,1.,3.74939945665464E-033));
#15027=DIRECTION('',(-0.,-0.,-1.));
#15028=DIRECTION('',(-1.,-0.,-0.));
#15029=DIRECTION('',(1.,-0.,-0.));
#15030=DIRECTION('',(-0.,-0.,-1.));
#15031=DIRECTION('',(-1.,-0.,-0.));
#15032=DIRECTION('',(-0.,-0.,1.));
#15033=DIRECTION('',(1.,-0.,-0.));
#15034=DIRECTION('',(6.12323399573677E-017,1.,3.74939945665464E-033));
#15035=DIRECTION('',(6.12323399573677E-017,1.,3.74939945665464E-033));
#15036=DIRECTION('',(6.12323399573677E-017,1.,3.74939945665464E-033));
#15037=DIRECTION('',(6.12323399573677E-017,1.,3.74939945665464E-033));
#15038=DIRECTION('',(1.,0.,0.));
#15039=DIRECTION('',(0.,0.,1.));
#15040=DIRECTION('',(-1.,0.,0.));
#15041=DIRECTION('',(-9.473903143468E-014,-0.,-1.));
#15042=DIRECTION('',(1.,0.,0.));
#15043=DIRECTION('',(0.,0.,1.));
#15044=DIRECTION('',(-1.,0.,0.));
#15045=DIRECTION('',(6.12323399573677E-017,1.,3.74939945665464E-033));
#15046=DIRECTION('',(6.12323399573677E-017,1.,3.74939945665464E-033));
#15047=DIRECTION('',(6.12323399573677E-017,1.,3.74939945665464E-033));
#15048=DIRECTION('',(-1.,0.,0.));
#15049=DIRECTION('',(-0.,-1.,0.));
#15050=DIRECTION('',(-0.492227979274605,0.,0.870466321243527));
#15051=DIRECTION('',(0.,-1.,0.));
#15052=DIRECTION('',(-1.,0.,0.));
#15053=DIRECTION('',(-0.,-1.,0.));
#15054=DIRECTION('',(-0.492227979274605,0.,0.870466321243527));
#15055=DIRECTION('',(0.,-1.,0.));
#15056=DIRECTION('',(6.12323399573677E-017,1.,3.74939945665464E-033));
#15057=DIRECTION('',(6.12323399573677E-017,1.,3.74939945665464E-033));
#15058=DIRECTION('',(6.12323399573677E-017,1.,3.74939945665464E-033));
#15059=DIRECTION('',(6.12323399573677E-017,1.,3.74939945665464E-033));
#15060=DIRECTION('',(-0.,-0.,-1.));
#15061=DIRECTION('',(-1.,-0.,-0.));
#15062=DIRECTION('',(1.,-0.,-0.));
#15063=DIRECTION('',(-0.,-0.,-1.));
#15064=DIRECTION('',(-1.,-0.,-0.));
#15065=DIRECTION('',(-0.,-0.,1.));
#15066=DIRECTION('',(1.,-0.,-0.));
#15067=DIRECTION('',(6.12323399573677E-017,1.,3.74939945665464E-033));
#15068=DIRECTION('',(6.12323399573677E-017,1.,3.74939945665464E-033));
#15069=DIRECTION('',(6.12323399573677E-017,1.,3.74939945665464E-033));
#15070=DIRECTION('',(6.12323399573677E-017,1.,3.74939945665464E-033));
#15071=DIRECTION('',(1.,0.,0.));
#15072=DIRECTION('',(0.,0.,1.));
#15073=DIRECTION('',(-1.,0.,0.));
#15074=DIRECTION('',(-9.473903143468E-014,-0.,-1.));
#15075=DIRECTION('',(1.,0.,0.));
#15076=DIRECTION('',(0.,0.,1.));
#15077=DIRECTION('',(-1.,0.,0.));
#15078=DIRECTION('',(6.12323399573677E-017,1.,3.74939945665464E-033));
#15079=DIRECTION('',(6.12323399573677E-017,1.,3.74939945665464E-033));
#15080=DIRECTION('',(6.12323399573677E-017,1.,3.74939945665464E-033));
#15081=DIRECTION('',(-1.,0.,0.));
#15082=DIRECTION('',(-0.,-1.,0.));
#15083=DIRECTION('',(-0.492227979274605,0.,0.870466321243527));
#15084=DIRECTION('',(0.,-1.,0.));
#15085=DIRECTION('',(-1.,0.,0.));
#15086=DIRECTION('',(-0.,-1.,0.));
#15087=DIRECTION('',(-0.492227979274605,0.,0.870466321243527));
#15088=DIRECTION('',(0.,-1.,0.));
#15089=DIRECTION('',(6.12323399573677E-017,1.,3.74939945665464E-033));
#15090=DIRECTION('',(6.12323399573677E-017,1.,3.74939945665464E-033));
#15091=DIRECTION('',(6.12323399573677E-017,1.,3.74939945665464E-033));
#15092=DIRECTION('',(6.12323399573677E-017,1.,3.74939945665464E-033));
#15093=DIRECTION('',(-0.,-0.,-1.));
#15094=DIRECTION('',(-1.,-0.,-0.));
#15095=DIRECTION('',(1.,-0.,-0.));
#15096=DIRECTION('',(-0.,-0.,-1.));
#15097=DIRECTION('',(-1.,-0.,-0.));
#15098=DIRECTION('',(-0.,-0.,1.));
#15099=DIRECTION('',(1.,-0.,-0.));
#15100=DIRECTION('',(6.12323399573677E-017,1.,3.74939945665464E-033));
#15101=DIRECTION('',(6.12323399573677E-017,1.,3.74939945665464E-033));
#15102=DIRECTION('',(6.12323399573677E-017,1.,3.74939945665464E-033));
#15103=DIRECTION('',(6.12323399573677E-017,1.,3.74939945665464E-033));
#15104=DIRECTION('',(1.,0.,0.));
#15105=DIRECTION('',(0.,0.,1.));
#15106=DIRECTION('',(-1.,0.,0.));
#15107=DIRECTION('',(-9.473903143468E-014,-0.,-1.));
#15108=DIRECTION('',(1.,0.,0.));
#15109=DIRECTION('',(0.,0.,1.));
#15110=DIRECTION('',(-1.,0.,0.));
#15111=DIRECTION('',(6.12323399573677E-017,1.,3.74939945665464E-033));
#15112=DIRECTION('',(6.12323399573677E-017,1.,3.74939945665464E-033));
#15113=DIRECTION('',(6.12323399573677E-017,1.,3.74939945665464E-033));
#15114=DIRECTION('',(-1.,0.,0.));
#15115=DIRECTION('',(-0.,-1.,0.));
#15116=DIRECTION('',(-0.492227979274605,0.,0.870466321243527));
#15117=DIRECTION('',(0.,-1.,0.));
#15118=DIRECTION('',(-1.,0.,0.));
#15119=DIRECTION('',(-0.,-1.,0.));
#15120=DIRECTION('',(-0.492227979274605,0.,0.870466321243527));
#15121=DIRECTION('',(0.,-1.,0.));
#15122=DIRECTION('',(6.12323399573677E-017,1.,3.74939945665464E-033));
#15123=DIRECTION('',(6.12323399573677E-017,1.,3.74939945665464E-033));
#15124=DIRECTION('',(6.12323399573677E-017,1.,3.74939945665464E-033));
#15125=DIRECTION('',(6.12323399573677E-017,1.,3.74939945665464E-033));
#15126=DIRECTION('',(-0.,-0.,-1.));
#15127=DIRECTION('',(-1.,-0.,-0.));
#15128=DIRECTION('',(1.,-0.,-0.));
#15129=DIRECTION('',(-0.,-0.,-1.));
#15130=DIRECTION('',(-1.,-0.,-0.));
#15131=DIRECTION('',(-0.,-0.,1.));
#15132=DIRECTION('',(1.,-0.,-0.));
#15133=DIRECTION('',(6.12323399573677E-017,1.,3.74939945665464E-033));
#15134=DIRECTION('',(6.12323399573677E-017,1.,3.74939945665464E-033));
#15135=DIRECTION('',(6.12323399573677E-017,1.,3.74939945665464E-033));
#15136=DIRECTION('',(6.12323399573677E-017,1.,3.74939945665464E-033));
#15137=DIRECTION('',(1.,0.,0.));
#15138=DIRECTION('',(0.,0.,1.));
#15139=DIRECTION('',(-1.,0.,0.));
#15140=DIRECTION('',(-9.473903143468E-014,-0.,-1.));
#15141=DIRECTION('',(1.,0.,0.));
#15142=DIRECTION('',(0.,0.,1.));
#15143=DIRECTION('',(-1.,0.,0.));
#15144=DIRECTION('',(6.12323399573677E-017,1.,3.74939945665464E-033));
#15145=DIRECTION('',(6.12323399573677E-017,1.,3.74939945665464E-033));
#15146=DIRECTION('',(6.12323399573677E-017,1.,3.74939945665464E-033));
#15147=DIRECTION('',(-1.,0.,0.));
#15148=DIRECTION('',(-0.,-1.,0.));
#15149=DIRECTION('',(-0.492227979274605,0.,0.870466321243527));
#15150=DIRECTION('',(0.,-1.,0.));
#15151=DIRECTION('',(-1.,0.,0.));
#15152=DIRECTION('',(-0.,-1.,0.));
#15153=DIRECTION('',(-0.492227979274605,0.,0.870466321243527));
#15154=DIRECTION('',(0.,-1.,0.));
#15155=DIRECTION('',(6.12323399573677E-017,1.,3.74939945665464E-033));
#15156=DIRECTION('',(6.12323399573677E-017,1.,3.74939945665464E-033));
#15157=DIRECTION('',(6.12323399573677E-017,1.,3.74939945665464E-033));
#15158=DIRECTION('',(6.12323399573677E-017,1.,3.74939945665464E-033));
#15159=DIRECTION('',(-0.,-0.,-1.));
#15160=DIRECTION('',(-1.,-0.,-0.));
#15161=DIRECTION('',(1.,-0.,-0.));
#15162=DIRECTION('',(-0.,-0.,-1.));
#15163=DIRECTION('',(-1.,-0.,-0.));
#15164=DIRECTION('',(-0.,-0.,1.));
#15165=DIRECTION('',(1.,-0.,-0.));
#15166=DIRECTION('',(6.12323399573677E-017,1.,3.74939945665464E-033));
#15167=DIRECTION('',(6.12323399573677E-017,1.,3.74939945665464E-033));
#15168=DIRECTION('',(6.12323399573677E-017,1.,3.74939945665464E-033));
#15169=DIRECTION('',(6.12323399573677E-017,1.,3.74939945665464E-033));
#15170=DIRECTION('',(1.,0.,0.));
#15171=DIRECTION('',(0.,0.,1.));
#15172=DIRECTION('',(-1.,0.,0.));
#15173=DIRECTION('',(-9.473903143468E-014,-0.,-1.));
#15174=DIRECTION('',(1.,0.,0.));
#15175=DIRECTION('',(0.,0.,1.));
#15176=DIRECTION('',(-1.,0.,0.));
#15177=DIRECTION('',(6.12323399573677E-017,1.,3.74939945665464E-033));
#15178=DIRECTION('',(6.12323399573677E-017,1.,3.74939945665464E-033));
#15179=DIRECTION('',(6.12323399573677E-017,1.,3.74939945665464E-033));
#15180=DIRECTION('',(-1.,0.,0.));
#15181=DIRECTION('',(-0.,-1.,0.));
#15182=DIRECTION('',(-0.492227979274605,0.,0.870466321243527));
#15183=DIRECTION('',(0.,-1.,0.));
#15184=DIRECTION('',(-1.,0.,0.));
#15185=DIRECTION('',(-0.,-1.,0.));
#15186=DIRECTION('',(-0.492227979274605,0.,0.870466321243527));
#15187=DIRECTION('',(0.,-1.,0.));
#15188=DIRECTION('',(6.12323399573677E-017,1.,3.74939945665464E-033));
#15189=DIRECTION('',(6.12323399573677E-017,1.,3.74939945665464E-033));
#15190=DIRECTION('',(6.12323399573677E-017,1.,3.74939945665464E-033));
#15191=DIRECTION('',(6.12323399573677E-017,1.,3.74939945665464E-033));
#15192=DIRECTION('',(-0.,-0.,-1.));
#15193=DIRECTION('',(-1.,-0.,-0.));
#15194=DIRECTION('',(1.,-0.,-0.));
#15195=DIRECTION('',(-0.,-0.,-1.));
#15196=DIRECTION('',(-1.,-0.,-0.));
#15197=DIRECTION('',(-0.,-0.,1.));
#15198=DIRECTION('',(1.,-0.,-0.));
#15199=DIRECTION('',(6.12323399573677E-017,1.,3.74939945665464E-033));
#15200=DIRECTION('',(6.12323399573677E-017,1.,3.74939945665464E-033));
#15201=DIRECTION('',(6.12323399573677E-017,1.,3.74939945665464E-033));
#15202=DIRECTION('',(6.12323399573677E-017,1.,3.74939945665464E-033));
#15203=DIRECTION('',(1.,0.,0.));
#15204=DIRECTION('',(0.,0.,1.));
#15205=DIRECTION('',(-1.,0.,0.));
#15206=DIRECTION('',(-9.473903143468E-014,-0.,-1.));
#15207=DIRECTION('',(1.,0.,0.));
#15208=DIRECTION('',(0.,0.,1.));
#15209=DIRECTION('',(-1.,0.,0.));
#15210=DIRECTION('',(6.12323399573677E-017,1.,3.74939945665464E-033));
#15211=DIRECTION('',(6.12323399573677E-017,1.,3.74939945665464E-033));
#15212=DIRECTION('',(6.12323399573677E-017,1.,3.74939945665464E-033));
#15213=DIRECTION('',(6.12323399573677E-017,1.,3.74939945665464E-033));
#15214=DIRECTION('',(-0.,-0.,-1.));
#15215=DIRECTION('',(-1.,-0.,-0.));
#15216=DIRECTION('',(1.,-0.,-0.));
#15217=DIRECTION('',(-0.,-0.,-1.));
#15218=DIRECTION('',(-1.,-0.,-0.));
#15219=DIRECTION('',(-0.,-0.,1.));
#15220=DIRECTION('',(1.,-0.,-0.));
#15221=DIRECTION('',(6.12323399573677E-017,1.,3.74939945665464E-033));
#15222=DIRECTION('',(6.12323399573677E-017,1.,3.74939945665464E-033));
#15223=DIRECTION('',(6.12323399573677E-017,1.,3.74939945665464E-033));
#15224=DIRECTION('',(6.12323399573677E-017,1.,3.74939945665464E-033));
#15225=DIRECTION('',(1.,0.,0.));
#15226=DIRECTION('',(0.,0.,1.));
#15227=DIRECTION('',(-1.,0.,0.));
#15228=DIRECTION('',(-9.473903143468E-014,-0.,-1.));
#15229=DIRECTION('',(1.,0.,0.));
#15230=DIRECTION('',(0.,0.,1.));
#15231=DIRECTION('',(-1.,0.,0.));
#15232=DIRECTION('',(0.,-0.,1.));
#15233=DIRECTION('',(0.,1.,0.));
#15234=DIRECTION('',(0.,0.,1.));
#15235=DIRECTION('',(-1.,0.,0.));
#15236=DIRECTION('',(0.,0.,1.));
#15237=DIRECTION('',(-1.,0.,0.));
#15238=DIRECTION('',(0.,0.,-1.));
#15239=DIRECTION('',(0.,-1.,0.));
#15240=DIRECTION('',(0.0278796464157959,-0.999611287109009,0.));
#15241=DIRECTION('',(-0.999611287109009,-0.0278796464157959,0.));
#15242=DIRECTION('',(0.,0.,-1.));
#15243=DIRECTION('',(0.,-1.,0.));
#15244=DIRECTION('',(0.0220084973473437,-0.999757783687885,0.));
#15245=DIRECTION('',(-0.999757783687885,-0.0220084973473437,0.));
#15246=DIRECTION('',(0.,0.,-1.));
#15247=DIRECTION('',(0.,-1.,0.));
#15248=DIRECTION('',(0.,0.,1.));
#15249=DIRECTION('',(-1.,0.,0.));
#15250=DIRECTION('',(0.,-0.,1.));
#15251=DIRECTION('',(0.,1.,0.));
#15252=DIRECTION('',(-0.848593535097041,0.529045378196906,0.));
#15253=DIRECTION('',(0.529045378196905,0.848593535097041,-0.));
#15254=DIRECTION('',(0.,-0.,1.));
#15255=DIRECTION('',(0.,1.,0.));
#15256=DIRECTION('',(-0.837959379194804,0.545732607436516,0.));
#15257=DIRECTION('',(0.545732607436516,0.837959379194804,-0.));
#15258=DIRECTION('',(0.,-0.,1.));
#15259=DIRECTION('',(0.,1.,0.));
#15260=DIRECTION('',(-0.845051976269564,0.534684166029726,0.));
#15261=DIRECTION('',(0.534684166029726,0.845051976269564,-0.));
#15262=DIRECTION('',(-0.,0.,-1.));
#15263=DIRECTION('',(1.,0.,-0.));
#15264=DIRECTION('',(0.,0.,-1.));
#15265=DIRECTION('',(0.,-1.,0.));
#15266=DIRECTION('',(0.,0.,1.));
#15267=DIRECTION('',(-1.,0.,0.));
#15268=DIRECTION('',(0.,0.,-1.));
#15269=DIRECTION('',(0.,-1.,0.));
#15270=DIRECTION('',(-1.,0.,0.));
#15271=DIRECTION('',(0.,0.,-1.));
#15272=DIRECTION('',(-1.,0.,0.));
#15273=DIRECTION('',(0.,0.,-1.));
#15274=DIRECTION('',(-1.,6.12323399573677E-017,0.));
#15275=DIRECTION('',(6.12323399573677E-017,1.,3.74939945665464E-033));
#15276=DIRECTION('',(-1.,6.12323399573677E-017,0.));
#15277=DIRECTION('',(6.12323399573677E-017,1.,3.74939945665464E-033));
#15278=DIRECTION('',(0.,0.,-1.));
#15279=DIRECTION('',(0.,-1.,0.));
#15280=DIRECTION('',(-1.,6.12323399573677E-017,0.));
#15281=DIRECTION('',(6.12323399573677E-017,1.,3.74939945665464E-033));
#15282=DIRECTION('',(-1.,6.12323399573677E-017,0.));
#15283=DIRECTION('',(6.12323399573677E-017,1.,3.74939945665464E-033));
#15284=DIRECTION('',(0.,0.,-1.));
#15285=DIRECTION('',(0.,-1.,0.));
#15286=DIRECTION('',(0.,-1.,-3.74939945665464E-033));
#15287=DIRECTION('',(0.,-3.74939945665464E-033,1.));
#15288=DIRECTION('',(0.,1.,3.74939945665464E-033));
#15289=DIRECTION('',(0.,3.74939945665464E-033,-1.));
#15290=DIRECTION('',(6.12323399573677E-017,1.,0.));
#15291=DIRECTION('',(1.,-6.12323399573677E-017,0.));
#15292=DIRECTION('',(0.,0.,-1.));
#15293=DIRECTION('',(-0.,-1.,-0.));
#15294=DIRECTION('',(0.,1.,3.74939945665464E-033));
#15295=DIRECTION('',(0.,3.74939945665464E-033,-1.));
#15296=DIRECTION('',(-6.12323399573677E-017,-1.,0.));
#15297=DIRECTION('',(-1.,6.12323399573677E-017,0.));
#15298=DIRECTION('',(0.,-1.,-3.74939945665464E-033));
#15299=DIRECTION('',(0.,-3.74939945665464E-033,1.));
#15300=DIRECTION('',(0.,0.,1.));
#15301=DIRECTION('',(0.,1.,-0.));
#15302=DIRECTION('',(-1.,6.12323399573677E-017,0.));
#15303=DIRECTION('',(6.12323399573677E-017,1.,3.74939945665464E-033));
#15304=DIRECTION('',(-1.,6.12323399573677E-017,0.));
#15305=DIRECTION('',(6.12323399573677E-017,1.,3.74939945665464E-033));
#15306=DIRECTION('',(0.,0.,-1.));
#15307=DIRECTION('',(0.,-1.,0.));
#15308=DIRECTION('',(0.,-1.,-3.74939945665464E-033));
#15309=DIRECTION('',(0.,-3.74939945665464E-033,1.));
#15310=DIRECTION('',(0.,1.,3.74939945665464E-033));
#15311=DIRECTION('',(0.,3.74939945665464E-033,-1.));
#15312=DIRECTION('',(6.12323399573677E-017,1.,0.));
#15313=DIRECTION('',(1.,-6.12323399573677E-017,0.));
#15314=DIRECTION('',(0.,0.,-1.));
#15315=DIRECTION('',(-0.,-1.,-0.));
#15316=DIRECTION('',(0.,1.,3.74939945665464E-033));
#15317=DIRECTION('',(0.,3.74939945665464E-033,-1.));
#15318=DIRECTION('',(-6.12323399573677E-017,-1.,0.));
#15319=DIRECTION('',(-1.,6.12323399573677E-017,0.));
#15320=DIRECTION('',(0.,-1.,-3.74939945665464E-033));
#15321=DIRECTION('',(0.,-3.74939945665464E-033,1.));
#15322=DIRECTION('',(0.,0.,1.));
#15323=DIRECTION('',(0.,1.,-0.));
#15324=DIRECTION('',(-1.,6.12323399573677E-017,0.));
#15325=DIRECTION('',(6.12323399573677E-017,1.,3.74939945665464E-033));
#15326=DIRECTION('',(-1.,6.12323399573677E-017,0.));
#15327=DIRECTION('',(6.12323399573677E-017,1.,3.74939945665464E-033));
#15328=DIRECTION('',(0.,0.,-1.));
#15329=DIRECTION('',(0.,-1.,0.));
#15330=DIRECTION('',(0.,-1.,-3.74939945665464E-033));
#15331=DIRECTION('',(0.,-3.74939945665464E-033,1.));
#15332=DIRECTION('',(0.,1.,3.74939945665464E-033));
#15333=DIRECTION('',(0.,3.74939945665464E-033,-1.));
#15334=DIRECTION('',(6.12323399573677E-017,1.,0.));
#15335=DIRECTION('',(1.,-6.12323399573677E-017,0.));
#15336=DIRECTION('',(0.,0.,-1.));
#15337=DIRECTION('',(-0.,-1.,-0.));
#15338=DIRECTION('',(0.,1.,3.74939945665464E-033));
#15339=DIRECTION('',(0.,3.74939945665464E-033,-1.));
#15340=DIRECTION('',(-6.12323399573677E-017,-1.,0.));
#15341=DIRECTION('',(-1.,6.12323399573677E-017,0.));
#15342=DIRECTION('',(0.,-1.,-3.74939945665464E-033));
#15343=DIRECTION('',(0.,-3.74939945665464E-033,1.));
#15344=DIRECTION('',(0.,0.,1.));
#15345=DIRECTION('',(0.,1.,-0.));
#15346=DIRECTION('',(0.,-1.,-3.74939945665464E-033));
#15347=DIRECTION('',(0.,-3.74939945665464E-033,1.));
#15348=DIRECTION('',(0.,1.,3.74939945665464E-033));
#15349=DIRECTION('',(0.,3.74939945665464E-033,-1.));
#15350=DIRECTION('',(6.12323399573677E-017,1.,0.));
#15351=DIRECTION('',(1.,-6.12323399573677E-017,0.));
#15352=DIRECTION('',(0.,0.,-1.));
#15353=DIRECTION('',(-0.,-1.,-0.));
#15354=DIRECTION('',(0.,1.,3.74939945665464E-033));
#15355=DIRECTION('',(0.,3.74939945665464E-033,-1.));
#15356=DIRECTION('',(-6.12323399573677E-017,-1.,0.));
#15357=DIRECTION('',(-1.,6.12323399573677E-017,0.));
#15358=DIRECTION('',(0.,0.,1.));
#15359=DIRECTION('',(0.,1.,-0.));
#15360=DIRECTION('',(-1.,6.12323399573677E-017,0.));
#15361=DIRECTION('',(6.12323399573677E-017,1.,3.74939945665464E-033));
#15362=DIRECTION('',(-1.,6.12323399573677E-017,0.));
#15363=DIRECTION('',(6.12323399573677E-017,1.,3.74939945665464E-033));
#15364=DIRECTION('',(0.,0.,-1.));
#15365=DIRECTION('',(0.,-1.,0.));
#15366=DIRECTION('',(0.,-1.,-3.74939945665464E-033));
#15367=DIRECTION('',(0.,-3.74939945665464E-033,1.));
#15368=DIRECTION('',(0.,1.,3.74939945665464E-033));
#15369=DIRECTION('',(0.,3.74939945665464E-033,-1.));
#15370=DIRECTION('',(6.12323399573677E-017,1.,0.));
#15371=DIRECTION('',(1.,-6.12323399573677E-017,0.));
#15372=DIRECTION('',(0.,0.,-1.));
#15373=DIRECTION('',(-0.,-1.,-0.));
#15374=DIRECTION('',(0.,1.,3.74939945665464E-033));
#15375=DIRECTION('',(0.,3.74939945665464E-033,-1.));
#15376=DIRECTION('',(-6.12323399573677E-017,-1.,0.));
#15377=DIRECTION('',(-1.,6.12323399573677E-017,0.));
#15378=DIRECTION('',(1.,0.,1.42108547152E-014));
#15379=DIRECTION('',(-1.42108547152E-014,8.66414487549232E-031,1.));
#15380=DIRECTION('',(0.,0.,1.));
#15381=DIRECTION('',(0.,1.,-0.));
#15382=DIRECTION('',(-1.,6.12323399573677E-017,0.));
#15383=DIRECTION('',(6.12323399573677E-017,1.,3.74939945665464E-033));
#15384=DIRECTION('',(-1.,6.12323399573677E-017,0.));
#15385=DIRECTION('',(6.12323399573677E-017,1.,3.74939945665464E-033));
#15386=DIRECTION('',(0.,0.,-1.));
#15387=DIRECTION('',(0.,-1.,0.));
#15388=DIRECTION('',(0.,-1.,-3.74939945665464E-033));
#15389=DIRECTION('',(0.,-3.74939945665464E-033,1.));
#15390=DIRECTION('',(0.,1.,3.74939945665464E-033));
#15391=DIRECTION('',(0.,3.74939945665464E-033,-1.));
#15392=DIRECTION('',(6.12323399573677E-017,1.,0.));
#15393=DIRECTION('',(1.,-6.12323399573677E-017,0.));
#15394=DIRECTION('',(0.,0.,-1.));
#15395=DIRECTION('',(-0.,-1.,-0.));
#15396=DIRECTION('',(-1.,6.12323399573677E-017,0.));
#15397=DIRECTION('',(6.12323399573677E-017,1.,3.74939945665464E-033));
#15398=DIRECTION('',(-1.,6.12323399573677E-017,0.));
#15399=DIRECTION('',(6.12323399573677E-017,1.,3.74939945665464E-033));
#15400=DIRECTION('',(0.,0.,-1.));
#15401=DIRECTION('',(0.,-1.,0.));
#15402=DIRECTION('',(0.,-1.,-3.74939945665464E-033));
#15403=DIRECTION('',(0.,-3.74939945665464E-033,1.));
#15404=DIRECTION('',(0.,1.,3.74939945665464E-033));
#15405=DIRECTION('',(0.,3.74939945665464E-033,-1.));
#15406=DIRECTION('',(6.12323399573677E-017,1.,0.));
#15407=DIRECTION('',(1.,-6.12323399573677E-017,0.));
#15408=DIRECTION('',(0.,0.,-1.));
#15409=DIRECTION('',(-0.,-1.,-0.));
#15410=DIRECTION('',(-1.,6.12323399573677E-017,0.));
#15411=DIRECTION('',(6.12323399573677E-017,1.,3.74939945665464E-033));
#15412=DIRECTION('',(-1.,6.12323399573677E-017,0.));
#15413=DIRECTION('',(6.12323399573677E-017,1.,3.74939945665464E-033));
#15414=DIRECTION('',(0.,0.,-1.));
#15415=DIRECTION('',(0.,-1.,0.));
#15416=DIRECTION('',(0.,-1.,-3.74939945665464E-033));
#15417=DIRECTION('',(0.,-3.74939945665464E-033,1.));
#15418=DIRECTION('',(0.,1.,3.74939945665464E-033));
#15419=DIRECTION('',(0.,3.74939945665464E-033,-1.));
#15420=DIRECTION('',(6.12323399573677E-017,1.,0.));
#15421=DIRECTION('',(1.,-6.12323399573677E-017,0.));
#15422=DIRECTION('',(0.,0.,-1.));
#15423=DIRECTION('',(-0.,-1.,-0.));
#15424=DIRECTION('',(0.,1.,3.74939945665464E-033));
#15425=DIRECTION('',(0.,3.74939945665464E-033,-1.));
#15426=DIRECTION('',(-6.12323399573677E-017,-1.,0.));
#15427=DIRECTION('',(-1.,6.12323399573677E-017,0.));
#15428=DIRECTION('',(1.,0.,1.42108547152E-014));
#15429=DIRECTION('',(-1.42108547152E-014,8.66414487549232E-031,1.));
#15430=DIRECTION('',(0.,0.,1.));
#15431=DIRECTION('',(0.,1.,-0.));
#15432=DIRECTION('',(-1.,6.12323399573677E-017,0.));
#15433=DIRECTION('',(6.12323399573677E-017,1.,3.74939945665464E-033));
#15434=DIRECTION('',(-1.,6.12323399573677E-017,0.));
#15435=DIRECTION('',(6.12323399573677E-017,1.,3.74939945665464E-033));
#15436=DIRECTION('',(0.,0.,-1.));
#15437=DIRECTION('',(0.,-1.,0.));
#15438=DIRECTION('',(0.,-1.,-3.74939945665464E-033));
#15439=DIRECTION('',(0.,-3.74939945665464E-033,1.));
#15440=DIRECTION('',(0.,1.,3.74939945665464E-033));
#15441=DIRECTION('',(0.,3.74939945665464E-033,-1.));
#15442=DIRECTION('',(6.12323399573677E-017,1.,0.));
#15443=DIRECTION('',(1.,-6.12323399573677E-017,0.));
#15444=DIRECTION('',(0.,0.,-1.));
#15445=DIRECTION('',(-0.,-1.,-0.));
#15446=DIRECTION('',(0.,1.,3.74939945665464E-033));
#15447=DIRECTION('',(0.,3.74939945665464E-033,-1.));
#15448=DIRECTION('',(-6.12323399573677E-017,-1.,0.));
#15449=DIRECTION('',(-1.,6.12323399573677E-017,0.));
#15450=DIRECTION('',(1.,0.,1.42108547152E-014));
#15451=DIRECTION('',(-1.42108547152E-014,8.66414487549232E-031,1.));
#15452=DIRECTION('',(0.,0.,1.));
#15453=DIRECTION('',(0.,1.,-0.));
#15454=DIRECTION('',(0.,-1.,-3.74939945665464E-033));
#15455=DIRECTION('',(0.,-3.74939945665464E-033,1.));
#15456=DIRECTION('',(0.,1.,3.74939945665464E-033));
#15457=DIRECTION('',(0.,3.74939945665464E-033,-1.));
#15458=DIRECTION('',(6.12323399573677E-017,1.,0.));
#15459=DIRECTION('',(1.,-6.12323399573677E-017,0.));
#15460=DIRECTION('',(0.,0.,-1.));
#15461=DIRECTION('',(-0.,-1.,-0.));
#15462=DIRECTION('',(0.,1.,3.74939945665464E-033));
#15463=DIRECTION('',(0.,3.74939945665464E-033,-1.));
#15464=DIRECTION('',(-6.12323399573677E-017,-1.,0.));
#15465=DIRECTION('',(-1.,6.12323399573677E-017,0.));
#15466=DIRECTION('',(1.,0.,1.42108547152E-014));
#15467=DIRECTION('',(-1.42108547152E-014,8.66414487549232E-031,1.));
#15468=DIRECTION('',(0.,0.,1.));
#15469=DIRECTION('',(0.,1.,-0.));
#15470=DIRECTION('',(-1.,6.12323399573677E-017,0.));
#15471=DIRECTION('',(6.12323399573677E-017,1.,3.74939945665464E-033));
#15472=DIRECTION('',(-1.,6.12323399573677E-017,0.));
#15473=DIRECTION('',(6.12323399573677E-017,1.,3.74939945665464E-033));
#15474=DIRECTION('',(0.,0.,-1.));
#15475=DIRECTION('',(0.,-1.,0.));
#15476=DIRECTION('',(0.,1.,3.74939945665464E-033));
#15477=DIRECTION('',(0.,3.74939945665464E-033,-1.));
#15478=DIRECTION('',(-6.12323399573677E-017,-1.,0.));
#15479=DIRECTION('',(-1.,6.12323399573677E-017,0.));
#15480=DIRECTION('',(1.,0.,1.42108547152E-014));
#15481=DIRECTION('',(-1.42108547152E-014,8.66414487549232E-031,1.));
#15482=DIRECTION('',(0.,0.,1.));
#15483=DIRECTION('',(0.,1.,-0.));
#15484=DIRECTION('',(-1.,6.12323399573677E-017,0.));
#15485=DIRECTION('',(6.12323399573677E-017,1.,3.74939945665464E-033));
#15486=DIRECTION('',(-1.,6.12323399573677E-017,0.));
#15487=DIRECTION('',(6.12323399573677E-017,1.,3.74939945665464E-033));
#15488=DIRECTION('',(0.,0.,-1.));
#15489=DIRECTION('',(0.,-1.,0.));
#15490=DIRECTION('',(0.,-1.,-3.74939945665464E-033));
#15491=DIRECTION('',(0.,-3.74939945665464E-033,1.));
#15492=DIRECTION('',(0.,1.,3.74939945665464E-033));
#15493=DIRECTION('',(0.,3.74939945665464E-033,-1.));
#15494=DIRECTION('',(6.12323399573677E-017,1.,0.));
#15495=DIRECTION('',(1.,-6.12323399573677E-017,0.));
#15496=DIRECTION('',(0.,0.,-1.));
#15497=DIRECTION('',(-0.,-1.,-0.));
#15498=DIRECTION('',(0.,1.,3.74939945665464E-033));
#15499=DIRECTION('',(0.,3.74939945665464E-033,-1.));
#15500=DIRECTION('',(-6.12323399573677E-017,-1.,0.));
#15501=DIRECTION('',(-1.,6.12323399573677E-017,0.));
#15502=DIRECTION('',(1.,0.,1.42108547152E-014));
#15503=DIRECTION('',(-1.42108547152E-014,8.66414487549232E-031,1.));
#15504=DIRECTION('',(0.,0.,1.));
#15505=DIRECTION('',(0.,1.,-0.));
#15506=DIRECTION('',(-1.,6.12323399573677E-017,0.));
#15507=DIRECTION('',(6.12323399573677E-017,1.,3.74939945665464E-033));
#15508=DIRECTION('',(-1.,6.12323399573677E-017,0.));
#15509=DIRECTION('',(6.12323399573677E-017,1.,3.74939945665464E-033));
#15510=DIRECTION('',(0.,0.,-1.));
#15511=DIRECTION('',(0.,-1.,0.));
#15512=DIRECTION('',(0.,-1.,-3.74939945665464E-033));
#15513=DIRECTION('',(0.,-3.74939945665464E-033,1.));
#15514=DIRECTION('',(0.,1.,3.74939945665464E-033));
#15515=DIRECTION('',(0.,3.74939945665464E-033,-1.));
#15516=DIRECTION('',(6.12323399573677E-017,1.,0.));
#15517=DIRECTION('',(1.,-6.12323399573677E-017,0.));
#15518=DIRECTION('',(0.,0.,-1.));
#15519=DIRECTION('',(-0.,-1.,-0.));
#15520=DIRECTION('',(0.,1.,3.74939945665464E-033));
#15521=DIRECTION('',(0.,3.74939945665464E-033,-1.));
#15522=DIRECTION('',(-6.12323399573677E-017,-1.,0.));
#15523=DIRECTION('',(-1.,6.12323399573677E-017,0.));
#15524=DIRECTION('',(0.,-1.,-3.74939945665464E-033));
#15525=DIRECTION('',(0.,-3.74939945665464E-033,1.));
#15526=DIRECTION('',(0.,0.,1.));
#15527=DIRECTION('',(0.,1.,-0.));
#15528=DIRECTION('',(-1.,6.12323399573677E-017,0.));
#15529=DIRECTION('',(6.12323399573677E-017,1.,3.74939945665464E-033));
#15530=DIRECTION('',(-1.,6.12323399573677E-017,0.));
#15531=DIRECTION('',(6.12323399573677E-017,1.,3.74939945665464E-033));
#15532=DIRECTION('',(0.,0.,-1.));
#15533=DIRECTION('',(0.,-1.,0.));
#15534=DIRECTION('',(0.,-1.,-3.74939945665464E-033));
#15535=DIRECTION('',(0.,-3.74939945665464E-033,1.));
#15536=DIRECTION('',(0.,1.,3.74939945665464E-033));
#15537=DIRECTION('',(0.,3.74939945665464E-033,-1.));
#15538=DIRECTION('',(6.12323399573677E-017,1.,0.));
#15539=DIRECTION('',(1.,-6.12323399573677E-017,0.));
#15540=DIRECTION('',(0.,0.,-1.));
#15541=DIRECTION('',(-0.,-1.,-0.));
#15542=DIRECTION('',(0.,1.,3.74939945665464E-033));
#15543=DIRECTION('',(0.,3.74939945665464E-033,-1.));
#15544=DIRECTION('',(-6.12323399573677E-017,-1.,0.));
#15545=DIRECTION('',(-1.,6.12323399573677E-017,0.));
#15546=DIRECTION('',(0.,-1.,-3.74939945665464E-033));
#15547=DIRECTION('',(0.,-3.74939945665464E-033,1.));
#15548=DIRECTION('',(0.,0.,1.));
#15549=DIRECTION('',(0.,1.,-0.));
#15550=DIRECTION('',(-1.,6.12323399573677E-017,0.));
#15551=DIRECTION('',(6.12323399573677E-017,1.,3.74939945665464E-033));
#15552=DIRECTION('',(-1.,6.12323399573677E-017,0.));
#15553=DIRECTION('',(6.12323399573677E-017,1.,3.74939945665464E-033));
#15554=DIRECTION('',(0.,0.,-1.));
#15555=DIRECTION('',(0.,-1.,0.));
#15556=DIRECTION('',(0.,-1.,-3.74939945665464E-033));
#15557=DIRECTION('',(0.,-3.74939945665464E-033,1.));
#15558=DIRECTION('',(0.,1.,3.74939945665464E-033));
#15559=DIRECTION('',(0.,3.74939945665464E-033,-1.));
#15560=DIRECTION('',(6.12323399573677E-017,1.,0.));
#15561=DIRECTION('',(1.,-6.12323399573677E-017,0.));
#15562=DIRECTION('',(0.,0.,-1.));
#15563=DIRECTION('',(-0.,-1.,-0.));
#15564=DIRECTION('',(0.,1.,3.74939945665464E-033));
#15565=DIRECTION('',(0.,3.74939945665464E-033,-1.));
#15566=DIRECTION('',(-6.12323399573677E-017,-1.,0.));
#15567=DIRECTION('',(-1.,6.12323399573677E-017,0.));
#15568=DIRECTION('',(0.,-1.,-3.74939945665464E-033));
#15569=DIRECTION('',(0.,-3.74939945665464E-033,1.));
#15570=DIRECTION('',(0.,0.,1.));
#15571=DIRECTION('',(0.,1.,-0.));
#15572=DIRECTION('',(-1.,6.12323399573677E-017,0.));
#15573=DIRECTION('',(6.12323399573677E-017,1.,3.74939945665464E-033));
#15574=DIRECTION('',(-1.,6.12323399573677E-017,0.));
#15575=DIRECTION('',(6.12323399573677E-017,1.,3.74939945665464E-033));
#15576=DIRECTION('',(0.,0.,-1.));
#15577=DIRECTION('',(0.,-1.,0.));
#15578=DIRECTION('',(0.,-1.,-3.74939945665464E-033));
#15579=DIRECTION('',(0.,-3.74939945665464E-033,1.));
#15580=DIRECTION('',(0.,1.,3.74939945665464E-033));
#15581=DIRECTION('',(0.,3.74939945665464E-033,-1.));
#15582=DIRECTION('',(6.12323399573677E-017,1.,0.));
#15583=DIRECTION('',(1.,-6.12323399573677E-017,0.));
#15584=DIRECTION('',(0.,0.,-1.));
#15585=DIRECTION('',(-0.,-1.,-0.));
#15586=DIRECTION('',(0.,1.,3.74939945665464E-033));
#15587=DIRECTION('',(0.,3.74939945665464E-033,-1.));
#15588=DIRECTION('',(-6.12323399573677E-017,-1.,0.));
#15589=DIRECTION('',(-1.,6.12323399573677E-017,0.));
#15590=DIRECTION('',(0.,-1.,-3.74939945665464E-033));
#15591=DIRECTION('',(0.,-3.74939945665464E-033,1.));
#15592=DIRECTION('',(0.,0.,1.));
#15593=DIRECTION('',(0.,1.,-0.));
#15594=DIRECTION('',(-1.,6.12323399573677E-017,0.));
#15595=DIRECTION('',(6.12323399573677E-017,1.,3.74939945665464E-033));
#15596=DIRECTION('',(-1.,6.12323399573677E-017,0.));
#15597=DIRECTION('',(6.12323399573677E-017,1.,3.74939945665464E-033));
#15598=DIRECTION('',(0.,0.,-1.));
#15599=DIRECTION('',(0.,-1.,0.));
#15600=DIRECTION('',(0.,-1.,-3.74939945665464E-033));
#15601=DIRECTION('',(0.,-3.74939945665464E-033,1.));
#15602=DIRECTION('',(0.,1.,3.74939945665464E-033));
#15603=DIRECTION('',(0.,3.74939945665464E-033,-1.));
#15604=DIRECTION('',(6.12323399573677E-017,1.,0.));
#15605=DIRECTION('',(1.,-6.12323399573677E-017,0.));
#15606=DIRECTION('',(0.,0.,-1.));
#15607=DIRECTION('',(-0.,-1.,-0.));
#15608=DIRECTION('',(0.,1.,3.74939945665464E-033));
#15609=DIRECTION('',(0.,3.74939945665464E-033,-1.));
#15610=DIRECTION('',(-6.12323399573677E-017,-1.,0.));
#15611=DIRECTION('',(-1.,6.12323399573677E-017,0.));
#15612=DIRECTION('',(0.,-1.,-3.74939945665464E-033));
#15613=DIRECTION('',(0.,-3.74939945665464E-033,1.));
#15614=DIRECTION('',(0.,0.,1.));
#15615=DIRECTION('',(0.,1.,-0.));
#15616=DIRECTION('',(-1.,6.12323399573677E-017,0.));
#15617=DIRECTION('',(6.12323399573677E-017,1.,3.74939945665464E-033));
#15618=DIRECTION('',(-1.,6.12323399573677E-017,0.));
#15619=DIRECTION('',(6.12323399573677E-017,1.,3.74939945665464E-033));
#15620=DIRECTION('',(0.,0.,-1.));
#15621=DIRECTION('',(0.,-1.,0.));
#15622=DIRECTION('',(0.,-1.,-3.74939945665464E-033));
#15623=DIRECTION('',(0.,-3.74939945665464E-033,1.));
#15624=DIRECTION('',(0.,1.,3.74939945665464E-033));
#15625=DIRECTION('',(0.,3.74939945665464E-033,-1.));
#15626=DIRECTION('',(6.12323399573677E-017,1.,0.));
#15627=DIRECTION('',(1.,-6.12323399573677E-017,0.));
#15628=DIRECTION('',(0.,0.,-1.));
#15629=DIRECTION('',(-0.,-1.,-0.));
#15630=DIRECTION('',(0.,1.,3.74939945665464E-033));
#15631=DIRECTION('',(0.,3.74939945665464E-033,-1.));
#15632=DIRECTION('',(-6.12323399573677E-017,-1.,0.));
#15633=DIRECTION('',(-1.,6.12323399573677E-017,0.));
#15634=DIRECTION('',(0.,-1.,-3.74939945665464E-033));
#15635=DIRECTION('',(0.,-3.74939945665464E-033,1.));
#15636=DIRECTION('',(0.,0.,1.));
#15637=DIRECTION('',(0.,1.,-0.));
#15638=DIRECTION('',(-1.,6.12323399573677E-017,0.));
#15639=DIRECTION('',(6.12323399573677E-017,1.,3.74939945665464E-033));
#15640=DIRECTION('',(-1.,6.12323399573677E-017,0.));
#15641=DIRECTION('',(6.12323399573677E-017,1.,3.74939945665464E-033));
#15642=DIRECTION('',(0.,0.,-1.));
#15643=DIRECTION('',(0.,-1.,0.));
#15644=DIRECTION('',(0.,-1.,-3.74939945665464E-033));
#15645=DIRECTION('',(0.,-3.74939945665464E-033,1.));
#15646=DIRECTION('',(0.,1.,3.74939945665464E-033));
#15647=DIRECTION('',(0.,3.74939945665464E-033,-1.));
#15648=DIRECTION('',(6.12323399573677E-017,1.,0.));
#15649=DIRECTION('',(1.,-6.12323399573677E-017,0.));
#15650=DIRECTION('',(0.,0.,-1.));
#15651=DIRECTION('',(-0.,-1.,-0.));
#15652=DIRECTION('',(0.,1.,3.74939945665464E-033));
#15653=DIRECTION('',(0.,3.74939945665464E-033,-1.));
#15654=DIRECTION('',(-6.12323399573677E-017,-1.,0.));
#15655=DIRECTION('',(-1.,6.12323399573677E-017,0.));
#15656=DIRECTION('',(0.,-1.,-3.74939945665464E-033));
#15657=DIRECTION('',(0.,-3.74939945665464E-033,1.));
#15658=DIRECTION('',(0.,0.,1.));
#15659=DIRECTION('',(0.,1.,-0.));
#15660=DIRECTION('',(-1.,6.12323399573677E-017,0.));
#15661=DIRECTION('',(6.12323399573677E-017,1.,3.74939945665464E-033));
#15662=DIRECTION('',(-1.,6.12323399573677E-017,0.));
#15663=DIRECTION('',(6.12323399573677E-017,1.,3.74939945665464E-033));
#15664=DIRECTION('',(0.,0.,-1.));
#15665=DIRECTION('',(0.,-1.,0.));
#15666=DIRECTION('',(0.,-1.,-3.74939945665464E-033));
#15667=DIRECTION('',(0.,-3.74939945665464E-033,1.));
#15668=DIRECTION('',(0.,1.,3.74939945665464E-033));
#15669=DIRECTION('',(0.,3.74939945665464E-033,-1.));
#15670=DIRECTION('',(6.12323399573677E-017,1.,0.));
#15671=DIRECTION('',(1.,-6.12323399573677E-017,0.));
#15672=DIRECTION('',(0.,0.,-1.));
#15673=DIRECTION('',(-0.,-1.,-0.));
#15674=DIRECTION('',(0.,1.,3.74939945665464E-033));
#15675=DIRECTION('',(0.,3.74939945665464E-033,-1.));
#15676=DIRECTION('',(-6.12323399573677E-017,-1.,0.));
#15677=DIRECTION('',(-1.,6.12323399573677E-017,0.));
#15678=DIRECTION('',(0.,-1.,-3.74939945665464E-033));
#15679=DIRECTION('',(0.,-3.74939945665464E-033,1.));
#15680=DIRECTION('',(0.,0.,1.));
#15681=DIRECTION('',(0.,1.,-0.));
#15682=DIRECTION('',(-1.,6.12323399573677E-017,0.));
#15683=DIRECTION('',(6.12323399573677E-017,1.,3.74939945665464E-033));
#15684=DIRECTION('',(-1.,6.12323399573677E-017,0.));
#15685=DIRECTION('',(6.12323399573677E-017,1.,3.74939945665464E-033));
#15686=DIRECTION('',(0.,0.,-1.));
#15687=DIRECTION('',(0.,-1.,0.));
#15688=DIRECTION('',(0.,-1.,-3.74939945665464E-033));
#15689=DIRECTION('',(0.,-3.74939945665464E-033,1.));
#15690=DIRECTION('',(0.,1.,3.74939945665464E-033));
#15691=DIRECTION('',(0.,3.74939945665464E-033,-1.));
#15692=DIRECTION('',(6.12323399573677E-017,1.,0.));
#15693=DIRECTION('',(1.,-6.12323399573677E-017,0.));
#15694=DIRECTION('',(0.,0.,-1.));
#15695=DIRECTION('',(-0.,-1.,-0.));
#15696=DIRECTION('',(0.,1.,3.74939945665464E-033));
#15697=DIRECTION('',(0.,3.74939945665464E-033,-1.));
#15698=DIRECTION('',(-6.12323399573677E-017,-1.,0.));
#15699=DIRECTION('',(-1.,6.12323399573677E-017,0.));
#15700=DIRECTION('',(0.,-1.,-3.74939945665464E-033));
#15701=DIRECTION('',(0.,-3.74939945665464E-033,1.));
#15702=DIRECTION('',(0.,0.,1.));
#15703=DIRECTION('',(0.,1.,-0.));
#15704=DIRECTION('',(-1.,6.12323399573677E-017,0.));
#15705=DIRECTION('',(6.12323399573677E-017,1.,3.74939945665464E-033));
#15706=DIRECTION('',(-1.,6.12323399573677E-017,0.));
#15707=DIRECTION('',(6.12323399573677E-017,1.,3.74939945665464E-033));
#15708=DIRECTION('',(0.,0.,-1.));
#15709=DIRECTION('',(0.,-1.,0.));
#15710=DIRECTION('',(0.,-1.,-3.74939945665464E-033));
#15711=DIRECTION('',(0.,-3.74939945665464E-033,1.));
#15712=DIRECTION('',(0.,1.,3.74939945665464E-033));
#15713=DIRECTION('',(0.,3.74939945665464E-033,-1.));
#15714=DIRECTION('',(6.12323399573677E-017,1.,0.));
#15715=DIRECTION('',(1.,-6.12323399573677E-017,0.));
#15716=DIRECTION('',(0.,0.,-1.));
#15717=DIRECTION('',(-0.,-1.,-0.));
#15718=DIRECTION('',(0.,1.,3.74939945665464E-033));
#15719=DIRECTION('',(0.,3.74939945665464E-033,-1.));
#15720=DIRECTION('',(-6.12323399573677E-017,-1.,0.));
#15721=DIRECTION('',(-1.,6.12323399573677E-017,0.));
#15722=DIRECTION('',(0.,-1.,-3.74939945665464E-033));
#15723=DIRECTION('',(0.,-3.74939945665464E-033,1.));
#15724=DIRECTION('',(0.,0.,1.));
#15725=DIRECTION('',(0.,1.,-0.));
#15726=DIRECTION('',(-1.,6.12323399573677E-017,0.));
#15727=DIRECTION('',(6.12323399573677E-017,1.,3.74939945665464E-033));
#15728=DIRECTION('',(-1.,6.12323399573677E-017,0.));
#15729=DIRECTION('',(6.12323399573677E-017,1.,3.74939945665464E-033));
#15730=DIRECTION('',(0.,0.,-1.));
#15731=DIRECTION('',(0.,-1.,0.));
#15732=DIRECTION('',(0.,-1.,-3.74939945665464E-033));
#15733=DIRECTION('',(0.,-3.74939945665464E-033,1.));
#15734=DIRECTION('',(0.,1.,3.74939945665464E-033));
#15735=DIRECTION('',(0.,3.74939945665464E-033,-1.));
#15736=DIRECTION('',(6.12323399573677E-017,1.,0.));
#15737=DIRECTION('',(1.,-6.12323399573677E-017,0.));
#15738=DIRECTION('',(0.,0.,-1.));
#15739=DIRECTION('',(-0.,-1.,-0.));
#15740=DIRECTION('',(0.,1.,3.74939945665464E-033));
#15741=DIRECTION('',(0.,3.74939945665464E-033,-1.));
#15742=DIRECTION('',(-6.12323399573677E-017,-1.,0.));
#15743=DIRECTION('',(-1.,6.12323399573677E-017,0.));
#15744=DIRECTION('',(0.,-1.,-3.74939945665464E-033));
#15745=DIRECTION('',(0.,-3.74939945665464E-033,1.));
#15746=DIRECTION('',(0.,0.,1.));
#15747=DIRECTION('',(0.,1.,-0.));
#15748=DIRECTION('',(-1.,6.12323399573677E-017,0.));
#15749=DIRECTION('',(6.12323399573677E-017,1.,3.74939945665464E-033));
#15750=DIRECTION('',(-1.,6.12323399573677E-017,0.));
#15751=DIRECTION('',(6.12323399573677E-017,1.,3.74939945665464E-033));
#15752=DIRECTION('',(0.,0.,-1.));
#15753=DIRECTION('',(0.,-1.,0.));
#15754=DIRECTION('',(0.,-1.,-3.74939945665464E-033));
#15755=DIRECTION('',(0.,-3.74939945665464E-033,1.));
#15756=DIRECTION('',(0.,1.,3.74939945665464E-033));
#15757=DIRECTION('',(0.,3.74939945665464E-033,-1.));
#15758=DIRECTION('',(6.12323399573677E-017,1.,0.));
#15759=DIRECTION('',(1.,-6.12323399573677E-017,0.));
#15760=DIRECTION('',(0.,0.,-1.));
#15761=DIRECTION('',(-0.,-1.,-0.));
#15762=DIRECTION('',(0.,1.,3.74939945665464E-033));
#15763=DIRECTION('',(0.,3.74939945665464E-033,-1.));
#15764=DIRECTION('',(-6.12323399573677E-017,-1.,0.));
#15765=DIRECTION('',(-1.,6.12323399573677E-017,0.));
#15766=DIRECTION('',(0.,-1.,-3.74939945665464E-033));
#15767=DIRECTION('',(0.,-3.74939945665464E-033,1.));
#15768=DIRECTION('',(0.,0.,1.));
#15769=DIRECTION('',(0.,1.,-0.));
#15770=DIRECTION('',(-1.,6.12323399573677E-017,0.));
#15771=DIRECTION('',(6.12323399573677E-017,1.,3.74939945665464E-033));
#15772=DIRECTION('',(-1.,6.12323399573677E-017,0.));
#15773=DIRECTION('',(6.12323399573677E-017,1.,3.74939945665464E-033));
#15774=DIRECTION('',(0.,0.,-1.));
#15775=DIRECTION('',(0.,-1.,0.));
#15776=DIRECTION('',(0.,-1.,-3.74939945665464E-033));
#15777=DIRECTION('',(0.,-3.74939945665464E-033,1.));
#15778=DIRECTION('',(0.,1.,3.74939945665464E-033));
#15779=DIRECTION('',(0.,3.74939945665464E-033,-1.));
#15780=DIRECTION('',(6.12323399573677E-017,1.,0.));
#15781=DIRECTION('',(1.,-6.12323399573677E-017,0.));
#15782=DIRECTION('',(0.,0.,-1.));
#15783=DIRECTION('',(-0.,-1.,-0.));
#15784=DIRECTION('',(0.,1.,3.74939945665464E-033));
#15785=DIRECTION('',(0.,3.74939945665464E-033,-1.));
#15786=DIRECTION('',(-6.12323399573677E-017,-1.,0.));
#15787=DIRECTION('',(-1.,6.12323399573677E-017,0.));
#15788=DIRECTION('',(0.,-1.,-3.74939945665464E-033));
#15789=DIRECTION('',(0.,-3.74939945665464E-033,1.));
#15790=DIRECTION('',(0.,0.,1.));
#15791=DIRECTION('',(0.,1.,-0.));
#15792=DIRECTION('',(-1.,6.12323399573677E-017,0.));
#15793=DIRECTION('',(6.12323399573677E-017,1.,3.74939945665464E-033));
#15794=DIRECTION('',(-1.,6.12323399573677E-017,0.));
#15795=DIRECTION('',(6.12323399573677E-017,1.,3.74939945665464E-033));
#15796=DIRECTION('',(0.,0.,-1.));
#15797=DIRECTION('',(0.,-1.,0.));
#15798=DIRECTION('',(0.,-1.,-3.74939945665464E-033));
#15799=DIRECTION('',(0.,-3.74939945665464E-033,1.));
#15800=DIRECTION('',(0.,1.,3.74939945665464E-033));
#15801=DIRECTION('',(0.,3.74939945665464E-033,-1.));
#15802=DIRECTION('',(6.12323399573677E-017,1.,0.));
#15803=DIRECTION('',(1.,-6.12323399573677E-017,0.));
#15804=DIRECTION('',(0.,0.,-1.));
#15805=DIRECTION('',(-0.,-1.,-0.));
#15806=DIRECTION('',(0.,1.,3.74939945665464E-033));
#15807=DIRECTION('',(0.,3.74939945665464E-033,-1.));
#15808=DIRECTION('',(-6.12323399573677E-017,-1.,0.));
#15809=DIRECTION('',(-1.,6.12323399573677E-017,0.));
#15810=DIRECTION('',(0.,-1.,-3.74939945665464E-033));
#15811=DIRECTION('',(0.,-3.74939945665464E-033,1.));
#15812=DIRECTION('',(0.,0.,1.));
#15813=DIRECTION('',(0.,1.,-0.));
#15814=DIRECTION('',(-1.,6.12323399573677E-017,0.));
#15815=DIRECTION('',(6.12323399573677E-017,1.,3.74939945665464E-033));
#15816=DIRECTION('',(-1.,6.12323399573677E-017,0.));
#15817=DIRECTION('',(6.12323399573677E-017,1.,3.74939945665464E-033));
#15818=DIRECTION('',(0.,0.,-1.));
#15819=DIRECTION('',(0.,-1.,0.));
#15820=DIRECTION('',(0.,-1.,-3.74939945665464E-033));
#15821=DIRECTION('',(0.,-3.74939945665464E-033,1.));
#15822=DIRECTION('',(0.,1.,3.74939945665464E-033));
#15823=DIRECTION('',(0.,3.74939945665464E-033,-1.));
#15824=DIRECTION('',(6.12323399573677E-017,1.,0.));
#15825=DIRECTION('',(1.,-6.12323399573677E-017,0.));
#15826=DIRECTION('',(0.,0.,-1.));
#15827=DIRECTION('',(-0.,-1.,-0.));
#15828=DIRECTION('',(0.,1.,3.74939945665464E-033));
#15829=DIRECTION('',(0.,3.74939945665464E-033,-1.));
#15830=DIRECTION('',(-6.12323399573677E-017,-1.,0.));
#15831=DIRECTION('',(-1.,6.12323399573677E-017,0.));
#15832=DIRECTION('',(0.,-1.,-3.74939945665464E-033));
#15833=DIRECTION('',(0.,-3.74939945665464E-033,1.));
#15834=DIRECTION('',(0.,0.,1.));
#15835=DIRECTION('',(0.,1.,-0.));
#15836=DIRECTION('',(-1.,6.12323399573677E-017,0.));
#15837=DIRECTION('',(6.12323399573677E-017,1.,3.74939945665464E-033));
#15838=DIRECTION('',(-1.,6.12323399573677E-017,0.));
#15839=DIRECTION('',(6.12323399573677E-017,1.,3.74939945665464E-033));
#15840=DIRECTION('',(0.,0.,-1.));
#15841=DIRECTION('',(0.,-1.,0.));
#15842=DIRECTION('',(0.,-1.,-3.74939945665464E-033));
#15843=DIRECTION('',(0.,-3.74939945665464E-033,1.));
#15844=DIRECTION('',(0.,1.,3.74939945665464E-033));
#15845=DIRECTION('',(0.,3.74939945665464E-033,-1.));
#15846=DIRECTION('',(6.12323399573677E-017,1.,0.));
#15847=DIRECTION('',(1.,-6.12323399573677E-017,0.));
#15848=DIRECTION('',(0.,0.,-1.));
#15849=DIRECTION('',(-0.,-1.,-0.));
#15850=DIRECTION('',(0.,1.,3.74939945665464E-033));
#15851=DIRECTION('',(0.,3.74939945665464E-033,-1.));
#15852=DIRECTION('',(-6.12323399573677E-017,-1.,0.));
#15853=DIRECTION('',(-1.,6.12323399573677E-017,0.));
#15854=DIRECTION('',(0.,-1.,-3.74939945665464E-033));
#15855=DIRECTION('',(0.,-3.74939945665464E-033,1.));
#15856=DIRECTION('',(0.,0.,1.));
#15857=DIRECTION('',(0.,1.,-0.));
#15858=DIRECTION('',(-1.,6.12323399573677E-017,0.));
#15859=DIRECTION('',(6.12323399573677E-017,1.,3.74939945665464E-033));
#15860=DIRECTION('',(-1.,6.12323399573677E-017,0.));
#15861=DIRECTION('',(6.12323399573677E-017,1.,3.74939945665464E-033));
#15862=DIRECTION('',(0.,0.,-1.));
#15863=DIRECTION('',(0.,-1.,0.));
#15864=DIRECTION('',(0.,-1.,-3.74939945665464E-033));
#15865=DIRECTION('',(0.,-3.74939945665464E-033,1.));
#15866=DIRECTION('',(0.,1.,3.74939945665464E-033));
#15867=DIRECTION('',(0.,3.74939945665464E-033,-1.));
#15868=DIRECTION('',(6.12323399573677E-017,1.,0.));
#15869=DIRECTION('',(1.,-6.12323399573677E-017,0.));
#15870=DIRECTION('',(0.,0.,-1.));
#15871=DIRECTION('',(-0.,-1.,-0.));
#15872=DIRECTION('',(0.,1.,3.74939945665464E-033));
#15873=DIRECTION('',(0.,3.74939945665464E-033,-1.));
#15874=DIRECTION('',(-6.12323399573677E-017,-1.,0.));
#15875=DIRECTION('',(-1.,6.12323399573677E-017,0.));
#15876=DIRECTION('',(0.,-1.,-3.74939945665464E-033));
#15877=DIRECTION('',(0.,-3.74939945665464E-033,1.));
#15878=DIRECTION('',(0.,0.,1.));
#15879=DIRECTION('',(0.,1.,-0.));
#15880=DIRECTION('',(-1.,6.12323399573677E-017,0.));
#15881=DIRECTION('',(6.12323399573677E-017,1.,3.74939945665464E-033));
#15882=DIRECTION('',(-1.,6.12323399573677E-017,0.));
#15883=DIRECTION('',(6.12323399573677E-017,1.,3.74939945665464E-033));
#15884=DIRECTION('',(0.,0.,-1.));
#15885=DIRECTION('',(0.,-1.,0.));
#15886=DIRECTION('',(0.,-1.,-3.74939945665464E-033));
#15887=DIRECTION('',(0.,-3.74939945665464E-033,1.));
#15888=DIRECTION('',(0.,1.,3.74939945665464E-033));
#15889=DIRECTION('',(0.,3.74939945665464E-033,-1.));
#15890=DIRECTION('',(6.12323399573677E-017,1.,0.));
#15891=DIRECTION('',(1.,-6.12323399573677E-017,0.));
#15892=DIRECTION('',(0.,0.,-1.));
#15893=DIRECTION('',(-0.,-1.,-0.));
#15894=DIRECTION('',(0.,1.,3.74939945665464E-033));
#15895=DIRECTION('',(0.,3.74939945665464E-033,-1.));
#15896=DIRECTION('',(-6.12323399573677E-017,-1.,0.));
#15897=DIRECTION('',(-1.,6.12323399573677E-017,0.));
#15898=DIRECTION('',(0.,-1.,-3.74939945665464E-033));
#15899=DIRECTION('',(0.,-3.74939945665464E-033,1.));
#15900=DIRECTION('',(0.,0.,1.));
#15901=DIRECTION('',(0.,1.,-0.));
#15902=DIRECTION('',(-1.,6.12323399573677E-017,0.));
#15903=DIRECTION('',(6.12323399573677E-017,1.,3.74939945665464E-033));
#15904=DIRECTION('',(-1.,6.12323399573677E-017,0.));
#15905=DIRECTION('',(6.12323399573677E-017,1.,3.74939945665464E-033));
#15906=DIRECTION('',(0.,0.,-1.));
#15907=DIRECTION('',(0.,-1.,0.));
#15908=DIRECTION('',(0.,-1.,-3.74939945665464E-033));
#15909=DIRECTION('',(0.,-3.74939945665464E-033,1.));
#15910=DIRECTION('',(0.,1.,3.74939945665464E-033));
#15911=DIRECTION('',(0.,3.74939945665464E-033,-1.));
#15912=DIRECTION('',(6.12323399573677E-017,1.,0.));
#15913=DIRECTION('',(1.,-6.12323399573677E-017,0.));
#15914=DIRECTION('',(0.,0.,-1.));
#15915=DIRECTION('',(-0.,-1.,-0.));
#15916=DIRECTION('',(0.,1.,3.74939945665464E-033));
#15917=DIRECTION('',(0.,3.74939945665464E-033,-1.));
#15918=DIRECTION('',(-6.12323399573677E-017,-1.,0.));
#15919=DIRECTION('',(-1.,6.12323399573677E-017,0.));
#15920=DIRECTION('',(0.,-1.,-3.74939945665464E-033));
#15921=DIRECTION('',(0.,-3.74939945665464E-033,1.));
#15922=DIRECTION('',(0.,0.,1.));
#15923=DIRECTION('',(0.,1.,-0.));
#15924=DIRECTION('',(-1.,6.12323399573677E-017,0.));
#15925=DIRECTION('',(6.12323399573677E-017,1.,3.74939945665464E-033));
#15926=DIRECTION('',(-1.,6.12323399573677E-017,0.));
#15927=DIRECTION('',(6.12323399573677E-017,1.,3.74939945665464E-033));
#15928=DIRECTION('',(0.,0.,-1.));
#15929=DIRECTION('',(0.,-1.,0.));
#15930=DIRECTION('',(0.,-1.,-3.74939945665464E-033));
#15931=DIRECTION('',(0.,-3.74939945665464E-033,1.));
#15932=DIRECTION('',(0.,1.,3.74939945665464E-033));
#15933=DIRECTION('',(0.,3.74939945665464E-033,-1.));
#15934=DIRECTION('',(6.12323399573677E-017,1.,0.));
#15935=DIRECTION('',(1.,-6.12323399573677E-017,0.));
#15936=DIRECTION('',(0.,0.,-1.));
#15937=DIRECTION('',(-0.,-1.,-0.));
#15938=DIRECTION('',(0.,1.,3.74939945665464E-033));
#15939=DIRECTION('',(0.,3.74939945665464E-033,-1.));
#15940=DIRECTION('',(-6.12323399573677E-017,-1.,0.));
#15941=DIRECTION('',(-1.,6.12323399573677E-017,0.));
#15942=DIRECTION('',(0.,-1.,-3.74939945665464E-033));
#15943=DIRECTION('',(0.,-3.74939945665464E-033,1.));
#15944=DIRECTION('',(0.,0.,1.));
#15945=DIRECTION('',(0.,1.,-0.));
#15946=DIRECTION('',(-1.,6.12323399573677E-017,0.));
#15947=DIRECTION('',(6.12323399573677E-017,1.,3.74939945665464E-033));
#15948=DIRECTION('',(-1.,6.12323399573677E-017,0.));
#15949=DIRECTION('',(6.12323399573677E-017,1.,3.74939945665464E-033));
#15950=DIRECTION('',(0.,0.,-1.));
#15951=DIRECTION('',(0.,-1.,0.));
#15952=DIRECTION('',(0.,-1.,-3.74939945665464E-033));
#15953=DIRECTION('',(0.,-3.74939945665464E-033,1.));
#15954=DIRECTION('',(0.,1.,3.74939945665464E-033));
#15955=DIRECTION('',(0.,3.74939945665464E-033,-1.));
#15956=DIRECTION('',(6.12323399573677E-017,1.,0.));
#15957=DIRECTION('',(1.,-6.12323399573677E-017,0.));
#15958=DIRECTION('',(0.,0.,-1.));
#15959=DIRECTION('',(-0.,-1.,-0.));
#15960=DIRECTION('',(0.,1.,3.74939945665464E-033));
#15961=DIRECTION('',(0.,3.74939945665464E-033,-1.));
#15962=DIRECTION('',(-6.12323399573677E-017,-1.,0.));
#15963=DIRECTION('',(-1.,6.12323399573677E-017,0.));
#15964=DIRECTION('',(0.,-1.,-3.74939945665464E-033));
#15965=DIRECTION('',(0.,-3.74939945665464E-033,1.));
#15966=DIRECTION('',(0.,0.,1.));
#15967=DIRECTION('',(0.,1.,-0.));
#15968=DIRECTION('',(-1.,6.12323399573677E-017,0.));
#15969=DIRECTION('',(6.12323399573677E-017,1.,3.74939945665464E-033));
#15970=DIRECTION('',(-1.,6.12323399573677E-017,0.));
#15971=DIRECTION('',(6.12323399573677E-017,1.,3.74939945665464E-033));
#15972=DIRECTION('',(0.,0.,-1.));
#15973=DIRECTION('',(0.,-1.,0.));
#15974=DIRECTION('',(0.,-1.,-3.74939945665464E-033));
#15975=DIRECTION('',(0.,-3.74939945665464E-033,1.));
#15976=DIRECTION('',(0.,1.,3.74939945665464E-033));
#15977=DIRECTION('',(0.,3.74939945665464E-033,-1.));
#15978=DIRECTION('',(6.12323399573677E-017,1.,0.));
#15979=DIRECTION('',(1.,-6.12323399573677E-017,0.));
#15980=DIRECTION('',(0.,0.,-1.));
#15981=DIRECTION('',(-0.,-1.,-0.));
#15982=DIRECTION('',(0.,1.,3.74939945665464E-033));
#15983=DIRECTION('',(0.,3.74939945665464E-033,-1.));
#15984=DIRECTION('',(-6.12323399573677E-017,-1.,0.));
#15985=DIRECTION('',(-1.,6.12323399573677E-017,0.));
#15986=DIRECTION('',(0.,-1.,-3.74939945665464E-033));
#15987=DIRECTION('',(0.,-3.74939945665464E-033,1.));
#15988=DIRECTION('',(0.,0.,1.));
#15989=DIRECTION('',(0.,1.,-0.));
#15990=DIRECTION('',(-1.,6.12323399573677E-017,0.));
#15991=DIRECTION('',(6.12323399573677E-017,1.,3.74939945665464E-033));
#15992=DIRECTION('',(-1.,6.12323399573677E-017,0.));
#15993=DIRECTION('',(6.12323399573677E-017,1.,3.74939945665464E-033));
#15994=DIRECTION('',(0.,0.,-1.));
#15995=DIRECTION('',(0.,-1.,0.));
#15996=DIRECTION('',(0.,-1.,-3.74939945665464E-033));
#15997=DIRECTION('',(0.,-3.74939945665464E-033,1.));
#15998=DIRECTION('',(0.,1.,3.74939945665464E-033));
#15999=DIRECTION('',(0.,3.74939945665464E-033,-1.));
#16000=DIRECTION('',(6.12323399573677E-017,1.,0.));
#16001=DIRECTION('',(1.,-6.12323399573677E-017,0.));
#16002=DIRECTION('',(0.,0.,-1.));
#16003=DIRECTION('',(-0.,-1.,-0.));
#16004=DIRECTION('',(0.,1.,3.74939945665464E-033));
#16005=DIRECTION('',(0.,3.74939945665464E-033,-1.));
#16006=DIRECTION('',(-6.12323399573677E-017,-1.,0.));
#16007=DIRECTION('',(-1.,6.12323399573677E-017,0.));
#16008=DIRECTION('',(0.,-1.,-3.74939945665464E-033));
#16009=DIRECTION('',(0.,-3.74939945665464E-033,1.));
#16010=DIRECTION('',(0.,0.,1.));
#16011=DIRECTION('',(0.,1.,-0.));
#16012=DIRECTION('',(-1.,6.12323399573677E-017,0.));
#16013=DIRECTION('',(6.12323399573677E-017,1.,3.74939945665464E-033));
#16014=DIRECTION('',(-1.,6.12323399573677E-017,0.));
#16015=DIRECTION('',(6.12323399573677E-017,1.,3.74939945665464E-033));
#16016=DIRECTION('',(0.,0.,-1.));
#16017=DIRECTION('',(0.,-1.,0.));
#16018=DIRECTION('',(0.,-1.,-3.74939945665464E-033));
#16019=DIRECTION('',(0.,-3.74939945665464E-033,1.));
#16020=DIRECTION('',(0.,1.,3.74939945665464E-033));
#16021=DIRECTION('',(0.,3.74939945665464E-033,-1.));
#16022=DIRECTION('',(6.12323399573677E-017,1.,0.));
#16023=DIRECTION('',(1.,-6.12323399573677E-017,0.));
#16024=DIRECTION('',(0.,0.,-1.));
#16025=DIRECTION('',(-0.,-1.,-0.));
#16026=DIRECTION('',(0.,1.,3.74939945665464E-033));
#16027=DIRECTION('',(0.,3.74939945665464E-033,-1.));
#16028=DIRECTION('',(-6.12323399573677E-017,-1.,0.));
#16029=DIRECTION('',(-1.,6.12323399573677E-017,0.));
#16030=DIRECTION('',(0.,-1.,-3.74939945665464E-033));
#16031=DIRECTION('',(0.,-3.74939945665464E-033,1.));
#16032=DIRECTION('',(0.,0.,1.));
#16033=DIRECTION('',(0.,1.,-0.));
#16034=DIRECTION('',(-1.,6.12323399573677E-017,0.));
#16035=DIRECTION('',(6.12323399573677E-017,1.,3.74939945665464E-033));
#16036=DIRECTION('',(-1.,6.12323399573677E-017,0.));
#16037=DIRECTION('',(6.12323399573677E-017,1.,3.74939945665464E-033));
#16038=DIRECTION('',(0.,0.,-1.));
#16039=DIRECTION('',(0.,-1.,0.));
#16040=DIRECTION('',(0.,-1.,-3.74939945665464E-033));
#16041=DIRECTION('',(0.,-3.74939945665464E-033,1.));
#16042=DIRECTION('',(0.,1.,3.74939945665464E-033));
#16043=DIRECTION('',(0.,3.74939945665464E-033,-1.));
#16044=DIRECTION('',(6.12323399573677E-017,1.,0.));
#16045=DIRECTION('',(1.,-6.12323399573677E-017,0.));
#16046=DIRECTION('',(0.,0.,-1.));
#16047=DIRECTION('',(-0.,-1.,-0.));
#16048=DIRECTION('',(0.,1.,3.74939945665464E-033));
#16049=DIRECTION('',(0.,3.74939945665464E-033,-1.));
#16050=DIRECTION('',(-6.12323399573677E-017,-1.,0.));
#16051=DIRECTION('',(-1.,6.12323399573677E-017,0.));
#16052=DIRECTION('',(0.,-1.,-3.74939945665464E-033));
#16053=DIRECTION('',(0.,-3.74939945665464E-033,1.));
#16054=DIRECTION('',(0.,0.,1.));
#16055=DIRECTION('',(0.,1.,-0.));
#16056=DIRECTION('',(-1.,6.12323399573677E-017,0.));
#16057=DIRECTION('',(6.12323399573677E-017,1.,3.74939945665464E-033));
#16058=DIRECTION('',(-1.,6.12323399573677E-017,0.));
#16059=DIRECTION('',(6.12323399573677E-017,1.,3.74939945665464E-033));
#16060=DIRECTION('',(0.,0.,-1.));
#16061=DIRECTION('',(0.,-1.,0.));
#16062=DIRECTION('',(0.,-1.,-3.74939945665464E-033));
#16063=DIRECTION('',(0.,-3.74939945665464E-033,1.));
#16064=DIRECTION('',(0.,1.,3.74939945665464E-033));
#16065=DIRECTION('',(0.,3.74939945665464E-033,-1.));
#16066=DIRECTION('',(6.12323399573677E-017,1.,0.));
#16067=DIRECTION('',(1.,-6.12323399573677E-017,0.));
#16068=DIRECTION('',(0.,0.,-1.));
#16069=DIRECTION('',(-0.,-1.,-0.));
#16070=DIRECTION('',(0.,1.,3.74939945665464E-033));
#16071=DIRECTION('',(0.,3.74939945665464E-033,-1.));
#16072=DIRECTION('',(-6.12323399573677E-017,-1.,0.));
#16073=DIRECTION('',(-1.,6.12323399573677E-017,0.));
#16074=DIRECTION('',(0.,-1.,-3.74939945665464E-033));
#16075=DIRECTION('',(0.,-3.74939945665464E-033,1.));
#16076=DIRECTION('',(0.,0.,1.));
#16077=DIRECTION('',(0.,1.,-0.));
#16078=DIRECTION('',(-1.,6.12323399573677E-017,0.));
#16079=DIRECTION('',(6.12323399573677E-017,1.,3.74939945665464E-033));
#16080=DIRECTION('',(-1.,6.12323399573677E-017,0.));
#16081=DIRECTION('',(6.12323399573677E-017,1.,3.74939945665464E-033));
#16082=DIRECTION('',(0.,0.,-1.));
#16083=DIRECTION('',(0.,-1.,0.));
#16084=DIRECTION('',(0.,-1.,-3.74939945665464E-033));
#16085=DIRECTION('',(0.,-3.74939945665464E-033,1.));
#16086=DIRECTION('',(0.,1.,3.74939945665464E-033));
#16087=DIRECTION('',(0.,3.74939945665464E-033,-1.));
#16088=DIRECTION('',(6.12323399573677E-017,1.,0.));
#16089=DIRECTION('',(1.,-6.12323399573677E-017,0.));
#16090=DIRECTION('',(0.,0.,-1.));
#16091=DIRECTION('',(-0.,-1.,-0.));
#16092=DIRECTION('',(0.,1.,3.74939945665464E-033));
#16093=DIRECTION('',(0.,3.74939945665464E-033,-1.));
#16094=DIRECTION('',(-6.12323399573677E-017,-1.,0.));
#16095=DIRECTION('',(-1.,6.12323399573677E-017,0.));
#16096=DIRECTION('',(0.,-1.,-3.74939945665464E-033));
#16097=DIRECTION('',(0.,-3.74939945665464E-033,1.));
#16098=DIRECTION('',(0.,0.,1.));
#16099=DIRECTION('',(0.,1.,-0.));
#16100=DIRECTION('',(-1.,6.12323399573677E-017,0.));
#16101=DIRECTION('',(6.12323399573677E-017,1.,3.74939945665464E-033));
#16102=DIRECTION('',(-1.,6.12323399573677E-017,0.));
#16103=DIRECTION('',(6.12323399573677E-017,1.,3.74939945665464E-033));
#16104=DIRECTION('',(0.,0.,-1.));
#16105=DIRECTION('',(0.,-1.,0.));
#16106=DIRECTION('',(0.,-1.,-3.74939945665464E-033));
#16107=DIRECTION('',(0.,-3.74939945665464E-033,1.));
#16108=DIRECTION('',(0.,1.,3.74939945665464E-033));
#16109=DIRECTION('',(0.,3.74939945665464E-033,-1.));
#16110=DIRECTION('',(6.12323399573677E-017,1.,0.));
#16111=DIRECTION('',(1.,-6.12323399573677E-017,0.));
#16112=DIRECTION('',(0.,0.,-1.));
#16113=DIRECTION('',(-0.,-1.,-0.));
#16114=DIRECTION('',(0.,1.,3.74939945665464E-033));
#16115=DIRECTION('',(0.,3.74939945665464E-033,-1.));
#16116=DIRECTION('',(-6.12323399573677E-017,-1.,0.));
#16117=DIRECTION('',(-1.,6.12323399573677E-017,0.));
#16118=DIRECTION('',(0.,-1.,-3.74939945665464E-033));
#16119=DIRECTION('',(0.,-3.74939945665464E-033,1.));
#16120=DIRECTION('',(0.,0.,1.));
#16121=DIRECTION('',(0.,1.,-0.));
#16122=DIRECTION('',(-1.,6.12323399573677E-017,0.));
#16123=DIRECTION('',(6.12323399573677E-017,1.,3.74939945665464E-033));
#16124=DIRECTION('',(-1.,6.12323399573677E-017,0.));
#16125=DIRECTION('',(6.12323399573677E-017,1.,3.74939945665464E-033));
#16126=DIRECTION('',(0.,0.,-1.));
#16127=DIRECTION('',(0.,-1.,0.));
#16128=DIRECTION('',(0.,-1.,-3.74939945665464E-033));
#16129=DIRECTION('',(0.,-3.74939945665464E-033,1.));
#16130=DIRECTION('',(0.,1.,3.74939945665464E-033));
#16131=DIRECTION('',(0.,3.74939945665464E-033,-1.));
#16132=DIRECTION('',(6.12323399573677E-017,1.,0.));
#16133=DIRECTION('',(1.,-6.12323399573677E-017,0.));
#16134=DIRECTION('',(0.,0.,-1.));
#16135=DIRECTION('',(-0.,-1.,-0.));
#16136=DIRECTION('',(0.,1.,3.74939945665464E-033));
#16137=DIRECTION('',(0.,3.74939945665464E-033,-1.));
#16138=DIRECTION('',(-6.12323399573677E-017,-1.,0.));
#16139=DIRECTION('',(-1.,6.12323399573677E-017,0.));
#16140=DIRECTION('',(0.,-1.,-3.74939945665464E-033));
#16141=DIRECTION('',(0.,-3.74939945665464E-033,1.));
#16142=DIRECTION('',(0.,0.,1.));
#16143=DIRECTION('',(0.,1.,-0.));
#16144=DIRECTION('',(-1.,6.12323399573677E-017,0.));
#16145=DIRECTION('',(6.12323399573677E-017,1.,3.74939945665464E-033));
#16146=DIRECTION('',(-1.,6.12323399573677E-017,0.));
#16147=DIRECTION('',(6.12323399573677E-017,1.,3.74939945665464E-033));
#16148=DIRECTION('',(0.,0.,-1.));
#16149=DIRECTION('',(0.,-1.,0.));
#16150=DIRECTION('',(0.,-1.,-3.74939945665464E-033));
#16151=DIRECTION('',(0.,-3.74939945665464E-033,1.));
#16152=DIRECTION('',(0.,1.,3.74939945665464E-033));
#16153=DIRECTION('',(0.,3.74939945665464E-033,-1.));
#16154=DIRECTION('',(6.12323399573677E-017,1.,0.));
#16155=DIRECTION('',(1.,-6.12323399573677E-017,0.));
#16156=DIRECTION('',(0.,0.,-1.));
#16157=DIRECTION('',(-0.,-1.,-0.));
#16158=DIRECTION('',(0.,1.,3.74939945665464E-033));
#16159=DIRECTION('',(0.,3.74939945665464E-033,-1.));
#16160=DIRECTION('',(-6.12323399573677E-017,-1.,0.));
#16161=DIRECTION('',(-1.,6.12323399573677E-017,0.));
#16162=DIRECTION('',(0.,-1.,-3.74939945665464E-033));
#16163=DIRECTION('',(0.,-3.74939945665464E-033,1.));
#16164=DIRECTION('',(0.,0.,1.));
#16165=DIRECTION('',(0.,1.,-0.));
#16166=DIRECTION('',(-1.,6.12323399573677E-017,0.));
#16167=DIRECTION('',(6.12323399573677E-017,1.,3.74939945665464E-033));
#16168=DIRECTION('',(-1.,6.12323399573677E-017,0.));
#16169=DIRECTION('',(6.12323399573677E-017,1.,3.74939945665464E-033));
#16170=DIRECTION('',(0.,0.,-1.));
#16171=DIRECTION('',(0.,-1.,0.));
#16172=DIRECTION('',(0.,-1.,-3.74939945665464E-033));
#16173=DIRECTION('',(0.,-3.74939945665464E-033,1.));
#16174=DIRECTION('',(0.,1.,3.74939945665464E-033));
#16175=DIRECTION('',(0.,3.74939945665464E-033,-1.));
#16176=DIRECTION('',(6.12323399573677E-017,1.,0.));
#16177=DIRECTION('',(1.,-6.12323399573677E-017,0.));
#16178=DIRECTION('',(0.,0.,-1.));
#16179=DIRECTION('',(-0.,-1.,-0.));
#16180=DIRECTION('',(0.,1.,3.74939945665464E-033));
#16181=DIRECTION('',(0.,3.74939945665464E-033,-1.));
#16182=DIRECTION('',(-6.12323399573677E-017,-1.,0.));
#16183=DIRECTION('',(-1.,6.12323399573677E-017,0.));
#16184=DIRECTION('',(0.,-1.,-3.74939945665464E-033));
#16185=DIRECTION('',(0.,-3.74939945665464E-033,1.));
#16186=DIRECTION('',(0.,0.,1.));
#16187=DIRECTION('',(0.,1.,-0.));
#16188=DIRECTION('',(-1.,6.12323399573677E-017,0.));
#16189=DIRECTION('',(6.12323399573677E-017,1.,3.74939945665464E-033));
#16190=DIRECTION('',(-1.,6.12323399573677E-017,0.));
#16191=DIRECTION('',(6.12323399573677E-017,1.,3.74939945665464E-033));
#16192=DIRECTION('',(0.,0.,-1.));
#16193=DIRECTION('',(0.,-1.,0.));
#16194=DIRECTION('',(0.,-1.,-3.74939945665464E-033));
#16195=DIRECTION('',(0.,-3.74939945665464E-033,1.));
#16196=DIRECTION('',(0.,1.,3.74939945665464E-033));
#16197=DIRECTION('',(0.,3.74939945665464E-033,-1.));
#16198=DIRECTION('',(6.12323399573677E-017,1.,0.));
#16199=DIRECTION('',(1.,-6.12323399573677E-017,0.));
#16200=DIRECTION('',(0.,0.,-1.));
#16201=DIRECTION('',(-0.,-1.,-0.));
#16202=DIRECTION('',(0.,1.,3.74939945665464E-033));
#16203=DIRECTION('',(0.,3.74939945665464E-033,-1.));
#16204=DIRECTION('',(-6.12323399573677E-017,-1.,0.));
#16205=DIRECTION('',(-1.,6.12323399573677E-017,0.));
#16206=DIRECTION('',(0.,-1.,-3.74939945665464E-033));
#16207=DIRECTION('',(0.,-3.74939945665464E-033,1.));
#16208=DIRECTION('',(0.,0.,1.));
#16209=DIRECTION('',(0.,1.,-0.));
#16210=DIRECTION('',(-1.,6.12323399573677E-017,0.));
#16211=DIRECTION('',(6.12323399573677E-017,1.,3.74939945665464E-033));
#16212=DIRECTION('',(-1.,6.12323399573677E-017,0.));
#16213=DIRECTION('',(6.12323399573677E-017,1.,3.74939945665464E-033));
#16214=DIRECTION('',(0.,0.,-1.));
#16215=DIRECTION('',(0.,-1.,0.));
#16216=DIRECTION('',(0.,-1.,-3.74939945665464E-033));
#16217=DIRECTION('',(0.,-3.74939945665464E-033,1.));
#16218=DIRECTION('',(0.,1.,3.74939945665464E-033));
#16219=DIRECTION('',(0.,3.74939945665464E-033,-1.));
#16220=DIRECTION('',(6.12323399573677E-017,1.,0.));
#16221=DIRECTION('',(1.,-6.12323399573677E-017,0.));
#16222=DIRECTION('',(0.,0.,-1.));
#16223=DIRECTION('',(-0.,-1.,-0.));
#16224=DIRECTION('',(0.,1.,3.74939945665464E-033));
#16225=DIRECTION('',(0.,3.74939945665464E-033,-1.));
#16226=DIRECTION('',(-6.12323399573677E-017,-1.,0.));
#16227=DIRECTION('',(-1.,6.12323399573677E-017,0.));
#16228=DIRECTION('',(0.,-1.,-3.74939945665464E-033));
#16229=DIRECTION('',(0.,-3.74939945665464E-033,1.));
#16230=DIRECTION('',(0.,0.,1.));
#16231=DIRECTION('',(0.,1.,-0.));
#16232=DIRECTION('',(-1.,6.12323399573677E-017,0.));
#16233=DIRECTION('',(6.12323399573677E-017,1.,3.74939945665464E-033));
#16234=DIRECTION('',(-1.,6.12323399573677E-017,0.));
#16235=DIRECTION('',(6.12323399573677E-017,1.,3.74939945665464E-033));
#16236=DIRECTION('',(0.,0.,-1.));
#16237=DIRECTION('',(0.,-1.,0.));
#16238=DIRECTION('',(0.,-1.,-3.74939945665464E-033));
#16239=DIRECTION('',(0.,-3.74939945665464E-033,1.));
#16240=DIRECTION('',(0.,1.,3.74939945665464E-033));
#16241=DIRECTION('',(0.,3.74939945665464E-033,-1.));
#16242=DIRECTION('',(6.12323399573677E-017,1.,0.));
#16243=DIRECTION('',(1.,-6.12323399573677E-017,0.));
#16244=DIRECTION('',(0.,0.,-1.));
#16245=DIRECTION('',(-0.,-1.,-0.));
#16246=DIRECTION('',(0.,1.,3.74939945665464E-033));
#16247=DIRECTION('',(0.,3.74939945665464E-033,-1.));
#16248=DIRECTION('',(-6.12323399573677E-017,-1.,0.));
#16249=DIRECTION('',(-1.,6.12323399573677E-017,0.));
#16250=DIRECTION('',(0.,-1.,-3.74939945665464E-033));
#16251=DIRECTION('',(0.,-3.74939945665464E-033,1.));
#16252=DIRECTION('',(0.,0.,1.));
#16253=DIRECTION('',(0.,1.,-0.));
#16254=DIRECTION('',(-1.,6.12323399573677E-017,0.));
#16255=DIRECTION('',(6.12323399573677E-017,1.,3.74939945665464E-033));
#16256=DIRECTION('',(-1.,6.12323399573677E-017,0.));
#16257=DIRECTION('',(6.12323399573677E-017,1.,3.74939945665464E-033));
#16258=DIRECTION('',(0.,0.,-1.));
#16259=DIRECTION('',(0.,-1.,0.));
#16260=DIRECTION('',(0.,-1.,-3.74939945665464E-033));
#16261=DIRECTION('',(0.,-3.74939945665464E-033,1.));
#16262=DIRECTION('',(0.,1.,3.74939945665464E-033));
#16263=DIRECTION('',(0.,3.74939945665464E-033,-1.));
#16264=DIRECTION('',(6.12323399573677E-017,1.,0.));
#16265=DIRECTION('',(1.,-6.12323399573677E-017,0.));
#16266=DIRECTION('',(0.,0.,-1.));
#16267=DIRECTION('',(-0.,-1.,-0.));
#16268=DIRECTION('',(0.,1.,3.74939945665464E-033));
#16269=DIRECTION('',(0.,3.74939945665464E-033,-1.));
#16270=DIRECTION('',(-6.12323399573677E-017,-1.,0.));
#16271=DIRECTION('',(-1.,6.12323399573677E-017,0.));
#16272=DIRECTION('',(0.,-1.,-3.74939945665464E-033));
#16273=DIRECTION('',(0.,-3.74939945665464E-033,1.));
#16274=DIRECTION('',(0.,0.,1.));
#16275=DIRECTION('',(0.,1.,-0.));
#16276=DIRECTION('',(-1.,6.12323399573677E-017,0.));
#16277=DIRECTION('',(6.12323399573677E-017,1.,3.74939945665464E-033));
#16278=DIRECTION('',(-1.,6.12323399573677E-017,0.));
#16279=DIRECTION('',(6.12323399573677E-017,1.,3.74939945665464E-033));
#16280=DIRECTION('',(0.,0.,-1.));
#16281=DIRECTION('',(0.,-1.,0.));
#16282=DIRECTION('',(0.,-1.,-3.74939945665464E-033));
#16283=DIRECTION('',(0.,-3.74939945665464E-033,1.));
#16284=DIRECTION('',(0.,1.,3.74939945665464E-033));
#16285=DIRECTION('',(0.,3.74939945665464E-033,-1.));
#16286=DIRECTION('',(6.12323399573677E-017,1.,0.));
#16287=DIRECTION('',(1.,-6.12323399573677E-017,0.));
#16288=DIRECTION('',(0.,0.,-1.));
#16289=DIRECTION('',(-0.,-1.,-0.));
#16290=DIRECTION('',(0.,1.,3.74939945665464E-033));
#16291=DIRECTION('',(0.,3.74939945665464E-033,-1.));
#16292=DIRECTION('',(-6.12323399573677E-017,-1.,0.));
#16293=DIRECTION('',(-1.,6.12323399573677E-017,0.));
#16294=DIRECTION('',(0.,-1.,-3.74939945665464E-033));
#16295=DIRECTION('',(0.,-3.74939945665464E-033,1.));
#16296=DIRECTION('',(0.,0.,1.));
#16297=DIRECTION('',(0.,1.,-0.));
#16298=DIRECTION('',(-1.,6.12323399573677E-017,0.));
#16299=DIRECTION('',(6.12323399573677E-017,1.,3.74939945665464E-033));
#16300=DIRECTION('',(-1.,6.12323399573677E-017,0.));
#16301=DIRECTION('',(6.12323399573677E-017,1.,3.74939945665464E-033));
#16302=DIRECTION('',(0.,0.,-1.));
#16303=DIRECTION('',(0.,-1.,0.));
#16304=DIRECTION('',(0.,-1.,-3.74939945665464E-033));
#16305=DIRECTION('',(0.,-3.74939945665464E-033,1.));
#16306=DIRECTION('',(0.,1.,3.74939945665464E-033));
#16307=DIRECTION('',(0.,3.74939945665464E-033,-1.));
#16308=DIRECTION('',(6.12323399573677E-017,1.,0.));
#16309=DIRECTION('',(1.,-6.12323399573677E-017,0.));
#16310=DIRECTION('',(0.,0.,-1.));
#16311=DIRECTION('',(-0.,-1.,-0.));
#16312=DIRECTION('',(0.,1.,3.74939945665464E-033));
#16313=DIRECTION('',(0.,3.74939945665464E-033,-1.));
#16314=DIRECTION('',(-6.12323399573677E-017,-1.,0.));
#16315=DIRECTION('',(-1.,6.12323399573677E-017,0.));
#16316=DIRECTION('',(0.,-1.,-3.74939945665464E-033));
#16317=DIRECTION('',(0.,-3.74939945665464E-033,1.));
#16318=DIRECTION('',(0.,0.,1.));
#16319=DIRECTION('',(0.,1.,-0.));
#16320=DIRECTION('',(-1.,6.12323399573677E-017,0.));
#16321=DIRECTION('',(6.12323399573677E-017,1.,3.74939945665464E-033));
#16322=DIRECTION('',(-1.,6.12323399573677E-017,0.));
#16323=DIRECTION('',(6.12323399573677E-017,1.,3.74939945665464E-033));
#16324=DIRECTION('',(0.,0.,-1.));
#16325=DIRECTION('',(0.,-1.,0.));
#16326=DIRECTION('',(0.,-1.,-3.74939945665464E-033));
#16327=DIRECTION('',(0.,-3.74939945665464E-033,1.));
#16328=DIRECTION('',(0.,1.,3.74939945665464E-033));
#16329=DIRECTION('',(0.,3.74939945665464E-033,-1.));
#16330=DIRECTION('',(6.12323399573677E-017,1.,0.));
#16331=DIRECTION('',(1.,-6.12323399573677E-017,0.));
#16332=DIRECTION('',(0.,0.,-1.));
#16333=DIRECTION('',(-0.,-1.,-0.));
#16334=DIRECTION('',(0.,1.,3.74939945665464E-033));
#16335=DIRECTION('',(0.,3.74939945665464E-033,-1.));
#16336=DIRECTION('',(-6.12323399573677E-017,-1.,0.));
#16337=DIRECTION('',(-1.,6.12323399573677E-017,0.));
#16338=DIRECTION('',(0.,-1.,-3.74939945665464E-033));
#16339=DIRECTION('',(0.,-3.74939945665464E-033,1.));
#16340=DIRECTION('',(0.,0.,1.));
#16341=DIRECTION('',(0.,1.,-0.));
#16342=DIRECTION('',(-1.,6.12323399573677E-017,0.));
#16343=DIRECTION('',(6.12323399573677E-017,1.,3.74939945665464E-033));
#16344=DIRECTION('',(-1.,6.12323399573677E-017,0.));
#16345=DIRECTION('',(6.12323399573677E-017,1.,3.74939945665464E-033));
#16346=DIRECTION('',(0.,0.,-1.));
#16347=DIRECTION('',(0.,-1.,0.));
#16348=DIRECTION('',(0.,-1.,-3.74939945665464E-033));
#16349=DIRECTION('',(0.,-3.74939945665464E-033,1.));
#16350=DIRECTION('',(0.,1.,3.74939945665464E-033));
#16351=DIRECTION('',(0.,3.74939945665464E-033,-1.));
#16352=DIRECTION('',(6.12323399573677E-017,1.,0.));
#16353=DIRECTION('',(1.,-6.12323399573677E-017,0.));
#16354=DIRECTION('',(0.,0.,-1.));
#16355=DIRECTION('',(-0.,-1.,-0.));
#16356=DIRECTION('',(0.,1.,3.74939945665464E-033));
#16357=DIRECTION('',(0.,3.74939945665464E-033,-1.));
#16358=DIRECTION('',(-6.12323399573677E-017,-1.,0.));
#16359=DIRECTION('',(-1.,6.12323399573677E-017,0.));
#16360=DIRECTION('',(0.,-1.,-3.74939945665464E-033));
#16361=DIRECTION('',(0.,-3.74939945665464E-033,1.));
#16362=DIRECTION('',(0.,0.,1.));
#16363=DIRECTION('',(0.,1.,-0.));
#16364=DIRECTION('',(-1.,6.12323399573677E-017,0.));
#16365=DIRECTION('',(6.12323399573677E-017,1.,3.74939945665464E-033));
#16366=DIRECTION('',(-1.,6.12323399573677E-017,0.));
#16367=DIRECTION('',(6.12323399573677E-017,1.,3.74939945665464E-033));
#16368=DIRECTION('',(0.,0.,-1.));
#16369=DIRECTION('',(0.,-1.,0.));
#16370=DIRECTION('',(0.,-1.,-3.74939945665464E-033));
#16371=DIRECTION('',(0.,-3.74939945665464E-033,1.));
#16372=DIRECTION('',(0.,1.,3.74939945665464E-033));
#16373=DIRECTION('',(0.,3.74939945665464E-033,-1.));
#16374=DIRECTION('',(6.12323399573677E-017,1.,0.));
#16375=DIRECTION('',(1.,-6.12323399573677E-017,0.));
#16376=DIRECTION('',(0.,0.,-1.));
#16377=DIRECTION('',(-0.,-1.,-0.));
#16378=DIRECTION('',(0.,1.,3.74939945665464E-033));
#16379=DIRECTION('',(0.,3.74939945665464E-033,-1.));
#16380=DIRECTION('',(-6.12323399573677E-017,-1.,0.));
#16381=DIRECTION('',(-1.,6.12323399573677E-017,0.));
#16382=DIRECTION('',(0.,-1.,-3.74939945665464E-033));
#16383=DIRECTION('',(0.,-3.74939945665464E-033,1.));
#16384=DIRECTION('',(0.,0.,1.));
#16385=DIRECTION('',(0.,1.,-0.));
#16386=DIRECTION('',(0.,-1.,-3.74939945665464E-033));
#16387=DIRECTION('',(0.,-3.74939945665464E-033,1.));
#16388=DIRECTION('',(0.,1.,3.74939945665464E-033));
#16389=DIRECTION('',(0.,3.74939945665464E-033,-1.));
#16390=DIRECTION('',(6.12323399573677E-017,1.,0.));
#16391=DIRECTION('',(1.,-6.12323399573677E-017,0.));
#16392=DIRECTION('',(0.,0.,-1.));
#16393=DIRECTION('',(-0.,-1.,-0.));
#16394=DIRECTION('',(0.,1.,3.74939945665464E-033));
#16395=DIRECTION('',(0.,3.74939945665464E-033,-1.));
#16396=DIRECTION('',(-6.12323399573677E-017,-1.,0.));
#16397=DIRECTION('',(-1.,6.12323399573677E-017,0.));
#16398=DIRECTION('',(0.,-1.,-3.74939945665464E-033));
#16399=DIRECTION('',(0.,-3.74939945665464E-033,1.));
#16400=DIRECTION('',(0.,0.,1.));
#16401=DIRECTION('',(0.,1.,-0.));
#16402=CARTESIAN_POINT('',(0.,0.,0.));
#16403=CARTESIAN_POINT('',(302.544022303093,31.8687675147081,1827.));
#16404=CARTESIAN_POINT('',(302.544022303093,31.8687675147081,1830.));
#16405=CARTESIAN_POINT('',(304.544022303093,73.5787675147081,1830.));
#16406=CARTESIAN_POINT('',(304.544022303093,31.8687675147081,1827.));
#16407=CARTESIAN_POINT('',(304.544022303093,31.8687675147081,1830.));
#16408=CARTESIAN_POINT('',(304.544022303093,73.5787675147081,1824.));
#16409=CARTESIAN_POINT('',(302.544022303093,31.8687675147081,1788.));
#16410=CARTESIAN_POINT('',(302.544022303093,31.8687675147081,1791.));
#16411=CARTESIAN_POINT('',(304.544022303093,73.5787675147081,1791.));
#16412=CARTESIAN_POINT('',(304.544022303093,31.8687675147081,1788.));
#16413=CARTESIAN_POINT('',(304.544022303093,31.8687675147081,1791.));
#16414=CARTESIAN_POINT('',(304.544022303093,73.5787675147081,1785.));
#16415=CARTESIAN_POINT('',(304.544022303093,73.5787675147081,1818.));
#16416=CARTESIAN_POINT('',(302.544022303093,31.8687675147081,1749.));
#16417=CARTESIAN_POINT('',(302.544022303093,31.8687675147081,1752.));
#16418=CARTESIAN_POINT('',(304.544022303093,73.5787675147081,1752.));
#16419=CARTESIAN_POINT('',(304.544022303093,31.8687675147081,1749.));
#16420=CARTESIAN_POINT('',(304.544022303093,31.8687675147081,1752.));
#16421=CARTESIAN_POINT('',(304.544022303093,73.5787675147081,1746.));
#16422=CARTESIAN_POINT('',(304.544022303093,73.5787675147081,1779.));
#16423=CARTESIAN_POINT('',(302.544022303093,31.8687675147081,1710.));
#16424=CARTESIAN_POINT('',(302.544022303093,31.8687675147081,1713.));
#16425=CARTESIAN_POINT('',(304.544022303093,73.5787675147081,1713.));
#16426=CARTESIAN_POINT('',(304.544022303093,31.8687675147081,1710.));
#16427=CARTESIAN_POINT('',(304.544022303093,31.8687675147081,1713.));
#16428=CARTESIAN_POINT('',(304.544022303093,73.5787675147081,1707.));
#16429=CARTESIAN_POINT('',(304.544022303093,73.5787675147081,1740.));
#16430=CARTESIAN_POINT('',(302.544022303093,31.8687675147081,1671.));
#16431=CARTESIAN_POINT('',(302.544022303093,31.8687675147081,1674.));
#16432=CARTESIAN_POINT('',(304.544022303093,73.5787675147081,1674.));
#16433=CARTESIAN_POINT('',(304.544022303093,31.8687675147081,1671.));
#16434=CARTESIAN_POINT('',(304.544022303093,31.8687675147081,1674.));
#16435=CARTESIAN_POINT('',(304.544022303093,73.5787675147081,1668.));
#16436=CARTESIAN_POINT('',(304.544022303093,73.5787675147081,1701.));
#16437=CARTESIAN_POINT('',(302.544022303093,31.8687675147081,1632.));
#16438=CARTESIAN_POINT('',(302.544022303093,31.8687675147081,1635.));
#16439=CARTESIAN_POINT('',(304.544022303093,73.5787675147081,1635.));
#16440=CARTESIAN_POINT('',(304.544022303093,31.8687675147081,1632.));
#16441=CARTESIAN_POINT('',(304.544022303093,31.8687675147081,1635.));
#16442=CARTESIAN_POINT('',(304.544022303093,73.5787675147081,1629.));
#16443=CARTESIAN_POINT('',(304.544022303093,73.5787675147081,1662.));
#16444=CARTESIAN_POINT('',(302.544022303093,31.8687675147081,1593.));
#16445=CARTESIAN_POINT('',(302.544022303093,31.8687675147081,1596.));
#16446=CARTESIAN_POINT('',(304.544022303093,73.5787675147081,1596.));
#16447=CARTESIAN_POINT('',(304.544022303093,31.8687675147081,1593.));
#16448=CARTESIAN_POINT('',(304.544022303093,31.8687675147081,1596.));
#16449=CARTESIAN_POINT('',(304.544022303093,73.5787675147081,1590.));
#16450=CARTESIAN_POINT('',(304.544022303093,73.5787675147081,1623.));
#16451=CARTESIAN_POINT('',(302.544022303093,31.8687675147081,1554.));
#16452=CARTESIAN_POINT('',(302.544022303093,31.8687675147081,1557.));
#16453=CARTESIAN_POINT('',(304.544022303093,73.5787675147081,1557.));
#16454=CARTESIAN_POINT('',(304.544022303093,31.8687675147081,1554.));
#16455=CARTESIAN_POINT('',(304.544022303093,31.8687675147081,1557.));
#16456=CARTESIAN_POINT('',(304.544022303093,73.5787675147081,1551.));
#16457=CARTESIAN_POINT('',(304.544022303093,73.5787675147081,1584.));
#16458=CARTESIAN_POINT('',(302.544022303093,31.8687675147081,1515.));
#16459=CARTESIAN_POINT('',(302.544022303093,31.8687675147081,1518.));
#16460=CARTESIAN_POINT('',(304.544022303093,73.5787675147081,1518.));
#16461=CARTESIAN_POINT('',(304.544022303093,31.8687675147081,1515.));
#16462=CARTESIAN_POINT('',(304.544022303093,31.8687675147081,1518.));
#16463=CARTESIAN_POINT('',(304.544022303093,73.5787675147081,1512.));
#16464=CARTESIAN_POINT('',(304.544022303093,73.5787675147081,1545.));
#16465=CARTESIAN_POINT('',(302.544022303093,31.8687675147081,1476.));
#16466=CARTESIAN_POINT('',(302.544022303093,31.8687675147081,1479.));
#16467=CARTESIAN_POINT('',(304.544022303093,73.5787675147081,1479.));
#16468=CARTESIAN_POINT('',(304.544022303093,31.8687675147081,1476.));
#16469=CARTESIAN_POINT('',(304.544022303093,31.8687675147081,1479.));
#16470=CARTESIAN_POINT('',(304.544022303093,73.5787675147081,1473.));
#16471=CARTESIAN_POINT('',(304.544022303093,73.5787675147081,1506.));
#16472=CARTESIAN_POINT('',(302.544022303093,31.8687675147081,1437.));
#16473=CARTESIAN_POINT('',(302.544022303093,31.8687675147081,1440.));
#16474=CARTESIAN_POINT('',(304.544022303093,73.5787675147081,1440.));
#16475=CARTESIAN_POINT('',(304.544022303093,31.8687675147081,1437.));
#16476=CARTESIAN_POINT('',(304.544022303093,31.8687675147081,1440.));
#16477=CARTESIAN_POINT('',(304.544022303093,73.5787675147081,1434.));
#16478=CARTESIAN_POINT('',(304.544022303093,73.5787675147081,1467.));
#16479=CARTESIAN_POINT('',(302.544022303093,31.8687675147081,1398.));
#16480=CARTESIAN_POINT('',(302.544022303093,31.8687675147081,1401.));
#16481=CARTESIAN_POINT('',(304.544022303093,73.5787675147081,1401.));
#16482=CARTESIAN_POINT('',(304.544022303093,31.8687675147081,1398.));
#16483=CARTESIAN_POINT('',(304.544022303093,31.8687675147081,1401.));
#16484=CARTESIAN_POINT('',(304.544022303093,73.5787675147081,1395.));
#16485=CARTESIAN_POINT('',(304.544022303093,73.5787675147081,1428.));
#16486=CARTESIAN_POINT('',(302.544022303093,31.8687675147081,1359.));
#16487=CARTESIAN_POINT('',(302.544022303093,31.8687675147081,1362.));
#16488=CARTESIAN_POINT('',(304.544022303093,73.5787675147081,1362.));
#16489=CARTESIAN_POINT('',(304.544022303093,31.8687675147081,1359.));
#16490=CARTESIAN_POINT('',(304.544022303093,31.8687675147081,1362.));
#16491=CARTESIAN_POINT('',(304.544022303093,73.5787675147081,1356.));
#16492=CARTESIAN_POINT('',(304.544022303093,73.5787675147081,1389.));
#16493=CARTESIAN_POINT('',(302.544022303093,31.8687675147081,1320.));
#16494=CARTESIAN_POINT('',(302.544022303093,31.8687675147081,1323.));
#16495=CARTESIAN_POINT('',(304.544022303093,73.5787675147081,1323.));
#16496=CARTESIAN_POINT('',(304.544022303093,31.8687675147081,1320.));
#16497=CARTESIAN_POINT('',(304.544022303093,31.8687675147081,1323.));
#16498=CARTESIAN_POINT('',(304.544022303093,73.5787675147081,1317.));
#16499=CARTESIAN_POINT('',(304.544022303093,73.5787675147081,1350.));
#16500=CARTESIAN_POINT('',(302.544022303093,31.8687675147081,1281.));
#16501=CARTESIAN_POINT('',(302.544022303093,31.8687675147081,1284.));
#16502=CARTESIAN_POINT('',(304.544022303093,73.5787675147081,1284.));
#16503=CARTESIAN_POINT('',(304.544022303093,31.8687675147081,1281.));
#16504=CARTESIAN_POINT('',(304.544022303093,31.8687675147081,1284.));
#16505=CARTESIAN_POINT('',(304.544022303093,73.5787675147081,1278.));
#16506=CARTESIAN_POINT('',(304.544022303093,73.5787675147081,1311.));
#16507=CARTESIAN_POINT('',(302.544022303093,31.8687675147081,1242.));
#16508=CARTESIAN_POINT('',(302.544022303093,31.8687675147081,1245.));
#16509=CARTESIAN_POINT('',(304.544022303093,73.5787675147081,1245.));
#16510=CARTESIAN_POINT('',(304.544022303093,31.8687675147081,1242.));
#16511=CARTESIAN_POINT('',(304.544022303093,31.8687675147081,1245.));
#16512=CARTESIAN_POINT('',(304.544022303093,73.5787675147081,1239.));
#16513=CARTESIAN_POINT('',(304.544022303093,73.5787675147081,1272.));
#16514=CARTESIAN_POINT('',(302.544022303093,31.8687675147081,1203.));
#16515=CARTESIAN_POINT('',(302.544022303093,31.8687675147081,1206.));
#16516=CARTESIAN_POINT('',(304.544022303093,73.5787675147081,1206.));
#16517=CARTESIAN_POINT('',(304.544022303093,31.8687675147081,1203.));
#16518=CARTESIAN_POINT('',(304.544022303093,31.8687675147081,1206.));
#16519=CARTESIAN_POINT('',(304.544022303093,73.5787675147081,1200.));
#16520=CARTESIAN_POINT('',(304.544022303093,73.5787675147081,1233.));
#16521=CARTESIAN_POINT('',(302.544022303093,31.8687675147081,1164.));
#16522=CARTESIAN_POINT('',(302.544022303093,31.8687675147081,1167.));
#16523=CARTESIAN_POINT('',(304.544022303093,73.5787675147081,1167.));
#16524=CARTESIAN_POINT('',(304.544022303093,31.8687675147081,1164.));
#16525=CARTESIAN_POINT('',(304.544022303093,31.8687675147081,1167.));
#16526=CARTESIAN_POINT('',(304.544022303093,73.5787675147081,1161.));
#16527=CARTESIAN_POINT('',(304.544022303093,73.5787675147081,1194.));
#16528=CARTESIAN_POINT('',(302.544022303093,31.8687675147081,1125.));
#16529=CARTESIAN_POINT('',(302.544022303093,31.8687675147081,1128.));
#16530=CARTESIAN_POINT('',(304.544022303093,73.5787675147081,1128.));
#16531=CARTESIAN_POINT('',(304.544022303093,31.8687675147081,1125.));
#16532=CARTESIAN_POINT('',(304.544022303093,31.8687675147081,1128.));
#16533=CARTESIAN_POINT('',(304.544022303093,73.5787675147081,1122.));
#16534=CARTESIAN_POINT('',(304.544022303093,73.5787675147081,1155.));
#16535=CARTESIAN_POINT('',(302.544022303093,31.8687675147081,1086.));
#16536=CARTESIAN_POINT('',(302.544022303093,31.8687675147081,1089.));
#16537=CARTESIAN_POINT('',(304.544022303093,73.5787675147081,1089.));
#16538=CARTESIAN_POINT('',(304.544022303093,31.8687675147081,1086.));
#16539=CARTESIAN_POINT('',(304.544022303093,31.8687675147081,1089.));
#16540=CARTESIAN_POINT('',(304.544022303093,73.5787675147081,1083.));
#16541=CARTESIAN_POINT('',(304.544022303093,73.5787675147081,1116.));
#16542=CARTESIAN_POINT('',(302.544022303093,31.8687675147081,1047.));
#16543=CARTESIAN_POINT('',(302.544022303093,31.8687675147081,1050.));
#16544=CARTESIAN_POINT('',(304.544022303093,73.5787675147081,1050.));
#16545=CARTESIAN_POINT('',(304.544022303093,31.8687675147081,1047.));
#16546=CARTESIAN_POINT('',(304.544022303093,31.8687675147081,1050.));
#16547=CARTESIAN_POINT('',(304.544022303093,73.5787675147081,1044.));
#16548=CARTESIAN_POINT('',(304.544022303093,73.5787675147081,1077.));
#16549=CARTESIAN_POINT('',(302.544022303093,31.8687675147081,1008.));
#16550=CARTESIAN_POINT('',(302.544022303093,31.8687675147081,1011.));
#16551=CARTESIAN_POINT('',(304.544022303093,73.5787675147081,1011.));
#16552=CARTESIAN_POINT('',(304.544022303093,31.8687675147081,1008.));
#16553=CARTESIAN_POINT('',(304.544022303093,31.8687675147081,1011.));
#16554=CARTESIAN_POINT('',(304.544022303093,73.5787675147081,1005.));
#16555=CARTESIAN_POINT('',(304.544022303093,73.5787675147081,1038.));
#16556=CARTESIAN_POINT('',(302.544022303093,31.8687675147081,969.));
#16557=CARTESIAN_POINT('',(302.544022303093,31.8687675147081,972.));
#16558=CARTESIAN_POINT('',(304.544022303093,73.5787675147081,972.));
#16559=CARTESIAN_POINT('',(304.544022303093,31.8687675147081,969.));
#16560=CARTESIAN_POINT('',(304.544022303093,31.8687675147081,972.));
#16561=CARTESIAN_POINT('',(304.544022303093,73.5787675147081,966.));
#16562=CARTESIAN_POINT('',(304.544022303093,73.5787675147081,999.));
#16563=CARTESIAN_POINT('',(302.544022303093,31.8687675147081,930.));
#16564=CARTESIAN_POINT('',(302.544022303093,31.8687675147081,933.));
#16565=CARTESIAN_POINT('',(304.544022303093,73.5787675147081,933.));
#16566=CARTESIAN_POINT('',(304.544022303093,31.8687675147081,930.));
#16567=CARTESIAN_POINT('',(304.544022303093,31.8687675147081,933.));
#16568=CARTESIAN_POINT('',(304.544022303093,73.5787675147081,927.));
#16569=CARTESIAN_POINT('',(304.544022303093,73.5787675147081,960.));
#16570=CARTESIAN_POINT('',(302.544022303093,31.8687675147081,891.));
#16571=CARTESIAN_POINT('',(302.544022303093,31.8687675147081,894.));
#16572=CARTESIAN_POINT('',(304.544022303093,73.5787675147081,894.));
#16573=CARTESIAN_POINT('',(304.544022303093,31.8687675147081,891.));
#16574=CARTESIAN_POINT('',(304.544022303093,31.8687675147081,894.));
#16575=CARTESIAN_POINT('',(304.544022303093,73.5787675147081,888.));
#16576=CARTESIAN_POINT('',(304.544022303093,73.5787675147081,921.));
#16577=CARTESIAN_POINT('',(302.544022303093,31.8687675147081,852.));
#16578=CARTESIAN_POINT('',(302.544022303093,31.8687675147081,855.));
#16579=CARTESIAN_POINT('',(304.544022303093,73.5787675147081,855.));
#16580=CARTESIAN_POINT('',(304.544022303093,31.8687675147081,852.));
#16581=CARTESIAN_POINT('',(304.544022303093,31.8687675147081,855.));
#16582=CARTESIAN_POINT('',(304.544022303093,73.5787675147081,849.));
#16583=CARTESIAN_POINT('',(304.544022303093,73.5787675147081,882.));
#16584=CARTESIAN_POINT('',(302.544022303093,31.8687675147081,813.));
#16585=CARTESIAN_POINT('',(302.544022303093,31.8687675147081,816.));
#16586=CARTESIAN_POINT('',(304.544022303093,73.5787675147081,816.));
#16587=CARTESIAN_POINT('',(304.544022303093,31.8687675147081,813.));
#16588=CARTESIAN_POINT('',(304.544022303093,31.8687675147081,816.));
#16589=CARTESIAN_POINT('',(304.544022303093,73.5787675147081,810.));
#16590=CARTESIAN_POINT('',(304.544022303093,73.5787675147081,843.));
#16591=CARTESIAN_POINT('',(302.544022303093,31.8687675147081,774.));
#16592=CARTESIAN_POINT('',(302.544022303093,31.8687675147081,777.));
#16593=CARTESIAN_POINT('',(304.544022303093,73.5787675147081,777.));
#16594=CARTESIAN_POINT('',(304.544022303093,31.8687675147081,774.));
#16595=CARTESIAN_POINT('',(304.544022303093,31.8687675147081,777.));
#16596=CARTESIAN_POINT('',(304.544022303093,73.5787675147081,771.));
#16597=CARTESIAN_POINT('',(304.544022303093,73.5787675147081,804.));
#16598=CARTESIAN_POINT('',(302.544022303093,31.8687675147081,735.));
#16599=CARTESIAN_POINT('',(302.544022303093,31.8687675147081,738.));
#16600=CARTESIAN_POINT('',(304.544022303093,73.5787675147081,738.));
#16601=CARTESIAN_POINT('',(304.544022303093,31.8687675147081,735.));
#16602=CARTESIAN_POINT('',(304.544022303093,31.8687675147081,738.));
#16603=CARTESIAN_POINT('',(304.544022303093,73.5787675147081,732.));
#16604=CARTESIAN_POINT('',(304.544022303093,73.5787675147081,765.));
#16605=CARTESIAN_POINT('',(302.544022303093,31.8687675147081,696.));
#16606=CARTESIAN_POINT('',(302.544022303093,31.8687675147081,699.));
#16607=CARTESIAN_POINT('',(304.544022303093,73.5787675147081,699.));
#16608=CARTESIAN_POINT('',(304.544022303093,31.8687675147081,696.));
#16609=CARTESIAN_POINT('',(304.544022303093,31.8687675147081,699.));
#16610=CARTESIAN_POINT('',(304.544022303093,73.5787675147081,693.));
#16611=CARTESIAN_POINT('',(304.544022303093,73.5787675147081,726.));
#16612=CARTESIAN_POINT('',(302.544022303093,31.8687675147081,657.));
#16613=CARTESIAN_POINT('',(302.544022303093,31.8687675147081,660.));
#16614=CARTESIAN_POINT('',(304.544022303093,73.5787675147081,660.));
#16615=CARTESIAN_POINT('',(304.544022303093,31.8687675147081,657.));
#16616=CARTESIAN_POINT('',(304.544022303093,31.8687675147081,660.));
#16617=CARTESIAN_POINT('',(304.544022303093,73.5787675147081,654.));
#16618=CARTESIAN_POINT('',(304.544022303093,73.5787675147081,687.));
#16619=CARTESIAN_POINT('',(302.544022303093,31.8687675147081,618.));
#16620=CARTESIAN_POINT('',(302.544022303093,31.8687675147081,621.));
#16621=CARTESIAN_POINT('',(304.544022303093,73.5787675147081,621.));
#16622=CARTESIAN_POINT('',(304.544022303093,31.8687675147081,618.));
#16623=CARTESIAN_POINT('',(304.544022303093,31.8687675147081,621.));
#16624=CARTESIAN_POINT('',(304.544022303093,73.5787675147081,615.));
#16625=CARTESIAN_POINT('',(304.544022303093,73.5787675147081,648.));
#16626=CARTESIAN_POINT('',(302.544022303093,31.8687675147081,579.));
#16627=CARTESIAN_POINT('',(302.544022303093,31.8687675147081,582.));
#16628=CARTESIAN_POINT('',(304.544022303093,73.5787675147081,582.));
#16629=CARTESIAN_POINT('',(304.544022303093,31.8687675147081,579.));
#16630=CARTESIAN_POINT('',(304.544022303093,31.8687675147081,582.));
#16631=CARTESIAN_POINT('',(304.544022303093,73.5787675147081,576.));
#16632=CARTESIAN_POINT('',(304.544022303093,73.5787675147081,609.));
#16633=CARTESIAN_POINT('',(302.544022303093,31.8687675147081,540.));
#16634=CARTESIAN_POINT('',(302.544022303093,31.8687675147081,543.));
#16635=CARTESIAN_POINT('',(304.544022303093,73.5787675147081,543.));
#16636=CARTESIAN_POINT('',(304.544022303093,31.8687675147081,540.));
#16637=CARTESIAN_POINT('',(304.544022303093,31.8687675147081,543.));
#16638=CARTESIAN_POINT('',(304.544022303093,73.5787675147081,537.));
#16639=CARTESIAN_POINT('',(304.544022303093,73.5787675147081,570.));
#16640=CARTESIAN_POINT('',(302.544022303093,31.8687675147081,501.));
#16641=CARTESIAN_POINT('',(302.544022303093,31.8687675147081,504.));
#16642=CARTESIAN_POINT('',(304.544022303093,73.5787675147081,504.));
#16643=CARTESIAN_POINT('',(304.544022303093,31.8687675147081,501.));
#16644=CARTESIAN_POINT('',(304.544022303093,31.8687675147081,504.));
#16645=CARTESIAN_POINT('',(304.544022303093,73.5787675147081,498.));
#16646=CARTESIAN_POINT('',(304.544022303093,73.5787675147081,531.));
#16647=CARTESIAN_POINT('',(302.544022303093,31.8687675147081,462.));
#16648=CARTESIAN_POINT('',(302.544022303093,31.8687675147081,465.));
#16649=CARTESIAN_POINT('',(304.544022303093,73.5787675147081,465.));
#16650=CARTESIAN_POINT('',(304.544022303093,31.8687675147081,462.));
#16651=CARTESIAN_POINT('',(304.544022303093,31.8687675147081,465.));
#16652=CARTESIAN_POINT('',(304.544022303093,73.5787675147081,459.));
#16653=CARTESIAN_POINT('',(304.544022303093,73.5787675147081,492.));
#16654=CARTESIAN_POINT('',(302.544022303093,31.8687675147081,423.));
#16655=CARTESIAN_POINT('',(302.544022303093,31.8687675147081,426.));
#16656=CARTESIAN_POINT('',(304.544022303093,73.5787675147081,426.));
#16657=CARTESIAN_POINT('',(304.544022303093,31.8687675147081,423.));
#16658=CARTESIAN_POINT('',(304.544022303093,31.8687675147081,426.));
#16659=CARTESIAN_POINT('',(304.544022303093,73.5787675147081,420.));
#16660=CARTESIAN_POINT('',(304.544022303093,73.5787675147081,453.));
#16661=CARTESIAN_POINT('',(302.544022303093,31.8687675147081,384.));
#16662=CARTESIAN_POINT('',(302.544022303093,31.8687675147081,387.));
#16663=CARTESIAN_POINT('',(304.544022303093,73.5787675147081,387.));
#16664=CARTESIAN_POINT('',(304.544022303093,31.8687675147081,384.));
#16665=CARTESIAN_POINT('',(304.544022303093,31.8687675147081,387.));
#16666=CARTESIAN_POINT('',(304.544022303093,73.5787675147081,381.));
#16667=CARTESIAN_POINT('',(304.544022303093,73.5787675147081,414.));
#16668=CARTESIAN_POINT('',(302.544022303093,31.8687675147081,345.));
#16669=CARTESIAN_POINT('',(302.544022303093,31.8687675147081,348.));
#16670=CARTESIAN_POINT('',(304.544022303093,73.5787675147081,348.));
#16671=CARTESIAN_POINT('',(304.544022303093,31.8687675147081,345.));
#16672=CARTESIAN_POINT('',(304.544022303093,31.8687675147081,348.));
#16673=CARTESIAN_POINT('',(304.544022303093,73.5787675147081,342.));
#16674=CARTESIAN_POINT('',(304.544022303093,73.5787675147081,375.));
#16675=CARTESIAN_POINT('',(302.544022303093,31.8687675147081,306.));
#16676=CARTESIAN_POINT('',(302.544022303093,31.8687675147081,309.));
#16677=CARTESIAN_POINT('',(304.544022303093,73.5787675147081,309.));
#16678=CARTESIAN_POINT('',(304.544022303093,31.8687675147081,306.));
#16679=CARTESIAN_POINT('',(304.544022303093,31.8687675147081,309.));
#16680=CARTESIAN_POINT('',(304.544022303093,73.5787675147081,303.));
#16681=CARTESIAN_POINT('',(304.544022303093,73.5787675147081,336.));
#16682=CARTESIAN_POINT('',(302.544022303093,31.8687675147081,267.));
#16683=CARTESIAN_POINT('',(302.544022303093,31.8687675147081,270.));
#16684=CARTESIAN_POINT('',(304.544022303093,73.5787675147081,270.));
#16685=CARTESIAN_POINT('',(304.544022303093,31.8687675147081,267.));
#16686=CARTESIAN_POINT('',(304.544022303093,31.8687675147081,270.));
#16687=CARTESIAN_POINT('',(304.544022303093,73.5787675147081,264.));
#16688=CARTESIAN_POINT('',(304.544022303093,73.5787675147081,297.));
#16689=CARTESIAN_POINT('',(302.544022303093,31.8687675147081,228.));
#16690=CARTESIAN_POINT('',(302.544022303093,31.8687675147081,231.));
#16691=CARTESIAN_POINT('',(304.544022303093,73.5787675147081,231.));
#16692=CARTESIAN_POINT('',(304.544022303093,31.8687675147081,228.));
#16693=CARTESIAN_POINT('',(304.544022303093,31.8687675147081,231.));
#16694=CARTESIAN_POINT('',(304.544022303093,73.5787675147081,225.));
#16695=CARTESIAN_POINT('',(304.544022303093,73.5787675147081,258.));
#16696=CARTESIAN_POINT('',(302.544022303093,31.8687675147081,71.9999999999998)
);
#16697=CARTESIAN_POINT('',(302.544022303093,31.8687675147081,74.9999999999999)
);
#16698=CARTESIAN_POINT('',(304.544022303093,73.5787675147081,75.0000000000002)
);
#16699=CARTESIAN_POINT('',(304.544022303093,31.8687675147081,71.9999999999998)
);
#16700=CARTESIAN_POINT('',(304.544022303093,31.8687675147081,75.0000000000002)
);
#16701=CARTESIAN_POINT('',(304.544022303093,73.5787675147081,219.));
#16702=CARTESIAN_POINT('',(302.544022303093,31.8687675147081,189.));
#16703=CARTESIAN_POINT('',(302.544022303093,31.8687675147081,192.));
#16704=CARTESIAN_POINT('',(304.544022303093,73.5787675147081,192.));
#16705=CARTESIAN_POINT('',(304.544022303093,31.8687675147081,189.));
#16706=CARTESIAN_POINT('',(304.544022303093,31.8687675147081,192.));
#16707=CARTESIAN_POINT('',(304.544022303093,73.5787675147081,186.));
#16708=CARTESIAN_POINT('',(302.544022303093,31.8687675147081,150.));
#16709=CARTESIAN_POINT('',(302.544022303093,31.8687675147081,153.));
#16710=CARTESIAN_POINT('',(304.544022303093,73.5787675147081,153.));
#16711=CARTESIAN_POINT('',(304.544022303093,31.8687675147081,150.));
#16712=CARTESIAN_POINT('',(304.544022303093,31.8687675147081,153.));
#16713=CARTESIAN_POINT('',(304.544022303093,73.5787675147081,147.));
#16714=CARTESIAN_POINT('',(304.544022303093,73.5787675147081,180.));
#16715=CARTESIAN_POINT('',(302.544022303093,31.8687675147081,111.));
#16716=CARTESIAN_POINT('',(302.544022303093,31.8687675147081,114.));
#16717=CARTESIAN_POINT('',(304.544022303093,73.5787675147081,114.));
#16718=CARTESIAN_POINT('',(304.544022303093,31.8687675147081,111.));
#16719=CARTESIAN_POINT('',(304.544022303093,31.8687675147081,114.));
#16720=CARTESIAN_POINT('',(304.544022303093,73.5787675147081,108.));
#16721=CARTESIAN_POINT('',(304.544022303093,73.5787675147081,141.));
#16722=CARTESIAN_POINT('',(304.544022303093,73.5787675147081,68.9999999999999)
);
#16723=CARTESIAN_POINT('',(304.544022303093,73.5787675147081,102.));
#16724=CARTESIAN_POINT('',(304.544022303093,73.5787675147081,-8.9999999999999)
);
#16725=CARTESIAN_POINT('',(304.544022303093,73.5787675147081,24.));
#16726=CARTESIAN_POINT('',(302.544022303093,31.8687675147081,32.9999999999999)
);
#16727=CARTESIAN_POINT('',(302.544022303093,31.8687675147081,36.));
#16728=CARTESIAN_POINT('',(304.544022303093,73.5787675147081,36.));
#16729=CARTESIAN_POINT('',(304.544022303093,31.8687675147081,32.9999999999999)
);
#16730=CARTESIAN_POINT('',(304.544022303093,31.8687675147081,36.));
#16731=CARTESIAN_POINT('',(304.544022303093,73.5787675147081,30.));
#16732=CARTESIAN_POINT('',(304.544022303093,73.5787675147081,63.0000000000002)
);
#16733=CARTESIAN_POINT('',(302.544022303093,31.8687675147081,1983.));
#16734=CARTESIAN_POINT('',(304.544022303093,73.5787675147081,1983.));
#16735=CARTESIAN_POINT('',(304.544022303093,31.8687675147081,1983.));
#16736=CARTESIAN_POINT('',(302.544022303093,31.8687675147081,1986.));
#16737=CARTESIAN_POINT('',(304.544022303093,73.5787675147081,1986.));
#16738=CARTESIAN_POINT('',(304.544022303093,73.5787675147081,1980.));
#16739=CARTESIAN_POINT('',(302.544022303093,31.8687675147081,1944.));
#16740=CARTESIAN_POINT('',(302.544022303093,31.8687675147081,1947.));
#16741=CARTESIAN_POINT('',(304.544022303093,73.5787675147081,1947.));
#16742=CARTESIAN_POINT('',(304.544022303093,31.8687675147081,1944.));
#16743=CARTESIAN_POINT('',(304.544022303093,31.8687675147081,1947.));
#16744=CARTESIAN_POINT('',(304.544022303093,73.5787675147081,1941.));
#16745=CARTESIAN_POINT('',(304.544022303093,73.5787675147081,1974.));
#16746=CARTESIAN_POINT('',(302.544022303093,31.8687675147081,1905.));
#16747=CARTESIAN_POINT('',(302.544022303093,31.8687675147081,1908.));
#16748=CARTESIAN_POINT('',(304.544022303093,73.5787675147081,1908.));
#16749=CARTESIAN_POINT('',(304.544022303093,31.8687675147081,1905.));
#16750=CARTESIAN_POINT('',(304.544022303093,31.8687675147081,1908.));
#16751=CARTESIAN_POINT('',(304.544022303093,73.5787675147081,1902.));
#16752=CARTESIAN_POINT('',(304.544022303093,73.5787675147081,1935.));
#16753=CARTESIAN_POINT('',(302.544022303093,31.8687675147081,1866.));
#16754=CARTESIAN_POINT('',(302.544022303093,31.8687675147081,1869.));
#16755=CARTESIAN_POINT('',(304.544022303093,73.5787675147081,1869.));
#16756=CARTESIAN_POINT('',(304.544022303093,31.8687675147081,1866.));
#16757=CARTESIAN_POINT('',(304.544022303093,31.8687675147081,1869.));
#16758=CARTESIAN_POINT('',(304.544022303093,73.5787675147081,1863.));
#16759=CARTESIAN_POINT('',(304.544022303093,73.5787675147081,1896.));
#16760=CARTESIAN_POINT('',(304.544022303093,73.5787675147081,1857.));
#16761=CARTESIAN_POINT('',(291.616057767199,73.5821202952885,1986.));
#16762=CARTESIAN_POINT('',(304.544022303093,73.5821202952885,1986.));
#16763=CARTESIAN_POINT('',(291.616057767199,31.8687675147081,1986.));
#16764=CARTESIAN_POINT('',(291.616057767199,20.6833069820081,1986.));
#16765=CARTESIAN_POINT('',(311.598749336992,20.6833069820081,1986.));
#16766=CARTESIAN_POINT('',(311.598749336992,82.868212454798,1986.));
#16767=CARTESIAN_POINT('',(285.019345246604,99.6856235830136,1986.));
#16768=CARTESIAN_POINT('',(251.422377231377,99.6856235830136,1986.));
#16769=CARTESIAN_POINT('',(241.833750633154,105.930348954083,1986.));
#16770=CARTESIAN_POINT('',(199.249157472024,105.930348954083,1986.));
#16771=CARTESIAN_POINT('',(175.58525873958,120.683320473113,1986.));
#16772=CARTESIAN_POINT('',(122.598749449038,120.683320473113,1986.));
#16773=CARTESIAN_POINT('',(122.598749449038,108.816113300518,1986.));
#16774=CARTESIAN_POINT('',(178.726480456181,108.816113300518,1986.));
#16775=CARTESIAN_POINT('',(179.022245419293,95.380696999861,1986.));
#16776=CARTESIAN_POINT('',(234.86403584782,95.380696999861,1986.));
#16777=CARTESIAN_POINT('',(235.234565253917,82.0955437014326,1986.));
#16778=CARTESIAN_POINT('',(291.616057767199,82.0955437014326,1986.));
#16779=CARTESIAN_POINT('',(291.616057767199,73.5821202952885,-14.));
#16780=CARTESIAN_POINT('',(304.544022303093,73.5821202952885,-14.));
#16781=CARTESIAN_POINT('',(304.544022303093,31.8687675147081,-14.));
#16782=CARTESIAN_POINT('',(291.616057767199,31.8687675147081,-14.));
#16783=CARTESIAN_POINT('',(291.616057767199,20.6833069820081,-14.));
#16784=CARTESIAN_POINT('',(311.598749336992,20.6833069820081,-14.));
#16785=CARTESIAN_POINT('',(311.598749336992,82.868212454798,-14.));
#16786=CARTESIAN_POINT('',(285.019345246604,99.6856235830136,-14.));
#16787=CARTESIAN_POINT('',(251.422377231377,99.6856235830136,-14.));
#16788=CARTESIAN_POINT('',(241.833750633154,105.930348954083,-14.));
#16789=CARTESIAN_POINT('',(199.249157472024,105.930348954083,-14.));
#16790=CARTESIAN_POINT('',(175.58525873958,120.683320473113,-14.));
#16791=CARTESIAN_POINT('',(122.598749449038,120.683320473113,-14.));
#16792=CARTESIAN_POINT('',(122.598749449038,108.816113300518,-14.));
#16793=CARTESIAN_POINT('',(178.726480456181,108.816113300518,-14.));
#16794=CARTESIAN_POINT('',(179.022245419293,95.380696999861,-14.));
#16795=CARTESIAN_POINT('',(234.86403584782,95.380696999861,-14.));
#16796=CARTESIAN_POINT('',(235.234565253917,82.0955437014326,-14.));
#16797=CARTESIAN_POINT('',(291.616057767199,82.0955437014326,-14.));
#16798=CARTESIAN_POINT('',(304.544022303093,31.8687675147081,1857.));
#16799=CARTESIAN_POINT('',(304.544022303093,31.8687675147081,1833.));
#16800=CARTESIAN_POINT('',(297.544022303093,31.8687675147081,1845.));
#16801=CARTESIAN_POINT('',(304.544022303093,73.5787675147081,1833.));
#16802=CARTESIAN_POINT('',(297.544022303093,73.5787675147081,1845.));
#16803=CARTESIAN_POINT('',(304.544022303093,31.8687675147081,1896.));
#16804=CARTESIAN_POINT('',(304.544022303093,31.8687675147081,1872.));
#16805=CARTESIAN_POINT('',(297.544022303093,31.8687675147081,1884.));
#16806=CARTESIAN_POINT('',(304.544022303093,73.5787675147081,1872.));
#16807=CARTESIAN_POINT('',(297.544022303093,73.5787675147081,1884.));
#16808=CARTESIAN_POINT('',(302.544022303093,31.8687675147081,1860.));
#16809=CARTESIAN_POINT('',(302.544022303093,31.8687675147081,1863.));
#16810=CARTESIAN_POINT('',(304.544022303093,31.8687675147081,1863.));
#16811=CARTESIAN_POINT('',(304.544022303093,31.8687675147081,1860.));
#16812=CARTESIAN_POINT('',(302.544022303093,73.5787675147081,1860.));
#16813=CARTESIAN_POINT('',(302.544022303093,73.5787675147081,1863.));
#16814=CARTESIAN_POINT('',(304.544022303093,73.5787675147081,1860.));
#16815=CARTESIAN_POINT('',(304.544022303093,73.5787675147081,1866.));
#16816=CARTESIAN_POINT('',(302.544022303093,73.5787675147081,1869.));
#16817=CARTESIAN_POINT('',(302.544022303093,73.5787675147081,1866.));
#16818=CARTESIAN_POINT('',(304.544022303093,31.8687675147081,1935.));
#16819=CARTESIAN_POINT('',(304.544022303093,31.8687675147081,1911.));
#16820=CARTESIAN_POINT('',(297.544022303093,31.8687675147081,1923.));
#16821=CARTESIAN_POINT('',(304.544022303093,73.5787675147081,1911.));
#16822=CARTESIAN_POINT('',(297.544022303093,73.5787675147081,1923.));
#16823=CARTESIAN_POINT('',(302.544022303093,31.8687675147081,1899.));
#16824=CARTESIAN_POINT('',(302.544022303093,31.8687675147081,1902.));
#16825=CARTESIAN_POINT('',(304.544022303093,31.8687675147081,1902.));
#16826=CARTESIAN_POINT('',(304.544022303093,31.8687675147081,1899.));
#16827=CARTESIAN_POINT('',(302.544022303093,73.5787675147081,1899.));
#16828=CARTESIAN_POINT('',(302.544022303093,73.5787675147081,1902.));
#16829=CARTESIAN_POINT('',(304.544022303093,73.5787675147081,1899.));
#16830=CARTESIAN_POINT('',(304.544022303093,73.5787675147081,1905.));
#16831=CARTESIAN_POINT('',(302.544022303093,73.5787675147081,1908.));
#16832=CARTESIAN_POINT('',(302.544022303093,73.5787675147081,1905.));
#16833=CARTESIAN_POINT('',(304.544022303093,31.8687675147081,1974.));
#16834=CARTESIAN_POINT('',(304.544022303093,31.8687675147081,1950.));
#16835=CARTESIAN_POINT('',(297.544022303093,31.8687675147081,1962.));
#16836=CARTESIAN_POINT('',(304.544022303093,73.5787675147081,1950.));
#16837=CARTESIAN_POINT('',(297.544022303093,73.5787675147081,1962.));
#16838=CARTESIAN_POINT('',(302.544022303093,31.8687675147081,1938.));
#16839=CARTESIAN_POINT('',(302.544022303093,31.8687675147081,1941.));
#16840=CARTESIAN_POINT('',(304.544022303093,31.8687675147081,1941.));
#16841=CARTESIAN_POINT('',(304.544022303093,31.8687675147081,1938.));
#16842=CARTESIAN_POINT('',(302.544022303093,73.5787675147081,1938.));
#16843=CARTESIAN_POINT('',(302.544022303093,73.5787675147081,1941.));
#16844=CARTESIAN_POINT('',(304.544022303093,73.5787675147081,1938.));
#16845=CARTESIAN_POINT('',(304.544022303093,73.5787675147081,1944.));
#16846=CARTESIAN_POINT('',(302.544022303093,73.5787675147081,1947.));
#16847=CARTESIAN_POINT('',(302.544022303093,73.5787675147081,1944.));
#16848=CARTESIAN_POINT('',(302.544022303093,31.8687675147081,1977.));
#16849=CARTESIAN_POINT('',(302.544022303093,31.8687675147081,1980.));
#16850=CARTESIAN_POINT('',(304.544022303093,31.8687675147081,1980.));
#16851=CARTESIAN_POINT('',(304.544022303093,31.8687675147081,1977.));
#16852=CARTESIAN_POINT('',(302.544022303093,73.5787675147081,1977.));
#16853=CARTESIAN_POINT('',(302.544022303093,73.5787675147081,1980.));
#16854=CARTESIAN_POINT('',(304.544022303093,73.5787675147081,1977.));
#16855=CARTESIAN_POINT('',(302.544022303093,73.5787675147081,1986.));
#16856=CARTESIAN_POINT('',(302.544022303093,73.5787675147081,1983.));
#16857=CARTESIAN_POINT('',(304.544022303093,31.8687675147081,63.));
#16858=CARTESIAN_POINT('',(304.544022303093,31.8687675147081,39.));
#16859=CARTESIAN_POINT('',(297.544022303093,31.8687675147081,51.));
#16860=CARTESIAN_POINT('',(304.544022303093,73.5787675147081,39.));
#16861=CARTESIAN_POINT('',(297.544022303093,73.5787675147081,51.));
#16862=CARTESIAN_POINT('',(302.544022303093,31.8687675147081,27.));
#16863=CARTESIAN_POINT('',(302.544022303093,31.8687675147081,30.));
#16864=CARTESIAN_POINT('',(304.544022303093,31.8687675147081,30.));
#16865=CARTESIAN_POINT('',(304.544022303093,31.8687675147081,27.));
#16866=CARTESIAN_POINT('',(302.544022303093,73.5787675147081,27.));
#16867=CARTESIAN_POINT('',(302.544022303093,73.5787675147081,30.));
#16868=CARTESIAN_POINT('',(304.544022303093,73.5787675147081,27.));
#16869=CARTESIAN_POINT('',(304.544022303093,73.5787675147081,33.));
#16870=CARTESIAN_POINT('',(302.544022303093,73.5787675147081,36.));
#16871=CARTESIAN_POINT('',(302.544022303093,73.5787675147081,33.));
#16872=CARTESIAN_POINT('',(304.544022303093,31.8687675147081,24.));
#16873=CARTESIAN_POINT('',(304.544022303093,31.8687675147081,
-1.73472347597681E-015));
#16874=CARTESIAN_POINT('',(297.544022303093,31.8687675147081,12.));
#16875=CARTESIAN_POINT('',(304.544022303093,73.5787675147081,
-1.73472347597681E-015));
#16876=CARTESIAN_POINT('',(297.544022303093,73.5787675147081,12.));
#16877=CARTESIAN_POINT('',(302.544022303093,31.8687675147081,-12.));
#16878=CARTESIAN_POINT('',(302.544022303093,31.8687675147081,-9.));
#16879=CARTESIAN_POINT('',(304.544022303093,31.8687675147081,-9.));
#16880=CARTESIAN_POINT('',(304.544022303093,31.8687675147081,-12.));
#16881=CARTESIAN_POINT('',(302.544022303093,73.5787675147081,-12.));
#16882=CARTESIAN_POINT('',(302.544022303093,73.5787675147081,-9.));
#16883=CARTESIAN_POINT('',(304.544022303093,73.5787675147081,-12.));
#16884=CARTESIAN_POINT('',(304.544022303093,31.8687675147081,102.));
#16885=CARTESIAN_POINT('',(304.544022303093,31.8687675147081,78.));
#16886=CARTESIAN_POINT('',(297.544022303093,31.8687675147081,90.));
#16887=CARTESIAN_POINT('',(304.544022303093,73.5787675147081,78.));
#16888=CARTESIAN_POINT('',(297.544022303093,73.5787675147081,90.));
#16889=CARTESIAN_POINT('',(302.544022303093,31.8687675147081,66.));
#16890=CARTESIAN_POINT('',(302.544022303093,31.8687675147081,69.));
#16891=CARTESIAN_POINT('',(304.544022303093,31.8687675147081,69.));
#16892=CARTESIAN_POINT('',(304.544022303093,31.8687675147081,66.));
#16893=CARTESIAN_POINT('',(302.544022303093,73.5787675147081,66.));
#16894=CARTESIAN_POINT('',(302.544022303093,73.5787675147081,69.));
#16895=CARTESIAN_POINT('',(304.544022303093,73.5787675147081,66.));
#16896=CARTESIAN_POINT('',(304.544022303093,31.8687675147081,141.));
#16897=CARTESIAN_POINT('',(304.544022303093,31.8687675147081,117.));
#16898=CARTESIAN_POINT('',(297.544022303093,31.8687675147081,129.));
#16899=CARTESIAN_POINT('',(304.544022303093,73.5787675147081,117.));
#16900=CARTESIAN_POINT('',(297.544022303093,73.5787675147081,129.));
#16901=CARTESIAN_POINT('',(302.544022303093,31.8687675147081,105.));
#16902=CARTESIAN_POINT('',(302.544022303093,31.8687675147081,108.));
#16903=CARTESIAN_POINT('',(304.544022303093,31.8687675147081,108.));
#16904=CARTESIAN_POINT('',(304.544022303093,31.8687675147081,105.));
#16905=CARTESIAN_POINT('',(302.544022303093,73.5787675147081,105.));
#16906=CARTESIAN_POINT('',(302.544022303093,73.5787675147081,108.));
#16907=CARTESIAN_POINT('',(304.544022303093,73.5787675147081,105.));
#16908=CARTESIAN_POINT('',(304.544022303093,73.5787675147081,111.));
#16909=CARTESIAN_POINT('',(302.544022303093,73.5787675147081,114.));
#16910=CARTESIAN_POINT('',(302.544022303093,73.5787675147081,111.));
#16911=CARTESIAN_POINT('',(304.544022303093,31.8687675147081,180.));
#16912=CARTESIAN_POINT('',(304.544022303093,31.8687675147081,156.));
#16913=CARTESIAN_POINT('',(297.544022303093,31.8687675147081,168.));
#16914=CARTESIAN_POINT('',(304.544022303093,73.5787675147081,156.));
#16915=CARTESIAN_POINT('',(297.544022303093,73.5787675147081,168.));
#16916=CARTESIAN_POINT('',(302.544022303093,31.8687675147081,144.));
#16917=CARTESIAN_POINT('',(302.544022303093,31.8687675147081,147.));
#16918=CARTESIAN_POINT('',(304.544022303093,31.8687675147081,147.));
#16919=CARTESIAN_POINT('',(304.544022303093,31.8687675147081,144.));
#16920=CARTESIAN_POINT('',(302.544022303093,73.5787675147081,144.));
#16921=CARTESIAN_POINT('',(302.544022303093,73.5787675147081,147.));
#16922=CARTESIAN_POINT('',(304.544022303093,73.5787675147081,144.));
#16923=CARTESIAN_POINT('',(304.544022303093,73.5787675147081,150.));
#16924=CARTESIAN_POINT('',(302.544022303093,73.5787675147081,153.));
#16925=CARTESIAN_POINT('',(302.544022303093,73.5787675147081,150.));
#16926=CARTESIAN_POINT('',(302.544022303093,31.8687675147081,183.));
#16927=CARTESIAN_POINT('',(302.544022303093,31.8687675147081,186.));
#16928=CARTESIAN_POINT('',(304.544022303093,31.8687675147081,186.));
#16929=CARTESIAN_POINT('',(304.544022303093,31.8687675147081,183.));
#16930=CARTESIAN_POINT('',(302.544022303093,73.5787675147081,183.));
#16931=CARTESIAN_POINT('',(302.544022303093,73.5787675147081,186.));
#16932=CARTESIAN_POINT('',(304.544022303093,73.5787675147081,183.));
#16933=CARTESIAN_POINT('',(304.544022303093,73.5787675147081,189.));
#16934=CARTESIAN_POINT('',(302.544022303093,73.5787675147081,192.));
#16935=CARTESIAN_POINT('',(302.544022303093,73.5787675147081,189.));
#16936=CARTESIAN_POINT('',(304.544022303093,31.8687675147081,219.));
#16937=CARTESIAN_POINT('',(304.544022303093,31.8687675147081,195.));
#16938=CARTESIAN_POINT('',(297.544022303093,31.8687675147081,207.));
#16939=CARTESIAN_POINT('',(304.544022303093,73.5787675147081,195.));
#16940=CARTESIAN_POINT('',(297.544022303093,73.5787675147081,207.));
#16941=CARTESIAN_POINT('',(304.544022303093,73.5787675147081,72.));
#16942=CARTESIAN_POINT('',(302.544022303093,73.5787675147081,75.));
#16943=CARTESIAN_POINT('',(302.544022303093,73.5787675147081,72.));
#16944=CARTESIAN_POINT('',(304.544022303093,31.8687675147081,258.));
#16945=CARTESIAN_POINT('',(304.544022303093,31.8687675147081,234.));
#16946=CARTESIAN_POINT('',(297.544022303093,31.8687675147081,246.));
#16947=CARTESIAN_POINT('',(304.544022303093,73.5787675147081,234.));
#16948=CARTESIAN_POINT('',(297.544022303093,73.5787675147081,246.));
#16949=CARTESIAN_POINT('',(302.544022303093,31.8687675147081,222.));
#16950=CARTESIAN_POINT('',(302.544022303093,31.8687675147081,225.));
#16951=CARTESIAN_POINT('',(304.544022303093,31.8687675147081,225.));
#16952=CARTESIAN_POINT('',(304.544022303093,31.8687675147081,222.));
#16953=CARTESIAN_POINT('',(302.544022303093,73.5787675147081,222.));
#16954=CARTESIAN_POINT('',(302.544022303093,73.5787675147081,225.));
#16955=CARTESIAN_POINT('',(304.544022303093,73.5787675147081,222.));
#16956=CARTESIAN_POINT('',(304.544022303093,73.5787675147081,228.));
#16957=CARTESIAN_POINT('',(302.544022303093,73.5787675147081,231.));
#16958=CARTESIAN_POINT('',(302.544022303093,73.5787675147081,228.));
#16959=CARTESIAN_POINT('',(304.544022303093,31.8687675147081,297.));
#16960=CARTESIAN_POINT('',(304.544022303093,31.8687675147081,273.));
#16961=CARTESIAN_POINT('',(297.544022303093,31.8687675147081,285.));
#16962=CARTESIAN_POINT('',(304.544022303093,73.5787675147081,273.));
#16963=CARTESIAN_POINT('',(297.544022303093,73.5787675147081,285.));
#16964=CARTESIAN_POINT('',(302.544022303093,31.8687675147081,261.));
#16965=CARTESIAN_POINT('',(302.544022303093,31.8687675147081,264.));
#16966=CARTESIAN_POINT('',(304.544022303093,31.8687675147081,264.));
#16967=CARTESIAN_POINT('',(304.544022303093,31.8687675147081,261.));
#16968=CARTESIAN_POINT('',(302.544022303093,73.5787675147081,261.));
#16969=CARTESIAN_POINT('',(302.544022303093,73.5787675147081,264.));
#16970=CARTESIAN_POINT('',(304.544022303093,73.5787675147081,261.));
#16971=CARTESIAN_POINT('',(304.544022303093,73.5787675147081,267.));
#16972=CARTESIAN_POINT('',(302.544022303093,73.5787675147081,270.));
#16973=CARTESIAN_POINT('',(302.544022303093,73.5787675147081,267.));
#16974=CARTESIAN_POINT('',(304.544022303093,31.8687675147081,336.));
#16975=CARTESIAN_POINT('',(304.544022303093,31.8687675147081,312.));
#16976=CARTESIAN_POINT('',(297.544022303093,31.8687675147081,324.));
#16977=CARTESIAN_POINT('',(304.544022303093,73.5787675147081,312.));
#16978=CARTESIAN_POINT('',(297.544022303093,73.5787675147081,324.));
#16979=CARTESIAN_POINT('',(302.544022303093,31.8687675147081,300.));
#16980=CARTESIAN_POINT('',(302.544022303093,31.8687675147081,303.));
#16981=CARTESIAN_POINT('',(304.544022303093,31.8687675147081,303.));
#16982=CARTESIAN_POINT('',(304.544022303093,31.8687675147081,300.));
#16983=CARTESIAN_POINT('',(302.544022303093,73.5787675147081,300.));
#16984=CARTESIAN_POINT('',(302.544022303093,73.5787675147081,303.));
#16985=CARTESIAN_POINT('',(304.544022303093,73.5787675147081,300.));
#16986=CARTESIAN_POINT('',(304.544022303093,73.5787675147081,306.));
#16987=CARTESIAN_POINT('',(302.544022303093,73.5787675147081,309.));
#16988=CARTESIAN_POINT('',(302.544022303093,73.5787675147081,306.));
#16989=CARTESIAN_POINT('',(304.544022303093,31.8687675147081,375.));
#16990=CARTESIAN_POINT('',(304.544022303093,31.8687675147081,351.));
#16991=CARTESIAN_POINT('',(297.544022303093,31.8687675147081,363.));
#16992=CARTESIAN_POINT('',(304.544022303093,73.5787675147081,351.));
#16993=CARTESIAN_POINT('',(297.544022303093,73.5787675147081,363.));
#16994=CARTESIAN_POINT('',(302.544022303093,31.8687675147081,339.));
#16995=CARTESIAN_POINT('',(302.544022303093,31.8687675147081,342.));
#16996=CARTESIAN_POINT('',(304.544022303093,31.8687675147081,342.));
#16997=CARTESIAN_POINT('',(304.544022303093,31.8687675147081,339.));
#16998=CARTESIAN_POINT('',(302.544022303093,73.5787675147081,339.));
#16999=CARTESIAN_POINT('',(302.544022303093,73.5787675147081,342.));
#17000=CARTESIAN_POINT('',(304.544022303093,73.5787675147081,339.));
#17001=CARTESIAN_POINT('',(304.544022303093,73.5787675147081,345.));
#17002=CARTESIAN_POINT('',(302.544022303093,73.5787675147081,348.));
#17003=CARTESIAN_POINT('',(302.544022303093,73.5787675147081,345.));
#17004=CARTESIAN_POINT('',(304.544022303093,31.8687675147081,414.));
#17005=CARTESIAN_POINT('',(304.544022303093,31.8687675147081,390.));
#17006=CARTESIAN_POINT('',(297.544022303093,31.8687675147081,402.));
#17007=CARTESIAN_POINT('',(304.544022303093,73.5787675147081,390.));
#17008=CARTESIAN_POINT('',(297.544022303093,73.5787675147081,402.));
#17009=CARTESIAN_POINT('',(302.544022303093,31.8687675147081,378.));
#17010=CARTESIAN_POINT('',(302.544022303093,31.8687675147081,381.));
#17011=CARTESIAN_POINT('',(304.544022303093,31.8687675147081,381.));
#17012=CARTESIAN_POINT('',(304.544022303093,31.8687675147081,378.));
#17013=CARTESIAN_POINT('',(302.544022303093,73.5787675147081,378.));
#17014=CARTESIAN_POINT('',(302.544022303093,73.5787675147081,381.));
#17015=CARTESIAN_POINT('',(304.544022303093,73.5787675147081,378.));
#17016=CARTESIAN_POINT('',(304.544022303093,73.5787675147081,384.));
#17017=CARTESIAN_POINT('',(302.544022303093,73.5787675147081,387.));
#17018=CARTESIAN_POINT('',(302.544022303093,73.5787675147081,384.));
#17019=CARTESIAN_POINT('',(304.544022303093,31.8687675147081,453.));
#17020=CARTESIAN_POINT('',(304.544022303093,31.8687675147081,429.));
#17021=CARTESIAN_POINT('',(297.544022303093,31.8687675147081,441.));
#17022=CARTESIAN_POINT('',(304.544022303093,73.5787675147081,429.));
#17023=CARTESIAN_POINT('',(297.544022303093,73.5787675147081,441.));
#17024=CARTESIAN_POINT('',(302.544022303093,31.8687675147081,417.));
#17025=CARTESIAN_POINT('',(302.544022303093,31.8687675147081,420.));
#17026=CARTESIAN_POINT('',(304.544022303093,31.8687675147081,420.));
#17027=CARTESIAN_POINT('',(304.544022303093,31.8687675147081,417.));
#17028=CARTESIAN_POINT('',(302.544022303093,73.5787675147081,417.));
#17029=CARTESIAN_POINT('',(302.544022303093,73.5787675147081,420.));
#17030=CARTESIAN_POINT('',(304.544022303093,73.5787675147081,417.));
#17031=CARTESIAN_POINT('',(304.544022303093,73.5787675147081,423.));
#17032=CARTESIAN_POINT('',(302.544022303093,73.5787675147081,426.));
#17033=CARTESIAN_POINT('',(302.544022303093,73.5787675147081,423.));
#17034=CARTESIAN_POINT('',(304.544022303093,31.8687675147081,492.));
#17035=CARTESIAN_POINT('',(304.544022303093,31.8687675147081,468.));
#17036=CARTESIAN_POINT('',(297.544022303093,31.8687675147081,480.));
#17037=CARTESIAN_POINT('',(304.544022303093,73.5787675147081,468.));
#17038=CARTESIAN_POINT('',(297.544022303093,73.5787675147081,480.));
#17039=CARTESIAN_POINT('',(302.544022303093,31.8687675147081,456.));
#17040=CARTESIAN_POINT('',(302.544022303093,31.8687675147081,459.));
#17041=CARTESIAN_POINT('',(304.544022303093,31.8687675147081,459.));
#17042=CARTESIAN_POINT('',(304.544022303093,31.8687675147081,456.));
#17043=CARTESIAN_POINT('',(302.544022303093,73.5787675147081,456.));
#17044=CARTESIAN_POINT('',(302.544022303093,73.5787675147081,459.));
#17045=CARTESIAN_POINT('',(304.544022303093,73.5787675147081,456.));
#17046=CARTESIAN_POINT('',(304.544022303093,73.5787675147081,462.));
#17047=CARTESIAN_POINT('',(302.544022303093,73.5787675147081,465.));
#17048=CARTESIAN_POINT('',(302.544022303093,73.5787675147081,462.));
#17049=CARTESIAN_POINT('',(304.544022303093,31.8687675147081,531.));
#17050=CARTESIAN_POINT('',(304.544022303093,31.8687675147081,507.));
#17051=CARTESIAN_POINT('',(297.544022303093,31.8687675147081,519.));
#17052=CARTESIAN_POINT('',(304.544022303093,73.5787675147081,507.));
#17053=CARTESIAN_POINT('',(297.544022303093,73.5787675147081,519.));
#17054=CARTESIAN_POINT('',(302.544022303093,31.8687675147081,495.));
#17055=CARTESIAN_POINT('',(302.544022303093,31.8687675147081,498.));
#17056=CARTESIAN_POINT('',(304.544022303093,31.8687675147081,498.));
#17057=CARTESIAN_POINT('',(304.544022303093,31.8687675147081,495.));
#17058=CARTESIAN_POINT('',(302.544022303093,73.5787675147081,495.));
#17059=CARTESIAN_POINT('',(302.544022303093,73.5787675147081,498.));
#17060=CARTESIAN_POINT('',(304.544022303093,73.5787675147081,495.));
#17061=CARTESIAN_POINT('',(304.544022303093,73.5787675147081,501.));
#17062=CARTESIAN_POINT('',(302.544022303093,73.5787675147081,504.));
#17063=CARTESIAN_POINT('',(302.544022303093,73.5787675147081,501.));
#17064=CARTESIAN_POINT('',(304.544022303093,31.8687675147081,570.));
#17065=CARTESIAN_POINT('',(304.544022303093,31.8687675147081,546.));
#17066=CARTESIAN_POINT('',(297.544022303093,31.8687675147081,558.));
#17067=CARTESIAN_POINT('',(304.544022303093,73.5787675147081,546.));
#17068=CARTESIAN_POINT('',(297.544022303093,73.5787675147081,558.));
#17069=CARTESIAN_POINT('',(302.544022303093,31.8687675147081,534.));
#17070=CARTESIAN_POINT('',(302.544022303093,31.8687675147081,537.));
#17071=CARTESIAN_POINT('',(304.544022303093,31.8687675147081,537.));
#17072=CARTESIAN_POINT('',(304.544022303093,31.8687675147081,534.));
#17073=CARTESIAN_POINT('',(302.544022303093,73.5787675147081,534.));
#17074=CARTESIAN_POINT('',(302.544022303093,73.5787675147081,537.));
#17075=CARTESIAN_POINT('',(304.544022303093,73.5787675147081,534.));
#17076=CARTESIAN_POINT('',(304.544022303093,73.5787675147081,540.));
#17077=CARTESIAN_POINT('',(302.544022303093,73.5787675147081,543.));
#17078=CARTESIAN_POINT('',(302.544022303093,73.5787675147081,540.));
#17079=CARTESIAN_POINT('',(304.544022303093,31.8687675147081,609.));
#17080=CARTESIAN_POINT('',(304.544022303093,31.8687675147081,585.));
#17081=CARTESIAN_POINT('',(297.544022303093,31.8687675147081,597.));
#17082=CARTESIAN_POINT('',(304.544022303093,73.5787675147081,585.));
#17083=CARTESIAN_POINT('',(297.544022303093,73.5787675147081,597.));
#17084=CARTESIAN_POINT('',(302.544022303093,31.8687675147081,573.));
#17085=CARTESIAN_POINT('',(302.544022303093,31.8687675147081,576.));
#17086=CARTESIAN_POINT('',(304.544022303093,31.8687675147081,576.));
#17087=CARTESIAN_POINT('',(304.544022303093,31.8687675147081,573.));
#17088=CARTESIAN_POINT('',(302.544022303093,73.5787675147081,573.));
#17089=CARTESIAN_POINT('',(302.544022303093,73.5787675147081,576.));
#17090=CARTESIAN_POINT('',(304.544022303093,73.5787675147081,573.));
#17091=CARTESIAN_POINT('',(304.544022303093,73.5787675147081,579.));
#17092=CARTESIAN_POINT('',(302.544022303093,73.5787675147081,582.));
#17093=CARTESIAN_POINT('',(302.544022303093,73.5787675147081,579.));
#17094=CARTESIAN_POINT('',(304.544022303093,31.8687675147081,648.));
#17095=CARTESIAN_POINT('',(304.544022303093,31.8687675147081,624.));
#17096=CARTESIAN_POINT('',(297.544022303093,31.8687675147081,636.));
#17097=CARTESIAN_POINT('',(304.544022303093,73.5787675147081,624.));
#17098=CARTESIAN_POINT('',(297.544022303093,73.5787675147081,636.));
#17099=CARTESIAN_POINT('',(302.544022303093,31.8687675147081,612.));
#17100=CARTESIAN_POINT('',(302.544022303093,31.8687675147081,615.));
#17101=CARTESIAN_POINT('',(304.544022303093,31.8687675147081,615.));
#17102=CARTESIAN_POINT('',(304.544022303093,31.8687675147081,612.));
#17103=CARTESIAN_POINT('',(302.544022303093,73.5787675147081,612.));
#17104=CARTESIAN_POINT('',(302.544022303093,73.5787675147081,615.));
#17105=CARTESIAN_POINT('',(304.544022303093,73.5787675147081,612.));
#17106=CARTESIAN_POINT('',(304.544022303093,73.5787675147081,618.));
#17107=CARTESIAN_POINT('',(302.544022303093,73.5787675147081,621.));
#17108=CARTESIAN_POINT('',(302.544022303093,73.5787675147081,618.));
#17109=CARTESIAN_POINT('',(304.544022303093,31.8687675147081,687.));
#17110=CARTESIAN_POINT('',(304.544022303093,31.8687675147081,663.));
#17111=CARTESIAN_POINT('',(297.544022303093,31.8687675147081,675.));
#17112=CARTESIAN_POINT('',(304.544022303093,73.5787675147081,663.));
#17113=CARTESIAN_POINT('',(297.544022303093,73.5787675147081,675.));
#17114=CARTESIAN_POINT('',(302.544022303093,31.8687675147081,651.));
#17115=CARTESIAN_POINT('',(302.544022303093,31.8687675147081,654.));
#17116=CARTESIAN_POINT('',(304.544022303093,31.8687675147081,654.));
#17117=CARTESIAN_POINT('',(304.544022303093,31.8687675147081,651.));
#17118=CARTESIAN_POINT('',(302.544022303093,73.5787675147081,651.));
#17119=CARTESIAN_POINT('',(302.544022303093,73.5787675147081,654.));
#17120=CARTESIAN_POINT('',(304.544022303093,73.5787675147081,651.));
#17121=CARTESIAN_POINT('',(304.544022303093,73.5787675147081,657.));
#17122=CARTESIAN_POINT('',(302.544022303093,73.5787675147081,660.));
#17123=CARTESIAN_POINT('',(302.544022303093,73.5787675147081,657.));
#17124=CARTESIAN_POINT('',(304.544022303093,31.8687675147081,726.));
#17125=CARTESIAN_POINT('',(304.544022303093,31.8687675147081,702.));
#17126=CARTESIAN_POINT('',(297.544022303093,31.8687675147081,714.));
#17127=CARTESIAN_POINT('',(304.544022303093,73.5787675147081,702.));
#17128=CARTESIAN_POINT('',(297.544022303093,73.5787675147081,714.));
#17129=CARTESIAN_POINT('',(302.544022303093,31.8687675147081,690.));
#17130=CARTESIAN_POINT('',(302.544022303093,31.8687675147081,693.));
#17131=CARTESIAN_POINT('',(304.544022303093,31.8687675147081,693.));
#17132=CARTESIAN_POINT('',(304.544022303093,31.8687675147081,690.));
#17133=CARTESIAN_POINT('',(302.544022303093,73.5787675147081,690.));
#17134=CARTESIAN_POINT('',(302.544022303093,73.5787675147081,693.));
#17135=CARTESIAN_POINT('',(304.544022303093,73.5787675147081,690.));
#17136=CARTESIAN_POINT('',(304.544022303093,73.5787675147081,696.));
#17137=CARTESIAN_POINT('',(302.544022303093,73.5787675147081,699.));
#17138=CARTESIAN_POINT('',(302.544022303093,73.5787675147081,696.));
#17139=CARTESIAN_POINT('',(304.544022303093,31.8687675147081,765.));
#17140=CARTESIAN_POINT('',(304.544022303093,31.8687675147081,741.));
#17141=CARTESIAN_POINT('',(297.544022303093,31.8687675147081,753.));
#17142=CARTESIAN_POINT('',(304.544022303093,73.5787675147081,741.));
#17143=CARTESIAN_POINT('',(297.544022303093,73.5787675147081,753.));
#17144=CARTESIAN_POINT('',(302.544022303093,31.8687675147081,729.));
#17145=CARTESIAN_POINT('',(302.544022303093,31.8687675147081,732.));
#17146=CARTESIAN_POINT('',(304.544022303093,31.8687675147081,732.));
#17147=CARTESIAN_POINT('',(304.544022303093,31.8687675147081,729.));
#17148=CARTESIAN_POINT('',(302.544022303093,73.5787675147081,729.));
#17149=CARTESIAN_POINT('',(302.544022303093,73.5787675147081,732.));
#17150=CARTESIAN_POINT('',(304.544022303093,73.5787675147081,729.));
#17151=CARTESIAN_POINT('',(304.544022303093,73.5787675147081,735.));
#17152=CARTESIAN_POINT('',(302.544022303093,73.5787675147081,738.));
#17153=CARTESIAN_POINT('',(302.544022303093,73.5787675147081,735.));
#17154=CARTESIAN_POINT('',(304.544022303093,31.8687675147081,804.));
#17155=CARTESIAN_POINT('',(304.544022303093,31.8687675147081,780.));
#17156=CARTESIAN_POINT('',(297.544022303093,31.8687675147081,792.));
#17157=CARTESIAN_POINT('',(304.544022303093,73.5787675147081,780.));
#17158=CARTESIAN_POINT('',(297.544022303093,73.5787675147081,792.));
#17159=CARTESIAN_POINT('',(302.544022303093,31.8687675147081,768.));
#17160=CARTESIAN_POINT('',(302.544022303093,31.8687675147081,771.));
#17161=CARTESIAN_POINT('',(304.544022303093,31.8687675147081,771.));
#17162=CARTESIAN_POINT('',(304.544022303093,31.8687675147081,768.));
#17163=CARTESIAN_POINT('',(302.544022303093,73.5787675147081,768.));
#17164=CARTESIAN_POINT('',(302.544022303093,73.5787675147081,771.));
#17165=CARTESIAN_POINT('',(304.544022303093,73.5787675147081,768.));
#17166=CARTESIAN_POINT('',(304.544022303093,73.5787675147081,774.));
#17167=CARTESIAN_POINT('',(302.544022303093,73.5787675147081,777.));
#17168=CARTESIAN_POINT('',(302.544022303093,73.5787675147081,774.));
#17169=CARTESIAN_POINT('',(304.544022303093,31.8687675147081,843.));
#17170=CARTESIAN_POINT('',(304.544022303093,31.8687675147081,819.));
#17171=CARTESIAN_POINT('',(297.544022303093,31.8687675147081,831.));
#17172=CARTESIAN_POINT('',(304.544022303093,73.5787675147081,819.));
#17173=CARTESIAN_POINT('',(297.544022303093,73.5787675147081,831.));
#17174=CARTESIAN_POINT('',(302.544022303093,31.8687675147081,807.));
#17175=CARTESIAN_POINT('',(302.544022303093,31.8687675147081,810.));
#17176=CARTESIAN_POINT('',(304.544022303093,31.8687675147081,810.));
#17177=CARTESIAN_POINT('',(304.544022303093,31.8687675147081,807.));
#17178=CARTESIAN_POINT('',(302.544022303093,73.5787675147081,807.));
#17179=CARTESIAN_POINT('',(302.544022303093,73.5787675147081,810.));
#17180=CARTESIAN_POINT('',(304.544022303093,73.5787675147081,807.));
#17181=CARTESIAN_POINT('',(304.544022303093,73.5787675147081,813.));
#17182=CARTESIAN_POINT('',(302.544022303093,73.5787675147081,816.));
#17183=CARTESIAN_POINT('',(302.544022303093,73.5787675147081,813.));
#17184=CARTESIAN_POINT('',(304.544022303093,31.8687675147081,882.));
#17185=CARTESIAN_POINT('',(304.544022303093,31.8687675147081,858.));
#17186=CARTESIAN_POINT('',(297.544022303093,31.8687675147081,870.));
#17187=CARTESIAN_POINT('',(304.544022303093,73.5787675147081,858.));
#17188=CARTESIAN_POINT('',(297.544022303093,73.5787675147081,870.));
#17189=CARTESIAN_POINT('',(302.544022303093,31.8687675147081,846.));
#17190=CARTESIAN_POINT('',(302.544022303093,31.8687675147081,849.));
#17191=CARTESIAN_POINT('',(304.544022303093,31.8687675147081,849.));
#17192=CARTESIAN_POINT('',(304.544022303093,31.8687675147081,846.));
#17193=CARTESIAN_POINT('',(302.544022303093,73.5787675147081,846.));
#17194=CARTESIAN_POINT('',(302.544022303093,73.5787675147081,849.));
#17195=CARTESIAN_POINT('',(304.544022303093,73.5787675147081,846.));
#17196=CARTESIAN_POINT('',(304.544022303093,73.5787675147081,852.));
#17197=CARTESIAN_POINT('',(302.544022303093,73.5787675147081,855.));
#17198=CARTESIAN_POINT('',(302.544022303093,73.5787675147081,852.));
#17199=CARTESIAN_POINT('',(304.544022303093,31.8687675147081,921.));
#17200=CARTESIAN_POINT('',(304.544022303093,31.8687675147081,897.));
#17201=CARTESIAN_POINT('',(297.544022303093,31.8687675147081,909.));
#17202=CARTESIAN_POINT('',(304.544022303093,73.5787675147081,897.));
#17203=CARTESIAN_POINT('',(297.544022303093,73.5787675147081,909.));
#17204=CARTESIAN_POINT('',(302.544022303093,31.8687675147081,885.));
#17205=CARTESIAN_POINT('',(302.544022303093,31.8687675147081,888.));
#17206=CARTESIAN_POINT('',(304.544022303093,31.8687675147081,888.));
#17207=CARTESIAN_POINT('',(304.544022303093,31.8687675147081,885.));
#17208=CARTESIAN_POINT('',(302.544022303093,73.5787675147081,885.));
#17209=CARTESIAN_POINT('',(302.544022303093,73.5787675147081,888.));
#17210=CARTESIAN_POINT('',(304.544022303093,73.5787675147081,885.));
#17211=CARTESIAN_POINT('',(304.544022303093,73.5787675147081,891.));
#17212=CARTESIAN_POINT('',(302.544022303093,73.5787675147081,894.));
#17213=CARTESIAN_POINT('',(302.544022303093,73.5787675147081,891.));
#17214=CARTESIAN_POINT('',(304.544022303093,31.8687675147081,960.));
#17215=CARTESIAN_POINT('',(304.544022303093,31.8687675147081,936.));
#17216=CARTESIAN_POINT('',(297.544022303093,31.8687675147081,948.));
#17217=CARTESIAN_POINT('',(304.544022303093,73.5787675147081,936.));
#17218=CARTESIAN_POINT('',(297.544022303093,73.5787675147081,948.));
#17219=CARTESIAN_POINT('',(302.544022303093,31.8687675147081,924.));
#17220=CARTESIAN_POINT('',(302.544022303093,31.8687675147081,927.));
#17221=CARTESIAN_POINT('',(304.544022303093,31.8687675147081,927.));
#17222=CARTESIAN_POINT('',(304.544022303093,31.8687675147081,924.));
#17223=CARTESIAN_POINT('',(302.544022303093,73.5787675147081,924.));
#17224=CARTESIAN_POINT('',(302.544022303093,73.5787675147081,927.));
#17225=CARTESIAN_POINT('',(304.544022303093,73.5787675147081,924.));
#17226=CARTESIAN_POINT('',(304.544022303093,73.5787675147081,930.));
#17227=CARTESIAN_POINT('',(302.544022303093,73.5787675147081,933.));
#17228=CARTESIAN_POINT('',(302.544022303093,73.5787675147081,930.));
#17229=CARTESIAN_POINT('',(304.544022303093,31.8687675147081,999.));
#17230=CARTESIAN_POINT('',(304.544022303093,31.8687675147081,975.));
#17231=CARTESIAN_POINT('',(297.544022303093,31.8687675147081,987.));
#17232=CARTESIAN_POINT('',(304.544022303093,73.5787675147081,975.));
#17233=CARTESIAN_POINT('',(297.544022303093,73.5787675147081,987.));
#17234=CARTESIAN_POINT('',(302.544022303093,31.8687675147081,963.));
#17235=CARTESIAN_POINT('',(302.544022303093,31.8687675147081,966.));
#17236=CARTESIAN_POINT('',(304.544022303093,31.8687675147081,966.));
#17237=CARTESIAN_POINT('',(304.544022303093,31.8687675147081,963.));
#17238=CARTESIAN_POINT('',(302.544022303093,73.5787675147081,963.));
#17239=CARTESIAN_POINT('',(302.544022303093,73.5787675147081,966.));
#17240=CARTESIAN_POINT('',(304.544022303093,73.5787675147081,963.));
#17241=CARTESIAN_POINT('',(304.544022303093,73.5787675147081,969.));
#17242=CARTESIAN_POINT('',(302.544022303093,73.5787675147081,972.));
#17243=CARTESIAN_POINT('',(302.544022303093,73.5787675147081,969.));
#17244=CARTESIAN_POINT('',(304.544022303093,31.8687675147081,1038.));
#17245=CARTESIAN_POINT('',(304.544022303093,31.8687675147081,1014.));
#17246=CARTESIAN_POINT('',(297.544022303093,31.8687675147081,1026.));
#17247=CARTESIAN_POINT('',(304.544022303093,73.5787675147081,1014.));
#17248=CARTESIAN_POINT('',(297.544022303093,73.5787675147081,1026.));
#17249=CARTESIAN_POINT('',(302.544022303093,31.8687675147081,1002.));
#17250=CARTESIAN_POINT('',(302.544022303093,31.8687675147081,1005.));
#17251=CARTESIAN_POINT('',(304.544022303093,31.8687675147081,1005.));
#17252=CARTESIAN_POINT('',(304.544022303093,31.8687675147081,1002.));
#17253=CARTESIAN_POINT('',(302.544022303093,73.5787675147081,1002.));
#17254=CARTESIAN_POINT('',(302.544022303093,73.5787675147081,1005.));
#17255=CARTESIAN_POINT('',(304.544022303093,73.5787675147081,1002.));
#17256=CARTESIAN_POINT('',(304.544022303093,73.5787675147081,1008.));
#17257=CARTESIAN_POINT('',(302.544022303093,73.5787675147081,1011.));
#17258=CARTESIAN_POINT('',(302.544022303093,73.5787675147081,1008.));
#17259=CARTESIAN_POINT('',(304.544022303093,31.8687675147081,1077.));
#17260=CARTESIAN_POINT('',(304.544022303093,31.8687675147081,1053.));
#17261=CARTESIAN_POINT('',(297.544022303093,31.8687675147081,1065.));
#17262=CARTESIAN_POINT('',(304.544022303093,73.5787675147081,1053.));
#17263=CARTESIAN_POINT('',(297.544022303093,73.5787675147081,1065.));
#17264=CARTESIAN_POINT('',(302.544022303093,31.8687675147081,1041.));
#17265=CARTESIAN_POINT('',(302.544022303093,31.8687675147081,1044.));
#17266=CARTESIAN_POINT('',(304.544022303093,31.8687675147081,1044.));
#17267=CARTESIAN_POINT('',(304.544022303093,31.8687675147081,1041.));
#17268=CARTESIAN_POINT('',(302.544022303093,73.5787675147081,1041.));
#17269=CARTESIAN_POINT('',(302.544022303093,73.5787675147081,1044.));
#17270=CARTESIAN_POINT('',(304.544022303093,73.5787675147081,1041.));
#17271=CARTESIAN_POINT('',(304.544022303093,73.5787675147081,1047.));
#17272=CARTESIAN_POINT('',(302.544022303093,73.5787675147081,1050.));
#17273=CARTESIAN_POINT('',(302.544022303093,73.5787675147081,1047.));
#17274=CARTESIAN_POINT('',(304.544022303093,31.8687675147081,1116.));
#17275=CARTESIAN_POINT('',(304.544022303093,31.8687675147081,1092.));
#17276=CARTESIAN_POINT('',(297.544022303093,31.8687675147081,1104.));
#17277=CARTESIAN_POINT('',(304.544022303093,73.5787675147081,1092.));
#17278=CARTESIAN_POINT('',(297.544022303093,73.5787675147081,1104.));
#17279=CARTESIAN_POINT('',(302.544022303093,31.8687675147081,1080.));
#17280=CARTESIAN_POINT('',(302.544022303093,31.8687675147081,1083.));
#17281=CARTESIAN_POINT('',(304.544022303093,31.8687675147081,1083.));
#17282=CARTESIAN_POINT('',(304.544022303093,31.8687675147081,1080.));
#17283=CARTESIAN_POINT('',(302.544022303093,73.5787675147081,1080.));
#17284=CARTESIAN_POINT('',(302.544022303093,73.5787675147081,1083.));
#17285=CARTESIAN_POINT('',(304.544022303093,73.5787675147081,1080.));
#17286=CARTESIAN_POINT('',(304.544022303093,73.5787675147081,1086.));
#17287=CARTESIAN_POINT('',(302.544022303093,73.5787675147081,1089.));
#17288=CARTESIAN_POINT('',(302.544022303093,73.5787675147081,1086.));
#17289=CARTESIAN_POINT('',(304.544022303093,31.8687675147081,1155.));
#17290=CARTESIAN_POINT('',(304.544022303093,31.8687675147081,1131.));
#17291=CARTESIAN_POINT('',(297.544022303093,31.8687675147081,1143.));
#17292=CARTESIAN_POINT('',(304.544022303093,73.5787675147081,1131.));
#17293=CARTESIAN_POINT('',(297.544022303093,73.5787675147081,1143.));
#17294=CARTESIAN_POINT('',(302.544022303093,31.8687675147081,1119.));
#17295=CARTESIAN_POINT('',(302.544022303093,31.8687675147081,1122.));
#17296=CARTESIAN_POINT('',(304.544022303093,31.8687675147081,1122.));
#17297=CARTESIAN_POINT('',(304.544022303093,31.8687675147081,1119.));
#17298=CARTESIAN_POINT('',(302.544022303093,73.5787675147081,1119.));
#17299=CARTESIAN_POINT('',(302.544022303093,73.5787675147081,1122.));
#17300=CARTESIAN_POINT('',(304.544022303093,73.5787675147081,1119.));
#17301=CARTESIAN_POINT('',(304.544022303093,73.5787675147081,1125.));
#17302=CARTESIAN_POINT('',(302.544022303093,73.5787675147081,1128.));
#17303=CARTESIAN_POINT('',(302.544022303093,73.5787675147081,1125.));
#17304=CARTESIAN_POINT('',(304.544022303093,31.8687675147081,1194.));
#17305=CARTESIAN_POINT('',(304.544022303093,31.8687675147081,1170.));
#17306=CARTESIAN_POINT('',(297.544022303093,31.8687675147081,1182.));
#17307=CARTESIAN_POINT('',(304.544022303093,73.5787675147081,1170.));
#17308=CARTESIAN_POINT('',(297.544022303093,73.5787675147081,1182.));
#17309=CARTESIAN_POINT('',(302.544022303093,31.8687675147081,1158.));
#17310=CARTESIAN_POINT('',(302.544022303093,31.8687675147081,1161.));
#17311=CARTESIAN_POINT('',(304.544022303093,31.8687675147081,1161.));
#17312=CARTESIAN_POINT('',(304.544022303093,31.8687675147081,1158.));
#17313=CARTESIAN_POINT('',(302.544022303093,73.5787675147081,1158.));
#17314=CARTESIAN_POINT('',(302.544022303093,73.5787675147081,1161.));
#17315=CARTESIAN_POINT('',(304.544022303093,73.5787675147081,1158.));
#17316=CARTESIAN_POINT('',(304.544022303093,73.5787675147081,1164.));
#17317=CARTESIAN_POINT('',(302.544022303093,73.5787675147081,1167.));
#17318=CARTESIAN_POINT('',(302.544022303093,73.5787675147081,1164.));
#17319=CARTESIAN_POINT('',(304.544022303093,31.8687675147081,1233.));
#17320=CARTESIAN_POINT('',(304.544022303093,31.8687675147081,1209.));
#17321=CARTESIAN_POINT('',(297.544022303093,31.8687675147081,1221.));
#17322=CARTESIAN_POINT('',(304.544022303093,73.5787675147081,1209.));
#17323=CARTESIAN_POINT('',(297.544022303093,73.5787675147081,1221.));
#17324=CARTESIAN_POINT('',(302.544022303093,31.8687675147081,1197.));
#17325=CARTESIAN_POINT('',(302.544022303093,31.8687675147081,1200.));
#17326=CARTESIAN_POINT('',(304.544022303093,31.8687675147081,1200.));
#17327=CARTESIAN_POINT('',(304.544022303093,31.8687675147081,1197.));
#17328=CARTESIAN_POINT('',(302.544022303093,73.5787675147081,1197.));
#17329=CARTESIAN_POINT('',(302.544022303093,73.5787675147081,1200.));
#17330=CARTESIAN_POINT('',(304.544022303093,73.5787675147081,1197.));
#17331=CARTESIAN_POINT('',(304.544022303093,73.5787675147081,1203.));
#17332=CARTESIAN_POINT('',(302.544022303093,73.5787675147081,1206.));
#17333=CARTESIAN_POINT('',(302.544022303093,73.5787675147081,1203.));
#17334=CARTESIAN_POINT('',(304.544022303093,31.8687675147081,1272.));
#17335=CARTESIAN_POINT('',(304.544022303093,31.8687675147081,1248.));
#17336=CARTESIAN_POINT('',(297.544022303093,31.8687675147081,1260.));
#17337=CARTESIAN_POINT('',(304.544022303093,73.5787675147081,1248.));
#17338=CARTESIAN_POINT('',(297.544022303093,73.5787675147081,1260.));
#17339=CARTESIAN_POINT('',(302.544022303093,31.8687675147081,1236.));
#17340=CARTESIAN_POINT('',(302.544022303093,31.8687675147081,1239.));
#17341=CARTESIAN_POINT('',(304.544022303093,31.8687675147081,1239.));
#17342=CARTESIAN_POINT('',(304.544022303093,31.8687675147081,1236.));
#17343=CARTESIAN_POINT('',(302.544022303093,73.5787675147081,1236.));
#17344=CARTESIAN_POINT('',(302.544022303093,73.5787675147081,1239.));
#17345=CARTESIAN_POINT('',(304.544022303093,73.5787675147081,1236.));
#17346=CARTESIAN_POINT('',(304.544022303093,73.5787675147081,1242.));
#17347=CARTESIAN_POINT('',(302.544022303093,73.5787675147081,1245.));
#17348=CARTESIAN_POINT('',(302.544022303093,73.5787675147081,1242.));
#17349=CARTESIAN_POINT('',(304.544022303093,31.8687675147081,1311.));
#17350=CARTESIAN_POINT('',(304.544022303093,31.8687675147081,1287.));
#17351=CARTESIAN_POINT('',(297.544022303093,31.8687675147081,1299.));
#17352=CARTESIAN_POINT('',(304.544022303093,73.5787675147081,1287.));
#17353=CARTESIAN_POINT('',(297.544022303093,73.5787675147081,1299.));
#17354=CARTESIAN_POINT('',(302.544022303093,31.8687675147081,1275.));
#17355=CARTESIAN_POINT('',(302.544022303093,31.8687675147081,1278.));
#17356=CARTESIAN_POINT('',(304.544022303093,31.8687675147081,1278.));
#17357=CARTESIAN_POINT('',(304.544022303093,31.8687675147081,1275.));
#17358=CARTESIAN_POINT('',(302.544022303093,73.5787675147081,1275.));
#17359=CARTESIAN_POINT('',(302.544022303093,73.5787675147081,1278.));
#17360=CARTESIAN_POINT('',(304.544022303093,73.5787675147081,1275.));
#17361=CARTESIAN_POINT('',(304.544022303093,73.5787675147081,1281.));
#17362=CARTESIAN_POINT('',(302.544022303093,73.5787675147081,1284.));
#17363=CARTESIAN_POINT('',(302.544022303093,73.5787675147081,1281.));
#17364=CARTESIAN_POINT('',(304.544022303093,31.8687675147081,1350.));
#17365=CARTESIAN_POINT('',(304.544022303093,31.8687675147081,1326.));
#17366=CARTESIAN_POINT('',(297.544022303093,31.8687675147081,1338.));
#17367=CARTESIAN_POINT('',(304.544022303093,73.5787675147081,1326.));
#17368=CARTESIAN_POINT('',(297.544022303093,73.5787675147081,1338.));
#17369=CARTESIAN_POINT('',(302.544022303093,31.8687675147081,1314.));
#17370=CARTESIAN_POINT('',(302.544022303093,31.8687675147081,1317.));
#17371=CARTESIAN_POINT('',(304.544022303093,31.8687675147081,1317.));
#17372=CARTESIAN_POINT('',(304.544022303093,31.8687675147081,1314.));
#17373=CARTESIAN_POINT('',(302.544022303093,73.5787675147081,1314.));
#17374=CARTESIAN_POINT('',(302.544022303093,73.5787675147081,1317.));
#17375=CARTESIAN_POINT('',(304.544022303093,73.5787675147081,1314.));
#17376=CARTESIAN_POINT('',(304.544022303093,73.5787675147081,1320.));
#17377=CARTESIAN_POINT('',(302.544022303093,73.5787675147081,1323.));
#17378=CARTESIAN_POINT('',(302.544022303093,73.5787675147081,1320.));
#17379=CARTESIAN_POINT('',(304.544022303093,31.8687675147081,1389.));
#17380=CARTESIAN_POINT('',(304.544022303093,31.8687675147081,1365.));
#17381=CARTESIAN_POINT('',(297.544022303093,31.8687675147081,1377.));
#17382=CARTESIAN_POINT('',(304.544022303093,73.5787675147081,1365.));
#17383=CARTESIAN_POINT('',(297.544022303093,73.5787675147081,1377.));
#17384=CARTESIAN_POINT('',(302.544022303093,31.8687675147081,1353.));
#17385=CARTESIAN_POINT('',(302.544022303093,31.8687675147081,1356.));
#17386=CARTESIAN_POINT('',(304.544022303093,31.8687675147081,1356.));
#17387=CARTESIAN_POINT('',(304.544022303093,31.8687675147081,1353.));
#17388=CARTESIAN_POINT('',(302.544022303093,73.5787675147081,1353.));
#17389=CARTESIAN_POINT('',(302.544022303093,73.5787675147081,1356.));
#17390=CARTESIAN_POINT('',(304.544022303093,73.5787675147081,1353.));
#17391=CARTESIAN_POINT('',(304.544022303093,73.5787675147081,1359.));
#17392=CARTESIAN_POINT('',(302.544022303093,73.5787675147081,1362.));
#17393=CARTESIAN_POINT('',(302.544022303093,73.5787675147081,1359.));
#17394=CARTESIAN_POINT('',(304.544022303093,31.8687675147081,1428.));
#17395=CARTESIAN_POINT('',(304.544022303093,31.8687675147081,1404.));
#17396=CARTESIAN_POINT('',(297.544022303093,31.8687675147081,1416.));
#17397=CARTESIAN_POINT('',(304.544022303093,73.5787675147081,1404.));
#17398=CARTESIAN_POINT('',(297.544022303093,73.5787675147081,1416.));
#17399=CARTESIAN_POINT('',(302.544022303093,31.8687675147081,1392.));
#17400=CARTESIAN_POINT('',(302.544022303093,31.8687675147081,1395.));
#17401=CARTESIAN_POINT('',(304.544022303093,31.8687675147081,1395.));
#17402=CARTESIAN_POINT('',(304.544022303093,31.8687675147081,1392.));
#17403=CARTESIAN_POINT('',(302.544022303093,73.5787675147081,1392.));
#17404=CARTESIAN_POINT('',(302.544022303093,73.5787675147081,1395.));
#17405=CARTESIAN_POINT('',(304.544022303093,73.5787675147081,1392.));
#17406=CARTESIAN_POINT('',(304.544022303093,73.5787675147081,1398.));
#17407=CARTESIAN_POINT('',(302.544022303093,73.5787675147081,1401.));
#17408=CARTESIAN_POINT('',(302.544022303093,73.5787675147081,1398.));
#17409=CARTESIAN_POINT('',(304.544022303093,31.8687675147081,1467.));
#17410=CARTESIAN_POINT('',(304.544022303093,31.8687675147081,1443.));
#17411=CARTESIAN_POINT('',(297.544022303093,31.8687675147081,1455.));
#17412=CARTESIAN_POINT('',(304.544022303093,73.5787675147081,1443.));
#17413=CARTESIAN_POINT('',(297.544022303093,73.5787675147081,1455.));
#17414=CARTESIAN_POINT('',(302.544022303093,31.8687675147081,1431.));
#17415=CARTESIAN_POINT('',(302.544022303093,31.8687675147081,1434.));
#17416=CARTESIAN_POINT('',(304.544022303093,31.8687675147081,1434.));
#17417=CARTESIAN_POINT('',(304.544022303093,31.8687675147081,1431.));
#17418=CARTESIAN_POINT('',(302.544022303093,73.5787675147081,1431.));
#17419=CARTESIAN_POINT('',(302.544022303093,73.5787675147081,1434.));
#17420=CARTESIAN_POINT('',(304.544022303093,73.5787675147081,1431.));
#17421=CARTESIAN_POINT('',(304.544022303093,73.5787675147081,1437.));
#17422=CARTESIAN_POINT('',(302.544022303093,73.5787675147081,1440.));
#17423=CARTESIAN_POINT('',(302.544022303093,73.5787675147081,1437.));
#17424=CARTESIAN_POINT('',(304.544022303093,31.8687675147081,1506.));
#17425=CARTESIAN_POINT('',(304.544022303093,31.8687675147081,1482.));
#17426=CARTESIAN_POINT('',(297.544022303093,31.8687675147081,1494.));
#17427=CARTESIAN_POINT('',(304.544022303093,73.5787675147081,1482.));
#17428=CARTESIAN_POINT('',(297.544022303093,73.5787675147081,1494.));
#17429=CARTESIAN_POINT('',(302.544022303093,31.8687675147081,1470.));
#17430=CARTESIAN_POINT('',(302.544022303093,31.8687675147081,1473.));
#17431=CARTESIAN_POINT('',(304.544022303093,31.8687675147081,1473.));
#17432=CARTESIAN_POINT('',(304.544022303093,31.8687675147081,1470.));
#17433=CARTESIAN_POINT('',(302.544022303093,73.5787675147081,1470.));
#17434=CARTESIAN_POINT('',(302.544022303093,73.5787675147081,1473.));
#17435=CARTESIAN_POINT('',(304.544022303093,73.5787675147081,1470.));
#17436=CARTESIAN_POINT('',(304.544022303093,73.5787675147081,1476.));
#17437=CARTESIAN_POINT('',(302.544022303093,73.5787675147081,1479.));
#17438=CARTESIAN_POINT('',(302.544022303093,73.5787675147081,1476.));
#17439=CARTESIAN_POINT('',(304.544022303093,31.8687675147081,1545.));
#17440=CARTESIAN_POINT('',(304.544022303093,31.8687675147081,1521.));
#17441=CARTESIAN_POINT('',(297.544022303093,31.8687675147081,1533.));
#17442=CARTESIAN_POINT('',(304.544022303093,73.5787675147081,1521.));
#17443=CARTESIAN_POINT('',(297.544022303093,73.5787675147081,1533.));
#17444=CARTESIAN_POINT('',(302.544022303093,31.8687675147081,1509.));
#17445=CARTESIAN_POINT('',(302.544022303093,31.8687675147081,1512.));
#17446=CARTESIAN_POINT('',(304.544022303093,31.8687675147081,1512.));
#17447=CARTESIAN_POINT('',(304.544022303093,31.8687675147081,1509.));
#17448=CARTESIAN_POINT('',(302.544022303093,73.5787675147081,1509.));
#17449=CARTESIAN_POINT('',(302.544022303093,73.5787675147081,1512.));
#17450=CARTESIAN_POINT('',(304.544022303093,73.5787675147081,1509.));
#17451=CARTESIAN_POINT('',(304.544022303093,73.5787675147081,1515.));
#17452=CARTESIAN_POINT('',(302.544022303093,73.5787675147081,1518.));
#17453=CARTESIAN_POINT('',(302.544022303093,73.5787675147081,1515.));
#17454=CARTESIAN_POINT('',(304.544022303093,31.8687675147081,1584.));
#17455=CARTESIAN_POINT('',(304.544022303093,31.8687675147081,1560.));
#17456=CARTESIAN_POINT('',(297.544022303093,31.8687675147081,1572.));
#17457=CARTESIAN_POINT('',(304.544022303093,73.5787675147081,1560.));
#17458=CARTESIAN_POINT('',(297.544022303093,73.5787675147081,1572.));
#17459=CARTESIAN_POINT('',(302.544022303093,31.8687675147081,1548.));
#17460=CARTESIAN_POINT('',(302.544022303093,31.8687675147081,1551.));
#17461=CARTESIAN_POINT('',(304.544022303093,31.8687675147081,1551.));
#17462=CARTESIAN_POINT('',(304.544022303093,31.8687675147081,1548.));
#17463=CARTESIAN_POINT('',(302.544022303093,73.5787675147081,1548.));
#17464=CARTESIAN_POINT('',(302.544022303093,73.5787675147081,1551.));
#17465=CARTESIAN_POINT('',(304.544022303093,73.5787675147081,1548.));
#17466=CARTESIAN_POINT('',(304.544022303093,73.5787675147081,1554.));
#17467=CARTESIAN_POINT('',(302.544022303093,73.5787675147081,1557.));
#17468=CARTESIAN_POINT('',(302.544022303093,73.5787675147081,1554.));
#17469=CARTESIAN_POINT('',(304.544022303093,31.8687675147081,1623.));
#17470=CARTESIAN_POINT('',(304.544022303093,31.8687675147081,1599.));
#17471=CARTESIAN_POINT('',(297.544022303093,31.8687675147081,1611.));
#17472=CARTESIAN_POINT('',(304.544022303093,73.5787675147081,1599.));
#17473=CARTESIAN_POINT('',(297.544022303093,73.5787675147081,1611.));
#17474=CARTESIAN_POINT('',(302.544022303093,31.8687675147081,1587.));
#17475=CARTESIAN_POINT('',(302.544022303093,31.8687675147081,1590.));
#17476=CARTESIAN_POINT('',(304.544022303093,31.8687675147081,1590.));
#17477=CARTESIAN_POINT('',(304.544022303093,31.8687675147081,1587.));
#17478=CARTESIAN_POINT('',(302.544022303093,73.5787675147081,1587.));
#17479=CARTESIAN_POINT('',(302.544022303093,73.5787675147081,1590.));
#17480=CARTESIAN_POINT('',(304.544022303093,73.5787675147081,1587.));
#17481=CARTESIAN_POINT('',(304.544022303093,73.5787675147081,1593.));
#17482=CARTESIAN_POINT('',(302.544022303093,73.5787675147081,1596.));
#17483=CARTESIAN_POINT('',(302.544022303093,73.5787675147081,1593.));
#17484=CARTESIAN_POINT('',(304.544022303093,31.8687675147081,1662.));
#17485=CARTESIAN_POINT('',(304.544022303093,31.8687675147081,1638.));
#17486=CARTESIAN_POINT('',(297.544022303093,31.8687675147081,1650.));
#17487=CARTESIAN_POINT('',(304.544022303093,73.5787675147081,1638.));
#17488=CARTESIAN_POINT('',(297.544022303093,73.5787675147081,1650.));
#17489=CARTESIAN_POINT('',(302.544022303093,31.8687675147081,1626.));
#17490=CARTESIAN_POINT('',(302.544022303093,31.8687675147081,1629.));
#17491=CARTESIAN_POINT('',(304.544022303093,31.8687675147081,1629.));
#17492=CARTESIAN_POINT('',(304.544022303093,31.8687675147081,1626.));
#17493=CARTESIAN_POINT('',(302.544022303093,73.5787675147081,1626.));
#17494=CARTESIAN_POINT('',(302.544022303093,73.5787675147081,1629.));
#17495=CARTESIAN_POINT('',(304.544022303093,73.5787675147081,1626.));
#17496=CARTESIAN_POINT('',(304.544022303093,73.5787675147081,1632.));
#17497=CARTESIAN_POINT('',(302.544022303093,73.5787675147081,1635.));
#17498=CARTESIAN_POINT('',(302.544022303093,73.5787675147081,1632.));
#17499=CARTESIAN_POINT('',(304.544022303093,31.8687675147081,1701.));
#17500=CARTESIAN_POINT('',(304.544022303093,31.8687675147081,1677.));
#17501=CARTESIAN_POINT('',(297.544022303093,31.8687675147081,1689.));
#17502=CARTESIAN_POINT('',(304.544022303093,73.5787675147081,1677.));
#17503=CARTESIAN_POINT('',(297.544022303093,73.5787675147081,1689.));
#17504=CARTESIAN_POINT('',(302.544022303093,31.8687675147081,1665.));
#17505=CARTESIAN_POINT('',(302.544022303093,31.8687675147081,1668.));
#17506=CARTESIAN_POINT('',(304.544022303093,31.8687675147081,1668.));
#17507=CARTESIAN_POINT('',(304.544022303093,31.8687675147081,1665.));
#17508=CARTESIAN_POINT('',(302.544022303093,73.5787675147081,1665.));
#17509=CARTESIAN_POINT('',(302.544022303093,73.5787675147081,1668.));
#17510=CARTESIAN_POINT('',(304.544022303093,73.5787675147081,1665.));
#17511=CARTESIAN_POINT('',(304.544022303093,73.5787675147081,1671.));
#17512=CARTESIAN_POINT('',(302.544022303093,73.5787675147081,1674.));
#17513=CARTESIAN_POINT('',(302.544022303093,73.5787675147081,1671.));
#17514=CARTESIAN_POINT('',(304.544022303093,31.8687675147081,1740.));
#17515=CARTESIAN_POINT('',(304.544022303093,31.8687675147081,1716.));
#17516=CARTESIAN_POINT('',(297.544022303093,31.8687675147081,1728.));
#17517=CARTESIAN_POINT('',(304.544022303093,73.5787675147081,1716.));
#17518=CARTESIAN_POINT('',(297.544022303093,73.5787675147081,1728.));
#17519=CARTESIAN_POINT('',(302.544022303093,31.8687675147081,1704.));
#17520=CARTESIAN_POINT('',(302.544022303093,31.8687675147081,1707.));
#17521=CARTESIAN_POINT('',(304.544022303093,31.8687675147081,1707.));
#17522=CARTESIAN_POINT('',(304.544022303093,31.8687675147081,1704.));
#17523=CARTESIAN_POINT('',(302.544022303093,73.5787675147081,1704.));
#17524=CARTESIAN_POINT('',(302.544022303093,73.5787675147081,1707.));
#17525=CARTESIAN_POINT('',(304.544022303093,73.5787675147081,1704.));
#17526=CARTESIAN_POINT('',(304.544022303093,73.5787675147081,1710.));
#17527=CARTESIAN_POINT('',(302.544022303093,73.5787675147081,1713.));
#17528=CARTESIAN_POINT('',(302.544022303093,73.5787675147081,1710.));
#17529=CARTESIAN_POINT('',(304.544022303093,31.8687675147081,1779.));
#17530=CARTESIAN_POINT('',(304.544022303093,31.8687675147081,1755.));
#17531=CARTESIAN_POINT('',(297.544022303093,31.8687675147081,1767.));
#17532=CARTESIAN_POINT('',(304.544022303093,73.5787675147081,1755.));
#17533=CARTESIAN_POINT('',(297.544022303093,73.5787675147081,1767.));
#17534=CARTESIAN_POINT('',(302.544022303093,31.8687675147081,1743.));
#17535=CARTESIAN_POINT('',(302.544022303093,31.8687675147081,1746.));
#17536=CARTESIAN_POINT('',(304.544022303093,31.8687675147081,1746.));
#17537=CARTESIAN_POINT('',(304.544022303093,31.8687675147081,1743.));
#17538=CARTESIAN_POINT('',(302.544022303093,73.5787675147081,1743.));
#17539=CARTESIAN_POINT('',(302.544022303093,73.5787675147081,1746.));
#17540=CARTESIAN_POINT('',(304.544022303093,73.5787675147081,1743.));
#17541=CARTESIAN_POINT('',(304.544022303093,73.5787675147081,1749.));
#17542=CARTESIAN_POINT('',(302.544022303093,73.5787675147081,1752.));
#17543=CARTESIAN_POINT('',(302.544022303093,73.5787675147081,1749.));
#17544=CARTESIAN_POINT('',(304.544022303093,31.8687675147081,1818.));
#17545=CARTESIAN_POINT('',(304.544022303093,31.8687675147081,1794.));
#17546=CARTESIAN_POINT('',(297.544022303093,31.8687675147081,1806.));
#17547=CARTESIAN_POINT('',(304.544022303093,73.5787675147081,1794.));
#17548=CARTESIAN_POINT('',(297.544022303093,73.5787675147081,1806.));
#17549=CARTESIAN_POINT('',(302.544022303093,31.8687675147081,1782.));
#17550=CARTESIAN_POINT('',(302.544022303093,31.8687675147081,1785.));
#17551=CARTESIAN_POINT('',(304.544022303093,31.8687675147081,1785.));
#17552=CARTESIAN_POINT('',(304.544022303093,31.8687675147081,1782.));
#17553=CARTESIAN_POINT('',(302.544022303093,73.5787675147081,1782.));
#17554=CARTESIAN_POINT('',(302.544022303093,73.5787675147081,1785.));
#17555=CARTESIAN_POINT('',(304.544022303093,73.5787675147081,1782.));
#17556=CARTESIAN_POINT('',(304.544022303093,73.5787675147081,1788.));
#17557=CARTESIAN_POINT('',(302.544022303093,73.5787675147081,1791.));
#17558=CARTESIAN_POINT('',(302.544022303093,73.5787675147081,1788.));
#17559=CARTESIAN_POINT('',(302.544022303093,31.8687675147081,1821.));
#17560=CARTESIAN_POINT('',(302.544022303093,31.8687675147081,1824.));
#17561=CARTESIAN_POINT('',(304.544022303093,31.8687675147081,1824.));
#17562=CARTESIAN_POINT('',(304.544022303093,31.8687675147081,1821.));
#17563=CARTESIAN_POINT('',(302.544022303093,73.5787675147081,1821.));
#17564=CARTESIAN_POINT('',(302.544022303093,73.5787675147081,1824.));
#17565=CARTESIAN_POINT('',(304.544022303093,73.5787675147081,1821.));
#17566=CARTESIAN_POINT('',(304.544022303093,73.5787675147081,1827.));
#17567=CARTESIAN_POINT('',(302.544022303093,73.5787675147081,1830.));
#17568=CARTESIAN_POINT('',(302.544022303093,73.5787675147081,1827.));
#17569=CARTESIAN_POINT('',(291.616057767199,82.0955437014326,1986.));
#17570=CARTESIAN_POINT('',(235.234565253917,82.0955437014326,1986.));
#17571=CARTESIAN_POINT('',(234.86403584782,95.380696999861,1986.));
#17572=CARTESIAN_POINT('',(179.022245419293,95.380696999861,1986.));
#17573=CARTESIAN_POINT('',(178.726480456181,108.816113300518,1986.));
#17574=CARTESIAN_POINT('',(122.598749449038,108.816113300518,1986.));
#17575=CARTESIAN_POINT('',(122.598749449038,120.683320473113,1986.));
#17576=CARTESIAN_POINT('',(175.58525873958,120.683320473113,1986.));
#17577=CARTESIAN_POINT('',(199.249157472024,105.930348954083,1986.));
#17578=CARTESIAN_POINT('',(241.833750633154,105.930348954083,1986.));
#17579=CARTESIAN_POINT('',(251.422377231377,99.6856235830136,1986.));
#17580=CARTESIAN_POINT('',(285.019345246604,99.6856235830136,1986.));
#17581=CARTESIAN_POINT('',(311.598749336992,82.868212454798,1986.));
#17582=CARTESIAN_POINT('',(311.598749336992,20.6833069820081,1986.));
#17583=CARTESIAN_POINT('',(291.616057767199,20.6833069820081,1986.));
#17584=CARTESIAN_POINT('',(291.616057767199,31.8687675147081,1986.));
#17585=CARTESIAN_POINT('',(304.544022303093,31.8687675147081,1986.));
#17586=CARTESIAN_POINT('',(304.544022303093,31.8687675147081,1986.));
#17587=CARTESIAN_POINT('',(304.544022303093,31.8687675147081,1986.));
#17588=CARTESIAN_POINT('',(304.544022303093,31.8687675147081,1986.));
#17589=CARTESIAN_POINT('',(304.544022303093,31.8687675147081,1986.));
#17590=CARTESIAN_POINT('',(304.544022303093,31.8687675147081,1986.));
#17591=CARTESIAN_POINT('',(304.544022303093,31.8687675147081,1986.));
#17592=CARTESIAN_POINT('',(304.544022303093,31.8687675147081,1986.));
#17593=CARTESIAN_POINT('',(304.544022303093,31.8687675147081,1986.));
#17594=CARTESIAN_POINT('',(304.544022303093,31.8687675147081,1986.));
#17595=CARTESIAN_POINT('',(304.544022303093,31.8687675147081,1986.));
#17596=CARTESIAN_POINT('',(304.544022303093,31.8687675147081,1986.));
#17597=CARTESIAN_POINT('',(304.544022303093,31.8687675147081,1986.));
#17598=CARTESIAN_POINT('',(304.544022303093,31.8687675147081,1986.));
#17599=CARTESIAN_POINT('',(304.544022303093,31.8687675147081,1986.));
#17600=CARTESIAN_POINT('',(304.544022303093,31.8687675147081,1986.));
#17601=CARTESIAN_POINT('',(304.544022303093,31.8687675147081,1986.));
#17602=CARTESIAN_POINT('',(304.544022303093,31.8687675147081,1986.));
#17603=CARTESIAN_POINT('',(304.544022303093,31.8687675147081,1986.));
#17604=CARTESIAN_POINT('',(304.544022303093,31.8687675147081,1986.));
#17605=CARTESIAN_POINT('',(304.544022303093,31.8687675147081,1986.));
#17606=CARTESIAN_POINT('',(304.544022303093,31.8687675147081,1986.));
#17607=CARTESIAN_POINT('',(304.544022303093,31.8687675147081,1986.));
#17608=CARTESIAN_POINT('',(304.544022303093,31.8687675147081,1986.));
#17609=CARTESIAN_POINT('',(304.544022303093,31.8687675147081,1986.));
#17610=CARTESIAN_POINT('',(304.544022303093,31.8687675147081,1986.));
#17611=CARTESIAN_POINT('',(304.544022303093,31.8687675147081,1986.));
#17612=CARTESIAN_POINT('',(304.544022303093,31.8687675147081,1986.));
#17613=CARTESIAN_POINT('',(304.544022303093,31.8687675147081,1986.));
#17614=CARTESIAN_POINT('',(304.544022303093,31.8687675147081,1986.));
#17615=CARTESIAN_POINT('',(304.544022303093,31.8687675147081,1986.));
#17616=CARTESIAN_POINT('',(304.544022303093,31.8687675147081,1986.));
#17617=CARTESIAN_POINT('',(304.544022303093,31.8687675147081,1986.));
#17618=CARTESIAN_POINT('',(304.544022303093,31.8687675147081,1986.));
#17619=CARTESIAN_POINT('',(304.544022303093,31.8687675147081,1986.));
#17620=CARTESIAN_POINT('',(304.544022303093,31.8687675147081,1986.));
#17621=CARTESIAN_POINT('',(304.544022303093,31.8687675147081,1986.));
#17622=CARTESIAN_POINT('',(304.544022303093,31.8687675147081,1986.));
#17623=CARTESIAN_POINT('',(304.544022303093,31.8687675147081,1986.));
#17624=CARTESIAN_POINT('',(304.544022303093,31.8687675147081,1986.));
#17625=CARTESIAN_POINT('',(304.544022303093,31.8687675147081,1986.));
#17626=CARTESIAN_POINT('',(304.544022303093,31.8687675147081,1986.));
#17627=CARTESIAN_POINT('',(304.544022303093,31.8687675147081,1986.));
#17628=CARTESIAN_POINT('',(304.544022303093,31.8687675147081,1986.));
#17629=CARTESIAN_POINT('',(304.544022303093,31.8687675147081,1986.));
#17630=CARTESIAN_POINT('',(304.544022303093,31.8687675147081,1986.));
#17631=CARTESIAN_POINT('',(304.544022303093,31.8687675147081,1986.));
#17632=CARTESIAN_POINT('',(304.544022303093,31.8687675147081,1986.));
#17633=CARTESIAN_POINT('',(304.544022303093,31.8687675147081,1986.));
#17634=CARTESIAN_POINT('',(304.544022303093,31.8687675147081,1986.));
#17635=CARTESIAN_POINT('',(304.544022303093,31.8687675147081,1986.));
#17636=CARTESIAN_POINT('',(304.544022303093,31.8687675147081,1986.));
#17637=CARTESIAN_POINT('',(304.544022303093,31.8687675147081,1986.));
#17638=CARTESIAN_POINT('',(304.544022303093,31.8687675147081,1986.));
#17639=CARTESIAN_POINT('',(304.544022303093,31.8687675147081,1986.));
#17640=CARTESIAN_POINT('',(304.544022303093,31.8687675147081,1986.));
#17641=CARTESIAN_POINT('',(304.544022303093,31.8687675147081,1986.));
#17642=CARTESIAN_POINT('',(304.544022303093,31.8687675147081,1986.));
#17643=CARTESIAN_POINT('',(304.544022303093,31.8687675147081,1986.));
#17644=CARTESIAN_POINT('',(304.544022303093,31.8687675147081,1986.));
#17645=CARTESIAN_POINT('',(304.544022303093,31.8687675147081,1986.));
#17646=CARTESIAN_POINT('',(304.544022303093,31.8687675147081,1986.));
#17647=CARTESIAN_POINT('',(304.544022303093,31.8687675147081,1986.));
#17648=CARTESIAN_POINT('',(304.544022303093,31.8687675147081,1986.));
#17649=CARTESIAN_POINT('',(304.544022303093,31.8687675147081,1986.));
#17650=CARTESIAN_POINT('',(304.544022303093,31.8687675147081,1986.));
#17651=CARTESIAN_POINT('',(304.544022303093,31.8687675147081,1986.));
#17652=CARTESIAN_POINT('',(304.544022303093,31.8687675147081,1986.));
#17653=CARTESIAN_POINT('',(304.544022303093,31.8687675147081,1986.));
#17654=CARTESIAN_POINT('',(304.544022303093,31.8687675147081,1986.));
#17655=CARTESIAN_POINT('',(304.544022303093,31.8687675147081,1986.));
#17656=CARTESIAN_POINT('',(304.544022303093,31.8687675147081,1986.));
#17657=CARTESIAN_POINT('',(304.544022303093,31.8687675147081,1986.));
#17658=CARTESIAN_POINT('',(304.544022303093,31.8687675147081,1986.));
#17659=CARTESIAN_POINT('',(304.544022303093,31.8687675147081,1986.));
#17660=CARTESIAN_POINT('',(304.544022303093,31.8687675147081,1986.));
#17661=CARTESIAN_POINT('',(304.544022303093,31.8687675147081,1986.));
#17662=CARTESIAN_POINT('',(304.544022303093,31.8687675147081,1986.));
#17663=CARTESIAN_POINT('',(304.544022303093,31.8687675147081,1986.));
#17664=CARTESIAN_POINT('',(304.544022303093,31.8687675147081,1986.));
#17665=CARTESIAN_POINT('',(304.544022303093,31.8687675147081,1986.));
#17666=CARTESIAN_POINT('',(304.544022303093,31.8687675147081,1986.));
#17667=CARTESIAN_POINT('',(304.544022303093,31.8687675147081,1986.));
#17668=CARTESIAN_POINT('',(304.544022303093,31.8687675147081,1986.));
#17669=CARTESIAN_POINT('',(304.544022303093,31.8687675147081,1986.));
#17670=CARTESIAN_POINT('',(304.544022303093,31.8687675147081,1986.));
#17671=CARTESIAN_POINT('',(304.544022303093,31.8687675147081,1986.));
#17672=CARTESIAN_POINT('',(304.544022303093,31.8687675147081,1986.));
#17673=CARTESIAN_POINT('',(304.544022303093,31.8687675147081,1986.));
#17674=CARTESIAN_POINT('',(304.544022303093,31.8687675147081,1986.));
#17675=CARTESIAN_POINT('',(304.544022303093,31.8687675147081,1986.));
#17676=CARTESIAN_POINT('',(304.544022303093,31.8687675147081,1986.));
#17677=CARTESIAN_POINT('',(304.544022303093,31.8687675147081,1986.));
#17678=CARTESIAN_POINT('',(304.544022303093,31.8687675147081,1986.));
#17679=CARTESIAN_POINT('',(304.544022303093,31.8687675147081,1986.));
#17680=CARTESIAN_POINT('',(304.544022303093,31.8687675147081,1986.));
#17681=CARTESIAN_POINT('',(304.544022303093,31.8687675147081,1986.));
#17682=CARTESIAN_POINT('',(304.544022303093,31.8687675147081,1986.));
#17683=CARTESIAN_POINT('',(304.544022303093,31.8687675147081,1986.));
#17684=CARTESIAN_POINT('',(304.544022303093,31.8687675147081,1986.));
#17685=CARTESIAN_POINT('',(304.544022303093,31.8687675147081,1986.));
#17686=CARTESIAN_POINT('',(304.544022303093,31.8687675147081,1986.));
#17687=CARTESIAN_POINT('',(304.544022303093,31.8687675147081,1986.));
#17688=CARTESIAN_POINT('',(304.544022303093,31.8687675147081,1986.));
#17689=CARTESIAN_POINT('',(304.544022303093,31.8687675147081,1986.));
#17690=CARTESIAN_POINT('',(304.544022303093,31.8687675147081,1986.));
#17691=CARTESIAN_POINT('',(304.544022303093,31.8687675147081,1986.));
#17692=CARTESIAN_POINT('',(304.544022303093,31.8687675147081,1986.));
#17693=CARTESIAN_POINT('',(304.544022303093,31.8687675147081,1986.));
#17694=CARTESIAN_POINT('',(304.544022303093,31.8687675147081,1986.));
#17695=CARTESIAN_POINT('',(304.544022303093,31.8687675147081,1986.));
#17696=CARTESIAN_POINT('',(304.544022303093,31.8687675147081,1986.));
#17697=CARTESIAN_POINT('',(304.544022303093,31.8687675147081,1986.));
#17698=CARTESIAN_POINT('',(304.544022303093,31.8687675147081,1986.));
#17699=CARTESIAN_POINT('',(304.544022303093,31.8687675147081,1986.));
#17700=CARTESIAN_POINT('',(304.544022303093,31.8687675147081,1986.));
#17701=CARTESIAN_POINT('',(304.544022303093,31.8687675147081,1986.));
#17702=CARTESIAN_POINT('',(304.544022303093,31.8687675147081,1986.));
#17703=CARTESIAN_POINT('',(304.544022303093,31.8687675147081,1986.));
#17704=CARTESIAN_POINT('',(304.544022303093,31.8687675147081,1986.));
#17705=CARTESIAN_POINT('',(304.544022303093,31.8687675147081,1986.));
#17706=CARTESIAN_POINT('',(304.544022303093,31.8687675147081,1986.));
#17707=CARTESIAN_POINT('',(304.544022303093,31.8687675147081,1986.));
#17708=CARTESIAN_POINT('',(304.544022303093,31.8687675147081,1986.));
#17709=CARTESIAN_POINT('',(304.544022303093,31.8687675147081,1986.));
#17710=CARTESIAN_POINT('',(304.544022303093,31.8687675147081,1986.));
#17711=CARTESIAN_POINT('',(304.544022303093,31.8687675147081,1986.));
#17712=CARTESIAN_POINT('',(304.544022303093,31.8687675147081,1986.));
#17713=CARTESIAN_POINT('',(304.544022303093,31.8687675147081,1986.));
#17714=CARTESIAN_POINT('',(304.544022303093,31.8687675147081,1986.));
#17715=CARTESIAN_POINT('',(304.544022303093,31.8687675147081,1986.));
#17716=CARTESIAN_POINT('',(304.544022303093,31.8687675147081,1986.));
#17717=CARTESIAN_POINT('',(304.544022303093,31.8687675147081,1986.));
#17718=CARTESIAN_POINT('',(304.544022303093,31.8687675147081,1986.));
#17719=CARTESIAN_POINT('',(304.544022303093,31.8687675147081,1986.));
#17720=CARTESIAN_POINT('',(304.544022303093,31.8687675147081,1986.));
#17721=CARTESIAN_POINT('',(304.544022303093,31.8687675147081,1986.));
#17722=CARTESIAN_POINT('',(304.544022303093,31.8687675147081,1986.));
#17723=CARTESIAN_POINT('',(304.544022303093,31.8687675147081,1986.));
#17724=CARTESIAN_POINT('',(304.544022303093,31.8687675147081,1986.));
#17725=CARTESIAN_POINT('',(304.544022303093,31.8687675147081,1986.));
#17726=CARTESIAN_POINT('',(304.544022303093,31.8687675147081,1986.));
#17727=CARTESIAN_POINT('',(304.544022303093,31.8687675147081,1986.));
#17728=CARTESIAN_POINT('',(304.544022303093,31.8687675147081,1986.));
#17729=CARTESIAN_POINT('',(304.544022303093,31.8687675147081,1986.));
#17730=CARTESIAN_POINT('',(304.544022303093,31.8687675147081,1986.));
#17731=CARTESIAN_POINT('',(304.544022303093,31.8687675147081,1986.));
#17732=CARTESIAN_POINT('',(304.544022303093,31.8687675147081,1986.));
#17733=CARTESIAN_POINT('',(304.544022303093,31.8687675147081,1986.));
#17734=CARTESIAN_POINT('',(304.544022303093,31.8687675147081,1986.));
#17735=CARTESIAN_POINT('',(304.544022303093,31.8687675147081,1986.));
#17736=CARTESIAN_POINT('',(304.544022303093,31.8687675147081,1986.));
#17737=CARTESIAN_POINT('',(304.544022303093,31.8687675147081,1986.));
#17738=CARTESIAN_POINT('',(304.544022303093,31.8687675147081,1986.));
#17739=CARTESIAN_POINT('',(304.544022303093,73.5821202952885,1986.));
#17740=CARTESIAN_POINT('',(291.616057767199,73.5821202952885,1986.));
#17741=CARTESIAN_POINT('',(304.544022303093,73.5821202952885,1986.));
#17742=CARTESIAN_POINT('',(300.234700791128,73.5821202952885,1986.));
#17743=CARTESIAN_POINT('',(295.925379279163,73.5821202952885,1986.));
#17744=CARTESIAN_POINT('',(291.616057767199,73.5821202952885,1986.));
#17745=CARTESIAN_POINT('',(304.544022303093,31.8687675147081,1986.));
#17746=CARTESIAN_POINT('',(304.544022303093,45.7732184415682,1986.));
#17747=CARTESIAN_POINT('',(304.544022303093,59.6776693684284,1986.));
#17748=CARTESIAN_POINT('',(304.544022303093,73.5821202952885,1986.));
#17749=CARTESIAN_POINT('',(291.616057767199,31.8687675147081,1986.));
#17750=CARTESIAN_POINT('',(295.925379279163,31.8687675147081,1986.));
#17751=CARTESIAN_POINT('',(300.234700791128,31.8687675147081,1986.));
#17752=CARTESIAN_POINT('',(304.544022303093,31.8687675147081,1986.));
#17753=CARTESIAN_POINT('',(291.616057767199,20.6833069820081,1986.));
#17754=CARTESIAN_POINT('',(291.616057767199,24.4117938262414,1986.));
#17755=CARTESIAN_POINT('',(291.616057767199,28.1402806704748,1986.));
#17756=CARTESIAN_POINT('',(291.616057767199,31.8687675147081,1986.));
#17757=CARTESIAN_POINT('',(311.598749336992,20.6833069820081,1986.));
#17758=CARTESIAN_POINT('',(304.937852147061,20.6833069820081,1986.));
#17759=CARTESIAN_POINT('',(298.27695495713,20.6833069820081,1986.));
#17760=CARTESIAN_POINT('',(291.616057767199,20.6833069820081,1986.));
#17761=CARTESIAN_POINT('',(311.598749336992,82.868212454798,1986.));
#17762=CARTESIAN_POINT('',(311.598749336992,62.1399106305347,1986.));
#17763=CARTESIAN_POINT('',(311.598749336992,41.4116088062714,1986.));
#17764=CARTESIAN_POINT('',(311.598749336992,20.6833069820081,1986.));
#17765=CARTESIAN_POINT('',(285.019345246604,99.6856235830136,1986.));
#17766=CARTESIAN_POINT('',(293.879146610066,94.0798198736084,1986.));
#17767=CARTESIAN_POINT('',(302.738947973529,88.4740161642032,1986.));
#17768=CARTESIAN_POINT('',(311.598749336992,82.868212454798,1986.));
#17769=CARTESIAN_POINT('',(251.422377231377,99.6856235830136,1986.));
#17770=CARTESIAN_POINT('',(262.621366569786,99.6856235830136,1986.));
#17771=CARTESIAN_POINT('',(273.820355908195,99.6856235830136,1986.));
#17772=CARTESIAN_POINT('',(285.019345246604,99.6856235830136,1986.));
#17773=CARTESIAN_POINT('',(241.833750633154,105.930348954083,1986.));
#17774=CARTESIAN_POINT('',(245.029959499228,103.848773830393,1986.));
#17775=CARTESIAN_POINT('',(248.226168365303,101.767198706703,1986.));
#17776=CARTESIAN_POINT('',(251.422377231377,99.6856235830136,1986.));
#17777=CARTESIAN_POINT('',(199.249157472024,105.930348954083,1986.));
#17778=CARTESIAN_POINT('',(213.444021859067,105.930348954083,1986.));
#17779=CARTESIAN_POINT('',(227.638886246111,105.930348954083,1986.));
#17780=CARTESIAN_POINT('',(241.833750633154,105.930348954083,1986.));
#17781=CARTESIAN_POINT('',(175.58525873958,120.683320473113,1986.));
#17782=CARTESIAN_POINT('',(183.473224983728,115.765663300103,1986.));
#17783=CARTESIAN_POINT('',(191.361191227876,110.848006127093,1986.));
#17784=CARTESIAN_POINT('',(199.249157472024,105.930348954083,1986.));
#17785=CARTESIAN_POINT('',(122.598749449038,120.683320473113,1986.));
#17786=CARTESIAN_POINT('',(140.260919212552,120.683320473113,1986.));
#17787=CARTESIAN_POINT('',(157.923088976066,120.683320473113,1986.));
#17788=CARTESIAN_POINT('',(175.58525873958,120.683320473113,1986.));
#17789=CARTESIAN_POINT('',(122.598749449038,108.816113300518,1986.));
#17790=CARTESIAN_POINT('',(122.598749449038,112.771849024717,1986.));
#17791=CARTESIAN_POINT('',(122.598749449038,116.727584748915,1986.));
#17792=CARTESIAN_POINT('',(122.598749449038,120.683320473113,1986.));
#17793=CARTESIAN_POINT('',(178.726480456181,108.816113300518,1986.));
#17794=CARTESIAN_POINT('',(160.017236787133,108.816113300518,1986.));
#17795=CARTESIAN_POINT('',(141.307993118086,108.816113300518,1986.));
#17796=CARTESIAN_POINT('',(122.598749449038,108.816113300518,1986.));
#17797=CARTESIAN_POINT('',(179.022245419293,95.380696999861,1986.));
#17798=CARTESIAN_POINT('',(178.923657098255,99.8591691000801,1986.));
#17799=CARTESIAN_POINT('',(178.825068777218,104.337641200299,1986.));
#17800=CARTESIAN_POINT('',(178.726480456181,108.816113300518,1986.));
#17801=CARTESIAN_POINT('',(234.86403584782,95.380696999861,1986.));
#17802=CARTESIAN_POINT('',(216.250105704978,95.380696999861,1986.));
#17803=CARTESIAN_POINT('',(197.636175562135,95.380696999861,1986.));
#17804=CARTESIAN_POINT('',(179.022245419293,95.380696999861,1986.));
#17805=CARTESIAN_POINT('',(235.234565253917,82.0955437014326,1986.));
#17806=CARTESIAN_POINT('',(235.111055451884,86.5239281342421,1986.));
#17807=CARTESIAN_POINT('',(234.987545649852,90.9523125670515,1986.));
#17808=CARTESIAN_POINT('',(234.86403584782,95.380696999861,1986.));
#17809=CARTESIAN_POINT('',(291.616057767199,82.0955437014326,1986.));
#17810=CARTESIAN_POINT('',(272.822226929438,82.0955437014326,1986.));
#17811=CARTESIAN_POINT('',(254.028396091677,82.0955437014326,1986.));
#17812=CARTESIAN_POINT('',(235.234565253917,82.0955437014326,1986.));
#17813=CARTESIAN_POINT('',(291.616057767199,73.5821202952885,1986.));
#17814=CARTESIAN_POINT('',(291.616057767199,76.4199280973365,1986.));
#17815=CARTESIAN_POINT('',(291.616057767199,79.2577358993846,1986.));
#17816=CARTESIAN_POINT('',(291.616057767199,82.0955437014326,1986.));
#17817=CARTESIAN_POINT('',(304.544022303093,73.5821202952885,-14.));
#17818=CARTESIAN_POINT('',(300.234700791128,73.5821202952885,-14.));
#17819=CARTESIAN_POINT('',(295.925379279163,73.5821202952885,-14.));
#17820=CARTESIAN_POINT('',(291.616057767199,73.5821202952885,-14.));
#17821=CARTESIAN_POINT('',(304.544022303093,31.8687675147081,-14.));
#17822=CARTESIAN_POINT('',(304.544022303093,45.7732184415682,-14.));
#17823=CARTESIAN_POINT('',(304.544022303093,59.6776693684284,-14.));
#17824=CARTESIAN_POINT('',(304.544022303093,73.5821202952885,-14.));
#17825=CARTESIAN_POINT('',(291.616057767199,31.8687675147081,-14.));
#17826=CARTESIAN_POINT('',(295.925379279163,31.8687675147081,-14.));
#17827=CARTESIAN_POINT('',(300.234700791128,31.8687675147081,-14.));
#17828=CARTESIAN_POINT('',(304.544022303093,31.8687675147081,-14.));
#17829=CARTESIAN_POINT('',(291.616057767199,20.6833069820081,-14.));
#17830=CARTESIAN_POINT('',(291.616057767199,24.4117938262414,-14.));
#17831=CARTESIAN_POINT('',(291.616057767199,28.1402806704748,-14.));
#17832=CARTESIAN_POINT('',(291.616057767199,31.8687675147081,-14.));
#17833=CARTESIAN_POINT('',(311.598749336992,20.6833069820081,-14.));
#17834=CARTESIAN_POINT('',(304.937852147061,20.6833069820081,-14.));
#17835=CARTESIAN_POINT('',(298.27695495713,20.6833069820081,-14.));
#17836=CARTESIAN_POINT('',(291.616057767199,20.6833069820081,-14.));
#17837=CARTESIAN_POINT('',(311.598749336992,82.868212454798,-14.));
#17838=CARTESIAN_POINT('',(311.598749336992,62.1399106305347,-14.));
#17839=CARTESIAN_POINT('',(311.598749336992,41.4116088062714,-14.));
#17840=CARTESIAN_POINT('',(311.598749336992,20.6833069820081,-14.));
#17841=CARTESIAN_POINT('',(285.019345246604,99.6856235830136,-14.));
#17842=CARTESIAN_POINT('',(293.879146610066,94.0798198736084,-14.));
#17843=CARTESIAN_POINT('',(302.738947973529,88.4740161642032,-14.));
#17844=CARTESIAN_POINT('',(311.598749336992,82.868212454798,-14.));
#17845=CARTESIAN_POINT('',(251.422377231377,99.6856235830136,-14.));
#17846=CARTESIAN_POINT('',(262.621366569786,99.6856235830136,-14.));
#17847=CARTESIAN_POINT('',(273.820355908195,99.6856235830136,-14.));
#17848=CARTESIAN_POINT('',(285.019345246604,99.6856235830136,-14.));
#17849=CARTESIAN_POINT('',(241.833750633154,105.930348954083,-14.));
#17850=CARTESIAN_POINT('',(245.029959499228,103.848773830393,-14.));
#17851=CARTESIAN_POINT('',(248.226168365303,101.767198706703,-14.));
#17852=CARTESIAN_POINT('',(251.422377231377,99.6856235830136,-14.));
#17853=CARTESIAN_POINT('',(199.249157472024,105.930348954083,-14.));
#17854=CARTESIAN_POINT('',(213.444021859067,105.930348954083,-14.));
#17855=CARTESIAN_POINT('',(227.638886246111,105.930348954083,-14.));
#17856=CARTESIAN_POINT('',(241.833750633154,105.930348954083,-14.));
#17857=CARTESIAN_POINT('',(175.58525873958,120.683320473113,-14.));
#17858=CARTESIAN_POINT('',(183.473224983728,115.765663300103,-14.));
#17859=CARTESIAN_POINT('',(191.361191227876,110.848006127093,-14.));
#17860=CARTESIAN_POINT('',(199.249157472024,105.930348954083,-14.));
#17861=CARTESIAN_POINT('',(122.598749449038,120.683320473113,-14.));
#17862=CARTESIAN_POINT('',(140.260919212552,120.683320473113,-14.));
#17863=CARTESIAN_POINT('',(157.923088976066,120.683320473113,-14.));
#17864=CARTESIAN_POINT('',(175.58525873958,120.683320473113,-14.));
#17865=CARTESIAN_POINT('',(122.598749449038,108.816113300518,-14.));
#17866=CARTESIAN_POINT('',(122.598749449038,112.771849024717,-14.));
#17867=CARTESIAN_POINT('',(122.598749449038,116.727584748915,-14.));
#17868=CARTESIAN_POINT('',(122.598749449038,120.683320473113,-14.));
#17869=CARTESIAN_POINT('',(178.726480456181,108.816113300518,-14.));
#17870=CARTESIAN_POINT('',(160.017236787133,108.816113300518,-14.));
#17871=CARTESIAN_POINT('',(141.307993118086,108.816113300518,-14.));
#17872=CARTESIAN_POINT('',(122.598749449038,108.816113300518,-14.));
#17873=CARTESIAN_POINT('',(179.022245419293,95.380696999861,-14.));
#17874=CARTESIAN_POINT('',(178.923657098255,99.8591691000801,-14.));
#17875=CARTESIAN_POINT('',(178.825068777218,104.337641200299,-14.));
#17876=CARTESIAN_POINT('',(178.726480456181,108.816113300518,-14.));
#17877=CARTESIAN_POINT('',(234.86403584782,95.380696999861,-14.));
#17878=CARTESIAN_POINT('',(216.250105704978,95.380696999861,-14.));
#17879=CARTESIAN_POINT('',(197.636175562135,95.380696999861,-14.));
#17880=CARTESIAN_POINT('',(179.022245419293,95.380696999861,-14.));
#17881=CARTESIAN_POINT('',(235.234565253917,82.0955437014326,-14.));
#17882=CARTESIAN_POINT('',(235.111055451884,86.5239281342421,-14.));
#17883=CARTESIAN_POINT('',(234.987545649852,90.9523125670515,-14.));
#17884=CARTESIAN_POINT('',(234.86403584782,95.380696999861,-14.));
#17885=CARTESIAN_POINT('',(291.616057767199,82.0955437014326,-14.));
#17886=CARTESIAN_POINT('',(272.822226929438,82.0955437014326,-14.));
#17887=CARTESIAN_POINT('',(254.028396091677,82.0955437014326,-14.));
#17888=CARTESIAN_POINT('',(235.234565253917,82.0955437014326,-14.));
#17889=CARTESIAN_POINT('',(291.616057767199,73.5821202952885,-14.));
#17890=CARTESIAN_POINT('',(291.616057767199,76.4199280973365,-14.));
#17891=CARTESIAN_POINT('',(291.616057767199,79.2577358993846,-14.));
#17892=CARTESIAN_POINT('',(291.616057767199,82.0955437014326,-14.));
#17893=CARTESIAN_POINT('',(297.544022303093,31.8687675147081,1845.));
#17894=CARTESIAN_POINT('',(304.544022303093,31.8687675147081,1833.));
#17895=CARTESIAN_POINT('',(304.544022303093,31.8687675147081,1857.));
#17896=CARTESIAN_POINT('',(311.329736588807,31.8687675147081,1845.));
#17897=CARTESIAN_POINT('',(311.329736588807,31.8687675147081,1845.));
#17898=CARTESIAN_POINT('',(304.544022303093,73.5787675147081,1833.));
#17899=CARTESIAN_POINT('',(304.544022303093,73.5787675147081,1841.));
#17900=CARTESIAN_POINT('',(304.544022303093,73.5787675147081,1849.));
#17901=CARTESIAN_POINT('',(304.544022303093,73.5787675147081,1857.));
#17902=CARTESIAN_POINT('',(311.329736588807,73.5787675147081,1845.));
#17903=CARTESIAN_POINT('',(311.329736588807,73.5787675147081,1845.));
#17904=CARTESIAN_POINT('',(297.544022303093,31.8687675147081,1884.));
#17905=CARTESIAN_POINT('',(304.544022303093,31.8687675147081,1872.));
#17906=CARTESIAN_POINT('',(304.544022303093,31.8687675147081,1896.));
#17907=CARTESIAN_POINT('',(311.329736588807,31.8687675147081,1884.));
#17908=CARTESIAN_POINT('',(311.329736588807,31.8687675147081,1884.));
#17909=CARTESIAN_POINT('',(304.544022303093,73.5787675147081,1872.));
#17910=CARTESIAN_POINT('',(304.544022303093,73.5787675147081,1880.));
#17911=CARTESIAN_POINT('',(304.544022303093,73.5787675147081,1888.));
#17912=CARTESIAN_POINT('',(304.544022303093,73.5787675147081,1896.));
#17913=CARTESIAN_POINT('',(311.329736588807,73.5787675147081,1884.));
#17914=CARTESIAN_POINT('',(311.329736588807,73.5787675147081,1884.));
#17915=CARTESIAN_POINT('',(304.544022303093,31.8687675147081,1860.));
#17916=CARTESIAN_POINT('',(304.544022303093,31.8687675147081,1863.));
#17917=CARTESIAN_POINT('',(302.544022303093,31.8687675147081,1863.));
#17918=CARTESIAN_POINT('',(302.544022303093,31.8687675147081,1860.));
#17919=CARTESIAN_POINT('',(302.544022303093,31.8687675147081,1863.));
#17920=CARTESIAN_POINT('',(304.544022303093,31.8687675147081,1863.));
#17921=CARTESIAN_POINT('',(302.544022303093,31.8687675147081,1860.));
#17922=CARTESIAN_POINT('',(302.544022303093,73.5787675147081,1863.));
#17923=CARTESIAN_POINT('',(304.544022303093,73.5787675147081,1863.));
#17924=CARTESIAN_POINT('',(304.544022303093,73.5787675147081,1860.));
#17925=CARTESIAN_POINT('',(302.544022303093,73.5787675147081,1860.));
#17926=CARTESIAN_POINT('',(302.544022303093,31.8687675147081,1866.));
#17927=CARTESIAN_POINT('',(302.544022303093,31.8687675147081,1869.));
#17928=CARTESIAN_POINT('',(304.544022303093,31.8687675147081,1869.));
#17929=CARTESIAN_POINT('',(304.544022303093,31.8687675147081,1866.));
#17930=CARTESIAN_POINT('',(302.544022303093,31.8687675147081,1869.));
#17931=CARTESIAN_POINT('',(302.544022303093,31.8687675147081,1866.));
#17932=CARTESIAN_POINT('',(304.544022303093,31.8687675147081,1866.));
#17933=CARTESIAN_POINT('',(304.544022303093,73.5787675147081,1869.));
#17934=CARTESIAN_POINT('',(302.544022303093,73.5787675147081,1869.));
#17935=CARTESIAN_POINT('',(302.544022303093,73.5787675147081,1866.));
#17936=CARTESIAN_POINT('',(304.544022303093,73.5787675147081,1866.));
#17937=CARTESIAN_POINT('',(297.544022303093,31.8687675147081,1923.));
#17938=CARTESIAN_POINT('',(304.544022303093,31.8687675147081,1911.));
#17939=CARTESIAN_POINT('',(304.544022303093,31.8687675147081,1935.));
#17940=CARTESIAN_POINT('',(311.329736588807,31.8687675147081,1923.));
#17941=CARTESIAN_POINT('',(311.329736588807,31.8687675147081,1923.));
#17942=CARTESIAN_POINT('',(304.544022303093,73.5787675147081,1911.));
#17943=CARTESIAN_POINT('',(304.544022303093,73.5787675147081,1919.));
#17944=CARTESIAN_POINT('',(304.544022303093,73.5787675147081,1927.));
#17945=CARTESIAN_POINT('',(304.544022303093,73.5787675147081,1935.));
#17946=CARTESIAN_POINT('',(311.329736588807,73.5787675147081,1923.));
#17947=CARTESIAN_POINT('',(311.329736588807,73.5787675147081,1923.));
#17948=CARTESIAN_POINT('',(304.544022303093,31.8687675147081,1899.));
#17949=CARTESIAN_POINT('',(304.544022303093,31.8687675147081,1902.));
#17950=CARTESIAN_POINT('',(302.544022303093,31.8687675147081,1902.));
#17951=CARTESIAN_POINT('',(302.544022303093,31.8687675147081,1899.));
#17952=CARTESIAN_POINT('',(302.544022303093,31.8687675147081,1902.));
#17953=CARTESIAN_POINT('',(304.544022303093,31.8687675147081,1902.));
#17954=CARTESIAN_POINT('',(302.544022303093,31.8687675147081,1899.));
#17955=CARTESIAN_POINT('',(302.544022303093,73.5787675147081,1902.));
#17956=CARTESIAN_POINT('',(304.544022303093,73.5787675147081,1902.));
#17957=CARTESIAN_POINT('',(304.544022303093,73.5787675147081,1899.));
#17958=CARTESIAN_POINT('',(302.544022303093,73.5787675147081,1899.));
#17959=CARTESIAN_POINT('',(302.544022303093,31.8687675147081,1905.));
#17960=CARTESIAN_POINT('',(302.544022303093,31.8687675147081,1908.));
#17961=CARTESIAN_POINT('',(304.544022303093,31.8687675147081,1908.));
#17962=CARTESIAN_POINT('',(304.544022303093,31.8687675147081,1905.));
#17963=CARTESIAN_POINT('',(302.544022303093,31.8687675147081,1908.));
#17964=CARTESIAN_POINT('',(302.544022303093,31.8687675147081,1905.));
#17965=CARTESIAN_POINT('',(304.544022303093,31.8687675147081,1905.));
#17966=CARTESIAN_POINT('',(304.544022303093,73.5787675147081,1908.));
#17967=CARTESIAN_POINT('',(302.544022303093,73.5787675147081,1908.));
#17968=CARTESIAN_POINT('',(302.544022303093,73.5787675147081,1905.));
#17969=CARTESIAN_POINT('',(304.544022303093,73.5787675147081,1905.));
#17970=CARTESIAN_POINT('',(297.544022303093,31.8687675147081,1962.));
#17971=CARTESIAN_POINT('',(304.544022303093,31.8687675147081,1950.));
#17972=CARTESIAN_POINT('',(304.544022303093,31.8687675147081,1974.));
#17973=CARTESIAN_POINT('',(311.329736588807,31.8687675147081,1962.));
#17974=CARTESIAN_POINT('',(311.329736588807,31.8687675147081,1962.));
#17975=CARTESIAN_POINT('',(304.544022303093,73.5787675147081,1950.));
#17976=CARTESIAN_POINT('',(304.544022303093,73.5787675147081,1958.));
#17977=CARTESIAN_POINT('',(304.544022303093,73.5787675147081,1966.));
#17978=CARTESIAN_POINT('',(304.544022303093,73.5787675147081,1974.));
#17979=CARTESIAN_POINT('',(311.329736588807,73.5787675147081,1962.));
#17980=CARTESIAN_POINT('',(311.329736588807,73.5787675147081,1962.));
#17981=CARTESIAN_POINT('',(304.544022303093,31.8687675147081,1938.));
#17982=CARTESIAN_POINT('',(304.544022303093,31.8687675147081,1941.));
#17983=CARTESIAN_POINT('',(302.544022303093,31.8687675147081,1941.));
#17984=CARTESIAN_POINT('',(302.544022303093,31.8687675147081,1938.));
#17985=CARTESIAN_POINT('',(302.544022303093,31.8687675147081,1941.));
#17986=CARTESIAN_POINT('',(304.544022303093,31.8687675147081,1941.));
#17987=CARTESIAN_POINT('',(302.544022303093,31.8687675147081,1938.));
#17988=CARTESIAN_POINT('',(302.544022303093,73.5787675147081,1941.));
#17989=CARTESIAN_POINT('',(304.544022303093,73.5787675147081,1941.));
#17990=CARTESIAN_POINT('',(304.544022303093,73.5787675147081,1938.));
#17991=CARTESIAN_POINT('',(302.544022303093,73.5787675147081,1938.));
#17992=CARTESIAN_POINT('',(302.544022303093,31.8687675147081,1944.));
#17993=CARTESIAN_POINT('',(302.544022303093,31.8687675147081,1947.));
#17994=CARTESIAN_POINT('',(304.544022303093,31.8687675147081,1947.));
#17995=CARTESIAN_POINT('',(304.544022303093,31.8687675147081,1944.));
#17996=CARTESIAN_POINT('',(302.544022303093,31.8687675147081,1947.));
#17997=CARTESIAN_POINT('',(302.544022303093,31.8687675147081,1944.));
#17998=CARTESIAN_POINT('',(304.544022303093,31.8687675147081,1944.));
#17999=CARTESIAN_POINT('',(304.544022303093,73.5787675147081,1947.));
#18000=CARTESIAN_POINT('',(302.544022303093,73.5787675147081,1947.));
#18001=CARTESIAN_POINT('',(302.544022303093,73.5787675147081,1944.));
#18002=CARTESIAN_POINT('',(304.544022303093,73.5787675147081,1944.));
#18003=CARTESIAN_POINT('',(304.544022303093,31.8687675147081,1977.));
#18004=CARTESIAN_POINT('',(304.544022303093,31.8687675147081,1980.));
#18005=CARTESIAN_POINT('',(302.544022303093,31.8687675147081,1980.));
#18006=CARTESIAN_POINT('',(302.544022303093,31.8687675147081,1977.));
#18007=CARTESIAN_POINT('',(302.544022303093,31.8687675147081,1980.));
#18008=CARTESIAN_POINT('',(304.544022303093,31.8687675147081,1980.));
#18009=CARTESIAN_POINT('',(302.544022303093,31.8687675147081,1977.));
#18010=CARTESIAN_POINT('',(302.544022303093,73.5787675147081,1980.));
#18011=CARTESIAN_POINT('',(304.544022303093,73.5787675147081,1980.));
#18012=CARTESIAN_POINT('',(304.544022303093,73.5787675147081,1977.));
#18013=CARTESIAN_POINT('',(302.544022303093,73.5787675147081,1977.));
#18014=CARTESIAN_POINT('',(302.544022303093,31.8687675147081,1983.));
#18015=CARTESIAN_POINT('',(302.544022303093,31.8687675147081,1986.));
#18016=CARTESIAN_POINT('',(304.544022303093,31.8687675147081,1983.));
#18017=CARTESIAN_POINT('',(302.544022303093,31.8687675147081,1983.));
#18018=CARTESIAN_POINT('',(304.544022303093,31.8687675147081,1983.));
#18019=CARTESIAN_POINT('',(304.544022303093,73.5787675147081,1986.));
#18020=CARTESIAN_POINT('',(302.544022303093,73.5787675147081,1986.));
#18021=CARTESIAN_POINT('',(302.544022303093,73.5787675147081,1983.));
#18022=CARTESIAN_POINT('',(304.544022303093,73.5787675147081,1983.));
#18023=CARTESIAN_POINT('',(297.544022303093,31.8687675147081,51.));
#18024=CARTESIAN_POINT('',(304.544022303093,31.8687675147081,39.));
#18025=CARTESIAN_POINT('',(304.544022303093,31.8687675147081,63.));
#18026=CARTESIAN_POINT('',(311.329736588807,31.8687675147081,51.));
#18027=CARTESIAN_POINT('',(311.329736588807,31.8687675147081,51.));
#18028=CARTESIAN_POINT('',(304.544022303093,73.5787675147081,39.));
#18029=CARTESIAN_POINT('',(304.544022303093,73.5787675147081,47.));
#18030=CARTESIAN_POINT('',(304.544022303093,73.5787675147081,55.));
#18031=CARTESIAN_POINT('',(304.544022303093,73.5787675147081,63.));
#18032=CARTESIAN_POINT('',(311.329736588807,73.5787675147081,51.));
#18033=CARTESIAN_POINT('',(311.329736588807,73.5787675147081,51.));
#18034=CARTESIAN_POINT('',(304.544022303093,31.8687675147081,27.));
#18035=CARTESIAN_POINT('',(304.544022303093,31.8687675147081,30.));
#18036=CARTESIAN_POINT('',(302.544022303093,31.8687675147081,30.));
#18037=CARTESIAN_POINT('',(302.544022303093,31.8687675147081,27.));
#18038=CARTESIAN_POINT('',(302.544022303093,31.8687675147081,30.));
#18039=CARTESIAN_POINT('',(304.544022303093,31.8687675147081,30.));
#18040=CARTESIAN_POINT('',(302.544022303093,31.8687675147081,27.));
#18041=CARTESIAN_POINT('',(302.544022303093,73.5787675147081,30.));
#18042=CARTESIAN_POINT('',(304.544022303093,73.5787675147081,30.));
#18043=CARTESIAN_POINT('',(304.544022303093,73.5787675147081,27.));
#18044=CARTESIAN_POINT('',(302.544022303093,73.5787675147081,27.));
#18045=CARTESIAN_POINT('',(302.544022303093,31.8687675147081,33.));
#18046=CARTESIAN_POINT('',(302.544022303093,31.8687675147081,36.));
#18047=CARTESIAN_POINT('',(304.544022303093,31.8687675147081,36.));
#18048=CARTESIAN_POINT('',(304.544022303093,31.8687675147081,33.));
#18049=CARTESIAN_POINT('',(302.544022303093,31.8687675147081,36.));
#18050=CARTESIAN_POINT('',(302.544022303093,31.8687675147081,33.));
#18051=CARTESIAN_POINT('',(304.544022303093,31.8687675147081,33.));
#18052=CARTESIAN_POINT('',(304.544022303093,73.5787675147081,36.));
#18053=CARTESIAN_POINT('',(302.544022303093,73.5787675147081,36.));
#18054=CARTESIAN_POINT('',(302.544022303093,73.5787675147081,33.));
#18055=CARTESIAN_POINT('',(304.544022303093,73.5787675147081,33.));
#18056=CARTESIAN_POINT('',(297.544022303093,31.8687675147081,12.));
#18057=CARTESIAN_POINT('',(304.544022303093,31.8687675147081,
-1.73472347597681E-015));
#18058=CARTESIAN_POINT('',(304.544022303093,31.8687675147081,24.));
#18059=CARTESIAN_POINT('',(311.329736588807,31.8687675147081,12.));
#18060=CARTESIAN_POINT('',(311.329736588807,31.8687675147081,12.));
#18061=CARTESIAN_POINT('',(304.544022303093,73.5787675147081,
-1.77635683940025E-015));
#18062=CARTESIAN_POINT('',(304.544022303093,73.5787675147081,8.));
#18063=CARTESIAN_POINT('',(304.544022303093,73.5787675147081,16.));
#18064=CARTESIAN_POINT('',(304.544022303093,73.5787675147081,24.));
#18065=CARTESIAN_POINT('',(311.329736588807,73.5787675147081,12.));
#18066=CARTESIAN_POINT('',(311.329736588807,73.5787675147081,12.));
#18067=CARTESIAN_POINT('',(304.544022303093,31.8687675147081,-12.));
#18068=CARTESIAN_POINT('',(304.544022303093,31.8687675147081,-9.));
#18069=CARTESIAN_POINT('',(302.544022303093,31.8687675147081,-9.));
#18070=CARTESIAN_POINT('',(302.544022303093,31.8687675147081,-12.));
#18071=CARTESIAN_POINT('',(302.544022303093,31.8687675147081,-9.));
#18072=CARTESIAN_POINT('',(304.544022303093,31.8687675147081,-9.));
#18073=CARTESIAN_POINT('',(302.544022303093,31.8687675147081,-12.));
#18074=CARTESIAN_POINT('',(302.544022303093,73.5787675147081,-9.));
#18075=CARTESIAN_POINT('',(304.544022303093,73.5787675147081,-9.));
#18076=CARTESIAN_POINT('',(304.544022303093,73.5787675147081,-12.));
#18077=CARTESIAN_POINT('',(302.544022303093,73.5787675147081,-12.));
#18078=CARTESIAN_POINT('',(297.544022303093,31.8687675147081,90.));
#18079=CARTESIAN_POINT('',(304.544022303093,31.8687675147081,78.));
#18080=CARTESIAN_POINT('',(304.544022303093,31.8687675147081,102.));
#18081=CARTESIAN_POINT('',(311.329736588807,31.8687675147081,90.));
#18082=CARTESIAN_POINT('',(311.329736588807,31.8687675147081,90.0000000000001)
);
#18083=CARTESIAN_POINT('',(304.544022303093,73.5787675147081,78.));
#18084=CARTESIAN_POINT('',(304.544022303093,73.5787675147081,86.));
#18085=CARTESIAN_POINT('',(304.544022303093,73.5787675147081,94.));
#18086=CARTESIAN_POINT('',(304.544022303093,73.5787675147081,102.));
#18087=CARTESIAN_POINT('',(311.329736588807,73.5787675147081,90.));
#18088=CARTESIAN_POINT('',(311.329736588807,73.5787675147081,90.0000000000001)
);
#18089=CARTESIAN_POINT('',(304.544022303093,31.8687675147081,66.));
#18090=CARTESIAN_POINT('',(304.544022303093,31.8687675147081,69.));
#18091=CARTESIAN_POINT('',(302.544022303093,31.8687675147081,69.));
#18092=CARTESIAN_POINT('',(302.544022303093,31.8687675147081,66.));
#18093=CARTESIAN_POINT('',(302.544022303093,31.8687675147081,69.));
#18094=CARTESIAN_POINT('',(304.544022303093,31.8687675147081,69.));
#18095=CARTESIAN_POINT('',(302.544022303093,31.8687675147081,66.));
#18096=CARTESIAN_POINT('',(302.544022303093,73.5787675147081,69.));
#18097=CARTESIAN_POINT('',(304.544022303093,73.5787675147081,69.));
#18098=CARTESIAN_POINT('',(304.544022303093,73.5787675147081,66.));
#18099=CARTESIAN_POINT('',(302.544022303093,73.5787675147081,66.));
#18100=CARTESIAN_POINT('',(297.544022303093,31.8687675147081,129.));
#18101=CARTESIAN_POINT('',(304.544022303093,31.8687675147081,117.));
#18102=CARTESIAN_POINT('',(304.544022303093,31.8687675147081,141.));
#18103=CARTESIAN_POINT('',(311.329736588807,31.8687675147081,129.));
#18104=CARTESIAN_POINT('',(311.329736588807,31.8687675147081,129.));
#18105=CARTESIAN_POINT('',(304.544022303093,73.5787675147081,117.));
#18106=CARTESIAN_POINT('',(304.544022303093,73.5787675147081,125.));
#18107=CARTESIAN_POINT('',(304.544022303093,73.5787675147081,133.));
#18108=CARTESIAN_POINT('',(304.544022303093,73.5787675147081,141.));
#18109=CARTESIAN_POINT('',(311.329736588807,73.5787675147081,129.));
#18110=CARTESIAN_POINT('',(311.329736588807,73.5787675147081,129.));
#18111=CARTESIAN_POINT('',(304.544022303093,31.8687675147081,105.));
#18112=CARTESIAN_POINT('',(304.544022303093,31.8687675147081,108.));
#18113=CARTESIAN_POINT('',(302.544022303093,31.8687675147081,108.));
#18114=CARTESIAN_POINT('',(302.544022303093,31.8687675147081,105.));
#18115=CARTESIAN_POINT('',(302.544022303093,31.8687675147081,108.));
#18116=CARTESIAN_POINT('',(304.544022303093,31.8687675147081,108.));
#18117=CARTESIAN_POINT('',(302.544022303093,31.8687675147081,105.));
#18118=CARTESIAN_POINT('',(302.544022303093,73.5787675147081,108.));
#18119=CARTESIAN_POINT('',(304.544022303093,73.5787675147081,108.));
#18120=CARTESIAN_POINT('',(304.544022303093,73.5787675147081,105.));
#18121=CARTESIAN_POINT('',(302.544022303093,73.5787675147081,105.));
#18122=CARTESIAN_POINT('',(302.544022303093,31.8687675147081,111.));
#18123=CARTESIAN_POINT('',(302.544022303093,31.8687675147081,114.));
#18124=CARTESIAN_POINT('',(304.544022303093,31.8687675147081,114.));
#18125=CARTESIAN_POINT('',(304.544022303093,31.8687675147081,111.));
#18126=CARTESIAN_POINT('',(302.544022303093,31.8687675147081,114.));
#18127=CARTESIAN_POINT('',(302.544022303093,31.8687675147081,111.));
#18128=CARTESIAN_POINT('',(304.544022303093,31.8687675147081,111.));
#18129=CARTESIAN_POINT('',(304.544022303093,73.5787675147081,114.));
#18130=CARTESIAN_POINT('',(302.544022303093,73.5787675147081,114.));
#18131=CARTESIAN_POINT('',(302.544022303093,73.5787675147081,111.));
#18132=CARTESIAN_POINT('',(304.544022303093,73.5787675147081,111.));
#18133=CARTESIAN_POINT('',(297.544022303093,31.8687675147081,168.));
#18134=CARTESIAN_POINT('',(304.544022303093,31.8687675147081,156.));
#18135=CARTESIAN_POINT('',(304.544022303093,31.8687675147081,180.));
#18136=CARTESIAN_POINT('',(311.329736588807,31.8687675147081,168.));
#18137=CARTESIAN_POINT('',(311.329736588807,31.8687675147081,168.));
#18138=CARTESIAN_POINT('',(304.544022303093,73.5787675147081,156.));
#18139=CARTESIAN_POINT('',(304.544022303093,73.5787675147081,164.));
#18140=CARTESIAN_POINT('',(304.544022303093,73.5787675147081,172.));
#18141=CARTESIAN_POINT('',(304.544022303093,73.5787675147081,180.));
#18142=CARTESIAN_POINT('',(311.329736588807,73.5787675147081,168.));
#18143=CARTESIAN_POINT('',(311.329736588807,73.5787675147081,168.));
#18144=CARTESIAN_POINT('',(304.544022303093,31.8687675147081,144.));
#18145=CARTESIAN_POINT('',(304.544022303093,31.8687675147081,147.));
#18146=CARTESIAN_POINT('',(302.544022303093,31.8687675147081,147.));
#18147=CARTESIAN_POINT('',(302.544022303093,31.8687675147081,144.));
#18148=CARTESIAN_POINT('',(302.544022303093,31.8687675147081,147.));
#18149=CARTESIAN_POINT('',(304.544022303093,31.8687675147081,147.));
#18150=CARTESIAN_POINT('',(302.544022303093,31.8687675147081,144.));
#18151=CARTESIAN_POINT('',(302.544022303093,73.5787675147081,147.));
#18152=CARTESIAN_POINT('',(304.544022303093,73.5787675147081,147.));
#18153=CARTESIAN_POINT('',(304.544022303093,73.5787675147081,144.));
#18154=CARTESIAN_POINT('',(302.544022303093,73.5787675147081,144.));
#18155=CARTESIAN_POINT('',(302.544022303093,31.8687675147081,150.));
#18156=CARTESIAN_POINT('',(302.544022303093,31.8687675147081,153.));
#18157=CARTESIAN_POINT('',(304.544022303093,31.8687675147081,153.));
#18158=CARTESIAN_POINT('',(304.544022303093,31.8687675147081,150.));
#18159=CARTESIAN_POINT('',(302.544022303093,31.8687675147081,153.));
#18160=CARTESIAN_POINT('',(302.544022303093,31.8687675147081,150.));
#18161=CARTESIAN_POINT('',(304.544022303093,31.8687675147081,150.));
#18162=CARTESIAN_POINT('',(304.544022303093,73.5787675147081,153.));
#18163=CARTESIAN_POINT('',(302.544022303093,73.5787675147081,153.));
#18164=CARTESIAN_POINT('',(302.544022303093,73.5787675147081,150.));
#18165=CARTESIAN_POINT('',(304.544022303093,73.5787675147081,150.));
#18166=CARTESIAN_POINT('',(304.544022303093,31.8687675147081,183.));
#18167=CARTESIAN_POINT('',(304.544022303093,31.8687675147081,186.));
#18168=CARTESIAN_POINT('',(302.544022303093,31.8687675147081,186.));
#18169=CARTESIAN_POINT('',(302.544022303093,31.8687675147081,183.));
#18170=CARTESIAN_POINT('',(302.544022303093,31.8687675147081,186.));
#18171=CARTESIAN_POINT('',(304.544022303093,31.8687675147081,186.));
#18172=CARTESIAN_POINT('',(302.544022303093,31.8687675147081,183.));
#18173=CARTESIAN_POINT('',(302.544022303093,73.5787675147081,186.));
#18174=CARTESIAN_POINT('',(304.544022303093,73.5787675147081,186.));
#18175=CARTESIAN_POINT('',(304.544022303093,73.5787675147081,183.));
#18176=CARTESIAN_POINT('',(302.544022303093,73.5787675147081,183.));
#18177=CARTESIAN_POINT('',(302.544022303093,31.8687675147081,189.));
#18178=CARTESIAN_POINT('',(302.544022303093,31.8687675147081,192.));
#18179=CARTESIAN_POINT('',(304.544022303093,31.8687675147081,192.));
#18180=CARTESIAN_POINT('',(304.544022303093,31.8687675147081,189.));
#18181=CARTESIAN_POINT('',(302.544022303093,31.8687675147081,192.));
#18182=CARTESIAN_POINT('',(302.544022303093,31.8687675147081,189.));
#18183=CARTESIAN_POINT('',(304.544022303093,31.8687675147081,189.));
#18184=CARTESIAN_POINT('',(304.544022303093,73.5787675147081,192.));
#18185=CARTESIAN_POINT('',(302.544022303093,73.5787675147081,192.));
#18186=CARTESIAN_POINT('',(302.544022303093,73.5787675147081,189.));
#18187=CARTESIAN_POINT('',(304.544022303093,73.5787675147081,189.));
#18188=CARTESIAN_POINT('',(297.544022303093,31.8687675147081,207.));
#18189=CARTESIAN_POINT('',(304.544022303093,31.8687675147081,195.));
#18190=CARTESIAN_POINT('',(304.544022303093,31.8687675147081,219.));
#18191=CARTESIAN_POINT('',(311.329736588807,31.8687675147081,207.));
#18192=CARTESIAN_POINT('',(311.329736588807,31.8687675147081,207.));
#18193=CARTESIAN_POINT('',(304.544022303093,73.5787675147081,195.));
#18194=CARTESIAN_POINT('',(304.544022303093,73.5787675147081,203.));
#18195=CARTESIAN_POINT('',(304.544022303093,73.5787675147081,211.));
#18196=CARTESIAN_POINT('',(304.544022303093,73.5787675147081,219.));
#18197=CARTESIAN_POINT('',(311.329736588807,73.5787675147081,207.));
#18198=CARTESIAN_POINT('',(311.329736588807,73.5787675147081,207.));
#18199=CARTESIAN_POINT('',(302.544022303093,31.8687675147081,72.));
#18200=CARTESIAN_POINT('',(302.544022303093,31.8687675147081,75.));
#18201=CARTESIAN_POINT('',(304.544022303093,31.8687675147081,75.));
#18202=CARTESIAN_POINT('',(304.544022303093,31.8687675147081,72.));
#18203=CARTESIAN_POINT('',(302.544022303093,31.8687675147081,75.));
#18204=CARTESIAN_POINT('',(302.544022303093,31.8687675147081,72.));
#18205=CARTESIAN_POINT('',(304.544022303093,31.8687675147081,72.));
#18206=CARTESIAN_POINT('',(304.544022303093,73.5787675147081,75.));
#18207=CARTESIAN_POINT('',(302.544022303093,73.5787675147081,75.));
#18208=CARTESIAN_POINT('',(302.544022303093,73.5787675147081,72.));
#18209=CARTESIAN_POINT('',(304.544022303093,73.5787675147081,72.));
#18210=CARTESIAN_POINT('',(297.544022303093,31.8687675147081,246.));
#18211=CARTESIAN_POINT('',(304.544022303093,31.8687675147081,234.));
#18212=CARTESIAN_POINT('',(304.544022303093,31.8687675147081,258.));
#18213=CARTESIAN_POINT('',(311.329736588807,31.8687675147081,246.));
#18214=CARTESIAN_POINT('',(311.329736588807,31.8687675147081,246.));
#18215=CARTESIAN_POINT('',(304.544022303093,73.5787675147081,234.));
#18216=CARTESIAN_POINT('',(304.544022303093,73.5787675147081,242.));
#18217=CARTESIAN_POINT('',(304.544022303093,73.5787675147081,250.));
#18218=CARTESIAN_POINT('',(304.544022303093,73.5787675147081,258.));
#18219=CARTESIAN_POINT('',(311.329736588807,73.5787675147081,246.));
#18220=CARTESIAN_POINT('',(311.329736588807,73.5787675147081,246.));
#18221=CARTESIAN_POINT('',(304.544022303093,31.8687675147081,222.));
#18222=CARTESIAN_POINT('',(304.544022303093,31.8687675147081,225.));
#18223=CARTESIAN_POINT('',(302.544022303093,31.8687675147081,225.));
#18224=CARTESIAN_POINT('',(302.544022303093,31.8687675147081,222.));
#18225=CARTESIAN_POINT('',(302.544022303093,31.8687675147081,225.));
#18226=CARTESIAN_POINT('',(304.544022303093,31.8687675147081,225.));
#18227=CARTESIAN_POINT('',(302.544022303093,31.8687675147081,222.));
#18228=CARTESIAN_POINT('',(302.544022303093,73.5787675147081,225.));
#18229=CARTESIAN_POINT('',(304.544022303093,73.5787675147081,225.));
#18230=CARTESIAN_POINT('',(304.544022303093,73.5787675147081,222.));
#18231=CARTESIAN_POINT('',(302.544022303093,73.5787675147081,222.));
#18232=CARTESIAN_POINT('',(302.544022303093,31.8687675147081,228.));
#18233=CARTESIAN_POINT('',(302.544022303093,31.8687675147081,231.));
#18234=CARTESIAN_POINT('',(304.544022303093,31.8687675147081,231.));
#18235=CARTESIAN_POINT('',(304.544022303093,31.8687675147081,228.));
#18236=CARTESIAN_POINT('',(302.544022303093,31.8687675147081,231.));
#18237=CARTESIAN_POINT('',(302.544022303093,31.8687675147081,228.));
#18238=CARTESIAN_POINT('',(304.544022303093,31.8687675147081,228.));
#18239=CARTESIAN_POINT('',(304.544022303093,73.5787675147081,231.));
#18240=CARTESIAN_POINT('',(302.544022303093,73.5787675147081,231.));
#18241=CARTESIAN_POINT('',(302.544022303093,73.5787675147081,228.));
#18242=CARTESIAN_POINT('',(304.544022303093,73.5787675147081,228.));
#18243=CARTESIAN_POINT('',(297.544022303093,31.8687675147081,285.));
#18244=CARTESIAN_POINT('',(304.544022303093,31.8687675147081,273.));
#18245=CARTESIAN_POINT('',(304.544022303093,31.8687675147081,297.));
#18246=CARTESIAN_POINT('',(311.329736588807,31.8687675147081,285.));
#18247=CARTESIAN_POINT('',(311.329736588807,31.8687675147081,285.));
#18248=CARTESIAN_POINT('',(304.544022303093,73.5787675147081,273.));
#18249=CARTESIAN_POINT('',(304.544022303093,73.5787675147081,281.));
#18250=CARTESIAN_POINT('',(304.544022303093,73.5787675147081,289.));
#18251=CARTESIAN_POINT('',(304.544022303093,73.5787675147081,297.));
#18252=CARTESIAN_POINT('',(311.329736588807,73.5787675147081,285.));
#18253=CARTESIAN_POINT('',(311.329736588807,73.5787675147081,285.));
#18254=CARTESIAN_POINT('',(304.544022303093,31.8687675147081,261.));
#18255=CARTESIAN_POINT('',(304.544022303093,31.8687675147081,264.));
#18256=CARTESIAN_POINT('',(302.544022303093,31.8687675147081,264.));
#18257=CARTESIAN_POINT('',(302.544022303093,31.8687675147081,261.));
#18258=CARTESIAN_POINT('',(302.544022303093,31.8687675147081,264.));
#18259=CARTESIAN_POINT('',(304.544022303093,31.8687675147081,264.));
#18260=CARTESIAN_POINT('',(302.544022303093,31.8687675147081,261.));
#18261=CARTESIAN_POINT('',(302.544022303093,73.5787675147081,264.));
#18262=CARTESIAN_POINT('',(304.544022303093,73.5787675147081,264.));
#18263=CARTESIAN_POINT('',(304.544022303093,73.5787675147081,261.));
#18264=CARTESIAN_POINT('',(302.544022303093,73.5787675147081,261.));
#18265=CARTESIAN_POINT('',(302.544022303093,31.8687675147081,267.));
#18266=CARTESIAN_POINT('',(302.544022303093,31.8687675147081,270.));
#18267=CARTESIAN_POINT('',(304.544022303093,31.8687675147081,270.));
#18268=CARTESIAN_POINT('',(304.544022303093,31.8687675147081,267.));
#18269=CARTESIAN_POINT('',(302.544022303093,31.8687675147081,270.));
#18270=CARTESIAN_POINT('',(302.544022303093,31.8687675147081,267.));
#18271=CARTESIAN_POINT('',(304.544022303093,31.8687675147081,267.));
#18272=CARTESIAN_POINT('',(304.544022303093,73.5787675147081,270.));
#18273=CARTESIAN_POINT('',(302.544022303093,73.5787675147081,270.));
#18274=CARTESIAN_POINT('',(302.544022303093,73.5787675147081,267.));
#18275=CARTESIAN_POINT('',(304.544022303093,73.5787675147081,267.));
#18276=CARTESIAN_POINT('',(297.544022303093,31.8687675147081,324.));
#18277=CARTESIAN_POINT('',(304.544022303093,31.8687675147081,312.));
#18278=CARTESIAN_POINT('',(304.544022303093,31.8687675147081,336.));
#18279=CARTESIAN_POINT('',(311.329736588807,31.8687675147081,324.));
#18280=CARTESIAN_POINT('',(311.329736588807,31.8687675147081,324.));
#18281=CARTESIAN_POINT('',(304.544022303093,73.5787675147081,312.));
#18282=CARTESIAN_POINT('',(304.544022303093,73.5787675147081,320.));
#18283=CARTESIAN_POINT('',(304.544022303093,73.5787675147081,328.));
#18284=CARTESIAN_POINT('',(304.544022303093,73.5787675147081,336.));
#18285=CARTESIAN_POINT('',(311.329736588807,73.5787675147081,324.));
#18286=CARTESIAN_POINT('',(311.329736588807,73.5787675147081,324.));
#18287=CARTESIAN_POINT('',(304.544022303093,31.8687675147081,300.));
#18288=CARTESIAN_POINT('',(304.544022303093,31.8687675147081,303.));
#18289=CARTESIAN_POINT('',(302.544022303093,31.8687675147081,303.));
#18290=CARTESIAN_POINT('',(302.544022303093,31.8687675147081,300.));
#18291=CARTESIAN_POINT('',(302.544022303093,31.8687675147081,303.));
#18292=CARTESIAN_POINT('',(304.544022303093,31.8687675147081,303.));
#18293=CARTESIAN_POINT('',(302.544022303093,31.8687675147081,300.));
#18294=CARTESIAN_POINT('',(302.544022303093,73.5787675147081,303.));
#18295=CARTESIAN_POINT('',(304.544022303093,73.5787675147081,303.));
#18296=CARTESIAN_POINT('',(304.544022303093,73.5787675147081,300.));
#18297=CARTESIAN_POINT('',(302.544022303093,73.5787675147081,300.));
#18298=CARTESIAN_POINT('',(302.544022303093,31.8687675147081,306.));
#18299=CARTESIAN_POINT('',(302.544022303093,31.8687675147081,309.));
#18300=CARTESIAN_POINT('',(304.544022303093,31.8687675147081,309.));
#18301=CARTESIAN_POINT('',(304.544022303093,31.8687675147081,306.));
#18302=CARTESIAN_POINT('',(302.544022303093,31.8687675147081,309.));
#18303=CARTESIAN_POINT('',(302.544022303093,31.8687675147081,306.));
#18304=CARTESIAN_POINT('',(304.544022303093,31.8687675147081,306.));
#18305=CARTESIAN_POINT('',(304.544022303093,73.5787675147081,309.));
#18306=CARTESIAN_POINT('',(302.544022303093,73.5787675147081,309.));
#18307=CARTESIAN_POINT('',(302.544022303093,73.5787675147081,306.));
#18308=CARTESIAN_POINT('',(304.544022303093,73.5787675147081,306.));
#18309=CARTESIAN_POINT('',(297.544022303093,31.8687675147081,363.));
#18310=CARTESIAN_POINT('',(304.544022303093,31.8687675147081,351.));
#18311=CARTESIAN_POINT('',(304.544022303093,31.8687675147081,375.));
#18312=CARTESIAN_POINT('',(311.329736588807,31.8687675147081,363.));
#18313=CARTESIAN_POINT('',(311.329736588807,31.8687675147081,363.));
#18314=CARTESIAN_POINT('',(304.544022303093,73.5787675147081,351.));
#18315=CARTESIAN_POINT('',(304.544022303093,73.5787675147081,359.));
#18316=CARTESIAN_POINT('',(304.544022303093,73.5787675147081,367.));
#18317=CARTESIAN_POINT('',(304.544022303093,73.5787675147081,375.));
#18318=CARTESIAN_POINT('',(311.329736588807,73.5787675147081,363.));
#18319=CARTESIAN_POINT('',(311.329736588807,73.5787675147081,363.));
#18320=CARTESIAN_POINT('',(304.544022303093,31.8687675147081,339.));
#18321=CARTESIAN_POINT('',(304.544022303093,31.8687675147081,342.));
#18322=CARTESIAN_POINT('',(302.544022303093,31.8687675147081,342.));
#18323=CARTESIAN_POINT('',(302.544022303093,31.8687675147081,339.));
#18324=CARTESIAN_POINT('',(302.544022303093,31.8687675147081,342.));
#18325=CARTESIAN_POINT('',(304.544022303093,31.8687675147081,342.));
#18326=CARTESIAN_POINT('',(302.544022303093,31.8687675147081,339.));
#18327=CARTESIAN_POINT('',(302.544022303093,73.5787675147081,342.));
#18328=CARTESIAN_POINT('',(304.544022303093,73.5787675147081,342.));
#18329=CARTESIAN_POINT('',(304.544022303093,73.5787675147081,339.));
#18330=CARTESIAN_POINT('',(302.544022303093,73.5787675147081,339.));
#18331=CARTESIAN_POINT('',(302.544022303093,31.8687675147081,345.));
#18332=CARTESIAN_POINT('',(302.544022303093,31.8687675147081,348.));
#18333=CARTESIAN_POINT('',(304.544022303093,31.8687675147081,348.));
#18334=CARTESIAN_POINT('',(304.544022303093,31.8687675147081,345.));
#18335=CARTESIAN_POINT('',(302.544022303093,31.8687675147081,348.));
#18336=CARTESIAN_POINT('',(302.544022303093,31.8687675147081,345.));
#18337=CARTESIAN_POINT('',(304.544022303093,31.8687675147081,345.));
#18338=CARTESIAN_POINT('',(304.544022303093,73.5787675147081,348.));
#18339=CARTESIAN_POINT('',(302.544022303093,73.5787675147081,348.));
#18340=CARTESIAN_POINT('',(302.544022303093,73.5787675147081,345.));
#18341=CARTESIAN_POINT('',(304.544022303093,73.5787675147081,345.));
#18342=CARTESIAN_POINT('',(297.544022303093,31.8687675147081,402.));
#18343=CARTESIAN_POINT('',(304.544022303093,31.8687675147081,390.));
#18344=CARTESIAN_POINT('',(304.544022303093,31.8687675147081,414.));
#18345=CARTESIAN_POINT('',(311.329736588807,31.8687675147081,402.));
#18346=CARTESIAN_POINT('',(311.329736588807,31.8687675147081,402.));
#18347=CARTESIAN_POINT('',(304.544022303093,73.5787675147081,390.));
#18348=CARTESIAN_POINT('',(304.544022303093,73.5787675147081,398.));
#18349=CARTESIAN_POINT('',(304.544022303093,73.5787675147081,406.));
#18350=CARTESIAN_POINT('',(304.544022303093,73.5787675147081,414.));
#18351=CARTESIAN_POINT('',(311.329736588807,73.5787675147081,402.));
#18352=CARTESIAN_POINT('',(311.329736588807,73.5787675147081,402.));
#18353=CARTESIAN_POINT('',(304.544022303093,31.8687675147081,378.));
#18354=CARTESIAN_POINT('',(304.544022303093,31.8687675147081,381.));
#18355=CARTESIAN_POINT('',(302.544022303093,31.8687675147081,381.));
#18356=CARTESIAN_POINT('',(302.544022303093,31.8687675147081,378.));
#18357=CARTESIAN_POINT('',(302.544022303093,31.8687675147081,381.));
#18358=CARTESIAN_POINT('',(304.544022303093,31.8687675147081,381.));
#18359=CARTESIAN_POINT('',(302.544022303093,31.8687675147081,378.));
#18360=CARTESIAN_POINT('',(302.544022303093,73.5787675147081,381.));
#18361=CARTESIAN_POINT('',(304.544022303093,73.5787675147081,381.));
#18362=CARTESIAN_POINT('',(304.544022303093,73.5787675147081,378.));
#18363=CARTESIAN_POINT('',(302.544022303093,73.5787675147081,378.));
#18364=CARTESIAN_POINT('',(302.544022303093,31.8687675147081,384.));
#18365=CARTESIAN_POINT('',(302.544022303093,31.8687675147081,387.));
#18366=CARTESIAN_POINT('',(304.544022303093,31.8687675147081,387.));
#18367=CARTESIAN_POINT('',(304.544022303093,31.8687675147081,384.));
#18368=CARTESIAN_POINT('',(302.544022303093,31.8687675147081,387.));
#18369=CARTESIAN_POINT('',(302.544022303093,31.8687675147081,384.));
#18370=CARTESIAN_POINT('',(304.544022303093,31.8687675147081,384.));
#18371=CARTESIAN_POINT('',(304.544022303093,73.5787675147081,387.));
#18372=CARTESIAN_POINT('',(302.544022303093,73.5787675147081,387.));
#18373=CARTESIAN_POINT('',(302.544022303093,73.5787675147081,384.));
#18374=CARTESIAN_POINT('',(304.544022303093,73.5787675147081,384.));
#18375=CARTESIAN_POINT('',(297.544022303093,31.8687675147081,441.));
#18376=CARTESIAN_POINT('',(304.544022303093,31.8687675147081,429.));
#18377=CARTESIAN_POINT('',(304.544022303093,31.8687675147081,453.));
#18378=CARTESIAN_POINT('',(311.329736588807,31.8687675147081,441.));
#18379=CARTESIAN_POINT('',(311.329736588807,31.8687675147081,441.));
#18380=CARTESIAN_POINT('',(304.544022303093,73.5787675147081,429.));
#18381=CARTESIAN_POINT('',(304.544022303093,73.5787675147081,437.));
#18382=CARTESIAN_POINT('',(304.544022303093,73.5787675147081,445.));
#18383=CARTESIAN_POINT('',(304.544022303093,73.5787675147081,453.));
#18384=CARTESIAN_POINT('',(311.329736588807,73.5787675147081,441.));
#18385=CARTESIAN_POINT('',(311.329736588807,73.5787675147081,441.));
#18386=CARTESIAN_POINT('',(304.544022303093,31.8687675147081,417.));
#18387=CARTESIAN_POINT('',(304.544022303093,31.8687675147081,420.));
#18388=CARTESIAN_POINT('',(302.544022303093,31.8687675147081,420.));
#18389=CARTESIAN_POINT('',(302.544022303093,31.8687675147081,417.));
#18390=CARTESIAN_POINT('',(302.544022303093,31.8687675147081,420.));
#18391=CARTESIAN_POINT('',(304.544022303093,31.8687675147081,420.));
#18392=CARTESIAN_POINT('',(302.544022303093,31.8687675147081,417.));
#18393=CARTESIAN_POINT('',(302.544022303093,73.5787675147081,420.));
#18394=CARTESIAN_POINT('',(304.544022303093,73.5787675147081,420.));
#18395=CARTESIAN_POINT('',(304.544022303093,73.5787675147081,417.));
#18396=CARTESIAN_POINT('',(302.544022303093,73.5787675147081,417.));
#18397=CARTESIAN_POINT('',(302.544022303093,31.8687675147081,423.));
#18398=CARTESIAN_POINT('',(302.544022303093,31.8687675147081,426.));
#18399=CARTESIAN_POINT('',(304.544022303093,31.8687675147081,426.));
#18400=CARTESIAN_POINT('',(304.544022303093,31.8687675147081,423.));
#18401=CARTESIAN_POINT('',(302.544022303093,31.8687675147081,426.));
#18402=CARTESIAN_POINT('',(302.544022303093,31.8687675147081,423.));
#18403=CARTESIAN_POINT('',(304.544022303093,31.8687675147081,423.));
#18404=CARTESIAN_POINT('',(304.544022303093,73.5787675147081,426.));
#18405=CARTESIAN_POINT('',(302.544022303093,73.5787675147081,426.));
#18406=CARTESIAN_POINT('',(302.544022303093,73.5787675147081,423.));
#18407=CARTESIAN_POINT('',(304.544022303093,73.5787675147081,423.));
#18408=CARTESIAN_POINT('',(297.544022303093,31.8687675147081,480.));
#18409=CARTESIAN_POINT('',(304.544022303093,31.8687675147081,468.));
#18410=CARTESIAN_POINT('',(304.544022303093,31.8687675147081,492.));
#18411=CARTESIAN_POINT('',(311.329736588807,31.8687675147081,480.));
#18412=CARTESIAN_POINT('',(311.329736588807,31.8687675147081,480.));
#18413=CARTESIAN_POINT('',(304.544022303093,73.5787675147081,468.));
#18414=CARTESIAN_POINT('',(304.544022303093,73.5787675147081,476.));
#18415=CARTESIAN_POINT('',(304.544022303093,73.5787675147081,484.));
#18416=CARTESIAN_POINT('',(304.544022303093,73.5787675147081,492.));
#18417=CARTESIAN_POINT('',(311.329736588807,73.5787675147081,480.));
#18418=CARTESIAN_POINT('',(311.329736588807,73.5787675147081,480.));
#18419=CARTESIAN_POINT('',(304.544022303093,31.8687675147081,456.));
#18420=CARTESIAN_POINT('',(304.544022303093,31.8687675147081,459.));
#18421=CARTESIAN_POINT('',(302.544022303093,31.8687675147081,459.));
#18422=CARTESIAN_POINT('',(302.544022303093,31.8687675147081,456.));
#18423=CARTESIAN_POINT('',(302.544022303093,31.8687675147081,459.));
#18424=CARTESIAN_POINT('',(304.544022303093,31.8687675147081,459.));
#18425=CARTESIAN_POINT('',(302.544022303093,31.8687675147081,456.));
#18426=CARTESIAN_POINT('',(302.544022303093,73.5787675147081,459.));
#18427=CARTESIAN_POINT('',(304.544022303093,73.5787675147081,459.));
#18428=CARTESIAN_POINT('',(304.544022303093,73.5787675147081,456.));
#18429=CARTESIAN_POINT('',(302.544022303093,73.5787675147081,456.));
#18430=CARTESIAN_POINT('',(302.544022303093,31.8687675147081,462.));
#18431=CARTESIAN_POINT('',(302.544022303093,31.8687675147081,465.));
#18432=CARTESIAN_POINT('',(304.544022303093,31.8687675147081,465.));
#18433=CARTESIAN_POINT('',(304.544022303093,31.8687675147081,462.));
#18434=CARTESIAN_POINT('',(302.544022303093,31.8687675147081,465.));
#18435=CARTESIAN_POINT('',(302.544022303093,31.8687675147081,462.));
#18436=CARTESIAN_POINT('',(304.544022303093,31.8687675147081,462.));
#18437=CARTESIAN_POINT('',(304.544022303093,73.5787675147081,465.));
#18438=CARTESIAN_POINT('',(302.544022303093,73.5787675147081,465.));
#18439=CARTESIAN_POINT('',(302.544022303093,73.5787675147081,462.));
#18440=CARTESIAN_POINT('',(304.544022303093,73.5787675147081,462.));
#18441=CARTESIAN_POINT('',(297.544022303093,31.8687675147081,519.));
#18442=CARTESIAN_POINT('',(304.544022303093,31.8687675147081,507.));
#18443=CARTESIAN_POINT('',(304.544022303093,31.8687675147081,531.));
#18444=CARTESIAN_POINT('',(311.329736588807,31.8687675147081,519.));
#18445=CARTESIAN_POINT('',(311.329736588807,31.8687675147081,519.));
#18446=CARTESIAN_POINT('',(304.544022303093,73.5787675147081,507.));
#18447=CARTESIAN_POINT('',(304.544022303093,73.5787675147081,515.));
#18448=CARTESIAN_POINT('',(304.544022303093,73.5787675147081,523.));
#18449=CARTESIAN_POINT('',(304.544022303093,73.5787675147081,531.));
#18450=CARTESIAN_POINT('',(311.329736588807,73.5787675147081,519.));
#18451=CARTESIAN_POINT('',(311.329736588807,73.5787675147081,519.));
#18452=CARTESIAN_POINT('',(304.544022303093,31.8687675147081,495.));
#18453=CARTESIAN_POINT('',(304.544022303093,31.8687675147081,498.));
#18454=CARTESIAN_POINT('',(302.544022303093,31.8687675147081,498.));
#18455=CARTESIAN_POINT('',(302.544022303093,31.8687675147081,495.));
#18456=CARTESIAN_POINT('',(302.544022303093,31.8687675147081,498.));
#18457=CARTESIAN_POINT('',(304.544022303093,31.8687675147081,498.));
#18458=CARTESIAN_POINT('',(302.544022303093,31.8687675147081,495.));
#18459=CARTESIAN_POINT('',(302.544022303093,73.5787675147081,498.));
#18460=CARTESIAN_POINT('',(304.544022303093,73.5787675147081,498.));
#18461=CARTESIAN_POINT('',(304.544022303093,73.5787675147081,495.));
#18462=CARTESIAN_POINT('',(302.544022303093,73.5787675147081,495.));
#18463=CARTESIAN_POINT('',(302.544022303093,31.8687675147081,501.));
#18464=CARTESIAN_POINT('',(302.544022303093,31.8687675147081,504.));
#18465=CARTESIAN_POINT('',(304.544022303093,31.8687675147081,504.));
#18466=CARTESIAN_POINT('',(304.544022303093,31.8687675147081,501.));
#18467=CARTESIAN_POINT('',(302.544022303093,31.8687675147081,504.));
#18468=CARTESIAN_POINT('',(302.544022303093,31.8687675147081,501.));
#18469=CARTESIAN_POINT('',(304.544022303093,31.8687675147081,501.));
#18470=CARTESIAN_POINT('',(304.544022303093,73.5787675147081,504.));
#18471=CARTESIAN_POINT('',(302.544022303093,73.5787675147081,504.));
#18472=CARTESIAN_POINT('',(302.544022303093,73.5787675147081,501.));
#18473=CARTESIAN_POINT('',(304.544022303093,73.5787675147081,501.));
#18474=CARTESIAN_POINT('',(297.544022303093,31.8687675147081,558.));
#18475=CARTESIAN_POINT('',(304.544022303093,31.8687675147081,546.));
#18476=CARTESIAN_POINT('',(304.544022303093,31.8687675147081,570.));
#18477=CARTESIAN_POINT('',(311.329736588807,31.8687675147081,558.));
#18478=CARTESIAN_POINT('',(311.329736588807,31.8687675147081,558.));
#18479=CARTESIAN_POINT('',(304.544022303093,73.5787675147081,546.));
#18480=CARTESIAN_POINT('',(304.544022303093,73.5787675147081,554.));
#18481=CARTESIAN_POINT('',(304.544022303093,73.5787675147081,562.));
#18482=CARTESIAN_POINT('',(304.544022303093,73.5787675147081,570.));
#18483=CARTESIAN_POINT('',(311.329736588807,73.5787675147081,558.));
#18484=CARTESIAN_POINT('',(311.329736588807,73.5787675147081,558.));
#18485=CARTESIAN_POINT('',(304.544022303093,31.8687675147081,534.));
#18486=CARTESIAN_POINT('',(304.544022303093,31.8687675147081,537.));
#18487=CARTESIAN_POINT('',(302.544022303093,31.8687675147081,537.));
#18488=CARTESIAN_POINT('',(302.544022303093,31.8687675147081,534.));
#18489=CARTESIAN_POINT('',(302.544022303093,31.8687675147081,537.));
#18490=CARTESIAN_POINT('',(304.544022303093,31.8687675147081,537.));
#18491=CARTESIAN_POINT('',(302.544022303093,31.8687675147081,534.));
#18492=CARTESIAN_POINT('',(302.544022303093,73.5787675147081,537.));
#18493=CARTESIAN_POINT('',(304.544022303093,73.5787675147081,537.));
#18494=CARTESIAN_POINT('',(304.544022303093,73.5787675147081,534.));
#18495=CARTESIAN_POINT('',(302.544022303093,73.5787675147081,534.));
#18496=CARTESIAN_POINT('',(302.544022303093,31.8687675147081,540.));
#18497=CARTESIAN_POINT('',(302.544022303093,31.8687675147081,543.));
#18498=CARTESIAN_POINT('',(304.544022303093,31.8687675147081,543.));
#18499=CARTESIAN_POINT('',(304.544022303093,31.8687675147081,540.));
#18500=CARTESIAN_POINT('',(302.544022303093,31.8687675147081,543.));
#18501=CARTESIAN_POINT('',(302.544022303093,31.8687675147081,540.));
#18502=CARTESIAN_POINT('',(304.544022303093,31.8687675147081,540.));
#18503=CARTESIAN_POINT('',(304.544022303093,73.5787675147081,543.));
#18504=CARTESIAN_POINT('',(302.544022303093,73.5787675147081,543.));
#18505=CARTESIAN_POINT('',(302.544022303093,73.5787675147081,540.));
#18506=CARTESIAN_POINT('',(304.544022303093,73.5787675147081,540.));
#18507=CARTESIAN_POINT('',(297.544022303093,31.8687675147081,597.));
#18508=CARTESIAN_POINT('',(304.544022303093,31.8687675147081,585.));
#18509=CARTESIAN_POINT('',(304.544022303093,31.8687675147081,609.));
#18510=CARTESIAN_POINT('',(311.329736588807,31.8687675147081,597.));
#18511=CARTESIAN_POINT('',(311.329736588807,31.8687675147081,597.));
#18512=CARTESIAN_POINT('',(304.544022303093,73.5787675147081,585.));
#18513=CARTESIAN_POINT('',(304.544022303093,73.5787675147081,593.));
#18514=CARTESIAN_POINT('',(304.544022303093,73.5787675147081,601.));
#18515=CARTESIAN_POINT('',(304.544022303093,73.5787675147081,609.));
#18516=CARTESIAN_POINT('',(311.329736588807,73.5787675147081,597.));
#18517=CARTESIAN_POINT('',(311.329736588807,73.5787675147081,597.));
#18518=CARTESIAN_POINT('',(304.544022303093,31.8687675147081,573.));
#18519=CARTESIAN_POINT('',(304.544022303093,31.8687675147081,576.));
#18520=CARTESIAN_POINT('',(302.544022303093,31.8687675147081,576.));
#18521=CARTESIAN_POINT('',(302.544022303093,31.8687675147081,573.));
#18522=CARTESIAN_POINT('',(302.544022303093,31.8687675147081,576.));
#18523=CARTESIAN_POINT('',(304.544022303093,31.8687675147081,576.));
#18524=CARTESIAN_POINT('',(302.544022303093,31.8687675147081,573.));
#18525=CARTESIAN_POINT('',(302.544022303093,73.5787675147081,576.));
#18526=CARTESIAN_POINT('',(304.544022303093,73.5787675147081,576.));
#18527=CARTESIAN_POINT('',(304.544022303093,73.5787675147081,573.));
#18528=CARTESIAN_POINT('',(302.544022303093,73.5787675147081,573.));
#18529=CARTESIAN_POINT('',(302.544022303093,31.8687675147081,579.));
#18530=CARTESIAN_POINT('',(302.544022303093,31.8687675147081,582.));
#18531=CARTESIAN_POINT('',(304.544022303093,31.8687675147081,582.));
#18532=CARTESIAN_POINT('',(304.544022303093,31.8687675147081,579.));
#18533=CARTESIAN_POINT('',(302.544022303093,31.8687675147081,582.));
#18534=CARTESIAN_POINT('',(302.544022303093,31.8687675147081,579.));
#18535=CARTESIAN_POINT('',(304.544022303093,31.8687675147081,579.));
#18536=CARTESIAN_POINT('',(304.544022303093,73.5787675147081,582.));
#18537=CARTESIAN_POINT('',(302.544022303093,73.5787675147081,582.));
#18538=CARTESIAN_POINT('',(302.544022303093,73.5787675147081,579.));
#18539=CARTESIAN_POINT('',(304.544022303093,73.5787675147081,579.));
#18540=CARTESIAN_POINT('',(297.544022303093,31.8687675147081,636.));
#18541=CARTESIAN_POINT('',(304.544022303093,31.8687675147081,624.));
#18542=CARTESIAN_POINT('',(304.544022303093,31.8687675147081,648.));
#18543=CARTESIAN_POINT('',(311.329736588807,31.8687675147081,636.));
#18544=CARTESIAN_POINT('',(311.329736588807,31.8687675147081,636.));
#18545=CARTESIAN_POINT('',(304.544022303093,73.5787675147081,624.));
#18546=CARTESIAN_POINT('',(304.544022303093,73.5787675147081,632.));
#18547=CARTESIAN_POINT('',(304.544022303093,73.5787675147081,640.));
#18548=CARTESIAN_POINT('',(304.544022303093,73.5787675147081,648.));
#18549=CARTESIAN_POINT('',(311.329736588807,73.5787675147081,636.));
#18550=CARTESIAN_POINT('',(311.329736588807,73.5787675147081,636.));
#18551=CARTESIAN_POINT('',(304.544022303093,31.8687675147081,612.));
#18552=CARTESIAN_POINT('',(304.544022303093,31.8687675147081,615.));
#18553=CARTESIAN_POINT('',(302.544022303093,31.8687675147081,615.));
#18554=CARTESIAN_POINT('',(302.544022303093,31.8687675147081,612.));
#18555=CARTESIAN_POINT('',(302.544022303093,31.8687675147081,615.));
#18556=CARTESIAN_POINT('',(304.544022303093,31.8687675147081,615.));
#18557=CARTESIAN_POINT('',(302.544022303093,31.8687675147081,612.));
#18558=CARTESIAN_POINT('',(302.544022303093,73.5787675147081,615.));
#18559=CARTESIAN_POINT('',(304.544022303093,73.5787675147081,615.));
#18560=CARTESIAN_POINT('',(304.544022303093,73.5787675147081,612.));
#18561=CARTESIAN_POINT('',(302.544022303093,73.5787675147081,612.));
#18562=CARTESIAN_POINT('',(302.544022303093,31.8687675147081,618.));
#18563=CARTESIAN_POINT('',(302.544022303093,31.8687675147081,621.));
#18564=CARTESIAN_POINT('',(304.544022303093,31.8687675147081,621.));
#18565=CARTESIAN_POINT('',(304.544022303093,31.8687675147081,618.));
#18566=CARTESIAN_POINT('',(302.544022303093,31.8687675147081,621.));
#18567=CARTESIAN_POINT('',(302.544022303093,31.8687675147081,618.));
#18568=CARTESIAN_POINT('',(304.544022303093,31.8687675147081,618.));
#18569=CARTESIAN_POINT('',(304.544022303093,73.5787675147081,621.));
#18570=CARTESIAN_POINT('',(302.544022303093,73.5787675147081,621.));
#18571=CARTESIAN_POINT('',(302.544022303093,73.5787675147081,618.));
#18572=CARTESIAN_POINT('',(304.544022303093,73.5787675147081,618.));
#18573=CARTESIAN_POINT('',(297.544022303093,31.8687675147081,675.));
#18574=CARTESIAN_POINT('',(304.544022303093,31.8687675147081,663.));
#18575=CARTESIAN_POINT('',(304.544022303093,31.8687675147081,687.));
#18576=CARTESIAN_POINT('',(311.329736588807,31.8687675147081,675.));
#18577=CARTESIAN_POINT('',(311.329736588807,31.8687675147081,675.));
#18578=CARTESIAN_POINT('',(304.544022303093,73.5787675147081,663.));
#18579=CARTESIAN_POINT('',(304.544022303093,73.5787675147081,671.));
#18580=CARTESIAN_POINT('',(304.544022303093,73.5787675147081,679.));
#18581=CARTESIAN_POINT('',(304.544022303093,73.5787675147081,687.));
#18582=CARTESIAN_POINT('',(311.329736588807,73.5787675147081,675.));
#18583=CARTESIAN_POINT('',(311.329736588807,73.5787675147081,675.));
#18584=CARTESIAN_POINT('',(304.544022303093,31.8687675147081,651.));
#18585=CARTESIAN_POINT('',(304.544022303093,31.8687675147081,654.));
#18586=CARTESIAN_POINT('',(302.544022303093,31.8687675147081,654.));
#18587=CARTESIAN_POINT('',(302.544022303093,31.8687675147081,651.));
#18588=CARTESIAN_POINT('',(302.544022303093,31.8687675147081,654.));
#18589=CARTESIAN_POINT('',(304.544022303093,31.8687675147081,654.));
#18590=CARTESIAN_POINT('',(302.544022303093,31.8687675147081,651.));
#18591=CARTESIAN_POINT('',(302.544022303093,73.5787675147081,654.));
#18592=CARTESIAN_POINT('',(304.544022303093,73.5787675147081,654.));
#18593=CARTESIAN_POINT('',(304.544022303093,73.5787675147081,651.));
#18594=CARTESIAN_POINT('',(302.544022303093,73.5787675147081,651.));
#18595=CARTESIAN_POINT('',(302.544022303093,31.8687675147081,657.));
#18596=CARTESIAN_POINT('',(302.544022303093,31.8687675147081,660.));
#18597=CARTESIAN_POINT('',(304.544022303093,31.8687675147081,660.));
#18598=CARTESIAN_POINT('',(304.544022303093,31.8687675147081,657.));
#18599=CARTESIAN_POINT('',(302.544022303093,31.8687675147081,660.));
#18600=CARTESIAN_POINT('',(302.544022303093,31.8687675147081,657.));
#18601=CARTESIAN_POINT('',(304.544022303093,31.8687675147081,657.));
#18602=CARTESIAN_POINT('',(304.544022303093,73.5787675147081,660.));
#18603=CARTESIAN_POINT('',(302.544022303093,73.5787675147081,660.));
#18604=CARTESIAN_POINT('',(302.544022303093,73.5787675147081,657.));
#18605=CARTESIAN_POINT('',(304.544022303093,73.5787675147081,657.));
#18606=CARTESIAN_POINT('',(297.544022303093,31.8687675147081,714.));
#18607=CARTESIAN_POINT('',(304.544022303093,31.8687675147081,702.));
#18608=CARTESIAN_POINT('',(304.544022303093,31.8687675147081,726.));
#18609=CARTESIAN_POINT('',(311.329736588807,31.8687675147081,714.));
#18610=CARTESIAN_POINT('',(311.329736588807,31.8687675147081,714.));
#18611=CARTESIAN_POINT('',(304.544022303093,73.5787675147081,702.));
#18612=CARTESIAN_POINT('',(304.544022303093,73.5787675147081,710.));
#18613=CARTESIAN_POINT('',(304.544022303093,73.5787675147081,718.));
#18614=CARTESIAN_POINT('',(304.544022303093,73.5787675147081,726.));
#18615=CARTESIAN_POINT('',(311.329736588807,73.5787675147081,714.));
#18616=CARTESIAN_POINT('',(311.329736588807,73.5787675147081,714.));
#18617=CARTESIAN_POINT('',(304.544022303093,31.8687675147081,690.));
#18618=CARTESIAN_POINT('',(304.544022303093,31.8687675147081,693.));
#18619=CARTESIAN_POINT('',(302.544022303093,31.8687675147081,693.));
#18620=CARTESIAN_POINT('',(302.544022303093,31.8687675147081,690.));
#18621=CARTESIAN_POINT('',(302.544022303093,31.8687675147081,693.));
#18622=CARTESIAN_POINT('',(304.544022303093,31.8687675147081,693.));
#18623=CARTESIAN_POINT('',(302.544022303093,31.8687675147081,690.));
#18624=CARTESIAN_POINT('',(302.544022303093,73.5787675147081,693.));
#18625=CARTESIAN_POINT('',(304.544022303093,73.5787675147081,693.));
#18626=CARTESIAN_POINT('',(304.544022303093,73.5787675147081,690.));
#18627=CARTESIAN_POINT('',(302.544022303093,73.5787675147081,690.));
#18628=CARTESIAN_POINT('',(302.544022303093,31.8687675147081,696.));
#18629=CARTESIAN_POINT('',(302.544022303093,31.8687675147081,699.));
#18630=CARTESIAN_POINT('',(304.544022303093,31.8687675147081,699.));
#18631=CARTESIAN_POINT('',(304.544022303093,31.8687675147081,696.));
#18632=CARTESIAN_POINT('',(302.544022303093,31.8687675147081,699.));
#18633=CARTESIAN_POINT('',(302.544022303093,31.8687675147081,696.));
#18634=CARTESIAN_POINT('',(304.544022303093,31.8687675147081,696.));
#18635=CARTESIAN_POINT('',(304.544022303093,73.5787675147081,699.));
#18636=CARTESIAN_POINT('',(302.544022303093,73.5787675147081,699.));
#18637=CARTESIAN_POINT('',(302.544022303093,73.5787675147081,696.));
#18638=CARTESIAN_POINT('',(304.544022303093,73.5787675147081,696.));
#18639=CARTESIAN_POINT('',(297.544022303093,31.8687675147081,753.));
#18640=CARTESIAN_POINT('',(304.544022303093,31.8687675147081,741.));
#18641=CARTESIAN_POINT('',(304.544022303093,31.8687675147081,765.));
#18642=CARTESIAN_POINT('',(311.329736588807,31.8687675147081,753.));
#18643=CARTESIAN_POINT('',(311.329736588807,31.8687675147081,753.));
#18644=CARTESIAN_POINT('',(304.544022303093,73.5787675147081,741.));
#18645=CARTESIAN_POINT('',(304.544022303093,73.5787675147081,749.));
#18646=CARTESIAN_POINT('',(304.544022303093,73.5787675147081,757.));
#18647=CARTESIAN_POINT('',(304.544022303093,73.5787675147081,765.));
#18648=CARTESIAN_POINT('',(311.329736588807,73.5787675147081,753.));
#18649=CARTESIAN_POINT('',(311.329736588807,73.5787675147081,753.));
#18650=CARTESIAN_POINT('',(304.544022303093,31.8687675147081,729.));
#18651=CARTESIAN_POINT('',(304.544022303093,31.8687675147081,732.));
#18652=CARTESIAN_POINT('',(302.544022303093,31.8687675147081,732.));
#18653=CARTESIAN_POINT('',(302.544022303093,31.8687675147081,729.));
#18654=CARTESIAN_POINT('',(302.544022303093,31.8687675147081,732.));
#18655=CARTESIAN_POINT('',(304.544022303093,31.8687675147081,732.));
#18656=CARTESIAN_POINT('',(302.544022303093,31.8687675147081,729.));
#18657=CARTESIAN_POINT('',(302.544022303093,73.5787675147081,732.));
#18658=CARTESIAN_POINT('',(304.544022303093,73.5787675147081,732.));
#18659=CARTESIAN_POINT('',(304.544022303093,73.5787675147081,729.));
#18660=CARTESIAN_POINT('',(302.544022303093,73.5787675147081,729.));
#18661=CARTESIAN_POINT('',(302.544022303093,31.8687675147081,735.));
#18662=CARTESIAN_POINT('',(302.544022303093,31.8687675147081,738.));
#18663=CARTESIAN_POINT('',(304.544022303093,31.8687675147081,738.));
#18664=CARTESIAN_POINT('',(304.544022303093,31.8687675147081,735.));
#18665=CARTESIAN_POINT('',(302.544022303093,31.8687675147081,738.));
#18666=CARTESIAN_POINT('',(302.544022303093,31.8687675147081,735.));
#18667=CARTESIAN_POINT('',(304.544022303093,31.8687675147081,735.));
#18668=CARTESIAN_POINT('',(304.544022303093,73.5787675147081,738.));
#18669=CARTESIAN_POINT('',(302.544022303093,73.5787675147081,738.));
#18670=CARTESIAN_POINT('',(302.544022303093,73.5787675147081,735.));
#18671=CARTESIAN_POINT('',(304.544022303093,73.5787675147081,735.));
#18672=CARTESIAN_POINT('',(297.544022303093,31.8687675147081,792.));
#18673=CARTESIAN_POINT('',(304.544022303093,31.8687675147081,780.));
#18674=CARTESIAN_POINT('',(304.544022303093,31.8687675147081,804.));
#18675=CARTESIAN_POINT('',(311.329736588807,31.8687675147081,792.));
#18676=CARTESIAN_POINT('',(311.329736588807,31.8687675147081,792.));
#18677=CARTESIAN_POINT('',(304.544022303093,73.5787675147081,780.));
#18678=CARTESIAN_POINT('',(304.544022303093,73.5787675147081,788.));
#18679=CARTESIAN_POINT('',(304.544022303093,73.5787675147081,796.));
#18680=CARTESIAN_POINT('',(304.544022303093,73.5787675147081,804.));
#18681=CARTESIAN_POINT('',(311.329736588807,73.5787675147081,792.));
#18682=CARTESIAN_POINT('',(311.329736588807,73.5787675147081,792.));
#18683=CARTESIAN_POINT('',(304.544022303093,31.8687675147081,768.));
#18684=CARTESIAN_POINT('',(304.544022303093,31.8687675147081,771.));
#18685=CARTESIAN_POINT('',(302.544022303093,31.8687675147081,771.));
#18686=CARTESIAN_POINT('',(302.544022303093,31.8687675147081,768.));
#18687=CARTESIAN_POINT('',(302.544022303093,31.8687675147081,771.));
#18688=CARTESIAN_POINT('',(304.544022303093,31.8687675147081,771.));
#18689=CARTESIAN_POINT('',(302.544022303093,31.8687675147081,768.));
#18690=CARTESIAN_POINT('',(302.544022303093,73.5787675147081,771.));
#18691=CARTESIAN_POINT('',(304.544022303093,73.5787675147081,771.));
#18692=CARTESIAN_POINT('',(304.544022303093,73.5787675147081,768.));
#18693=CARTESIAN_POINT('',(302.544022303093,73.5787675147081,768.));
#18694=CARTESIAN_POINT('',(302.544022303093,31.8687675147081,774.));
#18695=CARTESIAN_POINT('',(302.544022303093,31.8687675147081,777.));
#18696=CARTESIAN_POINT('',(304.544022303093,31.8687675147081,777.));
#18697=CARTESIAN_POINT('',(304.544022303093,31.8687675147081,774.));
#18698=CARTESIAN_POINT('',(302.544022303093,31.8687675147081,777.));
#18699=CARTESIAN_POINT('',(302.544022303093,31.8687675147081,774.));
#18700=CARTESIAN_POINT('',(304.544022303093,31.8687675147081,774.));
#18701=CARTESIAN_POINT('',(304.544022303093,73.5787675147081,777.));
#18702=CARTESIAN_POINT('',(302.544022303093,73.5787675147081,777.));
#18703=CARTESIAN_POINT('',(302.544022303093,73.5787675147081,774.));
#18704=CARTESIAN_POINT('',(304.544022303093,73.5787675147081,774.));
#18705=CARTESIAN_POINT('',(297.544022303093,31.8687675147081,831.));
#18706=CARTESIAN_POINT('',(304.544022303093,31.8687675147081,819.));
#18707=CARTESIAN_POINT('',(304.544022303093,31.8687675147081,843.));
#18708=CARTESIAN_POINT('',(311.329736588807,31.8687675147081,831.));
#18709=CARTESIAN_POINT('',(311.329736588807,31.8687675147081,831.));
#18710=CARTESIAN_POINT('',(304.544022303093,73.5787675147081,819.));
#18711=CARTESIAN_POINT('',(304.544022303093,73.5787675147081,827.));
#18712=CARTESIAN_POINT('',(304.544022303093,73.5787675147081,835.));
#18713=CARTESIAN_POINT('',(304.544022303093,73.5787675147081,843.));
#18714=CARTESIAN_POINT('',(311.329736588807,73.5787675147081,831.));
#18715=CARTESIAN_POINT('',(311.329736588807,73.5787675147081,831.));
#18716=CARTESIAN_POINT('',(304.544022303093,31.8687675147081,807.));
#18717=CARTESIAN_POINT('',(304.544022303093,31.8687675147081,810.));
#18718=CARTESIAN_POINT('',(302.544022303093,31.8687675147081,810.));
#18719=CARTESIAN_POINT('',(302.544022303093,31.8687675147081,807.));
#18720=CARTESIAN_POINT('',(302.544022303093,31.8687675147081,810.));
#18721=CARTESIAN_POINT('',(304.544022303093,31.8687675147081,810.));
#18722=CARTESIAN_POINT('',(302.544022303093,31.8687675147081,807.));
#18723=CARTESIAN_POINT('',(302.544022303093,73.5787675147081,810.));
#18724=CARTESIAN_POINT('',(304.544022303093,73.5787675147081,810.));
#18725=CARTESIAN_POINT('',(304.544022303093,73.5787675147081,807.));
#18726=CARTESIAN_POINT('',(302.544022303093,73.5787675147081,807.));
#18727=CARTESIAN_POINT('',(302.544022303093,31.8687675147081,813.));
#18728=CARTESIAN_POINT('',(302.544022303093,31.8687675147081,816.));
#18729=CARTESIAN_POINT('',(304.544022303093,31.8687675147081,816.));
#18730=CARTESIAN_POINT('',(304.544022303093,31.8687675147081,813.));
#18731=CARTESIAN_POINT('',(302.544022303093,31.8687675147081,816.));
#18732=CARTESIAN_POINT('',(302.544022303093,31.8687675147081,813.));
#18733=CARTESIAN_POINT('',(304.544022303093,31.8687675147081,813.));
#18734=CARTESIAN_POINT('',(304.544022303093,73.5787675147081,816.));
#18735=CARTESIAN_POINT('',(302.544022303093,73.5787675147081,816.));
#18736=CARTESIAN_POINT('',(302.544022303093,73.5787675147081,813.));
#18737=CARTESIAN_POINT('',(304.544022303093,73.5787675147081,813.));
#18738=CARTESIAN_POINT('',(297.544022303093,31.8687675147081,870.));
#18739=CARTESIAN_POINT('',(304.544022303093,31.8687675147081,858.));
#18740=CARTESIAN_POINT('',(304.544022303093,31.8687675147081,882.));
#18741=CARTESIAN_POINT('',(311.329736588807,31.8687675147081,870.));
#18742=CARTESIAN_POINT('',(311.329736588807,31.8687675147081,870.));
#18743=CARTESIAN_POINT('',(304.544022303093,73.5787675147081,858.));
#18744=CARTESIAN_POINT('',(304.544022303093,73.5787675147081,866.));
#18745=CARTESIAN_POINT('',(304.544022303093,73.5787675147081,874.));
#18746=CARTESIAN_POINT('',(304.544022303093,73.5787675147081,882.));
#18747=CARTESIAN_POINT('',(311.329736588807,73.5787675147081,870.));
#18748=CARTESIAN_POINT('',(311.329736588807,73.5787675147081,870.));
#18749=CARTESIAN_POINT('',(304.544022303093,31.8687675147081,846.));
#18750=CARTESIAN_POINT('',(304.544022303093,31.8687675147081,849.));
#18751=CARTESIAN_POINT('',(302.544022303093,31.8687675147081,849.));
#18752=CARTESIAN_POINT('',(302.544022303093,31.8687675147081,846.));
#18753=CARTESIAN_POINT('',(302.544022303093,31.8687675147081,849.));
#18754=CARTESIAN_POINT('',(304.544022303093,31.8687675147081,849.));
#18755=CARTESIAN_POINT('',(302.544022303093,31.8687675147081,846.));
#18756=CARTESIAN_POINT('',(302.544022303093,73.5787675147081,849.));
#18757=CARTESIAN_POINT('',(304.544022303093,73.5787675147081,849.));
#18758=CARTESIAN_POINT('',(304.544022303093,73.5787675147081,846.));
#18759=CARTESIAN_POINT('',(302.544022303093,73.5787675147081,846.));
#18760=CARTESIAN_POINT('',(302.544022303093,31.8687675147081,852.));
#18761=CARTESIAN_POINT('',(302.544022303093,31.8687675147081,855.));
#18762=CARTESIAN_POINT('',(304.544022303093,31.8687675147081,855.));
#18763=CARTESIAN_POINT('',(304.544022303093,31.8687675147081,852.));
#18764=CARTESIAN_POINT('',(302.544022303093,31.8687675147081,855.));
#18765=CARTESIAN_POINT('',(302.544022303093,31.8687675147081,852.));
#18766=CARTESIAN_POINT('',(304.544022303093,31.8687675147081,852.));
#18767=CARTESIAN_POINT('',(304.544022303093,73.5787675147081,855.));
#18768=CARTESIAN_POINT('',(302.544022303093,73.5787675147081,855.));
#18769=CARTESIAN_POINT('',(302.544022303093,73.5787675147081,852.));
#18770=CARTESIAN_POINT('',(304.544022303093,73.5787675147081,852.));
#18771=CARTESIAN_POINT('',(297.544022303093,31.8687675147081,909.));
#18772=CARTESIAN_POINT('',(304.544022303093,31.8687675147081,897.));
#18773=CARTESIAN_POINT('',(304.544022303093,31.8687675147081,921.));
#18774=CARTESIAN_POINT('',(311.329736588807,31.8687675147081,909.));
#18775=CARTESIAN_POINT('',(311.329736588807,31.8687675147081,909.));
#18776=CARTESIAN_POINT('',(304.544022303093,73.5787675147081,897.));
#18777=CARTESIAN_POINT('',(304.544022303093,73.5787675147081,905.));
#18778=CARTESIAN_POINT('',(304.544022303093,73.5787675147081,913.));
#18779=CARTESIAN_POINT('',(304.544022303093,73.5787675147081,921.));
#18780=CARTESIAN_POINT('',(311.329736588807,73.5787675147081,909.));
#18781=CARTESIAN_POINT('',(311.329736588807,73.5787675147081,909.));
#18782=CARTESIAN_POINT('',(304.544022303093,31.8687675147081,885.));
#18783=CARTESIAN_POINT('',(304.544022303093,31.8687675147081,888.));
#18784=CARTESIAN_POINT('',(302.544022303093,31.8687675147081,888.));
#18785=CARTESIAN_POINT('',(302.544022303093,31.8687675147081,885.));
#18786=CARTESIAN_POINT('',(302.544022303093,31.8687675147081,888.));
#18787=CARTESIAN_POINT('',(304.544022303093,31.8687675147081,888.));
#18788=CARTESIAN_POINT('',(302.544022303093,31.8687675147081,885.));
#18789=CARTESIAN_POINT('',(302.544022303093,73.5787675147081,888.));
#18790=CARTESIAN_POINT('',(304.544022303093,73.5787675147081,888.));
#18791=CARTESIAN_POINT('',(304.544022303093,73.5787675147081,885.));
#18792=CARTESIAN_POINT('',(302.544022303093,73.5787675147081,885.));
#18793=CARTESIAN_POINT('',(302.544022303093,31.8687675147081,891.));
#18794=CARTESIAN_POINT('',(302.544022303093,31.8687675147081,894.));
#18795=CARTESIAN_POINT('',(304.544022303093,31.8687675147081,894.));
#18796=CARTESIAN_POINT('',(304.544022303093,31.8687675147081,891.));
#18797=CARTESIAN_POINT('',(302.544022303093,31.8687675147081,894.));
#18798=CARTESIAN_POINT('',(302.544022303093,31.8687675147081,891.));
#18799=CARTESIAN_POINT('',(304.544022303093,31.8687675147081,891.));
#18800=CARTESIAN_POINT('',(304.544022303093,73.5787675147081,894.));
#18801=CARTESIAN_POINT('',(302.544022303093,73.5787675147081,894.));
#18802=CARTESIAN_POINT('',(302.544022303093,73.5787675147081,891.));
#18803=CARTESIAN_POINT('',(304.544022303093,73.5787675147081,891.));
#18804=CARTESIAN_POINT('',(297.544022303093,31.8687675147081,948.));
#18805=CARTESIAN_POINT('',(304.544022303093,31.8687675147081,936.));
#18806=CARTESIAN_POINT('',(304.544022303093,31.8687675147081,960.));
#18807=CARTESIAN_POINT('',(311.329736588807,31.8687675147081,948.));
#18808=CARTESIAN_POINT('',(311.329736588807,31.8687675147081,948.));
#18809=CARTESIAN_POINT('',(304.544022303093,73.5787675147081,936.));
#18810=CARTESIAN_POINT('',(304.544022303093,73.5787675147081,944.));
#18811=CARTESIAN_POINT('',(304.544022303093,73.5787675147081,952.));
#18812=CARTESIAN_POINT('',(304.544022303093,73.5787675147081,960.));
#18813=CARTESIAN_POINT('',(311.329736588807,73.5787675147081,948.));
#18814=CARTESIAN_POINT('',(311.329736588807,73.5787675147081,948.));
#18815=CARTESIAN_POINT('',(304.544022303093,31.8687675147081,924.));
#18816=CARTESIAN_POINT('',(304.544022303093,31.8687675147081,927.));
#18817=CARTESIAN_POINT('',(302.544022303093,31.8687675147081,927.));
#18818=CARTESIAN_POINT('',(302.544022303093,31.8687675147081,924.));
#18819=CARTESIAN_POINT('',(302.544022303093,31.8687675147081,927.));
#18820=CARTESIAN_POINT('',(304.544022303093,31.8687675147081,927.));
#18821=CARTESIAN_POINT('',(302.544022303093,31.8687675147081,924.));
#18822=CARTESIAN_POINT('',(302.544022303093,73.5787675147081,927.));
#18823=CARTESIAN_POINT('',(304.544022303093,73.5787675147081,927.));
#18824=CARTESIAN_POINT('',(304.544022303093,73.5787675147081,924.));
#18825=CARTESIAN_POINT('',(302.544022303093,73.5787675147081,924.));
#18826=CARTESIAN_POINT('',(302.544022303093,31.8687675147081,930.));
#18827=CARTESIAN_POINT('',(302.544022303093,31.8687675147081,933.));
#18828=CARTESIAN_POINT('',(304.544022303093,31.8687675147081,933.));
#18829=CARTESIAN_POINT('',(304.544022303093,31.8687675147081,930.));
#18830=CARTESIAN_POINT('',(302.544022303093,31.8687675147081,933.));
#18831=CARTESIAN_POINT('',(302.544022303093,31.8687675147081,930.));
#18832=CARTESIAN_POINT('',(304.544022303093,31.8687675147081,930.));
#18833=CARTESIAN_POINT('',(304.544022303093,73.5787675147081,933.));
#18834=CARTESIAN_POINT('',(302.544022303093,73.5787675147081,933.));
#18835=CARTESIAN_POINT('',(302.544022303093,73.5787675147081,930.));
#18836=CARTESIAN_POINT('',(304.544022303093,73.5787675147081,930.));
#18837=CARTESIAN_POINT('',(297.544022303093,31.8687675147081,987.));
#18838=CARTESIAN_POINT('',(304.544022303093,31.8687675147081,975.));
#18839=CARTESIAN_POINT('',(304.544022303093,31.8687675147081,999.));
#18840=CARTESIAN_POINT('',(311.329736588807,31.8687675147081,987.));
#18841=CARTESIAN_POINT('',(311.329736588807,31.8687675147081,987.));
#18842=CARTESIAN_POINT('',(304.544022303093,73.5787675147081,975.));
#18843=CARTESIAN_POINT('',(304.544022303093,73.5787675147081,983.));
#18844=CARTESIAN_POINT('',(304.544022303093,73.5787675147081,991.));
#18845=CARTESIAN_POINT('',(304.544022303093,73.5787675147081,999.));
#18846=CARTESIAN_POINT('',(311.329736588807,73.5787675147081,987.));
#18847=CARTESIAN_POINT('',(311.329736588807,73.5787675147081,987.));
#18848=CARTESIAN_POINT('',(304.544022303093,31.8687675147081,963.));
#18849=CARTESIAN_POINT('',(304.544022303093,31.8687675147081,966.));
#18850=CARTESIAN_POINT('',(302.544022303093,31.8687675147081,966.));
#18851=CARTESIAN_POINT('',(302.544022303093,31.8687675147081,963.));
#18852=CARTESIAN_POINT('',(302.544022303093,31.8687675147081,966.));
#18853=CARTESIAN_POINT('',(304.544022303093,31.8687675147081,966.));
#18854=CARTESIAN_POINT('',(302.544022303093,31.8687675147081,963.));
#18855=CARTESIAN_POINT('',(302.544022303093,73.5787675147081,966.));
#18856=CARTESIAN_POINT('',(304.544022303093,73.5787675147081,966.));
#18857=CARTESIAN_POINT('',(304.544022303093,73.5787675147081,963.));
#18858=CARTESIAN_POINT('',(302.544022303093,73.5787675147081,963.));
#18859=CARTESIAN_POINT('',(302.544022303093,31.8687675147081,969.));
#18860=CARTESIAN_POINT('',(302.544022303093,31.8687675147081,972.));
#18861=CARTESIAN_POINT('',(304.544022303093,31.8687675147081,972.));
#18862=CARTESIAN_POINT('',(304.544022303093,31.8687675147081,969.));
#18863=CARTESIAN_POINT('',(302.544022303093,31.8687675147081,972.));
#18864=CARTESIAN_POINT('',(302.544022303093,31.8687675147081,969.));
#18865=CARTESIAN_POINT('',(304.544022303093,31.8687675147081,969.));
#18866=CARTESIAN_POINT('',(304.544022303093,73.5787675147081,972.));
#18867=CARTESIAN_POINT('',(302.544022303093,73.5787675147081,972.));
#18868=CARTESIAN_POINT('',(302.544022303093,73.5787675147081,969.));
#18869=CARTESIAN_POINT('',(304.544022303093,73.5787675147081,969.));
#18870=CARTESIAN_POINT('',(297.544022303093,31.8687675147081,1026.));
#18871=CARTESIAN_POINT('',(304.544022303093,31.8687675147081,1014.));
#18872=CARTESIAN_POINT('',(304.544022303093,31.8687675147081,1038.));
#18873=CARTESIAN_POINT('',(311.329736588807,31.8687675147081,1026.));
#18874=CARTESIAN_POINT('',(311.329736588807,31.8687675147081,1026.));
#18875=CARTESIAN_POINT('',(304.544022303093,73.5787675147081,1014.));
#18876=CARTESIAN_POINT('',(304.544022303093,73.5787675147081,1022.));
#18877=CARTESIAN_POINT('',(304.544022303093,73.5787675147081,1030.));
#18878=CARTESIAN_POINT('',(304.544022303093,73.5787675147081,1038.));
#18879=CARTESIAN_POINT('',(311.329736588807,73.5787675147081,1026.));
#18880=CARTESIAN_POINT('',(311.329736588807,73.5787675147081,1026.));
#18881=CARTESIAN_POINT('',(304.544022303093,31.8687675147081,1002.));
#18882=CARTESIAN_POINT('',(304.544022303093,31.8687675147081,1005.));
#18883=CARTESIAN_POINT('',(302.544022303093,31.8687675147081,1005.));
#18884=CARTESIAN_POINT('',(302.544022303093,31.8687675147081,1002.));
#18885=CARTESIAN_POINT('',(302.544022303093,31.8687675147081,1005.));
#18886=CARTESIAN_POINT('',(304.544022303093,31.8687675147081,1005.));
#18887=CARTESIAN_POINT('',(302.544022303093,31.8687675147081,1002.));
#18888=CARTESIAN_POINT('',(302.544022303093,73.5787675147081,1005.));
#18889=CARTESIAN_POINT('',(304.544022303093,73.5787675147081,1005.));
#18890=CARTESIAN_POINT('',(304.544022303093,73.5787675147081,1002.));
#18891=CARTESIAN_POINT('',(302.544022303093,73.5787675147081,1002.));
#18892=CARTESIAN_POINT('',(302.544022303093,31.8687675147081,1008.));
#18893=CARTESIAN_POINT('',(302.544022303093,31.8687675147081,1011.));
#18894=CARTESIAN_POINT('',(304.544022303093,31.8687675147081,1011.));
#18895=CARTESIAN_POINT('',(304.544022303093,31.8687675147081,1008.));
#18896=CARTESIAN_POINT('',(302.544022303093,31.8687675147081,1011.));
#18897=CARTESIAN_POINT('',(302.544022303093,31.8687675147081,1008.));
#18898=CARTESIAN_POINT('',(304.544022303093,31.8687675147081,1008.));
#18899=CARTESIAN_POINT('',(304.544022303093,73.5787675147081,1011.));
#18900=CARTESIAN_POINT('',(302.544022303093,73.5787675147081,1011.));
#18901=CARTESIAN_POINT('',(302.544022303093,73.5787675147081,1008.));
#18902=CARTESIAN_POINT('',(304.544022303093,73.5787675147081,1008.));
#18903=CARTESIAN_POINT('',(297.544022303093,31.8687675147081,1065.));
#18904=CARTESIAN_POINT('',(304.544022303093,31.8687675147081,1053.));
#18905=CARTESIAN_POINT('',(304.544022303093,31.8687675147081,1077.));
#18906=CARTESIAN_POINT('',(311.329736588807,31.8687675147081,1065.));
#18907=CARTESIAN_POINT('',(311.329736588807,31.8687675147081,1065.));
#18908=CARTESIAN_POINT('',(304.544022303093,73.5787675147081,1053.));
#18909=CARTESIAN_POINT('',(304.544022303093,73.5787675147081,1061.));
#18910=CARTESIAN_POINT('',(304.544022303093,73.5787675147081,1069.));
#18911=CARTESIAN_POINT('',(304.544022303093,73.5787675147081,1077.));
#18912=CARTESIAN_POINT('',(311.329736588807,73.5787675147081,1065.));
#18913=CARTESIAN_POINT('',(311.329736588807,73.5787675147081,1065.));
#18914=CARTESIAN_POINT('',(304.544022303093,31.8687675147081,1041.));
#18915=CARTESIAN_POINT('',(304.544022303093,31.8687675147081,1044.));
#18916=CARTESIAN_POINT('',(302.544022303093,31.8687675147081,1044.));
#18917=CARTESIAN_POINT('',(302.544022303093,31.8687675147081,1041.));
#18918=CARTESIAN_POINT('',(302.544022303093,31.8687675147081,1044.));
#18919=CARTESIAN_POINT('',(304.544022303093,31.8687675147081,1044.));
#18920=CARTESIAN_POINT('',(302.544022303093,31.8687675147081,1041.));
#18921=CARTESIAN_POINT('',(302.544022303093,73.5787675147081,1044.));
#18922=CARTESIAN_POINT('',(304.544022303093,73.5787675147081,1044.));
#18923=CARTESIAN_POINT('',(304.544022303093,73.5787675147081,1041.));
#18924=CARTESIAN_POINT('',(302.544022303093,73.5787675147081,1041.));
#18925=CARTESIAN_POINT('',(302.544022303093,31.8687675147081,1047.));
#18926=CARTESIAN_POINT('',(302.544022303093,31.8687675147081,1050.));
#18927=CARTESIAN_POINT('',(304.544022303093,31.8687675147081,1050.));
#18928=CARTESIAN_POINT('',(304.544022303093,31.8687675147081,1047.));
#18929=CARTESIAN_POINT('',(302.544022303093,31.8687675147081,1050.));
#18930=CARTESIAN_POINT('',(302.544022303093,31.8687675147081,1047.));
#18931=CARTESIAN_POINT('',(304.544022303093,31.8687675147081,1047.));
#18932=CARTESIAN_POINT('',(304.544022303093,73.5787675147081,1050.));
#18933=CARTESIAN_POINT('',(302.544022303093,73.5787675147081,1050.));
#18934=CARTESIAN_POINT('',(302.544022303093,73.5787675147081,1047.));
#18935=CARTESIAN_POINT('',(304.544022303093,73.5787675147081,1047.));
#18936=CARTESIAN_POINT('',(297.544022303093,31.8687675147081,1104.));
#18937=CARTESIAN_POINT('',(304.544022303093,31.8687675147081,1092.));
#18938=CARTESIAN_POINT('',(304.544022303093,31.8687675147081,1116.));
#18939=CARTESIAN_POINT('',(311.329736588807,31.8687675147081,1104.));
#18940=CARTESIAN_POINT('',(311.329736588807,31.8687675147081,1104.));
#18941=CARTESIAN_POINT('',(304.544022303093,73.5787675147081,1092.));
#18942=CARTESIAN_POINT('',(304.544022303093,73.5787675147081,1100.));
#18943=CARTESIAN_POINT('',(304.544022303093,73.5787675147081,1108.));
#18944=CARTESIAN_POINT('',(304.544022303093,73.5787675147081,1116.));
#18945=CARTESIAN_POINT('',(311.329736588807,73.5787675147081,1104.));
#18946=CARTESIAN_POINT('',(311.329736588807,73.5787675147081,1104.));
#18947=CARTESIAN_POINT('',(304.544022303093,31.8687675147081,1080.));
#18948=CARTESIAN_POINT('',(304.544022303093,31.8687675147081,1083.));
#18949=CARTESIAN_POINT('',(302.544022303093,31.8687675147081,1083.));
#18950=CARTESIAN_POINT('',(302.544022303093,31.8687675147081,1080.));
#18951=CARTESIAN_POINT('',(302.544022303093,31.8687675147081,1083.));
#18952=CARTESIAN_POINT('',(304.544022303093,31.8687675147081,1083.));
#18953=CARTESIAN_POINT('',(302.544022303093,31.8687675147081,1080.));
#18954=CARTESIAN_POINT('',(302.544022303093,73.5787675147081,1083.));
#18955=CARTESIAN_POINT('',(304.544022303093,73.5787675147081,1083.));
#18956=CARTESIAN_POINT('',(304.544022303093,73.5787675147081,1080.));
#18957=CARTESIAN_POINT('',(302.544022303093,73.5787675147081,1080.));
#18958=CARTESIAN_POINT('',(302.544022303093,31.8687675147081,1086.));
#18959=CARTESIAN_POINT('',(302.544022303093,31.8687675147081,1089.));
#18960=CARTESIAN_POINT('',(304.544022303093,31.8687675147081,1089.));
#18961=CARTESIAN_POINT('',(304.544022303093,31.8687675147081,1086.));
#18962=CARTESIAN_POINT('',(302.544022303093,31.8687675147081,1089.));
#18963=CARTESIAN_POINT('',(302.544022303093,31.8687675147081,1086.));
#18964=CARTESIAN_POINT('',(304.544022303093,31.8687675147081,1086.));
#18965=CARTESIAN_POINT('',(304.544022303093,73.5787675147081,1089.));
#18966=CARTESIAN_POINT('',(302.544022303093,73.5787675147081,1089.));
#18967=CARTESIAN_POINT('',(302.544022303093,73.5787675147081,1086.));
#18968=CARTESIAN_POINT('',(304.544022303093,73.5787675147081,1086.));
#18969=CARTESIAN_POINT('',(297.544022303093,31.8687675147081,1143.));
#18970=CARTESIAN_POINT('',(304.544022303093,31.8687675147081,1131.));
#18971=CARTESIAN_POINT('',(304.544022303093,31.8687675147081,1155.));
#18972=CARTESIAN_POINT('',(311.329736588807,31.8687675147081,1143.));
#18973=CARTESIAN_POINT('',(311.329736588807,31.8687675147081,1143.));
#18974=CARTESIAN_POINT('',(304.544022303093,73.5787675147081,1131.));
#18975=CARTESIAN_POINT('',(304.544022303093,73.5787675147081,1139.));
#18976=CARTESIAN_POINT('',(304.544022303093,73.5787675147081,1147.));
#18977=CARTESIAN_POINT('',(304.544022303093,73.5787675147081,1155.));
#18978=CARTESIAN_POINT('',(311.329736588807,73.5787675147081,1143.));
#18979=CARTESIAN_POINT('',(311.329736588807,73.5787675147081,1143.));
#18980=CARTESIAN_POINT('',(304.544022303093,31.8687675147081,1119.));
#18981=CARTESIAN_POINT('',(304.544022303093,31.8687675147081,1122.));
#18982=CARTESIAN_POINT('',(302.544022303093,31.8687675147081,1122.));
#18983=CARTESIAN_POINT('',(302.544022303093,31.8687675147081,1119.));
#18984=CARTESIAN_POINT('',(302.544022303093,31.8687675147081,1122.));
#18985=CARTESIAN_POINT('',(304.544022303093,31.8687675147081,1122.));
#18986=CARTESIAN_POINT('',(302.544022303093,31.8687675147081,1119.));
#18987=CARTESIAN_POINT('',(302.544022303093,73.5787675147081,1122.));
#18988=CARTESIAN_POINT('',(304.544022303093,73.5787675147081,1122.));
#18989=CARTESIAN_POINT('',(304.544022303093,73.5787675147081,1119.));
#18990=CARTESIAN_POINT('',(302.544022303093,73.5787675147081,1119.));
#18991=CARTESIAN_POINT('',(302.544022303093,31.8687675147081,1125.));
#18992=CARTESIAN_POINT('',(302.544022303093,31.8687675147081,1128.));
#18993=CARTESIAN_POINT('',(304.544022303093,31.8687675147081,1128.));
#18994=CARTESIAN_POINT('',(304.544022303093,31.8687675147081,1125.));
#18995=CARTESIAN_POINT('',(302.544022303093,31.8687675147081,1128.));
#18996=CARTESIAN_POINT('',(302.544022303093,31.8687675147081,1125.));
#18997=CARTESIAN_POINT('',(304.544022303093,31.8687675147081,1125.));
#18998=CARTESIAN_POINT('',(304.544022303093,73.5787675147081,1128.));
#18999=CARTESIAN_POINT('',(302.544022303093,73.5787675147081,1128.));
#19000=CARTESIAN_POINT('',(302.544022303093,73.5787675147081,1125.));
#19001=CARTESIAN_POINT('',(304.544022303093,73.5787675147081,1125.));
#19002=CARTESIAN_POINT('',(297.544022303093,31.8687675147081,1182.));
#19003=CARTESIAN_POINT('',(304.544022303093,31.8687675147081,1170.));
#19004=CARTESIAN_POINT('',(304.544022303093,31.8687675147081,1194.));
#19005=CARTESIAN_POINT('',(311.329736588807,31.8687675147081,1182.));
#19006=CARTESIAN_POINT('',(311.329736588807,31.8687675147081,1182.));
#19007=CARTESIAN_POINT('',(304.544022303093,73.5787675147081,1170.));
#19008=CARTESIAN_POINT('',(304.544022303093,73.5787675147081,1178.));
#19009=CARTESIAN_POINT('',(304.544022303093,73.5787675147081,1186.));
#19010=CARTESIAN_POINT('',(304.544022303093,73.5787675147081,1194.));
#19011=CARTESIAN_POINT('',(311.329736588807,73.5787675147081,1182.));
#19012=CARTESIAN_POINT('',(311.329736588807,73.5787675147081,1182.));
#19013=CARTESIAN_POINT('',(304.544022303093,31.8687675147081,1158.));
#19014=CARTESIAN_POINT('',(304.544022303093,31.8687675147081,1161.));
#19015=CARTESIAN_POINT('',(302.544022303093,31.8687675147081,1161.));
#19016=CARTESIAN_POINT('',(302.544022303093,31.8687675147081,1158.));
#19017=CARTESIAN_POINT('',(302.544022303093,31.8687675147081,1161.));
#19018=CARTESIAN_POINT('',(304.544022303093,31.8687675147081,1161.));
#19019=CARTESIAN_POINT('',(302.544022303093,31.8687675147081,1158.));
#19020=CARTESIAN_POINT('',(302.544022303093,73.5787675147081,1161.));
#19021=CARTESIAN_POINT('',(304.544022303093,73.5787675147081,1161.));
#19022=CARTESIAN_POINT('',(304.544022303093,73.5787675147081,1158.));
#19023=CARTESIAN_POINT('',(302.544022303093,73.5787675147081,1158.));
#19024=CARTESIAN_POINT('',(302.544022303093,31.8687675147081,1164.));
#19025=CARTESIAN_POINT('',(302.544022303093,31.8687675147081,1167.));
#19026=CARTESIAN_POINT('',(304.544022303093,31.8687675147081,1167.));
#19027=CARTESIAN_POINT('',(304.544022303093,31.8687675147081,1164.));
#19028=CARTESIAN_POINT('',(302.544022303093,31.8687675147081,1167.));
#19029=CARTESIAN_POINT('',(302.544022303093,31.8687675147081,1164.));
#19030=CARTESIAN_POINT('',(304.544022303093,31.8687675147081,1164.));
#19031=CARTESIAN_POINT('',(304.544022303093,73.5787675147081,1167.));
#19032=CARTESIAN_POINT('',(302.544022303093,73.5787675147081,1167.));
#19033=CARTESIAN_POINT('',(302.544022303093,73.5787675147081,1164.));
#19034=CARTESIAN_POINT('',(304.544022303093,73.5787675147081,1164.));
#19035=CARTESIAN_POINT('',(297.544022303093,31.8687675147081,1221.));
#19036=CARTESIAN_POINT('',(304.544022303093,31.8687675147081,1209.));
#19037=CARTESIAN_POINT('',(304.544022303093,31.8687675147081,1233.));
#19038=CARTESIAN_POINT('',(311.329736588807,31.8687675147081,1221.));
#19039=CARTESIAN_POINT('',(311.329736588807,31.8687675147081,1221.));
#19040=CARTESIAN_POINT('',(304.544022303093,73.5787675147081,1209.));
#19041=CARTESIAN_POINT('',(304.544022303093,73.5787675147081,1217.));
#19042=CARTESIAN_POINT('',(304.544022303093,73.5787675147081,1225.));
#19043=CARTESIAN_POINT('',(304.544022303093,73.5787675147081,1233.));
#19044=CARTESIAN_POINT('',(311.329736588807,73.5787675147081,1221.));
#19045=CARTESIAN_POINT('',(311.329736588807,73.5787675147081,1221.));
#19046=CARTESIAN_POINT('',(304.544022303093,31.8687675147081,1197.));
#19047=CARTESIAN_POINT('',(304.544022303093,31.8687675147081,1200.));
#19048=CARTESIAN_POINT('',(302.544022303093,31.8687675147081,1200.));
#19049=CARTESIAN_POINT('',(302.544022303093,31.8687675147081,1197.));
#19050=CARTESIAN_POINT('',(302.544022303093,31.8687675147081,1200.));
#19051=CARTESIAN_POINT('',(304.544022303093,31.8687675147081,1200.));
#19052=CARTESIAN_POINT('',(302.544022303093,31.8687675147081,1197.));
#19053=CARTESIAN_POINT('',(302.544022303093,73.5787675147081,1200.));
#19054=CARTESIAN_POINT('',(304.544022303093,73.5787675147081,1200.));
#19055=CARTESIAN_POINT('',(304.544022303093,73.5787675147081,1197.));
#19056=CARTESIAN_POINT('',(302.544022303093,73.5787675147081,1197.));
#19057=CARTESIAN_POINT('',(302.544022303093,31.8687675147081,1203.));
#19058=CARTESIAN_POINT('',(302.544022303093,31.8687675147081,1206.));
#19059=CARTESIAN_POINT('',(304.544022303093,31.8687675147081,1206.));
#19060=CARTESIAN_POINT('',(304.544022303093,31.8687675147081,1203.));
#19061=CARTESIAN_POINT('',(302.544022303093,31.8687675147081,1206.));
#19062=CARTESIAN_POINT('',(302.544022303093,31.8687675147081,1203.));
#19063=CARTESIAN_POINT('',(304.544022303093,31.8687675147081,1203.));
#19064=CARTESIAN_POINT('',(304.544022303093,73.5787675147081,1206.));
#19065=CARTESIAN_POINT('',(302.544022303093,73.5787675147081,1206.));
#19066=CARTESIAN_POINT('',(302.544022303093,73.5787675147081,1203.));
#19067=CARTESIAN_POINT('',(304.544022303093,73.5787675147081,1203.));
#19068=CARTESIAN_POINT('',(297.544022303093,31.8687675147081,1260.));
#19069=CARTESIAN_POINT('',(304.544022303093,31.8687675147081,1248.));
#19070=CARTESIAN_POINT('',(304.544022303093,31.8687675147081,1272.));
#19071=CARTESIAN_POINT('',(311.329736588807,31.8687675147081,1260.));
#19072=CARTESIAN_POINT('',(311.329736588807,31.8687675147081,1260.));
#19073=CARTESIAN_POINT('',(304.544022303093,73.5787675147081,1248.));
#19074=CARTESIAN_POINT('',(304.544022303093,73.5787675147081,1256.));
#19075=CARTESIAN_POINT('',(304.544022303093,73.5787675147081,1264.));
#19076=CARTESIAN_POINT('',(304.544022303093,73.5787675147081,1272.));
#19077=CARTESIAN_POINT('',(311.329736588807,73.5787675147081,1260.));
#19078=CARTESIAN_POINT('',(311.329736588807,73.5787675147081,1260.));
#19079=CARTESIAN_POINT('',(304.544022303093,31.8687675147081,1236.));
#19080=CARTESIAN_POINT('',(304.544022303093,31.8687675147081,1239.));
#19081=CARTESIAN_POINT('',(302.544022303093,31.8687675147081,1239.));
#19082=CARTESIAN_POINT('',(302.544022303093,31.8687675147081,1236.));
#19083=CARTESIAN_POINT('',(302.544022303093,31.8687675147081,1239.));
#19084=CARTESIAN_POINT('',(304.544022303093,31.8687675147081,1239.));
#19085=CARTESIAN_POINT('',(302.544022303093,31.8687675147081,1236.));
#19086=CARTESIAN_POINT('',(302.544022303093,73.5787675147081,1239.));
#19087=CARTESIAN_POINT('',(304.544022303093,73.5787675147081,1239.));
#19088=CARTESIAN_POINT('',(304.544022303093,73.5787675147081,1236.));
#19089=CARTESIAN_POINT('',(302.544022303093,73.5787675147081,1236.));
#19090=CARTESIAN_POINT('',(302.544022303093,31.8687675147081,1242.));
#19091=CARTESIAN_POINT('',(302.544022303093,31.8687675147081,1245.));
#19092=CARTESIAN_POINT('',(304.544022303093,31.8687675147081,1245.));
#19093=CARTESIAN_POINT('',(304.544022303093,31.8687675147081,1242.));
#19094=CARTESIAN_POINT('',(302.544022303093,31.8687675147081,1245.));
#19095=CARTESIAN_POINT('',(302.544022303093,31.8687675147081,1242.));
#19096=CARTESIAN_POINT('',(304.544022303093,31.8687675147081,1242.));
#19097=CARTESIAN_POINT('',(304.544022303093,73.5787675147081,1245.));
#19098=CARTESIAN_POINT('',(302.544022303093,73.5787675147081,1245.));
#19099=CARTESIAN_POINT('',(302.544022303093,73.5787675147081,1242.));
#19100=CARTESIAN_POINT('',(304.544022303093,73.5787675147081,1242.));
#19101=CARTESIAN_POINT('',(297.544022303093,31.8687675147081,1299.));
#19102=CARTESIAN_POINT('',(304.544022303093,31.8687675147081,1287.));
#19103=CARTESIAN_POINT('',(304.544022303093,31.8687675147081,1311.));
#19104=CARTESIAN_POINT('',(311.329736588807,31.8687675147081,1299.));
#19105=CARTESIAN_POINT('',(311.329736588807,31.8687675147081,1299.));
#19106=CARTESIAN_POINT('',(304.544022303093,73.5787675147081,1287.));
#19107=CARTESIAN_POINT('',(304.544022303093,73.5787675147081,1295.));
#19108=CARTESIAN_POINT('',(304.544022303093,73.5787675147081,1303.));
#19109=CARTESIAN_POINT('',(304.544022303093,73.5787675147081,1311.));
#19110=CARTESIAN_POINT('',(311.329736588807,73.5787675147081,1299.));
#19111=CARTESIAN_POINT('',(311.329736588807,73.5787675147081,1299.));
#19112=CARTESIAN_POINT('',(304.544022303093,31.8687675147081,1275.));
#19113=CARTESIAN_POINT('',(304.544022303093,31.8687675147081,1278.));
#19114=CARTESIAN_POINT('',(302.544022303093,31.8687675147081,1278.));
#19115=CARTESIAN_POINT('',(302.544022303093,31.8687675147081,1275.));
#19116=CARTESIAN_POINT('',(302.544022303093,31.8687675147081,1278.));
#19117=CARTESIAN_POINT('',(304.544022303093,31.8687675147081,1278.));
#19118=CARTESIAN_POINT('',(302.544022303093,31.8687675147081,1275.));
#19119=CARTESIAN_POINT('',(302.544022303093,73.5787675147081,1278.));
#19120=CARTESIAN_POINT('',(304.544022303093,73.5787675147081,1278.));
#19121=CARTESIAN_POINT('',(304.544022303093,73.5787675147081,1275.));
#19122=CARTESIAN_POINT('',(302.544022303093,73.5787675147081,1275.));
#19123=CARTESIAN_POINT('',(302.544022303093,31.8687675147081,1281.));
#19124=CARTESIAN_POINT('',(302.544022303093,31.8687675147081,1284.));
#19125=CARTESIAN_POINT('',(304.544022303093,31.8687675147081,1284.));
#19126=CARTESIAN_POINT('',(304.544022303093,31.8687675147081,1281.));
#19127=CARTESIAN_POINT('',(302.544022303093,31.8687675147081,1284.));
#19128=CARTESIAN_POINT('',(302.544022303093,31.8687675147081,1281.));
#19129=CARTESIAN_POINT('',(304.544022303093,31.8687675147081,1281.));
#19130=CARTESIAN_POINT('',(304.544022303093,73.5787675147081,1284.));
#19131=CARTESIAN_POINT('',(302.544022303093,73.5787675147081,1284.));
#19132=CARTESIAN_POINT('',(302.544022303093,73.5787675147081,1281.));
#19133=CARTESIAN_POINT('',(304.544022303093,73.5787675147081,1281.));
#19134=CARTESIAN_POINT('',(297.544022303093,31.8687675147081,1338.));
#19135=CARTESIAN_POINT('',(304.544022303093,31.8687675147081,1326.));
#19136=CARTESIAN_POINT('',(304.544022303093,31.8687675147081,1350.));
#19137=CARTESIAN_POINT('',(311.329736588807,31.8687675147081,1338.));
#19138=CARTESIAN_POINT('',(311.329736588807,31.8687675147081,1338.));
#19139=CARTESIAN_POINT('',(304.544022303093,73.5787675147081,1326.));
#19140=CARTESIAN_POINT('',(304.544022303093,73.5787675147081,1334.));
#19141=CARTESIAN_POINT('',(304.544022303093,73.5787675147081,1342.));
#19142=CARTESIAN_POINT('',(304.544022303093,73.5787675147081,1350.));
#19143=CARTESIAN_POINT('',(311.329736588807,73.5787675147081,1338.));
#19144=CARTESIAN_POINT('',(311.329736588807,73.5787675147081,1338.));
#19145=CARTESIAN_POINT('',(304.544022303093,31.8687675147081,1314.));
#19146=CARTESIAN_POINT('',(304.544022303093,31.8687675147081,1317.));
#19147=CARTESIAN_POINT('',(302.544022303093,31.8687675147081,1317.));
#19148=CARTESIAN_POINT('',(302.544022303093,31.8687675147081,1314.));
#19149=CARTESIAN_POINT('',(302.544022303093,31.8687675147081,1317.));
#19150=CARTESIAN_POINT('',(304.544022303093,31.8687675147081,1317.));
#19151=CARTESIAN_POINT('',(302.544022303093,31.8687675147081,1314.));
#19152=CARTESIAN_POINT('',(302.544022303093,73.5787675147081,1317.));
#19153=CARTESIAN_POINT('',(304.544022303093,73.5787675147081,1317.));
#19154=CARTESIAN_POINT('',(304.544022303093,73.5787675147081,1314.));
#19155=CARTESIAN_POINT('',(302.544022303093,73.5787675147081,1314.));
#19156=CARTESIAN_POINT('',(302.544022303093,31.8687675147081,1320.));
#19157=CARTESIAN_POINT('',(302.544022303093,31.8687675147081,1323.));
#19158=CARTESIAN_POINT('',(304.544022303093,31.8687675147081,1323.));
#19159=CARTESIAN_POINT('',(304.544022303093,31.8687675147081,1320.));
#19160=CARTESIAN_POINT('',(302.544022303093,31.8687675147081,1323.));
#19161=CARTESIAN_POINT('',(302.544022303093,31.8687675147081,1320.));
#19162=CARTESIAN_POINT('',(304.544022303093,31.8687675147081,1320.));
#19163=CARTESIAN_POINT('',(304.544022303093,73.5787675147081,1323.));
#19164=CARTESIAN_POINT('',(302.544022303093,73.5787675147081,1323.));
#19165=CARTESIAN_POINT('',(302.544022303093,73.5787675147081,1320.));
#19166=CARTESIAN_POINT('',(304.544022303093,73.5787675147081,1320.));
#19167=CARTESIAN_POINT('',(297.544022303093,31.8687675147081,1377.));
#19168=CARTESIAN_POINT('',(304.544022303093,31.8687675147081,1365.));
#19169=CARTESIAN_POINT('',(304.544022303093,31.8687675147081,1389.));
#19170=CARTESIAN_POINT('',(311.329736588807,31.8687675147081,1377.));
#19171=CARTESIAN_POINT('',(311.329736588807,31.8687675147081,1377.));
#19172=CARTESIAN_POINT('',(304.544022303093,73.5787675147081,1365.));
#19173=CARTESIAN_POINT('',(304.544022303093,73.5787675147081,1373.));
#19174=CARTESIAN_POINT('',(304.544022303093,73.5787675147081,1381.));
#19175=CARTESIAN_POINT('',(304.544022303093,73.5787675147081,1389.));
#19176=CARTESIAN_POINT('',(311.329736588807,73.5787675147081,1377.));
#19177=CARTESIAN_POINT('',(311.329736588807,73.5787675147081,1377.));
#19178=CARTESIAN_POINT('',(304.544022303093,31.8687675147081,1353.));
#19179=CARTESIAN_POINT('',(304.544022303093,31.8687675147081,1356.));
#19180=CARTESIAN_POINT('',(302.544022303093,31.8687675147081,1356.));
#19181=CARTESIAN_POINT('',(302.544022303093,31.8687675147081,1353.));
#19182=CARTESIAN_POINT('',(302.544022303093,31.8687675147081,1356.));
#19183=CARTESIAN_POINT('',(304.544022303093,31.8687675147081,1356.));
#19184=CARTESIAN_POINT('',(302.544022303093,31.8687675147081,1353.));
#19185=CARTESIAN_POINT('',(302.544022303093,73.5787675147081,1356.));
#19186=CARTESIAN_POINT('',(304.544022303093,73.5787675147081,1356.));
#19187=CARTESIAN_POINT('',(304.544022303093,73.5787675147081,1353.));
#19188=CARTESIAN_POINT('',(302.544022303093,73.5787675147081,1353.));
#19189=CARTESIAN_POINT('',(302.544022303093,31.8687675147081,1359.));
#19190=CARTESIAN_POINT('',(302.544022303093,31.8687675147081,1362.));
#19191=CARTESIAN_POINT('',(304.544022303093,31.8687675147081,1362.));
#19192=CARTESIAN_POINT('',(304.544022303093,31.8687675147081,1359.));
#19193=CARTESIAN_POINT('',(302.544022303093,31.8687675147081,1362.));
#19194=CARTESIAN_POINT('',(302.544022303093,31.8687675147081,1359.));
#19195=CARTESIAN_POINT('',(304.544022303093,31.8687675147081,1359.));
#19196=CARTESIAN_POINT('',(304.544022303093,73.5787675147081,1362.));
#19197=CARTESIAN_POINT('',(302.544022303093,73.5787675147081,1362.));
#19198=CARTESIAN_POINT('',(302.544022303093,73.5787675147081,1359.));
#19199=CARTESIAN_POINT('',(304.544022303093,73.5787675147081,1359.));
#19200=CARTESIAN_POINT('',(297.544022303093,31.8687675147081,1416.));
#19201=CARTESIAN_POINT('',(304.544022303093,31.8687675147081,1404.));
#19202=CARTESIAN_POINT('',(304.544022303093,31.8687675147081,1428.));
#19203=CARTESIAN_POINT('',(311.329736588807,31.8687675147081,1416.));
#19204=CARTESIAN_POINT('',(311.329736588807,31.8687675147081,1416.));
#19205=CARTESIAN_POINT('',(304.544022303093,73.5787675147081,1404.));
#19206=CARTESIAN_POINT('',(304.544022303093,73.5787675147081,1412.));
#19207=CARTESIAN_POINT('',(304.544022303093,73.5787675147081,1420.));
#19208=CARTESIAN_POINT('',(304.544022303093,73.5787675147081,1428.));
#19209=CARTESIAN_POINT('',(311.329736588807,73.5787675147081,1416.));
#19210=CARTESIAN_POINT('',(311.329736588807,73.5787675147081,1416.));
#19211=CARTESIAN_POINT('',(304.544022303093,31.8687675147081,1392.));
#19212=CARTESIAN_POINT('',(304.544022303093,31.8687675147081,1395.));
#19213=CARTESIAN_POINT('',(302.544022303093,31.8687675147081,1395.));
#19214=CARTESIAN_POINT('',(302.544022303093,31.8687675147081,1392.));
#19215=CARTESIAN_POINT('',(302.544022303093,31.8687675147081,1395.));
#19216=CARTESIAN_POINT('',(304.544022303093,31.8687675147081,1395.));
#19217=CARTESIAN_POINT('',(302.544022303093,31.8687675147081,1392.));
#19218=CARTESIAN_POINT('',(302.544022303093,73.5787675147081,1395.));
#19219=CARTESIAN_POINT('',(304.544022303093,73.5787675147081,1395.));
#19220=CARTESIAN_POINT('',(304.544022303093,73.5787675147081,1392.));
#19221=CARTESIAN_POINT('',(302.544022303093,73.5787675147081,1392.));
#19222=CARTESIAN_POINT('',(302.544022303093,31.8687675147081,1398.));
#19223=CARTESIAN_POINT('',(302.544022303093,31.8687675147081,1401.));
#19224=CARTESIAN_POINT('',(304.544022303093,31.8687675147081,1401.));
#19225=CARTESIAN_POINT('',(304.544022303093,31.8687675147081,1398.));
#19226=CARTESIAN_POINT('',(302.544022303093,31.8687675147081,1401.));
#19227=CARTESIAN_POINT('',(302.544022303093,31.8687675147081,1398.));
#19228=CARTESIAN_POINT('',(304.544022303093,31.8687675147081,1398.));
#19229=CARTESIAN_POINT('',(304.544022303093,73.5787675147081,1401.));
#19230=CARTESIAN_POINT('',(302.544022303093,73.5787675147081,1401.));
#19231=CARTESIAN_POINT('',(302.544022303093,73.5787675147081,1398.));
#19232=CARTESIAN_POINT('',(304.544022303093,73.5787675147081,1398.));
#19233=CARTESIAN_POINT('',(297.544022303093,31.8687675147081,1455.));
#19234=CARTESIAN_POINT('',(304.544022303093,31.8687675147081,1443.));
#19235=CARTESIAN_POINT('',(304.544022303093,31.8687675147081,1467.));
#19236=CARTESIAN_POINT('',(311.329736588807,31.8687675147081,1455.));
#19237=CARTESIAN_POINT('',(311.329736588807,31.8687675147081,1455.));
#19238=CARTESIAN_POINT('',(304.544022303093,73.5787675147081,1443.));
#19239=CARTESIAN_POINT('',(304.544022303093,73.5787675147081,1451.));
#19240=CARTESIAN_POINT('',(304.544022303093,73.5787675147081,1459.));
#19241=CARTESIAN_POINT('',(304.544022303093,73.5787675147081,1467.));
#19242=CARTESIAN_POINT('',(311.329736588807,73.5787675147081,1455.));
#19243=CARTESIAN_POINT('',(311.329736588807,73.5787675147081,1455.));
#19244=CARTESIAN_POINT('',(304.544022303093,31.8687675147081,1431.));
#19245=CARTESIAN_POINT('',(304.544022303093,31.8687675147081,1434.));
#19246=CARTESIAN_POINT('',(302.544022303093,31.8687675147081,1434.));
#19247=CARTESIAN_POINT('',(302.544022303093,31.8687675147081,1431.));
#19248=CARTESIAN_POINT('',(302.544022303093,31.8687675147081,1434.));
#19249=CARTESIAN_POINT('',(304.544022303093,31.8687675147081,1434.));
#19250=CARTESIAN_POINT('',(302.544022303093,31.8687675147081,1431.));
#19251=CARTESIAN_POINT('',(302.544022303093,73.5787675147081,1434.));
#19252=CARTESIAN_POINT('',(304.544022303093,73.5787675147081,1434.));
#19253=CARTESIAN_POINT('',(304.544022303093,73.5787675147081,1431.));
#19254=CARTESIAN_POINT('',(302.544022303093,73.5787675147081,1431.));
#19255=CARTESIAN_POINT('',(302.544022303093,31.8687675147081,1437.));
#19256=CARTESIAN_POINT('',(302.544022303093,31.8687675147081,1440.));
#19257=CARTESIAN_POINT('',(304.544022303093,31.8687675147081,1440.));
#19258=CARTESIAN_POINT('',(304.544022303093,31.8687675147081,1437.));
#19259=CARTESIAN_POINT('',(302.544022303093,31.8687675147081,1440.));
#19260=CARTESIAN_POINT('',(302.544022303093,31.8687675147081,1437.));
#19261=CARTESIAN_POINT('',(304.544022303093,31.8687675147081,1437.));
#19262=CARTESIAN_POINT('',(304.544022303093,73.5787675147081,1440.));
#19263=CARTESIAN_POINT('',(302.544022303093,73.5787675147081,1440.));
#19264=CARTESIAN_POINT('',(302.544022303093,73.5787675147081,1437.));
#19265=CARTESIAN_POINT('',(304.544022303093,73.5787675147081,1437.));
#19266=CARTESIAN_POINT('',(297.544022303093,31.8687675147081,1494.));
#19267=CARTESIAN_POINT('',(304.544022303093,31.8687675147081,1482.));
#19268=CARTESIAN_POINT('',(304.544022303093,31.8687675147081,1506.));
#19269=CARTESIAN_POINT('',(311.329736588807,31.8687675147081,1494.));
#19270=CARTESIAN_POINT('',(311.329736588807,31.8687675147081,1494.));
#19271=CARTESIAN_POINT('',(304.544022303093,73.5787675147081,1482.));
#19272=CARTESIAN_POINT('',(304.544022303093,73.5787675147081,1490.));
#19273=CARTESIAN_POINT('',(304.544022303093,73.5787675147081,1498.));
#19274=CARTESIAN_POINT('',(304.544022303093,73.5787675147081,1506.));
#19275=CARTESIAN_POINT('',(311.329736588807,73.5787675147081,1494.));
#19276=CARTESIAN_POINT('',(311.329736588807,73.5787675147081,1494.));
#19277=CARTESIAN_POINT('',(304.544022303093,31.8687675147081,1470.));
#19278=CARTESIAN_POINT('',(304.544022303093,31.8687675147081,1473.));
#19279=CARTESIAN_POINT('',(302.544022303093,31.8687675147081,1473.));
#19280=CARTESIAN_POINT('',(302.544022303093,31.8687675147081,1470.));
#19281=CARTESIAN_POINT('',(302.544022303093,31.8687675147081,1473.));
#19282=CARTESIAN_POINT('',(304.544022303093,31.8687675147081,1473.));
#19283=CARTESIAN_POINT('',(302.544022303093,31.8687675147081,1470.));
#19284=CARTESIAN_POINT('',(302.544022303093,73.5787675147081,1473.));
#19285=CARTESIAN_POINT('',(304.544022303093,73.5787675147081,1473.));
#19286=CARTESIAN_POINT('',(304.544022303093,73.5787675147081,1470.));
#19287=CARTESIAN_POINT('',(302.544022303093,73.5787675147081,1470.));
#19288=CARTESIAN_POINT('',(302.544022303093,31.8687675147081,1476.));
#19289=CARTESIAN_POINT('',(302.544022303093,31.8687675147081,1479.));
#19290=CARTESIAN_POINT('',(304.544022303093,31.8687675147081,1479.));
#19291=CARTESIAN_POINT('',(304.544022303093,31.8687675147081,1476.));
#19292=CARTESIAN_POINT('',(302.544022303093,31.8687675147081,1479.));
#19293=CARTESIAN_POINT('',(302.544022303093,31.8687675147081,1476.));
#19294=CARTESIAN_POINT('',(304.544022303093,31.8687675147081,1476.));
#19295=CARTESIAN_POINT('',(304.544022303093,73.5787675147081,1479.));
#19296=CARTESIAN_POINT('',(302.544022303093,73.5787675147081,1479.));
#19297=CARTESIAN_POINT('',(302.544022303093,73.5787675147081,1476.));
#19298=CARTESIAN_POINT('',(304.544022303093,73.5787675147081,1476.));
#19299=CARTESIAN_POINT('',(297.544022303093,31.8687675147081,1533.));
#19300=CARTESIAN_POINT('',(304.544022303093,31.8687675147081,1521.));
#19301=CARTESIAN_POINT('',(304.544022303093,31.8687675147081,1545.));
#19302=CARTESIAN_POINT('',(311.329736588807,31.8687675147081,1533.));
#19303=CARTESIAN_POINT('',(311.329736588807,31.8687675147081,1533.));
#19304=CARTESIAN_POINT('',(304.544022303093,73.5787675147081,1521.));
#19305=CARTESIAN_POINT('',(304.544022303093,73.5787675147081,1529.));
#19306=CARTESIAN_POINT('',(304.544022303093,73.5787675147081,1537.));
#19307=CARTESIAN_POINT('',(304.544022303093,73.5787675147081,1545.));
#19308=CARTESIAN_POINT('',(311.329736588807,73.5787675147081,1533.));
#19309=CARTESIAN_POINT('',(311.329736588807,73.5787675147081,1533.));
#19310=CARTESIAN_POINT('',(304.544022303093,31.8687675147081,1509.));
#19311=CARTESIAN_POINT('',(304.544022303093,31.8687675147081,1512.));
#19312=CARTESIAN_POINT('',(302.544022303093,31.8687675147081,1512.));
#19313=CARTESIAN_POINT('',(302.544022303093,31.8687675147081,1509.));
#19314=CARTESIAN_POINT('',(302.544022303093,31.8687675147081,1512.));
#19315=CARTESIAN_POINT('',(304.544022303093,31.8687675147081,1512.));
#19316=CARTESIAN_POINT('',(302.544022303093,31.8687675147081,1509.));
#19317=CARTESIAN_POINT('',(302.544022303093,73.5787675147081,1512.));
#19318=CARTESIAN_POINT('',(304.544022303093,73.5787675147081,1512.));
#19319=CARTESIAN_POINT('',(304.544022303093,73.5787675147081,1509.));
#19320=CARTESIAN_POINT('',(302.544022303093,73.5787675147081,1509.));
#19321=CARTESIAN_POINT('',(302.544022303093,31.8687675147081,1515.));
#19322=CARTESIAN_POINT('',(302.544022303093,31.8687675147081,1518.));
#19323=CARTESIAN_POINT('',(304.544022303093,31.8687675147081,1518.));
#19324=CARTESIAN_POINT('',(304.544022303093,31.8687675147081,1515.));
#19325=CARTESIAN_POINT('',(302.544022303093,31.8687675147081,1518.));
#19326=CARTESIAN_POINT('',(302.544022303093,31.8687675147081,1515.));
#19327=CARTESIAN_POINT('',(304.544022303093,31.8687675147081,1515.));
#19328=CARTESIAN_POINT('',(304.544022303093,73.5787675147081,1518.));
#19329=CARTESIAN_POINT('',(302.544022303093,73.5787675147081,1518.));
#19330=CARTESIAN_POINT('',(302.544022303093,73.5787675147081,1515.));
#19331=CARTESIAN_POINT('',(304.544022303093,73.5787675147081,1515.));
#19332=CARTESIAN_POINT('',(297.544022303093,31.8687675147081,1572.));
#19333=CARTESIAN_POINT('',(304.544022303093,31.8687675147081,1560.));
#19334=CARTESIAN_POINT('',(304.544022303093,31.8687675147081,1584.));
#19335=CARTESIAN_POINT('',(311.329736588807,31.8687675147081,1572.));
#19336=CARTESIAN_POINT('',(311.329736588807,31.8687675147081,1572.));
#19337=CARTESIAN_POINT('',(304.544022303093,73.5787675147081,1560.));
#19338=CARTESIAN_POINT('',(304.544022303093,73.5787675147081,1568.));
#19339=CARTESIAN_POINT('',(304.544022303093,73.5787675147081,1576.));
#19340=CARTESIAN_POINT('',(304.544022303093,73.5787675147081,1584.));
#19341=CARTESIAN_POINT('',(311.329736588807,73.5787675147081,1572.));
#19342=CARTESIAN_POINT('',(311.329736588807,73.5787675147081,1572.));
#19343=CARTESIAN_POINT('',(304.544022303093,31.8687675147081,1548.));
#19344=CARTESIAN_POINT('',(304.544022303093,31.8687675147081,1551.));
#19345=CARTESIAN_POINT('',(302.544022303093,31.8687675147081,1551.));
#19346=CARTESIAN_POINT('',(302.544022303093,31.8687675147081,1548.));
#19347=CARTESIAN_POINT('',(302.544022303093,31.8687675147081,1551.));
#19348=CARTESIAN_POINT('',(304.544022303093,31.8687675147081,1551.));
#19349=CARTESIAN_POINT('',(302.544022303093,31.8687675147081,1548.));
#19350=CARTESIAN_POINT('',(302.544022303093,73.5787675147081,1551.));
#19351=CARTESIAN_POINT('',(304.544022303093,73.5787675147081,1551.));
#19352=CARTESIAN_POINT('',(304.544022303093,73.5787675147081,1548.));
#19353=CARTESIAN_POINT('',(302.544022303093,73.5787675147081,1548.));
#19354=CARTESIAN_POINT('',(302.544022303093,31.8687675147081,1554.));
#19355=CARTESIAN_POINT('',(302.544022303093,31.8687675147081,1557.));
#19356=CARTESIAN_POINT('',(304.544022303093,31.8687675147081,1557.));
#19357=CARTESIAN_POINT('',(304.544022303093,31.8687675147081,1554.));
#19358=CARTESIAN_POINT('',(302.544022303093,31.8687675147081,1557.));
#19359=CARTESIAN_POINT('',(302.544022303093,31.8687675147081,1554.));
#19360=CARTESIAN_POINT('',(304.544022303093,31.8687675147081,1554.));
#19361=CARTESIAN_POINT('',(304.544022303093,73.5787675147081,1557.));
#19362=CARTESIAN_POINT('',(302.544022303093,73.5787675147081,1557.));
#19363=CARTESIAN_POINT('',(302.544022303093,73.5787675147081,1554.));
#19364=CARTESIAN_POINT('',(304.544022303093,73.5787675147081,1554.));
#19365=CARTESIAN_POINT('',(297.544022303093,31.8687675147081,1611.));
#19366=CARTESIAN_POINT('',(304.544022303093,31.8687675147081,1599.));
#19367=CARTESIAN_POINT('',(304.544022303093,31.8687675147081,1623.));
#19368=CARTESIAN_POINT('',(311.329736588807,31.8687675147081,1611.));
#19369=CARTESIAN_POINT('',(311.329736588807,31.8687675147081,1611.));
#19370=CARTESIAN_POINT('',(304.544022303093,73.5787675147081,1599.));
#19371=CARTESIAN_POINT('',(304.544022303093,73.5787675147081,1607.));
#19372=CARTESIAN_POINT('',(304.544022303093,73.5787675147081,1615.));
#19373=CARTESIAN_POINT('',(304.544022303093,73.5787675147081,1623.));
#19374=CARTESIAN_POINT('',(311.329736588807,73.5787675147081,1611.));
#19375=CARTESIAN_POINT('',(311.329736588807,73.5787675147081,1611.));
#19376=CARTESIAN_POINT('',(304.544022303093,31.8687675147081,1587.));
#19377=CARTESIAN_POINT('',(304.544022303093,31.8687675147081,1590.));
#19378=CARTESIAN_POINT('',(302.544022303093,31.8687675147081,1590.));
#19379=CARTESIAN_POINT('',(302.544022303093,31.8687675147081,1587.));
#19380=CARTESIAN_POINT('',(302.544022303093,31.8687675147081,1590.));
#19381=CARTESIAN_POINT('',(304.544022303093,31.8687675147081,1590.));
#19382=CARTESIAN_POINT('',(302.544022303093,31.8687675147081,1587.));
#19383=CARTESIAN_POINT('',(302.544022303093,73.5787675147081,1590.));
#19384=CARTESIAN_POINT('',(304.544022303093,73.5787675147081,1590.));
#19385=CARTESIAN_POINT('',(304.544022303093,73.5787675147081,1587.));
#19386=CARTESIAN_POINT('',(302.544022303093,73.5787675147081,1587.));
#19387=CARTESIAN_POINT('',(302.544022303093,31.8687675147081,1593.));
#19388=CARTESIAN_POINT('',(302.544022303093,31.8687675147081,1596.));
#19389=CARTESIAN_POINT('',(304.544022303093,31.8687675147081,1596.));
#19390=CARTESIAN_POINT('',(304.544022303093,31.8687675147081,1593.));
#19391=CARTESIAN_POINT('',(302.544022303093,31.8687675147081,1596.));
#19392=CARTESIAN_POINT('',(302.544022303093,31.8687675147081,1593.));
#19393=CARTESIAN_POINT('',(304.544022303093,31.8687675147081,1593.));
#19394=CARTESIAN_POINT('',(304.544022303093,73.5787675147081,1596.));
#19395=CARTESIAN_POINT('',(302.544022303093,73.5787675147081,1596.));
#19396=CARTESIAN_POINT('',(302.544022303093,73.5787675147081,1593.));
#19397=CARTESIAN_POINT('',(304.544022303093,73.5787675147081,1593.));
#19398=CARTESIAN_POINT('',(297.544022303093,31.8687675147081,1650.));
#19399=CARTESIAN_POINT('',(304.544022303093,31.8687675147081,1638.));
#19400=CARTESIAN_POINT('',(304.544022303093,31.8687675147081,1662.));
#19401=CARTESIAN_POINT('',(311.329736588807,31.8687675147081,1650.));
#19402=CARTESIAN_POINT('',(311.329736588807,31.8687675147081,1650.));
#19403=CARTESIAN_POINT('',(304.544022303093,73.5787675147081,1638.));
#19404=CARTESIAN_POINT('',(304.544022303093,73.5787675147081,1646.));
#19405=CARTESIAN_POINT('',(304.544022303093,73.5787675147081,1654.));
#19406=CARTESIAN_POINT('',(304.544022303093,73.5787675147081,1662.));
#19407=CARTESIAN_POINT('',(311.329736588807,73.5787675147081,1650.));
#19408=CARTESIAN_POINT('',(311.329736588807,73.5787675147081,1650.));
#19409=CARTESIAN_POINT('',(304.544022303093,31.8687675147081,1626.));
#19410=CARTESIAN_POINT('',(304.544022303093,31.8687675147081,1629.));
#19411=CARTESIAN_POINT('',(302.544022303093,31.8687675147081,1629.));
#19412=CARTESIAN_POINT('',(302.544022303093,31.8687675147081,1626.));
#19413=CARTESIAN_POINT('',(302.544022303093,31.8687675147081,1629.));
#19414=CARTESIAN_POINT('',(304.544022303093,31.8687675147081,1629.));
#19415=CARTESIAN_POINT('',(302.544022303093,31.8687675147081,1626.));
#19416=CARTESIAN_POINT('',(302.544022303093,73.5787675147081,1629.));
#19417=CARTESIAN_POINT('',(304.544022303093,73.5787675147081,1629.));
#19418=CARTESIAN_POINT('',(304.544022303093,73.5787675147081,1626.));
#19419=CARTESIAN_POINT('',(302.544022303093,73.5787675147081,1626.));
#19420=CARTESIAN_POINT('',(302.544022303093,31.8687675147081,1632.));
#19421=CARTESIAN_POINT('',(302.544022303093,31.8687675147081,1635.));
#19422=CARTESIAN_POINT('',(304.544022303093,31.8687675147081,1635.));
#19423=CARTESIAN_POINT('',(304.544022303093,31.8687675147081,1632.));
#19424=CARTESIAN_POINT('',(302.544022303093,31.8687675147081,1635.));
#19425=CARTESIAN_POINT('',(302.544022303093,31.8687675147081,1632.));
#19426=CARTESIAN_POINT('',(304.544022303093,31.8687675147081,1632.));
#19427=CARTESIAN_POINT('',(304.544022303093,73.5787675147081,1635.));
#19428=CARTESIAN_POINT('',(302.544022303093,73.5787675147081,1635.));
#19429=CARTESIAN_POINT('',(302.544022303093,73.5787675147081,1632.));
#19430=CARTESIAN_POINT('',(304.544022303093,73.5787675147081,1632.));
#19431=CARTESIAN_POINT('',(297.544022303093,31.8687675147081,1689.));
#19432=CARTESIAN_POINT('',(304.544022303093,31.8687675147081,1677.));
#19433=CARTESIAN_POINT('',(304.544022303093,31.8687675147081,1701.));
#19434=CARTESIAN_POINT('',(311.329736588807,31.8687675147081,1689.));
#19435=CARTESIAN_POINT('',(311.329736588807,31.8687675147081,1689.));
#19436=CARTESIAN_POINT('',(304.544022303093,73.5787675147081,1677.));
#19437=CARTESIAN_POINT('',(304.544022303093,73.5787675147081,1685.));
#19438=CARTESIAN_POINT('',(304.544022303093,73.5787675147081,1693.));
#19439=CARTESIAN_POINT('',(304.544022303093,73.5787675147081,1701.));
#19440=CARTESIAN_POINT('',(311.329736588807,73.5787675147081,1689.));
#19441=CARTESIAN_POINT('',(311.329736588807,73.5787675147081,1689.));
#19442=CARTESIAN_POINT('',(304.544022303093,31.8687675147081,1665.));
#19443=CARTESIAN_POINT('',(304.544022303093,31.8687675147081,1668.));
#19444=CARTESIAN_POINT('',(302.544022303093,31.8687675147081,1668.));
#19445=CARTESIAN_POINT('',(302.544022303093,31.8687675147081,1665.));
#19446=CARTESIAN_POINT('',(302.544022303093,31.8687675147081,1668.));
#19447=CARTESIAN_POINT('',(304.544022303093,31.8687675147081,1668.));
#19448=CARTESIAN_POINT('',(302.544022303093,31.8687675147081,1665.));
#19449=CARTESIAN_POINT('',(302.544022303093,73.5787675147081,1668.));
#19450=CARTESIAN_POINT('',(304.544022303093,73.5787675147081,1668.));
#19451=CARTESIAN_POINT('',(304.544022303093,73.5787675147081,1665.));
#19452=CARTESIAN_POINT('',(302.544022303093,73.5787675147081,1665.));
#19453=CARTESIAN_POINT('',(302.544022303093,31.8687675147081,1671.));
#19454=CARTESIAN_POINT('',(302.544022303093,31.8687675147081,1674.));
#19455=CARTESIAN_POINT('',(304.544022303093,31.8687675147081,1674.));
#19456=CARTESIAN_POINT('',(304.544022303093,31.8687675147081,1671.));
#19457=CARTESIAN_POINT('',(302.544022303093,31.8687675147081,1674.));
#19458=CARTESIAN_POINT('',(302.544022303093,31.8687675147081,1671.));
#19459=CARTESIAN_POINT('',(304.544022303093,31.8687675147081,1671.));
#19460=CARTESIAN_POINT('',(304.544022303093,73.5787675147081,1674.));
#19461=CARTESIAN_POINT('',(302.544022303093,73.5787675147081,1674.));
#19462=CARTESIAN_POINT('',(302.544022303093,73.5787675147081,1671.));
#19463=CARTESIAN_POINT('',(304.544022303093,73.5787675147081,1671.));
#19464=CARTESIAN_POINT('',(297.544022303093,31.8687675147081,1728.));
#19465=CARTESIAN_POINT('',(304.544022303093,31.8687675147081,1716.));
#19466=CARTESIAN_POINT('',(304.544022303093,31.8687675147081,1740.));
#19467=CARTESIAN_POINT('',(311.329736588807,31.8687675147081,1728.));
#19468=CARTESIAN_POINT('',(311.329736588807,31.8687675147081,1728.));
#19469=CARTESIAN_POINT('',(304.544022303093,73.5787675147081,1716.));
#19470=CARTESIAN_POINT('',(304.544022303093,73.5787675147081,1724.));
#19471=CARTESIAN_POINT('',(304.544022303093,73.5787675147081,1732.));
#19472=CARTESIAN_POINT('',(304.544022303093,73.5787675147081,1740.));
#19473=CARTESIAN_POINT('',(311.329736588807,73.5787675147081,1728.));
#19474=CARTESIAN_POINT('',(311.329736588807,73.5787675147081,1728.));
#19475=CARTESIAN_POINT('',(304.544022303093,31.8687675147081,1704.));
#19476=CARTESIAN_POINT('',(304.544022303093,31.8687675147081,1707.));
#19477=CARTESIAN_POINT('',(302.544022303093,31.8687675147081,1707.));
#19478=CARTESIAN_POINT('',(302.544022303093,31.8687675147081,1704.));
#19479=CARTESIAN_POINT('',(302.544022303093,31.8687675147081,1707.));
#19480=CARTESIAN_POINT('',(304.544022303093,31.8687675147081,1707.));
#19481=CARTESIAN_POINT('',(302.544022303093,31.8687675147081,1704.));
#19482=CARTESIAN_POINT('',(302.544022303093,73.5787675147081,1707.));
#19483=CARTESIAN_POINT('',(304.544022303093,73.5787675147081,1707.));
#19484=CARTESIAN_POINT('',(304.544022303093,73.5787675147081,1704.));
#19485=CARTESIAN_POINT('',(302.544022303093,73.5787675147081,1704.));
#19486=CARTESIAN_POINT('',(302.544022303093,31.8687675147081,1710.));
#19487=CARTESIAN_POINT('',(302.544022303093,31.8687675147081,1713.));
#19488=CARTESIAN_POINT('',(304.544022303093,31.8687675147081,1713.));
#19489=CARTESIAN_POINT('',(304.544022303093,31.8687675147081,1710.));
#19490=CARTESIAN_POINT('',(302.544022303093,31.8687675147081,1713.));
#19491=CARTESIAN_POINT('',(302.544022303093,31.8687675147081,1710.));
#19492=CARTESIAN_POINT('',(304.544022303093,31.8687675147081,1710.));
#19493=CARTESIAN_POINT('',(304.544022303093,73.5787675147081,1713.));
#19494=CARTESIAN_POINT('',(302.544022303093,73.5787675147081,1713.));
#19495=CARTESIAN_POINT('',(302.544022303093,73.5787675147081,1710.));
#19496=CARTESIAN_POINT('',(304.544022303093,73.5787675147081,1710.));
#19497=CARTESIAN_POINT('',(297.544022303093,31.8687675147081,1767.));
#19498=CARTESIAN_POINT('',(304.544022303093,31.8687675147081,1755.));
#19499=CARTESIAN_POINT('',(304.544022303093,31.8687675147081,1779.));
#19500=CARTESIAN_POINT('',(311.329736588807,31.8687675147081,1767.));
#19501=CARTESIAN_POINT('',(311.329736588807,31.8687675147081,1767.));
#19502=CARTESIAN_POINT('',(304.544022303093,73.5787675147081,1755.));
#19503=CARTESIAN_POINT('',(304.544022303093,73.5787675147081,1763.));
#19504=CARTESIAN_POINT('',(304.544022303093,73.5787675147081,1771.));
#19505=CARTESIAN_POINT('',(304.544022303093,73.5787675147081,1779.));
#19506=CARTESIAN_POINT('',(311.329736588807,73.5787675147081,1767.));
#19507=CARTESIAN_POINT('',(311.329736588807,73.5787675147081,1767.));
#19508=CARTESIAN_POINT('',(304.544022303093,31.8687675147081,1743.));
#19509=CARTESIAN_POINT('',(304.544022303093,31.8687675147081,1746.));
#19510=CARTESIAN_POINT('',(302.544022303093,31.8687675147081,1746.));
#19511=CARTESIAN_POINT('',(302.544022303093,31.8687675147081,1743.));
#19512=CARTESIAN_POINT('',(302.544022303093,31.8687675147081,1746.));
#19513=CARTESIAN_POINT('',(304.544022303093,31.8687675147081,1746.));
#19514=CARTESIAN_POINT('',(302.544022303093,31.8687675147081,1743.));
#19515=CARTESIAN_POINT('',(302.544022303093,73.5787675147081,1746.));
#19516=CARTESIAN_POINT('',(304.544022303093,73.5787675147081,1746.));
#19517=CARTESIAN_POINT('',(304.544022303093,73.5787675147081,1743.));
#19518=CARTESIAN_POINT('',(302.544022303093,73.5787675147081,1743.));
#19519=CARTESIAN_POINT('',(302.544022303093,31.8687675147081,1749.));
#19520=CARTESIAN_POINT('',(302.544022303093,31.8687675147081,1752.));
#19521=CARTESIAN_POINT('',(304.544022303093,31.8687675147081,1752.));
#19522=CARTESIAN_POINT('',(304.544022303093,31.8687675147081,1749.));
#19523=CARTESIAN_POINT('',(302.544022303093,31.8687675147081,1752.));
#19524=CARTESIAN_POINT('',(302.544022303093,31.8687675147081,1749.));
#19525=CARTESIAN_POINT('',(304.544022303093,31.8687675147081,1749.));
#19526=CARTESIAN_POINT('',(304.544022303093,73.5787675147081,1752.));
#19527=CARTESIAN_POINT('',(302.544022303093,73.5787675147081,1752.));
#19528=CARTESIAN_POINT('',(302.544022303093,73.5787675147081,1749.));
#19529=CARTESIAN_POINT('',(304.544022303093,73.5787675147081,1749.));
#19530=CARTESIAN_POINT('',(297.544022303093,31.8687675147081,1806.));
#19531=CARTESIAN_POINT('',(304.544022303093,31.8687675147081,1794.));
#19532=CARTESIAN_POINT('',(304.544022303093,31.8687675147081,1818.));
#19533=CARTESIAN_POINT('',(311.329736588807,31.8687675147081,1806.));
#19534=CARTESIAN_POINT('',(311.329736588807,31.8687675147081,1806.));
#19535=CARTESIAN_POINT('',(304.544022303093,73.5787675147081,1794.));
#19536=CARTESIAN_POINT('',(304.544022303093,73.5787675147081,1802.));
#19537=CARTESIAN_POINT('',(304.544022303093,73.5787675147081,1810.));
#19538=CARTESIAN_POINT('',(304.544022303093,73.5787675147081,1818.));
#19539=CARTESIAN_POINT('',(311.329736588807,73.5787675147081,1806.));
#19540=CARTESIAN_POINT('',(311.329736588807,73.5787675147081,1806.));
#19541=CARTESIAN_POINT('',(304.544022303093,31.8687675147081,1782.));
#19542=CARTESIAN_POINT('',(304.544022303093,31.8687675147081,1785.));
#19543=CARTESIAN_POINT('',(302.544022303093,31.8687675147081,1785.));
#19544=CARTESIAN_POINT('',(302.544022303093,31.8687675147081,1782.));
#19545=CARTESIAN_POINT('',(302.544022303093,31.8687675147081,1785.));
#19546=CARTESIAN_POINT('',(304.544022303093,31.8687675147081,1785.));
#19547=CARTESIAN_POINT('',(302.544022303093,31.8687675147081,1782.));
#19548=CARTESIAN_POINT('',(302.544022303093,73.5787675147081,1785.));
#19549=CARTESIAN_POINT('',(304.544022303093,73.5787675147081,1785.));
#19550=CARTESIAN_POINT('',(304.544022303093,73.5787675147081,1782.));
#19551=CARTESIAN_POINT('',(302.544022303093,73.5787675147081,1782.));
#19552=CARTESIAN_POINT('',(302.544022303093,31.8687675147081,1788.));
#19553=CARTESIAN_POINT('',(302.544022303093,31.8687675147081,1791.));
#19554=CARTESIAN_POINT('',(304.544022303093,31.8687675147081,1791.));
#19555=CARTESIAN_POINT('',(304.544022303093,31.8687675147081,1788.));
#19556=CARTESIAN_POINT('',(302.544022303093,31.8687675147081,1791.));
#19557=CARTESIAN_POINT('',(302.544022303093,31.8687675147081,1788.));
#19558=CARTESIAN_POINT('',(304.544022303093,31.8687675147081,1788.));
#19559=CARTESIAN_POINT('',(304.544022303093,73.5787675147081,1791.));
#19560=CARTESIAN_POINT('',(302.544022303093,73.5787675147081,1791.));
#19561=CARTESIAN_POINT('',(302.544022303093,73.5787675147081,1788.));
#19562=CARTESIAN_POINT('',(304.544022303093,73.5787675147081,1788.));
#19563=CARTESIAN_POINT('',(304.544022303093,31.8687675147081,1821.));
#19564=CARTESIAN_POINT('',(304.544022303093,31.8687675147081,1824.));
#19565=CARTESIAN_POINT('',(302.544022303093,31.8687675147081,1824.));
#19566=CARTESIAN_POINT('',(302.544022303093,31.8687675147081,1821.));
#19567=CARTESIAN_POINT('',(302.544022303093,31.8687675147081,1824.));
#19568=CARTESIAN_POINT('',(304.544022303093,31.8687675147081,1824.));
#19569=CARTESIAN_POINT('',(302.544022303093,31.8687675147081,1821.));
#19570=CARTESIAN_POINT('',(302.544022303093,73.5787675147081,1824.));
#19571=CARTESIAN_POINT('',(304.544022303093,73.5787675147081,1824.));
#19572=CARTESIAN_POINT('',(304.544022303093,73.5787675147081,1821.));
#19573=CARTESIAN_POINT('',(302.544022303093,73.5787675147081,1821.));
#19574=CARTESIAN_POINT('',(302.544022303093,31.8687675147081,1827.));
#19575=CARTESIAN_POINT('',(302.544022303093,31.8687675147081,1830.));
#19576=CARTESIAN_POINT('',(304.544022303093,31.8687675147081,1830.));
#19577=CARTESIAN_POINT('',(304.544022303093,31.8687675147081,1827.));
#19578=CARTESIAN_POINT('',(302.544022303093,31.8687675147081,1830.));
#19579=CARTESIAN_POINT('',(302.544022303093,31.8687675147081,1827.));
#19580=CARTESIAN_POINT('',(304.544022303093,31.8687675147081,1827.));
#19581=CARTESIAN_POINT('',(304.544022303093,73.5787675147081,1830.));
#19582=CARTESIAN_POINT('',(302.544022303093,73.5787675147081,1830.));
#19583=CARTESIAN_POINT('',(302.544022303093,73.5787675147081,1827.));
#19584=CARTESIAN_POINT('',(304.544022303093,73.5787675147081,1827.));
#19585=CARTESIAN_POINT('',(291.616057767199,31.8687675147081,1986.));
#19586=CARTESIAN_POINT('',(304.544022303093,31.8687675147081,1986.));
#19587=CARTESIAN_POINT('',(291.616057767199,73.5821202952885,1986.));
#19588=CARTESIAN_POINT('',(291.616057767199,82.0955437014326,1986.));
#19589=CARTESIAN_POINT('',(235.234565253917,82.0955437014326,1986.));
#19590=CARTESIAN_POINT('',(234.86403584782,95.380696999861,1986.));
#19591=CARTESIAN_POINT('',(179.022245419293,95.380696999861,1986.));
#19592=CARTESIAN_POINT('',(178.726480456181,108.816113300518,1986.));
#19593=CARTESIAN_POINT('',(122.598749449038,108.816113300518,1986.));
#19594=CARTESIAN_POINT('',(122.598749449038,120.683320473113,1986.));
#19595=CARTESIAN_POINT('',(175.58525873958,120.683320473113,1986.));
#19596=CARTESIAN_POINT('',(199.249157472024,105.930348954083,1986.));
#19597=CARTESIAN_POINT('',(241.833750633154,105.930348954083,1986.));
#19598=CARTESIAN_POINT('',(251.422377231377,99.6856235830136,1986.));
#19599=CARTESIAN_POINT('',(285.019345246604,99.6856235830136,1986.));
#19600=CARTESIAN_POINT('',(311.598749336992,82.868212454798,1986.));
#19601=CARTESIAN_POINT('',(311.598749336992,20.6833069820081,1986.));
#19602=CARTESIAN_POINT('',(291.616057767199,20.6833069820081,1986.));
#19603=CARTESIAN_POINT('',(304.544022303093,73.5821202952885,1986.));
#19604=CARTESIAN_POINT('',(291.616057767199,77.8388319983606,1986.));
#19605=CARTESIAN_POINT('',(291.616057767199,77.8388319983606,-14.));
#19606=CARTESIAN_POINT('',(311.329736588807,31.8687675147081,1845.));
#19607=CARTESIAN_POINT('',(311.329736588807,31.8687675147081,1845.));
#19608=CARTESIAN_POINT('',(311.329736588807,73.5787675147081,1845.));
#19609=CARTESIAN_POINT('',(311.329736588807,31.8687675147081,1884.));
#19610=CARTESIAN_POINT('',(311.329736588807,31.8687675147081,1884.));
#19611=CARTESIAN_POINT('',(311.329736588807,73.5787675147081,1884.));
#19612=CARTESIAN_POINT('',(302.544022303093,31.8687675147081,1860.));
#19613=CARTESIAN_POINT('',(304.544022303093,31.8687675147081,1863.));
#19614=CARTESIAN_POINT('',(302.544022303093,31.8687675147081,1863.));
#19615=CARTESIAN_POINT('',(0.,73.5787675147081,0.));
#19616=CARTESIAN_POINT('',(304.544022303093,31.8687675147081,1866.));
#19617=CARTESIAN_POINT('',(302.544022303093,31.8687675147081,1866.));
#19618=CARTESIAN_POINT('',(302.544022303093,31.8687675147081,1869.));
#19619=CARTESIAN_POINT('',(0.,73.5787675147081,-0.));
#19620=CARTESIAN_POINT('',(311.329736588807,31.8687675147081,1923.));
#19621=CARTESIAN_POINT('',(311.329736588807,31.8687675147081,1923.));
#19622=CARTESIAN_POINT('',(311.329736588807,73.5787675147081,1923.));
#19623=CARTESIAN_POINT('',(302.544022303093,31.8687675147081,1899.));
#19624=CARTESIAN_POINT('',(304.544022303093,31.8687675147081,1902.));
#19625=CARTESIAN_POINT('',(302.544022303093,31.8687675147081,1902.));
#19626=CARTESIAN_POINT('',(0.,73.5787675147081,0.));
#19627=CARTESIAN_POINT('',(304.544022303093,31.8687675147081,1905.));
#19628=CARTESIAN_POINT('',(302.544022303093,31.8687675147081,1905.));
#19629=CARTESIAN_POINT('',(302.544022303093,31.8687675147081,1908.));
#19630=CARTESIAN_POINT('',(0.,73.5787675147081,-0.));
#19631=CARTESIAN_POINT('',(311.329736588807,31.8687675147081,1962.));
#19632=CARTESIAN_POINT('',(311.329736588807,31.8687675147081,1962.));
#19633=CARTESIAN_POINT('',(311.329736588807,73.5787675147081,1962.));
#19634=CARTESIAN_POINT('',(302.544022303093,31.8687675147081,1938.));
#19635=CARTESIAN_POINT('',(304.544022303093,31.8687675147081,1941.));
#19636=CARTESIAN_POINT('',(302.544022303093,31.8687675147081,1941.));
#19637=CARTESIAN_POINT('',(0.,73.5787675147081,0.));
#19638=CARTESIAN_POINT('',(304.544022303093,31.8687675147081,1944.));
#19639=CARTESIAN_POINT('',(302.544022303093,31.8687675147081,1944.));
#19640=CARTESIAN_POINT('',(302.544022303093,31.8687675147081,1947.));
#19641=CARTESIAN_POINT('',(0.,73.5787675147081,-0.));
#19642=CARTESIAN_POINT('',(302.544022303093,31.8687675147081,1977.));
#19643=CARTESIAN_POINT('',(304.544022303093,31.8687675147081,1980.));
#19644=CARTESIAN_POINT('',(302.544022303093,31.8687675147081,1980.));
#19645=CARTESIAN_POINT('',(0.,73.5787675147081,0.));
#19646=CARTESIAN_POINT('',(304.544022303093,31.8687675147081,1983.));
#19647=CARTESIAN_POINT('',(302.544022303093,31.8687675147081,1983.));
#19648=CARTESIAN_POINT('',(0.,73.5787675147081,-0.));
#19649=CARTESIAN_POINT('',(311.329736588807,31.8687675147081,51.));
#19650=CARTESIAN_POINT('',(311.329736588807,31.8687675147081,51.));
#19651=CARTESIAN_POINT('',(311.329736588807,73.5787675147081,51.));
#19652=CARTESIAN_POINT('',(302.544022303093,31.8687675147081,27.));
#19653=CARTESIAN_POINT('',(304.544022303093,31.8687675147081,30.));
#19654=CARTESIAN_POINT('',(302.544022303093,31.8687675147081,30.));
#19655=CARTESIAN_POINT('',(0.,73.5787675147081,0.));
#19656=CARTESIAN_POINT('',(304.544022303093,31.8687675147081,33.));
#19657=CARTESIAN_POINT('',(302.544022303093,31.8687675147081,33.));
#19658=CARTESIAN_POINT('',(302.544022303093,31.8687675147081,36.));
#19659=CARTESIAN_POINT('',(0.,73.5787675147081,-0.));
#19660=CARTESIAN_POINT('',(311.329736588807,31.8687675147081,12.));
#19661=CARTESIAN_POINT('',(311.329736588807,31.8687675147081,12.));
#19662=CARTESIAN_POINT('',(311.329736588807,73.5787675147081,12.));
#19663=CARTESIAN_POINT('',(302.544022303093,31.8687675147081,-12.));
#19664=CARTESIAN_POINT('',(304.544022303093,31.8687675147081,-9.));
#19665=CARTESIAN_POINT('',(302.544022303093,31.8687675147081,-9.));
#19666=CARTESIAN_POINT('',(0.,73.5787675147081,0.));
#19667=CARTESIAN_POINT('',(311.329736588807,31.8687675147081,90.0000000000001)
);
#19668=CARTESIAN_POINT('',(311.329736588807,31.8687675147081,90.));
#19669=CARTESIAN_POINT('',(311.329736588807,73.5787675147081,90.0000000000001)
);
#19670=CARTESIAN_POINT('',(302.544022303093,31.8687675147081,66.));
#19671=CARTESIAN_POINT('',(304.544022303093,31.8687675147081,69.));
#19672=CARTESIAN_POINT('',(302.544022303093,31.8687675147081,69.));
#19673=CARTESIAN_POINT('',(0.,73.5787675147081,0.));
#19674=CARTESIAN_POINT('',(311.329736588807,31.8687675147081,129.));
#19675=CARTESIAN_POINT('',(311.329736588807,31.8687675147081,129.));
#19676=CARTESIAN_POINT('',(311.329736588807,73.5787675147081,129.));
#19677=CARTESIAN_POINT('',(302.544022303093,31.8687675147081,105.));
#19678=CARTESIAN_POINT('',(304.544022303093,31.8687675147081,108.));
#19679=CARTESIAN_POINT('',(302.544022303093,31.8687675147081,108.));
#19680=CARTESIAN_POINT('',(0.,73.5787675147081,0.));
#19681=CARTESIAN_POINT('',(304.544022303093,31.8687675147081,111.));
#19682=CARTESIAN_POINT('',(302.544022303093,31.8687675147081,111.));
#19683=CARTESIAN_POINT('',(302.544022303093,31.8687675147081,114.));
#19684=CARTESIAN_POINT('',(0.,73.5787675147081,-0.));
#19685=CARTESIAN_POINT('',(311.329736588807,31.8687675147081,168.));
#19686=CARTESIAN_POINT('',(311.329736588807,31.8687675147081,168.));
#19687=CARTESIAN_POINT('',(311.329736588807,73.5787675147081,168.));
#19688=CARTESIAN_POINT('',(302.544022303093,31.8687675147081,144.));
#19689=CARTESIAN_POINT('',(304.544022303093,31.8687675147081,147.));
#19690=CARTESIAN_POINT('',(302.544022303093,31.8687675147081,147.));
#19691=CARTESIAN_POINT('',(0.,73.5787675147081,0.));
#19692=CARTESIAN_POINT('',(304.544022303093,31.8687675147081,150.));
#19693=CARTESIAN_POINT('',(302.544022303093,31.8687675147081,150.));
#19694=CARTESIAN_POINT('',(302.544022303093,31.8687675147081,153.));
#19695=CARTESIAN_POINT('',(0.,73.5787675147081,-0.));
#19696=CARTESIAN_POINT('',(302.544022303093,31.8687675147081,183.));
#19697=CARTESIAN_POINT('',(304.544022303093,31.8687675147081,186.));
#19698=CARTESIAN_POINT('',(302.544022303093,31.8687675147081,186.));
#19699=CARTESIAN_POINT('',(0.,73.5787675147081,0.));
#19700=CARTESIAN_POINT('',(304.544022303093,31.8687675147081,189.));
#19701=CARTESIAN_POINT('',(302.544022303093,31.8687675147081,189.));
#19702=CARTESIAN_POINT('',(302.544022303093,31.8687675147081,192.));
#19703=CARTESIAN_POINT('',(0.,73.5787675147081,-0.));
#19704=CARTESIAN_POINT('',(311.329736588807,31.8687675147081,207.));
#19705=CARTESIAN_POINT('',(311.329736588807,31.8687675147081,207.));
#19706=CARTESIAN_POINT('',(311.329736588807,73.5787675147081,207.));
#19707=CARTESIAN_POINT('',(304.544022303093,31.8687675147081,72.));
#19708=CARTESIAN_POINT('',(302.544022303093,31.8687675147081,72.));
#19709=CARTESIAN_POINT('',(302.544022303093,31.8687675147081,75.));
#19710=CARTESIAN_POINT('',(0.,73.5787675147081,-0.));
#19711=CARTESIAN_POINT('',(311.329736588807,31.8687675147081,246.));
#19712=CARTESIAN_POINT('',(311.329736588807,31.8687675147081,246.));
#19713=CARTESIAN_POINT('',(311.329736588807,73.5787675147081,246.));
#19714=CARTESIAN_POINT('',(302.544022303093,31.8687675147081,222.));
#19715=CARTESIAN_POINT('',(304.544022303093,31.8687675147081,225.));
#19716=CARTESIAN_POINT('',(302.544022303093,31.8687675147081,225.));
#19717=CARTESIAN_POINT('',(0.,73.5787675147081,0.));
#19718=CARTESIAN_POINT('',(304.544022303093,31.8687675147081,228.));
#19719=CARTESIAN_POINT('',(302.544022303093,31.8687675147081,228.));
#19720=CARTESIAN_POINT('',(302.544022303093,31.8687675147081,231.));
#19721=CARTESIAN_POINT('',(0.,73.5787675147081,-0.));
#19722=CARTESIAN_POINT('',(311.329736588807,31.8687675147081,285.));
#19723=CARTESIAN_POINT('',(311.329736588807,31.8687675147081,285.));
#19724=CARTESIAN_POINT('',(311.329736588807,73.5787675147081,285.));
#19725=CARTESIAN_POINT('',(302.544022303093,31.8687675147081,261.));
#19726=CARTESIAN_POINT('',(304.544022303093,31.8687675147081,264.));
#19727=CARTESIAN_POINT('',(302.544022303093,31.8687675147081,264.));
#19728=CARTESIAN_POINT('',(0.,73.5787675147081,0.));
#19729=CARTESIAN_POINT('',(304.544022303093,31.8687675147081,267.));
#19730=CARTESIAN_POINT('',(302.544022303093,31.8687675147081,267.));
#19731=CARTESIAN_POINT('',(302.544022303093,31.8687675147081,270.));
#19732=CARTESIAN_POINT('',(0.,73.5787675147081,-0.));
#19733=CARTESIAN_POINT('',(311.329736588807,31.8687675147081,324.));
#19734=CARTESIAN_POINT('',(311.329736588807,31.8687675147081,324.));
#19735=CARTESIAN_POINT('',(311.329736588807,73.5787675147081,324.));
#19736=CARTESIAN_POINT('',(302.544022303093,31.8687675147081,300.));
#19737=CARTESIAN_POINT('',(304.544022303093,31.8687675147081,303.));
#19738=CARTESIAN_POINT('',(302.544022303093,31.8687675147081,303.));
#19739=CARTESIAN_POINT('',(0.,73.5787675147081,0.));
#19740=CARTESIAN_POINT('',(304.544022303093,31.8687675147081,306.));
#19741=CARTESIAN_POINT('',(302.544022303093,31.8687675147081,306.));
#19742=CARTESIAN_POINT('',(302.544022303093,31.8687675147081,309.));
#19743=CARTESIAN_POINT('',(0.,73.5787675147081,-0.));
#19744=CARTESIAN_POINT('',(311.329736588807,31.8687675147081,363.));
#19745=CARTESIAN_POINT('',(311.329736588807,31.8687675147081,363.));
#19746=CARTESIAN_POINT('',(311.329736588807,73.5787675147081,363.));
#19747=CARTESIAN_POINT('',(302.544022303093,31.8687675147081,339.));
#19748=CARTESIAN_POINT('',(304.544022303093,31.8687675147081,342.));
#19749=CARTESIAN_POINT('',(302.544022303093,31.8687675147081,342.));
#19750=CARTESIAN_POINT('',(0.,73.5787675147081,0.));
#19751=CARTESIAN_POINT('',(304.544022303093,31.8687675147081,345.));
#19752=CARTESIAN_POINT('',(302.544022303093,31.8687675147081,345.));
#19753=CARTESIAN_POINT('',(302.544022303093,31.8687675147081,348.));
#19754=CARTESIAN_POINT('',(0.,73.5787675147081,-0.));
#19755=CARTESIAN_POINT('',(311.329736588807,31.8687675147081,402.));
#19756=CARTESIAN_POINT('',(311.329736588807,31.8687675147081,402.));
#19757=CARTESIAN_POINT('',(311.329736588807,73.5787675147081,402.));
#19758=CARTESIAN_POINT('',(302.544022303093,31.8687675147081,378.));
#19759=CARTESIAN_POINT('',(304.544022303093,31.8687675147081,381.));
#19760=CARTESIAN_POINT('',(302.544022303093,31.8687675147081,381.));
#19761=CARTESIAN_POINT('',(0.,73.5787675147081,0.));
#19762=CARTESIAN_POINT('',(304.544022303093,31.8687675147081,384.));
#19763=CARTESIAN_POINT('',(302.544022303093,31.8687675147081,384.));
#19764=CARTESIAN_POINT('',(302.544022303093,31.8687675147081,387.));
#19765=CARTESIAN_POINT('',(0.,73.5787675147081,-0.));
#19766=CARTESIAN_POINT('',(311.329736588807,31.8687675147081,441.));
#19767=CARTESIAN_POINT('',(311.329736588807,31.8687675147081,441.));
#19768=CARTESIAN_POINT('',(311.329736588807,73.5787675147081,441.));
#19769=CARTESIAN_POINT('',(302.544022303093,31.8687675147081,417.));
#19770=CARTESIAN_POINT('',(304.544022303093,31.8687675147081,420.));
#19771=CARTESIAN_POINT('',(302.544022303093,31.8687675147081,420.));
#19772=CARTESIAN_POINT('',(0.,73.5787675147081,0.));
#19773=CARTESIAN_POINT('',(304.544022303093,31.8687675147081,423.));
#19774=CARTESIAN_POINT('',(302.544022303093,31.8687675147081,423.));
#19775=CARTESIAN_POINT('',(302.544022303093,31.8687675147081,426.));
#19776=CARTESIAN_POINT('',(0.,73.5787675147081,-0.));
#19777=CARTESIAN_POINT('',(311.329736588807,31.8687675147081,480.));
#19778=CARTESIAN_POINT('',(311.329736588807,31.8687675147081,480.));
#19779=CARTESIAN_POINT('',(311.329736588807,73.5787675147081,480.));
#19780=CARTESIAN_POINT('',(302.544022303093,31.8687675147081,456.));
#19781=CARTESIAN_POINT('',(304.544022303093,31.8687675147081,459.));
#19782=CARTESIAN_POINT('',(302.544022303093,31.8687675147081,459.));
#19783=CARTESIAN_POINT('',(0.,73.5787675147081,0.));
#19784=CARTESIAN_POINT('',(304.544022303093,31.8687675147081,462.));
#19785=CARTESIAN_POINT('',(302.544022303093,31.8687675147081,462.));
#19786=CARTESIAN_POINT('',(302.544022303093,31.8687675147081,465.));
#19787=CARTESIAN_POINT('',(0.,73.5787675147081,-0.));
#19788=CARTESIAN_POINT('',(311.329736588807,31.8687675147081,519.));
#19789=CARTESIAN_POINT('',(311.329736588807,31.8687675147081,519.));
#19790=CARTESIAN_POINT('',(311.329736588807,73.5787675147081,519.));
#19791=CARTESIAN_POINT('',(302.544022303093,31.8687675147081,495.));
#19792=CARTESIAN_POINT('',(304.544022303093,31.8687675147081,498.));
#19793=CARTESIAN_POINT('',(302.544022303093,31.8687675147081,498.));
#19794=CARTESIAN_POINT('',(0.,73.5787675147081,0.));
#19795=CARTESIAN_POINT('',(304.544022303093,31.8687675147081,501.));
#19796=CARTESIAN_POINT('',(302.544022303093,31.8687675147081,501.));
#19797=CARTESIAN_POINT('',(302.544022303093,31.8687675147081,504.));
#19798=CARTESIAN_POINT('',(0.,73.5787675147081,-0.));
#19799=CARTESIAN_POINT('',(311.329736588807,31.8687675147081,558.));
#19800=CARTESIAN_POINT('',(311.329736588807,31.8687675147081,558.));
#19801=CARTESIAN_POINT('',(311.329736588807,73.5787675147081,558.));
#19802=CARTESIAN_POINT('',(302.544022303093,31.8687675147081,534.));
#19803=CARTESIAN_POINT('',(304.544022303093,31.8687675147081,537.));
#19804=CARTESIAN_POINT('',(302.544022303093,31.8687675147081,537.));
#19805=CARTESIAN_POINT('',(0.,73.5787675147081,0.));
#19806=CARTESIAN_POINT('',(304.544022303093,31.8687675147081,540.));
#19807=CARTESIAN_POINT('',(302.544022303093,31.8687675147081,540.));
#19808=CARTESIAN_POINT('',(302.544022303093,31.8687675147081,543.));
#19809=CARTESIAN_POINT('',(0.,73.5787675147081,-0.));
#19810=CARTESIAN_POINT('',(311.329736588807,31.8687675147081,597.));
#19811=CARTESIAN_POINT('',(311.329736588807,31.8687675147081,597.));
#19812=CARTESIAN_POINT('',(311.329736588807,73.5787675147081,597.));
#19813=CARTESIAN_POINT('',(302.544022303093,31.8687675147081,573.));
#19814=CARTESIAN_POINT('',(304.544022303093,31.8687675147081,576.));
#19815=CARTESIAN_POINT('',(302.544022303093,31.8687675147081,576.));
#19816=CARTESIAN_POINT('',(0.,73.5787675147081,0.));
#19817=CARTESIAN_POINT('',(304.544022303093,31.8687675147081,579.));
#19818=CARTESIAN_POINT('',(302.544022303093,31.8687675147081,579.));
#19819=CARTESIAN_POINT('',(302.544022303093,31.8687675147081,582.));
#19820=CARTESIAN_POINT('',(0.,73.5787675147081,-0.));
#19821=CARTESIAN_POINT('',(311.329736588807,31.8687675147081,636.));
#19822=CARTESIAN_POINT('',(311.329736588807,31.8687675147081,636.));
#19823=CARTESIAN_POINT('',(311.329736588807,73.5787675147081,636.));
#19824=CARTESIAN_POINT('',(302.544022303093,31.8687675147081,612.));
#19825=CARTESIAN_POINT('',(304.544022303093,31.8687675147081,615.));
#19826=CARTESIAN_POINT('',(302.544022303093,31.8687675147081,615.));
#19827=CARTESIAN_POINT('',(0.,73.5787675147081,0.));
#19828=CARTESIAN_POINT('',(304.544022303093,31.8687675147081,618.));
#19829=CARTESIAN_POINT('',(302.544022303093,31.8687675147081,618.));
#19830=CARTESIAN_POINT('',(302.544022303093,31.8687675147081,621.));
#19831=CARTESIAN_POINT('',(0.,73.5787675147081,-0.));
#19832=CARTESIAN_POINT('',(311.329736588807,31.8687675147081,675.));
#19833=CARTESIAN_POINT('',(311.329736588807,31.8687675147081,675.));
#19834=CARTESIAN_POINT('',(311.329736588807,73.5787675147081,675.));
#19835=CARTESIAN_POINT('',(302.544022303093,31.8687675147081,651.));
#19836=CARTESIAN_POINT('',(304.544022303093,31.8687675147081,654.));
#19837=CARTESIAN_POINT('',(302.544022303093,31.8687675147081,654.));
#19838=CARTESIAN_POINT('',(0.,73.5787675147081,0.));
#19839=CARTESIAN_POINT('',(304.544022303093,31.8687675147081,657.));
#19840=CARTESIAN_POINT('',(302.544022303093,31.8687675147081,657.));
#19841=CARTESIAN_POINT('',(302.544022303093,31.8687675147081,660.));
#19842=CARTESIAN_POINT('',(0.,73.5787675147081,-0.));
#19843=CARTESIAN_POINT('',(311.329736588807,31.8687675147081,714.));
#19844=CARTESIAN_POINT('',(311.329736588807,31.8687675147081,714.));
#19845=CARTESIAN_POINT('',(311.329736588807,73.5787675147081,714.));
#19846=CARTESIAN_POINT('',(302.544022303093,31.8687675147081,690.));
#19847=CARTESIAN_POINT('',(304.544022303093,31.8687675147081,693.));
#19848=CARTESIAN_POINT('',(302.544022303093,31.8687675147081,693.));
#19849=CARTESIAN_POINT('',(0.,73.5787675147081,0.));
#19850=CARTESIAN_POINT('',(304.544022303093,31.8687675147081,696.));
#19851=CARTESIAN_POINT('',(302.544022303093,31.8687675147081,696.));
#19852=CARTESIAN_POINT('',(302.544022303093,31.8687675147081,699.));
#19853=CARTESIAN_POINT('',(0.,73.5787675147081,-0.));
#19854=CARTESIAN_POINT('',(311.329736588807,31.8687675147081,753.));
#19855=CARTESIAN_POINT('',(311.329736588807,31.8687675147081,753.));
#19856=CARTESIAN_POINT('',(311.329736588807,73.5787675147081,753.));
#19857=CARTESIAN_POINT('',(302.544022303093,31.8687675147081,729.));
#19858=CARTESIAN_POINT('',(304.544022303093,31.8687675147081,732.));
#19859=CARTESIAN_POINT('',(302.544022303093,31.8687675147081,732.));
#19860=CARTESIAN_POINT('',(0.,73.5787675147081,0.));
#19861=CARTESIAN_POINT('',(304.544022303093,31.8687675147081,735.));
#19862=CARTESIAN_POINT('',(302.544022303093,31.8687675147081,735.));
#19863=CARTESIAN_POINT('',(302.544022303093,31.8687675147081,738.));
#19864=CARTESIAN_POINT('',(0.,73.5787675147081,-0.));
#19865=CARTESIAN_POINT('',(311.329736588807,31.8687675147081,792.));
#19866=CARTESIAN_POINT('',(311.329736588807,31.8687675147081,792.));
#19867=CARTESIAN_POINT('',(311.329736588807,73.5787675147081,792.));
#19868=CARTESIAN_POINT('',(302.544022303093,31.8687675147081,768.));
#19869=CARTESIAN_POINT('',(304.544022303093,31.8687675147081,771.));
#19870=CARTESIAN_POINT('',(302.544022303093,31.8687675147081,771.));
#19871=CARTESIAN_POINT('',(0.,73.5787675147081,0.));
#19872=CARTESIAN_POINT('',(304.544022303093,31.8687675147081,774.));
#19873=CARTESIAN_POINT('',(302.544022303093,31.8687675147081,774.));
#19874=CARTESIAN_POINT('',(302.544022303093,31.8687675147081,777.));
#19875=CARTESIAN_POINT('',(0.,73.5787675147081,-0.));
#19876=CARTESIAN_POINT('',(311.329736588807,31.8687675147081,831.));
#19877=CARTESIAN_POINT('',(311.329736588807,31.8687675147081,831.));
#19878=CARTESIAN_POINT('',(311.329736588807,73.5787675147081,831.));
#19879=CARTESIAN_POINT('',(302.544022303093,31.8687675147081,807.));
#19880=CARTESIAN_POINT('',(304.544022303093,31.8687675147081,810.));
#19881=CARTESIAN_POINT('',(302.544022303093,31.8687675147081,810.));
#19882=CARTESIAN_POINT('',(0.,73.5787675147081,0.));
#19883=CARTESIAN_POINT('',(304.544022303093,31.8687675147081,813.));
#19884=CARTESIAN_POINT('',(302.544022303093,31.8687675147081,813.));
#19885=CARTESIAN_POINT('',(302.544022303093,31.8687675147081,816.));
#19886=CARTESIAN_POINT('',(0.,73.5787675147081,-0.));
#19887=CARTESIAN_POINT('',(311.329736588807,31.8687675147081,870.));
#19888=CARTESIAN_POINT('',(311.329736588807,31.8687675147081,870.));
#19889=CARTESIAN_POINT('',(311.329736588807,73.5787675147081,870.));
#19890=CARTESIAN_POINT('',(302.544022303093,31.8687675147081,846.));
#19891=CARTESIAN_POINT('',(304.544022303093,31.8687675147081,849.));
#19892=CARTESIAN_POINT('',(302.544022303093,31.8687675147081,849.));
#19893=CARTESIAN_POINT('',(0.,73.5787675147081,0.));
#19894=CARTESIAN_POINT('',(304.544022303093,31.8687675147081,852.));
#19895=CARTESIAN_POINT('',(302.544022303093,31.8687675147081,852.));
#19896=CARTESIAN_POINT('',(302.544022303093,31.8687675147081,855.));
#19897=CARTESIAN_POINT('',(0.,73.5787675147081,-0.));
#19898=CARTESIAN_POINT('',(311.329736588807,31.8687675147081,909.));
#19899=CARTESIAN_POINT('',(311.329736588807,31.8687675147081,909.));
#19900=CARTESIAN_POINT('',(311.329736588807,73.5787675147081,909.));
#19901=CARTESIAN_POINT('',(302.544022303093,31.8687675147081,885.));
#19902=CARTESIAN_POINT('',(304.544022303093,31.8687675147081,888.));
#19903=CARTESIAN_POINT('',(302.544022303093,31.8687675147081,888.));
#19904=CARTESIAN_POINT('',(0.,73.5787675147081,0.));
#19905=CARTESIAN_POINT('',(304.544022303093,31.8687675147081,891.));
#19906=CARTESIAN_POINT('',(302.544022303093,31.8687675147081,891.));
#19907=CARTESIAN_POINT('',(302.544022303093,31.8687675147081,894.));
#19908=CARTESIAN_POINT('',(0.,73.5787675147081,-0.));
#19909=CARTESIAN_POINT('',(311.329736588807,31.8687675147081,948.));
#19910=CARTESIAN_POINT('',(311.329736588807,31.8687675147081,948.));
#19911=CARTESIAN_POINT('',(311.329736588807,73.5787675147081,948.));
#19912=CARTESIAN_POINT('',(302.544022303093,31.8687675147081,924.));
#19913=CARTESIAN_POINT('',(304.544022303093,31.8687675147081,927.));
#19914=CARTESIAN_POINT('',(302.544022303093,31.8687675147081,927.));
#19915=CARTESIAN_POINT('',(0.,73.5787675147081,0.));
#19916=CARTESIAN_POINT('',(304.544022303093,31.8687675147081,930.));
#19917=CARTESIAN_POINT('',(302.544022303093,31.8687675147081,930.));
#19918=CARTESIAN_POINT('',(302.544022303093,31.8687675147081,933.));
#19919=CARTESIAN_POINT('',(0.,73.5787675147081,-0.));
#19920=CARTESIAN_POINT('',(311.329736588807,31.8687675147081,987.));
#19921=CARTESIAN_POINT('',(311.329736588807,31.8687675147081,987.));
#19922=CARTESIAN_POINT('',(311.329736588807,73.5787675147081,987.));
#19923=CARTESIAN_POINT('',(302.544022303093,31.8687675147081,963.));
#19924=CARTESIAN_POINT('',(304.544022303093,31.8687675147081,966.));
#19925=CARTESIAN_POINT('',(302.544022303093,31.8687675147081,966.));
#19926=CARTESIAN_POINT('',(0.,73.5787675147081,0.));
#19927=CARTESIAN_POINT('',(304.544022303093,31.8687675147081,969.));
#19928=CARTESIAN_POINT('',(302.544022303093,31.8687675147081,969.));
#19929=CARTESIAN_POINT('',(302.544022303093,31.8687675147081,972.));
#19930=CARTESIAN_POINT('',(0.,73.5787675147081,-0.));
#19931=CARTESIAN_POINT('',(311.329736588807,31.8687675147081,1026.));
#19932=CARTESIAN_POINT('',(311.329736588807,31.8687675147081,1026.));
#19933=CARTESIAN_POINT('',(311.329736588807,73.5787675147081,1026.));
#19934=CARTESIAN_POINT('',(302.544022303093,31.8687675147081,1002.));
#19935=CARTESIAN_POINT('',(304.544022303093,31.8687675147081,1005.));
#19936=CARTESIAN_POINT('',(302.544022303093,31.8687675147081,1005.));
#19937=CARTESIAN_POINT('',(0.,73.5787675147081,0.));
#19938=CARTESIAN_POINT('',(304.544022303093,31.8687675147081,1008.));
#19939=CARTESIAN_POINT('',(302.544022303093,31.8687675147081,1008.));
#19940=CARTESIAN_POINT('',(302.544022303093,31.8687675147081,1011.));
#19941=CARTESIAN_POINT('',(0.,73.5787675147081,-0.));
#19942=CARTESIAN_POINT('',(311.329736588807,31.8687675147081,1065.));
#19943=CARTESIAN_POINT('',(311.329736588807,31.8687675147081,1065.));
#19944=CARTESIAN_POINT('',(311.329736588807,73.5787675147081,1065.));
#19945=CARTESIAN_POINT('',(302.544022303093,31.8687675147081,1041.));
#19946=CARTESIAN_POINT('',(304.544022303093,31.8687675147081,1044.));
#19947=CARTESIAN_POINT('',(302.544022303093,31.8687675147081,1044.));
#19948=CARTESIAN_POINT('',(0.,73.5787675147081,0.));
#19949=CARTESIAN_POINT('',(304.544022303093,31.8687675147081,1047.));
#19950=CARTESIAN_POINT('',(302.544022303093,31.8687675147081,1047.));
#19951=CARTESIAN_POINT('',(302.544022303093,31.8687675147081,1050.));
#19952=CARTESIAN_POINT('',(0.,73.5787675147081,-0.));
#19953=CARTESIAN_POINT('',(311.329736588807,31.8687675147081,1104.));
#19954=CARTESIAN_POINT('',(311.329736588807,31.8687675147081,1104.));
#19955=CARTESIAN_POINT('',(311.329736588807,73.5787675147081,1104.));
#19956=CARTESIAN_POINT('',(302.544022303093,31.8687675147081,1080.));
#19957=CARTESIAN_POINT('',(304.544022303093,31.8687675147081,1083.));
#19958=CARTESIAN_POINT('',(302.544022303093,31.8687675147081,1083.));
#19959=CARTESIAN_POINT('',(0.,73.5787675147081,0.));
#19960=CARTESIAN_POINT('',(304.544022303093,31.8687675147081,1086.));
#19961=CARTESIAN_POINT('',(302.544022303093,31.8687675147081,1086.));
#19962=CARTESIAN_POINT('',(302.544022303093,31.8687675147081,1089.));
#19963=CARTESIAN_POINT('',(0.,73.5787675147081,-0.));
#19964=CARTESIAN_POINT('',(311.329736588807,31.8687675147081,1143.));
#19965=CARTESIAN_POINT('',(311.329736588807,31.8687675147081,1143.));
#19966=CARTESIAN_POINT('',(311.329736588807,73.5787675147081,1143.));
#19967=CARTESIAN_POINT('',(302.544022303093,31.8687675147081,1119.));
#19968=CARTESIAN_POINT('',(304.544022303093,31.8687675147081,1122.));
#19969=CARTESIAN_POINT('',(302.544022303093,31.8687675147081,1122.));
#19970=CARTESIAN_POINT('',(0.,73.5787675147081,0.));
#19971=CARTESIAN_POINT('',(304.544022303093,31.8687675147081,1125.));
#19972=CARTESIAN_POINT('',(302.544022303093,31.8687675147081,1125.));
#19973=CARTESIAN_POINT('',(302.544022303093,31.8687675147081,1128.));
#19974=CARTESIAN_POINT('',(0.,73.5787675147081,-0.));
#19975=CARTESIAN_POINT('',(311.329736588807,31.8687675147081,1182.));
#19976=CARTESIAN_POINT('',(311.329736588807,31.8687675147081,1182.));
#19977=CARTESIAN_POINT('',(311.329736588807,73.5787675147081,1182.));
#19978=CARTESIAN_POINT('',(302.544022303093,31.8687675147081,1158.));
#19979=CARTESIAN_POINT('',(304.544022303093,31.8687675147081,1161.));
#19980=CARTESIAN_POINT('',(302.544022303093,31.8687675147081,1161.));
#19981=CARTESIAN_POINT('',(0.,73.5787675147081,0.));
#19982=CARTESIAN_POINT('',(304.544022303093,31.8687675147081,1164.));
#19983=CARTESIAN_POINT('',(302.544022303093,31.8687675147081,1164.));
#19984=CARTESIAN_POINT('',(302.544022303093,31.8687675147081,1167.));
#19985=CARTESIAN_POINT('',(0.,73.5787675147081,-0.));
#19986=CARTESIAN_POINT('',(311.329736588807,31.8687675147081,1221.));
#19987=CARTESIAN_POINT('',(311.329736588807,31.8687675147081,1221.));
#19988=CARTESIAN_POINT('',(311.329736588807,73.5787675147081,1221.));
#19989=CARTESIAN_POINT('',(302.544022303093,31.8687675147081,1197.));
#19990=CARTESIAN_POINT('',(304.544022303093,31.8687675147081,1200.));
#19991=CARTESIAN_POINT('',(302.544022303093,31.8687675147081,1200.));
#19992=CARTESIAN_POINT('',(0.,73.5787675147081,0.));
#19993=CARTESIAN_POINT('',(304.544022303093,31.8687675147081,1203.));
#19994=CARTESIAN_POINT('',(302.544022303093,31.8687675147081,1203.));
#19995=CARTESIAN_POINT('',(302.544022303093,31.8687675147081,1206.));
#19996=CARTESIAN_POINT('',(0.,73.5787675147081,-0.));
#19997=CARTESIAN_POINT('',(311.329736588807,31.8687675147081,1260.));
#19998=CARTESIAN_POINT('',(311.329736588807,31.8687675147081,1260.));
#19999=CARTESIAN_POINT('',(311.329736588807,73.5787675147081,1260.));
#20000=CARTESIAN_POINT('',(302.544022303093,31.8687675147081,1236.));
#20001=CARTESIAN_POINT('',(304.544022303093,31.8687675147081,1239.));
#20002=CARTESIAN_POINT('',(302.544022303093,31.8687675147081,1239.));
#20003=CARTESIAN_POINT('',(0.,73.5787675147081,0.));
#20004=CARTESIAN_POINT('',(304.544022303093,31.8687675147081,1242.));
#20005=CARTESIAN_POINT('',(302.544022303093,31.8687675147081,1242.));
#20006=CARTESIAN_POINT('',(302.544022303093,31.8687675147081,1245.));
#20007=CARTESIAN_POINT('',(0.,73.5787675147081,-0.));
#20008=CARTESIAN_POINT('',(311.329736588807,31.8687675147081,1299.));
#20009=CARTESIAN_POINT('',(311.329736588807,31.8687675147081,1299.));
#20010=CARTESIAN_POINT('',(311.329736588807,73.5787675147081,1299.));
#20011=CARTESIAN_POINT('',(302.544022303093,31.8687675147081,1275.));
#20012=CARTESIAN_POINT('',(304.544022303093,31.8687675147081,1278.));
#20013=CARTESIAN_POINT('',(302.544022303093,31.8687675147081,1278.));
#20014=CARTESIAN_POINT('',(0.,73.5787675147081,0.));
#20015=CARTESIAN_POINT('',(304.544022303093,31.8687675147081,1281.));
#20016=CARTESIAN_POINT('',(302.544022303093,31.8687675147081,1281.));
#20017=CARTESIAN_POINT('',(302.544022303093,31.8687675147081,1284.));
#20018=CARTESIAN_POINT('',(0.,73.5787675147081,-0.));
#20019=CARTESIAN_POINT('',(311.329736588807,31.8687675147081,1338.));
#20020=CARTESIAN_POINT('',(311.329736588807,31.8687675147081,1338.));
#20021=CARTESIAN_POINT('',(311.329736588807,73.5787675147081,1338.));
#20022=CARTESIAN_POINT('',(302.544022303093,31.8687675147081,1314.));
#20023=CARTESIAN_POINT('',(304.544022303093,31.8687675147081,1317.));
#20024=CARTESIAN_POINT('',(302.544022303093,31.8687675147081,1317.));
#20025=CARTESIAN_POINT('',(0.,73.5787675147081,0.));
#20026=CARTESIAN_POINT('',(304.544022303093,31.8687675147081,1320.));
#20027=CARTESIAN_POINT('',(302.544022303093,31.8687675147081,1320.));
#20028=CARTESIAN_POINT('',(302.544022303093,31.8687675147081,1323.));
#20029=CARTESIAN_POINT('',(0.,73.5787675147081,-0.));
#20030=CARTESIAN_POINT('',(311.329736588807,31.8687675147081,1377.));
#20031=CARTESIAN_POINT('',(311.329736588807,31.8687675147081,1377.));
#20032=CARTESIAN_POINT('',(311.329736588807,73.5787675147081,1377.));
#20033=CARTESIAN_POINT('',(302.544022303093,31.8687675147081,1353.));
#20034=CARTESIAN_POINT('',(304.544022303093,31.8687675147081,1356.));
#20035=CARTESIAN_POINT('',(302.544022303093,31.8687675147081,1356.));
#20036=CARTESIAN_POINT('',(0.,73.5787675147081,0.));
#20037=CARTESIAN_POINT('',(304.544022303093,31.8687675147081,1359.));
#20038=CARTESIAN_POINT('',(302.544022303093,31.8687675147081,1359.));
#20039=CARTESIAN_POINT('',(302.544022303093,31.8687675147081,1362.));
#20040=CARTESIAN_POINT('',(0.,73.5787675147081,-0.));
#20041=CARTESIAN_POINT('',(311.329736588807,31.8687675147081,1416.));
#20042=CARTESIAN_POINT('',(311.329736588807,31.8687675147081,1416.));
#20043=CARTESIAN_POINT('',(311.329736588807,73.5787675147081,1416.));
#20044=CARTESIAN_POINT('',(302.544022303093,31.8687675147081,1392.));
#20045=CARTESIAN_POINT('',(304.544022303093,31.8687675147081,1395.));
#20046=CARTESIAN_POINT('',(302.544022303093,31.8687675147081,1395.));
#20047=CARTESIAN_POINT('',(0.,73.5787675147081,0.));
#20048=CARTESIAN_POINT('',(304.544022303093,31.8687675147081,1398.));
#20049=CARTESIAN_POINT('',(302.544022303093,31.8687675147081,1398.));
#20050=CARTESIAN_POINT('',(302.544022303093,31.8687675147081,1401.));
#20051=CARTESIAN_POINT('',(0.,73.5787675147081,-0.));
#20052=CARTESIAN_POINT('',(311.329736588807,31.8687675147081,1455.));
#20053=CARTESIAN_POINT('',(311.329736588807,31.8687675147081,1455.));
#20054=CARTESIAN_POINT('',(311.329736588807,73.5787675147081,1455.));
#20055=CARTESIAN_POINT('',(302.544022303093,31.8687675147081,1431.));
#20056=CARTESIAN_POINT('',(304.544022303093,31.8687675147081,1434.));
#20057=CARTESIAN_POINT('',(302.544022303093,31.8687675147081,1434.));
#20058=CARTESIAN_POINT('',(0.,73.5787675147081,0.));
#20059=CARTESIAN_POINT('',(304.544022303093,31.8687675147081,1437.));
#20060=CARTESIAN_POINT('',(302.544022303093,31.8687675147081,1437.));
#20061=CARTESIAN_POINT('',(302.544022303093,31.8687675147081,1440.));
#20062=CARTESIAN_POINT('',(0.,73.5787675147081,-0.));
#20063=CARTESIAN_POINT('',(311.329736588807,31.8687675147081,1494.));
#20064=CARTESIAN_POINT('',(311.329736588807,31.8687675147081,1494.));
#20065=CARTESIAN_POINT('',(311.329736588807,73.5787675147081,1494.));
#20066=CARTESIAN_POINT('',(302.544022303093,31.8687675147081,1470.));
#20067=CARTESIAN_POINT('',(304.544022303093,31.8687675147081,1473.));
#20068=CARTESIAN_POINT('',(302.544022303093,31.8687675147081,1473.));
#20069=CARTESIAN_POINT('',(0.,73.5787675147081,0.));
#20070=CARTESIAN_POINT('',(304.544022303093,31.8687675147081,1476.));
#20071=CARTESIAN_POINT('',(302.544022303093,31.8687675147081,1476.));
#20072=CARTESIAN_POINT('',(302.544022303093,31.8687675147081,1479.));
#20073=CARTESIAN_POINT('',(0.,73.5787675147081,-0.));
#20074=CARTESIAN_POINT('',(311.329736588807,31.8687675147081,1533.));
#20075=CARTESIAN_POINT('',(311.329736588807,31.8687675147081,1533.));
#20076=CARTESIAN_POINT('',(311.329736588807,73.5787675147081,1533.));
#20077=CARTESIAN_POINT('',(302.544022303093,31.8687675147081,1509.));
#20078=CARTESIAN_POINT('',(304.544022303093,31.8687675147081,1512.));
#20079=CARTESIAN_POINT('',(302.544022303093,31.8687675147081,1512.));
#20080=CARTESIAN_POINT('',(0.,73.5787675147081,0.));
#20081=CARTESIAN_POINT('',(304.544022303093,31.8687675147081,1515.));
#20082=CARTESIAN_POINT('',(302.544022303093,31.8687675147081,1515.));
#20083=CARTESIAN_POINT('',(302.544022303093,31.8687675147081,1518.));
#20084=CARTESIAN_POINT('',(0.,73.5787675147081,-0.));
#20085=CARTESIAN_POINT('',(311.329736588807,31.8687675147081,1572.));
#20086=CARTESIAN_POINT('',(311.329736588807,31.8687675147081,1572.));
#20087=CARTESIAN_POINT('',(311.329736588807,73.5787675147081,1572.));
#20088=CARTESIAN_POINT('',(302.544022303093,31.8687675147081,1548.));
#20089=CARTESIAN_POINT('',(304.544022303093,31.8687675147081,1551.));
#20090=CARTESIAN_POINT('',(302.544022303093,31.8687675147081,1551.));
#20091=CARTESIAN_POINT('',(0.,73.5787675147081,0.));
#20092=CARTESIAN_POINT('',(304.544022303093,31.8687675147081,1554.));
#20093=CARTESIAN_POINT('',(302.544022303093,31.8687675147081,1554.));
#20094=CARTESIAN_POINT('',(302.544022303093,31.8687675147081,1557.));
#20095=CARTESIAN_POINT('',(0.,73.5787675147081,-0.));
#20096=CARTESIAN_POINT('',(311.329736588807,31.8687675147081,1611.));
#20097=CARTESIAN_POINT('',(311.329736588807,31.8687675147081,1611.));
#20098=CARTESIAN_POINT('',(311.329736588807,73.5787675147081,1611.));
#20099=CARTESIAN_POINT('',(302.544022303093,31.8687675147081,1587.));
#20100=CARTESIAN_POINT('',(304.544022303093,31.8687675147081,1590.));
#20101=CARTESIAN_POINT('',(302.544022303093,31.8687675147081,1590.));
#20102=CARTESIAN_POINT('',(0.,73.5787675147081,0.));
#20103=CARTESIAN_POINT('',(304.544022303093,31.8687675147081,1593.));
#20104=CARTESIAN_POINT('',(302.544022303093,31.8687675147081,1593.));
#20105=CARTESIAN_POINT('',(302.544022303093,31.8687675147081,1596.));
#20106=CARTESIAN_POINT('',(0.,73.5787675147081,-0.));
#20107=CARTESIAN_POINT('',(311.329736588807,31.8687675147081,1650.));
#20108=CARTESIAN_POINT('',(311.329736588807,31.8687675147081,1650.));
#20109=CARTESIAN_POINT('',(311.329736588807,73.5787675147081,1650.));
#20110=CARTESIAN_POINT('',(302.544022303093,31.8687675147081,1626.));
#20111=CARTESIAN_POINT('',(304.544022303093,31.8687675147081,1629.));
#20112=CARTESIAN_POINT('',(302.544022303093,31.8687675147081,1629.));
#20113=CARTESIAN_POINT('',(0.,73.5787675147081,0.));
#20114=CARTESIAN_POINT('',(304.544022303093,31.8687675147081,1632.));
#20115=CARTESIAN_POINT('',(302.544022303093,31.8687675147081,1632.));
#20116=CARTESIAN_POINT('',(302.544022303093,31.8687675147081,1635.));
#20117=CARTESIAN_POINT('',(0.,73.5787675147081,-0.));
#20118=CARTESIAN_POINT('',(311.329736588807,31.8687675147081,1689.));
#20119=CARTESIAN_POINT('',(311.329736588807,31.8687675147081,1689.));
#20120=CARTESIAN_POINT('',(311.329736588807,73.5787675147081,1689.));
#20121=CARTESIAN_POINT('',(302.544022303093,31.8687675147081,1665.));
#20122=CARTESIAN_POINT('',(304.544022303093,31.8687675147081,1668.));
#20123=CARTESIAN_POINT('',(302.544022303093,31.8687675147081,1668.));
#20124=CARTESIAN_POINT('',(0.,73.5787675147081,0.));
#20125=CARTESIAN_POINT('',(304.544022303093,31.8687675147081,1671.));
#20126=CARTESIAN_POINT('',(302.544022303093,31.8687675147081,1671.));
#20127=CARTESIAN_POINT('',(302.544022303093,31.8687675147081,1674.));
#20128=CARTESIAN_POINT('',(0.,73.5787675147081,-0.));
#20129=CARTESIAN_POINT('',(311.329736588807,31.8687675147081,1728.));
#20130=CARTESIAN_POINT('',(311.329736588807,31.8687675147081,1728.));
#20131=CARTESIAN_POINT('',(311.329736588807,73.5787675147081,1728.));
#20132=CARTESIAN_POINT('',(302.544022303093,31.8687675147081,1704.));
#20133=CARTESIAN_POINT('',(304.544022303093,31.8687675147081,1707.));
#20134=CARTESIAN_POINT('',(302.544022303093,31.8687675147081,1707.));
#20135=CARTESIAN_POINT('',(0.,73.5787675147081,0.));
#20136=CARTESIAN_POINT('',(304.544022303093,31.8687675147081,1710.));
#20137=CARTESIAN_POINT('',(302.544022303093,31.8687675147081,1710.));
#20138=CARTESIAN_POINT('',(302.544022303093,31.8687675147081,1713.));
#20139=CARTESIAN_POINT('',(0.,73.5787675147081,-0.));
#20140=CARTESIAN_POINT('',(311.329736588807,31.8687675147081,1767.));
#20141=CARTESIAN_POINT('',(311.329736588807,31.8687675147081,1767.));
#20142=CARTESIAN_POINT('',(311.329736588807,73.5787675147081,1767.));
#20143=CARTESIAN_POINT('',(302.544022303093,31.8687675147081,1743.));
#20144=CARTESIAN_POINT('',(304.544022303093,31.8687675147081,1746.));
#20145=CARTESIAN_POINT('',(302.544022303093,31.8687675147081,1746.));
#20146=CARTESIAN_POINT('',(0.,73.5787675147081,0.));
#20147=CARTESIAN_POINT('',(304.544022303093,31.8687675147081,1749.));
#20148=CARTESIAN_POINT('',(302.544022303093,31.8687675147081,1749.));
#20149=CARTESIAN_POINT('',(302.544022303093,31.8687675147081,1752.));
#20150=CARTESIAN_POINT('',(0.,73.5787675147081,-0.));
#20151=CARTESIAN_POINT('',(311.329736588807,31.8687675147081,1806.));
#20152=CARTESIAN_POINT('',(311.329736588807,31.8687675147081,1806.));
#20153=CARTESIAN_POINT('',(311.329736588807,73.5787675147081,1806.));
#20154=CARTESIAN_POINT('',(302.544022303093,31.8687675147081,1782.));
#20155=CARTESIAN_POINT('',(304.544022303093,31.8687675147081,1785.));
#20156=CARTESIAN_POINT('',(302.544022303093,31.8687675147081,1785.));
#20157=CARTESIAN_POINT('',(0.,73.5787675147081,0.));
#20158=CARTESIAN_POINT('',(304.544022303093,31.8687675147081,1788.));
#20159=CARTESIAN_POINT('',(302.544022303093,31.8687675147081,1788.));
#20160=CARTESIAN_POINT('',(302.544022303093,31.8687675147081,1791.));
#20161=CARTESIAN_POINT('',(0.,73.5787675147081,-0.));
#20162=CARTESIAN_POINT('',(302.544022303093,31.8687675147081,1821.));
#20163=CARTESIAN_POINT('',(304.544022303093,31.8687675147081,1824.));
#20164=CARTESIAN_POINT('',(302.544022303093,31.8687675147081,1824.));
#20165=CARTESIAN_POINT('',(0.,73.5787675147081,0.));
#20166=CARTESIAN_POINT('',(304.544022303093,31.8687675147081,1827.));
#20167=CARTESIAN_POINT('',(302.544022303093,31.8687675147081,1827.));
#20168=CARTESIAN_POINT('',(302.544022303093,31.8687675147081,1830.));
#20169=CARTESIAN_POINT('',(0.,73.5787675147081,-0.));
#20170=PRODUCT_DEFINITION_SHAPE('','',#20171);
#20171=PRODUCT_DEFINITION('','',#20183,#20188);
#20172=(
GEOMETRIC_REPRESENTATION_CONTEXT(3)
GLOBAL_UNCERTAINTY_ASSIGNED_CONTEXT((#20173))
GLOBAL_UNIT_ASSIGNED_CONTEXT((#20175,#20174,#20178))
REPRESENTATION_CONTEXT('','')
);
#20173=UNCERTAINTY_MEASURE_WITH_UNIT(LENGTH_MEASURE(0.001),#20175,'',
'tolerance');
#20174=(
CONVERSION_BASED_UNIT('',#20176)
NAMED_UNIT(#20182)
PLANE_ANGLE_UNIT()
);
#20175=(
CONVERSION_BASED_UNIT('',#20177)
LENGTH_UNIT()
NAMED_UNIT(#20181)
);
#20176=PLANE_ANGLE_MEASURE_WITH_UNIT(PLANE_ANGLE_MEASURE(0.0174532925199433),
#20179);
#20177=LENGTH_MEASURE_WITH_UNIT(LENGTH_MEASURE(1.),#20180);
#20178=(
NAMED_UNIT(*)
SI_UNIT($,.STERADIAN.)
SOLID_ANGLE_UNIT()
);
#20179=(
NAMED_UNIT(*)
PLANE_ANGLE_UNIT()
SI_UNIT($,.RADIAN.)
);
#20180=(
LENGTH_UNIT()
NAMED_UNIT(*)
SI_UNIT(.MILLI.,.METRE.)
);
#20181=DIMENSIONAL_EXPONENTS(1.,0.,0.,0.,0.,0.,0.);
#20182=DIMENSIONAL_EXPONENTS(0.,0.,0.,0.,0.,0.,0.);
#20183=PRODUCT_DEFINITION_FORMATION_WITH_SPECIFIED_SOURCE('','',#20186,
.NOT_KNOWN.);
#20184=PRODUCT_CATEGORY_RELATIONSHIP('','',#20189,#20185);
#20185=PRODUCT_RELATED_PRODUCT_CATEGORY('assembly','',(#20186));
#20186=PRODUCT('','master','',(#20187));
#20187=PRODUCT_CONTEXT('',#20191,'');
#20188=PRODUCT_DEFINITION_CONTEXT('',#20191,'part_definition');
#20189=PRODUCT_CATEGORY('part','');
#20190=APPLICATION_PROTOCOL_DEFINITION('international standard',
'automotive_design_cc2',1994,#20191);
#20191=APPLICATION_CONTEXT(
'configuration controlled 3D designs of mechanical parts and assemblies');
ENDSEC;
END-ISO-10303-21;
959102