ISO-10303-21;
HEADER;
/* Generated by software using Delcam plc STEP library */

FILE_DESCRIPTION(
/* description */ ('AP-214 File'),
/* implementation_level */ '2;1');

FILE_NAME(
/* name */ 'D653',
/* time_stamp */ 'Wed Oct 04 08:41:21 2017',
/* author */ (''),
/* organization */ (''),
/* preprocessor_version */ 'DELCAM STEP V1',
/* originating_system */ 'Exchange7.1.0006',
/* authorisation */ '');

FILE_SCHEMA (('AUTOMOTIVE_DESIGN'));
ENDSEC;
DATA;
#10=PRESENTATION_STYLE_ASSIGNMENT((#20));
#11=PRESENTATION_STYLE_ASSIGNMENT((#21));
#12=SURFACE_SIDE_STYLE('',(#14));
#13=SURFACE_SIDE_STYLE('',(#15));
#14=SURFACE_STYLE_FILL_AREA(#16);
#15=SURFACE_STYLE_FILL_AREA(#17);
#16=FILL_AREA_STYLE('',(#18));
#17=FILL_AREA_STYLE('',(#19));
#18=FILL_AREA_STYLE_COLOUR('',#141);
#19=FILL_AREA_STYLE_COLOUR('',#142);
#20=SURFACE_STYLE_USAGE(.BOTH.,#12);
#21=SURFACE_STYLE_USAGE(.BOTH.,#13);
#22=STYLED_ITEM('',(#10),#150);
#23=STYLED_ITEM('',(#10),#151);
#24=STYLED_ITEM('',(#10),#152);
#25=STYLED_ITEM('',(#10),#153);
#26=STYLED_ITEM('',(#10),#154);
#27=STYLED_ITEM('',(#10),#155);
#28=STYLED_ITEM('',(#10),#156);
#29=STYLED_ITEM('',(#10),#157);
#30=STYLED_ITEM('',(#10),#158);
#31=STYLED_ITEM('',(#10),#159);
#32=STYLED_ITEM('',(#10),#160);
#33=STYLED_ITEM('',(#10),#161);
#34=STYLED_ITEM('',(#10),#162);
#35=STYLED_ITEM('',(#10),#163);
#36=STYLED_ITEM('',(#10),#164);
#37=STYLED_ITEM('',(#10),#165);
#38=STYLED_ITEM('',(#10),#166);
#39=STYLED_ITEM('',(#10),#167);
#40=STYLED_ITEM('',(#10),#168);
#41=STYLED_ITEM('',(#10),#169);
#42=STYLED_ITEM('',(#10),#170);
#43=STYLED_ITEM('',(#10),#171);
#44=STYLED_ITEM('',(#10),#172);
#45=STYLED_ITEM('',(#10),#173);
#46=STYLED_ITEM('',(#10),#174);
#47=STYLED_ITEM('',(#10),#175);
#48=STYLED_ITEM('',(#10),#176);
#49=STYLED_ITEM('',(#10),#177);
#50=STYLED_ITEM('',(#10),#178);
#51=STYLED_ITEM('',(#10),#179);
#52=STYLED_ITEM('',(#10),#180);
#53=STYLED_ITEM('',(#10),#181);
#54=STYLED_ITEM('',(#10),#182);
#55=STYLED_ITEM('',(#10),#183);
#56=STYLED_ITEM('',(#10),#184);
#57=STYLED_ITEM('',(#10),#185);
#58=STYLED_ITEM('',(#10),#186);
#59=STYLED_ITEM('',(#10),#187);
#60=STYLED_ITEM('',(#10),#188);
#61=STYLED_ITEM('',(#10),#189);
#62=STYLED_ITEM('',(#10),#190);
#63=STYLED_ITEM('',(#10),#191);
#64=STYLED_ITEM('',(#10),#192);
#65=STYLED_ITEM('',(#10),#193);
#66=STYLED_ITEM('',(#10),#194);
#67=STYLED_ITEM('',(#10),#195);
#68=STYLED_ITEM('',(#10),#196);
#69=STYLED_ITEM('',(#10),#197);
#70=STYLED_ITEM('',(#10),#198);
#71=STYLED_ITEM('',(#10),#199);
#72=STYLED_ITEM('',(#10),#200);
#73=STYLED_ITEM('',(#10),#201);
#74=STYLED_ITEM('',(#10),#202);
#75=STYLED_ITEM('',(#10),#203);
#76=STYLED_ITEM('',(#10),#204);
#77=STYLED_ITEM('',(#10),#205);
#78=STYLED_ITEM('',(#10),#206);
#79=STYLED_ITEM('',(#10),#207);
#80=STYLED_ITEM('',(#10),#208);
#81=STYLED_ITEM('',(#10),#209);
#82=STYLED_ITEM('',(#10),#210);
#83=STYLED_ITEM('',(#10),#211);
#84=STYLED_ITEM('',(#10),#212);
#85=STYLED_ITEM('',(#10),#213);
#86=STYLED_ITEM('',(#10),#214);
#87=STYLED_ITEM('',(#10),#215);
#88=STYLED_ITEM('',(#10),#216);
#89=STYLED_ITEM('',(#10),#217);
#90=STYLED_ITEM('',(#10),#218);
#91=STYLED_ITEM('',(#10),#219);
#92=STYLED_ITEM('',(#10),#220);
#93=STYLED_ITEM('',(#10),#221);
#94=STYLED_ITEM('',(#10),#222);
#95=STYLED_ITEM('',(#10),#223);
#96=STYLED_ITEM('',(#10),#224);
#97=STYLED_ITEM('',(#10),#225);
#98=STYLED_ITEM('',(#10),#226);
#99=STYLED_ITEM('',(#10),#227);
#100=STYLED_ITEM('',(#10),#228);
#101=STYLED_ITEM('',(#10),#229);
#102=STYLED_ITEM('',(#10),#230);
#103=STYLED_ITEM('',(#10),#231);
#104=STYLED_ITEM('',(#10),#232);
#105=STYLED_ITEM('',(#10),#233);
#106=STYLED_ITEM('',(#10),#234);
#107=STYLED_ITEM('',(#10),#235);
#108=STYLED_ITEM('',(#10),#236);
#109=STYLED_ITEM('',(#10),#237);
#110=STYLED_ITEM('',(#10),#238);
#111=STYLED_ITEM('',(#10),#239);
#112=STYLED_ITEM('',(#10),#240);
#113=STYLED_ITEM('',(#10),#241);
#114=STYLED_ITEM('',(#10),#242);
#115=STYLED_ITEM('',(#10),#243);
#116=STYLED_ITEM('',(#10),#244);
#117=STYLED_ITEM('',(#10),#245);
#118=STYLED_ITEM('',(#10),#246);
#119=STYLED_ITEM('',(#10),#247);
#120=STYLED_ITEM('',(#10),#248);
#121=STYLED_ITEM('',(#10),#249);
#122=STYLED_ITEM('',(#10),#250);
#123=STYLED_ITEM('',(#10),#251);
#124=STYLED_ITEM('',(#10),#252);
#125=STYLED_ITEM('',(#10),#253);
#126=STYLED_ITEM('',(#10),#254);
#127=STYLED_ITEM('',(#10),#255);
#128=STYLED_ITEM('',(#10),#256);
#129=STYLED_ITEM('',(#10),#257);
#130=STYLED_ITEM('',(#10),#258);
#131=STYLED_ITEM('',(#10),#259);
#132=STYLED_ITEM('',(#10),#260);
#133=STYLED_ITEM('',(#10),#261);
#134=STYLED_ITEM('',(#10),#262);
#135=STYLED_ITEM('',(#10),#263);
#136=STYLED_ITEM('',(#10),#264);
#137=STYLED_ITEM('',(#10),#265);
#138=STYLED_ITEM('',(#10),#266);
#139=STYLED_ITEM('',(#10),#267);
#140=STYLED_ITEM('',(#11),#148);
#141=COLOUR_RGB('',0.,0.,0.);
#142=COLOUR_RGB('rgb_colour_1',0.4,0.4,0.4);
#143=MECHANICAL_DESIGN_GEOMETRIC_PRESENTATION_REPRESENTATION('',(#22,#23,#24,
#25,#26,#27,#28,#29,#30,#31,#32,#33,#34,#35,#36,#37,#38,#39,#40,#41,#42,#43,
#44,#45,#46,#47,#48,#49,#50,#51,#52,#53,#54,#55,#56,#57,#58,#59,#60,#61,#62,
#63,#64,#65,#66,#67,#68,#69,#70,#71,#72,#73,#74,#75,#76,#77,#78,#79,#80,#81,
#82,#83,#84,#85,#86,#87,#88,#89,#90,#91,#92,#93,#94,#95,#96,#97,#98,#99,#100,
#101,#102,#103,#104,#105,#106,#107,#108,#109,#110,#111,#112,#113,#114,#115,
#116,#117,#118,#119,#120,#121,#122,#123,#124,#125,#126,#127,#128,#129,#130,
#131,#132,#133,#134,#135,#136,#137,#138,#139,#140),#4245);
#144=PRESENTATION_LAYER_ASSIGNMENT('139','D653',(#150,#151,#152,#153,#154,#155
,#156,#157,#158,#159,#160,#161,#162,#163,#164,#165,#166,#167,#168,#169,#170,
#171,#172,#173,#174,#175,#176,#177,#178,#179,#180,#181,#182,#183,#184,#185,
#186,#187,#188,#189,#190,#191,#192,#193,#194,#195,#196,#197,#198,#199,#200,
#201,#202,#203,#204,#205,#206,#207,#208,#209,#210,#211,#212,#213,#214,#215,
#216,#217,#218,#219,#220,#221,#222,#223,#224,#225,#226,#227,#228,#229,#230,
#231,#232,#233,#234,#235,#236,#237,#238,#239,#240,#241,#242,#243,#244,#245,
#246,#247,#248,#249,#250,#251,#252,#253,#254,#255,#256,#257,#258,#259,#260,
#261,#262,#263,#264,#265,#266,#267,#148));
#145=SHAPE_REPRESENTATION_RELATIONSHIP('','',#2364,#146);
#146=ADVANCED_BREP_SHAPE_REPRESENTATION('',(#147),#4245);
#147=MANIFOLD_SOLID_BREP('8108',#148);
#148=CLOSED_SHELL('',(#150,#151,#152,#153,#154,#155,#156,#157,#158,#159,#160,
#161,#162,#163,#164,#165,#166,#167,#168,#169,#170,#171,#172,#173,#174,#175,
#176,#177,#178,#179,#180,#181,#182,#183,#184,#185,#186,#187,#188,#189,#190,
#191,#192,#193,#194,#195,#196,#197,#198,#199,#200,#201,#202,#203,#204,#205,
#206,#207,#208,#209,#210,#211,#212,#213,#214,#215,#216,#217,#218,#219,#220,
#221,#222,#223,#224,#225,#226,#227,#228,#229,#230,#231,#232,#233,#234,#235,
#236,#237,#238,#239,#240,#241,#242,#243,#244,#245,#246,#247,#248,#249,#250,
#251,#252,#253,#254,#255,#256,#257,#258,#259,#260,#261,#262,#263,#264,#265,
#266,#267));
#149=SURFACE_OF_LINEAR_EXTRUSION('',#1549,#2130);
#150=ADVANCED_FACE('',(#268),#1200,.T.);
#151=ADVANCED_FACE('',(#269),#1201,.T.);
#152=ADVANCED_FACE('',(#270),#1202,.T.);
#153=ADVANCED_FACE('',(#271),#1203,.T.);
#154=ADVANCED_FACE('',(#272),#1204,.T.);
#155=ADVANCED_FACE('',(#273),#1205,.T.);
#156=ADVANCED_FACE('',(#274),#1206,.T.);
#157=ADVANCED_FACE('',(#275),#1207,.T.);
#158=ADVANCED_FACE('',(#276),#1208,.T.);
#159=ADVANCED_FACE('',(#277),#1209,.T.);
#160=ADVANCED_FACE('',(#278),#1210,.T.);
#161=ADVANCED_FACE('',(#279),#1211,.T.);
#162=ADVANCED_FACE('',(#280),#1212,.T.);
#163=ADVANCED_FACE('',(#281),#1213,.T.);
#164=ADVANCED_FACE('',(#282),#1214,.T.);
#165=ADVANCED_FACE('',(#283),#1215,.T.);
#166=ADVANCED_FACE('',(#284),#1216,.T.);
#167=ADVANCED_FACE('',(#285),#1217,.T.);
#168=ADVANCED_FACE('',(#286),#1218,.T.);
#169=ADVANCED_FACE('',(#287),#1219,.T.);
#170=ADVANCED_FACE('',(#288),#1220,.T.);
#171=ADVANCED_FACE('',(#289),#1221,.T.);
#172=ADVANCED_FACE('',(#290),#1222,.T.);
#173=ADVANCED_FACE('',(#291),#1223,.T.);
#174=ADVANCED_FACE('',(#292),#1224,.T.);
#175=ADVANCED_FACE('',(#293),#1225,.T.);
#176=ADVANCED_FACE('',(#294),#1226,.T.);
#177=ADVANCED_FACE('',(#295),#1227,.T.);
#178=ADVANCED_FACE('',(#296),#1228,.T.);
#179=ADVANCED_FACE('',(#297),#1229,.T.);
#180=ADVANCED_FACE('',(#298),#1230,.T.);
#181=ADVANCED_FACE('',(#299),#149,.T.);
#182=ADVANCED_FACE('',(#300),#1231,.T.);
#183=ADVANCED_FACE('',(#301),#1232,.T.);
#184=ADVANCED_FACE('',(#302),#1233,.T.);
#185=ADVANCED_FACE('',(#303),#1234,.T.);
#186=ADVANCED_FACE('',(#304),#1235,.T.);
#187=ADVANCED_FACE('',(#305),#1236,.T.);
#188=ADVANCED_FACE('',(#306),#1237,.T.);
#189=ADVANCED_FACE('',(#307),#1238,.T.);
#190=ADVANCED_FACE('',(#308),#1239,.T.);
#191=ADVANCED_FACE('',(#309),#1240,.T.);
#192=ADVANCED_FACE('',(#310),#1241,.T.);
#193=ADVANCED_FACE('',(#311),#1242,.T.);
#194=ADVANCED_FACE('',(#312),#1243,.T.);
#195=ADVANCED_FACE('',(#313),#1244,.T.);
#196=ADVANCED_FACE('',(#314),#1245,.T.);
#197=ADVANCED_FACE('',(#315),#1246,.T.);
#198=ADVANCED_FACE('',(#316),#1247,.T.);
#199=ADVANCED_FACE('',(#317),#1248,.T.);
#200=ADVANCED_FACE('',(#318),#1249,.T.);
#201=ADVANCED_FACE('',(#319),#1250,.T.);
#202=ADVANCED_FACE('',(#320),#1251,.T.);
#203=ADVANCED_FACE('',(#321),#1252,.T.);
#204=ADVANCED_FACE('',(#322),#1253,.T.);
#205=ADVANCED_FACE('',(#323),#1254,.T.);
#206=ADVANCED_FACE('',(#324),#1255,.T.);
#207=ADVANCED_FACE('',(#325),#1256,.T.);
#208=ADVANCED_FACE('',(#326),#1257,.T.);
#209=ADVANCED_FACE('',(#327),#1258,.T.);
#210=ADVANCED_FACE('',(#328),#1259,.T.);
#211=ADVANCED_FACE('',(#329),#1260,.T.);
#212=ADVANCED_FACE('',(#330),#1261,.T.);
#213=ADVANCED_FACE('',(#331),#1262,.T.);
#214=ADVANCED_FACE('',(#332),#1263,.T.);
#215=ADVANCED_FACE('',(#333),#1264,.T.);
#216=ADVANCED_FACE('',(#334),#1265,.T.);
#217=ADVANCED_FACE('',(#335),#1266,.T.);
#218=ADVANCED_FACE('',(#336),#1267,.T.);
#219=ADVANCED_FACE('',(#337),#1268,.T.);
#220=ADVANCED_FACE('',(#338),#1269,.T.);
#221=ADVANCED_FACE('',(#339),#1270,.T.);
#222=ADVANCED_FACE('',(#340),#1271,.T.);
#223=ADVANCED_FACE('',(#341),#1272,.T.);
#224=ADVANCED_FACE('',(#342),#1273,.T.);
#225=ADVANCED_FACE('',(#343),#1274,.T.);
#226=ADVANCED_FACE('',(#344),#1275,.T.);
#227=ADVANCED_FACE('',(#345),#1276,.T.);
#228=ADVANCED_FACE('',(#346),#1277,.T.);
#229=ADVANCED_FACE('',(#347),#1278,.T.);
#230=ADVANCED_FACE('',(#348),#1279,.T.);
#231=ADVANCED_FACE('',(#349),#1280,.T.);
#232=ADVANCED_FACE('',(#350),#1281,.T.);
#233=ADVANCED_FACE('',(#351),#1282,.T.);
#234=ADVANCED_FACE('',(#352),#1283,.T.);
#235=ADVANCED_FACE('',(#353),#1284,.T.);
#236=ADVANCED_FACE('',(#354),#1285,.T.);
#237=ADVANCED_FACE('',(#355),#1286,.T.);
#238=ADVANCED_FACE('',(#356),#1287,.T.);
#239=ADVANCED_FACE('',(#357),#1288,.T.);
#240=ADVANCED_FACE('',(#358),#1289,.T.);
#241=ADVANCED_FACE('',(#359),#1290,.T.);
#242=ADVANCED_FACE('',(#360),#1291,.T.);
#243=ADVANCED_FACE('',(#361),#1292,.T.);
#244=ADVANCED_FACE('',(#362),#1293,.T.);
#245=ADVANCED_FACE('',(#363),#1294,.T.);
#246=ADVANCED_FACE('',(#364),#1295,.T.);
#247=ADVANCED_FACE('',(#365),#1296,.T.);
#248=ADVANCED_FACE('',(#366),#1297,.T.);
#249=ADVANCED_FACE('',(#367),#1298,.T.);
#250=ADVANCED_FACE('',(#368),#1299,.T.);
#251=ADVANCED_FACE('',(#369),#1300,.T.);
#252=ADVANCED_FACE('',(#370),#1301,.T.);
#253=ADVANCED_FACE('',(#371),#1302,.T.);
#254=ADVANCED_FACE('',(#372),#1303,.T.);
#255=ADVANCED_FACE('',(#373),#1304,.T.);
#256=ADVANCED_FACE('',(#374),#1305,.T.);
#257=ADVANCED_FACE('',(#375),#1306,.T.);
#258=ADVANCED_FACE('',(#376),#1307,.T.);
#259=ADVANCED_FACE('',(#377),#1308,.T.);
#260=ADVANCED_FACE('',(#378),#1309,.T.);
#261=ADVANCED_FACE('',(#379),#1310,.T.);
#262=ADVANCED_FACE('',(#380),#1311,.T.);
#263=ADVANCED_FACE('',(#381),#1312,.T.);
#264=ADVANCED_FACE('',(#382),#1313,.T.);
#265=ADVANCED_FACE('',(#383),#1314,.T.);
#266=ADVANCED_FACE('',(#384),#1315,.F.);
#267=ADVANCED_FACE('',(#385),#1316,.T.);
#268=FACE_OUTER_BOUND('',#386,.T.);
#269=FACE_OUTER_BOUND('',#387,.T.);
#270=FACE_OUTER_BOUND('',#388,.T.);
#271=FACE_OUTER_BOUND('',#389,.T.);
#272=FACE_OUTER_BOUND('',#390,.T.);
#273=FACE_OUTER_BOUND('',#391,.T.);
#274=FACE_OUTER_BOUND('',#392,.T.);
#275=FACE_OUTER_BOUND('',#393,.T.);
#276=FACE_OUTER_BOUND('',#394,.T.);
#277=FACE_OUTER_BOUND('',#395,.T.);
#278=FACE_OUTER_BOUND('',#396,.T.);
#279=FACE_OUTER_BOUND('',#397,.T.);
#280=FACE_OUTER_BOUND('',#398,.T.);
#281=FACE_OUTER_BOUND('',#399,.T.);
#282=FACE_OUTER_BOUND('',#400,.T.);
#283=FACE_OUTER_BOUND('',#401,.T.);
#284=FACE_OUTER_BOUND('',#402,.T.);
#285=FACE_OUTER_BOUND('',#403,.T.);
#286=FACE_OUTER_BOUND('',#404,.T.);
#287=FACE_OUTER_BOUND('',#405,.T.);
#288=FACE_OUTER_BOUND('',#406,.T.);
#289=FACE_OUTER_BOUND('',#407,.T.);
#290=FACE_OUTER_BOUND('',#408,.T.);
#291=FACE_OUTER_BOUND('',#409,.T.);
#292=FACE_OUTER_BOUND('',#410,.T.);
#293=FACE_OUTER_BOUND('',#411,.T.);
#294=FACE_OUTER_BOUND('',#412,.T.);
#295=FACE_OUTER_BOUND('',#413,.T.);
#296=FACE_OUTER_BOUND('',#414,.T.);
#297=FACE_OUTER_BOUND('',#415,.T.);
#298=FACE_OUTER_BOUND('',#416,.T.);
#299=FACE_OUTER_BOUND('',#417,.T.);
#300=FACE_OUTER_BOUND('',#418,.T.);
#301=FACE_OUTER_BOUND('',#419,.T.);
#302=FACE_OUTER_BOUND('',#420,.T.);
#303=FACE_OUTER_BOUND('',#421,.T.);
#304=FACE_OUTER_BOUND('',#422,.T.);
#305=FACE_OUTER_BOUND('',#423,.T.);
#306=FACE_OUTER_BOUND('',#424,.T.);
#307=FACE_OUTER_BOUND('',#425,.T.);
#308=FACE_OUTER_BOUND('',#426,.T.);
#309=FACE_OUTER_BOUND('',#427,.T.);
#310=FACE_OUTER_BOUND('',#428,.T.);
#311=FACE_OUTER_BOUND('',#429,.T.);
#312=FACE_OUTER_BOUND('',#430,.T.);
#313=FACE_OUTER_BOUND('',#431,.T.);
#314=FACE_OUTER_BOUND('',#432,.T.);
#315=FACE_OUTER_BOUND('',#433,.T.);
#316=FACE_OUTER_BOUND('',#434,.T.);
#317=FACE_OUTER_BOUND('',#435,.T.);
#318=FACE_OUTER_BOUND('',#436,.T.);
#319=FACE_OUTER_BOUND('',#437,.T.);
#320=FACE_OUTER_BOUND('',#438,.T.);
#321=FACE_OUTER_BOUND('',#439,.T.);
#322=FACE_OUTER_BOUND('',#440,.T.);
#323=FACE_OUTER_BOUND('',#441,.T.);
#324=FACE_OUTER_BOUND('',#442,.T.);
#325=FACE_OUTER_BOUND('',#443,.T.);
#326=FACE_OUTER_BOUND('',#444,.T.);
#327=FACE_OUTER_BOUND('',#445,.T.);
#328=FACE_OUTER_BOUND('',#446,.T.);
#329=FACE_OUTER_BOUND('',#447,.T.);
#330=FACE_OUTER_BOUND('',#448,.T.);
#331=FACE_OUTER_BOUND('',#449,.T.);
#332=FACE_OUTER_BOUND('',#450,.T.);
#333=FACE_OUTER_BOUND('',#451,.T.);
#334=FACE_OUTER_BOUND('',#452,.T.);
#335=FACE_OUTER_BOUND('',#453,.T.);
#336=FACE_OUTER_BOUND('',#454,.T.);
#337=FACE_OUTER_BOUND('',#455,.T.);
#338=FACE_OUTER_BOUND('',#456,.T.);
#339=FACE_OUTER_BOUND('',#457,.T.);
#340=FACE_OUTER_BOUND('',#458,.T.);
#341=FACE_OUTER_BOUND('',#459,.T.);
#342=FACE_OUTER_BOUND('',#460,.T.);
#343=FACE_OUTER_BOUND('',#461,.T.);
#344=FACE_OUTER_BOUND('',#462,.T.);
#345=FACE_OUTER_BOUND('',#463,.T.);
#346=FACE_OUTER_BOUND('',#464,.T.);
#347=FACE_OUTER_BOUND('',#465,.T.);
#348=FACE_OUTER_BOUND('',#466,.T.);
#349=FACE_OUTER_BOUND('',#467,.T.);
#350=FACE_OUTER_BOUND('',#468,.T.);
#351=FACE_OUTER_BOUND('',#469,.T.);
#352=FACE_OUTER_BOUND('',#470,.T.);
#353=FACE_OUTER_BOUND('',#471,.T.);
#354=FACE_OUTER_BOUND('',#472,.T.);
#355=FACE_OUTER_BOUND('',#473,.T.);
#356=FACE_OUTER_BOUND('',#474,.T.);
#357=FACE_OUTER_BOUND('',#475,.T.);
#358=FACE_OUTER_BOUND('',#476,.T.);
#359=FACE_OUTER_BOUND('',#477,.T.);
#360=FACE_OUTER_BOUND('',#478,.T.);
#361=FACE_OUTER_BOUND('',#479,.T.);
#362=FACE_OUTER_BOUND('',#480,.T.);
#363=FACE_OUTER_BOUND('',#481,.T.);
#364=FACE_OUTER_BOUND('',#482,.T.);
#365=FACE_OUTER_BOUND('',#483,.T.);
#366=FACE_OUTER_BOUND('',#484,.T.);
#367=FACE_OUTER_BOUND('',#485,.T.);
#368=FACE_OUTER_BOUND('',#486,.T.);
#369=FACE_OUTER_BOUND('',#487,.T.);
#370=FACE_OUTER_BOUND('',#488,.T.);
#371=FACE_OUTER_BOUND('',#489,.T.);
#372=FACE_OUTER_BOUND('',#490,.T.);
#373=FACE_OUTER_BOUND('',#491,.T.);
#374=FACE_OUTER_BOUND('',#492,.T.);
#375=FACE_OUTER_BOUND('',#493,.T.);
#376=FACE_OUTER_BOUND('',#494,.T.);
#377=FACE_OUTER_BOUND('',#495,.T.);
#378=FACE_OUTER_BOUND('',#496,.T.);
#379=FACE_OUTER_BOUND('',#497,.T.);
#380=FACE_OUTER_BOUND('',#498,.T.);
#381=FACE_OUTER_BOUND('',#499,.T.);
#382=FACE_OUTER_BOUND('',#500,.T.);
#383=FACE_OUTER_BOUND('',#501,.T.);
#384=FACE_OUTER_BOUND('',#502,.T.);
#385=FACE_OUTER_BOUND('',#503,.T.);
#386=EDGE_LOOP('',(#504,#505,#506,#507));
#387=EDGE_LOOP('',(#508,#509,#510,#511));
#388=EDGE_LOOP('',(#512,#513,#514,#515));
#389=EDGE_LOOP('',(#516,#517,#518,#519));
#390=EDGE_LOOP('',(#520,#521,#522,#523));
#391=EDGE_LOOP('',(#524,#525,#526,#527));
#392=EDGE_LOOP('',(#528,#529,#530,#531));
#393=EDGE_LOOP('',(#532,#533,#534,#535));
#394=EDGE_LOOP('',(#536,#537,#538,#539));
#395=EDGE_LOOP('',(#540,#541,#542,#543));
#396=EDGE_LOOP('',(#544,#545,#546,#547));
#397=EDGE_LOOP('',(#548,#549,#550,#551));
#398=EDGE_LOOP('',(#552,#553,#554,#555));
#399=EDGE_LOOP('',(#556,#557,#558,#559));
#400=EDGE_LOOP('',(#560,#561,#562,#563));
#401=EDGE_LOOP('',(#564,#565,#566,#567));
#402=EDGE_LOOP('',(#568,#569,#570,#571));
#403=EDGE_LOOP('',(#572,#573,#574,#575));
#404=EDGE_LOOP('',(#576,#577,#578,#579));
#405=EDGE_LOOP('',(#580,#581,#582,#583));
#406=EDGE_LOOP('',(#584,#585,#586,#587));
#407=EDGE_LOOP('',(#588,#589,#590,#591));
#408=EDGE_LOOP('',(#592,#593,#594,#595));
#409=EDGE_LOOP('',(#596,#597,#598,#599));
#410=EDGE_LOOP('',(#600,#601,#602,#603));
#411=EDGE_LOOP('',(#604,#605,#606,#607));
#412=EDGE_LOOP('',(#608,#609,#610,#611));
#413=EDGE_LOOP('',(#612,#613,#614,#615));
#414=EDGE_LOOP('',(#616,#617,#618,#619));
#415=EDGE_LOOP('',(#620,#621,#622,#623));
#416=EDGE_LOOP('',(#624,#625,#626,#627));
#417=EDGE_LOOP('',(#628,#629,#630,#631));
#418=EDGE_LOOP('',(#632,#633,#634,#635));
#419=EDGE_LOOP('',(#636,#637,#638,#639));
#420=EDGE_LOOP('',(#640,#641,#642,#643));
#421=EDGE_LOOP('',(#644,#645,#646,#647));
#422=EDGE_LOOP('',(#648,#649,#650,#651));
#423=EDGE_LOOP('',(#652,#653,#654,#655));
#424=EDGE_LOOP('',(#656,#657,#658,#659));
#425=EDGE_LOOP('',(#660,#661,#662,#663));
#426=EDGE_LOOP('',(#664,#665,#666,#667));
#427=EDGE_LOOP('',(#668,#669,#670,#671));
#428=EDGE_LOOP('',(#672,#673,#674,#675));
#429=EDGE_LOOP('',(#676,#677,#678,#679));
#430=EDGE_LOOP('',(#680,#681,#682,#683));
#431=EDGE_LOOP('',(#684,#685,#686,#687));
#432=EDGE_LOOP('',(#688,#689,#690,#691));
#433=EDGE_LOOP('',(#692,#693,#694,#695));
#434=EDGE_LOOP('',(#696,#697,#698,#699));
#435=EDGE_LOOP('',(#700,#701,#702,#703));
#436=EDGE_LOOP('',(#704,#705,#706,#707));
#437=EDGE_LOOP('',(#708,#709,#710,#711));
#438=EDGE_LOOP('',(#712,#713,#714,#715));
#439=EDGE_LOOP('',(#716,#717,#718,#719));
#440=EDGE_LOOP('',(#720,#721,#722,#723));
#441=EDGE_LOOP('',(#724,#725,#726,#727));
#442=EDGE_LOOP('',(#728,#729,#730,#731));
#443=EDGE_LOOP('',(#732,#733,#734,#735));
#444=EDGE_LOOP('',(#736,#737,#738,#739));
#445=EDGE_LOOP('',(#740,#741,#742,#743));
#446=EDGE_LOOP('',(#744,#745,#746,#747));
#447=EDGE_LOOP('',(#748,#749,#750,#751));
#448=EDGE_LOOP('',(#752,#753,#754,#755));
#449=EDGE_LOOP('',(#756,#757,#758,#759));
#450=EDGE_LOOP('',(#760,#761,#762,#763));
#451=EDGE_LOOP('',(#764,#765,#766,#767));
#452=EDGE_LOOP('',(#768,#769,#770,#771));
#453=EDGE_LOOP('',(#772,#773,#774,#775));
#454=EDGE_LOOP('',(#776,#777,#778,#779));
#455=EDGE_LOOP('',(#780,#781,#782,#783));
#456=EDGE_LOOP('',(#784,#785,#786,#787));
#457=EDGE_LOOP('',(#788,#789,#790,#791));
#458=EDGE_LOOP('',(#792,#793,#794,#795));
#459=EDGE_LOOP('',(#796,#797,#798,#799));
#460=EDGE_LOOP('',(#800,#801,#802,#803));
#461=EDGE_LOOP('',(#804,#805,#806,#807));
#462=EDGE_LOOP('',(#808,#809,#810,#811));
#463=EDGE_LOOP('',(#812,#813,#814,#815));
#464=EDGE_LOOP('',(#816,#817,#818,#819));
#465=EDGE_LOOP('',(#820,#821,#822,#823));
#466=EDGE_LOOP('',(#824,#825,#826,#827));
#467=EDGE_LOOP('',(#828,#829,#830,#831));
#468=EDGE_LOOP('',(#832,#833,#834,#835));
#469=EDGE_LOOP('',(#836,#837,#838,#839));
#470=EDGE_LOOP('',(#840,#841,#842,#843));
#471=EDGE_LOOP('',(#844,#845,#846,#847));
#472=EDGE_LOOP('',(#848,#849,#850,#851));
#473=EDGE_LOOP('',(#852,#853,#854,#855));
#474=EDGE_LOOP('',(#856,#857,#858,#859));
#475=EDGE_LOOP('',(#860,#861,#862,#863));
#476=EDGE_LOOP('',(#864,#865,#866,#867));
#477=EDGE_LOOP('',(#868,#869,#870,#871));
#478=EDGE_LOOP('',(#872,#873,#874,#875));
#479=EDGE_LOOP('',(#876,#877,#878,#879));
#480=EDGE_LOOP('',(#880,#881,#882,#883));
#481=EDGE_LOOP('',(#884,#885,#886,#887));
#482=EDGE_LOOP('',(#888,#889,#890,#891));
#483=EDGE_LOOP('',(#892,#893,#894,#895));
#484=EDGE_LOOP('',(#896,#897,#898,#899));
#485=EDGE_LOOP('',(#900,#901,#902,#903));
#486=EDGE_LOOP('',(#904,#905,#906,#907));
#487=EDGE_LOOP('',(#908,#909,#910,#911));
#488=EDGE_LOOP('',(#912,#913,#914,#915));
#489=EDGE_LOOP('',(#916,#917,#918,#919));
#490=EDGE_LOOP('',(#920,#921,#922,#923));
#491=EDGE_LOOP('',(#924,#925,#926,#927));
#492=EDGE_LOOP('',(#928,#929,#930,#931));
#493=EDGE_LOOP('',(#932,#933,#934,#935));
#494=EDGE_LOOP('',(#936,#937,#938,#939));
#495=EDGE_LOOP('',(#940,#941,#942,#943));
#496=EDGE_LOOP('',(#944,#945,#946,#947));
#497=EDGE_LOOP('',(#948,#949,#950,#951));
#498=EDGE_LOOP('',(#952,#953,#954,#955));
#499=EDGE_LOOP('',(#956,#957,#958,#959));
#500=EDGE_LOOP('',(#960,#961,#962,#963));
#501=EDGE_LOOP('',(#964,#965,#966,#967));
#502=EDGE_LOOP('',(#968,#969,#970,#971,#972,#973,#974,#975,#976,#977,#978,#979
,#980,#981,#982,#983,#984,#985,#986,#987,#988,#989,#990,#991,#992,#993,#994,
#995,#996,#997,#998,#999,#1000,#1001,#1002,#1003,#1004,#1005,#1006,#1007,#1008
,#1009,#1010,#1011,#1012,#1013,#1014,#1015,#1016,#1017,#1018,#1019,#1020,#1021
,#1022,#1023,#1024,#1025,#1026,#1027,#1028,#1029,#1030,#1031,#1032,#1033,#1034
,#1035,#1036,#1037,#1038,#1039,#1040,#1041,#1042,#1043,#1044,#1045,#1046,#1047
,#1048,#1049,#1050,#1051,#1052,#1053,#1054,#1055,#1056,#1057,#1058,#1059,#1060
,#1061,#1062,#1063,#1064,#1065,#1066,#1067,#1068,#1069,#1070,#1071,#1072,#1073
,#1074,#1075,#1076,#1077,#1078,#1079,#1080,#1081,#1082,#1083));
#503=EDGE_LOOP('',(#1084,#1085,#1086,#1087,#1088,#1089,#1090,#1091,#1092,#1093
,#1094,#1095,#1096,#1097,#1098,#1099,#1100,#1101,#1102,#1103,#1104,#1105,#1106
,#1107,#1108,#1109,#1110,#1111,#1112,#1113,#1114,#1115,#1116,#1117,#1118,#1119
,#1120,#1121,#1122,#1123,#1124,#1125,#1126,#1127,#1128,#1129,#1130,#1131,#1132
,#1133,#1134,#1135,#1136,#1137,#1138,#1139,#1140,#1141,#1142,#1143,#1144,#1145
,#1146,#1147,#1148,#1149,#1150,#1151,#1152,#1153,#1154,#1155,#1156,#1157,#1158
,#1159,#1160,#1161,#1162,#1163,#1164,#1165,#1166,#1167,#1168,#1169,#1170,#1171
,#1172,#1173,#1174,#1175,#1176,#1177,#1178,#1179,#1180,#1181,#1182,#1183,#1184
,#1185,#1186,#1187,#1188,#1189,#1190,#1191,#1192,#1193,#1194,#1195,#1196,#1197
,#1198,#1199));
#504=ORIENTED_EDGE('',*,*,#1897,.F.);
#505=ORIENTED_EDGE('',*,*,#1665,.F.);
#506=ORIENTED_EDGE('',*,*,#1781,.T.);
#507=ORIENTED_EDGE('',*,*,#1550,.T.);
#508=ORIENTED_EDGE('',*,*,#1896,.F.);
#509=ORIENTED_EDGE('',*,*,#1550,.F.);
#510=ORIENTED_EDGE('',*,*,#1780,.T.);
#511=ORIENTED_EDGE('',*,*,#1551,.T.);
#512=ORIENTED_EDGE('',*,*,#1895,.F.);
#513=ORIENTED_EDGE('',*,*,#1551,.F.);
#514=ORIENTED_EDGE('',*,*,#1779,.T.);
#515=ORIENTED_EDGE('',*,*,#1552,.T.);
#516=ORIENTED_EDGE('',*,*,#1894,.F.);
#517=ORIENTED_EDGE('',*,*,#1552,.F.);
#518=ORIENTED_EDGE('',*,*,#1778,.T.);
#519=ORIENTED_EDGE('',*,*,#1553,.T.);
#520=ORIENTED_EDGE('',*,*,#1893,.F.);
#521=ORIENTED_EDGE('',*,*,#1553,.F.);
#522=ORIENTED_EDGE('',*,*,#1777,.T.);
#523=ORIENTED_EDGE('',*,*,#1554,.T.);
#524=ORIENTED_EDGE('',*,*,#1892,.F.);
#525=ORIENTED_EDGE('',*,*,#1554,.F.);
#526=ORIENTED_EDGE('',*,*,#1776,.T.);
#527=ORIENTED_EDGE('',*,*,#1555,.T.);
#528=ORIENTED_EDGE('',*,*,#1891,.F.);
#529=ORIENTED_EDGE('',*,*,#1555,.F.);
#530=ORIENTED_EDGE('',*,*,#1775,.T.);
#531=ORIENTED_EDGE('',*,*,#1556,.T.);
#532=ORIENTED_EDGE('',*,*,#1890,.F.);
#533=ORIENTED_EDGE('',*,*,#1556,.F.);
#534=ORIENTED_EDGE('',*,*,#1774,.T.);
#535=ORIENTED_EDGE('',*,*,#1557,.T.);
#536=ORIENTED_EDGE('',*,*,#1889,.F.);
#537=ORIENTED_EDGE('',*,*,#1557,.F.);
#538=ORIENTED_EDGE('',*,*,#1773,.T.);
#539=ORIENTED_EDGE('',*,*,#1558,.T.);
#540=ORIENTED_EDGE('',*,*,#1888,.F.);
#541=ORIENTED_EDGE('',*,*,#1558,.F.);
#542=ORIENTED_EDGE('',*,*,#1772,.T.);
#543=ORIENTED_EDGE('',*,*,#1559,.T.);
#544=ORIENTED_EDGE('',*,*,#1887,.F.);
#545=ORIENTED_EDGE('',*,*,#1559,.F.);
#546=ORIENTED_EDGE('',*,*,#1771,.T.);
#547=ORIENTED_EDGE('',*,*,#1560,.T.);
#548=ORIENTED_EDGE('',*,*,#1886,.F.);
#549=ORIENTED_EDGE('',*,*,#1560,.F.);
#550=ORIENTED_EDGE('',*,*,#1770,.T.);
#551=ORIENTED_EDGE('',*,*,#1561,.T.);
#552=ORIENTED_EDGE('',*,*,#1885,.F.);
#553=ORIENTED_EDGE('',*,*,#1561,.F.);
#554=ORIENTED_EDGE('',*,*,#1769,.T.);
#555=ORIENTED_EDGE('',*,*,#1562,.T.);
#556=ORIENTED_EDGE('',*,*,#1884,.F.);
#557=ORIENTED_EDGE('',*,*,#1562,.F.);
#558=ORIENTED_EDGE('',*,*,#1768,.T.);
#559=ORIENTED_EDGE('',*,*,#1563,.T.);
#560=ORIENTED_EDGE('',*,*,#1883,.F.);
#561=ORIENTED_EDGE('',*,*,#1563,.F.);
#562=ORIENTED_EDGE('',*,*,#1767,.T.);
#563=ORIENTED_EDGE('',*,*,#1564,.T.);
#564=ORIENTED_EDGE('',*,*,#1882,.F.);
#565=ORIENTED_EDGE('',*,*,#1564,.F.);
#566=ORIENTED_EDGE('',*,*,#1766,.T.);
#567=ORIENTED_EDGE('',*,*,#1565,.T.);
#568=ORIENTED_EDGE('',*,*,#1881,.F.);
#569=ORIENTED_EDGE('',*,*,#1565,.F.);
#570=ORIENTED_EDGE('',*,*,#1765,.T.);
#571=ORIENTED_EDGE('',*,*,#1566,.T.);
#572=ORIENTED_EDGE('',*,*,#1880,.F.);
#573=ORIENTED_EDGE('',*,*,#1566,.F.);
#574=ORIENTED_EDGE('',*,*,#1764,.T.);
#575=ORIENTED_EDGE('',*,*,#1567,.T.);
#576=ORIENTED_EDGE('',*,*,#1879,.F.);
#577=ORIENTED_EDGE('',*,*,#1567,.F.);
#578=ORIENTED_EDGE('',*,*,#1763,.T.);
#579=ORIENTED_EDGE('',*,*,#1568,.T.);
#580=ORIENTED_EDGE('',*,*,#1878,.F.);
#581=ORIENTED_EDGE('',*,*,#1568,.F.);
#582=ORIENTED_EDGE('',*,*,#1762,.T.);
#583=ORIENTED_EDGE('',*,*,#1569,.T.);
#584=ORIENTED_EDGE('',*,*,#1877,.F.);
#585=ORIENTED_EDGE('',*,*,#1569,.F.);
#586=ORIENTED_EDGE('',*,*,#1761,.T.);
#587=ORIENTED_EDGE('',*,*,#1570,.T.);
#588=ORIENTED_EDGE('',*,*,#1876,.F.);
#589=ORIENTED_EDGE('',*,*,#1570,.F.);
#590=ORIENTED_EDGE('',*,*,#1760,.T.);
#591=ORIENTED_EDGE('',*,*,#1571,.T.);
#592=ORIENTED_EDGE('',*,*,#1875,.F.);
#593=ORIENTED_EDGE('',*,*,#1571,.F.);
#594=ORIENTED_EDGE('',*,*,#1759,.T.);
#595=ORIENTED_EDGE('',*,*,#1572,.T.);
#596=ORIENTED_EDGE('',*,*,#1874,.F.);
#597=ORIENTED_EDGE('',*,*,#1572,.F.);
#598=ORIENTED_EDGE('',*,*,#1758,.T.);
#599=ORIENTED_EDGE('',*,*,#1573,.T.);
#600=ORIENTED_EDGE('',*,*,#1873,.F.);
#601=ORIENTED_EDGE('',*,*,#1573,.F.);
#602=ORIENTED_EDGE('',*,*,#1757,.T.);
#603=ORIENTED_EDGE('',*,*,#1574,.T.);
#604=ORIENTED_EDGE('',*,*,#1872,.F.);
#605=ORIENTED_EDGE('',*,*,#1574,.F.);
#606=ORIENTED_EDGE('',*,*,#1756,.T.);
#607=ORIENTED_EDGE('',*,*,#1575,.T.);
#608=ORIENTED_EDGE('',*,*,#1871,.F.);
#609=ORIENTED_EDGE('',*,*,#1575,.F.);
#610=ORIENTED_EDGE('',*,*,#1755,.T.);
#611=ORIENTED_EDGE('',*,*,#1576,.T.);
#612=ORIENTED_EDGE('',*,*,#1870,.F.);
#613=ORIENTED_EDGE('',*,*,#1576,.F.);
#614=ORIENTED_EDGE('',*,*,#1754,.T.);
#615=ORIENTED_EDGE('',*,*,#1577,.T.);
#616=ORIENTED_EDGE('',*,*,#1869,.F.);
#617=ORIENTED_EDGE('',*,*,#1577,.F.);
#618=ORIENTED_EDGE('',*,*,#1753,.T.);
#619=ORIENTED_EDGE('',*,*,#1578,.T.);
#620=ORIENTED_EDGE('',*,*,#1868,.F.);
#621=ORIENTED_EDGE('',*,*,#1578,.F.);
#622=ORIENTED_EDGE('',*,*,#1752,.T.);
#623=ORIENTED_EDGE('',*,*,#1579,.T.);
#624=ORIENTED_EDGE('',*,*,#1867,.F.);
#625=ORIENTED_EDGE('',*,*,#1579,.F.);
#626=ORIENTED_EDGE('',*,*,#1751,.T.);
#627=ORIENTED_EDGE('',*,*,#1580,.T.);
#628=ORIENTED_EDGE('',*,*,#1866,.F.);
#629=ORIENTED_EDGE('',*,*,#1580,.F.);
#630=ORIENTED_EDGE('',*,*,#1750,.T.);
#631=ORIENTED_EDGE('',*,*,#1581,.T.);
#632=ORIENTED_EDGE('',*,*,#1865,.F.);
#633=ORIENTED_EDGE('',*,*,#1581,.F.);
#634=ORIENTED_EDGE('',*,*,#1749,.T.);
#635=ORIENTED_EDGE('',*,*,#1582,.T.);
#636=ORIENTED_EDGE('',*,*,#1864,.F.);
#637=ORIENTED_EDGE('',*,*,#1582,.F.);
#638=ORIENTED_EDGE('',*,*,#1748,.T.);
#639=ORIENTED_EDGE('',*,*,#1583,.T.);
#640=ORIENTED_EDGE('',*,*,#1863,.F.);
#641=ORIENTED_EDGE('',*,*,#1583,.F.);
#642=ORIENTED_EDGE('',*,*,#1747,.T.);
#643=ORIENTED_EDGE('',*,*,#1584,.T.);
#644=ORIENTED_EDGE('',*,*,#1862,.F.);
#645=ORIENTED_EDGE('',*,*,#1584,.F.);
#646=ORIENTED_EDGE('',*,*,#1746,.T.);
#647=ORIENTED_EDGE('',*,*,#1585,.T.);
#648=ORIENTED_EDGE('',*,*,#1861,.F.);
#649=ORIENTED_EDGE('',*,*,#1585,.F.);
#650=ORIENTED_EDGE('',*,*,#1745,.T.);
#651=ORIENTED_EDGE('',*,*,#1586,.T.);
#652=ORIENTED_EDGE('',*,*,#1860,.F.);
#653=ORIENTED_EDGE('',*,*,#1586,.F.);
#654=ORIENTED_EDGE('',*,*,#1744,.T.);
#655=ORIENTED_EDGE('',*,*,#1587,.T.);
#656=ORIENTED_EDGE('',*,*,#1859,.F.);
#657=ORIENTED_EDGE('',*,*,#1587,.F.);
#658=ORIENTED_EDGE('',*,*,#1743,.T.);
#659=ORIENTED_EDGE('',*,*,#1588,.T.);
#660=ORIENTED_EDGE('',*,*,#1858,.F.);
#661=ORIENTED_EDGE('',*,*,#1588,.F.);
#662=ORIENTED_EDGE('',*,*,#1742,.T.);
#663=ORIENTED_EDGE('',*,*,#1589,.T.);
#664=ORIENTED_EDGE('',*,*,#1857,.F.);
#665=ORIENTED_EDGE('',*,*,#1589,.F.);
#666=ORIENTED_EDGE('',*,*,#1741,.T.);
#667=ORIENTED_EDGE('',*,*,#1590,.T.);
#668=ORIENTED_EDGE('',*,*,#1856,.F.);
#669=ORIENTED_EDGE('',*,*,#1590,.F.);
#670=ORIENTED_EDGE('',*,*,#1740,.T.);
#671=ORIENTED_EDGE('',*,*,#1591,.T.);
#672=ORIENTED_EDGE('',*,*,#1855,.F.);
#673=ORIENTED_EDGE('',*,*,#1591,.F.);
#674=ORIENTED_EDGE('',*,*,#1739,.T.);
#675=ORIENTED_EDGE('',*,*,#1592,.T.);
#676=ORIENTED_EDGE('',*,*,#1854,.F.);
#677=ORIENTED_EDGE('',*,*,#1592,.F.);
#678=ORIENTED_EDGE('',*,*,#1738,.T.);
#679=ORIENTED_EDGE('',*,*,#1593,.T.);
#680=ORIENTED_EDGE('',*,*,#1853,.F.);
#681=ORIENTED_EDGE('',*,*,#1593,.F.);
#682=ORIENTED_EDGE('',*,*,#1737,.T.);
#683=ORIENTED_EDGE('',*,*,#1594,.T.);
#684=ORIENTED_EDGE('',*,*,#1852,.F.);
#685=ORIENTED_EDGE('',*,*,#1594,.F.);
#686=ORIENTED_EDGE('',*,*,#1736,.T.);
#687=ORIENTED_EDGE('',*,*,#1595,.T.);
#688=ORIENTED_EDGE('',*,*,#1851,.F.);
#689=ORIENTED_EDGE('',*,*,#1595,.F.);
#690=ORIENTED_EDGE('',*,*,#1735,.T.);
#691=ORIENTED_EDGE('',*,*,#1596,.T.);
#692=ORIENTED_EDGE('',*,*,#1850,.F.);
#693=ORIENTED_EDGE('',*,*,#1596,.F.);
#694=ORIENTED_EDGE('',*,*,#1734,.T.);
#695=ORIENTED_EDGE('',*,*,#1597,.T.);
#696=ORIENTED_EDGE('',*,*,#1849,.F.);
#697=ORIENTED_EDGE('',*,*,#1597,.F.);
#698=ORIENTED_EDGE('',*,*,#1733,.T.);
#699=ORIENTED_EDGE('',*,*,#1598,.T.);
#700=ORIENTED_EDGE('',*,*,#1848,.F.);
#701=ORIENTED_EDGE('',*,*,#1598,.F.);
#702=ORIENTED_EDGE('',*,*,#1732,.T.);
#703=ORIENTED_EDGE('',*,*,#1599,.T.);
#704=ORIENTED_EDGE('',*,*,#1847,.F.);
#705=ORIENTED_EDGE('',*,*,#1599,.F.);
#706=ORIENTED_EDGE('',*,*,#1731,.T.);
#707=ORIENTED_EDGE('',*,*,#1600,.T.);
#708=ORIENTED_EDGE('',*,*,#1846,.F.);
#709=ORIENTED_EDGE('',*,*,#1600,.F.);
#710=ORIENTED_EDGE('',*,*,#1730,.T.);
#711=ORIENTED_EDGE('',*,*,#1601,.T.);
#712=ORIENTED_EDGE('',*,*,#1845,.F.);
#713=ORIENTED_EDGE('',*,*,#1601,.F.);
#714=ORIENTED_EDGE('',*,*,#1729,.T.);
#715=ORIENTED_EDGE('',*,*,#1602,.T.);
#716=ORIENTED_EDGE('',*,*,#1844,.F.);
#717=ORIENTED_EDGE('',*,*,#1602,.F.);
#718=ORIENTED_EDGE('',*,*,#1728,.T.);
#719=ORIENTED_EDGE('',*,*,#1603,.T.);
#720=ORIENTED_EDGE('',*,*,#1843,.F.);
#721=ORIENTED_EDGE('',*,*,#1603,.F.);
#722=ORIENTED_EDGE('',*,*,#1727,.T.);
#723=ORIENTED_EDGE('',*,*,#1604,.T.);
#724=ORIENTED_EDGE('',*,*,#1842,.F.);
#725=ORIENTED_EDGE('',*,*,#1604,.F.);
#726=ORIENTED_EDGE('',*,*,#1726,.T.);
#727=ORIENTED_EDGE('',*,*,#1605,.T.);
#728=ORIENTED_EDGE('',*,*,#1841,.F.);
#729=ORIENTED_EDGE('',*,*,#1605,.F.);
#730=ORIENTED_EDGE('',*,*,#1725,.T.);
#731=ORIENTED_EDGE('',*,*,#1606,.T.);
#732=ORIENTED_EDGE('',*,*,#1840,.F.);
#733=ORIENTED_EDGE('',*,*,#1606,.F.);
#734=ORIENTED_EDGE('',*,*,#1724,.T.);
#735=ORIENTED_EDGE('',*,*,#1607,.T.);
#736=ORIENTED_EDGE('',*,*,#1839,.F.);
#737=ORIENTED_EDGE('',*,*,#1607,.F.);
#738=ORIENTED_EDGE('',*,*,#1723,.T.);
#739=ORIENTED_EDGE('',*,*,#1608,.T.);
#740=ORIENTED_EDGE('',*,*,#1838,.F.);
#741=ORIENTED_EDGE('',*,*,#1608,.F.);
#742=ORIENTED_EDGE('',*,*,#1722,.T.);
#743=ORIENTED_EDGE('',*,*,#1609,.T.);
#744=ORIENTED_EDGE('',*,*,#1837,.F.);
#745=ORIENTED_EDGE('',*,*,#1609,.F.);
#746=ORIENTED_EDGE('',*,*,#1721,.T.);
#747=ORIENTED_EDGE('',*,*,#1610,.T.);
#748=ORIENTED_EDGE('',*,*,#1836,.F.);
#749=ORIENTED_EDGE('',*,*,#1610,.F.);
#750=ORIENTED_EDGE('',*,*,#1720,.T.);
#751=ORIENTED_EDGE('',*,*,#1611,.T.);
#752=ORIENTED_EDGE('',*,*,#1835,.F.);
#753=ORIENTED_EDGE('',*,*,#1611,.F.);
#754=ORIENTED_EDGE('',*,*,#1719,.T.);
#755=ORIENTED_EDGE('',*,*,#1612,.T.);
#756=ORIENTED_EDGE('',*,*,#1834,.F.);
#757=ORIENTED_EDGE('',*,*,#1612,.F.);
#758=ORIENTED_EDGE('',*,*,#1718,.T.);
#759=ORIENTED_EDGE('',*,*,#1613,.T.);
#760=ORIENTED_EDGE('',*,*,#1833,.F.);
#761=ORIENTED_EDGE('',*,*,#1613,.F.);
#762=ORIENTED_EDGE('',*,*,#1717,.T.);
#763=ORIENTED_EDGE('',*,*,#1614,.T.);
#764=ORIENTED_EDGE('',*,*,#1832,.F.);
#765=ORIENTED_EDGE('',*,*,#1614,.F.);
#766=ORIENTED_EDGE('',*,*,#1716,.T.);
#767=ORIENTED_EDGE('',*,*,#1615,.T.);
#768=ORIENTED_EDGE('',*,*,#1831,.F.);
#769=ORIENTED_EDGE('',*,*,#1615,.F.);
#770=ORIENTED_EDGE('',*,*,#1715,.T.);
#771=ORIENTED_EDGE('',*,*,#1616,.T.);
#772=ORIENTED_EDGE('',*,*,#1830,.F.);
#773=ORIENTED_EDGE('',*,*,#1616,.F.);
#774=ORIENTED_EDGE('',*,*,#1714,.T.);
#775=ORIENTED_EDGE('',*,*,#1617,.T.);
#776=ORIENTED_EDGE('',*,*,#1829,.F.);
#777=ORIENTED_EDGE('',*,*,#1617,.F.);
#778=ORIENTED_EDGE('',*,*,#1713,.T.);
#779=ORIENTED_EDGE('',*,*,#1618,.T.);
#780=ORIENTED_EDGE('',*,*,#1828,.F.);
#781=ORIENTED_EDGE('',*,*,#1618,.F.);
#782=ORIENTED_EDGE('',*,*,#1712,.T.);
#783=ORIENTED_EDGE('',*,*,#1619,.T.);
#784=ORIENTED_EDGE('',*,*,#1827,.F.);
#785=ORIENTED_EDGE('',*,*,#1619,.F.);
#786=ORIENTED_EDGE('',*,*,#1711,.T.);
#787=ORIENTED_EDGE('',*,*,#1620,.T.);
#788=ORIENTED_EDGE('',*,*,#1826,.F.);
#789=ORIENTED_EDGE('',*,*,#1620,.F.);
#790=ORIENTED_EDGE('',*,*,#1710,.T.);
#791=ORIENTED_EDGE('',*,*,#1621,.T.);
#792=ORIENTED_EDGE('',*,*,#1825,.F.);
#793=ORIENTED_EDGE('',*,*,#1621,.F.);
#794=ORIENTED_EDGE('',*,*,#1709,.T.);
#795=ORIENTED_EDGE('',*,*,#1622,.T.);
#796=ORIENTED_EDGE('',*,*,#1824,.F.);
#797=ORIENTED_EDGE('',*,*,#1622,.F.);
#798=ORIENTED_EDGE('',*,*,#1708,.T.);
#799=ORIENTED_EDGE('',*,*,#1623,.T.);
#800=ORIENTED_EDGE('',*,*,#1823,.F.);
#801=ORIENTED_EDGE('',*,*,#1623,.F.);
#802=ORIENTED_EDGE('',*,*,#1707,.T.);
#803=ORIENTED_EDGE('',*,*,#1624,.T.);
#804=ORIENTED_EDGE('',*,*,#1822,.F.);
#805=ORIENTED_EDGE('',*,*,#1624,.F.);
#806=ORIENTED_EDGE('',*,*,#1706,.T.);
#807=ORIENTED_EDGE('',*,*,#1625,.T.);
#808=ORIENTED_EDGE('',*,*,#1821,.F.);
#809=ORIENTED_EDGE('',*,*,#1625,.F.);
#810=ORIENTED_EDGE('',*,*,#1705,.T.);
#811=ORIENTED_EDGE('',*,*,#1626,.T.);
#812=ORIENTED_EDGE('',*,*,#1820,.F.);
#813=ORIENTED_EDGE('',*,*,#1626,.F.);
#814=ORIENTED_EDGE('',*,*,#1704,.T.);
#815=ORIENTED_EDGE('',*,*,#1627,.T.);
#816=ORIENTED_EDGE('',*,*,#1819,.F.);
#817=ORIENTED_EDGE('',*,*,#1627,.F.);
#818=ORIENTED_EDGE('',*,*,#1703,.T.);
#819=ORIENTED_EDGE('',*,*,#1628,.T.);
#820=ORIENTED_EDGE('',*,*,#1818,.F.);
#821=ORIENTED_EDGE('',*,*,#1628,.F.);
#822=ORIENTED_EDGE('',*,*,#1702,.T.);
#823=ORIENTED_EDGE('',*,*,#1629,.T.);
#824=ORIENTED_EDGE('',*,*,#1817,.F.);
#825=ORIENTED_EDGE('',*,*,#1629,.F.);
#826=ORIENTED_EDGE('',*,*,#1701,.T.);
#827=ORIENTED_EDGE('',*,*,#1630,.T.);
#828=ORIENTED_EDGE('',*,*,#1816,.F.);
#829=ORIENTED_EDGE('',*,*,#1630,.F.);
#830=ORIENTED_EDGE('',*,*,#1700,.T.);
#831=ORIENTED_EDGE('',*,*,#1631,.T.);
#832=ORIENTED_EDGE('',*,*,#1815,.F.);
#833=ORIENTED_EDGE('',*,*,#1631,.F.);
#834=ORIENTED_EDGE('',*,*,#1699,.T.);
#835=ORIENTED_EDGE('',*,*,#1632,.T.);
#836=ORIENTED_EDGE('',*,*,#1814,.F.);
#837=ORIENTED_EDGE('',*,*,#1632,.F.);
#838=ORIENTED_EDGE('',*,*,#1698,.T.);
#839=ORIENTED_EDGE('',*,*,#1633,.T.);
#840=ORIENTED_EDGE('',*,*,#1813,.F.);
#841=ORIENTED_EDGE('',*,*,#1633,.F.);
#842=ORIENTED_EDGE('',*,*,#1697,.T.);
#843=ORIENTED_EDGE('',*,*,#1634,.T.);
#844=ORIENTED_EDGE('',*,*,#1812,.F.);
#845=ORIENTED_EDGE('',*,*,#1634,.F.);
#846=ORIENTED_EDGE('',*,*,#1696,.T.);
#847=ORIENTED_EDGE('',*,*,#1635,.T.);
#848=ORIENTED_EDGE('',*,*,#1811,.F.);
#849=ORIENTED_EDGE('',*,*,#1635,.F.);
#850=ORIENTED_EDGE('',*,*,#1695,.T.);
#851=ORIENTED_EDGE('',*,*,#1636,.T.);
#852=ORIENTED_EDGE('',*,*,#1810,.F.);
#853=ORIENTED_EDGE('',*,*,#1636,.F.);
#854=ORIENTED_EDGE('',*,*,#1694,.T.);
#855=ORIENTED_EDGE('',*,*,#1637,.T.);
#856=ORIENTED_EDGE('',*,*,#1809,.F.);
#857=ORIENTED_EDGE('',*,*,#1637,.F.);
#858=ORIENTED_EDGE('',*,*,#1693,.T.);
#859=ORIENTED_EDGE('',*,*,#1638,.T.);
#860=ORIENTED_EDGE('',*,*,#1808,.F.);
#861=ORIENTED_EDGE('',*,*,#1638,.F.);
#862=ORIENTED_EDGE('',*,*,#1692,.T.);
#863=ORIENTED_EDGE('',*,*,#1639,.T.);
#864=ORIENTED_EDGE('',*,*,#1807,.F.);
#865=ORIENTED_EDGE('',*,*,#1639,.F.);
#866=ORIENTED_EDGE('',*,*,#1691,.T.);
#867=ORIENTED_EDGE('',*,*,#1640,.T.);
#868=ORIENTED_EDGE('',*,*,#1806,.F.);
#869=ORIENTED_EDGE('',*,*,#1640,.F.);
#870=ORIENTED_EDGE('',*,*,#1690,.T.);
#871=ORIENTED_EDGE('',*,*,#1641,.T.);
#872=ORIENTED_EDGE('',*,*,#1805,.F.);
#873=ORIENTED_EDGE('',*,*,#1641,.F.);
#874=ORIENTED_EDGE('',*,*,#1689,.T.);
#875=ORIENTED_EDGE('',*,*,#1642,.T.);
#876=ORIENTED_EDGE('',*,*,#1804,.F.);
#877=ORIENTED_EDGE('',*,*,#1642,.F.);
#878=ORIENTED_EDGE('',*,*,#1688,.T.);
#879=ORIENTED_EDGE('',*,*,#1643,.T.);
#880=ORIENTED_EDGE('',*,*,#1803,.F.);
#881=ORIENTED_EDGE('',*,*,#1643,.F.);
#882=ORIENTED_EDGE('',*,*,#1687,.T.);
#883=ORIENTED_EDGE('',*,*,#1644,.T.);
#884=ORIENTED_EDGE('',*,*,#1802,.F.);
#885=ORIENTED_EDGE('',*,*,#1644,.F.);
#886=ORIENTED_EDGE('',*,*,#1686,.T.);
#887=ORIENTED_EDGE('',*,*,#1645,.T.);
#888=ORIENTED_EDGE('',*,*,#1801,.F.);
#889=ORIENTED_EDGE('',*,*,#1645,.F.);
#890=ORIENTED_EDGE('',*,*,#1685,.T.);
#891=ORIENTED_EDGE('',*,*,#1646,.T.);
#892=ORIENTED_EDGE('',*,*,#1800,.F.);
#893=ORIENTED_EDGE('',*,*,#1646,.F.);
#894=ORIENTED_EDGE('',*,*,#1684,.T.);
#895=ORIENTED_EDGE('',*,*,#1647,.T.);
#896=ORIENTED_EDGE('',*,*,#1799,.F.);
#897=ORIENTED_EDGE('',*,*,#1647,.F.);
#898=ORIENTED_EDGE('',*,*,#1683,.T.);
#899=ORIENTED_EDGE('',*,*,#1648,.T.);
#900=ORIENTED_EDGE('',*,*,#1798,.F.);
#901=ORIENTED_EDGE('',*,*,#1648,.F.);
#902=ORIENTED_EDGE('',*,*,#1682,.T.);
#903=ORIENTED_EDGE('',*,*,#1649,.T.);
#904=ORIENTED_EDGE('',*,*,#1797,.F.);
#905=ORIENTED_EDGE('',*,*,#1649,.F.);
#906=ORIENTED_EDGE('',*,*,#1681,.T.);
#907=ORIENTED_EDGE('',*,*,#1650,.T.);
#908=ORIENTED_EDGE('',*,*,#1796,.F.);
#909=ORIENTED_EDGE('',*,*,#1650,.F.);
#910=ORIENTED_EDGE('',*,*,#1680,.T.);
#911=ORIENTED_EDGE('',*,*,#1651,.T.);
#912=ORIENTED_EDGE('',*,*,#1795,.F.);
#913=ORIENTED_EDGE('',*,*,#1651,.F.);
#914=ORIENTED_EDGE('',*,*,#1679,.T.);
#915=ORIENTED_EDGE('',*,*,#1652,.T.);
#916=ORIENTED_EDGE('',*,*,#1794,.F.);
#917=ORIENTED_EDGE('',*,*,#1652,.F.);
#918=ORIENTED_EDGE('',*,*,#1678,.T.);
#919=ORIENTED_EDGE('',*,*,#1653,.T.);
#920=ORIENTED_EDGE('',*,*,#1793,.F.);
#921=ORIENTED_EDGE('',*,*,#1653,.F.);
#922=ORIENTED_EDGE('',*,*,#1677,.T.);
#923=ORIENTED_EDGE('',*,*,#1654,.T.);
#924=ORIENTED_EDGE('',*,*,#1792,.F.);
#925=ORIENTED_EDGE('',*,*,#1654,.F.);
#926=ORIENTED_EDGE('',*,*,#1676,.T.);
#927=ORIENTED_EDGE('',*,*,#1655,.T.);
#928=ORIENTED_EDGE('',*,*,#1791,.F.);
#929=ORIENTED_EDGE('',*,*,#1655,.F.);
#930=ORIENTED_EDGE('',*,*,#1675,.T.);
#931=ORIENTED_EDGE('',*,*,#1656,.T.);
#932=ORIENTED_EDGE('',*,*,#1790,.F.);
#933=ORIENTED_EDGE('',*,*,#1656,.F.);
#934=ORIENTED_EDGE('',*,*,#1674,.T.);
#935=ORIENTED_EDGE('',*,*,#1657,.T.);
#936=ORIENTED_EDGE('',*,*,#1789,.F.);
#937=ORIENTED_EDGE('',*,*,#1657,.F.);
#938=ORIENTED_EDGE('',*,*,#1673,.T.);
#939=ORIENTED_EDGE('',*,*,#1658,.T.);
#940=ORIENTED_EDGE('',*,*,#1788,.F.);
#941=ORIENTED_EDGE('',*,*,#1658,.F.);
#942=ORIENTED_EDGE('',*,*,#1672,.T.);
#943=ORIENTED_EDGE('',*,*,#1659,.T.);
#944=ORIENTED_EDGE('',*,*,#1787,.F.);
#945=ORIENTED_EDGE('',*,*,#1659,.F.);
#946=ORIENTED_EDGE('',*,*,#1671,.T.);
#947=ORIENTED_EDGE('',*,*,#1660,.T.);
#948=ORIENTED_EDGE('',*,*,#1786,.F.);
#949=ORIENTED_EDGE('',*,*,#1660,.F.);
#950=ORIENTED_EDGE('',*,*,#1670,.T.);
#951=ORIENTED_EDGE('',*,*,#1661,.T.);
#952=ORIENTED_EDGE('',*,*,#1785,.F.);
#953=ORIENTED_EDGE('',*,*,#1661,.F.);
#954=ORIENTED_EDGE('',*,*,#1669,.T.);
#955=ORIENTED_EDGE('',*,*,#1662,.T.);
#956=ORIENTED_EDGE('',*,*,#1784,.F.);
#957=ORIENTED_EDGE('',*,*,#1662,.F.);
#958=ORIENTED_EDGE('',*,*,#1668,.T.);
#959=ORIENTED_EDGE('',*,*,#1663,.T.);
#960=ORIENTED_EDGE('',*,*,#1783,.F.);
#961=ORIENTED_EDGE('',*,*,#1663,.F.);
#962=ORIENTED_EDGE('',*,*,#1667,.T.);
#963=ORIENTED_EDGE('',*,*,#1664,.T.);
#964=ORIENTED_EDGE('',*,*,#1782,.F.);
#965=ORIENTED_EDGE('',*,*,#1664,.F.);
#966=ORIENTED_EDGE('',*,*,#1666,.T.);
#967=ORIENTED_EDGE('',*,*,#1665,.T.);
#968=ORIENTED_EDGE('',*,*,#1781,.F.);
#969=ORIENTED_EDGE('',*,*,#1666,.F.);
#970=ORIENTED_EDGE('',*,*,#1667,.F.);
#971=ORIENTED_EDGE('',*,*,#1668,.F.);
#972=ORIENTED_EDGE('',*,*,#1669,.F.);
#973=ORIENTED_EDGE('',*,*,#1670,.F.);
#974=ORIENTED_EDGE('',*,*,#1671,.F.);
#975=ORIENTED_EDGE('',*,*,#1672,.F.);
#976=ORIENTED_EDGE('',*,*,#1673,.F.);
#977=ORIENTED_EDGE('',*,*,#1674,.F.);
#978=ORIENTED_EDGE('',*,*,#1675,.F.);
#979=ORIENTED_EDGE('',*,*,#1676,.F.);
#980=ORIENTED_EDGE('',*,*,#1677,.F.);
#981=ORIENTED_EDGE('',*,*,#1678,.F.);
#982=ORIENTED_EDGE('',*,*,#1679,.F.);
#983=ORIENTED_EDGE('',*,*,#1680,.F.);
#984=ORIENTED_EDGE('',*,*,#1681,.F.);
#985=ORIENTED_EDGE('',*,*,#1682,.F.);
#986=ORIENTED_EDGE('',*,*,#1683,.F.);
#987=ORIENTED_EDGE('',*,*,#1684,.F.);
#988=ORIENTED_EDGE('',*,*,#1685,.F.);
#989=ORIENTED_EDGE('',*,*,#1686,.F.);
#990=ORIENTED_EDGE('',*,*,#1687,.F.);
#991=ORIENTED_EDGE('',*,*,#1688,.F.);
#992=ORIENTED_EDGE('',*,*,#1689,.F.);
#993=ORIENTED_EDGE('',*,*,#1690,.F.);
#994=ORIENTED_EDGE('',*,*,#1691,.F.);
#995=ORIENTED_EDGE('',*,*,#1692,.F.);
#996=ORIENTED_EDGE('',*,*,#1693,.F.);
#997=ORIENTED_EDGE('',*,*,#1694,.F.);
#998=ORIENTED_EDGE('',*,*,#1695,.F.);
#999=ORIENTED_EDGE('',*,*,#1696,.F.);
#1000=ORIENTED_EDGE('',*,*,#1697,.F.);
#1001=ORIENTED_EDGE('',*,*,#1698,.F.);
#1002=ORIENTED_EDGE('',*,*,#1699,.F.);
#1003=ORIENTED_EDGE('',*,*,#1700,.F.);
#1004=ORIENTED_EDGE('',*,*,#1701,.F.);
#1005=ORIENTED_EDGE('',*,*,#1702,.F.);
#1006=ORIENTED_EDGE('',*,*,#1703,.F.);
#1007=ORIENTED_EDGE('',*,*,#1704,.F.);
#1008=ORIENTED_EDGE('',*,*,#1705,.F.);
#1009=ORIENTED_EDGE('',*,*,#1706,.F.);
#1010=ORIENTED_EDGE('',*,*,#1707,.F.);
#1011=ORIENTED_EDGE('',*,*,#1708,.F.);
#1012=ORIENTED_EDGE('',*,*,#1709,.F.);
#1013=ORIENTED_EDGE('',*,*,#1710,.F.);
#1014=ORIENTED_EDGE('',*,*,#1711,.F.);
#1015=ORIENTED_EDGE('',*,*,#1712,.F.);
#1016=ORIENTED_EDGE('',*,*,#1713,.F.);
#1017=ORIENTED_EDGE('',*,*,#1714,.F.);
#1018=ORIENTED_EDGE('',*,*,#1715,.F.);
#1019=ORIENTED_EDGE('',*,*,#1716,.F.);
#1020=ORIENTED_EDGE('',*,*,#1717,.F.);
#1021=ORIENTED_EDGE('',*,*,#1718,.F.);
#1022=ORIENTED_EDGE('',*,*,#1719,.F.);
#1023=ORIENTED_EDGE('',*,*,#1720,.F.);
#1024=ORIENTED_EDGE('',*,*,#1721,.F.);
#1025=ORIENTED_EDGE('',*,*,#1722,.F.);
#1026=ORIENTED_EDGE('',*,*,#1723,.F.);
#1027=ORIENTED_EDGE('',*,*,#1724,.F.);
#1028=ORIENTED_EDGE('',*,*,#1725,.F.);
#1029=ORIENTED_EDGE('',*,*,#1726,.F.);
#1030=ORIENTED_EDGE('',*,*,#1727,.F.);
#1031=ORIENTED_EDGE('',*,*,#1728,.F.);
#1032=ORIENTED_EDGE('',*,*,#1729,.F.);
#1033=ORIENTED_EDGE('',*,*,#1730,.F.);
#1034=ORIENTED_EDGE('',*,*,#1731,.F.);
#1035=ORIENTED_EDGE('',*,*,#1732,.F.);
#1036=ORIENTED_EDGE('',*,*,#1733,.F.);
#1037=ORIENTED_EDGE('',*,*,#1734,.F.);
#1038=ORIENTED_EDGE('',*,*,#1735,.F.);
#1039=ORIENTED_EDGE('',*,*,#1736,.F.);
#1040=ORIENTED_EDGE('',*,*,#1737,.F.);
#1041=ORIENTED_EDGE('',*,*,#1738,.F.);
#1042=ORIENTED_EDGE('',*,*,#1739,.F.);
#1043=ORIENTED_EDGE('',*,*,#1740,.F.);
#1044=ORIENTED_EDGE('',*,*,#1741,.F.);
#1045=ORIENTED_EDGE('',*,*,#1742,.F.);
#1046=ORIENTED_EDGE('',*,*,#1743,.F.);
#1047=ORIENTED_EDGE('',*,*,#1744,.F.);
#1048=ORIENTED_EDGE('',*,*,#1745,.F.);
#1049=ORIENTED_EDGE('',*,*,#1746,.F.);
#1050=ORIENTED_EDGE('',*,*,#1747,.F.);
#1051=ORIENTED_EDGE('',*,*,#1748,.F.);
#1052=ORIENTED_EDGE('',*,*,#1749,.F.);
#1053=ORIENTED_EDGE('',*,*,#1750,.F.);
#1054=ORIENTED_EDGE('',*,*,#1751,.F.);
#1055=ORIENTED_EDGE('',*,*,#1752,.F.);
#1056=ORIENTED_EDGE('',*,*,#1753,.F.);
#1057=ORIENTED_EDGE('',*,*,#1754,.F.);
#1058=ORIENTED_EDGE('',*,*,#1755,.F.);
#1059=ORIENTED_EDGE('',*,*,#1756,.F.);
#1060=ORIENTED_EDGE('',*,*,#1757,.F.);
#1061=ORIENTED_EDGE('',*,*,#1758,.F.);
#1062=ORIENTED_EDGE('',*,*,#1759,.F.);
#1063=ORIENTED_EDGE('',*,*,#1760,.F.);
#1064=ORIENTED_EDGE('',*,*,#1761,.F.);
#1065=ORIENTED_EDGE('',*,*,#1762,.F.);
#1066=ORIENTED_EDGE('',*,*,#1763,.F.);
#1067=ORIENTED_EDGE('',*,*,#1764,.F.);
#1068=ORIENTED_EDGE('',*,*,#1765,.F.);
#1069=ORIENTED_EDGE('',*,*,#1766,.F.);
#1070=ORIENTED_EDGE('',*,*,#1767,.F.);
#1071=ORIENTED_EDGE('',*,*,#1768,.F.);
#1072=ORIENTED_EDGE('',*,*,#1769,.F.);
#1073=ORIENTED_EDGE('',*,*,#1770,.F.);
#1074=ORIENTED_EDGE('',*,*,#1771,.F.);
#1075=ORIENTED_EDGE('',*,*,#1772,.F.);
#1076=ORIENTED_EDGE('',*,*,#1773,.F.);
#1077=ORIENTED_EDGE('',*,*,#1774,.F.);
#1078=ORIENTED_EDGE('',*,*,#1775,.F.);
#1079=ORIENTED_EDGE('',*,*,#1776,.F.);
#1080=ORIENTED_EDGE('',*,*,#1777,.F.);
#1081=ORIENTED_EDGE('',*,*,#1778,.F.);
#1082=ORIENTED_EDGE('',*,*,#1779,.F.);
#1083=ORIENTED_EDGE('',*,*,#1780,.F.);
#1084=ORIENTED_EDGE('',*,*,#1897,.T.);
#1085=ORIENTED_EDGE('',*,*,#1896,.T.);
#1086=ORIENTED_EDGE('',*,*,#1895,.T.);
#1087=ORIENTED_EDGE('',*,*,#1894,.T.);
#1088=ORIENTED_EDGE('',*,*,#1893,.T.);
#1089=ORIENTED_EDGE('',*,*,#1892,.T.);
#1090=ORIENTED_EDGE('',*,*,#1891,.T.);
#1091=ORIENTED_EDGE('',*,*,#1890,.T.);
#1092=ORIENTED_EDGE('',*,*,#1889,.T.);
#1093=ORIENTED_EDGE('',*,*,#1888,.T.);
#1094=ORIENTED_EDGE('',*,*,#1887,.T.);
#1095=ORIENTED_EDGE('',*,*,#1886,.T.);
#1096=ORIENTED_EDGE('',*,*,#1885,.T.);
#1097=ORIENTED_EDGE('',*,*,#1884,.T.);
#1098=ORIENTED_EDGE('',*,*,#1883,.T.);
#1099=ORIENTED_EDGE('',*,*,#1882,.T.);
#1100=ORIENTED_EDGE('',*,*,#1881,.T.);
#1101=ORIENTED_EDGE('',*,*,#1880,.T.);
#1102=ORIENTED_EDGE('',*,*,#1879,.T.);
#1103=ORIENTED_EDGE('',*,*,#1878,.T.);
#1104=ORIENTED_EDGE('',*,*,#1877,.T.);
#1105=ORIENTED_EDGE('',*,*,#1876,.T.);
#1106=ORIENTED_EDGE('',*,*,#1875,.T.);
#1107=ORIENTED_EDGE('',*,*,#1874,.T.);
#1108=ORIENTED_EDGE('',*,*,#1873,.T.);
#1109=ORIENTED_EDGE('',*,*,#1872,.T.);
#1110=ORIENTED_EDGE('',*,*,#1871,.T.);
#1111=ORIENTED_EDGE('',*,*,#1870,.T.);
#1112=ORIENTED_EDGE('',*,*,#1869,.T.);
#1113=ORIENTED_EDGE('',*,*,#1868,.T.);
#1114=ORIENTED_EDGE('',*,*,#1867,.T.);
#1115=ORIENTED_EDGE('',*,*,#1866,.T.);
#1116=ORIENTED_EDGE('',*,*,#1865,.T.);
#1117=ORIENTED_EDGE('',*,*,#1864,.T.);
#1118=ORIENTED_EDGE('',*,*,#1863,.T.);
#1119=ORIENTED_EDGE('',*,*,#1862,.T.);
#1120=ORIENTED_EDGE('',*,*,#1861,.T.);
#1121=ORIENTED_EDGE('',*,*,#1860,.T.);
#1122=ORIENTED_EDGE('',*,*,#1859,.T.);
#1123=ORIENTED_EDGE('',*,*,#1858,.T.);
#1124=ORIENTED_EDGE('',*,*,#1857,.T.);
#1125=ORIENTED_EDGE('',*,*,#1856,.T.);
#1126=ORIENTED_EDGE('',*,*,#1855,.T.);
#1127=ORIENTED_EDGE('',*,*,#1854,.T.);
#1128=ORIENTED_EDGE('',*,*,#1853,.T.);
#1129=ORIENTED_EDGE('',*,*,#1852,.T.);
#1130=ORIENTED_EDGE('',*,*,#1851,.T.);
#1131=ORIENTED_EDGE('',*,*,#1850,.T.);
#1132=ORIENTED_EDGE('',*,*,#1849,.T.);
#1133=ORIENTED_EDGE('',*,*,#1848,.T.);
#1134=ORIENTED_EDGE('',*,*,#1847,.T.);
#1135=ORIENTED_EDGE('',*,*,#1846,.T.);
#1136=ORIENTED_EDGE('',*,*,#1845,.T.);
#1137=ORIENTED_EDGE('',*,*,#1844,.T.);
#1138=ORIENTED_EDGE('',*,*,#1843,.T.);
#1139=ORIENTED_EDGE('',*,*,#1842,.T.);
#1140=ORIENTED_EDGE('',*,*,#1841,.T.);
#1141=ORIENTED_EDGE('',*,*,#1840,.T.);
#1142=ORIENTED_EDGE('',*,*,#1839,.T.);
#1143=ORIENTED_EDGE('',*,*,#1838,.T.);
#1144=ORIENTED_EDGE('',*,*,#1837,.T.);
#1145=ORIENTED_EDGE('',*,*,#1836,.T.);
#1146=ORIENTED_EDGE('',*,*,#1835,.T.);
#1147=ORIENTED_EDGE('',*,*,#1834,.T.);
#1148=ORIENTED_EDGE('',*,*,#1833,.T.);
#1149=ORIENTED_EDGE('',*,*,#1832,.T.);
#1150=ORIENTED_EDGE('',*,*,#1831,.T.);
#1151=ORIENTED_EDGE('',*,*,#1830,.T.);
#1152=ORIENTED_EDGE('',*,*,#1829,.T.);
#1153=ORIENTED_EDGE('',*,*,#1828,.T.);
#1154=ORIENTED_EDGE('',*,*,#1827,.T.);
#1155=ORIENTED_EDGE('',*,*,#1826,.T.);
#1156=ORIENTED_EDGE('',*,*,#1825,.T.);
#1157=ORIENTED_EDGE('',*,*,#1824,.T.);
#1158=ORIENTED_EDGE('',*,*,#1823,.T.);
#1159=ORIENTED_EDGE('',*,*,#1822,.T.);
#1160=ORIENTED_EDGE('',*,*,#1821,.T.);
#1161=ORIENTED_EDGE('',*,*,#1820,.T.);
#1162=ORIENTED_EDGE('',*,*,#1819,.T.);
#1163=ORIENTED_EDGE('',*,*,#1818,.T.);
#1164=ORIENTED_EDGE('',*,*,#1817,.T.);
#1165=ORIENTED_EDGE('',*,*,#1816,.T.);
#1166=ORIENTED_EDGE('',*,*,#1815,.T.);
#1167=ORIENTED_EDGE('',*,*,#1814,.T.);
#1168=ORIENTED_EDGE('',*,*,#1813,.T.);
#1169=ORIENTED_EDGE('',*,*,#1812,.T.);
#1170=ORIENTED_EDGE('',*,*,#1811,.T.);
#1171=ORIENTED_EDGE('',*,*,#1810,.T.);
#1172=ORIENTED_EDGE('',*,*,#1809,.T.);
#1173=ORIENTED_EDGE('',*,*,#1808,.T.);
#1174=ORIENTED_EDGE('',*,*,#1807,.T.);
#1175=ORIENTED_EDGE('',*,*,#1806,.T.);
#1176=ORIENTED_EDGE('',*,*,#1805,.T.);
#1177=ORIENTED_EDGE('',*,*,#1804,.T.);
#1178=ORIENTED_EDGE('',*,*,#1803,.T.);
#1179=ORIENTED_EDGE('',*,*,#1802,.T.);
#1180=ORIENTED_EDGE('',*,*,#1801,.T.);
#1181=ORIENTED_EDGE('',*,*,#1800,.T.);
#1182=ORIENTED_EDGE('',*,*,#1799,.T.);
#1183=ORIENTED_EDGE('',*,*,#1798,.T.);
#1184=ORIENTED_EDGE('',*,*,#1797,.T.);
#1185=ORIENTED_EDGE('',*,*,#1796,.T.);
#1186=ORIENTED_EDGE('',*,*,#1795,.T.);
#1187=ORIENTED_EDGE('',*,*,#1794,.T.);
#1188=ORIENTED_EDGE('',*,*,#1793,.T.);
#1189=ORIENTED_EDGE('',*,*,#1792,.T.);
#1190=ORIENTED_EDGE('',*,*,#1791,.T.);
#1191=ORIENTED_EDGE('',*,*,#1790,.T.);
#1192=ORIENTED_EDGE('',*,*,#1789,.T.);
#1193=ORIENTED_EDGE('',*,*,#1788,.T.);
#1194=ORIENTED_EDGE('',*,*,#1787,.T.);
#1195=ORIENTED_EDGE('',*,*,#1786,.T.);
#1196=ORIENTED_EDGE('',*,*,#1785,.T.);
#1197=ORIENTED_EDGE('',*,*,#1784,.T.);
#1198=ORIENTED_EDGE('',*,*,#1783,.T.);
#1199=ORIENTED_EDGE('',*,*,#1782,.T.);
#1200=PLANE('',#2366);
#1201=PLANE('',#2367);
#1202=PLANE('',#2368);
#1203=PLANE('',#2369);
#1204=PLANE('',#2370);
#1205=PLANE('',#2371);
#1206=PLANE('',#2372);
#1207=PLANE('',#2373);
#1208=PLANE('',#2374);
#1209=PLANE('',#2375);
#1210=PLANE('',#2376);
#1211=PLANE('',#2377);
#1212=PLANE('',#2378);
#1213=PLANE('',#2379);
#1214=PLANE('',#2380);
#1215=PLANE('',#2381);
#1216=PLANE('',#2382);
#1217=PLANE('',#2383);
#1218=PLANE('',#2384);
#1219=PLANE('',#2385);
#1220=PLANE('',#2386);
#1221=PLANE('',#2387);
#1222=PLANE('',#2388);
#1223=PLANE('',#2389);
#1224=PLANE('',#2390);
#1225=PLANE('',#2391);
#1226=PLANE('',#2392);
#1227=PLANE('',#2393);
#1228=PLANE('',#2394);
#1229=PLANE('',#2395);
#1230=PLANE('',#2396);
#1231=PLANE('',#2397);
#1232=PLANE('',#2398);
#1233=PLANE('',#2399);
#1234=PLANE('',#2400);
#1235=PLANE('',#2401);
#1236=PLANE('',#2402);
#1237=PLANE('',#2403);
#1238=PLANE('',#2404);
#1239=PLANE('',#2405);
#1240=PLANE('',#2406);
#1241=PLANE('',#2407);
#1242=PLANE('',#2408);
#1243=PLANE('',#2409);
#1244=PLANE('',#2410);
#1245=PLANE('',#2411);
#1246=PLANE('',#2412);
#1247=PLANE('',#2413);
#1248=PLANE('',#2414);
#1249=PLANE('',#2415);
#1250=PLANE('',#2416);
#1251=PLANE('',#2417);
#1252=PLANE('',#2418);
#1253=PLANE('',#2419);
#1254=PLANE('',#2420);
#1255=PLANE('',#2421);
#1256=PLANE('',#2422);
#1257=PLANE('',#2423);
#1258=PLANE('',#2424);
#1259=PLANE('',#2425);
#1260=PLANE('',#2426);
#1261=PLANE('',#2427);
#1262=PLANE('',#2428);
#1263=PLANE('',#2429);
#1264=PLANE('',#2430);
#1265=PLANE('',#2431);
#1266=PLANE('',#2432);
#1267=PLANE('',#2433);
#1268=PLANE('',#2434);
#1269=PLANE('',#2435);
#1270=PLANE('',#2436);
#1271=PLANE('',#2437);
#1272=PLANE('',#2438);
#1273=PLANE('',#2439);
#1274=PLANE('',#2440);
#1275=PLANE('',#2441);
#1276=PLANE('',#2442);
#1277=PLANE('',#2443);
#1278=PLANE('',#2444);
#1279=PLANE('',#2445);
#1280=PLANE('',#2446);
#1281=PLANE('',#2447);
#1282=PLANE('',#2448);
#1283=PLANE('',#2449);
#1284=PLANE('',#2450);
#1285=PLANE('',#2451);
#1286=PLANE('',#2452);
#1287=PLANE('',#2453);
#1288=PLANE('',#2454);
#1289=PLANE('',#2455);
#1290=PLANE('',#2456);
#1291=PLANE('',#2457);
#1292=PLANE('',#2458);
#1293=PLANE('',#2459);
#1294=PLANE('',#2460);
#1295=PLANE('',#2461);
#1296=PLANE('',#2462);
#1297=PLANE('',#2463);
#1298=PLANE('',#2464);
#1299=PLANE('',#2465);
#1300=PLANE('',#2466);
#1301=PLANE('',#2467);
#1302=PLANE('',#2468);
#1303=PLANE('',#2469);
#1304=PLANE('',#2470);
#1305=PLANE('',#2471);
#1306=PLANE('',#2472);
#1307=PLANE('',#2473);
#1308=PLANE('',#2474);
#1309=PLANE('',#2475);
#1310=PLANE('',#2476);
#1311=PLANE('',#2477);
#1312=PLANE('',#2478);
#1313=PLANE('',#2479);
#1314=PLANE('',#2480);
#1315=PLANE('',#2481);
#1316=PLANE('',#2482);
#1317=B_SPLINE_CURVE_WITH_KNOTS('',3,(#3185,#3186,#3187,#3188),.UNSPECIFIED.,
.F.,.F.,(4,4),(115.,116.),.UNSPECIFIED.);
#1318=B_SPLINE_CURVE_WITH_KNOTS('',3,(#3189,#3190,#3191,#3192),.UNSPECIFIED.,
.F.,.F.,(4,4),(114.,115.),.UNSPECIFIED.);
#1319=B_SPLINE_CURVE_WITH_KNOTS('',3,(#3193,#3194,#3195,#3196),.UNSPECIFIED.,
.F.,.F.,(4,4),(113.,114.),.UNSPECIFIED.);
#1320=B_SPLINE_CURVE_WITH_KNOTS('',3,(#3197,#3198,#3199,#3200),.UNSPECIFIED.,
.F.,.F.,(4,4),(112.,113.),.UNSPECIFIED.);
#1321=B_SPLINE_CURVE_WITH_KNOTS('',3,(#3201,#3202,#3203,#3204),.UNSPECIFIED.,
.F.,.F.,(4,4),(111.,112.),.UNSPECIFIED.);
#1322=B_SPLINE_CURVE_WITH_KNOTS('',3,(#3205,#3206,#3207,#3208),.UNSPECIFIED.,
.F.,.F.,(4,4),(110.,111.),.UNSPECIFIED.);
#1323=B_SPLINE_CURVE_WITH_KNOTS('',3,(#3209,#3210,#3211,#3212),.UNSPECIFIED.,
.F.,.F.,(4,4),(109.,110.),.UNSPECIFIED.);
#1324=B_SPLINE_CURVE_WITH_KNOTS('',3,(#3213,#3214,#3215,#3216),.UNSPECIFIED.,
.F.,.F.,(4,4),(108.,109.),.UNSPECIFIED.);
#1325=B_SPLINE_CURVE_WITH_KNOTS('',3,(#3217,#3218,#3219,#3220),.UNSPECIFIED.,
.F.,.F.,(4,4),(107.,108.),.UNSPECIFIED.);
#1326=B_SPLINE_CURVE_WITH_KNOTS('',3,(#3221,#3222,#3223,#3224),.UNSPECIFIED.,
.F.,.F.,(4,4),(106.,107.),.UNSPECIFIED.);
#1327=B_SPLINE_CURVE_WITH_KNOTS('',3,(#3225,#3226,#3227,#3228),.UNSPECIFIED.,
.F.,.F.,(4,4),(105.,106.),.UNSPECIFIED.);
#1328=B_SPLINE_CURVE_WITH_KNOTS('',3,(#3229,#3230,#3231,#3232),.UNSPECIFIED.,
.F.,.F.,(4,4),(104.,105.),.UNSPECIFIED.);
#1329=B_SPLINE_CURVE_WITH_KNOTS('',3,(#3233,#3234,#3235,#3236),.UNSPECIFIED.,
.F.,.F.,(4,4),(103.,104.),.UNSPECIFIED.);
#1330=B_SPLINE_CURVE_WITH_KNOTS('',3,(#3237,#3238,#3239,#3240),.UNSPECIFIED.,
.F.,.F.,(4,4),(102.,103.),.UNSPECIFIED.);
#1331=B_SPLINE_CURVE_WITH_KNOTS('',3,(#3241,#3242,#3243,#3244),.UNSPECIFIED.,
.F.,.F.,(4,4),(101.,102.),.UNSPECIFIED.);
#1332=B_SPLINE_CURVE_WITH_KNOTS('',3,(#3245,#3246,#3247,#3248),.UNSPECIFIED.,
.F.,.F.,(4,4),(100.,101.),.UNSPECIFIED.);
#1333=B_SPLINE_CURVE_WITH_KNOTS('',3,(#3249,#3250,#3251,#3252),.UNSPECIFIED.,
.F.,.F.,(4,4),(99.,100.),.UNSPECIFIED.);
#1334=B_SPLINE_CURVE_WITH_KNOTS('',3,(#3253,#3254,#3255,#3256),.UNSPECIFIED.,
.F.,.F.,(4,4),(98.,99.),.UNSPECIFIED.);
#1335=B_SPLINE_CURVE_WITH_KNOTS('',3,(#3257,#3258,#3259,#3260),.UNSPECIFIED.,
.F.,.F.,(4,4),(97.,98.),.UNSPECIFIED.);
#1336=B_SPLINE_CURVE_WITH_KNOTS('',3,(#3261,#3262,#3263,#3264),.UNSPECIFIED.,
.F.,.F.,(4,4),(96.,97.),.UNSPECIFIED.);
#1337=B_SPLINE_CURVE_WITH_KNOTS('',3,(#3265,#3266,#3267,#3268),.UNSPECIFIED.,
.F.,.F.,(4,4),(95.,96.),.UNSPECIFIED.);
#1338=B_SPLINE_CURVE_WITH_KNOTS('',3,(#3269,#3270,#3271,#3272),.UNSPECIFIED.,
.F.,.F.,(4,4),(94.,95.),.UNSPECIFIED.);
#1339=B_SPLINE_CURVE_WITH_KNOTS('',3,(#3273,#3274,#3275,#3276),.UNSPECIFIED.,
.F.,.F.,(4,4),(93.,94.),.UNSPECIFIED.);
#1340=B_SPLINE_CURVE_WITH_KNOTS('',3,(#3277,#3278,#3279,#3280),.UNSPECIFIED.,
.F.,.F.,(4,4),(92.,93.),.UNSPECIFIED.);
#1341=B_SPLINE_CURVE_WITH_KNOTS('',3,(#3281,#3282,#3283,#3284),.UNSPECIFIED.,
.F.,.F.,(4,4),(91.,92.),.UNSPECIFIED.);
#1342=B_SPLINE_CURVE_WITH_KNOTS('',3,(#3285,#3286,#3287,#3288),.UNSPECIFIED.,
.F.,.F.,(4,4),(90.,91.),.UNSPECIFIED.);
#1343=B_SPLINE_CURVE_WITH_KNOTS('',3,(#3289,#3290,#3291,#3292),.UNSPECIFIED.,
.F.,.F.,(4,4),(89.,90.),.UNSPECIFIED.);
#1344=B_SPLINE_CURVE_WITH_KNOTS('',3,(#3293,#3294,#3295,#3296),.UNSPECIFIED.,
.F.,.F.,(4,4),(88.,89.),.UNSPECIFIED.);
#1345=B_SPLINE_CURVE_WITH_KNOTS('',3,(#3297,#3298,#3299,#3300),.UNSPECIFIED.,
.F.,.F.,(4,4),(87.,88.),.UNSPECIFIED.);
#1346=B_SPLINE_CURVE_WITH_KNOTS('',3,(#3301,#3302,#3303,#3304),.UNSPECIFIED.,
.F.,.F.,(4,4),(86.,87.),.UNSPECIFIED.);
#1347=B_SPLINE_CURVE_WITH_KNOTS('',3,(#3305,#3306,#3307,#3308),.UNSPECIFIED.,
.F.,.F.,(4,4),(85.,86.),.UNSPECIFIED.);
#1348=B_SPLINE_CURVE_WITH_KNOTS('',3,(#3309,#3310,#3311,#3312),.UNSPECIFIED.,
.F.,.F.,(4,4),(84.,85.),.UNSPECIFIED.);
#1349=B_SPLINE_CURVE_WITH_KNOTS('',3,(#3313,#3314,#3315,#3316),.UNSPECIFIED.,
.F.,.F.,(4,4),(83.,84.),.UNSPECIFIED.);
#1350=B_SPLINE_CURVE_WITH_KNOTS('',3,(#3317,#3318,#3319,#3320),.UNSPECIFIED.,
.F.,.F.,(4,4),(82.,83.),.UNSPECIFIED.);
#1351=B_SPLINE_CURVE_WITH_KNOTS('',3,(#3321,#3322,#3323,#3324),.UNSPECIFIED.,
.F.,.F.,(4,4),(81.,82.),.UNSPECIFIED.);
#1352=B_SPLINE_CURVE_WITH_KNOTS('',3,(#3325,#3326,#3327,#3328),.UNSPECIFIED.,
.F.,.F.,(4,4),(80.,81.),.UNSPECIFIED.);
#1353=B_SPLINE_CURVE_WITH_KNOTS('',3,(#3329,#3330,#3331,#3332),.UNSPECIFIED.,
.F.,.F.,(4,4),(79.,80.),.UNSPECIFIED.);
#1354=B_SPLINE_CURVE_WITH_KNOTS('',3,(#3333,#3334,#3335,#3336),.UNSPECIFIED.,
.F.,.F.,(4,4),(78.,79.),.UNSPECIFIED.);
#1355=B_SPLINE_CURVE_WITH_KNOTS('',3,(#3337,#3338,#3339,#3340),.UNSPECIFIED.,
.F.,.F.,(4,4),(77.,78.),.UNSPECIFIED.);
#1356=B_SPLINE_CURVE_WITH_KNOTS('',3,(#3341,#3342,#3343,#3344),.UNSPECIFIED.,
.F.,.F.,(4,4),(76.,77.),.UNSPECIFIED.);
#1357=B_SPLINE_CURVE_WITH_KNOTS('',3,(#3345,#3346,#3347,#3348),.UNSPECIFIED.,
.F.,.F.,(4,4),(75.,76.),.UNSPECIFIED.);
#1358=B_SPLINE_CURVE_WITH_KNOTS('',3,(#3349,#3350,#3351,#3352),.UNSPECIFIED.,
.F.,.F.,(4,4),(74.,75.),.UNSPECIFIED.);
#1359=B_SPLINE_CURVE_WITH_KNOTS('',3,(#3353,#3354,#3355,#3356),.UNSPECIFIED.,
.F.,.F.,(4,4),(73.,74.),.UNSPECIFIED.);
#1360=B_SPLINE_CURVE_WITH_KNOTS('',3,(#3357,#3358,#3359,#3360),.UNSPECIFIED.,
.F.,.F.,(4,4),(72.,73.),.UNSPECIFIED.);
#1361=B_SPLINE_CURVE_WITH_KNOTS('',3,(#3361,#3362,#3363,#3364),.UNSPECIFIED.,
.F.,.F.,(4,4),(71.,72.),.UNSPECIFIED.);
#1362=B_SPLINE_CURVE_WITH_KNOTS('',3,(#3365,#3366,#3367,#3368),.UNSPECIFIED.,
.F.,.F.,(4,4),(70.,71.),.UNSPECIFIED.);
#1363=B_SPLINE_CURVE_WITH_KNOTS('',3,(#3369,#3370,#3371,#3372),.UNSPECIFIED.,
.F.,.F.,(4,4),(69.,70.),.UNSPECIFIED.);
#1364=B_SPLINE_CURVE_WITH_KNOTS('',3,(#3373,#3374,#3375,#3376),.UNSPECIFIED.,
.F.,.F.,(4,4),(68.,69.),.UNSPECIFIED.);
#1365=B_SPLINE_CURVE_WITH_KNOTS('',3,(#3377,#3378,#3379,#3380),.UNSPECIFIED.,
.F.,.F.,(4,4),(67.,68.),.UNSPECIFIED.);
#1366=B_SPLINE_CURVE_WITH_KNOTS('',3,(#3381,#3382,#3383,#3384),.UNSPECIFIED.,
.F.,.F.,(4,4),(66.,67.),.UNSPECIFIED.);
#1367=B_SPLINE_CURVE_WITH_KNOTS('',3,(#3385,#3386,#3387,#3388),.UNSPECIFIED.,
.F.,.F.,(4,4),(65.,66.),.UNSPECIFIED.);
#1368=B_SPLINE_CURVE_WITH_KNOTS('',3,(#3389,#3390,#3391,#3392),.UNSPECIFIED.,
.F.,.F.,(4,4),(64.,65.),.UNSPECIFIED.);
#1369=B_SPLINE_CURVE_WITH_KNOTS('',3,(#3393,#3394,#3395,#3396),.UNSPECIFIED.,
.F.,.F.,(4,4),(63.,64.),.UNSPECIFIED.);
#1370=B_SPLINE_CURVE_WITH_KNOTS('',3,(#3397,#3398,#3399,#3400),.UNSPECIFIED.,
.F.,.F.,(4,4),(62.,63.),.UNSPECIFIED.);
#1371=B_SPLINE_CURVE_WITH_KNOTS('',3,(#3401,#3402,#3403,#3404),.UNSPECIFIED.,
.F.,.F.,(4,4),(61.,62.),.UNSPECIFIED.);
#1372=B_SPLINE_CURVE_WITH_KNOTS('',3,(#3405,#3406,#3407,#3408),.UNSPECIFIED.,
.F.,.F.,(4,4),(60.,61.),.UNSPECIFIED.);
#1373=B_SPLINE_CURVE_WITH_KNOTS('',3,(#3409,#3410,#3411,#3412),.UNSPECIFIED.,
.F.,.F.,(4,4),(59.,60.),.UNSPECIFIED.);
#1374=B_SPLINE_CURVE_WITH_KNOTS('',3,(#3413,#3414,#3415,#3416),.UNSPECIFIED.,
.F.,.F.,(4,4),(58.,59.),.UNSPECIFIED.);
#1375=B_SPLINE_CURVE_WITH_KNOTS('',3,(#3417,#3418,#3419,#3420),.UNSPECIFIED.,
.F.,.F.,(4,4),(57.,58.),.UNSPECIFIED.);
#1376=B_SPLINE_CURVE_WITH_KNOTS('',3,(#3421,#3422,#3423,#3424),.UNSPECIFIED.,
.F.,.F.,(4,4),(56.,57.),.UNSPECIFIED.);
#1377=B_SPLINE_CURVE_WITH_KNOTS('',3,(#3425,#3426,#3427,#3428),.UNSPECIFIED.,
.F.,.F.,(4,4),(55.,56.),.UNSPECIFIED.);
#1378=B_SPLINE_CURVE_WITH_KNOTS('',3,(#3429,#3430,#3431,#3432),.UNSPECIFIED.,
.F.,.F.,(4,4),(54.,55.),.UNSPECIFIED.);
#1379=B_SPLINE_CURVE_WITH_KNOTS('',3,(#3433,#3434,#3435,#3436),.UNSPECIFIED.,
.F.,.F.,(4,4),(53.,54.),.UNSPECIFIED.);
#1380=B_SPLINE_CURVE_WITH_KNOTS('',3,(#3437,#3438,#3439,#3440),.UNSPECIFIED.,
.F.,.F.,(4,4),(52.,53.),.UNSPECIFIED.);
#1381=B_SPLINE_CURVE_WITH_KNOTS('',3,(#3441,#3442,#3443,#3444),.UNSPECIFIED.,
.F.,.F.,(4,4),(51.,52.),.UNSPECIFIED.);
#1382=B_SPLINE_CURVE_WITH_KNOTS('',3,(#3445,#3446,#3447,#3448),.UNSPECIFIED.,
.F.,.F.,(4,4),(50.,51.),.UNSPECIFIED.);
#1383=B_SPLINE_CURVE_WITH_KNOTS('',3,(#3449,#3450,#3451,#3452),.UNSPECIFIED.,
.F.,.F.,(4,4),(49.,50.),.UNSPECIFIED.);
#1384=B_SPLINE_CURVE_WITH_KNOTS('',3,(#3453,#3454,#3455,#3456),.UNSPECIFIED.,
.F.,.F.,(4,4),(48.,49.),.UNSPECIFIED.);
#1385=B_SPLINE_CURVE_WITH_KNOTS('',3,(#3457,#3458,#3459,#3460),.UNSPECIFIED.,
.F.,.F.,(4,4),(47.,48.),.UNSPECIFIED.);
#1386=B_SPLINE_CURVE_WITH_KNOTS('',3,(#3461,#3462,#3463,#3464),.UNSPECIFIED.,
.F.,.F.,(4,4),(46.,47.),.UNSPECIFIED.);
#1387=B_SPLINE_CURVE_WITH_KNOTS('',3,(#3465,#3466,#3467,#3468),.UNSPECIFIED.,
.F.,.F.,(4,4),(45.,46.),.UNSPECIFIED.);
#1388=B_SPLINE_CURVE_WITH_KNOTS('',3,(#3469,#3470,#3471,#3472),.UNSPECIFIED.,
.F.,.F.,(4,4),(44.,45.),.UNSPECIFIED.);
#1389=B_SPLINE_CURVE_WITH_KNOTS('',3,(#3473,#3474,#3475,#3476),.UNSPECIFIED.,
.F.,.F.,(4,4),(43.,44.),.UNSPECIFIED.);
#1390=B_SPLINE_CURVE_WITH_KNOTS('',3,(#3477,#3478,#3479,#3480),.UNSPECIFIED.,
.F.,.F.,(4,4),(42.,43.),.UNSPECIFIED.);
#1391=B_SPLINE_CURVE_WITH_KNOTS('',3,(#3481,#3482,#3483,#3484),.UNSPECIFIED.,
.F.,.F.,(4,4),(41.,42.),.UNSPECIFIED.);
#1392=B_SPLINE_CURVE_WITH_KNOTS('',3,(#3485,#3486,#3487,#3488),.UNSPECIFIED.,
.F.,.F.,(4,4),(40.,41.),.UNSPECIFIED.);
#1393=B_SPLINE_CURVE_WITH_KNOTS('',3,(#3489,#3490,#3491,#3492),.UNSPECIFIED.,
.F.,.F.,(4,4),(39.,40.),.UNSPECIFIED.);
#1394=B_SPLINE_CURVE_WITH_KNOTS('',3,(#3493,#3494,#3495,#3496),.UNSPECIFIED.,
.F.,.F.,(4,4),(38.,39.),.UNSPECIFIED.);
#1395=B_SPLINE_CURVE_WITH_KNOTS('',3,(#3497,#3498,#3499,#3500),.UNSPECIFIED.,
.F.,.F.,(4,4),(37.,38.),.UNSPECIFIED.);
#1396=B_SPLINE_CURVE_WITH_KNOTS('',3,(#3501,#3502,#3503,#3504),.UNSPECIFIED.,
.F.,.F.,(4,4),(36.,37.),.UNSPECIFIED.);
#1397=B_SPLINE_CURVE_WITH_KNOTS('',3,(#3505,#3506,#3507,#3508),.UNSPECIFIED.,
.F.,.F.,(4,4),(35.,36.),.UNSPECIFIED.);
#1398=B_SPLINE_CURVE_WITH_KNOTS('',3,(#3509,#3510,#3511,#3512),.UNSPECIFIED.,
.F.,.F.,(4,4),(34.,35.),.UNSPECIFIED.);
#1399=B_SPLINE_CURVE_WITH_KNOTS('',3,(#3513,#3514,#3515,#3516),.UNSPECIFIED.,
.F.,.F.,(4,4),(33.,34.),.UNSPECIFIED.);
#1400=B_SPLINE_CURVE_WITH_KNOTS('',3,(#3517,#3518,#3519,#3520),.UNSPECIFIED.,
.F.,.F.,(4,4),(32.,33.),.UNSPECIFIED.);
#1401=B_SPLINE_CURVE_WITH_KNOTS('',3,(#3521,#3522,#3523,#3524,#3525,#3526,
#3527),.UNSPECIFIED.,.F.,.F.,(4,3,4),(30.,31.,32.),.UNSPECIFIED.);
#1402=B_SPLINE_CURVE_WITH_KNOTS('',3,(#3528,#3529,#3530,#3531),.UNSPECIFIED.,
.F.,.F.,(4,4),(29.,30.),.UNSPECIFIED.);
#1403=B_SPLINE_CURVE_WITH_KNOTS('',3,(#3532,#3533,#3534,#3535),.UNSPECIFIED.,
.F.,.F.,(4,4),(28.,29.),.UNSPECIFIED.);
#1404=B_SPLINE_CURVE_WITH_KNOTS('',3,(#3536,#3537,#3538,#3539),.UNSPECIFIED.,
.F.,.F.,(4,4),(27.,28.),.UNSPECIFIED.);
#1405=B_SPLINE_CURVE_WITH_KNOTS('',3,(#3540,#3541,#3542,#3543),.UNSPECIFIED.,
.F.,.F.,(4,4),(26.,27.),.UNSPECIFIED.);
#1406=B_SPLINE_CURVE_WITH_KNOTS('',3,(#3544,#3545,#3546,#3547),.UNSPECIFIED.,
.F.,.F.,(4,4),(25.,26.),.UNSPECIFIED.);
#1407=B_SPLINE_CURVE_WITH_KNOTS('',3,(#3548,#3549,#3550,#3551),.UNSPECIFIED.,
.F.,.F.,(4,4),(24.,25.),.UNSPECIFIED.);
#1408=B_SPLINE_CURVE_WITH_KNOTS('',3,(#3552,#3553,#3554,#3555),.UNSPECIFIED.,
.F.,.F.,(4,4),(23.,24.),.UNSPECIFIED.);
#1409=B_SPLINE_CURVE_WITH_KNOTS('',3,(#3556,#3557,#3558,#3559),.UNSPECIFIED.,
.F.,.F.,(4,4),(22.,23.),.UNSPECIFIED.);
#1410=B_SPLINE_CURVE_WITH_KNOTS('',3,(#3560,#3561,#3562,#3563),.UNSPECIFIED.,
.F.,.F.,(4,4),(21.,22.),.UNSPECIFIED.);
#1411=B_SPLINE_CURVE_WITH_KNOTS('',3,(#3564,#3565,#3566,#3567),.UNSPECIFIED.,
.F.,.F.,(4,4),(20.,21.),.UNSPECIFIED.);
#1412=B_SPLINE_CURVE_WITH_KNOTS('',3,(#3568,#3569,#3570,#3571),.UNSPECIFIED.,
.F.,.F.,(4,4),(19.,20.),.UNSPECIFIED.);
#1413=B_SPLINE_CURVE_WITH_KNOTS('',3,(#3572,#3573,#3574,#3575),.UNSPECIFIED.,
.F.,.F.,(4,4),(18.,19.),.UNSPECIFIED.);
#1414=B_SPLINE_CURVE_WITH_KNOTS('',3,(#3576,#3577,#3578,#3579),.UNSPECIFIED.,
.F.,.F.,(4,4),(17.,18.),.UNSPECIFIED.);
#1415=B_SPLINE_CURVE_WITH_KNOTS('',3,(#3580,#3581,#3582,#3583),.UNSPECIFIED.,
.F.,.F.,(4,4),(16.,17.),.UNSPECIFIED.);
#1416=B_SPLINE_CURVE_WITH_KNOTS('',3,(#3584,#3585,#3586,#3587),.UNSPECIFIED.,
.F.,.F.,(4,4),(15.,16.),.UNSPECIFIED.);
#1417=B_SPLINE_CURVE_WITH_KNOTS('',3,(#3588,#3589,#3590,#3591),.UNSPECIFIED.,
.F.,.F.,(4,4),(14.,15.),.UNSPECIFIED.);
#1418=B_SPLINE_CURVE_WITH_KNOTS('',3,(#3592,#3593,#3594,#3595),.UNSPECIFIED.,
.F.,.F.,(4,4),(13.,14.),.UNSPECIFIED.);
#1419=B_SPLINE_CURVE_WITH_KNOTS('',3,(#3596,#3597,#3598,#3599),.UNSPECIFIED.,
.F.,.F.,(4,4),(12.,13.),.UNSPECIFIED.);
#1420=B_SPLINE_CURVE_WITH_KNOTS('',3,(#3600,#3601,#3602,#3603),.UNSPECIFIED.,
.F.,.F.,(4,4),(11.,12.),.UNSPECIFIED.);
#1421=B_SPLINE_CURVE_WITH_KNOTS('',3,(#3604,#3605,#3606,#3607),.UNSPECIFIED.,
.F.,.F.,(4,4),(10.,11.),.UNSPECIFIED.);
#1422=B_SPLINE_CURVE_WITH_KNOTS('',3,(#3608,#3609,#3610,#3611),.UNSPECIFIED.,
.F.,.F.,(4,4),(9.,10.),.UNSPECIFIED.);
#1423=B_SPLINE_CURVE_WITH_KNOTS('',3,(#3612,#3613,#3614,#3615),.UNSPECIFIED.,
.F.,.F.,(4,4),(8.,9.),.UNSPECIFIED.);
#1424=B_SPLINE_CURVE_WITH_KNOTS('',3,(#3616,#3617,#3618,#3619),.UNSPECIFIED.,
.F.,.F.,(4,4),(7.,8.),.UNSPECIFIED.);
#1425=B_SPLINE_CURVE_WITH_KNOTS('',3,(#3620,#3621,#3622,#3623),.UNSPECIFIED.,
.F.,.F.,(4,4),(6.,7.),.UNSPECIFIED.);
#1426=B_SPLINE_CURVE_WITH_KNOTS('',3,(#3624,#3625,#3626,#3627),.UNSPECIFIED.,
.F.,.F.,(4,4),(5.,6.),.UNSPECIFIED.);
#1427=B_SPLINE_CURVE_WITH_KNOTS('',3,(#3628,#3629,#3630,#3631),.UNSPECIFIED.,
.F.,.F.,(4,4),(4.,5.),.UNSPECIFIED.);
#1428=B_SPLINE_CURVE_WITH_KNOTS('',3,(#3632,#3633,#3634,#3635),.UNSPECIFIED.,
.F.,.F.,(4,4),(3.,4.),.UNSPECIFIED.);
#1429=B_SPLINE_CURVE_WITH_KNOTS('',3,(#3636,#3637,#3638,#3639),.UNSPECIFIED.,
.F.,.F.,(4,4),(2.,3.),.UNSPECIFIED.);
#1430=B_SPLINE_CURVE_WITH_KNOTS('',3,(#3640,#3641,#3642,#3643),.UNSPECIFIED.,
.F.,.F.,(4,4),(1.,2.),.UNSPECIFIED.);
#1431=B_SPLINE_CURVE_WITH_KNOTS('',3,(#3644,#3645,#3646,#3647),.UNSPECIFIED.,
.F.,.F.,(4,4),(0.,1.),.UNSPECIFIED.);
#1432=B_SPLINE_CURVE_WITH_KNOTS('',3,(#3648,#3649,#3650,#3651),.UNSPECIFIED.,
.F.,.F.,(4,4),(116.,117.),.UNSPECIFIED.);
#1433=B_SPLINE_CURVE_WITH_KNOTS('',3,(#3652,#3653,#3654,#3655),.UNSPECIFIED.,
.F.,.F.,(4,4),(115.,116.),.UNSPECIFIED.);
#1434=B_SPLINE_CURVE_WITH_KNOTS('',3,(#3656,#3657,#3658,#3659),.UNSPECIFIED.,
.F.,.F.,(4,4),(114.,115.),.UNSPECIFIED.);
#1435=B_SPLINE_CURVE_WITH_KNOTS('',3,(#3660,#3661,#3662,#3663),.UNSPECIFIED.,
.F.,.F.,(4,4),(113.,114.),.UNSPECIFIED.);
#1436=B_SPLINE_CURVE_WITH_KNOTS('',3,(#3664,#3665,#3666,#3667),.UNSPECIFIED.,
.F.,.F.,(4,4),(112.,113.),.UNSPECIFIED.);
#1437=B_SPLINE_CURVE_WITH_KNOTS('',3,(#3668,#3669,#3670,#3671),.UNSPECIFIED.,
.F.,.F.,(4,4),(111.,112.),.UNSPECIFIED.);
#1438=B_SPLINE_CURVE_WITH_KNOTS('',3,(#3672,#3673,#3674,#3675),.UNSPECIFIED.,
.F.,.F.,(4,4),(110.,111.),.UNSPECIFIED.);
#1439=B_SPLINE_CURVE_WITH_KNOTS('',3,(#3676,#3677,#3678,#3679),.UNSPECIFIED.,
.F.,.F.,(4,4),(109.,110.),.UNSPECIFIED.);
#1440=B_SPLINE_CURVE_WITH_KNOTS('',3,(#3680,#3681,#3682,#3683),.UNSPECIFIED.,
.F.,.F.,(4,4),(108.,109.),.UNSPECIFIED.);
#1441=B_SPLINE_CURVE_WITH_KNOTS('',3,(#3684,#3685,#3686,#3687),.UNSPECIFIED.,
.F.,.F.,(4,4),(107.,108.),.UNSPECIFIED.);
#1442=B_SPLINE_CURVE_WITH_KNOTS('',3,(#3688,#3689,#3690,#3691),.UNSPECIFIED.,
.F.,.F.,(4,4),(106.,107.),.UNSPECIFIED.);
#1443=B_SPLINE_CURVE_WITH_KNOTS('',3,(#3692,#3693,#3694,#3695),.UNSPECIFIED.,
.F.,.F.,(4,4),(105.,106.),.UNSPECIFIED.);
#1444=B_SPLINE_CURVE_WITH_KNOTS('',3,(#3696,#3697,#3698,#3699),.UNSPECIFIED.,
.F.,.F.,(4,4),(104.,105.),.UNSPECIFIED.);
#1445=B_SPLINE_CURVE_WITH_KNOTS('',3,(#3700,#3701,#3702,#3703),.UNSPECIFIED.,
.F.,.F.,(4,4),(103.,104.),.UNSPECIFIED.);
#1446=B_SPLINE_CURVE_WITH_KNOTS('',3,(#3704,#3705,#3706,#3707),.UNSPECIFIED.,
.F.,.F.,(4,4),(102.,103.),.UNSPECIFIED.);
#1447=B_SPLINE_CURVE_WITH_KNOTS('',3,(#3708,#3709,#3710,#3711),.UNSPECIFIED.,
.F.,.F.,(4,4),(101.,102.),.UNSPECIFIED.);
#1448=B_SPLINE_CURVE_WITH_KNOTS('',3,(#3712,#3713,#3714,#3715),.UNSPECIFIED.,
.F.,.F.,(4,4),(100.,101.),.UNSPECIFIED.);
#1449=B_SPLINE_CURVE_WITH_KNOTS('',3,(#3716,#3717,#3718,#3719),.UNSPECIFIED.,
.F.,.F.,(4,4),(99.,100.),.UNSPECIFIED.);
#1450=B_SPLINE_CURVE_WITH_KNOTS('',3,(#3720,#3721,#3722,#3723),.UNSPECIFIED.,
.F.,.F.,(4,4),(98.,99.),.UNSPECIFIED.);
#1451=B_SPLINE_CURVE_WITH_KNOTS('',3,(#3724,#3725,#3726,#3727),.UNSPECIFIED.,
.F.,.F.,(4,4),(97.,98.),.UNSPECIFIED.);
#1452=B_SPLINE_CURVE_WITH_KNOTS('',3,(#3728,#3729,#3730,#3731),.UNSPECIFIED.,
.F.,.F.,(4,4),(96.,97.),.UNSPECIFIED.);
#1453=B_SPLINE_CURVE_WITH_KNOTS('',3,(#3732,#3733,#3734,#3735),.UNSPECIFIED.,
.F.,.F.,(4,4),(95.,96.),.UNSPECIFIED.);
#1454=B_SPLINE_CURVE_WITH_KNOTS('',3,(#3736,#3737,#3738,#3739),.UNSPECIFIED.,
.F.,.F.,(4,4),(94.,95.),.UNSPECIFIED.);
#1455=B_SPLINE_CURVE_WITH_KNOTS('',3,(#3740,#3741,#3742,#3743),.UNSPECIFIED.,
.F.,.F.,(4,4),(93.,94.),.UNSPECIFIED.);
#1456=B_SPLINE_CURVE_WITH_KNOTS('',3,(#3744,#3745,#3746,#3747),.UNSPECIFIED.,
.F.,.F.,(4,4),(92.,93.),.UNSPECIFIED.);
#1457=B_SPLINE_CURVE_WITH_KNOTS('',3,(#3748,#3749,#3750,#3751),.UNSPECIFIED.,
.F.,.F.,(4,4),(91.,92.),.UNSPECIFIED.);
#1458=B_SPLINE_CURVE_WITH_KNOTS('',3,(#3752,#3753,#3754,#3755),.UNSPECIFIED.,
.F.,.F.,(4,4),(90.,91.),.UNSPECIFIED.);
#1459=B_SPLINE_CURVE_WITH_KNOTS('',3,(#3756,#3757,#3758,#3759),.UNSPECIFIED.,
.F.,.F.,(4,4),(89.,90.),.UNSPECIFIED.);
#1460=B_SPLINE_CURVE_WITH_KNOTS('',3,(#3760,#3761,#3762,#3763),.UNSPECIFIED.,
.F.,.F.,(4,4),(88.,89.),.UNSPECIFIED.);
#1461=B_SPLINE_CURVE_WITH_KNOTS('',3,(#3764,#3765,#3766,#3767),.UNSPECIFIED.,
.F.,.F.,(4,4),(87.,88.),.UNSPECIFIED.);
#1462=B_SPLINE_CURVE_WITH_KNOTS('',3,(#3768,#3769,#3770,#3771),.UNSPECIFIED.,
.F.,.F.,(4,4),(86.,87.),.UNSPECIFIED.);
#1463=B_SPLINE_CURVE_WITH_KNOTS('',3,(#3772,#3773,#3774,#3775),.UNSPECIFIED.,
.F.,.F.,(4,4),(85.,86.),.UNSPECIFIED.);
#1464=B_SPLINE_CURVE_WITH_KNOTS('',3,(#3776,#3777,#3778,#3779),.UNSPECIFIED.,
.F.,.F.,(4,4),(84.,85.),.UNSPECIFIED.);
#1465=B_SPLINE_CURVE_WITH_KNOTS('',3,(#3780,#3781,#3782,#3783),.UNSPECIFIED.,
.F.,.F.,(4,4),(83.,84.),.UNSPECIFIED.);
#1466=B_SPLINE_CURVE_WITH_KNOTS('',3,(#3784,#3785,#3786,#3787),.UNSPECIFIED.,
.F.,.F.,(4,4),(82.,83.),.UNSPECIFIED.);
#1467=B_SPLINE_CURVE_WITH_KNOTS('',3,(#3788,#3789,#3790,#3791),.UNSPECIFIED.,
.F.,.F.,(4,4),(81.,82.),.UNSPECIFIED.);
#1468=B_SPLINE_CURVE_WITH_KNOTS('',3,(#3792,#3793,#3794,#3795),.UNSPECIFIED.,
.F.,.F.,(4,4),(80.,81.),.UNSPECIFIED.);
#1469=B_SPLINE_CURVE_WITH_KNOTS('',3,(#3796,#3797,#3798,#3799),.UNSPECIFIED.,
.F.,.F.,(4,4),(79.,80.),.UNSPECIFIED.);
#1470=B_SPLINE_CURVE_WITH_KNOTS('',3,(#3800,#3801,#3802,#3803),.UNSPECIFIED.,
.F.,.F.,(4,4),(78.,79.),.UNSPECIFIED.);
#1471=B_SPLINE_CURVE_WITH_KNOTS('',3,(#3804,#3805,#3806,#3807),.UNSPECIFIED.,
.F.,.F.,(4,4),(77.,78.),.UNSPECIFIED.);
#1472=B_SPLINE_CURVE_WITH_KNOTS('',3,(#3808,#3809,#3810,#3811),.UNSPECIFIED.,
.F.,.F.,(4,4),(76.,77.),.UNSPECIFIED.);
#1473=B_SPLINE_CURVE_WITH_KNOTS('',3,(#3812,#3813,#3814,#3815),.UNSPECIFIED.,
.F.,.F.,(4,4),(75.,76.),.UNSPECIFIED.);
#1474=B_SPLINE_CURVE_WITH_KNOTS('',3,(#3816,#3817,#3818,#3819),.UNSPECIFIED.,
.F.,.F.,(4,4),(74.,75.),.UNSPECIFIED.);
#1475=B_SPLINE_CURVE_WITH_KNOTS('',3,(#3820,#3821,#3822,#3823),.UNSPECIFIED.,
.F.,.F.,(4,4),(73.,74.),.UNSPECIFIED.);
#1476=B_SPLINE_CURVE_WITH_KNOTS('',3,(#3824,#3825,#3826,#3827),.UNSPECIFIED.,
.F.,.F.,(4,4),(72.,73.),.UNSPECIFIED.);
#1477=B_SPLINE_CURVE_WITH_KNOTS('',3,(#3828,#3829,#3830,#3831),.UNSPECIFIED.,
.F.,.F.,(4,4),(71.,72.),.UNSPECIFIED.);
#1478=B_SPLINE_CURVE_WITH_KNOTS('',3,(#3832,#3833,#3834,#3835),.UNSPECIFIED.,
.F.,.F.,(4,4),(70.,71.),.UNSPECIFIED.);
#1479=B_SPLINE_CURVE_WITH_KNOTS('',3,(#3836,#3837,#3838,#3839),.UNSPECIFIED.,
.F.,.F.,(4,4),(69.,70.),.UNSPECIFIED.);
#1480=B_SPLINE_CURVE_WITH_KNOTS('',3,(#3840,#3841,#3842,#3843),.UNSPECIFIED.,
.F.,.F.,(4,4),(68.,69.),.UNSPECIFIED.);
#1481=B_SPLINE_CURVE_WITH_KNOTS('',3,(#3844,#3845,#3846,#3847),.UNSPECIFIED.,
.F.,.F.,(4,4),(67.,68.),.UNSPECIFIED.);
#1482=B_SPLINE_CURVE_WITH_KNOTS('',3,(#3848,#3849,#3850,#3851),.UNSPECIFIED.,
.F.,.F.,(4,4),(66.,67.),.UNSPECIFIED.);
#1483=B_SPLINE_CURVE_WITH_KNOTS('',3,(#3852,#3853,#3854,#3855),.UNSPECIFIED.,
.F.,.F.,(4,4),(65.,66.),.UNSPECIFIED.);
#1484=B_SPLINE_CURVE_WITH_KNOTS('',3,(#3856,#3857,#3858,#3859),.UNSPECIFIED.,
.F.,.F.,(4,4),(64.,65.),.UNSPECIFIED.);
#1485=B_SPLINE_CURVE_WITH_KNOTS('',3,(#3860,#3861,#3862,#3863),.UNSPECIFIED.,
.F.,.F.,(4,4),(63.,64.),.UNSPECIFIED.);
#1486=B_SPLINE_CURVE_WITH_KNOTS('',3,(#3864,#3865,#3866,#3867),.UNSPECIFIED.,
.F.,.F.,(4,4),(62.,63.),.UNSPECIFIED.);
#1487=B_SPLINE_CURVE_WITH_KNOTS('',3,(#3868,#3869,#3870,#3871),.UNSPECIFIED.,
.F.,.F.,(4,4),(61.,62.),.UNSPECIFIED.);
#1488=B_SPLINE_CURVE_WITH_KNOTS('',3,(#3872,#3873,#3874,#3875),.UNSPECIFIED.,
.F.,.F.,(4,4),(60.,61.),.UNSPECIFIED.);
#1489=B_SPLINE_CURVE_WITH_KNOTS('',3,(#3876,#3877,#3878,#3879),.UNSPECIFIED.,
.F.,.F.,(4,4),(59.,60.),.UNSPECIFIED.);
#1490=B_SPLINE_CURVE_WITH_KNOTS('',3,(#3880,#3881,#3882,#3883),.UNSPECIFIED.,
.F.,.F.,(4,4),(58.,59.),.UNSPECIFIED.);
#1491=B_SPLINE_CURVE_WITH_KNOTS('',3,(#3884,#3885,#3886,#3887),.UNSPECIFIED.,
.F.,.F.,(4,4),(57.,58.),.UNSPECIFIED.);
#1492=B_SPLINE_CURVE_WITH_KNOTS('',3,(#3888,#3889,#3890,#3891),.UNSPECIFIED.,
.F.,.F.,(4,4),(56.,57.),.UNSPECIFIED.);
#1493=B_SPLINE_CURVE_WITH_KNOTS('',3,(#3892,#3893,#3894,#3895),.UNSPECIFIED.,
.F.,.F.,(4,4),(55.,56.),.UNSPECIFIED.);
#1494=B_SPLINE_CURVE_WITH_KNOTS('',3,(#3896,#3897,#3898,#3899),.UNSPECIFIED.,
.F.,.F.,(4,4),(54.,55.),.UNSPECIFIED.);
#1495=B_SPLINE_CURVE_WITH_KNOTS('',3,(#3900,#3901,#3902,#3903),.UNSPECIFIED.,
.F.,.F.,(4,4),(53.,54.),.UNSPECIFIED.);
#1496=B_SPLINE_CURVE_WITH_KNOTS('',3,(#3904,#3905,#3906,#3907),.UNSPECIFIED.,
.F.,.F.,(4,4),(52.,53.),.UNSPECIFIED.);
#1497=B_SPLINE_CURVE_WITH_KNOTS('',3,(#3908,#3909,#3910,#3911),.UNSPECIFIED.,
.F.,.F.,(4,4),(51.,52.),.UNSPECIFIED.);
#1498=B_SPLINE_CURVE_WITH_KNOTS('',3,(#3912,#3913,#3914,#3915),.UNSPECIFIED.,
.F.,.F.,(4,4),(50.,51.),.UNSPECIFIED.);
#1499=B_SPLINE_CURVE_WITH_KNOTS('',3,(#3916,#3917,#3918,#3919),.UNSPECIFIED.,
.F.,.F.,(4,4),(49.,50.),.UNSPECIFIED.);
#1500=B_SPLINE_CURVE_WITH_KNOTS('',3,(#3920,#3921,#3922,#3923),.UNSPECIFIED.,
.F.,.F.,(4,4),(48.,49.),.UNSPECIFIED.);
#1501=B_SPLINE_CURVE_WITH_KNOTS('',3,(#3924,#3925,#3926,#3927),.UNSPECIFIED.,
.F.,.F.,(4,4),(47.,48.),.UNSPECIFIED.);
#1502=B_SPLINE_CURVE_WITH_KNOTS('',3,(#3928,#3929,#3930,#3931),.UNSPECIFIED.,
.F.,.F.,(4,4),(46.,47.),.UNSPECIFIED.);
#1503=B_SPLINE_CURVE_WITH_KNOTS('',3,(#3932,#3933,#3934,#3935),.UNSPECIFIED.,
.F.,.F.,(4,4),(45.,46.),.UNSPECIFIED.);
#1504=B_SPLINE_CURVE_WITH_KNOTS('',3,(#3936,#3937,#3938,#3939),.UNSPECIFIED.,
.F.,.F.,(4,4),(44.,45.),.UNSPECIFIED.);
#1505=B_SPLINE_CURVE_WITH_KNOTS('',3,(#3940,#3941,#3942,#3943),.UNSPECIFIED.,
.F.,.F.,(4,4),(43.,44.),.UNSPECIFIED.);
#1506=B_SPLINE_CURVE_WITH_KNOTS('',3,(#3944,#3945,#3946,#3947),.UNSPECIFIED.,
.F.,.F.,(4,4),(42.,43.),.UNSPECIFIED.);
#1507=B_SPLINE_CURVE_WITH_KNOTS('',3,(#3948,#3949,#3950,#3951),.UNSPECIFIED.,
.F.,.F.,(4,4),(41.,42.),.UNSPECIFIED.);
#1508=B_SPLINE_CURVE_WITH_KNOTS('',3,(#3952,#3953,#3954,#3955),.UNSPECIFIED.,
.F.,.F.,(4,4),(40.,41.),.UNSPECIFIED.);
#1509=B_SPLINE_CURVE_WITH_KNOTS('',3,(#3956,#3957,#3958,#3959),.UNSPECIFIED.,
.F.,.F.,(4,4),(39.,40.),.UNSPECIFIED.);
#1510=B_SPLINE_CURVE_WITH_KNOTS('',3,(#3960,#3961,#3962,#3963),.UNSPECIFIED.,
.F.,.F.,(4,4),(38.,39.),.UNSPECIFIED.);
#1511=B_SPLINE_CURVE_WITH_KNOTS('',3,(#3964,#3965,#3966,#3967),.UNSPECIFIED.,
.F.,.F.,(4,4),(37.,38.),.UNSPECIFIED.);
#1512=B_SPLINE_CURVE_WITH_KNOTS('',3,(#3968,#3969,#3970,#3971),.UNSPECIFIED.,
.F.,.F.,(4,4),(36.,37.),.UNSPECIFIED.);
#1513=B_SPLINE_CURVE_WITH_KNOTS('',3,(#3972,#3973,#3974,#3975),.UNSPECIFIED.,
.F.,.F.,(4,4),(35.,36.),.UNSPECIFIED.);
#1514=B_SPLINE_CURVE_WITH_KNOTS('',3,(#3976,#3977,#3978,#3979),.UNSPECIFIED.,
.F.,.F.,(4,4),(34.,35.),.UNSPECIFIED.);
#1515=B_SPLINE_CURVE_WITH_KNOTS('',3,(#3980,#3981,#3982,#3983),.UNSPECIFIED.,
.F.,.F.,(4,4),(33.,34.),.UNSPECIFIED.);
#1516=B_SPLINE_CURVE_WITH_KNOTS('',3,(#3984,#3985,#3986,#3987),.UNSPECIFIED.,
.F.,.F.,(4,4),(32.,33.),.UNSPECIFIED.);
#1517=B_SPLINE_CURVE_WITH_KNOTS('',3,(#3988,#3989,#3990,#3991,#3992,#3993,
#3994),.UNSPECIFIED.,.F.,.F.,(4,3,4),(30.,31.,32.),.UNSPECIFIED.);
#1518=B_SPLINE_CURVE_WITH_KNOTS('',3,(#3995,#3996,#3997,#3998),.UNSPECIFIED.,
.F.,.F.,(4,4),(29.,30.),.UNSPECIFIED.);
#1519=B_SPLINE_CURVE_WITH_KNOTS('',3,(#3999,#4000,#4001,#4002),.UNSPECIFIED.,
.F.,.F.,(4,4),(28.,29.),.UNSPECIFIED.);
#1520=B_SPLINE_CURVE_WITH_KNOTS('',3,(#4003,#4004,#4005,#4006),.UNSPECIFIED.,
.F.,.F.,(4,4),(27.,28.),.UNSPECIFIED.);
#1521=B_SPLINE_CURVE_WITH_KNOTS('',3,(#4007,#4008,#4009,#4010),.UNSPECIFIED.,
.F.,.F.,(4,4),(26.,27.),.UNSPECIFIED.);
#1522=B_SPLINE_CURVE_WITH_KNOTS('',3,(#4011,#4012,#4013,#4014),.UNSPECIFIED.,
.F.,.F.,(4,4),(25.,26.),.UNSPECIFIED.);
#1523=B_SPLINE_CURVE_WITH_KNOTS('',3,(#4015,#4016,#4017,#4018),.UNSPECIFIED.,
.F.,.F.,(4,4),(24.,25.),.UNSPECIFIED.);
#1524=B_SPLINE_CURVE_WITH_KNOTS('',3,(#4019,#4020,#4021,#4022),.UNSPECIFIED.,
.F.,.F.,(4,4),(23.,24.),.UNSPECIFIED.);
#1525=B_SPLINE_CURVE_WITH_KNOTS('',3,(#4023,#4024,#4025,#4026),.UNSPECIFIED.,
.F.,.F.,(4,4),(22.,23.),.UNSPECIFIED.);
#1526=B_SPLINE_CURVE_WITH_KNOTS('',3,(#4027,#4028,#4029,#4030),.UNSPECIFIED.,
.F.,.F.,(4,4),(21.,22.),.UNSPECIFIED.);
#1527=B_SPLINE_CURVE_WITH_KNOTS('',3,(#4031,#4032,#4033,#4034),.UNSPECIFIED.,
.F.,.F.,(4,4),(20.,21.),.UNSPECIFIED.);
#1528=B_SPLINE_CURVE_WITH_KNOTS('',3,(#4035,#4036,#4037,#4038),.UNSPECIFIED.,
.F.,.F.,(4,4),(19.,20.),.UNSPECIFIED.);
#1529=B_SPLINE_CURVE_WITH_KNOTS('',3,(#4039,#4040,#4041,#4042),.UNSPECIFIED.,
.F.,.F.,(4,4),(18.,19.),.UNSPECIFIED.);
#1530=B_SPLINE_CURVE_WITH_KNOTS('',3,(#4043,#4044,#4045,#4046),.UNSPECIFIED.,
.F.,.F.,(4,4),(17.,18.),.UNSPECIFIED.);
#1531=B_SPLINE_CURVE_WITH_KNOTS('',3,(#4047,#4048,#4049,#4050),.UNSPECIFIED.,
.F.,.F.,(4,4),(16.,17.),.UNSPECIFIED.);
#1532=B_SPLINE_CURVE_WITH_KNOTS('',3,(#4051,#4052,#4053,#4054),.UNSPECIFIED.,
.F.,.F.,(4,4),(15.,16.),.UNSPECIFIED.);
#1533=B_SPLINE_CURVE_WITH_KNOTS('',3,(#4055,#4056,#4057,#4058),.UNSPECIFIED.,
.F.,.F.,(4,4),(14.,15.),.UNSPECIFIED.);
#1534=B_SPLINE_CURVE_WITH_KNOTS('',3,(#4059,#4060,#4061,#4062),.UNSPECIFIED.,
.F.,.F.,(4,4),(13.,14.),.UNSPECIFIED.);
#1535=B_SPLINE_CURVE_WITH_KNOTS('',3,(#4063,#4064,#4065,#4066),.UNSPECIFIED.,
.F.,.F.,(4,4),(12.,13.),.UNSPECIFIED.);
#1536=B_SPLINE_CURVE_WITH_KNOTS('',3,(#4067,#4068,#4069,#4070),.UNSPECIFIED.,
.F.,.F.,(4,4),(11.,12.),.UNSPECIFIED.);
#1537=B_SPLINE_CURVE_WITH_KNOTS('',3,(#4071,#4072,#4073,#4074),.UNSPECIFIED.,
.F.,.F.,(4,4),(10.,11.),.UNSPECIFIED.);
#1538=B_SPLINE_CURVE_WITH_KNOTS('',3,(#4075,#4076,#4077,#4078),.UNSPECIFIED.,
.F.,.F.,(4,4),(9.,10.),.UNSPECIFIED.);
#1539=B_SPLINE_CURVE_WITH_KNOTS('',3,(#4079,#4080,#4081,#4082),.UNSPECIFIED.,
.F.,.F.,(4,4),(8.,9.),.UNSPECIFIED.);
#1540=B_SPLINE_CURVE_WITH_KNOTS('',3,(#4083,#4084,#4085,#4086),.UNSPECIFIED.,
.F.,.F.,(4,4),(7.,8.),.UNSPECIFIED.);
#1541=B_SPLINE_CURVE_WITH_KNOTS('',3,(#4087,#4088,#4089,#4090),.UNSPECIFIED.,
.F.,.F.,(4,4),(6.,7.),.UNSPECIFIED.);
#1542=B_SPLINE_CURVE_WITH_KNOTS('',3,(#4091,#4092,#4093,#4094),.UNSPECIFIED.,
.F.,.F.,(4,4),(5.,6.),.UNSPECIFIED.);
#1543=B_SPLINE_CURVE_WITH_KNOTS('',3,(#4095,#4096,#4097,#4098),.UNSPECIFIED.,
.F.,.F.,(4,4),(4.,5.),.UNSPECIFIED.);
#1544=B_SPLINE_CURVE_WITH_KNOTS('',3,(#4099,#4100,#4101,#4102),.UNSPECIFIED.,
.F.,.F.,(4,4),(3.,4.),.UNSPECIFIED.);
#1545=B_SPLINE_CURVE_WITH_KNOTS('',3,(#4103,#4104,#4105,#4106),.UNSPECIFIED.,
.F.,.F.,(4,4),(2.,3.),.UNSPECIFIED.);
#1546=B_SPLINE_CURVE_WITH_KNOTS('',3,(#4107,#4108,#4109,#4110),.UNSPECIFIED.,
.F.,.F.,(4,4),(1.,2.),.UNSPECIFIED.);
#1547=B_SPLINE_CURVE_WITH_KNOTS('',3,(#4111,#4112,#4113,#4114),.UNSPECIFIED.,
.F.,.F.,(4,4),(0.,1.),.UNSPECIFIED.);
#1548=B_SPLINE_CURVE_WITH_KNOTS('',3,(#4115,#4116,#4117,#4118),.UNSPECIFIED.,
.F.,.F.,(4,4),(116.,117.),.UNSPECIFIED.);
#1549=B_SPLINE_CURVE_WITH_KNOTS('',3,(#4150,#4151,#4152,#4153,#4154,#4155,
#4156),.UNSPECIFIED.,.F.,.F.,(4,3,4),(30.,31.,32.),.UNSPECIFIED.);
#1550=EDGE_CURVE('',#2246,#2362,#1898,.T.);
#1551=EDGE_CURVE('',#2245,#2361,#1899,.T.);
#1552=EDGE_CURVE('',#2244,#2360,#1900,.T.);
#1553=EDGE_CURVE('',#2243,#2359,#1901,.T.);
#1554=EDGE_CURVE('',#2242,#2358,#1902,.T.);
#1555=EDGE_CURVE('',#2241,#2357,#1903,.T.);
#1556=EDGE_CURVE('',#2240,#2356,#1904,.T.);
#1557=EDGE_CURVE('',#2239,#2355,#1905,.T.);
#1558=EDGE_CURVE('',#2238,#2354,#1906,.T.);
#1559=EDGE_CURVE('',#2237,#2353,#1907,.T.);
#1560=EDGE_CURVE('',#2236,#2352,#1908,.T.);
#1561=EDGE_CURVE('',#2235,#2351,#1909,.T.);
#1562=EDGE_CURVE('',#2234,#2350,#1910,.T.);
#1563=EDGE_CURVE('',#2233,#2349,#1911,.T.);
#1564=EDGE_CURVE('',#2232,#2348,#1912,.T.);
#1565=EDGE_CURVE('',#2231,#2347,#1913,.T.);
#1566=EDGE_CURVE('',#2230,#2346,#1914,.T.);
#1567=EDGE_CURVE('',#2229,#2345,#1915,.T.);
#1568=EDGE_CURVE('',#2228,#2344,#1916,.T.);
#1569=EDGE_CURVE('',#2227,#2343,#1917,.T.);
#1570=EDGE_CURVE('',#2226,#2342,#1918,.T.);
#1571=EDGE_CURVE('',#2225,#2341,#1919,.T.);
#1572=EDGE_CURVE('',#2224,#2340,#1920,.T.);
#1573=EDGE_CURVE('',#2223,#2339,#1921,.T.);
#1574=EDGE_CURVE('',#2222,#2338,#1922,.T.);
#1575=EDGE_CURVE('',#2221,#2337,#1923,.T.);
#1576=EDGE_CURVE('',#2220,#2336,#1924,.T.);
#1577=EDGE_CURVE('',#2219,#2335,#1925,.T.);
#1578=EDGE_CURVE('',#2218,#2334,#1926,.T.);
#1579=EDGE_CURVE('',#2217,#2333,#1927,.T.);
#1580=EDGE_CURVE('',#2216,#2332,#1928,.T.);
#1581=EDGE_CURVE('',#2215,#2331,#1929,.T.);
#1582=EDGE_CURVE('',#2214,#2330,#1930,.T.);
#1583=EDGE_CURVE('',#2213,#2329,#1931,.T.);
#1584=EDGE_CURVE('',#2212,#2328,#1932,.T.);
#1585=EDGE_CURVE('',#2211,#2327,#1933,.T.);
#1586=EDGE_CURVE('',#2210,#2326,#1934,.T.);
#1587=EDGE_CURVE('',#2209,#2325,#1935,.T.);
#1588=EDGE_CURVE('',#2208,#2324,#1936,.T.);
#1589=EDGE_CURVE('',#2207,#2323,#1937,.T.);
#1590=EDGE_CURVE('',#2206,#2322,#1938,.T.);
#1591=EDGE_CURVE('',#2205,#2321,#1939,.T.);
#1592=EDGE_CURVE('',#2204,#2320,#1940,.T.);
#1593=EDGE_CURVE('',#2203,#2319,#1941,.T.);
#1594=EDGE_CURVE('',#2202,#2318,#1942,.T.);
#1595=EDGE_CURVE('',#2201,#2317,#1943,.T.);
#1596=EDGE_CURVE('',#2200,#2316,#1944,.T.);
#1597=EDGE_CURVE('',#2199,#2315,#1945,.T.);
#1598=EDGE_CURVE('',#2198,#2314,#1946,.T.);
#1599=EDGE_CURVE('',#2197,#2313,#1947,.T.);
#1600=EDGE_CURVE('',#2196,#2312,#1948,.T.);
#1601=EDGE_CURVE('',#2195,#2311,#1949,.T.);
#1602=EDGE_CURVE('',#2194,#2310,#1950,.T.);
#1603=EDGE_CURVE('',#2193,#2309,#1951,.T.);
#1604=EDGE_CURVE('',#2192,#2308,#1952,.T.);
#1605=EDGE_CURVE('',#2191,#2307,#1953,.T.);
#1606=EDGE_CURVE('',#2190,#2306,#1954,.T.);
#1607=EDGE_CURVE('',#2189,#2305,#1955,.T.);
#1608=EDGE_CURVE('',#2188,#2304,#1956,.T.);
#1609=EDGE_CURVE('',#2187,#2303,#1957,.T.);
#1610=EDGE_CURVE('',#2186,#2302,#1958,.T.);
#1611=EDGE_CURVE('',#2185,#2301,#1959,.T.);
#1612=EDGE_CURVE('',#2184,#2300,#1960,.T.);
#1613=EDGE_CURVE('',#2183,#2299,#1961,.T.);
#1614=EDGE_CURVE('',#2182,#2298,#1962,.T.);
#1615=EDGE_CURVE('',#2181,#2297,#1963,.T.);
#1616=EDGE_CURVE('',#2180,#2296,#1964,.T.);
#1617=EDGE_CURVE('',#2179,#2295,#1965,.T.);
#1618=EDGE_CURVE('',#2178,#2294,#1966,.T.);
#1619=EDGE_CURVE('',#2177,#2293,#1967,.T.);
#1620=EDGE_CURVE('',#2176,#2292,#1968,.T.);
#1621=EDGE_CURVE('',#2175,#2291,#1969,.T.);
#1622=EDGE_CURVE('',#2174,#2290,#1970,.T.);
#1623=EDGE_CURVE('',#2173,#2289,#1971,.T.);
#1624=EDGE_CURVE('',#2172,#2288,#1972,.T.);
#1625=EDGE_CURVE('',#2171,#2287,#1973,.T.);
#1626=EDGE_CURVE('',#2170,#2286,#1974,.T.);
#1627=EDGE_CURVE('',#2169,#2285,#1975,.T.);
#1628=EDGE_CURVE('',#2168,#2284,#1976,.T.);
#1629=EDGE_CURVE('',#2167,#2283,#1977,.T.);
#1630=EDGE_CURVE('',#2166,#2282,#1978,.T.);
#1631=EDGE_CURVE('',#2165,#2281,#1979,.T.);
#1632=EDGE_CURVE('',#2164,#2280,#1980,.T.);
#1633=EDGE_CURVE('',#2163,#2279,#1981,.T.);
#1634=EDGE_CURVE('',#2162,#2278,#1982,.T.);
#1635=EDGE_CURVE('',#2161,#2277,#1983,.T.);
#1636=EDGE_CURVE('',#2160,#2276,#1984,.T.);
#1637=EDGE_CURVE('',#2159,#2275,#1985,.T.);
#1638=EDGE_CURVE('',#2158,#2274,#1986,.T.);
#1639=EDGE_CURVE('',#2157,#2273,#1987,.T.);
#1640=EDGE_CURVE('',#2156,#2272,#1988,.T.);
#1641=EDGE_CURVE('',#2155,#2271,#1989,.T.);
#1642=EDGE_CURVE('',#2154,#2270,#1990,.T.);
#1643=EDGE_CURVE('',#2153,#2269,#1991,.T.);
#1644=EDGE_CURVE('',#2152,#2268,#1992,.T.);
#1645=EDGE_CURVE('',#2151,#2267,#1993,.T.);
#1646=EDGE_CURVE('',#2150,#2266,#1994,.T.);
#1647=EDGE_CURVE('',#2149,#2265,#1995,.T.);
#1648=EDGE_CURVE('',#2148,#2264,#1996,.T.);
#1649=EDGE_CURVE('',#2147,#2263,#1997,.T.);
#1650=EDGE_CURVE('',#2146,#2262,#1998,.T.);
#1651=EDGE_CURVE('',#2145,#2261,#1999,.T.);
#1652=EDGE_CURVE('',#2144,#2260,#2000,.T.);
#1653=EDGE_CURVE('',#2143,#2259,#2001,.T.);
#1654=EDGE_CURVE('',#2142,#2258,#2002,.T.);
#1655=EDGE_CURVE('',#2141,#2257,#2003,.T.);
#1656=EDGE_CURVE('',#2140,#2256,#2004,.T.);
#1657=EDGE_CURVE('',#2139,#2255,#2005,.T.);
#1658=EDGE_CURVE('',#2138,#2254,#2006,.T.);
#1659=EDGE_CURVE('',#2137,#2253,#2007,.T.);
#1660=EDGE_CURVE('',#2136,#2252,#2008,.T.);
#1661=EDGE_CURVE('',#2135,#2251,#2009,.T.);
#1662=EDGE_CURVE('',#2134,#2250,#2010,.T.);
#1663=EDGE_CURVE('',#2133,#2249,#2011,.T.);
#1664=EDGE_CURVE('',#2132,#2248,#2012,.T.);
#1665=EDGE_CURVE('',#2131,#2247,#2013,.T.);
#1666=EDGE_CURVE('',#2132,#2131,#1317,.T.);
#1667=EDGE_CURVE('',#2133,#2132,#1318,.T.);
#1668=EDGE_CURVE('',#2134,#2133,#1319,.T.);
#1669=EDGE_CURVE('',#2135,#2134,#1320,.T.);
#1670=EDGE_CURVE('',#2136,#2135,#1321,.T.);
#1671=EDGE_CURVE('',#2137,#2136,#1322,.T.);
#1672=EDGE_CURVE('',#2138,#2137,#1323,.T.);
#1673=EDGE_CURVE('',#2139,#2138,#1324,.T.);
#1674=EDGE_CURVE('',#2140,#2139,#1325,.T.);
#1675=EDGE_CURVE('',#2141,#2140,#1326,.T.);
#1676=EDGE_CURVE('',#2142,#2141,#1327,.T.);
#1677=EDGE_CURVE('',#2143,#2142,#1328,.T.);
#1678=EDGE_CURVE('',#2144,#2143,#1329,.T.);
#1679=EDGE_CURVE('',#2145,#2144,#1330,.T.);
#1680=EDGE_CURVE('',#2146,#2145,#1331,.T.);
#1681=EDGE_CURVE('',#2147,#2146,#1332,.T.);
#1682=EDGE_CURVE('',#2148,#2147,#1333,.T.);
#1683=EDGE_CURVE('',#2149,#2148,#1334,.T.);
#1684=EDGE_CURVE('',#2150,#2149,#1335,.T.);
#1685=EDGE_CURVE('',#2151,#2150,#1336,.T.);
#1686=EDGE_CURVE('',#2152,#2151,#1337,.T.);
#1687=EDGE_CURVE('',#2153,#2152,#1338,.T.);
#1688=EDGE_CURVE('',#2154,#2153,#1339,.T.);
#1689=EDGE_CURVE('',#2155,#2154,#1340,.T.);
#1690=EDGE_CURVE('',#2156,#2155,#1341,.T.);
#1691=EDGE_CURVE('',#2157,#2156,#1342,.T.);
#1692=EDGE_CURVE('',#2158,#2157,#1343,.T.);
#1693=EDGE_CURVE('',#2159,#2158,#1344,.T.);
#1694=EDGE_CURVE('',#2160,#2159,#1345,.T.);
#1695=EDGE_CURVE('',#2161,#2160,#1346,.T.);
#1696=EDGE_CURVE('',#2162,#2161,#1347,.T.);
#1697=EDGE_CURVE('',#2163,#2162,#1348,.T.);
#1698=EDGE_CURVE('',#2164,#2163,#1349,.T.);
#1699=EDGE_CURVE('',#2165,#2164,#1350,.T.);
#1700=EDGE_CURVE('',#2166,#2165,#1351,.T.);
#1701=EDGE_CURVE('',#2167,#2166,#1352,.T.);
#1702=EDGE_CURVE('',#2168,#2167,#1353,.T.);
#1703=EDGE_CURVE('',#2169,#2168,#1354,.T.);
#1704=EDGE_CURVE('',#2170,#2169,#1355,.T.);
#1705=EDGE_CURVE('',#2171,#2170,#1356,.T.);
#1706=EDGE_CURVE('',#2172,#2171,#1357,.T.);
#1707=EDGE_CURVE('',#2173,#2172,#1358,.T.);
#1708=EDGE_CURVE('',#2174,#2173,#1359,.T.);
#1709=EDGE_CURVE('',#2175,#2174,#1360,.T.);
#1710=EDGE_CURVE('',#2176,#2175,#1361,.T.);
#1711=EDGE_CURVE('',#2177,#2176,#1362,.T.);
#1712=EDGE_CURVE('',#2178,#2177,#1363,.T.);
#1713=EDGE_CURVE('',#2179,#2178,#1364,.T.);
#1714=EDGE_CURVE('',#2180,#2179,#1365,.T.);
#1715=EDGE_CURVE('',#2181,#2180,#1366,.T.);
#1716=EDGE_CURVE('',#2182,#2181,#1367,.T.);
#1717=EDGE_CURVE('',#2183,#2182,#1368,.T.);
#1718=EDGE_CURVE('',#2184,#2183,#1369,.T.);
#1719=EDGE_CURVE('',#2185,#2184,#1370,.T.);
#1720=EDGE_CURVE('',#2186,#2185,#1371,.T.);
#1721=EDGE_CURVE('',#2187,#2186,#1372,.T.);
#1722=EDGE_CURVE('',#2188,#2187,#1373,.T.);
#1723=EDGE_CURVE('',#2189,#2188,#1374,.T.);
#1724=EDGE_CURVE('',#2190,#2189,#1375,.T.);
#1725=EDGE_CURVE('',#2191,#2190,#1376,.T.);
#1726=EDGE_CURVE('',#2192,#2191,#1377,.T.);
#1727=EDGE_CURVE('',#2193,#2192,#1378,.T.);
#1728=EDGE_CURVE('',#2194,#2193,#1379,.T.);
#1729=EDGE_CURVE('',#2195,#2194,#1380,.T.);
#1730=EDGE_CURVE('',#2196,#2195,#1381,.T.);
#1731=EDGE_CURVE('',#2197,#2196,#1382,.T.);
#1732=EDGE_CURVE('',#2198,#2197,#1383,.T.);
#1733=EDGE_CURVE('',#2199,#2198,#1384,.T.);
#1734=EDGE_CURVE('',#2200,#2199,#1385,.T.);
#1735=EDGE_CURVE('',#2201,#2200,#1386,.T.);
#1736=EDGE_CURVE('',#2202,#2201,#1387,.T.);
#1737=EDGE_CURVE('',#2203,#2202,#1388,.T.);
#1738=EDGE_CURVE('',#2204,#2203,#1389,.T.);
#1739=EDGE_CURVE('',#2205,#2204,#1390,.T.);
#1740=EDGE_CURVE('',#2206,#2205,#1391,.T.);
#1741=EDGE_CURVE('',#2207,#2206,#1392,.T.);
#1742=EDGE_CURVE('',#2208,#2207,#1393,.T.);
#1743=EDGE_CURVE('',#2209,#2208,#1394,.T.);
#1744=EDGE_CURVE('',#2210,#2209,#1395,.T.);
#1745=EDGE_CURVE('',#2211,#2210,#1396,.T.);
#1746=EDGE_CURVE('',#2212,#2211,#1397,.T.);
#1747=EDGE_CURVE('',#2213,#2212,#1398,.T.);
#1748=EDGE_CURVE('',#2214,#2213,#1399,.T.);
#1749=EDGE_CURVE('',#2215,#2214,#1400,.T.);
#1750=EDGE_CURVE('',#2216,#2215,#1401,.T.);
#1751=EDGE_CURVE('',#2217,#2216,#1402,.T.);
#1752=EDGE_CURVE('',#2218,#2217,#1403,.T.);
#1753=EDGE_CURVE('',#2219,#2218,#1404,.T.);
#1754=EDGE_CURVE('',#2220,#2219,#1405,.T.);
#1755=EDGE_CURVE('',#2221,#2220,#1406,.T.);
#1756=EDGE_CURVE('',#2222,#2221,#1407,.T.);
#1757=EDGE_CURVE('',#2223,#2222,#1408,.T.);
#1758=EDGE_CURVE('',#2224,#2223,#1409,.T.);
#1759=EDGE_CURVE('',#2225,#2224,#1410,.T.);
#1760=EDGE_CURVE('',#2226,#2225,#1411,.T.);
#1761=EDGE_CURVE('',#2227,#2226,#1412,.T.);
#1762=EDGE_CURVE('',#2228,#2227,#1413,.T.);
#1763=EDGE_CURVE('',#2229,#2228,#1414,.T.);
#1764=EDGE_CURVE('',#2230,#2229,#1415,.T.);
#1765=EDGE_CURVE('',#2231,#2230,#1416,.T.);
#1766=EDGE_CURVE('',#2232,#2231,#1417,.T.);
#1767=EDGE_CURVE('',#2233,#2232,#1418,.T.);
#1768=EDGE_CURVE('',#2234,#2233,#1419,.T.);
#1769=EDGE_CURVE('',#2235,#2234,#1420,.T.);
#1770=EDGE_CURVE('',#2236,#2235,#1421,.T.);
#1771=EDGE_CURVE('',#2237,#2236,#1422,.T.);
#1772=EDGE_CURVE('',#2238,#2237,#1423,.T.);
#1773=EDGE_CURVE('',#2239,#2238,#1424,.T.);
#1774=EDGE_CURVE('',#2240,#2239,#1425,.T.);
#1775=EDGE_CURVE('',#2241,#2240,#1426,.T.);
#1776=EDGE_CURVE('',#2242,#2241,#1427,.T.);
#1777=EDGE_CURVE('',#2243,#2242,#1428,.T.);
#1778=EDGE_CURVE('',#2244,#2243,#1429,.T.);
#1779=EDGE_CURVE('',#2245,#2244,#1430,.T.);
#1780=EDGE_CURVE('',#2246,#2245,#1431,.T.);
#1781=EDGE_CURVE('',#2131,#2246,#1432,.T.);
#1782=EDGE_CURVE('',#2248,#2247,#1433,.T.);
#1783=EDGE_CURVE('',#2249,#2248,#1434,.T.);
#1784=EDGE_CURVE('',#2250,#2249,#1435,.T.);
#1785=EDGE_CURVE('',#2251,#2250,#1436,.T.);
#1786=EDGE_CURVE('',#2252,#2251,#1437,.T.);
#1787=EDGE_CURVE('',#2253,#2252,#1438,.T.);
#1788=EDGE_CURVE('',#2254,#2253,#1439,.T.);
#1789=EDGE_CURVE('',#2255,#2254,#1440,.T.);
#1790=EDGE_CURVE('',#2256,#2255,#1441,.T.);
#1791=EDGE_CURVE('',#2257,#2256,#1442,.T.);
#1792=EDGE_CURVE('',#2258,#2257,#1443,.T.);
#1793=EDGE_CURVE('',#2259,#2258,#1444,.T.);
#1794=EDGE_CURVE('',#2260,#2259,#1445,.T.);
#1795=EDGE_CURVE('',#2261,#2260,#1446,.T.);
#1796=EDGE_CURVE('',#2262,#2261,#1447,.T.);
#1797=EDGE_CURVE('',#2263,#2262,#1448,.T.);
#1798=EDGE_CURVE('',#2264,#2263,#1449,.T.);
#1799=EDGE_CURVE('',#2265,#2264,#1450,.T.);
#1800=EDGE_CURVE('',#2266,#2265,#1451,.T.);
#1801=EDGE_CURVE('',#2267,#2266,#1452,.T.);
#1802=EDGE_CURVE('',#2268,#2267,#1453,.T.);
#1803=EDGE_CURVE('',#2269,#2268,#1454,.T.);
#1804=EDGE_CURVE('',#2270,#2269,#1455,.T.);
#1805=EDGE_CURVE('',#2271,#2270,#1456,.T.);
#1806=EDGE_CURVE('',#2272,#2271,#1457,.T.);
#1807=EDGE_CURVE('',#2273,#2272,#1458,.T.);
#1808=EDGE_CURVE('',#2274,#2273,#1459,.T.);
#1809=EDGE_CURVE('',#2275,#2274,#1460,.T.);
#1810=EDGE_CURVE('',#2276,#2275,#1461,.T.);
#1811=EDGE_CURVE('',#2277,#2276,#1462,.T.);
#1812=EDGE_CURVE('',#2278,#2277,#1463,.T.);
#1813=EDGE_CURVE('',#2279,#2278,#1464,.T.);
#1814=EDGE_CURVE('',#2280,#2279,#1465,.T.);
#1815=EDGE_CURVE('',#2281,#2280,#1466,.T.);
#1816=EDGE_CURVE('',#2282,#2281,#1467,.T.);
#1817=EDGE_CURVE('',#2283,#2282,#1468,.T.);
#1818=EDGE_CURVE('',#2284,#2283,#1469,.T.);
#1819=EDGE_CURVE('',#2285,#2284,#1470,.T.);
#1820=EDGE_CURVE('',#2286,#2285,#1471,.T.);
#1821=EDGE_CURVE('',#2287,#2286,#1472,.T.);
#1822=EDGE_CURVE('',#2288,#2287,#1473,.T.);
#1823=EDGE_CURVE('',#2289,#2288,#1474,.T.);
#1824=EDGE_CURVE('',#2290,#2289,#1475,.T.);
#1825=EDGE_CURVE('',#2291,#2290,#1476,.T.);
#1826=EDGE_CURVE('',#2292,#2291,#1477,.T.);
#1827=EDGE_CURVE('',#2293,#2292,#1478,.T.);
#1828=EDGE_CURVE('',#2294,#2293,#1479,.T.);
#1829=EDGE_CURVE('',#2295,#2294,#1480,.T.);
#1830=EDGE_CURVE('',#2296,#2295,#1481,.T.);
#1831=EDGE_CURVE('',#2297,#2296,#1482,.T.);
#1832=EDGE_CURVE('',#2298,#2297,#1483,.T.);
#1833=EDGE_CURVE('',#2299,#2298,#1484,.T.);
#1834=EDGE_CURVE('',#2300,#2299,#1485,.T.);
#1835=EDGE_CURVE('',#2301,#2300,#1486,.T.);
#1836=EDGE_CURVE('',#2302,#2301,#1487,.T.);
#1837=EDGE_CURVE('',#2303,#2302,#1488,.T.);
#1838=EDGE_CURVE('',#2304,#2303,#1489,.T.);
#1839=EDGE_CURVE('',#2305,#2304,#1490,.T.);
#1840=EDGE_CURVE('',#2306,#2305,#1491,.T.);
#1841=EDGE_CURVE('',#2307,#2306,#1492,.T.);
#1842=EDGE_CURVE('',#2308,#2307,#1493,.T.);
#1843=EDGE_CURVE('',#2309,#2308,#1494,.T.);
#1844=EDGE_CURVE('',#2310,#2309,#1495,.T.);
#1845=EDGE_CURVE('',#2311,#2310,#1496,.T.);
#1846=EDGE_CURVE('',#2312,#2311,#1497,.T.);
#1847=EDGE_CURVE('',#2313,#2312,#1498,.T.);
#1848=EDGE_CURVE('',#2314,#2313,#1499,.T.);
#1849=EDGE_CURVE('',#2315,#2314,#1500,.T.);
#1850=EDGE_CURVE('',#2316,#2315,#1501,.T.);
#1851=EDGE_CURVE('',#2317,#2316,#1502,.T.);
#1852=EDGE_CURVE('',#2318,#2317,#1503,.T.);
#1853=EDGE_CURVE('',#2319,#2318,#1504,.T.);
#1854=EDGE_CURVE('',#2320,#2319,#1505,.T.);
#1855=EDGE_CURVE('',#2321,#2320,#1506,.T.);
#1856=EDGE_CURVE('',#2322,#2321,#1507,.T.);
#1857=EDGE_CURVE('',#2323,#2322,#1508,.T.);
#1858=EDGE_CURVE('',#2324,#2323,#1509,.T.);
#1859=EDGE_CURVE('',#2325,#2324,#1510,.T.);
#1860=EDGE_CURVE('',#2326,#2325,#1511,.T.);
#1861=EDGE_CURVE('',#2327,#2326,#1512,.T.);
#1862=EDGE_CURVE('',#2328,#2327,#1513,.T.);
#1863=EDGE_CURVE('',#2329,#2328,#1514,.T.);
#1864=EDGE_CURVE('',#2330,#2329,#1515,.T.);
#1865=EDGE_CURVE('',#2331,#2330,#1516,.T.);
#1866=EDGE_CURVE('',#2332,#2331,#1517,.T.);
#1867=EDGE_CURVE('',#2333,#2332,#1518,.T.);
#1868=EDGE_CURVE('',#2334,#2333,#1519,.T.);
#1869=EDGE_CURVE('',#2335,#2334,#1520,.T.);
#1870=EDGE_CURVE('',#2336,#2335,#1521,.T.);
#1871=EDGE_CURVE('',#2337,#2336,#1522,.T.);
#1872=EDGE_CURVE('',#2338,#2337,#1523,.T.);
#1873=EDGE_CURVE('',#2339,#2338,#1524,.T.);
#1874=EDGE_CURVE('',#2340,#2339,#1525,.T.);
#1875=EDGE_CURVE('',#2341,#2340,#1526,.T.);
#1876=EDGE_CURVE('',#2342,#2341,#1527,.T.);
#1877=EDGE_CURVE('',#2343,#2342,#1528,.T.);
#1878=EDGE_CURVE('',#2344,#2343,#1529,.T.);
#1879=EDGE_CURVE('',#2345,#2344,#1530,.T.);
#1880=EDGE_CURVE('',#2346,#2345,#1531,.T.);
#1881=EDGE_CURVE('',#2347,#2346,#1532,.T.);
#1882=EDGE_CURVE('',#2348,#2347,#1533,.T.);
#1883=EDGE_CURVE('',#2349,#2348,#1534,.T.);
#1884=EDGE_CURVE('',#2350,#2349,#1535,.T.);
#1885=EDGE_CURVE('',#2351,#2350,#1536,.T.);
#1886=EDGE_CURVE('',#2352,#2351,#1537,.T.);
#1887=EDGE_CURVE('',#2353,#2352,#1538,.T.);
#1888=EDGE_CURVE('',#2354,#2353,#1539,.T.);
#1889=EDGE_CURVE('',#2355,#2354,#1540,.T.);
#1890=EDGE_CURVE('',#2356,#2355,#1541,.T.);
#1891=EDGE_CURVE('',#2357,#2356,#1542,.T.);
#1892=EDGE_CURVE('',#2358,#2357,#1543,.T.);
#1893=EDGE_CURVE('',#2359,#2358,#1544,.T.);
#1894=EDGE_CURVE('',#2360,#2359,#1545,.T.);
#1895=EDGE_CURVE('',#2361,#2360,#1546,.T.);
#1896=EDGE_CURVE('',#2362,#2361,#1547,.T.);
#1897=EDGE_CURVE('',#2247,#2362,#1548,.T.);
#1898=LINE('',#3069,#2014);
#1899=LINE('',#3070,#2015);
#1900=LINE('',#3071,#2016);
#1901=LINE('',#3072,#2017);
#1902=LINE('',#3073,#2018);
#1903=LINE('',#3074,#2019);
#1904=LINE('',#3075,#2020);
#1905=LINE('',#3076,#2021);
#1906=LINE('',#3077,#2022);
#1907=LINE('',#3078,#2023);
#1908=LINE('',#3079,#2024);
#1909=LINE('',#3080,#2025);
#1910=LINE('',#3081,#2026);
#1911=LINE('',#3082,#2027);
#1912=LINE('',#3083,#2028);
#1913=LINE('',#3084,#2029);
#1914=LINE('',#3085,#2030);
#1915=LINE('',#3086,#2031);
#1916=LINE('',#3087,#2032);
#1917=LINE('',#3088,#2033);
#1918=LINE('',#3089,#2034);
#1919=LINE('',#3090,#2035);
#1920=LINE('',#3091,#2036);
#1921=LINE('',#3092,#2037);
#1922=LINE('',#3093,#2038);
#1923=LINE('',#3094,#2039);
#1924=LINE('',#3095,#2040);
#1925=LINE('',#3096,#2041);
#1926=LINE('',#3097,#2042);
#1927=LINE('',#3098,#2043);
#1928=LINE('',#3099,#2044);
#1929=LINE('',#3100,#2045);
#1930=LINE('',#3101,#2046);
#1931=LINE('',#3102,#2047);
#1932=LINE('',#3103,#2048);
#1933=LINE('',#3104,#2049);
#1934=LINE('',#3105,#2050);
#1935=LINE('',#3106,#2051);
#1936=LINE('',#3107,#2052);
#1937=LINE('',#3108,#2053);
#1938=LINE('',#3109,#2054);
#1939=LINE('',#3110,#2055);
#1940=LINE('',#3111,#2056);
#1941=LINE('',#3112,#2057);
#1942=LINE('',#3113,#2058);
#1943=LINE('',#3114,#2059);
#1944=LINE('',#3115,#2060);
#1945=LINE('',#3116,#2061);
#1946=LINE('',#3117,#2062);
#1947=LINE('',#3118,#2063);
#1948=LINE('',#3119,#2064);
#1949=LINE('',#3120,#2065);
#1950=LINE('',#3121,#2066);
#1951=LINE('',#3122,#2067);
#1952=LINE('',#3123,#2068);
#1953=LINE('',#3124,#2069);
#1954=LINE('',#3125,#2070);
#1955=LINE('',#3126,#2071);
#1956=LINE('',#3127,#2072);
#1957=LINE('',#3128,#2073);
#1958=LINE('',#3129,#2074);
#1959=LINE('',#3130,#2075);
#1960=LINE('',#3131,#2076);
#1961=LINE('',#3132,#2077);
#1962=LINE('',#3133,#2078);
#1963=LINE('',#3134,#2079);
#1964=LINE('',#3135,#2080);
#1965=LINE('',#3136,#2081);
#1966=LINE('',#3137,#2082);
#1967=LINE('',#3138,#2083);
#1968=LINE('',#3139,#2084);
#1969=LINE('',#3140,#2085);
#1970=LINE('',#3141,#2086);
#1971=LINE('',#3142,#2087);
#1972=LINE('',#3143,#2088);
#1973=LINE('',#3144,#2089);
#1974=LINE('',#3145,#2090);
#1975=LINE('',#3146,#2091);
#1976=LINE('',#3147,#2092);
#1977=LINE('',#3148,#2093);
#1978=LINE('',#3149,#2094);
#1979=LINE('',#3150,#2095);
#1980=LINE('',#3151,#2096);
#1981=LINE('',#3152,#2097);
#1982=LINE('',#3153,#2098);
#1983=LINE('',#3154,#2099);
#1984=LINE('',#3155,#2100);
#1985=LINE('',#3156,#2101);
#1986=LINE('',#3157,#2102);
#1987=LINE('',#3158,#2103);
#1988=LINE('',#3159,#2104);
#1989=LINE('',#3160,#2105);
#1990=LINE('',#3161,#2106);
#1991=LINE('',#3162,#2107);
#1992=LINE('',#3163,#2108);
#1993=LINE('',#3164,#2109);
#1994=LINE('',#3165,#2110);
#1995=LINE('',#3166,#2111);
#1996=LINE('',#3167,#2112);
#1997=LINE('',#3168,#2113);
#1998=LINE('',#3169,#2114);
#1999=LINE('',#3170,#2115);
#2000=LINE('',#3171,#2116);
#2001=LINE('',#3172,#2117);
#2002=LINE('',#3173,#2118);
#2003=LINE('',#3174,#2119);
#2004=LINE('',#3175,#2120);
#2005=LINE('',#3176,#2121);
#2006=LINE('',#3177,#2122);
#2007=LINE('',#3178,#2123);
#2008=LINE('',#3179,#2124);
#2009=LINE('',#3180,#2125);
#2010=LINE('',#3181,#2126);
#2011=LINE('',#3182,#2127);
#2012=LINE('',#3183,#2128);
#2013=LINE('',#3184,#2129);
#2014=VECTOR('',#2485,1.);
#2015=VECTOR('',#2486,1.);
#2016=VECTOR('',#2487,1.);
#2017=VECTOR('',#2488,1.);
#2018=VECTOR('',#2489,1.);
#2019=VECTOR('',#2490,1.);
#2020=VECTOR('',#2491,1.);
#2021=VECTOR('',#2492,1.);
#2022=VECTOR('',#2493,1.);
#2023=VECTOR('',#2494,1.);
#2024=VECTOR('',#2495,1.);
#2025=VECTOR('',#2496,1.);
#2026=VECTOR('',#2497,1.);
#2027=VECTOR('',#2498,1.);
#2028=VECTOR('',#2499,1.);
#2029=VECTOR('',#2500,1.);
#2030=VECTOR('',#2501,1.);
#2031=VECTOR('',#2502,1.);
#2032=VECTOR('',#2503,1.);
#2033=VECTOR('',#2504,1.);
#2034=VECTOR('',#2505,1.);
#2035=VECTOR('',#2506,1.);
#2036=VECTOR('',#2507,1.);
#2037=VECTOR('',#2508,1.);
#2038=VECTOR('',#2509,1.);
#2039=VECTOR('',#2510,1.);
#2040=VECTOR('',#2511,1.);
#2041=VECTOR('',#2512,1.);
#2042=VECTOR('',#2513,1.);
#2043=VECTOR('',#2514,1.);
#2044=VECTOR('',#2515,1.);
#2045=VECTOR('',#2516,1.);
#2046=VECTOR('',#2517,1.);
#2047=VECTOR('',#2518,1.);
#2048=VECTOR('',#2519,1.);
#2049=VECTOR('',#2520,1.);
#2050=VECTOR('',#2521,1.);
#2051=VECTOR('',#2522,1.);
#2052=VECTOR('',#2523,1.);
#2053=VECTOR('',#2524,1.);
#2054=VECTOR('',#2525,1.);
#2055=VECTOR('',#2526,1.);
#2056=VECTOR('',#2527,1.);
#2057=VECTOR('',#2528,1.);
#2058=VECTOR('',#2529,1.);
#2059=VECTOR('',#2530,1.);
#2060=VECTOR('',#2531,1.);
#2061=VECTOR('',#2532,1.);
#2062=VECTOR('',#2533,1.);
#2063=VECTOR('',#2534,1.);
#2064=VECTOR('',#2535,1.);
#2065=VECTOR('',#2536,1.);
#2066=VECTOR('',#2537,1.);
#2067=VECTOR('',#2538,1.);
#2068=VECTOR('',#2539,1.);
#2069=VECTOR('',#2540,1.);
#2070=VECTOR('',#2541,1.);
#2071=VECTOR('',#2542,1.);
#2072=VECTOR('',#2543,1.);
#2073=VECTOR('',#2544,1.);
#2074=VECTOR('',#2545,1.);
#2075=VECTOR('',#2546,1.);
#2076=VECTOR('',#2547,1.);
#2077=VECTOR('',#2548,1.);
#2078=VECTOR('',#2549,1.);
#2079=VECTOR('',#2550,1.);
#2080=VECTOR('',#2551,1.);
#2081=VECTOR('',#2552,1.);
#2082=VECTOR('',#2553,1.);
#2083=VECTOR('',#2554,1.);
#2084=VECTOR('',#2555,1.);
#2085=VECTOR('',#2556,1.);
#2086=VECTOR('',#2557,1.);
#2087=VECTOR('',#2558,1.);
#2088=VECTOR('',#2559,1.);
#2089=VECTOR('',#2560,1.);
#2090=VECTOR('',#2561,1.);
#2091=VECTOR('',#2562,1.);
#2092=VECTOR('',#2563,1.);
#2093=VECTOR('',#2564,1.);
#2094=VECTOR('',#2565,1.);
#2095=VECTOR('',#2566,1.);
#2096=VECTOR('',#2567,1.);
#2097=VECTOR('',#2568,1.);
#2098=VECTOR('',#2569,1.);
#2099=VECTOR('',#2570,1.);
#2100=VECTOR('',#2571,1.);
#2101=VECTOR('',#2572,1.);
#2102=VECTOR('',#2573,1.);
#2103=VECTOR('',#2574,1.);
#2104=VECTOR('',#2575,1.);
#2105=VECTOR('',#2576,1.);
#2106=VECTOR('',#2577,1.);
#2107=VECTOR('',#2578,1.);
#2108=VECTOR('',#2579,1.);
#2109=VECTOR('',#2580,1.);
#2110=VECTOR('',#2581,1.);
#2111=VECTOR('',#2582,1.);
#2112=VECTOR('',#2583,1.);
#2113=VECTOR('',#2584,1.);
#2114=VECTOR('',#2585,1.);
#2115=VECTOR('',#2586,1.);
#2116=VECTOR('',#2587,1.);
#2117=VECTOR('',#2588,1.);
#2118=VECTOR('',#2589,1.);
#2119=VECTOR('',#2590,1.);
#2120=VECTOR('',#2591,1.);
#2121=VECTOR('',#2592,1.);
#2122=VECTOR('',#2593,1.);
#2123=VECTOR('',#2594,1.);
#2124=VECTOR('',#2595,1.);
#2125=VECTOR('',#2596,1.);
#2126=VECTOR('',#2597,1.);
#2127=VECTOR('',#2598,1.);
#2128=VECTOR('',#2599,1.);
#2129=VECTOR('',#2600,1.);
#2130=VECTOR('',#2663,1.);
#2131=VERTEX_POINT('',#2837);
#2132=VERTEX_POINT('',#2838);
#2133=VERTEX_POINT('',#2839);
#2134=VERTEX_POINT('',#2840);
#2135=VERTEX_POINT('',#2841);
#2136=VERTEX_POINT('',#2842);
#2137=VERTEX_POINT('',#2843);
#2138=VERTEX_POINT('',#2844);
#2139=VERTEX_POINT('',#2845);
#2140=VERTEX_POINT('',#2846);
#2141=VERTEX_POINT('',#2847);
#2142=VERTEX_POINT('',#2848);
#2143=VERTEX_POINT('',#2849);
#2144=VERTEX_POINT('',#2850);
#2145=VERTEX_POINT('',#2851);
#2146=VERTEX_POINT('',#2852);
#2147=VERTEX_POINT('',#2853);
#2148=VERTEX_POINT('',#2854);
#2149=VERTEX_POINT('',#2855);
#2150=VERTEX_POINT('',#2856);
#2151=VERTEX_POINT('',#2857);
#2152=VERTEX_POINT('',#2858);
#2153=VERTEX_POINT('',#2859);
#2154=VERTEX_POINT('',#2860);
#2155=VERTEX_POINT('',#2861);
#2156=VERTEX_POINT('',#2862);
#2157=VERTEX_POINT('',#2863);
#2158=VERTEX_POINT('',#2864);
#2159=VERTEX_POINT('',#2865);
#2160=VERTEX_POINT('',#2866);
#2161=VERTEX_POINT('',#2867);
#2162=VERTEX_POINT('',#2868);
#2163=VERTEX_POINT('',#2869);
#2164=VERTEX_POINT('',#2870);
#2165=VERTEX_POINT('',#2871);
#2166=VERTEX_POINT('',#2872);
#2167=VERTEX_POINT('',#2873);
#2168=VERTEX_POINT('',#2874);
#2169=VERTEX_POINT('',#2875);
#2170=VERTEX_POINT('',#2876);
#2171=VERTEX_POINT('',#2877);
#2172=VERTEX_POINT('',#2878);
#2173=VERTEX_POINT('',#2879);
#2174=VERTEX_POINT('',#2880);
#2175=VERTEX_POINT('',#2881);
#2176=VERTEX_POINT('',#2882);
#2177=VERTEX_POINT('',#2883);
#2178=VERTEX_POINT('',#2884);
#2179=VERTEX_POINT('',#2885);
#2180=VERTEX_POINT('',#2886);
#2181=VERTEX_POINT('',#2887);
#2182=VERTEX_POINT('',#2888);
#2183=VERTEX_POINT('',#2889);
#2184=VERTEX_POINT('',#2890);
#2185=VERTEX_POINT('',#2891);
#2186=VERTEX_POINT('',#2892);
#2187=VERTEX_POINT('',#2893);
#2188=VERTEX_POINT('',#2894);
#2189=VERTEX_POINT('',#2895);
#2190=VERTEX_POINT('',#2896);
#2191=VERTEX_POINT('',#2897);
#2192=VERTEX_POINT('',#2898);
#2193=VERTEX_POINT('',#2899);
#2194=VERTEX_POINT('',#2900);
#2195=VERTEX_POINT('',#2901);
#2196=VERTEX_POINT('',#2902);
#2197=VERTEX_POINT('',#2903);
#2198=VERTEX_POINT('',#2904);
#2199=VERTEX_POINT('',#2905);
#2200=VERTEX_POINT('',#2906);
#2201=VERTEX_POINT('',#2907);
#2202=VERTEX_POINT('',#2908);
#2203=VERTEX_POINT('',#2909);
#2204=VERTEX_POINT('',#2910);
#2205=VERTEX_POINT('',#2911);
#2206=VERTEX_POINT('',#2912);
#2207=VERTEX_POINT('',#2913);
#2208=VERTEX_POINT('',#2914);
#2209=VERTEX_POINT('',#2915);
#2210=VERTEX_POINT('',#2916);
#2211=VERTEX_POINT('',#2917);
#2212=VERTEX_POINT('',#2918);
#2213=VERTEX_POINT('',#2919);
#2214=VERTEX_POINT('',#2920);
#2215=VERTEX_POINT('',#2921);
#2216=VERTEX_POINT('',#2922);
#2217=VERTEX_POINT('',#2923);
#2218=VERTEX_POINT('',#2924);
#2219=VERTEX_POINT('',#2925);
#2220=VERTEX_POINT('',#2926);
#2221=VERTEX_POINT('',#2927);
#2222=VERTEX_POINT('',#2928);
#2223=VERTEX_POINT('',#2929);
#2224=VERTEX_POINT('',#2930);
#2225=VERTEX_POINT('',#2931);
#2226=VERTEX_POINT('',#2932);
#2227=VERTEX_POINT('',#2933);
#2228=VERTEX_POINT('',#2934);
#2229=VERTEX_POINT('',#2935);
#2230=VERTEX_POINT('',#2936);
#2231=VERTEX_POINT('',#2937);
#2232=VERTEX_POINT('',#2938);
#2233=VERTEX_POINT('',#2939);
#2234=VERTEX_POINT('',#2940);
#2235=VERTEX_POINT('',#2941);
#2236=VERTEX_POINT('',#2942);
#2237=VERTEX_POINT('',#2943);
#2238=VERTEX_POINT('',#2944);
#2239=VERTEX_POINT('',#2945);
#2240=VERTEX_POINT('',#2946);
#2241=VERTEX_POINT('',#2947);
#2242=VERTEX_POINT('',#2948);
#2243=VERTEX_POINT('',#2949);
#2244=VERTEX_POINT('',#2950);
#2245=VERTEX_POINT('',#2951);
#2246=VERTEX_POINT('',#2952);
#2247=VERTEX_POINT('',#2953);
#2248=VERTEX_POINT('',#2954);
#2249=VERTEX_POINT('',#2955);
#2250=VERTEX_POINT('',#2956);
#2251=VERTEX_POINT('',#2957);
#2252=VERTEX_POINT('',#2958);
#2253=VERTEX_POINT('',#2959);
#2254=VERTEX_POINT('',#2960);
#2255=VERTEX_POINT('',#2961);
#2256=VERTEX_POINT('',#2962);
#2257=VERTEX_POINT('',#2963);
#2258=VERTEX_POINT('',#2964);
#2259=VERTEX_POINT('',#2965);
#2260=VERTEX_POINT('',#2966);
#2261=VERTEX_POINT('',#2967);
#2262=VERTEX_POINT('',#2968);
#2263=VERTEX_POINT('',#2969);
#2264=VERTEX_POINT('',#2970);
#2265=VERTEX_POINT('',#2971);
#2266=VERTEX_POINT('',#2972);
#2267=VERTEX_POINT('',#2973);
#2268=VERTEX_POINT('',#2974);
#2269=VERTEX_POINT('',#2975);
#2270=VERTEX_POINT('',#2976);
#2271=VERTEX_POINT('',#2977);
#2272=VERTEX_POINT('',#2978);
#2273=VERTEX_POINT('',#2979);
#2274=VERTEX_POINT('',#2980);
#2275=VERTEX_POINT('',#2981);
#2276=VERTEX_POINT('',#2982);
#2277=VERTEX_POINT('',#2983);
#2278=VERTEX_POINT('',#2984);
#2279=VERTEX_POINT('',#2985);
#2280=VERTEX_POINT('',#2986);
#2281=VERTEX_POINT('',#2987);
#2282=VERTEX_POINT('',#2988);
#2283=VERTEX_POINT('',#2989);
#2284=VERTEX_POINT('',#2990);
#2285=VERTEX_POINT('',#2991);
#2286=VERTEX_POINT('',#2992);
#2287=VERTEX_POINT('',#2993);
#2288=VERTEX_POINT('',#2994);
#2289=VERTEX_POINT('',#2995);
#2290=VERTEX_POINT('',#2996);
#2291=VERTEX_POINT('',#2997);
#2292=VERTEX_POINT('',#2998);
#2293=VERTEX_POINT('',#2999);
#2294=VERTEX_POINT('',#3000);
#2295=VERTEX_POINT('',#3001);
#2296=VERTEX_POINT('',#3002);
#2297=VERTEX_POINT('',#3003);
#2298=VERTEX_POINT('',#3004);
#2299=VERTEX_POINT('',#3005);
#2300=VERTEX_POINT('',#3006);
#2301=VERTEX_POINT('',#3007);
#2302=VERTEX_POINT('',#3008);
#2303=VERTEX_POINT('',#3009);
#2304=VERTEX_POINT('',#3010);
#2305=VERTEX_POINT('',#3011);
#2306=VERTEX_POINT('',#3012);
#2307=VERTEX_POINT('',#3013);
#2308=VERTEX_POINT('',#3014);
#2309=VERTEX_POINT('',#3015);
#2310=VERTEX_POINT('',#3016);
#2311=VERTEX_POINT('',#3017);
#2312=VERTEX_POINT('',#3018);
#2313=VERTEX_POINT('',#3019);
#2314=VERTEX_POINT('',#3020);
#2315=VERTEX_POINT('',#3021);
#2316=VERTEX_POINT('',#3022);
#2317=VERTEX_POINT('',#3023);
#2318=VERTEX_POINT('',#3024);
#2319=VERTEX_POINT('',#3025);
#2320=VERTEX_POINT('',#3026);
#2321=VERTEX_POINT('',#3027);
#2322=VERTEX_POINT('',#3028);
#2323=VERTEX_POINT('',#3029);
#2324=VERTEX_POINT('',#3030);
#2325=VERTEX_POINT('',#3031);
#2326=VERTEX_POINT('',#3032);
#2327=VERTEX_POINT('',#3033);
#2328=VERTEX_POINT('',#3034);
#2329=VERTEX_POINT('',#3035);
#2330=VERTEX_POINT('',#3036);
#2331=VERTEX_POINT('',#3037);
#2332=VERTEX_POINT('',#3038);
#2333=VERTEX_POINT('',#3039);
#2334=VERTEX_POINT('',#3040);
#2335=VERTEX_POINT('',#3041);
#2336=VERTEX_POINT('',#3042);
#2337=VERTEX_POINT('',#3043);
#2338=VERTEX_POINT('',#3044);
#2339=VERTEX_POINT('',#3045);
#2340=VERTEX_POINT('',#3046);
#2341=VERTEX_POINT('',#3047);
#2342=VERTEX_POINT('',#3048);
#2343=VERTEX_POINT('',#3049);
#2344=VERTEX_POINT('',#3050);
#2345=VERTEX_POINT('',#3051);
#2346=VERTEX_POINT('',#3052);
#2347=VERTEX_POINT('',#3053);
#2348=VERTEX_POINT('',#3054);
#2349=VERTEX_POINT('',#3055);
#2350=VERTEX_POINT('',#3056);
#2351=VERTEX_POINT('',#3057);
#2352=VERTEX_POINT('',#3058);
#2353=VERTEX_POINT('',#3059);
#2354=VERTEX_POINT('',#3060);
#2355=VERTEX_POINT('',#3061);
#2356=VERTEX_POINT('',#3062);
#2357=VERTEX_POINT('',#3063);
#2358=VERTEX_POINT('',#3064);
#2359=VERTEX_POINT('',#3065);
#2360=VERTEX_POINT('',#3066);
#2361=VERTEX_POINT('',#3067);
#2362=VERTEX_POINT('',#3068);
#2363=SHAPE_DEFINITION_REPRESENTATION(#4243,#2364);
#2364=SHAPE_REPRESENTATION('master',(#2365),#4245);
#2365=AXIS2_PLACEMENT_3D('',#2836,#2484,#2483);
#2366=AXIS2_PLACEMENT_3D('',#4119,#2602,#2601);
#2367=AXIS2_PLACEMENT_3D('',#4120,#2604,#2603);
#2368=AXIS2_PLACEMENT_3D('',#4121,#2606,#2605);
#2369=AXIS2_PLACEMENT_3D('',#4122,#2608,#2607);
#2370=AXIS2_PLACEMENT_3D('',#4123,#2610,#2609);
#2371=AXIS2_PLACEMENT_3D('',#4124,#2612,#2611);
#2372=AXIS2_PLACEMENT_3D('',#4125,#2614,#2613);
#2373=AXIS2_PLACEMENT_3D('',#4126,#2616,#2615);
#2374=AXIS2_PLACEMENT_3D('',#4127,#2618,#2617);
#2375=AXIS2_PLACEMENT_3D('',#4128,#2620,#2619);
#2376=AXIS2_PLACEMENT_3D('',#4129,#2622,#2621);
#2377=AXIS2_PLACEMENT_3D('',#4130,#2624,#2623);
#2378=AXIS2_PLACEMENT_3D('',#4131,#2626,#2625);
#2379=AXIS2_PLACEMENT_3D('',#4132,#2628,#2627);
#2380=AXIS2_PLACEMENT_3D('',#4133,#2630,#2629);
#2381=AXIS2_PLACEMENT_3D('',#4134,#2632,#2631);
#2382=AXIS2_PLACEMENT_3D('',#4135,#2634,#2633);
#2383=AXIS2_PLACEMENT_3D('',#4136,#2636,#2635);
#2384=AXIS2_PLACEMENT_3D('',#4137,#2638,#2637);
#2385=AXIS2_PLACEMENT_3D('',#4138,#2640,#2639);
#2386=AXIS2_PLACEMENT_3D('',#4139,#2642,#2641);
#2387=AXIS2_PLACEMENT_3D('',#4140,#2644,#2643);
#2388=AXIS2_PLACEMENT_3D('',#4141,#2646,#2645);
#2389=AXIS2_PLACEMENT_3D('',#4142,#2648,#2647);
#2390=AXIS2_PLACEMENT_3D('',#4143,#2650,#2649);
#2391=AXIS2_PLACEMENT_3D('',#4144,#2652,#2651);
#2392=AXIS2_PLACEMENT_3D('',#4145,#2654,#2653);
#2393=AXIS2_PLACEMENT_3D('',#4146,#2656,#2655);
#2394=AXIS2_PLACEMENT_3D('',#4147,#2658,#2657);
#2395=AXIS2_PLACEMENT_3D('',#4148,#2660,#2659);
#2396=AXIS2_PLACEMENT_3D('',#4149,#2662,#2661);
#2397=AXIS2_PLACEMENT_3D('',#4157,#2665,#2664);
#2398=AXIS2_PLACEMENT_3D('',#4158,#2667,#2666);
#2399=AXIS2_PLACEMENT_3D('',#4159,#2669,#2668);
#2400=AXIS2_PLACEMENT_3D('',#4160,#2671,#2670);
#2401=AXIS2_PLACEMENT_3D('',#4161,#2673,#2672);
#2402=AXIS2_PLACEMENT_3D('',#4162,#2675,#2674);
#2403=AXIS2_PLACEMENT_3D('',#4163,#2677,#2676);
#2404=AXIS2_PLACEMENT_3D('',#4164,#2679,#2678);
#2405=AXIS2_PLACEMENT_3D('',#4165,#2681,#2680);
#2406=AXIS2_PLACEMENT_3D('',#4166,#2683,#2682);
#2407=AXIS2_PLACEMENT_3D('',#4167,#2685,#2684);
#2408=AXIS2_PLACEMENT_3D('',#4168,#2687,#2686);
#2409=AXIS2_PLACEMENT_3D('',#4169,#2689,#2688);
#2410=AXIS2_PLACEMENT_3D('',#4170,#2691,#2690);
#2411=AXIS2_PLACEMENT_3D('',#4171,#2693,#2692);
#2412=AXIS2_PLACEMENT_3D('',#4172,#2695,#2694);
#2413=AXIS2_PLACEMENT_3D('',#4173,#2697,#2696);
#2414=AXIS2_PLACEMENT_3D('',#4174,#2699,#2698);
#2415=AXIS2_PLACEMENT_3D('',#4175,#2701,#2700);
#2416=AXIS2_PLACEMENT_3D('',#4176,#2703,#2702);
#2417=AXIS2_PLACEMENT_3D('',#4177,#2705,#2704);
#2418=AXIS2_PLACEMENT_3D('',#4178,#2707,#2706);
#2419=AXIS2_PLACEMENT_3D('',#4179,#2709,#2708);
#2420=AXIS2_PLACEMENT_3D('',#4180,#2711,#2710);
#2421=AXIS2_PLACEMENT_3D('',#4181,#2713,#2712);
#2422=AXIS2_PLACEMENT_3D('',#4182,#2715,#2714);
#2423=AXIS2_PLACEMENT_3D('',#4183,#2717,#2716);
#2424=AXIS2_PLACEMENT_3D('',#4184,#2719,#2718);
#2425=AXIS2_PLACEMENT_3D('',#4185,#2721,#2720);
#2426=AXIS2_PLACEMENT_3D('',#4186,#2723,#2722);
#2427=AXIS2_PLACEMENT_3D('',#4187,#2725,#2724);
#2428=AXIS2_PLACEMENT_3D('',#4188,#2727,#2726);
#2429=AXIS2_PLACEMENT_3D('',#4189,#2729,#2728);
#2430=AXIS2_PLACEMENT_3D('',#4190,#2731,#2730);
#2431=AXIS2_PLACEMENT_3D('',#4191,#2733,#2732);
#2432=AXIS2_PLACEMENT_3D('',#4192,#2735,#2734);
#2433=AXIS2_PLACEMENT_3D('',#4193,#2737,#2736);
#2434=AXIS2_PLACEMENT_3D('',#4194,#2739,#2738);
#2435=AXIS2_PLACEMENT_3D('',#4195,#2741,#2740);
#2436=AXIS2_PLACEMENT_3D('',#4196,#2743,#2742);
#2437=AXIS2_PLACEMENT_3D('',#4197,#2745,#2744);
#2438=AXIS2_PLACEMENT_3D('',#4198,#2747,#2746);
#2439=AXIS2_PLACEMENT_3D('',#4199,#2749,#2748);
#2440=AXIS2_PLACEMENT_3D('',#4200,#2751,#2750);
#2441=AXIS2_PLACEMENT_3D('',#4201,#2753,#2752);
#2442=AXIS2_PLACEMENT_3D('',#4202,#2755,#2754);
#2443=AXIS2_PLACEMENT_3D('',#4203,#2757,#2756);
#2444=AXIS2_PLACEMENT_3D('',#4204,#2759,#2758);
#2445=AXIS2_PLACEMENT_3D('',#4205,#2761,#2760);
#2446=AXIS2_PLACEMENT_3D('',#4206,#2763,#2762);
#2447=AXIS2_PLACEMENT_3D('',#4207,#2765,#2764);
#2448=AXIS2_PLACEMENT_3D('',#4208,#2767,#2766);
#2449=AXIS2_PLACEMENT_3D('',#4209,#2769,#2768);
#2450=AXIS2_PLACEMENT_3D('',#4210,#2771,#2770);
#2451=AXIS2_PLACEMENT_3D('',#4211,#2773,#2772);
#2452=AXIS2_PLACEMENT_3D('',#4212,#2775,#2774);
#2453=AXIS2_PLACEMENT_3D('',#4213,#2777,#2776);
#2454=AXIS2_PLACEMENT_3D('',#4214,#2779,#2778);
#2455=AXIS2_PLACEMENT_3D('',#4215,#2781,#2780);
#2456=AXIS2_PLACEMENT_3D('',#4216,#2783,#2782);
#2457=AXIS2_PLACEMENT_3D('',#4217,#2785,#2784);
#2458=AXIS2_PLACEMENT_3D('',#4218,#2787,#2786);
#2459=AXIS2_PLACEMENT_3D('',#4219,#2789,#2788);
#2460=AXIS2_PLACEMENT_3D('',#4220,#2791,#2790);
#2461=AXIS2_PLACEMENT_3D('',#4221,#2793,#2792);
#2462=AXIS2_PLACEMENT_3D('',#4222,#2795,#2794);
#2463=AXIS2_PLACEMENT_3D('',#4223,#2797,#2796);
#2464=AXIS2_PLACEMENT_3D('',#4224,#2799,#2798);
#2465=AXIS2_PLACEMENT_3D('',#4225,#2801,#2800);
#2466=AXIS2_PLACEMENT_3D('',#4226,#2803,#2802);
#2467=AXIS2_PLACEMENT_3D('',#4227,#2805,#2804);
#2468=AXIS2_PLACEMENT_3D('',#4228,#2807,#2806);
#2469=AXIS2_PLACEMENT_3D('',#4229,#2809,#2808);
#2470=AXIS2_PLACEMENT_3D('',#4230,#2811,#2810);
#2471=AXIS2_PLACEMENT_3D('',#4231,#2813,#2812);
#2472=AXIS2_PLACEMENT_3D('',#4232,#2815,#2814);
#2473=AXIS2_PLACEMENT_3D('',#4233,#2817,#2816);
#2474=AXIS2_PLACEMENT_3D('',#4234,#2819,#2818);
#2475=AXIS2_PLACEMENT_3D('',#4235,#2821,#2820);
#2476=AXIS2_PLACEMENT_3D('',#4236,#2823,#2822);
#2477=AXIS2_PLACEMENT_3D('',#4237,#2825,#2824);
#2478=AXIS2_PLACEMENT_3D('',#4238,#2827,#2826);
#2479=AXIS2_PLACEMENT_3D('',#4239,#2829,#2828);
#2480=AXIS2_PLACEMENT_3D('',#4240,#2831,#2830);
#2481=AXIS2_PLACEMENT_3D('',#4241,#2833,#2832);
#2482=AXIS2_PLACEMENT_3D('',#4242,#2835,#2834);
#2483=DIRECTION('',(1.,0.,0.));
#2484=DIRECTION('',(0.,0.,1.));
#2485=DIRECTION('',(-0.,-1.,-6.12323399573677E-017));
#2486=DIRECTION('',(-0.,-1.,-6.12323399573677E-017));
#2487=DIRECTION('',(-0.,-1.,-6.12323399573677E-017));
#2488=DIRECTION('',(-0.,-1.,-6.12323399573677E-017));
#2489=DIRECTION('',(-0.,-1.,-6.12323399573677E-017));
#2490=DIRECTION('',(-0.,-1.,-6.12323399573677E-017));
#2491=DIRECTION('',(-0.,-1.,-6.12323399573677E-017));
#2492=DIRECTION('',(-0.,-1.,-6.12323399573677E-017));
#2493=DIRECTION('',(-0.,-1.,-6.12323399573677E-017));
#2494=DIRECTION('',(-0.,-1.,-6.12323399573677E-017));
#2495=DIRECTION('',(-0.,-1.,-6.12323399573677E-017));
#2496=DIRECTION('',(-0.,-1.,-6.12323399573677E-017));
#2497=DIRECTION('',(-0.,-1.,-6.12323399573677E-017));
#2498=DIRECTION('',(-0.,-1.,-6.12323399573677E-017));
#2499=DIRECTION('',(-0.,-1.,-6.12323399573677E-017));
#2500=DIRECTION('',(-0.,-1.,-6.12323399573677E-017));
#2501=DIRECTION('',(-0.,-1.,-6.12323399573677E-017));
#2502=DIRECTION('',(-0.,-1.,-6.12323399573677E-017));
#2503=DIRECTION('',(-0.,-1.,-6.12323399573677E-017));
#2504=DIRECTION('',(-0.,-1.,-6.12323399573677E-017));
#2505=DIRECTION('',(-0.,-1.,-6.12323399573677E-017));
#2506=DIRECTION('',(-0.,-1.,-6.12323399573677E-017));
#2507=DIRECTION('',(-0.,-1.,-6.12323399573677E-017));
#2508=DIRECTION('',(-0.,-1.,-6.12323399573677E-017));
#2509=DIRECTION('',(-0.,-1.,-6.12323399573677E-017));
#2510=DIRECTION('',(-0.,-1.,-6.12323399573677E-017));
#2511=DIRECTION('',(-0.,-1.,-6.12323399573677E-017));
#2512=DIRECTION('',(-0.,-1.,-6.12323399573677E-017));
#2513=DIRECTION('',(-0.,-1.,-6.12323399573677E-017));
#2514=DIRECTION('',(-0.,-1.,-6.12323399573677E-017));
#2515=DIRECTION('',(-0.,-1.,-6.12323399573677E-017));
#2516=DIRECTION('',(-0.,-1.,-6.12323399573677E-017));
#2517=DIRECTION('',(-0.,-1.,-6.12323399573677E-017));
#2518=DIRECTION('',(-0.,-1.,-6.12323399573677E-017));
#2519=DIRECTION('',(-0.,-1.,-6.12323399573677E-017));
#2520=DIRECTION('',(-0.,-1.,-6.12323399573677E-017));
#2521=DIRECTION('',(-0.,-1.,-6.12323399573677E-017));
#2522=DIRECTION('',(-0.,-1.,-6.12323399573677E-017));
#2523=DIRECTION('',(-0.,-1.,-6.12323399573677E-017));
#2524=DIRECTION('',(-0.,-1.,-6.12323399573677E-017));
#2525=DIRECTION('',(-0.,-1.,-6.12323399573677E-017));
#2526=DIRECTION('',(-0.,-1.,-6.12323399573677E-017));
#2527=DIRECTION('',(-0.,-1.,-6.12323399573677E-017));
#2528=DIRECTION('',(-0.,-1.,-6.12323399573677E-017));
#2529=DIRECTION('',(-0.,-1.,-6.12323399573677E-017));
#2530=DIRECTION('',(-0.,-1.,-6.12323399573677E-017));
#2531=DIRECTION('',(-0.,-1.,-6.12323399573677E-017));
#2532=DIRECTION('',(-0.,-1.,-6.12323399573677E-017));
#2533=DIRECTION('',(-0.,-1.,-6.12323399573677E-017));
#2534=DIRECTION('',(-0.,-1.,-6.12323399573677E-017));
#2535=DIRECTION('',(-0.,-1.,-6.12323399573677E-017));
#2536=DIRECTION('',(-0.,-1.,-6.12323399573677E-017));
#2537=DIRECTION('',(-0.,-1.,-6.12323399573677E-017));
#2538=DIRECTION('',(-0.,-1.,-6.12323399573677E-017));
#2539=DIRECTION('',(-0.,-1.,-6.12323399573677E-017));
#2540=DIRECTION('',(-0.,-1.,-6.12323399573677E-017));
#2541=DIRECTION('',(-0.,-1.,-6.12323399573677E-017));
#2542=DIRECTION('',(-0.,-1.,-6.12323399573677E-017));
#2543=DIRECTION('',(-0.,-1.,-6.12323399573677E-017));
#2544=DIRECTION('',(-0.,-1.,-6.12323399573677E-017));
#2545=DIRECTION('',(-0.,-1.,-6.12323399573677E-017));
#2546=DIRECTION('',(-0.,-1.,-6.12323399573677E-017));
#2547=DIRECTION('',(-0.,-1.,-6.12323399573677E-017));
#2548=DIRECTION('',(-0.,-1.,-6.12323399573677E-017));
#2549=DIRECTION('',(-0.,-1.,-6.12323399573677E-017));
#2550=DIRECTION('',(-0.,-1.,-6.12323399573677E-017));
#2551=DIRECTION('',(-0.,-1.,-6.12323399573677E-017));
#2552=DIRECTION('',(-0.,-1.,-6.12323399573677E-017));
#2553=DIRECTION('',(-0.,-1.,-6.12323399573677E-017));
#2554=DIRECTION('',(-0.,-1.,-6.12323399573677E-017));
#2555=DIRECTION('',(-0.,-1.,-6.12323399573677E-017));
#2556=DIRECTION('',(-0.,-1.,-6.12323399573677E-017));
#2557=DIRECTION('',(-0.,-1.,-6.12323399573677E-017));
#2558=DIRECTION('',(-0.,-1.,-6.12323399573677E-017));
#2559=DIRECTION('',(-0.,-1.,-6.12323399573677E-017));
#2560=DIRECTION('',(-0.,-1.,-6.12323399573677E-017));
#2561=DIRECTION('',(-0.,-1.,-6.12323399573677E-017));
#2562=DIRECTION('',(-0.,-1.,-6.12323399573677E-017));
#2563=DIRECTION('',(-0.,-1.,-6.12323399573677E-017));
#2564=DIRECTION('',(-0.,-1.,-6.12323399573677E-017));
#2565=DIRECTION('',(-0.,-1.,-6.12323399573677E-017));
#2566=DIRECTION('',(-0.,-1.,-6.12323399573677E-017));
#2567=DIRECTION('',(-0.,-1.,-6.12323399573677E-017));
#2568=DIRECTION('',(-0.,-1.,-6.12323399573677E-017));
#2569=DIRECTION('',(-0.,-1.,-6.12323399573677E-017));
#2570=DIRECTION('',(-0.,-1.,-6.12323399573677E-017));
#2571=DIRECTION('',(-0.,-1.,-6.12323399573677E-017));
#2572=DIRECTION('',(-0.,-1.,-6.12323399573677E-017));
#2573=DIRECTION('',(-0.,-1.,-6.12323399573677E-017));
#2574=DIRECTION('',(-0.,-1.,-6.12323399573677E-017));
#2575=DIRECTION('',(-0.,-1.,-6.12323399573677E-017));
#2576=DIRECTION('',(-0.,-1.,-6.12323399573677E-017));
#2577=DIRECTION('',(-0.,-1.,-6.12323399573677E-017));
#2578=DIRECTION('',(-0.,-1.,-6.12323399573677E-017));
#2579=DIRECTION('',(-0.,-1.,-6.12323399573677E-017));
#2580=DIRECTION('',(-0.,-1.,-6.12323399573677E-017));
#2581=DIRECTION('',(-0.,-1.,-6.12323399573677E-017));
#2582=DIRECTION('',(-0.,-1.,-6.12323399573677E-017));
#2583=DIRECTION('',(-0.,-1.,-6.12323399573677E-017));
#2584=DIRECTION('',(-0.,-1.,-6.12323399573677E-017));
#2585=DIRECTION('',(-0.,-1.,-6.12323399573677E-017));
#2586=DIRECTION('',(-0.,-1.,-6.12323399573677E-017));
#2587=DIRECTION('',(-0.,-1.,-6.12323399573677E-017));
#2588=DIRECTION('',(-0.,-1.,-6.12323399573677E-017));
#2589=DIRECTION('',(-0.,-1.,-6.12323399573677E-017));
#2590=DIRECTION('',(-0.,-1.,-6.12323399573677E-017));
#2591=DIRECTION('',(-0.,-1.,-6.12323399573677E-017));
#2592=DIRECTION('',(-0.,-1.,-6.12323399573677E-017));
#2593=DIRECTION('',(-0.,-1.,-6.12323399573677E-017));
#2594=DIRECTION('',(-0.,-1.,-6.12323399573677E-017));
#2595=DIRECTION('',(-0.,-1.,-6.12323399573677E-017));
#2596=DIRECTION('',(-0.,-1.,-6.12323399573677E-017));
#2597=DIRECTION('',(-0.,-1.,-6.12323399573677E-017));
#2598=DIRECTION('',(-0.,-1.,-6.12323399573677E-017));
#2599=DIRECTION('',(-0.,-1.,-6.12323399573677E-017));
#2600=DIRECTION('',(-0.,-1.,-6.12323399573677E-017));
#2601=DIRECTION('',(0.,0.,1.));
#2602=DIRECTION('',(-1.,0.,0.));
#2603=DIRECTION('',(0.,1.,6.12323399573677E-017));
#2604=DIRECTION('',(0.,6.12323399573677E-017,-1.));
#2605=DIRECTION('',(-0.140985319138236,1.92592994438724E-034,
-0.990011686692379));
#2606=DIRECTION('',(0.990011686692379,8.63286099047045E-018,-0.140985319138236
));
#2607=DIRECTION('',(-0.389873376477528,0.,-0.920868476121325));
#2608=DIRECTION('',(0.920868476121325,2.38728591287988E-017,-0.389873376477528
));
#2609=DIRECTION('',(-0.783695731580218,3.08148791101958E-033,
-0.621144910872613));
#2610=DIRECTION('',(0.621144910872613,4.79875234592579E-017,-0.783695731580218
));
#2611=DIRECTION('',(-0.824690543278653,3.08148791101958E-033,-0.56558421815567
));
#2612=DIRECTION('',(0.56558421815567,5.04977317056647E-017,-0.824690543278653)
);
#2613=DIRECTION('',(-0.573710941817472,0.,-0.819057846088363));
#2614=DIRECTION('',(0.819057846088363,3.5129663426629E-017,-0.573710941817472)
);
#2615=DIRECTION('',(-0.164509769338886,-1.92592994438724E-034,
-0.986375453765992));
#2616=DIRECTION('',(0.986375453765992,1.00733181224668E-017,-0.164509769338886
));
#2617=DIRECTION('',(0.0345028033461893,0.,-0.999404601030661));
#2618=DIRECTION('',(0.999404601030661,-2.11268738397607E-018,
0.0345028033461893));
#2619=DIRECTION('',(-0.796359352879429,0.,-0.604823760347968));
#2620=DIRECTION('',(0.604823760347968,4.87629466237425E-017,-0.796359352879429
));
#2621=DIRECTION('',(-0.0202153546186061,0.,-0.999795648839124));
#2622=DIRECTION('',(0.999795648839124,1.23783346636523E-018,
-0.0202153546186061));
#2623=DIRECTION('',(-0.182193197817594,0.,-0.98326275159237));
#2624=DIRECTION('',(0.98326275159237,1.11561158266868E-017,-0.182193197817594)
);
#2625=DIRECTION('',(-0.479102597107288,0.,-0.877758908496548));
#2626=DIRECTION('',(0.877758908496548,2.93365731005312E-017,-0.479102597107288
));
#2627=DIRECTION('',(-0.675009977794046,-3.08148791101958E-033,
-0.737808599759099));
#2628=DIRECTION('',(0.737808599759099,4.13324404349002E-017,-0.675009977794046
));
#2629=DIRECTION('',(-0.84944444778144,0.,-0.527678055383474));
#2630=DIRECTION('',(0.527678055383474,5.20134712014516E-017,-0.84944444778144)
);
#2631=DIRECTION('',(-0.912024100331179,3.08148791101958E-033,
-0.410136611893043));
#2632=DIRECTION('',(0.410136611893043,5.58453697607911E-017,-0.912024100331179
));
#2633=DIRECTION('',(-0.962494214086835,0.,-0.271302207601349));
#2634=DIRECTION('',(0.271302207601349,5.89357729239645E-017,-0.962494214086835
));
#2635=DIRECTION('',(-0.901116638924367,0.,-0.433576755665768));
#2636=DIRECTION('',(0.433576755665768,5.51774803758573E-017,-0.901116638924367
));
#2637=DIRECTION('',(-0.707344594184733,0.,-0.706868888180571));
#2638=DIRECTION('',(0.706868888180571,4.33123646581258E-017,-0.707344594184733
));
#2639=DIRECTION('',(-0.406357251866768,0.,-0.913714279113164));
#2640=DIRECTION('',(0.913714279113164,2.48822053904476E-017,-0.406357251866768
));
#2641=DIRECTION('',(-0.181291309056211,0.,-0.983429438882468));
#2642=DIRECTION('',(0.983429438882468,1.11008910674461E-017,-0.181291309056211
));
#2643=DIRECTION('',(-0.83220774089063,-3.08148791101958E-033,
-0.554463953744258));
#2644=DIRECTION('',(0.554463953744258,5.0958027305368E-017,-0.83220774089063)
);
#2645=DIRECTION('',(-0.997058092152965,7.70371977754894E-034,
-0.0766495979916989));
#2646=DIRECTION('',(0.0766495979916989,6.10522000559548E-017,
-0.997058092152965));
#2647=DIRECTION('',(-0.921733280400009,0.,-0.387824392996416));
#2648=DIRECTION('',(0.387824392996416,5.64398855754731E-017,-0.921733280400009
));
#2649=DIRECTION('',(-0.554943318750301,0.,-0.83188816133805));
#2650=DIRECTION('',(0.83188816133805,3.39804779507883E-017,-0.554943318750301)
);
#2651=DIRECTION('',(-0.423137709850626,0.,-0.906065383127712));
#2652=DIRECTION('',(0.906065383127712,2.59097120983555E-017,-0.423137709850626
));
#2653=DIRECTION('',(-0.097256665156462,0.,-0.99525933358228));
#2654=DIRECTION('',(0.99525933358228,5.95525318398036E-018,-0.097256665156462)
);
#2655=DIRECTION('',(-0.447444626400955,0.,-0.89431163824749));
#2656=DIRECTION('',(0.89431163824749,2.73980814758806E-017,-0.447444626400955)
);
#2657=DIRECTION('',(-0.948744685293715,0.,-0.316043544668974));
#2658=DIRECTION('',(0.316043544668974,5.80938571026506E-017,-0.948744685293715
));
#2659=DIRECTION('',(-0.99813362547135,0.,-0.0610677140837878));
#2660=DIRECTION('',(0.0610677140837878,6.11180574777416E-017,-0.99813362547135
));
#2661=DIRECTION('',(-0.971333038268191,3.08148791101958E-033,-0.23772279816771
));
#2662=DIRECTION('',(0.23772279816771,5.94769948110607E-017,-0.971333038268191)
);
#2663=DIRECTION('',(-0.,-1.,-6.12323399573677E-017));
#2664=DIRECTION('',(-0.862564189175222,3.08148791101958E-033,
-0.505947645070606));
#2665=DIRECTION('',(0.505947645070606,5.28168236666284E-017,-0.862564189175222
));
#2666=DIRECTION('',(-0.797846137888798,-3.08148791101958E-033,
-0.602861128499697));
#2667=DIRECTION('',(0.602861128499697,4.88539859488797E-017,-0.797846137888798
));
#2668=DIRECTION('',(-0.743521008831374,3.08148791101958E-033,
-0.668712576094077));
#2669=DIRECTION('',(0.668712576094077,4.55275311782076E-017,-0.743521008831374
));
#2670=DIRECTION('',(-0.682549888243817,0.,-0.73083900419884));
#2671=DIRECTION('',(0.73083900419884,4.17941267948087E-017,-0.682549888243817)
);
#2672=DIRECTION('',(-0.652769570521938,0.,-0.757556524492137));
#2673=DIRECTION('',(0.757556524492137,3.99706082560242E-017,-0.652769570521938
));
#2674=DIRECTION('',(-0.524351516119586,-3.08148791101958E-033,
-0.85150190108014));
#2675=DIRECTION('',(0.85150190108014,3.21072702921956E-017,-0.524351516119586)
);
#2676=DIRECTION('',(-0.37750695407052,0.,-0.926006749234798));
#2677=DIRECTION('',(0.926006749234798,2.31156341479165E-017,-0.37750695407052)
);
#2678=DIRECTION('',(-0.253186658069382,-7.70371977754894E-034,
-0.96741744669799));
#2679=DIRECTION('',(0.96741744669799,1.55032115195742E-017,-0.253186658069382)
);
#2680=DIRECTION('',(-0.115953351812621,1.92592994438724E-034,
-0.993254660297861));
#2681=DIRECTION('',(0.993254660297861,7.10009505738664E-018,-0.115953351812621
));
#2682=DIRECTION('',(-0.998794534830308,0.,-0.049086425752015));
#2683=DIRECTION('',(0.049086425752015,6.11585265042903E-017,-0.998794534830308
));
#2684=DIRECTION('',(-0.887323345500501,0.,-0.461147785996852));
#2685=DIRECTION('',(0.461147785996852,5.43328847437955E-017,-0.887323345500501
));
#2686=DIRECTION('',(-0.524355496752282,3.08148791101958E-033,
-0.851499449809374));
#2687=DIRECTION('',(0.851499449809374,3.21075140356502E-017,-0.524355496752282
));
#2688=DIRECTION('',(-0.316423109938011,0.,-0.948618161062267));
#2689=DIRECTION('',(0.948618161062267,1.93753274380918E-017,-0.316423109938011
));
#2690=DIRECTION('',(-0.146643702223789,-3.85185988877447E-034,
-0.989189377519846));
#2691=DIRECTION('',(0.989189377519846,8.97933702717402E-018,-0.146643702223789
));
#2692=DIRECTION('',(-0.0333416288460801,0.,-0.999444013332358));
#2693=DIRECTION('',(0.999444013332358,2.04158595223555E-018,
-0.0333416288460801));
#2694=DIRECTION('',(-0.990842447363465,1.54074395550979E-033,
-0.135023125807318));
#2695=DIRECTION('',(0.135023125807318,6.06716015811499E-017,-0.990842447363465
));
#2696=DIRECTION('',(-0.952484924979691,0.,-0.30458573125876));
#2697=DIRECTION('',(0.30458573125876,5.83228807306243E-017,-0.952484924979691)
);
#2698=DIRECTION('',(-0.867245188024624,0.,-0.49788129493699));
#2699=DIRECTION('',(0.49788129493699,5.3103452179515E-017,-0.867245188024624)
);
#2700=DIRECTION('',(-0.683410294946633,-3.08148791101958E-033,
-0.730034498336179));
#2701=DIRECTION('',(0.730034498336179,4.18468115105371E-017,-0.683410294946633
));
#2702=DIRECTION('',(-0.544443329761286,0.,-0.838797627964245));
#2703=DIRECTION('',(0.838797627964245,3.33375390554643E-017,-0.544443329761286
));
#2704=DIRECTION('',(-0.340316820982845,0.,-0.940310832308195));
#2705=DIRECTION('',(0.940310832308195,2.08383952756322E-017,-0.340316820982845
));
#2706=DIRECTION('',(-0.209692485047209,0.,-0.977767386301428));
#2707=DIRECTION('',(0.977767386301428,1.2839961530916E-017,-0.209692485047209)
);
#2708=DIRECTION('',(-0.998054985578524,0.,-0.0623397606816988));
#2709=DIRECTION('',(0.0623397606816988,6.11132421730899E-017,
-0.998054985578524));
#2710=DIRECTION('',(-0.981804225182694,1.54074395550979E-033,
-0.189895927848416));
#2711=DIRECTION('',(0.189895927848416,6.01181700879667E-017,-0.981804225182694
));
#2712=DIRECTION('',(-0.727215318562407,0.,-0.686409411683856));
#2713=DIRECTION('',(0.686409411683856,4.45290956084187E-017,-0.727215318562407
));
#2714=DIRECTION('',(-0.308706480106394,0.,-0.951157352460843));
#2715=DIRECTION('',(0.951157352460843,1.89028201369171E-017,-0.308706480106394
));
#2716=DIRECTION('',(-0.211465771915491,0.,-0.97738540367052));
#2717=DIRECTION('',(0.97738540367052,1.29485440352765E-017,-0.211465771915491)
);
#2718=DIRECTION('',(0.00872524414221061,0.,-0.999961934332832));
#2719=DIRECTION('',(0.999961934332832,-5.34267115526871E-019,
0.00872524414221061));
#2720=DIRECTION('',(-0.084094616821593,0.,-0.996457774028398));
#2721=DIRECTION('',(0.996457774028398,5.14931016580435E-018,-0.084094616821593
));
#2722=DIRECTION('',(-0.166432587335815,-1.92592994438724E-034,
-0.986052835233846));
#2723=DIRECTION('',(0.986052835233846,1.01910567677309E-017,-0.166432587335815
));
#2724=DIRECTION('',(-0.400167740199844,0.,-0.916441912891019));
#2725=DIRECTION('',(0.916441912891019,2.45032071078884E-017,-0.400167740199844
));
#2726=DIRECTION('',(-0.600256495736547,0.,-0.799807563934026));
#2727=DIRECTION('',(0.799807563934026,3.67551098085584E-017,-0.600256495736547
));
#2728=DIRECTION('',(-0.707337494774683,3.08148791101958E-033,
-0.706875992297005));
#2729=DIRECTION('',(0.706875992297005,4.33119299446362E-017,-0.707337494774683
));
#2730=DIRECTION('',(-0.845239014668744,0.,-0.534388443065352));
#2731=DIRECTION('',(0.534388443065352,5.1755962691427E-017,-0.845239014668744)
);
#2732=DIRECTION('',(-0.932441433970899,0.,-0.36132114830756));
#2733=DIRECTION('',(0.36132114830756,5.70955708752415E-017,-0.932441433970899)
);
#2734=DIRECTION('',(-0.97783060311625,-1.54074395550979E-033,
-0.209397496664384));
#2735=DIRECTION('',(0.209397496664384,5.98748559107321E-017,-0.97783060311625)
);
#2736=DIRECTION('',(-0.996942540579163,-7.70371977754894E-034,
-0.0781381519077788));
#2737=DIRECTION('',(0.0781381519077788,6.10451245627051E-017,
-0.996942540579163));
#2738=DIRECTION('',(-0.999985465695296,0.,-0.00539151167694638));
#2739=DIRECTION('',(0.00539151167694638,6.1231449987881E-017,
-0.999985465695296));
#2740=DIRECTION('',(-0.828094083230081,-3.08148791101958E-033,
0.560589144846144));
#2741=DIRECTION('',(-0.560589144846144,5.07061384210291E-017,
-0.828094083230081));
#2742=DIRECTION('',(-0.999985571398049,-4.81482486096809E-035,
0.00537187078369423));
#2743=DIRECTION('',(-0.00537187078369423,6.12314564603079E-017,
-0.999985571398049));
#2744=DIRECTION('',(-0.924108307706996,3.08148791101958E-033,
-0.382130652561284));
#2745=DIRECTION('',(0.382130652561284,5.65853140549425E-017,-0.924108307706996
));
#2746=DIRECTION('',(-0.514744473523609,0.,-0.857343645790242));
#2747=DIRECTION('',(0.857343645790242,3.15190085939739E-017,-0.514744473523609
));
#2748=DIRECTION('',(-0.0320055838211302,0.,-0.999487690071403));
#2749=DIRECTION('',(0.999487690071403,1.95977678906947E-018,
-0.0320055838211302));
#2750=DIRECTION('',(-0.770600809261001,0.,0.637318125245384));
#2751=DIRECTION('',(-0.637318125245384,4.71856907240922E-017,
-0.770600809261001));
#2752=DIRECTION('',(-0.88348130133621,0.,0.468466423758713));
#2753=DIRECTION('',(-0.468466423758713,5.40976273893964E-017,-0.88348130133621
));
#2754=DIRECTION('',(-0.971246573613968,1.54074395550979E-033,0.238075814065872
));
#2755=DIRECTION('',(-0.238075814065872,5.9471700377959E-017,-0.971246573613968
));
#2756=DIRECTION('',(-0.99439612009157,0.,0.105718287665054));
#2757=DIRECTION('',(-0.105718287665054,6.08892012777344E-017,-0.99439612009157
));
#2758=DIRECTION('',(-0.99987815469386,0.,-0.0156101174243506));
#2759=DIRECTION('',(0.0156101174243506,6.12248790841598E-017,-0.99987815469386
));
#2760=DIRECTION('',(-0.970916029455687,-1.54074395550979E-033,
-0.239420265946731));
#2761=DIRECTION('',(0.239420265946731,5.94514603856882E-017,-0.970916029455687
));
#2762=DIRECTION('',(-0.913401315373511,-3.08148791101958E-033,
-0.40706023764787));
#2763=DIRECTION('',(0.40706023764787,5.59296998604576E-017,-0.913401315373511)
);
#2764=DIRECTION('',(-0.864652261019518,6.16297582203915E-033,
-0.502370846600234));
#2765=DIRECTION('',(0.502370846600234,5.29446811916537E-017,-0.864652261019518
));
#2766=DIRECTION('',(-0.828612557102772,0.,-0.559822498843701));
#2767=DIRECTION('',(0.559822498843701,5.07378857894607E-017,-0.828612557102772
));
#2768=DIRECTION('',(-0.947345949543031,0.,-0.320211885919954));
#2769=DIRECTION('',(0.320211885919954,5.80082092396541E-017,-0.947345949543031
));
#2770=DIRECTION('',(-0.926824777851884,0.,-0.37549411601223));
#2771=DIRECTION('',(0.37549411601223,5.67516498783383E-017,-0.926824777851884)
);
#2772=DIRECTION('',(-0.996102799479126,0.,-0.0881998462008218));
#2773=DIRECTION('',(0.0881998462008218,6.09937052501915E-017,
-0.996102799479126));
#2774=DIRECTION('',(-0.594888273840283,-3.08148791101958E-033,
0.803808398592182));
#2775=DIRECTION('',(-0.803808398592182,3.64264010204398E-017,
-0.594888273840283));
#2776=DIRECTION('',(-0.588436674464141,3.08148791101958E-033,0.808543307526308
));
#2777=DIRECTION('',(-0.808543307526308,3.60313544941712E-017,
-0.588436674464141));
#2778=DIRECTION('',(-0.843816907783448,3.08148791101958E-033,0.536631182600099
));
#2779=DIRECTION('',(-0.536631182600099,5.16688837591708E-017,
-0.843816907783448));
#2780=DIRECTION('',(-0.999592748104377,0.,0.028536606966127));
#2781=DIRECTION('',(-0.028536606966127,6.12074029708466E-017,
-0.999592748104377));
#2782=DIRECTION('',(-0.999406802997259,0.,-0.0344389622781816));
#2783=DIRECTION('',(0.0344389622781816,6.11960171168341E-017,
-0.999406802997259));
#2784=DIRECTION('',(-0.977831082696423,0.,-0.209395257140034));
#2785=DIRECTION('',(0.209395257140034,5.98748852765483E-017,-0.977831082696423
));
#2786=DIRECTION('',(-0.853435516753198,0.,-0.521198444687052));
#2787=DIRECTION('',(0.521198444687052,5.22578536935236E-017,-0.853435516753198
));
#2788=DIRECTION('',(-0.466014107093334,0.,-0.884777289485892));
#2789=DIRECTION('',(0.884777289485892,2.85351342304682E-017,-0.466014107093334
));
#2790=DIRECTION('',(-0.402958544443751,0.,-0.915218231603684));
#2791=DIRECTION('',(0.915218231603684,2.46740945821058E-017,-0.402958544443751
));
#2792=DIRECTION('',(-0.482167887574015,0.,-0.876078836744966));
#2793=DIRECTION('',(0.876078836744966,2.95242680084579E-017,-0.482167887574015
));
#2794=DIRECTION('',(-0.99998097977481,4.81482486096809E-035,
0.00616766476159743));
#2795=DIRECTION('',(-0.00616766476159743,6.12311753044728E-017,
-0.99998097977481));
#2796=DIRECTION('',(-0.410589172502442,0.,0.911820449114715));
#2797=DIRECTION('',(-0.911820449114715,2.51413357934838E-017,
-0.410589172502442));
#2798=DIRECTION('',(-0.651037145124718,0.,0.759045871912796));
#2799=DIRECTION('',(-0.759045871912796,3.98645277951508E-017,
-0.651037145124718));
#2800=DIRECTION('',(-0.868378218481609,0.,0.495902479996529));
#2801=DIRECTION('',(-0.495902479996529,5.31728302856391E-017,
-0.868378218481609));
#2802=DIRECTION('',(-0.995356421087275,-7.70371977754894E-034,
0.0962579607114695));
#2803=DIRECTION('',(-0.0962579607114695,6.09480027547648E-017,
-0.995356421087275));
#2804=DIRECTION('',(-0.998969792858131,0.,-0.0453800942813267));
#2805=DIRECTION('',(0.0453800942813267,6.11692579634303E-017,
-0.998969792858131));
#2806=DIRECTION('',(-0.976775065672003,1.54074395550979E-033,
-0.214267288874091));
#2807=DIRECTION('',(0.214267288874091,5.98102228831082E-017,-0.976775065672003
));
#2808=DIRECTION('',(-0.733973844996623,0.,-0.679177734367723));
#2809=DIRECTION('',(0.679177734367723,4.49429359966495E-017,-0.733973844996623
));
#2810=DIRECTION('',(-0.591619809279422,0.,-0.806217093138182));
#2811=DIRECTION('',(0.806217093138182,3.62262652873106E-017,-0.591619809279422
));
#2812=DIRECTION('',(-0.548283031747963,0.,-0.836292841711121));
#2813=DIRECTION('',(0.836292841711121,3.35726529928475E-017,-0.548283031747963
));
#2814=DIRECTION('',(-0.750049830431028,0.,-0.661381321077626));
#2815=DIRECTION('',(0.661381321077626,4.59273062019187E-017,-0.750049830431028
));
#2816=DIRECTION('',(-0.761463060717724,3.08148791101958E-033,
-0.648208305379063));
#2817=DIRECTION('',(0.648208305379063,4.66261649988454E-017,-0.761463060717724
));
#2818=DIRECTION('',(-0.634006485809113,0.,-0.773327728684274));
#2819=DIRECTION('',(0.773327728684274,3.88217006742396E-017,-0.634006485809113
));
#2820=DIRECTION('',(0.,0.,-1.));
#2821=DIRECTION('',(1.,0.,0.));
#2822=DIRECTION('',(0.,-1.,-6.12323399573677E-017));
#2823=DIRECTION('',(0.,-6.12323399573677E-017,1.));
#2824=DIRECTION('',(0.983300737533256,0.,0.18198807534164));
#2825=DIRECTION('',(-0.18198807534164,-6.02098050409667E-017,0.983300737533256
));
#2826=DIRECTION('',(0.70710678118655,0.,0.707106781186545));
#2827=DIRECTION('',(-0.707106781186545,-4.32978028117748E-017,0.70710678118655
));
#2828=DIRECTION('',(0.326856824101976,7.70371977754894E-034,0.945073868297061)
);
#2829=DIRECTION('',(-0.945073868297061,-2.00142081707977E-017,
0.326856824101976));
#2830=DIRECTION('',(0.58477952679697,3.08148791101958E-033,0.811192273779226)
);
#2831=DIRECTION('',(-0.811192273779226,-3.58074187849407E-017,0.58477952679697
));
#2832=DIRECTION('',(0.,0.,-1.));
#2833=DIRECTION('',(0.,-1.,0.));
#2834=DIRECTION('',(0.,0.,-1.));
#2835=DIRECTION('',(0.,-1.,0.));
#2836=CARTESIAN_POINT('',(0.,0.,0.));
#2837=CARTESIAN_POINT('',(103.080454,2168.281361,2148.45529610596));
#2838=CARTESIAN_POINT('',(139.836221225946,2168.281361,2199.4420236233));
#2839=CARTESIAN_POINT('',(144.420431285633,2168.281361,2212.6968092503));
#2840=CARTESIAN_POINT('',(171.036891055192,2168.281361,2239.31326901986));
#2841=CARTESIAN_POINT('',(226.076871378181,2168.281361,2249.5));
#2842=CARTESIAN_POINT('',(290.080453053515,2168.281361,2249.5));
#2843=CARTESIAN_POINT('',(290.080453053515,2168.281361,2246.56403910057));
#2844=CARTESIAN_POINT('',(288.456457322901,2168.281361,2244.58317461754));
#2845=CARTESIAN_POINT('',(287.292998903723,2168.281361,2243.59276096627));
#2846=CARTESIAN_POINT('',(285.827951217689,2168.281361,2242.30090656578));
#2847=CARTESIAN_POINT('',(285.009224225324,2168.281361,2241.05210716221));
#2848=CARTESIAN_POINT('',(284.061233094225,2168.281361,2239.76025276172));
#2849=CARTESIAN_POINT('',(282.897815260331,2168.281361,2238.68369193611));
#2850=CARTESIAN_POINT('',(281.131097136874,2168.281361,2238.29614119303));
#2851=CARTESIAN_POINT('',(279.235114874675,2168.281361,2238.21001260894));
#2852=CARTESIAN_POINT('',(277.899290742091,2168.281361,2238.33919618996));
#2853=CARTESIAN_POINT('',(276.994401185672,2168.281361,2238.8559491043));
#2854=CARTESIAN_POINT('',(276.218775767979,2168.281361,2239.76025276172));
#2855=CARTESIAN_POINT('',(275.443150350286,2168.281361,2241.48273149246));
#2856=CARTESIAN_POINT('',(268.462521591079,2168.281361,2241.52578648938));
#2857=CARTESIAN_POINT('',(267.988526025533,2168.281361,2240.66455641914));
#2858=CARTESIAN_POINT('',(267.51453045998,2168.281361,2239.58799559353));
#2859=CARTESIAN_POINT('',(267.083595883822,2168.281361,2238.76982052021));
#2860=CARTESIAN_POINT('',(266.307970466129,2168.281361,2238.29614119303));
#2861=CARTESIAN_POINT('',(265.101451057563,2168.281361,2238.03777403098));
#2862=CARTESIAN_POINT('',(261.352588107846,2168.281361,2237.90859044996));
#2863=CARTESIAN_POINT('',(259.84443884714,2168.281361,2237.95164544689));
#2864=CARTESIAN_POINT('',(259.370443281594,2168.281361,2238.25308619611));
#2865=CARTESIAN_POINT('',(259.025711854782,2168.281361,2238.72676552328));
#2866=CARTESIAN_POINT('',(257.789808698508,2168.281361,2240.39670823445));
#2867=CARTESIAN_POINT('',(254.38563659032,2168.281361,2240.09528607547));
#2868=CARTESIAN_POINT('',(252.791284180269,2168.281361,2239.4493495801));
#2869=CARTESIAN_POINT('',(249.861148222918,2168.281361,2238.45893592883));
#2870=CARTESIAN_POINT('',(246.801748126826,2168.281361,2236.39196145195));
#2871=CARTESIAN_POINT('',(241.243065478979,2168.281361,2233.16231615559));
#2872=CARTESIAN_POINT('',(238.05436065887,2168.281361,2231.74125958384));
#2873=CARTESIAN_POINT('',(234.736432285318,2168.281361,2230.92308451052));
#2874=CARTESIAN_POINT('',(231.978621456089,2168.281361,2230.88002951359));
#2875=CARTESIAN_POINT('',(229.953375055157,2168.281361,2231.09534167871));
#2876=CARTESIAN_POINT('',(227.669600376758,2168.281361,2231.65514958998));
#2877=CARTESIAN_POINT('',(225.558150826488,2168.281361,2232.77474682228));
#2878=CARTESIAN_POINT('',(224.308529843249,2168.281361,2233.80823406072));
#2879=CARTESIAN_POINT('',(224.136164129836,2168.281361,2228.42550429363));
#2880=CARTESIAN_POINT('',(223.489802850884,2168.281361,2227.34894346802));
#2881=CARTESIAN_POINT('',(222.240181867645,2168.281361,2226.83220914392));
#2882=CARTESIAN_POINT('',(214.225399413278,2168.281361,2226.87526414085));
#2883=CARTESIAN_POINT('',(212.889575280694,2168.281361,2227.77956779827));
#2884=CARTESIAN_POINT('',(194.01518468764,2168.281361,2227.67780482193));
#2885=CARTESIAN_POINT('',(189.556769167285,2168.281361,2227.32836407182));
#2886=CARTESIAN_POINT('',(184.661209521874,2168.281361,2226.280004641));
#2887=CARTESIAN_POINT('',(180.377635417427,2168.281361,2224.62011924993));
#2888=CARTESIAN_POINT('',(176.094020727695,2168.281361,2221.91187442804));
#2889=CARTESIAN_POINT('',(172.85949511869,2168.281361,2218.67945918586));
#2890=CARTESIAN_POINT('',(169.4500875085,2168.281361,2214.13661789296));
#2891=CARTESIAN_POINT('',(167.351990517608,2168.281361,2209.33167279967));
#2892=CARTESIAN_POINT('',(166.128100606257,2168.281361,2202.08056809464));
#2893=CARTESIAN_POINT('',(165.516155650578,2168.281361,2194.82948197985));
#2894=CARTESIAN_POINT('',(165.583851909105,2168.281361,2187.07111092214));
#2895=CARTESIAN_POINT('',(165.310510001925,2168.281361,2185.80773677005));
#2896=CARTESIAN_POINT('',(164.900476848511,2168.281361,2184.5443812082));
#2897=CARTESIAN_POINT('',(164.285487996313,2168.281361,2183.96390094953));
#2898=CARTESIAN_POINT('',(163.226293179149,2168.281361,2183.75903649955));
#2899=CARTESIAN_POINT('',(160.492874107339,2168.281361,2183.58830373107));
#2900=CARTESIAN_POINT('',(160.287837237986,2168.281361,2182.63224484419));
#2901=CARTESIAN_POINT('',(159.707021197348,2168.281361,2181.02742374539));
#2902=CARTESIAN_POINT('',(158.886995475805,2168.281361,2179.76404959329));
#2903=CARTESIAN_POINT('',(157.89610569647,2168.281361,2178.70555848142));
#2904=CARTESIAN_POINT('',(156.290227064943,2168.281361,2177.78363127604));
#2905=CARTESIAN_POINT('',(154.581829998737,2168.281361,2177.23731987935));
#2906=CARTESIAN_POINT('',(153.078469801884,2168.281361,2177.03245542937));
#2907=CARTESIAN_POINT('',(153.010124178764,2168.281361,2174.98373656863));
#2908=CARTESIAN_POINT('',(152.736782271583,2168.281361,2173.13990074811));
#2909=CARTESIAN_POINT('',(152.395094741282,2168.281361,2172.11554131774));
#2910=CARTESIAN_POINT('',(151.84841092692,2168.281361,2171.22778297434));
#2911=CARTESIAN_POINT('',(151.017995371935,2168.281361,2170.79621054183));
#2912=CARTESIAN_POINT('',(148.933737963875,2168.281361,2170.69377831684));
#2913=CARTESIAN_POINT('',(148.694568868254,2168.281361,2168.6450594561));
#2914=CARTESIAN_POINT('',(148.113712242332,2168.281361,2166.42562641712));
#2915=CARTESIAN_POINT('',(147.362032143902,2168.281361,2164.5817905966));
#2916=CARTESIAN_POINT('',(146.268664515178,2168.281361,2162.80625531956));
#2917=CARTESIAN_POINT('',(145.209469698014,2168.281361,2161.57703143921));
#2918=CARTESIAN_POINT('',(144.252793315522,2168.281361,2160.55267200884));
#2919=CARTESIAN_POINT('',(143.227730724626,2168.281361,2159.63074480346));
#2920=CARTESIAN_POINT('',(141.826888962446,2168.281361,2158.57225369159));
#2921=CARTESIAN_POINT('',(140.255142557188,2168.281361,2157.65032648621));
#2922=CARTESIAN_POINT('',(137.69258754317,2168.281361,2156.52355342109));
#2923=CARTESIAN_POINT('',(136.018363288524,2168.281361,2156.11380593089));
#2924=CARTESIAN_POINT('',(134.344139033878,2168.281361,2156.0113737059));
#2925=CARTESIAN_POINT('',(133.524113312335,2168.281361,2155.73820871244));
#2926=CARTESIAN_POINT('',(133.284944216707,2168.281361,2155.260179269));
#2927=CARTESIAN_POINT('',(132.971706972516,2168.281361,2152.0547198755));
#2928=CARTESIAN_POINT('',(132.668331953043,2168.281361,2151.40510251252));
#2929=CARTESIAN_POINT('',(132.321652432453,2168.281361,2150.88541234018));
#2930=CARTESIAN_POINT('',(131.498258132103,2168.281361,2150.53896461879));
#2931=CARTESIAN_POINT('',(129.808165030285,2168.281361,2150.40903742814));
#2932=CARTESIAN_POINT('',(129.288145749401,2168.281361,2150.0625711165));
#2933=CARTESIAN_POINT('',(128.984770729927,2168.281361,2148.41688866915));
#2934=CARTESIAN_POINT('',(128.638091209338,2168.281361,2147.63736270577));
#2935=CARTESIAN_POINT('',(128.204721515962,2168.281361,2147.20428446378));
#2936=CARTESIAN_POINT('',(127.034647695022,2168.281361,2146.64129762139));
#2937=CARTESIAN_POINT('',(125.344554593205,2168.281361,2146.16490411911));
#2938=CARTESIAN_POINT('',(123.611116404995,2168.281361,2145.38537815573));
#2939=CARTESIAN_POINT('',(122.007672890679,2168.281361,2144.38931307135));
#2940=CARTESIAN_POINT('',(120.620914223044,2168.281361,2142.8735392244));
#2941=CARTESIAN_POINT('',(119.580835076006,2168.281361,2140.968020986));
#2942=CARTESIAN_POINT('',(119.147505967915,2168.281361,2138.62942450561));
#2943=CARTESIAN_POINT('',(118.809998722165,2168.281361,2121.93724758771));
#2944=CARTESIAN_POINT('',(117.435862078761,2168.281361,2120.89361007797));
#2945=CARTESIAN_POINT('',(117.490855142489,2168.281361,2119.30068673307));
#2946=CARTESIAN_POINT('',(117.161059101251,2168.281361,2117.32328003477));
#2947=CARTESIAN_POINT('',(116.006813542198,2168.281361,2115.67542252928));
#2948=CARTESIAN_POINT('',(113.203587776938,2168.281361,2113.75293140133));
#2949=CARTESIAN_POINT('',(111.609641219752,2168.281361,2112.48959442972));
#2950=CARTESIAN_POINT('',(111.005001615719,2168.281361,2111.06145497634));
#2951=CARTESIAN_POINT('',(110.070606555725,2168.281361,2104.50004819274));
#2952=CARTESIAN_POINT('',(103.080454,2168.281361,2104.50004819274));
#2953=CARTESIAN_POINT('',(103.080454,168.281361,2148.45529610596));
#2954=CARTESIAN_POINT('',(139.836221225946,168.281361,2199.4420236233));
#2955=CARTESIAN_POINT('',(144.420431285633,168.281361,2212.6968092503));
#2956=CARTESIAN_POINT('',(171.036891055192,168.281361,2239.31326901986));
#2957=CARTESIAN_POINT('',(226.076871378181,168.281361,2249.5));
#2958=CARTESIAN_POINT('',(290.080453053515,168.281361,2249.5));
#2959=CARTESIAN_POINT('',(290.080453053515,168.281361,2246.56403910057));
#2960=CARTESIAN_POINT('',(288.456457322901,168.281361,2244.58317461754));
#2961=CARTESIAN_POINT('',(287.292998903723,168.281361,2243.59276096627));
#2962=CARTESIAN_POINT('',(285.827951217689,168.281361,2242.30090656578));
#2963=CARTESIAN_POINT('',(285.009224225324,168.281361,2241.05210716221));
#2964=CARTESIAN_POINT('',(284.061233094225,168.281361,2239.76025276172));
#2965=CARTESIAN_POINT('',(282.897815260331,168.281361,2238.68369193611));
#2966=CARTESIAN_POINT('',(281.131097136874,168.281361,2238.29614119303));
#2967=CARTESIAN_POINT('',(279.235114874675,168.281361,2238.21001260894));
#2968=CARTESIAN_POINT('',(277.899290742091,168.281361,2238.33919618996));
#2969=CARTESIAN_POINT('',(276.994401185672,168.281361,2238.8559491043));
#2970=CARTESIAN_POINT('',(276.218775767979,168.281361,2239.76025276172));
#2971=CARTESIAN_POINT('',(275.443150350286,168.281361,2241.48273149246));
#2972=CARTESIAN_POINT('',(268.462521591079,168.281361,2241.52578648938));
#2973=CARTESIAN_POINT('',(267.988526025533,168.281361,2240.66455641914));
#2974=CARTESIAN_POINT('',(267.51453045998,168.281361,2239.58799559353));
#2975=CARTESIAN_POINT('',(267.083595883822,168.281361,2238.76982052021));
#2976=CARTESIAN_POINT('',(266.307970466129,168.281361,2238.29614119303));
#2977=CARTESIAN_POINT('',(265.101451057563,168.281361,2238.03777403098));
#2978=CARTESIAN_POINT('',(261.352588107846,168.281361,2237.90859044996));
#2979=CARTESIAN_POINT('',(259.84443884714,168.281361,2237.95164544689));
#2980=CARTESIAN_POINT('',(259.370443281594,168.281361,2238.25308619611));
#2981=CARTESIAN_POINT('',(259.025711854782,168.281361,2238.72676552328));
#2982=CARTESIAN_POINT('',(257.789808698508,168.281361,2240.39670823445));
#2983=CARTESIAN_POINT('',(254.38563659032,168.281361,2240.09528607547));
#2984=CARTESIAN_POINT('',(252.791284180269,168.281361,2239.4493495801));
#2985=CARTESIAN_POINT('',(249.861148222918,168.281361,2238.45893592883));
#2986=CARTESIAN_POINT('',(246.801748126826,168.281361,2236.39196145195));
#2987=CARTESIAN_POINT('',(241.243065478979,168.281361,2233.16231615559));
#2988=CARTESIAN_POINT('',(238.05436065887,168.281361,2231.74125958384));
#2989=CARTESIAN_POINT('',(234.736432285318,168.281361,2230.92308451052));
#2990=CARTESIAN_POINT('',(231.978621456089,168.281361,2230.88002951359));
#2991=CARTESIAN_POINT('',(229.953375055157,168.281361,2231.09534167871));
#2992=CARTESIAN_POINT('',(227.669600376758,168.281361,2231.65514958998));
#2993=CARTESIAN_POINT('',(225.558150826488,168.281361,2232.77474682228));
#2994=CARTESIAN_POINT('',(224.308529843249,168.281361,2233.80823406072));
#2995=CARTESIAN_POINT('',(224.136164129836,168.281361,2228.42550429363));
#2996=CARTESIAN_POINT('',(223.489802850884,168.281361,2227.34894346802));
#2997=CARTESIAN_POINT('',(222.240181867645,168.281361,2226.83220914392));
#2998=CARTESIAN_POINT('',(214.225399413278,168.281361,2226.87526414085));
#2999=CARTESIAN_POINT('',(212.889575280694,168.281361,2227.77956779827));
#3000=CARTESIAN_POINT('',(194.01518468764,168.281361,2227.67780482193));
#3001=CARTESIAN_POINT('',(189.556769167285,168.281361,2227.32836407182));
#3002=CARTESIAN_POINT('',(184.661209521874,168.281361,2226.280004641));
#3003=CARTESIAN_POINT('',(180.377635417427,168.281361,2224.62011924993));
#3004=CARTESIAN_POINT('',(176.094020727695,168.281361,2221.91187442804));
#3005=CARTESIAN_POINT('',(172.85949511869,168.281361,2218.67945918586));
#3006=CARTESIAN_POINT('',(169.4500875085,168.281361,2214.13661789296));
#3007=CARTESIAN_POINT('',(167.351990517608,168.281361,2209.33167279967));
#3008=CARTESIAN_POINT('',(166.128100606257,168.281361,2202.08056809464));
#3009=CARTESIAN_POINT('',(165.516155650578,168.281361,2194.82948197985));
#3010=CARTESIAN_POINT('',(165.583851909105,168.281361,2187.07111092214));
#3011=CARTESIAN_POINT('',(165.310510001925,168.281361,2185.80773677005));
#3012=CARTESIAN_POINT('',(164.900476848511,168.281361,2184.5443812082));
#3013=CARTESIAN_POINT('',(164.285487996313,168.281361,2183.96390094953));
#3014=CARTESIAN_POINT('',(163.226293179149,168.281361,2183.75903649955));
#3015=CARTESIAN_POINT('',(160.492874107339,168.281361,2183.58830373107));
#3016=CARTESIAN_POINT('',(160.287837237986,168.281361,2182.63224484419));
#3017=CARTESIAN_POINT('',(159.707021197348,168.281361,2181.02742374539));
#3018=CARTESIAN_POINT('',(158.886995475805,168.281361,2179.76404959329));
#3019=CARTESIAN_POINT('',(157.89610569647,168.281361,2178.70555848142));
#3020=CARTESIAN_POINT('',(156.290227064943,168.281361,2177.78363127604));
#3021=CARTESIAN_POINT('',(154.581829998737,168.281361,2177.23731987935));
#3022=CARTESIAN_POINT('',(153.078469801884,168.281361,2177.03245542937));
#3023=CARTESIAN_POINT('',(153.010124178764,168.281361,2174.98373656863));
#3024=CARTESIAN_POINT('',(152.736782271583,168.281361,2173.13990074811));
#3025=CARTESIAN_POINT('',(152.395094741282,168.281361,2172.11554131774));
#3026=CARTESIAN_POINT('',(151.84841092692,168.281361,2171.22778297434));
#3027=CARTESIAN_POINT('',(151.017995371935,168.281361,2170.79621054183));
#3028=CARTESIAN_POINT('',(148.933737963875,168.281361,2170.69377831684));
#3029=CARTESIAN_POINT('',(148.694568868254,168.281361,2168.6450594561));
#3030=CARTESIAN_POINT('',(148.113712242332,168.281361,2166.42562641712));
#3031=CARTESIAN_POINT('',(147.362032143902,168.281361,2164.5817905966));
#3032=CARTESIAN_POINT('',(146.268664515178,168.281361,2162.80625531956));
#3033=CARTESIAN_POINT('',(145.209469698014,168.281361,2161.57703143921));
#3034=CARTESIAN_POINT('',(144.252793315522,168.281361,2160.55267200884));
#3035=CARTESIAN_POINT('',(143.227730724626,168.281361,2159.63074480346));
#3036=CARTESIAN_POINT('',(141.826888962446,168.281361,2158.57225369159));
#3037=CARTESIAN_POINT('',(140.255142557188,168.281361,2157.65032648621));
#3038=CARTESIAN_POINT('',(137.69258754317,168.281361,2156.52355342109));
#3039=CARTESIAN_POINT('',(136.018363288524,168.281361,2156.11380593089));
#3040=CARTESIAN_POINT('',(134.344139033878,168.281361,2156.0113737059));
#3041=CARTESIAN_POINT('',(133.524113312335,168.281361,2155.73820871244));
#3042=CARTESIAN_POINT('',(133.284944216707,168.281361,2155.260179269));
#3043=CARTESIAN_POINT('',(132.971706972516,168.281361,2152.0547198755));
#3044=CARTESIAN_POINT('',(132.668331953043,168.281361,2151.40510251252));
#3045=CARTESIAN_POINT('',(132.321652432453,168.281361,2150.88541234018));
#3046=CARTESIAN_POINT('',(131.498258132103,168.281361,2150.53896461879));
#3047=CARTESIAN_POINT('',(129.808165030285,168.281361,2150.40903742814));
#3048=CARTESIAN_POINT('',(129.288145749401,168.281361,2150.0625711165));
#3049=CARTESIAN_POINT('',(128.984770729927,168.281361,2148.41688866915));
#3050=CARTESIAN_POINT('',(128.638091209338,168.281361,2147.63736270577));
#3051=CARTESIAN_POINT('',(128.204721515962,168.281361,2147.20428446378));
#3052=CARTESIAN_POINT('',(127.034647695022,168.281361,2146.64129762139));
#3053=CARTESIAN_POINT('',(125.344554593205,168.281361,2146.16490411911));
#3054=CARTESIAN_POINT('',(123.611116404995,168.281361,2145.38537815573));
#3055=CARTESIAN_POINT('',(122.007672890679,168.281361,2144.38931307135));
#3056=CARTESIAN_POINT('',(120.620914223044,168.281361,2142.8735392244));
#3057=CARTESIAN_POINT('',(119.580835076006,168.281361,2140.968020986));
#3058=CARTESIAN_POINT('',(119.147505967915,168.281361,2138.62942450561));
#3059=CARTESIAN_POINT('',(118.809998722165,168.281361,2121.93724758771));
#3060=CARTESIAN_POINT('',(117.435862078761,168.281361,2120.89361007797));
#3061=CARTESIAN_POINT('',(117.490855142489,168.281361,2119.30068673307));
#3062=CARTESIAN_POINT('',(117.161059101251,168.281361,2117.32328003477));
#3063=CARTESIAN_POINT('',(116.006813542198,168.281361,2115.67542252928));
#3064=CARTESIAN_POINT('',(113.203587776938,168.281361,2113.75293140133));
#3065=CARTESIAN_POINT('',(111.609641219752,168.281361,2112.48959442972));
#3066=CARTESIAN_POINT('',(111.005001615719,168.281361,2111.06145497634));
#3067=CARTESIAN_POINT('',(110.070606555725,168.281361,2104.50004819274));
#3068=CARTESIAN_POINT('',(103.080454,168.281361,2104.50004819274));
#3069=CARTESIAN_POINT('',(103.080454,2168.281361,2104.50004819274));
#3070=CARTESIAN_POINT('',(110.070606555725,2168.281361,2104.50004819274));
#3071=CARTESIAN_POINT('',(111.005001615719,2168.281361,2111.06145497634));
#3072=CARTESIAN_POINT('',(111.609641219752,2168.281361,2112.48959442972));
#3073=CARTESIAN_POINT('',(113.203587776938,2168.281361,2113.75293140133));
#3074=CARTESIAN_POINT('',(116.006813542198,2168.281361,2115.67542252928));
#3075=CARTESIAN_POINT('',(117.161059101251,2168.281361,2117.32328003477));
#3076=CARTESIAN_POINT('',(117.490855142489,2168.281361,2119.30068673307));
#3077=CARTESIAN_POINT('',(117.435862078761,2168.281361,2120.89361007797));
#3078=CARTESIAN_POINT('',(118.809998722165,2168.281361,2121.93724758771));
#3079=CARTESIAN_POINT('',(119.147505967915,2168.281361,2138.62942450561));
#3080=CARTESIAN_POINT('',(119.580835076006,2168.281361,2140.968020986));
#3081=CARTESIAN_POINT('',(120.620914223044,2168.281361,2142.8735392244));
#3082=CARTESIAN_POINT('',(122.007672890679,2168.281361,2144.38931307135));
#3083=CARTESIAN_POINT('',(123.611116404995,2168.281361,2145.38537815573));
#3084=CARTESIAN_POINT('',(125.344554593205,2168.281361,2146.16490411911));
#3085=CARTESIAN_POINT('',(127.034647695022,2168.281361,2146.64129762139));
#3086=CARTESIAN_POINT('',(128.204721515962,2168.281361,2147.20428446378));
#3087=CARTESIAN_POINT('',(128.638091209338,2168.281361,2147.63736270577));
#3088=CARTESIAN_POINT('',(128.984770729927,2168.281361,2148.41688866915));
#3089=CARTESIAN_POINT('',(129.288145749401,2168.281361,2150.0625711165));
#3090=CARTESIAN_POINT('',(129.808165030285,2168.281361,2150.40903742814));
#3091=CARTESIAN_POINT('',(131.498258132103,2168.281361,2150.53896461879));
#3092=CARTESIAN_POINT('',(132.321652432453,2168.281361,2150.88541234018));
#3093=CARTESIAN_POINT('',(132.668331953043,2168.281361,2151.40510251252));
#3094=CARTESIAN_POINT('',(132.971706972516,2168.281361,2152.0547198755));
#3095=CARTESIAN_POINT('',(133.284944216707,2168.281361,2155.260179269));
#3096=CARTESIAN_POINT('',(133.524113312335,2168.281361,2155.73820871244));
#3097=CARTESIAN_POINT('',(134.344139033878,2168.281361,2156.0113737059));
#3098=CARTESIAN_POINT('',(136.018363288524,2168.281361,2156.11380593089));
#3099=CARTESIAN_POINT('',(137.69258754317,2168.281361,2156.52355342109));
#3100=CARTESIAN_POINT('',(140.255142557188,2168.281361,2157.65032648621));
#3101=CARTESIAN_POINT('',(141.826888962446,2168.281361,2158.57225369159));
#3102=CARTESIAN_POINT('',(143.227730724626,2168.281361,2159.63074480346));
#3103=CARTESIAN_POINT('',(144.252793315522,2168.281361,2160.55267200884));
#3104=CARTESIAN_POINT('',(145.209469698014,2168.281361,2161.57703143921));
#3105=CARTESIAN_POINT('',(146.268664515178,2168.281361,2162.80625531956));
#3106=CARTESIAN_POINT('',(147.362032143902,2168.281361,2164.5817905966));
#3107=CARTESIAN_POINT('',(148.113712242332,2168.281361,2166.42562641712));
#3108=CARTESIAN_POINT('',(148.694568868254,2168.281361,2168.6450594561));
#3109=CARTESIAN_POINT('',(148.933737963875,2168.281361,2170.69377831684));
#3110=CARTESIAN_POINT('',(151.017995371935,2168.281361,2170.79621054183));
#3111=CARTESIAN_POINT('',(151.84841092692,2168.281361,2171.22778297434));
#3112=CARTESIAN_POINT('',(152.395094741282,2168.281361,2172.11554131774));
#3113=CARTESIAN_POINT('',(152.736782271583,2168.281361,2173.13990074811));
#3114=CARTESIAN_POINT('',(153.010124178764,2168.281361,2174.98373656863));
#3115=CARTESIAN_POINT('',(153.078469801884,2168.281361,2177.03245542937));
#3116=CARTESIAN_POINT('',(154.581829998737,2168.281361,2177.23731987935));
#3117=CARTESIAN_POINT('',(156.290227064943,2168.281361,2177.78363127604));
#3118=CARTESIAN_POINT('',(157.89610569647,2168.281361,2178.70555848142));
#3119=CARTESIAN_POINT('',(158.886995475805,2168.281361,2179.76404959329));
#3120=CARTESIAN_POINT('',(159.707021197348,2168.281361,2181.02742374539));
#3121=CARTESIAN_POINT('',(160.287837237986,2168.281361,2182.63224484419));
#3122=CARTESIAN_POINT('',(160.492874107339,2168.281361,2183.58830373107));
#3123=CARTESIAN_POINT('',(163.226293179149,2168.281361,2183.75903649955));
#3124=CARTESIAN_POINT('',(164.285487996313,2168.281361,2183.96390094953));
#3125=CARTESIAN_POINT('',(164.900476848511,2168.281361,2184.5443812082));
#3126=CARTESIAN_POINT('',(165.310510001925,2168.281361,2185.80773677005));
#3127=CARTESIAN_POINT('',(165.583851909105,2168.281361,2187.07111092214));
#3128=CARTESIAN_POINT('',(165.516155650578,2168.281361,2194.82948197985));
#3129=CARTESIAN_POINT('',(166.128100606257,2168.281361,2202.08056809464));
#3130=CARTESIAN_POINT('',(167.351990517608,2168.281361,2209.33167279967));
#3131=CARTESIAN_POINT('',(169.4500875085,2168.281361,2214.13661789296));
#3132=CARTESIAN_POINT('',(172.85949511869,2168.281361,2218.67945918586));
#3133=CARTESIAN_POINT('',(176.094020727695,2168.281361,2221.91187442804));
#3134=CARTESIAN_POINT('',(180.377635417427,2168.281361,2224.62011924993));
#3135=CARTESIAN_POINT('',(184.661209521874,2168.281361,2226.280004641));
#3136=CARTESIAN_POINT('',(189.556769167285,2168.281361,2227.32836407182));
#3137=CARTESIAN_POINT('',(194.01518468764,2168.281361,2227.67780482193));
#3138=CARTESIAN_POINT('',(212.889575280694,2168.281361,2227.77956779827));
#3139=CARTESIAN_POINT('',(214.225399413278,2168.281361,2226.87526414085));
#3140=CARTESIAN_POINT('',(222.240181867645,2168.281361,2226.83220914392));
#3141=CARTESIAN_POINT('',(223.489802850884,2168.281361,2227.34894346802));
#3142=CARTESIAN_POINT('',(224.136164129836,2168.281361,2228.42550429363));
#3143=CARTESIAN_POINT('',(224.308529843249,2168.281361,2233.80823406072));
#3144=CARTESIAN_POINT('',(225.558150826488,2168.281361,2232.77474682228));
#3145=CARTESIAN_POINT('',(227.669600376758,2168.281361,2231.65514958998));
#3146=CARTESIAN_POINT('',(229.953375055157,2168.281361,2231.09534167871));
#3147=CARTESIAN_POINT('',(231.978621456089,2168.281361,2230.88002951359));
#3148=CARTESIAN_POINT('',(234.736432285318,2168.281361,2230.92308451052));
#3149=CARTESIAN_POINT('',(238.05436065887,2168.281361,2231.74125958384));
#3150=CARTESIAN_POINT('',(241.243065478979,2168.281361,2233.16231615559));
#3151=CARTESIAN_POINT('',(246.801748126826,2168.281361,2236.39196145195));
#3152=CARTESIAN_POINT('',(249.861148222918,2168.281361,2238.45893592883));
#3153=CARTESIAN_POINT('',(252.791284180269,2168.281361,2239.4493495801));
#3154=CARTESIAN_POINT('',(254.38563659032,2168.281361,2240.09528607547));
#3155=CARTESIAN_POINT('',(257.789808698508,2168.281361,2240.39670823445));
#3156=CARTESIAN_POINT('',(259.025711854782,2168.281361,2238.72676552328));
#3157=CARTESIAN_POINT('',(259.370443281594,2168.281361,2238.25308619611));
#3158=CARTESIAN_POINT('',(259.84443884714,2168.281361,2237.95164544689));
#3159=CARTESIAN_POINT('',(261.352588107846,2168.281361,2237.90859044996));
#3160=CARTESIAN_POINT('',(265.101451057563,2168.281361,2238.03777403098));
#3161=CARTESIAN_POINT('',(266.307970466129,2168.281361,2238.29614119303));
#3162=CARTESIAN_POINT('',(267.083595883822,2168.281361,2238.76982052021));
#3163=CARTESIAN_POINT('',(267.51453045998,2168.281361,2239.58799559353));
#3164=CARTESIAN_POINT('',(267.988526025533,2168.281361,2240.66455641914));
#3165=CARTESIAN_POINT('',(268.462521591079,2168.281361,2241.52578648938));
#3166=CARTESIAN_POINT('',(275.443150350286,2168.281361,2241.48273149246));
#3167=CARTESIAN_POINT('',(276.218775767979,2168.281361,2239.76025276172));
#3168=CARTESIAN_POINT('',(276.994401185672,2168.281361,2238.8559491043));
#3169=CARTESIAN_POINT('',(277.899290742091,2168.281361,2238.33919618996));
#3170=CARTESIAN_POINT('',(279.235114874675,2168.281361,2238.21001260894));
#3171=CARTESIAN_POINT('',(281.131097136874,2168.281361,2238.29614119303));
#3172=CARTESIAN_POINT('',(282.897815260331,2168.281361,2238.68369193611));
#3173=CARTESIAN_POINT('',(284.061233094225,2168.281361,2239.76025276172));
#3174=CARTESIAN_POINT('',(285.009224225324,2168.281361,2241.05210716221));
#3175=CARTESIAN_POINT('',(285.827951217689,2168.281361,2242.30090656578));
#3176=CARTESIAN_POINT('',(287.292998903723,2168.281361,2243.59276096627));
#3177=CARTESIAN_POINT('',(288.456457322901,2168.281361,2244.58317461754));
#3178=CARTESIAN_POINT('',(290.080453053515,2168.281361,2246.56403910057));
#3179=CARTESIAN_POINT('',(290.080453053515,2168.281361,2249.5));
#3180=CARTESIAN_POINT('',(226.076871378181,2168.281361,2249.5));
#3181=CARTESIAN_POINT('',(171.036891055192,2168.281361,2239.31326901986));
#3182=CARTESIAN_POINT('',(144.420431285633,2168.281361,2212.6968092503));
#3183=CARTESIAN_POINT('',(139.836221225946,2168.281361,2199.4420236233));
#3184=CARTESIAN_POINT('',(103.080454,2168.281361,2148.45529610596));
#3185=CARTESIAN_POINT('',(139.836221225946,2168.281361,2199.4420236233));
#3186=CARTESIAN_POINT('',(127.584298817297,2168.281361,2182.44644778419));
#3187=CARTESIAN_POINT('',(115.332376408649,2168.281361,2165.45087194507));
#3188=CARTESIAN_POINT('',(103.080454,2168.281361,2148.45529610596));
#3189=CARTESIAN_POINT('',(144.420431285633,2168.281361,2212.6968092503));
#3190=CARTESIAN_POINT('',(142.892361265738,2168.281361,2208.27854737464));
#3191=CARTESIAN_POINT('',(141.364291245842,2168.281361,2203.86028549897));
#3192=CARTESIAN_POINT('',(139.836221225946,2168.281361,2199.4420236233));
#3193=CARTESIAN_POINT('',(171.036891055192,2168.281361,2239.31326901986));
#3194=CARTESIAN_POINT('',(162.164737798673,2168.281361,2230.44111576334));
#3195=CARTESIAN_POINT('',(153.292584542153,2168.281361,2221.56896250682));
#3196=CARTESIAN_POINT('',(144.420431285633,2168.281361,2212.6968092503));
#3197=CARTESIAN_POINT('',(226.076871378181,2168.281361,2249.5));
#3198=CARTESIAN_POINT('',(207.730211270518,2168.281361,2246.10442300662));
#3199=CARTESIAN_POINT('',(189.383551162855,2168.281361,2242.70884601324));
#3200=CARTESIAN_POINT('',(171.036891055192,2168.281361,2239.31326901986));
#3201=CARTESIAN_POINT('',(290.080453053515,2168.281361,2249.5));
#3202=CARTESIAN_POINT('',(268.745925828403,2168.281361,2249.5));
#3203=CARTESIAN_POINT('',(247.411398603292,2168.281361,2249.5));
#3204=CARTESIAN_POINT('',(226.076871378181,2168.281361,2249.5));
#3205=CARTESIAN_POINT('',(290.080453053515,2168.281361,2246.56403910057));
#3206=CARTESIAN_POINT('',(290.080453053515,2168.281361,2247.54269273371));
#3207=CARTESIAN_POINT('',(290.080453053515,2168.281361,2248.52134636686));
#3208=CARTESIAN_POINT('',(290.080453053515,2168.281361,2249.5));
#3209=CARTESIAN_POINT('',(288.456457322901,2168.281361,2244.58317461754));
#3210=CARTESIAN_POINT('',(288.997789233105,2168.281361,2245.24346277855));
#3211=CARTESIAN_POINT('',(289.53912114331,2168.281361,2245.90375093956));
#3212=CARTESIAN_POINT('',(290.080453053515,2168.281361,2246.56403910057));
#3213=CARTESIAN_POINT('',(287.292998903723,2168.281361,2243.59276096627));
#3214=CARTESIAN_POINT('',(287.680818376782,2168.281361,2243.92289885002));
#3215=CARTESIAN_POINT('',(288.068637849841,2168.281361,2244.25303673378));
#3216=CARTESIAN_POINT('',(288.456457322901,2168.281361,2244.58317461754));
#3217=CARTESIAN_POINT('',(285.827951217689,2168.281361,2242.30090656578));
#3218=CARTESIAN_POINT('',(286.316300446367,2168.281361,2242.73152469927));
#3219=CARTESIAN_POINT('',(286.804649675045,2168.281361,2243.16214283277));
#3220=CARTESIAN_POINT('',(287.292998903723,2168.281361,2243.59276096627));
#3221=CARTESIAN_POINT('',(285.009224225324,2168.281361,2241.05210716221));
#3222=CARTESIAN_POINT('',(285.282133222779,2168.281361,2241.46837363007));
#3223=CARTESIAN_POINT('',(285.555042220234,2168.281361,2241.88464009792));
#3224=CARTESIAN_POINT('',(285.827951217689,2168.281361,2242.30090656578));
#3225=CARTESIAN_POINT('',(284.061233094225,2168.281361,2239.76025276172));
#3226=CARTESIAN_POINT('',(284.377230137924,2168.281361,2240.19087089522));
#3227=CARTESIAN_POINT('',(284.693227181624,2168.281361,2240.62148902871));
#3228=CARTESIAN_POINT('',(285.009224225324,2168.281361,2241.05210716221));
#3229=CARTESIAN_POINT('',(282.897815260331,2168.281361,2238.68369193611));
#3230=CARTESIAN_POINT('',(283.285621204962,2168.281361,2239.04254554465));
#3231=CARTESIAN_POINT('',(283.673427149593,2168.281361,2239.40139915318));
#3232=CARTESIAN_POINT('',(284.061233094225,2168.281361,2239.76025276172));
#3233=CARTESIAN_POINT('',(281.131097136874,2168.281361,2238.29614119303));
#3234=CARTESIAN_POINT('',(281.720003178026,2168.281361,2238.42532477406));
#3235=CARTESIAN_POINT('',(282.308909219178,2168.281361,2238.55450835508));
#3236=CARTESIAN_POINT('',(282.897815260331,2168.281361,2238.68369193611));
#3237=CARTESIAN_POINT('',(279.235114874675,2168.281361,2238.21001260894));
#3238=CARTESIAN_POINT('',(279.867108962075,2168.281361,2238.23872213697));
#3239=CARTESIAN_POINT('',(280.499103049474,2168.281361,2238.267431665));
#3240=CARTESIAN_POINT('',(281.131097136874,2168.281361,2238.29614119303));
#3241=CARTESIAN_POINT('',(277.899290742091,2168.281361,2238.33919618996));
#3242=CARTESIAN_POINT('',(278.344565452953,2168.281361,2238.29613499629));
#3243=CARTESIAN_POINT('',(278.789840163814,2168.281361,2238.25307380261));
#3244=CARTESIAN_POINT('',(279.235114874675,2168.281361,2238.21001260894));
#3245=CARTESIAN_POINT('',(276.994401185672,2168.281361,2238.8559491043));
#3246=CARTESIAN_POINT('',(277.296031037812,2168.281361,2238.68369813286));
#3247=CARTESIAN_POINT('',(277.597660889952,2168.281361,2238.51144716141));
#3248=CARTESIAN_POINT('',(277.899290742091,2168.281361,2238.33919618996));
#3249=CARTESIAN_POINT('',(276.218775767979,2168.281361,2239.76025276172));
#3250=CARTESIAN_POINT('',(276.477317573877,2168.281361,2239.45881820925));
#3251=CARTESIAN_POINT('',(276.735859379774,2168.281361,2239.15738365678));
#3252=CARTESIAN_POINT('',(276.994401185672,2168.281361,2238.8559491043));
#3253=CARTESIAN_POINT('',(275.443150350286,2168.281361,2241.48273149246));
#3254=CARTESIAN_POINT('',(275.701692156184,2168.281361,2240.90857191554));
#3255=CARTESIAN_POINT('',(275.960233962081,2168.281361,2240.33441233863));
#3256=CARTESIAN_POINT('',(276.218775767979,2168.281361,2239.76025276172));
#3257=CARTESIAN_POINT('',(268.462521591079,2168.281361,2241.52578648938));
#3258=CARTESIAN_POINT('',(270.789397844148,2168.281361,2241.51143482374));
#3259=CARTESIAN_POINT('',(273.116274097217,2168.281361,2241.4970831581));
#3260=CARTESIAN_POINT('',(275.443150350286,2168.281361,2241.48273149246));
#3261=CARTESIAN_POINT('',(267.988526025533,2168.281361,2240.66455641914));
#3262=CARTESIAN_POINT('',(268.146524547382,2168.281361,2240.95163310922));
#3263=CARTESIAN_POINT('',(268.30452306923,2168.281361,2241.2387097993));
#3264=CARTESIAN_POINT('',(268.462521591079,2168.281361,2241.52578648938));
#3265=CARTESIAN_POINT('',(267.51453045998,2168.281361,2239.58799559353));
#3266=CARTESIAN_POINT('',(267.672528981831,2168.281361,2239.94684920206));
#3267=CARTESIAN_POINT('',(267.830527503682,2168.281361,2240.3057028106));
#3268=CARTESIAN_POINT('',(267.988526025533,2168.281361,2240.66455641914));
#3269=CARTESIAN_POINT('',(267.083595883822,2168.281361,2238.76982052021));
#3270=CARTESIAN_POINT('',(267.227240742541,2168.281361,2239.04254554465));
#3271=CARTESIAN_POINT('',(267.370885601261,2168.281361,2239.31527056909));
#3272=CARTESIAN_POINT('',(267.51453045998,2168.281361,2239.58799559353));
#3273=CARTESIAN_POINT('',(266.307970466129,2168.281361,2238.29614119303));
#3274=CARTESIAN_POINT('',(266.566512272027,2168.281361,2238.45403430209));
#3275=CARTESIAN_POINT('',(266.825054077924,2168.281361,2238.61192741115));
#3276=CARTESIAN_POINT('',(267.083595883822,2168.281361,2238.76982052021));
#3277=CARTESIAN_POINT('',(265.101451057563,2168.281361,2238.03777403098));
#3278=CARTESIAN_POINT('',(265.503624193752,2168.281361,2238.12389641833));
#3279=CARTESIAN_POINT('',(265.90579732994,2168.281361,2238.21001880568));
#3280=CARTESIAN_POINT('',(266.307970466129,2168.281361,2238.29614119303));
#3281=CARTESIAN_POINT('',(261.352588107846,2168.281361,2237.90859044996));
#3282=CARTESIAN_POINT('',(262.602209091085,2168.281361,2237.95165164363));
#3283=CARTESIAN_POINT('',(263.851830074324,2168.281361,2237.99471283731));
#3284=CARTESIAN_POINT('',(265.101451057563,2168.281361,2238.03777403098));
#3285=CARTESIAN_POINT('',(259.84443884714,2168.281361,2237.95164544689));
#3286=CARTESIAN_POINT('',(260.347155267376,2168.281361,2237.93729378124));
#3287=CARTESIAN_POINT('',(260.849871687611,2168.281361,2237.9229421156));
#3288=CARTESIAN_POINT('',(261.352588107846,2168.281361,2237.90859044996));
#3289=CARTESIAN_POINT('',(259.370443281594,2168.281361,2238.25308619611));
#3290=CARTESIAN_POINT('',(259.528441803443,2168.281361,2238.15260594637));
#3291=CARTESIAN_POINT('',(259.686440325292,2168.281361,2238.05212569663));
#3292=CARTESIAN_POINT('',(259.84443884714,2168.281361,2237.95164544689));
#3293=CARTESIAN_POINT('',(259.025711854782,2168.281361,2238.72676552328));
#3294=CARTESIAN_POINT('',(259.140622330386,2168.281361,2238.56887241422));
#3295=CARTESIAN_POINT('',(259.25553280599,2168.281361,2238.41097930516));
#3296=CARTESIAN_POINT('',(259.370443281594,2168.281361,2238.25308619611));
#3297=CARTESIAN_POINT('',(257.789808698508,2168.281361,2240.39670823445));
#3298=CARTESIAN_POINT('',(258.201776417266,2168.281361,2239.84006066406));
#3299=CARTESIAN_POINT('',(258.613744136024,2168.281361,2239.28341309367));
#3300=CARTESIAN_POINT('',(259.025711854782,2168.281361,2238.72676552328));
#3301=CARTESIAN_POINT('',(254.38563659032,2168.281361,2240.09528607547));
#3302=CARTESIAN_POINT('',(255.520360626383,2168.281361,2240.19576012846));
#3303=CARTESIAN_POINT('',(256.655084662446,2168.281361,2240.29623418145));
#3304=CARTESIAN_POINT('',(257.789808698508,2168.281361,2240.39670823445));
#3305=CARTESIAN_POINT('',(252.791284180269,2168.281361,2239.4493495801));
#3306=CARTESIAN_POINT('',(253.322734983619,2168.281361,2239.66466174522));
#3307=CARTESIAN_POINT('',(253.85418578697,2168.281361,2239.87997391035));
#3308=CARTESIAN_POINT('',(254.38563659032,2168.281361,2240.09528607547));
#3309=CARTESIAN_POINT('',(249.861148222918,2168.281361,2238.45893592883));
#3310=CARTESIAN_POINT('',(250.837860208701,2168.281361,2238.78907381259));
#3311=CARTESIAN_POINT('',(251.814572194485,2168.281361,2239.11921169634));
#3312=CARTESIAN_POINT('',(252.791284180269,2168.281361,2239.4493495801));
#3313=CARTESIAN_POINT('',(246.801748126826,2168.281361,2236.39196145195));
#3314=CARTESIAN_POINT('',(247.821548158856,2168.281361,2237.08095294424));
#3315=CARTESIAN_POINT('',(248.841348190887,2168.281361,2237.76994443654));
#3316=CARTESIAN_POINT('',(249.861148222918,2168.281361,2238.45893592883));
#3317=CARTESIAN_POINT('',(241.243065478979,2168.281361,2233.16231615559));
#3318=CARTESIAN_POINT('',(243.095959694928,2168.281361,2234.23886458771));
#3319=CARTESIAN_POINT('',(244.948853910877,2168.281361,2235.31541301983));
#3320=CARTESIAN_POINT('',(246.801748126826,2168.281361,2236.39196145195));
#3321=CARTESIAN_POINT('',(238.05436065887,2168.281361,2231.74125958384));
#3322=CARTESIAN_POINT('',(239.117262265573,2168.281361,2232.21494510776));
#3323=CARTESIAN_POINT('',(240.180163872276,2168.281361,2232.68863063168));
#3324=CARTESIAN_POINT('',(241.243065478979,2168.281361,2233.16231615559));
#3325=CARTESIAN_POINT('',(234.736432285318,2168.281361,2230.92308451052));
#3326=CARTESIAN_POINT('',(235.842408409835,2168.281361,2231.19580953496));
#3327=CARTESIAN_POINT('',(236.948384534352,2168.281361,2231.4685345594));
#3328=CARTESIAN_POINT('',(238.05436065887,2168.281361,2231.74125958384));
#3329=CARTESIAN_POINT('',(231.978621456089,2168.281361,2230.88002951359));
#3330=CARTESIAN_POINT('',(232.897891732498,2168.281361,2230.89438117923));
#3331=CARTESIAN_POINT('',(233.817162008908,2168.281361,2230.90873284488));
#3332=CARTESIAN_POINT('',(234.736432285318,2168.281361,2230.92308451052));
#3333=CARTESIAN_POINT('',(229.953375055157,2168.281361,2231.09534167871));
#3334=CARTESIAN_POINT('',(230.628457188801,2168.281361,2231.02357095701));
#3335=CARTESIAN_POINT('',(231.303539322445,2168.281361,2230.9518002353));
#3336=CARTESIAN_POINT('',(231.978621456089,2168.281361,2230.88002951359));
#3337=CARTESIAN_POINT('',(227.669600376758,2168.281361,2231.65514958998));
#3338=CARTESIAN_POINT('',(228.430858602891,2168.281361,2231.46854695289));
#3339=CARTESIAN_POINT('',(229.192116829024,2168.281361,2231.2819443158));
#3340=CARTESIAN_POINT('',(229.953375055157,2168.281361,2231.09534167871));
#3341=CARTESIAN_POINT('',(225.558150826488,2168.281361,2232.77474682228));
#3342=CARTESIAN_POINT('',(226.261967343245,2168.281361,2232.40154774485));
#3343=CARTESIAN_POINT('',(226.965783860001,2168.281361,2232.02834866741));
#3344=CARTESIAN_POINT('',(227.669600376758,2168.281361,2231.65514958998));
#3345=CARTESIAN_POINT('',(224.308529843249,2168.281361,2233.80823406072));
#3346=CARTESIAN_POINT('',(224.725070170996,2168.281361,2233.46373831457));
#3347=CARTESIAN_POINT('',(225.141610498742,2168.281361,2233.11924256843));
#3348=CARTESIAN_POINT('',(225.558150826488,2168.281361,2232.77474682228));
#3349=CARTESIAN_POINT('',(224.136164129836,2168.281361,2228.42550429363));
#3350=CARTESIAN_POINT('',(224.19361936764,2168.281361,2230.21974754933));
#3351=CARTESIAN_POINT('',(224.251074605445,2168.281361,2232.01399080503));
#3352=CARTESIAN_POINT('',(224.308529843249,2168.281361,2233.80823406072));
#3353=CARTESIAN_POINT('',(223.489802850884,2168.281361,2227.34894346802));
#3354=CARTESIAN_POINT('',(223.705256610535,2168.281361,2227.70779707656));
#3355=CARTESIAN_POINT('',(223.920710370185,2168.281361,2228.06665068509));
#3356=CARTESIAN_POINT('',(224.136164129836,2168.281361,2228.42550429363));
#3357=CARTESIAN_POINT('',(222.240181867645,2168.281361,2226.83220914392));
#3358=CARTESIAN_POINT('',(222.656722195391,2168.281361,2227.00445391862));
#3359=CARTESIAN_POINT('',(223.073262523138,2168.281361,2227.17669869332));
#3360=CARTESIAN_POINT('',(223.489802850884,2168.281361,2227.34894346802));
#3361=CARTESIAN_POINT('',(214.225399413278,2168.281361,2226.87526414085));
#3362=CARTESIAN_POINT('',(216.896993564733,2168.281361,2226.86091247521));
#3363=CARTESIAN_POINT('',(219.568587716189,2168.281361,2226.84656080956));
#3364=CARTESIAN_POINT('',(222.240181867645,2168.281361,2226.83220914392));
#3365=CARTESIAN_POINT('',(212.889575280694,2168.281361,2227.77956779827));
#3366=CARTESIAN_POINT('',(213.334849991555,2168.281361,2227.47813324579));
#3367=CARTESIAN_POINT('',(213.780124702416,2168.281361,2227.17669869332));
#3368=CARTESIAN_POINT('',(214.225399413278,2168.281361,2226.87526414085));
#3369=CARTESIAN_POINT('',(194.01518468764,2168.281361,2227.67780482193));
#3370=CARTESIAN_POINT('',(200.306648218658,2168.281361,2227.71172581404));
#3371=CARTESIAN_POINT('',(206.598111749676,2168.281361,2227.74564680615));
#3372=CARTESIAN_POINT('',(212.889575280694,2168.281361,2227.77956779827));
#3373=CARTESIAN_POINT('',(189.556769167285,2168.281361,2227.32836407182));
#3374=CARTESIAN_POINT('',(191.04290767407,2168.281361,2227.44484432186));
#3375=CARTESIAN_POINT('',(192.529046180855,2168.281361,2227.5613245719));
#3376=CARTESIAN_POINT('',(194.01518468764,2168.281361,2227.67780482193));
#3377=CARTESIAN_POINT('',(184.661209521874,2168.281361,2226.280004641));
#3378=CARTESIAN_POINT('',(186.293062737011,2168.281361,2226.62945778461));
#3379=CARTESIAN_POINT('',(187.924915952148,2168.281361,2226.97891092822));
#3380=CARTESIAN_POINT('',(189.556769167285,2168.281361,2227.32836407182));
#3381=CARTESIAN_POINT('',(180.377635417427,2168.281361,2224.62011924993));
#3382=CARTESIAN_POINT('',(181.805493452242,2168.281361,2225.17341438029));
#3383=CARTESIAN_POINT('',(183.233351487058,2168.281361,2225.72670951065));
#3384=CARTESIAN_POINT('',(184.661209521874,2168.281361,2226.280004641));
#3385=CARTESIAN_POINT('',(176.094020727695,2168.281361,2221.91187442804));
#3386=CARTESIAN_POINT('',(177.521892290939,2168.281361,2222.814622702));
#3387=CARTESIAN_POINT('',(178.949763854183,2168.281361,2223.71737097597));
#3388=CARTESIAN_POINT('',(180.377635417427,2168.281361,2224.62011924993));
#3389=CARTESIAN_POINT('',(172.85949511869,2168.281361,2218.67945918586));
#3390=CARTESIAN_POINT('',(173.937670321692,2168.281361,2219.75693093325));
#3391=CARTESIAN_POINT('',(175.015845524693,2168.281361,2220.83440268065));
#3392=CARTESIAN_POINT('',(176.094020727695,2168.281361,2221.91187442804));
#3393=CARTESIAN_POINT('',(169.4500875085,2168.281361,2214.13661789296));
#3394=CARTESIAN_POINT('',(170.586556711897,2168.281361,2215.65089832392));
#3395=CARTESIAN_POINT('',(171.723025915294,2168.281361,2217.16517875489));
#3396=CARTESIAN_POINT('',(172.85949511869,2168.281361,2218.67945918586));
#3397=CARTESIAN_POINT('',(167.351990517608,2168.281361,2209.33167279967));
#3398=CARTESIAN_POINT('',(168.051356181239,2168.281361,2210.9333211641));
#3399=CARTESIAN_POINT('',(168.750721844869,2168.281361,2212.53496952853));
#3400=CARTESIAN_POINT('',(169.4500875085,2168.281361,2214.13661789296));
#3401=CARTESIAN_POINT('',(166.128100606257,2168.281361,2202.08056809464));
#3402=CARTESIAN_POINT('',(166.536063910041,2168.281361,2204.49760299632));
#3403=CARTESIAN_POINT('',(166.944027213824,2168.281361,2206.91463789799));
#3404=CARTESIAN_POINT('',(167.351990517608,2168.281361,2209.33167279967));
#3405=CARTESIAN_POINT('',(165.516155650578,2168.281361,2194.82948197985));
#3406=CARTESIAN_POINT('',(165.720137302471,2168.281361,2197.24651068478));
#3407=CARTESIAN_POINT('',(165.924118954364,2168.281361,2199.66353938971));
#3408=CARTESIAN_POINT('',(166.128100606257,2168.281361,2202.08056809464));
#3409=CARTESIAN_POINT('',(165.583851909105,2168.281361,2187.07111092214));
#3410=CARTESIAN_POINT('',(165.561286489596,2168.281361,2189.65723460804));
#3411=CARTESIAN_POINT('',(165.538721070087,2168.281361,2192.24335829394));
#3412=CARTESIAN_POINT('',(165.516155650578,2168.281361,2194.82948197985));
#3413=CARTESIAN_POINT('',(165.310510001925,2168.281361,2185.80773677005));
#3414=CARTESIAN_POINT('',(165.401623970985,2168.281361,2186.22886148741));
#3415=CARTESIAN_POINT('',(165.492737940045,2168.281361,2186.64998620478));
#3416=CARTESIAN_POINT('',(165.583851909105,2168.281361,2187.07111092214));
#3417=CARTESIAN_POINT('',(164.900476848511,2168.281361,2184.5443812082));
#3418=CARTESIAN_POINT('',(165.037154566315,2168.281361,2184.96549972882));
#3419=CARTESIAN_POINT('',(165.17383228412,2168.281361,2185.38661824943));
#3420=CARTESIAN_POINT('',(165.310510001925,2168.281361,2185.80773677005));
#3421=CARTESIAN_POINT('',(164.285487996313,2168.281361,2183.96390094953));
#3422=CARTESIAN_POINT('',(164.490484280379,2168.281361,2184.15739436908));
#3423=CARTESIAN_POINT('',(164.695480564445,2168.281361,2184.35088778864));
#3424=CARTESIAN_POINT('',(164.900476848511,2168.281361,2184.5443812082));
#3425=CARTESIAN_POINT('',(163.226293179149,2168.281361,2183.75903649955));
#3426=CARTESIAN_POINT('',(163.579358118204,2168.281361,2183.82732464954));
#3427=CARTESIAN_POINT('',(163.932423057258,2168.281361,2183.89561279953));
#3428=CARTESIAN_POINT('',(164.285487996313,2168.281361,2183.96390094953));
#3429=CARTESIAN_POINT('',(160.492874107339,2168.281361,2183.58830373107));
#3430=CARTESIAN_POINT('',(161.404013797942,2168.281361,2183.6452146539));
#3431=CARTESIAN_POINT('',(162.315153488546,2168.281361,2183.70212557672));
#3432=CARTESIAN_POINT('',(163.226293179149,2168.281361,2183.75903649955));
#3433=CARTESIAN_POINT('',(160.287837237986,2168.281361,2182.63224484419));
#3434=CARTESIAN_POINT('',(160.356182861104,2168.281361,2182.95093113982));
#3435=CARTESIAN_POINT('',(160.424528484221,2168.281361,2183.26961743545));
#3436=CARTESIAN_POINT('',(160.492874107339,2168.281361,2183.58830373107));
#3437=CARTESIAN_POINT('',(159.707021197348,2168.281361,2181.02742374539));
#3438=CARTESIAN_POINT('',(159.900626544228,2168.281361,2181.56236411165));
#3439=CARTESIAN_POINT('',(160.094231891107,2168.281361,2182.09730447792));
#3440=CARTESIAN_POINT('',(160.287837237986,2168.281361,2182.63224484419));
#3441=CARTESIAN_POINT('',(158.886995475805,2168.281361,2179.76404959329));
#3442=CARTESIAN_POINT('',(159.160337382986,2168.281361,2180.18517431066));
#3443=CARTESIAN_POINT('',(159.433679290167,2168.281361,2180.60629902802));
#3444=CARTESIAN_POINT('',(159.707021197348,2168.281361,2181.02742374539));
#3445=CARTESIAN_POINT('',(157.89610569647,2168.281361,2178.70555848142));
#3446=CARTESIAN_POINT('',(158.226402289582,2168.281361,2179.05838885205));
#3447=CARTESIAN_POINT('',(158.556698882694,2168.281361,2179.41121922267));
#3448=CARTESIAN_POINT('',(158.886995475805,2168.281361,2179.76404959329));
#3449=CARTESIAN_POINT('',(156.290227064943,2168.281361,2177.78363127604));
#3450=CARTESIAN_POINT('',(156.825519942119,2168.281361,2178.0909403445));
#3451=CARTESIAN_POINT('',(157.360812819294,2168.281361,2178.39824941296));
#3452=CARTESIAN_POINT('',(157.89610569647,2168.281361,2178.70555848142));
#3453=CARTESIAN_POINT('',(154.581829998737,2168.281361,2177.23731987935));
#3454=CARTESIAN_POINT('',(155.151295687473,2168.281361,2177.41942367825));
#3455=CARTESIAN_POINT('',(155.720761376208,2168.281361,2177.60152747714));
#3456=CARTESIAN_POINT('',(156.290227064943,2168.281361,2177.78363127604));
#3457=CARTESIAN_POINT('',(153.078469801884,2168.281361,2177.03245542937));
#3458=CARTESIAN_POINT('',(153.579589867502,2168.281361,2177.10074357937));
#3459=CARTESIAN_POINT('',(154.08070993312,2168.281361,2177.16903172936));
#3460=CARTESIAN_POINT('',(154.581829998737,2168.281361,2177.23731987935));
#3461=CARTESIAN_POINT('',(153.010124178764,2168.281361,2174.98373656863));
#3462=CARTESIAN_POINT('',(153.032906053137,2168.281361,2175.66664285555));
#3463=CARTESIAN_POINT('',(153.055687927511,2168.281361,2176.34954914246));
#3464=CARTESIAN_POINT('',(153.078469801884,2168.281361,2177.03245542937));
#3465=CARTESIAN_POINT('',(152.736782271583,2168.281361,2173.13990074811));
#3466=CARTESIAN_POINT('',(152.827896240643,2168.281361,2173.75451268828));
#3467=CARTESIAN_POINT('',(152.919010209704,2168.281361,2174.36912462846));
#3468=CARTESIAN_POINT('',(153.010124178764,2168.281361,2174.98373656863));
#3469=CARTESIAN_POINT('',(152.395094741282,2168.281361,2172.11554131774));
#3470=CARTESIAN_POINT('',(152.508990584716,2168.281361,2172.45699446119));
#3471=CARTESIAN_POINT('',(152.622886428149,2168.281361,2172.79844760465));
#3472=CARTESIAN_POINT('',(152.736782271583,2168.281361,2173.13990074811));
#3473=CARTESIAN_POINT('',(151.84841092692,2168.281361,2171.22778297434));
#3474=CARTESIAN_POINT('',(152.030638865041,2168.281361,2171.52370242214));
#3475=CARTESIAN_POINT('',(152.212866803161,2168.281361,2171.81962186994));
#3476=CARTESIAN_POINT('',(152.395094741282,2168.281361,2172.11554131774));
#3477=CARTESIAN_POINT('',(151.017995371935,2168.281361,2170.79621054183));
#3478=CARTESIAN_POINT('',(151.29480055693,2168.281361,2170.94006801933));
#3479=CARTESIAN_POINT('',(151.571605741925,2168.281361,2171.08392549684));
#3480=CARTESIAN_POINT('',(151.84841092692,2168.281361,2171.22778297434));
#3481=CARTESIAN_POINT('',(148.933737963875,2168.281361,2170.69377831684));
#3482=CARTESIAN_POINT('',(149.628490433228,2168.281361,2170.72792239184));
#3483=CARTESIAN_POINT('',(150.323242902582,2168.281361,2170.76206646683));
#3484=CARTESIAN_POINT('',(151.017995371935,2168.281361,2170.79621054183));
#3485=CARTESIAN_POINT('',(148.694568868254,2168.281361,2168.6450594561));
#3486=CARTESIAN_POINT('',(148.774291900128,2168.281361,2169.32796574301));
#3487=CARTESIAN_POINT('',(148.854014932001,2168.281361,2170.01087202993));
#3488=CARTESIAN_POINT('',(148.933737963875,2168.281361,2170.69377831684));
#3489=CARTESIAN_POINT('',(148.113712242332,2168.281361,2166.42562641712));
#3490=CARTESIAN_POINT('',(148.30733111764,2168.281361,2167.16543743012));
#3491=CARTESIAN_POINT('',(148.500949992947,2168.281361,2167.90524844311));
#3492=CARTESIAN_POINT('',(148.694568868254,2168.281361,2168.6450594561));
#3493=CARTESIAN_POINT('',(147.362032143902,2168.281361,2164.5817905966));
#3494=CARTESIAN_POINT('',(147.612592176712,2168.281361,2165.19640253678));
#3495=CARTESIAN_POINT('',(147.863152209522,2168.281361,2165.81101447695));
#3496=CARTESIAN_POINT('',(148.113712242332,2168.281361,2166.42562641712));
#3497=CARTESIAN_POINT('',(146.268664515178,2168.281361,2162.80625531956));
#3498=CARTESIAN_POINT('',(146.633120391419,2168.281361,2163.39810041191));
#3499=CARTESIAN_POINT('',(146.99757626766,2168.281361,2163.98994550426));
#3500=CARTESIAN_POINT('',(147.362032143902,2168.281361,2164.5817905966));
#3501=CARTESIAN_POINT('',(145.209469698014,2168.281361,2161.57703143921));
#3502=CARTESIAN_POINT('',(145.562534637068,2168.281361,2161.98677273266));
#3503=CARTESIAN_POINT('',(145.915599576123,2168.281361,2162.39651402611));
#3504=CARTESIAN_POINT('',(146.268664515178,2168.281361,2162.80625531956));
#3505=CARTESIAN_POINT('',(144.252793315522,2168.281361,2160.55267200884));
#3506=CARTESIAN_POINT('',(144.571685443019,2168.281361,2160.8941251523));
#3507=CARTESIAN_POINT('',(144.890577570516,2168.281361,2161.23557829576));
#3508=CARTESIAN_POINT('',(145.209469698014,2168.281361,2161.57703143921));
#3509=CARTESIAN_POINT('',(143.227730724626,2168.281361,2159.63074480346));
#3510=CARTESIAN_POINT('',(143.569418254925,2168.281361,2159.93805387192));
#3511=CARTESIAN_POINT('',(143.911105785224,2168.281361,2160.24536294038));
#3512=CARTESIAN_POINT('',(144.252793315522,2168.281361,2160.55267200884));
#3513=CARTESIAN_POINT('',(141.826888962446,2168.281361,2158.57225369159));
#3514=CARTESIAN_POINT('',(142.293836216506,2168.281361,2158.92508406221));
#3515=CARTESIAN_POINT('',(142.760783470566,2168.281361,2159.27791443284));
#3516=CARTESIAN_POINT('',(143.227730724626,2168.281361,2159.63074480346));
#3517=CARTESIAN_POINT('',(140.255142557188,2168.281361,2157.65032648621));
#3518=CARTESIAN_POINT('',(140.779058025607,2168.281361,2157.95763555467));
#3519=CARTESIAN_POINT('',(141.302973494026,2168.281361,2158.26494462313));
#3520=CARTESIAN_POINT('',(141.826888962446,2168.281361,2158.57225369159));
#3521=CARTESIAN_POINT('',(137.69258754317,2168.281361,2156.52355342109));
#3522=CARTESIAN_POINT('',(138.159548325659,2168.281361,2156.72842406781));
#3523=CARTESIAN_POINT('',(138.626676686119,2168.281361,2156.9329131786));
#3524=CARTESIAN_POINT('',(139.093469890635,2168.281361,2157.13816536126));
#3525=CARTESIAN_POINT('',(139.480862034478,2168.281361,2157.30850435142));
#3526=CARTESIAN_POINT('',(139.867918335004,2168.281361,2157.47960611123));
#3527=CARTESIAN_POINT('',(140.255142557188,2168.281361,2157.65032648621));
#3528=CARTESIAN_POINT('',(136.018363288524,2168.281361,2156.11380593089));
#3529=CARTESIAN_POINT('',(136.576438040073,2168.281361,2156.25038842762));
#3530=CARTESIAN_POINT('',(137.134512791622,2168.281361,2156.38697092436));
#3531=CARTESIAN_POINT('',(137.69258754317,2168.281361,2156.52355342109));
#3532=CARTESIAN_POINT('',(134.344139033878,2168.281361,2156.0113737059));
#3533=CARTESIAN_POINT('',(134.902213785427,2168.281361,2156.0455177809));
#3534=CARTESIAN_POINT('',(135.460288536976,2168.281361,2156.07966185589));
#3535=CARTESIAN_POINT('',(136.018363288524,2168.281361,2156.11380593089));
#3536=CARTESIAN_POINT('',(133.524113312335,2168.281361,2155.73820871244));
#3537=CARTESIAN_POINT('',(133.797455219516,2168.281361,2155.82926371026));
#3538=CARTESIAN_POINT('',(134.070797126697,2168.281361,2155.92031870808));
#3539=CARTESIAN_POINT('',(134.344139033878,2168.281361,2156.0113737059));
#3540=CARTESIAN_POINT('',(133.284944216707,2168.281361,2155.260179269));
#3541=CARTESIAN_POINT('',(133.364667248583,2168.281361,2155.41952241681));
#3542=CARTESIAN_POINT('',(133.444390280459,2168.281361,2155.57886556462));
#3543=CARTESIAN_POINT('',(133.524113312335,2168.281361,2155.73820871244));
#3544=CARTESIAN_POINT('',(132.971706972516,2168.281361,2152.0547198755));
#3545=CARTESIAN_POINT('',(133.076119387246,2168.281361,2153.12320634));
#3546=CARTESIAN_POINT('',(133.180531801977,2168.281361,2154.1916928045));
#3547=CARTESIAN_POINT('',(133.284944216707,2168.281361,2155.260179269));
#3548=CARTESIAN_POINT('',(132.668331953043,2168.281361,2151.40510251252));
#3549=CARTESIAN_POINT('',(132.769456959534,2168.281361,2151.62164163351));
#3550=CARTESIAN_POINT('',(132.870581966025,2168.281361,2151.8381807545));
#3551=CARTESIAN_POINT('',(132.971706972516,2168.281361,2152.0547198755));
#3552=CARTESIAN_POINT('',(132.321652432453,2168.281361,2150.88541234018));
#3553=CARTESIAN_POINT('',(132.43721227265,2168.281361,2151.05864239763));
#3554=CARTESIAN_POINT('',(132.552772112846,2168.281361,2151.23187245507));
#3555=CARTESIAN_POINT('',(132.668331953043,2168.281361,2151.40510251252));
#3556=CARTESIAN_POINT('',(131.498258132103,2168.281361,2150.53896461879));
#3557=CARTESIAN_POINT('',(131.772722898886,2168.281361,2150.65444719258));
#3558=CARTESIAN_POINT('',(132.04718766567,2168.281361,2150.76992976638));
#3559=CARTESIAN_POINT('',(132.321652432453,2168.281361,2150.88541234018));
#3560=CARTESIAN_POINT('',(129.808165030285,2168.281361,2150.40903742814));
#3561=CARTESIAN_POINT('',(130.371529397558,2168.281361,2150.45234649169));
#3562=CARTESIAN_POINT('',(130.93489376483,2168.281361,2150.49565555524));
#3563=CARTESIAN_POINT('',(131.498258132103,2168.281361,2150.53896461879));
#3564=CARTESIAN_POINT('',(129.288145749401,2168.281361,2150.0625711165));
#3565=CARTESIAN_POINT('',(129.461485509696,2168.281361,2150.17805988705));
#3566=CARTESIAN_POINT('',(129.634825269991,2168.281361,2150.2935486576));
#3567=CARTESIAN_POINT('',(129.808165030285,2168.281361,2150.40903742814));
#3568=CARTESIAN_POINT('',(128.984770729927,2168.281361,2148.41688866915));
#3569=CARTESIAN_POINT('',(129.085895736419,2168.281361,2148.96544948493));
#3570=CARTESIAN_POINT('',(129.18702074291,2168.281361,2149.51401030072));
#3571=CARTESIAN_POINT('',(129.288145749401,2168.281361,2150.0625711165));
#3572=CARTESIAN_POINT('',(128.638091209338,2168.281361,2147.63736270577));
#3573=CARTESIAN_POINT('',(128.753651049534,2168.281361,2147.89720469356));
#3574=CARTESIAN_POINT('',(128.869210889731,2168.281361,2148.15704668135));
#3575=CARTESIAN_POINT('',(128.984770729927,2168.281361,2148.41688866915));
#3576=CARTESIAN_POINT('',(128.204721515962,2168.281361,2147.20428446378));
#3577=CARTESIAN_POINT('',(128.349178080421,2168.281361,2147.34864387778));
#3578=CARTESIAN_POINT('',(128.493634644879,2168.281361,2147.49300329177));
#3579=CARTESIAN_POINT('',(128.638091209338,2168.281361,2147.63736270577));
#3580=CARTESIAN_POINT('',(127.034647695022,2168.281361,2146.64129762139));
#3581=CARTESIAN_POINT('',(127.424672302002,2168.281361,2146.82895990219));
#3582=CARTESIAN_POINT('',(127.814696908982,2168.281361,2147.01662218298));
#3583=CARTESIAN_POINT('',(128.204721515962,2168.281361,2147.20428446378));
#3584=CARTESIAN_POINT('',(125.344554593205,2168.281361,2146.16490411911));
#3585=CARTESIAN_POINT('',(125.907918960478,2168.281361,2146.3237019532));
#3586=CARTESIAN_POINT('',(126.47128332775,2168.281361,2146.4824997873));
#3587=CARTESIAN_POINT('',(127.034647695022,2168.281361,2146.64129762139));
#3588=CARTESIAN_POINT('',(123.611116404995,2168.281361,2145.38537815573));
#3589=CARTESIAN_POINT('',(124.188929134398,2168.281361,2145.64522014352));
#3590=CARTESIAN_POINT('',(124.766741863802,2168.281361,2145.90506213132));
#3591=CARTESIAN_POINT('',(125.344554593205,2168.281361,2146.16490411911));
#3592=CARTESIAN_POINT('',(122.007672890679,2168.281361,2144.38931307135));
#3593=CARTESIAN_POINT('',(122.542154062118,2168.281361,2144.72133476614));
#3594=CARTESIAN_POINT('',(123.076635233557,2168.281361,2145.05335646094));
#3595=CARTESIAN_POINT('',(123.611116404995,2168.281361,2145.38537815573));
#3596=CARTESIAN_POINT('',(120.620914223044,2168.281361,2142.8735392244));
#3597=CARTESIAN_POINT('',(121.083167112256,2168.281361,2143.37879717338));
#3598=CARTESIAN_POINT('',(121.545420001468,2168.281361,2143.88405512237));
#3599=CARTESIAN_POINT('',(122.007672890679,2168.281361,2144.38931307135));
#3600=CARTESIAN_POINT('',(119.580835076006,2168.281361,2140.968020986));
#3601=CARTESIAN_POINT('',(119.927528125019,2168.281361,2141.60319373213));
#3602=CARTESIAN_POINT('',(120.274221174031,2168.281361,2142.23836647827));
#3603=CARTESIAN_POINT('',(120.620914223044,2168.281361,2142.8735392244));
#3604=CARTESIAN_POINT('',(119.147505967915,2168.281361,2138.62942450561));
#3605=CARTESIAN_POINT('',(119.291949003945,2168.281361,2139.40895666574));
#3606=CARTESIAN_POINT('',(119.436392039976,2168.281361,2140.18848882587));
#3607=CARTESIAN_POINT('',(119.580835076006,2168.281361,2140.968020986));
#3608=CARTESIAN_POINT('',(118.809998722165,2168.281361,2121.93724758771));
#3609=CARTESIAN_POINT('',(118.922501137415,2168.281361,2127.50130656034));
#3610=CARTESIAN_POINT('',(119.035003552665,2168.281361,2133.06536553298));
#3611=CARTESIAN_POINT('',(119.147505967915,2168.281361,2138.62942450561));
#3612=CARTESIAN_POINT('',(117.435862078761,2168.281361,2120.89361007797));
#3613=CARTESIAN_POINT('',(117.893907626563,2168.281361,2121.24148924789));
#3614=CARTESIAN_POINT('',(118.351953174364,2168.281361,2121.5893684178));
#3615=CARTESIAN_POINT('',(118.809998722165,2168.281361,2121.93724758771));
#3616=CARTESIAN_POINT('',(117.490855142489,2168.281361,2119.30068673307));
#3617=CARTESIAN_POINT('',(117.472524121247,2168.281361,2119.83166118137));
#3618=CARTESIAN_POINT('',(117.454193100004,2168.281361,2120.36263562967));
#3619=CARTESIAN_POINT('',(117.435862078761,2168.281361,2120.89361007797));
#3620=CARTESIAN_POINT('',(117.161059101251,2168.281361,2117.32328003477));
#3621=CARTESIAN_POINT('',(117.270991114997,2168.281361,2117.98241560087));
#3622=CARTESIAN_POINT('',(117.380923128743,2168.281361,2118.64155116697));
#3623=CARTESIAN_POINT('',(117.490855142489,2168.281361,2119.30068673307));
#3624=CARTESIAN_POINT('',(116.006813542198,2168.281361,2115.67542252928));
#3625=CARTESIAN_POINT('',(116.391562061882,2168.281361,2116.22470836444));
#3626=CARTESIAN_POINT('',(116.776310581567,2168.281361,2116.77399419961));
#3627=CARTESIAN_POINT('',(117.161059101251,2168.281361,2117.32328003477));
#3628=CARTESIAN_POINT('',(113.203587776938,2168.281361,2113.75293140133));
#3629=CARTESIAN_POINT('',(114.137996365358,2168.281361,2114.39376177731));
#3630=CARTESIAN_POINT('',(115.072404953778,2168.281361,2115.0345921533));
#3631=CARTESIAN_POINT('',(116.006813542198,2168.281361,2115.67542252928));
#3632=CARTESIAN_POINT('',(111.609641219752,2168.281361,2112.48959442972));
#3633=CARTESIAN_POINT('',(112.140956738814,2168.281361,2112.91070675359));
#3634=CARTESIAN_POINT('',(112.672272257876,2168.281361,2113.33181907746));
#3635=CARTESIAN_POINT('',(113.203587776938,2168.281361,2113.75293140133));
#3636=CARTESIAN_POINT('',(111.005001615719,2168.281361,2111.06145497634));
#3637=CARTESIAN_POINT('',(111.206548150397,2168.281361,2111.5375014608));
#3638=CARTESIAN_POINT('',(111.408094685074,2168.281361,2112.01354794526));
#3639=CARTESIAN_POINT('',(111.609641219752,2168.281361,2112.48959442972));
#3640=CARTESIAN_POINT('',(110.070606555725,2168.281361,2104.50004819274));
#3641=CARTESIAN_POINT('',(110.382071575723,2168.281361,2106.68718378728));
#3642=CARTESIAN_POINT('',(110.693536595721,2168.281361,2108.87431938181));
#3643=CARTESIAN_POINT('',(111.005001615719,2168.281361,2111.06145497634));
#3644=CARTESIAN_POINT('',(103.080454,2168.281361,2104.50004819274));
#3645=CARTESIAN_POINT('',(105.410504851908,2168.281361,2104.50004819274));
#3646=CARTESIAN_POINT('',(107.740555703817,2168.281361,2104.50004819274));
#3647=CARTESIAN_POINT('',(110.070606555725,2168.281361,2104.50004819274));
#3648=CARTESIAN_POINT('',(103.080454,2168.281361,2148.45529610596));
#3649=CARTESIAN_POINT('',(103.080454,2168.281361,2133.80354680155));
#3650=CARTESIAN_POINT('',(103.080454,2168.281361,2119.15179749715));
#3651=CARTESIAN_POINT('',(103.080454,2168.281361,2104.50004819274));
#3652=CARTESIAN_POINT('',(139.836221225946,168.281361,2199.4420236233));
#3653=CARTESIAN_POINT('',(127.584298817297,168.281361,2182.44644778419));
#3654=CARTESIAN_POINT('',(115.332376408649,168.281361,2165.45087194507));
#3655=CARTESIAN_POINT('',(103.080454,168.281361,2148.45529610596));
#3656=CARTESIAN_POINT('',(144.420431285633,168.281361,2212.6968092503));
#3657=CARTESIAN_POINT('',(142.892361265738,168.281361,2208.27854737464));
#3658=CARTESIAN_POINT('',(141.364291245842,168.281361,2203.86028549897));
#3659=CARTESIAN_POINT('',(139.836221225946,168.281361,2199.4420236233));
#3660=CARTESIAN_POINT('',(171.036891055192,168.281361,2239.31326901986));
#3661=CARTESIAN_POINT('',(162.164737798673,168.281361,2230.44111576334));
#3662=CARTESIAN_POINT('',(153.292584542153,168.281361,2221.56896250682));
#3663=CARTESIAN_POINT('',(144.420431285633,168.281361,2212.6968092503));
#3664=CARTESIAN_POINT('',(226.076871378181,168.281361,2249.5));
#3665=CARTESIAN_POINT('',(207.730211270518,168.281361,2246.10442300662));
#3666=CARTESIAN_POINT('',(189.383551162855,168.281361,2242.70884601324));
#3667=CARTESIAN_POINT('',(171.036891055192,168.281361,2239.31326901986));
#3668=CARTESIAN_POINT('',(290.080453053515,168.281361,2249.5));
#3669=CARTESIAN_POINT('',(268.745925828403,168.281361,2249.5));
#3670=CARTESIAN_POINT('',(247.411398603292,168.281361,2249.5));
#3671=CARTESIAN_POINT('',(226.076871378181,168.281361,2249.5));
#3672=CARTESIAN_POINT('',(290.080453053515,168.281361,2246.56403910057));
#3673=CARTESIAN_POINT('',(290.080453053515,168.281361,2247.54269273371));
#3674=CARTESIAN_POINT('',(290.080453053515,168.281361,2248.52134636686));
#3675=CARTESIAN_POINT('',(290.080453053515,168.281361,2249.5));
#3676=CARTESIAN_POINT('',(288.456457322901,168.281361,2244.58317461754));
#3677=CARTESIAN_POINT('',(288.997789233105,168.281361,2245.24346277855));
#3678=CARTESIAN_POINT('',(289.53912114331,168.281361,2245.90375093956));
#3679=CARTESIAN_POINT('',(290.080453053515,168.281361,2246.56403910057));
#3680=CARTESIAN_POINT('',(287.292998903723,168.281361,2243.59276096627));
#3681=CARTESIAN_POINT('',(287.680818376782,168.281361,2243.92289885002));
#3682=CARTESIAN_POINT('',(288.068637849841,168.281361,2244.25303673378));
#3683=CARTESIAN_POINT('',(288.456457322901,168.281361,2244.58317461754));
#3684=CARTESIAN_POINT('',(285.827951217689,168.281361,2242.30090656578));
#3685=CARTESIAN_POINT('',(286.316300446367,168.281361,2242.73152469927));
#3686=CARTESIAN_POINT('',(286.804649675045,168.281361,2243.16214283277));
#3687=CARTESIAN_POINT('',(287.292998903723,168.281361,2243.59276096627));
#3688=CARTESIAN_POINT('',(285.009224225324,168.281361,2241.05210716221));
#3689=CARTESIAN_POINT('',(285.282133222779,168.281361,2241.46837363007));
#3690=CARTESIAN_POINT('',(285.555042220234,168.281361,2241.88464009792));
#3691=CARTESIAN_POINT('',(285.827951217689,168.281361,2242.30090656578));
#3692=CARTESIAN_POINT('',(284.061233094225,168.281361,2239.76025276172));
#3693=CARTESIAN_POINT('',(284.377230137924,168.281361,2240.19087089522));
#3694=CARTESIAN_POINT('',(284.693227181624,168.281361,2240.62148902871));
#3695=CARTESIAN_POINT('',(285.009224225324,168.281361,2241.05210716221));
#3696=CARTESIAN_POINT('',(282.897815260331,168.281361,2238.68369193611));
#3697=CARTESIAN_POINT('',(283.285621204962,168.281361,2239.04254554465));
#3698=CARTESIAN_POINT('',(283.673427149593,168.281361,2239.40139915318));
#3699=CARTESIAN_POINT('',(284.061233094225,168.281361,2239.76025276172));
#3700=CARTESIAN_POINT('',(281.131097136874,168.281361,2238.29614119303));
#3701=CARTESIAN_POINT('',(281.720003178026,168.281361,2238.42532477406));
#3702=CARTESIAN_POINT('',(282.308909219178,168.281361,2238.55450835508));
#3703=CARTESIAN_POINT('',(282.897815260331,168.281361,2238.68369193611));
#3704=CARTESIAN_POINT('',(279.235114874675,168.281361,2238.21001260894));
#3705=CARTESIAN_POINT('',(279.867108962075,168.281361,2238.23872213697));
#3706=CARTESIAN_POINT('',(280.499103049474,168.281361,2238.267431665));
#3707=CARTESIAN_POINT('',(281.131097136874,168.281361,2238.29614119303));
#3708=CARTESIAN_POINT('',(277.899290742091,168.281361,2238.33919618996));
#3709=CARTESIAN_POINT('',(278.344565452953,168.281361,2238.29613499629));
#3710=CARTESIAN_POINT('',(278.789840163814,168.281361,2238.25307380261));
#3711=CARTESIAN_POINT('',(279.235114874675,168.281361,2238.21001260894));
#3712=CARTESIAN_POINT('',(276.994401185672,168.281361,2238.8559491043));
#3713=CARTESIAN_POINT('',(277.296031037812,168.281361,2238.68369813286));
#3714=CARTESIAN_POINT('',(277.597660889952,168.281361,2238.51144716141));
#3715=CARTESIAN_POINT('',(277.899290742091,168.281361,2238.33919618996));
#3716=CARTESIAN_POINT('',(276.218775767979,168.281361,2239.76025276172));
#3717=CARTESIAN_POINT('',(276.477317573877,168.281361,2239.45881820925));
#3718=CARTESIAN_POINT('',(276.735859379774,168.281361,2239.15738365678));
#3719=CARTESIAN_POINT('',(276.994401185672,168.281361,2238.8559491043));
#3720=CARTESIAN_POINT('',(275.443150350286,168.281361,2241.48273149246));
#3721=CARTESIAN_POINT('',(275.701692156184,168.281361,2240.90857191554));
#3722=CARTESIAN_POINT('',(275.960233962081,168.281361,2240.33441233863));
#3723=CARTESIAN_POINT('',(276.218775767979,168.281361,2239.76025276172));
#3724=CARTESIAN_POINT('',(268.462521591079,168.281361,2241.52578648938));
#3725=CARTESIAN_POINT('',(270.789397844148,168.281361,2241.51143482374));
#3726=CARTESIAN_POINT('',(273.116274097217,168.281361,2241.4970831581));
#3727=CARTESIAN_POINT('',(275.443150350286,168.281361,2241.48273149246));
#3728=CARTESIAN_POINT('',(267.988526025533,168.281361,2240.66455641914));
#3729=CARTESIAN_POINT('',(268.146524547382,168.281361,2240.95163310922));
#3730=CARTESIAN_POINT('',(268.30452306923,168.281361,2241.2387097993));
#3731=CARTESIAN_POINT('',(268.462521591079,168.281361,2241.52578648938));
#3732=CARTESIAN_POINT('',(267.51453045998,168.281361,2239.58799559353));
#3733=CARTESIAN_POINT('',(267.672528981831,168.281361,2239.94684920206));
#3734=CARTESIAN_POINT('',(267.830527503682,168.281361,2240.3057028106));
#3735=CARTESIAN_POINT('',(267.988526025533,168.281361,2240.66455641914));
#3736=CARTESIAN_POINT('',(267.083595883822,168.281361,2238.76982052021));
#3737=CARTESIAN_POINT('',(267.227240742541,168.281361,2239.04254554465));
#3738=CARTESIAN_POINT('',(267.370885601261,168.281361,2239.31527056909));
#3739=CARTESIAN_POINT('',(267.51453045998,168.281361,2239.58799559353));
#3740=CARTESIAN_POINT('',(266.307970466129,168.281361,2238.29614119303));
#3741=CARTESIAN_POINT('',(266.566512272027,168.281361,2238.45403430209));
#3742=CARTESIAN_POINT('',(266.825054077924,168.281361,2238.61192741115));
#3743=CARTESIAN_POINT('',(267.083595883822,168.281361,2238.76982052021));
#3744=CARTESIAN_POINT('',(265.101451057563,168.281361,2238.03777403098));
#3745=CARTESIAN_POINT('',(265.503624193752,168.281361,2238.12389641833));
#3746=CARTESIAN_POINT('',(265.90579732994,168.281361,2238.21001880568));
#3747=CARTESIAN_POINT('',(266.307970466129,168.281361,2238.29614119303));
#3748=CARTESIAN_POINT('',(261.352588107846,168.281361,2237.90859044996));
#3749=CARTESIAN_POINT('',(262.602209091085,168.281361,2237.95165164363));
#3750=CARTESIAN_POINT('',(263.851830074324,168.281361,2237.99471283731));
#3751=CARTESIAN_POINT('',(265.101451057563,168.281361,2238.03777403098));
#3752=CARTESIAN_POINT('',(259.84443884714,168.281361,2237.95164544689));
#3753=CARTESIAN_POINT('',(260.347155267376,168.281361,2237.93729378124));
#3754=CARTESIAN_POINT('',(260.849871687611,168.281361,2237.9229421156));
#3755=CARTESIAN_POINT('',(261.352588107846,168.281361,2237.90859044996));
#3756=CARTESIAN_POINT('',(259.370443281594,168.281361,2238.25308619611));
#3757=CARTESIAN_POINT('',(259.528441803443,168.281361,2238.15260594637));
#3758=CARTESIAN_POINT('',(259.686440325292,168.281361,2238.05212569663));
#3759=CARTESIAN_POINT('',(259.84443884714,168.281361,2237.95164544689));
#3760=CARTESIAN_POINT('',(259.025711854782,168.281361,2238.72676552328));
#3761=CARTESIAN_POINT('',(259.140622330386,168.281361,2238.56887241422));
#3762=CARTESIAN_POINT('',(259.25553280599,168.281361,2238.41097930516));
#3763=CARTESIAN_POINT('',(259.370443281594,168.281361,2238.25308619611));
#3764=CARTESIAN_POINT('',(257.789808698508,168.281361,2240.39670823445));
#3765=CARTESIAN_POINT('',(258.201776417266,168.281361,2239.84006066406));
#3766=CARTESIAN_POINT('',(258.613744136024,168.281361,2239.28341309367));
#3767=CARTESIAN_POINT('',(259.025711854782,168.281361,2238.72676552328));
#3768=CARTESIAN_POINT('',(254.38563659032,168.281361,2240.09528607547));
#3769=CARTESIAN_POINT('',(255.520360626383,168.281361,2240.19576012846));
#3770=CARTESIAN_POINT('',(256.655084662446,168.281361,2240.29623418145));
#3771=CARTESIAN_POINT('',(257.789808698508,168.281361,2240.39670823445));
#3772=CARTESIAN_POINT('',(252.791284180269,168.281361,2239.4493495801));
#3773=CARTESIAN_POINT('',(253.322734983619,168.281361,2239.66466174522));
#3774=CARTESIAN_POINT('',(253.85418578697,168.281361,2239.87997391035));
#3775=CARTESIAN_POINT('',(254.38563659032,168.281361,2240.09528607547));
#3776=CARTESIAN_POINT('',(249.861148222918,168.281361,2238.45893592883));
#3777=CARTESIAN_POINT('',(250.837860208701,168.281361,2238.78907381259));
#3778=CARTESIAN_POINT('',(251.814572194485,168.281361,2239.11921169634));
#3779=CARTESIAN_POINT('',(252.791284180269,168.281361,2239.4493495801));
#3780=CARTESIAN_POINT('',(246.801748126826,168.281361,2236.39196145195));
#3781=CARTESIAN_POINT('',(247.821548158856,168.281361,2237.08095294424));
#3782=CARTESIAN_POINT('',(248.841348190887,168.281361,2237.76994443654));
#3783=CARTESIAN_POINT('',(249.861148222918,168.281361,2238.45893592883));
#3784=CARTESIAN_POINT('',(241.243065478979,168.281361,2233.16231615559));
#3785=CARTESIAN_POINT('',(243.095959694928,168.281361,2234.23886458771));
#3786=CARTESIAN_POINT('',(244.948853910877,168.281361,2235.31541301983));
#3787=CARTESIAN_POINT('',(246.801748126826,168.281361,2236.39196145195));
#3788=CARTESIAN_POINT('',(238.05436065887,168.281361,2231.74125958384));
#3789=CARTESIAN_POINT('',(239.117262265573,168.281361,2232.21494510776));
#3790=CARTESIAN_POINT('',(240.180163872276,168.281361,2232.68863063168));
#3791=CARTESIAN_POINT('',(241.243065478979,168.281361,2233.16231615559));
#3792=CARTESIAN_POINT('',(234.736432285318,168.281361,2230.92308451052));
#3793=CARTESIAN_POINT('',(235.842408409835,168.281361,2231.19580953496));
#3794=CARTESIAN_POINT('',(236.948384534352,168.281361,2231.4685345594));
#3795=CARTESIAN_POINT('',(238.05436065887,168.281361,2231.74125958384));
#3796=CARTESIAN_POINT('',(231.978621456089,168.281361,2230.88002951359));
#3797=CARTESIAN_POINT('',(232.897891732498,168.281361,2230.89438117923));
#3798=CARTESIAN_POINT('',(233.817162008908,168.281361,2230.90873284488));
#3799=CARTESIAN_POINT('',(234.736432285318,168.281361,2230.92308451052));
#3800=CARTESIAN_POINT('',(229.953375055157,168.281361,2231.09534167871));
#3801=CARTESIAN_POINT('',(230.628457188801,168.281361,2231.02357095701));
#3802=CARTESIAN_POINT('',(231.303539322445,168.281361,2230.9518002353));
#3803=CARTESIAN_POINT('',(231.978621456089,168.281361,2230.88002951359));
#3804=CARTESIAN_POINT('',(227.669600376758,168.281361,2231.65514958998));
#3805=CARTESIAN_POINT('',(228.430858602891,168.281361,2231.46854695289));
#3806=CARTESIAN_POINT('',(229.192116829024,168.281361,2231.2819443158));
#3807=CARTESIAN_POINT('',(229.953375055157,168.281361,2231.09534167871));
#3808=CARTESIAN_POINT('',(225.558150826488,168.281361,2232.77474682228));
#3809=CARTESIAN_POINT('',(226.261967343245,168.281361,2232.40154774485));
#3810=CARTESIAN_POINT('',(226.965783860001,168.281361,2232.02834866741));
#3811=CARTESIAN_POINT('',(227.669600376758,168.281361,2231.65514958998));
#3812=CARTESIAN_POINT('',(224.308529843249,168.281361,2233.80823406072));
#3813=CARTESIAN_POINT('',(224.725070170996,168.281361,2233.46373831457));
#3814=CARTESIAN_POINT('',(225.141610498742,168.281361,2233.11924256843));
#3815=CARTESIAN_POINT('',(225.558150826488,168.281361,2232.77474682228));
#3816=CARTESIAN_POINT('',(224.136164129836,168.281361,2228.42550429363));
#3817=CARTESIAN_POINT('',(224.19361936764,168.281361,2230.21974754933));
#3818=CARTESIAN_POINT('',(224.251074605445,168.281361,2232.01399080503));
#3819=CARTESIAN_POINT('',(224.308529843249,168.281361,2233.80823406072));
#3820=CARTESIAN_POINT('',(223.489802850884,168.281361,2227.34894346802));
#3821=CARTESIAN_POINT('',(223.705256610535,168.281361,2227.70779707656));
#3822=CARTESIAN_POINT('',(223.920710370185,168.281361,2228.06665068509));
#3823=CARTESIAN_POINT('',(224.136164129836,168.281361,2228.42550429363));
#3824=CARTESIAN_POINT('',(222.240181867645,168.281361,2226.83220914392));
#3825=CARTESIAN_POINT('',(222.656722195391,168.281361,2227.00445391862));
#3826=CARTESIAN_POINT('',(223.073262523138,168.281361,2227.17669869332));
#3827=CARTESIAN_POINT('',(223.489802850884,168.281361,2227.34894346802));
#3828=CARTESIAN_POINT('',(214.225399413278,168.281361,2226.87526414085));
#3829=CARTESIAN_POINT('',(216.896993564733,168.281361,2226.86091247521));
#3830=CARTESIAN_POINT('',(219.568587716189,168.281361,2226.84656080956));
#3831=CARTESIAN_POINT('',(222.240181867645,168.281361,2226.83220914392));
#3832=CARTESIAN_POINT('',(212.889575280694,168.281361,2227.77956779827));
#3833=CARTESIAN_POINT('',(213.334849991555,168.281361,2227.47813324579));
#3834=CARTESIAN_POINT('',(213.780124702416,168.281361,2227.17669869332));
#3835=CARTESIAN_POINT('',(214.225399413278,168.281361,2226.87526414085));
#3836=CARTESIAN_POINT('',(194.01518468764,168.281361,2227.67780482193));
#3837=CARTESIAN_POINT('',(200.306648218658,168.281361,2227.71172581404));
#3838=CARTESIAN_POINT('',(206.598111749676,168.281361,2227.74564680615));
#3839=CARTESIAN_POINT('',(212.889575280694,168.281361,2227.77956779827));
#3840=CARTESIAN_POINT('',(189.556769167285,168.281361,2227.32836407182));
#3841=CARTESIAN_POINT('',(191.04290767407,168.281361,2227.44484432186));
#3842=CARTESIAN_POINT('',(192.529046180855,168.281361,2227.5613245719));
#3843=CARTESIAN_POINT('',(194.01518468764,168.281361,2227.67780482193));
#3844=CARTESIAN_POINT('',(184.661209521874,168.281361,2226.280004641));
#3845=CARTESIAN_POINT('',(186.293062737011,168.281361,2226.62945778461));
#3846=CARTESIAN_POINT('',(187.924915952148,168.281361,2226.97891092822));
#3847=CARTESIAN_POINT('',(189.556769167285,168.281361,2227.32836407182));
#3848=CARTESIAN_POINT('',(180.377635417427,168.281361,2224.62011924993));
#3849=CARTESIAN_POINT('',(181.805493452242,168.281361,2225.17341438029));
#3850=CARTESIAN_POINT('',(183.233351487058,168.281361,2225.72670951065));
#3851=CARTESIAN_POINT('',(184.661209521874,168.281361,2226.280004641));
#3852=CARTESIAN_POINT('',(176.094020727695,168.281361,2221.91187442804));
#3853=CARTESIAN_POINT('',(177.521892290939,168.281361,2222.814622702));
#3854=CARTESIAN_POINT('',(178.949763854183,168.281361,2223.71737097597));
#3855=CARTESIAN_POINT('',(180.377635417427,168.281361,2224.62011924993));
#3856=CARTESIAN_POINT('',(172.85949511869,168.281361,2218.67945918586));
#3857=CARTESIAN_POINT('',(173.937670321692,168.281361,2219.75693093325));
#3858=CARTESIAN_POINT('',(175.015845524693,168.281361,2220.83440268065));
#3859=CARTESIAN_POINT('',(176.094020727695,168.281361,2221.91187442804));
#3860=CARTESIAN_POINT('',(169.4500875085,168.281361,2214.13661789296));
#3861=CARTESIAN_POINT('',(170.586556711897,168.281361,2215.65089832392));
#3862=CARTESIAN_POINT('',(171.723025915294,168.281361,2217.16517875489));
#3863=CARTESIAN_POINT('',(172.85949511869,168.281361,2218.67945918586));
#3864=CARTESIAN_POINT('',(167.351990517608,168.281361,2209.33167279967));
#3865=CARTESIAN_POINT('',(168.051356181239,168.281361,2210.9333211641));
#3866=CARTESIAN_POINT('',(168.750721844869,168.281361,2212.53496952853));
#3867=CARTESIAN_POINT('',(169.4500875085,168.281361,2214.13661789296));
#3868=CARTESIAN_POINT('',(166.128100606257,168.281361,2202.08056809464));
#3869=CARTESIAN_POINT('',(166.536063910041,168.281361,2204.49760299632));
#3870=CARTESIAN_POINT('',(166.944027213824,168.281361,2206.91463789799));
#3871=CARTESIAN_POINT('',(167.351990517608,168.281361,2209.33167279967));
#3872=CARTESIAN_POINT('',(165.516155650578,168.281361,2194.82948197985));
#3873=CARTESIAN_POINT('',(165.720137302471,168.281361,2197.24651068478));
#3874=CARTESIAN_POINT('',(165.924118954364,168.281361,2199.66353938971));
#3875=CARTESIAN_POINT('',(166.128100606257,168.281361,2202.08056809464));
#3876=CARTESIAN_POINT('',(165.583851909105,168.281361,2187.07111092214));
#3877=CARTESIAN_POINT('',(165.561286489596,168.281361,2189.65723460804));
#3878=CARTESIAN_POINT('',(165.538721070087,168.281361,2192.24335829394));
#3879=CARTESIAN_POINT('',(165.516155650578,168.281361,2194.82948197985));
#3880=CARTESIAN_POINT('',(165.310510001925,168.281361,2185.80773677005));
#3881=CARTESIAN_POINT('',(165.401623970985,168.281361,2186.22886148741));
#3882=CARTESIAN_POINT('',(165.492737940045,168.281361,2186.64998620478));
#3883=CARTESIAN_POINT('',(165.583851909105,168.281361,2187.07111092214));
#3884=CARTESIAN_POINT('',(164.900476848511,168.281361,2184.5443812082));
#3885=CARTESIAN_POINT('',(165.037154566315,168.281361,2184.96549972882));
#3886=CARTESIAN_POINT('',(165.17383228412,168.281361,2185.38661824943));
#3887=CARTESIAN_POINT('',(165.310510001925,168.281361,2185.80773677005));
#3888=CARTESIAN_POINT('',(164.285487996313,168.281361,2183.96390094953));
#3889=CARTESIAN_POINT('',(164.490484280379,168.281361,2184.15739436908));
#3890=CARTESIAN_POINT('',(164.695480564445,168.281361,2184.35088778864));
#3891=CARTESIAN_POINT('',(164.900476848511,168.281361,2184.5443812082));
#3892=CARTESIAN_POINT('',(163.226293179149,168.281361,2183.75903649955));
#3893=CARTESIAN_POINT('',(163.579358118204,168.281361,2183.82732464954));
#3894=CARTESIAN_POINT('',(163.932423057258,168.281361,2183.89561279953));
#3895=CARTESIAN_POINT('',(164.285487996313,168.281361,2183.96390094953));
#3896=CARTESIAN_POINT('',(160.492874107339,168.281361,2183.58830373107));
#3897=CARTESIAN_POINT('',(161.404013797942,168.281361,2183.6452146539));
#3898=CARTESIAN_POINT('',(162.315153488546,168.281361,2183.70212557672));
#3899=CARTESIAN_POINT('',(163.226293179149,168.281361,2183.75903649955));
#3900=CARTESIAN_POINT('',(160.287837237986,168.281361,2182.63224484419));
#3901=CARTESIAN_POINT('',(160.356182861104,168.281361,2182.95093113982));
#3902=CARTESIAN_POINT('',(160.424528484221,168.281361,2183.26961743545));
#3903=CARTESIAN_POINT('',(160.492874107339,168.281361,2183.58830373107));
#3904=CARTESIAN_POINT('',(159.707021197348,168.281361,2181.02742374539));
#3905=CARTESIAN_POINT('',(159.900626544228,168.281361,2181.56236411165));
#3906=CARTESIAN_POINT('',(160.094231891107,168.281361,2182.09730447792));
#3907=CARTESIAN_POINT('',(160.287837237986,168.281361,2182.63224484419));
#3908=CARTESIAN_POINT('',(158.886995475805,168.281361,2179.76404959329));
#3909=CARTESIAN_POINT('',(159.160337382986,168.281361,2180.18517431066));
#3910=CARTESIAN_POINT('',(159.433679290167,168.281361,2180.60629902802));
#3911=CARTESIAN_POINT('',(159.707021197348,168.281361,2181.02742374539));
#3912=CARTESIAN_POINT('',(157.89610569647,168.281361,2178.70555848142));
#3913=CARTESIAN_POINT('',(158.226402289582,168.281361,2179.05838885205));
#3914=CARTESIAN_POINT('',(158.556698882694,168.281361,2179.41121922267));
#3915=CARTESIAN_POINT('',(158.886995475805,168.281361,2179.76404959329));
#3916=CARTESIAN_POINT('',(156.290227064943,168.281361,2177.78363127604));
#3917=CARTESIAN_POINT('',(156.825519942119,168.281361,2178.0909403445));
#3918=CARTESIAN_POINT('',(157.360812819294,168.281361,2178.39824941296));
#3919=CARTESIAN_POINT('',(157.89610569647,168.281361,2178.70555848142));
#3920=CARTESIAN_POINT('',(154.581829998737,168.281361,2177.23731987935));
#3921=CARTESIAN_POINT('',(155.151295687473,168.281361,2177.41942367825));
#3922=CARTESIAN_POINT('',(155.720761376208,168.281361,2177.60152747714));
#3923=CARTESIAN_POINT('',(156.290227064943,168.281361,2177.78363127604));
#3924=CARTESIAN_POINT('',(153.078469801884,168.281361,2177.03245542937));
#3925=CARTESIAN_POINT('',(153.579589867502,168.281361,2177.10074357937));
#3926=CARTESIAN_POINT('',(154.08070993312,168.281361,2177.16903172936));
#3927=CARTESIAN_POINT('',(154.581829998737,168.281361,2177.23731987935));
#3928=CARTESIAN_POINT('',(153.010124178764,168.281361,2174.98373656863));
#3929=CARTESIAN_POINT('',(153.032906053137,168.281361,2175.66664285555));
#3930=CARTESIAN_POINT('',(153.055687927511,168.281361,2176.34954914246));
#3931=CARTESIAN_POINT('',(153.078469801884,168.281361,2177.03245542937));
#3932=CARTESIAN_POINT('',(152.736782271583,168.281361,2173.13990074811));
#3933=CARTESIAN_POINT('',(152.827896240643,168.281361,2173.75451268828));
#3934=CARTESIAN_POINT('',(152.919010209704,168.281361,2174.36912462846));
#3935=CARTESIAN_POINT('',(153.010124178764,168.281361,2174.98373656863));
#3936=CARTESIAN_POINT('',(152.395094741282,168.281361,2172.11554131774));
#3937=CARTESIAN_POINT('',(152.508990584716,168.281361,2172.45699446119));
#3938=CARTESIAN_POINT('',(152.622886428149,168.281361,2172.79844760465));
#3939=CARTESIAN_POINT('',(152.736782271583,168.281361,2173.13990074811));
#3940=CARTESIAN_POINT('',(151.84841092692,168.281361,2171.22778297434));
#3941=CARTESIAN_POINT('',(152.030638865041,168.281361,2171.52370242214));
#3942=CARTESIAN_POINT('',(152.212866803161,168.281361,2171.81962186994));
#3943=CARTESIAN_POINT('',(152.395094741282,168.281361,2172.11554131774));
#3944=CARTESIAN_POINT('',(151.017995371935,168.281361,2170.79621054183));
#3945=CARTESIAN_POINT('',(151.29480055693,168.281361,2170.94006801933));
#3946=CARTESIAN_POINT('',(151.571605741925,168.281361,2171.08392549684));
#3947=CARTESIAN_POINT('',(151.84841092692,168.281361,2171.22778297434));
#3948=CARTESIAN_POINT('',(148.933737963875,168.281361,2170.69377831684));
#3949=CARTESIAN_POINT('',(149.628490433228,168.281361,2170.72792239184));
#3950=CARTESIAN_POINT('',(150.323242902582,168.281361,2170.76206646683));
#3951=CARTESIAN_POINT('',(151.017995371935,168.281361,2170.79621054183));
#3952=CARTESIAN_POINT('',(148.694568868254,168.281361,2168.6450594561));
#3953=CARTESIAN_POINT('',(148.774291900128,168.281361,2169.32796574301));
#3954=CARTESIAN_POINT('',(148.854014932001,168.281361,2170.01087202993));
#3955=CARTESIAN_POINT('',(148.933737963875,168.281361,2170.69377831684));
#3956=CARTESIAN_POINT('',(148.113712242332,168.281361,2166.42562641712));
#3957=CARTESIAN_POINT('',(148.30733111764,168.281361,2167.16543743012));
#3958=CARTESIAN_POINT('',(148.500949992947,168.281361,2167.90524844311));
#3959=CARTESIAN_POINT('',(148.694568868254,168.281361,2168.6450594561));
#3960=CARTESIAN_POINT('',(147.362032143902,168.281361,2164.5817905966));
#3961=CARTESIAN_POINT('',(147.612592176712,168.281361,2165.19640253678));
#3962=CARTESIAN_POINT('',(147.863152209522,168.281361,2165.81101447695));
#3963=CARTESIAN_POINT('',(148.113712242332,168.281361,2166.42562641712));
#3964=CARTESIAN_POINT('',(146.268664515178,168.281361,2162.80625531956));
#3965=CARTESIAN_POINT('',(146.633120391419,168.281361,2163.39810041191));
#3966=CARTESIAN_POINT('',(146.99757626766,168.281361,2163.98994550426));
#3967=CARTESIAN_POINT('',(147.362032143902,168.281361,2164.5817905966));
#3968=CARTESIAN_POINT('',(145.209469698014,168.281361,2161.57703143921));
#3969=CARTESIAN_POINT('',(145.562534637068,168.281361,2161.98677273266));
#3970=CARTESIAN_POINT('',(145.915599576123,168.281361,2162.39651402611));
#3971=CARTESIAN_POINT('',(146.268664515178,168.281361,2162.80625531956));
#3972=CARTESIAN_POINT('',(144.252793315522,168.281361,2160.55267200884));
#3973=CARTESIAN_POINT('',(144.571685443019,168.281361,2160.8941251523));
#3974=CARTESIAN_POINT('',(144.890577570516,168.281361,2161.23557829576));
#3975=CARTESIAN_POINT('',(145.209469698014,168.281361,2161.57703143921));
#3976=CARTESIAN_POINT('',(143.227730724626,168.281361,2159.63074480346));
#3977=CARTESIAN_POINT('',(143.569418254925,168.281361,2159.93805387192));
#3978=CARTESIAN_POINT('',(143.911105785224,168.281361,2160.24536294038));
#3979=CARTESIAN_POINT('',(144.252793315522,168.281361,2160.55267200884));
#3980=CARTESIAN_POINT('',(141.826888962446,168.281361,2158.57225369159));
#3981=CARTESIAN_POINT('',(142.293836216506,168.281361,2158.92508406221));
#3982=CARTESIAN_POINT('',(142.760783470566,168.281361,2159.27791443284));
#3983=CARTESIAN_POINT('',(143.227730724626,168.281361,2159.63074480346));
#3984=CARTESIAN_POINT('',(140.255142557188,168.281361,2157.65032648621));
#3985=CARTESIAN_POINT('',(140.779058025607,168.281361,2157.95763555467));
#3986=CARTESIAN_POINT('',(141.302973494026,168.281361,2158.26494462313));
#3987=CARTESIAN_POINT('',(141.826888962446,168.281361,2158.57225369159));
#3988=CARTESIAN_POINT('',(137.69258754317,168.281361,2156.52355342109));
#3989=CARTESIAN_POINT('',(138.159548325659,168.281361,2156.72842406781));
#3990=CARTESIAN_POINT('',(138.626676686119,168.281361,2156.9329131786));
#3991=CARTESIAN_POINT('',(139.093469890635,168.281361,2157.13816536126));
#3992=CARTESIAN_POINT('',(139.480862034478,168.281361,2157.30850435142));
#3993=CARTESIAN_POINT('',(139.867918335004,168.281361,2157.47960611123));
#3994=CARTESIAN_POINT('',(140.255142557188,168.281361,2157.65032648621));
#3995=CARTESIAN_POINT('',(136.018363288524,168.281361,2156.11380593089));
#3996=CARTESIAN_POINT('',(136.576438040073,168.281361,2156.25038842762));
#3997=CARTESIAN_POINT('',(137.134512791622,168.281361,2156.38697092436));
#3998=CARTESIAN_POINT('',(137.69258754317,168.281361,2156.52355342109));
#3999=CARTESIAN_POINT('',(134.344139033878,168.281361,2156.0113737059));
#4000=CARTESIAN_POINT('',(134.902213785427,168.281361,2156.0455177809));
#4001=CARTESIAN_POINT('',(135.460288536976,168.281361,2156.07966185589));
#4002=CARTESIAN_POINT('',(136.018363288524,168.281361,2156.11380593089));
#4003=CARTESIAN_POINT('',(133.524113312335,168.281361,2155.73820871244));
#4004=CARTESIAN_POINT('',(133.797455219516,168.281361,2155.82926371026));
#4005=CARTESIAN_POINT('',(134.070797126697,168.281361,2155.92031870808));
#4006=CARTESIAN_POINT('',(134.344139033878,168.281361,2156.0113737059));
#4007=CARTESIAN_POINT('',(133.284944216707,168.281361,2155.260179269));
#4008=CARTESIAN_POINT('',(133.364667248583,168.281361,2155.41952241681));
#4009=CARTESIAN_POINT('',(133.444390280459,168.281361,2155.57886556462));
#4010=CARTESIAN_POINT('',(133.524113312335,168.281361,2155.73820871244));
#4011=CARTESIAN_POINT('',(132.971706972516,168.281361,2152.0547198755));
#4012=CARTESIAN_POINT('',(133.076119387246,168.281361,2153.12320634));
#4013=CARTESIAN_POINT('',(133.180531801977,168.281361,2154.1916928045));
#4014=CARTESIAN_POINT('',(133.284944216707,168.281361,2155.260179269));
#4015=CARTESIAN_POINT('',(132.668331953043,168.281361,2151.40510251252));
#4016=CARTESIAN_POINT('',(132.769456959534,168.281361,2151.62164163351));
#4017=CARTESIAN_POINT('',(132.870581966025,168.281361,2151.8381807545));
#4018=CARTESIAN_POINT('',(132.971706972516,168.281361,2152.0547198755));
#4019=CARTESIAN_POINT('',(132.321652432453,168.281361,2150.88541234018));
#4020=CARTESIAN_POINT('',(132.43721227265,168.281361,2151.05864239763));
#4021=CARTESIAN_POINT('',(132.552772112846,168.281361,2151.23187245507));
#4022=CARTESIAN_POINT('',(132.668331953043,168.281361,2151.40510251252));
#4023=CARTESIAN_POINT('',(131.498258132103,168.281361,2150.53896461879));
#4024=CARTESIAN_POINT('',(131.772722898886,168.281361,2150.65444719258));
#4025=CARTESIAN_POINT('',(132.04718766567,168.281361,2150.76992976638));
#4026=CARTESIAN_POINT('',(132.321652432453,168.281361,2150.88541234018));
#4027=CARTESIAN_POINT('',(129.808165030285,168.281361,2150.40903742814));
#4028=CARTESIAN_POINT('',(130.371529397558,168.281361,2150.45234649169));
#4029=CARTESIAN_POINT('',(130.93489376483,168.281361,2150.49565555524));
#4030=CARTESIAN_POINT('',(131.498258132103,168.281361,2150.53896461879));
#4031=CARTESIAN_POINT('',(129.288145749401,168.281361,2150.0625711165));
#4032=CARTESIAN_POINT('',(129.461485509696,168.281361,2150.17805988705));
#4033=CARTESIAN_POINT('',(129.634825269991,168.281361,2150.2935486576));
#4034=CARTESIAN_POINT('',(129.808165030285,168.281361,2150.40903742814));
#4035=CARTESIAN_POINT('',(128.984770729927,168.281361,2148.41688866915));
#4036=CARTESIAN_POINT('',(129.085895736419,168.281361,2148.96544948493));
#4037=CARTESIAN_POINT('',(129.18702074291,168.281361,2149.51401030072));
#4038=CARTESIAN_POINT('',(129.288145749401,168.281361,2150.0625711165));
#4039=CARTESIAN_POINT('',(128.638091209338,168.281361,2147.63736270577));
#4040=CARTESIAN_POINT('',(128.753651049534,168.281361,2147.89720469356));
#4041=CARTESIAN_POINT('',(128.869210889731,168.281361,2148.15704668135));
#4042=CARTESIAN_POINT('',(128.984770729927,168.281361,2148.41688866915));
#4043=CARTESIAN_POINT('',(128.204721515962,168.281361,2147.20428446378));
#4044=CARTESIAN_POINT('',(128.349178080421,168.281361,2147.34864387778));
#4045=CARTESIAN_POINT('',(128.493634644879,168.281361,2147.49300329177));
#4046=CARTESIAN_POINT('',(128.638091209338,168.281361,2147.63736270577));
#4047=CARTESIAN_POINT('',(127.034647695022,168.281361,2146.64129762139));
#4048=CARTESIAN_POINT('',(127.424672302002,168.281361,2146.82895990219));
#4049=CARTESIAN_POINT('',(127.814696908982,168.281361,2147.01662218298));
#4050=CARTESIAN_POINT('',(128.204721515962,168.281361,2147.20428446378));
#4051=CARTESIAN_POINT('',(125.344554593205,168.281361,2146.16490411911));
#4052=CARTESIAN_POINT('',(125.907918960478,168.281361,2146.3237019532));
#4053=CARTESIAN_POINT('',(126.47128332775,168.281361,2146.4824997873));
#4054=CARTESIAN_POINT('',(127.034647695022,168.281361,2146.64129762139));
#4055=CARTESIAN_POINT('',(123.611116404995,168.281361,2145.38537815573));
#4056=CARTESIAN_POINT('',(124.188929134398,168.281361,2145.64522014352));
#4057=CARTESIAN_POINT('',(124.766741863802,168.281361,2145.90506213132));
#4058=CARTESIAN_POINT('',(125.344554593205,168.281361,2146.16490411911));
#4059=CARTESIAN_POINT('',(122.007672890679,168.281361,2144.38931307135));
#4060=CARTESIAN_POINT('',(122.542154062118,168.281361,2144.72133476614));
#4061=CARTESIAN_POINT('',(123.076635233557,168.281361,2145.05335646094));
#4062=CARTESIAN_POINT('',(123.611116404995,168.281361,2145.38537815573));
#4063=CARTESIAN_POINT('',(120.620914223044,168.281361,2142.8735392244));
#4064=CARTESIAN_POINT('',(121.083167112256,168.281361,2143.37879717338));
#4065=CARTESIAN_POINT('',(121.545420001468,168.281361,2143.88405512237));
#4066=CARTESIAN_POINT('',(122.007672890679,168.281361,2144.38931307135));
#4067=CARTESIAN_POINT('',(119.580835076006,168.281361,2140.968020986));
#4068=CARTESIAN_POINT('',(119.927528125019,168.281361,2141.60319373213));
#4069=CARTESIAN_POINT('',(120.274221174031,168.281361,2142.23836647827));
#4070=CARTESIAN_POINT('',(120.620914223044,168.281361,2142.8735392244));
#4071=CARTESIAN_POINT('',(119.147505967915,168.281361,2138.62942450561));
#4072=CARTESIAN_POINT('',(119.291949003945,168.281361,2139.40895666574));
#4073=CARTESIAN_POINT('',(119.436392039976,168.281361,2140.18848882587));
#4074=CARTESIAN_POINT('',(119.580835076006,168.281361,2140.968020986));
#4075=CARTESIAN_POINT('',(118.809998722165,168.281361,2121.93724758771));
#4076=CARTESIAN_POINT('',(118.922501137415,168.281361,2127.50130656034));
#4077=CARTESIAN_POINT('',(119.035003552665,168.281361,2133.06536553298));
#4078=CARTESIAN_POINT('',(119.147505967915,168.281361,2138.62942450561));
#4079=CARTESIAN_POINT('',(117.435862078761,168.281361,2120.89361007797));
#4080=CARTESIAN_POINT('',(117.893907626563,168.281361,2121.24148924789));
#4081=CARTESIAN_POINT('',(118.351953174364,168.281361,2121.5893684178));
#4082=CARTESIAN_POINT('',(118.809998722165,168.281361,2121.93724758771));
#4083=CARTESIAN_POINT('',(117.490855142489,168.281361,2119.30068673307));
#4084=CARTESIAN_POINT('',(117.472524121247,168.281361,2119.83166118137));
#4085=CARTESIAN_POINT('',(117.454193100004,168.281361,2120.36263562967));
#4086=CARTESIAN_POINT('',(117.435862078761,168.281361,2120.89361007797));
#4087=CARTESIAN_POINT('',(117.161059101251,168.281361,2117.32328003477));
#4088=CARTESIAN_POINT('',(117.270991114997,168.281361,2117.98241560087));
#4089=CARTESIAN_POINT('',(117.380923128743,168.281361,2118.64155116697));
#4090=CARTESIAN_POINT('',(117.490855142489,168.281361,2119.30068673307));
#4091=CARTESIAN_POINT('',(116.006813542198,168.281361,2115.67542252928));
#4092=CARTESIAN_POINT('',(116.391562061882,168.281361,2116.22470836444));
#4093=CARTESIAN_POINT('',(116.776310581567,168.281361,2116.77399419961));
#4094=CARTESIAN_POINT('',(117.161059101251,168.281361,2117.32328003477));
#4095=CARTESIAN_POINT('',(113.203587776938,168.281361,2113.75293140133));
#4096=CARTESIAN_POINT('',(114.137996365358,168.281361,2114.39376177731));
#4097=CARTESIAN_POINT('',(115.072404953778,168.281361,2115.0345921533));
#4098=CARTESIAN_POINT('',(116.006813542198,168.281361,2115.67542252928));
#4099=CARTESIAN_POINT('',(111.609641219752,168.281361,2112.48959442972));
#4100=CARTESIAN_POINT('',(112.140956738814,168.281361,2112.91070675359));
#4101=CARTESIAN_POINT('',(112.672272257876,168.281361,2113.33181907746));
#4102=CARTESIAN_POINT('',(113.203587776938,168.281361,2113.75293140133));
#4103=CARTESIAN_POINT('',(111.005001615719,168.281361,2111.06145497634));
#4104=CARTESIAN_POINT('',(111.206548150397,168.281361,2111.5375014608));
#4105=CARTESIAN_POINT('',(111.408094685074,168.281361,2112.01354794526));
#4106=CARTESIAN_POINT('',(111.609641219752,168.281361,2112.48959442972));
#4107=CARTESIAN_POINT('',(110.070606555725,168.281361,2104.50004819274));
#4108=CARTESIAN_POINT('',(110.382071575723,168.281361,2106.68718378728));
#4109=CARTESIAN_POINT('',(110.693536595721,168.281361,2108.87431938181));
#4110=CARTESIAN_POINT('',(111.005001615719,168.281361,2111.06145497634));
#4111=CARTESIAN_POINT('',(103.080454,168.281361,2104.50004819274));
#4112=CARTESIAN_POINT('',(105.410504851908,168.281361,2104.50004819274));
#4113=CARTESIAN_POINT('',(107.740555703817,168.281361,2104.50004819274));
#4114=CARTESIAN_POINT('',(110.070606555725,168.281361,2104.50004819274));
#4115=CARTESIAN_POINT('',(103.080454,168.281361,2148.45529610596));
#4116=CARTESIAN_POINT('',(103.080454,168.281361,2133.80354680155));
#4117=CARTESIAN_POINT('',(103.080454,168.281361,2119.15179749715));
#4118=CARTESIAN_POINT('',(103.080454,168.281361,2104.50004819274));
#4119=CARTESIAN_POINT('',(103.080454,2168.281361,2148.45529610596));
#4120=CARTESIAN_POINT('',(103.080454,2168.281361,2104.50004819274));
#4121=CARTESIAN_POINT('',(110.070606555725,2168.281361,2104.50004819274));
#4122=CARTESIAN_POINT('',(111.005001615719,2168.281361,2111.06145497634));
#4123=CARTESIAN_POINT('',(111.609641219752,2168.281361,2112.48959442972));
#4124=CARTESIAN_POINT('',(113.203587776938,2168.281361,2113.75293140133));
#4125=CARTESIAN_POINT('',(116.006813542198,2168.281361,2115.67542252928));
#4126=CARTESIAN_POINT('',(117.161059101251,2168.281361,2117.32328003477));
#4127=CARTESIAN_POINT('',(117.490855142489,2168.281361,2119.30068673307));
#4128=CARTESIAN_POINT('',(117.435862078761,2168.281361,2120.89361007797));
#4129=CARTESIAN_POINT('',(118.809998722165,2168.281361,2121.93724758771));
#4130=CARTESIAN_POINT('',(119.147505967915,2168.281361,2138.62942450561));
#4131=CARTESIAN_POINT('',(119.580835076006,2168.281361,2140.968020986));
#4132=CARTESIAN_POINT('',(120.620914223044,2168.281361,2142.8735392244));
#4133=CARTESIAN_POINT('',(122.007672890679,2168.281361,2144.38931307135));
#4134=CARTESIAN_POINT('',(123.611116404995,2168.281361,2145.38537815573));
#4135=CARTESIAN_POINT('',(125.344554593205,2168.281361,2146.16490411911));
#4136=CARTESIAN_POINT('',(127.034647695022,2168.281361,2146.64129762139));
#4137=CARTESIAN_POINT('',(128.204721515962,2168.281361,2147.20428446378));
#4138=CARTESIAN_POINT('',(128.638091209338,2168.281361,2147.63736270577));
#4139=CARTESIAN_POINT('',(128.984770729927,2168.281361,2148.41688866915));
#4140=CARTESIAN_POINT('',(129.288145749401,2168.281361,2150.0625711165));
#4141=CARTESIAN_POINT('',(129.808165030285,2168.281361,2150.40903742814));
#4142=CARTESIAN_POINT('',(131.498258132103,2168.281361,2150.53896461879));
#4143=CARTESIAN_POINT('',(132.321652432453,2168.281361,2150.88541234018));
#4144=CARTESIAN_POINT('',(132.668331953043,2168.281361,2151.40510251252));
#4145=CARTESIAN_POINT('',(132.971706972516,2168.281361,2152.0547198755));
#4146=CARTESIAN_POINT('',(133.284944216707,2168.281361,2155.260179269));
#4147=CARTESIAN_POINT('',(133.524113312335,2168.281361,2155.73820871244));
#4148=CARTESIAN_POINT('',(134.344139033878,2168.281361,2156.0113737059));
#4149=CARTESIAN_POINT('',(136.018363288524,2168.281361,2156.11380593089));
#4150=CARTESIAN_POINT('',(137.69258754317,2168.281361,2156.52355342109));
#4151=CARTESIAN_POINT('',(138.159548325659,2168.281361,2156.72842406781));
#4152=CARTESIAN_POINT('',(138.626676686119,2168.281361,2156.9329131786));
#4153=CARTESIAN_POINT('',(139.093469890635,2168.281361,2157.13816536126));
#4154=CARTESIAN_POINT('',(139.480862034478,2168.281361,2157.30850435142));
#4155=CARTESIAN_POINT('',(139.867918335004,2168.281361,2157.47960611123));
#4156=CARTESIAN_POINT('',(140.255142557188,2168.281361,2157.65032648621));
#4157=CARTESIAN_POINT('',(140.255142557188,2168.281361,2157.65032648621));
#4158=CARTESIAN_POINT('',(141.826888962446,2168.281361,2158.57225369159));
#4159=CARTESIAN_POINT('',(143.227730724626,2168.281361,2159.63074480346));
#4160=CARTESIAN_POINT('',(144.252793315522,2168.281361,2160.55267200884));
#4161=CARTESIAN_POINT('',(145.209469698014,2168.281361,2161.57703143921));
#4162=CARTESIAN_POINT('',(146.268664515178,2168.281361,2162.80625531956));
#4163=CARTESIAN_POINT('',(147.362032143902,2168.281361,2164.5817905966));
#4164=CARTESIAN_POINT('',(148.113712242332,2168.281361,2166.42562641712));
#4165=CARTESIAN_POINT('',(148.694568868254,2168.281361,2168.6450594561));
#4166=CARTESIAN_POINT('',(148.933737963875,2168.281361,2170.69377831684));
#4167=CARTESIAN_POINT('',(151.017995371935,2168.281361,2170.79621054183));
#4168=CARTESIAN_POINT('',(151.84841092692,2168.281361,2171.22778297434));
#4169=CARTESIAN_POINT('',(152.395094741282,2168.281361,2172.11554131774));
#4170=CARTESIAN_POINT('',(152.736782271583,2168.281361,2173.13990074811));
#4171=CARTESIAN_POINT('',(153.010124178764,2168.281361,2174.98373656863));
#4172=CARTESIAN_POINT('',(153.078469801884,2168.281361,2177.03245542937));
#4173=CARTESIAN_POINT('',(154.581829998737,2168.281361,2177.23731987935));
#4174=CARTESIAN_POINT('',(156.290227064943,2168.281361,2177.78363127604));
#4175=CARTESIAN_POINT('',(157.89610569647,2168.281361,2178.70555848142));
#4176=CARTESIAN_POINT('',(158.886995475805,2168.281361,2179.76404959329));
#4177=CARTESIAN_POINT('',(159.707021197348,2168.281361,2181.02742374539));
#4178=CARTESIAN_POINT('',(160.287837237986,2168.281361,2182.63224484419));
#4179=CARTESIAN_POINT('',(160.492874107339,2168.281361,2183.58830373107));
#4180=CARTESIAN_POINT('',(163.226293179149,2168.281361,2183.75903649955));
#4181=CARTESIAN_POINT('',(164.285487996313,2168.281361,2183.96390094953));
#4182=CARTESIAN_POINT('',(164.900476848511,2168.281361,2184.5443812082));
#4183=CARTESIAN_POINT('',(165.310510001925,2168.281361,2185.80773677005));
#4184=CARTESIAN_POINT('',(165.583851909105,2168.281361,2187.07111092214));
#4185=CARTESIAN_POINT('',(165.516155650578,2168.281361,2194.82948197985));
#4186=CARTESIAN_POINT('',(166.128100606257,2168.281361,2202.08056809464));
#4187=CARTESIAN_POINT('',(167.351990517608,2168.281361,2209.33167279967));
#4188=CARTESIAN_POINT('',(169.4500875085,2168.281361,2214.13661789296));
#4189=CARTESIAN_POINT('',(172.85949511869,2168.281361,2218.67945918586));
#4190=CARTESIAN_POINT('',(176.094020727695,2168.281361,2221.91187442804));
#4191=CARTESIAN_POINT('',(180.377635417427,2168.281361,2224.62011924993));
#4192=CARTESIAN_POINT('',(184.661209521874,2168.281361,2226.280004641));
#4193=CARTESIAN_POINT('',(189.556769167285,2168.281361,2227.32836407182));
#4194=CARTESIAN_POINT('',(194.01518468764,2168.281361,2227.67780482193));
#4195=CARTESIAN_POINT('',(212.889575280694,2168.281361,2227.77956779827));
#4196=CARTESIAN_POINT('',(214.225399413278,2168.281361,2226.87526414085));
#4197=CARTESIAN_POINT('',(222.240181867645,2168.281361,2226.83220914392));
#4198=CARTESIAN_POINT('',(223.489802850884,2168.281361,2227.34894346802));
#4199=CARTESIAN_POINT('',(224.136164129836,2168.281361,2228.42550429363));
#4200=CARTESIAN_POINT('',(224.308529843249,2168.281361,2233.80823406072));
#4201=CARTESIAN_POINT('',(225.558150826488,2168.281361,2232.77474682228));
#4202=CARTESIAN_POINT('',(227.669600376758,2168.281361,2231.65514958998));
#4203=CARTESIAN_POINT('',(229.953375055157,2168.281361,2231.09534167871));
#4204=CARTESIAN_POINT('',(231.978621456089,2168.281361,2230.88002951359));
#4205=CARTESIAN_POINT('',(234.736432285318,2168.281361,2230.92308451052));
#4206=CARTESIAN_POINT('',(238.05436065887,2168.281361,2231.74125958384));
#4207=CARTESIAN_POINT('',(241.243065478979,2168.281361,2233.16231615559));
#4208=CARTESIAN_POINT('',(246.801748126826,2168.281361,2236.39196145195));
#4209=CARTESIAN_POINT('',(249.861148222918,2168.281361,2238.45893592883));
#4210=CARTESIAN_POINT('',(252.791284180269,2168.281361,2239.4493495801));
#4211=CARTESIAN_POINT('',(254.38563659032,2168.281361,2240.09528607547));
#4212=CARTESIAN_POINT('',(257.789808698508,2168.281361,2240.39670823445));
#4213=CARTESIAN_POINT('',(259.025711854782,2168.281361,2238.72676552328));
#4214=CARTESIAN_POINT('',(259.370443281594,2168.281361,2238.25308619611));
#4215=CARTESIAN_POINT('',(259.84443884714,2168.281361,2237.95164544689));
#4216=CARTESIAN_POINT('',(261.352588107846,2168.281361,2237.90859044996));
#4217=CARTESIAN_POINT('',(265.101451057563,2168.281361,2238.03777403098));
#4218=CARTESIAN_POINT('',(266.307970466129,2168.281361,2238.29614119303));
#4219=CARTESIAN_POINT('',(267.083595883822,2168.281361,2238.76982052021));
#4220=CARTESIAN_POINT('',(267.51453045998,2168.281361,2239.58799559353));
#4221=CARTESIAN_POINT('',(267.988526025533,2168.281361,2240.66455641914));
#4222=CARTESIAN_POINT('',(268.462521591079,2168.281361,2241.52578648938));
#4223=CARTESIAN_POINT('',(275.443150350286,2168.281361,2241.48273149246));
#4224=CARTESIAN_POINT('',(276.218775767979,2168.281361,2239.76025276172));
#4225=CARTESIAN_POINT('',(276.994401185672,2168.281361,2238.8559491043));
#4226=CARTESIAN_POINT('',(277.899290742091,2168.281361,2238.33919618996));
#4227=CARTESIAN_POINT('',(279.235114874675,2168.281361,2238.21001260894));
#4228=CARTESIAN_POINT('',(281.131097136874,2168.281361,2238.29614119303));
#4229=CARTESIAN_POINT('',(282.897815260331,2168.281361,2238.68369193611));
#4230=CARTESIAN_POINT('',(284.061233094225,2168.281361,2239.76025276172));
#4231=CARTESIAN_POINT('',(285.009224225324,2168.281361,2241.05210716221));
#4232=CARTESIAN_POINT('',(285.827951217689,2168.281361,2242.30090656578));
#4233=CARTESIAN_POINT('',(287.292998903723,2168.281361,2243.59276096627));
#4234=CARTESIAN_POINT('',(288.456457322901,2168.281361,2244.58317461754));
#4235=CARTESIAN_POINT('',(290.080453053515,2168.281361,2246.56403910057));
#4236=CARTESIAN_POINT('',(290.080453053515,2168.281361,2249.5));
#4237=CARTESIAN_POINT('',(226.076871378181,2168.281361,2249.5));
#4238=CARTESIAN_POINT('',(171.036891055192,2168.281361,2239.31326901986));
#4239=CARTESIAN_POINT('',(144.420431285633,2168.281361,2212.6968092503));
#4240=CARTESIAN_POINT('',(139.836221225946,2168.281361,2199.4420236233));
#4241=CARTESIAN_POINT('',(139.093469890635,2168.281361,2157.13816536126));
#4242=CARTESIAN_POINT('',(139.093469890635,168.281361,2157.13816536126));
#4243=PRODUCT_DEFINITION_SHAPE('','',#4244);
#4244=PRODUCT_DEFINITION('','',#4256,#4261);
#4245=(
GEOMETRIC_REPRESENTATION_CONTEXT(3)
GLOBAL_UNCERTAINTY_ASSIGNED_CONTEXT((#4246))
GLOBAL_UNIT_ASSIGNED_CONTEXT((#4248,#4247,#4251))
REPRESENTATION_CONTEXT('','')
);
#4246=UNCERTAINTY_MEASURE_WITH_UNIT(LENGTH_MEASURE(0.001),#4248,'','tolerance'
);
#4247=(
CONVERSION_BASED_UNIT('',#4249)
NAMED_UNIT(#4255)
PLANE_ANGLE_UNIT()
);
#4248=(
CONVERSION_BASED_UNIT('',#4250)
LENGTH_UNIT()
NAMED_UNIT(#4254)
);
#4249=PLANE_ANGLE_MEASURE_WITH_UNIT(PLANE_ANGLE_MEASURE(0.0174532925199433),
#4252);
#4250=LENGTH_MEASURE_WITH_UNIT(LENGTH_MEASURE(1.),#4253);
#4251=(
NAMED_UNIT(*)
SI_UNIT($,.STERADIAN.)
SOLID_ANGLE_UNIT()
);
#4252=(
NAMED_UNIT(*)
PLANE_ANGLE_UNIT()
SI_UNIT($,.RADIAN.)
);
#4253=(
LENGTH_UNIT()
NAMED_UNIT(*)
SI_UNIT(.MILLI.,.METRE.)
);
#4254=DIMENSIONAL_EXPONENTS(1.,0.,0.,0.,0.,0.,0.);
#4255=DIMENSIONAL_EXPONENTS(0.,0.,0.,0.,0.,0.,0.);
#4256=PRODUCT_DEFINITION_FORMATION_WITH_SPECIFIED_SOURCE('','',#4259,
.NOT_KNOWN.);
#4257=PRODUCT_CATEGORY_RELATIONSHIP('','',#4262,#4258);
#4258=PRODUCT_RELATED_PRODUCT_CATEGORY('assembly','',(#4259));
#4259=PRODUCT('','master','',(#4260));
#4260=PRODUCT_CONTEXT('',#4264,'');
#4261=PRODUCT_DEFINITION_CONTEXT('',#4264,'part_definition');
#4262=PRODUCT_CATEGORY('part','');
#4263=APPLICATION_PROTOCOL_DEFINITION('international standard',
'automotive_design_cc2',1994,#4264);
#4264=APPLICATION_CONTEXT(
'configuration controlled 3D designs of mechanical parts and assemblies');
ENDSEC;
END-ISO-10303-21;
248155