ISO-10303-21;
HEADER;
/* Generated by software using Delcam plc STEP library */

FILE_DESCRIPTION(
/* description */ ('AP-214 File'),
/* implementation_level */ '2;1');

FILE_NAME(
/* name */ 'D656',
/* time_stamp */ 'Tue Jul 12 09:20:32 2016',
/* author */ (''),
/* organization */ (''),
/* preprocessor_version */ 'DELCAM STEP V1',
/* originating_system */ 'Exchange7.1.0006',
/* authorisation */ '');

FILE_SCHEMA (('AUTOMOTIVE_DESIGN'));
ENDSEC;
DATA;
#10=PRESENTATION_STYLE_ASSIGNMENT((#20));
#11=PRESENTATION_STYLE_ASSIGNMENT((#21));
#12=SURFACE_SIDE_STYLE('',(#14));
#13=SURFACE_SIDE_STYLE('',(#15));
#14=SURFACE_STYLE_FILL_AREA(#16);
#15=SURFACE_STYLE_FILL_AREA(#17);
#16=FILL_AREA_STYLE('',(#18));
#17=FILL_AREA_STYLE('',(#19));
#18=FILL_AREA_STYLE_COLOUR('',#63);
#19=FILL_AREA_STYLE_COLOUR('',#64);
#20=SURFACE_STYLE_USAGE(.BOTH.,#12);
#21=SURFACE_STYLE_USAGE(.BOTH.,#13);
#22=STYLED_ITEM('',(#10),#86);
#23=STYLED_ITEM('',(#10),#87);
#24=STYLED_ITEM('',(#10),#88);
#25=STYLED_ITEM('',(#10),#89);
#26=STYLED_ITEM('',(#10),#90);
#27=STYLED_ITEM('',(#10),#91);
#28=STYLED_ITEM('',(#10),#92);
#29=STYLED_ITEM('',(#10),#93);
#30=STYLED_ITEM('',(#10),#94);
#31=STYLED_ITEM('',(#10),#95);
#32=STYLED_ITEM('',(#10),#96);
#33=STYLED_ITEM('',(#10),#97);
#34=STYLED_ITEM('',(#10),#98);
#35=STYLED_ITEM('',(#10),#99);
#36=STYLED_ITEM('',(#10),#100);
#37=STYLED_ITEM('',(#10),#101);
#38=STYLED_ITEM('',(#10),#102);
#39=STYLED_ITEM('',(#10),#103);
#40=STYLED_ITEM('',(#10),#104);
#41=STYLED_ITEM('',(#10),#105);
#42=STYLED_ITEM('',(#10),#106);
#43=STYLED_ITEM('',(#10),#107);
#44=STYLED_ITEM('',(#10),#108);
#45=STYLED_ITEM('',(#10),#109);
#46=STYLED_ITEM('',(#10),#110);
#47=STYLED_ITEM('',(#10),#111);
#48=STYLED_ITEM('',(#10),#112);
#49=STYLED_ITEM('',(#10),#113);
#50=STYLED_ITEM('',(#10),#114);
#51=STYLED_ITEM('',(#10),#115);
#52=STYLED_ITEM('',(#10),#116);
#53=STYLED_ITEM('',(#10),#117);
#54=STYLED_ITEM('',(#10),#118);
#55=STYLED_ITEM('',(#10),#119);
#56=STYLED_ITEM('',(#10),#120);
#57=STYLED_ITEM('',(#10),#121);
#58=STYLED_ITEM('',(#10),#122);
#59=STYLED_ITEM('',(#10),#123);
#60=STYLED_ITEM('',(#10),#124);
#61=STYLED_ITEM('',(#10),#125);
#62=STYLED_ITEM('',(#11),#70);
#63=COLOUR_RGB('solid_blue',0.,0.,0.);
#64=COLOUR_RGB('rgb_colour_1',0.6,0.6,0.6);
#65=MECHANICAL_DESIGN_GEOMETRIC_PRESENTATION_REPRESENTATION('',(#22,#23,#24,
#25,#26,#27,#28,#29,#30,#31,#32,#33,#34,#35,#36,#37,#38,#39,#40,#41,#42,#43,
#44,#45,#46,#47,#48,#49,#50,#51,#52,#53,#54,#55,#56,#57,#58,#59,#60,#61,#62),
#3347);
#66=PRESENTATION_LAYER_ASSIGNMENT('24','D656',(#86,#87,#88,#89,#90,#91,#92,#93
,#94,#95,#96,#97,#98,#99,#100,#101,#102,#103,#104,#105,#106,#107,#108,#109,
#110,#111,#112,#113,#114,#115,#116,#117,#118,#119,#120,#121,#122,#123,#124,
#125,#70));
#67=SHAPE_REPRESENTATION_RELATIONSHIP('','',#1070,#68);
#68=MANIFOLD_SURFACE_SHAPE_REPRESENTATION('',(#69),#3347);
#69=SHELL_BASED_SURFACE_MODEL('',(#70));
#70=OPEN_SHELL('919',(#86,#87,#88,#89,#90,#91,#92,#93,#94,#95,#96,#97,#98,#99,
#100,#101,#102,#103,#104,#105,#106,#107,#108,#109,#110,#111,#112,#113,#114,
#115,#116,#117,#118,#119,#120,#121,#122,#123,#124,#125));
#71=(
BOUNDED_SURFACE()
B_SPLINE_SURFACE(3,1,((#3273,#3274),(#3275,#3276),(#3277,#3278),(#3279,#3280))
,.UNSPECIFIED.,.F.,.F.,.F.)
B_SPLINE_SURFACE_WITH_KNOTS((4,4),(2,2),(0.,1.),(0.,1.),.UNSPECIFIED.)
GEOMETRIC_REPRESENTATION_ITEM()
RATIONAL_B_SPLINE_SURFACE(((1.,1.),(0.889339189626557,0.889339189626557),(
0.889339189626557,0.889339189626557),(1.,1.)))
REPRESENTATION_ITEM('')
SURFACE()
);
#72=(
BOUNDED_SURFACE()
B_SPLINE_SURFACE(3,1,((#3291,#3292),(#3293,#3294),(#3295,#3296),(#3297,#3298))
,.UNSPECIFIED.,.F.,.F.,.F.)
B_SPLINE_SURFACE_WITH_KNOTS((4,4),(2,2),(0.,1.),(0.,1.),.UNSPECIFIED.)
GEOMETRIC_REPRESENTATION_ITEM()
RATIONAL_B_SPLINE_SURFACE(((1.,1.),(0.914859215490844,0.914859215490844),(
0.914859215490844,0.914859215490844),(1.,1.)))
REPRESENTATION_ITEM('')
SURFACE()
);
#73=(
BOUNDED_SURFACE()
B_SPLINE_SURFACE(3,1,((#3299,#3300),(#3301,#3302),(#3303,#3304),(#3305,#3306))
,.UNSPECIFIED.,.F.,.F.,.F.)
B_SPLINE_SURFACE_WITH_KNOTS((4,4),(2,2),(0.,1.),(0.,1.),.UNSPECIFIED.)
GEOMETRIC_REPRESENTATION_ITEM()
RATIONAL_B_SPLINE_SURFACE(((1.,1.),(0.995475476095817,0.995475476095817),(
0.995475476095817,0.995475476095817),(1.,1.)))
REPRESENTATION_ITEM('')
SURFACE()
);
#74=(
BOUNDED_SURFACE()
B_SPLINE_SURFACE(3,1,((#3315,#3316),(#3317,#3318),(#3319,#3320),(#3321,#3322))
,.UNSPECIFIED.,.F.,.F.,.F.)
B_SPLINE_SURFACE_WITH_KNOTS((4,4),(2,2),(0.,1.),(0.,1.),.UNSPECIFIED.)
GEOMETRIC_REPRESENTATION_ITEM()
RATIONAL_B_SPLINE_SURFACE(((1.,1.),(0.810710566220801,0.810710566220801),(
0.810710566220801,0.810710566220801),(1.,1.)))
REPRESENTATION_ITEM('')
SURFACE()
);
#75=(
BOUNDED_SURFACE()
B_SPLINE_SURFACE(3,1,((#3334,#3335),(#3336,#3337),(#3338,#3339),(#3340,#3341))
,.UNSPECIFIED.,.F.,.F.,.F.)
B_SPLINE_SURFACE_WITH_KNOTS((4,4),(2,2),(0.,1.),(0.,1.),.UNSPECIFIED.)
GEOMETRIC_REPRESENTATION_ITEM()
RATIONAL_B_SPLINE_SURFACE(((1.,1.),(0.86429687758955,0.86429687758955),(
0.86429687758955,0.86429687758955),(1.,1.)))
REPRESENTATION_ITEM('')
SURFACE()
);
#76=CYLINDRICAL_SURFACE('',#1074,2.70798837842644);
#77=CYLINDRICAL_SURFACE('',#1076,1.87307173423406);
#78=CYLINDRICAL_SURFACE('',#1085,36.8870244691322);
#79=CYLINDRICAL_SURFACE('',#1086,7.53554187425558);
#80=CYLINDRICAL_SURFACE('',#1087,9.94003548546201);
#81=CYLINDRICAL_SURFACE('',#1088,1.5356773340248);
#82=CYLINDRICAL_SURFACE('',#1099,1.68981749580293);
#83=CYLINDRICAL_SURFACE('',#1101,28.3360104677811);
#84=CYLINDRICAL_SURFACE('',#1103,2.25759511225122);
#85=CYLINDRICAL_SURFACE('',#1104,1.30340567543197);
#86=ADVANCED_FACE('',(#126),#434,.T.);
#87=ADVANCED_FACE('',(#127),#435,.T.);
#88=ADVANCED_FACE('',(#128),#76,.T.);
#89=ADVANCED_FACE('',(#129),#71,.T.);
#90=ADVANCED_FACE('',(#130),#436,.T.);
#91=ADVANCED_FACE('',(#131),#77,.T.);
#92=ADVANCED_FACE('',(#132),#437,.T.);
#93=ADVANCED_FACE('',(#133),#438,.T.);
#94=ADVANCED_FACE('',(#134),#439,.T.);
#95=ADVANCED_FACE('',(#135),#440,.T.);
#96=ADVANCED_FACE('',(#136),#441,.T.);
#97=ADVANCED_FACE('',(#137),#442,.T.);
#98=ADVANCED_FACE('',(#138),#443,.T.);
#99=ADVANCED_FACE('',(#139),#444,.T.);
#100=ADVANCED_FACE('',(#140),#72,.T.);
#101=ADVANCED_FACE('',(#141),#73,.T.);
#102=ADVANCED_FACE('',(#142),#78,.T.);
#103=ADVANCED_FACE('',(#143),#79,.T.);
#104=ADVANCED_FACE('',(#144),#80,.T.);
#105=ADVANCED_FACE('',(#145),#81,.T.);
#106=ADVANCED_FACE('',(#146),#445,.T.);
#107=ADVANCED_FACE('',(#147),#446,.T.);
#108=ADVANCED_FACE('',(#148),#447,.T.);
#109=ADVANCED_FACE('',(#149),#448,.T.);
#110=ADVANCED_FACE('',(#150),#74,.T.);
#111=ADVANCED_FACE('',(#151),#449,.T.);
#112=ADVANCED_FACE('',(#152),#450,.T.);
#113=ADVANCED_FACE('',(#153),#451,.T.);
#114=ADVANCED_FACE('',(#154),#452,.T.);
#115=ADVANCED_FACE('',(#155),#453,.T.);
#116=ADVANCED_FACE('',(#156),#454,.T.);
#117=ADVANCED_FACE('',(#157),#82,.T.);
#118=ADVANCED_FACE('',(#158),#455,.T.);
#119=ADVANCED_FACE('',(#159),#83,.T.);
#120=ADVANCED_FACE('',(#160),#456,.T.);
#121=ADVANCED_FACE('',(#161),#84,.T.);
#122=ADVANCED_FACE('',(#162),#75,.T.);
#123=ADVANCED_FACE('',(#163),#85,.T.);
#124=ADVANCED_FACE('',(#164),#457,.T.);
#125=ADVANCED_FACE('',(#165),#458,.T.);
#126=FACE_OUTER_BOUND('',#166,.T.);
#127=FACE_OUTER_BOUND('',#167,.T.);
#128=FACE_OUTER_BOUND('',#168,.T.);
#129=FACE_OUTER_BOUND('',#169,.T.);
#130=FACE_OUTER_BOUND('',#170,.T.);
#131=FACE_OUTER_BOUND('',#171,.T.);
#132=FACE_OUTER_BOUND('',#172,.T.);
#133=FACE_OUTER_BOUND('',#173,.T.);
#134=FACE_OUTER_BOUND('',#174,.T.);
#135=FACE_OUTER_BOUND('',#175,.T.);
#136=FACE_OUTER_BOUND('',#176,.T.);
#137=FACE_OUTER_BOUND('',#177,.T.);
#138=FACE_OUTER_BOUND('',#178,.T.);
#139=FACE_OUTER_BOUND('',#179,.T.);
#140=FACE_OUTER_BOUND('',#180,.T.);
#141=FACE_OUTER_BOUND('',#181,.T.);
#142=FACE_OUTER_BOUND('',#182,.T.);
#143=FACE_OUTER_BOUND('',#183,.T.);
#144=FACE_OUTER_BOUND('',#184,.T.);
#145=FACE_OUTER_BOUND('',#185,.T.);
#146=FACE_OUTER_BOUND('',#186,.T.);
#147=FACE_OUTER_BOUND('',#187,.T.);
#148=FACE_OUTER_BOUND('',#188,.T.);
#149=FACE_OUTER_BOUND('',#189,.T.);
#150=FACE_OUTER_BOUND('',#190,.T.);
#151=FACE_OUTER_BOUND('',#191,.T.);
#152=FACE_OUTER_BOUND('',#192,.T.);
#153=FACE_OUTER_BOUND('',#193,.T.);
#154=FACE_OUTER_BOUND('',#194,.T.);
#155=FACE_OUTER_BOUND('',#195,.T.);
#156=FACE_OUTER_BOUND('',#196,.T.);
#157=FACE_OUTER_BOUND('',#197,.T.);
#158=FACE_OUTER_BOUND('',#198,.T.);
#159=FACE_OUTER_BOUND('',#199,.T.);
#160=FACE_OUTER_BOUND('',#200,.T.);
#161=FACE_OUTER_BOUND('',#201,.T.);
#162=FACE_OUTER_BOUND('',#202,.T.);
#163=FACE_OUTER_BOUND('',#203,.T.);
#164=FACE_OUTER_BOUND('',#204,.T.);
#165=FACE_OUTER_BOUND('',#205,.T.);
#166=EDGE_LOOP('',(#206,#207,#208,#209));
#167=EDGE_LOOP('',(#210,#211,#212,#213));
#168=EDGE_LOOP('',(#214,#215,#216,#217));
#169=EDGE_LOOP('',(#218,#219,#220,#221));
#170=EDGE_LOOP('',(#222,#223,#224,#225));
#171=EDGE_LOOP('',(#226,#227,#228,#229));
#172=EDGE_LOOP('',(#230,#231,#232,#233));
#173=EDGE_LOOP('',(#234,#235,#236,#237));
#174=EDGE_LOOP('',(#238,#239,#240,#241));
#175=EDGE_LOOP('',(#242,#243,#244,#245));
#176=EDGE_LOOP('',(#246,#247,#248,#249));
#177=EDGE_LOOP('',(#250,#251,#252,#253));
#178=EDGE_LOOP('',(#254,#255,#256,#257));
#179=EDGE_LOOP('',(#258,#259,#260,#261));
#180=EDGE_LOOP('',(#262,#263,#264,#265));
#181=EDGE_LOOP('',(#266,#267,#268,#269));
#182=EDGE_LOOP('',(#270,#271,#272,#273));
#183=EDGE_LOOP('',(#274,#275,#276,#277));
#184=EDGE_LOOP('',(#278,#279,#280,#281));
#185=EDGE_LOOP('',(#282,#283,#284,#285));
#186=EDGE_LOOP('',(#286,#287,#288,#289));
#187=EDGE_LOOP('',(#290,#291,#292,#293));
#188=EDGE_LOOP('',(#294,#295,#296,#297));
#189=EDGE_LOOP('',(#298,#299,#300,#301));
#190=EDGE_LOOP('',(#302,#303,#304,#305));
#191=EDGE_LOOP('',(#306,#307,#308,#309));
#192=EDGE_LOOP('',(#310,#311,#312,#313));
#193=EDGE_LOOP('',(#314,#315,#316,#317));
#194=EDGE_LOOP('',(#318,#319,#320,#321));
#195=EDGE_LOOP('',(#322,#323,#324,#325));
#196=EDGE_LOOP('',(#326,#327,#328,#329));
#197=EDGE_LOOP('',(#330,#331,#332,#333));
#198=EDGE_LOOP('',(#334,#335,#336,#337));
#199=EDGE_LOOP('',(#338,#339,#340,#341));
#200=EDGE_LOOP('',(#342,#343,#344,#345));
#201=EDGE_LOOP('',(#346,#347,#348,#349));
#202=EDGE_LOOP('',(#350,#351,#352,#353));
#203=EDGE_LOOP('',(#354,#355,#356,#357));
#204=EDGE_LOOP('',(#358,#359,#360,#361,#362,#363,#364,#365,#366,#367,#368,#369
,#370,#371,#372,#373,#374,#375,#376,#377,#378,#379,#380,#381,#382,#383,#384,
#385,#386,#387,#388,#389,#390,#391,#392,#393,#394,#395));
#205=EDGE_LOOP('',(#396,#397,#398,#399,#400,#401,#402,#403,#404,#405,#406,#407
,#408,#409,#410,#411,#412,#413,#414,#415,#416,#417,#418,#419,#420,#421,#422,
#423,#424,#425,#426,#427,#428,#429,#430,#431,#432,#433));
#206=ORIENTED_EDGE('',*,*,#459,.T.);
#207=ORIENTED_EDGE('',*,*,#460,.T.);
#208=ORIENTED_EDGE('',*,*,#461,.T.);
#209=ORIENTED_EDGE('',*,*,#462,.T.);
#210=ORIENTED_EDGE('',*,*,#463,.T.);
#211=ORIENTED_EDGE('',*,*,#464,.T.);
#212=ORIENTED_EDGE('',*,*,#465,.T.);
#213=ORIENTED_EDGE('',*,*,#466,.T.);
#214=ORIENTED_EDGE('',*,*,#467,.T.);
#215=ORIENTED_EDGE('',*,*,#468,.T.);
#216=ORIENTED_EDGE('',*,*,#469,.T.);
#217=ORIENTED_EDGE('',*,*,#470,.T.);
#218=ORIENTED_EDGE('',*,*,#471,.T.);
#219=ORIENTED_EDGE('',*,*,#472,.T.);
#220=ORIENTED_EDGE('',*,*,#473,.T.);
#221=ORIENTED_EDGE('',*,*,#468,.T.);
#222=ORIENTED_EDGE('',*,*,#474,.T.);
#223=ORIENTED_EDGE('',*,*,#472,.T.);
#224=ORIENTED_EDGE('',*,*,#475,.T.);
#225=ORIENTED_EDGE('',*,*,#476,.T.);
#226=ORIENTED_EDGE('',*,*,#477,.T.);
#227=ORIENTED_EDGE('',*,*,#478,.T.);
#228=ORIENTED_EDGE('',*,*,#479,.T.);
#229=ORIENTED_EDGE('',*,*,#480,.T.);
#230=ORIENTED_EDGE('',*,*,#481,.T.);
#231=ORIENTED_EDGE('',*,*,#482,.T.);
#232=ORIENTED_EDGE('',*,*,#483,.T.);
#233=ORIENTED_EDGE('',*,*,#484,.T.);
#234=ORIENTED_EDGE('',*,*,#485,.T.);
#235=ORIENTED_EDGE('',*,*,#486,.T.);
#236=ORIENTED_EDGE('',*,*,#487,.T.);
#237=ORIENTED_EDGE('',*,*,#488,.T.);
#238=ORIENTED_EDGE('',*,*,#489,.T.);
#239=ORIENTED_EDGE('',*,*,#490,.T.);
#240=ORIENTED_EDGE('',*,*,#491,.T.);
#241=ORIENTED_EDGE('',*,*,#492,.T.);
#242=ORIENTED_EDGE('',*,*,#493,.T.);
#243=ORIENTED_EDGE('',*,*,#494,.T.);
#244=ORIENTED_EDGE('',*,*,#495,.T.);
#245=ORIENTED_EDGE('',*,*,#496,.T.);
#246=ORIENTED_EDGE('',*,*,#497,.T.);
#247=ORIENTED_EDGE('',*,*,#498,.T.);
#248=ORIENTED_EDGE('',*,*,#499,.T.);
#249=ORIENTED_EDGE('',*,*,#500,.T.);
#250=ORIENTED_EDGE('',*,*,#501,.T.);
#251=ORIENTED_EDGE('',*,*,#502,.T.);
#252=ORIENTED_EDGE('',*,*,#503,.T.);
#253=ORIENTED_EDGE('',*,*,#504,.T.);
#254=ORIENTED_EDGE('',*,*,#505,.T.);
#255=ORIENTED_EDGE('',*,*,#506,.T.);
#256=ORIENTED_EDGE('',*,*,#507,.T.);
#257=ORIENTED_EDGE('',*,*,#508,.T.);
#258=ORIENTED_EDGE('',*,*,#509,.T.);
#259=ORIENTED_EDGE('',*,*,#510,.T.);
#260=ORIENTED_EDGE('',*,*,#511,.T.);
#261=ORIENTED_EDGE('',*,*,#512,.T.);
#262=ORIENTED_EDGE('',*,*,#513,.T.);
#263=ORIENTED_EDGE('',*,*,#514,.T.);
#264=ORIENTED_EDGE('',*,*,#515,.T.);
#265=ORIENTED_EDGE('',*,*,#509,.T.);
#266=ORIENTED_EDGE('',*,*,#516,.T.);
#267=ORIENTED_EDGE('',*,*,#517,.T.);
#268=ORIENTED_EDGE('',*,*,#518,.T.);
#269=ORIENTED_EDGE('',*,*,#514,.T.);
#270=ORIENTED_EDGE('',*,*,#519,.T.);
#271=ORIENTED_EDGE('',*,*,#520,.T.);
#272=ORIENTED_EDGE('',*,*,#521,.T.);
#273=ORIENTED_EDGE('',*,*,#517,.T.);
#274=ORIENTED_EDGE('',*,*,#522,.T.);
#275=ORIENTED_EDGE('',*,*,#523,.T.);
#276=ORIENTED_EDGE('',*,*,#524,.T.);
#277=ORIENTED_EDGE('',*,*,#525,.T.);
#278=ORIENTED_EDGE('',*,*,#526,.T.);
#279=ORIENTED_EDGE('',*,*,#527,.T.);
#280=ORIENTED_EDGE('',*,*,#528,.T.);
#281=ORIENTED_EDGE('',*,*,#529,.T.);
#282=ORIENTED_EDGE('',*,*,#530,.T.);
#283=ORIENTED_EDGE('',*,*,#531,.T.);
#284=ORIENTED_EDGE('',*,*,#532,.T.);
#285=ORIENTED_EDGE('',*,*,#533,.T.);
#286=ORIENTED_EDGE('',*,*,#534,.T.);
#287=ORIENTED_EDGE('',*,*,#535,.T.);
#288=ORIENTED_EDGE('',*,*,#536,.T.);
#289=ORIENTED_EDGE('',*,*,#537,.T.);
#290=ORIENTED_EDGE('',*,*,#538,.T.);
#291=ORIENTED_EDGE('',*,*,#539,.T.);
#292=ORIENTED_EDGE('',*,*,#540,.T.);
#293=ORIENTED_EDGE('',*,*,#541,.T.);
#294=ORIENTED_EDGE('',*,*,#542,.T.);
#295=ORIENTED_EDGE('',*,*,#543,.T.);
#296=ORIENTED_EDGE('',*,*,#544,.T.);
#297=ORIENTED_EDGE('',*,*,#545,.T.);
#298=ORIENTED_EDGE('',*,*,#546,.T.);
#299=ORIENTED_EDGE('',*,*,#547,.T.);
#300=ORIENTED_EDGE('',*,*,#548,.T.);
#301=ORIENTED_EDGE('',*,*,#549,.T.);
#302=ORIENTED_EDGE('',*,*,#550,.T.);
#303=ORIENTED_EDGE('',*,*,#551,.T.);
#304=ORIENTED_EDGE('',*,*,#552,.T.);
#305=ORIENTED_EDGE('',*,*,#546,.T.);
#306=ORIENTED_EDGE('',*,*,#553,.T.);
#307=ORIENTED_EDGE('',*,*,#551,.T.);
#308=ORIENTED_EDGE('',*,*,#554,.T.);
#309=ORIENTED_EDGE('',*,*,#555,.T.);
#310=ORIENTED_EDGE('',*,*,#556,.T.);
#311=ORIENTED_EDGE('',*,*,#557,.T.);
#312=ORIENTED_EDGE('',*,*,#558,.T.);
#313=ORIENTED_EDGE('',*,*,#559,.T.);
#314=ORIENTED_EDGE('',*,*,#560,.T.);
#315=ORIENTED_EDGE('',*,*,#561,.T.);
#316=ORIENTED_EDGE('',*,*,#562,.T.);
#317=ORIENTED_EDGE('',*,*,#563,.T.);
#318=ORIENTED_EDGE('',*,*,#564,.T.);
#319=ORIENTED_EDGE('',*,*,#565,.T.);
#320=ORIENTED_EDGE('',*,*,#566,.T.);
#321=ORIENTED_EDGE('',*,*,#567,.T.);
#322=ORIENTED_EDGE('',*,*,#568,.T.);
#323=ORIENTED_EDGE('',*,*,#569,.T.);
#324=ORIENTED_EDGE('',*,*,#570,.T.);
#325=ORIENTED_EDGE('',*,*,#571,.T.);
#326=ORIENTED_EDGE('',*,*,#572,.T.);
#327=ORIENTED_EDGE('',*,*,#573,.T.);
#328=ORIENTED_EDGE('',*,*,#574,.T.);
#329=ORIENTED_EDGE('',*,*,#575,.T.);
#330=ORIENTED_EDGE('',*,*,#576,.T.);
#331=ORIENTED_EDGE('',*,*,#577,.T.);
#332=ORIENTED_EDGE('',*,*,#578,.T.);
#333=ORIENTED_EDGE('',*,*,#579,.T.);
#334=ORIENTED_EDGE('',*,*,#580,.T.);
#335=ORIENTED_EDGE('',*,*,#581,.T.);
#336=ORIENTED_EDGE('',*,*,#582,.T.);
#337=ORIENTED_EDGE('',*,*,#583,.T.);
#338=ORIENTED_EDGE('',*,*,#584,.T.);
#339=ORIENTED_EDGE('',*,*,#585,.T.);
#340=ORIENTED_EDGE('',*,*,#586,.T.);
#341=ORIENTED_EDGE('',*,*,#587,.T.);
#342=ORIENTED_EDGE('',*,*,#588,.T.);
#343=ORIENTED_EDGE('',*,*,#589,.T.);
#344=ORIENTED_EDGE('',*,*,#590,.T.);
#345=ORIENTED_EDGE('',*,*,#591,.T.);
#346=ORIENTED_EDGE('',*,*,#592,.T.);
#347=ORIENTED_EDGE('',*,*,#593,.T.);
#348=ORIENTED_EDGE('',*,*,#594,.T.);
#349=ORIENTED_EDGE('',*,*,#595,.T.);
#350=ORIENTED_EDGE('',*,*,#596,.T.);
#351=ORIENTED_EDGE('',*,*,#597,.T.);
#352=ORIENTED_EDGE('',*,*,#598,.T.);
#353=ORIENTED_EDGE('',*,*,#593,.T.);
#354=ORIENTED_EDGE('',*,*,#599,.T.);
#355=ORIENTED_EDGE('',*,*,#600,.T.);
#356=ORIENTED_EDGE('',*,*,#601,.T.);
#357=ORIENTED_EDGE('',*,*,#597,.T.);
#358=ORIENTED_EDGE('',*,*,#602,.T.);
#359=ORIENTED_EDGE('',*,*,#603,.T.);
#360=ORIENTED_EDGE('',*,*,#604,.T.);
#361=ORIENTED_EDGE('',*,*,#596,.T.);
#362=ORIENTED_EDGE('',*,*,#605,.T.);
#363=ORIENTED_EDGE('',*,*,#606,.T.);
#364=ORIENTED_EDGE('',*,*,#607,.T.);
#365=ORIENTED_EDGE('',*,*,#608,.T.);
#366=ORIENTED_EDGE('',*,*,#609,.T.);
#367=ORIENTED_EDGE('',*,*,#610,.T.);
#368=ORIENTED_EDGE('',*,*,#611,.T.);
#369=ORIENTED_EDGE('',*,*,#612,.T.);
#370=ORIENTED_EDGE('',*,*,#613,.T.);
#371=ORIENTED_EDGE('',*,*,#614,.T.);
#372=ORIENTED_EDGE('',*,*,#615,.T.);
#373=ORIENTED_EDGE('',*,*,#550,.T.);
#374=ORIENTED_EDGE('',*,*,#616,.T.);
#375=ORIENTED_EDGE('',*,*,#617,.T.);
#376=ORIENTED_EDGE('',*,*,#618,.T.);
#377=ORIENTED_EDGE('',*,*,#619,.T.);
#378=ORIENTED_EDGE('',*,*,#620,.T.);
#379=ORIENTED_EDGE('',*,*,#621,.T.);
#380=ORIENTED_EDGE('',*,*,#622,.T.);
#381=ORIENTED_EDGE('',*,*,#623,.T.);
#382=ORIENTED_EDGE('',*,*,#516,.T.);
#383=ORIENTED_EDGE('',*,*,#513,.T.);
#384=ORIENTED_EDGE('',*,*,#624,.T.);
#385=ORIENTED_EDGE('',*,*,#625,.T.);
#386=ORIENTED_EDGE('',*,*,#626,.T.);
#387=ORIENTED_EDGE('',*,*,#627,.T.);
#388=ORIENTED_EDGE('',*,*,#628,.T.);
#389=ORIENTED_EDGE('',*,*,#629,.T.);
#390=ORIENTED_EDGE('',*,*,#630,.T.);
#391=ORIENTED_EDGE('',*,*,#631,.T.);
#392=ORIENTED_EDGE('',*,*,#632,.T.);
#393=ORIENTED_EDGE('',*,*,#633,.T.);
#394=ORIENTED_EDGE('',*,*,#471,.T.);
#395=ORIENTED_EDGE('',*,*,#634,.T.);
#396=ORIENTED_EDGE('',*,*,#635,.T.);
#397=ORIENTED_EDGE('',*,*,#636,.T.);
#398=ORIENTED_EDGE('',*,*,#637,.T.);
#399=ORIENTED_EDGE('',*,*,#473,.T.);
#400=ORIENTED_EDGE('',*,*,#638,.T.);
#401=ORIENTED_EDGE('',*,*,#639,.T.);
#402=ORIENTED_EDGE('',*,*,#640,.T.);
#403=ORIENTED_EDGE('',*,*,#641,.T.);
#404=ORIENTED_EDGE('',*,*,#642,.T.);
#405=ORIENTED_EDGE('',*,*,#643,.T.);
#406=ORIENTED_EDGE('',*,*,#644,.T.);
#407=ORIENTED_EDGE('',*,*,#645,.T.);
#408=ORIENTED_EDGE('',*,*,#646,.T.);
#409=ORIENTED_EDGE('',*,*,#647,.T.);
#410=ORIENTED_EDGE('',*,*,#515,.T.);
#411=ORIENTED_EDGE('',*,*,#518,.T.);
#412=ORIENTED_EDGE('',*,*,#648,.T.);
#413=ORIENTED_EDGE('',*,*,#649,.T.);
#414=ORIENTED_EDGE('',*,*,#650,.T.);
#415=ORIENTED_EDGE('',*,*,#651,.T.);
#416=ORIENTED_EDGE('',*,*,#652,.T.);
#417=ORIENTED_EDGE('',*,*,#653,.T.);
#418=ORIENTED_EDGE('',*,*,#654,.T.);
#419=ORIENTED_EDGE('',*,*,#655,.T.);
#420=ORIENTED_EDGE('',*,*,#552,.T.);
#421=ORIENTED_EDGE('',*,*,#656,.T.);
#422=ORIENTED_EDGE('',*,*,#657,.T.);
#423=ORIENTED_EDGE('',*,*,#658,.T.);
#424=ORIENTED_EDGE('',*,*,#659,.T.);
#425=ORIENTED_EDGE('',*,*,#660,.T.);
#426=ORIENTED_EDGE('',*,*,#661,.T.);
#427=ORIENTED_EDGE('',*,*,#662,.T.);
#428=ORIENTED_EDGE('',*,*,#663,.T.);
#429=ORIENTED_EDGE('',*,*,#664,.T.);
#430=ORIENTED_EDGE('',*,*,#665,.T.);
#431=ORIENTED_EDGE('',*,*,#666,.T.);
#432=ORIENTED_EDGE('',*,*,#598,.T.);
#433=ORIENTED_EDGE('',*,*,#667,.T.);
#434=PLANE('',#1072);
#435=PLANE('',#1073);
#436=PLANE('',#1075);
#437=PLANE('',#1077);
#438=PLANE('',#1078);
#439=PLANE('',#1079);
#440=PLANE('',#1080);
#441=PLANE('',#1081);
#442=PLANE('',#1082);
#443=PLANE('',#1083);
#444=PLANE('',#1084);
#445=PLANE('',#1089);
#446=PLANE('',#1090);
#447=PLANE('',#1091);
#448=PLANE('',#1092);
#449=PLANE('',#1093);
#450=PLANE('',#1094);
#451=PLANE('',#1095);
#452=PLANE('',#1096);
#453=PLANE('',#1097);
#454=PLANE('',#1098);
#455=PLANE('',#1100);
#456=PLANE('',#1102);
#457=PLANE('',#1105);
#458=PLANE('',#1106);
#459=EDGE_CURVE('',#880,#877,#668,.T.);
#460=EDGE_CURVE('',#877,#878,#669,.T.);
#461=EDGE_CURVE('',#878,#879,#670,.T.);
#462=EDGE_CURVE('',#879,#880,#671,.T.);
#463=EDGE_CURVE('',#884,#881,#672,.T.);
#464=EDGE_CURVE('',#881,#882,#673,.T.);
#465=EDGE_CURVE('',#882,#883,#674,.T.);
#466=EDGE_CURVE('',#883,#884,#675,.T.);
#467=EDGE_CURVE('',#888,#885,#676,.T.);
#468=EDGE_CURVE('',#885,#886,#677,.T.);
#469=EDGE_CURVE('',#886,#887,#678,.T.);
#470=EDGE_CURVE('',#887,#888,#679,.T.);
#471=EDGE_CURVE('',#889,#885,#680,.T.);
#472=EDGE_CURVE('',#890,#889,#681,.T.);
#473=EDGE_CURVE('',#886,#890,#682,.T.);
#474=EDGE_CURVE('',#892,#890,#683,.T.);
#475=EDGE_CURVE('',#889,#891,#684,.T.);
#476=EDGE_CURVE('',#891,#892,#685,.T.);
#477=EDGE_CURVE('',#896,#893,#686,.T.);
#478=EDGE_CURVE('',#893,#894,#687,.T.);
#479=EDGE_CURVE('',#894,#895,#688,.T.);
#480=EDGE_CURVE('',#895,#896,#689,.T.);
#481=EDGE_CURVE('',#900,#897,#690,.T.);
#482=EDGE_CURVE('',#897,#898,#691,.T.);
#483=EDGE_CURVE('',#898,#899,#692,.T.);
#484=EDGE_CURVE('',#899,#900,#693,.T.);
#485=EDGE_CURVE('',#904,#901,#694,.T.);
#486=EDGE_CURVE('',#901,#902,#695,.T.);
#487=EDGE_CURVE('',#902,#903,#696,.T.);
#488=EDGE_CURVE('',#903,#904,#697,.T.);
#489=EDGE_CURVE('',#908,#905,#698,.T.);
#490=EDGE_CURVE('',#905,#906,#699,.T.);
#491=EDGE_CURVE('',#906,#907,#700,.T.);
#492=EDGE_CURVE('',#907,#908,#701,.T.);
#493=EDGE_CURVE('',#912,#909,#702,.T.);
#494=EDGE_CURVE('',#909,#910,#703,.T.);
#495=EDGE_CURVE('',#910,#911,#704,.T.);
#496=EDGE_CURVE('',#911,#912,#705,.T.);
#497=EDGE_CURVE('',#916,#913,#706,.T.);
#498=EDGE_CURVE('',#913,#914,#707,.T.);
#499=EDGE_CURVE('',#914,#915,#708,.T.);
#500=EDGE_CURVE('',#915,#916,#709,.T.);
#501=EDGE_CURVE('',#920,#917,#710,.T.);
#502=EDGE_CURVE('',#917,#918,#711,.T.);
#503=EDGE_CURVE('',#918,#919,#712,.T.);
#504=EDGE_CURVE('',#919,#920,#713,.T.);
#505=EDGE_CURVE('',#924,#921,#714,.T.);
#506=EDGE_CURVE('',#921,#922,#715,.T.);
#507=EDGE_CURVE('',#922,#923,#716,.T.);
#508=EDGE_CURVE('',#923,#924,#717,.T.);
#509=EDGE_CURVE('',#928,#925,#718,.T.);
#510=EDGE_CURVE('',#925,#926,#719,.T.);
#511=EDGE_CURVE('',#926,#927,#720,.T.);
#512=EDGE_CURVE('',#927,#928,#721,.T.);
#513=EDGE_CURVE('',#929,#928,#722,.T.);
#514=EDGE_CURVE('',#929,#930,#723,.T.);
#515=EDGE_CURVE('',#925,#930,#724,.T.);
#516=EDGE_CURVE('',#931,#929,#725,.T.);
#517=EDGE_CURVE('',#932,#931,#726,.T.);
#518=EDGE_CURVE('',#930,#932,#727,.T.);
#519=EDGE_CURVE('',#931,#933,#728,.T.);
#520=EDGE_CURVE('',#933,#934,#729,.T.);
#521=EDGE_CURVE('',#934,#932,#730,.T.);
#522=EDGE_CURVE('',#938,#935,#731,.T.);
#523=EDGE_CURVE('',#935,#936,#732,.T.);
#524=EDGE_CURVE('',#936,#937,#733,.T.);
#525=EDGE_CURVE('',#937,#938,#734,.T.);
#526=EDGE_CURVE('',#942,#939,#735,.T.);
#527=EDGE_CURVE('',#939,#940,#736,.T.);
#528=EDGE_CURVE('',#940,#941,#737,.T.);
#529=EDGE_CURVE('',#941,#942,#738,.T.);
#530=EDGE_CURVE('',#946,#943,#739,.T.);
#531=EDGE_CURVE('',#943,#944,#740,.T.);
#532=EDGE_CURVE('',#944,#945,#741,.T.);
#533=EDGE_CURVE('',#945,#946,#742,.T.);
#534=EDGE_CURVE('',#950,#947,#743,.T.);
#535=EDGE_CURVE('',#947,#948,#744,.T.);
#536=EDGE_CURVE('',#948,#949,#745,.T.);
#537=EDGE_CURVE('',#949,#950,#746,.T.);
#538=EDGE_CURVE('',#954,#951,#747,.T.);
#539=EDGE_CURVE('',#951,#952,#748,.T.);
#540=EDGE_CURVE('',#952,#953,#749,.T.);
#541=EDGE_CURVE('',#953,#954,#750,.T.);
#542=EDGE_CURVE('',#958,#955,#751,.T.);
#543=EDGE_CURVE('',#955,#956,#752,.T.);
#544=EDGE_CURVE('',#956,#957,#753,.T.);
#545=EDGE_CURVE('',#957,#958,#754,.T.);
#546=EDGE_CURVE('',#962,#959,#755,.T.);
#547=EDGE_CURVE('',#959,#960,#756,.T.);
#548=EDGE_CURVE('',#960,#961,#757,.T.);
#549=EDGE_CURVE('',#961,#962,#758,.T.);
#550=EDGE_CURVE('',#963,#962,#759,.T.);
#551=EDGE_CURVE('',#964,#963,#760,.T.);
#552=EDGE_CURVE('',#959,#964,#761,.T.);
#553=EDGE_CURVE('',#966,#964,#762,.T.);
#554=EDGE_CURVE('',#963,#965,#763,.T.);
#555=EDGE_CURVE('',#965,#966,#764,.T.);
#556=EDGE_CURVE('',#970,#967,#765,.T.);
#557=EDGE_CURVE('',#967,#968,#766,.T.);
#558=EDGE_CURVE('',#968,#969,#767,.T.);
#559=EDGE_CURVE('',#969,#970,#768,.T.);
#560=EDGE_CURVE('',#974,#971,#769,.T.);
#561=EDGE_CURVE('',#971,#972,#770,.T.);
#562=EDGE_CURVE('',#972,#973,#771,.T.);
#563=EDGE_CURVE('',#973,#974,#772,.T.);
#564=EDGE_CURVE('',#978,#975,#773,.T.);
#565=EDGE_CURVE('',#975,#976,#774,.T.);
#566=EDGE_CURVE('',#976,#977,#775,.T.);
#567=EDGE_CURVE('',#977,#978,#776,.T.);
#568=EDGE_CURVE('',#982,#979,#777,.T.);
#569=EDGE_CURVE('',#979,#980,#778,.T.);
#570=EDGE_CURVE('',#980,#981,#779,.T.);
#571=EDGE_CURVE('',#981,#982,#780,.T.);
#572=EDGE_CURVE('',#986,#983,#781,.T.);
#573=EDGE_CURVE('',#983,#984,#782,.T.);
#574=EDGE_CURVE('',#984,#985,#783,.T.);
#575=EDGE_CURVE('',#985,#986,#784,.T.);
#576=EDGE_CURVE('',#990,#987,#785,.T.);
#577=EDGE_CURVE('',#987,#988,#786,.T.);
#578=EDGE_CURVE('',#988,#989,#787,.T.);
#579=EDGE_CURVE('',#989,#990,#788,.T.);
#580=EDGE_CURVE('',#994,#991,#789,.T.);
#581=EDGE_CURVE('',#991,#992,#790,.T.);
#582=EDGE_CURVE('',#992,#993,#791,.T.);
#583=EDGE_CURVE('',#993,#994,#792,.T.);
#584=EDGE_CURVE('',#998,#995,#793,.T.);
#585=EDGE_CURVE('',#995,#996,#794,.T.);
#586=EDGE_CURVE('',#996,#997,#795,.T.);
#587=EDGE_CURVE('',#997,#998,#796,.T.);
#588=EDGE_CURVE('',#1002,#999,#797,.T.);
#589=EDGE_CURVE('',#999,#1000,#798,.T.);
#590=EDGE_CURVE('',#1000,#1001,#799,.T.);
#591=EDGE_CURVE('',#1001,#1002,#800,.T.);
#592=EDGE_CURVE('',#1006,#1003,#801,.T.);
#593=EDGE_CURVE('',#1003,#1004,#802,.T.);
#594=EDGE_CURVE('',#1004,#1005,#803,.T.);
#595=EDGE_CURVE('',#1005,#1006,#804,.T.);
#596=EDGE_CURVE('',#1007,#1003,#805,.T.);
#597=EDGE_CURVE('',#1008,#1007,#806,.T.);
#598=EDGE_CURVE('',#1004,#1008,#807,.T.);
#599=EDGE_CURVE('',#1007,#1009,#808,.T.);
#600=EDGE_CURVE('',#1009,#1010,#809,.T.);
#601=EDGE_CURVE('',#1010,#1008,#810,.T.);
#602=EDGE_CURVE('',#1039,#1011,#811,.T.);
#603=EDGE_CURVE('',#1011,#1012,#812,.T.);
#604=EDGE_CURVE('',#1012,#1007,#813,.T.);
#605=EDGE_CURVE('',#1003,#1013,#814,.T.);
#606=EDGE_CURVE('',#1013,#1014,#815,.T.);
#607=EDGE_CURVE('',#1014,#1015,#816,.T.);
#608=EDGE_CURVE('',#1015,#1016,#817,.T.);
#609=EDGE_CURVE('',#1016,#1017,#818,.T.);
#610=EDGE_CURVE('',#1017,#1018,#819,.T.);
#611=EDGE_CURVE('',#1018,#1019,#820,.T.);
#612=EDGE_CURVE('',#1019,#1020,#821,.T.);
#613=EDGE_CURVE('',#1020,#1021,#822,.T.);
#614=EDGE_CURVE('',#1021,#1022,#823,.T.);
#615=EDGE_CURVE('',#1022,#963,#824,.T.);
#616=EDGE_CURVE('',#962,#1023,#825,.T.);
#617=EDGE_CURVE('',#1023,#1024,#826,.T.);
#618=EDGE_CURVE('',#1024,#1025,#827,.T.);
#619=EDGE_CURVE('',#1025,#1026,#828,.T.);
#620=EDGE_CURVE('',#1026,#1027,#829,.T.);
#621=EDGE_CURVE('',#1027,#1028,#830,.T.);
#622=EDGE_CURVE('',#1028,#1029,#831,.T.);
#623=EDGE_CURVE('',#1029,#931,#832,.T.);
#624=EDGE_CURVE('',#928,#1030,#833,.T.);
#625=EDGE_CURVE('',#1030,#1031,#834,.T.);
#626=EDGE_CURVE('',#1031,#1032,#835,.T.);
#627=EDGE_CURVE('',#1032,#1033,#836,.T.);
#628=EDGE_CURVE('',#1033,#1034,#837,.T.);
#629=EDGE_CURVE('',#1034,#1035,#838,.T.);
#630=EDGE_CURVE('',#1035,#1036,#839,.T.);
#631=EDGE_CURVE('',#1036,#1037,#840,.T.);
#632=EDGE_CURVE('',#1037,#1038,#841,.T.);
#633=EDGE_CURVE('',#1038,#889,#842,.T.);
#634=EDGE_CURVE('',#885,#1039,#843,.T.);
#635=EDGE_CURVE('',#1068,#1040,#844,.T.);
#636=EDGE_CURVE('',#1040,#1041,#845,.T.);
#637=EDGE_CURVE('',#1041,#886,#846,.T.);
#638=EDGE_CURVE('',#890,#1042,#847,.T.);
#639=EDGE_CURVE('',#1042,#1043,#848,.T.);
#640=EDGE_CURVE('',#1043,#1044,#849,.T.);
#641=EDGE_CURVE('',#1044,#1045,#850,.T.);
#642=EDGE_CURVE('',#1045,#1046,#851,.T.);
#643=EDGE_CURVE('',#1046,#1047,#852,.T.);
#644=EDGE_CURVE('',#1047,#1048,#853,.T.);
#645=EDGE_CURVE('',#1048,#1049,#854,.T.);
#646=EDGE_CURVE('',#1049,#1050,#855,.T.);
#647=EDGE_CURVE('',#1050,#925,#856,.T.);
#648=EDGE_CURVE('',#932,#1051,#857,.T.);
#649=EDGE_CURVE('',#1051,#1052,#858,.T.);
#650=EDGE_CURVE('',#1052,#1053,#859,.T.);
#651=EDGE_CURVE('',#1053,#1054,#860,.T.);
#652=EDGE_CURVE('',#1054,#1055,#861,.T.);
#653=EDGE_CURVE('',#1055,#1056,#862,.T.);
#654=EDGE_CURVE('',#1056,#1057,#863,.T.);
#655=EDGE_CURVE('',#1057,#959,#864,.T.);
#656=EDGE_CURVE('',#964,#1058,#865,.T.);
#657=EDGE_CURVE('',#1058,#1059,#866,.T.);
#658=EDGE_CURVE('',#1059,#1060,#867,.T.);
#659=EDGE_CURVE('',#1060,#1061,#868,.T.);
#660=EDGE_CURVE('',#1061,#1062,#869,.T.);
#661=EDGE_CURVE('',#1062,#1063,#870,.T.);
#662=EDGE_CURVE('',#1063,#1064,#871,.T.);
#663=EDGE_CURVE('',#1064,#1065,#872,.T.);
#664=EDGE_CURVE('',#1065,#1066,#873,.T.);
#665=EDGE_CURVE('',#1066,#1067,#874,.T.);
#666=EDGE_CURVE('',#1067,#1004,#875,.T.);
#667=EDGE_CURVE('',#1008,#1068,#876,.T.);
#668=B_SPLINE_CURVE_WITH_KNOTS('',1,(#1372,#1373),.UNSPECIFIED.,.F.,.F.,(2,2),
(0.,1.),.UNSPECIFIED.);
#669=B_SPLINE_CURVE_WITH_KNOTS('',1,(#1374,#1375),.UNSPECIFIED.,.F.,.F.,(2,2),
(0.,1.),.UNSPECIFIED.);
#670=B_SPLINE_CURVE_WITH_KNOTS('',1,(#1376,#1377),.UNSPECIFIED.,.F.,.F.,(2,2),
(0.,1.),.UNSPECIFIED.);
#671=B_SPLINE_CURVE_WITH_KNOTS('',1,(#1378,#1379),.UNSPECIFIED.,.F.,.F.,(2,2),
(0.,1.),.UNSPECIFIED.);
#672=B_SPLINE_CURVE_WITH_KNOTS('',1,(#1380,#1381),.UNSPECIFIED.,.F.,.F.,(2,2),
(0.,1.),.UNSPECIFIED.);
#673=B_SPLINE_CURVE_WITH_KNOTS('',1,(#1382,#1383),.UNSPECIFIED.,.F.,.F.,(2,2),
(0.,1.),.UNSPECIFIED.);
#674=B_SPLINE_CURVE_WITH_KNOTS('',1,(#1384,#1385),.UNSPECIFIED.,.F.,.F.,(2,2),
(0.,1.),.UNSPECIFIED.);
#675=B_SPLINE_CURVE_WITH_KNOTS('',1,(#1386,#1387),.UNSPECIFIED.,.F.,.F.,(2,2),
(0.,1.),.UNSPECIFIED.);
#676=B_SPLINE_CURVE_WITH_KNOTS('',1,(#1388,#1389,#1390,#1391,#1392,#1393,#1394
,#1395,#1396,#1397,#1398,#1399,#1400,#1401,#1402,#1403,#1404,#1405,#1406,#1407
,#1408,#1409,#1410),.UNSPECIFIED.,.F.,.F.,(2,1,1,1,1,1,1,1,1,1,1,1,1,1,1,1,1,1
,1,1,1,1,2),(0.,0.0454545454545455,0.0909090909090909,0.136363636363636,
0.181818181818182,0.227272727272727,0.272727272727273,0.318181818181818,
0.363636363636364,0.409090909090909,0.454545454545455,0.5,0.545454545454545,
0.590909090909091,0.636363636363636,0.681818181818182,0.727272727272727,
0.772727272727273,0.818181818181818,0.863636363636364,0.909090909090909,
0.954545454545455,1.),.UNSPECIFIED.);
#677=B_SPLINE_CURVE_WITH_KNOTS('',1,(#1411,#1412),.UNSPECIFIED.,.F.,.F.,(2,2),
(0.,1.),.UNSPECIFIED.);
#678=B_SPLINE_CURVE_WITH_KNOTS('',1,(#1413,#1414,#1415,#1416,#1417,#1418,#1419
,#1420,#1421,#1422,#1423,#1424,#1425,#1426,#1427,#1428,#1429,#1430,#1431,#1432
,#1433,#1434,#1435),.UNSPECIFIED.,.F.,.F.,(2,1,1,1,1,1,1,1,1,1,1,1,1,1,1,1,1,1
,1,1,1,1,2),(0.,0.0454545454545455,0.0909090909090909,0.136363636363636,
0.181818181818182,0.227272727272727,0.272727272727273,0.318181818181818,
0.363636363636364,0.409090909090909,0.454545454545455,0.5,0.545454545454545,
0.590909090909091,0.636363636363636,0.681818181818182,0.727272727272727,
0.772727272727273,0.818181818181818,0.863636363636364,0.909090909090909,
0.954545454545455,1.),.UNSPECIFIED.);
#679=B_SPLINE_CURVE_WITH_KNOTS('',1,(#1436,#1437),.UNSPECIFIED.,.F.,.F.,(2,2),
(0.,1.),.UNSPECIFIED.);
#680=B_SPLINE_CURVE_WITH_KNOTS('',1,(#1438,#1439,#1440,#1441,#1442,#1443,#1444
,#1445,#1446,#1447,#1448,#1449,#1450,#1451,#1452,#1453,#1454,#1455,#1456,#1457
,#1458),.UNSPECIFIED.,.F.,.F.,(2,1,1,1,1,1,1,1,1,1,1,1,1,1,1,1,1,1,1,1,2),(0.,
1.,2.,3.,4.,5.,6.,7.,8.,9.,10.,11.,12.,13.,14.,15.,16.,17.,18.,19.,20.),
.UNSPECIFIED.);
#681=B_SPLINE_CURVE_WITH_KNOTS('',1,(#1459,#1460),.UNSPECIFIED.,.F.,.F.,(2,2),
(0.,1.),.UNSPECIFIED.);
#682=B_SPLINE_CURVE_WITH_KNOTS('',1,(#1461,#1462,#1463,#1464,#1465,#1466,#1467
,#1468,#1469,#1470,#1471,#1472,#1473,#1474,#1475,#1476,#1477,#1478,#1479,#1480
,#1481),.UNSPECIFIED.,.F.,.F.,(2,1,1,1,1,1,1,1,1,1,1,1,1,1,1,1,1,1,1,1,2),(0.,
1.,2.,3.,4.,5.,6.,7.,8.,9.,10.,11.,12.,13.,14.,15.,16.,17.,18.,19.,20.),
.UNSPECIFIED.);
#683=B_SPLINE_CURVE_WITH_KNOTS('',1,(#1482,#1483),.UNSPECIFIED.,.F.,.F.,(2,2),
(0.,1.),.UNSPECIFIED.);
#684=B_SPLINE_CURVE_WITH_KNOTS('',1,(#1484,#1485),.UNSPECIFIED.,.F.,.F.,(2,2),
(0.,1.),.UNSPECIFIED.);
#685=B_SPLINE_CURVE_WITH_KNOTS('',1,(#1486,#1487),.UNSPECIFIED.,.F.,.F.,(2,2),
(0.,1.),.UNSPECIFIED.);
#686=B_SPLINE_CURVE_WITH_KNOTS('',1,(#1488,#1489,#1490,#1491,#1492,#1493,#1494
,#1495,#1496,#1497,#1498,#1499,#1500,#1501,#1502,#1503,#1504,#1505,#1506,#1507
,#1508,#1509),.UNSPECIFIED.,.F.,.F.,(2,1,1,1,1,1,1,1,1,1,1,1,1,1,1,1,1,1,1,1,1
,2),(0.,0.0476190476190476,0.0952380952380952,0.142857142857143,
0.19047619047619,0.238095238095238,0.285714285714286,0.333333333333333,
0.380952380952381,0.428571428571429,0.476190476190476,0.523809523809524,
0.571428571428571,0.619047619047619,0.666666666666667,0.714285714285714,
0.761904761904762,0.80952380952381,0.857142857142857,0.904761904761905,
0.952380952380952,1.),.UNSPECIFIED.);
#687=B_SPLINE_CURVE_WITH_KNOTS('',1,(#1510,#1511),.UNSPECIFIED.,.F.,.F.,(2,2),
(0.,1.),.UNSPECIFIED.);
#688=B_SPLINE_CURVE_WITH_KNOTS('',1,(#1512,#1513,#1514,#1515,#1516,#1517,#1518
,#1519,#1520,#1521,#1522,#1523,#1524,#1525,#1526,#1527,#1528,#1529,#1530,#1531
,#1532,#1533),.UNSPECIFIED.,.F.,.F.,(2,1,1,1,1,1,1,1,1,1,1,1,1,1,1,1,1,1,1,1,1
,2),(0.,0.0476190476190476,0.0952380952380952,0.142857142857143,
0.19047619047619,0.238095238095238,0.285714285714286,0.333333333333333,
0.380952380952381,0.428571428571429,0.476190476190476,0.523809523809524,
0.571428571428571,0.619047619047619,0.666666666666667,0.714285714285714,
0.761904761904762,0.80952380952381,0.857142857142857,0.904761904761905,
0.952380952380952,1.),.UNSPECIFIED.);
#689=B_SPLINE_CURVE_WITH_KNOTS('',1,(#1534,#1535),.UNSPECIFIED.,.F.,.F.,(2,2),
(0.,1.),.UNSPECIFIED.);
#690=B_SPLINE_CURVE_WITH_KNOTS('',1,(#1536,#1537),.UNSPECIFIED.,.F.,.F.,(2,2),
(0.,1.),.UNSPECIFIED.);
#691=B_SPLINE_CURVE_WITH_KNOTS('',1,(#1538,#1539),.UNSPECIFIED.,.F.,.F.,(2,2),
(0.,1.),.UNSPECIFIED.);
#692=B_SPLINE_CURVE_WITH_KNOTS('',1,(#1540,#1541),.UNSPECIFIED.,.F.,.F.,(2,2),
(0.,1.),.UNSPECIFIED.);
#693=B_SPLINE_CURVE_WITH_KNOTS('',1,(#1542,#1543),.UNSPECIFIED.,.F.,.F.,(2,2),
(0.,1.),.UNSPECIFIED.);
#694=B_SPLINE_CURVE_WITH_KNOTS('',1,(#1544,#1545),.UNSPECIFIED.,.F.,.F.,(2,2),
(0.,1.),.UNSPECIFIED.);
#695=B_SPLINE_CURVE_WITH_KNOTS('',1,(#1546,#1547),.UNSPECIFIED.,.F.,.F.,(2,2),
(0.,1.),.UNSPECIFIED.);
#696=B_SPLINE_CURVE_WITH_KNOTS('',1,(#1548,#1549),.UNSPECIFIED.,.F.,.F.,(2,2),
(0.,1.),.UNSPECIFIED.);
#697=B_SPLINE_CURVE_WITH_KNOTS('',1,(#1550,#1551),.UNSPECIFIED.,.F.,.F.,(2,2),
(0.,1.),.UNSPECIFIED.);
#698=B_SPLINE_CURVE_WITH_KNOTS('',1,(#1552,#1553),.UNSPECIFIED.,.F.,.F.,(2,2),
(0.,1.),.UNSPECIFIED.);
#699=B_SPLINE_CURVE_WITH_KNOTS('',1,(#1554,#1555),.UNSPECIFIED.,.F.,.F.,(2,2),
(0.,1.),.UNSPECIFIED.);
#700=B_SPLINE_CURVE_WITH_KNOTS('',1,(#1556,#1557),.UNSPECIFIED.,.F.,.F.,(2,2),
(0.,1.),.UNSPECIFIED.);
#701=B_SPLINE_CURVE_WITH_KNOTS('',1,(#1558,#1559),.UNSPECIFIED.,.F.,.F.,(2,2),
(0.,1.),.UNSPECIFIED.);
#702=B_SPLINE_CURVE_WITH_KNOTS('',1,(#1560,#1561),.UNSPECIFIED.,.F.,.F.,(2,2),
(0.,1.),.UNSPECIFIED.);
#703=B_SPLINE_CURVE_WITH_KNOTS('',1,(#1562,#1563),.UNSPECIFIED.,.F.,.F.,(2,2),
(0.,1.),.UNSPECIFIED.);
#704=B_SPLINE_CURVE_WITH_KNOTS('',1,(#1564,#1565),.UNSPECIFIED.,.F.,.F.,(2,2),
(0.,1.),.UNSPECIFIED.);
#705=B_SPLINE_CURVE_WITH_KNOTS('',1,(#1566,#1567),.UNSPECIFIED.,.F.,.F.,(2,2),
(0.,1.),.UNSPECIFIED.);
#706=B_SPLINE_CURVE_WITH_KNOTS('',1,(#1568,#1569),.UNSPECIFIED.,.F.,.F.,(2,2),
(0.,1.),.UNSPECIFIED.);
#707=B_SPLINE_CURVE_WITH_KNOTS('',1,(#1570,#1571),.UNSPECIFIED.,.F.,.F.,(2,2),
(0.,1.),.UNSPECIFIED.);
#708=B_SPLINE_CURVE_WITH_KNOTS('',1,(#1572,#1573),.UNSPECIFIED.,.F.,.F.,(2,2),
(0.,1.),.UNSPECIFIED.);
#709=B_SPLINE_CURVE_WITH_KNOTS('',1,(#1574,#1575),.UNSPECIFIED.,.F.,.F.,(2,2),
(0.,1.),.UNSPECIFIED.);
#710=B_SPLINE_CURVE_WITH_KNOTS('',1,(#1576,#1577),.UNSPECIFIED.,.F.,.F.,(2,2),
(0.,1.),.UNSPECIFIED.);
#711=B_SPLINE_CURVE_WITH_KNOTS('',1,(#1578,#1579),.UNSPECIFIED.,.F.,.F.,(2,2),
(0.,1.),.UNSPECIFIED.);
#712=B_SPLINE_CURVE_WITH_KNOTS('',1,(#1580,#1581),.UNSPECIFIED.,.F.,.F.,(2,2),
(0.,1.),.UNSPECIFIED.);
#713=B_SPLINE_CURVE_WITH_KNOTS('',1,(#1582,#1583),.UNSPECIFIED.,.F.,.F.,(2,2),
(0.,1.),.UNSPECIFIED.);
#714=B_SPLINE_CURVE_WITH_KNOTS('',1,(#1584,#1585),.UNSPECIFIED.,.F.,.F.,(2,2),
(0.,1.),.UNSPECIFIED.);
#715=B_SPLINE_CURVE_WITH_KNOTS('',1,(#1586,#1587),.UNSPECIFIED.,.F.,.F.,(2,2),
(0.,1.),.UNSPECIFIED.);
#716=B_SPLINE_CURVE_WITH_KNOTS('',1,(#1588,#1589),.UNSPECIFIED.,.F.,.F.,(2,2),
(0.,1.),.UNSPECIFIED.);
#717=B_SPLINE_CURVE_WITH_KNOTS('',1,(#1590,#1591),.UNSPECIFIED.,.F.,.F.,(2,2),
(0.,1.),.UNSPECIFIED.);
#718=B_SPLINE_CURVE_WITH_KNOTS('',1,(#1592,#1593),.UNSPECIFIED.,.F.,.F.,(2,2),
(0.,1.),.UNSPECIFIED.);
#719=B_SPLINE_CURVE_WITH_KNOTS('',1,(#1594,#1595),.UNSPECIFIED.,.F.,.F.,(2,2),
(0.,1.),.UNSPECIFIED.);
#720=B_SPLINE_CURVE_WITH_KNOTS('',1,(#1596,#1597),.UNSPECIFIED.,.F.,.F.,(2,2),
(0.,1.),.UNSPECIFIED.);
#721=B_SPLINE_CURVE_WITH_KNOTS('',1,(#1598,#1599),.UNSPECIFIED.,.F.,.F.,(2,2),
(0.,1.),.UNSPECIFIED.);
#722=B_SPLINE_CURVE_WITH_KNOTS('',1,(#1600,#1601,#1602,#1603,#1604,#1605,#1606
,#1607,#1608,#1609,#1610,#1611,#1612,#1613,#1614,#1615,#1616,#1617,#1618,#1619
,#1620,#1621,#1622,#1623,#1624,#1625,#1626,#1627,#1628,#1629,#1630,#1631,#1632
,#1633,#1634,#1635,#1636,#1637,#1638,#1639,#1640,#1641,#1642,#1643,#1644,#1645
,#1646),.UNSPECIFIED.,.F.,.F.,(2,1,1,1,1,1,1,1,1,1,1,1,1,1,1,1,1,1,1,1,1,1,1,1
,1,1,1,1,1,1,1,1,1,1,1,1,1,1,1,1,1,1,1,1,1,1,2),(0.,1.,2.,3.,4.,5.,6.,7.,8.,9.
,10.,11.,12.,13.,14.,15.,16.,17.,18.,19.,20.,21.,22.,23.,24.,25.,26.,27.,28.,
29.,30.,31.,32.,33.,34.,35.,36.,37.,38.,39.,40.,41.,42.,43.,44.,45.,46.),
.UNSPECIFIED.);
#723=B_SPLINE_CURVE_WITH_KNOTS('',1,(#1647,#1648),.UNSPECIFIED.,.F.,.F.,(2,2),
(0.,1.),.UNSPECIFIED.);
#724=B_SPLINE_CURVE_WITH_KNOTS('',1,(#1649,#1650,#1651,#1652,#1653,#1654,#1655
,#1656,#1657,#1658,#1659,#1660,#1661,#1662,#1663,#1664,#1665,#1666,#1667,#1668
,#1669,#1670,#1671,#1672,#1673,#1674,#1675,#1676,#1677,#1678,#1679,#1680,#1681
,#1682,#1683,#1684,#1685,#1686,#1687,#1688,#1689,#1690,#1691,#1692,#1693,#1694
,#1695),.UNSPECIFIED.,.F.,.F.,(2,1,1,1,1,1,1,1,1,1,1,1,1,1,1,1,1,1,1,1,1,1,1,1
,1,1,1,1,1,1,1,1,1,1,1,1,1,1,1,1,1,1,1,1,1,1,2),(0.,1.,2.,3.,4.,5.,6.,7.,8.,9.
,10.,11.,12.,13.,14.,15.,16.,17.,18.,19.,20.,21.,22.,23.,24.,25.,26.,27.,28.,
29.,30.,31.,32.,33.,34.,35.,36.,37.,38.,39.,40.,41.,42.,43.,44.,45.,46.),
.UNSPECIFIED.);
#725=B_SPLINE_CURVE_WITH_KNOTS('',1,(#1696,#1697,#1698,#1699,#1700,#1701,#1702
,#1703,#1704,#1705,#1706,#1707,#1708,#1709,#1710,#1711,#1712),.UNSPECIFIED.,
.F.,.F.,(2,1,1,1,1,1,1,1,1,1,1,1,1,1,1,1,2),(0.,1.,2.,3.,4.,5.,6.,7.,8.,9.,10.
,11.,12.,13.,14.,15.,16.),.UNSPECIFIED.);
#726=B_SPLINE_CURVE_WITH_KNOTS('',1,(#1713,#1714),.UNSPECIFIED.,.F.,.F.,(2,2),
(0.,1.),.UNSPECIFIED.);
#727=B_SPLINE_CURVE_WITH_KNOTS('',1,(#1715,#1716,#1717,#1718,#1719,#1720,#1721
,#1722,#1723,#1724,#1725,#1726,#1727,#1728,#1729,#1730,#1731),.UNSPECIFIED.,
.F.,.F.,(2,1,1,1,1,1,1,1,1,1,1,1,1,1,1,1,2),(0.,1.,2.,3.,4.,5.,6.,7.,8.,9.,10.
,11.,12.,13.,14.,15.,16.),.UNSPECIFIED.);
#728=B_SPLINE_CURVE_WITH_KNOTS('',1,(#1732,#1733,#1734,#1735,#1736,#1737,#1738
,#1739,#1740,#1741,#1742,#1743),.UNSPECIFIED.,.F.,.F.,(2,1,1,1,1,1,1,1,1,1,1,2
),(0.,0.0909090909090909,0.181818181818182,0.272727272727273,0.363636363636364
,0.454545454545455,0.545454545454545,0.636363636363636,0.727272727272727,
0.818181818181818,0.909090909090909,1.),.UNSPECIFIED.);
#729=B_SPLINE_CURVE_WITH_KNOTS('',1,(#1744,#1745),.UNSPECIFIED.,.F.,.F.,(2,2),
(0.,1.),.UNSPECIFIED.);
#730=B_SPLINE_CURVE_WITH_KNOTS('',1,(#1746,#1747,#1748,#1749,#1750,#1751,#1752
,#1753,#1754,#1755,#1756,#1757),.UNSPECIFIED.,.F.,.F.,(2,1,1,1,1,1,1,1,1,1,1,2
),(0.,0.0909090909090909,0.181818181818182,0.272727272727273,0.363636363636364
,0.454545454545455,0.545454545454545,0.636363636363636,0.727272727272727,
0.818181818181818,0.909090909090909,1.),.UNSPECIFIED.);
#731=B_SPLINE_CURVE_WITH_KNOTS('',1,(#1758,#1759,#1760,#1761,#1762,#1763,#1764
,#1765,#1766,#1767,#1768,#1769,#1770,#1771,#1772,#1773),.UNSPECIFIED.,.F.,.F.,
(2,1,1,1,1,1,1,1,1,1,1,1,1,1,1,2),(0.,0.0666666666666667,0.133333333333333,0.2
,0.266666666666667,0.333333333333333,0.4,0.466666666666667,0.533333333333333,
0.6,0.666666666666667,0.733333333333333,0.8,0.866666666666667,
0.933333333333333,1.),.UNSPECIFIED.);
#732=B_SPLINE_CURVE_WITH_KNOTS('',1,(#1774,#1775),.UNSPECIFIED.,.F.,.F.,(2,2),
(0.,1.),.UNSPECIFIED.);
#733=B_SPLINE_CURVE_WITH_KNOTS('',1,(#1776,#1777,#1778,#1779,#1780,#1781,#1782
,#1783,#1784,#1785,#1786,#1787,#1788,#1789,#1790,#1791),.UNSPECIFIED.,.F.,.F.,
(2,1,1,1,1,1,1,1,1,1,1,1,1,1,1,2),(0.,0.0666666666666667,0.133333333333333,0.2
,0.266666666666667,0.333333333333333,0.4,0.466666666666667,0.533333333333333,
0.6,0.666666666666667,0.733333333333333,0.8,0.866666666666667,
0.933333333333333,1.),.UNSPECIFIED.);
#734=B_SPLINE_CURVE_WITH_KNOTS('',1,(#1792,#1793),.UNSPECIFIED.,.F.,.F.,(2,2),
(0.,1.),.UNSPECIFIED.);
#735=B_SPLINE_CURVE_WITH_KNOTS('',1,(#1794,#1795,#1796,#1797,#1798,#1799,#1800
,#1801,#1802,#1803,#1804,#1805,#1806,#1807),.UNSPECIFIED.,.F.,.F.,(2,1,1,1,1,1
,1,1,1,1,1,1,1,2),(0.,0.0769230769230769,0.153846153846154,0.230769230769231,
0.307692307692308,0.384615384615385,0.461538461538462,0.538461538461538,
0.615384615384615,0.692307692307692,0.769230769230769,0.846153846153846,
0.923076923076923,1.),.UNSPECIFIED.);
#736=B_SPLINE_CURVE_WITH_KNOTS('',1,(#1808,#1809),.UNSPECIFIED.,.F.,.F.,(2,2),
(0.,1.),.UNSPECIFIED.);
#737=B_SPLINE_CURVE_WITH_KNOTS('',1,(#1810,#1811,#1812,#1813,#1814,#1815,#1816
,#1817,#1818,#1819,#1820,#1821,#1822,#1823),.UNSPECIFIED.,.F.,.F.,(2,1,1,1,1,1
,1,1,1,1,1,1,1,2),(0.,0.0769230769230769,0.153846153846154,0.230769230769231,
0.307692307692308,0.384615384615385,0.461538461538462,0.538461538461538,
0.615384615384615,0.692307692307692,0.769230769230769,0.846153846153846,
0.923076923076923,1.),.UNSPECIFIED.);
#738=B_SPLINE_CURVE_WITH_KNOTS('',1,(#1824,#1825),.UNSPECIFIED.,.F.,.F.,(2,2),
(0.,1.),.UNSPECIFIED.);
#739=B_SPLINE_CURVE_WITH_KNOTS('',1,(#1826,#1827,#1828,#1829,#1830,#1831,#1832
,#1833,#1834,#1835,#1836,#1837),.UNSPECIFIED.,.F.,.F.,(2,1,1,1,1,1,1,1,1,1,1,2
),(0.,0.0909090909090909,0.181818181818182,0.272727272727273,0.363636363636364
,0.454545454545455,0.545454545454545,0.636363636363636,0.727272727272727,
0.818181818181818,0.909090909090909,1.),.UNSPECIFIED.);
#740=B_SPLINE_CURVE_WITH_KNOTS('',1,(#1838,#1839),.UNSPECIFIED.,.F.,.F.,(2,2),
(0.,1.),.UNSPECIFIED.);
#741=B_SPLINE_CURVE_WITH_KNOTS('',1,(#1840,#1841,#1842,#1843,#1844,#1845,#1846
,#1847,#1848,#1849,#1850,#1851),.UNSPECIFIED.,.F.,.F.,(2,1,1,1,1,1,1,1,1,1,1,2
),(0.,0.0909090909090909,0.181818181818182,0.272727272727273,0.363636363636364
,0.454545454545455,0.545454545454545,0.636363636363636,0.727272727272727,
0.818181818181818,0.909090909090909,1.),.UNSPECIFIED.);
#742=B_SPLINE_CURVE_WITH_KNOTS('',1,(#1852,#1853),.UNSPECIFIED.,.F.,.F.,(2,2),
(0.,1.),.UNSPECIFIED.);
#743=B_SPLINE_CURVE_WITH_KNOTS('',1,(#1854,#1855),.UNSPECIFIED.,.F.,.F.,(2,2),
(0.,1.),.UNSPECIFIED.);
#744=B_SPLINE_CURVE_WITH_KNOTS('',1,(#1856,#1857),.UNSPECIFIED.,.F.,.F.,(2,2),
(0.,1.),.UNSPECIFIED.);
#745=B_SPLINE_CURVE_WITH_KNOTS('',1,(#1858,#1859),.UNSPECIFIED.,.F.,.F.,(2,2),
(0.,1.),.UNSPECIFIED.);
#746=B_SPLINE_CURVE_WITH_KNOTS('',1,(#1860,#1861),.UNSPECIFIED.,.F.,.F.,(2,2),
(0.,1.),.UNSPECIFIED.);
#747=B_SPLINE_CURVE_WITH_KNOTS('',1,(#1862,#1863),.UNSPECIFIED.,.F.,.F.,(2,2),
(0.,1.),.UNSPECIFIED.);
#748=B_SPLINE_CURVE_WITH_KNOTS('',1,(#1864,#1865),.UNSPECIFIED.,.F.,.F.,(2,2),
(0.,1.),.UNSPECIFIED.);
#749=B_SPLINE_CURVE_WITH_KNOTS('',1,(#1866,#1867),.UNSPECIFIED.,.F.,.F.,(2,2),
(0.,1.),.UNSPECIFIED.);
#750=B_SPLINE_CURVE_WITH_KNOTS('',1,(#1868,#1869),.UNSPECIFIED.,.F.,.F.,(2,2),
(0.,1.),.UNSPECIFIED.);
#751=B_SPLINE_CURVE_WITH_KNOTS('',1,(#1870,#1871),.UNSPECIFIED.,.F.,.F.,(2,2),
(0.,1.),.UNSPECIFIED.);
#752=B_SPLINE_CURVE_WITH_KNOTS('',1,(#1872,#1873),.UNSPECIFIED.,.F.,.F.,(2,2),
(0.,1.),.UNSPECIFIED.);
#753=B_SPLINE_CURVE_WITH_KNOTS('',1,(#1874,#1875),.UNSPECIFIED.,.F.,.F.,(2,2),
(0.,1.),.UNSPECIFIED.);
#754=B_SPLINE_CURVE_WITH_KNOTS('',1,(#1876,#1877),.UNSPECIFIED.,.F.,.F.,(2,2),
(0.,1.),.UNSPECIFIED.);
#755=B_SPLINE_CURVE_WITH_KNOTS('',1,(#1878,#1879),.UNSPECIFIED.,.F.,.F.,(2,2),
(0.,1.),.UNSPECIFIED.);
#756=B_SPLINE_CURVE_WITH_KNOTS('',1,(#1880,#1881),.UNSPECIFIED.,.F.,.F.,(2,2),
(0.,1.),.UNSPECIFIED.);
#757=B_SPLINE_CURVE_WITH_KNOTS('',1,(#1882,#1883),.UNSPECIFIED.,.F.,.F.,(2,2),
(0.,1.),.UNSPECIFIED.);
#758=B_SPLINE_CURVE_WITH_KNOTS('',1,(#1884,#1885),.UNSPECIFIED.,.F.,.F.,(2,2),
(0.,1.),.UNSPECIFIED.);
#759=B_SPLINE_CURVE_WITH_KNOTS('',1,(#1886,#1887,#1888,#1889,#1890,#1891,#1892
,#1893,#1894,#1895,#1896,#1897,#1898,#1899,#1900,#1901,#1902,#1903,#1904,#1905
,#1906,#1907,#1908,#1909,#1910,#1911,#1912,#1913,#1914,#1915,#1916,#1917,#1918
,#1919,#1920,#1921,#1922,#1923,#1924,#1925,#1926,#1927,#1928,#1929,#1930,#1931
,#1932,#1933,#1934,#1935,#1936,#1937,#1938,#1939,#1940,#1941,#1942,#1943,#1944
,#1945,#1946,#1947,#1948,#1949,#1950,#1951,#1952,#1953,#1954,#1955,#1956,#1957
,#1958,#1959,#1960,#1961,#1962,#1963,#1964,#1965,#1966,#1967,#1968,#1969,#1970
,#1971,#1972,#1973,#1974,#1975,#1976,#1977,#1978,#1979,#1980,#1981,#1982,#1983
,#1984,#1985,#1986,#1987,#1988,#1989,#1990,#1991,#1992,#1993,#1994,#1995,#1996
,#1997,#1998,#1999,#2000),.UNSPECIFIED.,.F.,.F.,(2,1,1,1,1,1,1,1,1,1,1,1,1,1,1
,1,1,1,1,1,1,1,1,1,1,1,1,1,1,1,1,1,1,1,1,1,1,1,1,1,1,1,1,1,1,1,1,1,1,1,1,1,1,1
,1,1,1,1,1,1,1,1,1,1,1,1,1,1,1,1,1,1,1,1,1,1,1,1,1,1,1,1,1,1,1,1,1,1,1,1,1,1,1
,1,1,1,1,1,1,1,1,1,1,1,1,1,1,1,1,1,1,1,1,1,2),(0.,1.,2.,3.,4.,5.,6.,7.,8.,9.,
10.,11.,12.,13.,14.,15.,16.,17.,18.,19.,20.,21.,22.,23.,24.,25.,26.,27.,28.,
29.,30.,31.,32.,33.,34.,35.,36.,37.,38.,39.,40.,41.,42.,43.,44.,45.,46.,47.,
48.,49.,50.,51.,52.,53.,54.,55.,56.,57.,58.,59.,60.,61.,62.,63.,64.,65.,66.,
67.,68.,69.,70.,71.,72.,73.,74.,75.,76.,77.,78.,79.,80.,81.,82.,83.,84.,85.,
86.,87.,88.,89.,90.,91.,92.,93.,94.,95.,96.,97.,98.,99.,100.,101.,102.,103.,
104.,105.,106.,107.,108.,109.,110.,111.,112.,113.,114.),.UNSPECIFIED.);
#760=B_SPLINE_CURVE_WITH_KNOTS('',1,(#2001,#2002),.UNSPECIFIED.,.F.,.F.,(2,2),
(0.,1.),.UNSPECIFIED.);
#761=B_SPLINE_CURVE_WITH_KNOTS('',1,(#2003,#2004,#2005,#2006,#2007,#2008,#2009
,#2010,#2011,#2012,#2013,#2014,#2015,#2016,#2017,#2018,#2019,#2020,#2021,#2022
,#2023,#2024,#2025,#2026,#2027,#2028,#2029,#2030,#2031,#2032,#2033,#2034,#2035
,#2036,#2037,#2038,#2039,#2040,#2041,#2042,#2043,#2044,#2045,#2046,#2047,#2048
,#2049,#2050,#2051,#2052,#2053,#2054,#2055,#2056,#2057,#2058,#2059,#2060,#2061
,#2062,#2063,#2064,#2065,#2066,#2067,#2068,#2069,#2070,#2071,#2072,#2073,#2074
,#2075,#2076,#2077,#2078,#2079,#2080,#2081,#2082,#2083,#2084,#2085,#2086,#2087
,#2088,#2089,#2090,#2091,#2092,#2093,#2094,#2095,#2096,#2097,#2098,#2099,#2100
,#2101,#2102,#2103,#2104,#2105,#2106,#2107,#2108,#2109,#2110,#2111,#2112,#2113
,#2114,#2115,#2116,#2117),.UNSPECIFIED.,.F.,.F.,(2,1,1,1,1,1,1,1,1,1,1,1,1,1,1
,1,1,1,1,1,1,1,1,1,1,1,1,1,1,1,1,1,1,1,1,1,1,1,1,1,1,1,1,1,1,1,1,1,1,1,1,1,1,1
,1,1,1,1,1,1,1,1,1,1,1,1,1,1,1,1,1,1,1,1,1,1,1,1,1,1,1,1,1,1,1,1,1,1,1,1,1,1,1
,1,1,1,1,1,1,1,1,1,1,1,1,1,1,1,1,1,1,1,1,1,2),(0.,1.,2.,3.,4.,5.,6.,7.,8.,9.,
10.,11.,12.,13.,14.,15.,16.,17.,18.,19.,20.,21.,22.,23.,24.,25.,26.,27.,28.,
29.,30.,31.,32.,33.,34.,35.,36.,37.,38.,39.,40.,41.,42.,43.,44.,45.,46.,47.,
48.,49.,50.,51.,52.,53.,54.,55.,56.,57.,58.,59.,60.,61.,62.,63.,64.,65.,66.,
67.,68.,69.,70.,71.,72.,73.,74.,75.,76.,77.,78.,79.,80.,81.,82.,83.,84.,85.,
86.,87.,88.,89.,90.,91.,92.,93.,94.,95.,96.,97.,98.,99.,100.,101.,102.,103.,
104.,105.,106.,107.,108.,109.,110.,111.,112.,113.,114.),.UNSPECIFIED.);
#762=B_SPLINE_CURVE_WITH_KNOTS('',1,(#2118,#2119),.UNSPECIFIED.,.F.,.F.,(2,2),
(0.,1.),.UNSPECIFIED.);
#763=B_SPLINE_CURVE_WITH_KNOTS('',1,(#2120,#2121),.UNSPECIFIED.,.F.,.F.,(2,2),
(0.,1.),.UNSPECIFIED.);
#764=B_SPLINE_CURVE_WITH_KNOTS('',1,(#2122,#2123),.UNSPECIFIED.,.F.,.F.,(2,2),
(0.,1.),.UNSPECIFIED.);
#765=B_SPLINE_CURVE_WITH_KNOTS('',1,(#2124,#2125),.UNSPECIFIED.,.F.,.F.,(2,2),
(0.,1.),.UNSPECIFIED.);
#766=B_SPLINE_CURVE_WITH_KNOTS('',1,(#2126,#2127),.UNSPECIFIED.,.F.,.F.,(2,2),
(0.,1.),.UNSPECIFIED.);
#767=B_SPLINE_CURVE_WITH_KNOTS('',1,(#2128,#2129),.UNSPECIFIED.,.F.,.F.,(2,2),
(0.,1.),.UNSPECIFIED.);
#768=B_SPLINE_CURVE_WITH_KNOTS('',1,(#2130,#2131),.UNSPECIFIED.,.F.,.F.,(2,2),
(0.,1.),.UNSPECIFIED.);
#769=B_SPLINE_CURVE_WITH_KNOTS('',1,(#2132,#2133),.UNSPECIFIED.,.F.,.F.,(2,2),
(0.,1.),.UNSPECIFIED.);
#770=B_SPLINE_CURVE_WITH_KNOTS('',1,(#2134,#2135),.UNSPECIFIED.,.F.,.F.,(2,2),
(0.,1.),.UNSPECIFIED.);
#771=B_SPLINE_CURVE_WITH_KNOTS('',1,(#2136,#2137),.UNSPECIFIED.,.F.,.F.,(2,2),
(0.,1.),.UNSPECIFIED.);
#772=B_SPLINE_CURVE_WITH_KNOTS('',1,(#2138,#2139),.UNSPECIFIED.,.F.,.F.,(2,2),
(0.,1.),.UNSPECIFIED.);
#773=B_SPLINE_CURVE_WITH_KNOTS('',1,(#2140,#2141),.UNSPECIFIED.,.F.,.F.,(2,2),
(0.,1.),.UNSPECIFIED.);
#774=B_SPLINE_CURVE_WITH_KNOTS('',1,(#2142,#2143),.UNSPECIFIED.,.F.,.F.,(2,2),
(0.,1.),.UNSPECIFIED.);
#775=B_SPLINE_CURVE_WITH_KNOTS('',1,(#2144,#2145),.UNSPECIFIED.,.F.,.F.,(2,2),
(0.,1.),.UNSPECIFIED.);
#776=B_SPLINE_CURVE_WITH_KNOTS('',1,(#2146,#2147),.UNSPECIFIED.,.F.,.F.,(2,2),
(0.,1.),.UNSPECIFIED.);
#777=B_SPLINE_CURVE_WITH_KNOTS('',1,(#2148,#2149),.UNSPECIFIED.,.F.,.F.,(2,2),
(0.,1.),.UNSPECIFIED.);
#778=B_SPLINE_CURVE_WITH_KNOTS('',1,(#2150,#2151),.UNSPECIFIED.,.F.,.F.,(2,2),
(0.,1.),.UNSPECIFIED.);
#779=B_SPLINE_CURVE_WITH_KNOTS('',1,(#2152,#2153),.UNSPECIFIED.,.F.,.F.,(2,2),
(0.,1.),.UNSPECIFIED.);
#780=B_SPLINE_CURVE_WITH_KNOTS('',1,(#2154,#2155),.UNSPECIFIED.,.F.,.F.,(2,2),
(0.,1.),.UNSPECIFIED.);
#781=B_SPLINE_CURVE_WITH_KNOTS('',1,(#2156,#2157),.UNSPECIFIED.,.F.,.F.,(2,2),
(0.,1.),.UNSPECIFIED.);
#782=B_SPLINE_CURVE_WITH_KNOTS('',1,(#2158,#2159),.UNSPECIFIED.,.F.,.F.,(2,2),
(0.,1.),.UNSPECIFIED.);
#783=B_SPLINE_CURVE_WITH_KNOTS('',1,(#2160,#2161),.UNSPECIFIED.,.F.,.F.,(2,2),
(0.,1.),.UNSPECIFIED.);
#784=B_SPLINE_CURVE_WITH_KNOTS('',1,(#2162,#2163),.UNSPECIFIED.,.F.,.F.,(2,2),
(0.,1.),.UNSPECIFIED.);
#785=B_SPLINE_CURVE_WITH_KNOTS('',1,(#2164,#2165,#2166,#2167,#2168,#2169,#2170
,#2171,#2172,#2173,#2174,#2175,#2176,#2177,#2178,#2179,#2180,#2181,#2182,#2183
,#2184,#2185,#2186),.UNSPECIFIED.,.F.,.F.,(2,1,1,1,1,1,1,1,1,1,1,1,1,1,1,1,1,1
,1,1,1,1,2),(0.,0.0454545454545455,0.0909090909090909,0.136363636363636,
0.181818181818182,0.227272727272727,0.272727272727273,0.318181818181818,
0.363636363636364,0.409090909090909,0.454545454545455,0.5,0.545454545454545,
0.590909090909091,0.636363636363636,0.681818181818182,0.727272727272727,
0.772727272727273,0.818181818181818,0.863636363636364,0.909090909090909,
0.954545454545455,1.),.UNSPECIFIED.);
#786=B_SPLINE_CURVE_WITH_KNOTS('',1,(#2187,#2188),.UNSPECIFIED.,.F.,.F.,(2,2),
(0.,1.),.UNSPECIFIED.);
#787=B_SPLINE_CURVE_WITH_KNOTS('',1,(#2189,#2190,#2191,#2192,#2193,#2194,#2195
,#2196,#2197,#2198,#2199,#2200,#2201,#2202,#2203,#2204,#2205,#2206,#2207,#2208
,#2209,#2210,#2211),.UNSPECIFIED.,.F.,.F.,(2,1,1,1,1,1,1,1,1,1,1,1,1,1,1,1,1,1
,1,1,1,1,2),(0.,0.0454545454545455,0.0909090909090909,0.136363636363636,
0.181818181818182,0.227272727272727,0.272727272727273,0.318181818181818,
0.363636363636364,0.409090909090909,0.454545454545455,0.5,0.545454545454545,
0.590909090909091,0.636363636363636,0.681818181818182,0.727272727272727,
0.772727272727273,0.818181818181818,0.863636363636364,0.909090909090909,
0.954545454545455,1.),.UNSPECIFIED.);
#788=B_SPLINE_CURVE_WITH_KNOTS('',1,(#2212,#2213),.UNSPECIFIED.,.F.,.F.,(2,2),
(0.,1.),.UNSPECIFIED.);
#789=B_SPLINE_CURVE_WITH_KNOTS('',1,(#2214,#2215),.UNSPECIFIED.,.F.,.F.,(2,2),
(0.,1.),.UNSPECIFIED.);
#790=B_SPLINE_CURVE_WITH_KNOTS('',1,(#2216,#2217),.UNSPECIFIED.,.F.,.F.,(2,2),
(0.,1.),.UNSPECIFIED.);
#791=B_SPLINE_CURVE_WITH_KNOTS('',1,(#2218,#2219),.UNSPECIFIED.,.F.,.F.,(2,2),
(0.,1.),.UNSPECIFIED.);
#792=B_SPLINE_CURVE_WITH_KNOTS('',1,(#2220,#2221),.UNSPECIFIED.,.F.,.F.,(2,2),
(0.,1.),.UNSPECIFIED.);
#793=B_SPLINE_CURVE_WITH_KNOTS('',1,(#2222,#2223,#2224,#2225,#2226,#2227,#2228
,#2229,#2230,#2231,#2232,#2233,#2234,#2235,#2236,#2237,#2238,#2239,#2240,#2241
,#2242,#2243,#2244,#2245,#2246,#2247,#2248,#2249,#2250,#2251,#2252,#2253,#2254
,#2255,#2256,#2257,#2258,#2259,#2260,#2261,#2262,#2263,#2264,#2265,#2266,#2267
,#2268,#2269,#2270,#2271,#2272,#2273,#2274,#2275,#2276,#2277,#2278,#2279,#2280
,#2281,#2282,#2283,#2284,#2285,#2286,#2287,#2288,#2289,#2290,#2291,#2292,#2293
,#2294,#2295,#2296,#2297,#2298,#2299,#2300,#2301,#2302,#2303,#2304),
.UNSPECIFIED.,.F.,.F.,(2,1,1,1,1,1,1,1,1,1,1,1,1,1,1,1,1,1,1,1,1,1,1,1,1,1,1,1
,1,1,1,1,1,1,1,1,1,1,1,1,1,1,1,1,1,1,1,1,1,1,1,1,1,1,1,1,1,1,1,1,1,1,1,1,1,1,1
,1,1,1,1,1,1,1,1,1,1,1,1,1,1,1,2),(0.,0.0121951219512195,0.024390243902439,
0.0365853658536585,0.0487804878048781,0.0609756097560976,0.0731707317073171,
0.0853658536585366,0.0975609756097561,0.109756097560976,0.121951219512195,
0.134146341463415,0.146341463414634,0.158536585365854,0.170731707317073,
0.182926829268293,0.195121951219512,0.207317073170732,0.219512195121951,
0.231707317073171,0.24390243902439,0.25609756097561,0.268292682926829,
0.280487804878049,0.292682926829268,0.304878048780488,0.317073170731707,
0.329268292682927,0.341463414634146,0.353658536585366,0.365853658536585,
0.378048780487805,0.390243902439024,0.402439024390244,0.414634146341463,
0.426829268292683,0.439024390243902,0.451219512195122,0.463414634146341,
0.475609756097561,0.48780487804878,0.5,0.51219512195122,0.524390243902439,
0.536585365853659,0.548780487804878,0.560975609756098,0.573170731707317,
0.585365853658537,0.597560975609756,0.609756097560976,0.621951219512195,
0.634146341463415,0.646341463414634,0.658536585365854,0.670731707317073,
0.682926829268293,0.695121951219512,0.707317073170732,0.719512195121951,
0.731707317073171,0.74390243902439,0.75609756097561,0.768292682926829,
0.780487804878049,0.792682926829268,0.804878048780488,0.817073170731707,
0.829268292682927,0.841463414634146,0.853658536585366,0.865853658536585,
0.878048780487805,0.890243902439024,0.902439024390244,0.914634146341463,
0.926829268292683,0.939024390243902,0.951219512195122,0.963414634146341,
0.975609756097561,0.98780487804878,1.),.UNSPECIFIED.);
#794=B_SPLINE_CURVE_WITH_KNOTS('',1,(#2305,#2306),.UNSPECIFIED.,.F.,.F.,(2,2),
(0.,1.),.UNSPECIFIED.);
#795=B_SPLINE_CURVE_WITH_KNOTS('',1,(#2307,#2308,#2309,#2310,#2311,#2312,#2313
,#2314,#2315,#2316,#2317,#2318,#2319,#2320,#2321,#2322,#2323,#2324,#2325,#2326
,#2327,#2328,#2329,#2330,#2331,#2332,#2333,#2334,#2335,#2336,#2337,#2338,#2339
,#2340,#2341,#2342,#2343,#2344,#2345,#2346,#2347,#2348,#2349,#2350,#2351,#2352
,#2353,#2354,#2355,#2356,#2357,#2358,#2359,#2360,#2361,#2362,#2363,#2364,#2365
,#2366,#2367,#2368,#2369,#2370,#2371,#2372,#2373,#2374,#2375,#2376,#2377,#2378
,#2379,#2380,#2381,#2382,#2383,#2384,#2385,#2386,#2387,#2388,#2389),
.UNSPECIFIED.,.F.,.F.,(2,1,1,1,1,1,1,1,1,1,1,1,1,1,1,1,1,1,1,1,1,1,1,1,1,1,1,1
,1,1,1,1,1,1,1,1,1,1,1,1,1,1,1,1,1,1,1,1,1,1,1,1,1,1,1,1,1,1,1,1,1,1,1,1,1,1,1
,1,1,1,1,1,1,1,1,1,1,1,1,1,1,1,2),(0.,0.0121951219512195,0.024390243902439,
0.0365853658536585,0.0487804878048781,0.0609756097560976,0.0731707317073171,
0.0853658536585366,0.0975609756097561,0.109756097560976,0.121951219512195,
0.134146341463415,0.146341463414634,0.158536585365854,0.170731707317073,
0.182926829268293,0.195121951219512,0.207317073170732,0.219512195121951,
0.231707317073171,0.24390243902439,0.25609756097561,0.268292682926829,
0.280487804878049,0.292682926829268,0.304878048780488,0.317073170731707,
0.329268292682927,0.341463414634146,0.353658536585366,0.365853658536585,
0.378048780487805,0.390243902439024,0.402439024390244,0.414634146341463,
0.426829268292683,0.439024390243902,0.451219512195122,0.463414634146341,
0.475609756097561,0.48780487804878,0.5,0.51219512195122,0.524390243902439,
0.536585365853659,0.548780487804878,0.560975609756098,0.573170731707317,
0.585365853658537,0.597560975609756,0.609756097560976,0.621951219512195,
0.634146341463415,0.646341463414634,0.658536585365854,0.670731707317073,
0.682926829268293,0.695121951219512,0.707317073170732,0.719512195121951,
0.731707317073171,0.74390243902439,0.75609756097561,0.768292682926829,
0.780487804878049,0.792682926829268,0.804878048780488,0.817073170731707,
0.829268292682927,0.841463414634146,0.853658536585366,0.865853658536585,
0.878048780487805,0.890243902439024,0.902439024390244,0.914634146341463,
0.926829268292683,0.939024390243902,0.951219512195122,0.963414634146341,
0.975609756097561,0.98780487804878,1.),.UNSPECIFIED.);
#796=B_SPLINE_CURVE_WITH_KNOTS('',1,(#2390,#2391),.UNSPECIFIED.,.F.,.F.,(2,2),
(0.,1.),.UNSPECIFIED.);
#797=B_SPLINE_CURVE_WITH_KNOTS('',1,(#2392,#2393),.UNSPECIFIED.,.F.,.F.,(2,2),
(0.,1.),.UNSPECIFIED.);
#798=B_SPLINE_CURVE_WITH_KNOTS('',1,(#2394,#2395),.UNSPECIFIED.,.F.,.F.,(2,2),
(0.,1.),.UNSPECIFIED.);
#799=B_SPLINE_CURVE_WITH_KNOTS('',1,(#2396,#2397),.UNSPECIFIED.,.F.,.F.,(2,2),
(0.,1.),.UNSPECIFIED.);
#800=B_SPLINE_CURVE_WITH_KNOTS('',1,(#2398,#2399),.UNSPECIFIED.,.F.,.F.,(2,2),
(0.,1.),.UNSPECIFIED.);
#801=B_SPLINE_CURVE_WITH_KNOTS('',1,(#2400,#2401,#2402,#2403,#2404,#2405,#2406
,#2407,#2408,#2409,#2410,#2411,#2412,#2413,#2414,#2415,#2416,#2417,#2418,#2419
,#2420,#2421,#2422,#2423,#2424,#2425),.UNSPECIFIED.,.F.,.F.,(2,1,1,1,1,1,1,1,1
,1,1,1,1,1,1,1,1,1,1,1,1,1,1,1,1,2),(0.,0.04,0.08,0.12,0.16,0.2,0.24,0.28,0.32
,0.36,0.4,0.44,0.48,0.52,0.56,0.6,0.64,0.68,0.72,0.76,0.8,0.84,0.88,0.92,0.96,
1.),.UNSPECIFIED.);
#802=B_SPLINE_CURVE_WITH_KNOTS('',1,(#2426,#2427),.UNSPECIFIED.,.F.,.F.,(2,2),
(0.,1.),.UNSPECIFIED.);
#803=B_SPLINE_CURVE_WITH_KNOTS('',1,(#2428,#2429,#2430,#2431,#2432,#2433,#2434
,#2435,#2436,#2437,#2438,#2439,#2440,#2441,#2442,#2443,#2444,#2445,#2446,#2447
,#2448,#2449,#2450,#2451,#2452,#2453),.UNSPECIFIED.,.F.,.F.,(2,1,1,1,1,1,1,1,1
,1,1,1,1,1,1,1,1,1,1,1,1,1,1,1,1,2),(0.,0.04,0.08,0.12,0.16,0.2,0.24,0.28,0.32
,0.36,0.4,0.44,0.48,0.52,0.56,0.6,0.64,0.68,0.72,0.76,0.8,0.84,0.88,0.92,0.96,
1.),.UNSPECIFIED.);
#804=B_SPLINE_CURVE_WITH_KNOTS('',1,(#2454,#2455),.UNSPECIFIED.,.F.,.F.,(2,2),
(0.,1.),.UNSPECIFIED.);
#805=B_SPLINE_CURVE_WITH_KNOTS('',1,(#2456,#2457,#2458,#2459,#2460,#2461,#2462
,#2463,#2464,#2465,#2466,#2467,#2468,#2469,#2470,#2471,#2472,#2473,#2474,#2475
,#2476,#2477,#2478,#2479,#2480,#2481,#2482,#2483,#2484,#2485,#2486,#2487,#2488
,#2489,#2490,#2491,#2492,#2493,#2494,#2495,#2496,#2497,#2498,#2499,#2500,#2501
,#2502),.UNSPECIFIED.,.F.,.F.,(2,1,1,1,1,1,1,1,1,1,1,1,1,1,1,1,1,1,1,1,1,1,1,1
,1,1,1,1,1,1,1,1,1,1,1,1,1,1,1,1,1,1,1,1,1,1,2),(0.,1.,2.,3.,4.,5.,6.,7.,8.,9.
,10.,11.,12.,13.,14.,15.,16.,17.,18.,19.,20.,21.,22.,23.,24.,25.,26.,27.,28.,
29.,30.,31.,32.,33.,34.,35.,36.,37.,38.,39.,40.,41.,42.,43.,44.,45.,46.),
.UNSPECIFIED.);
#806=B_SPLINE_CURVE_WITH_KNOTS('',1,(#2503,#2504),.UNSPECIFIED.,.F.,.F.,(2,2),
(0.,1.),.UNSPECIFIED.);
#807=B_SPLINE_CURVE_WITH_KNOTS('',1,(#2505,#2506,#2507,#2508,#2509,#2510,#2511
,#2512,#2513,#2514,#2515,#2516,#2517,#2518,#2519,#2520,#2521,#2522,#2523,#2524
,#2525,#2526,#2527,#2528,#2529,#2530,#2531,#2532,#2533,#2534,#2535,#2536,#2537
,#2538,#2539,#2540,#2541,#2542,#2543,#2544,#2545,#2546,#2547,#2548,#2549,#2550
,#2551),.UNSPECIFIED.,.F.,.F.,(2,1,1,1,1,1,1,1,1,1,1,1,1,1,1,1,1,1,1,1,1,1,1,1
,1,1,1,1,1,1,1,1,1,1,1,1,1,1,1,1,1,1,1,1,1,1,2),(0.,1.,2.,3.,4.,5.,6.,7.,8.,9.
,10.,11.,12.,13.,14.,15.,16.,17.,18.,19.,20.,21.,22.,23.,24.,25.,26.,27.,28.,
29.,30.,31.,32.,33.,34.,35.,36.,37.,38.,39.,40.,41.,42.,43.,44.,45.,46.),
.UNSPECIFIED.);
#808=B_SPLINE_CURVE_WITH_KNOTS('',1,(#2552,#2553,#2554,#2555,#2556,#2557,#2558
,#2559,#2560,#2561,#2562,#2563,#2564,#2565,#2566,#2567,#2568,#2569,#2570),
.UNSPECIFIED.,.F.,.F.,(2,1,1,1,1,1,1,1,1,1,1,1,1,1,1,1,1,1,2),(0.,
0.0555555555555556,0.111111111111111,0.166666666666667,0.222222222222222,
0.277777777777778,0.333333333333333,0.388888888888889,0.444444444444444,0.5,
0.555555555555556,0.611111111111111,0.666666666666667,0.722222222222222,
0.777777777777778,0.833333333333333,0.888888888888889,0.944444444444444,1.),
.UNSPECIFIED.);
#809=B_SPLINE_CURVE_WITH_KNOTS('',1,(#2571,#2572),.UNSPECIFIED.,.F.,.F.,(2,2),
(0.,1.),.UNSPECIFIED.);
#810=B_SPLINE_CURVE_WITH_KNOTS('',1,(#2573,#2574,#2575,#2576,#2577,#2578,#2579
,#2580,#2581,#2582,#2583,#2584,#2585,#2586,#2587,#2588,#2589,#2590,#2591),
.UNSPECIFIED.,.F.,.F.,(2,1,1,1,1,1,1,1,1,1,1,1,1,1,1,1,1,1,2),(0.,
0.0555555555555556,0.111111111111111,0.166666666666667,0.222222222222222,
0.277777777777778,0.333333333333333,0.388888888888889,0.444444444444444,0.5,
0.555555555555556,0.611111111111111,0.666666666666667,0.722222222222222,
0.777777777777778,0.833333333333333,0.888888888888889,0.944444444444444,1.),
.UNSPECIFIED.);
#811=B_SPLINE_CURVE_WITH_KNOTS('',1,(#2592,#2593),.UNSPECIFIED.,.F.,.F.,(2,2),
(0.,1.),.UNSPECIFIED.);
#812=B_SPLINE_CURVE_WITH_KNOTS('',1,(#2594,#2595),.UNSPECIFIED.,.F.,.F.,(2,2),
(0.,1.),.UNSPECIFIED.);
#813=B_SPLINE_CURVE_WITH_KNOTS('',1,(#2596,#2597,#2598,#2599,#2600,#2601,#2602
,#2603,#2604,#2605,#2606,#2607,#2608,#2609,#2610,#2611,#2612,#2613,#2614,#2615
,#2616,#2617,#2618),.UNSPECIFIED.,.F.,.F.,(2,1,1,1,1,1,1,1,1,1,1,1,1,1,1,1,1,1
,1,1,1,1,2),(0.,1.,2.,3.,4.,5.,6.,7.,8.,9.,10.,11.,12.,13.,14.,15.,16.,17.,18.
,19.,20.,21.,22.),.UNSPECIFIED.);
#814=B_SPLINE_CURVE_WITH_KNOTS('',1,(#2619,#2620,#2621,#2622,#2623,#2624,#2625
,#2626,#2627,#2628,#2629,#2630,#2631,#2632,#2633,#2634,#2635,#2636,#2637,#2638
,#2639,#2640,#2641,#2642,#2643,#2644,#2645,#2646,#2647,#2648,#2649),
.UNSPECIFIED.,.F.,.F.,(2,1,1,1,1,1,1,1,1,1,1,1,1,1,1,1,1,1,1,1,1,1,1,1,1,1,1,1
,1,1,2),(0.,1.,2.,3.,4.,5.,6.,7.,8.,9.,10.,11.,12.,13.,14.,15.,16.,17.,18.,19.
,20.,21.,22.,23.,24.,25.,26.,27.,28.,29.,30.),.UNSPECIFIED.);
#815=B_SPLINE_CURVE_WITH_KNOTS('',1,(#2650,#2651),.UNSPECIFIED.,.F.,.F.,(2,2),
(0.,1.),.UNSPECIFIED.);
#816=B_SPLINE_CURVE_WITH_KNOTS('',1,(#2652,#2653,#2654,#2655,#2656,#2657,#2658
,#2659,#2660,#2661,#2662,#2663,#2664,#2665,#2666,#2667,#2668,#2669,#2670,#2671
,#2672,#2673,#2674,#2675,#2676,#2677,#2678,#2679,#2680,#2681,#2682,#2683,#2684
,#2685,#2686,#2687,#2688,#2689,#2690,#2691,#2692,#2693,#2694,#2695,#2696,#2697
,#2698,#2699,#2700,#2701,#2702,#2703,#2704,#2705,#2706,#2707,#2708,#2709,#2710
,#2711,#2712,#2713,#2714,#2715,#2716,#2717,#2718,#2719,#2720,#2721,#2722,#2723
,#2724,#2725,#2726,#2727,#2728,#2729,#2730,#2731,#2732,#2733,#2734,#2735,#2736
,#2737,#2738,#2739,#2740,#2741,#2742,#2743,#2744,#2745,#2746,#2747,#2748,#2749
),.UNSPECIFIED.,.F.,.F.,(2,1,1,1,1,1,1,1,1,1,1,1,1,1,1,1,1,1,1,1,1,1,1,1,1,1,1
,1,1,1,1,1,1,1,1,1,1,1,1,1,1,1,1,1,1,1,1,1,1,1,1,1,1,1,1,1,1,1,1,1,1,1,1,1,1,1
,1,1,1,1,1,1,1,1,1,1,1,1,1,1,1,1,1,1,1,1,1,1,1,1,1,1,1,1,1,1,1,2),(0.,1.,2.,3.
,4.,5.,6.,7.,8.,9.,10.,11.,12.,13.,14.,15.,16.,17.,18.,19.,20.,21.,22.,23.,24.
,25.,26.,27.,28.,29.,30.,31.,32.,33.,34.,35.,36.,37.,38.,39.,40.,41.,42.,43.,
44.,45.,46.,47.,48.,49.,50.,51.,52.,53.,54.,55.,56.,57.,58.,59.,60.,61.,62.,
63.,64.,65.,66.,67.,68.,69.,70.,71.,72.,73.,74.,75.,76.,77.,78.,79.,80.,81.,
82.,83.,84.,85.,86.,87.,88.,89.,90.,91.,92.,93.,94.,95.,96.,97.),.UNSPECIFIED.
);
#817=B_SPLINE_CURVE_WITH_KNOTS('',1,(#2750,#2751),.UNSPECIFIED.,.F.,.F.,(2,2),
(0.,1.),.UNSPECIFIED.);
#818=B_SPLINE_CURVE_WITH_KNOTS('',1,(#2752,#2753,#2754,#2755,#2756,#2757,#2758
,#2759,#2760,#2761,#2762,#2763,#2764,#2765,#2766,#2767,#2768,#2769,#2770,#2771
,#2772,#2773,#2774,#2775,#2776,#2777,#2778),.UNSPECIFIED.,.F.,.F.,(2,1,1,1,1,1
,1,1,1,1,1,1,1,1,1,1,1,1,1,1,1,1,1,1,1,1,2),(0.,1.,2.,3.,4.,5.,6.,7.,8.,9.,10.
,11.,12.,13.,14.,15.,16.,17.,18.,19.,20.,21.,22.,23.,24.,25.,26.),
.UNSPECIFIED.);
#819=B_SPLINE_CURVE_WITH_KNOTS('',1,(#2779,#2780),.UNSPECIFIED.,.F.,.F.,(2,2),
(0.,1.),.UNSPECIFIED.);
#820=B_SPLINE_CURVE_WITH_KNOTS('',1,(#2781,#2782),.UNSPECIFIED.,.F.,.F.,(2,2),
(0.,1.),.UNSPECIFIED.);
#821=B_SPLINE_CURVE_WITH_KNOTS('',1,(#2783,#2784),.UNSPECIFIED.,.F.,.F.,(2,2),
(0.,1.),.UNSPECIFIED.);
#822=B_SPLINE_CURVE_WITH_KNOTS('',1,(#2785,#2786),.UNSPECIFIED.,.F.,.F.,(2,2),
(0.,1.),.UNSPECIFIED.);
#823=B_SPLINE_CURVE_WITH_KNOTS('',1,(#2787,#2788),.UNSPECIFIED.,.F.,.F.,(2,2),
(0.,1.),.UNSPECIFIED.);
#824=B_SPLINE_CURVE_WITH_KNOTS('',1,(#2789,#2790),.UNSPECIFIED.,.F.,.F.,(2,2),
(0.,1.),.UNSPECIFIED.);
#825=B_SPLINE_CURVE_WITH_KNOTS('',1,(#2791,#2792),.UNSPECIFIED.,.F.,.F.,(2,2),
(0.,1.),.UNSPECIFIED.);
#826=B_SPLINE_CURVE_WITH_KNOTS('',1,(#2793,#2794),.UNSPECIFIED.,.F.,.F.,(2,2),
(0.,1.),.UNSPECIFIED.);
#827=B_SPLINE_CURVE_WITH_KNOTS('',1,(#2795,#2796),.UNSPECIFIED.,.F.,.F.,(2,2),
(0.,1.),.UNSPECIFIED.);
#828=B_SPLINE_CURVE_WITH_KNOTS('',1,(#2797,#2798),.UNSPECIFIED.,.F.,.F.,(2,2),
(0.,1.),.UNSPECIFIED.);
#829=B_SPLINE_CURVE_WITH_KNOTS('',1,(#2799,#2800,#2801,#2802,#2803,#2804,#2805
,#2806,#2807,#2808,#2809,#2810,#2811,#2812),.UNSPECIFIED.,.F.,.F.,(2,1,1,1,1,1
,1,1,1,1,1,1,1,2),(0.,1.,2.,3.,4.,5.,6.,7.,8.,9.,10.,11.,12.,13.),
.UNSPECIFIED.);
#830=B_SPLINE_CURVE_WITH_KNOTS('',1,(#2813,#2814,#2815,#2816,#2817,#2818,#2819
,#2820,#2821,#2822,#2823,#2824,#2825,#2826,#2827),.UNSPECIFIED.,.F.,.F.,(2,1,1
,1,1,1,1,1,1,1,1,1,1,1,2),(0.,1.,2.,3.,4.,5.,6.,7.,8.,9.,10.,11.,12.,13.,14.),
.UNSPECIFIED.);
#831=B_SPLINE_CURVE_WITH_KNOTS('',1,(#2828,#2829,#2830,#2831,#2832,#2833,#2834
,#2835,#2836,#2837,#2838,#2839,#2840,#2841,#2842,#2843,#2844),.UNSPECIFIED.,
.F.,.F.,(2,1,1,1,1,1,1,1,1,1,1,1,1,1,1,1,2),(0.,1.,2.,3.,4.,5.,6.,7.,8.,9.,10.
,11.,12.,13.,14.,15.,16.),.UNSPECIFIED.);
#832=B_SPLINE_CURVE_WITH_KNOTS('',1,(#2845,#2846,#2847,#2848,#2849,#2850,#2851
,#2852,#2853,#2854,#2855,#2856,#2857,#2858),.UNSPECIFIED.,.F.,.F.,(2,1,1,1,1,1
,1,1,1,1,1,1,1,2),(0.,1.,2.,3.,4.,5.,6.,7.,8.,9.,10.,11.,12.,13.),
.UNSPECIFIED.);
#833=B_SPLINE_CURVE_WITH_KNOTS('',1,(#2859,#2860),.UNSPECIFIED.,.F.,.F.,(2,2),
(0.,1.),.UNSPECIFIED.);
#834=B_SPLINE_CURVE_WITH_KNOTS('',1,(#2861,#2862),.UNSPECIFIED.,.F.,.F.,(2,2),
(0.,1.),.UNSPECIFIED.);
#835=B_SPLINE_CURVE_WITH_KNOTS('',1,(#2863,#2864),.UNSPECIFIED.,.F.,.F.,(2,2),
(0.,1.),.UNSPECIFIED.);
#836=B_SPLINE_CURVE_WITH_KNOTS('',1,(#2865,#2866),.UNSPECIFIED.,.F.,.F.,(2,2),
(0.,1.),.UNSPECIFIED.);
#837=B_SPLINE_CURVE_WITH_KNOTS('',1,(#2867,#2868),.UNSPECIFIED.,.F.,.F.,(2,2),
(0.,1.),.UNSPECIFIED.);
#838=B_SPLINE_CURVE_WITH_KNOTS('',1,(#2869,#2870),.UNSPECIFIED.,.F.,.F.,(2,2),
(0.,1.),.UNSPECIFIED.);
#839=B_SPLINE_CURVE_WITH_KNOTS('',1,(#2871,#2872),.UNSPECIFIED.,.F.,.F.,(2,2),
(0.,1.),.UNSPECIFIED.);
#840=B_SPLINE_CURVE_WITH_KNOTS('',1,(#2873,#2874),.UNSPECIFIED.,.F.,.F.,(2,2),
(0.,1.),.UNSPECIFIED.);
#841=B_SPLINE_CURVE_WITH_KNOTS('',1,(#2875,#2876,#2877,#2878,#2879,#2880,#2881
,#2882,#2883,#2884,#2885,#2886,#2887,#2888,#2889,#2890,#2891,#2892,#2893,#2894
,#2895,#2896,#2897,#2898,#2899,#2900),.UNSPECIFIED.,.F.,.F.,(2,1,1,1,1,1,1,1,1
,1,1,1,1,1,1,1,1,1,1,1,1,1,1,1,1,2),(0.,1.,2.,3.,4.,5.,6.,7.,8.,9.,10.,11.,12.
,13.,14.,15.,16.,17.,18.,19.,20.,21.,22.,23.,24.,25.),.UNSPECIFIED.);
#842=B_SPLINE_CURVE_WITH_KNOTS('',1,(#2901,#2902),.UNSPECIFIED.,.F.,.F.,(2,2),
(0.,1.),.UNSPECIFIED.);
#843=B_SPLINE_CURVE_WITH_KNOTS('',1,(#2903,#2904,#2905,#2906,#2907,#2908,#2909
,#2910,#2911,#2912,#2913,#2914,#2915,#2916,#2917,#2918,#2919,#2920,#2921,#2922
,#2923,#2924,#2925,#2926,#2927,#2928,#2929,#2930),.UNSPECIFIED.,.F.,.F.,(2,1,1
,1,1,1,1,1,1,1,1,1,1,1,1,1,1,1,1,1,1,1,1,1,1,1,1,2),(0.,1.,2.,3.,4.,5.,6.,7.,
8.,9.,10.,11.,12.,13.,14.,15.,16.,17.,18.,19.,20.,21.,22.,23.,24.,25.,26.,27.)
,.UNSPECIFIED.);
#844=B_SPLINE_CURVE_WITH_KNOTS('',1,(#2931,#2932),.UNSPECIFIED.,.F.,.F.,(2,2),
(0.,1.),.UNSPECIFIED.);
#845=B_SPLINE_CURVE_WITH_KNOTS('',1,(#2933,#2934),.UNSPECIFIED.,.F.,.F.,(2,2),
(0.,1.),.UNSPECIFIED.);
#846=B_SPLINE_CURVE_WITH_KNOTS('',1,(#2935,#2936,#2937,#2938,#2939,#2940,#2941
,#2942,#2943,#2944,#2945,#2946,#2947,#2948,#2949,#2950,#2951,#2952,#2953,#2954
,#2955,#2956,#2957,#2958,#2959,#2960,#2961,#2962),.UNSPECIFIED.,.F.,.F.,(2,1,1
,1,1,1,1,1,1,1,1,1,1,1,1,1,1,1,1,1,1,1,1,1,1,1,1,2),(0.,1.,2.,3.,4.,5.,6.,7.,
8.,9.,10.,11.,12.,13.,14.,15.,16.,17.,18.,19.,20.,21.,22.,23.,24.,25.,26.,27.)
,.UNSPECIFIED.);
#847=B_SPLINE_CURVE_WITH_KNOTS('',1,(#2963,#2964),.UNSPECIFIED.,.F.,.F.,(2,2),
(0.,1.),.UNSPECIFIED.);
#848=B_SPLINE_CURVE_WITH_KNOTS('',1,(#2965,#2966,#2967,#2968,#2969,#2970,#2971
,#2972,#2973,#2974,#2975,#2976,#2977,#2978,#2979,#2980,#2981,#2982,#2983,#2984
,#2985,#2986,#2987,#2988,#2989,#2990),.UNSPECIFIED.,.F.,.F.,(2,1,1,1,1,1,1,1,1
,1,1,1,1,1,1,1,1,1,1,1,1,1,1,1,1,2),(0.,1.,2.,3.,4.,5.,6.,7.,8.,9.,10.,11.,12.
,13.,14.,15.,16.,17.,18.,19.,20.,21.,22.,23.,24.,25.),.UNSPECIFIED.);
#849=B_SPLINE_CURVE_WITH_KNOTS('',1,(#2991,#2992),.UNSPECIFIED.,.F.,.F.,(2,2),
(0.,1.),.UNSPECIFIED.);
#850=B_SPLINE_CURVE_WITH_KNOTS('',1,(#2993,#2994),.UNSPECIFIED.,.F.,.F.,(2,2),
(0.,1.),.UNSPECIFIED.);
#851=B_SPLINE_CURVE_WITH_KNOTS('',1,(#2995,#2996),.UNSPECIFIED.,.F.,.F.,(2,2),
(0.,1.),.UNSPECIFIED.);
#852=B_SPLINE_CURVE_WITH_KNOTS('',1,(#2997,#2998),.UNSPECIFIED.,.F.,.F.,(2,2),
(0.,1.),.UNSPECIFIED.);
#853=B_SPLINE_CURVE_WITH_KNOTS('',1,(#2999,#3000),.UNSPECIFIED.,.F.,.F.,(2,2),
(0.,1.),.UNSPECIFIED.);
#854=B_SPLINE_CURVE_WITH_KNOTS('',1,(#3001,#3002),.UNSPECIFIED.,.F.,.F.,(2,2),
(0.,1.),.UNSPECIFIED.);
#855=B_SPLINE_CURVE_WITH_KNOTS('',1,(#3003,#3004),.UNSPECIFIED.,.F.,.F.,(2,2),
(0.,1.),.UNSPECIFIED.);
#856=B_SPLINE_CURVE_WITH_KNOTS('',1,(#3005,#3006),.UNSPECIFIED.,.F.,.F.,(2,2),
(0.,1.),.UNSPECIFIED.);
#857=B_SPLINE_CURVE_WITH_KNOTS('',1,(#3007,#3008,#3009,#3010,#3011,#3012,#3013
,#3014,#3015,#3016,#3017,#3018,#3019,#3020),.UNSPECIFIED.,.F.,.F.,(2,1,1,1,1,1
,1,1,1,1,1,1,1,2),(0.,1.,2.,3.,4.,5.,6.,7.,8.,9.,10.,11.,12.,13.),
.UNSPECIFIED.);
#858=B_SPLINE_CURVE_WITH_KNOTS('',1,(#3021,#3022,#3023,#3024,#3025,#3026,#3027
,#3028,#3029,#3030,#3031,#3032,#3033,#3034,#3035,#3036,#3037),.UNSPECIFIED.,
.F.,.F.,(2,1,1,1,1,1,1,1,1,1,1,1,1,1,1,1,2),(0.,1.,2.,3.,4.,5.,6.,7.,8.,9.,10.
,11.,12.,13.,14.,15.,16.),.UNSPECIFIED.);
#859=B_SPLINE_CURVE_WITH_KNOTS('',1,(#3038,#3039,#3040,#3041,#3042,#3043,#3044
,#3045,#3046,#3047,#3048,#3049,#3050,#3051,#3052),.UNSPECIFIED.,.F.,.F.,(2,1,1
,1,1,1,1,1,1,1,1,1,1,1,2),(0.,1.,2.,3.,4.,5.,6.,7.,8.,9.,10.,11.,12.,13.,14.),
.UNSPECIFIED.);
#860=B_SPLINE_CURVE_WITH_KNOTS('',1,(#3053,#3054,#3055,#3056,#3057,#3058,#3059
,#3060,#3061,#3062,#3063,#3064,#3065,#3066),.UNSPECIFIED.,.F.,.F.,(2,1,1,1,1,1
,1,1,1,1,1,1,1,2),(0.,1.,2.,3.,4.,5.,6.,7.,8.,9.,10.,11.,12.,13.),
.UNSPECIFIED.);
#861=B_SPLINE_CURVE_WITH_KNOTS('',1,(#3067,#3068),.UNSPECIFIED.,.F.,.F.,(2,2),
(0.,1.),.UNSPECIFIED.);
#862=B_SPLINE_CURVE_WITH_KNOTS('',1,(#3069,#3070),.UNSPECIFIED.,.F.,.F.,(2,2),
(0.,1.),.UNSPECIFIED.);
#863=B_SPLINE_CURVE_WITH_KNOTS('',1,(#3071,#3072),.UNSPECIFIED.,.F.,.F.,(2,2),
(0.,1.),.UNSPECIFIED.);
#864=B_SPLINE_CURVE_WITH_KNOTS('',1,(#3073,#3074),.UNSPECIFIED.,.F.,.F.,(2,2),
(0.,1.),.UNSPECIFIED.);
#865=B_SPLINE_CURVE_WITH_KNOTS('',1,(#3075,#3076),.UNSPECIFIED.,.F.,.F.,(2,2),
(0.,1.),.UNSPECIFIED.);
#866=B_SPLINE_CURVE_WITH_KNOTS('',1,(#3077,#3078),.UNSPECIFIED.,.F.,.F.,(2,2),
(0.,1.),.UNSPECIFIED.);
#867=B_SPLINE_CURVE_WITH_KNOTS('',1,(#3079,#3080),.UNSPECIFIED.,.F.,.F.,(2,2),
(0.,1.),.UNSPECIFIED.);
#868=B_SPLINE_CURVE_WITH_KNOTS('',1,(#3081,#3082),.UNSPECIFIED.,.F.,.F.,(2,2),
(0.,1.),.UNSPECIFIED.);
#869=B_SPLINE_CURVE_WITH_KNOTS('',1,(#3083,#3084),.UNSPECIFIED.,.F.,.F.,(2,2),
(0.,1.),.UNSPECIFIED.);
#870=B_SPLINE_CURVE_WITH_KNOTS('',1,(#3085,#3086),.UNSPECIFIED.,.F.,.F.,(2,2),
(0.,1.),.UNSPECIFIED.);
#871=B_SPLINE_CURVE_WITH_KNOTS('',1,(#3087,#3088,#3089,#3090,#3091,#3092,#3093
,#3094,#3095,#3096,#3097,#3098,#3099,#3100,#3101,#3102,#3103,#3104,#3105,#3106
,#3107,#3108,#3109,#3110,#3111,#3112,#3113),.UNSPECIFIED.,.F.,.F.,(2,1,1,1,1,1
,1,1,1,1,1,1,1,1,1,1,1,1,1,1,1,1,1,1,1,1,2),(0.,1.,2.,3.,4.,5.,6.,7.,8.,9.,10.
,11.,12.,13.,14.,15.,16.,17.,18.,19.,20.,21.,22.,23.,24.,25.,26.),
.UNSPECIFIED.);
#872=B_SPLINE_CURVE_WITH_KNOTS('',1,(#3114,#3115),.UNSPECIFIED.,.F.,.F.,(2,2),
(0.,1.),.UNSPECIFIED.);
#873=B_SPLINE_CURVE_WITH_KNOTS('',1,(#3116,#3117,#3118,#3119,#3120,#3121,#3122
,#3123,#3124,#3125,#3126,#3127,#3128,#3129,#3130,#3131,#3132,#3133,#3134,#3135
,#3136,#3137,#3138,#3139,#3140,#3141,#3142,#3143,#3144,#3145,#3146,#3147,#3148
,#3149,#3150,#3151,#3152,#3153,#3154,#3155,#3156,#3157,#3158,#3159,#3160,#3161
,#3162,#3163,#3164,#3165,#3166,#3167,#3168,#3169,#3170,#3171,#3172,#3173,#3174
,#3175,#3176,#3177,#3178,#3179,#3180,#3181,#3182,#3183,#3184,#3185,#3186,#3187
,#3188,#3189,#3190,#3191,#3192,#3193,#3194,#3195,#3196,#3197,#3198,#3199,#3200
,#3201,#3202,#3203,#3204,#3205,#3206,#3207,#3208,#3209,#3210,#3211,#3212,#3213
),.UNSPECIFIED.,.F.,.F.,(2,1,1,1,1,1,1,1,1,1,1,1,1,1,1,1,1,1,1,1,1,1,1,1,1,1,1
,1,1,1,1,1,1,1,1,1,1,1,1,1,1,1,1,1,1,1,1,1,1,1,1,1,1,1,1,1,1,1,1,1,1,1,1,1,1,1
,1,1,1,1,1,1,1,1,1,1,1,1,1,1,1,1,1,1,1,1,1,1,1,1,1,1,1,1,1,1,1,2),(0.,1.,2.,3.
,4.,5.,6.,7.,8.,9.,10.,11.,12.,13.,14.,15.,16.,17.,18.,19.,20.,21.,22.,23.,24.
,25.,26.,27.,28.,29.,30.,31.,32.,33.,34.,35.,36.,37.,38.,39.,40.,41.,42.,43.,
44.,45.,46.,47.,48.,49.,50.,51.,52.,53.,54.,55.,56.,57.,58.,59.,60.,61.,62.,
63.,64.,65.,66.,67.,68.,69.,70.,71.,72.,73.,74.,75.,76.,77.,78.,79.,80.,81.,
82.,83.,84.,85.,86.,87.,88.,89.,90.,91.,92.,93.,94.,95.,96.,97.),.UNSPECIFIED.
);
#874=B_SPLINE_CURVE_WITH_KNOTS('',1,(#3214,#3215),.UNSPECIFIED.,.F.,.F.,(2,2),
(0.,1.),.UNSPECIFIED.);
#875=B_SPLINE_CURVE_WITH_KNOTS('',1,(#3216,#3217,#3218,#3219,#3220,#3221,#3222
,#3223,#3224,#3225,#3226,#3227,#3228,#3229,#3230,#3231,#3232,#3233,#3234,#3235
,#3236,#3237,#3238,#3239,#3240,#3241,#3242,#3243,#3244,#3245,#3246),
.UNSPECIFIED.,.F.,.F.,(2,1,1,1,1,1,1,1,1,1,1,1,1,1,1,1,1,1,1,1,1,1,1,1,1,1,1,1
,1,1,2),(0.,1.,2.,3.,4.,5.,6.,7.,8.,9.,10.,11.,12.,13.,14.,15.,16.,17.,18.,19.
,20.,21.,22.,23.,24.,25.,26.,27.,28.,29.,30.),.UNSPECIFIED.);
#876=B_SPLINE_CURVE_WITH_KNOTS('',1,(#3247,#3248,#3249,#3250,#3251,#3252,#3253
,#3254,#3255,#3256,#3257,#3258,#3259,#3260,#3261,#3262,#3263,#3264,#3265,#3266
,#3267,#3268,#3269),.UNSPECIFIED.,.F.,.F.,(2,1,1,1,1,1,1,1,1,1,1,1,1,1,1,1,1,1
,1,1,1,1,2),(0.,1.,2.,3.,4.,5.,6.,7.,8.,9.,10.,11.,12.,13.,14.,15.,16.,17.,18.
,19.,20.,21.,22.),.UNSPECIFIED.);
#877=VERTEX_POINT('',#1180);
#878=VERTEX_POINT('',#1181);
#879=VERTEX_POINT('',#1182);
#880=VERTEX_POINT('',#1183);
#881=VERTEX_POINT('',#1184);
#882=VERTEX_POINT('',#1185);
#883=VERTEX_POINT('',#1186);
#884=VERTEX_POINT('',#1187);
#885=VERTEX_POINT('',#1188);
#886=VERTEX_POINT('',#1189);
#887=VERTEX_POINT('',#1190);
#888=VERTEX_POINT('',#1191);
#889=VERTEX_POINT('',#1192);
#890=VERTEX_POINT('',#1193);
#891=VERTEX_POINT('',#1194);
#892=VERTEX_POINT('',#1195);
#893=VERTEX_POINT('',#1196);
#894=VERTEX_POINT('',#1197);
#895=VERTEX_POINT('',#1198);
#896=VERTEX_POINT('',#1199);
#897=VERTEX_POINT('',#1200);
#898=VERTEX_POINT('',#1201);
#899=VERTEX_POINT('',#1202);
#900=VERTEX_POINT('',#1203);
#901=VERTEX_POINT('',#1204);
#902=VERTEX_POINT('',#1205);
#903=VERTEX_POINT('',#1206);
#904=VERTEX_POINT('',#1207);
#905=VERTEX_POINT('',#1208);
#906=VERTEX_POINT('',#1209);
#907=VERTEX_POINT('',#1210);
#908=VERTEX_POINT('',#1211);
#909=VERTEX_POINT('',#1212);
#910=VERTEX_POINT('',#1213);
#911=VERTEX_POINT('',#1214);
#912=VERTEX_POINT('',#1215);
#913=VERTEX_POINT('',#1216);
#914=VERTEX_POINT('',#1217);
#915=VERTEX_POINT('',#1218);
#916=VERTEX_POINT('',#1219);
#917=VERTEX_POINT('',#1220);
#918=VERTEX_POINT('',#1221);
#919=VERTEX_POINT('',#1222);
#920=VERTEX_POINT('',#1223);
#921=VERTEX_POINT('',#1224);
#922=VERTEX_POINT('',#1225);
#923=VERTEX_POINT('',#1226);
#924=VERTEX_POINT('',#1227);
#925=VERTEX_POINT('',#1228);
#926=VERTEX_POINT('',#1229);
#927=VERTEX_POINT('',#1230);
#928=VERTEX_POINT('',#1231);
#929=VERTEX_POINT('',#1232);
#930=VERTEX_POINT('',#1233);
#931=VERTEX_POINT('',#1234);
#932=VERTEX_POINT('',#1235);
#933=VERTEX_POINT('',#1236);
#934=VERTEX_POINT('',#1237);
#935=VERTEX_POINT('',#1238);
#936=VERTEX_POINT('',#1239);
#937=VERTEX_POINT('',#1240);
#938=VERTEX_POINT('',#1241);
#939=VERTEX_POINT('',#1242);
#940=VERTEX_POINT('',#1243);
#941=VERTEX_POINT('',#1244);
#942=VERTEX_POINT('',#1245);
#943=VERTEX_POINT('',#1246);
#944=VERTEX_POINT('',#1247);
#945=VERTEX_POINT('',#1248);
#946=VERTEX_POINT('',#1249);
#947=VERTEX_POINT('',#1250);
#948=VERTEX_POINT('',#1251);
#949=VERTEX_POINT('',#1252);
#950=VERTEX_POINT('',#1253);
#951=VERTEX_POINT('',#1254);
#952=VERTEX_POINT('',#1255);
#953=VERTEX_POINT('',#1256);
#954=VERTEX_POINT('',#1257);
#955=VERTEX_POINT('',#1258);
#956=VERTEX_POINT('',#1259);
#957=VERTEX_POINT('',#1260);
#958=VERTEX_POINT('',#1261);
#959=VERTEX_POINT('',#1262);
#960=VERTEX_POINT('',#1263);
#961=VERTEX_POINT('',#1264);
#962=VERTEX_POINT('',#1265);
#963=VERTEX_POINT('',#1266);
#964=VERTEX_POINT('',#1267);
#965=VERTEX_POINT('',#1268);
#966=VERTEX_POINT('',#1269);
#967=VERTEX_POINT('',#1270);
#968=VERTEX_POINT('',#1271);
#969=VERTEX_POINT('',#1272);
#970=VERTEX_POINT('',#1273);
#971=VERTEX_POINT('',#1274);
#972=VERTEX_POINT('',#1275);
#973=VERTEX_POINT('',#1276);
#974=VERTEX_POINT('',#1277);
#975=VERTEX_POINT('',#1278);
#976=VERTEX_POINT('',#1279);
#977=VERTEX_POINT('',#1280);
#978=VERTEX_POINT('',#1281);
#979=VERTEX_POINT('',#1282);
#980=VERTEX_POINT('',#1283);
#981=VERTEX_POINT('',#1284);
#982=VERTEX_POINT('',#1285);
#983=VERTEX_POINT('',#1286);
#984=VERTEX_POINT('',#1287);
#985=VERTEX_POINT('',#1288);
#986=VERTEX_POINT('',#1289);
#987=VERTEX_POINT('',#1290);
#988=VERTEX_POINT('',#1291);
#989=VERTEX_POINT('',#1292);
#990=VERTEX_POINT('',#1293);
#991=VERTEX_POINT('',#1294);
#992=VERTEX_POINT('',#1295);
#993=VERTEX_POINT('',#1296);
#994=VERTEX_POINT('',#1297);
#995=VERTEX_POINT('',#1298);
#996=VERTEX_POINT('',#1299);
#997=VERTEX_POINT('',#1300);
#998=VERTEX_POINT('',#1301);
#999=VERTEX_POINT('',#1302);
#1000=VERTEX_POINT('',#1303);
#1001=VERTEX_POINT('',#1304);
#1002=VERTEX_POINT('',#1305);
#1003=VERTEX_POINT('',#1306);
#1004=VERTEX_POINT('',#1307);
#1005=VERTEX_POINT('',#1308);
#1006=VERTEX_POINT('',#1309);
#1007=VERTEX_POINT('',#1310);
#1008=VERTEX_POINT('',#1311);
#1009=VERTEX_POINT('',#1312);
#1010=VERTEX_POINT('',#1313);
#1011=VERTEX_POINT('',#1314);
#1012=VERTEX_POINT('',#1315);
#1013=VERTEX_POINT('',#1316);
#1014=VERTEX_POINT('',#1317);
#1015=VERTEX_POINT('',#1318);
#1016=VERTEX_POINT('',#1319);
#1017=VERTEX_POINT('',#1320);
#1018=VERTEX_POINT('',#1321);
#1019=VERTEX_POINT('',#1322);
#1020=VERTEX_POINT('',#1323);
#1021=VERTEX_POINT('',#1324);
#1022=VERTEX_POINT('',#1325);
#1023=VERTEX_POINT('',#1326);
#1024=VERTEX_POINT('',#1327);
#1025=VERTEX_POINT('',#1328);
#1026=VERTEX_POINT('',#1329);
#1027=VERTEX_POINT('',#1330);
#1028=VERTEX_POINT('',#1331);
#1029=VERTEX_POINT('',#1332);
#1030=VERTEX_POINT('',#1333);
#1031=VERTEX_POINT('',#1334);
#1032=VERTEX_POINT('',#1335);
#1033=VERTEX_POINT('',#1336);
#1034=VERTEX_POINT('',#1337);
#1035=VERTEX_POINT('',#1338);
#1036=VERTEX_POINT('',#1339);
#1037=VERTEX_POINT('',#1340);
#1038=VERTEX_POINT('',#1341);
#1039=VERTEX_POINT('',#1342);
#1040=VERTEX_POINT('',#1343);
#1041=VERTEX_POINT('',#1344);
#1042=VERTEX_POINT('',#1345);
#1043=VERTEX_POINT('',#1346);
#1044=VERTEX_POINT('',#1347);
#1045=VERTEX_POINT('',#1348);
#1046=VERTEX_POINT('',#1349);
#1047=VERTEX_POINT('',#1350);
#1048=VERTEX_POINT('',#1351);
#1049=VERTEX_POINT('',#1352);
#1050=VERTEX_POINT('',#1353);
#1051=VERTEX_POINT('',#1354);
#1052=VERTEX_POINT('',#1355);
#1053=VERTEX_POINT('',#1356);
#1054=VERTEX_POINT('',#1357);
#1055=VERTEX_POINT('',#1358);
#1056=VERTEX_POINT('',#1359);
#1057=VERTEX_POINT('',#1360);
#1058=VERTEX_POINT('',#1361);
#1059=VERTEX_POINT('',#1362);
#1060=VERTEX_POINT('',#1363);
#1061=VERTEX_POINT('',#1364);
#1062=VERTEX_POINT('',#1365);
#1063=VERTEX_POINT('',#1366);
#1064=VERTEX_POINT('',#1367);
#1065=VERTEX_POINT('',#1368);
#1066=VERTEX_POINT('',#1369);
#1067=VERTEX_POINT('',#1370);
#1068=VERTEX_POINT('',#1371);
#1069=SHAPE_DEFINITION_REPRESENTATION(#3345,#1070);
#1070=SHAPE_REPRESENTATION('master',(#1071),#3347);
#1071=AXIS2_PLACEMENT_3D('',#1179,#1108,#1107);
#1072=AXIS2_PLACEMENT_3D('',#3270,#1110,#1109);
#1073=AXIS2_PLACEMENT_3D('',#3271,#1112,#1111);
#1074=AXIS2_PLACEMENT_3D('',#3272,#1114,#1113);
#1075=AXIS2_PLACEMENT_3D('',#3281,#1116,#1115);
#1076=AXIS2_PLACEMENT_3D('',#3282,#1118,#1117);
#1077=AXIS2_PLACEMENT_3D('',#3283,#1120,#1119);
#1078=AXIS2_PLACEMENT_3D('',#3284,#1122,#1121);
#1079=AXIS2_PLACEMENT_3D('',#3285,#1124,#1123);
#1080=AXIS2_PLACEMENT_3D('',#3286,#1126,#1125);
#1081=AXIS2_PLACEMENT_3D('',#3287,#1128,#1127);
#1082=AXIS2_PLACEMENT_3D('',#3288,#1130,#1129);
#1083=AXIS2_PLACEMENT_3D('',#3289,#1132,#1131);
#1084=AXIS2_PLACEMENT_3D('',#3290,#1134,#1133);
#1085=AXIS2_PLACEMENT_3D('',#3307,#1136,#1135);
#1086=AXIS2_PLACEMENT_3D('',#3308,#1138,#1137);
#1087=AXIS2_PLACEMENT_3D('',#3309,#1140,#1139);
#1088=AXIS2_PLACEMENT_3D('',#3310,#1142,#1141);
#1089=AXIS2_PLACEMENT_3D('',#3311,#1144,#1143);
#1090=AXIS2_PLACEMENT_3D('',#3312,#1146,#1145);
#1091=AXIS2_PLACEMENT_3D('',#3313,#1148,#1147);
#1092=AXIS2_PLACEMENT_3D('',#3314,#1150,#1149);
#1093=AXIS2_PLACEMENT_3D('',#3323,#1152,#1151);
#1094=AXIS2_PLACEMENT_3D('',#3324,#1154,#1153);
#1095=AXIS2_PLACEMENT_3D('',#3325,#1156,#1155);
#1096=AXIS2_PLACEMENT_3D('',#3326,#1158,#1157);
#1097=AXIS2_PLACEMENT_3D('',#3327,#1160,#1159);
#1098=AXIS2_PLACEMENT_3D('',#3328,#1162,#1161);
#1099=AXIS2_PLACEMENT_3D('',#3329,#1164,#1163);
#1100=AXIS2_PLACEMENT_3D('',#3330,#1166,#1165);
#1101=AXIS2_PLACEMENT_3D('',#3331,#1168,#1167);
#1102=AXIS2_PLACEMENT_3D('',#3332,#1170,#1169);
#1103=AXIS2_PLACEMENT_3D('',#3333,#1172,#1171);
#1104=AXIS2_PLACEMENT_3D('',#3342,#1174,#1173);
#1105=AXIS2_PLACEMENT_3D('',#3343,#1176,#1175);
#1106=AXIS2_PLACEMENT_3D('',#3344,#1178,#1177);
#1107=DIRECTION('',(1.,0.,0.));
#1108=DIRECTION('',(0.,0.,1.));
#1109=DIRECTION('',(0.996005051075455,0.,0.0892969105410759));
#1110=DIRECTION('',(0.0892969105410759,0.,-0.996005051075455));
#1111=DIRECTION('',(0.0525593581560617,0.,0.99861780169904));
#1112=DIRECTION('',(0.99861780169904,0.,-0.0525593581560617));
#1113=DIRECTION('',(0.998617801699242,0.,-0.052559358152216));
#1114=DIRECTION('',(0.,1.,0.));
#1115=DIRECTION('',(0.0783322983359159,0.,0.996927304790782));
#1116=DIRECTION('',(0.996927304790782,0.,-0.0783322983359159));
#1117=DIRECTION('',(0.998117011978888,0.,-0.061338653378891));
#1118=DIRECTION('',(0.,1.,0.));
#1119=DIRECTION('',(0.990654772387034,0.,0.136393262101888));
#1120=DIRECTION('',(0.136393262101888,0.,-0.990654772387034));
#1121=DIRECTION('',(0.,-1.,0.));
#1122=DIRECTION('',(-1.,0.,0.));
#1123=DIRECTION('',(-0.715378488118043,-1.58874436233585E-016,
-0.698737159980734));
#1124=DIRECTION('',(-0.698737159980734,0.,0.715378488118043));
#1125=DIRECTION('',(0.,-1.,0.));
#1126=DIRECTION('',(-1.,0.,0.));
#1127=DIRECTION('',(-0.680699355584032,-0.,-0.732562889660324));
#1128=DIRECTION('',(-0.732562889660324,0.,0.680699355584032));
#1129=DIRECTION('',(0.,-1.,0.));
#1130=DIRECTION('',(0.,0.,1.));
#1131=DIRECTION('',(0.12404246633374,2.2561764813304E-016,0.992276910215008));
#1132=DIRECTION('',(0.992276910215008,0.,-0.12404246633374));
#1133=DIRECTION('',(-0.,1.,0.));
#1134=DIRECTION('',(0.,0.,-1.));
#1135=DIRECTION('',(0.523313619453123,0.,-0.852140162000872));
#1136=DIRECTION('',(0.,1.,0.));
#1137=DIRECTION('',(0.383986954572098,0.,-0.923338517943688));
#1138=DIRECTION('',(0.,1.,0.));
#1139=DIRECTION('',(0.014442520504285,0.,-0.999895701361639));
#1140=DIRECTION('',(0.,1.,0.));
#1141=DIRECTION('',(-0.371734161055281,0.,-0.928339223293149));
#1142=DIRECTION('',(0.,1.,0.));
#1143=DIRECTION('',(0.528301599156414,1.93053161353203E-016,0.849056782747052)
);
#1144=DIRECTION('',(0.849056782747052,0.,-0.528301599156414));
#1145=DIRECTION('',(0.999418090272277,0.,-0.0341098348942817));
#1146=DIRECTION('',(-0.0341098348942817,0.,-0.999418090272277));
#1147=DIRECTION('',(0.79387802676736,0.,-0.608077033455435));
#1148=DIRECTION('',(-0.608077033455435,0.,-0.79387802676736));
#1149=DIRECTION('',(-0.,1.,0.));
#1150=DIRECTION('',(0.,0.,-1.));
#1151=DIRECTION('',(-0.653848475453185,1.72036724459764E-016,0.756625515792024
));
#1152=DIRECTION('',(0.756625515792024,0.,0.653848475453185));
#1153=DIRECTION('',(0.0223653936389759,2.27316800942277E-016,0.999749863299502
));
#1154=DIRECTION('',(0.999749863299502,0.,-0.0223653936389759));
#1155=DIRECTION('',(0.549926466219012,0.,0.835213075659062));
#1156=DIRECTION('',(0.835213075659062,0.,-0.549926466219012));
#1157=DIRECTION('',(0.,1.,0.));
#1158=DIRECTION('',(1.,0.,0.));
#1159=DIRECTION('',(-0.770961971765478,1.44810014833839E-016,0.636881180512886
));
#1160=DIRECTION('',(0.636881180512886,0.,0.770961971765478));
#1161=DIRECTION('',(0.0223653936391367,0.,0.999749863299499));
#1162=DIRECTION('',(0.999749863299499,0.,-0.0223653936391367));
#1163=DIRECTION('',(0.99876596613865,0.,-0.0496643220343161));
#1164=DIRECTION('',(0.,1.,0.));
#1165=DIRECTION('',(0.998400247279833,0.,0.0565415442976901));
#1166=DIRECTION('',(0.0565415442976901,0.,-0.998400247279833));
#1167=DIRECTION('',(0.993697825815178,0.,-0.112092064706596));
#1168=DIRECTION('',(0.,1.,0.));
#1169=DIRECTION('',(0.047571303549117,2.2711625312046E-016,0.998867844651452)
);
#1170=DIRECTION('',(0.998867844651452,0.,-0.047571303549117));
#1171=DIRECTION('',(0.999230661643131,-0.,0.0392184246525875));
#1172=DIRECTION('',(0.,1.,0.));
#1173=DIRECTION('',(0.995391981862447,0.,-0.0958895325045945));
#1174=DIRECTION('',(0.,1.,0.));
#1175=DIRECTION('',(1.,0.,-0.));
#1176=DIRECTION('',(0.,-1.,0.));
#1177=DIRECTION('',(-1.,0.,0.));
#1178=DIRECTION('',(0.,1.,0.));
#1179=CARTESIAN_POINT('',(0.,0.,0.));
#1180=CARTESIAN_POINT('',(15.8452120313953,2000.,149.696554008595));
#1181=CARTESIAN_POINT('',(15.8452120313953,0.,149.696554008596));
#1182=CARTESIAN_POINT('',(12.6194269999995,0.,149.407345999999));
#1183=CARTESIAN_POINT('',(12.6194269999995,2000.,149.407345999999));
#1184=CARTESIAN_POINT('',(12.6194269999994,2000.,149.407346));
#1185=CARTESIAN_POINT('',(12.6194269999994,0.,149.407346));
#1186=CARTESIAN_POINT('',(11.9886763784274,0.,137.423204236618));
#1187=CARTESIAN_POINT('',(11.9886763784274,2000.,137.423204236618));
#1188=CARTESIAN_POINT('',(10.1612290547023,0.,135.003420750262));
#1189=CARTESIAN_POINT('',(10.1612290547023,2000.,135.003420750262));
#1190=CARTESIAN_POINT('',(11.988676378427,2000.,137.423204236618));
#1191=CARTESIAN_POINT('',(11.988676378427,0.,137.423204236618));
#1192=CARTESIAN_POINT('',(10.1612290547022,0.,135.003420750262));
#1193=CARTESIAN_POINT('',(9.19847199999807,0.,133.754201));
#1194=CARTESIAN_POINT('',(9.02201920754328,0.,131.508504007294));
#1195=CARTESIAN_POINT('',(9.02201920754328,2000.,131.508504007294));
#1196=CARTESIAN_POINT('',(7.49504400000011,0.,129.781916999999));
#1197=CARTESIAN_POINT('',(7.49504400000011,2000.,129.781916999999));
#1198=CARTESIAN_POINT('',(9.02201920754343,2000.,131.508504007294));
#1199=CARTESIAN_POINT('',(9.02201920754343,0.,131.508504007294));
#1200=CARTESIAN_POINT('',(7.49504400000001,2000.,129.781917));
#1201=CARTESIAN_POINT('',(7.49504400000001,0.,129.781917));
#1202=CARTESIAN_POINT('',(-1.47437617670221E-013,0.,128.75));
#1203=CARTESIAN_POINT('',(-1.47437617670221E-013,2000.,128.75));
#1204=CARTESIAN_POINT('',(-6.25277607468888E-013,0.,128.75));
#1205=CARTESIAN_POINT('',(-6.25277607468888E-013,0.,162.044705));
#1206=CARTESIAN_POINT('',(-6.25277607468888E-013,2000.,162.044705));
#1207=CARTESIAN_POINT('',(-6.25277607468888E-013,2000.,128.75));
#1208=CARTESIAN_POINT('',(-8.3485623078989E-013,2000.,162.044705));
#1209=CARTESIAN_POINT('',(-6.07545522803113E-013,0.,162.044705));
#1210=CARTESIAN_POINT('',(39.6692569999996,0.,200.791165));
#1211=CARTESIAN_POINT('',(39.6692569999994,2000.,200.791165));
#1212=CARTESIAN_POINT('',(39.6692569999999,0.,200.791165));
#1213=CARTESIAN_POINT('',(39.6692569999999,0.,213.791165));
#1214=CARTESIAN_POINT('',(39.6692569999999,2000.,213.791165));
#1215=CARTESIAN_POINT('',(39.6692569999999,2000.,200.791165));
#1216=CARTESIAN_POINT('',(39.6692569999999,2000.,213.791165));
#1217=CARTESIAN_POINT('',(39.6692569999999,0.,213.791165));
#1218=CARTESIAN_POINT('',(72.8500000000002,0.,249.5));
#1219=CARTESIAN_POINT('',(72.8500000000002,2000.,249.5));
#1220=CARTESIAN_POINT('',(72.8500000000002,0.,249.5));
#1221=CARTESIAN_POINT('',(152.699999999999,0.,249.5));
#1222=CARTESIAN_POINT('',(152.699999999999,2000.,249.5));
#1223=CARTESIAN_POINT('',(72.8500000000002,2000.,249.5));
#1224=CARTESIAN_POINT('',(152.699999999999,2000.,249.5));
#1225=CARTESIAN_POINT('',(152.699999999999,0.,249.5));
#1226=CARTESIAN_POINT('',(151.629791,0.,240.93887));
#1227=CARTESIAN_POINT('',(151.629791,2000.,240.93887));
#1228=CARTESIAN_POINT('',(148.379791,2000.,240.93887));
#1229=CARTESIAN_POINT('',(151.629791,2000.,240.93887));
#1230=CARTESIAN_POINT('',(151.629791,0.,240.93887));
#1231=CARTESIAN_POINT('',(148.379791,0.,240.93887));
#1232=CARTESIAN_POINT('',(148.379791,0.,240.93887));
#1233=CARTESIAN_POINT('',(136.508923709879,2000.,243.263028333084));
#1234=CARTESIAN_POINT('',(136.50892370988,0.,243.263028333084));
#1235=CARTESIAN_POINT('',(130.607194796546,0.,240.526575987448));
#1236=CARTESIAN_POINT('',(125.467848699871,0.,237.90028048962));
#1237=CARTESIAN_POINT('',(125.467848699871,2000.,237.90028048962));
#1238=CARTESIAN_POINT('',(122.033074,0.,237.342056000001));
#1239=CARTESIAN_POINT('',(122.033074,2000.,237.342056000001));
#1240=CARTESIAN_POINT('',(125.467848699872,2000.,237.90028048962));
#1241=CARTESIAN_POINT('',(125.467848699872,0.,237.90028048962));
#1242=CARTESIAN_POINT('',(118.610576564584,0.,237.897405714695));
#1243=CARTESIAN_POINT('',(118.610576564584,2000.,237.897405714695));
#1244=CARTESIAN_POINT('',(122.033074,2000.,237.342056000001));
#1245=CARTESIAN_POINT('',(122.033074,0.,237.342056000001));
#1246=CARTESIAN_POINT('',(117.805121,0.,238.641823));
#1247=CARTESIAN_POINT('',(117.805121,2000.,238.641823));
#1248=CARTESIAN_POINT('',(118.610576564584,2000.,237.897405714695));
#1249=CARTESIAN_POINT('',(118.610576564584,0.,237.897405714695));
#1250=CARTESIAN_POINT('',(117.805121,2000.,238.641823));
#1251=CARTESIAN_POINT('',(117.805121,0.,238.641823));
#1252=CARTESIAN_POINT('',(116.745864999999,0.,236.939446000001));
#1253=CARTESIAN_POINT('',(116.745864999999,2000.,236.939446));
#1254=CARTESIAN_POINT('',(116.745864999999,2000.,236.939446));
#1255=CARTESIAN_POINT('',(116.745864999999,0.,236.939446));
#1256=CARTESIAN_POINT('',(105.6615,0.,237.317751999999));
#1257=CARTESIAN_POINT('',(105.6615,2000.,237.317751999999));
#1258=CARTESIAN_POINT('',(105.661499999999,2000.,237.317751999999));
#1259=CARTESIAN_POINT('',(105.661499999999,0.,237.317751999999));
#1260=CARTESIAN_POINT('',(104.201013210706,0.,238.436423186618));
#1261=CARTESIAN_POINT('',(104.201013210706,2000.,238.436423186618));
#1262=CARTESIAN_POINT('',(95.1466067977206,2000.,238.436423186618));
#1263=CARTESIAN_POINT('',(104.201013210706,2000.,238.436423186618));
#1264=CARTESIAN_POINT('',(104.201013210706,0.,238.436423186618));
#1265=CARTESIAN_POINT('',(95.1466067977206,0.,238.436423186618));
#1266=CARTESIAN_POINT('',(95.1466067977207,0.,238.436423186618));
#1267=CARTESIAN_POINT('',(63.8368154018257,0.,207.915124974626));
#1268=CARTESIAN_POINT('',(65.0040156219129,0.,206.564455053825));
#1269=CARTESIAN_POINT('',(65.0040156219132,2000.,206.564455053825));
#1270=CARTESIAN_POINT('',(65.0040156219132,2000.,206.564455053825));
#1271=CARTESIAN_POINT('',(65.0040156219132,0.,206.564455053825));
#1272=CARTESIAN_POINT('',(64.9079080573363,0.,202.268374864102));
#1273=CARTESIAN_POINT('',(64.9079080573363,2000.,202.268374864101));
#1274=CARTESIAN_POINT('',(64.9079080573365,2000.,202.268374864101));
#1275=CARTESIAN_POINT('',(64.9079080573367,0.,202.268374864101));
#1276=CARTESIAN_POINT('',(63.9001309999997,0.,200.737791));
#1277=CARTESIAN_POINT('',(63.9001309999997,2000.,200.737791));
#1278=CARTESIAN_POINT('',(63.9001309999997,2000.,196.5786));
#1279=CARTESIAN_POINT('',(63.9001309999997,2000.,200.737791));
#1280=CARTESIAN_POINT('',(63.9001309999997,0.,200.737791));
#1281=CARTESIAN_POINT('',(63.9001309999997,0.,196.5786));
#1282=CARTESIAN_POINT('',(63.9001309999998,2000.,196.5786));
#1283=CARTESIAN_POINT('',(63.9001309999998,0.,196.5786));
#1284=CARTESIAN_POINT('',(64.7646456143332,0.,195.864436256118));
#1285=CARTESIAN_POINT('',(64.7646456143334,2000.,195.864436256117));
#1286=CARTESIAN_POINT('',(64.7646456143332,2000.,195.864436256117));
#1287=CARTESIAN_POINT('',(64.7646456143332,0.,195.864436256118));
#1288=CARTESIAN_POINT('',(64.6095192034976,0.,188.930169391449));
#1289=CARTESIAN_POINT('',(64.6095192034976,2000.,188.930169391449));
#1290=CARTESIAN_POINT('',(63.0173318904983,0.,187.326978826072));
#1291=CARTESIAN_POINT('',(63.0173318904983,2000.,187.326978826072));
#1292=CARTESIAN_POINT('',(64.6095192034976,2000.,188.930169391449));
#1293=CARTESIAN_POINT('',(64.6095192034976,0.,188.930169391449));
#1294=CARTESIAN_POINT('',(63.0173318904983,2000.,187.326978826072));
#1295=CARTESIAN_POINT('',(63.0173318904983,0.,187.326978826072));
#1296=CARTESIAN_POINT('',(50.4772690709117,0.,186.61680821129));
#1297=CARTESIAN_POINT('',(50.4772690709117,2000.,186.61680821129));
#1298=CARTESIAN_POINT('',(24.8191729999983,0.,161.56748));
#1299=CARTESIAN_POINT('',(24.8191729999983,2000.,161.56748));
#1300=CARTESIAN_POINT('',(50.477269070912,2000.,186.61680821129));
#1301=CARTESIAN_POINT('',(50.477269070912,0.,186.61680821129));
#1302=CARTESIAN_POINT('',(24.8191729999983,2000.,161.56748));
#1303=CARTESIAN_POINT('',(24.8191729999983,0.,161.56748));
#1304=CARTESIAN_POINT('',(24.7207469999997,0.,159.500802));
#1305=CARTESIAN_POINT('',(24.7207469999997,2000.,159.500802));
#1306=CARTESIAN_POINT('',(22.8600760663065,0.,157.189525024159));
#1307=CARTESIAN_POINT('',(22.8600760663064,2000.,157.189525024159));
#1308=CARTESIAN_POINT('',(24.7207469999993,2000.,159.500802));
#1309=CARTESIAN_POINT('',(24.7207469999993,0.,159.500802));
#1310=CARTESIAN_POINT('',(22.8600760663065,0.,157.189525024159));
#1311=CARTESIAN_POINT('',(17.0262214898364,0.,150.869769684045));
#1312=CARTESIAN_POINT('',(15.8452120313953,0.,149.696554008596));
#1313=CARTESIAN_POINT('',(15.8452120313953,2000.,149.696554008596));
#1314=CARTESIAN_POINT('',(12.6194269999995,0.,149.407346));
#1315=CARTESIAN_POINT('',(15.8452120313954,0.,149.696554008596));
#1316=CARTESIAN_POINT('',(24.7207469999997,0.,159.500802));
#1317=CARTESIAN_POINT('',(24.8191729999985,0.,161.56748));
#1318=CARTESIAN_POINT('',(50.4772690709121,0.,186.61680821129));
#1319=CARTESIAN_POINT('',(63.0173318904985,0.,187.326978826072));
#1320=CARTESIAN_POINT('',(64.609519203498,0.,188.930169391449));
#1321=CARTESIAN_POINT('',(64.7646456143334,0.,195.864436256118));
#1322=CARTESIAN_POINT('',(63.900131,0.,196.5786));
#1323=CARTESIAN_POINT('',(63.900131,0.,200.737791));
#1324=CARTESIAN_POINT('',(64.9079080573367,0.,202.268374864101));
#1325=CARTESIAN_POINT('',(65.0040156219136,0.,206.564455053825));
#1326=CARTESIAN_POINT('',(104.201013210706,0.,238.436423186618));
#1327=CARTESIAN_POINT('',(105.661499999999,0.,237.317751999999));
#1328=CARTESIAN_POINT('',(116.745864999999,0.,236.939446));
#1329=CARTESIAN_POINT('',(117.805121,0.,238.641823));
#1330=CARTESIAN_POINT('',(118.610576564584,0.,237.897405714695));
#1331=CARTESIAN_POINT('',(122.033074,0.,237.342056));
#1332=CARTESIAN_POINT('',(125.467848699872,0.,237.90028048962));
#1333=CARTESIAN_POINT('',(151.629791,0.,240.93887));
#1334=CARTESIAN_POINT('',(152.699999999999,0.,249.5));
#1335=CARTESIAN_POINT('',(72.8500000000003,0.,249.5));
#1336=CARTESIAN_POINT('',(39.6692569999999,0.,213.791165));
#1337=CARTESIAN_POINT('',(39.6692569999995,0.,200.791165));
#1338=CARTESIAN_POINT('',(-6.3948846218409E-013,0.,162.044705));
#1339=CARTESIAN_POINT('',(-6.3948846218409E-013,0.,128.75));
#1340=CARTESIAN_POINT('',(7.49504399999992,0.,129.781916999999));
#1341=CARTESIAN_POINT('',(9.02201920754347,0.,131.508504007294));
#1342=CARTESIAN_POINT('',(11.9886763784274,0.,137.423204236618));
#1343=CARTESIAN_POINT('',(12.6194269999995,2000.,149.407345999999));
#1344=CARTESIAN_POINT('',(11.9886763784274,2000.,137.423204236617));
#1345=CARTESIAN_POINT('',(9.02201920754366,2000.,131.508504007293));
#1346=CARTESIAN_POINT('',(7.49504399999994,2000.,129.781916999999));
#1347=CARTESIAN_POINT('',(-6.3948846218409E-013,2000.,128.75));
#1348=CARTESIAN_POINT('',(-6.3948846218409E-013,2000.,162.044705));
#1349=CARTESIAN_POINT('',(39.6692569999999,2000.,200.791165));
#1350=CARTESIAN_POINT('',(39.6692569999999,2000.,213.791165));
#1351=CARTESIAN_POINT('',(72.8500000000002,2000.,249.5));
#1352=CARTESIAN_POINT('',(152.699999999999,2000.,249.5));
#1353=CARTESIAN_POINT('',(151.629791,2000.,240.93887));
#1354=CARTESIAN_POINT('',(125.467848699872,2000.,237.90028048962));
#1355=CARTESIAN_POINT('',(122.033074,2000.,237.342056));
#1356=CARTESIAN_POINT('',(118.610576564584,2000.,237.897405714695));
#1357=CARTESIAN_POINT('',(117.805121,2000.,238.641823));
#1358=CARTESIAN_POINT('',(116.745864999999,2000.,236.939446));
#1359=CARTESIAN_POINT('',(105.661499999999,2000.,237.317752));
#1360=CARTESIAN_POINT('',(104.201013210706,2000.,238.436423186618));
#1361=CARTESIAN_POINT('',(65.0040156219135,2000.,206.564455053825));
#1362=CARTESIAN_POINT('',(64.9079080573366,2000.,202.268374864101));
#1363=CARTESIAN_POINT('',(63.900131,2000.,200.737791));
#1364=CARTESIAN_POINT('',(63.900131,2000.,196.5786));
#1365=CARTESIAN_POINT('',(64.7646456143333,2000.,195.864436256117));
#1366=CARTESIAN_POINT('',(64.6095192034978,2000.,188.930169391449));
#1367=CARTESIAN_POINT('',(63.0173318904985,2000.,187.326978826071));
#1368=CARTESIAN_POINT('',(50.4772690709121,2000.,186.61680821129));
#1369=CARTESIAN_POINT('',(24.8191729999985,2000.,161.56748));
#1370=CARTESIAN_POINT('',(24.7207469999997,2000.,159.500802));
#1371=CARTESIAN_POINT('',(15.8452120313954,2000.,149.696554008595));
#1372=CARTESIAN_POINT('',(12.6194269999995,2000.,149.407345999999));
#1373=CARTESIAN_POINT('',(15.8452120313953,2000.,149.696554008595));
#1374=CARTESIAN_POINT('',(15.8452120313953,2000.,149.696554008595));
#1375=CARTESIAN_POINT('',(15.8452120313953,0.,149.696554008596));
#1376=CARTESIAN_POINT('',(15.8452120313953,0.,149.696554008596));
#1377=CARTESIAN_POINT('',(12.6194269999995,0.,149.407345999999));
#1378=CARTESIAN_POINT('',(12.6194269999995,0.,149.407345999999));
#1379=CARTESIAN_POINT('',(12.6194269999995,2000.,149.407345999999));
#1380=CARTESIAN_POINT('',(11.9886763784274,2000.,137.423204236618));
#1381=CARTESIAN_POINT('',(12.6194269999994,2000.,149.407346));
#1382=CARTESIAN_POINT('',(12.6194269999994,2000.,149.407346));
#1383=CARTESIAN_POINT('',(12.6194269999994,0.,149.407346));
#1384=CARTESIAN_POINT('',(12.6194269999994,0.,149.407346));
#1385=CARTESIAN_POINT('',(11.9886763784274,0.,137.423204236618));
#1386=CARTESIAN_POINT('',(11.9886763784274,0.,137.423204236618));
#1387=CARTESIAN_POINT('',(11.9886763784274,2000.,137.423204236618));
#1388=CARTESIAN_POINT('',(11.988676378427,0.,137.423204236618));
#1389=CARTESIAN_POINT('',(11.9770460560328,0.,137.27739361472));
#1390=CARTESIAN_POINT('',(11.9575595195815,0.,137.132423697998));
#1391=CARTESIAN_POINT('',(11.9302736247309,0.,136.988717463619));
#1392=CARTESIAN_POINT('',(11.8952679832429,0.,136.846694201717));
#1393=CARTESIAN_POINT('',(11.8526447307013,0.,136.706768292036));
#1394=CARTESIAN_POINT('',(11.8025282285115,0.,136.569347994898));
#1395=CARTESIAN_POINT('',(11.745064701053,0.,136.434834260026));
#1396=CARTESIAN_POINT('',(11.6804218090418,0.,136.303619556697));
#1397=CARTESIAN_POINT('',(11.6087881603488,0.,136.176086728641));
#1398=CARTESIAN_POINT('',(11.5303727597002,0.,136.052607877017));
#1399=CARTESIAN_POINT('',(11.4454043988672,0.,135.933543274743));
#1400=CARTESIAN_POINT('',(11.3541309891224,0.,135.819240315329));
#1401=CARTESIAN_POINT('',(11.2568188379118,0.,135.71003249929));
#1402=CARTESIAN_POINT('',(11.1537518718522,0.,135.606238461097));
#1403=CARTESIAN_POINT('',(11.0452308083222,0.,135.508161039498));
#1404=CARTESIAN_POINT('',(10.9315722780615,0.,135.416086393931));
#1405=CARTESIAN_POINT('',(10.8131079013417,0.,135.3302831696));
#1406=CARTESIAN_POINT('',(10.6901833204004,0.,135.251001713649));
#1407=CARTESIAN_POINT('',(10.5631571909656,0.,135.17847334473));
#1408=CARTESIAN_POINT('',(10.4324001358088,0.,135.112909678085));
#1409=CARTESIAN_POINT('',(10.2982936633836,0.,135.054502008119));
#1410=CARTESIAN_POINT('',(10.1612290547023,0.,135.003420750262));
#1411=CARTESIAN_POINT('',(10.1612290547023,0.,135.003420750262));
#1412=CARTESIAN_POINT('',(10.1612290547023,2000.,135.003420750262));
#1413=CARTESIAN_POINT('',(10.1612290547023,2000.,135.003420750262));
#1414=CARTESIAN_POINT('',(10.2982936633836,2000.,135.054502008119));
#1415=CARTESIAN_POINT('',(10.4324001358088,2000.,135.112909678085));
#1416=CARTESIAN_POINT('',(10.5631571909656,2000.,135.17847334473));
#1417=CARTESIAN_POINT('',(10.6901833204004,2000.,135.251001713649));
#1418=CARTESIAN_POINT('',(10.8131079013417,2000.,135.3302831696));
#1419=CARTESIAN_POINT('',(10.9315722780615,2000.,135.416086393931));
#1420=CARTESIAN_POINT('',(11.0452308083222,2000.,135.508161039498));
#1421=CARTESIAN_POINT('',(11.1537518718522,2000.,135.606238461097));
#1422=CARTESIAN_POINT('',(11.2568188379118,2000.,135.71003249929));
#1423=CARTESIAN_POINT('',(11.3541309891224,2000.,135.819240315329));
#1424=CARTESIAN_POINT('',(11.4454043988672,2000.,135.933543274743));
#1425=CARTESIAN_POINT('',(11.5303727597002,2000.,136.052607877017));
#1426=CARTESIAN_POINT('',(11.6087881603488,2000.,136.176086728641));
#1427=CARTESIAN_POINT('',(11.6804218090418,2000.,136.303619556697));
#1428=CARTESIAN_POINT('',(11.745064701053,2000.,136.434834260026));
#1429=CARTESIAN_POINT('',(11.8025282285115,2000.,136.569347994898));
#1430=CARTESIAN_POINT('',(11.8526447307013,2000.,136.706768292036));
#1431=CARTESIAN_POINT('',(11.8952679832429,2000.,136.846694201717));
#1432=CARTESIAN_POINT('',(11.9302736247309,2000.,136.988717463619));
#1433=CARTESIAN_POINT('',(11.9575595195815,2000.,137.132423697998));
#1434=CARTESIAN_POINT('',(11.9770460560328,2000.,137.27739361472));
#1435=CARTESIAN_POINT('',(11.988676378427,2000.,137.423204236618));
#1436=CARTESIAN_POINT('',(11.988676378427,2000.,137.423204236618));
#1437=CARTESIAN_POINT('',(11.988676378427,0.,137.423204236618));
#1438=CARTESIAN_POINT('',(9.19847199999849,0.,133.754201));
#1439=CARTESIAN_POINT('',(9.20692847151979,0.,133.837584735628));
#1440=CARTESIAN_POINT('',(9.22016848112838,0.,133.919907501262));
#1441=CARTESIAN_POINT('',(9.23819202882432,0.,134.001169296901));
#1442=CARTESIAN_POINT('',(9.26099911460751,0.,134.081370122546));
#1443=CARTESIAN_POINT('',(9.28858973847805,0.,134.160509978196));
#1444=CARTESIAN_POINT('',(9.32070967050937,0.,134.237922310832));
#1445=CARTESIAN_POINT('',(9.35710468077509,0.,134.312940567435));
#1446=CARTESIAN_POINT('',(9.39777476927513,0.,134.385564748005));
#1447=CARTESIAN_POINT('',(9.44271993600955,0.,134.455794852542));
#1448=CARTESIAN_POINT('',(9.49194018097835,0.,134.523630881046));
#1449=CARTESIAN_POINT('',(9.54500002574203,0.,134.58850778103));
#1450=CARTESIAN_POINT('',(9.60146399186129,0.,134.649860500009));
#1451=CARTESIAN_POINT('',(9.66133207933608,0.,134.707689037983));
#1452=CARTESIAN_POINT('',(9.72460428816639,0.,134.761993394951));
#1453=CARTESIAN_POINT('',(9.79128061835225,0.,134.812773570914));
#1454=CARTESIAN_POINT('',(9.86078126849723,0.,134.859613926456));
#1455=CARTESIAN_POINT('',(9.93252643720471,0.,134.902098822162));
#1456=CARTESIAN_POINT('',(10.0065161244747,0.,134.940228258031));
#1457=CARTESIAN_POINT('',(10.0827503303072,0.,134.974002234065));
#1458=CARTESIAN_POINT('',(10.1612290547022,0.,135.003420750262));
#1459=CARTESIAN_POINT('',(9.19847199999803,2000.,133.754201));
#1460=CARTESIAN_POINT('',(9.19847199999807,0.,133.754201));
#1461=CARTESIAN_POINT('',(10.1612290547022,2000.,135.003420750262));
#1462=CARTESIAN_POINT('',(10.0827503303072,2000.,134.974002234064));
#1463=CARTESIAN_POINT('',(10.0065161244747,2000.,134.940228258031));
#1464=CARTESIAN_POINT('',(9.93252643720473,2000.,134.902098822161));
#1465=CARTESIAN_POINT('',(9.86078126849723,2000.,134.859613926455));
#1466=CARTESIAN_POINT('',(9.79128061835223,2000.,134.812773570913));
#1467=CARTESIAN_POINT('',(9.72460428816635,2000.,134.76199339495));
#1468=CARTESIAN_POINT('',(9.66133207933605,2000.,134.707689037982));
#1469=CARTESIAN_POINT('',(9.60146399186125,2000.,134.649860500009));
#1470=CARTESIAN_POINT('',(9.54500002574204,2000.,134.588507781029));
#1471=CARTESIAN_POINT('',(9.49194018097832,2000.,134.523630881045));
#1472=CARTESIAN_POINT('',(9.44271993600955,2000.,134.455794852542));
#1473=CARTESIAN_POINT('',(9.39777476927513,2000.,134.385564748005));
#1474=CARTESIAN_POINT('',(9.35710468077507,2000.,134.312940567435));
#1475=CARTESIAN_POINT('',(9.32070967050936,2000.,134.237922310832));
#1476=CARTESIAN_POINT('',(9.28858973847805,2000.,134.160509978195));
#1477=CARTESIAN_POINT('',(9.26099911460751,2000.,134.081370122546));
#1478=CARTESIAN_POINT('',(9.23819202882429,2000.,134.001169296901));
#1479=CARTESIAN_POINT('',(9.22016848112838,2000.,133.919907501262));
#1480=CARTESIAN_POINT('',(9.20692847151979,2000.,133.837584735628));
#1481=CARTESIAN_POINT('',(9.19847199999805,2000.,133.754201));
#1482=CARTESIAN_POINT('',(9.02201920754328,2000.,131.508504007294));
#1483=CARTESIAN_POINT('',(9.19847199999803,2000.,133.754201));
#1484=CARTESIAN_POINT('',(9.19847199999807,0.,133.754201));
#1485=CARTESIAN_POINT('',(9.02201920754328,0.,131.508504007294));
#1486=CARTESIAN_POINT('',(9.02201920754328,0.,131.508504007294));
#1487=CARTESIAN_POINT('',(9.02201920754328,2000.,131.508504007294));
#1488=CARTESIAN_POINT('',(9.02201920754343,0.,131.508504007294));
#1489=CARTESIAN_POINT('',(9.01104934540465,0.,131.390807956169));
#1490=CARTESIAN_POINT('',(8.99267744151903,0.,131.274038219194));
#1491=CARTESIAN_POINT('',(8.96697666463508,0.,131.158659848633));
#1492=CARTESIAN_POINT('',(8.93404937179175,0.,131.045132355436));
#1493=CARTESIAN_POINT('',(8.8940267006667,0.,130.933907879165));
#1494=CARTESIAN_POINT('',(8.84706804730172,0.,130.825429387289));
#1495=CARTESIAN_POINT('',(8.79336043128504,0.,130.720128910996));
#1496=CARTESIAN_POINT('',(8.73311775091894,0.,130.618425824573));
#1497=CARTESIAN_POINT('',(8.66657993133903,0.,130.520725175183));
#1498=CARTESIAN_POINT('',(8.59401196897787,0.,130.427416069709));
#1499=CARTESIAN_POINT('',(8.5157028761786,0.,130.338870125077));
#1500=CARTESIAN_POINT('',(8.43196453016172,0.,130.255439988244));
#1501=CARTESIAN_POINT('',(8.34313043092925,0.,130.177457931723));
#1502=CARTESIAN_POINT('',(8.24955437305297,0.,130.105234530266));
#1503=CARTESIAN_POINT('',(8.15160903663674,0.,130.039057423953));
#1504=CARTESIAN_POINT('',(8.04968450306435,0.,129.979190172624));
#1505=CARTESIAN_POINT('',(7.94418670144436,0.,129.925871206214));
#1506=CARTESIAN_POINT('',(7.83553579193905,0.,129.879312875173));
#1507=CARTESIAN_POINT('',(7.72416449241618,0.,129.839700604748));
#1508=CARTESIAN_POINT('',(7.61051635508787,0.,129.8071921565));
#1509=CARTESIAN_POINT('',(7.49504400000011,0.,129.781916999999));
#1510=CARTESIAN_POINT('',(7.49504400000011,0.,129.781916999999));
#1511=CARTESIAN_POINT('',(7.49504400000011,2000.,129.781916999999));
#1512=CARTESIAN_POINT('',(7.49504400000011,2000.,129.781916999999));
#1513=CARTESIAN_POINT('',(7.61051635508787,2000.,129.8071921565));
#1514=CARTESIAN_POINT('',(7.72416449241618,2000.,129.839700604748));
#1515=CARTESIAN_POINT('',(7.83553579193905,2000.,129.879312875173));
#1516=CARTESIAN_POINT('',(7.94418670144436,2000.,129.925871206214));
#1517=CARTESIAN_POINT('',(8.04968450306435,2000.,129.979190172624));
#1518=CARTESIAN_POINT('',(8.15160903663674,2000.,130.039057423953));
#1519=CARTESIAN_POINT('',(8.24955437305297,2000.,130.105234530266));
#1520=CARTESIAN_POINT('',(8.34313043092925,2000.,130.177457931723));
#1521=CARTESIAN_POINT('',(8.43196453016172,2000.,130.255439988244));
#1522=CARTESIAN_POINT('',(8.5157028761786,2000.,130.338870125077));
#1523=CARTESIAN_POINT('',(8.59401196897787,2000.,130.427416069709));
#1524=CARTESIAN_POINT('',(8.66657993133903,2000.,130.520725175183));
#1525=CARTESIAN_POINT('',(8.73311775091894,2000.,130.618425824573));
#1526=CARTESIAN_POINT('',(8.79336043128504,2000.,130.720128910996));
#1527=CARTESIAN_POINT('',(8.84706804730172,2000.,130.825429387289));
#1528=CARTESIAN_POINT('',(8.8940267006667,2000.,130.933907879165));
#1529=CARTESIAN_POINT('',(8.93404937179175,2000.,131.045132355436));
#1530=CARTESIAN_POINT('',(8.96697666463508,2000.,131.158659848633));
#1531=CARTESIAN_POINT('',(8.99267744151903,2000.,131.274038219194));
#1532=CARTESIAN_POINT('',(9.01104934540465,2000.,131.390807956169));
#1533=CARTESIAN_POINT('',(9.02201920754343,2000.,131.508504007294));
#1534=CARTESIAN_POINT('',(9.02201920754343,2000.,131.508504007294));
#1535=CARTESIAN_POINT('',(9.02201920754343,0.,131.508504007294));
#1536=CARTESIAN_POINT('',(-1.47437617670221E-013,2000.,128.75));
#1537=CARTESIAN_POINT('',(7.49504400000001,2000.,129.781917));
#1538=CARTESIAN_POINT('',(7.49504400000001,2000.,129.781917));
#1539=CARTESIAN_POINT('',(7.49504400000001,0.,129.781917));
#1540=CARTESIAN_POINT('',(7.49504400000001,0.,129.781917));
#1541=CARTESIAN_POINT('',(-1.47437617670221E-013,0.,128.75));
#1542=CARTESIAN_POINT('',(-1.47437617670221E-013,0.,128.75));
#1543=CARTESIAN_POINT('',(-1.47437617670221E-013,2000.,128.75));
#1544=CARTESIAN_POINT('',(-6.25277607468888E-013,2000.,128.75));
#1545=CARTESIAN_POINT('',(-6.25277607468888E-013,0.,128.75));
#1546=CARTESIAN_POINT('',(-6.25277607468888E-013,0.,128.75));
#1547=CARTESIAN_POINT('',(-6.25277607468888E-013,0.,162.044705));
#1548=CARTESIAN_POINT('',(-6.25277607468888E-013,0.,162.044705));
#1549=CARTESIAN_POINT('',(-6.25277607468888E-013,2000.,162.044705));
#1550=CARTESIAN_POINT('',(-6.25277607468888E-013,2000.,162.044705));
#1551=CARTESIAN_POINT('',(-6.25277607468888E-013,2000.,128.75));
#1552=CARTESIAN_POINT('',(39.6692569999994,2000.,200.791165));
#1553=CARTESIAN_POINT('',(-8.3485623078989E-013,2000.,162.044705));
#1554=CARTESIAN_POINT('',(-8.3485623078989E-013,2000.,162.044705));
#1555=CARTESIAN_POINT('',(-6.07545522803113E-013,0.,162.044705));
#1556=CARTESIAN_POINT('',(-6.07545522803113E-013,0.,162.044705));
#1557=CARTESIAN_POINT('',(39.6692569999996,0.,200.791165));
#1558=CARTESIAN_POINT('',(39.6692569999996,0.,200.791165));
#1559=CARTESIAN_POINT('',(39.6692569999994,2000.,200.791165));
#1560=CARTESIAN_POINT('',(39.6692569999999,2000.,200.791165));
#1561=CARTESIAN_POINT('',(39.6692569999999,0.,200.791165));
#1562=CARTESIAN_POINT('',(39.6692569999999,0.,200.791165));
#1563=CARTESIAN_POINT('',(39.6692569999999,0.,213.791165));
#1564=CARTESIAN_POINT('',(39.6692569999999,0.,213.791165));
#1565=CARTESIAN_POINT('',(39.6692569999999,2000.,213.791165));
#1566=CARTESIAN_POINT('',(39.6692569999999,2000.,213.791165));
#1567=CARTESIAN_POINT('',(39.6692569999999,2000.,200.791165));
#1568=CARTESIAN_POINT('',(72.8500000000002,2000.,249.5));
#1569=CARTESIAN_POINT('',(39.6692569999999,2000.,213.791165));
#1570=CARTESIAN_POINT('',(39.6692569999999,2000.,213.791165));
#1571=CARTESIAN_POINT('',(39.6692569999999,0.,213.791165));
#1572=CARTESIAN_POINT('',(39.6692569999999,0.,213.791165));
#1573=CARTESIAN_POINT('',(72.8500000000002,0.,249.5));
#1574=CARTESIAN_POINT('',(72.8500000000002,0.,249.5));
#1575=CARTESIAN_POINT('',(72.8500000000002,2000.,249.5));
#1576=CARTESIAN_POINT('',(72.8500000000002,2000.,249.5));
#1577=CARTESIAN_POINT('',(72.8500000000002,0.,249.5));
#1578=CARTESIAN_POINT('',(72.8500000000002,0.,249.5));
#1579=CARTESIAN_POINT('',(152.699999999999,0.,249.5));
#1580=CARTESIAN_POINT('',(152.699999999999,0.,249.5));
#1581=CARTESIAN_POINT('',(152.699999999999,2000.,249.5));
#1582=CARTESIAN_POINT('',(152.699999999999,2000.,249.5));
#1583=CARTESIAN_POINT('',(72.8500000000002,2000.,249.5));
#1584=CARTESIAN_POINT('',(151.629791,2000.,240.93887));
#1585=CARTESIAN_POINT('',(152.699999999999,2000.,249.5));
#1586=CARTESIAN_POINT('',(152.699999999999,2000.,249.5));
#1587=CARTESIAN_POINT('',(152.699999999999,0.,249.5));
#1588=CARTESIAN_POINT('',(152.699999999999,0.,249.5));
#1589=CARTESIAN_POINT('',(151.629791,0.,240.93887));
#1590=CARTESIAN_POINT('',(151.629791,0.,240.93887));
#1591=CARTESIAN_POINT('',(151.629791,2000.,240.93887));
#1592=CARTESIAN_POINT('',(148.379791,0.,240.93887));
#1593=CARTESIAN_POINT('',(148.379791,2000.,240.93887));
#1594=CARTESIAN_POINT('',(148.379791,2000.,240.93887));
#1595=CARTESIAN_POINT('',(151.629791,2000.,240.93887));
#1596=CARTESIAN_POINT('',(151.629791,2000.,240.93887));
#1597=CARTESIAN_POINT('',(151.629791,0.,240.93887));
#1598=CARTESIAN_POINT('',(151.629791,0.,240.93887));
#1599=CARTESIAN_POINT('',(148.379791,0.,240.93887));
#1600=CARTESIAN_POINT('',(136.50892370988,0.,243.263028333084));
#1601=CARTESIAN_POINT('',(136.783933957359,0.,243.34993720194));
#1602=CARTESIAN_POINT('',(137.060206638981,0.,243.430276812922));
#1603=CARTESIAN_POINT('',(137.337741754747,0.,243.504047166033));
#1604=CARTESIAN_POINT('',(137.616539304656,0.,243.571248261271));
#1605=CARTESIAN_POINT('',(137.896599288707,0.,243.631880098636));
#1606=CARTESIAN_POINT('',(138.177921706902,0.,243.685942678129));
#1607=CARTESIAN_POINT('',(138.46050655924,0.,243.73343599975));
#1608=CARTESIAN_POINT('',(138.744353845721,0.,243.774360063498));
#1609=CARTESIAN_POINT('',(139.029463566345,0.,243.808714869374));
#1610=CARTESIAN_POINT('',(139.315835721112,0.,243.836500417377));
#1611=CARTESIAN_POINT('',(139.603470310022,0.,243.857716707508));
#1612=CARTESIAN_POINT('',(139.891516832606,0.,243.872310834129));
#1613=CARTESIAN_POINT('',(140.179124788393,0.,243.880229891602));
#1614=CARTESIAN_POINT('',(140.466294177385,0.,243.881473879927));
#1615=CARTESIAN_POINT('',(140.753024999582,0.,243.876042799106));
#1616=CARTESIAN_POINT('',(141.039317254982,0.,243.863936649136));
#1617=CARTESIAN_POINT('',(141.325170943587,0.,243.845155430018));
#1618=CARTESIAN_POINT('',(141.610586065395,0.,243.819699141754));
#1619=CARTESIAN_POINT('',(141.895562620408,0.,243.787567784341));
#1620=CARTESIAN_POINT('',(142.180100608625,0.,243.748761357781));
#1621=CARTESIAN_POINT('',(142.464200030047,0.,243.703279862073));
#1622=CARTESIAN_POINT('',(142.747860884672,0.,243.651123297217));
#1623=CARTESIAN_POINT('',(143.006795369396,0.,243.597586828611));
#1624=CARTESIAN_POINT('',(143.263955942985,0.,243.53871660508));
#1625=CARTESIAN_POINT('',(143.519342605438,0.,243.474512626623));
#1626=CARTESIAN_POINT('',(143.772955356755,0.,243.404974893242));
#1627=CARTESIAN_POINT('',(144.024794196937,0.,243.330103404935));
#1628=CARTESIAN_POINT('',(144.274859125983,0.,243.249898161704));
#1629=CARTESIAN_POINT('',(144.523150143893,0.,243.164359163547));
#1630=CARTESIAN_POINT('',(144.769667250668,0.,243.073486410465));
#1631=CARTESIAN_POINT('',(145.014410446307,0.,242.977279902459));
#1632=CARTESIAN_POINT('',(145.25737973081,0.,242.875739639526));
#1633=CARTESIAN_POINT('',(145.498575104178,0.,242.768865621669));
#1634=CARTESIAN_POINT('',(145.737996566411,0.,242.656657848887));
#1635=CARTESIAN_POINT('',(145.974998992197,0.,242.539427003879));
#1636=CARTESIAN_POINT('',(146.208937256229,0.,242.417483769344));
#1637=CARTESIAN_POINT('',(146.439811358505,0.,242.290828145281));
#1638=CARTESIAN_POINT('',(146.667621299026,0.,242.159460131692));
#1639=CARTESIAN_POINT('',(146.892367077792,0.,242.023379728575));
#1640=CARTESIAN_POINT('',(147.114048694802,0.,241.882586935931));
#1641=CARTESIAN_POINT('',(147.332666150056,0.,241.73708175376));
#1642=CARTESIAN_POINT('',(147.548219443556,0.,241.586864182063));
#1643=CARTESIAN_POINT('',(147.7607085753,0.,241.431934220837));
#1644=CARTESIAN_POINT('',(147.970133545289,0.,241.272291870086));
#1645=CARTESIAN_POINT('',(148.176494353522,0.,241.107937129806));
#1646=CARTESIAN_POINT('',(148.379791,0.,240.93887));
#1647=CARTESIAN_POINT('',(136.508923709879,0.,243.263028333085));
#1648=CARTESIAN_POINT('',(136.508923709879,2000.,243.263028333084));
#1649=CARTESIAN_POINT('',(148.379791,2000.,240.93887));
#1650=CARTESIAN_POINT('',(148.176494353522,2000.,241.107937129806));
#1651=CARTESIAN_POINT('',(147.970133545289,2000.,241.272291870085));
#1652=CARTESIAN_POINT('',(147.7607085753,2000.,241.431934220837));
#1653=CARTESIAN_POINT('',(147.548219443556,2000.,241.586864182063));
#1654=CARTESIAN_POINT('',(147.332666150056,2000.,241.73708175376));
#1655=CARTESIAN_POINT('',(147.114048694802,2000.,241.882586935931));
#1656=CARTESIAN_POINT('',(146.892367077791,2000.,242.023379728575));
#1657=CARTESIAN_POINT('',(146.667621299026,2000.,242.159460131692));
#1658=CARTESIAN_POINT('',(146.439811358505,2000.,242.290828145281));
#1659=CARTESIAN_POINT('',(146.208937256229,2000.,242.417483769344));
#1660=CARTESIAN_POINT('',(145.974998992197,2000.,242.539427003879));
#1661=CARTESIAN_POINT('',(145.73799656641,2000.,242.656657848887));
#1662=CARTESIAN_POINT('',(145.498575104178,2000.,242.768865621669));
#1663=CARTESIAN_POINT('',(145.25737973081,2000.,242.875739639526));
#1664=CARTESIAN_POINT('',(145.014410446307,2000.,242.977279902458));
#1665=CARTESIAN_POINT('',(144.769667250668,2000.,243.073486410465));
#1666=CARTESIAN_POINT('',(144.523150143893,2000.,243.164359163547));
#1667=CARTESIAN_POINT('',(144.274859125982,2000.,243.249898161704));
#1668=CARTESIAN_POINT('',(144.024794196936,2000.,243.330103404935));
#1669=CARTESIAN_POINT('',(143.772955356755,2000.,243.404974893242));
#1670=CARTESIAN_POINT('',(143.519342605438,2000.,243.474512626623));
#1671=CARTESIAN_POINT('',(143.263955942985,2000.,243.53871660508));
#1672=CARTESIAN_POINT('',(143.006795369396,2000.,243.597586828611));
#1673=CARTESIAN_POINT('',(142.747860884672,2000.,243.651123297217));
#1674=CARTESIAN_POINT('',(142.464200030047,2000.,243.703279862073));
#1675=CARTESIAN_POINT('',(142.180100608625,2000.,243.748761357781));
#1676=CARTESIAN_POINT('',(141.895562620408,2000.,243.787567784341));
#1677=CARTESIAN_POINT('',(141.610586065395,2000.,243.819699141754));
#1678=CARTESIAN_POINT('',(141.325170943586,2000.,243.845155430018));
#1679=CARTESIAN_POINT('',(141.039317254982,2000.,243.863936649136));
#1680=CARTESIAN_POINT('',(140.753024999582,2000.,243.876042799106));
#1681=CARTESIAN_POINT('',(140.466294177385,2000.,243.881473879927));
#1682=CARTESIAN_POINT('',(140.179124788393,2000.,243.880229891602));
#1683=CARTESIAN_POINT('',(139.891516832605,2000.,243.872310834129));
#1684=CARTESIAN_POINT('',(139.603470310022,2000.,243.857716707508));
#1685=CARTESIAN_POINT('',(139.315835721112,2000.,243.836500417377));
#1686=CARTESIAN_POINT('',(139.029463566345,2000.,243.808714869374));
#1687=CARTESIAN_POINT('',(138.744353845721,2000.,243.774360063498));
#1688=CARTESIAN_POINT('',(138.46050655924,2000.,243.73343599975));
#1689=CARTESIAN_POINT('',(138.177921706902,2000.,243.685942678129));
#1690=CARTESIAN_POINT('',(137.896599288707,2000.,243.631880098636));
#1691=CARTESIAN_POINT('',(137.616539304655,2000.,243.571248261271));
#1692=CARTESIAN_POINT('',(137.337741754747,2000.,243.504047166033));
#1693=CARTESIAN_POINT('',(137.060206638981,2000.,243.430276812922));
#1694=CARTESIAN_POINT('',(136.783933957359,2000.,243.34993720194));
#1695=CARTESIAN_POINT('',(136.508923709879,2000.,243.263028333084));
#1696=CARTESIAN_POINT('',(130.607194796547,0.,240.526575987447));
#1697=CARTESIAN_POINT('',(130.95727674254,0.,240.738098849748));
#1698=CARTESIAN_POINT('',(131.309862170012,0.,240.944222433288));
#1699=CARTESIAN_POINT('',(131.664951078962,0.,241.144946738069));
#1700=CARTESIAN_POINT('',(132.022543469391,0.,241.34027176409));
#1701=CARTESIAN_POINT('',(132.382639341299,0.,241.530197511351));
#1702=CARTESIAN_POINT('',(132.745238694686,0.,241.714723979852));
#1703=CARTESIAN_POINT('',(133.110341529551,0.,241.893851169594));
#1704=CARTESIAN_POINT('',(133.477947845895,0.,242.067579080577));
#1705=CARTESIAN_POINT('',(133.848057643718,0.,242.235907712799));
#1706=CARTESIAN_POINT('',(134.220670923019,0.,242.398837066262));
#1707=CARTESIAN_POINT('',(134.595787683799,0.,242.556367140965));
#1708=CARTESIAN_POINT('',(134.973407926058,0.,242.708497936908));
#1709=CARTESIAN_POINT('',(135.353531649795,0.,242.855229454092));
#1710=CARTESIAN_POINT('',(135.736158855011,0.,242.996561692516));
#1711=CARTESIAN_POINT('',(136.121289541706,0.,243.13249465218));
#1712=CARTESIAN_POINT('',(136.50892370988,0.,243.263028333084));
#1713=CARTESIAN_POINT('',(130.607194796546,2000.,240.526575987448));
#1714=CARTESIAN_POINT('',(130.607194796546,0.,240.526575987448));
#1715=CARTESIAN_POINT('',(136.508923709879,2000.,243.263028333084));
#1716=CARTESIAN_POINT('',(136.121289541706,2000.,243.13249465218));
#1717=CARTESIAN_POINT('',(135.736158855011,2000.,242.996561692516));
#1718=CARTESIAN_POINT('',(135.353531649795,2000.,242.855229454092));
#1719=CARTESIAN_POINT('',(134.973407926058,2000.,242.708497936908));
#1720=CARTESIAN_POINT('',(134.595787683799,2000.,242.556367140965));
#1721=CARTESIAN_POINT('',(134.220670923019,2000.,242.398837066262));
#1722=CARTESIAN_POINT('',(133.848057643717,2000.,242.235907712799));
#1723=CARTESIAN_POINT('',(133.477947845895,2000.,242.067579080577));
#1724=CARTESIAN_POINT('',(133.110341529551,2000.,241.893851169594));
#1725=CARTESIAN_POINT('',(132.745238694686,2000.,241.714723979852));
#1726=CARTESIAN_POINT('',(132.382639341299,2000.,241.530197511351));
#1727=CARTESIAN_POINT('',(132.022543469391,2000.,241.34027176409));
#1728=CARTESIAN_POINT('',(131.664951078962,2000.,241.144946738068));
#1729=CARTESIAN_POINT('',(131.309862170011,2000.,240.944222433288));
#1730=CARTESIAN_POINT('',(130.95727674254,2000.,240.738098849748));
#1731=CARTESIAN_POINT('',(130.607194796546,2000.,240.526575987447));
#1732=CARTESIAN_POINT('',(130.607194796546,0.,240.526575987448));
#1733=CARTESIAN_POINT('',(130.157692775036,0.,240.254917154238));
#1734=CARTESIAN_POINT('',(129.704368409998,0.,239.989685917266));
#1735=CARTESIAN_POINT('',(129.247313605711,0.,239.730936047933));
#1736=CARTESIAN_POINT('',(128.786621022739,0.,239.478720003643));
#1737=CARTESIAN_POINT('',(128.32238405915,0.,239.233088917174));
#1738=CARTESIAN_POINT('',(127.854696831578,0.,238.994092586306));
#1739=CARTESIAN_POINT('',(127.383654156142,0.,238.761779463731));
#1740=CARTESIAN_POINT('',(126.909351529225,0.,238.536196647227));
#1741=CARTESIAN_POINT('',(126.431885108114,0.,238.317389870107));
#1742=CARTESIAN_POINT('',(125.951351691503,0.,238.105403491953));
#1743=CARTESIAN_POINT('',(125.467848699871,0.,237.90028048962));
#1744=CARTESIAN_POINT('',(125.467848699871,0.,237.90028048962));
#1745=CARTESIAN_POINT('',(125.467848699871,2000.,237.90028048962));
#1746=CARTESIAN_POINT('',(125.467848699871,2000.,237.90028048962));
#1747=CARTESIAN_POINT('',(125.951351691502,2000.,238.105403491953));
#1748=CARTESIAN_POINT('',(126.431885108113,2000.,238.317389870107));
#1749=CARTESIAN_POINT('',(126.909351529225,2000.,238.536196647227));
#1750=CARTESIAN_POINT('',(127.383654156142,2000.,238.761779463731));
#1751=CARTESIAN_POINT('',(127.854696831578,2000.,238.994092586306));
#1752=CARTESIAN_POINT('',(128.32238405915,2000.,239.233088917174));
#1753=CARTESIAN_POINT('',(128.786621022739,2000.,239.478720003643));
#1754=CARTESIAN_POINT('',(129.247313605711,2000.,239.730936047933));
#1755=CARTESIAN_POINT('',(129.704368409998,2000.,239.989685917266));
#1756=CARTESIAN_POINT('',(130.157692775036,2000.,240.254917154238));
#1757=CARTESIAN_POINT('',(130.607194796546,2000.,240.526575987448));
#1758=CARTESIAN_POINT('',(125.467848699872,0.,237.90028048962));
#1759=CARTESIAN_POINT('',(125.250332069295,0.,237.813760220865));
#1760=CARTESIAN_POINT('',(125.030232958163,0.,237.734038061075));
#1761=CARTESIAN_POINT('',(124.807763771047,0.,237.66119094537));
#1762=CARTESIAN_POINT('',(124.583139199738,0.,237.595289174172));
#1763=CARTESIAN_POINT('',(124.356576016062,0.,237.536396345362));
#1764=CARTESIAN_POINT('',(124.128292862682,0.,237.484569292912));
#1765=CARTESIAN_POINT('',(123.898510042103,0.,237.439858032028));
#1766=CARTESIAN_POINT('',(123.667449304071,0.,237.402305710892));
#1767=CARTESIAN_POINT('',(123.435333631571,0.,237.371948569017));
#1768=CARTESIAN_POINT('',(123.202387025646,0.,237.348815902277));
#1769=CARTESIAN_POINT('',(122.96883428922,0.,237.332930034634));
#1770=CARTESIAN_POINT('',(122.734900810161,0.,237.324306296594));
#1771=CARTESIAN_POINT('',(122.500812343765,0.,237.322953010415));
#1772=CARTESIAN_POINT('',(122.266794794902,0.,237.328871482072));
#1773=CARTESIAN_POINT('',(122.033074,0.,237.342056000001));
#1774=CARTESIAN_POINT('',(122.033074,0.,237.342056000001));
#1775=CARTESIAN_POINT('',(122.033074,2000.,237.342056000001));
#1776=CARTESIAN_POINT('',(122.033074,2000.,237.342056000001));
#1777=CARTESIAN_POINT('',(122.266794794902,2000.,237.328871482072));
#1778=CARTESIAN_POINT('',(122.500812343765,2000.,237.322953010415));
#1779=CARTESIAN_POINT('',(122.734900810161,2000.,237.324306296594));
#1780=CARTESIAN_POINT('',(122.96883428922,2000.,237.332930034634));
#1781=CARTESIAN_POINT('',(123.202387025646,2000.,237.348815902277));
#1782=CARTESIAN_POINT('',(123.435333631571,2000.,237.371948569017));
#1783=CARTESIAN_POINT('',(123.667449304071,2000.,237.402305710892));
#1784=CARTESIAN_POINT('',(123.898510042103,2000.,237.439858032028));
#1785=CARTESIAN_POINT('',(124.128292862682,2000.,237.484569292912));
#1786=CARTESIAN_POINT('',(124.356576016062,2000.,237.536396345362));
#1787=CARTESIAN_POINT('',(124.583139199738,2000.,237.595289174172));
#1788=CARTESIAN_POINT('',(124.807763771047,2000.,237.66119094537));
#1789=CARTESIAN_POINT('',(125.030232958163,2000.,237.734038061075));
#1790=CARTESIAN_POINT('',(125.250332069295,2000.,237.813760220865));
#1791=CARTESIAN_POINT('',(125.467848699872,2000.,237.90028048962));
#1792=CARTESIAN_POINT('',(125.467848699872,2000.,237.90028048962));
#1793=CARTESIAN_POINT('',(125.467848699872,0.,237.90028048962));
#1794=CARTESIAN_POINT('',(122.033074,0.,237.342056000001));
#1795=CARTESIAN_POINT('',(121.764998813391,0.,237.341799186961));
#1796=CARTESIAN_POINT('',(121.497014192325,0.,237.348771596903));
#1797=CARTESIAN_POINT('',(121.229315052866,0.,237.362968158512));
#1798=CARTESIAN_POINT('',(120.962096103438,0.,237.384378546053));
#1799=CARTESIAN_POINT('',(120.6955517032,0.,237.412987186884));
#1800=CARTESIAN_POINT('',(120.429875720687,0.,237.448773272784));
#1801=CARTESIAN_POINT('',(120.165261392797,0.,237.491710775081));
#1802=CARTESIAN_POINT('',(119.901901184244,0.,237.541768463594));
#1803=CARTESIAN_POINT('',(119.63998664757,0.,237.598909929338));
#1804=CARTESIAN_POINT('',(119.379708283822,0.,237.663093611012));
#1805=CARTESIAN_POINT('',(119.121255403993,0.,237.734272825225));
#1806=CARTESIAN_POINT('',(118.864815991324,0.,237.812395800454));
#1807=CARTESIAN_POINT('',(118.610576564584,0.,237.897405714695));
#1808=CARTESIAN_POINT('',(118.610576564584,0.,237.897405714695));
#1809=CARTESIAN_POINT('',(118.610576564584,2000.,237.897405714695));
#1810=CARTESIAN_POINT('',(118.610576564584,2000.,237.897405714695));
#1811=CARTESIAN_POINT('',(118.864815991324,2000.,237.812395800454));
#1812=CARTESIAN_POINT('',(119.121255403993,2000.,237.734272825225));
#1813=CARTESIAN_POINT('',(119.379708283822,2000.,237.663093611012));
#1814=CARTESIAN_POINT('',(119.63998664757,2000.,237.598909929338));
#1815=CARTESIAN_POINT('',(119.901901184244,2000.,237.541768463594));
#1816=CARTESIAN_POINT('',(120.165261392797,2000.,237.491710775081));
#1817=CARTESIAN_POINT('',(120.429875720687,2000.,237.448773272784));
#1818=CARTESIAN_POINT('',(120.6955517032,2000.,237.412987186884));
#1819=CARTESIAN_POINT('',(120.962096103438,2000.,237.384378546053));
#1820=CARTESIAN_POINT('',(121.229315052866,2000.,237.362968158512));
#1821=CARTESIAN_POINT('',(121.497014192325,2000.,237.348771596903));
#1822=CARTESIAN_POINT('',(121.764998813391,2000.,237.341799186961));
#1823=CARTESIAN_POINT('',(122.033074,2000.,237.342056000001));
#1824=CARTESIAN_POINT('',(122.033074,2000.,237.342056000001));
#1825=CARTESIAN_POINT('',(122.033074,0.,237.342056000001));
#1826=CARTESIAN_POINT('',(118.610576564584,0.,237.897405714695));
#1827=CARTESIAN_POINT('',(118.517252528851,0.,237.938419931487));
#1828=CARTESIAN_POINT('',(118.426855143884,0.,237.985535262491));
#1829=CARTESIAN_POINT('',(118.339782733156,0.,238.038544100571));
#1830=CARTESIAN_POINT('',(118.256418969106,0.,238.097212869673));
#1831=CARTESIAN_POINT('',(118.177131182536,0.,238.161283054044));
#1832=CARTESIAN_POINT('',(118.102268744023,0.,238.23047233735));
#1833=CARTESIAN_POINT('',(118.032161524466,0.,238.304475846662));
#1834=CARTESIAN_POINT('',(117.967118441552,0.,238.382967495833));
#1835=CARTESIAN_POINT('',(117.907426098558,0.,238.465601422355));
#1836=CARTESIAN_POINT('',(117.853347521471,0.,238.552013511351));
#1837=CARTESIAN_POINT('',(117.805121,0.,238.641823));
#1838=CARTESIAN_POINT('',(117.805121,0.,238.641823));
#1839=CARTESIAN_POINT('',(117.805121,2000.,238.641823));
#1840=CARTESIAN_POINT('',(117.805121,2000.,238.641823));
#1841=CARTESIAN_POINT('',(117.853347521471,2000.,238.552013511351));
#1842=CARTESIAN_POINT('',(117.907426098558,2000.,238.465601422355));
#1843=CARTESIAN_POINT('',(117.967118441552,2000.,238.382967495833));
#1844=CARTESIAN_POINT('',(118.032161524466,2000.,238.304475846662));
#1845=CARTESIAN_POINT('',(118.102268744024,2000.,238.23047233735));
#1846=CARTESIAN_POINT('',(118.177131182536,2000.,238.161283054044));
#1847=CARTESIAN_POINT('',(118.256418969106,2000.,238.097212869672));
#1848=CARTESIAN_POINT('',(118.339782733157,2000.,238.038544100571));
#1849=CARTESIAN_POINT('',(118.426855143884,2000.,237.985535262491));
#1850=CARTESIAN_POINT('',(118.517252528851,2000.,237.938419931487));
#1851=CARTESIAN_POINT('',(118.610576564584,2000.,237.897405714695));
#1852=CARTESIAN_POINT('',(118.610576564584,2000.,237.897405714695));
#1853=CARTESIAN_POINT('',(118.610576564584,0.,237.897405714695));
#1854=CARTESIAN_POINT('',(116.745864999999,2000.,236.939446));
#1855=CARTESIAN_POINT('',(117.805121,2000.,238.641823));
#1856=CARTESIAN_POINT('',(117.805121,2000.,238.641823));
#1857=CARTESIAN_POINT('',(117.805121,0.,238.641823));
#1858=CARTESIAN_POINT('',(117.805121,0.,238.641823));
#1859=CARTESIAN_POINT('',(116.745864999999,0.,236.939446000001));
#1860=CARTESIAN_POINT('',(116.745864999999,0.,236.939446000001));
#1861=CARTESIAN_POINT('',(116.745864999999,2000.,236.939446));
#1862=CARTESIAN_POINT('',(105.6615,2000.,237.317751999999));
#1863=CARTESIAN_POINT('',(116.745864999999,2000.,236.939446));
#1864=CARTESIAN_POINT('',(116.745864999999,2000.,236.939446));
#1865=CARTESIAN_POINT('',(116.745864999999,0.,236.939446));
#1866=CARTESIAN_POINT('',(116.745864999999,0.,236.939446));
#1867=CARTESIAN_POINT('',(105.6615,0.,237.317751999999));
#1868=CARTESIAN_POINT('',(105.6615,0.,237.317751999999));
#1869=CARTESIAN_POINT('',(105.6615,2000.,237.317751999999));
#1870=CARTESIAN_POINT('',(104.201013210706,2000.,238.436423186618));
#1871=CARTESIAN_POINT('',(105.661499999999,2000.,237.317751999999));
#1872=CARTESIAN_POINT('',(105.661499999999,2000.,237.317751999999));
#1873=CARTESIAN_POINT('',(105.661499999999,0.,237.317751999999));
#1874=CARTESIAN_POINT('',(105.661499999999,0.,237.317751999999));
#1875=CARTESIAN_POINT('',(104.201013210706,0.,238.436423186618));
#1876=CARTESIAN_POINT('',(104.201013210706,0.,238.436423186618));
#1877=CARTESIAN_POINT('',(104.201013210706,2000.,238.436423186618));
#1878=CARTESIAN_POINT('',(95.1466067977206,0.,238.436423186618));
#1879=CARTESIAN_POINT('',(95.1466067977206,2000.,238.436423186618));
#1880=CARTESIAN_POINT('',(95.1466067977206,2000.,238.436423186618));
#1881=CARTESIAN_POINT('',(104.201013210706,2000.,238.436423186618));
#1882=CARTESIAN_POINT('',(104.201013210706,2000.,238.436423186618));
#1883=CARTESIAN_POINT('',(104.201013210706,0.,238.436423186618));
#1884=CARTESIAN_POINT('',(104.201013210706,0.,238.436423186618));
#1885=CARTESIAN_POINT('',(95.1466067977206,0.,238.436423186618));
#1886=CARTESIAN_POINT('',(63.8368154018256,0.,207.915124974626));
#1887=CARTESIAN_POINT('',(63.8521566696855,0.,208.381374423559));
#1888=CARTESIAN_POINT('',(63.8743719411757,0.,208.846780471083));
#1889=CARTESIAN_POINT('',(63.9034612162963,0.,209.311343117198));
#1890=CARTESIAN_POINT('',(63.9394244950472,0.,209.775062361904));
#1891=CARTESIAN_POINT('',(63.9822617774284,0.,210.237938205202));
#1892=CARTESIAN_POINT('',(64.03197306344,0.,210.699970647091));
#1893=CARTESIAN_POINT('',(64.0885583530819,0.,211.161159687571));
#1894=CARTESIAN_POINT('',(64.1520176463542,0.,211.621505326643));
#1895=CARTESIAN_POINT('',(64.2223509432568,0.,212.081007564305));
#1896=CARTESIAN_POINT('',(64.2995582437898,0.,212.539666400559));
#1897=CARTESIAN_POINT('',(64.3836395479531,0.,212.997481835405));
#1898=CARTESIAN_POINT('',(64.4745948557468,0.,213.454453868841));
#1899=CARTESIAN_POINT('',(64.5724241671708,0.,213.910582500869));
#1900=CARTESIAN_POINT('',(64.669295795002,0.,214.33281320161));
#1901=CARTESIAN_POINT('',(64.7718446681941,0.,214.753192431376));
#1902=CARTESIAN_POINT('',(64.8800707867471,0.,215.171720190165));
#1903=CARTESIAN_POINT('',(64.9939741506609,0.,215.588396477979));
#1904=CARTESIAN_POINT('',(65.1135547599358,0.,216.003221294817));
#1905=CARTESIAN_POINT('',(65.2388126145715,0.,216.416194640679));
#1906=CARTESIAN_POINT('',(65.3697477145681,0.,216.827316515566));
#1907=CARTESIAN_POINT('',(65.5063600599256,0.,217.236586919476));
#1908=CARTESIAN_POINT('',(65.6486496506441,0.,217.644005852411));
#1909=CARTESIAN_POINT('',(65.7966164867234,0.,218.04957331437));
#1910=CARTESIAN_POINT('',(65.9502605681636,0.,218.453289305353));
#1911=CARTESIAN_POINT('',(66.1095818949648,0.,218.855153825361));
#1912=CARTESIAN_POINT('',(66.2745804671269,0.,219.255166874393));
#1913=CARTESIAN_POINT('',(66.4452562846498,0.,219.653328452448));
#1914=CARTESIAN_POINT('',(66.609475061273,0.,220.022815807831));
#1915=CARTESIAN_POINT('',(66.7782377694299,0.,220.389770967852));
#1916=CARTESIAN_POINT('',(66.9515444091203,0.,220.754193932512));
#1917=CARTESIAN_POINT('',(67.1293949803443,0.,221.11608470181));
#1918=CARTESIAN_POINT('',(67.311789483102,0.,221.475443275746));
#1919=CARTESIAN_POINT('',(67.4987279173932,0.,221.832269654322));
#1920=CARTESIAN_POINT('',(67.690210283218,0.,222.186563837536));
#1921=CARTESIAN_POINT('',(67.8862365805764,0.,222.538325825388));
#1922=CARTESIAN_POINT('',(68.0868068094684,0.,222.887555617879));
#1923=CARTESIAN_POINT('',(68.291920969894,0.,223.234253215009));
#1924=CARTESIAN_POINT('',(68.5015790618532,0.,223.578418616777));
#1925=CARTESIAN_POINT('',(68.715781085346,0.,223.920051823184));
#1926=CARTESIAN_POINT('',(68.9345270403724,0.,224.259152834229));
#1927=CARTESIAN_POINT('',(69.1578169269323,0.,224.595721649913));
#1928=CARTESIAN_POINT('',(69.3856507450259,0.,224.929758270235));
#1929=CARTESIAN_POINT('',(69.6177431976601,0.,225.260850109176));
#1930=CARTESIAN_POINT('',(69.8538089878423,0.,225.588584580717));
#1931=CARTESIAN_POINT('',(70.0938481155724,0.,225.912961684858));
#1932=CARTESIAN_POINT('',(70.3378605808505,0.,226.233981421599));
#1933=CARTESIAN_POINT('',(70.5858463836766,0.,226.551643790939));
#1934=CARTESIAN_POINT('',(70.8378055240506,0.,226.865948792879));
#1935=CARTESIAN_POINT('',(71.0937380019726,0.,227.176896427418));
#1936=CARTESIAN_POINT('',(71.3536438174425,0.,227.484486694558));
#1937=CARTESIAN_POINT('',(71.6175229704603,0.,227.788719594297));
#1938=CARTESIAN_POINT('',(71.8853754610262,0.,228.089595126636));
#1939=CARTESIAN_POINT('',(72.15720128914,0.,228.387113291574));
#1940=CARTESIAN_POINT('',(72.4330004548017,0.,228.681274089112));
#1941=CARTESIAN_POINT('',(72.7127729580114,0.,228.97207751925));
#1942=CARTESIAN_POINT('',(72.996518798769,0.,229.259523581988));
#1943=CARTESIAN_POINT('',(73.2842379770746,0.,229.543612277325));
#1944=CARTESIAN_POINT('',(73.5755713007098,0.,229.823993458796));
#1945=CARTESIAN_POINT('',(73.8701595774562,0.,230.100316979935));
#1946=CARTESIAN_POINT('',(74.1680028073136,0.,230.372582840741));
#1947=CARTESIAN_POINT('',(74.4691009902823,0.,230.640791041214));
#1948=CARTESIAN_POINT('',(74.773454126362,0.,230.904941581354));
#1949=CARTESIAN_POINT('',(75.0810622155529,0.,231.165034461162));
#1950=CARTESIAN_POINT('',(75.3919252578549,0.,231.421069680638));
#1951=CARTESIAN_POINT('',(75.7060432532681,0.,231.67304723978));
#1952=CARTESIAN_POINT('',(76.0234162017924,0.,231.920967138591));
#1953=CARTESIAN_POINT('',(76.3440441034279,0.,232.164829377068));
#1954=CARTESIAN_POINT('',(76.6679269581745,0.,232.404633955213));
#1955=CARTESIAN_POINT('',(76.9950647660323,0.,232.640380873025));
#1956=CARTESIAN_POINT('',(77.3254575270012,0.,232.872070130505));
#1957=CARTESIAN_POINT('',(77.6591052410813,0.,233.099701727652));
#1958=CARTESIAN_POINT('',(77.9960079082725,0.,233.323275664467));
#1959=CARTESIAN_POINT('',(78.3357458014807,0.,233.542517257924));
#1960=CARTESIAN_POINT('',(78.6778991936121,0.,233.757151825));
#1961=CARTESIAN_POINT('',(79.0224680846664,0.,233.967179365693));
#1962=CARTESIAN_POINT('',(79.3694524746438,0.,234.172599880005));
#1963=CARTESIAN_POINT('',(79.7188523635442,0.,234.373413367935));
#1964=CARTESIAN_POINT('',(80.0706677513675,0.,234.569619829483));
#1965=CARTESIAN_POINT('',(80.4248986381139,0.,234.761219264649));
#1966=CARTESIAN_POINT('',(80.7815450237834,0.,234.948211673433));
#1967=CARTESIAN_POINT('',(81.1406069083758,0.,235.130597055835));
#1968=CARTESIAN_POINT('',(81.5020842918913,0.,235.308375411856));
#1969=CARTESIAN_POINT('',(81.8659771743298,0.,235.481546741494));
#1970=CARTESIAN_POINT('',(82.2322855556913,0.,235.650111044751));
#1971=CARTESIAN_POINT('',(82.6010094359758,0.,235.814068321625));
#1972=CARTESIAN_POINT('',(82.9721488151833,0.,235.973418572118));
#1973=CARTESIAN_POINT('',(83.3457036933139,0.,236.128161796229));
#1974=CARTESIAN_POINT('',(83.74808812788,0.,236.288628751538));
#1975=CARTESIAN_POINT('',(84.1521786581664,0.,236.443373094065));
#1976=CARTESIAN_POINT('',(84.5579752841733,0.,236.592394823809));
#1977=CARTESIAN_POINT('',(84.9654780059005,0.,236.735693940772));
#1978=CARTESIAN_POINT('',(85.3746868233481,0.,236.873270444952));
#1979=CARTESIAN_POINT('',(85.785601736516,0.,237.00512433635));
#1980=CARTESIAN_POINT('',(86.1982227454043,0.,237.131255614966));
#1981=CARTESIAN_POINT('',(86.612549850013,0.,237.251664280799));
#1982=CARTESIAN_POINT('',(87.028583050342,0.,237.36635033385));
#1983=CARTESIAN_POINT('',(87.4463223463914,0.,237.475313774119));
#1984=CARTESIAN_POINT('',(87.8657677381612,0.,237.578554601606));
#1985=CARTESIAN_POINT('',(88.2869192256513,0.,237.676072816311));
#1986=CARTESIAN_POINT('',(88.7097768088618,0.,237.767868418233));
#1987=CARTESIAN_POINT('',(89.1343404877927,0.,237.853941407373));
#1988=CARTESIAN_POINT('',(89.5928154961408,0.,237.940107351049));
#1989=CARTESIAN_POINT('',(90.0519583404044,0.,238.01938001923));
#1990=CARTESIAN_POINT('',(90.5117690205834,0.,238.091759411917));
#1991=CARTESIAN_POINT('',(90.9722475366777,0.,238.15724552911));
#1992=CARTESIAN_POINT('',(91.4333938886875,0.,238.215838370809));
#1993=CARTESIAN_POINT('',(91.8952080766127,0.,238.267537937014));
#1994=CARTESIAN_POINT('',(92.3576901004534,0.,238.312344227726));
#1995=CARTESIAN_POINT('',(92.8208399602094,0.,238.350257242942));
#1996=CARTESIAN_POINT('',(93.2846576558808,0.,238.381276982666));
#1997=CARTESIAN_POINT('',(93.7491431874677,0.,238.405403446895));
#1998=CARTESIAN_POINT('',(94.2142965549699,0.,238.42263663563));
#1999=CARTESIAN_POINT('',(94.6801177583876,0.,238.432976548871));
#2000=CARTESIAN_POINT('',(95.1466067977207,0.,238.436423186618));
#2001=CARTESIAN_POINT('',(63.8368154018257,2000.,207.915124974626));
#2002=CARTESIAN_POINT('',(63.8368154018257,0.,207.915124974626));
#2003=CARTESIAN_POINT('',(95.1466067977201,2000.,238.436423186618));
#2004=CARTESIAN_POINT('',(94.6801177583871,2000.,238.432976548871));
#2005=CARTESIAN_POINT('',(94.2142965549695,2000.,238.42263663563));
#2006=CARTESIAN_POINT('',(93.7491431874673,2000.,238.405403446895));
#2007=CARTESIAN_POINT('',(93.2846576558805,2000.,238.381276982665));
#2008=CARTESIAN_POINT('',(92.8208399602091,2000.,238.350257242942));
#2009=CARTESIAN_POINT('',(92.3576901004531,2000.,238.312344227726));
#2010=CARTESIAN_POINT('',(91.8952080766125,2000.,238.267537937014));
#2011=CARTESIAN_POINT('',(91.4333938886873,2000.,238.215838370809));
#2012=CARTESIAN_POINT('',(90.9722475366776,2000.,238.15724552911));
#2013=CARTESIAN_POINT('',(90.5117690205832,2000.,238.091759411917));
#2014=CARTESIAN_POINT('',(90.0519583404043,2000.,238.01938001923));
#2015=CARTESIAN_POINT('',(89.5928154961407,2000.,237.940107351048));
#2016=CARTESIAN_POINT('',(89.1343404877926,2000.,237.853941407373));
#2017=CARTESIAN_POINT('',(88.7097768088617,2000.,237.767868418233));
#2018=CARTESIAN_POINT('',(88.2869192256512,2000.,237.676072816311));
#2019=CARTESIAN_POINT('',(87.8657677381611,2000.,237.578554601606));
#2020=CARTESIAN_POINT('',(87.4463223463913,2000.,237.475313774119));
#2021=CARTESIAN_POINT('',(87.0285830503419,2000.,237.36635033385));
#2022=CARTESIAN_POINT('',(86.6125498500129,2000.,237.251664280799));
#2023=CARTESIAN_POINT('',(86.1982227454042,2000.,237.131255614966));
#2024=CARTESIAN_POINT('',(85.7856017365159,2000.,237.00512433635));
#2025=CARTESIAN_POINT('',(85.3746868233479,2000.,236.873270444952));
#2026=CARTESIAN_POINT('',(84.9654780059004,2000.,236.735693940771));
#2027=CARTESIAN_POINT('',(84.5579752841732,2000.,236.592394823809));
#2028=CARTESIAN_POINT('',(84.1521786581664,2000.,236.443373094065));
#2029=CARTESIAN_POINT('',(83.7480881278799,2000.,236.288628751538));
#2030=CARTESIAN_POINT('',(83.3457036933138,2000.,236.128161796229));
#2031=CARTESIAN_POINT('',(82.9721488151832,2000.,235.973418572118));
#2032=CARTESIAN_POINT('',(82.6010094359757,2000.,235.814068321625));
#2033=CARTESIAN_POINT('',(82.2322855556912,2000.,235.650111044751));
#2034=CARTESIAN_POINT('',(81.8659771743297,2000.,235.481546741494));
#2035=CARTESIAN_POINT('',(81.5020842918912,2000.,235.308375411855));
#2036=CARTESIAN_POINT('',(81.1406069083757,2000.,235.130597055835));
#2037=CARTESIAN_POINT('',(80.7815450237832,2000.,234.948211673433));
#2038=CARTESIAN_POINT('',(80.4248986381139,2000.,234.761219264648));
#2039=CARTESIAN_POINT('',(80.0706677513674,2000.,234.569619829483));
#2040=CARTESIAN_POINT('',(79.7188523635441,2000.,234.373413367935));
#2041=CARTESIAN_POINT('',(79.3694524746437,2000.,234.172599880005));
#2042=CARTESIAN_POINT('',(79.0224680846663,2000.,233.967179365693));
#2043=CARTESIAN_POINT('',(78.677899193612,2000.,233.757151825));
#2044=CARTESIAN_POINT('',(78.3357458014807,2000.,233.542517257924));
#2045=CARTESIAN_POINT('',(77.9960079082724,2000.,233.323275664467));
#2046=CARTESIAN_POINT('',(77.6591052410812,2000.,233.099701727652));
#2047=CARTESIAN_POINT('',(77.3254575270011,2000.,232.872070130505));
#2048=CARTESIAN_POINT('',(76.9950647660322,2000.,232.640380873025));
#2049=CARTESIAN_POINT('',(76.6679269581745,2000.,232.404633955213));
#2050=CARTESIAN_POINT('',(76.3440441034278,2000.,232.164829377068));
#2051=CARTESIAN_POINT('',(76.0234162017924,2000.,231.92096713859));
#2052=CARTESIAN_POINT('',(75.706043253268,2000.,231.67304723978));
#2053=CARTESIAN_POINT('',(75.3919252578548,2000.,231.421069680638));
#2054=CARTESIAN_POINT('',(75.0810622155528,2000.,231.165034461162));
#2055=CARTESIAN_POINT('',(74.7734541263619,2000.,230.904941581354));
#2056=CARTESIAN_POINT('',(74.4691009902821,2000.,230.640791041214));
#2057=CARTESIAN_POINT('',(74.1680028073135,2000.,230.372582840741));
#2058=CARTESIAN_POINT('',(73.8701595774561,2000.,230.100316979935));
#2059=CARTESIAN_POINT('',(73.5755713007097,2000.,229.823993458796));
#2060=CARTESIAN_POINT('',(73.2842379770746,2000.,229.543612277325));
#2061=CARTESIAN_POINT('',(72.9965187987689,2000.,229.259523581988));
#2062=CARTESIAN_POINT('',(72.7127729580113,2000.,228.97207751925));
#2063=CARTESIAN_POINT('',(72.4330004548016,2000.,228.681274089112));
#2064=CARTESIAN_POINT('',(72.1572012891398,2000.,228.387113291574));
#2065=CARTESIAN_POINT('',(71.8853754610261,2000.,228.089595126636));
#2066=CARTESIAN_POINT('',(71.6175229704603,2000.,227.788719594297));
#2067=CARTESIAN_POINT('',(71.3536438174424,2000.,227.484486694558));
#2068=CARTESIAN_POINT('',(71.0937380019725,2000.,227.176896427418));
#2069=CARTESIAN_POINT('',(70.8378055240505,2000.,226.865948792879));
#2070=CARTESIAN_POINT('',(70.5858463836765,2000.,226.551643790939));
#2071=CARTESIAN_POINT('',(70.3378605808505,2000.,226.233981421599));
#2072=CARTESIAN_POINT('',(70.0938481155724,2000.,225.912961684858));
#2073=CARTESIAN_POINT('',(69.8538089878422,2000.,225.588584580717));
#2074=CARTESIAN_POINT('',(69.6177431976601,2000.,225.260850109176));
#2075=CARTESIAN_POINT('',(69.3856507450258,2000.,224.929758270235));
#2076=CARTESIAN_POINT('',(69.1578169269323,2000.,224.595721649913));
#2077=CARTESIAN_POINT('',(68.9345270403723,2000.,224.259152834229));
#2078=CARTESIAN_POINT('',(68.7157810853459,2000.,223.920051823184));
#2079=CARTESIAN_POINT('',(68.5015790618531,2000.,223.578418616777));
#2080=CARTESIAN_POINT('',(68.2919209698939,2000.,223.234253215009));
#2081=CARTESIAN_POINT('',(68.0868068094683,2000.,222.887555617879));
#2082=CARTESIAN_POINT('',(67.8862365805763,2000.,222.538325825388));
#2083=CARTESIAN_POINT('',(67.6902102832179,2000.,222.186563837536));
#2084=CARTESIAN_POINT('',(67.4987279173931,2000.,221.832269654322));
#2085=CARTESIAN_POINT('',(67.3117894831019,2000.,221.475443275746));
#2086=CARTESIAN_POINT('',(67.1293949803443,2000.,221.11608470181));
#2087=CARTESIAN_POINT('',(66.9515444091202,2000.,220.754193932512));
#2088=CARTESIAN_POINT('',(66.7782377694298,2000.,220.389770967852));
#2089=CARTESIAN_POINT('',(66.609475061273,2000.,220.022815807831));
#2090=CARTESIAN_POINT('',(66.4452562846497,2000.,219.653328452448));
#2091=CARTESIAN_POINT('',(66.2745804671268,2000.,219.255166874392));
#2092=CARTESIAN_POINT('',(66.1095818949647,2000.,218.855153825361));
#2093=CARTESIAN_POINT('',(65.9502605681636,2000.,218.453289305353));
#2094=CARTESIAN_POINT('',(65.7966164867233,2000.,218.04957331437));
#2095=CARTESIAN_POINT('',(65.648649650644,2000.,217.644005852411));
#2096=CARTESIAN_POINT('',(65.5063600599256,2000.,217.236586919476));
#2097=CARTESIAN_POINT('',(65.369747714568,2000.,216.827316515566));
#2098=CARTESIAN_POINT('',(65.2388126145714,2000.,216.416194640679));
#2099=CARTESIAN_POINT('',(65.1135547599357,2000.,216.003221294817));
#2100=CARTESIAN_POINT('',(64.9939741506609,2000.,215.588396477979));
#2101=CARTESIAN_POINT('',(64.880070786747,2000.,215.171720190165));
#2102=CARTESIAN_POINT('',(64.771844668194,2000.,214.753192431375));
#2103=CARTESIAN_POINT('',(64.6692957950019,2000.,214.33281320161));
#2104=CARTESIAN_POINT('',(64.5724241671707,2000.,213.910582500869));
#2105=CARTESIAN_POINT('',(64.4745948557467,2000.,213.454453868841));
#2106=CARTESIAN_POINT('',(64.3836395479531,2000.,212.997481835404));
#2107=CARTESIAN_POINT('',(64.2995582437897,2000.,212.539666400559));
#2108=CARTESIAN_POINT('',(64.2223509432568,2000.,212.081007564305));
#2109=CARTESIAN_POINT('',(64.1520176463541,2000.,211.621505326642));
#2110=CARTESIAN_POINT('',(64.0885583530818,2000.,211.161159687571));
#2111=CARTESIAN_POINT('',(64.0319730634399,2000.,210.699970647091));
#2112=CARTESIAN_POINT('',(63.9822617774283,2000.,210.237938205202));
#2113=CARTESIAN_POINT('',(63.939424495047,2000.,209.775062361904));
#2114=CARTESIAN_POINT('',(63.9034612162962,2000.,209.311343117198));
#2115=CARTESIAN_POINT('',(63.8743719411757,2000.,208.846780471083));
#2116=CARTESIAN_POINT('',(63.8521566696854,2000.,208.381374423559));
#2117=CARTESIAN_POINT('',(63.8368154018258,2000.,207.915124974626));
#2118=CARTESIAN_POINT('',(65.0040156219132,2000.,206.564455053825));
#2119=CARTESIAN_POINT('',(63.8368154018257,2000.,207.915124974626));
#2120=CARTESIAN_POINT('',(63.8368154018257,0.,207.915124974626));
#2121=CARTESIAN_POINT('',(65.0040156219129,0.,206.564455053825));
#2122=CARTESIAN_POINT('',(65.0040156219129,0.,206.564455053825));
#2123=CARTESIAN_POINT('',(65.0040156219132,2000.,206.564455053825));
#2124=CARTESIAN_POINT('',(64.9079080573363,2000.,202.268374864101));
#2125=CARTESIAN_POINT('',(65.0040156219132,2000.,206.564455053825));
#2126=CARTESIAN_POINT('',(65.0040156219132,2000.,206.564455053825));
#2127=CARTESIAN_POINT('',(65.0040156219132,0.,206.564455053825));
#2128=CARTESIAN_POINT('',(65.0040156219132,0.,206.564455053825));
#2129=CARTESIAN_POINT('',(64.9079080573363,0.,202.268374864102));
#2130=CARTESIAN_POINT('',(64.9079080573363,0.,202.268374864102));
#2131=CARTESIAN_POINT('',(64.9079080573363,2000.,202.268374864101));
#2132=CARTESIAN_POINT('',(63.9001309999997,2000.,200.737791));
#2133=CARTESIAN_POINT('',(64.9079080573365,2000.,202.268374864101));
#2134=CARTESIAN_POINT('',(64.9079080573365,2000.,202.268374864101));
#2135=CARTESIAN_POINT('',(64.9079080573367,0.,202.268374864101));
#2136=CARTESIAN_POINT('',(64.9079080573367,0.,202.268374864101));
#2137=CARTESIAN_POINT('',(63.9001309999997,0.,200.737791));
#2138=CARTESIAN_POINT('',(63.9001309999997,0.,200.737791));
#2139=CARTESIAN_POINT('',(63.9001309999997,2000.,200.737791));
#2140=CARTESIAN_POINT('',(63.9001309999997,0.,196.5786));
#2141=CARTESIAN_POINT('',(63.9001309999997,2000.,196.5786));
#2142=CARTESIAN_POINT('',(63.9001309999997,2000.,196.5786));
#2143=CARTESIAN_POINT('',(63.9001309999997,2000.,200.737791));
#2144=CARTESIAN_POINT('',(63.9001309999997,2000.,200.737791));
#2145=CARTESIAN_POINT('',(63.9001309999997,0.,200.737791));
#2146=CARTESIAN_POINT('',(63.9001309999997,0.,200.737791));
#2147=CARTESIAN_POINT('',(63.9001309999997,0.,196.5786));
#2148=CARTESIAN_POINT('',(64.7646456143334,2000.,195.864436256117));
#2149=CARTESIAN_POINT('',(63.9001309999998,2000.,196.5786));
#2150=CARTESIAN_POINT('',(63.9001309999998,2000.,196.5786));
#2151=CARTESIAN_POINT('',(63.9001309999998,0.,196.5786));
#2152=CARTESIAN_POINT('',(63.9001309999998,0.,196.5786));
#2153=CARTESIAN_POINT('',(64.7646456143332,0.,195.864436256118));
#2154=CARTESIAN_POINT('',(64.7646456143332,0.,195.864436256118));
#2155=CARTESIAN_POINT('',(64.7646456143334,2000.,195.864436256117));
#2156=CARTESIAN_POINT('',(64.6095192034976,2000.,188.930169391449));
#2157=CARTESIAN_POINT('',(64.7646456143332,2000.,195.864436256117));
#2158=CARTESIAN_POINT('',(64.7646456143332,2000.,195.864436256117));
#2159=CARTESIAN_POINT('',(64.7646456143332,0.,195.864436256118));
#2160=CARTESIAN_POINT('',(64.7646456143332,0.,195.864436256118));
#2161=CARTESIAN_POINT('',(64.6095192034976,0.,188.930169391449));
#2162=CARTESIAN_POINT('',(64.6095192034976,0.,188.930169391449));
#2163=CARTESIAN_POINT('',(64.6095192034976,2000.,188.930169391449));
#2164=CARTESIAN_POINT('',(64.6095192034976,0.,188.930169391449));
#2165=CARTESIAN_POINT('',(64.6001982669907,0.,188.81808592226));
#2166=CARTESIAN_POINT('',(64.5834420899571,0.,188.706870750391));
#2167=CARTESIAN_POINT('',(64.5593249010492,0.,188.597016551008));
#2168=CARTESIAN_POINT('',(64.5279535376696,0.,188.489009970271));
#2169=CARTESIAN_POINT('',(64.4894669726892,0.,188.383329469521));
#2170=CARTESIAN_POINT('',(64.4440356988074,0.,188.280443205733));
#2171=CARTESIAN_POINT('',(64.3918609732818,0.,188.180806957615));
#2172=CARTESIAN_POINT('',(64.3331739263731,0.,188.084862106539));
#2173=CARTESIAN_POINT('',(64.2682345374547,0.,187.993033681258));
#2174=CARTESIAN_POINT('',(64.1973304833228,0.,187.905728475053));
#2175=CARTESIAN_POINT('',(64.1207758638093,0.,187.823333243675));
#2176=CARTESIAN_POINT('',(64.038909810342,0.,187.746212992038));
#2177=CARTESIAN_POINT('',(63.9520949836171,0.,187.674709357281));
#2178=CARTESIAN_POINT('',(63.8607159670381,0.,187.609139095334));
#2179=CARTESIAN_POINT('',(63.7651775630397,0.,187.549792677715));
#2180=CARTESIAN_POINT('',(63.6659029998421,0.,187.496933004762));
#2181=CARTESIAN_POINT('',(63.5633320565804,0.,187.450794241003));
#2182=CARTESIAN_POINT('',(63.4579191151151,0.,187.411580777825));
#2183=CARTESIAN_POINT('',(63.3501311471531,0.,187.379466328034));
#2184=CARTESIAN_POINT('',(63.2404456455969,0.,187.35459315632));
#2185=CARTESIAN_POINT('',(63.1293485092856,0.,187.337071449034));
#2186=CARTESIAN_POINT('',(63.0173318904983,0.,187.326978826072));
#2187=CARTESIAN_POINT('',(63.0173318904983,0.,187.326978826072));
#2188=CARTESIAN_POINT('',(63.0173318904983,2000.,187.326978826072));
#2189=CARTESIAN_POINT('',(63.0173318904983,2000.,187.326978826072));
#2190=CARTESIAN_POINT('',(63.1293485092856,2000.,187.337071449034));
#2191=CARTESIAN_POINT('',(63.2404456455969,2000.,187.35459315632));
#2192=CARTESIAN_POINT('',(63.3501311471531,2000.,187.379466328034));
#2193=CARTESIAN_POINT('',(63.4579191151151,2000.,187.411580777825));
#2194=CARTESIAN_POINT('',(63.5633320565804,2000.,187.450794241003));
#2195=CARTESIAN_POINT('',(63.6659029998421,2000.,187.496933004762));
#2196=CARTESIAN_POINT('',(63.7651775630397,2000.,187.549792677715));
#2197=CARTESIAN_POINT('',(63.8607159670381,2000.,187.609139095334));
#2198=CARTESIAN_POINT('',(63.9520949836171,2000.,187.674709357281));
#2199=CARTESIAN_POINT('',(64.038909810342,2000.,187.746212992038));
#2200=CARTESIAN_POINT('',(64.1207758638093,2000.,187.823333243675));
#2201=CARTESIAN_POINT('',(64.1973304833228,2000.,187.905728475053));
#2202=CARTESIAN_POINT('',(64.2682345374547,2000.,187.993033681258));
#2203=CARTESIAN_POINT('',(64.3331739263731,2000.,188.084862106539));
#2204=CARTESIAN_POINT('',(64.3918609732818,2000.,188.180806957615));
#2205=CARTESIAN_POINT('',(64.4440356988074,2000.,188.280443205733));
#2206=CARTESIAN_POINT('',(64.4894669726892,2000.,188.383329469521));
#2207=CARTESIAN_POINT('',(64.5279535376696,2000.,188.489009970271));
#2208=CARTESIAN_POINT('',(64.5593249010492,2000.,188.597016551008));
#2209=CARTESIAN_POINT('',(64.5834420899571,2000.,188.706870750391));
#2210=CARTESIAN_POINT('',(64.6001982669907,2000.,188.81808592226));
#2211=CARTESIAN_POINT('',(64.6095192034976,2000.,188.930169391449));
#2212=CARTESIAN_POINT('',(64.6095192034976,2000.,188.930169391449));
#2213=CARTESIAN_POINT('',(64.6095192034976,0.,188.930169391449));
#2214=CARTESIAN_POINT('',(50.4772690709117,2000.,186.61680821129));
#2215=CARTESIAN_POINT('',(63.0173318904983,2000.,187.326978826072));
#2216=CARTESIAN_POINT('',(63.0173318904983,2000.,187.326978826072));
#2217=CARTESIAN_POINT('',(63.0173318904983,0.,187.326978826072));
#2218=CARTESIAN_POINT('',(63.0173318904983,0.,187.326978826072));
#2219=CARTESIAN_POINT('',(50.4772690709117,0.,186.61680821129));
#2220=CARTESIAN_POINT('',(50.4772690709117,0.,186.61680821129));
#2221=CARTESIAN_POINT('',(50.4772690709117,2000.,186.61680821129));
#2222=CARTESIAN_POINT('',(50.477269070912,0.,186.61680821129));
#2223=CARTESIAN_POINT('',(50.4202686301935,0.,186.146786872623));
#2224=CARTESIAN_POINT('',(50.3554228571144,0.,185.677783530674));
#2225=CARTESIAN_POINT('',(50.2827498559036,0.,185.209929126036));
#2226=CARTESIAN_POINT('',(50.202269916066,0.,184.743354278526));
#2227=CARTESIAN_POINT('',(50.1140055067185,0.,184.278189250727));
#2228=CARTESIAN_POINT('',(50.0179812703162,0.,183.814563911613));
#2229=CARTESIAN_POINT('',(49.9142240157731,0.,183.352607700296));
#2230=CARTESIAN_POINT('',(49.8027627109768,0.,182.892449589884));
#2231=CARTESIAN_POINT('',(49.6836284747015,0.,182.434218051476));
#2232=CARTESIAN_POINT('',(49.5568545679196,0.,181.978041018293));
#2233=CARTESIAN_POINT('',(49.4224763845157,0.,181.524045849959));
#2234=CARTESIAN_POINT('',(49.2805314414052,0.,181.072359296949));
#2235=CARTESIAN_POINT('',(49.1310593680598,0.,180.623107465195));
#2236=CARTESIAN_POINT('',(48.9741018954432,0.,180.176415780882));
#2237=CARTESIAN_POINT('',(48.8097028443608,0.,179.73240895543));
#2238=CARTESIAN_POINT('',(48.6379081132249,0.,179.291210950676));
#2239=CARTESIAN_POINT('',(48.4587656652408,0.,178.852944944265));
#2240=CARTESIAN_POINT('',(48.2723255150154,0.,178.417733295261));
#2241=CARTESIAN_POINT('',(48.0786397145945,0.,177.985697509984));
#2242=CARTESIAN_POINT('',(47.8777623389297,0.,177.556958208087));
#2243=CARTESIAN_POINT('',(47.6697494707815,0.,177.131635088883));
#2244=CARTESIAN_POINT('',(47.4546591850618,0.,176.709846897922));
#2245=CARTESIAN_POINT('',(47.23255153262,0.,176.291711393843));
#2246=CARTESIAN_POINT('',(47.003488523477,0.,175.877345315493));
#2247=CARTESIAN_POINT('',(46.7675341095133,0.,175.466864349338));
#2248=CARTESIAN_POINT('',(46.5247541666139,0.,175.060383097162));
#2249=CARTESIAN_POINT('',(46.2752164762768,0.,174.658015044073));
#2250=CARTESIAN_POINT('',(46.0189907066889,0.,174.259872526821));
#2251=CARTESIAN_POINT('',(45.7561483932754,0.,173.86606670243));
#2252=CARTESIAN_POINT('',(45.4867629187281,0.,173.476707517168));
#2253=CARTESIAN_POINT('',(45.2109094925176,0.,173.091903675851));
#2254=CARTESIAN_POINT('',(44.9286651298957,0.,172.711762611491));
#2255=CARTESIAN_POINT('',(44.6401086303936,0.,172.336390455304));
#2256=CARTESIAN_POINT('',(44.3453205558218,0.,171.965892007082));
#2257=CARTESIAN_POINT('',(44.0443832077783,0.,171.600370705928));
#2258=CARTESIAN_POINT('',(43.7373806046707,0.,171.239928601381));
#2259=CARTESIAN_POINT('',(43.4243984582596,0.,170.884666324925));
#2260=CARTESIAN_POINT('',(43.1055241497283,0.,170.534683061892));
#2261=CARTESIAN_POINT('',(42.7808467052871,0.,170.190076523771));
#2262=CARTESIAN_POINT('',(42.4504567713184,0.,169.850942920928));
#2263=CARTESIAN_POINT('',(42.1144465890689,0.,169.517376935748));
#2264=CARTESIAN_POINT('',(41.7729099688971,0.,169.189471696194));
#2265=CARTESIAN_POINT('',(41.4259422640822,0.,168.867318749816));
#2266=CARTESIAN_POINT('',(41.0736403442028,0.,168.551008038182));
#2267=CARTESIAN_POINT('',(40.7161025680919,0.,168.240627871776));
#2268=CARTESIAN_POINT('',(40.3534287563761,0.,167.936264905336));
#2269=CARTESIAN_POINT('',(39.9857201636068,0.,167.638004113664));
#2270=CARTESIAN_POINT('',(39.6130794499911,0.,167.345928767904));
#2271=CARTESIAN_POINT('',(39.23561065273,0.,167.06012041229));
#2272=CARTESIAN_POINT('',(38.8534191569727,0.,166.78065884138));
#2273=CARTESIAN_POINT('',(38.4666116663941,0.,166.50762207778));
#2274=CARTESIAN_POINT('',(38.075296173404,0.,166.241086350361));
#2275=CARTESIAN_POINT('',(37.6795819289971,0.,165.981126072975));
#2276=CARTESIAN_POINT('',(37.2795794122515,0.,165.727813823682));
#2277=CARTESIAN_POINT('',(36.8754002994836,0.,165.481220324484));
#2278=CARTESIAN_POINT('',(36.4671574330697,0.,165.241414421581));
#2279=CARTESIAN_POINT('',(36.0549647899418,0.,165.008463066152));
#2280=CARTESIAN_POINT('',(35.6389374497659,0.,164.782431295662));
#2281=CARTESIAN_POINT('',(35.2191915628136,0.,164.563382215702));
#2282=CARTESIAN_POINT('',(34.7958443175338,0.,164.351376982373));
#2283=CARTESIAN_POINT('',(34.3690139078353,0.,164.146474785212));
#2284=CARTESIAN_POINT('',(33.9388195000883,0.,163.948732830665));
#2285=CARTESIAN_POINT('',(33.5053811998541,0.,163.758206326118));
#2286=CARTESIAN_POINT('',(33.0688200183533,0.,163.574948464482));
#2287=CARTESIAN_POINT('',(32.629257838681,0.,163.399010409341));
#2288=CARTESIAN_POINT('',(32.1868173817776,0.,163.230441280673));
#2289=CARTESIAN_POINT('',(31.7416221721673,0.,163.069288141129));
#2290=CARTESIAN_POINT('',(31.2937965034708,0.,162.915595982899));
#2291=CARTESIAN_POINT('',(30.8434654037045,0.,162.769407715148));
#2292=CARTESIAN_POINT('',(30.3907546003733,0.,162.630764152038));
#2293=CARTESIAN_POINT('',(29.9357904853693,0.,162.49970400133));
#2294=CARTESIAN_POINT('',(29.4787000796848,0.,162.376263853582));
#2295=CARTESIAN_POINT('',(29.0196109979489,0.,162.26047817193));
#2296=CARTESIAN_POINT('',(28.558651412799,0.,162.152379282466));
#2297=CARTESIAN_POINT('',(28.0959500190969,0.,162.051997365216));
#2298=CARTESIAN_POINT('',(27.631635997998,0.,161.959360445708));
#2299=CARTESIAN_POINT('',(27.1658389808857,0.,161.874494387157));
#2300=CARTESIAN_POINT('',(26.6986890131796,0.,161.797422883233));
#2301=CARTESIAN_POINT('',(26.2303165180282,0.,161.728167451458));
#2302=CARTESIAN_POINT('',(25.7608522598962,0.,161.666747427187));
#2303=CARTESIAN_POINT('',(25.2904273080569,0.,161.613179958217));
#2304=CARTESIAN_POINT('',(24.8191729999983,0.,161.56748));
#2305=CARTESIAN_POINT('',(24.8191729999983,0.,161.56748));
#2306=CARTESIAN_POINT('',(24.8191729999983,2000.,161.56748));
#2307=CARTESIAN_POINT('',(24.8191729999983,2000.,161.56748));
#2308=CARTESIAN_POINT('',(25.2904273080569,2000.,161.613179958217));
#2309=CARTESIAN_POINT('',(25.7608522598962,2000.,161.666747427187));
#2310=CARTESIAN_POINT('',(26.2303165180281,2000.,161.728167451458));
#2311=CARTESIAN_POINT('',(26.6986890131796,2000.,161.797422883233));
#2312=CARTESIAN_POINT('',(27.1658389808857,2000.,161.874494387157));
#2313=CARTESIAN_POINT('',(27.631635997998,2000.,161.959360445708));
#2314=CARTESIAN_POINT('',(28.0959500190969,2000.,162.051997365216));
#2315=CARTESIAN_POINT('',(28.558651412799,2000.,162.152379282466));
#2316=CARTESIAN_POINT('',(29.0196109979489,2000.,162.26047817193));
#2317=CARTESIAN_POINT('',(29.4787000796848,2000.,162.376263853582));
#2318=CARTESIAN_POINT('',(29.9357904853693,2000.,162.49970400133));
#2319=CARTESIAN_POINT('',(30.3907546003733,2000.,162.630764152038));
#2320=CARTESIAN_POINT('',(30.8434654037045,2000.,162.769407715148));
#2321=CARTESIAN_POINT('',(31.2937965034708,2000.,162.915595982899));
#2322=CARTESIAN_POINT('',(31.7416221721673,2000.,163.069288141129));
#2323=CARTESIAN_POINT('',(32.1868173817776,2000.,163.230441280673));
#2324=CARTESIAN_POINT('',(32.629257838681,2000.,163.399010409341));
#2325=CARTESIAN_POINT('',(33.0688200183533,2000.,163.574948464482));
#2326=CARTESIAN_POINT('',(33.5053811998541,2000.,163.758206326118));
#2327=CARTESIAN_POINT('',(33.9388195000883,2000.,163.948732830665));
#2328=CARTESIAN_POINT('',(34.3690139078353,2000.,164.146474785212));
#2329=CARTESIAN_POINT('',(34.7958443175338,2000.,164.351376982373));
#2330=CARTESIAN_POINT('',(35.2191915628136,2000.,164.563382215702));
#2331=CARTESIAN_POINT('',(35.6389374497659,2000.,164.782431295662));
#2332=CARTESIAN_POINT('',(36.0549647899418,2000.,165.008463066152));
#2333=CARTESIAN_POINT('',(36.4671574330697,2000.,165.241414421581));
#2334=CARTESIAN_POINT('',(36.8754002994836,2000.,165.481220324484));
#2335=CARTESIAN_POINT('',(37.2795794122515,2000.,165.727813823682));
#2336=CARTESIAN_POINT('',(37.6795819289971,2000.,165.981126072975));
#2337=CARTESIAN_POINT('',(38.075296173404,2000.,166.241086350361));
#2338=CARTESIAN_POINT('',(38.4666116663941,2000.,166.50762207778));
#2339=CARTESIAN_POINT('',(38.8534191569727,2000.,166.78065884138));
#2340=CARTESIAN_POINT('',(39.23561065273,2000.,167.06012041229));
#2341=CARTESIAN_POINT('',(39.6130794499911,2000.,167.345928767904));
#2342=CARTESIAN_POINT('',(39.9857201636068,2000.,167.638004113664));
#2343=CARTESIAN_POINT('',(40.3534287563762,2000.,167.936264905336));
#2344=CARTESIAN_POINT('',(40.7161025680919,2000.,168.240627871776));
#2345=CARTESIAN_POINT('',(41.0736403442028,2000.,168.551008038182));
#2346=CARTESIAN_POINT('',(41.4259422640822,2000.,168.867318749816));
#2347=CARTESIAN_POINT('',(41.7729099688971,2000.,169.189471696194));
#2348=CARTESIAN_POINT('',(42.1144465890689,2000.,169.517376935748));
#2349=CARTESIAN_POINT('',(42.4504567713184,2000.,169.850942920928));
#2350=CARTESIAN_POINT('',(42.7808467052871,2000.,170.190076523771));
#2351=CARTESIAN_POINT('',(43.1055241497283,2000.,170.534683061892));
#2352=CARTESIAN_POINT('',(43.4243984582596,2000.,170.884666324925));
#2353=CARTESIAN_POINT('',(43.7373806046707,2000.,171.239928601381));
#2354=CARTESIAN_POINT('',(44.0443832077783,2000.,171.600370705928));
#2355=CARTESIAN_POINT('',(44.3453205558218,2000.,171.965892007082));
#2356=CARTESIAN_POINT('',(44.6401086303936,2000.,172.336390455304));
#2357=CARTESIAN_POINT('',(44.9286651298957,2000.,172.711762611491));
#2358=CARTESIAN_POINT('',(45.2109094925176,2000.,173.091903675851));
#2359=CARTESIAN_POINT('',(45.4867629187281,2000.,173.476707517168));
#2360=CARTESIAN_POINT('',(45.7561483932754,2000.,173.86606670243));
#2361=CARTESIAN_POINT('',(46.0189907066889,2000.,174.259872526821));
#2362=CARTESIAN_POINT('',(46.2752164762768,2000.,174.658015044073));
#2363=CARTESIAN_POINT('',(46.5247541666139,2000.,175.060383097162));
#2364=CARTESIAN_POINT('',(46.7675341095133,2000.,175.466864349338));
#2365=CARTESIAN_POINT('',(47.003488523477,2000.,175.877345315493));
#2366=CARTESIAN_POINT('',(47.23255153262,2000.,176.291711393843));
#2367=CARTESIAN_POINT('',(47.4546591850618,2000.,176.709846897922));
#2368=CARTESIAN_POINT('',(47.6697494707815,2000.,177.131635088883));
#2369=CARTESIAN_POINT('',(47.8777623389297,2000.,177.556958208087));
#2370=CARTESIAN_POINT('',(48.0786397145945,2000.,177.985697509984));
#2371=CARTESIAN_POINT('',(48.2723255150155,2000.,178.417733295261));
#2372=CARTESIAN_POINT('',(48.4587656652408,2000.,178.852944944265));
#2373=CARTESIAN_POINT('',(48.6379081132249,2000.,179.291210950676));
#2374=CARTESIAN_POINT('',(48.8097028443608,2000.,179.73240895543));
#2375=CARTESIAN_POINT('',(48.9741018954432,2000.,180.176415780882));
#2376=CARTESIAN_POINT('',(49.1310593680598,2000.,180.623107465195));
#2377=CARTESIAN_POINT('',(49.2805314414052,2000.,181.072359296949));
#2378=CARTESIAN_POINT('',(49.4224763845157,2000.,181.524045849959));
#2379=CARTESIAN_POINT('',(49.5568545679196,2000.,181.978041018293));
#2380=CARTESIAN_POINT('',(49.6836284747015,2000.,182.434218051476));
#2381=CARTESIAN_POINT('',(49.8027627109768,2000.,182.892449589884));
#2382=CARTESIAN_POINT('',(49.9142240157731,2000.,183.352607700296));
#2383=CARTESIAN_POINT('',(50.0179812703162,2000.,183.814563911613));
#2384=CARTESIAN_POINT('',(50.1140055067185,2000.,184.278189250727));
#2385=CARTESIAN_POINT('',(50.202269916066,2000.,184.743354278526));
#2386=CARTESIAN_POINT('',(50.2827498559036,2000.,185.209929126036));
#2387=CARTESIAN_POINT('',(50.3554228571144,2000.,185.677783530674));
#2388=CARTESIAN_POINT('',(50.4202686301935,2000.,186.146786872623));
#2389=CARTESIAN_POINT('',(50.477269070912,2000.,186.61680821129));
#2390=CARTESIAN_POINT('',(50.477269070912,2000.,186.61680821129));
#2391=CARTESIAN_POINT('',(50.477269070912,0.,186.61680821129));
#2392=CARTESIAN_POINT('',(24.7207469999997,2000.,159.500802));
#2393=CARTESIAN_POINT('',(24.8191729999983,2000.,161.56748));
#2394=CARTESIAN_POINT('',(24.8191729999983,2000.,161.56748));
#2395=CARTESIAN_POINT('',(24.8191729999983,0.,161.56748));
#2396=CARTESIAN_POINT('',(24.8191729999983,0.,161.56748));
#2397=CARTESIAN_POINT('',(24.7207469999997,0.,159.500802));
#2398=CARTESIAN_POINT('',(24.7207469999997,0.,159.500802));
#2399=CARTESIAN_POINT('',(24.7207469999997,2000.,159.500802));
#2400=CARTESIAN_POINT('',(24.7207469999993,0.,159.500802));
#2401=CARTESIAN_POINT('',(24.7221126551871,0.,159.371324945668));
#2402=CARTESIAN_POINT('',(24.7160529683433,0.,159.241982559699));
#2403=CARTESIAN_POINT('',(24.7025878733552,0.,159.113200325561));
#2404=CARTESIAN_POINT('',(24.6817616648698,0.,158.98540188405));
#2405=CARTESIAN_POINT('',(24.6536428525815,0.,158.859007639687));
#2406=CARTESIAN_POINT('',(24.6183239358645,0.,158.73443337776));
#2407=CARTESIAN_POINT('',(24.5759210994867,0.,158.612088896561));
#2408=CARTESIAN_POINT('',(24.5265738314101,0.,158.492376659317));
#2409=CARTESIAN_POINT('',(24.4704444639323,0.,158.375690470249));
#2410=CARTESIAN_POINT('',(24.4077176396794,0.,158.262414179121));
#2411=CARTESIAN_POINT('',(24.3385997042082,0.,158.152920418528));
#2412=CARTESIAN_POINT('',(24.2633180272131,0.,158.04756937809));
#2413=CARTESIAN_POINT('',(24.1821202545733,0.,157.946707619573));
#2414=CARTESIAN_POINT('',(24.0952734936991,0.,157.850666936848));
#2415=CARTESIAN_POINT('',(24.0030634348582,0.,157.759763264419));
#2416=CARTESIAN_POINT('',(23.9057934113715,0.,157.674295638129));
#2417=CARTESIAN_POINT('',(23.803783401771,0.,157.59454521146));
#2418=CARTESIAN_POINT('',(23.6973689772012,0.,157.520774330646));
#2419=CARTESIAN_POINT('',(23.5869001975277,0.,157.453225671665));
#2420=CARTESIAN_POINT('',(23.4727404597835,0.,157.392121441936));
#2421=CARTESIAN_POINT('',(23.3552653027417,0.,157.337662649343));
#2422=CARTESIAN_POINT('',(23.2348611715469,0.,157.290028441007));
#2423=CARTESIAN_POINT('',(23.1119241464688,0.,157.249375513958));
#2424=CARTESIAN_POINT('',(22.9868586399603,0.,157.215837599676));
#2425=CARTESIAN_POINT('',(22.8600760663065,0.,157.189525024159));
#2426=CARTESIAN_POINT('',(22.8600760663065,0.,157.189525024159));
#2427=CARTESIAN_POINT('',(22.8600760663064,2000.,157.189525024159));
#2428=CARTESIAN_POINT('',(22.8600760663064,2000.,157.189525024159));
#2429=CARTESIAN_POINT('',(22.9868586399603,2000.,157.215837599676));
#2430=CARTESIAN_POINT('',(23.1119241464687,2000.,157.249375513958));
#2431=CARTESIAN_POINT('',(23.2348611715469,2000.,157.290028441007));
#2432=CARTESIAN_POINT('',(23.3552653027416,2000.,157.337662649343));
#2433=CARTESIAN_POINT('',(23.4727404597834,2000.,157.392121441936));
#2434=CARTESIAN_POINT('',(23.5869001975276,2000.,157.453225671665));
#2435=CARTESIAN_POINT('',(23.6973689772012,2000.,157.520774330646));
#2436=CARTESIAN_POINT('',(23.803783401771,2000.,157.59454521146));
#2437=CARTESIAN_POINT('',(23.9057934113715,2000.,157.674295638129));
#2438=CARTESIAN_POINT('',(24.0030634348581,2000.,157.759763264419));
#2439=CARTESIAN_POINT('',(24.0952734936991,2000.,157.850666936848));
#2440=CARTESIAN_POINT('',(24.1821202545733,2000.,157.946707619573));
#2441=CARTESIAN_POINT('',(24.2633180272131,2000.,158.04756937809));
#2442=CARTESIAN_POINT('',(24.3385997042082,2000.,158.152920418528));
#2443=CARTESIAN_POINT('',(24.4077176396794,2000.,158.262414179121));
#2444=CARTESIAN_POINT('',(24.4704444639323,2000.,158.375690470249));
#2445=CARTESIAN_POINT('',(24.5265738314101,2000.,158.492376659317));
#2446=CARTESIAN_POINT('',(24.5759210994867,2000.,158.612088896561));
#2447=CARTESIAN_POINT('',(24.6183239358645,2000.,158.73443337776));
#2448=CARTESIAN_POINT('',(24.6536428525815,2000.,158.859007639687));
#2449=CARTESIAN_POINT('',(24.6817616648698,2000.,158.98540188405));
#2450=CARTESIAN_POINT('',(24.7025878733552,2000.,159.113200325561));
#2451=CARTESIAN_POINT('',(24.7160529683433,2000.,159.241982559699));
#2452=CARTESIAN_POINT('',(24.7221126551871,2000.,159.371324945668));
#2453=CARTESIAN_POINT('',(24.7207469999993,2000.,159.500802));
#2454=CARTESIAN_POINT('',(24.7207469999993,2000.,159.500802));
#2455=CARTESIAN_POINT('',(24.7207469999993,0.,159.500802));
#2456=CARTESIAN_POINT('',(17.0262214898365,0.,150.869769684045));
#2457=CARTESIAN_POINT('',(17.0495379219461,0.,151.079781102021));
#2458=CARTESIAN_POINT('',(17.0788717676,0.,151.288202142432));
#2459=CARTESIAN_POINT('',(17.1142230267982,0.,151.495032805281));
#2460=CARTESIAN_POINT('',(17.1555916995409,0.,151.700273090566));
#2461=CARTESIAN_POINT('',(17.2029777858278,0.,151.903922998287));
#2462=CARTESIAN_POINT('',(17.256381285659,0.,152.105982528446));
#2463=CARTESIAN_POINT('',(17.3158021990347,0.,152.306451681041));
#2464=CARTESIAN_POINT('',(17.3812405259546,0.,152.505330456073));
#2465=CARTESIAN_POINT('',(17.4526962664188,0.,152.702618853542));
#2466=CARTESIAN_POINT('',(17.5301694204274,0.,152.898316873448));
#2467=CARTESIAN_POINT('',(17.6136599879804,0.,153.09242451579));
#2468=CARTESIAN_POINT('',(17.6951338668391,0.,153.26818778932));
#2469=CARTESIAN_POINT('',(17.7809735004858,0.,153.441071445049));
#2470=CARTESIAN_POINT('',(17.8711788889205,0.,153.611075482977));
#2471=CARTESIAN_POINT('',(17.9657500321432,0.,153.778199903103));
#2472=CARTESIAN_POINT('',(18.0646869301539,0.,153.942444705428));
#2473=CARTESIAN_POINT('',(18.1679895829525,0.,154.103809889953));
#2474=CARTESIAN_POINT('',(18.2756579905392,0.,154.262295456676));
#2475=CARTESIAN_POINT('',(18.387692152914,0.,154.417901405599));
#2476=CARTESIAN_POINT('',(18.5040920700767,0.,154.570627736719));
#2477=CARTESIAN_POINT('',(18.6248577420274,0.,154.720474450039));
#2478=CARTESIAN_POINT('',(18.7499891687661,0.,154.867441545558));
#2479=CARTESIAN_POINT('',(18.8794863502928,0.,155.011529023275));
#2480=CARTESIAN_POINT('',(19.0127758868195,0.,155.152115725032));
#2481=CARTESIAN_POINT('',(19.1492843785582,0.,155.288580492668));
#2482=CARTESIAN_POINT('',(19.2890118255089,0.,155.420923326184));
#2483=CARTESIAN_POINT('',(19.4319582276718,0.,155.54914422558));
#2484=CARTESIAN_POINT('',(19.5781235850467,0.,155.673243190855));
#2485=CARTESIAN_POINT('',(19.7275078976336,0.,155.79322022201));
#2486=CARTESIAN_POINT('',(19.8801111654326,0.,155.909075319045));
#2487=CARTESIAN_POINT('',(20.0359333884437,0.,156.02080848196));
#2488=CARTESIAN_POINT('',(20.1949745666668,0.,156.128419710753));
#2489=CARTESIAN_POINT('',(20.357234700102,0.,156.231909005427));
#2490=CARTESIAN_POINT('',(20.5227137887492,0.,156.331276365981));
#2491=CARTESIAN_POINT('',(20.6914118326085,0.,156.426521792414));
#2492=CARTESIAN_POINT('',(20.8782346988029,0.,156.52524194412));
#2493=CARTESIAN_POINT('',(21.067123250553,0.,156.618090851517));
#2494=CARTESIAN_POINT('',(21.2580774878587,0.,156.705068514604));
#2495=CARTESIAN_POINT('',(21.45109741072,0.,156.786174933382));
#2496=CARTESIAN_POINT('',(21.6461830191369,0.,156.86141010785));
#2497=CARTESIAN_POINT('',(21.8433343131095,0.,156.930774038009));
#2498=CARTESIAN_POINT('',(22.0425512926376,0.,156.994266723858));
#2499=CARTESIAN_POINT('',(22.2438339577214,0.,157.051888165397));
#2500=CARTESIAN_POINT('',(22.4471823083608,0.,157.103638362627));
#2501=CARTESIAN_POINT('',(22.6525963445558,0.,157.149517315548));
#2502=CARTESIAN_POINT('',(22.8600760663065,0.,157.189525024159));
#2503=CARTESIAN_POINT('',(17.0262214898364,2000.,150.869769684045));
#2504=CARTESIAN_POINT('',(17.0262214898364,0.,150.869769684045));
#2505=CARTESIAN_POINT('',(22.8600760663065,2000.,157.189525024159));
#2506=CARTESIAN_POINT('',(22.6525963445558,2000.,157.149517315548));
#2507=CARTESIAN_POINT('',(22.4471823083608,2000.,157.103638362627));
#2508=CARTESIAN_POINT('',(22.2438339577214,2000.,157.051888165397));
#2509=CARTESIAN_POINT('',(22.0425512926376,2000.,156.994266723858));
#2510=CARTESIAN_POINT('',(21.8433343131094,2000.,156.930774038009));
#2511=CARTESIAN_POINT('',(21.6461830191368,2000.,156.86141010785));
#2512=CARTESIAN_POINT('',(21.45109741072,2000.,156.786174933382));
#2513=CARTESIAN_POINT('',(21.2580774878587,2000.,156.705068514604));
#2514=CARTESIAN_POINT('',(21.067123250553,2000.,156.618090851517));
#2515=CARTESIAN_POINT('',(20.8782346988029,2000.,156.525241944119));
#2516=CARTESIAN_POINT('',(20.6914118326085,2000.,156.426521792413));
#2517=CARTESIAN_POINT('',(20.5227137887492,2000.,156.33127636598));
#2518=CARTESIAN_POINT('',(20.3572347001019,2000.,156.231909005427));
#2519=CARTESIAN_POINT('',(20.1949745666668,2000.,156.128419710753));
#2520=CARTESIAN_POINT('',(20.0359333884437,2000.,156.020808481959));
#2521=CARTESIAN_POINT('',(19.8801111654326,2000.,155.909075319045));
#2522=CARTESIAN_POINT('',(19.7275078976336,2000.,155.79322022201));
#2523=CARTESIAN_POINT('',(19.5781235850466,2000.,155.673243190855));
#2524=CARTESIAN_POINT('',(19.4319582276718,2000.,155.54914422558));
#2525=CARTESIAN_POINT('',(19.289011825509,2000.,155.420923326184));
#2526=CARTESIAN_POINT('',(19.1492843785582,2000.,155.288580492668));
#2527=CARTESIAN_POINT('',(19.0127758868195,2000.,155.152115725032));
#2528=CARTESIAN_POINT('',(18.8794863502928,2000.,155.011529023275));
#2529=CARTESIAN_POINT('',(18.7499891687661,2000.,154.867441545558));
#2530=CARTESIAN_POINT('',(18.6248577420274,2000.,154.720474450039));
#2531=CARTESIAN_POINT('',(18.5040920700766,2000.,154.570627736719));
#2532=CARTESIAN_POINT('',(18.3876921529139,2000.,154.417901405598));
#2533=CARTESIAN_POINT('',(18.2756579905393,2000.,154.262295456676));
#2534=CARTESIAN_POINT('',(18.1679895829525,2000.,154.103809889953));
#2535=CARTESIAN_POINT('',(18.0646869301538,2000.,153.942444705428));
#2536=CARTESIAN_POINT('',(17.9657500321431,2000.,153.778199903103));
#2537=CARTESIAN_POINT('',(17.8711788889205,2000.,153.611075482976));
#2538=CARTESIAN_POINT('',(17.7809735004857,2000.,153.441071445048));
#2539=CARTESIAN_POINT('',(17.6951338668391,2000.,153.268187789319));
#2540=CARTESIAN_POINT('',(17.6136599879804,2000.,153.092424515789));
#2541=CARTESIAN_POINT('',(17.5301694204274,2000.,152.898316873447));
#2542=CARTESIAN_POINT('',(17.4526962664188,2000.,152.702618853541));
#2543=CARTESIAN_POINT('',(17.3812405259546,2000.,152.505330456072));
#2544=CARTESIAN_POINT('',(17.3158021990346,2000.,152.30645168104));
#2545=CARTESIAN_POINT('',(17.256381285659,2000.,152.105982528445));
#2546=CARTESIAN_POINT('',(17.2029777858277,2000.,151.903922998287));
#2547=CARTESIAN_POINT('',(17.1555916995408,2000.,151.700273090565));
#2548=CARTESIAN_POINT('',(17.1142230267982,2000.,151.49503280528));
#2549=CARTESIAN_POINT('',(17.0788717675999,2000.,151.288202142432));
#2550=CARTESIAN_POINT('',(17.049537921946,2000.,151.07978110202));
#2551=CARTESIAN_POINT('',(17.026221489836,2000.,150.869769684045));
#2552=CARTESIAN_POINT('',(17.0262214898364,0.,150.869769684045));
#2553=CARTESIAN_POINT('',(17.0127712552595,0.,150.770385783509));
#2554=CARTESIAN_POINT('',(16.9917194514309,0.,150.672330237762));
#2555=CARTESIAN_POINT('',(16.9631907146909,0.,150.576183580639));
#2556=CARTESIAN_POINT('',(16.9273539482539,0.,150.482515044473));
#2557=CARTESIAN_POINT('',(16.8844213222241,0.,150.391879189988));
#2558=CARTESIAN_POINT('',(16.834647017451,0.,150.304812623038));
#2559=CARTESIAN_POINT('',(16.7783257206623,0.,150.221830817659));
#2560=CARTESIAN_POINT('',(16.7157908797829,0.,150.14342506422));
#2561=CARTESIAN_POINT('',(16.6474127297706,0.,150.070059560767));
#2562=CARTESIAN_POINT('',(16.5735961006549,0.,150.00216866475));
#2563=CARTESIAN_POINT('',(16.4947780207573,0.,149.94015432143));
#2564=CARTESIAN_POINT('',(16.4114251292837,0.,149.884383684182));
#2565=CARTESIAN_POINT('',(16.3240309136054,0.,149.835186940774));
#2566=CARTESIAN_POINT('',(16.2331127875879,0.,149.792855358503));
#2567=CARTESIAN_POINT('',(16.1392090282629,0.,149.757639559766));
#2568=CARTESIAN_POINT('',(16.0428755889819,0.,149.729748038253));
#2569=CARTESIAN_POINT('',(15.9446828079166,0.,149.70934592457));
#2570=CARTESIAN_POINT('',(15.8452120313953,0.,149.696554008596));
#2571=CARTESIAN_POINT('',(15.8452120313953,0.,149.696554008596));
#2572=CARTESIAN_POINT('',(15.8452120313953,2000.,149.696554008596));
#2573=CARTESIAN_POINT('',(15.8452120313953,2000.,149.696554008596));
#2574=CARTESIAN_POINT('',(15.9446828079166,2000.,149.70934592457));
#2575=CARTESIAN_POINT('',(16.0428755889819,2000.,149.729748038253));
#2576=CARTESIAN_POINT('',(16.1392090282629,2000.,149.757639559766));
#2577=CARTESIAN_POINT('',(16.2331127875878,2000.,149.792855358503));
#2578=CARTESIAN_POINT('',(16.3240309136054,2000.,149.835186940774));
#2579=CARTESIAN_POINT('',(16.4114251292837,2000.,149.884383684182));
#2580=CARTESIAN_POINT('',(16.4947780207573,2000.,149.94015432143));
#2581=CARTESIAN_POINT('',(16.5735961006549,2000.,150.00216866475));
#2582=CARTESIAN_POINT('',(16.6474127297706,2000.,150.070059560767));
#2583=CARTESIAN_POINT('',(16.7157908797829,2000.,150.14342506422));
#2584=CARTESIAN_POINT('',(16.7783257206622,2000.,150.221830817659));
#2585=CARTESIAN_POINT('',(16.834647017451,2000.,150.304812623038));
#2586=CARTESIAN_POINT('',(16.8844213222241,2000.,150.391879189988));
#2587=CARTESIAN_POINT('',(16.9273539482539,2000.,150.482515044473));
#2588=CARTESIAN_POINT('',(16.9631907146909,2000.,150.576183580639));
#2589=CARTESIAN_POINT('',(16.9917194514309,2000.,150.672330237762));
#2590=CARTESIAN_POINT('',(17.0127712552595,2000.,150.770385783509));
#2591=CARTESIAN_POINT('',(17.0262214898364,2000.,150.869769684045));
#2592=CARTESIAN_POINT('',(11.9886763784274,0.,137.423204236618));
#2593=CARTESIAN_POINT('',(12.6194269999995,0.,149.407346));
#2594=CARTESIAN_POINT('',(12.6194269999995,0.,149.407346));
#2595=CARTESIAN_POINT('',(15.8452120313954,0.,149.696554008596));
#2596=CARTESIAN_POINT('',(15.8452120313954,0.,149.696554008596));
#2597=CARTESIAN_POINT('',(15.9352285460022,0.,149.707732563675));
#2598=CARTESIAN_POINT('',(16.0236135150927,0.,149.724981077294));
#2599=CARTESIAN_POINT('',(16.1103669386671,0.,149.748299549454));
#2600=CARTESIAN_POINT('',(16.1954888167252,0.,149.777687980155));
#2601=CARTESIAN_POINT('',(16.278979149267,0.,149.813146369395));
#2602=CARTESIAN_POINT('',(16.346626304131,0.,149.847014352844));
#2603=CARTESIAN_POINT('',(16.4117768357496,0.,149.884462689005));
#2604=CARTESIAN_POINT('',(16.4744307441228,0.,149.925491377877));
#2605=CARTESIAN_POINT('',(16.5345880292507,0.,149.970100419462));
#2606=CARTESIAN_POINT('',(16.5922486911333,0.,150.018289813759));
#2607=CARTESIAN_POINT('',(16.6474127297705,0.,150.070059560767));
#2608=CARTESIAN_POINT('',(16.6995465847771,0.,150.124879621203));
#2609=CARTESIAN_POINT('',(16.7481166957676,0.,150.182219955783));
#2610=CARTESIAN_POINT('',(16.7931230627423,0.,150.242080564507));
#2611=CARTESIAN_POINT('',(16.8345656857011,0.,150.304461447375));
#2612=CARTESIAN_POINT('',(16.8724445646439,0.,150.369362604386));
#2613=CARTESIAN_POINT('',(16.9067596995707,0.,150.436784035542));
#2614=CARTESIAN_POINT('',(16.9427701035835,0.,150.52003776698));
#2615=CARTESIAN_POINT('',(16.9727214846164,0.,150.60496319755));
#2616=CARTESIAN_POINT('',(16.9966138426694,0.,150.691560327251));
#2617=CARTESIAN_POINT('',(17.0144471777427,0.,150.779829156083));
#2618=CARTESIAN_POINT('',(17.0262214898365,0.,150.869769684045));
#2619=CARTESIAN_POINT('',(22.8600760663065,0.,157.189525024159));
#2620=CARTESIAN_POINT('',(22.9741174164277,0.,157.212776161178));
#2621=CARTESIAN_POINT('',(23.0860879243893,0.,157.241609870146));
#2622=CARTESIAN_POINT('',(23.1959875901913,0.,157.276026151063));
#2623=CARTESIAN_POINT('',(23.3038164138336,0.,157.31602500393));
#2624=CARTESIAN_POINT('',(23.4095743953164,0.,157.361606428747));
#2625=CARTESIAN_POINT('',(23.5132615346394,0.,157.412770425513));
#2626=CARTESIAN_POINT('',(23.6148778318028,0.,157.469516994228));
#2627=CARTESIAN_POINT('',(23.701393886507,0.,157.523335652477));
#2628=CARTESIAN_POINT('',(23.7849255174732,0.,157.580600381514));
#2629=CARTESIAN_POINT('',(23.8654727247014,0.,157.641311181341));
#2630=CARTESIAN_POINT('',(23.9430355081918,0.,157.705468051957));
#2631=CARTESIAN_POINT('',(24.0176138679442,0.,157.773070993363));
#2632=CARTESIAN_POINT('',(24.0892078039588,0.,157.844120005558));
#2633=CARTESIAN_POINT('',(24.1578173162354,0.,157.918615088542));
#2634=CARTESIAN_POINT('',(24.223442404774,0.,157.996556242315));
#2635=CARTESIAN_POINT('',(24.2855733575742,0.,158.077310315905));
#2636=CARTESIAN_POINT('',(24.3437004626352,0.,158.16024415834));
#2637=CARTESIAN_POINT('',(24.3978237199569,0.,158.245357769617));
#2638=CARTESIAN_POINT('',(24.4479431295394,0.,158.33265114974));
#2639=CARTESIAN_POINT('',(24.4940586913826,0.,158.422124298706));
#2640=CARTESIAN_POINT('',(24.5361704054867,0.,158.513777216516));
#2641=CARTESIAN_POINT('',(24.5742782718515,0.,158.60760990317));
#2642=CARTESIAN_POINT('',(24.608382290477,0.,158.703622358668));
#2643=CARTESIAN_POINT('',(24.6421223977793,0.,158.815011990454));
#2644=CARTESIAN_POINT('',(24.669966503101,0.,158.92723268028));
#2645=CARTESIAN_POINT('',(24.691914606442,0.,159.040284428145));
#2646=CARTESIAN_POINT('',(24.7079667078024,0.,159.154167234049));
#2647=CARTESIAN_POINT('',(24.7181228071821,0.,159.268881097993));
#2648=CARTESIAN_POINT('',(24.7223829045812,0.,159.384426019977));
#2649=CARTESIAN_POINT('',(24.7207469999997,0.,159.500802));
#2650=CARTESIAN_POINT('',(24.7207469999997,0.,159.500802));
#2651=CARTESIAN_POINT('',(24.8191729999985,0.,161.56748));
#2652=CARTESIAN_POINT('',(24.8191729999985,0.,161.56748));
#2653=CARTESIAN_POINT('',(25.2591241089069,0.,161.6098767188));
#2654=CARTESIAN_POINT('',(25.6978848515199,0.,161.659047322824));
#2655=CARTESIAN_POINT('',(26.1354552278374,0.,161.714991812071));
#2656=CARTESIAN_POINT('',(26.5718352378596,0.,161.777710186541));
#2657=CARTESIAN_POINT('',(27.0070248815863,0.,161.847202446235));
#2658=CARTESIAN_POINT('',(27.4410241590176,0.,161.923468591152));
#2659=CARTESIAN_POINT('',(27.8738330701535,0.,162.006508621293));
#2660=CARTESIAN_POINT('',(28.305451614994,0.,162.096322536657));
#2661=CARTESIAN_POINT('',(28.7358797935391,0.,162.192910337244));
#2662=CARTESIAN_POINT('',(29.1651176057887,0.,162.296272023055));
#2663=CARTESIAN_POINT('',(29.593165051743,0.,162.40640759409));
#2664=CARTESIAN_POINT('',(29.9840184438722,0.,162.513188995737));
#2665=CARTESIAN_POINT('',(30.3729161384476,0.,162.625408592327));
#2666=CARTESIAN_POINT('',(30.7598581354692,0.,162.743066383861));
#2667=CARTESIAN_POINT('',(31.1448444349369,0.,162.866162370338));
#2668=CARTESIAN_POINT('',(31.5278750368509,0.,162.994696551759));
#2669=CARTESIAN_POINT('',(31.908949941211,0.,163.128668928123));
#2670=CARTESIAN_POINT('',(32.2880691480172,0.,163.26807949943));
#2671=CARTESIAN_POINT('',(32.6652326572697,0.,163.41292826568));
#2672=CARTESIAN_POINT('',(33.0404404689683,0.,163.563215226874));
#2673=CARTESIAN_POINT('',(33.4136925831131,0.,163.71894038301));
#2674=CARTESIAN_POINT('',(33.7849889997041,0.,163.88010373409));
#2675=CARTESIAN_POINT('',(34.1543297187412,0.,164.046705280114));
#2676=CARTESIAN_POINT('',(34.5212656237944,0.,164.218538581482));
#2677=CARTESIAN_POINT('',(34.8853475984333,0.,164.395397198597));
#2678=CARTESIAN_POINT('',(35.2465756426577,0.,164.577281131459));
#2679=CARTESIAN_POINT('',(35.6049497564678,0.,164.764190380068));
#2680=CARTESIAN_POINT('',(35.9604699398636,0.,164.956124944422));
#2681=CARTESIAN_POINT('',(36.3131361928449,0.,165.153084824524));
#2682=CARTESIAN_POINT('',(36.6629485154119,0.,165.355070020372));
#2683=CARTESIAN_POINT('',(37.0099069075646,0.,165.562080531967));
#2684=CARTESIAN_POINT('',(37.3540113693028,0.,165.774116359308));
#2685=CARTESIAN_POINT('',(37.6952619006267,0.,165.991177502397));
#2686=CARTESIAN_POINT('',(38.0336585015362,0.,166.213263961231));
#2687=CARTESIAN_POINT('',(38.3692011720314,0.,166.440375735812));
#2688=CARTESIAN_POINT('',(38.6760526926143,0.,166.654239164649));
#2689=CARTESIAN_POINT('',(38.9797782599853,0.,166.871907422012));
#2690=CARTESIAN_POINT('',(39.2803778741441,0.,167.093380507902));
#2691=CARTESIAN_POINT('',(39.5778515350909,0.,167.318658422318));
#2692=CARTESIAN_POINT('',(39.8721992428256,0.,167.54774116526));
#2693=CARTESIAN_POINT('',(40.1634209973482,0.,167.780628736728));
#2694=CARTESIAN_POINT('',(40.4515167986589,0.,168.017321136724));
#2695=CARTESIAN_POINT('',(40.7364866467574,0.,168.257818365245));
#2696=CARTESIAN_POINT('',(41.0183305416438,0.,168.502120422293));
#2697=CARTESIAN_POINT('',(41.2970484833183,0.,168.750227307867));
#2698=CARTESIAN_POINT('',(41.5726404717806,0.,169.002139021968));
#2699=CARTESIAN_POINT('',(41.8451065070308,0.,169.257855564595));
#2700=CARTESIAN_POINT('',(42.1144465890691,0.,169.517376935748));
#2701=CARTESIAN_POINT('',(42.3803593517717,0.,169.780408919562));
#2702=CARTESIAN_POINT('',(42.6425434290157,0.,170.046657300173));
#2703=CARTESIAN_POINT('',(42.900998820801,0.,170.316122077579));
#2704=CARTESIAN_POINT('',(43.1557255271277,0.,170.588803251781));
#2705=CARTESIAN_POINT('',(43.4067235479957,0.,170.86470082278));
#2706=CARTESIAN_POINT('',(43.653992883405,0.,171.143814790575));
#2707=CARTESIAN_POINT('',(43.8975335333556,0.,171.426145155165));
#2708=CARTESIAN_POINT('',(44.1373454978476,0.,171.711691916552));
#2709=CARTESIAN_POINT('',(44.3734287768809,0.,172.000455074734));
#2710=CARTESIAN_POINT('',(44.6057833704555,0.,172.292434629713));
#2711=CARTESIAN_POINT('',(44.8344092785714,0.,172.587630581488));
#2712=CARTESIAN_POINT('',(45.0593065012287,0.,172.886042930058));
#2713=CARTESIAN_POINT('',(45.2804750384273,0.,173.187671675425));
#2714=CARTESIAN_POINT('',(45.5155769066833,0.,173.517665241149));
#2715=CARTESIAN_POINT('',(45.7457234234354,0.,173.850632560163));
#2716=CARTESIAN_POINT('',(45.9709145886835,0.,174.186573632468));
#2717=CARTESIAN_POINT('',(46.1911504024276,0.,174.525488458065));
#2718=CARTESIAN_POINT('',(46.4064308646677,0.,174.867377036952));
#2719=CARTESIAN_POINT('',(46.6167559754039,0.,175.21223936913));
#2720=CARTESIAN_POINT('',(46.8221257346361,0.,175.560075454599));
#2721=CARTESIAN_POINT('',(47.0225401423643,0.,175.910885293359));
#2722=CARTESIAN_POINT('',(47.2179991985885,0.,176.26466888541));
#2723=CARTESIAN_POINT('',(47.4085029033088,0.,176.621426230752));
#2724=CARTESIAN_POINT('',(47.5940512565251,0.,176.981157329385));
#2725=CARTESIAN_POINT('',(47.7746442582374,0.,177.343862181308));
#2726=CARTESIAN_POINT('',(47.9500647461697,0.,177.709096755644));
#2727=CARTESIAN_POINT('',(48.1200955580455,0.,178.076417021513));
#2728=CARTESIAN_POINT('',(48.284736693865,0.,178.445822978914));
#2729=CARTESIAN_POINT('',(48.443988153628,0.,178.817314627849));
#2730=CARTESIAN_POINT('',(48.5978499373346,0.,179.190891968316));
#2731=CARTESIAN_POINT('',(48.7463220449848,0.,179.566555000316));
#2732=CARTESIAN_POINT('',(48.8894044765786,0.,179.944303723849));
#2733=CARTESIAN_POINT('',(49.0270972321159,0.,180.324138138915));
#2734=CARTESIAN_POINT('',(49.1594003115969,0.,180.706058245513));
#2735=CARTESIAN_POINT('',(49.2863137150214,0.,181.090064043645));
#2736=CARTESIAN_POINT('',(49.4078374423896,0.,181.476155533309));
#2737=CARTESIAN_POINT('',(49.5239714937013,0.,181.864332714506));
#2738=CARTESIAN_POINT('',(49.6345775612752,0.,182.254121041284));
#2739=CARTESIAN_POINT('',(49.7395173374297,0.,182.64504596769));
#2740=CARTESIAN_POINT('',(49.838790822165,0.,183.037107493724));
#2741=CARTESIAN_POINT('',(49.9323980154809,0.,183.430305619386));
#2742=CARTESIAN_POINT('',(50.0203389173775,0.,183.824640344676));
#2743=CARTESIAN_POINT('',(50.1026135278547,0.,184.220111669594));
#2744=CARTESIAN_POINT('',(50.1792218469127,0.,184.61671959414));
#2745=CARTESIAN_POINT('',(50.2501638745512,0.,185.014464118314));
#2746=CARTESIAN_POINT('',(50.3154396107704,0.,185.413345242116));
#2747=CARTESIAN_POINT('',(50.3750490555703,0.,185.813362965546));
#2748=CARTESIAN_POINT('',(50.4289922089509,0.,186.214517288604));
#2749=CARTESIAN_POINT('',(50.4772690709121,0.,186.61680821129));
#2750=CARTESIAN_POINT('',(50.4772690709121,0.,186.61680821129));
#2751=CARTESIAN_POINT('',(63.0173318904985,0.,187.326978826072));
#2752=CARTESIAN_POINT('',(63.0173318904985,0.,187.326978826072));
#2753=CARTESIAN_POINT('',(63.1206985287985,0.,187.335948919343));
#2754=CARTESIAN_POINT('',(63.2225631521326,0.,187.351066388615));
#2755=CARTESIAN_POINT('',(63.3229257605008,0.,187.372331233886));
#2756=CARTESIAN_POINT('',(63.4217863539032,0.,187.399743455157));
#2757=CARTESIAN_POINT('',(63.5191449323398,0.,187.433303052427));
#2758=CARTESIAN_POINT('',(63.6150014958106,0.,187.473010025698));
#2759=CARTESIAN_POINT('',(63.6951968913935,0.,187.511590169039));
#2760=CARTESIAN_POINT('',(63.7727449821629,0.,187.553992322598));
#2761=CARTESIAN_POINT('',(63.847645768119,0.,187.600216486377));
#2762=CARTESIAN_POINT('',(63.9198992492617,0.,187.650262660373));
#2763=CARTESIAN_POINT('',(63.989505425591,0.,187.704130844588));
#2764=CARTESIAN_POINT('',(64.056464297107,0.,187.761821039022));
#2765=CARTESIAN_POINT('',(64.1207758638096,0.,187.823333243674));
#2766=CARTESIAN_POINT('',(64.1818437024557,0.,187.888066913553));
#2767=CARTESIAN_POINT('',(64.239071389802,0.,187.955421503668));
#2768=CARTESIAN_POINT('',(64.2924589258484,0.,188.025397014018));
#2769=CARTESIAN_POINT('',(64.342006310595,0.,188.097993444603));
#2770=CARTESIAN_POINT('',(64.3877135440418,0.,188.173210795424));
#2771=CARTESIAN_POINT('',(64.4295806261888,0.,188.25104906648));
#2772=CARTESIAN_POINT('',(64.4676075570359,0.,188.331508257771));
#2773=CARTESIAN_POINT('',(64.5066534342127,0.,188.42763600591));
#2774=CARTESIAN_POINT('',(64.5395417369495,0.,188.525223397038));
#2775=CARTESIAN_POINT('',(64.5662724652465,0.,188.624270431156));
#2776=CARTESIAN_POINT('',(64.5868456191035,0.,188.724777108264));
#2777=CARTESIAN_POINT('',(64.6012611985207,0.,188.826743428362));
#2778=CARTESIAN_POINT('',(64.609519203498,0.,188.930169391449));
#2779=CARTESIAN_POINT('',(64.609519203498,0.,188.930169391449));
#2780=CARTESIAN_POINT('',(64.7646456143334,0.,195.864436256118));
#2781=CARTESIAN_POINT('',(64.7646456143334,0.,195.864436256118));
#2782=CARTESIAN_POINT('',(63.900131,0.,196.5786));
#2783=CARTESIAN_POINT('',(63.900131,0.,196.5786));
#2784=CARTESIAN_POINT('',(63.900131,0.,200.737791));
#2785=CARTESIAN_POINT('',(63.900131,0.,200.737791));
#2786=CARTESIAN_POINT('',(64.9079080573367,0.,202.268374864101));
#2787=CARTESIAN_POINT('',(64.9079080573367,0.,202.268374864101));
#2788=CARTESIAN_POINT('',(65.0040156219136,0.,206.564455053825));
#2789=CARTESIAN_POINT('',(65.0040156219136,0.,206.564455053825));
#2790=CARTESIAN_POINT('',(63.8368154018256,0.,207.915124974626));
#2791=CARTESIAN_POINT('',(95.1466067977207,0.,238.436423186618));
#2792=CARTESIAN_POINT('',(104.201013210706,0.,238.436423186618));
#2793=CARTESIAN_POINT('',(104.201013210706,0.,238.436423186618));
#2794=CARTESIAN_POINT('',(105.661499999999,0.,237.317751999999));
#2795=CARTESIAN_POINT('',(105.661499999999,0.,237.317751999999));
#2796=CARTESIAN_POINT('',(116.745864999999,0.,236.939446));
#2797=CARTESIAN_POINT('',(116.745864999999,0.,236.939446));
#2798=CARTESIAN_POINT('',(117.805121,0.,238.641823));
#2799=CARTESIAN_POINT('',(117.805121,0.,238.641823));
#2800=CARTESIAN_POINT('',(117.842739765349,0.,238.570476426241));
#2801=CARTESIAN_POINT('',(117.883723928122,0.,238.50164696514));
#2802=CARTESIAN_POINT('',(117.928073488319,0.,238.435334616696));
#2803=CARTESIAN_POINT('',(117.975788445941,0.,238.371539380908));
#2804=CARTESIAN_POINT('',(118.026868800986,0.,238.310261257779));
#2805=CARTESIAN_POINT('',(118.081314553455,0.,238.251500247306));
#2806=CARTESIAN_POINT('',(118.139125703349,0.,238.19525634949));
#2807=CARTESIAN_POINT('',(118.210062802306,0.,238.133524749855));
#2808=CARTESIAN_POINT('',(118.284055119095,0.,238.076629081088));
#2809=CARTESIAN_POINT('',(118.361102653718,0.,238.024569343188));
#2810=CARTESIAN_POINT('',(118.441205406173,0.,237.977345536156));
#2811=CARTESIAN_POINT('',(118.524363376462,0.,237.934957659992));
#2812=CARTESIAN_POINT('',(118.610576564584,0.,237.897405714695));
#2813=CARTESIAN_POINT('',(118.610576564584,0.,237.897405714695));
#2814=CARTESIAN_POINT('',(118.846948622009,0.,237.818103469997));
#2815=CARTESIAN_POINT('',(119.084856052508,0.,237.744851697933));
#2816=CARTESIAN_POINT('',(119.324298856083,0.,237.677650398501));
#2817=CARTESIAN_POINT('',(119.565277032732,0.,237.616499571703));
#2818=CARTESIAN_POINT('',(119.807790582455,0.,237.561399217537));
#2819=CARTESIAN_POINT('',(120.051839505254,0.,237.512349336005));
#2820=CARTESIAN_POINT('',(120.297423801128,0.,237.469349927106));
#2821=CARTESIAN_POINT('',(120.544004075824,0.,237.43248851536));
#2822=CARTESIAN_POINT('',(120.791040935092,0.,237.401852625286));
#2823=CARTESIAN_POINT('',(121.038534378931,0.,237.377442256884));
#2824=CARTESIAN_POINT('',(121.286484407342,0.,237.359257410154));
#2825=CARTESIAN_POINT('',(121.534891020323,0.,237.347298085097));
#2826=CARTESIAN_POINT('',(121.783754217876,0.,237.341564281713));
#2827=CARTESIAN_POINT('',(122.033074,0.,237.342056));
#2828=CARTESIAN_POINT('',(122.033074,0.,237.342056));
#2829=CARTESIAN_POINT('',(122.252830485015,0.,237.32942138164));
#2830=CARTESIAN_POINT('',(122.472301242265,0.,237.323186960549));
#2831=CARTESIAN_POINT('',(122.691486271751,0.,237.323352736727));
#2832=CARTESIAN_POINT('',(122.910385573473,0.,237.329918710175));
#2833=CARTESIAN_POINT('',(123.128999147431,0.,237.342884880892));
#2834=CARTESIAN_POINT('',(123.347326993625,0.,237.362251248878));
#2835=CARTESIAN_POINT('',(123.565369112055,0.,237.388017814133));
#2836=CARTESIAN_POINT('',(123.78312550272,0.,237.420184576657));
#2837=CARTESIAN_POINT('',(123.999861138611,0.,237.458632078812));
#2838=CARTESIAN_POINT('',(124.214840992718,0.,237.503240862957));
#2839=CARTESIAN_POINT('',(124.428065065039,0.,237.554010929091));
#2840=CARTESIAN_POINT('',(124.639533355576,0.,237.610942277217));
#2841=CARTESIAN_POINT('',(124.849245864327,0.,237.674034907332));
#2842=CARTESIAN_POINT('',(125.057202591294,0.,237.743288819438));
#2843=CARTESIAN_POINT('',(125.263403536475,0.,237.818704013534));
#2844=CARTESIAN_POINT('',(125.467848699872,0.,237.90028048962));
#2845=CARTESIAN_POINT('',(125.467848699872,0.,237.90028048962));
#2846=CARTESIAN_POINT('',(125.877816808096,0.,238.073666637825));
#2847=CARTESIAN_POINT('',(126.285345950804,0.,238.251825549762));
#2848=CARTESIAN_POINT('',(126.690436127997,0.,238.434757225432));
#2849=CARTESIAN_POINT('',(127.093087339673,0.,238.622461664836));
#2850=CARTESIAN_POINT('',(127.493299585834,0.,238.814938867972));
#2851=CARTESIAN_POINT('',(127.891072866478,0.,239.012188834841));
#2852=CARTESIAN_POINT('',(128.286407181607,0.,239.214211565443));
#2853=CARTESIAN_POINT('',(128.67930253122,0.,239.421007059778));
#2854=CARTESIAN_POINT('',(129.069758915317,0.,239.632575317846));
#2855=CARTESIAN_POINT('',(129.457776333898,0.,239.848916339647));
#2856=CARTESIAN_POINT('',(129.843354786964,0.,240.07003012518));
#2857=CARTESIAN_POINT('',(130.226494274513,0.,240.295916674447));
#2858=CARTESIAN_POINT('',(130.607194796547,0.,240.526575987447));
#2859=CARTESIAN_POINT('',(148.379791,0.,240.93887));
#2860=CARTESIAN_POINT('',(151.629791,0.,240.93887));
#2861=CARTESIAN_POINT('',(151.629791,0.,240.93887));
#2862=CARTESIAN_POINT('',(152.699999999999,0.,249.5));
#2863=CARTESIAN_POINT('',(152.699999999999,0.,249.5));
#2864=CARTESIAN_POINT('',(72.8500000000003,0.,249.5));
#2865=CARTESIAN_POINT('',(72.8500000000003,0.,249.5));
#2866=CARTESIAN_POINT('',(39.6692569999999,0.,213.791165));
#2867=CARTESIAN_POINT('',(39.6692569999999,0.,213.791165));
#2868=CARTESIAN_POINT('',(39.6692569999995,0.,200.791165));
#2869=CARTESIAN_POINT('',(39.6692569999995,0.,200.791165));
#2870=CARTESIAN_POINT('',(-6.3948846218409E-013,0.,162.044705));
#2871=CARTESIAN_POINT('',(-6.3948846218409E-013,0.,162.044705));
#2872=CARTESIAN_POINT('',(-6.3948846218409E-013,0.,128.75));
#2873=CARTESIAN_POINT('',(-6.3948846218409E-013,0.,128.75));
#2874=CARTESIAN_POINT('',(7.49504399999992,0.,129.781916999999));
#2875=CARTESIAN_POINT('',(7.49504399999992,0.,129.781916999999));
#2876=CARTESIAN_POINT('',(7.59670466382599,0.,129.803708055407));
#2877=CARTESIAN_POINT('',(7.69639924497451,0.,129.830891685896));
#2878=CARTESIAN_POINT('',(7.79412774344543,0.,129.863467891466));
#2879=CARTESIAN_POINT('',(7.88989015923873,0.,129.901436672117));
#2880=CARTESIAN_POINT('',(7.98368649235448,0.,129.944798027849));
#2881=CARTESIAN_POINT('',(8.07551674279263,0.,129.993551958663));
#2882=CARTESIAN_POINT('',(8.15205835255021,0.,130.039290348509));
#2883=CARTESIAN_POINT('',(8.22594510908081,0.,130.088305143728));
#2884=CARTESIAN_POINT('',(8.29717701238448,0.,130.140596344319));
#2885=CARTESIAN_POINT('',(8.36575406246119,0.,130.196163950282));
#2886=CARTESIAN_POINT('',(8.431676259311,0.,130.255007961617));
#2887=CARTESIAN_POINT('',(8.49494360293384,0.,130.317128378324));
#2888=CARTESIAN_POINT('',(8.55555609332973,0.,130.382525200403));
#2889=CARTESIAN_POINT('',(8.62228808182969,0.,130.462253378459));
#2890=CARTESIAN_POINT('',(8.68415223183742,0.,130.545022854842));
#2891=CARTESIAN_POINT('',(8.74114854335282,0.,130.630833629552));
#2892=CARTESIAN_POINT('',(8.79327701637595,0.,130.719685702589));
#2893=CARTESIAN_POINT('',(8.84053765090678,0.,130.811579073953));
#2894=CARTESIAN_POINT('',(8.88293044694535,0.,130.906513743644));
#2895=CARTESIAN_POINT('',(8.92009308762229,0.,131.003615127791));
#2896=CARTESIAN_POINT('',(8.95166325606836,0.,131.102008642522));
#2897=CARTESIAN_POINT('',(8.97764095228354,0.,131.201694287839));
#2898=CARTESIAN_POINT('',(8.99802617626781,0.,131.302672063739));
#2899=CARTESIAN_POINT('',(9.01281892802119,0.,131.404941970224));
#2900=CARTESIAN_POINT('',(9.02201920754347,0.,131.508504007294));
#2901=CARTESIAN_POINT('',(9.02201920754347,0.,131.508504007294));
#2902=CARTESIAN_POINT('',(9.19847199999849,0.,133.754201));
#2903=CARTESIAN_POINT('',(10.1612290547022,0.,135.003420750262));
#2904=CARTESIAN_POINT('',(10.269660821498,0.,135.043087333526));
#2905=CARTESIAN_POINT('',(10.3758386888943,0.,135.087101437582));
#2906=CARTESIAN_POINT('',(10.4797626568911,0.,135.135463062428));
#2907=CARTESIAN_POINT('',(10.5814327254884,0.,135.188172208066));
#2908=CARTESIAN_POINT('',(10.6808488946863,0.,135.245228874495));
#2909=CARTESIAN_POINT('',(10.7780111644847,0.,135.306633061716));
#2910=CARTESIAN_POINT('',(10.8729195348836,0.,135.372384769728));
#2911=CARTESIAN_POINT('',(10.9649869743394,0.,135.44205881418));
#2912=CARTESIAN_POINT('',(11.0536264513091,0.,135.51523001072));
#2913=CARTESIAN_POINT('',(11.1388379657928,0.,135.591898359348));
#2914=CARTESIAN_POINT('',(11.2206215177904,0.,135.672063860065));
#2915=CARTESIAN_POINT('',(11.2989771073019,0.,135.755726512869));
#2916=CARTESIAN_POINT('',(11.3739047343274,0.,135.842886317762));
#2917=CARTESIAN_POINT('',(11.4454043988668,0.,135.933543274743));
#2918=CARTESIAN_POINT('',(11.5130392724197,0.,136.027118964737));
#2919=CARTESIAN_POINT('',(11.5763725264856,0.,136.123034968668));
#2920=CARTESIAN_POINT('',(11.6354041610646,0.,136.221291286536));
#2921=CARTESIAN_POINT('',(11.6901341761567,0.,136.321887918341));
#2922=CARTESIAN_POINT('',(11.7405625717618,0.,136.424824864083));
#2923=CARTESIAN_POINT('',(11.78668934788,0.,136.530102123762));
#2924=CARTESIAN_POINT('',(11.8285145045112,0.,136.637719697378));
#2925=CARTESIAN_POINT('',(11.8715357271498,0.,136.765304561537));
#2926=CARTESIAN_POINT('',(11.9080259189941,0.,136.894221115981));
#2927=CARTESIAN_POINT('',(11.937985080044,0.,137.024469360711));
#2928=CARTESIAN_POINT('',(11.9614132102995,0.,137.156049295728));
#2929=CARTESIAN_POINT('',(11.9783103097606,0.,137.28896092103));
#2930=CARTESIAN_POINT('',(11.9886763784274,0.,137.423204236618));
#2931=CARTESIAN_POINT('',(15.8452120313954,2000.,149.696554008595));
#2932=CARTESIAN_POINT('',(12.6194269999995,2000.,149.407345999999));
#2933=CARTESIAN_POINT('',(12.6194269999995,2000.,149.407345999999));
#2934=CARTESIAN_POINT('',(11.9886763784274,2000.,137.423204236617));
#2935=CARTESIAN_POINT('',(11.9886763784274,2000.,137.423204236617));
#2936=CARTESIAN_POINT('',(11.9783103097606,2000.,137.28896092103));
#2937=CARTESIAN_POINT('',(11.9614132102995,2000.,137.156049295727));
#2938=CARTESIAN_POINT('',(11.937985080044,2000.,137.024469360711));
#2939=CARTESIAN_POINT('',(11.9080259189941,2000.,136.894221115981));
#2940=CARTESIAN_POINT('',(11.8715357271498,2000.,136.765304561536));
#2941=CARTESIAN_POINT('',(11.8285145045112,2000.,136.637719697378));
#2942=CARTESIAN_POINT('',(11.7866893478799,2000.,136.530102123761));
#2943=CARTESIAN_POINT('',(11.7405625717618,2000.,136.424824864082));
#2944=CARTESIAN_POINT('',(11.6901341761567,2000.,136.321887918341));
#2945=CARTESIAN_POINT('',(11.6354041610646,2000.,136.221291286536));
#2946=CARTESIAN_POINT('',(11.5763725264856,2000.,136.123034968668));
#2947=CARTESIAN_POINT('',(11.5130392724197,2000.,136.027118964737));
#2948=CARTESIAN_POINT('',(11.4454043988668,2000.,135.933543274743));
#2949=CARTESIAN_POINT('',(11.3739047343274,2000.,135.842886317762));
#2950=CARTESIAN_POINT('',(11.2989771073019,2000.,135.755726512868));
#2951=CARTESIAN_POINT('',(11.2206215177903,2000.,135.672063860064));
#2952=CARTESIAN_POINT('',(11.1388379657928,2000.,135.591898359347));
#2953=CARTESIAN_POINT('',(11.0536264513091,2000.,135.515230010719));
#2954=CARTESIAN_POINT('',(10.9649869743393,2000.,135.442058814179));
#2955=CARTESIAN_POINT('',(10.8729195348836,2000.,135.372384769728));
#2956=CARTESIAN_POINT('',(10.7780111644847,2000.,135.306633061716));
#2957=CARTESIAN_POINT('',(10.6808488946863,2000.,135.245228874495));
#2958=CARTESIAN_POINT('',(10.5814327254884,2000.,135.188172208066));
#2959=CARTESIAN_POINT('',(10.4797626568911,2000.,135.135463062428));
#2960=CARTESIAN_POINT('',(10.3758386888943,2000.,135.087101437581));
#2961=CARTESIAN_POINT('',(10.269660821498,2000.,135.043087333526));
#2962=CARTESIAN_POINT('',(10.1612290547022,2000.,135.003420750262));
#2963=CARTESIAN_POINT('',(9.19847199999805,2000.,133.754201));
#2964=CARTESIAN_POINT('',(9.02201920754366,2000.,131.508504007293));
#2965=CARTESIAN_POINT('',(9.02201920754366,2000.,131.508504007293));
#2966=CARTESIAN_POINT('',(9.01281892802116,2000.,131.404941970224));
#2967=CARTESIAN_POINT('',(8.99802617626779,2000.,131.302672063739));
#2968=CARTESIAN_POINT('',(8.97764095228354,2000.,131.201694287838));
#2969=CARTESIAN_POINT('',(8.95166325606833,2000.,131.102008642522));
#2970=CARTESIAN_POINT('',(8.92009308762226,2000.,131.00361512779));
#2971=CARTESIAN_POINT('',(8.88293044694532,2000.,130.906513743644));
#2972=CARTESIAN_POINT('',(8.84053765090677,2000.,130.811579073953));
#2973=CARTESIAN_POINT('',(8.79327701637594,2000.,130.719685702588));
#2974=CARTESIAN_POINT('',(8.74114854335278,2000.,130.630833629551));
#2975=CARTESIAN_POINT('',(8.68415223183739,2000.,130.545022854841));
#2976=CARTESIAN_POINT('',(8.62228808182968,2000.,130.462253378458));
#2977=CARTESIAN_POINT('',(8.55555609332971,2000.,130.382525200402));
#2978=CARTESIAN_POINT('',(8.49494360293382,2000.,130.317128378323));
#2979=CARTESIAN_POINT('',(8.43167625931099,2000.,130.255007961616));
#2980=CARTESIAN_POINT('',(8.36575406246119,2000.,130.196163950281));
#2981=CARTESIAN_POINT('',(8.29717701238447,2000.,130.140596344319));
#2982=CARTESIAN_POINT('',(8.2259451090808,2000.,130.088305143728));
#2983=CARTESIAN_POINT('',(8.15205835255018,2000.,130.039290348509));
#2984=CARTESIAN_POINT('',(8.07551674279264,2000.,129.993551958662));
#2985=CARTESIAN_POINT('',(7.98368649235447,2000.,129.944798027849));
#2986=CARTESIAN_POINT('',(7.88989015923875,2000.,129.901436672117));
#2987=CARTESIAN_POINT('',(7.79412774344542,2000.,129.863467891465));
#2988=CARTESIAN_POINT('',(7.69639924497449,2000.,129.830891685895));
#2989=CARTESIAN_POINT('',(7.59670466382602,2000.,129.803708055407));
#2990=CARTESIAN_POINT('',(7.49504399999994,2000.,129.781916999999));
#2991=CARTESIAN_POINT('',(7.49504399999994,2000.,129.781916999999));
#2992=CARTESIAN_POINT('',(-6.3948846218409E-013,2000.,128.75));
#2993=CARTESIAN_POINT('',(-6.3948846218409E-013,2000.,128.75));
#2994=CARTESIAN_POINT('',(-6.3948846218409E-013,2000.,162.044705));
#2995=CARTESIAN_POINT('',(-6.3948846218409E-013,2000.,162.044705));
#2996=CARTESIAN_POINT('',(39.6692569999999,2000.,200.791165));
#2997=CARTESIAN_POINT('',(39.6692569999999,2000.,200.791165));
#2998=CARTESIAN_POINT('',(39.6692569999999,2000.,213.791165));
#2999=CARTESIAN_POINT('',(39.6692569999999,2000.,213.791165));
#3000=CARTESIAN_POINT('',(72.8500000000002,2000.,249.5));
#3001=CARTESIAN_POINT('',(72.8500000000002,2000.,249.5));
#3002=CARTESIAN_POINT('',(152.699999999999,2000.,249.5));
#3003=CARTESIAN_POINT('',(152.699999999999,2000.,249.5));
#3004=CARTESIAN_POINT('',(151.629791,2000.,240.93887));
#3005=CARTESIAN_POINT('',(151.629791,2000.,240.93887));
#3006=CARTESIAN_POINT('',(148.379791,2000.,240.93887));
#3007=CARTESIAN_POINT('',(130.607194796546,2000.,240.526575987447));
#3008=CARTESIAN_POINT('',(130.226494274513,2000.,240.295916674447));
#3009=CARTESIAN_POINT('',(129.843354786963,2000.,240.07003012518));
#3010=CARTESIAN_POINT('',(129.457776333898,2000.,239.848916339647));
#3011=CARTESIAN_POINT('',(129.069758915317,2000.,239.632575317846));
#3012=CARTESIAN_POINT('',(128.67930253122,2000.,239.421007059777));
#3013=CARTESIAN_POINT('',(128.286407181607,2000.,239.214211565442));
#3014=CARTESIAN_POINT('',(127.891072866478,2000.,239.01218883484));
#3015=CARTESIAN_POINT('',(127.493299585833,2000.,238.814938867971));
#3016=CARTESIAN_POINT('',(127.093087339673,2000.,238.622461664835));
#3017=CARTESIAN_POINT('',(126.690436127996,2000.,238.434757225432));
#3018=CARTESIAN_POINT('',(126.285345950804,2000.,238.251825549762));
#3019=CARTESIAN_POINT('',(125.877816808096,2000.,238.073666637825));
#3020=CARTESIAN_POINT('',(125.467848699872,2000.,237.90028048962));
#3021=CARTESIAN_POINT('',(125.467848699872,2000.,237.90028048962));
#3022=CARTESIAN_POINT('',(125.263403536475,2000.,237.818704013534));
#3023=CARTESIAN_POINT('',(125.057202591293,2000.,237.743288819438));
#3024=CARTESIAN_POINT('',(124.849245864327,2000.,237.674034907332));
#3025=CARTESIAN_POINT('',(124.639533355575,2000.,237.610942277217));
#3026=CARTESIAN_POINT('',(124.428065065039,2000.,237.554010929091));
#3027=CARTESIAN_POINT('',(124.214840992717,2000.,237.503240862956));
#3028=CARTESIAN_POINT('',(123.999861138611,2000.,237.458632078812));
#3029=CARTESIAN_POINT('',(123.78312550272,2000.,237.420184576657));
#3030=CARTESIAN_POINT('',(123.565369112054,2000.,237.388017814133));
#3031=CARTESIAN_POINT('',(123.347326993625,2000.,237.362251248878));
#3032=CARTESIAN_POINT('',(123.128999147431,2000.,237.342884880892));
#3033=CARTESIAN_POINT('',(122.910385573473,2000.,237.329918710175));
#3034=CARTESIAN_POINT('',(122.691486271751,2000.,237.323352736727));
#3035=CARTESIAN_POINT('',(122.472301242265,2000.,237.323186960549));
#3036=CARTESIAN_POINT('',(122.252830485015,2000.,237.32942138164));
#3037=CARTESIAN_POINT('',(122.033074,2000.,237.342056));
#3038=CARTESIAN_POINT('',(122.033074,2000.,237.342056));
#3039=CARTESIAN_POINT('',(121.783754217876,2000.,237.341564281713));
#3040=CARTESIAN_POINT('',(121.534891020323,2000.,237.347298085097));
#3041=CARTESIAN_POINT('',(121.286484407341,2000.,237.359257410154));
#3042=CARTESIAN_POINT('',(121.038534378931,2000.,237.377442256884));
#3043=CARTESIAN_POINT('',(120.791040935092,2000.,237.401852625286));
#3044=CARTESIAN_POINT('',(120.544004075824,2000.,237.43248851536));
#3045=CARTESIAN_POINT('',(120.297423801127,2000.,237.469349927106));
#3046=CARTESIAN_POINT('',(120.051839505254,2000.,237.512349336005));
#3047=CARTESIAN_POINT('',(119.807790582455,2000.,237.561399217537));
#3048=CARTESIAN_POINT('',(119.565277032731,2000.,237.616499571703));
#3049=CARTESIAN_POINT('',(119.324298856082,2000.,237.677650398501));
#3050=CARTESIAN_POINT('',(119.084856052508,2000.,237.744851697933));
#3051=CARTESIAN_POINT('',(118.846948622009,2000.,237.818103469997));
#3052=CARTESIAN_POINT('',(118.610576564584,2000.,237.897405714695));
#3053=CARTESIAN_POINT('',(118.610576564584,2000.,237.897405714695));
#3054=CARTESIAN_POINT('',(118.524363376462,2000.,237.934957659992));
#3055=CARTESIAN_POINT('',(118.441205406173,2000.,237.977345536156));
#3056=CARTESIAN_POINT('',(118.361102653718,2000.,238.024569343188));
#3057=CARTESIAN_POINT('',(118.284055119095,2000.,238.076629081088));
#3058=CARTESIAN_POINT('',(118.210062802305,2000.,238.133524749855));
#3059=CARTESIAN_POINT('',(118.139125703349,2000.,238.19525634949));
#3060=CARTESIAN_POINT('',(118.081314553455,2000.,238.251500247306));
#3061=CARTESIAN_POINT('',(118.026868800986,2000.,238.310261257779));
#3062=CARTESIAN_POINT('',(117.97578844594,2000.,238.371539380908));
#3063=CARTESIAN_POINT('',(117.928073488319,2000.,238.435334616696));
#3064=CARTESIAN_POINT('',(117.883723928122,2000.,238.50164696514));
#3065=CARTESIAN_POINT('',(117.842739765349,2000.,238.570476426241));
#3066=CARTESIAN_POINT('',(117.805121,2000.,238.641823));
#3067=CARTESIAN_POINT('',(117.805121,2000.,238.641823));
#3068=CARTESIAN_POINT('',(116.745864999999,2000.,236.939446));
#3069=CARTESIAN_POINT('',(116.745864999999,2000.,236.939446));
#3070=CARTESIAN_POINT('',(105.661499999999,2000.,237.317752));
#3071=CARTESIAN_POINT('',(105.661499999999,2000.,237.317752));
#3072=CARTESIAN_POINT('',(104.201013210706,2000.,238.436423186618));
#3073=CARTESIAN_POINT('',(104.201013210706,2000.,238.436423186618));
#3074=CARTESIAN_POINT('',(95.1466067977201,2000.,238.436423186618));
#3075=CARTESIAN_POINT('',(63.8368154018258,2000.,207.915124974626));
#3076=CARTESIAN_POINT('',(65.0040156219135,2000.,206.564455053825));
#3077=CARTESIAN_POINT('',(65.0040156219135,2000.,206.564455053825));
#3078=CARTESIAN_POINT('',(64.9079080573366,2000.,202.268374864101));
#3079=CARTESIAN_POINT('',(64.9079080573366,2000.,202.268374864101));
#3080=CARTESIAN_POINT('',(63.900131,2000.,200.737791));
#3081=CARTESIAN_POINT('',(63.900131,2000.,200.737791));
#3082=CARTESIAN_POINT('',(63.900131,2000.,196.5786));
#3083=CARTESIAN_POINT('',(63.900131,2000.,196.5786));
#3084=CARTESIAN_POINT('',(64.7646456143333,2000.,195.864436256117));
#3085=CARTESIAN_POINT('',(64.7646456143333,2000.,195.864436256117));
#3086=CARTESIAN_POINT('',(64.6095192034978,2000.,188.930169391449));
#3087=CARTESIAN_POINT('',(64.6095192034978,2000.,188.930169391449));
#3088=CARTESIAN_POINT('',(64.6012611985206,2000.,188.826743428362));
#3089=CARTESIAN_POINT('',(64.5868456191035,2000.,188.724777108264));
#3090=CARTESIAN_POINT('',(64.5662724652464,2000.,188.624270431156));
#3091=CARTESIAN_POINT('',(64.5395417369494,2000.,188.525223397038));
#3092=CARTESIAN_POINT('',(64.5066534342125,2000.,188.427636005909));
#3093=CARTESIAN_POINT('',(64.4676075570358,2000.,188.331508257771));
#3094=CARTESIAN_POINT('',(64.4295806261887,2000.,188.251049066479));
#3095=CARTESIAN_POINT('',(64.3877135440417,2000.,188.173210795424));
#3096=CARTESIAN_POINT('',(64.342006310595,2000.,188.097993444603));
#3097=CARTESIAN_POINT('',(64.2924589258484,2000.,188.025397014018));
#3098=CARTESIAN_POINT('',(64.2390713898019,2000.,187.955421503668));
#3099=CARTESIAN_POINT('',(64.1818437024557,2000.,187.888066913553));
#3100=CARTESIAN_POINT('',(64.1207758638095,2000.,187.823333243674));
#3101=CARTESIAN_POINT('',(64.056464297107,2000.,187.761821039021));
#3102=CARTESIAN_POINT('',(63.989505425591,2000.,187.704130844588));
#3103=CARTESIAN_POINT('',(63.9198992492617,2000.,187.650262660373));
#3104=CARTESIAN_POINT('',(63.8476457681189,2000.,187.600216486376));
#3105=CARTESIAN_POINT('',(63.7727449821628,2000.,187.553992322598));
#3106=CARTESIAN_POINT('',(63.6951968913934,2000.,187.511590169038));
#3107=CARTESIAN_POINT('',(63.6150014958105,2000.,187.473010025697));
#3108=CARTESIAN_POINT('',(63.5191449323398,2000.,187.433303052427));
#3109=CARTESIAN_POINT('',(63.4217863539032,2000.,187.399743455156));
#3110=CARTESIAN_POINT('',(63.3229257605008,2000.,187.372331233885));
#3111=CARTESIAN_POINT('',(63.2225631521325,2000.,187.351066388615));
#3112=CARTESIAN_POINT('',(63.1206985287984,2000.,187.335948919343));
#3113=CARTESIAN_POINT('',(63.0173318904985,2000.,187.326978826071));
#3114=CARTESIAN_POINT('',(63.0173318904985,2000.,187.326978826071));
#3115=CARTESIAN_POINT('',(50.4772690709121,2000.,186.61680821129));
#3116=CARTESIAN_POINT('',(50.4772690709121,2000.,186.61680821129));
#3117=CARTESIAN_POINT('',(50.4289922089508,2000.,186.214517288604));
#3118=CARTESIAN_POINT('',(50.3750490555703,2000.,185.813362965546));
#3119=CARTESIAN_POINT('',(50.3154396107704,2000.,185.413345242116));
#3120=CARTESIAN_POINT('',(50.2501638745511,2000.,185.014464118314));
#3121=CARTESIAN_POINT('',(50.1792218469126,2000.,184.616719594139));
#3122=CARTESIAN_POINT('',(50.1026135278547,2000.,184.220111669594));
#3123=CARTESIAN_POINT('',(50.0203389173774,2000.,183.824640344676));
#3124=CARTESIAN_POINT('',(49.9323980154809,2000.,183.430305619386));
#3125=CARTESIAN_POINT('',(49.838790822165,2000.,183.037107493724));
#3126=CARTESIAN_POINT('',(49.7395173374297,2000.,182.64504596769));
#3127=CARTESIAN_POINT('',(49.6345775612751,2000.,182.254121041284));
#3128=CARTESIAN_POINT('',(49.5239714937012,2000.,181.864332714506));
#3129=CARTESIAN_POINT('',(49.4078374423895,2000.,181.476155533309));
#3130=CARTESIAN_POINT('',(49.2863137150214,2000.,181.090064043645));
#3131=CARTESIAN_POINT('',(49.1594003115969,2000.,180.706058245513));
#3132=CARTESIAN_POINT('',(49.0270972321159,2000.,180.324138138914));
#3133=CARTESIAN_POINT('',(48.8894044765785,2000.,179.944303723849));
#3134=CARTESIAN_POINT('',(48.7463220449847,2000.,179.566555000316));
#3135=CARTESIAN_POINT('',(48.5978499373345,2000.,179.190891968316));
#3136=CARTESIAN_POINT('',(48.4439881536279,2000.,178.817314627849));
#3137=CARTESIAN_POINT('',(48.2847366938649,2000.,178.445822978914));
#3138=CARTESIAN_POINT('',(48.1200955580455,2000.,178.076417021513));
#3139=CARTESIAN_POINT('',(47.9500647461696,2000.,177.709096755644));
#3140=CARTESIAN_POINT('',(47.7746442582374,2000.,177.343862181308));
#3141=CARTESIAN_POINT('',(47.594051256525,2000.,176.981157329384));
#3142=CARTESIAN_POINT('',(47.4085029033088,2000.,176.621426230752));
#3143=CARTESIAN_POINT('',(47.2179991985885,2000.,176.26466888541));
#3144=CARTESIAN_POINT('',(47.0225401423642,2000.,175.910885293359));
#3145=CARTESIAN_POINT('',(46.822125734636,2000.,175.560075454599));
#3146=CARTESIAN_POINT('',(46.6167559754038,2000.,175.21223936913));
#3147=CARTESIAN_POINT('',(46.4064308646677,2000.,174.867377036951));
#3148=CARTESIAN_POINT('',(46.1911504024275,2000.,174.525488458065));
#3149=CARTESIAN_POINT('',(45.9709145886834,2000.,174.186573632468));
#3150=CARTESIAN_POINT('',(45.7457234234353,2000.,173.850632560163));
#3151=CARTESIAN_POINT('',(45.5155769066833,2000.,173.517665241148));
#3152=CARTESIAN_POINT('',(45.2804750384272,2000.,173.187671675425));
#3153=CARTESIAN_POINT('',(45.0593065012286,2000.,172.886042930058));
#3154=CARTESIAN_POINT('',(44.8344092785714,2000.,172.587630581487));
#3155=CARTESIAN_POINT('',(44.6057833704554,2000.,172.292434629713));
#3156=CARTESIAN_POINT('',(44.3734287768808,2000.,172.000455074734));
#3157=CARTESIAN_POINT('',(44.1373454978475,2000.,171.711691916551));
#3158=CARTESIAN_POINT('',(43.8975335333556,2000.,171.426145155165));
#3159=CARTESIAN_POINT('',(43.6539928834049,2000.,171.143814790574));
#3160=CARTESIAN_POINT('',(43.4067235479957,2000.,170.86470082278));
#3161=CARTESIAN_POINT('',(43.1557255271276,2000.,170.588803251781));
#3162=CARTESIAN_POINT('',(42.900998820801,2000.,170.316122077579));
#3163=CARTESIAN_POINT('',(42.6425434290157,2000.,170.046657300172));
#3164=CARTESIAN_POINT('',(42.3803593517717,2000.,169.780408919562));
#3165=CARTESIAN_POINT('',(42.114446589069,2000.,169.517376935748));
#3166=CARTESIAN_POINT('',(41.8451065070308,2000.,169.257855564594));
#3167=CARTESIAN_POINT('',(41.5726404717805,2000.,169.002139021967));
#3168=CARTESIAN_POINT('',(41.2970484833182,2000.,168.750227307867));
#3169=CARTESIAN_POINT('',(41.0183305416438,2000.,168.502120422293));
#3170=CARTESIAN_POINT('',(40.7364866467573,2000.,168.257818365244));
#3171=CARTESIAN_POINT('',(40.4515167986588,2000.,168.017321136723));
#3172=CARTESIAN_POINT('',(40.1634209973482,2000.,167.780628736728));
#3173=CARTESIAN_POINT('',(39.8721992428256,2000.,167.54774116526));
#3174=CARTESIAN_POINT('',(39.5778515350908,2000.,167.318658422317));
#3175=CARTESIAN_POINT('',(39.2803778741441,2000.,167.093380507901));
#3176=CARTESIAN_POINT('',(38.9797782599852,2000.,166.871907422012));
#3177=CARTESIAN_POINT('',(38.6760526926143,2000.,166.654239164649));
#3178=CARTESIAN_POINT('',(38.3692011720313,2000.,166.440375735812));
#3179=CARTESIAN_POINT('',(38.0336585015362,2000.,166.213263961231));
#3180=CARTESIAN_POINT('',(37.6952619006266,2000.,165.991177502396));
#3181=CARTESIAN_POINT('',(37.3540113693028,2000.,165.774116359308));
#3182=CARTESIAN_POINT('',(37.0099069075645,2000.,165.562080531967));
#3183=CARTESIAN_POINT('',(36.6629485154119,2000.,165.355070020372));
#3184=CARTESIAN_POINT('',(36.3131361928449,2000.,165.153084824524));
#3185=CARTESIAN_POINT('',(35.9604699398635,2000.,164.956124944422));
#3186=CARTESIAN_POINT('',(35.6049497564678,2000.,164.764190380067));
#3187=CARTESIAN_POINT('',(35.2465756426577,2000.,164.577281131459));
#3188=CARTESIAN_POINT('',(34.8853475984332,2000.,164.395397198597));
#3189=CARTESIAN_POINT('',(34.5212656237944,2000.,164.218538581482));
#3190=CARTESIAN_POINT('',(34.1543297187412,2000.,164.046705280114));
#3191=CARTESIAN_POINT('',(33.784988999704,2000.,163.88010373409));
#3192=CARTESIAN_POINT('',(33.413692583113,2000.,163.71894038301));
#3193=CARTESIAN_POINT('',(33.0404404689682,2000.,163.563215226873));
#3194=CARTESIAN_POINT('',(32.6652326572696,2000.,163.41292826568));
#3195=CARTESIAN_POINT('',(32.2880691480172,2000.,163.268079499429));
#3196=CARTESIAN_POINT('',(31.9089499412109,2000.,163.128668928122));
#3197=CARTESIAN_POINT('',(31.5278750368508,2000.,162.994696551758));
#3198=CARTESIAN_POINT('',(31.1448444349369,2000.,162.866162370338));
#3199=CARTESIAN_POINT('',(30.7598581354691,2000.,162.743066383861));
#3200=CARTESIAN_POINT('',(30.3729161384476,2000.,162.625408592327));
#3201=CARTESIAN_POINT('',(29.9840184438722,2000.,162.513188995737));
#3202=CARTESIAN_POINT('',(29.5931650517429,2000.,162.406407594089));
#3203=CARTESIAN_POINT('',(29.1651176057887,2000.,162.296272023055));
#3204=CARTESIAN_POINT('',(28.735879793539,2000.,162.192910337244));
#3205=CARTESIAN_POINT('',(28.305451614994,2000.,162.096322536656));
#3206=CARTESIAN_POINT('',(27.8738330701535,2000.,162.006508621293));
#3207=CARTESIAN_POINT('',(27.4410241590176,2000.,161.923468591152));
#3208=CARTESIAN_POINT('',(27.0070248815863,2000.,161.847202446234));
#3209=CARTESIAN_POINT('',(26.5718352378595,2000.,161.777710186541));
#3210=CARTESIAN_POINT('',(26.1354552278374,2000.,161.71499181207));
#3211=CARTESIAN_POINT('',(25.6978848515198,2000.,161.659047322823));
#3212=CARTESIAN_POINT('',(25.2591241089069,2000.,161.6098767188));
#3213=CARTESIAN_POINT('',(24.8191729999985,2000.,161.56748));
#3214=CARTESIAN_POINT('',(24.8191729999985,2000.,161.56748));
#3215=CARTESIAN_POINT('',(24.7207469999997,2000.,159.500802));
#3216=CARTESIAN_POINT('',(24.7207469999997,2000.,159.500802));
#3217=CARTESIAN_POINT('',(24.7223829045812,2000.,159.384426019977));
#3218=CARTESIAN_POINT('',(24.7181228071821,2000.,159.268881097993));
#3219=CARTESIAN_POINT('',(24.7079667078023,2000.,159.154167234049));
#3220=CARTESIAN_POINT('',(24.691914606442,2000.,159.040284428144));
#3221=CARTESIAN_POINT('',(24.6699665031009,2000.,158.927232680279));
#3222=CARTESIAN_POINT('',(24.6421223977793,2000.,158.815011990454));
#3223=CARTESIAN_POINT('',(24.608382290477,2000.,158.703622358668));
#3224=CARTESIAN_POINT('',(24.5742782718514,2000.,158.60760990317));
#3225=CARTESIAN_POINT('',(24.5361704054866,2000.,158.513777216516));
#3226=CARTESIAN_POINT('',(24.4940586913826,2000.,158.422124298706));
#3227=CARTESIAN_POINT('',(24.4479431295393,2000.,158.332651149739));
#3228=CARTESIAN_POINT('',(24.3978237199569,2000.,158.245357769617));
#3229=CARTESIAN_POINT('',(24.3437004626351,2000.,158.160244158339));
#3230=CARTESIAN_POINT('',(24.2855733575742,2000.,158.077310315905));
#3231=CARTESIAN_POINT('',(24.223442404774,2000.,157.996556242315));
#3232=CARTESIAN_POINT('',(24.1578173162354,2000.,157.918615088542));
#3233=CARTESIAN_POINT('',(24.0892078039588,2000.,157.844120005557));
#3234=CARTESIAN_POINT('',(24.0176138679442,2000.,157.773070993363));
#3235=CARTESIAN_POINT('',(23.9430355081918,2000.,157.705468051957));
#3236=CARTESIAN_POINT('',(23.8654727247014,2000.,157.641311181341));
#3237=CARTESIAN_POINT('',(23.7849255174731,2000.,157.580600381514));
#3238=CARTESIAN_POINT('',(23.7013938865069,2000.,157.523335652476));
#3239=CARTESIAN_POINT('',(23.6148778318028,2000.,157.469516994228));
#3240=CARTESIAN_POINT('',(23.5132615346394,2000.,157.412770425512));
#3241=CARTESIAN_POINT('',(23.4095743953163,2000.,157.361606428747));
#3242=CARTESIAN_POINT('',(23.3038164138336,2000.,157.31602500393));
#3243=CARTESIAN_POINT('',(23.1959875901913,2000.,157.276026151063));
#3244=CARTESIAN_POINT('',(23.0860879243893,2000.,157.241609870146));
#3245=CARTESIAN_POINT('',(22.9741174164277,2000.,157.212776161177));
#3246=CARTESIAN_POINT('',(22.8600760663065,2000.,157.189525024159));
#3247=CARTESIAN_POINT('',(17.026221489836,2000.,150.869769684045));
#3248=CARTESIAN_POINT('',(17.0144471777426,2000.,150.779829156082));
#3249=CARTESIAN_POINT('',(16.9966138426694,2000.,150.69156032725));
#3250=CARTESIAN_POINT('',(16.9727214846164,2000.,150.604963197549));
#3251=CARTESIAN_POINT('',(16.9427701035835,2000.,150.52003776698));
#3252=CARTESIAN_POINT('',(16.9067596995707,2000.,150.436784035542));
#3253=CARTESIAN_POINT('',(16.8724445646438,2000.,150.369362604386));
#3254=CARTESIAN_POINT('',(16.8345656857011,2000.,150.304461447375));
#3255=CARTESIAN_POINT('',(16.7931230627423,2000.,150.242080564507));
#3256=CARTESIAN_POINT('',(16.7481166957677,2000.,150.182219955783));
#3257=CARTESIAN_POINT('',(16.699546584777,2000.,150.124879621203));
#3258=CARTESIAN_POINT('',(16.6474127297705,2000.,150.070059560766));
#3259=CARTESIAN_POINT('',(16.5922486911333,2000.,150.018289813758));
#3260=CARTESIAN_POINT('',(16.5345880292507,2000.,149.970100419462));
#3261=CARTESIAN_POINT('',(16.4744307441228,2000.,149.925491377877));
#3262=CARTESIAN_POINT('',(16.4117768357495,2000.,149.884462689005));
#3263=CARTESIAN_POINT('',(16.3466263041309,2000.,149.847014352844));
#3264=CARTESIAN_POINT('',(16.278979149267,2000.,149.813146369395));
#3265=CARTESIAN_POINT('',(16.1954888167251,2000.,149.777687980154));
#3266=CARTESIAN_POINT('',(16.110366938667,2000.,149.748299549453));
#3267=CARTESIAN_POINT('',(16.0236135150927,2000.,149.724981077294));
#3268=CARTESIAN_POINT('',(15.9352285460022,2000.,149.707732563674));
#3269=CARTESIAN_POINT('',(15.8452120313954,2000.,149.696554008595));
#3270=CARTESIAN_POINT('',(14.2323195156974,1000.,149.551950004297));
#3271=CARTESIAN_POINT('',(12.3040516892134,1000.,143.415275118309));
#3272=CARTESIAN_POINT('',(9.28443097693574,-1.70530256582424E-013,
137.565534367672));
#3273=CARTESIAN_POINT('',(10.1612290547021,0.,135.003420750262));
#3274=CARTESIAN_POINT('',(10.1612290547021,2000.,135.003420750262));
#3275=CARTESIAN_POINT('',(9.60193502674017,-5.6843418860808E-014,
134.812020991374));
#3276=CARTESIAN_POINT('',(9.60193502674017,2000.,134.812020991373));
#3277=CARTESIAN_POINT('',(9.24108393417893,-5.6843418860808E-014,
134.34380077992));
#3278=CARTESIAN_POINT('',(9.24108393417893,2000.,134.34380077992));
#3279=CARTESIAN_POINT('',(9.19847199999849,0.,133.754201));
#3280=CARTESIAN_POINT('',(9.19847199999849,2000.,133.754201));
#3281=CARTESIAN_POINT('',(9.11024560377069,1000.,132.631352503647));
#3282=CARTESIAN_POINT('',(7.15247444494761,-1.70530256582424E-013,
131.623395705154));
#3283=CARTESIAN_POINT('',(3.74752199999995,1000.,129.2659585));
#3284=CARTESIAN_POINT('',(-6.25277607468888E-013,1000.,145.3973525));
#3285=CARTESIAN_POINT('',(19.8346284999994,1000.,181.417935));
#3286=CARTESIAN_POINT('',(39.6692569999999,1000.,207.291164999999));
#3287=CARTESIAN_POINT('',(56.2596285,1000.,231.6455825));
#3288=CARTESIAN_POINT('',(112.775,1000.,249.5));
#3289=CARTESIAN_POINT('',(152.164895499999,1000.,245.219435));
#3290=CARTESIAN_POINT('',(150.004791,1000.,240.93887));
#3291=CARTESIAN_POINT('',(148.379791,0.,240.93887));
#3292=CARTESIAN_POINT('',(148.379791,2000.,240.93887));
#3293=CARTESIAN_POINT('',(145.021047501495,-2.27373675443232E-013,
243.792527554674));
#3294=CARTESIAN_POINT('',(145.021047501495,2000.,243.792527554674));
#3295=CARTESIAN_POINT('',(140.695840194871,-2.27373675443232E-013,
244.639345765874));
#3296=CARTESIAN_POINT('',(140.695840194871,2000.,244.639345765874));
#3297=CARTESIAN_POINT('',(136.508923709879,0.,243.263028333085));
#3298=CARTESIAN_POINT('',(136.508923709879,2000.,243.263028333084));
#3299=CARTESIAN_POINT('',(136.508923709879,0.,243.263028333085));
#3300=CARTESIAN_POINT('',(136.508923709879,2000.,243.263028333084));
#3301=CARTESIAN_POINT('',(134.43957891776,-6.82121026329696E-013,
242.582796156959));
#3302=CARTESIAN_POINT('',(134.43957891776,2000.,242.582796156959));
#3303=CARTESIAN_POINT('',(132.463394653708,-6.82121026329696E-013,
241.666499569265));
#3304=CARTESIAN_POINT('',(132.463394653708,2000.,241.666499569265));
#3305=CARTESIAN_POINT('',(130.607194796546,0.,240.526575987448));
#3306=CARTESIAN_POINT('',(130.607194796546,2000.,240.526575987447));
#3307=CARTESIAN_POINT('',(111.303712510749,4.72368810733315E-011,
271.959490994304));
#3308=CARTESIAN_POINT('',(122.574298924526,7.44648787076585E-012,
244.858136555698));
#3309=CARTESIAN_POINT('',(121.889514833688,-4.79190020996612E-011,
247.281054753297));
#3310=CARTESIAN_POINT('',(119.181440289999,8.5265128291212E-013,
239.323035218192));
#3311=CARTESIAN_POINT('',(117.275493,1000.,237.790634500001));
#3312=CARTESIAN_POINT('',(111.203682499999,1000.,237.128599));
#3313=CARTESIAN_POINT('',(104.931256605353,1000.,237.877087593308));
#3314=CARTESIAN_POINT('',(99.6738100042136,1000.,238.436423186618));
#3315=CARTESIAN_POINT('',(95.1466067977206,0.,238.436423186618));
#3316=CARTESIAN_POINT('',(95.1466067977206,2000.,238.436423186618));
#3317=CARTESIAN_POINT('',(77.1686586194457,0.,238.436423186618));
#3318=CARTESIAN_POINT('',(77.1686586194457,2000.,238.436423186618));
#3319=CARTESIAN_POINT('',(64.2952638879364,0.,225.887226846314));
#3320=CARTESIAN_POINT('',(64.2952638879364,2000.,225.887226846313));
#3321=CARTESIAN_POINT('',(63.8368154018251,0.,207.915124974626));
#3322=CARTESIAN_POINT('',(63.8368154018251,2000.,207.915124974626));
#3323=CARTESIAN_POINT('',(64.4204155118694,1000.,207.239790014225));
#3324=CARTESIAN_POINT('',(64.9559618396248,1000.,204.416414958963));
#3325=CARTESIAN_POINT('',(64.404019528668,1000.,201.50308293205));
#3326=CARTESIAN_POINT('',(63.9001309999997,1000.,198.6581955));
#3327=CARTESIAN_POINT('',(64.3323883071665,1000.,196.221518128059));
#3328=CARTESIAN_POINT('',(64.6870824089154,1000.,192.397302823783));
#3329=CARTESIAN_POINT('',(62.9217869997039,5.6843418860808E-014,
189.01409303174));
#3330=CARTESIAN_POINT('',(56.7473004807051,1000.,186.971893518681));
#3331=CARTESIAN_POINT('',(22.3198370768018,0.,189.793050130171));
#3332=CARTESIAN_POINT('',(24.769959999999,1000.,160.534141));
#3333=CARTESIAN_POINT('',(22.4648887422622,0.,159.412262676194));
#3334=CARTESIAN_POINT('',(22.8600760663065,0.,157.189525024159));
#3335=CARTESIAN_POINT('',(22.8600760663065,2000.,157.189525024159));
#3336=CARTESIAN_POINT('',(19.5942349158644,2.27373675443232E-013,
156.608881139437));
#3337=CARTESIAN_POINT('',(19.5942349158644,2000.,156.608881139437));
#3338=CARTESIAN_POINT('',(17.3442925146145,2.27373675443232E-013,
154.171541415099));
#3339=CARTESIAN_POINT('',(17.3442925146145,2000.,154.171541415098));
#3340=CARTESIAN_POINT('',(17.0262214898365,0.,150.869769684045));
#3341=CARTESIAN_POINT('',(17.0262214898365,2000.,150.869769684045));
#3342=CARTESIAN_POINT('',(15.7288219313974,6.25277607468888E-013,
150.994752644926));
#3343=CARTESIAN_POINT('',(76.3538404049993,0.,189.1219631375));
#3344=CARTESIAN_POINT('',(76.5790499999991,2000.,188.943875));
#3345=PRODUCT_DEFINITION_SHAPE('','',#3346);
#3346=PRODUCT_DEFINITION('','',#3358,#3363);
#3347=(
GEOMETRIC_REPRESENTATION_CONTEXT(3)
GLOBAL_UNCERTAINTY_ASSIGNED_CONTEXT((#3348))
GLOBAL_UNIT_ASSIGNED_CONTEXT((#3350,#3349,#3353))
REPRESENTATION_CONTEXT('','')
);
#3348=UNCERTAINTY_MEASURE_WITH_UNIT(LENGTH_MEASURE(0.001),#3350,'','tolerance'
);
#3349=(
CONVERSION_BASED_UNIT('',#3351)
NAMED_UNIT(#3357)
PLANE_ANGLE_UNIT()
);
#3350=(
CONVERSION_BASED_UNIT('',#3352)
LENGTH_UNIT()
NAMED_UNIT(#3356)
);
#3351=PLANE_ANGLE_MEASURE_WITH_UNIT(PLANE_ANGLE_MEASURE(0.0174532925199433),
#3354);
#3352=LENGTH_MEASURE_WITH_UNIT(LENGTH_MEASURE(1.),#3355);
#3353=(
NAMED_UNIT(*)
SI_UNIT($,.STERADIAN.)
SOLID_ANGLE_UNIT()
);
#3354=(
NAMED_UNIT(*)
PLANE_ANGLE_UNIT()
SI_UNIT($,.RADIAN.)
);
#3355=(
LENGTH_UNIT()
NAMED_UNIT(*)
SI_UNIT(.MILLI.,.METRE.)
);
#3356=DIMENSIONAL_EXPONENTS(1.,0.,0.,0.,0.,0.,0.);
#3357=DIMENSIONAL_EXPONENTS(0.,0.,0.,0.,0.,0.,0.);
#3358=PRODUCT_DEFINITION_FORMATION_WITH_SPECIFIED_SOURCE('','',#3361,
.NOT_KNOWN.);
#3359=PRODUCT_CATEGORY_RELATIONSHIP('','',#3364,#3360);
#3360=PRODUCT_RELATED_PRODUCT_CATEGORY('assembly','',(#3361));
#3361=PRODUCT('','master','',(#3362));
#3362=PRODUCT_CONTEXT('',#3366,'');
#3363=PRODUCT_DEFINITION_CONTEXT('',#3366,'part_definition');
#3364=PRODUCT_CATEGORY('part','');
#3365=APPLICATION_PROTOCOL_DEFINITION('international standard',
'automotive_design_cc2',1994,#3366);
#3366=APPLICATION_CONTEXT(
'configuration controlled 3D designs of mechanical parts and assemblies');
ENDSEC;
END-ISO-10303-21;
233641