ISO-10303-21;
HEADER;
/* Generated by software using Delcam plc STEP library */

FILE_DESCRIPTION(
/* description */ ('AP-214 File'),
/* implementation_level */ '2;1');

FILE_NAME(
/* name */ 'D657',
/* time_stamp */ 'Tue Jul 12 09:21:13 2016',
/* author */ (''),
/* organization */ (''),
/* preprocessor_version */ 'DELCAM STEP V1',
/* originating_system */ 'Exchange7.1.0006',
/* authorisation */ '');

FILE_SCHEMA (('AUTOMOTIVE_DESIGN'));
ENDSEC;
DATA;
#10=PRESENTATION_STYLE_ASSIGNMENT((#20));
#11=PRESENTATION_STYLE_ASSIGNMENT((#21));
#12=SURFACE_SIDE_STYLE('',(#14));
#13=SURFACE_SIDE_STYLE('',(#15));
#14=SURFACE_STYLE_FILL_AREA(#16);
#15=SURFACE_STYLE_FILL_AREA(#17);
#16=FILL_AREA_STYLE('',(#18));
#17=FILL_AREA_STYLE('',(#19));
#18=FILL_AREA_STYLE_COLOUR('',#66);
#19=FILL_AREA_STYLE_COLOUR('',#67);
#20=SURFACE_STYLE_USAGE(.BOTH.,#12);
#21=SURFACE_STYLE_USAGE(.BOTH.,#13);
#22=STYLED_ITEM('',(#10),#95);
#23=STYLED_ITEM('',(#10),#96);
#24=STYLED_ITEM('',(#10),#97);
#25=STYLED_ITEM('',(#10),#98);
#26=STYLED_ITEM('',(#10),#99);
#27=STYLED_ITEM('',(#10),#100);
#28=STYLED_ITEM('',(#10),#101);
#29=STYLED_ITEM('',(#10),#102);
#30=STYLED_ITEM('',(#10),#103);
#31=STYLED_ITEM('',(#10),#104);
#32=STYLED_ITEM('',(#10),#105);
#33=STYLED_ITEM('',(#10),#106);
#34=STYLED_ITEM('',(#10),#107);
#35=STYLED_ITEM('',(#10),#108);
#36=STYLED_ITEM('',(#10),#109);
#37=STYLED_ITEM('',(#10),#110);
#38=STYLED_ITEM('',(#10),#111);
#39=STYLED_ITEM('',(#10),#112);
#40=STYLED_ITEM('',(#10),#113);
#41=STYLED_ITEM('',(#10),#114);
#42=STYLED_ITEM('',(#10),#115);
#43=STYLED_ITEM('',(#10),#116);
#44=STYLED_ITEM('',(#10),#117);
#45=STYLED_ITEM('',(#10),#118);
#46=STYLED_ITEM('',(#10),#119);
#47=STYLED_ITEM('',(#10),#120);
#48=STYLED_ITEM('',(#10),#121);
#49=STYLED_ITEM('',(#10),#122);
#50=STYLED_ITEM('',(#10),#123);
#51=STYLED_ITEM('',(#10),#124);
#52=STYLED_ITEM('',(#10),#125);
#53=STYLED_ITEM('',(#10),#126);
#54=STYLED_ITEM('',(#10),#127);
#55=STYLED_ITEM('',(#10),#128);
#56=STYLED_ITEM('',(#10),#129);
#57=STYLED_ITEM('',(#10),#130);
#58=STYLED_ITEM('',(#10),#131);
#59=STYLED_ITEM('',(#10),#132);
#60=STYLED_ITEM('',(#10),#133);
#61=STYLED_ITEM('',(#10),#134);
#62=STYLED_ITEM('',(#10),#135);
#63=STYLED_ITEM('',(#10),#136);
#64=STYLED_ITEM('',(#10),#137);
#65=STYLED_ITEM('',(#11),#73);
#66=COLOUR_RGB('solid_blue',0.,0.,0.);
#67=COLOUR_RGB('rgb_colour_1',0.6,0.6,0.6);
#68=MECHANICAL_DESIGN_GEOMETRIC_PRESENTATION_REPRESENTATION('',(#22,#23,#24,
#25,#26,#27,#28,#29,#30,#31,#32,#33,#34,#35,#36,#37,#38,#39,#40,#41,#42,#43,
#44,#45,#46,#47,#48,#49,#50,#51,#52,#53,#54,#55,#56,#57,#58,#59,#60,#61,#62,
#63,#64,#65),#4182);
#69=PRESENTATION_LAYER_ASSIGNMENT('25','D657',(#95,#96,#97,#98,#99,#100,#101,
#102,#103,#104,#105,#106,#107,#108,#109,#110,#111,#112,#113,#114,#115,#116,
#117,#118,#119,#120,#121,#122,#123,#124,#125,#126,#127,#128,#129,#130,#131,
#132,#133,#134,#135,#136,#137,#73));
#70=SHAPE_REPRESENTATION_RELATIONSHIP('','',#1149,#71);
#71=MANIFOLD_SURFACE_SHAPE_REPRESENTATION('',(#72),#4182);
#72=SHELL_BASED_SURFACE_MODEL('',(#73));
#73=OPEN_SHELL('922',(#95,#96,#97,#98,#99,#100,#101,#102,#103,#104,#105,#106,
#107,#108,#109,#110,#111,#112,#113,#114,#115,#116,#117,#118,#119,#120,#121,
#122,#123,#124,#125,#126,#127,#128,#129,#130,#131,#132,#133,#134,#135,#136,
#137));
#74=(
BOUNDED_SURFACE()
B_SPLINE_SURFACE(3,1,((#4095,#4096),(#4097,#4098),(#4099,#4100),(#4101,#4102))
,.UNSPECIFIED.,.F.,.F.,.F.)
B_SPLINE_SURFACE_WITH_KNOTS((4,4),(2,2),(0.,1.),(0.,1.),.UNSPECIFIED.)
GEOMETRIC_REPRESENTATION_ITEM()
RATIONAL_B_SPLINE_SURFACE(((1.,1.),(0.985741563500766,0.985741563500766),(
0.985741563500766,0.985741563500766),(1.,1.)))
REPRESENTATION_ITEM('')
SURFACE()
);
#75=(
BOUNDED_SURFACE()
B_SPLINE_SURFACE(3,1,((#4103,#4104),(#4105,#4106),(#4107,#4108),(#4109,#4110))
,.UNSPECIFIED.,.F.,.F.,.F.)
B_SPLINE_SURFACE_WITH_KNOTS((4,4),(2,2),(0.,1.),(0.,1.),.UNSPECIFIED.)
GEOMETRIC_REPRESENTATION_ITEM()
RATIONAL_B_SPLINE_SURFACE(((1.,1.),(0.99228193980264,0.99228193980264),(
0.99228193980264,0.99228193980264),(1.,1.)))
REPRESENTATION_ITEM('')
SURFACE()
);
#76=(
BOUNDED_SURFACE()
B_SPLINE_SURFACE(3,1,((#4111,#4112),(#4113,#4114),(#4115,#4116),(#4117,#4118))
,.UNSPECIFIED.,.F.,.F.,.F.)
B_SPLINE_SURFACE_WITH_KNOTS((4,4),(2,2),(0.,1.),(0.,1.),.UNSPECIFIED.)
GEOMETRIC_REPRESENTATION_ITEM()
RATIONAL_B_SPLINE_SURFACE(((1.,1.),(0.943142086925105,0.943142086925105),(
0.943142086925105,0.943142086925105),(1.,1.)))
REPRESENTATION_ITEM('')
SURFACE()
);
#77=(
BOUNDED_SURFACE()
B_SPLINE_SURFACE(3,1,((#4119,#4120),(#4121,#4122),(#4123,#4124),(#4125,#4126))
,.UNSPECIFIED.,.F.,.F.,.F.)
B_SPLINE_SURFACE_WITH_KNOTS((4,4),(2,2),(0.,1.),(0.,1.),.UNSPECIFIED.)
GEOMETRIC_REPRESENTATION_ITEM()
RATIONAL_B_SPLINE_SURFACE(((1.,1.),(0.797026105936097,0.797026105936097),(
0.797026105936097,0.797026105936097),(1.,1.)))
REPRESENTATION_ITEM('')
SURFACE()
);
#78=(
BOUNDED_SURFACE()
B_SPLINE_SURFACE(3,1,((#4139,#4140),(#4141,#4142),(#4143,#4144),(#4145,#4146))
,.UNSPECIFIED.,.F.,.F.,.F.)
B_SPLINE_SURFACE_WITH_KNOTS((4,4),(2,2),(0.,1.),(0.,1.),.UNSPECIFIED.)
GEOMETRIC_REPRESENTATION_ITEM()
RATIONAL_B_SPLINE_SURFACE(((1.,1.),(0.935056856233106,0.935056856233106),(
0.935056856233106,0.935056856233106),(1.,1.)))
REPRESENTATION_ITEM('')
SURFACE()
);
#79=(
BOUNDED_SURFACE()
B_SPLINE_SURFACE(3,1,((#4147,#4148),(#4149,#4150),(#4151,#4152),(#4153,#4154))
,.UNSPECIFIED.,.F.,.F.,.F.)
B_SPLINE_SURFACE_WITH_KNOTS((4,4),(2,2),(0.,1.),(0.,1.),.UNSPECIFIED.)
GEOMETRIC_REPRESENTATION_ITEM()
RATIONAL_B_SPLINE_SURFACE(((1.,1.),(0.994766141740775,0.994766141740775),(
0.994766141740775,0.994766141740775),(1.,1.)))
REPRESENTATION_ITEM('')
SURFACE()
);
#80=(
BOUNDED_SURFACE()
B_SPLINE_SURFACE(3,1,((#4155,#4156),(#4157,#4158),(#4159,#4160),(#4161,#4162))
,.UNSPECIFIED.,.F.,.F.,.F.)
B_SPLINE_SURFACE_WITH_KNOTS((4,4),(2,2),(0.,1.),(0.,1.),.UNSPECIFIED.)
GEOMETRIC_REPRESENTATION_ITEM()
RATIONAL_B_SPLINE_SURFACE(((1.,1.),(0.999530690398725,0.999530690398725),(
0.999530690398725,0.999530690398725),(1.,1.)))
REPRESENTATION_ITEM('')
SURFACE()
);
#81=CYLINDRICAL_SURFACE('',#1152,1.77016731616457);
#82=CYLINDRICAL_SURFACE('',#1154,2.37570157701905);
#83=CYLINDRICAL_SURFACE('',#1156,8.77845739108849);
#84=CYLINDRICAL_SURFACE('',#1157,12.8067681484638);
#85=CYLINDRICAL_SURFACE('',#1158,1.09123050799988);
#86=CYLINDRICAL_SURFACE('',#1160,1.48722460036946);
#87=CYLINDRICAL_SURFACE('',#1162,14.3034998038283);
#88=CYLINDRICAL_SURFACE('',#1164,1.39681844244742);
#89=CYLINDRICAL_SURFACE('',#1169,3.10558251979846);
#90=CYLINDRICAL_SURFACE('',#1170,6.73329052735492);
#91=CYLINDRICAL_SURFACE('',#1171,17.0924309729517);
#92=CYLINDRICAL_SURFACE('',#1172,13.3245224728737);
#93=CYLINDRICAL_SURFACE('',#1182,12.6563072574889);
#94=CYLINDRICAL_SURFACE('',#1183,10.3579249749435);
#95=ADVANCED_FACE('',(#138),#470,.T.);
#96=ADVANCED_FACE('',(#139),#81,.T.);
#97=ADVANCED_FACE('',(#140),#471,.T.);
#98=ADVANCED_FACE('',(#141),#82,.T.);
#99=ADVANCED_FACE('',(#142),#472,.T.);
#100=ADVANCED_FACE('',(#143),#83,.T.);
#101=ADVANCED_FACE('',(#144),#84,.T.);
#102=ADVANCED_FACE('',(#145),#74,.T.);
#103=ADVANCED_FACE('',(#146),#75,.T.);
#104=ADVANCED_FACE('',(#147),#76,.T.);
#105=ADVANCED_FACE('',(#148),#77,.T.);
#106=ADVANCED_FACE('',(#149),#85,.T.);
#107=ADVANCED_FACE('',(#150),#473,.T.);
#108=ADVANCED_FACE('',(#151),#86,.T.);
#109=ADVANCED_FACE('',(#152),#474,.T.);
#110=ADVANCED_FACE('',(#153),#87,.T.);
#111=ADVANCED_FACE('',(#154),#475,.T.);
#112=ADVANCED_FACE('',(#155),#88,.T.);
#113=ADVANCED_FACE('',(#156),#476,.T.);
#114=ADVANCED_FACE('',(#157),#477,.T.);
#115=ADVANCED_FACE('',(#158),#478,.T.);
#116=ADVANCED_FACE('',(#159),#479,.T.);
#117=ADVANCED_FACE('',(#160),#89,.T.);
#118=ADVANCED_FACE('',(#161),#78,.T.);
#119=ADVANCED_FACE('',(#162),#79,.T.);
#120=ADVANCED_FACE('',(#163),#80,.T.);
#121=ADVANCED_FACE('',(#164),#90,.T.);
#122=ADVANCED_FACE('',(#165),#91,.T.);
#123=ADVANCED_FACE('',(#166),#92,.T.);
#124=ADVANCED_FACE('',(#167),#480,.T.);
#125=ADVANCED_FACE('',(#168),#481,.T.);
#126=ADVANCED_FACE('',(#169),#482,.T.);
#127=ADVANCED_FACE('',(#170),#483,.T.);
#128=ADVANCED_FACE('',(#171),#484,.T.);
#129=ADVANCED_FACE('',(#172),#485,.T.);
#130=ADVANCED_FACE('',(#173),#486,.T.);
#131=ADVANCED_FACE('',(#174),#487,.T.);
#132=ADVANCED_FACE('',(#175),#488,.T.);
#133=ADVANCED_FACE('',(#176),#93,.T.);
#134=ADVANCED_FACE('',(#177),#94,.T.);
#135=ADVANCED_FACE('',(#178),#489,.T.);
#136=ADVANCED_FACE('',(#179),#490,.T.);
#137=ADVANCED_FACE('',(#180),#491,.T.);
#138=FACE_OUTER_BOUND('',#181,.T.);
#139=FACE_OUTER_BOUND('',#182,.T.);
#140=FACE_OUTER_BOUND('',#183,.T.);
#141=FACE_OUTER_BOUND('',#184,.T.);
#142=FACE_OUTER_BOUND('',#185,.T.);
#143=FACE_OUTER_BOUND('',#186,.T.);
#144=FACE_OUTER_BOUND('',#187,.T.);
#145=FACE_OUTER_BOUND('',#188,.T.);
#146=FACE_OUTER_BOUND('',#189,.T.);
#147=FACE_OUTER_BOUND('',#190,.T.);
#148=FACE_OUTER_BOUND('',#191,.T.);
#149=FACE_OUTER_BOUND('',#192,.T.);
#150=FACE_OUTER_BOUND('',#193,.T.);
#151=FACE_OUTER_BOUND('',#194,.T.);
#152=FACE_OUTER_BOUND('',#195,.T.);
#153=FACE_OUTER_BOUND('',#196,.T.);
#154=FACE_OUTER_BOUND('',#197,.T.);
#155=FACE_OUTER_BOUND('',#198,.T.);
#156=FACE_OUTER_BOUND('',#199,.T.);
#157=FACE_OUTER_BOUND('',#200,.T.);
#158=FACE_OUTER_BOUND('',#201,.T.);
#159=FACE_OUTER_BOUND('',#202,.T.);
#160=FACE_OUTER_BOUND('',#203,.T.);
#161=FACE_OUTER_BOUND('',#204,.T.);
#162=FACE_OUTER_BOUND('',#205,.T.);
#163=FACE_OUTER_BOUND('',#206,.T.);
#164=FACE_OUTER_BOUND('',#207,.T.);
#165=FACE_OUTER_BOUND('',#208,.T.);
#166=FACE_OUTER_BOUND('',#209,.T.);
#167=FACE_OUTER_BOUND('',#210,.T.);
#168=FACE_OUTER_BOUND('',#211,.T.);
#169=FACE_OUTER_BOUND('',#212,.T.);
#170=FACE_OUTER_BOUND('',#213,.T.);
#171=FACE_OUTER_BOUND('',#214,.T.);
#172=FACE_OUTER_BOUND('',#215,.T.);
#173=FACE_OUTER_BOUND('',#216,.T.);
#174=FACE_OUTER_BOUND('',#217,.T.);
#175=FACE_OUTER_BOUND('',#218,.T.);
#176=FACE_OUTER_BOUND('',#219,.T.);
#177=FACE_OUTER_BOUND('',#220,.T.);
#178=FACE_OUTER_BOUND('',#221,.T.);
#179=FACE_OUTER_BOUND('',#222,.T.);
#180=FACE_OUTER_BOUND('',#223,.T.);
#181=EDGE_LOOP('',(#224,#225,#226,#227));
#182=EDGE_LOOP('',(#228,#229,#230,#231));
#183=EDGE_LOOP('',(#232,#233,#234,#235));
#184=EDGE_LOOP('',(#236,#237,#238,#239));
#185=EDGE_LOOP('',(#240,#241,#242,#243));
#186=EDGE_LOOP('',(#244,#245,#246,#247));
#187=EDGE_LOOP('',(#248,#249,#250,#251));
#188=EDGE_LOOP('',(#252,#253,#254,#255));
#189=EDGE_LOOP('',(#256,#257,#258,#259));
#190=EDGE_LOOP('',(#260,#261,#262,#263));
#191=EDGE_LOOP('',(#264,#265,#266,#267));
#192=EDGE_LOOP('',(#268,#269,#270,#271));
#193=EDGE_LOOP('',(#272,#273,#274,#275));
#194=EDGE_LOOP('',(#276,#277,#278,#279));
#195=EDGE_LOOP('',(#280,#281,#282,#283));
#196=EDGE_LOOP('',(#284,#285,#286,#287));
#197=EDGE_LOOP('',(#288,#289,#290,#291));
#198=EDGE_LOOP('',(#292,#293,#294,#295));
#199=EDGE_LOOP('',(#296,#297,#298,#299));
#200=EDGE_LOOP('',(#300,#301,#302,#303));
#201=EDGE_LOOP('',(#304,#305,#306,#307));
#202=EDGE_LOOP('',(#308,#309,#310,#311));
#203=EDGE_LOOP('',(#312,#313,#314,#315));
#204=EDGE_LOOP('',(#316,#317,#318,#319));
#205=EDGE_LOOP('',(#320,#321,#322,#323));
#206=EDGE_LOOP('',(#324,#325,#326,#327));
#207=EDGE_LOOP('',(#328,#329,#330,#331));
#208=EDGE_LOOP('',(#332,#333,#334,#335));
#209=EDGE_LOOP('',(#336,#337,#338,#339));
#210=EDGE_LOOP('',(#340,#341,#342,#343));
#211=EDGE_LOOP('',(#344,#345,#346,#347));
#212=EDGE_LOOP('',(#348,#349,#350,#351));
#213=EDGE_LOOP('',(#352,#353,#354,#355));
#214=EDGE_LOOP('',(#356,#357,#358,#359));
#215=EDGE_LOOP('',(#360,#361,#362,#363));
#216=EDGE_LOOP('',(#364,#365,#366,#367));
#217=EDGE_LOOP('',(#368,#369,#370,#371));
#218=EDGE_LOOP('',(#372,#373,#374,#375));
#219=EDGE_LOOP('',(#376,#377,#378,#379));
#220=EDGE_LOOP('',(#380,#381,#382,#383));
#221=EDGE_LOOP('',(#384,#385,#386,#387));
#222=EDGE_LOOP('',(#388,#389,#390,#391,#392,#393,#394,#395,#396,#397,#398,#399
,#400,#401,#402,#403,#404,#405,#406,#407,#408,#409,#410,#411,#412,#413,#414,
#415,#416,#417,#418,#419,#420,#421,#422,#423,#424,#425,#426,#427,#428));
#223=EDGE_LOOP('',(#429,#430,#431,#432,#433,#434,#435,#436,#437,#438,#439,#440
,#441,#442,#443,#444,#445,#446,#447,#448,#449,#450,#451,#452,#453,#454,#455,
#456,#457,#458,#459,#460,#461,#462,#463,#464,#465,#466,#467,#468,#469));
#224=ORIENTED_EDGE('',*,*,#492,.T.);
#225=ORIENTED_EDGE('',*,*,#493,.T.);
#226=ORIENTED_EDGE('',*,*,#494,.T.);
#227=ORIENTED_EDGE('',*,*,#495,.T.);
#228=ORIENTED_EDGE('',*,*,#496,.T.);
#229=ORIENTED_EDGE('',*,*,#497,.T.);
#230=ORIENTED_EDGE('',*,*,#498,.T.);
#231=ORIENTED_EDGE('',*,*,#499,.T.);
#232=ORIENTED_EDGE('',*,*,#500,.T.);
#233=ORIENTED_EDGE('',*,*,#501,.T.);
#234=ORIENTED_EDGE('',*,*,#502,.T.);
#235=ORIENTED_EDGE('',*,*,#503,.T.);
#236=ORIENTED_EDGE('',*,*,#504,.T.);
#237=ORIENTED_EDGE('',*,*,#505,.T.);
#238=ORIENTED_EDGE('',*,*,#506,.T.);
#239=ORIENTED_EDGE('',*,*,#507,.T.);
#240=ORIENTED_EDGE('',*,*,#508,.T.);
#241=ORIENTED_EDGE('',*,*,#509,.T.);
#242=ORIENTED_EDGE('',*,*,#510,.T.);
#243=ORIENTED_EDGE('',*,*,#511,.T.);
#244=ORIENTED_EDGE('',*,*,#512,.T.);
#245=ORIENTED_EDGE('',*,*,#513,.T.);
#246=ORIENTED_EDGE('',*,*,#514,.T.);
#247=ORIENTED_EDGE('',*,*,#515,.T.);
#248=ORIENTED_EDGE('',*,*,#516,.T.);
#249=ORIENTED_EDGE('',*,*,#517,.T.);
#250=ORIENTED_EDGE('',*,*,#518,.T.);
#251=ORIENTED_EDGE('',*,*,#519,.T.);
#252=ORIENTED_EDGE('',*,*,#520,.T.);
#253=ORIENTED_EDGE('',*,*,#521,.T.);
#254=ORIENTED_EDGE('',*,*,#522,.T.);
#255=ORIENTED_EDGE('',*,*,#517,.T.);
#256=ORIENTED_EDGE('',*,*,#523,.T.);
#257=ORIENTED_EDGE('',*,*,#524,.T.);
#258=ORIENTED_EDGE('',*,*,#525,.T.);
#259=ORIENTED_EDGE('',*,*,#521,.T.);
#260=ORIENTED_EDGE('',*,*,#526,.T.);
#261=ORIENTED_EDGE('',*,*,#527,.T.);
#262=ORIENTED_EDGE('',*,*,#528,.T.);
#263=ORIENTED_EDGE('',*,*,#524,.T.);
#264=ORIENTED_EDGE('',*,*,#529,.T.);
#265=ORIENTED_EDGE('',*,*,#530,.T.);
#266=ORIENTED_EDGE('',*,*,#531,.T.);
#267=ORIENTED_EDGE('',*,*,#527,.T.);
#268=ORIENTED_EDGE('',*,*,#532,.T.);
#269=ORIENTED_EDGE('',*,*,#533,.T.);
#270=ORIENTED_EDGE('',*,*,#534,.T.);
#271=ORIENTED_EDGE('',*,*,#530,.T.);
#272=ORIENTED_EDGE('',*,*,#535,.T.);
#273=ORIENTED_EDGE('',*,*,#536,.T.);
#274=ORIENTED_EDGE('',*,*,#537,.T.);
#275=ORIENTED_EDGE('',*,*,#538,.T.);
#276=ORIENTED_EDGE('',*,*,#539,.T.);
#277=ORIENTED_EDGE('',*,*,#540,.T.);
#278=ORIENTED_EDGE('',*,*,#541,.T.);
#279=ORIENTED_EDGE('',*,*,#542,.T.);
#280=ORIENTED_EDGE('',*,*,#543,.T.);
#281=ORIENTED_EDGE('',*,*,#544,.T.);
#282=ORIENTED_EDGE('',*,*,#545,.T.);
#283=ORIENTED_EDGE('',*,*,#546,.T.);
#284=ORIENTED_EDGE('',*,*,#547,.T.);
#285=ORIENTED_EDGE('',*,*,#548,.T.);
#286=ORIENTED_EDGE('',*,*,#549,.T.);
#287=ORIENTED_EDGE('',*,*,#550,.T.);
#288=ORIENTED_EDGE('',*,*,#551,.T.);
#289=ORIENTED_EDGE('',*,*,#552,.T.);
#290=ORIENTED_EDGE('',*,*,#553,.T.);
#291=ORIENTED_EDGE('',*,*,#554,.T.);
#292=ORIENTED_EDGE('',*,*,#555,.T.);
#293=ORIENTED_EDGE('',*,*,#556,.T.);
#294=ORIENTED_EDGE('',*,*,#557,.T.);
#295=ORIENTED_EDGE('',*,*,#558,.T.);
#296=ORIENTED_EDGE('',*,*,#559,.T.);
#297=ORIENTED_EDGE('',*,*,#560,.T.);
#298=ORIENTED_EDGE('',*,*,#561,.T.);
#299=ORIENTED_EDGE('',*,*,#562,.T.);
#300=ORIENTED_EDGE('',*,*,#563,.T.);
#301=ORIENTED_EDGE('',*,*,#564,.T.);
#302=ORIENTED_EDGE('',*,*,#565,.T.);
#303=ORIENTED_EDGE('',*,*,#566,.T.);
#304=ORIENTED_EDGE('',*,*,#567,.T.);
#305=ORIENTED_EDGE('',*,*,#568,.T.);
#306=ORIENTED_EDGE('',*,*,#569,.T.);
#307=ORIENTED_EDGE('',*,*,#570,.T.);
#308=ORIENTED_EDGE('',*,*,#571,.T.);
#309=ORIENTED_EDGE('',*,*,#572,.T.);
#310=ORIENTED_EDGE('',*,*,#573,.T.);
#311=ORIENTED_EDGE('',*,*,#574,.T.);
#312=ORIENTED_EDGE('',*,*,#575,.T.);
#313=ORIENTED_EDGE('',*,*,#576,.T.);
#314=ORIENTED_EDGE('',*,*,#577,.T.);
#315=ORIENTED_EDGE('',*,*,#578,.T.);
#316=ORIENTED_EDGE('',*,*,#579,.T.);
#317=ORIENTED_EDGE('',*,*,#580,.T.);
#318=ORIENTED_EDGE('',*,*,#581,.T.);
#319=ORIENTED_EDGE('',*,*,#576,.T.);
#320=ORIENTED_EDGE('',*,*,#582,.T.);
#321=ORIENTED_EDGE('',*,*,#583,.T.);
#322=ORIENTED_EDGE('',*,*,#584,.T.);
#323=ORIENTED_EDGE('',*,*,#580,.T.);
#324=ORIENTED_EDGE('',*,*,#585,.T.);
#325=ORIENTED_EDGE('',*,*,#586,.T.);
#326=ORIENTED_EDGE('',*,*,#587,.T.);
#327=ORIENTED_EDGE('',*,*,#583,.T.);
#328=ORIENTED_EDGE('',*,*,#588,.T.);
#329=ORIENTED_EDGE('',*,*,#589,.T.);
#330=ORIENTED_EDGE('',*,*,#590,.T.);
#331=ORIENTED_EDGE('',*,*,#586,.T.);
#332=ORIENTED_EDGE('',*,*,#591,.T.);
#333=ORIENTED_EDGE('',*,*,#592,.T.);
#334=ORIENTED_EDGE('',*,*,#593,.T.);
#335=ORIENTED_EDGE('',*,*,#594,.T.);
#336=ORIENTED_EDGE('',*,*,#595,.T.);
#337=ORIENTED_EDGE('',*,*,#596,.T.);
#338=ORIENTED_EDGE('',*,*,#597,.T.);
#339=ORIENTED_EDGE('',*,*,#598,.T.);
#340=ORIENTED_EDGE('',*,*,#599,.T.);
#341=ORIENTED_EDGE('',*,*,#600,.T.);
#342=ORIENTED_EDGE('',*,*,#601,.T.);
#343=ORIENTED_EDGE('',*,*,#602,.T.);
#344=ORIENTED_EDGE('',*,*,#603,.T.);
#345=ORIENTED_EDGE('',*,*,#604,.T.);
#346=ORIENTED_EDGE('',*,*,#605,.T.);
#347=ORIENTED_EDGE('',*,*,#606,.T.);
#348=ORIENTED_EDGE('',*,*,#607,.T.);
#349=ORIENTED_EDGE('',*,*,#608,.T.);
#350=ORIENTED_EDGE('',*,*,#609,.T.);
#351=ORIENTED_EDGE('',*,*,#610,.T.);
#352=ORIENTED_EDGE('',*,*,#611,.T.);
#353=ORIENTED_EDGE('',*,*,#612,.T.);
#354=ORIENTED_EDGE('',*,*,#613,.T.);
#355=ORIENTED_EDGE('',*,*,#614,.T.);
#356=ORIENTED_EDGE('',*,*,#615,.T.);
#357=ORIENTED_EDGE('',*,*,#616,.T.);
#358=ORIENTED_EDGE('',*,*,#617,.T.);
#359=ORIENTED_EDGE('',*,*,#618,.T.);
#360=ORIENTED_EDGE('',*,*,#619,.T.);
#361=ORIENTED_EDGE('',*,*,#620,.T.);
#362=ORIENTED_EDGE('',*,*,#621,.T.);
#363=ORIENTED_EDGE('',*,*,#622,.T.);
#364=ORIENTED_EDGE('',*,*,#623,.T.);
#365=ORIENTED_EDGE('',*,*,#624,.T.);
#366=ORIENTED_EDGE('',*,*,#625,.T.);
#367=ORIENTED_EDGE('',*,*,#626,.T.);
#368=ORIENTED_EDGE('',*,*,#627,.T.);
#369=ORIENTED_EDGE('',*,*,#628,.T.);
#370=ORIENTED_EDGE('',*,*,#629,.T.);
#371=ORIENTED_EDGE('',*,*,#630,.T.);
#372=ORIENTED_EDGE('',*,*,#631,.T.);
#373=ORIENTED_EDGE('',*,*,#632,.T.);
#374=ORIENTED_EDGE('',*,*,#633,.T.);
#375=ORIENTED_EDGE('',*,*,#634,.T.);
#376=ORIENTED_EDGE('',*,*,#635,.T.);
#377=ORIENTED_EDGE('',*,*,#636,.T.);
#378=ORIENTED_EDGE('',*,*,#637,.T.);
#379=ORIENTED_EDGE('',*,*,#638,.T.);
#380=ORIENTED_EDGE('',*,*,#639,.T.);
#381=ORIENTED_EDGE('',*,*,#640,.T.);
#382=ORIENTED_EDGE('',*,*,#641,.T.);
#383=ORIENTED_EDGE('',*,*,#642,.T.);
#384=ORIENTED_EDGE('',*,*,#643,.T.);
#385=ORIENTED_EDGE('',*,*,#644,.T.);
#386=ORIENTED_EDGE('',*,*,#645,.T.);
#387=ORIENTED_EDGE('',*,*,#646,.T.);
#388=ORIENTED_EDGE('',*,*,#647,.T.);
#389=ORIENTED_EDGE('',*,*,#648,.T.);
#390=ORIENTED_EDGE('',*,*,#649,.T.);
#391=ORIENTED_EDGE('',*,*,#650,.T.);
#392=ORIENTED_EDGE('',*,*,#651,.T.);
#393=ORIENTED_EDGE('',*,*,#652,.T.);
#394=ORIENTED_EDGE('',*,*,#653,.T.);
#395=ORIENTED_EDGE('',*,*,#654,.T.);
#396=ORIENTED_EDGE('',*,*,#655,.T.);
#397=ORIENTED_EDGE('',*,*,#656,.T.);
#398=ORIENTED_EDGE('',*,*,#657,.T.);
#399=ORIENTED_EDGE('',*,*,#529,.T.);
#400=ORIENTED_EDGE('',*,*,#526,.T.);
#401=ORIENTED_EDGE('',*,*,#523,.T.);
#402=ORIENTED_EDGE('',*,*,#520,.T.);
#403=ORIENTED_EDGE('',*,*,#658,.T.);
#404=ORIENTED_EDGE('',*,*,#659,.T.);
#405=ORIENTED_EDGE('',*,*,#660,.T.);
#406=ORIENTED_EDGE('',*,*,#661,.T.);
#407=ORIENTED_EDGE('',*,*,#662,.T.);
#408=ORIENTED_EDGE('',*,*,#663,.T.);
#409=ORIENTED_EDGE('',*,*,#664,.T.);
#410=ORIENTED_EDGE('',*,*,#665,.T.);
#411=ORIENTED_EDGE('',*,*,#666,.T.);
#412=ORIENTED_EDGE('',*,*,#667,.T.);
#413=ORIENTED_EDGE('',*,*,#668,.T.);
#414=ORIENTED_EDGE('',*,*,#669,.T.);
#415=ORIENTED_EDGE('',*,*,#670,.T.);
#416=ORIENTED_EDGE('',*,*,#671,.T.);
#417=ORIENTED_EDGE('',*,*,#672,.T.);
#418=ORIENTED_EDGE('',*,*,#673,.T.);
#419=ORIENTED_EDGE('',*,*,#674,.T.);
#420=ORIENTED_EDGE('',*,*,#675,.T.);
#421=ORIENTED_EDGE('',*,*,#676,.T.);
#422=ORIENTED_EDGE('',*,*,#677,.T.);
#423=ORIENTED_EDGE('',*,*,#678,.T.);
#424=ORIENTED_EDGE('',*,*,#679,.T.);
#425=ORIENTED_EDGE('',*,*,#585,.T.);
#426=ORIENTED_EDGE('',*,*,#582,.T.);
#427=ORIENTED_EDGE('',*,*,#579,.T.);
#428=ORIENTED_EDGE('',*,*,#680,.T.);
#429=ORIENTED_EDGE('',*,*,#681,.T.);
#430=ORIENTED_EDGE('',*,*,#682,.T.);
#431=ORIENTED_EDGE('',*,*,#683,.T.);
#432=ORIENTED_EDGE('',*,*,#684,.T.);
#433=ORIENTED_EDGE('',*,*,#685,.T.);
#434=ORIENTED_EDGE('',*,*,#686,.T.);
#435=ORIENTED_EDGE('',*,*,#687,.T.);
#436=ORIENTED_EDGE('',*,*,#522,.T.);
#437=ORIENTED_EDGE('',*,*,#525,.T.);
#438=ORIENTED_EDGE('',*,*,#528,.T.);
#439=ORIENTED_EDGE('',*,*,#531,.T.);
#440=ORIENTED_EDGE('',*,*,#688,.T.);
#441=ORIENTED_EDGE('',*,*,#689,.T.);
#442=ORIENTED_EDGE('',*,*,#690,.T.);
#443=ORIENTED_EDGE('',*,*,#691,.T.);
#444=ORIENTED_EDGE('',*,*,#692,.T.);
#445=ORIENTED_EDGE('',*,*,#693,.T.);
#446=ORIENTED_EDGE('',*,*,#694,.T.);
#447=ORIENTED_EDGE('',*,*,#695,.T.);
#448=ORIENTED_EDGE('',*,*,#696,.T.);
#449=ORIENTED_EDGE('',*,*,#697,.T.);
#450=ORIENTED_EDGE('',*,*,#698,.T.);
#451=ORIENTED_EDGE('',*,*,#699,.T.);
#452=ORIENTED_EDGE('',*,*,#581,.T.);
#453=ORIENTED_EDGE('',*,*,#584,.T.);
#454=ORIENTED_EDGE('',*,*,#587,.T.);
#455=ORIENTED_EDGE('',*,*,#700,.T.);
#456=ORIENTED_EDGE('',*,*,#701,.T.);
#457=ORIENTED_EDGE('',*,*,#702,.T.);
#458=ORIENTED_EDGE('',*,*,#703,.T.);
#459=ORIENTED_EDGE('',*,*,#704,.T.);
#460=ORIENTED_EDGE('',*,*,#705,.T.);
#461=ORIENTED_EDGE('',*,*,#706,.T.);
#462=ORIENTED_EDGE('',*,*,#707,.T.);
#463=ORIENTED_EDGE('',*,*,#708,.T.);
#464=ORIENTED_EDGE('',*,*,#709,.T.);
#465=ORIENTED_EDGE('',*,*,#710,.T.);
#466=ORIENTED_EDGE('',*,*,#711,.T.);
#467=ORIENTED_EDGE('',*,*,#712,.T.);
#468=ORIENTED_EDGE('',*,*,#713,.T.);
#469=ORIENTED_EDGE('',*,*,#714,.T.);
#470=PLANE('',#1151);
#471=PLANE('',#1153);
#472=PLANE('',#1155);
#473=PLANE('',#1159);
#474=PLANE('',#1161);
#475=PLANE('',#1163);
#476=PLANE('',#1165);
#477=PLANE('',#1166);
#478=PLANE('',#1167);
#479=PLANE('',#1168);
#480=PLANE('',#1173);
#481=PLANE('',#1174);
#482=PLANE('',#1175);
#483=PLANE('',#1176);
#484=PLANE('',#1177);
#485=PLANE('',#1178);
#486=PLANE('',#1179);
#487=PLANE('',#1180);
#488=PLANE('',#1181);
#489=PLANE('',#1184);
#490=PLANE('',#1185);
#491=PLANE('',#1186);
#492=EDGE_CURVE('',#941,#938,#715,.T.);
#493=EDGE_CURVE('',#938,#939,#716,.T.);
#494=EDGE_CURVE('',#939,#940,#717,.T.);
#495=EDGE_CURVE('',#940,#941,#718,.T.);
#496=EDGE_CURVE('',#945,#942,#719,.T.);
#497=EDGE_CURVE('',#942,#943,#720,.T.);
#498=EDGE_CURVE('',#943,#944,#721,.T.);
#499=EDGE_CURVE('',#944,#945,#722,.T.);
#500=EDGE_CURVE('',#949,#946,#723,.T.);
#501=EDGE_CURVE('',#946,#947,#724,.T.);
#502=EDGE_CURVE('',#947,#948,#725,.T.);
#503=EDGE_CURVE('',#948,#949,#726,.T.);
#504=EDGE_CURVE('',#953,#950,#727,.T.);
#505=EDGE_CURVE('',#950,#951,#728,.T.);
#506=EDGE_CURVE('',#951,#952,#729,.T.);
#507=EDGE_CURVE('',#952,#953,#730,.T.);
#508=EDGE_CURVE('',#957,#954,#731,.T.);
#509=EDGE_CURVE('',#954,#955,#732,.T.);
#510=EDGE_CURVE('',#955,#956,#733,.T.);
#511=EDGE_CURVE('',#956,#957,#734,.T.);
#512=EDGE_CURVE('',#961,#958,#735,.T.);
#513=EDGE_CURVE('',#958,#959,#736,.T.);
#514=EDGE_CURVE('',#959,#960,#737,.T.);
#515=EDGE_CURVE('',#960,#961,#738,.T.);
#516=EDGE_CURVE('',#965,#962,#739,.T.);
#517=EDGE_CURVE('',#962,#963,#740,.T.);
#518=EDGE_CURVE('',#963,#964,#741,.T.);
#519=EDGE_CURVE('',#964,#965,#742,.T.);
#520=EDGE_CURVE('',#966,#962,#743,.T.);
#521=EDGE_CURVE('',#966,#967,#744,.T.);
#522=EDGE_CURVE('',#963,#967,#745,.T.);
#523=EDGE_CURVE('',#968,#966,#746,.T.);
#524=EDGE_CURVE('',#968,#969,#747,.T.);
#525=EDGE_CURVE('',#967,#969,#748,.T.);
#526=EDGE_CURVE('',#970,#968,#749,.T.);
#527=EDGE_CURVE('',#970,#971,#750,.T.);
#528=EDGE_CURVE('',#969,#971,#751,.T.);
#529=EDGE_CURVE('',#972,#970,#752,.T.);
#530=EDGE_CURVE('',#973,#972,#753,.T.);
#531=EDGE_CURVE('',#971,#973,#754,.T.);
#532=EDGE_CURVE('',#972,#974,#755,.T.);
#533=EDGE_CURVE('',#974,#975,#756,.T.);
#534=EDGE_CURVE('',#975,#973,#757,.T.);
#535=EDGE_CURVE('',#979,#976,#758,.T.);
#536=EDGE_CURVE('',#976,#977,#759,.T.);
#537=EDGE_CURVE('',#977,#978,#760,.T.);
#538=EDGE_CURVE('',#978,#979,#761,.T.);
#539=EDGE_CURVE('',#983,#980,#762,.T.);
#540=EDGE_CURVE('',#980,#981,#763,.T.);
#541=EDGE_CURVE('',#981,#982,#764,.T.);
#542=EDGE_CURVE('',#982,#983,#765,.T.);
#543=EDGE_CURVE('',#987,#984,#766,.T.);
#544=EDGE_CURVE('',#984,#985,#767,.T.);
#545=EDGE_CURVE('',#985,#986,#768,.T.);
#546=EDGE_CURVE('',#986,#987,#769,.T.);
#547=EDGE_CURVE('',#991,#988,#770,.T.);
#548=EDGE_CURVE('',#988,#989,#771,.T.);
#549=EDGE_CURVE('',#989,#990,#772,.T.);
#550=EDGE_CURVE('',#990,#991,#773,.T.);
#551=EDGE_CURVE('',#995,#992,#774,.T.);
#552=EDGE_CURVE('',#992,#993,#775,.T.);
#553=EDGE_CURVE('',#993,#994,#776,.T.);
#554=EDGE_CURVE('',#994,#995,#777,.T.);
#555=EDGE_CURVE('',#999,#996,#778,.T.);
#556=EDGE_CURVE('',#996,#997,#779,.T.);
#557=EDGE_CURVE('',#997,#998,#780,.T.);
#558=EDGE_CURVE('',#998,#999,#781,.T.);
#559=EDGE_CURVE('',#1003,#1000,#782,.T.);
#560=EDGE_CURVE('',#1000,#1001,#783,.T.);
#561=EDGE_CURVE('',#1001,#1002,#784,.T.);
#562=EDGE_CURVE('',#1002,#1003,#785,.T.);
#563=EDGE_CURVE('',#1007,#1004,#786,.T.);
#564=EDGE_CURVE('',#1004,#1005,#787,.T.);
#565=EDGE_CURVE('',#1005,#1006,#788,.T.);
#566=EDGE_CURVE('',#1006,#1007,#789,.T.);
#567=EDGE_CURVE('',#1011,#1008,#790,.T.);
#568=EDGE_CURVE('',#1008,#1009,#791,.T.);
#569=EDGE_CURVE('',#1009,#1010,#792,.T.);
#570=EDGE_CURVE('',#1010,#1011,#793,.T.);
#571=EDGE_CURVE('',#1015,#1012,#794,.T.);
#572=EDGE_CURVE('',#1012,#1013,#795,.T.);
#573=EDGE_CURVE('',#1013,#1014,#796,.T.);
#574=EDGE_CURVE('',#1014,#1015,#797,.T.);
#575=EDGE_CURVE('',#1019,#1016,#798,.T.);
#576=EDGE_CURVE('',#1016,#1017,#799,.T.);
#577=EDGE_CURVE('',#1017,#1018,#800,.T.);
#578=EDGE_CURVE('',#1018,#1019,#801,.T.);
#579=EDGE_CURVE('',#1020,#1016,#802,.T.);
#580=EDGE_CURVE('',#1020,#1021,#803,.T.);
#581=EDGE_CURVE('',#1017,#1021,#804,.T.);
#582=EDGE_CURVE('',#1022,#1020,#805,.T.);
#583=EDGE_CURVE('',#1022,#1023,#806,.T.);
#584=EDGE_CURVE('',#1021,#1023,#807,.T.);
#585=EDGE_CURVE('',#1024,#1022,#808,.T.);
#586=EDGE_CURVE('',#1025,#1024,#809,.T.);
#587=EDGE_CURVE('',#1023,#1025,#810,.T.);
#588=EDGE_CURVE('',#1024,#1026,#811,.T.);
#589=EDGE_CURVE('',#1026,#1027,#812,.T.);
#590=EDGE_CURVE('',#1027,#1025,#813,.T.);
#591=EDGE_CURVE('',#1031,#1028,#814,.T.);
#592=EDGE_CURVE('',#1028,#1029,#815,.T.);
#593=EDGE_CURVE('',#1029,#1030,#816,.T.);
#594=EDGE_CURVE('',#1030,#1031,#817,.T.);
#595=EDGE_CURVE('',#1035,#1032,#818,.T.);
#596=EDGE_CURVE('',#1032,#1033,#819,.T.);
#597=EDGE_CURVE('',#1033,#1034,#820,.T.);
#598=EDGE_CURVE('',#1034,#1035,#821,.T.);
#599=EDGE_CURVE('',#1039,#1036,#822,.T.);
#600=EDGE_CURVE('',#1036,#1037,#823,.T.);
#601=EDGE_CURVE('',#1037,#1038,#824,.T.);
#602=EDGE_CURVE('',#1038,#1039,#825,.T.);
#603=EDGE_CURVE('',#1043,#1040,#826,.T.);
#604=EDGE_CURVE('',#1040,#1041,#827,.T.);
#605=EDGE_CURVE('',#1041,#1042,#828,.T.);
#606=EDGE_CURVE('',#1042,#1043,#829,.T.);
#607=EDGE_CURVE('',#1047,#1044,#830,.T.);
#608=EDGE_CURVE('',#1044,#1045,#831,.T.);
#609=EDGE_CURVE('',#1045,#1046,#832,.T.);
#610=EDGE_CURVE('',#1046,#1047,#833,.T.);
#611=EDGE_CURVE('',#1051,#1048,#834,.T.);
#612=EDGE_CURVE('',#1048,#1049,#835,.T.);
#613=EDGE_CURVE('',#1049,#1050,#836,.T.);
#614=EDGE_CURVE('',#1050,#1051,#837,.T.);
#615=EDGE_CURVE('',#1055,#1052,#838,.T.);
#616=EDGE_CURVE('',#1052,#1053,#839,.T.);
#617=EDGE_CURVE('',#1053,#1054,#840,.T.);
#618=EDGE_CURVE('',#1054,#1055,#841,.T.);
#619=EDGE_CURVE('',#1059,#1056,#842,.T.);
#620=EDGE_CURVE('',#1056,#1057,#843,.T.);
#621=EDGE_CURVE('',#1057,#1058,#844,.T.);
#622=EDGE_CURVE('',#1058,#1059,#845,.T.);
#623=EDGE_CURVE('',#1063,#1060,#846,.T.);
#624=EDGE_CURVE('',#1060,#1061,#847,.T.);
#625=EDGE_CURVE('',#1061,#1062,#848,.T.);
#626=EDGE_CURVE('',#1062,#1063,#849,.T.);
#627=EDGE_CURVE('',#1067,#1064,#850,.T.);
#628=EDGE_CURVE('',#1064,#1065,#851,.T.);
#629=EDGE_CURVE('',#1065,#1066,#852,.T.);
#630=EDGE_CURVE('',#1066,#1067,#853,.T.);
#631=EDGE_CURVE('',#1071,#1068,#854,.T.);
#632=EDGE_CURVE('',#1068,#1069,#855,.T.);
#633=EDGE_CURVE('',#1069,#1070,#856,.T.);
#634=EDGE_CURVE('',#1070,#1071,#857,.T.);
#635=EDGE_CURVE('',#1075,#1072,#858,.T.);
#636=EDGE_CURVE('',#1072,#1073,#859,.T.);
#637=EDGE_CURVE('',#1073,#1074,#860,.T.);
#638=EDGE_CURVE('',#1074,#1075,#861,.T.);
#639=EDGE_CURVE('',#1079,#1076,#862,.T.);
#640=EDGE_CURVE('',#1076,#1077,#863,.T.);
#641=EDGE_CURVE('',#1077,#1078,#864,.T.);
#642=EDGE_CURVE('',#1078,#1079,#865,.T.);
#643=EDGE_CURVE('',#1083,#1080,#866,.T.);
#644=EDGE_CURVE('',#1080,#1081,#867,.T.);
#645=EDGE_CURVE('',#1081,#1082,#868,.T.);
#646=EDGE_CURVE('',#1082,#1083,#869,.T.);
#647=EDGE_CURVE('',#1115,#1084,#870,.T.);
#648=EDGE_CURVE('',#1084,#1085,#871,.T.);
#649=EDGE_CURVE('',#1085,#1086,#872,.T.);
#650=EDGE_CURVE('',#1086,#1087,#873,.T.);
#651=EDGE_CURVE('',#1087,#1088,#874,.T.);
#652=EDGE_CURVE('',#1088,#1089,#875,.T.);
#653=EDGE_CURVE('',#1089,#1090,#876,.T.);
#654=EDGE_CURVE('',#1090,#1091,#877,.T.);
#655=EDGE_CURVE('',#1091,#1092,#878,.T.);
#656=EDGE_CURVE('',#1092,#1093,#879,.T.);
#657=EDGE_CURVE('',#1093,#972,#880,.T.);
#658=EDGE_CURVE('',#962,#1094,#881,.T.);
#659=EDGE_CURVE('',#1094,#1095,#882,.T.);
#660=EDGE_CURVE('',#1095,#1096,#883,.T.);
#661=EDGE_CURVE('',#1096,#1097,#884,.T.);
#662=EDGE_CURVE('',#1097,#1098,#885,.T.);
#663=EDGE_CURVE('',#1098,#1099,#886,.T.);
#664=EDGE_CURVE('',#1099,#1100,#887,.T.);
#665=EDGE_CURVE('',#1100,#1101,#888,.T.);
#666=EDGE_CURVE('',#1101,#1102,#889,.T.);
#667=EDGE_CURVE('',#1102,#1103,#890,.T.);
#668=EDGE_CURVE('',#1103,#1104,#891,.T.);
#669=EDGE_CURVE('',#1104,#1105,#892,.T.);
#670=EDGE_CURVE('',#1105,#1106,#893,.T.);
#671=EDGE_CURVE('',#1106,#1107,#894,.T.);
#672=EDGE_CURVE('',#1107,#1108,#895,.T.);
#673=EDGE_CURVE('',#1108,#1109,#896,.T.);
#674=EDGE_CURVE('',#1109,#1110,#897,.T.);
#675=EDGE_CURVE('',#1110,#1111,#898,.T.);
#676=EDGE_CURVE('',#1111,#1112,#899,.T.);
#677=EDGE_CURVE('',#1112,#1113,#900,.T.);
#678=EDGE_CURVE('',#1113,#1114,#901,.T.);
#679=EDGE_CURVE('',#1114,#1024,#902,.T.);
#680=EDGE_CURVE('',#1016,#1115,#903,.T.);
#681=EDGE_CURVE('',#1147,#1116,#904,.T.);
#682=EDGE_CURVE('',#1116,#1117,#905,.T.);
#683=EDGE_CURVE('',#1117,#1118,#906,.T.);
#684=EDGE_CURVE('',#1118,#1119,#907,.T.);
#685=EDGE_CURVE('',#1119,#1120,#908,.T.);
#686=EDGE_CURVE('',#1120,#1121,#909,.T.);
#687=EDGE_CURVE('',#1121,#963,#910,.T.);
#688=EDGE_CURVE('',#973,#1122,#911,.T.);
#689=EDGE_CURVE('',#1122,#1123,#912,.T.);
#690=EDGE_CURVE('',#1123,#1124,#913,.T.);
#691=EDGE_CURVE('',#1124,#1125,#914,.T.);
#692=EDGE_CURVE('',#1125,#1126,#915,.T.);
#693=EDGE_CURVE('',#1126,#1127,#916,.T.);
#694=EDGE_CURVE('',#1127,#1128,#917,.T.);
#695=EDGE_CURVE('',#1128,#1129,#918,.T.);
#696=EDGE_CURVE('',#1129,#1130,#919,.T.);
#697=EDGE_CURVE('',#1130,#1131,#920,.T.);
#698=EDGE_CURVE('',#1131,#1132,#921,.T.);
#699=EDGE_CURVE('',#1132,#1017,#922,.T.);
#700=EDGE_CURVE('',#1025,#1133,#923,.T.);
#701=EDGE_CURVE('',#1133,#1134,#924,.T.);
#702=EDGE_CURVE('',#1134,#1135,#925,.T.);
#703=EDGE_CURVE('',#1135,#1136,#926,.T.);
#704=EDGE_CURVE('',#1136,#1137,#927,.T.);
#705=EDGE_CURVE('',#1137,#1138,#928,.T.);
#706=EDGE_CURVE('',#1138,#1139,#929,.T.);
#707=EDGE_CURVE('',#1139,#1140,#930,.T.);
#708=EDGE_CURVE('',#1140,#1141,#931,.T.);
#709=EDGE_CURVE('',#1141,#1142,#932,.T.);
#710=EDGE_CURVE('',#1142,#1143,#933,.T.);
#711=EDGE_CURVE('',#1143,#1144,#934,.T.);
#712=EDGE_CURVE('',#1144,#1145,#935,.T.);
#713=EDGE_CURVE('',#1145,#1146,#936,.T.);
#714=EDGE_CURVE('',#1146,#1147,#937,.T.);
#715=B_SPLINE_CURVE_WITH_KNOTS('',1,(#1472,#1473),.UNSPECIFIED.,.F.,.F.,(2,2),
(0.,1.),.UNSPECIFIED.);
#716=B_SPLINE_CURVE_WITH_KNOTS('',1,(#1474,#1475),.UNSPECIFIED.,.F.,.F.,(2,2),
(0.,1.),.UNSPECIFIED.);
#717=B_SPLINE_CURVE_WITH_KNOTS('',1,(#1476,#1477),.UNSPECIFIED.,.F.,.F.,(2,2),
(0.,1.),.UNSPECIFIED.);
#718=B_SPLINE_CURVE_WITH_KNOTS('',1,(#1478,#1479),.UNSPECIFIED.,.F.,.F.,(2,2),
(0.,1.),.UNSPECIFIED.);
#719=B_SPLINE_CURVE_WITH_KNOTS('',1,(#1480,#1481,#1482,#1483,#1484,#1485,#1486
,#1487,#1488,#1489,#1490,#1491,#1492,#1493,#1494,#1495,#1496,#1497,#1498,#1499
,#1500,#1501,#1502,#1503,#1504),.UNSPECIFIED.,.F.,.F.,(2,1,1,1,1,1,1,1,1,1,1,1
,1,1,1,1,1,1,1,1,1,1,1,1,2),(0.,0.0416666666666667,0.0833333333333333,0.125,
0.166666666666667,0.208333333333333,0.25,0.291666666666667,0.333333333333333,
0.375,0.416666666666667,0.458333333333333,0.5,0.541666666666667,
0.583333333333333,0.625,0.666666666666667,0.708333333333333,0.75,
0.791666666666667,0.833333333333333,0.875,0.916666666666667,0.958333333333333,
1.),.UNSPECIFIED.);
#720=B_SPLINE_CURVE_WITH_KNOTS('',1,(#1505,#1506),.UNSPECIFIED.,.F.,.F.,(2,2),
(0.,1.),.UNSPECIFIED.);
#721=B_SPLINE_CURVE_WITH_KNOTS('',1,(#1507,#1508,#1509,#1510,#1511,#1512,#1513
,#1514,#1515,#1516,#1517,#1518,#1519,#1520,#1521,#1522,#1523,#1524,#1525,#1526
,#1527,#1528,#1529,#1530,#1531),.UNSPECIFIED.,.F.,.F.,(2,1,1,1,1,1,1,1,1,1,1,1
,1,1,1,1,1,1,1,1,1,1,1,1,2),(0.,0.0416666666666667,0.0833333333333333,0.125,
0.166666666666667,0.208333333333333,0.25,0.291666666666667,0.333333333333333,
0.375,0.416666666666667,0.458333333333333,0.5,0.541666666666667,
0.583333333333333,0.625,0.666666666666667,0.708333333333333,0.75,
0.791666666666667,0.833333333333333,0.875,0.916666666666667,0.958333333333333,
1.),.UNSPECIFIED.);
#722=B_SPLINE_CURVE_WITH_KNOTS('',1,(#1532,#1533),.UNSPECIFIED.,.F.,.F.,(2,2),
(0.,1.),.UNSPECIFIED.);
#723=B_SPLINE_CURVE_WITH_KNOTS('',1,(#1534,#1535),.UNSPECIFIED.,.F.,.F.,(2,2),
(0.,1.),.UNSPECIFIED.);
#724=B_SPLINE_CURVE_WITH_KNOTS('',1,(#1536,#1537),.UNSPECIFIED.,.F.,.F.,(2,2),
(0.,1.),.UNSPECIFIED.);
#725=B_SPLINE_CURVE_WITH_KNOTS('',1,(#1538,#1539),.UNSPECIFIED.,.F.,.F.,(2,2),
(0.,1.),.UNSPECIFIED.);
#726=B_SPLINE_CURVE_WITH_KNOTS('',1,(#1540,#1541),.UNSPECIFIED.,.F.,.F.,(2,2),
(0.,1.),.UNSPECIFIED.);
#727=B_SPLINE_CURVE_WITH_KNOTS('',1,(#1542,#1543,#1544,#1545,#1546,#1547,#1548
,#1549,#1550,#1551,#1552,#1553,#1554,#1555,#1556,#1557,#1558,#1559,#1560,#1561
,#1562,#1563,#1564,#1565,#1566,#1567,#1568),.UNSPECIFIED.,.F.,.F.,(2,1,1,1,1,1
,1,1,1,1,1,1,1,1,1,1,1,1,1,1,1,1,1,1,1,1,2),(0.,0.0384615384615385,
0.0769230769230769,0.115384615384615,0.153846153846154,0.192307692307692,
0.230769230769231,0.269230769230769,0.307692307692308,0.346153846153846,
0.384615384615385,0.423076923076923,0.461538461538462,0.5,0.538461538461538,
0.576923076923077,0.615384615384615,0.653846153846154,0.692307692307692,
0.730769230769231,0.769230769230769,0.807692307692308,0.846153846153846,
0.884615384615385,0.923076923076923,0.961538461538462,1.),.UNSPECIFIED.);
#728=B_SPLINE_CURVE_WITH_KNOTS('',1,(#1569,#1570),.UNSPECIFIED.,.F.,.F.,(2,2),
(0.,1.),.UNSPECIFIED.);
#729=B_SPLINE_CURVE_WITH_KNOTS('',1,(#1571,#1572,#1573,#1574,#1575,#1576,#1577
,#1578,#1579,#1580,#1581,#1582,#1583,#1584,#1585,#1586,#1587,#1588,#1589,#1590
,#1591,#1592,#1593,#1594,#1595,#1596,#1597),.UNSPECIFIED.,.F.,.F.,(2,1,1,1,1,1
,1,1,1,1,1,1,1,1,1,1,1,1,1,1,1,1,1,1,1,1,2),(0.,0.0384615384615385,
0.0769230769230769,0.115384615384615,0.153846153846154,0.192307692307692,
0.230769230769231,0.269230769230769,0.307692307692308,0.346153846153846,
0.384615384615385,0.423076923076923,0.461538461538462,0.5,0.538461538461538,
0.576923076923077,0.615384615384615,0.653846153846154,0.692307692307692,
0.730769230769231,0.769230769230769,0.807692307692308,0.846153846153846,
0.884615384615385,0.923076923076923,0.961538461538462,1.),.UNSPECIFIED.);
#730=B_SPLINE_CURVE_WITH_KNOTS('',1,(#1598,#1599),.UNSPECIFIED.,.F.,.F.,(2,2),
(0.,1.),.UNSPECIFIED.);
#731=B_SPLINE_CURVE_WITH_KNOTS('',1,(#1600,#1601),.UNSPECIFIED.,.F.,.F.,(2,2),
(0.,1.),.UNSPECIFIED.);
#732=B_SPLINE_CURVE_WITH_KNOTS('',1,(#1602,#1603),.UNSPECIFIED.,.F.,.F.,(2,2),
(0.,1.),.UNSPECIFIED.);
#733=B_SPLINE_CURVE_WITH_KNOTS('',1,(#1604,#1605),.UNSPECIFIED.,.F.,.F.,(2,2),
(0.,1.),.UNSPECIFIED.);
#734=B_SPLINE_CURVE_WITH_KNOTS('',1,(#1606,#1607),.UNSPECIFIED.,.F.,.F.,(2,2),
(0.,1.),.UNSPECIFIED.);
#735=B_SPLINE_CURVE_WITH_KNOTS('',1,(#1608,#1609,#1610,#1611,#1612,#1613,#1614
,#1615,#1616,#1617,#1618,#1619,#1620,#1621,#1622,#1623,#1624,#1625,#1626,#1627
,#1628,#1629,#1630,#1631,#1632,#1633,#1634,#1635,#1636,#1637,#1638,#1639,#1640
,#1641,#1642,#1643,#1644,#1645,#1646,#1647,#1648,#1649,#1650,#1651,#1652,#1653
,#1654,#1655,#1656,#1657),.UNSPECIFIED.,.F.,.F.,(2,1,1,1,1,1,1,1,1,1,1,1,1,1,1
,1,1,1,1,1,1,1,1,1,1,1,1,1,1,1,1,1,1,1,1,1,1,1,1,1,1,1,1,1,1,1,1,1,1,2),(0.,
0.0204081632653061,0.0408163265306122,0.0612244897959184,0.0816326530612245,
0.102040816326531,0.122448979591837,0.142857142857143,0.163265306122449,
0.183673469387755,0.204081632653061,0.224489795918367,0.244897959183673,
0.26530612244898,0.285714285714286,0.306122448979592,0.326530612244898,
0.346938775510204,0.36734693877551,0.387755102040816,0.408163265306122,
0.428571428571429,0.448979591836735,0.469387755102041,0.489795918367347,
0.510204081632653,0.530612244897959,0.551020408163265,0.571428571428571,
0.591836734693878,0.612244897959184,0.63265306122449,0.653061224489796,
0.673469387755102,0.693877551020408,0.714285714285714,0.73469387755102,
0.755102040816326,0.775510204081633,0.795918367346939,0.816326530612245,
0.836734693877551,0.857142857142857,0.877551020408163,0.897959183673469,
0.918367346938776,0.938775510204082,0.959183673469388,0.979591836734694,1.),
.UNSPECIFIED.);
#736=B_SPLINE_CURVE_WITH_KNOTS('',1,(#1658,#1659),.UNSPECIFIED.,.F.,.F.,(2,2),
(0.,1.),.UNSPECIFIED.);
#737=B_SPLINE_CURVE_WITH_KNOTS('',1,(#1660,#1661,#1662,#1663,#1664,#1665,#1666
,#1667,#1668,#1669,#1670,#1671,#1672,#1673,#1674,#1675,#1676,#1677,#1678,#1679
,#1680,#1681,#1682,#1683,#1684,#1685,#1686,#1687,#1688,#1689,#1690,#1691,#1692
,#1693,#1694,#1695,#1696,#1697,#1698,#1699,#1700,#1701,#1702,#1703,#1704,#1705
,#1706,#1707,#1708,#1709),.UNSPECIFIED.,.F.,.F.,(2,1,1,1,1,1,1,1,1,1,1,1,1,1,1
,1,1,1,1,1,1,1,1,1,1,1,1,1,1,1,1,1,1,1,1,1,1,1,1,1,1,1,1,1,1,1,1,1,1,2),(0.,
0.0204081632653061,0.0408163265306122,0.0612244897959184,0.0816326530612245,
0.102040816326531,0.122448979591837,0.142857142857143,0.163265306122449,
0.183673469387755,0.204081632653061,0.224489795918367,0.244897959183673,
0.26530612244898,0.285714285714286,0.306122448979592,0.326530612244898,
0.346938775510204,0.36734693877551,0.387755102040816,0.408163265306122,
0.428571428571429,0.448979591836735,0.469387755102041,0.489795918367347,
0.510204081632653,0.530612244897959,0.551020408163265,0.571428571428571,
0.591836734693878,0.612244897959184,0.63265306122449,0.653061224489796,
0.673469387755102,0.693877551020408,0.714285714285714,0.73469387755102,
0.755102040816326,0.775510204081633,0.795918367346939,0.816326530612245,
0.836734693877551,0.857142857142857,0.877551020408163,0.897959183673469,
0.918367346938776,0.938775510204082,0.959183673469388,0.979591836734694,1.),
.UNSPECIFIED.);
#738=B_SPLINE_CURVE_WITH_KNOTS('',1,(#1710,#1711),.UNSPECIFIED.,.F.,.F.,(2,2),
(0.,1.),.UNSPECIFIED.);
#739=B_SPLINE_CURVE_WITH_KNOTS('',1,(#1712,#1713,#1714,#1715,#1716,#1717,#1718
,#1719,#1720,#1721,#1722,#1723,#1724,#1725,#1726,#1727,#1728,#1729,#1730,#1731
,#1732,#1733,#1734,#1735,#1736,#1737),.UNSPECIFIED.,.F.,.F.,(2,1,1,1,1,1,1,1,1
,1,1,1,1,1,1,1,1,1,1,1,1,1,1,1,1,2),(0.,0.04,0.08,0.12,0.16,0.2,0.24,0.28,0.32
,0.36,0.4,0.44,0.48,0.52,0.56,0.6,0.64,0.68,0.72,0.76,0.8,0.84,0.88,0.92,0.96,
1.),.UNSPECIFIED.);
#740=B_SPLINE_CURVE_WITH_KNOTS('',1,(#1738,#1739),.UNSPECIFIED.,.F.,.F.,(2,2),
(0.,1.),.UNSPECIFIED.);
#741=B_SPLINE_CURVE_WITH_KNOTS('',1,(#1740,#1741,#1742,#1743,#1744,#1745,#1746
,#1747,#1748,#1749,#1750,#1751,#1752,#1753,#1754,#1755,#1756,#1757,#1758,#1759
,#1760,#1761,#1762,#1763,#1764,#1765),.UNSPECIFIED.,.F.,.F.,(2,1,1,1,1,1,1,1,1
,1,1,1,1,1,1,1,1,1,1,1,1,1,1,1,1,2),(0.,0.04,0.08,0.12,0.16,0.2,0.24,0.28,0.32
,0.36,0.4,0.44,0.48,0.52,0.56,0.6,0.64,0.68,0.72,0.76,0.8,0.84,0.88,0.92,0.96,
1.),.UNSPECIFIED.);
#742=B_SPLINE_CURVE_WITH_KNOTS('',1,(#1766,#1767),.UNSPECIFIED.,.F.,.F.,(2,2),
(0.,1.),.UNSPECIFIED.);
#743=B_SPLINE_CURVE_WITH_KNOTS('',1,(#1768,#1769,#1770,#1771,#1772,#1773,#1774
,#1775,#1776,#1777,#1778,#1779,#1780,#1781,#1782,#1783,#1784,#1785,#1786,#1787
,#1788,#1789,#1790,#1791,#1792,#1793,#1794,#1795,#1796,#1797,#1798,#1799,#1800
,#1801,#1802,#1803,#1804,#1805),.UNSPECIFIED.,.F.,.F.,(2,1,1,1,1,1,1,1,1,1,1,1
,1,1,1,1,1,1,1,1,1,1,1,1,1,1,1,1,1,1,1,1,1,1,1,1,1,2),(0.,1.,2.,3.,4.,5.,6.,7.
,8.,9.,10.,11.,12.,13.,14.,15.,16.,17.,18.,19.,20.,21.,22.,23.,24.,25.,26.,27.
,28.,29.,30.,31.,32.,33.,34.,35.,36.,37.),.UNSPECIFIED.);
#744=B_SPLINE_CURVE_WITH_KNOTS('',1,(#1806,#1807),.UNSPECIFIED.,.F.,.F.,(2,2),
(0.,1.),.UNSPECIFIED.);
#745=B_SPLINE_CURVE_WITH_KNOTS('',1,(#1808,#1809,#1810,#1811,#1812,#1813,#1814
,#1815,#1816,#1817,#1818,#1819,#1820,#1821,#1822,#1823,#1824,#1825,#1826,#1827
,#1828,#1829,#1830,#1831,#1832,#1833,#1834,#1835,#1836,#1837,#1838,#1839,#1840
,#1841,#1842,#1843,#1844,#1845),.UNSPECIFIED.,.F.,.F.,(2,1,1,1,1,1,1,1,1,1,1,1
,1,1,1,1,1,1,1,1,1,1,1,1,1,1,1,1,1,1,1,1,1,1,1,1,1,2),(0.,1.,2.,3.,4.,5.,6.,7.
,8.,9.,10.,11.,12.,13.,14.,15.,16.,17.,18.,19.,20.,21.,22.,23.,24.,25.,26.,27.
,28.,29.,30.,31.,32.,33.,34.,35.,36.,37.),.UNSPECIFIED.);
#746=B_SPLINE_CURVE_WITH_KNOTS('',1,(#1846,#1847,#1848,#1849,#1850,#1851,#1852
,#1853,#1854,#1855,#1856,#1857,#1858,#1859,#1860,#1861,#1862,#1863,#1864,#1865
,#1866,#1867),.UNSPECIFIED.,.F.,.F.,(2,1,1,1,1,1,1,1,1,1,1,1,1,1,1,1,1,1,1,1,1
,2),(0.,1.,2.,3.,4.,5.,6.,7.,8.,9.,10.,11.,12.,13.,14.,15.,16.,17.,18.,19.,20.
,21.),.UNSPECIFIED.);
#747=B_SPLINE_CURVE_WITH_KNOTS('',1,(#1868,#1869),.UNSPECIFIED.,.F.,.F.,(2,2),
(0.,1.),.UNSPECIFIED.);
#748=B_SPLINE_CURVE_WITH_KNOTS('',1,(#1870,#1871,#1872,#1873,#1874,#1875,#1876
,#1877,#1878,#1879,#1880,#1881,#1882,#1883,#1884,#1885,#1886,#1887,#1888,#1889
,#1890,#1891),.UNSPECIFIED.,.F.,.F.,(2,1,1,1,1,1,1,1,1,1,1,1,1,1,1,1,1,1,1,1,1
,2),(0.,1.,2.,3.,4.,5.,6.,7.,8.,9.,10.,11.,12.,13.,14.,15.,16.,17.,18.,19.,20.
,21.),.UNSPECIFIED.);
#749=B_SPLINE_CURVE_WITH_KNOTS('',1,(#1892,#1893,#1894,#1895,#1896,#1897,#1898
,#1899,#1900,#1901,#1902,#1903,#1904,#1905,#1906,#1907,#1908,#1909,#1910,#1911
,#1912,#1913,#1914,#1915,#1916,#1917,#1918,#1919,#1920,#1921,#1922,#1923,#1924
,#1925,#1926,#1927,#1928,#1929,#1930,#1931,#1932,#1933,#1934,#1935,#1936,#1937
,#1938,#1939,#1940),.UNSPECIFIED.,.F.,.F.,(2,1,1,1,1,1,1,1,1,1,1,1,1,1,1,1,1,1
,1,1,1,1,1,1,1,1,1,1,1,1,1,1,1,1,1,1,1,1,1,1,1,1,1,1,1,1,1,1,2),(0.,1.,2.,3.,
4.,5.,6.,7.,8.,9.,10.,11.,12.,13.,14.,15.,16.,17.,18.,19.,20.,21.,22.,23.,24.,
25.,26.,27.,28.,29.,30.,31.,32.,33.,34.,35.,36.,37.,38.,39.,40.,41.,42.,43.,
44.,45.,46.,47.,48.),.UNSPECIFIED.);
#750=B_SPLINE_CURVE_WITH_KNOTS('',1,(#1941,#1942),.UNSPECIFIED.,.F.,.F.,(2,2),
(0.,1.),.UNSPECIFIED.);
#751=B_SPLINE_CURVE_WITH_KNOTS('',1,(#1943,#1944,#1945,#1946,#1947,#1948,#1949
,#1950,#1951,#1952,#1953,#1954,#1955,#1956,#1957,#1958,#1959,#1960,#1961,#1962
,#1963,#1964,#1965,#1966,#1967,#1968,#1969,#1970,#1971,#1972,#1973,#1974,#1975
,#1976,#1977,#1978,#1979,#1980,#1981,#1982,#1983,#1984,#1985,#1986,#1987,#1988
,#1989,#1990,#1991),.UNSPECIFIED.,.F.,.F.,(2,1,1,1,1,1,1,1,1,1,1,1,1,1,1,1,1,1
,1,1,1,1,1,1,1,1,1,1,1,1,1,1,1,1,1,1,1,1,1,1,1,1,1,1,1,1,1,1,2),(0.,1.,2.,3.,
4.,5.,6.,7.,8.,9.,10.,11.,12.,13.,14.,15.,16.,17.,18.,19.,20.,21.,22.,23.,24.,
25.,26.,27.,28.,29.,30.,31.,32.,33.,34.,35.,36.,37.,38.,39.,40.,41.,42.,43.,
44.,45.,46.,47.,48.),.UNSPECIFIED.);
#752=B_SPLINE_CURVE_WITH_KNOTS('',1,(#1992,#1993,#1994,#1995,#1996,#1997,#1998
,#1999,#2000,#2001,#2002,#2003,#2004,#2005,#2006,#2007,#2008,#2009,#2010,#2011
,#2012,#2013,#2014,#2015,#2016,#2017,#2018,#2019,#2020,#2021,#2022,#2023,#2024
,#2025,#2026,#2027,#2028,#2029,#2030,#2031,#2032,#2033,#2034,#2035,#2036,#2037
,#2038,#2039,#2040,#2041,#2042,#2043,#2044,#2045,#2046,#2047,#2048,#2049,#2050
,#2051,#2052,#2053,#2054,#2055,#2056,#2057,#2058,#2059,#2060,#2061,#2062,#2063
,#2064,#2065,#2066,#2067,#2068),.UNSPECIFIED.,.F.,.F.,(2,1,1,1,1,1,1,1,1,1,1,1
,1,1,1,1,1,1,1,1,1,1,1,1,1,1,1,1,1,1,1,1,1,1,1,1,1,1,1,1,1,1,1,1,1,1,1,1,1,1,1
,1,1,1,1,1,1,1,1,1,1,1,1,1,1,1,1,1,1,1,1,1,1,1,1,1,2),(0.,1.,2.,3.,4.,5.,6.,7.
,8.,9.,10.,11.,12.,13.,14.,15.,16.,17.,18.,19.,20.,21.,22.,23.,24.,25.,26.,27.
,28.,29.,30.,31.,32.,33.,34.,35.,36.,37.,38.,39.,40.,41.,42.,43.,44.,45.,46.,
47.,48.,49.,50.,51.,52.,53.,54.,55.,56.,57.,58.,59.,60.,61.,62.,63.,64.,65.,
66.,67.,68.,69.,70.,71.,72.,73.,74.,75.,76.),.UNSPECIFIED.);
#753=B_SPLINE_CURVE_WITH_KNOTS('',1,(#2069,#2070),.UNSPECIFIED.,.F.,.F.,(2,2),
(0.,1.),.UNSPECIFIED.);
#754=B_SPLINE_CURVE_WITH_KNOTS('',1,(#2071,#2072,#2073,#2074,#2075,#2076,#2077
,#2078,#2079,#2080,#2081,#2082,#2083,#2084,#2085,#2086,#2087,#2088,#2089,#2090
,#2091,#2092,#2093,#2094,#2095,#2096,#2097,#2098,#2099,#2100,#2101,#2102,#2103
,#2104,#2105,#2106,#2107,#2108,#2109,#2110,#2111,#2112,#2113,#2114,#2115,#2116
,#2117,#2118,#2119,#2120,#2121,#2122,#2123,#2124,#2125,#2126,#2127,#2128,#2129
,#2130,#2131,#2132,#2133,#2134,#2135,#2136,#2137,#2138,#2139,#2140,#2141,#2142
,#2143,#2144,#2145,#2146,#2147),.UNSPECIFIED.,.F.,.F.,(2,1,1,1,1,1,1,1,1,1,1,1
,1,1,1,1,1,1,1,1,1,1,1,1,1,1,1,1,1,1,1,1,1,1,1,1,1,1,1,1,1,1,1,1,1,1,1,1,1,1,1
,1,1,1,1,1,1,1,1,1,1,1,1,1,1,1,1,1,1,1,1,1,1,1,1,1,2),(0.,1.,2.,3.,4.,5.,6.,7.
,8.,9.,10.,11.,12.,13.,14.,15.,16.,17.,18.,19.,20.,21.,22.,23.,24.,25.,26.,27.
,28.,29.,30.,31.,32.,33.,34.,35.,36.,37.,38.,39.,40.,41.,42.,43.,44.,45.,46.,
47.,48.,49.,50.,51.,52.,53.,54.,55.,56.,57.,58.,59.,60.,61.,62.,63.,64.,65.,
66.,67.,68.,69.,70.,71.,72.,73.,74.,75.,76.),.UNSPECIFIED.);
#755=B_SPLINE_CURVE_WITH_KNOTS('',1,(#2148,#2149,#2150,#2151,#2152,#2153,#2154
,#2155,#2156,#2157,#2158,#2159,#2160,#2161,#2162),.UNSPECIFIED.,.F.,.F.,(2,1,1
,1,1,1,1,1,1,1,1,1,1,1,2),(0.,0.0714285714285714,0.142857142857143,
0.214285714285714,0.285714285714286,0.357142857142857,0.428571428571429,0.5,
0.571428571428571,0.642857142857143,0.714285714285714,0.785714285714286,
0.857142857142857,0.928571428571429,1.),.UNSPECIFIED.);
#756=B_SPLINE_CURVE_WITH_KNOTS('',1,(#2163,#2164),.UNSPECIFIED.,.F.,.F.,(2,2),
(0.,1.),.UNSPECIFIED.);
#757=B_SPLINE_CURVE_WITH_KNOTS('',1,(#2165,#2166,#2167,#2168,#2169,#2170,#2171
,#2172,#2173,#2174,#2175,#2176,#2177,#2178,#2179),.UNSPECIFIED.,.F.,.F.,(2,1,1
,1,1,1,1,1,1,1,1,1,1,1,2),(0.,0.0714285714285714,0.142857142857143,
0.214285714285714,0.285714285714286,0.357142857142857,0.428571428571429,0.5,
0.571428571428571,0.642857142857143,0.714285714285714,0.785714285714286,
0.857142857142857,0.928571428571429,1.),.UNSPECIFIED.);
#758=B_SPLINE_CURVE_WITH_KNOTS('',1,(#2180,#2181),.UNSPECIFIED.,.F.,.F.,(2,2),
(0.,1.),.UNSPECIFIED.);
#759=B_SPLINE_CURVE_WITH_KNOTS('',1,(#2182,#2183),.UNSPECIFIED.,.F.,.F.,(2,2),
(0.,1.),.UNSPECIFIED.);
#760=B_SPLINE_CURVE_WITH_KNOTS('',1,(#2184,#2185),.UNSPECIFIED.,.F.,.F.,(2,2),
(0.,1.),.UNSPECIFIED.);
#761=B_SPLINE_CURVE_WITH_KNOTS('',1,(#2186,#2187),.UNSPECIFIED.,.F.,.F.,(2,2),
(0.,1.),.UNSPECIFIED.);
#762=B_SPLINE_CURVE_WITH_KNOTS('',1,(#2188,#2189,#2190,#2191,#2192,#2193,#2194
,#2195,#2196,#2197,#2198,#2199,#2200,#2201,#2202,#2203,#2204,#2205,#2206,#2207
,#2208),.UNSPECIFIED.,.F.,.F.,(2,1,1,1,1,1,1,1,1,1,1,1,1,1,1,1,1,1,1,1,2),(0.,
0.05,0.1,0.15,0.2,0.25,0.3,0.35,0.4,0.45,0.5,0.55,0.6,0.65,0.7,0.75,0.8,0.85,
0.9,0.95,1.),.UNSPECIFIED.);
#763=B_SPLINE_CURVE_WITH_KNOTS('',1,(#2209,#2210),.UNSPECIFIED.,.F.,.F.,(2,2),
(0.,1.),.UNSPECIFIED.);
#764=B_SPLINE_CURVE_WITH_KNOTS('',1,(#2211,#2212,#2213,#2214,#2215,#2216,#2217
,#2218,#2219,#2220,#2221,#2222,#2223,#2224,#2225,#2226,#2227,#2228,#2229,#2230
,#2231),.UNSPECIFIED.,.F.,.F.,(2,1,1,1,1,1,1,1,1,1,1,1,1,1,1,1,1,1,1,1,2),(0.,
0.05,0.1,0.15,0.2,0.25,0.3,0.35,0.4,0.45,0.5,0.55,0.6,0.65,0.7,0.75,0.8,0.85,
0.9,0.95,1.),.UNSPECIFIED.);
#765=B_SPLINE_CURVE_WITH_KNOTS('',1,(#2232,#2233),.UNSPECIFIED.,.F.,.F.,(2,2),
(0.,1.),.UNSPECIFIED.);
#766=B_SPLINE_CURVE_WITH_KNOTS('',1,(#2234,#2235),.UNSPECIFIED.,.F.,.F.,(2,2),
(0.,1.),.UNSPECIFIED.);
#767=B_SPLINE_CURVE_WITH_KNOTS('',1,(#2236,#2237),.UNSPECIFIED.,.F.,.F.,(2,2),
(0.,1.),.UNSPECIFIED.);
#768=B_SPLINE_CURVE_WITH_KNOTS('',1,(#2238,#2239),.UNSPECIFIED.,.F.,.F.,(2,2),
(0.,1.),.UNSPECIFIED.);
#769=B_SPLINE_CURVE_WITH_KNOTS('',1,(#2240,#2241),.UNSPECIFIED.,.F.,.F.,(2,2),
(0.,1.),.UNSPECIFIED.);
#770=B_SPLINE_CURVE_WITH_KNOTS('',1,(#2242,#2243,#2244,#2245,#2246,#2247,#2248
,#2249,#2250,#2251,#2252,#2253,#2254,#2255,#2256,#2257,#2258,#2259,#2260,#2261
,#2262,#2263,#2264,#2265,#2266,#2267,#2268,#2269,#2270,#2271,#2272,#2273,#2274
,#2275,#2276,#2277,#2278,#2279,#2280,#2281,#2282,#2283,#2284,#2285,#2286,#2287
,#2288,#2289,#2290,#2291,#2292,#2293,#2294,#2295,#2296,#2297,#2298,#2299),
.UNSPECIFIED.,.F.,.F.,(2,1,1,1,1,1,1,1,1,1,1,1,1,1,1,1,1,1,1,1,1,1,1,1,1,1,1,1
,1,1,1,1,1,1,1,1,1,1,1,1,1,1,1,1,1,1,1,1,1,1,1,1,1,1,1,1,1,2),(0.,
0.0175438596491228,0.0350877192982456,0.0526315789473684,0.0701754385964912,
0.087719298245614,0.105263157894737,0.12280701754386,0.140350877192982,
0.157894736842105,0.175438596491228,0.192982456140351,0.210526315789474,
0.228070175438596,0.245614035087719,0.263157894736842,0.280701754385965,
0.298245614035088,0.315789473684211,0.333333333333333,0.350877192982456,
0.368421052631579,0.385964912280702,0.403508771929825,0.421052631578947,
0.43859649122807,0.456140350877193,0.473684210526316,0.491228070175439,
0.508771929824561,0.526315789473684,0.543859649122807,0.56140350877193,
0.578947368421053,0.596491228070175,0.614035087719298,0.631578947368421,
0.649122807017544,0.666666666666667,0.684210526315789,0.701754385964912,
0.719298245614035,0.736842105263158,0.754385964912281,0.771929824561403,
0.789473684210526,0.807017543859649,0.824561403508772,0.842105263157895,
0.859649122807018,0.87719298245614,0.894736842105263,0.912280701754386,
0.929824561403509,0.947368421052632,0.964912280701754,0.982456140350877,1.),
.UNSPECIFIED.);
#771=B_SPLINE_CURVE_WITH_KNOTS('',1,(#2300,#2301),.UNSPECIFIED.,.F.,.F.,(2,2),
(0.,1.),.UNSPECIFIED.);
#772=B_SPLINE_CURVE_WITH_KNOTS('',1,(#2302,#2303,#2304,#2305,#2306,#2307,#2308
,#2309,#2310,#2311,#2312,#2313,#2314,#2315,#2316,#2317,#2318,#2319,#2320,#2321
,#2322,#2323,#2324,#2325,#2326,#2327,#2328,#2329,#2330,#2331,#2332,#2333,#2334
,#2335,#2336,#2337,#2338,#2339,#2340,#2341,#2342,#2343,#2344,#2345,#2346,#2347
,#2348,#2349,#2350,#2351,#2352,#2353,#2354,#2355,#2356,#2357,#2358,#2359),
.UNSPECIFIED.,.F.,.F.,(2,1,1,1,1,1,1,1,1,1,1,1,1,1,1,1,1,1,1,1,1,1,1,1,1,1,1,1
,1,1,1,1,1,1,1,1,1,1,1,1,1,1,1,1,1,1,1,1,1,1,1,1,1,1,1,1,1,2),(0.,
0.0175438596491228,0.0350877192982456,0.0526315789473684,0.0701754385964912,
0.087719298245614,0.105263157894737,0.12280701754386,0.140350877192982,
0.157894736842105,0.175438596491228,0.192982456140351,0.210526315789474,
0.228070175438596,0.245614035087719,0.263157894736842,0.280701754385965,
0.298245614035088,0.315789473684211,0.333333333333333,0.350877192982456,
0.368421052631579,0.385964912280702,0.403508771929825,0.421052631578947,
0.43859649122807,0.456140350877193,0.473684210526316,0.491228070175439,
0.508771929824561,0.526315789473684,0.543859649122807,0.56140350877193,
0.578947368421053,0.596491228070175,0.614035087719298,0.631578947368421,
0.649122807017544,0.666666666666667,0.684210526315789,0.701754385964912,
0.719298245614035,0.736842105263158,0.754385964912281,0.771929824561403,
0.789473684210526,0.807017543859649,0.824561403508772,0.842105263157895,
0.859649122807018,0.87719298245614,0.894736842105263,0.912280701754386,
0.929824561403509,0.947368421052632,0.964912280701754,0.982456140350877,1.),
.UNSPECIFIED.);
#773=B_SPLINE_CURVE_WITH_KNOTS('',1,(#2360,#2361),.UNSPECIFIED.,.F.,.F.,(2,2),
(0.,1.),.UNSPECIFIED.);
#774=B_SPLINE_CURVE_WITH_KNOTS('',1,(#2362,#2363),.UNSPECIFIED.,.F.,.F.,(2,2),
(0.,1.),.UNSPECIFIED.);
#775=B_SPLINE_CURVE_WITH_KNOTS('',1,(#2364,#2365),.UNSPECIFIED.,.F.,.F.,(2,2),
(0.,1.),.UNSPECIFIED.);
#776=B_SPLINE_CURVE_WITH_KNOTS('',1,(#2366,#2367),.UNSPECIFIED.,.F.,.F.,(2,2),
(0.,1.),.UNSPECIFIED.);
#777=B_SPLINE_CURVE_WITH_KNOTS('',1,(#2368,#2369),.UNSPECIFIED.,.F.,.F.,(2,2),
(0.,1.),.UNSPECIFIED.);
#778=B_SPLINE_CURVE_WITH_KNOTS('',1,(#2370,#2371,#2372,#2373,#2374,#2375,#2376
,#2377,#2378,#2379,#2380,#2381,#2382,#2383,#2384,#2385,#2386,#2387),
.UNSPECIFIED.,.F.,.F.,(2,1,1,1,1,1,1,1,1,1,1,1,1,1,1,1,1,2),(0.,
0.0588235294117647,0.117647058823529,0.176470588235294,0.235294117647059,
0.294117647058824,0.352941176470588,0.411764705882353,0.470588235294118,
0.529411764705882,0.588235294117647,0.647058823529412,0.705882352941177,
0.764705882352941,0.823529411764706,0.882352941176471,0.941176470588235,1.),
.UNSPECIFIED.);
#779=B_SPLINE_CURVE_WITH_KNOTS('',1,(#2388,#2389),.UNSPECIFIED.,.F.,.F.,(2,2),
(0.,1.),.UNSPECIFIED.);
#780=B_SPLINE_CURVE_WITH_KNOTS('',1,(#2390,#2391,#2392,#2393,#2394,#2395,#2396
,#2397,#2398,#2399,#2400,#2401,#2402,#2403,#2404,#2405,#2406,#2407),
.UNSPECIFIED.,.F.,.F.,(2,1,1,1,1,1,1,1,1,1,1,1,1,1,1,1,1,2),(0.,
0.0588235294117647,0.117647058823529,0.176470588235294,0.235294117647059,
0.294117647058824,0.352941176470588,0.411764705882353,0.470588235294118,
0.529411764705882,0.588235294117647,0.647058823529412,0.705882352941177,
0.764705882352941,0.823529411764706,0.882352941176471,0.941176470588235,1.),
.UNSPECIFIED.);
#781=B_SPLINE_CURVE_WITH_KNOTS('',1,(#2408,#2409),.UNSPECIFIED.,.F.,.F.,(2,2),
(0.,1.),.UNSPECIFIED.);
#782=B_SPLINE_CURVE_WITH_KNOTS('',1,(#2410,#2411),.UNSPECIFIED.,.F.,.F.,(2,2),
(0.,1.),.UNSPECIFIED.);
#783=B_SPLINE_CURVE_WITH_KNOTS('',1,(#2412,#2413),.UNSPECIFIED.,.F.,.F.,(2,2),
(0.,1.),.UNSPECIFIED.);
#784=B_SPLINE_CURVE_WITH_KNOTS('',1,(#2414,#2415),.UNSPECIFIED.,.F.,.F.,(2,2),
(0.,1.),.UNSPECIFIED.);
#785=B_SPLINE_CURVE_WITH_KNOTS('',1,(#2416,#2417),.UNSPECIFIED.,.F.,.F.,(2,2),
(0.,1.),.UNSPECIFIED.);
#786=B_SPLINE_CURVE_WITH_KNOTS('',1,(#2418,#2419),.UNSPECIFIED.,.F.,.F.,(2,2),
(0.,1.),.UNSPECIFIED.);
#787=B_SPLINE_CURVE_WITH_KNOTS('',1,(#2420,#2421),.UNSPECIFIED.,.F.,.F.,(2,2),
(0.,1.),.UNSPECIFIED.);
#788=B_SPLINE_CURVE_WITH_KNOTS('',1,(#2422,#2423),.UNSPECIFIED.,.F.,.F.,(2,2),
(0.,1.),.UNSPECIFIED.);
#789=B_SPLINE_CURVE_WITH_KNOTS('',1,(#2424,#2425),.UNSPECIFIED.,.F.,.F.,(2,2),
(0.,1.),.UNSPECIFIED.);
#790=B_SPLINE_CURVE_WITH_KNOTS('',1,(#2426,#2427),.UNSPECIFIED.,.F.,.F.,(2,2),
(0.,1.),.UNSPECIFIED.);
#791=B_SPLINE_CURVE_WITH_KNOTS('',1,(#2428,#2429),.UNSPECIFIED.,.F.,.F.,(2,2),
(0.,1.),.UNSPECIFIED.);
#792=B_SPLINE_CURVE_WITH_KNOTS('',1,(#2430,#2431),.UNSPECIFIED.,.F.,.F.,(2,2),
(0.,1.),.UNSPECIFIED.);
#793=B_SPLINE_CURVE_WITH_KNOTS('',1,(#2432,#2433),.UNSPECIFIED.,.F.,.F.,(2,2),
(0.,1.),.UNSPECIFIED.);
#794=B_SPLINE_CURVE_WITH_KNOTS('',1,(#2434,#2435),.UNSPECIFIED.,.F.,.F.,(2,2),
(0.,1.),.UNSPECIFIED.);
#795=B_SPLINE_CURVE_WITH_KNOTS('',1,(#2436,#2437),.UNSPECIFIED.,.F.,.F.,(2,2),
(0.,1.),.UNSPECIFIED.);
#796=B_SPLINE_CURVE_WITH_KNOTS('',1,(#2438,#2439),.UNSPECIFIED.,.F.,.F.,(2,2),
(0.,1.),.UNSPECIFIED.);
#797=B_SPLINE_CURVE_WITH_KNOTS('',1,(#2440,#2441),.UNSPECIFIED.,.F.,.F.,(2,2),
(0.,1.),.UNSPECIFIED.);
#798=B_SPLINE_CURVE_WITH_KNOTS('',1,(#2442,#2443,#2444,#2445,#2446,#2447,#2448
,#2449,#2450,#2451,#2452,#2453,#2454,#2455,#2456,#2457,#2458,#2459,#2460,#2461
,#2462,#2463,#2464,#2465,#2466,#2467,#2468,#2469),.UNSPECIFIED.,.F.,.F.,(2,1,1
,1,1,1,1,1,1,1,1,1,1,1,1,1,1,1,1,1,1,1,1,1,1,1,1,2),(0.,0.037037037037037,
0.0740740740740741,0.111111111111111,0.148148148148148,0.185185185185185,
0.222222222222222,0.259259259259259,0.296296296296296,0.333333333333333,
0.37037037037037,0.407407407407407,0.444444444444444,0.481481481481481,
0.518518518518518,0.555555555555556,0.592592592592593,0.62962962962963,
0.666666666666667,0.703703703703704,0.740740740740741,0.777777777777778,
0.814814814814815,0.851851851851852,0.888888888888889,0.925925925925926,
0.962962962962963,1.),.UNSPECIFIED.);
#799=B_SPLINE_CURVE_WITH_KNOTS('',1,(#2470,#2471),.UNSPECIFIED.,.F.,.F.,(2,2),
(0.,1.),.UNSPECIFIED.);
#800=B_SPLINE_CURVE_WITH_KNOTS('',1,(#2472,#2473,#2474,#2475,#2476,#2477,#2478
,#2479,#2480,#2481,#2482,#2483,#2484,#2485,#2486,#2487,#2488,#2489,#2490,#2491
,#2492,#2493,#2494,#2495,#2496,#2497,#2498,#2499),.UNSPECIFIED.,.F.,.F.,(2,1,1
,1,1,1,1,1,1,1,1,1,1,1,1,1,1,1,1,1,1,1,1,1,1,1,1,2),(0.,0.037037037037037,
0.0740740740740741,0.111111111111111,0.148148148148148,0.185185185185185,
0.222222222222222,0.259259259259259,0.296296296296296,0.333333333333333,
0.37037037037037,0.407407407407407,0.444444444444444,0.481481481481481,
0.518518518518518,0.555555555555556,0.592592592592593,0.62962962962963,
0.666666666666667,0.703703703703704,0.740740740740741,0.777777777777778,
0.814814814814815,0.851851851851852,0.888888888888889,0.925925925925926,
0.962962962962963,1.),.UNSPECIFIED.);
#801=B_SPLINE_CURVE_WITH_KNOTS('',1,(#2500,#2501),.UNSPECIFIED.,.F.,.F.,(2,2),
(0.,1.),.UNSPECIFIED.);
#802=B_SPLINE_CURVE_WITH_KNOTS('',1,(#2502,#2503,#2504,#2505,#2506,#2507,#2508
,#2509,#2510,#2511,#2512,#2513,#2514,#2515,#2516,#2517,#2518,#2519,#2520,#2521
,#2522,#2523,#2524,#2525,#2526,#2527,#2528,#2529,#2530),.UNSPECIFIED.,.F.,.F.,
(2,1,1,1,1,1,1,1,1,1,1,1,1,1,1,1,1,1,1,1,1,1,1,1,1,1,1,1,2),(0.,1.,2.,3.,4.,5.
,6.,7.,8.,9.,10.,11.,12.,13.,14.,15.,16.,17.,18.,19.,20.,21.,22.,23.,24.,25.,
26.,27.,28.),.UNSPECIFIED.);
#803=B_SPLINE_CURVE_WITH_KNOTS('',1,(#2531,#2532),.UNSPECIFIED.,.F.,.F.,(2,2),
(0.,1.),.UNSPECIFIED.);
#804=B_SPLINE_CURVE_WITH_KNOTS('',1,(#2533,#2534,#2535,#2536,#2537,#2538,#2539
,#2540,#2541,#2542,#2543,#2544,#2545,#2546,#2547,#2548,#2549,#2550,#2551,#2552
,#2553,#2554,#2555,#2556,#2557,#2558,#2559,#2560,#2561),.UNSPECIFIED.,.F.,.F.,
(2,1,1,1,1,1,1,1,1,1,1,1,1,1,1,1,1,1,1,1,1,1,1,1,1,1,1,1,2),(0.,1.,2.,3.,4.,5.
,6.,7.,8.,9.,10.,11.,12.,13.,14.,15.,16.,17.,18.,19.,20.,21.,22.,23.,24.,25.,
26.,27.,28.),.UNSPECIFIED.);
#805=B_SPLINE_CURVE_WITH_KNOTS('',1,(#2562,#2563,#2564,#2565,#2566,#2567,#2568
,#2569,#2570,#2571),.UNSPECIFIED.,.F.,.F.,(2,1,1,1,1,1,1,1,1,2),(0.,1.,2.,3.,
4.,5.,6.,7.,8.,9.),.UNSPECIFIED.);
#806=B_SPLINE_CURVE_WITH_KNOTS('',1,(#2572,#2573),.UNSPECIFIED.,.F.,.F.,(2,2),
(0.,1.),.UNSPECIFIED.);
#807=B_SPLINE_CURVE_WITH_KNOTS('',1,(#2574,#2575,#2576,#2577,#2578,#2579,#2580
,#2581,#2582,#2583),.UNSPECIFIED.,.F.,.F.,(2,1,1,1,1,1,1,1,1,2),(0.,1.,2.,3.,
4.,5.,6.,7.,8.,9.),.UNSPECIFIED.);
#808=B_SPLINE_CURVE_WITH_KNOTS('',1,(#2584,#2585,#2586,#2587,#2588,#2589,#2590
,#2591),.UNSPECIFIED.,.F.,.F.,(2,1,1,1,1,1,1,2),(0.,1.,2.,3.,4.,5.,6.,7.),
.UNSPECIFIED.);
#809=B_SPLINE_CURVE_WITH_KNOTS('',1,(#2592,#2593),.UNSPECIFIED.,.F.,.F.,(2,2),
(0.,1.),.UNSPECIFIED.);
#810=B_SPLINE_CURVE_WITH_KNOTS('',1,(#2594,#2595,#2596,#2597,#2598,#2599,#2600
,#2601),.UNSPECIFIED.,.F.,.F.,(2,1,1,1,1,1,1,2),(0.,1.,2.,3.,4.,5.,6.,7.),
.UNSPECIFIED.);
#811=B_SPLINE_CURVE_WITH_KNOTS('',1,(#2602,#2603,#2604,#2605,#2606,#2607,#2608
,#2609,#2610,#2611,#2612,#2613,#2614,#2615,#2616,#2617,#2618,#2619,#2620,#2621
,#2622,#2623,#2624,#2625,#2626,#2627,#2628,#2629,#2630,#2631,#2632,#2633,#2634
,#2635,#2636,#2637,#2638,#2639,#2640),.UNSPECIFIED.,.F.,.F.,(2,1,1,1,1,1,1,1,1
,1,1,1,1,1,1,1,1,1,1,1,1,1,1,1,1,1,1,1,1,1,1,1,1,1,1,1,1,1,2),(0.,
0.0263157894736842,0.0526315789473684,0.0789473684210526,0.105263157894737,
0.131578947368421,0.157894736842105,0.184210526315789,0.210526315789474,
0.236842105263158,0.263157894736842,0.289473684210526,0.315789473684211,
0.342105263157895,0.368421052631579,0.394736842105263,0.421052631578947,
0.447368421052632,0.473684210526316,0.5,0.526315789473684,0.552631578947368,
0.578947368421053,0.605263157894737,0.631578947368421,0.657894736842105,
0.684210526315789,0.710526315789474,0.736842105263158,0.763157894736842,
0.789473684210526,0.815789473684211,0.842105263157895,0.868421052631579,
0.894736842105263,0.921052631578947,0.947368421052632,0.973684210526316,1.),
.UNSPECIFIED.);
#812=B_SPLINE_CURVE_WITH_KNOTS('',1,(#2641,#2642),.UNSPECIFIED.,.F.,.F.,(2,2),
(0.,1.),.UNSPECIFIED.);
#813=B_SPLINE_CURVE_WITH_KNOTS('',1,(#2643,#2644,#2645,#2646,#2647,#2648,#2649
,#2650,#2651,#2652,#2653,#2654,#2655,#2656,#2657,#2658,#2659,#2660,#2661,#2662
,#2663,#2664,#2665,#2666,#2667,#2668,#2669,#2670,#2671,#2672,#2673,#2674,#2675
,#2676,#2677,#2678,#2679,#2680,#2681),.UNSPECIFIED.,.F.,.F.,(2,1,1,1,1,1,1,1,1
,1,1,1,1,1,1,1,1,1,1,1,1,1,1,1,1,1,1,1,1,1,1,1,1,1,1,1,1,1,2),(0.,
0.0263157894736842,0.0526315789473684,0.0789473684210526,0.105263157894737,
0.131578947368421,0.157894736842105,0.184210526315789,0.210526315789474,
0.236842105263158,0.263157894736842,0.289473684210526,0.315789473684211,
0.342105263157895,0.368421052631579,0.394736842105263,0.421052631578947,
0.447368421052632,0.473684210526316,0.5,0.526315789473684,0.552631578947368,
0.578947368421053,0.605263157894737,0.631578947368421,0.657894736842105,
0.684210526315789,0.710526315789474,0.736842105263158,0.763157894736842,
0.789473684210526,0.815789473684211,0.842105263157895,0.868421052631579,
0.894736842105263,0.921052631578947,0.947368421052632,0.973684210526316,1.),
.UNSPECIFIED.);
#814=B_SPLINE_CURVE_WITH_KNOTS('',1,(#2682,#2683,#2684,#2685,#2686,#2687,#2688
,#2689,#2690,#2691),.UNSPECIFIED.,.F.,.F.,(2,1,1,1,1,1,1,1,1,2),(0.,
0.111111111111111,0.222222222222222,0.333333333333333,0.444444444444444,
0.555555555555556,0.666666666666667,0.777777777777778,0.888888888888889,1.),
.UNSPECIFIED.);
#815=B_SPLINE_CURVE_WITH_KNOTS('',1,(#2692,#2693),.UNSPECIFIED.,.F.,.F.,(2,2),
(0.,1.),.UNSPECIFIED.);
#816=B_SPLINE_CURVE_WITH_KNOTS('',1,(#2694,#2695,#2696,#2697,#2698,#2699,#2700
,#2701,#2702,#2703),.UNSPECIFIED.,.F.,.F.,(2,1,1,1,1,1,1,1,1,2),(0.,
0.111111111111111,0.222222222222222,0.333333333333333,0.444444444444444,
0.555555555555556,0.666666666666667,0.777777777777778,0.888888888888889,1.),
.UNSPECIFIED.);
#817=B_SPLINE_CURVE_WITH_KNOTS('',1,(#2704,#2705),.UNSPECIFIED.,.F.,.F.,(2,2),
(0.,1.),.UNSPECIFIED.);
#818=B_SPLINE_CURVE_WITH_KNOTS('',1,(#2706,#2707,#2708,#2709,#2710,#2711,#2712
,#2713,#2714,#2715,#2716,#2717,#2718,#2719,#2720),.UNSPECIFIED.,.F.,.F.,(2,1,1
,1,1,1,1,1,1,1,1,1,1,1,2),(0.,0.0714285714285714,0.142857142857143,
0.214285714285714,0.285714285714286,0.357142857142857,0.428571428571429,0.5,
0.571428571428571,0.642857142857143,0.714285714285714,0.785714285714286,
0.857142857142857,0.928571428571429,1.),.UNSPECIFIED.);
#819=B_SPLINE_CURVE_WITH_KNOTS('',1,(#2721,#2722),.UNSPECIFIED.,.F.,.F.,(2,2),
(0.,1.),.UNSPECIFIED.);
#820=B_SPLINE_CURVE_WITH_KNOTS('',1,(#2723,#2724,#2725,#2726,#2727,#2728,#2729
,#2730,#2731,#2732,#2733,#2734,#2735,#2736,#2737),.UNSPECIFIED.,.F.,.F.,(2,1,1
,1,1,1,1,1,1,1,1,1,1,1,2),(0.,0.0714285714285714,0.142857142857143,
0.214285714285714,0.285714285714286,0.357142857142857,0.428571428571429,0.5,
0.571428571428571,0.642857142857143,0.714285714285714,0.785714285714286,
0.857142857142857,0.928571428571429,1.),.UNSPECIFIED.);
#821=B_SPLINE_CURVE_WITH_KNOTS('',1,(#2738,#2739),.UNSPECIFIED.,.F.,.F.,(2,2),
(0.,1.),.UNSPECIFIED.);
#822=B_SPLINE_CURVE_WITH_KNOTS('',1,(#2740,#2741),.UNSPECIFIED.,.F.,.F.,(2,2),
(0.,1.),.UNSPECIFIED.);
#823=B_SPLINE_CURVE_WITH_KNOTS('',1,(#2742,#2743),.UNSPECIFIED.,.F.,.F.,(2,2),
(0.,1.),.UNSPECIFIED.);
#824=B_SPLINE_CURVE_WITH_KNOTS('',1,(#2744,#2745),.UNSPECIFIED.,.F.,.F.,(2,2),
(0.,1.),.UNSPECIFIED.);
#825=B_SPLINE_CURVE_WITH_KNOTS('',1,(#2746,#2747),.UNSPECIFIED.,.F.,.F.,(2,2),
(0.,1.),.UNSPECIFIED.);
#826=B_SPLINE_CURVE_WITH_KNOTS('',1,(#2748,#2749),.UNSPECIFIED.,.F.,.F.,(2,2),
(0.,1.),.UNSPECIFIED.);
#827=B_SPLINE_CURVE_WITH_KNOTS('',1,(#2750,#2751),.UNSPECIFIED.,.F.,.F.,(2,2),
(0.,1.),.UNSPECIFIED.);
#828=B_SPLINE_CURVE_WITH_KNOTS('',1,(#2752,#2753),.UNSPECIFIED.,.F.,.F.,(2,2),
(0.,1.),.UNSPECIFIED.);
#829=B_SPLINE_CURVE_WITH_KNOTS('',1,(#2754,#2755),.UNSPECIFIED.,.F.,.F.,(2,2),
(0.,1.),.UNSPECIFIED.);
#830=B_SPLINE_CURVE_WITH_KNOTS('',1,(#2756,#2757),.UNSPECIFIED.,.F.,.F.,(2,2),
(0.,1.),.UNSPECIFIED.);
#831=B_SPLINE_CURVE_WITH_KNOTS('',1,(#2758,#2759),.UNSPECIFIED.,.F.,.F.,(2,2),
(0.,1.),.UNSPECIFIED.);
#832=B_SPLINE_CURVE_WITH_KNOTS('',1,(#2760,#2761),.UNSPECIFIED.,.F.,.F.,(2,2),
(0.,1.),.UNSPECIFIED.);
#833=B_SPLINE_CURVE_WITH_KNOTS('',1,(#2762,#2763),.UNSPECIFIED.,.F.,.F.,(2,2),
(0.,1.),.UNSPECIFIED.);
#834=B_SPLINE_CURVE_WITH_KNOTS('',1,(#2764,#2765),.UNSPECIFIED.,.F.,.F.,(2,2),
(0.,1.),.UNSPECIFIED.);
#835=B_SPLINE_CURVE_WITH_KNOTS('',1,(#2766,#2767),.UNSPECIFIED.,.F.,.F.,(2,2),
(0.,1.),.UNSPECIFIED.);
#836=B_SPLINE_CURVE_WITH_KNOTS('',1,(#2768,#2769),.UNSPECIFIED.,.F.,.F.,(2,2),
(0.,1.),.UNSPECIFIED.);
#837=B_SPLINE_CURVE_WITH_KNOTS('',1,(#2770,#2771),.UNSPECIFIED.,.F.,.F.,(2,2),
(0.,1.),.UNSPECIFIED.);
#838=B_SPLINE_CURVE_WITH_KNOTS('',1,(#2772,#2773),.UNSPECIFIED.,.F.,.F.,(2,2),
(0.,1.),.UNSPECIFIED.);
#839=B_SPLINE_CURVE_WITH_KNOTS('',1,(#2774,#2775),.UNSPECIFIED.,.F.,.F.,(2,2),
(0.,1.),.UNSPECIFIED.);
#840=B_SPLINE_CURVE_WITH_KNOTS('',1,(#2776,#2777),.UNSPECIFIED.,.F.,.F.,(2,2),
(0.,1.),.UNSPECIFIED.);
#841=B_SPLINE_CURVE_WITH_KNOTS('',1,(#2778,#2779),.UNSPECIFIED.,.F.,.F.,(2,2),
(0.,1.),.UNSPECIFIED.);
#842=B_SPLINE_CURVE_WITH_KNOTS('',1,(#2780,#2781),.UNSPECIFIED.,.F.,.F.,(2,2),
(0.,1.),.UNSPECIFIED.);
#843=B_SPLINE_CURVE_WITH_KNOTS('',1,(#2782,#2783),.UNSPECIFIED.,.F.,.F.,(2,2),
(0.,1.),.UNSPECIFIED.);
#844=B_SPLINE_CURVE_WITH_KNOTS('',1,(#2784,#2785),.UNSPECIFIED.,.F.,.F.,(2,2),
(0.,1.),.UNSPECIFIED.);
#845=B_SPLINE_CURVE_WITH_KNOTS('',1,(#2786,#2787),.UNSPECIFIED.,.F.,.F.,(2,2),
(0.,1.),.UNSPECIFIED.);
#846=B_SPLINE_CURVE_WITH_KNOTS('',1,(#2788,#2789),.UNSPECIFIED.,.F.,.F.,(2,2),
(0.,1.),.UNSPECIFIED.);
#847=B_SPLINE_CURVE_WITH_KNOTS('',1,(#2790,#2791),.UNSPECIFIED.,.F.,.F.,(2,2),
(0.,1.),.UNSPECIFIED.);
#848=B_SPLINE_CURVE_WITH_KNOTS('',1,(#2792,#2793),.UNSPECIFIED.,.F.,.F.,(2,2),
(0.,1.),.UNSPECIFIED.);
#849=B_SPLINE_CURVE_WITH_KNOTS('',1,(#2794,#2795),.UNSPECIFIED.,.F.,.F.,(2,2),
(0.,1.),.UNSPECIFIED.);
#850=B_SPLINE_CURVE_WITH_KNOTS('',1,(#2796,#2797),.UNSPECIFIED.,.F.,.F.,(2,2),
(0.,1.),.UNSPECIFIED.);
#851=B_SPLINE_CURVE_WITH_KNOTS('',1,(#2798,#2799),.UNSPECIFIED.,.F.,.F.,(2,2),
(0.,1.),.UNSPECIFIED.);
#852=B_SPLINE_CURVE_WITH_KNOTS('',1,(#2800,#2801),.UNSPECIFIED.,.F.,.F.,(2,2),
(0.,1.),.UNSPECIFIED.);
#853=B_SPLINE_CURVE_WITH_KNOTS('',1,(#2802,#2803),.UNSPECIFIED.,.F.,.F.,(2,2),
(0.,1.),.UNSPECIFIED.);
#854=B_SPLINE_CURVE_WITH_KNOTS('',1,(#2804,#2805),.UNSPECIFIED.,.F.,.F.,(2,2),
(0.,1.),.UNSPECIFIED.);
#855=B_SPLINE_CURVE_WITH_KNOTS('',1,(#2806,#2807),.UNSPECIFIED.,.F.,.F.,(2,2),
(0.,1.),.UNSPECIFIED.);
#856=B_SPLINE_CURVE_WITH_KNOTS('',1,(#2808,#2809),.UNSPECIFIED.,.F.,.F.,(2,2),
(0.,1.),.UNSPECIFIED.);
#857=B_SPLINE_CURVE_WITH_KNOTS('',1,(#2810,#2811),.UNSPECIFIED.,.F.,.F.,(2,2),
(0.,1.),.UNSPECIFIED.);
#858=B_SPLINE_CURVE_WITH_KNOTS('',1,(#2812,#2813,#2814,#2815,#2816,#2817,#2818
,#2819,#2820,#2821,#2822,#2823,#2824,#2825,#2826,#2827,#2828,#2829,#2830,#2831
,#2832,#2833,#2834,#2835,#2836,#2837,#2838,#2839,#2840,#2841,#2842,#2843,#2844
,#2845),.UNSPECIFIED.,.F.,.F.,(2,1,1,1,1,1,1,1,1,1,1,1,1,1,1,1,1,1,1,1,1,1,1,1
,1,1,1,1,1,1,1,1,1,2),(0.,0.0303030303030303,0.0606060606060606,
0.0909090909090909,0.121212121212121,0.151515151515152,0.181818181818182,
0.212121212121212,0.242424242424242,0.272727272727273,0.303030303030303,
0.333333333333333,0.363636363636364,0.393939393939394,0.424242424242424,
0.454545454545455,0.484848484848485,0.515151515151515,0.545454545454545,
0.575757575757576,0.606060606060606,0.636363636363636,0.666666666666667,
0.696969696969697,0.727272727272727,0.757575757575758,0.787878787878788,
0.818181818181818,0.848484848484849,0.878787878787879,0.909090909090909,
0.939393939393939,0.96969696969697,1.),.UNSPECIFIED.);
#859=B_SPLINE_CURVE_WITH_KNOTS('',1,(#2846,#2847),.UNSPECIFIED.,.F.,.F.,(2,2),
(0.,1.),.UNSPECIFIED.);
#860=B_SPLINE_CURVE_WITH_KNOTS('',1,(#2848,#2849,#2850,#2851,#2852,#2853,#2854
,#2855,#2856,#2857,#2858,#2859,#2860,#2861,#2862,#2863,#2864,#2865,#2866,#2867
,#2868,#2869,#2870,#2871,#2872,#2873,#2874,#2875,#2876,#2877,#2878,#2879,#2880
,#2881),.UNSPECIFIED.,.F.,.F.,(2,1,1,1,1,1,1,1,1,1,1,1,1,1,1,1,1,1,1,1,1,1,1,1
,1,1,1,1,1,1,1,1,1,2),(0.,0.0303030303030303,0.0606060606060606,
0.0909090909090909,0.121212121212121,0.151515151515152,0.181818181818182,
0.212121212121212,0.242424242424242,0.272727272727273,0.303030303030303,
0.333333333333333,0.363636363636364,0.393939393939394,0.424242424242424,
0.454545454545455,0.484848484848485,0.515151515151515,0.545454545454545,
0.575757575757576,0.606060606060606,0.636363636363636,0.666666666666667,
0.696969696969697,0.727272727272727,0.757575757575758,0.787878787878788,
0.818181818181818,0.848484848484849,0.878787878787879,0.909090909090909,
0.939393939393939,0.96969696969697,1.),.UNSPECIFIED.);
#861=B_SPLINE_CURVE_WITH_KNOTS('',1,(#2882,#2883),.UNSPECIFIED.,.F.,.F.,(2,2),
(0.,1.),.UNSPECIFIED.);
#862=B_SPLINE_CURVE_WITH_KNOTS('',1,(#2884,#2885,#2886,#2887,#2888,#2889,#2890
,#2891,#2892,#2893,#2894,#2895,#2896,#2897,#2898,#2899,#2900,#2901,#2902,#2903
,#2904,#2905,#2906,#2907,#2908,#2909,#2910,#2911,#2912,#2913,#2914,#2915,#2916
,#2917,#2918,#2919,#2920,#2921,#2922,#2923,#2924,#2925,#2926,#2927,#2928,#2929
,#2930,#2931,#2932,#2933,#2934,#2935,#2936,#2937,#2938),.UNSPECIFIED.,.F.,.F.,
(2,1,1,1,1,1,1,1,1,1,1,1,1,1,1,1,1,1,1,1,1,1,1,1,1,1,1,1,1,1,1,1,1,1,1,1,1,1,1
,1,1,1,1,1,1,1,1,1,1,1,1,1,1,1,2),(0.,0.0185185185185185,0.037037037037037,
0.0555555555555556,0.0740740740740741,0.0925925925925926,0.111111111111111,
0.12962962962963,0.148148148148148,0.166666666666667,0.185185185185185,
0.203703703703704,0.222222222222222,0.240740740740741,0.259259259259259,
0.277777777777778,0.296296296296296,0.314814814814815,0.333333333333333,
0.351851851851852,0.37037037037037,0.388888888888889,0.407407407407407,
0.425925925925926,0.444444444444444,0.462962962962963,0.481481481481481,0.5,
0.518518518518518,0.537037037037037,0.555555555555556,0.574074074074074,
0.592592592592593,0.611111111111111,0.62962962962963,0.648148148148148,
0.666666666666667,0.685185185185185,0.703703703703704,0.722222222222222,
0.740740740740741,0.759259259259259,0.777777777777778,0.796296296296296,
0.814814814814815,0.833333333333333,0.851851851851852,0.87037037037037,
0.888888888888889,0.907407407407407,0.925925925925926,0.944444444444444,
0.962962962962963,0.981481481481482,1.),.UNSPECIFIED.);
#863=B_SPLINE_CURVE_WITH_KNOTS('',1,(#2939,#2940),.UNSPECIFIED.,.F.,.F.,(2,2),
(0.,1.),.UNSPECIFIED.);
#864=B_SPLINE_CURVE_WITH_KNOTS('',1,(#2941,#2942,#2943,#2944,#2945,#2946,#2947
,#2948,#2949,#2950,#2951,#2952,#2953,#2954,#2955,#2956,#2957,#2958,#2959,#2960
,#2961,#2962,#2963,#2964,#2965,#2966,#2967,#2968,#2969,#2970,#2971,#2972,#2973
,#2974,#2975,#2976,#2977,#2978,#2979,#2980,#2981,#2982,#2983,#2984,#2985,#2986
,#2987,#2988,#2989,#2990,#2991,#2992,#2993,#2994,#2995),.UNSPECIFIED.,.F.,.F.,
(2,1,1,1,1,1,1,1,1,1,1,1,1,1,1,1,1,1,1,1,1,1,1,1,1,1,1,1,1,1,1,1,1,1,1,1,1,1,1
,1,1,1,1,1,1,1,1,1,1,1,1,1,1,1,2),(0.,0.0185185185185185,0.037037037037037,
0.0555555555555556,0.0740740740740741,0.0925925925925926,0.111111111111111,
0.12962962962963,0.148148148148148,0.166666666666667,0.185185185185185,
0.203703703703704,0.222222222222222,0.240740740740741,0.259259259259259,
0.277777777777778,0.296296296296296,0.314814814814815,0.333333333333333,
0.351851851851852,0.37037037037037,0.388888888888889,0.407407407407407,
0.425925925925926,0.444444444444444,0.462962962962963,0.481481481481481,0.5,
0.518518518518518,0.537037037037037,0.555555555555556,0.574074074074074,
0.592592592592593,0.611111111111111,0.62962962962963,0.648148148148148,
0.666666666666667,0.685185185185185,0.703703703703704,0.722222222222222,
0.740740740740741,0.759259259259259,0.777777777777778,0.796296296296296,
0.814814814814815,0.833333333333333,0.851851851851852,0.87037037037037,
0.888888888888889,0.907407407407407,0.925925925925926,0.944444444444444,
0.962962962962963,0.981481481481482,1.),.UNSPECIFIED.);
#865=B_SPLINE_CURVE_WITH_KNOTS('',1,(#2996,#2997),.UNSPECIFIED.,.F.,.F.,(2,2),
(0.,1.),.UNSPECIFIED.);
#866=B_SPLINE_CURVE_WITH_KNOTS('',1,(#2998,#2999),.UNSPECIFIED.,.F.,.F.,(2,2),
(0.,1.),.UNSPECIFIED.);
#867=B_SPLINE_CURVE_WITH_KNOTS('',1,(#3000,#3001),.UNSPECIFIED.,.F.,.F.,(2,2),
(0.,1.),.UNSPECIFIED.);
#868=B_SPLINE_CURVE_WITH_KNOTS('',1,(#3002,#3003),.UNSPECIFIED.,.F.,.F.,(2,2),
(0.,1.),.UNSPECIFIED.);
#869=B_SPLINE_CURVE_WITH_KNOTS('',1,(#3004,#3005),.UNSPECIFIED.,.F.,.F.,(2,2),
(0.,1.),.UNSPECIFIED.);
#870=B_SPLINE_CURVE_WITH_KNOTS('',1,(#3006,#3007),.UNSPECIFIED.,.F.,.F.,(2,2),
(0.,1.),.UNSPECIFIED.);
#871=B_SPLINE_CURVE_WITH_KNOTS('',1,(#3008,#3009),.UNSPECIFIED.,.F.,.F.,(2,2),
(0.,1.),.UNSPECIFIED.);
#872=B_SPLINE_CURVE_WITH_KNOTS('',1,(#3010,#3011),.UNSPECIFIED.,.F.,.F.,(2,2),
(0.,1.),.UNSPECIFIED.);
#873=B_SPLINE_CURVE_WITH_KNOTS('',1,(#3012,#3013),.UNSPECIFIED.,.F.,.F.,(2,2),
(0.,1.),.UNSPECIFIED.);
#874=B_SPLINE_CURVE_WITH_KNOTS('',1,(#3014,#3015,#3016,#3017,#3018,#3019,#3020
,#3021,#3022,#3023,#3024,#3025,#3026,#3027,#3028,#3029,#3030,#3031,#3032,#3033
,#3034),.UNSPECIFIED.,.F.,.F.,(2,1,1,1,1,1,1,1,1,1,1,1,1,1,1,1,1,1,1,1,2),(0.,
1.,2.,3.,4.,5.,6.,7.,8.,9.,10.,11.,12.,13.,14.,15.,16.,17.,18.,19.,20.),
.UNSPECIFIED.);
#875=B_SPLINE_CURVE_WITH_KNOTS('',1,(#3035,#3036),.UNSPECIFIED.,.F.,.F.,(2,2),
(0.,1.),.UNSPECIFIED.);
#876=B_SPLINE_CURVE_WITH_KNOTS('',1,(#3037,#3038,#3039,#3040,#3041,#3042,#3043
,#3044,#3045,#3046,#3047,#3048,#3049,#3050,#3051,#3052,#3053,#3054,#3055,#3056
,#3057,#3058,#3059,#3060,#3061,#3062,#3063,#3064,#3065,#3066,#3067,#3068,#3069
,#3070,#3071,#3072,#3073,#3074,#3075,#3076,#3077,#3078,#3079,#3080,#3081,#3082
,#3083,#3084,#3085,#3086,#3087,#3088,#3089,#3090,#3091,#3092,#3093,#3094,#3095
,#3096,#3097,#3098,#3099,#3100,#3101,#3102,#3103,#3104,#3105,#3106,#3107),
.UNSPECIFIED.,.F.,.F.,(2,1,1,1,1,1,1,1,1,1,1,1,1,1,1,1,1,1,1,1,1,1,1,1,1,1,1,1
,1,1,1,1,1,1,1,1,1,1,1,1,1,1,1,1,1,1,1,1,1,1,1,1,1,1,1,1,1,1,1,1,1,1,1,1,1,1,1
,1,1,1,2),(0.,1.,2.,3.,4.,5.,6.,7.,8.,9.,10.,11.,12.,13.,14.,15.,16.,17.,18.,
19.,20.,21.,22.,23.,24.,25.,26.,27.,28.,29.,30.,31.,32.,33.,34.,35.,36.,37.,
38.,39.,40.,41.,42.,43.,44.,45.,46.,47.,48.,49.,50.,51.,52.,53.,54.,55.,56.,
57.,58.,59.,60.,61.,62.,63.,64.,65.,66.,67.,68.,69.,70.),.UNSPECIFIED.);
#877=B_SPLINE_CURVE_WITH_KNOTS('',1,(#3108,#3109),.UNSPECIFIED.,.F.,.F.,(2,2),
(0.,1.),.UNSPECIFIED.);
#878=B_SPLINE_CURVE_WITH_KNOTS('',1,(#3110,#3111,#3112,#3113,#3114,#3115,#3116
,#3117,#3118,#3119,#3120,#3121,#3122,#3123,#3124,#3125,#3126,#3127,#3128,#3129
,#3130,#3131,#3132,#3133,#3134),.UNSPECIFIED.,.F.,.F.,(2,1,1,1,1,1,1,1,1,1,1,1
,1,1,1,1,1,1,1,1,1,1,1,1,2),(0.,1.,2.,3.,4.,5.,6.,7.,8.,9.,10.,11.,12.,13.,14.
,15.,16.,17.,18.,19.,20.,21.,22.,23.,24.),.UNSPECIFIED.);
#879=B_SPLINE_CURVE_WITH_KNOTS('',1,(#3135,#3136),.UNSPECIFIED.,.F.,.F.,(2,2),
(0.,1.),.UNSPECIFIED.);
#880=B_SPLINE_CURVE_WITH_KNOTS('',1,(#3137,#3138,#3139,#3140,#3141,#3142,#3143
,#3144,#3145,#3146,#3147,#3148,#3149,#3150,#3151,#3152,#3153,#3154,#3155,#3156
),.UNSPECIFIED.,.F.,.F.,(2,1,1,1,1,1,1,1,1,1,1,1,1,1,1,1,1,1,1,2),(0.,1.,2.,3.
,4.,5.,6.,7.,8.,9.,10.,11.,12.,13.,14.,15.,16.,17.,18.,19.),.UNSPECIFIED.);
#881=B_SPLINE_CURVE_WITH_KNOTS('',1,(#3157,#3158,#3159,#3160,#3161,#3162,#3163
,#3164,#3165,#3166,#3167,#3168,#3169,#3170,#3171,#3172,#3173,#3174,#3175,#3176
,#3177,#3178,#3179,#3180,#3181,#3182,#3183,#3184,#3185,#3186,#3187),
.UNSPECIFIED.,.F.,.F.,(2,1,1,1,1,1,1,1,1,1,1,1,1,1,1,1,1,1,1,1,1,1,1,1,1,1,1,1
,1,1,2),(0.,1.,2.,3.,4.,5.,6.,7.,8.,9.,10.,11.,12.,13.,14.,15.,16.,17.,18.,19.
,20.,21.,22.,23.,24.,25.,26.,27.,28.,29.,30.),.UNSPECIFIED.);
#882=B_SPLINE_CURVE_WITH_KNOTS('',1,(#3188,#3189,#3190,#3191,#3192,#3193,#3194
,#3195,#3196,#3197,#3198,#3199,#3200,#3201,#3202,#3203,#3204,#3205,#3206,#3207
,#3208,#3209,#3210,#3211,#3212,#3213,#3214,#3215,#3216,#3217,#3218,#3219,#3220
,#3221,#3222,#3223,#3224,#3225,#3226,#3227,#3228,#3229,#3230,#3231,#3232,#3233
,#3234,#3235,#3236,#3237,#3238,#3239,#3240,#3241,#3242,#3243,#3244,#3245,#3246
,#3247,#3248),.UNSPECIFIED.,.F.,.F.,(2,1,1,1,1,1,1,1,1,1,1,1,1,1,1,1,1,1,1,1,1
,1,1,1,1,1,1,1,1,1,1,1,1,1,1,1,1,1,1,1,1,1,1,1,1,1,1,1,1,1,1,1,1,1,1,1,1,1,1,1
,2),(0.,1.,2.,3.,4.,5.,6.,7.,8.,9.,10.,11.,12.,13.,14.,15.,16.,17.,18.,19.,20.
,21.,22.,23.,24.,25.,26.,27.,28.,29.,30.,31.,32.,33.,34.,35.,36.,37.,38.,39.,
40.,41.,42.,43.,44.,45.,46.,47.,48.,49.,50.,51.,52.,53.,54.,55.,56.,57.,58.,
59.,60.),.UNSPECIFIED.);
#883=B_SPLINE_CURVE_WITH_KNOTS('',1,(#3249,#3250),.UNSPECIFIED.,.F.,.F.,(2,2),
(0.,1.),.UNSPECIFIED.);
#884=B_SPLINE_CURVE_WITH_KNOTS('',1,(#3251,#3252,#3253,#3254,#3255,#3256,#3257
,#3258,#3259,#3260,#3261,#3262,#3263,#3264,#3265,#3266,#3267,#3268,#3269,#3270
,#3271,#3272,#3273,#3274,#3275,#3276,#3277,#3278,#3279,#3280,#3281,#3282),
.UNSPECIFIED.,.F.,.F.,(2,1,1,1,1,1,1,1,1,1,1,1,1,1,1,1,1,1,1,1,1,1,1,1,1,1,1,1
,1,1,1,2),(0.,1.,2.,3.,4.,5.,6.,7.,8.,9.,10.,11.,12.,13.,14.,15.,16.,17.,18.,
19.,20.,21.,22.,23.,24.,25.,26.,27.,28.,29.,30.,31.),.UNSPECIFIED.);
#885=B_SPLINE_CURVE_WITH_KNOTS('',1,(#3283,#3284),.UNSPECIFIED.,.F.,.F.,(2,2),
(0.,1.),.UNSPECIFIED.);
#886=B_SPLINE_CURVE_WITH_KNOTS('',1,(#3285,#3286,#3287,#3288,#3289,#3290,#3291
,#3292,#3293,#3294,#3295,#3296,#3297,#3298,#3299,#3300,#3301,#3302,#3303,#3304
,#3305,#3306,#3307,#3308,#3309,#3310,#3311,#3312,#3313),.UNSPECIFIED.,.F.,.F.,
(2,1,1,1,1,1,1,1,1,1,1,1,1,1,1,1,1,1,1,1,1,1,1,1,1,1,1,1,2),(0.,1.,2.,3.,4.,5.
,6.,7.,8.,9.,10.,11.,12.,13.,14.,15.,16.,17.,18.,19.,20.,21.,22.,23.,24.,25.,
26.,27.,28.),.UNSPECIFIED.);
#887=B_SPLINE_CURVE_WITH_KNOTS('',1,(#3314,#3315),.UNSPECIFIED.,.F.,.F.,(2,2),
(0.,1.),.UNSPECIFIED.);
#888=B_SPLINE_CURVE_WITH_KNOTS('',1,(#3316,#3317),.UNSPECIFIED.,.F.,.F.,(2,2),
(0.,1.),.UNSPECIFIED.);
#889=B_SPLINE_CURVE_WITH_KNOTS('',1,(#3318,#3319,#3320,#3321,#3322,#3323,#3324
,#3325,#3326,#3327,#3328,#3329,#3330,#3331,#3332,#3333,#3334,#3335,#3336,#3337
,#3338,#3339,#3340,#3341,#3342,#3343,#3344,#3345,#3346,#3347,#3348,#3349,#3350
,#3351,#3352,#3353,#3354,#3355,#3356,#3357,#3358,#3359,#3360,#3361,#3362,#3363
,#3364,#3365,#3366,#3367,#3368,#3369,#3370,#3371,#3372,#3373,#3374,#3375,#3376
,#3377,#3378,#3379,#3380,#3381,#3382),.UNSPECIFIED.,.F.,.F.,(2,1,1,1,1,1,1,1,1
,1,1,1,1,1,1,1,1,1,1,1,1,1,1,1,1,1,1,1,1,1,1,1,1,1,1,1,1,1,1,1,1,1,1,1,1,1,1,1
,1,1,1,1,1,1,1,1,1,1,1,1,1,1,1,1,2),(0.,1.,2.,3.,4.,5.,6.,7.,8.,9.,10.,11.,12.
,13.,14.,15.,16.,17.,18.,19.,20.,21.,22.,23.,24.,25.,26.,27.,28.,29.,30.,31.,
32.,33.,34.,35.,36.,37.,38.,39.,40.,41.,42.,43.,44.,45.,46.,47.,48.,49.,50.,
51.,52.,53.,54.,55.,56.,57.,58.,59.,60.,61.,62.,63.,64.),.UNSPECIFIED.);
#890=B_SPLINE_CURVE_WITH_KNOTS('',1,(#3383,#3384,#3385,#3386,#3387,#3388,#3389
,#3390,#3391,#3392,#3393,#3394,#3395,#3396,#3397,#3398,#3399,#3400,#3401,#3402
,#3403,#3404,#3405,#3406,#3407,#3408,#3409,#3410,#3411,#3412,#3413,#3414,#3415
,#3416,#3417,#3418,#3419,#3420,#3421,#3422,#3423),.UNSPECIFIED.,.F.,.F.,(2,1,1
,1,1,1,1,1,1,1,1,1,1,1,1,1,1,1,1,1,1,1,1,1,1,1,1,1,1,1,1,1,1,1,1,1,1,1,1,1,2),
(0.,1.,2.,3.,4.,5.,6.,7.,8.,9.,10.,11.,12.,13.,14.,15.,16.,17.,18.,19.,20.,21.
,22.,23.,24.,25.,26.,27.,28.,29.,30.,31.,32.,33.,34.,35.,36.,37.,38.,39.,40.),
.UNSPECIFIED.);
#891=B_SPLINE_CURVE_WITH_KNOTS('',1,(#3424,#3425),.UNSPECIFIED.,.F.,.F.,(2,2),
(0.,1.),.UNSPECIFIED.);
#892=B_SPLINE_CURVE_WITH_KNOTS('',1,(#3426,#3427),.UNSPECIFIED.,.F.,.F.,(2,2),
(0.,1.),.UNSPECIFIED.);
#893=B_SPLINE_CURVE_WITH_KNOTS('',1,(#3428,#3429),.UNSPECIFIED.,.F.,.F.,(2,2),
(0.,1.),.UNSPECIFIED.);
#894=B_SPLINE_CURVE_WITH_KNOTS('',1,(#3430,#3431),.UNSPECIFIED.,.F.,.F.,(2,2),
(0.,1.),.UNSPECIFIED.);
#895=B_SPLINE_CURVE_WITH_KNOTS('',1,(#3432,#3433),.UNSPECIFIED.,.F.,.F.,(2,2),
(0.,1.),.UNSPECIFIED.);
#896=B_SPLINE_CURVE_WITH_KNOTS('',1,(#3434,#3435),.UNSPECIFIED.,.F.,.F.,(2,2),
(0.,1.),.UNSPECIFIED.);
#897=B_SPLINE_CURVE_WITH_KNOTS('',1,(#3436,#3437),.UNSPECIFIED.,.F.,.F.,(2,2),
(0.,1.),.UNSPECIFIED.);
#898=B_SPLINE_CURVE_WITH_KNOTS('',1,(#3438,#3439),.UNSPECIFIED.,.F.,.F.,(2,2),
(0.,1.),.UNSPECIFIED.);
#899=B_SPLINE_CURVE_WITH_KNOTS('',1,(#3440,#3441),.UNSPECIFIED.,.F.,.F.,(2,2),
(0.,1.),.UNSPECIFIED.);
#900=B_SPLINE_CURVE_WITH_KNOTS('',1,(#3442,#3443,#3444,#3445,#3446,#3447,#3448
,#3449,#3450,#3451,#3452,#3453,#3454,#3455,#3456,#3457,#3458),.UNSPECIFIED.,
.F.,.F.,(2,1,1,1,1,1,1,1,1,1,1,1,1,1,1,1,2),(0.,1.,2.,3.,4.,5.,6.,7.,8.,9.,10.
,11.,12.,13.,14.,15.,16.),.UNSPECIFIED.);
#901=B_SPLINE_CURVE_WITH_KNOTS('',1,(#3459,#3460,#3461,#3462,#3463,#3464,#3465
,#3466,#3467,#3468,#3469),.UNSPECIFIED.,.F.,.F.,(2,1,1,1,1,1,1,1,1,1,2),(0.,1.
,2.,3.,4.,5.,6.,7.,8.,9.,10.),.UNSPECIFIED.);
#902=B_SPLINE_CURVE_WITH_KNOTS('',1,(#3470,#3471,#3472,#3473,#3474,#3475,#3476
,#3477,#3478,#3479,#3480,#3481,#3482,#3483,#3484,#3485,#3486,#3487,#3488,#3489
,#3490,#3491,#3492,#3493,#3494,#3495,#3496,#3497,#3498,#3499,#3500,#3501,#3502
,#3503,#3504,#3505,#3506,#3507,#3508,#3509,#3510,#3511,#3512,#3513,#3514),
.UNSPECIFIED.,.F.,.F.,(2,1,1,1,1,1,1,1,1,1,1,1,1,1,1,1,1,1,1,1,1,1,1,1,1,1,1,1
,1,1,1,1,1,1,1,1,1,1,1,1,1,1,1,1,2),(0.,1.,2.,3.,4.,5.,6.,7.,8.,9.,10.,11.,12.
,13.,14.,15.,16.,17.,18.,19.,20.,21.,22.,23.,24.,25.,26.,27.,28.,29.,30.,31.,
32.,33.,34.,35.,36.,37.,38.,39.,40.,41.,42.,43.,44.),.UNSPECIFIED.);
#903=B_SPLINE_CURVE_WITH_KNOTS('',1,(#3515,#3516,#3517,#3518,#3519,#3520,#3521
,#3522,#3523,#3524,#3525,#3526,#3527,#3528,#3529,#3530,#3531,#3532,#3533,#3534
,#3535,#3536,#3537,#3538,#3539,#3540,#3541,#3542,#3543,#3544,#3545,#3546),
.UNSPECIFIED.,.F.,.F.,(2,1,1,1,1,1,1,1,1,1,1,1,1,1,1,1,1,1,1,1,1,1,1,1,1,1,1,1
,1,1,1,2),(0.,1.,2.,3.,4.,5.,6.,7.,8.,9.,10.,11.,12.,13.,14.,15.,16.,17.,18.,
19.,20.,21.,22.,23.,24.,25.,26.,27.,28.,29.,30.,31.),.UNSPECIFIED.);
#904=B_SPLINE_CURVE_WITH_KNOTS('',1,(#3547,#3548),.UNSPECIFIED.,.F.,.F.,(2,2),
(0.,1.),.UNSPECIFIED.);
#905=B_SPLINE_CURVE_WITH_KNOTS('',1,(#3549,#3550,#3551,#3552,#3553,#3554,#3555
,#3556,#3557,#3558,#3559,#3560,#3561,#3562,#3563,#3564,#3565,#3566,#3567,#3568
,#3569,#3570,#3571,#3572,#3573,#3574,#3575,#3576,#3577),.UNSPECIFIED.,.F.,.F.,
(2,1,1,1,1,1,1,1,1,1,1,1,1,1,1,1,1,1,1,1,1,1,1,1,1,1,1,1,2),(0.,1.,2.,3.,4.,5.
,6.,7.,8.,9.,10.,11.,12.,13.,14.,15.,16.,17.,18.,19.,20.,21.,22.,23.,24.,25.,
26.,27.,28.),.UNSPECIFIED.);
#906=B_SPLINE_CURVE_WITH_KNOTS('',1,(#3578,#3579),.UNSPECIFIED.,.F.,.F.,(2,2),
(0.,1.),.UNSPECIFIED.);
#907=B_SPLINE_CURVE_WITH_KNOTS('',1,(#3580,#3581,#3582,#3583,#3584,#3585,#3586
,#3587,#3588,#3589,#3590,#3591,#3592,#3593,#3594,#3595,#3596,#3597,#3598,#3599
,#3600,#3601,#3602,#3603,#3604,#3605,#3606,#3607,#3608,#3609,#3610,#3611),
.UNSPECIFIED.,.F.,.F.,(2,1,1,1,1,1,1,1,1,1,1,1,1,1,1,1,1,1,1,1,1,1,1,1,1,1,1,1
,1,1,1,2),(0.,1.,2.,3.,4.,5.,6.,7.,8.,9.,10.,11.,12.,13.,14.,15.,16.,17.,18.,
19.,20.,21.,22.,23.,24.,25.,26.,27.,28.,29.,30.,31.),.UNSPECIFIED.);
#908=B_SPLINE_CURVE_WITH_KNOTS('',1,(#3612,#3613),.UNSPECIFIED.,.F.,.F.,(2,2),
(0.,1.),.UNSPECIFIED.);
#909=B_SPLINE_CURVE_WITH_KNOTS('',1,(#3614,#3615,#3616,#3617,#3618,#3619,#3620
,#3621,#3622,#3623,#3624,#3625,#3626,#3627,#3628,#3629,#3630,#3631,#3632,#3633
,#3634,#3635,#3636,#3637,#3638,#3639,#3640,#3641,#3642,#3643,#3644,#3645,#3646
,#3647,#3648,#3649,#3650,#3651,#3652,#3653,#3654,#3655,#3656,#3657,#3658,#3659
,#3660,#3661,#3662,#3663,#3664,#3665,#3666,#3667,#3668,#3669,#3670,#3671,#3672
,#3673,#3674),.UNSPECIFIED.,.F.,.F.,(2,1,1,1,1,1,1,1,1,1,1,1,1,1,1,1,1,1,1,1,1
,1,1,1,1,1,1,1,1,1,1,1,1,1,1,1,1,1,1,1,1,1,1,1,1,1,1,1,1,1,1,1,1,1,1,1,1,1,1,1
,2),(0.,1.,2.,3.,4.,5.,6.,7.,8.,9.,10.,11.,12.,13.,14.,15.,16.,17.,18.,19.,20.
,21.,22.,23.,24.,25.,26.,27.,28.,29.,30.,31.,32.,33.,34.,35.,36.,37.,38.,39.,
40.,41.,42.,43.,44.,45.,46.,47.,48.,49.,50.,51.,52.,53.,54.,55.,56.,57.,58.,
59.,60.),.UNSPECIFIED.);
#910=B_SPLINE_CURVE_WITH_KNOTS('',1,(#3675,#3676,#3677,#3678,#3679,#3680,#3681
,#3682,#3683,#3684,#3685,#3686,#3687,#3688,#3689,#3690,#3691,#3692,#3693,#3694
,#3695,#3696,#3697,#3698,#3699,#3700,#3701,#3702,#3703,#3704,#3705),
.UNSPECIFIED.,.F.,.F.,(2,1,1,1,1,1,1,1,1,1,1,1,1,1,1,1,1,1,1,1,1,1,1,1,1,1,1,1
,1,1,2),(0.,1.,2.,3.,4.,5.,6.,7.,8.,9.,10.,11.,12.,13.,14.,15.,16.,17.,18.,19.
,20.,21.,22.,23.,24.,25.,26.,27.,28.,29.,30.),.UNSPECIFIED.);
#911=B_SPLINE_CURVE_WITH_KNOTS('',1,(#3706,#3707,#3708,#3709,#3710,#3711,#3712
,#3713,#3714,#3715,#3716,#3717,#3718,#3719,#3720,#3721,#3722,#3723,#3724,#3725
),.UNSPECIFIED.,.F.,.F.,(2,1,1,1,1,1,1,1,1,1,1,1,1,1,1,1,1,1,1,2),(0.,1.,2.,3.
,4.,5.,6.,7.,8.,9.,10.,11.,12.,13.,14.,15.,16.,17.,18.,19.),.UNSPECIFIED.);
#912=B_SPLINE_CURVE_WITH_KNOTS('',1,(#3726,#3727),.UNSPECIFIED.,.F.,.F.,(2,2),
(0.,1.),.UNSPECIFIED.);
#913=B_SPLINE_CURVE_WITH_KNOTS('',1,(#3728,#3729,#3730,#3731,#3732,#3733,#3734
,#3735,#3736,#3737,#3738,#3739,#3740,#3741,#3742,#3743,#3744,#3745,#3746,#3747
,#3748,#3749,#3750,#3751,#3752),.UNSPECIFIED.,.F.,.F.,(2,1,1,1,1,1,1,1,1,1,1,1
,1,1,1,1,1,1,1,1,1,1,1,1,2),(0.,1.,2.,3.,4.,5.,6.,7.,8.,9.,10.,11.,12.,13.,14.
,15.,16.,17.,18.,19.,20.,21.,22.,23.,24.),.UNSPECIFIED.);
#914=B_SPLINE_CURVE_WITH_KNOTS('',1,(#3753,#3754),.UNSPECIFIED.,.F.,.F.,(2,2),
(0.,1.),.UNSPECIFIED.);
#915=B_SPLINE_CURVE_WITH_KNOTS('',1,(#3755,#3756,#3757,#3758,#3759,#3760,#3761
,#3762,#3763,#3764,#3765,#3766,#3767,#3768,#3769,#3770,#3771,#3772,#3773,#3774
,#3775,#3776,#3777,#3778,#3779,#3780,#3781,#3782,#3783,#3784,#3785,#3786,#3787
,#3788,#3789,#3790,#3791,#3792,#3793,#3794,#3795,#3796,#3797,#3798,#3799,#3800
,#3801,#3802,#3803,#3804,#3805,#3806,#3807,#3808,#3809,#3810,#3811,#3812,#3813
,#3814,#3815,#3816,#3817,#3818,#3819,#3820,#3821,#3822,#3823,#3824,#3825),
.UNSPECIFIED.,.F.,.F.,(2,1,1,1,1,1,1,1,1,1,1,1,1,1,1,1,1,1,1,1,1,1,1,1,1,1,1,1
,1,1,1,1,1,1,1,1,1,1,1,1,1,1,1,1,1,1,1,1,1,1,1,1,1,1,1,1,1,1,1,1,1,1,1,1,1,1,1
,1,1,1,2),(0.,1.,2.,3.,4.,5.,6.,7.,8.,9.,10.,11.,12.,13.,14.,15.,16.,17.,18.,
19.,20.,21.,22.,23.,24.,25.,26.,27.,28.,29.,30.,31.,32.,33.,34.,35.,36.,37.,
38.,39.,40.,41.,42.,43.,44.,45.,46.,47.,48.,49.,50.,51.,52.,53.,54.,55.,56.,
57.,58.,59.,60.,61.,62.,63.,64.,65.,66.,67.,68.,69.,70.),.UNSPECIFIED.);
#916=B_SPLINE_CURVE_WITH_KNOTS('',1,(#3826,#3827),.UNSPECIFIED.,.F.,.F.,(2,2),
(0.,1.),.UNSPECIFIED.);
#917=B_SPLINE_CURVE_WITH_KNOTS('',1,(#3828,#3829,#3830,#3831,#3832,#3833,#3834
,#3835,#3836,#3837,#3838,#3839,#3840,#3841,#3842,#3843,#3844,#3845,#3846,#3847
,#3848),.UNSPECIFIED.,.F.,.F.,(2,1,1,1,1,1,1,1,1,1,1,1,1,1,1,1,1,1,1,1,2),(0.,
1.,2.,3.,4.,5.,6.,7.,8.,9.,10.,11.,12.,13.,14.,15.,16.,17.,18.,19.,20.),
.UNSPECIFIED.);
#918=B_SPLINE_CURVE_WITH_KNOTS('',1,(#3849,#3850),.UNSPECIFIED.,.F.,.F.,(2,2),
(0.,1.),.UNSPECIFIED.);
#919=B_SPLINE_CURVE_WITH_KNOTS('',1,(#3851,#3852),.UNSPECIFIED.,.F.,.F.,(2,2),
(0.,1.),.UNSPECIFIED.);
#920=B_SPLINE_CURVE_WITH_KNOTS('',1,(#3853,#3854),.UNSPECIFIED.,.F.,.F.,(2,2),
(0.,1.),.UNSPECIFIED.);
#921=B_SPLINE_CURVE_WITH_KNOTS('',1,(#3855,#3856),.UNSPECIFIED.,.F.,.F.,(2,2),
(0.,1.),.UNSPECIFIED.);
#922=B_SPLINE_CURVE_WITH_KNOTS('',1,(#3857,#3858,#3859,#3860,#3861,#3862,#3863
,#3864,#3865,#3866,#3867,#3868,#3869,#3870,#3871,#3872,#3873,#3874,#3875,#3876
,#3877,#3878,#3879,#3880,#3881,#3882,#3883,#3884,#3885,#3886,#3887,#3888),
.UNSPECIFIED.,.F.,.F.,(2,1,1,1,1,1,1,1,1,1,1,1,1,1,1,1,1,1,1,1,1,1,1,1,1,1,1,1
,1,1,1,2),(0.,1.,2.,3.,4.,5.,6.,7.,8.,9.,10.,11.,12.,13.,14.,15.,16.,17.,18.,
19.,20.,21.,22.,23.,24.,25.,26.,27.,28.,29.,30.,31.),.UNSPECIFIED.);
#923=B_SPLINE_CURVE_WITH_KNOTS('',1,(#3889,#3890,#3891,#3892,#3893,#3894,#3895
,#3896,#3897,#3898,#3899,#3900,#3901,#3902,#3903,#3904,#3905,#3906,#3907,#3908
,#3909,#3910,#3911,#3912,#3913,#3914,#3915,#3916,#3917,#3918,#3919,#3920,#3921
,#3922,#3923,#3924,#3925,#3926,#3927,#3928,#3929,#3930,#3931,#3932,#3933),
.UNSPECIFIED.,.F.,.F.,(2,1,1,1,1,1,1,1,1,1,1,1,1,1,1,1,1,1,1,1,1,1,1,1,1,1,1,1
,1,1,1,1,1,1,1,1,1,1,1,1,1,1,1,1,2),(0.,1.,2.,3.,4.,5.,6.,7.,8.,9.,10.,11.,12.
,13.,14.,15.,16.,17.,18.,19.,20.,21.,22.,23.,24.,25.,26.,27.,28.,29.,30.,31.,
32.,33.,34.,35.,36.,37.,38.,39.,40.,41.,42.,43.,44.),.UNSPECIFIED.);
#924=B_SPLINE_CURVE_WITH_KNOTS('',1,(#3934,#3935,#3936,#3937,#3938,#3939,#3940
,#3941,#3942,#3943,#3944),.UNSPECIFIED.,.F.,.F.,(2,1,1,1,1,1,1,1,1,1,2),(0.,1.
,2.,3.,4.,5.,6.,7.,8.,9.,10.),.UNSPECIFIED.);
#925=B_SPLINE_CURVE_WITH_KNOTS('',1,(#3945,#3946,#3947,#3948,#3949,#3950,#3951
,#3952,#3953,#3954,#3955,#3956,#3957,#3958,#3959,#3960,#3961),.UNSPECIFIED.,
.F.,.F.,(2,1,1,1,1,1,1,1,1,1,1,1,1,1,1,1,2),(0.,1.,2.,3.,4.,5.,6.,7.,8.,9.,10.
,11.,12.,13.,14.,15.,16.),.UNSPECIFIED.);
#926=B_SPLINE_CURVE_WITH_KNOTS('',1,(#3962,#3963),.UNSPECIFIED.,.F.,.F.,(2,2),
(0.,1.),.UNSPECIFIED.);
#927=B_SPLINE_CURVE_WITH_KNOTS('',1,(#3964,#3965),.UNSPECIFIED.,.F.,.F.,(2,2),
(0.,1.),.UNSPECIFIED.);
#928=B_SPLINE_CURVE_WITH_KNOTS('',1,(#3966,#3967),.UNSPECIFIED.,.F.,.F.,(2,2),
(0.,1.),.UNSPECIFIED.);
#929=B_SPLINE_CURVE_WITH_KNOTS('',1,(#3968,#3969),.UNSPECIFIED.,.F.,.F.,(2,2),
(0.,1.),.UNSPECIFIED.);
#930=B_SPLINE_CURVE_WITH_KNOTS('',1,(#3970,#3971),.UNSPECIFIED.,.F.,.F.,(2,2),
(0.,1.),.UNSPECIFIED.);
#931=B_SPLINE_CURVE_WITH_KNOTS('',1,(#3972,#3973),.UNSPECIFIED.,.F.,.F.,(2,2),
(0.,1.),.UNSPECIFIED.);
#932=B_SPLINE_CURVE_WITH_KNOTS('',1,(#3974,#3975),.UNSPECIFIED.,.F.,.F.,(2,2),
(0.,1.),.UNSPECIFIED.);
#933=B_SPLINE_CURVE_WITH_KNOTS('',1,(#3976,#3977),.UNSPECIFIED.,.F.,.F.,(2,2),
(0.,1.),.UNSPECIFIED.);
#934=B_SPLINE_CURVE_WITH_KNOTS('',1,(#3978,#3979),.UNSPECIFIED.,.F.,.F.,(2,2),
(0.,1.),.UNSPECIFIED.);
#935=B_SPLINE_CURVE_WITH_KNOTS('',1,(#3980,#3981,#3982,#3983,#3984,#3985,#3986
,#3987,#3988,#3989,#3990,#3991,#3992,#3993,#3994,#3995,#3996,#3997,#3998,#3999
,#4000,#4001,#4002,#4003,#4004,#4005,#4006,#4007,#4008,#4009,#4010,#4011,#4012
,#4013,#4014,#4015,#4016,#4017,#4018,#4019,#4020),.UNSPECIFIED.,.F.,.F.,(2,1,1
,1,1,1,1,1,1,1,1,1,1,1,1,1,1,1,1,1,1,1,1,1,1,1,1,1,1,1,1,1,1,1,1,1,1,1,1,1,2),
(0.,1.,2.,3.,4.,5.,6.,7.,8.,9.,10.,11.,12.,13.,14.,15.,16.,17.,18.,19.,20.,21.
,22.,23.,24.,25.,26.,27.,28.,29.,30.,31.,32.,33.,34.,35.,36.,37.,38.,39.,40.),
.UNSPECIFIED.);
#936=B_SPLINE_CURVE_WITH_KNOTS('',1,(#4021,#4022,#4023,#4024,#4025,#4026,#4027
,#4028,#4029,#4030,#4031,#4032,#4033,#4034,#4035,#4036,#4037,#4038,#4039,#4040
,#4041,#4042,#4043,#4044,#4045,#4046,#4047,#4048,#4049,#4050,#4051,#4052,#4053
,#4054,#4055,#4056,#4057,#4058,#4059,#4060,#4061,#4062,#4063,#4064,#4065,#4066
,#4067,#4068,#4069,#4070,#4071,#4072,#4073,#4074,#4075,#4076,#4077,#4078,#4079
,#4080,#4081,#4082,#4083,#4084,#4085),.UNSPECIFIED.,.F.,.F.,(2,1,1,1,1,1,1,1,1
,1,1,1,1,1,1,1,1,1,1,1,1,1,1,1,1,1,1,1,1,1,1,1,1,1,1,1,1,1,1,1,1,1,1,1,1,1,1,1
,1,1,1,1,1,1,1,1,1,1,1,1,1,1,1,1,2),(0.,1.,2.,3.,4.,5.,6.,7.,8.,9.,10.,11.,12.
,13.,14.,15.,16.,17.,18.,19.,20.,21.,22.,23.,24.,25.,26.,27.,28.,29.,30.,31.,
32.,33.,34.,35.,36.,37.,38.,39.,40.,41.,42.,43.,44.,45.,46.,47.,48.,49.,50.,
51.,52.,53.,54.,55.,56.,57.,58.,59.,60.,61.,62.,63.,64.),.UNSPECIFIED.);
#937=B_SPLINE_CURVE_WITH_KNOTS('',1,(#4086,#4087),.UNSPECIFIED.,.F.,.F.,(2,2),
(0.,1.),.UNSPECIFIED.);
#938=VERTEX_POINT('',#1262);
#939=VERTEX_POINT('',#1263);
#940=VERTEX_POINT('',#1264);
#941=VERTEX_POINT('',#1265);
#942=VERTEX_POINT('',#1266);
#943=VERTEX_POINT('',#1267);
#944=VERTEX_POINT('',#1268);
#945=VERTEX_POINT('',#1269);
#946=VERTEX_POINT('',#1270);
#947=VERTEX_POINT('',#1271);
#948=VERTEX_POINT('',#1272);
#949=VERTEX_POINT('',#1273);
#950=VERTEX_POINT('',#1274);
#951=VERTEX_POINT('',#1275);
#952=VERTEX_POINT('',#1276);
#953=VERTEX_POINT('',#1277);
#954=VERTEX_POINT('',#1278);
#955=VERTEX_POINT('',#1279);
#956=VERTEX_POINT('',#1280);
#957=VERTEX_POINT('',#1281);
#958=VERTEX_POINT('',#1282);
#959=VERTEX_POINT('',#1283);
#960=VERTEX_POINT('',#1284);
#961=VERTEX_POINT('',#1285);
#962=VERTEX_POINT('',#1286);
#963=VERTEX_POINT('',#1287);
#964=VERTEX_POINT('',#1288);
#965=VERTEX_POINT('',#1289);
#966=VERTEX_POINT('',#1290);
#967=VERTEX_POINT('',#1291);
#968=VERTEX_POINT('',#1292);
#969=VERTEX_POINT('',#1293);
#970=VERTEX_POINT('',#1294);
#971=VERTEX_POINT('',#1295);
#972=VERTEX_POINT('',#1296);
#973=VERTEX_POINT('',#1297);
#974=VERTEX_POINT('',#1298);
#975=VERTEX_POINT('',#1299);
#976=VERTEX_POINT('',#1300);
#977=VERTEX_POINT('',#1301);
#978=VERTEX_POINT('',#1302);
#979=VERTEX_POINT('',#1303);
#980=VERTEX_POINT('',#1304);
#981=VERTEX_POINT('',#1305);
#982=VERTEX_POINT('',#1306);
#983=VERTEX_POINT('',#1307);
#984=VERTEX_POINT('',#1308);
#985=VERTEX_POINT('',#1309);
#986=VERTEX_POINT('',#1310);
#987=VERTEX_POINT('',#1311);
#988=VERTEX_POINT('',#1312);
#989=VERTEX_POINT('',#1313);
#990=VERTEX_POINT('',#1314);
#991=VERTEX_POINT('',#1315);
#992=VERTEX_POINT('',#1316);
#993=VERTEX_POINT('',#1317);
#994=VERTEX_POINT('',#1318);
#995=VERTEX_POINT('',#1319);
#996=VERTEX_POINT('',#1320);
#997=VERTEX_POINT('',#1321);
#998=VERTEX_POINT('',#1322);
#999=VERTEX_POINT('',#1323);
#1000=VERTEX_POINT('',#1324);
#1001=VERTEX_POINT('',#1325);
#1002=VERTEX_POINT('',#1326);
#1003=VERTEX_POINT('',#1327);
#1004=VERTEX_POINT('',#1328);
#1005=VERTEX_POINT('',#1329);
#1006=VERTEX_POINT('',#1330);
#1007=VERTEX_POINT('',#1331);
#1008=VERTEX_POINT('',#1332);
#1009=VERTEX_POINT('',#1333);
#1010=VERTEX_POINT('',#1334);
#1011=VERTEX_POINT('',#1335);
#1012=VERTEX_POINT('',#1336);
#1013=VERTEX_POINT('',#1337);
#1014=VERTEX_POINT('',#1338);
#1015=VERTEX_POINT('',#1339);
#1016=VERTEX_POINT('',#1340);
#1017=VERTEX_POINT('',#1341);
#1018=VERTEX_POINT('',#1342);
#1019=VERTEX_POINT('',#1343);
#1020=VERTEX_POINT('',#1344);
#1021=VERTEX_POINT('',#1345);
#1022=VERTEX_POINT('',#1346);
#1023=VERTEX_POINT('',#1347);
#1024=VERTEX_POINT('',#1348);
#1025=VERTEX_POINT('',#1349);
#1026=VERTEX_POINT('',#1350);
#1027=VERTEX_POINT('',#1351);
#1028=VERTEX_POINT('',#1352);
#1029=VERTEX_POINT('',#1353);
#1030=VERTEX_POINT('',#1354);
#1031=VERTEX_POINT('',#1355);
#1032=VERTEX_POINT('',#1356);
#1033=VERTEX_POINT('',#1357);
#1034=VERTEX_POINT('',#1358);
#1035=VERTEX_POINT('',#1359);
#1036=VERTEX_POINT('',#1360);
#1037=VERTEX_POINT('',#1361);
#1038=VERTEX_POINT('',#1362);
#1039=VERTEX_POINT('',#1363);
#1040=VERTEX_POINT('',#1364);
#1041=VERTEX_POINT('',#1365);
#1042=VERTEX_POINT('',#1366);
#1043=VERTEX_POINT('',#1367);
#1044=VERTEX_POINT('',#1368);
#1045=VERTEX_POINT('',#1369);
#1046=VERTEX_POINT('',#1370);
#1047=VERTEX_POINT('',#1371);
#1048=VERTEX_POINT('',#1372);
#1049=VERTEX_POINT('',#1373);
#1050=VERTEX_POINT('',#1374);
#1051=VERTEX_POINT('',#1375);
#1052=VERTEX_POINT('',#1376);
#1053=VERTEX_POINT('',#1377);
#1054=VERTEX_POINT('',#1378);
#1055=VERTEX_POINT('',#1379);
#1056=VERTEX_POINT('',#1380);
#1057=VERTEX_POINT('',#1381);
#1058=VERTEX_POINT('',#1382);
#1059=VERTEX_POINT('',#1383);
#1060=VERTEX_POINT('',#1384);
#1061=VERTEX_POINT('',#1385);
#1062=VERTEX_POINT('',#1386);
#1063=VERTEX_POINT('',#1387);
#1064=VERTEX_POINT('',#1388);
#1065=VERTEX_POINT('',#1389);
#1066=VERTEX_POINT('',#1390);
#1067=VERTEX_POINT('',#1391);
#1068=VERTEX_POINT('',#1392);
#1069=VERTEX_POINT('',#1393);
#1070=VERTEX_POINT('',#1394);
#1071=VERTEX_POINT('',#1395);
#1072=VERTEX_POINT('',#1396);
#1073=VERTEX_POINT('',#1397);
#1074=VERTEX_POINT('',#1398);
#1075=VERTEX_POINT('',#1399);
#1076=VERTEX_POINT('',#1400);
#1077=VERTEX_POINT('',#1401);
#1078=VERTEX_POINT('',#1402);
#1079=VERTEX_POINT('',#1403);
#1080=VERTEX_POINT('',#1404);
#1081=VERTEX_POINT('',#1405);
#1082=VERTEX_POINT('',#1406);
#1083=VERTEX_POINT('',#1407);
#1084=VERTEX_POINT('',#1408);
#1085=VERTEX_POINT('',#1409);
#1086=VERTEX_POINT('',#1410);
#1087=VERTEX_POINT('',#1411);
#1088=VERTEX_POINT('',#1412);
#1089=VERTEX_POINT('',#1413);
#1090=VERTEX_POINT('',#1414);
#1091=VERTEX_POINT('',#1415);
#1092=VERTEX_POINT('',#1416);
#1093=VERTEX_POINT('',#1417);
#1094=VERTEX_POINT('',#1418);
#1095=VERTEX_POINT('',#1419);
#1096=VERTEX_POINT('',#1420);
#1097=VERTEX_POINT('',#1421);
#1098=VERTEX_POINT('',#1422);
#1099=VERTEX_POINT('',#1423);
#1100=VERTEX_POINT('',#1424);
#1101=VERTEX_POINT('',#1425);
#1102=VERTEX_POINT('',#1426);
#1103=VERTEX_POINT('',#1427);
#1104=VERTEX_POINT('',#1428);
#1105=VERTEX_POINT('',#1429);
#1106=VERTEX_POINT('',#1430);
#1107=VERTEX_POINT('',#1431);
#1108=VERTEX_POINT('',#1432);
#1109=VERTEX_POINT('',#1433);
#1110=VERTEX_POINT('',#1434);
#1111=VERTEX_POINT('',#1435);
#1112=VERTEX_POINT('',#1436);
#1113=VERTEX_POINT('',#1437);
#1114=VERTEX_POINT('',#1438);
#1115=VERTEX_POINT('',#1439);
#1116=VERTEX_POINT('',#1440);
#1117=VERTEX_POINT('',#1441);
#1118=VERTEX_POINT('',#1442);
#1119=VERTEX_POINT('',#1443);
#1120=VERTEX_POINT('',#1444);
#1121=VERTEX_POINT('',#1445);
#1122=VERTEX_POINT('',#1446);
#1123=VERTEX_POINT('',#1447);
#1124=VERTEX_POINT('',#1448);
#1125=VERTEX_POINT('',#1449);
#1126=VERTEX_POINT('',#1450);
#1127=VERTEX_POINT('',#1451);
#1128=VERTEX_POINT('',#1452);
#1129=VERTEX_POINT('',#1453);
#1130=VERTEX_POINT('',#1454);
#1131=VERTEX_POINT('',#1455);
#1132=VERTEX_POINT('',#1456);
#1133=VERTEX_POINT('',#1457);
#1134=VERTEX_POINT('',#1458);
#1135=VERTEX_POINT('',#1459);
#1136=VERTEX_POINT('',#1460);
#1137=VERTEX_POINT('',#1461);
#1138=VERTEX_POINT('',#1462);
#1139=VERTEX_POINT('',#1463);
#1140=VERTEX_POINT('',#1464);
#1141=VERTEX_POINT('',#1465);
#1142=VERTEX_POINT('',#1466);
#1143=VERTEX_POINT('',#1467);
#1144=VERTEX_POINT('',#1468);
#1145=VERTEX_POINT('',#1469);
#1146=VERTEX_POINT('',#1470);
#1147=VERTEX_POINT('',#1471);
#1148=SHAPE_DEFINITION_REPRESENTATION(#4180,#1149);
#1149=SHAPE_REPRESENTATION('master',(#1150),#4182);
#1150=AXIS2_PLACEMENT_3D('',#1261,#1188,#1187);
#1151=AXIS2_PLACEMENT_3D('',#4088,#1190,#1189);
#1152=AXIS2_PLACEMENT_3D('',#4089,#1192,#1191);
#1153=AXIS2_PLACEMENT_3D('',#4090,#1194,#1193);
#1154=AXIS2_PLACEMENT_3D('',#4091,#1196,#1195);
#1155=AXIS2_PLACEMENT_3D('',#4092,#1198,#1197);
#1156=AXIS2_PLACEMENT_3D('',#4093,#1200,#1199);
#1157=AXIS2_PLACEMENT_3D('',#4094,#1202,#1201);
#1158=AXIS2_PLACEMENT_3D('',#4127,#1204,#1203);
#1159=AXIS2_PLACEMENT_3D('',#4128,#1206,#1205);
#1160=AXIS2_PLACEMENT_3D('',#4129,#1208,#1207);
#1161=AXIS2_PLACEMENT_3D('',#4130,#1210,#1209);
#1162=AXIS2_PLACEMENT_3D('',#4131,#1212,#1211);
#1163=AXIS2_PLACEMENT_3D('',#4132,#1214,#1213);
#1164=AXIS2_PLACEMENT_3D('',#4133,#1216,#1215);
#1165=AXIS2_PLACEMENT_3D('',#4134,#1218,#1217);
#1166=AXIS2_PLACEMENT_3D('',#4135,#1220,#1219);
#1167=AXIS2_PLACEMENT_3D('',#4136,#1222,#1221);
#1168=AXIS2_PLACEMENT_3D('',#4137,#1224,#1223);
#1169=AXIS2_PLACEMENT_3D('',#4138,#1226,#1225);
#1170=AXIS2_PLACEMENT_3D('',#4163,#1228,#1227);
#1171=AXIS2_PLACEMENT_3D('',#4164,#1230,#1229);
#1172=AXIS2_PLACEMENT_3D('',#4165,#1232,#1231);
#1173=AXIS2_PLACEMENT_3D('',#4166,#1234,#1233);
#1174=AXIS2_PLACEMENT_3D('',#4167,#1236,#1235);
#1175=AXIS2_PLACEMENT_3D('',#4168,#1238,#1237);
#1176=AXIS2_PLACEMENT_3D('',#4169,#1240,#1239);
#1177=AXIS2_PLACEMENT_3D('',#4170,#1242,#1241);
#1178=AXIS2_PLACEMENT_3D('',#4171,#1244,#1243);
#1179=AXIS2_PLACEMENT_3D('',#4172,#1246,#1245);
#1180=AXIS2_PLACEMENT_3D('',#4173,#1248,#1247);
#1181=AXIS2_PLACEMENT_3D('',#4174,#1250,#1249);
#1182=AXIS2_PLACEMENT_3D('',#4175,#1252,#1251);
#1183=AXIS2_PLACEMENT_3D('',#4176,#1254,#1253);
#1184=AXIS2_PLACEMENT_3D('',#4177,#1256,#1255);
#1185=AXIS2_PLACEMENT_3D('',#4178,#1258,#1257);
#1186=AXIS2_PLACEMENT_3D('',#4179,#1260,#1259);
#1187=DIRECTION('',(1.,0.,0.));
#1188=DIRECTION('',(0.,0.,1.));
#1189=DIRECTION('',(0.0152330754104224,0.,0.999883969975287));
#1190=DIRECTION('',(0.999883969975287,0.,-0.0152330754104224));
#1191=DIRECTION('',(-0.0941564933740769,0.,0.995557409070666));
#1192=DIRECTION('',(0.,1.,0.));
#1193=DIRECTION('',(-0.,2.27373675443232E-016,1.));
#1194=DIRECTION('',(1.,0.,0.));
#1195=DIRECTION('',(0.998684513716926,-0.,0.0512761354041739));
#1196=DIRECTION('',(0.,1.,0.));
#1197=DIRECTION('',(0.999749897893092,5.08495014084408E-018,0.0223638472260771
));
#1198=DIRECTION('',(0.0223638472260771,0.,-0.999749897893092));
#1199=DIRECTION('',(0.981484972872172,0.,-0.191539155334129));
#1200=DIRECTION('',(0.,1.,0.));
#1201=DIRECTION('',(-0.086587475903848,0.,-0.9962442516856));
#1202=DIRECTION('',(0.,1.,0.));
#1203=DIRECTION('',(0.0308086141461506,-0.,0.999525301978091));
#1204=DIRECTION('',(0.,1.,0.));
#1205=DIRECTION('',(-0.,2.27373675443232E-016,1.));
#1206=DIRECTION('',(1.,0.,0.));
#1207=DIRECTION('',(0.999739402413042,-0.,0.0228282119933382));
#1208=DIRECTION('',(0.,1.,0.));
#1209=DIRECTION('',(1.,0.,0.));
#1210=DIRECTION('',(0.,0.,-1.));
#1211=DIRECTION('',(0.994825493594366,0.,-0.101598411871078));
#1212=DIRECTION('',(0.,1.,0.));
#1213=DIRECTION('',(-0.,2.27373675443232E-016,1.));
#1214=DIRECTION('',(1.,0.,0.));
#1215=DIRECTION('',(0.999683469873532,0.,-0.0251586975341453));
#1216=DIRECTION('',(0.,1.,0.));
#1217=DIRECTION('',(0.980583514170044,4.45884193614921E-017,0.196101942208452)
);
#1218=DIRECTION('',(0.196101942208452,0.,-0.980583514170044));
#1219=DIRECTION('',(0.,1.,0.));
#1220=DIRECTION('',(1.,0.,0.));
#1221=DIRECTION('',(0.995112121700581,2.24534989847571E-017,0.0987515328719883
));
#1222=DIRECTION('',(0.0987515328719883,0.,-0.995112121700581));
#1223=DIRECTION('',(0.00920388311564418,2.27364044660761E-016,
0.999957643370755));
#1224=DIRECTION('',(0.999957643370755,0.,-0.00920388311564418));
#1225=DIRECTION('',(0.993726400292108,-0.,0.111838461016274));
#1226=DIRECTION('',(0.,1.,0.));
#1227=DIRECTION('',(0.999777736547265,-0.,0.0210826351395379));
#1228=DIRECTION('',(0.,1.,0.));
#1229=DIRECTION('',(0.336081174799367,0.,-0.941833023388688));
#1230=DIRECTION('',(0.,1.,0.));
#1231=DIRECTION('',(0.225567657384089,0.,-0.974227505227734));
#1232=DIRECTION('',(0.,1.,0.));
#1233=DIRECTION('',(-0.,-0.,-1.));
#1234=DIRECTION('',(-1.,0.,0.));
#1235=DIRECTION('',(-0.323879628316421,-2.1511784697231E-016,
-0.946098296352772));
#1236=DIRECTION('',(-0.946098296352772,0.,0.323879628316421));
#1237=DIRECTION('',(-0.814961955359791,-1.31766333128589E-016,
-0.579514461697157));
#1238=DIRECTION('',(-0.579514461697157,0.,0.814961955359791));
#1239=DIRECTION('',(-0.98482241801283,-3.94641091973686E-017,
-0.173564987769314));
#1240=DIRECTION('',(-0.173564987769314,0.,0.98482241801283));
#1241=DIRECTION('',(0.,-1.,0.));
#1242=DIRECTION('',(0.,0.,1.));
#1243=DIRECTION('',(0.0232101244590027,2.27312422970381E-016,0.999730608775483
));
#1244=DIRECTION('',(0.999730608775483,0.,-0.0232101244590027));
#1245=DIRECTION('',(-0.,1.,0.));
#1246=DIRECTION('',(0.,0.,-1.));
#1247=DIRECTION('',(0.182712209329965,2.23546167014365E-016,0.983166439908199)
);
#1248=DIRECTION('',(0.983166439908199,0.,-0.182712209329965));
#1249=DIRECTION('',(0.995473840963003,2.16086734492731E-017,0.0950359508731611
));
#1250=DIRECTION('',(0.0950359508731611,0.,-0.995473840963003));
#1251=DIRECTION('',(0.975895892334014,0.,-0.218236585671601));
#1252=DIRECTION('',(0.,1.,0.));
#1253=DIRECTION('',(0.409285927963484,0.,-0.912406175544132));
#1254=DIRECTION('',(0.,1.,0.));
#1255=DIRECTION('',(0.999722763351427,5.35365520196094E-018,0.0235456245826381
));
#1256=DIRECTION('',(0.0235456245826381,0.,-0.999722763351427));
#1257=DIRECTION('',(1.,0.,-0.));
#1258=DIRECTION('',(0.,-1.,0.));
#1259=DIRECTION('',(-1.,0.,0.));
#1260=DIRECTION('',(0.,1.,0.));
#1261=CARTESIAN_POINT('',(0.,0.,0.));
#1262=CARTESIAN_POINT('',(116.511434999859,2000.,235.705973000003));
#1263=CARTESIAN_POINT('',(116.511434999859,0.,235.705973000004));
#1264=CARTESIAN_POINT('',(116.427299999862,0.,230.183434999985));
#1265=CARTESIAN_POINT('',(116.427299999862,2000.,230.183434999985));
#1266=CARTESIAN_POINT('',(118.351698999867,0.,228.630633000002));
#1267=CARTESIAN_POINT('',(118.351698999867,2000.,228.630633000001));
#1268=CARTESIAN_POINT('',(116.427299999859,2000.,230.183434999986));
#1269=CARTESIAN_POINT('',(116.427299999859,0.,230.183434999986));
#1270=CARTESIAN_POINT('',(118.351698999862,2000.,228.630633000001));
#1271=CARTESIAN_POINT('',(118.351698999862,0.,228.630633000002));
#1272=CARTESIAN_POINT('',(118.351698999862,0.,222.33063299999));
#1273=CARTESIAN_POINT('',(118.351698999862,2000.,222.33063299999));
#1274=CARTESIAN_POINT('',(116.281309999859,0.,219.85241199997));
#1275=CARTESIAN_POINT('',(116.281309999859,2000.,219.85241199997));
#1276=CARTESIAN_POINT('',(118.351698999857,2000.,222.33063299999));
#1277=CARTESIAN_POINT('',(118.351698999857,0.,222.33063299999));
#1278=CARTESIAN_POINT('',(116.281309999859,2000.,219.85241199997));
#1279=CARTESIAN_POINT('',(116.281309999859,0.,219.85241199997));
#1280=CARTESIAN_POINT('',(94.9452389998587,0.,219.375135999988));
#1281=CARTESIAN_POINT('',(94.9452389998587,2000.,219.375135999988));
#1282=CARTESIAN_POINT('',(85.5714989998787,0.,212.310868000031));
#1283=CARTESIAN_POINT('',(85.5714989998788,2000.,212.310868000031));
#1284=CARTESIAN_POINT('',(94.9452389998583,2000.,219.375135999988));
#1285=CARTESIAN_POINT('',(94.9452389998583,0.,219.375135999988));
#1286=CARTESIAN_POINT('',(78.423191999911,0.,215.280168000046));
#1287=CARTESIAN_POINT('',(78.4231919999112,2000.,215.280168000045));
#1288=CARTESIAN_POINT('',(85.5714989998787,2000.,212.31086800003));
#1289=CARTESIAN_POINT('',(85.5714989998787,0.,212.31086800003));
#1290=CARTESIAN_POINT('',(78.423191999911,0.,215.280168000046));
#1291=CARTESIAN_POINT('',(60.1022673923676,2000.,221.896779753042));
#1292=CARTESIAN_POINT('',(60.1022673923679,0.,221.896779753042));
#1293=CARTESIAN_POINT('',(50.5011062050257,2000.,220.682754012398));
#1294=CARTESIAN_POINT('',(50.5011062050258,0.,220.682754012399));
#1295=CARTESIAN_POINT('',(39.392723000487,2000.,210.795252000172));
#1296=CARTESIAN_POINT('',(39.3927230004869,0.,210.795252000172));
#1297=CARTESIAN_POINT('',(46.1497610005108,0.,194.785496000304));
#1298=CARTESIAN_POINT('',(47.1405220005094,0.,194.070854000299));
#1299=CARTESIAN_POINT('',(47.1405220005095,2000.,194.070854000298));
#1300=CARTESIAN_POINT('',(47.1405220001879,2000.,194.070854000298));
#1301=CARTESIAN_POINT('',(47.1405220001879,0.,194.070854000299));
#1302=CARTESIAN_POINT('',(47.1405220001879,0.,185.570853999991));
#1303=CARTESIAN_POINT('',(47.1405220001879,2000.,185.57085399999));
#1304=CARTESIAN_POINT('',(45.8728499998656,0.,184.065915999984));
#1305=CARTESIAN_POINT('',(45.8728499998656,2000.,184.065915999984));
#1306=CARTESIAN_POINT('',(47.1405219998661,2000.,185.570853999991));
#1307=CARTESIAN_POINT('',(47.1405219998661,0.,185.570853999991));
#1308=CARTESIAN_POINT('',(45.8728499998656,2000.,184.065915999988));
#1309=CARTESIAN_POINT('',(45.8728499998656,0.,184.065915999988));
#1310=CARTESIAN_POINT('',(39.6728499998672,0.,184.065915999988));
#1311=CARTESIAN_POINT('',(39.6728499998672,2000.,184.065915999988));
#1312=CARTESIAN_POINT('',(27.1836919999206,0.,171.321898000053));
#1313=CARTESIAN_POINT('',(27.1836919999205,2000.,171.321898000053));
#1314=CARTESIAN_POINT('',(39.6728499998671,2000.,184.065915999992));
#1315=CARTESIAN_POINT('',(39.6728499998671,0.,184.065915999992));
#1316=CARTESIAN_POINT('',(27.1836919998889,2000.,171.321898000053));
#1317=CARTESIAN_POINT('',(27.1836919998889,0.,171.321898000053));
#1318=CARTESIAN_POINT('',(27.1836919998889,0.,148.921897999924));
#1319=CARTESIAN_POINT('',(27.1836919998889,2000.,148.921897999924));
#1320=CARTESIAN_POINT('',(26.2047479998541,0.,147.624053999931));
#1321=CARTESIAN_POINT('',(26.204747999854,2000.,147.624053999931));
#1322=CARTESIAN_POINT('',(27.1836919998568,2000.,148.921897999924));
#1323=CARTESIAN_POINT('',(27.1836919998568,0.,148.921897999924));
#1324=CARTESIAN_POINT('',(26.2047479998542,2000.,147.624053999931));
#1325=CARTESIAN_POINT('',(26.2047479998542,0.,147.624053999931));
#1326=CARTESIAN_POINT('',(22.2586609998652,0.,146.834895999986));
#1327=CARTESIAN_POINT('',(22.2586609998652,2000.,146.834895999986));
#1328=CARTESIAN_POINT('',(22.2586609998652,2000.,139.134896000003));
#1329=CARTESIAN_POINT('',(22.2586609998652,2000.,146.834895999985));
#1330=CARTESIAN_POINT('',(22.2586609998652,0.,146.834895999986));
#1331=CARTESIAN_POINT('',(22.2586609998652,0.,139.134896000003));
#1332=CARTESIAN_POINT('',(22.2586609998652,2000.,139.134896000003));
#1333=CARTESIAN_POINT('',(22.2586609998652,0.,139.134896000003));
#1334=CARTESIAN_POINT('',(18.4404019998583,0.,138.755984999996));
#1335=CARTESIAN_POINT('',(18.4404019998583,2000.,138.755984999996));
#1336=CARTESIAN_POINT('',(18.4404019998583,2000.,138.755984999996));
#1337=CARTESIAN_POINT('',(18.4404019998583,0.,138.755984999996));
#1338=CARTESIAN_POINT('',(18.2148549998637,0.,114.251388000004));
#1339=CARTESIAN_POINT('',(18.2148549998637,2000.,114.251388000004));
#1340=CARTESIAN_POINT('',(16.1317229998863,0.,110.964898000009));
#1341=CARTESIAN_POINT('',(16.1317229998862,2000.,110.964898000009));
#1342=CARTESIAN_POINT('',(18.2148549998639,2000.,114.251388000004));
#1343=CARTESIAN_POINT('',(18.2148549998639,0.,114.251388000004));
#1344=CARTESIAN_POINT('',(16.1317229998863,0.,110.964898000009));
#1345=CARTESIAN_POINT('',(12.8934992986383,2000.,108.550106803315));
#1346=CARTESIAN_POINT('',(12.8934992986384,0.,108.550106803315));
#1347=CARTESIAN_POINT('',(12.4425904296627,2000.,106.793696099916));
#1348=CARTESIAN_POINT('',(12.442590429663,0.,106.793696099916));
#1349=CARTESIAN_POINT('',(12.0695279998253,0.,103.083082999322));
#1350=CARTESIAN_POINT('',(7.43050626658839,0.,96.5413223604146));
#1351=CARTESIAN_POINT('',(7.43050626658839,2000.,96.5413223604146));
#1352=CARTESIAN_POINT('',(4.50558131992931,0.,95.7812611857597));
#1353=CARTESIAN_POINT('',(4.50558131992931,2000.,95.7812611857597));
#1354=CARTESIAN_POINT('',(7.43050626658838,2000.,96.5413223604145));
#1355=CARTESIAN_POINT('',(7.43050626658838,0.,96.5413223604145));
#1356=CARTESIAN_POINT('',(3.37507799486048E-014,0.,95.5225549993422));
#1357=CARTESIAN_POINT('',(3.37507799486048E-014,2000.,95.5225549993422));
#1358=CARTESIAN_POINT('',(4.50558131992928,2000.,95.78126118576));
#1359=CARTESIAN_POINT('',(4.50558131992928,0.,95.78126118576));
#1360=CARTESIAN_POINT('',(-6.72883970764815E-011,2000.,95.522554999342));
#1361=CARTESIAN_POINT('',(-6.72883970764815E-011,0.,95.522554999342));
#1362=CARTESIAN_POINT('',(-6.72883970764815E-011,0.,127.522554999991));
#1363=CARTESIAN_POINT('',(-6.72883970764815E-011,2000.,127.522554999991));
#1364=CARTESIAN_POINT('',(-1.34664230009679E-010,2000.,127.522554999991));
#1365=CARTESIAN_POINT('',(-1.34665217623348E-010,0.,127.522554999991));
#1366=CARTESIAN_POINT('',(30.7685646899254,0.,217.401893153504));
#1367=CARTESIAN_POINT('',(30.7685646899252,2000.,217.401893153504));
#1368=CARTESIAN_POINT('',(30.7685646899253,2000.,217.401893153504));
#1369=CARTESIAN_POINT('',(30.7685646899255,0.,217.401893153504));
#1370=CARTESIAN_POINT('',(62.7272104271636,0.,240.127490660457));
#1371=CARTESIAN_POINT('',(62.7272104271634,2000.,240.127490660457));
#1372=CARTESIAN_POINT('',(62.7272104271633,2000.,240.127490660457));
#1373=CARTESIAN_POINT('',(62.7272104271634,0.,240.127490660457));
#1374=CARTESIAN_POINT('',(115.907620999857,0.,249.5));
#1375=CARTESIAN_POINT('',(115.907620999857,2000.,249.5));
#1376=CARTESIAN_POINT('',(115.907620999857,0.,249.5));
#1377=CARTESIAN_POINT('',(175.907620999857,0.,249.5));
#1378=CARTESIAN_POINT('',(175.907620999857,2000.,249.5));
#1379=CARTESIAN_POINT('',(115.907620999857,2000.,249.5));
#1380=CARTESIAN_POINT('',(175.907620999857,2000.,249.5));
#1381=CARTESIAN_POINT('',(175.907620999857,0.,249.5));
#1382=CARTESIAN_POINT('',(175.759440999867,0.,243.117436999994));
#1383=CARTESIAN_POINT('',(175.759440999867,2000.,243.117436999993));
#1384=CARTESIAN_POINT('',(166.509440999867,2000.,243.117436999994));
#1385=CARTESIAN_POINT('',(175.759440999867,2000.,243.117436999994));
#1386=CARTESIAN_POINT('',(175.759440999867,0.,243.117436999994));
#1387=CARTESIAN_POINT('',(166.509440999867,0.,243.117436999994));
#1388=CARTESIAN_POINT('',(166.509440999868,2000.,243.117436999993));
#1389=CARTESIAN_POINT('',(166.509440999868,0.,243.117436999994));
#1390=CARTESIAN_POINT('',(166.005280999871,0.,240.404573999986));
#1391=CARTESIAN_POINT('',(166.005280999871,2000.,240.404573999985));
#1392=CARTESIAN_POINT('',(166.005280999871,2000.,240.404573999986));
#1393=CARTESIAN_POINT('',(166.005280999871,0.,240.404573999986));
#1394=CARTESIAN_POINT('',(161.076249999864,0.,239.934008999989));
#1395=CARTESIAN_POINT('',(161.076249999864,2000.,239.934008999989));
#1396=CARTESIAN_POINT('',(155.123796639953,0.,231.776478238283));
#1397=CARTESIAN_POINT('',(155.123796639953,2000.,231.776478238283));
#1398=CARTESIAN_POINT('',(161.076249999864,2000.,239.934008999989));
#1399=CARTESIAN_POINT('',(161.076249999864,0.,239.934008999989));
#1400=CARTESIAN_POINT('',(141.772945999653,0.,236.300935999943));
#1401=CARTESIAN_POINT('',(141.772945999653,2000.,236.300935999943));
#1402=CARTESIAN_POINT('',(155.123796639952,2000.,231.776478238283));
#1403=CARTESIAN_POINT('',(155.123796639952,0.,231.776478238283));
#1404=CARTESIAN_POINT('',(141.772945999653,2000.,236.300935999943));
#1405=CARTESIAN_POINT('',(141.772945999653,0.,236.300935999943));
#1406=CARTESIAN_POINT('',(116.511434999859,0.,235.705973000003));
#1407=CARTESIAN_POINT('',(116.511434999859,2000.,235.705973000003));
#1408=CARTESIAN_POINT('',(18.4404019998583,0.,138.755984999996));
#1409=CARTESIAN_POINT('',(22.2586609998654,0.,139.134896000003));
#1410=CARTESIAN_POINT('',(22.2586609998654,0.,146.834895999986));
#1411=CARTESIAN_POINT('',(26.2047479998543,0.,147.624053999931));
#1412=CARTESIAN_POINT('',(27.1836919998569,0.,148.921897999924));
#1413=CARTESIAN_POINT('',(27.1836919999208,0.,171.321898000053));
#1414=CARTESIAN_POINT('',(39.6728499998673,0.,184.065915999992));
#1415=CARTESIAN_POINT('',(45.8728499998657,0.,184.065915999984));
#1416=CARTESIAN_POINT('',(47.1405219998666,0.,185.570853999991));
#1417=CARTESIAN_POINT('',(47.1405220005096,0.,194.070854000299));
#1418=CARTESIAN_POINT('',(85.571498999879,0.,212.310868000031));
#1419=CARTESIAN_POINT('',(94.9452389998586,0.,219.375135999988));
#1420=CARTESIAN_POINT('',(116.281309999859,0.,219.852411999971));
#1421=CARTESIAN_POINT('',(118.351698999858,0.,222.33063299999));
#1422=CARTESIAN_POINT('',(118.351698999867,0.,228.630633000002));
#1423=CARTESIAN_POINT('',(116.427299999862,0.,230.183434999986));
#1424=CARTESIAN_POINT('',(116.511434999859,0.,235.705973000004));
#1425=CARTESIAN_POINT('',(141.772945999653,0.,236.300935999943));
#1426=CARTESIAN_POINT('',(155.123796639952,0.,231.776478238283));
#1427=CARTESIAN_POINT('',(161.076249999864,0.,239.93400899999));
#1428=CARTESIAN_POINT('',(166.005280999871,0.,240.404573999986));
#1429=CARTESIAN_POINT('',(166.509440999868,0.,243.117436999994));
#1430=CARTESIAN_POINT('',(175.759440999867,0.,243.117436999994));
#1431=CARTESIAN_POINT('',(175.907620999857,0.,249.5));
#1432=CARTESIAN_POINT('',(115.907620999857,0.,249.5));
#1433=CARTESIAN_POINT('',(62.7272104271634,0.,240.127490660457));
#1434=CARTESIAN_POINT('',(30.7685646899256,0.,217.401893153504));
#1435=CARTESIAN_POINT('',(-1.34591005007678E-010,0.,127.522554999991));
#1436=CARTESIAN_POINT('',(-1.34591005007678E-010,0.,95.522554999342));
#1437=CARTESIAN_POINT('',(4.50558131992948,0.,95.7812611857603));
#1438=CARTESIAN_POINT('',(7.43050626658845,0.,96.5413223604146));
#1439=CARTESIAN_POINT('',(18.2148549998637,0.,114.251388000004));
#1440=CARTESIAN_POINT('',(116.427299999862,2000.,230.183434999985));
#1441=CARTESIAN_POINT('',(118.351698999867,2000.,228.630633000001));
#1442=CARTESIAN_POINT('',(118.351698999858,2000.,222.33063299999));
#1443=CARTESIAN_POINT('',(116.281309999859,2000.,219.85241199997));
#1444=CARTESIAN_POINT('',(94.9452389998586,2000.,219.375135999987));
#1445=CARTESIAN_POINT('',(85.571498999879,2000.,212.310868000031));
#1446=CARTESIAN_POINT('',(47.1405220005096,2000.,194.070854000298));
#1447=CARTESIAN_POINT('',(47.1405219998666,2000.,185.57085399999));
#1448=CARTESIAN_POINT('',(45.8728499998657,2000.,184.065915999983));
#1449=CARTESIAN_POINT('',(39.6728499998673,2000.,184.065915999992));
#1450=CARTESIAN_POINT('',(27.1836919999208,2000.,171.321898000053));
#1451=CARTESIAN_POINT('',(27.1836919998565,2000.,148.921897999924));
#1452=CARTESIAN_POINT('',(26.2047479998544,2000.,147.624053999931));
#1453=CARTESIAN_POINT('',(22.2586609998654,2000.,146.834895999985));
#1454=CARTESIAN_POINT('',(22.2586609998654,2000.,139.134896000003));
#1455=CARTESIAN_POINT('',(18.4404019998583,2000.,138.755984999996));
#1456=CARTESIAN_POINT('',(18.2148549998637,2000.,114.251388000004));
#1457=CARTESIAN_POINT('',(7.43050626658842,2000.,96.5413223604141));
#1458=CARTESIAN_POINT('',(4.50558131992946,2000.,95.7812611857603));
#1459=CARTESIAN_POINT('',(-1.34591005007678E-010,2000.,95.522554999342));
#1460=CARTESIAN_POINT('',(-1.34591005007678E-010,2000.,127.522554999991));
#1461=CARTESIAN_POINT('',(30.7685646899256,2000.,217.401893153504));
#1462=CARTESIAN_POINT('',(62.7272104271634,2000.,240.127490660457));
#1463=CARTESIAN_POINT('',(115.907620999857,2000.,249.5));
#1464=CARTESIAN_POINT('',(175.907620999857,2000.,249.5));
#1465=CARTESIAN_POINT('',(175.759440999868,2000.,243.117436999993));
#1466=CARTESIAN_POINT('',(166.509440999868,2000.,243.117436999993));
#1467=CARTESIAN_POINT('',(166.005280999871,2000.,240.404573999985));
#1468=CARTESIAN_POINT('',(161.076249999864,2000.,239.934008999989));
#1469=CARTESIAN_POINT('',(155.123796639952,2000.,231.776478238283));
#1470=CARTESIAN_POINT('',(141.772945999653,2000.,236.300935999943));
#1471=CARTESIAN_POINT('',(116.511434999859,2000.,235.705973000003));
#1472=CARTESIAN_POINT('',(116.427299999862,2000.,230.183434999985));
#1473=CARTESIAN_POINT('',(116.511434999859,2000.,235.705973000003));
#1474=CARTESIAN_POINT('',(116.511434999859,2000.,235.705973000003));
#1475=CARTESIAN_POINT('',(116.511434999859,0.,235.705973000004));
#1476=CARTESIAN_POINT('',(116.511434999859,0.,235.705973000004));
#1477=CARTESIAN_POINT('',(116.427299999862,0.,230.183434999985));
#1478=CARTESIAN_POINT('',(116.427299999862,0.,230.183434999985));
#1479=CARTESIAN_POINT('',(116.427299999862,2000.,230.183434999985));
#1480=CARTESIAN_POINT('',(116.427299999859,0.,230.183434999986));
#1481=CARTESIAN_POINT('',(116.541123051573,0.,230.190510019377));
#1482=CARTESIAN_POINT('',(116.655165459035,0.,230.190241131134));
#1483=CARTESIAN_POINT('',(116.768953882572,0.,230.182629451294));
#1484=CARTESIAN_POINT('',(116.88201603668,0.,230.167706572579));
#1485=CARTESIAN_POINT('',(116.993882650284,0.,230.145534433268));
#1486=CARTESIAN_POINT('',(117.104089414467,0.,230.116205060122));
#1487=CARTESIAN_POINT('',(117.212178909614,0.,230.079840186416));
#1488=CARTESIAN_POINT('',(117.317702503961,0.,230.036590746686));
#1489=CARTESIAN_POINT('',(117.420222215662,0.,229.986636250257));
#1490=CARTESIAN_POINT('',(117.519312530664,0.,229.930184036185));
#1491=CARTESIAN_POINT('',(117.614562168825,0.,229.867468412685));
#1492=CARTESIAN_POINT('',(117.705575790955,0.,229.798749684615));
#1493=CARTESIAN_POINT('',(117.791975639699,0.,229.724313073072));
#1494=CARTESIAN_POINT('',(117.873403107434,0.,229.644467531562));
#1495=CARTESIAN_POINT('',(117.949520224698,0.,229.55954446367));
#1496=CARTESIAN_POINT('',(118.020011062949,0.,229.469896347552));
#1497=CARTESIAN_POINT('',(118.084583045844,0.,229.375895272952));
#1498=CARTESIAN_POINT('',(118.142968163593,0.,229.277931396823));
#1499=CARTESIAN_POINT('',(118.194924085355,0.,229.176411323957));
#1500=CARTESIAN_POINT('',(118.24023516504,0.,229.071756419349));
#1501=CARTESIAN_POINT('',(118.278713336365,0.,228.964401059295));
#1502=CARTESIAN_POINT('',(118.31019889343,0.,228.85479082849));
#1503=CARTESIAN_POINT('',(118.334561153593,0.,228.743380670602));
#1504=CARTESIAN_POINT('',(118.351698999867,0.,228.630633000002));
#1505=CARTESIAN_POINT('',(118.351698999867,0.,228.630633000002));
#1506=CARTESIAN_POINT('',(118.351698999867,2000.,228.630633000001));
#1507=CARTESIAN_POINT('',(118.351698999867,2000.,228.630633000001));
#1508=CARTESIAN_POINT('',(118.334561153593,2000.,228.743380670602));
#1509=CARTESIAN_POINT('',(118.310198893431,2000.,228.85479082849));
#1510=CARTESIAN_POINT('',(118.278713336365,2000.,228.964401059295));
#1511=CARTESIAN_POINT('',(118.24023516504,2000.,229.071756419349));
#1512=CARTESIAN_POINT('',(118.194924085355,2000.,229.176411323957));
#1513=CARTESIAN_POINT('',(118.142968163593,2000.,229.277931396823));
#1514=CARTESIAN_POINT('',(118.084583045844,2000.,229.375895272952));
#1515=CARTESIAN_POINT('',(118.02001106295,2000.,229.469896347552));
#1516=CARTESIAN_POINT('',(117.949520224699,2000.,229.55954446367));
#1517=CARTESIAN_POINT('',(117.873403107434,2000.,229.644467531562));
#1518=CARTESIAN_POINT('',(117.791975639699,2000.,229.724313073072));
#1519=CARTESIAN_POINT('',(117.705575790956,2000.,229.798749684615));
#1520=CARTESIAN_POINT('',(117.614562168825,2000.,229.867468412684));
#1521=CARTESIAN_POINT('',(117.519312530665,2000.,229.930184036185));
#1522=CARTESIAN_POINT('',(117.420222215662,2000.,229.986636250257));
#1523=CARTESIAN_POINT('',(117.317702503961,2000.,230.036590746686));
#1524=CARTESIAN_POINT('',(117.212178909614,2000.,230.079840186416));
#1525=CARTESIAN_POINT('',(117.104089414467,2000.,230.116205060122));
#1526=CARTESIAN_POINT('',(116.993882650284,2000.,230.145534433268));
#1527=CARTESIAN_POINT('',(116.88201603668,2000.,230.167706572579));
#1528=CARTESIAN_POINT('',(116.768953882572,2000.,230.182629451294));
#1529=CARTESIAN_POINT('',(116.655165459036,2000.,230.190241131134));
#1530=CARTESIAN_POINT('',(116.541123051573,2000.,230.190510019377));
#1531=CARTESIAN_POINT('',(116.427299999859,2000.,230.183434999986));
#1532=CARTESIAN_POINT('',(116.427299999859,2000.,230.183434999986));
#1533=CARTESIAN_POINT('',(116.427299999859,0.,230.183434999986));
#1534=CARTESIAN_POINT('',(118.351698999862,2000.,222.33063299999));
#1535=CARTESIAN_POINT('',(118.351698999862,2000.,228.630633000001));
#1536=CARTESIAN_POINT('',(118.351698999862,2000.,228.630633000001));
#1537=CARTESIAN_POINT('',(118.351698999862,0.,228.630633000002));
#1538=CARTESIAN_POINT('',(118.351698999862,0.,228.630633000002));
#1539=CARTESIAN_POINT('',(118.351698999862,0.,222.33063299999));
#1540=CARTESIAN_POINT('',(118.351698999862,0.,222.33063299999));
#1541=CARTESIAN_POINT('',(118.351698999862,2000.,222.33063299999));
#1542=CARTESIAN_POINT('',(118.351698999857,0.,222.33063299999));
#1543=CARTESIAN_POINT('',(118.354778776207,0.,222.194124795352));
#1544=CARTESIAN_POINT('',(118.350010926137,0.,222.057665121596));
#1545=CARTESIAN_POINT('',(118.337411199531,0.,221.921704752939));
#1546=CARTESIAN_POINT('',(118.317021217711,0.,221.786692814218));
#1547=CARTESIAN_POINT('',(118.288908335945,0.,221.653075297272));
#1548=CARTESIAN_POINT('',(118.253165420953,0.,221.521293587677));
#1549=CARTESIAN_POINT('',(118.209910544134,0.,221.391783006691));
#1550=CARTESIAN_POINT('',(118.159286591534,0.,221.264971373238));
#1551=CARTESIAN_POINT('',(118.101460791843,0.,221.14127759067));
#1552=CARTESIAN_POINT('',(118.036624163982,0.,221.021110262982));
#1553=CARTESIAN_POINT('',(117.964990886099,0.,220.904866345053));
#1554=CARTESIAN_POINT('',(117.886797588063,0.,220.792929831358));
#1555=CARTESIAN_POINT('',(117.802302569792,0.,220.685670487507));
#1556=CARTESIAN_POINT('',(117.711784948001,0.,220.583442628774));
#1557=CARTESIAN_POINT('',(117.615543734177,0.,220.486583949671));
#1558=CARTESIAN_POINT('',(117.513896846842,0.,220.395414408424));
#1559=CARTESIAN_POINT('',(117.407180061357,0.,220.310235170041));
#1560=CARTESIAN_POINT('',(117.295745900733,0.,220.231327611454));
#1561=CARTESIAN_POINT('',(117.179962471133,0.,220.158952392036));
#1562=CARTESIAN_POINT('',(117.060212245877,0.,220.093348592549));
#1563=CARTESIAN_POINT('',(116.936890802008,0.,220.034732925379));
#1564=CARTESIAN_POINT('',(116.810405513555,0.,219.983299018654));
#1565=CARTESIAN_POINT('',(116.681174205839,0.,219.93921677663));
#1566=CARTESIAN_POINT('',(116.549623775245,0.,219.902631818429));
#1567=CARTESIAN_POINT('',(116.416188779037,0.,219.873664997015));
#1568=CARTESIAN_POINT('',(116.281309999859,0.,219.85241199997));
#1569=CARTESIAN_POINT('',(116.281309999859,0.,219.85241199997));
#1570=CARTESIAN_POINT('',(116.281309999859,2000.,219.85241199997));
#1571=CARTESIAN_POINT('',(116.281309999859,2000.,219.85241199997));
#1572=CARTESIAN_POINT('',(116.416188779037,2000.,219.873664997015));
#1573=CARTESIAN_POINT('',(116.549623775245,2000.,219.902631818429));
#1574=CARTESIAN_POINT('',(116.681174205839,2000.,219.93921677663));
#1575=CARTESIAN_POINT('',(116.810405513555,2000.,219.983299018654));
#1576=CARTESIAN_POINT('',(116.936890802008,2000.,220.034732925379));
#1577=CARTESIAN_POINT('',(117.060212245877,2000.,220.093348592549));
#1578=CARTESIAN_POINT('',(117.179962471133,2000.,220.158952392036));
#1579=CARTESIAN_POINT('',(117.295745900733,2000.,220.231327611454));
#1580=CARTESIAN_POINT('',(117.407180061357,2000.,220.310235170041));
#1581=CARTESIAN_POINT('',(117.513896846842,2000.,220.395414408424));
#1582=CARTESIAN_POINT('',(117.615543734177,2000.,220.486583949671));
#1583=CARTESIAN_POINT('',(117.711784948001,2000.,220.583442628774));
#1584=CARTESIAN_POINT('',(117.802302569792,2000.,220.685670487507));
#1585=CARTESIAN_POINT('',(117.886797588063,2000.,220.792929831358));
#1586=CARTESIAN_POINT('',(117.964990886099,2000.,220.904866345053));
#1587=CARTESIAN_POINT('',(118.036624163982,2000.,221.021110262982));
#1588=CARTESIAN_POINT('',(118.101460791843,2000.,221.14127759067));
#1589=CARTESIAN_POINT('',(118.159286591534,2000.,221.264971373238));
#1590=CARTESIAN_POINT('',(118.209910544134,2000.,221.391783006691));
#1591=CARTESIAN_POINT('',(118.253165420953,2000.,221.521293587677));
#1592=CARTESIAN_POINT('',(118.288908335945,2000.,221.653075297272));
#1593=CARTESIAN_POINT('',(118.317021217711,2000.,221.786692814218));
#1594=CARTESIAN_POINT('',(118.337411199531,2000.,221.921704752939));
#1595=CARTESIAN_POINT('',(118.350010926137,2000.,222.057665121596));
#1596=CARTESIAN_POINT('',(118.354778776207,2000.,222.194124795352));
#1597=CARTESIAN_POINT('',(118.351698999857,2000.,222.33063299999));
#1598=CARTESIAN_POINT('',(118.351698999857,2000.,222.33063299999));
#1599=CARTESIAN_POINT('',(118.351698999857,0.,222.33063299999));
#1600=CARTESIAN_POINT('',(94.9452389998587,2000.,219.375135999988));
#1601=CARTESIAN_POINT('',(116.281309999859,2000.,219.85241199997));
#1602=CARTESIAN_POINT('',(116.281309999859,2000.,219.85241199997));
#1603=CARTESIAN_POINT('',(116.281309999859,0.,219.85241199997));
#1604=CARTESIAN_POINT('',(116.281309999859,0.,219.85241199997));
#1605=CARTESIAN_POINT('',(94.9452389998587,0.,219.375135999988));
#1606=CARTESIAN_POINT('',(94.9452389998587,0.,219.375135999988));
#1607=CARTESIAN_POINT('',(94.9452389998587,2000.,219.375135999988));
#1608=CARTESIAN_POINT('',(94.9452389998583,0.,219.375135999988));
#1609=CARTESIAN_POINT('',(94.891144718125,0.,219.118414536398));
#1610=CARTESIAN_POINT('',(94.8294029061512,0.,218.863424242782));
#1611=CARTESIAN_POINT('',(94.7600687124726,0.,218.610392879566));
#1612=CARTESIAN_POINT('',(94.6832040672327,0.,218.359546457435));
#1613=CARTESIAN_POINT('',(94.5988776268654,0.,218.111109035457));
#1614=CARTESIAN_POINT('',(94.507164712771,0.,217.865302520954));
#1615=CARTESIAN_POINT('',(94.4081472440375,0.,217.622346471287));
#1616=CARTESIAN_POINT('',(94.3019136642699,0.,217.38245789775));
#1617=CARTESIAN_POINT('',(94.188558862591,0.,217.145851071728));
#1618=CARTESIAN_POINT('',(94.0681840888856,0.,216.912737333309));
#1619=CARTESIAN_POINT('',(93.9408968633628,0.,216.683324902516));
#1620=CARTESIAN_POINT('',(93.8068108805173,0.,216.457818693314));
#1621=CARTESIAN_POINT('',(93.6660459075765,0.,216.236420130589));
#1622=CARTESIAN_POINT('',(93.518727677523,0.,216.019326970222));
#1623=CARTESIAN_POINT('',(93.3649877767878,0.,215.806733122461));
#1624=CARTESIAN_POINT('',(93.2049635277166,0.,215.59882847871));
#1625=CARTESIAN_POINT('',(93.0387978659108,0.,215.395798741921));
#1626=CARTESIAN_POINT('',(92.8666392125566,0.,215.197825260719));
#1627=CARTESIAN_POINT('',(92.6886413418528,0.,215.00508486742));
#1628=CARTESIAN_POINT('',(92.504963243658,0.,214.817749720084));
#1629=CARTESIAN_POINT('',(92.3157689814791,0.,214.635987148737));
#1630=CARTESIAN_POINT('',(92.1212275459274,0.,214.459959505915));
#1631=CARTESIAN_POINT('',(91.9215127037745,0.,214.289824021645));
#1632=CARTESIAN_POINT('',(91.7168028427416,0.,214.125732663006));
#1633=CARTESIAN_POINT('',(91.5072808121613,0.,213.967831998393));
#1634=CARTESIAN_POINT('',(91.2931337596545,0.,213.816263066594));
#1635=CARTESIAN_POINT('',(91.0745529639678,0.,213.67116125082));
#1636=CARTESIAN_POINT('',(90.8517336641211,0.,213.532656157773));
#1637=CARTESIAN_POINT('',(90.6248748850176,0.,213.400871501885));
#1638=CARTESIAN_POINT('',(90.3941792596723,0.,213.275924994808));
#1639=CARTESIAN_POINT('',(90.159852848218,0.,213.157928240281));
#1640=CARTESIAN_POINT('',(89.9221049538498,0.,213.046986634436));
#1641=CARTESIAN_POINT('',(89.6811479358725,0.,212.943199271663));
#1642=CARTESIAN_POINT('',(89.4371970200194,0.,212.846658856093));
#1643=CARTESIAN_POINT('',(89.1904701062096,0.,212.757451618797));
#1644=CARTESIAN_POINT('',(88.9411875739173,0.,212.675657240763));
#1645=CARTESIAN_POINT('',(88.6895720853262,0.,212.601348781722));
#1646=CARTESIAN_POINT('',(88.4358483864447,0.,212.534592614892));
#1647=CARTESIAN_POINT('',(88.1802431063604,0.,212.475448367691));
#1648=CARTESIAN_POINT('',(87.922984554812,0.,212.423968868478));
#1649=CARTESIAN_POINT('',(87.6643025182603,0.,212.380200099367));
#1650=CARTESIAN_POINT('',(87.4044280546404,0.,212.344181155154));
#1651=CARTESIAN_POINT('',(87.1435932869773,0.,212.315944208397));
#1652=CARTESIAN_POINT('',(86.8820311960517,0.,212.29551448068));
#1653=CARTESIAN_POINT('',(86.6199754122979,0.,212.282910220083));
#1654=CARTESIAN_POINT('',(86.3576600071229,0.,212.278142684885));
#1655=CARTESIAN_POINT('',(86.0953192838305,0.,212.281216133507));
#1656=CARTESIAN_POINT('',(85.8331875683391,0.,212.292127820706));
#1657=CARTESIAN_POINT('',(85.5714989998787,0.,212.310868000031));
#1658=CARTESIAN_POINT('',(85.5714989998787,0.,212.310868000031));
#1659=CARTESIAN_POINT('',(85.5714989998788,2000.,212.310868000031));
#1660=CARTESIAN_POINT('',(85.5714989998788,2000.,212.310868000031));
#1661=CARTESIAN_POINT('',(85.8331875683392,2000.,212.292127820706));
#1662=CARTESIAN_POINT('',(86.0953192838306,2000.,212.281216133507));
#1663=CARTESIAN_POINT('',(86.3576600071229,2000.,212.278142684885));
#1664=CARTESIAN_POINT('',(86.6199754122979,2000.,212.282910220083));
#1665=CARTESIAN_POINT('',(86.8820311960517,2000.,212.29551448068));
#1666=CARTESIAN_POINT('',(87.1435932869773,2000.,212.315944208397));
#1667=CARTESIAN_POINT('',(87.4044280546404,2000.,212.344181155154));
#1668=CARTESIAN_POINT('',(87.6643025182604,2000.,212.380200099367));
#1669=CARTESIAN_POINT('',(87.922984554812,2000.,212.423968868478));
#1670=CARTESIAN_POINT('',(88.1802431063605,2000.,212.475448367691));
#1671=CARTESIAN_POINT('',(88.4358483864447,2000.,212.534592614892));
#1672=CARTESIAN_POINT('',(88.6895720853262,2000.,212.601348781722));
#1673=CARTESIAN_POINT('',(88.9411875739174,2000.,212.675657240763));
#1674=CARTESIAN_POINT('',(89.1904701062096,2000.,212.757451618797));
#1675=CARTESIAN_POINT('',(89.4371970200194,2000.,212.846658856093));
#1676=CARTESIAN_POINT('',(89.6811479358725,2000.,212.943199271663));
#1677=CARTESIAN_POINT('',(89.9221049538498,2000.,213.046986634436));
#1678=CARTESIAN_POINT('',(90.1598528482181,2000.,213.157928240281));
#1679=CARTESIAN_POINT('',(90.3941792596723,2000.,213.275924994808));
#1680=CARTESIAN_POINT('',(90.6248748850176,2000.,213.400871501885));
#1681=CARTESIAN_POINT('',(90.8517336641211,2000.,213.532656157773));
#1682=CARTESIAN_POINT('',(91.0745529639679,2000.,213.67116125082));
#1683=CARTESIAN_POINT('',(91.2931337596545,2000.,213.816263066594));
#1684=CARTESIAN_POINT('',(91.5072808121613,2000.,213.967831998393));
#1685=CARTESIAN_POINT('',(91.7168028427416,2000.,214.125732663006));
#1686=CARTESIAN_POINT('',(91.9215127037745,2000.,214.289824021645));
#1687=CARTESIAN_POINT('',(92.1212275459274,2000.,214.459959505915));
#1688=CARTESIAN_POINT('',(92.3157689814791,2000.,214.635987148737));
#1689=CARTESIAN_POINT('',(92.5049632436581,2000.,214.817749720084));
#1690=CARTESIAN_POINT('',(92.6886413418528,2000.,215.00508486742));
#1691=CARTESIAN_POINT('',(92.8666392125566,2000.,215.197825260719));
#1692=CARTESIAN_POINT('',(93.0387978659109,2000.,215.395798741921));
#1693=CARTESIAN_POINT('',(93.2049635277166,2000.,215.59882847871));
#1694=CARTESIAN_POINT('',(93.3649877767879,2000.,215.806733122461));
#1695=CARTESIAN_POINT('',(93.518727677523,2000.,216.019326970222));
#1696=CARTESIAN_POINT('',(93.6660459075765,2000.,216.236420130589));
#1697=CARTESIAN_POINT('',(93.8068108805173,2000.,216.457818693314));
#1698=CARTESIAN_POINT('',(93.9408968633628,2000.,216.683324902516));
#1699=CARTESIAN_POINT('',(94.0681840888856,2000.,216.912737333309));
#1700=CARTESIAN_POINT('',(94.188558862591,2000.,217.145851071728));
#1701=CARTESIAN_POINT('',(94.3019136642699,2000.,217.38245789775));
#1702=CARTESIAN_POINT('',(94.4081472440376,2000.,217.622346471287));
#1703=CARTESIAN_POINT('',(94.507164712771,2000.,217.865302520954));
#1704=CARTESIAN_POINT('',(94.5988776268654,2000.,218.111109035457));
#1705=CARTESIAN_POINT('',(94.6832040672327,2000.,218.359546457435));
#1706=CARTESIAN_POINT('',(94.7600687124726,2000.,218.610392879566));
#1707=CARTESIAN_POINT('',(94.8294029061512,2000.,218.863424242782));
#1708=CARTESIAN_POINT('',(94.891144718125,2000.,219.118414536398));
#1709=CARTESIAN_POINT('',(94.9452389998583,2000.,219.375135999988));
#1710=CARTESIAN_POINT('',(94.9452389998583,2000.,219.375135999988));
#1711=CARTESIAN_POINT('',(94.9452389998583,0.,219.375135999988));
#1712=CARTESIAN_POINT('',(85.5714989998787,0.,212.31086800003));
#1713=CARTESIAN_POINT('',(85.2585093934671,0.,212.341948059771));
#1714=CARTESIAN_POINT('',(84.9463774364796,0.,212.380705062524));
#1715=CARTESIAN_POINT('',(84.6352913986056,0.,212.427115631094));
#1716=CARTESIAN_POINT('',(84.325438918664,0.,212.481151771864));
#1717=CARTESIAN_POINT('',(84.0170068914245,0.,212.542780891671));
#1718=CARTESIAN_POINT('',(83.7101813548773,0.,212.611965817469));
#1719=CARTESIAN_POINT('',(83.4051473780203,0.,212.688664818753));
#1720=CARTESIAN_POINT('',(83.1020889492303,0.,212.772831632727));
#1721=CARTESIAN_POINT('',(82.8011888652859,0.,212.864415492208));
#1722=CARTESIAN_POINT('',(82.5026286211098,0.,212.96336115625));
#1723=CARTESIAN_POINT('',(82.2065883002954,0.,213.069608943461));
#1724=CARTESIAN_POINT('',(81.9132464664856,0.,213.183094768005));
#1725=CARTESIAN_POINT('',(81.6227800556675,0.,213.303750178251));
#1726=CARTESIAN_POINT('',(81.3353642694498,0.,213.431502398067));
#1727=CARTESIAN_POINT('',(81.0511724693856,0.,213.566274370715));
#1728=CARTESIAN_POINT('',(80.7703760724052,0.,213.707984805328));
#1729=CARTESIAN_POINT('',(80.4931444474222,0.,213.856548225942));
#1730=CARTESIAN_POINT('',(80.2196448131747,0.,214.011875023056));
#1731=CARTESIAN_POINT('',(79.9500421373632,0.,214.173871507679));
#1732=CARTESIAN_POINT('',(79.6844990371467,0.,214.342439967845));
#1733=CARTESIAN_POINT('',(79.423175681056,0.,214.517478727543));
#1734=CARTESIAN_POINT('',(79.1662296923849,0.,214.698882208053));
#1735=CARTESIAN_POINT('',(78.9138160541153,0.,214.886540991622));
#1736=CARTESIAN_POINT('',(78.6660870154363,0.,215.080341887467));
#1737=CARTESIAN_POINT('',(78.423191999911,0.,215.280168000046));
#1738=CARTESIAN_POINT('',(78.423191999911,0.,215.280168000046));
#1739=CARTESIAN_POINT('',(78.4231919999112,2000.,215.280168000045));
#1740=CARTESIAN_POINT('',(78.4231919999112,2000.,215.280168000045));
#1741=CARTESIAN_POINT('',(78.6660870154365,2000.,215.080341887467));
#1742=CARTESIAN_POINT('',(78.9138160541155,2000.,214.886540991622));
#1743=CARTESIAN_POINT('',(79.1662296923851,2000.,214.698882208053));
#1744=CARTESIAN_POINT('',(79.4231756810562,2000.,214.517478727543));
#1745=CARTESIAN_POINT('',(79.6844990371469,2000.,214.342439967845));
#1746=CARTESIAN_POINT('',(79.9500421373634,2000.,214.173871507679));
#1747=CARTESIAN_POINT('',(80.2196448131749,2000.,214.011875023055));
#1748=CARTESIAN_POINT('',(80.4931444474224,2000.,213.856548225942));
#1749=CARTESIAN_POINT('',(80.7703760724053,2000.,213.707984805328));
#1750=CARTESIAN_POINT('',(81.0511724693857,2000.,213.566274370715));
#1751=CARTESIAN_POINT('',(81.33536426945,2000.,213.431502398067));
#1752=CARTESIAN_POINT('',(81.6227800556677,2000.,213.303750178251));
#1753=CARTESIAN_POINT('',(81.9132464664857,2000.,213.183094768005));
#1754=CARTESIAN_POINT('',(82.2065883002956,2000.,213.069608943461));
#1755=CARTESIAN_POINT('',(82.5026286211099,2000.,212.96336115625));
#1756=CARTESIAN_POINT('',(82.801188865286,2000.,212.864415492208));
#1757=CARTESIAN_POINT('',(83.1020889492304,2000.,212.772831632727));
#1758=CARTESIAN_POINT('',(83.4051473780204,2000.,212.688664818753));
#1759=CARTESIAN_POINT('',(83.7101813548774,2000.,212.611965817469));
#1760=CARTESIAN_POINT('',(84.0170068914246,2000.,212.542780891671));
#1761=CARTESIAN_POINT('',(84.3254389186641,2000.,212.481151771864));
#1762=CARTESIAN_POINT('',(84.6352913986056,2000.,212.427115631094));
#1763=CARTESIAN_POINT('',(84.9463774364796,2000.,212.380705062524));
#1764=CARTESIAN_POINT('',(85.2585093934671,2000.,212.341948059771));
#1765=CARTESIAN_POINT('',(85.5714989998787,2000.,212.31086800003));
#1766=CARTESIAN_POINT('',(85.5714989998787,2000.,212.31086800003));
#1767=CARTESIAN_POINT('',(85.5714989998787,0.,212.31086800003));
#1768=CARTESIAN_POINT('',(60.1022673923679,0.,221.896779753042));
#1769=CARTESIAN_POINT('',(60.6431425900762,0.,221.817743857928));
#1770=CARTESIAN_POINT('',(61.1825058133173,0.,221.73260821476));
#1771=CARTESIAN_POINT('',(61.7203570620912,0.,221.641372823537));
#1772=CARTESIAN_POINT('',(62.256696336398,0.,221.544037684261));
#1773=CARTESIAN_POINT('',(62.7915236362377,0.,221.440602796931));
#1774=CARTESIAN_POINT('',(63.3248389616102,0.,221.331068161548));
#1775=CARTESIAN_POINT('',(63.8566423125156,0.,221.215433778109));
#1776=CARTESIAN_POINT('',(64.3869336889538,0.,221.093699646618));
#1777=CARTESIAN_POINT('',(64.9157130909249,0.,220.965865767072));
#1778=CARTESIAN_POINT('',(65.4429805184287,0.,220.831932139472));
#1779=CARTESIAN_POINT('',(65.9687359714655,0.,220.691898763819));
#1780=CARTESIAN_POINT('',(66.4929794500352,0.,220.545765640111));
#1781=CARTESIAN_POINT('',(67.0157109541376,0.,220.39353276835));
#1782=CARTESIAN_POINT('',(67.5369304837729,0.,220.235200148535));
#1783=CARTESIAN_POINT('',(68.0566380389411,0.,220.070767780666));
#1784=CARTESIAN_POINT('',(68.5748336196421,0.,219.900235664742));
#1785=CARTESIAN_POINT('',(69.091517225876,0.,219.723603800766));
#1786=CARTESIAN_POINT('',(69.6066888576427,0.,219.540872188735));
#1787=CARTESIAN_POINT('',(70.0928029074239,0.,219.362329513745));
#1788=CARTESIAN_POINT('',(70.5764627829151,0.,219.178708514989));
#1789=CARTESIAN_POINT('',(71.0576684841165,0.,218.990009192468));
#1790=CARTESIAN_POINT('',(71.5364200110279,0.,218.796231546182));
#1791=CARTESIAN_POINT('',(72.0127173636494,0.,218.597375576131));
#1792=CARTESIAN_POINT('',(72.4865605419811,0.,218.393441282314));
#1793=CARTESIAN_POINT('',(72.9579495460228,0.,218.184428664732));
#1794=CARTESIAN_POINT('',(73.4268843757746,0.,217.970337723384));
#1795=CARTESIAN_POINT('',(73.8933650312365,0.,217.751168458271));
#1796=CARTESIAN_POINT('',(74.3573915124085,0.,217.526920869393));
#1797=CARTESIAN_POINT('',(74.8189638192906,0.,217.297594956749));
#1798=CARTESIAN_POINT('',(75.2780819518828,0.,217.06319072034));
#1799=CARTESIAN_POINT('',(75.7347459101851,0.,216.823708160165));
#1800=CARTESIAN_POINT('',(76.1889556941975,0.,216.579147276225));
#1801=CARTESIAN_POINT('',(76.64071130392,0.,216.32950806852));
#1802=CARTESIAN_POINT('',(77.0900127393526,0.,216.074790537049));
#1803=CARTESIAN_POINT('',(77.5368600004953,0.,215.814994681813));
#1804=CARTESIAN_POINT('',(77.9812530873481,0.,215.550120502812));
#1805=CARTESIAN_POINT('',(78.423191999911,0.,215.280168000046));
#1806=CARTESIAN_POINT('',(60.1022673923676,0.,221.896779753042));
#1807=CARTESIAN_POINT('',(60.1022673923676,2000.,221.896779753042));
#1808=CARTESIAN_POINT('',(78.423191999911,2000.,215.280168000045));
#1809=CARTESIAN_POINT('',(77.9812530873481,2000.,215.550120502812));
#1810=CARTESIAN_POINT('',(77.5368600004953,2000.,215.814994681813));
#1811=CARTESIAN_POINT('',(77.0900127393526,2000.,216.074790537049));
#1812=CARTESIAN_POINT('',(76.6407113039201,2000.,216.32950806852));
#1813=CARTESIAN_POINT('',(76.1889556941976,2000.,216.579147276225));
#1814=CARTESIAN_POINT('',(75.7347459101852,2000.,216.823708160165));
#1815=CARTESIAN_POINT('',(75.2780819518829,2000.,217.063190720339));
#1816=CARTESIAN_POINT('',(74.8189638192907,2000.,217.297594956748));
#1817=CARTESIAN_POINT('',(74.3573915124086,2000.,217.526920869392));
#1818=CARTESIAN_POINT('',(73.8933650312365,2000.,217.751168458271));
#1819=CARTESIAN_POINT('',(73.4268843757746,2000.,217.970337723383));
#1820=CARTESIAN_POINT('',(72.9579495460228,2000.,218.184428664731));
#1821=CARTESIAN_POINT('',(72.4865605419811,2000.,218.393441282313));
#1822=CARTESIAN_POINT('',(72.0127173636495,2000.,218.59737557613));
#1823=CARTESIAN_POINT('',(71.5364200110279,2000.,218.796231546182));
#1824=CARTESIAN_POINT('',(71.0576684841165,2000.,218.990009192468));
#1825=CARTESIAN_POINT('',(70.5764627829152,2000.,219.178708514989));
#1826=CARTESIAN_POINT('',(70.0928029074239,2000.,219.362329513744));
#1827=CARTESIAN_POINT('',(69.6066888576428,2000.,219.540872188734));
#1828=CARTESIAN_POINT('',(69.091517225876,2000.,219.723603800765));
#1829=CARTESIAN_POINT('',(68.5748336196421,2000.,219.900235664742));
#1830=CARTESIAN_POINT('',(68.0566380389411,2000.,220.070767780665));
#1831=CARTESIAN_POINT('',(67.536930483773,2000.,220.235200148535));
#1832=CARTESIAN_POINT('',(67.0157109541376,2000.,220.39353276835));
#1833=CARTESIAN_POINT('',(66.4929794500352,2000.,220.545765640111));
#1834=CARTESIAN_POINT('',(65.9687359714655,2000.,220.691898763819));
#1835=CARTESIAN_POINT('',(65.4429805184287,2000.,220.831932139472));
#1836=CARTESIAN_POINT('',(64.9157130909249,2000.,220.965865767072));
#1837=CARTESIAN_POINT('',(64.3869336889538,2000.,221.093699646617));
#1838=CARTESIAN_POINT('',(63.8566423125156,2000.,221.215433778109));
#1839=CARTESIAN_POINT('',(63.3248389616102,2000.,221.331068161547));
#1840=CARTESIAN_POINT('',(62.7915236362377,2000.,221.440602796931));
#1841=CARTESIAN_POINT('',(62.256696336398,2000.,221.544037684261));
#1842=CARTESIAN_POINT('',(61.7203570620912,2000.,221.641372823537));
#1843=CARTESIAN_POINT('',(61.1825058133172,2000.,221.732608214759));
#1844=CARTESIAN_POINT('',(60.6431425900762,2000.,221.817743857927));
#1845=CARTESIAN_POINT('',(60.1022673923679,2000.,221.896779753042));
#1846=CARTESIAN_POINT('',(50.5011062050258,0.,220.682754012399));
#1847=CARTESIAN_POINT('',(50.927174151777,0.,220.801217965733));
#1848=CARTESIAN_POINT('',(51.3544696599803,0.,220.913685759439));
#1849=CARTESIAN_POINT('',(51.7829927296358,0.,221.020157393514));
#1850=CARTESIAN_POINT('',(52.2127433607435,0.,221.12063286796));
#1851=CARTESIAN_POINT('',(52.6437215533032,0.,221.215112182777));
#1852=CARTESIAN_POINT('',(53.0759273073151,0.,221.303595337965));
#1853=CARTESIAN_POINT('',(53.5093606227791,0.,221.386082333523));
#1854=CARTESIAN_POINT('',(53.9440214996952,0.,221.462573169452));
#1855=CARTESIAN_POINT('',(54.3799099380635,0.,221.533067845751));
#1856=CARTESIAN_POINT('',(54.8170259378839,0.,221.597566362421));
#1857=CARTESIAN_POINT('',(55.2553694991564,0.,221.656068719461));
#1858=CARTESIAN_POINT('',(55.7384062466671,0.,221.713425064251));
#1859=CARTESIAN_POINT('',(56.2218103368023,0.,221.763384688722));
#1860=CARTESIAN_POINT('',(56.7055817695621,0.,221.805947592875));
#1861=CARTESIAN_POINT('',(57.1897205449464,0.,221.84111377671));
#1862=CARTESIAN_POINT('',(57.6742266629553,0.,221.868883240227));
#1863=CARTESIAN_POINT('',(58.1591001235887,0.,221.889255983426));
#1864=CARTESIAN_POINT('',(58.6443409268467,0.,221.902232006307));
#1865=CARTESIAN_POINT('',(59.1299490727292,0.,221.90781130887));
#1866=CARTESIAN_POINT('',(59.6159245612363,0.,221.905993891115));
#1867=CARTESIAN_POINT('',(60.1022673923679,0.,221.896779753042));
#1868=CARTESIAN_POINT('',(50.5011062050257,0.,220.682754012399));
#1869=CARTESIAN_POINT('',(50.5011062050257,2000.,220.682754012398));
#1870=CARTESIAN_POINT('',(60.1022673923679,2000.,221.896779753042));
#1871=CARTESIAN_POINT('',(59.6159245612363,2000.,221.905993891115));
#1872=CARTESIAN_POINT('',(59.1299490727292,2000.,221.90781130887));
#1873=CARTESIAN_POINT('',(58.6443409268467,2000.,221.902232006307));
#1874=CARTESIAN_POINT('',(58.1591001235888,2000.,221.889255983426));
#1875=CARTESIAN_POINT('',(57.6742266629553,2000.,221.868883240227));
#1876=CARTESIAN_POINT('',(57.1897205449464,2000.,221.84111377671));
#1877=CARTESIAN_POINT('',(56.7055817695621,2000.,221.805947592874));
#1878=CARTESIAN_POINT('',(56.2218103368023,2000.,221.763384688721));
#1879=CARTESIAN_POINT('',(55.7384062466671,2000.,221.71342506425));
#1880=CARTESIAN_POINT('',(55.2553694991565,2000.,221.656068719461));
#1881=CARTESIAN_POINT('',(54.8170259378839,2000.,221.59756636242));
#1882=CARTESIAN_POINT('',(54.3799099380635,2000.,221.533067845751));
#1883=CARTESIAN_POINT('',(53.9440214996952,2000.,221.462573169451));
#1884=CARTESIAN_POINT('',(53.5093606227791,2000.,221.386082333523));
#1885=CARTESIAN_POINT('',(53.0759273073151,2000.,221.303595337964));
#1886=CARTESIAN_POINT('',(52.6437215533032,2000.,221.215112182777));
#1887=CARTESIAN_POINT('',(52.2127433607435,2000.,221.12063286796));
#1888=CARTESIAN_POINT('',(51.7829927296359,2000.,221.020157393514));
#1889=CARTESIAN_POINT('',(51.3544696599804,2000.,220.913685759438));
#1890=CARTESIAN_POINT('',(50.927174151777,2000.,220.801217965733));
#1891=CARTESIAN_POINT('',(50.5011062050258,2000.,220.682754012398));
#1892=CARTESIAN_POINT('',(39.3927230004869,0.,210.795252000172));
#1893=CARTESIAN_POINT('',(39.5278158268928,0.,211.08513962715));
#1894=CARTESIAN_POINT('',(39.6676829952035,0.,211.372220371821));
#1895=CARTESIAN_POINT('',(39.8123245054188,0.,211.656494234185));
#1896=CARTESIAN_POINT('',(39.9617403575388,0.,211.937961214242));
#1897=CARTESIAN_POINT('',(40.1159305515636,0.,212.216621311992));
#1898=CARTESIAN_POINT('',(40.274895087493,0.,212.492474527436));
#1899=CARTESIAN_POINT('',(40.4386339653271,0.,212.765520860572));
#1900=CARTESIAN_POINT('',(40.6071471850659,0.,213.035760311403));
#1901=CARTESIAN_POINT('',(40.7804347467094,0.,213.303192879926));
#1902=CARTESIAN_POINT('',(40.9584966502577,0.,213.567818566142));
#1903=CARTESIAN_POINT('',(41.1413328957105,0.,213.829637370052));
#1904=CARTESIAN_POINT('',(41.3289434830681,0.,214.088649291655));
#1905=CARTESIAN_POINT('',(41.5209871446114,0.,214.344391623078));
#1906=CARTESIAN_POINT('',(41.7171226126217,0.,214.596401656451));
#1907=CARTESIAN_POINT('',(41.9173498870989,0.,214.844679391771));
#1908=CARTESIAN_POINT('',(42.1216689680431,0.,215.089224829041));
#1909=CARTESIAN_POINT('',(42.3300798554542,0.,215.33003796826));
#1910=CARTESIAN_POINT('',(42.5425825493323,0.,215.567118809426));
#1911=CARTESIAN_POINT('',(42.7591770496773,0.,215.800467352542));
#1912=CARTESIAN_POINT('',(42.9798633564892,0.,216.030083597606));
#1913=CARTESIAN_POINT('',(43.2046414697681,0.,216.255967544619));
#1914=CARTESIAN_POINT('',(43.433511389514,0.,216.47811919358));
#1915=CARTESIAN_POINT('',(43.6664731157267,0.,216.696538544491));
#1916=CARTESIAN_POINT('',(43.9035266484064,0.,216.911225597349));
#1917=CARTESIAN_POINT('',(44.1442425250173,0.,217.121798090255));
#1918=CARTESIAN_POINT('',(44.3881912830235,0.,217.327873761306));
#1919=CARTESIAN_POINT('',(44.635372922425,0.,217.529452610503));
#1920=CARTESIAN_POINT('',(44.8857874432219,0.,217.726534637845));
#1921=CARTESIAN_POINT('',(45.139434845414,0.,217.919119843334));
#1922=CARTESIAN_POINT('',(45.3963151290015,0.,218.107208226967));
#1923=CARTESIAN_POINT('',(45.6564282939843,0.,218.290799788746));
#1924=CARTESIAN_POINT('',(45.9197743403624,0.,218.46989452867));
#1925=CARTESIAN_POINT('',(46.1863532681358,0.,218.644492446741));
#1926=CARTESIAN_POINT('',(46.4561650773045,0.,218.814593542956));
#1927=CARTESIAN_POINT('',(46.7292097678686,0.,218.980197817317));
#1928=CARTESIAN_POINT('',(47.005487339828,0.,219.141305269824));
#1929=CARTESIAN_POINT('',(47.2844986491054,0.,219.297630563095));
#1930=CARTESIAN_POINT('',(47.5657445516232,0.,219.44888835975));
#1931=CARTESIAN_POINT('',(47.8492250473816,0.,219.595078659788));
#1932=CARTESIAN_POINT('',(48.1349401363803,0.,219.73620146321));
#1933=CARTESIAN_POINT('',(48.4228898186195,0.,219.872256770016));
#1934=CARTESIAN_POINT('',(48.713074094099,0.,220.003244580206));
#1935=CARTESIAN_POINT('',(49.0054929628191,0.,220.129164893779));
#1936=CARTESIAN_POINT('',(49.3001464247795,0.,220.250017710735));
#1937=CARTESIAN_POINT('',(49.5970344799804,0.,220.365803031076));
#1938=CARTESIAN_POINT('',(49.8961571284218,0.,220.4765208548));
#1939=CARTESIAN_POINT('',(50.1975143701035,0.,220.582171181907));
#1940=CARTESIAN_POINT('',(50.5011062050258,0.,220.682754012399));
#1941=CARTESIAN_POINT('',(39.392723000487,0.,210.795252000172));
#1942=CARTESIAN_POINT('',(39.392723000487,2000.,210.795252000172));
#1943=CARTESIAN_POINT('',(50.5011062050258,2000.,220.682754012398));
#1944=CARTESIAN_POINT('',(50.1975143701036,2000.,220.582171181907));
#1945=CARTESIAN_POINT('',(49.8961571284218,2000.,220.476520854799));
#1946=CARTESIAN_POINT('',(49.5970344799805,2000.,220.365803031075));
#1947=CARTESIAN_POINT('',(49.3001464247796,2000.,220.250017710735));
#1948=CARTESIAN_POINT('',(49.0054929628191,2000.,220.129164893778));
#1949=CARTESIAN_POINT('',(48.713074094099,2000.,220.003244580205));
#1950=CARTESIAN_POINT('',(48.4228898186195,2000.,219.872256770016));
#1951=CARTESIAN_POINT('',(48.1349401363803,2000.,219.73620146321));
#1952=CARTESIAN_POINT('',(47.8492250473816,2000.,219.595078659788));
#1953=CARTESIAN_POINT('',(47.5657445516233,2000.,219.448888359749));
#1954=CARTESIAN_POINT('',(47.2844986491054,2000.,219.297630563095));
#1955=CARTESIAN_POINT('',(47.005487339828,2000.,219.141305269823));
#1956=CARTESIAN_POINT('',(46.7292097678686,2000.,218.980197817317));
#1957=CARTESIAN_POINT('',(46.4561650773046,2000.,218.814593542956));
#1958=CARTESIAN_POINT('',(46.1863532681358,2000.,218.64449244674));
#1959=CARTESIAN_POINT('',(45.9197743403624,2000.,218.46989452867));
#1960=CARTESIAN_POINT('',(45.6564282939843,2000.,218.290799788746));
#1961=CARTESIAN_POINT('',(45.3963151290015,2000.,218.107208226967));
#1962=CARTESIAN_POINT('',(45.1394348454141,2000.,217.919119843333));
#1963=CARTESIAN_POINT('',(44.8857874432219,2000.,217.726534637845));
#1964=CARTESIAN_POINT('',(44.6353729224251,2000.,217.529452610503));
#1965=CARTESIAN_POINT('',(44.3881912830235,2000.,217.327873761306));
#1966=CARTESIAN_POINT('',(44.1442425250173,2000.,217.121798090254));
#1967=CARTESIAN_POINT('',(43.9035266484065,2000.,216.911225597349));
#1968=CARTESIAN_POINT('',(43.6664731157267,2000.,216.69653854449));
#1969=CARTESIAN_POINT('',(43.433511389514,2000.,216.47811919358));
#1970=CARTESIAN_POINT('',(43.2046414697681,2000.,216.255967544618));
#1971=CARTESIAN_POINT('',(42.9798633564892,2000.,216.030083597605));
#1972=CARTESIAN_POINT('',(42.7591770496772,2000.,215.800467352542));
#1973=CARTESIAN_POINT('',(42.5425825493323,2000.,215.567118809426));
#1974=CARTESIAN_POINT('',(42.3300798554542,2000.,215.330037968259));
#1975=CARTESIAN_POINT('',(42.1216689680431,2000.,215.089224829041));
#1976=CARTESIAN_POINT('',(41.917349887099,2000.,214.844679391771));
#1977=CARTESIAN_POINT('',(41.7171226126217,2000.,214.59640165645));
#1978=CARTESIAN_POINT('',(41.5209871446115,2000.,214.344391623078));
#1979=CARTESIAN_POINT('',(41.3289434830681,2000.,214.088649291654));
#1980=CARTESIAN_POINT('',(41.1413328957105,2000.,213.829637370051));
#1981=CARTESIAN_POINT('',(40.9584966502576,2000.,213.567818566142));
#1982=CARTESIAN_POINT('',(40.7804347467094,2000.,213.303192879926));
#1983=CARTESIAN_POINT('',(40.6071471850659,2000.,213.035760311402));
#1984=CARTESIAN_POINT('',(40.4386339653272,2000.,212.765520860572));
#1985=CARTESIAN_POINT('',(40.274895087493,2000.,212.492474527435));
#1986=CARTESIAN_POINT('',(40.1159305515636,2000.,212.216621311992));
#1987=CARTESIAN_POINT('',(39.9617403575389,2000.,211.937961214241));
#1988=CARTESIAN_POINT('',(39.8123245054188,2000.,211.656494234184));
#1989=CARTESIAN_POINT('',(39.6676829952035,2000.,211.37222037182));
#1990=CARTESIAN_POINT('',(39.5278158268928,2000.,211.08513962715));
#1991=CARTESIAN_POINT('',(39.3927230004873,2000.,210.795252000172));
#1992=CARTESIAN_POINT('',(46.1497610005108,0.,194.785496000304));
#1993=CARTESIAN_POINT('',(45.924135183017,0.,194.875550348365));
#1994=CARTESIAN_POINT('',(45.7007126630944,0.,194.969942213173));
#1995=CARTESIAN_POINT('',(45.4794934407429,0.,195.068671594729));
#1996=CARTESIAN_POINT('',(45.2604775159626,0.,195.171738493033));
#1997=CARTESIAN_POINT('',(45.0436648887533,0.,195.279142908085));
#1998=CARTESIAN_POINT('',(44.8290555591151,0.,195.390884839884));
#1999=CARTESIAN_POINT('',(44.616649527048,0.,195.506964288431));
#2000=CARTESIAN_POINT('',(44.4064467925521,0.,195.627381253726));
#2001=CARTESIAN_POINT('',(44.1984473556273,0.,195.752135735768));
#2002=CARTESIAN_POINT('',(43.9926512162736,0.,195.881227734558));
#2003=CARTESIAN_POINT('',(43.789468055708,0.,196.014394541185));
#2004=CARTESIAN_POINT('',(43.5893075551476,0.,196.151373446736));
#2005=CARTESIAN_POINT('',(43.3921697145926,0.,196.292164451213));
#2006=CARTESIAN_POINT('',(43.1980545340429,0.,196.436767554616));
#2007=CARTESIAN_POINT('',(43.0069620134984,0.,196.585182756944));
#2008=CARTESIAN_POINT('',(42.8188921529592,0.,196.737410058196));
#2009=CARTESIAN_POINT('',(42.6338449524253,0.,196.893449458375));
#2010=CARTESIAN_POINT('',(42.4518204118967,0.,197.053300957478));
#2011=CARTESIAN_POINT('',(42.2728185313734,0.,197.216964555506));
#2012=CARTESIAN_POINT('',(42.0968393108554,0.,197.384440252461));
#2013=CARTESIAN_POINT('',(41.924231935206,0.,197.555389043026));
#2014=CARTESIAN_POINT('',(41.7553455892886,0.,197.729471921888));
#2015=CARTESIAN_POINT('',(41.5901802731031,0.,197.906688889049));
#2016=CARTESIAN_POINT('',(41.4287359866496,0.,198.087039944508));
#2017=CARTESIAN_POINT('',(41.2710127299281,0.,198.270525088263));
#2018=CARTESIAN_POINT('',(41.1170105029385,0.,198.457144320317));
#2019=CARTESIAN_POINT('',(40.9667293056809,0.,198.646897640668));
#2020=CARTESIAN_POINT('',(40.8201691381553,0.,198.839785049317));
#2021=CARTESIAN_POINT('',(40.6773300003616,0.,199.035806546263));
#2022=CARTESIAN_POINT('',(40.5382118922999,0.,199.234962131507));
#2023=CARTESIAN_POINT('',(40.403089525115,0.,199.436850073224));
#2024=CARTESIAN_POINT('',(40.2722376099516,0.,199.641068639591));
#2025=CARTESIAN_POINT('',(40.1456561468098,0.,199.847617830606));
#2026=CARTESIAN_POINT('',(40.0233451356894,0.,200.056497646271));
#2027=CARTESIAN_POINT('',(39.9053045765907,0.,200.267708086585));
#2028=CARTESIAN_POINT('',(39.7915344695134,0.,200.481249151548));
#2029=CARTESIAN_POINT('',(39.6820348144577,0.,200.697120841161));
#2030=CARTESIAN_POINT('',(39.5768056114236,0.,200.915323155422));
#2031=CARTESIAN_POINT('',(39.4758468604109,0.,201.135856094333));
#2032=CARTESIAN_POINT('',(39.3791585614198,0.,201.358719657892));
#2033=CARTESIAN_POINT('',(39.2769693039689,0.,201.608525735707));
#2034=CARTESIAN_POINT('',(39.1805194715728,0.,201.860102022741));
#2035=CARTESIAN_POINT('',(39.0898090642315,0.,202.113448518994));
#2036=CARTESIAN_POINT('',(39.0048380819449,0.,202.368565224467));
#2037=CARTESIAN_POINT('',(38.9256065247131,0.,202.625452139159));
#2038=CARTESIAN_POINT('',(38.8521143925361,0.,202.88410926307));
#2039=CARTESIAN_POINT('',(38.7843616854138,0.,203.1445365962));
#2040=CARTESIAN_POINT('',(38.7223484033463,0.,203.40673413855));
#2041=CARTESIAN_POINT('',(38.6660745463336,0.,203.670701890119));
#2042=CARTESIAN_POINT('',(38.6156588749672,0.,203.935850868869));
#2043=CARTESIAN_POINT('',(38.5712201498387,0.,204.201592092762));
#2044=CARTESIAN_POINT('',(38.5327583709479,0.,204.467925561797));
#2045=CARTESIAN_POINT('',(38.5002735382952,0.,204.734851275975));
#2046=CARTESIAN_POINT('',(38.4737656518802,0.,205.002369235296));
#2047=CARTESIAN_POINT('',(38.4532347117032,0.,205.270479439759));
#2048=CARTESIAN_POINT('',(38.438680717764,0.,205.539181889365));
#2049=CARTESIAN_POINT('',(38.4301036700627,0.,205.808476584114));
#2050=CARTESIAN_POINT('',(38.4275035685992,0.,206.078363524005));
#2051=CARTESIAN_POINT('',(38.4308795497094,0.,206.348241873643));
#2052=CARTESIAN_POINT('',(38.4402307497292,0.,206.61751079763));
#2053=CARTESIAN_POINT('',(38.4555571686583,0.,206.886170295967));
#2054=CARTESIAN_POINT('',(38.476858806497,0.,207.154220368653));
#2055=CARTESIAN_POINT('',(38.5041356632451,0.,207.42166101569));
#2056=CARTESIAN_POINT('',(38.5373877389026,0.,207.688492237075));
#2057=CARTESIAN_POINT('',(38.5766150334697,0.,207.954714032811));
#2058=CARTESIAN_POINT('',(38.6218175469463,0.,208.220326402897));
#2059=CARTESIAN_POINT('',(38.6729952793323,0.,208.485329347332));
#2060=CARTESIAN_POINT('',(38.730027777279,0.,208.749134227934));
#2061=CARTESIAN_POINT('',(38.7927945874378,0.,209.011152406519));
#2062=CARTESIAN_POINT('',(38.8612957098087,0.,209.271383883089));
#2063=CARTESIAN_POINT('',(38.9355311443916,0.,209.529828657643));
#2064=CARTESIAN_POINT('',(39.0155008911866,0.,209.786486730181));
#2065=CARTESIAN_POINT('',(39.1012049501937,0.,210.041358100702));
#2066=CARTESIAN_POINT('',(39.1926433214128,0.,210.294442769208));
#2067=CARTESIAN_POINT('',(39.289816004844,0.,210.545740735698));
#2068=CARTESIAN_POINT('',(39.3927230004869,0.,210.795252000172));
#2069=CARTESIAN_POINT('',(46.1497610005108,2000.,194.785496000304));
#2070=CARTESIAN_POINT('',(46.1497610005108,0.,194.785496000304));
#2071=CARTESIAN_POINT('',(39.3927230004873,2000.,210.795252000172));
#2072=CARTESIAN_POINT('',(39.2898160048441,2000.,210.545740735698));
#2073=CARTESIAN_POINT('',(39.1926433214129,2000.,210.294442769208));
#2074=CARTESIAN_POINT('',(39.1012049501937,2000.,210.041358100702));
#2075=CARTESIAN_POINT('',(39.0155008911867,2000.,209.78648673018));
#2076=CARTESIAN_POINT('',(38.9355311443916,2000.,209.529828657643));
#2077=CARTESIAN_POINT('',(38.8612957098087,2000.,209.271383883089));
#2078=CARTESIAN_POINT('',(38.7927945874379,2000.,209.011152406519));
#2079=CARTESIAN_POINT('',(38.730027777279,2000.,208.749134227933));
#2080=CARTESIAN_POINT('',(38.6729952793323,2000.,208.485329347332));
#2081=CARTESIAN_POINT('',(38.6218175469463,2000.,208.220326402896));
#2082=CARTESIAN_POINT('',(38.5766150334698,2000.,207.954714032811));
#2083=CARTESIAN_POINT('',(38.5373877389027,2000.,207.688492237075));
#2084=CARTESIAN_POINT('',(38.5041356632451,2000.,207.421661015689));
#2085=CARTESIAN_POINT('',(38.476858806497,2000.,207.154220368653));
#2086=CARTESIAN_POINT('',(38.4555571686583,2000.,206.886170295966));
#2087=CARTESIAN_POINT('',(38.4402307497292,2000.,206.617510797629));
#2088=CARTESIAN_POINT('',(38.4308795497095,2000.,206.348241873642));
#2089=CARTESIAN_POINT('',(38.4275035685992,2000.,206.078363524005));
#2090=CARTESIAN_POINT('',(38.4301036700627,2000.,205.808476584113));
#2091=CARTESIAN_POINT('',(38.438680717764,2000.,205.539181889365));
#2092=CARTESIAN_POINT('',(38.4532347117032,2000.,205.270479439759));
#2093=CARTESIAN_POINT('',(38.4737656518803,2000.,205.002369235296));
#2094=CARTESIAN_POINT('',(38.5002735382952,2000.,204.734851275975));
#2095=CARTESIAN_POINT('',(38.532758370948,2000.,204.467925561797));
#2096=CARTESIAN_POINT('',(38.5712201498386,2000.,204.201592092762));
#2097=CARTESIAN_POINT('',(38.6156588749672,2000.,203.935850868869));
#2098=CARTESIAN_POINT('',(38.6660745463336,2000.,203.670701890119));
#2099=CARTESIAN_POINT('',(38.7223484033463,2000.,203.40673413855));
#2100=CARTESIAN_POINT('',(38.7843616854138,2000.,203.1445365962));
#2101=CARTESIAN_POINT('',(38.8521143925361,2000.,202.88410926307));
#2102=CARTESIAN_POINT('',(38.9256065247131,2000.,202.625452139158));
#2103=CARTESIAN_POINT('',(39.0048380819449,2000.,202.368565224466));
#2104=CARTESIAN_POINT('',(39.0898090642315,2000.,202.113448518994));
#2105=CARTESIAN_POINT('',(39.1805194715728,2000.,201.860102022741));
#2106=CARTESIAN_POINT('',(39.2769693039689,2000.,201.608525735707));
#2107=CARTESIAN_POINT('',(39.3791585614198,2000.,201.358719657892));
#2108=CARTESIAN_POINT('',(39.4758468604109,2000.,201.135856094332));
#2109=CARTESIAN_POINT('',(39.5768056114236,2000.,200.915323155421));
#2110=CARTESIAN_POINT('',(39.6820348144577,2000.,200.69712084116));
#2111=CARTESIAN_POINT('',(39.7915344695135,2000.,200.481249151548));
#2112=CARTESIAN_POINT('',(39.9053045765907,2000.,200.267708086585));
#2113=CARTESIAN_POINT('',(40.0233451356895,2000.,200.056497646271));
#2114=CARTESIAN_POINT('',(40.1456561468098,2000.,199.847617830606));
#2115=CARTESIAN_POINT('',(40.2722376099516,2000.,199.64106863959));
#2116=CARTESIAN_POINT('',(40.403089525115,2000.,199.436850073224));
#2117=CARTESIAN_POINT('',(40.5382118922999,2000.,199.234962131507));
#2118=CARTESIAN_POINT('',(40.6773300003616,2000.,199.035806546262));
#2119=CARTESIAN_POINT('',(40.8201691381553,2000.,198.839785049316));
#2120=CARTESIAN_POINT('',(40.9667293056809,2000.,198.646897640668));
#2121=CARTESIAN_POINT('',(41.1170105029385,2000.,198.457144320316));
#2122=CARTESIAN_POINT('',(41.2710127299281,2000.,198.270525088263));
#2123=CARTESIAN_POINT('',(41.4287359866496,2000.,198.087039944507));
#2124=CARTESIAN_POINT('',(41.5901802731031,2000.,197.906688889049));
#2125=CARTESIAN_POINT('',(41.7553455892886,2000.,197.729471921888));
#2126=CARTESIAN_POINT('',(41.924231935206,2000.,197.555389043026));
#2127=CARTESIAN_POINT('',(42.0968393108554,2000.,197.38444025246));
#2128=CARTESIAN_POINT('',(42.2728185313734,2000.,197.216964555506));
#2129=CARTESIAN_POINT('',(42.4518204118967,2000.,197.053300957477));
#2130=CARTESIAN_POINT('',(42.6338449524254,2000.,196.893449458374));
#2131=CARTESIAN_POINT('',(42.8188921529592,2000.,196.737410058196));
#2132=CARTESIAN_POINT('',(43.0069620134985,2000.,196.585182756943));
#2133=CARTESIAN_POINT('',(43.1980545340429,2000.,196.436767554615));
#2134=CARTESIAN_POINT('',(43.3921697145926,2000.,196.292164451213));
#2135=CARTESIAN_POINT('',(43.5893075551477,2000.,196.151373446736));
#2136=CARTESIAN_POINT('',(43.789468055708,2000.,196.014394541184));
#2137=CARTESIAN_POINT('',(43.9926512162736,2000.,195.881227734558));
#2138=CARTESIAN_POINT('',(44.1984473556273,2000.,195.752135735768));
#2139=CARTESIAN_POINT('',(44.4064467925521,2000.,195.627381253725));
#2140=CARTESIAN_POINT('',(44.616649527048,2000.,195.50696428843));
#2141=CARTESIAN_POINT('',(44.8290555591151,2000.,195.390884839884));
#2142=CARTESIAN_POINT('',(45.0436648887533,2000.,195.279142908084));
#2143=CARTESIAN_POINT('',(45.2604775159626,2000.,195.171738493033));
#2144=CARTESIAN_POINT('',(45.4794934407429,2000.,195.068671594729));
#2145=CARTESIAN_POINT('',(45.7007126630944,2000.,194.969942213173));
#2146=CARTESIAN_POINT('',(45.9241351830171,2000.,194.875550348364));
#2147=CARTESIAN_POINT('',(46.1497610005108,2000.,194.785496000304));
#2148=CARTESIAN_POINT('',(46.1497610005108,0.,194.785496000304));
#2149=CARTESIAN_POINT('',(46.2420944631552,0.,194.778720729425));
#2150=CARTESIAN_POINT('',(46.3335213062627,0.,194.764143178918));
#2151=CARTESIAN_POINT('',(46.42338343103,0.,194.741868279329));
#2152=CARTESIAN_POINT('',(46.5110340016397,0.,194.712056367428));
#2153=CARTESIAN_POINT('',(46.5958421012444,0.,194.674922032092));
#2154=CARTESIAN_POINT('',(46.6771972733635,0.,194.630732569673));
#2155=CARTESIAN_POINT('',(46.7545139160054,0.,194.579806059975));
#2156=CARTESIAN_POINT('',(46.8272354968839,0.,194.522509076687));
#2157=CARTESIAN_POINT('',(46.8948385593891,0.,194.45925404875));
#2158=CARTESIAN_POINT('',(46.9568364904757,0.,194.390496291658));
#2159=CARTESIAN_POINT('',(47.0127830233487,0.,194.316730730053));
#2160=CARTESIAN_POINT('',(47.0622754497324,0.,194.238488335215));
#2161=CARTESIAN_POINT('',(47.1049575186016,0.,194.156332303078));
#2162=CARTESIAN_POINT('',(47.1405220005094,0.,194.070854000299));
#2163=CARTESIAN_POINT('',(47.1405220005094,0.,194.070854000299));
#2164=CARTESIAN_POINT('',(47.1405220005095,2000.,194.070854000298));
#2165=CARTESIAN_POINT('',(47.1405220005095,2000.,194.070854000298));
#2166=CARTESIAN_POINT('',(47.1049575186018,2000.,194.156332303078));
#2167=CARTESIAN_POINT('',(47.0622754497325,2000.,194.238488335214));
#2168=CARTESIAN_POINT('',(47.0127830233489,2000.,194.316730730053));
#2169=CARTESIAN_POINT('',(46.9568364904759,2000.,194.390496291658));
#2170=CARTESIAN_POINT('',(46.8948385593893,2000.,194.45925404875));
#2171=CARTESIAN_POINT('',(46.8272354968841,2000.,194.522509076687));
#2172=CARTESIAN_POINT('',(46.7545139160055,2000.,194.579806059975));
#2173=CARTESIAN_POINT('',(46.6771972733637,2000.,194.630732569673));
#2174=CARTESIAN_POINT('',(46.5958421012445,2000.,194.674922032092));
#2175=CARTESIAN_POINT('',(46.5110340016398,2000.,194.712056367428));
#2176=CARTESIAN_POINT('',(46.42338343103,2000.,194.741868279329));
#2177=CARTESIAN_POINT('',(46.3335213062628,2000.,194.764143178918));
#2178=CARTESIAN_POINT('',(46.2420944631553,2000.,194.778720729425));
#2179=CARTESIAN_POINT('',(46.1497610005108,2000.,194.785496000304));
#2180=CARTESIAN_POINT('',(47.1405220001879,2000.,185.57085399999));
#2181=CARTESIAN_POINT('',(47.1405220001879,2000.,194.070854000298));
#2182=CARTESIAN_POINT('',(47.1405220001879,2000.,194.070854000298));
#2183=CARTESIAN_POINT('',(47.1405220001879,0.,194.070854000299));
#2184=CARTESIAN_POINT('',(47.1405220001879,0.,194.070854000299));
#2185=CARTESIAN_POINT('',(47.1405220001879,0.,185.570853999991));
#2186=CARTESIAN_POINT('',(47.1405220001879,0.,185.570853999991));
#2187=CARTESIAN_POINT('',(47.1405220001879,2000.,185.57085399999));
#2188=CARTESIAN_POINT('',(47.1405219998661,0.,185.570853999991));
#2189=CARTESIAN_POINT('',(47.1390911436512,0.,185.463381207597));
#2190=CARTESIAN_POINT('',(47.12990199503,0.,185.356292421994));
#2191=CARTESIAN_POINT('',(47.1130025490244,0.,185.250146969058));
#2192=CARTESIAN_POINT('',(47.0884810716223,0.,185.145499247628));
#2193=CARTESIAN_POINT('',(47.0564656387633,0.,185.042895833878));
#2194=CARTESIAN_POINT('',(47.0171234673969,0.,184.942872626538));
#2195=CARTESIAN_POINT('',(46.9706600421065,0.,184.845952047894));
#2196=CARTESIAN_POINT('',(46.917318041861,0.,184.752640315169));
#2197=CARTESIAN_POINT('',(46.8573760725003,0.,184.663424796544));
#2198=CARTESIAN_POINT('',(46.7911472115738,0.,184.578771465631));
#2199=CARTESIAN_POINT('',(46.7189773731329,0.,184.499122467685));
#2200=CARTESIAN_POINT('',(46.6412435010185,0.,184.424893810278));
#2201=CARTESIAN_POINT('',(46.5583516000789,0.,184.356473190484));
#2202=CARTESIAN_POINT('',(46.4707346156026,0.,184.294217969935));
#2203=CARTESIAN_POINT('',(46.3788501720398,0.,184.238453308316));
#2204=CARTESIAN_POINT('',(46.2831781828256,0.,184.189470465053));
#2205=CARTESIAN_POINT('',(46.1842183437865,0.,184.147525278062));
#2206=CARTESIAN_POINT('',(46.0824875232241,0.,184.112836827505));
#2207=CARTESIAN_POINT('',(45.978517062306,0.,184.085586291531));
#2208=CARTESIAN_POINT('',(45.8728499998656,0.,184.065915999984));
#2209=CARTESIAN_POINT('',(45.8728499998656,0.,184.065915999984));
#2210=CARTESIAN_POINT('',(45.8728499998656,2000.,184.065915999984));
#2211=CARTESIAN_POINT('',(45.8728499998656,2000.,184.065915999984));
#2212=CARTESIAN_POINT('',(45.9785170623059,2000.,184.085586291531));
#2213=CARTESIAN_POINT('',(46.082487523224,2000.,184.112836827505));
#2214=CARTESIAN_POINT('',(46.1842183437865,2000.,184.147525278062));
#2215=CARTESIAN_POINT('',(46.2831781828256,2000.,184.189470465053));
#2216=CARTESIAN_POINT('',(46.3788501720398,2000.,184.238453308316));
#2217=CARTESIAN_POINT('',(46.4707346156025,2000.,184.294217969935));
#2218=CARTESIAN_POINT('',(46.5583516000789,2000.,184.356473190484));
#2219=CARTESIAN_POINT('',(46.6412435010184,2000.,184.424893810278));
#2220=CARTESIAN_POINT('',(46.7189773731329,2000.,184.499122467685));
#2221=CARTESIAN_POINT('',(46.7911472115738,2000.,184.578771465631));
#2222=CARTESIAN_POINT('',(46.8573760725003,2000.,184.663424796544));
#2223=CARTESIAN_POINT('',(46.917318041861,2000.,184.752640315169));
#2224=CARTESIAN_POINT('',(46.9706600421065,2000.,184.845952047894));
#2225=CARTESIAN_POINT('',(47.0171234673969,2000.,184.942872626538));
#2226=CARTESIAN_POINT('',(47.0564656387633,2000.,185.042895833878));
#2227=CARTESIAN_POINT('',(47.0884810716223,2000.,185.145499247628));
#2228=CARTESIAN_POINT('',(47.1130025490244,2000.,185.250146969058));
#2229=CARTESIAN_POINT('',(47.12990199503,2000.,185.356292421994));
#2230=CARTESIAN_POINT('',(47.1390911436512,2000.,185.463381207597));
#2231=CARTESIAN_POINT('',(47.1405219998661,2000.,185.570853999991));
#2232=CARTESIAN_POINT('',(47.1405219998661,2000.,185.570853999991));
#2233=CARTESIAN_POINT('',(47.1405219998661,0.,185.570853999991));
#2234=CARTESIAN_POINT('',(39.6728499998672,2000.,184.065915999988));
#2235=CARTESIAN_POINT('',(45.8728499998656,2000.,184.065915999988));
#2236=CARTESIAN_POINT('',(45.8728499998656,2000.,184.065915999988));
#2237=CARTESIAN_POINT('',(45.8728499998656,0.,184.065915999988));
#2238=CARTESIAN_POINT('',(45.8728499998656,0.,184.065915999988));
#2239=CARTESIAN_POINT('',(39.6728499998672,0.,184.065915999988));
#2240=CARTESIAN_POINT('',(39.6728499998672,0.,184.065915999988));
#2241=CARTESIAN_POINT('',(39.6728499998672,2000.,184.065915999988));
#2242=CARTESIAN_POINT('',(39.6728499998671,0.,184.065915999992));
#2243=CARTESIAN_POINT('',(39.63453690224,0.,183.730075727159));
#2244=CARTESIAN_POINT('',(39.5882985194159,0.,183.395234579358));
#2245=CARTESIAN_POINT('',(39.5341606739513,0.,183.061579553927));
#2246=CARTESIAN_POINT('',(39.4721535999826,0.,182.729296985795));
#2247=CARTESIAN_POINT('',(39.4023119263415,0.,182.398572443419));
#2248=CARTESIAN_POINT('',(39.3246746572157,0.,182.069590625153));
#2249=CARTESIAN_POINT('',(39.2392851503666,0.,181.7425352561));
#2250=CARTESIAN_POINT('',(39.1461910929154,0.,181.417588985504));
#2251=CARTESIAN_POINT('',(39.0454444747115,0.,181.094933284753));
#2252=CARTESIAN_POINT('',(38.9371015592981,0.,180.774748346028));
#2253=CARTESIAN_POINT('',(38.8212228524905,0.,180.457212981674));
#2254=CARTESIAN_POINT('',(38.6978730685862,0.,180.14250452434));
#2255=CARTESIAN_POINT('',(38.5671210942237,0.,179.830798727944));
#2256=CARTESIAN_POINT('',(38.429039949912,0.,179.522269669519));
#2257=CARTESIAN_POINT('',(38.2837067492511,0.,179.217089652001));
#2258=CARTESIAN_POINT('',(38.1312026558664,0.,178.915429107999));
#2259=CARTESIAN_POINT('',(37.9716128380821,0.,178.617456504617));
#2260=CARTESIAN_POINT('',(37.805026421357,0.,178.32333824937));
#2261=CARTESIAN_POINT('',(37.6315364385115,0.,178.033238597252));
#2262=CARTESIAN_POINT('',(37.4512397777717,0.,177.747319559004));
#2263=CARTESIAN_POINT('',(37.2642371286606,0.,177.465740810636));
#2264=CARTESIAN_POINT('',(37.0706329257666,0.,177.188659604257));
#2265=CARTESIAN_POINT('',(36.8705352904202,0.,176.91623068025));
#2266=CARTESIAN_POINT('',(36.664055970312,0.,176.648606180859));
#2267=CARTESIAN_POINT('',(36.4513102770856,0.,176.38593556522));
#2268=CARTESIAN_POINT('',(36.2324170219395,0.,176.128365525894));
#2269=CARTESIAN_POINT('',(36.0074984492758,0.,175.876039906946));
#2270=CARTESIAN_POINT('',(35.7766801684301,0.,175.629099623609));
#2271=CARTESIAN_POINT('',(35.5400910835238,0.,175.387682583594));
#2272=CARTESIAN_POINT('',(35.2978633214749,0.,175.151923610065));
#2273=CARTESIAN_POINT('',(35.0501321582098,0.,174.921954366351));
#2274=CARTESIAN_POINT('',(34.7970359431167,0.,174.697903282417));
#2275=CARTESIAN_POINT('',(34.5387160217815,0.,174.479895483134));
#2276=CARTESIAN_POINT('',(34.2753166570518,0.,174.268052718408));
#2277=CARTESIAN_POINT('',(34.0069849484706,0.,174.062493295183));
#2278=CARTESIAN_POINT('',(33.7338707501264,0.,173.863332011371));
#2279=CARTESIAN_POINT('',(33.4561265869649,0.,173.670680091743));
#2280=CARTESIAN_POINT('',(33.1739075696086,0.,173.484645125811));
#2281=CARTESIAN_POINT('',(32.8873713077335,0.,173.305331007746));
#2282=CARTESIAN_POINT('',(32.5966778220488,0.,173.132837878355));
#2283=CARTESIAN_POINT('',(32.3019894549314,0.,172.967262069154));
#2284=CARTESIAN_POINT('',(32.0034707797627,0.,172.808696048575));
#2285=CARTESIAN_POINT('',(31.7012885090204,0.,172.657228370321));
#2286=CARTESIAN_POINT('',(31.395611401175,0.,172.512943623913));
#2287=CARTESIAN_POINT('',(31.0866101664443,0.,172.375922387451));
#2288=CARTESIAN_POINT('',(30.774457371457,0.,172.246241182612));
#2289=CARTESIAN_POINT('',(30.4593273428808,0.,172.123972431918));
#2290=CARTESIAN_POINT('',(30.1413960700666,0.,172.009184418287));
#2291=CARTESIAN_POINT('',(29.8208411067641,0.,171.901941246901));
#2292=CARTESIAN_POINT('',(29.497841471965,0.,171.802302809406));
#2293=CARTESIAN_POINT('',(29.172577549926,0.,171.710324750465));
#2294=CARTESIAN_POINT('',(28.8452309894313,0.,171.62605843668));
#2295=CARTESIAN_POINT('',(28.515984602347,0.,171.549550927907));
#2296=CARTESIAN_POINT('',(28.1850222615279,0.,171.480844950974));
#2297=CARTESIAN_POINT('',(27.8525287981299,0.,171.419978875823));
#2298=CARTESIAN_POINT('',(27.5186898983888,0.,171.366986694075));
#2299=CARTESIAN_POINT('',(27.1836919999206,0.,171.321898000053));
#2300=CARTESIAN_POINT('',(27.1836919999206,0.,171.321898000053));
#2301=CARTESIAN_POINT('',(27.1836919999205,2000.,171.321898000053));
#2302=CARTESIAN_POINT('',(27.1836919999205,2000.,171.321898000053));
#2303=CARTESIAN_POINT('',(27.5186898983888,2000.,171.366986694075));
#2304=CARTESIAN_POINT('',(27.8525287981298,2000.,171.419978875823));
#2305=CARTESIAN_POINT('',(28.1850222615278,2000.,171.480844950974));
#2306=CARTESIAN_POINT('',(28.515984602347,2000.,171.549550927907));
#2307=CARTESIAN_POINT('',(28.8452309894312,2000.,171.62605843668));
#2308=CARTESIAN_POINT('',(29.172577549926,2000.,171.710324750465));
#2309=CARTESIAN_POINT('',(29.4978414719649,2000.,171.802302809406));
#2310=CARTESIAN_POINT('',(29.8208411067641,2000.,171.901941246901));
#2311=CARTESIAN_POINT('',(30.1413960700665,2000.,172.009184418287));
#2312=CARTESIAN_POINT('',(30.4593273428808,2000.,172.123972431918));
#2313=CARTESIAN_POINT('',(30.774457371457,2000.,172.246241182612));
#2314=CARTESIAN_POINT('',(31.0866101664442,2000.,172.375922387451));
#2315=CARTESIAN_POINT('',(31.395611401175,2000.,172.512943623913));
#2316=CARTESIAN_POINT('',(31.7012885090204,2000.,172.657228370321));
#2317=CARTESIAN_POINT('',(32.0034707797627,2000.,172.808696048575));
#2318=CARTESIAN_POINT('',(32.3019894549314,2000.,172.967262069154));
#2319=CARTESIAN_POINT('',(32.5966778220488,2000.,173.132837878355));
#2320=CARTESIAN_POINT('',(32.8873713077334,2000.,173.305331007746));
#2321=CARTESIAN_POINT('',(33.1739075696086,2000.,173.484645125811));
#2322=CARTESIAN_POINT('',(33.4561265869648,2000.,173.670680091743));
#2323=CARTESIAN_POINT('',(33.7338707501264,2000.,173.863332011371));
#2324=CARTESIAN_POINT('',(34.0069849484706,2000.,174.062493295183));
#2325=CARTESIAN_POINT('',(34.2753166570518,2000.,174.268052718408));
#2326=CARTESIAN_POINT('',(34.5387160217815,2000.,174.479895483134));
#2327=CARTESIAN_POINT('',(34.7970359431167,2000.,174.697903282417));
#2328=CARTESIAN_POINT('',(35.0501321582098,2000.,174.921954366351));
#2329=CARTESIAN_POINT('',(35.2978633214749,2000.,175.151923610065));
#2330=CARTESIAN_POINT('',(35.5400910835238,2000.,175.387682583594));
#2331=CARTESIAN_POINT('',(35.7766801684301,2000.,175.629099623609));
#2332=CARTESIAN_POINT('',(36.0074984492758,2000.,175.876039906946));
#2333=CARTESIAN_POINT('',(36.2324170219395,2000.,176.128365525894));
#2334=CARTESIAN_POINT('',(36.4513102770856,2000.,176.38593556522));
#2335=CARTESIAN_POINT('',(36.664055970312,2000.,176.648606180859));
#2336=CARTESIAN_POINT('',(36.8705352904202,2000.,176.91623068025));
#2337=CARTESIAN_POINT('',(37.0706329257666,2000.,177.188659604257));
#2338=CARTESIAN_POINT('',(37.2642371286606,2000.,177.465740810636));
#2339=CARTESIAN_POINT('',(37.4512397777717,2000.,177.747319559004));
#2340=CARTESIAN_POINT('',(37.6315364385115,2000.,178.033238597252));
#2341=CARTESIAN_POINT('',(37.805026421357,2000.,178.32333824937));
#2342=CARTESIAN_POINT('',(37.9716128380821,2000.,178.617456504617));
#2343=CARTESIAN_POINT('',(38.1312026558664,2000.,178.915429107999));
#2344=CARTESIAN_POINT('',(38.2837067492511,2000.,179.217089652001));
#2345=CARTESIAN_POINT('',(38.429039949912,2000.,179.522269669519));
#2346=CARTESIAN_POINT('',(38.5671210942237,2000.,179.830798727944));
#2347=CARTESIAN_POINT('',(38.6978730685862,2000.,180.14250452434));
#2348=CARTESIAN_POINT('',(38.8212228524905,2000.,180.457212981674));
#2349=CARTESIAN_POINT('',(38.9371015592981,2000.,180.774748346028));
#2350=CARTESIAN_POINT('',(39.0454444747115,2000.,181.094933284753));
#2351=CARTESIAN_POINT('',(39.1461910929154,2000.,181.417588985504));
#2352=CARTESIAN_POINT('',(39.2392851503666,2000.,181.7425352561));
#2353=CARTESIAN_POINT('',(39.3246746572157,2000.,182.069590625153));
#2354=CARTESIAN_POINT('',(39.4023119263415,2000.,182.398572443419));
#2355=CARTESIAN_POINT('',(39.4721535999826,2000.,182.729296985795));
#2356=CARTESIAN_POINT('',(39.5341606739513,2000.,183.061579553927));
#2357=CARTESIAN_POINT('',(39.5882985194159,2000.,183.395234579358));
#2358=CARTESIAN_POINT('',(39.63453690224,2000.,183.730075727159));
#2359=CARTESIAN_POINT('',(39.6728499998671,2000.,184.065915999992));
#2360=CARTESIAN_POINT('',(39.6728499998671,2000.,184.065915999992));
#2361=CARTESIAN_POINT('',(39.6728499998671,0.,184.065915999992));
#2362=CARTESIAN_POINT('',(27.1836919998889,2000.,148.921897999924));
#2363=CARTESIAN_POINT('',(27.1836919998889,2000.,171.321898000053));
#2364=CARTESIAN_POINT('',(27.1836919998889,2000.,171.321898000053));
#2365=CARTESIAN_POINT('',(27.1836919998889,0.,171.321898000053));
#2366=CARTESIAN_POINT('',(27.1836919998889,0.,171.321898000053));
#2367=CARTESIAN_POINT('',(27.1836919998889,0.,148.921897999924));
#2368=CARTESIAN_POINT('',(27.1836919998889,0.,148.921897999924));
#2369=CARTESIAN_POINT('',(27.1836919998889,2000.,148.921897999924));
#2370=CARTESIAN_POINT('',(27.1836919998568,0.,148.921897999924));
#2371=CARTESIAN_POINT('',(27.177400623296,0.,148.820052372548));
#2372=CARTESIAN_POINT('',(27.1636910166905,0.,148.718937784473));
#2373=CARTESIAN_POINT('',(27.1426363417682,0.,148.619093836741));
#2374=CARTESIAN_POINT('',(27.1143489574351,0.,148.521053349583));
#2375=CARTESIAN_POINT('',(27.0789798201687,0.,148.425339519005));
#2376=CARTESIAN_POINT('',(27.0367176784337,0.,148.332463124745));
#2377=CARTESIAN_POINT('',(26.9877880654207,0.,148.242919804475));
#2378=CARTESIAN_POINT('',(26.9324520954813,0.,148.157187408814));
#2379=CARTESIAN_POINT('',(26.8710050706835,0.,148.075723451273));
#2380=CARTESIAN_POINT('',(26.8037749049233,0.,147.998962666711));
#2381=CARTESIAN_POINT('',(26.7311203740026,0.,147.927314691363));
#2382=CARTESIAN_POINT('',(26.653429201011,0.,147.861161876806));
#2383=CARTESIAN_POINT('',(26.5711159872299,0.,147.800857249522));
#2384=CARTESIAN_POINT('',(26.4846199996005,0.,147.746722626971));
#2385=CARTESIAN_POINT('',(26.3944028265625,0.,147.699046900193));
#2386=CARTESIAN_POINT('',(26.3009459147735,0.,147.658084492139));
#2387=CARTESIAN_POINT('',(26.2047479998541,0.,147.624053999931));
#2388=CARTESIAN_POINT('',(26.2047479998541,0.,147.624053999931));
#2389=CARTESIAN_POINT('',(26.204747999854,2000.,147.624053999931));
#2390=CARTESIAN_POINT('',(26.204747999854,2000.,147.624053999931));
#2391=CARTESIAN_POINT('',(26.3009459147733,2000.,147.658084492139));
#2392=CARTESIAN_POINT('',(26.3944028265624,2000.,147.699046900193));
#2393=CARTESIAN_POINT('',(26.4846199996004,2000.,147.746722626971));
#2394=CARTESIAN_POINT('',(26.5711159872298,2000.,147.800857249522));
#2395=CARTESIAN_POINT('',(26.6534292010109,2000.,147.861161876806));
#2396=CARTESIAN_POINT('',(26.7311203740026,2000.,147.927314691363));
#2397=CARTESIAN_POINT('',(26.8037749049233,2000.,147.998962666711));
#2398=CARTESIAN_POINT('',(26.8710050706834,2000.,148.075723451273));
#2399=CARTESIAN_POINT('',(26.9324520954812,2000.,148.157187408814));
#2400=CARTESIAN_POINT('',(26.9877880654206,2000.,148.242919804474));
#2401=CARTESIAN_POINT('',(27.0367176784336,2000.,148.332463124745));
#2402=CARTESIAN_POINT('',(27.0789798201686,2000.,148.425339519005));
#2403=CARTESIAN_POINT('',(27.1143489574351,2000.,148.521053349583));
#2404=CARTESIAN_POINT('',(27.1426363417682,2000.,148.619093836741));
#2405=CARTESIAN_POINT('',(27.1636910166905,2000.,148.718937784473));
#2406=CARTESIAN_POINT('',(27.177400623296,2000.,148.820052372548));
#2407=CARTESIAN_POINT('',(27.1836919998568,2000.,148.921897999924));
#2408=CARTESIAN_POINT('',(27.1836919998568,2000.,148.921897999924));
#2409=CARTESIAN_POINT('',(27.1836919998568,0.,148.921897999924));
#2410=CARTESIAN_POINT('',(22.2586609998652,2000.,146.834895999986));
#2411=CARTESIAN_POINT('',(26.2047479998542,2000.,147.624053999931));
#2412=CARTESIAN_POINT('',(26.2047479998542,2000.,147.624053999931));
#2413=CARTESIAN_POINT('',(26.2047479998542,0.,147.624053999931));
#2414=CARTESIAN_POINT('',(26.2047479998542,0.,147.624053999931));
#2415=CARTESIAN_POINT('',(22.2586609998652,0.,146.834895999986));
#2416=CARTESIAN_POINT('',(22.2586609998652,0.,146.834895999986));
#2417=CARTESIAN_POINT('',(22.2586609998652,2000.,146.834895999986));
#2418=CARTESIAN_POINT('',(22.2586609998652,0.,139.134896000003));
#2419=CARTESIAN_POINT('',(22.2586609998652,2000.,139.134896000003));
#2420=CARTESIAN_POINT('',(22.2586609998652,2000.,139.134896000003));
#2421=CARTESIAN_POINT('',(22.2586609998652,2000.,146.834895999985));
#2422=CARTESIAN_POINT('',(22.2586609998652,2000.,146.834895999985));
#2423=CARTESIAN_POINT('',(22.2586609998652,0.,146.834895999986));
#2424=CARTESIAN_POINT('',(22.2586609998652,0.,146.834895999986));
#2425=CARTESIAN_POINT('',(22.2586609998652,0.,139.134896000003));
#2426=CARTESIAN_POINT('',(18.4404019998583,2000.,138.755984999996));
#2427=CARTESIAN_POINT('',(22.2586609998652,2000.,139.134896000003));
#2428=CARTESIAN_POINT('',(22.2586609998652,2000.,139.134896000003));
#2429=CARTESIAN_POINT('',(22.2586609998652,0.,139.134896000003));
#2430=CARTESIAN_POINT('',(22.2586609998652,0.,139.134896000003));
#2431=CARTESIAN_POINT('',(18.4404019998583,0.,138.755984999996));
#2432=CARTESIAN_POINT('',(18.4404019998583,0.,138.755984999996));
#2433=CARTESIAN_POINT('',(18.4404019998583,2000.,138.755984999996));
#2434=CARTESIAN_POINT('',(18.2148549998637,2000.,114.251388000004));
#2435=CARTESIAN_POINT('',(18.4404019998583,2000.,138.755984999996));
#2436=CARTESIAN_POINT('',(18.4404019998583,2000.,138.755984999996));
#2437=CARTESIAN_POINT('',(18.4404019998583,0.,138.755984999996));
#2438=CARTESIAN_POINT('',(18.4404019998583,0.,138.755984999996));
#2439=CARTESIAN_POINT('',(18.2148549998637,0.,114.251388000004));
#2440=CARTESIAN_POINT('',(18.2148549998637,0.,114.251388000004));
#2441=CARTESIAN_POINT('',(18.2148549998637,2000.,114.251388000004));
#2442=CARTESIAN_POINT('',(18.2148549998639,0.,114.251388000004));
#2443=CARTESIAN_POINT('',(18.2283857558252,0.,114.096252012207));
#2444=CARTESIAN_POINT('',(18.2341228770036,0.,113.940632792612));
#2445=CARTESIAN_POINT('',(18.2320519381206,0.,113.784921626413));
#2446=CARTESIAN_POINT('',(18.2221781462948,0.,113.629510029994));
#2447=CARTESIAN_POINT('',(18.204526327949,0.,113.474788766504));
#2448=CARTESIAN_POINT('',(18.1791408663874,0.,113.321146863339));
#2449=CARTESIAN_POINT('',(18.1460855901994,0.,113.168970633977));
#2450=CARTESIAN_POINT('',(18.1054436127702,0.,113.01864270664));
#2451=CARTESIAN_POINT('',(18.0573171233028,0.,112.870541062226));
#2452=CARTESIAN_POINT('',(18.0018271298758,0.,112.725038083919));
#2453=CARTESIAN_POINT('',(17.939113155184,0.,112.582499620881));
#2454=CARTESIAN_POINT('',(17.8693328857251,0.,112.44328406837));
#2455=CARTESIAN_POINT('',(17.7926617753175,0.,112.307741466596));
#2456=CARTESIAN_POINT('',(17.7092926039429,0.,112.176212620592));
#2457=CARTESIAN_POINT('',(17.6194349930252,0.,112.049028243301));
#2458=CARTESIAN_POINT('',(17.5233148783634,0.,111.926508124039));
#2459=CARTESIAN_POINT('',(17.4211739420442,0.,111.808960324423));
#2460=CARTESIAN_POINT('',(17.3132690047621,0.,111.696680403792));
#2461=CARTESIAN_POINT('',(17.1998713800763,0.,111.589950676057));
#2462=CARTESIAN_POINT('',(17.0812661922257,0.,111.489039499859));
#2463=CARTESIAN_POINT('',(16.9577516592202,0.,111.394200603813));
#2464=CARTESIAN_POINT('',(16.8296383430079,0.,111.305672448541));
#2465=CARTESIAN_POINT('',(16.6972483686059,0.,111.223677627091));
#2466=CARTESIAN_POINT('',(16.5609146141572,0.,111.148422305255));
#2467=CARTESIAN_POINT('',(16.4209798739495,0.,111.08009570319));
#2468=CARTESIAN_POINT('',(16.2777959965022,0.,111.018869619648));
#2469=CARTESIAN_POINT('',(16.1317229998863,0.,110.964898000009));
#2470=CARTESIAN_POINT('',(16.1317229998863,0.,110.964898000009));
#2471=CARTESIAN_POINT('',(16.1317229998862,2000.,110.964898000009));
#2472=CARTESIAN_POINT('',(16.1317229998862,2000.,110.964898000009));
#2473=CARTESIAN_POINT('',(16.2777959965021,2000.,111.018869619648));
#2474=CARTESIAN_POINT('',(16.4209798739494,2000.,111.08009570319));
#2475=CARTESIAN_POINT('',(16.560914614157,2000.,111.148422305255));
#2476=CARTESIAN_POINT('',(16.6972483686058,2000.,111.223677627091));
#2477=CARTESIAN_POINT('',(16.8296383430078,2000.,111.305672448541));
#2478=CARTESIAN_POINT('',(16.9577516592201,2000.,111.394200603813));
#2479=CARTESIAN_POINT('',(17.0812661922257,2000.,111.489039499859));
#2480=CARTESIAN_POINT('',(17.1998713800762,2000.,111.589950676057));
#2481=CARTESIAN_POINT('',(17.313269004762,2000.,111.696680403792));
#2482=CARTESIAN_POINT('',(17.4211739420441,2000.,111.808960324423));
#2483=CARTESIAN_POINT('',(17.5233148783634,2000.,111.926508124039));
#2484=CARTESIAN_POINT('',(17.6194349930252,2000.,112.049028243301));
#2485=CARTESIAN_POINT('',(17.7092926039429,2000.,112.176212620592));
#2486=CARTESIAN_POINT('',(17.7926617753175,2000.,112.307741466596));
#2487=CARTESIAN_POINT('',(17.8693328857251,2000.,112.44328406837));
#2488=CARTESIAN_POINT('',(17.9391131551839,2000.,112.582499620881));
#2489=CARTESIAN_POINT('',(18.0018271298758,2000.,112.725038083919));
#2490=CARTESIAN_POINT('',(18.0573171233027,2000.,112.870541062226));
#2491=CARTESIAN_POINT('',(18.1054436127702,2000.,113.01864270664));
#2492=CARTESIAN_POINT('',(18.1460855901994,2000.,113.168970633977));
#2493=CARTESIAN_POINT('',(18.1791408663874,2000.,113.321146863339));
#2494=CARTESIAN_POINT('',(18.204526327949,2000.,113.474788766504));
#2495=CARTESIAN_POINT('',(18.2221781462948,2000.,113.629510029994));
#2496=CARTESIAN_POINT('',(18.2320519381206,2000.,113.784921626413));
#2497=CARTESIAN_POINT('',(18.2341228770036,2000.,113.940632792612));
#2498=CARTESIAN_POINT('',(18.2283857558252,2000.,114.096252012207));
#2499=CARTESIAN_POINT('',(18.2148549998639,2000.,114.251388000004));
#2500=CARTESIAN_POINT('',(18.2148549998639,2000.,114.251388000004));
#2501=CARTESIAN_POINT('',(18.2148549998639,0.,114.251388000004));
#2502=CARTESIAN_POINT('',(12.8934992986384,0.,108.550106803315));
#2503=CARTESIAN_POINT('',(12.9652823832115,0.,108.681263144115));
#2504=CARTESIAN_POINT('',(13.0409967153486,0.,108.809751565217));
#2505=CARTESIAN_POINT('',(13.1206422950495,0.,108.935572066621));
#2506=CARTESIAN_POINT('',(13.2042191223145,0.,109.058724648327));
#2507=CARTESIAN_POINT('',(13.2917271971434,0.,109.179209310335));
#2508=CARTESIAN_POINT('',(13.3831665195362,0.,109.297026052645));
#2509=CARTESIAN_POINT('',(13.478537089493,0.,109.412174875258));
#2510=CARTESIAN_POINT('',(13.5774960377752,0.,109.5242548624));
#2511=CARTESIAN_POINT('',(13.6797004951446,0.,109.632865098299));
#2512=CARTESIAN_POINT('',(13.7851504616015,0.,109.738005582954));
#2513=CARTESIAN_POINT('',(13.8938459371455,0.,109.839676316368));
#2514=CARTESIAN_POINT('',(14.0057869217768,0.,109.937877298538));
#2515=CARTESIAN_POINT('',(14.1209734154955,0.,110.032608529465));
#2516=CARTESIAN_POINT('',(14.2394054183014,0.,110.12387000915));
#2517=CARTESIAN_POINT('',(14.3606600342338,0.,110.211346377833));
#2518=CARTESIAN_POINT('',(14.4843143673309,0.,110.294722275757));
#2519=CARTESIAN_POINT('',(14.610368417593,0.,110.37399770292));
#2520=CARTESIAN_POINT('',(14.73882218502,0.,110.449172659324));
#2521=CARTESIAN_POINT('',(14.8696756696119,0.,110.520247144968));
#2522=CARTESIAN_POINT('',(15.0029288713687,0.,110.587221159853));
#2523=CARTESIAN_POINT('',(15.1385817902904,0.,110.650094703977));
#2524=CARTESIAN_POINT('',(15.2761523589595,0.,110.708653525678));
#2525=CARTESIAN_POINT('',(15.4151585099577,0.,110.762683373289));
#2526=CARTESIAN_POINT('',(15.5556002432851,0.,110.812184246811));
#2527=CARTESIAN_POINT('',(15.6974775589416,0.,110.857156146244));
#2528=CARTESIAN_POINT('',(15.8407904569273,0.,110.897599071589));
#2529=CARTESIAN_POINT('',(15.9855389372422,0.,110.933513022843));
#2530=CARTESIAN_POINT('',(16.1317229998863,0.,110.964898000009));
#2531=CARTESIAN_POINT('',(12.8934992986383,0.,108.550106803315));
#2532=CARTESIAN_POINT('',(12.8934992986383,2000.,108.550106803315));
#2533=CARTESIAN_POINT('',(16.1317229998863,2000.,110.964898000009));
#2534=CARTESIAN_POINT('',(15.9855389372422,2000.,110.933513022843));
#2535=CARTESIAN_POINT('',(15.8407904569273,2000.,110.897599071588));
#2536=CARTESIAN_POINT('',(15.6974775589416,2000.,110.857156146244));
#2537=CARTESIAN_POINT('',(15.5556002432851,2000.,110.812184246811));
#2538=CARTESIAN_POINT('',(15.4151585099577,2000.,110.762683373289));
#2539=CARTESIAN_POINT('',(15.2761523589595,2000.,110.708653525678));
#2540=CARTESIAN_POINT('',(15.1385817902905,2000.,110.650094703977));
#2541=CARTESIAN_POINT('',(15.0029288713687,2000.,110.587221159853));
#2542=CARTESIAN_POINT('',(14.8696756696119,2000.,110.520247144968));
#2543=CARTESIAN_POINT('',(14.73882218502,2000.,110.449172659324));
#2544=CARTESIAN_POINT('',(14.610368417593,2000.,110.37399770292));
#2545=CARTESIAN_POINT('',(14.4843143673309,2000.,110.294722275756));
#2546=CARTESIAN_POINT('',(14.3606600342337,2000.,110.211346377833));
#2547=CARTESIAN_POINT('',(14.2394054183014,2000.,110.123870009149));
#2548=CARTESIAN_POINT('',(14.1209734154956,2000.,110.032608529465));
#2549=CARTESIAN_POINT('',(14.0057869217769,2000.,109.937877298538));
#2550=CARTESIAN_POINT('',(13.8938459371455,2000.,109.839676316367));
#2551=CARTESIAN_POINT('',(13.7851504616014,2000.,109.738005582954));
#2552=CARTESIAN_POINT('',(13.6797004951447,2000.,109.632865098298));
#2553=CARTESIAN_POINT('',(13.5774960377752,2000.,109.5242548624));
#2554=CARTESIAN_POINT('',(13.478537089493,2000.,109.412174875258));
#2555=CARTESIAN_POINT('',(13.3831665195362,2000.,109.297026052645));
#2556=CARTESIAN_POINT('',(13.2917271971433,2000.,109.179209310335));
#2557=CARTESIAN_POINT('',(13.2042191223144,2000.,109.058724648327));
#2558=CARTESIAN_POINT('',(13.1206422950495,2000.,108.935572066621));
#2559=CARTESIAN_POINT('',(13.0409967153484,2000.,108.809751565217));
#2560=CARTESIAN_POINT('',(12.9652823832113,2000.,108.681263144115));
#2561=CARTESIAN_POINT('',(12.893499298638,2000.,108.550106803315));
#2562=CARTESIAN_POINT('',(12.442590429663,0.,106.793696099916));
#2563=CARTESIAN_POINT('',(12.4708253019508,0.,106.994466352065));
#2564=CARTESIAN_POINT('',(12.5045267025271,0.,107.193833227382));
#2565=CARTESIAN_POINT('',(12.5436946313918,0.,107.391796725867));
#2566=CARTESIAN_POINT('',(12.5883290885451,0.,107.588356847521));
#2567=CARTESIAN_POINT('',(12.6384300739867,0.,107.783513592343));
#2568=CARTESIAN_POINT('',(12.6939975877169,0.,107.977266960334));
#2569=CARTESIAN_POINT('',(12.7550316297354,0.,108.169616951493));
#2570=CARTESIAN_POINT('',(12.8215322000425,0.,108.36056356582));
#2571=CARTESIAN_POINT('',(12.8934992986384,0.,108.550106803315));
#2572=CARTESIAN_POINT('',(12.4425904296627,0.,106.793696099916));
#2573=CARTESIAN_POINT('',(12.4425904296627,2000.,106.793696099916));
#2574=CARTESIAN_POINT('',(12.893499298638,2000.,108.550106803315));
#2575=CARTESIAN_POINT('',(12.8215322000425,2000.,108.36056356582));
#2576=CARTESIAN_POINT('',(12.7550316297354,2000.,108.169616951492));
#2577=CARTESIAN_POINT('',(12.6939975877169,2000.,107.977266960333));
#2578=CARTESIAN_POINT('',(12.6384300739867,2000.,107.783513592343));
#2579=CARTESIAN_POINT('',(12.5883290885451,2000.,107.588356847521));
#2580=CARTESIAN_POINT('',(12.5436946313919,2000.,107.391796725867));
#2581=CARTESIAN_POINT('',(12.5045267025271,2000.,107.193833227382));
#2582=CARTESIAN_POINT('',(12.4708253019508,2000.,106.994466352065));
#2583=CARTESIAN_POINT('',(12.442590429663,2000.,106.793696099916));
#2584=CARTESIAN_POINT('',(12.069527999825,0.,103.083082999323));
#2585=CARTESIAN_POINT('',(12.1057649283805,0.,103.614885554706));
#2586=CARTESIAN_POINT('',(12.1476877583621,0.,104.146116453562));
#2587=CARTESIAN_POINT('',(12.1952964897699,0.,104.676775695889));
#2588=CARTESIAN_POINT('',(12.2485911226039,0.,105.206863281688));
#2589=CARTESIAN_POINT('',(12.3075716568641,0.,105.736379210959));
#2590=CARTESIAN_POINT('',(12.3722380925504,0.,106.265323483702));
#2591=CARTESIAN_POINT('',(12.442590429663,0.,106.793696099916));
#2592=CARTESIAN_POINT('',(12.0695279998253,2000.,103.083082999322));
#2593=CARTESIAN_POINT('',(12.0695279998253,0.,103.083082999322));
#2594=CARTESIAN_POINT('',(12.442590429663,2000.,106.793696099916));
#2595=CARTESIAN_POINT('',(12.3722380925505,2000.,106.265323483701));
#2596=CARTESIAN_POINT('',(12.3075716568641,2000.,105.736379210959));
#2597=CARTESIAN_POINT('',(12.2485911226039,2000.,105.206863281688));
#2598=CARTESIAN_POINT('',(12.1952964897699,2000.,104.676775695888));
#2599=CARTESIAN_POINT('',(12.1476877583621,2000.,104.146116453561));
#2600=CARTESIAN_POINT('',(12.1057649283805,2000.,103.614885554706));
#2601=CARTESIAN_POINT('',(12.0695279998251,2000.,103.083082999323));
#2602=CARTESIAN_POINT('',(12.0695279998253,0.,103.083082999322));
#2603=CARTESIAN_POINT('',(12.0704993382303,0.,102.85702801157));
#2604=CARTESIAN_POINT('',(12.063881844011,0.,102.631067816499));
#2605=CARTESIAN_POINT('',(12.0496829760723,0.,102.405457105017));
#2606=CARTESIAN_POINT('',(12.0279187386602,0.,102.18045017411));
#2607=CARTESIAN_POINT('',(11.9986136633226,0.,101.956300640215));
#2608=CARTESIAN_POINT('',(11.9618007812587,0.,101.733261153351));
#2609=CARTESIAN_POINT('',(11.9175215860879,0.,101.511583112352));
#2610=CARTESIAN_POINT('',(11.8658259870801,0.,101.291516381497));
#2611=CARTESIAN_POINT('',(11.8067722529006,0.,101.073309008877));
#2612=CARTESIAN_POINT('',(11.7404269459328,0.,100.85720694681));
#2613=CARTESIAN_POINT('',(11.6668648472521,0.,100.643453774615));
#2614=CARTESIAN_POINT('',(11.5861688723367,0.,100.432290424057));
#2615=CARTESIAN_POINT('',(11.4984299776092,0.,100.22395490779));
#2616=CARTESIAN_POINT('',(11.4037470579157,0.,100.018682051074));
#2617=CARTESIAN_POINT('',(11.3022268350557,0.,99.8167032270934));
#2618=CARTESIAN_POINT('',(11.1939837374915,0.,99.6182460961662));
#2619=CARTESIAN_POINT('',(11.0791397713695,0.,99.4235343491361));
#2620=CARTESIAN_POINT('',(10.9578243830017,0.,99.2327874552392));
#2621=CARTESIAN_POINT('',(10.8301743129598,0.,99.0462204147298));
#2622=CARTESIAN_POINT('',(10.6963334419485,0.,98.8640435165426));
#2623=CARTESIAN_POINT('',(10.5564526286303,0.,98.6864621012661));
#2624=CARTESIAN_POINT('',(10.4106895395854,0.,98.5136763296927));
#2625=CARTESIAN_POINT('',(10.2592084715975,0.,98.3458809572076));
#2626=CARTESIAN_POINT('',(10.1021801664674,0.,98.1832651142707));
#2627=CARTESIAN_POINT('',(9.93978161856079,0.,98.0260120932378));
#2628=CARTESIAN_POINT('',(9.77219587530972,0.,97.8742991417631));
#2629=CARTESIAN_POINT('',(9.59961183089048,0.,97.7282972630148));
#2630=CARTESIAN_POINT('',(9.4222240133117,0.,97.5881710229283));
#2631=CARTESIAN_POINT('',(9.24023236515223,0.,97.4540783647163));
#2632=CARTESIAN_POINT('',(9.053842018196,0.,97.3261704308432));
#2633=CARTESIAN_POINT('',(8.86326306221779,0.,97.2045913926647));
#2634=CARTESIAN_POINT('',(8.66871030818067,0.,97.0894782879254));
#2635=CARTESIAN_POINT('',(8.470403046112,0.,96.9809608662965));
#2636=CARTESIAN_POINT('',(8.26856479793071,0.,96.8791614431289));
#2637=CARTESIAN_POINT('',(8.06342306550479,0.,96.7841947615851));
#2638=CARTESIAN_POINT('',(7.85520907422261,0.,96.6961678633068));
#2639=CARTESIAN_POINT('',(7.64415751236737,0.,96.615179967763));
#2640=CARTESIAN_POINT('',(7.43050626658839,0.,96.5413223604146));
#2641=CARTESIAN_POINT('',(7.43050626658839,0.,96.5413223604146));
#2642=CARTESIAN_POINT('',(7.43050626658839,2000.,96.5413223604146));
#2643=CARTESIAN_POINT('',(7.43050626658839,2000.,96.5413223604146));
#2644=CARTESIAN_POINT('',(7.64415751236737,2000.,96.615179967763));
#2645=CARTESIAN_POINT('',(7.85520907422261,2000.,96.6961678633068));
#2646=CARTESIAN_POINT('',(8.06342306550479,2000.,96.7841947615851));
#2647=CARTESIAN_POINT('',(8.26856479793071,2000.,96.8791614431289));
#2648=CARTESIAN_POINT('',(8.470403046112,2000.,96.9809608662965));
#2649=CARTESIAN_POINT('',(8.66871030818067,2000.,97.0894782879254));
#2650=CARTESIAN_POINT('',(8.86326306221779,2000.,97.2045913926647));
#2651=CARTESIAN_POINT('',(9.053842018196,2000.,97.3261704308432));
#2652=CARTESIAN_POINT('',(9.24023236515223,2000.,97.4540783647163));
#2653=CARTESIAN_POINT('',(9.4222240133117,2000.,97.5881710229283));
#2654=CARTESIAN_POINT('',(9.59961183089048,2000.,97.7282972630148));
#2655=CARTESIAN_POINT('',(9.77219587530972,2000.,97.8742991417631));
#2656=CARTESIAN_POINT('',(9.93978161856079,2000.,98.0260120932378));
#2657=CARTESIAN_POINT('',(10.1021801664674,2000.,98.1832651142707));
#2658=CARTESIAN_POINT('',(10.2592084715975,2000.,98.3458809572076));
#2659=CARTESIAN_POINT('',(10.4106895395854,2000.,98.5136763296927));
#2660=CARTESIAN_POINT('',(10.5564526286303,2000.,98.6864621012661));
#2661=CARTESIAN_POINT('',(10.6963334419485,2000.,98.8640435165426));
#2662=CARTESIAN_POINT('',(10.8301743129598,2000.,99.0462204147298));
#2663=CARTESIAN_POINT('',(10.9578243830017,2000.,99.2327874552392));
#2664=CARTESIAN_POINT('',(11.0791397713695,2000.,99.4235343491361));
#2665=CARTESIAN_POINT('',(11.1939837374915,2000.,99.6182460961662));
#2666=CARTESIAN_POINT('',(11.3022268350557,2000.,99.8167032270934));
#2667=CARTESIAN_POINT('',(11.4037470579157,2000.,100.018682051074));
#2668=CARTESIAN_POINT('',(11.4984299776092,2000.,100.22395490779));
#2669=CARTESIAN_POINT('',(11.5861688723367,2000.,100.432290424057));
#2670=CARTESIAN_POINT('',(11.6668648472521,2000.,100.643453774615));
#2671=CARTESIAN_POINT('',(11.7404269459328,2000.,100.85720694681));
#2672=CARTESIAN_POINT('',(11.8067722529006,2000.,101.073309008877));
#2673=CARTESIAN_POINT('',(11.8658259870801,2000.,101.291516381497));
#2674=CARTESIAN_POINT('',(11.9175215860879,2000.,101.511583112352));
#2675=CARTESIAN_POINT('',(11.9618007812587,2000.,101.733261153351));
#2676=CARTESIAN_POINT('',(11.9986136633226,2000.,101.956300640215));
#2677=CARTESIAN_POINT('',(12.0279187386602,2000.,102.18045017411));
#2678=CARTESIAN_POINT('',(12.0496829760723,2000.,102.405457105017));
#2679=CARTESIAN_POINT('',(12.063881844011,2000.,102.631067816499));
#2680=CARTESIAN_POINT('',(12.0704993382303,2000.,102.85702801157));
#2681=CARTESIAN_POINT('',(12.0695279998253,2000.,103.083082999322));
#2682=CARTESIAN_POINT('',(7.43050626658838,0.,96.5413223604145));
#2683=CARTESIAN_POINT('',(7.11274850751527,0.,96.431445570503));
#2684=CARTESIAN_POINT('',(6.79289098502446,0.,96.3278402245093));
#2685=CARTESIAN_POINT('',(6.4710574625067,0.,96.2305464107479));
#2686=CARTESIAN_POINT('',(6.14737246793213,0.,96.1396017753938));
#2687=CARTESIAN_POINT('',(5.82196124566628,0.,96.0550415079163));
#2688=CARTESIAN_POINT('',(5.49494970800893,0.,95.9768983274627));
#2689=CARTESIAN_POINT('',(5.16646438647449,0.,95.9052024701985));
#2690=CARTESIAN_POINT('',(4.83663238283281,0.,95.8399816776079));
#2691=CARTESIAN_POINT('',(4.50558131992931,0.,95.7812611857597));
#2692=CARTESIAN_POINT('',(4.50558131992931,0.,95.7812611857597));
#2693=CARTESIAN_POINT('',(4.50558131992931,2000.,95.7812611857597));
#2694=CARTESIAN_POINT('',(4.50558131992931,2000.,95.7812611857597));
#2695=CARTESIAN_POINT('',(4.83663238283281,2000.,95.8399816776079));
#2696=CARTESIAN_POINT('',(5.16646438647449,2000.,95.9052024701985));
#2697=CARTESIAN_POINT('',(5.49494970800893,2000.,95.9768983274627));
#2698=CARTESIAN_POINT('',(5.82196124566628,2000.,96.0550415079163));
#2699=CARTESIAN_POINT('',(6.14737246793213,2000.,96.1396017753938));
#2700=CARTESIAN_POINT('',(6.4710574625067,2000.,96.2305464107479));
#2701=CARTESIAN_POINT('',(6.79289098502446,2000.,96.3278402245093));
#2702=CARTESIAN_POINT('',(7.11274850751527,2000.,96.431445570503));
#2703=CARTESIAN_POINT('',(7.43050626658838,2000.,96.5413223604145));
#2704=CARTESIAN_POINT('',(7.43050626658838,2000.,96.5413223604145));
#2705=CARTESIAN_POINT('',(7.43050626658838,0.,96.5413223604145));
#2706=CARTESIAN_POINT('',(4.50558131992928,0.,95.78126118576));
#2707=CARTESIAN_POINT('',(4.18915413681002,0.,95.7120384290488));
#2708=CARTESIAN_POINT('',(3.87113781356327,0.,95.6505276949278));
#2709=CARTESIAN_POINT('',(3.55172028010109,0.,95.5967653328106));
#2710=CARTESIAN_POINT('',(3.23109029437264,0.,95.550783113255));
#2711=CARTESIAN_POINT('',(2.90943733081876,0.,95.5126082091883));
#2712=CARTESIAN_POINT('',(2.58695146840313,0.,95.4822631798501));
#2713=CARTESIAN_POINT('',(2.26382327828621,0.,95.4597659574604));
#2714=CARTESIAN_POINT('',(1.94024371120831,0.,95.445129836623));
#2715=CARTESIAN_POINT('',(1.61640398464835,0.,95.4383634664691));
#2716=CARTESIAN_POINT('',(1.292495469825,0.,95.4394708455461));
#2717=CARTESIAN_POINT('',(0.968709578606957,0.,95.4484513194547));
#2718=CARTESIAN_POINT('',(0.645237650399197,0.,95.4652995812357));
#2719=CARTESIAN_POINT('',(0.322270839072075,0.,95.490005674506));
#2720=CARTESIAN_POINT('',(3.37507799486048E-014,0.,95.5225549993422));
#2721=CARTESIAN_POINT('',(3.37507799486048E-014,0.,95.5225549993422));
#2722=CARTESIAN_POINT('',(3.37507799486048E-014,2000.,95.5225549993422));
#2723=CARTESIAN_POINT('',(3.37507799486048E-014,2000.,95.5225549993422));
#2724=CARTESIAN_POINT('',(0.322270839072075,2000.,95.490005674506));
#2725=CARTESIAN_POINT('',(0.645237650399197,2000.,95.4652995812357));
#2726=CARTESIAN_POINT('',(0.968709578606957,2000.,95.4484513194547));
#2727=CARTESIAN_POINT('',(1.292495469825,2000.,95.4394708455461));
#2728=CARTESIAN_POINT('',(1.61640398464835,2000.,95.4383634664691));
#2729=CARTESIAN_POINT('',(1.94024371120831,2000.,95.445129836623));
#2730=CARTESIAN_POINT('',(2.26382327828621,2000.,95.4597659574604));
#2731=CARTESIAN_POINT('',(2.58695146840313,2000.,95.4822631798501));
#2732=CARTESIAN_POINT('',(2.90943733081876,2000.,95.5126082091883));
#2733=CARTESIAN_POINT('',(3.23109029437264,2000.,95.550783113255));
#2734=CARTESIAN_POINT('',(3.55172028010108,2000.,95.5967653328106));
#2735=CARTESIAN_POINT('',(3.87113781356327,2000.,95.6505276949278));
#2736=CARTESIAN_POINT('',(4.18915413681002,2000.,95.7120384290488));
#2737=CARTESIAN_POINT('',(4.50558131992928,2000.,95.78126118576));
#2738=CARTESIAN_POINT('',(4.50558131992928,2000.,95.78126118576));
#2739=CARTESIAN_POINT('',(4.50558131992928,0.,95.78126118576));
#2740=CARTESIAN_POINT('',(-6.72883970764815E-011,2000.,127.522554999991));
#2741=CARTESIAN_POINT('',(-6.72883970764815E-011,2000.,95.522554999342));
#2742=CARTESIAN_POINT('',(-6.72883970764815E-011,2000.,95.522554999342));
#2743=CARTESIAN_POINT('',(-6.72883970764815E-011,0.,95.522554999342));
#2744=CARTESIAN_POINT('',(-6.72883970764815E-011,0.,95.522554999342));
#2745=CARTESIAN_POINT('',(-6.72883970764815E-011,0.,127.522554999991));
#2746=CARTESIAN_POINT('',(-6.72883970764815E-011,0.,127.522554999991));
#2747=CARTESIAN_POINT('',(-6.72883970764815E-011,2000.,127.522554999991));
#2748=CARTESIAN_POINT('',(30.7685646899252,2000.,217.401893153504));
#2749=CARTESIAN_POINT('',(-1.34664230009679E-010,2000.,127.522554999991));
#2750=CARTESIAN_POINT('',(-1.34664230009679E-010,2000.,127.522554999991));
#2751=CARTESIAN_POINT('',(-1.34665217623348E-010,0.,127.522554999991));
#2752=CARTESIAN_POINT('',(-1.34665217623348E-010,0.,127.522554999991));
#2753=CARTESIAN_POINT('',(30.7685646899254,0.,217.401893153504));
#2754=CARTESIAN_POINT('',(30.7685646899254,0.,217.401893153504));
#2755=CARTESIAN_POINT('',(30.7685646899252,2000.,217.401893153504));
#2756=CARTESIAN_POINT('',(62.7272104271634,2000.,240.127490660457));
#2757=CARTESIAN_POINT('',(30.7685646899253,2000.,217.401893153504));
#2758=CARTESIAN_POINT('',(30.7685646899253,2000.,217.401893153504));
#2759=CARTESIAN_POINT('',(30.7685646899255,0.,217.401893153504));
#2760=CARTESIAN_POINT('',(30.7685646899255,0.,217.401893153504));
#2761=CARTESIAN_POINT('',(62.7272104271636,0.,240.127490660457));
#2762=CARTESIAN_POINT('',(62.7272104271636,0.,240.127490660457));
#2763=CARTESIAN_POINT('',(62.7272104271634,2000.,240.127490660457));
#2764=CARTESIAN_POINT('',(115.907620999857,2000.,249.5));
#2765=CARTESIAN_POINT('',(62.7272104271633,2000.,240.127490660457));
#2766=CARTESIAN_POINT('',(62.7272104271633,2000.,240.127490660457));
#2767=CARTESIAN_POINT('',(62.7272104271634,0.,240.127490660457));
#2768=CARTESIAN_POINT('',(62.7272104271634,0.,240.127490660457));
#2769=CARTESIAN_POINT('',(115.907620999857,0.,249.5));
#2770=CARTESIAN_POINT('',(115.907620999857,0.,249.5));
#2771=CARTESIAN_POINT('',(115.907620999857,2000.,249.5));
#2772=CARTESIAN_POINT('',(115.907620999857,2000.,249.5));
#2773=CARTESIAN_POINT('',(115.907620999857,0.,249.5));
#2774=CARTESIAN_POINT('',(115.907620999857,0.,249.5));
#2775=CARTESIAN_POINT('',(175.907620999857,0.,249.5));
#2776=CARTESIAN_POINT('',(175.907620999857,0.,249.5));
#2777=CARTESIAN_POINT('',(175.907620999857,2000.,249.5));
#2778=CARTESIAN_POINT('',(175.907620999857,2000.,249.5));
#2779=CARTESIAN_POINT('',(115.907620999857,2000.,249.5));
#2780=CARTESIAN_POINT('',(175.759440999867,2000.,243.117436999993));
#2781=CARTESIAN_POINT('',(175.907620999857,2000.,249.5));
#2782=CARTESIAN_POINT('',(175.907620999857,2000.,249.5));
#2783=CARTESIAN_POINT('',(175.907620999857,0.,249.5));
#2784=CARTESIAN_POINT('',(175.907620999857,0.,249.5));
#2785=CARTESIAN_POINT('',(175.759440999867,0.,243.117436999994));
#2786=CARTESIAN_POINT('',(175.759440999867,0.,243.117436999994));
#2787=CARTESIAN_POINT('',(175.759440999867,2000.,243.117436999993));
#2788=CARTESIAN_POINT('',(166.509440999867,0.,243.117436999994));
#2789=CARTESIAN_POINT('',(166.509440999867,2000.,243.117436999994));
#2790=CARTESIAN_POINT('',(166.509440999867,2000.,243.117436999994));
#2791=CARTESIAN_POINT('',(175.759440999867,2000.,243.117436999994));
#2792=CARTESIAN_POINT('',(175.759440999867,2000.,243.117436999994));
#2793=CARTESIAN_POINT('',(175.759440999867,0.,243.117436999994));
#2794=CARTESIAN_POINT('',(175.759440999867,0.,243.117436999994));
#2795=CARTESIAN_POINT('',(166.509440999867,0.,243.117436999994));
#2796=CARTESIAN_POINT('',(166.005280999871,2000.,240.404573999985));
#2797=CARTESIAN_POINT('',(166.509440999868,2000.,243.117436999993));
#2798=CARTESIAN_POINT('',(166.509440999868,2000.,243.117436999993));
#2799=CARTESIAN_POINT('',(166.509440999868,0.,243.117436999994));
#2800=CARTESIAN_POINT('',(166.509440999868,0.,243.117436999994));
#2801=CARTESIAN_POINT('',(166.005280999871,0.,240.404573999986));
#2802=CARTESIAN_POINT('',(166.005280999871,0.,240.404573999986));
#2803=CARTESIAN_POINT('',(166.005280999871,2000.,240.404573999985));
#2804=CARTESIAN_POINT('',(161.076249999864,2000.,239.934008999989));
#2805=CARTESIAN_POINT('',(166.005280999871,2000.,240.404573999986));
#2806=CARTESIAN_POINT('',(166.005280999871,2000.,240.404573999986));
#2807=CARTESIAN_POINT('',(166.005280999871,0.,240.404573999986));
#2808=CARTESIAN_POINT('',(166.005280999871,0.,240.404573999986));
#2809=CARTESIAN_POINT('',(161.076249999864,0.,239.934008999989));
#2810=CARTESIAN_POINT('',(161.076249999864,0.,239.934008999989));
#2811=CARTESIAN_POINT('',(161.076249999864,2000.,239.934008999989));
#2812=CARTESIAN_POINT('',(161.076249999864,0.,239.934008999989));
#2813=CARTESIAN_POINT('',(161.003742632172,0.,239.627710483282));
#2814=CARTESIAN_POINT('',(160.923640603998,0.,239.323309818386));
#2815=CARTESIAN_POINT('',(160.835993460177,0.,239.020995283692));
#2816=CARTESIAN_POINT('',(160.740855412362,0.,238.720953867277));
#2817=CARTESIAN_POINT('',(160.638285305494,0.,238.42337115124));
#2818=CARTESIAN_POINT('',(160.528346581399,0.,238.128431196925));
#2819=CARTESIAN_POINT('',(160.411107239555,0.,237.83631643107));
#2820=CARTESIAN_POINT('',(160.28663979503,0.,237.547207532971));
#2821=CARTESIAN_POINT('',(160.155021233628,0.,237.261283322731));
#2822=CARTESIAN_POINT('',(160.016332964274,0.,236.978720650655));
#2823=CARTESIAN_POINT('',(159.870660768663,0.,236.699694287864));
#2824=CARTESIAN_POINT('',(159.718094748194,0.,236.424376818195));
#2825=CARTESIAN_POINT('',(159.55872926825,0.,236.152938531453));
#2826=CARTESIAN_POINT('',(159.392662899826,0.,235.885547318088));
#2827=CARTESIAN_POINT('',(159.219998358559,0.,235.622368565344));
#2828=CARTESIAN_POINT('',(159.040842441201,0.,235.363565054969));
#2829=CARTESIAN_POINT('',(158.855305959559,0.,235.109296862529));
#2830=CARTESIAN_POINT('',(158.663503671959,0.,234.859721258397));
#2831=CARTESIAN_POINT('',(158.46555421226,0.,234.614992610479));
#2832=CARTESIAN_POINT('',(158.261580016483,0.,234.375262288733));
#2833=CARTESIAN_POINT('',(158.051707247078,0.,234.140678571547));
#2834=CARTESIAN_POINT('',(157.836065714888,0.,233.911386554021));
#2835=CARTESIAN_POINT('',(157.614788798863,0.,233.687528058222));
#2836=CARTESIAN_POINT('',(157.388013363558,0.,233.469241545471));
#2837=CARTESIAN_POINT('',(157.155879674483,0.,233.256662030693));
#2838=CARTESIAN_POINT('',(156.918531311341,0.,233.049920998915));
#2839=CARTESIAN_POINT('',(156.676115079227,0.,232.849146323932));
#2840=CARTESIAN_POINT('',(156.42878091782,0.,232.654462189222));
#2841=CARTESIAN_POINT('',(156.176681808645,0.,232.465989011131));
#2842=CARTESIAN_POINT('',(155.919973680451,0.,232.283843364392));
#2843=CARTESIAN_POINT('',(155.658815312764,0.,232.108137910026));
#2844=CARTESIAN_POINT('',(155.39336823768,0.,231.938981325656));
#2845=CARTESIAN_POINT('',(155.123796639953,0.,231.776478238283));
#2846=CARTESIAN_POINT('',(155.123796639953,0.,231.776478238283));
#2847=CARTESIAN_POINT('',(155.123796639953,2000.,231.776478238283));
#2848=CARTESIAN_POINT('',(155.123796639953,2000.,231.776478238283));
#2849=CARTESIAN_POINT('',(155.39336823768,2000.,231.938981325656));
#2850=CARTESIAN_POINT('',(155.658815312764,2000.,232.108137910026));
#2851=CARTESIAN_POINT('',(155.919973680451,2000.,232.283843364392));
#2852=CARTESIAN_POINT('',(156.176681808645,2000.,232.465989011131));
#2853=CARTESIAN_POINT('',(156.42878091782,2000.,232.654462189222));
#2854=CARTESIAN_POINT('',(156.676115079227,2000.,232.849146323932));
#2855=CARTESIAN_POINT('',(156.918531311341,2000.,233.049920998915));
#2856=CARTESIAN_POINT('',(157.155879674483,2000.,233.256662030693));
#2857=CARTESIAN_POINT('',(157.388013363558,2000.,233.469241545471));
#2858=CARTESIAN_POINT('',(157.614788798863,2000.,233.687528058222));
#2859=CARTESIAN_POINT('',(157.836065714888,2000.,233.911386554021));
#2860=CARTESIAN_POINT('',(158.051707247078,2000.,234.140678571547));
#2861=CARTESIAN_POINT('',(158.261580016483,2000.,234.375262288733));
#2862=CARTESIAN_POINT('',(158.46555421226,2000.,234.614992610479));
#2863=CARTESIAN_POINT('',(158.663503671959,2000.,234.859721258397));
#2864=CARTESIAN_POINT('',(158.855305959559,2000.,235.109296862529));
#2865=CARTESIAN_POINT('',(159.040842441201,2000.,235.363565054969));
#2866=CARTESIAN_POINT('',(159.219998358559,2000.,235.622368565344));
#2867=CARTESIAN_POINT('',(159.392662899826,2000.,235.885547318088));
#2868=CARTESIAN_POINT('',(159.55872926825,2000.,236.152938531453));
#2869=CARTESIAN_POINT('',(159.718094748194,2000.,236.424376818195));
#2870=CARTESIAN_POINT('',(159.870660768663,2000.,236.699694287864));
#2871=CARTESIAN_POINT('',(160.016332964274,2000.,236.978720650655));
#2872=CARTESIAN_POINT('',(160.155021233628,2000.,237.261283322731));
#2873=CARTESIAN_POINT('',(160.28663979503,2000.,237.547207532971));
#2874=CARTESIAN_POINT('',(160.411107239555,2000.,237.83631643107));
#2875=CARTESIAN_POINT('',(160.528346581399,2000.,238.128431196925));
#2876=CARTESIAN_POINT('',(160.638285305494,2000.,238.42337115124));
#2877=CARTESIAN_POINT('',(160.740855412362,2000.,238.720953867277));
#2878=CARTESIAN_POINT('',(160.835993460177,2000.,239.020995283692));
#2879=CARTESIAN_POINT('',(160.923640603998,2000.,239.323309818386));
#2880=CARTESIAN_POINT('',(161.003742632172,2000.,239.627710483282));
#2881=CARTESIAN_POINT('',(161.076249999864,2000.,239.934008999989));
#2882=CARTESIAN_POINT('',(161.076249999864,2000.,239.934008999989));
#2883=CARTESIAN_POINT('',(161.076249999864,0.,239.934008999989));
#2884=CARTESIAN_POINT('',(155.123796639952,0.,231.776478238283));
#2885=CARTESIAN_POINT('',(154.860239265158,0.,231.662612993126));
#2886=CARTESIAN_POINT('',(154.593627305846,0.,231.556096107069));
#2887=CARTESIAN_POINT('',(154.324165598698,0.,231.45700941652));
#2888=CARTESIAN_POINT('',(154.05206116984,0.,231.365429049305));
#2889=CARTESIAN_POINT('',(153.77752307579,0.,231.281425366178));
#2890=CARTESIAN_POINT('',(153.50076224284,0.,231.205062906763));
#2891=CARTESIAN_POINT('',(153.221991304999,0.,231.136400339967));
#2892=CARTESIAN_POINT('',(152.941424440633,0.,231.07549041891));
#2893=CARTESIAN_POINT('',(152.659277207908,0.,231.02237994039));
#2894=CARTESIAN_POINT('',(152.375766379179,0.,230.97710970893));
#2895=CARTESIAN_POINT('',(152.091109774445,0.,230.93971450543));
#2896=CARTESIAN_POINT('',(151.805526094001,0.,230.910223060445));
#2897=CARTESIAN_POINT('',(151.519234750408,0.,230.88865803211));
#2898=CARTESIAN_POINT('',(151.232455699922,0.,230.875035988731));
#2899=CARTESIAN_POINT('',(150.945409273502,0.,230.869367396058));
#2900=CARTESIAN_POINT('',(150.65831600753,0.,230.871656609244));
#2901=CARTESIAN_POINT('',(150.371396474376,0.,230.881901869497));
#2902=CARTESIAN_POINT('',(150.084871112929,0.,230.900095305434));
#2903=CARTESIAN_POINT('',(149.798960059241,0.,230.926222939126));
#2904=CARTESIAN_POINT('',(149.513882977393,0.,230.960264696837));
#2905=CARTESIAN_POINT('',(149.229858890728,0.,231.00219442445));
#2906=CARTESIAN_POINT('',(148.947106013581,0.,231.051979907558));
#2907=CARTESIAN_POINT('',(148.66584158362,0.,231.109582896215));
#2908=CARTESIAN_POINT('',(148.386281694948,0.,231.174959134323));
#2909=CARTESIAN_POINT('',(148.108641132077,0.,231.248058393633));
#2910=CARTESIAN_POINT('',(147.833133204909,0.,231.328824512339));
#2911=CARTESIAN_POINT('',(147.559969584853,0.,231.417195438221));
#2912=CARTESIAN_POINT('',(147.289360142199,0.,231.513103276325));
#2913=CARTESIAN_POINT('',(147.021512784874,0.,231.616474341122));
#2914=CARTESIAN_POINT('',(146.756633298707,0.,231.727229213121));
#2915=CARTESIAN_POINT('',(146.49492518933,0.,231.845282799891));
#2916=CARTESIAN_POINT('',(146.236589525816,0.,231.970544401431));
#2917=CARTESIAN_POINT('',(145.981824786209,0.,232.102917779858));
#2918=CARTESIAN_POINT('',(145.730826705026,0.,232.242301233344));
#2919=CARTESIAN_POINT('',(145.48378812288,0.,232.388587674256));
#2920=CARTESIAN_POINT('',(145.240898838321,0.,232.541664711429));
#2921=CARTESIAN_POINT('',(145.002345462011,0.,232.701414736514));
#2922=CARTESIAN_POINT('',(144.768311273358,0.,232.867715014339));
#2923=CARTESIAN_POINT('',(144.538976079697,0.,233.040437777204));
#2924=CARTESIAN_POINT('',(144.31451607815,0.,233.219450323046));
#2925=CARTESIAN_POINT('',(144.09510372025,0.,233.40461511739));
#2926=CARTESIAN_POINT('',(143.880907579453,0.,233.595789899019));
#2927=CARTESIAN_POINT('',(143.672092221619,0.,233.792827789273));
#2928=CARTESIAN_POINT('',(143.468818078576,0.,233.995577404892));
#2929=CARTESIAN_POINT('',(143.271241324869,0.,234.203882974327));
#2930=CARTESIAN_POINT('',(143.079513757761,0.,234.417584457416));
#2931=CARTESIAN_POINT('',(142.893782680616,0.,234.63651766834));
#2932=CARTESIAN_POINT('',(142.714190789723,0.,234.860514401774));
#2933=CARTESIAN_POINT('',(142.540876064664,0.,235.089402562108));
#2934=CARTESIAN_POINT('',(142.373971662304,0.,235.323006295674));
#2935=CARTESIAN_POINT('',(142.213605814491,0.,235.561146125855));
#2936=CARTESIAN_POINT('',(142.059901729528,0.,235.803639090968));
#2937=CARTESIAN_POINT('',(141.912977497523,0.,236.05029888484));
#2938=CARTESIAN_POINT('',(141.772945999653,0.,236.300935999943));
#2939=CARTESIAN_POINT('',(141.772945999653,0.,236.300935999943));
#2940=CARTESIAN_POINT('',(141.772945999653,2000.,236.300935999943));
#2941=CARTESIAN_POINT('',(141.772945999653,2000.,236.300935999943));
#2942=CARTESIAN_POINT('',(141.912977497523,2000.,236.05029888484));
#2943=CARTESIAN_POINT('',(142.059901729528,2000.,235.803639090968));
#2944=CARTESIAN_POINT('',(142.213605814491,2000.,235.561146125855));
#2945=CARTESIAN_POINT('',(142.373971662304,2000.,235.323006295674));
#2946=CARTESIAN_POINT('',(142.540876064664,2000.,235.089402562108));
#2947=CARTESIAN_POINT('',(142.714190789723,2000.,234.860514401774));
#2948=CARTESIAN_POINT('',(142.893782680616,2000.,234.63651766834));
#2949=CARTESIAN_POINT('',(143.079513757761,2000.,234.417584457416));
#2950=CARTESIAN_POINT('',(143.271241324869,2000.,234.203882974327));
#2951=CARTESIAN_POINT('',(143.468818078576,2000.,233.995577404892));
#2952=CARTESIAN_POINT('',(143.672092221619,2000.,233.792827789273));
#2953=CARTESIAN_POINT('',(143.880907579453,2000.,233.595789899019));
#2954=CARTESIAN_POINT('',(144.09510372025,2000.,233.40461511739));
#2955=CARTESIAN_POINT('',(144.31451607815,2000.,233.219450323046));
#2956=CARTESIAN_POINT('',(144.538976079697,2000.,233.040437777204));
#2957=CARTESIAN_POINT('',(144.768311273358,2000.,232.867715014339));
#2958=CARTESIAN_POINT('',(145.002345462011,2000.,232.701414736514));
#2959=CARTESIAN_POINT('',(145.240898838321,2000.,232.541664711429));
#2960=CARTESIAN_POINT('',(145.48378812288,2000.,232.388587674256));
#2961=CARTESIAN_POINT('',(145.730826705026,2000.,232.242301233344));
#2962=CARTESIAN_POINT('',(145.981824786209,2000.,232.102917779858));
#2963=CARTESIAN_POINT('',(146.236589525816,2000.,231.970544401431));
#2964=CARTESIAN_POINT('',(146.49492518933,2000.,231.845282799891));
#2965=CARTESIAN_POINT('',(146.756633298707,2000.,231.727229213121));
#2966=CARTESIAN_POINT('',(147.021512784874,2000.,231.616474341122));
#2967=CARTESIAN_POINT('',(147.289360142199,2000.,231.513103276325));
#2968=CARTESIAN_POINT('',(147.559969584853,2000.,231.417195438221));
#2969=CARTESIAN_POINT('',(147.833133204909,2000.,231.328824512339));
#2970=CARTESIAN_POINT('',(148.108641132077,2000.,231.248058393633));
#2971=CARTESIAN_POINT('',(148.386281694948,2000.,231.174959134323));
#2972=CARTESIAN_POINT('',(148.66584158362,2000.,231.109582896215));
#2973=CARTESIAN_POINT('',(148.947106013581,2000.,231.051979907558));
#2974=CARTESIAN_POINT('',(149.229858890728,2000.,231.00219442445));
#2975=CARTESIAN_POINT('',(149.513882977393,2000.,230.960264696837));
#2976=CARTESIAN_POINT('',(149.798960059241,2000.,230.926222939126));
#2977=CARTESIAN_POINT('',(150.084871112929,2000.,230.900095305434));
#2978=CARTESIAN_POINT('',(150.371396474376,2000.,230.881901869497));
#2979=CARTESIAN_POINT('',(150.65831600753,2000.,230.871656609244));
#2980=CARTESIAN_POINT('',(150.945409273502,2000.,230.869367396058));
#2981=CARTESIAN_POINT('',(151.232455699922,2000.,230.875035988731));
#2982=CARTESIAN_POINT('',(151.519234750408,2000.,230.88865803211));
#2983=CARTESIAN_POINT('',(151.805526094001,2000.,230.910223060445));
#2984=CARTESIAN_POINT('',(152.091109774445,2000.,230.93971450543));
#2985=CARTESIAN_POINT('',(152.375766379179,2000.,230.97710970893));
#2986=CARTESIAN_POINT('',(152.659277207908,2000.,231.02237994039));
#2987=CARTESIAN_POINT('',(152.941424440633,2000.,231.07549041891));
#2988=CARTESIAN_POINT('',(153.221991304999,2000.,231.136400339967));
#2989=CARTESIAN_POINT('',(153.50076224284,2000.,231.205062906763));
#2990=CARTESIAN_POINT('',(153.77752307579,2000.,231.281425366178));
#2991=CARTESIAN_POINT('',(154.05206116984,2000.,231.365429049305));
#2992=CARTESIAN_POINT('',(154.324165598698,2000.,231.45700941652));
#2993=CARTESIAN_POINT('',(154.593627305846,2000.,231.556096107069));
#2994=CARTESIAN_POINT('',(154.860239265158,2000.,231.662612993126));
#2995=CARTESIAN_POINT('',(155.123796639952,2000.,231.776478238283));
#2996=CARTESIAN_POINT('',(155.123796639952,2000.,231.776478238283));
#2997=CARTESIAN_POINT('',(155.123796639952,0.,231.776478238283));
#2998=CARTESIAN_POINT('',(116.511434999859,2000.,235.705973000003));
#2999=CARTESIAN_POINT('',(141.772945999653,2000.,236.300935999943));
#3000=CARTESIAN_POINT('',(141.772945999653,2000.,236.300935999943));
#3001=CARTESIAN_POINT('',(141.772945999653,0.,236.300935999943));
#3002=CARTESIAN_POINT('',(141.772945999653,0.,236.300935999943));
#3003=CARTESIAN_POINT('',(116.511434999859,0.,235.705973000003));
#3004=CARTESIAN_POINT('',(116.511434999859,0.,235.705973000003));
#3005=CARTESIAN_POINT('',(116.511434999859,2000.,235.705973000003));
#3006=CARTESIAN_POINT('',(18.2148549998637,0.,114.251388000004));
#3007=CARTESIAN_POINT('',(18.4404019998583,0.,138.755984999996));
#3008=CARTESIAN_POINT('',(18.4404019998583,0.,138.755984999996));
#3009=CARTESIAN_POINT('',(22.2586609998654,0.,139.134896000003));
#3010=CARTESIAN_POINT('',(22.2586609998654,0.,139.134896000003));
#3011=CARTESIAN_POINT('',(22.2586609998654,0.,146.834895999986));
#3012=CARTESIAN_POINT('',(22.2586609998654,0.,146.834895999986));
#3013=CARTESIAN_POINT('',(26.2047479998543,0.,147.624053999931));
#3014=CARTESIAN_POINT('',(26.2047479998543,0.,147.624053999931));
#3015=CARTESIAN_POINT('',(26.2870105622647,0.,147.652615405541));
#3016=CARTESIAN_POINT('',(26.3668774419372,0.,147.686027407282));
#3017=CARTESIAN_POINT('',(26.4443486388719,0.,147.724290005154));
#3018=CARTESIAN_POINT('',(26.5194241530686,0.,147.767403199156));
#3019=CARTESIAN_POINT('',(26.5921039845276,0.,147.815366989289));
#3020=CARTESIAN_POINT('',(26.6617043258179,0.,147.867699345983));
#3021=CARTESIAN_POINT('',(26.7275413695085,0.,147.923918239667));
#3022=CARTESIAN_POINT('',(26.7896151155994,0.,147.984023670342));
#3023=CARTESIAN_POINT('',(26.8479255640905,0.,148.048015638008));
#3024=CARTESIAN_POINT('',(26.902472714982,0.,148.115894142664));
#3025=CARTESIAN_POINT('',(26.9527527621874,0.,148.186991258764));
#3026=CARTESIAN_POINT('',(26.9982618996203,0.,148.260639060762));
#3027=CARTESIAN_POINT('',(27.0390001272809,0.,148.336837548657));
#3028=CARTESIAN_POINT('',(27.0749674451689,0.,148.415586722449));
#3029=CARTESIAN_POINT('',(27.1061638532845,0.,148.496886582138));
#3030=CARTESIAN_POINT('',(27.1323137417309,0.,148.57994720096));
#3031=CARTESIAN_POINT('',(27.1531415006113,0.,148.663978652149));
#3032=CARTESIAN_POINT('',(27.1686471299257,0.,148.748980935707));
#3033=CARTESIAN_POINT('',(27.1788306296741,0.,148.834954051631));
#3034=CARTESIAN_POINT('',(27.1836919998569,0.,148.921897999924));
#3035=CARTESIAN_POINT('',(27.1836919998569,0.,148.921897999924));
#3036=CARTESIAN_POINT('',(27.1836919999208,0.,171.321898000053));
#3037=CARTESIAN_POINT('',(27.1836919999208,0.,171.321898000053));
#3038=CARTESIAN_POINT('',(27.4825688113405,0.,171.361719413245));
#3039=CARTESIAN_POINT('',(27.7801469611565,0.,171.407750486497));
#3040=CARTESIAN_POINT('',(28.0764264493691,0.,171.45999121981));
#3041=CARTESIAN_POINT('',(28.371407275978,0.,171.518441613184));
#3042=CARTESIAN_POINT('',(28.6650894409835,0.,171.583101666619));
#3043=CARTESIAN_POINT('',(28.9574729443854,0.,171.653971380114));
#3044=CARTESIAN_POINT('',(29.2485577861837,0.,171.731050753671));
#3045=CARTESIAN_POINT('',(29.5383439663785,0.,171.814339787289));
#3046=CARTESIAN_POINT('',(29.7944375804363,0.,171.893466856577));
#3047=CARTESIAN_POINT('',(30.0486973570217,0.,171.977258973509));
#3048=CARTESIAN_POINT('',(30.3011232961349,0.,172.065716138087));
#3049=CARTESIAN_POINT('',(30.5517153977757,0.,172.158838350311));
#3050=CARTESIAN_POINT('',(30.8004736619443,0.,172.256625610179));
#3051=CARTESIAN_POINT('',(31.0473980886406,0.,172.359077917693));
#3052=CARTESIAN_POINT('',(31.2924886778645,0.,172.466195272851));
#3053=CARTESIAN_POINT('',(31.5357454296162,0.,172.577977675654));
#3054=CARTESIAN_POINT('',(31.7771683438956,0.,172.694425126103));
#3055=CARTESIAN_POINT('',(32.0163794887509,0.,172.815350972936));
#3056=CARTESIAN_POINT('',(32.2530009322307,0.,172.94056856489));
#3057=CARTESIAN_POINT('',(32.487032674335,0.,173.070077901967));
#3058=CARTESIAN_POINT('',(32.7184747150637,0.,173.203878984164));
#3059=CARTESIAN_POINT('',(32.9473270544168,0.,173.341971811485));
#3060=CARTESIAN_POINT('',(33.1735896923945,0.,173.484356383927));
#3061=CARTESIAN_POINT('',(33.3972626289966,0.,173.631032701491));
#3062=CARTESIAN_POINT('',(33.6183458642231,0.,173.782000764177));
#3063=CARTESIAN_POINT('',(33.8368393980741,0.,173.937260571985));
#3064=CARTESIAN_POINT('',(34.0524019237891,0.,174.096564777086));
#3065=CARTESIAN_POINT('',(34.2646921346075,0.,174.259666031649));
#3066=CARTESIAN_POINT('',(34.4737100305292,0.,174.426564335675));
#3067=CARTESIAN_POINT('',(34.6794556115544,0.,174.597259689165));
#3068=CARTESIAN_POINT('',(34.8819288776828,0.,174.771752092117));
#3069=CARTESIAN_POINT('',(35.0811298289147,0.,174.950041544532));
#3070=CARTESIAN_POINT('',(35.2770584652499,0.,175.132128046409));
#3071=CARTESIAN_POINT('',(35.4697147866884,0.,175.31801159775));
#3072=CARTESIAN_POINT('',(35.6590987932304,0.,175.507692198554));
#3073=CARTESIAN_POINT('',(35.8449154572575,0.,175.700868800721));
#3074=CARTESIAN_POINT('',(36.0268697511517,0.,175.897240356153));
#3075=CARTESIAN_POINT('',(36.204961674913,0.,176.096806864849));
#3076=CARTESIAN_POINT('',(36.3791912285414,0.,176.29956832681));
#3077=CARTESIAN_POINT('',(36.5495584120368,0.,176.505524742036));
#3078=CARTESIAN_POINT('',(36.7160632253993,0.,176.714676110526));
#3079=CARTESIAN_POINT('',(36.8787056686289,0.,176.92702243228));
#3080=CARTESIAN_POINT('',(37.0374857417256,0.,177.142563707299));
#3081=CARTESIAN_POINT('',(37.1924034446893,0.,177.361299935583));
#3082=CARTESIAN_POINT('',(37.3432183739778,0.,177.582884883987));
#3083=CARTESIAN_POINT('',(37.4896901260486,0.,177.806972319366));
#3084=CARTESIAN_POINT('',(37.6318187009017,0.,178.033562241721));
#3085=CARTESIAN_POINT('',(37.7696040985372,0.,178.262654651051));
#3086=CARTESIAN_POINT('',(37.9030463189549,0.,178.494249547356));
#3087=CARTESIAN_POINT('',(38.032145362155,0.,178.728346930637));
#3088=CARTESIAN_POINT('',(38.1569012281374,0.,178.964946800893));
#3089=CARTESIAN_POINT('',(38.2773139169021,0.,179.204049158124));
#3090=CARTESIAN_POINT('',(38.3933834284491,0.,179.445654002332));
#3091=CARTESIAN_POINT('',(38.5049307831892,0.,179.68937970862));
#3092=CARTESIAN_POINT('',(38.611777001533,0.,179.934844652094));
#3093=CARTESIAN_POINT('',(38.7139220834807,0.,180.182048832754));
#3094=CARTESIAN_POINT('',(38.8113660290322,0.,180.430992250602));
#3095=CARTESIAN_POINT('',(38.9041088381874,0.,180.681674905635));
#3096=CARTESIAN_POINT('',(38.9921505109465,0.,180.934096797856));
#3097=CARTESIAN_POINT('',(39.0754910473093,0.,181.188257927262));
#3098=CARTESIAN_POINT('',(39.154130447276,0.,181.444158293854));
#3099=CARTESIAN_POINT('',(39.2280687108464,0.,181.701797897634));
#3100=CARTESIAN_POINT('',(39.3054875561194,0.,181.993207258756));
#3101=CARTESIAN_POINT('',(39.376671777351,0.,182.285789591785));
#3102=CARTESIAN_POINT('',(39.4416213745409,0.,182.57954489672));
#3103=CARTESIAN_POINT('',(39.5003363476893,0.,182.874473173561));
#3104=CARTESIAN_POINT('',(39.5528166967962,0.,183.17057442231));
#3105=CARTESIAN_POINT('',(39.5990624218615,0.,183.467848642964));
#3106=CARTESIAN_POINT('',(39.6390735228851,0.,183.766295835525));
#3107=CARTESIAN_POINT('',(39.6728499998673,0.,184.065915999992));
#3108=CARTESIAN_POINT('',(39.6728499998673,0.,184.065915999992));
#3109=CARTESIAN_POINT('',(45.8728499998657,0.,184.065915999984));
#3110=CARTESIAN_POINT('',(45.8728499998657,0.,184.065915999984));
#3111=CARTESIAN_POINT('',(45.9615617035121,0.,184.081831855374));
#3112=CARTESIAN_POINT('',(46.0485220705115,0.,184.102883855831));
#3113=CARTESIAN_POINT('',(46.133731100864,0.,184.129072001353));
#3114=CARTESIAN_POINT('',(46.2171887945696,0.,184.160396291942));
#3115=CARTESIAN_POINT('',(46.2988951516283,0.,184.196856727596));
#3116=CARTESIAN_POINT('',(46.3788501720401,0.,184.238453308316));
#3117=CARTESIAN_POINT('',(46.4562023276563,0.,184.284710468174));
#3118=CARTESIAN_POINT('',(46.5301000903282,0.,184.335152641244));
#3119=CARTESIAN_POINT('',(46.600543460056,0.,184.389779827524));
#3120=CARTESIAN_POINT('',(46.6675324368396,0.,184.448592027015));
#3121=CARTESIAN_POINT('',(46.731067020679,0.,184.511589239718));
#3122=CARTESIAN_POINT('',(46.7911472115743,0.,184.578771465631));
#3123=CARTESIAN_POINT('',(46.8471446632374,0.,184.649392752959));
#3124=CARTESIAN_POINT('',(46.8984310293813,0.,184.722707149905));
#3125=CARTESIAN_POINT('',(46.9450063100059,0.,184.79871465647));
#3126=CARTESIAN_POINT('',(46.9868705051111,0.,184.877415272654));
#3127=CARTESIAN_POINT('',(47.024023614697,0.,184.958808998457));
#3128=CARTESIAN_POINT('',(47.0564656387635,0.,185.042895833878));
#3129=CARTESIAN_POINT('',(47.0838726054387,0.,185.128755830351));
#3130=CARTESIAN_POINT('',(47.1059205428508,0.,185.215469039309));
#3131=CARTESIAN_POINT('',(47.1226094509996,0.,185.303035460752));
#3132=CARTESIAN_POINT('',(47.1339393298852,0.,185.39145509468));
#3133=CARTESIAN_POINT('',(47.1399101795075,0.,185.480727941092));
#3134=CARTESIAN_POINT('',(47.1405219998666,0.,185.570853999991));
#3135=CARTESIAN_POINT('',(47.1405219998666,0.,185.570853999991));
#3136=CARTESIAN_POINT('',(47.1405220005096,0.,194.070854000299));
#3137=CARTESIAN_POINT('',(47.1405220005096,0.,194.070854000299));
#3138=CARTESIAN_POINT('',(47.1163192831337,0.,194.131233486364));
#3139=CARTESIAN_POINT('',(47.0887249651361,0.,194.189758539564));
#3140=CARTESIAN_POINT('',(47.0577390465169,0.,194.246429159899));
#3141=CARTESIAN_POINT('',(47.0233615272758,0.,194.301245347368));
#3142=CARTESIAN_POINT('',(46.9855924074132,0.,194.354207101971));
#3143=CARTESIAN_POINT('',(46.944777331618,0.,194.404858690828));
#3144=CARTESIAN_POINT('',(46.9012619445797,0.,194.452744381056));
#3145=CARTESIAN_POINT('',(46.8550462462982,0.,194.497864172658));
#3146=CARTESIAN_POINT('',(46.8061302367735,0.,194.540218065631));
#3147=CARTESIAN_POINT('',(46.7545139160057,0.,194.579806059975));
#3148=CARTESIAN_POINT('',(46.7006611790487,0.,194.616293545339));
#3149=CARTESIAN_POINT('',(46.6450359209565,0.,194.649345911365));
#3150=CARTESIAN_POINT('',(46.587638141729,0.,194.678963158056));
#3151=CARTESIAN_POINT('',(46.5284678413663,0.,194.70514528541));
#3152=CARTESIAN_POINT('',(46.4675250198682,0.,194.727892293427));
#3153=CARTESIAN_POINT('',(46.389700004222,0.,194.751207632935));
#3154=CARTESIAN_POINT('',(46.310797662447,0.,194.768580030584));
#3155=CARTESIAN_POINT('',(46.2308179945432,0.,194.780009486373));
#3156=CARTESIAN_POINT('',(46.1497610005108,0.,194.785496000304));
#3157=CARTESIAN_POINT('',(78.423191999911,0.,215.280168000046));
#3158=CARTESIAN_POINT('',(78.6127755116563,0.,215.123334754609));
#3159=CARTESIAN_POINT('',(78.8051164676289,0.,214.970331878537));
#3160=CARTESIAN_POINT('',(79.0002148678289,0.,214.821159371828));
#3161=CARTESIAN_POINT('',(79.1980707122563,0.,214.675817234483));
#3162=CARTESIAN_POINT('',(79.3986840009111,0.,214.5343054665));
#3163=CARTESIAN_POINT('',(79.6020547337933,0.,214.396624067882));
#3164=CARTESIAN_POINT('',(79.8081829109027,0.,214.262773038628));
#3165=CARTESIAN_POINT('',(80.0170685322397,0.,214.132752378736));
#3166=CARTESIAN_POINT('',(80.2284025563364,0.,214.00675037455));
#3167=CARTESIAN_POINT('',(80.4418759417259,0.,213.884955312412));
#3168=CARTESIAN_POINT('',(80.6574886884081,0.,213.76736719232));
#3169=CARTESIAN_POINT('',(80.875240796383,0.,213.653986014276));
#3170=CARTESIAN_POINT('',(81.0951322656505,0.,213.544811778279));
#3171=CARTESIAN_POINT('',(81.3171630962107,0.,213.439844484329));
#3172=CARTESIAN_POINT('',(81.5413332880637,0.,213.339084132426));
#3173=CARTESIAN_POINT('',(81.7676428412093,0.,213.24253072257));
#3174=CARTESIAN_POINT('',(82.0284654550129,0.,213.137516642296));
#3175=CARTESIAN_POINT('',(82.2912093334707,0.,213.038359975948));
#3176=CARTESIAN_POINT('',(82.5558744765828,0.,212.945060723527));
#3177=CARTESIAN_POINT('',(82.822460884349,0.,212.857618885032));
#3178=CARTESIAN_POINT('',(83.0909685567694,0.,212.776034460463));
#3179=CARTESIAN_POINT('',(83.361397493844,0.,212.70030744982));
#3180=CARTESIAN_POINT('',(83.6337476955728,0.,212.630437853103));
#3181=CARTESIAN_POINT('',(83.9075600697497,0.,212.566538113864));
#3182=CARTESIAN_POINT('',(84.1823755241679,0.,212.508720675653));
#3183=CARTESIAN_POINT('',(84.4581940588274,0.,212.456985538471));
#3184=CARTESIAN_POINT('',(84.7350156737283,0.,212.411332702318));
#3185=CARTESIAN_POINT('',(85.0128403688705,0.,212.371762167194));
#3186=CARTESIAN_POINT('',(85.2916681442541,0.,212.338273933098));
#3187=CARTESIAN_POINT('',(85.571498999879,0.,212.310868000031));
#3188=CARTESIAN_POINT('',(85.571498999879,0.,212.310868000031));
#3189=CARTESIAN_POINT('',(85.8008399575056,0.,212.29400025546));
#3190=CARTESIAN_POINT('',(86.0301502718076,0.,212.283144583826));
#3191=CARTESIAN_POINT('',(86.259429942785,0.,212.278300985131));
#3192=CARTESIAN_POINT('',(86.4886789704378,0.,212.279469459374));
#3193=CARTESIAN_POINT('',(86.7178973547662,0.,212.286650006556));
#3194=CARTESIAN_POINT('',(86.94708509577,0.,212.299842626675));
#3195=CARTESIAN_POINT('',(87.1762421934492,0.,212.319047319733));
#3196=CARTESIAN_POINT('',(87.4048216794558,0.,212.344211068046));
#3197=CARTESIAN_POINT('',(87.6322765854417,0.,212.375280853932));
#3198=CARTESIAN_POINT('',(87.858606911407,0.,212.412256677389));
#3199=CARTESIAN_POINT('',(88.0838126573517,0.,212.455138538419));
#3200=CARTESIAN_POINT('',(88.3078938232756,0.,212.503926437021));
#3201=CARTESIAN_POINT('',(88.5308504091791,0.,212.558620373195));
#3202=CARTESIAN_POINT('',(88.7526824150617,0.,212.619220346941));
#3203=CARTESIAN_POINT('',(88.9728616634215,0.,212.685574655345));
#3204=CARTESIAN_POINT('',(89.190859976756,0.,212.757531595492));
#3205=CARTESIAN_POINT('',(89.4066773550652,0.,212.835091167381));
#3206=CARTESIAN_POINT('',(89.6203137983491,0.,212.918253371013));
#3207=CARTESIAN_POINT('',(89.8317693066076,0.,213.007018206387));
#3208=CARTESIAN_POINT('',(90.0410438798409,0.,213.101385673504));
#3209=CARTESIAN_POINT('',(90.2481375180488,0.,213.201355772363));
#3210=CARTESIAN_POINT('',(90.4271789179977,0.,213.29323769576));
#3211=CARTESIAN_POINT('',(90.603797569128,0.,213.389033490169));
#3212=CARTESIAN_POINT('',(90.7779934714397,0.,213.488743155594));
#3213=CARTESIAN_POINT('',(90.9497666249329,0.,213.592366692031));
#3214=CARTESIAN_POINT('',(91.1191170296074,0.,213.699904099483));
#3215=CARTESIAN_POINT('',(91.2860446854635,0.,213.811355377949));
#3216=CARTESIAN_POINT('',(91.4505495925009,0.,213.926720527428));
#3217=CARTESIAN_POINT('',(91.6126317507198,0.,214.045999547921));
#3218=CARTESIAN_POINT('',(91.7719551571231,0.,214.168939219772));
#3219=CARTESIAN_POINT('',(91.9281838087136,0.,214.295286323324));
#3220=CARTESIAN_POINT('',(92.0813177054913,0.,214.425040858578));
#3221=CARTESIAN_POINT('',(92.2313568474562,0.,214.558202825533));
#3222=CARTESIAN_POINT('',(92.3783012346082,0.,214.694772224189));
#3223=CARTESIAN_POINT('',(92.5221508669474,0.,214.834749054547));
#3224=CARTESIAN_POINT('',(92.6629057444738,0.,214.978133316606));
#3225=CARTESIAN_POINT('',(92.8005658671873,0.,215.124925010367));
#3226=CARTESIAN_POINT('',(92.9348469430042,0.,215.274813980674));
#3227=CARTESIAN_POINT('',(93.0654646798406,0.,215.427490072377));
#3228=CARTESIAN_POINT('',(93.1924190776965,0.,215.582953285473));
#3229=CARTESIAN_POINT('',(93.3157101365719,0.,215.741203619963));
#3230=CARTESIAN_POINT('',(93.4353378564668,0.,215.902241075847));
#3231=CARTESIAN_POINT('',(93.5513022373811,0.,216.066065653125));
#3232=CARTESIAN_POINT('',(93.663603279315,0.,216.232677351798));
#3233=CARTESIAN_POINT('',(93.7722409822683,0.,216.402076171863));
#3234=CARTESIAN_POINT('',(93.8769922656634,0.,216.573905387568));
#3235=CARTESIAN_POINT('',(93.9776340489232,0.,216.747808273157));
#3236=CARTESIAN_POINT('',(94.0741663320474,0.,216.923784828629));
#3237=CARTESIAN_POINT('',(94.1665891150361,0.,217.101835053986));
#3238=CARTESIAN_POINT('',(94.2549023978893,0.,217.281958949226));
#3239=CARTESIAN_POINT('',(94.339106180607,0.,217.464156514351));
#3240=CARTESIAN_POINT('',(94.4192004631892,0.,217.648427749359));
#3241=CARTESIAN_POINT('',(94.4951852456359,0.,217.834772654251));
#3242=CARTESIAN_POINT('',(94.5767912723382,0.,218.049766263593));
#3243=CARTESIAN_POINT('',(94.6526264212931,0.,218.266445971999));
#3244=CARTESIAN_POINT('',(94.7226906925008,0.,218.484811779469));
#3245=CARTESIAN_POINT('',(94.7869840859612,0.,218.704863686003));
#3246=CARTESIAN_POINT('',(94.8455066016743,0.,218.9266016916));
#3247=CARTESIAN_POINT('',(94.8982582396401,0.,219.150025796262));
#3248=CARTESIAN_POINT('',(94.9452389998586,0.,219.375135999988));
#3249=CARTESIAN_POINT('',(94.9452389998586,0.,219.375135999988));
#3250=CARTESIAN_POINT('',(116.281309999859,0.,219.852411999971));
#3251=CARTESIAN_POINT('',(116.281309999859,0.,219.852411999971));
#3252=CARTESIAN_POINT('',(116.391857681742,0.,219.869170795303));
#3253=CARTESIAN_POINT('',(116.50079348225,0.,219.890887005801));
#3254=CARTESIAN_POINT('',(116.608117401381,0.,219.917560631464));
#3255=CARTESIAN_POINT('',(116.713829439137,0.,219.949191672293));
#3256=CARTESIAN_POINT('',(116.817929595517,0.,219.985780128287));
#3257=CARTESIAN_POINT('',(116.920417870521,0.,220.027325999446));
#3258=CARTESIAN_POINT('',(117.02129426415,0.,220.073829285772));
#3259=CARTESIAN_POINT('',(117.120558776403,0.,220.125289987262));
#3260=CARTESIAN_POINT('',(117.217362273294,0.,220.181242915518));
#3261=CARTESIAN_POINT('',(117.310855620837,0.,220.241222882138));
#3262=CARTESIAN_POINT('',(117.401038819032,0.,220.305229887122));
#3263=CARTESIAN_POINT('',(117.48791186788,0.,220.373263930471));
#3264=CARTESIAN_POINT('',(117.57147476738,0.,220.445325012183));
#3265=CARTESIAN_POINT('',(117.651727517531,0.,220.52141313226));
#3266=CARTESIAN_POINT('',(117.728670118335,0.,220.601528290702));
#3267=CARTESIAN_POINT('',(117.802302569792,0.,220.685670487508));
#3268=CARTESIAN_POINT('',(117.872004119071,0.,220.773096691925));
#3269=CARTESIAN_POINT('',(117.937154013344,0.,220.863063873201));
#3270=CARTESIAN_POINT('',(117.99775225261,0.,220.955572031336));
#3271=CARTESIAN_POINT('',(118.053798836871,0.,221.05062116633));
#3272=CARTESIAN_POINT('',(118.105293766126,0.,221.148211278183));
#3273=CARTESIAN_POINT('',(118.152237040374,0.,221.248342366895));
#3274=CARTESIAN_POINT('',(118.194628659617,0.,221.351014432465));
#3275=CARTESIAN_POINT('',(118.232468623853,0.,221.456227474896));
#3276=CARTESIAN_POINT('',(118.269740234857,0.,221.578382883188));
#3277=CARTESIAN_POINT('',(118.300265612479,0.,221.701458180388));
#3278=CARTESIAN_POINT('',(118.324044756719,0.,221.825453366494));
#3279=CARTESIAN_POINT('',(118.341077667577,0.,221.950368441508));
#3280=CARTESIAN_POINT('',(118.351364345052,0.,222.076203405429));
#3281=CARTESIAN_POINT('',(118.354904789146,0.,222.202958258256));
#3282=CARTESIAN_POINT('',(118.351698999858,0.,222.33063299999));
#3283=CARTESIAN_POINT('',(118.351698999858,0.,222.33063299999));
#3284=CARTESIAN_POINT('',(118.351698999867,0.,228.630633000002));
#3285=CARTESIAN_POINT('',(118.351698999867,0.,228.630633000002));
#3286=CARTESIAN_POINT('',(118.337395838126,0.,228.728107408875));
#3287=CARTESIAN_POINT('',(118.317920833334,0.,228.823914081305));
#3288=CARTESIAN_POINT('',(118.29327398549,0.,228.918053017293));
#3289=CARTESIAN_POINT('',(118.263455294594,0.,229.010524216839));
#3290=CARTESIAN_POINT('',(118.228464760646,0.,229.101327679943));
#3291=CARTESIAN_POINT('',(118.188302383646,0.,229.190463406604));
#3292=CARTESIAN_POINT('',(118.142968163593,0.,229.277931396824));
#3293=CARTESIAN_POINT('',(118.092967381574,0.,229.362818160328));
#3294=CARTESIAN_POINT('',(118.038805318674,0.,229.444210206845));
#3295=CARTESIAN_POINT('',(117.980481974893,0.,229.522107536374));
#3296=CARTESIAN_POINT('',(117.91799735023,0.,229.596510148916));
#3297=CARTESIAN_POINT('',(117.851351444687,0.,229.66741804447));
#3298=CARTESIAN_POINT('',(117.780544258262,0.,229.734831223036));
#3299=CARTESIAN_POINT('',(117.705575790956,0.,229.798749684615));
#3300=CARTESIAN_POINT('',(117.627258466428,0.,229.858517882677));
#3301=CARTESIAN_POINT('',(117.546404708339,0.,229.913480270696));
#3302=CARTESIAN_POINT('',(117.463014516688,0.,229.963636848669));
#3303=CARTESIAN_POINT('',(117.377087891476,0.,230.008987616599));
#3304=CARTESIAN_POINT('',(117.288624832701,0.,230.049532574484));
#3305=CARTESIAN_POINT('',(117.197625340365,0.,230.085271722325));
#3306=CARTESIAN_POINT('',(117.104089414467,0.,230.116205060122));
#3307=CARTESIAN_POINT('',(117.009016691873,0.,230.142031756374));
#3308=CARTESIAN_POINT('',(116.913406809449,0.,230.162450979584));
#3309=CARTESIAN_POINT('',(116.817259767193,0.,230.17746272975));
#3310=CARTESIAN_POINT('',(116.720575565107,0.,230.187067006874));
#3311=CARTESIAN_POINT('',(116.623354203189,0.,230.191263810954));
#3312=CARTESIAN_POINT('',(116.525595681441,0.,230.190053141991));
#3313=CARTESIAN_POINT('',(116.427299999862,0.,230.183434999986));
#3314=CARTESIAN_POINT('',(116.427299999862,0.,230.183434999986));
#3315=CARTESIAN_POINT('',(116.511434999859,0.,235.705973000004));
#3316=CARTESIAN_POINT('',(116.511434999859,0.,235.705973000004));
#3317=CARTESIAN_POINT('',(141.772945999653,0.,236.300935999943));
#3318=CARTESIAN_POINT('',(141.772945999653,0.,236.300935999943));
#3319=CARTESIAN_POINT('',(141.890855030787,0.,236.088789592981));
#3320=CARTESIAN_POINT('',(142.013481399036,0.,235.879796188134));
#3321=CARTESIAN_POINT('',(142.140825104398,0.,235.673955785402));
#3322=CARTESIAN_POINT('',(142.272886146874,0.,235.471268384785));
#3323=CARTESIAN_POINT('',(142.409664526464,0.,235.271733986283));
#3324=CARTESIAN_POINT('',(142.551160243168,0.,235.075352589897));
#3325=CARTESIAN_POINT('',(142.697373296986,0.,234.882124195626));
#3326=CARTESIAN_POINT('',(142.848303687918,0.,234.692048803471));
#3327=CARTESIAN_POINT('',(142.986160038966,0.,234.526064786646));
#3328=CARTESIAN_POINT('',(143.127215208573,0.,234.363221875903));
#3329=CARTESIAN_POINT('',(143.271469196739,0.,234.203520071239));
#3330=CARTESIAN_POINT('',(143.418922003464,0.,234.046959372658));
#3331=CARTESIAN_POINT('',(143.569573628748,0.,233.893539780157));
#3332=CARTESIAN_POINT('',(143.723424072592,0.,233.743261293736));
#3333=CARTESIAN_POINT('',(143.880473334995,0.,233.596123913397));
#3334=CARTESIAN_POINT('',(144.040721415957,0.,233.452127639139));
#3335=CARTESIAN_POINT('',(144.204168315478,0.,233.311272470962));
#3336=CARTESIAN_POINT('',(144.391464591154,0.,233.156906857148));
#3337=CARTESIAN_POINT('',(144.581999223379,0.,233.007200399765));
#3338=CARTESIAN_POINT('',(144.775772212153,0.,232.862153098812));
#3339=CARTESIAN_POINT('',(144.972783557477,0.,232.72176495429));
#3340=CARTESIAN_POINT('',(145.17303325935,0.,232.586035966198));
#3341=CARTESIAN_POINT('',(145.376521317773,0.,232.454966134537));
#3342=CARTESIAN_POINT('',(145.583247732745,0.,232.328555459307));
#3343=CARTESIAN_POINT('',(145.793212504266,0.,232.206803940507));
#3344=CARTESIAN_POINT('',(146.005954039722,0.,232.089972109647));
#3345=CARTESIAN_POINT('',(146.221010746497,0.,231.978320498237));
#3346=CARTESIAN_POINT('',(146.438382624592,0.,231.871849106277));
#3347=CARTESIAN_POINT('',(146.658069674005,0.,231.770557933766));
#3348=CARTESIAN_POINT('',(146.880071894738,0.,231.674446980705));
#3349=CARTESIAN_POINT('',(147.104389286791,0.,231.583516247094));
#3350=CARTESIAN_POINT('',(147.331021850162,0.,231.497765732933));
#3351=CARTESIAN_POINT('',(147.559969584853,0.,231.417195438221));
#3352=CARTESIAN_POINT('',(147.790730491933,0.,231.341975484926));
#3353=CARTESIAN_POINT('',(148.022802572471,0.,231.272275995012));
#3354=CARTESIAN_POINT('',(148.256185826466,0.,231.208096968479));
#3355=CARTESIAN_POINT('',(148.49088025392,0.,231.149438405329));
#3356=CARTESIAN_POINT('',(148.726885854831,0.,231.096300305559));
#3357=CARTESIAN_POINT('',(148.964202629201,0.,231.048682669172));
#3358=CARTESIAN_POINT('',(149.202830577028,0.,231.006585496166));
#3359=CARTESIAN_POINT('',(149.442769698314,0.,230.970008786542));
#3360=CARTESIAN_POINT('',(149.717905794457,0.,230.935062941904));
#3361=CARTESIAN_POINT('',(149.993383321711,0.,230.907520214692));
#3362=CARTESIAN_POINT('',(150.269202280075,0.,230.887380604908));
#3363=CARTESIAN_POINT('',(150.545362669551,0.,230.874644112552));
#3364=CARTESIAN_POINT('',(150.821864490137,0.,230.869310737622));
#3365=CARTESIAN_POINT('',(151.098707741834,0.,230.87138048012));
#3366=CARTESIAN_POINT('',(151.375892424642,0.,230.880853340046));
#3367=CARTESIAN_POINT('',(151.618179657359,0.,230.895189813539));
#3368=CARTESIAN_POINT('',(151.859669408376,0.,230.9151440014));
#3369=CARTESIAN_POINT('',(152.100361677692,0.,230.94071590363));
#3370=CARTESIAN_POINT('',(152.340256465308,0.,230.971905520227));
#3371=CARTESIAN_POINT('',(152.579353771222,0.,231.008712851193));
#3372=CARTESIAN_POINT('',(152.817653595437,0.,231.051137896527));
#3373=CARTESIAN_POINT('',(153.055155937951,0.,231.099180656229));
#3374=CARTESIAN_POINT('',(153.291860798764,0.,231.1528411303));
#3375=CARTESIAN_POINT('',(153.52725265125,0.,231.21199612496));
#3376=CARTESIAN_POINT('',(153.760815968783,0.,231.276522446431));
#3377=CARTESIAN_POINT('',(153.992550751361,0.,231.346420094712));
#3378=CARTESIAN_POINT('',(154.222456998987,0.,231.421689069805));
#3379=CARTESIAN_POINT('',(154.450534711659,0.,231.502329371708));
#3380=CARTESIAN_POINT('',(154.676783889377,0.,231.588341000422));
#3381=CARTESIAN_POINT('',(154.901204532141,0.,231.679723955947));
#3382=CARTESIAN_POINT('',(155.123796639952,0.,231.776478238283));
#3383=CARTESIAN_POINT('',(155.123796639952,0.,231.776478238283));
#3384=CARTESIAN_POINT('',(155.347060218296,0.,231.910385712106));
#3385=CARTESIAN_POINT('',(155.567167690271,0.,232.048597889266));
#3386=CARTESIAN_POINT('',(155.784119055879,0.,232.191114769761));
#3387=CARTESIAN_POINT('',(155.99791431512,0.,232.337936353593));
#3388=CARTESIAN_POINT('',(156.208553467992,0.,232.48906264076));
#3389=CARTESIAN_POINT('',(156.416036514497,0.,232.644493631265));
#3390=CARTESIAN_POINT('',(156.620363454634,0.,232.804229325105));
#3391=CARTESIAN_POINT('',(156.821534288403,0.,232.968269722281));
#3392=CARTESIAN_POINT('',(157.019549015805,0.,233.136614822794));
#3393=CARTESIAN_POINT('',(157.214407636839,0.,233.309264626643));
#3394=CARTESIAN_POINT('',(157.405704718438,0.,233.485852461819));
#3395=CARTESIAN_POINT('',(157.593034827534,0.,233.666011656313));
#3396=CARTESIAN_POINT('',(157.776397964127,0.,233.849742210125));
#3397=CARTESIAN_POINT('',(157.955794128217,0.,234.037044123255));
#3398=CARTESIAN_POINT('',(158.131223319804,0.,234.227917395703));
#3399=CARTESIAN_POINT('',(158.302685538888,0.,234.422362027469));
#3400=CARTESIAN_POINT('',(158.47018078547,0.,234.620378018553));
#3401=CARTESIAN_POINT('',(158.633709059548,0.,234.821965368956));
#3402=CARTESIAN_POINT('',(158.793270361124,0.,235.027124078676));
#3403=CARTESIAN_POINT('',(158.948864690197,0.,235.235854147714));
#3404=CARTESIAN_POINT('',(159.100169826505,0.,235.447713989797));
#3405=CARTESIAN_POINT('',(159.246863549786,0.,235.662262018649));
#3406=CARTESIAN_POINT('',(159.38894586004,0.,235.879498234273));
#3407=CARTESIAN_POINT('',(159.526416757267,0.,236.099422636666));
#3408=CARTESIAN_POINT('',(159.659276241467,0.,236.32203522583));
#3409=CARTESIAN_POINT('',(159.787524312641,0.,236.547336001763));
#3410=CARTESIAN_POINT('',(159.911160970787,0.,236.775324964467));
#3411=CARTESIAN_POINT('',(160.030186215906,0.,237.006002113941));
#3412=CARTESIAN_POINT('',(160.144600047998,0.,237.239367450185));
#3413=CARTESIAN_POINT('',(160.254402467063,0.,237.4754209732));
#3414=CARTESIAN_POINT('',(160.359367983688,0.,237.713664708228));
#3415=CARTESIAN_POINT('',(160.459271108458,0.,237.953600680512));
#3416=CARTESIAN_POINT('',(160.554111841374,0.,238.195228890051));
#3417=CARTESIAN_POINT('',(160.643890182436,0.,238.438549336846));
#3418=CARTESIAN_POINT('',(160.728606131643,0.,238.683562020897));
#3419=CARTESIAN_POINT('',(160.808259688996,0.,238.930266942204));
#3420=CARTESIAN_POINT('',(160.882850854495,0.,239.178664100767));
#3421=CARTESIAN_POINT('',(160.952379628139,0.,239.428753496585));
#3422=CARTESIAN_POINT('',(161.016846009928,0.,239.680535129659));
#3423=CARTESIAN_POINT('',(161.076249999864,0.,239.93400899999));
#3424=CARTESIAN_POINT('',(161.076249999864,0.,239.93400899999));
#3425=CARTESIAN_POINT('',(166.005280999871,0.,240.404573999986));
#3426=CARTESIAN_POINT('',(166.005280999871,0.,240.404573999986));
#3427=CARTESIAN_POINT('',(166.509440999868,0.,243.117436999994));
#3428=CARTESIAN_POINT('',(166.509440999868,0.,243.117436999994));
#3429=CARTESIAN_POINT('',(175.759440999867,0.,243.117436999994));
#3430=CARTESIAN_POINT('',(175.759440999867,0.,243.117436999994));
#3431=CARTESIAN_POINT('',(175.907620999857,0.,249.5));
#3432=CARTESIAN_POINT('',(175.907620999857,0.,249.5));
#3433=CARTESIAN_POINT('',(115.907620999857,0.,249.5));
#3434=CARTESIAN_POINT('',(115.907620999857,0.,249.5));
#3435=CARTESIAN_POINT('',(62.7272104271634,0.,240.127490660457));
#3436=CARTESIAN_POINT('',(62.7272104271634,0.,240.127490660457));
#3437=CARTESIAN_POINT('',(30.7685646899256,0.,217.401893153504));
#3438=CARTESIAN_POINT('',(30.7685646899256,0.,217.401893153504));
#3439=CARTESIAN_POINT('',(-1.34591005007678E-010,0.,127.522554999991));
#3440=CARTESIAN_POINT('',(-1.34591005007678E-010,0.,127.522554999991));
#3441=CARTESIAN_POINT('',(-1.34591005007678E-010,0.,95.522554999342));
#3442=CARTESIAN_POINT('',(-1.34591005007678E-010,0.,95.522554999342));
#3443=CARTESIAN_POINT('',(0.282392171261904,0.,95.4935879033983));
#3444=CARTESIAN_POINT('',(0.564951696488748,0.,95.4706546548));
#3445=CARTESIAN_POINT('',(0.847678575545856,0.,95.4537552535467));
#3446=CARTESIAN_POINT('',(1.13057280843329,0.,95.4428896996387));
#3447=CARTESIAN_POINT('',(1.41363439515102,0.,95.4380579930762));
#3448=CARTESIAN_POINT('',(1.69686333569906,0.,95.4392601338591));
#3449=CARTESIAN_POINT('',(1.98025963007743,0.,95.4464961219874));
#3450=CARTESIAN_POINT('',(2.26382327828605,0.,95.4597659574606));
#3451=CARTESIAN_POINT('',(2.54704215715061,0.,95.4790402346543));
#3452=CARTESIAN_POINT('',(2.82940414354114,0.,95.5042895479464));
#3453=CARTESIAN_POINT('',(3.11090923745761,0.,95.5355138973368));
#3454=CARTESIAN_POINT('',(3.39155743890008,0.,95.5727132828251));
#3455=CARTESIAN_POINT('',(3.67134874786848,0.,95.6158877044118));
#3456=CARTESIAN_POINT('',(3.95028316436283,0.,95.6650371620963));
#3457=CARTESIAN_POINT('',(4.22836068838318,0.,95.7201616558791));
#3458=CARTESIAN_POINT('',(4.50558131992948,0.,95.7812611857603));
#3459=CARTESIAN_POINT('',(4.50558131992948,0.,95.7812611857603));
#3460=CARTESIAN_POINT('',(4.80414487834085,0.,95.8339041761592));
#3461=CARTESIAN_POINT('',(5.10135931147545,0.,95.8917389725725));
#3462=CARTESIAN_POINT('',(5.39722461933329,0.,95.9547655750011));
#3463=CARTESIAN_POINT('',(5.69174080191435,0.,96.0229839834442));
#3464=CARTESIAN_POINT('',(5.98490785921861,0.,96.0963941979021));
#3465=CARTESIAN_POINT('',(6.27672579124615,0.,96.1749962183749));
#3466=CARTESIAN_POINT('',(6.56719459799687,0.,96.2587900448625));
#3467=CARTESIAN_POINT('',(6.85631427947082,0.,96.347775677365));
#3468=CARTESIAN_POINT('',(7.14408483566802,0.,96.4419531158824));
#3469=CARTESIAN_POINT('',(7.43050626658845,0.,96.5413223604146));
#3470=CARTESIAN_POINT('',(7.43050626658845,0.,96.5413223604146));
#3471=CARTESIAN_POINT('',(7.61636469819449,0.,96.6050520682479));
#3472=CARTESIAN_POINT('',(7.79962025620061,0.,96.6738365350211));
#3473=CARTESIAN_POINT('',(7.98027294060681,0.,96.7476757607337));
#3474=CARTESIAN_POINT('',(8.15832275141301,0.,96.8265697453858));
#3475=CARTESIAN_POINT('',(8.33376968861933,0.,96.9105184889772));
#3476=CARTESIAN_POINT('',(8.50661375222565,0.,96.9995219915086));
#3477=CARTESIAN_POINT('',(8.67685494223207,0.,97.0935802529793));
#3478=CARTESIAN_POINT('',(8.84449325863849,0.,97.1926932733895));
#3479=CARTESIAN_POINT('',(9.00952870144501,0.,97.2968610527391));
#3480=CARTESIAN_POINT('',(9.17196127065158,0.,97.4060835910286));
#3481=CARTESIAN_POINT('',(9.33179096625821,0.,97.5203608882571));
#3482=CARTESIAN_POINT('',(9.4754041791909,0.,97.6291055091392));
#3483=CARTESIAN_POINT('',(9.61560867684339,0.,97.7411974645042));
#3484=CARTESIAN_POINT('',(9.75240445921575,0.,97.8566367543526));
#3485=CARTESIAN_POINT('',(9.88579152630794,0.,97.9754233786839));
#3486=CARTESIAN_POINT('',(10.0157698781199,0.,98.0975573374985));
#3487=CARTESIAN_POINT('',(10.1423395146518,0.,98.2230386307965));
#3488=CARTESIAN_POINT('',(10.2655004359035,0.,98.3518672585774));
#3489=CARTESIAN_POINT('',(10.385252641875,0.,98.4840432208416));
#3490=CARTESIAN_POINT('',(10.5015961325664,0.,98.6195665175892));
#3491=CARTESIAN_POINT('',(10.6145309079776,0.,98.7584371488197));
#3492=CARTESIAN_POINT('',(10.7240569681086,0.,98.900655114533));
#3493=CARTESIAN_POINT('',(10.8301743129595,0.,99.0462204147302));
#3494=CARTESIAN_POINT('',(10.9415287816885,0.,99.2081000445596));
#3495=CARTESIAN_POINT('',(11.0477820339613,0.,99.3724902778181));
#3496=CARTESIAN_POINT('',(11.1489340697776,0.,99.5393911145065));
#3497=CARTESIAN_POINT('',(11.2449848891377,0.,99.7088025546241));
#3498=CARTESIAN_POINT('',(11.3359344920414,0.,99.8807245981707));
#3499=CARTESIAN_POINT('',(11.4217828784887,0.,100.055157245147));
#3500=CARTESIAN_POINT('',(11.5025300484798,0.,100.232100495553));
#3501=CARTESIAN_POINT('',(11.5781760020145,0.,100.411554349388));
#3502=CARTESIAN_POINT('',(11.6487207390928,0.,100.593518806652));
#3503=CARTESIAN_POINT('',(11.7141642597148,0.,100.777993867346));
#3504=CARTESIAN_POINT('',(11.7745065638806,0.,100.964979531469));
#3505=CARTESIAN_POINT('',(11.8346705572182,0.,101.172519122328));
#3506=CARTESIAN_POINT('',(11.8880208061684,0.,101.381007770059));
#3507=CARTESIAN_POINT('',(11.9345573107313,0.,101.590445474662));
#3508=CARTESIAN_POINT('',(11.9742800709067,0.,101.800832236138));
#3509=CARTESIAN_POINT('',(12.0071890866949,0.,102.012168054487));
#3510=CARTESIAN_POINT('',(12.0332843580956,0.,102.224452929709));
#3511=CARTESIAN_POINT('',(12.052565885109,0.,102.437686861803));
#3512=CARTESIAN_POINT('',(12.0650336677351,0.,102.651869850771));
#3513=CARTESIAN_POINT('',(12.0706877059737,0.,102.86700189661));
#3514=CARTESIAN_POINT('',(12.069527999825,0.,103.083082999323));
#3515=CARTESIAN_POINT('',(16.1317229998863,0.,110.964898000009));
#3516=CARTESIAN_POINT('',(16.2559547500508,0.,111.010200680511));
#3517=CARTESIAN_POINT('',(16.3775171745943,0.,111.060411627978));
#3518=CARTESIAN_POINT('',(16.4964102735168,0.,111.11553084241));
#3519=CARTESIAN_POINT('',(16.6126340468182,0.,111.175558323806));
#3520=CARTESIAN_POINT('',(16.7261884944986,0.,111.240494072167));
#3521=CARTESIAN_POINT('',(16.8370736165579,0.,111.310338087493));
#3522=CARTESIAN_POINT('',(16.9452894129962,0.,111.385090369783));
#3523=CARTESIAN_POINT('',(17.0508358838135,0.,111.464750919039));
#3524=CARTESIAN_POINT('',(17.1529738072387,0.,111.548737258451));
#3525=CARTESIAN_POINT('',(17.2509639615013,0.,111.636466911214));
#3526=CARTESIAN_POINT('',(17.3448063466012,0.,111.727939877328));
#3527=CARTESIAN_POINT('',(17.4345009625383,0.,111.823156156793));
#3528=CARTESIAN_POINT('',(17.5200478093128,0.,111.922115749608));
#3529=CARTESIAN_POINT('',(17.6014468869246,0.,112.024818655774));
#3530=CARTESIAN_POINT('',(17.6786981953737,0.,112.13126487529));
#3531=CARTESIAN_POINT('',(17.75180173466,0.,112.241454408157));
#3532=CARTESIAN_POINT('',(17.8202536591242,0.,112.354592353369));
#3533=CARTESIAN_POINT('',(17.8835501231065,0.,112.469883809921));
#3534=CARTESIAN_POINT('',(17.9416911266071,0.,112.587328777812));
#3535=CARTESIAN_POINT('',(17.994676669626,0.,112.706927257042));
#3536=CARTESIAN_POINT('',(18.0425067521631,0.,112.828679247611));
#3537=CARTESIAN_POINT('',(18.0851813742185,0.,112.952584749521));
#3538=CARTESIAN_POINT('',(18.1227005357921,0.,113.078643762769));
#3539=CARTESIAN_POINT('',(18.1550642368839,0.,113.206856287357));
#3540=CARTESIAN_POINT('',(18.1854625504314,0.,113.354823984603));
#3541=CARTESIAN_POINT('',(18.208575271986,0.,113.503208721464));
#3542=CARTESIAN_POINT('',(18.2244024015475,0.,113.65201049794));
#3543=CARTESIAN_POINT('',(18.232943939116,0.,113.801229314033));
#3544=CARTESIAN_POINT('',(18.2341998846916,0.,113.950865169741));
#3545=CARTESIAN_POINT('',(18.2281702382741,0.,114.100918065065));
#3546=CARTESIAN_POINT('',(18.2148549998637,0.,114.251388000004));
#3547=CARTESIAN_POINT('',(116.511434999859,2000.,235.705973000003));
#3548=CARTESIAN_POINT('',(116.427299999862,2000.,230.183434999985));
#3549=CARTESIAN_POINT('',(116.427299999862,2000.,230.183434999985));
#3550=CARTESIAN_POINT('',(116.525595681441,2000.,230.190053141991));
#3551=CARTESIAN_POINT('',(116.623354203189,2000.,230.191263810954));
#3552=CARTESIAN_POINT('',(116.720575565106,2000.,230.187067006873));
#3553=CARTESIAN_POINT('',(116.817259767192,2000.,230.17746272975));
#3554=CARTESIAN_POINT('',(116.913406809448,2000.,230.162450979583));
#3555=CARTESIAN_POINT('',(117.009016691873,2000.,230.142031756374));
#3556=CARTESIAN_POINT('',(117.104089414467,2000.,230.116205060121));
#3557=CARTESIAN_POINT('',(117.197625340365,2000.,230.085271722325));
#3558=CARTESIAN_POINT('',(117.288624832701,2000.,230.049532574484));
#3559=CARTESIAN_POINT('',(117.377087891476,2000.,230.008987616598));
#3560=CARTESIAN_POINT('',(117.463014516688,2000.,229.963636848669));
#3561=CARTESIAN_POINT('',(117.546404708339,2000.,229.913480270695));
#3562=CARTESIAN_POINT('',(117.627258466428,2000.,229.858517882677));
#3563=CARTESIAN_POINT('',(117.705575790956,2000.,229.798749684614));
#3564=CARTESIAN_POINT('',(117.780544258262,2000.,229.734831223036));
#3565=CARTESIAN_POINT('',(117.851351444687,2000.,229.667418044469));
#3566=CARTESIAN_POINT('',(117.91799735023,2000.,229.596510148915));
#3567=CARTESIAN_POINT('',(117.980481974893,2000.,229.522107536374));
#3568=CARTESIAN_POINT('',(118.038805318674,2000.,229.444210206844));
#3569=CARTESIAN_POINT('',(118.092967381574,2000.,229.362818160328));
#3570=CARTESIAN_POINT('',(118.142968163593,2000.,229.277931396823));
#3571=CARTESIAN_POINT('',(118.188302383646,2000.,229.190463406604));
#3572=CARTESIAN_POINT('',(118.228464760646,2000.,229.101327679943));
#3573=CARTESIAN_POINT('',(118.263455294594,2000.,229.010524216839));
#3574=CARTESIAN_POINT('',(118.29327398549,2000.,228.918053017293));
#3575=CARTESIAN_POINT('',(118.317920833335,2000.,228.823914081305));
#3576=CARTESIAN_POINT('',(118.337395838127,2000.,228.728107408874));
#3577=CARTESIAN_POINT('',(118.351698999867,2000.,228.630633000001));
#3578=CARTESIAN_POINT('',(118.351698999867,2000.,228.630633000001));
#3579=CARTESIAN_POINT('',(118.351698999858,2000.,222.33063299999));
#3580=CARTESIAN_POINT('',(118.351698999858,2000.,222.33063299999));
#3581=CARTESIAN_POINT('',(118.354904789146,2000.,222.202958258256));
#3582=CARTESIAN_POINT('',(118.351364345052,2000.,222.076203405428));
#3583=CARTESIAN_POINT('',(118.341077667577,2000.,221.950368441508));
#3584=CARTESIAN_POINT('',(118.324044756719,2000.,221.825453366494));
#3585=CARTESIAN_POINT('',(118.300265612479,2000.,221.701458180387));
#3586=CARTESIAN_POINT('',(118.269740234857,2000.,221.578382883188));
#3587=CARTESIAN_POINT('',(118.232468623853,2000.,221.456227474895));
#3588=CARTESIAN_POINT('',(118.194628659617,2000.,221.351014432465));
#3589=CARTESIAN_POINT('',(118.152237040374,2000.,221.248342366894));
#3590=CARTESIAN_POINT('',(118.105293766126,2000.,221.148211278182));
#3591=CARTESIAN_POINT('',(118.053798836871,2000.,221.050621166329));
#3592=CARTESIAN_POINT('',(117.997752252611,2000.,220.955572031336));
#3593=CARTESIAN_POINT('',(117.937154013344,2000.,220.8630638732));
#3594=CARTESIAN_POINT('',(117.872004119071,2000.,220.773096691924));
#3595=CARTESIAN_POINT('',(117.802302569792,2000.,220.685670487507));
#3596=CARTESIAN_POINT('',(117.728670118335,2000.,220.601528290701));
#3597=CARTESIAN_POINT('',(117.651727517531,2000.,220.52141313226));
#3598=CARTESIAN_POINT('',(117.57147476738,2000.,220.445325012183));
#3599=CARTESIAN_POINT('',(117.48791186788,2000.,220.37326393047));
#3600=CARTESIAN_POINT('',(117.401038819032,2000.,220.305229887122));
#3601=CARTESIAN_POINT('',(117.310855620837,2000.,220.241222882138));
#3602=CARTESIAN_POINT('',(117.217362273294,2000.,220.181242915517));
#3603=CARTESIAN_POINT('',(117.120558776403,2000.,220.125289987262));
#3604=CARTESIAN_POINT('',(117.02129426415,2000.,220.073829285771));
#3605=CARTESIAN_POINT('',(116.920417870522,2000.,220.027325999446));
#3606=CARTESIAN_POINT('',(116.817929595517,2000.,219.985780128286));
#3607=CARTESIAN_POINT('',(116.713829439137,2000.,219.949191672292));
#3608=CARTESIAN_POINT('',(116.608117401381,2000.,219.917560631463));
#3609=CARTESIAN_POINT('',(116.50079348225,2000.,219.8908870058));
#3610=CARTESIAN_POINT('',(116.391857681742,2000.,219.869170795303));
#3611=CARTESIAN_POINT('',(116.281309999859,2000.,219.85241199997));
#3612=CARTESIAN_POINT('',(116.281309999859,2000.,219.85241199997));
#3613=CARTESIAN_POINT('',(94.9452389998586,2000.,219.375135999987));
#3614=CARTESIAN_POINT('',(94.9452389998586,2000.,219.375135999987));
#3615=CARTESIAN_POINT('',(94.8982582396401,2000.,219.150025796262));
#3616=CARTESIAN_POINT('',(94.8455066016743,2000.,218.9266016916));
#3617=CARTESIAN_POINT('',(94.7869840859612,2000.,218.704863686002));
#3618=CARTESIAN_POINT('',(94.7226906925008,2000.,218.484811779468));
#3619=CARTESIAN_POINT('',(94.6526264212932,2000.,218.266445971998));
#3620=CARTESIAN_POINT('',(94.5767912723382,2000.,218.049766263592));
#3621=CARTESIAN_POINT('',(94.4951852456359,2000.,217.83477265425));
#3622=CARTESIAN_POINT('',(94.4192004631892,2000.,217.648427749358));
#3623=CARTESIAN_POINT('',(94.339106180607,2000.,217.46415651435));
#3624=CARTESIAN_POINT('',(94.2549023978893,2000.,217.281958949226));
#3625=CARTESIAN_POINT('',(94.1665891150361,2000.,217.101835053986));
#3626=CARTESIAN_POINT('',(94.0741663320474,2000.,216.923784828629));
#3627=CARTESIAN_POINT('',(93.9776340489232,2000.,216.747808273156));
#3628=CARTESIAN_POINT('',(93.8769922656635,2000.,216.573905387568));
#3629=CARTESIAN_POINT('',(93.7722409822683,2000.,216.402076171863));
#3630=CARTESIAN_POINT('',(93.663603279315,2000.,216.232677351797));
#3631=CARTESIAN_POINT('',(93.5513022373812,2000.,216.066065653125));
#3632=CARTESIAN_POINT('',(93.4353378564668,2000.,215.902241075847));
#3633=CARTESIAN_POINT('',(93.315710136572,2000.,215.741203619963));
#3634=CARTESIAN_POINT('',(93.1924190776966,2000.,215.582953285472));
#3635=CARTESIAN_POINT('',(93.0654646798407,2000.,215.427490072376));
#3636=CARTESIAN_POINT('',(92.9348469430042,2000.,215.274813980674));
#3637=CARTESIAN_POINT('',(92.8005658671873,2000.,215.124925010366));
#3638=CARTESIAN_POINT('',(92.6629057444738,2000.,214.978133316606));
#3639=CARTESIAN_POINT('',(92.5221508669474,2000.,214.834749054547));
#3640=CARTESIAN_POINT('',(92.3783012346082,2000.,214.694772224189));
#3641=CARTESIAN_POINT('',(92.2313568474562,2000.,214.558202825532));
#3642=CARTESIAN_POINT('',(92.0813177054914,2000.,214.425040858577));
#3643=CARTESIAN_POINT('',(91.9281838087137,2000.,214.295286323324));
#3644=CARTESIAN_POINT('',(91.7719551571231,2000.,214.168939219771));
#3645=CARTESIAN_POINT('',(91.6126317507198,2000.,214.04599954792));
#3646=CARTESIAN_POINT('',(91.4505495925009,2000.,213.926720527427));
#3647=CARTESIAN_POINT('',(91.2860446854635,2000.,213.811355377948));
#3648=CARTESIAN_POINT('',(91.1191170296075,2000.,213.699904099482));
#3649=CARTESIAN_POINT('',(90.9497666249329,2000.,213.592366692031));
#3650=CARTESIAN_POINT('',(90.7779934714397,2000.,213.488743155593));
#3651=CARTESIAN_POINT('',(90.603797569128,2000.,213.389033490169));
#3652=CARTESIAN_POINT('',(90.4271789179977,2000.,213.293237695759));
#3653=CARTESIAN_POINT('',(90.2481375180488,2000.,213.201355772363));
#3654=CARTESIAN_POINT('',(90.0410438798409,2000.,213.101385673504));
#3655=CARTESIAN_POINT('',(89.8317693066077,2000.,213.007018206386));
#3656=CARTESIAN_POINT('',(89.6203137983491,2000.,212.918253371012));
#3657=CARTESIAN_POINT('',(89.4066773550653,2000.,212.835091167381));
#3658=CARTESIAN_POINT('',(89.1908599767561,2000.,212.757531595491));
#3659=CARTESIAN_POINT('',(88.9728616634216,2000.,212.685574655345));
#3660=CARTESIAN_POINT('',(88.7526824150617,2000.,212.619220346941));
#3661=CARTESIAN_POINT('',(88.5308504091791,2000.,212.558620373195));
#3662=CARTESIAN_POINT('',(88.3078938232757,2000.,212.50392643702));
#3663=CARTESIAN_POINT('',(88.0838126573517,2000.,212.455138538418));
#3664=CARTESIAN_POINT('',(87.8586069114071,2000.,212.412256677389));
#3665=CARTESIAN_POINT('',(87.6322765854417,2000.,212.375280853931));
#3666=CARTESIAN_POINT('',(87.4048216794558,2000.,212.344211068046));
#3667=CARTESIAN_POINT('',(87.1762421934492,2000.,212.319047319733));
#3668=CARTESIAN_POINT('',(86.94708509577,2000.,212.299842626675));
#3669=CARTESIAN_POINT('',(86.7178973547662,2000.,212.286650006555));
#3670=CARTESIAN_POINT('',(86.4886789704379,2000.,212.279469459374));
#3671=CARTESIAN_POINT('',(86.259429942785,2000.,212.278300985131));
#3672=CARTESIAN_POINT('',(86.0301502718076,2000.,212.283144583826));
#3673=CARTESIAN_POINT('',(85.8008399575056,2000.,212.294000255459));
#3674=CARTESIAN_POINT('',(85.571498999879,2000.,212.310868000031));
#3675=CARTESIAN_POINT('',(85.571498999879,2000.,212.310868000031));
#3676=CARTESIAN_POINT('',(85.2916681442541,2000.,212.338273933098));
#3677=CARTESIAN_POINT('',(85.0128403688705,2000.,212.371762167193));
#3678=CARTESIAN_POINT('',(84.7350156737283,2000.,212.411332702318));
#3679=CARTESIAN_POINT('',(84.4581940588274,2000.,212.456985538471));
#3680=CARTESIAN_POINT('',(84.1823755241679,2000.,212.508720675653));
#3681=CARTESIAN_POINT('',(83.9075600697497,2000.,212.566538113863));
#3682=CARTESIAN_POINT('',(83.6337476955728,2000.,212.630437853103));
#3683=CARTESIAN_POINT('',(83.3613974938441,2000.,212.700307449819));
#3684=CARTESIAN_POINT('',(83.0909685567694,2000.,212.776034460462));
#3685=CARTESIAN_POINT('',(82.822460884349,2000.,212.857618885031));
#3686=CARTESIAN_POINT('',(82.5558744765828,2000.,212.945060723526));
#3687=CARTESIAN_POINT('',(82.2912093334707,2000.,213.038359975948));
#3688=CARTESIAN_POINT('',(82.0284654550129,2000.,213.137516642295));
#3689=CARTESIAN_POINT('',(81.7676428412093,2000.,213.242530722569));
#3690=CARTESIAN_POINT('',(81.5413332880637,2000.,213.339084132425));
#3691=CARTESIAN_POINT('',(81.3171630962108,2000.,213.439844484328));
#3692=CARTESIAN_POINT('',(81.0951322656505,2000.,213.544811778278));
#3693=CARTESIAN_POINT('',(80.875240796383,2000.,213.653986014276));
#3694=CARTESIAN_POINT('',(80.6574886884082,2000.,213.76736719232));
#3695=CARTESIAN_POINT('',(80.4418759417259,2000.,213.884955312411));
#3696=CARTESIAN_POINT('',(80.2284025563365,2000.,214.00675037455));
#3697=CARTESIAN_POINT('',(80.0170685322397,2000.,214.132752378736));
#3698=CARTESIAN_POINT('',(79.8081829109028,2000.,214.262773038627));
#3699=CARTESIAN_POINT('',(79.6020547337933,2000.,214.396624067882));
#3700=CARTESIAN_POINT('',(79.3986840009112,2000.,214.5343054665));
#3701=CARTESIAN_POINT('',(79.1980707122564,2000.,214.675817234482));
#3702=CARTESIAN_POINT('',(79.000214867829,2000.,214.821159371827));
#3703=CARTESIAN_POINT('',(78.805116467629,2000.,214.970331878536));
#3704=CARTESIAN_POINT('',(78.6127755116563,2000.,215.123334754609));
#3705=CARTESIAN_POINT('',(78.423191999911,2000.,215.280168000045));
#3706=CARTESIAN_POINT('',(46.1497610005108,2000.,194.785496000304));
#3707=CARTESIAN_POINT('',(46.2308179945432,2000.,194.780009486373));
#3708=CARTESIAN_POINT('',(46.310797662447,2000.,194.768580030584));
#3709=CARTESIAN_POINT('',(46.389700004222,2000.,194.751207632935));
#3710=CARTESIAN_POINT('',(46.4675250198683,2000.,194.727892293427));
#3711=CARTESIAN_POINT('',(46.5284678413663,2000.,194.705145285409));
#3712=CARTESIAN_POINT('',(46.587638141729,2000.,194.678963158055));
#3713=CARTESIAN_POINT('',(46.6450359209565,2000.,194.649345911365));
#3714=CARTESIAN_POINT('',(46.7006611790487,2000.,194.616293545339));
#3715=CARTESIAN_POINT('',(46.7545139160057,2000.,194.579806059975));
#3716=CARTESIAN_POINT('',(46.8061302367735,2000.,194.54021806563));
#3717=CARTESIAN_POINT('',(46.8550462462982,2000.,194.497864172657));
#3718=CARTESIAN_POINT('',(46.9012619445797,2000.,194.452744381056));
#3719=CARTESIAN_POINT('',(46.944777331618,2000.,194.404858690827));
#3720=CARTESIAN_POINT('',(46.9855924074132,2000.,194.354207101971));
#3721=CARTESIAN_POINT('',(47.0233615272758,2000.,194.301245347367));
#3722=CARTESIAN_POINT('',(47.0577390465169,2000.,194.246429159898));
#3723=CARTESIAN_POINT('',(47.0887249651362,2000.,194.189758539564));
#3724=CARTESIAN_POINT('',(47.1163192831337,2000.,194.131233486364));
#3725=CARTESIAN_POINT('',(47.1405220005096,2000.,194.070854000298));
#3726=CARTESIAN_POINT('',(47.1405220005096,2000.,194.070854000298));
#3727=CARTESIAN_POINT('',(47.1405219998666,2000.,185.57085399999));
#3728=CARTESIAN_POINT('',(47.1405219998666,2000.,185.57085399999));
#3729=CARTESIAN_POINT('',(47.1399101795075,2000.,185.480727941092));
#3730=CARTESIAN_POINT('',(47.1339393298852,2000.,185.391455094679));
#3731=CARTESIAN_POINT('',(47.1226094509996,2000.,185.303035460751));
#3732=CARTESIAN_POINT('',(47.1059205428508,2000.,185.215469039309));
#3733=CARTESIAN_POINT('',(47.0838726054388,2000.,185.128755830351));
#3734=CARTESIAN_POINT('',(47.0564656387635,2000.,185.042895833878));
#3735=CARTESIAN_POINT('',(47.024023614697,2000.,184.958808998456));
#3736=CARTESIAN_POINT('',(46.9868705051111,2000.,184.877415272654));
#3737=CARTESIAN_POINT('',(46.9450063100059,2000.,184.79871465647));
#3738=CARTESIAN_POINT('',(46.8984310293814,2000.,184.722707149905));
#3739=CARTESIAN_POINT('',(46.8471446632374,2000.,184.649392752958));
#3740=CARTESIAN_POINT('',(46.7911472115743,2000.,184.578771465631));
#3741=CARTESIAN_POINT('',(46.731067020679,2000.,184.511589239718));
#3742=CARTESIAN_POINT('',(46.6675324368397,2000.,184.448592027015));
#3743=CARTESIAN_POINT('',(46.600543460056,2000.,184.389779827524));
#3744=CARTESIAN_POINT('',(46.5301000903283,2000.,184.335152641243));
#3745=CARTESIAN_POINT('',(46.4562023276563,2000.,184.284710468174));
#3746=CARTESIAN_POINT('',(46.3788501720401,2000.,184.238453308315));
#3747=CARTESIAN_POINT('',(46.2988951516284,2000.,184.196856727595));
#3748=CARTESIAN_POINT('',(46.2171887945697,2000.,184.160396291941));
#3749=CARTESIAN_POINT('',(46.1337311008641,2000.,184.129072001353));
#3750=CARTESIAN_POINT('',(46.0485220705115,2000.,184.10288385583));
#3751=CARTESIAN_POINT('',(45.9615617035121,2000.,184.081831855374));
#3752=CARTESIAN_POINT('',(45.8728499998657,2000.,184.065915999983));
#3753=CARTESIAN_POINT('',(45.8728499998657,2000.,184.065915999983));
#3754=CARTESIAN_POINT('',(39.6728499998673,2000.,184.065915999992));
#3755=CARTESIAN_POINT('',(39.6728499998673,2000.,184.065915999992));
#3756=CARTESIAN_POINT('',(39.6390735228852,2000.,183.766295835524));
#3757=CARTESIAN_POINT('',(39.5990624218615,2000.,183.467848642963));
#3758=CARTESIAN_POINT('',(39.5528166967961,2000.,183.170574422309));
#3759=CARTESIAN_POINT('',(39.5003363476894,2000.,182.874473173561));
#3760=CARTESIAN_POINT('',(39.441621374541,2000.,182.57954489672));
#3761=CARTESIAN_POINT('',(39.376671777351,2000.,182.285789591785));
#3762=CARTESIAN_POINT('',(39.3054875561194,2000.,181.993207258756));
#3763=CARTESIAN_POINT('',(39.2280687108464,2000.,181.701797897633));
#3764=CARTESIAN_POINT('',(39.1541304472759,2000.,181.444158293854));
#3765=CARTESIAN_POINT('',(39.0754910473093,2000.,181.188257927261));
#3766=CARTESIAN_POINT('',(38.9921505109465,2000.,180.934096797855));
#3767=CARTESIAN_POINT('',(38.9041088381874,2000.,180.681674905635));
#3768=CARTESIAN_POINT('',(38.8113660290322,2000.,180.430992250601));
#3769=CARTESIAN_POINT('',(38.7139220834808,2000.,180.182048832754));
#3770=CARTESIAN_POINT('',(38.611777001533,2000.,179.934844652093));
#3771=CARTESIAN_POINT('',(38.5049307831892,2000.,179.689379708619));
#3772=CARTESIAN_POINT('',(38.3933834284491,2000.,179.445654002331));
#3773=CARTESIAN_POINT('',(38.2773139169021,2000.,179.204049158124));
#3774=CARTESIAN_POINT('',(38.1569012281374,2000.,178.964946800892));
#3775=CARTESIAN_POINT('',(38.032145362155,2000.,178.728346930636));
#3776=CARTESIAN_POINT('',(37.9030463189549,2000.,178.494249547356));
#3777=CARTESIAN_POINT('',(37.7696040985372,2000.,178.26265465105));
#3778=CARTESIAN_POINT('',(37.6318187009017,2000.,178.03356224172));
#3779=CARTESIAN_POINT('',(37.4896901260486,2000.,177.806972319366));
#3780=CARTESIAN_POINT('',(37.3432183739778,2000.,177.582884883986));
#3781=CARTESIAN_POINT('',(37.1924034446893,2000.,177.361299935583));
#3782=CARTESIAN_POINT('',(37.0374857417256,2000.,177.142563707299));
#3783=CARTESIAN_POINT('',(36.8787056686289,2000.,176.92702243228));
#3784=CARTESIAN_POINT('',(36.7160632253994,2000.,176.714676110525));
#3785=CARTESIAN_POINT('',(36.5495584120368,2000.,176.505524742036));
#3786=CARTESIAN_POINT('',(36.3791912285414,2000.,176.29956832681));
#3787=CARTESIAN_POINT('',(36.204961674913,2000.,176.096806864849));
#3788=CARTESIAN_POINT('',(36.0268697511518,2000.,175.897240356152));
#3789=CARTESIAN_POINT('',(35.8449154572575,2000.,175.700868800721));
#3790=CARTESIAN_POINT('',(35.6590987932304,2000.,175.507692198553));
#3791=CARTESIAN_POINT('',(35.4697147866885,2000.,175.31801159775));
#3792=CARTESIAN_POINT('',(35.2770584652499,2000.,175.132128046409));
#3793=CARTESIAN_POINT('',(35.0811298289147,2000.,174.950041544531));
#3794=CARTESIAN_POINT('',(34.8819288776829,2000.,174.771752092116));
#3795=CARTESIAN_POINT('',(34.6794556115544,2000.,174.597259689164));
#3796=CARTESIAN_POINT('',(34.4737100305293,2000.,174.426564335675));
#3797=CARTESIAN_POINT('',(34.2646921346075,2000.,174.259666031649));
#3798=CARTESIAN_POINT('',(34.0524019237892,2000.,174.096564777085));
#3799=CARTESIAN_POINT('',(33.8368393980741,2000.,173.937260571985));
#3800=CARTESIAN_POINT('',(33.6183458642231,2000.,173.782000764177));
#3801=CARTESIAN_POINT('',(33.3972626289966,2000.,173.631032701491));
#3802=CARTESIAN_POINT('',(33.1735896923945,2000.,173.484356383927));
#3803=CARTESIAN_POINT('',(32.9473270544168,2000.,173.341971811485));
#3804=CARTESIAN_POINT('',(32.7184747150637,2000.,173.203878984164));
#3805=CARTESIAN_POINT('',(32.487032674335,2000.,173.070077901966));
#3806=CARTESIAN_POINT('',(32.2530009322307,2000.,172.94056856489));
#3807=CARTESIAN_POINT('',(32.016379488751,2000.,172.815350972935));
#3808=CARTESIAN_POINT('',(31.7771683438956,2000.,172.694425126103));
#3809=CARTESIAN_POINT('',(31.5357454296162,2000.,172.577977675654));
#3810=CARTESIAN_POINT('',(31.2924886778646,2000.,172.466195272851));
#3811=CARTESIAN_POINT('',(31.0473980886405,2000.,172.359077917692));
#3812=CARTESIAN_POINT('',(30.8004736619443,2000.,172.256625610179));
#3813=CARTESIAN_POINT('',(30.5517153977757,2000.,172.15883835031));
#3814=CARTESIAN_POINT('',(30.3011232961349,2000.,172.065716138087));
#3815=CARTESIAN_POINT('',(30.0486973570217,2000.,171.977258973509));
#3816=CARTESIAN_POINT('',(29.7944375804363,2000.,171.893466856576));
#3817=CARTESIAN_POINT('',(29.5383439663785,2000.,171.814339787289));
#3818=CARTESIAN_POINT('',(29.2485577861837,2000.,171.731050753671));
#3819=CARTESIAN_POINT('',(28.9574729443853,2000.,171.653971380114));
#3820=CARTESIAN_POINT('',(28.6650894409834,2000.,171.583101666618));
#3821=CARTESIAN_POINT('',(28.371407275978,2000.,171.518441613183));
#3822=CARTESIAN_POINT('',(28.076426449369,2000.,171.45999121981));
#3823=CARTESIAN_POINT('',(27.7801469611565,2000.,171.407750486496));
#3824=CARTESIAN_POINT('',(27.4825688113404,2000.,171.361719413244));
#3825=CARTESIAN_POINT('',(27.1836919999208,2000.,171.321898000053));
#3826=CARTESIAN_POINT('',(27.1836919999208,2000.,171.321898000053));
#3827=CARTESIAN_POINT('',(27.1836919998565,2000.,148.921897999924));
#3828=CARTESIAN_POINT('',(27.1836919998565,2000.,148.921897999924));
#3829=CARTESIAN_POINT('',(27.1788306296741,2000.,148.834954051631));
#3830=CARTESIAN_POINT('',(27.1686471299257,2000.,148.748980935706));
#3831=CARTESIAN_POINT('',(27.1531415006113,2000.,148.663978652149));
#3832=CARTESIAN_POINT('',(27.132313741731,2000.,148.579947200959));
#3833=CARTESIAN_POINT('',(27.1061638532845,2000.,148.496886582138));
#3834=CARTESIAN_POINT('',(27.0749674451689,2000.,148.415586722449));
#3835=CARTESIAN_POINT('',(27.0390001272809,2000.,148.336837548656));
#3836=CARTESIAN_POINT('',(26.9982618996203,2000.,148.260639060762));
#3837=CARTESIAN_POINT('',(26.9527527621874,2000.,148.186991258764));
#3838=CARTESIAN_POINT('',(26.902472714982,2000.,148.115894142664));
#3839=CARTESIAN_POINT('',(26.8479255640906,2000.,148.048015638008));
#3840=CARTESIAN_POINT('',(26.7896151155994,2000.,147.984023670342));
#3841=CARTESIAN_POINT('',(26.7275413695085,2000.,147.923918239667));
#3842=CARTESIAN_POINT('',(26.6617043258179,2000.,147.867699345983));
#3843=CARTESIAN_POINT('',(26.5921039845276,2000.,147.815366989289));
#3844=CARTESIAN_POINT('',(26.5194241530687,2000.,147.767403199156));
#3845=CARTESIAN_POINT('',(26.4443486388719,2000.,147.724290005154));
#3846=CARTESIAN_POINT('',(26.3668774419373,2000.,147.686027407282));
#3847=CARTESIAN_POINT('',(26.2870105622647,2000.,147.652615405541));
#3848=CARTESIAN_POINT('',(26.2047479998544,2000.,147.624053999931));
#3849=CARTESIAN_POINT('',(26.2047479998544,2000.,147.624053999931));
#3850=CARTESIAN_POINT('',(22.2586609998654,2000.,146.834895999985));
#3851=CARTESIAN_POINT('',(22.2586609998654,2000.,146.834895999985));
#3852=CARTESIAN_POINT('',(22.2586609998654,2000.,139.134896000003));
#3853=CARTESIAN_POINT('',(22.2586609998654,2000.,139.134896000003));
#3854=CARTESIAN_POINT('',(18.4404019998583,2000.,138.755984999996));
#3855=CARTESIAN_POINT('',(18.4404019998583,2000.,138.755984999996));
#3856=CARTESIAN_POINT('',(18.2148549998637,2000.,114.251388000004));
#3857=CARTESIAN_POINT('',(18.2148549998637,2000.,114.251388000004));
#3858=CARTESIAN_POINT('',(18.2281702382741,2000.,114.100918065064));
#3859=CARTESIAN_POINT('',(18.2341998846916,2000.,113.950865169741));
#3860=CARTESIAN_POINT('',(18.232943939116,2000.,113.801229314033));
#3861=CARTESIAN_POINT('',(18.2244024015475,2000.,113.65201049794));
#3862=CARTESIAN_POINT('',(18.208575271986,2000.,113.503208721464));
#3863=CARTESIAN_POINT('',(18.1854625504315,2000.,113.354823984602));
#3864=CARTESIAN_POINT('',(18.1550642368839,2000.,113.206856287357));
#3865=CARTESIAN_POINT('',(18.1227005357921,2000.,113.078643762769));
#3866=CARTESIAN_POINT('',(18.0851813742185,2000.,112.952584749521));
#3867=CARTESIAN_POINT('',(18.0425067521631,2000.,112.828679247611));
#3868=CARTESIAN_POINT('',(17.994676669626,2000.,112.706927257042));
#3869=CARTESIAN_POINT('',(17.9416911266072,2000.,112.587328777811));
#3870=CARTESIAN_POINT('',(17.8835501231065,2000.,112.469883809921));
#3871=CARTESIAN_POINT('',(17.8202536591241,2000.,112.354592353369));
#3872=CARTESIAN_POINT('',(17.75180173466,2000.,112.241454408157));
#3873=CARTESIAN_POINT('',(17.6786981953737,2000.,112.13126487529));
#3874=CARTESIAN_POINT('',(17.6014468869246,2000.,112.024818655774));
#3875=CARTESIAN_POINT('',(17.5200478093128,2000.,111.922115749608));
#3876=CARTESIAN_POINT('',(17.4345009625384,2000.,111.823156156793));
#3877=CARTESIAN_POINT('',(17.3448063466012,2000.,111.727939877328));
#3878=CARTESIAN_POINT('',(17.2509639615013,2000.,111.636466911214));
#3879=CARTESIAN_POINT('',(17.1529738072388,2000.,111.548737258451));
#3880=CARTESIAN_POINT('',(17.0508358838135,2000.,111.464750919038));
#3881=CARTESIAN_POINT('',(16.9452894129962,2000.,111.385090369783));
#3882=CARTESIAN_POINT('',(16.8370736165579,2000.,111.310338087493));
#3883=CARTESIAN_POINT('',(16.7261884944986,2000.,111.240494072167));
#3884=CARTESIAN_POINT('',(16.6126340468183,2000.,111.175558323806));
#3885=CARTESIAN_POINT('',(16.4964102735168,2000.,111.11553084241));
#3886=CARTESIAN_POINT('',(16.3775171745943,2000.,111.060411627978));
#3887=CARTESIAN_POINT('',(16.2559547500508,2000.,111.010200680511));
#3888=CARTESIAN_POINT('',(16.1317229998863,2000.,110.964898000009));
#3889=CARTESIAN_POINT('',(12.0695279998251,2000.,103.083082999323));
#3890=CARTESIAN_POINT('',(12.0706877059737,2000.,102.86700189661));
#3891=CARTESIAN_POINT('',(12.0650336677351,2000.,102.65186985077));
#3892=CARTESIAN_POINT('',(12.0525658851091,2000.,102.437686861803));
#3893=CARTESIAN_POINT('',(12.0332843580957,2000.,102.224452929709));
#3894=CARTESIAN_POINT('',(12.0071890866949,2000.,102.012168054487));
#3895=CARTESIAN_POINT('',(11.9742800709068,2000.,101.800832236138));
#3896=CARTESIAN_POINT('',(11.9345573107313,2000.,101.590445474662));
#3897=CARTESIAN_POINT('',(11.8880208061684,2000.,101.381007770058));
#3898=CARTESIAN_POINT('',(11.8346705572182,2000.,101.172519122327));
#3899=CARTESIAN_POINT('',(11.7745065638805,2000.,100.964979531469));
#3900=CARTESIAN_POINT('',(11.7141642597149,2000.,100.777993867346));
#3901=CARTESIAN_POINT('',(11.6487207390928,2000.,100.593518806652));
#3902=CARTESIAN_POINT('',(11.5781760020145,2000.,100.411554349388));
#3903=CARTESIAN_POINT('',(11.5025300484798,2000.,100.232100495552));
#3904=CARTESIAN_POINT('',(11.4217828784887,2000.,100.055157245147));
#3905=CARTESIAN_POINT('',(11.3359344920414,2000.,99.8807245981707));
#3906=CARTESIAN_POINT('',(11.2449848891377,2000.,99.7088025546236));
#3907=CARTESIAN_POINT('',(11.1489340697776,2000.,99.5393911145061));
#3908=CARTESIAN_POINT('',(11.0477820339613,2000.,99.3724902778181));
#3909=CARTESIAN_POINT('',(10.9415287816886,2000.,99.2081000445592));
#3910=CARTESIAN_POINT('',(10.8301743129595,2000.,99.0462204147298));
#3911=CARTESIAN_POINT('',(10.7240569681086,2000.,98.900655114533));
#3912=CARTESIAN_POINT('',(10.6145309079776,2000.,98.7584371488192));
#3913=CARTESIAN_POINT('',(10.5015961325664,2000.,98.6195665175887));
#3914=CARTESIAN_POINT('',(10.385252641875,2000.,98.4840432208416));
#3915=CARTESIAN_POINT('',(10.2655004359035,2000.,98.3518672585774));
#3916=CARTESIAN_POINT('',(10.1423395146518,2000.,98.2230386307965));
#3917=CARTESIAN_POINT('',(10.01576987812,2000.,98.0975573374985));
#3918=CARTESIAN_POINT('',(9.88579152630793,2000.,97.9754233786839));
#3919=CARTESIAN_POINT('',(9.75240445921577,2000.,97.8566367543522));
#3920=CARTESIAN_POINT('',(9.61560867684339,2000.,97.7411974645042));
#3921=CARTESIAN_POINT('',(9.47540417919092,2000.,97.6291055091392));
#3922=CARTESIAN_POINT('',(9.33179096625823,2000.,97.5203608882571));
#3923=CARTESIAN_POINT('',(9.17196127065159,2000.,97.4060835910282));
#3924=CARTESIAN_POINT('',(9.00952870144502,2000.,97.2968610527391));
#3925=CARTESIAN_POINT('',(8.84449325863849,2000.,97.1926932733891));
#3926=CARTESIAN_POINT('',(8.67685494223204,2000.,97.0935802529789));
#3927=CARTESIAN_POINT('',(8.50661375222565,2000.,96.9995219915081));
#3928=CARTESIAN_POINT('',(8.3337696886193,2000.,96.9105184889772));
#3929=CARTESIAN_POINT('',(8.15832275141302,2000.,96.8265697453853));
#3930=CARTESIAN_POINT('',(7.98027294060678,2000.,96.7476757607333));
#3931=CARTESIAN_POINT('',(7.79962025620063,2000.,96.6738365350207));
#3932=CARTESIAN_POINT('',(7.61636469819453,2000.,96.6050520682479));
#3933=CARTESIAN_POINT('',(7.43050626658842,2000.,96.5413223604141));
#3934=CARTESIAN_POINT('',(7.43050626658842,2000.,96.5413223604141));
#3935=CARTESIAN_POINT('',(7.14408483566804,2000.,96.4419531158819));
#3936=CARTESIAN_POINT('',(6.85631427947087,2000.,96.347775677365));
#3937=CARTESIAN_POINT('',(6.56719459799687,2000.,96.2587900448625));
#3938=CARTESIAN_POINT('',(6.27672579124614,2000.,96.1749962183749));
#3939=CARTESIAN_POINT('',(5.98490785921864,2000.,96.0963941979021));
#3940=CARTESIAN_POINT('',(5.69174080191436,2000.,96.0229839834442));
#3941=CARTESIAN_POINT('',(5.3972246193333,2000.,95.9547655750011));
#3942=CARTESIAN_POINT('',(5.10135931147543,2000.,95.8917389725725));
#3943=CARTESIAN_POINT('',(4.80414487834081,2000.,95.8339041761587));
#3944=CARTESIAN_POINT('',(4.50558131992946,2000.,95.7812611857603));
#3945=CARTESIAN_POINT('',(4.50558131992946,2000.,95.7812611857603));
#3946=CARTESIAN_POINT('',(4.22836068838319,2000.,95.7201616558791));
#3947=CARTESIAN_POINT('',(3.95028316436283,2000.,95.6650371620963));
#3948=CARTESIAN_POINT('',(3.67134874786848,2000.,95.6158877044113));
#3949=CARTESIAN_POINT('',(3.39155743890007,2000.,95.5727132828247));
#3950=CARTESIAN_POINT('',(3.11090923745763,2000.,95.5355138973364));
#3951=CARTESIAN_POINT('',(2.82940414354118,2000.,95.5042895479464));
#3952=CARTESIAN_POINT('',(2.54704215715063,2000.,95.4790402346543));
#3953=CARTESIAN_POINT('',(2.2638232782861,2000.,95.4597659574606));
#3954=CARTESIAN_POINT('',(1.98025963007744,2000.,95.4464961219869));
#3955=CARTESIAN_POINT('',(1.69686333569906,2000.,95.4392601338591));
#3956=CARTESIAN_POINT('',(1.41363439515099,2000.,95.4380579930762));
#3957=CARTESIAN_POINT('',(1.13057280843329,2000.,95.4428896996387));
#3958=CARTESIAN_POINT('',(0.847678575545856,2000.,95.4537552535467));
#3959=CARTESIAN_POINT('',(0.56495169648872,2000.,95.4706546547995));
#3960=CARTESIAN_POINT('',(0.28239217126189,2000.,95.4935879033983));
#3961=CARTESIAN_POINT('',(-1.34591005007678E-010,2000.,95.522554999342));
#3962=CARTESIAN_POINT('',(-1.34591005007678E-010,2000.,95.522554999342));
#3963=CARTESIAN_POINT('',(-1.34591005007678E-010,2000.,127.522554999991));
#3964=CARTESIAN_POINT('',(-1.34591005007678E-010,2000.,127.522554999991));
#3965=CARTESIAN_POINT('',(30.7685646899256,2000.,217.401893153504));
#3966=CARTESIAN_POINT('',(30.7685646899256,2000.,217.401893153504));
#3967=CARTESIAN_POINT('',(62.7272104271634,2000.,240.127490660457));
#3968=CARTESIAN_POINT('',(62.7272104271634,2000.,240.127490660457));
#3969=CARTESIAN_POINT('',(115.907620999857,2000.,249.5));
#3970=CARTESIAN_POINT('',(115.907620999857,2000.,249.5));
#3971=CARTESIAN_POINT('',(175.907620999857,2000.,249.5));
#3972=CARTESIAN_POINT('',(175.907620999857,2000.,249.5));
#3973=CARTESIAN_POINT('',(175.759440999868,2000.,243.117436999993));
#3974=CARTESIAN_POINT('',(175.759440999868,2000.,243.117436999993));
#3975=CARTESIAN_POINT('',(166.509440999868,2000.,243.117436999993));
#3976=CARTESIAN_POINT('',(166.509440999868,2000.,243.117436999993));
#3977=CARTESIAN_POINT('',(166.005280999871,2000.,240.404573999985));
#3978=CARTESIAN_POINT('',(166.005280999871,2000.,240.404573999985));
#3979=CARTESIAN_POINT('',(161.076249999864,2000.,239.934008999989));
#3980=CARTESIAN_POINT('',(161.076249999864,2000.,239.934008999989));
#3981=CARTESIAN_POINT('',(161.016846009928,2000.,239.680535129659));
#3982=CARTESIAN_POINT('',(160.952379628139,2000.,239.428753496585));
#3983=CARTESIAN_POINT('',(160.882850854495,2000.,239.178664100766));
#3984=CARTESIAN_POINT('',(160.808259688996,2000.,238.930266942204));
#3985=CARTESIAN_POINT('',(160.728606131643,2000.,238.683562020897));
#3986=CARTESIAN_POINT('',(160.643890182436,2000.,238.438549336846));
#3987=CARTESIAN_POINT('',(160.554111841374,2000.,238.19522889005));
#3988=CARTESIAN_POINT('',(160.459271108458,2000.,237.953600680511));
#3989=CARTESIAN_POINT('',(160.359367983688,2000.,237.713664708228));
#3990=CARTESIAN_POINT('',(160.254402467063,2000.,237.4754209732));
#3991=CARTESIAN_POINT('',(160.144600047998,2000.,237.239367450185));
#3992=CARTESIAN_POINT('',(160.030186215906,2000.,237.006002113941));
#3993=CARTESIAN_POINT('',(159.911160970787,2000.,236.775324964467));
#3994=CARTESIAN_POINT('',(159.787524312641,2000.,236.547336001763));
#3995=CARTESIAN_POINT('',(159.659276241467,2000.,236.322035225829));
#3996=CARTESIAN_POINT('',(159.526416757267,2000.,236.099422636666));
#3997=CARTESIAN_POINT('',(159.38894586004,2000.,235.879498234272));
#3998=CARTESIAN_POINT('',(159.246863549786,2000.,235.662262018649));
#3999=CARTESIAN_POINT('',(159.100169826505,2000.,235.447713989796));
#4000=CARTESIAN_POINT('',(158.948864690197,2000.,235.235854147714));
#4001=CARTESIAN_POINT('',(158.793270361124,2000.,235.027124078676));
#4002=CARTESIAN_POINT('',(158.633709059548,2000.,234.821965368955));
#4003=CARTESIAN_POINT('',(158.47018078547,2000.,234.620378018553));
#4004=CARTESIAN_POINT('',(158.302685538888,2000.,234.422362027469));
#4005=CARTESIAN_POINT('',(158.131223319804,2000.,234.227917395703));
#4006=CARTESIAN_POINT('',(157.955794128217,2000.,234.037044123254));
#4007=CARTESIAN_POINT('',(157.776397964127,2000.,233.849742210125));
#4008=CARTESIAN_POINT('',(157.593034827534,2000.,233.666011656313));
#4009=CARTESIAN_POINT('',(157.405704718438,2000.,233.485852461818));
#4010=CARTESIAN_POINT('',(157.214407636839,2000.,233.309264626642));
#4011=CARTESIAN_POINT('',(157.019549015805,2000.,233.136614822793));
#4012=CARTESIAN_POINT('',(156.821534288404,2000.,232.968269722281));
#4013=CARTESIAN_POINT('',(156.620363454634,2000.,232.804229325104));
#4014=CARTESIAN_POINT('',(156.416036514497,2000.,232.644493631264));
#4015=CARTESIAN_POINT('',(156.208553467992,2000.,232.48906264076));
#4016=CARTESIAN_POINT('',(155.99791431512,2000.,232.337936353592));
#4017=CARTESIAN_POINT('',(155.784119055879,2000.,232.191114769761));
#4018=CARTESIAN_POINT('',(155.567167690272,2000.,232.048597889265));
#4019=CARTESIAN_POINT('',(155.347060218296,2000.,231.910385712106));
#4020=CARTESIAN_POINT('',(155.123796639952,2000.,231.776478238283));
#4021=CARTESIAN_POINT('',(155.123796639952,2000.,231.776478238283));
#4022=CARTESIAN_POINT('',(154.901204532141,2000.,231.679723955947));
#4023=CARTESIAN_POINT('',(154.676783889377,2000.,231.588341000422));
#4024=CARTESIAN_POINT('',(154.450534711659,2000.,231.502329371708));
#4025=CARTESIAN_POINT('',(154.222456998987,2000.,231.421689069804));
#4026=CARTESIAN_POINT('',(153.992550751361,2000.,231.346420094712));
#4027=CARTESIAN_POINT('',(153.760815968783,2000.,231.27652244643));
#4028=CARTESIAN_POINT('',(153.52725265125,2000.,231.21199612496));
#4029=CARTESIAN_POINT('',(153.291860798764,2000.,231.152841130299));
#4030=CARTESIAN_POINT('',(153.055155937951,2000.,231.099180656229));
#4031=CARTESIAN_POINT('',(152.817653595437,2000.,231.051137896527));
#4032=CARTESIAN_POINT('',(152.579353771223,2000.,231.008712851193));
#4033=CARTESIAN_POINT('',(152.340256465308,2000.,230.971905520227));
#4034=CARTESIAN_POINT('',(152.100361677692,2000.,230.940715903629));
#4035=CARTESIAN_POINT('',(151.859669408376,2000.,230.915144001399));
#4036=CARTESIAN_POINT('',(151.618179657359,2000.,230.895189813538));
#4037=CARTESIAN_POINT('',(151.375892424642,2000.,230.880853340045));
#4038=CARTESIAN_POINT('',(151.098707741834,2000.,230.87138048012));
#4039=CARTESIAN_POINT('',(150.821864490137,2000.,230.869310737622));
#4040=CARTESIAN_POINT('',(150.545362669551,2000.,230.874644112551));
#4041=CARTESIAN_POINT('',(150.269202280075,2000.,230.887380604908));
#4042=CARTESIAN_POINT('',(149.993383321711,2000.,230.907520214692));
#4043=CARTESIAN_POINT('',(149.717905794457,2000.,230.935062941903));
#4044=CARTESIAN_POINT('',(149.442769698314,2000.,230.970008786542));
#4045=CARTESIAN_POINT('',(149.202830577028,2000.,231.006585496165));
#4046=CARTESIAN_POINT('',(148.964202629201,2000.,231.048682669171));
#4047=CARTESIAN_POINT('',(148.726885854831,2000.,231.096300305559));
#4048=CARTESIAN_POINT('',(148.49088025392,2000.,231.149438405328));
#4049=CARTESIAN_POINT('',(148.256185826466,2000.,231.208096968478));
#4050=CARTESIAN_POINT('',(148.022802572471,2000.,231.272275995011));
#4051=CARTESIAN_POINT('',(147.790730491933,2000.,231.341975484925));
#4052=CARTESIAN_POINT('',(147.559969584854,2000.,231.417195438221));
#4053=CARTESIAN_POINT('',(147.331021850162,2000.,231.497765732933));
#4054=CARTESIAN_POINT('',(147.104389286791,2000.,231.583516247094));
#4055=CARTESIAN_POINT('',(146.880071894738,2000.,231.674446980705));
#4056=CARTESIAN_POINT('',(146.658069674005,2000.,231.770557933766));
#4057=CARTESIAN_POINT('',(146.438382624592,2000.,231.871849106276));
#4058=CARTESIAN_POINT('',(146.221010746497,2000.,231.978320498236));
#4059=CARTESIAN_POINT('',(146.005954039722,2000.,232.089972109647));
#4060=CARTESIAN_POINT('',(145.793212504267,2000.,232.206803940506));
#4061=CARTESIAN_POINT('',(145.583247732745,2000.,232.328555459306));
#4062=CARTESIAN_POINT('',(145.376521317773,2000.,232.454966134537));
#4063=CARTESIAN_POINT('',(145.17303325935,2000.,232.586035966198));
#4064=CARTESIAN_POINT('',(144.972783557477,2000.,232.721764954289));
#4065=CARTESIAN_POINT('',(144.775772212153,2000.,232.862153098812));
#4066=CARTESIAN_POINT('',(144.581999223379,2000.,233.007200399764));
#4067=CARTESIAN_POINT('',(144.391464591154,2000.,233.156906857148));
#4068=CARTESIAN_POINT('',(144.204168315478,2000.,233.311272470961));
#4069=CARTESIAN_POINT('',(144.040721415957,2000.,233.452127639139));
#4070=CARTESIAN_POINT('',(143.880473334995,2000.,233.596123913397));
#4071=CARTESIAN_POINT('',(143.723424072592,2000.,233.743261293736));
#4072=CARTESIAN_POINT('',(143.569573628748,2000.,233.893539780156));
#4073=CARTESIAN_POINT('',(143.418922003464,2000.,234.046959372657));
#4074=CARTESIAN_POINT('',(143.271469196739,2000.,234.203520071239));
#4075=CARTESIAN_POINT('',(143.127215208573,2000.,234.363221875902));
#4076=CARTESIAN_POINT('',(142.986160038966,2000.,234.526064786646));
#4077=CARTESIAN_POINT('',(142.848303687918,2000.,234.69204880347));
#4078=CARTESIAN_POINT('',(142.697373296986,2000.,234.882124195626));
#4079=CARTESIAN_POINT('',(142.551160243168,2000.,235.075352589897));
#4080=CARTESIAN_POINT('',(142.409664526464,2000.,235.271733986283));
#4081=CARTESIAN_POINT('',(142.272886146874,2000.,235.471268384785));
#4082=CARTESIAN_POINT('',(142.140825104398,2000.,235.673955785401));
#4083=CARTESIAN_POINT('',(142.013481399036,2000.,235.879796188133));
#4084=CARTESIAN_POINT('',(141.890855030787,2000.,236.08878959298));
#4085=CARTESIAN_POINT('',(141.772945999653,2000.,236.300935999943));
#4086=CARTESIAN_POINT('',(141.772945999653,2000.,236.300935999943));
#4087=CARTESIAN_POINT('',(116.511434999859,2000.,235.705973000003));
#4088=CARTESIAN_POINT('',(116.46936749986,1000.,232.944703999994));
#4089=CARTESIAN_POINT('',(116.593972747034,-1.70530256582424E-013,
228.421131813083));
#4090=CARTESIAN_POINT('',(118.351698999862,1000.,225.480632999996));
#4091=CARTESIAN_POINT('',(115.979122625676,1.70530256582424E-013,
222.208816204247));
#4092=CARTESIAN_POINT('',(105.613274499859,1000.,219.613773999979));
#4093=CARTESIAN_POINT('',(86.3293149855063,-5.6843418860808E-014,
221.056554313814));
#4094=CARTESIAN_POINT('',(86.68040472834,1.36992639454547E-011,
225.069537150608));
#4095=CARTESIAN_POINT('',(78.4231919999111,0.,215.280168000046));
#4096=CARTESIAN_POINT('',(78.4231919999111,2000.,215.280168000045));
#4097=CARTESIAN_POINT('',(72.8206554851367,1.13686837721616E-013,
218.744210517448));
#4098=CARTESIAN_POINT('',(72.8206554851367,2000.,218.744210517448));
#4099=CARTESIAN_POINT('',(66.6253451773392,1.13686837721616E-013,
220.981650159503));
#4100=CARTESIAN_POINT('',(66.6253451773392,2000.,220.981650159503));
#4101=CARTESIAN_POINT('',(60.1022673923676,0.,221.896779753042));
#4102=CARTESIAN_POINT('',(60.1022673923676,2000.,221.896779753042));
#4103=CARTESIAN_POINT('',(60.1022673923676,0.,221.896779753042));
#4104=CARTESIAN_POINT('',(60.1022673923676,2000.,221.896779753042));
#4105=CARTESIAN_POINT('',(56.8524502962653,-2.27373675443232E-013,
221.983030465587));
#4106=CARTESIAN_POINT('',(56.8524502962653,2000.,221.983030465587));
#4107=CARTESIAN_POINT('',(53.6271703288761,-2.27373675443232E-013,
221.575207617414));
#4108=CARTESIAN_POINT('',(53.6271703288761,2000.,221.575207617414));
#4109=CARTESIAN_POINT('',(50.5011062050257,0.,220.682754012399));
#4110=CARTESIAN_POINT('',(50.5011062050257,2000.,220.682754012398));
#4111=CARTESIAN_POINT('',(50.5011062050257,0.,220.682754012399));
#4112=CARTESIAN_POINT('',(50.5011062050257,2000.,220.682754012398));
#4113=CARTESIAN_POINT('',(45.4977734080601,-1.70530256582424E-013,
219.072785232941));
#4114=CARTESIAN_POINT('',(45.4977734080601,2000.,219.072785232941));
#4115=CARTESIAN_POINT('',(41.5717537204166,-1.70530256582424E-013,
215.578259805897));
#4116=CARTESIAN_POINT('',(41.5717537204166,2000.,215.578259805897));
#4117=CARTESIAN_POINT('',(39.392723000487,0.,210.795252000172));
#4118=CARTESIAN_POINT('',(39.392723000487,2000.,210.795252000172));
#4119=CARTESIAN_POINT('',(39.3927230004874,0.,210.795252000172));
#4120=CARTESIAN_POINT('',(39.3927230004874,2000.,210.795252000172));
#4121=CARTESIAN_POINT('',(36.5475480747766,-5.6843418860808E-014,
204.107782124241));
#4122=CARTESIAN_POINT('',(36.5475480747766,2000.,204.107782124241));
#4123=CARTESIAN_POINT('',(39.373485623412,-5.6843418860808E-014,
197.412160370395));
#4124=CARTESIAN_POINT('',(39.373485623412,2000.,197.412160370395));
#4125=CARTESIAN_POINT('',(46.1497610005108,0.,194.785496000304));
#4126=CARTESIAN_POINT('',(46.1497610005108,2000.,194.785496000304));
#4127=CARTESIAN_POINT('',(46.1161417008453,-7.38964445190504E-013,
193.694783497268));
#4128=CARTESIAN_POINT('',(47.1405220001879,1000.,189.820854000144));
#4129=CARTESIAN_POINT('',(45.6536849666388,2.27373675443232E-013,
185.536903321532));
#4130=CARTESIAN_POINT('',(42.7728499998664,1000.,184.065915999988));
#4131=CARTESIAN_POINT('',(25.4433637473967,5.6843418860808E-014,
185.51912886426));
#4132=CARTESIAN_POINT('',(27.1836919998889,1000.,160.121897999989));
#4133=CARTESIAN_POINT('',(25.7873156925276,3.97903932025656E-013,
148.957040132628));
#4134=CARTESIAN_POINT('',(24.2317044998597,1000.,147.229474999958));
#4135=CARTESIAN_POINT('',(22.2586609998652,1000.,142.984895999994));
#4136=CARTESIAN_POINT('',(20.3495314998617,1000.,138.9454405));
#4137=CARTESIAN_POINT('',(18.327628499861,1000.,126.5036865));
#4138=CARTESIAN_POINT('',(15.1287556616545,0.,113.904064430431));
#4139=CARTESIAN_POINT('',(16.1317229998863,0.,110.964898000009));
#4140=CARTESIAN_POINT('',(16.1317229998863,2000.,110.964898000009));
#4141=CARTESIAN_POINT('',(14.7192001711345,1.70530256582424E-013,
110.684892295422));
#4142=CARTESIAN_POINT('',(14.7192001711345,2000.,110.684892295422));
#4143=CARTESIAN_POINT('',(13.5648234150887,1.70530256582424E-013,
109.824056514653));
#4144=CARTESIAN_POINT('',(13.5648234150887,2000.,109.824056514653));
#4145=CARTESIAN_POINT('',(12.8934992986383,0.,108.550106803315));
#4146=CARTESIAN_POINT('',(12.8934992986383,2000.,108.550106803315));
#4147=CARTESIAN_POINT('',(12.8934992986378,0.,108.550106803316));
#4148=CARTESIAN_POINT('',(12.8934992986378,2000.,108.550106803315));
#4149=CARTESIAN_POINT('',(12.669987752665,1.13686837721616E-012,
107.985072511234));
#4150=CARTESIAN_POINT('',(12.669987752665,2000.,107.985072511234));
#4151=CARTESIAN_POINT('',(12.5188939930185,1.13686837721616E-012,
107.396521886218));
#4152=CARTESIAN_POINT('',(12.5188939930185,2000.,107.396521886218));
#4153=CARTESIAN_POINT('',(12.4425904296627,0.,106.793696099916));
#4154=CARTESIAN_POINT('',(12.4425904296627,2000.,106.793696099916));
#4155=CARTESIAN_POINT('',(12.4425904296627,0.,106.793696099916));
#4156=CARTESIAN_POINT('',(12.4425904296627,2000.,106.793696099916));
#4157=CARTESIAN_POINT('',(12.2718415200131,1.70530256582424E-013,
105.561782872691));
#4158=CARTESIAN_POINT('',(12.2718415200131,2000.,105.561782872691));
#4159=CARTESIAN_POINT('',(12.1474289887386,1.70530256582424E-013,
104.324331091158));
#4160=CARTESIAN_POINT('',(12.1474289887386,2000.,104.324331091158));
#4161=CARTESIAN_POINT('',(12.0695279998249,0.,103.083082999322));
#4162=CARTESIAN_POINT('',(12.0695279998249,2000.,103.083082999322));
#4163=CARTESIAN_POINT('',(5.33773403687124,-8.5265128291212E-013,
102.941127491846));
#4164=CARTESIAN_POINT('',(1.68606198502169,-3.23439053317998E-011,
112.639538300732));
#4165=CARTESIAN_POINT('',(1.49999999996153,-1.06865627458319E-011,
108.762377472859));
#4166=CARTESIAN_POINT('',(-6.72883970764815E-011,1000.,111.522554999667));
#4167=CARTESIAN_POINT('',(15.3842823448954,1000.,172.462224076748));
#4168=CARTESIAN_POINT('',(46.7478875585443,1000.,228.76469190698));
#4169=CARTESIAN_POINT('',(89.3174157135099,1000.,244.813745330228));
#4170=CARTESIAN_POINT('',(145.907620999857,1000.,249.5));
#4171=CARTESIAN_POINT('',(175.833530999862,1000.,246.308718499997));
#4172=CARTESIAN_POINT('',(171.134440999867,1000.,243.117436999994));
#4173=CARTESIAN_POINT('',(166.257360999869,1000.,241.76100549999));
#4174=CARTESIAN_POINT('',(163.540765499867,1000.,240.169291499988));
#4175=CARTESIAN_POINT('',(148.725011735163,6.25277607468888E-013,
242.696078283074));
#4176=CARTESIAN_POINT('',(150.884443704806,1.70530256582424E-013,
241.227112951245));
#4177=CARTESIAN_POINT('',(129.142190499756,1000.,236.003454499973));
#4178=CARTESIAN_POINT('',(87.9582345765293,0.,172.454294565541));
#4179=CARTESIAN_POINT('',(88.2176719313612,2000.,172.237885030765));
#4180=PRODUCT_DEFINITION_SHAPE('','',#4181);
#4181=PRODUCT_DEFINITION('','',#4193,#4198);
#4182=(
GEOMETRIC_REPRESENTATION_CONTEXT(3)
GLOBAL_UNCERTAINTY_ASSIGNED_CONTEXT((#4183))
GLOBAL_UNIT_ASSIGNED_CONTEXT((#4185,#4184,#4188))
REPRESENTATION_CONTEXT('','')
);
#4183=UNCERTAINTY_MEASURE_WITH_UNIT(LENGTH_MEASURE(0.001),#4185,'','tolerance'
);
#4184=(
CONVERSION_BASED_UNIT('',#4186)
NAMED_UNIT(#4192)
PLANE_ANGLE_UNIT()
);
#4185=(
CONVERSION_BASED_UNIT('',#4187)
LENGTH_UNIT()
NAMED_UNIT(#4191)
);
#4186=PLANE_ANGLE_MEASURE_WITH_UNIT(PLANE_ANGLE_MEASURE(0.0174532925199433),
#4189);
#4187=LENGTH_MEASURE_WITH_UNIT(LENGTH_MEASURE(1.),#4190);
#4188=(
NAMED_UNIT(*)
SI_UNIT($,.STERADIAN.)
SOLID_ANGLE_UNIT()
);
#4189=(
NAMED_UNIT(*)
PLANE_ANGLE_UNIT()
SI_UNIT($,.RADIAN.)
);
#4190=(
LENGTH_UNIT()
NAMED_UNIT(*)
SI_UNIT(.MILLI.,.METRE.)
);
#4191=DIMENSIONAL_EXPONENTS(1.,0.,0.,0.,0.,0.,0.);
#4192=DIMENSIONAL_EXPONENTS(0.,0.,0.,0.,0.,0.,0.);
#4193=PRODUCT_DEFINITION_FORMATION_WITH_SPECIFIED_SOURCE('','',#4196,
.NOT_KNOWN.);
#4194=PRODUCT_CATEGORY_RELATIONSHIP('','',#4199,#4195);
#4195=PRODUCT_RELATED_PRODUCT_CATEGORY('assembly','',(#4196));
#4196=PRODUCT('','master','',(#4197));
#4197=PRODUCT_CONTEXT('',#4201,'');
#4198=PRODUCT_DEFINITION_CONTEXT('',#4201,'part_definition');
#4199=PRODUCT_CATEGORY('part','');
#4200=APPLICATION_PROTOCOL_DEFINITION('international standard',
'automotive_design_cc2',1994,#4201);
#4201=APPLICATION_CONTEXT(
'configuration controlled 3D designs of mechanical parts and assemblies');
ENDSEC;
END-ISO-10303-21;
305005