ISO-10303-21;
HEADER;
/* Generated by software using Delcam plc STEP library */

FILE_DESCRIPTION(
/* description */ ('AP-214 File'),
/* implementation_level */ '2;1');

FILE_NAME(
/* name */ 'D815',
/* time_stamp */ 'Fri Dec 23 10:16:57 2016',
/* author */ (''),
/* organization */ (''),
/* preprocessor_version */ 'DELCAM STEP V1',
/* originating_system */ 'Exchange7.1.0006',
/* authorisation */ '');

FILE_SCHEMA (('AUTOMOTIVE_DESIGN'));
ENDSEC;
DATA;
#10=PRESENTATION_STYLE_ASSIGNMENT((#20));
#11=PRESENTATION_STYLE_ASSIGNMENT((#21));
#12=SURFACE_SIDE_STYLE('',(#14));
#13=SURFACE_SIDE_STYLE('',(#15));
#14=SURFACE_STYLE_FILL_AREA(#16);
#15=SURFACE_STYLE_FILL_AREA(#17);
#16=FILL_AREA_STYLE('',(#18));
#17=FILL_AREA_STYLE('',(#19));
#18=FILL_AREA_STYLE_COLOUR('',#548);
#19=FILL_AREA_STYLE_COLOUR('',#549);
#20=SURFACE_STYLE_USAGE(.BOTH.,#12);
#21=SURFACE_STYLE_USAGE(.BOTH.,#13);
#22=STYLED_ITEM('',(#10),#563);
#23=STYLED_ITEM('',(#10),#564);
#24=STYLED_ITEM('',(#10),#565);
#25=STYLED_ITEM('',(#10),#566);
#26=STYLED_ITEM('',(#10),#567);
#27=STYLED_ITEM('',(#10),#568);
#28=STYLED_ITEM('',(#10),#569);
#29=STYLED_ITEM('',(#10),#570);
#30=STYLED_ITEM('',(#10),#571);
#31=STYLED_ITEM('',(#10),#572);
#32=STYLED_ITEM('',(#10),#573);
#33=STYLED_ITEM('',(#10),#574);
#34=STYLED_ITEM('',(#10),#575);
#35=STYLED_ITEM('',(#10),#576);
#36=STYLED_ITEM('',(#10),#577);
#37=STYLED_ITEM('',(#10),#578);
#38=STYLED_ITEM('',(#10),#579);
#39=STYLED_ITEM('',(#10),#580);
#40=STYLED_ITEM('',(#10),#581);
#41=STYLED_ITEM('',(#10),#582);
#42=STYLED_ITEM('',(#10),#583);
#43=STYLED_ITEM('',(#10),#584);
#44=STYLED_ITEM('',(#10),#585);
#45=STYLED_ITEM('',(#10),#586);
#46=STYLED_ITEM('',(#10),#587);
#47=STYLED_ITEM('',(#10),#588);
#48=STYLED_ITEM('',(#10),#589);
#49=STYLED_ITEM('',(#10),#590);
#50=STYLED_ITEM('',(#10),#591);
#51=STYLED_ITEM('',(#10),#592);
#52=STYLED_ITEM('',(#10),#593);
#53=STYLED_ITEM('',(#10),#594);
#54=STYLED_ITEM('',(#10),#595);
#55=STYLED_ITEM('',(#10),#596);
#56=STYLED_ITEM('',(#10),#597);
#57=STYLED_ITEM('',(#10),#598);
#58=STYLED_ITEM('',(#10),#599);
#59=STYLED_ITEM('',(#10),#600);
#60=STYLED_ITEM('',(#10),#601);
#61=STYLED_ITEM('',(#10),#602);
#62=STYLED_ITEM('',(#10),#603);
#63=STYLED_ITEM('',(#10),#604);
#64=STYLED_ITEM('',(#10),#605);
#65=STYLED_ITEM('',(#10),#606);
#66=STYLED_ITEM('',(#10),#607);
#67=STYLED_ITEM('',(#10),#608);
#68=STYLED_ITEM('',(#10),#609);
#69=STYLED_ITEM('',(#10),#610);
#70=STYLED_ITEM('',(#10),#611);
#71=STYLED_ITEM('',(#10),#612);
#72=STYLED_ITEM('',(#10),#613);
#73=STYLED_ITEM('',(#10),#614);
#74=STYLED_ITEM('',(#10),#615);
#75=STYLED_ITEM('',(#10),#616);
#76=STYLED_ITEM('',(#10),#617);
#77=STYLED_ITEM('',(#10),#618);
#78=STYLED_ITEM('',(#10),#619);
#79=STYLED_ITEM('',(#10),#620);
#80=STYLED_ITEM('',(#10),#621);
#81=STYLED_ITEM('',(#10),#622);
#82=STYLED_ITEM('',(#10),#623);
#83=STYLED_ITEM('',(#10),#624);
#84=STYLED_ITEM('',(#10),#625);
#85=STYLED_ITEM('',(#10),#626);
#86=STYLED_ITEM('',(#10),#627);
#87=STYLED_ITEM('',(#10),#628);
#88=STYLED_ITEM('',(#10),#629);
#89=STYLED_ITEM('',(#10),#630);
#90=STYLED_ITEM('',(#10),#631);
#91=STYLED_ITEM('',(#10),#632);
#92=STYLED_ITEM('',(#10),#633);
#93=STYLED_ITEM('',(#10),#634);
#94=STYLED_ITEM('',(#10),#635);
#95=STYLED_ITEM('',(#10),#636);
#96=STYLED_ITEM('',(#10),#637);
#97=STYLED_ITEM('',(#10),#638);
#98=STYLED_ITEM('',(#10),#639);
#99=STYLED_ITEM('',(#10),#640);
#100=STYLED_ITEM('',(#10),#641);
#101=STYLED_ITEM('',(#10),#642);
#102=STYLED_ITEM('',(#10),#643);
#103=STYLED_ITEM('',(#10),#644);
#104=STYLED_ITEM('',(#10),#645);
#105=STYLED_ITEM('',(#10),#646);
#106=STYLED_ITEM('',(#10),#647);
#107=STYLED_ITEM('',(#10),#648);
#108=STYLED_ITEM('',(#10),#649);
#109=STYLED_ITEM('',(#10),#650);
#110=STYLED_ITEM('',(#10),#651);
#111=STYLED_ITEM('',(#10),#652);
#112=STYLED_ITEM('',(#10),#653);
#113=STYLED_ITEM('',(#10),#654);
#114=STYLED_ITEM('',(#10),#655);
#115=STYLED_ITEM('',(#10),#656);
#116=STYLED_ITEM('',(#10),#657);
#117=STYLED_ITEM('',(#10),#658);
#118=STYLED_ITEM('',(#10),#659);
#119=STYLED_ITEM('',(#10),#660);
#120=STYLED_ITEM('',(#10),#661);
#121=STYLED_ITEM('',(#10),#662);
#122=STYLED_ITEM('',(#10),#663);
#123=STYLED_ITEM('',(#10),#664);
#124=STYLED_ITEM('',(#10),#665);
#125=STYLED_ITEM('',(#10),#666);
#126=STYLED_ITEM('',(#10),#667);
#127=STYLED_ITEM('',(#10),#668);
#128=STYLED_ITEM('',(#10),#669);
#129=STYLED_ITEM('',(#10),#670);
#130=STYLED_ITEM('',(#10),#671);
#131=STYLED_ITEM('',(#10),#672);
#132=STYLED_ITEM('',(#10),#673);
#133=STYLED_ITEM('',(#10),#674);
#134=STYLED_ITEM('',(#10),#675);
#135=STYLED_ITEM('',(#10),#676);
#136=STYLED_ITEM('',(#10),#677);
#137=STYLED_ITEM('',(#10),#678);
#138=STYLED_ITEM('',(#10),#679);
#139=STYLED_ITEM('',(#10),#680);
#140=STYLED_ITEM('',(#10),#681);
#141=STYLED_ITEM('',(#10),#682);
#142=STYLED_ITEM('',(#10),#683);
#143=STYLED_ITEM('',(#10),#684);
#144=STYLED_ITEM('',(#10),#685);
#145=STYLED_ITEM('',(#10),#686);
#146=STYLED_ITEM('',(#10),#687);
#147=STYLED_ITEM('',(#10),#688);
#148=STYLED_ITEM('',(#10),#689);
#149=STYLED_ITEM('',(#10),#690);
#150=STYLED_ITEM('',(#10),#691);
#151=STYLED_ITEM('',(#10),#692);
#152=STYLED_ITEM('',(#10),#693);
#153=STYLED_ITEM('',(#10),#694);
#154=STYLED_ITEM('',(#10),#695);
#155=STYLED_ITEM('',(#10),#696);
#156=STYLED_ITEM('',(#10),#697);
#157=STYLED_ITEM('',(#10),#698);
#158=STYLED_ITEM('',(#10),#699);
#159=STYLED_ITEM('',(#10),#700);
#160=STYLED_ITEM('',(#10),#701);
#161=STYLED_ITEM('',(#10),#702);
#162=STYLED_ITEM('',(#10),#703);
#163=STYLED_ITEM('',(#10),#704);
#164=STYLED_ITEM('',(#10),#705);
#165=STYLED_ITEM('',(#10),#706);
#166=STYLED_ITEM('',(#10),#707);
#167=STYLED_ITEM('',(#10),#708);
#168=STYLED_ITEM('',(#10),#709);
#169=STYLED_ITEM('',(#10),#710);
#170=STYLED_ITEM('',(#10),#711);
#171=STYLED_ITEM('',(#10),#712);
#172=STYLED_ITEM('',(#10),#713);
#173=STYLED_ITEM('',(#10),#714);
#174=STYLED_ITEM('',(#10),#715);
#175=STYLED_ITEM('',(#10),#716);
#176=STYLED_ITEM('',(#10),#717);
#177=STYLED_ITEM('',(#10),#718);
#178=STYLED_ITEM('',(#10),#719);
#179=STYLED_ITEM('',(#10),#720);
#180=STYLED_ITEM('',(#10),#721);
#181=STYLED_ITEM('',(#10),#722);
#182=STYLED_ITEM('',(#10),#723);
#183=STYLED_ITEM('',(#10),#724);
#184=STYLED_ITEM('',(#10),#725);
#185=STYLED_ITEM('',(#10),#726);
#186=STYLED_ITEM('',(#10),#727);
#187=STYLED_ITEM('',(#10),#728);
#188=STYLED_ITEM('',(#10),#729);
#189=STYLED_ITEM('',(#10),#730);
#190=STYLED_ITEM('',(#10),#731);
#191=STYLED_ITEM('',(#10),#732);
#192=STYLED_ITEM('',(#10),#733);
#193=STYLED_ITEM('',(#10),#734);
#194=STYLED_ITEM('',(#10),#735);
#195=STYLED_ITEM('',(#10),#736);
#196=STYLED_ITEM('',(#10),#737);
#197=STYLED_ITEM('',(#10),#738);
#198=STYLED_ITEM('',(#10),#739);
#199=STYLED_ITEM('',(#10),#740);
#200=STYLED_ITEM('',(#10),#741);
#201=STYLED_ITEM('',(#10),#742);
#202=STYLED_ITEM('',(#10),#743);
#203=STYLED_ITEM('',(#10),#744);
#204=STYLED_ITEM('',(#10),#745);
#205=STYLED_ITEM('',(#10),#746);
#206=STYLED_ITEM('',(#10),#747);
#207=STYLED_ITEM('',(#10),#748);
#208=STYLED_ITEM('',(#10),#749);
#209=STYLED_ITEM('',(#10),#750);
#210=STYLED_ITEM('',(#10),#751);
#211=STYLED_ITEM('',(#10),#752);
#212=STYLED_ITEM('',(#10),#753);
#213=STYLED_ITEM('',(#10),#754);
#214=STYLED_ITEM('',(#10),#755);
#215=STYLED_ITEM('',(#10),#756);
#216=STYLED_ITEM('',(#10),#757);
#217=STYLED_ITEM('',(#10),#758);
#218=STYLED_ITEM('',(#10),#759);
#219=STYLED_ITEM('',(#10),#760);
#220=STYLED_ITEM('',(#10),#761);
#221=STYLED_ITEM('',(#10),#762);
#222=STYLED_ITEM('',(#10),#763);
#223=STYLED_ITEM('',(#10),#764);
#224=STYLED_ITEM('',(#10),#765);
#225=STYLED_ITEM('',(#10),#766);
#226=STYLED_ITEM('',(#10),#767);
#227=STYLED_ITEM('',(#10),#768);
#228=STYLED_ITEM('',(#10),#769);
#229=STYLED_ITEM('',(#10),#770);
#230=STYLED_ITEM('',(#10),#771);
#231=STYLED_ITEM('',(#10),#772);
#232=STYLED_ITEM('',(#10),#773);
#233=STYLED_ITEM('',(#10),#774);
#234=STYLED_ITEM('',(#10),#775);
#235=STYLED_ITEM('',(#10),#776);
#236=STYLED_ITEM('',(#10),#777);
#237=STYLED_ITEM('',(#10),#778);
#238=STYLED_ITEM('',(#10),#779);
#239=STYLED_ITEM('',(#10),#780);
#240=STYLED_ITEM('',(#10),#781);
#241=STYLED_ITEM('',(#10),#782);
#242=STYLED_ITEM('',(#10),#783);
#243=STYLED_ITEM('',(#10),#784);
#244=STYLED_ITEM('',(#10),#785);
#245=STYLED_ITEM('',(#10),#786);
#246=STYLED_ITEM('',(#10),#787);
#247=STYLED_ITEM('',(#10),#788);
#248=STYLED_ITEM('',(#10),#789);
#249=STYLED_ITEM('',(#10),#790);
#250=STYLED_ITEM('',(#10),#791);
#251=STYLED_ITEM('',(#10),#792);
#252=STYLED_ITEM('',(#10),#793);
#253=STYLED_ITEM('',(#10),#794);
#254=STYLED_ITEM('',(#10),#795);
#255=STYLED_ITEM('',(#10),#796);
#256=STYLED_ITEM('',(#10),#797);
#257=STYLED_ITEM('',(#10),#798);
#258=STYLED_ITEM('',(#10),#799);
#259=STYLED_ITEM('',(#10),#800);
#260=STYLED_ITEM('',(#10),#801);
#261=STYLED_ITEM('',(#10),#802);
#262=STYLED_ITEM('',(#10),#803);
#263=STYLED_ITEM('',(#10),#804);
#264=STYLED_ITEM('',(#10),#805);
#265=STYLED_ITEM('',(#10),#806);
#266=STYLED_ITEM('',(#10),#807);
#267=STYLED_ITEM('',(#10),#808);
#268=STYLED_ITEM('',(#10),#809);
#269=STYLED_ITEM('',(#10),#810);
#270=STYLED_ITEM('',(#10),#811);
#271=STYLED_ITEM('',(#10),#812);
#272=STYLED_ITEM('',(#10),#813);
#273=STYLED_ITEM('',(#10),#814);
#274=STYLED_ITEM('',(#10),#815);
#275=STYLED_ITEM('',(#10),#816);
#276=STYLED_ITEM('',(#10),#817);
#277=STYLED_ITEM('',(#10),#818);
#278=STYLED_ITEM('',(#10),#819);
#279=STYLED_ITEM('',(#10),#820);
#280=STYLED_ITEM('',(#10),#821);
#281=STYLED_ITEM('',(#10),#822);
#282=STYLED_ITEM('',(#10),#823);
#283=STYLED_ITEM('',(#10),#824);
#284=STYLED_ITEM('',(#10),#825);
#285=STYLED_ITEM('',(#10),#826);
#286=STYLED_ITEM('',(#10),#827);
#287=STYLED_ITEM('',(#10),#828);
#288=STYLED_ITEM('',(#10),#829);
#289=STYLED_ITEM('',(#10),#830);
#290=STYLED_ITEM('',(#10),#831);
#291=STYLED_ITEM('',(#10),#832);
#292=STYLED_ITEM('',(#10),#833);
#293=STYLED_ITEM('',(#10),#834);
#294=STYLED_ITEM('',(#10),#835);
#295=STYLED_ITEM('',(#10),#836);
#296=STYLED_ITEM('',(#10),#837);
#297=STYLED_ITEM('',(#10),#838);
#298=STYLED_ITEM('',(#10),#839);
#299=STYLED_ITEM('',(#10),#840);
#300=STYLED_ITEM('',(#10),#841);
#301=STYLED_ITEM('',(#10),#842);
#302=STYLED_ITEM('',(#10),#843);
#303=STYLED_ITEM('',(#10),#844);
#304=STYLED_ITEM('',(#10),#845);
#305=STYLED_ITEM('',(#10),#846);
#306=STYLED_ITEM('',(#10),#847);
#307=STYLED_ITEM('',(#10),#848);
#308=STYLED_ITEM('',(#10),#849);
#309=STYLED_ITEM('',(#10),#850);
#310=STYLED_ITEM('',(#10),#851);
#311=STYLED_ITEM('',(#10),#852);
#312=STYLED_ITEM('',(#10),#853);
#313=STYLED_ITEM('',(#10),#854);
#314=STYLED_ITEM('',(#10),#855);
#315=STYLED_ITEM('',(#10),#856);
#316=STYLED_ITEM('',(#10),#857);
#317=STYLED_ITEM('',(#10),#858);
#318=STYLED_ITEM('',(#10),#859);
#319=STYLED_ITEM('',(#10),#860);
#320=STYLED_ITEM('',(#10),#861);
#321=STYLED_ITEM('',(#10),#862);
#322=STYLED_ITEM('',(#10),#863);
#323=STYLED_ITEM('',(#10),#864);
#324=STYLED_ITEM('',(#10),#865);
#325=STYLED_ITEM('',(#10),#866);
#326=STYLED_ITEM('',(#10),#867);
#327=STYLED_ITEM('',(#10),#868);
#328=STYLED_ITEM('',(#10),#869);
#329=STYLED_ITEM('',(#10),#870);
#330=STYLED_ITEM('',(#10),#871);
#331=STYLED_ITEM('',(#10),#872);
#332=STYLED_ITEM('',(#10),#873);
#333=STYLED_ITEM('',(#10),#874);
#334=STYLED_ITEM('',(#10),#875);
#335=STYLED_ITEM('',(#10),#876);
#336=STYLED_ITEM('',(#10),#877);
#337=STYLED_ITEM('',(#10),#878);
#338=STYLED_ITEM('',(#10),#879);
#339=STYLED_ITEM('',(#10),#880);
#340=STYLED_ITEM('',(#10),#881);
#341=STYLED_ITEM('',(#10),#882);
#342=STYLED_ITEM('',(#10),#883);
#343=STYLED_ITEM('',(#10),#884);
#344=STYLED_ITEM('',(#10),#885);
#345=STYLED_ITEM('',(#10),#886);
#346=STYLED_ITEM('',(#10),#887);
#347=STYLED_ITEM('',(#10),#888);
#348=STYLED_ITEM('',(#10),#889);
#349=STYLED_ITEM('',(#10),#890);
#350=STYLED_ITEM('',(#10),#891);
#351=STYLED_ITEM('',(#10),#892);
#352=STYLED_ITEM('',(#10),#893);
#353=STYLED_ITEM('',(#10),#894);
#354=STYLED_ITEM('',(#10),#895);
#355=STYLED_ITEM('',(#10),#896);
#356=STYLED_ITEM('',(#10),#897);
#357=STYLED_ITEM('',(#10),#898);
#358=STYLED_ITEM('',(#10),#899);
#359=STYLED_ITEM('',(#10),#900);
#360=STYLED_ITEM('',(#10),#901);
#361=STYLED_ITEM('',(#10),#902);
#362=STYLED_ITEM('',(#10),#903);
#363=STYLED_ITEM('',(#10),#904);
#364=STYLED_ITEM('',(#10),#905);
#365=STYLED_ITEM('',(#10),#906);
#366=STYLED_ITEM('',(#10),#907);
#367=STYLED_ITEM('',(#10),#908);
#368=STYLED_ITEM('',(#10),#909);
#369=STYLED_ITEM('',(#10),#910);
#370=STYLED_ITEM('',(#10),#911);
#371=STYLED_ITEM('',(#10),#912);
#372=STYLED_ITEM('',(#10),#913);
#373=STYLED_ITEM('',(#10),#914);
#374=STYLED_ITEM('',(#10),#915);
#375=STYLED_ITEM('',(#10),#916);
#376=STYLED_ITEM('',(#10),#917);
#377=STYLED_ITEM('',(#10),#918);
#378=STYLED_ITEM('',(#10),#919);
#379=STYLED_ITEM('',(#10),#920);
#380=STYLED_ITEM('',(#10),#921);
#381=STYLED_ITEM('',(#10),#922);
#382=STYLED_ITEM('',(#10),#923);
#383=STYLED_ITEM('',(#10),#924);
#384=STYLED_ITEM('',(#10),#925);
#385=STYLED_ITEM('',(#10),#926);
#386=STYLED_ITEM('',(#10),#927);
#387=STYLED_ITEM('',(#10),#928);
#388=STYLED_ITEM('',(#10),#929);
#389=STYLED_ITEM('',(#10),#930);
#390=STYLED_ITEM('',(#10),#931);
#391=STYLED_ITEM('',(#10),#932);
#392=STYLED_ITEM('',(#10),#933);
#393=STYLED_ITEM('',(#10),#934);
#394=STYLED_ITEM('',(#10),#935);
#395=STYLED_ITEM('',(#10),#936);
#396=STYLED_ITEM('',(#10),#937);
#397=STYLED_ITEM('',(#10),#938);
#398=STYLED_ITEM('',(#10),#939);
#399=STYLED_ITEM('',(#10),#940);
#400=STYLED_ITEM('',(#10),#941);
#401=STYLED_ITEM('',(#10),#942);
#402=STYLED_ITEM('',(#10),#943);
#403=STYLED_ITEM('',(#10),#944);
#404=STYLED_ITEM('',(#10),#945);
#405=STYLED_ITEM('',(#10),#946);
#406=STYLED_ITEM('',(#10),#947);
#407=STYLED_ITEM('',(#10),#948);
#408=STYLED_ITEM('',(#10),#949);
#409=STYLED_ITEM('',(#10),#950);
#410=STYLED_ITEM('',(#10),#951);
#411=STYLED_ITEM('',(#10),#952);
#412=STYLED_ITEM('',(#10),#953);
#413=STYLED_ITEM('',(#10),#954);
#414=STYLED_ITEM('',(#10),#955);
#415=STYLED_ITEM('',(#10),#956);
#416=STYLED_ITEM('',(#10),#957);
#417=STYLED_ITEM('',(#10),#958);
#418=STYLED_ITEM('',(#10),#959);
#419=STYLED_ITEM('',(#10),#960);
#420=STYLED_ITEM('',(#10),#961);
#421=STYLED_ITEM('',(#10),#962);
#422=STYLED_ITEM('',(#10),#963);
#423=STYLED_ITEM('',(#10),#964);
#424=STYLED_ITEM('',(#10),#965);
#425=STYLED_ITEM('',(#10),#966);
#426=STYLED_ITEM('',(#10),#967);
#427=STYLED_ITEM('',(#10),#968);
#428=STYLED_ITEM('',(#10),#969);
#429=STYLED_ITEM('',(#10),#970);
#430=STYLED_ITEM('',(#10),#971);
#431=STYLED_ITEM('',(#10),#972);
#432=STYLED_ITEM('',(#10),#973);
#433=STYLED_ITEM('',(#10),#974);
#434=STYLED_ITEM('',(#10),#975);
#435=STYLED_ITEM('',(#10),#976);
#436=STYLED_ITEM('',(#10),#977);
#437=STYLED_ITEM('',(#10),#978);
#438=STYLED_ITEM('',(#10),#979);
#439=STYLED_ITEM('',(#10),#980);
#440=STYLED_ITEM('',(#10),#981);
#441=STYLED_ITEM('',(#10),#982);
#442=STYLED_ITEM('',(#10),#983);
#443=STYLED_ITEM('',(#10),#984);
#444=STYLED_ITEM('',(#10),#985);
#445=STYLED_ITEM('',(#10),#986);
#446=STYLED_ITEM('',(#10),#987);
#447=STYLED_ITEM('',(#10),#988);
#448=STYLED_ITEM('',(#10),#989);
#449=STYLED_ITEM('',(#10),#990);
#450=STYLED_ITEM('',(#10),#991);
#451=STYLED_ITEM('',(#10),#992);
#452=STYLED_ITEM('',(#10),#993);
#453=STYLED_ITEM('',(#10),#994);
#454=STYLED_ITEM('',(#10),#995);
#455=STYLED_ITEM('',(#10),#996);
#456=STYLED_ITEM('',(#10),#997);
#457=STYLED_ITEM('',(#10),#998);
#458=STYLED_ITEM('',(#10),#999);
#459=STYLED_ITEM('',(#10),#1000);
#460=STYLED_ITEM('',(#10),#1001);
#461=STYLED_ITEM('',(#10),#1002);
#462=STYLED_ITEM('',(#10),#1003);
#463=STYLED_ITEM('',(#10),#1004);
#464=STYLED_ITEM('',(#10),#1005);
#465=STYLED_ITEM('',(#10),#1006);
#466=STYLED_ITEM('',(#10),#1007);
#467=STYLED_ITEM('',(#10),#1008);
#468=STYLED_ITEM('',(#10),#1009);
#469=STYLED_ITEM('',(#10),#1010);
#470=STYLED_ITEM('',(#10),#1011);
#471=STYLED_ITEM('',(#10),#1012);
#472=STYLED_ITEM('',(#10),#1013);
#473=STYLED_ITEM('',(#10),#1014);
#474=STYLED_ITEM('',(#10),#1015);
#475=STYLED_ITEM('',(#10),#1016);
#476=STYLED_ITEM('',(#10),#1017);
#477=STYLED_ITEM('',(#10),#1018);
#478=STYLED_ITEM('',(#10),#1019);
#479=STYLED_ITEM('',(#10),#1020);
#480=STYLED_ITEM('',(#10),#1021);
#481=STYLED_ITEM('',(#10),#1022);
#482=STYLED_ITEM('',(#10),#1023);
#483=STYLED_ITEM('',(#10),#1024);
#484=STYLED_ITEM('',(#10),#1025);
#485=STYLED_ITEM('',(#10),#1026);
#486=STYLED_ITEM('',(#10),#1027);
#487=STYLED_ITEM('',(#10),#1028);
#488=STYLED_ITEM('',(#10),#1029);
#489=STYLED_ITEM('',(#10),#1030);
#490=STYLED_ITEM('',(#10),#1031);
#491=STYLED_ITEM('',(#10),#1032);
#492=STYLED_ITEM('',(#10),#1033);
#493=STYLED_ITEM('',(#10),#1034);
#494=STYLED_ITEM('',(#10),#1035);
#495=STYLED_ITEM('',(#10),#1036);
#496=STYLED_ITEM('',(#10),#1037);
#497=STYLED_ITEM('',(#10),#1038);
#498=STYLED_ITEM('',(#10),#1039);
#499=STYLED_ITEM('',(#10),#1040);
#500=STYLED_ITEM('',(#10),#1041);
#501=STYLED_ITEM('',(#10),#1042);
#502=STYLED_ITEM('',(#10),#1043);
#503=STYLED_ITEM('',(#10),#1044);
#504=STYLED_ITEM('',(#10),#1045);
#505=STYLED_ITEM('',(#10),#1046);
#506=STYLED_ITEM('',(#10),#1047);
#507=STYLED_ITEM('',(#10),#1048);
#508=STYLED_ITEM('',(#10),#1049);
#509=STYLED_ITEM('',(#10),#1050);
#510=STYLED_ITEM('',(#10),#1051);
#511=STYLED_ITEM('',(#10),#1052);
#512=STYLED_ITEM('',(#10),#1053);
#513=STYLED_ITEM('',(#10),#1054);
#514=STYLED_ITEM('',(#10),#1055);
#515=STYLED_ITEM('',(#10),#1056);
#516=STYLED_ITEM('',(#10),#1057);
#517=STYLED_ITEM('',(#10),#1058);
#518=STYLED_ITEM('',(#10),#1059);
#519=STYLED_ITEM('',(#10),#1060);
#520=STYLED_ITEM('',(#10),#1061);
#521=STYLED_ITEM('',(#10),#1062);
#522=STYLED_ITEM('',(#10),#1063);
#523=STYLED_ITEM('',(#10),#1064);
#524=STYLED_ITEM('',(#10),#1065);
#525=STYLED_ITEM('',(#10),#1066);
#526=STYLED_ITEM('',(#10),#1067);
#527=STYLED_ITEM('',(#10),#1068);
#528=STYLED_ITEM('',(#10),#1069);
#529=STYLED_ITEM('',(#10),#1070);
#530=STYLED_ITEM('',(#10),#1071);
#531=STYLED_ITEM('',(#10),#1072);
#532=STYLED_ITEM('',(#10),#1073);
#533=STYLED_ITEM('',(#10),#1074);
#534=STYLED_ITEM('',(#10),#1075);
#535=STYLED_ITEM('',(#10),#1076);
#536=STYLED_ITEM('',(#10),#1077);
#537=STYLED_ITEM('',(#10),#1078);
#538=STYLED_ITEM('',(#10),#1079);
#539=STYLED_ITEM('',(#10),#1080);
#540=STYLED_ITEM('',(#10),#1081);
#541=STYLED_ITEM('',(#10),#1082);
#542=STYLED_ITEM('',(#10),#1083);
#543=STYLED_ITEM('',(#10),#1084);
#544=STYLED_ITEM('',(#10),#1085);
#545=STYLED_ITEM('',(#10),#1086);
#546=STYLED_ITEM('',(#10),#1087);
#547=STYLED_ITEM('',(#11),#555);
#548=COLOUR_RGB('',0.,0.,0.);
#549=COLOUR_RGB('rgb_colour_1',0.4,0.4,0.4);
#550=MECHANICAL_DESIGN_GEOMETRIC_PRESENTATION_REPRESENTATION('',(#22,#23,#24,
#25,#26,#27,#28,#29,#30,#31,#32,#33,#34,#35,#36,#37,#38,#39,#40,#41,#42,#43,
#44,#45,#46,#47,#48,#49,#50,#51,#52,#53,#54,#55,#56,#57,#58,#59,#60,#61,#62,
#63,#64,#65,#66,#67,#68,#69,#70,#71,#72,#73,#74,#75,#76,#77,#78,#79,#80,#81,
#82,#83,#84,#85,#86,#87,#88,#89,#90,#91,#92,#93,#94,#95,#96,#97,#98,#99,#100,
#101,#102,#103,#104,#105,#106,#107,#108,#109,#110,#111,#112,#113,#114,#115,
#116,#117,#118,#119,#120,#121,#122,#123,#124,#125,#126,#127,#128,#129,#130,
#131,#132,#133,#134,#135,#136,#137,#138,#139,#140,#141,#142,#143,#144,#145,
#146,#147,#148,#149,#150,#151,#152,#153,#154,#155,#156,#157,#158,#159,#160,
#161,#162,#163,#164,#165,#166,#167,#168,#169,#170,#171,#172,#173,#174,#175,
#176,#177,#178,#179,#180,#181,#182,#183,#184,#185,#186,#187,#188,#189,#190,
#191,#192,#193,#194,#195,#196,#197,#198,#199,#200,#201,#202,#203,#204,#205,
#206,#207,#208,#209,#210,#211,#212,#213,#214,#215,#216,#217,#218,#219,#220,
#221,#222,#223,#224,#225,#226,#227,#228,#229,#230,#231,#232,#233,#234,#235,
#236,#237,#238,#239,#240,#241,#242,#243,#244,#245,#246,#247,#248,#249,#250,
#251,#252,#253,#254,#255,#256,#257,#258,#259,#260,#261,#262,#263,#264,#265,
#266,#267,#268,#269,#270,#271,#272,#273,#274,#275,#276,#277,#278,#279,#280,
#281,#282,#283,#284,#285,#286,#287,#288,#289,#290,#291,#292,#293,#294,#295,
#296,#297,#298,#299,#300,#301,#302,#303,#304,#305,#306,#307,#308,#309,#310,
#311,#312,#313,#314,#315,#316,#317,#318,#319,#320,#321,#322,#323,#324,#325,
#326,#327,#328,#329,#330,#331,#332,#333,#334,#335,#336,#337,#338,#339,#340,
#341,#342,#343,#344,#345,#346,#347,#348,#349,#350,#351,#352,#353,#354,#355,
#356,#357,#358,#359,#360,#361,#362,#363,#364,#365,#366,#367,#368,#369,#370,
#371,#372,#373,#374,#375,#376,#377,#378,#379,#380,#381,#382,#383,#384,#385,
#386,#387,#388,#389,#390,#391,#392,#393,#394,#395,#396,#397,#398,#399,#400,
#401,#402,#403,#404,#405,#406,#407,#408,#409,#410,#411,#412,#413,#414,#415,
#416,#417,#418,#419,#420,#421,#422,#423,#424,#425,#426,#427,#428,#429,#430,
#431,#432,#433,#434,#435,#436,#437,#438,#439,#440,#441,#442,#443,#444,#445,
#446,#447,#448,#449,#450,#451,#452,#453,#454,#455,#456,#457,#458,#459,#460,
#461,#462,#463,#464,#465,#466,#467,#468,#469,#470,#471,#472,#473,#474,#475,
#476,#477,#478,#479,#480,#481,#482,#483,#484,#485,#486,#487,#488,#489,#490,
#491,#492,#493,#494,#495,#496,#497,#498,#499,#500,#501,#502,#503,#504,#505,
#506,#507,#508,#509,#510,#511,#512,#513,#514,#515,#516,#517,#518,#519,#520,
#521,#522,#523,#524,#525,#526,#527,#528,#529,#530,#531,#532,#533,#534,#535,
#536,#537,#538,#539,#540,#541,#542,#543,#544,#545,#546,#547),#15639);
#551=PRESENTATION_LAYER_ASSIGNMENT('86','D815',(#563,#564,#565,#566,#567,#568,
#569,#570,#571,#572,#573,#574,#575,#576,#577,#578,#579,#580,#581,#582,#583,
#584,#585,#586,#587,#588,#589,#590,#591,#592,#593,#594,#595,#596,#597,#598,
#599,#600,#601,#602,#603,#604,#605,#606,#607,#608,#609,#610,#611,#612,#613,
#614,#615,#616,#617,#618,#619,#620,#621,#622,#623,#624,#625,#626,#627,#628,
#629,#630,#631,#632,#633,#634,#635,#636,#637,#638,#639,#640,#641,#642,#643,
#644,#645,#646,#647,#648,#649,#650,#651,#652,#653,#654,#655,#656,#657,#658,
#659,#660,#661,#662,#663,#664,#665,#666,#667,#668,#669,#670,#671,#672,#673,
#674,#675,#676,#677,#678,#679,#680,#681,#682,#683,#684,#685,#686,#687,#688,
#689,#690,#691,#692,#693,#694,#695,#696,#697,#698,#699,#700,#701,#702,#703,
#704,#705,#706,#707,#708,#709,#710,#711,#712,#713,#714,#715,#716,#717,#718,
#719,#720,#721,#722,#723,#724,#725,#726,#727,#728,#729,#730,#731,#732,#733,
#734,#735,#736,#737,#738,#739,#740,#741,#742,#743,#744,#745,#746,#747,#748,
#749,#750,#751,#752,#753,#754,#755,#756,#757,#758,#759,#760,#761,#762,#763,
#764,#765,#766,#767,#768,#769,#770,#771,#772,#773,#774,#775,#776,#777,#778,
#779,#780,#781,#782,#783,#784,#785,#786,#787,#788,#789,#790,#791,#792,#793,
#794,#795,#796,#797,#798,#799,#800,#801,#802,#803,#804,#805,#806,#807,#808,
#809,#810,#811,#812,#813,#814,#815,#816,#817,#818,#819,#820,#821,#822,#823,
#824,#825,#826,#827,#828,#829,#830,#831,#832,#833,#834,#835,#836,#837,#838,
#839,#840,#841,#842,#843,#844,#845,#846,#847,#848,#849,#850,#851,#852,#853,
#854,#855,#856,#857,#858,#859,#860,#861,#862,#863,#864,#865,#866,#867,#868,
#869,#870,#871,#872,#873,#874,#875,#876,#877,#878,#879,#880,#881,#882,#883,
#884,#885,#886,#887,#888,#889,#890,#891,#892,#893,#894,#895,#896,#897,#898,
#899,#900,#901,#902,#903,#904,#905,#906,#907,#908,#909,#910,#911,#912,#913,
#914,#915,#916,#917,#918,#919,#920,#921,#922,#923,#924,#925,#926,#927,#928,
#929,#930,#931,#932,#933,#934,#935,#936,#937,#938,#939,#940,#941,#942,#943,
#944,#945,#946,#947,#948,#949,#950,#951,#952,#953,#954,#955,#956,#957,#958,
#959,#960,#961,#962,#963,#964,#965,#966,#967,#968,#969,#970,#971,#972,#973,
#974,#975,#976,#977,#978,#979,#980,#981,#982,#983,#984,#985,#986,#987,#988,
#989,#990,#991,#992,#993,#994,#995,#996,#997,#998,#999,#1000,#1001,#1002,#1003
,#1004,#1005,#1006,#1007,#1008,#1009,#1010,#1011,#1012,#1013,#1014,#1015,#1016
,#1017,#1018,#1019,#1020,#1021,#1022,#1023,#1024,#1025,#1026,#1027,#1028,#1029
,#1030,#1031,#1032,#1033,#1034,#1035,#1036,#1037,#1038,#1039,#1040,#1041,#1042
,#1043,#1044,#1045,#1046,#1047,#1048,#1049,#1050,#1051,#1052,#1053,#1054,#1055
,#1056,#1057,#1058,#1059,#1060,#1061,#1062,#1063,#1064,#1065,#1066,#1067,#1068
,#1069,#1070,#1071,#1072,#1073,#1074,#1075,#1076,#1077,#1078,#1079,#1080,#1081
,#1082,#1083,#1084,#1085,#1086,#1087,#555));
#552=SHAPE_REPRESENTATION_RELATIONSHIP('','',#10058,#553);
#553=ADVANCED_BREP_SHAPE_REPRESENTATION('',(#554),#15639);
#554=MANIFOLD_SOLID_BREP('3014',#555);
#555=CLOSED_SHELL('',(#563,#564,#565,#566,#567,#568,#569,#570,#571,#572,#573,
#574,#575,#576,#577,#578,#579,#580,#581,#582,#583,#584,#585,#586,#587,#588,
#589,#590,#591,#592,#593,#594,#595,#596,#597,#598,#599,#600,#601,#602,#603,
#604,#605,#606,#607,#608,#609,#610,#611,#612,#613,#614,#615,#616,#617,#618,
#619,#620,#621,#622,#623,#624,#625,#626,#627,#628,#629,#630,#631,#632,#633,
#634,#635,#636,#637,#638,#639,#640,#641,#642,#643,#644,#645,#646,#647,#648,
#649,#650,#651,#652,#653,#654,#655,#656,#657,#658,#659,#660,#661,#662,#663,
#664,#665,#666,#667,#668,#669,#670,#671,#672,#673,#674,#675,#676,#677,#678,
#679,#680,#681,#682,#683,#684,#685,#686,#687,#688,#689,#690,#691,#692,#693,
#694,#695,#696,#697,#698,#699,#700,#701,#702,#703,#704,#705,#706,#707,#708,
#709,#710,#711,#712,#713,#714,#715,#716,#717,#718,#719,#720,#721,#722,#723,
#724,#725,#726,#727,#728,#729,#730,#731,#732,#733,#734,#735,#736,#737,#738,
#739,#740,#741,#742,#743,#744,#745,#746,#747,#748,#749,#750,#751,#752,#753,
#754,#755,#756,#757,#758,#759,#760,#761,#762,#763,#764,#765,#766,#767,#768,
#769,#770,#771,#772,#773,#774,#775,#776,#777,#778,#779,#780,#781,#782,#783,
#784,#785,#786,#787,#788,#789,#790,#791,#792,#793,#794,#795,#796,#797,#798,
#799,#800,#801,#802,#803,#804,#805,#806,#807,#808,#809,#810,#811,#812,#813,
#814,#815,#816,#817,#818,#819,#820,#821,#822,#823,#824,#825,#826,#827,#828,
#829,#830,#831,#832,#833,#834,#835,#836,#837,#838,#839,#840,#841,#842,#843,
#844,#845,#846,#847,#848,#849,#850,#851,#852,#853,#854,#855,#856,#857,#858,
#859,#860,#861,#862,#863,#864,#865,#866,#867,#868,#869,#870,#871,#872,#873,
#874,#875,#876,#877,#878,#879,#880,#881,#882,#883,#884,#885,#886,#887,#888,
#889,#890,#891,#892,#893,#894,#895,#896,#897,#898,#899,#900,#901,#902,#903,
#904,#905,#906,#907,#908,#909,#910,#911,#912,#913,#914,#915,#916,#917,#918,
#919,#920,#921,#922,#923,#924,#925,#926,#927,#928,#929,#930,#931,#932,#933,
#934,#935,#936,#937,#938,#939,#940,#941,#942,#943,#944,#945,#946,#947,#948,
#949,#950,#951,#952,#953,#954,#955,#956,#957,#958,#959,#960,#961,#962,#963,
#964,#965,#966,#967,#968,#969,#970,#971,#972,#973,#974,#975,#976,#977,#978,
#979,#980,#981,#982,#983,#984,#985,#986,#987,#988,#989,#990,#991,#992,#993,
#994,#995,#996,#997,#998,#999,#1000,#1001,#1002,#1003,#1004,#1005,#1006,#1007,
#1008,#1009,#1010,#1011,#1012,#1013,#1014,#1015,#1016,#1017,#1018,#1019,#1020,
#1021,#1022,#1023,#1024,#1025,#1026,#1027,#1028,#1029,#1030,#1031,#1032,#1033,
#1034,#1035,#1036,#1037,#1038,#1039,#1040,#1041,#1042,#1043,#1044,#1045,#1046,
#1047,#1048,#1049,#1050,#1051,#1052,#1053,#1054,#1055,#1056,#1057,#1058,#1059,
#1060,#1061,#1062,#1063,#1064,#1065,#1066,#1067,#1068,#1069,#1070,#1071,#1072,
#1073,#1074,#1075,#1076,#1077,#1078,#1079,#1080,#1081,#1082,#1083,#1084,#1085,
#1086,#1087));
#556=CYLINDRICAL_SURFACE('',#10329,17.1098111490894);
#557=CYLINDRICAL_SURFACE('',#10334,44.5186502459353);
#558=CYLINDRICAL_SURFACE('',#10335,14.6605080627172);
#559=CYLINDRICAL_SURFACE('',#10336,25.0245315637549);
#560=CYLINDRICAL_SURFACE('',#10345,6.92200795362802);
#561=CYLINDRICAL_SURFACE('',#10346,8.99712304069965);
#562=CYLINDRICAL_SURFACE('',#10348,13.1728332158587);
#563=ADVANCED_FACE('',(#1088),#4784,.T.);
#564=ADVANCED_FACE('',(#1089),#4785,.T.);
#565=ADVANCED_FACE('',(#1090),#4786,.T.);
#566=ADVANCED_FACE('',(#1091),#4787,.T.);
#567=ADVANCED_FACE('',(#1092),#4788,.T.);
#568=ADVANCED_FACE('',(#1093),#4789,.T.);
#569=ADVANCED_FACE('',(#1094),#4790,.T.);
#570=ADVANCED_FACE('',(#1095),#4791,.T.);
#571=ADVANCED_FACE('',(#1096),#4792,.T.);
#572=ADVANCED_FACE('',(#1097),#4793,.T.);
#573=ADVANCED_FACE('',(#1098),#4794,.T.);
#574=ADVANCED_FACE('',(#1099),#4795,.T.);
#575=ADVANCED_FACE('',(#1100),#4796,.T.);
#576=ADVANCED_FACE('',(#1101),#4797,.T.);
#577=ADVANCED_FACE('',(#1102),#4798,.T.);
#578=ADVANCED_FACE('',(#1103),#4799,.T.);
#579=ADVANCED_FACE('',(#1104),#4800,.T.);
#580=ADVANCED_FACE('',(#1105),#4801,.T.);
#581=ADVANCED_FACE('',(#1106),#4802,.T.);
#582=ADVANCED_FACE('',(#1107),#4803,.T.);
#583=ADVANCED_FACE('',(#1108),#4804,.T.);
#584=ADVANCED_FACE('',(#1109),#4805,.T.);
#585=ADVANCED_FACE('',(#1110),#4806,.T.);
#586=ADVANCED_FACE('',(#1111),#4807,.T.);
#587=ADVANCED_FACE('',(#1112),#4808,.T.);
#588=ADVANCED_FACE('',(#1113),#4809,.T.);
#589=ADVANCED_FACE('',(#1114),#4810,.T.);
#590=ADVANCED_FACE('',(#1115),#4811,.T.);
#591=ADVANCED_FACE('',(#1116),#4812,.T.);
#592=ADVANCED_FACE('',(#1117),#4813,.T.);
#593=ADVANCED_FACE('',(#1118),#4814,.T.);
#594=ADVANCED_FACE('',(#1119),#4815,.T.);
#595=ADVANCED_FACE('',(#1120),#4816,.T.);
#596=ADVANCED_FACE('',(#1121),#4817,.T.);
#597=ADVANCED_FACE('',(#1122),#4818,.T.);
#598=ADVANCED_FACE('',(#1123),#4819,.T.);
#599=ADVANCED_FACE('',(#1124),#4820,.T.);
#600=ADVANCED_FACE('',(#1125),#4821,.T.);
#601=ADVANCED_FACE('',(#1126),#4822,.T.);
#602=ADVANCED_FACE('',(#1127),#4823,.T.);
#603=ADVANCED_FACE('',(#1128),#4824,.T.);
#604=ADVANCED_FACE('',(#1129),#4825,.T.);
#605=ADVANCED_FACE('',(#1130),#4826,.T.);
#606=ADVANCED_FACE('',(#1131),#4827,.T.);
#607=ADVANCED_FACE('',(#1132),#4828,.T.);
#608=ADVANCED_FACE('',(#1133),#4829,.T.);
#609=ADVANCED_FACE('',(#1134),#4830,.T.);
#610=ADVANCED_FACE('',(#1135),#4831,.T.);
#611=ADVANCED_FACE('',(#1136),#4832,.T.);
#612=ADVANCED_FACE('',(#1137),#4833,.T.);
#613=ADVANCED_FACE('',(#1138),#4834,.T.);
#614=ADVANCED_FACE('',(#1139),#4835,.T.);
#615=ADVANCED_FACE('',(#1140),#4836,.T.);
#616=ADVANCED_FACE('',(#1141),#4837,.T.);
#617=ADVANCED_FACE('',(#1142),#4838,.T.);
#618=ADVANCED_FACE('',(#1143),#4839,.T.);
#619=ADVANCED_FACE('',(#1144),#4840,.T.);
#620=ADVANCED_FACE('',(#1145),#4841,.T.);
#621=ADVANCED_FACE('',(#1146),#4842,.T.);
#622=ADVANCED_FACE('',(#1147),#4843,.T.);
#623=ADVANCED_FACE('',(#1148),#4844,.T.);
#624=ADVANCED_FACE('',(#1149),#4845,.T.);
#625=ADVANCED_FACE('',(#1150),#4846,.T.);
#626=ADVANCED_FACE('',(#1151),#4847,.T.);
#627=ADVANCED_FACE('',(#1152),#4848,.T.);
#628=ADVANCED_FACE('',(#1153),#4849,.T.);
#629=ADVANCED_FACE('',(#1154),#4850,.T.);
#630=ADVANCED_FACE('',(#1155),#4851,.T.);
#631=ADVANCED_FACE('',(#1156),#4852,.T.);
#632=ADVANCED_FACE('',(#1157),#4853,.T.);
#633=ADVANCED_FACE('',(#1158),#4854,.T.);
#634=ADVANCED_FACE('',(#1159),#4855,.T.);
#635=ADVANCED_FACE('',(#1160),#4856,.T.);
#636=ADVANCED_FACE('',(#1161),#4857,.T.);
#637=ADVANCED_FACE('',(#1162),#4858,.T.);
#638=ADVANCED_FACE('',(#1163),#4859,.T.);
#639=ADVANCED_FACE('',(#1164),#4860,.T.);
#640=ADVANCED_FACE('',(#1165),#4861,.T.);
#641=ADVANCED_FACE('',(#1166),#4862,.T.);
#642=ADVANCED_FACE('',(#1167),#4863,.T.);
#643=ADVANCED_FACE('',(#1168),#4864,.T.);
#644=ADVANCED_FACE('',(#1169),#4865,.T.);
#645=ADVANCED_FACE('',(#1170),#4866,.T.);
#646=ADVANCED_FACE('',(#1171),#4867,.T.);
#647=ADVANCED_FACE('',(#1172),#4868,.T.);
#648=ADVANCED_FACE('',(#1173),#4869,.T.);
#649=ADVANCED_FACE('',(#1174),#4870,.T.);
#650=ADVANCED_FACE('',(#1175),#4871,.T.);
#651=ADVANCED_FACE('',(#1176),#4872,.T.);
#652=ADVANCED_FACE('',(#1177),#4873,.T.);
#653=ADVANCED_FACE('',(#1178),#4874,.T.);
#654=ADVANCED_FACE('',(#1179),#4875,.T.);
#655=ADVANCED_FACE('',(#1180),#4876,.T.);
#656=ADVANCED_FACE('',(#1181),#4877,.T.);
#657=ADVANCED_FACE('',(#1182),#4878,.T.);
#658=ADVANCED_FACE('',(#1183),#4879,.T.);
#659=ADVANCED_FACE('',(#1184),#4880,.T.);
#660=ADVANCED_FACE('',(#1185),#4881,.T.);
#661=ADVANCED_FACE('',(#1186),#4882,.T.);
#662=ADVANCED_FACE('',(#1187),#4883,.T.);
#663=ADVANCED_FACE('',(#1188),#4884,.T.);
#664=ADVANCED_FACE('',(#1189),#4885,.T.);
#665=ADVANCED_FACE('',(#1190),#4886,.T.);
#666=ADVANCED_FACE('',(#1191),#4887,.T.);
#667=ADVANCED_FACE('',(#1192),#4888,.T.);
#668=ADVANCED_FACE('',(#1193),#4889,.T.);
#669=ADVANCED_FACE('',(#1194),#4890,.T.);
#670=ADVANCED_FACE('',(#1195),#4891,.T.);
#671=ADVANCED_FACE('',(#1196),#4892,.T.);
#672=ADVANCED_FACE('',(#1197),#4893,.T.);
#673=ADVANCED_FACE('',(#1198),#4894,.T.);
#674=ADVANCED_FACE('',(#1199),#4895,.T.);
#675=ADVANCED_FACE('',(#1200),#4896,.T.);
#676=ADVANCED_FACE('',(#1201),#4897,.T.);
#677=ADVANCED_FACE('',(#1202),#4898,.T.);
#678=ADVANCED_FACE('',(#1203),#4899,.T.);
#679=ADVANCED_FACE('',(#1204),#4900,.T.);
#680=ADVANCED_FACE('',(#1205),#4901,.T.);
#681=ADVANCED_FACE('',(#1206),#4902,.T.);
#682=ADVANCED_FACE('',(#1207),#4903,.T.);
#683=ADVANCED_FACE('',(#1208),#4904,.T.);
#684=ADVANCED_FACE('',(#1209),#4905,.T.);
#685=ADVANCED_FACE('',(#1210),#4906,.T.);
#686=ADVANCED_FACE('',(#1211),#4907,.T.);
#687=ADVANCED_FACE('',(#1212),#4908,.T.);
#688=ADVANCED_FACE('',(#1213),#4909,.T.);
#689=ADVANCED_FACE('',(#1214),#4910,.T.);
#690=ADVANCED_FACE('',(#1215),#4911,.T.);
#691=ADVANCED_FACE('',(#1216),#4912,.T.);
#692=ADVANCED_FACE('',(#1217),#4913,.T.);
#693=ADVANCED_FACE('',(#1218),#4914,.T.);
#694=ADVANCED_FACE('',(#1219),#4915,.T.);
#695=ADVANCED_FACE('',(#1220),#4916,.T.);
#696=ADVANCED_FACE('',(#1221),#4917,.T.);
#697=ADVANCED_FACE('',(#1222),#4918,.T.);
#698=ADVANCED_FACE('',(#1223),#4919,.T.);
#699=ADVANCED_FACE('',(#1224),#4920,.T.);
#700=ADVANCED_FACE('',(#1225),#4921,.T.);
#701=ADVANCED_FACE('',(#1226),#4922,.T.);
#702=ADVANCED_FACE('',(#1227),#4923,.T.);
#703=ADVANCED_FACE('',(#1228),#4924,.T.);
#704=ADVANCED_FACE('',(#1229),#4925,.T.);
#705=ADVANCED_FACE('',(#1230),#4926,.T.);
#706=ADVANCED_FACE('',(#1231),#4927,.T.);
#707=ADVANCED_FACE('',(#1232),#4928,.T.);
#708=ADVANCED_FACE('',(#1233),#4929,.T.);
#709=ADVANCED_FACE('',(#1234),#4930,.T.);
#710=ADVANCED_FACE('',(#1235),#4931,.T.);
#711=ADVANCED_FACE('',(#1236),#4932,.T.);
#712=ADVANCED_FACE('',(#1237),#4933,.T.);
#713=ADVANCED_FACE('',(#1238),#4934,.T.);
#714=ADVANCED_FACE('',(#1239),#4935,.T.);
#715=ADVANCED_FACE('',(#1240),#4936,.T.);
#716=ADVANCED_FACE('',(#1241),#4937,.T.);
#717=ADVANCED_FACE('',(#1242),#4938,.T.);
#718=ADVANCED_FACE('',(#1243),#4939,.T.);
#719=ADVANCED_FACE('',(#1244),#4940,.T.);
#720=ADVANCED_FACE('',(#1245),#4941,.T.);
#721=ADVANCED_FACE('',(#1246),#4942,.T.);
#722=ADVANCED_FACE('',(#1247),#4943,.T.);
#723=ADVANCED_FACE('',(#1248),#4944,.T.);
#724=ADVANCED_FACE('',(#1249),#4945,.T.);
#725=ADVANCED_FACE('',(#1250),#4946,.T.);
#726=ADVANCED_FACE('',(#1251),#4947,.T.);
#727=ADVANCED_FACE('',(#1252),#4948,.T.);
#728=ADVANCED_FACE('',(#1253),#4949,.T.);
#729=ADVANCED_FACE('',(#1254),#4950,.T.);
#730=ADVANCED_FACE('',(#1255),#4951,.T.);
#731=ADVANCED_FACE('',(#1256),#4952,.T.);
#732=ADVANCED_FACE('',(#1257),#4953,.T.);
#733=ADVANCED_FACE('',(#1258),#4954,.T.);
#734=ADVANCED_FACE('',(#1259),#4955,.T.);
#735=ADVANCED_FACE('',(#1260),#4956,.T.);
#736=ADVANCED_FACE('',(#1261),#4957,.T.);
#737=ADVANCED_FACE('',(#1262),#4958,.T.);
#738=ADVANCED_FACE('',(#1263),#4959,.T.);
#739=ADVANCED_FACE('',(#1264),#4960,.T.);
#740=ADVANCED_FACE('',(#1265),#4961,.T.);
#741=ADVANCED_FACE('',(#1266),#4962,.T.);
#742=ADVANCED_FACE('',(#1267),#4963,.T.);
#743=ADVANCED_FACE('',(#1268),#4964,.T.);
#744=ADVANCED_FACE('',(#1269),#4965,.T.);
#745=ADVANCED_FACE('',(#1270),#4966,.T.);
#746=ADVANCED_FACE('',(#1271),#4967,.T.);
#747=ADVANCED_FACE('',(#1272),#4968,.T.);
#748=ADVANCED_FACE('',(#1273),#4969,.T.);
#749=ADVANCED_FACE('',(#1274),#4970,.T.);
#750=ADVANCED_FACE('',(#1275),#4971,.T.);
#751=ADVANCED_FACE('',(#1276),#4972,.T.);
#752=ADVANCED_FACE('',(#1277),#4973,.T.);
#753=ADVANCED_FACE('',(#1278),#4974,.T.);
#754=ADVANCED_FACE('',(#1279),#4975,.T.);
#755=ADVANCED_FACE('',(#1280),#4976,.T.);
#756=ADVANCED_FACE('',(#1281),#4977,.T.);
#757=ADVANCED_FACE('',(#1282),#4978,.T.);
#758=ADVANCED_FACE('',(#1283),#4979,.T.);
#759=ADVANCED_FACE('',(#1284),#4980,.T.);
#760=ADVANCED_FACE('',(#1285),#4981,.T.);
#761=ADVANCED_FACE('',(#1286),#4982,.T.);
#762=ADVANCED_FACE('',(#1287),#4983,.T.);
#763=ADVANCED_FACE('',(#1288),#4984,.T.);
#764=ADVANCED_FACE('',(#1289),#4985,.T.);
#765=ADVANCED_FACE('',(#1290),#4986,.T.);
#766=ADVANCED_FACE('',(#1291),#4987,.T.);
#767=ADVANCED_FACE('',(#1292),#4988,.T.);
#768=ADVANCED_FACE('',(#1293),#4989,.T.);
#769=ADVANCED_FACE('',(#1294),#4990,.T.);
#770=ADVANCED_FACE('',(#1295),#4991,.T.);
#771=ADVANCED_FACE('',(#1296),#4992,.T.);
#772=ADVANCED_FACE('',(#1297),#4993,.T.);
#773=ADVANCED_FACE('',(#1298),#4994,.T.);
#774=ADVANCED_FACE('',(#1299),#4995,.T.);
#775=ADVANCED_FACE('',(#1300),#4996,.T.);
#776=ADVANCED_FACE('',(#1301),#4997,.T.);
#777=ADVANCED_FACE('',(#1302),#4998,.T.);
#778=ADVANCED_FACE('',(#1303),#4999,.T.);
#779=ADVANCED_FACE('',(#1304),#5000,.T.);
#780=ADVANCED_FACE('',(#1305),#5001,.T.);
#781=ADVANCED_FACE('',(#1306),#5002,.T.);
#782=ADVANCED_FACE('',(#1307),#5003,.T.);
#783=ADVANCED_FACE('',(#1308),#5004,.T.);
#784=ADVANCED_FACE('',(#1309),#5005,.T.);
#785=ADVANCED_FACE('',(#1310),#5006,.T.);
#786=ADVANCED_FACE('',(#1311),#5007,.T.);
#787=ADVANCED_FACE('',(#1312),#5008,.T.);
#788=ADVANCED_FACE('',(#1313),#5009,.T.);
#789=ADVANCED_FACE('',(#1314),#5010,.T.);
#790=ADVANCED_FACE('',(#1315),#5011,.T.);
#791=ADVANCED_FACE('',(#1316),#5012,.T.);
#792=ADVANCED_FACE('',(#1317),#5013,.T.);
#793=ADVANCED_FACE('',(#1318),#5014,.T.);
#794=ADVANCED_FACE('',(#1319),#5015,.T.);
#795=ADVANCED_FACE('',(#1320),#5016,.T.);
#796=ADVANCED_FACE('',(#1321),#5017,.T.);
#797=ADVANCED_FACE('',(#1322),#5018,.T.);
#798=ADVANCED_FACE('',(#1323),#5019,.T.);
#799=ADVANCED_FACE('',(#1324),#5020,.T.);
#800=ADVANCED_FACE('',(#1325),#5021,.T.);
#801=ADVANCED_FACE('',(#1326),#5022,.T.);
#802=ADVANCED_FACE('',(#1327),#5023,.T.);
#803=ADVANCED_FACE('',(#1328),#5024,.T.);
#804=ADVANCED_FACE('',(#1329),#5025,.T.);
#805=ADVANCED_FACE('',(#1330),#5026,.T.);
#806=ADVANCED_FACE('',(#1331),#5027,.T.);
#807=ADVANCED_FACE('',(#1332),#5028,.T.);
#808=ADVANCED_FACE('',(#1333),#5029,.T.);
#809=ADVANCED_FACE('',(#1334),#5030,.T.);
#810=ADVANCED_FACE('',(#1335),#5031,.T.);
#811=ADVANCED_FACE('',(#1336),#5032,.T.);
#812=ADVANCED_FACE('',(#1337),#5033,.T.);
#813=ADVANCED_FACE('',(#1338),#5034,.T.);
#814=ADVANCED_FACE('',(#1339),#5035,.T.);
#815=ADVANCED_FACE('',(#1340),#5036,.T.);
#816=ADVANCED_FACE('',(#1341),#5037,.T.);
#817=ADVANCED_FACE('',(#1342),#5038,.T.);
#818=ADVANCED_FACE('',(#1343),#556,.T.);
#819=ADVANCED_FACE('',(#1344),#5039,.T.);
#820=ADVANCED_FACE('',(#1345),#5040,.T.);
#821=ADVANCED_FACE('',(#1346),#5041,.T.);
#822=ADVANCED_FACE('',(#1347),#5042,.T.);
#823=ADVANCED_FACE('',(#1348),#557,.T.);
#824=ADVANCED_FACE('',(#1349),#558,.T.);
#825=ADVANCED_FACE('',(#1350),#559,.T.);
#826=ADVANCED_FACE('',(#1351),#5043,.T.);
#827=ADVANCED_FACE('',(#1352),#5044,.T.);
#828=ADVANCED_FACE('',(#1353),#5045,.T.);
#829=ADVANCED_FACE('',(#1354),#5046,.T.);
#830=ADVANCED_FACE('',(#1355),#5047,.T.);
#831=ADVANCED_FACE('',(#1356),#5048,.T.);
#832=ADVANCED_FACE('',(#1357),#5049,.T.);
#833=ADVANCED_FACE('',(#1358),#5050,.T.);
#834=ADVANCED_FACE('',(#1359),#560,.T.);
#835=ADVANCED_FACE('',(#1360),#561,.T.);
#836=ADVANCED_FACE('',(#1361),#5051,.T.);
#837=ADVANCED_FACE('',(#1362),#562,.F.);
#838=ADVANCED_FACE('',(#1363),#5052,.T.);
#839=ADVANCED_FACE('',(#1364),#5053,.F.);
#840=ADVANCED_FACE('',(#1365),#5054,.T.);
#841=ADVANCED_FACE('',(#1366),#5055,.T.);
#842=ADVANCED_FACE('',(#1367),#5056,.T.);
#843=ADVANCED_FACE('',(#1368),#5057,.F.);
#844=ADVANCED_FACE('',(#1369),#5058,.T.);
#845=ADVANCED_FACE('',(#1370),#5059,.T.);
#846=ADVANCED_FACE('',(#1371),#5060,.T.);
#847=ADVANCED_FACE('',(#1372),#5061,.F.);
#848=ADVANCED_FACE('',(#1373),#5062,.T.);
#849=ADVANCED_FACE('',(#1374),#5063,.T.);
#850=ADVANCED_FACE('',(#1375),#5064,.T.);
#851=ADVANCED_FACE('',(#1376),#5065,.F.);
#852=ADVANCED_FACE('',(#1377),#5066,.T.);
#853=ADVANCED_FACE('',(#1378),#5067,.T.);
#854=ADVANCED_FACE('',(#1379),#5068,.T.);
#855=ADVANCED_FACE('',(#1380),#5069,.F.);
#856=ADVANCED_FACE('',(#1381),#5070,.T.);
#857=ADVANCED_FACE('',(#1382),#5071,.T.);
#858=ADVANCED_FACE('',(#1383),#5072,.T.);
#859=ADVANCED_FACE('',(#1384),#5073,.F.);
#860=ADVANCED_FACE('',(#1385),#5074,.T.);
#861=ADVANCED_FACE('',(#1386),#5075,.T.);
#862=ADVANCED_FACE('',(#1387),#5076,.T.);
#863=ADVANCED_FACE('',(#1388),#5077,.F.);
#864=ADVANCED_FACE('',(#1389),#5078,.T.);
#865=ADVANCED_FACE('',(#1390),#5079,.T.);
#866=ADVANCED_FACE('',(#1391),#5080,.T.);
#867=ADVANCED_FACE('',(#1392),#5081,.F.);
#868=ADVANCED_FACE('',(#1393),#5082,.T.);
#869=ADVANCED_FACE('',(#1394),#5083,.T.);
#870=ADVANCED_FACE('',(#1395),#5084,.T.);
#871=ADVANCED_FACE('',(#1396),#5085,.F.);
#872=ADVANCED_FACE('',(#1397),#5086,.T.);
#873=ADVANCED_FACE('',(#1398),#5087,.T.);
#874=ADVANCED_FACE('',(#1399),#5088,.T.);
#875=ADVANCED_FACE('',(#1400),#5089,.F.);
#876=ADVANCED_FACE('',(#1401),#5090,.T.);
#877=ADVANCED_FACE('',(#1402),#5091,.T.);
#878=ADVANCED_FACE('',(#1403),#5092,.T.);
#879=ADVANCED_FACE('',(#1404),#5093,.F.);
#880=ADVANCED_FACE('',(#1405),#5094,.T.);
#881=ADVANCED_FACE('',(#1406),#5095,.T.);
#882=ADVANCED_FACE('',(#1407),#5096,.T.);
#883=ADVANCED_FACE('',(#1408),#5097,.F.);
#884=ADVANCED_FACE('',(#1409),#5098,.T.);
#885=ADVANCED_FACE('',(#1410),#5099,.T.);
#886=ADVANCED_FACE('',(#1411),#5100,.T.);
#887=ADVANCED_FACE('',(#1412),#5101,.F.);
#888=ADVANCED_FACE('',(#1413),#5102,.T.);
#889=ADVANCED_FACE('',(#1414),#5103,.T.);
#890=ADVANCED_FACE('',(#1415),#5104,.T.);
#891=ADVANCED_FACE('',(#1416),#5105,.F.);
#892=ADVANCED_FACE('',(#1417),#5106,.T.);
#893=ADVANCED_FACE('',(#1418),#5107,.T.);
#894=ADVANCED_FACE('',(#1419),#5108,.T.);
#895=ADVANCED_FACE('',(#1420),#5109,.F.);
#896=ADVANCED_FACE('',(#1421),#5110,.T.);
#897=ADVANCED_FACE('',(#1422),#5111,.T.);
#898=ADVANCED_FACE('',(#1423),#5112,.T.);
#899=ADVANCED_FACE('',(#1424),#5113,.F.);
#900=ADVANCED_FACE('',(#1425),#5114,.T.);
#901=ADVANCED_FACE('',(#1426),#5115,.T.);
#902=ADVANCED_FACE('',(#1427),#5116,.T.);
#903=ADVANCED_FACE('',(#1428),#5117,.F.);
#904=ADVANCED_FACE('',(#1429),#5118,.T.);
#905=ADVANCED_FACE('',(#1430),#5119,.T.);
#906=ADVANCED_FACE('',(#1431),#5120,.T.);
#907=ADVANCED_FACE('',(#1432),#5121,.F.);
#908=ADVANCED_FACE('',(#1433),#5122,.T.);
#909=ADVANCED_FACE('',(#1434),#5123,.T.);
#910=ADVANCED_FACE('',(#1435),#5124,.T.);
#911=ADVANCED_FACE('',(#1436),#5125,.F.);
#912=ADVANCED_FACE('',(#1437),#5126,.T.);
#913=ADVANCED_FACE('',(#1438),#5127,.T.);
#914=ADVANCED_FACE('',(#1439),#5128,.T.);
#915=ADVANCED_FACE('',(#1440),#5129,.F.);
#916=ADVANCED_FACE('',(#1441),#5130,.T.);
#917=ADVANCED_FACE('',(#1442),#5131,.T.);
#918=ADVANCED_FACE('',(#1443),#5132,.T.);
#919=ADVANCED_FACE('',(#1444),#5133,.F.);
#920=ADVANCED_FACE('',(#1445),#5134,.T.);
#921=ADVANCED_FACE('',(#1446),#5135,.T.);
#922=ADVANCED_FACE('',(#1447),#5136,.T.);
#923=ADVANCED_FACE('',(#1448),#5137,.F.);
#924=ADVANCED_FACE('',(#1449),#5138,.T.);
#925=ADVANCED_FACE('',(#1450),#5139,.T.);
#926=ADVANCED_FACE('',(#1451),#5140,.T.);
#927=ADVANCED_FACE('',(#1452),#5141,.F.);
#928=ADVANCED_FACE('',(#1453),#5142,.T.);
#929=ADVANCED_FACE('',(#1454),#5143,.T.);
#930=ADVANCED_FACE('',(#1455),#5144,.T.);
#931=ADVANCED_FACE('',(#1456),#5145,.F.);
#932=ADVANCED_FACE('',(#1457),#5146,.T.);
#933=ADVANCED_FACE('',(#1458),#5147,.T.);
#934=ADVANCED_FACE('',(#1459),#5148,.T.);
#935=ADVANCED_FACE('',(#1460),#5149,.F.);
#936=ADVANCED_FACE('',(#1461),#5150,.T.);
#937=ADVANCED_FACE('',(#1462),#5151,.T.);
#938=ADVANCED_FACE('',(#1463),#5152,.T.);
#939=ADVANCED_FACE('',(#1464),#5153,.F.);
#940=ADVANCED_FACE('',(#1465),#5154,.T.);
#941=ADVANCED_FACE('',(#1466),#5155,.T.);
#942=ADVANCED_FACE('',(#1467),#5156,.T.);
#943=ADVANCED_FACE('',(#1468),#5157,.F.);
#944=ADVANCED_FACE('',(#1469),#5158,.T.);
#945=ADVANCED_FACE('',(#1470),#5159,.T.);
#946=ADVANCED_FACE('',(#1471),#5160,.T.);
#947=ADVANCED_FACE('',(#1472),#5161,.F.);
#948=ADVANCED_FACE('',(#1473),#5162,.T.);
#949=ADVANCED_FACE('',(#1474),#5163,.T.);
#950=ADVANCED_FACE('',(#1475),#5164,.T.);
#951=ADVANCED_FACE('',(#1476),#5165,.F.);
#952=ADVANCED_FACE('',(#1477),#5166,.T.);
#953=ADVANCED_FACE('',(#1478),#5167,.T.);
#954=ADVANCED_FACE('',(#1479),#5168,.T.);
#955=ADVANCED_FACE('',(#1480),#5169,.F.);
#956=ADVANCED_FACE('',(#1481),#5170,.T.);
#957=ADVANCED_FACE('',(#1482),#5171,.T.);
#958=ADVANCED_FACE('',(#1483),#5172,.T.);
#959=ADVANCED_FACE('',(#1484),#5173,.F.);
#960=ADVANCED_FACE('',(#1485),#5174,.T.);
#961=ADVANCED_FACE('',(#1486),#5175,.T.);
#962=ADVANCED_FACE('',(#1487),#5176,.T.);
#963=ADVANCED_FACE('',(#1488),#5177,.F.);
#964=ADVANCED_FACE('',(#1489),#5178,.T.);
#965=ADVANCED_FACE('',(#1490),#5179,.T.);
#966=ADVANCED_FACE('',(#1491),#5180,.T.);
#967=ADVANCED_FACE('',(#1492),#5181,.F.);
#968=ADVANCED_FACE('',(#1493),#5182,.T.);
#969=ADVANCED_FACE('',(#1494),#5183,.T.);
#970=ADVANCED_FACE('',(#1495),#5184,.T.);
#971=ADVANCED_FACE('',(#1496),#5185,.F.);
#972=ADVANCED_FACE('',(#1497),#5186,.T.);
#973=ADVANCED_FACE('',(#1498),#5187,.T.);
#974=ADVANCED_FACE('',(#1499),#5188,.T.);
#975=ADVANCED_FACE('',(#1500),#5189,.F.);
#976=ADVANCED_FACE('',(#1501),#5190,.T.);
#977=ADVANCED_FACE('',(#1502),#5191,.T.);
#978=ADVANCED_FACE('',(#1503),#5192,.T.);
#979=ADVANCED_FACE('',(#1504),#5193,.F.);
#980=ADVANCED_FACE('',(#1505),#5194,.T.);
#981=ADVANCED_FACE('',(#1506),#5195,.T.);
#982=ADVANCED_FACE('',(#1507),#5196,.T.);
#983=ADVANCED_FACE('',(#1508),#5197,.F.);
#984=ADVANCED_FACE('',(#1509),#5198,.T.);
#985=ADVANCED_FACE('',(#1510),#5199,.T.);
#986=ADVANCED_FACE('',(#1511),#5200,.T.);
#987=ADVANCED_FACE('',(#1512),#5201,.F.);
#988=ADVANCED_FACE('',(#1513),#5202,.T.);
#989=ADVANCED_FACE('',(#1514),#5203,.T.);
#990=ADVANCED_FACE('',(#1515),#5204,.T.);
#991=ADVANCED_FACE('',(#1516),#5205,.F.);
#992=ADVANCED_FACE('',(#1517),#5206,.T.);
#993=ADVANCED_FACE('',(#1518),#5207,.T.);
#994=ADVANCED_FACE('',(#1519),#5208,.T.);
#995=ADVANCED_FACE('',(#1520),#5209,.F.);
#996=ADVANCED_FACE('',(#1521),#5210,.T.);
#997=ADVANCED_FACE('',(#1522),#5211,.T.);
#998=ADVANCED_FACE('',(#1523),#5212,.T.);
#999=ADVANCED_FACE('',(#1524),#5213,.F.);
#1000=ADVANCED_FACE('',(#1525),#5214,.T.);
#1001=ADVANCED_FACE('',(#1526),#5215,.T.);
#1002=ADVANCED_FACE('',(#1527),#5216,.T.);
#1003=ADVANCED_FACE('',(#1528),#5217,.F.);
#1004=ADVANCED_FACE('',(#1529),#5218,.T.);
#1005=ADVANCED_FACE('',(#1530),#5219,.T.);
#1006=ADVANCED_FACE('',(#1531),#5220,.T.);
#1007=ADVANCED_FACE('',(#1532),#5221,.F.);
#1008=ADVANCED_FACE('',(#1533),#5222,.T.);
#1009=ADVANCED_FACE('',(#1534),#5223,.T.);
#1010=ADVANCED_FACE('',(#1535),#5224,.T.);
#1011=ADVANCED_FACE('',(#1536),#5225,.F.);
#1012=ADVANCED_FACE('',(#1537),#5226,.T.);
#1013=ADVANCED_FACE('',(#1538),#5227,.T.);
#1014=ADVANCED_FACE('',(#1539),#5228,.T.);
#1015=ADVANCED_FACE('',(#1540),#5229,.F.);
#1016=ADVANCED_FACE('',(#1541),#5230,.T.);
#1017=ADVANCED_FACE('',(#1542),#5231,.T.);
#1018=ADVANCED_FACE('',(#1543),#5232,.T.);
#1019=ADVANCED_FACE('',(#1544),#5233,.F.);
#1020=ADVANCED_FACE('',(#1545),#5234,.T.);
#1021=ADVANCED_FACE('',(#1546),#5235,.T.);
#1022=ADVANCED_FACE('',(#1547),#5236,.T.);
#1023=ADVANCED_FACE('',(#1548),#5237,.F.);
#1024=ADVANCED_FACE('',(#1549),#5238,.T.);
#1025=ADVANCED_FACE('',(#1550),#5239,.T.);
#1026=ADVANCED_FACE('',(#1551),#5240,.T.);
#1027=ADVANCED_FACE('',(#1552),#5241,.F.);
#1028=ADVANCED_FACE('',(#1553),#5242,.T.);
#1029=ADVANCED_FACE('',(#1554),#5243,.T.);
#1030=ADVANCED_FACE('',(#1555),#5244,.T.);
#1031=ADVANCED_FACE('',(#1556),#5245,.F.);
#1032=ADVANCED_FACE('',(#1557),#5246,.T.);
#1033=ADVANCED_FACE('',(#1558),#5247,.T.);
#1034=ADVANCED_FACE('',(#1559),#5248,.T.);
#1035=ADVANCED_FACE('',(#1560),#5249,.F.);
#1036=ADVANCED_FACE('',(#1561),#5250,.T.);
#1037=ADVANCED_FACE('',(#1562),#5251,.T.);
#1038=ADVANCED_FACE('',(#1563),#5252,.T.);
#1039=ADVANCED_FACE('',(#1564),#5253,.F.);
#1040=ADVANCED_FACE('',(#1565),#5254,.T.);
#1041=ADVANCED_FACE('',(#1566),#5255,.T.);
#1042=ADVANCED_FACE('',(#1567),#5256,.T.);
#1043=ADVANCED_FACE('',(#1568),#5257,.F.);
#1044=ADVANCED_FACE('',(#1569),#5258,.T.);
#1045=ADVANCED_FACE('',(#1570),#5259,.T.);
#1046=ADVANCED_FACE('',(#1571),#5260,.T.);
#1047=ADVANCED_FACE('',(#1572),#5261,.F.);
#1048=ADVANCED_FACE('',(#1573),#5262,.T.);
#1049=ADVANCED_FACE('',(#1574),#5263,.T.);
#1050=ADVANCED_FACE('',(#1575),#5264,.T.);
#1051=ADVANCED_FACE('',(#1576),#5265,.F.);
#1052=ADVANCED_FACE('',(#1577),#5266,.T.);
#1053=ADVANCED_FACE('',(#1578),#5267,.T.);
#1054=ADVANCED_FACE('',(#1579),#5268,.T.);
#1055=ADVANCED_FACE('',(#1580),#5269,.F.);
#1056=ADVANCED_FACE('',(#1581),#5270,.T.);
#1057=ADVANCED_FACE('',(#1582),#5271,.T.);
#1058=ADVANCED_FACE('',(#1583),#5272,.T.);
#1059=ADVANCED_FACE('',(#1584),#5273,.F.);
#1060=ADVANCED_FACE('',(#1585),#5274,.T.);
#1061=ADVANCED_FACE('',(#1586),#5275,.T.);
#1062=ADVANCED_FACE('',(#1587),#5276,.T.);
#1063=ADVANCED_FACE('',(#1588),#5277,.F.);
#1064=ADVANCED_FACE('',(#1589),#5278,.T.);
#1065=ADVANCED_FACE('',(#1590),#5279,.T.);
#1066=ADVANCED_FACE('',(#1591),#5280,.T.);
#1067=ADVANCED_FACE('',(#1592),#5281,.F.);
#1068=ADVANCED_FACE('',(#1593),#5282,.T.);
#1069=ADVANCED_FACE('',(#1594),#5283,.T.);
#1070=ADVANCED_FACE('',(#1595),#5284,.T.);
#1071=ADVANCED_FACE('',(#1596),#5285,.F.);
#1072=ADVANCED_FACE('',(#1597),#5286,.T.);
#1073=ADVANCED_FACE('',(#1598),#5287,.T.);
#1074=ADVANCED_FACE('',(#1599),#5288,.T.);
#1075=ADVANCED_FACE('',(#1600),#5289,.F.);
#1076=ADVANCED_FACE('',(#1601),#5290,.T.);
#1077=ADVANCED_FACE('',(#1602),#5291,.T.);
#1078=ADVANCED_FACE('',(#1603),#5292,.T.);
#1079=ADVANCED_FACE('',(#1604),#5293,.F.);
#1080=ADVANCED_FACE('',(#1605),#5294,.T.);
#1081=ADVANCED_FACE('',(#1606),#5295,.T.);
#1082=ADVANCED_FACE('',(#1607),#5296,.T.);
#1083=ADVANCED_FACE('',(#1608),#5297,.F.);
#1084=ADVANCED_FACE('',(#1609),#5298,.T.);
#1085=ADVANCED_FACE('',(#1610),#5299,.T.);
#1086=ADVANCED_FACE('',(#1611),#5300,.T.);
#1087=ADVANCED_FACE('',(#1612),#5301,.F.);
#1088=FACE_OUTER_BOUND('',#1613,.T.);
#1089=FACE_OUTER_BOUND('',#1614,.T.);
#1090=FACE_OUTER_BOUND('',#1615,.T.);
#1091=FACE_OUTER_BOUND('',#1616,.T.);
#1092=FACE_OUTER_BOUND('',#1617,.T.);
#1093=FACE_OUTER_BOUND('',#1618,.T.);
#1094=FACE_OUTER_BOUND('',#1619,.T.);
#1095=FACE_OUTER_BOUND('',#1620,.T.);
#1096=FACE_OUTER_BOUND('',#1621,.T.);
#1097=FACE_OUTER_BOUND('',#1622,.T.);
#1098=FACE_OUTER_BOUND('',#1623,.T.);
#1099=FACE_OUTER_BOUND('',#1624,.T.);
#1100=FACE_OUTER_BOUND('',#1625,.T.);
#1101=FACE_OUTER_BOUND('',#1626,.T.);
#1102=FACE_OUTER_BOUND('',#1627,.T.);
#1103=FACE_OUTER_BOUND('',#1628,.T.);
#1104=FACE_OUTER_BOUND('',#1629,.T.);
#1105=FACE_OUTER_BOUND('',#1630,.T.);
#1106=FACE_OUTER_BOUND('',#1631,.T.);
#1107=FACE_OUTER_BOUND('',#1632,.T.);
#1108=FACE_OUTER_BOUND('',#1633,.T.);
#1109=FACE_OUTER_BOUND('',#1634,.T.);
#1110=FACE_OUTER_BOUND('',#1635,.T.);
#1111=FACE_OUTER_BOUND('',#1636,.T.);
#1112=FACE_OUTER_BOUND('',#1637,.T.);
#1113=FACE_OUTER_BOUND('',#1638,.T.);
#1114=FACE_OUTER_BOUND('',#1639,.T.);
#1115=FACE_OUTER_BOUND('',#1640,.T.);
#1116=FACE_OUTER_BOUND('',#1641,.T.);
#1117=FACE_OUTER_BOUND('',#1642,.T.);
#1118=FACE_OUTER_BOUND('',#1643,.T.);
#1119=FACE_OUTER_BOUND('',#1644,.T.);
#1120=FACE_OUTER_BOUND('',#1645,.T.);
#1121=FACE_OUTER_BOUND('',#1646,.T.);
#1122=FACE_OUTER_BOUND('',#1647,.T.);
#1123=FACE_OUTER_BOUND('',#1648,.T.);
#1124=FACE_OUTER_BOUND('',#1649,.T.);
#1125=FACE_OUTER_BOUND('',#1650,.T.);
#1126=FACE_OUTER_BOUND('',#1651,.T.);
#1127=FACE_OUTER_BOUND('',#1652,.T.);
#1128=FACE_OUTER_BOUND('',#1653,.T.);
#1129=FACE_OUTER_BOUND('',#1654,.T.);
#1130=FACE_OUTER_BOUND('',#1655,.T.);
#1131=FACE_OUTER_BOUND('',#1656,.T.);
#1132=FACE_OUTER_BOUND('',#1657,.T.);
#1133=FACE_OUTER_BOUND('',#1658,.T.);
#1134=FACE_OUTER_BOUND('',#1659,.T.);
#1135=FACE_OUTER_BOUND('',#1660,.T.);
#1136=FACE_OUTER_BOUND('',#1661,.T.);
#1137=FACE_OUTER_BOUND('',#1662,.T.);
#1138=FACE_OUTER_BOUND('',#1663,.T.);
#1139=FACE_OUTER_BOUND('',#1664,.T.);
#1140=FACE_OUTER_BOUND('',#1665,.T.);
#1141=FACE_OUTER_BOUND('',#1666,.T.);
#1142=FACE_OUTER_BOUND('',#1667,.T.);
#1143=FACE_OUTER_BOUND('',#1668,.T.);
#1144=FACE_OUTER_BOUND('',#1669,.T.);
#1145=FACE_OUTER_BOUND('',#1670,.T.);
#1146=FACE_OUTER_BOUND('',#1671,.T.);
#1147=FACE_OUTER_BOUND('',#1672,.T.);
#1148=FACE_OUTER_BOUND('',#1673,.T.);
#1149=FACE_OUTER_BOUND('',#1674,.T.);
#1150=FACE_OUTER_BOUND('',#1675,.T.);
#1151=FACE_OUTER_BOUND('',#1676,.T.);
#1152=FACE_OUTER_BOUND('',#1677,.T.);
#1153=FACE_OUTER_BOUND('',#1678,.T.);
#1154=FACE_OUTER_BOUND('',#1679,.T.);
#1155=FACE_OUTER_BOUND('',#1680,.T.);
#1156=FACE_OUTER_BOUND('',#1681,.T.);
#1157=FACE_OUTER_BOUND('',#1682,.T.);
#1158=FACE_OUTER_BOUND('',#1683,.T.);
#1159=FACE_OUTER_BOUND('',#1684,.T.);
#1160=FACE_OUTER_BOUND('',#1685,.T.);
#1161=FACE_OUTER_BOUND('',#1686,.T.);
#1162=FACE_OUTER_BOUND('',#1687,.T.);
#1163=FACE_OUTER_BOUND('',#1688,.T.);
#1164=FACE_OUTER_BOUND('',#1689,.T.);
#1165=FACE_OUTER_BOUND('',#1690,.T.);
#1166=FACE_OUTER_BOUND('',#1691,.T.);
#1167=FACE_OUTER_BOUND('',#1692,.T.);
#1168=FACE_OUTER_BOUND('',#1693,.T.);
#1169=FACE_OUTER_BOUND('',#1694,.T.);
#1170=FACE_OUTER_BOUND('',#1695,.T.);
#1171=FACE_OUTER_BOUND('',#1696,.T.);
#1172=FACE_OUTER_BOUND('',#1697,.T.);
#1173=FACE_OUTER_BOUND('',#1698,.T.);
#1174=FACE_OUTER_BOUND('',#1699,.T.);
#1175=FACE_OUTER_BOUND('',#1700,.T.);
#1176=FACE_OUTER_BOUND('',#1701,.T.);
#1177=FACE_OUTER_BOUND('',#1702,.T.);
#1178=FACE_OUTER_BOUND('',#1703,.T.);
#1179=FACE_OUTER_BOUND('',#1704,.T.);
#1180=FACE_OUTER_BOUND('',#1705,.T.);
#1181=FACE_OUTER_BOUND('',#1706,.T.);
#1182=FACE_OUTER_BOUND('',#1707,.T.);
#1183=FACE_OUTER_BOUND('',#1708,.T.);
#1184=FACE_OUTER_BOUND('',#1709,.T.);
#1185=FACE_OUTER_BOUND('',#1710,.T.);
#1186=FACE_OUTER_BOUND('',#1711,.T.);
#1187=FACE_OUTER_BOUND('',#1712,.T.);
#1188=FACE_OUTER_BOUND('',#1713,.T.);
#1189=FACE_OUTER_BOUND('',#1714,.T.);
#1190=FACE_OUTER_BOUND('',#1715,.T.);
#1191=FACE_OUTER_BOUND('',#1716,.T.);
#1192=FACE_OUTER_BOUND('',#1717,.T.);
#1193=FACE_OUTER_BOUND('',#1718,.T.);
#1194=FACE_OUTER_BOUND('',#1719,.T.);
#1195=FACE_OUTER_BOUND('',#1720,.T.);
#1196=FACE_OUTER_BOUND('',#1721,.T.);
#1197=FACE_OUTER_BOUND('',#1722,.T.);
#1198=FACE_OUTER_BOUND('',#1723,.T.);
#1199=FACE_OUTER_BOUND('',#1724,.T.);
#1200=FACE_OUTER_BOUND('',#1725,.T.);
#1201=FACE_OUTER_BOUND('',#1726,.T.);
#1202=FACE_OUTER_BOUND('',#1727,.T.);
#1203=FACE_OUTER_BOUND('',#1728,.T.);
#1204=FACE_OUTER_BOUND('',#1729,.T.);
#1205=FACE_OUTER_BOUND('',#1730,.T.);
#1206=FACE_OUTER_BOUND('',#1731,.T.);
#1207=FACE_OUTER_BOUND('',#1732,.T.);
#1208=FACE_OUTER_BOUND('',#1733,.T.);
#1209=FACE_OUTER_BOUND('',#1734,.T.);
#1210=FACE_OUTER_BOUND('',#1735,.T.);
#1211=FACE_OUTER_BOUND('',#1736,.T.);
#1212=FACE_OUTER_BOUND('',#1737,.T.);
#1213=FACE_OUTER_BOUND('',#1738,.T.);
#1214=FACE_OUTER_BOUND('',#1739,.T.);
#1215=FACE_OUTER_BOUND('',#1740,.T.);
#1216=FACE_OUTER_BOUND('',#1741,.T.);
#1217=FACE_OUTER_BOUND('',#1742,.T.);
#1218=FACE_OUTER_BOUND('',#1743,.T.);
#1219=FACE_OUTER_BOUND('',#1744,.T.);
#1220=FACE_OUTER_BOUND('',#1745,.T.);
#1221=FACE_OUTER_BOUND('',#1746,.T.);
#1222=FACE_OUTER_BOUND('',#1747,.T.);
#1223=FACE_OUTER_BOUND('',#1748,.T.);
#1224=FACE_OUTER_BOUND('',#1749,.T.);
#1225=FACE_OUTER_BOUND('',#1750,.T.);
#1226=FACE_OUTER_BOUND('',#1751,.T.);
#1227=FACE_OUTER_BOUND('',#1752,.T.);
#1228=FACE_OUTER_BOUND('',#1753,.T.);
#1229=FACE_OUTER_BOUND('',#1754,.T.);
#1230=FACE_OUTER_BOUND('',#1755,.T.);
#1231=FACE_OUTER_BOUND('',#1756,.T.);
#1232=FACE_OUTER_BOUND('',#1757,.T.);
#1233=FACE_OUTER_BOUND('',#1758,.T.);
#1234=FACE_OUTER_BOUND('',#1759,.T.);
#1235=FACE_OUTER_BOUND('',#1760,.T.);
#1236=FACE_OUTER_BOUND('',#1761,.T.);
#1237=FACE_OUTER_BOUND('',#1762,.T.);
#1238=FACE_OUTER_BOUND('',#1763,.T.);
#1239=FACE_OUTER_BOUND('',#1764,.T.);
#1240=FACE_OUTER_BOUND('',#1765,.T.);
#1241=FACE_OUTER_BOUND('',#1766,.T.);
#1242=FACE_OUTER_BOUND('',#1767,.T.);
#1243=FACE_OUTER_BOUND('',#1768,.T.);
#1244=FACE_OUTER_BOUND('',#1769,.T.);
#1245=FACE_OUTER_BOUND('',#1770,.T.);
#1246=FACE_OUTER_BOUND('',#1771,.T.);
#1247=FACE_OUTER_BOUND('',#1772,.T.);
#1248=FACE_OUTER_BOUND('',#1773,.T.);
#1249=FACE_OUTER_BOUND('',#1774,.T.);
#1250=FACE_OUTER_BOUND('',#1775,.T.);
#1251=FACE_OUTER_BOUND('',#1776,.T.);
#1252=FACE_OUTER_BOUND('',#1777,.T.);
#1253=FACE_OUTER_BOUND('',#1778,.T.);
#1254=FACE_OUTER_BOUND('',#1779,.T.);
#1255=FACE_OUTER_BOUND('',#1780,.T.);
#1256=FACE_OUTER_BOUND('',#1781,.T.);
#1257=FACE_OUTER_BOUND('',#1782,.T.);
#1258=FACE_OUTER_BOUND('',#1783,.T.);
#1259=FACE_OUTER_BOUND('',#1784,.T.);
#1260=FACE_OUTER_BOUND('',#1785,.T.);
#1261=FACE_OUTER_BOUND('',#1786,.T.);
#1262=FACE_OUTER_BOUND('',#1787,.T.);
#1263=FACE_OUTER_BOUND('',#1788,.T.);
#1264=FACE_OUTER_BOUND('',#1789,.T.);
#1265=FACE_OUTER_BOUND('',#1790,.T.);
#1266=FACE_OUTER_BOUND('',#1791,.T.);
#1267=FACE_OUTER_BOUND('',#1792,.T.);
#1268=FACE_OUTER_BOUND('',#1793,.T.);
#1269=FACE_OUTER_BOUND('',#1794,.T.);
#1270=FACE_OUTER_BOUND('',#1795,.T.);
#1271=FACE_OUTER_BOUND('',#1796,.T.);
#1272=FACE_OUTER_BOUND('',#1797,.T.);
#1273=FACE_OUTER_BOUND('',#1798,.T.);
#1274=FACE_OUTER_BOUND('',#1799,.T.);
#1275=FACE_OUTER_BOUND('',#1800,.T.);
#1276=FACE_OUTER_BOUND('',#1801,.T.);
#1277=FACE_OUTER_BOUND('',#1802,.T.);
#1278=FACE_OUTER_BOUND('',#1803,.T.);
#1279=FACE_OUTER_BOUND('',#1804,.T.);
#1280=FACE_OUTER_BOUND('',#1805,.T.);
#1281=FACE_OUTER_BOUND('',#1806,.T.);
#1282=FACE_OUTER_BOUND('',#1807,.T.);
#1283=FACE_OUTER_BOUND('',#1808,.T.);
#1284=FACE_OUTER_BOUND('',#1809,.T.);
#1285=FACE_OUTER_BOUND('',#1810,.T.);
#1286=FACE_OUTER_BOUND('',#1811,.T.);
#1287=FACE_OUTER_BOUND('',#1812,.T.);
#1288=FACE_OUTER_BOUND('',#1813,.T.);
#1289=FACE_OUTER_BOUND('',#1814,.T.);
#1290=FACE_OUTER_BOUND('',#1815,.T.);
#1291=FACE_OUTER_BOUND('',#1816,.T.);
#1292=FACE_OUTER_BOUND('',#1817,.T.);
#1293=FACE_OUTER_BOUND('',#1818,.T.);
#1294=FACE_OUTER_BOUND('',#1819,.T.);
#1295=FACE_OUTER_BOUND('',#1820,.T.);
#1296=FACE_OUTER_BOUND('',#1821,.T.);
#1297=FACE_OUTER_BOUND('',#1822,.T.);
#1298=FACE_OUTER_BOUND('',#1823,.T.);
#1299=FACE_OUTER_BOUND('',#1824,.T.);
#1300=FACE_OUTER_BOUND('',#1825,.T.);
#1301=FACE_OUTER_BOUND('',#1826,.T.);
#1302=FACE_OUTER_BOUND('',#1827,.T.);
#1303=FACE_OUTER_BOUND('',#1828,.T.);
#1304=FACE_OUTER_BOUND('',#1829,.T.);
#1305=FACE_OUTER_BOUND('',#1830,.T.);
#1306=FACE_OUTER_BOUND('',#1831,.T.);
#1307=FACE_OUTER_BOUND('',#1832,.T.);
#1308=FACE_OUTER_BOUND('',#1833,.T.);
#1309=FACE_OUTER_BOUND('',#1834,.T.);
#1310=FACE_OUTER_BOUND('',#1835,.T.);
#1311=FACE_OUTER_BOUND('',#1836,.T.);
#1312=FACE_OUTER_BOUND('',#1837,.T.);
#1313=FACE_OUTER_BOUND('',#1838,.T.);
#1314=FACE_OUTER_BOUND('',#1839,.T.);
#1315=FACE_OUTER_BOUND('',#1840,.T.);
#1316=FACE_OUTER_BOUND('',#1841,.T.);
#1317=FACE_OUTER_BOUND('',#1842,.T.);
#1318=FACE_OUTER_BOUND('',#1843,.T.);
#1319=FACE_OUTER_BOUND('',#1844,.T.);
#1320=FACE_OUTER_BOUND('',#1845,.T.);
#1321=FACE_OUTER_BOUND('',#1846,.T.);
#1322=FACE_OUTER_BOUND('',#1847,.T.);
#1323=FACE_OUTER_BOUND('',#1848,.T.);
#1324=FACE_OUTER_BOUND('',#1849,.T.);
#1325=FACE_OUTER_BOUND('',#1850,.T.);
#1326=FACE_OUTER_BOUND('',#1851,.T.);
#1327=FACE_OUTER_BOUND('',#1852,.T.);
#1328=FACE_OUTER_BOUND('',#1853,.T.);
#1329=FACE_OUTER_BOUND('',#1854,.T.);
#1330=FACE_OUTER_BOUND('',#1855,.T.);
#1331=FACE_OUTER_BOUND('',#1856,.T.);
#1332=FACE_OUTER_BOUND('',#1857,.T.);
#1333=FACE_OUTER_BOUND('',#1858,.T.);
#1334=FACE_OUTER_BOUND('',#1859,.T.);
#1335=FACE_OUTER_BOUND('',#1860,.T.);
#1336=FACE_OUTER_BOUND('',#1861,.T.);
#1337=FACE_OUTER_BOUND('',#1862,.T.);
#1338=FACE_OUTER_BOUND('',#1863,.T.);
#1339=FACE_OUTER_BOUND('',#1864,.T.);
#1340=FACE_OUTER_BOUND('',#1865,.T.);
#1341=FACE_OUTER_BOUND('',#1866,.T.);
#1342=FACE_OUTER_BOUND('',#1867,.T.);
#1343=FACE_OUTER_BOUND('',#1868,.T.);
#1344=FACE_OUTER_BOUND('',#1869,.T.);
#1345=FACE_OUTER_BOUND('',#1870,.T.);
#1346=FACE_OUTER_BOUND('',#1871,.T.);
#1347=FACE_OUTER_BOUND('',#1872,.T.);
#1348=FACE_OUTER_BOUND('',#1873,.T.);
#1349=FACE_OUTER_BOUND('',#1874,.T.);
#1350=FACE_OUTER_BOUND('',#1875,.T.);
#1351=FACE_OUTER_BOUND('',#1876,.T.);
#1352=FACE_OUTER_BOUND('',#1877,.T.);
#1353=FACE_OUTER_BOUND('',#1878,.T.);
#1354=FACE_OUTER_BOUND('',#1879,.T.);
#1355=FACE_OUTER_BOUND('',#1880,.T.);
#1356=FACE_OUTER_BOUND('',#1881,.T.);
#1357=FACE_OUTER_BOUND('',#1882,.T.);
#1358=FACE_OUTER_BOUND('',#1883,.T.);
#1359=FACE_OUTER_BOUND('',#1884,.T.);
#1360=FACE_OUTER_BOUND('',#1885,.T.);
#1361=FACE_OUTER_BOUND('',#1886,.T.);
#1362=FACE_OUTER_BOUND('',#1887,.T.);
#1363=FACE_OUTER_BOUND('',#1888,.T.);
#1364=FACE_OUTER_BOUND('',#1889,.T.);
#1365=FACE_OUTER_BOUND('',#1890,.T.);
#1366=FACE_OUTER_BOUND('',#1891,.T.);
#1367=FACE_OUTER_BOUND('',#1892,.T.);
#1368=FACE_OUTER_BOUND('',#1893,.T.);
#1369=FACE_OUTER_BOUND('',#1894,.T.);
#1370=FACE_OUTER_BOUND('',#1895,.T.);
#1371=FACE_OUTER_BOUND('',#1896,.T.);
#1372=FACE_OUTER_BOUND('',#1897,.T.);
#1373=FACE_OUTER_BOUND('',#1898,.T.);
#1374=FACE_OUTER_BOUND('',#1899,.T.);
#1375=FACE_OUTER_BOUND('',#1900,.T.);
#1376=FACE_OUTER_BOUND('',#1901,.T.);
#1377=FACE_OUTER_BOUND('',#1902,.T.);
#1378=FACE_OUTER_BOUND('',#1903,.T.);
#1379=FACE_OUTER_BOUND('',#1904,.T.);
#1380=FACE_OUTER_BOUND('',#1905,.T.);
#1381=FACE_OUTER_BOUND('',#1906,.T.);
#1382=FACE_OUTER_BOUND('',#1907,.T.);
#1383=FACE_OUTER_BOUND('',#1908,.T.);
#1384=FACE_OUTER_BOUND('',#1909,.T.);
#1385=FACE_OUTER_BOUND('',#1910,.T.);
#1386=FACE_OUTER_BOUND('',#1911,.T.);
#1387=FACE_OUTER_BOUND('',#1912,.T.);
#1388=FACE_OUTER_BOUND('',#1913,.T.);
#1389=FACE_OUTER_BOUND('',#1914,.T.);
#1390=FACE_OUTER_BOUND('',#1915,.T.);
#1391=FACE_OUTER_BOUND('',#1916,.T.);
#1392=FACE_OUTER_BOUND('',#1917,.T.);
#1393=FACE_OUTER_BOUND('',#1918,.T.);
#1394=FACE_OUTER_BOUND('',#1919,.T.);
#1395=FACE_OUTER_BOUND('',#1920,.T.);
#1396=FACE_OUTER_BOUND('',#1921,.T.);
#1397=FACE_OUTER_BOUND('',#1922,.T.);
#1398=FACE_OUTER_BOUND('',#1923,.T.);
#1399=FACE_OUTER_BOUND('',#1924,.T.);
#1400=FACE_OUTER_BOUND('',#1925,.T.);
#1401=FACE_OUTER_BOUND('',#1926,.T.);
#1402=FACE_OUTER_BOUND('',#1927,.T.);
#1403=FACE_OUTER_BOUND('',#1928,.T.);
#1404=FACE_OUTER_BOUND('',#1929,.T.);
#1405=FACE_OUTER_BOUND('',#1930,.T.);
#1406=FACE_OUTER_BOUND('',#1931,.T.);
#1407=FACE_OUTER_BOUND('',#1932,.T.);
#1408=FACE_OUTER_BOUND('',#1933,.T.);
#1409=FACE_OUTER_BOUND('',#1934,.T.);
#1410=FACE_OUTER_BOUND('',#1935,.T.);
#1411=FACE_OUTER_BOUND('',#1936,.T.);
#1412=FACE_OUTER_BOUND('',#1937,.T.);
#1413=FACE_OUTER_BOUND('',#1938,.T.);
#1414=FACE_OUTER_BOUND('',#1939,.T.);
#1415=FACE_OUTER_BOUND('',#1940,.T.);
#1416=FACE_OUTER_BOUND('',#1941,.T.);
#1417=FACE_OUTER_BOUND('',#1942,.T.);
#1418=FACE_OUTER_BOUND('',#1943,.T.);
#1419=FACE_OUTER_BOUND('',#1944,.T.);
#1420=FACE_OUTER_BOUND('',#1945,.T.);
#1421=FACE_OUTER_BOUND('',#1946,.T.);
#1422=FACE_OUTER_BOUND('',#1947,.T.);
#1423=FACE_OUTER_BOUND('',#1948,.T.);
#1424=FACE_OUTER_BOUND('',#1949,.T.);
#1425=FACE_OUTER_BOUND('',#1950,.T.);
#1426=FACE_OUTER_BOUND('',#1951,.T.);
#1427=FACE_OUTER_BOUND('',#1952,.T.);
#1428=FACE_OUTER_BOUND('',#1953,.T.);
#1429=FACE_OUTER_BOUND('',#1954,.T.);
#1430=FACE_OUTER_BOUND('',#1955,.T.);
#1431=FACE_OUTER_BOUND('',#1956,.T.);
#1432=FACE_OUTER_BOUND('',#1957,.T.);
#1433=FACE_OUTER_BOUND('',#1958,.T.);
#1434=FACE_OUTER_BOUND('',#1959,.T.);
#1435=FACE_OUTER_BOUND('',#1960,.T.);
#1436=FACE_OUTER_BOUND('',#1961,.T.);
#1437=FACE_OUTER_BOUND('',#1962,.T.);
#1438=FACE_OUTER_BOUND('',#1963,.T.);
#1439=FACE_OUTER_BOUND('',#1964,.T.);
#1440=FACE_OUTER_BOUND('',#1965,.T.);
#1441=FACE_OUTER_BOUND('',#1966,.T.);
#1442=FACE_OUTER_BOUND('',#1967,.T.);
#1443=FACE_OUTER_BOUND('',#1968,.T.);
#1444=FACE_OUTER_BOUND('',#1969,.T.);
#1445=FACE_OUTER_BOUND('',#1970,.T.);
#1446=FACE_OUTER_BOUND('',#1971,.T.);
#1447=FACE_OUTER_BOUND('',#1972,.T.);
#1448=FACE_OUTER_BOUND('',#1973,.T.);
#1449=FACE_OUTER_BOUND('',#1974,.T.);
#1450=FACE_OUTER_BOUND('',#1975,.T.);
#1451=FACE_OUTER_BOUND('',#1976,.T.);
#1452=FACE_OUTER_BOUND('',#1977,.T.);
#1453=FACE_OUTER_BOUND('',#1978,.T.);
#1454=FACE_OUTER_BOUND('',#1979,.T.);
#1455=FACE_OUTER_BOUND('',#1980,.T.);
#1456=FACE_OUTER_BOUND('',#1981,.T.);
#1457=FACE_OUTER_BOUND('',#1982,.T.);
#1458=FACE_OUTER_BOUND('',#1983,.T.);
#1459=FACE_OUTER_BOUND('',#1984,.T.);
#1460=FACE_OUTER_BOUND('',#1985,.T.);
#1461=FACE_OUTER_BOUND('',#1986,.T.);
#1462=FACE_OUTER_BOUND('',#1987,.T.);
#1463=FACE_OUTER_BOUND('',#1988,.T.);
#1464=FACE_OUTER_BOUND('',#1989,.T.);
#1465=FACE_OUTER_BOUND('',#1990,.T.);
#1466=FACE_OUTER_BOUND('',#1991,.T.);
#1467=FACE_OUTER_BOUND('',#1992,.T.);
#1468=FACE_OUTER_BOUND('',#1993,.T.);
#1469=FACE_OUTER_BOUND('',#1994,.T.);
#1470=FACE_OUTER_BOUND('',#1995,.T.);
#1471=FACE_OUTER_BOUND('',#1996,.T.);
#1472=FACE_OUTER_BOUND('',#1997,.T.);
#1473=FACE_OUTER_BOUND('',#1998,.T.);
#1474=FACE_OUTER_BOUND('',#1999,.T.);
#1475=FACE_OUTER_BOUND('',#2000,.T.);
#1476=FACE_OUTER_BOUND('',#2001,.T.);
#1477=FACE_OUTER_BOUND('',#2002,.T.);
#1478=FACE_OUTER_BOUND('',#2003,.T.);
#1479=FACE_OUTER_BOUND('',#2004,.T.);
#1480=FACE_OUTER_BOUND('',#2005,.T.);
#1481=FACE_OUTER_BOUND('',#2006,.T.);
#1482=FACE_OUTER_BOUND('',#2007,.T.);
#1483=FACE_OUTER_BOUND('',#2008,.T.);
#1484=FACE_OUTER_BOUND('',#2009,.T.);
#1485=FACE_OUTER_BOUND('',#2010,.T.);
#1486=FACE_OUTER_BOUND('',#2011,.T.);
#1487=FACE_OUTER_BOUND('',#2012,.T.);
#1488=FACE_OUTER_BOUND('',#2013,.T.);
#1489=FACE_OUTER_BOUND('',#2014,.T.);
#1490=FACE_OUTER_BOUND('',#2015,.T.);
#1491=FACE_OUTER_BOUND('',#2016,.T.);
#1492=FACE_OUTER_BOUND('',#2017,.T.);
#1493=FACE_OUTER_BOUND('',#2018,.T.);
#1494=FACE_OUTER_BOUND('',#2019,.T.);
#1495=FACE_OUTER_BOUND('',#2020,.T.);
#1496=FACE_OUTER_BOUND('',#2021,.T.);
#1497=FACE_OUTER_BOUND('',#2022,.T.);
#1498=FACE_OUTER_BOUND('',#2023,.T.);
#1499=FACE_OUTER_BOUND('',#2024,.T.);
#1500=FACE_OUTER_BOUND('',#2025,.T.);
#1501=FACE_OUTER_BOUND('',#2026,.T.);
#1502=FACE_OUTER_BOUND('',#2027,.T.);
#1503=FACE_OUTER_BOUND('',#2028,.T.);
#1504=FACE_OUTER_BOUND('',#2029,.T.);
#1505=FACE_OUTER_BOUND('',#2030,.T.);
#1506=FACE_OUTER_BOUND('',#2031,.T.);
#1507=FACE_OUTER_BOUND('',#2032,.T.);
#1508=FACE_OUTER_BOUND('',#2033,.T.);
#1509=FACE_OUTER_BOUND('',#2034,.T.);
#1510=FACE_OUTER_BOUND('',#2035,.T.);
#1511=FACE_OUTER_BOUND('',#2036,.T.);
#1512=FACE_OUTER_BOUND('',#2037,.T.);
#1513=FACE_OUTER_BOUND('',#2038,.T.);
#1514=FACE_OUTER_BOUND('',#2039,.T.);
#1515=FACE_OUTER_BOUND('',#2040,.T.);
#1516=FACE_OUTER_BOUND('',#2041,.T.);
#1517=FACE_OUTER_BOUND('',#2042,.T.);
#1518=FACE_OUTER_BOUND('',#2043,.T.);
#1519=FACE_OUTER_BOUND('',#2044,.T.);
#1520=FACE_OUTER_BOUND('',#2045,.T.);
#1521=FACE_OUTER_BOUND('',#2046,.T.);
#1522=FACE_OUTER_BOUND('',#2047,.T.);
#1523=FACE_OUTER_BOUND('',#2048,.T.);
#1524=FACE_OUTER_BOUND('',#2049,.T.);
#1525=FACE_OUTER_BOUND('',#2050,.T.);
#1526=FACE_OUTER_BOUND('',#2051,.T.);
#1527=FACE_OUTER_BOUND('',#2052,.T.);
#1528=FACE_OUTER_BOUND('',#2053,.T.);
#1529=FACE_OUTER_BOUND('',#2054,.T.);
#1530=FACE_OUTER_BOUND('',#2055,.T.);
#1531=FACE_OUTER_BOUND('',#2056,.T.);
#1532=FACE_OUTER_BOUND('',#2057,.T.);
#1533=FACE_OUTER_BOUND('',#2058,.T.);
#1534=FACE_OUTER_BOUND('',#2059,.T.);
#1535=FACE_OUTER_BOUND('',#2060,.T.);
#1536=FACE_OUTER_BOUND('',#2061,.T.);
#1537=FACE_OUTER_BOUND('',#2062,.T.);
#1538=FACE_OUTER_BOUND('',#2063,.T.);
#1539=FACE_OUTER_BOUND('',#2064,.T.);
#1540=FACE_OUTER_BOUND('',#2065,.T.);
#1541=FACE_OUTER_BOUND('',#2066,.T.);
#1542=FACE_OUTER_BOUND('',#2067,.T.);
#1543=FACE_OUTER_BOUND('',#2068,.T.);
#1544=FACE_OUTER_BOUND('',#2069,.T.);
#1545=FACE_OUTER_BOUND('',#2070,.T.);
#1546=FACE_OUTER_BOUND('',#2071,.T.);
#1547=FACE_OUTER_BOUND('',#2072,.T.);
#1548=FACE_OUTER_BOUND('',#2073,.T.);
#1549=FACE_OUTER_BOUND('',#2074,.T.);
#1550=FACE_OUTER_BOUND('',#2075,.T.);
#1551=FACE_OUTER_BOUND('',#2076,.T.);
#1552=FACE_OUTER_BOUND('',#2077,.T.);
#1553=FACE_OUTER_BOUND('',#2078,.T.);
#1554=FACE_OUTER_BOUND('',#2079,.T.);
#1555=FACE_OUTER_BOUND('',#2080,.T.);
#1556=FACE_OUTER_BOUND('',#2081,.T.);
#1557=FACE_OUTER_BOUND('',#2082,.T.);
#1558=FACE_OUTER_BOUND('',#2083,.T.);
#1559=FACE_OUTER_BOUND('',#2084,.T.);
#1560=FACE_OUTER_BOUND('',#2085,.T.);
#1561=FACE_OUTER_BOUND('',#2086,.T.);
#1562=FACE_OUTER_BOUND('',#2087,.T.);
#1563=FACE_OUTER_BOUND('',#2088,.T.);
#1564=FACE_OUTER_BOUND('',#2089,.T.);
#1565=FACE_OUTER_BOUND('',#2090,.T.);
#1566=FACE_OUTER_BOUND('',#2091,.T.);
#1567=FACE_OUTER_BOUND('',#2092,.T.);
#1568=FACE_OUTER_BOUND('',#2093,.T.);
#1569=FACE_OUTER_BOUND('',#2094,.T.);
#1570=FACE_OUTER_BOUND('',#2095,.T.);
#1571=FACE_OUTER_BOUND('',#2096,.T.);
#1572=FACE_OUTER_BOUND('',#2097,.T.);
#1573=FACE_OUTER_BOUND('',#2098,.T.);
#1574=FACE_OUTER_BOUND('',#2099,.T.);
#1575=FACE_OUTER_BOUND('',#2100,.T.);
#1576=FACE_OUTER_BOUND('',#2101,.T.);
#1577=FACE_OUTER_BOUND('',#2102,.T.);
#1578=FACE_OUTER_BOUND('',#2103,.T.);
#1579=FACE_OUTER_BOUND('',#2104,.T.);
#1580=FACE_OUTER_BOUND('',#2105,.T.);
#1581=FACE_OUTER_BOUND('',#2106,.T.);
#1582=FACE_OUTER_BOUND('',#2107,.T.);
#1583=FACE_OUTER_BOUND('',#2108,.T.);
#1584=FACE_OUTER_BOUND('',#2109,.T.);
#1585=FACE_OUTER_BOUND('',#2110,.T.);
#1586=FACE_OUTER_BOUND('',#2111,.T.);
#1587=FACE_OUTER_BOUND('',#2112,.T.);
#1588=FACE_OUTER_BOUND('',#2113,.T.);
#1589=FACE_OUTER_BOUND('',#2114,.T.);
#1590=FACE_OUTER_BOUND('',#2115,.T.);
#1591=FACE_OUTER_BOUND('',#2116,.T.);
#1592=FACE_OUTER_BOUND('',#2117,.T.);
#1593=FACE_OUTER_BOUND('',#2118,.T.);
#1594=FACE_OUTER_BOUND('',#2119,.T.);
#1595=FACE_OUTER_BOUND('',#2120,.T.);
#1596=FACE_OUTER_BOUND('',#2121,.T.);
#1597=FACE_OUTER_BOUND('',#2122,.T.);
#1598=FACE_OUTER_BOUND('',#2123,.T.);
#1599=FACE_OUTER_BOUND('',#2124,.T.);
#1600=FACE_OUTER_BOUND('',#2125,.T.);
#1601=FACE_OUTER_BOUND('',#2126,.T.);
#1602=FACE_OUTER_BOUND('',#2127,.T.);
#1603=FACE_OUTER_BOUND('',#2128,.T.);
#1604=FACE_OUTER_BOUND('',#2129,.T.);
#1605=FACE_OUTER_BOUND('',#2130,.T.);
#1606=FACE_OUTER_BOUND('',#2131,.T.);
#1607=FACE_OUTER_BOUND('',#2132,.T.);
#1608=FACE_OUTER_BOUND('',#2133,.T.);
#1609=FACE_OUTER_BOUND('',#2134,.T.);
#1610=FACE_OUTER_BOUND('',#2135,.T.);
#1611=FACE_OUTER_BOUND('',#2136,.T.);
#1612=FACE_OUTER_BOUND('',#2137,.T.);
#1613=EDGE_LOOP('',(#2138,#2139,#2140,#2141));
#1614=EDGE_LOOP('',(#2142,#2143,#2144,#2145));
#1615=EDGE_LOOP('',(#2146,#2147,#2148,#2149));
#1616=EDGE_LOOP('',(#2150,#2151,#2152,#2153));
#1617=EDGE_LOOP('',(#2154,#2155,#2156,#2157));
#1618=EDGE_LOOP('',(#2158,#2159,#2160,#2161));
#1619=EDGE_LOOP('',(#2162,#2163,#2164,#2165));
#1620=EDGE_LOOP('',(#2166,#2167,#2168,#2169));
#1621=EDGE_LOOP('',(#2170,#2171,#2172,#2173));
#1622=EDGE_LOOP('',(#2174,#2175,#2176,#2177));
#1623=EDGE_LOOP('',(#2178,#2179,#2180,#2181));
#1624=EDGE_LOOP('',(#2182,#2183,#2184,#2185));
#1625=EDGE_LOOP('',(#2186,#2187,#2188,#2189));
#1626=EDGE_LOOP('',(#2190,#2191,#2192,#2193));
#1627=EDGE_LOOP('',(#2194,#2195,#2196,#2197));
#1628=EDGE_LOOP('',(#2198,#2199,#2200,#2201));
#1629=EDGE_LOOP('',(#2202,#2203,#2204,#2205));
#1630=EDGE_LOOP('',(#2206,#2207,#2208,#2209));
#1631=EDGE_LOOP('',(#2210,#2211,#2212,#2213));
#1632=EDGE_LOOP('',(#2214,#2215,#2216,#2217));
#1633=EDGE_LOOP('',(#2218,#2219,#2220,#2221));
#1634=EDGE_LOOP('',(#2222,#2223,#2224,#2225));
#1635=EDGE_LOOP('',(#2226,#2227,#2228,#2229));
#1636=EDGE_LOOP('',(#2230,#2231,#2232,#2233));
#1637=EDGE_LOOP('',(#2234,#2235,#2236,#2237));
#1638=EDGE_LOOP('',(#2238,#2239,#2240,#2241));
#1639=EDGE_LOOP('',(#2242,#2243,#2244,#2245));
#1640=EDGE_LOOP('',(#2246,#2247,#2248,#2249));
#1641=EDGE_LOOP('',(#2250,#2251,#2252,#2253));
#1642=EDGE_LOOP('',(#2254,#2255,#2256,#2257));
#1643=EDGE_LOOP('',(#2258,#2259,#2260,#2261));
#1644=EDGE_LOOP('',(#2262,#2263,#2264,#2265));
#1645=EDGE_LOOP('',(#2266,#2267,#2268,#2269));
#1646=EDGE_LOOP('',(#2270,#2271,#2272,#2273));
#1647=EDGE_LOOP('',(#2274,#2275,#2276,#2277));
#1648=EDGE_LOOP('',(#2278,#2279,#2280,#2281));
#1649=EDGE_LOOP('',(#2282,#2283,#2284,#2285));
#1650=EDGE_LOOP('',(#2286,#2287,#2288,#2289));
#1651=EDGE_LOOP('',(#2290,#2291,#2292,#2293));
#1652=EDGE_LOOP('',(#2294,#2295,#2296,#2297));
#1653=EDGE_LOOP('',(#2298,#2299,#2300,#2301));
#1654=EDGE_LOOP('',(#2302,#2303,#2304,#2305));
#1655=EDGE_LOOP('',(#2306,#2307,#2308,#2309));
#1656=EDGE_LOOP('',(#2310,#2311,#2312,#2313));
#1657=EDGE_LOOP('',(#2314,#2315,#2316,#2317));
#1658=EDGE_LOOP('',(#2318,#2319,#2320,#2321));
#1659=EDGE_LOOP('',(#2322,#2323,#2324,#2325));
#1660=EDGE_LOOP('',(#2326,#2327,#2328,#2329));
#1661=EDGE_LOOP('',(#2330,#2331,#2332,#2333));
#1662=EDGE_LOOP('',(#2334,#2335,#2336,#2337));
#1663=EDGE_LOOP('',(#2338,#2339,#2340,#2341));
#1664=EDGE_LOOP('',(#2342,#2343,#2344,#2345));
#1665=EDGE_LOOP('',(#2346,#2347,#2348,#2349));
#1666=EDGE_LOOP('',(#2350,#2351,#2352,#2353));
#1667=EDGE_LOOP('',(#2354,#2355,#2356,#2357));
#1668=EDGE_LOOP('',(#2358,#2359,#2360,#2361));
#1669=EDGE_LOOP('',(#2362,#2363,#2364,#2365));
#1670=EDGE_LOOP('',(#2366,#2367,#2368,#2369));
#1671=EDGE_LOOP('',(#2370,#2371,#2372,#2373));
#1672=EDGE_LOOP('',(#2374,#2375,#2376,#2377));
#1673=EDGE_LOOP('',(#2378,#2379,#2380,#2381));
#1674=EDGE_LOOP('',(#2382,#2383,#2384,#2385));
#1675=EDGE_LOOP('',(#2386,#2387,#2388,#2389));
#1676=EDGE_LOOP('',(#2390,#2391,#2392,#2393));
#1677=EDGE_LOOP('',(#2394,#2395,#2396,#2397));
#1678=EDGE_LOOP('',(#2398,#2399,#2400,#2401));
#1679=EDGE_LOOP('',(#2402,#2403,#2404,#2405));
#1680=EDGE_LOOP('',(#2406,#2407,#2408,#2409));
#1681=EDGE_LOOP('',(#2410,#2411,#2412,#2413));
#1682=EDGE_LOOP('',(#2414,#2415,#2416,#2417));
#1683=EDGE_LOOP('',(#2418,#2419,#2420,#2421));
#1684=EDGE_LOOP('',(#2422,#2423,#2424,#2425));
#1685=EDGE_LOOP('',(#2426,#2427,#2428,#2429));
#1686=EDGE_LOOP('',(#2430,#2431,#2432,#2433));
#1687=EDGE_LOOP('',(#2434,#2435,#2436,#2437));
#1688=EDGE_LOOP('',(#2438,#2439,#2440,#2441));
#1689=EDGE_LOOP('',(#2442,#2443,#2444,#2445));
#1690=EDGE_LOOP('',(#2446,#2447,#2448,#2449));
#1691=EDGE_LOOP('',(#2450,#2451,#2452,#2453));
#1692=EDGE_LOOP('',(#2454,#2455,#2456,#2457));
#1693=EDGE_LOOP('',(#2458,#2459,#2460,#2461));
#1694=EDGE_LOOP('',(#2462,#2463,#2464,#2465));
#1695=EDGE_LOOP('',(#2466,#2467,#2468,#2469));
#1696=EDGE_LOOP('',(#2470,#2471,#2472,#2473));
#1697=EDGE_LOOP('',(#2474,#2475,#2476,#2477));
#1698=EDGE_LOOP('',(#2478,#2479,#2480,#2481));
#1699=EDGE_LOOP('',(#2482,#2483,#2484,#2485));
#1700=EDGE_LOOP('',(#2486,#2487,#2488,#2489));
#1701=EDGE_LOOP('',(#2490,#2491,#2492,#2493));
#1702=EDGE_LOOP('',(#2494,#2495,#2496,#2497));
#1703=EDGE_LOOP('',(#2498,#2499,#2500,#2501));
#1704=EDGE_LOOP('',(#2502,#2503,#2504,#2505));
#1705=EDGE_LOOP('',(#2506,#2507,#2508,#2509));
#1706=EDGE_LOOP('',(#2510,#2511,#2512,#2513));
#1707=EDGE_LOOP('',(#2514,#2515,#2516,#2517));
#1708=EDGE_LOOP('',(#2518,#2519,#2520,#2521));
#1709=EDGE_LOOP('',(#2522,#2523,#2524,#2525));
#1710=EDGE_LOOP('',(#2526,#2527,#2528,#2529));
#1711=EDGE_LOOP('',(#2530,#2531,#2532,#2533));
#1712=EDGE_LOOP('',(#2534,#2535,#2536,#2537));
#1713=EDGE_LOOP('',(#2538,#2539,#2540,#2541));
#1714=EDGE_LOOP('',(#2542,#2543,#2544,#2545));
#1715=EDGE_LOOP('',(#2546,#2547,#2548,#2549));
#1716=EDGE_LOOP('',(#2550,#2551,#2552,#2553));
#1717=EDGE_LOOP('',(#2554,#2555,#2556,#2557));
#1718=EDGE_LOOP('',(#2558,#2559,#2560,#2561));
#1719=EDGE_LOOP('',(#2562,#2563,#2564,#2565));
#1720=EDGE_LOOP('',(#2566,#2567,#2568,#2569));
#1721=EDGE_LOOP('',(#2570,#2571,#2572,#2573));
#1722=EDGE_LOOP('',(#2574,#2575,#2576,#2577));
#1723=EDGE_LOOP('',(#2578,#2579,#2580,#2581));
#1724=EDGE_LOOP('',(#2582,#2583,#2584,#2585));
#1725=EDGE_LOOP('',(#2586,#2587,#2588,#2589));
#1726=EDGE_LOOP('',(#2590,#2591,#2592,#2593));
#1727=EDGE_LOOP('',(#2594,#2595,#2596,#2597));
#1728=EDGE_LOOP('',(#2598,#2599,#2600,#2601));
#1729=EDGE_LOOP('',(#2602,#2603,#2604,#2605));
#1730=EDGE_LOOP('',(#2606,#2607,#2608,#2609));
#1731=EDGE_LOOP('',(#2610,#2611,#2612,#2613));
#1732=EDGE_LOOP('',(#2614,#2615,#2616,#2617));
#1733=EDGE_LOOP('',(#2618,#2619,#2620,#2621));
#1734=EDGE_LOOP('',(#2622,#2623,#2624,#2625));
#1735=EDGE_LOOP('',(#2626,#2627,#2628,#2629));
#1736=EDGE_LOOP('',(#2630,#2631,#2632,#2633));
#1737=EDGE_LOOP('',(#2634,#2635,#2636,#2637));
#1738=EDGE_LOOP('',(#2638,#2639,#2640,#2641));
#1739=EDGE_LOOP('',(#2642,#2643,#2644,#2645));
#1740=EDGE_LOOP('',(#2646,#2647,#2648,#2649));
#1741=EDGE_LOOP('',(#2650,#2651,#2652,#2653));
#1742=EDGE_LOOP('',(#2654,#2655,#2656,#2657));
#1743=EDGE_LOOP('',(#2658,#2659,#2660,#2661));
#1744=EDGE_LOOP('',(#2662,#2663,#2664,#2665));
#1745=EDGE_LOOP('',(#2666,#2667,#2668,#2669));
#1746=EDGE_LOOP('',(#2670,#2671,#2672,#2673));
#1747=EDGE_LOOP('',(#2674,#2675,#2676,#2677));
#1748=EDGE_LOOP('',(#2678,#2679,#2680,#2681));
#1749=EDGE_LOOP('',(#2682,#2683,#2684,#2685));
#1750=EDGE_LOOP('',(#2686,#2687,#2688,#2689));
#1751=EDGE_LOOP('',(#2690,#2691,#2692,#2693));
#1752=EDGE_LOOP('',(#2694,#2695,#2696,#2697));
#1753=EDGE_LOOP('',(#2698,#2699,#2700,#2701));
#1754=EDGE_LOOP('',(#2702,#2703,#2704,#2705));
#1755=EDGE_LOOP('',(#2706,#2707,#2708,#2709));
#1756=EDGE_LOOP('',(#2710,#2711,#2712,#2713));
#1757=EDGE_LOOP('',(#2714,#2715,#2716,#2717));
#1758=EDGE_LOOP('',(#2718,#2719,#2720,#2721));
#1759=EDGE_LOOP('',(#2722,#2723,#2724,#2725));
#1760=EDGE_LOOP('',(#2726,#2727,#2728,#2729));
#1761=EDGE_LOOP('',(#2730,#2731,#2732,#2733));
#1762=EDGE_LOOP('',(#2734,#2735,#2736,#2737));
#1763=EDGE_LOOP('',(#2738,#2739,#2740,#2741));
#1764=EDGE_LOOP('',(#2742,#2743,#2744,#2745));
#1765=EDGE_LOOP('',(#2746,#2747,#2748,#2749));
#1766=EDGE_LOOP('',(#2750,#2751,#2752,#2753));
#1767=EDGE_LOOP('',(#2754,#2755,#2756,#2757));
#1768=EDGE_LOOP('',(#2758,#2759,#2760,#2761));
#1769=EDGE_LOOP('',(#2762,#2763,#2764,#2765));
#1770=EDGE_LOOP('',(#2766,#2767,#2768,#2769));
#1771=EDGE_LOOP('',(#2770,#2771,#2772,#2773));
#1772=EDGE_LOOP('',(#2774,#2775,#2776,#2777));
#1773=EDGE_LOOP('',(#2778,#2779,#2780,#2781));
#1774=EDGE_LOOP('',(#2782,#2783,#2784,#2785));
#1775=EDGE_LOOP('',(#2786,#2787,#2788,#2789));
#1776=EDGE_LOOP('',(#2790,#2791,#2792,#2793));
#1777=EDGE_LOOP('',(#2794,#2795,#2796,#2797));
#1778=EDGE_LOOP('',(#2798,#2799,#2800,#2801));
#1779=EDGE_LOOP('',(#2802,#2803,#2804,#2805));
#1780=EDGE_LOOP('',(#2806,#2807,#2808,#2809));
#1781=EDGE_LOOP('',(#2810,#2811,#2812,#2813));
#1782=EDGE_LOOP('',(#2814,#2815,#2816,#2817));
#1783=EDGE_LOOP('',(#2818,#2819,#2820,#2821));
#1784=EDGE_LOOP('',(#2822,#2823,#2824,#2825));
#1785=EDGE_LOOP('',(#2826,#2827,#2828,#2829));
#1786=EDGE_LOOP('',(#2830,#2831,#2832,#2833));
#1787=EDGE_LOOP('',(#2834,#2835,#2836,#2837));
#1788=EDGE_LOOP('',(#2838,#2839,#2840,#2841));
#1789=EDGE_LOOP('',(#2842,#2843,#2844,#2845));
#1790=EDGE_LOOP('',(#2846,#2847,#2848,#2849));
#1791=EDGE_LOOP('',(#2850,#2851,#2852,#2853));
#1792=EDGE_LOOP('',(#2854,#2855,#2856,#2857));
#1793=EDGE_LOOP('',(#2858,#2859,#2860,#2861));
#1794=EDGE_LOOP('',(#2862,#2863,#2864,#2865));
#1795=EDGE_LOOP('',(#2866,#2867,#2868,#2869));
#1796=EDGE_LOOP('',(#2870,#2871,#2872,#2873));
#1797=EDGE_LOOP('',(#2874,#2875,#2876,#2877));
#1798=EDGE_LOOP('',(#2878,#2879,#2880,#2881));
#1799=EDGE_LOOP('',(#2882,#2883,#2884,#2885));
#1800=EDGE_LOOP('',(#2886,#2887,#2888,#2889));
#1801=EDGE_LOOP('',(#2890,#2891,#2892,#2893));
#1802=EDGE_LOOP('',(#2894,#2895,#2896,#2897));
#1803=EDGE_LOOP('',(#2898,#2899,#2900,#2901));
#1804=EDGE_LOOP('',(#2902,#2903,#2904,#2905));
#1805=EDGE_LOOP('',(#2906,#2907,#2908,#2909));
#1806=EDGE_LOOP('',(#2910,#2911,#2912,#2913));
#1807=EDGE_LOOP('',(#2914,#2915,#2916,#2917));
#1808=EDGE_LOOP('',(#2918,#2919,#2920,#2921));
#1809=EDGE_LOOP('',(#2922,#2923,#2924,#2925));
#1810=EDGE_LOOP('',(#2926,#2927,#2928,#2929));
#1811=EDGE_LOOP('',(#2930,#2931,#2932,#2933));
#1812=EDGE_LOOP('',(#2934,#2935,#2936,#2937));
#1813=EDGE_LOOP('',(#2938,#2939,#2940,#2941));
#1814=EDGE_LOOP('',(#2942,#2943,#2944,#2945));
#1815=EDGE_LOOP('',(#2946,#2947,#2948,#2949));
#1816=EDGE_LOOP('',(#2950,#2951,#2952,#2953));
#1817=EDGE_LOOP('',(#2954,#2955,#2956,#2957));
#1818=EDGE_LOOP('',(#2958,#2959,#2960,#2961));
#1819=EDGE_LOOP('',(#2962,#2963,#2964,#2965));
#1820=EDGE_LOOP('',(#2966,#2967,#2968,#2969));
#1821=EDGE_LOOP('',(#2970,#2971,#2972,#2973));
#1822=EDGE_LOOP('',(#2974,#2975,#2976,#2977));
#1823=EDGE_LOOP('',(#2978,#2979,#2980,#2981));
#1824=EDGE_LOOP('',(#2982,#2983,#2984,#2985));
#1825=EDGE_LOOP('',(#2986,#2987,#2988,#2989));
#1826=EDGE_LOOP('',(#2990,#2991,#2992,#2993));
#1827=EDGE_LOOP('',(#2994,#2995,#2996,#2997));
#1828=EDGE_LOOP('',(#2998,#2999,#3000,#3001));
#1829=EDGE_LOOP('',(#3002,#3003,#3004,#3005));
#1830=EDGE_LOOP('',(#3006,#3007,#3008,#3009));
#1831=EDGE_LOOP('',(#3010,#3011,#3012,#3013));
#1832=EDGE_LOOP('',(#3014,#3015,#3016,#3017));
#1833=EDGE_LOOP('',(#3018,#3019,#3020,#3021));
#1834=EDGE_LOOP('',(#3022,#3023,#3024,#3025));
#1835=EDGE_LOOP('',(#3026,#3027,#3028,#3029));
#1836=EDGE_LOOP('',(#3030,#3031,#3032,#3033));
#1837=EDGE_LOOP('',(#3034,#3035,#3036,#3037));
#1838=EDGE_LOOP('',(#3038,#3039,#3040,#3041));
#1839=EDGE_LOOP('',(#3042,#3043,#3044,#3045));
#1840=EDGE_LOOP('',(#3046,#3047,#3048,#3049));
#1841=EDGE_LOOP('',(#3050,#3051,#3052,#3053));
#1842=EDGE_LOOP('',(#3054,#3055,#3056,#3057));
#1843=EDGE_LOOP('',(#3058,#3059,#3060,#3061));
#1844=EDGE_LOOP('',(#3062,#3063,#3064,#3065));
#1845=EDGE_LOOP('',(#3066,#3067,#3068,#3069));
#1846=EDGE_LOOP('',(#3070,#3071,#3072,#3073));
#1847=EDGE_LOOP('',(#3074,#3075,#3076,#3077));
#1848=EDGE_LOOP('',(#3078,#3079,#3080,#3081));
#1849=EDGE_LOOP('',(#3082,#3083,#3084,#3085));
#1850=EDGE_LOOP('',(#3086,#3087,#3088,#3089));
#1851=EDGE_LOOP('',(#3090,#3091,#3092,#3093));
#1852=EDGE_LOOP('',(#3094,#3095,#3096,#3097));
#1853=EDGE_LOOP('',(#3098,#3099,#3100,#3101));
#1854=EDGE_LOOP('',(#3102,#3103,#3104,#3105));
#1855=EDGE_LOOP('',(#3106,#3107,#3108,#3109));
#1856=EDGE_LOOP('',(#3110,#3111,#3112,#3113));
#1857=EDGE_LOOP('',(#3114,#3115,#3116,#3117));
#1858=EDGE_LOOP('',(#3118,#3119,#3120,#3121));
#1859=EDGE_LOOP('',(#3122,#3123,#3124,#3125));
#1860=EDGE_LOOP('',(#3126,#3127,#3128,#3129));
#1861=EDGE_LOOP('',(#3130,#3131,#3132,#3133));
#1862=EDGE_LOOP('',(#3134,#3135,#3136,#3137));
#1863=EDGE_LOOP('',(#3138,#3139,#3140,#3141));
#1864=EDGE_LOOP('',(#3142,#3143,#3144,#3145));
#1865=EDGE_LOOP('',(#3146,#3147,#3148,#3149));
#1866=EDGE_LOOP('',(#3150,#3151,#3152,#3153));
#1867=EDGE_LOOP('',(#3154,#3155,#3156,#3157));
#1868=EDGE_LOOP('',(#3158,#3159,#3160,#3161));
#1869=EDGE_LOOP('',(#3162,#3163,#3164,#3165));
#1870=EDGE_LOOP('',(#3166,#3167,#3168,#3169,#3170,#3171,#3172,#3173,#3174,
#3175,#3176,#3177,#3178,#3179,#3180,#3181,#3182,#3183,#3184,#3185,#3186,#3187,
#3188,#3189,#3190,#3191,#3192,#3193,#3194,#3195,#3196,#3197,#3198,#3199,#3200,
#3201,#3202,#3203,#3204,#3205,#3206,#3207,#3208,#3209,#3210,#3211,#3212,#3213,
#3214,#3215,#3216,#3217,#3218,#3219,#3220,#3221,#3222,#3223,#3224,#3225,#3226,
#3227,#3228,#3229,#3230,#3231,#3232,#3233,#3234,#3235,#3236,#3237,#3238,#3239,
#3240,#3241,#3242,#3243,#3244,#3245,#3246,#3247,#3248,#3249,#3250,#3251,#3252,
#3253,#3254,#3255,#3256,#3257,#3258,#3259,#3260,#3261,#3262,#3263,#3264,#3265,
#3266,#3267,#3268,#3269,#3270,#3271,#3272,#3273,#3274,#3275,#3276,#3277,#3278,
#3279,#3280,#3281,#3282,#3283,#3284,#3285,#3286,#3287,#3288,#3289,#3290,#3291,
#3292));
#1871=EDGE_LOOP('',(#3293,#3294,#3295,#3296,#3297,#3298,#3299,#3300,#3301,
#3302,#3303,#3304,#3305,#3306,#3307,#3308,#3309,#3310,#3311,#3312,#3313,#3314,
#3315,#3316,#3317,#3318,#3319,#3320,#3321,#3322,#3323,#3324,#3325,#3326,#3327,
#3328,#3329,#3330,#3331,#3332,#3333,#3334,#3335,#3336,#3337,#3338,#3339,#3340,
#3341,#3342,#3343,#3344,#3345,#3346,#3347,#3348,#3349,#3350,#3351,#3352,#3353,
#3354,#3355,#3356,#3357,#3358,#3359,#3360,#3361,#3362,#3363,#3364,#3365,#3366,
#3367,#3368,#3369,#3370,#3371,#3372,#3373,#3374,#3375,#3376,#3377,#3378,#3379,
#3380,#3381,#3382,#3383,#3384,#3385,#3386,#3387,#3388,#3389,#3390,#3391,#3392,
#3393,#3394,#3395,#3396,#3397,#3398,#3399,#3400,#3401,#3402,#3403,#3404,#3405,
#3406,#3407,#3408,#3409,#3410,#3411,#3412,#3413,#3414,#3415,#3416,#3417,#3418,
#3419));
#1872=EDGE_LOOP('',(#3420,#3421,#3422,#3423));
#1873=EDGE_LOOP('',(#3424,#3425,#3426,#3427));
#1874=EDGE_LOOP('',(#3428,#3429,#3430,#3431));
#1875=EDGE_LOOP('',(#3432,#3433,#3434,#3435));
#1876=EDGE_LOOP('',(#3436,#3437,#3438,#3439));
#1877=EDGE_LOOP('',(#3440,#3441,#3442,#3443));
#1878=EDGE_LOOP('',(#3444,#3445,#3446,#3447));
#1879=EDGE_LOOP('',(#3448,#3449,#3450,#3451));
#1880=EDGE_LOOP('',(#3452,#3453,#3454,#3455));
#1881=EDGE_LOOP('',(#3456,#3457,#3458,#3459));
#1882=EDGE_LOOP('',(#3460,#3461,#3462,#3463));
#1883=EDGE_LOOP('',(#3464,#3465,#3466,#3467));
#1884=EDGE_LOOP('',(#3468,#3469,#3470,#3471));
#1885=EDGE_LOOP('',(#3472,#3473,#3474,#3475));
#1886=EDGE_LOOP('',(#3476,#3477,#3478,#3479));
#1887=EDGE_LOOP('',(#3480,#3481,#3482,#3483));
#1888=EDGE_LOOP('',(#3484,#3485,#3486,#3487));
#1889=EDGE_LOOP('',(#3488,#3489,#3490,#3491,#3492,#3493,#3494,#3495,#3496,
#3497,#3498,#3499,#3500,#3501,#3502,#3503,#3504,#3505,#3506,#3507,#3508,#3509,
#3510,#3511,#3512,#3513,#3514,#3515,#3516,#3517,#3518,#3519));
#1890=EDGE_LOOP('',(#3520,#3521,#3522,#3523,#3524,#3525,#3526,#3527,#3528,
#3529,#3530,#3531,#3532,#3533,#3534,#3535,#3536,#3537,#3538,#3539,#3540,#3541,
#3542,#3543,#3544,#3545,#3546,#3547,#3548,#3549));
#1891=EDGE_LOOP('',(#3550,#3551,#3552,#3553));
#1892=EDGE_LOOP('',(#3554,#3555,#3556,#3557));
#1893=EDGE_LOOP('',(#3558,#3559,#3560,#3561,#3562,#3563));
#1894=EDGE_LOOP('',(#3564,#3565,#3566,#3567,#3568,#3569));
#1895=EDGE_LOOP('',(#3570,#3571,#3572,#3573));
#1896=EDGE_LOOP('',(#3574,#3575,#3576,#3577));
#1897=EDGE_LOOP('',(#3578,#3579,#3580,#3581,#3582,#3583));
#1898=EDGE_LOOP('',(#3584,#3585,#3586,#3587,#3588,#3589));
#1899=EDGE_LOOP('',(#3590,#3591,#3592,#3593));
#1900=EDGE_LOOP('',(#3594,#3595,#3596,#3597));
#1901=EDGE_LOOP('',(#3598,#3599,#3600,#3601,#3602,#3603));
#1902=EDGE_LOOP('',(#3604,#3605,#3606,#3607,#3608,#3609));
#1903=EDGE_LOOP('',(#3610,#3611,#3612,#3613));
#1904=EDGE_LOOP('',(#3614,#3615,#3616,#3617));
#1905=EDGE_LOOP('',(#3618,#3619,#3620,#3621,#3622,#3623));
#1906=EDGE_LOOP('',(#3624,#3625,#3626,#3627,#3628,#3629));
#1907=EDGE_LOOP('',(#3630,#3631,#3632,#3633));
#1908=EDGE_LOOP('',(#3634,#3635,#3636,#3637));
#1909=EDGE_LOOP('',(#3638,#3639,#3640,#3641,#3642,#3643));
#1910=EDGE_LOOP('',(#3644,#3645,#3646,#3647,#3648,#3649));
#1911=EDGE_LOOP('',(#3650,#3651,#3652,#3653));
#1912=EDGE_LOOP('',(#3654,#3655,#3656,#3657));
#1913=EDGE_LOOP('',(#3658,#3659,#3660,#3661,#3662,#3663));
#1914=EDGE_LOOP('',(#3664,#3665,#3666,#3667,#3668,#3669));
#1915=EDGE_LOOP('',(#3670,#3671,#3672,#3673));
#1916=EDGE_LOOP('',(#3674,#3675,#3676,#3677));
#1917=EDGE_LOOP('',(#3678,#3679,#3680,#3681,#3682,#3683));
#1918=EDGE_LOOP('',(#3684,#3685,#3686,#3687,#3688,#3689));
#1919=EDGE_LOOP('',(#3690,#3691,#3692,#3693));
#1920=EDGE_LOOP('',(#3694,#3695,#3696,#3697));
#1921=EDGE_LOOP('',(#3698,#3699,#3700,#3701,#3702,#3703));
#1922=EDGE_LOOP('',(#3704,#3705,#3706,#3707,#3708,#3709));
#1923=EDGE_LOOP('',(#3710,#3711,#3712,#3713));
#1924=EDGE_LOOP('',(#3714,#3715,#3716,#3717));
#1925=EDGE_LOOP('',(#3718,#3719,#3720,#3721,#3722,#3723));
#1926=EDGE_LOOP('',(#3724,#3725,#3726,#3727,#3728,#3729));
#1927=EDGE_LOOP('',(#3730,#3731,#3732,#3733));
#1928=EDGE_LOOP('',(#3734,#3735,#3736,#3737));
#1929=EDGE_LOOP('',(#3738,#3739,#3740,#3741,#3742,#3743));
#1930=EDGE_LOOP('',(#3744,#3745,#3746,#3747,#3748,#3749));
#1931=EDGE_LOOP('',(#3750,#3751,#3752,#3753));
#1932=EDGE_LOOP('',(#3754,#3755,#3756,#3757));
#1933=EDGE_LOOP('',(#3758,#3759,#3760,#3761,#3762,#3763));
#1934=EDGE_LOOP('',(#3764,#3765,#3766,#3767,#3768,#3769));
#1935=EDGE_LOOP('',(#3770,#3771,#3772,#3773));
#1936=EDGE_LOOP('',(#3774,#3775,#3776,#3777));
#1937=EDGE_LOOP('',(#3778,#3779,#3780,#3781,#3782,#3783));
#1938=EDGE_LOOP('',(#3784,#3785,#3786,#3787,#3788,#3789));
#1939=EDGE_LOOP('',(#3790,#3791,#3792,#3793));
#1940=EDGE_LOOP('',(#3794,#3795,#3796,#3797));
#1941=EDGE_LOOP('',(#3798,#3799,#3800,#3801,#3802,#3803));
#1942=EDGE_LOOP('',(#3804,#3805,#3806,#3807,#3808,#3809));
#1943=EDGE_LOOP('',(#3810,#3811,#3812,#3813));
#1944=EDGE_LOOP('',(#3814,#3815,#3816,#3817));
#1945=EDGE_LOOP('',(#3818,#3819,#3820,#3821,#3822,#3823));
#1946=EDGE_LOOP('',(#3824,#3825,#3826,#3827,#3828,#3829));
#1947=EDGE_LOOP('',(#3830,#3831,#3832,#3833));
#1948=EDGE_LOOP('',(#3834,#3835,#3836,#3837));
#1949=EDGE_LOOP('',(#3838,#3839,#3840,#3841,#3842,#3843));
#1950=EDGE_LOOP('',(#3844,#3845,#3846,#3847,#3848,#3849));
#1951=EDGE_LOOP('',(#3850,#3851,#3852,#3853));
#1952=EDGE_LOOP('',(#3854,#3855,#3856,#3857));
#1953=EDGE_LOOP('',(#3858,#3859,#3860,#3861,#3862,#3863));
#1954=EDGE_LOOP('',(#3864,#3865,#3866,#3867,#3868,#3869));
#1955=EDGE_LOOP('',(#3870,#3871,#3872,#3873));
#1956=EDGE_LOOP('',(#3874,#3875,#3876,#3877));
#1957=EDGE_LOOP('',(#3878,#3879,#3880,#3881,#3882,#3883));
#1958=EDGE_LOOP('',(#3884,#3885,#3886,#3887,#3888,#3889));
#1959=EDGE_LOOP('',(#3890,#3891,#3892,#3893));
#1960=EDGE_LOOP('',(#3894,#3895,#3896,#3897));
#1961=EDGE_LOOP('',(#3898,#3899,#3900,#3901,#3902,#3903));
#1962=EDGE_LOOP('',(#3904,#3905,#3906,#3907,#3908,#3909));
#1963=EDGE_LOOP('',(#3910,#3911,#3912,#3913));
#1964=EDGE_LOOP('',(#3914,#3915,#3916,#3917));
#1965=EDGE_LOOP('',(#3918,#3919,#3920,#3921,#3922,#3923));
#1966=EDGE_LOOP('',(#3924,#3925,#3926,#3927,#3928,#3929));
#1967=EDGE_LOOP('',(#3930,#3931,#3932,#3933));
#1968=EDGE_LOOP('',(#3934,#3935,#3936,#3937));
#1969=EDGE_LOOP('',(#3938,#3939,#3940,#3941,#3942,#3943));
#1970=EDGE_LOOP('',(#3944,#3945,#3946,#3947,#3948,#3949));
#1971=EDGE_LOOP('',(#3950,#3951,#3952,#3953));
#1972=EDGE_LOOP('',(#3954,#3955,#3956,#3957));
#1973=EDGE_LOOP('',(#3958,#3959,#3960,#3961,#3962,#3963));
#1974=EDGE_LOOP('',(#3964,#3965,#3966,#3967,#3968,#3969));
#1975=EDGE_LOOP('',(#3970,#3971,#3972,#3973));
#1976=EDGE_LOOP('',(#3974,#3975,#3976,#3977));
#1977=EDGE_LOOP('',(#3978,#3979,#3980,#3981,#3982,#3983));
#1978=EDGE_LOOP('',(#3984,#3985,#3986,#3987,#3988,#3989));
#1979=EDGE_LOOP('',(#3990,#3991,#3992,#3993));
#1980=EDGE_LOOP('',(#3994,#3995,#3996,#3997));
#1981=EDGE_LOOP('',(#3998,#3999,#4000,#4001,#4002,#4003));
#1982=EDGE_LOOP('',(#4004,#4005,#4006,#4007,#4008,#4009));
#1983=EDGE_LOOP('',(#4010,#4011,#4012,#4013));
#1984=EDGE_LOOP('',(#4014,#4015,#4016,#4017));
#1985=EDGE_LOOP('',(#4018,#4019,#4020,#4021,#4022,#4023));
#1986=EDGE_LOOP('',(#4024,#4025,#4026,#4027,#4028,#4029));
#1987=EDGE_LOOP('',(#4030,#4031,#4032,#4033));
#1988=EDGE_LOOP('',(#4034,#4035,#4036,#4037));
#1989=EDGE_LOOP('',(#4038,#4039,#4040,#4041,#4042,#4043));
#1990=EDGE_LOOP('',(#4044,#4045,#4046,#4047,#4048,#4049));
#1991=EDGE_LOOP('',(#4050,#4051,#4052,#4053));
#1992=EDGE_LOOP('',(#4054,#4055,#4056,#4057));
#1993=EDGE_LOOP('',(#4058,#4059,#4060,#4061,#4062,#4063));
#1994=EDGE_LOOP('',(#4064,#4065,#4066,#4067,#4068,#4069));
#1995=EDGE_LOOP('',(#4070,#4071,#4072,#4073));
#1996=EDGE_LOOP('',(#4074,#4075,#4076,#4077));
#1997=EDGE_LOOP('',(#4078,#4079,#4080,#4081,#4082,#4083));
#1998=EDGE_LOOP('',(#4084,#4085,#4086,#4087,#4088,#4089));
#1999=EDGE_LOOP('',(#4090,#4091,#4092,#4093));
#2000=EDGE_LOOP('',(#4094,#4095,#4096,#4097));
#2001=EDGE_LOOP('',(#4098,#4099,#4100,#4101,#4102,#4103));
#2002=EDGE_LOOP('',(#4104,#4105,#4106,#4107,#4108,#4109));
#2003=EDGE_LOOP('',(#4110,#4111,#4112,#4113));
#2004=EDGE_LOOP('',(#4114,#4115,#4116,#4117));
#2005=EDGE_LOOP('',(#4118,#4119,#4120,#4121,#4122,#4123));
#2006=EDGE_LOOP('',(#4124,#4125,#4126,#4127,#4128,#4129));
#2007=EDGE_LOOP('',(#4130,#4131,#4132,#4133));
#2008=EDGE_LOOP('',(#4134,#4135,#4136,#4137));
#2009=EDGE_LOOP('',(#4138,#4139,#4140,#4141,#4142,#4143));
#2010=EDGE_LOOP('',(#4144,#4145,#4146,#4147,#4148,#4149));
#2011=EDGE_LOOP('',(#4150,#4151,#4152,#4153));
#2012=EDGE_LOOP('',(#4154,#4155,#4156,#4157));
#2013=EDGE_LOOP('',(#4158,#4159,#4160,#4161,#4162,#4163));
#2014=EDGE_LOOP('',(#4164,#4165,#4166,#4167,#4168,#4169));
#2015=EDGE_LOOP('',(#4170,#4171,#4172,#4173));
#2016=EDGE_LOOP('',(#4174,#4175,#4176,#4177));
#2017=EDGE_LOOP('',(#4178,#4179,#4180,#4181,#4182,#4183));
#2018=EDGE_LOOP('',(#4184,#4185,#4186,#4187,#4188,#4189));
#2019=EDGE_LOOP('',(#4190,#4191,#4192,#4193));
#2020=EDGE_LOOP('',(#4194,#4195,#4196,#4197));
#2021=EDGE_LOOP('',(#4198,#4199,#4200,#4201,#4202,#4203));
#2022=EDGE_LOOP('',(#4204,#4205,#4206,#4207,#4208,#4209));
#2023=EDGE_LOOP('',(#4210,#4211,#4212,#4213));
#2024=EDGE_LOOP('',(#4214,#4215,#4216,#4217));
#2025=EDGE_LOOP('',(#4218,#4219,#4220,#4221,#4222,#4223));
#2026=EDGE_LOOP('',(#4224,#4225,#4226,#4227,#4228,#4229));
#2027=EDGE_LOOP('',(#4230,#4231,#4232,#4233));
#2028=EDGE_LOOP('',(#4234,#4235,#4236,#4237));
#2029=EDGE_LOOP('',(#4238,#4239,#4240,#4241,#4242,#4243));
#2030=EDGE_LOOP('',(#4244,#4245,#4246,#4247,#4248,#4249));
#2031=EDGE_LOOP('',(#4250,#4251,#4252,#4253));
#2032=EDGE_LOOP('',(#4254,#4255,#4256,#4257));
#2033=EDGE_LOOP('',(#4258,#4259,#4260,#4261,#4262,#4263));
#2034=EDGE_LOOP('',(#4264,#4265,#4266,#4267,#4268,#4269));
#2035=EDGE_LOOP('',(#4270,#4271,#4272,#4273));
#2036=EDGE_LOOP('',(#4274,#4275,#4276,#4277));
#2037=EDGE_LOOP('',(#4278,#4279,#4280,#4281,#4282,#4283));
#2038=EDGE_LOOP('',(#4284,#4285,#4286,#4287,#4288,#4289));
#2039=EDGE_LOOP('',(#4290,#4291,#4292,#4293));
#2040=EDGE_LOOP('',(#4294,#4295,#4296,#4297));
#2041=EDGE_LOOP('',(#4298,#4299,#4300,#4301,#4302,#4303));
#2042=EDGE_LOOP('',(#4304,#4305,#4306,#4307,#4308,#4309));
#2043=EDGE_LOOP('',(#4310,#4311,#4312,#4313));
#2044=EDGE_LOOP('',(#4314,#4315,#4316,#4317));
#2045=EDGE_LOOP('',(#4318,#4319,#4320,#4321,#4322,#4323));
#2046=EDGE_LOOP('',(#4324,#4325,#4326,#4327,#4328,#4329));
#2047=EDGE_LOOP('',(#4330,#4331,#4332,#4333));
#2048=EDGE_LOOP('',(#4334,#4335,#4336,#4337));
#2049=EDGE_LOOP('',(#4338,#4339,#4340,#4341,#4342,#4343));
#2050=EDGE_LOOP('',(#4344,#4345,#4346,#4347,#4348,#4349));
#2051=EDGE_LOOP('',(#4350,#4351,#4352,#4353));
#2052=EDGE_LOOP('',(#4354,#4355,#4356,#4357));
#2053=EDGE_LOOP('',(#4358,#4359,#4360,#4361,#4362,#4363));
#2054=EDGE_LOOP('',(#4364,#4365,#4366,#4367,#4368,#4369));
#2055=EDGE_LOOP('',(#4370,#4371,#4372,#4373));
#2056=EDGE_LOOP('',(#4374,#4375,#4376,#4377));
#2057=EDGE_LOOP('',(#4378,#4379,#4380,#4381,#4382,#4383));
#2058=EDGE_LOOP('',(#4384,#4385,#4386,#4387,#4388,#4389));
#2059=EDGE_LOOP('',(#4390,#4391,#4392,#4393));
#2060=EDGE_LOOP('',(#4394,#4395,#4396,#4397));
#2061=EDGE_LOOP('',(#4398,#4399,#4400,#4401,#4402,#4403));
#2062=EDGE_LOOP('',(#4404,#4405,#4406,#4407,#4408,#4409));
#2063=EDGE_LOOP('',(#4410,#4411,#4412,#4413));
#2064=EDGE_LOOP('',(#4414,#4415,#4416,#4417));
#2065=EDGE_LOOP('',(#4418,#4419,#4420,#4421,#4422,#4423));
#2066=EDGE_LOOP('',(#4424,#4425,#4426,#4427,#4428,#4429));
#2067=EDGE_LOOP('',(#4430,#4431,#4432,#4433));
#2068=EDGE_LOOP('',(#4434,#4435,#4436,#4437));
#2069=EDGE_LOOP('',(#4438,#4439,#4440,#4441,#4442,#4443));
#2070=EDGE_LOOP('',(#4444,#4445,#4446,#4447,#4448,#4449));
#2071=EDGE_LOOP('',(#4450,#4451,#4452,#4453));
#2072=EDGE_LOOP('',(#4454,#4455,#4456,#4457));
#2073=EDGE_LOOP('',(#4458,#4459,#4460,#4461,#4462,#4463));
#2074=EDGE_LOOP('',(#4464,#4465,#4466,#4467,#4468,#4469));
#2075=EDGE_LOOP('',(#4470,#4471,#4472,#4473));
#2076=EDGE_LOOP('',(#4474,#4475,#4476,#4477));
#2077=EDGE_LOOP('',(#4478,#4479,#4480,#4481,#4482,#4483));
#2078=EDGE_LOOP('',(#4484,#4485,#4486,#4487,#4488,#4489));
#2079=EDGE_LOOP('',(#4490,#4491,#4492,#4493));
#2080=EDGE_LOOP('',(#4494,#4495,#4496,#4497));
#2081=EDGE_LOOP('',(#4498,#4499,#4500,#4501,#4502,#4503));
#2082=EDGE_LOOP('',(#4504,#4505,#4506,#4507,#4508,#4509));
#2083=EDGE_LOOP('',(#4510,#4511,#4512,#4513));
#2084=EDGE_LOOP('',(#4514,#4515,#4516,#4517));
#2085=EDGE_LOOP('',(#4518,#4519,#4520,#4521,#4522,#4523));
#2086=EDGE_LOOP('',(#4524,#4525,#4526,#4527,#4528,#4529));
#2087=EDGE_LOOP('',(#4530,#4531,#4532,#4533));
#2088=EDGE_LOOP('',(#4534,#4535,#4536,#4537));
#2089=EDGE_LOOP('',(#4538,#4539,#4540,#4541,#4542,#4543));
#2090=EDGE_LOOP('',(#4544,#4545,#4546,#4547,#4548,#4549));
#2091=EDGE_LOOP('',(#4550,#4551,#4552,#4553));
#2092=EDGE_LOOP('',(#4554,#4555,#4556,#4557));
#2093=EDGE_LOOP('',(#4558,#4559,#4560,#4561,#4562,#4563));
#2094=EDGE_LOOP('',(#4564,#4565,#4566,#4567,#4568,#4569));
#2095=EDGE_LOOP('',(#4570,#4571,#4572,#4573));
#2096=EDGE_LOOP('',(#4574,#4575,#4576,#4577));
#2097=EDGE_LOOP('',(#4578,#4579,#4580,#4581,#4582,#4583));
#2098=EDGE_LOOP('',(#4584,#4585,#4586,#4587,#4588,#4589));
#2099=EDGE_LOOP('',(#4590,#4591,#4592,#4593));
#2100=EDGE_LOOP('',(#4594,#4595,#4596,#4597));
#2101=EDGE_LOOP('',(#4598,#4599,#4600,#4601,#4602,#4603));
#2102=EDGE_LOOP('',(#4604,#4605,#4606,#4607,#4608,#4609));
#2103=EDGE_LOOP('',(#4610,#4611,#4612,#4613));
#2104=EDGE_LOOP('',(#4614,#4615,#4616,#4617));
#2105=EDGE_LOOP('',(#4618,#4619,#4620,#4621,#4622,#4623));
#2106=EDGE_LOOP('',(#4624,#4625,#4626,#4627,#4628,#4629));
#2107=EDGE_LOOP('',(#4630,#4631,#4632,#4633));
#2108=EDGE_LOOP('',(#4634,#4635,#4636,#4637));
#2109=EDGE_LOOP('',(#4638,#4639,#4640,#4641,#4642,#4643));
#2110=EDGE_LOOP('',(#4644,#4645,#4646,#4647,#4648,#4649));
#2111=EDGE_LOOP('',(#4650,#4651,#4652,#4653));
#2112=EDGE_LOOP('',(#4654,#4655,#4656,#4657));
#2113=EDGE_LOOP('',(#4658,#4659,#4660,#4661,#4662,#4663));
#2114=EDGE_LOOP('',(#4664,#4665,#4666,#4667,#4668,#4669));
#2115=EDGE_LOOP('',(#4670,#4671,#4672,#4673));
#2116=EDGE_LOOP('',(#4674,#4675,#4676,#4677));
#2117=EDGE_LOOP('',(#4678,#4679,#4680,#4681,#4682,#4683));
#2118=EDGE_LOOP('',(#4684,#4685,#4686,#4687,#4688,#4689));
#2119=EDGE_LOOP('',(#4690,#4691,#4692,#4693));
#2120=EDGE_LOOP('',(#4694,#4695,#4696,#4697));
#2121=EDGE_LOOP('',(#4698,#4699,#4700,#4701,#4702,#4703));
#2122=EDGE_LOOP('',(#4704,#4705,#4706,#4707,#4708,#4709));
#2123=EDGE_LOOP('',(#4710,#4711,#4712,#4713));
#2124=EDGE_LOOP('',(#4714,#4715,#4716,#4717));
#2125=EDGE_LOOP('',(#4718,#4719,#4720,#4721,#4722,#4723));
#2126=EDGE_LOOP('',(#4724,#4725,#4726,#4727,#4728,#4729));
#2127=EDGE_LOOP('',(#4730,#4731,#4732,#4733));
#2128=EDGE_LOOP('',(#4734,#4735,#4736,#4737));
#2129=EDGE_LOOP('',(#4738,#4739,#4740,#4741,#4742,#4743));
#2130=EDGE_LOOP('',(#4744,#4745,#4746,#4747,#4748,#4749));
#2131=EDGE_LOOP('',(#4750,#4751,#4752,#4753));
#2132=EDGE_LOOP('',(#4754,#4755,#4756,#4757));
#2133=EDGE_LOOP('',(#4758,#4759,#4760,#4761,#4762,#4763));
#2134=EDGE_LOOP('',(#4764,#4765,#4766,#4767,#4768,#4769));
#2135=EDGE_LOOP('',(#4770,#4771,#4772,#4773));
#2136=EDGE_LOOP('',(#4774,#4775,#4776,#4777));
#2137=EDGE_LOOP('',(#4778,#4779,#4780,#4781,#4782,#4783));
#2138=ORIENTED_EDGE('',*,*,#5448,.T.);
#2139=ORIENTED_EDGE('',*,*,#6636,.T.);
#2140=ORIENTED_EDGE('',*,*,#5386,.F.);
#2141=ORIENTED_EDGE('',*,*,#5937,.F.);
#2142=ORIENTED_EDGE('',*,*,#5510,.T.);
#2143=ORIENTED_EDGE('',*,*,#6631,.T.);
#2144=ORIENTED_EDGE('',*,*,#5448,.F.);
#2145=ORIENTED_EDGE('',*,*,#5932,.F.);
#2146=ORIENTED_EDGE('',*,*,#5572,.T.);
#2147=ORIENTED_EDGE('',*,*,#6632,.T.);
#2148=ORIENTED_EDGE('',*,*,#5510,.F.);
#2149=ORIENTED_EDGE('',*,*,#5933,.F.);
#2150=ORIENTED_EDGE('',*,*,#5634,.T.);
#2151=ORIENTED_EDGE('',*,*,#6633,.T.);
#2152=ORIENTED_EDGE('',*,*,#5572,.F.);
#2153=ORIENTED_EDGE('',*,*,#5934,.F.);
#2154=ORIENTED_EDGE('',*,*,#5399,.T.);
#2155=ORIENTED_EDGE('',*,*,#6621,.T.);
#2156=ORIENTED_EDGE('',*,*,#5337,.F.);
#2157=ORIENTED_EDGE('',*,*,#5727,.F.);
#2158=ORIENTED_EDGE('',*,*,#5461,.T.);
#2159=ORIENTED_EDGE('',*,*,#6616,.T.);
#2160=ORIENTED_EDGE('',*,*,#5399,.F.);
#2161=ORIENTED_EDGE('',*,*,#5722,.F.);
#2162=ORIENTED_EDGE('',*,*,#5523,.T.);
#2163=ORIENTED_EDGE('',*,*,#6617,.T.);
#2164=ORIENTED_EDGE('',*,*,#5461,.F.);
#2165=ORIENTED_EDGE('',*,*,#5723,.F.);
#2166=ORIENTED_EDGE('',*,*,#5585,.T.);
#2167=ORIENTED_EDGE('',*,*,#6618,.T.);
#2168=ORIENTED_EDGE('',*,*,#5523,.F.);
#2169=ORIENTED_EDGE('',*,*,#5724,.F.);
#2170=ORIENTED_EDGE('',*,*,#6627,.F.);
#2171=ORIENTED_EDGE('',*,*,#5400,.T.);
#2172=ORIENTED_EDGE('',*,*,#6606,.T.);
#2173=ORIENTED_EDGE('',*,*,#5338,.F.);
#2174=ORIENTED_EDGE('',*,*,#6622,.F.);
#2175=ORIENTED_EDGE('',*,*,#5462,.T.);
#2176=ORIENTED_EDGE('',*,*,#6601,.T.);
#2177=ORIENTED_EDGE('',*,*,#5400,.F.);
#2178=ORIENTED_EDGE('',*,*,#6623,.F.);
#2179=ORIENTED_EDGE('',*,*,#5524,.T.);
#2180=ORIENTED_EDGE('',*,*,#6602,.T.);
#2181=ORIENTED_EDGE('',*,*,#5462,.F.);
#2182=ORIENTED_EDGE('',*,*,#6624,.F.);
#2183=ORIENTED_EDGE('',*,*,#5586,.T.);
#2184=ORIENTED_EDGE('',*,*,#6603,.T.);
#2185=ORIENTED_EDGE('',*,*,#5524,.F.);
#2186=ORIENTED_EDGE('',*,*,#6612,.F.);
#2187=ORIENTED_EDGE('',*,*,#5401,.T.);
#2188=ORIENTED_EDGE('',*,*,#6591,.T.);
#2189=ORIENTED_EDGE('',*,*,#5339,.F.);
#2190=ORIENTED_EDGE('',*,*,#6607,.F.);
#2191=ORIENTED_EDGE('',*,*,#5463,.T.);
#2192=ORIENTED_EDGE('',*,*,#6586,.T.);
#2193=ORIENTED_EDGE('',*,*,#5401,.F.);
#2194=ORIENTED_EDGE('',*,*,#6608,.F.);
#2195=ORIENTED_EDGE('',*,*,#5525,.T.);
#2196=ORIENTED_EDGE('',*,*,#6587,.T.);
#2197=ORIENTED_EDGE('',*,*,#5463,.F.);
#2198=ORIENTED_EDGE('',*,*,#6609,.F.);
#2199=ORIENTED_EDGE('',*,*,#5587,.T.);
#2200=ORIENTED_EDGE('',*,*,#6588,.T.);
#2201=ORIENTED_EDGE('',*,*,#5525,.F.);
#2202=ORIENTED_EDGE('',*,*,#6597,.F.);
#2203=ORIENTED_EDGE('',*,*,#5402,.T.);
#2204=ORIENTED_EDGE('',*,*,#6576,.T.);
#2205=ORIENTED_EDGE('',*,*,#5340,.F.);
#2206=ORIENTED_EDGE('',*,*,#6592,.F.);
#2207=ORIENTED_EDGE('',*,*,#5464,.T.);
#2208=ORIENTED_EDGE('',*,*,#6571,.T.);
#2209=ORIENTED_EDGE('',*,*,#5402,.F.);
#2210=ORIENTED_EDGE('',*,*,#6593,.F.);
#2211=ORIENTED_EDGE('',*,*,#5526,.T.);
#2212=ORIENTED_EDGE('',*,*,#6572,.T.);
#2213=ORIENTED_EDGE('',*,*,#5464,.F.);
#2214=ORIENTED_EDGE('',*,*,#6594,.F.);
#2215=ORIENTED_EDGE('',*,*,#5588,.T.);
#2216=ORIENTED_EDGE('',*,*,#6573,.T.);
#2217=ORIENTED_EDGE('',*,*,#5526,.F.);
#2218=ORIENTED_EDGE('',*,*,#6582,.F.);
#2219=ORIENTED_EDGE('',*,*,#5403,.T.);
#2220=ORIENTED_EDGE('',*,*,#6561,.T.);
#2221=ORIENTED_EDGE('',*,*,#5341,.F.);
#2222=ORIENTED_EDGE('',*,*,#6577,.F.);
#2223=ORIENTED_EDGE('',*,*,#5465,.T.);
#2224=ORIENTED_EDGE('',*,*,#6556,.T.);
#2225=ORIENTED_EDGE('',*,*,#5403,.F.);
#2226=ORIENTED_EDGE('',*,*,#6578,.F.);
#2227=ORIENTED_EDGE('',*,*,#5527,.T.);
#2228=ORIENTED_EDGE('',*,*,#6557,.T.);
#2229=ORIENTED_EDGE('',*,*,#5465,.F.);
#2230=ORIENTED_EDGE('',*,*,#6579,.F.);
#2231=ORIENTED_EDGE('',*,*,#5589,.T.);
#2232=ORIENTED_EDGE('',*,*,#6558,.T.);
#2233=ORIENTED_EDGE('',*,*,#5527,.F.);
#2234=ORIENTED_EDGE('',*,*,#6567,.F.);
#2235=ORIENTED_EDGE('',*,*,#5404,.T.);
#2236=ORIENTED_EDGE('',*,*,#6546,.T.);
#2237=ORIENTED_EDGE('',*,*,#5342,.F.);
#2238=ORIENTED_EDGE('',*,*,#6562,.F.);
#2239=ORIENTED_EDGE('',*,*,#5466,.T.);
#2240=ORIENTED_EDGE('',*,*,#6541,.T.);
#2241=ORIENTED_EDGE('',*,*,#5404,.F.);
#2242=ORIENTED_EDGE('',*,*,#6563,.F.);
#2243=ORIENTED_EDGE('',*,*,#5528,.T.);
#2244=ORIENTED_EDGE('',*,*,#6542,.T.);
#2245=ORIENTED_EDGE('',*,*,#5466,.F.);
#2246=ORIENTED_EDGE('',*,*,#6564,.F.);
#2247=ORIENTED_EDGE('',*,*,#5590,.T.);
#2248=ORIENTED_EDGE('',*,*,#6543,.T.);
#2249=ORIENTED_EDGE('',*,*,#5528,.F.);
#2250=ORIENTED_EDGE('',*,*,#6552,.F.);
#2251=ORIENTED_EDGE('',*,*,#5405,.T.);
#2252=ORIENTED_EDGE('',*,*,#6531,.T.);
#2253=ORIENTED_EDGE('',*,*,#5343,.F.);
#2254=ORIENTED_EDGE('',*,*,#6547,.F.);
#2255=ORIENTED_EDGE('',*,*,#5467,.T.);
#2256=ORIENTED_EDGE('',*,*,#6526,.T.);
#2257=ORIENTED_EDGE('',*,*,#5405,.F.);
#2258=ORIENTED_EDGE('',*,*,#6548,.F.);
#2259=ORIENTED_EDGE('',*,*,#5529,.T.);
#2260=ORIENTED_EDGE('',*,*,#6527,.T.);
#2261=ORIENTED_EDGE('',*,*,#5467,.F.);
#2262=ORIENTED_EDGE('',*,*,#6549,.F.);
#2263=ORIENTED_EDGE('',*,*,#5591,.T.);
#2264=ORIENTED_EDGE('',*,*,#6528,.T.);
#2265=ORIENTED_EDGE('',*,*,#5529,.F.);
#2266=ORIENTED_EDGE('',*,*,#6537,.F.);
#2267=ORIENTED_EDGE('',*,*,#5406,.T.);
#2268=ORIENTED_EDGE('',*,*,#6516,.T.);
#2269=ORIENTED_EDGE('',*,*,#5344,.F.);
#2270=ORIENTED_EDGE('',*,*,#6532,.F.);
#2271=ORIENTED_EDGE('',*,*,#5468,.T.);
#2272=ORIENTED_EDGE('',*,*,#6511,.T.);
#2273=ORIENTED_EDGE('',*,*,#5406,.F.);
#2274=ORIENTED_EDGE('',*,*,#6533,.F.);
#2275=ORIENTED_EDGE('',*,*,#5530,.T.);
#2276=ORIENTED_EDGE('',*,*,#6512,.T.);
#2277=ORIENTED_EDGE('',*,*,#5468,.F.);
#2278=ORIENTED_EDGE('',*,*,#6534,.F.);
#2279=ORIENTED_EDGE('',*,*,#5592,.T.);
#2280=ORIENTED_EDGE('',*,*,#6513,.T.);
#2281=ORIENTED_EDGE('',*,*,#5530,.F.);
#2282=ORIENTED_EDGE('',*,*,#6522,.F.);
#2283=ORIENTED_EDGE('',*,*,#5407,.T.);
#2284=ORIENTED_EDGE('',*,*,#6501,.T.);
#2285=ORIENTED_EDGE('',*,*,#5345,.F.);
#2286=ORIENTED_EDGE('',*,*,#6517,.F.);
#2287=ORIENTED_EDGE('',*,*,#5469,.T.);
#2288=ORIENTED_EDGE('',*,*,#6496,.T.);
#2289=ORIENTED_EDGE('',*,*,#5407,.F.);
#2290=ORIENTED_EDGE('',*,*,#6518,.F.);
#2291=ORIENTED_EDGE('',*,*,#5531,.T.);
#2292=ORIENTED_EDGE('',*,*,#6497,.T.);
#2293=ORIENTED_EDGE('',*,*,#5469,.F.);
#2294=ORIENTED_EDGE('',*,*,#6519,.F.);
#2295=ORIENTED_EDGE('',*,*,#5593,.T.);
#2296=ORIENTED_EDGE('',*,*,#6498,.T.);
#2297=ORIENTED_EDGE('',*,*,#5531,.F.);
#2298=ORIENTED_EDGE('',*,*,#6507,.F.);
#2299=ORIENTED_EDGE('',*,*,#5408,.T.);
#2300=ORIENTED_EDGE('',*,*,#6486,.T.);
#2301=ORIENTED_EDGE('',*,*,#5346,.F.);
#2302=ORIENTED_EDGE('',*,*,#6502,.F.);
#2303=ORIENTED_EDGE('',*,*,#5470,.T.);
#2304=ORIENTED_EDGE('',*,*,#6481,.T.);
#2305=ORIENTED_EDGE('',*,*,#5408,.F.);
#2306=ORIENTED_EDGE('',*,*,#6503,.F.);
#2307=ORIENTED_EDGE('',*,*,#5532,.T.);
#2308=ORIENTED_EDGE('',*,*,#6482,.T.);
#2309=ORIENTED_EDGE('',*,*,#5470,.F.);
#2310=ORIENTED_EDGE('',*,*,#6504,.F.);
#2311=ORIENTED_EDGE('',*,*,#5594,.T.);
#2312=ORIENTED_EDGE('',*,*,#6483,.T.);
#2313=ORIENTED_EDGE('',*,*,#5532,.F.);
#2314=ORIENTED_EDGE('',*,*,#6492,.F.);
#2315=ORIENTED_EDGE('',*,*,#5409,.T.);
#2316=ORIENTED_EDGE('',*,*,#6471,.T.);
#2317=ORIENTED_EDGE('',*,*,#5347,.F.);
#2318=ORIENTED_EDGE('',*,*,#6487,.F.);
#2319=ORIENTED_EDGE('',*,*,#5471,.T.);
#2320=ORIENTED_EDGE('',*,*,#6466,.T.);
#2321=ORIENTED_EDGE('',*,*,#5409,.F.);
#2322=ORIENTED_EDGE('',*,*,#6488,.F.);
#2323=ORIENTED_EDGE('',*,*,#5533,.T.);
#2324=ORIENTED_EDGE('',*,*,#6467,.T.);
#2325=ORIENTED_EDGE('',*,*,#5471,.F.);
#2326=ORIENTED_EDGE('',*,*,#6489,.F.);
#2327=ORIENTED_EDGE('',*,*,#5595,.T.);
#2328=ORIENTED_EDGE('',*,*,#6468,.T.);
#2329=ORIENTED_EDGE('',*,*,#5533,.F.);
#2330=ORIENTED_EDGE('',*,*,#6477,.F.);
#2331=ORIENTED_EDGE('',*,*,#5410,.T.);
#2332=ORIENTED_EDGE('',*,*,#6456,.T.);
#2333=ORIENTED_EDGE('',*,*,#5348,.F.);
#2334=ORIENTED_EDGE('',*,*,#6472,.F.);
#2335=ORIENTED_EDGE('',*,*,#5472,.T.);
#2336=ORIENTED_EDGE('',*,*,#6451,.T.);
#2337=ORIENTED_EDGE('',*,*,#5410,.F.);
#2338=ORIENTED_EDGE('',*,*,#6473,.F.);
#2339=ORIENTED_EDGE('',*,*,#5534,.T.);
#2340=ORIENTED_EDGE('',*,*,#6452,.T.);
#2341=ORIENTED_EDGE('',*,*,#5472,.F.);
#2342=ORIENTED_EDGE('',*,*,#6474,.F.);
#2343=ORIENTED_EDGE('',*,*,#5596,.T.);
#2344=ORIENTED_EDGE('',*,*,#6453,.T.);
#2345=ORIENTED_EDGE('',*,*,#5534,.F.);
#2346=ORIENTED_EDGE('',*,*,#6462,.F.);
#2347=ORIENTED_EDGE('',*,*,#5411,.T.);
#2348=ORIENTED_EDGE('',*,*,#6441,.T.);
#2349=ORIENTED_EDGE('',*,*,#5349,.F.);
#2350=ORIENTED_EDGE('',*,*,#6457,.F.);
#2351=ORIENTED_EDGE('',*,*,#5473,.T.);
#2352=ORIENTED_EDGE('',*,*,#6436,.T.);
#2353=ORIENTED_EDGE('',*,*,#5411,.F.);
#2354=ORIENTED_EDGE('',*,*,#6458,.F.);
#2355=ORIENTED_EDGE('',*,*,#5535,.T.);
#2356=ORIENTED_EDGE('',*,*,#6437,.T.);
#2357=ORIENTED_EDGE('',*,*,#5473,.F.);
#2358=ORIENTED_EDGE('',*,*,#6459,.F.);
#2359=ORIENTED_EDGE('',*,*,#5597,.T.);
#2360=ORIENTED_EDGE('',*,*,#6438,.T.);
#2361=ORIENTED_EDGE('',*,*,#5535,.F.);
#2362=ORIENTED_EDGE('',*,*,#6447,.F.);
#2363=ORIENTED_EDGE('',*,*,#5412,.T.);
#2364=ORIENTED_EDGE('',*,*,#6426,.T.);
#2365=ORIENTED_EDGE('',*,*,#5350,.F.);
#2366=ORIENTED_EDGE('',*,*,#6442,.F.);
#2367=ORIENTED_EDGE('',*,*,#5474,.T.);
#2368=ORIENTED_EDGE('',*,*,#6421,.T.);
#2369=ORIENTED_EDGE('',*,*,#5412,.F.);
#2370=ORIENTED_EDGE('',*,*,#6443,.F.);
#2371=ORIENTED_EDGE('',*,*,#5536,.T.);
#2372=ORIENTED_EDGE('',*,*,#6422,.T.);
#2373=ORIENTED_EDGE('',*,*,#5474,.F.);
#2374=ORIENTED_EDGE('',*,*,#6444,.F.);
#2375=ORIENTED_EDGE('',*,*,#5598,.T.);
#2376=ORIENTED_EDGE('',*,*,#6423,.T.);
#2377=ORIENTED_EDGE('',*,*,#5536,.F.);
#2378=ORIENTED_EDGE('',*,*,#6432,.F.);
#2379=ORIENTED_EDGE('',*,*,#5413,.T.);
#2380=ORIENTED_EDGE('',*,*,#6411,.T.);
#2381=ORIENTED_EDGE('',*,*,#5351,.F.);
#2382=ORIENTED_EDGE('',*,*,#6427,.F.);
#2383=ORIENTED_EDGE('',*,*,#5475,.T.);
#2384=ORIENTED_EDGE('',*,*,#6406,.T.);
#2385=ORIENTED_EDGE('',*,*,#5413,.F.);
#2386=ORIENTED_EDGE('',*,*,#6428,.F.);
#2387=ORIENTED_EDGE('',*,*,#5537,.T.);
#2388=ORIENTED_EDGE('',*,*,#6407,.T.);
#2389=ORIENTED_EDGE('',*,*,#5475,.F.);
#2390=ORIENTED_EDGE('',*,*,#6429,.F.);
#2391=ORIENTED_EDGE('',*,*,#5599,.T.);
#2392=ORIENTED_EDGE('',*,*,#6408,.T.);
#2393=ORIENTED_EDGE('',*,*,#5537,.F.);
#2394=ORIENTED_EDGE('',*,*,#6417,.F.);
#2395=ORIENTED_EDGE('',*,*,#5414,.T.);
#2396=ORIENTED_EDGE('',*,*,#6396,.T.);
#2397=ORIENTED_EDGE('',*,*,#5352,.F.);
#2398=ORIENTED_EDGE('',*,*,#6412,.F.);
#2399=ORIENTED_EDGE('',*,*,#5476,.T.);
#2400=ORIENTED_EDGE('',*,*,#6391,.T.);
#2401=ORIENTED_EDGE('',*,*,#5414,.F.);
#2402=ORIENTED_EDGE('',*,*,#6413,.F.);
#2403=ORIENTED_EDGE('',*,*,#5538,.T.);
#2404=ORIENTED_EDGE('',*,*,#6392,.T.);
#2405=ORIENTED_EDGE('',*,*,#5476,.F.);
#2406=ORIENTED_EDGE('',*,*,#6414,.F.);
#2407=ORIENTED_EDGE('',*,*,#5600,.T.);
#2408=ORIENTED_EDGE('',*,*,#6393,.T.);
#2409=ORIENTED_EDGE('',*,*,#5538,.F.);
#2410=ORIENTED_EDGE('',*,*,#6402,.F.);
#2411=ORIENTED_EDGE('',*,*,#5415,.T.);
#2412=ORIENTED_EDGE('',*,*,#6381,.T.);
#2413=ORIENTED_EDGE('',*,*,#5353,.F.);
#2414=ORIENTED_EDGE('',*,*,#6397,.F.);
#2415=ORIENTED_EDGE('',*,*,#5477,.T.);
#2416=ORIENTED_EDGE('',*,*,#6376,.T.);
#2417=ORIENTED_EDGE('',*,*,#5415,.F.);
#2418=ORIENTED_EDGE('',*,*,#6398,.F.);
#2419=ORIENTED_EDGE('',*,*,#5539,.T.);
#2420=ORIENTED_EDGE('',*,*,#6377,.T.);
#2421=ORIENTED_EDGE('',*,*,#5477,.F.);
#2422=ORIENTED_EDGE('',*,*,#6399,.F.);
#2423=ORIENTED_EDGE('',*,*,#5601,.T.);
#2424=ORIENTED_EDGE('',*,*,#6378,.T.);
#2425=ORIENTED_EDGE('',*,*,#5539,.F.);
#2426=ORIENTED_EDGE('',*,*,#6387,.F.);
#2427=ORIENTED_EDGE('',*,*,#5416,.T.);
#2428=ORIENTED_EDGE('',*,*,#6366,.T.);
#2429=ORIENTED_EDGE('',*,*,#5354,.F.);
#2430=ORIENTED_EDGE('',*,*,#6382,.F.);
#2431=ORIENTED_EDGE('',*,*,#5478,.T.);
#2432=ORIENTED_EDGE('',*,*,#6361,.T.);
#2433=ORIENTED_EDGE('',*,*,#5416,.F.);
#2434=ORIENTED_EDGE('',*,*,#6383,.F.);
#2435=ORIENTED_EDGE('',*,*,#5540,.T.);
#2436=ORIENTED_EDGE('',*,*,#6362,.T.);
#2437=ORIENTED_EDGE('',*,*,#5478,.F.);
#2438=ORIENTED_EDGE('',*,*,#6384,.F.);
#2439=ORIENTED_EDGE('',*,*,#5602,.T.);
#2440=ORIENTED_EDGE('',*,*,#6363,.T.);
#2441=ORIENTED_EDGE('',*,*,#5540,.F.);
#2442=ORIENTED_EDGE('',*,*,#6372,.F.);
#2443=ORIENTED_EDGE('',*,*,#5417,.T.);
#2444=ORIENTED_EDGE('',*,*,#6351,.T.);
#2445=ORIENTED_EDGE('',*,*,#5355,.F.);
#2446=ORIENTED_EDGE('',*,*,#6367,.F.);
#2447=ORIENTED_EDGE('',*,*,#5479,.T.);
#2448=ORIENTED_EDGE('',*,*,#6346,.T.);
#2449=ORIENTED_EDGE('',*,*,#5417,.F.);
#2450=ORIENTED_EDGE('',*,*,#6368,.F.);
#2451=ORIENTED_EDGE('',*,*,#5541,.T.);
#2452=ORIENTED_EDGE('',*,*,#6347,.T.);
#2453=ORIENTED_EDGE('',*,*,#5479,.F.);
#2454=ORIENTED_EDGE('',*,*,#6369,.F.);
#2455=ORIENTED_EDGE('',*,*,#5603,.T.);
#2456=ORIENTED_EDGE('',*,*,#6348,.T.);
#2457=ORIENTED_EDGE('',*,*,#5541,.F.);
#2458=ORIENTED_EDGE('',*,*,#6357,.F.);
#2459=ORIENTED_EDGE('',*,*,#5418,.T.);
#2460=ORIENTED_EDGE('',*,*,#6336,.T.);
#2461=ORIENTED_EDGE('',*,*,#5356,.F.);
#2462=ORIENTED_EDGE('',*,*,#6352,.F.);
#2463=ORIENTED_EDGE('',*,*,#5480,.T.);
#2464=ORIENTED_EDGE('',*,*,#6331,.T.);
#2465=ORIENTED_EDGE('',*,*,#5418,.F.);
#2466=ORIENTED_EDGE('',*,*,#6353,.F.);
#2467=ORIENTED_EDGE('',*,*,#5542,.T.);
#2468=ORIENTED_EDGE('',*,*,#6332,.T.);
#2469=ORIENTED_EDGE('',*,*,#5480,.F.);
#2470=ORIENTED_EDGE('',*,*,#6354,.F.);
#2471=ORIENTED_EDGE('',*,*,#5604,.T.);
#2472=ORIENTED_EDGE('',*,*,#6333,.T.);
#2473=ORIENTED_EDGE('',*,*,#5542,.F.);
#2474=ORIENTED_EDGE('',*,*,#5424,.T.);
#2475=ORIENTED_EDGE('',*,*,#6321,.T.);
#2476=ORIENTED_EDGE('',*,*,#5362,.F.);
#2477=ORIENTED_EDGE('',*,*,#5862,.F.);
#2478=ORIENTED_EDGE('',*,*,#5486,.T.);
#2479=ORIENTED_EDGE('',*,*,#6316,.T.);
#2480=ORIENTED_EDGE('',*,*,#5424,.F.);
#2481=ORIENTED_EDGE('',*,*,#5857,.F.);
#2482=ORIENTED_EDGE('',*,*,#5548,.T.);
#2483=ORIENTED_EDGE('',*,*,#6317,.T.);
#2484=ORIENTED_EDGE('',*,*,#5486,.F.);
#2485=ORIENTED_EDGE('',*,*,#5858,.F.);
#2486=ORIENTED_EDGE('',*,*,#5610,.T.);
#2487=ORIENTED_EDGE('',*,*,#6318,.T.);
#2488=ORIENTED_EDGE('',*,*,#5548,.F.);
#2489=ORIENTED_EDGE('',*,*,#5859,.F.);
#2490=ORIENTED_EDGE('',*,*,#6327,.F.);
#2491=ORIENTED_EDGE('',*,*,#5425,.T.);
#2492=ORIENTED_EDGE('',*,*,#6306,.T.);
#2493=ORIENTED_EDGE('',*,*,#5363,.F.);
#2494=ORIENTED_EDGE('',*,*,#6322,.F.);
#2495=ORIENTED_EDGE('',*,*,#5487,.T.);
#2496=ORIENTED_EDGE('',*,*,#6301,.T.);
#2497=ORIENTED_EDGE('',*,*,#5425,.F.);
#2498=ORIENTED_EDGE('',*,*,#6323,.F.);
#2499=ORIENTED_EDGE('',*,*,#5549,.T.);
#2500=ORIENTED_EDGE('',*,*,#6302,.T.);
#2501=ORIENTED_EDGE('',*,*,#5487,.F.);
#2502=ORIENTED_EDGE('',*,*,#6324,.F.);
#2503=ORIENTED_EDGE('',*,*,#5611,.T.);
#2504=ORIENTED_EDGE('',*,*,#6303,.T.);
#2505=ORIENTED_EDGE('',*,*,#5549,.F.);
#2506=ORIENTED_EDGE('',*,*,#6312,.F.);
#2507=ORIENTED_EDGE('',*,*,#5426,.T.);
#2508=ORIENTED_EDGE('',*,*,#6291,.T.);
#2509=ORIENTED_EDGE('',*,*,#5364,.F.);
#2510=ORIENTED_EDGE('',*,*,#6307,.F.);
#2511=ORIENTED_EDGE('',*,*,#5488,.T.);
#2512=ORIENTED_EDGE('',*,*,#6286,.T.);
#2513=ORIENTED_EDGE('',*,*,#5426,.F.);
#2514=ORIENTED_EDGE('',*,*,#6308,.F.);
#2515=ORIENTED_EDGE('',*,*,#5550,.T.);
#2516=ORIENTED_EDGE('',*,*,#6287,.T.);
#2517=ORIENTED_EDGE('',*,*,#5488,.F.);
#2518=ORIENTED_EDGE('',*,*,#6309,.F.);
#2519=ORIENTED_EDGE('',*,*,#5612,.T.);
#2520=ORIENTED_EDGE('',*,*,#6288,.T.);
#2521=ORIENTED_EDGE('',*,*,#5550,.F.);
#2522=ORIENTED_EDGE('',*,*,#5387,.T.);
#2523=ORIENTED_EDGE('',*,*,#6276,.T.);
#2524=ORIENTED_EDGE('',*,*,#5325,.F.);
#2525=ORIENTED_EDGE('',*,*,#5674,.T.);
#2526=ORIENTED_EDGE('',*,*,#5449,.T.);
#2527=ORIENTED_EDGE('',*,*,#6271,.T.);
#2528=ORIENTED_EDGE('',*,*,#5387,.F.);
#2529=ORIENTED_EDGE('',*,*,#5673,.T.);
#2530=ORIENTED_EDGE('',*,*,#5511,.T.);
#2531=ORIENTED_EDGE('',*,*,#6272,.T.);
#2532=ORIENTED_EDGE('',*,*,#5449,.F.);
#2533=ORIENTED_EDGE('',*,*,#5672,.T.);
#2534=ORIENTED_EDGE('',*,*,#5573,.T.);
#2535=ORIENTED_EDGE('',*,*,#6273,.T.);
#2536=ORIENTED_EDGE('',*,*,#5511,.F.);
#2537=ORIENTED_EDGE('',*,*,#5671,.T.);
#2538=ORIENTED_EDGE('',*,*,#6297,.F.);
#2539=ORIENTED_EDGE('',*,*,#5427,.T.);
#2540=ORIENTED_EDGE('',*,*,#6261,.T.);
#2541=ORIENTED_EDGE('',*,*,#5365,.F.);
#2542=ORIENTED_EDGE('',*,*,#6292,.F.);
#2543=ORIENTED_EDGE('',*,*,#5489,.T.);
#2544=ORIENTED_EDGE('',*,*,#6256,.T.);
#2545=ORIENTED_EDGE('',*,*,#5427,.F.);
#2546=ORIENTED_EDGE('',*,*,#6293,.F.);
#2547=ORIENTED_EDGE('',*,*,#5551,.T.);
#2548=ORIENTED_EDGE('',*,*,#6257,.T.);
#2549=ORIENTED_EDGE('',*,*,#5489,.F.);
#2550=ORIENTED_EDGE('',*,*,#6294,.F.);
#2551=ORIENTED_EDGE('',*,*,#5613,.T.);
#2552=ORIENTED_EDGE('',*,*,#6258,.T.);
#2553=ORIENTED_EDGE('',*,*,#5551,.F.);
#2554=ORIENTED_EDGE('',*,*,#6267,.F.);
#2555=ORIENTED_EDGE('',*,*,#5428,.T.);
#2556=ORIENTED_EDGE('',*,*,#6246,.T.);
#2557=ORIENTED_EDGE('',*,*,#5366,.F.);
#2558=ORIENTED_EDGE('',*,*,#6262,.F.);
#2559=ORIENTED_EDGE('',*,*,#5490,.T.);
#2560=ORIENTED_EDGE('',*,*,#6241,.T.);
#2561=ORIENTED_EDGE('',*,*,#5428,.F.);
#2562=ORIENTED_EDGE('',*,*,#6263,.F.);
#2563=ORIENTED_EDGE('',*,*,#5552,.T.);
#2564=ORIENTED_EDGE('',*,*,#6242,.T.);
#2565=ORIENTED_EDGE('',*,*,#5490,.F.);
#2566=ORIENTED_EDGE('',*,*,#6264,.F.);
#2567=ORIENTED_EDGE('',*,*,#5614,.T.);
#2568=ORIENTED_EDGE('',*,*,#6243,.T.);
#2569=ORIENTED_EDGE('',*,*,#5552,.F.);
#2570=ORIENTED_EDGE('',*,*,#6282,.F.);
#2571=ORIENTED_EDGE('',*,*,#5388,.T.);
#2572=ORIENTED_EDGE('',*,*,#6231,.T.);
#2573=ORIENTED_EDGE('',*,*,#5326,.F.);
#2574=ORIENTED_EDGE('',*,*,#6277,.F.);
#2575=ORIENTED_EDGE('',*,*,#5450,.T.);
#2576=ORIENTED_EDGE('',*,*,#6226,.T.);
#2577=ORIENTED_EDGE('',*,*,#5388,.F.);
#2578=ORIENTED_EDGE('',*,*,#6278,.F.);
#2579=ORIENTED_EDGE('',*,*,#5512,.T.);
#2580=ORIENTED_EDGE('',*,*,#6227,.T.);
#2581=ORIENTED_EDGE('',*,*,#5450,.F.);
#2582=ORIENTED_EDGE('',*,*,#6279,.F.);
#2583=ORIENTED_EDGE('',*,*,#5574,.T.);
#2584=ORIENTED_EDGE('',*,*,#6228,.T.);
#2585=ORIENTED_EDGE('',*,*,#5512,.F.);
#2586=ORIENTED_EDGE('',*,*,#6252,.F.);
#2587=ORIENTED_EDGE('',*,*,#5429,.T.);
#2588=ORIENTED_EDGE('',*,*,#6216,.T.);
#2589=ORIENTED_EDGE('',*,*,#5367,.F.);
#2590=ORIENTED_EDGE('',*,*,#6247,.F.);
#2591=ORIENTED_EDGE('',*,*,#5491,.T.);
#2592=ORIENTED_EDGE('',*,*,#6211,.T.);
#2593=ORIENTED_EDGE('',*,*,#5429,.F.);
#2594=ORIENTED_EDGE('',*,*,#6248,.F.);
#2595=ORIENTED_EDGE('',*,*,#5553,.T.);
#2596=ORIENTED_EDGE('',*,*,#6212,.T.);
#2597=ORIENTED_EDGE('',*,*,#5491,.F.);
#2598=ORIENTED_EDGE('',*,*,#6249,.F.);
#2599=ORIENTED_EDGE('',*,*,#5615,.T.);
#2600=ORIENTED_EDGE('',*,*,#6213,.T.);
#2601=ORIENTED_EDGE('',*,*,#5553,.F.);
#2602=ORIENTED_EDGE('',*,*,#6222,.F.);
#2603=ORIENTED_EDGE('',*,*,#5430,.T.);
#2604=ORIENTED_EDGE('',*,*,#6201,.T.);
#2605=ORIENTED_EDGE('',*,*,#5368,.F.);
#2606=ORIENTED_EDGE('',*,*,#6217,.F.);
#2607=ORIENTED_EDGE('',*,*,#5492,.T.);
#2608=ORIENTED_EDGE('',*,*,#6196,.T.);
#2609=ORIENTED_EDGE('',*,*,#5430,.F.);
#2610=ORIENTED_EDGE('',*,*,#6218,.F.);
#2611=ORIENTED_EDGE('',*,*,#5554,.T.);
#2612=ORIENTED_EDGE('',*,*,#6197,.T.);
#2613=ORIENTED_EDGE('',*,*,#5492,.F.);
#2614=ORIENTED_EDGE('',*,*,#6219,.F.);
#2615=ORIENTED_EDGE('',*,*,#5616,.T.);
#2616=ORIENTED_EDGE('',*,*,#6198,.T.);
#2617=ORIENTED_EDGE('',*,*,#5554,.F.);
#2618=ORIENTED_EDGE('',*,*,#6237,.F.);
#2619=ORIENTED_EDGE('',*,*,#5389,.T.);
#2620=ORIENTED_EDGE('',*,*,#6186,.T.);
#2621=ORIENTED_EDGE('',*,*,#5327,.F.);
#2622=ORIENTED_EDGE('',*,*,#6232,.F.);
#2623=ORIENTED_EDGE('',*,*,#5451,.T.);
#2624=ORIENTED_EDGE('',*,*,#6181,.T.);
#2625=ORIENTED_EDGE('',*,*,#5389,.F.);
#2626=ORIENTED_EDGE('',*,*,#6233,.F.);
#2627=ORIENTED_EDGE('',*,*,#5513,.T.);
#2628=ORIENTED_EDGE('',*,*,#6182,.T.);
#2629=ORIENTED_EDGE('',*,*,#5451,.F.);
#2630=ORIENTED_EDGE('',*,*,#6234,.F.);
#2631=ORIENTED_EDGE('',*,*,#5575,.T.);
#2632=ORIENTED_EDGE('',*,*,#6183,.T.);
#2633=ORIENTED_EDGE('',*,*,#5513,.F.);
#2634=ORIENTED_EDGE('',*,*,#6207,.F.);
#2635=ORIENTED_EDGE('',*,*,#5431,.T.);
#2636=ORIENTED_EDGE('',*,*,#6171,.T.);
#2637=ORIENTED_EDGE('',*,*,#5369,.F.);
#2638=ORIENTED_EDGE('',*,*,#6202,.F.);
#2639=ORIENTED_EDGE('',*,*,#5493,.T.);
#2640=ORIENTED_EDGE('',*,*,#6166,.T.);
#2641=ORIENTED_EDGE('',*,*,#5431,.F.);
#2642=ORIENTED_EDGE('',*,*,#6203,.F.);
#2643=ORIENTED_EDGE('',*,*,#5555,.T.);
#2644=ORIENTED_EDGE('',*,*,#6167,.T.);
#2645=ORIENTED_EDGE('',*,*,#5493,.F.);
#2646=ORIENTED_EDGE('',*,*,#6204,.F.);
#2647=ORIENTED_EDGE('',*,*,#5617,.T.);
#2648=ORIENTED_EDGE('',*,*,#6168,.T.);
#2649=ORIENTED_EDGE('',*,*,#5555,.F.);
#2650=ORIENTED_EDGE('',*,*,#6177,.F.);
#2651=ORIENTED_EDGE('',*,*,#5432,.T.);
#2652=ORIENTED_EDGE('',*,*,#6156,.T.);
#2653=ORIENTED_EDGE('',*,*,#5370,.F.);
#2654=ORIENTED_EDGE('',*,*,#6172,.F.);
#2655=ORIENTED_EDGE('',*,*,#5494,.T.);
#2656=ORIENTED_EDGE('',*,*,#6151,.T.);
#2657=ORIENTED_EDGE('',*,*,#5432,.F.);
#2658=ORIENTED_EDGE('',*,*,#6173,.F.);
#2659=ORIENTED_EDGE('',*,*,#5556,.T.);
#2660=ORIENTED_EDGE('',*,*,#6152,.T.);
#2661=ORIENTED_EDGE('',*,*,#5494,.F.);
#2662=ORIENTED_EDGE('',*,*,#6174,.F.);
#2663=ORIENTED_EDGE('',*,*,#5618,.T.);
#2664=ORIENTED_EDGE('',*,*,#6153,.T.);
#2665=ORIENTED_EDGE('',*,*,#5556,.F.);
#2666=ORIENTED_EDGE('',*,*,#6192,.F.);
#2667=ORIENTED_EDGE('',*,*,#5390,.T.);
#2668=ORIENTED_EDGE('',*,*,#6141,.T.);
#2669=ORIENTED_EDGE('',*,*,#5328,.F.);
#2670=ORIENTED_EDGE('',*,*,#6187,.F.);
#2671=ORIENTED_EDGE('',*,*,#5452,.T.);
#2672=ORIENTED_EDGE('',*,*,#6136,.T.);
#2673=ORIENTED_EDGE('',*,*,#5390,.F.);
#2674=ORIENTED_EDGE('',*,*,#6188,.F.);
#2675=ORIENTED_EDGE('',*,*,#5514,.T.);
#2676=ORIENTED_EDGE('',*,*,#6137,.T.);
#2677=ORIENTED_EDGE('',*,*,#5452,.F.);
#2678=ORIENTED_EDGE('',*,*,#6189,.F.);
#2679=ORIENTED_EDGE('',*,*,#5576,.T.);
#2680=ORIENTED_EDGE('',*,*,#6138,.T.);
#2681=ORIENTED_EDGE('',*,*,#5514,.F.);
#2682=ORIENTED_EDGE('',*,*,#6162,.F.);
#2683=ORIENTED_EDGE('',*,*,#5433,.T.);
#2684=ORIENTED_EDGE('',*,*,#6126,.T.);
#2685=ORIENTED_EDGE('',*,*,#5371,.F.);
#2686=ORIENTED_EDGE('',*,*,#6157,.F.);
#2687=ORIENTED_EDGE('',*,*,#5495,.T.);
#2688=ORIENTED_EDGE('',*,*,#6121,.T.);
#2689=ORIENTED_EDGE('',*,*,#5433,.F.);
#2690=ORIENTED_EDGE('',*,*,#6158,.F.);
#2691=ORIENTED_EDGE('',*,*,#5557,.T.);
#2692=ORIENTED_EDGE('',*,*,#6122,.T.);
#2693=ORIENTED_EDGE('',*,*,#5495,.F.);
#2694=ORIENTED_EDGE('',*,*,#6159,.F.);
#2695=ORIENTED_EDGE('',*,*,#5619,.T.);
#2696=ORIENTED_EDGE('',*,*,#6123,.T.);
#2697=ORIENTED_EDGE('',*,*,#5557,.F.);
#2698=ORIENTED_EDGE('',*,*,#5439,.T.);
#2699=ORIENTED_EDGE('',*,*,#6111,.T.);
#2700=ORIENTED_EDGE('',*,*,#5377,.F.);
#2701=ORIENTED_EDGE('',*,*,#5757,.F.);
#2702=ORIENTED_EDGE('',*,*,#5501,.T.);
#2703=ORIENTED_EDGE('',*,*,#6106,.T.);
#2704=ORIENTED_EDGE('',*,*,#5439,.F.);
#2705=ORIENTED_EDGE('',*,*,#5752,.F.);
#2706=ORIENTED_EDGE('',*,*,#5563,.T.);
#2707=ORIENTED_EDGE('',*,*,#6107,.T.);
#2708=ORIENTED_EDGE('',*,*,#5501,.F.);
#2709=ORIENTED_EDGE('',*,*,#5753,.F.);
#2710=ORIENTED_EDGE('',*,*,#5625,.T.);
#2711=ORIENTED_EDGE('',*,*,#6108,.T.);
#2712=ORIENTED_EDGE('',*,*,#5563,.F.);
#2713=ORIENTED_EDGE('',*,*,#5754,.F.);
#2714=ORIENTED_EDGE('',*,*,#6117,.F.);
#2715=ORIENTED_EDGE('',*,*,#5440,.T.);
#2716=ORIENTED_EDGE('',*,*,#6096,.T.);
#2717=ORIENTED_EDGE('',*,*,#5378,.F.);
#2718=ORIENTED_EDGE('',*,*,#6112,.F.);
#2719=ORIENTED_EDGE('',*,*,#5502,.T.);
#2720=ORIENTED_EDGE('',*,*,#6091,.T.);
#2721=ORIENTED_EDGE('',*,*,#5440,.F.);
#2722=ORIENTED_EDGE('',*,*,#6113,.F.);
#2723=ORIENTED_EDGE('',*,*,#5564,.T.);
#2724=ORIENTED_EDGE('',*,*,#6092,.T.);
#2725=ORIENTED_EDGE('',*,*,#5502,.F.);
#2726=ORIENTED_EDGE('',*,*,#6114,.F.);
#2727=ORIENTED_EDGE('',*,*,#5626,.T.);
#2728=ORIENTED_EDGE('',*,*,#6093,.T.);
#2729=ORIENTED_EDGE('',*,*,#5564,.F.);
#2730=ORIENTED_EDGE('',*,*,#5394,.T.);
#2731=ORIENTED_EDGE('',*,*,#6081,.T.);
#2732=ORIENTED_EDGE('',*,*,#5332,.F.);
#2733=ORIENTED_EDGE('',*,*,#5742,.F.);
#2734=ORIENTED_EDGE('',*,*,#5456,.T.);
#2735=ORIENTED_EDGE('',*,*,#6076,.T.);
#2736=ORIENTED_EDGE('',*,*,#5394,.F.);
#2737=ORIENTED_EDGE('',*,*,#5737,.F.);
#2738=ORIENTED_EDGE('',*,*,#5518,.T.);
#2739=ORIENTED_EDGE('',*,*,#6077,.T.);
#2740=ORIENTED_EDGE('',*,*,#5456,.F.);
#2741=ORIENTED_EDGE('',*,*,#5738,.F.);
#2742=ORIENTED_EDGE('',*,*,#5580,.T.);
#2743=ORIENTED_EDGE('',*,*,#6078,.T.);
#2744=ORIENTED_EDGE('',*,*,#5518,.F.);
#2745=ORIENTED_EDGE('',*,*,#5739,.F.);
#2746=ORIENTED_EDGE('',*,*,#6102,.F.);
#2747=ORIENTED_EDGE('',*,*,#5441,.T.);
#2748=ORIENTED_EDGE('',*,*,#6066,.T.);
#2749=ORIENTED_EDGE('',*,*,#5379,.F.);
#2750=ORIENTED_EDGE('',*,*,#6097,.F.);
#2751=ORIENTED_EDGE('',*,*,#5503,.T.);
#2752=ORIENTED_EDGE('',*,*,#6061,.T.);
#2753=ORIENTED_EDGE('',*,*,#5441,.F.);
#2754=ORIENTED_EDGE('',*,*,#6098,.F.);
#2755=ORIENTED_EDGE('',*,*,#5565,.T.);
#2756=ORIENTED_EDGE('',*,*,#6062,.T.);
#2757=ORIENTED_EDGE('',*,*,#5503,.F.);
#2758=ORIENTED_EDGE('',*,*,#6099,.F.);
#2759=ORIENTED_EDGE('',*,*,#5627,.T.);
#2760=ORIENTED_EDGE('',*,*,#6063,.T.);
#2761=ORIENTED_EDGE('',*,*,#5565,.F.);
#2762=ORIENTED_EDGE('',*,*,#6072,.F.);
#2763=ORIENTED_EDGE('',*,*,#5442,.T.);
#2764=ORIENTED_EDGE('',*,*,#6051,.T.);
#2765=ORIENTED_EDGE('',*,*,#5380,.F.);
#2766=ORIENTED_EDGE('',*,*,#6067,.F.);
#2767=ORIENTED_EDGE('',*,*,#5504,.T.);
#2768=ORIENTED_EDGE('',*,*,#6046,.T.);
#2769=ORIENTED_EDGE('',*,*,#5442,.F.);
#2770=ORIENTED_EDGE('',*,*,#6068,.F.);
#2771=ORIENTED_EDGE('',*,*,#5566,.T.);
#2772=ORIENTED_EDGE('',*,*,#6047,.T.);
#2773=ORIENTED_EDGE('',*,*,#5504,.F.);
#2774=ORIENTED_EDGE('',*,*,#6069,.F.);
#2775=ORIENTED_EDGE('',*,*,#5628,.T.);
#2776=ORIENTED_EDGE('',*,*,#6048,.T.);
#2777=ORIENTED_EDGE('',*,*,#5566,.F.);
#2778=ORIENTED_EDGE('',*,*,#6087,.F.);
#2779=ORIENTED_EDGE('',*,*,#5395,.T.);
#2780=ORIENTED_EDGE('',*,*,#6036,.T.);
#2781=ORIENTED_EDGE('',*,*,#5333,.F.);
#2782=ORIENTED_EDGE('',*,*,#6082,.F.);
#2783=ORIENTED_EDGE('',*,*,#5457,.T.);
#2784=ORIENTED_EDGE('',*,*,#6031,.T.);
#2785=ORIENTED_EDGE('',*,*,#5395,.F.);
#2786=ORIENTED_EDGE('',*,*,#6083,.F.);
#2787=ORIENTED_EDGE('',*,*,#5519,.T.);
#2788=ORIENTED_EDGE('',*,*,#6032,.T.);
#2789=ORIENTED_EDGE('',*,*,#5457,.F.);
#2790=ORIENTED_EDGE('',*,*,#6084,.F.);
#2791=ORIENTED_EDGE('',*,*,#5581,.T.);
#2792=ORIENTED_EDGE('',*,*,#6033,.T.);
#2793=ORIENTED_EDGE('',*,*,#5519,.F.);
#2794=ORIENTED_EDGE('',*,*,#6057,.F.);
#2795=ORIENTED_EDGE('',*,*,#5443,.T.);
#2796=ORIENTED_EDGE('',*,*,#6021,.T.);
#2797=ORIENTED_EDGE('',*,*,#5381,.F.);
#2798=ORIENTED_EDGE('',*,*,#6052,.F.);
#2799=ORIENTED_EDGE('',*,*,#5505,.T.);
#2800=ORIENTED_EDGE('',*,*,#6016,.T.);
#2801=ORIENTED_EDGE('',*,*,#5443,.F.);
#2802=ORIENTED_EDGE('',*,*,#6053,.F.);
#2803=ORIENTED_EDGE('',*,*,#5567,.T.);
#2804=ORIENTED_EDGE('',*,*,#6017,.T.);
#2805=ORIENTED_EDGE('',*,*,#5505,.F.);
#2806=ORIENTED_EDGE('',*,*,#6054,.F.);
#2807=ORIENTED_EDGE('',*,*,#5629,.T.);
#2808=ORIENTED_EDGE('',*,*,#6018,.T.);
#2809=ORIENTED_EDGE('',*,*,#5567,.F.);
#2810=ORIENTED_EDGE('',*,*,#6027,.F.);
#2811=ORIENTED_EDGE('',*,*,#5444,.T.);
#2812=ORIENTED_EDGE('',*,*,#6006,.T.);
#2813=ORIENTED_EDGE('',*,*,#5382,.F.);
#2814=ORIENTED_EDGE('',*,*,#6022,.F.);
#2815=ORIENTED_EDGE('',*,*,#5506,.T.);
#2816=ORIENTED_EDGE('',*,*,#6001,.T.);
#2817=ORIENTED_EDGE('',*,*,#5444,.F.);
#2818=ORIENTED_EDGE('',*,*,#6023,.F.);
#2819=ORIENTED_EDGE('',*,*,#5568,.T.);
#2820=ORIENTED_EDGE('',*,*,#6002,.T.);
#2821=ORIENTED_EDGE('',*,*,#5506,.F.);
#2822=ORIENTED_EDGE('',*,*,#6024,.F.);
#2823=ORIENTED_EDGE('',*,*,#5630,.T.);
#2824=ORIENTED_EDGE('',*,*,#6003,.T.);
#2825=ORIENTED_EDGE('',*,*,#5568,.F.);
#2826=ORIENTED_EDGE('',*,*,#6042,.F.);
#2827=ORIENTED_EDGE('',*,*,#5396,.T.);
#2828=ORIENTED_EDGE('',*,*,#5991,.T.);
#2829=ORIENTED_EDGE('',*,*,#5334,.F.);
#2830=ORIENTED_EDGE('',*,*,#6037,.F.);
#2831=ORIENTED_EDGE('',*,*,#5458,.T.);
#2832=ORIENTED_EDGE('',*,*,#5986,.T.);
#2833=ORIENTED_EDGE('',*,*,#5396,.F.);
#2834=ORIENTED_EDGE('',*,*,#6038,.F.);
#2835=ORIENTED_EDGE('',*,*,#5520,.T.);
#2836=ORIENTED_EDGE('',*,*,#5987,.T.);
#2837=ORIENTED_EDGE('',*,*,#5458,.F.);
#2838=ORIENTED_EDGE('',*,*,#6039,.F.);
#2839=ORIENTED_EDGE('',*,*,#5582,.T.);
#2840=ORIENTED_EDGE('',*,*,#5988,.T.);
#2841=ORIENTED_EDGE('',*,*,#5520,.F.);
#2842=ORIENTED_EDGE('',*,*,#6012,.F.);
#2843=ORIENTED_EDGE('',*,*,#5445,.T.);
#2844=ORIENTED_EDGE('',*,*,#5976,.T.);
#2845=ORIENTED_EDGE('',*,*,#5383,.F.);
#2846=ORIENTED_EDGE('',*,*,#6007,.F.);
#2847=ORIENTED_EDGE('',*,*,#5507,.T.);
#2848=ORIENTED_EDGE('',*,*,#5971,.T.);
#2849=ORIENTED_EDGE('',*,*,#5445,.F.);
#2850=ORIENTED_EDGE('',*,*,#6008,.F.);
#2851=ORIENTED_EDGE('',*,*,#5569,.T.);
#2852=ORIENTED_EDGE('',*,*,#5972,.T.);
#2853=ORIENTED_EDGE('',*,*,#5507,.F.);
#2854=ORIENTED_EDGE('',*,*,#6009,.F.);
#2855=ORIENTED_EDGE('',*,*,#5631,.T.);
#2856=ORIENTED_EDGE('',*,*,#5973,.T.);
#2857=ORIENTED_EDGE('',*,*,#5569,.F.);
#2858=ORIENTED_EDGE('',*,*,#5982,.F.);
#2859=ORIENTED_EDGE('',*,*,#5446,.T.);
#2860=ORIENTED_EDGE('',*,*,#5961,.T.);
#2861=ORIENTED_EDGE('',*,*,#5384,.F.);
#2862=ORIENTED_EDGE('',*,*,#5977,.F.);
#2863=ORIENTED_EDGE('',*,*,#5508,.T.);
#2864=ORIENTED_EDGE('',*,*,#5956,.T.);
#2865=ORIENTED_EDGE('',*,*,#5446,.F.);
#2866=ORIENTED_EDGE('',*,*,#5978,.F.);
#2867=ORIENTED_EDGE('',*,*,#5570,.T.);
#2868=ORIENTED_EDGE('',*,*,#5957,.T.);
#2869=ORIENTED_EDGE('',*,*,#5508,.F.);
#2870=ORIENTED_EDGE('',*,*,#5979,.F.);
#2871=ORIENTED_EDGE('',*,*,#5632,.T.);
#2872=ORIENTED_EDGE('',*,*,#5958,.T.);
#2873=ORIENTED_EDGE('',*,*,#5570,.F.);
#2874=ORIENTED_EDGE('',*,*,#5997,.F.);
#2875=ORIENTED_EDGE('',*,*,#5397,.T.);
#2876=ORIENTED_EDGE('',*,*,#5946,.T.);
#2877=ORIENTED_EDGE('',*,*,#5335,.F.);
#2878=ORIENTED_EDGE('',*,*,#5992,.F.);
#2879=ORIENTED_EDGE('',*,*,#5459,.T.);
#2880=ORIENTED_EDGE('',*,*,#5941,.T.);
#2881=ORIENTED_EDGE('',*,*,#5397,.F.);
#2882=ORIENTED_EDGE('',*,*,#5993,.F.);
#2883=ORIENTED_EDGE('',*,*,#5521,.T.);
#2884=ORIENTED_EDGE('',*,*,#5942,.T.);
#2885=ORIENTED_EDGE('',*,*,#5459,.F.);
#2886=ORIENTED_EDGE('',*,*,#5994,.F.);
#2887=ORIENTED_EDGE('',*,*,#5583,.T.);
#2888=ORIENTED_EDGE('',*,*,#5943,.T.);
#2889=ORIENTED_EDGE('',*,*,#5521,.F.);
#2890=ORIENTED_EDGE('',*,*,#5967,.F.);
#2891=ORIENTED_EDGE('',*,*,#5447,.T.);
#2892=ORIENTED_EDGE('',*,*,#5931,.T.);
#2893=ORIENTED_EDGE('',*,*,#5385,.F.);
#2894=ORIENTED_EDGE('',*,*,#5962,.F.);
#2895=ORIENTED_EDGE('',*,*,#5509,.T.);
#2896=ORIENTED_EDGE('',*,*,#5926,.T.);
#2897=ORIENTED_EDGE('',*,*,#5447,.F.);
#2898=ORIENTED_EDGE('',*,*,#5963,.F.);
#2899=ORIENTED_EDGE('',*,*,#5571,.T.);
#2900=ORIENTED_EDGE('',*,*,#5927,.T.);
#2901=ORIENTED_EDGE('',*,*,#5509,.F.);
#2902=ORIENTED_EDGE('',*,*,#5964,.F.);
#2903=ORIENTED_EDGE('',*,*,#5633,.T.);
#2904=ORIENTED_EDGE('',*,*,#5928,.T.);
#2905=ORIENTED_EDGE('',*,*,#5571,.F.);
#2906=ORIENTED_EDGE('',*,*,#6342,.F.);
#2907=ORIENTED_EDGE('',*,*,#5419,.T.);
#2908=ORIENTED_EDGE('',*,*,#5916,.T.);
#2909=ORIENTED_EDGE('',*,*,#5357,.F.);
#2910=ORIENTED_EDGE('',*,*,#6337,.F.);
#2911=ORIENTED_EDGE('',*,*,#5481,.T.);
#2912=ORIENTED_EDGE('',*,*,#5911,.T.);
#2913=ORIENTED_EDGE('',*,*,#5419,.F.);
#2914=ORIENTED_EDGE('',*,*,#6338,.F.);
#2915=ORIENTED_EDGE('',*,*,#5543,.T.);
#2916=ORIENTED_EDGE('',*,*,#5912,.T.);
#2917=ORIENTED_EDGE('',*,*,#5481,.F.);
#2918=ORIENTED_EDGE('',*,*,#6339,.F.);
#2919=ORIENTED_EDGE('',*,*,#5605,.T.);
#2920=ORIENTED_EDGE('',*,*,#5913,.T.);
#2921=ORIENTED_EDGE('',*,*,#5543,.F.);
#2922=ORIENTED_EDGE('',*,*,#5922,.F.);
#2923=ORIENTED_EDGE('',*,*,#5420,.T.);
#2924=ORIENTED_EDGE('',*,*,#5901,.T.);
#2925=ORIENTED_EDGE('',*,*,#5358,.F.);
#2926=ORIENTED_EDGE('',*,*,#5917,.F.);
#2927=ORIENTED_EDGE('',*,*,#5482,.T.);
#2928=ORIENTED_EDGE('',*,*,#5896,.T.);
#2929=ORIENTED_EDGE('',*,*,#5420,.F.);
#2930=ORIENTED_EDGE('',*,*,#5918,.F.);
#2931=ORIENTED_EDGE('',*,*,#5544,.T.);
#2932=ORIENTED_EDGE('',*,*,#5897,.T.);
#2933=ORIENTED_EDGE('',*,*,#5482,.F.);
#2934=ORIENTED_EDGE('',*,*,#5919,.F.);
#2935=ORIENTED_EDGE('',*,*,#5606,.T.);
#2936=ORIENTED_EDGE('',*,*,#5898,.T.);
#2937=ORIENTED_EDGE('',*,*,#5544,.F.);
#2938=ORIENTED_EDGE('',*,*,#5907,.F.);
#2939=ORIENTED_EDGE('',*,*,#5421,.T.);
#2940=ORIENTED_EDGE('',*,*,#5886,.T.);
#2941=ORIENTED_EDGE('',*,*,#5359,.F.);
#2942=ORIENTED_EDGE('',*,*,#5902,.F.);
#2943=ORIENTED_EDGE('',*,*,#5483,.T.);
#2944=ORIENTED_EDGE('',*,*,#5881,.T.);
#2945=ORIENTED_EDGE('',*,*,#5421,.F.);
#2946=ORIENTED_EDGE('',*,*,#5903,.F.);
#2947=ORIENTED_EDGE('',*,*,#5545,.T.);
#2948=ORIENTED_EDGE('',*,*,#5882,.T.);
#2949=ORIENTED_EDGE('',*,*,#5483,.F.);
#2950=ORIENTED_EDGE('',*,*,#5904,.F.);
#2951=ORIENTED_EDGE('',*,*,#5607,.T.);
#2952=ORIENTED_EDGE('',*,*,#5883,.T.);
#2953=ORIENTED_EDGE('',*,*,#5545,.F.);
#2954=ORIENTED_EDGE('',*,*,#5892,.F.);
#2955=ORIENTED_EDGE('',*,*,#5422,.T.);
#2956=ORIENTED_EDGE('',*,*,#5871,.T.);
#2957=ORIENTED_EDGE('',*,*,#5360,.F.);
#2958=ORIENTED_EDGE('',*,*,#5887,.F.);
#2959=ORIENTED_EDGE('',*,*,#5484,.T.);
#2960=ORIENTED_EDGE('',*,*,#5866,.T.);
#2961=ORIENTED_EDGE('',*,*,#5422,.F.);
#2962=ORIENTED_EDGE('',*,*,#5888,.F.);
#2963=ORIENTED_EDGE('',*,*,#5546,.T.);
#2964=ORIENTED_EDGE('',*,*,#5867,.T.);
#2965=ORIENTED_EDGE('',*,*,#5484,.F.);
#2966=ORIENTED_EDGE('',*,*,#5889,.F.);
#2967=ORIENTED_EDGE('',*,*,#5608,.T.);
#2968=ORIENTED_EDGE('',*,*,#5868,.T.);
#2969=ORIENTED_EDGE('',*,*,#5546,.F.);
#2970=ORIENTED_EDGE('',*,*,#5877,.F.);
#2971=ORIENTED_EDGE('',*,*,#5423,.T.);
#2972=ORIENTED_EDGE('',*,*,#5856,.T.);
#2973=ORIENTED_EDGE('',*,*,#5361,.F.);
#2974=ORIENTED_EDGE('',*,*,#5872,.F.);
#2975=ORIENTED_EDGE('',*,*,#5485,.T.);
#2976=ORIENTED_EDGE('',*,*,#5851,.T.);
#2977=ORIENTED_EDGE('',*,*,#5423,.F.);
#2978=ORIENTED_EDGE('',*,*,#5873,.F.);
#2979=ORIENTED_EDGE('',*,*,#5547,.T.);
#2980=ORIENTED_EDGE('',*,*,#5852,.T.);
#2981=ORIENTED_EDGE('',*,*,#5485,.F.);
#2982=ORIENTED_EDGE('',*,*,#5874,.F.);
#2983=ORIENTED_EDGE('',*,*,#5609,.T.);
#2984=ORIENTED_EDGE('',*,*,#5853,.T.);
#2985=ORIENTED_EDGE('',*,*,#5547,.F.);
#2986=ORIENTED_EDGE('',*,*,#6132,.F.);
#2987=ORIENTED_EDGE('',*,*,#5434,.T.);
#2988=ORIENTED_EDGE('',*,*,#5841,.T.);
#2989=ORIENTED_EDGE('',*,*,#5372,.F.);
#2990=ORIENTED_EDGE('',*,*,#6127,.F.);
#2991=ORIENTED_EDGE('',*,*,#5496,.T.);
#2992=ORIENTED_EDGE('',*,*,#5836,.T.);
#2993=ORIENTED_EDGE('',*,*,#5434,.F.);
#2994=ORIENTED_EDGE('',*,*,#6128,.F.);
#2995=ORIENTED_EDGE('',*,*,#5558,.T.);
#2996=ORIENTED_EDGE('',*,*,#5837,.T.);
#2997=ORIENTED_EDGE('',*,*,#5496,.F.);
#2998=ORIENTED_EDGE('',*,*,#6129,.F.);
#2999=ORIENTED_EDGE('',*,*,#5620,.T.);
#3000=ORIENTED_EDGE('',*,*,#5838,.T.);
#3001=ORIENTED_EDGE('',*,*,#5558,.F.);
#3002=ORIENTED_EDGE('',*,*,#6147,.F.);
#3003=ORIENTED_EDGE('',*,*,#5391,.T.);
#3004=ORIENTED_EDGE('',*,*,#5826,.T.);
#3005=ORIENTED_EDGE('',*,*,#5329,.F.);
#3006=ORIENTED_EDGE('',*,*,#6142,.F.);
#3007=ORIENTED_EDGE('',*,*,#5453,.T.);
#3008=ORIENTED_EDGE('',*,*,#5821,.T.);
#3009=ORIENTED_EDGE('',*,*,#5391,.F.);
#3010=ORIENTED_EDGE('',*,*,#6143,.F.);
#3011=ORIENTED_EDGE('',*,*,#5515,.T.);
#3012=ORIENTED_EDGE('',*,*,#5822,.T.);
#3013=ORIENTED_EDGE('',*,*,#5453,.F.);
#3014=ORIENTED_EDGE('',*,*,#6144,.F.);
#3015=ORIENTED_EDGE('',*,*,#5577,.T.);
#3016=ORIENTED_EDGE('',*,*,#5823,.T.);
#3017=ORIENTED_EDGE('',*,*,#5515,.F.);
#3018=ORIENTED_EDGE('',*,*,#5847,.F.);
#3019=ORIENTED_EDGE('',*,*,#5435,.T.);
#3020=ORIENTED_EDGE('',*,*,#5811,.T.);
#3021=ORIENTED_EDGE('',*,*,#5373,.F.);
#3022=ORIENTED_EDGE('',*,*,#5842,.F.);
#3023=ORIENTED_EDGE('',*,*,#5497,.T.);
#3024=ORIENTED_EDGE('',*,*,#5806,.T.);
#3025=ORIENTED_EDGE('',*,*,#5435,.F.);
#3026=ORIENTED_EDGE('',*,*,#5843,.F.);
#3027=ORIENTED_EDGE('',*,*,#5559,.T.);
#3028=ORIENTED_EDGE('',*,*,#5807,.T.);
#3029=ORIENTED_EDGE('',*,*,#5497,.F.);
#3030=ORIENTED_EDGE('',*,*,#5844,.F.);
#3031=ORIENTED_EDGE('',*,*,#5621,.T.);
#3032=ORIENTED_EDGE('',*,*,#5808,.T.);
#3033=ORIENTED_EDGE('',*,*,#5559,.F.);
#3034=ORIENTED_EDGE('',*,*,#5817,.F.);
#3035=ORIENTED_EDGE('',*,*,#5436,.T.);
#3036=ORIENTED_EDGE('',*,*,#5796,.T.);
#3037=ORIENTED_EDGE('',*,*,#5374,.F.);
#3038=ORIENTED_EDGE('',*,*,#5812,.F.);
#3039=ORIENTED_EDGE('',*,*,#5498,.T.);
#3040=ORIENTED_EDGE('',*,*,#5791,.T.);
#3041=ORIENTED_EDGE('',*,*,#5436,.F.);
#3042=ORIENTED_EDGE('',*,*,#5813,.F.);
#3043=ORIENTED_EDGE('',*,*,#5560,.T.);
#3044=ORIENTED_EDGE('',*,*,#5792,.T.);
#3045=ORIENTED_EDGE('',*,*,#5498,.F.);
#3046=ORIENTED_EDGE('',*,*,#5814,.F.);
#3047=ORIENTED_EDGE('',*,*,#5622,.T.);
#3048=ORIENTED_EDGE('',*,*,#5793,.T.);
#3049=ORIENTED_EDGE('',*,*,#5560,.F.);
#3050=ORIENTED_EDGE('',*,*,#5832,.F.);
#3051=ORIENTED_EDGE('',*,*,#5392,.T.);
#3052=ORIENTED_EDGE('',*,*,#5781,.T.);
#3053=ORIENTED_EDGE('',*,*,#5330,.F.);
#3054=ORIENTED_EDGE('',*,*,#5827,.F.);
#3055=ORIENTED_EDGE('',*,*,#5454,.T.);
#3056=ORIENTED_EDGE('',*,*,#5776,.T.);
#3057=ORIENTED_EDGE('',*,*,#5392,.F.);
#3058=ORIENTED_EDGE('',*,*,#5828,.F.);
#3059=ORIENTED_EDGE('',*,*,#5516,.T.);
#3060=ORIENTED_EDGE('',*,*,#5777,.T.);
#3061=ORIENTED_EDGE('',*,*,#5454,.F.);
#3062=ORIENTED_EDGE('',*,*,#5829,.F.);
#3063=ORIENTED_EDGE('',*,*,#5578,.T.);
#3064=ORIENTED_EDGE('',*,*,#5778,.T.);
#3065=ORIENTED_EDGE('',*,*,#5516,.F.);
#3066=ORIENTED_EDGE('',*,*,#5802,.F.);
#3067=ORIENTED_EDGE('',*,*,#5437,.T.);
#3068=ORIENTED_EDGE('',*,*,#5766,.T.);
#3069=ORIENTED_EDGE('',*,*,#5375,.F.);
#3070=ORIENTED_EDGE('',*,*,#5797,.F.);
#3071=ORIENTED_EDGE('',*,*,#5499,.T.);
#3072=ORIENTED_EDGE('',*,*,#5761,.T.);
#3073=ORIENTED_EDGE('',*,*,#5437,.F.);
#3074=ORIENTED_EDGE('',*,*,#5798,.F.);
#3075=ORIENTED_EDGE('',*,*,#5561,.T.);
#3076=ORIENTED_EDGE('',*,*,#5762,.T.);
#3077=ORIENTED_EDGE('',*,*,#5499,.F.);
#3078=ORIENTED_EDGE('',*,*,#5799,.F.);
#3079=ORIENTED_EDGE('',*,*,#5623,.T.);
#3080=ORIENTED_EDGE('',*,*,#5763,.T.);
#3081=ORIENTED_EDGE('',*,*,#5561,.F.);
#3082=ORIENTED_EDGE('',*,*,#5772,.F.);
#3083=ORIENTED_EDGE('',*,*,#5438,.T.);
#3084=ORIENTED_EDGE('',*,*,#5751,.T.);
#3085=ORIENTED_EDGE('',*,*,#5376,.F.);
#3086=ORIENTED_EDGE('',*,*,#5767,.F.);
#3087=ORIENTED_EDGE('',*,*,#5500,.T.);
#3088=ORIENTED_EDGE('',*,*,#5746,.T.);
#3089=ORIENTED_EDGE('',*,*,#5438,.F.);
#3090=ORIENTED_EDGE('',*,*,#5768,.F.);
#3091=ORIENTED_EDGE('',*,*,#5562,.T.);
#3092=ORIENTED_EDGE('',*,*,#5747,.T.);
#3093=ORIENTED_EDGE('',*,*,#5500,.F.);
#3094=ORIENTED_EDGE('',*,*,#5769,.F.);
#3095=ORIENTED_EDGE('',*,*,#5624,.T.);
#3096=ORIENTED_EDGE('',*,*,#5748,.T.);
#3097=ORIENTED_EDGE('',*,*,#5562,.F.);
#3098=ORIENTED_EDGE('',*,*,#5787,.F.);
#3099=ORIENTED_EDGE('',*,*,#5393,.T.);
#3100=ORIENTED_EDGE('',*,*,#5736,.T.);
#3101=ORIENTED_EDGE('',*,*,#5331,.F.);
#3102=ORIENTED_EDGE('',*,*,#5782,.F.);
#3103=ORIENTED_EDGE('',*,*,#5455,.T.);
#3104=ORIENTED_EDGE('',*,*,#5731,.T.);
#3105=ORIENTED_EDGE('',*,*,#5393,.F.);
#3106=ORIENTED_EDGE('',*,*,#5783,.F.);
#3107=ORIENTED_EDGE('',*,*,#5517,.T.);
#3108=ORIENTED_EDGE('',*,*,#5732,.T.);
#3109=ORIENTED_EDGE('',*,*,#5455,.F.);
#3110=ORIENTED_EDGE('',*,*,#5784,.F.);
#3111=ORIENTED_EDGE('',*,*,#5579,.T.);
#3112=ORIENTED_EDGE('',*,*,#5733,.T.);
#3113=ORIENTED_EDGE('',*,*,#5517,.F.);
#3114=ORIENTED_EDGE('',*,*,#5952,.F.);
#3115=ORIENTED_EDGE('',*,*,#5398,.T.);
#3116=ORIENTED_EDGE('',*,*,#5721,.T.);
#3117=ORIENTED_EDGE('',*,*,#5336,.F.);
#3118=ORIENTED_EDGE('',*,*,#5947,.F.);
#3119=ORIENTED_EDGE('',*,*,#5460,.T.);
#3120=ORIENTED_EDGE('',*,*,#5716,.T.);
#3121=ORIENTED_EDGE('',*,*,#5398,.F.);
#3122=ORIENTED_EDGE('',*,*,#5948,.F.);
#3123=ORIENTED_EDGE('',*,*,#5522,.T.);
#3124=ORIENTED_EDGE('',*,*,#5717,.T.);
#3125=ORIENTED_EDGE('',*,*,#5460,.F.);
#3126=ORIENTED_EDGE('',*,*,#5949,.F.);
#3127=ORIENTED_EDGE('',*,*,#5584,.T.);
#3128=ORIENTED_EDGE('',*,*,#5718,.T.);
#3129=ORIENTED_EDGE('',*,*,#5522,.F.);
#3130=ORIENTED_EDGE('',*,*,#5712,.F.);
#3131=ORIENTED_EDGE('',*,*,#5652,.F.);
#3132=ORIENTED_EDGE('',*,*,#5684,.T.);
#3133=ORIENTED_EDGE('',*,*,#5316,.T.);
#3134=ORIENTED_EDGE('',*,*,#5711,.F.);
#3135=ORIENTED_EDGE('',*,*,#5316,.F.);
#3136=ORIENTED_EDGE('',*,*,#5683,.T.);
#3137=ORIENTED_EDGE('',*,*,#5317,.T.);
#3138=ORIENTED_EDGE('',*,*,#5710,.F.);
#3139=ORIENTED_EDGE('',*,*,#5317,.F.);
#3140=ORIENTED_EDGE('',*,*,#5682,.T.);
#3141=ORIENTED_EDGE('',*,*,#5318,.T.);
#3142=ORIENTED_EDGE('',*,*,#5709,.F.);
#3143=ORIENTED_EDGE('',*,*,#5318,.F.);
#3144=ORIENTED_EDGE('',*,*,#5681,.T.);
#3145=ORIENTED_EDGE('',*,*,#5319,.T.);
#3146=ORIENTED_EDGE('',*,*,#5708,.F.);
#3147=ORIENTED_EDGE('',*,*,#5319,.F.);
#3148=ORIENTED_EDGE('',*,*,#5680,.T.);
#3149=ORIENTED_EDGE('',*,*,#5320,.T.);
#3150=ORIENTED_EDGE('',*,*,#5707,.F.);
#3151=ORIENTED_EDGE('',*,*,#5320,.F.);
#3152=ORIENTED_EDGE('',*,*,#5679,.T.);
#3153=ORIENTED_EDGE('',*,*,#5321,.T.);
#3154=ORIENTED_EDGE('',*,*,#5706,.F.);
#3155=ORIENTED_EDGE('',*,*,#5321,.F.);
#3156=ORIENTED_EDGE('',*,*,#5678,.T.);
#3157=ORIENTED_EDGE('',*,*,#5322,.T.);
#3158=ORIENTED_EDGE('',*,*,#5705,.F.);
#3159=ORIENTED_EDGE('',*,*,#5322,.F.);
#3160=ORIENTED_EDGE('',*,*,#5677,.T.);
#3161=ORIENTED_EDGE('',*,*,#5323,.T.);
#3162=ORIENTED_EDGE('',*,*,#5704,.F.);
#3163=ORIENTED_EDGE('',*,*,#5323,.F.);
#3164=ORIENTED_EDGE('',*,*,#5676,.T.);
#3165=ORIENTED_EDGE('',*,*,#5324,.T.);
#3166=ORIENTED_EDGE('',*,*,#5703,.F.);
#3167=ORIENTED_EDGE('',*,*,#5324,.F.);
#3168=ORIENTED_EDGE('',*,*,#5675,.T.);
#3169=ORIENTED_EDGE('',*,*,#5325,.T.);
#3170=ORIENTED_EDGE('',*,*,#6268,.T.);
#3171=ORIENTED_EDGE('',*,*,#5326,.T.);
#3172=ORIENTED_EDGE('',*,*,#6223,.T.);
#3173=ORIENTED_EDGE('',*,*,#5327,.T.);
#3174=ORIENTED_EDGE('',*,*,#6178,.T.);
#3175=ORIENTED_EDGE('',*,*,#5328,.T.);
#3176=ORIENTED_EDGE('',*,*,#6133,.T.);
#3177=ORIENTED_EDGE('',*,*,#5329,.T.);
#3178=ORIENTED_EDGE('',*,*,#5818,.T.);
#3179=ORIENTED_EDGE('',*,*,#5330,.T.);
#3180=ORIENTED_EDGE('',*,*,#5773,.T.);
#3181=ORIENTED_EDGE('',*,*,#5331,.T.);
#3182=ORIENTED_EDGE('',*,*,#5728,.T.);
#3183=ORIENTED_EDGE('',*,*,#5332,.T.);
#3184=ORIENTED_EDGE('',*,*,#6073,.T.);
#3185=ORIENTED_EDGE('',*,*,#5333,.T.);
#3186=ORIENTED_EDGE('',*,*,#6028,.T.);
#3187=ORIENTED_EDGE('',*,*,#5334,.T.);
#3188=ORIENTED_EDGE('',*,*,#5983,.T.);
#3189=ORIENTED_EDGE('',*,*,#5335,.T.);
#3190=ORIENTED_EDGE('',*,*,#5938,.T.);
#3191=ORIENTED_EDGE('',*,*,#5336,.T.);
#3192=ORIENTED_EDGE('',*,*,#5713,.T.);
#3193=ORIENTED_EDGE('',*,*,#5337,.T.);
#3194=ORIENTED_EDGE('',*,*,#6613,.T.);
#3195=ORIENTED_EDGE('',*,*,#5338,.T.);
#3196=ORIENTED_EDGE('',*,*,#6598,.T.);
#3197=ORIENTED_EDGE('',*,*,#5339,.T.);
#3198=ORIENTED_EDGE('',*,*,#6583,.T.);
#3199=ORIENTED_EDGE('',*,*,#5340,.T.);
#3200=ORIENTED_EDGE('',*,*,#6568,.T.);
#3201=ORIENTED_EDGE('',*,*,#5341,.T.);
#3202=ORIENTED_EDGE('',*,*,#6553,.T.);
#3203=ORIENTED_EDGE('',*,*,#5342,.T.);
#3204=ORIENTED_EDGE('',*,*,#6538,.T.);
#3205=ORIENTED_EDGE('',*,*,#5343,.T.);
#3206=ORIENTED_EDGE('',*,*,#6523,.T.);
#3207=ORIENTED_EDGE('',*,*,#5344,.T.);
#3208=ORIENTED_EDGE('',*,*,#6508,.T.);
#3209=ORIENTED_EDGE('',*,*,#5345,.T.);
#3210=ORIENTED_EDGE('',*,*,#6493,.T.);
#3211=ORIENTED_EDGE('',*,*,#5346,.T.);
#3212=ORIENTED_EDGE('',*,*,#6478,.T.);
#3213=ORIENTED_EDGE('',*,*,#5347,.T.);
#3214=ORIENTED_EDGE('',*,*,#6463,.T.);
#3215=ORIENTED_EDGE('',*,*,#5348,.T.);
#3216=ORIENTED_EDGE('',*,*,#6448,.T.);
#3217=ORIENTED_EDGE('',*,*,#5349,.T.);
#3218=ORIENTED_EDGE('',*,*,#6433,.T.);
#3219=ORIENTED_EDGE('',*,*,#5350,.T.);
#3220=ORIENTED_EDGE('',*,*,#6418,.T.);
#3221=ORIENTED_EDGE('',*,*,#5351,.T.);
#3222=ORIENTED_EDGE('',*,*,#6403,.T.);
#3223=ORIENTED_EDGE('',*,*,#5352,.T.);
#3224=ORIENTED_EDGE('',*,*,#6388,.T.);
#3225=ORIENTED_EDGE('',*,*,#5353,.T.);
#3226=ORIENTED_EDGE('',*,*,#6373,.T.);
#3227=ORIENTED_EDGE('',*,*,#5354,.T.);
#3228=ORIENTED_EDGE('',*,*,#6358,.T.);
#3229=ORIENTED_EDGE('',*,*,#5355,.T.);
#3230=ORIENTED_EDGE('',*,*,#6343,.T.);
#3231=ORIENTED_EDGE('',*,*,#5356,.T.);
#3232=ORIENTED_EDGE('',*,*,#6328,.T.);
#3233=ORIENTED_EDGE('',*,*,#5357,.T.);
#3234=ORIENTED_EDGE('',*,*,#5908,.T.);
#3235=ORIENTED_EDGE('',*,*,#5358,.T.);
#3236=ORIENTED_EDGE('',*,*,#5893,.T.);
#3237=ORIENTED_EDGE('',*,*,#5359,.T.);
#3238=ORIENTED_EDGE('',*,*,#5878,.T.);
#3239=ORIENTED_EDGE('',*,*,#5360,.T.);
#3240=ORIENTED_EDGE('',*,*,#5863,.T.);
#3241=ORIENTED_EDGE('',*,*,#5361,.T.);
#3242=ORIENTED_EDGE('',*,*,#5848,.T.);
#3243=ORIENTED_EDGE('',*,*,#5362,.T.);
#3244=ORIENTED_EDGE('',*,*,#6313,.T.);
#3245=ORIENTED_EDGE('',*,*,#5363,.T.);
#3246=ORIENTED_EDGE('',*,*,#6298,.T.);
#3247=ORIENTED_EDGE('',*,*,#5364,.T.);
#3248=ORIENTED_EDGE('',*,*,#6283,.T.);
#3249=ORIENTED_EDGE('',*,*,#5365,.T.);
#3250=ORIENTED_EDGE('',*,*,#6253,.T.);
#3251=ORIENTED_EDGE('',*,*,#5366,.T.);
#3252=ORIENTED_EDGE('',*,*,#6238,.T.);
#3253=ORIENTED_EDGE('',*,*,#5367,.T.);
#3254=ORIENTED_EDGE('',*,*,#6208,.T.);
#3255=ORIENTED_EDGE('',*,*,#5368,.T.);
#3256=ORIENTED_EDGE('',*,*,#6193,.T.);
#3257=ORIENTED_EDGE('',*,*,#5369,.T.);
#3258=ORIENTED_EDGE('',*,*,#6163,.T.);
#3259=ORIENTED_EDGE('',*,*,#5370,.T.);
#3260=ORIENTED_EDGE('',*,*,#6148,.T.);
#3261=ORIENTED_EDGE('',*,*,#5371,.T.);
#3262=ORIENTED_EDGE('',*,*,#6118,.T.);
#3263=ORIENTED_EDGE('',*,*,#5372,.T.);
#3264=ORIENTED_EDGE('',*,*,#5833,.T.);
#3265=ORIENTED_EDGE('',*,*,#5373,.T.);
#3266=ORIENTED_EDGE('',*,*,#5803,.T.);
#3267=ORIENTED_EDGE('',*,*,#5374,.T.);
#3268=ORIENTED_EDGE('',*,*,#5788,.T.);
#3269=ORIENTED_EDGE('',*,*,#5375,.T.);
#3270=ORIENTED_EDGE('',*,*,#5758,.T.);
#3271=ORIENTED_EDGE('',*,*,#5376,.T.);
#3272=ORIENTED_EDGE('',*,*,#5743,.T.);
#3273=ORIENTED_EDGE('',*,*,#5377,.T.);
#3274=ORIENTED_EDGE('',*,*,#6103,.T.);
#3275=ORIENTED_EDGE('',*,*,#5378,.T.);
#3276=ORIENTED_EDGE('',*,*,#6088,.T.);
#3277=ORIENTED_EDGE('',*,*,#5379,.T.);
#3278=ORIENTED_EDGE('',*,*,#6058,.T.);
#3279=ORIENTED_EDGE('',*,*,#5380,.T.);
#3280=ORIENTED_EDGE('',*,*,#6043,.T.);
#3281=ORIENTED_EDGE('',*,*,#5381,.T.);
#3282=ORIENTED_EDGE('',*,*,#6013,.T.);
#3283=ORIENTED_EDGE('',*,*,#5382,.T.);
#3284=ORIENTED_EDGE('',*,*,#5998,.T.);
#3285=ORIENTED_EDGE('',*,*,#5383,.T.);
#3286=ORIENTED_EDGE('',*,*,#5968,.T.);
#3287=ORIENTED_EDGE('',*,*,#5384,.T.);
#3288=ORIENTED_EDGE('',*,*,#5953,.T.);
#3289=ORIENTED_EDGE('',*,*,#5385,.T.);
#3290=ORIENTED_EDGE('',*,*,#5923,.T.);
#3291=ORIENTED_EDGE('',*,*,#5386,.T.);
#3292=ORIENTED_EDGE('',*,*,#6628,.T.);
#3293=ORIENTED_EDGE('',*,*,#5702,.F.);
#3294=ORIENTED_EDGE('',*,*,#6630,.F.);
#3295=ORIENTED_EDGE('',*,*,#5634,.F.);
#3296=ORIENTED_EDGE('',*,*,#5925,.F.);
#3297=ORIENTED_EDGE('',*,*,#5633,.F.);
#3298=ORIENTED_EDGE('',*,*,#5955,.F.);
#3299=ORIENTED_EDGE('',*,*,#5632,.F.);
#3300=ORIENTED_EDGE('',*,*,#5970,.F.);
#3301=ORIENTED_EDGE('',*,*,#5631,.F.);
#3302=ORIENTED_EDGE('',*,*,#6000,.F.);
#3303=ORIENTED_EDGE('',*,*,#5630,.F.);
#3304=ORIENTED_EDGE('',*,*,#6015,.F.);
#3305=ORIENTED_EDGE('',*,*,#5629,.F.);
#3306=ORIENTED_EDGE('',*,*,#6045,.F.);
#3307=ORIENTED_EDGE('',*,*,#5628,.F.);
#3308=ORIENTED_EDGE('',*,*,#6060,.F.);
#3309=ORIENTED_EDGE('',*,*,#5627,.F.);
#3310=ORIENTED_EDGE('',*,*,#6090,.F.);
#3311=ORIENTED_EDGE('',*,*,#5626,.F.);
#3312=ORIENTED_EDGE('',*,*,#6105,.F.);
#3313=ORIENTED_EDGE('',*,*,#5625,.F.);
#3314=ORIENTED_EDGE('',*,*,#5745,.F.);
#3315=ORIENTED_EDGE('',*,*,#5624,.F.);
#3316=ORIENTED_EDGE('',*,*,#5760,.F.);
#3317=ORIENTED_EDGE('',*,*,#5623,.F.);
#3318=ORIENTED_EDGE('',*,*,#5790,.F.);
#3319=ORIENTED_EDGE('',*,*,#5622,.F.);
#3320=ORIENTED_EDGE('',*,*,#5805,.F.);
#3321=ORIENTED_EDGE('',*,*,#5621,.F.);
#3322=ORIENTED_EDGE('',*,*,#5835,.F.);
#3323=ORIENTED_EDGE('',*,*,#5620,.F.);
#3324=ORIENTED_EDGE('',*,*,#6120,.F.);
#3325=ORIENTED_EDGE('',*,*,#5619,.F.);
#3326=ORIENTED_EDGE('',*,*,#6150,.F.);
#3327=ORIENTED_EDGE('',*,*,#5618,.F.);
#3328=ORIENTED_EDGE('',*,*,#6165,.F.);
#3329=ORIENTED_EDGE('',*,*,#5617,.F.);
#3330=ORIENTED_EDGE('',*,*,#6195,.F.);
#3331=ORIENTED_EDGE('',*,*,#5616,.F.);
#3332=ORIENTED_EDGE('',*,*,#6210,.F.);
#3333=ORIENTED_EDGE('',*,*,#5615,.F.);
#3334=ORIENTED_EDGE('',*,*,#6240,.F.);
#3335=ORIENTED_EDGE('',*,*,#5614,.F.);
#3336=ORIENTED_EDGE('',*,*,#6255,.F.);
#3337=ORIENTED_EDGE('',*,*,#5613,.F.);
#3338=ORIENTED_EDGE('',*,*,#6285,.F.);
#3339=ORIENTED_EDGE('',*,*,#5612,.F.);
#3340=ORIENTED_EDGE('',*,*,#6300,.F.);
#3341=ORIENTED_EDGE('',*,*,#5611,.F.);
#3342=ORIENTED_EDGE('',*,*,#6315,.F.);
#3343=ORIENTED_EDGE('',*,*,#5610,.F.);
#3344=ORIENTED_EDGE('',*,*,#5850,.F.);
#3345=ORIENTED_EDGE('',*,*,#5609,.F.);
#3346=ORIENTED_EDGE('',*,*,#5865,.F.);
#3347=ORIENTED_EDGE('',*,*,#5608,.F.);
#3348=ORIENTED_EDGE('',*,*,#5880,.F.);
#3349=ORIENTED_EDGE('',*,*,#5607,.F.);
#3350=ORIENTED_EDGE('',*,*,#5895,.F.);
#3351=ORIENTED_EDGE('',*,*,#5606,.F.);
#3352=ORIENTED_EDGE('',*,*,#5910,.F.);
#3353=ORIENTED_EDGE('',*,*,#5605,.F.);
#3354=ORIENTED_EDGE('',*,*,#6330,.F.);
#3355=ORIENTED_EDGE('',*,*,#5604,.F.);
#3356=ORIENTED_EDGE('',*,*,#6345,.F.);
#3357=ORIENTED_EDGE('',*,*,#5603,.F.);
#3358=ORIENTED_EDGE('',*,*,#6360,.F.);
#3359=ORIENTED_EDGE('',*,*,#5602,.F.);
#3360=ORIENTED_EDGE('',*,*,#6375,.F.);
#3361=ORIENTED_EDGE('',*,*,#5601,.F.);
#3362=ORIENTED_EDGE('',*,*,#6390,.F.);
#3363=ORIENTED_EDGE('',*,*,#5600,.F.);
#3364=ORIENTED_EDGE('',*,*,#6405,.F.);
#3365=ORIENTED_EDGE('',*,*,#5599,.F.);
#3366=ORIENTED_EDGE('',*,*,#6420,.F.);
#3367=ORIENTED_EDGE('',*,*,#5598,.F.);
#3368=ORIENTED_EDGE('',*,*,#6435,.F.);
#3369=ORIENTED_EDGE('',*,*,#5597,.F.);
#3370=ORIENTED_EDGE('',*,*,#6450,.F.);
#3371=ORIENTED_EDGE('',*,*,#5596,.F.);
#3372=ORIENTED_EDGE('',*,*,#6465,.F.);
#3373=ORIENTED_EDGE('',*,*,#5595,.F.);
#3374=ORIENTED_EDGE('',*,*,#6480,.F.);
#3375=ORIENTED_EDGE('',*,*,#5594,.F.);
#3376=ORIENTED_EDGE('',*,*,#6495,.F.);
#3377=ORIENTED_EDGE('',*,*,#5593,.F.);
#3378=ORIENTED_EDGE('',*,*,#6510,.F.);
#3379=ORIENTED_EDGE('',*,*,#5592,.F.);
#3380=ORIENTED_EDGE('',*,*,#6525,.F.);
#3381=ORIENTED_EDGE('',*,*,#5591,.F.);
#3382=ORIENTED_EDGE('',*,*,#6540,.F.);
#3383=ORIENTED_EDGE('',*,*,#5590,.F.);
#3384=ORIENTED_EDGE('',*,*,#6555,.F.);
#3385=ORIENTED_EDGE('',*,*,#5589,.F.);
#3386=ORIENTED_EDGE('',*,*,#6570,.F.);
#3387=ORIENTED_EDGE('',*,*,#5588,.F.);
#3388=ORIENTED_EDGE('',*,*,#6585,.F.);
#3389=ORIENTED_EDGE('',*,*,#5587,.F.);
#3390=ORIENTED_EDGE('',*,*,#6600,.F.);
#3391=ORIENTED_EDGE('',*,*,#5586,.F.);
#3392=ORIENTED_EDGE('',*,*,#6615,.F.);
#3393=ORIENTED_EDGE('',*,*,#5585,.F.);
#3394=ORIENTED_EDGE('',*,*,#5715,.F.);
#3395=ORIENTED_EDGE('',*,*,#5584,.F.);
#3396=ORIENTED_EDGE('',*,*,#5940,.F.);
#3397=ORIENTED_EDGE('',*,*,#5583,.F.);
#3398=ORIENTED_EDGE('',*,*,#5985,.F.);
#3399=ORIENTED_EDGE('',*,*,#5582,.F.);
#3400=ORIENTED_EDGE('',*,*,#6030,.F.);
#3401=ORIENTED_EDGE('',*,*,#5581,.F.);
#3402=ORIENTED_EDGE('',*,*,#6075,.F.);
#3403=ORIENTED_EDGE('',*,*,#5580,.F.);
#3404=ORIENTED_EDGE('',*,*,#5730,.F.);
#3405=ORIENTED_EDGE('',*,*,#5579,.F.);
#3406=ORIENTED_EDGE('',*,*,#5775,.F.);
#3407=ORIENTED_EDGE('',*,*,#5578,.F.);
#3408=ORIENTED_EDGE('',*,*,#5820,.F.);
#3409=ORIENTED_EDGE('',*,*,#5577,.F.);
#3410=ORIENTED_EDGE('',*,*,#6135,.F.);
#3411=ORIENTED_EDGE('',*,*,#5576,.F.);
#3412=ORIENTED_EDGE('',*,*,#6180,.F.);
#3413=ORIENTED_EDGE('',*,*,#5575,.F.);
#3414=ORIENTED_EDGE('',*,*,#6225,.F.);
#3415=ORIENTED_EDGE('',*,*,#5574,.F.);
#3416=ORIENTED_EDGE('',*,*,#6270,.F.);
#3417=ORIENTED_EDGE('',*,*,#5573,.F.);
#3418=ORIENTED_EDGE('',*,*,#5670,.T.);
#3419=ORIENTED_EDGE('',*,*,#5635,.T.);
#3420=ORIENTED_EDGE('',*,*,#5701,.F.);
#3421=ORIENTED_EDGE('',*,*,#5635,.F.);
#3422=ORIENTED_EDGE('',*,*,#5669,.T.);
#3423=ORIENTED_EDGE('',*,*,#5636,.T.);
#3424=ORIENTED_EDGE('',*,*,#5700,.F.);
#3425=ORIENTED_EDGE('',*,*,#5636,.F.);
#3426=ORIENTED_EDGE('',*,*,#5668,.T.);
#3427=ORIENTED_EDGE('',*,*,#5637,.T.);
#3428=ORIENTED_EDGE('',*,*,#5699,.F.);
#3429=ORIENTED_EDGE('',*,*,#5637,.F.);
#3430=ORIENTED_EDGE('',*,*,#5667,.T.);
#3431=ORIENTED_EDGE('',*,*,#5638,.T.);
#3432=ORIENTED_EDGE('',*,*,#5698,.F.);
#3433=ORIENTED_EDGE('',*,*,#5638,.F.);
#3434=ORIENTED_EDGE('',*,*,#5666,.T.);
#3435=ORIENTED_EDGE('',*,*,#5639,.T.);
#3436=ORIENTED_EDGE('',*,*,#5697,.F.);
#3437=ORIENTED_EDGE('',*,*,#5639,.F.);
#3438=ORIENTED_EDGE('',*,*,#5665,.T.);
#3439=ORIENTED_EDGE('',*,*,#5640,.T.);
#3440=ORIENTED_EDGE('',*,*,#5696,.F.);
#3441=ORIENTED_EDGE('',*,*,#5640,.F.);
#3442=ORIENTED_EDGE('',*,*,#5664,.T.);
#3443=ORIENTED_EDGE('',*,*,#5641,.T.);
#3444=ORIENTED_EDGE('',*,*,#5695,.F.);
#3445=ORIENTED_EDGE('',*,*,#5641,.F.);
#3446=ORIENTED_EDGE('',*,*,#5663,.T.);
#3447=ORIENTED_EDGE('',*,*,#5642,.T.);
#3448=ORIENTED_EDGE('',*,*,#5694,.F.);
#3449=ORIENTED_EDGE('',*,*,#5642,.F.);
#3450=ORIENTED_EDGE('',*,*,#5662,.T.);
#3451=ORIENTED_EDGE('',*,*,#5643,.T.);
#3452=ORIENTED_EDGE('',*,*,#5693,.F.);
#3453=ORIENTED_EDGE('',*,*,#5643,.F.);
#3454=ORIENTED_EDGE('',*,*,#5661,.T.);
#3455=ORIENTED_EDGE('',*,*,#5644,.T.);
#3456=ORIENTED_EDGE('',*,*,#5692,.F.);
#3457=ORIENTED_EDGE('',*,*,#5644,.F.);
#3458=ORIENTED_EDGE('',*,*,#5660,.T.);
#3459=ORIENTED_EDGE('',*,*,#5645,.T.);
#3460=ORIENTED_EDGE('',*,*,#5691,.F.);
#3461=ORIENTED_EDGE('',*,*,#5645,.F.);
#3462=ORIENTED_EDGE('',*,*,#5659,.T.);
#3463=ORIENTED_EDGE('',*,*,#5646,.T.);
#3464=ORIENTED_EDGE('',*,*,#5690,.F.);
#3465=ORIENTED_EDGE('',*,*,#5646,.F.);
#3466=ORIENTED_EDGE('',*,*,#5658,.T.);
#3467=ORIENTED_EDGE('',*,*,#5647,.T.);
#3468=ORIENTED_EDGE('',*,*,#5689,.F.);
#3469=ORIENTED_EDGE('',*,*,#5647,.F.);
#3470=ORIENTED_EDGE('',*,*,#5657,.T.);
#3471=ORIENTED_EDGE('',*,*,#5648,.T.);
#3472=ORIENTED_EDGE('',*,*,#5688,.F.);
#3473=ORIENTED_EDGE('',*,*,#5648,.F.);
#3474=ORIENTED_EDGE('',*,*,#5656,.T.);
#3475=ORIENTED_EDGE('',*,*,#5649,.T.);
#3476=ORIENTED_EDGE('',*,*,#5687,.F.);
#3477=ORIENTED_EDGE('',*,*,#5649,.F.);
#3478=ORIENTED_EDGE('',*,*,#5655,.T.);
#3479=ORIENTED_EDGE('',*,*,#5650,.T.);
#3480=ORIENTED_EDGE('',*,*,#5686,.F.);
#3481=ORIENTED_EDGE('',*,*,#5650,.F.);
#3482=ORIENTED_EDGE('',*,*,#5654,.T.);
#3483=ORIENTED_EDGE('',*,*,#5651,.T.);
#3484=ORIENTED_EDGE('',*,*,#5685,.F.);
#3485=ORIENTED_EDGE('',*,*,#5651,.F.);
#3486=ORIENTED_EDGE('',*,*,#5653,.T.);
#3487=ORIENTED_EDGE('',*,*,#5652,.T.);
#3488=ORIENTED_EDGE('',*,*,#5684,.F.);
#3489=ORIENTED_EDGE('',*,*,#5653,.F.);
#3490=ORIENTED_EDGE('',*,*,#5654,.F.);
#3491=ORIENTED_EDGE('',*,*,#5655,.F.);
#3492=ORIENTED_EDGE('',*,*,#5656,.F.);
#3493=ORIENTED_EDGE('',*,*,#5657,.F.);
#3494=ORIENTED_EDGE('',*,*,#5658,.F.);
#3495=ORIENTED_EDGE('',*,*,#5659,.F.);
#3496=ORIENTED_EDGE('',*,*,#5660,.F.);
#3497=ORIENTED_EDGE('',*,*,#5661,.F.);
#3498=ORIENTED_EDGE('',*,*,#5662,.F.);
#3499=ORIENTED_EDGE('',*,*,#5663,.F.);
#3500=ORIENTED_EDGE('',*,*,#5664,.F.);
#3501=ORIENTED_EDGE('',*,*,#5665,.F.);
#3502=ORIENTED_EDGE('',*,*,#5666,.F.);
#3503=ORIENTED_EDGE('',*,*,#5667,.F.);
#3504=ORIENTED_EDGE('',*,*,#5668,.F.);
#3505=ORIENTED_EDGE('',*,*,#5669,.F.);
#3506=ORIENTED_EDGE('',*,*,#5670,.F.);
#3507=ORIENTED_EDGE('',*,*,#5671,.F.);
#3508=ORIENTED_EDGE('',*,*,#5672,.F.);
#3509=ORIENTED_EDGE('',*,*,#5673,.F.);
#3510=ORIENTED_EDGE('',*,*,#5674,.F.);
#3511=ORIENTED_EDGE('',*,*,#5675,.F.);
#3512=ORIENTED_EDGE('',*,*,#5676,.F.);
#3513=ORIENTED_EDGE('',*,*,#5677,.F.);
#3514=ORIENTED_EDGE('',*,*,#5678,.F.);
#3515=ORIENTED_EDGE('',*,*,#5679,.F.);
#3516=ORIENTED_EDGE('',*,*,#5680,.F.);
#3517=ORIENTED_EDGE('',*,*,#5681,.F.);
#3518=ORIENTED_EDGE('',*,*,#5682,.F.);
#3519=ORIENTED_EDGE('',*,*,#5683,.F.);
#3520=ORIENTED_EDGE('',*,*,#6637,.T.);
#3521=ORIENTED_EDGE('',*,*,#5702,.T.);
#3522=ORIENTED_EDGE('',*,*,#5701,.T.);
#3523=ORIENTED_EDGE('',*,*,#5700,.T.);
#3524=ORIENTED_EDGE('',*,*,#5699,.T.);
#3525=ORIENTED_EDGE('',*,*,#5698,.T.);
#3526=ORIENTED_EDGE('',*,*,#5697,.T.);
#3527=ORIENTED_EDGE('',*,*,#5696,.T.);
#3528=ORIENTED_EDGE('',*,*,#5695,.T.);
#3529=ORIENTED_EDGE('',*,*,#5694,.T.);
#3530=ORIENTED_EDGE('',*,*,#5693,.T.);
#3531=ORIENTED_EDGE('',*,*,#5692,.T.);
#3532=ORIENTED_EDGE('',*,*,#5691,.T.);
#3533=ORIENTED_EDGE('',*,*,#5690,.T.);
#3534=ORIENTED_EDGE('',*,*,#5689,.T.);
#3535=ORIENTED_EDGE('',*,*,#5688,.T.);
#3536=ORIENTED_EDGE('',*,*,#5687,.T.);
#3537=ORIENTED_EDGE('',*,*,#5686,.T.);
#3538=ORIENTED_EDGE('',*,*,#5685,.T.);
#3539=ORIENTED_EDGE('',*,*,#5712,.T.);
#3540=ORIENTED_EDGE('',*,*,#5711,.T.);
#3541=ORIENTED_EDGE('',*,*,#5710,.T.);
#3542=ORIENTED_EDGE('',*,*,#5709,.T.);
#3543=ORIENTED_EDGE('',*,*,#5708,.T.);
#3544=ORIENTED_EDGE('',*,*,#5707,.T.);
#3545=ORIENTED_EDGE('',*,*,#5706,.T.);
#3546=ORIENTED_EDGE('',*,*,#5705,.T.);
#3547=ORIENTED_EDGE('',*,*,#5704,.T.);
#3548=ORIENTED_EDGE('',*,*,#5703,.T.);
#3549=ORIENTED_EDGE('',*,*,#6638,.T.);
#3550=ORIENTED_EDGE('',*,*,#5726,.F.);
#3551=ORIENTED_EDGE('',*,*,#5713,.F.);
#3552=ORIENTED_EDGE('',*,*,#5720,.T.);
#3553=ORIENTED_EDGE('',*,*,#5714,.T.);
#3554=ORIENTED_EDGE('',*,*,#5725,.F.);
#3555=ORIENTED_EDGE('',*,*,#5714,.F.);
#3556=ORIENTED_EDGE('',*,*,#5719,.T.);
#3557=ORIENTED_EDGE('',*,*,#5715,.T.);
#3558=ORIENTED_EDGE('',*,*,#5721,.F.);
#3559=ORIENTED_EDGE('',*,*,#5716,.F.);
#3560=ORIENTED_EDGE('',*,*,#5717,.F.);
#3561=ORIENTED_EDGE('',*,*,#5718,.F.);
#3562=ORIENTED_EDGE('',*,*,#5719,.F.);
#3563=ORIENTED_EDGE('',*,*,#5720,.F.);
#3564=ORIENTED_EDGE('',*,*,#5727,.T.);
#3565=ORIENTED_EDGE('',*,*,#5726,.T.);
#3566=ORIENTED_EDGE('',*,*,#5725,.T.);
#3567=ORIENTED_EDGE('',*,*,#5724,.T.);
#3568=ORIENTED_EDGE('',*,*,#5723,.T.);
#3569=ORIENTED_EDGE('',*,*,#5722,.T.);
#3570=ORIENTED_EDGE('',*,*,#5741,.F.);
#3571=ORIENTED_EDGE('',*,*,#5728,.F.);
#3572=ORIENTED_EDGE('',*,*,#5735,.T.);
#3573=ORIENTED_EDGE('',*,*,#5729,.T.);
#3574=ORIENTED_EDGE('',*,*,#5740,.F.);
#3575=ORIENTED_EDGE('',*,*,#5729,.F.);
#3576=ORIENTED_EDGE('',*,*,#5734,.T.);
#3577=ORIENTED_EDGE('',*,*,#5730,.T.);
#3578=ORIENTED_EDGE('',*,*,#5736,.F.);
#3579=ORIENTED_EDGE('',*,*,#5731,.F.);
#3580=ORIENTED_EDGE('',*,*,#5732,.F.);
#3581=ORIENTED_EDGE('',*,*,#5733,.F.);
#3582=ORIENTED_EDGE('',*,*,#5734,.F.);
#3583=ORIENTED_EDGE('',*,*,#5735,.F.);
#3584=ORIENTED_EDGE('',*,*,#5742,.T.);
#3585=ORIENTED_EDGE('',*,*,#5741,.T.);
#3586=ORIENTED_EDGE('',*,*,#5740,.T.);
#3587=ORIENTED_EDGE('',*,*,#5739,.T.);
#3588=ORIENTED_EDGE('',*,*,#5738,.T.);
#3589=ORIENTED_EDGE('',*,*,#5737,.T.);
#3590=ORIENTED_EDGE('',*,*,#5756,.F.);
#3591=ORIENTED_EDGE('',*,*,#5743,.F.);
#3592=ORIENTED_EDGE('',*,*,#5750,.T.);
#3593=ORIENTED_EDGE('',*,*,#5744,.T.);
#3594=ORIENTED_EDGE('',*,*,#5755,.F.);
#3595=ORIENTED_EDGE('',*,*,#5744,.F.);
#3596=ORIENTED_EDGE('',*,*,#5749,.T.);
#3597=ORIENTED_EDGE('',*,*,#5745,.T.);
#3598=ORIENTED_EDGE('',*,*,#5751,.F.);
#3599=ORIENTED_EDGE('',*,*,#5746,.F.);
#3600=ORIENTED_EDGE('',*,*,#5747,.F.);
#3601=ORIENTED_EDGE('',*,*,#5748,.F.);
#3602=ORIENTED_EDGE('',*,*,#5749,.F.);
#3603=ORIENTED_EDGE('',*,*,#5750,.F.);
#3604=ORIENTED_EDGE('',*,*,#5757,.T.);
#3605=ORIENTED_EDGE('',*,*,#5756,.T.);
#3606=ORIENTED_EDGE('',*,*,#5755,.T.);
#3607=ORIENTED_EDGE('',*,*,#5754,.T.);
#3608=ORIENTED_EDGE('',*,*,#5753,.T.);
#3609=ORIENTED_EDGE('',*,*,#5752,.T.);
#3610=ORIENTED_EDGE('',*,*,#5771,.F.);
#3611=ORIENTED_EDGE('',*,*,#5758,.F.);
#3612=ORIENTED_EDGE('',*,*,#5765,.T.);
#3613=ORIENTED_EDGE('',*,*,#5759,.T.);
#3614=ORIENTED_EDGE('',*,*,#5770,.F.);
#3615=ORIENTED_EDGE('',*,*,#5759,.F.);
#3616=ORIENTED_EDGE('',*,*,#5764,.T.);
#3617=ORIENTED_EDGE('',*,*,#5760,.T.);
#3618=ORIENTED_EDGE('',*,*,#5766,.F.);
#3619=ORIENTED_EDGE('',*,*,#5761,.F.);
#3620=ORIENTED_EDGE('',*,*,#5762,.F.);
#3621=ORIENTED_EDGE('',*,*,#5763,.F.);
#3622=ORIENTED_EDGE('',*,*,#5764,.F.);
#3623=ORIENTED_EDGE('',*,*,#5765,.F.);
#3624=ORIENTED_EDGE('',*,*,#5772,.T.);
#3625=ORIENTED_EDGE('',*,*,#5771,.T.);
#3626=ORIENTED_EDGE('',*,*,#5770,.T.);
#3627=ORIENTED_EDGE('',*,*,#5769,.T.);
#3628=ORIENTED_EDGE('',*,*,#5768,.T.);
#3629=ORIENTED_EDGE('',*,*,#5767,.T.);
#3630=ORIENTED_EDGE('',*,*,#5786,.F.);
#3631=ORIENTED_EDGE('',*,*,#5773,.F.);
#3632=ORIENTED_EDGE('',*,*,#5780,.T.);
#3633=ORIENTED_EDGE('',*,*,#5774,.T.);
#3634=ORIENTED_EDGE('',*,*,#5785,.F.);
#3635=ORIENTED_EDGE('',*,*,#5774,.F.);
#3636=ORIENTED_EDGE('',*,*,#5779,.T.);
#3637=ORIENTED_EDGE('',*,*,#5775,.T.);
#3638=ORIENTED_EDGE('',*,*,#5781,.F.);
#3639=ORIENTED_EDGE('',*,*,#5776,.F.);
#3640=ORIENTED_EDGE('',*,*,#5777,.F.);
#3641=ORIENTED_EDGE('',*,*,#5778,.F.);
#3642=ORIENTED_EDGE('',*,*,#5779,.F.);
#3643=ORIENTED_EDGE('',*,*,#5780,.F.);
#3644=ORIENTED_EDGE('',*,*,#5787,.T.);
#3645=ORIENTED_EDGE('',*,*,#5786,.T.);
#3646=ORIENTED_EDGE('',*,*,#5785,.T.);
#3647=ORIENTED_EDGE('',*,*,#5784,.T.);
#3648=ORIENTED_EDGE('',*,*,#5783,.T.);
#3649=ORIENTED_EDGE('',*,*,#5782,.T.);
#3650=ORIENTED_EDGE('',*,*,#5801,.F.);
#3651=ORIENTED_EDGE('',*,*,#5788,.F.);
#3652=ORIENTED_EDGE('',*,*,#5795,.T.);
#3653=ORIENTED_EDGE('',*,*,#5789,.T.);
#3654=ORIENTED_EDGE('',*,*,#5800,.F.);
#3655=ORIENTED_EDGE('',*,*,#5789,.F.);
#3656=ORIENTED_EDGE('',*,*,#5794,.T.);
#3657=ORIENTED_EDGE('',*,*,#5790,.T.);
#3658=ORIENTED_EDGE('',*,*,#5796,.F.);
#3659=ORIENTED_EDGE('',*,*,#5791,.F.);
#3660=ORIENTED_EDGE('',*,*,#5792,.F.);
#3661=ORIENTED_EDGE('',*,*,#5793,.F.);
#3662=ORIENTED_EDGE('',*,*,#5794,.F.);
#3663=ORIENTED_EDGE('',*,*,#5795,.F.);
#3664=ORIENTED_EDGE('',*,*,#5802,.T.);
#3665=ORIENTED_EDGE('',*,*,#5801,.T.);
#3666=ORIENTED_EDGE('',*,*,#5800,.T.);
#3667=ORIENTED_EDGE('',*,*,#5799,.T.);
#3668=ORIENTED_EDGE('',*,*,#5798,.T.);
#3669=ORIENTED_EDGE('',*,*,#5797,.T.);
#3670=ORIENTED_EDGE('',*,*,#5816,.F.);
#3671=ORIENTED_EDGE('',*,*,#5803,.F.);
#3672=ORIENTED_EDGE('',*,*,#5810,.T.);
#3673=ORIENTED_EDGE('',*,*,#5804,.T.);
#3674=ORIENTED_EDGE('',*,*,#5815,.F.);
#3675=ORIENTED_EDGE('',*,*,#5804,.F.);
#3676=ORIENTED_EDGE('',*,*,#5809,.T.);
#3677=ORIENTED_EDGE('',*,*,#5805,.T.);
#3678=ORIENTED_EDGE('',*,*,#5811,.F.);
#3679=ORIENTED_EDGE('',*,*,#5806,.F.);
#3680=ORIENTED_EDGE('',*,*,#5807,.F.);
#3681=ORIENTED_EDGE('',*,*,#5808,.F.);
#3682=ORIENTED_EDGE('',*,*,#5809,.F.);
#3683=ORIENTED_EDGE('',*,*,#5810,.F.);
#3684=ORIENTED_EDGE('',*,*,#5817,.T.);
#3685=ORIENTED_EDGE('',*,*,#5816,.T.);
#3686=ORIENTED_EDGE('',*,*,#5815,.T.);
#3687=ORIENTED_EDGE('',*,*,#5814,.T.);
#3688=ORIENTED_EDGE('',*,*,#5813,.T.);
#3689=ORIENTED_EDGE('',*,*,#5812,.T.);
#3690=ORIENTED_EDGE('',*,*,#5831,.F.);
#3691=ORIENTED_EDGE('',*,*,#5818,.F.);
#3692=ORIENTED_EDGE('',*,*,#5825,.T.);
#3693=ORIENTED_EDGE('',*,*,#5819,.T.);
#3694=ORIENTED_EDGE('',*,*,#5830,.F.);
#3695=ORIENTED_EDGE('',*,*,#5819,.F.);
#3696=ORIENTED_EDGE('',*,*,#5824,.T.);
#3697=ORIENTED_EDGE('',*,*,#5820,.T.);
#3698=ORIENTED_EDGE('',*,*,#5826,.F.);
#3699=ORIENTED_EDGE('',*,*,#5821,.F.);
#3700=ORIENTED_EDGE('',*,*,#5822,.F.);
#3701=ORIENTED_EDGE('',*,*,#5823,.F.);
#3702=ORIENTED_EDGE('',*,*,#5824,.F.);
#3703=ORIENTED_EDGE('',*,*,#5825,.F.);
#3704=ORIENTED_EDGE('',*,*,#5832,.T.);
#3705=ORIENTED_EDGE('',*,*,#5831,.T.);
#3706=ORIENTED_EDGE('',*,*,#5830,.T.);
#3707=ORIENTED_EDGE('',*,*,#5829,.T.);
#3708=ORIENTED_EDGE('',*,*,#5828,.T.);
#3709=ORIENTED_EDGE('',*,*,#5827,.T.);
#3710=ORIENTED_EDGE('',*,*,#5846,.F.);
#3711=ORIENTED_EDGE('',*,*,#5833,.F.);
#3712=ORIENTED_EDGE('',*,*,#5840,.T.);
#3713=ORIENTED_EDGE('',*,*,#5834,.T.);
#3714=ORIENTED_EDGE('',*,*,#5845,.F.);
#3715=ORIENTED_EDGE('',*,*,#5834,.F.);
#3716=ORIENTED_EDGE('',*,*,#5839,.T.);
#3717=ORIENTED_EDGE('',*,*,#5835,.T.);
#3718=ORIENTED_EDGE('',*,*,#5841,.F.);
#3719=ORIENTED_EDGE('',*,*,#5836,.F.);
#3720=ORIENTED_EDGE('',*,*,#5837,.F.);
#3721=ORIENTED_EDGE('',*,*,#5838,.F.);
#3722=ORIENTED_EDGE('',*,*,#5839,.F.);
#3723=ORIENTED_EDGE('',*,*,#5840,.F.);
#3724=ORIENTED_EDGE('',*,*,#5847,.T.);
#3725=ORIENTED_EDGE('',*,*,#5846,.T.);
#3726=ORIENTED_EDGE('',*,*,#5845,.T.);
#3727=ORIENTED_EDGE('',*,*,#5844,.T.);
#3728=ORIENTED_EDGE('',*,*,#5843,.T.);
#3729=ORIENTED_EDGE('',*,*,#5842,.T.);
#3730=ORIENTED_EDGE('',*,*,#5861,.F.);
#3731=ORIENTED_EDGE('',*,*,#5848,.F.);
#3732=ORIENTED_EDGE('',*,*,#5855,.T.);
#3733=ORIENTED_EDGE('',*,*,#5849,.T.);
#3734=ORIENTED_EDGE('',*,*,#5860,.F.);
#3735=ORIENTED_EDGE('',*,*,#5849,.F.);
#3736=ORIENTED_EDGE('',*,*,#5854,.T.);
#3737=ORIENTED_EDGE('',*,*,#5850,.T.);
#3738=ORIENTED_EDGE('',*,*,#5856,.F.);
#3739=ORIENTED_EDGE('',*,*,#5851,.F.);
#3740=ORIENTED_EDGE('',*,*,#5852,.F.);
#3741=ORIENTED_EDGE('',*,*,#5853,.F.);
#3742=ORIENTED_EDGE('',*,*,#5854,.F.);
#3743=ORIENTED_EDGE('',*,*,#5855,.F.);
#3744=ORIENTED_EDGE('',*,*,#5862,.T.);
#3745=ORIENTED_EDGE('',*,*,#5861,.T.);
#3746=ORIENTED_EDGE('',*,*,#5860,.T.);
#3747=ORIENTED_EDGE('',*,*,#5859,.T.);
#3748=ORIENTED_EDGE('',*,*,#5858,.T.);
#3749=ORIENTED_EDGE('',*,*,#5857,.T.);
#3750=ORIENTED_EDGE('',*,*,#5876,.F.);
#3751=ORIENTED_EDGE('',*,*,#5863,.F.);
#3752=ORIENTED_EDGE('',*,*,#5870,.T.);
#3753=ORIENTED_EDGE('',*,*,#5864,.T.);
#3754=ORIENTED_EDGE('',*,*,#5875,.F.);
#3755=ORIENTED_EDGE('',*,*,#5864,.F.);
#3756=ORIENTED_EDGE('',*,*,#5869,.T.);
#3757=ORIENTED_EDGE('',*,*,#5865,.T.);
#3758=ORIENTED_EDGE('',*,*,#5871,.F.);
#3759=ORIENTED_EDGE('',*,*,#5866,.F.);
#3760=ORIENTED_EDGE('',*,*,#5867,.F.);
#3761=ORIENTED_EDGE('',*,*,#5868,.F.);
#3762=ORIENTED_EDGE('',*,*,#5869,.F.);
#3763=ORIENTED_EDGE('',*,*,#5870,.F.);
#3764=ORIENTED_EDGE('',*,*,#5877,.T.);
#3765=ORIENTED_EDGE('',*,*,#5876,.T.);
#3766=ORIENTED_EDGE('',*,*,#5875,.T.);
#3767=ORIENTED_EDGE('',*,*,#5874,.T.);
#3768=ORIENTED_EDGE('',*,*,#5873,.T.);
#3769=ORIENTED_EDGE('',*,*,#5872,.T.);
#3770=ORIENTED_EDGE('',*,*,#5891,.F.);
#3771=ORIENTED_EDGE('',*,*,#5878,.F.);
#3772=ORIENTED_EDGE('',*,*,#5885,.T.);
#3773=ORIENTED_EDGE('',*,*,#5879,.T.);
#3774=ORIENTED_EDGE('',*,*,#5890,.F.);
#3775=ORIENTED_EDGE('',*,*,#5879,.F.);
#3776=ORIENTED_EDGE('',*,*,#5884,.T.);
#3777=ORIENTED_EDGE('',*,*,#5880,.T.);
#3778=ORIENTED_EDGE('',*,*,#5886,.F.);
#3779=ORIENTED_EDGE('',*,*,#5881,.F.);
#3780=ORIENTED_EDGE('',*,*,#5882,.F.);
#3781=ORIENTED_EDGE('',*,*,#5883,.F.);
#3782=ORIENTED_EDGE('',*,*,#5884,.F.);
#3783=ORIENTED_EDGE('',*,*,#5885,.F.);
#3784=ORIENTED_EDGE('',*,*,#5892,.T.);
#3785=ORIENTED_EDGE('',*,*,#5891,.T.);
#3786=ORIENTED_EDGE('',*,*,#5890,.T.);
#3787=ORIENTED_EDGE('',*,*,#5889,.T.);
#3788=ORIENTED_EDGE('',*,*,#5888,.T.);
#3789=ORIENTED_EDGE('',*,*,#5887,.T.);
#3790=ORIENTED_EDGE('',*,*,#5906,.F.);
#3791=ORIENTED_EDGE('',*,*,#5893,.F.);
#3792=ORIENTED_EDGE('',*,*,#5900,.T.);
#3793=ORIENTED_EDGE('',*,*,#5894,.T.);
#3794=ORIENTED_EDGE('',*,*,#5905,.F.);
#3795=ORIENTED_EDGE('',*,*,#5894,.F.);
#3796=ORIENTED_EDGE('',*,*,#5899,.T.);
#3797=ORIENTED_EDGE('',*,*,#5895,.T.);
#3798=ORIENTED_EDGE('',*,*,#5901,.F.);
#3799=ORIENTED_EDGE('',*,*,#5896,.F.);
#3800=ORIENTED_EDGE('',*,*,#5897,.F.);
#3801=ORIENTED_EDGE('',*,*,#5898,.F.);
#3802=ORIENTED_EDGE('',*,*,#5899,.F.);
#3803=ORIENTED_EDGE('',*,*,#5900,.F.);
#3804=ORIENTED_EDGE('',*,*,#5907,.T.);
#3805=ORIENTED_EDGE('',*,*,#5906,.T.);
#3806=ORIENTED_EDGE('',*,*,#5905,.T.);
#3807=ORIENTED_EDGE('',*,*,#5904,.T.);
#3808=ORIENTED_EDGE('',*,*,#5903,.T.);
#3809=ORIENTED_EDGE('',*,*,#5902,.T.);
#3810=ORIENTED_EDGE('',*,*,#5921,.F.);
#3811=ORIENTED_EDGE('',*,*,#5908,.F.);
#3812=ORIENTED_EDGE('',*,*,#5915,.T.);
#3813=ORIENTED_EDGE('',*,*,#5909,.T.);
#3814=ORIENTED_EDGE('',*,*,#5920,.F.);
#3815=ORIENTED_EDGE('',*,*,#5909,.F.);
#3816=ORIENTED_EDGE('',*,*,#5914,.T.);
#3817=ORIENTED_EDGE('',*,*,#5910,.T.);
#3818=ORIENTED_EDGE('',*,*,#5916,.F.);
#3819=ORIENTED_EDGE('',*,*,#5911,.F.);
#3820=ORIENTED_EDGE('',*,*,#5912,.F.);
#3821=ORIENTED_EDGE('',*,*,#5913,.F.);
#3822=ORIENTED_EDGE('',*,*,#5914,.F.);
#3823=ORIENTED_EDGE('',*,*,#5915,.F.);
#3824=ORIENTED_EDGE('',*,*,#5922,.T.);
#3825=ORIENTED_EDGE('',*,*,#5921,.T.);
#3826=ORIENTED_EDGE('',*,*,#5920,.T.);
#3827=ORIENTED_EDGE('',*,*,#5919,.T.);
#3828=ORIENTED_EDGE('',*,*,#5918,.T.);
#3829=ORIENTED_EDGE('',*,*,#5917,.T.);
#3830=ORIENTED_EDGE('',*,*,#5936,.F.);
#3831=ORIENTED_EDGE('',*,*,#5923,.F.);
#3832=ORIENTED_EDGE('',*,*,#5930,.T.);
#3833=ORIENTED_EDGE('',*,*,#5924,.T.);
#3834=ORIENTED_EDGE('',*,*,#5935,.F.);
#3835=ORIENTED_EDGE('',*,*,#5924,.F.);
#3836=ORIENTED_EDGE('',*,*,#5929,.T.);
#3837=ORIENTED_EDGE('',*,*,#5925,.T.);
#3838=ORIENTED_EDGE('',*,*,#5931,.F.);
#3839=ORIENTED_EDGE('',*,*,#5926,.F.);
#3840=ORIENTED_EDGE('',*,*,#5927,.F.);
#3841=ORIENTED_EDGE('',*,*,#5928,.F.);
#3842=ORIENTED_EDGE('',*,*,#5929,.F.);
#3843=ORIENTED_EDGE('',*,*,#5930,.F.);
#3844=ORIENTED_EDGE('',*,*,#5937,.T.);
#3845=ORIENTED_EDGE('',*,*,#5936,.T.);
#3846=ORIENTED_EDGE('',*,*,#5935,.T.);
#3847=ORIENTED_EDGE('',*,*,#5934,.T.);
#3848=ORIENTED_EDGE('',*,*,#5933,.T.);
#3849=ORIENTED_EDGE('',*,*,#5932,.T.);
#3850=ORIENTED_EDGE('',*,*,#5951,.F.);
#3851=ORIENTED_EDGE('',*,*,#5938,.F.);
#3852=ORIENTED_EDGE('',*,*,#5945,.T.);
#3853=ORIENTED_EDGE('',*,*,#5939,.T.);
#3854=ORIENTED_EDGE('',*,*,#5950,.F.);
#3855=ORIENTED_EDGE('',*,*,#5939,.F.);
#3856=ORIENTED_EDGE('',*,*,#5944,.T.);
#3857=ORIENTED_EDGE('',*,*,#5940,.T.);
#3858=ORIENTED_EDGE('',*,*,#5946,.F.);
#3859=ORIENTED_EDGE('',*,*,#5941,.F.);
#3860=ORIENTED_EDGE('',*,*,#5942,.F.);
#3861=ORIENTED_EDGE('',*,*,#5943,.F.);
#3862=ORIENTED_EDGE('',*,*,#5944,.F.);
#3863=ORIENTED_EDGE('',*,*,#5945,.F.);
#3864=ORIENTED_EDGE('',*,*,#5952,.T.);
#3865=ORIENTED_EDGE('',*,*,#5951,.T.);
#3866=ORIENTED_EDGE('',*,*,#5950,.T.);
#3867=ORIENTED_EDGE('',*,*,#5949,.T.);
#3868=ORIENTED_EDGE('',*,*,#5948,.T.);
#3869=ORIENTED_EDGE('',*,*,#5947,.T.);
#3870=ORIENTED_EDGE('',*,*,#5966,.F.);
#3871=ORIENTED_EDGE('',*,*,#5953,.F.);
#3872=ORIENTED_EDGE('',*,*,#5960,.T.);
#3873=ORIENTED_EDGE('',*,*,#5954,.T.);
#3874=ORIENTED_EDGE('',*,*,#5965,.F.);
#3875=ORIENTED_EDGE('',*,*,#5954,.F.);
#3876=ORIENTED_EDGE('',*,*,#5959,.T.);
#3877=ORIENTED_EDGE('',*,*,#5955,.T.);
#3878=ORIENTED_EDGE('',*,*,#5961,.F.);
#3879=ORIENTED_EDGE('',*,*,#5956,.F.);
#3880=ORIENTED_EDGE('',*,*,#5957,.F.);
#3881=ORIENTED_EDGE('',*,*,#5958,.F.);
#3882=ORIENTED_EDGE('',*,*,#5959,.F.);
#3883=ORIENTED_EDGE('',*,*,#5960,.F.);
#3884=ORIENTED_EDGE('',*,*,#5967,.T.);
#3885=ORIENTED_EDGE('',*,*,#5966,.T.);
#3886=ORIENTED_EDGE('',*,*,#5965,.T.);
#3887=ORIENTED_EDGE('',*,*,#5964,.T.);
#3888=ORIENTED_EDGE('',*,*,#5963,.T.);
#3889=ORIENTED_EDGE('',*,*,#5962,.T.);
#3890=ORIENTED_EDGE('',*,*,#5981,.F.);
#3891=ORIENTED_EDGE('',*,*,#5968,.F.);
#3892=ORIENTED_EDGE('',*,*,#5975,.T.);
#3893=ORIENTED_EDGE('',*,*,#5969,.T.);
#3894=ORIENTED_EDGE('',*,*,#5980,.F.);
#3895=ORIENTED_EDGE('',*,*,#5969,.F.);
#3896=ORIENTED_EDGE('',*,*,#5974,.T.);
#3897=ORIENTED_EDGE('',*,*,#5970,.T.);
#3898=ORIENTED_EDGE('',*,*,#5976,.F.);
#3899=ORIENTED_EDGE('',*,*,#5971,.F.);
#3900=ORIENTED_EDGE('',*,*,#5972,.F.);
#3901=ORIENTED_EDGE('',*,*,#5973,.F.);
#3902=ORIENTED_EDGE('',*,*,#5974,.F.);
#3903=ORIENTED_EDGE('',*,*,#5975,.F.);
#3904=ORIENTED_EDGE('',*,*,#5982,.T.);
#3905=ORIENTED_EDGE('',*,*,#5981,.T.);
#3906=ORIENTED_EDGE('',*,*,#5980,.T.);
#3907=ORIENTED_EDGE('',*,*,#5979,.T.);
#3908=ORIENTED_EDGE('',*,*,#5978,.T.);
#3909=ORIENTED_EDGE('',*,*,#5977,.T.);
#3910=ORIENTED_EDGE('',*,*,#5996,.F.);
#3911=ORIENTED_EDGE('',*,*,#5983,.F.);
#3912=ORIENTED_EDGE('',*,*,#5990,.T.);
#3913=ORIENTED_EDGE('',*,*,#5984,.T.);
#3914=ORIENTED_EDGE('',*,*,#5995,.F.);
#3915=ORIENTED_EDGE('',*,*,#5984,.F.);
#3916=ORIENTED_EDGE('',*,*,#5989,.T.);
#3917=ORIENTED_EDGE('',*,*,#5985,.T.);
#3918=ORIENTED_EDGE('',*,*,#5991,.F.);
#3919=ORIENTED_EDGE('',*,*,#5986,.F.);
#3920=ORIENTED_EDGE('',*,*,#5987,.F.);
#3921=ORIENTED_EDGE('',*,*,#5988,.F.);
#3922=ORIENTED_EDGE('',*,*,#5989,.F.);
#3923=ORIENTED_EDGE('',*,*,#5990,.F.);
#3924=ORIENTED_EDGE('',*,*,#5997,.T.);
#3925=ORIENTED_EDGE('',*,*,#5996,.T.);
#3926=ORIENTED_EDGE('',*,*,#5995,.T.);
#3927=ORIENTED_EDGE('',*,*,#5994,.T.);
#3928=ORIENTED_EDGE('',*,*,#5993,.T.);
#3929=ORIENTED_EDGE('',*,*,#5992,.T.);
#3930=ORIENTED_EDGE('',*,*,#6011,.F.);
#3931=ORIENTED_EDGE('',*,*,#5998,.F.);
#3932=ORIENTED_EDGE('',*,*,#6005,.T.);
#3933=ORIENTED_EDGE('',*,*,#5999,.T.);
#3934=ORIENTED_EDGE('',*,*,#6010,.F.);
#3935=ORIENTED_EDGE('',*,*,#5999,.F.);
#3936=ORIENTED_EDGE('',*,*,#6004,.T.);
#3937=ORIENTED_EDGE('',*,*,#6000,.T.);
#3938=ORIENTED_EDGE('',*,*,#6006,.F.);
#3939=ORIENTED_EDGE('',*,*,#6001,.F.);
#3940=ORIENTED_EDGE('',*,*,#6002,.F.);
#3941=ORIENTED_EDGE('',*,*,#6003,.F.);
#3942=ORIENTED_EDGE('',*,*,#6004,.F.);
#3943=ORIENTED_EDGE('',*,*,#6005,.F.);
#3944=ORIENTED_EDGE('',*,*,#6012,.T.);
#3945=ORIENTED_EDGE('',*,*,#6011,.T.);
#3946=ORIENTED_EDGE('',*,*,#6010,.T.);
#3947=ORIENTED_EDGE('',*,*,#6009,.T.);
#3948=ORIENTED_EDGE('',*,*,#6008,.T.);
#3949=ORIENTED_EDGE('',*,*,#6007,.T.);
#3950=ORIENTED_EDGE('',*,*,#6026,.F.);
#3951=ORIENTED_EDGE('',*,*,#6013,.F.);
#3952=ORIENTED_EDGE('',*,*,#6020,.T.);
#3953=ORIENTED_EDGE('',*,*,#6014,.T.);
#3954=ORIENTED_EDGE('',*,*,#6025,.F.);
#3955=ORIENTED_EDGE('',*,*,#6014,.F.);
#3956=ORIENTED_EDGE('',*,*,#6019,.T.);
#3957=ORIENTED_EDGE('',*,*,#6015,.T.);
#3958=ORIENTED_EDGE('',*,*,#6021,.F.);
#3959=ORIENTED_EDGE('',*,*,#6016,.F.);
#3960=ORIENTED_EDGE('',*,*,#6017,.F.);
#3961=ORIENTED_EDGE('',*,*,#6018,.F.);
#3962=ORIENTED_EDGE('',*,*,#6019,.F.);
#3963=ORIENTED_EDGE('',*,*,#6020,.F.);
#3964=ORIENTED_EDGE('',*,*,#6027,.T.);
#3965=ORIENTED_EDGE('',*,*,#6026,.T.);
#3966=ORIENTED_EDGE('',*,*,#6025,.T.);
#3967=ORIENTED_EDGE('',*,*,#6024,.T.);
#3968=ORIENTED_EDGE('',*,*,#6023,.T.);
#3969=ORIENTED_EDGE('',*,*,#6022,.T.);
#3970=ORIENTED_EDGE('',*,*,#6041,.F.);
#3971=ORIENTED_EDGE('',*,*,#6028,.F.);
#3972=ORIENTED_EDGE('',*,*,#6035,.T.);
#3973=ORIENTED_EDGE('',*,*,#6029,.T.);
#3974=ORIENTED_EDGE('',*,*,#6040,.F.);
#3975=ORIENTED_EDGE('',*,*,#6029,.F.);
#3976=ORIENTED_EDGE('',*,*,#6034,.T.);
#3977=ORIENTED_EDGE('',*,*,#6030,.T.);
#3978=ORIENTED_EDGE('',*,*,#6036,.F.);
#3979=ORIENTED_EDGE('',*,*,#6031,.F.);
#3980=ORIENTED_EDGE('',*,*,#6032,.F.);
#3981=ORIENTED_EDGE('',*,*,#6033,.F.);
#3982=ORIENTED_EDGE('',*,*,#6034,.F.);
#3983=ORIENTED_EDGE('',*,*,#6035,.F.);
#3984=ORIENTED_EDGE('',*,*,#6042,.T.);
#3985=ORIENTED_EDGE('',*,*,#6041,.T.);
#3986=ORIENTED_EDGE('',*,*,#6040,.T.);
#3987=ORIENTED_EDGE('',*,*,#6039,.T.);
#3988=ORIENTED_EDGE('',*,*,#6038,.T.);
#3989=ORIENTED_EDGE('',*,*,#6037,.T.);
#3990=ORIENTED_EDGE('',*,*,#6056,.F.);
#3991=ORIENTED_EDGE('',*,*,#6043,.F.);
#3992=ORIENTED_EDGE('',*,*,#6050,.T.);
#3993=ORIENTED_EDGE('',*,*,#6044,.T.);
#3994=ORIENTED_EDGE('',*,*,#6055,.F.);
#3995=ORIENTED_EDGE('',*,*,#6044,.F.);
#3996=ORIENTED_EDGE('',*,*,#6049,.T.);
#3997=ORIENTED_EDGE('',*,*,#6045,.T.);
#3998=ORIENTED_EDGE('',*,*,#6051,.F.);
#3999=ORIENTED_EDGE('',*,*,#6046,.F.);
#4000=ORIENTED_EDGE('',*,*,#6047,.F.);
#4001=ORIENTED_EDGE('',*,*,#6048,.F.);
#4002=ORIENTED_EDGE('',*,*,#6049,.F.);
#4003=ORIENTED_EDGE('',*,*,#6050,.F.);
#4004=ORIENTED_EDGE('',*,*,#6057,.T.);
#4005=ORIENTED_EDGE('',*,*,#6056,.T.);
#4006=ORIENTED_EDGE('',*,*,#6055,.T.);
#4007=ORIENTED_EDGE('',*,*,#6054,.T.);
#4008=ORIENTED_EDGE('',*,*,#6053,.T.);
#4009=ORIENTED_EDGE('',*,*,#6052,.T.);
#4010=ORIENTED_EDGE('',*,*,#6071,.F.);
#4011=ORIENTED_EDGE('',*,*,#6058,.F.);
#4012=ORIENTED_EDGE('',*,*,#6065,.T.);
#4013=ORIENTED_EDGE('',*,*,#6059,.T.);
#4014=ORIENTED_EDGE('',*,*,#6070,.F.);
#4015=ORIENTED_EDGE('',*,*,#6059,.F.);
#4016=ORIENTED_EDGE('',*,*,#6064,.T.);
#4017=ORIENTED_EDGE('',*,*,#6060,.T.);
#4018=ORIENTED_EDGE('',*,*,#6066,.F.);
#4019=ORIENTED_EDGE('',*,*,#6061,.F.);
#4020=ORIENTED_EDGE('',*,*,#6062,.F.);
#4021=ORIENTED_EDGE('',*,*,#6063,.F.);
#4022=ORIENTED_EDGE('',*,*,#6064,.F.);
#4023=ORIENTED_EDGE('',*,*,#6065,.F.);
#4024=ORIENTED_EDGE('',*,*,#6072,.T.);
#4025=ORIENTED_EDGE('',*,*,#6071,.T.);
#4026=ORIENTED_EDGE('',*,*,#6070,.T.);
#4027=ORIENTED_EDGE('',*,*,#6069,.T.);
#4028=ORIENTED_EDGE('',*,*,#6068,.T.);
#4029=ORIENTED_EDGE('',*,*,#6067,.T.);
#4030=ORIENTED_EDGE('',*,*,#6086,.F.);
#4031=ORIENTED_EDGE('',*,*,#6073,.F.);
#4032=ORIENTED_EDGE('',*,*,#6080,.T.);
#4033=ORIENTED_EDGE('',*,*,#6074,.T.);
#4034=ORIENTED_EDGE('',*,*,#6085,.F.);
#4035=ORIENTED_EDGE('',*,*,#6074,.F.);
#4036=ORIENTED_EDGE('',*,*,#6079,.T.);
#4037=ORIENTED_EDGE('',*,*,#6075,.T.);
#4038=ORIENTED_EDGE('',*,*,#6081,.F.);
#4039=ORIENTED_EDGE('',*,*,#6076,.F.);
#4040=ORIENTED_EDGE('',*,*,#6077,.F.);
#4041=ORIENTED_EDGE('',*,*,#6078,.F.);
#4042=ORIENTED_EDGE('',*,*,#6079,.F.);
#4043=ORIENTED_EDGE('',*,*,#6080,.F.);
#4044=ORIENTED_EDGE('',*,*,#6087,.T.);
#4045=ORIENTED_EDGE('',*,*,#6086,.T.);
#4046=ORIENTED_EDGE('',*,*,#6085,.T.);
#4047=ORIENTED_EDGE('',*,*,#6084,.T.);
#4048=ORIENTED_EDGE('',*,*,#6083,.T.);
#4049=ORIENTED_EDGE('',*,*,#6082,.T.);
#4050=ORIENTED_EDGE('',*,*,#6101,.F.);
#4051=ORIENTED_EDGE('',*,*,#6088,.F.);
#4052=ORIENTED_EDGE('',*,*,#6095,.T.);
#4053=ORIENTED_EDGE('',*,*,#6089,.T.);
#4054=ORIENTED_EDGE('',*,*,#6100,.F.);
#4055=ORIENTED_EDGE('',*,*,#6089,.F.);
#4056=ORIENTED_EDGE('',*,*,#6094,.T.);
#4057=ORIENTED_EDGE('',*,*,#6090,.T.);
#4058=ORIENTED_EDGE('',*,*,#6096,.F.);
#4059=ORIENTED_EDGE('',*,*,#6091,.F.);
#4060=ORIENTED_EDGE('',*,*,#6092,.F.);
#4061=ORIENTED_EDGE('',*,*,#6093,.F.);
#4062=ORIENTED_EDGE('',*,*,#6094,.F.);
#4063=ORIENTED_EDGE('',*,*,#6095,.F.);
#4064=ORIENTED_EDGE('',*,*,#6102,.T.);
#4065=ORIENTED_EDGE('',*,*,#6101,.T.);
#4066=ORIENTED_EDGE('',*,*,#6100,.T.);
#4067=ORIENTED_EDGE('',*,*,#6099,.T.);
#4068=ORIENTED_EDGE('',*,*,#6098,.T.);
#4069=ORIENTED_EDGE('',*,*,#6097,.T.);
#4070=ORIENTED_EDGE('',*,*,#6116,.F.);
#4071=ORIENTED_EDGE('',*,*,#6103,.F.);
#4072=ORIENTED_EDGE('',*,*,#6110,.T.);
#4073=ORIENTED_EDGE('',*,*,#6104,.T.);
#4074=ORIENTED_EDGE('',*,*,#6115,.F.);
#4075=ORIENTED_EDGE('',*,*,#6104,.F.);
#4076=ORIENTED_EDGE('',*,*,#6109,.T.);
#4077=ORIENTED_EDGE('',*,*,#6105,.T.);
#4078=ORIENTED_EDGE('',*,*,#6111,.F.);
#4079=ORIENTED_EDGE('',*,*,#6106,.F.);
#4080=ORIENTED_EDGE('',*,*,#6107,.F.);
#4081=ORIENTED_EDGE('',*,*,#6108,.F.);
#4082=ORIENTED_EDGE('',*,*,#6109,.F.);
#4083=ORIENTED_EDGE('',*,*,#6110,.F.);
#4084=ORIENTED_EDGE('',*,*,#6117,.T.);
#4085=ORIENTED_EDGE('',*,*,#6116,.T.);
#4086=ORIENTED_EDGE('',*,*,#6115,.T.);
#4087=ORIENTED_EDGE('',*,*,#6114,.T.);
#4088=ORIENTED_EDGE('',*,*,#6113,.T.);
#4089=ORIENTED_EDGE('',*,*,#6112,.T.);
#4090=ORIENTED_EDGE('',*,*,#6131,.F.);
#4091=ORIENTED_EDGE('',*,*,#6118,.F.);
#4092=ORIENTED_EDGE('',*,*,#6125,.T.);
#4093=ORIENTED_EDGE('',*,*,#6119,.T.);
#4094=ORIENTED_EDGE('',*,*,#6130,.F.);
#4095=ORIENTED_EDGE('',*,*,#6119,.F.);
#4096=ORIENTED_EDGE('',*,*,#6124,.T.);
#4097=ORIENTED_EDGE('',*,*,#6120,.T.);
#4098=ORIENTED_EDGE('',*,*,#6126,.F.);
#4099=ORIENTED_EDGE('',*,*,#6121,.F.);
#4100=ORIENTED_EDGE('',*,*,#6122,.F.);
#4101=ORIENTED_EDGE('',*,*,#6123,.F.);
#4102=ORIENTED_EDGE('',*,*,#6124,.F.);
#4103=ORIENTED_EDGE('',*,*,#6125,.F.);
#4104=ORIENTED_EDGE('',*,*,#6132,.T.);
#4105=ORIENTED_EDGE('',*,*,#6131,.T.);
#4106=ORIENTED_EDGE('',*,*,#6130,.T.);
#4107=ORIENTED_EDGE('',*,*,#6129,.T.);
#4108=ORIENTED_EDGE('',*,*,#6128,.T.);
#4109=ORIENTED_EDGE('',*,*,#6127,.T.);
#4110=ORIENTED_EDGE('',*,*,#6146,.F.);
#4111=ORIENTED_EDGE('',*,*,#6133,.F.);
#4112=ORIENTED_EDGE('',*,*,#6140,.T.);
#4113=ORIENTED_EDGE('',*,*,#6134,.T.);
#4114=ORIENTED_EDGE('',*,*,#6145,.F.);
#4115=ORIENTED_EDGE('',*,*,#6134,.F.);
#4116=ORIENTED_EDGE('',*,*,#6139,.T.);
#4117=ORIENTED_EDGE('',*,*,#6135,.T.);
#4118=ORIENTED_EDGE('',*,*,#6141,.F.);
#4119=ORIENTED_EDGE('',*,*,#6136,.F.);
#4120=ORIENTED_EDGE('',*,*,#6137,.F.);
#4121=ORIENTED_EDGE('',*,*,#6138,.F.);
#4122=ORIENTED_EDGE('',*,*,#6139,.F.);
#4123=ORIENTED_EDGE('',*,*,#6140,.F.);
#4124=ORIENTED_EDGE('',*,*,#6147,.T.);
#4125=ORIENTED_EDGE('',*,*,#6146,.T.);
#4126=ORIENTED_EDGE('',*,*,#6145,.T.);
#4127=ORIENTED_EDGE('',*,*,#6144,.T.);
#4128=ORIENTED_EDGE('',*,*,#6143,.T.);
#4129=ORIENTED_EDGE('',*,*,#6142,.T.);
#4130=ORIENTED_EDGE('',*,*,#6161,.F.);
#4131=ORIENTED_EDGE('',*,*,#6148,.F.);
#4132=ORIENTED_EDGE('',*,*,#6155,.T.);
#4133=ORIENTED_EDGE('',*,*,#6149,.T.);
#4134=ORIENTED_EDGE('',*,*,#6160,.F.);
#4135=ORIENTED_EDGE('',*,*,#6149,.F.);
#4136=ORIENTED_EDGE('',*,*,#6154,.T.);
#4137=ORIENTED_EDGE('',*,*,#6150,.T.);
#4138=ORIENTED_EDGE('',*,*,#6156,.F.);
#4139=ORIENTED_EDGE('',*,*,#6151,.F.);
#4140=ORIENTED_EDGE('',*,*,#6152,.F.);
#4141=ORIENTED_EDGE('',*,*,#6153,.F.);
#4142=ORIENTED_EDGE('',*,*,#6154,.F.);
#4143=ORIENTED_EDGE('',*,*,#6155,.F.);
#4144=ORIENTED_EDGE('',*,*,#6162,.T.);
#4145=ORIENTED_EDGE('',*,*,#6161,.T.);
#4146=ORIENTED_EDGE('',*,*,#6160,.T.);
#4147=ORIENTED_EDGE('',*,*,#6159,.T.);
#4148=ORIENTED_EDGE('',*,*,#6158,.T.);
#4149=ORIENTED_EDGE('',*,*,#6157,.T.);
#4150=ORIENTED_EDGE('',*,*,#6176,.F.);
#4151=ORIENTED_EDGE('',*,*,#6163,.F.);
#4152=ORIENTED_EDGE('',*,*,#6170,.T.);
#4153=ORIENTED_EDGE('',*,*,#6164,.T.);
#4154=ORIENTED_EDGE('',*,*,#6175,.F.);
#4155=ORIENTED_EDGE('',*,*,#6164,.F.);
#4156=ORIENTED_EDGE('',*,*,#6169,.T.);
#4157=ORIENTED_EDGE('',*,*,#6165,.T.);
#4158=ORIENTED_EDGE('',*,*,#6171,.F.);
#4159=ORIENTED_EDGE('',*,*,#6166,.F.);
#4160=ORIENTED_EDGE('',*,*,#6167,.F.);
#4161=ORIENTED_EDGE('',*,*,#6168,.F.);
#4162=ORIENTED_EDGE('',*,*,#6169,.F.);
#4163=ORIENTED_EDGE('',*,*,#6170,.F.);
#4164=ORIENTED_EDGE('',*,*,#6177,.T.);
#4165=ORIENTED_EDGE('',*,*,#6176,.T.);
#4166=ORIENTED_EDGE('',*,*,#6175,.T.);
#4167=ORIENTED_EDGE('',*,*,#6174,.T.);
#4168=ORIENTED_EDGE('',*,*,#6173,.T.);
#4169=ORIENTED_EDGE('',*,*,#6172,.T.);
#4170=ORIENTED_EDGE('',*,*,#6191,.F.);
#4171=ORIENTED_EDGE('',*,*,#6178,.F.);
#4172=ORIENTED_EDGE('',*,*,#6185,.T.);
#4173=ORIENTED_EDGE('',*,*,#6179,.T.);
#4174=ORIENTED_EDGE('',*,*,#6190,.F.);
#4175=ORIENTED_EDGE('',*,*,#6179,.F.);
#4176=ORIENTED_EDGE('',*,*,#6184,.T.);
#4177=ORIENTED_EDGE('',*,*,#6180,.T.);
#4178=ORIENTED_EDGE('',*,*,#6186,.F.);
#4179=ORIENTED_EDGE('',*,*,#6181,.F.);
#4180=ORIENTED_EDGE('',*,*,#6182,.F.);
#4181=ORIENTED_EDGE('',*,*,#6183,.F.);
#4182=ORIENTED_EDGE('',*,*,#6184,.F.);
#4183=ORIENTED_EDGE('',*,*,#6185,.F.);
#4184=ORIENTED_EDGE('',*,*,#6192,.T.);
#4185=ORIENTED_EDGE('',*,*,#6191,.T.);
#4186=ORIENTED_EDGE('',*,*,#6190,.T.);
#4187=ORIENTED_EDGE('',*,*,#6189,.T.);
#4188=ORIENTED_EDGE('',*,*,#6188,.T.);
#4189=ORIENTED_EDGE('',*,*,#6187,.T.);
#4190=ORIENTED_EDGE('',*,*,#6206,.F.);
#4191=ORIENTED_EDGE('',*,*,#6193,.F.);
#4192=ORIENTED_EDGE('',*,*,#6200,.T.);
#4193=ORIENTED_EDGE('',*,*,#6194,.T.);
#4194=ORIENTED_EDGE('',*,*,#6205,.F.);
#4195=ORIENTED_EDGE('',*,*,#6194,.F.);
#4196=ORIENTED_EDGE('',*,*,#6199,.T.);
#4197=ORIENTED_EDGE('',*,*,#6195,.T.);
#4198=ORIENTED_EDGE('',*,*,#6201,.F.);
#4199=ORIENTED_EDGE('',*,*,#6196,.F.);
#4200=ORIENTED_EDGE('',*,*,#6197,.F.);
#4201=ORIENTED_EDGE('',*,*,#6198,.F.);
#4202=ORIENTED_EDGE('',*,*,#6199,.F.);
#4203=ORIENTED_EDGE('',*,*,#6200,.F.);
#4204=ORIENTED_EDGE('',*,*,#6207,.T.);
#4205=ORIENTED_EDGE('',*,*,#6206,.T.);
#4206=ORIENTED_EDGE('',*,*,#6205,.T.);
#4207=ORIENTED_EDGE('',*,*,#6204,.T.);
#4208=ORIENTED_EDGE('',*,*,#6203,.T.);
#4209=ORIENTED_EDGE('',*,*,#6202,.T.);
#4210=ORIENTED_EDGE('',*,*,#6221,.F.);
#4211=ORIENTED_EDGE('',*,*,#6208,.F.);
#4212=ORIENTED_EDGE('',*,*,#6215,.T.);
#4213=ORIENTED_EDGE('',*,*,#6209,.T.);
#4214=ORIENTED_EDGE('',*,*,#6220,.F.);
#4215=ORIENTED_EDGE('',*,*,#6209,.F.);
#4216=ORIENTED_EDGE('',*,*,#6214,.T.);
#4217=ORIENTED_EDGE('',*,*,#6210,.T.);
#4218=ORIENTED_EDGE('',*,*,#6216,.F.);
#4219=ORIENTED_EDGE('',*,*,#6211,.F.);
#4220=ORIENTED_EDGE('',*,*,#6212,.F.);
#4221=ORIENTED_EDGE('',*,*,#6213,.F.);
#4222=ORIENTED_EDGE('',*,*,#6214,.F.);
#4223=ORIENTED_EDGE('',*,*,#6215,.F.);
#4224=ORIENTED_EDGE('',*,*,#6222,.T.);
#4225=ORIENTED_EDGE('',*,*,#6221,.T.);
#4226=ORIENTED_EDGE('',*,*,#6220,.T.);
#4227=ORIENTED_EDGE('',*,*,#6219,.T.);
#4228=ORIENTED_EDGE('',*,*,#6218,.T.);
#4229=ORIENTED_EDGE('',*,*,#6217,.T.);
#4230=ORIENTED_EDGE('',*,*,#6236,.F.);
#4231=ORIENTED_EDGE('',*,*,#6223,.F.);
#4232=ORIENTED_EDGE('',*,*,#6230,.T.);
#4233=ORIENTED_EDGE('',*,*,#6224,.T.);
#4234=ORIENTED_EDGE('',*,*,#6235,.F.);
#4235=ORIENTED_EDGE('',*,*,#6224,.F.);
#4236=ORIENTED_EDGE('',*,*,#6229,.T.);
#4237=ORIENTED_EDGE('',*,*,#6225,.T.);
#4238=ORIENTED_EDGE('',*,*,#6231,.F.);
#4239=ORIENTED_EDGE('',*,*,#6226,.F.);
#4240=ORIENTED_EDGE('',*,*,#6227,.F.);
#4241=ORIENTED_EDGE('',*,*,#6228,.F.);
#4242=ORIENTED_EDGE('',*,*,#6229,.F.);
#4243=ORIENTED_EDGE('',*,*,#6230,.F.);
#4244=ORIENTED_EDGE('',*,*,#6237,.T.);
#4245=ORIENTED_EDGE('',*,*,#6236,.T.);
#4246=ORIENTED_EDGE('',*,*,#6235,.T.);
#4247=ORIENTED_EDGE('',*,*,#6234,.T.);
#4248=ORIENTED_EDGE('',*,*,#6233,.T.);
#4249=ORIENTED_EDGE('',*,*,#6232,.T.);
#4250=ORIENTED_EDGE('',*,*,#6251,.F.);
#4251=ORIENTED_EDGE('',*,*,#6238,.F.);
#4252=ORIENTED_EDGE('',*,*,#6245,.T.);
#4253=ORIENTED_EDGE('',*,*,#6239,.T.);
#4254=ORIENTED_EDGE('',*,*,#6250,.F.);
#4255=ORIENTED_EDGE('',*,*,#6239,.F.);
#4256=ORIENTED_EDGE('',*,*,#6244,.T.);
#4257=ORIENTED_EDGE('',*,*,#6240,.T.);
#4258=ORIENTED_EDGE('',*,*,#6246,.F.);
#4259=ORIENTED_EDGE('',*,*,#6241,.F.);
#4260=ORIENTED_EDGE('',*,*,#6242,.F.);
#4261=ORIENTED_EDGE('',*,*,#6243,.F.);
#4262=ORIENTED_EDGE('',*,*,#6244,.F.);
#4263=ORIENTED_EDGE('',*,*,#6245,.F.);
#4264=ORIENTED_EDGE('',*,*,#6252,.T.);
#4265=ORIENTED_EDGE('',*,*,#6251,.T.);
#4266=ORIENTED_EDGE('',*,*,#6250,.T.);
#4267=ORIENTED_EDGE('',*,*,#6249,.T.);
#4268=ORIENTED_EDGE('',*,*,#6248,.T.);
#4269=ORIENTED_EDGE('',*,*,#6247,.T.);
#4270=ORIENTED_EDGE('',*,*,#6266,.F.);
#4271=ORIENTED_EDGE('',*,*,#6253,.F.);
#4272=ORIENTED_EDGE('',*,*,#6260,.T.);
#4273=ORIENTED_EDGE('',*,*,#6254,.T.);
#4274=ORIENTED_EDGE('',*,*,#6265,.F.);
#4275=ORIENTED_EDGE('',*,*,#6254,.F.);
#4276=ORIENTED_EDGE('',*,*,#6259,.T.);
#4277=ORIENTED_EDGE('',*,*,#6255,.T.);
#4278=ORIENTED_EDGE('',*,*,#6261,.F.);
#4279=ORIENTED_EDGE('',*,*,#6256,.F.);
#4280=ORIENTED_EDGE('',*,*,#6257,.F.);
#4281=ORIENTED_EDGE('',*,*,#6258,.F.);
#4282=ORIENTED_EDGE('',*,*,#6259,.F.);
#4283=ORIENTED_EDGE('',*,*,#6260,.F.);
#4284=ORIENTED_EDGE('',*,*,#6267,.T.);
#4285=ORIENTED_EDGE('',*,*,#6266,.T.);
#4286=ORIENTED_EDGE('',*,*,#6265,.T.);
#4287=ORIENTED_EDGE('',*,*,#6264,.T.);
#4288=ORIENTED_EDGE('',*,*,#6263,.T.);
#4289=ORIENTED_EDGE('',*,*,#6262,.T.);
#4290=ORIENTED_EDGE('',*,*,#6281,.F.);
#4291=ORIENTED_EDGE('',*,*,#6268,.F.);
#4292=ORIENTED_EDGE('',*,*,#6275,.T.);
#4293=ORIENTED_EDGE('',*,*,#6269,.T.);
#4294=ORIENTED_EDGE('',*,*,#6280,.F.);
#4295=ORIENTED_EDGE('',*,*,#6269,.F.);
#4296=ORIENTED_EDGE('',*,*,#6274,.T.);
#4297=ORIENTED_EDGE('',*,*,#6270,.T.);
#4298=ORIENTED_EDGE('',*,*,#6276,.F.);
#4299=ORIENTED_EDGE('',*,*,#6271,.F.);
#4300=ORIENTED_EDGE('',*,*,#6272,.F.);
#4301=ORIENTED_EDGE('',*,*,#6273,.F.);
#4302=ORIENTED_EDGE('',*,*,#6274,.F.);
#4303=ORIENTED_EDGE('',*,*,#6275,.F.);
#4304=ORIENTED_EDGE('',*,*,#6282,.T.);
#4305=ORIENTED_EDGE('',*,*,#6281,.T.);
#4306=ORIENTED_EDGE('',*,*,#6280,.T.);
#4307=ORIENTED_EDGE('',*,*,#6279,.T.);
#4308=ORIENTED_EDGE('',*,*,#6278,.T.);
#4309=ORIENTED_EDGE('',*,*,#6277,.T.);
#4310=ORIENTED_EDGE('',*,*,#6296,.F.);
#4311=ORIENTED_EDGE('',*,*,#6283,.F.);
#4312=ORIENTED_EDGE('',*,*,#6290,.T.);
#4313=ORIENTED_EDGE('',*,*,#6284,.T.);
#4314=ORIENTED_EDGE('',*,*,#6295,.F.);
#4315=ORIENTED_EDGE('',*,*,#6284,.F.);
#4316=ORIENTED_EDGE('',*,*,#6289,.T.);
#4317=ORIENTED_EDGE('',*,*,#6285,.T.);
#4318=ORIENTED_EDGE('',*,*,#6291,.F.);
#4319=ORIENTED_EDGE('',*,*,#6286,.F.);
#4320=ORIENTED_EDGE('',*,*,#6287,.F.);
#4321=ORIENTED_EDGE('',*,*,#6288,.F.);
#4322=ORIENTED_EDGE('',*,*,#6289,.F.);
#4323=ORIENTED_EDGE('',*,*,#6290,.F.);
#4324=ORIENTED_EDGE('',*,*,#6297,.T.);
#4325=ORIENTED_EDGE('',*,*,#6296,.T.);
#4326=ORIENTED_EDGE('',*,*,#6295,.T.);
#4327=ORIENTED_EDGE('',*,*,#6294,.T.);
#4328=ORIENTED_EDGE('',*,*,#6293,.T.);
#4329=ORIENTED_EDGE('',*,*,#6292,.T.);
#4330=ORIENTED_EDGE('',*,*,#6311,.F.);
#4331=ORIENTED_EDGE('',*,*,#6298,.F.);
#4332=ORIENTED_EDGE('',*,*,#6305,.T.);
#4333=ORIENTED_EDGE('',*,*,#6299,.T.);
#4334=ORIENTED_EDGE('',*,*,#6310,.F.);
#4335=ORIENTED_EDGE('',*,*,#6299,.F.);
#4336=ORIENTED_EDGE('',*,*,#6304,.T.);
#4337=ORIENTED_EDGE('',*,*,#6300,.T.);
#4338=ORIENTED_EDGE('',*,*,#6306,.F.);
#4339=ORIENTED_EDGE('',*,*,#6301,.F.);
#4340=ORIENTED_EDGE('',*,*,#6302,.F.);
#4341=ORIENTED_EDGE('',*,*,#6303,.F.);
#4342=ORIENTED_EDGE('',*,*,#6304,.F.);
#4343=ORIENTED_EDGE('',*,*,#6305,.F.);
#4344=ORIENTED_EDGE('',*,*,#6312,.T.);
#4345=ORIENTED_EDGE('',*,*,#6311,.T.);
#4346=ORIENTED_EDGE('',*,*,#6310,.T.);
#4347=ORIENTED_EDGE('',*,*,#6309,.T.);
#4348=ORIENTED_EDGE('',*,*,#6308,.T.);
#4349=ORIENTED_EDGE('',*,*,#6307,.T.);
#4350=ORIENTED_EDGE('',*,*,#6326,.F.);
#4351=ORIENTED_EDGE('',*,*,#6313,.F.);
#4352=ORIENTED_EDGE('',*,*,#6320,.T.);
#4353=ORIENTED_EDGE('',*,*,#6314,.T.);
#4354=ORIENTED_EDGE('',*,*,#6325,.F.);
#4355=ORIENTED_EDGE('',*,*,#6314,.F.);
#4356=ORIENTED_EDGE('',*,*,#6319,.T.);
#4357=ORIENTED_EDGE('',*,*,#6315,.T.);
#4358=ORIENTED_EDGE('',*,*,#6321,.F.);
#4359=ORIENTED_EDGE('',*,*,#6316,.F.);
#4360=ORIENTED_EDGE('',*,*,#6317,.F.);
#4361=ORIENTED_EDGE('',*,*,#6318,.F.);
#4362=ORIENTED_EDGE('',*,*,#6319,.F.);
#4363=ORIENTED_EDGE('',*,*,#6320,.F.);
#4364=ORIENTED_EDGE('',*,*,#6327,.T.);
#4365=ORIENTED_EDGE('',*,*,#6326,.T.);
#4366=ORIENTED_EDGE('',*,*,#6325,.T.);
#4367=ORIENTED_EDGE('',*,*,#6324,.T.);
#4368=ORIENTED_EDGE('',*,*,#6323,.T.);
#4369=ORIENTED_EDGE('',*,*,#6322,.T.);
#4370=ORIENTED_EDGE('',*,*,#6341,.F.);
#4371=ORIENTED_EDGE('',*,*,#6328,.F.);
#4372=ORIENTED_EDGE('',*,*,#6335,.T.);
#4373=ORIENTED_EDGE('',*,*,#6329,.T.);
#4374=ORIENTED_EDGE('',*,*,#6340,.F.);
#4375=ORIENTED_EDGE('',*,*,#6329,.F.);
#4376=ORIENTED_EDGE('',*,*,#6334,.T.);
#4377=ORIENTED_EDGE('',*,*,#6330,.T.);
#4378=ORIENTED_EDGE('',*,*,#6336,.F.);
#4379=ORIENTED_EDGE('',*,*,#6331,.F.);
#4380=ORIENTED_EDGE('',*,*,#6332,.F.);
#4381=ORIENTED_EDGE('',*,*,#6333,.F.);
#4382=ORIENTED_EDGE('',*,*,#6334,.F.);
#4383=ORIENTED_EDGE('',*,*,#6335,.F.);
#4384=ORIENTED_EDGE('',*,*,#6342,.T.);
#4385=ORIENTED_EDGE('',*,*,#6341,.T.);
#4386=ORIENTED_EDGE('',*,*,#6340,.T.);
#4387=ORIENTED_EDGE('',*,*,#6339,.T.);
#4388=ORIENTED_EDGE('',*,*,#6338,.T.);
#4389=ORIENTED_EDGE('',*,*,#6337,.T.);
#4390=ORIENTED_EDGE('',*,*,#6356,.F.);
#4391=ORIENTED_EDGE('',*,*,#6343,.F.);
#4392=ORIENTED_EDGE('',*,*,#6350,.T.);
#4393=ORIENTED_EDGE('',*,*,#6344,.T.);
#4394=ORIENTED_EDGE('',*,*,#6355,.F.);
#4395=ORIENTED_EDGE('',*,*,#6344,.F.);
#4396=ORIENTED_EDGE('',*,*,#6349,.T.);
#4397=ORIENTED_EDGE('',*,*,#6345,.T.);
#4398=ORIENTED_EDGE('',*,*,#6351,.F.);
#4399=ORIENTED_EDGE('',*,*,#6346,.F.);
#4400=ORIENTED_EDGE('',*,*,#6347,.F.);
#4401=ORIENTED_EDGE('',*,*,#6348,.F.);
#4402=ORIENTED_EDGE('',*,*,#6349,.F.);
#4403=ORIENTED_EDGE('',*,*,#6350,.F.);
#4404=ORIENTED_EDGE('',*,*,#6357,.T.);
#4405=ORIENTED_EDGE('',*,*,#6356,.T.);
#4406=ORIENTED_EDGE('',*,*,#6355,.T.);
#4407=ORIENTED_EDGE('',*,*,#6354,.T.);
#4408=ORIENTED_EDGE('',*,*,#6353,.T.);
#4409=ORIENTED_EDGE('',*,*,#6352,.T.);
#4410=ORIENTED_EDGE('',*,*,#6371,.F.);
#4411=ORIENTED_EDGE('',*,*,#6358,.F.);
#4412=ORIENTED_EDGE('',*,*,#6365,.T.);
#4413=ORIENTED_EDGE('',*,*,#6359,.T.);
#4414=ORIENTED_EDGE('',*,*,#6370,.F.);
#4415=ORIENTED_EDGE('',*,*,#6359,.F.);
#4416=ORIENTED_EDGE('',*,*,#6364,.T.);
#4417=ORIENTED_EDGE('',*,*,#6360,.T.);
#4418=ORIENTED_EDGE('',*,*,#6366,.F.);
#4419=ORIENTED_EDGE('',*,*,#6361,.F.);
#4420=ORIENTED_EDGE('',*,*,#6362,.F.);
#4421=ORIENTED_EDGE('',*,*,#6363,.F.);
#4422=ORIENTED_EDGE('',*,*,#6364,.F.);
#4423=ORIENTED_EDGE('',*,*,#6365,.F.);
#4424=ORIENTED_EDGE('',*,*,#6372,.T.);
#4425=ORIENTED_EDGE('',*,*,#6371,.T.);
#4426=ORIENTED_EDGE('',*,*,#6370,.T.);
#4427=ORIENTED_EDGE('',*,*,#6369,.T.);
#4428=ORIENTED_EDGE('',*,*,#6368,.T.);
#4429=ORIENTED_EDGE('',*,*,#6367,.T.);
#4430=ORIENTED_EDGE('',*,*,#6386,.F.);
#4431=ORIENTED_EDGE('',*,*,#6373,.F.);
#4432=ORIENTED_EDGE('',*,*,#6380,.T.);
#4433=ORIENTED_EDGE('',*,*,#6374,.T.);
#4434=ORIENTED_EDGE('',*,*,#6385,.F.);
#4435=ORIENTED_EDGE('',*,*,#6374,.F.);
#4436=ORIENTED_EDGE('',*,*,#6379,.T.);
#4437=ORIENTED_EDGE('',*,*,#6375,.T.);
#4438=ORIENTED_EDGE('',*,*,#6381,.F.);
#4439=ORIENTED_EDGE('',*,*,#6376,.F.);
#4440=ORIENTED_EDGE('',*,*,#6377,.F.);
#4441=ORIENTED_EDGE('',*,*,#6378,.F.);
#4442=ORIENTED_EDGE('',*,*,#6379,.F.);
#4443=ORIENTED_EDGE('',*,*,#6380,.F.);
#4444=ORIENTED_EDGE('',*,*,#6387,.T.);
#4445=ORIENTED_EDGE('',*,*,#6386,.T.);
#4446=ORIENTED_EDGE('',*,*,#6385,.T.);
#4447=ORIENTED_EDGE('',*,*,#6384,.T.);
#4448=ORIENTED_EDGE('',*,*,#6383,.T.);
#4449=ORIENTED_EDGE('',*,*,#6382,.T.);
#4450=ORIENTED_EDGE('',*,*,#6401,.F.);
#4451=ORIENTED_EDGE('',*,*,#6388,.F.);
#4452=ORIENTED_EDGE('',*,*,#6395,.T.);
#4453=ORIENTED_EDGE('',*,*,#6389,.T.);
#4454=ORIENTED_EDGE('',*,*,#6400,.F.);
#4455=ORIENTED_EDGE('',*,*,#6389,.F.);
#4456=ORIENTED_EDGE('',*,*,#6394,.T.);
#4457=ORIENTED_EDGE('',*,*,#6390,.T.);
#4458=ORIENTED_EDGE('',*,*,#6396,.F.);
#4459=ORIENTED_EDGE('',*,*,#6391,.F.);
#4460=ORIENTED_EDGE('',*,*,#6392,.F.);
#4461=ORIENTED_EDGE('',*,*,#6393,.F.);
#4462=ORIENTED_EDGE('',*,*,#6394,.F.);
#4463=ORIENTED_EDGE('',*,*,#6395,.F.);
#4464=ORIENTED_EDGE('',*,*,#6402,.T.);
#4465=ORIENTED_EDGE('',*,*,#6401,.T.);
#4466=ORIENTED_EDGE('',*,*,#6400,.T.);
#4467=ORIENTED_EDGE('',*,*,#6399,.T.);
#4468=ORIENTED_EDGE('',*,*,#6398,.T.);
#4469=ORIENTED_EDGE('',*,*,#6397,.T.);
#4470=ORIENTED_EDGE('',*,*,#6416,.F.);
#4471=ORIENTED_EDGE('',*,*,#6403,.F.);
#4472=ORIENTED_EDGE('',*,*,#6410,.T.);
#4473=ORIENTED_EDGE('',*,*,#6404,.T.);
#4474=ORIENTED_EDGE('',*,*,#6415,.F.);
#4475=ORIENTED_EDGE('',*,*,#6404,.F.);
#4476=ORIENTED_EDGE('',*,*,#6409,.T.);
#4477=ORIENTED_EDGE('',*,*,#6405,.T.);
#4478=ORIENTED_EDGE('',*,*,#6411,.F.);
#4479=ORIENTED_EDGE('',*,*,#6406,.F.);
#4480=ORIENTED_EDGE('',*,*,#6407,.F.);
#4481=ORIENTED_EDGE('',*,*,#6408,.F.);
#4482=ORIENTED_EDGE('',*,*,#6409,.F.);
#4483=ORIENTED_EDGE('',*,*,#6410,.F.);
#4484=ORIENTED_EDGE('',*,*,#6417,.T.);
#4485=ORIENTED_EDGE('',*,*,#6416,.T.);
#4486=ORIENTED_EDGE('',*,*,#6415,.T.);
#4487=ORIENTED_EDGE('',*,*,#6414,.T.);
#4488=ORIENTED_EDGE('',*,*,#6413,.T.);
#4489=ORIENTED_EDGE('',*,*,#6412,.T.);
#4490=ORIENTED_EDGE('',*,*,#6431,.F.);
#4491=ORIENTED_EDGE('',*,*,#6418,.F.);
#4492=ORIENTED_EDGE('',*,*,#6425,.T.);
#4493=ORIENTED_EDGE('',*,*,#6419,.T.);
#4494=ORIENTED_EDGE('',*,*,#6430,.F.);
#4495=ORIENTED_EDGE('',*,*,#6419,.F.);
#4496=ORIENTED_EDGE('',*,*,#6424,.T.);
#4497=ORIENTED_EDGE('',*,*,#6420,.T.);
#4498=ORIENTED_EDGE('',*,*,#6426,.F.);
#4499=ORIENTED_EDGE('',*,*,#6421,.F.);
#4500=ORIENTED_EDGE('',*,*,#6422,.F.);
#4501=ORIENTED_EDGE('',*,*,#6423,.F.);
#4502=ORIENTED_EDGE('',*,*,#6424,.F.);
#4503=ORIENTED_EDGE('',*,*,#6425,.F.);
#4504=ORIENTED_EDGE('',*,*,#6432,.T.);
#4505=ORIENTED_EDGE('',*,*,#6431,.T.);
#4506=ORIENTED_EDGE('',*,*,#6430,.T.);
#4507=ORIENTED_EDGE('',*,*,#6429,.T.);
#4508=ORIENTED_EDGE('',*,*,#6428,.T.);
#4509=ORIENTED_EDGE('',*,*,#6427,.T.);
#4510=ORIENTED_EDGE('',*,*,#6446,.F.);
#4511=ORIENTED_EDGE('',*,*,#6433,.F.);
#4512=ORIENTED_EDGE('',*,*,#6440,.T.);
#4513=ORIENTED_EDGE('',*,*,#6434,.T.);
#4514=ORIENTED_EDGE('',*,*,#6445,.F.);
#4515=ORIENTED_EDGE('',*,*,#6434,.F.);
#4516=ORIENTED_EDGE('',*,*,#6439,.T.);
#4517=ORIENTED_EDGE('',*,*,#6435,.T.);
#4518=ORIENTED_EDGE('',*,*,#6441,.F.);
#4519=ORIENTED_EDGE('',*,*,#6436,.F.);
#4520=ORIENTED_EDGE('',*,*,#6437,.F.);
#4521=ORIENTED_EDGE('',*,*,#6438,.F.);
#4522=ORIENTED_EDGE('',*,*,#6439,.F.);
#4523=ORIENTED_EDGE('',*,*,#6440,.F.);
#4524=ORIENTED_EDGE('',*,*,#6447,.T.);
#4525=ORIENTED_EDGE('',*,*,#6446,.T.);
#4526=ORIENTED_EDGE('',*,*,#6445,.T.);
#4527=ORIENTED_EDGE('',*,*,#6444,.T.);
#4528=ORIENTED_EDGE('',*,*,#6443,.T.);
#4529=ORIENTED_EDGE('',*,*,#6442,.T.);
#4530=ORIENTED_EDGE('',*,*,#6461,.F.);
#4531=ORIENTED_EDGE('',*,*,#6448,.F.);
#4532=ORIENTED_EDGE('',*,*,#6455,.T.);
#4533=ORIENTED_EDGE('',*,*,#6449,.T.);
#4534=ORIENTED_EDGE('',*,*,#6460,.F.);
#4535=ORIENTED_EDGE('',*,*,#6449,.F.);
#4536=ORIENTED_EDGE('',*,*,#6454,.T.);
#4537=ORIENTED_EDGE('',*,*,#6450,.T.);
#4538=ORIENTED_EDGE('',*,*,#6456,.F.);
#4539=ORIENTED_EDGE('',*,*,#6451,.F.);
#4540=ORIENTED_EDGE('',*,*,#6452,.F.);
#4541=ORIENTED_EDGE('',*,*,#6453,.F.);
#4542=ORIENTED_EDGE('',*,*,#6454,.F.);
#4543=ORIENTED_EDGE('',*,*,#6455,.F.);
#4544=ORIENTED_EDGE('',*,*,#6462,.T.);
#4545=ORIENTED_EDGE('',*,*,#6461,.T.);
#4546=ORIENTED_EDGE('',*,*,#6460,.T.);
#4547=ORIENTED_EDGE('',*,*,#6459,.T.);
#4548=ORIENTED_EDGE('',*,*,#6458,.T.);
#4549=ORIENTED_EDGE('',*,*,#6457,.T.);
#4550=ORIENTED_EDGE('',*,*,#6476,.F.);
#4551=ORIENTED_EDGE('',*,*,#6463,.F.);
#4552=ORIENTED_EDGE('',*,*,#6470,.T.);
#4553=ORIENTED_EDGE('',*,*,#6464,.T.);
#4554=ORIENTED_EDGE('',*,*,#6475,.F.);
#4555=ORIENTED_EDGE('',*,*,#6464,.F.);
#4556=ORIENTED_EDGE('',*,*,#6469,.T.);
#4557=ORIENTED_EDGE('',*,*,#6465,.T.);
#4558=ORIENTED_EDGE('',*,*,#6471,.F.);
#4559=ORIENTED_EDGE('',*,*,#6466,.F.);
#4560=ORIENTED_EDGE('',*,*,#6467,.F.);
#4561=ORIENTED_EDGE('',*,*,#6468,.F.);
#4562=ORIENTED_EDGE('',*,*,#6469,.F.);
#4563=ORIENTED_EDGE('',*,*,#6470,.F.);
#4564=ORIENTED_EDGE('',*,*,#6477,.T.);
#4565=ORIENTED_EDGE('',*,*,#6476,.T.);
#4566=ORIENTED_EDGE('',*,*,#6475,.T.);
#4567=ORIENTED_EDGE('',*,*,#6474,.T.);
#4568=ORIENTED_EDGE('',*,*,#6473,.T.);
#4569=ORIENTED_EDGE('',*,*,#6472,.T.);
#4570=ORIENTED_EDGE('',*,*,#6491,.F.);
#4571=ORIENTED_EDGE('',*,*,#6478,.F.);
#4572=ORIENTED_EDGE('',*,*,#6485,.T.);
#4573=ORIENTED_EDGE('',*,*,#6479,.T.);
#4574=ORIENTED_EDGE('',*,*,#6490,.F.);
#4575=ORIENTED_EDGE('',*,*,#6479,.F.);
#4576=ORIENTED_EDGE('',*,*,#6484,.T.);
#4577=ORIENTED_EDGE('',*,*,#6480,.T.);
#4578=ORIENTED_EDGE('',*,*,#6486,.F.);
#4579=ORIENTED_EDGE('',*,*,#6481,.F.);
#4580=ORIENTED_EDGE('',*,*,#6482,.F.);
#4581=ORIENTED_EDGE('',*,*,#6483,.F.);
#4582=ORIENTED_EDGE('',*,*,#6484,.F.);
#4583=ORIENTED_EDGE('',*,*,#6485,.F.);
#4584=ORIENTED_EDGE('',*,*,#6492,.T.);
#4585=ORIENTED_EDGE('',*,*,#6491,.T.);
#4586=ORIENTED_EDGE('',*,*,#6490,.T.);
#4587=ORIENTED_EDGE('',*,*,#6489,.T.);
#4588=ORIENTED_EDGE('',*,*,#6488,.T.);
#4589=ORIENTED_EDGE('',*,*,#6487,.T.);
#4590=ORIENTED_EDGE('',*,*,#6506,.F.);
#4591=ORIENTED_EDGE('',*,*,#6493,.F.);
#4592=ORIENTED_EDGE('',*,*,#6500,.T.);
#4593=ORIENTED_EDGE('',*,*,#6494,.T.);
#4594=ORIENTED_EDGE('',*,*,#6505,.F.);
#4595=ORIENTED_EDGE('',*,*,#6494,.F.);
#4596=ORIENTED_EDGE('',*,*,#6499,.T.);
#4597=ORIENTED_EDGE('',*,*,#6495,.T.);
#4598=ORIENTED_EDGE('',*,*,#6501,.F.);
#4599=ORIENTED_EDGE('',*,*,#6496,.F.);
#4600=ORIENTED_EDGE('',*,*,#6497,.F.);
#4601=ORIENTED_EDGE('',*,*,#6498,.F.);
#4602=ORIENTED_EDGE('',*,*,#6499,.F.);
#4603=ORIENTED_EDGE('',*,*,#6500,.F.);
#4604=ORIENTED_EDGE('',*,*,#6507,.T.);
#4605=ORIENTED_EDGE('',*,*,#6506,.T.);
#4606=ORIENTED_EDGE('',*,*,#6505,.T.);
#4607=ORIENTED_EDGE('',*,*,#6504,.T.);
#4608=ORIENTED_EDGE('',*,*,#6503,.T.);
#4609=ORIENTED_EDGE('',*,*,#6502,.T.);
#4610=ORIENTED_EDGE('',*,*,#6521,.F.);
#4611=ORIENTED_EDGE('',*,*,#6508,.F.);
#4612=ORIENTED_EDGE('',*,*,#6515,.T.);
#4613=ORIENTED_EDGE('',*,*,#6509,.T.);
#4614=ORIENTED_EDGE('',*,*,#6520,.F.);
#4615=ORIENTED_EDGE('',*,*,#6509,.F.);
#4616=ORIENTED_EDGE('',*,*,#6514,.T.);
#4617=ORIENTED_EDGE('',*,*,#6510,.T.);
#4618=ORIENTED_EDGE('',*,*,#6516,.F.);
#4619=ORIENTED_EDGE('',*,*,#6511,.F.);
#4620=ORIENTED_EDGE('',*,*,#6512,.F.);
#4621=ORIENTED_EDGE('',*,*,#6513,.F.);
#4622=ORIENTED_EDGE('',*,*,#6514,.F.);
#4623=ORIENTED_EDGE('',*,*,#6515,.F.);
#4624=ORIENTED_EDGE('',*,*,#6522,.T.);
#4625=ORIENTED_EDGE('',*,*,#6521,.T.);
#4626=ORIENTED_EDGE('',*,*,#6520,.T.);
#4627=ORIENTED_EDGE('',*,*,#6519,.T.);
#4628=ORIENTED_EDGE('',*,*,#6518,.T.);
#4629=ORIENTED_EDGE('',*,*,#6517,.T.);
#4630=ORIENTED_EDGE('',*,*,#6536,.F.);
#4631=ORIENTED_EDGE('',*,*,#6523,.F.);
#4632=ORIENTED_EDGE('',*,*,#6530,.T.);
#4633=ORIENTED_EDGE('',*,*,#6524,.T.);
#4634=ORIENTED_EDGE('',*,*,#6535,.F.);
#4635=ORIENTED_EDGE('',*,*,#6524,.F.);
#4636=ORIENTED_EDGE('',*,*,#6529,.T.);
#4637=ORIENTED_EDGE('',*,*,#6525,.T.);
#4638=ORIENTED_EDGE('',*,*,#6531,.F.);
#4639=ORIENTED_EDGE('',*,*,#6526,.F.);
#4640=ORIENTED_EDGE('',*,*,#6527,.F.);
#4641=ORIENTED_EDGE('',*,*,#6528,.F.);
#4642=ORIENTED_EDGE('',*,*,#6529,.F.);
#4643=ORIENTED_EDGE('',*,*,#6530,.F.);
#4644=ORIENTED_EDGE('',*,*,#6537,.T.);
#4645=ORIENTED_EDGE('',*,*,#6536,.T.);
#4646=ORIENTED_EDGE('',*,*,#6535,.T.);
#4647=ORIENTED_EDGE('',*,*,#6534,.T.);
#4648=ORIENTED_EDGE('',*,*,#6533,.T.);
#4649=ORIENTED_EDGE('',*,*,#6532,.T.);
#4650=ORIENTED_EDGE('',*,*,#6551,.F.);
#4651=ORIENTED_EDGE('',*,*,#6538,.F.);
#4652=ORIENTED_EDGE('',*,*,#6545,.T.);
#4653=ORIENTED_EDGE('',*,*,#6539,.T.);
#4654=ORIENTED_EDGE('',*,*,#6550,.F.);
#4655=ORIENTED_EDGE('',*,*,#6539,.F.);
#4656=ORIENTED_EDGE('',*,*,#6544,.T.);
#4657=ORIENTED_EDGE('',*,*,#6540,.T.);
#4658=ORIENTED_EDGE('',*,*,#6546,.F.);
#4659=ORIENTED_EDGE('',*,*,#6541,.F.);
#4660=ORIENTED_EDGE('',*,*,#6542,.F.);
#4661=ORIENTED_EDGE('',*,*,#6543,.F.);
#4662=ORIENTED_EDGE('',*,*,#6544,.F.);
#4663=ORIENTED_EDGE('',*,*,#6545,.F.);
#4664=ORIENTED_EDGE('',*,*,#6552,.T.);
#4665=ORIENTED_EDGE('',*,*,#6551,.T.);
#4666=ORIENTED_EDGE('',*,*,#6550,.T.);
#4667=ORIENTED_EDGE('',*,*,#6549,.T.);
#4668=ORIENTED_EDGE('',*,*,#6548,.T.);
#4669=ORIENTED_EDGE('',*,*,#6547,.T.);
#4670=ORIENTED_EDGE('',*,*,#6566,.F.);
#4671=ORIENTED_EDGE('',*,*,#6553,.F.);
#4672=ORIENTED_EDGE('',*,*,#6560,.T.);
#4673=ORIENTED_EDGE('',*,*,#6554,.T.);
#4674=ORIENTED_EDGE('',*,*,#6565,.F.);
#4675=ORIENTED_EDGE('',*,*,#6554,.F.);
#4676=ORIENTED_EDGE('',*,*,#6559,.T.);
#4677=ORIENTED_EDGE('',*,*,#6555,.T.);
#4678=ORIENTED_EDGE('',*,*,#6561,.F.);
#4679=ORIENTED_EDGE('',*,*,#6556,.F.);
#4680=ORIENTED_EDGE('',*,*,#6557,.F.);
#4681=ORIENTED_EDGE('',*,*,#6558,.F.);
#4682=ORIENTED_EDGE('',*,*,#6559,.F.);
#4683=ORIENTED_EDGE('',*,*,#6560,.F.);
#4684=ORIENTED_EDGE('',*,*,#6567,.T.);
#4685=ORIENTED_EDGE('',*,*,#6566,.T.);
#4686=ORIENTED_EDGE('',*,*,#6565,.T.);
#4687=ORIENTED_EDGE('',*,*,#6564,.T.);
#4688=ORIENTED_EDGE('',*,*,#6563,.T.);
#4689=ORIENTED_EDGE('',*,*,#6562,.T.);
#4690=ORIENTED_EDGE('',*,*,#6581,.F.);
#4691=ORIENTED_EDGE('',*,*,#6568,.F.);
#4692=ORIENTED_EDGE('',*,*,#6575,.T.);
#4693=ORIENTED_EDGE('',*,*,#6569,.T.);
#4694=ORIENTED_EDGE('',*,*,#6580,.F.);
#4695=ORIENTED_EDGE('',*,*,#6569,.F.);
#4696=ORIENTED_EDGE('',*,*,#6574,.T.);
#4697=ORIENTED_EDGE('',*,*,#6570,.T.);
#4698=ORIENTED_EDGE('',*,*,#6576,.F.);
#4699=ORIENTED_EDGE('',*,*,#6571,.F.);
#4700=ORIENTED_EDGE('',*,*,#6572,.F.);
#4701=ORIENTED_EDGE('',*,*,#6573,.F.);
#4702=ORIENTED_EDGE('',*,*,#6574,.F.);
#4703=ORIENTED_EDGE('',*,*,#6575,.F.);
#4704=ORIENTED_EDGE('',*,*,#6582,.T.);
#4705=ORIENTED_EDGE('',*,*,#6581,.T.);
#4706=ORIENTED_EDGE('',*,*,#6580,.T.);
#4707=ORIENTED_EDGE('',*,*,#6579,.T.);
#4708=ORIENTED_EDGE('',*,*,#6578,.T.);
#4709=ORIENTED_EDGE('',*,*,#6577,.T.);
#4710=ORIENTED_EDGE('',*,*,#6596,.F.);
#4711=ORIENTED_EDGE('',*,*,#6583,.F.);
#4712=ORIENTED_EDGE('',*,*,#6590,.T.);
#4713=ORIENTED_EDGE('',*,*,#6584,.T.);
#4714=ORIENTED_EDGE('',*,*,#6595,.F.);
#4715=ORIENTED_EDGE('',*,*,#6584,.F.);
#4716=ORIENTED_EDGE('',*,*,#6589,.T.);
#4717=ORIENTED_EDGE('',*,*,#6585,.T.);
#4718=ORIENTED_EDGE('',*,*,#6591,.F.);
#4719=ORIENTED_EDGE('',*,*,#6586,.F.);
#4720=ORIENTED_EDGE('',*,*,#6587,.F.);
#4721=ORIENTED_EDGE('',*,*,#6588,.F.);
#4722=ORIENTED_EDGE('',*,*,#6589,.F.);
#4723=ORIENTED_EDGE('',*,*,#6590,.F.);
#4724=ORIENTED_EDGE('',*,*,#6597,.T.);
#4725=ORIENTED_EDGE('',*,*,#6596,.T.);
#4726=ORIENTED_EDGE('',*,*,#6595,.T.);
#4727=ORIENTED_EDGE('',*,*,#6594,.T.);
#4728=ORIENTED_EDGE('',*,*,#6593,.T.);
#4729=ORIENTED_EDGE('',*,*,#6592,.T.);
#4730=ORIENTED_EDGE('',*,*,#6611,.F.);
#4731=ORIENTED_EDGE('',*,*,#6598,.F.);
#4732=ORIENTED_EDGE('',*,*,#6605,.T.);
#4733=ORIENTED_EDGE('',*,*,#6599,.T.);
#4734=ORIENTED_EDGE('',*,*,#6610,.F.);
#4735=ORIENTED_EDGE('',*,*,#6599,.F.);
#4736=ORIENTED_EDGE('',*,*,#6604,.T.);
#4737=ORIENTED_EDGE('',*,*,#6600,.T.);
#4738=ORIENTED_EDGE('',*,*,#6606,.F.);
#4739=ORIENTED_EDGE('',*,*,#6601,.F.);
#4740=ORIENTED_EDGE('',*,*,#6602,.F.);
#4741=ORIENTED_EDGE('',*,*,#6603,.F.);
#4742=ORIENTED_EDGE('',*,*,#6604,.F.);
#4743=ORIENTED_EDGE('',*,*,#6605,.F.);
#4744=ORIENTED_EDGE('',*,*,#6612,.T.);
#4745=ORIENTED_EDGE('',*,*,#6611,.T.);
#4746=ORIENTED_EDGE('',*,*,#6610,.T.);
#4747=ORIENTED_EDGE('',*,*,#6609,.T.);
#4748=ORIENTED_EDGE('',*,*,#6608,.T.);
#4749=ORIENTED_EDGE('',*,*,#6607,.T.);
#4750=ORIENTED_EDGE('',*,*,#6626,.F.);
#4751=ORIENTED_EDGE('',*,*,#6613,.F.);
#4752=ORIENTED_EDGE('',*,*,#6620,.T.);
#4753=ORIENTED_EDGE('',*,*,#6614,.T.);
#4754=ORIENTED_EDGE('',*,*,#6625,.F.);
#4755=ORIENTED_EDGE('',*,*,#6614,.F.);
#4756=ORIENTED_EDGE('',*,*,#6619,.T.);
#4757=ORIENTED_EDGE('',*,*,#6615,.T.);
#4758=ORIENTED_EDGE('',*,*,#6621,.F.);
#4759=ORIENTED_EDGE('',*,*,#6616,.F.);
#4760=ORIENTED_EDGE('',*,*,#6617,.F.);
#4761=ORIENTED_EDGE('',*,*,#6618,.F.);
#4762=ORIENTED_EDGE('',*,*,#6619,.F.);
#4763=ORIENTED_EDGE('',*,*,#6620,.F.);
#4764=ORIENTED_EDGE('',*,*,#6627,.T.);
#4765=ORIENTED_EDGE('',*,*,#6626,.T.);
#4766=ORIENTED_EDGE('',*,*,#6625,.T.);
#4767=ORIENTED_EDGE('',*,*,#6624,.T.);
#4768=ORIENTED_EDGE('',*,*,#6623,.T.);
#4769=ORIENTED_EDGE('',*,*,#6622,.T.);
#4770=ORIENTED_EDGE('',*,*,#6638,.F.);
#4771=ORIENTED_EDGE('',*,*,#6628,.F.);
#4772=ORIENTED_EDGE('',*,*,#6635,.T.);
#4773=ORIENTED_EDGE('',*,*,#6629,.T.);
#4774=ORIENTED_EDGE('',*,*,#6637,.F.);
#4775=ORIENTED_EDGE('',*,*,#6629,.F.);
#4776=ORIENTED_EDGE('',*,*,#6634,.T.);
#4777=ORIENTED_EDGE('',*,*,#6630,.T.);
#4778=ORIENTED_EDGE('',*,*,#6636,.F.);
#4779=ORIENTED_EDGE('',*,*,#6631,.F.);
#4780=ORIENTED_EDGE('',*,*,#6632,.F.);
#4781=ORIENTED_EDGE('',*,*,#6633,.F.);
#4782=ORIENTED_EDGE('',*,*,#6634,.F.);
#4783=ORIENTED_EDGE('',*,*,#6635,.F.);
#4784=PLANE('',#10074);
#4785=PLANE('',#10075);
#4786=PLANE('',#10076);
#4787=PLANE('',#10077);
#4788=PLANE('',#10078);
#4789=PLANE('',#10079);
#4790=PLANE('',#10080);
#4791=PLANE('',#10081);
#4792=PLANE('',#10082);
#4793=PLANE('',#10083);
#4794=PLANE('',#10084);
#4795=PLANE('',#10085);
#4796=PLANE('',#10086);
#4797=PLANE('',#10087);
#4798=PLANE('',#10088);
#4799=PLANE('',#10089);
#4800=PLANE('',#10090);
#4801=PLANE('',#10091);
#4802=PLANE('',#10092);
#4803=PLANE('',#10093);
#4804=PLANE('',#10094);
#4805=PLANE('',#10095);
#4806=PLANE('',#10096);
#4807=PLANE('',#10097);
#4808=PLANE('',#10098);
#4809=PLANE('',#10099);
#4810=PLANE('',#10100);
#4811=PLANE('',#10101);
#4812=PLANE('',#10102);
#4813=PLANE('',#10103);
#4814=PLANE('',#10104);
#4815=PLANE('',#10105);
#4816=PLANE('',#10106);
#4817=PLANE('',#10107);
#4818=PLANE('',#10108);
#4819=PLANE('',#10109);
#4820=PLANE('',#10110);
#4821=PLANE('',#10111);
#4822=PLANE('',#10112);
#4823=PLANE('',#10113);
#4824=PLANE('',#10114);
#4825=PLANE('',#10115);
#4826=PLANE('',#10116);
#4827=PLANE('',#10117);
#4828=PLANE('',#10118);
#4829=PLANE('',#10119);
#4830=PLANE('',#10120);
#4831=PLANE('',#10121);
#4832=PLANE('',#10122);
#4833=PLANE('',#10123);
#4834=PLANE('',#10124);
#4835=PLANE('',#10125);
#4836=PLANE('',#10126);
#4837=PLANE('',#10127);
#4838=PLANE('',#10128);
#4839=PLANE('',#10129);
#4840=PLANE('',#10130);
#4841=PLANE('',#10131);
#4842=PLANE('',#10132);
#4843=PLANE('',#10133);
#4844=PLANE('',#10134);
#4845=PLANE('',#10135);
#4846=PLANE('',#10136);
#4847=PLANE('',#10137);
#4848=PLANE('',#10138);
#4849=PLANE('',#10139);
#4850=PLANE('',#10140);
#4851=PLANE('',#10141);
#4852=PLANE('',#10142);
#4853=PLANE('',#10143);
#4854=PLANE('',#10144);
#4855=PLANE('',#10145);
#4856=PLANE('',#10146);
#4857=PLANE('',#10147);
#4858=PLANE('',#10148);
#4859=PLANE('',#10149);
#4860=PLANE('',#10150);
#4861=PLANE('',#10151);
#4862=PLANE('',#10152);
#4863=PLANE('',#10153);
#4864=PLANE('',#10154);
#4865=PLANE('',#10155);
#4866=PLANE('',#10156);
#4867=PLANE('',#10157);
#4868=PLANE('',#10158);
#4869=PLANE('',#10159);
#4870=PLANE('',#10160);
#4871=PLANE('',#10161);
#4872=PLANE('',#10162);
#4873=PLANE('',#10163);
#4874=PLANE('',#10164);
#4875=PLANE('',#10165);
#4876=PLANE('',#10166);
#4877=PLANE('',#10167);
#4878=PLANE('',#10168);
#4879=PLANE('',#10169);
#4880=PLANE('',#10170);
#4881=PLANE('',#10171);
#4882=PLANE('',#10172);
#4883=PLANE('',#10173);
#4884=PLANE('',#10174);
#4885=PLANE('',#10175);
#4886=PLANE('',#10176);
#4887=PLANE('',#10177);
#4888=PLANE('',#10178);
#4889=PLANE('',#10179);
#4890=PLANE('',#10180);
#4891=PLANE('',#10181);
#4892=PLANE('',#10182);
#4893=PLANE('',#10183);
#4894=PLANE('',#10184);
#4895=PLANE('',#10185);
#4896=PLANE('',#10186);
#4897=PLANE('',#10187);
#4898=PLANE('',#10188);
#4899=PLANE('',#10189);
#4900=PLANE('',#10190);
#4901=PLANE('',#10191);
#4902=PLANE('',#10192);
#4903=PLANE('',#10193);
#4904=PLANE('',#10194);
#4905=PLANE('',#10195);
#4906=PLANE('',#10196);
#4907=PLANE('',#10197);
#4908=PLANE('',#10198);
#4909=PLANE('',#10199);
#4910=PLANE('',#10200);
#4911=PLANE('',#10201);
#4912=PLANE('',#10202);
#4913=PLANE('',#10203);
#4914=PLANE('',#10204);
#4915=PLANE('',#10205);
#4916=PLANE('',#10206);
#4917=PLANE('',#10207);
#4918=PLANE('',#10208);
#4919=PLANE('',#10209);
#4920=PLANE('',#10210);
#4921=PLANE('',#10211);
#4922=PLANE('',#10212);
#4923=PLANE('',#10213);
#4924=PLANE('',#10214);
#4925=PLANE('',#10215);
#4926=PLANE('',#10216);
#4927=PLANE('',#10217);
#4928=PLANE('',#10218);
#4929=PLANE('',#10219);
#4930=PLANE('',#10220);
#4931=PLANE('',#10221);
#4932=PLANE('',#10222);
#4933=PLANE('',#10223);
#4934=PLANE('',#10224);
#4935=PLANE('',#10225);
#4936=PLANE('',#10226);
#4937=PLANE('',#10227);
#4938=PLANE('',#10228);
#4939=PLANE('',#10229);
#4940=PLANE('',#10230);
#4941=PLANE('',#10231);
#4942=PLANE('',#10232);
#4943=PLANE('',#10233);
#4944=PLANE('',#10234);
#4945=PLANE('',#10235);
#4946=PLANE('',#10236);
#4947=PLANE('',#10237);
#4948=PLANE('',#10238);
#4949=PLANE('',#10239);
#4950=PLANE('',#10240);
#4951=PLANE('',#10241);
#4952=PLANE('',#10242);
#4953=PLANE('',#10243);
#4954=PLANE('',#10244);
#4955=PLANE('',#10245);
#4956=PLANE('',#10246);
#4957=PLANE('',#10247);
#4958=PLANE('',#10248);
#4959=PLANE('',#10249);
#4960=PLANE('',#10250);
#4961=PLANE('',#10251);
#4962=PLANE('',#10252);
#4963=PLANE('',#10253);
#4964=PLANE('',#10254);
#4965=PLANE('',#10255);
#4966=PLANE('',#10256);
#4967=PLANE('',#10257);
#4968=PLANE('',#10258);
#4969=PLANE('',#10259);
#4970=PLANE('',#10260);
#4971=PLANE('',#10261);
#4972=PLANE('',#10262);
#4973=PLANE('',#10263);
#4974=PLANE('',#10264);
#4975=PLANE('',#10265);
#4976=PLANE('',#10266);
#4977=PLANE('',#10267);
#4978=PLANE('',#10268);
#4979=PLANE('',#10269);
#4980=PLANE('',#10270);
#4981=PLANE('',#10271);
#4982=PLANE('',#10272);
#4983=PLANE('',#10273);
#4984=PLANE('',#10274);
#4985=PLANE('',#10275);
#4986=PLANE('',#10276);
#4987=PLANE('',#10277);
#4988=PLANE('',#10278);
#4989=PLANE('',#10279);
#4990=PLANE('',#10280);
#4991=PLANE('',#10281);
#4992=PLANE('',#10282);
#4993=PLANE('',#10283);
#4994=PLANE('',#10284);
#4995=PLANE('',#10285);
#4996=PLANE('',#10286);
#4997=PLANE('',#10287);
#4998=PLANE('',#10288);
#4999=PLANE('',#10289);
#5000=PLANE('',#10290);
#5001=PLANE('',#10291);
#5002=PLANE('',#10292);
#5003=PLANE('',#10293);
#5004=PLANE('',#10294);
#5005=PLANE('',#10295);
#5006=PLANE('',#10296);
#5007=PLANE('',#10297);
#5008=PLANE('',#10298);
#5009=PLANE('',#10299);
#5010=PLANE('',#10300);
#5011=PLANE('',#10301);
#5012=PLANE('',#10302);
#5013=PLANE('',#10303);
#5014=PLANE('',#10304);
#5015=PLANE('',#10305);
#5016=PLANE('',#10306);
#5017=PLANE('',#10307);
#5018=PLANE('',#10308);
#5019=PLANE('',#10309);
#5020=PLANE('',#10310);
#5021=PLANE('',#10311);
#5022=PLANE('',#10312);
#5023=PLANE('',#10313);
#5024=PLANE('',#10314);
#5025=PLANE('',#10315);
#5026=PLANE('',#10316);
#5027=PLANE('',#10317);
#5028=PLANE('',#10318);
#5029=PLANE('',#10319);
#5030=PLANE('',#10320);
#5031=PLANE('',#10321);
#5032=PLANE('',#10322);
#5033=PLANE('',#10323);
#5034=PLANE('',#10324);
#5035=PLANE('',#10325);
#5036=PLANE('',#10326);
#5037=PLANE('',#10327);
#5038=PLANE('',#10328);
#5039=PLANE('',#10330);
#5040=PLANE('',#10331);
#5041=PLANE('',#10332);
#5042=PLANE('',#10333);
#5043=PLANE('',#10337);
#5044=PLANE('',#10338);
#5045=PLANE('',#10339);
#5046=PLANE('',#10340);
#5047=PLANE('',#10341);
#5048=PLANE('',#10342);
#5049=PLANE('',#10343);
#5050=PLANE('',#10344);
#5051=PLANE('',#10347);
#5052=PLANE('',#10349);
#5053=PLANE('',#10350);
#5054=PLANE('',#10351);
#5055=PLANE('',#10352);
#5056=PLANE('',#10353);
#5057=PLANE('',#10354);
#5058=PLANE('',#10355);
#5059=PLANE('',#10356);
#5060=PLANE('',#10357);
#5061=PLANE('',#10358);
#5062=PLANE('',#10359);
#5063=PLANE('',#10360);
#5064=PLANE('',#10361);
#5065=PLANE('',#10362);
#5066=PLANE('',#10363);
#5067=PLANE('',#10364);
#5068=PLANE('',#10365);
#5069=PLANE('',#10366);
#5070=PLANE('',#10367);
#5071=PLANE('',#10368);
#5072=PLANE('',#10369);
#5073=PLANE('',#10370);
#5074=PLANE('',#10371);
#5075=PLANE('',#10372);
#5076=PLANE('',#10373);
#5077=PLANE('',#10374);
#5078=PLANE('',#10375);
#5079=PLANE('',#10376);
#5080=PLANE('',#10377);
#5081=PLANE('',#10378);
#5082=PLANE('',#10379);
#5083=PLANE('',#10380);
#5084=PLANE('',#10381);
#5085=PLANE('',#10382);
#5086=PLANE('',#10383);
#5087=PLANE('',#10384);
#5088=PLANE('',#10385);
#5089=PLANE('',#10386);
#5090=PLANE('',#10387);
#5091=PLANE('',#10388);
#5092=PLANE('',#10389);
#5093=PLANE('',#10390);
#5094=PLANE('',#10391);
#5095=PLANE('',#10392);
#5096=PLANE('',#10393);
#5097=PLANE('',#10394);
#5098=PLANE('',#10395);
#5099=PLANE('',#10396);
#5100=PLANE('',#10397);
#5101=PLANE('',#10398);
#5102=PLANE('',#10399);
#5103=PLANE('',#10400);
#5104=PLANE('',#10401);
#5105=PLANE('',#10402);
#5106=PLANE('',#10403);
#5107=PLANE('',#10404);
#5108=PLANE('',#10405);
#5109=PLANE('',#10406);
#5110=PLANE('',#10407);
#5111=PLANE('',#10408);
#5112=PLANE('',#10409);
#5113=PLANE('',#10410);
#5114=PLANE('',#10411);
#5115=PLANE('',#10412);
#5116=PLANE('',#10413);
#5117=PLANE('',#10414);
#5118=PLANE('',#10415);
#5119=PLANE('',#10416);
#5120=PLANE('',#10417);
#5121=PLANE('',#10418);
#5122=PLANE('',#10419);
#5123=PLANE('',#10420);
#5124=PLANE('',#10421);
#5125=PLANE('',#10422);
#5126=PLANE('',#10423);
#5127=PLANE('',#10424);
#5128=PLANE('',#10425);
#5129=PLANE('',#10426);
#5130=PLANE('',#10427);
#5131=PLANE('',#10428);
#5132=PLANE('',#10429);
#5133=PLANE('',#10430);
#5134=PLANE('',#10431);
#5135=PLANE('',#10432);
#5136=PLANE('',#10433);
#5137=PLANE('',#10434);
#5138=PLANE('',#10435);
#5139=PLANE('',#10436);
#5140=PLANE('',#10437);
#5141=PLANE('',#10438);
#5142=PLANE('',#10439);
#5143=PLANE('',#10440);
#5144=PLANE('',#10441);
#5145=PLANE('',#10442);
#5146=PLANE('',#10443);
#5147=PLANE('',#10444);
#5148=PLANE('',#10445);
#5149=PLANE('',#10446);
#5150=PLANE('',#10447);
#5151=PLANE('',#10448);
#5152=PLANE('',#10449);
#5153=PLANE('',#10450);
#5154=PLANE('',#10451);
#5155=PLANE('',#10452);
#5156=PLANE('',#10453);
#5157=PLANE('',#10454);
#5158=PLANE('',#10455);
#5159=PLANE('',#10456);
#5160=PLANE('',#10457);
#5161=PLANE('',#10458);
#5162=PLANE('',#10459);
#5163=PLANE('',#10460);
#5164=PLANE('',#10461);
#5165=PLANE('',#10462);
#5166=PLANE('',#10463);
#5167=PLANE('',#10464);
#5168=PLANE('',#10465);
#5169=PLANE('',#10466);
#5170=PLANE('',#10467);
#5171=PLANE('',#10468);
#5172=PLANE('',#10469);
#5173=PLANE('',#10470);
#5174=PLANE('',#10471);
#5175=PLANE('',#10472);
#5176=PLANE('',#10473);
#5177=PLANE('',#10474);
#5178=PLANE('',#10475);
#5179=PLANE('',#10476);
#5180=PLANE('',#10477);
#5181=PLANE('',#10478);
#5182=PLANE('',#10479);
#5183=PLANE('',#10480);
#5184=PLANE('',#10481);
#5185=PLANE('',#10482);
#5186=PLANE('',#10483);
#5187=PLANE('',#10484);
#5188=PLANE('',#10485);
#5189=PLANE('',#10486);
#5190=PLANE('',#10487);
#5191=PLANE('',#10488);
#5192=PLANE('',#10489);
#5193=PLANE('',#10490);
#5194=PLANE('',#10491);
#5195=PLANE('',#10492);
#5196=PLANE('',#10493);
#5197=PLANE('',#10494);
#5198=PLANE('',#10495);
#5199=PLANE('',#10496);
#5200=PLANE('',#10497);
#5201=PLANE('',#10498);
#5202=PLANE('',#10499);
#5203=PLANE('',#10500);
#5204=PLANE('',#10501);
#5205=PLANE('',#10502);
#5206=PLANE('',#10503);
#5207=PLANE('',#10504);
#5208=PLANE('',#10505);
#5209=PLANE('',#10506);
#5210=PLANE('',#10507);
#5211=PLANE('',#10508);
#5212=PLANE('',#10509);
#5213=PLANE('',#10510);
#5214=PLANE('',#10511);
#5215=PLANE('',#10512);
#5216=PLANE('',#10513);
#5217=PLANE('',#10514);
#5218=PLANE('',#10515);
#5219=PLANE('',#10516);
#5220=PLANE('',#10517);
#5221=PLANE('',#10518);
#5222=PLANE('',#10519);
#5223=PLANE('',#10520);
#5224=PLANE('',#10521);
#5225=PLANE('',#10522);
#5226=PLANE('',#10523);
#5227=PLANE('',#10524);
#5228=PLANE('',#10525);
#5229=PLANE('',#10526);
#5230=PLANE('',#10527);
#5231=PLANE('',#10528);
#5232=PLANE('',#10529);
#5233=PLANE('',#10530);
#5234=PLANE('',#10531);
#5235=PLANE('',#10532);
#5236=PLANE('',#10533);
#5237=PLANE('',#10534);
#5238=PLANE('',#10535);
#5239=PLANE('',#10536);
#5240=PLANE('',#10537);
#5241=PLANE('',#10538);
#5242=PLANE('',#10539);
#5243=PLANE('',#10540);
#5244=PLANE('',#10541);
#5245=PLANE('',#10542);
#5246=PLANE('',#10543);
#5247=PLANE('',#10544);
#5248=PLANE('',#10545);
#5249=PLANE('',#10546);
#5250=PLANE('',#10547);
#5251=PLANE('',#10548);
#5252=PLANE('',#10549);
#5253=PLANE('',#10550);
#5254=PLANE('',#10551);
#5255=PLANE('',#10552);
#5256=PLANE('',#10553);
#5257=PLANE('',#10554);
#5258=PLANE('',#10555);
#5259=PLANE('',#10556);
#5260=PLANE('',#10557);
#5261=PLANE('',#10558);
#5262=PLANE('',#10559);
#5263=PLANE('',#10560);
#5264=PLANE('',#10561);
#5265=PLANE('',#10562);
#5266=PLANE('',#10563);
#5267=PLANE('',#10564);
#5268=PLANE('',#10565);
#5269=PLANE('',#10566);
#5270=PLANE('',#10567);
#5271=PLANE('',#10568);
#5272=PLANE('',#10569);
#5273=PLANE('',#10570);
#5274=PLANE('',#10571);
#5275=PLANE('',#10572);
#5276=PLANE('',#10573);
#5277=PLANE('',#10574);
#5278=PLANE('',#10575);
#5279=PLANE('',#10576);
#5280=PLANE('',#10577);
#5281=PLANE('',#10578);
#5282=PLANE('',#10579);
#5283=PLANE('',#10580);
#5284=PLANE('',#10581);
#5285=PLANE('',#10582);
#5286=PLANE('',#10583);
#5287=PLANE('',#10584);
#5288=PLANE('',#10585);
#5289=PLANE('',#10586);
#5290=PLANE('',#10587);
#5291=PLANE('',#10588);
#5292=PLANE('',#10589);
#5293=PLANE('',#10590);
#5294=PLANE('',#10591);
#5295=PLANE('',#10592);
#5296=PLANE('',#10593);
#5297=PLANE('',#10594);
#5298=PLANE('',#10595);
#5299=PLANE('',#10596);
#5300=PLANE('',#10597);
#5301=PLANE('',#10598);
#5302=CIRCLE('',#10060,13.1728332158587);
#5303=CIRCLE('',#10061,8.99712304069965);
#5304=CIRCLE('',#10062,6.92200795362802);
#5305=CIRCLE('',#10063,25.0245315637549);
#5306=CIRCLE('',#10064,14.6605080627172);
#5307=CIRCLE('',#10065,44.5186502459353);
#5308=CIRCLE('',#10066,17.1098111490894);
#5309=CIRCLE('',#10067,13.1728332158587);
#5310=CIRCLE('',#10068,8.99712304069965);
#5311=CIRCLE('',#10069,6.92200795362802);
#5312=CIRCLE('',#10070,25.0245315637549);
#5313=CIRCLE('',#10071,14.6605080627172);
#5314=CIRCLE('',#10072,44.5186502459353);
#5315=CIRCLE('',#10073,17.1098111490894);
#5316=EDGE_CURVE('',#9837,#9864,#6639,.T.);
#5317=EDGE_CURVE('',#9836,#9863,#6640,.T.);
#5318=EDGE_CURVE('',#9835,#9862,#6641,.T.);
#5319=EDGE_CURVE('',#9834,#9861,#6642,.T.);
#5320=EDGE_CURVE('',#9833,#9860,#6643,.T.);
#5321=EDGE_CURVE('',#9832,#9859,#6644,.T.);
#5322=EDGE_CURVE('',#9831,#9858,#6645,.T.);
#5323=EDGE_CURVE('',#9830,#9857,#6646,.T.);
#5324=EDGE_CURVE('',#9829,#9856,#6647,.T.);
#5325=EDGE_CURVE('',#9828,#9471,#6648,.T.);
#5326=EDGE_CURVE('',#9470,#9498,#6649,.T.);
#5327=EDGE_CURVE('',#9497,#9525,#6650,.T.);
#5328=EDGE_CURVE('',#9524,#9552,#6651,.T.);
#5329=EDGE_CURVE('',#9551,#9741,#6652,.T.);
#5330=EDGE_CURVE('',#9740,#9768,#6653,.T.);
#5331=EDGE_CURVE('',#9767,#9795,#6654,.T.);
#5332=EDGE_CURVE('',#9794,#9588,#6655,.T.);
#5333=EDGE_CURVE('',#9587,#9615,#6656,.T.);
#5334=EDGE_CURVE('',#9614,#9642,#6657,.T.);
#5335=EDGE_CURVE('',#9641,#9669,#6658,.T.);
#5336=EDGE_CURVE('',#9668,#9798,#6659,.T.);
#5337=EDGE_CURVE('',#9797,#9264,#6660,.T.);
#5338=EDGE_CURVE('',#9263,#9273,#6661,.T.);
#5339=EDGE_CURVE('',#9272,#9282,#6662,.T.);
#5340=EDGE_CURVE('',#9281,#9291,#6663,.T.);
#5341=EDGE_CURVE('',#9290,#9300,#6664,.T.);
#5342=EDGE_CURVE('',#9299,#9309,#6665,.T.);
#5343=EDGE_CURVE('',#9308,#9318,#6666,.T.);
#5344=EDGE_CURVE('',#9317,#9327,#6667,.T.);
#5345=EDGE_CURVE('',#9326,#9336,#6668,.T.);
#5346=EDGE_CURVE('',#9335,#9345,#6669,.T.);
#5347=EDGE_CURVE('',#9344,#9354,#6670,.T.);
#5348=EDGE_CURVE('',#9353,#9363,#6671,.T.);
#5349=EDGE_CURVE('',#9362,#9372,#6672,.T.);
#5350=EDGE_CURVE('',#9371,#9381,#6673,.T.);
#5351=EDGE_CURVE('',#9380,#9390,#6674,.T.);
#5352=EDGE_CURVE('',#9389,#9399,#6675,.T.);
#5353=EDGE_CURVE('',#9398,#9408,#6676,.T.);
#5354=EDGE_CURVE('',#9407,#9417,#6677,.T.);
#5355=EDGE_CURVE('',#9416,#9426,#6678,.T.);
#5356=EDGE_CURVE('',#9425,#9435,#6679,.T.);
#5357=EDGE_CURVE('',#9434,#9687,#6680,.T.);
#5358=EDGE_CURVE('',#9686,#9696,#6681,.T.);
#5359=EDGE_CURVE('',#9695,#9705,#6682,.T.);
#5360=EDGE_CURVE('',#9704,#9714,#6683,.T.);
#5361=EDGE_CURVE('',#9713,#9723,#6684,.T.);
#5362=EDGE_CURVE('',#9722,#9444,#6685,.T.);
#5363=EDGE_CURVE('',#9443,#9453,#6686,.T.);
#5364=EDGE_CURVE('',#9452,#9462,#6687,.T.);
#5365=EDGE_CURVE('',#9461,#9480,#6688,.T.);
#5366=EDGE_CURVE('',#9479,#9489,#6689,.T.);
#5367=EDGE_CURVE('',#9488,#9507,#6690,.T.);
#5368=EDGE_CURVE('',#9506,#9516,#6691,.T.);
#5369=EDGE_CURVE('',#9515,#9534,#6692,.T.);
#5370=EDGE_CURVE('',#9533,#9543,#6693,.T.);
#5371=EDGE_CURVE('',#9542,#9561,#6694,.T.);
#5372=EDGE_CURVE('',#9560,#9732,#6695,.T.);
#5373=EDGE_CURVE('',#9731,#9750,#6696,.T.);
#5374=EDGE_CURVE('',#9749,#9759,#6697,.T.);
#5375=EDGE_CURVE('',#9758,#9777,#6698,.T.);
#5376=EDGE_CURVE('',#9776,#9780,#6699,.T.);
#5377=EDGE_CURVE('',#9779,#9570,#6700,.T.);
#5378=EDGE_CURVE('',#9569,#9579,#6701,.T.);
#5379=EDGE_CURVE('',#9578,#9597,#6702,.T.);
#5380=EDGE_CURVE('',#9596,#9606,#6703,.T.);
#5381=EDGE_CURVE('',#9605,#9624,#6704,.T.);
#5382=EDGE_CURVE('',#9623,#9633,#6705,.T.);
#5383=EDGE_CURVE('',#9632,#9651,#6706,.T.);
#5384=EDGE_CURVE('',#9650,#9660,#6707,.T.);
#5385=EDGE_CURVE('',#9659,#9672,#6708,.T.);
#5386=EDGE_CURVE('',#9671,#10053,#6709,.T.);
#5387=EDGE_CURVE('',#9827,#9465,#6710,.T.);
#5388=EDGE_CURVE('',#9464,#9492,#6711,.T.);
#5389=EDGE_CURVE('',#9491,#9519,#6712,.T.);
#5390=EDGE_CURVE('',#9518,#9546,#6713,.T.);
#5391=EDGE_CURVE('',#9545,#9735,#6714,.T.);
#5392=EDGE_CURVE('',#9734,#9762,#6715,.T.);
#5393=EDGE_CURVE('',#9761,#9789,#6716,.T.);
#5394=EDGE_CURVE('',#9788,#9582,#6717,.T.);
#5395=EDGE_CURVE('',#9581,#9609,#6718,.T.);
#5396=EDGE_CURVE('',#9608,#9636,#6719,.T.);
#5397=EDGE_CURVE('',#9635,#9663,#6720,.T.);
#5398=EDGE_CURVE('',#9662,#9800,#6721,.T.);
#5399=EDGE_CURVE('',#9799,#9258,#6722,.T.);
#5400=EDGE_CURVE('',#9257,#9267,#6723,.T.);
#5401=EDGE_CURVE('',#9266,#9276,#6724,.T.);
#5402=EDGE_CURVE('',#9275,#9285,#6725,.T.);
#5403=EDGE_CURVE('',#9284,#9294,#6726,.T.);
#5404=EDGE_CURVE('',#9293,#9303,#6727,.T.);
#5405=EDGE_CURVE('',#9302,#9312,#6728,.T.);
#5406=EDGE_CURVE('',#9311,#9321,#6729,.T.);
#5407=EDGE_CURVE('',#9320,#9330,#6730,.T.);
#5408=EDGE_CURVE('',#9329,#9339,#6731,.T.);
#5409=EDGE_CURVE('',#9338,#9348,#6732,.T.);
#5410=EDGE_CURVE('',#9347,#9357,#6733,.T.);
#5411=EDGE_CURVE('',#9356,#9366,#6734,.T.);
#5412=EDGE_CURVE('',#9365,#9375,#6735,.T.);
#5413=EDGE_CURVE('',#9374,#9384,#6736,.T.);
#5414=EDGE_CURVE('',#9383,#9393,#6737,.T.);
#5415=EDGE_CURVE('',#9392,#9402,#6738,.T.);
#5416=EDGE_CURVE('',#9401,#9411,#6739,.T.);
#5417=EDGE_CURVE('',#9410,#9420,#6740,.T.);
#5418=EDGE_CURVE('',#9419,#9429,#6741,.T.);
#5419=EDGE_CURVE('',#9428,#9681,#6742,.T.);
#5420=EDGE_CURVE('',#9680,#9690,#6743,.T.);
#5421=EDGE_CURVE('',#9689,#9699,#6744,.T.);
#5422=EDGE_CURVE('',#9698,#9708,#6745,.T.);
#5423=EDGE_CURVE('',#9707,#9717,#6746,.T.);
#5424=EDGE_CURVE('',#9716,#9438,#6747,.T.);
#5425=EDGE_CURVE('',#9437,#9447,#6748,.T.);
#5426=EDGE_CURVE('',#9446,#9456,#6749,.T.);
#5427=EDGE_CURVE('',#9455,#9474,#6750,.T.);
#5428=EDGE_CURVE('',#9473,#9483,#6751,.T.);
#5429=EDGE_CURVE('',#9482,#9501,#6752,.T.);
#5430=EDGE_CURVE('',#9500,#9510,#6753,.T.);
#5431=EDGE_CURVE('',#9509,#9528,#6754,.T.);
#5432=EDGE_CURVE('',#9527,#9537,#6755,.T.);
#5433=EDGE_CURVE('',#9536,#9555,#6756,.T.);
#5434=EDGE_CURVE('',#9554,#9726,#6757,.T.);
#5435=EDGE_CURVE('',#9725,#9744,#6758,.T.);
#5436=EDGE_CURVE('',#9743,#9753,#6759,.T.);
#5437=EDGE_CURVE('',#9752,#9771,#6760,.T.);
#5438=EDGE_CURVE('',#9770,#9782,#6761,.T.);
#5439=EDGE_CURVE('',#9781,#9564,#6762,.T.);
#5440=EDGE_CURVE('',#9563,#9573,#6763,.T.);
#5441=EDGE_CURVE('',#9572,#9591,#6764,.T.);
#5442=EDGE_CURVE('',#9590,#9600,#6765,.T.);
#5443=EDGE_CURVE('',#9599,#9618,#6766,.T.);
#5444=EDGE_CURVE('',#9617,#9627,#6767,.T.);
#5445=EDGE_CURVE('',#9626,#9645,#6768,.T.);
#5446=EDGE_CURVE('',#9644,#9654,#6769,.T.);
#5447=EDGE_CURVE('',#9653,#9674,#6770,.T.);
#5448=EDGE_CURVE('',#9673,#10048,#6771,.T.);
#5449=EDGE_CURVE('',#9826,#9467,#6772,.T.);
#5450=EDGE_CURVE('',#9466,#9494,#6773,.T.);
#5451=EDGE_CURVE('',#9493,#9521,#6774,.T.);
#5452=EDGE_CURVE('',#9520,#9548,#6775,.T.);
#5453=EDGE_CURVE('',#9547,#9737,#6776,.T.);
#5454=EDGE_CURVE('',#9736,#9764,#6777,.T.);
#5455=EDGE_CURVE('',#9763,#9791,#6778,.T.);
#5456=EDGE_CURVE('',#9790,#9584,#6779,.T.);
#5457=EDGE_CURVE('',#9583,#9611,#6780,.T.);
#5458=EDGE_CURVE('',#9610,#9638,#6781,.T.);
#5459=EDGE_CURVE('',#9637,#9665,#6782,.T.);
#5460=EDGE_CURVE('',#9664,#9802,#6783,.T.);
#5461=EDGE_CURVE('',#9801,#9260,#6784,.T.);
#5462=EDGE_CURVE('',#9259,#9269,#6785,.T.);
#5463=EDGE_CURVE('',#9268,#9278,#6786,.T.);
#5464=EDGE_CURVE('',#9277,#9287,#6787,.T.);
#5465=EDGE_CURVE('',#9286,#9296,#6788,.T.);
#5466=EDGE_CURVE('',#9295,#9305,#6789,.T.);
#5467=EDGE_CURVE('',#9304,#9314,#6790,.T.);
#5468=EDGE_CURVE('',#9313,#9323,#6791,.T.);
#5469=EDGE_CURVE('',#9322,#9332,#6792,.T.);
#5470=EDGE_CURVE('',#9331,#9341,#6793,.T.);
#5471=EDGE_CURVE('',#9340,#9350,#6794,.T.);
#5472=EDGE_CURVE('',#9349,#9359,#6795,.T.);
#5473=EDGE_CURVE('',#9358,#9368,#6796,.T.);
#5474=EDGE_CURVE('',#9367,#9377,#6797,.T.);
#5475=EDGE_CURVE('',#9376,#9386,#6798,.T.);
#5476=EDGE_CURVE('',#9385,#9395,#6799,.T.);
#5477=EDGE_CURVE('',#9394,#9404,#6800,.T.);
#5478=EDGE_CURVE('',#9403,#9413,#6801,.T.);
#5479=EDGE_CURVE('',#9412,#9422,#6802,.T.);
#5480=EDGE_CURVE('',#9421,#9431,#6803,.T.);
#5481=EDGE_CURVE('',#9430,#9683,#6804,.T.);
#5482=EDGE_CURVE('',#9682,#9692,#6805,.T.);
#5483=EDGE_CURVE('',#9691,#9701,#6806,.T.);
#5484=EDGE_CURVE('',#9700,#9710,#6807,.T.);
#5485=EDGE_CURVE('',#9709,#9719,#6808,.T.);
#5486=EDGE_CURVE('',#9718,#9440,#6809,.T.);
#5487=EDGE_CURVE('',#9439,#9449,#6810,.T.);
#5488=EDGE_CURVE('',#9448,#9458,#6811,.T.);
#5489=EDGE_CURVE('',#9457,#9476,#6812,.T.);
#5490=EDGE_CURVE('',#9475,#9485,#6813,.T.);
#5491=EDGE_CURVE('',#9484,#9503,#6814,.T.);
#5492=EDGE_CURVE('',#9502,#9512,#6815,.T.);
#5493=EDGE_CURVE('',#9511,#9530,#6816,.T.);
#5494=EDGE_CURVE('',#9529,#9539,#6817,.T.);
#5495=EDGE_CURVE('',#9538,#9557,#6818,.T.);
#5496=EDGE_CURVE('',#9556,#9728,#6819,.T.);
#5497=EDGE_CURVE('',#9727,#9746,#6820,.T.);
#5498=EDGE_CURVE('',#9745,#9755,#6821,.T.);
#5499=EDGE_CURVE('',#9754,#9773,#6822,.T.);
#5500=EDGE_CURVE('',#9772,#9784,#6823,.T.);
#5501=EDGE_CURVE('',#9783,#9566,#6824,.T.);
#5502=EDGE_CURVE('',#9565,#9575,#6825,.T.);
#5503=EDGE_CURVE('',#9574,#9593,#6826,.T.);
#5504=EDGE_CURVE('',#9592,#9602,#6827,.T.);
#5505=EDGE_CURVE('',#9601,#9620,#6828,.T.);
#5506=EDGE_CURVE('',#9619,#9629,#6829,.T.);
#5507=EDGE_CURVE('',#9628,#9647,#6830,.T.);
#5508=EDGE_CURVE('',#9646,#9656,#6831,.T.);
#5509=EDGE_CURVE('',#9655,#9676,#6832,.T.);
#5510=EDGE_CURVE('',#9675,#10049,#6833,.T.);
#5511=EDGE_CURVE('',#9825,#9469,#6834,.T.);
#5512=EDGE_CURVE('',#9468,#9496,#6835,.T.);
#5513=EDGE_CURVE('',#9495,#9523,#6836,.T.);
#5514=EDGE_CURVE('',#9522,#9550,#6837,.T.);
#5515=EDGE_CURVE('',#9549,#9739,#6838,.T.);
#5516=EDGE_CURVE('',#9738,#9766,#6839,.T.);
#5517=EDGE_CURVE('',#9765,#9793,#6840,.T.);
#5518=EDGE_CURVE('',#9792,#9586,#6841,.T.);
#5519=EDGE_CURVE('',#9585,#9613,#6842,.T.);
#5520=EDGE_CURVE('',#9612,#9640,#6843,.T.);
#5521=EDGE_CURVE('',#9639,#9667,#6844,.T.);
#5522=EDGE_CURVE('',#9666,#9804,#6845,.T.);
#5523=EDGE_CURVE('',#9803,#9262,#6846,.T.);
#5524=EDGE_CURVE('',#9261,#9271,#6847,.T.);
#5525=EDGE_CURVE('',#9270,#9280,#6848,.T.);
#5526=EDGE_CURVE('',#9279,#9289,#6849,.T.);
#5527=EDGE_CURVE('',#9288,#9298,#6850,.T.);
#5528=EDGE_CURVE('',#9297,#9307,#6851,.T.);
#5529=EDGE_CURVE('',#9306,#9316,#6852,.T.);
#5530=EDGE_CURVE('',#9315,#9325,#6853,.T.);
#5531=EDGE_CURVE('',#9324,#9334,#6854,.T.);
#5532=EDGE_CURVE('',#9333,#9343,#6855,.T.);
#5533=EDGE_CURVE('',#9342,#9352,#6856,.T.);
#5534=EDGE_CURVE('',#9351,#9361,#6857,.T.);
#5535=EDGE_CURVE('',#9360,#9370,#6858,.T.);
#5536=EDGE_CURVE('',#9369,#9379,#6859,.T.);
#5537=EDGE_CURVE('',#9378,#9388,#6860,.T.);
#5538=EDGE_CURVE('',#9387,#9397,#6861,.T.);
#5539=EDGE_CURVE('',#9396,#9406,#6862,.T.);
#5540=EDGE_CURVE('',#9405,#9415,#6863,.T.);
#5541=EDGE_CURVE('',#9414,#9424,#6864,.T.);
#5542=EDGE_CURVE('',#9423,#9433,#6865,.T.);
#5543=EDGE_CURVE('',#9432,#9685,#6866,.T.);
#5544=EDGE_CURVE('',#9684,#9694,#6867,.T.);
#5545=EDGE_CURVE('',#9693,#9703,#6868,.T.);
#5546=EDGE_CURVE('',#9702,#9712,#6869,.T.);
#5547=EDGE_CURVE('',#9711,#9721,#6870,.T.);
#5548=EDGE_CURVE('',#9720,#9442,#6871,.T.);
#5549=EDGE_CURVE('',#9441,#9451,#6872,.T.);
#5550=EDGE_CURVE('',#9450,#9460,#6873,.T.);
#5551=EDGE_CURVE('',#9459,#9478,#6874,.T.);
#5552=EDGE_CURVE('',#9477,#9487,#6875,.T.);
#5553=EDGE_CURVE('',#9486,#9505,#6876,.T.);
#5554=EDGE_CURVE('',#9504,#9514,#6877,.T.);
#5555=EDGE_CURVE('',#9513,#9532,#6878,.T.);
#5556=EDGE_CURVE('',#9531,#9541,#6879,.T.);
#5557=EDGE_CURVE('',#9540,#9559,#6880,.T.);
#5558=EDGE_CURVE('',#9558,#9730,#6881,.T.);
#5559=EDGE_CURVE('',#9729,#9748,#6882,.T.);
#5560=EDGE_CURVE('',#9747,#9757,#6883,.T.);
#5561=EDGE_CURVE('',#9756,#9775,#6884,.T.);
#5562=EDGE_CURVE('',#9774,#9786,#6885,.T.);
#5563=EDGE_CURVE('',#9785,#9568,#6886,.T.);
#5564=EDGE_CURVE('',#9567,#9577,#6887,.T.);
#5565=EDGE_CURVE('',#9576,#9595,#6888,.T.);
#5566=EDGE_CURVE('',#9594,#9604,#6889,.T.);
#5567=EDGE_CURVE('',#9603,#9622,#6890,.T.);
#5568=EDGE_CURVE('',#9621,#9631,#6891,.T.);
#5569=EDGE_CURVE('',#9630,#9649,#6892,.T.);
#5570=EDGE_CURVE('',#9648,#9658,#6893,.T.);
#5571=EDGE_CURVE('',#9657,#9678,#6894,.T.);
#5572=EDGE_CURVE('',#9677,#10050,#6895,.T.);
#5573=EDGE_CURVE('',#9824,#9472,#6896,.T.);
#5574=EDGE_CURVE('',#9977,#9499,#6897,.T.);
#5575=EDGE_CURVE('',#9968,#9526,#6898,.T.);
#5576=EDGE_CURVE('',#9959,#9553,#6899,.T.);
#5577=EDGE_CURVE('',#9950,#9742,#6900,.T.);
#5578=EDGE_CURVE('',#9887,#9769,#6901,.T.);
#5579=EDGE_CURVE('',#9878,#9796,#6902,.T.);
#5580=EDGE_CURVE('',#9869,#9589,#6903,.T.);
#5581=EDGE_CURVE('',#9938,#9616,#6904,.T.);
#5582=EDGE_CURVE('',#9929,#9643,#6905,.T.);
#5583=EDGE_CURVE('',#9920,#9670,#6906,.T.);
#5584=EDGE_CURVE('',#9911,#9805,#6907,.T.);
#5585=EDGE_CURVE('',#9866,#9265,#6908,.T.);
#5586=EDGE_CURVE('',#10046,#9274,#6909,.T.);
#5587=EDGE_CURVE('',#10043,#9283,#6910,.T.);
#5588=EDGE_CURVE('',#10040,#9292,#6911,.T.);
#5589=EDGE_CURVE('',#10037,#9301,#6912,.T.);
#5590=EDGE_CURVE('',#10034,#9310,#6913,.T.);
#5591=EDGE_CURVE('',#10031,#9319,#6914,.T.);
#5592=EDGE_CURVE('',#10028,#9328,#6915,.T.);
#5593=EDGE_CURVE('',#10025,#9337,#6916,.T.);
#5594=EDGE_CURVE('',#10022,#9346,#6917,.T.);
#5595=EDGE_CURVE('',#10019,#9355,#6918,.T.);
#5596=EDGE_CURVE('',#10016,#9364,#6919,.T.);
#5597=EDGE_CURVE('',#10013,#9373,#6920,.T.);
#5598=EDGE_CURVE('',#10010,#9382,#6921,.T.);
#5599=EDGE_CURVE('',#10007,#9391,#6922,.T.);
#5600=EDGE_CURVE('',#10004,#9400,#6923,.T.);
#5601=EDGE_CURVE('',#10001,#9409,#6924,.T.);
#5602=EDGE_CURVE('',#9998,#9418,#6925,.T.);
#5603=EDGE_CURVE('',#9995,#9427,#6926,.T.);
#5604=EDGE_CURVE('',#9992,#9436,#6927,.T.);
#5605=EDGE_CURVE('',#9989,#9688,#6928,.T.);
#5606=EDGE_CURVE('',#9905,#9697,#6929,.T.);
#5607=EDGE_CURVE('',#9902,#9706,#6930,.T.);
#5608=EDGE_CURVE('',#9899,#9715,#6931,.T.);
#5609=EDGE_CURVE('',#9896,#9724,#6932,.T.);
#5610=EDGE_CURVE('',#9893,#9445,#6933,.T.);
#5611=EDGE_CURVE('',#9986,#9454,#6934,.T.);
#5612=EDGE_CURVE('',#9983,#9463,#6935,.T.);
#5613=EDGE_CURVE('',#9980,#9481,#6936,.T.);
#5614=EDGE_CURVE('',#9974,#9490,#6937,.T.);
#5615=EDGE_CURVE('',#9971,#9508,#6938,.T.);
#5616=EDGE_CURVE('',#9965,#9517,#6939,.T.);
#5617=EDGE_CURVE('',#9962,#9535,#6940,.T.);
#5618=EDGE_CURVE('',#9956,#9544,#6941,.T.);
#5619=EDGE_CURVE('',#9953,#9562,#6942,.T.);
#5620=EDGE_CURVE('',#9947,#9733,#6943,.T.);
#5621=EDGE_CURVE('',#9890,#9751,#6944,.T.);
#5622=EDGE_CURVE('',#9884,#9760,#6945,.T.);
#5623=EDGE_CURVE('',#9881,#9778,#6946,.T.);
#5624=EDGE_CURVE('',#9875,#9787,#6947,.T.);
#5625=EDGE_CURVE('',#9872,#9571,#6948,.T.);
#5626=EDGE_CURVE('',#9944,#9580,#6949,.T.);
#5627=EDGE_CURVE('',#9941,#9598,#6950,.T.);
#5628=EDGE_CURVE('',#9935,#9607,#6951,.T.);
#5629=EDGE_CURVE('',#9932,#9625,#6952,.T.);
#5630=EDGE_CURVE('',#9926,#9634,#6953,.T.);
#5631=EDGE_CURVE('',#9923,#9652,#6954,.T.);
#5632=EDGE_CURVE('',#9917,#9661,#6955,.T.);
#5633=EDGE_CURVE('',#9914,#9679,#6956,.T.);
#5634=EDGE_CURVE('',#9908,#10051,#6957,.T.);
#5635=EDGE_CURVE('',#9823,#9855,#6958,.T.);
#5636=EDGE_CURVE('',#9822,#9854,#6959,.T.);
#5637=EDGE_CURVE('',#9821,#9853,#6960,.T.);
#5638=EDGE_CURVE('',#9820,#9852,#6961,.T.);
#5639=EDGE_CURVE('',#9819,#9851,#6962,.T.);
#5640=EDGE_CURVE('',#9818,#9850,#6963,.T.);
#5641=EDGE_CURVE('',#9817,#9849,#6964,.T.);
#5642=EDGE_CURVE('',#9816,#9848,#6965,.T.);
#5643=EDGE_CURVE('',#9815,#9847,#6966,.T.);
#5644=EDGE_CURVE('',#9814,#9846,#6967,.T.);
#5645=EDGE_CURVE('',#9813,#9845,#6968,.T.);
#5646=EDGE_CURVE('',#9812,#9844,#6969,.T.);
#5647=EDGE_CURVE('',#9811,#9843,#6970,.T.);
#5648=EDGE_CURVE('',#9810,#9842,#6971,.T.);
#5649=EDGE_CURVE('',#9809,#9841,#6972,.T.);
#5650=EDGE_CURVE('',#9808,#9840,#6973,.T.);
#5651=EDGE_CURVE('',#9807,#9839,#6974,.T.);
#5652=EDGE_CURVE('',#9806,#9838,#6975,.T.);
#5653=EDGE_CURVE('',#9807,#9806,#6976,.T.);
#5654=EDGE_CURVE('',#9808,#9807,#5302,.T.);
#5655=EDGE_CURVE('',#9809,#9808,#6977,.T.);
#5656=EDGE_CURVE('',#9810,#9809,#5303,.T.);
#5657=EDGE_CURVE('',#9811,#9810,#5304,.T.);
#5658=EDGE_CURVE('',#9812,#9811,#6978,.T.);
#5659=EDGE_CURVE('',#9813,#9812,#6979,.T.);
#5660=EDGE_CURVE('',#9814,#9813,#6980,.T.);
#5661=EDGE_CURVE('',#9815,#9814,#6981,.T.);
#5662=EDGE_CURVE('',#9816,#9815,#6982,.T.);
#5663=EDGE_CURVE('',#9817,#9816,#6983,.T.);
#5664=EDGE_CURVE('',#9818,#9817,#6984,.T.);
#5665=EDGE_CURVE('',#9819,#9818,#6985,.T.);
#5666=EDGE_CURVE('',#9820,#9819,#5305,.T.);
#5667=EDGE_CURVE('',#9821,#9820,#5306,.T.);
#5668=EDGE_CURVE('',#9822,#9821,#5307,.T.);
#5669=EDGE_CURVE('',#9823,#9822,#6986,.T.);
#5670=EDGE_CURVE('',#9824,#9823,#6987,.T.);
#5671=EDGE_CURVE('',#9825,#9824,#6988,.T.);
#5672=EDGE_CURVE('',#9826,#9825,#6989,.T.);
#5673=EDGE_CURVE('',#9827,#9826,#6990,.T.);
#5674=EDGE_CURVE('',#9828,#9827,#6991,.T.);
#5675=EDGE_CURVE('',#9829,#9828,#6992,.T.);
#5676=EDGE_CURVE('',#9830,#9829,#6993,.T.);
#5677=EDGE_CURVE('',#9831,#9830,#5308,.T.);
#5678=EDGE_CURVE('',#9832,#9831,#6994,.T.);
#5679=EDGE_CURVE('',#9833,#9832,#6995,.T.);
#5680=EDGE_CURVE('',#9834,#9833,#6996,.T.);
#5681=EDGE_CURVE('',#9835,#9834,#6997,.T.);
#5682=EDGE_CURVE('',#9836,#9835,#6998,.T.);
#5683=EDGE_CURVE('',#9837,#9836,#6999,.T.);
#5684=EDGE_CURVE('',#9806,#9837,#7000,.T.);
#5685=EDGE_CURVE('',#9839,#9838,#7001,.T.);
#5686=EDGE_CURVE('',#9840,#9839,#5309,.T.);
#5687=EDGE_CURVE('',#9841,#9840,#7002,.T.);
#5688=EDGE_CURVE('',#9842,#9841,#5310,.T.);
#5689=EDGE_CURVE('',#9843,#9842,#5311,.T.);
#5690=EDGE_CURVE('',#9844,#9843,#7003,.T.);
#5691=EDGE_CURVE('',#9845,#9844,#7004,.T.);
#5692=EDGE_CURVE('',#9846,#9845,#7005,.T.);
#5693=EDGE_CURVE('',#9847,#9846,#7006,.T.);
#5694=EDGE_CURVE('',#9848,#9847,#7007,.T.);
#5695=EDGE_CURVE('',#9849,#9848,#7008,.T.);
#5696=EDGE_CURVE('',#9850,#9849,#7009,.T.);
#5697=EDGE_CURVE('',#9851,#9850,#7010,.T.);
#5698=EDGE_CURVE('',#9852,#9851,#5312,.T.);
#5699=EDGE_CURVE('',#9853,#9852,#5313,.T.);
#5700=EDGE_CURVE('',#9854,#9853,#5314,.T.);
#5701=EDGE_CURVE('',#9855,#9854,#7011,.T.);
#5702=EDGE_CURVE('',#10054,#9855,#7012,.T.);
#5703=EDGE_CURVE('',#9856,#10056,#7013,.T.);
#5704=EDGE_CURVE('',#9857,#9856,#7014,.T.);
#5705=EDGE_CURVE('',#9858,#9857,#5315,.T.);
#5706=EDGE_CURVE('',#9859,#9858,#7015,.T.);
#5707=EDGE_CURVE('',#9860,#9859,#7016,.T.);
#5708=EDGE_CURVE('',#9861,#9860,#7017,.T.);
#5709=EDGE_CURVE('',#9862,#9861,#7018,.T.);
#5710=EDGE_CURVE('',#9863,#9862,#7019,.T.);
#5711=EDGE_CURVE('',#9864,#9863,#7020,.T.);
#5712=EDGE_CURVE('',#9838,#9864,#7021,.T.);
#5713=EDGE_CURVE('',#9798,#9797,#7022,.T.);
#5714=EDGE_CURVE('',#9865,#9867,#7023,.T.);
#5715=EDGE_CURVE('',#9805,#9866,#7024,.T.);
#5716=EDGE_CURVE('',#9802,#9800,#7025,.T.);
#5717=EDGE_CURVE('',#9804,#9802,#7026,.T.);
#5718=EDGE_CURVE('',#9805,#9804,#7027,.T.);
#5719=EDGE_CURVE('',#9865,#9805,#7028,.T.);
#5720=EDGE_CURVE('',#9798,#9865,#7029,.T.);
#5721=EDGE_CURVE('',#9800,#9798,#7030,.T.);
#5722=EDGE_CURVE('',#9801,#9799,#7031,.T.);
#5723=EDGE_CURVE('',#9803,#9801,#7032,.T.);
#5724=EDGE_CURVE('',#9866,#9803,#7033,.T.);
#5725=EDGE_CURVE('',#9867,#9866,#7034,.T.);
#5726=EDGE_CURVE('',#9797,#9867,#7035,.T.);
#5727=EDGE_CURVE('',#9799,#9797,#7036,.T.);
#5728=EDGE_CURVE('',#9795,#9794,#7037,.T.);
#5729=EDGE_CURVE('',#9868,#9870,#7038,.T.);
#5730=EDGE_CURVE('',#9796,#9869,#7039,.T.);
#5731=EDGE_CURVE('',#9791,#9789,#7040,.T.);
#5732=EDGE_CURVE('',#9793,#9791,#7041,.T.);
#5733=EDGE_CURVE('',#9796,#9793,#7042,.T.);
#5734=EDGE_CURVE('',#9868,#9796,#7043,.T.);
#5735=EDGE_CURVE('',#9795,#9868,#7044,.T.);
#5736=EDGE_CURVE('',#9789,#9795,#7045,.T.);
#5737=EDGE_CURVE('',#9790,#9788,#7046,.T.);
#5738=EDGE_CURVE('',#9792,#9790,#7047,.T.);
#5739=EDGE_CURVE('',#9869,#9792,#7048,.T.);
#5740=EDGE_CURVE('',#9870,#9869,#7049,.T.);
#5741=EDGE_CURVE('',#9794,#9870,#7050,.T.);
#5742=EDGE_CURVE('',#9788,#9794,#7051,.T.);
#5743=EDGE_CURVE('',#9780,#9779,#7052,.T.);
#5744=EDGE_CURVE('',#9871,#9873,#7053,.T.);
#5745=EDGE_CURVE('',#9787,#9872,#7054,.T.);
#5746=EDGE_CURVE('',#9784,#9782,#7055,.T.);
#5747=EDGE_CURVE('',#9786,#9784,#7056,.T.);
#5748=EDGE_CURVE('',#9787,#9786,#7057,.T.);
#5749=EDGE_CURVE('',#9871,#9787,#7058,.T.);
#5750=EDGE_CURVE('',#9780,#9871,#7059,.T.);
#5751=EDGE_CURVE('',#9782,#9780,#7060,.T.);
#5752=EDGE_CURVE('',#9783,#9781,#7061,.T.);
#5753=EDGE_CURVE('',#9785,#9783,#7062,.T.);
#5754=EDGE_CURVE('',#9872,#9785,#7063,.T.);
#5755=EDGE_CURVE('',#9873,#9872,#7064,.T.);
#5756=EDGE_CURVE('',#9779,#9873,#7065,.T.);
#5757=EDGE_CURVE('',#9781,#9779,#7066,.T.);
#5758=EDGE_CURVE('',#9777,#9776,#7067,.T.);
#5759=EDGE_CURVE('',#9874,#9876,#7068,.T.);
#5760=EDGE_CURVE('',#9778,#9875,#7069,.T.);
#5761=EDGE_CURVE('',#9773,#9771,#7070,.T.);
#5762=EDGE_CURVE('',#9775,#9773,#7071,.T.);
#5763=EDGE_CURVE('',#9778,#9775,#7072,.T.);
#5764=EDGE_CURVE('',#9874,#9778,#7073,.T.);
#5765=EDGE_CURVE('',#9777,#9874,#7074,.T.);
#5766=EDGE_CURVE('',#9771,#9777,#7075,.T.);
#5767=EDGE_CURVE('',#9772,#9770,#7076,.T.);
#5768=EDGE_CURVE('',#9774,#9772,#7077,.T.);
#5769=EDGE_CURVE('',#9875,#9774,#7078,.T.);
#5770=EDGE_CURVE('',#9876,#9875,#7079,.T.);
#5771=EDGE_CURVE('',#9776,#9876,#7080,.T.);
#5772=EDGE_CURVE('',#9770,#9776,#7081,.T.);
#5773=EDGE_CURVE('',#9768,#9767,#7082,.T.);
#5774=EDGE_CURVE('',#9877,#9879,#7083,.T.);
#5775=EDGE_CURVE('',#9769,#9878,#7084,.T.);
#5776=EDGE_CURVE('',#9764,#9762,#7085,.T.);
#5777=EDGE_CURVE('',#9766,#9764,#7086,.T.);
#5778=EDGE_CURVE('',#9769,#9766,#7087,.T.);
#5779=EDGE_CURVE('',#9877,#9769,#7088,.T.);
#5780=EDGE_CURVE('',#9768,#9877,#7089,.T.);
#5781=EDGE_CURVE('',#9762,#9768,#7090,.T.);
#5782=EDGE_CURVE('',#9763,#9761,#7091,.T.);
#5783=EDGE_CURVE('',#9765,#9763,#7092,.T.);
#5784=EDGE_CURVE('',#9878,#9765,#7093,.T.);
#5785=EDGE_CURVE('',#9879,#9878,#7094,.T.);
#5786=EDGE_CURVE('',#9767,#9879,#7095,.T.);
#5787=EDGE_CURVE('',#9761,#9767,#7096,.T.);
#5788=EDGE_CURVE('',#9759,#9758,#7097,.T.);
#5789=EDGE_CURVE('',#9880,#9882,#7098,.T.);
#5790=EDGE_CURVE('',#9760,#9881,#7099,.T.);
#5791=EDGE_CURVE('',#9755,#9753,#7100,.T.);
#5792=EDGE_CURVE('',#9757,#9755,#7101,.T.);
#5793=EDGE_CURVE('',#9760,#9757,#7102,.T.);
#5794=EDGE_CURVE('',#9880,#9760,#7103,.T.);
#5795=EDGE_CURVE('',#9759,#9880,#7104,.T.);
#5796=EDGE_CURVE('',#9753,#9759,#7105,.T.);
#5797=EDGE_CURVE('',#9754,#9752,#7106,.T.);
#5798=EDGE_CURVE('',#9756,#9754,#7107,.T.);
#5799=EDGE_CURVE('',#9881,#9756,#7108,.T.);
#5800=EDGE_CURVE('',#9882,#9881,#7109,.T.);
#5801=EDGE_CURVE('',#9758,#9882,#7110,.T.);
#5802=EDGE_CURVE('',#9752,#9758,#7111,.T.);
#5803=EDGE_CURVE('',#9750,#9749,#7112,.T.);
#5804=EDGE_CURVE('',#9883,#9885,#7113,.T.);
#5805=EDGE_CURVE('',#9751,#9884,#7114,.T.);
#5806=EDGE_CURVE('',#9746,#9744,#7115,.T.);
#5807=EDGE_CURVE('',#9748,#9746,#7116,.T.);
#5808=EDGE_CURVE('',#9751,#9748,#7117,.T.);
#5809=EDGE_CURVE('',#9883,#9751,#7118,.T.);
#5810=EDGE_CURVE('',#9750,#9883,#7119,.T.);
#5811=EDGE_CURVE('',#9744,#9750,#7120,.T.);
#5812=EDGE_CURVE('',#9745,#9743,#7121,.T.);
#5813=EDGE_CURVE('',#9747,#9745,#7122,.T.);
#5814=EDGE_CURVE('',#9884,#9747,#7123,.T.);
#5815=EDGE_CURVE('',#9885,#9884,#7124,.T.);
#5816=EDGE_CURVE('',#9749,#9885,#7125,.T.);
#5817=EDGE_CURVE('',#9743,#9749,#7126,.T.);
#5818=EDGE_CURVE('',#9741,#9740,#7127,.T.);
#5819=EDGE_CURVE('',#9886,#9888,#7128,.T.);
#5820=EDGE_CURVE('',#9742,#9887,#7129,.T.);
#5821=EDGE_CURVE('',#9737,#9735,#7130,.T.);
#5822=EDGE_CURVE('',#9739,#9737,#7131,.T.);
#5823=EDGE_CURVE('',#9742,#9739,#7132,.T.);
#5824=EDGE_CURVE('',#9886,#9742,#7133,.T.);
#5825=EDGE_CURVE('',#9741,#9886,#7134,.T.);
#5826=EDGE_CURVE('',#9735,#9741,#7135,.T.);
#5827=EDGE_CURVE('',#9736,#9734,#7136,.T.);
#5828=EDGE_CURVE('',#9738,#9736,#7137,.T.);
#5829=EDGE_CURVE('',#9887,#9738,#7138,.T.);
#5830=EDGE_CURVE('',#9888,#9887,#7139,.T.);
#5831=EDGE_CURVE('',#9740,#9888,#7140,.T.);
#5832=EDGE_CURVE('',#9734,#9740,#7141,.T.);
#5833=EDGE_CURVE('',#9732,#9731,#7142,.T.);
#5834=EDGE_CURVE('',#9889,#9891,#7143,.T.);
#5835=EDGE_CURVE('',#9733,#9890,#7144,.T.);
#5836=EDGE_CURVE('',#9728,#9726,#7145,.T.);
#5837=EDGE_CURVE('',#9730,#9728,#7146,.T.);
#5838=EDGE_CURVE('',#9733,#9730,#7147,.T.);
#5839=EDGE_CURVE('',#9889,#9733,#7148,.T.);
#5840=EDGE_CURVE('',#9732,#9889,#7149,.T.);
#5841=EDGE_CURVE('',#9726,#9732,#7150,.T.);
#5842=EDGE_CURVE('',#9727,#9725,#7151,.T.);
#5843=EDGE_CURVE('',#9729,#9727,#7152,.T.);
#5844=EDGE_CURVE('',#9890,#9729,#7153,.T.);
#5845=EDGE_CURVE('',#9891,#9890,#7154,.T.);
#5846=EDGE_CURVE('',#9731,#9891,#7155,.T.);
#5847=EDGE_CURVE('',#9725,#9731,#7156,.T.);
#5848=EDGE_CURVE('',#9723,#9722,#7157,.T.);
#5849=EDGE_CURVE('',#9892,#9894,#7158,.T.);
#5850=EDGE_CURVE('',#9724,#9893,#7159,.T.);
#5851=EDGE_CURVE('',#9719,#9717,#7160,.T.);
#5852=EDGE_CURVE('',#9721,#9719,#7161,.T.);
#5853=EDGE_CURVE('',#9724,#9721,#7162,.T.);
#5854=EDGE_CURVE('',#9892,#9724,#7163,.T.);
#5855=EDGE_CURVE('',#9723,#9892,#7164,.T.);
#5856=EDGE_CURVE('',#9717,#9723,#7165,.T.);
#5857=EDGE_CURVE('',#9718,#9716,#7166,.T.);
#5858=EDGE_CURVE('',#9720,#9718,#7167,.T.);
#5859=EDGE_CURVE('',#9893,#9720,#7168,.T.);
#5860=EDGE_CURVE('',#9894,#9893,#7169,.T.);
#5861=EDGE_CURVE('',#9722,#9894,#7170,.T.);
#5862=EDGE_CURVE('',#9716,#9722,#7171,.T.);
#5863=EDGE_CURVE('',#9714,#9713,#7172,.T.);
#5864=EDGE_CURVE('',#9895,#9897,#7173,.T.);
#5865=EDGE_CURVE('',#9715,#9896,#7174,.T.);
#5866=EDGE_CURVE('',#9710,#9708,#7175,.T.);
#5867=EDGE_CURVE('',#9712,#9710,#7176,.T.);
#5868=EDGE_CURVE('',#9715,#9712,#7177,.T.);
#5869=EDGE_CURVE('',#9895,#9715,#7178,.T.);
#5870=EDGE_CURVE('',#9714,#9895,#7179,.T.);
#5871=EDGE_CURVE('',#9708,#9714,#7180,.T.);
#5872=EDGE_CURVE('',#9709,#9707,#7181,.T.);
#5873=EDGE_CURVE('',#9711,#9709,#7182,.T.);
#5874=EDGE_CURVE('',#9896,#9711,#7183,.T.);
#5875=EDGE_CURVE('',#9897,#9896,#7184,.T.);
#5876=EDGE_CURVE('',#9713,#9897,#7185,.T.);
#5877=EDGE_CURVE('',#9707,#9713,#7186,.T.);
#5878=EDGE_CURVE('',#9705,#9704,#7187,.T.);
#5879=EDGE_CURVE('',#9898,#9900,#7188,.T.);
#5880=EDGE_CURVE('',#9706,#9899,#7189,.T.);
#5881=EDGE_CURVE('',#9701,#9699,#7190,.T.);
#5882=EDGE_CURVE('',#9703,#9701,#7191,.T.);
#5883=EDGE_CURVE('',#9706,#9703,#7192,.T.);
#5884=EDGE_CURVE('',#9898,#9706,#7193,.T.);
#5885=EDGE_CURVE('',#9705,#9898,#7194,.T.);
#5886=EDGE_CURVE('',#9699,#9705,#7195,.T.);
#5887=EDGE_CURVE('',#9700,#9698,#7196,.T.);
#5888=EDGE_CURVE('',#9702,#9700,#7197,.T.);
#5889=EDGE_CURVE('',#9899,#9702,#7198,.T.);
#5890=EDGE_CURVE('',#9900,#9899,#7199,.T.);
#5891=EDGE_CURVE('',#9704,#9900,#7200,.T.);
#5892=EDGE_CURVE('',#9698,#9704,#7201,.T.);
#5893=EDGE_CURVE('',#9696,#9695,#7202,.T.);
#5894=EDGE_CURVE('',#9901,#9903,#7203,.T.);
#5895=EDGE_CURVE('',#9697,#9902,#7204,.T.);
#5896=EDGE_CURVE('',#9692,#9690,#7205,.T.);
#5897=EDGE_CURVE('',#9694,#9692,#7206,.T.);
#5898=EDGE_CURVE('',#9697,#9694,#7207,.T.);
#5899=EDGE_CURVE('',#9901,#9697,#7208,.T.);
#5900=EDGE_CURVE('',#9696,#9901,#7209,.T.);
#5901=EDGE_CURVE('',#9690,#9696,#7210,.T.);
#5902=EDGE_CURVE('',#9691,#9689,#7211,.T.);
#5903=EDGE_CURVE('',#9693,#9691,#7212,.T.);
#5904=EDGE_CURVE('',#9902,#9693,#7213,.T.);
#5905=EDGE_CURVE('',#9903,#9902,#7214,.T.);
#5906=EDGE_CURVE('',#9695,#9903,#7215,.T.);
#5907=EDGE_CURVE('',#9689,#9695,#7216,.T.);
#5908=EDGE_CURVE('',#9687,#9686,#7217,.T.);
#5909=EDGE_CURVE('',#9904,#9906,#7218,.T.);
#5910=EDGE_CURVE('',#9688,#9905,#7219,.T.);
#5911=EDGE_CURVE('',#9683,#9681,#7220,.T.);
#5912=EDGE_CURVE('',#9685,#9683,#7221,.T.);
#5913=EDGE_CURVE('',#9688,#9685,#7222,.T.);
#5914=EDGE_CURVE('',#9904,#9688,#7223,.T.);
#5915=EDGE_CURVE('',#9687,#9904,#7224,.T.);
#5916=EDGE_CURVE('',#9681,#9687,#7225,.T.);
#5917=EDGE_CURVE('',#9682,#9680,#7226,.T.);
#5918=EDGE_CURVE('',#9684,#9682,#7227,.T.);
#5919=EDGE_CURVE('',#9905,#9684,#7228,.T.);
#5920=EDGE_CURVE('',#9906,#9905,#7229,.T.);
#5921=EDGE_CURVE('',#9686,#9906,#7230,.T.);
#5922=EDGE_CURVE('',#9680,#9686,#7231,.T.);
#5923=EDGE_CURVE('',#9672,#9671,#7232,.T.);
#5924=EDGE_CURVE('',#9907,#9909,#7233,.T.);
#5925=EDGE_CURVE('',#9679,#9908,#7234,.T.);
#5926=EDGE_CURVE('',#9676,#9674,#7235,.T.);
#5927=EDGE_CURVE('',#9678,#9676,#7236,.T.);
#5928=EDGE_CURVE('',#9679,#9678,#7237,.T.);
#5929=EDGE_CURVE('',#9907,#9679,#7238,.T.);
#5930=EDGE_CURVE('',#9672,#9907,#7239,.T.);
#5931=EDGE_CURVE('',#9674,#9672,#7240,.T.);
#5932=EDGE_CURVE('',#9675,#9673,#7241,.T.);
#5933=EDGE_CURVE('',#9677,#9675,#7242,.T.);
#5934=EDGE_CURVE('',#9908,#9677,#7243,.T.);
#5935=EDGE_CURVE('',#9909,#9908,#7244,.T.);
#5936=EDGE_CURVE('',#9671,#9909,#7245,.T.);
#5937=EDGE_CURVE('',#9673,#9671,#7246,.T.);
#5938=EDGE_CURVE('',#9669,#9668,#7247,.T.);
#5939=EDGE_CURVE('',#9910,#9912,#7248,.T.);
#5940=EDGE_CURVE('',#9670,#9911,#7249,.T.);
#5941=EDGE_CURVE('',#9665,#9663,#7250,.T.);
#5942=EDGE_CURVE('',#9667,#9665,#7251,.T.);
#5943=EDGE_CURVE('',#9670,#9667,#7252,.T.);
#5944=EDGE_CURVE('',#9910,#9670,#7253,.T.);
#5945=EDGE_CURVE('',#9669,#9910,#7254,.T.);
#5946=EDGE_CURVE('',#9663,#9669,#7255,.T.);
#5947=EDGE_CURVE('',#9664,#9662,#7256,.T.);
#5948=EDGE_CURVE('',#9666,#9664,#7257,.T.);
#5949=EDGE_CURVE('',#9911,#9666,#7258,.T.);
#5950=EDGE_CURVE('',#9912,#9911,#7259,.T.);
#5951=EDGE_CURVE('',#9668,#9912,#7260,.T.);
#5952=EDGE_CURVE('',#9662,#9668,#7261,.T.);
#5953=EDGE_CURVE('',#9660,#9659,#7262,.T.);
#5954=EDGE_CURVE('',#9913,#9915,#7263,.T.);
#5955=EDGE_CURVE('',#9661,#9914,#7264,.T.);
#5956=EDGE_CURVE('',#9656,#9654,#7265,.T.);
#5957=EDGE_CURVE('',#9658,#9656,#7266,.T.);
#5958=EDGE_CURVE('',#9661,#9658,#7267,.T.);
#5959=EDGE_CURVE('',#9913,#9661,#7268,.T.);
#5960=EDGE_CURVE('',#9660,#9913,#7269,.T.);
#5961=EDGE_CURVE('',#9654,#9660,#7270,.T.);
#5962=EDGE_CURVE('',#9655,#9653,#7271,.T.);
#5963=EDGE_CURVE('',#9657,#9655,#7272,.T.);
#5964=EDGE_CURVE('',#9914,#9657,#7273,.T.);
#5965=EDGE_CURVE('',#9915,#9914,#7274,.T.);
#5966=EDGE_CURVE('',#9659,#9915,#7275,.T.);
#5967=EDGE_CURVE('',#9653,#9659,#7276,.T.);
#5968=EDGE_CURVE('',#9651,#9650,#7277,.T.);
#5969=EDGE_CURVE('',#9916,#9918,#7278,.T.);
#5970=EDGE_CURVE('',#9652,#9917,#7279,.T.);
#5971=EDGE_CURVE('',#9647,#9645,#7280,.T.);
#5972=EDGE_CURVE('',#9649,#9647,#7281,.T.);
#5973=EDGE_CURVE('',#9652,#9649,#7282,.T.);
#5974=EDGE_CURVE('',#9916,#9652,#7283,.T.);
#5975=EDGE_CURVE('',#9651,#9916,#7284,.T.);
#5976=EDGE_CURVE('',#9645,#9651,#7285,.T.);
#5977=EDGE_CURVE('',#9646,#9644,#7286,.T.);
#5978=EDGE_CURVE('',#9648,#9646,#7287,.T.);
#5979=EDGE_CURVE('',#9917,#9648,#7288,.T.);
#5980=EDGE_CURVE('',#9918,#9917,#7289,.T.);
#5981=EDGE_CURVE('',#9650,#9918,#7290,.T.);
#5982=EDGE_CURVE('',#9644,#9650,#7291,.T.);
#5983=EDGE_CURVE('',#9642,#9641,#7292,.T.);
#5984=EDGE_CURVE('',#9919,#9921,#7293,.T.);
#5985=EDGE_CURVE('',#9643,#9920,#7294,.T.);
#5986=EDGE_CURVE('',#9638,#9636,#7295,.T.);
#5987=EDGE_CURVE('',#9640,#9638,#7296,.T.);
#5988=EDGE_CURVE('',#9643,#9640,#7297,.T.);
#5989=EDGE_CURVE('',#9919,#9643,#7298,.T.);
#5990=EDGE_CURVE('',#9642,#9919,#7299,.T.);
#5991=EDGE_CURVE('',#9636,#9642,#7300,.T.);
#5992=EDGE_CURVE('',#9637,#9635,#7301,.T.);
#5993=EDGE_CURVE('',#9639,#9637,#7302,.T.);
#5994=EDGE_CURVE('',#9920,#9639,#7303,.T.);
#5995=EDGE_CURVE('',#9921,#9920,#7304,.T.);
#5996=EDGE_CURVE('',#9641,#9921,#7305,.T.);
#5997=EDGE_CURVE('',#9635,#9641,#7306,.T.);
#5998=EDGE_CURVE('',#9633,#9632,#7307,.T.);
#5999=EDGE_CURVE('',#9922,#9924,#7308,.T.);
#6000=EDGE_CURVE('',#9634,#9923,#7309,.T.);
#6001=EDGE_CURVE('',#9629,#9627,#7310,.T.);
#6002=EDGE_CURVE('',#9631,#9629,#7311,.T.);
#6003=EDGE_CURVE('',#9634,#9631,#7312,.T.);
#6004=EDGE_CURVE('',#9922,#9634,#7313,.T.);
#6005=EDGE_CURVE('',#9633,#9922,#7314,.T.);
#6006=EDGE_CURVE('',#9627,#9633,#7315,.T.);
#6007=EDGE_CURVE('',#9628,#9626,#7316,.T.);
#6008=EDGE_CURVE('',#9630,#9628,#7317,.T.);
#6009=EDGE_CURVE('',#9923,#9630,#7318,.T.);
#6010=EDGE_CURVE('',#9924,#9923,#7319,.T.);
#6011=EDGE_CURVE('',#9632,#9924,#7320,.T.);
#6012=EDGE_CURVE('',#9626,#9632,#7321,.T.);
#6013=EDGE_CURVE('',#9624,#9623,#7322,.T.);
#6014=EDGE_CURVE('',#9925,#9927,#7323,.T.);
#6015=EDGE_CURVE('',#9625,#9926,#7324,.T.);
#6016=EDGE_CURVE('',#9620,#9618,#7325,.T.);
#6017=EDGE_CURVE('',#9622,#9620,#7326,.T.);
#6018=EDGE_CURVE('',#9625,#9622,#7327,.T.);
#6019=EDGE_CURVE('',#9925,#9625,#7328,.T.);
#6020=EDGE_CURVE('',#9624,#9925,#7329,.T.);
#6021=EDGE_CURVE('',#9618,#9624,#7330,.T.);
#6022=EDGE_CURVE('',#9619,#9617,#7331,.T.);
#6023=EDGE_CURVE('',#9621,#9619,#7332,.T.);
#6024=EDGE_CURVE('',#9926,#9621,#7333,.T.);
#6025=EDGE_CURVE('',#9927,#9926,#7334,.T.);
#6026=EDGE_CURVE('',#9623,#9927,#7335,.T.);
#6027=EDGE_CURVE('',#9617,#9623,#7336,.T.);
#6028=EDGE_CURVE('',#9615,#9614,#7337,.T.);
#6029=EDGE_CURVE('',#9928,#9930,#7338,.T.);
#6030=EDGE_CURVE('',#9616,#9929,#7339,.T.);
#6031=EDGE_CURVE('',#9611,#9609,#7340,.T.);
#6032=EDGE_CURVE('',#9613,#9611,#7341,.T.);
#6033=EDGE_CURVE('',#9616,#9613,#7342,.T.);
#6034=EDGE_CURVE('',#9928,#9616,#7343,.T.);
#6035=EDGE_CURVE('',#9615,#9928,#7344,.T.);
#6036=EDGE_CURVE('',#9609,#9615,#7345,.T.);
#6037=EDGE_CURVE('',#9610,#9608,#7346,.T.);
#6038=EDGE_CURVE('',#9612,#9610,#7347,.T.);
#6039=EDGE_CURVE('',#9929,#9612,#7348,.T.);
#6040=EDGE_CURVE('',#9930,#9929,#7349,.T.);
#6041=EDGE_CURVE('',#9614,#9930,#7350,.T.);
#6042=EDGE_CURVE('',#9608,#9614,#7351,.T.);
#6043=EDGE_CURVE('',#9606,#9605,#7352,.T.);
#6044=EDGE_CURVE('',#9931,#9933,#7353,.T.);
#6045=EDGE_CURVE('',#9607,#9932,#7354,.T.);
#6046=EDGE_CURVE('',#9602,#9600,#7355,.T.);
#6047=EDGE_CURVE('',#9604,#9602,#7356,.T.);
#6048=EDGE_CURVE('',#9607,#9604,#7357,.T.);
#6049=EDGE_CURVE('',#9931,#9607,#7358,.T.);
#6050=EDGE_CURVE('',#9606,#9931,#7359,.T.);
#6051=EDGE_CURVE('',#9600,#9606,#7360,.T.);
#6052=EDGE_CURVE('',#9601,#9599,#7361,.T.);
#6053=EDGE_CURVE('',#9603,#9601,#7362,.T.);
#6054=EDGE_CURVE('',#9932,#9603,#7363,.T.);
#6055=EDGE_CURVE('',#9933,#9932,#7364,.T.);
#6056=EDGE_CURVE('',#9605,#9933,#7365,.T.);
#6057=EDGE_CURVE('',#9599,#9605,#7366,.T.);
#6058=EDGE_CURVE('',#9597,#9596,#7367,.T.);
#6059=EDGE_CURVE('',#9934,#9936,#7368,.T.);
#6060=EDGE_CURVE('',#9598,#9935,#7369,.T.);
#6061=EDGE_CURVE('',#9593,#9591,#7370,.T.);
#6062=EDGE_CURVE('',#9595,#9593,#7371,.T.);
#6063=EDGE_CURVE('',#9598,#9595,#7372,.T.);
#6064=EDGE_CURVE('',#9934,#9598,#7373,.T.);
#6065=EDGE_CURVE('',#9597,#9934,#7374,.T.);
#6066=EDGE_CURVE('',#9591,#9597,#7375,.T.);
#6067=EDGE_CURVE('',#9592,#9590,#7376,.T.);
#6068=EDGE_CURVE('',#9594,#9592,#7377,.T.);
#6069=EDGE_CURVE('',#9935,#9594,#7378,.T.);
#6070=EDGE_CURVE('',#9936,#9935,#7379,.T.);
#6071=EDGE_CURVE('',#9596,#9936,#7380,.T.);
#6072=EDGE_CURVE('',#9590,#9596,#7381,.T.);
#6073=EDGE_CURVE('',#9588,#9587,#7382,.T.);
#6074=EDGE_CURVE('',#9937,#9939,#7383,.T.);
#6075=EDGE_CURVE('',#9589,#9938,#7384,.T.);
#6076=EDGE_CURVE('',#9584,#9582,#7385,.T.);
#6077=EDGE_CURVE('',#9586,#9584,#7386,.T.);
#6078=EDGE_CURVE('',#9589,#9586,#7387,.T.);
#6079=EDGE_CURVE('',#9937,#9589,#7388,.T.);
#6080=EDGE_CURVE('',#9588,#9937,#7389,.T.);
#6081=EDGE_CURVE('',#9582,#9588,#7390,.T.);
#6082=EDGE_CURVE('',#9583,#9581,#7391,.T.);
#6083=EDGE_CURVE('',#9585,#9583,#7392,.T.);
#6084=EDGE_CURVE('',#9938,#9585,#7393,.T.);
#6085=EDGE_CURVE('',#9939,#9938,#7394,.T.);
#6086=EDGE_CURVE('',#9587,#9939,#7395,.T.);
#6087=EDGE_CURVE('',#9581,#9587,#7396,.T.);
#6088=EDGE_CURVE('',#9579,#9578,#7397,.T.);
#6089=EDGE_CURVE('',#9940,#9942,#7398,.T.);
#6090=EDGE_CURVE('',#9580,#9941,#7399,.T.);
#6091=EDGE_CURVE('',#9575,#9573,#7400,.T.);
#6092=EDGE_CURVE('',#9577,#9575,#7401,.T.);
#6093=EDGE_CURVE('',#9580,#9577,#7402,.T.);
#6094=EDGE_CURVE('',#9940,#9580,#7403,.T.);
#6095=EDGE_CURVE('',#9579,#9940,#7404,.T.);
#6096=EDGE_CURVE('',#9573,#9579,#7405,.T.);
#6097=EDGE_CURVE('',#9574,#9572,#7406,.T.);
#6098=EDGE_CURVE('',#9576,#9574,#7407,.T.);
#6099=EDGE_CURVE('',#9941,#9576,#7408,.T.);
#6100=EDGE_CURVE('',#9942,#9941,#7409,.T.);
#6101=EDGE_CURVE('',#9578,#9942,#7410,.T.);
#6102=EDGE_CURVE('',#9572,#9578,#7411,.T.);
#6103=EDGE_CURVE('',#9570,#9569,#7412,.T.);
#6104=EDGE_CURVE('',#9943,#9945,#7413,.T.);
#6105=EDGE_CURVE('',#9571,#9944,#7414,.T.);
#6106=EDGE_CURVE('',#9566,#9564,#7415,.T.);
#6107=EDGE_CURVE('',#9568,#9566,#7416,.T.);
#6108=EDGE_CURVE('',#9571,#9568,#7417,.T.);
#6109=EDGE_CURVE('',#9943,#9571,#7418,.T.);
#6110=EDGE_CURVE('',#9570,#9943,#7419,.T.);
#6111=EDGE_CURVE('',#9564,#9570,#7420,.T.);
#6112=EDGE_CURVE('',#9565,#9563,#7421,.T.);
#6113=EDGE_CURVE('',#9567,#9565,#7422,.T.);
#6114=EDGE_CURVE('',#9944,#9567,#7423,.T.);
#6115=EDGE_CURVE('',#9945,#9944,#7424,.T.);
#6116=EDGE_CURVE('',#9569,#9945,#7425,.T.);
#6117=EDGE_CURVE('',#9563,#9569,#7426,.T.);
#6118=EDGE_CURVE('',#9561,#9560,#7427,.T.);
#6119=EDGE_CURVE('',#9946,#9948,#7428,.T.);
#6120=EDGE_CURVE('',#9562,#9947,#7429,.T.);
#6121=EDGE_CURVE('',#9557,#9555,#7430,.T.);
#6122=EDGE_CURVE('',#9559,#9557,#7431,.T.);
#6123=EDGE_CURVE('',#9562,#9559,#7432,.T.);
#6124=EDGE_CURVE('',#9946,#9562,#7433,.T.);
#6125=EDGE_CURVE('',#9561,#9946,#7434,.T.);
#6126=EDGE_CURVE('',#9555,#9561,#7435,.T.);
#6127=EDGE_CURVE('',#9556,#9554,#7436,.T.);
#6128=EDGE_CURVE('',#9558,#9556,#7437,.T.);
#6129=EDGE_CURVE('',#9947,#9558,#7438,.T.);
#6130=EDGE_CURVE('',#9948,#9947,#7439,.T.);
#6131=EDGE_CURVE('',#9560,#9948,#7440,.T.);
#6132=EDGE_CURVE('',#9554,#9560,#7441,.T.);
#6133=EDGE_CURVE('',#9552,#9551,#7442,.T.);
#6134=EDGE_CURVE('',#9949,#9951,#7443,.T.);
#6135=EDGE_CURVE('',#9553,#9950,#7444,.T.);
#6136=EDGE_CURVE('',#9548,#9546,#7445,.T.);
#6137=EDGE_CURVE('',#9550,#9548,#7446,.T.);
#6138=EDGE_CURVE('',#9553,#9550,#7447,.T.);
#6139=EDGE_CURVE('',#9949,#9553,#7448,.T.);
#6140=EDGE_CURVE('',#9552,#9949,#7449,.T.);
#6141=EDGE_CURVE('',#9546,#9552,#7450,.T.);
#6142=EDGE_CURVE('',#9547,#9545,#7451,.T.);
#6143=EDGE_CURVE('',#9549,#9547,#7452,.T.);
#6144=EDGE_CURVE('',#9950,#9549,#7453,.T.);
#6145=EDGE_CURVE('',#9951,#9950,#7454,.T.);
#6146=EDGE_CURVE('',#9551,#9951,#7455,.T.);
#6147=EDGE_CURVE('',#9545,#9551,#7456,.T.);
#6148=EDGE_CURVE('',#9543,#9542,#7457,.T.);
#6149=EDGE_CURVE('',#9952,#9954,#7458,.T.);
#6150=EDGE_CURVE('',#9544,#9953,#7459,.T.);
#6151=EDGE_CURVE('',#9539,#9537,#7460,.T.);
#6152=EDGE_CURVE('',#9541,#9539,#7461,.T.);
#6153=EDGE_CURVE('',#9544,#9541,#7462,.T.);
#6154=EDGE_CURVE('',#9952,#9544,#7463,.T.);
#6155=EDGE_CURVE('',#9543,#9952,#7464,.T.);
#6156=EDGE_CURVE('',#9537,#9543,#7465,.T.);
#6157=EDGE_CURVE('',#9538,#9536,#7466,.T.);
#6158=EDGE_CURVE('',#9540,#9538,#7467,.T.);
#6159=EDGE_CURVE('',#9953,#9540,#7468,.T.);
#6160=EDGE_CURVE('',#9954,#9953,#7469,.T.);
#6161=EDGE_CURVE('',#9542,#9954,#7470,.T.);
#6162=EDGE_CURVE('',#9536,#9542,#7471,.T.);
#6163=EDGE_CURVE('',#9534,#9533,#7472,.T.);
#6164=EDGE_CURVE('',#9955,#9957,#7473,.T.);
#6165=EDGE_CURVE('',#9535,#9956,#7474,.T.);
#6166=EDGE_CURVE('',#9530,#9528,#7475,.T.);
#6167=EDGE_CURVE('',#9532,#9530,#7476,.T.);
#6168=EDGE_CURVE('',#9535,#9532,#7477,.T.);
#6169=EDGE_CURVE('',#9955,#9535,#7478,.T.);
#6170=EDGE_CURVE('',#9534,#9955,#7479,.T.);
#6171=EDGE_CURVE('',#9528,#9534,#7480,.T.);
#6172=EDGE_CURVE('',#9529,#9527,#7481,.T.);
#6173=EDGE_CURVE('',#9531,#9529,#7482,.T.);
#6174=EDGE_CURVE('',#9956,#9531,#7483,.T.);
#6175=EDGE_CURVE('',#9957,#9956,#7484,.T.);
#6176=EDGE_CURVE('',#9533,#9957,#7485,.T.);
#6177=EDGE_CURVE('',#9527,#9533,#7486,.T.);
#6178=EDGE_CURVE('',#9525,#9524,#7487,.T.);
#6179=EDGE_CURVE('',#9958,#9960,#7488,.T.);
#6180=EDGE_CURVE('',#9526,#9959,#7489,.T.);
#6181=EDGE_CURVE('',#9521,#9519,#7490,.T.);
#6182=EDGE_CURVE('',#9523,#9521,#7491,.T.);
#6183=EDGE_CURVE('',#9526,#9523,#7492,.T.);
#6184=EDGE_CURVE('',#9958,#9526,#7493,.T.);
#6185=EDGE_CURVE('',#9525,#9958,#7494,.T.);
#6186=EDGE_CURVE('',#9519,#9525,#7495,.T.);
#6187=EDGE_CURVE('',#9520,#9518,#7496,.T.);
#6188=EDGE_CURVE('',#9522,#9520,#7497,.T.);
#6189=EDGE_CURVE('',#9959,#9522,#7498,.T.);
#6190=EDGE_CURVE('',#9960,#9959,#7499,.T.);
#6191=EDGE_CURVE('',#9524,#9960,#7500,.T.);
#6192=EDGE_CURVE('',#9518,#9524,#7501,.T.);
#6193=EDGE_CURVE('',#9516,#9515,#7502,.T.);
#6194=EDGE_CURVE('',#9961,#9963,#7503,.T.);
#6195=EDGE_CURVE('',#9517,#9962,#7504,.T.);
#6196=EDGE_CURVE('',#9512,#9510,#7505,.T.);
#6197=EDGE_CURVE('',#9514,#9512,#7506,.T.);
#6198=EDGE_CURVE('',#9517,#9514,#7507,.T.);
#6199=EDGE_CURVE('',#9961,#9517,#7508,.T.);
#6200=EDGE_CURVE('',#9516,#9961,#7509,.T.);
#6201=EDGE_CURVE('',#9510,#9516,#7510,.T.);
#6202=EDGE_CURVE('',#9511,#9509,#7511,.T.);
#6203=EDGE_CURVE('',#9513,#9511,#7512,.T.);
#6204=EDGE_CURVE('',#9962,#9513,#7513,.T.);
#6205=EDGE_CURVE('',#9963,#9962,#7514,.T.);
#6206=EDGE_CURVE('',#9515,#9963,#7515,.T.);
#6207=EDGE_CURVE('',#9509,#9515,#7516,.T.);
#6208=EDGE_CURVE('',#9507,#9506,#7517,.T.);
#6209=EDGE_CURVE('',#9964,#9966,#7518,.T.);
#6210=EDGE_CURVE('',#9508,#9965,#7519,.T.);
#6211=EDGE_CURVE('',#9503,#9501,#7520,.T.);
#6212=EDGE_CURVE('',#9505,#9503,#7521,.T.);
#6213=EDGE_CURVE('',#9508,#9505,#7522,.T.);
#6214=EDGE_CURVE('',#9964,#9508,#7523,.T.);
#6215=EDGE_CURVE('',#9507,#9964,#7524,.T.);
#6216=EDGE_CURVE('',#9501,#9507,#7525,.T.);
#6217=EDGE_CURVE('',#9502,#9500,#7526,.T.);
#6218=EDGE_CURVE('',#9504,#9502,#7527,.T.);
#6219=EDGE_CURVE('',#9965,#9504,#7528,.T.);
#6220=EDGE_CURVE('',#9966,#9965,#7529,.T.);
#6221=EDGE_CURVE('',#9506,#9966,#7530,.T.);
#6222=EDGE_CURVE('',#9500,#9506,#7531,.T.);
#6223=EDGE_CURVE('',#9498,#9497,#7532,.T.);
#6224=EDGE_CURVE('',#9967,#9969,#7533,.T.);
#6225=EDGE_CURVE('',#9499,#9968,#7534,.T.);
#6226=EDGE_CURVE('',#9494,#9492,#7535,.T.);
#6227=EDGE_CURVE('',#9496,#9494,#7536,.T.);
#6228=EDGE_CURVE('',#9499,#9496,#7537,.T.);
#6229=EDGE_CURVE('',#9967,#9499,#7538,.T.);
#6230=EDGE_CURVE('',#9498,#9967,#7539,.T.);
#6231=EDGE_CURVE('',#9492,#9498,#7540,.T.);
#6232=EDGE_CURVE('',#9493,#9491,#7541,.T.);
#6233=EDGE_CURVE('',#9495,#9493,#7542,.T.);
#6234=EDGE_CURVE('',#9968,#9495,#7543,.T.);
#6235=EDGE_CURVE('',#9969,#9968,#7544,.T.);
#6236=EDGE_CURVE('',#9497,#9969,#7545,.T.);
#6237=EDGE_CURVE('',#9491,#9497,#7546,.T.);
#6238=EDGE_CURVE('',#9489,#9488,#7547,.T.);
#6239=EDGE_CURVE('',#9970,#9972,#7548,.T.);
#6240=EDGE_CURVE('',#9490,#9971,#7549,.T.);
#6241=EDGE_CURVE('',#9485,#9483,#7550,.T.);
#6242=EDGE_CURVE('',#9487,#9485,#7551,.T.);
#6243=EDGE_CURVE('',#9490,#9487,#7552,.T.);
#6244=EDGE_CURVE('',#9970,#9490,#7553,.T.);
#6245=EDGE_CURVE('',#9489,#9970,#7554,.T.);
#6246=EDGE_CURVE('',#9483,#9489,#7555,.T.);
#6247=EDGE_CURVE('',#9484,#9482,#7556,.T.);
#6248=EDGE_CURVE('',#9486,#9484,#7557,.T.);
#6249=EDGE_CURVE('',#9971,#9486,#7558,.T.);
#6250=EDGE_CURVE('',#9972,#9971,#7559,.T.);
#6251=EDGE_CURVE('',#9488,#9972,#7560,.T.);
#6252=EDGE_CURVE('',#9482,#9488,#7561,.T.);
#6253=EDGE_CURVE('',#9480,#9479,#7562,.T.);
#6254=EDGE_CURVE('',#9973,#9975,#7563,.T.);
#6255=EDGE_CURVE('',#9481,#9974,#7564,.T.);
#6256=EDGE_CURVE('',#9476,#9474,#7565,.T.);
#6257=EDGE_CURVE('',#9478,#9476,#7566,.T.);
#6258=EDGE_CURVE('',#9481,#9478,#7567,.T.);
#6259=EDGE_CURVE('',#9973,#9481,#7568,.T.);
#6260=EDGE_CURVE('',#9480,#9973,#7569,.T.);
#6261=EDGE_CURVE('',#9474,#9480,#7570,.T.);
#6262=EDGE_CURVE('',#9475,#9473,#7571,.T.);
#6263=EDGE_CURVE('',#9477,#9475,#7572,.T.);
#6264=EDGE_CURVE('',#9974,#9477,#7573,.T.);
#6265=EDGE_CURVE('',#9975,#9974,#7574,.T.);
#6266=EDGE_CURVE('',#9479,#9975,#7575,.T.);
#6267=EDGE_CURVE('',#9473,#9479,#7576,.T.);
#6268=EDGE_CURVE('',#9471,#9470,#7577,.T.);
#6269=EDGE_CURVE('',#9976,#9978,#7578,.T.);
#6270=EDGE_CURVE('',#9472,#9977,#7579,.T.);
#6271=EDGE_CURVE('',#9467,#9465,#7580,.T.);
#6272=EDGE_CURVE('',#9469,#9467,#7581,.T.);
#6273=EDGE_CURVE('',#9472,#9469,#7582,.T.);
#6274=EDGE_CURVE('',#9976,#9472,#7583,.T.);
#6275=EDGE_CURVE('',#9471,#9976,#7584,.T.);
#6276=EDGE_CURVE('',#9465,#9471,#7585,.T.);
#6277=EDGE_CURVE('',#9466,#9464,#7586,.T.);
#6278=EDGE_CURVE('',#9468,#9466,#7587,.T.);
#6279=EDGE_CURVE('',#9977,#9468,#7588,.T.);
#6280=EDGE_CURVE('',#9978,#9977,#7589,.T.);
#6281=EDGE_CURVE('',#9470,#9978,#7590,.T.);
#6282=EDGE_CURVE('',#9464,#9470,#7591,.T.);
#6283=EDGE_CURVE('',#9462,#9461,#7592,.T.);
#6284=EDGE_CURVE('',#9979,#9981,#7593,.T.);
#6285=EDGE_CURVE('',#9463,#9980,#7594,.T.);
#6286=EDGE_CURVE('',#9458,#9456,#7595,.T.);
#6287=EDGE_CURVE('',#9460,#9458,#7596,.T.);
#6288=EDGE_CURVE('',#9463,#9460,#7597,.T.);
#6289=EDGE_CURVE('',#9979,#9463,#7598,.T.);
#6290=EDGE_CURVE('',#9462,#9979,#7599,.T.);
#6291=EDGE_CURVE('',#9456,#9462,#7600,.T.);
#6292=EDGE_CURVE('',#9457,#9455,#7601,.T.);
#6293=EDGE_CURVE('',#9459,#9457,#7602,.T.);
#6294=EDGE_CURVE('',#9980,#9459,#7603,.T.);
#6295=EDGE_CURVE('',#9981,#9980,#7604,.T.);
#6296=EDGE_CURVE('',#9461,#9981,#7605,.T.);
#6297=EDGE_CURVE('',#9455,#9461,#7606,.T.);
#6298=EDGE_CURVE('',#9453,#9452,#7607,.T.);
#6299=EDGE_CURVE('',#9982,#9984,#7608,.T.);
#6300=EDGE_CURVE('',#9454,#9983,#7609,.T.);
#6301=EDGE_CURVE('',#9449,#9447,#7610,.T.);
#6302=EDGE_CURVE('',#9451,#9449,#7611,.T.);
#6303=EDGE_CURVE('',#9454,#9451,#7612,.T.);
#6304=EDGE_CURVE('',#9982,#9454,#7613,.T.);
#6305=EDGE_CURVE('',#9453,#9982,#7614,.T.);
#6306=EDGE_CURVE('',#9447,#9453,#7615,.T.);
#6307=EDGE_CURVE('',#9448,#9446,#7616,.T.);
#6308=EDGE_CURVE('',#9450,#9448,#7617,.T.);
#6309=EDGE_CURVE('',#9983,#9450,#7618,.T.);
#6310=EDGE_CURVE('',#9984,#9983,#7619,.T.);
#6311=EDGE_CURVE('',#9452,#9984,#7620,.T.);
#6312=EDGE_CURVE('',#9446,#9452,#7621,.T.);
#6313=EDGE_CURVE('',#9444,#9443,#7622,.T.);
#6314=EDGE_CURVE('',#9985,#9987,#7623,.T.);
#6315=EDGE_CURVE('',#9445,#9986,#7624,.T.);
#6316=EDGE_CURVE('',#9440,#9438,#7625,.T.);
#6317=EDGE_CURVE('',#9442,#9440,#7626,.T.);
#6318=EDGE_CURVE('',#9445,#9442,#7627,.T.);
#6319=EDGE_CURVE('',#9985,#9445,#7628,.T.);
#6320=EDGE_CURVE('',#9444,#9985,#7629,.T.);
#6321=EDGE_CURVE('',#9438,#9444,#7630,.T.);
#6322=EDGE_CURVE('',#9439,#9437,#7631,.T.);
#6323=EDGE_CURVE('',#9441,#9439,#7632,.T.);
#6324=EDGE_CURVE('',#9986,#9441,#7633,.T.);
#6325=EDGE_CURVE('',#9987,#9986,#7634,.T.);
#6326=EDGE_CURVE('',#9443,#9987,#7635,.T.);
#6327=EDGE_CURVE('',#9437,#9443,#7636,.T.);
#6328=EDGE_CURVE('',#9435,#9434,#7637,.T.);
#6329=EDGE_CURVE('',#9988,#9990,#7638,.T.);
#6330=EDGE_CURVE('',#9436,#9989,#7639,.T.);
#6331=EDGE_CURVE('',#9431,#9429,#7640,.T.);
#6332=EDGE_CURVE('',#9433,#9431,#7641,.T.);
#6333=EDGE_CURVE('',#9436,#9433,#7642,.T.);
#6334=EDGE_CURVE('',#9988,#9436,#7643,.T.);
#6335=EDGE_CURVE('',#9435,#9988,#7644,.T.);
#6336=EDGE_CURVE('',#9429,#9435,#7645,.T.);
#6337=EDGE_CURVE('',#9430,#9428,#7646,.T.);
#6338=EDGE_CURVE('',#9432,#9430,#7647,.T.);
#6339=EDGE_CURVE('',#9989,#9432,#7648,.T.);
#6340=EDGE_CURVE('',#9990,#9989,#7649,.T.);
#6341=EDGE_CURVE('',#9434,#9990,#7650,.T.);
#6342=EDGE_CURVE('',#9428,#9434,#7651,.T.);
#6343=EDGE_CURVE('',#9426,#9425,#7652,.T.);
#6344=EDGE_CURVE('',#9991,#9993,#7653,.T.);
#6345=EDGE_CURVE('',#9427,#9992,#7654,.T.);
#6346=EDGE_CURVE('',#9422,#9420,#7655,.T.);
#6347=EDGE_CURVE('',#9424,#9422,#7656,.T.);
#6348=EDGE_CURVE('',#9427,#9424,#7657,.T.);
#6349=EDGE_CURVE('',#9991,#9427,#7658,.T.);
#6350=EDGE_CURVE('',#9426,#9991,#7659,.T.);
#6351=EDGE_CURVE('',#9420,#9426,#7660,.T.);
#6352=EDGE_CURVE('',#9421,#9419,#7661,.T.);
#6353=EDGE_CURVE('',#9423,#9421,#7662,.T.);
#6354=EDGE_CURVE('',#9992,#9423,#7663,.T.);
#6355=EDGE_CURVE('',#9993,#9992,#7664,.T.);
#6356=EDGE_CURVE('',#9425,#9993,#7665,.T.);
#6357=EDGE_CURVE('',#9419,#9425,#7666,.T.);
#6358=EDGE_CURVE('',#9417,#9416,#7667,.T.);
#6359=EDGE_CURVE('',#9994,#9996,#7668,.T.);
#6360=EDGE_CURVE('',#9418,#9995,#7669,.T.);
#6361=EDGE_CURVE('',#9413,#9411,#7670,.T.);
#6362=EDGE_CURVE('',#9415,#9413,#7671,.T.);
#6363=EDGE_CURVE('',#9418,#9415,#7672,.T.);
#6364=EDGE_CURVE('',#9994,#9418,#7673,.T.);
#6365=EDGE_CURVE('',#9417,#9994,#7674,.T.);
#6366=EDGE_CURVE('',#9411,#9417,#7675,.T.);
#6367=EDGE_CURVE('',#9412,#9410,#7676,.T.);
#6368=EDGE_CURVE('',#9414,#9412,#7677,.T.);
#6369=EDGE_CURVE('',#9995,#9414,#7678,.T.);
#6370=EDGE_CURVE('',#9996,#9995,#7679,.T.);
#6371=EDGE_CURVE('',#9416,#9996,#7680,.T.);
#6372=EDGE_CURVE('',#9410,#9416,#7681,.T.);
#6373=EDGE_CURVE('',#9408,#9407,#7682,.T.);
#6374=EDGE_CURVE('',#9997,#9999,#7683,.T.);
#6375=EDGE_CURVE('',#9409,#9998,#7684,.T.);
#6376=EDGE_CURVE('',#9404,#9402,#7685,.T.);
#6377=EDGE_CURVE('',#9406,#9404,#7686,.T.);
#6378=EDGE_CURVE('',#9409,#9406,#7687,.T.);
#6379=EDGE_CURVE('',#9997,#9409,#7688,.T.);
#6380=EDGE_CURVE('',#9408,#9997,#7689,.T.);
#6381=EDGE_CURVE('',#9402,#9408,#7690,.T.);
#6382=EDGE_CURVE('',#9403,#9401,#7691,.T.);
#6383=EDGE_CURVE('',#9405,#9403,#7692,.T.);
#6384=EDGE_CURVE('',#9998,#9405,#7693,.T.);
#6385=EDGE_CURVE('',#9999,#9998,#7694,.T.);
#6386=EDGE_CURVE('',#9407,#9999,#7695,.T.);
#6387=EDGE_CURVE('',#9401,#9407,#7696,.T.);
#6388=EDGE_CURVE('',#9399,#9398,#7697,.T.);
#6389=EDGE_CURVE('',#10000,#10002,#7698,.T.);
#6390=EDGE_CURVE('',#9400,#10001,#7699,.T.);
#6391=EDGE_CURVE('',#9395,#9393,#7700,.T.);
#6392=EDGE_CURVE('',#9397,#9395,#7701,.T.);
#6393=EDGE_CURVE('',#9400,#9397,#7702,.T.);
#6394=EDGE_CURVE('',#10000,#9400,#7703,.T.);
#6395=EDGE_CURVE('',#9399,#10000,#7704,.T.);
#6396=EDGE_CURVE('',#9393,#9399,#7705,.T.);
#6397=EDGE_CURVE('',#9394,#9392,#7706,.T.);
#6398=EDGE_CURVE('',#9396,#9394,#7707,.T.);
#6399=EDGE_CURVE('',#10001,#9396,#7708,.T.);
#6400=EDGE_CURVE('',#10002,#10001,#7709,.T.);
#6401=EDGE_CURVE('',#9398,#10002,#7710,.T.);
#6402=EDGE_CURVE('',#9392,#9398,#7711,.T.);
#6403=EDGE_CURVE('',#9390,#9389,#7712,.T.);
#6404=EDGE_CURVE('',#10003,#10005,#7713,.T.);
#6405=EDGE_CURVE('',#9391,#10004,#7714,.T.);
#6406=EDGE_CURVE('',#9386,#9384,#7715,.T.);
#6407=EDGE_CURVE('',#9388,#9386,#7716,.T.);
#6408=EDGE_CURVE('',#9391,#9388,#7717,.T.);
#6409=EDGE_CURVE('',#10003,#9391,#7718,.T.);
#6410=EDGE_CURVE('',#9390,#10003,#7719,.T.);
#6411=EDGE_CURVE('',#9384,#9390,#7720,.T.);
#6412=EDGE_CURVE('',#9385,#9383,#7721,.T.);
#6413=EDGE_CURVE('',#9387,#9385,#7722,.T.);
#6414=EDGE_CURVE('',#10004,#9387,#7723,.T.);
#6415=EDGE_CURVE('',#10005,#10004,#7724,.T.);
#6416=EDGE_CURVE('',#9389,#10005,#7725,.T.);
#6417=EDGE_CURVE('',#9383,#9389,#7726,.T.);
#6418=EDGE_CURVE('',#9381,#9380,#7727,.T.);
#6419=EDGE_CURVE('',#10006,#10008,#7728,.T.);
#6420=EDGE_CURVE('',#9382,#10007,#7729,.T.);
#6421=EDGE_CURVE('',#9377,#9375,#7730,.T.);
#6422=EDGE_CURVE('',#9379,#9377,#7731,.T.);
#6423=EDGE_CURVE('',#9382,#9379,#7732,.T.);
#6424=EDGE_CURVE('',#10006,#9382,#7733,.T.);
#6425=EDGE_CURVE('',#9381,#10006,#7734,.T.);
#6426=EDGE_CURVE('',#9375,#9381,#7735,.T.);
#6427=EDGE_CURVE('',#9376,#9374,#7736,.T.);
#6428=EDGE_CURVE('',#9378,#9376,#7737,.T.);
#6429=EDGE_CURVE('',#10007,#9378,#7738,.T.);
#6430=EDGE_CURVE('',#10008,#10007,#7739,.T.);
#6431=EDGE_CURVE('',#9380,#10008,#7740,.T.);
#6432=EDGE_CURVE('',#9374,#9380,#7741,.T.);
#6433=EDGE_CURVE('',#9372,#9371,#7742,.T.);
#6434=EDGE_CURVE('',#10009,#10011,#7743,.T.);
#6435=EDGE_CURVE('',#9373,#10010,#7744,.T.);
#6436=EDGE_CURVE('',#9368,#9366,#7745,.T.);
#6437=EDGE_CURVE('',#9370,#9368,#7746,.T.);
#6438=EDGE_CURVE('',#9373,#9370,#7747,.T.);
#6439=EDGE_CURVE('',#10009,#9373,#7748,.T.);
#6440=EDGE_CURVE('',#9372,#10009,#7749,.T.);
#6441=EDGE_CURVE('',#9366,#9372,#7750,.T.);
#6442=EDGE_CURVE('',#9367,#9365,#7751,.T.);
#6443=EDGE_CURVE('',#9369,#9367,#7752,.T.);
#6444=EDGE_CURVE('',#10010,#9369,#7753,.T.);
#6445=EDGE_CURVE('',#10011,#10010,#7754,.T.);
#6446=EDGE_CURVE('',#9371,#10011,#7755,.T.);
#6447=EDGE_CURVE('',#9365,#9371,#7756,.T.);
#6448=EDGE_CURVE('',#9363,#9362,#7757,.T.);
#6449=EDGE_CURVE('',#10012,#10014,#7758,.T.);
#6450=EDGE_CURVE('',#9364,#10013,#7759,.T.);
#6451=EDGE_CURVE('',#9359,#9357,#7760,.T.);
#6452=EDGE_CURVE('',#9361,#9359,#7761,.T.);
#6453=EDGE_CURVE('',#9364,#9361,#7762,.T.);
#6454=EDGE_CURVE('',#10012,#9364,#7763,.T.);
#6455=EDGE_CURVE('',#9363,#10012,#7764,.T.);
#6456=EDGE_CURVE('',#9357,#9363,#7765,.T.);
#6457=EDGE_CURVE('',#9358,#9356,#7766,.T.);
#6458=EDGE_CURVE('',#9360,#9358,#7767,.T.);
#6459=EDGE_CURVE('',#10013,#9360,#7768,.T.);
#6460=EDGE_CURVE('',#10014,#10013,#7769,.T.);
#6461=EDGE_CURVE('',#9362,#10014,#7770,.T.);
#6462=EDGE_CURVE('',#9356,#9362,#7771,.T.);
#6463=EDGE_CURVE('',#9354,#9353,#7772,.T.);
#6464=EDGE_CURVE('',#10015,#10017,#7773,.T.);
#6465=EDGE_CURVE('',#9355,#10016,#7774,.T.);
#6466=EDGE_CURVE('',#9350,#9348,#7775,.T.);
#6467=EDGE_CURVE('',#9352,#9350,#7776,.T.);
#6468=EDGE_CURVE('',#9355,#9352,#7777,.T.);
#6469=EDGE_CURVE('',#10015,#9355,#7778,.T.);
#6470=EDGE_CURVE('',#9354,#10015,#7779,.T.);
#6471=EDGE_CURVE('',#9348,#9354,#7780,.T.);
#6472=EDGE_CURVE('',#9349,#9347,#7781,.T.);
#6473=EDGE_CURVE('',#9351,#9349,#7782,.T.);
#6474=EDGE_CURVE('',#10016,#9351,#7783,.T.);
#6475=EDGE_CURVE('',#10017,#10016,#7784,.T.);
#6476=EDGE_CURVE('',#9353,#10017,#7785,.T.);
#6477=EDGE_CURVE('',#9347,#9353,#7786,.T.);
#6478=EDGE_CURVE('',#9345,#9344,#7787,.T.);
#6479=EDGE_CURVE('',#10018,#10020,#7788,.T.);
#6480=EDGE_CURVE('',#9346,#10019,#7789,.T.);
#6481=EDGE_CURVE('',#9341,#9339,#7790,.T.);
#6482=EDGE_CURVE('',#9343,#9341,#7791,.T.);
#6483=EDGE_CURVE('',#9346,#9343,#7792,.T.);
#6484=EDGE_CURVE('',#10018,#9346,#7793,.T.);
#6485=EDGE_CURVE('',#9345,#10018,#7794,.T.);
#6486=EDGE_CURVE('',#9339,#9345,#7795,.T.);
#6487=EDGE_CURVE('',#9340,#9338,#7796,.T.);
#6488=EDGE_CURVE('',#9342,#9340,#7797,.T.);
#6489=EDGE_CURVE('',#10019,#9342,#7798,.T.);
#6490=EDGE_CURVE('',#10020,#10019,#7799,.T.);
#6491=EDGE_CURVE('',#9344,#10020,#7800,.T.);
#6492=EDGE_CURVE('',#9338,#9344,#7801,.T.);
#6493=EDGE_CURVE('',#9336,#9335,#7802,.T.);
#6494=EDGE_CURVE('',#10021,#10023,#7803,.T.);
#6495=EDGE_CURVE('',#9337,#10022,#7804,.T.);
#6496=EDGE_CURVE('',#9332,#9330,#7805,.T.);
#6497=EDGE_CURVE('',#9334,#9332,#7806,.T.);
#6498=EDGE_CURVE('',#9337,#9334,#7807,.T.);
#6499=EDGE_CURVE('',#10021,#9337,#7808,.T.);
#6500=EDGE_CURVE('',#9336,#10021,#7809,.T.);
#6501=EDGE_CURVE('',#9330,#9336,#7810,.T.);
#6502=EDGE_CURVE('',#9331,#9329,#7811,.T.);
#6503=EDGE_CURVE('',#9333,#9331,#7812,.T.);
#6504=EDGE_CURVE('',#10022,#9333,#7813,.T.);
#6505=EDGE_CURVE('',#10023,#10022,#7814,.T.);
#6506=EDGE_CURVE('',#9335,#10023,#7815,.T.);
#6507=EDGE_CURVE('',#9329,#9335,#7816,.T.);
#6508=EDGE_CURVE('',#9327,#9326,#7817,.T.);
#6509=EDGE_CURVE('',#10024,#10026,#7818,.T.);
#6510=EDGE_CURVE('',#9328,#10025,#7819,.T.);
#6511=EDGE_CURVE('',#9323,#9321,#7820,.T.);
#6512=EDGE_CURVE('',#9325,#9323,#7821,.T.);
#6513=EDGE_CURVE('',#9328,#9325,#7822,.T.);
#6514=EDGE_CURVE('',#10024,#9328,#7823,.T.);
#6515=EDGE_CURVE('',#9327,#10024,#7824,.T.);
#6516=EDGE_CURVE('',#9321,#9327,#7825,.T.);
#6517=EDGE_CURVE('',#9322,#9320,#7826,.T.);
#6518=EDGE_CURVE('',#9324,#9322,#7827,.T.);
#6519=EDGE_CURVE('',#10025,#9324,#7828,.T.);
#6520=EDGE_CURVE('',#10026,#10025,#7829,.T.);
#6521=EDGE_CURVE('',#9326,#10026,#7830,.T.);
#6522=EDGE_CURVE('',#9320,#9326,#7831,.T.);
#6523=EDGE_CURVE('',#9318,#9317,#7832,.T.);
#6524=EDGE_CURVE('',#10027,#10029,#7833,.T.);
#6525=EDGE_CURVE('',#9319,#10028,#7834,.T.);
#6526=EDGE_CURVE('',#9314,#9312,#7835,.T.);
#6527=EDGE_CURVE('',#9316,#9314,#7836,.T.);
#6528=EDGE_CURVE('',#9319,#9316,#7837,.T.);
#6529=EDGE_CURVE('',#10027,#9319,#7838,.T.);
#6530=EDGE_CURVE('',#9318,#10027,#7839,.T.);
#6531=EDGE_CURVE('',#9312,#9318,#7840,.T.);
#6532=EDGE_CURVE('',#9313,#9311,#7841,.T.);
#6533=EDGE_CURVE('',#9315,#9313,#7842,.T.);
#6534=EDGE_CURVE('',#10028,#9315,#7843,.T.);
#6535=EDGE_CURVE('',#10029,#10028,#7844,.T.);
#6536=EDGE_CURVE('',#9317,#10029,#7845,.T.);
#6537=EDGE_CURVE('',#9311,#9317,#7846,.T.);
#6538=EDGE_CURVE('',#9309,#9308,#7847,.T.);
#6539=EDGE_CURVE('',#10030,#10032,#7848,.T.);
#6540=EDGE_CURVE('',#9310,#10031,#7849,.T.);
#6541=EDGE_CURVE('',#9305,#9303,#7850,.T.);
#6542=EDGE_CURVE('',#9307,#9305,#7851,.T.);
#6543=EDGE_CURVE('',#9310,#9307,#7852,.T.);
#6544=EDGE_CURVE('',#10030,#9310,#7853,.T.);
#6545=EDGE_CURVE('',#9309,#10030,#7854,.T.);
#6546=EDGE_CURVE('',#9303,#9309,#7855,.T.);
#6547=EDGE_CURVE('',#9304,#9302,#7856,.T.);
#6548=EDGE_CURVE('',#9306,#9304,#7857,.T.);
#6549=EDGE_CURVE('',#10031,#9306,#7858,.T.);
#6550=EDGE_CURVE('',#10032,#10031,#7859,.T.);
#6551=EDGE_CURVE('',#9308,#10032,#7860,.T.);
#6552=EDGE_CURVE('',#9302,#9308,#7861,.T.);
#6553=EDGE_CURVE('',#9300,#9299,#7862,.T.);
#6554=EDGE_CURVE('',#10033,#10035,#7863,.T.);
#6555=EDGE_CURVE('',#9301,#10034,#7864,.T.);
#6556=EDGE_CURVE('',#9296,#9294,#7865,.T.);
#6557=EDGE_CURVE('',#9298,#9296,#7866,.T.);
#6558=EDGE_CURVE('',#9301,#9298,#7867,.T.);
#6559=EDGE_CURVE('',#10033,#9301,#7868,.T.);
#6560=EDGE_CURVE('',#9300,#10033,#7869,.T.);
#6561=EDGE_CURVE('',#9294,#9300,#7870,.T.);
#6562=EDGE_CURVE('',#9295,#9293,#7871,.T.);
#6563=EDGE_CURVE('',#9297,#9295,#7872,.T.);
#6564=EDGE_CURVE('',#10034,#9297,#7873,.T.);
#6565=EDGE_CURVE('',#10035,#10034,#7874,.T.);
#6566=EDGE_CURVE('',#9299,#10035,#7875,.T.);
#6567=EDGE_CURVE('',#9293,#9299,#7876,.T.);
#6568=EDGE_CURVE('',#9291,#9290,#7877,.T.);
#6569=EDGE_CURVE('',#10036,#10038,#7878,.T.);
#6570=EDGE_CURVE('',#9292,#10037,#7879,.T.);
#6571=EDGE_CURVE('',#9287,#9285,#7880,.T.);
#6572=EDGE_CURVE('',#9289,#9287,#7881,.T.);
#6573=EDGE_CURVE('',#9292,#9289,#7882,.T.);
#6574=EDGE_CURVE('',#10036,#9292,#7883,.T.);
#6575=EDGE_CURVE('',#9291,#10036,#7884,.T.);
#6576=EDGE_CURVE('',#9285,#9291,#7885,.T.);
#6577=EDGE_CURVE('',#9286,#9284,#7886,.T.);
#6578=EDGE_CURVE('',#9288,#9286,#7887,.T.);
#6579=EDGE_CURVE('',#10037,#9288,#7888,.T.);
#6580=EDGE_CURVE('',#10038,#10037,#7889,.T.);
#6581=EDGE_CURVE('',#9290,#10038,#7890,.T.);
#6582=EDGE_CURVE('',#9284,#9290,#7891,.T.);
#6583=EDGE_CURVE('',#9282,#9281,#7892,.T.);
#6584=EDGE_CURVE('',#10039,#10041,#7893,.T.);
#6585=EDGE_CURVE('',#9283,#10040,#7894,.T.);
#6586=EDGE_CURVE('',#9278,#9276,#7895,.T.);
#6587=EDGE_CURVE('',#9280,#9278,#7896,.T.);
#6588=EDGE_CURVE('',#9283,#9280,#7897,.T.);
#6589=EDGE_CURVE('',#10039,#9283,#7898,.T.);
#6590=EDGE_CURVE('',#9282,#10039,#7899,.T.);
#6591=EDGE_CURVE('',#9276,#9282,#7900,.T.);
#6592=EDGE_CURVE('',#9277,#9275,#7901,.T.);
#6593=EDGE_CURVE('',#9279,#9277,#7902,.T.);
#6594=EDGE_CURVE('',#10040,#9279,#7903,.T.);
#6595=EDGE_CURVE('',#10041,#10040,#7904,.T.);
#6596=EDGE_CURVE('',#9281,#10041,#7905,.T.);
#6597=EDGE_CURVE('',#9275,#9281,#7906,.T.);
#6598=EDGE_CURVE('',#9273,#9272,#7907,.T.);
#6599=EDGE_CURVE('',#10042,#10044,#7908,.T.);
#6600=EDGE_CURVE('',#9274,#10043,#7909,.T.);
#6601=EDGE_CURVE('',#9269,#9267,#7910,.T.);
#6602=EDGE_CURVE('',#9271,#9269,#7911,.T.);
#6603=EDGE_CURVE('',#9274,#9271,#7912,.T.);
#6604=EDGE_CURVE('',#10042,#9274,#7913,.T.);
#6605=EDGE_CURVE('',#9273,#10042,#7914,.T.);
#6606=EDGE_CURVE('',#9267,#9273,#7915,.T.);
#6607=EDGE_CURVE('',#9268,#9266,#7916,.T.);
#6608=EDGE_CURVE('',#9270,#9268,#7917,.T.);
#6609=EDGE_CURVE('',#10043,#9270,#7918,.T.);
#6610=EDGE_CURVE('',#10044,#10043,#7919,.T.);
#6611=EDGE_CURVE('',#9272,#10044,#7920,.T.);
#6612=EDGE_CURVE('',#9266,#9272,#7921,.T.);
#6613=EDGE_CURVE('',#9264,#9263,#7922,.T.);
#6614=EDGE_CURVE('',#10045,#10047,#7923,.T.);
#6615=EDGE_CURVE('',#9265,#10046,#7924,.T.);
#6616=EDGE_CURVE('',#9260,#9258,#7925,.T.);
#6617=EDGE_CURVE('',#9262,#9260,#7926,.T.);
#6618=EDGE_CURVE('',#9265,#9262,#7927,.T.);
#6619=EDGE_CURVE('',#10045,#9265,#7928,.T.);
#6620=EDGE_CURVE('',#9264,#10045,#7929,.T.);
#6621=EDGE_CURVE('',#9258,#9264,#7930,.T.);
#6622=EDGE_CURVE('',#9259,#9257,#7931,.T.);
#6623=EDGE_CURVE('',#9261,#9259,#7932,.T.);
#6624=EDGE_CURVE('',#10046,#9261,#7933,.T.);
#6625=EDGE_CURVE('',#10047,#10046,#7934,.T.);
#6626=EDGE_CURVE('',#9263,#10047,#7935,.T.);
#6627=EDGE_CURVE('',#9257,#9263,#7936,.T.);
#6628=EDGE_CURVE('',#10053,#10056,#7937,.T.);
#6629=EDGE_CURVE('',#10052,#10055,#7938,.T.);
#6630=EDGE_CURVE('',#10051,#10054,#7939,.T.);
#6631=EDGE_CURVE('',#10049,#10048,#7940,.T.);
#6632=EDGE_CURVE('',#10050,#10049,#7941,.T.);
#6633=EDGE_CURVE('',#10051,#10050,#7942,.T.);
#6634=EDGE_CURVE('',#10052,#10051,#7943,.T.);
#6635=EDGE_CURVE('',#10053,#10052,#7944,.T.);
#6636=EDGE_CURVE('',#10048,#10053,#7945,.T.);
#6637=EDGE_CURVE('',#10055,#10054,#7946,.T.);
#6638=EDGE_CURVE('',#10056,#10055,#7947,.T.);
#6639=LINE('',#13789,#7948);
#6640=LINE('',#13790,#7949);
#6641=LINE('',#13791,#7950);
#6642=LINE('',#13792,#7951);
#6643=LINE('',#13793,#7952);
#6644=LINE('',#13794,#7953);
#6645=LINE('',#13795,#7954);
#6646=LINE('',#13796,#7955);
#6647=LINE('',#13797,#7956);
#6648=LINE('',#13798,#7957);
#6649=LINE('',#13799,#7958);
#6650=LINE('',#13800,#7959);
#6651=LINE('',#13801,#7960);
#6652=LINE('',#13802,#7961);
#6653=LINE('',#13803,#7962);
#6654=LINE('',#13804,#7963);
#6655=LINE('',#13805,#7964);
#6656=LINE('',#13806,#7965);
#6657=LINE('',#13807,#7966);
#6658=LINE('',#13808,#7967);
#6659=LINE('',#13809,#7968);
#6660=LINE('',#13810,#7969);
#6661=LINE('',#13811,#7970);
#6662=LINE('',#13812,#7971);
#6663=LINE('',#13813,#7972);
#6664=LINE('',#13814,#7973);
#6665=LINE('',#13815,#7974);
#6666=LINE('',#13816,#7975);
#6667=LINE('',#13817,#7976);
#6668=LINE('',#13818,#7977);
#6669=LINE('',#13819,#7978);
#6670=LINE('',#13820,#7979);
#6671=LINE('',#13821,#7980);
#6672=LINE('',#13822,#7981);
#6673=LINE('',#13823,#7982);
#6674=LINE('',#13824,#7983);
#6675=LINE('',#13825,#7984);
#6676=LINE('',#13826,#7985);
#6677=LINE('',#13827,#7986);
#6678=LINE('',#13828,#7987);
#6679=LINE('',#13829,#7988);
#6680=LINE('',#13830,#7989);
#6681=LINE('',#13831,#7990);
#6682=LINE('',#13832,#7991);
#6683=LINE('',#13833,#7992);
#6684=LINE('',#13834,#7993);
#6685=LINE('',#13835,#7994);
#6686=LINE('',#13836,#7995);
#6687=LINE('',#13837,#7996);
#6688=LINE('',#13838,#7997);
#6689=LINE('',#13839,#7998);
#6690=LINE('',#13840,#7999);
#6691=LINE('',#13841,#8000);
#6692=LINE('',#13842,#8001);
#6693=LINE('',#13843,#8002);
#6694=LINE('',#13844,#8003);
#6695=LINE('',#13845,#8004);
#6696=LINE('',#13846,#8005);
#6697=LINE('',#13847,#8006);
#6698=LINE('',#13848,#8007);
#6699=LINE('',#13849,#8008);
#6700=LINE('',#13850,#8009);
#6701=LINE('',#13851,#8010);
#6702=LINE('',#13852,#8011);
#6703=LINE('',#13853,#8012);
#6704=LINE('',#13854,#8013);
#6705=LINE('',#13855,#8014);
#6706=LINE('',#13856,#8015);
#6707=LINE('',#13857,#8016);
#6708=LINE('',#13858,#8017);
#6709=LINE('',#13859,#8018);
#6710=LINE('',#13860,#8019);
#6711=LINE('',#13861,#8020);
#6712=LINE('',#13862,#8021);
#6713=LINE('',#13863,#8022);
#6714=LINE('',#13864,#8023);
#6715=LINE('',#13865,#8024);
#6716=LINE('',#13866,#8025);
#6717=LINE('',#13867,#8026);
#6718=LINE('',#13868,#8027);
#6719=LINE('',#13869,#8028);
#6720=LINE('',#13870,#8029);
#6721=LINE('',#13871,#8030);
#6722=LINE('',#13872,#8031);
#6723=LINE('',#13873,#8032);
#6724=LINE('',#13874,#8033);
#6725=LINE('',#13875,#8034);
#6726=LINE('',#13876,#8035);
#6727=LINE('',#13877,#8036);
#6728=LINE('',#13878,#8037);
#6729=LINE('',#13879,#8038);
#6730=LINE('',#13880,#8039);
#6731=LINE('',#13881,#8040);
#6732=LINE('',#13882,#8041);
#6733=LINE('',#13883,#8042);
#6734=LINE('',#13884,#8043);
#6735=LINE('',#13885,#8044);
#6736=LINE('',#13886,#8045);
#6737=LINE('',#13887,#8046);
#6738=LINE('',#13888,#8047);
#6739=LINE('',#13889,#8048);
#6740=LINE('',#13890,#8049);
#6741=LINE('',#13891,#8050);
#6742=LINE('',#13892,#8051);
#6743=LINE('',#13893,#8052);
#6744=LINE('',#13894,#8053);
#6745=LINE('',#13895,#8054);
#6746=LINE('',#13896,#8055);
#6747=LINE('',#13897,#8056);
#6748=LINE('',#13898,#8057);
#6749=LINE('',#13899,#8058);
#6750=LINE('',#13900,#8059);
#6751=LINE('',#13901,#8060);
#6752=LINE('',#13902,#8061);
#6753=LINE('',#13903,#8062);
#6754=LINE('',#13904,#8063);
#6755=LINE('',#13905,#8064);
#6756=LINE('',#13906,#8065);
#6757=LINE('',#13907,#8066);
#6758=LINE('',#13908,#8067);
#6759=LINE('',#13909,#8068);
#6760=LINE('',#13910,#8069);
#6761=LINE('',#13911,#8070);
#6762=LINE('',#13912,#8071);
#6763=LINE('',#13913,#8072);
#6764=LINE('',#13914,#8073);
#6765=LINE('',#13915,#8074);
#6766=LINE('',#13916,#8075);
#6767=LINE('',#13917,#8076);
#6768=LINE('',#13918,#8077);
#6769=LINE('',#13919,#8078);
#6770=LINE('',#13920,#8079);
#6771=LINE('',#13921,#8080);
#6772=LINE('',#13922,#8081);
#6773=LINE('',#13923,#8082);
#6774=LINE('',#13924,#8083);
#6775=LINE('',#13925,#8084);
#6776=LINE('',#13926,#8085);
#6777=LINE('',#13927,#8086);
#6778=LINE('',#13928,#8087);
#6779=LINE('',#13929,#8088);
#6780=LINE('',#13930,#8089);
#6781=LINE('',#13931,#8090);
#6782=LINE('',#13932,#8091);
#6783=LINE('',#13933,#8092);
#6784=LINE('',#13934,#8093);
#6785=LINE('',#13935,#8094);
#6786=LINE('',#13936,#8095);
#6787=LINE('',#13937,#8096);
#6788=LINE('',#13938,#8097);
#6789=LINE('',#13939,#8098);
#6790=LINE('',#13940,#8099);
#6791=LINE('',#13941,#8100);
#6792=LINE('',#13942,#8101);
#6793=LINE('',#13943,#8102);
#6794=LINE('',#13944,#8103);
#6795=LINE('',#13945,#8104);
#6796=LINE('',#13946,#8105);
#6797=LINE('',#13947,#8106);
#6798=LINE('',#13948,#8107);
#6799=LINE('',#13949,#8108);
#6800=LINE('',#13950,#8109);
#6801=LINE('',#13951,#8110);
#6802=LINE('',#13952,#8111);
#6803=LINE('',#13953,#8112);
#6804=LINE('',#13954,#8113);
#6805=LINE('',#13955,#8114);
#6806=LINE('',#13956,#8115);
#6807=LINE('',#13957,#8116);
#6808=LINE('',#13958,#8117);
#6809=LINE('',#13959,#8118);
#6810=LINE('',#13960,#8119);
#6811=LINE('',#13961,#8120);
#6812=LINE('',#13962,#8121);
#6813=LINE('',#13963,#8122);
#6814=LINE('',#13964,#8123);
#6815=LINE('',#13965,#8124);
#6816=LINE('',#13966,#8125);
#6817=LINE('',#13967,#8126);
#6818=LINE('',#13968,#8127);
#6819=LINE('',#13969,#8128);
#6820=LINE('',#13970,#8129);
#6821=LINE('',#13971,#8130);
#6822=LINE('',#13972,#8131);
#6823=LINE('',#13973,#8132);
#6824=LINE('',#13974,#8133);
#6825=LINE('',#13975,#8134);
#6826=LINE('',#13976,#8135);
#6827=LINE('',#13977,#8136);
#6828=LINE('',#13978,#8137);
#6829=LINE('',#13979,#8138);
#6830=LINE('',#13980,#8139);
#6831=LINE('',#13981,#8140);
#6832=LINE('',#13982,#8141);
#6833=LINE('',#13983,#8142);
#6834=LINE('',#13984,#8143);
#6835=LINE('',#13985,#8144);
#6836=LINE('',#13986,#8145);
#6837=LINE('',#13987,#8146);
#6838=LINE('',#13988,#8147);
#6839=LINE('',#13989,#8148);
#6840=LINE('',#13990,#8149);
#6841=LINE('',#13991,#8150);
#6842=LINE('',#13992,#8151);
#6843=LINE('',#13993,#8152);
#6844=LINE('',#13994,#8153);
#6845=LINE('',#13995,#8154);
#6846=LINE('',#13996,#8155);
#6847=LINE('',#13997,#8156);
#6848=LINE('',#13998,#8157);
#6849=LINE('',#13999,#8158);
#6850=LINE('',#14000,#8159);
#6851=LINE('',#14001,#8160);
#6852=LINE('',#14002,#8161);
#6853=LINE('',#14003,#8162);
#6854=LINE('',#14004,#8163);
#6855=LINE('',#14005,#8164);
#6856=LINE('',#14006,#8165);
#6857=LINE('',#14007,#8166);
#6858=LINE('',#14008,#8167);
#6859=LINE('',#14009,#8168);
#6860=LINE('',#14010,#8169);
#6861=LINE('',#14011,#8170);
#6862=LINE('',#14012,#8171);
#6863=LINE('',#14013,#8172);
#6864=LINE('',#14014,#8173);
#6865=LINE('',#14015,#8174);
#6866=LINE('',#14016,#8175);
#6867=LINE('',#14017,#8176);
#6868=LINE('',#14018,#8177);
#6869=LINE('',#14019,#8178);
#6870=LINE('',#14020,#8179);
#6871=LINE('',#14021,#8180);
#6872=LINE('',#14022,#8181);
#6873=LINE('',#14023,#8182);
#6874=LINE('',#14024,#8183);
#6875=LINE('',#14025,#8184);
#6876=LINE('',#14026,#8185);
#6877=LINE('',#14027,#8186);
#6878=LINE('',#14028,#8187);
#6879=LINE('',#14029,#8188);
#6880=LINE('',#14030,#8189);
#6881=LINE('',#14031,#8190);
#6882=LINE('',#14032,#8191);
#6883=LINE('',#14033,#8192);
#6884=LINE('',#14034,#8193);
#6885=LINE('',#14035,#8194);
#6886=LINE('',#14036,#8195);
#6887=LINE('',#14037,#8196);
#6888=LINE('',#14038,#8197);
#6889=LINE('',#14039,#8198);
#6890=LINE('',#14040,#8199);
#6891=LINE('',#14041,#8200);
#6892=LINE('',#14042,#8201);
#6893=LINE('',#14043,#8202);
#6894=LINE('',#14044,#8203);
#6895=LINE('',#14045,#8204);
#6896=LINE('',#14046,#8205);
#6897=LINE('',#14047,#8206);
#6898=LINE('',#14048,#8207);
#6899=LINE('',#14049,#8208);
#6900=LINE('',#14050,#8209);
#6901=LINE('',#14051,#8210);
#6902=LINE('',#14052,#8211);
#6903=LINE('',#14053,#8212);
#6904=LINE('',#14054,#8213);
#6905=LINE('',#14055,#8214);
#6906=LINE('',#14056,#8215);
#6907=LINE('',#14057,#8216);
#6908=LINE('',#14058,#8217);
#6909=LINE('',#14059,#8218);
#6910=LINE('',#14060,#8219);
#6911=LINE('',#14061,#8220);
#6912=LINE('',#14062,#8221);
#6913=LINE('',#14063,#8222);
#6914=LINE('',#14064,#8223);
#6915=LINE('',#14065,#8224);
#6916=LINE('',#14066,#8225);
#6917=LINE('',#14067,#8226);
#6918=LINE('',#14068,#8227);
#6919=LINE('',#14069,#8228);
#6920=LINE('',#14070,#8229);
#6921=LINE('',#14071,#8230);
#6922=LINE('',#14072,#8231);
#6923=LINE('',#14073,#8232);
#6924=LINE('',#14074,#8233);
#6925=LINE('',#14075,#8234);
#6926=LINE('',#14076,#8235);
#6927=LINE('',#14077,#8236);
#6928=LINE('',#14078,#8237);
#6929=LINE('',#14079,#8238);
#6930=LINE('',#14080,#8239);
#6931=LINE('',#14081,#8240);
#6932=LINE('',#14082,#8241);
#6933=LINE('',#14083,#8242);
#6934=LINE('',#14084,#8243);
#6935=LINE('',#14085,#8244);
#6936=LINE('',#14086,#8245);
#6937=LINE('',#14087,#8246);
#6938=LINE('',#14088,#8247);
#6939=LINE('',#14089,#8248);
#6940=LINE('',#14090,#8249);
#6941=LINE('',#14091,#8250);
#6942=LINE('',#14092,#8251);
#6943=LINE('',#14093,#8252);
#6944=LINE('',#14094,#8253);
#6945=LINE('',#14095,#8254);
#6946=LINE('',#14096,#8255);
#6947=LINE('',#14097,#8256);
#6948=LINE('',#14098,#8257);
#6949=LINE('',#14099,#8258);
#6950=LINE('',#14100,#8259);
#6951=LINE('',#14101,#8260);
#6952=LINE('',#14102,#8261);
#6953=LINE('',#14103,#8262);
#6954=LINE('',#14104,#8263);
#6955=LINE('',#14105,#8264);
#6956=LINE('',#14106,#8265);
#6957=LINE('',#14107,#8266);
#6958=LINE('',#14108,#8267);
#6959=LINE('',#14109,#8268);
#6960=LINE('',#14110,#8269);
#6961=LINE('',#14111,#8270);
#6962=LINE('',#14112,#8271);
#6963=LINE('',#14113,#8272);
#6964=LINE('',#14114,#8273);
#6965=LINE('',#14115,#8274);
#6966=LINE('',#14116,#8275);
#6967=LINE('',#14117,#8276);
#6968=LINE('',#14118,#8277);
#6969=LINE('',#14119,#8278);
#6970=LINE('',#14120,#8279);
#6971=LINE('',#14121,#8280);
#6972=LINE('',#14122,#8281);
#6973=LINE('',#14123,#8282);
#6974=LINE('',#14124,#8283);
#6975=LINE('',#14125,#8284);
#6976=LINE('',#14126,#8285);
#6977=LINE('',#14128,#8286);
#6978=LINE('',#14131,#8287);
#6979=LINE('',#14132,#8288);
#6980=LINE('',#14133,#8289);
#6981=LINE('',#14134,#8290);
#6982=LINE('',#14135,#8291);
#6983=LINE('',#14136,#8292);
#6984=LINE('',#14137,#8293);
#6985=LINE('',#14138,#8294);
#6986=LINE('',#14142,#8295);
#6987=LINE('',#14143,#8296);
#6988=LINE('',#14144,#8297);
#6989=LINE('',#14145,#8298);
#6990=LINE('',#14146,#8299);
#6991=LINE('',#14147,#8300);
#6992=LINE('',#14148,#8301);
#6993=LINE('',#14149,#8302);
#6994=LINE('',#14151,#8303);
#6995=LINE('',#14152,#8304);
#6996=LINE('',#14153,#8305);
#6997=LINE('',#14154,#8306);
#6998=LINE('',#14155,#8307);
#6999=LINE('',#14156,#8308);
#7000=LINE('',#14157,#8309);
#7001=LINE('',#14158,#8310);
#7002=LINE('',#14160,#8311);
#7003=LINE('',#14163,#8312);
#7004=LINE('',#14164,#8313);
#7005=LINE('',#14165,#8314);
#7006=LINE('',#14166,#8315);
#7007=LINE('',#14167,#8316);
#7008=LINE('',#14168,#8317);
#7009=LINE('',#14169,#8318);
#7010=LINE('',#14170,#8319);
#7011=LINE('',#14174,#8320);
#7012=LINE('',#14175,#8321);
#7013=LINE('',#14176,#8322);
#7014=LINE('',#14177,#8323);
#7015=LINE('',#14179,#8324);
#7016=LINE('',#14180,#8325);
#7017=LINE('',#14181,#8326);
#7018=LINE('',#14182,#8327);
#7019=LINE('',#14183,#8328);
#7020=LINE('',#14184,#8329);
#7021=LINE('',#14185,#8330);
#7022=LINE('',#14186,#8331);
#7023=LINE('',#14187,#8332);
#7024=LINE('',#14188,#8333);
#7025=LINE('',#14189,#8334);
#7026=LINE('',#14190,#8335);
#7027=LINE('',#14191,#8336);
#7028=LINE('',#14192,#8337);
#7029=LINE('',#14193,#8338);
#7030=LINE('',#14194,#8339);
#7031=LINE('',#14195,#8340);
#7032=LINE('',#14196,#8341);
#7033=LINE('',#14197,#8342);
#7034=LINE('',#14198,#8343);
#7035=LINE('',#14199,#8344);
#7036=LINE('',#14200,#8345);
#7037=LINE('',#14201,#8346);
#7038=LINE('',#14202,#8347);
#7039=LINE('',#14203,#8348);
#7040=LINE('',#14204,#8349);
#7041=LINE('',#14205,#8350);
#7042=LINE('',#14206,#8351);
#7043=LINE('',#14207,#8352);
#7044=LINE('',#14208,#8353);
#7045=LINE('',#14209,#8354);
#7046=LINE('',#14210,#8355);
#7047=LINE('',#14211,#8356);
#7048=LINE('',#14212,#8357);
#7049=LINE('',#14213,#8358);
#7050=LINE('',#14214,#8359);
#7051=LINE('',#14215,#8360);
#7052=LINE('',#14216,#8361);
#7053=LINE('',#14217,#8362);
#7054=LINE('',#14218,#8363);
#7055=LINE('',#14219,#8364);
#7056=LINE('',#14220,#8365);
#7057=LINE('',#14221,#8366);
#7058=LINE('',#14222,#8367);
#7059=LINE('',#14223,#8368);
#7060=LINE('',#14224,#8369);
#7061=LINE('',#14225,#8370);
#7062=LINE('',#14226,#8371);
#7063=LINE('',#14227,#8372);
#7064=LINE('',#14228,#8373);
#7065=LINE('',#14229,#8374);
#7066=LINE('',#14230,#8375);
#7067=LINE('',#14231,#8376);
#7068=LINE('',#14232,#8377);
#7069=LINE('',#14233,#8378);
#7070=LINE('',#14234,#8379);
#7071=LINE('',#14235,#8380);
#7072=LINE('',#14236,#8381);
#7073=LINE('',#14237,#8382);
#7074=LINE('',#14238,#8383);
#7075=LINE('',#14239,#8384);
#7076=LINE('',#14240,#8385);
#7077=LINE('',#14241,#8386);
#7078=LINE('',#14242,#8387);
#7079=LINE('',#14243,#8388);
#7080=LINE('',#14244,#8389);
#7081=LINE('',#14245,#8390);
#7082=LINE('',#14246,#8391);
#7083=LINE('',#14247,#8392);
#7084=LINE('',#14248,#8393);
#7085=LINE('',#14249,#8394);
#7086=LINE('',#14250,#8395);
#7087=LINE('',#14251,#8396);
#7088=LINE('',#14252,#8397);
#7089=LINE('',#14253,#8398);
#7090=LINE('',#14254,#8399);
#7091=LINE('',#14255,#8400);
#7092=LINE('',#14256,#8401);
#7093=LINE('',#14257,#8402);
#7094=LINE('',#14258,#8403);
#7095=LINE('',#14259,#8404);
#7096=LINE('',#14260,#8405);
#7097=LINE('',#14261,#8406);
#7098=LINE('',#14262,#8407);
#7099=LINE('',#14263,#8408);
#7100=LINE('',#14264,#8409);
#7101=LINE('',#14265,#8410);
#7102=LINE('',#14266,#8411);
#7103=LINE('',#14267,#8412);
#7104=LINE('',#14268,#8413);
#7105=LINE('',#14269,#8414);
#7106=LINE('',#14270,#8415);
#7107=LINE('',#14271,#8416);
#7108=LINE('',#14272,#8417);
#7109=LINE('',#14273,#8418);
#7110=LINE('',#14274,#8419);
#7111=LINE('',#14275,#8420);
#7112=LINE('',#14276,#8421);
#7113=LINE('',#14277,#8422);
#7114=LINE('',#14278,#8423);
#7115=LINE('',#14279,#8424);
#7116=LINE('',#14280,#8425);
#7117=LINE('',#14281,#8426);
#7118=LINE('',#14282,#8427);
#7119=LINE('',#14283,#8428);
#7120=LINE('',#14284,#8429);
#7121=LINE('',#14285,#8430);
#7122=LINE('',#14286,#8431);
#7123=LINE('',#14287,#8432);
#7124=LINE('',#14288,#8433);
#7125=LINE('',#14289,#8434);
#7126=LINE('',#14290,#8435);
#7127=LINE('',#14291,#8436);
#7128=LINE('',#14292,#8437);
#7129=LINE('',#14293,#8438);
#7130=LINE('',#14294,#8439);
#7131=LINE('',#14295,#8440);
#7132=LINE('',#14296,#8441);
#7133=LINE('',#14297,#8442);
#7134=LINE('',#14298,#8443);
#7135=LINE('',#14299,#8444);
#7136=LINE('',#14300,#8445);
#7137=LINE('',#14301,#8446);
#7138=LINE('',#14302,#8447);
#7139=LINE('',#14303,#8448);
#7140=LINE('',#14304,#8449);
#7141=LINE('',#14305,#8450);
#7142=LINE('',#14306,#8451);
#7143=LINE('',#14307,#8452);
#7144=LINE('',#14308,#8453);
#7145=LINE('',#14309,#8454);
#7146=LINE('',#14310,#8455);
#7147=LINE('',#14311,#8456);
#7148=LINE('',#14312,#8457);
#7149=LINE('',#14313,#8458);
#7150=LINE('',#14314,#8459);
#7151=LINE('',#14315,#8460);
#7152=LINE('',#14316,#8461);
#7153=LINE('',#14317,#8462);
#7154=LINE('',#14318,#8463);
#7155=LINE('',#14319,#8464);
#7156=LINE('',#14320,#8465);
#7157=LINE('',#14321,#8466);
#7158=LINE('',#14322,#8467);
#7159=LINE('',#14323,#8468);
#7160=LINE('',#14324,#8469);
#7161=LINE('',#14325,#8470);
#7162=LINE('',#14326,#8471);
#7163=LINE('',#14327,#8472);
#7164=LINE('',#14328,#8473);
#7165=LINE('',#14329,#8474);
#7166=LINE('',#14330,#8475);
#7167=LINE('',#14331,#8476);
#7168=LINE('',#14332,#8477);
#7169=LINE('',#14333,#8478);
#7170=LINE('',#14334,#8479);
#7171=LINE('',#14335,#8480);
#7172=LINE('',#14336,#8481);
#7173=LINE('',#14337,#8482);
#7174=LINE('',#14338,#8483);
#7175=LINE('',#14339,#8484);
#7176=LINE('',#14340,#8485);
#7177=LINE('',#14341,#8486);
#7178=LINE('',#14342,#8487);
#7179=LINE('',#14343,#8488);
#7180=LINE('',#14344,#8489);
#7181=LINE('',#14345,#8490);
#7182=LINE('',#14346,#8491);
#7183=LINE('',#14347,#8492);
#7184=LINE('',#14348,#8493);
#7185=LINE('',#14349,#8494);
#7186=LINE('',#14350,#8495);
#7187=LINE('',#14351,#8496);
#7188=LINE('',#14352,#8497);
#7189=LINE('',#14353,#8498);
#7190=LINE('',#14354,#8499);
#7191=LINE('',#14355,#8500);
#7192=LINE('',#14356,#8501);
#7193=LINE('',#14357,#8502);
#7194=LINE('',#14358,#8503);
#7195=LINE('',#14359,#8504);
#7196=LINE('',#14360,#8505);
#7197=LINE('',#14361,#8506);
#7198=LINE('',#14362,#8507);
#7199=LINE('',#14363,#8508);
#7200=LINE('',#14364,#8509);
#7201=LINE('',#14365,#8510);
#7202=LINE('',#14366,#8511);
#7203=LINE('',#14367,#8512);
#7204=LINE('',#14368,#8513);
#7205=LINE('',#14369,#8514);
#7206=LINE('',#14370,#8515);
#7207=LINE('',#14371,#8516);
#7208=LINE('',#14372,#8517);
#7209=LINE('',#14373,#8518);
#7210=LINE('',#14374,#8519);
#7211=LINE('',#14375,#8520);
#7212=LINE('',#14376,#8521);
#7213=LINE('',#14377,#8522);
#7214=LINE('',#14378,#8523);
#7215=LINE('',#14379,#8524);
#7216=LINE('',#14380,#8525);
#7217=LINE('',#14381,#8526);
#7218=LINE('',#14382,#8527);
#7219=LINE('',#14383,#8528);
#7220=LINE('',#14384,#8529);
#7221=LINE('',#14385,#8530);
#7222=LINE('',#14386,#8531);
#7223=LINE('',#14387,#8532);
#7224=LINE('',#14388,#8533);
#7225=LINE('',#14389,#8534);
#7226=LINE('',#14390,#8535);
#7227=LINE('',#14391,#8536);
#7228=LINE('',#14392,#8537);
#7229=LINE('',#14393,#8538);
#7230=LINE('',#14394,#8539);
#7231=LINE('',#14395,#8540);
#7232=LINE('',#14396,#8541);
#7233=LINE('',#14397,#8542);
#7234=LINE('',#14398,#8543);
#7235=LINE('',#14399,#8544);
#7236=LINE('',#14400,#8545);
#7237=LINE('',#14401,#8546);
#7238=LINE('',#14402,#8547);
#7239=LINE('',#14403,#8548);
#7240=LINE('',#14404,#8549);
#7241=LINE('',#14405,#8550);
#7242=LINE('',#14406,#8551);
#7243=LINE('',#14407,#8552);
#7244=LINE('',#14408,#8553);
#7245=LINE('',#14409,#8554);
#7246=LINE('',#14410,#8555);
#7247=LINE('',#14411,#8556);
#7248=LINE('',#14412,#8557);
#7249=LINE('',#14413,#8558);
#7250=LINE('',#14414,#8559);
#7251=LINE('',#14415,#8560);
#7252=LINE('',#14416,#8561);
#7253=LINE('',#14417,#8562);
#7254=LINE('',#14418,#8563);
#7255=LINE('',#14419,#8564);
#7256=LINE('',#14420,#8565);
#7257=LINE('',#14421,#8566);
#7258=LINE('',#14422,#8567);
#7259=LINE('',#14423,#8568);
#7260=LINE('',#14424,#8569);
#7261=LINE('',#14425,#8570);
#7262=LINE('',#14426,#8571);
#7263=LINE('',#14427,#8572);
#7264=LINE('',#14428,#8573);
#7265=LINE('',#14429,#8574);
#7266=LINE('',#14430,#8575);
#7267=LINE('',#14431,#8576);
#7268=LINE('',#14432,#8577);
#7269=LINE('',#14433,#8578);
#7270=LINE('',#14434,#8579);
#7271=LINE('',#14435,#8580);
#7272=LINE('',#14436,#8581);
#7273=LINE('',#14437,#8582);
#7274=LINE('',#14438,#8583);
#7275=LINE('',#14439,#8584);
#7276=LINE('',#14440,#8585);
#7277=LINE('',#14441,#8586);
#7278=LINE('',#14442,#8587);
#7279=LINE('',#14443,#8588);
#7280=LINE('',#14444,#8589);
#7281=LINE('',#14445,#8590);
#7282=LINE('',#14446,#8591);
#7283=LINE('',#14447,#8592);
#7284=LINE('',#14448,#8593);
#7285=LINE('',#14449,#8594);
#7286=LINE('',#14450,#8595);
#7287=LINE('',#14451,#8596);
#7288=LINE('',#14452,#8597);
#7289=LINE('',#14453,#8598);
#7290=LINE('',#14454,#8599);
#7291=LINE('',#14455,#8600);
#7292=LINE('',#14456,#8601);
#7293=LINE('',#14457,#8602);
#7294=LINE('',#14458,#8603);
#7295=LINE('',#14459,#8604);
#7296=LINE('',#14460,#8605);
#7297=LINE('',#14461,#8606);
#7298=LINE('',#14462,#8607);
#7299=LINE('',#14463,#8608);
#7300=LINE('',#14464,#8609);
#7301=LINE('',#14465,#8610);
#7302=LINE('',#14466,#8611);
#7303=LINE('',#14467,#8612);
#7304=LINE('',#14468,#8613);
#7305=LINE('',#14469,#8614);
#7306=LINE('',#14470,#8615);
#7307=LINE('',#14471,#8616);
#7308=LINE('',#14472,#8617);
#7309=LINE('',#14473,#8618);
#7310=LINE('',#14474,#8619);
#7311=LINE('',#14475,#8620);
#7312=LINE('',#14476,#8621);
#7313=LINE('',#14477,#8622);
#7314=LINE('',#14478,#8623);
#7315=LINE('',#14479,#8624);
#7316=LINE('',#14480,#8625);
#7317=LINE('',#14481,#8626);
#7318=LINE('',#14482,#8627);
#7319=LINE('',#14483,#8628);
#7320=LINE('',#14484,#8629);
#7321=LINE('',#14485,#8630);
#7322=LINE('',#14486,#8631);
#7323=LINE('',#14487,#8632);
#7324=LINE('',#14488,#8633);
#7325=LINE('',#14489,#8634);
#7326=LINE('',#14490,#8635);
#7327=LINE('',#14491,#8636);
#7328=LINE('',#14492,#8637);
#7329=LINE('',#14493,#8638);
#7330=LINE('',#14494,#8639);
#7331=LINE('',#14495,#8640);
#7332=LINE('',#14496,#8641);
#7333=LINE('',#14497,#8642);
#7334=LINE('',#14498,#8643);
#7335=LINE('',#14499,#8644);
#7336=LINE('',#14500,#8645);
#7337=LINE('',#14501,#8646);
#7338=LINE('',#14502,#8647);
#7339=LINE('',#14503,#8648);
#7340=LINE('',#14504,#8649);
#7341=LINE('',#14505,#8650);
#7342=LINE('',#14506,#8651);
#7343=LINE('',#14507,#8652);
#7344=LINE('',#14508,#8653);
#7345=LINE('',#14509,#8654);
#7346=LINE('',#14510,#8655);
#7347=LINE('',#14511,#8656);
#7348=LINE('',#14512,#8657);
#7349=LINE('',#14513,#8658);
#7350=LINE('',#14514,#8659);
#7351=LINE('',#14515,#8660);
#7352=LINE('',#14516,#8661);
#7353=LINE('',#14517,#8662);
#7354=LINE('',#14518,#8663);
#7355=LINE('',#14519,#8664);
#7356=LINE('',#14520,#8665);
#7357=LINE('',#14521,#8666);
#7358=LINE('',#14522,#8667);
#7359=LINE('',#14523,#8668);
#7360=LINE('',#14524,#8669);
#7361=LINE('',#14525,#8670);
#7362=LINE('',#14526,#8671);
#7363=LINE('',#14527,#8672);
#7364=LINE('',#14528,#8673);
#7365=LINE('',#14529,#8674);
#7366=LINE('',#14530,#8675);
#7367=LINE('',#14531,#8676);
#7368=LINE('',#14532,#8677);
#7369=LINE('',#14533,#8678);
#7370=LINE('',#14534,#8679);
#7371=LINE('',#14535,#8680);
#7372=LINE('',#14536,#8681);
#7373=LINE('',#14537,#8682);
#7374=LINE('',#14538,#8683);
#7375=LINE('',#14539,#8684);
#7376=LINE('',#14540,#8685);
#7377=LINE('',#14541,#8686);
#7378=LINE('',#14542,#8687);
#7379=LINE('',#14543,#8688);
#7380=LINE('',#14544,#8689);
#7381=LINE('',#14545,#8690);
#7382=LINE('',#14546,#8691);
#7383=LINE('',#14547,#8692);
#7384=LINE('',#14548,#8693);
#7385=LINE('',#14549,#8694);
#7386=LINE('',#14550,#8695);
#7387=LINE('',#14551,#8696);
#7388=LINE('',#14552,#8697);
#7389=LINE('',#14553,#8698);
#7390=LINE('',#14554,#8699);
#7391=LINE('',#14555,#8700);
#7392=LINE('',#14556,#8701);
#7393=LINE('',#14557,#8702);
#7394=LINE('',#14558,#8703);
#7395=LINE('',#14559,#8704);
#7396=LINE('',#14560,#8705);
#7397=LINE('',#14561,#8706);
#7398=LINE('',#14562,#8707);
#7399=LINE('',#14563,#8708);
#7400=LINE('',#14564,#8709);
#7401=LINE('',#14565,#8710);
#7402=LINE('',#14566,#8711);
#7403=LINE('',#14567,#8712);
#7404=LINE('',#14568,#8713);
#7405=LINE('',#14569,#8714);
#7406=LINE('',#14570,#8715);
#7407=LINE('',#14571,#8716);
#7408=LINE('',#14572,#8717);
#7409=LINE('',#14573,#8718);
#7410=LINE('',#14574,#8719);
#7411=LINE('',#14575,#8720);
#7412=LINE('',#14576,#8721);
#7413=LINE('',#14577,#8722);
#7414=LINE('',#14578,#8723);
#7415=LINE('',#14579,#8724);
#7416=LINE('',#14580,#8725);
#7417=LINE('',#14581,#8726);
#7418=LINE('',#14582,#8727);
#7419=LINE('',#14583,#8728);
#7420=LINE('',#14584,#8729);
#7421=LINE('',#14585,#8730);
#7422=LINE('',#14586,#8731);
#7423=LINE('',#14587,#8732);
#7424=LINE('',#14588,#8733);
#7425=LINE('',#14589,#8734);
#7426=LINE('',#14590,#8735);
#7427=LINE('',#14591,#8736);
#7428=LINE('',#14592,#8737);
#7429=LINE('',#14593,#8738);
#7430=LINE('',#14594,#8739);
#7431=LINE('',#14595,#8740);
#7432=LINE('',#14596,#8741);
#7433=LINE('',#14597,#8742);
#7434=LINE('',#14598,#8743);
#7435=LINE('',#14599,#8744);
#7436=LINE('',#14600,#8745);
#7437=LINE('',#14601,#8746);
#7438=LINE('',#14602,#8747);
#7439=LINE('',#14603,#8748);
#7440=LINE('',#14604,#8749);
#7441=LINE('',#14605,#8750);
#7442=LINE('',#14606,#8751);
#7443=LINE('',#14607,#8752);
#7444=LINE('',#14608,#8753);
#7445=LINE('',#14609,#8754);
#7446=LINE('',#14610,#8755);
#7447=LINE('',#14611,#8756);
#7448=LINE('',#14612,#8757);
#7449=LINE('',#14613,#8758);
#7450=LINE('',#14614,#8759);
#7451=LINE('',#14615,#8760);
#7452=LINE('',#14616,#8761);
#7453=LINE('',#14617,#8762);
#7454=LINE('',#14618,#8763);
#7455=LINE('',#14619,#8764);
#7456=LINE('',#14620,#8765);
#7457=LINE('',#14621,#8766);
#7458=LINE('',#14622,#8767);
#7459=LINE('',#14623,#8768);
#7460=LINE('',#14624,#8769);
#7461=LINE('',#14625,#8770);
#7462=LINE('',#14626,#8771);
#7463=LINE('',#14627,#8772);
#7464=LINE('',#14628,#8773);
#7465=LINE('',#14629,#8774);
#7466=LINE('',#14630,#8775);
#7467=LINE('',#14631,#8776);
#7468=LINE('',#14632,#8777);
#7469=LINE('',#14633,#8778);
#7470=LINE('',#14634,#8779);
#7471=LINE('',#14635,#8780);
#7472=LINE('',#14636,#8781);
#7473=LINE('',#14637,#8782);
#7474=LINE('',#14638,#8783);
#7475=LINE('',#14639,#8784);
#7476=LINE('',#14640,#8785);
#7477=LINE('',#14641,#8786);
#7478=LINE('',#14642,#8787);
#7479=LINE('',#14643,#8788);
#7480=LINE('',#14644,#8789);
#7481=LINE('',#14645,#8790);
#7482=LINE('',#14646,#8791);
#7483=LINE('',#14647,#8792);
#7484=LINE('',#14648,#8793);
#7485=LINE('',#14649,#8794);
#7486=LINE('',#14650,#8795);
#7487=LINE('',#14651,#8796);
#7488=LINE('',#14652,#8797);
#7489=LINE('',#14653,#8798);
#7490=LINE('',#14654,#8799);
#7491=LINE('',#14655,#8800);
#7492=LINE('',#14656,#8801);
#7493=LINE('',#14657,#8802);
#7494=LINE('',#14658,#8803);
#7495=LINE('',#14659,#8804);
#7496=LINE('',#14660,#8805);
#7497=LINE('',#14661,#8806);
#7498=LINE('',#14662,#8807);
#7499=LINE('',#14663,#8808);
#7500=LINE('',#14664,#8809);
#7501=LINE('',#14665,#8810);
#7502=LINE('',#14666,#8811);
#7503=LINE('',#14667,#8812);
#7504=LINE('',#14668,#8813);
#7505=LINE('',#14669,#8814);
#7506=LINE('',#14670,#8815);
#7507=LINE('',#14671,#8816);
#7508=LINE('',#14672,#8817);
#7509=LINE('',#14673,#8818);
#7510=LINE('',#14674,#8819);
#7511=LINE('',#14675,#8820);
#7512=LINE('',#14676,#8821);
#7513=LINE('',#14677,#8822);
#7514=LINE('',#14678,#8823);
#7515=LINE('',#14679,#8824);
#7516=LINE('',#14680,#8825);
#7517=LINE('',#14681,#8826);
#7518=LINE('',#14682,#8827);
#7519=LINE('',#14683,#8828);
#7520=LINE('',#14684,#8829);
#7521=LINE('',#14685,#8830);
#7522=LINE('',#14686,#8831);
#7523=LINE('',#14687,#8832);
#7524=LINE('',#14688,#8833);
#7525=LINE('',#14689,#8834);
#7526=LINE('',#14690,#8835);
#7527=LINE('',#14691,#8836);
#7528=LINE('',#14692,#8837);
#7529=LINE('',#14693,#8838);
#7530=LINE('',#14694,#8839);
#7531=LINE('',#14695,#8840);
#7532=LINE('',#14696,#8841);
#7533=LINE('',#14697,#8842);
#7534=LINE('',#14698,#8843);
#7535=LINE('',#14699,#8844);
#7536=LINE('',#14700,#8845);
#7537=LINE('',#14701,#8846);
#7538=LINE('',#14702,#8847);
#7539=LINE('',#14703,#8848);
#7540=LINE('',#14704,#8849);
#7541=LINE('',#14705,#8850);
#7542=LINE('',#14706,#8851);
#7543=LINE('',#14707,#8852);
#7544=LINE('',#14708,#8853);
#7545=LINE('',#14709,#8854);
#7546=LINE('',#14710,#8855);
#7547=LINE('',#14711,#8856);
#7548=LINE('',#14712,#8857);
#7549=LINE('',#14713,#8858);
#7550=LINE('',#14714,#8859);
#7551=LINE('',#14715,#8860);
#7552=LINE('',#14716,#8861);
#7553=LINE('',#14717,#8862);
#7554=LINE('',#14718,#8863);
#7555=LINE('',#14719,#8864);
#7556=LINE('',#14720,#8865);
#7557=LINE('',#14721,#8866);
#7558=LINE('',#14722,#8867);
#7559=LINE('',#14723,#8868);
#7560=LINE('',#14724,#8869);
#7561=LINE('',#14725,#8870);
#7562=LINE('',#14726,#8871);
#7563=LINE('',#14727,#8872);
#7564=LINE('',#14728,#8873);
#7565=LINE('',#14729,#8874);
#7566=LINE('',#14730,#8875);
#7567=LINE('',#14731,#8876);
#7568=LINE('',#14732,#8877);
#7569=LINE('',#14733,#8878);
#7570=LINE('',#14734,#8879);
#7571=LINE('',#14735,#8880);
#7572=LINE('',#14736,#8881);
#7573=LINE('',#14737,#8882);
#7574=LINE('',#14738,#8883);
#7575=LINE('',#14739,#8884);
#7576=LINE('',#14740,#8885);
#7577=LINE('',#14741,#8886);
#7578=LINE('',#14742,#8887);
#7579=LINE('',#14743,#8888);
#7580=LINE('',#14744,#8889);
#7581=LINE('',#14745,#8890);
#7582=LINE('',#14746,#8891);
#7583=LINE('',#14747,#8892);
#7584=LINE('',#14748,#8893);
#7585=LINE('',#14749,#8894);
#7586=LINE('',#14750,#8895);
#7587=LINE('',#14751,#8896);
#7588=LINE('',#14752,#8897);
#7589=LINE('',#14753,#8898);
#7590=LINE('',#14754,#8899);
#7591=LINE('',#14755,#8900);
#7592=LINE('',#14756,#8901);
#7593=LINE('',#14757,#8902);
#7594=LINE('',#14758,#8903);
#7595=LINE('',#14759,#8904);
#7596=LINE('',#14760,#8905);
#7597=LINE('',#14761,#8906);
#7598=LINE('',#14762,#8907);
#7599=LINE('',#14763,#8908);
#7600=LINE('',#14764,#8909);
#7601=LINE('',#14765,#8910);
#7602=LINE('',#14766,#8911);
#7603=LINE('',#14767,#8912);
#7604=LINE('',#14768,#8913);
#7605=LINE('',#14769,#8914);
#7606=LINE('',#14770,#8915);
#7607=LINE('',#14771,#8916);
#7608=LINE('',#14772,#8917);
#7609=LINE('',#14773,#8918);
#7610=LINE('',#14774,#8919);
#7611=LINE('',#14775,#8920);
#7612=LINE('',#14776,#8921);
#7613=LINE('',#14777,#8922);
#7614=LINE('',#14778,#8923);
#7615=LINE('',#14779,#8924);
#7616=LINE('',#14780,#8925);
#7617=LINE('',#14781,#8926);
#7618=LINE('',#14782,#8927);
#7619=LINE('',#14783,#8928);
#7620=LINE('',#14784,#8929);
#7621=LINE('',#14785,#8930);
#7622=LINE('',#14786,#8931);
#7623=LINE('',#14787,#8932);
#7624=LINE('',#14788,#8933);
#7625=LINE('',#14789,#8934);
#7626=LINE('',#14790,#8935);
#7627=LINE('',#14791,#8936);
#7628=LINE('',#14792,#8937);
#7629=LINE('',#14793,#8938);
#7630=LINE('',#14794,#8939);
#7631=LINE('',#14795,#8940);
#7632=LINE('',#14796,#8941);
#7633=LINE('',#14797,#8942);
#7634=LINE('',#14798,#8943);
#7635=LINE('',#14799,#8944);
#7636=LINE('',#14800,#8945);
#7637=LINE('',#14801,#8946);
#7638=LINE('',#14802,#8947);
#7639=LINE('',#14803,#8948);
#7640=LINE('',#14804,#8949);
#7641=LINE('',#14805,#8950);
#7642=LINE('',#14806,#8951);
#7643=LINE('',#14807,#8952);
#7644=LINE('',#14808,#8953);
#7645=LINE('',#14809,#8954);
#7646=LINE('',#14810,#8955);
#7647=LINE('',#14811,#8956);
#7648=LINE('',#14812,#8957);
#7649=LINE('',#14813,#8958);
#7650=LINE('',#14814,#8959);
#7651=LINE('',#14815,#8960);
#7652=LINE('',#14816,#8961);
#7653=LINE('',#14817,#8962);
#7654=LINE('',#14818,#8963);
#7655=LINE('',#14819,#8964);
#7656=LINE('',#14820,#8965);
#7657=LINE('',#14821,#8966);
#7658=LINE('',#14822,#8967);
#7659=LINE('',#14823,#8968);
#7660=LINE('',#14824,#8969);
#7661=LINE('',#14825,#8970);
#7662=LINE('',#14826,#8971);
#7663=LINE('',#14827,#8972);
#7664=LINE('',#14828,#8973);
#7665=LINE('',#14829,#8974);
#7666=LINE('',#14830,#8975);
#7667=LINE('',#14831,#8976);
#7668=LINE('',#14832,#8977);
#7669=LINE('',#14833,#8978);
#7670=LINE('',#14834,#8979);
#7671=LINE('',#14835,#8980);
#7672=LINE('',#14836,#8981);
#7673=LINE('',#14837,#8982);
#7674=LINE('',#14838,#8983);
#7675=LINE('',#14839,#8984);
#7676=LINE('',#14840,#8985);
#7677=LINE('',#14841,#8986);
#7678=LINE('',#14842,#8987);
#7679=LINE('',#14843,#8988);
#7680=LINE('',#14844,#8989);
#7681=LINE('',#14845,#8990);
#7682=LINE('',#14846,#8991);
#7683=LINE('',#14847,#8992);
#7684=LINE('',#14848,#8993);
#7685=LINE('',#14849,#8994);
#7686=LINE('',#14850,#8995);
#7687=LINE('',#14851,#8996);
#7688=LINE('',#14852,#8997);
#7689=LINE('',#14853,#8998);
#7690=LINE('',#14854,#8999);
#7691=LINE('',#14855,#9000);
#7692=LINE('',#14856,#9001);
#7693=LINE('',#14857,#9002);
#7694=LINE('',#14858,#9003);
#7695=LINE('',#14859,#9004);
#7696=LINE('',#14860,#9005);
#7697=LINE('',#14861,#9006);
#7698=LINE('',#14862,#9007);
#7699=LINE('',#14863,#9008);
#7700=LINE('',#14864,#9009);
#7701=LINE('',#14865,#9010);
#7702=LINE('',#14866,#9011);
#7703=LINE('',#14867,#9012);
#7704=LINE('',#14868,#9013);
#7705=LINE('',#14869,#9014);
#7706=LINE('',#14870,#9015);
#7707=LINE('',#14871,#9016);
#7708=LINE('',#14872,#9017);
#7709=LINE('',#14873,#9018);
#7710=LINE('',#14874,#9019);
#7711=LINE('',#14875,#9020);
#7712=LINE('',#14876,#9021);
#7713=LINE('',#14877,#9022);
#7714=LINE('',#14878,#9023);
#7715=LINE('',#14879,#9024);
#7716=LINE('',#14880,#9025);
#7717=LINE('',#14881,#9026);
#7718=LINE('',#14882,#9027);
#7719=LINE('',#14883,#9028);
#7720=LINE('',#14884,#9029);
#7721=LINE('',#14885,#9030);
#7722=LINE('',#14886,#9031);
#7723=LINE('',#14887,#9032);
#7724=LINE('',#14888,#9033);
#7725=LINE('',#14889,#9034);
#7726=LINE('',#14890,#9035);
#7727=LINE('',#14891,#9036);
#7728=LINE('',#14892,#9037);
#7729=LINE('',#14893,#9038);
#7730=LINE('',#14894,#9039);
#7731=LINE('',#14895,#9040);
#7732=LINE('',#14896,#9041);
#7733=LINE('',#14897,#9042);
#7734=LINE('',#14898,#9043);
#7735=LINE('',#14899,#9044);
#7736=LINE('',#14900,#9045);
#7737=LINE('',#14901,#9046);
#7738=LINE('',#14902,#9047);
#7739=LINE('',#14903,#9048);
#7740=LINE('',#14904,#9049);
#7741=LINE('',#14905,#9050);
#7742=LINE('',#14906,#9051);
#7743=LINE('',#14907,#9052);
#7744=LINE('',#14908,#9053);
#7745=LINE('',#14909,#9054);
#7746=LINE('',#14910,#9055);
#7747=LINE('',#14911,#9056);
#7748=LINE('',#14912,#9057);
#7749=LINE('',#14913,#9058);
#7750=LINE('',#14914,#9059);
#7751=LINE('',#14915,#9060);
#7752=LINE('',#14916,#9061);
#7753=LINE('',#14917,#9062);
#7754=LINE('',#14918,#9063);
#7755=LINE('',#14919,#9064);
#7756=LINE('',#14920,#9065);
#7757=LINE('',#14921,#9066);
#7758=LINE('',#14922,#9067);
#7759=LINE('',#14923,#9068);
#7760=LINE('',#14924,#9069);
#7761=LINE('',#14925,#9070);
#7762=LINE('',#14926,#9071);
#7763=LINE('',#14927,#9072);
#7764=LINE('',#14928,#9073);
#7765=LINE('',#14929,#9074);
#7766=LINE('',#14930,#9075);
#7767=LINE('',#14931,#9076);
#7768=LINE('',#14932,#9077);
#7769=LINE('',#14933,#9078);
#7770=LINE('',#14934,#9079);
#7771=LINE('',#14935,#9080);
#7772=LINE('',#14936,#9081);
#7773=LINE('',#14937,#9082);
#7774=LINE('',#14938,#9083);
#7775=LINE('',#14939,#9084);
#7776=LINE('',#14940,#9085);
#7777=LINE('',#14941,#9086);
#7778=LINE('',#14942,#9087);
#7779=LINE('',#14943,#9088);
#7780=LINE('',#14944,#9089);
#7781=LINE('',#14945,#9090);
#7782=LINE('',#14946,#9091);
#7783=LINE('',#14947,#9092);
#7784=LINE('',#14948,#9093);
#7785=LINE('',#14949,#9094);
#7786=LINE('',#14950,#9095);
#7787=LINE('',#14951,#9096);
#7788=LINE('',#14952,#9097);
#7789=LINE('',#14953,#9098);
#7790=LINE('',#14954,#9099);
#7791=LINE('',#14955,#9100);
#7792=LINE('',#14956,#9101);
#7793=LINE('',#14957,#9102);
#7794=LINE('',#14958,#9103);
#7795=LINE('',#14959,#9104);
#7796=LINE('',#14960,#9105);
#7797=LINE('',#14961,#9106);
#7798=LINE('',#14962,#9107);
#7799=LINE('',#14963,#9108);
#7800=LINE('',#14964,#9109);
#7801=LINE('',#14965,#9110);
#7802=LINE('',#14966,#9111);
#7803=LINE('',#14967,#9112);
#7804=LINE('',#14968,#9113);
#7805=LINE('',#14969,#9114);
#7806=LINE('',#14970,#9115);
#7807=LINE('',#14971,#9116);
#7808=LINE('',#14972,#9117);
#7809=LINE('',#14973,#9118);
#7810=LINE('',#14974,#9119);
#7811=LINE('',#14975,#9120);
#7812=LINE('',#14976,#9121);
#7813=LINE('',#14977,#9122);
#7814=LINE('',#14978,#9123);
#7815=LINE('',#14979,#9124);
#7816=LINE('',#14980,#9125);
#7817=LINE('',#14981,#9126);
#7818=LINE('',#14982,#9127);
#7819=LINE('',#14983,#9128);
#7820=LINE('',#14984,#9129);
#7821=LINE('',#14985,#9130);
#7822=LINE('',#14986,#9131);
#7823=LINE('',#14987,#9132);
#7824=LINE('',#14988,#9133);
#7825=LINE('',#14989,#9134);
#7826=LINE('',#14990,#9135);
#7827=LINE('',#14991,#9136);
#7828=LINE('',#14992,#9137);
#7829=LINE('',#14993,#9138);
#7830=LINE('',#14994,#9139);
#7831=LINE('',#14995,#9140);
#7832=LINE('',#14996,#9141);
#7833=LINE('',#14997,#9142);
#7834=LINE('',#14998,#9143);
#7835=LINE('',#14999,#9144);
#7836=LINE('',#15000,#9145);
#7837=LINE('',#15001,#9146);
#7838=LINE('',#15002,#9147);
#7839=LINE('',#15003,#9148);
#7840=LINE('',#15004,#9149);
#7841=LINE('',#15005,#9150);
#7842=LINE('',#15006,#9151);
#7843=LINE('',#15007,#9152);
#7844=LINE('',#15008,#9153);
#7845=LINE('',#15009,#9154);
#7846=LINE('',#15010,#9155);
#7847=LINE('',#15011,#9156);
#7848=LINE('',#15012,#9157);
#7849=LINE('',#15013,#9158);
#7850=LINE('',#15014,#9159);
#7851=LINE('',#15015,#9160);
#7852=LINE('',#15016,#9161);
#7853=LINE('',#15017,#9162);
#7854=LINE('',#15018,#9163);
#7855=LINE('',#15019,#9164);
#7856=LINE('',#15020,#9165);
#7857=LINE('',#15021,#9166);
#7858=LINE('',#15022,#9167);
#7859=LINE('',#15023,#9168);
#7860=LINE('',#15024,#9169);
#7861=LINE('',#15025,#9170);
#7862=LINE('',#15026,#9171);
#7863=LINE('',#15027,#9172);
#7864=LINE('',#15028,#9173);
#7865=LINE('',#15029,#9174);
#7866=LINE('',#15030,#9175);
#7867=LINE('',#15031,#9176);
#7868=LINE('',#15032,#9177);
#7869=LINE('',#15033,#9178);
#7870=LINE('',#15034,#9179);
#7871=LINE('',#15035,#9180);
#7872=LINE('',#15036,#9181);
#7873=LINE('',#15037,#9182);
#7874=LINE('',#15038,#9183);
#7875=LINE('',#15039,#9184);
#7876=LINE('',#15040,#9185);
#7877=LINE('',#15041,#9186);
#7878=LINE('',#15042,#9187);
#7879=LINE('',#15043,#9188);
#7880=LINE('',#15044,#9189);
#7881=LINE('',#15045,#9190);
#7882=LINE('',#15046,#9191);
#7883=LINE('',#15047,#9192);
#7884=LINE('',#15048,#9193);
#7885=LINE('',#15049,#9194);
#7886=LINE('',#15050,#9195);
#7887=LINE('',#15051,#9196);
#7888=LINE('',#15052,#9197);
#7889=LINE('',#15053,#9198);
#7890=LINE('',#15054,#9199);
#7891=LINE('',#15055,#9200);
#7892=LINE('',#15056,#9201);
#7893=LINE('',#15057,#9202);
#7894=LINE('',#15058,#9203);
#7895=LINE('',#15059,#9204);
#7896=LINE('',#15060,#9205);
#7897=LINE('',#15061,#9206);
#7898=LINE('',#15062,#9207);
#7899=LINE('',#15063,#9208);
#7900=LINE('',#15064,#9209);
#7901=LINE('',#15065,#9210);
#7902=LINE('',#15066,#9211);
#7903=LINE('',#15067,#9212);
#7904=LINE('',#15068,#9213);
#7905=LINE('',#15069,#9214);
#7906=LINE('',#15070,#9215);
#7907=LINE('',#15071,#9216);
#7908=LINE('',#15072,#9217);
#7909=LINE('',#15073,#9218);
#7910=LINE('',#15074,#9219);
#7911=LINE('',#15075,#9220);
#7912=LINE('',#15076,#9221);
#7913=LINE('',#15077,#9222);
#7914=LINE('',#15078,#9223);
#7915=LINE('',#15079,#9224);
#7916=LINE('',#15080,#9225);
#7917=LINE('',#15081,#9226);
#7918=LINE('',#15082,#9227);
#7919=LINE('',#15083,#9228);
#7920=LINE('',#15084,#9229);
#7921=LINE('',#15085,#9230);
#7922=LINE('',#15086,#9231);
#7923=LINE('',#15087,#9232);
#7924=LINE('',#15088,#9233);
#7925=LINE('',#15089,#9234);
#7926=LINE('',#15090,#9235);
#7927=LINE('',#15091,#9236);
#7928=LINE('',#15092,#9237);
#7929=LINE('',#15093,#9238);
#7930=LINE('',#15094,#9239);
#7931=LINE('',#15095,#9240);
#7932=LINE('',#15096,#9241);
#7933=LINE('',#15097,#9242);
#7934=LINE('',#15098,#9243);
#7935=LINE('',#15099,#9244);
#7936=LINE('',#15100,#9245);
#7937=LINE('',#15101,#9246);
#7938=LINE('',#15102,#9247);
#7939=LINE('',#15103,#9248);
#7940=LINE('',#15104,#9249);
#7941=LINE('',#15105,#9250);
#7942=LINE('',#15106,#9251);
#7943=LINE('',#15107,#9252);
#7944=LINE('',#15108,#9253);
#7945=LINE('',#15109,#9254);
#7946=LINE('',#15110,#9255);
#7947=LINE('',#15111,#9256);
#7948=VECTOR('',#10601,1.);
#7949=VECTOR('',#10602,1.);
#7950=VECTOR('',#10603,1.);
#7951=VECTOR('',#10604,1.);
#7952=VECTOR('',#10605,1.);
#7953=VECTOR('',#10606,1.);
#7954=VECTOR('',#10607,1.);
#7955=VECTOR('',#10608,1.);
#7956=VECTOR('',#10609,1.);
#7957=VECTOR('',#10610,1.);
#7958=VECTOR('',#10611,1.);
#7959=VECTOR('',#10612,1.);
#7960=VECTOR('',#10613,1.);
#7961=VECTOR('',#10614,1.);
#7962=VECTOR('',#10615,1.);
#7963=VECTOR('',#10616,1.);
#7964=VECTOR('',#10617,1.);
#7965=VECTOR('',#10618,1.);
#7966=VECTOR('',#10619,1.);
#7967=VECTOR('',#10620,1.);
#7968=VECTOR('',#10621,1.);
#7969=VECTOR('',#10622,1.);
#7970=VECTOR('',#10623,1.);
#7971=VECTOR('',#10624,1.);
#7972=VECTOR('',#10625,1.);
#7973=VECTOR('',#10626,1.);
#7974=VECTOR('',#10627,1.);
#7975=VECTOR('',#10628,1.);
#7976=VECTOR('',#10629,1.);
#7977=VECTOR('',#10630,1.);
#7978=VECTOR('',#10631,1.);
#7979=VECTOR('',#10632,1.);
#7980=VECTOR('',#10633,1.);
#7981=VECTOR('',#10634,1.);
#7982=VECTOR('',#10635,1.);
#7983=VECTOR('',#10636,1.);
#7984=VECTOR('',#10637,1.);
#7985=VECTOR('',#10638,1.);
#7986=VECTOR('',#10639,1.);
#7987=VECTOR('',#10640,1.);
#7988=VECTOR('',#10641,1.);
#7989=VECTOR('',#10642,1.);
#7990=VECTOR('',#10643,1.);
#7991=VECTOR('',#10644,1.);
#7992=VECTOR('',#10645,1.);
#7993=VECTOR('',#10646,1.);
#7994=VECTOR('',#10647,1.);
#7995=VECTOR('',#10648,1.);
#7996=VECTOR('',#10649,1.);
#7997=VECTOR('',#10650,1.);
#7998=VECTOR('',#10651,1.);
#7999=VECTOR('',#10652,1.);
#8000=VECTOR('',#10653,1.);
#8001=VECTOR('',#10654,1.);
#8002=VECTOR('',#10655,1.);
#8003=VECTOR('',#10656,1.);
#8004=VECTOR('',#10657,1.);
#8005=VECTOR('',#10658,1.);
#8006=VECTOR('',#10659,1.);
#8007=VECTOR('',#10660,1.);
#8008=VECTOR('',#10661,1.);
#8009=VECTOR('',#10662,1.);
#8010=VECTOR('',#10663,1.);
#8011=VECTOR('',#10664,1.);
#8012=VECTOR('',#10665,1.);
#8013=VECTOR('',#10666,1.);
#8014=VECTOR('',#10667,1.);
#8015=VECTOR('',#10668,1.);
#8016=VECTOR('',#10669,1.);
#8017=VECTOR('',#10670,1.);
#8018=VECTOR('',#10671,1.);
#8019=VECTOR('',#10672,1.);
#8020=VECTOR('',#10673,1.);
#8021=VECTOR('',#10674,1.);
#8022=VECTOR('',#10675,1.);
#8023=VECTOR('',#10676,1.);
#8024=VECTOR('',#10677,1.);
#8025=VECTOR('',#10678,1.);
#8026=VECTOR('',#10679,1.);
#8027=VECTOR('',#10680,1.);
#8028=VECTOR('',#10681,1.);
#8029=VECTOR('',#10682,1.);
#8030=VECTOR('',#10683,1.);
#8031=VECTOR('',#10684,1.);
#8032=VECTOR('',#10685,1.);
#8033=VECTOR('',#10686,1.);
#8034=VECTOR('',#10687,1.);
#8035=VECTOR('',#10688,1.);
#8036=VECTOR('',#10689,1.);
#8037=VECTOR('',#10690,1.);
#8038=VECTOR('',#10691,1.);
#8039=VECTOR('',#10692,1.);
#8040=VECTOR('',#10693,1.);
#8041=VECTOR('',#10694,1.);
#8042=VECTOR('',#10695,1.);
#8043=VECTOR('',#10696,1.);
#8044=VECTOR('',#10697,1.);
#8045=VECTOR('',#10698,1.);
#8046=VECTOR('',#10699,1.);
#8047=VECTOR('',#10700,1.);
#8048=VECTOR('',#10701,1.);
#8049=VECTOR('',#10702,1.);
#8050=VECTOR('',#10703,1.);
#8051=VECTOR('',#10704,1.);
#8052=VECTOR('',#10705,1.);
#8053=VECTOR('',#10706,1.);
#8054=VECTOR('',#10707,1.);
#8055=VECTOR('',#10708,1.);
#8056=VECTOR('',#10709,1.);
#8057=VECTOR('',#10710,1.);
#8058=VECTOR('',#10711,1.);
#8059=VECTOR('',#10712,1.);
#8060=VECTOR('',#10713,1.);
#8061=VECTOR('',#10714,1.);
#8062=VECTOR('',#10715,1.);
#8063=VECTOR('',#10716,1.);
#8064=VECTOR('',#10717,1.);
#8065=VECTOR('',#10718,1.);
#8066=VECTOR('',#10719,1.);
#8067=VECTOR('',#10720,1.);
#8068=VECTOR('',#10721,1.);
#8069=VECTOR('',#10722,1.);
#8070=VECTOR('',#10723,1.);
#8071=VECTOR('',#10724,1.);
#8072=VECTOR('',#10725,1.);
#8073=VECTOR('',#10726,1.);
#8074=VECTOR('',#10727,1.);
#8075=VECTOR('',#10728,1.);
#8076=VECTOR('',#10729,1.);
#8077=VECTOR('',#10730,1.);
#8078=VECTOR('',#10731,1.);
#8079=VECTOR('',#10732,1.);
#8080=VECTOR('',#10733,1.);
#8081=VECTOR('',#10734,1.);
#8082=VECTOR('',#10735,1.);
#8083=VECTOR('',#10736,1.);
#8084=VECTOR('',#10737,1.);
#8085=VECTOR('',#10738,1.);
#8086=VECTOR('',#10739,1.);
#8087=VECTOR('',#10740,1.);
#8088=VECTOR('',#10741,1.);
#8089=VECTOR('',#10742,1.);
#8090=VECTOR('',#10743,1.);
#8091=VECTOR('',#10744,1.);
#8092=VECTOR('',#10745,1.);
#8093=VECTOR('',#10746,1.);
#8094=VECTOR('',#10747,1.);
#8095=VECTOR('',#10748,1.);
#8096=VECTOR('',#10749,1.);
#8097=VECTOR('',#10750,1.);
#8098=VECTOR('',#10751,1.);
#8099=VECTOR('',#10752,1.);
#8100=VECTOR('',#10753,1.);
#8101=VECTOR('',#10754,1.);
#8102=VECTOR('',#10755,1.);
#8103=VECTOR('',#10756,1.);
#8104=VECTOR('',#10757,1.);
#8105=VECTOR('',#10758,1.);
#8106=VECTOR('',#10759,1.);
#8107=VECTOR('',#10760,1.);
#8108=VECTOR('',#10761,1.);
#8109=VECTOR('',#10762,1.);
#8110=VECTOR('',#10763,1.);
#8111=VECTOR('',#10764,1.);
#8112=VECTOR('',#10765,1.);
#8113=VECTOR('',#10766,1.);
#8114=VECTOR('',#10767,1.);
#8115=VECTOR('',#10768,1.);
#8116=VECTOR('',#10769,1.);
#8117=VECTOR('',#10770,1.);
#8118=VECTOR('',#10771,1.);
#8119=VECTOR('',#10772,1.);
#8120=VECTOR('',#10773,1.);
#8121=VECTOR('',#10774,1.);
#8122=VECTOR('',#10775,1.);
#8123=VECTOR('',#10776,1.);
#8124=VECTOR('',#10777,1.);
#8125=VECTOR('',#10778,1.);
#8126=VECTOR('',#10779,1.);
#8127=VECTOR('',#10780,1.);
#8128=VECTOR('',#10781,1.);
#8129=VECTOR('',#10782,1.);
#8130=VECTOR('',#10783,1.);
#8131=VECTOR('',#10784,1.);
#8132=VECTOR('',#10785,1.);
#8133=VECTOR('',#10786,1.);
#8134=VECTOR('',#10787,1.);
#8135=VECTOR('',#10788,1.);
#8136=VECTOR('',#10789,1.);
#8137=VECTOR('',#10790,1.);
#8138=VECTOR('',#10791,1.);
#8139=VECTOR('',#10792,1.);
#8140=VECTOR('',#10793,1.);
#8141=VECTOR('',#10794,1.);
#8142=VECTOR('',#10795,1.);
#8143=VECTOR('',#10796,1.);
#8144=VECTOR('',#10797,1.);
#8145=VECTOR('',#10798,1.);
#8146=VECTOR('',#10799,1.);
#8147=VECTOR('',#10800,1.);
#8148=VECTOR('',#10801,1.);
#8149=VECTOR('',#10802,1.);
#8150=VECTOR('',#10803,1.);
#8151=VECTOR('',#10804,1.);
#8152=VECTOR('',#10805,1.);
#8153=VECTOR('',#10806,1.);
#8154=VECTOR('',#10807,1.);
#8155=VECTOR('',#10808,1.);
#8156=VECTOR('',#10809,1.);
#8157=VECTOR('',#10810,1.);
#8158=VECTOR('',#10811,1.);
#8159=VECTOR('',#10812,1.);
#8160=VECTOR('',#10813,1.);
#8161=VECTOR('',#10814,1.);
#8162=VECTOR('',#10815,1.);
#8163=VECTOR('',#10816,1.);
#8164=VECTOR('',#10817,1.);
#8165=VECTOR('',#10818,1.);
#8166=VECTOR('',#10819,1.);
#8167=VECTOR('',#10820,1.);
#8168=VECTOR('',#10821,1.);
#8169=VECTOR('',#10822,1.);
#8170=VECTOR('',#10823,1.);
#8171=VECTOR('',#10824,1.);
#8172=VECTOR('',#10825,1.);
#8173=VECTOR('',#10826,1.);
#8174=VECTOR('',#10827,1.);
#8175=VECTOR('',#10828,1.);
#8176=VECTOR('',#10829,1.);
#8177=VECTOR('',#10830,1.);
#8178=VECTOR('',#10831,1.);
#8179=VECTOR('',#10832,1.);
#8180=VECTOR('',#10833,1.);
#8181=VECTOR('',#10834,1.);
#8182=VECTOR('',#10835,1.);
#8183=VECTOR('',#10836,1.);
#8184=VECTOR('',#10837,1.);
#8185=VECTOR('',#10838,1.);
#8186=VECTOR('',#10839,1.);
#8187=VECTOR('',#10840,1.);
#8188=VECTOR('',#10841,1.);
#8189=VECTOR('',#10842,1.);
#8190=VECTOR('',#10843,1.);
#8191=VECTOR('',#10844,1.);
#8192=VECTOR('',#10845,1.);
#8193=VECTOR('',#10846,1.);
#8194=VECTOR('',#10847,1.);
#8195=VECTOR('',#10848,1.);
#8196=VECTOR('',#10849,1.);
#8197=VECTOR('',#10850,1.);
#8198=VECTOR('',#10851,1.);
#8199=VECTOR('',#10852,1.);
#8200=VECTOR('',#10853,1.);
#8201=VECTOR('',#10854,1.);
#8202=VECTOR('',#10855,1.);
#8203=VECTOR('',#10856,1.);
#8204=VECTOR('',#10857,1.);
#8205=VECTOR('',#10858,1.);
#8206=VECTOR('',#10859,1.);
#8207=VECTOR('',#10860,1.);
#8208=VECTOR('',#10861,1.);
#8209=VECTOR('',#10862,1.);
#8210=VECTOR('',#10863,1.);
#8211=VECTOR('',#10864,1.);
#8212=VECTOR('',#10865,1.);
#8213=VECTOR('',#10866,1.);
#8214=VECTOR('',#10867,1.);
#8215=VECTOR('',#10868,1.);
#8216=VECTOR('',#10869,1.);
#8217=VECTOR('',#10870,1.);
#8218=VECTOR('',#10871,1.);
#8219=VECTOR('',#10872,1.);
#8220=VECTOR('',#10873,1.);
#8221=VECTOR('',#10874,1.);
#8222=VECTOR('',#10875,1.);
#8223=VECTOR('',#10876,1.);
#8224=VECTOR('',#10877,1.);
#8225=VECTOR('',#10878,1.);
#8226=VECTOR('',#10879,1.);
#8227=VECTOR('',#10880,1.);
#8228=VECTOR('',#10881,1.);
#8229=VECTOR('',#10882,1.);
#8230=VECTOR('',#10883,1.);
#8231=VECTOR('',#10884,1.);
#8232=VECTOR('',#10885,1.);
#8233=VECTOR('',#10886,1.);
#8234=VECTOR('',#10887,1.);
#8235=VECTOR('',#10888,1.);
#8236=VECTOR('',#10889,1.);
#8237=VECTOR('',#10890,1.);
#8238=VECTOR('',#10891,1.);
#8239=VECTOR('',#10892,1.);
#8240=VECTOR('',#10893,1.);
#8241=VECTOR('',#10894,1.);
#8242=VECTOR('',#10895,1.);
#8243=VECTOR('',#10896,1.);
#8244=VECTOR('',#10897,1.);
#8245=VECTOR('',#10898,1.);
#8246=VECTOR('',#10899,1.);
#8247=VECTOR('',#10900,1.);
#8248=VECTOR('',#10901,1.);
#8249=VECTOR('',#10902,1.);
#8250=VECTOR('',#10903,1.);
#8251=VECTOR('',#10904,1.);
#8252=VECTOR('',#10905,1.);
#8253=VECTOR('',#10906,1.);
#8254=VECTOR('',#10907,1.);
#8255=VECTOR('',#10908,1.);
#8256=VECTOR('',#10909,1.);
#8257=VECTOR('',#10910,1.);
#8258=VECTOR('',#10911,1.);
#8259=VECTOR('',#10912,1.);
#8260=VECTOR('',#10913,1.);
#8261=VECTOR('',#10914,1.);
#8262=VECTOR('',#10915,1.);
#8263=VECTOR('',#10916,1.);
#8264=VECTOR('',#10917,1.);
#8265=VECTOR('',#10918,1.);
#8266=VECTOR('',#10919,1.);
#8267=VECTOR('',#10920,1.);
#8268=VECTOR('',#10921,1.);
#8269=VECTOR('',#10922,1.);
#8270=VECTOR('',#10923,1.);
#8271=VECTOR('',#10924,1.);
#8272=VECTOR('',#10925,1.);
#8273=VECTOR('',#10926,1.);
#8274=VECTOR('',#10927,1.);
#8275=VECTOR('',#10928,1.);
#8276=VECTOR('',#10929,1.);
#8277=VECTOR('',#10930,1.);
#8278=VECTOR('',#10931,1.);
#8279=VECTOR('',#10932,1.);
#8280=VECTOR('',#10933,1.);
#8281=VECTOR('',#10934,1.);
#8282=VECTOR('',#10935,1.);
#8283=VECTOR('',#10936,1.);
#8284=VECTOR('',#10937,1.);
#8285=VECTOR('',#10938,1.);
#8286=VECTOR('',#10941,1.);
#8287=VECTOR('',#10946,1.);
#8288=VECTOR('',#10947,1.);
#8289=VECTOR('',#10948,1.);
#8290=VECTOR('',#10949,1.);
#8291=VECTOR('',#10950,1.);
#8292=VECTOR('',#10951,1.);
#8293=VECTOR('',#10952,1.);
#8294=VECTOR('',#10953,1.);
#8295=VECTOR('',#10960,1.);
#8296=VECTOR('',#10961,1.);
#8297=VECTOR('',#10962,1.);
#8298=VECTOR('',#10963,1.);
#8299=VECTOR('',#10964,1.);
#8300=VECTOR('',#10965,1.);
#8301=VECTOR('',#10966,1.);
#8302=VECTOR('',#10967,1.);
#8303=VECTOR('',#10970,1.);
#8304=VECTOR('',#10971,1.);
#8305=VECTOR('',#10972,1.);
#8306=VECTOR('',#10973,1.);
#8307=VECTOR('',#10974,1.);
#8308=VECTOR('',#10975,1.);
#8309=VECTOR('',#10976,1.);
#8310=VECTOR('',#10977,1.);
#8311=VECTOR('',#10980,1.);
#8312=VECTOR('',#10985,1.);
#8313=VECTOR('',#10986,1.);
#8314=VECTOR('',#10987,1.);
#8315=VECTOR('',#10988,1.);
#8316=VECTOR('',#10989,1.);
#8317=VECTOR('',#10990,1.);
#8318=VECTOR('',#10991,1.);
#8319=VECTOR('',#10992,1.);
#8320=VECTOR('',#10999,1.);
#8321=VECTOR('',#11000,1.);
#8322=VECTOR('',#11001,1.);
#8323=VECTOR('',#11002,1.);
#8324=VECTOR('',#11005,1.);
#8325=VECTOR('',#11006,1.);
#8326=VECTOR('',#11007,1.);
#8327=VECTOR('',#11008,1.);
#8328=VECTOR('',#11009,1.);
#8329=VECTOR('',#11010,1.);
#8330=VECTOR('',#11011,1.);
#8331=VECTOR('',#11012,1.);
#8332=VECTOR('',#11013,1.);
#8333=VECTOR('',#11014,1.);
#8334=VECTOR('',#11015,1.);
#8335=VECTOR('',#11016,1.);
#8336=VECTOR('',#11017,1.);
#8337=VECTOR('',#11018,1.);
#8338=VECTOR('',#11019,1.);
#8339=VECTOR('',#11020,1.);
#8340=VECTOR('',#11021,1.);
#8341=VECTOR('',#11022,1.);
#8342=VECTOR('',#11023,1.);
#8343=VECTOR('',#11024,1.);
#8344=VECTOR('',#11025,1.);
#8345=VECTOR('',#11026,1.);
#8346=VECTOR('',#11027,1.);
#8347=VECTOR('',#11028,1.);
#8348=VECTOR('',#11029,1.);
#8349=VECTOR('',#11030,1.);
#8350=VECTOR('',#11031,1.);
#8351=VECTOR('',#11032,1.);
#8352=VECTOR('',#11033,1.);
#8353=VECTOR('',#11034,1.);
#8354=VECTOR('',#11035,1.);
#8355=VECTOR('',#11036,1.);
#8356=VECTOR('',#11037,1.);
#8357=VECTOR('',#11038,1.);
#8358=VECTOR('',#11039,1.);
#8359=VECTOR('',#11040,1.);
#8360=VECTOR('',#11041,1.);
#8361=VECTOR('',#11042,1.);
#8362=VECTOR('',#11043,1.);
#8363=VECTOR('',#11044,1.);
#8364=VECTOR('',#11045,1.);
#8365=VECTOR('',#11046,1.);
#8366=VECTOR('',#11047,1.);
#8367=VECTOR('',#11048,1.);
#8368=VECTOR('',#11049,1.);
#8369=VECTOR('',#11050,1.);
#8370=VECTOR('',#11051,1.);
#8371=VECTOR('',#11052,1.);
#8372=VECTOR('',#11053,1.);
#8373=VECTOR('',#11054,1.);
#8374=VECTOR('',#11055,1.);
#8375=VECTOR('',#11056,1.);
#8376=VECTOR('',#11057,1.);
#8377=VECTOR('',#11058,1.);
#8378=VECTOR('',#11059,1.);
#8379=VECTOR('',#11060,1.);
#8380=VECTOR('',#11061,1.);
#8381=VECTOR('',#11062,1.);
#8382=VECTOR('',#11063,1.);
#8383=VECTOR('',#11064,1.);
#8384=VECTOR('',#11065,1.);
#8385=VECTOR('',#11066,1.);
#8386=VECTOR('',#11067,1.);
#8387=VECTOR('',#11068,1.);
#8388=VECTOR('',#11069,1.);
#8389=VECTOR('',#11070,1.);
#8390=VECTOR('',#11071,1.);
#8391=VECTOR('',#11072,1.);
#8392=VECTOR('',#11073,1.);
#8393=VECTOR('',#11074,1.);
#8394=VECTOR('',#11075,1.);
#8395=VECTOR('',#11076,1.);
#8396=VECTOR('',#11077,1.);
#8397=VECTOR('',#11078,1.);
#8398=VECTOR('',#11079,1.);
#8399=VECTOR('',#11080,1.);
#8400=VECTOR('',#11081,1.);
#8401=VECTOR('',#11082,1.);
#8402=VECTOR('',#11083,1.);
#8403=VECTOR('',#11084,1.);
#8404=VECTOR('',#11085,1.);
#8405=VECTOR('',#11086,1.);
#8406=VECTOR('',#11087,1.);
#8407=VECTOR('',#11088,1.);
#8408=VECTOR('',#11089,1.);
#8409=VECTOR('',#11090,1.);
#8410=VECTOR('',#11091,1.);
#8411=VECTOR('',#11092,1.);
#8412=VECTOR('',#11093,1.);
#8413=VECTOR('',#11094,1.);
#8414=VECTOR('',#11095,1.);
#8415=VECTOR('',#11096,1.);
#8416=VECTOR('',#11097,1.);
#8417=VECTOR('',#11098,1.);
#8418=VECTOR('',#11099,1.);
#8419=VECTOR('',#11100,1.);
#8420=VECTOR('',#11101,1.);
#8421=VECTOR('',#11102,1.);
#8422=VECTOR('',#11103,1.);
#8423=VECTOR('',#11104,1.);
#8424=VECTOR('',#11105,1.);
#8425=VECTOR('',#11106,1.);
#8426=VECTOR('',#11107,1.);
#8427=VECTOR('',#11108,1.);
#8428=VECTOR('',#11109,1.);
#8429=VECTOR('',#11110,1.);
#8430=VECTOR('',#11111,1.);
#8431=VECTOR('',#11112,1.);
#8432=VECTOR('',#11113,1.);
#8433=VECTOR('',#11114,1.);
#8434=VECTOR('',#11115,1.);
#8435=VECTOR('',#11116,1.);
#8436=VECTOR('',#11117,1.);
#8437=VECTOR('',#11118,1.);
#8438=VECTOR('',#11119,1.);
#8439=VECTOR('',#11120,1.);
#8440=VECTOR('',#11121,1.);
#8441=VECTOR('',#11122,1.);
#8442=VECTOR('',#11123,1.);
#8443=VECTOR('',#11124,1.);
#8444=VECTOR('',#11125,1.);
#8445=VECTOR('',#11126,1.);
#8446=VECTOR('',#11127,1.);
#8447=VECTOR('',#11128,1.);
#8448=VECTOR('',#11129,1.);
#8449=VECTOR('',#11130,1.);
#8450=VECTOR('',#11131,1.);
#8451=VECTOR('',#11132,1.);
#8452=VECTOR('',#11133,1.);
#8453=VECTOR('',#11134,1.);
#8454=VECTOR('',#11135,1.);
#8455=VECTOR('',#11136,1.);
#8456=VECTOR('',#11137,1.);
#8457=VECTOR('',#11138,1.);
#8458=VECTOR('',#11139,1.);
#8459=VECTOR('',#11140,1.);
#8460=VECTOR('',#11141,1.);
#8461=VECTOR('',#11142,1.);
#8462=VECTOR('',#11143,1.);
#8463=VECTOR('',#11144,1.);
#8464=VECTOR('',#11145,1.);
#8465=VECTOR('',#11146,1.);
#8466=VECTOR('',#11147,1.);
#8467=VECTOR('',#11148,1.);
#8468=VECTOR('',#11149,1.);
#8469=VECTOR('',#11150,1.);
#8470=VECTOR('',#11151,1.);
#8471=VECTOR('',#11152,1.);
#8472=VECTOR('',#11153,1.);
#8473=VECTOR('',#11154,1.);
#8474=VECTOR('',#11155,1.);
#8475=VECTOR('',#11156,1.);
#8476=VECTOR('',#11157,1.);
#8477=VECTOR('',#11158,1.);
#8478=VECTOR('',#11159,1.);
#8479=VECTOR('',#11160,1.);
#8480=VECTOR('',#11161,1.);
#8481=VECTOR('',#11162,1.);
#8482=VECTOR('',#11163,1.);
#8483=VECTOR('',#11164,1.);
#8484=VECTOR('',#11165,1.);
#8485=VECTOR('',#11166,1.);
#8486=VECTOR('',#11167,1.);
#8487=VECTOR('',#11168,1.);
#8488=VECTOR('',#11169,1.);
#8489=VECTOR('',#11170,1.);
#8490=VECTOR('',#11171,1.);
#8491=VECTOR('',#11172,1.);
#8492=VECTOR('',#11173,1.);
#8493=VECTOR('',#11174,1.);
#8494=VECTOR('',#11175,1.);
#8495=VECTOR('',#11176,1.);
#8496=VECTOR('',#11177,1.);
#8497=VECTOR('',#11178,1.);
#8498=VECTOR('',#11179,1.);
#8499=VECTOR('',#11180,1.);
#8500=VECTOR('',#11181,1.);
#8501=VECTOR('',#11182,1.);
#8502=VECTOR('',#11183,1.);
#8503=VECTOR('',#11184,1.);
#8504=VECTOR('',#11185,1.);
#8505=VECTOR('',#11186,1.);
#8506=VECTOR('',#11187,1.);
#8507=VECTOR('',#11188,1.);
#8508=VECTOR('',#11189,1.);
#8509=VECTOR('',#11190,1.);
#8510=VECTOR('',#11191,1.);
#8511=VECTOR('',#11192,1.);
#8512=VECTOR('',#11193,1.);
#8513=VECTOR('',#11194,1.);
#8514=VECTOR('',#11195,1.);
#8515=VECTOR('',#11196,1.);
#8516=VECTOR('',#11197,1.);
#8517=VECTOR('',#11198,1.);
#8518=VECTOR('',#11199,1.);
#8519=VECTOR('',#11200,1.);
#8520=VECTOR('',#11201,1.);
#8521=VECTOR('',#11202,1.);
#8522=VECTOR('',#11203,1.);
#8523=VECTOR('',#11204,1.);
#8524=VECTOR('',#11205,1.);
#8525=VECTOR('',#11206,1.);
#8526=VECTOR('',#11207,1.);
#8527=VECTOR('',#11208,1.);
#8528=VECTOR('',#11209,1.);
#8529=VECTOR('',#11210,1.);
#8530=VECTOR('',#11211,1.);
#8531=VECTOR('',#11212,1.);
#8532=VECTOR('',#11213,1.);
#8533=VECTOR('',#11214,1.);
#8534=VECTOR('',#11215,1.);
#8535=VECTOR('',#11216,1.);
#8536=VECTOR('',#11217,1.);
#8537=VECTOR('',#11218,1.);
#8538=VECTOR('',#11219,1.);
#8539=VECTOR('',#11220,1.);
#8540=VECTOR('',#11221,1.);
#8541=VECTOR('',#11222,1.);
#8542=VECTOR('',#11223,1.);
#8543=VECTOR('',#11224,1.);
#8544=VECTOR('',#11225,1.);
#8545=VECTOR('',#11226,1.);
#8546=VECTOR('',#11227,1.);
#8547=VECTOR('',#11228,1.);
#8548=VECTOR('',#11229,1.);
#8549=VECTOR('',#11230,1.);
#8550=VECTOR('',#11231,1.);
#8551=VECTOR('',#11232,1.);
#8552=VECTOR('',#11233,1.);
#8553=VECTOR('',#11234,1.);
#8554=VECTOR('',#11235,1.);
#8555=VECTOR('',#11236,1.);
#8556=VECTOR('',#11237,1.);
#8557=VECTOR('',#11238,1.);
#8558=VECTOR('',#11239,1.);
#8559=VECTOR('',#11240,1.);
#8560=VECTOR('',#11241,1.);
#8561=VECTOR('',#11242,1.);
#8562=VECTOR('',#11243,1.);
#8563=VECTOR('',#11244,1.);
#8564=VECTOR('',#11245,1.);
#8565=VECTOR('',#11246,1.);
#8566=VECTOR('',#11247,1.);
#8567=VECTOR('',#11248,1.);
#8568=VECTOR('',#11249,1.);
#8569=VECTOR('',#11250,1.);
#8570=VECTOR('',#11251,1.);
#8571=VECTOR('',#11252,1.);
#8572=VECTOR('',#11253,1.);
#8573=VECTOR('',#11254,1.);
#8574=VECTOR('',#11255,1.);
#8575=VECTOR('',#11256,1.);
#8576=VECTOR('',#11257,1.);
#8577=VECTOR('',#11258,1.);
#8578=VECTOR('',#11259,1.);
#8579=VECTOR('',#11260,1.);
#8580=VECTOR('',#11261,1.);
#8581=VECTOR('',#11262,1.);
#8582=VECTOR('',#11263,1.);
#8583=VECTOR('',#11264,1.);
#8584=VECTOR('',#11265,1.);
#8585=VECTOR('',#11266,1.);
#8586=VECTOR('',#11267,1.);
#8587=VECTOR('',#11268,1.);
#8588=VECTOR('',#11269,1.);
#8589=VECTOR('',#11270,1.);
#8590=VECTOR('',#11271,1.);
#8591=VECTOR('',#11272,1.);
#8592=VECTOR('',#11273,1.);
#8593=VECTOR('',#11274,1.);
#8594=VECTOR('',#11275,1.);
#8595=VECTOR('',#11276,1.);
#8596=VECTOR('',#11277,1.);
#8597=VECTOR('',#11278,1.);
#8598=VECTOR('',#11279,1.);
#8599=VECTOR('',#11280,1.);
#8600=VECTOR('',#11281,1.);
#8601=VECTOR('',#11282,1.);
#8602=VECTOR('',#11283,1.);
#8603=VECTOR('',#11284,1.);
#8604=VECTOR('',#11285,1.);
#8605=VECTOR('',#11286,1.);
#8606=VECTOR('',#11287,1.);
#8607=VECTOR('',#11288,1.);
#8608=VECTOR('',#11289,1.);
#8609=VECTOR('',#11290,1.);
#8610=VECTOR('',#11291,1.);
#8611=VECTOR('',#11292,1.);
#8612=VECTOR('',#11293,1.);
#8613=VECTOR('',#11294,1.);
#8614=VECTOR('',#11295,1.);
#8615=VECTOR('',#11296,1.);
#8616=VECTOR('',#11297,1.);
#8617=VECTOR('',#11298,1.);
#8618=VECTOR('',#11299,1.);
#8619=VECTOR('',#11300,1.);
#8620=VECTOR('',#11301,1.);
#8621=VECTOR('',#11302,1.);
#8622=VECTOR('',#11303,1.);
#8623=VECTOR('',#11304,1.);
#8624=VECTOR('',#11305,1.);
#8625=VECTOR('',#11306,1.);
#8626=VECTOR('',#11307,1.);
#8627=VECTOR('',#11308,1.);
#8628=VECTOR('',#11309,1.);
#8629=VECTOR('',#11310,1.);
#8630=VECTOR('',#11311,1.);
#8631=VECTOR('',#11312,1.);
#8632=VECTOR('',#11313,1.);
#8633=VECTOR('',#11314,1.);
#8634=VECTOR('',#11315,1.);
#8635=VECTOR('',#11316,1.);
#8636=VECTOR('',#11317,1.);
#8637=VECTOR('',#11318,1.);
#8638=VECTOR('',#11319,1.);
#8639=VECTOR('',#11320,1.);
#8640=VECTOR('',#11321,1.);
#8641=VECTOR('',#11322,1.);
#8642=VECTOR('',#11323,1.);
#8643=VECTOR('',#11324,1.);
#8644=VECTOR('',#11325,1.);
#8645=VECTOR('',#11326,1.);
#8646=VECTOR('',#11327,1.);
#8647=VECTOR('',#11328,1.);
#8648=VECTOR('',#11329,1.);
#8649=VECTOR('',#11330,1.);
#8650=VECTOR('',#11331,1.);
#8651=VECTOR('',#11332,1.);
#8652=VECTOR('',#11333,1.);
#8653=VECTOR('',#11334,1.);
#8654=VECTOR('',#11335,1.);
#8655=VECTOR('',#11336,1.);
#8656=VECTOR('',#11337,1.);
#8657=VECTOR('',#11338,1.);
#8658=VECTOR('',#11339,1.);
#8659=VECTOR('',#11340,1.);
#8660=VECTOR('',#11341,1.);
#8661=VECTOR('',#11342,1.);
#8662=VECTOR('',#11343,1.);
#8663=VECTOR('',#11344,1.);
#8664=VECTOR('',#11345,1.);
#8665=VECTOR('',#11346,1.);
#8666=VECTOR('',#11347,1.);
#8667=VECTOR('',#11348,1.);
#8668=VECTOR('',#11349,1.);
#8669=VECTOR('',#11350,1.);
#8670=VECTOR('',#11351,1.);
#8671=VECTOR('',#11352,1.);
#8672=VECTOR('',#11353,1.);
#8673=VECTOR('',#11354,1.);
#8674=VECTOR('',#11355,1.);
#8675=VECTOR('',#11356,1.);
#8676=VECTOR('',#11357,1.);
#8677=VECTOR('',#11358,1.);
#8678=VECTOR('',#11359,1.);
#8679=VECTOR('',#11360,1.);
#8680=VECTOR('',#11361,1.);
#8681=VECTOR('',#11362,1.);
#8682=VECTOR('',#11363,1.);
#8683=VECTOR('',#11364,1.);
#8684=VECTOR('',#11365,1.);
#8685=VECTOR('',#11366,1.);
#8686=VECTOR('',#11367,1.);
#8687=VECTOR('',#11368,1.);
#8688=VECTOR('',#11369,1.);
#8689=VECTOR('',#11370,1.);
#8690=VECTOR('',#11371,1.);
#8691=VECTOR('',#11372,1.);
#8692=VECTOR('',#11373,1.);
#8693=VECTOR('',#11374,1.);
#8694=VECTOR('',#11375,1.);
#8695=VECTOR('',#11376,1.);
#8696=VECTOR('',#11377,1.);
#8697=VECTOR('',#11378,1.);
#8698=VECTOR('',#11379,1.);
#8699=VECTOR('',#11380,1.);
#8700=VECTOR('',#11381,1.);
#8701=VECTOR('',#11382,1.);
#8702=VECTOR('',#11383,1.);
#8703=VECTOR('',#11384,1.);
#8704=VECTOR('',#11385,1.);
#8705=VECTOR('',#11386,1.);
#8706=VECTOR('',#11387,1.);
#8707=VECTOR('',#11388,1.);
#8708=VECTOR('',#11389,1.);
#8709=VECTOR('',#11390,1.);
#8710=VECTOR('',#11391,1.);
#8711=VECTOR('',#11392,1.);
#8712=VECTOR('',#11393,1.);
#8713=VECTOR('',#11394,1.);
#8714=VECTOR('',#11395,1.);
#8715=VECTOR('',#11396,1.);
#8716=VECTOR('',#11397,1.);
#8717=VECTOR('',#11398,1.);
#8718=VECTOR('',#11399,1.);
#8719=VECTOR('',#11400,1.);
#8720=VECTOR('',#11401,1.);
#8721=VECTOR('',#11402,1.);
#8722=VECTOR('',#11403,1.);
#8723=VECTOR('',#11404,1.);
#8724=VECTOR('',#11405,1.);
#8725=VECTOR('',#11406,1.);
#8726=VECTOR('',#11407,1.);
#8727=VECTOR('',#11408,1.);
#8728=VECTOR('',#11409,1.);
#8729=VECTOR('',#11410,1.);
#8730=VECTOR('',#11411,1.);
#8731=VECTOR('',#11412,1.);
#8732=VECTOR('',#11413,1.);
#8733=VECTOR('',#11414,1.);
#8734=VECTOR('',#11415,1.);
#8735=VECTOR('',#11416,1.);
#8736=VECTOR('',#11417,1.);
#8737=VECTOR('',#11418,1.);
#8738=VECTOR('',#11419,1.);
#8739=VECTOR('',#11420,1.);
#8740=VECTOR('',#11421,1.);
#8741=VECTOR('',#11422,1.);
#8742=VECTOR('',#11423,1.);
#8743=VECTOR('',#11424,1.);
#8744=VECTOR('',#11425,1.);
#8745=VECTOR('',#11426,1.);
#8746=VECTOR('',#11427,1.);
#8747=VECTOR('',#11428,1.);
#8748=VECTOR('',#11429,1.);
#8749=VECTOR('',#11430,1.);
#8750=VECTOR('',#11431,1.);
#8751=VECTOR('',#11432,1.);
#8752=VECTOR('',#11433,1.);
#8753=VECTOR('',#11434,1.);
#8754=VECTOR('',#11435,1.);
#8755=VECTOR('',#11436,1.);
#8756=VECTOR('',#11437,1.);
#8757=VECTOR('',#11438,1.);
#8758=VECTOR('',#11439,1.);
#8759=VECTOR('',#11440,1.);
#8760=VECTOR('',#11441,1.);
#8761=VECTOR('',#11442,1.);
#8762=VECTOR('',#11443,1.);
#8763=VECTOR('',#11444,1.);
#8764=VECTOR('',#11445,1.);
#8765=VECTOR('',#11446,1.);
#8766=VECTOR('',#11447,1.);
#8767=VECTOR('',#11448,1.);
#8768=VECTOR('',#11449,1.);
#8769=VECTOR('',#11450,1.);
#8770=VECTOR('',#11451,1.);
#8771=VECTOR('',#11452,1.);
#8772=VECTOR('',#11453,1.);
#8773=VECTOR('',#11454,1.);
#8774=VECTOR('',#11455,1.);
#8775=VECTOR('',#11456,1.);
#8776=VECTOR('',#11457,1.);
#8777=VECTOR('',#11458,1.);
#8778=VECTOR('',#11459,1.);
#8779=VECTOR('',#11460,1.);
#8780=VECTOR('',#11461,1.);
#8781=VECTOR('',#11462,1.);
#8782=VECTOR('',#11463,1.);
#8783=VECTOR('',#11464,1.);
#8784=VECTOR('',#11465,1.);
#8785=VECTOR('',#11466,1.);
#8786=VECTOR('',#11467,1.);
#8787=VECTOR('',#11468,1.);
#8788=VECTOR('',#11469,1.);
#8789=VECTOR('',#11470,1.);
#8790=VECTOR('',#11471,1.);
#8791=VECTOR('',#11472,1.);
#8792=VECTOR('',#11473,1.);
#8793=VECTOR('',#11474,1.);
#8794=VECTOR('',#11475,1.);
#8795=VECTOR('',#11476,1.);
#8796=VECTOR('',#11477,1.);
#8797=VECTOR('',#11478,1.);
#8798=VECTOR('',#11479,1.);
#8799=VECTOR('',#11480,1.);
#8800=VECTOR('',#11481,1.);
#8801=VECTOR('',#11482,1.);
#8802=VECTOR('',#11483,1.);
#8803=VECTOR('',#11484,1.);
#8804=VECTOR('',#11485,1.);
#8805=VECTOR('',#11486,1.);
#8806=VECTOR('',#11487,1.);
#8807=VECTOR('',#11488,1.);
#8808=VECTOR('',#11489,1.);
#8809=VECTOR('',#11490,1.);
#8810=VECTOR('',#11491,1.);
#8811=VECTOR('',#11492,1.);
#8812=VECTOR('',#11493,1.);
#8813=VECTOR('',#11494,1.);
#8814=VECTOR('',#11495,1.);
#8815=VECTOR('',#11496,1.);
#8816=VECTOR('',#11497,1.);
#8817=VECTOR('',#11498,1.);
#8818=VECTOR('',#11499,1.);
#8819=VECTOR('',#11500,1.);
#8820=VECTOR('',#11501,1.);
#8821=VECTOR('',#11502,1.);
#8822=VECTOR('',#11503,1.);
#8823=VECTOR('',#11504,1.);
#8824=VECTOR('',#11505,1.);
#8825=VECTOR('',#11506,1.);
#8826=VECTOR('',#11507,1.);
#8827=VECTOR('',#11508,1.);
#8828=VECTOR('',#11509,1.);
#8829=VECTOR('',#11510,1.);
#8830=VECTOR('',#11511,1.);
#8831=VECTOR('',#11512,1.);
#8832=VECTOR('',#11513,1.);
#8833=VECTOR('',#11514,1.);
#8834=VECTOR('',#11515,1.);
#8835=VECTOR('',#11516,1.);
#8836=VECTOR('',#11517,1.);
#8837=VECTOR('',#11518,1.);
#8838=VECTOR('',#11519,1.);
#8839=VECTOR('',#11520,1.);
#8840=VECTOR('',#11521,1.);
#8841=VECTOR('',#11522,1.);
#8842=VECTOR('',#11523,1.);
#8843=VECTOR('',#11524,1.);
#8844=VECTOR('',#11525,1.);
#8845=VECTOR('',#11526,1.);
#8846=VECTOR('',#11527,1.);
#8847=VECTOR('',#11528,1.);
#8848=VECTOR('',#11529,1.);
#8849=VECTOR('',#11530,1.);
#8850=VECTOR('',#11531,1.);
#8851=VECTOR('',#11532,1.);
#8852=VECTOR('',#11533,1.);
#8853=VECTOR('',#11534,1.);
#8854=VECTOR('',#11535,1.);
#8855=VECTOR('',#11536,1.);
#8856=VECTOR('',#11537,1.);
#8857=VECTOR('',#11538,1.);
#8858=VECTOR('',#11539,1.);
#8859=VECTOR('',#11540,1.);
#8860=VECTOR('',#11541,1.);
#8861=VECTOR('',#11542,1.);
#8862=VECTOR('',#11543,1.);
#8863=VECTOR('',#11544,1.);
#8864=VECTOR('',#11545,1.);
#8865=VECTOR('',#11546,1.);
#8866=VECTOR('',#11547,1.);
#8867=VECTOR('',#11548,1.);
#8868=VECTOR('',#11549,1.);
#8869=VECTOR('',#11550,1.);
#8870=VECTOR('',#11551,1.);
#8871=VECTOR('',#11552,1.);
#8872=VECTOR('',#11553,1.);
#8873=VECTOR('',#11554,1.);
#8874=VECTOR('',#11555,1.);
#8875=VECTOR('',#11556,1.);
#8876=VECTOR('',#11557,1.);
#8877=VECTOR('',#11558,1.);
#8878=VECTOR('',#11559,1.);
#8879=VECTOR('',#11560,1.);
#8880=VECTOR('',#11561,1.);
#8881=VECTOR('',#11562,1.);
#8882=VECTOR('',#11563,1.);
#8883=VECTOR('',#11564,1.);
#8884=VECTOR('',#11565,1.);
#8885=VECTOR('',#11566,1.);
#8886=VECTOR('',#11567,1.);
#8887=VECTOR('',#11568,1.);
#8888=VECTOR('',#11569,1.);
#8889=VECTOR('',#11570,1.);
#8890=VECTOR('',#11571,1.);
#8891=VECTOR('',#11572,1.);
#8892=VECTOR('',#11573,1.);
#8893=VECTOR('',#11574,1.);
#8894=VECTOR('',#11575,1.);
#8895=VECTOR('',#11576,1.);
#8896=VECTOR('',#11577,1.);
#8897=VECTOR('',#11578,1.);
#8898=VECTOR('',#11579,1.);
#8899=VECTOR('',#11580,1.);
#8900=VECTOR('',#11581,1.);
#8901=VECTOR('',#11582,1.);
#8902=VECTOR('',#11583,1.);
#8903=VECTOR('',#11584,1.);
#8904=VECTOR('',#11585,1.);
#8905=VECTOR('',#11586,1.);
#8906=VECTOR('',#11587,1.);
#8907=VECTOR('',#11588,1.);
#8908=VECTOR('',#11589,1.);
#8909=VECTOR('',#11590,1.);
#8910=VECTOR('',#11591,1.);
#8911=VECTOR('',#11592,1.);
#8912=VECTOR('',#11593,1.);
#8913=VECTOR('',#11594,1.);
#8914=VECTOR('',#11595,1.);
#8915=VECTOR('',#11596,1.);
#8916=VECTOR('',#11597,1.);
#8917=VECTOR('',#11598,1.);
#8918=VECTOR('',#11599,1.);
#8919=VECTOR('',#11600,1.);
#8920=VECTOR('',#11601,1.);
#8921=VECTOR('',#11602,1.);
#8922=VECTOR('',#11603,1.);
#8923=VECTOR('',#11604,1.);
#8924=VECTOR('',#11605,1.);
#8925=VECTOR('',#11606,1.);
#8926=VECTOR('',#11607,1.);
#8927=VECTOR('',#11608,1.);
#8928=VECTOR('',#11609,1.);
#8929=VECTOR('',#11610,1.);
#8930=VECTOR('',#11611,1.);
#8931=VECTOR('',#11612,1.);
#8932=VECTOR('',#11613,1.);
#8933=VECTOR('',#11614,1.);
#8934=VECTOR('',#11615,1.);
#8935=VECTOR('',#11616,1.);
#8936=VECTOR('',#11617,1.);
#8937=VECTOR('',#11618,1.);
#8938=VECTOR('',#11619,1.);
#8939=VECTOR('',#11620,1.);
#8940=VECTOR('',#11621,1.);
#8941=VECTOR('',#11622,1.);
#8942=VECTOR('',#11623,1.);
#8943=VECTOR('',#11624,1.);
#8944=VECTOR('',#11625,1.);
#8945=VECTOR('',#11626,1.);
#8946=VECTOR('',#11627,1.);
#8947=VECTOR('',#11628,1.);
#8948=VECTOR('',#11629,1.);
#8949=VECTOR('',#11630,1.);
#8950=VECTOR('',#11631,1.);
#8951=VECTOR('',#11632,1.);
#8952=VECTOR('',#11633,1.);
#8953=VECTOR('',#11634,1.);
#8954=VECTOR('',#11635,1.);
#8955=VECTOR('',#11636,1.);
#8956=VECTOR('',#11637,1.);
#8957=VECTOR('',#11638,1.);
#8958=VECTOR('',#11639,1.);
#8959=VECTOR('',#11640,1.);
#8960=VECTOR('',#11641,1.);
#8961=VECTOR('',#11642,1.);
#8962=VECTOR('',#11643,1.);
#8963=VECTOR('',#11644,1.);
#8964=VECTOR('',#11645,1.);
#8965=VECTOR('',#11646,1.);
#8966=VECTOR('',#11647,1.);
#8967=VECTOR('',#11648,1.);
#8968=VECTOR('',#11649,1.);
#8969=VECTOR('',#11650,1.);
#8970=VECTOR('',#11651,1.);
#8971=VECTOR('',#11652,1.);
#8972=VECTOR('',#11653,1.);
#8973=VECTOR('',#11654,1.);
#8974=VECTOR('',#11655,1.);
#8975=VECTOR('',#11656,1.);
#8976=VECTOR('',#11657,1.);
#8977=VECTOR('',#11658,1.);
#8978=VECTOR('',#11659,1.);
#8979=VECTOR('',#11660,1.);
#8980=VECTOR('',#11661,1.);
#8981=VECTOR('',#11662,1.);
#8982=VECTOR('',#11663,1.);
#8983=VECTOR('',#11664,1.);
#8984=VECTOR('',#11665,1.);
#8985=VECTOR('',#11666,1.);
#8986=VECTOR('',#11667,1.);
#8987=VECTOR('',#11668,1.);
#8988=VECTOR('',#11669,1.);
#8989=VECTOR('',#11670,1.);
#8990=VECTOR('',#11671,1.);
#8991=VECTOR('',#11672,1.);
#8992=VECTOR('',#11673,1.);
#8993=VECTOR('',#11674,1.);
#8994=VECTOR('',#11675,1.);
#8995=VECTOR('',#11676,1.);
#8996=VECTOR('',#11677,1.);
#8997=VECTOR('',#11678,1.);
#8998=VECTOR('',#11679,1.);
#8999=VECTOR('',#11680,1.);
#9000=VECTOR('',#11681,1.);
#9001=VECTOR('',#11682,1.);
#9002=VECTOR('',#11683,1.);
#9003=VECTOR('',#11684,1.);
#9004=VECTOR('',#11685,1.);
#9005=VECTOR('',#11686,1.);
#9006=VECTOR('',#11687,1.);
#9007=VECTOR('',#11688,1.);
#9008=VECTOR('',#11689,1.);
#9009=VECTOR('',#11690,1.);
#9010=VECTOR('',#11691,1.);
#9011=VECTOR('',#11692,1.);
#9012=VECTOR('',#11693,1.);
#9013=VECTOR('',#11694,1.);
#9014=VECTOR('',#11695,1.);
#9015=VECTOR('',#11696,1.);
#9016=VECTOR('',#11697,1.);
#9017=VECTOR('',#11698,1.);
#9018=VECTOR('',#11699,1.);
#9019=VECTOR('',#11700,1.);
#9020=VECTOR('',#11701,1.);
#9021=VECTOR('',#11702,1.);
#9022=VECTOR('',#11703,1.);
#9023=VECTOR('',#11704,1.);
#9024=VECTOR('',#11705,1.);
#9025=VECTOR('',#11706,1.);
#9026=VECTOR('',#11707,1.);
#9027=VECTOR('',#11708,1.);
#9028=VECTOR('',#11709,1.);
#9029=VECTOR('',#11710,1.);
#9030=VECTOR('',#11711,1.);
#9031=VECTOR('',#11712,1.);
#9032=VECTOR('',#11713,1.);
#9033=VECTOR('',#11714,1.);
#9034=VECTOR('',#11715,1.);
#9035=VECTOR('',#11716,1.);
#9036=VECTOR('',#11717,1.);
#9037=VECTOR('',#11718,1.);
#9038=VECTOR('',#11719,1.);
#9039=VECTOR('',#11720,1.);
#9040=VECTOR('',#11721,1.);
#9041=VECTOR('',#11722,1.);
#9042=VECTOR('',#11723,1.);
#9043=VECTOR('',#11724,1.);
#9044=VECTOR('',#11725,1.);
#9045=VECTOR('',#11726,1.);
#9046=VECTOR('',#11727,1.);
#9047=VECTOR('',#11728,1.);
#9048=VECTOR('',#11729,1.);
#9049=VECTOR('',#11730,1.);
#9050=VECTOR('',#11731,1.);
#9051=VECTOR('',#11732,1.);
#9052=VECTOR('',#11733,1.);
#9053=VECTOR('',#11734,1.);
#9054=VECTOR('',#11735,1.);
#9055=VECTOR('',#11736,1.);
#9056=VECTOR('',#11737,1.);
#9057=VECTOR('',#11738,1.);
#9058=VECTOR('',#11739,1.);
#9059=VECTOR('',#11740,1.);
#9060=VECTOR('',#11741,1.);
#9061=VECTOR('',#11742,1.);
#9062=VECTOR('',#11743,1.);
#9063=VECTOR('',#11744,1.);
#9064=VECTOR('',#11745,1.);
#9065=VECTOR('',#11746,1.);
#9066=VECTOR('',#11747,1.);
#9067=VECTOR('',#11748,1.);
#9068=VECTOR('',#11749,1.);
#9069=VECTOR('',#11750,1.);
#9070=VECTOR('',#11751,1.);
#9071=VECTOR('',#11752,1.);
#9072=VECTOR('',#11753,1.);
#9073=VECTOR('',#11754,1.);
#9074=VECTOR('',#11755,1.);
#9075=VECTOR('',#11756,1.);
#9076=VECTOR('',#11757,1.);
#9077=VECTOR('',#11758,1.);
#9078=VECTOR('',#11759,1.);
#9079=VECTOR('',#11760,1.);
#9080=VECTOR('',#11761,1.);
#9081=VECTOR('',#11762,1.);
#9082=VECTOR('',#11763,1.);
#9083=VECTOR('',#11764,1.);
#9084=VECTOR('',#11765,1.);
#9085=VECTOR('',#11766,1.);
#9086=VECTOR('',#11767,1.);
#9087=VECTOR('',#11768,1.);
#9088=VECTOR('',#11769,1.);
#9089=VECTOR('',#11770,1.);
#9090=VECTOR('',#11771,1.);
#9091=VECTOR('',#11772,1.);
#9092=VECTOR('',#11773,1.);
#9093=VECTOR('',#11774,1.);
#9094=VECTOR('',#11775,1.);
#9095=VECTOR('',#11776,1.);
#9096=VECTOR('',#11777,1.);
#9097=VECTOR('',#11778,1.);
#9098=VECTOR('',#11779,1.);
#9099=VECTOR('',#11780,1.);
#9100=VECTOR('',#11781,1.);
#9101=VECTOR('',#11782,1.);
#9102=VECTOR('',#11783,1.);
#9103=VECTOR('',#11784,1.);
#9104=VECTOR('',#11785,1.);
#9105=VECTOR('',#11786,1.);
#9106=VECTOR('',#11787,1.);
#9107=VECTOR('',#11788,1.);
#9108=VECTOR('',#11789,1.);
#9109=VECTOR('',#11790,1.);
#9110=VECTOR('',#11791,1.);
#9111=VECTOR('',#11792,1.);
#9112=VECTOR('',#11793,1.);
#9113=VECTOR('',#11794,1.);
#9114=VECTOR('',#11795,1.);
#9115=VECTOR('',#11796,1.);
#9116=VECTOR('',#11797,1.);
#9117=VECTOR('',#11798,1.);
#9118=VECTOR('',#11799,1.);
#9119=VECTOR('',#11800,1.);
#9120=VECTOR('',#11801,1.);
#9121=VECTOR('',#11802,1.);
#9122=VECTOR('',#11803,1.);
#9123=VECTOR('',#11804,1.);
#9124=VECTOR('',#11805,1.);
#9125=VECTOR('',#11806,1.);
#9126=VECTOR('',#11807,1.);
#9127=VECTOR('',#11808,1.);
#9128=VECTOR('',#11809,1.);
#9129=VECTOR('',#11810,1.);
#9130=VECTOR('',#11811,1.);
#9131=VECTOR('',#11812,1.);
#9132=VECTOR('',#11813,1.);
#9133=VECTOR('',#11814,1.);
#9134=VECTOR('',#11815,1.);
#9135=VECTOR('',#11816,1.);
#9136=VECTOR('',#11817,1.);
#9137=VECTOR('',#11818,1.);
#9138=VECTOR('',#11819,1.);
#9139=VECTOR('',#11820,1.);
#9140=VECTOR('',#11821,1.);
#9141=VECTOR('',#11822,1.);
#9142=VECTOR('',#11823,1.);
#9143=VECTOR('',#11824,1.);
#9144=VECTOR('',#11825,1.);
#9145=VECTOR('',#11826,1.);
#9146=VECTOR('',#11827,1.);
#9147=VECTOR('',#11828,1.);
#9148=VECTOR('',#11829,1.);
#9149=VECTOR('',#11830,1.);
#9150=VECTOR('',#11831,1.);
#9151=VECTOR('',#11832,1.);
#9152=VECTOR('',#11833,1.);
#9153=VECTOR('',#11834,1.);
#9154=VECTOR('',#11835,1.);
#9155=VECTOR('',#11836,1.);
#9156=VECTOR('',#11837,1.);
#9157=VECTOR('',#11838,1.);
#9158=VECTOR('',#11839,1.);
#9159=VECTOR('',#11840,1.);
#9160=VECTOR('',#11841,1.);
#9161=VECTOR('',#11842,1.);
#9162=VECTOR('',#11843,1.);
#9163=VECTOR('',#11844,1.);
#9164=VECTOR('',#11845,1.);
#9165=VECTOR('',#11846,1.);
#9166=VECTOR('',#11847,1.);
#9167=VECTOR('',#11848,1.);
#9168=VECTOR('',#11849,1.);
#9169=VECTOR('',#11850,1.);
#9170=VECTOR('',#11851,1.);
#9171=VECTOR('',#11852,1.);
#9172=VECTOR('',#11853,1.);
#9173=VECTOR('',#11854,1.);
#9174=VECTOR('',#11855,1.);
#9175=VECTOR('',#11856,1.);
#9176=VECTOR('',#11857,1.);
#9177=VECTOR('',#11858,1.);
#9178=VECTOR('',#11859,1.);
#9179=VECTOR('',#11860,1.);
#9180=VECTOR('',#11861,1.);
#9181=VECTOR('',#11862,1.);
#9182=VECTOR('',#11863,1.);
#9183=VECTOR('',#11864,1.);
#9184=VECTOR('',#11865,1.);
#9185=VECTOR('',#11866,1.);
#9186=VECTOR('',#11867,1.);
#9187=VECTOR('',#11868,1.);
#9188=VECTOR('',#11869,1.);
#9189=VECTOR('',#11870,1.);
#9190=VECTOR('',#11871,1.);
#9191=VECTOR('',#11872,1.);
#9192=VECTOR('',#11873,1.);
#9193=VECTOR('',#11874,1.);
#9194=VECTOR('',#11875,1.);
#9195=VECTOR('',#11876,1.);
#9196=VECTOR('',#11877,1.);
#9197=VECTOR('',#11878,1.);
#9198=VECTOR('',#11879,1.);
#9199=VECTOR('',#11880,1.);
#9200=VECTOR('',#11881,1.);
#9201=VECTOR('',#11882,1.);
#9202=VECTOR('',#11883,1.);
#9203=VECTOR('',#11884,1.);
#9204=VECTOR('',#11885,1.);
#9205=VECTOR('',#11886,1.);
#9206=VECTOR('',#11887,1.);
#9207=VECTOR('',#11888,1.);
#9208=VECTOR('',#11889,1.);
#9209=VECTOR('',#11890,1.);
#9210=VECTOR('',#11891,1.);
#9211=VECTOR('',#11892,1.);
#9212=VECTOR('',#11893,1.);
#9213=VECTOR('',#11894,1.);
#9214=VECTOR('',#11895,1.);
#9215=VECTOR('',#11896,1.);
#9216=VECTOR('',#11897,1.);
#9217=VECTOR('',#11898,1.);
#9218=VECTOR('',#11899,1.);
#9219=VECTOR('',#11900,1.);
#9220=VECTOR('',#11901,1.);
#9221=VECTOR('',#11902,1.);
#9222=VECTOR('',#11903,1.);
#9223=VECTOR('',#11904,1.);
#9224=VECTOR('',#11905,1.);
#9225=VECTOR('',#11906,1.);
#9226=VECTOR('',#11907,1.);
#9227=VECTOR('',#11908,1.);
#9228=VECTOR('',#11909,1.);
#9229=VECTOR('',#11910,1.);
#9230=VECTOR('',#11911,1.);
#9231=VECTOR('',#11912,1.);
#9232=VECTOR('',#11913,1.);
#9233=VECTOR('',#11914,1.);
#9234=VECTOR('',#11915,1.);
#9235=VECTOR('',#11916,1.);
#9236=VECTOR('',#11917,1.);
#9237=VECTOR('',#11918,1.);
#9238=VECTOR('',#11919,1.);
#9239=VECTOR('',#11920,1.);
#9240=VECTOR('',#11921,1.);
#9241=VECTOR('',#11922,1.);
#9242=VECTOR('',#11923,1.);
#9243=VECTOR('',#11924,1.);
#9244=VECTOR('',#11925,1.);
#9245=VECTOR('',#11926,1.);
#9246=VECTOR('',#11927,1.);
#9247=VECTOR('',#11928,1.);
#9248=VECTOR('',#11929,1.);
#9249=VECTOR('',#11930,1.);
#9250=VECTOR('',#11931,1.);
#9251=VECTOR('',#11932,1.);
#9252=VECTOR('',#11933,1.);
#9253=VECTOR('',#11934,1.);
#9254=VECTOR('',#11935,1.);
#9255=VECTOR('',#11936,1.);
#9256=VECTOR('',#11937,1.);
#9257=VERTEX_POINT('',#12989);
#9258=VERTEX_POINT('',#12990);
#9259=VERTEX_POINT('',#12991);
#9260=VERTEX_POINT('',#12992);
#9261=VERTEX_POINT('',#12993);
#9262=VERTEX_POINT('',#12994);
#9263=VERTEX_POINT('',#12995);
#9264=VERTEX_POINT('',#12996);
#9265=VERTEX_POINT('',#12997);
#9266=VERTEX_POINT('',#12998);
#9267=VERTEX_POINT('',#12999);
#9268=VERTEX_POINT('',#13000);
#9269=VERTEX_POINT('',#13001);
#9270=VERTEX_POINT('',#13002);
#9271=VERTEX_POINT('',#13003);
#9272=VERTEX_POINT('',#13004);
#9273=VERTEX_POINT('',#13005);
#9274=VERTEX_POINT('',#13006);
#9275=VERTEX_POINT('',#13007);
#9276=VERTEX_POINT('',#13008);
#9277=VERTEX_POINT('',#13009);
#9278=VERTEX_POINT('',#13010);
#9279=VERTEX_POINT('',#13011);
#9280=VERTEX_POINT('',#13012);
#9281=VERTEX_POINT('',#13013);
#9282=VERTEX_POINT('',#13014);
#9283=VERTEX_POINT('',#13015);
#9284=VERTEX_POINT('',#13016);
#9285=VERTEX_POINT('',#13017);
#9286=VERTEX_POINT('',#13018);
#9287=VERTEX_POINT('',#13019);
#9288=VERTEX_POINT('',#13020);
#9289=VERTEX_POINT('',#13021);
#9290=VERTEX_POINT('',#13022);
#9291=VERTEX_POINT('',#13023);
#9292=VERTEX_POINT('',#13024);
#9293=VERTEX_POINT('',#13025);
#9294=VERTEX_POINT('',#13026);
#9295=VERTEX_POINT('',#13027);
#9296=VERTEX_POINT('',#13028);
#9297=VERTEX_POINT('',#13029);
#9298=VERTEX_POINT('',#13030);
#9299=VERTEX_POINT('',#13031);
#9300=VERTEX_POINT('',#13032);
#9301=VERTEX_POINT('',#13033);
#9302=VERTEX_POINT('',#13034);
#9303=VERTEX_POINT('',#13035);
#9304=VERTEX_POINT('',#13036);
#9305=VERTEX_POINT('',#13037);
#9306=VERTEX_POINT('',#13038);
#9307=VERTEX_POINT('',#13039);
#9308=VERTEX_POINT('',#13040);
#9309=VERTEX_POINT('',#13041);
#9310=VERTEX_POINT('',#13042);
#9311=VERTEX_POINT('',#13043);
#9312=VERTEX_POINT('',#13044);
#9313=VERTEX_POINT('',#13045);
#9314=VERTEX_POINT('',#13046);
#9315=VERTEX_POINT('',#13047);
#9316=VERTEX_POINT('',#13048);
#9317=VERTEX_POINT('',#13049);
#9318=VERTEX_POINT('',#13050);
#9319=VERTEX_POINT('',#13051);
#9320=VERTEX_POINT('',#13052);
#9321=VERTEX_POINT('',#13053);
#9322=VERTEX_POINT('',#13054);
#9323=VERTEX_POINT('',#13055);
#9324=VERTEX_POINT('',#13056);
#9325=VERTEX_POINT('',#13057);
#9326=VERTEX_POINT('',#13058);
#9327=VERTEX_POINT('',#13059);
#9328=VERTEX_POINT('',#13060);
#9329=VERTEX_POINT('',#13061);
#9330=VERTEX_POINT('',#13062);
#9331=VERTEX_POINT('',#13063);
#9332=VERTEX_POINT('',#13064);
#9333=VERTEX_POINT('',#13065);
#9334=VERTEX_POINT('',#13066);
#9335=VERTEX_POINT('',#13067);
#9336=VERTEX_POINT('',#13068);
#9337=VERTEX_POINT('',#13069);
#9338=VERTEX_POINT('',#13070);
#9339=VERTEX_POINT('',#13071);
#9340=VERTEX_POINT('',#13072);
#9341=VERTEX_POINT('',#13073);
#9342=VERTEX_POINT('',#13074);
#9343=VERTEX_POINT('',#13075);
#9344=VERTEX_POINT('',#13076);
#9345=VERTEX_POINT('',#13077);
#9346=VERTEX_POINT('',#13078);
#9347=VERTEX_POINT('',#13079);
#9348=VERTEX_POINT('',#13080);
#9349=VERTEX_POINT('',#13081);
#9350=VERTEX_POINT('',#13082);
#9351=VERTEX_POINT('',#13083);
#9352=VERTEX_POINT('',#13084);
#9353=VERTEX_POINT('',#13085);
#9354=VERTEX_POINT('',#13086);
#9355=VERTEX_POINT('',#13087);
#9356=VERTEX_POINT('',#13088);
#9357=VERTEX_POINT('',#13089);
#9358=VERTEX_POINT('',#13090);
#9359=VERTEX_POINT('',#13091);
#9360=VERTEX_POINT('',#13092);
#9361=VERTEX_POINT('',#13093);
#9362=VERTEX_POINT('',#13094);
#9363=VERTEX_POINT('',#13095);
#9364=VERTEX_POINT('',#13096);
#9365=VERTEX_POINT('',#13097);
#9366=VERTEX_POINT('',#13098);
#9367=VERTEX_POINT('',#13099);
#9368=VERTEX_POINT('',#13100);
#9369=VERTEX_POINT('',#13101);
#9370=VERTEX_POINT('',#13102);
#9371=VERTEX_POINT('',#13103);
#9372=VERTEX_POINT('',#13104);
#9373=VERTEX_POINT('',#13105);
#9374=VERTEX_POINT('',#13106);
#9375=VERTEX_POINT('',#13107);
#9376=VERTEX_POINT('',#13108);
#9377=VERTEX_POINT('',#13109);
#9378=VERTEX_POINT('',#13110);
#9379=VERTEX_POINT('',#13111);
#9380=VERTEX_POINT('',#13112);
#9381=VERTEX_POINT('',#13113);
#9382=VERTEX_POINT('',#13114);
#9383=VERTEX_POINT('',#13115);
#9384=VERTEX_POINT('',#13116);
#9385=VERTEX_POINT('',#13117);
#9386=VERTEX_POINT('',#13118);
#9387=VERTEX_POINT('',#13119);
#9388=VERTEX_POINT('',#13120);
#9389=VERTEX_POINT('',#13121);
#9390=VERTEX_POINT('',#13122);
#9391=VERTEX_POINT('',#13123);
#9392=VERTEX_POINT('',#13124);
#9393=VERTEX_POINT('',#13125);
#9394=VERTEX_POINT('',#13126);
#9395=VERTEX_POINT('',#13127);
#9396=VERTEX_POINT('',#13128);
#9397=VERTEX_POINT('',#13129);
#9398=VERTEX_POINT('',#13130);
#9399=VERTEX_POINT('',#13131);
#9400=VERTEX_POINT('',#13132);
#9401=VERTEX_POINT('',#13133);
#9402=VERTEX_POINT('',#13134);
#9403=VERTEX_POINT('',#13135);
#9404=VERTEX_POINT('',#13136);
#9405=VERTEX_POINT('',#13137);
#9406=VERTEX_POINT('',#13138);
#9407=VERTEX_POINT('',#13139);
#9408=VERTEX_POINT('',#13140);
#9409=VERTEX_POINT('',#13141);
#9410=VERTEX_POINT('',#13142);
#9411=VERTEX_POINT('',#13143);
#9412=VERTEX_POINT('',#13144);
#9413=VERTEX_POINT('',#13145);
#9414=VERTEX_POINT('',#13146);
#9415=VERTEX_POINT('',#13147);
#9416=VERTEX_POINT('',#13148);
#9417=VERTEX_POINT('',#13149);
#9418=VERTEX_POINT('',#13150);
#9419=VERTEX_POINT('',#13151);
#9420=VERTEX_POINT('',#13152);
#9421=VERTEX_POINT('',#13153);
#9422=VERTEX_POINT('',#13154);
#9423=VERTEX_POINT('',#13155);
#9424=VERTEX_POINT('',#13156);
#9425=VERTEX_POINT('',#13157);
#9426=VERTEX_POINT('',#13158);
#9427=VERTEX_POINT('',#13159);
#9428=VERTEX_POINT('',#13160);
#9429=VERTEX_POINT('',#13161);
#9430=VERTEX_POINT('',#13162);
#9431=VERTEX_POINT('',#13163);
#9432=VERTEX_POINT('',#13164);
#9433=VERTEX_POINT('',#13165);
#9434=VERTEX_POINT('',#13166);
#9435=VERTEX_POINT('',#13167);
#9436=VERTEX_POINT('',#13168);
#9437=VERTEX_POINT('',#13169);
#9438=VERTEX_POINT('',#13170);
#9439=VERTEX_POINT('',#13171);
#9440=VERTEX_POINT('',#13172);
#9441=VERTEX_POINT('',#13173);
#9442=VERTEX_POINT('',#13174);
#9443=VERTEX_POINT('',#13175);
#9444=VERTEX_POINT('',#13176);
#9445=VERTEX_POINT('',#13177);
#9446=VERTEX_POINT('',#13178);
#9447=VERTEX_POINT('',#13179);
#9448=VERTEX_POINT('',#13180);
#9449=VERTEX_POINT('',#13181);
#9450=VERTEX_POINT('',#13182);
#9451=VERTEX_POINT('',#13183);
#9452=VERTEX_POINT('',#13184);
#9453=VERTEX_POINT('',#13185);
#9454=VERTEX_POINT('',#13186);
#9455=VERTEX_POINT('',#13187);
#9456=VERTEX_POINT('',#13188);
#9457=VERTEX_POINT('',#13189);
#9458=VERTEX_POINT('',#13190);
#9459=VERTEX_POINT('',#13191);
#9460=VERTEX_POINT('',#13192);
#9461=VERTEX_POINT('',#13193);
#9462=VERTEX_POINT('',#13194);
#9463=VERTEX_POINT('',#13195);
#9464=VERTEX_POINT('',#13196);
#9465=VERTEX_POINT('',#13197);
#9466=VERTEX_POINT('',#13198);
#9467=VERTEX_POINT('',#13199);
#9468=VERTEX_POINT('',#13200);
#9469=VERTEX_POINT('',#13201);
#9470=VERTEX_POINT('',#13202);
#9471=VERTEX_POINT('',#13203);
#9472=VERTEX_POINT('',#13204);
#9473=VERTEX_POINT('',#13205);
#9474=VERTEX_POINT('',#13206);
#9475=VERTEX_POINT('',#13207);
#9476=VERTEX_POINT('',#13208);
#9477=VERTEX_POINT('',#13209);
#9478=VERTEX_POINT('',#13210);
#9479=VERTEX_POINT('',#13211);
#9480=VERTEX_POINT('',#13212);
#9481=VERTEX_POINT('',#13213);
#9482=VERTEX_POINT('',#13214);
#9483=VERTEX_POINT('',#13215);
#9484=VERTEX_POINT('',#13216);
#9485=VERTEX_POINT('',#13217);
#9486=VERTEX_POINT('',#13218);
#9487=VERTEX_POINT('',#13219);
#9488=VERTEX_POINT('',#13220);
#9489=VERTEX_POINT('',#13221);
#9490=VERTEX_POINT('',#13222);
#9491=VERTEX_POINT('',#13223);
#9492=VERTEX_POINT('',#13224);
#9493=VERTEX_POINT('',#13225);
#9494=VERTEX_POINT('',#13226);
#9495=VERTEX_POINT('',#13227);
#9496=VERTEX_POINT('',#13228);
#9497=VERTEX_POINT('',#13229);
#9498=VERTEX_POINT('',#13230);
#9499=VERTEX_POINT('',#13231);
#9500=VERTEX_POINT('',#13232);
#9501=VERTEX_POINT('',#13233);
#9502=VERTEX_POINT('',#13234);
#9503=VERTEX_POINT('',#13235);
#9504=VERTEX_POINT('',#13236);
#9505=VERTEX_POINT('',#13237);
#9506=VERTEX_POINT('',#13238);
#9507=VERTEX_POINT('',#13239);
#9508=VERTEX_POINT('',#13240);
#9509=VERTEX_POINT('',#13241);
#9510=VERTEX_POINT('',#13242);
#9511=VERTEX_POINT('',#13243);
#9512=VERTEX_POINT('',#13244);
#9513=VERTEX_POINT('',#13245);
#9514=VERTEX_POINT('',#13246);
#9515=VERTEX_POINT('',#13247);
#9516=VERTEX_POINT('',#13248);
#9517=VERTEX_POINT('',#13249);
#9518=VERTEX_POINT('',#13250);
#9519=VERTEX_POINT('',#13251);
#9520=VERTEX_POINT('',#13252);
#9521=VERTEX_POINT('',#13253);
#9522=VERTEX_POINT('',#13254);
#9523=VERTEX_POINT('',#13255);
#9524=VERTEX_POINT('',#13256);
#9525=VERTEX_POINT('',#13257);
#9526=VERTEX_POINT('',#13258);
#9527=VERTEX_POINT('',#13259);
#9528=VERTEX_POINT('',#13260);
#9529=VERTEX_POINT('',#13261);
#9530=VERTEX_POINT('',#13262);
#9531=VERTEX_POINT('',#13263);
#9532=VERTEX_POINT('',#13264);
#9533=VERTEX_POINT('',#13265);
#9534=VERTEX_POINT('',#13266);
#9535=VERTEX_POINT('',#13267);
#9536=VERTEX_POINT('',#13268);
#9537=VERTEX_POINT('',#13269);
#9538=VERTEX_POINT('',#13270);
#9539=VERTEX_POINT('',#13271);
#9540=VERTEX_POINT('',#13272);
#9541=VERTEX_POINT('',#13273);
#9542=VERTEX_POINT('',#13274);
#9543=VERTEX_POINT('',#13275);
#9544=VERTEX_POINT('',#13276);
#9545=VERTEX_POINT('',#13277);
#9546=VERTEX_POINT('',#13278);
#9547=VERTEX_POINT('',#13279);
#9548=VERTEX_POINT('',#13280);
#9549=VERTEX_POINT('',#13281);
#9550=VERTEX_POINT('',#13282);
#9551=VERTEX_POINT('',#13283);
#9552=VERTEX_POINT('',#13284);
#9553=VERTEX_POINT('',#13285);
#9554=VERTEX_POINT('',#13286);
#9555=VERTEX_POINT('',#13287);
#9556=VERTEX_POINT('',#13288);
#9557=VERTEX_POINT('',#13289);
#9558=VERTEX_POINT('',#13290);
#9559=VERTEX_POINT('',#13291);
#9560=VERTEX_POINT('',#13292);
#9561=VERTEX_POINT('',#13293);
#9562=VERTEX_POINT('',#13294);
#9563=VERTEX_POINT('',#13295);
#9564=VERTEX_POINT('',#13296);
#9565=VERTEX_POINT('',#13297);
#9566=VERTEX_POINT('',#13298);
#9567=VERTEX_POINT('',#13299);
#9568=VERTEX_POINT('',#13300);
#9569=VERTEX_POINT('',#13301);
#9570=VERTEX_POINT('',#13302);
#9571=VERTEX_POINT('',#13303);
#9572=VERTEX_POINT('',#13304);
#9573=VERTEX_POINT('',#13305);
#9574=VERTEX_POINT('',#13306);
#9575=VERTEX_POINT('',#13307);
#9576=VERTEX_POINT('',#13308);
#9577=VERTEX_POINT('',#13309);
#9578=VERTEX_POINT('',#13310);
#9579=VERTEX_POINT('',#13311);
#9580=VERTEX_POINT('',#13312);
#9581=VERTEX_POINT('',#13313);
#9582=VERTEX_POINT('',#13314);
#9583=VERTEX_POINT('',#13315);
#9584=VERTEX_POINT('',#13316);
#9585=VERTEX_POINT('',#13317);
#9586=VERTEX_POINT('',#13318);
#9587=VERTEX_POINT('',#13319);
#9588=VERTEX_POINT('',#13320);
#9589=VERTEX_POINT('',#13321);
#9590=VERTEX_POINT('',#13322);
#9591=VERTEX_POINT('',#13323);
#9592=VERTEX_POINT('',#13324);
#9593=VERTEX_POINT('',#13325);
#9594=VERTEX_POINT('',#13326);
#9595=VERTEX_POINT('',#13327);
#9596=VERTEX_POINT('',#13328);
#9597=VERTEX_POINT('',#13329);
#9598=VERTEX_POINT('',#13330);
#9599=VERTEX_POINT('',#13331);
#9600=VERTEX_POINT('',#13332);
#9601=VERTEX_POINT('',#13333);
#9602=VERTEX_POINT('',#13334);
#9603=VERTEX_POINT('',#13335);
#9604=VERTEX_POINT('',#13336);
#9605=VERTEX_POINT('',#13337);
#9606=VERTEX_POINT('',#13338);
#9607=VERTEX_POINT('',#13339);
#9608=VERTEX_POINT('',#13340);
#9609=VERTEX_POINT('',#13341);
#9610=VERTEX_POINT('',#13342);
#9611=VERTEX_POINT('',#13343);
#9612=VERTEX_POINT('',#13344);
#9613=VERTEX_POINT('',#13345);
#9614=VERTEX_POINT('',#13346);
#9615=VERTEX_POINT('',#13347);
#9616=VERTEX_POINT('',#13348);
#9617=VERTEX_POINT('',#13349);
#9618=VERTEX_POINT('',#13350);
#9619=VERTEX_POINT('',#13351);
#9620=VERTEX_POINT('',#13352);
#9621=VERTEX_POINT('',#13353);
#9622=VERTEX_POINT('',#13354);
#9623=VERTEX_POINT('',#13355);
#9624=VERTEX_POINT('',#13356);
#9625=VERTEX_POINT('',#13357);
#9626=VERTEX_POINT('',#13358);
#9627=VERTEX_POINT('',#13359);
#9628=VERTEX_POINT('',#13360);
#9629=VERTEX_POINT('',#13361);
#9630=VERTEX_POINT('',#13362);
#9631=VERTEX_POINT('',#13363);
#9632=VERTEX_POINT('',#13364);
#9633=VERTEX_POINT('',#13365);
#9634=VERTEX_POINT('',#13366);
#9635=VERTEX_POINT('',#13367);
#9636=VERTEX_POINT('',#13368);
#9637=VERTEX_POINT('',#13369);
#9638=VERTEX_POINT('',#13370);
#9639=VERTEX_POINT('',#13371);
#9640=VERTEX_POINT('',#13372);
#9641=VERTEX_POINT('',#13373);
#9642=VERTEX_POINT('',#13374);
#9643=VERTEX_POINT('',#13375);
#9644=VERTEX_POINT('',#13376);
#9645=VERTEX_POINT('',#13377);
#9646=VERTEX_POINT('',#13378);
#9647=VERTEX_POINT('',#13379);
#9648=VERTEX_POINT('',#13380);
#9649=VERTEX_POINT('',#13381);
#9650=VERTEX_POINT('',#13382);
#9651=VERTEX_POINT('',#13383);
#9652=VERTEX_POINT('',#13384);
#9653=VERTEX_POINT('',#13385);
#9654=VERTEX_POINT('',#13386);
#9655=VERTEX_POINT('',#13387);
#9656=VERTEX_POINT('',#13388);
#9657=VERTEX_POINT('',#13389);
#9658=VERTEX_POINT('',#13390);
#9659=VERTEX_POINT('',#13391);
#9660=VERTEX_POINT('',#13392);
#9661=VERTEX_POINT('',#13393);
#9662=VERTEX_POINT('',#13394);
#9663=VERTEX_POINT('',#13395);
#9664=VERTEX_POINT('',#13396);
#9665=VERTEX_POINT('',#13397);
#9666=VERTEX_POINT('',#13398);
#9667=VERTEX_POINT('',#13399);
#9668=VERTEX_POINT('',#13400);
#9669=VERTEX_POINT('',#13401);
#9670=VERTEX_POINT('',#13402);
#9671=VERTEX_POINT('',#13403);
#9672=VERTEX_POINT('',#13404);
#9673=VERTEX_POINT('',#13405);
#9674=VERTEX_POINT('',#13406);
#9675=VERTEX_POINT('',#13407);
#9676=VERTEX_POINT('',#13408);
#9677=VERTEX_POINT('',#13409);
#9678=VERTEX_POINT('',#13410);
#9679=VERTEX_POINT('',#13411);
#9680=VERTEX_POINT('',#13412);
#9681=VERTEX_POINT('',#13413);
#9682=VERTEX_POINT('',#13414);
#9683=VERTEX_POINT('',#13415);
#9684=VERTEX_POINT('',#13416);
#9685=VERTEX_POINT('',#13417);
#9686=VERTEX_POINT('',#13418);
#9687=VERTEX_POINT('',#13419);
#9688=VERTEX_POINT('',#13420);
#9689=VERTEX_POINT('',#13421);
#9690=VERTEX_POINT('',#13422);
#9691=VERTEX_POINT('',#13423);
#9692=VERTEX_POINT('',#13424);
#9693=VERTEX_POINT('',#13425);
#9694=VERTEX_POINT('',#13426);
#9695=VERTEX_POINT('',#13427);
#9696=VERTEX_POINT('',#13428);
#9697=VERTEX_POINT('',#13429);
#9698=VERTEX_POINT('',#13430);
#9699=VERTEX_POINT('',#13431);
#9700=VERTEX_POINT('',#13432);
#9701=VERTEX_POINT('',#13433);
#9702=VERTEX_POINT('',#13434);
#9703=VERTEX_POINT('',#13435);
#9704=VERTEX_POINT('',#13436);
#9705=VERTEX_POINT('',#13437);
#9706=VERTEX_POINT('',#13438);
#9707=VERTEX_POINT('',#13439);
#9708=VERTEX_POINT('',#13440);
#9709=VERTEX_POINT('',#13441);
#9710=VERTEX_POINT('',#13442);
#9711=VERTEX_POINT('',#13443);
#9712=VERTEX_POINT('',#13444);
#9713=VERTEX_POINT('',#13445);
#9714=VERTEX_POINT('',#13446);
#9715=VERTEX_POINT('',#13447);
#9716=VERTEX_POINT('',#13448);
#9717=VERTEX_POINT('',#13449);
#9718=VERTEX_POINT('',#13450);
#9719=VERTEX_POINT('',#13451);
#9720=VERTEX_POINT('',#13452);
#9721=VERTEX_POINT('',#13453);
#9722=VERTEX_POINT('',#13454);
#9723=VERTEX_POINT('',#13455);
#9724=VERTEX_POINT('',#13456);
#9725=VERTEX_POINT('',#13457);
#9726=VERTEX_POINT('',#13458);
#9727=VERTEX_POINT('',#13459);
#9728=VERTEX_POINT('',#13460);
#9729=VERTEX_POINT('',#13461);
#9730=VERTEX_POINT('',#13462);
#9731=VERTEX_POINT('',#13463);
#9732=VERTEX_POINT('',#13464);
#9733=VERTEX_POINT('',#13465);
#9734=VERTEX_POINT('',#13466);
#9735=VERTEX_POINT('',#13467);
#9736=VERTEX_POINT('',#13468);
#9737=VERTEX_POINT('',#13469);
#9738=VERTEX_POINT('',#13470);
#9739=VERTEX_POINT('',#13471);
#9740=VERTEX_POINT('',#13472);
#9741=VERTEX_POINT('',#13473);
#9742=VERTEX_POINT('',#13474);
#9743=VERTEX_POINT('',#13475);
#9744=VERTEX_POINT('',#13476);
#9745=VERTEX_POINT('',#13477);
#9746=VERTEX_POINT('',#13478);
#9747=VERTEX_POINT('',#13479);
#9748=VERTEX_POINT('',#13480);
#9749=VERTEX_POINT('',#13481);
#9750=VERTEX_POINT('',#13482);
#9751=VERTEX_POINT('',#13483);
#9752=VERTEX_POINT('',#13484);
#9753=VERTEX_POINT('',#13485);
#9754=VERTEX_POINT('',#13486);
#9755=VERTEX_POINT('',#13487);
#9756=VERTEX_POINT('',#13488);
#9757=VERTEX_POINT('',#13489);
#9758=VERTEX_POINT('',#13490);
#9759=VERTEX_POINT('',#13491);
#9760=VERTEX_POINT('',#13492);
#9761=VERTEX_POINT('',#13493);
#9762=VERTEX_POINT('',#13494);
#9763=VERTEX_POINT('',#13495);
#9764=VERTEX_POINT('',#13496);
#9765=VERTEX_POINT('',#13497);
#9766=VERTEX_POINT('',#13498);
#9767=VERTEX_POINT('',#13499);
#9768=VERTEX_POINT('',#13500);
#9769=VERTEX_POINT('',#13501);
#9770=VERTEX_POINT('',#13502);
#9771=VERTEX_POINT('',#13503);
#9772=VERTEX_POINT('',#13504);
#9773=VERTEX_POINT('',#13505);
#9774=VERTEX_POINT('',#13506);
#9775=VERTEX_POINT('',#13507);
#9776=VERTEX_POINT('',#13508);
#9777=VERTEX_POINT('',#13509);
#9778=VERTEX_POINT('',#13510);
#9779=VERTEX_POINT('',#13511);
#9780=VERTEX_POINT('',#13512);
#9781=VERTEX_POINT('',#13513);
#9782=VERTEX_POINT('',#13514);
#9783=VERTEX_POINT('',#13515);
#9784=VERTEX_POINT('',#13516);
#9785=VERTEX_POINT('',#13517);
#9786=VERTEX_POINT('',#13518);
#9787=VERTEX_POINT('',#13519);
#9788=VERTEX_POINT('',#13520);
#9789=VERTEX_POINT('',#13521);
#9790=VERTEX_POINT('',#13522);
#9791=VERTEX_POINT('',#13523);
#9792=VERTEX_POINT('',#13524);
#9793=VERTEX_POINT('',#13525);
#9794=VERTEX_POINT('',#13526);
#9795=VERTEX_POINT('',#13527);
#9796=VERTEX_POINT('',#13528);
#9797=VERTEX_POINT('',#13529);
#9798=VERTEX_POINT('',#13530);
#9799=VERTEX_POINT('',#13531);
#9800=VERTEX_POINT('',#13532);
#9801=VERTEX_POINT('',#13533);
#9802=VERTEX_POINT('',#13534);
#9803=VERTEX_POINT('',#13535);
#9804=VERTEX_POINT('',#13536);
#9805=VERTEX_POINT('',#13537);
#9806=VERTEX_POINT('',#13538);
#9807=VERTEX_POINT('',#13539);
#9808=VERTEX_POINT('',#13540);
#9809=VERTEX_POINT('',#13541);
#9810=VERTEX_POINT('',#13542);
#9811=VERTEX_POINT('',#13543);
#9812=VERTEX_POINT('',#13544);
#9813=VERTEX_POINT('',#13545);
#9814=VERTEX_POINT('',#13546);
#9815=VERTEX_POINT('',#13547);
#9816=VERTEX_POINT('',#13548);
#9817=VERTEX_POINT('',#13549);
#9818=VERTEX_POINT('',#13550);
#9819=VERTEX_POINT('',#13551);
#9820=VERTEX_POINT('',#13552);
#9821=VERTEX_POINT('',#13553);
#9822=VERTEX_POINT('',#13554);
#9823=VERTEX_POINT('',#13555);
#9824=VERTEX_POINT('',#13556);
#9825=VERTEX_POINT('',#13557);
#9826=VERTEX_POINT('',#13558);
#9827=VERTEX_POINT('',#13559);
#9828=VERTEX_POINT('',#13560);
#9829=VERTEX_POINT('',#13561);
#9830=VERTEX_POINT('',#13562);
#9831=VERTEX_POINT('',#13563);
#9832=VERTEX_POINT('',#13564);
#9833=VERTEX_POINT('',#13565);
#9834=VERTEX_POINT('',#13566);
#9835=VERTEX_POINT('',#13567);
#9836=VERTEX_POINT('',#13568);
#9837=VERTEX_POINT('',#13569);
#9838=VERTEX_POINT('',#13570);
#9839=VERTEX_POINT('',#13571);
#9840=VERTEX_POINT('',#13572);
#9841=VERTEX_POINT('',#13573);
#9842=VERTEX_POINT('',#13574);
#9843=VERTEX_POINT('',#13575);
#9844=VERTEX_POINT('',#13576);
#9845=VERTEX_POINT('',#13577);
#9846=VERTEX_POINT('',#13578);
#9847=VERTEX_POINT('',#13579);
#9848=VERTEX_POINT('',#13580);
#9849=VERTEX_POINT('',#13581);
#9850=VERTEX_POINT('',#13582);
#9851=VERTEX_POINT('',#13583);
#9852=VERTEX_POINT('',#13584);
#9853=VERTEX_POINT('',#13585);
#9854=VERTEX_POINT('',#13586);
#9855=VERTEX_POINT('',#13587);
#9856=VERTEX_POINT('',#13588);
#9857=VERTEX_POINT('',#13589);
#9858=VERTEX_POINT('',#13590);
#9859=VERTEX_POINT('',#13591);
#9860=VERTEX_POINT('',#13592);
#9861=VERTEX_POINT('',#13593);
#9862=VERTEX_POINT('',#13594);
#9863=VERTEX_POINT('',#13595);
#9864=VERTEX_POINT('',#13596);
#9865=VERTEX_POINT('',#13597);
#9866=VERTEX_POINT('',#13598);
#9867=VERTEX_POINT('',#13599);
#9868=VERTEX_POINT('',#13600);
#9869=VERTEX_POINT('',#13601);
#9870=VERTEX_POINT('',#13602);
#9871=VERTEX_POINT('',#13603);
#9872=VERTEX_POINT('',#13604);
#9873=VERTEX_POINT('',#13605);
#9874=VERTEX_POINT('',#13606);
#9875=VERTEX_POINT('',#13607);
#9876=VERTEX_POINT('',#13608);
#9877=VERTEX_POINT('',#13609);
#9878=VERTEX_POINT('',#13610);
#9879=VERTEX_POINT('',#13611);
#9880=VERTEX_POINT('',#13612);
#9881=VERTEX_POINT('',#13613);
#9882=VERTEX_POINT('',#13614);
#9883=VERTEX_POINT('',#13615);
#9884=VERTEX_POINT('',#13616);
#9885=VERTEX_POINT('',#13617);
#9886=VERTEX_POINT('',#13618);
#9887=VERTEX_POINT('',#13619);
#9888=VERTEX_POINT('',#13620);
#9889=VERTEX_POINT('',#13621);
#9890=VERTEX_POINT('',#13622);
#9891=VERTEX_POINT('',#13623);
#9892=VERTEX_POINT('',#13624);
#9893=VERTEX_POINT('',#13625);
#9894=VERTEX_POINT('',#13626);
#9895=VERTEX_POINT('',#13627);
#9896=VERTEX_POINT('',#13628);
#9897=VERTEX_POINT('',#13629);
#9898=VERTEX_POINT('',#13630);
#9899=VERTEX_POINT('',#13631);
#9900=VERTEX_POINT('',#13632);
#9901=VERTEX_POINT('',#13633);
#9902=VERTEX_POINT('',#13634);
#9903=VERTEX_POINT('',#13635);
#9904=VERTEX_POINT('',#13636);
#9905=VERTEX_POINT('',#13637);
#9906=VERTEX_POINT('',#13638);
#9907=VERTEX_POINT('',#13639);
#9908=VERTEX_POINT('',#13640);
#9909=VERTEX_POINT('',#13641);
#9910=VERTEX_POINT('',#13642);
#9911=VERTEX_POINT('',#13643);
#9912=VERTEX_POINT('',#13644);
#9913=VERTEX_POINT('',#13645);
#9914=VERTEX_POINT('',#13646);
#9915=VERTEX_POINT('',#13647);
#9916=VERTEX_POINT('',#13648);
#9917=VERTEX_POINT('',#13649);
#9918=VERTEX_POINT('',#13650);
#9919=VERTEX_POINT('',#13651);
#9920=VERTEX_POINT('',#13652);
#9921=VERTEX_POINT('',#13653);
#9922=VERTEX_POINT('',#13654);
#9923=VERTEX_POINT('',#13655);
#9924=VERTEX_POINT('',#13656);
#9925=VERTEX_POINT('',#13657);
#9926=VERTEX_POINT('',#13658);
#9927=VERTEX_POINT('',#13659);
#9928=VERTEX_POINT('',#13660);
#9929=VERTEX_POINT('',#13661);
#9930=VERTEX_POINT('',#13662);
#9931=VERTEX_POINT('',#13663);
#9932=VERTEX_POINT('',#13664);
#9933=VERTEX_POINT('',#13665);
#9934=VERTEX_POINT('',#13666);
#9935=VERTEX_POINT('',#13667);
#9936=VERTEX_POINT('',#13668);
#9937=VERTEX_POINT('',#13669);
#9938=VERTEX_POINT('',#13670);
#9939=VERTEX_POINT('',#13671);
#9940=VERTEX_POINT('',#13672);
#9941=VERTEX_POINT('',#13673);
#9942=VERTEX_POINT('',#13674);
#9943=VERTEX_POINT('',#13675);
#9944=VERTEX_POINT('',#13676);
#9945=VERTEX_POINT('',#13677);
#9946=VERTEX_POINT('',#13678);
#9947=VERTEX_POINT('',#13679);
#9948=VERTEX_POINT('',#13680);
#9949=VERTEX_POINT('',#13681);
#9950=VERTEX_POINT('',#13682);
#9951=VERTEX_POINT('',#13683);
#9952=VERTEX_POINT('',#13684);
#9953=VERTEX_POINT('',#13685);
#9954=VERTEX_POINT('',#13686);
#9955=VERTEX_POINT('',#13687);
#9956=VERTEX_POINT('',#13688);
#9957=VERTEX_POINT('',#13689);
#9958=VERTEX_POINT('',#13690);
#9959=VERTEX_POINT('',#13691);
#9960=VERTEX_POINT('',#13692);
#9961=VERTEX_POINT('',#13693);
#9962=VERTEX_POINT('',#13694);
#9963=VERTEX_POINT('',#13695);
#9964=VERTEX_POINT('',#13696);
#9965=VERTEX_POINT('',#13697);
#9966=VERTEX_POINT('',#13698);
#9967=VERTEX_POINT('',#13699);
#9968=VERTEX_POINT('',#13700);
#9969=VERTEX_POINT('',#13701);
#9970=VERTEX_POINT('',#13702);
#9971=VERTEX_POINT('',#13703);
#9972=VERTEX_POINT('',#13704);
#9973=VERTEX_POINT('',#13705);
#9974=VERTEX_POINT('',#13706);
#9975=VERTEX_POINT('',#13707);
#9976=VERTEX_POINT('',#13708);
#9977=VERTEX_POINT('',#13709);
#9978=VERTEX_POINT('',#13710);
#9979=VERTEX_POINT('',#13711);
#9980=VERTEX_POINT('',#13712);
#9981=VERTEX_POINT('',#13713);
#9982=VERTEX_POINT('',#13714);
#9983=VERTEX_POINT('',#13715);
#9984=VERTEX_POINT('',#13716);
#9985=VERTEX_POINT('',#13717);
#9986=VERTEX_POINT('',#13718);
#9987=VERTEX_POINT('',#13719);
#9988=VERTEX_POINT('',#13720);
#9989=VERTEX_POINT('',#13721);
#9990=VERTEX_POINT('',#13722);
#9991=VERTEX_POINT('',#13723);
#9992=VERTEX_POINT('',#13724);
#9993=VERTEX_POINT('',#13725);
#9994=VERTEX_POINT('',#13726);
#9995=VERTEX_POINT('',#13727);
#9996=VERTEX_POINT('',#13728);
#9997=VERTEX_POINT('',#13729);
#9998=VERTEX_POINT('',#13730);
#9999=VERTEX_POINT('',#13731);
#10000=VERTEX_POINT('',#13732);
#10001=VERTEX_POINT('',#13733);
#10002=VERTEX_POINT('',#13734);
#10003=VERTEX_POINT('',#13735);
#10004=VERTEX_POINT('',#13736);
#10005=VERTEX_POINT('',#13737);
#10006=VERTEX_POINT('',#13738);
#10007=VERTEX_POINT('',#13739);
#10008=VERTEX_POINT('',#13740);
#10009=VERTEX_POINT('',#13741);
#10010=VERTEX_POINT('',#13742);
#10011=VERTEX_POINT('',#13743);
#10012=VERTEX_POINT('',#13744);
#10013=VERTEX_POINT('',#13745);
#10014=VERTEX_POINT('',#13746);
#10015=VERTEX_POINT('',#13747);
#10016=VERTEX_POINT('',#13748);
#10017=VERTEX_POINT('',#13749);
#10018=VERTEX_POINT('',#13750);
#10019=VERTEX_POINT('',#13751);
#10020=VERTEX_POINT('',#13752);
#10021=VERTEX_POINT('',#13753);
#10022=VERTEX_POINT('',#13754);
#10023=VERTEX_POINT('',#13755);
#10024=VERTEX_POINT('',#13756);
#10025=VERTEX_POINT('',#13757);
#10026=VERTEX_POINT('',#13758);
#10027=VERTEX_POINT('',#13759);
#10028=VERTEX_POINT('',#13760);
#10029=VERTEX_POINT('',#13761);
#10030=VERTEX_POINT('',#13762);
#10031=VERTEX_POINT('',#13763);
#10032=VERTEX_POINT('',#13764);
#10033=VERTEX_POINT('',#13765);
#10034=VERTEX_POINT('',#13766);
#10035=VERTEX_POINT('',#13767);
#10036=VERTEX_POINT('',#13768);
#10037=VERTEX_POINT('',#13769);
#10038=VERTEX_POINT('',#13770);
#10039=VERTEX_POINT('',#13771);
#10040=VERTEX_POINT('',#13772);
#10041=VERTEX_POINT('',#13773);
#10042=VERTEX_POINT('',#13774);
#10043=VERTEX_POINT('',#13775);
#10044=VERTEX_POINT('',#13776);
#10045=VERTEX_POINT('',#13777);
#10046=VERTEX_POINT('',#13778);
#10047=VERTEX_POINT('',#13779);
#10048=VERTEX_POINT('',#13780);
#10049=VERTEX_POINT('',#13781);
#10050=VERTEX_POINT('',#13782);
#10051=VERTEX_POINT('',#13783);
#10052=VERTEX_POINT('',#13784);
#10053=VERTEX_POINT('',#13785);
#10054=VERTEX_POINT('',#13786);
#10055=VERTEX_POINT('',#13787);
#10056=VERTEX_POINT('',#13788);
#10057=SHAPE_DEFINITION_REPRESENTATION(#15637,#10058);
#10058=SHAPE_REPRESENTATION('master',(#10059),#15639);
#10059=AXIS2_PLACEMENT_3D('',#12988,#10600,#10599);
#10060=AXIS2_PLACEMENT_3D('',#14127,#10940,#10939);
#10061=AXIS2_PLACEMENT_3D('',#14129,#10943,#10942);
#10062=AXIS2_PLACEMENT_3D('',#14130,#10945,#10944);
#10063=AXIS2_PLACEMENT_3D('',#14139,#10955,#10954);
#10064=AXIS2_PLACEMENT_3D('',#14140,#10957,#10956);
#10065=AXIS2_PLACEMENT_3D('',#14141,#10959,#10958);
#10066=AXIS2_PLACEMENT_3D('',#14150,#10969,#10968);
#10067=AXIS2_PLACEMENT_3D('',#14159,#10979,#10978);
#10068=AXIS2_PLACEMENT_3D('',#14161,#10982,#10981);
#10069=AXIS2_PLACEMENT_3D('',#14162,#10984,#10983);
#10070=AXIS2_PLACEMENT_3D('',#14171,#10994,#10993);
#10071=AXIS2_PLACEMENT_3D('',#14172,#10996,#10995);
#10072=AXIS2_PLACEMENT_3D('',#14173,#10998,#10997);
#10073=AXIS2_PLACEMENT_3D('',#14178,#11004,#11003);
#10074=AXIS2_PLACEMENT_3D('',#15112,#11939,#11938);
#10075=AXIS2_PLACEMENT_3D('',#15113,#11941,#11940);
#10076=AXIS2_PLACEMENT_3D('',#15114,#11943,#11942);
#10077=AXIS2_PLACEMENT_3D('',#15115,#11945,#11944);
#10078=AXIS2_PLACEMENT_3D('',#15116,#11947,#11946);
#10079=AXIS2_PLACEMENT_3D('',#15117,#11949,#11948);
#10080=AXIS2_PLACEMENT_3D('',#15118,#11951,#11950);
#10081=AXIS2_PLACEMENT_3D('',#15119,#11953,#11952);
#10082=AXIS2_PLACEMENT_3D('',#15120,#11955,#11954);
#10083=AXIS2_PLACEMENT_3D('',#15121,#11957,#11956);
#10084=AXIS2_PLACEMENT_3D('',#15122,#11959,#11958);
#10085=AXIS2_PLACEMENT_3D('',#15123,#11961,#11960);
#10086=AXIS2_PLACEMENT_3D('',#15124,#11963,#11962);
#10087=AXIS2_PLACEMENT_3D('',#15125,#11965,#11964);
#10088=AXIS2_PLACEMENT_3D('',#15126,#11967,#11966);
#10089=AXIS2_PLACEMENT_3D('',#15127,#11969,#11968);
#10090=AXIS2_PLACEMENT_3D('',#15128,#11971,#11970);
#10091=AXIS2_PLACEMENT_3D('',#15129,#11973,#11972);
#10092=AXIS2_PLACEMENT_3D('',#15130,#11975,#11974);
#10093=AXIS2_PLACEMENT_3D('',#15131,#11977,#11976);
#10094=AXIS2_PLACEMENT_3D('',#15132,#11979,#11978);
#10095=AXIS2_PLACEMENT_3D('',#15133,#11981,#11980);
#10096=AXIS2_PLACEMENT_3D('',#15134,#11983,#11982);
#10097=AXIS2_PLACEMENT_3D('',#15135,#11985,#11984);
#10098=AXIS2_PLACEMENT_3D('',#15136,#11987,#11986);
#10099=AXIS2_PLACEMENT_3D('',#15137,#11989,#11988);
#10100=AXIS2_PLACEMENT_3D('',#15138,#11991,#11990);
#10101=AXIS2_PLACEMENT_3D('',#15139,#11993,#11992);
#10102=AXIS2_PLACEMENT_3D('',#15140,#11995,#11994);
#10103=AXIS2_PLACEMENT_3D('',#15141,#11997,#11996);
#10104=AXIS2_PLACEMENT_3D('',#15142,#11999,#11998);
#10105=AXIS2_PLACEMENT_3D('',#15143,#12001,#12000);
#10106=AXIS2_PLACEMENT_3D('',#15144,#12003,#12002);
#10107=AXIS2_PLACEMENT_3D('',#15145,#12005,#12004);
#10108=AXIS2_PLACEMENT_3D('',#15146,#12007,#12006);
#10109=AXIS2_PLACEMENT_3D('',#15147,#12009,#12008);
#10110=AXIS2_PLACEMENT_3D('',#15148,#12011,#12010);
#10111=AXIS2_PLACEMENT_3D('',#15149,#12013,#12012);
#10112=AXIS2_PLACEMENT_3D('',#15150,#12015,#12014);
#10113=AXIS2_PLACEMENT_3D('',#15151,#12017,#12016);
#10114=AXIS2_PLACEMENT_3D('',#15152,#12019,#12018);
#10115=AXIS2_PLACEMENT_3D('',#15153,#12021,#12020);
#10116=AXIS2_PLACEMENT_3D('',#15154,#12023,#12022);
#10117=AXIS2_PLACEMENT_3D('',#15155,#12025,#12024);
#10118=AXIS2_PLACEMENT_3D('',#15156,#12027,#12026);
#10119=AXIS2_PLACEMENT_3D('',#15157,#12029,#12028);
#10120=AXIS2_PLACEMENT_3D('',#15158,#12031,#12030);
#10121=AXIS2_PLACEMENT_3D('',#15159,#12033,#12032);
#10122=AXIS2_PLACEMENT_3D('',#15160,#12035,#12034);
#10123=AXIS2_PLACEMENT_3D('',#15161,#12037,#12036);
#10124=AXIS2_PLACEMENT_3D('',#15162,#12039,#12038);
#10125=AXIS2_PLACEMENT_3D('',#15163,#12041,#12040);
#10126=AXIS2_PLACEMENT_3D('',#15164,#12043,#12042);
#10127=AXIS2_PLACEMENT_3D('',#15165,#12045,#12044);
#10128=AXIS2_PLACEMENT_3D('',#15166,#12047,#12046);
#10129=AXIS2_PLACEMENT_3D('',#15167,#12049,#12048);
#10130=AXIS2_PLACEMENT_3D('',#15168,#12051,#12050);
#10131=AXIS2_PLACEMENT_3D('',#15169,#12053,#12052);
#10132=AXIS2_PLACEMENT_3D('',#15170,#12055,#12054);
#10133=AXIS2_PLACEMENT_3D('',#15171,#12057,#12056);
#10134=AXIS2_PLACEMENT_3D('',#15172,#12059,#12058);
#10135=AXIS2_PLACEMENT_3D('',#15173,#12061,#12060);
#10136=AXIS2_PLACEMENT_3D('',#15174,#12063,#12062);
#10137=AXIS2_PLACEMENT_3D('',#15175,#12065,#12064);
#10138=AXIS2_PLACEMENT_3D('',#15176,#12067,#12066);
#10139=AXIS2_PLACEMENT_3D('',#15177,#12069,#12068);
#10140=AXIS2_PLACEMENT_3D('',#15178,#12071,#12070);
#10141=AXIS2_PLACEMENT_3D('',#15179,#12073,#12072);
#10142=AXIS2_PLACEMENT_3D('',#15180,#12075,#12074);
#10143=AXIS2_PLACEMENT_3D('',#15181,#12077,#12076);
#10144=AXIS2_PLACEMENT_3D('',#15182,#12079,#12078);
#10145=AXIS2_PLACEMENT_3D('',#15183,#12081,#12080);
#10146=AXIS2_PLACEMENT_3D('',#15184,#12083,#12082);
#10147=AXIS2_PLACEMENT_3D('',#15185,#12085,#12084);
#10148=AXIS2_PLACEMENT_3D('',#15186,#12087,#12086);
#10149=AXIS2_PLACEMENT_3D('',#15187,#12089,#12088);
#10150=AXIS2_PLACEMENT_3D('',#15188,#12091,#12090);
#10151=AXIS2_PLACEMENT_3D('',#15189,#12093,#12092);
#10152=AXIS2_PLACEMENT_3D('',#15190,#12095,#12094);
#10153=AXIS2_PLACEMENT_3D('',#15191,#12097,#12096);
#10154=AXIS2_PLACEMENT_3D('',#15192,#12099,#12098);
#10155=AXIS2_PLACEMENT_3D('',#15193,#12101,#12100);
#10156=AXIS2_PLACEMENT_3D('',#15194,#12103,#12102);
#10157=AXIS2_PLACEMENT_3D('',#15195,#12105,#12104);
#10158=AXIS2_PLACEMENT_3D('',#15196,#12107,#12106);
#10159=AXIS2_PLACEMENT_3D('',#15197,#12109,#12108);
#10160=AXIS2_PLACEMENT_3D('',#15198,#12111,#12110);
#10161=AXIS2_PLACEMENT_3D('',#15199,#12113,#12112);
#10162=AXIS2_PLACEMENT_3D('',#15200,#12115,#12114);
#10163=AXIS2_PLACEMENT_3D('',#15201,#12117,#12116);
#10164=AXIS2_PLACEMENT_3D('',#15202,#12119,#12118);
#10165=AXIS2_PLACEMENT_3D('',#15203,#12121,#12120);
#10166=AXIS2_PLACEMENT_3D('',#15204,#12123,#12122);
#10167=AXIS2_PLACEMENT_3D('',#15205,#12125,#12124);
#10168=AXIS2_PLACEMENT_3D('',#15206,#12127,#12126);
#10169=AXIS2_PLACEMENT_3D('',#15207,#12129,#12128);
#10170=AXIS2_PLACEMENT_3D('',#15208,#12131,#12130);
#10171=AXIS2_PLACEMENT_3D('',#15209,#12133,#12132);
#10172=AXIS2_PLACEMENT_3D('',#15210,#12135,#12134);
#10173=AXIS2_PLACEMENT_3D('',#15211,#12137,#12136);
#10174=AXIS2_PLACEMENT_3D('',#15212,#12139,#12138);
#10175=AXIS2_PLACEMENT_3D('',#15213,#12141,#12140);
#10176=AXIS2_PLACEMENT_3D('',#15214,#12143,#12142);
#10177=AXIS2_PLACEMENT_3D('',#15215,#12145,#12144);
#10178=AXIS2_PLACEMENT_3D('',#15216,#12147,#12146);
#10179=AXIS2_PLACEMENT_3D('',#15217,#12149,#12148);
#10180=AXIS2_PLACEMENT_3D('',#15218,#12151,#12150);
#10181=AXIS2_PLACEMENT_3D('',#15219,#12153,#12152);
#10182=AXIS2_PLACEMENT_3D('',#15220,#12155,#12154);
#10183=AXIS2_PLACEMENT_3D('',#15221,#12157,#12156);
#10184=AXIS2_PLACEMENT_3D('',#15222,#12159,#12158);
#10185=AXIS2_PLACEMENT_3D('',#15223,#12161,#12160);
#10186=AXIS2_PLACEMENT_3D('',#15224,#12163,#12162);
#10187=AXIS2_PLACEMENT_3D('',#15225,#12165,#12164);
#10188=AXIS2_PLACEMENT_3D('',#15226,#12167,#12166);
#10189=AXIS2_PLACEMENT_3D('',#15227,#12169,#12168);
#10190=AXIS2_PLACEMENT_3D('',#15228,#12171,#12170);
#10191=AXIS2_PLACEMENT_3D('',#15229,#12173,#12172);
#10192=AXIS2_PLACEMENT_3D('',#15230,#12175,#12174);
#10193=AXIS2_PLACEMENT_3D('',#15231,#12177,#12176);
#10194=AXIS2_PLACEMENT_3D('',#15232,#12179,#12178);
#10195=AXIS2_PLACEMENT_3D('',#15233,#12181,#12180);
#10196=AXIS2_PLACEMENT_3D('',#15234,#12183,#12182);
#10197=AXIS2_PLACEMENT_3D('',#15235,#12185,#12184);
#10198=AXIS2_PLACEMENT_3D('',#15236,#12187,#12186);
#10199=AXIS2_PLACEMENT_3D('',#15237,#12189,#12188);
#10200=AXIS2_PLACEMENT_3D('',#15238,#12191,#12190);
#10201=AXIS2_PLACEMENT_3D('',#15239,#12193,#12192);
#10202=AXIS2_PLACEMENT_3D('',#15240,#12195,#12194);
#10203=AXIS2_PLACEMENT_3D('',#15241,#12197,#12196);
#10204=AXIS2_PLACEMENT_3D('',#15242,#12199,#12198);
#10205=AXIS2_PLACEMENT_3D('',#15243,#12201,#12200);
#10206=AXIS2_PLACEMENT_3D('',#15244,#12203,#12202);
#10207=AXIS2_PLACEMENT_3D('',#15245,#12205,#12204);
#10208=AXIS2_PLACEMENT_3D('',#15246,#12207,#12206);
#10209=AXIS2_PLACEMENT_3D('',#15247,#12209,#12208);
#10210=AXIS2_PLACEMENT_3D('',#15248,#12211,#12210);
#10211=AXIS2_PLACEMENT_3D('',#15249,#12213,#12212);
#10212=AXIS2_PLACEMENT_3D('',#15250,#12215,#12214);
#10213=AXIS2_PLACEMENT_3D('',#15251,#12217,#12216);
#10214=AXIS2_PLACEMENT_3D('',#15252,#12219,#12218);
#10215=AXIS2_PLACEMENT_3D('',#15253,#12221,#12220);
#10216=AXIS2_PLACEMENT_3D('',#15254,#12223,#12222);
#10217=AXIS2_PLACEMENT_3D('',#15255,#12225,#12224);
#10218=AXIS2_PLACEMENT_3D('',#15256,#12227,#12226);
#10219=AXIS2_PLACEMENT_3D('',#15257,#12229,#12228);
#10220=AXIS2_PLACEMENT_3D('',#15258,#12231,#12230);
#10221=AXIS2_PLACEMENT_3D('',#15259,#12233,#12232);
#10222=AXIS2_PLACEMENT_3D('',#15260,#12235,#12234);
#10223=AXIS2_PLACEMENT_3D('',#15261,#12237,#12236);
#10224=AXIS2_PLACEMENT_3D('',#15262,#12239,#12238);
#10225=AXIS2_PLACEMENT_3D('',#15263,#12241,#12240);
#10226=AXIS2_PLACEMENT_3D('',#15264,#12243,#12242);
#10227=AXIS2_PLACEMENT_3D('',#15265,#12245,#12244);
#10228=AXIS2_PLACEMENT_3D('',#15266,#12247,#12246);
#10229=AXIS2_PLACEMENT_3D('',#15267,#12249,#12248);
#10230=AXIS2_PLACEMENT_3D('',#15268,#12251,#12250);
#10231=AXIS2_PLACEMENT_3D('',#15269,#12253,#12252);
#10232=AXIS2_PLACEMENT_3D('',#15270,#12255,#12254);
#10233=AXIS2_PLACEMENT_3D('',#15271,#12257,#12256);
#10234=AXIS2_PLACEMENT_3D('',#15272,#12259,#12258);
#10235=AXIS2_PLACEMENT_3D('',#15273,#12261,#12260);
#10236=AXIS2_PLACEMENT_3D('',#15274,#12263,#12262);
#10237=AXIS2_PLACEMENT_3D('',#15275,#12265,#12264);
#10238=AXIS2_PLACEMENT_3D('',#15276,#12267,#12266);
#10239=AXIS2_PLACEMENT_3D('',#15277,#12269,#12268);
#10240=AXIS2_PLACEMENT_3D('',#15278,#12271,#12270);
#10241=AXIS2_PLACEMENT_3D('',#15279,#12273,#12272);
#10242=AXIS2_PLACEMENT_3D('',#15280,#12275,#12274);
#10243=AXIS2_PLACEMENT_3D('',#15281,#12277,#12276);
#10244=AXIS2_PLACEMENT_3D('',#15282,#12279,#12278);
#10245=AXIS2_PLACEMENT_3D('',#15283,#12281,#12280);
#10246=AXIS2_PLACEMENT_3D('',#15284,#12283,#12282);
#10247=AXIS2_PLACEMENT_3D('',#15285,#12285,#12284);
#10248=AXIS2_PLACEMENT_3D('',#15286,#12287,#12286);
#10249=AXIS2_PLACEMENT_3D('',#15287,#12289,#12288);
#10250=AXIS2_PLACEMENT_3D('',#15288,#12291,#12290);
#10251=AXIS2_PLACEMENT_3D('',#15289,#12293,#12292);
#10252=AXIS2_PLACEMENT_3D('',#15290,#12295,#12294);
#10253=AXIS2_PLACEMENT_3D('',#15291,#12297,#12296);
#10254=AXIS2_PLACEMENT_3D('',#15292,#12299,#12298);
#10255=AXIS2_PLACEMENT_3D('',#15293,#12301,#12300);
#10256=AXIS2_PLACEMENT_3D('',#15294,#12303,#12302);
#10257=AXIS2_PLACEMENT_3D('',#15295,#12305,#12304);
#10258=AXIS2_PLACEMENT_3D('',#15296,#12307,#12306);
#10259=AXIS2_PLACEMENT_3D('',#15297,#12309,#12308);
#10260=AXIS2_PLACEMENT_3D('',#15298,#12311,#12310);
#10261=AXIS2_PLACEMENT_3D('',#15299,#12313,#12312);
#10262=AXIS2_PLACEMENT_3D('',#15300,#12315,#12314);
#10263=AXIS2_PLACEMENT_3D('',#15301,#12317,#12316);
#10264=AXIS2_PLACEMENT_3D('',#15302,#12319,#12318);
#10265=AXIS2_PLACEMENT_3D('',#15303,#12321,#12320);
#10266=AXIS2_PLACEMENT_3D('',#15304,#12323,#12322);
#10267=AXIS2_PLACEMENT_3D('',#15305,#12325,#12324);
#10268=AXIS2_PLACEMENT_3D('',#15306,#12327,#12326);
#10269=AXIS2_PLACEMENT_3D('',#15307,#12329,#12328);
#10270=AXIS2_PLACEMENT_3D('',#15308,#12331,#12330);
#10271=AXIS2_PLACEMENT_3D('',#15309,#12333,#12332);
#10272=AXIS2_PLACEMENT_3D('',#15310,#12335,#12334);
#10273=AXIS2_PLACEMENT_3D('',#15311,#12337,#12336);
#10274=AXIS2_PLACEMENT_3D('',#15312,#12339,#12338);
#10275=AXIS2_PLACEMENT_3D('',#15313,#12341,#12340);
#10276=AXIS2_PLACEMENT_3D('',#15314,#12343,#12342);
#10277=AXIS2_PLACEMENT_3D('',#15315,#12345,#12344);
#10278=AXIS2_PLACEMENT_3D('',#15316,#12347,#12346);
#10279=AXIS2_PLACEMENT_3D('',#15317,#12349,#12348);
#10280=AXIS2_PLACEMENT_3D('',#15318,#12351,#12350);
#10281=AXIS2_PLACEMENT_3D('',#15319,#12353,#12352);
#10282=AXIS2_PLACEMENT_3D('',#15320,#12355,#12354);
#10283=AXIS2_PLACEMENT_3D('',#15321,#12357,#12356);
#10284=AXIS2_PLACEMENT_3D('',#15322,#12359,#12358);
#10285=AXIS2_PLACEMENT_3D('',#15323,#12361,#12360);
#10286=AXIS2_PLACEMENT_3D('',#15324,#12363,#12362);
#10287=AXIS2_PLACEMENT_3D('',#15325,#12365,#12364);
#10288=AXIS2_PLACEMENT_3D('',#15326,#12367,#12366);
#10289=AXIS2_PLACEMENT_3D('',#15327,#12369,#12368);
#10290=AXIS2_PLACEMENT_3D('',#15328,#12371,#12370);
#10291=AXIS2_PLACEMENT_3D('',#15329,#12373,#12372);
#10292=AXIS2_PLACEMENT_3D('',#15330,#12375,#12374);
#10293=AXIS2_PLACEMENT_3D('',#15331,#12377,#12376);
#10294=AXIS2_PLACEMENT_3D('',#15332,#12379,#12378);
#10295=AXIS2_PLACEMENT_3D('',#15333,#12381,#12380);
#10296=AXIS2_PLACEMENT_3D('',#15334,#12383,#12382);
#10297=AXIS2_PLACEMENT_3D('',#15335,#12385,#12384);
#10298=AXIS2_PLACEMENT_3D('',#15336,#12387,#12386);
#10299=AXIS2_PLACEMENT_3D('',#15337,#12389,#12388);
#10300=AXIS2_PLACEMENT_3D('',#15338,#12391,#12390);
#10301=AXIS2_PLACEMENT_3D('',#15339,#12393,#12392);
#10302=AXIS2_PLACEMENT_3D('',#15340,#12395,#12394);
#10303=AXIS2_PLACEMENT_3D('',#15341,#12397,#12396);
#10304=AXIS2_PLACEMENT_3D('',#15342,#12399,#12398);
#10305=AXIS2_PLACEMENT_3D('',#15343,#12401,#12400);
#10306=AXIS2_PLACEMENT_3D('',#15344,#12403,#12402);
#10307=AXIS2_PLACEMENT_3D('',#15345,#12405,#12404);
#10308=AXIS2_PLACEMENT_3D('',#15346,#12407,#12406);
#10309=AXIS2_PLACEMENT_3D('',#15347,#12409,#12408);
#10310=AXIS2_PLACEMENT_3D('',#15348,#12411,#12410);
#10311=AXIS2_PLACEMENT_3D('',#15349,#12413,#12412);
#10312=AXIS2_PLACEMENT_3D('',#15350,#12415,#12414);
#10313=AXIS2_PLACEMENT_3D('',#15351,#12417,#12416);
#10314=AXIS2_PLACEMENT_3D('',#15352,#12419,#12418);
#10315=AXIS2_PLACEMENT_3D('',#15353,#12421,#12420);
#10316=AXIS2_PLACEMENT_3D('',#15354,#12423,#12422);
#10317=AXIS2_PLACEMENT_3D('',#15355,#12425,#12424);
#10318=AXIS2_PLACEMENT_3D('',#15356,#12427,#12426);
#10319=AXIS2_PLACEMENT_3D('',#15357,#12429,#12428);
#10320=AXIS2_PLACEMENT_3D('',#15358,#12431,#12430);
#10321=AXIS2_PLACEMENT_3D('',#15359,#12433,#12432);
#10322=AXIS2_PLACEMENT_3D('',#15360,#12435,#12434);
#10323=AXIS2_PLACEMENT_3D('',#15361,#12437,#12436);
#10324=AXIS2_PLACEMENT_3D('',#15362,#12439,#12438);
#10325=AXIS2_PLACEMENT_3D('',#15363,#12441,#12440);
#10326=AXIS2_PLACEMENT_3D('',#15364,#12443,#12442);
#10327=AXIS2_PLACEMENT_3D('',#15365,#12445,#12444);
#10328=AXIS2_PLACEMENT_3D('',#15366,#12447,#12446);
#10329=AXIS2_PLACEMENT_3D('',#15367,#12449,#12448);
#10330=AXIS2_PLACEMENT_3D('',#15368,#12451,#12450);
#10331=AXIS2_PLACEMENT_3D('',#15369,#12453,#12452);
#10332=AXIS2_PLACEMENT_3D('',#15370,#12455,#12454);
#10333=AXIS2_PLACEMENT_3D('',#15371,#12457,#12456);
#10334=AXIS2_PLACEMENT_3D('',#15372,#12459,#12458);
#10335=AXIS2_PLACEMENT_3D('',#15373,#12461,#12460);
#10336=AXIS2_PLACEMENT_3D('',#15374,#12463,#12462);
#10337=AXIS2_PLACEMENT_3D('',#15375,#12465,#12464);
#10338=AXIS2_PLACEMENT_3D('',#15376,#12467,#12466);
#10339=AXIS2_PLACEMENT_3D('',#15377,#12469,#12468);
#10340=AXIS2_PLACEMENT_3D('',#15378,#12471,#12470);
#10341=AXIS2_PLACEMENT_3D('',#15379,#12473,#12472);
#10342=AXIS2_PLACEMENT_3D('',#15380,#12475,#12474);
#10343=AXIS2_PLACEMENT_3D('',#15381,#12477,#12476);
#10344=AXIS2_PLACEMENT_3D('',#15382,#12479,#12478);
#10345=AXIS2_PLACEMENT_3D('',#15383,#12481,#12480);
#10346=AXIS2_PLACEMENT_3D('',#15384,#12483,#12482);
#10347=AXIS2_PLACEMENT_3D('',#15385,#12485,#12484);
#10348=AXIS2_PLACEMENT_3D('',#15386,#12487,#12486);
#10349=AXIS2_PLACEMENT_3D('',#15387,#12489,#12488);
#10350=AXIS2_PLACEMENT_3D('',#15388,#12491,#12490);
#10351=AXIS2_PLACEMENT_3D('',#15389,#12493,#12492);
#10352=AXIS2_PLACEMENT_3D('',#15390,#12495,#12494);
#10353=AXIS2_PLACEMENT_3D('',#15391,#12497,#12496);
#10354=AXIS2_PLACEMENT_3D('',#15392,#12499,#12498);
#10355=AXIS2_PLACEMENT_3D('',#15393,#12501,#12500);
#10356=AXIS2_PLACEMENT_3D('',#15394,#12503,#12502);
#10357=AXIS2_PLACEMENT_3D('',#15395,#12505,#12504);
#10358=AXIS2_PLACEMENT_3D('',#15396,#12507,#12506);
#10359=AXIS2_PLACEMENT_3D('',#15397,#12509,#12508);
#10360=AXIS2_PLACEMENT_3D('',#15398,#12511,#12510);
#10361=AXIS2_PLACEMENT_3D('',#15399,#12513,#12512);
#10362=AXIS2_PLACEMENT_3D('',#15400,#12515,#12514);
#10363=AXIS2_PLACEMENT_3D('',#15401,#12517,#12516);
#10364=AXIS2_PLACEMENT_3D('',#15402,#12519,#12518);
#10365=AXIS2_PLACEMENT_3D('',#15403,#12521,#12520);
#10366=AXIS2_PLACEMENT_3D('',#15404,#12523,#12522);
#10367=AXIS2_PLACEMENT_3D('',#15405,#12525,#12524);
#10368=AXIS2_PLACEMENT_3D('',#15406,#12527,#12526);
#10369=AXIS2_PLACEMENT_3D('',#15407,#12529,#12528);
#10370=AXIS2_PLACEMENT_3D('',#15408,#12531,#12530);
#10371=AXIS2_PLACEMENT_3D('',#15409,#12533,#12532);
#10372=AXIS2_PLACEMENT_3D('',#15410,#12535,#12534);
#10373=AXIS2_PLACEMENT_3D('',#15411,#12537,#12536);
#10374=AXIS2_PLACEMENT_3D('',#15412,#12539,#12538);
#10375=AXIS2_PLACEMENT_3D('',#15413,#12541,#12540);
#10376=AXIS2_PLACEMENT_3D('',#15414,#12543,#12542);
#10377=AXIS2_PLACEMENT_3D('',#15415,#12545,#12544);
#10378=AXIS2_PLACEMENT_3D('',#15416,#12547,#12546);
#10379=AXIS2_PLACEMENT_3D('',#15417,#12549,#12548);
#10380=AXIS2_PLACEMENT_3D('',#15418,#12551,#12550);
#10381=AXIS2_PLACEMENT_3D('',#15419,#12553,#12552);
#10382=AXIS2_PLACEMENT_3D('',#15420,#12555,#12554);
#10383=AXIS2_PLACEMENT_3D('',#15421,#12557,#12556);
#10384=AXIS2_PLACEMENT_3D('',#15422,#12559,#12558);
#10385=AXIS2_PLACEMENT_3D('',#15423,#12561,#12560);
#10386=AXIS2_PLACEMENT_3D('',#15424,#12563,#12562);
#10387=AXIS2_PLACEMENT_3D('',#15425,#12565,#12564);
#10388=AXIS2_PLACEMENT_3D('',#15426,#12567,#12566);
#10389=AXIS2_PLACEMENT_3D('',#15427,#12569,#12568);
#10390=AXIS2_PLACEMENT_3D('',#15428,#12571,#12570);
#10391=AXIS2_PLACEMENT_3D('',#15429,#12573,#12572);
#10392=AXIS2_PLACEMENT_3D('',#15430,#12575,#12574);
#10393=AXIS2_PLACEMENT_3D('',#15431,#12577,#12576);
#10394=AXIS2_PLACEMENT_3D('',#15432,#12579,#12578);
#10395=AXIS2_PLACEMENT_3D('',#15433,#12581,#12580);
#10396=AXIS2_PLACEMENT_3D('',#15434,#12583,#12582);
#10397=AXIS2_PLACEMENT_3D('',#15435,#12585,#12584);
#10398=AXIS2_PLACEMENT_3D('',#15436,#12587,#12586);
#10399=AXIS2_PLACEMENT_3D('',#15437,#12589,#12588);
#10400=AXIS2_PLACEMENT_3D('',#15438,#12591,#12590);
#10401=AXIS2_PLACEMENT_3D('',#15439,#12593,#12592);
#10402=AXIS2_PLACEMENT_3D('',#15440,#12595,#12594);
#10403=AXIS2_PLACEMENT_3D('',#15441,#12597,#12596);
#10404=AXIS2_PLACEMENT_3D('',#15442,#12599,#12598);
#10405=AXIS2_PLACEMENT_3D('',#15443,#12601,#12600);
#10406=AXIS2_PLACEMENT_3D('',#15444,#12603,#12602);
#10407=AXIS2_PLACEMENT_3D('',#15445,#12605,#12604);
#10408=AXIS2_PLACEMENT_3D('',#15446,#12607,#12606);
#10409=AXIS2_PLACEMENT_3D('',#15447,#12609,#12608);
#10410=AXIS2_PLACEMENT_3D('',#15448,#12611,#12610);
#10411=AXIS2_PLACEMENT_3D('',#15449,#12613,#12612);
#10412=AXIS2_PLACEMENT_3D('',#15450,#12615,#12614);
#10413=AXIS2_PLACEMENT_3D('',#15451,#12617,#12616);
#10414=AXIS2_PLACEMENT_3D('',#15452,#12619,#12618);
#10415=AXIS2_PLACEMENT_3D('',#15453,#12621,#12620);
#10416=AXIS2_PLACEMENT_3D('',#15454,#12623,#12622);
#10417=AXIS2_PLACEMENT_3D('',#15455,#12625,#12624);
#10418=AXIS2_PLACEMENT_3D('',#15456,#12627,#12626);
#10419=AXIS2_PLACEMENT_3D('',#15457,#12629,#12628);
#10420=AXIS2_PLACEMENT_3D('',#15458,#12631,#12630);
#10421=AXIS2_PLACEMENT_3D('',#15459,#12633,#12632);
#10422=AXIS2_PLACEMENT_3D('',#15460,#12635,#12634);
#10423=AXIS2_PLACEMENT_3D('',#15461,#12637,#12636);
#10424=AXIS2_PLACEMENT_3D('',#15462,#12639,#12638);
#10425=AXIS2_PLACEMENT_3D('',#15463,#12641,#12640);
#10426=AXIS2_PLACEMENT_3D('',#15464,#12643,#12642);
#10427=AXIS2_PLACEMENT_3D('',#15465,#12645,#12644);
#10428=AXIS2_PLACEMENT_3D('',#15466,#12647,#12646);
#10429=AXIS2_PLACEMENT_3D('',#15467,#12649,#12648);
#10430=AXIS2_PLACEMENT_3D('',#15468,#12651,#12650);
#10431=AXIS2_PLACEMENT_3D('',#15469,#12653,#12652);
#10432=AXIS2_PLACEMENT_3D('',#15470,#12655,#12654);
#10433=AXIS2_PLACEMENT_3D('',#15471,#12657,#12656);
#10434=AXIS2_PLACEMENT_3D('',#15472,#12659,#12658);
#10435=AXIS2_PLACEMENT_3D('',#15473,#12661,#12660);
#10436=AXIS2_PLACEMENT_3D('',#15474,#12663,#12662);
#10437=AXIS2_PLACEMENT_3D('',#15475,#12665,#12664);
#10438=AXIS2_PLACEMENT_3D('',#15476,#12667,#12666);
#10439=AXIS2_PLACEMENT_3D('',#15477,#12669,#12668);
#10440=AXIS2_PLACEMENT_3D('',#15478,#12671,#12670);
#10441=AXIS2_PLACEMENT_3D('',#15479,#12673,#12672);
#10442=AXIS2_PLACEMENT_3D('',#15480,#12675,#12674);
#10443=AXIS2_PLACEMENT_3D('',#15481,#12677,#12676);
#10444=AXIS2_PLACEMENT_3D('',#15482,#12679,#12678);
#10445=AXIS2_PLACEMENT_3D('',#15483,#12681,#12680);
#10446=AXIS2_PLACEMENT_3D('',#15484,#12683,#12682);
#10447=AXIS2_PLACEMENT_3D('',#15485,#12685,#12684);
#10448=AXIS2_PLACEMENT_3D('',#15486,#12687,#12686);
#10449=AXIS2_PLACEMENT_3D('',#15487,#12689,#12688);
#10450=AXIS2_PLACEMENT_3D('',#15488,#12691,#12690);
#10451=AXIS2_PLACEMENT_3D('',#15489,#12693,#12692);
#10452=AXIS2_PLACEMENT_3D('',#15490,#12695,#12694);
#10453=AXIS2_PLACEMENT_3D('',#15491,#12697,#12696);
#10454=AXIS2_PLACEMENT_3D('',#15492,#12699,#12698);
#10455=AXIS2_PLACEMENT_3D('',#15493,#12701,#12700);
#10456=AXIS2_PLACEMENT_3D('',#15494,#12703,#12702);
#10457=AXIS2_PLACEMENT_3D('',#15495,#12705,#12704);
#10458=AXIS2_PLACEMENT_3D('',#15496,#12707,#12706);
#10459=AXIS2_PLACEMENT_3D('',#15497,#12709,#12708);
#10460=AXIS2_PLACEMENT_3D('',#15498,#12711,#12710);
#10461=AXIS2_PLACEMENT_3D('',#15499,#12713,#12712);
#10462=AXIS2_PLACEMENT_3D('',#15500,#12715,#12714);
#10463=AXIS2_PLACEMENT_3D('',#15501,#12717,#12716);
#10464=AXIS2_PLACEMENT_3D('',#15502,#12719,#12718);
#10465=AXIS2_PLACEMENT_3D('',#15503,#12721,#12720);
#10466=AXIS2_PLACEMENT_3D('',#15504,#12723,#12722);
#10467=AXIS2_PLACEMENT_3D('',#15505,#12725,#12724);
#10468=AXIS2_PLACEMENT_3D('',#15506,#12727,#12726);
#10469=AXIS2_PLACEMENT_3D('',#15507,#12729,#12728);
#10470=AXIS2_PLACEMENT_3D('',#15508,#12731,#12730);
#10471=AXIS2_PLACEMENT_3D('',#15509,#12733,#12732);
#10472=AXIS2_PLACEMENT_3D('',#15510,#12735,#12734);
#10473=AXIS2_PLACEMENT_3D('',#15511,#12737,#12736);
#10474=AXIS2_PLACEMENT_3D('',#15512,#12739,#12738);
#10475=AXIS2_PLACEMENT_3D('',#15513,#12741,#12740);
#10476=AXIS2_PLACEMENT_3D('',#15514,#12743,#12742);
#10477=AXIS2_PLACEMENT_3D('',#15515,#12745,#12744);
#10478=AXIS2_PLACEMENT_3D('',#15516,#12747,#12746);
#10479=AXIS2_PLACEMENT_3D('',#15517,#12749,#12748);
#10480=AXIS2_PLACEMENT_3D('',#15518,#12751,#12750);
#10481=AXIS2_PLACEMENT_3D('',#15519,#12753,#12752);
#10482=AXIS2_PLACEMENT_3D('',#15520,#12755,#12754);
#10483=AXIS2_PLACEMENT_3D('',#15521,#12757,#12756);
#10484=AXIS2_PLACEMENT_3D('',#15522,#12759,#12758);
#10485=AXIS2_PLACEMENT_3D('',#15523,#12761,#12760);
#10486=AXIS2_PLACEMENT_3D('',#15524,#12763,#12762);
#10487=AXIS2_PLACEMENT_3D('',#15525,#12765,#12764);
#10488=AXIS2_PLACEMENT_3D('',#15526,#12767,#12766);
#10489=AXIS2_PLACEMENT_3D('',#15527,#12769,#12768);
#10490=AXIS2_PLACEMENT_3D('',#15528,#12771,#12770);
#10491=AXIS2_PLACEMENT_3D('',#15529,#12773,#12772);
#10492=AXIS2_PLACEMENT_3D('',#15530,#12775,#12774);
#10493=AXIS2_PLACEMENT_3D('',#15531,#12777,#12776);
#10494=AXIS2_PLACEMENT_3D('',#15532,#12779,#12778);
#10495=AXIS2_PLACEMENT_3D('',#15533,#12781,#12780);
#10496=AXIS2_PLACEMENT_3D('',#15534,#12783,#12782);
#10497=AXIS2_PLACEMENT_3D('',#15535,#12785,#12784);
#10498=AXIS2_PLACEMENT_3D('',#15536,#12787,#12786);
#10499=AXIS2_PLACEMENT_3D('',#15537,#12789,#12788);
#10500=AXIS2_PLACEMENT_3D('',#15538,#12791,#12790);
#10501=AXIS2_PLACEMENT_3D('',#15539,#12793,#12792);
#10502=AXIS2_PLACEMENT_3D('',#15540,#12795,#12794);
#10503=AXIS2_PLACEMENT_3D('',#15541,#12797,#12796);
#10504=AXIS2_PLACEMENT_3D('',#15542,#12799,#12798);
#10505=AXIS2_PLACEMENT_3D('',#15543,#12801,#12800);
#10506=AXIS2_PLACEMENT_3D('',#15544,#12803,#12802);
#10507=AXIS2_PLACEMENT_3D('',#15545,#12805,#12804);
#10508=AXIS2_PLACEMENT_3D('',#15546,#12807,#12806);
#10509=AXIS2_PLACEMENT_3D('',#15547,#12809,#12808);
#10510=AXIS2_PLACEMENT_3D('',#15548,#12811,#12810);
#10511=AXIS2_PLACEMENT_3D('',#15549,#12813,#12812);
#10512=AXIS2_PLACEMENT_3D('',#15550,#12815,#12814);
#10513=AXIS2_PLACEMENT_3D('',#15551,#12817,#12816);
#10514=AXIS2_PLACEMENT_3D('',#15552,#12819,#12818);
#10515=AXIS2_PLACEMENT_3D('',#15553,#12821,#12820);
#10516=AXIS2_PLACEMENT_3D('',#15554,#12823,#12822);
#10517=AXIS2_PLACEMENT_3D('',#15555,#12825,#12824);
#10518=AXIS2_PLACEMENT_3D('',#15556,#12827,#12826);
#10519=AXIS2_PLACEMENT_3D('',#15557,#12829,#12828);
#10520=AXIS2_PLACEMENT_3D('',#15558,#12831,#12830);
#10521=AXIS2_PLACEMENT_3D('',#15559,#12833,#12832);
#10522=AXIS2_PLACEMENT_3D('',#15560,#12835,#12834);
#10523=AXIS2_PLACEMENT_3D('',#15561,#12837,#12836);
#10524=AXIS2_PLACEMENT_3D('',#15562,#12839,#12838);
#10525=AXIS2_PLACEMENT_3D('',#15563,#12841,#12840);
#10526=AXIS2_PLACEMENT_3D('',#15564,#12843,#12842);
#10527=AXIS2_PLACEMENT_3D('',#15565,#12845,#12844);
#10528=AXIS2_PLACEMENT_3D('',#15566,#12847,#12846);
#10529=AXIS2_PLACEMENT_3D('',#15567,#12849,#12848);
#10530=AXIS2_PLACEMENT_3D('',#15568,#12851,#12850);
#10531=AXIS2_PLACEMENT_3D('',#15569,#12853,#12852);
#10532=AXIS2_PLACEMENT_3D('',#15570,#12855,#12854);
#10533=AXIS2_PLACEMENT_3D('',#15571,#12857,#12856);
#10534=AXIS2_PLACEMENT_3D('',#15572,#12859,#12858);
#10535=AXIS2_PLACEMENT_3D('',#15573,#12861,#12860);
#10536=AXIS2_PLACEMENT_3D('',#15574,#12863,#12862);
#10537=AXIS2_PLACEMENT_3D('',#15575,#12865,#12864);
#10538=AXIS2_PLACEMENT_3D('',#15576,#12867,#12866);
#10539=AXIS2_PLACEMENT_3D('',#15577,#12869,#12868);
#10540=AXIS2_PLACEMENT_3D('',#15578,#12871,#12870);
#10541=AXIS2_PLACEMENT_3D('',#15579,#12873,#12872);
#10542=AXIS2_PLACEMENT_3D('',#15580,#12875,#12874);
#10543=AXIS2_PLACEMENT_3D('',#15581,#12877,#12876);
#10544=AXIS2_PLACEMENT_3D('',#15582,#12879,#12878);
#10545=AXIS2_PLACEMENT_3D('',#15583,#12881,#12880);
#10546=AXIS2_PLACEMENT_3D('',#15584,#12883,#12882);
#10547=AXIS2_PLACEMENT_3D('',#15585,#12885,#12884);
#10548=AXIS2_PLACEMENT_3D('',#15586,#12887,#12886);
#10549=AXIS2_PLACEMENT_3D('',#15587,#12889,#12888);
#10550=AXIS2_PLACEMENT_3D('',#15588,#12891,#12890);
#10551=AXIS2_PLACEMENT_3D('',#15589,#12893,#12892);
#10552=AXIS2_PLACEMENT_3D('',#15590,#12895,#12894);
#10553=AXIS2_PLACEMENT_3D('',#15591,#12897,#12896);
#10554=AXIS2_PLACEMENT_3D('',#15592,#12899,#12898);
#10555=AXIS2_PLACEMENT_3D('',#15593,#12901,#12900);
#10556=AXIS2_PLACEMENT_3D('',#15594,#12903,#12902);
#10557=AXIS2_PLACEMENT_3D('',#15595,#12905,#12904);
#10558=AXIS2_PLACEMENT_3D('',#15596,#12907,#12906);
#10559=AXIS2_PLACEMENT_3D('',#15597,#12909,#12908);
#10560=AXIS2_PLACEMENT_3D('',#15598,#12911,#12910);
#10561=AXIS2_PLACEMENT_3D('',#15599,#12913,#12912);
#10562=AXIS2_PLACEMENT_3D('',#15600,#12915,#12914);
#10563=AXIS2_PLACEMENT_3D('',#15601,#12917,#12916);
#10564=AXIS2_PLACEMENT_3D('',#15602,#12919,#12918);
#10565=AXIS2_PLACEMENT_3D('',#15603,#12921,#12920);
#10566=AXIS2_PLACEMENT_3D('',#15604,#12923,#12922);
#10567=AXIS2_PLACEMENT_3D('',#15605,#12925,#12924);
#10568=AXIS2_PLACEMENT_3D('',#15606,#12927,#12926);
#10569=AXIS2_PLACEMENT_3D('',#15607,#12929,#12928);
#10570=AXIS2_PLACEMENT_3D('',#15608,#12931,#12930);
#10571=AXIS2_PLACEMENT_3D('',#15609,#12933,#12932);
#10572=AXIS2_PLACEMENT_3D('',#15610,#12935,#12934);
#10573=AXIS2_PLACEMENT_3D('',#15611,#12937,#12936);
#10574=AXIS2_PLACEMENT_3D('',#15612,#12939,#12938);
#10575=AXIS2_PLACEMENT_3D('',#15613,#12941,#12940);
#10576=AXIS2_PLACEMENT_3D('',#15614,#12943,#12942);
#10577=AXIS2_PLACEMENT_3D('',#15615,#12945,#12944);
#10578=AXIS2_PLACEMENT_3D('',#15616,#12947,#12946);
#10579=AXIS2_PLACEMENT_3D('',#15617,#12949,#12948);
#10580=AXIS2_PLACEMENT_3D('',#15618,#12951,#12950);
#10581=AXIS2_PLACEMENT_3D('',#15619,#12953,#12952);
#10582=AXIS2_PLACEMENT_3D('',#15620,#12955,#12954);
#10583=AXIS2_PLACEMENT_3D('',#15621,#12957,#12956);
#10584=AXIS2_PLACEMENT_3D('',#15622,#12959,#12958);
#10585=AXIS2_PLACEMENT_3D('',#15623,#12961,#12960);
#10586=AXIS2_PLACEMENT_3D('',#15624,#12963,#12962);
#10587=AXIS2_PLACEMENT_3D('',#15625,#12965,#12964);
#10588=AXIS2_PLACEMENT_3D('',#15626,#12967,#12966);
#10589=AXIS2_PLACEMENT_3D('',#15627,#12969,#12968);
#10590=AXIS2_PLACEMENT_3D('',#15628,#12971,#12970);
#10591=AXIS2_PLACEMENT_3D('',#15629,#12973,#12972);
#10592=AXIS2_PLACEMENT_3D('',#15630,#12975,#12974);
#10593=AXIS2_PLACEMENT_3D('',#15631,#12977,#12976);
#10594=AXIS2_PLACEMENT_3D('',#15632,#12979,#12978);
#10595=AXIS2_PLACEMENT_3D('',#15633,#12981,#12980);
#10596=AXIS2_PLACEMENT_3D('',#15634,#12983,#12982);
#10597=AXIS2_PLACEMENT_3D('',#15635,#12985,#12984);
#10598=AXIS2_PLACEMENT_3D('',#15636,#12987,#12986);
#10599=DIRECTION('',(1.,0.,0.));
#10600=DIRECTION('',(0.,0.,1.));
#10601=DIRECTION('',(-0.,-1.,0.));
#10602=DIRECTION('',(-0.,-1.,0.));
#10603=DIRECTION('',(-0.,-1.,0.));
#10604=DIRECTION('',(-0.,-1.,0.));
#10605=DIRECTION('',(-0.,-1.,0.));
#10606=DIRECTION('',(-0.,-1.,0.));
#10607=DIRECTION('',(-0.,-1.,0.));
#10608=DIRECTION('',(-0.,-1.,0.));
#10609=DIRECTION('',(-0.,-1.,0.));
#10610=DIRECTION('',(-0.,-1.,0.));
#10611=DIRECTION('',(-0.,-1.,0.));
#10612=DIRECTION('',(-0.,-1.,0.));
#10613=DIRECTION('',(-0.,-1.,0.));
#10614=DIRECTION('',(-0.,-1.,0.));
#10615=DIRECTION('',(-0.,-1.,0.));
#10616=DIRECTION('',(-0.,-1.,0.));
#10617=DIRECTION('',(-0.,-1.,0.));
#10618=DIRECTION('',(-0.,-1.,0.));
#10619=DIRECTION('',(-0.,-1.,0.));
#10620=DIRECTION('',(-0.,-1.,0.));
#10621=DIRECTION('',(-0.,-1.,0.));
#10622=DIRECTION('',(-0.,-1.,0.));
#10623=DIRECTION('',(-0.,-1.,0.));
#10624=DIRECTION('',(-0.,-1.,0.));
#10625=DIRECTION('',(-0.,-1.,0.));
#10626=DIRECTION('',(-0.,-1.,0.));
#10627=DIRECTION('',(-0.,-1.,0.));
#10628=DIRECTION('',(-0.,-1.,0.));
#10629=DIRECTION('',(-0.,-1.,0.));
#10630=DIRECTION('',(-0.,-1.,0.));
#10631=DIRECTION('',(-0.,-1.,0.));
#10632=DIRECTION('',(-0.,-1.,0.));
#10633=DIRECTION('',(-0.,-1.,0.));
#10634=DIRECTION('',(-0.,-1.,0.));
#10635=DIRECTION('',(-0.,-1.,0.));
#10636=DIRECTION('',(-0.,-1.,0.));
#10637=DIRECTION('',(-0.,-1.,0.));
#10638=DIRECTION('',(-0.,-1.,0.));
#10639=DIRECTION('',(-0.,-1.,0.));
#10640=DIRECTION('',(-0.,-1.,0.));
#10641=DIRECTION('',(-0.,-1.,0.));
#10642=DIRECTION('',(-0.,-1.,0.));
#10643=DIRECTION('',(-0.,-1.,0.));
#10644=DIRECTION('',(-0.,-1.,0.));
#10645=DIRECTION('',(-0.,-1.,0.));
#10646=DIRECTION('',(-0.,-1.,0.));
#10647=DIRECTION('',(-0.,-1.,0.));
#10648=DIRECTION('',(-0.,-1.,0.));
#10649=DIRECTION('',(-0.,-1.,0.));
#10650=DIRECTION('',(-0.,-1.,0.));
#10651=DIRECTION('',(-0.,-1.,0.));
#10652=DIRECTION('',(-0.,-1.,0.));
#10653=DIRECTION('',(-0.,-1.,0.));
#10654=DIRECTION('',(-0.,-1.,0.));
#10655=DIRECTION('',(-0.,-1.,0.));
#10656=DIRECTION('',(-0.,-1.,0.));
#10657=DIRECTION('',(-0.,-1.,0.));
#10658=DIRECTION('',(-0.,-1.,0.));
#10659=DIRECTION('',(-0.,-1.,0.));
#10660=DIRECTION('',(-0.,-1.,0.));
#10661=DIRECTION('',(-0.,-1.,0.));
#10662=DIRECTION('',(-0.,-1.,0.));
#10663=DIRECTION('',(-0.,-1.,0.));
#10664=DIRECTION('',(-0.,-1.,0.));
#10665=DIRECTION('',(-0.,-1.,0.));
#10666=DIRECTION('',(-0.,-1.,0.));
#10667=DIRECTION('',(-0.,-1.,0.));
#10668=DIRECTION('',(-0.,-1.,0.));
#10669=DIRECTION('',(-0.,-1.,0.));
#10670=DIRECTION('',(-0.,-1.,0.));
#10671=DIRECTION('',(-0.,-1.,0.));
#10672=DIRECTION('',(-0.,-1.,0.));
#10673=DIRECTION('',(-0.,-1.,0.));
#10674=DIRECTION('',(-0.,-1.,0.));
#10675=DIRECTION('',(-0.,-1.,0.));
#10676=DIRECTION('',(-0.,-1.,0.));
#10677=DIRECTION('',(-0.,-1.,0.));
#10678=DIRECTION('',(-0.,-1.,0.));
#10679=DIRECTION('',(-0.,-1.,0.));
#10680=DIRECTION('',(-0.,-1.,0.));
#10681=DIRECTION('',(-0.,-1.,0.));
#10682=DIRECTION('',(-0.,-1.,0.));
#10683=DIRECTION('',(-0.,-1.,0.));
#10684=DIRECTION('',(-0.,-1.,0.));
#10685=DIRECTION('',(-0.,-1.,0.));
#10686=DIRECTION('',(-0.,-1.,0.));
#10687=DIRECTION('',(-0.,-1.,0.));
#10688=DIRECTION('',(-0.,-1.,0.));
#10689=DIRECTION('',(-0.,-1.,0.));
#10690=DIRECTION('',(-0.,-1.,0.));
#10691=DIRECTION('',(-0.,-1.,0.));
#10692=DIRECTION('',(-0.,-1.,0.));
#10693=DIRECTION('',(-0.,-1.,0.));
#10694=DIRECTION('',(-0.,-1.,0.));
#10695=DIRECTION('',(-0.,-1.,0.));
#10696=DIRECTION('',(-0.,-1.,0.));
#10697=DIRECTION('',(-0.,-1.,0.));
#10698=DIRECTION('',(-0.,-1.,0.));
#10699=DIRECTION('',(-0.,-1.,0.));
#10700=DIRECTION('',(-0.,-1.,0.));
#10701=DIRECTION('',(-0.,-1.,0.));
#10702=DIRECTION('',(-0.,-1.,0.));
#10703=DIRECTION('',(-0.,-1.,0.));
#10704=DIRECTION('',(-0.,-1.,0.));
#10705=DIRECTION('',(-0.,-1.,0.));
#10706=DIRECTION('',(-0.,-1.,0.));
#10707=DIRECTION('',(-0.,-1.,0.));
#10708=DIRECTION('',(-0.,-1.,0.));
#10709=DIRECTION('',(-0.,-1.,0.));
#10710=DIRECTION('',(-0.,-1.,0.));
#10711=DIRECTION('',(-0.,-1.,0.));
#10712=DIRECTION('',(-0.,-1.,0.));
#10713=DIRECTION('',(-0.,-1.,0.));
#10714=DIRECTION('',(-0.,-1.,0.));
#10715=DIRECTION('',(-0.,-1.,0.));
#10716=DIRECTION('',(-0.,-1.,0.));
#10717=DIRECTION('',(-0.,-1.,0.));
#10718=DIRECTION('',(-0.,-1.,0.));
#10719=DIRECTION('',(-0.,-1.,0.));
#10720=DIRECTION('',(-0.,-1.,0.));
#10721=DIRECTION('',(-0.,-1.,0.));
#10722=DIRECTION('',(-0.,-1.,0.));
#10723=DIRECTION('',(-0.,-1.,0.));
#10724=DIRECTION('',(-0.,-1.,0.));
#10725=DIRECTION('',(-0.,-1.,0.));
#10726=DIRECTION('',(-0.,-1.,0.));
#10727=DIRECTION('',(-0.,-1.,0.));
#10728=DIRECTION('',(-0.,-1.,0.));
#10729=DIRECTION('',(-0.,-1.,0.));
#10730=DIRECTION('',(-0.,-1.,0.));
#10731=DIRECTION('',(-0.,-1.,0.));
#10732=DIRECTION('',(-0.,-1.,0.));
#10733=DIRECTION('',(-0.,-1.,0.));
#10734=DIRECTION('',(-0.,-1.,0.));
#10735=DIRECTION('',(-0.,-1.,0.));
#10736=DIRECTION('',(-0.,-1.,0.));
#10737=DIRECTION('',(-0.,-1.,0.));
#10738=DIRECTION('',(-0.,-1.,0.));
#10739=DIRECTION('',(-0.,-1.,0.));
#10740=DIRECTION('',(-0.,-1.,0.));
#10741=DIRECTION('',(-0.,-1.,0.));
#10742=DIRECTION('',(-0.,-1.,0.));
#10743=DIRECTION('',(-0.,-1.,0.));
#10744=DIRECTION('',(-0.,-1.,0.));
#10745=DIRECTION('',(-0.,-1.,0.));
#10746=DIRECTION('',(-0.,-1.,0.));
#10747=DIRECTION('',(-0.,-1.,0.));
#10748=DIRECTION('',(-0.,-1.,0.));
#10749=DIRECTION('',(-0.,-1.,0.));
#10750=DIRECTION('',(-0.,-1.,0.));
#10751=DIRECTION('',(-0.,-1.,0.));
#10752=DIRECTION('',(-0.,-1.,0.));
#10753=DIRECTION('',(-0.,-1.,0.));
#10754=DIRECTION('',(-0.,-1.,0.));
#10755=DIRECTION('',(-0.,-1.,0.));
#10756=DIRECTION('',(-0.,-1.,0.));
#10757=DIRECTION('',(-0.,-1.,0.));
#10758=DIRECTION('',(-0.,-1.,0.));
#10759=DIRECTION('',(-0.,-1.,0.));
#10760=DIRECTION('',(-0.,-1.,0.));
#10761=DIRECTION('',(-0.,-1.,0.));
#10762=DIRECTION('',(-0.,-1.,0.));
#10763=DIRECTION('',(-0.,-1.,0.));
#10764=DIRECTION('',(-0.,-1.,0.));
#10765=DIRECTION('',(-0.,-1.,0.));
#10766=DIRECTION('',(-0.,-1.,0.));
#10767=DIRECTION('',(-0.,-1.,0.));
#10768=DIRECTION('',(-0.,-1.,0.));
#10769=DIRECTION('',(-0.,-1.,0.));
#10770=DIRECTION('',(-0.,-1.,0.));
#10771=DIRECTION('',(-0.,-1.,0.));
#10772=DIRECTION('',(-0.,-1.,0.));
#10773=DIRECTION('',(-0.,-1.,0.));
#10774=DIRECTION('',(-0.,-1.,0.));
#10775=DIRECTION('',(-0.,-1.,0.));
#10776=DIRECTION('',(-0.,-1.,0.));
#10777=DIRECTION('',(-0.,-1.,0.));
#10778=DIRECTION('',(-0.,-1.,0.));
#10779=DIRECTION('',(-0.,-1.,0.));
#10780=DIRECTION('',(-0.,-1.,0.));
#10781=DIRECTION('',(-0.,-1.,0.));
#10782=DIRECTION('',(-0.,-1.,0.));
#10783=DIRECTION('',(-0.,-1.,0.));
#10784=DIRECTION('',(-0.,-1.,0.));
#10785=DIRECTION('',(-0.,-1.,0.));
#10786=DIRECTION('',(-0.,-1.,0.));
#10787=DIRECTION('',(-0.,-1.,0.));
#10788=DIRECTION('',(-0.,-1.,0.));
#10789=DIRECTION('',(-0.,-1.,0.));
#10790=DIRECTION('',(-0.,-1.,0.));
#10791=DIRECTION('',(-0.,-1.,0.));
#10792=DIRECTION('',(-0.,-1.,0.));
#10793=DIRECTION('',(-0.,-1.,0.));
#10794=DIRECTION('',(-0.,-1.,0.));
#10795=DIRECTION('',(-0.,-1.,0.));
#10796=DIRECTION('',(-0.,-1.,0.));
#10797=DIRECTION('',(-0.,-1.,0.));
#10798=DIRECTION('',(-0.,-1.,0.));
#10799=DIRECTION('',(-0.,-1.,0.));
#10800=DIRECTION('',(-0.,-1.,0.));
#10801=DIRECTION('',(-0.,-1.,0.));
#10802=DIRECTION('',(-0.,-1.,0.));
#10803=DIRECTION('',(-0.,-1.,0.));
#10804=DIRECTION('',(-0.,-1.,0.));
#10805=DIRECTION('',(-0.,-1.,0.));
#10806=DIRECTION('',(-0.,-1.,0.));
#10807=DIRECTION('',(-0.,-1.,0.));
#10808=DIRECTION('',(-0.,-1.,0.));
#10809=DIRECTION('',(-0.,-1.,0.));
#10810=DIRECTION('',(-0.,-1.,0.));
#10811=DIRECTION('',(-0.,-1.,0.));
#10812=DIRECTION('',(-0.,-1.,0.));
#10813=DIRECTION('',(-0.,-1.,0.));
#10814=DIRECTION('',(-0.,-1.,0.));
#10815=DIRECTION('',(-0.,-1.,0.));
#10816=DIRECTION('',(-0.,-1.,0.));
#10817=DIRECTION('',(-0.,-1.,0.));
#10818=DIRECTION('',(-0.,-1.,0.));
#10819=DIRECTION('',(-0.,-1.,0.));
#10820=DIRECTION('',(-0.,-1.,0.));
#10821=DIRECTION('',(-0.,-1.,0.));
#10822=DIRECTION('',(-0.,-1.,0.));
#10823=DIRECTION('',(-0.,-1.,0.));
#10824=DIRECTION('',(-0.,-1.,0.));
#10825=DIRECTION('',(-0.,-1.,0.));
#10826=DIRECTION('',(-0.,-1.,0.));
#10827=DIRECTION('',(-0.,-1.,0.));
#10828=DIRECTION('',(-0.,-1.,0.));
#10829=DIRECTION('',(-0.,-1.,0.));
#10830=DIRECTION('',(-0.,-1.,0.));
#10831=DIRECTION('',(-0.,-1.,0.));
#10832=DIRECTION('',(-0.,-1.,0.));
#10833=DIRECTION('',(-0.,-1.,0.));
#10834=DIRECTION('',(-0.,-1.,0.));
#10835=DIRECTION('',(-0.,-1.,0.));
#10836=DIRECTION('',(-0.,-1.,0.));
#10837=DIRECTION('',(-0.,-1.,0.));
#10838=DIRECTION('',(-0.,-1.,0.));
#10839=DIRECTION('',(-0.,-1.,0.));
#10840=DIRECTION('',(-0.,-1.,0.));
#10841=DIRECTION('',(-0.,-1.,0.));
#10842=DIRECTION('',(-0.,-1.,0.));
#10843=DIRECTION('',(-0.,-1.,0.));
#10844=DIRECTION('',(-0.,-1.,0.));
#10845=DIRECTION('',(-0.,-1.,0.));
#10846=DIRECTION('',(-0.,-1.,0.));
#10847=DIRECTION('',(-0.,-1.,0.));
#10848=DIRECTION('',(-0.,-1.,0.));
#10849=DIRECTION('',(-0.,-1.,0.));
#10850=DIRECTION('',(-0.,-1.,0.));
#10851=DIRECTION('',(-0.,-1.,0.));
#10852=DIRECTION('',(-0.,-1.,0.));
#10853=DIRECTION('',(-0.,-1.,0.));
#10854=DIRECTION('',(-0.,-1.,0.));
#10855=DIRECTION('',(-0.,-1.,0.));
#10856=DIRECTION('',(-0.,-1.,0.));
#10857=DIRECTION('',(-0.,-1.,0.));
#10858=DIRECTION('',(-0.,-1.,0.));
#10859=DIRECTION('',(-0.,-1.,0.));
#10860=DIRECTION('',(-0.,-1.,0.));
#10861=DIRECTION('',(-0.,-1.,0.));
#10862=DIRECTION('',(-0.,-1.,0.));
#10863=DIRECTION('',(-0.,-1.,0.));
#10864=DIRECTION('',(-0.,-1.,0.));
#10865=DIRECTION('',(-0.,-1.,0.));
#10866=DIRECTION('',(-0.,-1.,0.));
#10867=DIRECTION('',(-0.,-1.,0.));
#10868=DIRECTION('',(-0.,-1.,0.));
#10869=DIRECTION('',(-0.,-1.,0.));
#10870=DIRECTION('',(-0.,-1.,0.));
#10871=DIRECTION('',(-0.,-1.,0.));
#10872=DIRECTION('',(-0.,-1.,0.));
#10873=DIRECTION('',(-0.,-1.,0.));
#10874=DIRECTION('',(-0.,-1.,0.));
#10875=DIRECTION('',(-0.,-1.,0.));
#10876=DIRECTION('',(-0.,-1.,0.));
#10877=DIRECTION('',(-0.,-1.,0.));
#10878=DIRECTION('',(-0.,-1.,0.));
#10879=DIRECTION('',(-0.,-1.,0.));
#10880=DIRECTION('',(-0.,-1.,0.));
#10881=DIRECTION('',(-0.,-1.,0.));
#10882=DIRECTION('',(-0.,-1.,0.));
#10883=DIRECTION('',(-0.,-1.,0.));
#10884=DIRECTION('',(-0.,-1.,0.));
#10885=DIRECTION('',(-0.,-1.,0.));
#10886=DIRECTION('',(-0.,-1.,0.));
#10887=DIRECTION('',(-0.,-1.,0.));
#10888=DIRECTION('',(-0.,-1.,0.));
#10889=DIRECTION('',(-0.,-1.,0.));
#10890=DIRECTION('',(-0.,-1.,0.));
#10891=DIRECTION('',(-0.,-1.,0.));
#10892=DIRECTION('',(-0.,-1.,0.));
#10893=DIRECTION('',(-0.,-1.,0.));
#10894=DIRECTION('',(-0.,-1.,0.));
#10895=DIRECTION('',(-0.,-1.,0.));
#10896=DIRECTION('',(-0.,-1.,0.));
#10897=DIRECTION('',(-0.,-1.,0.));
#10898=DIRECTION('',(-0.,-1.,0.));
#10899=DIRECTION('',(-0.,-1.,0.));
#10900=DIRECTION('',(-0.,-1.,0.));
#10901=DIRECTION('',(-0.,-1.,0.));
#10902=DIRECTION('',(-0.,-1.,0.));
#10903=DIRECTION('',(-0.,-1.,0.));
#10904=DIRECTION('',(-0.,-1.,0.));
#10905=DIRECTION('',(-0.,-1.,0.));
#10906=DIRECTION('',(-0.,-1.,0.));
#10907=DIRECTION('',(-0.,-1.,0.));
#10908=DIRECTION('',(-0.,-1.,0.));
#10909=DIRECTION('',(-0.,-1.,0.));
#10910=DIRECTION('',(-0.,-1.,0.));
#10911=DIRECTION('',(-0.,-1.,0.));
#10912=DIRECTION('',(-0.,-1.,0.));
#10913=DIRECTION('',(-0.,-1.,0.));
#10914=DIRECTION('',(-0.,-1.,0.));
#10915=DIRECTION('',(-0.,-1.,0.));
#10916=DIRECTION('',(-0.,-1.,0.));
#10917=DIRECTION('',(-0.,-1.,0.));
#10918=DIRECTION('',(-0.,-1.,0.));
#10919=DIRECTION('',(-0.,-1.,0.));
#10920=DIRECTION('',(-0.,-1.,0.));
#10921=DIRECTION('',(-0.,-1.,0.));
#10922=DIRECTION('',(-0.,-1.,0.));
#10923=DIRECTION('',(-0.,-1.,0.));
#10924=DIRECTION('',(-0.,-1.,0.));
#10925=DIRECTION('',(-0.,-1.,0.));
#10926=DIRECTION('',(-0.,-1.,0.));
#10927=DIRECTION('',(-0.,-1.,0.));
#10928=DIRECTION('',(-0.,-1.,0.));
#10929=DIRECTION('',(-0.,-1.,0.));
#10930=DIRECTION('',(-0.,-1.,0.));
#10931=DIRECTION('',(-0.,-1.,0.));
#10932=DIRECTION('',(-0.,-1.,0.));
#10933=DIRECTION('',(-0.,-1.,0.));
#10934=DIRECTION('',(-0.,-1.,0.));
#10935=DIRECTION('',(-0.,-1.,0.));
#10936=DIRECTION('',(-0.,-1.,0.));
#10937=DIRECTION('',(-0.,-1.,0.));
#10938=DIRECTION('',(0.0171902813340626,0.,0.999852236196757));
#10939=DIRECTION('',(-0.999553004460977,0.,0.0298963421346979));
#10940=DIRECTION('',(0.,1.,0.));
#10941=DIRECTION('',(0.997683870918548,-0.,0.0680212739441294));
#10942=DIRECTION('',(0.962560644220147,0.,-0.271066423960062));
#10943=DIRECTION('',(0.,-1.,0.));
#10944=DIRECTION('',(-0.825715796102968,0.,-0.564086362240785));
#10945=DIRECTION('',(0.,-1.,-0.));
#10946=DIRECTION('',(0.439718974252687,-0.,0.898135415002752));
#10947=DIRECTION('',(1.,-0.,-0.));
#10948=DIRECTION('',(0.359104728902932,-0.,-0.933297269726828));
#10949=DIRECTION('',(1.,-0.,-0.));
#10950=DIRECTION('',(0.291752208603944,-0.,-0.956493935566097));
#10951=DIRECTION('',(0.999924702959768,-0.,0.0122714469733883));
#10952=DIRECTION('',(0.157432247399414,-0.,0.987529790679132));
#10953=DIRECTION('',(0.999999855850655,-0.,-0.000536934510129011));
#10954=DIRECTION('',(0.918273083957174,0.,-0.395947652196323));
#10955=DIRECTION('',(0.,-1.,0.));
#10956=DIRECTION('',(0.22171200101977,0.,-0.975112192829015));
#10957=DIRECTION('',(0.,-1.,0.));
#10958=DIRECTION('',(0.0015639975751776,0.,-0.999998776955045));
#10959=DIRECTION('',(0.,-1.,0.));
#10960=DIRECTION('',(0.250858889772301,-0.,0.968023665734577));
#10961=DIRECTION('',(1.,0.,0.));
#10962=DIRECTION('',(1.,-0.,-0.));
#10963=DIRECTION('',(0.,0.,1.));
#10964=DIRECTION('',(1.,0.,0.));
#10965=DIRECTION('',(0.,0.,1.));
#10966=DIRECTION('',(0.135884208002208,-0.,0.990724725650679));
#10967=DIRECTION('',(0.995555164664075,-0.,0.0941802214410624));
#10968=DIRECTION('',(0.152431876687844,0.,-0.988313979952435));
#10969=DIRECTION('',(0.,-1.,0.));
#10970=DIRECTION('',(0.369647062082144,0.,0.929172238873956));
#10971=DIRECTION('',(0.993883732212914,0.,0.110431548221192));
#10972=DIRECTION('',(-0.,-0.,-1.));
#10973=DIRECTION('',(-0.760407251525212,-0.,-0.649446542702225));
#10974=DIRECTION('',(-0.998715983161755,-0.,-0.050659500365167));
#10975=DIRECTION('',(-0.707106781186555,0.,-0.70710678118654));
#10976=DIRECTION('',(-0.999855407993572,-0.,0.0170047965588243));
#10977=DIRECTION('',(0.0171902813340626,0.,0.999852236196757));
#10978=DIRECTION('',(-0.999553004460977,0.,0.0298963421346979));
#10979=DIRECTION('',(0.,1.,0.));
#10980=DIRECTION('',(0.997683870918548,-0.,0.0680212739441294));
#10981=DIRECTION('',(0.962560644220147,0.,-0.271066423960062));
#10982=DIRECTION('',(0.,-1.,0.));
#10983=DIRECTION('',(-0.825715796102968,0.,-0.564086362240785));
#10984=DIRECTION('',(0.,-1.,-0.));
#10985=DIRECTION('',(0.439718974252687,-0.,0.898135415002752));
#10986=DIRECTION('',(1.,-0.,-0.));
#10987=DIRECTION('',(0.359104728902932,-0.,-0.933297269726828));
#10988=DIRECTION('',(1.,-0.,-0.));
#10989=DIRECTION('',(0.291752208603944,-0.,-0.956493935566097));
#10990=DIRECTION('',(0.999924702959768,-0.,0.0122714469733883));
#10991=DIRECTION('',(0.157432247399414,-0.,0.987529790679132));
#10992=DIRECTION('',(0.999999855850655,-0.,-0.000536934510129011));
#10993=DIRECTION('',(0.918273083957174,0.,-0.395947652196323));
#10994=DIRECTION('',(0.,-1.,0.));
#10995=DIRECTION('',(0.22171200101977,0.,-0.975112192829015));
#10996=DIRECTION('',(0.,-1.,0.));
#10997=DIRECTION('',(0.0015639975751776,0.,-0.999998776955045));
#10998=DIRECTION('',(0.,-1.,0.));
#10999=DIRECTION('',(0.250858889772301,-0.,0.968023665734577));
#11000=DIRECTION('',(1.,0.,0.));
#11001=DIRECTION('',(0.135884208002208,-0.,0.990724725650679));
#11002=DIRECTION('',(0.995555164664075,-0.,0.0941802214410624));
#11003=DIRECTION('',(0.152431876687844,0.,-0.988313979952435));
#11004=DIRECTION('',(0.,-1.,0.));
#11005=DIRECTION('',(0.369647062082144,0.,0.929172238873956));
#11006=DIRECTION('',(0.993883732212914,0.,0.110431548221192));
#11007=DIRECTION('',(-0.,-0.,-1.));
#11008=DIRECTION('',(-0.760407251525212,-0.,-0.649446542702225));
#11009=DIRECTION('',(-0.998715983161755,-0.,-0.050659500365167));
#11010=DIRECTION('',(-0.707106781186555,0.,-0.70710678118654));
#11011=DIRECTION('',(-0.999855407993572,-0.,0.0170047965588243));
#11012=DIRECTION('',(-0.,-1.,0.));
#11013=DIRECTION('',(-0.,-1.,0.));
#11014=DIRECTION('',(-0.,-1.,0.));
#11015=DIRECTION('',(-1.,-0.,-0.));
#11016=DIRECTION('',(-0.,-0.,-1.));
#11017=DIRECTION('',(-1.,-0.,-0.));
#11018=DIRECTION('',(-0.,-0.,1.));
#11019=DIRECTION('',(1.,-0.,-0.));
#11020=DIRECTION('',(-0.,-0.,-1.));
#11021=DIRECTION('',(-1.,-0.,-0.));
#11022=DIRECTION('',(-0.,-0.,-1.));
#11023=DIRECTION('',(-1.,-0.,-0.));
#11024=DIRECTION('',(-0.,-0.,1.));
#11025=DIRECTION('',(1.,-0.,-0.));
#11026=DIRECTION('',(-0.,-0.,-1.));
#11027=DIRECTION('',(-0.,-1.,0.));
#11028=DIRECTION('',(-0.,-1.,0.));
#11029=DIRECTION('',(-0.,-1.,0.));
#11030=DIRECTION('',(-1.,-0.,-0.));
#11031=DIRECTION('',(-0.,-0.,-1.));
#11032=DIRECTION('',(-1.,-0.,-0.));
#11033=DIRECTION('',(-0.,-0.,1.));
#11034=DIRECTION('',(1.,-0.,-0.));
#11035=DIRECTION('',(-0.,-0.,-1.));
#11036=DIRECTION('',(-1.,-0.,-0.));
#11037=DIRECTION('',(-0.,-0.,-1.));
#11038=DIRECTION('',(-1.,-0.,-0.));
#11039=DIRECTION('',(-0.,-0.,1.));
#11040=DIRECTION('',(1.,-0.,-0.));
#11041=DIRECTION('',(-0.,-0.,-1.));
#11042=DIRECTION('',(-0.,-1.,0.));
#11043=DIRECTION('',(-0.,-1.,0.));
#11044=DIRECTION('',(-0.,-1.,0.));
#11045=DIRECTION('',(-1.,-0.,-0.));
#11046=DIRECTION('',(-0.,-0.,-1.));
#11047=DIRECTION('',(-1.,-0.,-0.));
#11048=DIRECTION('',(-0.,-0.,1.));
#11049=DIRECTION('',(1.,-0.,-0.));
#11050=DIRECTION('',(-0.,-0.,-1.));
#11051=DIRECTION('',(-1.,-0.,-0.));
#11052=DIRECTION('',(-0.,-0.,-1.));
#11053=DIRECTION('',(-1.,-0.,-0.));
#11054=DIRECTION('',(-0.,-0.,1.));
#11055=DIRECTION('',(1.,-0.,-0.));
#11056=DIRECTION('',(-0.,-0.,-1.));
#11057=DIRECTION('',(-0.,-1.,0.));
#11058=DIRECTION('',(-0.,-1.,0.));
#11059=DIRECTION('',(-0.,-1.,0.));
#11060=DIRECTION('',(-1.,-0.,-0.));
#11061=DIRECTION('',(-0.,-0.,-1.));
#11062=DIRECTION('',(-1.,-0.,-0.));
#11063=DIRECTION('',(-0.,-0.,1.));
#11064=DIRECTION('',(1.,-0.,-0.));
#11065=DIRECTION('',(-0.,-0.,-1.));
#11066=DIRECTION('',(-1.,-0.,-0.));
#11067=DIRECTION('',(-0.,-0.,-1.));
#11068=DIRECTION('',(-1.,-0.,-0.));
#11069=DIRECTION('',(-0.,-0.,1.));
#11070=DIRECTION('',(1.,-0.,-0.));
#11071=DIRECTION('',(-0.,-0.,-1.));
#11072=DIRECTION('',(-0.,-1.,0.));
#11073=DIRECTION('',(-0.,-1.,0.));
#11074=DIRECTION('',(-0.,-1.,0.));
#11075=DIRECTION('',(-1.,-0.,-0.));
#11076=DIRECTION('',(-0.,-0.,-1.));
#11077=DIRECTION('',(-1.,-0.,-0.));
#11078=DIRECTION('',(-0.,-0.,1.));
#11079=DIRECTION('',(1.,-0.,-0.));
#11080=DIRECTION('',(-0.,-0.,-1.));
#11081=DIRECTION('',(-1.,-0.,-0.));
#11082=DIRECTION('',(-0.,-0.,-1.));
#11083=DIRECTION('',(-1.,-0.,-0.));
#11084=DIRECTION('',(-0.,-0.,1.));
#11085=DIRECTION('',(1.,-0.,-0.));
#11086=DIRECTION('',(-0.,-0.,-1.));
#11087=DIRECTION('',(-0.,-1.,0.));
#11088=DIRECTION('',(-0.,-1.,0.));
#11089=DIRECTION('',(-0.,-1.,0.));
#11090=DIRECTION('',(-1.,-0.,-0.));
#11091=DIRECTION('',(-0.,-0.,-1.));
#11092=DIRECTION('',(-1.,-0.,-0.));
#11093=DIRECTION('',(-0.,-0.,1.));
#11094=DIRECTION('',(1.,-0.,-0.));
#11095=DIRECTION('',(-0.,-0.,-1.));
#11096=DIRECTION('',(-1.,-0.,-0.));
#11097=DIRECTION('',(-0.,-0.,-1.));
#11098=DIRECTION('',(-1.,-0.,-0.));
#11099=DIRECTION('',(-0.,-0.,1.));
#11100=DIRECTION('',(1.,-0.,-0.));
#11101=DIRECTION('',(-0.,-0.,-1.));
#11102=DIRECTION('',(-0.,-1.,0.));
#11103=DIRECTION('',(-0.,-1.,0.));
#11104=DIRECTION('',(-0.,-1.,0.));
#11105=DIRECTION('',(-1.,-0.,-0.));
#11106=DIRECTION('',(-0.,-0.,-1.));
#11107=DIRECTION('',(-1.,-0.,-0.));
#11108=DIRECTION('',(-0.,-0.,1.));
#11109=DIRECTION('',(1.,-0.,-0.));
#11110=DIRECTION('',(-0.,-0.,-1.));
#11111=DIRECTION('',(-1.,-0.,-0.));
#11112=DIRECTION('',(-0.,-0.,-1.));
#11113=DIRECTION('',(-1.,-0.,-0.));
#11114=DIRECTION('',(-0.,-0.,1.));
#11115=DIRECTION('',(1.,-0.,-0.));
#11116=DIRECTION('',(-0.,-0.,-1.));
#11117=DIRECTION('',(-0.,-1.,0.));
#11118=DIRECTION('',(-0.,-1.,0.));
#11119=DIRECTION('',(-0.,-1.,0.));
#11120=DIRECTION('',(-1.,-0.,-0.));
#11121=DIRECTION('',(-0.,-0.,-1.));
#11122=DIRECTION('',(-1.,-0.,-0.));
#11123=DIRECTION('',(-0.,-0.,1.));
#11124=DIRECTION('',(1.,-0.,-0.));
#11125=DIRECTION('',(-0.,-0.,-1.));
#11126=DIRECTION('',(-1.,-0.,-0.));
#11127=DIRECTION('',(-0.,-0.,-1.));
#11128=DIRECTION('',(-1.,-0.,-0.));
#11129=DIRECTION('',(-0.,-0.,1.));
#11130=DIRECTION('',(1.,-0.,-0.));
#11131=DIRECTION('',(-0.,-0.,-1.));
#11132=DIRECTION('',(-0.,-1.,0.));
#11133=DIRECTION('',(-0.,-1.,0.));
#11134=DIRECTION('',(-0.,-1.,0.));
#11135=DIRECTION('',(-1.,-0.,-0.));
#11136=DIRECTION('',(-0.,-0.,-1.));
#11137=DIRECTION('',(-1.,-0.,-0.));
#11138=DIRECTION('',(-0.,-0.,1.));
#11139=DIRECTION('',(1.,-0.,-0.));
#11140=DIRECTION('',(-0.,-0.,-1.));
#11141=DIRECTION('',(-1.,-0.,-0.));
#11142=DIRECTION('',(-0.,-0.,-1.));
#11143=DIRECTION('',(-1.,-0.,-0.));
#11144=DIRECTION('',(-0.,-0.,1.));
#11145=DIRECTION('',(1.,-0.,-0.));
#11146=DIRECTION('',(-0.,-0.,-1.));
#11147=DIRECTION('',(-0.,-1.,0.));
#11148=DIRECTION('',(-0.,-1.,0.));
#11149=DIRECTION('',(-0.,-1.,0.));
#11150=DIRECTION('',(-1.,-0.,-0.));
#11151=DIRECTION('',(-0.,-0.,-1.));
#11152=DIRECTION('',(-1.,-0.,-0.));
#11153=DIRECTION('',(-0.,-0.,1.));
#11154=DIRECTION('',(1.,-0.,-0.));
#11155=DIRECTION('',(-0.,-0.,-1.));
#11156=DIRECTION('',(-1.,-0.,-0.));
#11157=DIRECTION('',(-0.,-0.,-1.));
#11158=DIRECTION('',(-1.,-0.,-0.));
#11159=DIRECTION('',(-0.,-0.,1.));
#11160=DIRECTION('',(1.,-0.,-0.));
#11161=DIRECTION('',(-0.,-0.,-1.));
#11162=DIRECTION('',(-0.,-1.,0.));
#11163=DIRECTION('',(-0.,-1.,0.));
#11164=DIRECTION('',(-0.,-1.,0.));
#11165=DIRECTION('',(-1.,-0.,-0.));
#11166=DIRECTION('',(-0.,-0.,-1.));
#11167=DIRECTION('',(-1.,-0.,-0.));
#11168=DIRECTION('',(-0.,-0.,1.));
#11169=DIRECTION('',(1.,-0.,-0.));
#11170=DIRECTION('',(-0.,-0.,-1.));
#11171=DIRECTION('',(-1.,-0.,-0.));
#11172=DIRECTION('',(-0.,-0.,-1.));
#11173=DIRECTION('',(-1.,-0.,-0.));
#11174=DIRECTION('',(-0.,-0.,1.));
#11175=DIRECTION('',(1.,-0.,-0.));
#11176=DIRECTION('',(-0.,-0.,-1.));
#11177=DIRECTION('',(-0.,-1.,0.));
#11178=DIRECTION('',(-0.,-1.,0.));
#11179=DIRECTION('',(-0.,-1.,0.));
#11180=DIRECTION('',(-1.,-0.,-0.));
#11181=DIRECTION('',(-0.,-0.,-1.));
#11182=DIRECTION('',(-1.,-0.,-0.));
#11183=DIRECTION('',(-0.,-0.,1.));
#11184=DIRECTION('',(1.,-0.,-0.));
#11185=DIRECTION('',(-0.,-0.,-1.));
#11186=DIRECTION('',(-1.,-0.,-0.));
#11187=DIRECTION('',(-0.,-0.,-1.));
#11188=DIRECTION('',(-1.,-0.,-0.));
#11189=DIRECTION('',(-0.,-0.,1.));
#11190=DIRECTION('',(1.,-0.,-0.));
#11191=DIRECTION('',(-0.,-0.,-1.));
#11192=DIRECTION('',(-0.,-1.,0.));
#11193=DIRECTION('',(-0.,-1.,0.));
#11194=DIRECTION('',(-0.,-1.,0.));
#11195=DIRECTION('',(-1.,-0.,-0.));
#11196=DIRECTION('',(-0.,-0.,-1.));
#11197=DIRECTION('',(-1.,-0.,-0.));
#11198=DIRECTION('',(-0.,-0.,1.));
#11199=DIRECTION('',(1.,-0.,-0.));
#11200=DIRECTION('',(-0.,-0.,-1.));
#11201=DIRECTION('',(-1.,-0.,-0.));
#11202=DIRECTION('',(-0.,-0.,-1.));
#11203=DIRECTION('',(-1.,-0.,-0.));
#11204=DIRECTION('',(-0.,-0.,1.));
#11205=DIRECTION('',(1.,-0.,-0.));
#11206=DIRECTION('',(-0.,-0.,-1.));
#11207=DIRECTION('',(-0.,-1.,0.));
#11208=DIRECTION('',(-0.,-1.,0.));
#11209=DIRECTION('',(-0.,-1.,0.));
#11210=DIRECTION('',(-1.,-0.,-0.));
#11211=DIRECTION('',(-0.,-0.,-1.));
#11212=DIRECTION('',(-1.,-0.,-0.));
#11213=DIRECTION('',(-0.,-0.,1.));
#11214=DIRECTION('',(1.,-0.,-0.));
#11215=DIRECTION('',(-0.,-0.,-1.));
#11216=DIRECTION('',(-1.,-0.,-0.));
#11217=DIRECTION('',(-0.,-0.,-1.));
#11218=DIRECTION('',(-1.,-0.,-0.));
#11219=DIRECTION('',(-0.,-0.,1.));
#11220=DIRECTION('',(1.,-0.,-0.));
#11221=DIRECTION('',(-0.,-0.,-1.));
#11222=DIRECTION('',(-0.,-1.,0.));
#11223=DIRECTION('',(-0.,-1.,0.));
#11224=DIRECTION('',(-0.,-1.,0.));
#11225=DIRECTION('',(-1.,-0.,-0.));
#11226=DIRECTION('',(-0.,-0.,-1.));
#11227=DIRECTION('',(-1.,-0.,-0.));
#11228=DIRECTION('',(-0.,-0.,1.));
#11229=DIRECTION('',(1.,-0.,-0.));
#11230=DIRECTION('',(-0.,-0.,-1.));
#11231=DIRECTION('',(-1.,-0.,-0.));
#11232=DIRECTION('',(-0.,-0.,-1.));
#11233=DIRECTION('',(-1.,-0.,-0.));
#11234=DIRECTION('',(-0.,-0.,1.));
#11235=DIRECTION('',(1.,-0.,-0.));
#11236=DIRECTION('',(-0.,-0.,-1.));
#11237=DIRECTION('',(-0.,-1.,0.));
#11238=DIRECTION('',(-0.,-1.,0.));
#11239=DIRECTION('',(-0.,-1.,0.));
#11240=DIRECTION('',(-1.,-0.,-0.));
#11241=DIRECTION('',(-0.,-0.,-1.));
#11242=DIRECTION('',(-1.,-0.,-0.));
#11243=DIRECTION('',(-0.,-0.,1.));
#11244=DIRECTION('',(1.,-0.,-0.));
#11245=DIRECTION('',(-0.,-0.,-1.));
#11246=DIRECTION('',(-1.,-0.,-0.));
#11247=DIRECTION('',(-0.,-0.,-1.));
#11248=DIRECTION('',(-1.,-0.,-0.));
#11249=DIRECTION('',(-0.,-0.,1.));
#11250=DIRECTION('',(1.,-0.,-0.));
#11251=DIRECTION('',(-0.,-0.,-1.));
#11252=DIRECTION('',(-0.,-1.,0.));
#11253=DIRECTION('',(-0.,-1.,0.));
#11254=DIRECTION('',(-0.,-1.,0.));
#11255=DIRECTION('',(-1.,-0.,-0.));
#11256=DIRECTION('',(-0.,-0.,-1.));
#11257=DIRECTION('',(-1.,-0.,-0.));
#11258=DIRECTION('',(-0.,-0.,1.));
#11259=DIRECTION('',(1.,-0.,-0.));
#11260=DIRECTION('',(-0.,-0.,-1.));
#11261=DIRECTION('',(-1.,-0.,-0.));
#11262=DIRECTION('',(-0.,-0.,-1.));
#11263=DIRECTION('',(-1.,-0.,-0.));
#11264=DIRECTION('',(-0.,-0.,1.));
#11265=DIRECTION('',(1.,-0.,-0.));
#11266=DIRECTION('',(-0.,-0.,-1.));
#11267=DIRECTION('',(-0.,-1.,0.));
#11268=DIRECTION('',(-0.,-1.,0.));
#11269=DIRECTION('',(-0.,-1.,0.));
#11270=DIRECTION('',(-1.,-0.,-0.));
#11271=DIRECTION('',(-0.,-0.,-1.));
#11272=DIRECTION('',(-1.,-0.,-0.));
#11273=DIRECTION('',(-0.,-0.,1.));
#11274=DIRECTION('',(1.,-0.,-0.));
#11275=DIRECTION('',(-0.,-0.,-1.));
#11276=DIRECTION('',(-1.,-0.,-0.));
#11277=DIRECTION('',(-0.,-0.,-1.));
#11278=DIRECTION('',(-1.,-0.,-0.));
#11279=DIRECTION('',(-0.,-0.,1.));
#11280=DIRECTION('',(1.,-0.,-0.));
#11281=DIRECTION('',(-0.,-0.,-1.));
#11282=DIRECTION('',(-0.,-1.,0.));
#11283=DIRECTION('',(-0.,-1.,0.));
#11284=DIRECTION('',(-0.,-1.,0.));
#11285=DIRECTION('',(-1.,-0.,-0.));
#11286=DIRECTION('',(-0.,-0.,-1.));
#11287=DIRECTION('',(-1.,-0.,-0.));
#11288=DIRECTION('',(-0.,-0.,1.));
#11289=DIRECTION('',(1.,-0.,-0.));
#11290=DIRECTION('',(-0.,-0.,-1.));
#11291=DIRECTION('',(-1.,-0.,-0.));
#11292=DIRECTION('',(-0.,-0.,-1.));
#11293=DIRECTION('',(-1.,-0.,-0.));
#11294=DIRECTION('',(-0.,-0.,1.));
#11295=DIRECTION('',(1.,-0.,-0.));
#11296=DIRECTION('',(-0.,-0.,-1.));
#11297=DIRECTION('',(-0.,-1.,0.));
#11298=DIRECTION('',(-0.,-1.,0.));
#11299=DIRECTION('',(-0.,-1.,0.));
#11300=DIRECTION('',(-1.,-0.,-0.));
#11301=DIRECTION('',(-0.,-0.,-1.));
#11302=DIRECTION('',(-1.,-0.,-0.));
#11303=DIRECTION('',(-0.,-0.,1.));
#11304=DIRECTION('',(1.,-0.,-0.));
#11305=DIRECTION('',(-0.,-0.,-1.));
#11306=DIRECTION('',(-1.,-0.,-0.));
#11307=DIRECTION('',(-0.,-0.,-1.));
#11308=DIRECTION('',(-1.,-0.,-0.));
#11309=DIRECTION('',(-0.,-0.,1.));
#11310=DIRECTION('',(1.,-0.,-0.));
#11311=DIRECTION('',(-0.,-0.,-1.));
#11312=DIRECTION('',(-0.,-1.,0.));
#11313=DIRECTION('',(-0.,-1.,0.));
#11314=DIRECTION('',(-0.,-1.,0.));
#11315=DIRECTION('',(-1.,-0.,-0.));
#11316=DIRECTION('',(-0.,-0.,-1.));
#11317=DIRECTION('',(-1.,-0.,-0.));
#11318=DIRECTION('',(-0.,-0.,1.));
#11319=DIRECTION('',(1.,-0.,-0.));
#11320=DIRECTION('',(-0.,-0.,-1.));
#11321=DIRECTION('',(-1.,-0.,-0.));
#11322=DIRECTION('',(-0.,-0.,-1.));
#11323=DIRECTION('',(-1.,-0.,-0.));
#11324=DIRECTION('',(-0.,-0.,1.));
#11325=DIRECTION('',(1.,-0.,-0.));
#11326=DIRECTION('',(-0.,-0.,-1.));
#11327=DIRECTION('',(-0.,-1.,0.));
#11328=DIRECTION('',(-0.,-1.,0.));
#11329=DIRECTION('',(-0.,-1.,0.));
#11330=DIRECTION('',(-1.,-0.,-0.));
#11331=DIRECTION('',(-0.,-0.,-1.));
#11332=DIRECTION('',(-1.,-0.,-0.));
#11333=DIRECTION('',(-0.,-0.,1.));
#11334=DIRECTION('',(1.,-0.,-0.));
#11335=DIRECTION('',(-0.,-0.,-1.));
#11336=DIRECTION('',(-1.,-0.,-0.));
#11337=DIRECTION('',(-0.,-0.,-1.));
#11338=DIRECTION('',(-1.,-0.,-0.));
#11339=DIRECTION('',(-0.,-0.,1.));
#11340=DIRECTION('',(1.,-0.,-0.));
#11341=DIRECTION('',(-0.,-0.,-1.));
#11342=DIRECTION('',(-0.,-1.,0.));
#11343=DIRECTION('',(-0.,-1.,0.));
#11344=DIRECTION('',(-0.,-1.,0.));
#11345=DIRECTION('',(-1.,-0.,-0.));
#11346=DIRECTION('',(-0.,-0.,-1.));
#11347=DIRECTION('',(-1.,-0.,-0.));
#11348=DIRECTION('',(-0.,-0.,1.));
#11349=DIRECTION('',(1.,-0.,-0.));
#11350=DIRECTION('',(-0.,-0.,-1.));
#11351=DIRECTION('',(-1.,-0.,-0.));
#11352=DIRECTION('',(-0.,-0.,-1.));
#11353=DIRECTION('',(-1.,-0.,-0.));
#11354=DIRECTION('',(-0.,-0.,1.));
#11355=DIRECTION('',(1.,-0.,-0.));
#11356=DIRECTION('',(-0.,-0.,-1.));
#11357=DIRECTION('',(-0.,-1.,0.));
#11358=DIRECTION('',(-0.,-1.,0.));
#11359=DIRECTION('',(-0.,-1.,0.));
#11360=DIRECTION('',(-1.,-0.,-0.));
#11361=DIRECTION('',(-0.,-0.,-1.));
#11362=DIRECTION('',(-1.,-0.,-0.));
#11363=DIRECTION('',(-0.,-0.,1.));
#11364=DIRECTION('',(1.,-0.,-0.));
#11365=DIRECTION('',(-0.,-0.,-1.));
#11366=DIRECTION('',(-1.,-0.,-0.));
#11367=DIRECTION('',(-0.,-0.,-1.));
#11368=DIRECTION('',(-1.,-0.,-0.));
#11369=DIRECTION('',(-0.,-0.,1.));
#11370=DIRECTION('',(1.,-0.,-0.));
#11371=DIRECTION('',(-0.,-0.,-1.));
#11372=DIRECTION('',(-0.,-1.,0.));
#11373=DIRECTION('',(-0.,-1.,0.));
#11374=DIRECTION('',(-0.,-1.,0.));
#11375=DIRECTION('',(-1.,-0.,-0.));
#11376=DIRECTION('',(-0.,-0.,-1.));
#11377=DIRECTION('',(-1.,-0.,-0.));
#11378=DIRECTION('',(-0.,-0.,1.));
#11379=DIRECTION('',(1.,-0.,-0.));
#11380=DIRECTION('',(-0.,-0.,-1.));
#11381=DIRECTION('',(-1.,-0.,-0.));
#11382=DIRECTION('',(-0.,-0.,-1.));
#11383=DIRECTION('',(-1.,-0.,-0.));
#11384=DIRECTION('',(-0.,-0.,1.));
#11385=DIRECTION('',(1.,-0.,-0.));
#11386=DIRECTION('',(-0.,-0.,-1.));
#11387=DIRECTION('',(-0.,-1.,0.));
#11388=DIRECTION('',(-0.,-1.,0.));
#11389=DIRECTION('',(-0.,-1.,0.));
#11390=DIRECTION('',(-1.,-0.,-0.));
#11391=DIRECTION('',(-0.,-0.,-1.));
#11392=DIRECTION('',(-1.,-0.,-0.));
#11393=DIRECTION('',(-0.,-0.,1.));
#11394=DIRECTION('',(1.,-0.,-0.));
#11395=DIRECTION('',(-0.,-0.,-1.));
#11396=DIRECTION('',(-1.,-0.,-0.));
#11397=DIRECTION('',(-0.,-0.,-1.));
#11398=DIRECTION('',(-1.,-0.,-0.));
#11399=DIRECTION('',(-0.,-0.,1.));
#11400=DIRECTION('',(1.,-0.,-0.));
#11401=DIRECTION('',(-0.,-0.,-1.));
#11402=DIRECTION('',(-0.,-1.,0.));
#11403=DIRECTION('',(-0.,-1.,0.));
#11404=DIRECTION('',(-0.,-1.,0.));
#11405=DIRECTION('',(-1.,-0.,-0.));
#11406=DIRECTION('',(-0.,-0.,-1.));
#11407=DIRECTION('',(-1.,-0.,-0.));
#11408=DIRECTION('',(-0.,-0.,1.));
#11409=DIRECTION('',(1.,-0.,-0.));
#11410=DIRECTION('',(-0.,-0.,-1.));
#11411=DIRECTION('',(-1.,-0.,-0.));
#11412=DIRECTION('',(-0.,-0.,-1.));
#11413=DIRECTION('',(-1.,-0.,-0.));
#11414=DIRECTION('',(-0.,-0.,1.));
#11415=DIRECTION('',(1.,-0.,-0.));
#11416=DIRECTION('',(-0.,-0.,-1.));
#11417=DIRECTION('',(-0.,-1.,0.));
#11418=DIRECTION('',(-0.,-1.,0.));
#11419=DIRECTION('',(-0.,-1.,0.));
#11420=DIRECTION('',(-1.,-0.,-0.));
#11421=DIRECTION('',(-0.,-0.,-1.));
#11422=DIRECTION('',(-1.,-0.,-0.));
#11423=DIRECTION('',(-0.,-0.,1.));
#11424=DIRECTION('',(1.,-0.,-0.));
#11425=DIRECTION('',(-0.,-0.,-1.));
#11426=DIRECTION('',(-1.,-0.,-0.));
#11427=DIRECTION('',(-0.,-0.,-1.));
#11428=DIRECTION('',(-1.,-0.,-0.));
#11429=DIRECTION('',(-0.,-0.,1.));
#11430=DIRECTION('',(1.,-0.,-0.));
#11431=DIRECTION('',(-0.,-0.,-1.));
#11432=DIRECTION('',(-0.,-1.,0.));
#11433=DIRECTION('',(-0.,-1.,0.));
#11434=DIRECTION('',(-0.,-1.,0.));
#11435=DIRECTION('',(-1.,-0.,-0.));
#11436=DIRECTION('',(-0.,-0.,-1.));
#11437=DIRECTION('',(-1.,-0.,-0.));
#11438=DIRECTION('',(-0.,-0.,1.));
#11439=DIRECTION('',(1.,-0.,-0.));
#11440=DIRECTION('',(-0.,-0.,-1.));
#11441=DIRECTION('',(-1.,-0.,-0.));
#11442=DIRECTION('',(-0.,-0.,-1.));
#11443=DIRECTION('',(-1.,-0.,-0.));
#11444=DIRECTION('',(-0.,-0.,1.));
#11445=DIRECTION('',(1.,-0.,-0.));
#11446=DIRECTION('',(-0.,-0.,-1.));
#11447=DIRECTION('',(-0.,-1.,0.));
#11448=DIRECTION('',(-0.,-1.,0.));
#11449=DIRECTION('',(-0.,-1.,0.));
#11450=DIRECTION('',(-1.,-0.,-0.));
#11451=DIRECTION('',(-0.,-0.,-1.));
#11452=DIRECTION('',(-1.,-0.,-0.));
#11453=DIRECTION('',(-0.,-0.,1.));
#11454=DIRECTION('',(1.,-0.,-0.));
#11455=DIRECTION('',(-0.,-0.,-1.));
#11456=DIRECTION('',(-1.,-0.,-0.));
#11457=DIRECTION('',(-0.,-0.,-1.));
#11458=DIRECTION('',(-1.,-0.,-0.));
#11459=DIRECTION('',(-0.,-0.,1.));
#11460=DIRECTION('',(1.,-0.,-0.));
#11461=DIRECTION('',(-0.,-0.,-1.));
#11462=DIRECTION('',(-0.,-1.,0.));
#11463=DIRECTION('',(-0.,-1.,0.));
#11464=DIRECTION('',(-0.,-1.,0.));
#11465=DIRECTION('',(-1.,-0.,-0.));
#11466=DIRECTION('',(-0.,-0.,-1.));
#11467=DIRECTION('',(-1.,-0.,-0.));
#11468=DIRECTION('',(-0.,-0.,1.));
#11469=DIRECTION('',(1.,-0.,-0.));
#11470=DIRECTION('',(-0.,-0.,-1.));
#11471=DIRECTION('',(-1.,-0.,-0.));
#11472=DIRECTION('',(-0.,-0.,-1.));
#11473=DIRECTION('',(-1.,-0.,-0.));
#11474=DIRECTION('',(-0.,-0.,1.));
#11475=DIRECTION('',(1.,-0.,-0.));
#11476=DIRECTION('',(-0.,-0.,-1.));
#11477=DIRECTION('',(-0.,-1.,0.));
#11478=DIRECTION('',(-0.,-1.,0.));
#11479=DIRECTION('',(-0.,-1.,0.));
#11480=DIRECTION('',(-1.,-0.,-0.));
#11481=DIRECTION('',(-0.,-0.,-1.));
#11482=DIRECTION('',(-1.,-0.,-0.));
#11483=DIRECTION('',(-0.,-0.,1.));
#11484=DIRECTION('',(1.,-0.,-0.));
#11485=DIRECTION('',(-0.,-0.,-1.));
#11486=DIRECTION('',(-1.,-0.,-0.));
#11487=DIRECTION('',(-0.,-0.,-1.));
#11488=DIRECTION('',(-1.,-0.,-0.));
#11489=DIRECTION('',(-0.,-0.,1.));
#11490=DIRECTION('',(1.,-0.,-0.));
#11491=DIRECTION('',(-0.,-0.,-1.));
#11492=DIRECTION('',(-0.,-1.,0.));
#11493=DIRECTION('',(-0.,-1.,0.));
#11494=DIRECTION('',(-0.,-1.,0.));
#11495=DIRECTION('',(-1.,-0.,-0.));
#11496=DIRECTION('',(-0.,-0.,-1.));
#11497=DIRECTION('',(-1.,-0.,-0.));
#11498=DIRECTION('',(-0.,-0.,1.));
#11499=DIRECTION('',(1.,-0.,-0.));
#11500=DIRECTION('',(-0.,-0.,-1.));
#11501=DIRECTION('',(-1.,-0.,-0.));
#11502=DIRECTION('',(-0.,-0.,-1.));
#11503=DIRECTION('',(-1.,-0.,-0.));
#11504=DIRECTION('',(-0.,-0.,1.));
#11505=DIRECTION('',(1.,-0.,-0.));
#11506=DIRECTION('',(-0.,-0.,-1.));
#11507=DIRECTION('',(-0.,-1.,0.));
#11508=DIRECTION('',(-0.,-1.,0.));
#11509=DIRECTION('',(-0.,-1.,0.));
#11510=DIRECTION('',(-1.,-0.,-0.));
#11511=DIRECTION('',(-0.,-0.,-1.));
#11512=DIRECTION('',(-1.,-0.,-0.));
#11513=DIRECTION('',(-0.,-0.,1.));
#11514=DIRECTION('',(1.,-0.,-0.));
#11515=DIRECTION('',(-0.,-0.,-1.));
#11516=DIRECTION('',(-1.,-0.,-0.));
#11517=DIRECTION('',(-0.,-0.,-1.));
#11518=DIRECTION('',(-1.,-0.,-0.));
#11519=DIRECTION('',(-0.,-0.,1.));
#11520=DIRECTION('',(1.,-0.,-0.));
#11521=DIRECTION('',(-0.,-0.,-1.));
#11522=DIRECTION('',(-0.,-1.,0.));
#11523=DIRECTION('',(-0.,-1.,0.));
#11524=DIRECTION('',(-0.,-1.,0.));
#11525=DIRECTION('',(-1.,-0.,-0.));
#11526=DIRECTION('',(-0.,-0.,-1.));
#11527=DIRECTION('',(-1.,-0.,-0.));
#11528=DIRECTION('',(-0.,-0.,1.));
#11529=DIRECTION('',(1.,-0.,-0.));
#11530=DIRECTION('',(-0.,-0.,-1.));
#11531=DIRECTION('',(-1.,-0.,-0.));
#11532=DIRECTION('',(-0.,-0.,-1.));
#11533=DIRECTION('',(-1.,-0.,-0.));
#11534=DIRECTION('',(-0.,-0.,1.));
#11535=DIRECTION('',(1.,-0.,-0.));
#11536=DIRECTION('',(-0.,-0.,-1.));
#11537=DIRECTION('',(-0.,-1.,0.));
#11538=DIRECTION('',(-0.,-1.,0.));
#11539=DIRECTION('',(-0.,-1.,0.));
#11540=DIRECTION('',(-1.,-0.,-0.));
#11541=DIRECTION('',(-0.,-0.,-1.));
#11542=DIRECTION('',(-1.,-0.,-0.));
#11543=DIRECTION('',(-0.,-0.,1.));
#11544=DIRECTION('',(1.,-0.,-0.));
#11545=DIRECTION('',(-0.,-0.,-1.));
#11546=DIRECTION('',(-1.,-0.,-0.));
#11547=DIRECTION('',(-0.,-0.,-1.));
#11548=DIRECTION('',(-1.,-0.,-0.));
#11549=DIRECTION('',(-0.,-0.,1.));
#11550=DIRECTION('',(1.,-0.,-0.));
#11551=DIRECTION('',(-0.,-0.,-1.));
#11552=DIRECTION('',(-0.,-1.,0.));
#11553=DIRECTION('',(-0.,-1.,0.));
#11554=DIRECTION('',(-0.,-1.,0.));
#11555=DIRECTION('',(-1.,-0.,-0.));
#11556=DIRECTION('',(-0.,-0.,-1.));
#11557=DIRECTION('',(-1.,-0.,-0.));
#11558=DIRECTION('',(-0.,-0.,1.));
#11559=DIRECTION('',(1.,-0.,-0.));
#11560=DIRECTION('',(-0.,-0.,-1.));
#11561=DIRECTION('',(-1.,-0.,-0.));
#11562=DIRECTION('',(-0.,-0.,-1.));
#11563=DIRECTION('',(-1.,-0.,-0.));
#11564=DIRECTION('',(-0.,-0.,1.));
#11565=DIRECTION('',(1.,-0.,-0.));
#11566=DIRECTION('',(-0.,-0.,-1.));
#11567=DIRECTION('',(-0.,-1.,0.));
#11568=DIRECTION('',(-0.,-1.,0.));
#11569=DIRECTION('',(-0.,-1.,0.));
#11570=DIRECTION('',(-1.,-0.,-0.));
#11571=DIRECTION('',(-0.,-0.,-1.));
#11572=DIRECTION('',(-1.,-0.,-0.));
#11573=DIRECTION('',(-0.,-0.,1.));
#11574=DIRECTION('',(1.,-0.,-0.));
#11575=DIRECTION('',(-0.,-0.,-1.));
#11576=DIRECTION('',(-1.,-0.,-0.));
#11577=DIRECTION('',(-0.,-0.,-1.));
#11578=DIRECTION('',(-1.,-0.,-0.));
#11579=DIRECTION('',(-0.,-0.,1.));
#11580=DIRECTION('',(1.,-0.,-0.));
#11581=DIRECTION('',(-0.,-0.,-1.));
#11582=DIRECTION('',(-0.,-1.,0.));
#11583=DIRECTION('',(-0.,-1.,0.));
#11584=DIRECTION('',(-0.,-1.,0.));
#11585=DIRECTION('',(-1.,-0.,-0.));
#11586=DIRECTION('',(-0.,-0.,-1.));
#11587=DIRECTION('',(-1.,-0.,-0.));
#11588=DIRECTION('',(-0.,-0.,1.));
#11589=DIRECTION('',(1.,-0.,-0.));
#11590=DIRECTION('',(-0.,-0.,-1.));
#11591=DIRECTION('',(-1.,-0.,-0.));
#11592=DIRECTION('',(-0.,-0.,-1.));
#11593=DIRECTION('',(-1.,-0.,-0.));
#11594=DIRECTION('',(-0.,-0.,1.));
#11595=DIRECTION('',(1.,-0.,-0.));
#11596=DIRECTION('',(-0.,-0.,-1.));
#11597=DIRECTION('',(-0.,-1.,0.));
#11598=DIRECTION('',(-0.,-1.,0.));
#11599=DIRECTION('',(-0.,-1.,0.));
#11600=DIRECTION('',(-1.,-0.,-0.));
#11601=DIRECTION('',(-0.,-0.,-1.));
#11602=DIRECTION('',(-1.,-0.,-0.));
#11603=DIRECTION('',(-0.,-0.,1.));
#11604=DIRECTION('',(1.,-0.,-0.));
#11605=DIRECTION('',(-0.,-0.,-1.));
#11606=DIRECTION('',(-1.,-0.,-0.));
#11607=DIRECTION('',(-0.,-0.,-1.));
#11608=DIRECTION('',(-1.,-0.,-0.));
#11609=DIRECTION('',(-0.,-0.,1.));
#11610=DIRECTION('',(1.,-0.,-0.));
#11611=DIRECTION('',(-0.,-0.,-1.));
#11612=DIRECTION('',(-0.,-1.,0.));
#11613=DIRECTION('',(-0.,-1.,0.));
#11614=DIRECTION('',(-0.,-1.,0.));
#11615=DIRECTION('',(-1.,-0.,-0.));
#11616=DIRECTION('',(-0.,-0.,-1.));
#11617=DIRECTION('',(-1.,-0.,-0.));
#11618=DIRECTION('',(-0.,-0.,1.));
#11619=DIRECTION('',(1.,-0.,-0.));
#11620=DIRECTION('',(-0.,-0.,-1.));
#11621=DIRECTION('',(-1.,-0.,-0.));
#11622=DIRECTION('',(-0.,-0.,-1.));
#11623=DIRECTION('',(-1.,-0.,-0.));
#11624=DIRECTION('',(-0.,-0.,1.));
#11625=DIRECTION('',(1.,-0.,-0.));
#11626=DIRECTION('',(-0.,-0.,-1.));
#11627=DIRECTION('',(-0.,-1.,0.));
#11628=DIRECTION('',(-0.,-1.,0.));
#11629=DIRECTION('',(-0.,-1.,0.));
#11630=DIRECTION('',(-1.,-0.,-0.));
#11631=DIRECTION('',(-0.,-0.,-1.));
#11632=DIRECTION('',(-1.,-0.,-0.));
#11633=DIRECTION('',(-0.,-0.,1.));
#11634=DIRECTION('',(1.,-0.,-0.));
#11635=DIRECTION('',(-0.,-0.,-1.));
#11636=DIRECTION('',(-1.,-0.,-0.));
#11637=DIRECTION('',(-0.,-0.,-1.));
#11638=DIRECTION('',(-1.,-0.,-0.));
#11639=DIRECTION('',(-0.,-0.,1.));
#11640=DIRECTION('',(1.,-0.,-0.));
#11641=DIRECTION('',(-0.,-0.,-1.));
#11642=DIRECTION('',(-0.,-1.,0.));
#11643=DIRECTION('',(-0.,-1.,0.));
#11644=DIRECTION('',(-0.,-1.,0.));
#11645=DIRECTION('',(-1.,-0.,-0.));
#11646=DIRECTION('',(-0.,-0.,-1.));
#11647=DIRECTION('',(-1.,-0.,-0.));
#11648=DIRECTION('',(-0.,-0.,1.));
#11649=DIRECTION('',(1.,-0.,-0.));
#11650=DIRECTION('',(-0.,-0.,-1.));
#11651=DIRECTION('',(-1.,-0.,-0.));
#11652=DIRECTION('',(-0.,-0.,-1.));
#11653=DIRECTION('',(-1.,-0.,-0.));
#11654=DIRECTION('',(-0.,-0.,1.));
#11655=DIRECTION('',(1.,-0.,-0.));
#11656=DIRECTION('',(-0.,-0.,-1.));
#11657=DIRECTION('',(-0.,-1.,0.));
#11658=DIRECTION('',(-0.,-1.,0.));
#11659=DIRECTION('',(-0.,-1.,0.));
#11660=DIRECTION('',(-1.,-0.,-0.));
#11661=DIRECTION('',(-0.,-0.,-1.));
#11662=DIRECTION('',(-1.,-0.,-0.));
#11663=DIRECTION('',(-0.,-0.,1.));
#11664=DIRECTION('',(1.,-0.,-0.));
#11665=DIRECTION('',(-0.,-0.,-1.));
#11666=DIRECTION('',(-1.,-0.,-0.));
#11667=DIRECTION('',(-0.,-0.,-1.));
#11668=DIRECTION('',(-1.,-0.,-0.));
#11669=DIRECTION('',(-0.,-0.,1.));
#11670=DIRECTION('',(1.,-0.,-0.));
#11671=DIRECTION('',(-0.,-0.,-1.));
#11672=DIRECTION('',(-0.,-1.,0.));
#11673=DIRECTION('',(-0.,-1.,0.));
#11674=DIRECTION('',(-0.,-1.,0.));
#11675=DIRECTION('',(-1.,-0.,-0.));
#11676=DIRECTION('',(-0.,-0.,-1.));
#11677=DIRECTION('',(-1.,-0.,-0.));
#11678=DIRECTION('',(-0.,-0.,1.));
#11679=DIRECTION('',(1.,-0.,-0.));
#11680=DIRECTION('',(-0.,-0.,-1.));
#11681=DIRECTION('',(-1.,-0.,-0.));
#11682=DIRECTION('',(-0.,-0.,-1.));
#11683=DIRECTION('',(-1.,-0.,-0.));
#11684=DIRECTION('',(-0.,-0.,1.));
#11685=DIRECTION('',(1.,-0.,-0.));
#11686=DIRECTION('',(-0.,-0.,-1.));
#11687=DIRECTION('',(-0.,-1.,0.));
#11688=DIRECTION('',(-0.,-1.,0.));
#11689=DIRECTION('',(-0.,-1.,0.));
#11690=DIRECTION('',(-1.,-0.,-0.));
#11691=DIRECTION('',(-0.,-0.,-1.));
#11692=DIRECTION('',(-1.,-0.,-0.));
#11693=DIRECTION('',(-0.,-0.,1.));
#11694=DIRECTION('',(1.,-0.,-0.));
#11695=DIRECTION('',(-0.,-0.,-1.));
#11696=DIRECTION('',(-1.,-0.,-0.));
#11697=DIRECTION('',(-0.,-0.,-1.));
#11698=DIRECTION('',(-1.,-0.,-0.));
#11699=DIRECTION('',(-0.,-0.,1.));
#11700=DIRECTION('',(1.,-0.,-0.));
#11701=DIRECTION('',(-0.,-0.,-1.));
#11702=DIRECTION('',(-0.,-1.,0.));
#11703=DIRECTION('',(-0.,-1.,0.));
#11704=DIRECTION('',(-0.,-1.,0.));
#11705=DIRECTION('',(-1.,-0.,-0.));
#11706=DIRECTION('',(-0.,-0.,-1.));
#11707=DIRECTION('',(-1.,-0.,-0.));
#11708=DIRECTION('',(-0.,-0.,1.));
#11709=DIRECTION('',(1.,-0.,-0.));
#11710=DIRECTION('',(-0.,-0.,-1.));
#11711=DIRECTION('',(-1.,-0.,-0.));
#11712=DIRECTION('',(-0.,-0.,-1.));
#11713=DIRECTION('',(-1.,-0.,-0.));
#11714=DIRECTION('',(-0.,-0.,1.));
#11715=DIRECTION('',(1.,-0.,-0.));
#11716=DIRECTION('',(-0.,-0.,-1.));
#11717=DIRECTION('',(-0.,-1.,0.));
#11718=DIRECTION('',(-0.,-1.,0.));
#11719=DIRECTION('',(-0.,-1.,0.));
#11720=DIRECTION('',(-1.,-0.,-0.));
#11721=DIRECTION('',(-0.,-0.,-1.));
#11722=DIRECTION('',(-1.,-0.,-0.));
#11723=DIRECTION('',(-0.,-0.,1.));
#11724=DIRECTION('',(1.,-0.,-0.));
#11725=DIRECTION('',(-0.,-0.,-1.));
#11726=DIRECTION('',(-1.,-0.,-0.));
#11727=DIRECTION('',(-0.,-0.,-1.));
#11728=DIRECTION('',(-1.,-0.,-0.));
#11729=DIRECTION('',(-0.,-0.,1.));
#11730=DIRECTION('',(1.,-0.,-0.));
#11731=DIRECTION('',(-0.,-0.,-1.));
#11732=DIRECTION('',(-0.,-1.,0.));
#11733=DIRECTION('',(-0.,-1.,0.));
#11734=DIRECTION('',(-0.,-1.,0.));
#11735=DIRECTION('',(-1.,-0.,-0.));
#11736=DIRECTION('',(-0.,-0.,-1.));
#11737=DIRECTION('',(-1.,-0.,-0.));
#11738=DIRECTION('',(-0.,-0.,1.));
#11739=DIRECTION('',(1.,-0.,-0.));
#11740=DIRECTION('',(-0.,-0.,-1.));
#11741=DIRECTION('',(-1.,-0.,-0.));
#11742=DIRECTION('',(-0.,-0.,-1.));
#11743=DIRECTION('',(-1.,-0.,-0.));
#11744=DIRECTION('',(-0.,-0.,1.));
#11745=DIRECTION('',(1.,-0.,-0.));
#11746=DIRECTION('',(-0.,-0.,-1.));
#11747=DIRECTION('',(-0.,-1.,0.));
#11748=DIRECTION('',(-0.,-1.,0.));
#11749=DIRECTION('',(-0.,-1.,0.));
#11750=DIRECTION('',(-1.,-0.,-0.));
#11751=DIRECTION('',(-0.,-0.,-1.));
#11752=DIRECTION('',(-1.,-0.,-0.));
#11753=DIRECTION('',(-0.,-0.,1.));
#11754=DIRECTION('',(1.,-0.,-0.));
#11755=DIRECTION('',(-0.,-0.,-1.));
#11756=DIRECTION('',(-1.,-0.,-0.));
#11757=DIRECTION('',(-0.,-0.,-1.));
#11758=DIRECTION('',(-1.,-0.,-0.));
#11759=DIRECTION('',(-0.,-0.,1.));
#11760=DIRECTION('',(1.,-0.,-0.));
#11761=DIRECTION('',(-0.,-0.,-1.));
#11762=DIRECTION('',(-0.,-1.,0.));
#11763=DIRECTION('',(-0.,-1.,0.));
#11764=DIRECTION('',(-0.,-1.,0.));
#11765=DIRECTION('',(-1.,-0.,-0.));
#11766=DIRECTION('',(-0.,-0.,-1.));
#11767=DIRECTION('',(-1.,-0.,-0.));
#11768=DIRECTION('',(-0.,-0.,1.));
#11769=DIRECTION('',(1.,-0.,-0.));
#11770=DIRECTION('',(-0.,-0.,-1.));
#11771=DIRECTION('',(-1.,-0.,-0.));
#11772=DIRECTION('',(-0.,-0.,-1.));
#11773=DIRECTION('',(-1.,-0.,-0.));
#11774=DIRECTION('',(-0.,-0.,1.));
#11775=DIRECTION('',(1.,-0.,-0.));
#11776=DIRECTION('',(-0.,-0.,-1.));
#11777=DIRECTION('',(-0.,-1.,0.));
#11778=DIRECTION('',(-0.,-1.,0.));
#11779=DIRECTION('',(-0.,-1.,0.));
#11780=DIRECTION('',(-1.,-0.,-0.));
#11781=DIRECTION('',(-0.,-0.,-1.));
#11782=DIRECTION('',(-1.,-0.,-0.));
#11783=DIRECTION('',(-0.,-0.,1.));
#11784=DIRECTION('',(1.,-0.,-0.));
#11785=DIRECTION('',(-0.,-0.,-1.));
#11786=DIRECTION('',(-1.,-0.,-0.));
#11787=DIRECTION('',(-0.,-0.,-1.));
#11788=DIRECTION('',(-1.,-0.,-0.));
#11789=DIRECTION('',(-0.,-0.,1.));
#11790=DIRECTION('',(1.,-0.,-0.));
#11791=DIRECTION('',(-0.,-0.,-1.));
#11792=DIRECTION('',(-0.,-1.,0.));
#11793=DIRECTION('',(-0.,-1.,0.));
#11794=DIRECTION('',(-0.,-1.,0.));
#11795=DIRECTION('',(-1.,-0.,-0.));
#11796=DIRECTION('',(-0.,-0.,-1.));
#11797=DIRECTION('',(-1.,-0.,-0.));
#11798=DIRECTION('',(-0.,-0.,1.));
#11799=DIRECTION('',(1.,-0.,-0.));
#11800=DIRECTION('',(-0.,-0.,-1.));
#11801=DIRECTION('',(-1.,-0.,-0.));
#11802=DIRECTION('',(-0.,-0.,-1.));
#11803=DIRECTION('',(-1.,-0.,-0.));
#11804=DIRECTION('',(-0.,-0.,1.));
#11805=DIRECTION('',(1.,-0.,-0.));
#11806=DIRECTION('',(-0.,-0.,-1.));
#11807=DIRECTION('',(-0.,-1.,0.));
#11808=DIRECTION('',(-0.,-1.,0.));
#11809=DIRECTION('',(-0.,-1.,0.));
#11810=DIRECTION('',(-1.,-0.,-0.));
#11811=DIRECTION('',(-0.,-0.,-1.));
#11812=DIRECTION('',(-1.,-0.,-0.));
#11813=DIRECTION('',(-0.,-0.,1.));
#11814=DIRECTION('',(1.,-0.,-0.));
#11815=DIRECTION('',(-0.,-0.,-1.));
#11816=DIRECTION('',(-1.,-0.,-0.));
#11817=DIRECTION('',(-0.,-0.,-1.));
#11818=DIRECTION('',(-1.,-0.,-0.));
#11819=DIRECTION('',(-0.,-0.,1.));
#11820=DIRECTION('',(1.,-0.,-0.));
#11821=DIRECTION('',(-0.,-0.,-1.));
#11822=DIRECTION('',(-0.,-1.,0.));
#11823=DIRECTION('',(-0.,-1.,0.));
#11824=DIRECTION('',(-0.,-1.,0.));
#11825=DIRECTION('',(-1.,-0.,-0.));
#11826=DIRECTION('',(-0.,-0.,-1.));
#11827=DIRECTION('',(-1.,-0.,-0.));
#11828=DIRECTION('',(-0.,-0.,1.));
#11829=DIRECTION('',(1.,-0.,-0.));
#11830=DIRECTION('',(-0.,-0.,-1.));
#11831=DIRECTION('',(-1.,-0.,-0.));
#11832=DIRECTION('',(-0.,-0.,-1.));
#11833=DIRECTION('',(-1.,-0.,-0.));
#11834=DIRECTION('',(-0.,-0.,1.));
#11835=DIRECTION('',(1.,-0.,-0.));
#11836=DIRECTION('',(-0.,-0.,-1.));
#11837=DIRECTION('',(-0.,-1.,0.));
#11838=DIRECTION('',(-0.,-1.,0.));
#11839=DIRECTION('',(-0.,-1.,0.));
#11840=DIRECTION('',(-1.,-0.,-0.));
#11841=DIRECTION('',(-0.,-0.,-1.));
#11842=DIRECTION('',(-1.,-0.,-0.));
#11843=DIRECTION('',(-0.,-0.,1.));
#11844=DIRECTION('',(1.,-0.,-0.));
#11845=DIRECTION('',(-0.,-0.,-1.));
#11846=DIRECTION('',(-1.,-0.,-0.));
#11847=DIRECTION('',(-0.,-0.,-1.));
#11848=DIRECTION('',(-1.,-0.,-0.));
#11849=DIRECTION('',(-0.,-0.,1.));
#11850=DIRECTION('',(1.,-0.,-0.));
#11851=DIRECTION('',(-0.,-0.,-1.));
#11852=DIRECTION('',(-0.,-1.,0.));
#11853=DIRECTION('',(-0.,-1.,0.));
#11854=DIRECTION('',(-0.,-1.,0.));
#11855=DIRECTION('',(-1.,-0.,-0.));
#11856=DIRECTION('',(-0.,-0.,-1.));
#11857=DIRECTION('',(-1.,-0.,-0.));
#11858=DIRECTION('',(-0.,-0.,1.));
#11859=DIRECTION('',(1.,-0.,-0.));
#11860=DIRECTION('',(-0.,-0.,-1.));
#11861=DIRECTION('',(-1.,-0.,-0.));
#11862=DIRECTION('',(-0.,-0.,-1.));
#11863=DIRECTION('',(-1.,-0.,-0.));
#11864=DIRECTION('',(-0.,-0.,1.));
#11865=DIRECTION('',(1.,-0.,-0.));
#11866=DIRECTION('',(-0.,-0.,-1.));
#11867=DIRECTION('',(-0.,-1.,0.));
#11868=DIRECTION('',(-0.,-1.,0.));
#11869=DIRECTION('',(-0.,-1.,0.));
#11870=DIRECTION('',(-1.,-0.,-0.));
#11871=DIRECTION('',(-0.,-0.,-1.));
#11872=DIRECTION('',(-1.,-0.,-0.));
#11873=DIRECTION('',(-0.,-0.,1.));
#11874=DIRECTION('',(1.,-0.,-0.));
#11875=DIRECTION('',(-0.,-0.,-1.));
#11876=DIRECTION('',(-1.,-0.,-0.));
#11877=DIRECTION('',(-0.,-0.,-1.));
#11878=DIRECTION('',(-1.,-0.,-0.));
#11879=DIRECTION('',(-0.,-0.,1.));
#11880=DIRECTION('',(1.,-0.,-0.));
#11881=DIRECTION('',(-0.,-0.,-1.));
#11882=DIRECTION('',(-0.,-1.,0.));
#11883=DIRECTION('',(-0.,-1.,0.));
#11884=DIRECTION('',(-0.,-1.,0.));
#11885=DIRECTION('',(-1.,-0.,-0.));
#11886=DIRECTION('',(-0.,-0.,-1.));
#11887=DIRECTION('',(-1.,-0.,-0.));
#11888=DIRECTION('',(-0.,-0.,1.));
#11889=DIRECTION('',(1.,-0.,-0.));
#11890=DIRECTION('',(-0.,-0.,-1.));
#11891=DIRECTION('',(-1.,-0.,-0.));
#11892=DIRECTION('',(-0.,-0.,-1.));
#11893=DIRECTION('',(-1.,-0.,-0.));
#11894=DIRECTION('',(-0.,-0.,1.));
#11895=DIRECTION('',(1.,-0.,-0.));
#11896=DIRECTION('',(-0.,-0.,-1.));
#11897=DIRECTION('',(-0.,-1.,0.));
#11898=DIRECTION('',(-0.,-1.,0.));
#11899=DIRECTION('',(-0.,-1.,0.));
#11900=DIRECTION('',(-1.,-0.,-0.));
#11901=DIRECTION('',(-0.,-0.,-1.));
#11902=DIRECTION('',(-1.,-0.,-0.));
#11903=DIRECTION('',(-0.,-0.,1.));
#11904=DIRECTION('',(1.,-0.,-0.));
#11905=DIRECTION('',(-0.,-0.,-1.));
#11906=DIRECTION('',(-1.,-0.,-0.));
#11907=DIRECTION('',(-0.,-0.,-1.));
#11908=DIRECTION('',(-1.,-0.,-0.));
#11909=DIRECTION('',(-0.,-0.,1.));
#11910=DIRECTION('',(1.,-0.,-0.));
#11911=DIRECTION('',(-0.,-0.,-1.));
#11912=DIRECTION('',(-0.,-1.,0.));
#11913=DIRECTION('',(-0.,-1.,0.));
#11914=DIRECTION('',(-0.,-1.,0.));
#11915=DIRECTION('',(-1.,-0.,-0.));
#11916=DIRECTION('',(-0.,-0.,-1.));
#11917=DIRECTION('',(-1.,-0.,-0.));
#11918=DIRECTION('',(-0.,-0.,1.));
#11919=DIRECTION('',(1.,-0.,-0.));
#11920=DIRECTION('',(-0.,-0.,-1.));
#11921=DIRECTION('',(-1.,-0.,-0.));
#11922=DIRECTION('',(-0.,-0.,-1.));
#11923=DIRECTION('',(-1.,-0.,-0.));
#11924=DIRECTION('',(-0.,-0.,1.));
#11925=DIRECTION('',(1.,-0.,-0.));
#11926=DIRECTION('',(-0.,-0.,-1.));
#11927=DIRECTION('',(-0.,-1.,0.));
#11928=DIRECTION('',(-0.,-1.,0.));
#11929=DIRECTION('',(-0.,-1.,0.));
#11930=DIRECTION('',(-1.,-0.,-0.));
#11931=DIRECTION('',(-0.,-0.,-1.));
#11932=DIRECTION('',(-1.,-0.,-0.));
#11933=DIRECTION('',(-0.,-0.,1.));
#11934=DIRECTION('',(1.,-0.,-0.));
#11935=DIRECTION('',(-0.,-0.,-1.));
#11936=DIRECTION('',(-0.,-0.,1.));
#11937=DIRECTION('',(1.,-0.,-0.));
#11938=DIRECTION('',(0.,0.,-1.));
#11939=DIRECTION('',(1.,-0.,0.));
#11940=DIRECTION('',(-1.,0.,-0.));
#11941=DIRECTION('',(0.,-0.,-1.));
#11942=DIRECTION('',(0.,0.,-1.));
#11943=DIRECTION('',(1.,-0.,0.));
#11944=DIRECTION('',(-1.,0.,0.));
#11945=DIRECTION('',(-0.,0.,-1.));
#11946=DIRECTION('',(0.,0.,-1.));
#11947=DIRECTION('',(1.,-0.,0.));
#11948=DIRECTION('',(-1.,0.,-0.));
#11949=DIRECTION('',(0.,-0.,-1.));
#11950=DIRECTION('',(0.,0.,-1.));
#11951=DIRECTION('',(1.,-0.,0.));
#11952=DIRECTION('',(-1.,0.,0.));
#11953=DIRECTION('',(-0.,0.,-1.));
#11954=DIRECTION('',(0.,0.,-1.));
#11955=DIRECTION('',(1.,-0.,0.));
#11956=DIRECTION('',(-1.,0.,-0.));
#11957=DIRECTION('',(0.,-0.,-1.));
#11958=DIRECTION('',(0.,0.,-1.));
#11959=DIRECTION('',(1.,-0.,0.));
#11960=DIRECTION('',(-1.,0.,0.));
#11961=DIRECTION('',(-0.,0.,-1.));
#11962=DIRECTION('',(0.,0.,-1.));
#11963=DIRECTION('',(1.,-0.,0.));
#11964=DIRECTION('',(-1.,0.,-0.));
#11965=DIRECTION('',(0.,-0.,-1.));
#11966=DIRECTION('',(0.,0.,-1.));
#11967=DIRECTION('',(1.,-0.,0.));
#11968=DIRECTION('',(-1.,0.,0.));
#11969=DIRECTION('',(-0.,0.,-1.));
#11970=DIRECTION('',(0.,0.,-1.));
#11971=DIRECTION('',(1.,-0.,0.));
#11972=DIRECTION('',(-1.,0.,-0.));
#11973=DIRECTION('',(0.,-0.,-1.));
#11974=DIRECTION('',(0.,0.,-1.));
#11975=DIRECTION('',(1.,-0.,0.));
#11976=DIRECTION('',(-1.,0.,0.));
#11977=DIRECTION('',(-0.,0.,-1.));
#11978=DIRECTION('',(0.,0.,-1.));
#11979=DIRECTION('',(1.,-0.,0.));
#11980=DIRECTION('',(-1.,0.,-0.));
#11981=DIRECTION('',(0.,-0.,-1.));
#11982=DIRECTION('',(0.,0.,-1.));
#11983=DIRECTION('',(1.,-0.,0.));
#11984=DIRECTION('',(-1.,0.,0.));
#11985=DIRECTION('',(-0.,0.,-1.));
#11986=DIRECTION('',(0.,0.,-1.));
#11987=DIRECTION('',(1.,-0.,0.));
#11988=DIRECTION('',(-1.,0.,-0.));
#11989=DIRECTION('',(0.,-0.,-1.));
#11990=DIRECTION('',(0.,0.,-1.));
#11991=DIRECTION('',(1.,-0.,0.));
#11992=DIRECTION('',(-1.,0.,0.));
#11993=DIRECTION('',(-0.,0.,-1.));
#11994=DIRECTION('',(0.,0.,-1.));
#11995=DIRECTION('',(1.,-0.,0.));
#11996=DIRECTION('',(-1.,0.,-0.));
#11997=DIRECTION('',(0.,-0.,-1.));
#11998=DIRECTION('',(0.,0.,-1.));
#11999=DIRECTION('',(1.,-0.,0.));
#12000=DIRECTION('',(-1.,0.,0.));
#12001=DIRECTION('',(-0.,0.,-1.));
#12002=DIRECTION('',(0.,0.,-1.));
#12003=DIRECTION('',(1.,-0.,0.));
#12004=DIRECTION('',(-1.,0.,-0.));
#12005=DIRECTION('',(0.,-0.,-1.));
#12006=DIRECTION('',(0.,0.,-1.));
#12007=DIRECTION('',(1.,-0.,0.));
#12008=DIRECTION('',(-1.,0.,0.));
#12009=DIRECTION('',(-0.,0.,-1.));
#12010=DIRECTION('',(0.,0.,-1.));
#12011=DIRECTION('',(1.,-0.,0.));
#12012=DIRECTION('',(-1.,0.,-0.));
#12013=DIRECTION('',(0.,-0.,-1.));
#12014=DIRECTION('',(0.,0.,-1.));
#12015=DIRECTION('',(1.,-0.,0.));
#12016=DIRECTION('',(-1.,0.,0.));
#12017=DIRECTION('',(-0.,0.,-1.));
#12018=DIRECTION('',(0.,0.,-1.));
#12019=DIRECTION('',(1.,-0.,0.));
#12020=DIRECTION('',(-1.,0.,-0.));
#12021=DIRECTION('',(0.,-0.,-1.));
#12022=DIRECTION('',(0.,0.,-1.));
#12023=DIRECTION('',(1.,-0.,0.));
#12024=DIRECTION('',(-1.,0.,0.));
#12025=DIRECTION('',(-0.,0.,-1.));
#12026=DIRECTION('',(0.,0.,-1.));
#12027=DIRECTION('',(1.,-0.,0.));
#12028=DIRECTION('',(-1.,0.,-0.));
#12029=DIRECTION('',(0.,-0.,-1.));
#12030=DIRECTION('',(0.,0.,-1.));
#12031=DIRECTION('',(1.,-0.,0.));
#12032=DIRECTION('',(-1.,0.,0.));
#12033=DIRECTION('',(-0.,0.,-1.));
#12034=DIRECTION('',(0.,0.,-1.));
#12035=DIRECTION('',(1.,-0.,0.));
#12036=DIRECTION('',(-1.,0.,-0.));
#12037=DIRECTION('',(0.,-0.,-1.));
#12038=DIRECTION('',(0.,0.,-1.));
#12039=DIRECTION('',(1.,-0.,0.));
#12040=DIRECTION('',(-1.,0.,0.));
#12041=DIRECTION('',(-0.,0.,-1.));
#12042=DIRECTION('',(0.,0.,-1.));
#12043=DIRECTION('',(1.,-0.,0.));
#12044=DIRECTION('',(-1.,0.,-0.));
#12045=DIRECTION('',(0.,-0.,-1.));
#12046=DIRECTION('',(0.,0.,-1.));
#12047=DIRECTION('',(1.,-0.,0.));
#12048=DIRECTION('',(-1.,0.,0.));
#12049=DIRECTION('',(-0.,0.,-1.));
#12050=DIRECTION('',(0.,0.,-1.));
#12051=DIRECTION('',(1.,-0.,0.));
#12052=DIRECTION('',(-1.,0.,-0.));
#12053=DIRECTION('',(0.,-0.,-1.));
#12054=DIRECTION('',(0.,0.,-1.));
#12055=DIRECTION('',(1.,-0.,0.));
#12056=DIRECTION('',(-1.,0.,0.));
#12057=DIRECTION('',(-0.,0.,-1.));
#12058=DIRECTION('',(0.,0.,-1.));
#12059=DIRECTION('',(1.,-0.,0.));
#12060=DIRECTION('',(-1.,0.,-0.));
#12061=DIRECTION('',(0.,-0.,-1.));
#12062=DIRECTION('',(0.,0.,-1.));
#12063=DIRECTION('',(1.,-0.,0.));
#12064=DIRECTION('',(-1.,0.,0.));
#12065=DIRECTION('',(-0.,0.,-1.));
#12066=DIRECTION('',(0.,0.,-1.));
#12067=DIRECTION('',(1.,-0.,0.));
#12068=DIRECTION('',(-1.,0.,-0.));
#12069=DIRECTION('',(0.,-0.,-1.));
#12070=DIRECTION('',(0.,0.,-1.));
#12071=DIRECTION('',(1.,-0.,0.));
#12072=DIRECTION('',(-1.,0.,0.));
#12073=DIRECTION('',(-0.,0.,-1.));
#12074=DIRECTION('',(0.,0.,-1.));
#12075=DIRECTION('',(1.,-0.,0.));
#12076=DIRECTION('',(-1.,0.,-0.));
#12077=DIRECTION('',(0.,-0.,-1.));
#12078=DIRECTION('',(0.,0.,-1.));
#12079=DIRECTION('',(1.,-0.,0.));
#12080=DIRECTION('',(-1.,0.,0.));
#12081=DIRECTION('',(-0.,0.,-1.));
#12082=DIRECTION('',(0.,0.,-1.));
#12083=DIRECTION('',(1.,-0.,0.));
#12084=DIRECTION('',(-1.,0.,-0.));
#12085=DIRECTION('',(0.,-0.,-1.));
#12086=DIRECTION('',(0.,0.,-1.));
#12087=DIRECTION('',(1.,-0.,0.));
#12088=DIRECTION('',(-1.,0.,0.));
#12089=DIRECTION('',(-0.,0.,-1.));
#12090=DIRECTION('',(0.,0.,-1.));
#12091=DIRECTION('',(1.,-0.,0.));
#12092=DIRECTION('',(-1.,0.,-0.));
#12093=DIRECTION('',(0.,-0.,-1.));
#12094=DIRECTION('',(0.,0.,-1.));
#12095=DIRECTION('',(1.,-0.,0.));
#12096=DIRECTION('',(-1.,0.,0.));
#12097=DIRECTION('',(-0.,0.,-1.));
#12098=DIRECTION('',(0.,0.,-1.));
#12099=DIRECTION('',(1.,-0.,0.));
#12100=DIRECTION('',(-1.,0.,-0.));
#12101=DIRECTION('',(0.,-0.,-1.));
#12102=DIRECTION('',(0.,0.,-1.));
#12103=DIRECTION('',(1.,-0.,0.));
#12104=DIRECTION('',(-1.,0.,0.));
#12105=DIRECTION('',(-0.,0.,-1.));
#12106=DIRECTION('',(0.,0.,-1.));
#12107=DIRECTION('',(1.,-0.,0.));
#12108=DIRECTION('',(-1.,0.,-0.));
#12109=DIRECTION('',(0.,-0.,-1.));
#12110=DIRECTION('',(0.,0.,-1.));
#12111=DIRECTION('',(1.,-0.,0.));
#12112=DIRECTION('',(-1.,0.,0.));
#12113=DIRECTION('',(-0.,0.,-1.));
#12114=DIRECTION('',(0.,0.,-1.));
#12115=DIRECTION('',(1.,-0.,0.));
#12116=DIRECTION('',(-1.,0.,-0.));
#12117=DIRECTION('',(0.,-0.,-1.));
#12118=DIRECTION('',(0.,0.,-1.));
#12119=DIRECTION('',(1.,-0.,0.));
#12120=DIRECTION('',(-1.,0.,0.));
#12121=DIRECTION('',(-0.,0.,-1.));
#12122=DIRECTION('',(0.,0.,-1.));
#12123=DIRECTION('',(1.,-0.,0.));
#12124=DIRECTION('',(-1.,0.,-0.));
#12125=DIRECTION('',(0.,-0.,-1.));
#12126=DIRECTION('',(0.,0.,-1.));
#12127=DIRECTION('',(1.,-0.,0.));
#12128=DIRECTION('',(-1.,0.,0.));
#12129=DIRECTION('',(-0.,0.,-1.));
#12130=DIRECTION('',(0.,0.,-1.));
#12131=DIRECTION('',(1.,-0.,0.));
#12132=DIRECTION('',(-1.,0.,-0.));
#12133=DIRECTION('',(0.,-0.,-1.));
#12134=DIRECTION('',(0.,0.,-1.));
#12135=DIRECTION('',(1.,-0.,0.));
#12136=DIRECTION('',(-1.,0.,0.));
#12137=DIRECTION('',(-0.,0.,-1.));
#12138=DIRECTION('',(0.,0.,-1.));
#12139=DIRECTION('',(1.,-0.,0.));
#12140=DIRECTION('',(-1.,0.,-0.));
#12141=DIRECTION('',(0.,-0.,-1.));
#12142=DIRECTION('',(0.,0.,-1.));
#12143=DIRECTION('',(1.,-0.,0.));
#12144=DIRECTION('',(-1.,0.,0.));
#12145=DIRECTION('',(-0.,0.,-1.));
#12146=DIRECTION('',(0.,0.,-1.));
#12147=DIRECTION('',(1.,-0.,0.));
#12148=DIRECTION('',(-1.,0.,-0.));
#12149=DIRECTION('',(0.,-0.,-1.));
#12150=DIRECTION('',(0.,0.,-1.));
#12151=DIRECTION('',(1.,-0.,0.));
#12152=DIRECTION('',(-1.,0.,0.));
#12153=DIRECTION('',(-0.,0.,-1.));
#12154=DIRECTION('',(0.,0.,-1.));
#12155=DIRECTION('',(1.,-0.,0.));
#12156=DIRECTION('',(-1.,0.,-0.));
#12157=DIRECTION('',(0.,-0.,-1.));
#12158=DIRECTION('',(0.,0.,-1.));
#12159=DIRECTION('',(1.,-0.,0.));
#12160=DIRECTION('',(-1.,0.,0.));
#12161=DIRECTION('',(-0.,0.,-1.));
#12162=DIRECTION('',(0.,0.,-1.));
#12163=DIRECTION('',(1.,-0.,0.));
#12164=DIRECTION('',(-1.,0.,-0.));
#12165=DIRECTION('',(0.,-0.,-1.));
#12166=DIRECTION('',(0.,0.,-1.));
#12167=DIRECTION('',(1.,-0.,0.));
#12168=DIRECTION('',(-1.,0.,0.));
#12169=DIRECTION('',(-0.,0.,-1.));
#12170=DIRECTION('',(0.,0.,-1.));
#12171=DIRECTION('',(1.,-0.,0.));
#12172=DIRECTION('',(-1.,0.,-0.));
#12173=DIRECTION('',(0.,-0.,-1.));
#12174=DIRECTION('',(0.,0.,-1.));
#12175=DIRECTION('',(1.,-0.,0.));
#12176=DIRECTION('',(-1.,0.,0.));
#12177=DIRECTION('',(-0.,0.,-1.));
#12178=DIRECTION('',(0.,0.,-1.));
#12179=DIRECTION('',(1.,-0.,0.));
#12180=DIRECTION('',(-1.,0.,-0.));
#12181=DIRECTION('',(0.,-0.,-1.));
#12182=DIRECTION('',(0.,0.,-1.));
#12183=DIRECTION('',(1.,-0.,0.));
#12184=DIRECTION('',(-1.,0.,0.));
#12185=DIRECTION('',(-0.,0.,-1.));
#12186=DIRECTION('',(0.,0.,-1.));
#12187=DIRECTION('',(1.,-0.,0.));
#12188=DIRECTION('',(-1.,0.,-0.));
#12189=DIRECTION('',(0.,-0.,-1.));
#12190=DIRECTION('',(0.,0.,-1.));
#12191=DIRECTION('',(1.,-0.,0.));
#12192=DIRECTION('',(-1.,0.,0.));
#12193=DIRECTION('',(-0.,0.,-1.));
#12194=DIRECTION('',(0.,0.,-1.));
#12195=DIRECTION('',(1.,-0.,0.));
#12196=DIRECTION('',(-1.,0.,-0.));
#12197=DIRECTION('',(0.,-0.,-1.));
#12198=DIRECTION('',(0.,0.,-1.));
#12199=DIRECTION('',(1.,-0.,0.));
#12200=DIRECTION('',(-1.,0.,0.));
#12201=DIRECTION('',(-0.,0.,-1.));
#12202=DIRECTION('',(0.,0.,-1.));
#12203=DIRECTION('',(1.,-0.,0.));
#12204=DIRECTION('',(-1.,0.,-0.));
#12205=DIRECTION('',(0.,-0.,-1.));
#12206=DIRECTION('',(0.,0.,-1.));
#12207=DIRECTION('',(1.,-0.,0.));
#12208=DIRECTION('',(-1.,0.,0.));
#12209=DIRECTION('',(-0.,0.,-1.));
#12210=DIRECTION('',(0.,0.,-1.));
#12211=DIRECTION('',(1.,-0.,0.));
#12212=DIRECTION('',(-1.,0.,-0.));
#12213=DIRECTION('',(0.,-0.,-1.));
#12214=DIRECTION('',(0.,0.,-1.));
#12215=DIRECTION('',(1.,-0.,0.));
#12216=DIRECTION('',(-1.,0.,0.));
#12217=DIRECTION('',(-0.,0.,-1.));
#12218=DIRECTION('',(0.,0.,-1.));
#12219=DIRECTION('',(1.,-0.,0.));
#12220=DIRECTION('',(-1.,0.,-0.));
#12221=DIRECTION('',(0.,-0.,-1.));
#12222=DIRECTION('',(0.,0.,-1.));
#12223=DIRECTION('',(1.,-0.,0.));
#12224=DIRECTION('',(-1.,0.,0.));
#12225=DIRECTION('',(-0.,0.,-1.));
#12226=DIRECTION('',(0.,0.,-1.));
#12227=DIRECTION('',(1.,-0.,0.));
#12228=DIRECTION('',(-1.,0.,-0.));
#12229=DIRECTION('',(0.,-0.,-1.));
#12230=DIRECTION('',(0.,0.,-1.));
#12231=DIRECTION('',(1.,-0.,0.));
#12232=DIRECTION('',(-1.,0.,0.));
#12233=DIRECTION('',(-0.,0.,-1.));
#12234=DIRECTION('',(0.,0.,-1.));
#12235=DIRECTION('',(1.,-0.,0.));
#12236=DIRECTION('',(-1.,0.,-0.));
#12237=DIRECTION('',(0.,-0.,-1.));
#12238=DIRECTION('',(0.,0.,-1.));
#12239=DIRECTION('',(1.,-0.,0.));
#12240=DIRECTION('',(-1.,0.,0.));
#12241=DIRECTION('',(-0.,0.,-1.));
#12242=DIRECTION('',(0.,0.,-1.));
#12243=DIRECTION('',(1.,-0.,0.));
#12244=DIRECTION('',(-1.,0.,-0.));
#12245=DIRECTION('',(0.,-0.,-1.));
#12246=DIRECTION('',(0.,0.,-1.));
#12247=DIRECTION('',(1.,-0.,0.));
#12248=DIRECTION('',(-1.,0.,0.));
#12249=DIRECTION('',(-0.,0.,-1.));
#12250=DIRECTION('',(0.,0.,-1.));
#12251=DIRECTION('',(1.,-0.,0.));
#12252=DIRECTION('',(-1.,0.,-0.));
#12253=DIRECTION('',(0.,-0.,-1.));
#12254=DIRECTION('',(0.,0.,-1.));
#12255=DIRECTION('',(1.,-0.,0.));
#12256=DIRECTION('',(-1.,0.,0.));
#12257=DIRECTION('',(-0.,0.,-1.));
#12258=DIRECTION('',(0.,0.,-1.));
#12259=DIRECTION('',(1.,-0.,0.));
#12260=DIRECTION('',(-1.,0.,-0.));
#12261=DIRECTION('',(0.,-0.,-1.));
#12262=DIRECTION('',(0.,0.,-1.));
#12263=DIRECTION('',(1.,-0.,0.));
#12264=DIRECTION('',(-1.,0.,0.));
#12265=DIRECTION('',(-0.,0.,-1.));
#12266=DIRECTION('',(0.,0.,-1.));
#12267=DIRECTION('',(1.,-0.,0.));
#12268=DIRECTION('',(-1.,0.,-0.));
#12269=DIRECTION('',(0.,-0.,-1.));
#12270=DIRECTION('',(0.,0.,-1.));
#12271=DIRECTION('',(1.,-0.,0.));
#12272=DIRECTION('',(-1.,0.,0.));
#12273=DIRECTION('',(-0.,0.,-1.));
#12274=DIRECTION('',(0.,0.,-1.));
#12275=DIRECTION('',(1.,-0.,0.));
#12276=DIRECTION('',(-1.,0.,-0.));
#12277=DIRECTION('',(0.,-0.,-1.));
#12278=DIRECTION('',(0.,0.,-1.));
#12279=DIRECTION('',(1.,-0.,0.));
#12280=DIRECTION('',(-1.,0.,0.));
#12281=DIRECTION('',(-0.,0.,-1.));
#12282=DIRECTION('',(0.,0.,-1.));
#12283=DIRECTION('',(1.,-0.,0.));
#12284=DIRECTION('',(-1.,0.,-0.));
#12285=DIRECTION('',(0.,-0.,-1.));
#12286=DIRECTION('',(0.,0.,-1.));
#12287=DIRECTION('',(1.,-0.,0.));
#12288=DIRECTION('',(-1.,0.,0.));
#12289=DIRECTION('',(-0.,0.,-1.));
#12290=DIRECTION('',(0.,0.,-1.));
#12291=DIRECTION('',(1.,-0.,0.));
#12292=DIRECTION('',(-1.,0.,-0.));
#12293=DIRECTION('',(0.,-0.,-1.));
#12294=DIRECTION('',(0.,0.,-1.));
#12295=DIRECTION('',(1.,-0.,0.));
#12296=DIRECTION('',(-1.,0.,0.));
#12297=DIRECTION('',(-0.,0.,-1.));
#12298=DIRECTION('',(0.,0.,-1.));
#12299=DIRECTION('',(1.,-0.,0.));
#12300=DIRECTION('',(-1.,0.,-0.));
#12301=DIRECTION('',(0.,-0.,-1.));
#12302=DIRECTION('',(0.,0.,-1.));
#12303=DIRECTION('',(1.,-0.,0.));
#12304=DIRECTION('',(-1.,0.,0.));
#12305=DIRECTION('',(-0.,0.,-1.));
#12306=DIRECTION('',(0.,0.,-1.));
#12307=DIRECTION('',(1.,-0.,0.));
#12308=DIRECTION('',(-1.,0.,-0.));
#12309=DIRECTION('',(0.,-0.,-1.));
#12310=DIRECTION('',(0.,0.,-1.));
#12311=DIRECTION('',(1.,-0.,0.));
#12312=DIRECTION('',(-1.,0.,0.));
#12313=DIRECTION('',(-0.,0.,-1.));
#12314=DIRECTION('',(0.,0.,-1.));
#12315=DIRECTION('',(1.,-0.,0.));
#12316=DIRECTION('',(-1.,0.,-0.));
#12317=DIRECTION('',(0.,-0.,-1.));
#12318=DIRECTION('',(0.,0.,-1.));
#12319=DIRECTION('',(1.,-0.,0.));
#12320=DIRECTION('',(-1.,0.,0.));
#12321=DIRECTION('',(-0.,0.,-1.));
#12322=DIRECTION('',(0.,0.,-1.));
#12323=DIRECTION('',(1.,-0.,0.));
#12324=DIRECTION('',(-1.,0.,-0.));
#12325=DIRECTION('',(0.,-0.,-1.));
#12326=DIRECTION('',(0.,0.,-1.));
#12327=DIRECTION('',(1.,-0.,0.));
#12328=DIRECTION('',(-1.,0.,0.));
#12329=DIRECTION('',(-0.,0.,-1.));
#12330=DIRECTION('',(0.,0.,-1.));
#12331=DIRECTION('',(1.,-0.,0.));
#12332=DIRECTION('',(-1.,0.,-0.));
#12333=DIRECTION('',(0.,-0.,-1.));
#12334=DIRECTION('',(0.,0.,-1.));
#12335=DIRECTION('',(1.,-0.,0.));
#12336=DIRECTION('',(-1.,0.,0.));
#12337=DIRECTION('',(-0.,0.,-1.));
#12338=DIRECTION('',(0.,0.,-1.));
#12339=DIRECTION('',(1.,-0.,0.));
#12340=DIRECTION('',(-1.,0.,-0.));
#12341=DIRECTION('',(0.,-0.,-1.));
#12342=DIRECTION('',(0.,0.,-1.));
#12343=DIRECTION('',(1.,-0.,0.));
#12344=DIRECTION('',(-1.,0.,0.));
#12345=DIRECTION('',(-0.,0.,-1.));
#12346=DIRECTION('',(0.,0.,-1.));
#12347=DIRECTION('',(1.,-0.,0.));
#12348=DIRECTION('',(-1.,0.,-0.));
#12349=DIRECTION('',(0.,-0.,-1.));
#12350=DIRECTION('',(0.,0.,-1.));
#12351=DIRECTION('',(1.,-0.,0.));
#12352=DIRECTION('',(-1.,0.,0.));
#12353=DIRECTION('',(-0.,0.,-1.));
#12354=DIRECTION('',(0.,0.,-1.));
#12355=DIRECTION('',(1.,-0.,0.));
#12356=DIRECTION('',(-1.,0.,-0.));
#12357=DIRECTION('',(0.,-0.,-1.));
#12358=DIRECTION('',(0.,0.,-1.));
#12359=DIRECTION('',(1.,-0.,0.));
#12360=DIRECTION('',(-1.,0.,0.));
#12361=DIRECTION('',(-0.,0.,-1.));
#12362=DIRECTION('',(0.,0.,-1.));
#12363=DIRECTION('',(1.,-0.,0.));
#12364=DIRECTION('',(-1.,0.,-0.));
#12365=DIRECTION('',(0.,-0.,-1.));
#12366=DIRECTION('',(0.,0.,-1.));
#12367=DIRECTION('',(1.,-0.,0.));
#12368=DIRECTION('',(-1.,0.,0.));
#12369=DIRECTION('',(-0.,0.,-1.));
#12370=DIRECTION('',(0.,0.,-1.));
#12371=DIRECTION('',(1.,-0.,0.));
#12372=DIRECTION('',(-1.,0.,-0.));
#12373=DIRECTION('',(0.,-0.,-1.));
#12374=DIRECTION('',(0.,0.,-1.));
#12375=DIRECTION('',(1.,-0.,0.));
#12376=DIRECTION('',(-1.,0.,0.));
#12377=DIRECTION('',(-0.,0.,-1.));
#12378=DIRECTION('',(0.,0.,-1.));
#12379=DIRECTION('',(1.,-0.,0.));
#12380=DIRECTION('',(-1.,0.,-0.));
#12381=DIRECTION('',(0.,-0.,-1.));
#12382=DIRECTION('',(0.,0.,-1.));
#12383=DIRECTION('',(1.,-0.,0.));
#12384=DIRECTION('',(-1.,0.,0.));
#12385=DIRECTION('',(-0.,0.,-1.));
#12386=DIRECTION('',(0.,0.,-1.));
#12387=DIRECTION('',(1.,-0.,0.));
#12388=DIRECTION('',(-1.,0.,-0.));
#12389=DIRECTION('',(0.,-0.,-1.));
#12390=DIRECTION('',(0.,0.,-1.));
#12391=DIRECTION('',(1.,-0.,0.));
#12392=DIRECTION('',(-1.,0.,0.));
#12393=DIRECTION('',(-0.,0.,-1.));
#12394=DIRECTION('',(0.,0.,-1.));
#12395=DIRECTION('',(1.,-0.,0.));
#12396=DIRECTION('',(-1.,0.,-0.));
#12397=DIRECTION('',(0.,-0.,-1.));
#12398=DIRECTION('',(0.,0.,-1.));
#12399=DIRECTION('',(1.,-0.,0.));
#12400=DIRECTION('',(-1.,0.,0.));
#12401=DIRECTION('',(-0.,0.,-1.));
#12402=DIRECTION('',(0.,0.,-1.));
#12403=DIRECTION('',(1.,-0.,0.));
#12404=DIRECTION('',(-1.,0.,-0.));
#12405=DIRECTION('',(0.,-0.,-1.));
#12406=DIRECTION('',(0.,0.,-1.));
#12407=DIRECTION('',(1.,-0.,0.));
#12408=DIRECTION('',(-1.,0.,0.));
#12409=DIRECTION('',(-0.,0.,-1.));
#12410=DIRECTION('',(0.,0.,-1.));
#12411=DIRECTION('',(1.,-0.,0.));
#12412=DIRECTION('',(-1.,0.,-0.));
#12413=DIRECTION('',(0.,-0.,-1.));
#12414=DIRECTION('',(0.,0.,-1.));
#12415=DIRECTION('',(1.,-0.,0.));
#12416=DIRECTION('',(-1.,0.,0.));
#12417=DIRECTION('',(-0.,0.,-1.));
#12418=DIRECTION('',(0.,0.,-1.));
#12419=DIRECTION('',(1.,-0.,0.));
#12420=DIRECTION('',(-1.,0.,-0.));
#12421=DIRECTION('',(0.,-0.,-1.));
#12422=DIRECTION('',(0.,0.,-1.));
#12423=DIRECTION('',(1.,-0.,0.));
#12424=DIRECTION('',(-1.,0.,0.));
#12425=DIRECTION('',(-0.,0.,-1.));
#12426=DIRECTION('',(0.,0.,-1.));
#12427=DIRECTION('',(1.,-0.,0.));
#12428=DIRECTION('',(-1.,0.,-0.));
#12429=DIRECTION('',(0.,-0.,-1.));
#12430=DIRECTION('',(0.,0.,-1.));
#12431=DIRECTION('',(1.,-0.,0.));
#12432=DIRECTION('',(-1.,0.,0.));
#12433=DIRECTION('',(-0.,0.,-1.));
#12434=DIRECTION('',(0.999855407993572,0.,-0.0170047965588243));
#12435=DIRECTION('',(0.0170047965588243,0.,0.999855407993572));
#12436=DIRECTION('',(0.707106781186555,0.,0.70710678118654));
#12437=DIRECTION('',(-0.70710678118654,0.,0.707106781186555));
#12438=DIRECTION('',(0.998715983161755,0.,0.050659500365167));
#12439=DIRECTION('',(-0.050659500365167,0.,0.998715983161755));
#12440=DIRECTION('',(0.760407251525212,0.,0.649446542702225));
#12441=DIRECTION('',(-0.649446542702225,0.,0.760407251525212));
#12442=DIRECTION('',(0.,0.,1.));
#12443=DIRECTION('',(-1.,0.,0.));
#12444=DIRECTION('',(-0.993883732212914,0.,-0.110431548221192));
#12445=DIRECTION('',(0.110431548221192,-0.,-0.993883732212914));
#12446=DIRECTION('',(-0.369647062082144,0.,-0.929172238873956));
#12447=DIRECTION('',(0.929172238873956,-0.,-0.369647062082144));
#12448=DIRECTION('',(0.,-0.,-1.));
#12449=DIRECTION('',(-0.,-1.,0.));
#12450=DIRECTION('',(-0.995555164664075,0.,-0.0941802214410624));
#12451=DIRECTION('',(0.0941802214410624,-0.,-0.995555164664075));
#12452=DIRECTION('',(-0.135884208002208,0.,-0.990724725650679));
#12453=DIRECTION('',(0.990724725650679,-0.,-0.135884208002208));
#12454=DIRECTION('',(-1.,0.,-0.));
#12455=DIRECTION('',(0.,-0.,-1.));
#12456=DIRECTION('',(-0.250858889772301,0.,-0.968023665734577));
#12457=DIRECTION('',(0.968023665734577,-0.,-0.250858889772301));
#12458=DIRECTION('',(0.,-0.,-1.));
#12459=DIRECTION('',(-0.,-1.,0.));
#12460=DIRECTION('',(0.,-0.,-1.));
#12461=DIRECTION('',(-0.,-1.,0.));
#12462=DIRECTION('',(0.,-0.,-1.));
#12463=DIRECTION('',(-0.,-1.,0.));
#12464=DIRECTION('',(-0.999999855850656,0.,0.000536934510129011));
#12465=DIRECTION('',(-0.000536934510129011,0.,-0.999999855850656));
#12466=DIRECTION('',(-0.157432247399414,0.,-0.987529790679132));
#12467=DIRECTION('',(0.987529790679132,-0.,-0.157432247399414));
#12468=DIRECTION('',(-0.999924702959768,0.,-0.0122714469733883));
#12469=DIRECTION('',(0.0122714469733883,-0.,-0.999924702959768));
#12470=DIRECTION('',(-0.291752208603944,0.,0.956493935566097));
#12471=DIRECTION('',(-0.956493935566097,0.,-0.291752208603944));
#12472=DIRECTION('',(-1.,0.,0.));
#12473=DIRECTION('',(-0.,0.,-1.));
#12474=DIRECTION('',(-0.359104728902932,0.,0.933297269726828));
#12475=DIRECTION('',(-0.933297269726828,0.,-0.359104728902932));
#12476=DIRECTION('',(-1.,0.,0.));
#12477=DIRECTION('',(-0.,0.,-1.));
#12478=DIRECTION('',(-0.439718974252687,0.,-0.898135415002752));
#12479=DIRECTION('',(0.898135415002752,-0.,-0.439718974252687));
#12480=DIRECTION('',(0.,-0.,-1.));
#12481=DIRECTION('',(-0.,-1.,0.));
#12482=DIRECTION('',(0.,-0.,-1.));
#12483=DIRECTION('',(-0.,-1.,0.));
#12484=DIRECTION('',(-0.997683870918548,0.,-0.0680212739441294));
#12485=DIRECTION('',(0.0680212739441294,-0.,-0.997683870918548));
#12486=DIRECTION('',(0.,-0.,-1.));
#12487=DIRECTION('',(-0.,-1.,0.));
#12488=DIRECTION('',(-0.0171902813340626,0.,-0.999852236196757));
#12489=DIRECTION('',(0.999852236196757,-0.,-0.0171902813340626));
#12490=DIRECTION('',(0.,0.,-1.));
#12491=DIRECTION('',(0.,-1.,0.));
#12492=DIRECTION('',(0.,0.,-1.));
#12493=DIRECTION('',(0.,-1.,0.));
#12494=DIRECTION('',(-1.,0.,0.));
#12495=DIRECTION('',(-0.,0.,-1.));
#12496=DIRECTION('',(0.,0.,-1.));
#12497=DIRECTION('',(1.,0.,0.));
#12498=DIRECTION('',(0.,0.,-1.));
#12499=DIRECTION('',(0.,-1.,0.));
#12500=DIRECTION('',(0.,0.,-1.));
#12501=DIRECTION('',(0.,-1.,0.));
#12502=DIRECTION('',(-1.,0.,0.));
#12503=DIRECTION('',(-0.,0.,-1.));
#12504=DIRECTION('',(0.,0.,-1.));
#12505=DIRECTION('',(1.,0.,0.));
#12506=DIRECTION('',(0.,0.,-1.));
#12507=DIRECTION('',(0.,-1.,0.));
#12508=DIRECTION('',(0.,0.,-1.));
#12509=DIRECTION('',(0.,-1.,0.));
#12510=DIRECTION('',(-1.,0.,0.));
#12511=DIRECTION('',(-0.,0.,-1.));
#12512=DIRECTION('',(0.,0.,-1.));
#12513=DIRECTION('',(1.,0.,0.));
#12514=DIRECTION('',(0.,0.,-1.));
#12515=DIRECTION('',(0.,-1.,0.));
#12516=DIRECTION('',(0.,0.,-1.));
#12517=DIRECTION('',(0.,-1.,0.));
#12518=DIRECTION('',(-1.,0.,0.));
#12519=DIRECTION('',(-0.,0.,-1.));
#12520=DIRECTION('',(0.,0.,-1.));
#12521=DIRECTION('',(1.,0.,0.));
#12522=DIRECTION('',(0.,0.,-1.));
#12523=DIRECTION('',(0.,-1.,0.));
#12524=DIRECTION('',(0.,0.,-1.));
#12525=DIRECTION('',(0.,-1.,0.));
#12526=DIRECTION('',(-1.,0.,0.));
#12527=DIRECTION('',(-0.,0.,-1.));
#12528=DIRECTION('',(0.,0.,-1.));
#12529=DIRECTION('',(1.,0.,0.));
#12530=DIRECTION('',(0.,0.,-1.));
#12531=DIRECTION('',(0.,-1.,0.));
#12532=DIRECTION('',(0.,0.,-1.));
#12533=DIRECTION('',(0.,-1.,0.));
#12534=DIRECTION('',(-1.,0.,0.));
#12535=DIRECTION('',(-0.,0.,-1.));
#12536=DIRECTION('',(0.,0.,-1.));
#12537=DIRECTION('',(1.,0.,0.));
#12538=DIRECTION('',(0.,0.,-1.));
#12539=DIRECTION('',(0.,-1.,0.));
#12540=DIRECTION('',(0.,0.,-1.));
#12541=DIRECTION('',(0.,-1.,0.));
#12542=DIRECTION('',(-1.,0.,0.));
#12543=DIRECTION('',(-0.,0.,-1.));
#12544=DIRECTION('',(0.,0.,-1.));
#12545=DIRECTION('',(1.,0.,0.));
#12546=DIRECTION('',(0.,0.,-1.));
#12547=DIRECTION('',(0.,-1.,0.));
#12548=DIRECTION('',(0.,0.,-1.));
#12549=DIRECTION('',(0.,-1.,0.));
#12550=DIRECTION('',(-1.,0.,0.));
#12551=DIRECTION('',(-0.,0.,-1.));
#12552=DIRECTION('',(0.,0.,-1.));
#12553=DIRECTION('',(1.,0.,0.));
#12554=DIRECTION('',(0.,0.,-1.));
#12555=DIRECTION('',(0.,-1.,0.));
#12556=DIRECTION('',(0.,0.,-1.));
#12557=DIRECTION('',(0.,-1.,0.));
#12558=DIRECTION('',(-1.,0.,0.));
#12559=DIRECTION('',(-0.,0.,-1.));
#12560=DIRECTION('',(0.,0.,-1.));
#12561=DIRECTION('',(1.,0.,0.));
#12562=DIRECTION('',(0.,0.,-1.));
#12563=DIRECTION('',(0.,-1.,0.));
#12564=DIRECTION('',(0.,0.,-1.));
#12565=DIRECTION('',(0.,-1.,0.));
#12566=DIRECTION('',(-1.,0.,0.));
#12567=DIRECTION('',(-0.,0.,-1.));
#12568=DIRECTION('',(0.,0.,-1.));
#12569=DIRECTION('',(1.,0.,0.));
#12570=DIRECTION('',(0.,0.,-1.));
#12571=DIRECTION('',(0.,-1.,0.));
#12572=DIRECTION('',(0.,0.,-1.));
#12573=DIRECTION('',(0.,-1.,0.));
#12574=DIRECTION('',(-1.,0.,0.));
#12575=DIRECTION('',(-0.,0.,-1.));
#12576=DIRECTION('',(0.,0.,-1.));
#12577=DIRECTION('',(1.,0.,0.));
#12578=DIRECTION('',(0.,0.,-1.));
#12579=DIRECTION('',(0.,-1.,0.));
#12580=DIRECTION('',(0.,0.,-1.));
#12581=DIRECTION('',(0.,-1.,0.));
#12582=DIRECTION('',(-1.,0.,0.));
#12583=DIRECTION('',(-0.,0.,-1.));
#12584=DIRECTION('',(0.,0.,-1.));
#12585=DIRECTION('',(1.,0.,0.));
#12586=DIRECTION('',(0.,0.,-1.));
#12587=DIRECTION('',(0.,-1.,0.));
#12588=DIRECTION('',(0.,0.,-1.));
#12589=DIRECTION('',(0.,-1.,0.));
#12590=DIRECTION('',(-1.,0.,0.));
#12591=DIRECTION('',(-0.,0.,-1.));
#12592=DIRECTION('',(0.,0.,-1.));
#12593=DIRECTION('',(1.,0.,0.));
#12594=DIRECTION('',(0.,0.,-1.));
#12595=DIRECTION('',(0.,-1.,0.));
#12596=DIRECTION('',(0.,0.,-1.));
#12597=DIRECTION('',(0.,-1.,0.));
#12598=DIRECTION('',(-1.,0.,0.));
#12599=DIRECTION('',(-0.,0.,-1.));
#12600=DIRECTION('',(0.,0.,-1.));
#12601=DIRECTION('',(1.,0.,0.));
#12602=DIRECTION('',(0.,0.,-1.));
#12603=DIRECTION('',(0.,-1.,0.));
#12604=DIRECTION('',(0.,0.,-1.));
#12605=DIRECTION('',(0.,-1.,0.));
#12606=DIRECTION('',(-1.,0.,0.));
#12607=DIRECTION('',(-0.,0.,-1.));
#12608=DIRECTION('',(0.,0.,-1.));
#12609=DIRECTION('',(1.,0.,0.));
#12610=DIRECTION('',(0.,0.,-1.));
#12611=DIRECTION('',(0.,-1.,0.));
#12612=DIRECTION('',(0.,0.,-1.));
#12613=DIRECTION('',(0.,-1.,0.));
#12614=DIRECTION('',(-1.,0.,0.));
#12615=DIRECTION('',(-0.,0.,-1.));
#12616=DIRECTION('',(0.,0.,-1.));
#12617=DIRECTION('',(1.,0.,0.));
#12618=DIRECTION('',(0.,0.,-1.));
#12619=DIRECTION('',(0.,-1.,0.));
#12620=DIRECTION('',(0.,0.,-1.));
#12621=DIRECTION('',(0.,-1.,0.));
#12622=DIRECTION('',(-1.,0.,0.));
#12623=DIRECTION('',(-0.,0.,-1.));
#12624=DIRECTION('',(0.,0.,-1.));
#12625=DIRECTION('',(1.,0.,0.));
#12626=DIRECTION('',(0.,0.,-1.));
#12627=DIRECTION('',(0.,-1.,0.));
#12628=DIRECTION('',(0.,0.,-1.));
#12629=DIRECTION('',(0.,-1.,0.));
#12630=DIRECTION('',(-1.,0.,0.));
#12631=DIRECTION('',(-0.,0.,-1.));
#12632=DIRECTION('',(0.,0.,-1.));
#12633=DIRECTION('',(1.,0.,0.));
#12634=DIRECTION('',(0.,0.,-1.));
#12635=DIRECTION('',(0.,-1.,0.));
#12636=DIRECTION('',(0.,0.,-1.));
#12637=DIRECTION('',(0.,-1.,0.));
#12638=DIRECTION('',(-1.,0.,0.));
#12639=DIRECTION('',(-0.,0.,-1.));
#12640=DIRECTION('',(0.,0.,-1.));
#12641=DIRECTION('',(1.,0.,0.));
#12642=DIRECTION('',(0.,0.,-1.));
#12643=DIRECTION('',(0.,-1.,0.));
#12644=DIRECTION('',(0.,0.,-1.));
#12645=DIRECTION('',(0.,-1.,0.));
#12646=DIRECTION('',(-1.,0.,0.));
#12647=DIRECTION('',(-0.,0.,-1.));
#12648=DIRECTION('',(0.,0.,-1.));
#12649=DIRECTION('',(1.,0.,0.));
#12650=DIRECTION('',(0.,0.,-1.));
#12651=DIRECTION('',(0.,-1.,0.));
#12652=DIRECTION('',(0.,0.,-1.));
#12653=DIRECTION('',(0.,-1.,0.));
#12654=DIRECTION('',(-1.,0.,0.));
#12655=DIRECTION('',(-0.,0.,-1.));
#12656=DIRECTION('',(0.,0.,-1.));
#12657=DIRECTION('',(1.,0.,0.));
#12658=DIRECTION('',(0.,0.,-1.));
#12659=DIRECTION('',(0.,-1.,0.));
#12660=DIRECTION('',(0.,0.,-1.));
#12661=DIRECTION('',(0.,-1.,0.));
#12662=DIRECTION('',(-1.,0.,0.));
#12663=DIRECTION('',(-0.,0.,-1.));
#12664=DIRECTION('',(0.,0.,-1.));
#12665=DIRECTION('',(1.,0.,0.));
#12666=DIRECTION('',(0.,0.,-1.));
#12667=DIRECTION('',(0.,-1.,0.));
#12668=DIRECTION('',(0.,0.,-1.));
#12669=DIRECTION('',(0.,-1.,0.));
#12670=DIRECTION('',(-1.,0.,0.));
#12671=DIRECTION('',(-0.,0.,-1.));
#12672=DIRECTION('',(0.,0.,-1.));
#12673=DIRECTION('',(1.,0.,0.));
#12674=DIRECTION('',(0.,0.,-1.));
#12675=DIRECTION('',(0.,-1.,0.));
#12676=DIRECTION('',(0.,0.,-1.));
#12677=DIRECTION('',(0.,-1.,0.));
#12678=DIRECTION('',(-1.,0.,0.));
#12679=DIRECTION('',(-0.,0.,-1.));
#12680=DIRECTION('',(0.,0.,-1.));
#12681=DIRECTION('',(1.,0.,0.));
#12682=DIRECTION('',(0.,0.,-1.));
#12683=DIRECTION('',(0.,-1.,0.));
#12684=DIRECTION('',(0.,0.,-1.));
#12685=DIRECTION('',(0.,-1.,0.));
#12686=DIRECTION('',(-1.,0.,0.));
#12687=DIRECTION('',(-0.,0.,-1.));
#12688=DIRECTION('',(0.,0.,-1.));
#12689=DIRECTION('',(1.,0.,0.));
#12690=DIRECTION('',(0.,0.,-1.));
#12691=DIRECTION('',(0.,-1.,0.));
#12692=DIRECTION('',(0.,0.,-1.));
#12693=DIRECTION('',(0.,-1.,0.));
#12694=DIRECTION('',(-1.,0.,0.));
#12695=DIRECTION('',(-0.,0.,-1.));
#12696=DIRECTION('',(0.,0.,-1.));
#12697=DIRECTION('',(1.,0.,0.));
#12698=DIRECTION('',(0.,0.,-1.));
#12699=DIRECTION('',(0.,-1.,0.));
#12700=DIRECTION('',(0.,0.,-1.));
#12701=DIRECTION('',(0.,-1.,0.));
#12702=DIRECTION('',(-1.,0.,0.));
#12703=DIRECTION('',(-0.,0.,-1.));
#12704=DIRECTION('',(0.,0.,-1.));
#12705=DIRECTION('',(1.,0.,0.));
#12706=DIRECTION('',(0.,0.,-1.));
#12707=DIRECTION('',(0.,-1.,0.));
#12708=DIRECTION('',(0.,0.,-1.));
#12709=DIRECTION('',(0.,-1.,0.));
#12710=DIRECTION('',(-1.,0.,0.));
#12711=DIRECTION('',(-0.,0.,-1.));
#12712=DIRECTION('',(0.,0.,-1.));
#12713=DIRECTION('',(1.,0.,0.));
#12714=DIRECTION('',(0.,0.,-1.));
#12715=DIRECTION('',(0.,-1.,0.));
#12716=DIRECTION('',(0.,0.,-1.));
#12717=DIRECTION('',(0.,-1.,0.));
#12718=DIRECTION('',(-1.,0.,0.));
#12719=DIRECTION('',(-0.,0.,-1.));
#12720=DIRECTION('',(0.,0.,-1.));
#12721=DIRECTION('',(1.,0.,0.));
#12722=DIRECTION('',(0.,0.,-1.));
#12723=DIRECTION('',(0.,-1.,0.));
#12724=DIRECTION('',(0.,0.,-1.));
#12725=DIRECTION('',(0.,-1.,0.));
#12726=DIRECTION('',(-1.,0.,0.));
#12727=DIRECTION('',(-0.,0.,-1.));
#12728=DIRECTION('',(0.,0.,-1.));
#12729=DIRECTION('',(1.,0.,0.));
#12730=DIRECTION('',(0.,0.,-1.));
#12731=DIRECTION('',(0.,-1.,0.));
#12732=DIRECTION('',(0.,0.,-1.));
#12733=DIRECTION('',(0.,-1.,0.));
#12734=DIRECTION('',(-1.,0.,0.));
#12735=DIRECTION('',(-0.,0.,-1.));
#12736=DIRECTION('',(0.,0.,-1.));
#12737=DIRECTION('',(1.,0.,0.));
#12738=DIRECTION('',(0.,0.,-1.));
#12739=DIRECTION('',(0.,-1.,0.));
#12740=DIRECTION('',(0.,0.,-1.));
#12741=DIRECTION('',(0.,-1.,0.));
#12742=DIRECTION('',(-1.,0.,0.));
#12743=DIRECTION('',(-0.,0.,-1.));
#12744=DIRECTION('',(0.,0.,-1.));
#12745=DIRECTION('',(1.,0.,0.));
#12746=DIRECTION('',(0.,0.,-1.));
#12747=DIRECTION('',(0.,-1.,0.));
#12748=DIRECTION('',(0.,0.,-1.));
#12749=DIRECTION('',(0.,-1.,0.));
#12750=DIRECTION('',(-1.,0.,0.));
#12751=DIRECTION('',(-0.,0.,-1.));
#12752=DIRECTION('',(0.,0.,-1.));
#12753=DIRECTION('',(1.,0.,0.));
#12754=DIRECTION('',(0.,0.,-1.));
#12755=DIRECTION('',(0.,-1.,0.));
#12756=DIRECTION('',(0.,0.,-1.));
#12757=DIRECTION('',(0.,-1.,0.));
#12758=DIRECTION('',(-1.,0.,0.));
#12759=DIRECTION('',(-0.,0.,-1.));
#12760=DIRECTION('',(0.,0.,-1.));
#12761=DIRECTION('',(1.,0.,0.));
#12762=DIRECTION('',(0.,0.,-1.));
#12763=DIRECTION('',(0.,-1.,0.));
#12764=DIRECTION('',(0.,0.,-1.));
#12765=DIRECTION('',(0.,-1.,0.));
#12766=DIRECTION('',(-1.,0.,0.));
#12767=DIRECTION('',(-0.,0.,-1.));
#12768=DIRECTION('',(0.,0.,-1.));
#12769=DIRECTION('',(1.,0.,0.));
#12770=DIRECTION('',(0.,0.,-1.));
#12771=DIRECTION('',(0.,-1.,0.));
#12772=DIRECTION('',(0.,0.,-1.));
#12773=DIRECTION('',(0.,-1.,0.));
#12774=DIRECTION('',(-1.,0.,0.));
#12775=DIRECTION('',(-0.,0.,-1.));
#12776=DIRECTION('',(0.,0.,-1.));
#12777=DIRECTION('',(1.,0.,0.));
#12778=DIRECTION('',(0.,0.,-1.));
#12779=DIRECTION('',(0.,-1.,0.));
#12780=DIRECTION('',(0.,0.,-1.));
#12781=DIRECTION('',(0.,-1.,0.));
#12782=DIRECTION('',(-1.,0.,0.));
#12783=DIRECTION('',(-0.,0.,-1.));
#12784=DIRECTION('',(0.,0.,-1.));
#12785=DIRECTION('',(1.,0.,0.));
#12786=DIRECTION('',(0.,0.,-1.));
#12787=DIRECTION('',(0.,-1.,0.));
#12788=DIRECTION('',(0.,0.,-1.));
#12789=DIRECTION('',(0.,-1.,0.));
#12790=DIRECTION('',(-1.,0.,0.));
#12791=DIRECTION('',(-0.,0.,-1.));
#12792=DIRECTION('',(0.,0.,-1.));
#12793=DIRECTION('',(1.,0.,0.));
#12794=DIRECTION('',(0.,0.,-1.));
#12795=DIRECTION('',(0.,-1.,0.));
#12796=DIRECTION('',(0.,0.,-1.));
#12797=DIRECTION('',(0.,-1.,0.));
#12798=DIRECTION('',(-1.,0.,0.));
#12799=DIRECTION('',(-0.,0.,-1.));
#12800=DIRECTION('',(0.,0.,-1.));
#12801=DIRECTION('',(1.,0.,0.));
#12802=DIRECTION('',(0.,0.,-1.));
#12803=DIRECTION('',(0.,-1.,0.));
#12804=DIRECTION('',(0.,0.,-1.));
#12805=DIRECTION('',(0.,-1.,0.));
#12806=DIRECTION('',(-1.,0.,0.));
#12807=DIRECTION('',(-0.,0.,-1.));
#12808=DIRECTION('',(0.,0.,-1.));
#12809=DIRECTION('',(1.,0.,0.));
#12810=DIRECTION('',(0.,0.,-1.));
#12811=DIRECTION('',(0.,-1.,0.));
#12812=DIRECTION('',(0.,0.,-1.));
#12813=DIRECTION('',(0.,-1.,0.));
#12814=DIRECTION('',(-1.,0.,0.));
#12815=DIRECTION('',(-0.,0.,-1.));
#12816=DIRECTION('',(0.,0.,-1.));
#12817=DIRECTION('',(1.,0.,0.));
#12818=DIRECTION('',(0.,0.,-1.));
#12819=DIRECTION('',(0.,-1.,0.));
#12820=DIRECTION('',(0.,0.,-1.));
#12821=DIRECTION('',(0.,-1.,0.));
#12822=DIRECTION('',(-1.,0.,0.));
#12823=DIRECTION('',(-0.,0.,-1.));
#12824=DIRECTION('',(0.,0.,-1.));
#12825=DIRECTION('',(1.,0.,0.));
#12826=DIRECTION('',(0.,0.,-1.));
#12827=DIRECTION('',(0.,-1.,0.));
#12828=DIRECTION('',(0.,0.,-1.));
#12829=DIRECTION('',(0.,-1.,0.));
#12830=DIRECTION('',(-1.,0.,0.));
#12831=DIRECTION('',(-0.,0.,-1.));
#12832=DIRECTION('',(0.,0.,-1.));
#12833=DIRECTION('',(1.,0.,0.));
#12834=DIRECTION('',(0.,0.,-1.));
#12835=DIRECTION('',(0.,-1.,0.));
#12836=DIRECTION('',(0.,0.,-1.));
#12837=DIRECTION('',(0.,-1.,0.));
#12838=DIRECTION('',(-1.,0.,0.));
#12839=DIRECTION('',(-0.,0.,-1.));
#12840=DIRECTION('',(0.,0.,-1.));
#12841=DIRECTION('',(1.,0.,0.));
#12842=DIRECTION('',(0.,0.,-1.));
#12843=DIRECTION('',(0.,-1.,0.));
#12844=DIRECTION('',(0.,0.,-1.));
#12845=DIRECTION('',(0.,-1.,0.));
#12846=DIRECTION('',(-1.,0.,0.));
#12847=DIRECTION('',(-0.,0.,-1.));
#12848=DIRECTION('',(0.,0.,-1.));
#12849=DIRECTION('',(1.,0.,0.));
#12850=DIRECTION('',(0.,0.,-1.));
#12851=DIRECTION('',(0.,-1.,0.));
#12852=DIRECTION('',(0.,0.,-1.));
#12853=DIRECTION('',(0.,-1.,0.));
#12854=DIRECTION('',(-1.,0.,0.));
#12855=DIRECTION('',(-0.,0.,-1.));
#12856=DIRECTION('',(0.,0.,-1.));
#12857=DIRECTION('',(1.,0.,0.));
#12858=DIRECTION('',(0.,0.,-1.));
#12859=DIRECTION('',(0.,-1.,0.));
#12860=DIRECTION('',(0.,0.,-1.));
#12861=DIRECTION('',(0.,-1.,0.));
#12862=DIRECTION('',(-1.,0.,0.));
#12863=DIRECTION('',(-0.,0.,-1.));
#12864=DIRECTION('',(0.,0.,-1.));
#12865=DIRECTION('',(1.,0.,0.));
#12866=DIRECTION('',(0.,0.,-1.));
#12867=DIRECTION('',(0.,-1.,0.));
#12868=DIRECTION('',(0.,0.,-1.));
#12869=DIRECTION('',(0.,-1.,0.));
#12870=DIRECTION('',(-1.,0.,0.));
#12871=DIRECTION('',(-0.,0.,-1.));
#12872=DIRECTION('',(0.,0.,-1.));
#12873=DIRECTION('',(1.,0.,0.));
#12874=DIRECTION('',(0.,0.,-1.));
#12875=DIRECTION('',(0.,-1.,0.));
#12876=DIRECTION('',(0.,0.,-1.));
#12877=DIRECTION('',(0.,-1.,0.));
#12878=DIRECTION('',(-1.,0.,0.));
#12879=DIRECTION('',(-0.,0.,-1.));
#12880=DIRECTION('',(0.,0.,-1.));
#12881=DIRECTION('',(1.,0.,0.));
#12882=DIRECTION('',(0.,0.,-1.));
#12883=DIRECTION('',(0.,-1.,0.));
#12884=DIRECTION('',(0.,0.,-1.));
#12885=DIRECTION('',(0.,-1.,0.));
#12886=DIRECTION('',(-1.,0.,0.));
#12887=DIRECTION('',(-0.,0.,-1.));
#12888=DIRECTION('',(0.,0.,-1.));
#12889=DIRECTION('',(1.,0.,0.));
#12890=DIRECTION('',(0.,0.,-1.));
#12891=DIRECTION('',(0.,-1.,0.));
#12892=DIRECTION('',(0.,0.,-1.));
#12893=DIRECTION('',(0.,-1.,0.));
#12894=DIRECTION('',(-1.,0.,0.));
#12895=DIRECTION('',(-0.,0.,-1.));
#12896=DIRECTION('',(0.,0.,-1.));
#12897=DIRECTION('',(1.,0.,0.));
#12898=DIRECTION('',(0.,0.,-1.));
#12899=DIRECTION('',(0.,-1.,0.));
#12900=DIRECTION('',(0.,0.,-1.));
#12901=DIRECTION('',(0.,-1.,0.));
#12902=DIRECTION('',(-1.,0.,0.));
#12903=DIRECTION('',(-0.,0.,-1.));
#12904=DIRECTION('',(0.,0.,-1.));
#12905=DIRECTION('',(1.,0.,0.));
#12906=DIRECTION('',(0.,0.,-1.));
#12907=DIRECTION('',(0.,-1.,0.));
#12908=DIRECTION('',(0.,0.,-1.));
#12909=DIRECTION('',(0.,-1.,0.));
#12910=DIRECTION('',(-1.,0.,0.));
#12911=DIRECTION('',(-0.,0.,-1.));
#12912=DIRECTION('',(0.,0.,-1.));
#12913=DIRECTION('',(1.,0.,0.));
#12914=DIRECTION('',(0.,0.,-1.));
#12915=DIRECTION('',(0.,-1.,0.));
#12916=DIRECTION('',(0.,0.,-1.));
#12917=DIRECTION('',(0.,-1.,0.));
#12918=DIRECTION('',(-1.,0.,0.));
#12919=DIRECTION('',(-0.,0.,-1.));
#12920=DIRECTION('',(0.,0.,-1.));
#12921=DIRECTION('',(1.,0.,0.));
#12922=DIRECTION('',(0.,0.,-1.));
#12923=DIRECTION('',(0.,-1.,0.));
#12924=DIRECTION('',(0.,0.,-1.));
#12925=DIRECTION('',(0.,-1.,0.));
#12926=DIRECTION('',(-1.,0.,0.));
#12927=DIRECTION('',(-0.,0.,-1.));
#12928=DIRECTION('',(0.,0.,-1.));
#12929=DIRECTION('',(1.,0.,0.));
#12930=DIRECTION('',(0.,0.,-1.));
#12931=DIRECTION('',(0.,-1.,0.));
#12932=DIRECTION('',(0.,0.,-1.));
#12933=DIRECTION('',(0.,-1.,0.));
#12934=DIRECTION('',(-1.,0.,0.));
#12935=DIRECTION('',(-0.,0.,-1.));
#12936=DIRECTION('',(0.,0.,-1.));
#12937=DIRECTION('',(1.,0.,0.));
#12938=DIRECTION('',(0.,0.,-1.));
#12939=DIRECTION('',(0.,-1.,0.));
#12940=DIRECTION('',(0.,0.,-1.));
#12941=DIRECTION('',(0.,-1.,0.));
#12942=DIRECTION('',(-1.,0.,0.));
#12943=DIRECTION('',(-0.,0.,-1.));
#12944=DIRECTION('',(0.,0.,-1.));
#12945=DIRECTION('',(1.,0.,0.));
#12946=DIRECTION('',(0.,0.,-1.));
#12947=DIRECTION('',(0.,-1.,0.));
#12948=DIRECTION('',(0.,0.,-1.));
#12949=DIRECTION('',(0.,-1.,0.));
#12950=DIRECTION('',(-1.,0.,0.));
#12951=DIRECTION('',(-0.,0.,-1.));
#12952=DIRECTION('',(0.,0.,-1.));
#12953=DIRECTION('',(1.,0.,0.));
#12954=DIRECTION('',(0.,0.,-1.));
#12955=DIRECTION('',(0.,-1.,0.));
#12956=DIRECTION('',(0.,0.,-1.));
#12957=DIRECTION('',(0.,-1.,0.));
#12958=DIRECTION('',(-1.,0.,0.));
#12959=DIRECTION('',(-0.,0.,-1.));
#12960=DIRECTION('',(0.,0.,-1.));
#12961=DIRECTION('',(1.,0.,0.));
#12962=DIRECTION('',(0.,0.,-1.));
#12963=DIRECTION('',(0.,-1.,0.));
#12964=DIRECTION('',(0.,0.,-1.));
#12965=DIRECTION('',(0.,-1.,0.));
#12966=DIRECTION('',(-1.,0.,0.));
#12967=DIRECTION('',(-0.,0.,-1.));
#12968=DIRECTION('',(0.,0.,-1.));
#12969=DIRECTION('',(1.,0.,0.));
#12970=DIRECTION('',(0.,0.,-1.));
#12971=DIRECTION('',(0.,-1.,0.));
#12972=DIRECTION('',(0.,0.,-1.));
#12973=DIRECTION('',(0.,-1.,0.));
#12974=DIRECTION('',(-1.,0.,0.));
#12975=DIRECTION('',(-0.,0.,-1.));
#12976=DIRECTION('',(0.,0.,-1.));
#12977=DIRECTION('',(1.,0.,0.));
#12978=DIRECTION('',(0.,0.,-1.));
#12979=DIRECTION('',(0.,-1.,0.));
#12980=DIRECTION('',(0.,0.,-1.));
#12981=DIRECTION('',(0.,-1.,0.));
#12982=DIRECTION('',(-1.,0.,0.));
#12983=DIRECTION('',(-0.,0.,-1.));
#12984=DIRECTION('',(0.,0.,-1.));
#12985=DIRECTION('',(1.,0.,0.));
#12986=DIRECTION('',(0.,0.,-1.));
#12987=DIRECTION('',(0.,-1.,0.));
#12988=CARTESIAN_POINT('',(0.,0.,0.));
#12989=CARTESIAN_POINT('',(137.950384,1568.,2187.76925733934));
#12990=CARTESIAN_POINT('',(137.950384,1590.,2187.76925733934));
#12991=CARTESIAN_POINT('',(146.950384,1568.,2187.76925733934));
#12992=CARTESIAN_POINT('',(146.950384,1590.,2187.76925733934));
#12993=CARTESIAN_POINT('',(146.950384,1568.,2196.93963733934));
#12994=CARTESIAN_POINT('',(146.950384,1590.,2196.93963733934));
#12995=CARTESIAN_POINT('',(137.950384,1568.,2166.12277733934));
#12996=CARTESIAN_POINT('',(137.950384,1590.,2166.12277733934));
#12997=CARTESIAN_POINT('',(156.950384,1590.,2196.93963733934));
#12998=CARTESIAN_POINT('',(137.950384,1536.,2187.76925733934));
#12999=CARTESIAN_POINT('',(137.950384,1558.,2187.76925733934));
#13000=CARTESIAN_POINT('',(146.950384,1536.,2187.76925733934));
#13001=CARTESIAN_POINT('',(146.950384,1558.,2187.76925733934));
#13002=CARTESIAN_POINT('',(146.950384,1536.,2196.93963733934));
#13003=CARTESIAN_POINT('',(146.950384,1558.,2196.93963733934));
#13004=CARTESIAN_POINT('',(137.950384,1536.,2166.12277733934));
#13005=CARTESIAN_POINT('',(137.950384,1558.,2166.12277733934));
#13006=CARTESIAN_POINT('',(156.950384,1558.,2196.93963733934));
#13007=CARTESIAN_POINT('',(137.950384,1504.,2187.76925733934));
#13008=CARTESIAN_POINT('',(137.950384,1526.,2187.76925733934));
#13009=CARTESIAN_POINT('',(146.950384,1504.,2187.76925733934));
#13010=CARTESIAN_POINT('',(146.950384,1526.,2187.76925733934));
#13011=CARTESIAN_POINT('',(146.950384,1504.,2196.93963733934));
#13012=CARTESIAN_POINT('',(146.950384,1526.,2196.93963733934));
#13013=CARTESIAN_POINT('',(137.950384,1504.,2166.12277733934));
#13014=CARTESIAN_POINT('',(137.950384,1526.,2166.12277733934));
#13015=CARTESIAN_POINT('',(156.950384,1526.,2196.93963733934));
#13016=CARTESIAN_POINT('',(137.950384,1472.,2187.76925733934));
#13017=CARTESIAN_POINT('',(137.950384,1494.,2187.76925733934));
#13018=CARTESIAN_POINT('',(146.950384,1472.,2187.76925733934));
#13019=CARTESIAN_POINT('',(146.950384,1494.,2187.76925733934));
#13020=CARTESIAN_POINT('',(146.950384,1472.,2196.93963733934));
#13021=CARTESIAN_POINT('',(146.950384,1494.,2196.93963733934));
#13022=CARTESIAN_POINT('',(137.950384,1472.,2166.12277733934));
#13023=CARTESIAN_POINT('',(137.950384,1494.,2166.12277733934));
#13024=CARTESIAN_POINT('',(156.950384,1494.,2196.93963733934));
#13025=CARTESIAN_POINT('',(137.950384,1440.,2187.76925733934));
#13026=CARTESIAN_POINT('',(137.950384,1462.,2187.76925733934));
#13027=CARTESIAN_POINT('',(146.950384,1440.,2187.76925733934));
#13028=CARTESIAN_POINT('',(146.950384,1462.,2187.76925733934));
#13029=CARTESIAN_POINT('',(146.950384,1440.,2196.93963733934));
#13030=CARTESIAN_POINT('',(146.950384,1462.,2196.93963733934));
#13031=CARTESIAN_POINT('',(137.950384,1440.,2166.12277733934));
#13032=CARTESIAN_POINT('',(137.950384,1462.,2166.12277733934));
#13033=CARTESIAN_POINT('',(156.950384,1462.,2196.93963733934));
#13034=CARTESIAN_POINT('',(137.950384,1408.,2187.76925733934));
#13035=CARTESIAN_POINT('',(137.950384,1430.,2187.76925733934));
#13036=CARTESIAN_POINT('',(146.950384,1408.,2187.76925733934));
#13037=CARTESIAN_POINT('',(146.950384,1430.,2187.76925733934));
#13038=CARTESIAN_POINT('',(146.950384,1408.,2196.93963733934));
#13039=CARTESIAN_POINT('',(146.950384,1430.,2196.93963733934));
#13040=CARTESIAN_POINT('',(137.950384,1408.,2166.12277733934));
#13041=CARTESIAN_POINT('',(137.950384,1430.,2166.12277733934));
#13042=CARTESIAN_POINT('',(156.950384,1430.,2196.93963733934));
#13043=CARTESIAN_POINT('',(137.950384,1376.,2187.76925733934));
#13044=CARTESIAN_POINT('',(137.950384,1398.,2187.76925733934));
#13045=CARTESIAN_POINT('',(146.950384,1376.,2187.76925733934));
#13046=CARTESIAN_POINT('',(146.950384,1398.,2187.76925733934));
#13047=CARTESIAN_POINT('',(146.950384,1376.,2196.93963733934));
#13048=CARTESIAN_POINT('',(146.950384,1398.,2196.93963733934));
#13049=CARTESIAN_POINT('',(137.950384,1376.,2166.12277733934));
#13050=CARTESIAN_POINT('',(137.950384,1398.,2166.12277733934));
#13051=CARTESIAN_POINT('',(156.950384,1398.,2196.93963733934));
#13052=CARTESIAN_POINT('',(137.950384,1344.,2187.76925733934));
#13053=CARTESIAN_POINT('',(137.950384,1366.,2187.76925733934));
#13054=CARTESIAN_POINT('',(146.950384,1344.,2187.76925733934));
#13055=CARTESIAN_POINT('',(146.950384,1366.,2187.76925733934));
#13056=CARTESIAN_POINT('',(146.950384,1344.,2196.93963733934));
#13057=CARTESIAN_POINT('',(146.950384,1366.,2196.93963733934));
#13058=CARTESIAN_POINT('',(137.950384,1344.,2166.12277733934));
#13059=CARTESIAN_POINT('',(137.950384,1366.,2166.12277733934));
#13060=CARTESIAN_POINT('',(156.950384,1366.,2196.93963733934));
#13061=CARTESIAN_POINT('',(137.950384,1312.,2187.76925733934));
#13062=CARTESIAN_POINT('',(137.950384,1334.,2187.76925733934));
#13063=CARTESIAN_POINT('',(146.950384,1312.,2187.76925733934));
#13064=CARTESIAN_POINT('',(146.950384,1334.,2187.76925733934));
#13065=CARTESIAN_POINT('',(146.950384,1312.,2196.93963733934));
#13066=CARTESIAN_POINT('',(146.950384,1334.,2196.93963733934));
#13067=CARTESIAN_POINT('',(137.950384,1312.,2166.12277733934));
#13068=CARTESIAN_POINT('',(137.950384,1334.,2166.12277733934));
#13069=CARTESIAN_POINT('',(156.950384,1334.,2196.93963733934));
#13070=CARTESIAN_POINT('',(137.950384,1280.,2187.76925733934));
#13071=CARTESIAN_POINT('',(137.950384,1302.,2187.76925733934));
#13072=CARTESIAN_POINT('',(146.950384,1280.,2187.76925733934));
#13073=CARTESIAN_POINT('',(146.950384,1302.,2187.76925733934));
#13074=CARTESIAN_POINT('',(146.950384,1280.,2196.93963733934));
#13075=CARTESIAN_POINT('',(146.950384,1302.,2196.93963733934));
#13076=CARTESIAN_POINT('',(137.950384,1280.,2166.12277733934));
#13077=CARTESIAN_POINT('',(137.950384,1302.,2166.12277733934));
#13078=CARTESIAN_POINT('',(156.950384,1302.,2196.93963733934));
#13079=CARTESIAN_POINT('',(137.950384,1248.,2187.76925733934));
#13080=CARTESIAN_POINT('',(137.950384,1270.,2187.76925733934));
#13081=CARTESIAN_POINT('',(146.950384,1248.,2187.76925733934));
#13082=CARTESIAN_POINT('',(146.950384,1270.,2187.76925733934));
#13083=CARTESIAN_POINT('',(146.950384,1248.,2196.93963733934));
#13084=CARTESIAN_POINT('',(146.950384,1270.,2196.93963733934));
#13085=CARTESIAN_POINT('',(137.950384,1248.,2166.12277733934));
#13086=CARTESIAN_POINT('',(137.950384,1270.,2166.12277733934));
#13087=CARTESIAN_POINT('',(156.950384,1270.,2196.93963733934));
#13088=CARTESIAN_POINT('',(137.950384,1216.,2187.76925733934));
#13089=CARTESIAN_POINT('',(137.950384,1238.,2187.76925733934));
#13090=CARTESIAN_POINT('',(146.950384,1216.,2187.76925733934));
#13091=CARTESIAN_POINT('',(146.950384,1238.,2187.76925733934));
#13092=CARTESIAN_POINT('',(146.950384,1216.,2196.93963733934));
#13093=CARTESIAN_POINT('',(146.950384,1238.,2196.93963733934));
#13094=CARTESIAN_POINT('',(137.950384,1216.,2166.12277733934));
#13095=CARTESIAN_POINT('',(137.950384,1238.,2166.12277733934));
#13096=CARTESIAN_POINT('',(156.950384,1238.,2196.93963733934));
#13097=CARTESIAN_POINT('',(137.950384,1184.,2187.76925733934));
#13098=CARTESIAN_POINT('',(137.950384,1206.,2187.76925733934));
#13099=CARTESIAN_POINT('',(146.950384,1184.,2187.76925733934));
#13100=CARTESIAN_POINT('',(146.950384,1206.,2187.76925733934));
#13101=CARTESIAN_POINT('',(146.950384,1184.,2196.93963733934));
#13102=CARTESIAN_POINT('',(146.950384,1206.,2196.93963733934));
#13103=CARTESIAN_POINT('',(137.950384,1184.,2166.12277733934));
#13104=CARTESIAN_POINT('',(137.950384,1206.,2166.12277733934));
#13105=CARTESIAN_POINT('',(156.950384,1206.,2196.93963733934));
#13106=CARTESIAN_POINT('',(137.950384,1152.,2187.76925733934));
#13107=CARTESIAN_POINT('',(137.950384,1174.,2187.76925733934));
#13108=CARTESIAN_POINT('',(146.950384,1152.,2187.76925733934));
#13109=CARTESIAN_POINT('',(146.950384,1174.,2187.76925733934));
#13110=CARTESIAN_POINT('',(146.950384,1152.,2196.93963733934));
#13111=CARTESIAN_POINT('',(146.950384,1174.,2196.93963733934));
#13112=CARTESIAN_POINT('',(137.950384,1152.,2166.12277733934));
#13113=CARTESIAN_POINT('',(137.950384,1174.,2166.12277733934));
#13114=CARTESIAN_POINT('',(156.950384,1174.,2196.93963733934));
#13115=CARTESIAN_POINT('',(137.950384,1120.,2187.76925733934));
#13116=CARTESIAN_POINT('',(137.950384,1142.,2187.76925733934));
#13117=CARTESIAN_POINT('',(146.950384,1120.,2187.76925733934));
#13118=CARTESIAN_POINT('',(146.950384,1142.,2187.76925733934));
#13119=CARTESIAN_POINT('',(146.950384,1120.,2196.93963733934));
#13120=CARTESIAN_POINT('',(146.950384,1142.,2196.93963733934));
#13121=CARTESIAN_POINT('',(137.950384,1120.,2166.12277733934));
#13122=CARTESIAN_POINT('',(137.950384,1142.,2166.12277733934));
#13123=CARTESIAN_POINT('',(156.950384,1142.,2196.93963733934));
#13124=CARTESIAN_POINT('',(137.950384,1088.,2187.76925733934));
#13125=CARTESIAN_POINT('',(137.950384,1110.,2187.76925733934));
#13126=CARTESIAN_POINT('',(146.950384,1088.,2187.76925733934));
#13127=CARTESIAN_POINT('',(146.950384,1110.,2187.76925733934));
#13128=CARTESIAN_POINT('',(146.950384,1088.,2196.93963733934));
#13129=CARTESIAN_POINT('',(146.950384,1110.,2196.93963733934));
#13130=CARTESIAN_POINT('',(137.950384,1088.,2166.12277733934));
#13131=CARTESIAN_POINT('',(137.950384,1110.,2166.12277733934));
#13132=CARTESIAN_POINT('',(156.950384,1110.,2196.93963733934));
#13133=CARTESIAN_POINT('',(137.950384,1056.,2187.76925733934));
#13134=CARTESIAN_POINT('',(137.950384,1078.,2187.76925733934));
#13135=CARTESIAN_POINT('',(146.950384,1056.,2187.76925733934));
#13136=CARTESIAN_POINT('',(146.950384,1078.,2187.76925733934));
#13137=CARTESIAN_POINT('',(146.950384,1056.,2196.93963733934));
#13138=CARTESIAN_POINT('',(146.950384,1078.,2196.93963733934));
#13139=CARTESIAN_POINT('',(137.950384,1056.,2166.12277733934));
#13140=CARTESIAN_POINT('',(137.950384,1078.,2166.12277733934));
#13141=CARTESIAN_POINT('',(156.950384,1078.,2196.93963733934));
#13142=CARTESIAN_POINT('',(137.950384,1024.,2187.76925733934));
#13143=CARTESIAN_POINT('',(137.950384,1046.,2187.76925733934));
#13144=CARTESIAN_POINT('',(146.950384,1024.,2187.76925733934));
#13145=CARTESIAN_POINT('',(146.950384,1046.,2187.76925733934));
#13146=CARTESIAN_POINT('',(146.950384,1024.,2196.93963733934));
#13147=CARTESIAN_POINT('',(146.950384,1046.,2196.93963733934));
#13148=CARTESIAN_POINT('',(137.950384,1024.,2166.12277733934));
#13149=CARTESIAN_POINT('',(137.950384,1046.,2166.12277733934));
#13150=CARTESIAN_POINT('',(156.950384,1046.,2196.93963733934));
#13151=CARTESIAN_POINT('',(137.950384,992.,2187.76925733934));
#13152=CARTESIAN_POINT('',(137.950384,1014.,2187.76925733934));
#13153=CARTESIAN_POINT('',(146.950384,992.,2187.76925733934));
#13154=CARTESIAN_POINT('',(146.950384,1014.,2187.76925733934));
#13155=CARTESIAN_POINT('',(146.950384,992.,2196.93963733934));
#13156=CARTESIAN_POINT('',(146.950384,1014.,2196.93963733934));
#13157=CARTESIAN_POINT('',(137.950384,992.,2166.12277733934));
#13158=CARTESIAN_POINT('',(137.950384,1014.,2166.12277733934));
#13159=CARTESIAN_POINT('',(156.950384,1014.,2196.93963733934));
#13160=CARTESIAN_POINT('',(137.950384,960.,2187.76925733934));
#13161=CARTESIAN_POINT('',(137.950384,982.,2187.76925733934));
#13162=CARTESIAN_POINT('',(146.950384,960.,2187.76925733934));
#13163=CARTESIAN_POINT('',(146.950384,982.,2187.76925733934));
#13164=CARTESIAN_POINT('',(146.950384,960.,2196.93963733934));
#13165=CARTESIAN_POINT('',(146.950384,982.,2196.93963733934));
#13166=CARTESIAN_POINT('',(137.950384,960.,2166.12277733934));
#13167=CARTESIAN_POINT('',(137.950384,982.,2166.12277733934));
#13168=CARTESIAN_POINT('',(156.950384,982.,2196.93963733934));
#13169=CARTESIAN_POINT('',(137.950384,768.,2187.76925733934));
#13170=CARTESIAN_POINT('',(137.950384,790.,2187.76925733934));
#13171=CARTESIAN_POINT('',(146.950384,768.,2187.76925733934));
#13172=CARTESIAN_POINT('',(146.950384,790.,2187.76925733934));
#13173=CARTESIAN_POINT('',(146.950384,768.,2196.93963733934));
#13174=CARTESIAN_POINT('',(146.950384,790.,2196.93963733934));
#13175=CARTESIAN_POINT('',(137.950384,768.,2166.12277733934));
#13176=CARTESIAN_POINT('',(137.950384,790.,2166.12277733934));
#13177=CARTESIAN_POINT('',(156.950384,790.,2196.93963733934));
#13178=CARTESIAN_POINT('',(137.950384,736.,2187.76925733934));
#13179=CARTESIAN_POINT('',(137.950384,758.,2187.76925733934));
#13180=CARTESIAN_POINT('',(146.950384,736.,2187.76925733934));
#13181=CARTESIAN_POINT('',(146.950384,758.,2187.76925733934));
#13182=CARTESIAN_POINT('',(146.950384,736.,2196.93963733934));
#13183=CARTESIAN_POINT('',(146.950384,758.,2196.93963733934));
#13184=CARTESIAN_POINT('',(137.950384,736.,2166.12277733934));
#13185=CARTESIAN_POINT('',(137.950384,758.,2166.12277733934));
#13186=CARTESIAN_POINT('',(156.950384,758.,2196.93963733934));
#13187=CARTESIAN_POINT('',(137.950384,704.,2187.76925733934));
#13188=CARTESIAN_POINT('',(137.950384,726.,2187.76925733934));
#13189=CARTESIAN_POINT('',(146.950384,704.,2187.76925733934));
#13190=CARTESIAN_POINT('',(146.950384,726.,2187.76925733934));
#13191=CARTESIAN_POINT('',(146.950384,704.,2196.93963733934));
#13192=CARTESIAN_POINT('',(146.950384,726.,2196.93963733934));
#13193=CARTESIAN_POINT('',(137.950384,704.,2166.12277733934));
#13194=CARTESIAN_POINT('',(137.950384,726.,2166.12277733934));
#13195=CARTESIAN_POINT('',(156.950384,726.,2196.93963733934));
#13196=CARTESIAN_POINT('',(137.950384,1952.,2187.76925733934));
#13197=CARTESIAN_POINT('',(137.950384,1974.,2187.76925733934));
#13198=CARTESIAN_POINT('',(146.950384,1952.,2187.76925733934));
#13199=CARTESIAN_POINT('',(146.950384,1974.,2187.76925733934));
#13200=CARTESIAN_POINT('',(146.950384,1952.,2196.93963733934));
#13201=CARTESIAN_POINT('',(146.950384,1974.,2196.93963733934));
#13202=CARTESIAN_POINT('',(137.950384,1952.,2166.12277733934));
#13203=CARTESIAN_POINT('',(137.950384,1974.,2166.12277733934));
#13204=CARTESIAN_POINT('',(156.950384,1974.,2196.93963733934));
#13205=CARTESIAN_POINT('',(137.950384,672.,2187.76925733934));
#13206=CARTESIAN_POINT('',(137.950384,694.,2187.76925733934));
#13207=CARTESIAN_POINT('',(146.950384,672.,2187.76925733934));
#13208=CARTESIAN_POINT('',(146.950384,694.,2187.76925733934));
#13209=CARTESIAN_POINT('',(146.950384,672.,2196.93963733934));
#13210=CARTESIAN_POINT('',(146.950384,694.,2196.93963733934));
#13211=CARTESIAN_POINT('',(137.950384,672.,2166.12277733934));
#13212=CARTESIAN_POINT('',(137.950384,694.,2166.12277733934));
#13213=CARTESIAN_POINT('',(156.950384,694.,2196.93963733934));
#13214=CARTESIAN_POINT('',(137.950384,640.,2187.76925733934));
#13215=CARTESIAN_POINT('',(137.950384,662.,2187.76925733934));
#13216=CARTESIAN_POINT('',(146.950384,640.,2187.76925733934));
#13217=CARTESIAN_POINT('',(146.950384,662.,2187.76925733934));
#13218=CARTESIAN_POINT('',(146.950384,640.,2196.93963733934));
#13219=CARTESIAN_POINT('',(146.950384,662.,2196.93963733934));
#13220=CARTESIAN_POINT('',(137.950384,640.,2166.12277733934));
#13221=CARTESIAN_POINT('',(137.950384,662.,2166.12277733934));
#13222=CARTESIAN_POINT('',(156.950384,662.,2196.93963733934));
#13223=CARTESIAN_POINT('',(137.950384,1920.,2187.76925733934));
#13224=CARTESIAN_POINT('',(137.950384,1942.,2187.76925733934));
#13225=CARTESIAN_POINT('',(146.950384,1920.,2187.76925733934));
#13226=CARTESIAN_POINT('',(146.950384,1942.,2187.76925733934));
#13227=CARTESIAN_POINT('',(146.950384,1920.,2196.93963733934));
#13228=CARTESIAN_POINT('',(146.950384,1942.,2196.93963733934));
#13229=CARTESIAN_POINT('',(137.950384,1920.,2166.12277733934));
#13230=CARTESIAN_POINT('',(137.950384,1942.,2166.12277733934));
#13231=CARTESIAN_POINT('',(156.950384,1942.,2196.93963733934));
#13232=CARTESIAN_POINT('',(137.950384,608.,2187.76925733934));
#13233=CARTESIAN_POINT('',(137.950384,630.,2187.76925733934));
#13234=CARTESIAN_POINT('',(146.950384,608.,2187.76925733934));
#13235=CARTESIAN_POINT('',(146.950384,630.,2187.76925733934));
#13236=CARTESIAN_POINT('',(146.950384,608.,2196.93963733934));
#13237=CARTESIAN_POINT('',(146.950384,630.,2196.93963733934));
#13238=CARTESIAN_POINT('',(137.950384,608.,2166.12277733934));
#13239=CARTESIAN_POINT('',(137.950384,630.,2166.12277733934));
#13240=CARTESIAN_POINT('',(156.950384,630.,2196.93963733934));
#13241=CARTESIAN_POINT('',(137.950384,576.,2187.76925733934));
#13242=CARTESIAN_POINT('',(137.950384,598.,2187.76925733934));
#13243=CARTESIAN_POINT('',(146.950384,576.,2187.76925733934));
#13244=CARTESIAN_POINT('',(146.950384,598.,2187.76925733934));
#13245=CARTESIAN_POINT('',(146.950384,576.,2196.93963733934));
#13246=CARTESIAN_POINT('',(146.950384,598.,2196.93963733934));
#13247=CARTESIAN_POINT('',(137.950384,576.,2166.12277733934));
#13248=CARTESIAN_POINT('',(137.950384,598.,2166.12277733934));
#13249=CARTESIAN_POINT('',(156.950384,598.,2196.93963733934));
#13250=CARTESIAN_POINT('',(137.950384,1888.,2187.76925733934));
#13251=CARTESIAN_POINT('',(137.950384,1910.,2187.76925733934));
#13252=CARTESIAN_POINT('',(146.950384,1888.,2187.76925733934));
#13253=CARTESIAN_POINT('',(146.950384,1910.,2187.76925733934));
#13254=CARTESIAN_POINT('',(146.950384,1888.,2196.93963733934));
#13255=CARTESIAN_POINT('',(146.950384,1910.,2196.93963733934));
#13256=CARTESIAN_POINT('',(137.950384,1888.,2166.12277733934));
#13257=CARTESIAN_POINT('',(137.950384,1910.,2166.12277733934));
#13258=CARTESIAN_POINT('',(156.950384,1910.,2196.93963733934));
#13259=CARTESIAN_POINT('',(137.950384,544.,2187.76925733934));
#13260=CARTESIAN_POINT('',(137.950384,566.,2187.76925733934));
#13261=CARTESIAN_POINT('',(146.950384,544.,2187.76925733934));
#13262=CARTESIAN_POINT('',(146.950384,566.,2187.76925733934));
#13263=CARTESIAN_POINT('',(146.950384,544.,2196.93963733934));
#13264=CARTESIAN_POINT('',(146.950384,566.,2196.93963733934));
#13265=CARTESIAN_POINT('',(137.950384,544.,2166.12277733934));
#13266=CARTESIAN_POINT('',(137.950384,566.,2166.12277733934));
#13267=CARTESIAN_POINT('',(156.950384,566.,2196.93963733934));
#13268=CARTESIAN_POINT('',(137.950384,512.,2187.76925733934));
#13269=CARTESIAN_POINT('',(137.950384,534.,2187.76925733934));
#13270=CARTESIAN_POINT('',(146.950384,512.,2187.76925733934));
#13271=CARTESIAN_POINT('',(146.950384,534.,2187.76925733934));
#13272=CARTESIAN_POINT('',(146.950384,512.,2196.93963733934));
#13273=CARTESIAN_POINT('',(146.950384,534.,2196.93963733934));
#13274=CARTESIAN_POINT('',(137.950384,512.,2166.12277733934));
#13275=CARTESIAN_POINT('',(137.950384,534.,2166.12277733934));
#13276=CARTESIAN_POINT('',(156.950384,534.,2196.93963733934));
#13277=CARTESIAN_POINT('',(137.950384,1856.,2187.76925733934));
#13278=CARTESIAN_POINT('',(137.950384,1878.,2187.76925733934));
#13279=CARTESIAN_POINT('',(146.950384,1856.,2187.76925733934));
#13280=CARTESIAN_POINT('',(146.950384,1878.,2187.76925733934));
#13281=CARTESIAN_POINT('',(146.950384,1856.,2196.93963733934));
#13282=CARTESIAN_POINT('',(146.950384,1878.,2196.93963733934));
#13283=CARTESIAN_POINT('',(137.950384,1856.,2166.12277733934));
#13284=CARTESIAN_POINT('',(137.950384,1878.,2166.12277733934));
#13285=CARTESIAN_POINT('',(156.950384,1878.,2196.93963733934));
#13286=CARTESIAN_POINT('',(137.950384,480.,2187.76925733934));
#13287=CARTESIAN_POINT('',(137.950384,502.,2187.76925733934));
#13288=CARTESIAN_POINT('',(146.950384,480.,2187.76925733934));
#13289=CARTESIAN_POINT('',(146.950384,502.,2187.76925733934));
#13290=CARTESIAN_POINT('',(146.950384,480.,2196.93963733934));
#13291=CARTESIAN_POINT('',(146.950384,502.,2196.93963733934));
#13292=CARTESIAN_POINT('',(137.950384,480.,2166.12277733934));
#13293=CARTESIAN_POINT('',(137.950384,502.,2166.12277733934));
#13294=CARTESIAN_POINT('',(156.950384,502.,2196.93963733934));
#13295=CARTESIAN_POINT('',(137.950384,288.,2187.76925733934));
#13296=CARTESIAN_POINT('',(137.950384,310.,2187.76925733934));
#13297=CARTESIAN_POINT('',(146.950384,288.,2187.76925733934));
#13298=CARTESIAN_POINT('',(146.950384,310.,2187.76925733934));
#13299=CARTESIAN_POINT('',(146.950384,288.,2196.93963733934));
#13300=CARTESIAN_POINT('',(146.950384,310.,2196.93963733934));
#13301=CARTESIAN_POINT('',(137.950384,288.,2166.12277733934));
#13302=CARTESIAN_POINT('',(137.950384,310.,2166.12277733934));
#13303=CARTESIAN_POINT('',(156.950384,310.,2196.93963733934));
#13304=CARTESIAN_POINT('',(137.950384,256.,2187.76925733934));
#13305=CARTESIAN_POINT('',(137.950384,278.,2187.76925733934));
#13306=CARTESIAN_POINT('',(146.950384,256.,2187.76925733934));
#13307=CARTESIAN_POINT('',(146.950384,278.,2187.76925733934));
#13308=CARTESIAN_POINT('',(146.950384,256.,2196.93963733934));
#13309=CARTESIAN_POINT('',(146.950384,278.,2196.93963733934));
#13310=CARTESIAN_POINT('',(137.950384,256.,2166.12277733934));
#13311=CARTESIAN_POINT('',(137.950384,278.,2166.12277733934));
#13312=CARTESIAN_POINT('',(156.950384,278.,2196.93963733934));
#13313=CARTESIAN_POINT('',(137.950384,1728.,2187.76925733934));
#13314=CARTESIAN_POINT('',(137.950384,1750.,2187.76925733934));
#13315=CARTESIAN_POINT('',(146.950384,1728.,2187.76925733934));
#13316=CARTESIAN_POINT('',(146.950384,1750.,2187.76925733934));
#13317=CARTESIAN_POINT('',(146.950384,1728.,2196.93963733934));
#13318=CARTESIAN_POINT('',(146.950384,1750.,2196.93963733934));
#13319=CARTESIAN_POINT('',(137.950384,1728.,2166.12277733934));
#13320=CARTESIAN_POINT('',(137.950384,1750.,2166.12277733934));
#13321=CARTESIAN_POINT('',(156.950384,1750.,2196.93963733934));
#13322=CARTESIAN_POINT('',(137.950384,224.,2187.76925733934));
#13323=CARTESIAN_POINT('',(137.950384,246.,2187.76925733934));
#13324=CARTESIAN_POINT('',(146.950384,224.,2187.76925733934));
#13325=CARTESIAN_POINT('',(146.950384,246.,2187.76925733934));
#13326=CARTESIAN_POINT('',(146.950384,224.,2196.93963733934));
#13327=CARTESIAN_POINT('',(146.950384,246.,2196.93963733934));
#13328=CARTESIAN_POINT('',(137.950384,224.,2166.12277733934));
#13329=CARTESIAN_POINT('',(137.950384,246.,2166.12277733934));
#13330=CARTESIAN_POINT('',(156.950384,246.,2196.93963733934));
#13331=CARTESIAN_POINT('',(137.950384,192.,2187.76925733934));
#13332=CARTESIAN_POINT('',(137.950384,214.,2187.76925733934));
#13333=CARTESIAN_POINT('',(146.950384,192.,2187.76925733934));
#13334=CARTESIAN_POINT('',(146.950384,214.,2187.76925733934));
#13335=CARTESIAN_POINT('',(146.950384,192.,2196.93963733934));
#13336=CARTESIAN_POINT('',(146.950384,214.,2196.93963733934));
#13337=CARTESIAN_POINT('',(137.950384,192.,2166.12277733934));
#13338=CARTESIAN_POINT('',(137.950384,214.,2166.12277733934));
#13339=CARTESIAN_POINT('',(156.950384,214.,2196.93963733934));
#13340=CARTESIAN_POINT('',(137.950384,1696.,2187.76925733934));
#13341=CARTESIAN_POINT('',(137.950384,1718.,2187.76925733934));
#13342=CARTESIAN_POINT('',(146.950384,1696.,2187.76925733934));
#13343=CARTESIAN_POINT('',(146.950384,1718.,2187.76925733934));
#13344=CARTESIAN_POINT('',(146.950384,1696.,2196.93963733934));
#13345=CARTESIAN_POINT('',(146.950384,1718.,2196.93963733934));
#13346=CARTESIAN_POINT('',(137.950384,1696.,2166.12277733934));
#13347=CARTESIAN_POINT('',(137.950384,1718.,2166.12277733934));
#13348=CARTESIAN_POINT('',(156.950384,1718.,2196.93963733934));
#13349=CARTESIAN_POINT('',(137.950384,160.,2187.76925733934));
#13350=CARTESIAN_POINT('',(137.950384,182.,2187.76925733934));
#13351=CARTESIAN_POINT('',(146.950384,160.,2187.76925733934));
#13352=CARTESIAN_POINT('',(146.950384,182.,2187.76925733934));
#13353=CARTESIAN_POINT('',(146.950384,160.,2196.93963733934));
#13354=CARTESIAN_POINT('',(146.950384,182.,2196.93963733934));
#13355=CARTESIAN_POINT('',(137.950384,160.,2166.12277733934));
#13356=CARTESIAN_POINT('',(137.950384,182.,2166.12277733934));
#13357=CARTESIAN_POINT('',(156.950384,182.,2196.93963733934));
#13358=CARTESIAN_POINT('',(137.950384,128.,2187.76925733934));
#13359=CARTESIAN_POINT('',(137.950384,150.,2187.76925733934));
#13360=CARTESIAN_POINT('',(146.950384,128.,2187.76925733934));
#13361=CARTESIAN_POINT('',(146.950384,150.,2187.76925733934));
#13362=CARTESIAN_POINT('',(146.950384,128.,2196.93963733934));
#13363=CARTESIAN_POINT('',(146.950384,150.,2196.93963733934));
#13364=CARTESIAN_POINT('',(137.950384,128.,2166.12277733934));
#13365=CARTESIAN_POINT('',(137.950384,150.,2166.12277733934));
#13366=CARTESIAN_POINT('',(156.950384,150.,2196.93963733934));
#13367=CARTESIAN_POINT('',(137.950384,1664.,2187.76925733934));
#13368=CARTESIAN_POINT('',(137.950384,1686.,2187.76925733934));
#13369=CARTESIAN_POINT('',(146.950384,1664.,2187.76925733934));
#13370=CARTESIAN_POINT('',(146.950384,1686.,2187.76925733934));
#13371=CARTESIAN_POINT('',(146.950384,1664.,2196.93963733934));
#13372=CARTESIAN_POINT('',(146.950384,1686.,2196.93963733934));
#13373=CARTESIAN_POINT('',(137.950384,1664.,2166.12277733934));
#13374=CARTESIAN_POINT('',(137.950384,1686.,2166.12277733934));
#13375=CARTESIAN_POINT('',(156.950384,1686.,2196.93963733934));
#13376=CARTESIAN_POINT('',(137.950384,96.0000000000001,2187.76925733934));
#13377=CARTESIAN_POINT('',(137.950384,118.,2187.76925733934));
#13378=CARTESIAN_POINT('',(146.950384,96.0000000000001,2187.76925733934));
#13379=CARTESIAN_POINT('',(146.950384,118.,2187.76925733934));
#13380=CARTESIAN_POINT('',(146.950384,96.0000000000001,2196.93963733934));
#13381=CARTESIAN_POINT('',(146.950384,118.,2196.93963733934));
#13382=CARTESIAN_POINT('',(137.950384,95.9999999999999,2166.12277733934));
#13383=CARTESIAN_POINT('',(137.950384,118.,2166.12277733934));
#13384=CARTESIAN_POINT('',(156.950384,118.,2196.93963733934));
#13385=CARTESIAN_POINT('',(137.950384,64.0000000000001,2187.76925733934));
#13386=CARTESIAN_POINT('',(137.950384,86.0000000000001,2187.76925733934));
#13387=CARTESIAN_POINT('',(146.950384,64.0000000000001,2187.76925733934));
#13388=CARTESIAN_POINT('',(146.950384,86.0000000000001,2187.76925733934));
#13389=CARTESIAN_POINT('',(146.950384,64.0000000000001,2196.93963733934));
#13390=CARTESIAN_POINT('',(146.950384,86.0000000000001,2196.93963733934));
#13391=CARTESIAN_POINT('',(137.950384,63.9999999999998,2166.12277733934));
#13392=CARTESIAN_POINT('',(137.950384,86.0000000000001,2166.12277733934));
#13393=CARTESIAN_POINT('',(156.950384,86.0000000000001,2196.93963733934));
#13394=CARTESIAN_POINT('',(137.950384,1632.,2187.76925733934));
#13395=CARTESIAN_POINT('',(137.950384,1654.,2187.76925733934));
#13396=CARTESIAN_POINT('',(146.950384,1632.,2187.76925733934));
#13397=CARTESIAN_POINT('',(146.950384,1654.,2187.76925733934));
#13398=CARTESIAN_POINT('',(146.950384,1632.,2196.93963733934));
#13399=CARTESIAN_POINT('',(146.950384,1654.,2196.93963733934));
#13400=CARTESIAN_POINT('',(137.950384,1632.,2166.12277733934));
#13401=CARTESIAN_POINT('',(137.950384,1654.,2166.12277733934));
#13402=CARTESIAN_POINT('',(156.950384,1654.,2196.93963733934));
#13403=CARTESIAN_POINT('',(137.950384,32.,2166.12277733934));
#13404=CARTESIAN_POINT('',(137.950384,54.0000000000001,2166.12277733934));
#13405=CARTESIAN_POINT('',(137.950384,32.,2187.76925733934));
#13406=CARTESIAN_POINT('',(137.950384,54.0000000000001,2187.76925733934));
#13407=CARTESIAN_POINT('',(146.950384,32.,2187.76925733934));
#13408=CARTESIAN_POINT('',(146.950384,54.0000000000001,2187.76925733934));
#13409=CARTESIAN_POINT('',(146.950384,32.,2196.93963733934));
#13410=CARTESIAN_POINT('',(146.950384,54.0000000000001,2196.93963733934));
#13411=CARTESIAN_POINT('',(156.950384,54.0000000000001,2196.93963733934));
#13412=CARTESIAN_POINT('',(137.950384,928.,2187.76925733934));
#13413=CARTESIAN_POINT('',(137.950384,950.,2187.76925733934));
#13414=CARTESIAN_POINT('',(146.950384,928.,2187.76925733934));
#13415=CARTESIAN_POINT('',(146.950384,950.,2187.76925733934));
#13416=CARTESIAN_POINT('',(146.950384,928.,2196.93963733934));
#13417=CARTESIAN_POINT('',(146.950384,950.,2196.93963733934));
#13418=CARTESIAN_POINT('',(137.950384,928.,2166.12277733934));
#13419=CARTESIAN_POINT('',(137.950384,950.,2166.12277733934));
#13420=CARTESIAN_POINT('',(156.950384,950.,2196.93963733934));
#13421=CARTESIAN_POINT('',(137.950384,896.,2187.76925733934));
#13422=CARTESIAN_POINT('',(137.950384,918.,2187.76925733934));
#13423=CARTESIAN_POINT('',(146.950384,896.,2187.76925733934));
#13424=CARTESIAN_POINT('',(146.950384,918.,2187.76925733934));
#13425=CARTESIAN_POINT('',(146.950384,896.,2196.93963733934));
#13426=CARTESIAN_POINT('',(146.950384,918.,2196.93963733934));
#13427=CARTESIAN_POINT('',(137.950384,896.,2166.12277733934));
#13428=CARTESIAN_POINT('',(137.950384,918.,2166.12277733934));
#13429=CARTESIAN_POINT('',(156.950384,918.,2196.93963733934));
#13430=CARTESIAN_POINT('',(137.950384,864.,2187.76925733934));
#13431=CARTESIAN_POINT('',(137.950384,886.,2187.76925733934));
#13432=CARTESIAN_POINT('',(146.950384,864.,2187.76925733934));
#13433=CARTESIAN_POINT('',(146.950384,886.,2187.76925733934));
#13434=CARTESIAN_POINT('',(146.950384,864.,2196.93963733934));
#13435=CARTESIAN_POINT('',(146.950384,886.,2196.93963733934));
#13436=CARTESIAN_POINT('',(137.950384,864.,2166.12277733934));
#13437=CARTESIAN_POINT('',(137.950384,886.,2166.12277733934));
#13438=CARTESIAN_POINT('',(156.950384,886.,2196.93963733934));
#13439=CARTESIAN_POINT('',(137.950384,832.,2187.76925733934));
#13440=CARTESIAN_POINT('',(137.950384,854.,2187.76925733934));
#13441=CARTESIAN_POINT('',(146.950384,832.,2187.76925733934));
#13442=CARTESIAN_POINT('',(146.950384,854.,2187.76925733934));
#13443=CARTESIAN_POINT('',(146.950384,832.,2196.93963733934));
#13444=CARTESIAN_POINT('',(146.950384,854.,2196.93963733934));
#13445=CARTESIAN_POINT('',(137.950384,832.,2166.12277733934));
#13446=CARTESIAN_POINT('',(137.950384,854.,2166.12277733934));
#13447=CARTESIAN_POINT('',(156.950384,854.,2196.93963733934));
#13448=CARTESIAN_POINT('',(137.950384,800.,2187.76925733934));
#13449=CARTESIAN_POINT('',(137.950384,822.,2187.76925733934));
#13450=CARTESIAN_POINT('',(146.950384,800.,2187.76925733934));
#13451=CARTESIAN_POINT('',(146.950384,822.,2187.76925733934));
#13452=CARTESIAN_POINT('',(146.950384,800.,2196.93963733934));
#13453=CARTESIAN_POINT('',(146.950384,822.,2196.93963733934));
#13454=CARTESIAN_POINT('',(137.950384,800.,2166.12277733934));
#13455=CARTESIAN_POINT('',(137.950384,822.,2166.12277733934));
#13456=CARTESIAN_POINT('',(156.950384,822.,2196.93963733934));
#13457=CARTESIAN_POINT('',(137.950384,448.,2187.76925733934));
#13458=CARTESIAN_POINT('',(137.950384,470.,2187.76925733934));
#13459=CARTESIAN_POINT('',(146.950384,448.,2187.76925733934));
#13460=CARTESIAN_POINT('',(146.950384,470.,2187.76925733934));
#13461=CARTESIAN_POINT('',(146.950384,448.,2196.93963733934));
#13462=CARTESIAN_POINT('',(146.950384,470.,2196.93963733934));
#13463=CARTESIAN_POINT('',(137.950384,448.,2166.12277733934));
#13464=CARTESIAN_POINT('',(137.950384,470.,2166.12277733934));
#13465=CARTESIAN_POINT('',(156.950384,470.,2196.93963733934));
#13466=CARTESIAN_POINT('',(137.950384,1824.,2187.76925733934));
#13467=CARTESIAN_POINT('',(137.950384,1846.,2187.76925733934));
#13468=CARTESIAN_POINT('',(146.950384,1824.,2187.76925733934));
#13469=CARTESIAN_POINT('',(146.950384,1846.,2187.76925733934));
#13470=CARTESIAN_POINT('',(146.950384,1824.,2196.93963733934));
#13471=CARTESIAN_POINT('',(146.950384,1846.,2196.93963733934));
#13472=CARTESIAN_POINT('',(137.950384,1824.,2166.12277733934));
#13473=CARTESIAN_POINT('',(137.950384,1846.,2166.12277733934));
#13474=CARTESIAN_POINT('',(156.950384,1846.,2196.93963733934));
#13475=CARTESIAN_POINT('',(137.950384,416.,2187.76925733934));
#13476=CARTESIAN_POINT('',(137.950384,438.,2187.76925733934));
#13477=CARTESIAN_POINT('',(146.950384,416.,2187.76925733934));
#13478=CARTESIAN_POINT('',(146.950384,438.,2187.76925733934));
#13479=CARTESIAN_POINT('',(146.950384,416.,2196.93963733934));
#13480=CARTESIAN_POINT('',(146.950384,438.,2196.93963733934));
#13481=CARTESIAN_POINT('',(137.950384,416.,2166.12277733934));
#13482=CARTESIAN_POINT('',(137.950384,438.,2166.12277733934));
#13483=CARTESIAN_POINT('',(156.950384,438.,2196.93963733934));
#13484=CARTESIAN_POINT('',(137.950384,384.,2187.76925733934));
#13485=CARTESIAN_POINT('',(137.950384,406.,2187.76925733934));
#13486=CARTESIAN_POINT('',(146.950384,384.,2187.76925733934));
#13487=CARTESIAN_POINT('',(146.950384,406.,2187.76925733934));
#13488=CARTESIAN_POINT('',(146.950384,384.,2196.93963733934));
#13489=CARTESIAN_POINT('',(146.950384,406.,2196.93963733934));
#13490=CARTESIAN_POINT('',(137.950384,384.,2166.12277733934));
#13491=CARTESIAN_POINT('',(137.950384,406.,2166.12277733934));
#13492=CARTESIAN_POINT('',(156.950384,406.,2196.93963733934));
#13493=CARTESIAN_POINT('',(137.950384,1792.,2187.76925733934));
#13494=CARTESIAN_POINT('',(137.950384,1814.,2187.76925733934));
#13495=CARTESIAN_POINT('',(146.950384,1792.,2187.76925733934));
#13496=CARTESIAN_POINT('',(146.950384,1814.,2187.76925733934));
#13497=CARTESIAN_POINT('',(146.950384,1792.,2196.93963733934));
#13498=CARTESIAN_POINT('',(146.950384,1814.,2196.93963733934));
#13499=CARTESIAN_POINT('',(137.950384,1792.,2166.12277733934));
#13500=CARTESIAN_POINT('',(137.950384,1814.,2166.12277733934));
#13501=CARTESIAN_POINT('',(156.950384,1814.,2196.93963733934));
#13502=CARTESIAN_POINT('',(137.950384,352.,2187.76925733934));
#13503=CARTESIAN_POINT('',(137.950384,374.,2187.76925733934));
#13504=CARTESIAN_POINT('',(146.950384,352.,2187.76925733934));
#13505=CARTESIAN_POINT('',(146.950384,374.,2187.76925733934));
#13506=CARTESIAN_POINT('',(146.950384,352.,2196.93963733934));
#13507=CARTESIAN_POINT('',(146.950384,374.,2196.93963733934));
#13508=CARTESIAN_POINT('',(137.950384,352.,2166.12277733934));
#13509=CARTESIAN_POINT('',(137.950384,374.,2166.12277733934));
#13510=CARTESIAN_POINT('',(156.950384,374.,2196.93963733934));
#13511=CARTESIAN_POINT('',(137.950384,320.,2166.12277733934));
#13512=CARTESIAN_POINT('',(137.950384,342.,2166.12277733934));
#13513=CARTESIAN_POINT('',(137.950384,320.,2187.76925733934));
#13514=CARTESIAN_POINT('',(137.950384,342.,2187.76925733934));
#13515=CARTESIAN_POINT('',(146.950384,320.,2187.76925733934));
#13516=CARTESIAN_POINT('',(146.950384,342.,2187.76925733934));
#13517=CARTESIAN_POINT('',(146.950384,320.,2196.93963733934));
#13518=CARTESIAN_POINT('',(146.950384,342.,2196.93963733934));
#13519=CARTESIAN_POINT('',(156.950384,342.,2196.93963733934));
#13520=CARTESIAN_POINT('',(137.950384,1760.,2187.76925733934));
#13521=CARTESIAN_POINT('',(137.950384,1782.,2187.76925733934));
#13522=CARTESIAN_POINT('',(146.950384,1760.,2187.76925733934));
#13523=CARTESIAN_POINT('',(146.950384,1782.,2187.76925733934));
#13524=CARTESIAN_POINT('',(146.950384,1760.,2196.93963733934));
#13525=CARTESIAN_POINT('',(146.950384,1782.,2196.93963733934));
#13526=CARTESIAN_POINT('',(137.950384,1760.,2166.12277733934));
#13527=CARTESIAN_POINT('',(137.950384,1782.,2166.12277733934));
#13528=CARTESIAN_POINT('',(156.950384,1782.,2196.93963733934));
#13529=CARTESIAN_POINT('',(137.950384,1600.,2166.12277733934));
#13530=CARTESIAN_POINT('',(137.950384,1622.,2166.12277733934));
#13531=CARTESIAN_POINT('',(137.950384,1600.,2187.76925733934));
#13532=CARTESIAN_POINT('',(137.950384,1622.,2187.76925733934));
#13533=CARTESIAN_POINT('',(146.950384,1600.,2187.76925733934));
#13534=CARTESIAN_POINT('',(146.950384,1622.,2187.76925733934));
#13535=CARTESIAN_POINT('',(146.950384,1600.,2196.93963733934));
#13536=CARTESIAN_POINT('',(146.950384,1622.,2196.93963733934));
#13537=CARTESIAN_POINT('',(156.950384,1622.,2196.93963733934));
#13538=CARTESIAN_POINT('',(307.509281694679,1984.,2249.5));
#13539=CARTESIAN_POINT('',(307.379795714075,1984.,2241.9686021859));
#13540=CARTESIAN_POINT('',(298.146778,1984.,2229.79071733934));
#13541=CARTESIAN_POINT('',(291.757966,1984.,2229.35513333934));
#13542=CARTESIAN_POINT('',(292.333806743202,1984.,2222.96788268269));
#13543=CARTESIAN_POINT('',(279.955343,1984.,2220.93959633934));
#13544=CARTESIAN_POINT('',(275.906323,1984.,2212.66938633934));
#13545=CARTESIAN_POINT('',(263.656323,1984.,2212.66938633934));
#13546=CARTESIAN_POINT('',(261.949973,1984.,2217.10411433934));
#13547=CARTESIAN_POINT('',(256.949973,1984.,2217.10411433934));
#13548=CARTESIAN_POINT('',(254.841365,1984.,2224.01707233934));
#13549=CARTESIAN_POINT('',(195.146136,1984.,2223.28447033934));
#13550=CARTESIAN_POINT('',(194.247177,1984.,2217.64554433934));
#13551=CARTESIAN_POINT('',(189.747173221053,1984.,2217.64796054701));
#13552=CARTESIAN_POINT('',(188.143656119419,1984.,2212.42032941562));
#13553=CARTESIAN_POINT('',(177.931716746841,1984.,2203.92948299804));
#13554=CARTESIAN_POINT('',(168.131024779144,1984.,2202.82156586351));
#13555=CARTESIAN_POINT('',(166.60675,1984.,2196.93963733934));
#13556=CARTESIAN_POINT('',(156.950384,1984.,2196.93963733934));
#13557=CARTESIAN_POINT('',(146.950384,1984.,2196.93963733934));
#13558=CARTESIAN_POINT('',(146.950384,1984.,2187.76925733934));
#13559=CARTESIAN_POINT('',(137.950384,1984.,2187.76925733934));
#13560=CARTESIAN_POINT('',(137.950384,1984.,2166.12277733934));
#13561=CARTESIAN_POINT('',(136.852168,1984.,2158.11574133934));
#13562=CARTESIAN_POINT('',(129.347372,1984.,2157.40578233934));
#13563=CARTESIAN_POINT('',(115.963532,1984.,2146.57901733934));
#13564=CARTESIAN_POINT('',(114.133025,1984.,2141.97771933934));
#13565=CARTESIAN_POINT('',(103.080454,1984.,2140.74965564558));
#13566=CARTESIAN_POINT('',(103.080454,1984.,2174.41736313815));
#13567=CARTESIAN_POINT('',(173.820442,1984.,2234.83477833934));
#13568=CARTESIAN_POINT('',(260.27485,1984.,2239.22014633934));
#13569=CARTESIAN_POINT('',(271.172689376465,1984.,2250.11798571581));
#13570=CARTESIAN_POINT('',(307.509281694679,0.,2249.5));
#13571=CARTESIAN_POINT('',(307.379795714075,0.,2241.9686021859));
#13572=CARTESIAN_POINT('',(298.146778,0.,2229.79071733934));
#13573=CARTESIAN_POINT('',(291.757966,0.,2229.35513333934));
#13574=CARTESIAN_POINT('',(292.333806743202,0.,2222.96788268269));
#13575=CARTESIAN_POINT('',(279.955343,0.,2220.93959633934));
#13576=CARTESIAN_POINT('',(275.906323,0.,2212.66938633934));
#13577=CARTESIAN_POINT('',(263.656323,0.,2212.66938633934));
#13578=CARTESIAN_POINT('',(261.949973,0.,2217.10411433934));
#13579=CARTESIAN_POINT('',(256.949973,0.,2217.10411433934));
#13580=CARTESIAN_POINT('',(254.841365,0.,2224.01707233934));
#13581=CARTESIAN_POINT('',(195.146136,0.,2223.28447033934));
#13582=CARTESIAN_POINT('',(194.247177,0.,2217.64554433934));
#13583=CARTESIAN_POINT('',(189.747173221053,0.,2217.64796054701));
#13584=CARTESIAN_POINT('',(188.143656119419,0.,2212.42032941562));
#13585=CARTESIAN_POINT('',(177.931716746841,0.,2203.92948299804));
#13586=CARTESIAN_POINT('',(168.131024779144,0.,2202.82156586351));
#13587=CARTESIAN_POINT('',(166.60675,0.,2196.93963733934));
#13588=CARTESIAN_POINT('',(136.852168,0.,2158.11574133934));
#13589=CARTESIAN_POINT('',(129.347372,0.,2157.40578233934));
#13590=CARTESIAN_POINT('',(115.963532,0.,2146.57901733934));
#13591=CARTESIAN_POINT('',(114.133025,0.,2141.97771933934));
#13592=CARTESIAN_POINT('',(103.080454,0.,2140.74965564558));
#13593=CARTESIAN_POINT('',(103.080454,0.,2174.41736313815));
#13594=CARTESIAN_POINT('',(173.820442,0.,2234.83477833934));
#13595=CARTESIAN_POINT('',(260.27485,0.,2239.22014633934));
#13596=CARTESIAN_POINT('',(271.172689376465,0.,2250.11798571581));
#13597=CARTESIAN_POINT('',(156.950384,1622.,2166.12277733934));
#13598=CARTESIAN_POINT('',(156.950384,1600.,2196.93963733934));
#13599=CARTESIAN_POINT('',(156.950384,1600.,2166.12277733934));
#13600=CARTESIAN_POINT('',(156.950384,1782.,2166.12277733934));
#13601=CARTESIAN_POINT('',(156.950384,1760.,2196.93963733934));
#13602=CARTESIAN_POINT('',(156.950384,1760.,2166.12277733934));
#13603=CARTESIAN_POINT('',(156.950384,342.,2166.12277733934));
#13604=CARTESIAN_POINT('',(156.950384,320.,2196.93963733934));
#13605=CARTESIAN_POINT('',(156.950384,320.,2166.12277733934));
#13606=CARTESIAN_POINT('',(156.950384,374.,2166.12277733934));
#13607=CARTESIAN_POINT('',(156.950384,352.,2196.93963733934));
#13608=CARTESIAN_POINT('',(156.950384,352.,2166.12277733934));
#13609=CARTESIAN_POINT('',(156.950384,1814.,2166.12277733934));
#13610=CARTESIAN_POINT('',(156.950384,1792.,2196.93963733934));
#13611=CARTESIAN_POINT('',(156.950384,1792.,2166.12277733934));
#13612=CARTESIAN_POINT('',(156.950384,406.,2166.12277733934));
#13613=CARTESIAN_POINT('',(156.950384,384.,2196.93963733934));
#13614=CARTESIAN_POINT('',(156.950384,384.,2166.12277733934));
#13615=CARTESIAN_POINT('',(156.950384,438.,2166.12277733934));
#13616=CARTESIAN_POINT('',(156.950384,416.,2196.93963733934));
#13617=CARTESIAN_POINT('',(156.950384,416.,2166.12277733934));
#13618=CARTESIAN_POINT('',(156.950384,1846.,2166.12277733934));
#13619=CARTESIAN_POINT('',(156.950384,1824.,2196.93963733934));
#13620=CARTESIAN_POINT('',(156.950384,1824.,2166.12277733934));
#13621=CARTESIAN_POINT('',(156.950384,470.,2166.12277733934));
#13622=CARTESIAN_POINT('',(156.950384,448.,2196.93963733934));
#13623=CARTESIAN_POINT('',(156.950384,448.,2166.12277733934));
#13624=CARTESIAN_POINT('',(156.950384,822.,2166.12277733934));
#13625=CARTESIAN_POINT('',(156.950384,800.,2196.93963733934));
#13626=CARTESIAN_POINT('',(156.950384,800.,2166.12277733934));
#13627=CARTESIAN_POINT('',(156.950384,854.,2166.12277733934));
#13628=CARTESIAN_POINT('',(156.950384,832.,2196.93963733934));
#13629=CARTESIAN_POINT('',(156.950384,832.,2166.12277733934));
#13630=CARTESIAN_POINT('',(156.950384,886.,2166.12277733934));
#13631=CARTESIAN_POINT('',(156.950384,864.,2196.93963733934));
#13632=CARTESIAN_POINT('',(156.950384,864.,2166.12277733934));
#13633=CARTESIAN_POINT('',(156.950384,918.,2166.12277733934));
#13634=CARTESIAN_POINT('',(156.950384,896.,2196.93963733934));
#13635=CARTESIAN_POINT('',(156.950384,896.,2166.12277733934));
#13636=CARTESIAN_POINT('',(156.950384,950.,2166.12277733934));
#13637=CARTESIAN_POINT('',(156.950384,928.,2196.93963733934));
#13638=CARTESIAN_POINT('',(156.950384,928.,2166.12277733934));
#13639=CARTESIAN_POINT('',(156.950384,54.,2166.12277733934));
#13640=CARTESIAN_POINT('',(156.950384,32.,2196.93963733934));
#13641=CARTESIAN_POINT('',(156.950384,32.,2166.12277733934));
#13642=CARTESIAN_POINT('',(156.950384,1654.,2166.12277733934));
#13643=CARTESIAN_POINT('',(156.950384,1632.,2196.93963733934));
#13644=CARTESIAN_POINT('',(156.950384,1632.,2166.12277733934));
#13645=CARTESIAN_POINT('',(156.950384,86.,2166.12277733934));
#13646=CARTESIAN_POINT('',(156.950384,64.,2196.93963733934));
#13647=CARTESIAN_POINT('',(156.950384,64.,2166.12277733934));
#13648=CARTESIAN_POINT('',(156.950384,118.,2166.12277733934));
#13649=CARTESIAN_POINT('',(156.950384,96.,2196.93963733934));
#13650=CARTESIAN_POINT('',(156.950384,96.,2166.12277733934));
#13651=CARTESIAN_POINT('',(156.950384,1686.,2166.12277733934));
#13652=CARTESIAN_POINT('',(156.950384,1664.,2196.93963733934));
#13653=CARTESIAN_POINT('',(156.950384,1664.,2166.12277733934));
#13654=CARTESIAN_POINT('',(156.950384,150.,2166.12277733934));
#13655=CARTESIAN_POINT('',(156.950384,128.,2196.93963733934));
#13656=CARTESIAN_POINT('',(156.950384,128.,2166.12277733934));
#13657=CARTESIAN_POINT('',(156.950384,182.,2166.12277733934));
#13658=CARTESIAN_POINT('',(156.950384,160.,2196.93963733934));
#13659=CARTESIAN_POINT('',(156.950384,160.,2166.12277733934));
#13660=CARTESIAN_POINT('',(156.950384,1718.,2166.12277733934));
#13661=CARTESIAN_POINT('',(156.950384,1696.,2196.93963733934));
#13662=CARTESIAN_POINT('',(156.950384,1696.,2166.12277733934));
#13663=CARTESIAN_POINT('',(156.950384,214.,2166.12277733934));
#13664=CARTESIAN_POINT('',(156.950384,192.,2196.93963733934));
#13665=CARTESIAN_POINT('',(156.950384,192.,2166.12277733934));
#13666=CARTESIAN_POINT('',(156.950384,246.,2166.12277733934));
#13667=CARTESIAN_POINT('',(156.950384,224.,2196.93963733934));
#13668=CARTESIAN_POINT('',(156.950384,224.,2166.12277733934));
#13669=CARTESIAN_POINT('',(156.950384,1750.,2166.12277733934));
#13670=CARTESIAN_POINT('',(156.950384,1728.,2196.93963733934));
#13671=CARTESIAN_POINT('',(156.950384,1728.,2166.12277733934));
#13672=CARTESIAN_POINT('',(156.950384,278.,2166.12277733934));
#13673=CARTESIAN_POINT('',(156.950384,256.,2196.93963733934));
#13674=CARTESIAN_POINT('',(156.950384,256.,2166.12277733934));
#13675=CARTESIAN_POINT('',(156.950384,310.,2166.12277733934));
#13676=CARTESIAN_POINT('',(156.950384,288.,2196.93963733934));
#13677=CARTESIAN_POINT('',(156.950384,288.,2166.12277733934));
#13678=CARTESIAN_POINT('',(156.950384,502.,2166.12277733934));
#13679=CARTESIAN_POINT('',(156.950384,480.,2196.93963733934));
#13680=CARTESIAN_POINT('',(156.950384,480.,2166.12277733934));
#13681=CARTESIAN_POINT('',(156.950384,1878.,2166.12277733934));
#13682=CARTESIAN_POINT('',(156.950384,1856.,2196.93963733934));
#13683=CARTESIAN_POINT('',(156.950384,1856.,2166.12277733934));
#13684=CARTESIAN_POINT('',(156.950384,534.,2166.12277733934));
#13685=CARTESIAN_POINT('',(156.950384,512.,2196.93963733934));
#13686=CARTESIAN_POINT('',(156.950384,512.,2166.12277733934));
#13687=CARTESIAN_POINT('',(156.950384,566.,2166.12277733934));
#13688=CARTESIAN_POINT('',(156.950384,544.,2196.93963733934));
#13689=CARTESIAN_POINT('',(156.950384,544.,2166.12277733934));
#13690=CARTESIAN_POINT('',(156.950384,1910.,2166.12277733934));
#13691=CARTESIAN_POINT('',(156.950384,1888.,2196.93963733934));
#13692=CARTESIAN_POINT('',(156.950384,1888.,2166.12277733934));
#13693=CARTESIAN_POINT('',(156.950384,598.,2166.12277733934));
#13694=CARTESIAN_POINT('',(156.950384,576.,2196.93963733934));
#13695=CARTESIAN_POINT('',(156.950384,576.,2166.12277733934));
#13696=CARTESIAN_POINT('',(156.950384,630.,2166.12277733934));
#13697=CARTESIAN_POINT('',(156.950384,608.,2196.93963733934));
#13698=CARTESIAN_POINT('',(156.950384,608.,2166.12277733934));
#13699=CARTESIAN_POINT('',(156.950384,1942.,2166.12277733934));
#13700=CARTESIAN_POINT('',(156.950384,1920.,2196.93963733934));
#13701=CARTESIAN_POINT('',(156.950384,1920.,2166.12277733934));
#13702=CARTESIAN_POINT('',(156.950384,662.,2166.12277733934));
#13703=CARTESIAN_POINT('',(156.950384,640.,2196.93963733934));
#13704=CARTESIAN_POINT('',(156.950384,640.,2166.12277733934));
#13705=CARTESIAN_POINT('',(156.950384,694.,2166.12277733934));
#13706=CARTESIAN_POINT('',(156.950384,672.,2196.93963733934));
#13707=CARTESIAN_POINT('',(156.950384,672.,2166.12277733934));
#13708=CARTESIAN_POINT('',(156.950384,1974.,2166.12277733934));
#13709=CARTESIAN_POINT('',(156.950384,1952.,2196.93963733934));
#13710=CARTESIAN_POINT('',(156.950384,1952.,2166.12277733934));
#13711=CARTESIAN_POINT('',(156.950384,726.,2166.12277733934));
#13712=CARTESIAN_POINT('',(156.950384,704.,2196.93963733934));
#13713=CARTESIAN_POINT('',(156.950384,704.,2166.12277733934));
#13714=CARTESIAN_POINT('',(156.950384,758.,2166.12277733934));
#13715=CARTESIAN_POINT('',(156.950384,736.,2196.93963733934));
#13716=CARTESIAN_POINT('',(156.950384,736.,2166.12277733934));
#13717=CARTESIAN_POINT('',(156.950384,790.,2166.12277733934));
#13718=CARTESIAN_POINT('',(156.950384,768.,2196.93963733934));
#13719=CARTESIAN_POINT('',(156.950384,768.,2166.12277733934));
#13720=CARTESIAN_POINT('',(156.950384,982.,2166.12277733934));
#13721=CARTESIAN_POINT('',(156.950384,960.,2196.93963733934));
#13722=CARTESIAN_POINT('',(156.950384,960.,2166.12277733934));
#13723=CARTESIAN_POINT('',(156.950384,1014.,2166.12277733934));
#13724=CARTESIAN_POINT('',(156.950384,992.,2196.93963733934));
#13725=CARTESIAN_POINT('',(156.950384,992.,2166.12277733934));
#13726=CARTESIAN_POINT('',(156.950384,1046.,2166.12277733934));
#13727=CARTESIAN_POINT('',(156.950384,1024.,2196.93963733934));
#13728=CARTESIAN_POINT('',(156.950384,1024.,2166.12277733934));
#13729=CARTESIAN_POINT('',(156.950384,1078.,2166.12277733934));
#13730=CARTESIAN_POINT('',(156.950384,1056.,2196.93963733934));
#13731=CARTESIAN_POINT('',(156.950384,1056.,2166.12277733934));
#13732=CARTESIAN_POINT('',(156.950384,1110.,2166.12277733934));
#13733=CARTESIAN_POINT('',(156.950384,1088.,2196.93963733934));
#13734=CARTESIAN_POINT('',(156.950384,1088.,2166.12277733934));
#13735=CARTESIAN_POINT('',(156.950384,1142.,2166.12277733934));
#13736=CARTESIAN_POINT('',(156.950384,1120.,2196.93963733934));
#13737=CARTESIAN_POINT('',(156.950384,1120.,2166.12277733934));
#13738=CARTESIAN_POINT('',(156.950384,1174.,2166.12277733934));
#13739=CARTESIAN_POINT('',(156.950384,1152.,2196.93963733934));
#13740=CARTESIAN_POINT('',(156.950384,1152.,2166.12277733934));
#13741=CARTESIAN_POINT('',(156.950384,1206.,2166.12277733934));
#13742=CARTESIAN_POINT('',(156.950384,1184.,2196.93963733934));
#13743=CARTESIAN_POINT('',(156.950384,1184.,2166.12277733934));
#13744=CARTESIAN_POINT('',(156.950384,1238.,2166.12277733934));
#13745=CARTESIAN_POINT('',(156.950384,1216.,2196.93963733934));
#13746=CARTESIAN_POINT('',(156.950384,1216.,2166.12277733934));
#13747=CARTESIAN_POINT('',(156.950384,1270.,2166.12277733934));
#13748=CARTESIAN_POINT('',(156.950384,1248.,2196.93963733934));
#13749=CARTESIAN_POINT('',(156.950384,1248.,2166.12277733934));
#13750=CARTESIAN_POINT('',(156.950384,1302.,2166.12277733934));
#13751=CARTESIAN_POINT('',(156.950384,1280.,2196.93963733934));
#13752=CARTESIAN_POINT('',(156.950384,1280.,2166.12277733934));
#13753=CARTESIAN_POINT('',(156.950384,1334.,2166.12277733934));
#13754=CARTESIAN_POINT('',(156.950384,1312.,2196.93963733934));
#13755=CARTESIAN_POINT('',(156.950384,1312.,2166.12277733934));
#13756=CARTESIAN_POINT('',(156.950384,1366.,2166.12277733934));
#13757=CARTESIAN_POINT('',(156.950384,1344.,2196.93963733934));
#13758=CARTESIAN_POINT('',(156.950384,1344.,2166.12277733934));
#13759=CARTESIAN_POINT('',(156.950384,1398.,2166.12277733934));
#13760=CARTESIAN_POINT('',(156.950384,1376.,2196.93963733934));
#13761=CARTESIAN_POINT('',(156.950384,1376.,2166.12277733934));
#13762=CARTESIAN_POINT('',(156.950384,1430.,2166.12277733934));
#13763=CARTESIAN_POINT('',(156.950384,1408.,2196.93963733934));
#13764=CARTESIAN_POINT('',(156.950384,1408.,2166.12277733934));
#13765=CARTESIAN_POINT('',(156.950384,1462.,2166.12277733934));
#13766=CARTESIAN_POINT('',(156.950384,1440.,2196.93963733934));
#13767=CARTESIAN_POINT('',(156.950384,1440.,2166.12277733934));
#13768=CARTESIAN_POINT('',(156.950384,1494.,2166.12277733934));
#13769=CARTESIAN_POINT('',(156.950384,1472.,2196.93963733934));
#13770=CARTESIAN_POINT('',(156.950384,1472.,2166.12277733934));
#13771=CARTESIAN_POINT('',(156.950384,1526.,2166.12277733934));
#13772=CARTESIAN_POINT('',(156.950384,1504.,2196.93963733934));
#13773=CARTESIAN_POINT('',(156.950384,1504.,2166.12277733934));
#13774=CARTESIAN_POINT('',(156.950384,1558.,2166.12277733934));
#13775=CARTESIAN_POINT('',(156.950384,1536.,2196.93963733934));
#13776=CARTESIAN_POINT('',(156.950384,1536.,2166.12277733934));
#13777=CARTESIAN_POINT('',(156.950384,1590.,2166.12277733934));
#13778=CARTESIAN_POINT('',(156.950384,1568.,2196.93963733934));
#13779=CARTESIAN_POINT('',(156.950384,1568.,2166.12277733934));
#13780=CARTESIAN_POINT('',(137.950384,22.,2187.76925733934));
#13781=CARTESIAN_POINT('',(146.950384,22.,2187.76925733934));
#13782=CARTESIAN_POINT('',(146.950384,22.,2196.93963733934));
#13783=CARTESIAN_POINT('',(156.950384,22.,2196.93963733934));
#13784=CARTESIAN_POINT('',(156.950384,22.,2166.12277733934));
#13785=CARTESIAN_POINT('',(137.950384,22.,2166.12277733934));
#13786=CARTESIAN_POINT('',(156.950384,0.,2196.93963733934));
#13787=CARTESIAN_POINT('',(156.950384,0.,2166.12277733934));
#13788=CARTESIAN_POINT('',(137.950384,0.,2166.12277733934));
#13789=CARTESIAN_POINT('',(271.172689376465,1984.,2250.11798571581));
#13790=CARTESIAN_POINT('',(260.27485,1984.,2239.22014633934));
#13791=CARTESIAN_POINT('',(173.820442,1984.,2234.83477833934));
#13792=CARTESIAN_POINT('',(103.080454,1984.,2174.41736313815));
#13793=CARTESIAN_POINT('',(103.080454,1984.,2140.74965564558));
#13794=CARTESIAN_POINT('',(114.133025,1984.,2141.97771933934));
#13795=CARTESIAN_POINT('',(115.963532,1984.,2146.57901733934));
#13796=CARTESIAN_POINT('',(129.347372,1984.,2157.40578233934));
#13797=CARTESIAN_POINT('',(136.852168,1984.,2158.11574133934));
#13798=CARTESIAN_POINT('',(137.950384,1984.,2166.12277733934));
#13799=CARTESIAN_POINT('',(137.950384,1984.,2166.12277733934));
#13800=CARTESIAN_POINT('',(137.950384,1984.,2166.12277733934));
#13801=CARTESIAN_POINT('',(137.950384,1984.,2166.12277733934));
#13802=CARTESIAN_POINT('',(137.950384,1984.,2166.12277733934));
#13803=CARTESIAN_POINT('',(137.950384,1984.,2166.12277733934));
#13804=CARTESIAN_POINT('',(137.950384,1984.,2166.12277733934));
#13805=CARTESIAN_POINT('',(137.950384,1984.,2166.12277733934));
#13806=CARTESIAN_POINT('',(137.950384,1984.,2166.12277733934));
#13807=CARTESIAN_POINT('',(137.950384,1984.,2166.12277733934));
#13808=CARTESIAN_POINT('',(137.950384,1984.,2166.12277733934));
#13809=CARTESIAN_POINT('',(137.950384,1984.,2166.12277733934));
#13810=CARTESIAN_POINT('',(137.950384,1984.,2166.12277733934));
#13811=CARTESIAN_POINT('',(137.950384,1984.,2166.12277733934));
#13812=CARTESIAN_POINT('',(137.950384,1984.,2166.12277733934));
#13813=CARTESIAN_POINT('',(137.950384,1984.,2166.12277733934));
#13814=CARTESIAN_POINT('',(137.950384,1984.,2166.12277733934));
#13815=CARTESIAN_POINT('',(137.950384,1984.,2166.12277733934));
#13816=CARTESIAN_POINT('',(137.950384,1984.,2166.12277733934));
#13817=CARTESIAN_POINT('',(137.950384,1984.,2166.12277733934));
#13818=CARTESIAN_POINT('',(137.950384,1984.,2166.12277733934));
#13819=CARTESIAN_POINT('',(137.950384,1984.,2166.12277733934));
#13820=CARTESIAN_POINT('',(137.950384,1984.,2166.12277733934));
#13821=CARTESIAN_POINT('',(137.950384,1984.,2166.12277733934));
#13822=CARTESIAN_POINT('',(137.950384,1984.,2166.12277733934));
#13823=CARTESIAN_POINT('',(137.950384,1984.,2166.12277733934));
#13824=CARTESIAN_POINT('',(137.950384,1984.,2166.12277733934));
#13825=CARTESIAN_POINT('',(137.950384,1984.,2166.12277733934));
#13826=CARTESIAN_POINT('',(137.950384,1984.,2166.12277733934));
#13827=CARTESIAN_POINT('',(137.950384,1984.,2166.12277733934));
#13828=CARTESIAN_POINT('',(137.950384,1984.,2166.12277733934));
#13829=CARTESIAN_POINT('',(137.950384,1984.,2166.12277733934));
#13830=CARTESIAN_POINT('',(137.950384,1984.,2166.12277733934));
#13831=CARTESIAN_POINT('',(137.950384,1984.,2166.12277733934));
#13832=CARTESIAN_POINT('',(137.950384,1984.,2166.12277733934));
#13833=CARTESIAN_POINT('',(137.950384,1984.,2166.12277733934));
#13834=CARTESIAN_POINT('',(137.950384,1984.,2166.12277733934));
#13835=CARTESIAN_POINT('',(137.950384,1984.,2166.12277733934));
#13836=CARTESIAN_POINT('',(137.950384,1984.,2166.12277733934));
#13837=CARTESIAN_POINT('',(137.950384,1984.,2166.12277733934));
#13838=CARTESIAN_POINT('',(137.950384,1984.,2166.12277733934));
#13839=CARTESIAN_POINT('',(137.950384,1984.,2166.12277733934));
#13840=CARTESIAN_POINT('',(137.950384,1984.,2166.12277733934));
#13841=CARTESIAN_POINT('',(137.950384,1984.,2166.12277733934));
#13842=CARTESIAN_POINT('',(137.950384,1984.,2166.12277733934));
#13843=CARTESIAN_POINT('',(137.950384,1984.,2166.12277733934));
#13844=CARTESIAN_POINT('',(137.950384,1984.,2166.12277733934));
#13845=CARTESIAN_POINT('',(137.950384,1984.,2166.12277733934));
#13846=CARTESIAN_POINT('',(137.950384,1984.,2166.12277733934));
#13847=CARTESIAN_POINT('',(137.950384,1984.,2166.12277733934));
#13848=CARTESIAN_POINT('',(137.950384,1984.,2166.12277733934));
#13849=CARTESIAN_POINT('',(137.950384,1984.,2166.12277733934));
#13850=CARTESIAN_POINT('',(137.950384,1984.,2166.12277733934));
#13851=CARTESIAN_POINT('',(137.950384,1984.,2166.12277733934));
#13852=CARTESIAN_POINT('',(137.950384,1984.,2166.12277733934));
#13853=CARTESIAN_POINT('',(137.950384,1984.,2166.12277733934));
#13854=CARTESIAN_POINT('',(137.950384,1984.,2166.12277733934));
#13855=CARTESIAN_POINT('',(137.950384,1984.,2166.12277733934));
#13856=CARTESIAN_POINT('',(137.950384,1984.,2166.12277733934));
#13857=CARTESIAN_POINT('',(137.950384,1984.,2166.12277733934));
#13858=CARTESIAN_POINT('',(137.950384,1984.,2166.12277733934));
#13859=CARTESIAN_POINT('',(137.950384,1984.,2166.12277733934));
#13860=CARTESIAN_POINT('',(137.950384,1984.,2187.76925733934));
#13861=CARTESIAN_POINT('',(137.950384,1984.,2187.76925733934));
#13862=CARTESIAN_POINT('',(137.950384,1984.,2187.76925733934));
#13863=CARTESIAN_POINT('',(137.950384,1984.,2187.76925733934));
#13864=CARTESIAN_POINT('',(137.950384,1984.,2187.76925733934));
#13865=CARTESIAN_POINT('',(137.950384,1984.,2187.76925733934));
#13866=CARTESIAN_POINT('',(137.950384,1984.,2187.76925733934));
#13867=CARTESIAN_POINT('',(137.950384,1984.,2187.76925733934));
#13868=CARTESIAN_POINT('',(137.950384,1984.,2187.76925733934));
#13869=CARTESIAN_POINT('',(137.950384,1984.,2187.76925733934));
#13870=CARTESIAN_POINT('',(137.950384,1984.,2187.76925733934));
#13871=CARTESIAN_POINT('',(137.950384,1984.,2187.76925733934));
#13872=CARTESIAN_POINT('',(137.950384,1984.,2187.76925733934));
#13873=CARTESIAN_POINT('',(137.950384,1984.,2187.76925733934));
#13874=CARTESIAN_POINT('',(137.950384,1984.,2187.76925733934));
#13875=CARTESIAN_POINT('',(137.950384,1984.,2187.76925733934));
#13876=CARTESIAN_POINT('',(137.950384,1984.,2187.76925733934));
#13877=CARTESIAN_POINT('',(137.950384,1984.,2187.76925733934));
#13878=CARTESIAN_POINT('',(137.950384,1984.,2187.76925733934));
#13879=CARTESIAN_POINT('',(137.950384,1984.,2187.76925733934));
#13880=CARTESIAN_POINT('',(137.950384,1984.,2187.76925733934));
#13881=CARTESIAN_POINT('',(137.950384,1984.,2187.76925733934));
#13882=CARTESIAN_POINT('',(137.950384,1984.,2187.76925733934));
#13883=CARTESIAN_POINT('',(137.950384,1984.,2187.76925733934));
#13884=CARTESIAN_POINT('',(137.950384,1984.,2187.76925733934));
#13885=CARTESIAN_POINT('',(137.950384,1984.,2187.76925733934));
#13886=CARTESIAN_POINT('',(137.950384,1984.,2187.76925733934));
#13887=CARTESIAN_POINT('',(137.950384,1984.,2187.76925733934));
#13888=CARTESIAN_POINT('',(137.950384,1984.,2187.76925733934));
#13889=CARTESIAN_POINT('',(137.950384,1984.,2187.76925733934));
#13890=CARTESIAN_POINT('',(137.950384,1984.,2187.76925733934));
#13891=CARTESIAN_POINT('',(137.950384,1984.,2187.76925733934));
#13892=CARTESIAN_POINT('',(137.950384,1984.,2187.76925733934));
#13893=CARTESIAN_POINT('',(137.950384,1984.,2187.76925733934));
#13894=CARTESIAN_POINT('',(137.950384,1984.,2187.76925733934));
#13895=CARTESIAN_POINT('',(137.950384,1984.,2187.76925733934));
#13896=CARTESIAN_POINT('',(137.950384,1984.,2187.76925733934));
#13897=CARTESIAN_POINT('',(137.950384,1984.,2187.76925733934));
#13898=CARTESIAN_POINT('',(137.950384,1984.,2187.76925733934));
#13899=CARTESIAN_POINT('',(137.950384,1984.,2187.76925733934));
#13900=CARTESIAN_POINT('',(137.950384,1984.,2187.76925733934));
#13901=CARTESIAN_POINT('',(137.950384,1984.,2187.76925733934));
#13902=CARTESIAN_POINT('',(137.950384,1984.,2187.76925733934));
#13903=CARTESIAN_POINT('',(137.950384,1984.,2187.76925733934));
#13904=CARTESIAN_POINT('',(137.950384,1984.,2187.76925733934));
#13905=CARTESIAN_POINT('',(137.950384,1984.,2187.76925733934));
#13906=CARTESIAN_POINT('',(137.950384,1984.,2187.76925733934));
#13907=CARTESIAN_POINT('',(137.950384,1984.,2187.76925733934));
#13908=CARTESIAN_POINT('',(137.950384,1984.,2187.76925733934));
#13909=CARTESIAN_POINT('',(137.950384,1984.,2187.76925733934));
#13910=CARTESIAN_POINT('',(137.950384,1984.,2187.76925733934));
#13911=CARTESIAN_POINT('',(137.950384,1984.,2187.76925733934));
#13912=CARTESIAN_POINT('',(137.950384,1984.,2187.76925733934));
#13913=CARTESIAN_POINT('',(137.950384,1984.,2187.76925733934));
#13914=CARTESIAN_POINT('',(137.950384,1984.,2187.76925733934));
#13915=CARTESIAN_POINT('',(137.950384,1984.,2187.76925733934));
#13916=CARTESIAN_POINT('',(137.950384,1984.,2187.76925733934));
#13917=CARTESIAN_POINT('',(137.950384,1984.,2187.76925733934));
#13918=CARTESIAN_POINT('',(137.950384,1984.,2187.76925733934));
#13919=CARTESIAN_POINT('',(137.950384,1984.,2187.76925733934));
#13920=CARTESIAN_POINT('',(137.950384,1984.,2187.76925733934));
#13921=CARTESIAN_POINT('',(137.950384,1984.,2187.76925733934));
#13922=CARTESIAN_POINT('',(146.950384,1984.,2187.76925733934));
#13923=CARTESIAN_POINT('',(146.950384,1984.,2187.76925733934));
#13924=CARTESIAN_POINT('',(146.950384,1984.,2187.76925733934));
#13925=CARTESIAN_POINT('',(146.950384,1984.,2187.76925733934));
#13926=CARTESIAN_POINT('',(146.950384,1984.,2187.76925733934));
#13927=CARTESIAN_POINT('',(146.950384,1984.,2187.76925733934));
#13928=CARTESIAN_POINT('',(146.950384,1984.,2187.76925733934));
#13929=CARTESIAN_POINT('',(146.950384,1984.,2187.76925733934));
#13930=CARTESIAN_POINT('',(146.950384,1984.,2187.76925733934));
#13931=CARTESIAN_POINT('',(146.950384,1984.,2187.76925733934));
#13932=CARTESIAN_POINT('',(146.950384,1984.,2187.76925733934));
#13933=CARTESIAN_POINT('',(146.950384,1984.,2187.76925733934));
#13934=CARTESIAN_POINT('',(146.950384,1984.,2187.76925733934));
#13935=CARTESIAN_POINT('',(146.950384,1984.,2187.76925733934));
#13936=CARTESIAN_POINT('',(146.950384,1984.,2187.76925733934));
#13937=CARTESIAN_POINT('',(146.950384,1984.,2187.76925733934));
#13938=CARTESIAN_POINT('',(146.950384,1984.,2187.76925733934));
#13939=CARTESIAN_POINT('',(146.950384,1984.,2187.76925733934));
#13940=CARTESIAN_POINT('',(146.950384,1984.,2187.76925733934));
#13941=CARTESIAN_POINT('',(146.950384,1984.,2187.76925733934));
#13942=CARTESIAN_POINT('',(146.950384,1984.,2187.76925733934));
#13943=CARTESIAN_POINT('',(146.950384,1984.,2187.76925733934));
#13944=CARTESIAN_POINT('',(146.950384,1984.,2187.76925733934));
#13945=CARTESIAN_POINT('',(146.950384,1984.,2187.76925733934));
#13946=CARTESIAN_POINT('',(146.950384,1984.,2187.76925733934));
#13947=CARTESIAN_POINT('',(146.950384,1984.,2187.76925733934));
#13948=CARTESIAN_POINT('',(146.950384,1984.,2187.76925733934));
#13949=CARTESIAN_POINT('',(146.950384,1984.,2187.76925733934));
#13950=CARTESIAN_POINT('',(146.950384,1984.,2187.76925733934));
#13951=CARTESIAN_POINT('',(146.950384,1984.,2187.76925733934));
#13952=CARTESIAN_POINT('',(146.950384,1984.,2187.76925733934));
#13953=CARTESIAN_POINT('',(146.950384,1984.,2187.76925733934));
#13954=CARTESIAN_POINT('',(146.950384,1984.,2187.76925733934));
#13955=CARTESIAN_POINT('',(146.950384,1984.,2187.76925733934));
#13956=CARTESIAN_POINT('',(146.950384,1984.,2187.76925733934));
#13957=CARTESIAN_POINT('',(146.950384,1984.,2187.76925733934));
#13958=CARTESIAN_POINT('',(146.950384,1984.,2187.76925733934));
#13959=CARTESIAN_POINT('',(146.950384,1984.,2187.76925733934));
#13960=CARTESIAN_POINT('',(146.950384,1984.,2187.76925733934));
#13961=CARTESIAN_POINT('',(146.950384,1984.,2187.76925733934));
#13962=CARTESIAN_POINT('',(146.950384,1984.,2187.76925733934));
#13963=CARTESIAN_POINT('',(146.950384,1984.,2187.76925733934));
#13964=CARTESIAN_POINT('',(146.950384,1984.,2187.76925733934));
#13965=CARTESIAN_POINT('',(146.950384,1984.,2187.76925733934));
#13966=CARTESIAN_POINT('',(146.950384,1984.,2187.76925733934));
#13967=CARTESIAN_POINT('',(146.950384,1984.,2187.76925733934));
#13968=CARTESIAN_POINT('',(146.950384,1984.,2187.76925733934));
#13969=CARTESIAN_POINT('',(146.950384,1984.,2187.76925733934));
#13970=CARTESIAN_POINT('',(146.950384,1984.,2187.76925733934));
#13971=CARTESIAN_POINT('',(146.950384,1984.,2187.76925733934));
#13972=CARTESIAN_POINT('',(146.950384,1984.,2187.76925733934));
#13973=CARTESIAN_POINT('',(146.950384,1984.,2187.76925733934));
#13974=CARTESIAN_POINT('',(146.950384,1984.,2187.76925733934));
#13975=CARTESIAN_POINT('',(146.950384,1984.,2187.76925733934));
#13976=CARTESIAN_POINT('',(146.950384,1984.,2187.76925733934));
#13977=CARTESIAN_POINT('',(146.950384,1984.,2187.76925733934));
#13978=CARTESIAN_POINT('',(146.950384,1984.,2187.76925733934));
#13979=CARTESIAN_POINT('',(146.950384,1984.,2187.76925733934));
#13980=CARTESIAN_POINT('',(146.950384,1984.,2187.76925733934));
#13981=CARTESIAN_POINT('',(146.950384,1984.,2187.76925733934));
#13982=CARTESIAN_POINT('',(146.950384,1984.,2187.76925733934));
#13983=CARTESIAN_POINT('',(146.950384,1984.,2187.76925733934));
#13984=CARTESIAN_POINT('',(146.950384,1984.,2196.93963733934));
#13985=CARTESIAN_POINT('',(146.950384,1984.,2196.93963733934));
#13986=CARTESIAN_POINT('',(146.950384,1984.,2196.93963733934));
#13987=CARTESIAN_POINT('',(146.950384,1984.,2196.93963733934));
#13988=CARTESIAN_POINT('',(146.950384,1984.,2196.93963733934));
#13989=CARTESIAN_POINT('',(146.950384,1984.,2196.93963733934));
#13990=CARTESIAN_POINT('',(146.950384,1984.,2196.93963733934));
#13991=CARTESIAN_POINT('',(146.950384,1984.,2196.93963733934));
#13992=CARTESIAN_POINT('',(146.950384,1984.,2196.93963733934));
#13993=CARTESIAN_POINT('',(146.950384,1984.,2196.93963733934));
#13994=CARTESIAN_POINT('',(146.950384,1984.,2196.93963733934));
#13995=CARTESIAN_POINT('',(146.950384,1984.,2196.93963733934));
#13996=CARTESIAN_POINT('',(146.950384,1984.,2196.93963733934));
#13997=CARTESIAN_POINT('',(146.950384,1984.,2196.93963733934));
#13998=CARTESIAN_POINT('',(146.950384,1984.,2196.93963733934));
#13999=CARTESIAN_POINT('',(146.950384,1984.,2196.93963733934));
#14000=CARTESIAN_POINT('',(146.950384,1984.,2196.93963733934));
#14001=CARTESIAN_POINT('',(146.950384,1984.,2196.93963733934));
#14002=CARTESIAN_POINT('',(146.950384,1984.,2196.93963733934));
#14003=CARTESIAN_POINT('',(146.950384,1984.,2196.93963733934));
#14004=CARTESIAN_POINT('',(146.950384,1984.,2196.93963733934));
#14005=CARTESIAN_POINT('',(146.950384,1984.,2196.93963733934));
#14006=CARTESIAN_POINT('',(146.950384,1984.,2196.93963733934));
#14007=CARTESIAN_POINT('',(146.950384,1984.,2196.93963733934));
#14008=CARTESIAN_POINT('',(146.950384,1984.,2196.93963733934));
#14009=CARTESIAN_POINT('',(146.950384,1984.,2196.93963733934));
#14010=CARTESIAN_POINT('',(146.950384,1984.,2196.93963733934));
#14011=CARTESIAN_POINT('',(146.950384,1984.,2196.93963733934));
#14012=CARTESIAN_POINT('',(146.950384,1984.,2196.93963733934));
#14013=CARTESIAN_POINT('',(146.950384,1984.,2196.93963733934));
#14014=CARTESIAN_POINT('',(146.950384,1984.,2196.93963733934));
#14015=CARTESIAN_POINT('',(146.950384,1984.,2196.93963733934));
#14016=CARTESIAN_POINT('',(146.950384,1984.,2196.93963733934));
#14017=CARTESIAN_POINT('',(146.950384,1984.,2196.93963733934));
#14018=CARTESIAN_POINT('',(146.950384,1984.,2196.93963733934));
#14019=CARTESIAN_POINT('',(146.950384,1984.,2196.93963733934));
#14020=CARTESIAN_POINT('',(146.950384,1984.,2196.93963733934));
#14021=CARTESIAN_POINT('',(146.950384,1984.,2196.93963733934));
#14022=CARTESIAN_POINT('',(146.950384,1984.,2196.93963733934));
#14023=CARTESIAN_POINT('',(146.950384,1984.,2196.93963733934));
#14024=CARTESIAN_POINT('',(146.950384,1984.,2196.93963733934));
#14025=CARTESIAN_POINT('',(146.950384,1984.,2196.93963733934));
#14026=CARTESIAN_POINT('',(146.950384,1984.,2196.93963733934));
#14027=CARTESIAN_POINT('',(146.950384,1984.,2196.93963733934));
#14028=CARTESIAN_POINT('',(146.950384,1984.,2196.93963733934));
#14029=CARTESIAN_POINT('',(146.950384,1984.,2196.93963733934));
#14030=CARTESIAN_POINT('',(146.950384,1984.,2196.93963733934));
#14031=CARTESIAN_POINT('',(146.950384,1984.,2196.93963733934));
#14032=CARTESIAN_POINT('',(146.950384,1984.,2196.93963733934));
#14033=CARTESIAN_POINT('',(146.950384,1984.,2196.93963733934));
#14034=CARTESIAN_POINT('',(146.950384,1984.,2196.93963733934));
#14035=CARTESIAN_POINT('',(146.950384,1984.,2196.93963733934));
#14036=CARTESIAN_POINT('',(146.950384,1984.,2196.93963733934));
#14037=CARTESIAN_POINT('',(146.950384,1984.,2196.93963733934));
#14038=CARTESIAN_POINT('',(146.950384,1984.,2196.93963733934));
#14039=CARTESIAN_POINT('',(146.950384,1984.,2196.93963733934));
#14040=CARTESIAN_POINT('',(146.950384,1984.,2196.93963733934));
#14041=CARTESIAN_POINT('',(146.950384,1984.,2196.93963733934));
#14042=CARTESIAN_POINT('',(146.950384,1984.,2196.93963733934));
#14043=CARTESIAN_POINT('',(146.950384,1984.,2196.93963733934));
#14044=CARTESIAN_POINT('',(146.950384,1984.,2196.93963733934));
#14045=CARTESIAN_POINT('',(146.950384,1984.,2196.93963733934));
#14046=CARTESIAN_POINT('',(156.950384,1984.,2196.93963733934));
#14047=CARTESIAN_POINT('',(156.950384,1984.,2196.93963733934));
#14048=CARTESIAN_POINT('',(156.950384,1984.,2196.93963733934));
#14049=CARTESIAN_POINT('',(156.950384,1984.,2196.93963733934));
#14050=CARTESIAN_POINT('',(156.950384,1984.,2196.93963733934));
#14051=CARTESIAN_POINT('',(156.950384,1984.,2196.93963733934));
#14052=CARTESIAN_POINT('',(156.950384,1984.,2196.93963733934));
#14053=CARTESIAN_POINT('',(156.950384,1984.,2196.93963733934));
#14054=CARTESIAN_POINT('',(156.950384,1984.,2196.93963733934));
#14055=CARTESIAN_POINT('',(156.950384,1984.,2196.93963733934));
#14056=CARTESIAN_POINT('',(156.950384,1984.,2196.93963733934));
#14057=CARTESIAN_POINT('',(156.950384,1984.,2196.93963733934));
#14058=CARTESIAN_POINT('',(156.950384,1984.,2196.93963733934));
#14059=CARTESIAN_POINT('',(156.950384,1984.,2196.93963733934));
#14060=CARTESIAN_POINT('',(156.950384,1984.,2196.93963733934));
#14061=CARTESIAN_POINT('',(156.950384,1984.,2196.93963733934));
#14062=CARTESIAN_POINT('',(156.950384,1984.,2196.93963733934));
#14063=CARTESIAN_POINT('',(156.950384,1984.,2196.93963733934));
#14064=CARTESIAN_POINT('',(156.950384,1984.,2196.93963733934));
#14065=CARTESIAN_POINT('',(156.950384,1984.,2196.93963733934));
#14066=CARTESIAN_POINT('',(156.950384,1984.,2196.93963733934));
#14067=CARTESIAN_POINT('',(156.950384,1984.,2196.93963733934));
#14068=CARTESIAN_POINT('',(156.950384,1984.,2196.93963733934));
#14069=CARTESIAN_POINT('',(156.950384,1984.,2196.93963733934));
#14070=CARTESIAN_POINT('',(156.950384,1984.,2196.93963733934));
#14071=CARTESIAN_POINT('',(156.950384,1984.,2196.93963733934));
#14072=CARTESIAN_POINT('',(156.950384,1984.,2196.93963733934));
#14073=CARTESIAN_POINT('',(156.950384,1984.,2196.93963733934));
#14074=CARTESIAN_POINT('',(156.950384,1984.,2196.93963733934));
#14075=CARTESIAN_POINT('',(156.950384,1984.,2196.93963733934));
#14076=CARTESIAN_POINT('',(156.950384,1984.,2196.93963733934));
#14077=CARTESIAN_POINT('',(156.950384,1984.,2196.93963733934));
#14078=CARTESIAN_POINT('',(156.950384,1984.,2196.93963733934));
#14079=CARTESIAN_POINT('',(156.950384,1984.,2196.93963733934));
#14080=CARTESIAN_POINT('',(156.950384,1984.,2196.93963733934));
#14081=CARTESIAN_POINT('',(156.950384,1984.,2196.93963733934));
#14082=CARTESIAN_POINT('',(156.950384,1984.,2196.93963733934));
#14083=CARTESIAN_POINT('',(156.950384,1984.,2196.93963733934));
#14084=CARTESIAN_POINT('',(156.950384,1984.,2196.93963733934));
#14085=CARTESIAN_POINT('',(156.950384,1984.,2196.93963733934));
#14086=CARTESIAN_POINT('',(156.950384,1984.,2196.93963733934));
#14087=CARTESIAN_POINT('',(156.950384,1984.,2196.93963733934));
#14088=CARTESIAN_POINT('',(156.950384,1984.,2196.93963733934));
#14089=CARTESIAN_POINT('',(156.950384,1984.,2196.93963733934));
#14090=CARTESIAN_POINT('',(156.950384,1984.,2196.93963733934));
#14091=CARTESIAN_POINT('',(156.950384,1984.,2196.93963733934));
#14092=CARTESIAN_POINT('',(156.950384,1984.,2196.93963733934));
#14093=CARTESIAN_POINT('',(156.950384,1984.,2196.93963733934));
#14094=CARTESIAN_POINT('',(156.950384,1984.,2196.93963733934));
#14095=CARTESIAN_POINT('',(156.950384,1984.,2196.93963733934));
#14096=CARTESIAN_POINT('',(156.950384,1984.,2196.93963733934));
#14097=CARTESIAN_POINT('',(156.950384,1984.,2196.93963733934));
#14098=CARTESIAN_POINT('',(156.950384,1984.,2196.93963733934));
#14099=CARTESIAN_POINT('',(156.950384,1984.,2196.93963733934));
#14100=CARTESIAN_POINT('',(156.950384,1984.,2196.93963733934));
#14101=CARTESIAN_POINT('',(156.950384,1984.,2196.93963733934));
#14102=CARTESIAN_POINT('',(156.950384,1984.,2196.93963733934));
#14103=CARTESIAN_POINT('',(156.950384,1984.,2196.93963733934));
#14104=CARTESIAN_POINT('',(156.950384,1984.,2196.93963733934));
#14105=CARTESIAN_POINT('',(156.950384,1984.,2196.93963733934));
#14106=CARTESIAN_POINT('',(156.950384,1984.,2196.93963733934));
#14107=CARTESIAN_POINT('',(156.950384,1984.,2196.93963733934));
#14108=CARTESIAN_POINT('',(166.60675,1984.,2196.93963733934));
#14109=CARTESIAN_POINT('',(168.131024779144,1984.,2202.82156586351));
#14110=CARTESIAN_POINT('',(177.931716746841,1984.,2203.92948299804));
#14111=CARTESIAN_POINT('',(188.143656119419,1984.,2212.42032941562));
#14112=CARTESIAN_POINT('',(189.747173221053,1984.,2217.64796054701));
#14113=CARTESIAN_POINT('',(194.247177,1984.,2217.64554433934));
#14114=CARTESIAN_POINT('',(195.146136,1984.,2223.28447033934));
#14115=CARTESIAN_POINT('',(254.841365,1984.,2224.01707233934));
#14116=CARTESIAN_POINT('',(256.949973,1984.,2217.10411433934));
#14117=CARTESIAN_POINT('',(261.949973,1984.,2217.10411433934));
#14118=CARTESIAN_POINT('',(263.656323,1984.,2212.66938633934));
#14119=CARTESIAN_POINT('',(275.906323,1984.,2212.66938633934));
#14120=CARTESIAN_POINT('',(279.955343,1984.,2220.93959633934));
#14121=CARTESIAN_POINT('',(292.333806743202,1984.,2222.96788268269));
#14122=CARTESIAN_POINT('',(291.757966,1984.,2229.35513333934));
#14123=CARTESIAN_POINT('',(298.146778,1984.,2229.79071733934));
#14124=CARTESIAN_POINT('',(307.379795714075,1984.,2241.9686021859));
#14125=CARTESIAN_POINT('',(307.509281694679,1984.,2249.5));
#14126=CARTESIAN_POINT('',(307.379795714075,1984.,2241.9686021859));
#14127=CARTESIAN_POINT('',(311.313723018175,1984.,2229.39689781064));
#14128=CARTESIAN_POINT('',(291.757966,1984.,2229.35513333934));
#14129=CARTESIAN_POINT('',(283.673530193018,1984.,2225.40670065126));
#14130=CARTESIAN_POINT('',(285.670954308061,1984.,2224.84420662531));
#14131=CARTESIAN_POINT('',(275.906323,1984.,2212.66938633934));
#14132=CARTESIAN_POINT('',(263.656323,1984.,2212.66938633934));
#14133=CARTESIAN_POINT('',(261.949973,1984.,2217.10411433934));
#14134=CARTESIAN_POINT('',(256.949973,1984.,2217.10411433934));
#14135=CARTESIAN_POINT('',(254.841365,1984.,2224.01707233934));
#14136=CARTESIAN_POINT('',(195.146136,1984.,2223.28447033934));
#14137=CARTESIAN_POINT('',(194.247177,1984.,2217.64554433934));
#14138=CARTESIAN_POINT('',(189.747173221053,1984.,2217.64796054701));
#14139=CARTESIAN_POINT('',(165.164302345786,1984.,2222.3287339356));
#14140=CARTESIAN_POINT('',(174.681306168289,1984.,2218.22512316306));
#14141=CARTESIAN_POINT('',(168.061397718109,1984.,2247.34016166114));
#14142=CARTESIAN_POINT('',(166.60675,1984.,2196.93963733934));
#14143=CARTESIAN_POINT('',(156.950384,1984.,2196.93963733934));
#14144=CARTESIAN_POINT('',(146.950384,1984.,2196.93963733934));
#14145=CARTESIAN_POINT('',(146.950384,1984.,2187.76925733934));
#14146=CARTESIAN_POINT('',(137.950384,1984.,2187.76925733934));
#14147=CARTESIAN_POINT('',(137.950384,1984.,2166.12277733934));
#14148=CARTESIAN_POINT('',(136.852168,1984.,2158.11574133934));
#14149=CARTESIAN_POINT('',(129.347372,1984.,2157.40578233934));
#14150=CARTESIAN_POINT('',(113.35545137677,1984.,2163.48888289233));
#14151=CARTESIAN_POINT('',(114.133025,1984.,2141.97771933934));
#14152=CARTESIAN_POINT('',(103.080454,1984.,2140.74965564558));
#14153=CARTESIAN_POINT('',(103.080454,1984.,2174.41736313815));
#14154=CARTESIAN_POINT('',(173.820442,1984.,2234.83477833934));
#14155=CARTESIAN_POINT('',(260.27485,1984.,2239.22014633934));
#14156=CARTESIAN_POINT('',(271.172689376465,1984.,2250.11798571581));
#14157=CARTESIAN_POINT('',(307.509281694679,1984.,2249.5));
#14158=CARTESIAN_POINT('',(307.379795714075,0.,2241.9686021859));
#14159=CARTESIAN_POINT('',(311.313723018175,0.,2229.39689781064));
#14160=CARTESIAN_POINT('',(291.757966,0.,2229.35513333934));
#14161=CARTESIAN_POINT('',(283.673530193018,0.,2225.40670065126));
#14162=CARTESIAN_POINT('',(285.670954308061,0.,2224.84420662531));
#14163=CARTESIAN_POINT('',(275.906323,0.,2212.66938633934));
#14164=CARTESIAN_POINT('',(263.656323,0.,2212.66938633934));
#14165=CARTESIAN_POINT('',(261.949973,0.,2217.10411433934));
#14166=CARTESIAN_POINT('',(256.949973,0.,2217.10411433934));
#14167=CARTESIAN_POINT('',(254.841365,0.,2224.01707233934));
#14168=CARTESIAN_POINT('',(195.146136,0.,2223.28447033934));
#14169=CARTESIAN_POINT('',(194.247177,0.,2217.64554433934));
#14170=CARTESIAN_POINT('',(189.747173221053,0.,2217.64796054701));
#14171=CARTESIAN_POINT('',(165.164302345786,0.,2222.3287339356));
#14172=CARTESIAN_POINT('',(174.681306168289,0.,2218.22512316306));
#14173=CARTESIAN_POINT('',(168.061397718109,0.,2247.34016166114));
#14174=CARTESIAN_POINT('',(166.60675,0.,2196.93963733934));
#14175=CARTESIAN_POINT('',(156.950384,0.,2196.93963733934));
#14176=CARTESIAN_POINT('',(136.852168,0.,2158.11574133934));
#14177=CARTESIAN_POINT('',(129.347372,0.,2157.40578233934));
#14178=CARTESIAN_POINT('',(113.35545137677,0.,2163.48888289233));
#14179=CARTESIAN_POINT('',(114.133025,0.,2141.97771933934));
#14180=CARTESIAN_POINT('',(103.080454,0.,2140.74965564558));
#14181=CARTESIAN_POINT('',(103.080454,0.,2174.41736313815));
#14182=CARTESIAN_POINT('',(173.820442,0.,2234.83477833934));
#14183=CARTESIAN_POINT('',(260.27485,0.,2239.22014633934));
#14184=CARTESIAN_POINT('',(271.172689376465,0.,2250.11798571581));
#14185=CARTESIAN_POINT('',(307.509281694679,0.,2249.5));
#14186=CARTESIAN_POINT('',(137.950384,1622.,2166.12277733934));
#14187=CARTESIAN_POINT('',(156.950384,1622.,2166.12277733934));
#14188=CARTESIAN_POINT('',(156.950384,1622.,2196.93963733934));
#14189=CARTESIAN_POINT('',(146.950384,1622.,2187.76925733934));
#14190=CARTESIAN_POINT('',(146.950384,1622.,2196.93963733934));
#14191=CARTESIAN_POINT('',(156.950384,1622.,2196.93963733934));
#14192=CARTESIAN_POINT('',(156.950384,1622.,2166.12277733934));
#14193=CARTESIAN_POINT('',(137.950384,1622.,2166.12277733934));
#14194=CARTESIAN_POINT('',(137.950384,1622.,2187.76925733934));
#14195=CARTESIAN_POINT('',(146.950384,1600.,2187.76925733934));
#14196=CARTESIAN_POINT('',(146.950384,1600.,2196.93963733934));
#14197=CARTESIAN_POINT('',(156.950384,1600.,2196.93963733934));
#14198=CARTESIAN_POINT('',(156.950384,1600.,2166.12277733934));
#14199=CARTESIAN_POINT('',(137.950384,1600.,2166.12277733934));
#14200=CARTESIAN_POINT('',(137.950384,1600.,2187.76925733934));
#14201=CARTESIAN_POINT('',(137.950384,1782.,2166.12277733934));
#14202=CARTESIAN_POINT('',(156.950384,1782.,2166.12277733934));
#14203=CARTESIAN_POINT('',(156.950384,1782.,2196.93963733934));
#14204=CARTESIAN_POINT('',(146.950384,1782.,2187.76925733934));
#14205=CARTESIAN_POINT('',(146.950384,1782.,2196.93963733934));
#14206=CARTESIAN_POINT('',(156.950384,1782.,2196.93963733934));
#14207=CARTESIAN_POINT('',(156.950384,1782.,2166.12277733934));
#14208=CARTESIAN_POINT('',(137.950384,1782.,2166.12277733934));
#14209=CARTESIAN_POINT('',(137.950384,1782.,2187.76925733934));
#14210=CARTESIAN_POINT('',(146.950384,1760.,2187.76925733934));
#14211=CARTESIAN_POINT('',(146.950384,1760.,2196.93963733934));
#14212=CARTESIAN_POINT('',(156.950384,1760.,2196.93963733934));
#14213=CARTESIAN_POINT('',(156.950384,1760.,2166.12277733934));
#14214=CARTESIAN_POINT('',(137.950384,1760.,2166.12277733934));
#14215=CARTESIAN_POINT('',(137.950384,1760.,2187.76925733934));
#14216=CARTESIAN_POINT('',(137.950384,342.,2166.12277733934));
#14217=CARTESIAN_POINT('',(156.950384,342.,2166.12277733934));
#14218=CARTESIAN_POINT('',(156.950384,342.,2196.93963733934));
#14219=CARTESIAN_POINT('',(146.950384,342.,2187.76925733934));
#14220=CARTESIAN_POINT('',(146.950384,342.,2196.93963733934));
#14221=CARTESIAN_POINT('',(156.950384,342.,2196.93963733934));
#14222=CARTESIAN_POINT('',(156.950384,342.,2166.12277733934));
#14223=CARTESIAN_POINT('',(137.950384,342.,2166.12277733934));
#14224=CARTESIAN_POINT('',(137.950384,342.,2187.76925733934));
#14225=CARTESIAN_POINT('',(146.950384,320.,2187.76925733934));
#14226=CARTESIAN_POINT('',(146.950384,320.,2196.93963733934));
#14227=CARTESIAN_POINT('',(156.950384,320.,2196.93963733934));
#14228=CARTESIAN_POINT('',(156.950384,320.,2166.12277733934));
#14229=CARTESIAN_POINT('',(137.950384,320.,2166.12277733934));
#14230=CARTESIAN_POINT('',(137.950384,320.,2187.76925733934));
#14231=CARTESIAN_POINT('',(137.950384,374.,2166.12277733934));
#14232=CARTESIAN_POINT('',(156.950384,374.,2166.12277733934));
#14233=CARTESIAN_POINT('',(156.950384,374.,2196.93963733934));
#14234=CARTESIAN_POINT('',(146.950384,374.,2187.76925733934));
#14235=CARTESIAN_POINT('',(146.950384,374.,2196.93963733934));
#14236=CARTESIAN_POINT('',(156.950384,374.,2196.93963733934));
#14237=CARTESIAN_POINT('',(156.950384,374.,2166.12277733934));
#14238=CARTESIAN_POINT('',(137.950384,374.,2166.12277733934));
#14239=CARTESIAN_POINT('',(137.950384,374.,2187.76925733934));
#14240=CARTESIAN_POINT('',(146.950384,352.,2187.76925733934));
#14241=CARTESIAN_POINT('',(146.950384,352.,2196.93963733934));
#14242=CARTESIAN_POINT('',(156.950384,352.,2196.93963733934));
#14243=CARTESIAN_POINT('',(156.950384,352.,2166.12277733934));
#14244=CARTESIAN_POINT('',(137.950384,352.,2166.12277733934));
#14245=CARTESIAN_POINT('',(137.950384,352.,2187.76925733934));
#14246=CARTESIAN_POINT('',(137.950384,1814.,2166.12277733934));
#14247=CARTESIAN_POINT('',(156.950384,1814.,2166.12277733934));
#14248=CARTESIAN_POINT('',(156.950384,1814.,2196.93963733934));
#14249=CARTESIAN_POINT('',(146.950384,1814.,2187.76925733934));
#14250=CARTESIAN_POINT('',(146.950384,1814.,2196.93963733934));
#14251=CARTESIAN_POINT('',(156.950384,1814.,2196.93963733934));
#14252=CARTESIAN_POINT('',(156.950384,1814.,2166.12277733934));
#14253=CARTESIAN_POINT('',(137.950384,1814.,2166.12277733934));
#14254=CARTESIAN_POINT('',(137.950384,1814.,2187.76925733934));
#14255=CARTESIAN_POINT('',(146.950384,1792.,2187.76925733934));
#14256=CARTESIAN_POINT('',(146.950384,1792.,2196.93963733934));
#14257=CARTESIAN_POINT('',(156.950384,1792.,2196.93963733934));
#14258=CARTESIAN_POINT('',(156.950384,1792.,2166.12277733934));
#14259=CARTESIAN_POINT('',(137.950384,1792.,2166.12277733934));
#14260=CARTESIAN_POINT('',(137.950384,1792.,2187.76925733934));
#14261=CARTESIAN_POINT('',(137.950384,406.,2166.12277733934));
#14262=CARTESIAN_POINT('',(156.950384,406.,2166.12277733934));
#14263=CARTESIAN_POINT('',(156.950384,406.,2196.93963733934));
#14264=CARTESIAN_POINT('',(146.950384,406.,2187.76925733934));
#14265=CARTESIAN_POINT('',(146.950384,406.,2196.93963733934));
#14266=CARTESIAN_POINT('',(156.950384,406.,2196.93963733934));
#14267=CARTESIAN_POINT('',(156.950384,406.,2166.12277733934));
#14268=CARTESIAN_POINT('',(137.950384,406.,2166.12277733934));
#14269=CARTESIAN_POINT('',(137.950384,406.,2187.76925733934));
#14270=CARTESIAN_POINT('',(146.950384,384.,2187.76925733934));
#14271=CARTESIAN_POINT('',(146.950384,384.,2196.93963733934));
#14272=CARTESIAN_POINT('',(156.950384,384.,2196.93963733934));
#14273=CARTESIAN_POINT('',(156.950384,384.,2166.12277733934));
#14274=CARTESIAN_POINT('',(137.950384,384.,2166.12277733934));
#14275=CARTESIAN_POINT('',(137.950384,384.,2187.76925733934));
#14276=CARTESIAN_POINT('',(137.950384,438.,2166.12277733934));
#14277=CARTESIAN_POINT('',(156.950384,438.,2166.12277733934));
#14278=CARTESIAN_POINT('',(156.950384,438.,2196.93963733934));
#14279=CARTESIAN_POINT('',(146.950384,438.,2187.76925733934));
#14280=CARTESIAN_POINT('',(146.950384,438.,2196.93963733934));
#14281=CARTESIAN_POINT('',(156.950384,438.,2196.93963733934));
#14282=CARTESIAN_POINT('',(156.950384,438.,2166.12277733934));
#14283=CARTESIAN_POINT('',(137.950384,438.,2166.12277733934));
#14284=CARTESIAN_POINT('',(137.950384,438.,2187.76925733934));
#14285=CARTESIAN_POINT('',(146.950384,416.,2187.76925733934));
#14286=CARTESIAN_POINT('',(146.950384,416.,2196.93963733934));
#14287=CARTESIAN_POINT('',(156.950384,416.,2196.93963733934));
#14288=CARTESIAN_POINT('',(156.950384,416.,2166.12277733934));
#14289=CARTESIAN_POINT('',(137.950384,416.,2166.12277733934));
#14290=CARTESIAN_POINT('',(137.950384,416.,2187.76925733934));
#14291=CARTESIAN_POINT('',(137.950384,1846.,2166.12277733934));
#14292=CARTESIAN_POINT('',(156.950384,1846.,2166.12277733934));
#14293=CARTESIAN_POINT('',(156.950384,1846.,2196.93963733934));
#14294=CARTESIAN_POINT('',(146.950384,1846.,2187.76925733934));
#14295=CARTESIAN_POINT('',(146.950384,1846.,2196.93963733934));
#14296=CARTESIAN_POINT('',(156.950384,1846.,2196.93963733934));
#14297=CARTESIAN_POINT('',(156.950384,1846.,2166.12277733934));
#14298=CARTESIAN_POINT('',(137.950384,1846.,2166.12277733934));
#14299=CARTESIAN_POINT('',(137.950384,1846.,2187.76925733934));
#14300=CARTESIAN_POINT('',(146.950384,1824.,2187.76925733934));
#14301=CARTESIAN_POINT('',(146.950384,1824.,2196.93963733934));
#14302=CARTESIAN_POINT('',(156.950384,1824.,2196.93963733934));
#14303=CARTESIAN_POINT('',(156.950384,1824.,2166.12277733934));
#14304=CARTESIAN_POINT('',(137.950384,1824.,2166.12277733934));
#14305=CARTESIAN_POINT('',(137.950384,1824.,2187.76925733934));
#14306=CARTESIAN_POINT('',(137.950384,470.,2166.12277733934));
#14307=CARTESIAN_POINT('',(156.950384,470.,2166.12277733934));
#14308=CARTESIAN_POINT('',(156.950384,470.,2196.93963733934));
#14309=CARTESIAN_POINT('',(146.950384,470.,2187.76925733934));
#14310=CARTESIAN_POINT('',(146.950384,470.,2196.93963733934));
#14311=CARTESIAN_POINT('',(156.950384,470.,2196.93963733934));
#14312=CARTESIAN_POINT('',(156.950384,470.,2166.12277733934));
#14313=CARTESIAN_POINT('',(137.950384,470.,2166.12277733934));
#14314=CARTESIAN_POINT('',(137.950384,470.,2187.76925733934));
#14315=CARTESIAN_POINT('',(146.950384,448.,2187.76925733934));
#14316=CARTESIAN_POINT('',(146.950384,448.,2196.93963733934));
#14317=CARTESIAN_POINT('',(156.950384,448.,2196.93963733934));
#14318=CARTESIAN_POINT('',(156.950384,448.,2166.12277733934));
#14319=CARTESIAN_POINT('',(137.950384,448.,2166.12277733934));
#14320=CARTESIAN_POINT('',(137.950384,448.,2187.76925733934));
#14321=CARTESIAN_POINT('',(137.950384,822.,2166.12277733934));
#14322=CARTESIAN_POINT('',(156.950384,822.,2166.12277733934));
#14323=CARTESIAN_POINT('',(156.950384,822.,2196.93963733934));
#14324=CARTESIAN_POINT('',(146.950384,822.,2187.76925733934));
#14325=CARTESIAN_POINT('',(146.950384,822.,2196.93963733934));
#14326=CARTESIAN_POINT('',(156.950384,822.,2196.93963733934));
#14327=CARTESIAN_POINT('',(156.950384,822.,2166.12277733934));
#14328=CARTESIAN_POINT('',(137.950384,822.,2166.12277733934));
#14329=CARTESIAN_POINT('',(137.950384,822.,2187.76925733934));
#14330=CARTESIAN_POINT('',(146.950384,800.,2187.76925733934));
#14331=CARTESIAN_POINT('',(146.950384,800.,2196.93963733934));
#14332=CARTESIAN_POINT('',(156.950384,800.,2196.93963733934));
#14333=CARTESIAN_POINT('',(156.950384,800.,2166.12277733934));
#14334=CARTESIAN_POINT('',(137.950384,800.,2166.12277733934));
#14335=CARTESIAN_POINT('',(137.950384,800.,2187.76925733934));
#14336=CARTESIAN_POINT('',(137.950384,854.,2166.12277733934));
#14337=CARTESIAN_POINT('',(156.950384,854.,2166.12277733934));
#14338=CARTESIAN_POINT('',(156.950384,854.,2196.93963733934));
#14339=CARTESIAN_POINT('',(146.950384,854.,2187.76925733934));
#14340=CARTESIAN_POINT('',(146.950384,854.,2196.93963733934));
#14341=CARTESIAN_POINT('',(156.950384,854.,2196.93963733934));
#14342=CARTESIAN_POINT('',(156.950384,854.,2166.12277733934));
#14343=CARTESIAN_POINT('',(137.950384,854.,2166.12277733934));
#14344=CARTESIAN_POINT('',(137.950384,854.,2187.76925733934));
#14345=CARTESIAN_POINT('',(146.950384,832.,2187.76925733934));
#14346=CARTESIAN_POINT('',(146.950384,832.,2196.93963733934));
#14347=CARTESIAN_POINT('',(156.950384,832.,2196.93963733934));
#14348=CARTESIAN_POINT('',(156.950384,832.,2166.12277733934));
#14349=CARTESIAN_POINT('',(137.950384,832.,2166.12277733934));
#14350=CARTESIAN_POINT('',(137.950384,832.,2187.76925733934));
#14351=CARTESIAN_POINT('',(137.950384,886.,2166.12277733934));
#14352=CARTESIAN_POINT('',(156.950384,886.,2166.12277733934));
#14353=CARTESIAN_POINT('',(156.950384,886.,2196.93963733934));
#14354=CARTESIAN_POINT('',(146.950384,886.,2187.76925733934));
#14355=CARTESIAN_POINT('',(146.950384,886.,2196.93963733934));
#14356=CARTESIAN_POINT('',(156.950384,886.,2196.93963733934));
#14357=CARTESIAN_POINT('',(156.950384,886.,2166.12277733934));
#14358=CARTESIAN_POINT('',(137.950384,886.,2166.12277733934));
#14359=CARTESIAN_POINT('',(137.950384,886.,2187.76925733934));
#14360=CARTESIAN_POINT('',(146.950384,864.,2187.76925733934));
#14361=CARTESIAN_POINT('',(146.950384,864.,2196.93963733934));
#14362=CARTESIAN_POINT('',(156.950384,864.,2196.93963733934));
#14363=CARTESIAN_POINT('',(156.950384,864.,2166.12277733934));
#14364=CARTESIAN_POINT('',(137.950384,864.,2166.12277733934));
#14365=CARTESIAN_POINT('',(137.950384,864.,2187.76925733934));
#14366=CARTESIAN_POINT('',(137.950384,918.,2166.12277733934));
#14367=CARTESIAN_POINT('',(156.950384,918.,2166.12277733934));
#14368=CARTESIAN_POINT('',(156.950384,918.,2196.93963733934));
#14369=CARTESIAN_POINT('',(146.950384,918.,2187.76925733934));
#14370=CARTESIAN_POINT('',(146.950384,918.,2196.93963733934));
#14371=CARTESIAN_POINT('',(156.950384,918.,2196.93963733934));
#14372=CARTESIAN_POINT('',(156.950384,918.,2166.12277733934));
#14373=CARTESIAN_POINT('',(137.950384,918.,2166.12277733934));
#14374=CARTESIAN_POINT('',(137.950384,918.,2187.76925733934));
#14375=CARTESIAN_POINT('',(146.950384,896.,2187.76925733934));
#14376=CARTESIAN_POINT('',(146.950384,896.,2196.93963733934));
#14377=CARTESIAN_POINT('',(156.950384,896.,2196.93963733934));
#14378=CARTESIAN_POINT('',(156.950384,896.,2166.12277733934));
#14379=CARTESIAN_POINT('',(137.950384,896.,2166.12277733934));
#14380=CARTESIAN_POINT('',(137.950384,896.,2187.76925733934));
#14381=CARTESIAN_POINT('',(137.950384,950.,2166.12277733934));
#14382=CARTESIAN_POINT('',(156.950384,950.,2166.12277733934));
#14383=CARTESIAN_POINT('',(156.950384,950.,2196.93963733934));
#14384=CARTESIAN_POINT('',(146.950384,950.,2187.76925733934));
#14385=CARTESIAN_POINT('',(146.950384,950.,2196.93963733934));
#14386=CARTESIAN_POINT('',(156.950384,950.,2196.93963733934));
#14387=CARTESIAN_POINT('',(156.950384,950.,2166.12277733934));
#14388=CARTESIAN_POINT('',(137.950384,950.,2166.12277733934));
#14389=CARTESIAN_POINT('',(137.950384,950.,2187.76925733934));
#14390=CARTESIAN_POINT('',(146.950384,928.,2187.76925733934));
#14391=CARTESIAN_POINT('',(146.950384,928.,2196.93963733934));
#14392=CARTESIAN_POINT('',(156.950384,928.,2196.93963733934));
#14393=CARTESIAN_POINT('',(156.950384,928.,2166.12277733934));
#14394=CARTESIAN_POINT('',(137.950384,928.,2166.12277733934));
#14395=CARTESIAN_POINT('',(137.950384,928.,2187.76925733934));
#14396=CARTESIAN_POINT('',(137.950384,54.,2166.12277733934));
#14397=CARTESIAN_POINT('',(156.950384,54.,2166.12277733934));
#14398=CARTESIAN_POINT('',(156.950384,54.,2196.93963733934));
#14399=CARTESIAN_POINT('',(146.950384,54.,2187.76925733934));
#14400=CARTESIAN_POINT('',(146.950384,54.,2196.93963733934));
#14401=CARTESIAN_POINT('',(156.950384,54.,2196.93963733934));
#14402=CARTESIAN_POINT('',(156.950384,54.,2166.12277733934));
#14403=CARTESIAN_POINT('',(137.950384,54.,2166.12277733934));
#14404=CARTESIAN_POINT('',(137.950384,54.,2187.76925733934));
#14405=CARTESIAN_POINT('',(146.950384,32.,2187.76925733934));
#14406=CARTESIAN_POINT('',(146.950384,32.,2196.93963733934));
#14407=CARTESIAN_POINT('',(156.950384,32.,2196.93963733934));
#14408=CARTESIAN_POINT('',(156.950384,32.,2166.12277733934));
#14409=CARTESIAN_POINT('',(137.950384,32.,2166.12277733934));
#14410=CARTESIAN_POINT('',(137.950384,32.,2187.76925733934));
#14411=CARTESIAN_POINT('',(137.950384,1654.,2166.12277733934));
#14412=CARTESIAN_POINT('',(156.950384,1654.,2166.12277733934));
#14413=CARTESIAN_POINT('',(156.950384,1654.,2196.93963733934));
#14414=CARTESIAN_POINT('',(146.950384,1654.,2187.76925733934));
#14415=CARTESIAN_POINT('',(146.950384,1654.,2196.93963733934));
#14416=CARTESIAN_POINT('',(156.950384,1654.,2196.93963733934));
#14417=CARTESIAN_POINT('',(156.950384,1654.,2166.12277733934));
#14418=CARTESIAN_POINT('',(137.950384,1654.,2166.12277733934));
#14419=CARTESIAN_POINT('',(137.950384,1654.,2187.76925733934));
#14420=CARTESIAN_POINT('',(146.950384,1632.,2187.76925733934));
#14421=CARTESIAN_POINT('',(146.950384,1632.,2196.93963733934));
#14422=CARTESIAN_POINT('',(156.950384,1632.,2196.93963733934));
#14423=CARTESIAN_POINT('',(156.950384,1632.,2166.12277733934));
#14424=CARTESIAN_POINT('',(137.950384,1632.,2166.12277733934));
#14425=CARTESIAN_POINT('',(137.950384,1632.,2187.76925733934));
#14426=CARTESIAN_POINT('',(137.950384,86.,2166.12277733934));
#14427=CARTESIAN_POINT('',(156.950384,86.,2166.12277733934));
#14428=CARTESIAN_POINT('',(156.950384,86.,2196.93963733934));
#14429=CARTESIAN_POINT('',(146.950384,86.,2187.76925733934));
#14430=CARTESIAN_POINT('',(146.950384,86.,2196.93963733934));
#14431=CARTESIAN_POINT('',(156.950384,86.,2196.93963733934));
#14432=CARTESIAN_POINT('',(156.950384,86.,2166.12277733934));
#14433=CARTESIAN_POINT('',(137.950384,86.,2166.12277733934));
#14434=CARTESIAN_POINT('',(137.950384,86.,2187.76925733934));
#14435=CARTESIAN_POINT('',(146.950384,64.,2187.76925733934));
#14436=CARTESIAN_POINT('',(146.950384,64.,2196.93963733934));
#14437=CARTESIAN_POINT('',(156.950384,64.,2196.93963733934));
#14438=CARTESIAN_POINT('',(156.950384,64.,2166.12277733934));
#14439=CARTESIAN_POINT('',(137.950384,64.,2166.12277733934));
#14440=CARTESIAN_POINT('',(137.950384,64.,2187.76925733934));
#14441=CARTESIAN_POINT('',(137.950384,118.,2166.12277733934));
#14442=CARTESIAN_POINT('',(156.950384,118.,2166.12277733934));
#14443=CARTESIAN_POINT('',(156.950384,118.,2196.93963733934));
#14444=CARTESIAN_POINT('',(146.950384,118.,2187.76925733934));
#14445=CARTESIAN_POINT('',(146.950384,118.,2196.93963733934));
#14446=CARTESIAN_POINT('',(156.950384,118.,2196.93963733934));
#14447=CARTESIAN_POINT('',(156.950384,118.,2166.12277733934));
#14448=CARTESIAN_POINT('',(137.950384,118.,2166.12277733934));
#14449=CARTESIAN_POINT('',(137.950384,118.,2187.76925733934));
#14450=CARTESIAN_POINT('',(146.950384,96.,2187.76925733934));
#14451=CARTESIAN_POINT('',(146.950384,96.,2196.93963733934));
#14452=CARTESIAN_POINT('',(156.950384,96.,2196.93963733934));
#14453=CARTESIAN_POINT('',(156.950384,96.,2166.12277733934));
#14454=CARTESIAN_POINT('',(137.950384,96.,2166.12277733934));
#14455=CARTESIAN_POINT('',(137.950384,96.,2187.76925733934));
#14456=CARTESIAN_POINT('',(137.950384,1686.,2166.12277733934));
#14457=CARTESIAN_POINT('',(156.950384,1686.,2166.12277733934));
#14458=CARTESIAN_POINT('',(156.950384,1686.,2196.93963733934));
#14459=CARTESIAN_POINT('',(146.950384,1686.,2187.76925733934));
#14460=CARTESIAN_POINT('',(146.950384,1686.,2196.93963733934));
#14461=CARTESIAN_POINT('',(156.950384,1686.,2196.93963733934));
#14462=CARTESIAN_POINT('',(156.950384,1686.,2166.12277733934));
#14463=CARTESIAN_POINT('',(137.950384,1686.,2166.12277733934));
#14464=CARTESIAN_POINT('',(137.950384,1686.,2187.76925733934));
#14465=CARTESIAN_POINT('',(146.950384,1664.,2187.76925733934));
#14466=CARTESIAN_POINT('',(146.950384,1664.,2196.93963733934));
#14467=CARTESIAN_POINT('',(156.950384,1664.,2196.93963733934));
#14468=CARTESIAN_POINT('',(156.950384,1664.,2166.12277733934));
#14469=CARTESIAN_POINT('',(137.950384,1664.,2166.12277733934));
#14470=CARTESIAN_POINT('',(137.950384,1664.,2187.76925733934));
#14471=CARTESIAN_POINT('',(137.950384,150.,2166.12277733934));
#14472=CARTESIAN_POINT('',(156.950384,150.,2166.12277733934));
#14473=CARTESIAN_POINT('',(156.950384,150.,2196.93963733934));
#14474=CARTESIAN_POINT('',(146.950384,150.,2187.76925733934));
#14475=CARTESIAN_POINT('',(146.950384,150.,2196.93963733934));
#14476=CARTESIAN_POINT('',(156.950384,150.,2196.93963733934));
#14477=CARTESIAN_POINT('',(156.950384,150.,2166.12277733934));
#14478=CARTESIAN_POINT('',(137.950384,150.,2166.12277733934));
#14479=CARTESIAN_POINT('',(137.950384,150.,2187.76925733934));
#14480=CARTESIAN_POINT('',(146.950384,128.,2187.76925733934));
#14481=CARTESIAN_POINT('',(146.950384,128.,2196.93963733934));
#14482=CARTESIAN_POINT('',(156.950384,128.,2196.93963733934));
#14483=CARTESIAN_POINT('',(156.950384,128.,2166.12277733934));
#14484=CARTESIAN_POINT('',(137.950384,128.,2166.12277733934));
#14485=CARTESIAN_POINT('',(137.950384,128.,2187.76925733934));
#14486=CARTESIAN_POINT('',(137.950384,182.,2166.12277733934));
#14487=CARTESIAN_POINT('',(156.950384,182.,2166.12277733934));
#14488=CARTESIAN_POINT('',(156.950384,182.,2196.93963733934));
#14489=CARTESIAN_POINT('',(146.950384,182.,2187.76925733934));
#14490=CARTESIAN_POINT('',(146.950384,182.,2196.93963733934));
#14491=CARTESIAN_POINT('',(156.950384,182.,2196.93963733934));
#14492=CARTESIAN_POINT('',(156.950384,182.,2166.12277733934));
#14493=CARTESIAN_POINT('',(137.950384,182.,2166.12277733934));
#14494=CARTESIAN_POINT('',(137.950384,182.,2187.76925733934));
#14495=CARTESIAN_POINT('',(146.950384,160.,2187.76925733934));
#14496=CARTESIAN_POINT('',(146.950384,160.,2196.93963733934));
#14497=CARTESIAN_POINT('',(156.950384,160.,2196.93963733934));
#14498=CARTESIAN_POINT('',(156.950384,160.,2166.12277733934));
#14499=CARTESIAN_POINT('',(137.950384,160.,2166.12277733934));
#14500=CARTESIAN_POINT('',(137.950384,160.,2187.76925733934));
#14501=CARTESIAN_POINT('',(137.950384,1718.,2166.12277733934));
#14502=CARTESIAN_POINT('',(156.950384,1718.,2166.12277733934));
#14503=CARTESIAN_POINT('',(156.950384,1718.,2196.93963733934));
#14504=CARTESIAN_POINT('',(146.950384,1718.,2187.76925733934));
#14505=CARTESIAN_POINT('',(146.950384,1718.,2196.93963733934));
#14506=CARTESIAN_POINT('',(156.950384,1718.,2196.93963733934));
#14507=CARTESIAN_POINT('',(156.950384,1718.,2166.12277733934));
#14508=CARTESIAN_POINT('',(137.950384,1718.,2166.12277733934));
#14509=CARTESIAN_POINT('',(137.950384,1718.,2187.76925733934));
#14510=CARTESIAN_POINT('',(146.950384,1696.,2187.76925733934));
#14511=CARTESIAN_POINT('',(146.950384,1696.,2196.93963733934));
#14512=CARTESIAN_POINT('',(156.950384,1696.,2196.93963733934));
#14513=CARTESIAN_POINT('',(156.950384,1696.,2166.12277733934));
#14514=CARTESIAN_POINT('',(137.950384,1696.,2166.12277733934));
#14515=CARTESIAN_POINT('',(137.950384,1696.,2187.76925733934));
#14516=CARTESIAN_POINT('',(137.950384,214.,2166.12277733934));
#14517=CARTESIAN_POINT('',(156.950384,214.,2166.12277733934));
#14518=CARTESIAN_POINT('',(156.950384,214.,2196.93963733934));
#14519=CARTESIAN_POINT('',(146.950384,214.,2187.76925733934));
#14520=CARTESIAN_POINT('',(146.950384,214.,2196.93963733934));
#14521=CARTESIAN_POINT('',(156.950384,214.,2196.93963733934));
#14522=CARTESIAN_POINT('',(156.950384,214.,2166.12277733934));
#14523=CARTESIAN_POINT('',(137.950384,214.,2166.12277733934));
#14524=CARTESIAN_POINT('',(137.950384,214.,2187.76925733934));
#14525=CARTESIAN_POINT('',(146.950384,192.,2187.76925733934));
#14526=CARTESIAN_POINT('',(146.950384,192.,2196.93963733934));
#14527=CARTESIAN_POINT('',(156.950384,192.,2196.93963733934));
#14528=CARTESIAN_POINT('',(156.950384,192.,2166.12277733934));
#14529=CARTESIAN_POINT('',(137.950384,192.,2166.12277733934));
#14530=CARTESIAN_POINT('',(137.950384,192.,2187.76925733934));
#14531=CARTESIAN_POINT('',(137.950384,246.,2166.12277733934));
#14532=CARTESIAN_POINT('',(156.950384,246.,2166.12277733934));
#14533=CARTESIAN_POINT('',(156.950384,246.,2196.93963733934));
#14534=CARTESIAN_POINT('',(146.950384,246.,2187.76925733934));
#14535=CARTESIAN_POINT('',(146.950384,246.,2196.93963733934));
#14536=CARTESIAN_POINT('',(156.950384,246.,2196.93963733934));
#14537=CARTESIAN_POINT('',(156.950384,246.,2166.12277733934));
#14538=CARTESIAN_POINT('',(137.950384,246.,2166.12277733934));
#14539=CARTESIAN_POINT('',(137.950384,246.,2187.76925733934));
#14540=CARTESIAN_POINT('',(146.950384,224.,2187.76925733934));
#14541=CARTESIAN_POINT('',(146.950384,224.,2196.93963733934));
#14542=CARTESIAN_POINT('',(156.950384,224.,2196.93963733934));
#14543=CARTESIAN_POINT('',(156.950384,224.,2166.12277733934));
#14544=CARTESIAN_POINT('',(137.950384,224.,2166.12277733934));
#14545=CARTESIAN_POINT('',(137.950384,224.,2187.76925733934));
#14546=CARTESIAN_POINT('',(137.950384,1750.,2166.12277733934));
#14547=CARTESIAN_POINT('',(156.950384,1750.,2166.12277733934));
#14548=CARTESIAN_POINT('',(156.950384,1750.,2196.93963733934));
#14549=CARTESIAN_POINT('',(146.950384,1750.,2187.76925733934));
#14550=CARTESIAN_POINT('',(146.950384,1750.,2196.93963733934));
#14551=CARTESIAN_POINT('',(156.950384,1750.,2196.93963733934));
#14552=CARTESIAN_POINT('',(156.950384,1750.,2166.12277733934));
#14553=CARTESIAN_POINT('',(137.950384,1750.,2166.12277733934));
#14554=CARTESIAN_POINT('',(137.950384,1750.,2187.76925733934));
#14555=CARTESIAN_POINT('',(146.950384,1728.,2187.76925733934));
#14556=CARTESIAN_POINT('',(146.950384,1728.,2196.93963733934));
#14557=CARTESIAN_POINT('',(156.950384,1728.,2196.93963733934));
#14558=CARTESIAN_POINT('',(156.950384,1728.,2166.12277733934));
#14559=CARTESIAN_POINT('',(137.950384,1728.,2166.12277733934));
#14560=CARTESIAN_POINT('',(137.950384,1728.,2187.76925733934));
#14561=CARTESIAN_POINT('',(137.950384,278.,2166.12277733934));
#14562=CARTESIAN_POINT('',(156.950384,278.,2166.12277733934));
#14563=CARTESIAN_POINT('',(156.950384,278.,2196.93963733934));
#14564=CARTESIAN_POINT('',(146.950384,278.,2187.76925733934));
#14565=CARTESIAN_POINT('',(146.950384,278.,2196.93963733934));
#14566=CARTESIAN_POINT('',(156.950384,278.,2196.93963733934));
#14567=CARTESIAN_POINT('',(156.950384,278.,2166.12277733934));
#14568=CARTESIAN_POINT('',(137.950384,278.,2166.12277733934));
#14569=CARTESIAN_POINT('',(137.950384,278.,2187.76925733934));
#14570=CARTESIAN_POINT('',(146.950384,256.,2187.76925733934));
#14571=CARTESIAN_POINT('',(146.950384,256.,2196.93963733934));
#14572=CARTESIAN_POINT('',(156.950384,256.,2196.93963733934));
#14573=CARTESIAN_POINT('',(156.950384,256.,2166.12277733934));
#14574=CARTESIAN_POINT('',(137.950384,256.,2166.12277733934));
#14575=CARTESIAN_POINT('',(137.950384,256.,2187.76925733934));
#14576=CARTESIAN_POINT('',(137.950384,310.,2166.12277733934));
#14577=CARTESIAN_POINT('',(156.950384,310.,2166.12277733934));
#14578=CARTESIAN_POINT('',(156.950384,310.,2196.93963733934));
#14579=CARTESIAN_POINT('',(146.950384,310.,2187.76925733934));
#14580=CARTESIAN_POINT('',(146.950384,310.,2196.93963733934));
#14581=CARTESIAN_POINT('',(156.950384,310.,2196.93963733934));
#14582=CARTESIAN_POINT('',(156.950384,310.,2166.12277733934));
#14583=CARTESIAN_POINT('',(137.950384,310.,2166.12277733934));
#14584=CARTESIAN_POINT('',(137.950384,310.,2187.76925733934));
#14585=CARTESIAN_POINT('',(146.950384,288.,2187.76925733934));
#14586=CARTESIAN_POINT('',(146.950384,288.,2196.93963733934));
#14587=CARTESIAN_POINT('',(156.950384,288.,2196.93963733934));
#14588=CARTESIAN_POINT('',(156.950384,288.,2166.12277733934));
#14589=CARTESIAN_POINT('',(137.950384,288.,2166.12277733934));
#14590=CARTESIAN_POINT('',(137.950384,288.,2187.76925733934));
#14591=CARTESIAN_POINT('',(137.950384,502.,2166.12277733934));
#14592=CARTESIAN_POINT('',(156.950384,502.,2166.12277733934));
#14593=CARTESIAN_POINT('',(156.950384,502.,2196.93963733934));
#14594=CARTESIAN_POINT('',(146.950384,502.,2187.76925733934));
#14595=CARTESIAN_POINT('',(146.950384,502.,2196.93963733934));
#14596=CARTESIAN_POINT('',(156.950384,502.,2196.93963733934));
#14597=CARTESIAN_POINT('',(156.950384,502.,2166.12277733934));
#14598=CARTESIAN_POINT('',(137.950384,502.,2166.12277733934));
#14599=CARTESIAN_POINT('',(137.950384,502.,2187.76925733934));
#14600=CARTESIAN_POINT('',(146.950384,480.,2187.76925733934));
#14601=CARTESIAN_POINT('',(146.950384,480.,2196.93963733934));
#14602=CARTESIAN_POINT('',(156.950384,480.,2196.93963733934));
#14603=CARTESIAN_POINT('',(156.950384,480.,2166.12277733934));
#14604=CARTESIAN_POINT('',(137.950384,480.,2166.12277733934));
#14605=CARTESIAN_POINT('',(137.950384,480.,2187.76925733934));
#14606=CARTESIAN_POINT('',(137.950384,1878.,2166.12277733934));
#14607=CARTESIAN_POINT('',(156.950384,1878.,2166.12277733934));
#14608=CARTESIAN_POINT('',(156.950384,1878.,2196.93963733934));
#14609=CARTESIAN_POINT('',(146.950384,1878.,2187.76925733934));
#14610=CARTESIAN_POINT('',(146.950384,1878.,2196.93963733934));
#14611=CARTESIAN_POINT('',(156.950384,1878.,2196.93963733934));
#14612=CARTESIAN_POINT('',(156.950384,1878.,2166.12277733934));
#14613=CARTESIAN_POINT('',(137.950384,1878.,2166.12277733934));
#14614=CARTESIAN_POINT('',(137.950384,1878.,2187.76925733934));
#14615=CARTESIAN_POINT('',(146.950384,1856.,2187.76925733934));
#14616=CARTESIAN_POINT('',(146.950384,1856.,2196.93963733934));
#14617=CARTESIAN_POINT('',(156.950384,1856.,2196.93963733934));
#14618=CARTESIAN_POINT('',(156.950384,1856.,2166.12277733934));
#14619=CARTESIAN_POINT('',(137.950384,1856.,2166.12277733934));
#14620=CARTESIAN_POINT('',(137.950384,1856.,2187.76925733934));
#14621=CARTESIAN_POINT('',(137.950384,534.,2166.12277733934));
#14622=CARTESIAN_POINT('',(156.950384,534.,2166.12277733934));
#14623=CARTESIAN_POINT('',(156.950384,534.,2196.93963733934));
#14624=CARTESIAN_POINT('',(146.950384,534.,2187.76925733934));
#14625=CARTESIAN_POINT('',(146.950384,534.,2196.93963733934));
#14626=CARTESIAN_POINT('',(156.950384,534.,2196.93963733934));
#14627=CARTESIAN_POINT('',(156.950384,534.,2166.12277733934));
#14628=CARTESIAN_POINT('',(137.950384,534.,2166.12277733934));
#14629=CARTESIAN_POINT('',(137.950384,534.,2187.76925733934));
#14630=CARTESIAN_POINT('',(146.950384,512.,2187.76925733934));
#14631=CARTESIAN_POINT('',(146.950384,512.,2196.93963733934));
#14632=CARTESIAN_POINT('',(156.950384,512.,2196.93963733934));
#14633=CARTESIAN_POINT('',(156.950384,512.,2166.12277733934));
#14634=CARTESIAN_POINT('',(137.950384,512.,2166.12277733934));
#14635=CARTESIAN_POINT('',(137.950384,512.,2187.76925733934));
#14636=CARTESIAN_POINT('',(137.950384,566.,2166.12277733934));
#14637=CARTESIAN_POINT('',(156.950384,566.,2166.12277733934));
#14638=CARTESIAN_POINT('',(156.950384,566.,2196.93963733934));
#14639=CARTESIAN_POINT('',(146.950384,566.,2187.76925733934));
#14640=CARTESIAN_POINT('',(146.950384,566.,2196.93963733934));
#14641=CARTESIAN_POINT('',(156.950384,566.,2196.93963733934));
#14642=CARTESIAN_POINT('',(156.950384,566.,2166.12277733934));
#14643=CARTESIAN_POINT('',(137.950384,566.,2166.12277733934));
#14644=CARTESIAN_POINT('',(137.950384,566.,2187.76925733934));
#14645=CARTESIAN_POINT('',(146.950384,544.,2187.76925733934));
#14646=CARTESIAN_POINT('',(146.950384,544.,2196.93963733934));
#14647=CARTESIAN_POINT('',(156.950384,544.,2196.93963733934));
#14648=CARTESIAN_POINT('',(156.950384,544.,2166.12277733934));
#14649=CARTESIAN_POINT('',(137.950384,544.,2166.12277733934));
#14650=CARTESIAN_POINT('',(137.950384,544.,2187.76925733934));
#14651=CARTESIAN_POINT('',(137.950384,1910.,2166.12277733934));
#14652=CARTESIAN_POINT('',(156.950384,1910.,2166.12277733934));
#14653=CARTESIAN_POINT('',(156.950384,1910.,2196.93963733934));
#14654=CARTESIAN_POINT('',(146.950384,1910.,2187.76925733934));
#14655=CARTESIAN_POINT('',(146.950384,1910.,2196.93963733934));
#14656=CARTESIAN_POINT('',(156.950384,1910.,2196.93963733934));
#14657=CARTESIAN_POINT('',(156.950384,1910.,2166.12277733934));
#14658=CARTESIAN_POINT('',(137.950384,1910.,2166.12277733934));
#14659=CARTESIAN_POINT('',(137.950384,1910.,2187.76925733934));
#14660=CARTESIAN_POINT('',(146.950384,1888.,2187.76925733934));
#14661=CARTESIAN_POINT('',(146.950384,1888.,2196.93963733934));
#14662=CARTESIAN_POINT('',(156.950384,1888.,2196.93963733934));
#14663=CARTESIAN_POINT('',(156.950384,1888.,2166.12277733934));
#14664=CARTESIAN_POINT('',(137.950384,1888.,2166.12277733934));
#14665=CARTESIAN_POINT('',(137.950384,1888.,2187.76925733934));
#14666=CARTESIAN_POINT('',(137.950384,598.,2166.12277733934));
#14667=CARTESIAN_POINT('',(156.950384,598.,2166.12277733934));
#14668=CARTESIAN_POINT('',(156.950384,598.,2196.93963733934));
#14669=CARTESIAN_POINT('',(146.950384,598.,2187.76925733934));
#14670=CARTESIAN_POINT('',(146.950384,598.,2196.93963733934));
#14671=CARTESIAN_POINT('',(156.950384,598.,2196.93963733934));
#14672=CARTESIAN_POINT('',(156.950384,598.,2166.12277733934));
#14673=CARTESIAN_POINT('',(137.950384,598.,2166.12277733934));
#14674=CARTESIAN_POINT('',(137.950384,598.,2187.76925733934));
#14675=CARTESIAN_POINT('',(146.950384,576.,2187.76925733934));
#14676=CARTESIAN_POINT('',(146.950384,576.,2196.93963733934));
#14677=CARTESIAN_POINT('',(156.950384,576.,2196.93963733934));
#14678=CARTESIAN_POINT('',(156.950384,576.,2166.12277733934));
#14679=CARTESIAN_POINT('',(137.950384,576.,2166.12277733934));
#14680=CARTESIAN_POINT('',(137.950384,576.,2187.76925733934));
#14681=CARTESIAN_POINT('',(137.950384,630.,2166.12277733934));
#14682=CARTESIAN_POINT('',(156.950384,630.,2166.12277733934));
#14683=CARTESIAN_POINT('',(156.950384,630.,2196.93963733934));
#14684=CARTESIAN_POINT('',(146.950384,630.,2187.76925733934));
#14685=CARTESIAN_POINT('',(146.950384,630.,2196.93963733934));
#14686=CARTESIAN_POINT('',(156.950384,630.,2196.93963733934));
#14687=CARTESIAN_POINT('',(156.950384,630.,2166.12277733934));
#14688=CARTESIAN_POINT('',(137.950384,630.,2166.12277733934));
#14689=CARTESIAN_POINT('',(137.950384,630.,2187.76925733934));
#14690=CARTESIAN_POINT('',(146.950384,608.,2187.76925733934));
#14691=CARTESIAN_POINT('',(146.950384,608.,2196.93963733934));
#14692=CARTESIAN_POINT('',(156.950384,608.,2196.93963733934));
#14693=CARTESIAN_POINT('',(156.950384,608.,2166.12277733934));
#14694=CARTESIAN_POINT('',(137.950384,608.,2166.12277733934));
#14695=CARTESIAN_POINT('',(137.950384,608.,2187.76925733934));
#14696=CARTESIAN_POINT('',(137.950384,1942.,2166.12277733934));
#14697=CARTESIAN_POINT('',(156.950384,1942.,2166.12277733934));
#14698=CARTESIAN_POINT('',(156.950384,1942.,2196.93963733934));
#14699=CARTESIAN_POINT('',(146.950384,1942.,2187.76925733934));
#14700=CARTESIAN_POINT('',(146.950384,1942.,2196.93963733934));
#14701=CARTESIAN_POINT('',(156.950384,1942.,2196.93963733934));
#14702=CARTESIAN_POINT('',(156.950384,1942.,2166.12277733934));
#14703=CARTESIAN_POINT('',(137.950384,1942.,2166.12277733934));
#14704=CARTESIAN_POINT('',(137.950384,1942.,2187.76925733934));
#14705=CARTESIAN_POINT('',(146.950384,1920.,2187.76925733934));
#14706=CARTESIAN_POINT('',(146.950384,1920.,2196.93963733934));
#14707=CARTESIAN_POINT('',(156.950384,1920.,2196.93963733934));
#14708=CARTESIAN_POINT('',(156.950384,1920.,2166.12277733934));
#14709=CARTESIAN_POINT('',(137.950384,1920.,2166.12277733934));
#14710=CARTESIAN_POINT('',(137.950384,1920.,2187.76925733934));
#14711=CARTESIAN_POINT('',(137.950384,662.,2166.12277733934));
#14712=CARTESIAN_POINT('',(156.950384,662.,2166.12277733934));
#14713=CARTESIAN_POINT('',(156.950384,662.,2196.93963733934));
#14714=CARTESIAN_POINT('',(146.950384,662.,2187.76925733934));
#14715=CARTESIAN_POINT('',(146.950384,662.,2196.93963733934));
#14716=CARTESIAN_POINT('',(156.950384,662.,2196.93963733934));
#14717=CARTESIAN_POINT('',(156.950384,662.,2166.12277733934));
#14718=CARTESIAN_POINT('',(137.950384,662.,2166.12277733934));
#14719=CARTESIAN_POINT('',(137.950384,662.,2187.76925733934));
#14720=CARTESIAN_POINT('',(146.950384,640.,2187.76925733934));
#14721=CARTESIAN_POINT('',(146.950384,640.,2196.93963733934));
#14722=CARTESIAN_POINT('',(156.950384,640.,2196.93963733934));
#14723=CARTESIAN_POINT('',(156.950384,640.,2166.12277733934));
#14724=CARTESIAN_POINT('',(137.950384,640.,2166.12277733934));
#14725=CARTESIAN_POINT('',(137.950384,640.,2187.76925733934));
#14726=CARTESIAN_POINT('',(137.950384,694.,2166.12277733934));
#14727=CARTESIAN_POINT('',(156.950384,694.,2166.12277733934));
#14728=CARTESIAN_POINT('',(156.950384,694.,2196.93963733934));
#14729=CARTESIAN_POINT('',(146.950384,694.,2187.76925733934));
#14730=CARTESIAN_POINT('',(146.950384,694.,2196.93963733934));
#14731=CARTESIAN_POINT('',(156.950384,694.,2196.93963733934));
#14732=CARTESIAN_POINT('',(156.950384,694.,2166.12277733934));
#14733=CARTESIAN_POINT('',(137.950384,694.,2166.12277733934));
#14734=CARTESIAN_POINT('',(137.950384,694.,2187.76925733934));
#14735=CARTESIAN_POINT('',(146.950384,672.,2187.76925733934));
#14736=CARTESIAN_POINT('',(146.950384,672.,2196.93963733934));
#14737=CARTESIAN_POINT('',(156.950384,672.,2196.93963733934));
#14738=CARTESIAN_POINT('',(156.950384,672.,2166.12277733934));
#14739=CARTESIAN_POINT('',(137.950384,672.,2166.12277733934));
#14740=CARTESIAN_POINT('',(137.950384,672.,2187.76925733934));
#14741=CARTESIAN_POINT('',(137.950384,1974.,2166.12277733934));
#14742=CARTESIAN_POINT('',(156.950384,1974.,2166.12277733934));
#14743=CARTESIAN_POINT('',(156.950384,1974.,2196.93963733934));
#14744=CARTESIAN_POINT('',(146.950384,1974.,2187.76925733934));
#14745=CARTESIAN_POINT('',(146.950384,1974.,2196.93963733934));
#14746=CARTESIAN_POINT('',(156.950384,1974.,2196.93963733934));
#14747=CARTESIAN_POINT('',(156.950384,1974.,2166.12277733934));
#14748=CARTESIAN_POINT('',(137.950384,1974.,2166.12277733934));
#14749=CARTESIAN_POINT('',(137.950384,1974.,2187.76925733934));
#14750=CARTESIAN_POINT('',(146.950384,1952.,2187.76925733934));
#14751=CARTESIAN_POINT('',(146.950384,1952.,2196.93963733934));
#14752=CARTESIAN_POINT('',(156.950384,1952.,2196.93963733934));
#14753=CARTESIAN_POINT('',(156.950384,1952.,2166.12277733934));
#14754=CARTESIAN_POINT('',(137.950384,1952.,2166.12277733934));
#14755=CARTESIAN_POINT('',(137.950384,1952.,2187.76925733934));
#14756=CARTESIAN_POINT('',(137.950384,726.,2166.12277733934));
#14757=CARTESIAN_POINT('',(156.950384,726.,2166.12277733934));
#14758=CARTESIAN_POINT('',(156.950384,726.,2196.93963733934));
#14759=CARTESIAN_POINT('',(146.950384,726.,2187.76925733934));
#14760=CARTESIAN_POINT('',(146.950384,726.,2196.93963733934));
#14761=CARTESIAN_POINT('',(156.950384,726.,2196.93963733934));
#14762=CARTESIAN_POINT('',(156.950384,726.,2166.12277733934));
#14763=CARTESIAN_POINT('',(137.950384,726.,2166.12277733934));
#14764=CARTESIAN_POINT('',(137.950384,726.,2187.76925733934));
#14765=CARTESIAN_POINT('',(146.950384,704.,2187.76925733934));
#14766=CARTESIAN_POINT('',(146.950384,704.,2196.93963733934));
#14767=CARTESIAN_POINT('',(156.950384,704.,2196.93963733934));
#14768=CARTESIAN_POINT('',(156.950384,704.,2166.12277733934));
#14769=CARTESIAN_POINT('',(137.950384,704.,2166.12277733934));
#14770=CARTESIAN_POINT('',(137.950384,704.,2187.76925733934));
#14771=CARTESIAN_POINT('',(137.950384,758.,2166.12277733934));
#14772=CARTESIAN_POINT('',(156.950384,758.,2166.12277733934));
#14773=CARTESIAN_POINT('',(156.950384,758.,2196.93963733934));
#14774=CARTESIAN_POINT('',(146.950384,758.,2187.76925733934));
#14775=CARTESIAN_POINT('',(146.950384,758.,2196.93963733934));
#14776=CARTESIAN_POINT('',(156.950384,758.,2196.93963733934));
#14777=CARTESIAN_POINT('',(156.950384,758.,2166.12277733934));
#14778=CARTESIAN_POINT('',(137.950384,758.,2166.12277733934));
#14779=CARTESIAN_POINT('',(137.950384,758.,2187.76925733934));
#14780=CARTESIAN_POINT('',(146.950384,736.,2187.76925733934));
#14781=CARTESIAN_POINT('',(146.950384,736.,2196.93963733934));
#14782=CARTESIAN_POINT('',(156.950384,736.,2196.93963733934));
#14783=CARTESIAN_POINT('',(156.950384,736.,2166.12277733934));
#14784=CARTESIAN_POINT('',(137.950384,736.,2166.12277733934));
#14785=CARTESIAN_POINT('',(137.950384,736.,2187.76925733934));
#14786=CARTESIAN_POINT('',(137.950384,790.,2166.12277733934));
#14787=CARTESIAN_POINT('',(156.950384,790.,2166.12277733934));
#14788=CARTESIAN_POINT('',(156.950384,790.,2196.93963733934));
#14789=CARTESIAN_POINT('',(146.950384,790.,2187.76925733934));
#14790=CARTESIAN_POINT('',(146.950384,790.,2196.93963733934));
#14791=CARTESIAN_POINT('',(156.950384,790.,2196.93963733934));
#14792=CARTESIAN_POINT('',(156.950384,790.,2166.12277733934));
#14793=CARTESIAN_POINT('',(137.950384,790.,2166.12277733934));
#14794=CARTESIAN_POINT('',(137.950384,790.,2187.76925733934));
#14795=CARTESIAN_POINT('',(146.950384,768.,2187.76925733934));
#14796=CARTESIAN_POINT('',(146.950384,768.,2196.93963733934));
#14797=CARTESIAN_POINT('',(156.950384,768.,2196.93963733934));
#14798=CARTESIAN_POINT('',(156.950384,768.,2166.12277733934));
#14799=CARTESIAN_POINT('',(137.950384,768.,2166.12277733934));
#14800=CARTESIAN_POINT('',(137.950384,768.,2187.76925733934));
#14801=CARTESIAN_POINT('',(137.950384,982.,2166.12277733934));
#14802=CARTESIAN_POINT('',(156.950384,982.,2166.12277733934));
#14803=CARTESIAN_POINT('',(156.950384,982.,2196.93963733934));
#14804=CARTESIAN_POINT('',(146.950384,982.,2187.76925733934));
#14805=CARTESIAN_POINT('',(146.950384,982.,2196.93963733934));
#14806=CARTESIAN_POINT('',(156.950384,982.,2196.93963733934));
#14807=CARTESIAN_POINT('',(156.950384,982.,2166.12277733934));
#14808=CARTESIAN_POINT('',(137.950384,982.,2166.12277733934));
#14809=CARTESIAN_POINT('',(137.950384,982.,2187.76925733934));
#14810=CARTESIAN_POINT('',(146.950384,960.,2187.76925733934));
#14811=CARTESIAN_POINT('',(146.950384,960.,2196.93963733934));
#14812=CARTESIAN_POINT('',(156.950384,960.,2196.93963733934));
#14813=CARTESIAN_POINT('',(156.950384,960.,2166.12277733934));
#14814=CARTESIAN_POINT('',(137.950384,960.,2166.12277733934));
#14815=CARTESIAN_POINT('',(137.950384,960.,2187.76925733934));
#14816=CARTESIAN_POINT('',(137.950384,1014.,2166.12277733934));
#14817=CARTESIAN_POINT('',(156.950384,1014.,2166.12277733934));
#14818=CARTESIAN_POINT('',(156.950384,1014.,2196.93963733934));
#14819=CARTESIAN_POINT('',(146.950384,1014.,2187.76925733934));
#14820=CARTESIAN_POINT('',(146.950384,1014.,2196.93963733934));
#14821=CARTESIAN_POINT('',(156.950384,1014.,2196.93963733934));
#14822=CARTESIAN_POINT('',(156.950384,1014.,2166.12277733934));
#14823=CARTESIAN_POINT('',(137.950384,1014.,2166.12277733934));
#14824=CARTESIAN_POINT('',(137.950384,1014.,2187.76925733934));
#14825=CARTESIAN_POINT('',(146.950384,992.,2187.76925733934));
#14826=CARTESIAN_POINT('',(146.950384,992.,2196.93963733934));
#14827=CARTESIAN_POINT('',(156.950384,992.,2196.93963733934));
#14828=CARTESIAN_POINT('',(156.950384,992.,2166.12277733934));
#14829=CARTESIAN_POINT('',(137.950384,992.,2166.12277733934));
#14830=CARTESIAN_POINT('',(137.950384,992.,2187.76925733934));
#14831=CARTESIAN_POINT('',(137.950384,1046.,2166.12277733934));
#14832=CARTESIAN_POINT('',(156.950384,1046.,2166.12277733934));
#14833=CARTESIAN_POINT('',(156.950384,1046.,2196.93963733934));
#14834=CARTESIAN_POINT('',(146.950384,1046.,2187.76925733934));
#14835=CARTESIAN_POINT('',(146.950384,1046.,2196.93963733934));
#14836=CARTESIAN_POINT('',(156.950384,1046.,2196.93963733934));
#14837=CARTESIAN_POINT('',(156.950384,1046.,2166.12277733934));
#14838=CARTESIAN_POINT('',(137.950384,1046.,2166.12277733934));
#14839=CARTESIAN_POINT('',(137.950384,1046.,2187.76925733934));
#14840=CARTESIAN_POINT('',(146.950384,1024.,2187.76925733934));
#14841=CARTESIAN_POINT('',(146.950384,1024.,2196.93963733934));
#14842=CARTESIAN_POINT('',(156.950384,1024.,2196.93963733934));
#14843=CARTESIAN_POINT('',(156.950384,1024.,2166.12277733934));
#14844=CARTESIAN_POINT('',(137.950384,1024.,2166.12277733934));
#14845=CARTESIAN_POINT('',(137.950384,1024.,2187.76925733934));
#14846=CARTESIAN_POINT('',(137.950384,1078.,2166.12277733934));
#14847=CARTESIAN_POINT('',(156.950384,1078.,2166.12277733934));
#14848=CARTESIAN_POINT('',(156.950384,1078.,2196.93963733934));
#14849=CARTESIAN_POINT('',(146.950384,1078.,2187.76925733934));
#14850=CARTESIAN_POINT('',(146.950384,1078.,2196.93963733934));
#14851=CARTESIAN_POINT('',(156.950384,1078.,2196.93963733934));
#14852=CARTESIAN_POINT('',(156.950384,1078.,2166.12277733934));
#14853=CARTESIAN_POINT('',(137.950384,1078.,2166.12277733934));
#14854=CARTESIAN_POINT('',(137.950384,1078.,2187.76925733934));
#14855=CARTESIAN_POINT('',(146.950384,1056.,2187.76925733934));
#14856=CARTESIAN_POINT('',(146.950384,1056.,2196.93963733934));
#14857=CARTESIAN_POINT('',(156.950384,1056.,2196.93963733934));
#14858=CARTESIAN_POINT('',(156.950384,1056.,2166.12277733934));
#14859=CARTESIAN_POINT('',(137.950384,1056.,2166.12277733934));
#14860=CARTESIAN_POINT('',(137.950384,1056.,2187.76925733934));
#14861=CARTESIAN_POINT('',(137.950384,1110.,2166.12277733934));
#14862=CARTESIAN_POINT('',(156.950384,1110.,2166.12277733934));
#14863=CARTESIAN_POINT('',(156.950384,1110.,2196.93963733934));
#14864=CARTESIAN_POINT('',(146.950384,1110.,2187.76925733934));
#14865=CARTESIAN_POINT('',(146.950384,1110.,2196.93963733934));
#14866=CARTESIAN_POINT('',(156.950384,1110.,2196.93963733934));
#14867=CARTESIAN_POINT('',(156.950384,1110.,2166.12277733934));
#14868=CARTESIAN_POINT('',(137.950384,1110.,2166.12277733934));
#14869=CARTESIAN_POINT('',(137.950384,1110.,2187.76925733934));
#14870=CARTESIAN_POINT('',(146.950384,1088.,2187.76925733934));
#14871=CARTESIAN_POINT('',(146.950384,1088.,2196.93963733934));
#14872=CARTESIAN_POINT('',(156.950384,1088.,2196.93963733934));
#14873=CARTESIAN_POINT('',(156.950384,1088.,2166.12277733934));
#14874=CARTESIAN_POINT('',(137.950384,1088.,2166.12277733934));
#14875=CARTESIAN_POINT('',(137.950384,1088.,2187.76925733934));
#14876=CARTESIAN_POINT('',(137.950384,1142.,2166.12277733934));
#14877=CARTESIAN_POINT('',(156.950384,1142.,2166.12277733934));
#14878=CARTESIAN_POINT('',(156.950384,1142.,2196.93963733934));
#14879=CARTESIAN_POINT('',(146.950384,1142.,2187.76925733934));
#14880=CARTESIAN_POINT('',(146.950384,1142.,2196.93963733934));
#14881=CARTESIAN_POINT('',(156.950384,1142.,2196.93963733934));
#14882=CARTESIAN_POINT('',(156.950384,1142.,2166.12277733934));
#14883=CARTESIAN_POINT('',(137.950384,1142.,2166.12277733934));
#14884=CARTESIAN_POINT('',(137.950384,1142.,2187.76925733934));
#14885=CARTESIAN_POINT('',(146.950384,1120.,2187.76925733934));
#14886=CARTESIAN_POINT('',(146.950384,1120.,2196.93963733934));
#14887=CARTESIAN_POINT('',(156.950384,1120.,2196.93963733934));
#14888=CARTESIAN_POINT('',(156.950384,1120.,2166.12277733934));
#14889=CARTESIAN_POINT('',(137.950384,1120.,2166.12277733934));
#14890=CARTESIAN_POINT('',(137.950384,1120.,2187.76925733934));
#14891=CARTESIAN_POINT('',(137.950384,1174.,2166.12277733934));
#14892=CARTESIAN_POINT('',(156.950384,1174.,2166.12277733934));
#14893=CARTESIAN_POINT('',(156.950384,1174.,2196.93963733934));
#14894=CARTESIAN_POINT('',(146.950384,1174.,2187.76925733934));
#14895=CARTESIAN_POINT('',(146.950384,1174.,2196.93963733934));
#14896=CARTESIAN_POINT('',(156.950384,1174.,2196.93963733934));
#14897=CARTESIAN_POINT('',(156.950384,1174.,2166.12277733934));
#14898=CARTESIAN_POINT('',(137.950384,1174.,2166.12277733934));
#14899=CARTESIAN_POINT('',(137.950384,1174.,2187.76925733934));
#14900=CARTESIAN_POINT('',(146.950384,1152.,2187.76925733934));
#14901=CARTESIAN_POINT('',(146.950384,1152.,2196.93963733934));
#14902=CARTESIAN_POINT('',(156.950384,1152.,2196.93963733934));
#14903=CARTESIAN_POINT('',(156.950384,1152.,2166.12277733934));
#14904=CARTESIAN_POINT('',(137.950384,1152.,2166.12277733934));
#14905=CARTESIAN_POINT('',(137.950384,1152.,2187.76925733934));
#14906=CARTESIAN_POINT('',(137.950384,1206.,2166.12277733934));
#14907=CARTESIAN_POINT('',(156.950384,1206.,2166.12277733934));
#14908=CARTESIAN_POINT('',(156.950384,1206.,2196.93963733934));
#14909=CARTESIAN_POINT('',(146.950384,1206.,2187.76925733934));
#14910=CARTESIAN_POINT('',(146.950384,1206.,2196.93963733934));
#14911=CARTESIAN_POINT('',(156.950384,1206.,2196.93963733934));
#14912=CARTESIAN_POINT('',(156.950384,1206.,2166.12277733934));
#14913=CARTESIAN_POINT('',(137.950384,1206.,2166.12277733934));
#14914=CARTESIAN_POINT('',(137.950384,1206.,2187.76925733934));
#14915=CARTESIAN_POINT('',(146.950384,1184.,2187.76925733934));
#14916=CARTESIAN_POINT('',(146.950384,1184.,2196.93963733934));
#14917=CARTESIAN_POINT('',(156.950384,1184.,2196.93963733934));
#14918=CARTESIAN_POINT('',(156.950384,1184.,2166.12277733934));
#14919=CARTESIAN_POINT('',(137.950384,1184.,2166.12277733934));
#14920=CARTESIAN_POINT('',(137.950384,1184.,2187.76925733934));
#14921=CARTESIAN_POINT('',(137.950384,1238.,2166.12277733934));
#14922=CARTESIAN_POINT('',(156.950384,1238.,2166.12277733934));
#14923=CARTESIAN_POINT('',(156.950384,1238.,2196.93963733934));
#14924=CARTESIAN_POINT('',(146.950384,1238.,2187.76925733934));
#14925=CARTESIAN_POINT('',(146.950384,1238.,2196.93963733934));
#14926=CARTESIAN_POINT('',(156.950384,1238.,2196.93963733934));
#14927=CARTESIAN_POINT('',(156.950384,1238.,2166.12277733934));
#14928=CARTESIAN_POINT('',(137.950384,1238.,2166.12277733934));
#14929=CARTESIAN_POINT('',(137.950384,1238.,2187.76925733934));
#14930=CARTESIAN_POINT('',(146.950384,1216.,2187.76925733934));
#14931=CARTESIAN_POINT('',(146.950384,1216.,2196.93963733934));
#14932=CARTESIAN_POINT('',(156.950384,1216.,2196.93963733934));
#14933=CARTESIAN_POINT('',(156.950384,1216.,2166.12277733934));
#14934=CARTESIAN_POINT('',(137.950384,1216.,2166.12277733934));
#14935=CARTESIAN_POINT('',(137.950384,1216.,2187.76925733934));
#14936=CARTESIAN_POINT('',(137.950384,1270.,2166.12277733934));
#14937=CARTESIAN_POINT('',(156.950384,1270.,2166.12277733934));
#14938=CARTESIAN_POINT('',(156.950384,1270.,2196.93963733934));
#14939=CARTESIAN_POINT('',(146.950384,1270.,2187.76925733934));
#14940=CARTESIAN_POINT('',(146.950384,1270.,2196.93963733934));
#14941=CARTESIAN_POINT('',(156.950384,1270.,2196.93963733934));
#14942=CARTESIAN_POINT('',(156.950384,1270.,2166.12277733934));
#14943=CARTESIAN_POINT('',(137.950384,1270.,2166.12277733934));
#14944=CARTESIAN_POINT('',(137.950384,1270.,2187.76925733934));
#14945=CARTESIAN_POINT('',(146.950384,1248.,2187.76925733934));
#14946=CARTESIAN_POINT('',(146.950384,1248.,2196.93963733934));
#14947=CARTESIAN_POINT('',(156.950384,1248.,2196.93963733934));
#14948=CARTESIAN_POINT('',(156.950384,1248.,2166.12277733934));
#14949=CARTESIAN_POINT('',(137.950384,1248.,2166.12277733934));
#14950=CARTESIAN_POINT('',(137.950384,1248.,2187.76925733934));
#14951=CARTESIAN_POINT('',(137.950384,1302.,2166.12277733934));
#14952=CARTESIAN_POINT('',(156.950384,1302.,2166.12277733934));
#14953=CARTESIAN_POINT('',(156.950384,1302.,2196.93963733934));
#14954=CARTESIAN_POINT('',(146.950384,1302.,2187.76925733934));
#14955=CARTESIAN_POINT('',(146.950384,1302.,2196.93963733934));
#14956=CARTESIAN_POINT('',(156.950384,1302.,2196.93963733934));
#14957=CARTESIAN_POINT('',(156.950384,1302.,2166.12277733934));
#14958=CARTESIAN_POINT('',(137.950384,1302.,2166.12277733934));
#14959=CARTESIAN_POINT('',(137.950384,1302.,2187.76925733934));
#14960=CARTESIAN_POINT('',(146.950384,1280.,2187.76925733934));
#14961=CARTESIAN_POINT('',(146.950384,1280.,2196.93963733934));
#14962=CARTESIAN_POINT('',(156.950384,1280.,2196.93963733934));
#14963=CARTESIAN_POINT('',(156.950384,1280.,2166.12277733934));
#14964=CARTESIAN_POINT('',(137.950384,1280.,2166.12277733934));
#14965=CARTESIAN_POINT('',(137.950384,1280.,2187.76925733934));
#14966=CARTESIAN_POINT('',(137.950384,1334.,2166.12277733934));
#14967=CARTESIAN_POINT('',(156.950384,1334.,2166.12277733934));
#14968=CARTESIAN_POINT('',(156.950384,1334.,2196.93963733934));
#14969=CARTESIAN_POINT('',(146.950384,1334.,2187.76925733934));
#14970=CARTESIAN_POINT('',(146.950384,1334.,2196.93963733934));
#14971=CARTESIAN_POINT('',(156.950384,1334.,2196.93963733934));
#14972=CARTESIAN_POINT('',(156.950384,1334.,2166.12277733934));
#14973=CARTESIAN_POINT('',(137.950384,1334.,2166.12277733934));
#14974=CARTESIAN_POINT('',(137.950384,1334.,2187.76925733934));
#14975=CARTESIAN_POINT('',(146.950384,1312.,2187.76925733934));
#14976=CARTESIAN_POINT('',(146.950384,1312.,2196.93963733934));
#14977=CARTESIAN_POINT('',(156.950384,1312.,2196.93963733934));
#14978=CARTESIAN_POINT('',(156.950384,1312.,2166.12277733934));
#14979=CARTESIAN_POINT('',(137.950384,1312.,2166.12277733934));
#14980=CARTESIAN_POINT('',(137.950384,1312.,2187.76925733934));
#14981=CARTESIAN_POINT('',(137.950384,1366.,2166.12277733934));
#14982=CARTESIAN_POINT('',(156.950384,1366.,2166.12277733934));
#14983=CARTESIAN_POINT('',(156.950384,1366.,2196.93963733934));
#14984=CARTESIAN_POINT('',(146.950384,1366.,2187.76925733934));
#14985=CARTESIAN_POINT('',(146.950384,1366.,2196.93963733934));
#14986=CARTESIAN_POINT('',(156.950384,1366.,2196.93963733934));
#14987=CARTESIAN_POINT('',(156.950384,1366.,2166.12277733934));
#14988=CARTESIAN_POINT('',(137.950384,1366.,2166.12277733934));
#14989=CARTESIAN_POINT('',(137.950384,1366.,2187.76925733934));
#14990=CARTESIAN_POINT('',(146.950384,1344.,2187.76925733934));
#14991=CARTESIAN_POINT('',(146.950384,1344.,2196.93963733934));
#14992=CARTESIAN_POINT('',(156.950384,1344.,2196.93963733934));
#14993=CARTESIAN_POINT('',(156.950384,1344.,2166.12277733934));
#14994=CARTESIAN_POINT('',(137.950384,1344.,2166.12277733934));
#14995=CARTESIAN_POINT('',(137.950384,1344.,2187.76925733934));
#14996=CARTESIAN_POINT('',(137.950384,1398.,2166.12277733934));
#14997=CARTESIAN_POINT('',(156.950384,1398.,2166.12277733934));
#14998=CARTESIAN_POINT('',(156.950384,1398.,2196.93963733934));
#14999=CARTESIAN_POINT('',(146.950384,1398.,2187.76925733934));
#15000=CARTESIAN_POINT('',(146.950384,1398.,2196.93963733934));
#15001=CARTESIAN_POINT('',(156.950384,1398.,2196.93963733934));
#15002=CARTESIAN_POINT('',(156.950384,1398.,2166.12277733934));
#15003=CARTESIAN_POINT('',(137.950384,1398.,2166.12277733934));
#15004=CARTESIAN_POINT('',(137.950384,1398.,2187.76925733934));
#15005=CARTESIAN_POINT('',(146.950384,1376.,2187.76925733934));
#15006=CARTESIAN_POINT('',(146.950384,1376.,2196.93963733934));
#15007=CARTESIAN_POINT('',(156.950384,1376.,2196.93963733934));
#15008=CARTESIAN_POINT('',(156.950384,1376.,2166.12277733934));
#15009=CARTESIAN_POINT('',(137.950384,1376.,2166.12277733934));
#15010=CARTESIAN_POINT('',(137.950384,1376.,2187.76925733934));
#15011=CARTESIAN_POINT('',(137.950384,1430.,2166.12277733934));
#15012=CARTESIAN_POINT('',(156.950384,1430.,2166.12277733934));
#15013=CARTESIAN_POINT('',(156.950384,1430.,2196.93963733934));
#15014=CARTESIAN_POINT('',(146.950384,1430.,2187.76925733934));
#15015=CARTESIAN_POINT('',(146.950384,1430.,2196.93963733934));
#15016=CARTESIAN_POINT('',(156.950384,1430.,2196.93963733934));
#15017=CARTESIAN_POINT('',(156.950384,1430.,2166.12277733934));
#15018=CARTESIAN_POINT('',(137.950384,1430.,2166.12277733934));
#15019=CARTESIAN_POINT('',(137.950384,1430.,2187.76925733934));
#15020=CARTESIAN_POINT('',(146.950384,1408.,2187.76925733934));
#15021=CARTESIAN_POINT('',(146.950384,1408.,2196.93963733934));
#15022=CARTESIAN_POINT('',(156.950384,1408.,2196.93963733934));
#15023=CARTESIAN_POINT('',(156.950384,1408.,2166.12277733934));
#15024=CARTESIAN_POINT('',(137.950384,1408.,2166.12277733934));
#15025=CARTESIAN_POINT('',(137.950384,1408.,2187.76925733934));
#15026=CARTESIAN_POINT('',(137.950384,1462.,2166.12277733934));
#15027=CARTESIAN_POINT('',(156.950384,1462.,2166.12277733934));
#15028=CARTESIAN_POINT('',(156.950384,1462.,2196.93963733934));
#15029=CARTESIAN_POINT('',(146.950384,1462.,2187.76925733934));
#15030=CARTESIAN_POINT('',(146.950384,1462.,2196.93963733934));
#15031=CARTESIAN_POINT('',(156.950384,1462.,2196.93963733934));
#15032=CARTESIAN_POINT('',(156.950384,1462.,2166.12277733934));
#15033=CARTESIAN_POINT('',(137.950384,1462.,2166.12277733934));
#15034=CARTESIAN_POINT('',(137.950384,1462.,2187.76925733934));
#15035=CARTESIAN_POINT('',(146.950384,1440.,2187.76925733934));
#15036=CARTESIAN_POINT('',(146.950384,1440.,2196.93963733934));
#15037=CARTESIAN_POINT('',(156.950384,1440.,2196.93963733934));
#15038=CARTESIAN_POINT('',(156.950384,1440.,2166.12277733934));
#15039=CARTESIAN_POINT('',(137.950384,1440.,2166.12277733934));
#15040=CARTESIAN_POINT('',(137.950384,1440.,2187.76925733934));
#15041=CARTESIAN_POINT('',(137.950384,1494.,2166.12277733934));
#15042=CARTESIAN_POINT('',(156.950384,1494.,2166.12277733934));
#15043=CARTESIAN_POINT('',(156.950384,1494.,2196.93963733934));
#15044=CARTESIAN_POINT('',(146.950384,1494.,2187.76925733934));
#15045=CARTESIAN_POINT('',(146.950384,1494.,2196.93963733934));
#15046=CARTESIAN_POINT('',(156.950384,1494.,2196.93963733934));
#15047=CARTESIAN_POINT('',(156.950384,1494.,2166.12277733934));
#15048=CARTESIAN_POINT('',(137.950384,1494.,2166.12277733934));
#15049=CARTESIAN_POINT('',(137.950384,1494.,2187.76925733934));
#15050=CARTESIAN_POINT('',(146.950384,1472.,2187.76925733934));
#15051=CARTESIAN_POINT('',(146.950384,1472.,2196.93963733934));
#15052=CARTESIAN_POINT('',(156.950384,1472.,2196.93963733934));
#15053=CARTESIAN_POINT('',(156.950384,1472.,2166.12277733934));
#15054=CARTESIAN_POINT('',(137.950384,1472.,2166.12277733934));
#15055=CARTESIAN_POINT('',(137.950384,1472.,2187.76925733934));
#15056=CARTESIAN_POINT('',(137.950384,1526.,2166.12277733934));
#15057=CARTESIAN_POINT('',(156.950384,1526.,2166.12277733934));
#15058=CARTESIAN_POINT('',(156.950384,1526.,2196.93963733934));
#15059=CARTESIAN_POINT('',(146.950384,1526.,2187.76925733934));
#15060=CARTESIAN_POINT('',(146.950384,1526.,2196.93963733934));
#15061=CARTESIAN_POINT('',(156.950384,1526.,2196.93963733934));
#15062=CARTESIAN_POINT('',(156.950384,1526.,2166.12277733934));
#15063=CARTESIAN_POINT('',(137.950384,1526.,2166.12277733934));
#15064=CARTESIAN_POINT('',(137.950384,1526.,2187.76925733934));
#15065=CARTESIAN_POINT('',(146.950384,1504.,2187.76925733934));
#15066=CARTESIAN_POINT('',(146.950384,1504.,2196.93963733934));
#15067=CARTESIAN_POINT('',(156.950384,1504.,2196.93963733934));
#15068=CARTESIAN_POINT('',(156.950384,1504.,2166.12277733934));
#15069=CARTESIAN_POINT('',(137.950384,1504.,2166.12277733934));
#15070=CARTESIAN_POINT('',(137.950384,1504.,2187.76925733934));
#15071=CARTESIAN_POINT('',(137.950384,1558.,2166.12277733934));
#15072=CARTESIAN_POINT('',(156.950384,1558.,2166.12277733934));
#15073=CARTESIAN_POINT('',(156.950384,1558.,2196.93963733934));
#15074=CARTESIAN_POINT('',(146.950384,1558.,2187.76925733934));
#15075=CARTESIAN_POINT('',(146.950384,1558.,2196.93963733934));
#15076=CARTESIAN_POINT('',(156.950384,1558.,2196.93963733934));
#15077=CARTESIAN_POINT('',(156.950384,1558.,2166.12277733934));
#15078=CARTESIAN_POINT('',(137.950384,1558.,2166.12277733934));
#15079=CARTESIAN_POINT('',(137.950384,1558.,2187.76925733934));
#15080=CARTESIAN_POINT('',(146.950384,1536.,2187.76925733934));
#15081=CARTESIAN_POINT('',(146.950384,1536.,2196.93963733934));
#15082=CARTESIAN_POINT('',(156.950384,1536.,2196.93963733934));
#15083=CARTESIAN_POINT('',(156.950384,1536.,2166.12277733934));
#15084=CARTESIAN_POINT('',(137.950384,1536.,2166.12277733934));
#15085=CARTESIAN_POINT('',(137.950384,1536.,2187.76925733934));
#15086=CARTESIAN_POINT('',(137.950384,1590.,2166.12277733934));
#15087=CARTESIAN_POINT('',(156.950384,1590.,2166.12277733934));
#15088=CARTESIAN_POINT('',(156.950384,1590.,2196.93963733934));
#15089=CARTESIAN_POINT('',(146.950384,1590.,2187.76925733934));
#15090=CARTESIAN_POINT('',(146.950384,1590.,2196.93963733934));
#15091=CARTESIAN_POINT('',(156.950384,1590.,2196.93963733934));
#15092=CARTESIAN_POINT('',(156.950384,1590.,2166.12277733934));
#15093=CARTESIAN_POINT('',(137.950384,1590.,2166.12277733934));
#15094=CARTESIAN_POINT('',(137.950384,1590.,2187.76925733934));
#15095=CARTESIAN_POINT('',(146.950384,1568.,2187.76925733934));
#15096=CARTESIAN_POINT('',(146.950384,1568.,2196.93963733934));
#15097=CARTESIAN_POINT('',(156.950384,1568.,2196.93963733934));
#15098=CARTESIAN_POINT('',(156.950384,1568.,2166.12277733934));
#15099=CARTESIAN_POINT('',(137.950384,1568.,2166.12277733934));
#15100=CARTESIAN_POINT('',(137.950384,1568.,2187.76925733934));
#15101=CARTESIAN_POINT('',(137.950384,22.,2166.12277733934));
#15102=CARTESIAN_POINT('',(156.950384,22.,2166.12277733934));
#15103=CARTESIAN_POINT('',(156.950384,22.,2196.93963733934));
#15104=CARTESIAN_POINT('',(146.950384,22.,2187.76925733934));
#15105=CARTESIAN_POINT('',(146.950384,22.,2196.93963733934));
#15106=CARTESIAN_POINT('',(156.950384,22.,2196.93963733934));
#15107=CARTESIAN_POINT('',(156.950384,22.,2166.12277733934));
#15108=CARTESIAN_POINT('',(137.950384,22.,2166.12277733934));
#15109=CARTESIAN_POINT('',(137.950384,22.,2187.76925733934));
#15110=CARTESIAN_POINT('',(156.950384,0.,2166.12277733934));
#15111=CARTESIAN_POINT('',(137.950384,0.,2166.12277733934));
#15112=CARTESIAN_POINT('',(137.950384,1984.,2166.12277733934));
#15113=CARTESIAN_POINT('',(137.950384,1984.,2187.76925733934));
#15114=CARTESIAN_POINT('',(146.950384,1984.,2187.76925733934));
#15115=CARTESIAN_POINT('',(146.950384,1984.,2196.93963733934));
#15116=CARTESIAN_POINT('',(137.950384,1984.,2166.12277733934));
#15117=CARTESIAN_POINT('',(137.950384,1984.,2187.76925733934));
#15118=CARTESIAN_POINT('',(146.950384,1984.,2187.76925733934));
#15119=CARTESIAN_POINT('',(146.950384,1984.,2196.93963733934));
#15120=CARTESIAN_POINT('',(137.950384,1984.,2166.12277733934));
#15121=CARTESIAN_POINT('',(137.950384,1984.,2187.76925733934));
#15122=CARTESIAN_POINT('',(146.950384,1984.,2187.76925733934));
#15123=CARTESIAN_POINT('',(146.950384,1984.,2196.93963733934));
#15124=CARTESIAN_POINT('',(137.950384,1984.,2166.12277733934));
#15125=CARTESIAN_POINT('',(137.950384,1984.,2187.76925733934));
#15126=CARTESIAN_POINT('',(146.950384,1984.,2187.76925733934));
#15127=CARTESIAN_POINT('',(146.950384,1984.,2196.93963733934));
#15128=CARTESIAN_POINT('',(137.950384,1984.,2166.12277733934));
#15129=CARTESIAN_POINT('',(137.950384,1984.,2187.76925733934));
#15130=CARTESIAN_POINT('',(146.950384,1984.,2187.76925733934));
#15131=CARTESIAN_POINT('',(146.950384,1984.,2196.93963733934));
#15132=CARTESIAN_POINT('',(137.950384,1984.,2166.12277733934));
#15133=CARTESIAN_POINT('',(137.950384,1984.,2187.76925733934));
#15134=CARTESIAN_POINT('',(146.950384,1984.,2187.76925733934));
#15135=CARTESIAN_POINT('',(146.950384,1984.,2196.93963733934));
#15136=CARTESIAN_POINT('',(137.950384,1984.,2166.12277733934));
#15137=CARTESIAN_POINT('',(137.950384,1984.,2187.76925733934));
#15138=CARTESIAN_POINT('',(146.950384,1984.,2187.76925733934));
#15139=CARTESIAN_POINT('',(146.950384,1984.,2196.93963733934));
#15140=CARTESIAN_POINT('',(137.950384,1984.,2166.12277733934));
#15141=CARTESIAN_POINT('',(137.950384,1984.,2187.76925733934));
#15142=CARTESIAN_POINT('',(146.950384,1984.,2187.76925733934));
#15143=CARTESIAN_POINT('',(146.950384,1984.,2196.93963733934));
#15144=CARTESIAN_POINT('',(137.950384,1984.,2166.12277733934));
#15145=CARTESIAN_POINT('',(137.950384,1984.,2187.76925733934));
#15146=CARTESIAN_POINT('',(146.950384,1984.,2187.76925733934));
#15147=CARTESIAN_POINT('',(146.950384,1984.,2196.93963733934));
#15148=CARTESIAN_POINT('',(137.950384,1984.,2166.12277733934));
#15149=CARTESIAN_POINT('',(137.950384,1984.,2187.76925733934));
#15150=CARTESIAN_POINT('',(146.950384,1984.,2187.76925733934));
#15151=CARTESIAN_POINT('',(146.950384,1984.,2196.93963733934));
#15152=CARTESIAN_POINT('',(137.950384,1984.,2166.12277733934));
#15153=CARTESIAN_POINT('',(137.950384,1984.,2187.76925733934));
#15154=CARTESIAN_POINT('',(146.950384,1984.,2187.76925733934));
#15155=CARTESIAN_POINT('',(146.950384,1984.,2196.93963733934));
#15156=CARTESIAN_POINT('',(137.950384,1984.,2166.12277733934));
#15157=CARTESIAN_POINT('',(137.950384,1984.,2187.76925733934));
#15158=CARTESIAN_POINT('',(146.950384,1984.,2187.76925733934));
#15159=CARTESIAN_POINT('',(146.950384,1984.,2196.93963733934));
#15160=CARTESIAN_POINT('',(137.950384,1984.,2166.12277733934));
#15161=CARTESIAN_POINT('',(137.950384,1984.,2187.76925733934));
#15162=CARTESIAN_POINT('',(146.950384,1984.,2187.76925733934));
#15163=CARTESIAN_POINT('',(146.950384,1984.,2196.93963733934));
#15164=CARTESIAN_POINT('',(137.950384,1984.,2166.12277733934));
#15165=CARTESIAN_POINT('',(137.950384,1984.,2187.76925733934));
#15166=CARTESIAN_POINT('',(146.950384,1984.,2187.76925733934));
#15167=CARTESIAN_POINT('',(146.950384,1984.,2196.93963733934));
#15168=CARTESIAN_POINT('',(137.950384,1984.,2166.12277733934));
#15169=CARTESIAN_POINT('',(137.950384,1984.,2187.76925733934));
#15170=CARTESIAN_POINT('',(146.950384,1984.,2187.76925733934));
#15171=CARTESIAN_POINT('',(146.950384,1984.,2196.93963733934));
#15172=CARTESIAN_POINT('',(137.950384,1984.,2166.12277733934));
#15173=CARTESIAN_POINT('',(137.950384,1984.,2187.76925733934));
#15174=CARTESIAN_POINT('',(146.950384,1984.,2187.76925733934));
#15175=CARTESIAN_POINT('',(146.950384,1984.,2196.93963733934));
#15176=CARTESIAN_POINT('',(137.950384,1984.,2166.12277733934));
#15177=CARTESIAN_POINT('',(137.950384,1984.,2187.76925733934));
#15178=CARTESIAN_POINT('',(146.950384,1984.,2187.76925733934));
#15179=CARTESIAN_POINT('',(146.950384,1984.,2196.93963733934));
#15180=CARTESIAN_POINT('',(137.950384,1984.,2166.12277733934));
#15181=CARTESIAN_POINT('',(137.950384,1984.,2187.76925733934));
#15182=CARTESIAN_POINT('',(146.950384,1984.,2187.76925733934));
#15183=CARTESIAN_POINT('',(146.950384,1984.,2196.93963733934));
#15184=CARTESIAN_POINT('',(137.950384,1984.,2166.12277733934));
#15185=CARTESIAN_POINT('',(137.950384,1984.,2187.76925733934));
#15186=CARTESIAN_POINT('',(146.950384,1984.,2187.76925733934));
#15187=CARTESIAN_POINT('',(146.950384,1984.,2196.93963733934));
#15188=CARTESIAN_POINT('',(137.950384,1984.,2166.12277733934));
#15189=CARTESIAN_POINT('',(137.950384,1984.,2187.76925733934));
#15190=CARTESIAN_POINT('',(146.950384,1984.,2187.76925733934));
#15191=CARTESIAN_POINT('',(146.950384,1984.,2196.93963733934));
#15192=CARTESIAN_POINT('',(137.950384,1984.,2166.12277733934));
#15193=CARTESIAN_POINT('',(137.950384,1984.,2187.76925733934));
#15194=CARTESIAN_POINT('',(146.950384,1984.,2187.76925733934));
#15195=CARTESIAN_POINT('',(146.950384,1984.,2196.93963733934));
#15196=CARTESIAN_POINT('',(137.950384,1984.,2166.12277733934));
#15197=CARTESIAN_POINT('',(137.950384,1984.,2187.76925733934));
#15198=CARTESIAN_POINT('',(146.950384,1984.,2187.76925733934));
#15199=CARTESIAN_POINT('',(146.950384,1984.,2196.93963733934));
#15200=CARTESIAN_POINT('',(137.950384,1984.,2166.12277733934));
#15201=CARTESIAN_POINT('',(137.950384,1984.,2187.76925733934));
#15202=CARTESIAN_POINT('',(146.950384,1984.,2187.76925733934));
#15203=CARTESIAN_POINT('',(146.950384,1984.,2196.93963733934));
#15204=CARTESIAN_POINT('',(137.950384,1984.,2166.12277733934));
#15205=CARTESIAN_POINT('',(137.950384,1984.,2187.76925733934));
#15206=CARTESIAN_POINT('',(146.950384,1984.,2187.76925733934));
#15207=CARTESIAN_POINT('',(146.950384,1984.,2196.93963733934));
#15208=CARTESIAN_POINT('',(137.950384,1984.,2166.12277733934));
#15209=CARTESIAN_POINT('',(137.950384,1984.,2187.76925733934));
#15210=CARTESIAN_POINT('',(146.950384,1984.,2187.76925733934));
#15211=CARTESIAN_POINT('',(146.950384,1984.,2196.93963733934));
#15212=CARTESIAN_POINT('',(137.950384,1984.,2166.12277733934));
#15213=CARTESIAN_POINT('',(137.950384,1984.,2187.76925733934));
#15214=CARTESIAN_POINT('',(146.950384,1984.,2187.76925733934));
#15215=CARTESIAN_POINT('',(146.950384,1984.,2196.93963733934));
#15216=CARTESIAN_POINT('',(137.950384,1984.,2166.12277733934));
#15217=CARTESIAN_POINT('',(137.950384,1984.,2187.76925733934));
#15218=CARTESIAN_POINT('',(146.950384,1984.,2187.76925733934));
#15219=CARTESIAN_POINT('',(146.950384,1984.,2196.93963733934));
#15220=CARTESIAN_POINT('',(137.950384,1984.,2166.12277733934));
#15221=CARTESIAN_POINT('',(137.950384,1984.,2187.76925733934));
#15222=CARTESIAN_POINT('',(146.950384,1984.,2187.76925733934));
#15223=CARTESIAN_POINT('',(146.950384,1984.,2196.93963733934));
#15224=CARTESIAN_POINT('',(137.950384,1984.,2166.12277733934));
#15225=CARTESIAN_POINT('',(137.950384,1984.,2187.76925733934));
#15226=CARTESIAN_POINT('',(146.950384,1984.,2187.76925733934));
#15227=CARTESIAN_POINT('',(146.950384,1984.,2196.93963733934));
#15228=CARTESIAN_POINT('',(137.950384,1984.,2166.12277733934));
#15229=CARTESIAN_POINT('',(137.950384,1984.,2187.76925733934));
#15230=CARTESIAN_POINT('',(146.950384,1984.,2187.76925733934));
#15231=CARTESIAN_POINT('',(146.950384,1984.,2196.93963733934));
#15232=CARTESIAN_POINT('',(137.950384,1984.,2166.12277733934));
#15233=CARTESIAN_POINT('',(137.950384,1984.,2187.76925733934));
#15234=CARTESIAN_POINT('',(146.950384,1984.,2187.76925733934));
#15235=CARTESIAN_POINT('',(146.950384,1984.,2196.93963733934));
#15236=CARTESIAN_POINT('',(137.950384,1984.,2166.12277733934));
#15237=CARTESIAN_POINT('',(137.950384,1984.,2187.76925733934));
#15238=CARTESIAN_POINT('',(146.950384,1984.,2187.76925733934));
#15239=CARTESIAN_POINT('',(146.950384,1984.,2196.93963733934));
#15240=CARTESIAN_POINT('',(137.950384,1984.,2166.12277733934));
#15241=CARTESIAN_POINT('',(137.950384,1984.,2187.76925733934));
#15242=CARTESIAN_POINT('',(146.950384,1984.,2187.76925733934));
#15243=CARTESIAN_POINT('',(146.950384,1984.,2196.93963733934));
#15244=CARTESIAN_POINT('',(137.950384,1984.,2166.12277733934));
#15245=CARTESIAN_POINT('',(137.950384,1984.,2187.76925733934));
#15246=CARTESIAN_POINT('',(146.950384,1984.,2187.76925733934));
#15247=CARTESIAN_POINT('',(146.950384,1984.,2196.93963733934));
#15248=CARTESIAN_POINT('',(137.950384,1984.,2166.12277733934));
#15249=CARTESIAN_POINT('',(137.950384,1984.,2187.76925733934));
#15250=CARTESIAN_POINT('',(146.950384,1984.,2187.76925733934));
#15251=CARTESIAN_POINT('',(146.950384,1984.,2196.93963733934));
#15252=CARTESIAN_POINT('',(137.950384,1984.,2166.12277733934));
#15253=CARTESIAN_POINT('',(137.950384,1984.,2187.76925733934));
#15254=CARTESIAN_POINT('',(146.950384,1984.,2187.76925733934));
#15255=CARTESIAN_POINT('',(146.950384,1984.,2196.93963733934));
#15256=CARTESIAN_POINT('',(137.950384,1984.,2166.12277733934));
#15257=CARTESIAN_POINT('',(137.950384,1984.,2187.76925733934));
#15258=CARTESIAN_POINT('',(146.950384,1984.,2187.76925733934));
#15259=CARTESIAN_POINT('',(146.950384,1984.,2196.93963733934));
#15260=CARTESIAN_POINT('',(137.950384,1984.,2166.12277733934));
#15261=CARTESIAN_POINT('',(137.950384,1984.,2187.76925733934));
#15262=CARTESIAN_POINT('',(146.950384,1984.,2187.76925733934));
#15263=CARTESIAN_POINT('',(146.950384,1984.,2196.93963733934));
#15264=CARTESIAN_POINT('',(137.950384,1984.,2166.12277733934));
#15265=CARTESIAN_POINT('',(137.950384,1984.,2187.76925733934));
#15266=CARTESIAN_POINT('',(146.950384,1984.,2187.76925733934));
#15267=CARTESIAN_POINT('',(146.950384,1984.,2196.93963733934));
#15268=CARTESIAN_POINT('',(137.950384,1984.,2166.12277733934));
#15269=CARTESIAN_POINT('',(137.950384,1984.,2187.76925733934));
#15270=CARTESIAN_POINT('',(146.950384,1984.,2187.76925733934));
#15271=CARTESIAN_POINT('',(146.950384,1984.,2196.93963733934));
#15272=CARTESIAN_POINT('',(137.950384,1984.,2166.12277733934));
#15273=CARTESIAN_POINT('',(137.950384,1984.,2187.76925733934));
#15274=CARTESIAN_POINT('',(146.950384,1984.,2187.76925733934));
#15275=CARTESIAN_POINT('',(146.950384,1984.,2196.93963733934));
#15276=CARTESIAN_POINT('',(137.950384,1984.,2166.12277733934));
#15277=CARTESIAN_POINT('',(137.950384,1984.,2187.76925733934));
#15278=CARTESIAN_POINT('',(146.950384,1984.,2187.76925733934));
#15279=CARTESIAN_POINT('',(146.950384,1984.,2196.93963733934));
#15280=CARTESIAN_POINT('',(137.950384,1984.,2166.12277733934));
#15281=CARTESIAN_POINT('',(137.950384,1984.,2187.76925733934));
#15282=CARTESIAN_POINT('',(146.950384,1984.,2187.76925733934));
#15283=CARTESIAN_POINT('',(146.950384,1984.,2196.93963733934));
#15284=CARTESIAN_POINT('',(137.950384,1984.,2166.12277733934));
#15285=CARTESIAN_POINT('',(137.950384,1984.,2187.76925733934));
#15286=CARTESIAN_POINT('',(146.950384,1984.,2187.76925733934));
#15287=CARTESIAN_POINT('',(146.950384,1984.,2196.93963733934));
#15288=CARTESIAN_POINT('',(137.950384,1984.,2166.12277733934));
#15289=CARTESIAN_POINT('',(137.950384,1984.,2187.76925733934));
#15290=CARTESIAN_POINT('',(146.950384,1984.,2187.76925733934));
#15291=CARTESIAN_POINT('',(146.950384,1984.,2196.93963733934));
#15292=CARTESIAN_POINT('',(137.950384,1984.,2166.12277733934));
#15293=CARTESIAN_POINT('',(137.950384,1984.,2187.76925733934));
#15294=CARTESIAN_POINT('',(146.950384,1984.,2187.76925733934));
#15295=CARTESIAN_POINT('',(146.950384,1984.,2196.93963733934));
#15296=CARTESIAN_POINT('',(137.950384,1984.,2166.12277733934));
#15297=CARTESIAN_POINT('',(137.950384,1984.,2187.76925733934));
#15298=CARTESIAN_POINT('',(146.950384,1984.,2187.76925733934));
#15299=CARTESIAN_POINT('',(146.950384,1984.,2196.93963733934));
#15300=CARTESIAN_POINT('',(137.950384,1984.,2166.12277733934));
#15301=CARTESIAN_POINT('',(137.950384,1984.,2187.76925733934));
#15302=CARTESIAN_POINT('',(146.950384,1984.,2187.76925733934));
#15303=CARTESIAN_POINT('',(146.950384,1984.,2196.93963733934));
#15304=CARTESIAN_POINT('',(137.950384,1984.,2166.12277733934));
#15305=CARTESIAN_POINT('',(137.950384,1984.,2187.76925733934));
#15306=CARTESIAN_POINT('',(146.950384,1984.,2187.76925733934));
#15307=CARTESIAN_POINT('',(146.950384,1984.,2196.93963733934));
#15308=CARTESIAN_POINT('',(137.950384,1984.,2166.12277733934));
#15309=CARTESIAN_POINT('',(137.950384,1984.,2187.76925733934));
#15310=CARTESIAN_POINT('',(146.950384,1984.,2187.76925733934));
#15311=CARTESIAN_POINT('',(146.950384,1984.,2196.93963733934));
#15312=CARTESIAN_POINT('',(137.950384,1984.,2166.12277733934));
#15313=CARTESIAN_POINT('',(137.950384,1984.,2187.76925733934));
#15314=CARTESIAN_POINT('',(146.950384,1984.,2187.76925733934));
#15315=CARTESIAN_POINT('',(146.950384,1984.,2196.93963733934));
#15316=CARTESIAN_POINT('',(137.950384,1984.,2166.12277733934));
#15317=CARTESIAN_POINT('',(137.950384,1984.,2187.76925733934));
#15318=CARTESIAN_POINT('',(146.950384,1984.,2187.76925733934));
#15319=CARTESIAN_POINT('',(146.950384,1984.,2196.93963733934));
#15320=CARTESIAN_POINT('',(137.950384,1984.,2166.12277733934));
#15321=CARTESIAN_POINT('',(137.950384,1984.,2187.76925733934));
#15322=CARTESIAN_POINT('',(146.950384,1984.,2187.76925733934));
#15323=CARTESIAN_POINT('',(146.950384,1984.,2196.93963733934));
#15324=CARTESIAN_POINT('',(137.950384,1984.,2166.12277733934));
#15325=CARTESIAN_POINT('',(137.950384,1984.,2187.76925733934));
#15326=CARTESIAN_POINT('',(146.950384,1984.,2187.76925733934));
#15327=CARTESIAN_POINT('',(146.950384,1984.,2196.93963733934));
#15328=CARTESIAN_POINT('',(137.950384,1984.,2166.12277733934));
#15329=CARTESIAN_POINT('',(137.950384,1984.,2187.76925733934));
#15330=CARTESIAN_POINT('',(146.950384,1984.,2187.76925733934));
#15331=CARTESIAN_POINT('',(146.950384,1984.,2196.93963733934));
#15332=CARTESIAN_POINT('',(137.950384,1984.,2166.12277733934));
#15333=CARTESIAN_POINT('',(137.950384,1984.,2187.76925733934));
#15334=CARTESIAN_POINT('',(146.950384,1984.,2187.76925733934));
#15335=CARTESIAN_POINT('',(146.950384,1984.,2196.93963733934));
#15336=CARTESIAN_POINT('',(137.950384,1984.,2166.12277733934));
#15337=CARTESIAN_POINT('',(137.950384,1984.,2187.76925733934));
#15338=CARTESIAN_POINT('',(146.950384,1984.,2187.76925733934));
#15339=CARTESIAN_POINT('',(146.950384,1984.,2196.93963733934));
#15340=CARTESIAN_POINT('',(137.950384,1984.,2166.12277733934));
#15341=CARTESIAN_POINT('',(137.950384,1984.,2187.76925733934));
#15342=CARTESIAN_POINT('',(146.950384,1984.,2187.76925733934));
#15343=CARTESIAN_POINT('',(146.950384,1984.,2196.93963733934));
#15344=CARTESIAN_POINT('',(137.950384,1984.,2166.12277733934));
#15345=CARTESIAN_POINT('',(137.950384,1984.,2187.76925733934));
#15346=CARTESIAN_POINT('',(146.950384,1984.,2187.76925733934));
#15347=CARTESIAN_POINT('',(146.950384,1984.,2196.93963733934));
#15348=CARTESIAN_POINT('',(137.950384,1984.,2166.12277733934));
#15349=CARTESIAN_POINT('',(137.950384,1984.,2187.76925733934));
#15350=CARTESIAN_POINT('',(146.950384,1984.,2187.76925733934));
#15351=CARTESIAN_POINT('',(146.950384,1984.,2196.93963733934));
#15352=CARTESIAN_POINT('',(137.950384,1984.,2166.12277733934));
#15353=CARTESIAN_POINT('',(137.950384,1984.,2187.76925733934));
#15354=CARTESIAN_POINT('',(146.950384,1984.,2187.76925733934));
#15355=CARTESIAN_POINT('',(146.950384,1984.,2196.93963733934));
#15356=CARTESIAN_POINT('',(137.950384,1984.,2166.12277733934));
#15357=CARTESIAN_POINT('',(137.950384,1984.,2187.76925733934));
#15358=CARTESIAN_POINT('',(146.950384,1984.,2187.76925733934));
#15359=CARTESIAN_POINT('',(146.950384,1984.,2196.93963733934));
#15360=CARTESIAN_POINT('',(307.509281694679,1984.,2249.5));
#15361=CARTESIAN_POINT('',(271.172689376465,1984.,2250.11798571581));
#15362=CARTESIAN_POINT('',(260.27485,1984.,2239.22014633934));
#15363=CARTESIAN_POINT('',(173.820442,1984.,2234.83477833934));
#15364=CARTESIAN_POINT('',(103.080454,1984.,2174.41736313815));
#15365=CARTESIAN_POINT('',(103.080454,1984.,2140.74965564558));
#15366=CARTESIAN_POINT('',(114.133025,1984.,2141.97771933934));
#15367=CARTESIAN_POINT('',(113.35545137677,1984.,2163.48888289233));
#15368=CARTESIAN_POINT('',(129.347372,1984.,2157.40578233934));
#15369=CARTESIAN_POINT('',(136.852168,1984.,2158.11574133934));
#15370=CARTESIAN_POINT('',(156.950384,1984.,2196.93963733934));
#15371=CARTESIAN_POINT('',(166.60675,1984.,2196.93963733934));
#15372=CARTESIAN_POINT('',(168.061397718109,1984.,2247.34016166114));
#15373=CARTESIAN_POINT('',(174.681306168289,1984.,2218.22512316306));
#15374=CARTESIAN_POINT('',(165.164302345786,1984.,2222.3287339356));
#15375=CARTESIAN_POINT('',(189.747173221053,1984.,2217.64796054701));
#15376=CARTESIAN_POINT('',(194.247177,1984.,2217.64554433934));
#15377=CARTESIAN_POINT('',(195.146136,1984.,2223.28447033934));
#15378=CARTESIAN_POINT('',(254.841365,1984.,2224.01707233934));
#15379=CARTESIAN_POINT('',(256.949973,1984.,2217.10411433934));
#15380=CARTESIAN_POINT('',(261.949973,1984.,2217.10411433934));
#15381=CARTESIAN_POINT('',(263.656323,1984.,2212.66938633934));
#15382=CARTESIAN_POINT('',(275.906323,1984.,2212.66938633934));
#15383=CARTESIAN_POINT('',(285.670954308061,1984.,2224.84420662531));
#15384=CARTESIAN_POINT('',(283.673530193018,1984.,2225.40670065126));
#15385=CARTESIAN_POINT('',(291.757966,1984.,2229.35513333934));
#15386=CARTESIAN_POINT('',(311.313723018175,1984.,2229.39689781064));
#15387=CARTESIAN_POINT('',(307.379795714075,1984.,2241.9686021859));
#15388=CARTESIAN_POINT('',(113.35545137677,1984.,2163.48888289233));
#15389=CARTESIAN_POINT('',(113.35545137677,0.,2163.48888289233));
#15390=CARTESIAN_POINT('',(137.950384,1622.,2166.12277733934));
#15391=CARTESIAN_POINT('',(156.950384,1622.,2166.12277733934));
#15392=CARTESIAN_POINT('',(0.,1622.,-0.));
#15393=CARTESIAN_POINT('',(-0.,1600.,-0.));
#15394=CARTESIAN_POINT('',(137.950384,1782.,2166.12277733934));
#15395=CARTESIAN_POINT('',(156.950384,1782.,2166.12277733934));
#15396=CARTESIAN_POINT('',(0.,1782.,-0.));
#15397=CARTESIAN_POINT('',(-0.,1760.,-0.));
#15398=CARTESIAN_POINT('',(137.950384,342.,2166.12277733934));
#15399=CARTESIAN_POINT('',(156.950384,342.,2166.12277733934));
#15400=CARTESIAN_POINT('',(0.,342.,-0.));
#15401=CARTESIAN_POINT('',(-0.,320.,-0.));
#15402=CARTESIAN_POINT('',(137.950384,374.,2166.12277733934));
#15403=CARTESIAN_POINT('',(156.950384,374.,2166.12277733934));
#15404=CARTESIAN_POINT('',(0.,374.,-0.));
#15405=CARTESIAN_POINT('',(-0.,352.,-0.));
#15406=CARTESIAN_POINT('',(137.950384,1814.,2166.12277733934));
#15407=CARTESIAN_POINT('',(156.950384,1814.,2166.12277733934));
#15408=CARTESIAN_POINT('',(0.,1814.,-0.));
#15409=CARTESIAN_POINT('',(-0.,1792.,-0.));
#15410=CARTESIAN_POINT('',(137.950384,406.,2166.12277733934));
#15411=CARTESIAN_POINT('',(156.950384,406.,2166.12277733934));
#15412=CARTESIAN_POINT('',(0.,406.,-0.));
#15413=CARTESIAN_POINT('',(-0.,384.,-0.));
#15414=CARTESIAN_POINT('',(137.950384,438.,2166.12277733934));
#15415=CARTESIAN_POINT('',(156.950384,438.,2166.12277733934));
#15416=CARTESIAN_POINT('',(0.,438.,-0.));
#15417=CARTESIAN_POINT('',(-0.,416.,-0.));
#15418=CARTESIAN_POINT('',(137.950384,1846.,2166.12277733934));
#15419=CARTESIAN_POINT('',(156.950384,1846.,2166.12277733934));
#15420=CARTESIAN_POINT('',(0.,1846.,-0.));
#15421=CARTESIAN_POINT('',(-0.,1824.,-0.));
#15422=CARTESIAN_POINT('',(137.950384,470.,2166.12277733934));
#15423=CARTESIAN_POINT('',(156.950384,470.,2166.12277733934));
#15424=CARTESIAN_POINT('',(0.,470.,-0.));
#15425=CARTESIAN_POINT('',(-0.,448.,-0.));
#15426=CARTESIAN_POINT('',(137.950384,822.,2166.12277733934));
#15427=CARTESIAN_POINT('',(156.950384,822.,2166.12277733934));
#15428=CARTESIAN_POINT('',(0.,822.,-0.));
#15429=CARTESIAN_POINT('',(-0.,800.,-0.));
#15430=CARTESIAN_POINT('',(137.950384,854.,2166.12277733934));
#15431=CARTESIAN_POINT('',(156.950384,854.,2166.12277733934));
#15432=CARTESIAN_POINT('',(0.,854.,-0.));
#15433=CARTESIAN_POINT('',(-0.,832.,-0.));
#15434=CARTESIAN_POINT('',(137.950384,886.,2166.12277733934));
#15435=CARTESIAN_POINT('',(156.950384,886.,2166.12277733934));
#15436=CARTESIAN_POINT('',(0.,886.,-0.));
#15437=CARTESIAN_POINT('',(-0.,864.,-0.));
#15438=CARTESIAN_POINT('',(137.950384,918.,2166.12277733934));
#15439=CARTESIAN_POINT('',(156.950384,918.,2166.12277733934));
#15440=CARTESIAN_POINT('',(0.,918.,-0.));
#15441=CARTESIAN_POINT('',(-0.,896.,-0.));
#15442=CARTESIAN_POINT('',(137.950384,950.,2166.12277733934));
#15443=CARTESIAN_POINT('',(156.950384,950.,2166.12277733934));
#15444=CARTESIAN_POINT('',(0.,950.,-0.));
#15445=CARTESIAN_POINT('',(-0.,928.,-0.));
#15446=CARTESIAN_POINT('',(137.950384,54.,2166.12277733934));
#15447=CARTESIAN_POINT('',(156.950384,54.,2166.12277733934));
#15448=CARTESIAN_POINT('',(0.,54.,-0.));
#15449=CARTESIAN_POINT('',(-0.,32.,-0.));
#15450=CARTESIAN_POINT('',(137.950384,1654.,2166.12277733934));
#15451=CARTESIAN_POINT('',(156.950384,1654.,2166.12277733934));
#15452=CARTESIAN_POINT('',(0.,1654.,-0.));
#15453=CARTESIAN_POINT('',(-0.,1632.,-0.));
#15454=CARTESIAN_POINT('',(137.950384,86.,2166.12277733934));
#15455=CARTESIAN_POINT('',(156.950384,86.,2166.12277733934));
#15456=CARTESIAN_POINT('',(0.,86.,-0.));
#15457=CARTESIAN_POINT('',(-0.,64.,-0.));
#15458=CARTESIAN_POINT('',(137.950384,118.,2166.12277733934));
#15459=CARTESIAN_POINT('',(156.950384,118.,2166.12277733934));
#15460=CARTESIAN_POINT('',(0.,118.,-0.));
#15461=CARTESIAN_POINT('',(-0.,96.,-0.));
#15462=CARTESIAN_POINT('',(137.950384,1686.,2166.12277733934));
#15463=CARTESIAN_POINT('',(156.950384,1686.,2166.12277733934));
#15464=CARTESIAN_POINT('',(0.,1686.,-0.));
#15465=CARTESIAN_POINT('',(-0.,1664.,-0.));
#15466=CARTESIAN_POINT('',(137.950384,150.,2166.12277733934));
#15467=CARTESIAN_POINT('',(156.950384,150.,2166.12277733934));
#15468=CARTESIAN_POINT('',(0.,150.,-0.));
#15469=CARTESIAN_POINT('',(-0.,128.,-0.));
#15470=CARTESIAN_POINT('',(137.950384,182.,2166.12277733934));
#15471=CARTESIAN_POINT('',(156.950384,182.,2166.12277733934));
#15472=CARTESIAN_POINT('',(0.,182.,-0.));
#15473=CARTESIAN_POINT('',(-0.,160.,-0.));
#15474=CARTESIAN_POINT('',(137.950384,1718.,2166.12277733934));
#15475=CARTESIAN_POINT('',(156.950384,1718.,2166.12277733934));
#15476=CARTESIAN_POINT('',(0.,1718.,-0.));
#15477=CARTESIAN_POINT('',(-0.,1696.,-0.));
#15478=CARTESIAN_POINT('',(137.950384,214.,2166.12277733934));
#15479=CARTESIAN_POINT('',(156.950384,214.,2166.12277733934));
#15480=CARTESIAN_POINT('',(0.,214.,-0.));
#15481=CARTESIAN_POINT('',(-0.,192.,-0.));
#15482=CARTESIAN_POINT('',(137.950384,246.,2166.12277733934));
#15483=CARTESIAN_POINT('',(156.950384,246.,2166.12277733934));
#15484=CARTESIAN_POINT('',(0.,246.,-0.));
#15485=CARTESIAN_POINT('',(-0.,224.,-0.));
#15486=CARTESIAN_POINT('',(137.950384,1750.,2166.12277733934));
#15487=CARTESIAN_POINT('',(156.950384,1750.,2166.12277733934));
#15488=CARTESIAN_POINT('',(0.,1750.,-0.));
#15489=CARTESIAN_POINT('',(-0.,1728.,-0.));
#15490=CARTESIAN_POINT('',(137.950384,278.,2166.12277733934));
#15491=CARTESIAN_POINT('',(156.950384,278.,2166.12277733934));
#15492=CARTESIAN_POINT('',(0.,278.,-0.));
#15493=CARTESIAN_POINT('',(-0.,256.,-0.));
#15494=CARTESIAN_POINT('',(137.950384,310.,2166.12277733934));
#15495=CARTESIAN_POINT('',(156.950384,310.,2166.12277733934));
#15496=CARTESIAN_POINT('',(0.,310.,-0.));
#15497=CARTESIAN_POINT('',(-0.,288.,-0.));
#15498=CARTESIAN_POINT('',(137.950384,502.,2166.12277733934));
#15499=CARTESIAN_POINT('',(156.950384,502.,2166.12277733934));
#15500=CARTESIAN_POINT('',(0.,502.,-0.));
#15501=CARTESIAN_POINT('',(-0.,480.,-0.));
#15502=CARTESIAN_POINT('',(137.950384,1878.,2166.12277733934));
#15503=CARTESIAN_POINT('',(156.950384,1878.,2166.12277733934));
#15504=CARTESIAN_POINT('',(0.,1878.,-0.));
#15505=CARTESIAN_POINT('',(-0.,1856.,-0.));
#15506=CARTESIAN_POINT('',(137.950384,534.,2166.12277733934));
#15507=CARTESIAN_POINT('',(156.950384,534.,2166.12277733934));
#15508=CARTESIAN_POINT('',(0.,534.,-0.));
#15509=CARTESIAN_POINT('',(-0.,512.,-0.));
#15510=CARTESIAN_POINT('',(137.950384,566.,2166.12277733934));
#15511=CARTESIAN_POINT('',(156.950384,566.,2166.12277733934));
#15512=CARTESIAN_POINT('',(0.,566.,-0.));
#15513=CARTESIAN_POINT('',(-0.,544.,-0.));
#15514=CARTESIAN_POINT('',(137.950384,1910.,2166.12277733934));
#15515=CARTESIAN_POINT('',(156.950384,1910.,2166.12277733934));
#15516=CARTESIAN_POINT('',(0.,1910.,-0.));
#15517=CARTESIAN_POINT('',(-0.,1888.,-0.));
#15518=CARTESIAN_POINT('',(137.950384,598.,2166.12277733934));
#15519=CARTESIAN_POINT('',(156.950384,598.,2166.12277733934));
#15520=CARTESIAN_POINT('',(0.,598.,-0.));
#15521=CARTESIAN_POINT('',(-0.,576.,-0.));
#15522=CARTESIAN_POINT('',(137.950384,630.,2166.12277733934));
#15523=CARTESIAN_POINT('',(156.950384,630.,2166.12277733934));
#15524=CARTESIAN_POINT('',(0.,630.,-0.));
#15525=CARTESIAN_POINT('',(-0.,608.,-0.));
#15526=CARTESIAN_POINT('',(137.950384,1942.,2166.12277733934));
#15527=CARTESIAN_POINT('',(156.950384,1942.,2166.12277733934));
#15528=CARTESIAN_POINT('',(0.,1942.,-0.));
#15529=CARTESIAN_POINT('',(-0.,1920.,-0.));
#15530=CARTESIAN_POINT('',(137.950384,662.,2166.12277733934));
#15531=CARTESIAN_POINT('',(156.950384,662.,2166.12277733934));
#15532=CARTESIAN_POINT('',(0.,662.,-0.));
#15533=CARTESIAN_POINT('',(-0.,640.,-0.));
#15534=CARTESIAN_POINT('',(137.950384,694.,2166.12277733934));
#15535=CARTESIAN_POINT('',(156.950384,694.,2166.12277733934));
#15536=CARTESIAN_POINT('',(0.,694.,-0.));
#15537=CARTESIAN_POINT('',(-0.,672.,-0.));
#15538=CARTESIAN_POINT('',(137.950384,1974.,2166.12277733934));
#15539=CARTESIAN_POINT('',(156.950384,1974.,2166.12277733934));
#15540=CARTESIAN_POINT('',(0.,1974.,-0.));
#15541=CARTESIAN_POINT('',(-0.,1952.,-0.));
#15542=CARTESIAN_POINT('',(137.950384,726.,2166.12277733934));
#15543=CARTESIAN_POINT('',(156.950384,726.,2166.12277733934));
#15544=CARTESIAN_POINT('',(0.,726.,-0.));
#15545=CARTESIAN_POINT('',(-0.,704.,-0.));
#15546=CARTESIAN_POINT('',(137.950384,758.,2166.12277733934));
#15547=CARTESIAN_POINT('',(156.950384,758.,2166.12277733934));
#15548=CARTESIAN_POINT('',(0.,758.,-0.));
#15549=CARTESIAN_POINT('',(-0.,736.,-0.));
#15550=CARTESIAN_POINT('',(137.950384,790.,2166.12277733934));
#15551=CARTESIAN_POINT('',(156.950384,790.,2166.12277733934));
#15552=CARTESIAN_POINT('',(0.,790.,-0.));
#15553=CARTESIAN_POINT('',(-0.,768.,-0.));
#15554=CARTESIAN_POINT('',(137.950384,982.,2166.12277733934));
#15555=CARTESIAN_POINT('',(156.950384,982.,2166.12277733934));
#15556=CARTESIAN_POINT('',(0.,982.,-0.));
#15557=CARTESIAN_POINT('',(-0.,960.,-0.));
#15558=CARTESIAN_POINT('',(137.950384,1014.,2166.12277733934));
#15559=CARTESIAN_POINT('',(156.950384,1014.,2166.12277733934));
#15560=CARTESIAN_POINT('',(0.,1014.,-0.));
#15561=CARTESIAN_POINT('',(-0.,992.,-0.));
#15562=CARTESIAN_POINT('',(137.950384,1046.,2166.12277733934));
#15563=CARTESIAN_POINT('',(156.950384,1046.,2166.12277733934));
#15564=CARTESIAN_POINT('',(0.,1046.,-0.));
#15565=CARTESIAN_POINT('',(-0.,1024.,-0.));
#15566=CARTESIAN_POINT('',(137.950384,1078.,2166.12277733934));
#15567=CARTESIAN_POINT('',(156.950384,1078.,2166.12277733934));
#15568=CARTESIAN_POINT('',(0.,1078.,-0.));
#15569=CARTESIAN_POINT('',(-0.,1056.,-0.));
#15570=CARTESIAN_POINT('',(137.950384,1110.,2166.12277733934));
#15571=CARTESIAN_POINT('',(156.950384,1110.,2166.12277733934));
#15572=CARTESIAN_POINT('',(0.,1110.,-0.));
#15573=CARTESIAN_POINT('',(-0.,1088.,-0.));
#15574=CARTESIAN_POINT('',(137.950384,1142.,2166.12277733934));
#15575=CARTESIAN_POINT('',(156.950384,1142.,2166.12277733934));
#15576=CARTESIAN_POINT('',(0.,1142.,-0.));
#15577=CARTESIAN_POINT('',(-0.,1120.,-0.));
#15578=CARTESIAN_POINT('',(137.950384,1174.,2166.12277733934));
#15579=CARTESIAN_POINT('',(156.950384,1174.,2166.12277733934));
#15580=CARTESIAN_POINT('',(0.,1174.,-0.));
#15581=CARTESIAN_POINT('',(-0.,1152.,-0.));
#15582=CARTESIAN_POINT('',(137.950384,1206.,2166.12277733934));
#15583=CARTESIAN_POINT('',(156.950384,1206.,2166.12277733934));
#15584=CARTESIAN_POINT('',(0.,1206.,-0.));
#15585=CARTESIAN_POINT('',(-0.,1184.,-0.));
#15586=CARTESIAN_POINT('',(137.950384,1238.,2166.12277733934));
#15587=CARTESIAN_POINT('',(156.950384,1238.,2166.12277733934));
#15588=CARTESIAN_POINT('',(0.,1238.,-0.));
#15589=CARTESIAN_POINT('',(-0.,1216.,-0.));
#15590=CARTESIAN_POINT('',(137.950384,1270.,2166.12277733934));
#15591=CARTESIAN_POINT('',(156.950384,1270.,2166.12277733934));
#15592=CARTESIAN_POINT('',(0.,1270.,-0.));
#15593=CARTESIAN_POINT('',(-0.,1248.,-0.));
#15594=CARTESIAN_POINT('',(137.950384,1302.,2166.12277733934));
#15595=CARTESIAN_POINT('',(156.950384,1302.,2166.12277733934));
#15596=CARTESIAN_POINT('',(0.,1302.,-0.));
#15597=CARTESIAN_POINT('',(-0.,1280.,-0.));
#15598=CARTESIAN_POINT('',(137.950384,1334.,2166.12277733934));
#15599=CARTESIAN_POINT('',(156.950384,1334.,2166.12277733934));
#15600=CARTESIAN_POINT('',(0.,1334.,-0.));
#15601=CARTESIAN_POINT('',(-0.,1312.,-0.));
#15602=CARTESIAN_POINT('',(137.950384,1366.,2166.12277733934));
#15603=CARTESIAN_POINT('',(156.950384,1366.,2166.12277733934));
#15604=CARTESIAN_POINT('',(0.,1366.,-0.));
#15605=CARTESIAN_POINT('',(-0.,1344.,-0.));
#15606=CARTESIAN_POINT('',(137.950384,1398.,2166.12277733934));
#15607=CARTESIAN_POINT('',(156.950384,1398.,2166.12277733934));
#15608=CARTESIAN_POINT('',(0.,1398.,-0.));
#15609=CARTESIAN_POINT('',(-0.,1376.,-0.));
#15610=CARTESIAN_POINT('',(137.950384,1430.,2166.12277733934));
#15611=CARTESIAN_POINT('',(156.950384,1430.,2166.12277733934));
#15612=CARTESIAN_POINT('',(0.,1430.,-0.));
#15613=CARTESIAN_POINT('',(-0.,1408.,-0.));
#15614=CARTESIAN_POINT('',(137.950384,1462.,2166.12277733934));
#15615=CARTESIAN_POINT('',(156.950384,1462.,2166.12277733934));
#15616=CARTESIAN_POINT('',(0.,1462.,-0.));
#15617=CARTESIAN_POINT('',(-0.,1440.,-0.));
#15618=CARTESIAN_POINT('',(137.950384,1494.,2166.12277733934));
#15619=CARTESIAN_POINT('',(156.950384,1494.,2166.12277733934));
#15620=CARTESIAN_POINT('',(0.,1494.,-0.));
#15621=CARTESIAN_POINT('',(-0.,1472.,-0.));
#15622=CARTESIAN_POINT('',(137.950384,1526.,2166.12277733934));
#15623=CARTESIAN_POINT('',(156.950384,1526.,2166.12277733934));
#15624=CARTESIAN_POINT('',(0.,1526.,-0.));
#15625=CARTESIAN_POINT('',(-0.,1504.,-0.));
#15626=CARTESIAN_POINT('',(137.950384,1558.,2166.12277733934));
#15627=CARTESIAN_POINT('',(156.950384,1558.,2166.12277733934));
#15628=CARTESIAN_POINT('',(0.,1558.,-0.));
#15629=CARTESIAN_POINT('',(-0.,1536.,-0.));
#15630=CARTESIAN_POINT('',(137.950384,1590.,2166.12277733934));
#15631=CARTESIAN_POINT('',(156.950384,1590.,2166.12277733934));
#15632=CARTESIAN_POINT('',(0.,1590.,-0.));
#15633=CARTESIAN_POINT('',(-0.,1568.,-0.));
#15634=CARTESIAN_POINT('',(137.950384,22.,2166.12277733934));
#15635=CARTESIAN_POINT('',(156.950384,22.,2166.12277733934));
#15636=CARTESIAN_POINT('',(0.,22.,0.));
#15637=PRODUCT_DEFINITION_SHAPE('','',#15638);
#15638=PRODUCT_DEFINITION('','',#15650,#15655);
#15639=(
GEOMETRIC_REPRESENTATION_CONTEXT(3)
GLOBAL_UNCERTAINTY_ASSIGNED_CONTEXT((#15640))
GLOBAL_UNIT_ASSIGNED_CONTEXT((#15642,#15641,#15645))
REPRESENTATION_CONTEXT('','')
);
#15640=UNCERTAINTY_MEASURE_WITH_UNIT(LENGTH_MEASURE(0.001),#15642,'',
'tolerance');
#15641=(
CONVERSION_BASED_UNIT('',#15643)
NAMED_UNIT(#15649)
PLANE_ANGLE_UNIT()
);
#15642=(
CONVERSION_BASED_UNIT('',#15644)
LENGTH_UNIT()
NAMED_UNIT(#15648)
);
#15643=PLANE_ANGLE_MEASURE_WITH_UNIT(PLANE_ANGLE_MEASURE(0.0174532925199433),
#15646);
#15644=LENGTH_MEASURE_WITH_UNIT(LENGTH_MEASURE(1.),#15647);
#15645=(
NAMED_UNIT(*)
SI_UNIT($,.STERADIAN.)
SOLID_ANGLE_UNIT()
);
#15646=(
NAMED_UNIT(*)
PLANE_ANGLE_UNIT()
SI_UNIT($,.RADIAN.)
);
#15647=(
LENGTH_UNIT()
NAMED_UNIT(*)
SI_UNIT(.MILLI.,.METRE.)
);
#15648=DIMENSIONAL_EXPONENTS(1.,0.,0.,0.,0.,0.,0.);
#15649=DIMENSIONAL_EXPONENTS(0.,0.,0.,0.,0.,0.,0.);
#15650=PRODUCT_DEFINITION_FORMATION_WITH_SPECIFIED_SOURCE('','',#15653,
.NOT_KNOWN.);
#15651=PRODUCT_CATEGORY_RELATIONSHIP('','',#15656,#15652);
#15652=PRODUCT_RELATED_PRODUCT_CATEGORY('assembly','',(#15653));
#15653=PRODUCT('','master','',(#15654));
#15654=PRODUCT_CONTEXT('',#15658,'');
#15655=PRODUCT_DEFINITION_CONTEXT('',#15658,'part_definition');
#15656=PRODUCT_CATEGORY('part','');
#15657=APPLICATION_PROTOCOL_DEFINITION('international standard',
'automotive_design_cc2',1994,#15658);
#15658=APPLICATION_CONTEXT(
'configuration controlled 3D designs of mechanical parts and assemblies');
ENDSEC;
END-ISO-10303-21;
668815