ISO-10303-21;
HEADER;
/* Generated by software using Delcam plc STEP library */

FILE_DESCRIPTION(
/* description */ ('AP-214 File'),
/* implementation_level */ '2;1');

FILE_NAME(
/* name */ 'D898',
/* time_stamp */ 'Fri Dec 23 09:28:59 2016',
/* author */ (''),
/* organization */ (''),
/* preprocessor_version */ 'DELCAM STEP V1',
/* originating_system */ 'Exchange7.1.0006',
/* authorisation */ '');

FILE_SCHEMA (('AUTOMOTIVE_DESIGN'));
ENDSEC;
DATA;
#10=PRESENTATION_STYLE_ASSIGNMENT((#20));
#11=PRESENTATION_STYLE_ASSIGNMENT((#21));
#12=SURFACE_SIDE_STYLE('',(#14));
#13=SURFACE_SIDE_STYLE('',(#15));
#14=SURFACE_STYLE_FILL_AREA(#16);
#15=SURFACE_STYLE_FILL_AREA(#17);
#16=FILL_AREA_STYLE('',(#18));
#17=FILL_AREA_STYLE('',(#19));
#18=FILL_AREA_STYLE_COLOUR('',#417);
#19=FILL_AREA_STYLE_COLOUR('',#418);
#20=SURFACE_STYLE_USAGE(.BOTH.,#12);
#21=SURFACE_STYLE_USAGE(.BOTH.,#13);
#22=STYLED_ITEM('',(#10),#436);
#23=STYLED_ITEM('',(#10),#437);
#24=STYLED_ITEM('',(#10),#438);
#25=STYLED_ITEM('',(#10),#439);
#26=STYLED_ITEM('',(#10),#440);
#27=STYLED_ITEM('',(#10),#441);
#28=STYLED_ITEM('',(#10),#442);
#29=STYLED_ITEM('',(#10),#443);
#30=STYLED_ITEM('',(#10),#444);
#31=STYLED_ITEM('',(#10),#445);
#32=STYLED_ITEM('',(#10),#446);
#33=STYLED_ITEM('',(#10),#447);
#34=STYLED_ITEM('',(#10),#448);
#35=STYLED_ITEM('',(#10),#449);
#36=STYLED_ITEM('',(#10),#450);
#37=STYLED_ITEM('',(#10),#451);
#38=STYLED_ITEM('',(#10),#452);
#39=STYLED_ITEM('',(#10),#453);
#40=STYLED_ITEM('',(#10),#454);
#41=STYLED_ITEM('',(#10),#455);
#42=STYLED_ITEM('',(#10),#456);
#43=STYLED_ITEM('',(#10),#457);
#44=STYLED_ITEM('',(#10),#458);
#45=STYLED_ITEM('',(#10),#459);
#46=STYLED_ITEM('',(#10),#460);
#47=STYLED_ITEM('',(#10),#461);
#48=STYLED_ITEM('',(#10),#462);
#49=STYLED_ITEM('',(#10),#463);
#50=STYLED_ITEM('',(#10),#464);
#51=STYLED_ITEM('',(#10),#465);
#52=STYLED_ITEM('',(#10),#466);
#53=STYLED_ITEM('',(#10),#467);
#54=STYLED_ITEM('',(#10),#468);
#55=STYLED_ITEM('',(#10),#469);
#56=STYLED_ITEM('',(#10),#470);
#57=STYLED_ITEM('',(#10),#471);
#58=STYLED_ITEM('',(#10),#472);
#59=STYLED_ITEM('',(#10),#473);
#60=STYLED_ITEM('',(#10),#474);
#61=STYLED_ITEM('',(#10),#475);
#62=STYLED_ITEM('',(#10),#476);
#63=STYLED_ITEM('',(#10),#477);
#64=STYLED_ITEM('',(#10),#478);
#65=STYLED_ITEM('',(#10),#479);
#66=STYLED_ITEM('',(#10),#480);
#67=STYLED_ITEM('',(#10),#481);
#68=STYLED_ITEM('',(#10),#482);
#69=STYLED_ITEM('',(#10),#483);
#70=STYLED_ITEM('',(#10),#484);
#71=STYLED_ITEM('',(#10),#485);
#72=STYLED_ITEM('',(#10),#486);
#73=STYLED_ITEM('',(#10),#487);
#74=STYLED_ITEM('',(#10),#488);
#75=STYLED_ITEM('',(#10),#489);
#76=STYLED_ITEM('',(#10),#490);
#77=STYLED_ITEM('',(#10),#491);
#78=STYLED_ITEM('',(#10),#492);
#79=STYLED_ITEM('',(#10),#493);
#80=STYLED_ITEM('',(#10),#494);
#81=STYLED_ITEM('',(#10),#495);
#82=STYLED_ITEM('',(#10),#496);
#83=STYLED_ITEM('',(#10),#497);
#84=STYLED_ITEM('',(#10),#498);
#85=STYLED_ITEM('',(#10),#499);
#86=STYLED_ITEM('',(#10),#500);
#87=STYLED_ITEM('',(#10),#501);
#88=STYLED_ITEM('',(#10),#502);
#89=STYLED_ITEM('',(#10),#503);
#90=STYLED_ITEM('',(#10),#504);
#91=STYLED_ITEM('',(#10),#505);
#92=STYLED_ITEM('',(#10),#506);
#93=STYLED_ITEM('',(#10),#507);
#94=STYLED_ITEM('',(#10),#508);
#95=STYLED_ITEM('',(#10),#509);
#96=STYLED_ITEM('',(#10),#510);
#97=STYLED_ITEM('',(#10),#511);
#98=STYLED_ITEM('',(#10),#512);
#99=STYLED_ITEM('',(#10),#513);
#100=STYLED_ITEM('',(#10),#514);
#101=STYLED_ITEM('',(#10),#515);
#102=STYLED_ITEM('',(#10),#516);
#103=STYLED_ITEM('',(#10),#517);
#104=STYLED_ITEM('',(#10),#518);
#105=STYLED_ITEM('',(#10),#519);
#106=STYLED_ITEM('',(#10),#520);
#107=STYLED_ITEM('',(#10),#521);
#108=STYLED_ITEM('',(#10),#522);
#109=STYLED_ITEM('',(#10),#523);
#110=STYLED_ITEM('',(#10),#524);
#111=STYLED_ITEM('',(#10),#525);
#112=STYLED_ITEM('',(#10),#526);
#113=STYLED_ITEM('',(#10),#527);
#114=STYLED_ITEM('',(#10),#528);
#115=STYLED_ITEM('',(#10),#529);
#116=STYLED_ITEM('',(#10),#530);
#117=STYLED_ITEM('',(#10),#531);
#118=STYLED_ITEM('',(#10),#532);
#119=STYLED_ITEM('',(#10),#533);
#120=STYLED_ITEM('',(#10),#534);
#121=STYLED_ITEM('',(#10),#535);
#122=STYLED_ITEM('',(#10),#536);
#123=STYLED_ITEM('',(#10),#537);
#124=STYLED_ITEM('',(#10),#538);
#125=STYLED_ITEM('',(#10),#539);
#126=STYLED_ITEM('',(#10),#540);
#127=STYLED_ITEM('',(#10),#541);
#128=STYLED_ITEM('',(#10),#542);
#129=STYLED_ITEM('',(#10),#543);
#130=STYLED_ITEM('',(#10),#544);
#131=STYLED_ITEM('',(#10),#545);
#132=STYLED_ITEM('',(#10),#546);
#133=STYLED_ITEM('',(#10),#547);
#134=STYLED_ITEM('',(#10),#548);
#135=STYLED_ITEM('',(#10),#549);
#136=STYLED_ITEM('',(#10),#550);
#137=STYLED_ITEM('',(#10),#551);
#138=STYLED_ITEM('',(#10),#552);
#139=STYLED_ITEM('',(#10),#553);
#140=STYLED_ITEM('',(#10),#554);
#141=STYLED_ITEM('',(#10),#555);
#142=STYLED_ITEM('',(#10),#556);
#143=STYLED_ITEM('',(#10),#557);
#144=STYLED_ITEM('',(#10),#558);
#145=STYLED_ITEM('',(#10),#559);
#146=STYLED_ITEM('',(#10),#560);
#147=STYLED_ITEM('',(#10),#561);
#148=STYLED_ITEM('',(#10),#562);
#149=STYLED_ITEM('',(#10),#563);
#150=STYLED_ITEM('',(#10),#564);
#151=STYLED_ITEM('',(#10),#565);
#152=STYLED_ITEM('',(#10),#566);
#153=STYLED_ITEM('',(#10),#567);
#154=STYLED_ITEM('',(#10),#568);
#155=STYLED_ITEM('',(#10),#569);
#156=STYLED_ITEM('',(#10),#570);
#157=STYLED_ITEM('',(#10),#571);
#158=STYLED_ITEM('',(#10),#572);
#159=STYLED_ITEM('',(#10),#573);
#160=STYLED_ITEM('',(#10),#574);
#161=STYLED_ITEM('',(#10),#575);
#162=STYLED_ITEM('',(#10),#576);
#163=STYLED_ITEM('',(#10),#577);
#164=STYLED_ITEM('',(#10),#578);
#165=STYLED_ITEM('',(#10),#579);
#166=STYLED_ITEM('',(#10),#580);
#167=STYLED_ITEM('',(#10),#581);
#168=STYLED_ITEM('',(#10),#582);
#169=STYLED_ITEM('',(#10),#583);
#170=STYLED_ITEM('',(#10),#584);
#171=STYLED_ITEM('',(#10),#585);
#172=STYLED_ITEM('',(#10),#586);
#173=STYLED_ITEM('',(#10),#587);
#174=STYLED_ITEM('',(#10),#588);
#175=STYLED_ITEM('',(#10),#589);
#176=STYLED_ITEM('',(#10),#590);
#177=STYLED_ITEM('',(#10),#591);
#178=STYLED_ITEM('',(#10),#592);
#179=STYLED_ITEM('',(#10),#593);
#180=STYLED_ITEM('',(#10),#594);
#181=STYLED_ITEM('',(#10),#595);
#182=STYLED_ITEM('',(#10),#596);
#183=STYLED_ITEM('',(#10),#597);
#184=STYLED_ITEM('',(#10),#598);
#185=STYLED_ITEM('',(#10),#599);
#186=STYLED_ITEM('',(#10),#600);
#187=STYLED_ITEM('',(#10),#601);
#188=STYLED_ITEM('',(#10),#602);
#189=STYLED_ITEM('',(#10),#603);
#190=STYLED_ITEM('',(#10),#604);
#191=STYLED_ITEM('',(#10),#605);
#192=STYLED_ITEM('',(#10),#606);
#193=STYLED_ITEM('',(#10),#607);
#194=STYLED_ITEM('',(#10),#608);
#195=STYLED_ITEM('',(#10),#609);
#196=STYLED_ITEM('',(#10),#610);
#197=STYLED_ITEM('',(#10),#611);
#198=STYLED_ITEM('',(#10),#612);
#199=STYLED_ITEM('',(#10),#613);
#200=STYLED_ITEM('',(#10),#614);
#201=STYLED_ITEM('',(#10),#615);
#202=STYLED_ITEM('',(#10),#616);
#203=STYLED_ITEM('',(#10),#617);
#204=STYLED_ITEM('',(#10),#618);
#205=STYLED_ITEM('',(#10),#619);
#206=STYLED_ITEM('',(#10),#620);
#207=STYLED_ITEM('',(#10),#621);
#208=STYLED_ITEM('',(#10),#622);
#209=STYLED_ITEM('',(#10),#623);
#210=STYLED_ITEM('',(#10),#624);
#211=STYLED_ITEM('',(#10),#625);
#212=STYLED_ITEM('',(#10),#626);
#213=STYLED_ITEM('',(#10),#627);
#214=STYLED_ITEM('',(#10),#628);
#215=STYLED_ITEM('',(#10),#629);
#216=STYLED_ITEM('',(#10),#630);
#217=STYLED_ITEM('',(#10),#631);
#218=STYLED_ITEM('',(#10),#632);
#219=STYLED_ITEM('',(#10),#633);
#220=STYLED_ITEM('',(#10),#634);
#221=STYLED_ITEM('',(#10),#635);
#222=STYLED_ITEM('',(#10),#636);
#223=STYLED_ITEM('',(#10),#637);
#224=STYLED_ITEM('',(#10),#638);
#225=STYLED_ITEM('',(#10),#639);
#226=STYLED_ITEM('',(#10),#640);
#227=STYLED_ITEM('',(#10),#641);
#228=STYLED_ITEM('',(#10),#642);
#229=STYLED_ITEM('',(#10),#643);
#230=STYLED_ITEM('',(#10),#644);
#231=STYLED_ITEM('',(#10),#645);
#232=STYLED_ITEM('',(#10),#646);
#233=STYLED_ITEM('',(#10),#647);
#234=STYLED_ITEM('',(#10),#648);
#235=STYLED_ITEM('',(#10),#649);
#236=STYLED_ITEM('',(#10),#650);
#237=STYLED_ITEM('',(#10),#651);
#238=STYLED_ITEM('',(#10),#652);
#239=STYLED_ITEM('',(#10),#653);
#240=STYLED_ITEM('',(#10),#654);
#241=STYLED_ITEM('',(#10),#655);
#242=STYLED_ITEM('',(#10),#656);
#243=STYLED_ITEM('',(#10),#657);
#244=STYLED_ITEM('',(#10),#658);
#245=STYLED_ITEM('',(#10),#659);
#246=STYLED_ITEM('',(#10),#660);
#247=STYLED_ITEM('',(#10),#661);
#248=STYLED_ITEM('',(#10),#662);
#249=STYLED_ITEM('',(#10),#663);
#250=STYLED_ITEM('',(#10),#664);
#251=STYLED_ITEM('',(#10),#665);
#252=STYLED_ITEM('',(#10),#666);
#253=STYLED_ITEM('',(#10),#667);
#254=STYLED_ITEM('',(#10),#668);
#255=STYLED_ITEM('',(#10),#669);
#256=STYLED_ITEM('',(#10),#670);
#257=STYLED_ITEM('',(#10),#671);
#258=STYLED_ITEM('',(#10),#672);
#259=STYLED_ITEM('',(#10),#673);
#260=STYLED_ITEM('',(#10),#674);
#261=STYLED_ITEM('',(#10),#675);
#262=STYLED_ITEM('',(#10),#676);
#263=STYLED_ITEM('',(#10),#677);
#264=STYLED_ITEM('',(#10),#678);
#265=STYLED_ITEM('',(#10),#679);
#266=STYLED_ITEM('',(#10),#680);
#267=STYLED_ITEM('',(#10),#681);
#268=STYLED_ITEM('',(#10),#682);
#269=STYLED_ITEM('',(#10),#683);
#270=STYLED_ITEM('',(#10),#684);
#271=STYLED_ITEM('',(#10),#685);
#272=STYLED_ITEM('',(#10),#686);
#273=STYLED_ITEM('',(#10),#687);
#274=STYLED_ITEM('',(#10),#688);
#275=STYLED_ITEM('',(#10),#689);
#276=STYLED_ITEM('',(#10),#690);
#277=STYLED_ITEM('',(#10),#691);
#278=STYLED_ITEM('',(#10),#692);
#279=STYLED_ITEM('',(#10),#693);
#280=STYLED_ITEM('',(#10),#694);
#281=STYLED_ITEM('',(#10),#695);
#282=STYLED_ITEM('',(#10),#696);
#283=STYLED_ITEM('',(#10),#697);
#284=STYLED_ITEM('',(#10),#698);
#285=STYLED_ITEM('',(#10),#699);
#286=STYLED_ITEM('',(#10),#700);
#287=STYLED_ITEM('',(#10),#701);
#288=STYLED_ITEM('',(#10),#702);
#289=STYLED_ITEM('',(#10),#703);
#290=STYLED_ITEM('',(#10),#704);
#291=STYLED_ITEM('',(#10),#705);
#292=STYLED_ITEM('',(#10),#706);
#293=STYLED_ITEM('',(#10),#707);
#294=STYLED_ITEM('',(#10),#708);
#295=STYLED_ITEM('',(#10),#709);
#296=STYLED_ITEM('',(#10),#710);
#297=STYLED_ITEM('',(#10),#711);
#298=STYLED_ITEM('',(#10),#712);
#299=STYLED_ITEM('',(#10),#713);
#300=STYLED_ITEM('',(#10),#714);
#301=STYLED_ITEM('',(#10),#715);
#302=STYLED_ITEM('',(#10),#716);
#303=STYLED_ITEM('',(#10),#717);
#304=STYLED_ITEM('',(#10),#718);
#305=STYLED_ITEM('',(#10),#719);
#306=STYLED_ITEM('',(#10),#720);
#307=STYLED_ITEM('',(#10),#721);
#308=STYLED_ITEM('',(#10),#722);
#309=STYLED_ITEM('',(#10),#723);
#310=STYLED_ITEM('',(#10),#724);
#311=STYLED_ITEM('',(#10),#725);
#312=STYLED_ITEM('',(#10),#726);
#313=STYLED_ITEM('',(#10),#727);
#314=STYLED_ITEM('',(#10),#728);
#315=STYLED_ITEM('',(#10),#729);
#316=STYLED_ITEM('',(#10),#730);
#317=STYLED_ITEM('',(#10),#731);
#318=STYLED_ITEM('',(#10),#732);
#319=STYLED_ITEM('',(#10),#733);
#320=STYLED_ITEM('',(#10),#734);
#321=STYLED_ITEM('',(#10),#735);
#322=STYLED_ITEM('',(#10),#736);
#323=STYLED_ITEM('',(#10),#737);
#324=STYLED_ITEM('',(#10),#738);
#325=STYLED_ITEM('',(#10),#739);
#326=STYLED_ITEM('',(#10),#740);
#327=STYLED_ITEM('',(#10),#741);
#328=STYLED_ITEM('',(#10),#742);
#329=STYLED_ITEM('',(#10),#743);
#330=STYLED_ITEM('',(#10),#744);
#331=STYLED_ITEM('',(#10),#745);
#332=STYLED_ITEM('',(#10),#746);
#333=STYLED_ITEM('',(#10),#747);
#334=STYLED_ITEM('',(#10),#748);
#335=STYLED_ITEM('',(#10),#749);
#336=STYLED_ITEM('',(#10),#750);
#337=STYLED_ITEM('',(#10),#751);
#338=STYLED_ITEM('',(#10),#752);
#339=STYLED_ITEM('',(#10),#753);
#340=STYLED_ITEM('',(#10),#754);
#341=STYLED_ITEM('',(#10),#755);
#342=STYLED_ITEM('',(#10),#756);
#343=STYLED_ITEM('',(#10),#757);
#344=STYLED_ITEM('',(#10),#758);
#345=STYLED_ITEM('',(#10),#759);
#346=STYLED_ITEM('',(#10),#760);
#347=STYLED_ITEM('',(#10),#761);
#348=STYLED_ITEM('',(#10),#762);
#349=STYLED_ITEM('',(#10),#763);
#350=STYLED_ITEM('',(#10),#764);
#351=STYLED_ITEM('',(#10),#765);
#352=STYLED_ITEM('',(#10),#766);
#353=STYLED_ITEM('',(#10),#767);
#354=STYLED_ITEM('',(#10),#768);
#355=STYLED_ITEM('',(#10),#769);
#356=STYLED_ITEM('',(#10),#770);
#357=STYLED_ITEM('',(#10),#771);
#358=STYLED_ITEM('',(#10),#772);
#359=STYLED_ITEM('',(#10),#773);
#360=STYLED_ITEM('',(#10),#774);
#361=STYLED_ITEM('',(#10),#775);
#362=STYLED_ITEM('',(#10),#776);
#363=STYLED_ITEM('',(#10),#777);
#364=STYLED_ITEM('',(#10),#778);
#365=STYLED_ITEM('',(#10),#779);
#366=STYLED_ITEM('',(#10),#780);
#367=STYLED_ITEM('',(#10),#781);
#368=STYLED_ITEM('',(#10),#782);
#369=STYLED_ITEM('',(#10),#783);
#370=STYLED_ITEM('',(#10),#784);
#371=STYLED_ITEM('',(#10),#785);
#372=STYLED_ITEM('',(#10),#786);
#373=STYLED_ITEM('',(#10),#787);
#374=STYLED_ITEM('',(#10),#788);
#375=STYLED_ITEM('',(#10),#789);
#376=STYLED_ITEM('',(#10),#790);
#377=STYLED_ITEM('',(#10),#791);
#378=STYLED_ITEM('',(#10),#792);
#379=STYLED_ITEM('',(#10),#793);
#380=STYLED_ITEM('',(#10),#794);
#381=STYLED_ITEM('',(#10),#795);
#382=STYLED_ITEM('',(#10),#796);
#383=STYLED_ITEM('',(#10),#797);
#384=STYLED_ITEM('',(#10),#798);
#385=STYLED_ITEM('',(#10),#799);
#386=STYLED_ITEM('',(#10),#800);
#387=STYLED_ITEM('',(#10),#801);
#388=STYLED_ITEM('',(#10),#802);
#389=STYLED_ITEM('',(#10),#803);
#390=STYLED_ITEM('',(#10),#804);
#391=STYLED_ITEM('',(#10),#805);
#392=STYLED_ITEM('',(#10),#806);
#393=STYLED_ITEM('',(#10),#807);
#394=STYLED_ITEM('',(#10),#808);
#395=STYLED_ITEM('',(#10),#809);
#396=STYLED_ITEM('',(#10),#810);
#397=STYLED_ITEM('',(#10),#811);
#398=STYLED_ITEM('',(#10),#812);
#399=STYLED_ITEM('',(#10),#813);
#400=STYLED_ITEM('',(#10),#814);
#401=STYLED_ITEM('',(#10),#815);
#402=STYLED_ITEM('',(#10),#816);
#403=STYLED_ITEM('',(#10),#817);
#404=STYLED_ITEM('',(#10),#818);
#405=STYLED_ITEM('',(#10),#819);
#406=STYLED_ITEM('',(#10),#820);
#407=STYLED_ITEM('',(#10),#821);
#408=STYLED_ITEM('',(#10),#822);
#409=STYLED_ITEM('',(#10),#823);
#410=STYLED_ITEM('',(#10),#824);
#411=STYLED_ITEM('',(#10),#825);
#412=STYLED_ITEM('',(#10),#826);
#413=STYLED_ITEM('',(#10),#827);
#414=STYLED_ITEM('',(#10),#828);
#415=STYLED_ITEM('',(#10),#829);
#416=STYLED_ITEM('',(#11),#424);
#417=COLOUR_RGB('',0.,0.,0.);
#418=COLOUR_RGB('rgb_colour_1',0.4,0.4,0.4);
#419=MECHANICAL_DESIGN_GEOMETRIC_PRESENTATION_REPRESENTATION('',(#22,#23,#24,
#25,#26,#27,#28,#29,#30,#31,#32,#33,#34,#35,#36,#37,#38,#39,#40,#41,#42,#43,
#44,#45,#46,#47,#48,#49,#50,#51,#52,#53,#54,#55,#56,#57,#58,#59,#60,#61,#62,
#63,#64,#65,#66,#67,#68,#69,#70,#71,#72,#73,#74,#75,#76,#77,#78,#79,#80,#81,
#82,#83,#84,#85,#86,#87,#88,#89,#90,#91,#92,#93,#94,#95,#96,#97,#98,#99,#100,
#101,#102,#103,#104,#105,#106,#107,#108,#109,#110,#111,#112,#113,#114,#115,
#116,#117,#118,#119,#120,#121,#122,#123,#124,#125,#126,#127,#128,#129,#130,
#131,#132,#133,#134,#135,#136,#137,#138,#139,#140,#141,#142,#143,#144,#145,
#146,#147,#148,#149,#150,#151,#152,#153,#154,#155,#156,#157,#158,#159,#160,
#161,#162,#163,#164,#165,#166,#167,#168,#169,#170,#171,#172,#173,#174,#175,
#176,#177,#178,#179,#180,#181,#182,#183,#184,#185,#186,#187,#188,#189,#190,
#191,#192,#193,#194,#195,#196,#197,#198,#199,#200,#201,#202,#203,#204,#205,
#206,#207,#208,#209,#210,#211,#212,#213,#214,#215,#216,#217,#218,#219,#220,
#221,#222,#223,#224,#225,#226,#227,#228,#229,#230,#231,#232,#233,#234,#235,
#236,#237,#238,#239,#240,#241,#242,#243,#244,#245,#246,#247,#248,#249,#250,
#251,#252,#253,#254,#255,#256,#257,#258,#259,#260,#261,#262,#263,#264,#265,
#266,#267,#268,#269,#270,#271,#272,#273,#274,#275,#276,#277,#278,#279,#280,
#281,#282,#283,#284,#285,#286,#287,#288,#289,#290,#291,#292,#293,#294,#295,
#296,#297,#298,#299,#300,#301,#302,#303,#304,#305,#306,#307,#308,#309,#310,
#311,#312,#313,#314,#315,#316,#317,#318,#319,#320,#321,#322,#323,#324,#325,
#326,#327,#328,#329,#330,#331,#332,#333,#334,#335,#336,#337,#338,#339,#340,
#341,#342,#343,#344,#345,#346,#347,#348,#349,#350,#351,#352,#353,#354,#355,
#356,#357,#358,#359,#360,#361,#362,#363,#364,#365,#366,#367,#368,#369,#370,
#371,#372,#373,#374,#375,#376,#377,#378,#379,#380,#381,#382,#383,#384,#385,
#386,#387,#388,#389,#390,#391,#392,#393,#394,#395,#396,#397,#398,#399,#400,
#401,#402,#403,#404,#405,#406,#407,#408,#409,#410,#411,#412,#413,#414,#415,
#416),#11823);
#420=PRESENTATION_LAYER_ASSIGNMENT('85','D898',(#436,#437,#438,#439,#440,#441,
#442,#443,#444,#445,#446,#447,#448,#449,#450,#451,#452,#453,#454,#455,#456,
#457,#458,#459,#460,#461,#462,#463,#464,#465,#466,#467,#468,#469,#470,#471,
#472,#473,#474,#475,#476,#477,#478,#479,#480,#481,#482,#483,#484,#485,#486,
#487,#488,#489,#490,#491,#492,#493,#494,#495,#496,#497,#498,#499,#500,#501,
#502,#503,#504,#505,#506,#507,#508,#509,#510,#511,#512,#513,#514,#515,#516,
#517,#518,#519,#520,#521,#522,#523,#524,#525,#526,#527,#528,#529,#530,#531,
#532,#533,#534,#535,#536,#537,#538,#539,#540,#541,#542,#543,#544,#545,#546,
#547,#548,#549,#550,#551,#552,#553,#554,#555,#556,#557,#558,#559,#560,#561,
#562,#563,#564,#565,#566,#567,#568,#569,#570,#571,#572,#573,#574,#575,#576,
#577,#578,#579,#580,#581,#582,#583,#584,#585,#586,#587,#588,#589,#590,#591,
#592,#593,#594,#595,#596,#597,#598,#599,#600,#601,#602,#603,#604,#605,#606,
#607,#608,#609,#610,#611,#612,#613,#614,#615,#616,#617,#618,#619,#620,#621,
#622,#623,#624,#625,#626,#627,#628,#629,#630,#631,#632,#633,#634,#635,#636,
#637,#638,#639,#640,#641,#642,#643,#644,#645,#646,#647,#648,#649,#650,#651,
#652,#653,#654,#655,#656,#657,#658,#659,#660,#661,#662,#663,#664,#665,#666,
#667,#668,#669,#670,#671,#672,#673,#674,#675,#676,#677,#678,#679,#680,#681,
#682,#683,#684,#685,#686,#687,#688,#689,#690,#691,#692,#693,#694,#695,#696,
#697,#698,#699,#700,#701,#702,#703,#704,#705,#706,#707,#708,#709,#710,#711,
#712,#713,#714,#715,#716,#717,#718,#719,#720,#721,#722,#723,#724,#725,#726,
#727,#728,#729,#730,#731,#732,#733,#734,#735,#736,#737,#738,#739,#740,#741,
#742,#743,#744,#745,#746,#747,#748,#749,#750,#751,#752,#753,#754,#755,#756,
#757,#758,#759,#760,#761,#762,#763,#764,#765,#766,#767,#768,#769,#770,#771,
#772,#773,#774,#775,#776,#777,#778,#779,#780,#781,#782,#783,#784,#785,#786,
#787,#788,#789,#790,#791,#792,#793,#794,#795,#796,#797,#798,#799,#800,#801,
#802,#803,#804,#805,#806,#807,#808,#809,#810,#811,#812,#813,#814,#815,#816,
#817,#818,#819,#820,#821,#822,#823,#824,#825,#826,#827,#828,#829,#424));
#421=SHAPE_REPRESENTATION_RELATIONSHIP('','',#7588,#422);
#422=ADVANCED_BREP_SHAPE_REPRESENTATION('',(#423),#11823);
#423=MANIFOLD_SOLID_BREP('2787',#424);
#424=CLOSED_SHELL('',(#436,#437,#438,#439,#440,#441,#442,#443,#444,#445,#446,
#447,#448,#449,#450,#451,#452,#453,#454,#455,#456,#457,#458,#459,#460,#461,
#462,#463,#464,#465,#466,#467,#468,#469,#470,#471,#472,#473,#474,#475,#476,
#477,#478,#479,#480,#481,#482,#483,#484,#485,#486,#487,#488,#489,#490,#491,
#492,#493,#494,#495,#496,#497,#498,#499,#500,#501,#502,#503,#504,#505,#506,
#507,#508,#509,#510,#511,#512,#513,#514,#515,#516,#517,#518,#519,#520,#521,
#522,#523,#524,#525,#526,#527,#528,#529,#530,#531,#532,#533,#534,#535,#536,
#537,#538,#539,#540,#541,#542,#543,#544,#545,#546,#547,#548,#549,#550,#551,
#552,#553,#554,#555,#556,#557,#558,#559,#560,#561,#562,#563,#564,#565,#566,
#567,#568,#569,#570,#571,#572,#573,#574,#575,#576,#577,#578,#579,#580,#581,
#582,#583,#584,#585,#586,#587,#588,#589,#590,#591,#592,#593,#594,#595,#596,
#597,#598,#599,#600,#601,#602,#603,#604,#605,#606,#607,#608,#609,#610,#611,
#612,#613,#614,#615,#616,#617,#618,#619,#620,#621,#622,#623,#624,#625,#626,
#627,#628,#629,#630,#631,#632,#633,#634,#635,#636,#637,#638,#639,#640,#641,
#642,#643,#644,#645,#646,#647,#648,#649,#650,#651,#652,#653,#654,#655,#656,
#657,#658,#659,#660,#661,#662,#663,#664,#665,#666,#667,#668,#669,#670,#671,
#672,#673,#674,#675,#676,#677,#678,#679,#680,#681,#682,#683,#684,#685,#686,
#687,#688,#689,#690,#691,#692,#693,#694,#695,#696,#697,#698,#699,#700,#701,
#702,#703,#704,#705,#706,#707,#708,#709,#710,#711,#712,#713,#714,#715,#716,
#717,#718,#719,#720,#721,#722,#723,#724,#725,#726,#727,#728,#729,#730,#731,
#732,#733,#734,#735,#736,#737,#738,#739,#740,#741,#742,#743,#744,#745,#746,
#747,#748,#749,#750,#751,#752,#753,#754,#755,#756,#757,#758,#759,#760,#761,
#762,#763,#764,#765,#766,#767,#768,#769,#770,#771,#772,#773,#774,#775,#776,
#777,#778,#779,#780,#781,#782,#783,#784,#785,#786,#787,#788,#789,#790,#791,
#792,#793,#794,#795,#796,#797,#798,#799,#800,#801,#802,#803,#804,#805,#806,
#807,#808,#809,#810,#811,#812,#813,#814,#815,#816,#817,#818,#819,#820,#821,
#822,#823,#824,#825,#826,#827,#828,#829));
#425=CYLINDRICAL_SURFACE('',#7794,105.719021816713);
#426=CYLINDRICAL_SURFACE('',#7795,17.932745528538);
#427=CYLINDRICAL_SURFACE('',#7796,180.797553782784);
#428=CYLINDRICAL_SURFACE('',#7800,38.3217292248239);
#429=CYLINDRICAL_SURFACE('',#7801,11.5573765967932);
#430=CYLINDRICAL_SURFACE('',#7802,6.16846896551512);
#431=CYLINDRICAL_SURFACE('',#7803,1.59159558544458);
#432=CYLINDRICAL_SURFACE('',#7807,12.2884138921982);
#433=CYLINDRICAL_SURFACE('',#7809,8.5830166170972);
#434=CYLINDRICAL_SURFACE('',#7813,15.2521609609238);
#435=CYLINDRICAL_SURFACE('',#7818,8.43335873593588);
#436=ADVANCED_FACE('',(#830),#3618,.F.);
#437=ADVANCED_FACE('',(#831),#3619,.F.);
#438=ADVANCED_FACE('',(#832),#3620,.F.);
#439=ADVANCED_FACE('',(#833),#3621,.F.);
#440=ADVANCED_FACE('',(#834),#3622,.F.);
#441=ADVANCED_FACE('',(#835),#3623,.F.);
#442=ADVANCED_FACE('',(#836),#3624,.F.);
#443=ADVANCED_FACE('',(#837),#3625,.F.);
#444=ADVANCED_FACE('',(#838),#3626,.F.);
#445=ADVANCED_FACE('',(#839),#3627,.F.);
#446=ADVANCED_FACE('',(#840),#3628,.F.);
#447=ADVANCED_FACE('',(#841),#3629,.F.);
#448=ADVANCED_FACE('',(#842),#3630,.F.);
#449=ADVANCED_FACE('',(#843),#3631,.F.);
#450=ADVANCED_FACE('',(#844),#3632,.F.);
#451=ADVANCED_FACE('',(#845),#3633,.F.);
#452=ADVANCED_FACE('',(#846),#3634,.F.);
#453=ADVANCED_FACE('',(#847),#3635,.F.);
#454=ADVANCED_FACE('',(#848),#3636,.F.);
#455=ADVANCED_FACE('',(#849),#3637,.F.);
#456=ADVANCED_FACE('',(#850),#3638,.F.);
#457=ADVANCED_FACE('',(#851),#3639,.F.);
#458=ADVANCED_FACE('',(#852),#3640,.F.);
#459=ADVANCED_FACE('',(#853),#3641,.F.);
#460=ADVANCED_FACE('',(#854),#3642,.F.);
#461=ADVANCED_FACE('',(#855),#3643,.F.);
#462=ADVANCED_FACE('',(#856),#3644,.F.);
#463=ADVANCED_FACE('',(#857),#3645,.F.);
#464=ADVANCED_FACE('',(#858),#3646,.F.);
#465=ADVANCED_FACE('',(#859),#3647,.F.);
#466=ADVANCED_FACE('',(#860),#3648,.F.);
#467=ADVANCED_FACE('',(#861),#3649,.F.);
#468=ADVANCED_FACE('',(#862),#3650,.F.);
#469=ADVANCED_FACE('',(#863),#3651,.F.);
#470=ADVANCED_FACE('',(#864),#3652,.F.);
#471=ADVANCED_FACE('',(#865),#3653,.F.);
#472=ADVANCED_FACE('',(#866),#3654,.F.);
#473=ADVANCED_FACE('',(#867),#3655,.F.);
#474=ADVANCED_FACE('',(#868),#3656,.F.);
#475=ADVANCED_FACE('',(#869),#3657,.F.);
#476=ADVANCED_FACE('',(#870),#3658,.F.);
#477=ADVANCED_FACE('',(#871),#3659,.F.);
#478=ADVANCED_FACE('',(#872),#3660,.F.);
#479=ADVANCED_FACE('',(#873),#3661,.F.);
#480=ADVANCED_FACE('',(#874),#3662,.F.);
#481=ADVANCED_FACE('',(#875),#3663,.F.);
#482=ADVANCED_FACE('',(#876),#3664,.F.);
#483=ADVANCED_FACE('',(#877),#3665,.F.);
#484=ADVANCED_FACE('',(#878),#3666,.F.);
#485=ADVANCED_FACE('',(#879),#3667,.F.);
#486=ADVANCED_FACE('',(#880),#3668,.F.);
#487=ADVANCED_FACE('',(#881),#3669,.F.);
#488=ADVANCED_FACE('',(#882),#3670,.F.);
#489=ADVANCED_FACE('',(#883),#3671,.F.);
#490=ADVANCED_FACE('',(#884),#3672,.F.);
#491=ADVANCED_FACE('',(#885),#3673,.F.);
#492=ADVANCED_FACE('',(#886),#3674,.F.);
#493=ADVANCED_FACE('',(#887),#3675,.F.);
#494=ADVANCED_FACE('',(#888),#3676,.F.);
#495=ADVANCED_FACE('',(#889),#3677,.F.);
#496=ADVANCED_FACE('',(#890),#3678,.F.);
#497=ADVANCED_FACE('',(#891),#3679,.F.);
#498=ADVANCED_FACE('',(#892),#3680,.F.);
#499=ADVANCED_FACE('',(#893),#3681,.F.);
#500=ADVANCED_FACE('',(#894),#3682,.F.);
#501=ADVANCED_FACE('',(#895),#3683,.F.);
#502=ADVANCED_FACE('',(#896),#3684,.F.);
#503=ADVANCED_FACE('',(#897),#3685,.F.);
#504=ADVANCED_FACE('',(#898),#3686,.F.);
#505=ADVANCED_FACE('',(#899),#3687,.F.);
#506=ADVANCED_FACE('',(#900),#3688,.F.);
#507=ADVANCED_FACE('',(#901),#3689,.F.);
#508=ADVANCED_FACE('',(#902),#3690,.F.);
#509=ADVANCED_FACE('',(#903),#3691,.F.);
#510=ADVANCED_FACE('',(#904),#3692,.F.);
#511=ADVANCED_FACE('',(#905),#3693,.F.);
#512=ADVANCED_FACE('',(#906),#3694,.F.);
#513=ADVANCED_FACE('',(#907),#3695,.F.);
#514=ADVANCED_FACE('',(#908),#3696,.F.);
#515=ADVANCED_FACE('',(#909),#3697,.F.);
#516=ADVANCED_FACE('',(#910),#3698,.F.);
#517=ADVANCED_FACE('',(#911),#3699,.F.);
#518=ADVANCED_FACE('',(#912),#3700,.F.);
#519=ADVANCED_FACE('',(#913),#3701,.F.);
#520=ADVANCED_FACE('',(#914),#3702,.F.);
#521=ADVANCED_FACE('',(#915),#3703,.F.);
#522=ADVANCED_FACE('',(#916),#3704,.F.);
#523=ADVANCED_FACE('',(#917),#3705,.F.);
#524=ADVANCED_FACE('',(#918),#3706,.F.);
#525=ADVANCED_FACE('',(#919),#3707,.F.);
#526=ADVANCED_FACE('',(#920),#3708,.F.);
#527=ADVANCED_FACE('',(#921),#3709,.F.);
#528=ADVANCED_FACE('',(#922),#3710,.F.);
#529=ADVANCED_FACE('',(#923),#3711,.F.);
#530=ADVANCED_FACE('',(#924),#3712,.F.);
#531=ADVANCED_FACE('',(#925),#3713,.F.);
#532=ADVANCED_FACE('',(#926),#3714,.F.);
#533=ADVANCED_FACE('',(#927),#3715,.F.);
#534=ADVANCED_FACE('',(#928),#3716,.F.);
#535=ADVANCED_FACE('',(#929),#3717,.F.);
#536=ADVANCED_FACE('',(#930),#3718,.F.);
#537=ADVANCED_FACE('',(#931),#3719,.F.);
#538=ADVANCED_FACE('',(#932),#3720,.F.);
#539=ADVANCED_FACE('',(#933),#3721,.F.);
#540=ADVANCED_FACE('',(#934),#3722,.F.);
#541=ADVANCED_FACE('',(#935),#3723,.F.);
#542=ADVANCED_FACE('',(#936),#3724,.F.);
#543=ADVANCED_FACE('',(#937),#3725,.F.);
#544=ADVANCED_FACE('',(#938),#3726,.F.);
#545=ADVANCED_FACE('',(#939),#3727,.F.);
#546=ADVANCED_FACE('',(#940),#3728,.F.);
#547=ADVANCED_FACE('',(#941),#3729,.F.);
#548=ADVANCED_FACE('',(#942),#3730,.F.);
#549=ADVANCED_FACE('',(#943),#3731,.F.);
#550=ADVANCED_FACE('',(#944),#3732,.F.);
#551=ADVANCED_FACE('',(#945),#3733,.F.);
#552=ADVANCED_FACE('',(#946),#3734,.F.);
#553=ADVANCED_FACE('',(#947),#3735,.F.);
#554=ADVANCED_FACE('',(#948),#3736,.F.);
#555=ADVANCED_FACE('',(#949),#3737,.F.);
#556=ADVANCED_FACE('',(#950),#3738,.F.);
#557=ADVANCED_FACE('',(#951),#3739,.F.);
#558=ADVANCED_FACE('',(#952),#3740,.F.);
#559=ADVANCED_FACE('',(#953),#3741,.F.);
#560=ADVANCED_FACE('',(#954),#3742,.F.);
#561=ADVANCED_FACE('',(#955),#3743,.F.);
#562=ADVANCED_FACE('',(#956),#3744,.F.);
#563=ADVANCED_FACE('',(#957),#3745,.F.);
#564=ADVANCED_FACE('',(#958),#3746,.F.);
#565=ADVANCED_FACE('',(#959),#3747,.F.);
#566=ADVANCED_FACE('',(#960),#3748,.F.);
#567=ADVANCED_FACE('',(#961),#3749,.F.);
#568=ADVANCED_FACE('',(#962),#3750,.F.);
#569=ADVANCED_FACE('',(#963),#3751,.F.);
#570=ADVANCED_FACE('',(#964),#3752,.F.);
#571=ADVANCED_FACE('',(#965),#3753,.F.);
#572=ADVANCED_FACE('',(#966),#3754,.F.);
#573=ADVANCED_FACE('',(#967),#3755,.F.);
#574=ADVANCED_FACE('',(#968),#3756,.F.);
#575=ADVANCED_FACE('',(#969),#3757,.F.);
#576=ADVANCED_FACE('',(#970),#3758,.F.);
#577=ADVANCED_FACE('',(#971),#3759,.F.);
#578=ADVANCED_FACE('',(#972),#3760,.F.);
#579=ADVANCED_FACE('',(#973),#3761,.F.);
#580=ADVANCED_FACE('',(#974),#3762,.F.);
#581=ADVANCED_FACE('',(#975),#3763,.F.);
#582=ADVANCED_FACE('',(#976),#3764,.F.);
#583=ADVANCED_FACE('',(#977),#3765,.F.);
#584=ADVANCED_FACE('',(#978),#3766,.F.);
#585=ADVANCED_FACE('',(#979),#3767,.F.);
#586=ADVANCED_FACE('',(#980),#3768,.F.);
#587=ADVANCED_FACE('',(#981),#3769,.F.);
#588=ADVANCED_FACE('',(#982),#3770,.F.);
#589=ADVANCED_FACE('',(#983),#3771,.F.);
#590=ADVANCED_FACE('',(#984),#3772,.F.);
#591=ADVANCED_FACE('',(#985),#3773,.F.);
#592=ADVANCED_FACE('',(#986),#3774,.F.);
#593=ADVANCED_FACE('',(#987),#3775,.F.);
#594=ADVANCED_FACE('',(#988),#3776,.F.);
#595=ADVANCED_FACE('',(#989),#3777,.F.);
#596=ADVANCED_FACE('',(#990),#3778,.F.);
#597=ADVANCED_FACE('',(#991),#3779,.F.);
#598=ADVANCED_FACE('',(#992),#3780,.F.);
#599=ADVANCED_FACE('',(#993),#3781,.F.);
#600=ADVANCED_FACE('',(#994),#3782,.F.);
#601=ADVANCED_FACE('',(#995),#3783,.F.);
#602=ADVANCED_FACE('',(#996),#3784,.F.);
#603=ADVANCED_FACE('',(#997),#3785,.F.);
#604=ADVANCED_FACE('',(#998),#3786,.F.);
#605=ADVANCED_FACE('',(#999),#3787,.F.);
#606=ADVANCED_FACE('',(#1000),#3788,.F.);
#607=ADVANCED_FACE('',(#1001),#3789,.F.);
#608=ADVANCED_FACE('',(#1002),#3790,.F.);
#609=ADVANCED_FACE('',(#1003),#3791,.F.);
#610=ADVANCED_FACE('',(#1004),#3792,.F.);
#611=ADVANCED_FACE('',(#1005),#3793,.F.);
#612=ADVANCED_FACE('',(#1006),#3794,.F.);
#613=ADVANCED_FACE('',(#1007),#3795,.F.);
#614=ADVANCED_FACE('',(#1008),#3796,.F.);
#615=ADVANCED_FACE('',(#1009),#3797,.F.);
#616=ADVANCED_FACE('',(#1010),#3798,.F.);
#617=ADVANCED_FACE('',(#1011),#3799,.F.);
#618=ADVANCED_FACE('',(#1012),#425,.F.);
#619=ADVANCED_FACE('',(#1013),#426,.F.);
#620=ADVANCED_FACE('',(#1014),#427,.T.);
#621=ADVANCED_FACE('',(#1015),#3800,.F.);
#622=ADVANCED_FACE('',(#1016),#3801,.F.);
#623=ADVANCED_FACE('',(#1017),#3802,.F.);
#624=ADVANCED_FACE('',(#1018),#428,.T.);
#625=ADVANCED_FACE('',(#1019),#429,.T.);
#626=ADVANCED_FACE('',(#1020),#430,.T.);
#627=ADVANCED_FACE('',(#1021),#431,.F.);
#628=ADVANCED_FACE('',(#1022),#3803,.F.);
#629=ADVANCED_FACE('',(#1023),#3804,.F.);
#630=ADVANCED_FACE('',(#1024),#3805,.F.);
#631=ADVANCED_FACE('',(#1025),#432,.F.);
#632=ADVANCED_FACE('',(#1026),#3806,.F.);
#633=ADVANCED_FACE('',(#1027),#433,.F.);
#634=ADVANCED_FACE('',(#1028),#3807,.F.);
#635=ADVANCED_FACE('',(#1029),#3808,.F.);
#636=ADVANCED_FACE('',(#1030),#3809,.F.);
#637=ADVANCED_FACE('',(#1031),#434,.T.);
#638=ADVANCED_FACE('',(#1032),#3810,.F.);
#639=ADVANCED_FACE('',(#1033),#3811,.F.);
#640=ADVANCED_FACE('',(#1034),#3812,.F.);
#641=ADVANCED_FACE('',(#1035),#3813,.F.);
#642=ADVANCED_FACE('',(#1036),#435,.F.);
#643=ADVANCED_FACE('',(#1037),#3814,.F.);
#644=ADVANCED_FACE('',(#1038),#3815,.F.);
#645=ADVANCED_FACE('',(#1039),#3816,.F.);
#646=ADVANCED_FACE('',(#1040),#3817,.F.);
#647=ADVANCED_FACE('',(#1041),#3818,.F.);
#648=ADVANCED_FACE('',(#1042),#3819,.F.);
#649=ADVANCED_FACE('',(#1043),#3820,.F.);
#650=ADVANCED_FACE('',(#1044),#3821,.F.);
#651=ADVANCED_FACE('',(#1045),#3822,.T.);
#652=ADVANCED_FACE('',(#1046),#3823,.T.);
#653=ADVANCED_FACE('',(#1047),#3824,.T.);
#654=ADVANCED_FACE('',(#1048),#3825,.T.);
#655=ADVANCED_FACE('',(#1049),#3826,.F.);
#656=ADVANCED_FACE('',(#1050),#3827,.T.);
#657=ADVANCED_FACE('',(#1051),#3828,.T.);
#658=ADVANCED_FACE('',(#1052),#3829,.T.);
#659=ADVANCED_FACE('',(#1053),#3830,.F.);
#660=ADVANCED_FACE('',(#1054),#3831,.T.);
#661=ADVANCED_FACE('',(#1055),#3832,.T.);
#662=ADVANCED_FACE('',(#1056),#3833,.T.);
#663=ADVANCED_FACE('',(#1057),#3834,.F.);
#664=ADVANCED_FACE('',(#1058),#3835,.T.);
#665=ADVANCED_FACE('',(#1059),#3836,.T.);
#666=ADVANCED_FACE('',(#1060),#3837,.F.);
#667=ADVANCED_FACE('',(#1061),#3838,.T.);
#668=ADVANCED_FACE('',(#1062),#3839,.T.);
#669=ADVANCED_FACE('',(#1063),#3840,.T.);
#670=ADVANCED_FACE('',(#1064),#3841,.F.);
#671=ADVANCED_FACE('',(#1065),#3842,.T.);
#672=ADVANCED_FACE('',(#1066),#3843,.T.);
#673=ADVANCED_FACE('',(#1067),#3844,.T.);
#674=ADVANCED_FACE('',(#1068),#3845,.F.);
#675=ADVANCED_FACE('',(#1069),#3846,.T.);
#676=ADVANCED_FACE('',(#1070),#3847,.T.);
#677=ADVANCED_FACE('',(#1071),#3848,.T.);
#678=ADVANCED_FACE('',(#1072),#3849,.F.);
#679=ADVANCED_FACE('',(#1073),#3850,.T.);
#680=ADVANCED_FACE('',(#1074),#3851,.T.);
#681=ADVANCED_FACE('',(#1075),#3852,.T.);
#682=ADVANCED_FACE('',(#1076),#3853,.F.);
#683=ADVANCED_FACE('',(#1077),#3854,.T.);
#684=ADVANCED_FACE('',(#1078),#3855,.T.);
#685=ADVANCED_FACE('',(#1079),#3856,.T.);
#686=ADVANCED_FACE('',(#1080),#3857,.F.);
#687=ADVANCED_FACE('',(#1081),#3858,.T.);
#688=ADVANCED_FACE('',(#1082),#3859,.T.);
#689=ADVANCED_FACE('',(#1083),#3860,.T.);
#690=ADVANCED_FACE('',(#1084),#3861,.F.);
#691=ADVANCED_FACE('',(#1085),#3862,.T.);
#692=ADVANCED_FACE('',(#1086),#3863,.T.);
#693=ADVANCED_FACE('',(#1087),#3864,.T.);
#694=ADVANCED_FACE('',(#1088),#3865,.F.);
#695=ADVANCED_FACE('',(#1089),#3866,.T.);
#696=ADVANCED_FACE('',(#1090),#3867,.T.);
#697=ADVANCED_FACE('',(#1091),#3868,.T.);
#698=ADVANCED_FACE('',(#1092),#3869,.F.);
#699=ADVANCED_FACE('',(#1093),#3870,.T.);
#700=ADVANCED_FACE('',(#1094),#3871,.T.);
#701=ADVANCED_FACE('',(#1095),#3872,.T.);
#702=ADVANCED_FACE('',(#1096),#3873,.F.);
#703=ADVANCED_FACE('',(#1097),#3874,.T.);
#704=ADVANCED_FACE('',(#1098),#3875,.T.);
#705=ADVANCED_FACE('',(#1099),#3876,.T.);
#706=ADVANCED_FACE('',(#1100),#3877,.F.);
#707=ADVANCED_FACE('',(#1101),#3878,.T.);
#708=ADVANCED_FACE('',(#1102),#3879,.T.);
#709=ADVANCED_FACE('',(#1103),#3880,.T.);
#710=ADVANCED_FACE('',(#1104),#3881,.F.);
#711=ADVANCED_FACE('',(#1105),#3882,.T.);
#712=ADVANCED_FACE('',(#1106),#3883,.T.);
#713=ADVANCED_FACE('',(#1107),#3884,.T.);
#714=ADVANCED_FACE('',(#1108),#3885,.F.);
#715=ADVANCED_FACE('',(#1109),#3886,.T.);
#716=ADVANCED_FACE('',(#1110),#3887,.T.);
#717=ADVANCED_FACE('',(#1111),#3888,.T.);
#718=ADVANCED_FACE('',(#1112),#3889,.F.);
#719=ADVANCED_FACE('',(#1113),#3890,.T.);
#720=ADVANCED_FACE('',(#1114),#3891,.T.);
#721=ADVANCED_FACE('',(#1115),#3892,.T.);
#722=ADVANCED_FACE('',(#1116),#3893,.F.);
#723=ADVANCED_FACE('',(#1117),#3894,.T.);
#724=ADVANCED_FACE('',(#1118),#3895,.T.);
#725=ADVANCED_FACE('',(#1119),#3896,.T.);
#726=ADVANCED_FACE('',(#1120),#3897,.F.);
#727=ADVANCED_FACE('',(#1121),#3898,.T.);
#728=ADVANCED_FACE('',(#1122),#3899,.T.);
#729=ADVANCED_FACE('',(#1123),#3900,.T.);
#730=ADVANCED_FACE('',(#1124),#3901,.F.);
#731=ADVANCED_FACE('',(#1125),#3902,.T.);
#732=ADVANCED_FACE('',(#1126),#3903,.T.);
#733=ADVANCED_FACE('',(#1127),#3904,.T.);
#734=ADVANCED_FACE('',(#1128),#3905,.F.);
#735=ADVANCED_FACE('',(#1129),#3906,.T.);
#736=ADVANCED_FACE('',(#1130),#3907,.T.);
#737=ADVANCED_FACE('',(#1131),#3908,.T.);
#738=ADVANCED_FACE('',(#1132),#3909,.F.);
#739=ADVANCED_FACE('',(#1133),#3910,.T.);
#740=ADVANCED_FACE('',(#1134),#3911,.T.);
#741=ADVANCED_FACE('',(#1135),#3912,.T.);
#742=ADVANCED_FACE('',(#1136),#3913,.F.);
#743=ADVANCED_FACE('',(#1137),#3914,.T.);
#744=ADVANCED_FACE('',(#1138),#3915,.T.);
#745=ADVANCED_FACE('',(#1139),#3916,.T.);
#746=ADVANCED_FACE('',(#1140),#3917,.F.);
#747=ADVANCED_FACE('',(#1141),#3918,.T.);
#748=ADVANCED_FACE('',(#1142),#3919,.T.);
#749=ADVANCED_FACE('',(#1143),#3920,.T.);
#750=ADVANCED_FACE('',(#1144),#3921,.F.);
#751=ADVANCED_FACE('',(#1145),#3922,.T.);
#752=ADVANCED_FACE('',(#1146),#3923,.T.);
#753=ADVANCED_FACE('',(#1147),#3924,.T.);
#754=ADVANCED_FACE('',(#1148),#3925,.F.);
#755=ADVANCED_FACE('',(#1149),#3926,.T.);
#756=ADVANCED_FACE('',(#1150),#3927,.T.);
#757=ADVANCED_FACE('',(#1151),#3928,.T.);
#758=ADVANCED_FACE('',(#1152),#3929,.F.);
#759=ADVANCED_FACE('',(#1153),#3930,.T.);
#760=ADVANCED_FACE('',(#1154),#3931,.T.);
#761=ADVANCED_FACE('',(#1155),#3932,.T.);
#762=ADVANCED_FACE('',(#1156),#3933,.F.);
#763=ADVANCED_FACE('',(#1157),#3934,.T.);
#764=ADVANCED_FACE('',(#1158),#3935,.T.);
#765=ADVANCED_FACE('',(#1159),#3936,.T.);
#766=ADVANCED_FACE('',(#1160),#3937,.F.);
#767=ADVANCED_FACE('',(#1161),#3938,.T.);
#768=ADVANCED_FACE('',(#1162),#3939,.T.);
#769=ADVANCED_FACE('',(#1163),#3940,.T.);
#770=ADVANCED_FACE('',(#1164),#3941,.F.);
#771=ADVANCED_FACE('',(#1165),#3942,.T.);
#772=ADVANCED_FACE('',(#1166),#3943,.T.);
#773=ADVANCED_FACE('',(#1167),#3944,.T.);
#774=ADVANCED_FACE('',(#1168),#3945,.F.);
#775=ADVANCED_FACE('',(#1169),#3946,.T.);
#776=ADVANCED_FACE('',(#1170),#3947,.T.);
#777=ADVANCED_FACE('',(#1171),#3948,.T.);
#778=ADVANCED_FACE('',(#1172),#3949,.F.);
#779=ADVANCED_FACE('',(#1173),#3950,.T.);
#780=ADVANCED_FACE('',(#1174),#3951,.T.);
#781=ADVANCED_FACE('',(#1175),#3952,.T.);
#782=ADVANCED_FACE('',(#1176),#3953,.F.);
#783=ADVANCED_FACE('',(#1177),#3954,.T.);
#784=ADVANCED_FACE('',(#1178),#3955,.T.);
#785=ADVANCED_FACE('',(#1179),#3956,.T.);
#786=ADVANCED_FACE('',(#1180),#3957,.F.);
#787=ADVANCED_FACE('',(#1181),#3958,.T.);
#788=ADVANCED_FACE('',(#1182),#3959,.T.);
#789=ADVANCED_FACE('',(#1183),#3960,.T.);
#790=ADVANCED_FACE('',(#1184),#3961,.F.);
#791=ADVANCED_FACE('',(#1185),#3962,.T.);
#792=ADVANCED_FACE('',(#1186),#3963,.T.);
#793=ADVANCED_FACE('',(#1187),#3964,.T.);
#794=ADVANCED_FACE('',(#1188),#3965,.F.);
#795=ADVANCED_FACE('',(#1189),#3966,.T.);
#796=ADVANCED_FACE('',(#1190),#3967,.T.);
#797=ADVANCED_FACE('',(#1191),#3968,.T.);
#798=ADVANCED_FACE('',(#1192),#3969,.F.);
#799=ADVANCED_FACE('',(#1193),#3970,.T.);
#800=ADVANCED_FACE('',(#1194),#3971,.T.);
#801=ADVANCED_FACE('',(#1195),#3972,.T.);
#802=ADVANCED_FACE('',(#1196),#3973,.F.);
#803=ADVANCED_FACE('',(#1197),#3974,.T.);
#804=ADVANCED_FACE('',(#1198),#3975,.T.);
#805=ADVANCED_FACE('',(#1199),#3976,.T.);
#806=ADVANCED_FACE('',(#1200),#3977,.F.);
#807=ADVANCED_FACE('',(#1201),#3978,.T.);
#808=ADVANCED_FACE('',(#1202),#3979,.T.);
#809=ADVANCED_FACE('',(#1203),#3980,.T.);
#810=ADVANCED_FACE('',(#1204),#3981,.F.);
#811=ADVANCED_FACE('',(#1205),#3982,.T.);
#812=ADVANCED_FACE('',(#1206),#3983,.T.);
#813=ADVANCED_FACE('',(#1207),#3984,.T.);
#814=ADVANCED_FACE('',(#1208),#3985,.F.);
#815=ADVANCED_FACE('',(#1209),#3986,.T.);
#816=ADVANCED_FACE('',(#1210),#3987,.T.);
#817=ADVANCED_FACE('',(#1211),#3988,.T.);
#818=ADVANCED_FACE('',(#1212),#3989,.F.);
#819=ADVANCED_FACE('',(#1213),#3990,.T.);
#820=ADVANCED_FACE('',(#1214),#3991,.T.);
#821=ADVANCED_FACE('',(#1215),#3992,.T.);
#822=ADVANCED_FACE('',(#1216),#3993,.T.);
#823=ADVANCED_FACE('',(#1217),#3994,.T.);
#824=ADVANCED_FACE('',(#1218),#3995,.T.);
#825=ADVANCED_FACE('',(#1219),#3996,.F.);
#826=ADVANCED_FACE('',(#1220),#3997,.T.);
#827=ADVANCED_FACE('',(#1221),#3998,.T.);
#828=ADVANCED_FACE('',(#1222),#3999,.T.);
#829=ADVANCED_FACE('',(#1223),#4000,.F.);
#830=FACE_OUTER_BOUND('',#1224,.T.);
#831=FACE_OUTER_BOUND('',#1225,.T.);
#832=FACE_OUTER_BOUND('',#1226,.T.);
#833=FACE_OUTER_BOUND('',#1227,.T.);
#834=FACE_OUTER_BOUND('',#1228,.T.);
#835=FACE_OUTER_BOUND('',#1229,.T.);
#836=FACE_OUTER_BOUND('',#1230,.T.);
#837=FACE_OUTER_BOUND('',#1231,.T.);
#838=FACE_OUTER_BOUND('',#1232,.T.);
#839=FACE_OUTER_BOUND('',#1233,.T.);
#840=FACE_OUTER_BOUND('',#1234,.T.);
#841=FACE_OUTER_BOUND('',#1235,.T.);
#842=FACE_OUTER_BOUND('',#1236,.T.);
#843=FACE_OUTER_BOUND('',#1237,.T.);
#844=FACE_OUTER_BOUND('',#1238,.T.);
#845=FACE_OUTER_BOUND('',#1239,.T.);
#846=FACE_OUTER_BOUND('',#1240,.T.);
#847=FACE_OUTER_BOUND('',#1241,.T.);
#848=FACE_OUTER_BOUND('',#1242,.T.);
#849=FACE_OUTER_BOUND('',#1243,.T.);
#850=FACE_OUTER_BOUND('',#1244,.T.);
#851=FACE_OUTER_BOUND('',#1245,.T.);
#852=FACE_OUTER_BOUND('',#1246,.T.);
#853=FACE_OUTER_BOUND('',#1247,.T.);
#854=FACE_OUTER_BOUND('',#1248,.T.);
#855=FACE_OUTER_BOUND('',#1249,.T.);
#856=FACE_OUTER_BOUND('',#1250,.T.);
#857=FACE_OUTER_BOUND('',#1251,.T.);
#858=FACE_OUTER_BOUND('',#1252,.T.);
#859=FACE_OUTER_BOUND('',#1253,.T.);
#860=FACE_OUTER_BOUND('',#1254,.T.);
#861=FACE_OUTER_BOUND('',#1255,.T.);
#862=FACE_OUTER_BOUND('',#1256,.T.);
#863=FACE_OUTER_BOUND('',#1257,.T.);
#864=FACE_OUTER_BOUND('',#1258,.T.);
#865=FACE_OUTER_BOUND('',#1259,.T.);
#866=FACE_OUTER_BOUND('',#1260,.T.);
#867=FACE_OUTER_BOUND('',#1261,.T.);
#868=FACE_OUTER_BOUND('',#1262,.T.);
#869=FACE_OUTER_BOUND('',#1263,.T.);
#870=FACE_OUTER_BOUND('',#1264,.T.);
#871=FACE_OUTER_BOUND('',#1265,.T.);
#872=FACE_OUTER_BOUND('',#1266,.T.);
#873=FACE_OUTER_BOUND('',#1267,.T.);
#874=FACE_OUTER_BOUND('',#1268,.T.);
#875=FACE_OUTER_BOUND('',#1269,.T.);
#876=FACE_OUTER_BOUND('',#1270,.T.);
#877=FACE_OUTER_BOUND('',#1271,.T.);
#878=FACE_OUTER_BOUND('',#1272,.T.);
#879=FACE_OUTER_BOUND('',#1273,.T.);
#880=FACE_OUTER_BOUND('',#1274,.T.);
#881=FACE_OUTER_BOUND('',#1275,.T.);
#882=FACE_OUTER_BOUND('',#1276,.T.);
#883=FACE_OUTER_BOUND('',#1277,.T.);
#884=FACE_OUTER_BOUND('',#1278,.T.);
#885=FACE_OUTER_BOUND('',#1279,.T.);
#886=FACE_OUTER_BOUND('',#1280,.T.);
#887=FACE_OUTER_BOUND('',#1281,.T.);
#888=FACE_OUTER_BOUND('',#1282,.T.);
#889=FACE_OUTER_BOUND('',#1283,.T.);
#890=FACE_OUTER_BOUND('',#1284,.T.);
#891=FACE_OUTER_BOUND('',#1285,.T.);
#892=FACE_OUTER_BOUND('',#1286,.T.);
#893=FACE_OUTER_BOUND('',#1287,.T.);
#894=FACE_OUTER_BOUND('',#1288,.T.);
#895=FACE_OUTER_BOUND('',#1289,.T.);
#896=FACE_OUTER_BOUND('',#1290,.T.);
#897=FACE_OUTER_BOUND('',#1291,.T.);
#898=FACE_OUTER_BOUND('',#1292,.T.);
#899=FACE_OUTER_BOUND('',#1293,.T.);
#900=FACE_OUTER_BOUND('',#1294,.T.);
#901=FACE_OUTER_BOUND('',#1295,.T.);
#902=FACE_OUTER_BOUND('',#1296,.T.);
#903=FACE_OUTER_BOUND('',#1297,.T.);
#904=FACE_OUTER_BOUND('',#1298,.T.);
#905=FACE_OUTER_BOUND('',#1299,.T.);
#906=FACE_OUTER_BOUND('',#1300,.T.);
#907=FACE_OUTER_BOUND('',#1301,.T.);
#908=FACE_OUTER_BOUND('',#1302,.T.);
#909=FACE_OUTER_BOUND('',#1303,.T.);
#910=FACE_OUTER_BOUND('',#1304,.T.);
#911=FACE_OUTER_BOUND('',#1305,.T.);
#912=FACE_OUTER_BOUND('',#1306,.T.);
#913=FACE_OUTER_BOUND('',#1307,.T.);
#914=FACE_OUTER_BOUND('',#1308,.T.);
#915=FACE_OUTER_BOUND('',#1309,.T.);
#916=FACE_OUTER_BOUND('',#1310,.T.);
#917=FACE_OUTER_BOUND('',#1311,.T.);
#918=FACE_OUTER_BOUND('',#1312,.T.);
#919=FACE_OUTER_BOUND('',#1313,.T.);
#920=FACE_OUTER_BOUND('',#1314,.T.);
#921=FACE_OUTER_BOUND('',#1315,.T.);
#922=FACE_OUTER_BOUND('',#1316,.T.);
#923=FACE_OUTER_BOUND('',#1317,.T.);
#924=FACE_OUTER_BOUND('',#1318,.T.);
#925=FACE_OUTER_BOUND('',#1319,.T.);
#926=FACE_OUTER_BOUND('',#1320,.T.);
#927=FACE_OUTER_BOUND('',#1321,.T.);
#928=FACE_OUTER_BOUND('',#1322,.T.);
#929=FACE_OUTER_BOUND('',#1323,.T.);
#930=FACE_OUTER_BOUND('',#1324,.T.);
#931=FACE_OUTER_BOUND('',#1325,.T.);
#932=FACE_OUTER_BOUND('',#1326,.T.);
#933=FACE_OUTER_BOUND('',#1327,.T.);
#934=FACE_OUTER_BOUND('',#1328,.T.);
#935=FACE_OUTER_BOUND('',#1329,.T.);
#936=FACE_OUTER_BOUND('',#1330,.T.);
#937=FACE_OUTER_BOUND('',#1331,.T.);
#938=FACE_OUTER_BOUND('',#1332,.T.);
#939=FACE_OUTER_BOUND('',#1333,.T.);
#940=FACE_OUTER_BOUND('',#1334,.T.);
#941=FACE_OUTER_BOUND('',#1335,.T.);
#942=FACE_OUTER_BOUND('',#1336,.T.);
#943=FACE_OUTER_BOUND('',#1337,.T.);
#944=FACE_OUTER_BOUND('',#1338,.T.);
#945=FACE_OUTER_BOUND('',#1339,.T.);
#946=FACE_OUTER_BOUND('',#1340,.T.);
#947=FACE_OUTER_BOUND('',#1341,.T.);
#948=FACE_OUTER_BOUND('',#1342,.T.);
#949=FACE_OUTER_BOUND('',#1343,.T.);
#950=FACE_OUTER_BOUND('',#1344,.T.);
#951=FACE_OUTER_BOUND('',#1345,.T.);
#952=FACE_OUTER_BOUND('',#1346,.T.);
#953=FACE_OUTER_BOUND('',#1347,.T.);
#954=FACE_OUTER_BOUND('',#1348,.T.);
#955=FACE_OUTER_BOUND('',#1349,.T.);
#956=FACE_OUTER_BOUND('',#1350,.T.);
#957=FACE_OUTER_BOUND('',#1351,.T.);
#958=FACE_OUTER_BOUND('',#1352,.T.);
#959=FACE_OUTER_BOUND('',#1353,.T.);
#960=FACE_OUTER_BOUND('',#1354,.T.);
#961=FACE_OUTER_BOUND('',#1355,.T.);
#962=FACE_OUTER_BOUND('',#1356,.T.);
#963=FACE_OUTER_BOUND('',#1357,.T.);
#964=FACE_OUTER_BOUND('',#1358,.T.);
#965=FACE_OUTER_BOUND('',#1359,.T.);
#966=FACE_OUTER_BOUND('',#1360,.T.);
#967=FACE_OUTER_BOUND('',#1361,.T.);
#968=FACE_OUTER_BOUND('',#1362,.T.);
#969=FACE_OUTER_BOUND('',#1363,.T.);
#970=FACE_OUTER_BOUND('',#1364,.T.);
#971=FACE_OUTER_BOUND('',#1365,.T.);
#972=FACE_OUTER_BOUND('',#1366,.T.);
#973=FACE_OUTER_BOUND('',#1367,.T.);
#974=FACE_OUTER_BOUND('',#1368,.T.);
#975=FACE_OUTER_BOUND('',#1369,.T.);
#976=FACE_OUTER_BOUND('',#1370,.T.);
#977=FACE_OUTER_BOUND('',#1371,.T.);
#978=FACE_OUTER_BOUND('',#1372,.T.);
#979=FACE_OUTER_BOUND('',#1373,.T.);
#980=FACE_OUTER_BOUND('',#1374,.T.);
#981=FACE_OUTER_BOUND('',#1375,.T.);
#982=FACE_OUTER_BOUND('',#1376,.T.);
#983=FACE_OUTER_BOUND('',#1377,.T.);
#984=FACE_OUTER_BOUND('',#1378,.T.);
#985=FACE_OUTER_BOUND('',#1379,.T.);
#986=FACE_OUTER_BOUND('',#1380,.T.);
#987=FACE_OUTER_BOUND('',#1381,.T.);
#988=FACE_OUTER_BOUND('',#1382,.T.);
#989=FACE_OUTER_BOUND('',#1383,.T.);
#990=FACE_OUTER_BOUND('',#1384,.T.);
#991=FACE_OUTER_BOUND('',#1385,.T.);
#992=FACE_OUTER_BOUND('',#1386,.T.);
#993=FACE_OUTER_BOUND('',#1387,.T.);
#994=FACE_OUTER_BOUND('',#1388,.T.);
#995=FACE_OUTER_BOUND('',#1389,.T.);
#996=FACE_OUTER_BOUND('',#1390,.T.);
#997=FACE_OUTER_BOUND('',#1391,.T.);
#998=FACE_OUTER_BOUND('',#1392,.T.);
#999=FACE_OUTER_BOUND('',#1393,.T.);
#1000=FACE_OUTER_BOUND('',#1394,.T.);
#1001=FACE_OUTER_BOUND('',#1395,.T.);
#1002=FACE_OUTER_BOUND('',#1396,.T.);
#1003=FACE_OUTER_BOUND('',#1397,.T.);
#1004=FACE_OUTER_BOUND('',#1398,.T.);
#1005=FACE_OUTER_BOUND('',#1399,.T.);
#1006=FACE_OUTER_BOUND('',#1400,.T.);
#1007=FACE_OUTER_BOUND('',#1401,.T.);
#1008=FACE_OUTER_BOUND('',#1402,.T.);
#1009=FACE_OUTER_BOUND('',#1403,.T.);
#1010=FACE_OUTER_BOUND('',#1404,.T.);
#1011=FACE_OUTER_BOUND('',#1405,.T.);
#1012=FACE_OUTER_BOUND('',#1406,.T.);
#1013=FACE_OUTER_BOUND('',#1407,.T.);
#1014=FACE_OUTER_BOUND('',#1408,.T.);
#1015=FACE_OUTER_BOUND('',#1409,.T.);
#1016=FACE_OUTER_BOUND('',#1410,.T.);
#1017=FACE_OUTER_BOUND('',#1411,.T.);
#1018=FACE_OUTER_BOUND('',#1412,.T.);
#1019=FACE_OUTER_BOUND('',#1413,.T.);
#1020=FACE_OUTER_BOUND('',#1414,.T.);
#1021=FACE_OUTER_BOUND('',#1415,.T.);
#1022=FACE_OUTER_BOUND('',#1416,.T.);
#1023=FACE_OUTER_BOUND('',#1417,.T.);
#1024=FACE_OUTER_BOUND('',#1418,.T.);
#1025=FACE_OUTER_BOUND('',#1419,.T.);
#1026=FACE_OUTER_BOUND('',#1420,.T.);
#1027=FACE_OUTER_BOUND('',#1421,.T.);
#1028=FACE_OUTER_BOUND('',#1422,.T.);
#1029=FACE_OUTER_BOUND('',#1423,.T.);
#1030=FACE_OUTER_BOUND('',#1424,.T.);
#1031=FACE_OUTER_BOUND('',#1425,.T.);
#1032=FACE_OUTER_BOUND('',#1426,.T.);
#1033=FACE_OUTER_BOUND('',#1427,.T.);
#1034=FACE_OUTER_BOUND('',#1428,.T.);
#1035=FACE_OUTER_BOUND('',#1429,.T.);
#1036=FACE_OUTER_BOUND('',#1430,.T.);
#1037=FACE_OUTER_BOUND('',#1431,.T.);
#1038=FACE_OUTER_BOUND('',#1432,.T.);
#1039=FACE_OUTER_BOUND('',#1433,.T.);
#1040=FACE_OUTER_BOUND('',#1434,.T.);
#1041=FACE_OUTER_BOUND('',#1435,.T.);
#1042=FACE_OUTER_BOUND('',#1436,.T.);
#1043=FACE_OUTER_BOUND('',#1437,.T.);
#1044=FACE_OUTER_BOUND('',#1438,.T.);
#1045=FACE_OUTER_BOUND('',#1439,.T.);
#1046=FACE_OUTER_BOUND('',#1440,.T.);
#1047=FACE_OUTER_BOUND('',#1441,.T.);
#1048=FACE_OUTER_BOUND('',#1442,.T.);
#1049=FACE_OUTER_BOUND('',#1443,.T.);
#1050=FACE_OUTER_BOUND('',#1444,.T.);
#1051=FACE_OUTER_BOUND('',#1445,.T.);
#1052=FACE_OUTER_BOUND('',#1446,.T.);
#1053=FACE_OUTER_BOUND('',#1447,.T.);
#1054=FACE_OUTER_BOUND('',#1448,.T.);
#1055=FACE_OUTER_BOUND('',#1449,.T.);
#1056=FACE_OUTER_BOUND('',#1450,.T.);
#1057=FACE_OUTER_BOUND('',#1451,.T.);
#1058=FACE_OUTER_BOUND('',#1452,.T.);
#1059=FACE_OUTER_BOUND('',#1453,.T.);
#1060=FACE_OUTER_BOUND('',#1454,.T.);
#1061=FACE_OUTER_BOUND('',#1455,.T.);
#1062=FACE_OUTER_BOUND('',#1456,.T.);
#1063=FACE_OUTER_BOUND('',#1457,.T.);
#1064=FACE_OUTER_BOUND('',#1458,.T.);
#1065=FACE_OUTER_BOUND('',#1459,.T.);
#1066=FACE_OUTER_BOUND('',#1460,.T.);
#1067=FACE_OUTER_BOUND('',#1461,.T.);
#1068=FACE_OUTER_BOUND('',#1462,.T.);
#1069=FACE_OUTER_BOUND('',#1463,.T.);
#1070=FACE_OUTER_BOUND('',#1464,.T.);
#1071=FACE_OUTER_BOUND('',#1465,.T.);
#1072=FACE_OUTER_BOUND('',#1466,.T.);
#1073=FACE_OUTER_BOUND('',#1467,.T.);
#1074=FACE_OUTER_BOUND('',#1468,.T.);
#1075=FACE_OUTER_BOUND('',#1469,.T.);
#1076=FACE_OUTER_BOUND('',#1470,.T.);
#1077=FACE_OUTER_BOUND('',#1471,.T.);
#1078=FACE_OUTER_BOUND('',#1472,.T.);
#1079=FACE_OUTER_BOUND('',#1473,.T.);
#1080=FACE_OUTER_BOUND('',#1474,.T.);
#1081=FACE_OUTER_BOUND('',#1475,.T.);
#1082=FACE_OUTER_BOUND('',#1476,.T.);
#1083=FACE_OUTER_BOUND('',#1477,.T.);
#1084=FACE_OUTER_BOUND('',#1478,.T.);
#1085=FACE_OUTER_BOUND('',#1479,.T.);
#1086=FACE_OUTER_BOUND('',#1480,.T.);
#1087=FACE_OUTER_BOUND('',#1481,.T.);
#1088=FACE_OUTER_BOUND('',#1482,.T.);
#1089=FACE_OUTER_BOUND('',#1483,.T.);
#1090=FACE_OUTER_BOUND('',#1484,.T.);
#1091=FACE_OUTER_BOUND('',#1485,.T.);
#1092=FACE_OUTER_BOUND('',#1486,.T.);
#1093=FACE_OUTER_BOUND('',#1487,.T.);
#1094=FACE_OUTER_BOUND('',#1488,.T.);
#1095=FACE_OUTER_BOUND('',#1489,.T.);
#1096=FACE_OUTER_BOUND('',#1490,.T.);
#1097=FACE_OUTER_BOUND('',#1491,.T.);
#1098=FACE_OUTER_BOUND('',#1492,.T.);
#1099=FACE_OUTER_BOUND('',#1493,.T.);
#1100=FACE_OUTER_BOUND('',#1494,.T.);
#1101=FACE_OUTER_BOUND('',#1495,.T.);
#1102=FACE_OUTER_BOUND('',#1496,.T.);
#1103=FACE_OUTER_BOUND('',#1497,.T.);
#1104=FACE_OUTER_BOUND('',#1498,.T.);
#1105=FACE_OUTER_BOUND('',#1499,.T.);
#1106=FACE_OUTER_BOUND('',#1500,.T.);
#1107=FACE_OUTER_BOUND('',#1501,.T.);
#1108=FACE_OUTER_BOUND('',#1502,.T.);
#1109=FACE_OUTER_BOUND('',#1503,.T.);
#1110=FACE_OUTER_BOUND('',#1504,.T.);
#1111=FACE_OUTER_BOUND('',#1505,.T.);
#1112=FACE_OUTER_BOUND('',#1506,.T.);
#1113=FACE_OUTER_BOUND('',#1507,.T.);
#1114=FACE_OUTER_BOUND('',#1508,.T.);
#1115=FACE_OUTER_BOUND('',#1509,.T.);
#1116=FACE_OUTER_BOUND('',#1510,.T.);
#1117=FACE_OUTER_BOUND('',#1511,.T.);
#1118=FACE_OUTER_BOUND('',#1512,.T.);
#1119=FACE_OUTER_BOUND('',#1513,.T.);
#1120=FACE_OUTER_BOUND('',#1514,.T.);
#1121=FACE_OUTER_BOUND('',#1515,.T.);
#1122=FACE_OUTER_BOUND('',#1516,.T.);
#1123=FACE_OUTER_BOUND('',#1517,.T.);
#1124=FACE_OUTER_BOUND('',#1518,.T.);
#1125=FACE_OUTER_BOUND('',#1519,.T.);
#1126=FACE_OUTER_BOUND('',#1520,.T.);
#1127=FACE_OUTER_BOUND('',#1521,.T.);
#1128=FACE_OUTER_BOUND('',#1522,.T.);
#1129=FACE_OUTER_BOUND('',#1523,.T.);
#1130=FACE_OUTER_BOUND('',#1524,.T.);
#1131=FACE_OUTER_BOUND('',#1525,.T.);
#1132=FACE_OUTER_BOUND('',#1526,.T.);
#1133=FACE_OUTER_BOUND('',#1527,.T.);
#1134=FACE_OUTER_BOUND('',#1528,.T.);
#1135=FACE_OUTER_BOUND('',#1529,.T.);
#1136=FACE_OUTER_BOUND('',#1530,.T.);
#1137=FACE_OUTER_BOUND('',#1531,.T.);
#1138=FACE_OUTER_BOUND('',#1532,.T.);
#1139=FACE_OUTER_BOUND('',#1533,.T.);
#1140=FACE_OUTER_BOUND('',#1534,.T.);
#1141=FACE_OUTER_BOUND('',#1535,.T.);
#1142=FACE_OUTER_BOUND('',#1536,.T.);
#1143=FACE_OUTER_BOUND('',#1537,.T.);
#1144=FACE_OUTER_BOUND('',#1538,.T.);
#1145=FACE_OUTER_BOUND('',#1539,.T.);
#1146=FACE_OUTER_BOUND('',#1540,.T.);
#1147=FACE_OUTER_BOUND('',#1541,.T.);
#1148=FACE_OUTER_BOUND('',#1542,.T.);
#1149=FACE_OUTER_BOUND('',#1543,.T.);
#1150=FACE_OUTER_BOUND('',#1544,.T.);
#1151=FACE_OUTER_BOUND('',#1545,.T.);
#1152=FACE_OUTER_BOUND('',#1546,.T.);
#1153=FACE_OUTER_BOUND('',#1547,.T.);
#1154=FACE_OUTER_BOUND('',#1548,.T.);
#1155=FACE_OUTER_BOUND('',#1549,.T.);
#1156=FACE_OUTER_BOUND('',#1550,.T.);
#1157=FACE_OUTER_BOUND('',#1551,.T.);
#1158=FACE_OUTER_BOUND('',#1552,.T.);
#1159=FACE_OUTER_BOUND('',#1553,.T.);
#1160=FACE_OUTER_BOUND('',#1554,.T.);
#1161=FACE_OUTER_BOUND('',#1555,.T.);
#1162=FACE_OUTER_BOUND('',#1556,.T.);
#1163=FACE_OUTER_BOUND('',#1557,.T.);
#1164=FACE_OUTER_BOUND('',#1558,.T.);
#1165=FACE_OUTER_BOUND('',#1559,.T.);
#1166=FACE_OUTER_BOUND('',#1560,.T.);
#1167=FACE_OUTER_BOUND('',#1561,.T.);
#1168=FACE_OUTER_BOUND('',#1562,.T.);
#1169=FACE_OUTER_BOUND('',#1563,.T.);
#1170=FACE_OUTER_BOUND('',#1564,.T.);
#1171=FACE_OUTER_BOUND('',#1565,.T.);
#1172=FACE_OUTER_BOUND('',#1566,.T.);
#1173=FACE_OUTER_BOUND('',#1567,.T.);
#1174=FACE_OUTER_BOUND('',#1568,.T.);
#1175=FACE_OUTER_BOUND('',#1569,.T.);
#1176=FACE_OUTER_BOUND('',#1570,.T.);
#1177=FACE_OUTER_BOUND('',#1571,.T.);
#1178=FACE_OUTER_BOUND('',#1572,.T.);
#1179=FACE_OUTER_BOUND('',#1573,.T.);
#1180=FACE_OUTER_BOUND('',#1574,.T.);
#1181=FACE_OUTER_BOUND('',#1575,.T.);
#1182=FACE_OUTER_BOUND('',#1576,.T.);
#1183=FACE_OUTER_BOUND('',#1577,.T.);
#1184=FACE_OUTER_BOUND('',#1578,.T.);
#1185=FACE_OUTER_BOUND('',#1579,.T.);
#1186=FACE_OUTER_BOUND('',#1580,.T.);
#1187=FACE_OUTER_BOUND('',#1581,.T.);
#1188=FACE_OUTER_BOUND('',#1582,.T.);
#1189=FACE_OUTER_BOUND('',#1583,.T.);
#1190=FACE_OUTER_BOUND('',#1584,.T.);
#1191=FACE_OUTER_BOUND('',#1585,.T.);
#1192=FACE_OUTER_BOUND('',#1586,.T.);
#1193=FACE_OUTER_BOUND('',#1587,.T.);
#1194=FACE_OUTER_BOUND('',#1588,.T.);
#1195=FACE_OUTER_BOUND('',#1589,.T.);
#1196=FACE_OUTER_BOUND('',#1590,.T.);
#1197=FACE_OUTER_BOUND('',#1591,.T.);
#1198=FACE_OUTER_BOUND('',#1592,.T.);
#1199=FACE_OUTER_BOUND('',#1593,.T.);
#1200=FACE_OUTER_BOUND('',#1594,.T.);
#1201=FACE_OUTER_BOUND('',#1595,.T.);
#1202=FACE_OUTER_BOUND('',#1596,.T.);
#1203=FACE_OUTER_BOUND('',#1597,.T.);
#1204=FACE_OUTER_BOUND('',#1598,.T.);
#1205=FACE_OUTER_BOUND('',#1599,.T.);
#1206=FACE_OUTER_BOUND('',#1600,.T.);
#1207=FACE_OUTER_BOUND('',#1601,.T.);
#1208=FACE_OUTER_BOUND('',#1602,.T.);
#1209=FACE_OUTER_BOUND('',#1603,.T.);
#1210=FACE_OUTER_BOUND('',#1604,.T.);
#1211=FACE_OUTER_BOUND('',#1605,.T.);
#1212=FACE_OUTER_BOUND('',#1606,.T.);
#1213=FACE_OUTER_BOUND('',#1607,.T.);
#1214=FACE_OUTER_BOUND('',#1608,.T.);
#1215=FACE_OUTER_BOUND('',#1609,.T.);
#1216=FACE_OUTER_BOUND('',#1610,.T.);
#1217=FACE_OUTER_BOUND('',#1611,.T.);
#1218=FACE_OUTER_BOUND('',#1612,.T.);
#1219=FACE_OUTER_BOUND('',#1613,.T.);
#1220=FACE_OUTER_BOUND('',#1614,.T.);
#1221=FACE_OUTER_BOUND('',#1615,.T.);
#1222=FACE_OUTER_BOUND('',#1616,.T.);
#1223=FACE_OUTER_BOUND('',#1617,.T.);
#1224=EDGE_LOOP('',(#1618,#1619,#1620,#1621));
#1225=EDGE_LOOP('',(#1622,#1623,#1624,#1625));
#1226=EDGE_LOOP('',(#1626,#1627,#1628,#1629));
#1227=EDGE_LOOP('',(#1630,#1631,#1632,#1633));
#1228=EDGE_LOOP('',(#1634,#1635,#1636,#1637));
#1229=EDGE_LOOP('',(#1638,#1639,#1640,#1641));
#1230=EDGE_LOOP('',(#1642,#1643,#1644,#1645));
#1231=EDGE_LOOP('',(#1646,#1647,#1648,#1649));
#1232=EDGE_LOOP('',(#1650,#1651,#1652,#1653));
#1233=EDGE_LOOP('',(#1654,#1655,#1656,#1657));
#1234=EDGE_LOOP('',(#1658,#1659,#1660,#1661));
#1235=EDGE_LOOP('',(#1662,#1663,#1664,#1665));
#1236=EDGE_LOOP('',(#1666,#1667,#1668,#1669));
#1237=EDGE_LOOP('',(#1670,#1671,#1672,#1673));
#1238=EDGE_LOOP('',(#1674,#1675,#1676,#1677));
#1239=EDGE_LOOP('',(#1678,#1679,#1680,#1681));
#1240=EDGE_LOOP('',(#1682,#1683,#1684,#1685));
#1241=EDGE_LOOP('',(#1686,#1687,#1688,#1689));
#1242=EDGE_LOOP('',(#1690,#1691,#1692,#1693));
#1243=EDGE_LOOP('',(#1694,#1695,#1696,#1697));
#1244=EDGE_LOOP('',(#1698,#1699,#1700,#1701));
#1245=EDGE_LOOP('',(#1702,#1703,#1704,#1705));
#1246=EDGE_LOOP('',(#1706,#1707,#1708,#1709));
#1247=EDGE_LOOP('',(#1710,#1711,#1712,#1713));
#1248=EDGE_LOOP('',(#1714,#1715,#1716,#1717));
#1249=EDGE_LOOP('',(#1718,#1719,#1720,#1721));
#1250=EDGE_LOOP('',(#1722,#1723,#1724,#1725));
#1251=EDGE_LOOP('',(#1726,#1727,#1728,#1729));
#1252=EDGE_LOOP('',(#1730,#1731,#1732,#1733));
#1253=EDGE_LOOP('',(#1734,#1735,#1736,#1737));
#1254=EDGE_LOOP('',(#1738,#1739,#1740,#1741));
#1255=EDGE_LOOP('',(#1742,#1743,#1744,#1745));
#1256=EDGE_LOOP('',(#1746,#1747,#1748,#1749));
#1257=EDGE_LOOP('',(#1750,#1751,#1752,#1753));
#1258=EDGE_LOOP('',(#1754,#1755,#1756,#1757));
#1259=EDGE_LOOP('',(#1758,#1759,#1760,#1761));
#1260=EDGE_LOOP('',(#1762,#1763,#1764,#1765));
#1261=EDGE_LOOP('',(#1766,#1767,#1768,#1769));
#1262=EDGE_LOOP('',(#1770,#1771,#1772,#1773));
#1263=EDGE_LOOP('',(#1774,#1775,#1776,#1777));
#1264=EDGE_LOOP('',(#1778,#1779,#1780,#1781));
#1265=EDGE_LOOP('',(#1782,#1783,#1784,#1785));
#1266=EDGE_LOOP('',(#1786,#1787,#1788,#1789));
#1267=EDGE_LOOP('',(#1790,#1791,#1792,#1793));
#1268=EDGE_LOOP('',(#1794,#1795,#1796,#1797));
#1269=EDGE_LOOP('',(#1798,#1799,#1800,#1801));
#1270=EDGE_LOOP('',(#1802,#1803,#1804,#1805));
#1271=EDGE_LOOP('',(#1806,#1807,#1808,#1809));
#1272=EDGE_LOOP('',(#1810,#1811,#1812,#1813));
#1273=EDGE_LOOP('',(#1814,#1815,#1816,#1817));
#1274=EDGE_LOOP('',(#1818,#1819,#1820,#1821));
#1275=EDGE_LOOP('',(#1822,#1823,#1824,#1825));
#1276=EDGE_LOOP('',(#1826,#1827,#1828,#1829));
#1277=EDGE_LOOP('',(#1830,#1831,#1832,#1833));
#1278=EDGE_LOOP('',(#1834,#1835,#1836,#1837));
#1279=EDGE_LOOP('',(#1838,#1839,#1840,#1841));
#1280=EDGE_LOOP('',(#1842,#1843,#1844,#1845));
#1281=EDGE_LOOP('',(#1846,#1847,#1848,#1849));
#1282=EDGE_LOOP('',(#1850,#1851,#1852,#1853));
#1283=EDGE_LOOP('',(#1854,#1855,#1856,#1857));
#1284=EDGE_LOOP('',(#1858,#1859,#1860,#1861));
#1285=EDGE_LOOP('',(#1862,#1863,#1864,#1865));
#1286=EDGE_LOOP('',(#1866,#1867,#1868,#1869));
#1287=EDGE_LOOP('',(#1870,#1871,#1872,#1873));
#1288=EDGE_LOOP('',(#1874,#1875,#1876,#1877));
#1289=EDGE_LOOP('',(#1878,#1879,#1880,#1881));
#1290=EDGE_LOOP('',(#1882,#1883,#1884,#1885));
#1291=EDGE_LOOP('',(#1886,#1887,#1888,#1889));
#1292=EDGE_LOOP('',(#1890,#1891,#1892,#1893));
#1293=EDGE_LOOP('',(#1894,#1895,#1896,#1897));
#1294=EDGE_LOOP('',(#1898,#1899,#1900,#1901));
#1295=EDGE_LOOP('',(#1902,#1903,#1904,#1905));
#1296=EDGE_LOOP('',(#1906,#1907,#1908,#1909));
#1297=EDGE_LOOP('',(#1910,#1911,#1912,#1913));
#1298=EDGE_LOOP('',(#1914,#1915,#1916,#1917));
#1299=EDGE_LOOP('',(#1918,#1919,#1920,#1921));
#1300=EDGE_LOOP('',(#1922,#1923,#1924,#1925));
#1301=EDGE_LOOP('',(#1926,#1927,#1928,#1929));
#1302=EDGE_LOOP('',(#1930,#1931,#1932,#1933));
#1303=EDGE_LOOP('',(#1934,#1935,#1936,#1937));
#1304=EDGE_LOOP('',(#1938,#1939,#1940,#1941));
#1305=EDGE_LOOP('',(#1942,#1943,#1944,#1945));
#1306=EDGE_LOOP('',(#1946,#1947,#1948,#1949));
#1307=EDGE_LOOP('',(#1950,#1951,#1952,#1953));
#1308=EDGE_LOOP('',(#1954,#1955,#1956,#1957));
#1309=EDGE_LOOP('',(#1958,#1959,#1960,#1961));
#1310=EDGE_LOOP('',(#1962,#1963,#1964,#1965));
#1311=EDGE_LOOP('',(#1966,#1967,#1968,#1969));
#1312=EDGE_LOOP('',(#1970,#1971,#1972,#1973));
#1313=EDGE_LOOP('',(#1974,#1975,#1976,#1977));
#1314=EDGE_LOOP('',(#1978,#1979,#1980,#1981));
#1315=EDGE_LOOP('',(#1982,#1983,#1984,#1985));
#1316=EDGE_LOOP('',(#1986,#1987,#1988,#1989));
#1317=EDGE_LOOP('',(#1990,#1991,#1992,#1993));
#1318=EDGE_LOOP('',(#1994,#1995,#1996,#1997));
#1319=EDGE_LOOP('',(#1998,#1999,#2000,#2001));
#1320=EDGE_LOOP('',(#2002,#2003,#2004,#2005));
#1321=EDGE_LOOP('',(#2006,#2007,#2008,#2009));
#1322=EDGE_LOOP('',(#2010,#2011,#2012,#2013));
#1323=EDGE_LOOP('',(#2014,#2015,#2016,#2017));
#1324=EDGE_LOOP('',(#2018,#2019,#2020,#2021));
#1325=EDGE_LOOP('',(#2022,#2023,#2024,#2025));
#1326=EDGE_LOOP('',(#2026,#2027,#2028,#2029));
#1327=EDGE_LOOP('',(#2030,#2031,#2032,#2033));
#1328=EDGE_LOOP('',(#2034,#2035,#2036,#2037));
#1329=EDGE_LOOP('',(#2038,#2039,#2040,#2041));
#1330=EDGE_LOOP('',(#2042,#2043,#2044,#2045));
#1331=EDGE_LOOP('',(#2046,#2047,#2048,#2049));
#1332=EDGE_LOOP('',(#2050,#2051,#2052,#2053));
#1333=EDGE_LOOP('',(#2054,#2055,#2056,#2057));
#1334=EDGE_LOOP('',(#2058,#2059,#2060,#2061));
#1335=EDGE_LOOP('',(#2062,#2063,#2064,#2065));
#1336=EDGE_LOOP('',(#2066,#2067,#2068,#2069));
#1337=EDGE_LOOP('',(#2070,#2071,#2072,#2073));
#1338=EDGE_LOOP('',(#2074,#2075,#2076,#2077));
#1339=EDGE_LOOP('',(#2078,#2079,#2080,#2081));
#1340=EDGE_LOOP('',(#2082,#2083,#2084,#2085));
#1341=EDGE_LOOP('',(#2086,#2087,#2088,#2089));
#1342=EDGE_LOOP('',(#2090,#2091,#2092,#2093));
#1343=EDGE_LOOP('',(#2094,#2095,#2096,#2097));
#1344=EDGE_LOOP('',(#2098,#2099,#2100,#2101));
#1345=EDGE_LOOP('',(#2102,#2103,#2104,#2105));
#1346=EDGE_LOOP('',(#2106,#2107,#2108,#2109));
#1347=EDGE_LOOP('',(#2110,#2111,#2112,#2113));
#1348=EDGE_LOOP('',(#2114,#2115,#2116,#2117));
#1349=EDGE_LOOP('',(#2118,#2119,#2120,#2121));
#1350=EDGE_LOOP('',(#2122,#2123,#2124,#2125));
#1351=EDGE_LOOP('',(#2126,#2127,#2128,#2129));
#1352=EDGE_LOOP('',(#2130,#2131,#2132,#2133));
#1353=EDGE_LOOP('',(#2134,#2135,#2136,#2137));
#1354=EDGE_LOOP('',(#2138,#2139,#2140,#2141));
#1355=EDGE_LOOP('',(#2142,#2143,#2144,#2145));
#1356=EDGE_LOOP('',(#2146,#2147,#2148,#2149));
#1357=EDGE_LOOP('',(#2150,#2151,#2152,#2153));
#1358=EDGE_LOOP('',(#2154,#2155,#2156,#2157));
#1359=EDGE_LOOP('',(#2158,#2159,#2160,#2161));
#1360=EDGE_LOOP('',(#2162,#2163,#2164,#2165));
#1361=EDGE_LOOP('',(#2166,#2167,#2168,#2169));
#1362=EDGE_LOOP('',(#2170,#2171,#2172,#2173));
#1363=EDGE_LOOP('',(#2174,#2175,#2176,#2177));
#1364=EDGE_LOOP('',(#2178,#2179,#2180,#2181));
#1365=EDGE_LOOP('',(#2182,#2183,#2184,#2185));
#1366=EDGE_LOOP('',(#2186,#2187,#2188,#2189));
#1367=EDGE_LOOP('',(#2190,#2191,#2192,#2193));
#1368=EDGE_LOOP('',(#2194,#2195,#2196,#2197));
#1369=EDGE_LOOP('',(#2198,#2199,#2200,#2201));
#1370=EDGE_LOOP('',(#2202,#2203,#2204,#2205));
#1371=EDGE_LOOP('',(#2206,#2207,#2208,#2209));
#1372=EDGE_LOOP('',(#2210,#2211,#2212,#2213));
#1373=EDGE_LOOP('',(#2214,#2215,#2216,#2217));
#1374=EDGE_LOOP('',(#2218,#2219,#2220,#2221));
#1375=EDGE_LOOP('',(#2222,#2223,#2224,#2225));
#1376=EDGE_LOOP('',(#2226,#2227,#2228,#2229));
#1377=EDGE_LOOP('',(#2230,#2231,#2232,#2233));
#1378=EDGE_LOOP('',(#2234,#2235,#2236,#2237));
#1379=EDGE_LOOP('',(#2238,#2239,#2240,#2241));
#1380=EDGE_LOOP('',(#2242,#2243,#2244,#2245));
#1381=EDGE_LOOP('',(#2246,#2247,#2248,#2249));
#1382=EDGE_LOOP('',(#2250,#2251,#2252,#2253));
#1383=EDGE_LOOP('',(#2254,#2255,#2256,#2257));
#1384=EDGE_LOOP('',(#2258,#2259,#2260,#2261));
#1385=EDGE_LOOP('',(#2262,#2263,#2264,#2265));
#1386=EDGE_LOOP('',(#2266,#2267,#2268,#2269));
#1387=EDGE_LOOP('',(#2270,#2271,#2272,#2273));
#1388=EDGE_LOOP('',(#2274,#2275,#2276,#2277));
#1389=EDGE_LOOP('',(#2278,#2279,#2280,#2281));
#1390=EDGE_LOOP('',(#2282,#2283,#2284,#2285));
#1391=EDGE_LOOP('',(#2286,#2287,#2288,#2289));
#1392=EDGE_LOOP('',(#2290,#2291,#2292,#2293));
#1393=EDGE_LOOP('',(#2294,#2295,#2296,#2297));
#1394=EDGE_LOOP('',(#2298,#2299,#2300,#2301));
#1395=EDGE_LOOP('',(#2302,#2303,#2304,#2305));
#1396=EDGE_LOOP('',(#2306,#2307,#2308,#2309));
#1397=EDGE_LOOP('',(#2310,#2311,#2312,#2313));
#1398=EDGE_LOOP('',(#2314,#2315,#2316,#2317));
#1399=EDGE_LOOP('',(#2318,#2319,#2320,#2321));
#1400=EDGE_LOOP('',(#2322,#2323,#2324,#2325));
#1401=EDGE_LOOP('',(#2326,#2327,#2328,#2329));
#1402=EDGE_LOOP('',(#2330,#2331,#2332,#2333));
#1403=EDGE_LOOP('',(#2334,#2335,#2336,#2337));
#1404=EDGE_LOOP('',(#2338,#2339,#2340,#2341));
#1405=EDGE_LOOP('',(#2342,#2343,#2344,#2345));
#1406=EDGE_LOOP('',(#2346,#2347,#2348,#2349));
#1407=EDGE_LOOP('',(#2350,#2351,#2352,#2353));
#1408=EDGE_LOOP('',(#2354,#2355,#2356,#2357));
#1409=EDGE_LOOP('',(#2358,#2359,#2360,#2361));
#1410=EDGE_LOOP('',(#2362,#2363,#2364,#2365));
#1411=EDGE_LOOP('',(#2366,#2367,#2368,#2369));
#1412=EDGE_LOOP('',(#2370,#2371,#2372,#2373));
#1413=EDGE_LOOP('',(#2374,#2375,#2376,#2377));
#1414=EDGE_LOOP('',(#2378,#2379,#2380,#2381));
#1415=EDGE_LOOP('',(#2382,#2383,#2384,#2385));
#1416=EDGE_LOOP('',(#2386,#2387,#2388,#2389));
#1417=EDGE_LOOP('',(#2390,#2391,#2392,#2393));
#1418=EDGE_LOOP('',(#2394,#2395,#2396,#2397));
#1419=EDGE_LOOP('',(#2398,#2399,#2400,#2401));
#1420=EDGE_LOOP('',(#2402,#2403,#2404,#2405));
#1421=EDGE_LOOP('',(#2406,#2407,#2408,#2409));
#1422=EDGE_LOOP('',(#2410,#2411,#2412,#2413));
#1423=EDGE_LOOP('',(#2414,#2415,#2416,#2417));
#1424=EDGE_LOOP('',(#2418,#2419,#2420,#2421));
#1425=EDGE_LOOP('',(#2422,#2423,#2424,#2425));
#1426=EDGE_LOOP('',(#2426,#2427,#2428,#2429));
#1427=EDGE_LOOP('',(#2430,#2431,#2432,#2433,#2434,#2435,#2436,#2437,#2438,
#2439,#2440,#2441,#2442,#2443,#2444,#2445,#2446,#2447,#2448,#2449,#2450,#2451,
#2452,#2453,#2454,#2455,#2456,#2457,#2458,#2459,#2460,#2461,#2462,#2463,#2464,
#2465,#2466,#2467,#2468,#2469,#2470,#2471,#2472,#2473,#2474,#2475,#2476,#2477,
#2478,#2479,#2480,#2481,#2482,#2483,#2484,#2485,#2486,#2487,#2488,#2489,#2490,
#2491,#2492,#2493,#2494,#2495,#2496,#2497,#2498,#2499,#2500,#2501,#2502,#2503,
#2504,#2505,#2506,#2507,#2508,#2509,#2510,#2511,#2512,#2513,#2514,#2515,#2516,
#2517,#2518,#2519,#2520,#2521));
#1428=EDGE_LOOP('',(#2522,#2523,#2524,#2525,#2526,#2527,#2528,#2529,#2530,
#2531,#2532,#2533,#2534,#2535,#2536,#2537,#2538,#2539,#2540,#2541,#2542,#2543,
#2544,#2545,#2546,#2547,#2548,#2549,#2550,#2551,#2552,#2553,#2554,#2555,#2556,
#2557,#2558,#2559,#2560,#2561,#2562,#2563,#2564,#2565,#2566,#2567,#2568,#2569,
#2570,#2571,#2572,#2573,#2574,#2575,#2576,#2577,#2578,#2579,#2580,#2581,#2582,
#2583,#2584,#2585,#2586,#2587,#2588,#2589,#2590,#2591,#2592,#2593,#2594,#2595,
#2596,#2597,#2598,#2599,#2600,#2601,#2602,#2603,#2604,#2605,#2606,#2607,#2608,
#2609,#2610,#2611,#2612,#2613));
#1429=EDGE_LOOP('',(#2614,#2615,#2616,#2617));
#1430=EDGE_LOOP('',(#2618,#2619,#2620,#2621));
#1431=EDGE_LOOP('',(#2622,#2623,#2624,#2625));
#1432=EDGE_LOOP('',(#2626,#2627,#2628,#2629));
#1433=EDGE_LOOP('',(#2630,#2631,#2632,#2633));
#1434=EDGE_LOOP('',(#2634,#2635,#2636,#2637));
#1435=EDGE_LOOP('',(#2638,#2639,#2640,#2641));
#1436=EDGE_LOOP('',(#2642,#2643,#2644,#2645));
#1437=EDGE_LOOP('',(#2646,#2647,#2648,#2649));
#1438=EDGE_LOOP('',(#2650,#2651,#2652,#2653,#2654,#2655,#2656,#2657,#2658,
#2659,#2660,#2661,#2662,#2663,#2664,#2665,#2666,#2667,#2668,#2669,#2670,#2671,
#2672,#2673,#2674,#2675,#2676,#2677,#2678,#2679,#2680,#2681,#2682,#2683,#2684,
#2685,#2686,#2687,#2688,#2689));
#1439=EDGE_LOOP('',(#2690,#2691,#2692,#2693,#2694,#2695,#2696,#2697,#2698,
#2699,#2700,#2701,#2702,#2703,#2704,#2705,#2706,#2707,#2708,#2709,#2710,#2711,
#2712,#2713,#2714,#2715,#2716,#2717,#2718,#2719,#2720,#2721,#2722,#2723,#2724,
#2725,#2726,#2727,#2728,#2729));
#1440=EDGE_LOOP('',(#2730,#2731,#2732,#2733));
#1441=EDGE_LOOP('',(#2734,#2735,#2736,#2737));
#1442=EDGE_LOOP('',(#2738,#2739,#2740,#2741,#2742,#2743));
#1443=EDGE_LOOP('',(#2744,#2745,#2746,#2747,#2748,#2749));
#1444=EDGE_LOOP('',(#2750,#2751,#2752,#2753));
#1445=EDGE_LOOP('',(#2754,#2755,#2756,#2757));
#1446=EDGE_LOOP('',(#2758,#2759,#2760,#2761,#2762,#2763));
#1447=EDGE_LOOP('',(#2764,#2765,#2766,#2767,#2768,#2769));
#1448=EDGE_LOOP('',(#2770,#2771,#2772,#2773));
#1449=EDGE_LOOP('',(#2774,#2775,#2776,#2777));
#1450=EDGE_LOOP('',(#2778,#2779,#2780,#2781,#2782,#2783));
#1451=EDGE_LOOP('',(#2784,#2785,#2786,#2787,#2788,#2789));
#1452=EDGE_LOOP('',(#2790,#2791,#2792,#2793));
#1453=EDGE_LOOP('',(#2794,#2795,#2796,#2797));
#1454=EDGE_LOOP('',(#2798,#2799,#2800,#2801,#2802,#2803));
#1455=EDGE_LOOP('',(#2804,#2805,#2806,#2807));
#1456=EDGE_LOOP('',(#2808,#2809,#2810,#2811));
#1457=EDGE_LOOP('',(#2812,#2813,#2814,#2815,#2816,#2817));
#1458=EDGE_LOOP('',(#2818,#2819,#2820,#2821,#2822,#2823));
#1459=EDGE_LOOP('',(#2824,#2825,#2826,#2827));
#1460=EDGE_LOOP('',(#2828,#2829,#2830,#2831));
#1461=EDGE_LOOP('',(#2832,#2833,#2834,#2835,#2836,#2837));
#1462=EDGE_LOOP('',(#2838,#2839,#2840,#2841,#2842,#2843));
#1463=EDGE_LOOP('',(#2844,#2845,#2846,#2847));
#1464=EDGE_LOOP('',(#2848,#2849,#2850,#2851));
#1465=EDGE_LOOP('',(#2852,#2853,#2854,#2855,#2856,#2857));
#1466=EDGE_LOOP('',(#2858,#2859,#2860,#2861,#2862,#2863));
#1467=EDGE_LOOP('',(#2864,#2865,#2866,#2867));
#1468=EDGE_LOOP('',(#2868,#2869,#2870,#2871));
#1469=EDGE_LOOP('',(#2872,#2873,#2874,#2875,#2876,#2877));
#1470=EDGE_LOOP('',(#2878,#2879,#2880,#2881,#2882,#2883));
#1471=EDGE_LOOP('',(#2884,#2885,#2886,#2887));
#1472=EDGE_LOOP('',(#2888,#2889,#2890,#2891));
#1473=EDGE_LOOP('',(#2892,#2893,#2894,#2895,#2896,#2897));
#1474=EDGE_LOOP('',(#2898,#2899,#2900,#2901,#2902,#2903));
#1475=EDGE_LOOP('',(#2904,#2905,#2906,#2907));
#1476=EDGE_LOOP('',(#2908,#2909,#2910,#2911));
#1477=EDGE_LOOP('',(#2912,#2913,#2914,#2915,#2916,#2917));
#1478=EDGE_LOOP('',(#2918,#2919,#2920,#2921,#2922,#2923));
#1479=EDGE_LOOP('',(#2924,#2925,#2926,#2927));
#1480=EDGE_LOOP('',(#2928,#2929,#2930,#2931));
#1481=EDGE_LOOP('',(#2932,#2933,#2934,#2935,#2936,#2937));
#1482=EDGE_LOOP('',(#2938,#2939,#2940,#2941,#2942,#2943));
#1483=EDGE_LOOP('',(#2944,#2945,#2946,#2947));
#1484=EDGE_LOOP('',(#2948,#2949,#2950,#2951));
#1485=EDGE_LOOP('',(#2952,#2953,#2954,#2955,#2956,#2957));
#1486=EDGE_LOOP('',(#2958,#2959,#2960,#2961,#2962,#2963));
#1487=EDGE_LOOP('',(#2964,#2965,#2966,#2967));
#1488=EDGE_LOOP('',(#2968,#2969,#2970,#2971));
#1489=EDGE_LOOP('',(#2972,#2973,#2974,#2975,#2976,#2977));
#1490=EDGE_LOOP('',(#2978,#2979,#2980,#2981,#2982,#2983));
#1491=EDGE_LOOP('',(#2984,#2985,#2986,#2987));
#1492=EDGE_LOOP('',(#2988,#2989,#2990,#2991));
#1493=EDGE_LOOP('',(#2992,#2993,#2994,#2995,#2996,#2997));
#1494=EDGE_LOOP('',(#2998,#2999,#3000,#3001,#3002,#3003));
#1495=EDGE_LOOP('',(#3004,#3005,#3006,#3007));
#1496=EDGE_LOOP('',(#3008,#3009,#3010,#3011));
#1497=EDGE_LOOP('',(#3012,#3013,#3014,#3015,#3016,#3017));
#1498=EDGE_LOOP('',(#3018,#3019,#3020,#3021,#3022,#3023));
#1499=EDGE_LOOP('',(#3024,#3025,#3026,#3027));
#1500=EDGE_LOOP('',(#3028,#3029,#3030,#3031));
#1501=EDGE_LOOP('',(#3032,#3033,#3034,#3035,#3036,#3037));
#1502=EDGE_LOOP('',(#3038,#3039,#3040,#3041,#3042,#3043));
#1503=EDGE_LOOP('',(#3044,#3045,#3046,#3047));
#1504=EDGE_LOOP('',(#3048,#3049,#3050,#3051));
#1505=EDGE_LOOP('',(#3052,#3053,#3054,#3055,#3056,#3057));
#1506=EDGE_LOOP('',(#3058,#3059,#3060,#3061,#3062,#3063));
#1507=EDGE_LOOP('',(#3064,#3065,#3066,#3067));
#1508=EDGE_LOOP('',(#3068,#3069,#3070,#3071));
#1509=EDGE_LOOP('',(#3072,#3073,#3074,#3075,#3076,#3077));
#1510=EDGE_LOOP('',(#3078,#3079,#3080,#3081,#3082,#3083));
#1511=EDGE_LOOP('',(#3084,#3085,#3086,#3087));
#1512=EDGE_LOOP('',(#3088,#3089,#3090,#3091));
#1513=EDGE_LOOP('',(#3092,#3093,#3094,#3095,#3096,#3097));
#1514=EDGE_LOOP('',(#3098,#3099,#3100,#3101,#3102,#3103));
#1515=EDGE_LOOP('',(#3104,#3105,#3106,#3107));
#1516=EDGE_LOOP('',(#3108,#3109,#3110,#3111));
#1517=EDGE_LOOP('',(#3112,#3113,#3114,#3115,#3116,#3117));
#1518=EDGE_LOOP('',(#3118,#3119,#3120,#3121,#3122,#3123));
#1519=EDGE_LOOP('',(#3124,#3125,#3126,#3127));
#1520=EDGE_LOOP('',(#3128,#3129,#3130,#3131));
#1521=EDGE_LOOP('',(#3132,#3133,#3134,#3135,#3136,#3137));
#1522=EDGE_LOOP('',(#3138,#3139,#3140,#3141,#3142,#3143));
#1523=EDGE_LOOP('',(#3144,#3145,#3146,#3147));
#1524=EDGE_LOOP('',(#3148,#3149,#3150,#3151));
#1525=EDGE_LOOP('',(#3152,#3153,#3154,#3155,#3156,#3157));
#1526=EDGE_LOOP('',(#3158,#3159,#3160,#3161,#3162,#3163));
#1527=EDGE_LOOP('',(#3164,#3165,#3166,#3167));
#1528=EDGE_LOOP('',(#3168,#3169,#3170,#3171));
#1529=EDGE_LOOP('',(#3172,#3173,#3174,#3175,#3176,#3177));
#1530=EDGE_LOOP('',(#3178,#3179,#3180,#3181,#3182,#3183));
#1531=EDGE_LOOP('',(#3184,#3185,#3186,#3187));
#1532=EDGE_LOOP('',(#3188,#3189,#3190,#3191));
#1533=EDGE_LOOP('',(#3192,#3193,#3194,#3195,#3196,#3197));
#1534=EDGE_LOOP('',(#3198,#3199,#3200,#3201,#3202,#3203));
#1535=EDGE_LOOP('',(#3204,#3205,#3206,#3207));
#1536=EDGE_LOOP('',(#3208,#3209,#3210,#3211));
#1537=EDGE_LOOP('',(#3212,#3213,#3214,#3215,#3216,#3217));
#1538=EDGE_LOOP('',(#3218,#3219,#3220,#3221,#3222,#3223));
#1539=EDGE_LOOP('',(#3224,#3225,#3226,#3227));
#1540=EDGE_LOOP('',(#3228,#3229,#3230,#3231));
#1541=EDGE_LOOP('',(#3232,#3233,#3234,#3235,#3236,#3237));
#1542=EDGE_LOOP('',(#3238,#3239,#3240,#3241,#3242,#3243));
#1543=EDGE_LOOP('',(#3244,#3245,#3246,#3247));
#1544=EDGE_LOOP('',(#3248,#3249,#3250,#3251));
#1545=EDGE_LOOP('',(#3252,#3253,#3254,#3255,#3256,#3257));
#1546=EDGE_LOOP('',(#3258,#3259,#3260,#3261,#3262,#3263));
#1547=EDGE_LOOP('',(#3264,#3265,#3266,#3267));
#1548=EDGE_LOOP('',(#3268,#3269,#3270,#3271));
#1549=EDGE_LOOP('',(#3272,#3273,#3274,#3275,#3276,#3277));
#1550=EDGE_LOOP('',(#3278,#3279,#3280,#3281,#3282,#3283));
#1551=EDGE_LOOP('',(#3284,#3285,#3286,#3287));
#1552=EDGE_LOOP('',(#3288,#3289,#3290,#3291));
#1553=EDGE_LOOP('',(#3292,#3293,#3294,#3295,#3296,#3297));
#1554=EDGE_LOOP('',(#3298,#3299,#3300,#3301,#3302,#3303));
#1555=EDGE_LOOP('',(#3304,#3305,#3306,#3307));
#1556=EDGE_LOOP('',(#3308,#3309,#3310,#3311));
#1557=EDGE_LOOP('',(#3312,#3313,#3314,#3315,#3316,#3317));
#1558=EDGE_LOOP('',(#3318,#3319,#3320,#3321,#3322,#3323));
#1559=EDGE_LOOP('',(#3324,#3325,#3326,#3327));
#1560=EDGE_LOOP('',(#3328,#3329,#3330,#3331));
#1561=EDGE_LOOP('',(#3332,#3333,#3334,#3335,#3336,#3337));
#1562=EDGE_LOOP('',(#3338,#3339,#3340,#3341,#3342,#3343));
#1563=EDGE_LOOP('',(#3344,#3345,#3346,#3347));
#1564=EDGE_LOOP('',(#3348,#3349,#3350,#3351));
#1565=EDGE_LOOP('',(#3352,#3353,#3354,#3355,#3356,#3357));
#1566=EDGE_LOOP('',(#3358,#3359,#3360,#3361,#3362,#3363));
#1567=EDGE_LOOP('',(#3364,#3365,#3366,#3367));
#1568=EDGE_LOOP('',(#3368,#3369,#3370,#3371));
#1569=EDGE_LOOP('',(#3372,#3373,#3374,#3375,#3376,#3377));
#1570=EDGE_LOOP('',(#3378,#3379,#3380,#3381,#3382,#3383));
#1571=EDGE_LOOP('',(#3384,#3385,#3386,#3387));
#1572=EDGE_LOOP('',(#3388,#3389,#3390,#3391));
#1573=EDGE_LOOP('',(#3392,#3393,#3394,#3395,#3396,#3397));
#1574=EDGE_LOOP('',(#3398,#3399,#3400,#3401,#3402,#3403));
#1575=EDGE_LOOP('',(#3404,#3405,#3406,#3407));
#1576=EDGE_LOOP('',(#3408,#3409,#3410,#3411));
#1577=EDGE_LOOP('',(#3412,#3413,#3414,#3415,#3416,#3417));
#1578=EDGE_LOOP('',(#3418,#3419,#3420,#3421,#3422,#3423));
#1579=EDGE_LOOP('',(#3424,#3425,#3426,#3427));
#1580=EDGE_LOOP('',(#3428,#3429,#3430,#3431));
#1581=EDGE_LOOP('',(#3432,#3433,#3434,#3435,#3436,#3437));
#1582=EDGE_LOOP('',(#3438,#3439,#3440,#3441,#3442,#3443));
#1583=EDGE_LOOP('',(#3444,#3445,#3446,#3447));
#1584=EDGE_LOOP('',(#3448,#3449,#3450,#3451));
#1585=EDGE_LOOP('',(#3452,#3453,#3454,#3455,#3456,#3457));
#1586=EDGE_LOOP('',(#3458,#3459,#3460,#3461,#3462,#3463));
#1587=EDGE_LOOP('',(#3464,#3465,#3466,#3467));
#1588=EDGE_LOOP('',(#3468,#3469,#3470,#3471));
#1589=EDGE_LOOP('',(#3472,#3473,#3474,#3475,#3476,#3477));
#1590=EDGE_LOOP('',(#3478,#3479,#3480,#3481,#3482,#3483));
#1591=EDGE_LOOP('',(#3484,#3485,#3486,#3487));
#1592=EDGE_LOOP('',(#3488,#3489,#3490,#3491));
#1593=EDGE_LOOP('',(#3492,#3493,#3494,#3495,#3496,#3497));
#1594=EDGE_LOOP('',(#3498,#3499,#3500,#3501,#3502,#3503));
#1595=EDGE_LOOP('',(#3504,#3505,#3506,#3507));
#1596=EDGE_LOOP('',(#3508,#3509,#3510,#3511));
#1597=EDGE_LOOP('',(#3512,#3513,#3514,#3515,#3516,#3517));
#1598=EDGE_LOOP('',(#3518,#3519,#3520,#3521,#3522,#3523));
#1599=EDGE_LOOP('',(#3524,#3525,#3526,#3527));
#1600=EDGE_LOOP('',(#3528,#3529,#3530,#3531));
#1601=EDGE_LOOP('',(#3532,#3533,#3534,#3535,#3536,#3537));
#1602=EDGE_LOOP('',(#3538,#3539,#3540,#3541,#3542,#3543));
#1603=EDGE_LOOP('',(#3544,#3545,#3546,#3547));
#1604=EDGE_LOOP('',(#3548,#3549,#3550,#3551));
#1605=EDGE_LOOP('',(#3552,#3553,#3554,#3555,#3556,#3557));
#1606=EDGE_LOOP('',(#3558,#3559,#3560,#3561,#3562,#3563));
#1607=EDGE_LOOP('',(#3564,#3565,#3566,#3567));
#1608=EDGE_LOOP('',(#3568,#3569,#3570,#3571));
#1609=EDGE_LOOP('',(#3572,#3573,#3574,#3575,#3576,#3577));
#1610=EDGE_LOOP('',(#3578,#3579,#3580,#3581));
#1611=EDGE_LOOP('',(#3582,#3583,#3584,#3585));
#1612=EDGE_LOOP('',(#3586,#3587,#3588,#3589,#3590,#3591));
#1613=EDGE_LOOP('',(#3592,#3593,#3594,#3595,#3596,#3597));
#1614=EDGE_LOOP('',(#3598,#3599,#3600,#3601));
#1615=EDGE_LOOP('',(#3602,#3603,#3604,#3605));
#1616=EDGE_LOOP('',(#3606,#3607,#3608,#3609,#3610,#3611));
#1617=EDGE_LOOP('',(#3612,#3613,#3614,#3615,#3616,#3617));
#1618=ORIENTED_EDGE('',*,*,#5019,.F.);
#1619=ORIENTED_EDGE('',*,*,#4093,.T.);
#1620=ORIENTED_EDGE('',*,*,#4998,.T.);
#1621=ORIENTED_EDGE('',*,*,#4137,.F.);
#1622=ORIENTED_EDGE('',*,*,#5018,.F.);
#1623=ORIENTED_EDGE('',*,*,#4137,.T.);
#1624=ORIENTED_EDGE('',*,*,#4997,.T.);
#1625=ORIENTED_EDGE('',*,*,#4181,.F.);
#1626=ORIENTED_EDGE('',*,*,#5017,.F.);
#1627=ORIENTED_EDGE('',*,*,#4181,.T.);
#1628=ORIENTED_EDGE('',*,*,#4996,.T.);
#1629=ORIENTED_EDGE('',*,*,#4225,.F.);
#1630=ORIENTED_EDGE('',*,*,#5022,.F.);
#1631=ORIENTED_EDGE('',*,*,#4225,.T.);
#1632=ORIENTED_EDGE('',*,*,#5001,.T.);
#1633=ORIENTED_EDGE('',*,*,#4270,.F.);
#1634=ORIENTED_EDGE('',*,*,#5004,.F.);
#1635=ORIENTED_EDGE('',*,*,#4094,.T.);
#1636=ORIENTED_EDGE('',*,*,#4987,.T.);
#1637=ORIENTED_EDGE('',*,*,#4138,.F.);
#1638=ORIENTED_EDGE('',*,*,#5003,.F.);
#1639=ORIENTED_EDGE('',*,*,#4138,.T.);
#1640=ORIENTED_EDGE('',*,*,#4986,.T.);
#1641=ORIENTED_EDGE('',*,*,#4182,.F.);
#1642=ORIENTED_EDGE('',*,*,#5002,.F.);
#1643=ORIENTED_EDGE('',*,*,#4182,.T.);
#1644=ORIENTED_EDGE('',*,*,#4985,.T.);
#1645=ORIENTED_EDGE('',*,*,#4226,.F.);
#1646=ORIENTED_EDGE('',*,*,#5007,.F.);
#1647=ORIENTED_EDGE('',*,*,#4226,.T.);
#1648=ORIENTED_EDGE('',*,*,#4990,.T.);
#1649=ORIENTED_EDGE('',*,*,#4271,.F.);
#1650=ORIENTED_EDGE('',*,*,#4978,.F.);
#1651=ORIENTED_EDGE('',*,*,#4090,.T.);
#1652=ORIENTED_EDGE('',*,*,#4957,.T.);
#1653=ORIENTED_EDGE('',*,*,#4134,.F.);
#1654=ORIENTED_EDGE('',*,*,#4977,.F.);
#1655=ORIENTED_EDGE('',*,*,#4134,.T.);
#1656=ORIENTED_EDGE('',*,*,#4956,.T.);
#1657=ORIENTED_EDGE('',*,*,#4178,.F.);
#1658=ORIENTED_EDGE('',*,*,#4976,.F.);
#1659=ORIENTED_EDGE('',*,*,#4178,.T.);
#1660=ORIENTED_EDGE('',*,*,#4955,.T.);
#1661=ORIENTED_EDGE('',*,*,#4222,.F.);
#1662=ORIENTED_EDGE('',*,*,#4981,.F.);
#1663=ORIENTED_EDGE('',*,*,#4222,.T.);
#1664=ORIENTED_EDGE('',*,*,#4960,.T.);
#1665=ORIENTED_EDGE('',*,*,#4267,.F.);
#1666=ORIENTED_EDGE('',*,*,#4963,.F.);
#1667=ORIENTED_EDGE('',*,*,#4091,.T.);
#1668=ORIENTED_EDGE('',*,*,#4942,.T.);
#1669=ORIENTED_EDGE('',*,*,#4135,.F.);
#1670=ORIENTED_EDGE('',*,*,#4962,.F.);
#1671=ORIENTED_EDGE('',*,*,#4135,.T.);
#1672=ORIENTED_EDGE('',*,*,#4941,.T.);
#1673=ORIENTED_EDGE('',*,*,#4179,.F.);
#1674=ORIENTED_EDGE('',*,*,#4961,.F.);
#1675=ORIENTED_EDGE('',*,*,#4179,.T.);
#1676=ORIENTED_EDGE('',*,*,#4940,.T.);
#1677=ORIENTED_EDGE('',*,*,#4223,.F.);
#1678=ORIENTED_EDGE('',*,*,#4966,.F.);
#1679=ORIENTED_EDGE('',*,*,#4223,.T.);
#1680=ORIENTED_EDGE('',*,*,#4945,.T.);
#1681=ORIENTED_EDGE('',*,*,#4268,.F.);
#1682=ORIENTED_EDGE('',*,*,#4092,.T.);
#1683=ORIENTED_EDGE('',*,*,#5013,.T.);
#1684=ORIENTED_EDGE('',*,*,#4136,.F.);
#1685=ORIENTED_EDGE('',*,*,#4948,.F.);
#1686=ORIENTED_EDGE('',*,*,#4136,.T.);
#1687=ORIENTED_EDGE('',*,*,#5012,.T.);
#1688=ORIENTED_EDGE('',*,*,#4180,.F.);
#1689=ORIENTED_EDGE('',*,*,#4947,.F.);
#1690=ORIENTED_EDGE('',*,*,#4180,.T.);
#1691=ORIENTED_EDGE('',*,*,#5011,.T.);
#1692=ORIENTED_EDGE('',*,*,#4224,.F.);
#1693=ORIENTED_EDGE('',*,*,#4946,.F.);
#1694=ORIENTED_EDGE('',*,*,#4224,.T.);
#1695=ORIENTED_EDGE('',*,*,#5016,.T.);
#1696=ORIENTED_EDGE('',*,*,#4269,.F.);
#1697=ORIENTED_EDGE('',*,*,#4951,.F.);
#1698=ORIENTED_EDGE('',*,*,#4933,.F.);
#1699=ORIENTED_EDGE('',*,*,#4071,.T.);
#1700=ORIENTED_EDGE('',*,*,#4912,.T.);
#1701=ORIENTED_EDGE('',*,*,#4115,.F.);
#1702=ORIENTED_EDGE('',*,*,#4932,.F.);
#1703=ORIENTED_EDGE('',*,*,#4115,.T.);
#1704=ORIENTED_EDGE('',*,*,#4911,.T.);
#1705=ORIENTED_EDGE('',*,*,#4159,.F.);
#1706=ORIENTED_EDGE('',*,*,#4931,.F.);
#1707=ORIENTED_EDGE('',*,*,#4159,.T.);
#1708=ORIENTED_EDGE('',*,*,#4910,.T.);
#1709=ORIENTED_EDGE('',*,*,#4203,.F.);
#1710=ORIENTED_EDGE('',*,*,#4936,.F.);
#1711=ORIENTED_EDGE('',*,*,#4203,.T.);
#1712=ORIENTED_EDGE('',*,*,#4915,.T.);
#1713=ORIENTED_EDGE('',*,*,#4248,.F.);
#1714=ORIENTED_EDGE('',*,*,#4918,.F.);
#1715=ORIENTED_EDGE('',*,*,#4072,.T.);
#1716=ORIENTED_EDGE('',*,*,#4897,.T.);
#1717=ORIENTED_EDGE('',*,*,#4116,.F.);
#1718=ORIENTED_EDGE('',*,*,#4917,.F.);
#1719=ORIENTED_EDGE('',*,*,#4116,.T.);
#1720=ORIENTED_EDGE('',*,*,#4896,.T.);
#1721=ORIENTED_EDGE('',*,*,#4160,.F.);
#1722=ORIENTED_EDGE('',*,*,#4916,.F.);
#1723=ORIENTED_EDGE('',*,*,#4160,.T.);
#1724=ORIENTED_EDGE('',*,*,#4895,.T.);
#1725=ORIENTED_EDGE('',*,*,#4204,.F.);
#1726=ORIENTED_EDGE('',*,*,#4921,.F.);
#1727=ORIENTED_EDGE('',*,*,#4204,.T.);
#1728=ORIENTED_EDGE('',*,*,#4900,.T.);
#1729=ORIENTED_EDGE('',*,*,#4249,.F.);
#1730=ORIENTED_EDGE('',*,*,#4903,.F.);
#1731=ORIENTED_EDGE('',*,*,#4073,.T.);
#1732=ORIENTED_EDGE('',*,*,#4882,.T.);
#1733=ORIENTED_EDGE('',*,*,#4117,.F.);
#1734=ORIENTED_EDGE('',*,*,#4902,.F.);
#1735=ORIENTED_EDGE('',*,*,#4117,.T.);
#1736=ORIENTED_EDGE('',*,*,#4881,.T.);
#1737=ORIENTED_EDGE('',*,*,#4161,.F.);
#1738=ORIENTED_EDGE('',*,*,#4901,.F.);
#1739=ORIENTED_EDGE('',*,*,#4161,.T.);
#1740=ORIENTED_EDGE('',*,*,#4880,.T.);
#1741=ORIENTED_EDGE('',*,*,#4205,.F.);
#1742=ORIENTED_EDGE('',*,*,#4906,.F.);
#1743=ORIENTED_EDGE('',*,*,#4205,.T.);
#1744=ORIENTED_EDGE('',*,*,#4885,.T.);
#1745=ORIENTED_EDGE('',*,*,#4250,.F.);
#1746=ORIENTED_EDGE('',*,*,#4888,.F.);
#1747=ORIENTED_EDGE('',*,*,#4074,.T.);
#1748=ORIENTED_EDGE('',*,*,#4867,.T.);
#1749=ORIENTED_EDGE('',*,*,#4118,.F.);
#1750=ORIENTED_EDGE('',*,*,#4887,.F.);
#1751=ORIENTED_EDGE('',*,*,#4118,.T.);
#1752=ORIENTED_EDGE('',*,*,#4866,.T.);
#1753=ORIENTED_EDGE('',*,*,#4162,.F.);
#1754=ORIENTED_EDGE('',*,*,#4886,.F.);
#1755=ORIENTED_EDGE('',*,*,#4162,.T.);
#1756=ORIENTED_EDGE('',*,*,#4865,.T.);
#1757=ORIENTED_EDGE('',*,*,#4206,.F.);
#1758=ORIENTED_EDGE('',*,*,#4891,.F.);
#1759=ORIENTED_EDGE('',*,*,#4206,.T.);
#1760=ORIENTED_EDGE('',*,*,#4870,.T.);
#1761=ORIENTED_EDGE('',*,*,#4251,.F.);
#1762=ORIENTED_EDGE('',*,*,#4873,.F.);
#1763=ORIENTED_EDGE('',*,*,#4075,.T.);
#1764=ORIENTED_EDGE('',*,*,#4852,.T.);
#1765=ORIENTED_EDGE('',*,*,#4119,.F.);
#1766=ORIENTED_EDGE('',*,*,#4872,.F.);
#1767=ORIENTED_EDGE('',*,*,#4119,.T.);
#1768=ORIENTED_EDGE('',*,*,#4851,.T.);
#1769=ORIENTED_EDGE('',*,*,#4163,.F.);
#1770=ORIENTED_EDGE('',*,*,#4871,.F.);
#1771=ORIENTED_EDGE('',*,*,#4163,.T.);
#1772=ORIENTED_EDGE('',*,*,#4850,.T.);
#1773=ORIENTED_EDGE('',*,*,#4207,.F.);
#1774=ORIENTED_EDGE('',*,*,#4876,.F.);
#1775=ORIENTED_EDGE('',*,*,#4207,.T.);
#1776=ORIENTED_EDGE('',*,*,#4855,.T.);
#1777=ORIENTED_EDGE('',*,*,#4252,.F.);
#1778=ORIENTED_EDGE('',*,*,#4858,.F.);
#1779=ORIENTED_EDGE('',*,*,#4076,.T.);
#1780=ORIENTED_EDGE('',*,*,#4837,.T.);
#1781=ORIENTED_EDGE('',*,*,#4120,.F.);
#1782=ORIENTED_EDGE('',*,*,#4857,.F.);
#1783=ORIENTED_EDGE('',*,*,#4120,.T.);
#1784=ORIENTED_EDGE('',*,*,#4836,.T.);
#1785=ORIENTED_EDGE('',*,*,#4164,.F.);
#1786=ORIENTED_EDGE('',*,*,#4856,.F.);
#1787=ORIENTED_EDGE('',*,*,#4164,.T.);
#1788=ORIENTED_EDGE('',*,*,#4835,.T.);
#1789=ORIENTED_EDGE('',*,*,#4208,.F.);
#1790=ORIENTED_EDGE('',*,*,#4861,.F.);
#1791=ORIENTED_EDGE('',*,*,#4208,.T.);
#1792=ORIENTED_EDGE('',*,*,#4840,.T.);
#1793=ORIENTED_EDGE('',*,*,#4253,.F.);
#1794=ORIENTED_EDGE('',*,*,#4843,.F.);
#1795=ORIENTED_EDGE('',*,*,#4077,.T.);
#1796=ORIENTED_EDGE('',*,*,#4822,.T.);
#1797=ORIENTED_EDGE('',*,*,#4121,.F.);
#1798=ORIENTED_EDGE('',*,*,#4842,.F.);
#1799=ORIENTED_EDGE('',*,*,#4121,.T.);
#1800=ORIENTED_EDGE('',*,*,#4821,.T.);
#1801=ORIENTED_EDGE('',*,*,#4165,.F.);
#1802=ORIENTED_EDGE('',*,*,#4841,.F.);
#1803=ORIENTED_EDGE('',*,*,#4165,.T.);
#1804=ORIENTED_EDGE('',*,*,#4820,.T.);
#1805=ORIENTED_EDGE('',*,*,#4209,.F.);
#1806=ORIENTED_EDGE('',*,*,#4846,.F.);
#1807=ORIENTED_EDGE('',*,*,#4209,.T.);
#1808=ORIENTED_EDGE('',*,*,#4825,.T.);
#1809=ORIENTED_EDGE('',*,*,#4254,.F.);
#1810=ORIENTED_EDGE('',*,*,#4828,.F.);
#1811=ORIENTED_EDGE('',*,*,#4078,.T.);
#1812=ORIENTED_EDGE('',*,*,#4807,.T.);
#1813=ORIENTED_EDGE('',*,*,#4122,.F.);
#1814=ORIENTED_EDGE('',*,*,#4827,.F.);
#1815=ORIENTED_EDGE('',*,*,#4122,.T.);
#1816=ORIENTED_EDGE('',*,*,#4806,.T.);
#1817=ORIENTED_EDGE('',*,*,#4166,.F.);
#1818=ORIENTED_EDGE('',*,*,#4826,.F.);
#1819=ORIENTED_EDGE('',*,*,#4166,.T.);
#1820=ORIENTED_EDGE('',*,*,#4805,.T.);
#1821=ORIENTED_EDGE('',*,*,#4210,.F.);
#1822=ORIENTED_EDGE('',*,*,#4831,.F.);
#1823=ORIENTED_EDGE('',*,*,#4210,.T.);
#1824=ORIENTED_EDGE('',*,*,#4810,.T.);
#1825=ORIENTED_EDGE('',*,*,#4255,.F.);
#1826=ORIENTED_EDGE('',*,*,#4813,.F.);
#1827=ORIENTED_EDGE('',*,*,#4079,.T.);
#1828=ORIENTED_EDGE('',*,*,#4792,.T.);
#1829=ORIENTED_EDGE('',*,*,#4123,.F.);
#1830=ORIENTED_EDGE('',*,*,#4812,.F.);
#1831=ORIENTED_EDGE('',*,*,#4123,.T.);
#1832=ORIENTED_EDGE('',*,*,#4791,.T.);
#1833=ORIENTED_EDGE('',*,*,#4167,.F.);
#1834=ORIENTED_EDGE('',*,*,#4811,.F.);
#1835=ORIENTED_EDGE('',*,*,#4167,.T.);
#1836=ORIENTED_EDGE('',*,*,#4790,.T.);
#1837=ORIENTED_EDGE('',*,*,#4211,.F.);
#1838=ORIENTED_EDGE('',*,*,#4816,.F.);
#1839=ORIENTED_EDGE('',*,*,#4211,.T.);
#1840=ORIENTED_EDGE('',*,*,#4795,.T.);
#1841=ORIENTED_EDGE('',*,*,#4256,.F.);
#1842=ORIENTED_EDGE('',*,*,#4798,.F.);
#1843=ORIENTED_EDGE('',*,*,#4080,.T.);
#1844=ORIENTED_EDGE('',*,*,#4777,.T.);
#1845=ORIENTED_EDGE('',*,*,#4124,.F.);
#1846=ORIENTED_EDGE('',*,*,#4797,.F.);
#1847=ORIENTED_EDGE('',*,*,#4124,.T.);
#1848=ORIENTED_EDGE('',*,*,#4776,.T.);
#1849=ORIENTED_EDGE('',*,*,#4168,.F.);
#1850=ORIENTED_EDGE('',*,*,#4796,.F.);
#1851=ORIENTED_EDGE('',*,*,#4168,.T.);
#1852=ORIENTED_EDGE('',*,*,#4775,.T.);
#1853=ORIENTED_EDGE('',*,*,#4212,.F.);
#1854=ORIENTED_EDGE('',*,*,#4801,.F.);
#1855=ORIENTED_EDGE('',*,*,#4212,.T.);
#1856=ORIENTED_EDGE('',*,*,#4780,.T.);
#1857=ORIENTED_EDGE('',*,*,#4257,.F.);
#1858=ORIENTED_EDGE('',*,*,#4783,.F.);
#1859=ORIENTED_EDGE('',*,*,#4081,.T.);
#1860=ORIENTED_EDGE('',*,*,#4762,.T.);
#1861=ORIENTED_EDGE('',*,*,#4125,.F.);
#1862=ORIENTED_EDGE('',*,*,#4782,.F.);
#1863=ORIENTED_EDGE('',*,*,#4125,.T.);
#1864=ORIENTED_EDGE('',*,*,#4761,.T.);
#1865=ORIENTED_EDGE('',*,*,#4169,.F.);
#1866=ORIENTED_EDGE('',*,*,#4781,.F.);
#1867=ORIENTED_EDGE('',*,*,#4169,.T.);
#1868=ORIENTED_EDGE('',*,*,#4760,.T.);
#1869=ORIENTED_EDGE('',*,*,#4213,.F.);
#1870=ORIENTED_EDGE('',*,*,#4786,.F.);
#1871=ORIENTED_EDGE('',*,*,#4213,.T.);
#1872=ORIENTED_EDGE('',*,*,#4765,.T.);
#1873=ORIENTED_EDGE('',*,*,#4258,.F.);
#1874=ORIENTED_EDGE('',*,*,#4768,.F.);
#1875=ORIENTED_EDGE('',*,*,#4082,.T.);
#1876=ORIENTED_EDGE('',*,*,#4747,.T.);
#1877=ORIENTED_EDGE('',*,*,#4126,.F.);
#1878=ORIENTED_EDGE('',*,*,#4767,.F.);
#1879=ORIENTED_EDGE('',*,*,#4126,.T.);
#1880=ORIENTED_EDGE('',*,*,#4746,.T.);
#1881=ORIENTED_EDGE('',*,*,#4170,.F.);
#1882=ORIENTED_EDGE('',*,*,#4766,.F.);
#1883=ORIENTED_EDGE('',*,*,#4170,.T.);
#1884=ORIENTED_EDGE('',*,*,#4745,.T.);
#1885=ORIENTED_EDGE('',*,*,#4214,.F.);
#1886=ORIENTED_EDGE('',*,*,#4771,.F.);
#1887=ORIENTED_EDGE('',*,*,#4214,.T.);
#1888=ORIENTED_EDGE('',*,*,#4750,.T.);
#1889=ORIENTED_EDGE('',*,*,#4259,.F.);
#1890=ORIENTED_EDGE('',*,*,#4753,.F.);
#1891=ORIENTED_EDGE('',*,*,#4083,.T.);
#1892=ORIENTED_EDGE('',*,*,#4702,.T.);
#1893=ORIENTED_EDGE('',*,*,#4127,.F.);
#1894=ORIENTED_EDGE('',*,*,#4752,.F.);
#1895=ORIENTED_EDGE('',*,*,#4127,.T.);
#1896=ORIENTED_EDGE('',*,*,#4701,.T.);
#1897=ORIENTED_EDGE('',*,*,#4171,.F.);
#1898=ORIENTED_EDGE('',*,*,#4751,.F.);
#1899=ORIENTED_EDGE('',*,*,#4171,.T.);
#1900=ORIENTED_EDGE('',*,*,#4700,.T.);
#1901=ORIENTED_EDGE('',*,*,#4215,.F.);
#1902=ORIENTED_EDGE('',*,*,#4756,.F.);
#1903=ORIENTED_EDGE('',*,*,#4215,.T.);
#1904=ORIENTED_EDGE('',*,*,#4705,.T.);
#1905=ORIENTED_EDGE('',*,*,#4260,.F.);
#1906=ORIENTED_EDGE('',*,*,#4738,.F.);
#1907=ORIENTED_EDGE('',*,*,#4088,.T.);
#1908=ORIENTED_EDGE('',*,*,#4717,.T.);
#1909=ORIENTED_EDGE('',*,*,#4132,.F.);
#1910=ORIENTED_EDGE('',*,*,#4737,.F.);
#1911=ORIENTED_EDGE('',*,*,#4132,.T.);
#1912=ORIENTED_EDGE('',*,*,#4716,.T.);
#1913=ORIENTED_EDGE('',*,*,#4176,.F.);
#1914=ORIENTED_EDGE('',*,*,#4736,.F.);
#1915=ORIENTED_EDGE('',*,*,#4176,.T.);
#1916=ORIENTED_EDGE('',*,*,#4715,.T.);
#1917=ORIENTED_EDGE('',*,*,#4220,.F.);
#1918=ORIENTED_EDGE('',*,*,#4741,.F.);
#1919=ORIENTED_EDGE('',*,*,#4220,.T.);
#1920=ORIENTED_EDGE('',*,*,#4720,.T.);
#1921=ORIENTED_EDGE('',*,*,#4265,.F.);
#1922=ORIENTED_EDGE('',*,*,#4089,.T.);
#1923=ORIENTED_EDGE('',*,*,#4972,.T.);
#1924=ORIENTED_EDGE('',*,*,#4133,.F.);
#1925=ORIENTED_EDGE('',*,*,#4723,.F.);
#1926=ORIENTED_EDGE('',*,*,#4133,.T.);
#1927=ORIENTED_EDGE('',*,*,#4971,.T.);
#1928=ORIENTED_EDGE('',*,*,#4177,.F.);
#1929=ORIENTED_EDGE('',*,*,#4722,.F.);
#1930=ORIENTED_EDGE('',*,*,#4177,.T.);
#1931=ORIENTED_EDGE('',*,*,#4970,.T.);
#1932=ORIENTED_EDGE('',*,*,#4221,.F.);
#1933=ORIENTED_EDGE('',*,*,#4721,.F.);
#1934=ORIENTED_EDGE('',*,*,#4221,.T.);
#1935=ORIENTED_EDGE('',*,*,#4975,.T.);
#1936=ORIENTED_EDGE('',*,*,#4266,.F.);
#1937=ORIENTED_EDGE('',*,*,#4726,.F.);
#1938=ORIENTED_EDGE('',*,*,#4708,.F.);
#1939=ORIENTED_EDGE('',*,*,#4084,.T.);
#1940=ORIENTED_EDGE('',*,*,#4687,.T.);
#1941=ORIENTED_EDGE('',*,*,#4128,.F.);
#1942=ORIENTED_EDGE('',*,*,#4707,.F.);
#1943=ORIENTED_EDGE('',*,*,#4128,.T.);
#1944=ORIENTED_EDGE('',*,*,#4686,.T.);
#1945=ORIENTED_EDGE('',*,*,#4172,.F.);
#1946=ORIENTED_EDGE('',*,*,#4706,.F.);
#1947=ORIENTED_EDGE('',*,*,#4172,.T.);
#1948=ORIENTED_EDGE('',*,*,#4685,.T.);
#1949=ORIENTED_EDGE('',*,*,#4216,.F.);
#1950=ORIENTED_EDGE('',*,*,#4711,.F.);
#1951=ORIENTED_EDGE('',*,*,#4216,.T.);
#1952=ORIENTED_EDGE('',*,*,#4690,.T.);
#1953=ORIENTED_EDGE('',*,*,#4261,.F.);
#1954=ORIENTED_EDGE('',*,*,#4693,.F.);
#1955=ORIENTED_EDGE('',*,*,#4085,.T.);
#1956=ORIENTED_EDGE('',*,*,#4672,.T.);
#1957=ORIENTED_EDGE('',*,*,#4129,.F.);
#1958=ORIENTED_EDGE('',*,*,#4692,.F.);
#1959=ORIENTED_EDGE('',*,*,#4129,.T.);
#1960=ORIENTED_EDGE('',*,*,#4671,.T.);
#1961=ORIENTED_EDGE('',*,*,#4173,.F.);
#1962=ORIENTED_EDGE('',*,*,#4691,.F.);
#1963=ORIENTED_EDGE('',*,*,#4173,.T.);
#1964=ORIENTED_EDGE('',*,*,#4670,.T.);
#1965=ORIENTED_EDGE('',*,*,#4217,.F.);
#1966=ORIENTED_EDGE('',*,*,#4696,.F.);
#1967=ORIENTED_EDGE('',*,*,#4217,.T.);
#1968=ORIENTED_EDGE('',*,*,#4675,.T.);
#1969=ORIENTED_EDGE('',*,*,#4262,.F.);
#1970=ORIENTED_EDGE('',*,*,#4678,.F.);
#1971=ORIENTED_EDGE('',*,*,#4086,.T.);
#1972=ORIENTED_EDGE('',*,*,#4657,.T.);
#1973=ORIENTED_EDGE('',*,*,#4130,.F.);
#1974=ORIENTED_EDGE('',*,*,#4677,.F.);
#1975=ORIENTED_EDGE('',*,*,#4130,.T.);
#1976=ORIENTED_EDGE('',*,*,#4656,.T.);
#1977=ORIENTED_EDGE('',*,*,#4174,.F.);
#1978=ORIENTED_EDGE('',*,*,#4676,.F.);
#1979=ORIENTED_EDGE('',*,*,#4174,.T.);
#1980=ORIENTED_EDGE('',*,*,#4655,.T.);
#1981=ORIENTED_EDGE('',*,*,#4218,.F.);
#1982=ORIENTED_EDGE('',*,*,#4681,.F.);
#1983=ORIENTED_EDGE('',*,*,#4218,.T.);
#1984=ORIENTED_EDGE('',*,*,#4660,.T.);
#1985=ORIENTED_EDGE('',*,*,#4263,.F.);
#1986=ORIENTED_EDGE('',*,*,#4087,.T.);
#1987=ORIENTED_EDGE('',*,*,#4732,.T.);
#1988=ORIENTED_EDGE('',*,*,#4131,.F.);
#1989=ORIENTED_EDGE('',*,*,#4663,.F.);
#1990=ORIENTED_EDGE('',*,*,#4131,.T.);
#1991=ORIENTED_EDGE('',*,*,#4731,.T.);
#1992=ORIENTED_EDGE('',*,*,#4175,.F.);
#1993=ORIENTED_EDGE('',*,*,#4662,.F.);
#1994=ORIENTED_EDGE('',*,*,#4175,.T.);
#1995=ORIENTED_EDGE('',*,*,#4730,.T.);
#1996=ORIENTED_EDGE('',*,*,#4219,.F.);
#1997=ORIENTED_EDGE('',*,*,#4661,.F.);
#1998=ORIENTED_EDGE('',*,*,#4219,.T.);
#1999=ORIENTED_EDGE('',*,*,#4735,.T.);
#2000=ORIENTED_EDGE('',*,*,#4264,.F.);
#2001=ORIENTED_EDGE('',*,*,#4666,.F.);
#2002=ORIENTED_EDGE('',*,*,#4648,.F.);
#2003=ORIENTED_EDGE('',*,*,#4066,.T.);
#2004=ORIENTED_EDGE('',*,*,#4627,.T.);
#2005=ORIENTED_EDGE('',*,*,#4110,.F.);
#2006=ORIENTED_EDGE('',*,*,#4647,.F.);
#2007=ORIENTED_EDGE('',*,*,#4110,.T.);
#2008=ORIENTED_EDGE('',*,*,#4626,.T.);
#2009=ORIENTED_EDGE('',*,*,#4154,.F.);
#2010=ORIENTED_EDGE('',*,*,#4646,.F.);
#2011=ORIENTED_EDGE('',*,*,#4154,.T.);
#2012=ORIENTED_EDGE('',*,*,#4625,.T.);
#2013=ORIENTED_EDGE('',*,*,#4198,.F.);
#2014=ORIENTED_EDGE('',*,*,#4651,.F.);
#2015=ORIENTED_EDGE('',*,*,#4198,.T.);
#2016=ORIENTED_EDGE('',*,*,#4630,.T.);
#2017=ORIENTED_EDGE('',*,*,#4243,.F.);
#2018=ORIENTED_EDGE('',*,*,#4633,.F.);
#2019=ORIENTED_EDGE('',*,*,#4067,.T.);
#2020=ORIENTED_EDGE('',*,*,#4612,.T.);
#2021=ORIENTED_EDGE('',*,*,#4111,.F.);
#2022=ORIENTED_EDGE('',*,*,#4632,.F.);
#2023=ORIENTED_EDGE('',*,*,#4111,.T.);
#2024=ORIENTED_EDGE('',*,*,#4611,.T.);
#2025=ORIENTED_EDGE('',*,*,#4155,.F.);
#2026=ORIENTED_EDGE('',*,*,#4631,.F.);
#2027=ORIENTED_EDGE('',*,*,#4155,.T.);
#2028=ORIENTED_EDGE('',*,*,#4610,.T.);
#2029=ORIENTED_EDGE('',*,*,#4199,.F.);
#2030=ORIENTED_EDGE('',*,*,#4636,.F.);
#2031=ORIENTED_EDGE('',*,*,#4199,.T.);
#2032=ORIENTED_EDGE('',*,*,#4615,.T.);
#2033=ORIENTED_EDGE('',*,*,#4244,.F.);
#2034=ORIENTED_EDGE('',*,*,#4618,.F.);
#2035=ORIENTED_EDGE('',*,*,#4068,.T.);
#2036=ORIENTED_EDGE('',*,*,#4597,.T.);
#2037=ORIENTED_EDGE('',*,*,#4112,.F.);
#2038=ORIENTED_EDGE('',*,*,#4617,.F.);
#2039=ORIENTED_EDGE('',*,*,#4112,.T.);
#2040=ORIENTED_EDGE('',*,*,#4596,.T.);
#2041=ORIENTED_EDGE('',*,*,#4156,.F.);
#2042=ORIENTED_EDGE('',*,*,#4616,.F.);
#2043=ORIENTED_EDGE('',*,*,#4156,.T.);
#2044=ORIENTED_EDGE('',*,*,#4595,.T.);
#2045=ORIENTED_EDGE('',*,*,#4200,.F.);
#2046=ORIENTED_EDGE('',*,*,#4621,.F.);
#2047=ORIENTED_EDGE('',*,*,#4200,.T.);
#2048=ORIENTED_EDGE('',*,*,#4600,.T.);
#2049=ORIENTED_EDGE('',*,*,#4245,.F.);
#2050=ORIENTED_EDGE('',*,*,#4603,.F.);
#2051=ORIENTED_EDGE('',*,*,#4069,.T.);
#2052=ORIENTED_EDGE('',*,*,#4582,.T.);
#2053=ORIENTED_EDGE('',*,*,#4113,.F.);
#2054=ORIENTED_EDGE('',*,*,#4602,.F.);
#2055=ORIENTED_EDGE('',*,*,#4113,.T.);
#2056=ORIENTED_EDGE('',*,*,#4581,.T.);
#2057=ORIENTED_EDGE('',*,*,#4157,.F.);
#2058=ORIENTED_EDGE('',*,*,#4601,.F.);
#2059=ORIENTED_EDGE('',*,*,#4157,.T.);
#2060=ORIENTED_EDGE('',*,*,#4580,.T.);
#2061=ORIENTED_EDGE('',*,*,#4201,.F.);
#2062=ORIENTED_EDGE('',*,*,#4606,.F.);
#2063=ORIENTED_EDGE('',*,*,#4201,.T.);
#2064=ORIENTED_EDGE('',*,*,#4585,.T.);
#2065=ORIENTED_EDGE('',*,*,#4246,.F.);
#2066=ORIENTED_EDGE('',*,*,#4070,.T.);
#2067=ORIENTED_EDGE('',*,*,#4927,.T.);
#2068=ORIENTED_EDGE('',*,*,#4114,.F.);
#2069=ORIENTED_EDGE('',*,*,#4588,.F.);
#2070=ORIENTED_EDGE('',*,*,#4114,.T.);
#2071=ORIENTED_EDGE('',*,*,#4926,.T.);
#2072=ORIENTED_EDGE('',*,*,#4158,.F.);
#2073=ORIENTED_EDGE('',*,*,#4587,.F.);
#2074=ORIENTED_EDGE('',*,*,#4158,.T.);
#2075=ORIENTED_EDGE('',*,*,#4925,.T.);
#2076=ORIENTED_EDGE('',*,*,#4202,.F.);
#2077=ORIENTED_EDGE('',*,*,#4586,.F.);
#2078=ORIENTED_EDGE('',*,*,#4202,.T.);
#2079=ORIENTED_EDGE('',*,*,#4930,.T.);
#2080=ORIENTED_EDGE('',*,*,#4247,.F.);
#2081=ORIENTED_EDGE('',*,*,#4591,.F.);
#2082=ORIENTED_EDGE('',*,*,#4573,.F.);
#2083=ORIENTED_EDGE('',*,*,#4055,.T.);
#2084=ORIENTED_EDGE('',*,*,#4552,.T.);
#2085=ORIENTED_EDGE('',*,*,#4099,.F.);
#2086=ORIENTED_EDGE('',*,*,#4572,.F.);
#2087=ORIENTED_EDGE('',*,*,#4099,.T.);
#2088=ORIENTED_EDGE('',*,*,#4551,.T.);
#2089=ORIENTED_EDGE('',*,*,#4143,.F.);
#2090=ORIENTED_EDGE('',*,*,#4571,.F.);
#2091=ORIENTED_EDGE('',*,*,#4143,.T.);
#2092=ORIENTED_EDGE('',*,*,#4550,.T.);
#2093=ORIENTED_EDGE('',*,*,#4187,.F.);
#2094=ORIENTED_EDGE('',*,*,#4576,.F.);
#2095=ORIENTED_EDGE('',*,*,#4187,.T.);
#2096=ORIENTED_EDGE('',*,*,#4555,.T.);
#2097=ORIENTED_EDGE('',*,*,#4232,.F.);
#2098=ORIENTED_EDGE('',*,*,#4558,.F.);
#2099=ORIENTED_EDGE('',*,*,#4056,.T.);
#2100=ORIENTED_EDGE('',*,*,#4537,.T.);
#2101=ORIENTED_EDGE('',*,*,#4100,.F.);
#2102=ORIENTED_EDGE('',*,*,#4557,.F.);
#2103=ORIENTED_EDGE('',*,*,#4100,.T.);
#2104=ORIENTED_EDGE('',*,*,#4536,.T.);
#2105=ORIENTED_EDGE('',*,*,#4144,.F.);
#2106=ORIENTED_EDGE('',*,*,#4556,.F.);
#2107=ORIENTED_EDGE('',*,*,#4144,.T.);
#2108=ORIENTED_EDGE('',*,*,#4535,.T.);
#2109=ORIENTED_EDGE('',*,*,#4188,.F.);
#2110=ORIENTED_EDGE('',*,*,#4561,.F.);
#2111=ORIENTED_EDGE('',*,*,#4188,.T.);
#2112=ORIENTED_EDGE('',*,*,#4540,.T.);
#2113=ORIENTED_EDGE('',*,*,#4233,.F.);
#2114=ORIENTED_EDGE('',*,*,#4543,.F.);
#2115=ORIENTED_EDGE('',*,*,#4057,.T.);
#2116=ORIENTED_EDGE('',*,*,#4522,.T.);
#2117=ORIENTED_EDGE('',*,*,#4101,.F.);
#2118=ORIENTED_EDGE('',*,*,#4542,.F.);
#2119=ORIENTED_EDGE('',*,*,#4101,.T.);
#2120=ORIENTED_EDGE('',*,*,#4521,.T.);
#2121=ORIENTED_EDGE('',*,*,#4145,.F.);
#2122=ORIENTED_EDGE('',*,*,#4541,.F.);
#2123=ORIENTED_EDGE('',*,*,#4145,.T.);
#2124=ORIENTED_EDGE('',*,*,#4520,.T.);
#2125=ORIENTED_EDGE('',*,*,#4189,.F.);
#2126=ORIENTED_EDGE('',*,*,#4546,.F.);
#2127=ORIENTED_EDGE('',*,*,#4189,.T.);
#2128=ORIENTED_EDGE('',*,*,#4525,.T.);
#2129=ORIENTED_EDGE('',*,*,#4234,.F.);
#2130=ORIENTED_EDGE('',*,*,#4528,.F.);
#2131=ORIENTED_EDGE('',*,*,#4058,.T.);
#2132=ORIENTED_EDGE('',*,*,#4507,.T.);
#2133=ORIENTED_EDGE('',*,*,#4102,.F.);
#2134=ORIENTED_EDGE('',*,*,#4527,.F.);
#2135=ORIENTED_EDGE('',*,*,#4102,.T.);
#2136=ORIENTED_EDGE('',*,*,#4506,.T.);
#2137=ORIENTED_EDGE('',*,*,#4146,.F.);
#2138=ORIENTED_EDGE('',*,*,#4526,.F.);
#2139=ORIENTED_EDGE('',*,*,#4146,.T.);
#2140=ORIENTED_EDGE('',*,*,#4505,.T.);
#2141=ORIENTED_EDGE('',*,*,#4190,.F.);
#2142=ORIENTED_EDGE('',*,*,#4531,.F.);
#2143=ORIENTED_EDGE('',*,*,#4190,.T.);
#2144=ORIENTED_EDGE('',*,*,#4510,.T.);
#2145=ORIENTED_EDGE('',*,*,#4235,.F.);
#2146=ORIENTED_EDGE('',*,*,#4513,.F.);
#2147=ORIENTED_EDGE('',*,*,#4059,.T.);
#2148=ORIENTED_EDGE('',*,*,#4492,.T.);
#2149=ORIENTED_EDGE('',*,*,#4103,.F.);
#2150=ORIENTED_EDGE('',*,*,#4512,.F.);
#2151=ORIENTED_EDGE('',*,*,#4103,.T.);
#2152=ORIENTED_EDGE('',*,*,#4491,.T.);
#2153=ORIENTED_EDGE('',*,*,#4147,.F.);
#2154=ORIENTED_EDGE('',*,*,#4511,.F.);
#2155=ORIENTED_EDGE('',*,*,#4147,.T.);
#2156=ORIENTED_EDGE('',*,*,#4490,.T.);
#2157=ORIENTED_EDGE('',*,*,#4191,.F.);
#2158=ORIENTED_EDGE('',*,*,#4516,.F.);
#2159=ORIENTED_EDGE('',*,*,#4191,.T.);
#2160=ORIENTED_EDGE('',*,*,#4495,.T.);
#2161=ORIENTED_EDGE('',*,*,#4236,.F.);
#2162=ORIENTED_EDGE('',*,*,#4498,.F.);
#2163=ORIENTED_EDGE('',*,*,#4060,.T.);
#2164=ORIENTED_EDGE('',*,*,#4477,.T.);
#2165=ORIENTED_EDGE('',*,*,#4104,.F.);
#2166=ORIENTED_EDGE('',*,*,#4497,.F.);
#2167=ORIENTED_EDGE('',*,*,#4104,.T.);
#2168=ORIENTED_EDGE('',*,*,#4476,.T.);
#2169=ORIENTED_EDGE('',*,*,#4148,.F.);
#2170=ORIENTED_EDGE('',*,*,#4496,.F.);
#2171=ORIENTED_EDGE('',*,*,#4148,.T.);
#2172=ORIENTED_EDGE('',*,*,#4475,.T.);
#2173=ORIENTED_EDGE('',*,*,#4192,.F.);
#2174=ORIENTED_EDGE('',*,*,#4501,.F.);
#2175=ORIENTED_EDGE('',*,*,#4192,.T.);
#2176=ORIENTED_EDGE('',*,*,#4480,.T.);
#2177=ORIENTED_EDGE('',*,*,#4237,.F.);
#2178=ORIENTED_EDGE('',*,*,#4483,.F.);
#2179=ORIENTED_EDGE('',*,*,#4061,.T.);
#2180=ORIENTED_EDGE('',*,*,#4462,.T.);
#2181=ORIENTED_EDGE('',*,*,#4105,.F.);
#2182=ORIENTED_EDGE('',*,*,#4482,.F.);
#2183=ORIENTED_EDGE('',*,*,#4105,.T.);
#2184=ORIENTED_EDGE('',*,*,#4461,.T.);
#2185=ORIENTED_EDGE('',*,*,#4149,.F.);
#2186=ORIENTED_EDGE('',*,*,#4481,.F.);
#2187=ORIENTED_EDGE('',*,*,#4149,.T.);
#2188=ORIENTED_EDGE('',*,*,#4460,.T.);
#2189=ORIENTED_EDGE('',*,*,#4193,.F.);
#2190=ORIENTED_EDGE('',*,*,#4486,.F.);
#2191=ORIENTED_EDGE('',*,*,#4193,.T.);
#2192=ORIENTED_EDGE('',*,*,#4465,.T.);
#2193=ORIENTED_EDGE('',*,*,#4238,.F.);
#2194=ORIENTED_EDGE('',*,*,#4468,.F.);
#2195=ORIENTED_EDGE('',*,*,#4062,.T.);
#2196=ORIENTED_EDGE('',*,*,#4447,.T.);
#2197=ORIENTED_EDGE('',*,*,#4106,.F.);
#2198=ORIENTED_EDGE('',*,*,#4467,.F.);
#2199=ORIENTED_EDGE('',*,*,#4106,.T.);
#2200=ORIENTED_EDGE('',*,*,#4446,.T.);
#2201=ORIENTED_EDGE('',*,*,#4150,.F.);
#2202=ORIENTED_EDGE('',*,*,#4466,.F.);
#2203=ORIENTED_EDGE('',*,*,#4150,.T.);
#2204=ORIENTED_EDGE('',*,*,#4445,.T.);
#2205=ORIENTED_EDGE('',*,*,#4194,.F.);
#2206=ORIENTED_EDGE('',*,*,#4471,.F.);
#2207=ORIENTED_EDGE('',*,*,#4194,.T.);
#2208=ORIENTED_EDGE('',*,*,#4450,.T.);
#2209=ORIENTED_EDGE('',*,*,#4239,.F.);
#2210=ORIENTED_EDGE('',*,*,#4453,.F.);
#2211=ORIENTED_EDGE('',*,*,#4063,.T.);
#2212=ORIENTED_EDGE('',*,*,#4432,.T.);
#2213=ORIENTED_EDGE('',*,*,#4107,.F.);
#2214=ORIENTED_EDGE('',*,*,#4452,.F.);
#2215=ORIENTED_EDGE('',*,*,#4107,.T.);
#2216=ORIENTED_EDGE('',*,*,#4431,.T.);
#2217=ORIENTED_EDGE('',*,*,#4151,.F.);
#2218=ORIENTED_EDGE('',*,*,#4451,.F.);
#2219=ORIENTED_EDGE('',*,*,#4151,.T.);
#2220=ORIENTED_EDGE('',*,*,#4430,.T.);
#2221=ORIENTED_EDGE('',*,*,#4195,.F.);
#2222=ORIENTED_EDGE('',*,*,#4456,.F.);
#2223=ORIENTED_EDGE('',*,*,#4195,.T.);
#2224=ORIENTED_EDGE('',*,*,#4435,.T.);
#2225=ORIENTED_EDGE('',*,*,#4240,.F.);
#2226=ORIENTED_EDGE('',*,*,#4438,.F.);
#2227=ORIENTED_EDGE('',*,*,#4064,.T.);
#2228=ORIENTED_EDGE('',*,*,#4417,.T.);
#2229=ORIENTED_EDGE('',*,*,#4108,.F.);
#2230=ORIENTED_EDGE('',*,*,#4437,.F.);
#2231=ORIENTED_EDGE('',*,*,#4108,.T.);
#2232=ORIENTED_EDGE('',*,*,#4416,.T.);
#2233=ORIENTED_EDGE('',*,*,#4152,.F.);
#2234=ORIENTED_EDGE('',*,*,#4436,.F.);
#2235=ORIENTED_EDGE('',*,*,#4152,.T.);
#2236=ORIENTED_EDGE('',*,*,#4415,.T.);
#2237=ORIENTED_EDGE('',*,*,#4196,.F.);
#2238=ORIENTED_EDGE('',*,*,#4441,.F.);
#2239=ORIENTED_EDGE('',*,*,#4196,.T.);
#2240=ORIENTED_EDGE('',*,*,#4420,.T.);
#2241=ORIENTED_EDGE('',*,*,#4241,.F.);
#2242=ORIENTED_EDGE('',*,*,#4065,.T.);
#2243=ORIENTED_EDGE('',*,*,#4642,.T.);
#2244=ORIENTED_EDGE('',*,*,#4109,.F.);
#2245=ORIENTED_EDGE('',*,*,#4423,.F.);
#2246=ORIENTED_EDGE('',*,*,#4109,.T.);
#2247=ORIENTED_EDGE('',*,*,#4641,.T.);
#2248=ORIENTED_EDGE('',*,*,#4153,.F.);
#2249=ORIENTED_EDGE('',*,*,#4422,.F.);
#2250=ORIENTED_EDGE('',*,*,#4153,.T.);
#2251=ORIENTED_EDGE('',*,*,#4640,.T.);
#2252=ORIENTED_EDGE('',*,*,#4197,.F.);
#2253=ORIENTED_EDGE('',*,*,#4421,.F.);
#2254=ORIENTED_EDGE('',*,*,#4197,.T.);
#2255=ORIENTED_EDGE('',*,*,#4645,.T.);
#2256=ORIENTED_EDGE('',*,*,#4242,.F.);
#2257=ORIENTED_EDGE('',*,*,#4426,.F.);
#2258=ORIENTED_EDGE('',*,*,#4408,.F.);
#2259=ORIENTED_EDGE('',*,*,#4051,.T.);
#2260=ORIENTED_EDGE('',*,*,#4393,.T.);
#2261=ORIENTED_EDGE('',*,*,#4095,.F.);
#2262=ORIENTED_EDGE('',*,*,#4407,.F.);
#2263=ORIENTED_EDGE('',*,*,#4095,.T.);
#2264=ORIENTED_EDGE('',*,*,#4392,.T.);
#2265=ORIENTED_EDGE('',*,*,#4139,.F.);
#2266=ORIENTED_EDGE('',*,*,#4406,.F.);
#2267=ORIENTED_EDGE('',*,*,#4139,.T.);
#2268=ORIENTED_EDGE('',*,*,#4391,.T.);
#2269=ORIENTED_EDGE('',*,*,#4183,.F.);
#2270=ORIENTED_EDGE('',*,*,#4411,.F.);
#2271=ORIENTED_EDGE('',*,*,#4183,.T.);
#2272=ORIENTED_EDGE('',*,*,#4396,.T.);
#2273=ORIENTED_EDGE('',*,*,#4228,.F.);
#2274=ORIENTED_EDGE('',*,*,#4399,.F.);
#2275=ORIENTED_EDGE('',*,*,#4052,.T.);
#2276=ORIENTED_EDGE('',*,*,#4378,.T.);
#2277=ORIENTED_EDGE('',*,*,#4096,.F.);
#2278=ORIENTED_EDGE('',*,*,#4398,.F.);
#2279=ORIENTED_EDGE('',*,*,#4096,.T.);
#2280=ORIENTED_EDGE('',*,*,#4377,.T.);
#2281=ORIENTED_EDGE('',*,*,#4140,.F.);
#2282=ORIENTED_EDGE('',*,*,#4397,.F.);
#2283=ORIENTED_EDGE('',*,*,#4140,.T.);
#2284=ORIENTED_EDGE('',*,*,#4376,.T.);
#2285=ORIENTED_EDGE('',*,*,#4184,.F.);
#2286=ORIENTED_EDGE('',*,*,#4402,.F.);
#2287=ORIENTED_EDGE('',*,*,#4184,.T.);
#2288=ORIENTED_EDGE('',*,*,#4381,.T.);
#2289=ORIENTED_EDGE('',*,*,#4229,.F.);
#2290=ORIENTED_EDGE('',*,*,#4384,.F.);
#2291=ORIENTED_EDGE('',*,*,#4053,.T.);
#2292=ORIENTED_EDGE('',*,*,#4363,.T.);
#2293=ORIENTED_EDGE('',*,*,#4097,.F.);
#2294=ORIENTED_EDGE('',*,*,#4383,.F.);
#2295=ORIENTED_EDGE('',*,*,#4097,.T.);
#2296=ORIENTED_EDGE('',*,*,#4362,.T.);
#2297=ORIENTED_EDGE('',*,*,#4141,.F.);
#2298=ORIENTED_EDGE('',*,*,#4382,.F.);
#2299=ORIENTED_EDGE('',*,*,#4141,.T.);
#2300=ORIENTED_EDGE('',*,*,#4361,.T.);
#2301=ORIENTED_EDGE('',*,*,#4185,.F.);
#2302=ORIENTED_EDGE('',*,*,#4387,.F.);
#2303=ORIENTED_EDGE('',*,*,#4185,.T.);
#2304=ORIENTED_EDGE('',*,*,#4366,.T.);
#2305=ORIENTED_EDGE('',*,*,#4230,.F.);
#2306=ORIENTED_EDGE('',*,*,#4054,.T.);
#2307=ORIENTED_EDGE('',*,*,#4567,.T.);
#2308=ORIENTED_EDGE('',*,*,#4098,.F.);
#2309=ORIENTED_EDGE('',*,*,#4369,.F.);
#2310=ORIENTED_EDGE('',*,*,#4098,.T.);
#2311=ORIENTED_EDGE('',*,*,#4566,.T.);
#2312=ORIENTED_EDGE('',*,*,#4142,.F.);
#2313=ORIENTED_EDGE('',*,*,#4368,.F.);
#2314=ORIENTED_EDGE('',*,*,#4142,.T.);
#2315=ORIENTED_EDGE('',*,*,#4565,.T.);
#2316=ORIENTED_EDGE('',*,*,#4186,.F.);
#2317=ORIENTED_EDGE('',*,*,#4367,.F.);
#2318=ORIENTED_EDGE('',*,*,#4186,.T.);
#2319=ORIENTED_EDGE('',*,*,#4570,.T.);
#2320=ORIENTED_EDGE('',*,*,#4231,.F.);
#2321=ORIENTED_EDGE('',*,*,#4372,.F.);
#2322=ORIENTED_EDGE('',*,*,#4357,.T.);
#2323=ORIENTED_EDGE('',*,*,#4023,.F.);
#2324=ORIENTED_EDGE('',*,*,#4319,.F.);
#2325=ORIENTED_EDGE('',*,*,#4281,.T.);
#2326=ORIENTED_EDGE('',*,*,#4356,.T.);
#2327=ORIENTED_EDGE('',*,*,#4024,.F.);
#2328=ORIENTED_EDGE('',*,*,#4318,.F.);
#2329=ORIENTED_EDGE('',*,*,#4023,.T.);
#2330=ORIENTED_EDGE('',*,*,#4355,.T.);
#2331=ORIENTED_EDGE('',*,*,#4025,.F.);
#2332=ORIENTED_EDGE('',*,*,#4317,.F.);
#2333=ORIENTED_EDGE('',*,*,#4024,.T.);
#2334=ORIENTED_EDGE('',*,*,#4354,.T.);
#2335=ORIENTED_EDGE('',*,*,#4026,.F.);
#2336=ORIENTED_EDGE('',*,*,#4316,.F.);
#2337=ORIENTED_EDGE('',*,*,#4025,.T.);
#2338=ORIENTED_EDGE('',*,*,#4353,.T.);
#2339=ORIENTED_EDGE('',*,*,#4027,.F.);
#2340=ORIENTED_EDGE('',*,*,#4315,.F.);
#2341=ORIENTED_EDGE('',*,*,#4026,.T.);
#2342=ORIENTED_EDGE('',*,*,#4352,.T.);
#2343=ORIENTED_EDGE('',*,*,#4028,.F.);
#2344=ORIENTED_EDGE('',*,*,#4314,.F.);
#2345=ORIENTED_EDGE('',*,*,#4027,.T.);
#2346=ORIENTED_EDGE('',*,*,#4351,.T.);
#2347=ORIENTED_EDGE('',*,*,#4029,.F.);
#2348=ORIENTED_EDGE('',*,*,#4313,.F.);
#2349=ORIENTED_EDGE('',*,*,#4028,.T.);
#2350=ORIENTED_EDGE('',*,*,#4350,.T.);
#2351=ORIENTED_EDGE('',*,*,#4030,.F.);
#2352=ORIENTED_EDGE('',*,*,#4312,.F.);
#2353=ORIENTED_EDGE('',*,*,#4029,.T.);
#2354=ORIENTED_EDGE('',*,*,#4349,.T.);
#2355=ORIENTED_EDGE('',*,*,#4031,.F.);
#2356=ORIENTED_EDGE('',*,*,#4311,.F.);
#2357=ORIENTED_EDGE('',*,*,#4030,.T.);
#2358=ORIENTED_EDGE('',*,*,#4348,.T.);
#2359=ORIENTED_EDGE('',*,*,#4032,.F.);
#2360=ORIENTED_EDGE('',*,*,#4310,.F.);
#2361=ORIENTED_EDGE('',*,*,#4031,.T.);
#2362=ORIENTED_EDGE('',*,*,#4347,.T.);
#2363=ORIENTED_EDGE('',*,*,#4033,.F.);
#2364=ORIENTED_EDGE('',*,*,#4309,.F.);
#2365=ORIENTED_EDGE('',*,*,#4032,.T.);
#2366=ORIENTED_EDGE('',*,*,#4346,.T.);
#2367=ORIENTED_EDGE('',*,*,#4034,.F.);
#2368=ORIENTED_EDGE('',*,*,#4308,.F.);
#2369=ORIENTED_EDGE('',*,*,#4033,.T.);
#2370=ORIENTED_EDGE('',*,*,#4345,.T.);
#2371=ORIENTED_EDGE('',*,*,#4035,.F.);
#2372=ORIENTED_EDGE('',*,*,#4307,.F.);
#2373=ORIENTED_EDGE('',*,*,#4034,.T.);
#2374=ORIENTED_EDGE('',*,*,#4344,.T.);
#2375=ORIENTED_EDGE('',*,*,#4036,.F.);
#2376=ORIENTED_EDGE('',*,*,#4306,.F.);
#2377=ORIENTED_EDGE('',*,*,#4035,.T.);
#2378=ORIENTED_EDGE('',*,*,#4343,.T.);
#2379=ORIENTED_EDGE('',*,*,#4037,.F.);
#2380=ORIENTED_EDGE('',*,*,#4305,.F.);
#2381=ORIENTED_EDGE('',*,*,#4036,.T.);
#2382=ORIENTED_EDGE('',*,*,#4342,.T.);
#2383=ORIENTED_EDGE('',*,*,#4038,.F.);
#2384=ORIENTED_EDGE('',*,*,#4304,.F.);
#2385=ORIENTED_EDGE('',*,*,#4037,.T.);
#2386=ORIENTED_EDGE('',*,*,#4341,.T.);
#2387=ORIENTED_EDGE('',*,*,#4039,.F.);
#2388=ORIENTED_EDGE('',*,*,#4303,.F.);
#2389=ORIENTED_EDGE('',*,*,#4038,.T.);
#2390=ORIENTED_EDGE('',*,*,#4340,.T.);
#2391=ORIENTED_EDGE('',*,*,#4040,.F.);
#2392=ORIENTED_EDGE('',*,*,#4302,.F.);
#2393=ORIENTED_EDGE('',*,*,#4039,.T.);
#2394=ORIENTED_EDGE('',*,*,#4339,.T.);
#2395=ORIENTED_EDGE('',*,*,#4041,.F.);
#2396=ORIENTED_EDGE('',*,*,#4301,.F.);
#2397=ORIENTED_EDGE('',*,*,#4040,.T.);
#2398=ORIENTED_EDGE('',*,*,#4338,.T.);
#2399=ORIENTED_EDGE('',*,*,#4042,.F.);
#2400=ORIENTED_EDGE('',*,*,#4300,.F.);
#2401=ORIENTED_EDGE('',*,*,#4041,.T.);
#2402=ORIENTED_EDGE('',*,*,#4337,.T.);
#2403=ORIENTED_EDGE('',*,*,#4043,.F.);
#2404=ORIENTED_EDGE('',*,*,#4299,.F.);
#2405=ORIENTED_EDGE('',*,*,#4042,.T.);
#2406=ORIENTED_EDGE('',*,*,#4336,.T.);
#2407=ORIENTED_EDGE('',*,*,#4044,.F.);
#2408=ORIENTED_EDGE('',*,*,#4298,.F.);
#2409=ORIENTED_EDGE('',*,*,#4043,.T.);
#2410=ORIENTED_EDGE('',*,*,#4335,.T.);
#2411=ORIENTED_EDGE('',*,*,#4045,.F.);
#2412=ORIENTED_EDGE('',*,*,#4297,.F.);
#2413=ORIENTED_EDGE('',*,*,#4044,.T.);
#2414=ORIENTED_EDGE('',*,*,#4334,.T.);
#2415=ORIENTED_EDGE('',*,*,#4046,.F.);
#2416=ORIENTED_EDGE('',*,*,#4296,.F.);
#2417=ORIENTED_EDGE('',*,*,#4045,.T.);
#2418=ORIENTED_EDGE('',*,*,#4333,.T.);
#2419=ORIENTED_EDGE('',*,*,#4047,.F.);
#2420=ORIENTED_EDGE('',*,*,#4295,.F.);
#2421=ORIENTED_EDGE('',*,*,#4046,.T.);
#2422=ORIENTED_EDGE('',*,*,#4332,.T.);
#2423=ORIENTED_EDGE('',*,*,#4048,.F.);
#2424=ORIENTED_EDGE('',*,*,#4294,.F.);
#2425=ORIENTED_EDGE('',*,*,#4047,.T.);
#2426=ORIENTED_EDGE('',*,*,#4331,.T.);
#2427=ORIENTED_EDGE('',*,*,#4049,.F.);
#2428=ORIENTED_EDGE('',*,*,#4293,.F.);
#2429=ORIENTED_EDGE('',*,*,#4048,.T.);
#2430=ORIENTED_EDGE('',*,*,#4330,.T.);
#2431=ORIENTED_EDGE('',*,*,#4984,.F.);
#2432=ORIENTED_EDGE('',*,*,#4094,.F.);
#2433=ORIENTED_EDGE('',*,*,#4995,.F.);
#2434=ORIENTED_EDGE('',*,*,#4093,.F.);
#2435=ORIENTED_EDGE('',*,*,#5010,.F.);
#2436=ORIENTED_EDGE('',*,*,#4092,.F.);
#2437=ORIENTED_EDGE('',*,*,#4939,.F.);
#2438=ORIENTED_EDGE('',*,*,#4091,.F.);
#2439=ORIENTED_EDGE('',*,*,#4954,.F.);
#2440=ORIENTED_EDGE('',*,*,#4090,.F.);
#2441=ORIENTED_EDGE('',*,*,#4969,.F.);
#2442=ORIENTED_EDGE('',*,*,#4089,.F.);
#2443=ORIENTED_EDGE('',*,*,#4714,.F.);
#2444=ORIENTED_EDGE('',*,*,#4088,.F.);
#2445=ORIENTED_EDGE('',*,*,#4729,.F.);
#2446=ORIENTED_EDGE('',*,*,#4087,.F.);
#2447=ORIENTED_EDGE('',*,*,#4654,.F.);
#2448=ORIENTED_EDGE('',*,*,#4086,.F.);
#2449=ORIENTED_EDGE('',*,*,#4669,.F.);
#2450=ORIENTED_EDGE('',*,*,#4085,.F.);
#2451=ORIENTED_EDGE('',*,*,#4684,.F.);
#2452=ORIENTED_EDGE('',*,*,#4084,.F.);
#2453=ORIENTED_EDGE('',*,*,#4699,.F.);
#2454=ORIENTED_EDGE('',*,*,#4083,.F.);
#2455=ORIENTED_EDGE('',*,*,#4744,.F.);
#2456=ORIENTED_EDGE('',*,*,#4082,.F.);
#2457=ORIENTED_EDGE('',*,*,#4759,.F.);
#2458=ORIENTED_EDGE('',*,*,#4081,.F.);
#2459=ORIENTED_EDGE('',*,*,#4774,.F.);
#2460=ORIENTED_EDGE('',*,*,#4080,.F.);
#2461=ORIENTED_EDGE('',*,*,#4789,.F.);
#2462=ORIENTED_EDGE('',*,*,#4079,.F.);
#2463=ORIENTED_EDGE('',*,*,#4804,.F.);
#2464=ORIENTED_EDGE('',*,*,#4078,.F.);
#2465=ORIENTED_EDGE('',*,*,#4819,.F.);
#2466=ORIENTED_EDGE('',*,*,#4077,.F.);
#2467=ORIENTED_EDGE('',*,*,#4834,.F.);
#2468=ORIENTED_EDGE('',*,*,#4076,.F.);
#2469=ORIENTED_EDGE('',*,*,#4849,.F.);
#2470=ORIENTED_EDGE('',*,*,#4075,.F.);
#2471=ORIENTED_EDGE('',*,*,#4864,.F.);
#2472=ORIENTED_EDGE('',*,*,#4074,.F.);
#2473=ORIENTED_EDGE('',*,*,#4879,.F.);
#2474=ORIENTED_EDGE('',*,*,#4073,.F.);
#2475=ORIENTED_EDGE('',*,*,#4894,.F.);
#2476=ORIENTED_EDGE('',*,*,#4072,.F.);
#2477=ORIENTED_EDGE('',*,*,#4909,.F.);
#2478=ORIENTED_EDGE('',*,*,#4071,.F.);
#2479=ORIENTED_EDGE('',*,*,#4924,.F.);
#2480=ORIENTED_EDGE('',*,*,#4070,.F.);
#2481=ORIENTED_EDGE('',*,*,#4579,.F.);
#2482=ORIENTED_EDGE('',*,*,#4069,.F.);
#2483=ORIENTED_EDGE('',*,*,#4594,.F.);
#2484=ORIENTED_EDGE('',*,*,#4068,.F.);
#2485=ORIENTED_EDGE('',*,*,#4609,.F.);
#2486=ORIENTED_EDGE('',*,*,#4067,.F.);
#2487=ORIENTED_EDGE('',*,*,#4624,.F.);
#2488=ORIENTED_EDGE('',*,*,#4066,.F.);
#2489=ORIENTED_EDGE('',*,*,#4639,.F.);
#2490=ORIENTED_EDGE('',*,*,#4065,.F.);
#2491=ORIENTED_EDGE('',*,*,#4414,.F.);
#2492=ORIENTED_EDGE('',*,*,#4064,.F.);
#2493=ORIENTED_EDGE('',*,*,#4429,.F.);
#2494=ORIENTED_EDGE('',*,*,#4063,.F.);
#2495=ORIENTED_EDGE('',*,*,#4444,.F.);
#2496=ORIENTED_EDGE('',*,*,#4062,.F.);
#2497=ORIENTED_EDGE('',*,*,#4459,.F.);
#2498=ORIENTED_EDGE('',*,*,#4061,.F.);
#2499=ORIENTED_EDGE('',*,*,#4474,.F.);
#2500=ORIENTED_EDGE('',*,*,#4060,.F.);
#2501=ORIENTED_EDGE('',*,*,#4489,.F.);
#2502=ORIENTED_EDGE('',*,*,#4059,.F.);
#2503=ORIENTED_EDGE('',*,*,#4504,.F.);
#2504=ORIENTED_EDGE('',*,*,#4058,.F.);
#2505=ORIENTED_EDGE('',*,*,#4519,.F.);
#2506=ORIENTED_EDGE('',*,*,#4057,.F.);
#2507=ORIENTED_EDGE('',*,*,#4534,.F.);
#2508=ORIENTED_EDGE('',*,*,#4056,.F.);
#2509=ORIENTED_EDGE('',*,*,#4549,.F.);
#2510=ORIENTED_EDGE('',*,*,#4055,.F.);
#2511=ORIENTED_EDGE('',*,*,#4564,.F.);
#2512=ORIENTED_EDGE('',*,*,#4054,.F.);
#2513=ORIENTED_EDGE('',*,*,#4360,.F.);
#2514=ORIENTED_EDGE('',*,*,#4053,.F.);
#2515=ORIENTED_EDGE('',*,*,#4375,.F.);
#2516=ORIENTED_EDGE('',*,*,#4052,.F.);
#2517=ORIENTED_EDGE('',*,*,#4390,.F.);
#2518=ORIENTED_EDGE('',*,*,#4051,.F.);
#2519=ORIENTED_EDGE('',*,*,#4050,.F.);
#2520=ORIENTED_EDGE('',*,*,#4292,.F.);
#2521=ORIENTED_EDGE('',*,*,#4049,.T.);
#2522=ORIENTED_EDGE('',*,*,#4329,.T.);
#2523=ORIENTED_EDGE('',*,*,#4272,.F.);
#2524=ORIENTED_EDGE('',*,*,#4291,.F.);
#2525=ORIENTED_EDGE('',*,*,#4227,.T.);
#2526=ORIENTED_EDGE('',*,*,#4228,.T.);
#2527=ORIENTED_EDGE('',*,*,#4388,.T.);
#2528=ORIENTED_EDGE('',*,*,#4229,.T.);
#2529=ORIENTED_EDGE('',*,*,#4373,.T.);
#2530=ORIENTED_EDGE('',*,*,#4230,.T.);
#2531=ORIENTED_EDGE('',*,*,#4358,.T.);
#2532=ORIENTED_EDGE('',*,*,#4231,.T.);
#2533=ORIENTED_EDGE('',*,*,#4562,.T.);
#2534=ORIENTED_EDGE('',*,*,#4232,.T.);
#2535=ORIENTED_EDGE('',*,*,#4547,.T.);
#2536=ORIENTED_EDGE('',*,*,#4233,.T.);
#2537=ORIENTED_EDGE('',*,*,#4532,.T.);
#2538=ORIENTED_EDGE('',*,*,#4234,.T.);
#2539=ORIENTED_EDGE('',*,*,#4517,.T.);
#2540=ORIENTED_EDGE('',*,*,#4235,.T.);
#2541=ORIENTED_EDGE('',*,*,#4502,.T.);
#2542=ORIENTED_EDGE('',*,*,#4236,.T.);
#2543=ORIENTED_EDGE('',*,*,#4487,.T.);
#2544=ORIENTED_EDGE('',*,*,#4237,.T.);
#2545=ORIENTED_EDGE('',*,*,#4472,.T.);
#2546=ORIENTED_EDGE('',*,*,#4238,.T.);
#2547=ORIENTED_EDGE('',*,*,#4457,.T.);
#2548=ORIENTED_EDGE('',*,*,#4239,.T.);
#2549=ORIENTED_EDGE('',*,*,#4442,.T.);
#2550=ORIENTED_EDGE('',*,*,#4240,.T.);
#2551=ORIENTED_EDGE('',*,*,#4427,.T.);
#2552=ORIENTED_EDGE('',*,*,#4241,.T.);
#2553=ORIENTED_EDGE('',*,*,#4412,.T.);
#2554=ORIENTED_EDGE('',*,*,#4242,.T.);
#2555=ORIENTED_EDGE('',*,*,#4637,.T.);
#2556=ORIENTED_EDGE('',*,*,#4243,.T.);
#2557=ORIENTED_EDGE('',*,*,#4622,.T.);
#2558=ORIENTED_EDGE('',*,*,#4244,.T.);
#2559=ORIENTED_EDGE('',*,*,#4607,.T.);
#2560=ORIENTED_EDGE('',*,*,#4245,.T.);
#2561=ORIENTED_EDGE('',*,*,#4592,.T.);
#2562=ORIENTED_EDGE('',*,*,#4246,.T.);
#2563=ORIENTED_EDGE('',*,*,#4577,.T.);
#2564=ORIENTED_EDGE('',*,*,#4247,.T.);
#2565=ORIENTED_EDGE('',*,*,#4922,.T.);
#2566=ORIENTED_EDGE('',*,*,#4248,.T.);
#2567=ORIENTED_EDGE('',*,*,#4907,.T.);
#2568=ORIENTED_EDGE('',*,*,#4249,.T.);
#2569=ORIENTED_EDGE('',*,*,#4892,.T.);
#2570=ORIENTED_EDGE('',*,*,#4250,.T.);
#2571=ORIENTED_EDGE('',*,*,#4877,.T.);
#2572=ORIENTED_EDGE('',*,*,#4251,.T.);
#2573=ORIENTED_EDGE('',*,*,#4862,.T.);
#2574=ORIENTED_EDGE('',*,*,#4252,.T.);
#2575=ORIENTED_EDGE('',*,*,#4847,.T.);
#2576=ORIENTED_EDGE('',*,*,#4253,.T.);
#2577=ORIENTED_EDGE('',*,*,#4832,.T.);
#2578=ORIENTED_EDGE('',*,*,#4254,.T.);
#2579=ORIENTED_EDGE('',*,*,#4817,.T.);
#2580=ORIENTED_EDGE('',*,*,#4255,.T.);
#2581=ORIENTED_EDGE('',*,*,#4802,.T.);
#2582=ORIENTED_EDGE('',*,*,#4256,.T.);
#2583=ORIENTED_EDGE('',*,*,#4787,.T.);
#2584=ORIENTED_EDGE('',*,*,#4257,.T.);
#2585=ORIENTED_EDGE('',*,*,#4772,.T.);
#2586=ORIENTED_EDGE('',*,*,#4258,.T.);
#2587=ORIENTED_EDGE('',*,*,#4757,.T.);
#2588=ORIENTED_EDGE('',*,*,#4259,.T.);
#2589=ORIENTED_EDGE('',*,*,#4742,.T.);
#2590=ORIENTED_EDGE('',*,*,#4260,.T.);
#2591=ORIENTED_EDGE('',*,*,#4697,.T.);
#2592=ORIENTED_EDGE('',*,*,#4261,.T.);
#2593=ORIENTED_EDGE('',*,*,#4682,.T.);
#2594=ORIENTED_EDGE('',*,*,#4262,.T.);
#2595=ORIENTED_EDGE('',*,*,#4667,.T.);
#2596=ORIENTED_EDGE('',*,*,#4263,.T.);
#2597=ORIENTED_EDGE('',*,*,#4652,.T.);
#2598=ORIENTED_EDGE('',*,*,#4264,.T.);
#2599=ORIENTED_EDGE('',*,*,#4727,.T.);
#2600=ORIENTED_EDGE('',*,*,#4265,.T.);
#2601=ORIENTED_EDGE('',*,*,#4712,.T.);
#2602=ORIENTED_EDGE('',*,*,#4266,.T.);
#2603=ORIENTED_EDGE('',*,*,#4967,.T.);
#2604=ORIENTED_EDGE('',*,*,#4267,.T.);
#2605=ORIENTED_EDGE('',*,*,#4952,.T.);
#2606=ORIENTED_EDGE('',*,*,#4268,.T.);
#2607=ORIENTED_EDGE('',*,*,#4937,.T.);
#2608=ORIENTED_EDGE('',*,*,#4269,.T.);
#2609=ORIENTED_EDGE('',*,*,#5008,.T.);
#2610=ORIENTED_EDGE('',*,*,#4270,.T.);
#2611=ORIENTED_EDGE('',*,*,#4993,.T.);
#2612=ORIENTED_EDGE('',*,*,#4271,.T.);
#2613=ORIENTED_EDGE('',*,*,#4982,.T.);
#2614=ORIENTED_EDGE('',*,*,#4328,.T.);
#2615=ORIENTED_EDGE('',*,*,#4273,.F.);
#2616=ORIENTED_EDGE('',*,*,#4290,.F.);
#2617=ORIENTED_EDGE('',*,*,#4272,.T.);
#2618=ORIENTED_EDGE('',*,*,#4327,.T.);
#2619=ORIENTED_EDGE('',*,*,#4274,.F.);
#2620=ORIENTED_EDGE('',*,*,#4289,.F.);
#2621=ORIENTED_EDGE('',*,*,#4273,.T.);
#2622=ORIENTED_EDGE('',*,*,#4326,.T.);
#2623=ORIENTED_EDGE('',*,*,#4275,.F.);
#2624=ORIENTED_EDGE('',*,*,#4288,.F.);
#2625=ORIENTED_EDGE('',*,*,#4274,.T.);
#2626=ORIENTED_EDGE('',*,*,#4325,.T.);
#2627=ORIENTED_EDGE('',*,*,#4276,.F.);
#2628=ORIENTED_EDGE('',*,*,#4287,.F.);
#2629=ORIENTED_EDGE('',*,*,#4275,.T.);
#2630=ORIENTED_EDGE('',*,*,#4324,.T.);
#2631=ORIENTED_EDGE('',*,*,#4277,.F.);
#2632=ORIENTED_EDGE('',*,*,#4286,.F.);
#2633=ORIENTED_EDGE('',*,*,#4276,.T.);
#2634=ORIENTED_EDGE('',*,*,#4323,.T.);
#2635=ORIENTED_EDGE('',*,*,#4278,.F.);
#2636=ORIENTED_EDGE('',*,*,#4285,.F.);
#2637=ORIENTED_EDGE('',*,*,#4277,.T.);
#2638=ORIENTED_EDGE('',*,*,#4322,.T.);
#2639=ORIENTED_EDGE('',*,*,#4279,.F.);
#2640=ORIENTED_EDGE('',*,*,#4284,.F.);
#2641=ORIENTED_EDGE('',*,*,#4278,.T.);
#2642=ORIENTED_EDGE('',*,*,#4321,.T.);
#2643=ORIENTED_EDGE('',*,*,#4280,.F.);
#2644=ORIENTED_EDGE('',*,*,#4283,.F.);
#2645=ORIENTED_EDGE('',*,*,#4279,.T.);
#2646=ORIENTED_EDGE('',*,*,#4320,.T.);
#2647=ORIENTED_EDGE('',*,*,#4281,.F.);
#2648=ORIENTED_EDGE('',*,*,#4282,.F.);
#2649=ORIENTED_EDGE('',*,*,#4280,.T.);
#2650=ORIENTED_EDGE('',*,*,#4405,.F.);
#2651=ORIENTED_EDGE('',*,*,#4291,.T.);
#2652=ORIENTED_EDGE('',*,*,#4290,.T.);
#2653=ORIENTED_EDGE('',*,*,#4289,.T.);
#2654=ORIENTED_EDGE('',*,*,#4288,.T.);
#2655=ORIENTED_EDGE('',*,*,#4287,.T.);
#2656=ORIENTED_EDGE('',*,*,#4286,.T.);
#2657=ORIENTED_EDGE('',*,*,#4285,.T.);
#2658=ORIENTED_EDGE('',*,*,#4284,.T.);
#2659=ORIENTED_EDGE('',*,*,#4283,.T.);
#2660=ORIENTED_EDGE('',*,*,#4282,.T.);
#2661=ORIENTED_EDGE('',*,*,#4319,.T.);
#2662=ORIENTED_EDGE('',*,*,#4318,.T.);
#2663=ORIENTED_EDGE('',*,*,#4317,.T.);
#2664=ORIENTED_EDGE('',*,*,#4316,.T.);
#2665=ORIENTED_EDGE('',*,*,#4315,.T.);
#2666=ORIENTED_EDGE('',*,*,#4314,.T.);
#2667=ORIENTED_EDGE('',*,*,#4313,.T.);
#2668=ORIENTED_EDGE('',*,*,#4312,.T.);
#2669=ORIENTED_EDGE('',*,*,#4311,.T.);
#2670=ORIENTED_EDGE('',*,*,#4310,.T.);
#2671=ORIENTED_EDGE('',*,*,#4309,.T.);
#2672=ORIENTED_EDGE('',*,*,#4308,.T.);
#2673=ORIENTED_EDGE('',*,*,#4307,.T.);
#2674=ORIENTED_EDGE('',*,*,#4306,.T.);
#2675=ORIENTED_EDGE('',*,*,#4305,.T.);
#2676=ORIENTED_EDGE('',*,*,#4304,.T.);
#2677=ORIENTED_EDGE('',*,*,#4303,.T.);
#2678=ORIENTED_EDGE('',*,*,#4302,.T.);
#2679=ORIENTED_EDGE('',*,*,#4301,.T.);
#2680=ORIENTED_EDGE('',*,*,#4300,.T.);
#2681=ORIENTED_EDGE('',*,*,#4299,.T.);
#2682=ORIENTED_EDGE('',*,*,#4298,.T.);
#2683=ORIENTED_EDGE('',*,*,#4297,.T.);
#2684=ORIENTED_EDGE('',*,*,#4296,.T.);
#2685=ORIENTED_EDGE('',*,*,#4295,.T.);
#2686=ORIENTED_EDGE('',*,*,#4294,.T.);
#2687=ORIENTED_EDGE('',*,*,#4293,.T.);
#2688=ORIENTED_EDGE('',*,*,#4292,.T.);
#2689=ORIENTED_EDGE('',*,*,#4404,.F.);
#2690=ORIENTED_EDGE('',*,*,#4329,.F.);
#2691=ORIENTED_EDGE('',*,*,#4992,.T.);
#2692=ORIENTED_EDGE('',*,*,#4991,.T.);
#2693=ORIENTED_EDGE('',*,*,#4330,.F.);
#2694=ORIENTED_EDGE('',*,*,#4331,.F.);
#2695=ORIENTED_EDGE('',*,*,#4332,.F.);
#2696=ORIENTED_EDGE('',*,*,#4333,.F.);
#2697=ORIENTED_EDGE('',*,*,#4334,.F.);
#2698=ORIENTED_EDGE('',*,*,#4335,.F.);
#2699=ORIENTED_EDGE('',*,*,#4336,.F.);
#2700=ORIENTED_EDGE('',*,*,#4337,.F.);
#2701=ORIENTED_EDGE('',*,*,#4338,.F.);
#2702=ORIENTED_EDGE('',*,*,#4339,.F.);
#2703=ORIENTED_EDGE('',*,*,#4340,.F.);
#2704=ORIENTED_EDGE('',*,*,#4341,.F.);
#2705=ORIENTED_EDGE('',*,*,#4342,.F.);
#2706=ORIENTED_EDGE('',*,*,#4343,.F.);
#2707=ORIENTED_EDGE('',*,*,#4344,.F.);
#2708=ORIENTED_EDGE('',*,*,#4345,.F.);
#2709=ORIENTED_EDGE('',*,*,#4346,.F.);
#2710=ORIENTED_EDGE('',*,*,#4347,.F.);
#2711=ORIENTED_EDGE('',*,*,#4348,.F.);
#2712=ORIENTED_EDGE('',*,*,#4349,.F.);
#2713=ORIENTED_EDGE('',*,*,#4350,.F.);
#2714=ORIENTED_EDGE('',*,*,#4351,.F.);
#2715=ORIENTED_EDGE('',*,*,#4352,.F.);
#2716=ORIENTED_EDGE('',*,*,#4353,.F.);
#2717=ORIENTED_EDGE('',*,*,#4354,.F.);
#2718=ORIENTED_EDGE('',*,*,#4355,.F.);
#2719=ORIENTED_EDGE('',*,*,#4356,.F.);
#2720=ORIENTED_EDGE('',*,*,#4357,.F.);
#2721=ORIENTED_EDGE('',*,*,#4320,.F.);
#2722=ORIENTED_EDGE('',*,*,#4321,.F.);
#2723=ORIENTED_EDGE('',*,*,#4322,.F.);
#2724=ORIENTED_EDGE('',*,*,#4323,.F.);
#2725=ORIENTED_EDGE('',*,*,#4324,.F.);
#2726=ORIENTED_EDGE('',*,*,#4325,.F.);
#2727=ORIENTED_EDGE('',*,*,#4326,.F.);
#2728=ORIENTED_EDGE('',*,*,#4327,.F.);
#2729=ORIENTED_EDGE('',*,*,#4328,.F.);
#2730=ORIENTED_EDGE('',*,*,#4371,.F.);
#2731=ORIENTED_EDGE('',*,*,#4358,.F.);
#2732=ORIENTED_EDGE('',*,*,#4365,.T.);
#2733=ORIENTED_EDGE('',*,*,#4359,.T.);
#2734=ORIENTED_EDGE('',*,*,#4370,.F.);
#2735=ORIENTED_EDGE('',*,*,#4359,.F.);
#2736=ORIENTED_EDGE('',*,*,#4364,.T.);
#2737=ORIENTED_EDGE('',*,*,#4360,.T.);
#2738=ORIENTED_EDGE('',*,*,#4366,.F.);
#2739=ORIENTED_EDGE('',*,*,#4361,.F.);
#2740=ORIENTED_EDGE('',*,*,#4362,.F.);
#2741=ORIENTED_EDGE('',*,*,#4363,.F.);
#2742=ORIENTED_EDGE('',*,*,#4364,.F.);
#2743=ORIENTED_EDGE('',*,*,#4365,.F.);
#2744=ORIENTED_EDGE('',*,*,#4372,.T.);
#2745=ORIENTED_EDGE('',*,*,#4371,.T.);
#2746=ORIENTED_EDGE('',*,*,#4370,.T.);
#2747=ORIENTED_EDGE('',*,*,#4369,.T.);
#2748=ORIENTED_EDGE('',*,*,#4368,.T.);
#2749=ORIENTED_EDGE('',*,*,#4367,.T.);
#2750=ORIENTED_EDGE('',*,*,#4386,.F.);
#2751=ORIENTED_EDGE('',*,*,#4373,.F.);
#2752=ORIENTED_EDGE('',*,*,#4380,.T.);
#2753=ORIENTED_EDGE('',*,*,#4374,.T.);
#2754=ORIENTED_EDGE('',*,*,#4385,.F.);
#2755=ORIENTED_EDGE('',*,*,#4374,.F.);
#2756=ORIENTED_EDGE('',*,*,#4379,.T.);
#2757=ORIENTED_EDGE('',*,*,#4375,.T.);
#2758=ORIENTED_EDGE('',*,*,#4381,.F.);
#2759=ORIENTED_EDGE('',*,*,#4376,.F.);
#2760=ORIENTED_EDGE('',*,*,#4377,.F.);
#2761=ORIENTED_EDGE('',*,*,#4378,.F.);
#2762=ORIENTED_EDGE('',*,*,#4379,.F.);
#2763=ORIENTED_EDGE('',*,*,#4380,.F.);
#2764=ORIENTED_EDGE('',*,*,#4387,.T.);
#2765=ORIENTED_EDGE('',*,*,#4386,.T.);
#2766=ORIENTED_EDGE('',*,*,#4385,.T.);
#2767=ORIENTED_EDGE('',*,*,#4384,.T.);
#2768=ORIENTED_EDGE('',*,*,#4383,.T.);
#2769=ORIENTED_EDGE('',*,*,#4382,.T.);
#2770=ORIENTED_EDGE('',*,*,#4401,.F.);
#2771=ORIENTED_EDGE('',*,*,#4388,.F.);
#2772=ORIENTED_EDGE('',*,*,#4395,.T.);
#2773=ORIENTED_EDGE('',*,*,#4389,.T.);
#2774=ORIENTED_EDGE('',*,*,#4400,.F.);
#2775=ORIENTED_EDGE('',*,*,#4389,.F.);
#2776=ORIENTED_EDGE('',*,*,#4394,.T.);
#2777=ORIENTED_EDGE('',*,*,#4390,.T.);
#2778=ORIENTED_EDGE('',*,*,#4396,.F.);
#2779=ORIENTED_EDGE('',*,*,#4391,.F.);
#2780=ORIENTED_EDGE('',*,*,#4392,.F.);
#2781=ORIENTED_EDGE('',*,*,#4393,.F.);
#2782=ORIENTED_EDGE('',*,*,#4394,.F.);
#2783=ORIENTED_EDGE('',*,*,#4395,.F.);
#2784=ORIENTED_EDGE('',*,*,#4402,.T.);
#2785=ORIENTED_EDGE('',*,*,#4401,.T.);
#2786=ORIENTED_EDGE('',*,*,#4400,.T.);
#2787=ORIENTED_EDGE('',*,*,#4399,.T.);
#2788=ORIENTED_EDGE('',*,*,#4398,.T.);
#2789=ORIENTED_EDGE('',*,*,#4397,.T.);
#2790=ORIENTED_EDGE('',*,*,#4410,.F.);
#2791=ORIENTED_EDGE('',*,*,#4227,.F.);
#2792=ORIENTED_EDGE('',*,*,#4405,.T.);
#2793=ORIENTED_EDGE('',*,*,#4403,.T.);
#2794=ORIENTED_EDGE('',*,*,#4409,.F.);
#2795=ORIENTED_EDGE('',*,*,#4403,.F.);
#2796=ORIENTED_EDGE('',*,*,#4404,.T.);
#2797=ORIENTED_EDGE('',*,*,#4050,.T.);
#2798=ORIENTED_EDGE('',*,*,#4411,.T.);
#2799=ORIENTED_EDGE('',*,*,#4410,.T.);
#2800=ORIENTED_EDGE('',*,*,#4409,.T.);
#2801=ORIENTED_EDGE('',*,*,#4408,.T.);
#2802=ORIENTED_EDGE('',*,*,#4407,.T.);
#2803=ORIENTED_EDGE('',*,*,#4406,.T.);
#2804=ORIENTED_EDGE('',*,*,#4425,.F.);
#2805=ORIENTED_EDGE('',*,*,#4412,.F.);
#2806=ORIENTED_EDGE('',*,*,#4419,.T.);
#2807=ORIENTED_EDGE('',*,*,#4413,.T.);
#2808=ORIENTED_EDGE('',*,*,#4424,.F.);
#2809=ORIENTED_EDGE('',*,*,#4413,.F.);
#2810=ORIENTED_EDGE('',*,*,#4418,.T.);
#2811=ORIENTED_EDGE('',*,*,#4414,.T.);
#2812=ORIENTED_EDGE('',*,*,#4420,.F.);
#2813=ORIENTED_EDGE('',*,*,#4415,.F.);
#2814=ORIENTED_EDGE('',*,*,#4416,.F.);
#2815=ORIENTED_EDGE('',*,*,#4417,.F.);
#2816=ORIENTED_EDGE('',*,*,#4418,.F.);
#2817=ORIENTED_EDGE('',*,*,#4419,.F.);
#2818=ORIENTED_EDGE('',*,*,#4426,.T.);
#2819=ORIENTED_EDGE('',*,*,#4425,.T.);
#2820=ORIENTED_EDGE('',*,*,#4424,.T.);
#2821=ORIENTED_EDGE('',*,*,#4423,.T.);
#2822=ORIENTED_EDGE('',*,*,#4422,.T.);
#2823=ORIENTED_EDGE('',*,*,#4421,.T.);
#2824=ORIENTED_EDGE('',*,*,#4440,.F.);
#2825=ORIENTED_EDGE('',*,*,#4427,.F.);
#2826=ORIENTED_EDGE('',*,*,#4434,.T.);
#2827=ORIENTED_EDGE('',*,*,#4428,.T.);
#2828=ORIENTED_EDGE('',*,*,#4439,.F.);
#2829=ORIENTED_EDGE('',*,*,#4428,.F.);
#2830=ORIENTED_EDGE('',*,*,#4433,.T.);
#2831=ORIENTED_EDGE('',*,*,#4429,.T.);
#2832=ORIENTED_EDGE('',*,*,#4435,.F.);
#2833=ORIENTED_EDGE('',*,*,#4430,.F.);
#2834=ORIENTED_EDGE('',*,*,#4431,.F.);
#2835=ORIENTED_EDGE('',*,*,#4432,.F.);
#2836=ORIENTED_EDGE('',*,*,#4433,.F.);
#2837=ORIENTED_EDGE('',*,*,#4434,.F.);
#2838=ORIENTED_EDGE('',*,*,#4441,.T.);
#2839=ORIENTED_EDGE('',*,*,#4440,.T.);
#2840=ORIENTED_EDGE('',*,*,#4439,.T.);
#2841=ORIENTED_EDGE('',*,*,#4438,.T.);
#2842=ORIENTED_EDGE('',*,*,#4437,.T.);
#2843=ORIENTED_EDGE('',*,*,#4436,.T.);
#2844=ORIENTED_EDGE('',*,*,#4455,.F.);
#2845=ORIENTED_EDGE('',*,*,#4442,.F.);
#2846=ORIENTED_EDGE('',*,*,#4449,.T.);
#2847=ORIENTED_EDGE('',*,*,#4443,.T.);
#2848=ORIENTED_EDGE('',*,*,#4454,.F.);
#2849=ORIENTED_EDGE('',*,*,#4443,.F.);
#2850=ORIENTED_EDGE('',*,*,#4448,.T.);
#2851=ORIENTED_EDGE('',*,*,#4444,.T.);
#2852=ORIENTED_EDGE('',*,*,#4450,.F.);
#2853=ORIENTED_EDGE('',*,*,#4445,.F.);
#2854=ORIENTED_EDGE('',*,*,#4446,.F.);
#2855=ORIENTED_EDGE('',*,*,#4447,.F.);
#2856=ORIENTED_EDGE('',*,*,#4448,.F.);
#2857=ORIENTED_EDGE('',*,*,#4449,.F.);
#2858=ORIENTED_EDGE('',*,*,#4456,.T.);
#2859=ORIENTED_EDGE('',*,*,#4455,.T.);
#2860=ORIENTED_EDGE('',*,*,#4454,.T.);
#2861=ORIENTED_EDGE('',*,*,#4453,.T.);
#2862=ORIENTED_EDGE('',*,*,#4452,.T.);
#2863=ORIENTED_EDGE('',*,*,#4451,.T.);
#2864=ORIENTED_EDGE('',*,*,#4470,.F.);
#2865=ORIENTED_EDGE('',*,*,#4457,.F.);
#2866=ORIENTED_EDGE('',*,*,#4464,.T.);
#2867=ORIENTED_EDGE('',*,*,#4458,.T.);
#2868=ORIENTED_EDGE('',*,*,#4469,.F.);
#2869=ORIENTED_EDGE('',*,*,#4458,.F.);
#2870=ORIENTED_EDGE('',*,*,#4463,.T.);
#2871=ORIENTED_EDGE('',*,*,#4459,.T.);
#2872=ORIENTED_EDGE('',*,*,#4465,.F.);
#2873=ORIENTED_EDGE('',*,*,#4460,.F.);
#2874=ORIENTED_EDGE('',*,*,#4461,.F.);
#2875=ORIENTED_EDGE('',*,*,#4462,.F.);
#2876=ORIENTED_EDGE('',*,*,#4463,.F.);
#2877=ORIENTED_EDGE('',*,*,#4464,.F.);
#2878=ORIENTED_EDGE('',*,*,#4471,.T.);
#2879=ORIENTED_EDGE('',*,*,#4470,.T.);
#2880=ORIENTED_EDGE('',*,*,#4469,.T.);
#2881=ORIENTED_EDGE('',*,*,#4468,.T.);
#2882=ORIENTED_EDGE('',*,*,#4467,.T.);
#2883=ORIENTED_EDGE('',*,*,#4466,.T.);
#2884=ORIENTED_EDGE('',*,*,#4485,.F.);
#2885=ORIENTED_EDGE('',*,*,#4472,.F.);
#2886=ORIENTED_EDGE('',*,*,#4479,.T.);
#2887=ORIENTED_EDGE('',*,*,#4473,.T.);
#2888=ORIENTED_EDGE('',*,*,#4484,.F.);
#2889=ORIENTED_EDGE('',*,*,#4473,.F.);
#2890=ORIENTED_EDGE('',*,*,#4478,.T.);
#2891=ORIENTED_EDGE('',*,*,#4474,.T.);
#2892=ORIENTED_EDGE('',*,*,#4480,.F.);
#2893=ORIENTED_EDGE('',*,*,#4475,.F.);
#2894=ORIENTED_EDGE('',*,*,#4476,.F.);
#2895=ORIENTED_EDGE('',*,*,#4477,.F.);
#2896=ORIENTED_EDGE('',*,*,#4478,.F.);
#2897=ORIENTED_EDGE('',*,*,#4479,.F.);
#2898=ORIENTED_EDGE('',*,*,#4486,.T.);
#2899=ORIENTED_EDGE('',*,*,#4485,.T.);
#2900=ORIENTED_EDGE('',*,*,#4484,.T.);
#2901=ORIENTED_EDGE('',*,*,#4483,.T.);
#2902=ORIENTED_EDGE('',*,*,#4482,.T.);
#2903=ORIENTED_EDGE('',*,*,#4481,.T.);
#2904=ORIENTED_EDGE('',*,*,#4500,.F.);
#2905=ORIENTED_EDGE('',*,*,#4487,.F.);
#2906=ORIENTED_EDGE('',*,*,#4494,.T.);
#2907=ORIENTED_EDGE('',*,*,#4488,.T.);
#2908=ORIENTED_EDGE('',*,*,#4499,.F.);
#2909=ORIENTED_EDGE('',*,*,#4488,.F.);
#2910=ORIENTED_EDGE('',*,*,#4493,.T.);
#2911=ORIENTED_EDGE('',*,*,#4489,.T.);
#2912=ORIENTED_EDGE('',*,*,#4495,.F.);
#2913=ORIENTED_EDGE('',*,*,#4490,.F.);
#2914=ORIENTED_EDGE('',*,*,#4491,.F.);
#2915=ORIENTED_EDGE('',*,*,#4492,.F.);
#2916=ORIENTED_EDGE('',*,*,#4493,.F.);
#2917=ORIENTED_EDGE('',*,*,#4494,.F.);
#2918=ORIENTED_EDGE('',*,*,#4501,.T.);
#2919=ORIENTED_EDGE('',*,*,#4500,.T.);
#2920=ORIENTED_EDGE('',*,*,#4499,.T.);
#2921=ORIENTED_EDGE('',*,*,#4498,.T.);
#2922=ORIENTED_EDGE('',*,*,#4497,.T.);
#2923=ORIENTED_EDGE('',*,*,#4496,.T.);
#2924=ORIENTED_EDGE('',*,*,#4515,.F.);
#2925=ORIENTED_EDGE('',*,*,#4502,.F.);
#2926=ORIENTED_EDGE('',*,*,#4509,.T.);
#2927=ORIENTED_EDGE('',*,*,#4503,.T.);
#2928=ORIENTED_EDGE('',*,*,#4514,.F.);
#2929=ORIENTED_EDGE('',*,*,#4503,.F.);
#2930=ORIENTED_EDGE('',*,*,#4508,.T.);
#2931=ORIENTED_EDGE('',*,*,#4504,.T.);
#2932=ORIENTED_EDGE('',*,*,#4510,.F.);
#2933=ORIENTED_EDGE('',*,*,#4505,.F.);
#2934=ORIENTED_EDGE('',*,*,#4506,.F.);
#2935=ORIENTED_EDGE('',*,*,#4507,.F.);
#2936=ORIENTED_EDGE('',*,*,#4508,.F.);
#2937=ORIENTED_EDGE('',*,*,#4509,.F.);
#2938=ORIENTED_EDGE('',*,*,#4516,.T.);
#2939=ORIENTED_EDGE('',*,*,#4515,.T.);
#2940=ORIENTED_EDGE('',*,*,#4514,.T.);
#2941=ORIENTED_EDGE('',*,*,#4513,.T.);
#2942=ORIENTED_EDGE('',*,*,#4512,.T.);
#2943=ORIENTED_EDGE('',*,*,#4511,.T.);
#2944=ORIENTED_EDGE('',*,*,#4530,.F.);
#2945=ORIENTED_EDGE('',*,*,#4517,.F.);
#2946=ORIENTED_EDGE('',*,*,#4524,.T.);
#2947=ORIENTED_EDGE('',*,*,#4518,.T.);
#2948=ORIENTED_EDGE('',*,*,#4529,.F.);
#2949=ORIENTED_EDGE('',*,*,#4518,.F.);
#2950=ORIENTED_EDGE('',*,*,#4523,.T.);
#2951=ORIENTED_EDGE('',*,*,#4519,.T.);
#2952=ORIENTED_EDGE('',*,*,#4525,.F.);
#2953=ORIENTED_EDGE('',*,*,#4520,.F.);
#2954=ORIENTED_EDGE('',*,*,#4521,.F.);
#2955=ORIENTED_EDGE('',*,*,#4522,.F.);
#2956=ORIENTED_EDGE('',*,*,#4523,.F.);
#2957=ORIENTED_EDGE('',*,*,#4524,.F.);
#2958=ORIENTED_EDGE('',*,*,#4531,.T.);
#2959=ORIENTED_EDGE('',*,*,#4530,.T.);
#2960=ORIENTED_EDGE('',*,*,#4529,.T.);
#2961=ORIENTED_EDGE('',*,*,#4528,.T.);
#2962=ORIENTED_EDGE('',*,*,#4527,.T.);
#2963=ORIENTED_EDGE('',*,*,#4526,.T.);
#2964=ORIENTED_EDGE('',*,*,#4545,.F.);
#2965=ORIENTED_EDGE('',*,*,#4532,.F.);
#2966=ORIENTED_EDGE('',*,*,#4539,.T.);
#2967=ORIENTED_EDGE('',*,*,#4533,.T.);
#2968=ORIENTED_EDGE('',*,*,#4544,.F.);
#2969=ORIENTED_EDGE('',*,*,#4533,.F.);
#2970=ORIENTED_EDGE('',*,*,#4538,.T.);
#2971=ORIENTED_EDGE('',*,*,#4534,.T.);
#2972=ORIENTED_EDGE('',*,*,#4540,.F.);
#2973=ORIENTED_EDGE('',*,*,#4535,.F.);
#2974=ORIENTED_EDGE('',*,*,#4536,.F.);
#2975=ORIENTED_EDGE('',*,*,#4537,.F.);
#2976=ORIENTED_EDGE('',*,*,#4538,.F.);
#2977=ORIENTED_EDGE('',*,*,#4539,.F.);
#2978=ORIENTED_EDGE('',*,*,#4546,.T.);
#2979=ORIENTED_EDGE('',*,*,#4545,.T.);
#2980=ORIENTED_EDGE('',*,*,#4544,.T.);
#2981=ORIENTED_EDGE('',*,*,#4543,.T.);
#2982=ORIENTED_EDGE('',*,*,#4542,.T.);
#2983=ORIENTED_EDGE('',*,*,#4541,.T.);
#2984=ORIENTED_EDGE('',*,*,#4560,.F.);
#2985=ORIENTED_EDGE('',*,*,#4547,.F.);
#2986=ORIENTED_EDGE('',*,*,#4554,.T.);
#2987=ORIENTED_EDGE('',*,*,#4548,.T.);
#2988=ORIENTED_EDGE('',*,*,#4559,.F.);
#2989=ORIENTED_EDGE('',*,*,#4548,.F.);
#2990=ORIENTED_EDGE('',*,*,#4553,.T.);
#2991=ORIENTED_EDGE('',*,*,#4549,.T.);
#2992=ORIENTED_EDGE('',*,*,#4555,.F.);
#2993=ORIENTED_EDGE('',*,*,#4550,.F.);
#2994=ORIENTED_EDGE('',*,*,#4551,.F.);
#2995=ORIENTED_EDGE('',*,*,#4552,.F.);
#2996=ORIENTED_EDGE('',*,*,#4553,.F.);
#2997=ORIENTED_EDGE('',*,*,#4554,.F.);
#2998=ORIENTED_EDGE('',*,*,#4561,.T.);
#2999=ORIENTED_EDGE('',*,*,#4560,.T.);
#3000=ORIENTED_EDGE('',*,*,#4559,.T.);
#3001=ORIENTED_EDGE('',*,*,#4558,.T.);
#3002=ORIENTED_EDGE('',*,*,#4557,.T.);
#3003=ORIENTED_EDGE('',*,*,#4556,.T.);
#3004=ORIENTED_EDGE('',*,*,#4575,.F.);
#3005=ORIENTED_EDGE('',*,*,#4562,.F.);
#3006=ORIENTED_EDGE('',*,*,#4569,.T.);
#3007=ORIENTED_EDGE('',*,*,#4563,.T.);
#3008=ORIENTED_EDGE('',*,*,#4574,.F.);
#3009=ORIENTED_EDGE('',*,*,#4563,.F.);
#3010=ORIENTED_EDGE('',*,*,#4568,.T.);
#3011=ORIENTED_EDGE('',*,*,#4564,.T.);
#3012=ORIENTED_EDGE('',*,*,#4570,.F.);
#3013=ORIENTED_EDGE('',*,*,#4565,.F.);
#3014=ORIENTED_EDGE('',*,*,#4566,.F.);
#3015=ORIENTED_EDGE('',*,*,#4567,.F.);
#3016=ORIENTED_EDGE('',*,*,#4568,.F.);
#3017=ORIENTED_EDGE('',*,*,#4569,.F.);
#3018=ORIENTED_EDGE('',*,*,#4576,.T.);
#3019=ORIENTED_EDGE('',*,*,#4575,.T.);
#3020=ORIENTED_EDGE('',*,*,#4574,.T.);
#3021=ORIENTED_EDGE('',*,*,#4573,.T.);
#3022=ORIENTED_EDGE('',*,*,#4572,.T.);
#3023=ORIENTED_EDGE('',*,*,#4571,.T.);
#3024=ORIENTED_EDGE('',*,*,#4590,.F.);
#3025=ORIENTED_EDGE('',*,*,#4577,.F.);
#3026=ORIENTED_EDGE('',*,*,#4584,.T.);
#3027=ORIENTED_EDGE('',*,*,#4578,.T.);
#3028=ORIENTED_EDGE('',*,*,#4589,.F.);
#3029=ORIENTED_EDGE('',*,*,#4578,.F.);
#3030=ORIENTED_EDGE('',*,*,#4583,.T.);
#3031=ORIENTED_EDGE('',*,*,#4579,.T.);
#3032=ORIENTED_EDGE('',*,*,#4585,.F.);
#3033=ORIENTED_EDGE('',*,*,#4580,.F.);
#3034=ORIENTED_EDGE('',*,*,#4581,.F.);
#3035=ORIENTED_EDGE('',*,*,#4582,.F.);
#3036=ORIENTED_EDGE('',*,*,#4583,.F.);
#3037=ORIENTED_EDGE('',*,*,#4584,.F.);
#3038=ORIENTED_EDGE('',*,*,#4591,.T.);
#3039=ORIENTED_EDGE('',*,*,#4590,.T.);
#3040=ORIENTED_EDGE('',*,*,#4589,.T.);
#3041=ORIENTED_EDGE('',*,*,#4588,.T.);
#3042=ORIENTED_EDGE('',*,*,#4587,.T.);
#3043=ORIENTED_EDGE('',*,*,#4586,.T.);
#3044=ORIENTED_EDGE('',*,*,#4605,.F.);
#3045=ORIENTED_EDGE('',*,*,#4592,.F.);
#3046=ORIENTED_EDGE('',*,*,#4599,.T.);
#3047=ORIENTED_EDGE('',*,*,#4593,.T.);
#3048=ORIENTED_EDGE('',*,*,#4604,.F.);
#3049=ORIENTED_EDGE('',*,*,#4593,.F.);
#3050=ORIENTED_EDGE('',*,*,#4598,.T.);
#3051=ORIENTED_EDGE('',*,*,#4594,.T.);
#3052=ORIENTED_EDGE('',*,*,#4600,.F.);
#3053=ORIENTED_EDGE('',*,*,#4595,.F.);
#3054=ORIENTED_EDGE('',*,*,#4596,.F.);
#3055=ORIENTED_EDGE('',*,*,#4597,.F.);
#3056=ORIENTED_EDGE('',*,*,#4598,.F.);
#3057=ORIENTED_EDGE('',*,*,#4599,.F.);
#3058=ORIENTED_EDGE('',*,*,#4606,.T.);
#3059=ORIENTED_EDGE('',*,*,#4605,.T.);
#3060=ORIENTED_EDGE('',*,*,#4604,.T.);
#3061=ORIENTED_EDGE('',*,*,#4603,.T.);
#3062=ORIENTED_EDGE('',*,*,#4602,.T.);
#3063=ORIENTED_EDGE('',*,*,#4601,.T.);
#3064=ORIENTED_EDGE('',*,*,#4620,.F.);
#3065=ORIENTED_EDGE('',*,*,#4607,.F.);
#3066=ORIENTED_EDGE('',*,*,#4614,.T.);
#3067=ORIENTED_EDGE('',*,*,#4608,.T.);
#3068=ORIENTED_EDGE('',*,*,#4619,.F.);
#3069=ORIENTED_EDGE('',*,*,#4608,.F.);
#3070=ORIENTED_EDGE('',*,*,#4613,.T.);
#3071=ORIENTED_EDGE('',*,*,#4609,.T.);
#3072=ORIENTED_EDGE('',*,*,#4615,.F.);
#3073=ORIENTED_EDGE('',*,*,#4610,.F.);
#3074=ORIENTED_EDGE('',*,*,#4611,.F.);
#3075=ORIENTED_EDGE('',*,*,#4612,.F.);
#3076=ORIENTED_EDGE('',*,*,#4613,.F.);
#3077=ORIENTED_EDGE('',*,*,#4614,.F.);
#3078=ORIENTED_EDGE('',*,*,#4621,.T.);
#3079=ORIENTED_EDGE('',*,*,#4620,.T.);
#3080=ORIENTED_EDGE('',*,*,#4619,.T.);
#3081=ORIENTED_EDGE('',*,*,#4618,.T.);
#3082=ORIENTED_EDGE('',*,*,#4617,.T.);
#3083=ORIENTED_EDGE('',*,*,#4616,.T.);
#3084=ORIENTED_EDGE('',*,*,#4635,.F.);
#3085=ORIENTED_EDGE('',*,*,#4622,.F.);
#3086=ORIENTED_EDGE('',*,*,#4629,.T.);
#3087=ORIENTED_EDGE('',*,*,#4623,.T.);
#3088=ORIENTED_EDGE('',*,*,#4634,.F.);
#3089=ORIENTED_EDGE('',*,*,#4623,.F.);
#3090=ORIENTED_EDGE('',*,*,#4628,.T.);
#3091=ORIENTED_EDGE('',*,*,#4624,.T.);
#3092=ORIENTED_EDGE('',*,*,#4630,.F.);
#3093=ORIENTED_EDGE('',*,*,#4625,.F.);
#3094=ORIENTED_EDGE('',*,*,#4626,.F.);
#3095=ORIENTED_EDGE('',*,*,#4627,.F.);
#3096=ORIENTED_EDGE('',*,*,#4628,.F.);
#3097=ORIENTED_EDGE('',*,*,#4629,.F.);
#3098=ORIENTED_EDGE('',*,*,#4636,.T.);
#3099=ORIENTED_EDGE('',*,*,#4635,.T.);
#3100=ORIENTED_EDGE('',*,*,#4634,.T.);
#3101=ORIENTED_EDGE('',*,*,#4633,.T.);
#3102=ORIENTED_EDGE('',*,*,#4632,.T.);
#3103=ORIENTED_EDGE('',*,*,#4631,.T.);
#3104=ORIENTED_EDGE('',*,*,#4650,.F.);
#3105=ORIENTED_EDGE('',*,*,#4637,.F.);
#3106=ORIENTED_EDGE('',*,*,#4644,.T.);
#3107=ORIENTED_EDGE('',*,*,#4638,.T.);
#3108=ORIENTED_EDGE('',*,*,#4649,.F.);
#3109=ORIENTED_EDGE('',*,*,#4638,.F.);
#3110=ORIENTED_EDGE('',*,*,#4643,.T.);
#3111=ORIENTED_EDGE('',*,*,#4639,.T.);
#3112=ORIENTED_EDGE('',*,*,#4645,.F.);
#3113=ORIENTED_EDGE('',*,*,#4640,.F.);
#3114=ORIENTED_EDGE('',*,*,#4641,.F.);
#3115=ORIENTED_EDGE('',*,*,#4642,.F.);
#3116=ORIENTED_EDGE('',*,*,#4643,.F.);
#3117=ORIENTED_EDGE('',*,*,#4644,.F.);
#3118=ORIENTED_EDGE('',*,*,#4651,.T.);
#3119=ORIENTED_EDGE('',*,*,#4650,.T.);
#3120=ORIENTED_EDGE('',*,*,#4649,.T.);
#3121=ORIENTED_EDGE('',*,*,#4648,.T.);
#3122=ORIENTED_EDGE('',*,*,#4647,.T.);
#3123=ORIENTED_EDGE('',*,*,#4646,.T.);
#3124=ORIENTED_EDGE('',*,*,#4665,.F.);
#3125=ORIENTED_EDGE('',*,*,#4652,.F.);
#3126=ORIENTED_EDGE('',*,*,#4659,.T.);
#3127=ORIENTED_EDGE('',*,*,#4653,.T.);
#3128=ORIENTED_EDGE('',*,*,#4664,.F.);
#3129=ORIENTED_EDGE('',*,*,#4653,.F.);
#3130=ORIENTED_EDGE('',*,*,#4658,.T.);
#3131=ORIENTED_EDGE('',*,*,#4654,.T.);
#3132=ORIENTED_EDGE('',*,*,#4660,.F.);
#3133=ORIENTED_EDGE('',*,*,#4655,.F.);
#3134=ORIENTED_EDGE('',*,*,#4656,.F.);
#3135=ORIENTED_EDGE('',*,*,#4657,.F.);
#3136=ORIENTED_EDGE('',*,*,#4658,.F.);
#3137=ORIENTED_EDGE('',*,*,#4659,.F.);
#3138=ORIENTED_EDGE('',*,*,#4666,.T.);
#3139=ORIENTED_EDGE('',*,*,#4665,.T.);
#3140=ORIENTED_EDGE('',*,*,#4664,.T.);
#3141=ORIENTED_EDGE('',*,*,#4663,.T.);
#3142=ORIENTED_EDGE('',*,*,#4662,.T.);
#3143=ORIENTED_EDGE('',*,*,#4661,.T.);
#3144=ORIENTED_EDGE('',*,*,#4680,.F.);
#3145=ORIENTED_EDGE('',*,*,#4667,.F.);
#3146=ORIENTED_EDGE('',*,*,#4674,.T.);
#3147=ORIENTED_EDGE('',*,*,#4668,.T.);
#3148=ORIENTED_EDGE('',*,*,#4679,.F.);
#3149=ORIENTED_EDGE('',*,*,#4668,.F.);
#3150=ORIENTED_EDGE('',*,*,#4673,.T.);
#3151=ORIENTED_EDGE('',*,*,#4669,.T.);
#3152=ORIENTED_EDGE('',*,*,#4675,.F.);
#3153=ORIENTED_EDGE('',*,*,#4670,.F.);
#3154=ORIENTED_EDGE('',*,*,#4671,.F.);
#3155=ORIENTED_EDGE('',*,*,#4672,.F.);
#3156=ORIENTED_EDGE('',*,*,#4673,.F.);
#3157=ORIENTED_EDGE('',*,*,#4674,.F.);
#3158=ORIENTED_EDGE('',*,*,#4681,.T.);
#3159=ORIENTED_EDGE('',*,*,#4680,.T.);
#3160=ORIENTED_EDGE('',*,*,#4679,.T.);
#3161=ORIENTED_EDGE('',*,*,#4678,.T.);
#3162=ORIENTED_EDGE('',*,*,#4677,.T.);
#3163=ORIENTED_EDGE('',*,*,#4676,.T.);
#3164=ORIENTED_EDGE('',*,*,#4695,.F.);
#3165=ORIENTED_EDGE('',*,*,#4682,.F.);
#3166=ORIENTED_EDGE('',*,*,#4689,.T.);
#3167=ORIENTED_EDGE('',*,*,#4683,.T.);
#3168=ORIENTED_EDGE('',*,*,#4694,.F.);
#3169=ORIENTED_EDGE('',*,*,#4683,.F.);
#3170=ORIENTED_EDGE('',*,*,#4688,.T.);
#3171=ORIENTED_EDGE('',*,*,#4684,.T.);
#3172=ORIENTED_EDGE('',*,*,#4690,.F.);
#3173=ORIENTED_EDGE('',*,*,#4685,.F.);
#3174=ORIENTED_EDGE('',*,*,#4686,.F.);
#3175=ORIENTED_EDGE('',*,*,#4687,.F.);
#3176=ORIENTED_EDGE('',*,*,#4688,.F.);
#3177=ORIENTED_EDGE('',*,*,#4689,.F.);
#3178=ORIENTED_EDGE('',*,*,#4696,.T.);
#3179=ORIENTED_EDGE('',*,*,#4695,.T.);
#3180=ORIENTED_EDGE('',*,*,#4694,.T.);
#3181=ORIENTED_EDGE('',*,*,#4693,.T.);
#3182=ORIENTED_EDGE('',*,*,#4692,.T.);
#3183=ORIENTED_EDGE('',*,*,#4691,.T.);
#3184=ORIENTED_EDGE('',*,*,#4710,.F.);
#3185=ORIENTED_EDGE('',*,*,#4697,.F.);
#3186=ORIENTED_EDGE('',*,*,#4704,.T.);
#3187=ORIENTED_EDGE('',*,*,#4698,.T.);
#3188=ORIENTED_EDGE('',*,*,#4709,.F.);
#3189=ORIENTED_EDGE('',*,*,#4698,.F.);
#3190=ORIENTED_EDGE('',*,*,#4703,.T.);
#3191=ORIENTED_EDGE('',*,*,#4699,.T.);
#3192=ORIENTED_EDGE('',*,*,#4705,.F.);
#3193=ORIENTED_EDGE('',*,*,#4700,.F.);
#3194=ORIENTED_EDGE('',*,*,#4701,.F.);
#3195=ORIENTED_EDGE('',*,*,#4702,.F.);
#3196=ORIENTED_EDGE('',*,*,#4703,.F.);
#3197=ORIENTED_EDGE('',*,*,#4704,.F.);
#3198=ORIENTED_EDGE('',*,*,#4711,.T.);
#3199=ORIENTED_EDGE('',*,*,#4710,.T.);
#3200=ORIENTED_EDGE('',*,*,#4709,.T.);
#3201=ORIENTED_EDGE('',*,*,#4708,.T.);
#3202=ORIENTED_EDGE('',*,*,#4707,.T.);
#3203=ORIENTED_EDGE('',*,*,#4706,.T.);
#3204=ORIENTED_EDGE('',*,*,#4725,.F.);
#3205=ORIENTED_EDGE('',*,*,#4712,.F.);
#3206=ORIENTED_EDGE('',*,*,#4719,.T.);
#3207=ORIENTED_EDGE('',*,*,#4713,.T.);
#3208=ORIENTED_EDGE('',*,*,#4724,.F.);
#3209=ORIENTED_EDGE('',*,*,#4713,.F.);
#3210=ORIENTED_EDGE('',*,*,#4718,.T.);
#3211=ORIENTED_EDGE('',*,*,#4714,.T.);
#3212=ORIENTED_EDGE('',*,*,#4720,.F.);
#3213=ORIENTED_EDGE('',*,*,#4715,.F.);
#3214=ORIENTED_EDGE('',*,*,#4716,.F.);
#3215=ORIENTED_EDGE('',*,*,#4717,.F.);
#3216=ORIENTED_EDGE('',*,*,#4718,.F.);
#3217=ORIENTED_EDGE('',*,*,#4719,.F.);
#3218=ORIENTED_EDGE('',*,*,#4726,.T.);
#3219=ORIENTED_EDGE('',*,*,#4725,.T.);
#3220=ORIENTED_EDGE('',*,*,#4724,.T.);
#3221=ORIENTED_EDGE('',*,*,#4723,.T.);
#3222=ORIENTED_EDGE('',*,*,#4722,.T.);
#3223=ORIENTED_EDGE('',*,*,#4721,.T.);
#3224=ORIENTED_EDGE('',*,*,#4740,.F.);
#3225=ORIENTED_EDGE('',*,*,#4727,.F.);
#3226=ORIENTED_EDGE('',*,*,#4734,.T.);
#3227=ORIENTED_EDGE('',*,*,#4728,.T.);
#3228=ORIENTED_EDGE('',*,*,#4739,.F.);
#3229=ORIENTED_EDGE('',*,*,#4728,.F.);
#3230=ORIENTED_EDGE('',*,*,#4733,.T.);
#3231=ORIENTED_EDGE('',*,*,#4729,.T.);
#3232=ORIENTED_EDGE('',*,*,#4735,.F.);
#3233=ORIENTED_EDGE('',*,*,#4730,.F.);
#3234=ORIENTED_EDGE('',*,*,#4731,.F.);
#3235=ORIENTED_EDGE('',*,*,#4732,.F.);
#3236=ORIENTED_EDGE('',*,*,#4733,.F.);
#3237=ORIENTED_EDGE('',*,*,#4734,.F.);
#3238=ORIENTED_EDGE('',*,*,#4741,.T.);
#3239=ORIENTED_EDGE('',*,*,#4740,.T.);
#3240=ORIENTED_EDGE('',*,*,#4739,.T.);
#3241=ORIENTED_EDGE('',*,*,#4738,.T.);
#3242=ORIENTED_EDGE('',*,*,#4737,.T.);
#3243=ORIENTED_EDGE('',*,*,#4736,.T.);
#3244=ORIENTED_EDGE('',*,*,#4755,.F.);
#3245=ORIENTED_EDGE('',*,*,#4742,.F.);
#3246=ORIENTED_EDGE('',*,*,#4749,.T.);
#3247=ORIENTED_EDGE('',*,*,#4743,.T.);
#3248=ORIENTED_EDGE('',*,*,#4754,.F.);
#3249=ORIENTED_EDGE('',*,*,#4743,.F.);
#3250=ORIENTED_EDGE('',*,*,#4748,.T.);
#3251=ORIENTED_EDGE('',*,*,#4744,.T.);
#3252=ORIENTED_EDGE('',*,*,#4750,.F.);
#3253=ORIENTED_EDGE('',*,*,#4745,.F.);
#3254=ORIENTED_EDGE('',*,*,#4746,.F.);
#3255=ORIENTED_EDGE('',*,*,#4747,.F.);
#3256=ORIENTED_EDGE('',*,*,#4748,.F.);
#3257=ORIENTED_EDGE('',*,*,#4749,.F.);
#3258=ORIENTED_EDGE('',*,*,#4756,.T.);
#3259=ORIENTED_EDGE('',*,*,#4755,.T.);
#3260=ORIENTED_EDGE('',*,*,#4754,.T.);
#3261=ORIENTED_EDGE('',*,*,#4753,.T.);
#3262=ORIENTED_EDGE('',*,*,#4752,.T.);
#3263=ORIENTED_EDGE('',*,*,#4751,.T.);
#3264=ORIENTED_EDGE('',*,*,#4770,.F.);
#3265=ORIENTED_EDGE('',*,*,#4757,.F.);
#3266=ORIENTED_EDGE('',*,*,#4764,.T.);
#3267=ORIENTED_EDGE('',*,*,#4758,.T.);
#3268=ORIENTED_EDGE('',*,*,#4769,.F.);
#3269=ORIENTED_EDGE('',*,*,#4758,.F.);
#3270=ORIENTED_EDGE('',*,*,#4763,.T.);
#3271=ORIENTED_EDGE('',*,*,#4759,.T.);
#3272=ORIENTED_EDGE('',*,*,#4765,.F.);
#3273=ORIENTED_EDGE('',*,*,#4760,.F.);
#3274=ORIENTED_EDGE('',*,*,#4761,.F.);
#3275=ORIENTED_EDGE('',*,*,#4762,.F.);
#3276=ORIENTED_EDGE('',*,*,#4763,.F.);
#3277=ORIENTED_EDGE('',*,*,#4764,.F.);
#3278=ORIENTED_EDGE('',*,*,#4771,.T.);
#3279=ORIENTED_EDGE('',*,*,#4770,.T.);
#3280=ORIENTED_EDGE('',*,*,#4769,.T.);
#3281=ORIENTED_EDGE('',*,*,#4768,.T.);
#3282=ORIENTED_EDGE('',*,*,#4767,.T.);
#3283=ORIENTED_EDGE('',*,*,#4766,.T.);
#3284=ORIENTED_EDGE('',*,*,#4785,.F.);
#3285=ORIENTED_EDGE('',*,*,#4772,.F.);
#3286=ORIENTED_EDGE('',*,*,#4779,.T.);
#3287=ORIENTED_EDGE('',*,*,#4773,.T.);
#3288=ORIENTED_EDGE('',*,*,#4784,.F.);
#3289=ORIENTED_EDGE('',*,*,#4773,.F.);
#3290=ORIENTED_EDGE('',*,*,#4778,.T.);
#3291=ORIENTED_EDGE('',*,*,#4774,.T.);
#3292=ORIENTED_EDGE('',*,*,#4780,.F.);
#3293=ORIENTED_EDGE('',*,*,#4775,.F.);
#3294=ORIENTED_EDGE('',*,*,#4776,.F.);
#3295=ORIENTED_EDGE('',*,*,#4777,.F.);
#3296=ORIENTED_EDGE('',*,*,#4778,.F.);
#3297=ORIENTED_EDGE('',*,*,#4779,.F.);
#3298=ORIENTED_EDGE('',*,*,#4786,.T.);
#3299=ORIENTED_EDGE('',*,*,#4785,.T.);
#3300=ORIENTED_EDGE('',*,*,#4784,.T.);
#3301=ORIENTED_EDGE('',*,*,#4783,.T.);
#3302=ORIENTED_EDGE('',*,*,#4782,.T.);
#3303=ORIENTED_EDGE('',*,*,#4781,.T.);
#3304=ORIENTED_EDGE('',*,*,#4800,.F.);
#3305=ORIENTED_EDGE('',*,*,#4787,.F.);
#3306=ORIENTED_EDGE('',*,*,#4794,.T.);
#3307=ORIENTED_EDGE('',*,*,#4788,.T.);
#3308=ORIENTED_EDGE('',*,*,#4799,.F.);
#3309=ORIENTED_EDGE('',*,*,#4788,.F.);
#3310=ORIENTED_EDGE('',*,*,#4793,.T.);
#3311=ORIENTED_EDGE('',*,*,#4789,.T.);
#3312=ORIENTED_EDGE('',*,*,#4795,.F.);
#3313=ORIENTED_EDGE('',*,*,#4790,.F.);
#3314=ORIENTED_EDGE('',*,*,#4791,.F.);
#3315=ORIENTED_EDGE('',*,*,#4792,.F.);
#3316=ORIENTED_EDGE('',*,*,#4793,.F.);
#3317=ORIENTED_EDGE('',*,*,#4794,.F.);
#3318=ORIENTED_EDGE('',*,*,#4801,.T.);
#3319=ORIENTED_EDGE('',*,*,#4800,.T.);
#3320=ORIENTED_EDGE('',*,*,#4799,.T.);
#3321=ORIENTED_EDGE('',*,*,#4798,.T.);
#3322=ORIENTED_EDGE('',*,*,#4797,.T.);
#3323=ORIENTED_EDGE('',*,*,#4796,.T.);
#3324=ORIENTED_EDGE('',*,*,#4815,.F.);
#3325=ORIENTED_EDGE('',*,*,#4802,.F.);
#3326=ORIENTED_EDGE('',*,*,#4809,.T.);
#3327=ORIENTED_EDGE('',*,*,#4803,.T.);
#3328=ORIENTED_EDGE('',*,*,#4814,.F.);
#3329=ORIENTED_EDGE('',*,*,#4803,.F.);
#3330=ORIENTED_EDGE('',*,*,#4808,.T.);
#3331=ORIENTED_EDGE('',*,*,#4804,.T.);
#3332=ORIENTED_EDGE('',*,*,#4810,.F.);
#3333=ORIENTED_EDGE('',*,*,#4805,.F.);
#3334=ORIENTED_EDGE('',*,*,#4806,.F.);
#3335=ORIENTED_EDGE('',*,*,#4807,.F.);
#3336=ORIENTED_EDGE('',*,*,#4808,.F.);
#3337=ORIENTED_EDGE('',*,*,#4809,.F.);
#3338=ORIENTED_EDGE('',*,*,#4816,.T.);
#3339=ORIENTED_EDGE('',*,*,#4815,.T.);
#3340=ORIENTED_EDGE('',*,*,#4814,.T.);
#3341=ORIENTED_EDGE('',*,*,#4813,.T.);
#3342=ORIENTED_EDGE('',*,*,#4812,.T.);
#3343=ORIENTED_EDGE('',*,*,#4811,.T.);
#3344=ORIENTED_EDGE('',*,*,#4830,.F.);
#3345=ORIENTED_EDGE('',*,*,#4817,.F.);
#3346=ORIENTED_EDGE('',*,*,#4824,.T.);
#3347=ORIENTED_EDGE('',*,*,#4818,.T.);
#3348=ORIENTED_EDGE('',*,*,#4829,.F.);
#3349=ORIENTED_EDGE('',*,*,#4818,.F.);
#3350=ORIENTED_EDGE('',*,*,#4823,.T.);
#3351=ORIENTED_EDGE('',*,*,#4819,.T.);
#3352=ORIENTED_EDGE('',*,*,#4825,.F.);
#3353=ORIENTED_EDGE('',*,*,#4820,.F.);
#3354=ORIENTED_EDGE('',*,*,#4821,.F.);
#3355=ORIENTED_EDGE('',*,*,#4822,.F.);
#3356=ORIENTED_EDGE('',*,*,#4823,.F.);
#3357=ORIENTED_EDGE('',*,*,#4824,.F.);
#3358=ORIENTED_EDGE('',*,*,#4831,.T.);
#3359=ORIENTED_EDGE('',*,*,#4830,.T.);
#3360=ORIENTED_EDGE('',*,*,#4829,.T.);
#3361=ORIENTED_EDGE('',*,*,#4828,.T.);
#3362=ORIENTED_EDGE('',*,*,#4827,.T.);
#3363=ORIENTED_EDGE('',*,*,#4826,.T.);
#3364=ORIENTED_EDGE('',*,*,#4845,.F.);
#3365=ORIENTED_EDGE('',*,*,#4832,.F.);
#3366=ORIENTED_EDGE('',*,*,#4839,.T.);
#3367=ORIENTED_EDGE('',*,*,#4833,.T.);
#3368=ORIENTED_EDGE('',*,*,#4844,.F.);
#3369=ORIENTED_EDGE('',*,*,#4833,.F.);
#3370=ORIENTED_EDGE('',*,*,#4838,.T.);
#3371=ORIENTED_EDGE('',*,*,#4834,.T.);
#3372=ORIENTED_EDGE('',*,*,#4840,.F.);
#3373=ORIENTED_EDGE('',*,*,#4835,.F.);
#3374=ORIENTED_EDGE('',*,*,#4836,.F.);
#3375=ORIENTED_EDGE('',*,*,#4837,.F.);
#3376=ORIENTED_EDGE('',*,*,#4838,.F.);
#3377=ORIENTED_EDGE('',*,*,#4839,.F.);
#3378=ORIENTED_EDGE('',*,*,#4846,.T.);
#3379=ORIENTED_EDGE('',*,*,#4845,.T.);
#3380=ORIENTED_EDGE('',*,*,#4844,.T.);
#3381=ORIENTED_EDGE('',*,*,#4843,.T.);
#3382=ORIENTED_EDGE('',*,*,#4842,.T.);
#3383=ORIENTED_EDGE('',*,*,#4841,.T.);
#3384=ORIENTED_EDGE('',*,*,#4860,.F.);
#3385=ORIENTED_EDGE('',*,*,#4847,.F.);
#3386=ORIENTED_EDGE('',*,*,#4854,.T.);
#3387=ORIENTED_EDGE('',*,*,#4848,.T.);
#3388=ORIENTED_EDGE('',*,*,#4859,.F.);
#3389=ORIENTED_EDGE('',*,*,#4848,.F.);
#3390=ORIENTED_EDGE('',*,*,#4853,.T.);
#3391=ORIENTED_EDGE('',*,*,#4849,.T.);
#3392=ORIENTED_EDGE('',*,*,#4855,.F.);
#3393=ORIENTED_EDGE('',*,*,#4850,.F.);
#3394=ORIENTED_EDGE('',*,*,#4851,.F.);
#3395=ORIENTED_EDGE('',*,*,#4852,.F.);
#3396=ORIENTED_EDGE('',*,*,#4853,.F.);
#3397=ORIENTED_EDGE('',*,*,#4854,.F.);
#3398=ORIENTED_EDGE('',*,*,#4861,.T.);
#3399=ORIENTED_EDGE('',*,*,#4860,.T.);
#3400=ORIENTED_EDGE('',*,*,#4859,.T.);
#3401=ORIENTED_EDGE('',*,*,#4858,.T.);
#3402=ORIENTED_EDGE('',*,*,#4857,.T.);
#3403=ORIENTED_EDGE('',*,*,#4856,.T.);
#3404=ORIENTED_EDGE('',*,*,#4875,.F.);
#3405=ORIENTED_EDGE('',*,*,#4862,.F.);
#3406=ORIENTED_EDGE('',*,*,#4869,.T.);
#3407=ORIENTED_EDGE('',*,*,#4863,.T.);
#3408=ORIENTED_EDGE('',*,*,#4874,.F.);
#3409=ORIENTED_EDGE('',*,*,#4863,.F.);
#3410=ORIENTED_EDGE('',*,*,#4868,.T.);
#3411=ORIENTED_EDGE('',*,*,#4864,.T.);
#3412=ORIENTED_EDGE('',*,*,#4870,.F.);
#3413=ORIENTED_EDGE('',*,*,#4865,.F.);
#3414=ORIENTED_EDGE('',*,*,#4866,.F.);
#3415=ORIENTED_EDGE('',*,*,#4867,.F.);
#3416=ORIENTED_EDGE('',*,*,#4868,.F.);
#3417=ORIENTED_EDGE('',*,*,#4869,.F.);
#3418=ORIENTED_EDGE('',*,*,#4876,.T.);
#3419=ORIENTED_EDGE('',*,*,#4875,.T.);
#3420=ORIENTED_EDGE('',*,*,#4874,.T.);
#3421=ORIENTED_EDGE('',*,*,#4873,.T.);
#3422=ORIENTED_EDGE('',*,*,#4872,.T.);
#3423=ORIENTED_EDGE('',*,*,#4871,.T.);
#3424=ORIENTED_EDGE('',*,*,#4890,.F.);
#3425=ORIENTED_EDGE('',*,*,#4877,.F.);
#3426=ORIENTED_EDGE('',*,*,#4884,.T.);
#3427=ORIENTED_EDGE('',*,*,#4878,.T.);
#3428=ORIENTED_EDGE('',*,*,#4889,.F.);
#3429=ORIENTED_EDGE('',*,*,#4878,.F.);
#3430=ORIENTED_EDGE('',*,*,#4883,.T.);
#3431=ORIENTED_EDGE('',*,*,#4879,.T.);
#3432=ORIENTED_EDGE('',*,*,#4885,.F.);
#3433=ORIENTED_EDGE('',*,*,#4880,.F.);
#3434=ORIENTED_EDGE('',*,*,#4881,.F.);
#3435=ORIENTED_EDGE('',*,*,#4882,.F.);
#3436=ORIENTED_EDGE('',*,*,#4883,.F.);
#3437=ORIENTED_EDGE('',*,*,#4884,.F.);
#3438=ORIENTED_EDGE('',*,*,#4891,.T.);
#3439=ORIENTED_EDGE('',*,*,#4890,.T.);
#3440=ORIENTED_EDGE('',*,*,#4889,.T.);
#3441=ORIENTED_EDGE('',*,*,#4888,.T.);
#3442=ORIENTED_EDGE('',*,*,#4887,.T.);
#3443=ORIENTED_EDGE('',*,*,#4886,.T.);
#3444=ORIENTED_EDGE('',*,*,#4905,.F.);
#3445=ORIENTED_EDGE('',*,*,#4892,.F.);
#3446=ORIENTED_EDGE('',*,*,#4899,.T.);
#3447=ORIENTED_EDGE('',*,*,#4893,.T.);
#3448=ORIENTED_EDGE('',*,*,#4904,.F.);
#3449=ORIENTED_EDGE('',*,*,#4893,.F.);
#3450=ORIENTED_EDGE('',*,*,#4898,.T.);
#3451=ORIENTED_EDGE('',*,*,#4894,.T.);
#3452=ORIENTED_EDGE('',*,*,#4900,.F.);
#3453=ORIENTED_EDGE('',*,*,#4895,.F.);
#3454=ORIENTED_EDGE('',*,*,#4896,.F.);
#3455=ORIENTED_EDGE('',*,*,#4897,.F.);
#3456=ORIENTED_EDGE('',*,*,#4898,.F.);
#3457=ORIENTED_EDGE('',*,*,#4899,.F.);
#3458=ORIENTED_EDGE('',*,*,#4906,.T.);
#3459=ORIENTED_EDGE('',*,*,#4905,.T.);
#3460=ORIENTED_EDGE('',*,*,#4904,.T.);
#3461=ORIENTED_EDGE('',*,*,#4903,.T.);
#3462=ORIENTED_EDGE('',*,*,#4902,.T.);
#3463=ORIENTED_EDGE('',*,*,#4901,.T.);
#3464=ORIENTED_EDGE('',*,*,#4920,.F.);
#3465=ORIENTED_EDGE('',*,*,#4907,.F.);
#3466=ORIENTED_EDGE('',*,*,#4914,.T.);
#3467=ORIENTED_EDGE('',*,*,#4908,.T.);
#3468=ORIENTED_EDGE('',*,*,#4919,.F.);
#3469=ORIENTED_EDGE('',*,*,#4908,.F.);
#3470=ORIENTED_EDGE('',*,*,#4913,.T.);
#3471=ORIENTED_EDGE('',*,*,#4909,.T.);
#3472=ORIENTED_EDGE('',*,*,#4915,.F.);
#3473=ORIENTED_EDGE('',*,*,#4910,.F.);
#3474=ORIENTED_EDGE('',*,*,#4911,.F.);
#3475=ORIENTED_EDGE('',*,*,#4912,.F.);
#3476=ORIENTED_EDGE('',*,*,#4913,.F.);
#3477=ORIENTED_EDGE('',*,*,#4914,.F.);
#3478=ORIENTED_EDGE('',*,*,#4921,.T.);
#3479=ORIENTED_EDGE('',*,*,#4920,.T.);
#3480=ORIENTED_EDGE('',*,*,#4919,.T.);
#3481=ORIENTED_EDGE('',*,*,#4918,.T.);
#3482=ORIENTED_EDGE('',*,*,#4917,.T.);
#3483=ORIENTED_EDGE('',*,*,#4916,.T.);
#3484=ORIENTED_EDGE('',*,*,#4935,.F.);
#3485=ORIENTED_EDGE('',*,*,#4922,.F.);
#3486=ORIENTED_EDGE('',*,*,#4929,.T.);
#3487=ORIENTED_EDGE('',*,*,#4923,.T.);
#3488=ORIENTED_EDGE('',*,*,#4934,.F.);
#3489=ORIENTED_EDGE('',*,*,#4923,.F.);
#3490=ORIENTED_EDGE('',*,*,#4928,.T.);
#3491=ORIENTED_EDGE('',*,*,#4924,.T.);
#3492=ORIENTED_EDGE('',*,*,#4930,.F.);
#3493=ORIENTED_EDGE('',*,*,#4925,.F.);
#3494=ORIENTED_EDGE('',*,*,#4926,.F.);
#3495=ORIENTED_EDGE('',*,*,#4927,.F.);
#3496=ORIENTED_EDGE('',*,*,#4928,.F.);
#3497=ORIENTED_EDGE('',*,*,#4929,.F.);
#3498=ORIENTED_EDGE('',*,*,#4936,.T.);
#3499=ORIENTED_EDGE('',*,*,#4935,.T.);
#3500=ORIENTED_EDGE('',*,*,#4934,.T.);
#3501=ORIENTED_EDGE('',*,*,#4933,.T.);
#3502=ORIENTED_EDGE('',*,*,#4932,.T.);
#3503=ORIENTED_EDGE('',*,*,#4931,.T.);
#3504=ORIENTED_EDGE('',*,*,#4950,.F.);
#3505=ORIENTED_EDGE('',*,*,#4937,.F.);
#3506=ORIENTED_EDGE('',*,*,#4944,.T.);
#3507=ORIENTED_EDGE('',*,*,#4938,.T.);
#3508=ORIENTED_EDGE('',*,*,#4949,.F.);
#3509=ORIENTED_EDGE('',*,*,#4938,.F.);
#3510=ORIENTED_EDGE('',*,*,#4943,.T.);
#3511=ORIENTED_EDGE('',*,*,#4939,.T.);
#3512=ORIENTED_EDGE('',*,*,#4945,.F.);
#3513=ORIENTED_EDGE('',*,*,#4940,.F.);
#3514=ORIENTED_EDGE('',*,*,#4941,.F.);
#3515=ORIENTED_EDGE('',*,*,#4942,.F.);
#3516=ORIENTED_EDGE('',*,*,#4943,.F.);
#3517=ORIENTED_EDGE('',*,*,#4944,.F.);
#3518=ORIENTED_EDGE('',*,*,#4951,.T.);
#3519=ORIENTED_EDGE('',*,*,#4950,.T.);
#3520=ORIENTED_EDGE('',*,*,#4949,.T.);
#3521=ORIENTED_EDGE('',*,*,#4948,.T.);
#3522=ORIENTED_EDGE('',*,*,#4947,.T.);
#3523=ORIENTED_EDGE('',*,*,#4946,.T.);
#3524=ORIENTED_EDGE('',*,*,#4965,.F.);
#3525=ORIENTED_EDGE('',*,*,#4952,.F.);
#3526=ORIENTED_EDGE('',*,*,#4959,.T.);
#3527=ORIENTED_EDGE('',*,*,#4953,.T.);
#3528=ORIENTED_EDGE('',*,*,#4964,.F.);
#3529=ORIENTED_EDGE('',*,*,#4953,.F.);
#3530=ORIENTED_EDGE('',*,*,#4958,.T.);
#3531=ORIENTED_EDGE('',*,*,#4954,.T.);
#3532=ORIENTED_EDGE('',*,*,#4960,.F.);
#3533=ORIENTED_EDGE('',*,*,#4955,.F.);
#3534=ORIENTED_EDGE('',*,*,#4956,.F.);
#3535=ORIENTED_EDGE('',*,*,#4957,.F.);
#3536=ORIENTED_EDGE('',*,*,#4958,.F.);
#3537=ORIENTED_EDGE('',*,*,#4959,.F.);
#3538=ORIENTED_EDGE('',*,*,#4966,.T.);
#3539=ORIENTED_EDGE('',*,*,#4965,.T.);
#3540=ORIENTED_EDGE('',*,*,#4964,.T.);
#3541=ORIENTED_EDGE('',*,*,#4963,.T.);
#3542=ORIENTED_EDGE('',*,*,#4962,.T.);
#3543=ORIENTED_EDGE('',*,*,#4961,.T.);
#3544=ORIENTED_EDGE('',*,*,#4980,.F.);
#3545=ORIENTED_EDGE('',*,*,#4967,.F.);
#3546=ORIENTED_EDGE('',*,*,#4974,.T.);
#3547=ORIENTED_EDGE('',*,*,#4968,.T.);
#3548=ORIENTED_EDGE('',*,*,#4979,.F.);
#3549=ORIENTED_EDGE('',*,*,#4968,.F.);
#3550=ORIENTED_EDGE('',*,*,#4973,.T.);
#3551=ORIENTED_EDGE('',*,*,#4969,.T.);
#3552=ORIENTED_EDGE('',*,*,#4975,.F.);
#3553=ORIENTED_EDGE('',*,*,#4970,.F.);
#3554=ORIENTED_EDGE('',*,*,#4971,.F.);
#3555=ORIENTED_EDGE('',*,*,#4972,.F.);
#3556=ORIENTED_EDGE('',*,*,#4973,.F.);
#3557=ORIENTED_EDGE('',*,*,#4974,.F.);
#3558=ORIENTED_EDGE('',*,*,#4981,.T.);
#3559=ORIENTED_EDGE('',*,*,#4980,.T.);
#3560=ORIENTED_EDGE('',*,*,#4979,.T.);
#3561=ORIENTED_EDGE('',*,*,#4978,.T.);
#3562=ORIENTED_EDGE('',*,*,#4977,.T.);
#3563=ORIENTED_EDGE('',*,*,#4976,.T.);
#3564=ORIENTED_EDGE('',*,*,#4992,.F.);
#3565=ORIENTED_EDGE('',*,*,#4982,.F.);
#3566=ORIENTED_EDGE('',*,*,#4989,.T.);
#3567=ORIENTED_EDGE('',*,*,#4983,.T.);
#3568=ORIENTED_EDGE('',*,*,#4991,.F.);
#3569=ORIENTED_EDGE('',*,*,#4983,.F.);
#3570=ORIENTED_EDGE('',*,*,#4988,.T.);
#3571=ORIENTED_EDGE('',*,*,#4984,.T.);
#3572=ORIENTED_EDGE('',*,*,#4990,.F.);
#3573=ORIENTED_EDGE('',*,*,#4985,.F.);
#3574=ORIENTED_EDGE('',*,*,#4986,.F.);
#3575=ORIENTED_EDGE('',*,*,#4987,.F.);
#3576=ORIENTED_EDGE('',*,*,#4988,.F.);
#3577=ORIENTED_EDGE('',*,*,#4989,.F.);
#3578=ORIENTED_EDGE('',*,*,#5006,.F.);
#3579=ORIENTED_EDGE('',*,*,#4993,.F.);
#3580=ORIENTED_EDGE('',*,*,#5000,.T.);
#3581=ORIENTED_EDGE('',*,*,#4994,.T.);
#3582=ORIENTED_EDGE('',*,*,#5005,.F.);
#3583=ORIENTED_EDGE('',*,*,#4994,.F.);
#3584=ORIENTED_EDGE('',*,*,#4999,.T.);
#3585=ORIENTED_EDGE('',*,*,#4995,.T.);
#3586=ORIENTED_EDGE('',*,*,#5001,.F.);
#3587=ORIENTED_EDGE('',*,*,#4996,.F.);
#3588=ORIENTED_EDGE('',*,*,#4997,.F.);
#3589=ORIENTED_EDGE('',*,*,#4998,.F.);
#3590=ORIENTED_EDGE('',*,*,#4999,.F.);
#3591=ORIENTED_EDGE('',*,*,#5000,.F.);
#3592=ORIENTED_EDGE('',*,*,#5007,.T.);
#3593=ORIENTED_EDGE('',*,*,#5006,.T.);
#3594=ORIENTED_EDGE('',*,*,#5005,.T.);
#3595=ORIENTED_EDGE('',*,*,#5004,.T.);
#3596=ORIENTED_EDGE('',*,*,#5003,.T.);
#3597=ORIENTED_EDGE('',*,*,#5002,.T.);
#3598=ORIENTED_EDGE('',*,*,#5021,.F.);
#3599=ORIENTED_EDGE('',*,*,#5008,.F.);
#3600=ORIENTED_EDGE('',*,*,#5015,.T.);
#3601=ORIENTED_EDGE('',*,*,#5009,.T.);
#3602=ORIENTED_EDGE('',*,*,#5020,.F.);
#3603=ORIENTED_EDGE('',*,*,#5009,.F.);
#3604=ORIENTED_EDGE('',*,*,#5014,.T.);
#3605=ORIENTED_EDGE('',*,*,#5010,.T.);
#3606=ORIENTED_EDGE('',*,*,#5016,.F.);
#3607=ORIENTED_EDGE('',*,*,#5011,.F.);
#3608=ORIENTED_EDGE('',*,*,#5012,.F.);
#3609=ORIENTED_EDGE('',*,*,#5013,.F.);
#3610=ORIENTED_EDGE('',*,*,#5014,.F.);
#3611=ORIENTED_EDGE('',*,*,#5015,.F.);
#3612=ORIENTED_EDGE('',*,*,#5022,.T.);
#3613=ORIENTED_EDGE('',*,*,#5021,.T.);
#3614=ORIENTED_EDGE('',*,*,#5020,.T.);
#3615=ORIENTED_EDGE('',*,*,#5019,.T.);
#3616=ORIENTED_EDGE('',*,*,#5018,.T.);
#3617=ORIENTED_EDGE('',*,*,#5017,.T.);
#3618=PLANE('',#7612);
#3619=PLANE('',#7613);
#3620=PLANE('',#7614);
#3621=PLANE('',#7615);
#3622=PLANE('',#7616);
#3623=PLANE('',#7617);
#3624=PLANE('',#7618);
#3625=PLANE('',#7619);
#3626=PLANE('',#7620);
#3627=PLANE('',#7621);
#3628=PLANE('',#7622);
#3629=PLANE('',#7623);
#3630=PLANE('',#7624);
#3631=PLANE('',#7625);
#3632=PLANE('',#7626);
#3633=PLANE('',#7627);
#3634=PLANE('',#7628);
#3635=PLANE('',#7629);
#3636=PLANE('',#7630);
#3637=PLANE('',#7631);
#3638=PLANE('',#7632);
#3639=PLANE('',#7633);
#3640=PLANE('',#7634);
#3641=PLANE('',#7635);
#3642=PLANE('',#7636);
#3643=PLANE('',#7637);
#3644=PLANE('',#7638);
#3645=PLANE('',#7639);
#3646=PLANE('',#7640);
#3647=PLANE('',#7641);
#3648=PLANE('',#7642);
#3649=PLANE('',#7643);
#3650=PLANE('',#7644);
#3651=PLANE('',#7645);
#3652=PLANE('',#7646);
#3653=PLANE('',#7647);
#3654=PLANE('',#7648);
#3655=PLANE('',#7649);
#3656=PLANE('',#7650);
#3657=PLANE('',#7651);
#3658=PLANE('',#7652);
#3659=PLANE('',#7653);
#3660=PLANE('',#7654);
#3661=PLANE('',#7655);
#3662=PLANE('',#7656);
#3663=PLANE('',#7657);
#3664=PLANE('',#7658);
#3665=PLANE('',#7659);
#3666=PLANE('',#7660);
#3667=PLANE('',#7661);
#3668=PLANE('',#7662);
#3669=PLANE('',#7663);
#3670=PLANE('',#7664);
#3671=PLANE('',#7665);
#3672=PLANE('',#7666);
#3673=PLANE('',#7667);
#3674=PLANE('',#7668);
#3675=PLANE('',#7669);
#3676=PLANE('',#7670);
#3677=PLANE('',#7671);
#3678=PLANE('',#7672);
#3679=PLANE('',#7673);
#3680=PLANE('',#7674);
#3681=PLANE('',#7675);
#3682=PLANE('',#7676);
#3683=PLANE('',#7677);
#3684=PLANE('',#7678);
#3685=PLANE('',#7679);
#3686=PLANE('',#7680);
#3687=PLANE('',#7681);
#3688=PLANE('',#7682);
#3689=PLANE('',#7683);
#3690=PLANE('',#7684);
#3691=PLANE('',#7685);
#3692=PLANE('',#7686);
#3693=PLANE('',#7687);
#3694=PLANE('',#7688);
#3695=PLANE('',#7689);
#3696=PLANE('',#7690);
#3697=PLANE('',#7691);
#3698=PLANE('',#7692);
#3699=PLANE('',#7693);
#3700=PLANE('',#7694);
#3701=PLANE('',#7695);
#3702=PLANE('',#7696);
#3703=PLANE('',#7697);
#3704=PLANE('',#7698);
#3705=PLANE('',#7699);
#3706=PLANE('',#7700);
#3707=PLANE('',#7701);
#3708=PLANE('',#7702);
#3709=PLANE('',#7703);
#3710=PLANE('',#7704);
#3711=PLANE('',#7705);
#3712=PLANE('',#7706);
#3713=PLANE('',#7707);
#3714=PLANE('',#7708);
#3715=PLANE('',#7709);
#3716=PLANE('',#7710);
#3717=PLANE('',#7711);
#3718=PLANE('',#7712);
#3719=PLANE('',#7713);
#3720=PLANE('',#7714);
#3721=PLANE('',#7715);
#3722=PLANE('',#7716);
#3723=PLANE('',#7717);
#3724=PLANE('',#7718);
#3725=PLANE('',#7719);
#3726=PLANE('',#7720);
#3727=PLANE('',#7721);
#3728=PLANE('',#7722);
#3729=PLANE('',#7723);
#3730=PLANE('',#7724);
#3731=PLANE('',#7725);
#3732=PLANE('',#7726);
#3733=PLANE('',#7727);
#3734=PLANE('',#7728);
#3735=PLANE('',#7729);
#3736=PLANE('',#7730);
#3737=PLANE('',#7731);
#3738=PLANE('',#7732);
#3739=PLANE('',#7733);
#3740=PLANE('',#7734);
#3741=PLANE('',#7735);
#3742=PLANE('',#7736);
#3743=PLANE('',#7737);
#3744=PLANE('',#7738);
#3745=PLANE('',#7739);
#3746=PLANE('',#7740);
#3747=PLANE('',#7741);
#3748=PLANE('',#7742);
#3749=PLANE('',#7743);
#3750=PLANE('',#7744);
#3751=PLANE('',#7745);
#3752=PLANE('',#7746);
#3753=PLANE('',#7747);
#3754=PLANE('',#7748);
#3755=PLANE('',#7749);
#3756=PLANE('',#7750);
#3757=PLANE('',#7751);
#3758=PLANE('',#7752);
#3759=PLANE('',#7753);
#3760=PLANE('',#7754);
#3761=PLANE('',#7755);
#3762=PLANE('',#7756);
#3763=PLANE('',#7757);
#3764=PLANE('',#7758);
#3765=PLANE('',#7759);
#3766=PLANE('',#7760);
#3767=PLANE('',#7761);
#3768=PLANE('',#7762);
#3769=PLANE('',#7763);
#3770=PLANE('',#7764);
#3771=PLANE('',#7765);
#3772=PLANE('',#7766);
#3773=PLANE('',#7767);
#3774=PLANE('',#7768);
#3775=PLANE('',#7769);
#3776=PLANE('',#7770);
#3777=PLANE('',#7771);
#3778=PLANE('',#7772);
#3779=PLANE('',#7773);
#3780=PLANE('',#7774);
#3781=PLANE('',#7775);
#3782=PLANE('',#7776);
#3783=PLANE('',#7777);
#3784=PLANE('',#7778);
#3785=PLANE('',#7779);
#3786=PLANE('',#7780);
#3787=PLANE('',#7781);
#3788=PLANE('',#7782);
#3789=PLANE('',#7783);
#3790=PLANE('',#7784);
#3791=PLANE('',#7785);
#3792=PLANE('',#7786);
#3793=PLANE('',#7787);
#3794=PLANE('',#7788);
#3795=PLANE('',#7789);
#3796=PLANE('',#7790);
#3797=PLANE('',#7791);
#3798=PLANE('',#7792);
#3799=PLANE('',#7793);
#3800=PLANE('',#7797);
#3801=PLANE('',#7798);
#3802=PLANE('',#7799);
#3803=PLANE('',#7804);
#3804=PLANE('',#7805);
#3805=PLANE('',#7806);
#3806=PLANE('',#7808);
#3807=PLANE('',#7810);
#3808=PLANE('',#7811);
#3809=PLANE('',#7812);
#3810=PLANE('',#7814);
#3811=PLANE('',#7815);
#3812=PLANE('',#7816);
#3813=PLANE('',#7817);
#3814=PLANE('',#7819);
#3815=PLANE('',#7820);
#3816=PLANE('',#7821);
#3817=PLANE('',#7822);
#3818=PLANE('',#7823);
#3819=PLANE('',#7824);
#3820=PLANE('',#7825);
#3821=PLANE('',#7826);
#3822=PLANE('',#7827);
#3823=PLANE('',#7828);
#3824=PLANE('',#7829);
#3825=PLANE('',#7830);
#3826=PLANE('',#7831);
#3827=PLANE('',#7832);
#3828=PLANE('',#7833);
#3829=PLANE('',#7834);
#3830=PLANE('',#7835);
#3831=PLANE('',#7836);
#3832=PLANE('',#7837);
#3833=PLANE('',#7838);
#3834=PLANE('',#7839);
#3835=PLANE('',#7840);
#3836=PLANE('',#7841);
#3837=PLANE('',#7842);
#3838=PLANE('',#7843);
#3839=PLANE('',#7844);
#3840=PLANE('',#7845);
#3841=PLANE('',#7846);
#3842=PLANE('',#7847);
#3843=PLANE('',#7848);
#3844=PLANE('',#7849);
#3845=PLANE('',#7850);
#3846=PLANE('',#7851);
#3847=PLANE('',#7852);
#3848=PLANE('',#7853);
#3849=PLANE('',#7854);
#3850=PLANE('',#7855);
#3851=PLANE('',#7856);
#3852=PLANE('',#7857);
#3853=PLANE('',#7858);
#3854=PLANE('',#7859);
#3855=PLANE('',#7860);
#3856=PLANE('',#7861);
#3857=PLANE('',#7862);
#3858=PLANE('',#7863);
#3859=PLANE('',#7864);
#3860=PLANE('',#7865);
#3861=PLANE('',#7866);
#3862=PLANE('',#7867);
#3863=PLANE('',#7868);
#3864=PLANE('',#7869);
#3865=PLANE('',#7870);
#3866=PLANE('',#7871);
#3867=PLANE('',#7872);
#3868=PLANE('',#7873);
#3869=PLANE('',#7874);
#3870=PLANE('',#7875);
#3871=PLANE('',#7876);
#3872=PLANE('',#7877);
#3873=PLANE('',#7878);
#3874=PLANE('',#7879);
#3875=PLANE('',#7880);
#3876=PLANE('',#7881);
#3877=PLANE('',#7882);
#3878=PLANE('',#7883);
#3879=PLANE('',#7884);
#3880=PLANE('',#7885);
#3881=PLANE('',#7886);
#3882=PLANE('',#7887);
#3883=PLANE('',#7888);
#3884=PLANE('',#7889);
#3885=PLANE('',#7890);
#3886=PLANE('',#7891);
#3887=PLANE('',#7892);
#3888=PLANE('',#7893);
#3889=PLANE('',#7894);
#3890=PLANE('',#7895);
#3891=PLANE('',#7896);
#3892=PLANE('',#7897);
#3893=PLANE('',#7898);
#3894=PLANE('',#7899);
#3895=PLANE('',#7900);
#3896=PLANE('',#7901);
#3897=PLANE('',#7902);
#3898=PLANE('',#7903);
#3899=PLANE('',#7904);
#3900=PLANE('',#7905);
#3901=PLANE('',#7906);
#3902=PLANE('',#7907);
#3903=PLANE('',#7908);
#3904=PLANE('',#7909);
#3905=PLANE('',#7910);
#3906=PLANE('',#7911);
#3907=PLANE('',#7912);
#3908=PLANE('',#7913);
#3909=PLANE('',#7914);
#3910=PLANE('',#7915);
#3911=PLANE('',#7916);
#3912=PLANE('',#7917);
#3913=PLANE('',#7918);
#3914=PLANE('',#7919);
#3915=PLANE('',#7920);
#3916=PLANE('',#7921);
#3917=PLANE('',#7922);
#3918=PLANE('',#7923);
#3919=PLANE('',#7924);
#3920=PLANE('',#7925);
#3921=PLANE('',#7926);
#3922=PLANE('',#7927);
#3923=PLANE('',#7928);
#3924=PLANE('',#7929);
#3925=PLANE('',#7930);
#3926=PLANE('',#7931);
#3927=PLANE('',#7932);
#3928=PLANE('',#7933);
#3929=PLANE('',#7934);
#3930=PLANE('',#7935);
#3931=PLANE('',#7936);
#3932=PLANE('',#7937);
#3933=PLANE('',#7938);
#3934=PLANE('',#7939);
#3935=PLANE('',#7940);
#3936=PLANE('',#7941);
#3937=PLANE('',#7942);
#3938=PLANE('',#7943);
#3939=PLANE('',#7944);
#3940=PLANE('',#7945);
#3941=PLANE('',#7946);
#3942=PLANE('',#7947);
#3943=PLANE('',#7948);
#3944=PLANE('',#7949);
#3945=PLANE('',#7950);
#3946=PLANE('',#7951);
#3947=PLANE('',#7952);
#3948=PLANE('',#7953);
#3949=PLANE('',#7954);
#3950=PLANE('',#7955);
#3951=PLANE('',#7956);
#3952=PLANE('',#7957);
#3953=PLANE('',#7958);
#3954=PLANE('',#7959);
#3955=PLANE('',#7960);
#3956=PLANE('',#7961);
#3957=PLANE('',#7962);
#3958=PLANE('',#7963);
#3959=PLANE('',#7964);
#3960=PLANE('',#7965);
#3961=PLANE('',#7966);
#3962=PLANE('',#7967);
#3963=PLANE('',#7968);
#3964=PLANE('',#7969);
#3965=PLANE('',#7970);
#3966=PLANE('',#7971);
#3967=PLANE('',#7972);
#3968=PLANE('',#7973);
#3969=PLANE('',#7974);
#3970=PLANE('',#7975);
#3971=PLANE('',#7976);
#3972=PLANE('',#7977);
#3973=PLANE('',#7978);
#3974=PLANE('',#7979);
#3975=PLANE('',#7980);
#3976=PLANE('',#7981);
#3977=PLANE('',#7982);
#3978=PLANE('',#7983);
#3979=PLANE('',#7984);
#3980=PLANE('',#7985);
#3981=PLANE('',#7986);
#3982=PLANE('',#7987);
#3983=PLANE('',#7988);
#3984=PLANE('',#7989);
#3985=PLANE('',#7990);
#3986=PLANE('',#7991);
#3987=PLANE('',#7992);
#3988=PLANE('',#7993);
#3989=PLANE('',#7994);
#3990=PLANE('',#7995);
#3991=PLANE('',#7996);
#3992=PLANE('',#7997);
#3993=PLANE('',#7998);
#3994=PLANE('',#7999);
#3995=PLANE('',#8000);
#3996=PLANE('',#8001);
#3997=PLANE('',#8002);
#3998=PLANE('',#8003);
#3999=PLANE('',#8004);
#4000=PLANE('',#8005);
#4001=CIRCLE('',#7590,8.43335873593588);
#4002=CIRCLE('',#7591,15.2521609609238);
#4003=CIRCLE('',#7592,8.5830166170972);
#4004=CIRCLE('',#7593,12.2884138921982);
#4005=CIRCLE('',#7594,1.59159558544458);
#4006=CIRCLE('',#7595,6.16846896551512);
#4007=CIRCLE('',#7596,11.5573765967932);
#4008=CIRCLE('',#7597,38.3217292248239);
#4009=CIRCLE('',#7598,180.797553782784);
#4010=CIRCLE('',#7599,17.932745528538);
#4011=CIRCLE('',#7600,105.719021816713);
#4012=CIRCLE('',#7601,8.43335873593588);
#4013=CIRCLE('',#7602,15.2521609609238);
#4014=CIRCLE('',#7603,8.5830166170972);
#4015=CIRCLE('',#7604,12.2884138921982);
#4016=CIRCLE('',#7605,1.59159558544458);
#4017=CIRCLE('',#7606,6.16846896551512);
#4018=CIRCLE('',#7607,11.5573765967932);
#4019=CIRCLE('',#7608,38.3217292248239);
#4020=CIRCLE('',#7609,180.797553782784);
#4021=CIRCLE('',#7610,17.932745528538);
#4022=CIRCLE('',#7611,105.719021816713);
#4023=EDGE_CURVE('',#7063,#7102,#5023,.T.);
#4024=EDGE_CURVE('',#7062,#7101,#5024,.T.);
#4025=EDGE_CURVE('',#7061,#7100,#5025,.T.);
#4026=EDGE_CURVE('',#7060,#7099,#5026,.T.);
#4027=EDGE_CURVE('',#7059,#7098,#5027,.T.);
#4028=EDGE_CURVE('',#7058,#7097,#5028,.T.);
#4029=EDGE_CURVE('',#7057,#7096,#5029,.T.);
#4030=EDGE_CURVE('',#7056,#7095,#5030,.T.);
#4031=EDGE_CURVE('',#7055,#7094,#5031,.T.);
#4032=EDGE_CURVE('',#7054,#7093,#5032,.T.);
#4033=EDGE_CURVE('',#7053,#7092,#5033,.T.);
#4034=EDGE_CURVE('',#7052,#7091,#5034,.T.);
#4035=EDGE_CURVE('',#7051,#7090,#5035,.T.);
#4036=EDGE_CURVE('',#7050,#7089,#5036,.T.);
#4037=EDGE_CURVE('',#7049,#7088,#5037,.T.);
#4038=EDGE_CURVE('',#7048,#7087,#5038,.T.);
#4039=EDGE_CURVE('',#7047,#7086,#5039,.T.);
#4040=EDGE_CURVE('',#7046,#7085,#5040,.T.);
#4041=EDGE_CURVE('',#7045,#7084,#5041,.T.);
#4042=EDGE_CURVE('',#7044,#7083,#5042,.T.);
#4043=EDGE_CURVE('',#7043,#7082,#5043,.T.);
#4044=EDGE_CURVE('',#7042,#7081,#5044,.T.);
#4045=EDGE_CURVE('',#7041,#7080,#5045,.T.);
#4046=EDGE_CURVE('',#7040,#7079,#5046,.T.);
#4047=EDGE_CURVE('',#7039,#7078,#5047,.T.);
#4048=EDGE_CURVE('',#7038,#7077,#5048,.T.);
#4049=EDGE_CURVE('',#7037,#7076,#5049,.T.);
#4050=EDGE_CURVE('',#7136,#7142,#5050,.T.);
#4051=EDGE_CURVE('',#7142,#7128,#5051,.T.);
#4052=EDGE_CURVE('',#7134,#7117,#5052,.T.);
#4053=EDGE_CURVE('',#7123,#7106,#5053,.T.);
#4054=EDGE_CURVE('',#7112,#7258,#5054,.T.);
#4055=EDGE_CURVE('',#7264,#7247,#5055,.T.);
#4056=EDGE_CURVE('',#7253,#7236,#5056,.T.);
#4057=EDGE_CURVE('',#7242,#7225,#5057,.T.);
#4058=EDGE_CURVE('',#7231,#7214,#5058,.T.);
#4059=EDGE_CURVE('',#7220,#7203,#5059,.T.);
#4060=EDGE_CURVE('',#7209,#7192,#5060,.T.);
#4061=EDGE_CURVE('',#7198,#7181,#5061,.T.);
#4062=EDGE_CURVE('',#7187,#7170,#5062,.T.);
#4063=EDGE_CURVE('',#7176,#7159,#5063,.T.);
#4064=EDGE_CURVE('',#7165,#7148,#5064,.T.);
#4065=EDGE_CURVE('',#7154,#7313,#5065,.T.);
#4066=EDGE_CURVE('',#7319,#7302,#5066,.T.);
#4067=EDGE_CURVE('',#7308,#7291,#5067,.T.);
#4068=EDGE_CURVE('',#7297,#7280,#5068,.T.);
#4069=EDGE_CURVE('',#7286,#7269,#5069,.T.);
#4070=EDGE_CURVE('',#7275,#7522,#5070,.T.);
#4071=EDGE_CURVE('',#7528,#7511,#5071,.T.);
#4072=EDGE_CURVE('',#7517,#7500,#5072,.T.);
#4073=EDGE_CURVE('',#7506,#7489,#5073,.T.);
#4074=EDGE_CURVE('',#7495,#7478,#5074,.T.);
#4075=EDGE_CURVE('',#7484,#7467,#5075,.T.);
#4076=EDGE_CURVE('',#7473,#7456,#5076,.T.);
#4077=EDGE_CURVE('',#7462,#7445,#5077,.T.);
#4078=EDGE_CURVE('',#7451,#7434,#5078,.T.);
#4079=EDGE_CURVE('',#7440,#7423,#5079,.T.);
#4080=EDGE_CURVE('',#7429,#7412,#5080,.T.);
#4081=EDGE_CURVE('',#7418,#7401,#5081,.T.);
#4082=EDGE_CURVE('',#7407,#7390,#5082,.T.);
#4083=EDGE_CURVE('',#7396,#7357,#5083,.T.);
#4084=EDGE_CURVE('',#7363,#7346,#5084,.T.);
#4085=EDGE_CURVE('',#7352,#7335,#5085,.T.);
#4086=EDGE_CURVE('',#7341,#7324,#5086,.T.);
#4087=EDGE_CURVE('',#7330,#7379,#5087,.T.);
#4088=EDGE_CURVE('',#7385,#7368,#5088,.T.);
#4089=EDGE_CURVE('',#7374,#7555,#5089,.T.);
#4090=EDGE_CURVE('',#7561,#7544,#5090,.T.);
#4091=EDGE_CURVE('',#7550,#7533,#5091,.T.);
#4092=EDGE_CURVE('',#7539,#7579,#5092,.T.);
#4093=EDGE_CURVE('',#7585,#7568,#5093,.T.);
#4094=EDGE_CURVE('',#7574,#6984,#5094,.T.);
#4095=EDGE_CURVE('',#7141,#7127,#5095,.T.);
#4096=EDGE_CURVE('',#7133,#7116,#5096,.T.);
#4097=EDGE_CURVE('',#7122,#7105,#5097,.T.);
#4098=EDGE_CURVE('',#7111,#7257,#5098,.T.);
#4099=EDGE_CURVE('',#7263,#7246,#5099,.T.);
#4100=EDGE_CURVE('',#7252,#7235,#5100,.T.);
#4101=EDGE_CURVE('',#7241,#7224,#5101,.T.);
#4102=EDGE_CURVE('',#7230,#7213,#5102,.T.);
#4103=EDGE_CURVE('',#7219,#7202,#5103,.T.);
#4104=EDGE_CURVE('',#7208,#7191,#5104,.T.);
#4105=EDGE_CURVE('',#7197,#7180,#5105,.T.);
#4106=EDGE_CURVE('',#7186,#7169,#5106,.T.);
#4107=EDGE_CURVE('',#7175,#7158,#5107,.T.);
#4108=EDGE_CURVE('',#7164,#7147,#5108,.T.);
#4109=EDGE_CURVE('',#7153,#7312,#5109,.T.);
#4110=EDGE_CURVE('',#7318,#7301,#5110,.T.);
#4111=EDGE_CURVE('',#7307,#7290,#5111,.T.);
#4112=EDGE_CURVE('',#7296,#7279,#5112,.T.);
#4113=EDGE_CURVE('',#7285,#7268,#5113,.T.);
#4114=EDGE_CURVE('',#7274,#7521,#5114,.T.);
#4115=EDGE_CURVE('',#7527,#7510,#5115,.T.);
#4116=EDGE_CURVE('',#7516,#7499,#5116,.T.);
#4117=EDGE_CURVE('',#7505,#7488,#5117,.T.);
#4118=EDGE_CURVE('',#7494,#7477,#5118,.T.);
#4119=EDGE_CURVE('',#7483,#7466,#5119,.T.);
#4120=EDGE_CURVE('',#7472,#7455,#5120,.T.);
#4121=EDGE_CURVE('',#7461,#7444,#5121,.T.);
#4122=EDGE_CURVE('',#7450,#7433,#5122,.T.);
#4123=EDGE_CURVE('',#7439,#7422,#5123,.T.);
#4124=EDGE_CURVE('',#7428,#7411,#5124,.T.);
#4125=EDGE_CURVE('',#7417,#7400,#5125,.T.);
#4126=EDGE_CURVE('',#7406,#7389,#5126,.T.);
#4127=EDGE_CURVE('',#7395,#7356,#5127,.T.);
#4128=EDGE_CURVE('',#7362,#7345,#5128,.T.);
#4129=EDGE_CURVE('',#7351,#7334,#5129,.T.);
#4130=EDGE_CURVE('',#7340,#7323,#5130,.T.);
#4131=EDGE_CURVE('',#7329,#7378,#5131,.T.);
#4132=EDGE_CURVE('',#7384,#7367,#5132,.T.);
#4133=EDGE_CURVE('',#7373,#7554,#5133,.T.);
#4134=EDGE_CURVE('',#7560,#7543,#5134,.T.);
#4135=EDGE_CURVE('',#7549,#7532,#5135,.T.);
#4136=EDGE_CURVE('',#7538,#7578,#5136,.T.);
#4137=EDGE_CURVE('',#7584,#7567,#5137,.T.);
#4138=EDGE_CURVE('',#7573,#6981,#5138,.T.);
#4139=EDGE_CURVE('',#7140,#7126,#5139,.T.);
#4140=EDGE_CURVE('',#7132,#7115,#5140,.T.);
#4141=EDGE_CURVE('',#7121,#7104,#5141,.T.);
#4142=EDGE_CURVE('',#7110,#7256,#5142,.T.);
#4143=EDGE_CURVE('',#7262,#7245,#5143,.T.);
#4144=EDGE_CURVE('',#7251,#7234,#5144,.T.);
#4145=EDGE_CURVE('',#7240,#7223,#5145,.T.);
#4146=EDGE_CURVE('',#7229,#7212,#5146,.T.);
#4147=EDGE_CURVE('',#7218,#7201,#5147,.T.);
#4148=EDGE_CURVE('',#7207,#7190,#5148,.T.);
#4149=EDGE_CURVE('',#7196,#7179,#5149,.T.);
#4150=EDGE_CURVE('',#7185,#7168,#5150,.T.);
#4151=EDGE_CURVE('',#7174,#7157,#5151,.T.);
#4152=EDGE_CURVE('',#7163,#7146,#5152,.T.);
#4153=EDGE_CURVE('',#7152,#7311,#5153,.T.);
#4154=EDGE_CURVE('',#7317,#7300,#5154,.T.);
#4155=EDGE_CURVE('',#7306,#7289,#5155,.T.);
#4156=EDGE_CURVE('',#7295,#7278,#5156,.T.);
#4157=EDGE_CURVE('',#7284,#7267,#5157,.T.);
#4158=EDGE_CURVE('',#7273,#7520,#5158,.T.);
#4159=EDGE_CURVE('',#7526,#7509,#5159,.T.);
#4160=EDGE_CURVE('',#7515,#7498,#5160,.T.);
#4161=EDGE_CURVE('',#7504,#7487,#5161,.T.);
#4162=EDGE_CURVE('',#7493,#7476,#5162,.T.);
#4163=EDGE_CURVE('',#7482,#7465,#5163,.T.);
#4164=EDGE_CURVE('',#7471,#7454,#5164,.T.);
#4165=EDGE_CURVE('',#7460,#7443,#5165,.T.);
#4166=EDGE_CURVE('',#7449,#7432,#5166,.T.);
#4167=EDGE_CURVE('',#7438,#7421,#5167,.T.);
#4168=EDGE_CURVE('',#7427,#7410,#5168,.T.);
#4169=EDGE_CURVE('',#7416,#7399,#5169,.T.);
#4170=EDGE_CURVE('',#7405,#7388,#5170,.T.);
#4171=EDGE_CURVE('',#7394,#7355,#5171,.T.);
#4172=EDGE_CURVE('',#7361,#7344,#5172,.T.);
#4173=EDGE_CURVE('',#7350,#7333,#5173,.T.);
#4174=EDGE_CURVE('',#7339,#7322,#5174,.T.);
#4175=EDGE_CURVE('',#7328,#7377,#5175,.T.);
#4176=EDGE_CURVE('',#7383,#7366,#5176,.T.);
#4177=EDGE_CURVE('',#7372,#7553,#5177,.T.);
#4178=EDGE_CURVE('',#7559,#7542,#5178,.T.);
#4179=EDGE_CURVE('',#7548,#7531,#5179,.T.);
#4180=EDGE_CURVE('',#7537,#7577,#5180,.T.);
#4181=EDGE_CURVE('',#7583,#7566,#5181,.T.);
#4182=EDGE_CURVE('',#7572,#6982,#5182,.T.);
#4183=EDGE_CURVE('',#7139,#7125,#5183,.T.);
#4184=EDGE_CURVE('',#7131,#7114,#5184,.T.);
#4185=EDGE_CURVE('',#7120,#7103,#5185,.T.);
#4186=EDGE_CURVE('',#7109,#7255,#5186,.T.);
#4187=EDGE_CURVE('',#7261,#7244,#5187,.T.);
#4188=EDGE_CURVE('',#7250,#7233,#5188,.T.);
#4189=EDGE_CURVE('',#7239,#7222,#5189,.T.);
#4190=EDGE_CURVE('',#7228,#7211,#5190,.T.);
#4191=EDGE_CURVE('',#7217,#7200,#5191,.T.);
#4192=EDGE_CURVE('',#7206,#7189,#5192,.T.);
#4193=EDGE_CURVE('',#7195,#7178,#5193,.T.);
#4194=EDGE_CURVE('',#7184,#7167,#5194,.T.);
#4195=EDGE_CURVE('',#7173,#7156,#5195,.T.);
#4196=EDGE_CURVE('',#7162,#7145,#5196,.T.);
#4197=EDGE_CURVE('',#7151,#7310,#5197,.T.);
#4198=EDGE_CURVE('',#7316,#7299,#5198,.T.);
#4199=EDGE_CURVE('',#7305,#7288,#5199,.T.);
#4200=EDGE_CURVE('',#7294,#7277,#5200,.T.);
#4201=EDGE_CURVE('',#7283,#7266,#5201,.T.);
#4202=EDGE_CURVE('',#7272,#7519,#5202,.T.);
#4203=EDGE_CURVE('',#7525,#7508,#5203,.T.);
#4204=EDGE_CURVE('',#7514,#7497,#5204,.T.);
#4205=EDGE_CURVE('',#7503,#7486,#5205,.T.);
#4206=EDGE_CURVE('',#7492,#7475,#5206,.T.);
#4207=EDGE_CURVE('',#7481,#7464,#5207,.T.);
#4208=EDGE_CURVE('',#7470,#7453,#5208,.T.);
#4209=EDGE_CURVE('',#7459,#7442,#5209,.T.);
#4210=EDGE_CURVE('',#7448,#7431,#5210,.T.);
#4211=EDGE_CURVE('',#7437,#7420,#5211,.T.);
#4212=EDGE_CURVE('',#7426,#7409,#5212,.T.);
#4213=EDGE_CURVE('',#7415,#7398,#5213,.T.);
#4214=EDGE_CURVE('',#7404,#7387,#5214,.T.);
#4215=EDGE_CURVE('',#7393,#7354,#5215,.T.);
#4216=EDGE_CURVE('',#7360,#7343,#5216,.T.);
#4217=EDGE_CURVE('',#7349,#7332,#5217,.T.);
#4218=EDGE_CURVE('',#7338,#7321,#5218,.T.);
#4219=EDGE_CURVE('',#7327,#7376,#5219,.T.);
#4220=EDGE_CURVE('',#7382,#7365,#5220,.T.);
#4221=EDGE_CURVE('',#7371,#7552,#5221,.T.);
#4222=EDGE_CURVE('',#7558,#7541,#5222,.T.);
#4223=EDGE_CURVE('',#7547,#7530,#5223,.T.);
#4224=EDGE_CURVE('',#7536,#7576,#5224,.T.);
#4225=EDGE_CURVE('',#7582,#7565,#5225,.T.);
#4226=EDGE_CURVE('',#7571,#6983,#5226,.T.);
#4227=EDGE_CURVE('',#7138,#7144,#5227,.T.);
#4228=EDGE_CURVE('',#7144,#7130,#5228,.T.);
#4229=EDGE_CURVE('',#7024,#7119,#5229,.T.);
#4230=EDGE_CURVE('',#7025,#7108,#5230,.T.);
#4231=EDGE_CURVE('',#7026,#7260,#5231,.T.);
#4232=EDGE_CURVE('',#7013,#7249,#5232,.T.);
#4233=EDGE_CURVE('',#7014,#7238,#5233,.T.);
#4234=EDGE_CURVE('',#7015,#7227,#5234,.T.);
#4235=EDGE_CURVE('',#7016,#7216,#5235,.T.);
#4236=EDGE_CURVE('',#7017,#7205,#5236,.T.);
#4237=EDGE_CURVE('',#7018,#7194,#5237,.T.);
#4238=EDGE_CURVE('',#7019,#7183,#5238,.T.);
#4239=EDGE_CURVE('',#7020,#7172,#5239,.T.);
#4240=EDGE_CURVE('',#7021,#7161,#5240,.T.);
#4241=EDGE_CURVE('',#7022,#7150,#5241,.T.);
#4242=EDGE_CURVE('',#7023,#7315,#5242,.T.);
#4243=EDGE_CURVE('',#7008,#7304,#5243,.T.);
#4244=EDGE_CURVE('',#7009,#7293,#5244,.T.);
#4245=EDGE_CURVE('',#7010,#7282,#5245,.T.);
#4246=EDGE_CURVE('',#7011,#7271,#5246,.T.);
#4247=EDGE_CURVE('',#7012,#7524,#5247,.T.);
#4248=EDGE_CURVE('',#6989,#7513,#5248,.T.);
#4249=EDGE_CURVE('',#6990,#7502,#5249,.T.);
#4250=EDGE_CURVE('',#6991,#7491,#5250,.T.);
#4251=EDGE_CURVE('',#6992,#7480,#5251,.T.);
#4252=EDGE_CURVE('',#6993,#7469,#5252,.T.);
#4253=EDGE_CURVE('',#6994,#7458,#5253,.T.);
#4254=EDGE_CURVE('',#6995,#7447,#5254,.T.);
#4255=EDGE_CURVE('',#6996,#7436,#5255,.T.);
#4256=EDGE_CURVE('',#6997,#7425,#5256,.T.);
#4257=EDGE_CURVE('',#6998,#7414,#5257,.T.);
#4258=EDGE_CURVE('',#6999,#7403,#5258,.T.);
#4259=EDGE_CURVE('',#7000,#7392,#5259,.T.);
#4260=EDGE_CURVE('',#7001,#7359,#5260,.T.);
#4261=EDGE_CURVE('',#7004,#7348,#5261,.T.);
#4262=EDGE_CURVE('',#7005,#7337,#5262,.T.);
#4263=EDGE_CURVE('',#7006,#7326,#5263,.T.);
#4264=EDGE_CURVE('',#7007,#7381,#5264,.T.);
#4265=EDGE_CURVE('',#7002,#7370,#5265,.T.);
#4266=EDGE_CURVE('',#7003,#7557,#5266,.T.);
#4267=EDGE_CURVE('',#6986,#7546,#5267,.T.);
#4268=EDGE_CURVE('',#6987,#7535,#5268,.T.);
#4269=EDGE_CURVE('',#6988,#7581,#5269,.T.);
#4270=EDGE_CURVE('',#6979,#7570,#5270,.T.);
#4271=EDGE_CURVE('',#6980,#6985,#5271,.T.);
#4272=EDGE_CURVE('',#7036,#7073,#5272,.T.);
#4273=EDGE_CURVE('',#7035,#7072,#5273,.T.);
#4274=EDGE_CURVE('',#7034,#7071,#5274,.T.);
#4275=EDGE_CURVE('',#7033,#7070,#5275,.T.);
#4276=EDGE_CURVE('',#7032,#7069,#5276,.T.);
#4277=EDGE_CURVE('',#7031,#7068,#5277,.T.);
#4278=EDGE_CURVE('',#7030,#7067,#5278,.T.);
#4279=EDGE_CURVE('',#7029,#7066,#5279,.T.);
#4280=EDGE_CURVE('',#7028,#7065,#5280,.T.);
#4281=EDGE_CURVE('',#7027,#7064,#5281,.T.);
#4282=EDGE_CURVE('',#7028,#7027,#5282,.T.);
#4283=EDGE_CURVE('',#7029,#7028,#5283,.T.);
#4284=EDGE_CURVE('',#7030,#7029,#5284,.T.);
#4285=EDGE_CURVE('',#7031,#7030,#5285,.T.);
#4286=EDGE_CURVE('',#7032,#7031,#5286,.T.);
#4287=EDGE_CURVE('',#7033,#7032,#5287,.T.);
#4288=EDGE_CURVE('',#7034,#7033,#5288,.T.);
#4289=EDGE_CURVE('',#7035,#7034,#4001,.T.);
#4290=EDGE_CURVE('',#7036,#7035,#5289,.T.);
#4291=EDGE_CURVE('',#7138,#7036,#5290,.T.);
#4292=EDGE_CURVE('',#7037,#7136,#5291,.T.);
#4293=EDGE_CURVE('',#7038,#7037,#5292,.T.);
#4294=EDGE_CURVE('',#7039,#7038,#4002,.T.);
#4295=EDGE_CURVE('',#7040,#7039,#5293,.T.);
#4296=EDGE_CURVE('',#7041,#7040,#5294,.T.);
#4297=EDGE_CURVE('',#7042,#7041,#5295,.T.);
#4298=EDGE_CURVE('',#7043,#7042,#4003,.T.);
#4299=EDGE_CURVE('',#7044,#7043,#5296,.T.);
#4300=EDGE_CURVE('',#7045,#7044,#4004,.T.);
#4301=EDGE_CURVE('',#7046,#7045,#5297,.T.);
#4302=EDGE_CURVE('',#7047,#7046,#5298,.T.);
#4303=EDGE_CURVE('',#7048,#7047,#5299,.T.);
#4304=EDGE_CURVE('',#7049,#7048,#4005,.T.);
#4305=EDGE_CURVE('',#7050,#7049,#4006,.T.);
#4306=EDGE_CURVE('',#7051,#7050,#4007,.T.);
#4307=EDGE_CURVE('',#7052,#7051,#4008,.T.);
#4308=EDGE_CURVE('',#7053,#7052,#5300,.T.);
#4309=EDGE_CURVE('',#7054,#7053,#5301,.T.);
#4310=EDGE_CURVE('',#7055,#7054,#5302,.T.);
#4311=EDGE_CURVE('',#7056,#7055,#4009,.T.);
#4312=EDGE_CURVE('',#7057,#7056,#4010,.T.);
#4313=EDGE_CURVE('',#7058,#7057,#4011,.T.);
#4314=EDGE_CURVE('',#7059,#7058,#5303,.T.);
#4315=EDGE_CURVE('',#7060,#7059,#5304,.T.);
#4316=EDGE_CURVE('',#7061,#7060,#5305,.T.);
#4317=EDGE_CURVE('',#7062,#7061,#5306,.T.);
#4318=EDGE_CURVE('',#7063,#7062,#5307,.T.);
#4319=EDGE_CURVE('',#7027,#7063,#5308,.T.);
#4320=EDGE_CURVE('',#7065,#7064,#5309,.T.);
#4321=EDGE_CURVE('',#7066,#7065,#5310,.T.);
#4322=EDGE_CURVE('',#7067,#7066,#5311,.T.);
#4323=EDGE_CURVE('',#7068,#7067,#5312,.T.);
#4324=EDGE_CURVE('',#7069,#7068,#5313,.T.);
#4325=EDGE_CURVE('',#7070,#7069,#5314,.T.);
#4326=EDGE_CURVE('',#7071,#7070,#5315,.T.);
#4327=EDGE_CURVE('',#7072,#7071,#4012,.T.);
#4328=EDGE_CURVE('',#7073,#7072,#5316,.T.);
#4329=EDGE_CURVE('',#7074,#7073,#5317,.T.);
#4330=EDGE_CURVE('',#7076,#7075,#5318,.T.);
#4331=EDGE_CURVE('',#7077,#7076,#5319,.T.);
#4332=EDGE_CURVE('',#7078,#7077,#4013,.T.);
#4333=EDGE_CURVE('',#7079,#7078,#5320,.T.);
#4334=EDGE_CURVE('',#7080,#7079,#5321,.T.);
#4335=EDGE_CURVE('',#7081,#7080,#5322,.T.);
#4336=EDGE_CURVE('',#7082,#7081,#4014,.T.);
#4337=EDGE_CURVE('',#7083,#7082,#5323,.T.);
#4338=EDGE_CURVE('',#7084,#7083,#4015,.T.);
#4339=EDGE_CURVE('',#7085,#7084,#5324,.T.);
#4340=EDGE_CURVE('',#7086,#7085,#5325,.T.);
#4341=EDGE_CURVE('',#7087,#7086,#5326,.T.);
#4342=EDGE_CURVE('',#7088,#7087,#4016,.T.);
#4343=EDGE_CURVE('',#7089,#7088,#4017,.T.);
#4344=EDGE_CURVE('',#7090,#7089,#4018,.T.);
#4345=EDGE_CURVE('',#7091,#7090,#4019,.T.);
#4346=EDGE_CURVE('',#7092,#7091,#5327,.T.);
#4347=EDGE_CURVE('',#7093,#7092,#5328,.T.);
#4348=EDGE_CURVE('',#7094,#7093,#5329,.T.);
#4349=EDGE_CURVE('',#7095,#7094,#4020,.T.);
#4350=EDGE_CURVE('',#7096,#7095,#4021,.T.);
#4351=EDGE_CURVE('',#7097,#7096,#4022,.T.);
#4352=EDGE_CURVE('',#7098,#7097,#5330,.T.);
#4353=EDGE_CURVE('',#7099,#7098,#5331,.T.);
#4354=EDGE_CURVE('',#7100,#7099,#5332,.T.);
#4355=EDGE_CURVE('',#7101,#7100,#5333,.T.);
#4356=EDGE_CURVE('',#7102,#7101,#5334,.T.);
#4357=EDGE_CURVE('',#7064,#7102,#5335,.T.);
#4358=EDGE_CURVE('',#7108,#7026,#5336,.T.);
#4359=EDGE_CURVE('',#7107,#7113,#5337,.T.);
#4360=EDGE_CURVE('',#7106,#7112,#5338,.T.);
#4361=EDGE_CURVE('',#7104,#7103,#5339,.T.);
#4362=EDGE_CURVE('',#7105,#7104,#5340,.T.);
#4363=EDGE_CURVE('',#7106,#7105,#5341,.T.);
#4364=EDGE_CURVE('',#7107,#7106,#5342,.T.);
#4365=EDGE_CURVE('',#7108,#7107,#5343,.T.);
#4366=EDGE_CURVE('',#7103,#7108,#5344,.T.);
#4367=EDGE_CURVE('',#7110,#7109,#5345,.T.);
#4368=EDGE_CURVE('',#7111,#7110,#5346,.T.);
#4369=EDGE_CURVE('',#7112,#7111,#5347,.T.);
#4370=EDGE_CURVE('',#7113,#7112,#5348,.T.);
#4371=EDGE_CURVE('',#7026,#7113,#5349,.T.);
#4372=EDGE_CURVE('',#7109,#7026,#5350,.T.);
#4373=EDGE_CURVE('',#7119,#7025,#5351,.T.);
#4374=EDGE_CURVE('',#7118,#7124,#5352,.T.);
#4375=EDGE_CURVE('',#7117,#7123,#5353,.T.);
#4376=EDGE_CURVE('',#7115,#7114,#5354,.T.);
#4377=EDGE_CURVE('',#7116,#7115,#5355,.T.);
#4378=EDGE_CURVE('',#7117,#7116,#5356,.T.);
#4379=EDGE_CURVE('',#7118,#7117,#5357,.T.);
#4380=EDGE_CURVE('',#7119,#7118,#5358,.T.);
#4381=EDGE_CURVE('',#7114,#7119,#5359,.T.);
#4382=EDGE_CURVE('',#7121,#7120,#5360,.T.);
#4383=EDGE_CURVE('',#7122,#7121,#5361,.T.);
#4384=EDGE_CURVE('',#7123,#7122,#5362,.T.);
#4385=EDGE_CURVE('',#7124,#7123,#5363,.T.);
#4386=EDGE_CURVE('',#7025,#7124,#5364,.T.);
#4387=EDGE_CURVE('',#7120,#7025,#5365,.T.);
#4388=EDGE_CURVE('',#7130,#7024,#5366,.T.);
#4389=EDGE_CURVE('',#7129,#7135,#5367,.T.);
#4390=EDGE_CURVE('',#7128,#7134,#5368,.T.);
#4391=EDGE_CURVE('',#7126,#7125,#5369,.T.);
#4392=EDGE_CURVE('',#7127,#7126,#5370,.T.);
#4393=EDGE_CURVE('',#7128,#7127,#5371,.T.);
#4394=EDGE_CURVE('',#7129,#7128,#5372,.T.);
#4395=EDGE_CURVE('',#7130,#7129,#5373,.T.);
#4396=EDGE_CURVE('',#7125,#7130,#5374,.T.);
#4397=EDGE_CURVE('',#7132,#7131,#5375,.T.);
#4398=EDGE_CURVE('',#7133,#7132,#5376,.T.);
#4399=EDGE_CURVE('',#7134,#7133,#5377,.T.);
#4400=EDGE_CURVE('',#7135,#7134,#5378,.T.);
#4401=EDGE_CURVE('',#7024,#7135,#5379,.T.);
#4402=EDGE_CURVE('',#7131,#7024,#5380,.T.);
#4403=EDGE_CURVE('',#7137,#7143,#5381,.T.);
#4404=EDGE_CURVE('',#7137,#7136,#5382,.T.);
#4405=EDGE_CURVE('',#7138,#7137,#5383,.T.);
#4406=EDGE_CURVE('',#7140,#7139,#5384,.T.);
#4407=EDGE_CURVE('',#7141,#7140,#5385,.T.);
#4408=EDGE_CURVE('',#7142,#7141,#5386,.T.);
#4409=EDGE_CURVE('',#7143,#7142,#5387,.T.);
#4410=EDGE_CURVE('',#7144,#7143,#5388,.T.);
#4411=EDGE_CURVE('',#7139,#7144,#5389,.T.);
#4412=EDGE_CURVE('',#7150,#7023,#5390,.T.);
#4413=EDGE_CURVE('',#7149,#7155,#5391,.T.);
#4414=EDGE_CURVE('',#7148,#7154,#5392,.T.);
#4415=EDGE_CURVE('',#7146,#7145,#5393,.T.);
#4416=EDGE_CURVE('',#7147,#7146,#5394,.T.);
#4417=EDGE_CURVE('',#7148,#7147,#5395,.T.);
#4418=EDGE_CURVE('',#7149,#7148,#5396,.T.);
#4419=EDGE_CURVE('',#7150,#7149,#5397,.T.);
#4420=EDGE_CURVE('',#7145,#7150,#5398,.T.);
#4421=EDGE_CURVE('',#7152,#7151,#5399,.T.);
#4422=EDGE_CURVE('',#7153,#7152,#5400,.T.);
#4423=EDGE_CURVE('',#7154,#7153,#5401,.T.);
#4424=EDGE_CURVE('',#7155,#7154,#5402,.T.);
#4425=EDGE_CURVE('',#7023,#7155,#5403,.T.);
#4426=EDGE_CURVE('',#7151,#7023,#5404,.T.);
#4427=EDGE_CURVE('',#7161,#7022,#5405,.T.);
#4428=EDGE_CURVE('',#7160,#7166,#5406,.T.);
#4429=EDGE_CURVE('',#7159,#7165,#5407,.T.);
#4430=EDGE_CURVE('',#7157,#7156,#5408,.T.);
#4431=EDGE_CURVE('',#7158,#7157,#5409,.T.);
#4432=EDGE_CURVE('',#7159,#7158,#5410,.T.);
#4433=EDGE_CURVE('',#7160,#7159,#5411,.T.);
#4434=EDGE_CURVE('',#7161,#7160,#5412,.T.);
#4435=EDGE_CURVE('',#7156,#7161,#5413,.T.);
#4436=EDGE_CURVE('',#7163,#7162,#5414,.T.);
#4437=EDGE_CURVE('',#7164,#7163,#5415,.T.);
#4438=EDGE_CURVE('',#7165,#7164,#5416,.T.);
#4439=EDGE_CURVE('',#7166,#7165,#5417,.T.);
#4440=EDGE_CURVE('',#7022,#7166,#5418,.T.);
#4441=EDGE_CURVE('',#7162,#7022,#5419,.T.);
#4442=EDGE_CURVE('',#7172,#7021,#5420,.T.);
#4443=EDGE_CURVE('',#7171,#7177,#5421,.T.);
#4444=EDGE_CURVE('',#7170,#7176,#5422,.T.);
#4445=EDGE_CURVE('',#7168,#7167,#5423,.T.);
#4446=EDGE_CURVE('',#7169,#7168,#5424,.T.);
#4447=EDGE_CURVE('',#7170,#7169,#5425,.T.);
#4448=EDGE_CURVE('',#7171,#7170,#5426,.T.);
#4449=EDGE_CURVE('',#7172,#7171,#5427,.T.);
#4450=EDGE_CURVE('',#7167,#7172,#5428,.T.);
#4451=EDGE_CURVE('',#7174,#7173,#5429,.T.);
#4452=EDGE_CURVE('',#7175,#7174,#5430,.T.);
#4453=EDGE_CURVE('',#7176,#7175,#5431,.T.);
#4454=EDGE_CURVE('',#7177,#7176,#5432,.T.);
#4455=EDGE_CURVE('',#7021,#7177,#5433,.T.);
#4456=EDGE_CURVE('',#7173,#7021,#5434,.T.);
#4457=EDGE_CURVE('',#7183,#7020,#5435,.T.);
#4458=EDGE_CURVE('',#7182,#7188,#5436,.T.);
#4459=EDGE_CURVE('',#7181,#7187,#5437,.T.);
#4460=EDGE_CURVE('',#7179,#7178,#5438,.T.);
#4461=EDGE_CURVE('',#7180,#7179,#5439,.T.);
#4462=EDGE_CURVE('',#7181,#7180,#5440,.T.);
#4463=EDGE_CURVE('',#7182,#7181,#5441,.T.);
#4464=EDGE_CURVE('',#7183,#7182,#5442,.T.);
#4465=EDGE_CURVE('',#7178,#7183,#5443,.T.);
#4466=EDGE_CURVE('',#7185,#7184,#5444,.T.);
#4467=EDGE_CURVE('',#7186,#7185,#5445,.T.);
#4468=EDGE_CURVE('',#7187,#7186,#5446,.T.);
#4469=EDGE_CURVE('',#7188,#7187,#5447,.T.);
#4470=EDGE_CURVE('',#7020,#7188,#5448,.T.);
#4471=EDGE_CURVE('',#7184,#7020,#5449,.T.);
#4472=EDGE_CURVE('',#7194,#7019,#5450,.T.);
#4473=EDGE_CURVE('',#7193,#7199,#5451,.T.);
#4474=EDGE_CURVE('',#7192,#7198,#5452,.T.);
#4475=EDGE_CURVE('',#7190,#7189,#5453,.T.);
#4476=EDGE_CURVE('',#7191,#7190,#5454,.T.);
#4477=EDGE_CURVE('',#7192,#7191,#5455,.T.);
#4478=EDGE_CURVE('',#7193,#7192,#5456,.T.);
#4479=EDGE_CURVE('',#7194,#7193,#5457,.T.);
#4480=EDGE_CURVE('',#7189,#7194,#5458,.T.);
#4481=EDGE_CURVE('',#7196,#7195,#5459,.T.);
#4482=EDGE_CURVE('',#7197,#7196,#5460,.T.);
#4483=EDGE_CURVE('',#7198,#7197,#5461,.T.);
#4484=EDGE_CURVE('',#7199,#7198,#5462,.T.);
#4485=EDGE_CURVE('',#7019,#7199,#5463,.T.);
#4486=EDGE_CURVE('',#7195,#7019,#5464,.T.);
#4487=EDGE_CURVE('',#7205,#7018,#5465,.T.);
#4488=EDGE_CURVE('',#7204,#7210,#5466,.T.);
#4489=EDGE_CURVE('',#7203,#7209,#5467,.T.);
#4490=EDGE_CURVE('',#7201,#7200,#5468,.T.);
#4491=EDGE_CURVE('',#7202,#7201,#5469,.T.);
#4492=EDGE_CURVE('',#7203,#7202,#5470,.T.);
#4493=EDGE_CURVE('',#7204,#7203,#5471,.T.);
#4494=EDGE_CURVE('',#7205,#7204,#5472,.T.);
#4495=EDGE_CURVE('',#7200,#7205,#5473,.T.);
#4496=EDGE_CURVE('',#7207,#7206,#5474,.T.);
#4497=EDGE_CURVE('',#7208,#7207,#5475,.T.);
#4498=EDGE_CURVE('',#7209,#7208,#5476,.T.);
#4499=EDGE_CURVE('',#7210,#7209,#5477,.T.);
#4500=EDGE_CURVE('',#7018,#7210,#5478,.T.);
#4501=EDGE_CURVE('',#7206,#7018,#5479,.T.);
#4502=EDGE_CURVE('',#7216,#7017,#5480,.T.);
#4503=EDGE_CURVE('',#7215,#7221,#5481,.T.);
#4504=EDGE_CURVE('',#7214,#7220,#5482,.T.);
#4505=EDGE_CURVE('',#7212,#7211,#5483,.T.);
#4506=EDGE_CURVE('',#7213,#7212,#5484,.T.);
#4507=EDGE_CURVE('',#7214,#7213,#5485,.T.);
#4508=EDGE_CURVE('',#7215,#7214,#5486,.T.);
#4509=EDGE_CURVE('',#7216,#7215,#5487,.T.);
#4510=EDGE_CURVE('',#7211,#7216,#5488,.T.);
#4511=EDGE_CURVE('',#7218,#7217,#5489,.T.);
#4512=EDGE_CURVE('',#7219,#7218,#5490,.T.);
#4513=EDGE_CURVE('',#7220,#7219,#5491,.T.);
#4514=EDGE_CURVE('',#7221,#7220,#5492,.T.);
#4515=EDGE_CURVE('',#7017,#7221,#5493,.T.);
#4516=EDGE_CURVE('',#7217,#7017,#5494,.T.);
#4517=EDGE_CURVE('',#7227,#7016,#5495,.T.);
#4518=EDGE_CURVE('',#7226,#7232,#5496,.T.);
#4519=EDGE_CURVE('',#7225,#7231,#5497,.T.);
#4520=EDGE_CURVE('',#7223,#7222,#5498,.T.);
#4521=EDGE_CURVE('',#7224,#7223,#5499,.T.);
#4522=EDGE_CURVE('',#7225,#7224,#5500,.T.);
#4523=EDGE_CURVE('',#7226,#7225,#5501,.T.);
#4524=EDGE_CURVE('',#7227,#7226,#5502,.T.);
#4525=EDGE_CURVE('',#7222,#7227,#5503,.T.);
#4526=EDGE_CURVE('',#7229,#7228,#5504,.T.);
#4527=EDGE_CURVE('',#7230,#7229,#5505,.T.);
#4528=EDGE_CURVE('',#7231,#7230,#5506,.T.);
#4529=EDGE_CURVE('',#7232,#7231,#5507,.T.);
#4530=EDGE_CURVE('',#7016,#7232,#5508,.T.);
#4531=EDGE_CURVE('',#7228,#7016,#5509,.T.);
#4532=EDGE_CURVE('',#7238,#7015,#5510,.T.);
#4533=EDGE_CURVE('',#7237,#7243,#5511,.T.);
#4534=EDGE_CURVE('',#7236,#7242,#5512,.T.);
#4535=EDGE_CURVE('',#7234,#7233,#5513,.T.);
#4536=EDGE_CURVE('',#7235,#7234,#5514,.T.);
#4537=EDGE_CURVE('',#7236,#7235,#5515,.T.);
#4538=EDGE_CURVE('',#7237,#7236,#5516,.T.);
#4539=EDGE_CURVE('',#7238,#7237,#5517,.T.);
#4540=EDGE_CURVE('',#7233,#7238,#5518,.T.);
#4541=EDGE_CURVE('',#7240,#7239,#5519,.T.);
#4542=EDGE_CURVE('',#7241,#7240,#5520,.T.);
#4543=EDGE_CURVE('',#7242,#7241,#5521,.T.);
#4544=EDGE_CURVE('',#7243,#7242,#5522,.T.);
#4545=EDGE_CURVE('',#7015,#7243,#5523,.T.);
#4546=EDGE_CURVE('',#7239,#7015,#5524,.T.);
#4547=EDGE_CURVE('',#7249,#7014,#5525,.T.);
#4548=EDGE_CURVE('',#7248,#7254,#5526,.T.);
#4549=EDGE_CURVE('',#7247,#7253,#5527,.T.);
#4550=EDGE_CURVE('',#7245,#7244,#5528,.T.);
#4551=EDGE_CURVE('',#7246,#7245,#5529,.T.);
#4552=EDGE_CURVE('',#7247,#7246,#5530,.T.);
#4553=EDGE_CURVE('',#7248,#7247,#5531,.T.);
#4554=EDGE_CURVE('',#7249,#7248,#5532,.T.);
#4555=EDGE_CURVE('',#7244,#7249,#5533,.T.);
#4556=EDGE_CURVE('',#7251,#7250,#5534,.T.);
#4557=EDGE_CURVE('',#7252,#7251,#5535,.T.);
#4558=EDGE_CURVE('',#7253,#7252,#5536,.T.);
#4559=EDGE_CURVE('',#7254,#7253,#5537,.T.);
#4560=EDGE_CURVE('',#7014,#7254,#5538,.T.);
#4561=EDGE_CURVE('',#7250,#7014,#5539,.T.);
#4562=EDGE_CURVE('',#7260,#7013,#5540,.T.);
#4563=EDGE_CURVE('',#7259,#7265,#5541,.T.);
#4564=EDGE_CURVE('',#7258,#7264,#5542,.T.);
#4565=EDGE_CURVE('',#7256,#7255,#5543,.T.);
#4566=EDGE_CURVE('',#7257,#7256,#5544,.T.);
#4567=EDGE_CURVE('',#7258,#7257,#5545,.T.);
#4568=EDGE_CURVE('',#7259,#7258,#5546,.T.);
#4569=EDGE_CURVE('',#7260,#7259,#5547,.T.);
#4570=EDGE_CURVE('',#7255,#7260,#5548,.T.);
#4571=EDGE_CURVE('',#7262,#7261,#5549,.T.);
#4572=EDGE_CURVE('',#7263,#7262,#5550,.T.);
#4573=EDGE_CURVE('',#7264,#7263,#5551,.T.);
#4574=EDGE_CURVE('',#7265,#7264,#5552,.T.);
#4575=EDGE_CURVE('',#7013,#7265,#5553,.T.);
#4576=EDGE_CURVE('',#7261,#7013,#5554,.T.);
#4577=EDGE_CURVE('',#7271,#7012,#5555,.T.);
#4578=EDGE_CURVE('',#7270,#7276,#5556,.T.);
#4579=EDGE_CURVE('',#7269,#7275,#5557,.T.);
#4580=EDGE_CURVE('',#7267,#7266,#5558,.T.);
#4581=EDGE_CURVE('',#7268,#7267,#5559,.T.);
#4582=EDGE_CURVE('',#7269,#7268,#5560,.T.);
#4583=EDGE_CURVE('',#7270,#7269,#5561,.T.);
#4584=EDGE_CURVE('',#7271,#7270,#5562,.T.);
#4585=EDGE_CURVE('',#7266,#7271,#5563,.T.);
#4586=EDGE_CURVE('',#7273,#7272,#5564,.T.);
#4587=EDGE_CURVE('',#7274,#7273,#5565,.T.);
#4588=EDGE_CURVE('',#7275,#7274,#5566,.T.);
#4589=EDGE_CURVE('',#7276,#7275,#5567,.T.);
#4590=EDGE_CURVE('',#7012,#7276,#5568,.T.);
#4591=EDGE_CURVE('',#7272,#7012,#5569,.T.);
#4592=EDGE_CURVE('',#7282,#7011,#5570,.T.);
#4593=EDGE_CURVE('',#7281,#7287,#5571,.T.);
#4594=EDGE_CURVE('',#7280,#7286,#5572,.T.);
#4595=EDGE_CURVE('',#7278,#7277,#5573,.T.);
#4596=EDGE_CURVE('',#7279,#7278,#5574,.T.);
#4597=EDGE_CURVE('',#7280,#7279,#5575,.T.);
#4598=EDGE_CURVE('',#7281,#7280,#5576,.T.);
#4599=EDGE_CURVE('',#7282,#7281,#5577,.T.);
#4600=EDGE_CURVE('',#7277,#7282,#5578,.T.);
#4601=EDGE_CURVE('',#7284,#7283,#5579,.T.);
#4602=EDGE_CURVE('',#7285,#7284,#5580,.T.);
#4603=EDGE_CURVE('',#7286,#7285,#5581,.T.);
#4604=EDGE_CURVE('',#7287,#7286,#5582,.T.);
#4605=EDGE_CURVE('',#7011,#7287,#5583,.T.);
#4606=EDGE_CURVE('',#7283,#7011,#5584,.T.);
#4607=EDGE_CURVE('',#7293,#7010,#5585,.T.);
#4608=EDGE_CURVE('',#7292,#7298,#5586,.T.);
#4609=EDGE_CURVE('',#7291,#7297,#5587,.T.);
#4610=EDGE_CURVE('',#7289,#7288,#5588,.T.);
#4611=EDGE_CURVE('',#7290,#7289,#5589,.T.);
#4612=EDGE_CURVE('',#7291,#7290,#5590,.T.);
#4613=EDGE_CURVE('',#7292,#7291,#5591,.T.);
#4614=EDGE_CURVE('',#7293,#7292,#5592,.T.);
#4615=EDGE_CURVE('',#7288,#7293,#5593,.T.);
#4616=EDGE_CURVE('',#7295,#7294,#5594,.T.);
#4617=EDGE_CURVE('',#7296,#7295,#5595,.T.);
#4618=EDGE_CURVE('',#7297,#7296,#5596,.T.);
#4619=EDGE_CURVE('',#7298,#7297,#5597,.T.);
#4620=EDGE_CURVE('',#7010,#7298,#5598,.T.);
#4621=EDGE_CURVE('',#7294,#7010,#5599,.T.);
#4622=EDGE_CURVE('',#7304,#7009,#5600,.T.);
#4623=EDGE_CURVE('',#7303,#7309,#5601,.T.);
#4624=EDGE_CURVE('',#7302,#7308,#5602,.T.);
#4625=EDGE_CURVE('',#7300,#7299,#5603,.T.);
#4626=EDGE_CURVE('',#7301,#7300,#5604,.T.);
#4627=EDGE_CURVE('',#7302,#7301,#5605,.T.);
#4628=EDGE_CURVE('',#7303,#7302,#5606,.T.);
#4629=EDGE_CURVE('',#7304,#7303,#5607,.T.);
#4630=EDGE_CURVE('',#7299,#7304,#5608,.T.);
#4631=EDGE_CURVE('',#7306,#7305,#5609,.T.);
#4632=EDGE_CURVE('',#7307,#7306,#5610,.T.);
#4633=EDGE_CURVE('',#7308,#7307,#5611,.T.);
#4634=EDGE_CURVE('',#7309,#7308,#5612,.T.);
#4635=EDGE_CURVE('',#7009,#7309,#5613,.T.);
#4636=EDGE_CURVE('',#7305,#7009,#5614,.T.);
#4637=EDGE_CURVE('',#7315,#7008,#5615,.T.);
#4638=EDGE_CURVE('',#7314,#7320,#5616,.T.);
#4639=EDGE_CURVE('',#7313,#7319,#5617,.T.);
#4640=EDGE_CURVE('',#7311,#7310,#5618,.T.);
#4641=EDGE_CURVE('',#7312,#7311,#5619,.T.);
#4642=EDGE_CURVE('',#7313,#7312,#5620,.T.);
#4643=EDGE_CURVE('',#7314,#7313,#5621,.T.);
#4644=EDGE_CURVE('',#7315,#7314,#5622,.T.);
#4645=EDGE_CURVE('',#7310,#7315,#5623,.T.);
#4646=EDGE_CURVE('',#7317,#7316,#5624,.T.);
#4647=EDGE_CURVE('',#7318,#7317,#5625,.T.);
#4648=EDGE_CURVE('',#7319,#7318,#5626,.T.);
#4649=EDGE_CURVE('',#7320,#7319,#5627,.T.);
#4650=EDGE_CURVE('',#7008,#7320,#5628,.T.);
#4651=EDGE_CURVE('',#7316,#7008,#5629,.T.);
#4652=EDGE_CURVE('',#7326,#7007,#5630,.T.);
#4653=EDGE_CURVE('',#7325,#7331,#5631,.T.);
#4654=EDGE_CURVE('',#7324,#7330,#5632,.T.);
#4655=EDGE_CURVE('',#7322,#7321,#5633,.T.);
#4656=EDGE_CURVE('',#7323,#7322,#5634,.T.);
#4657=EDGE_CURVE('',#7324,#7323,#5635,.T.);
#4658=EDGE_CURVE('',#7325,#7324,#5636,.T.);
#4659=EDGE_CURVE('',#7326,#7325,#5637,.T.);
#4660=EDGE_CURVE('',#7321,#7326,#5638,.T.);
#4661=EDGE_CURVE('',#7328,#7327,#5639,.T.);
#4662=EDGE_CURVE('',#7329,#7328,#5640,.T.);
#4663=EDGE_CURVE('',#7330,#7329,#5641,.T.);
#4664=EDGE_CURVE('',#7331,#7330,#5642,.T.);
#4665=EDGE_CURVE('',#7007,#7331,#5643,.T.);
#4666=EDGE_CURVE('',#7327,#7007,#5644,.T.);
#4667=EDGE_CURVE('',#7337,#7006,#5645,.T.);
#4668=EDGE_CURVE('',#7336,#7342,#5646,.T.);
#4669=EDGE_CURVE('',#7335,#7341,#5647,.T.);
#4670=EDGE_CURVE('',#7333,#7332,#5648,.T.);
#4671=EDGE_CURVE('',#7334,#7333,#5649,.T.);
#4672=EDGE_CURVE('',#7335,#7334,#5650,.T.);
#4673=EDGE_CURVE('',#7336,#7335,#5651,.T.);
#4674=EDGE_CURVE('',#7337,#7336,#5652,.T.);
#4675=EDGE_CURVE('',#7332,#7337,#5653,.T.);
#4676=EDGE_CURVE('',#7339,#7338,#5654,.T.);
#4677=EDGE_CURVE('',#7340,#7339,#5655,.T.);
#4678=EDGE_CURVE('',#7341,#7340,#5656,.T.);
#4679=EDGE_CURVE('',#7342,#7341,#5657,.T.);
#4680=EDGE_CURVE('',#7006,#7342,#5658,.T.);
#4681=EDGE_CURVE('',#7338,#7006,#5659,.T.);
#4682=EDGE_CURVE('',#7348,#7005,#5660,.T.);
#4683=EDGE_CURVE('',#7347,#7353,#5661,.T.);
#4684=EDGE_CURVE('',#7346,#7352,#5662,.T.);
#4685=EDGE_CURVE('',#7344,#7343,#5663,.T.);
#4686=EDGE_CURVE('',#7345,#7344,#5664,.T.);
#4687=EDGE_CURVE('',#7346,#7345,#5665,.T.);
#4688=EDGE_CURVE('',#7347,#7346,#5666,.T.);
#4689=EDGE_CURVE('',#7348,#7347,#5667,.T.);
#4690=EDGE_CURVE('',#7343,#7348,#5668,.T.);
#4691=EDGE_CURVE('',#7350,#7349,#5669,.T.);
#4692=EDGE_CURVE('',#7351,#7350,#5670,.T.);
#4693=EDGE_CURVE('',#7352,#7351,#5671,.T.);
#4694=EDGE_CURVE('',#7353,#7352,#5672,.T.);
#4695=EDGE_CURVE('',#7005,#7353,#5673,.T.);
#4696=EDGE_CURVE('',#7349,#7005,#5674,.T.);
#4697=EDGE_CURVE('',#7359,#7004,#5675,.T.);
#4698=EDGE_CURVE('',#7358,#7364,#5676,.T.);
#4699=EDGE_CURVE('',#7357,#7363,#5677,.T.);
#4700=EDGE_CURVE('',#7355,#7354,#5678,.T.);
#4701=EDGE_CURVE('',#7356,#7355,#5679,.T.);
#4702=EDGE_CURVE('',#7357,#7356,#5680,.T.);
#4703=EDGE_CURVE('',#7358,#7357,#5681,.T.);
#4704=EDGE_CURVE('',#7359,#7358,#5682,.T.);
#4705=EDGE_CURVE('',#7354,#7359,#5683,.T.);
#4706=EDGE_CURVE('',#7361,#7360,#5684,.T.);
#4707=EDGE_CURVE('',#7362,#7361,#5685,.T.);
#4708=EDGE_CURVE('',#7363,#7362,#5686,.T.);
#4709=EDGE_CURVE('',#7364,#7363,#5687,.T.);
#4710=EDGE_CURVE('',#7004,#7364,#5688,.T.);
#4711=EDGE_CURVE('',#7360,#7004,#5689,.T.);
#4712=EDGE_CURVE('',#7370,#7003,#5690,.T.);
#4713=EDGE_CURVE('',#7369,#7375,#5691,.T.);
#4714=EDGE_CURVE('',#7368,#7374,#5692,.T.);
#4715=EDGE_CURVE('',#7366,#7365,#5693,.T.);
#4716=EDGE_CURVE('',#7367,#7366,#5694,.T.);
#4717=EDGE_CURVE('',#7368,#7367,#5695,.T.);
#4718=EDGE_CURVE('',#7369,#7368,#5696,.T.);
#4719=EDGE_CURVE('',#7370,#7369,#5697,.T.);
#4720=EDGE_CURVE('',#7365,#7370,#5698,.T.);
#4721=EDGE_CURVE('',#7372,#7371,#5699,.T.);
#4722=EDGE_CURVE('',#7373,#7372,#5700,.T.);
#4723=EDGE_CURVE('',#7374,#7373,#5701,.T.);
#4724=EDGE_CURVE('',#7375,#7374,#5702,.T.);
#4725=EDGE_CURVE('',#7003,#7375,#5703,.T.);
#4726=EDGE_CURVE('',#7371,#7003,#5704,.T.);
#4727=EDGE_CURVE('',#7381,#7002,#5705,.T.);
#4728=EDGE_CURVE('',#7380,#7386,#5706,.T.);
#4729=EDGE_CURVE('',#7379,#7385,#5707,.T.);
#4730=EDGE_CURVE('',#7377,#7376,#5708,.T.);
#4731=EDGE_CURVE('',#7378,#7377,#5709,.T.);
#4732=EDGE_CURVE('',#7379,#7378,#5710,.T.);
#4733=EDGE_CURVE('',#7380,#7379,#5711,.T.);
#4734=EDGE_CURVE('',#7381,#7380,#5712,.T.);
#4735=EDGE_CURVE('',#7376,#7381,#5713,.T.);
#4736=EDGE_CURVE('',#7383,#7382,#5714,.T.);
#4737=EDGE_CURVE('',#7384,#7383,#5715,.T.);
#4738=EDGE_CURVE('',#7385,#7384,#5716,.T.);
#4739=EDGE_CURVE('',#7386,#7385,#5717,.T.);
#4740=EDGE_CURVE('',#7002,#7386,#5718,.T.);
#4741=EDGE_CURVE('',#7382,#7002,#5719,.T.);
#4742=EDGE_CURVE('',#7392,#7001,#5720,.T.);
#4743=EDGE_CURVE('',#7391,#7397,#5721,.T.);
#4744=EDGE_CURVE('',#7390,#7396,#5722,.T.);
#4745=EDGE_CURVE('',#7388,#7387,#5723,.T.);
#4746=EDGE_CURVE('',#7389,#7388,#5724,.T.);
#4747=EDGE_CURVE('',#7390,#7389,#5725,.T.);
#4748=EDGE_CURVE('',#7391,#7390,#5726,.T.);
#4749=EDGE_CURVE('',#7392,#7391,#5727,.T.);
#4750=EDGE_CURVE('',#7387,#7392,#5728,.T.);
#4751=EDGE_CURVE('',#7394,#7393,#5729,.T.);
#4752=EDGE_CURVE('',#7395,#7394,#5730,.T.);
#4753=EDGE_CURVE('',#7396,#7395,#5731,.T.);
#4754=EDGE_CURVE('',#7397,#7396,#5732,.T.);
#4755=EDGE_CURVE('',#7001,#7397,#5733,.T.);
#4756=EDGE_CURVE('',#7393,#7001,#5734,.T.);
#4757=EDGE_CURVE('',#7403,#7000,#5735,.T.);
#4758=EDGE_CURVE('',#7402,#7408,#5736,.T.);
#4759=EDGE_CURVE('',#7401,#7407,#5737,.T.);
#4760=EDGE_CURVE('',#7399,#7398,#5738,.T.);
#4761=EDGE_CURVE('',#7400,#7399,#5739,.T.);
#4762=EDGE_CURVE('',#7401,#7400,#5740,.T.);
#4763=EDGE_CURVE('',#7402,#7401,#5741,.T.);
#4764=EDGE_CURVE('',#7403,#7402,#5742,.T.);
#4765=EDGE_CURVE('',#7398,#7403,#5743,.T.);
#4766=EDGE_CURVE('',#7405,#7404,#5744,.T.);
#4767=EDGE_CURVE('',#7406,#7405,#5745,.T.);
#4768=EDGE_CURVE('',#7407,#7406,#5746,.T.);
#4769=EDGE_CURVE('',#7408,#7407,#5747,.T.);
#4770=EDGE_CURVE('',#7000,#7408,#5748,.T.);
#4771=EDGE_CURVE('',#7404,#7000,#5749,.T.);
#4772=EDGE_CURVE('',#7414,#6999,#5750,.T.);
#4773=EDGE_CURVE('',#7413,#7419,#5751,.T.);
#4774=EDGE_CURVE('',#7412,#7418,#5752,.T.);
#4775=EDGE_CURVE('',#7410,#7409,#5753,.T.);
#4776=EDGE_CURVE('',#7411,#7410,#5754,.T.);
#4777=EDGE_CURVE('',#7412,#7411,#5755,.T.);
#4778=EDGE_CURVE('',#7413,#7412,#5756,.T.);
#4779=EDGE_CURVE('',#7414,#7413,#5757,.T.);
#4780=EDGE_CURVE('',#7409,#7414,#5758,.T.);
#4781=EDGE_CURVE('',#7416,#7415,#5759,.T.);
#4782=EDGE_CURVE('',#7417,#7416,#5760,.T.);
#4783=EDGE_CURVE('',#7418,#7417,#5761,.T.);
#4784=EDGE_CURVE('',#7419,#7418,#5762,.T.);
#4785=EDGE_CURVE('',#6999,#7419,#5763,.T.);
#4786=EDGE_CURVE('',#7415,#6999,#5764,.T.);
#4787=EDGE_CURVE('',#7425,#6998,#5765,.T.);
#4788=EDGE_CURVE('',#7424,#7430,#5766,.T.);
#4789=EDGE_CURVE('',#7423,#7429,#5767,.T.);
#4790=EDGE_CURVE('',#7421,#7420,#5768,.T.);
#4791=EDGE_CURVE('',#7422,#7421,#5769,.T.);
#4792=EDGE_CURVE('',#7423,#7422,#5770,.T.);
#4793=EDGE_CURVE('',#7424,#7423,#5771,.T.);
#4794=EDGE_CURVE('',#7425,#7424,#5772,.T.);
#4795=EDGE_CURVE('',#7420,#7425,#5773,.T.);
#4796=EDGE_CURVE('',#7427,#7426,#5774,.T.);
#4797=EDGE_CURVE('',#7428,#7427,#5775,.T.);
#4798=EDGE_CURVE('',#7429,#7428,#5776,.T.);
#4799=EDGE_CURVE('',#7430,#7429,#5777,.T.);
#4800=EDGE_CURVE('',#6998,#7430,#5778,.T.);
#4801=EDGE_CURVE('',#7426,#6998,#5779,.T.);
#4802=EDGE_CURVE('',#7436,#6997,#5780,.T.);
#4803=EDGE_CURVE('',#7435,#7441,#5781,.T.);
#4804=EDGE_CURVE('',#7434,#7440,#5782,.T.);
#4805=EDGE_CURVE('',#7432,#7431,#5783,.T.);
#4806=EDGE_CURVE('',#7433,#7432,#5784,.T.);
#4807=EDGE_CURVE('',#7434,#7433,#5785,.T.);
#4808=EDGE_CURVE('',#7435,#7434,#5786,.T.);
#4809=EDGE_CURVE('',#7436,#7435,#5787,.T.);
#4810=EDGE_CURVE('',#7431,#7436,#5788,.T.);
#4811=EDGE_CURVE('',#7438,#7437,#5789,.T.);
#4812=EDGE_CURVE('',#7439,#7438,#5790,.T.);
#4813=EDGE_CURVE('',#7440,#7439,#5791,.T.);
#4814=EDGE_CURVE('',#7441,#7440,#5792,.T.);
#4815=EDGE_CURVE('',#6997,#7441,#5793,.T.);
#4816=EDGE_CURVE('',#7437,#6997,#5794,.T.);
#4817=EDGE_CURVE('',#7447,#6996,#5795,.T.);
#4818=EDGE_CURVE('',#7446,#7452,#5796,.T.);
#4819=EDGE_CURVE('',#7445,#7451,#5797,.T.);
#4820=EDGE_CURVE('',#7443,#7442,#5798,.T.);
#4821=EDGE_CURVE('',#7444,#7443,#5799,.T.);
#4822=EDGE_CURVE('',#7445,#7444,#5800,.T.);
#4823=EDGE_CURVE('',#7446,#7445,#5801,.T.);
#4824=EDGE_CURVE('',#7447,#7446,#5802,.T.);
#4825=EDGE_CURVE('',#7442,#7447,#5803,.T.);
#4826=EDGE_CURVE('',#7449,#7448,#5804,.T.);
#4827=EDGE_CURVE('',#7450,#7449,#5805,.T.);
#4828=EDGE_CURVE('',#7451,#7450,#5806,.T.);
#4829=EDGE_CURVE('',#7452,#7451,#5807,.T.);
#4830=EDGE_CURVE('',#6996,#7452,#5808,.T.);
#4831=EDGE_CURVE('',#7448,#6996,#5809,.T.);
#4832=EDGE_CURVE('',#7458,#6995,#5810,.T.);
#4833=EDGE_CURVE('',#7457,#7463,#5811,.T.);
#4834=EDGE_CURVE('',#7456,#7462,#5812,.T.);
#4835=EDGE_CURVE('',#7454,#7453,#5813,.T.);
#4836=EDGE_CURVE('',#7455,#7454,#5814,.T.);
#4837=EDGE_CURVE('',#7456,#7455,#5815,.T.);
#4838=EDGE_CURVE('',#7457,#7456,#5816,.T.);
#4839=EDGE_CURVE('',#7458,#7457,#5817,.T.);
#4840=EDGE_CURVE('',#7453,#7458,#5818,.T.);
#4841=EDGE_CURVE('',#7460,#7459,#5819,.T.);
#4842=EDGE_CURVE('',#7461,#7460,#5820,.T.);
#4843=EDGE_CURVE('',#7462,#7461,#5821,.T.);
#4844=EDGE_CURVE('',#7463,#7462,#5822,.T.);
#4845=EDGE_CURVE('',#6995,#7463,#5823,.T.);
#4846=EDGE_CURVE('',#7459,#6995,#5824,.T.);
#4847=EDGE_CURVE('',#7469,#6994,#5825,.T.);
#4848=EDGE_CURVE('',#7468,#7474,#5826,.T.);
#4849=EDGE_CURVE('',#7467,#7473,#5827,.T.);
#4850=EDGE_CURVE('',#7465,#7464,#5828,.T.);
#4851=EDGE_CURVE('',#7466,#7465,#5829,.T.);
#4852=EDGE_CURVE('',#7467,#7466,#5830,.T.);
#4853=EDGE_CURVE('',#7468,#7467,#5831,.T.);
#4854=EDGE_CURVE('',#7469,#7468,#5832,.T.);
#4855=EDGE_CURVE('',#7464,#7469,#5833,.T.);
#4856=EDGE_CURVE('',#7471,#7470,#5834,.T.);
#4857=EDGE_CURVE('',#7472,#7471,#5835,.T.);
#4858=EDGE_CURVE('',#7473,#7472,#5836,.T.);
#4859=EDGE_CURVE('',#7474,#7473,#5837,.T.);
#4860=EDGE_CURVE('',#6994,#7474,#5838,.T.);
#4861=EDGE_CURVE('',#7470,#6994,#5839,.T.);
#4862=EDGE_CURVE('',#7480,#6993,#5840,.T.);
#4863=EDGE_CURVE('',#7479,#7485,#5841,.T.);
#4864=EDGE_CURVE('',#7478,#7484,#5842,.T.);
#4865=EDGE_CURVE('',#7476,#7475,#5843,.T.);
#4866=EDGE_CURVE('',#7477,#7476,#5844,.T.);
#4867=EDGE_CURVE('',#7478,#7477,#5845,.T.);
#4868=EDGE_CURVE('',#7479,#7478,#5846,.T.);
#4869=EDGE_CURVE('',#7480,#7479,#5847,.T.);
#4870=EDGE_CURVE('',#7475,#7480,#5848,.T.);
#4871=EDGE_CURVE('',#7482,#7481,#5849,.T.);
#4872=EDGE_CURVE('',#7483,#7482,#5850,.T.);
#4873=EDGE_CURVE('',#7484,#7483,#5851,.T.);
#4874=EDGE_CURVE('',#7485,#7484,#5852,.T.);
#4875=EDGE_CURVE('',#6993,#7485,#5853,.T.);
#4876=EDGE_CURVE('',#7481,#6993,#5854,.T.);
#4877=EDGE_CURVE('',#7491,#6992,#5855,.T.);
#4878=EDGE_CURVE('',#7490,#7496,#5856,.T.);
#4879=EDGE_CURVE('',#7489,#7495,#5857,.T.);
#4880=EDGE_CURVE('',#7487,#7486,#5858,.T.);
#4881=EDGE_CURVE('',#7488,#7487,#5859,.T.);
#4882=EDGE_CURVE('',#7489,#7488,#5860,.T.);
#4883=EDGE_CURVE('',#7490,#7489,#5861,.T.);
#4884=EDGE_CURVE('',#7491,#7490,#5862,.T.);
#4885=EDGE_CURVE('',#7486,#7491,#5863,.T.);
#4886=EDGE_CURVE('',#7493,#7492,#5864,.T.);
#4887=EDGE_CURVE('',#7494,#7493,#5865,.T.);
#4888=EDGE_CURVE('',#7495,#7494,#5866,.T.);
#4889=EDGE_CURVE('',#7496,#7495,#5867,.T.);
#4890=EDGE_CURVE('',#6992,#7496,#5868,.T.);
#4891=EDGE_CURVE('',#7492,#6992,#5869,.T.);
#4892=EDGE_CURVE('',#7502,#6991,#5870,.T.);
#4893=EDGE_CURVE('',#7501,#7507,#5871,.T.);
#4894=EDGE_CURVE('',#7500,#7506,#5872,.T.);
#4895=EDGE_CURVE('',#7498,#7497,#5873,.T.);
#4896=EDGE_CURVE('',#7499,#7498,#5874,.T.);
#4897=EDGE_CURVE('',#7500,#7499,#5875,.T.);
#4898=EDGE_CURVE('',#7501,#7500,#5876,.T.);
#4899=EDGE_CURVE('',#7502,#7501,#5877,.T.);
#4900=EDGE_CURVE('',#7497,#7502,#5878,.T.);
#4901=EDGE_CURVE('',#7504,#7503,#5879,.T.);
#4902=EDGE_CURVE('',#7505,#7504,#5880,.T.);
#4903=EDGE_CURVE('',#7506,#7505,#5881,.T.);
#4904=EDGE_CURVE('',#7507,#7506,#5882,.T.);
#4905=EDGE_CURVE('',#6991,#7507,#5883,.T.);
#4906=EDGE_CURVE('',#7503,#6991,#5884,.T.);
#4907=EDGE_CURVE('',#7513,#6990,#5885,.T.);
#4908=EDGE_CURVE('',#7512,#7518,#5886,.T.);
#4909=EDGE_CURVE('',#7511,#7517,#5887,.T.);
#4910=EDGE_CURVE('',#7509,#7508,#5888,.T.);
#4911=EDGE_CURVE('',#7510,#7509,#5889,.T.);
#4912=EDGE_CURVE('',#7511,#7510,#5890,.T.);
#4913=EDGE_CURVE('',#7512,#7511,#5891,.T.);
#4914=EDGE_CURVE('',#7513,#7512,#5892,.T.);
#4915=EDGE_CURVE('',#7508,#7513,#5893,.T.);
#4916=EDGE_CURVE('',#7515,#7514,#5894,.T.);
#4917=EDGE_CURVE('',#7516,#7515,#5895,.T.);
#4918=EDGE_CURVE('',#7517,#7516,#5896,.T.);
#4919=EDGE_CURVE('',#7518,#7517,#5897,.T.);
#4920=EDGE_CURVE('',#6990,#7518,#5898,.T.);
#4921=EDGE_CURVE('',#7514,#6990,#5899,.T.);
#4922=EDGE_CURVE('',#7524,#6989,#5900,.T.);
#4923=EDGE_CURVE('',#7523,#7529,#5901,.T.);
#4924=EDGE_CURVE('',#7522,#7528,#5902,.T.);
#4925=EDGE_CURVE('',#7520,#7519,#5903,.T.);
#4926=EDGE_CURVE('',#7521,#7520,#5904,.T.);
#4927=EDGE_CURVE('',#7522,#7521,#5905,.T.);
#4928=EDGE_CURVE('',#7523,#7522,#5906,.T.);
#4929=EDGE_CURVE('',#7524,#7523,#5907,.T.);
#4930=EDGE_CURVE('',#7519,#7524,#5908,.T.);
#4931=EDGE_CURVE('',#7526,#7525,#5909,.T.);
#4932=EDGE_CURVE('',#7527,#7526,#5910,.T.);
#4933=EDGE_CURVE('',#7528,#7527,#5911,.T.);
#4934=EDGE_CURVE('',#7529,#7528,#5912,.T.);
#4935=EDGE_CURVE('',#6989,#7529,#5913,.T.);
#4936=EDGE_CURVE('',#7525,#6989,#5914,.T.);
#4937=EDGE_CURVE('',#7535,#6988,#5915,.T.);
#4938=EDGE_CURVE('',#7534,#7540,#5916,.T.);
#4939=EDGE_CURVE('',#7533,#7539,#5917,.T.);
#4940=EDGE_CURVE('',#7531,#7530,#5918,.T.);
#4941=EDGE_CURVE('',#7532,#7531,#5919,.T.);
#4942=EDGE_CURVE('',#7533,#7532,#5920,.T.);
#4943=EDGE_CURVE('',#7534,#7533,#5921,.T.);
#4944=EDGE_CURVE('',#7535,#7534,#5922,.T.);
#4945=EDGE_CURVE('',#7530,#7535,#5923,.T.);
#4946=EDGE_CURVE('',#7537,#7536,#5924,.T.);
#4947=EDGE_CURVE('',#7538,#7537,#5925,.T.);
#4948=EDGE_CURVE('',#7539,#7538,#5926,.T.);
#4949=EDGE_CURVE('',#7540,#7539,#5927,.T.);
#4950=EDGE_CURVE('',#6988,#7540,#5928,.T.);
#4951=EDGE_CURVE('',#7536,#6988,#5929,.T.);
#4952=EDGE_CURVE('',#7546,#6987,#5930,.T.);
#4953=EDGE_CURVE('',#7545,#7551,#5931,.T.);
#4954=EDGE_CURVE('',#7544,#7550,#5932,.T.);
#4955=EDGE_CURVE('',#7542,#7541,#5933,.T.);
#4956=EDGE_CURVE('',#7543,#7542,#5934,.T.);
#4957=EDGE_CURVE('',#7544,#7543,#5935,.T.);
#4958=EDGE_CURVE('',#7545,#7544,#5936,.T.);
#4959=EDGE_CURVE('',#7546,#7545,#5937,.T.);
#4960=EDGE_CURVE('',#7541,#7546,#5938,.T.);
#4961=EDGE_CURVE('',#7548,#7547,#5939,.T.);
#4962=EDGE_CURVE('',#7549,#7548,#5940,.T.);
#4963=EDGE_CURVE('',#7550,#7549,#5941,.T.);
#4964=EDGE_CURVE('',#7551,#7550,#5942,.T.);
#4965=EDGE_CURVE('',#6987,#7551,#5943,.T.);
#4966=EDGE_CURVE('',#7547,#6987,#5944,.T.);
#4967=EDGE_CURVE('',#7557,#6986,#5945,.T.);
#4968=EDGE_CURVE('',#7556,#7562,#5946,.T.);
#4969=EDGE_CURVE('',#7555,#7561,#5947,.T.);
#4970=EDGE_CURVE('',#7553,#7552,#5948,.T.);
#4971=EDGE_CURVE('',#7554,#7553,#5949,.T.);
#4972=EDGE_CURVE('',#7555,#7554,#5950,.T.);
#4973=EDGE_CURVE('',#7556,#7555,#5951,.T.);
#4974=EDGE_CURVE('',#7557,#7556,#5952,.T.);
#4975=EDGE_CURVE('',#7552,#7557,#5953,.T.);
#4976=EDGE_CURVE('',#7559,#7558,#5954,.T.);
#4977=EDGE_CURVE('',#7560,#7559,#5955,.T.);
#4978=EDGE_CURVE('',#7561,#7560,#5956,.T.);
#4979=EDGE_CURVE('',#7562,#7561,#5957,.T.);
#4980=EDGE_CURVE('',#6986,#7562,#5958,.T.);
#4981=EDGE_CURVE('',#7558,#6986,#5959,.T.);
#4982=EDGE_CURVE('',#6985,#7074,#5960,.T.);
#4983=EDGE_CURVE('',#7563,#7564,#5961,.T.);
#4984=EDGE_CURVE('',#6984,#7075,#5962,.T.);
#4985=EDGE_CURVE('',#6982,#6983,#5963,.T.);
#4986=EDGE_CURVE('',#6981,#6982,#5964,.T.);
#4987=EDGE_CURVE('',#6984,#6981,#5965,.T.);
#4988=EDGE_CURVE('',#7563,#6984,#5966,.T.);
#4989=EDGE_CURVE('',#6985,#7563,#5967,.T.);
#4990=EDGE_CURVE('',#6983,#6985,#5968,.T.);
#4991=EDGE_CURVE('',#7564,#7075,#5969,.T.);
#4992=EDGE_CURVE('',#7074,#7564,#5970,.T.);
#4993=EDGE_CURVE('',#7570,#6980,#5971,.T.);
#4994=EDGE_CURVE('',#7569,#7575,#5972,.T.);
#4995=EDGE_CURVE('',#7568,#7574,#5973,.T.);
#4996=EDGE_CURVE('',#7566,#7565,#5974,.T.);
#4997=EDGE_CURVE('',#7567,#7566,#5975,.T.);
#4998=EDGE_CURVE('',#7568,#7567,#5976,.T.);
#4999=EDGE_CURVE('',#7569,#7568,#5977,.T.);
#5000=EDGE_CURVE('',#7570,#7569,#5978,.T.);
#5001=EDGE_CURVE('',#7565,#7570,#5979,.T.);
#5002=EDGE_CURVE('',#7572,#7571,#5980,.T.);
#5003=EDGE_CURVE('',#7573,#7572,#5981,.T.);
#5004=EDGE_CURVE('',#7574,#7573,#5982,.T.);
#5005=EDGE_CURVE('',#7575,#7574,#5983,.T.);
#5006=EDGE_CURVE('',#6980,#7575,#5984,.T.);
#5007=EDGE_CURVE('',#7571,#6980,#5985,.T.);
#5008=EDGE_CURVE('',#7581,#6979,#5986,.T.);
#5009=EDGE_CURVE('',#7580,#7586,#5987,.T.);
#5010=EDGE_CURVE('',#7579,#7585,#5988,.T.);
#5011=EDGE_CURVE('',#7577,#7576,#5989,.T.);
#5012=EDGE_CURVE('',#7578,#7577,#5990,.T.);
#5013=EDGE_CURVE('',#7579,#7578,#5991,.T.);
#5014=EDGE_CURVE('',#7580,#7579,#5992,.T.);
#5015=EDGE_CURVE('',#7581,#7580,#5993,.T.);
#5016=EDGE_CURVE('',#7576,#7581,#5994,.T.);
#5017=EDGE_CURVE('',#7583,#7582,#5995,.T.);
#5018=EDGE_CURVE('',#7584,#7583,#5996,.T.);
#5019=EDGE_CURVE('',#7585,#7584,#5997,.T.);
#5020=EDGE_CURVE('',#7586,#7585,#5998,.T.);
#5021=EDGE_CURVE('',#6979,#7586,#5999,.T.);
#5022=EDGE_CURVE('',#7582,#6979,#6000,.T.);
#5023=LINE('',#10427,#6001);
#5024=LINE('',#10428,#6002);
#5025=LINE('',#10429,#6003);
#5026=LINE('',#10430,#6004);
#5027=LINE('',#10431,#6005);
#5028=LINE('',#10432,#6006);
#5029=LINE('',#10433,#6007);
#5030=LINE('',#10434,#6008);
#5031=LINE('',#10435,#6009);
#5032=LINE('',#10436,#6010);
#5033=LINE('',#10437,#6011);
#5034=LINE('',#10438,#6012);
#5035=LINE('',#10439,#6013);
#5036=LINE('',#10440,#6014);
#5037=LINE('',#10441,#6015);
#5038=LINE('',#10442,#6016);
#5039=LINE('',#10443,#6017);
#5040=LINE('',#10444,#6018);
#5041=LINE('',#10445,#6019);
#5042=LINE('',#10446,#6020);
#5043=LINE('',#10447,#6021);
#5044=LINE('',#10448,#6022);
#5045=LINE('',#10449,#6023);
#5046=LINE('',#10450,#6024);
#5047=LINE('',#10451,#6025);
#5048=LINE('',#10452,#6026);
#5049=LINE('',#10453,#6027);
#5050=LINE('',#10454,#6028);
#5051=LINE('',#10455,#6029);
#5052=LINE('',#10456,#6030);
#5053=LINE('',#10457,#6031);
#5054=LINE('',#10458,#6032);
#5055=LINE('',#10459,#6033);
#5056=LINE('',#10460,#6034);
#5057=LINE('',#10461,#6035);
#5058=LINE('',#10462,#6036);
#5059=LINE('',#10463,#6037);
#5060=LINE('',#10464,#6038);
#5061=LINE('',#10465,#6039);
#5062=LINE('',#10466,#6040);
#5063=LINE('',#10467,#6041);
#5064=LINE('',#10468,#6042);
#5065=LINE('',#10469,#6043);
#5066=LINE('',#10470,#6044);
#5067=LINE('',#10471,#6045);
#5068=LINE('',#10472,#6046);
#5069=LINE('',#10473,#6047);
#5070=LINE('',#10474,#6048);
#5071=LINE('',#10475,#6049);
#5072=LINE('',#10476,#6050);
#5073=LINE('',#10477,#6051);
#5074=LINE('',#10478,#6052);
#5075=LINE('',#10479,#6053);
#5076=LINE('',#10480,#6054);
#5077=LINE('',#10481,#6055);
#5078=LINE('',#10482,#6056);
#5079=LINE('',#10483,#6057);
#5080=LINE('',#10484,#6058);
#5081=LINE('',#10485,#6059);
#5082=LINE('',#10486,#6060);
#5083=LINE('',#10487,#6061);
#5084=LINE('',#10488,#6062);
#5085=LINE('',#10489,#6063);
#5086=LINE('',#10490,#6064);
#5087=LINE('',#10491,#6065);
#5088=LINE('',#10492,#6066);
#5089=LINE('',#10493,#6067);
#5090=LINE('',#10494,#6068);
#5091=LINE('',#10495,#6069);
#5092=LINE('',#10496,#6070);
#5093=LINE('',#10497,#6071);
#5094=LINE('',#10498,#6072);
#5095=LINE('',#10499,#6073);
#5096=LINE('',#10500,#6074);
#5097=LINE('',#10501,#6075);
#5098=LINE('',#10502,#6076);
#5099=LINE('',#10503,#6077);
#5100=LINE('',#10504,#6078);
#5101=LINE('',#10505,#6079);
#5102=LINE('',#10506,#6080);
#5103=LINE('',#10507,#6081);
#5104=LINE('',#10508,#6082);
#5105=LINE('',#10509,#6083);
#5106=LINE('',#10510,#6084);
#5107=LINE('',#10511,#6085);
#5108=LINE('',#10512,#6086);
#5109=LINE('',#10513,#6087);
#5110=LINE('',#10514,#6088);
#5111=LINE('',#10515,#6089);
#5112=LINE('',#10516,#6090);
#5113=LINE('',#10517,#6091);
#5114=LINE('',#10518,#6092);
#5115=LINE('',#10519,#6093);
#5116=LINE('',#10520,#6094);
#5117=LINE('',#10521,#6095);
#5118=LINE('',#10522,#6096);
#5119=LINE('',#10523,#6097);
#5120=LINE('',#10524,#6098);
#5121=LINE('',#10525,#6099);
#5122=LINE('',#10526,#6100);
#5123=LINE('',#10527,#6101);
#5124=LINE('',#10528,#6102);
#5125=LINE('',#10529,#6103);
#5126=LINE('',#10530,#6104);
#5127=LINE('',#10531,#6105);
#5128=LINE('',#10532,#6106);
#5129=LINE('',#10533,#6107);
#5130=LINE('',#10534,#6108);
#5131=LINE('',#10535,#6109);
#5132=LINE('',#10536,#6110);
#5133=LINE('',#10537,#6111);
#5134=LINE('',#10538,#6112);
#5135=LINE('',#10539,#6113);
#5136=LINE('',#10540,#6114);
#5137=LINE('',#10541,#6115);
#5138=LINE('',#10542,#6116);
#5139=LINE('',#10543,#6117);
#5140=LINE('',#10544,#6118);
#5141=LINE('',#10545,#6119);
#5142=LINE('',#10546,#6120);
#5143=LINE('',#10547,#6121);
#5144=LINE('',#10548,#6122);
#5145=LINE('',#10549,#6123);
#5146=LINE('',#10550,#6124);
#5147=LINE('',#10551,#6125);
#5148=LINE('',#10552,#6126);
#5149=LINE('',#10553,#6127);
#5150=LINE('',#10554,#6128);
#5151=LINE('',#10555,#6129);
#5152=LINE('',#10556,#6130);
#5153=LINE('',#10557,#6131);
#5154=LINE('',#10558,#6132);
#5155=LINE('',#10559,#6133);
#5156=LINE('',#10560,#6134);
#5157=LINE('',#10561,#6135);
#5158=LINE('',#10562,#6136);
#5159=LINE('',#10563,#6137);
#5160=LINE('',#10564,#6138);
#5161=LINE('',#10565,#6139);
#5162=LINE('',#10566,#6140);
#5163=LINE('',#10567,#6141);
#5164=LINE('',#10568,#6142);
#5165=LINE('',#10569,#6143);
#5166=LINE('',#10570,#6144);
#5167=LINE('',#10571,#6145);
#5168=LINE('',#10572,#6146);
#5169=LINE('',#10573,#6147);
#5170=LINE('',#10574,#6148);
#5171=LINE('',#10575,#6149);
#5172=LINE('',#10576,#6150);
#5173=LINE('',#10577,#6151);
#5174=LINE('',#10578,#6152);
#5175=LINE('',#10579,#6153);
#5176=LINE('',#10580,#6154);
#5177=LINE('',#10581,#6155);
#5178=LINE('',#10582,#6156);
#5179=LINE('',#10583,#6157);
#5180=LINE('',#10584,#6158);
#5181=LINE('',#10585,#6159);
#5182=LINE('',#10586,#6160);
#5183=LINE('',#10587,#6161);
#5184=LINE('',#10588,#6162);
#5185=LINE('',#10589,#6163);
#5186=LINE('',#10590,#6164);
#5187=LINE('',#10591,#6165);
#5188=LINE('',#10592,#6166);
#5189=LINE('',#10593,#6167);
#5190=LINE('',#10594,#6168);
#5191=LINE('',#10595,#6169);
#5192=LINE('',#10596,#6170);
#5193=LINE('',#10597,#6171);
#5194=LINE('',#10598,#6172);
#5195=LINE('',#10599,#6173);
#5196=LINE('',#10600,#6174);
#5197=LINE('',#10601,#6175);
#5198=LINE('',#10602,#6176);
#5199=LINE('',#10603,#6177);
#5200=LINE('',#10604,#6178);
#5201=LINE('',#10605,#6179);
#5202=LINE('',#10606,#6180);
#5203=LINE('',#10607,#6181);
#5204=LINE('',#10608,#6182);
#5205=LINE('',#10609,#6183);
#5206=LINE('',#10610,#6184);
#5207=LINE('',#10611,#6185);
#5208=LINE('',#10612,#6186);
#5209=LINE('',#10613,#6187);
#5210=LINE('',#10614,#6188);
#5211=LINE('',#10615,#6189);
#5212=LINE('',#10616,#6190);
#5213=LINE('',#10617,#6191);
#5214=LINE('',#10618,#6192);
#5215=LINE('',#10619,#6193);
#5216=LINE('',#10620,#6194);
#5217=LINE('',#10621,#6195);
#5218=LINE('',#10622,#6196);
#5219=LINE('',#10623,#6197);
#5220=LINE('',#10624,#6198);
#5221=LINE('',#10625,#6199);
#5222=LINE('',#10626,#6200);
#5223=LINE('',#10627,#6201);
#5224=LINE('',#10628,#6202);
#5225=LINE('',#10629,#6203);
#5226=LINE('',#10630,#6204);
#5227=LINE('',#10631,#6205);
#5228=LINE('',#10632,#6206);
#5229=LINE('',#10633,#6207);
#5230=LINE('',#10634,#6208);
#5231=LINE('',#10635,#6209);
#5232=LINE('',#10636,#6210);
#5233=LINE('',#10637,#6211);
#5234=LINE('',#10638,#6212);
#5235=LINE('',#10639,#6213);
#5236=LINE('',#10640,#6214);
#5237=LINE('',#10641,#6215);
#5238=LINE('',#10642,#6216);
#5239=LINE('',#10643,#6217);
#5240=LINE('',#10644,#6218);
#5241=LINE('',#10645,#6219);
#5242=LINE('',#10646,#6220);
#5243=LINE('',#10647,#6221);
#5244=LINE('',#10648,#6222);
#5245=LINE('',#10649,#6223);
#5246=LINE('',#10650,#6224);
#5247=LINE('',#10651,#6225);
#5248=LINE('',#10652,#6226);
#5249=LINE('',#10653,#6227);
#5250=LINE('',#10654,#6228);
#5251=LINE('',#10655,#6229);
#5252=LINE('',#10656,#6230);
#5253=LINE('',#10657,#6231);
#5254=LINE('',#10658,#6232);
#5255=LINE('',#10659,#6233);
#5256=LINE('',#10660,#6234);
#5257=LINE('',#10661,#6235);
#5258=LINE('',#10662,#6236);
#5259=LINE('',#10663,#6237);
#5260=LINE('',#10664,#6238);
#5261=LINE('',#10665,#6239);
#5262=LINE('',#10666,#6240);
#5263=LINE('',#10667,#6241);
#5264=LINE('',#10668,#6242);
#5265=LINE('',#10669,#6243);
#5266=LINE('',#10670,#6244);
#5267=LINE('',#10671,#6245);
#5268=LINE('',#10672,#6246);
#5269=LINE('',#10673,#6247);
#5270=LINE('',#10674,#6248);
#5271=LINE('',#10675,#6249);
#5272=LINE('',#10676,#6250);
#5273=LINE('',#10677,#6251);
#5274=LINE('',#10678,#6252);
#5275=LINE('',#10679,#6253);
#5276=LINE('',#10680,#6254);
#5277=LINE('',#10681,#6255);
#5278=LINE('',#10682,#6256);
#5279=LINE('',#10683,#6257);
#5280=LINE('',#10684,#6258);
#5281=LINE('',#10685,#6259);
#5282=LINE('',#10686,#6260);
#5283=LINE('',#10687,#6261);
#5284=LINE('',#10688,#6262);
#5285=LINE('',#10689,#6263);
#5286=LINE('',#10690,#6264);
#5287=LINE('',#10691,#6265);
#5288=LINE('',#10692,#6266);
#5289=LINE('',#10694,#6267);
#5290=LINE('',#10695,#6268);
#5291=LINE('',#10696,#6269);
#5292=LINE('',#10697,#6270);
#5293=LINE('',#10699,#6271);
#5294=LINE('',#10700,#6272);
#5295=LINE('',#10701,#6273);
#5296=LINE('',#10703,#6274);
#5297=LINE('',#10705,#6275);
#5298=LINE('',#10706,#6276);
#5299=LINE('',#10707,#6277);
#5300=LINE('',#10712,#6278);
#5301=LINE('',#10713,#6279);
#5302=LINE('',#10714,#6280);
#5303=LINE('',#10718,#6281);
#5304=LINE('',#10719,#6282);
#5305=LINE('',#10720,#6283);
#5306=LINE('',#10721,#6284);
#5307=LINE('',#10722,#6285);
#5308=LINE('',#10723,#6286);
#5309=LINE('',#10724,#6287);
#5310=LINE('',#10725,#6288);
#5311=LINE('',#10726,#6289);
#5312=LINE('',#10727,#6290);
#5313=LINE('',#10728,#6291);
#5314=LINE('',#10729,#6292);
#5315=LINE('',#10730,#6293);
#5316=LINE('',#10732,#6294);
#5317=LINE('',#10733,#6295);
#5318=LINE('',#10734,#6296);
#5319=LINE('',#10735,#6297);
#5320=LINE('',#10737,#6298);
#5321=LINE('',#10738,#6299);
#5322=LINE('',#10739,#6300);
#5323=LINE('',#10741,#6301);
#5324=LINE('',#10743,#6302);
#5325=LINE('',#10744,#6303);
#5326=LINE('',#10745,#6304);
#5327=LINE('',#10750,#6305);
#5328=LINE('',#10751,#6306);
#5329=LINE('',#10752,#6307);
#5330=LINE('',#10756,#6308);
#5331=LINE('',#10757,#6309);
#5332=LINE('',#10758,#6310);
#5333=LINE('',#10759,#6311);
#5334=LINE('',#10760,#6312);
#5335=LINE('',#10761,#6313);
#5336=LINE('',#10762,#6314);
#5337=LINE('',#10763,#6315);
#5338=LINE('',#10764,#6316);
#5339=LINE('',#10765,#6317);
#5340=LINE('',#10766,#6318);
#5341=LINE('',#10767,#6319);
#5342=LINE('',#10768,#6320);
#5343=LINE('',#10769,#6321);
#5344=LINE('',#10770,#6322);
#5345=LINE('',#10771,#6323);
#5346=LINE('',#10772,#6324);
#5347=LINE('',#10773,#6325);
#5348=LINE('',#10774,#6326);
#5349=LINE('',#10775,#6327);
#5350=LINE('',#10776,#6328);
#5351=LINE('',#10777,#6329);
#5352=LINE('',#10778,#6330);
#5353=LINE('',#10779,#6331);
#5354=LINE('',#10780,#6332);
#5355=LINE('',#10781,#6333);
#5356=LINE('',#10782,#6334);
#5357=LINE('',#10783,#6335);
#5358=LINE('',#10784,#6336);
#5359=LINE('',#10785,#6337);
#5360=LINE('',#10786,#6338);
#5361=LINE('',#10787,#6339);
#5362=LINE('',#10788,#6340);
#5363=LINE('',#10789,#6341);
#5364=LINE('',#10790,#6342);
#5365=LINE('',#10791,#6343);
#5366=LINE('',#10792,#6344);
#5367=LINE('',#10793,#6345);
#5368=LINE('',#10794,#6346);
#5369=LINE('',#10795,#6347);
#5370=LINE('',#10796,#6348);
#5371=LINE('',#10797,#6349);
#5372=LINE('',#10798,#6350);
#5373=LINE('',#10799,#6351);
#5374=LINE('',#10800,#6352);
#5375=LINE('',#10801,#6353);
#5376=LINE('',#10802,#6354);
#5377=LINE('',#10803,#6355);
#5378=LINE('',#10804,#6356);
#5379=LINE('',#10805,#6357);
#5380=LINE('',#10806,#6358);
#5381=LINE('',#10807,#6359);
#5382=LINE('',#10808,#6360);
#5383=LINE('',#10809,#6361);
#5384=LINE('',#10810,#6362);
#5385=LINE('',#10811,#6363);
#5386=LINE('',#10812,#6364);
#5387=LINE('',#10813,#6365);
#5388=LINE('',#10814,#6366);
#5389=LINE('',#10815,#6367);
#5390=LINE('',#10816,#6368);
#5391=LINE('',#10817,#6369);
#5392=LINE('',#10818,#6370);
#5393=LINE('',#10819,#6371);
#5394=LINE('',#10820,#6372);
#5395=LINE('',#10821,#6373);
#5396=LINE('',#10822,#6374);
#5397=LINE('',#10823,#6375);
#5398=LINE('',#10824,#6376);
#5399=LINE('',#10825,#6377);
#5400=LINE('',#10826,#6378);
#5401=LINE('',#10827,#6379);
#5402=LINE('',#10828,#6380);
#5403=LINE('',#10829,#6381);
#5404=LINE('',#10830,#6382);
#5405=LINE('',#10831,#6383);
#5406=LINE('',#10832,#6384);
#5407=LINE('',#10833,#6385);
#5408=LINE('',#10834,#6386);
#5409=LINE('',#10835,#6387);
#5410=LINE('',#10836,#6388);
#5411=LINE('',#10837,#6389);
#5412=LINE('',#10838,#6390);
#5413=LINE('',#10839,#6391);
#5414=LINE('',#10840,#6392);
#5415=LINE('',#10841,#6393);
#5416=LINE('',#10842,#6394);
#5417=LINE('',#10843,#6395);
#5418=LINE('',#10844,#6396);
#5419=LINE('',#10845,#6397);
#5420=LINE('',#10846,#6398);
#5421=LINE('',#10847,#6399);
#5422=LINE('',#10848,#6400);
#5423=LINE('',#10849,#6401);
#5424=LINE('',#10850,#6402);
#5425=LINE('',#10851,#6403);
#5426=LINE('',#10852,#6404);
#5427=LINE('',#10853,#6405);
#5428=LINE('',#10854,#6406);
#5429=LINE('',#10855,#6407);
#5430=LINE('',#10856,#6408);
#5431=LINE('',#10857,#6409);
#5432=LINE('',#10858,#6410);
#5433=LINE('',#10859,#6411);
#5434=LINE('',#10860,#6412);
#5435=LINE('',#10861,#6413);
#5436=LINE('',#10862,#6414);
#5437=LINE('',#10863,#6415);
#5438=LINE('',#10864,#6416);
#5439=LINE('',#10865,#6417);
#5440=LINE('',#10866,#6418);
#5441=LINE('',#10867,#6419);
#5442=LINE('',#10868,#6420);
#5443=LINE('',#10869,#6421);
#5444=LINE('',#10870,#6422);
#5445=LINE('',#10871,#6423);
#5446=LINE('',#10872,#6424);
#5447=LINE('',#10873,#6425);
#5448=LINE('',#10874,#6426);
#5449=LINE('',#10875,#6427);
#5450=LINE('',#10876,#6428);
#5451=LINE('',#10877,#6429);
#5452=LINE('',#10878,#6430);
#5453=LINE('',#10879,#6431);
#5454=LINE('',#10880,#6432);
#5455=LINE('',#10881,#6433);
#5456=LINE('',#10882,#6434);
#5457=LINE('',#10883,#6435);
#5458=LINE('',#10884,#6436);
#5459=LINE('',#10885,#6437);
#5460=LINE('',#10886,#6438);
#5461=LINE('',#10887,#6439);
#5462=LINE('',#10888,#6440);
#5463=LINE('',#10889,#6441);
#5464=LINE('',#10890,#6442);
#5465=LINE('',#10891,#6443);
#5466=LINE('',#10892,#6444);
#5467=LINE('',#10893,#6445);
#5468=LINE('',#10894,#6446);
#5469=LINE('',#10895,#6447);
#5470=LINE('',#10896,#6448);
#5471=LINE('',#10897,#6449);
#5472=LINE('',#10898,#6450);
#5473=LINE('',#10899,#6451);
#5474=LINE('',#10900,#6452);
#5475=LINE('',#10901,#6453);
#5476=LINE('',#10902,#6454);
#5477=LINE('',#10903,#6455);
#5478=LINE('',#10904,#6456);
#5479=LINE('',#10905,#6457);
#5480=LINE('',#10906,#6458);
#5481=LINE('',#10907,#6459);
#5482=LINE('',#10908,#6460);
#5483=LINE('',#10909,#6461);
#5484=LINE('',#10910,#6462);
#5485=LINE('',#10911,#6463);
#5486=LINE('',#10912,#6464);
#5487=LINE('',#10913,#6465);
#5488=LINE('',#10914,#6466);
#5489=LINE('',#10915,#6467);
#5490=LINE('',#10916,#6468);
#5491=LINE('',#10917,#6469);
#5492=LINE('',#10918,#6470);
#5493=LINE('',#10919,#6471);
#5494=LINE('',#10920,#6472);
#5495=LINE('',#10921,#6473);
#5496=LINE('',#10922,#6474);
#5497=LINE('',#10923,#6475);
#5498=LINE('',#10924,#6476);
#5499=LINE('',#10925,#6477);
#5500=LINE('',#10926,#6478);
#5501=LINE('',#10927,#6479);
#5502=LINE('',#10928,#6480);
#5503=LINE('',#10929,#6481);
#5504=LINE('',#10930,#6482);
#5505=LINE('',#10931,#6483);
#5506=LINE('',#10932,#6484);
#5507=LINE('',#10933,#6485);
#5508=LINE('',#10934,#6486);
#5509=LINE('',#10935,#6487);
#5510=LINE('',#10936,#6488);
#5511=LINE('',#10937,#6489);
#5512=LINE('',#10938,#6490);
#5513=LINE('',#10939,#6491);
#5514=LINE('',#10940,#6492);
#5515=LINE('',#10941,#6493);
#5516=LINE('',#10942,#6494);
#5517=LINE('',#10943,#6495);
#5518=LINE('',#10944,#6496);
#5519=LINE('',#10945,#6497);
#5520=LINE('',#10946,#6498);
#5521=LINE('',#10947,#6499);
#5522=LINE('',#10948,#6500);
#5523=LINE('',#10949,#6501);
#5524=LINE('',#10950,#6502);
#5525=LINE('',#10951,#6503);
#5526=LINE('',#10952,#6504);
#5527=LINE('',#10953,#6505);
#5528=LINE('',#10954,#6506);
#5529=LINE('',#10955,#6507);
#5530=LINE('',#10956,#6508);
#5531=LINE('',#10957,#6509);
#5532=LINE('',#10958,#6510);
#5533=LINE('',#10959,#6511);
#5534=LINE('',#10960,#6512);
#5535=LINE('',#10961,#6513);
#5536=LINE('',#10962,#6514);
#5537=LINE('',#10963,#6515);
#5538=LINE('',#10964,#6516);
#5539=LINE('',#10965,#6517);
#5540=LINE('',#10966,#6518);
#5541=LINE('',#10967,#6519);
#5542=LINE('',#10968,#6520);
#5543=LINE('',#10969,#6521);
#5544=LINE('',#10970,#6522);
#5545=LINE('',#10971,#6523);
#5546=LINE('',#10972,#6524);
#5547=LINE('',#10973,#6525);
#5548=LINE('',#10974,#6526);
#5549=LINE('',#10975,#6527);
#5550=LINE('',#10976,#6528);
#5551=LINE('',#10977,#6529);
#5552=LINE('',#10978,#6530);
#5553=LINE('',#10979,#6531);
#5554=LINE('',#10980,#6532);
#5555=LINE('',#10981,#6533);
#5556=LINE('',#10982,#6534);
#5557=LINE('',#10983,#6535);
#5558=LINE('',#10984,#6536);
#5559=LINE('',#10985,#6537);
#5560=LINE('',#10986,#6538);
#5561=LINE('',#10987,#6539);
#5562=LINE('',#10988,#6540);
#5563=LINE('',#10989,#6541);
#5564=LINE('',#10990,#6542);
#5565=LINE('',#10991,#6543);
#5566=LINE('',#10992,#6544);
#5567=LINE('',#10993,#6545);
#5568=LINE('',#10994,#6546);
#5569=LINE('',#10995,#6547);
#5570=LINE('',#10996,#6548);
#5571=LINE('',#10997,#6549);
#5572=LINE('',#10998,#6550);
#5573=LINE('',#10999,#6551);
#5574=LINE('',#11000,#6552);
#5575=LINE('',#11001,#6553);
#5576=LINE('',#11002,#6554);
#5577=LINE('',#11003,#6555);
#5578=LINE('',#11004,#6556);
#5579=LINE('',#11005,#6557);
#5580=LINE('',#11006,#6558);
#5581=LINE('',#11007,#6559);
#5582=LINE('',#11008,#6560);
#5583=LINE('',#11009,#6561);
#5584=LINE('',#11010,#6562);
#5585=LINE('',#11011,#6563);
#5586=LINE('',#11012,#6564);
#5587=LINE('',#11013,#6565);
#5588=LINE('',#11014,#6566);
#5589=LINE('',#11015,#6567);
#5590=LINE('',#11016,#6568);
#5591=LINE('',#11017,#6569);
#5592=LINE('',#11018,#6570);
#5593=LINE('',#11019,#6571);
#5594=LINE('',#11020,#6572);
#5595=LINE('',#11021,#6573);
#5596=LINE('',#11022,#6574);
#5597=LINE('',#11023,#6575);
#5598=LINE('',#11024,#6576);
#5599=LINE('',#11025,#6577);
#5600=LINE('',#11026,#6578);
#5601=LINE('',#11027,#6579);
#5602=LINE('',#11028,#6580);
#5603=LINE('',#11029,#6581);
#5604=LINE('',#11030,#6582);
#5605=LINE('',#11031,#6583);
#5606=LINE('',#11032,#6584);
#5607=LINE('',#11033,#6585);
#5608=LINE('',#11034,#6586);
#5609=LINE('',#11035,#6587);
#5610=LINE('',#11036,#6588);
#5611=LINE('',#11037,#6589);
#5612=LINE('',#11038,#6590);
#5613=LINE('',#11039,#6591);
#5614=LINE('',#11040,#6592);
#5615=LINE('',#11041,#6593);
#5616=LINE('',#11042,#6594);
#5617=LINE('',#11043,#6595);
#5618=LINE('',#11044,#6596);
#5619=LINE('',#11045,#6597);
#5620=LINE('',#11046,#6598);
#5621=LINE('',#11047,#6599);
#5622=LINE('',#11048,#6600);
#5623=LINE('',#11049,#6601);
#5624=LINE('',#11050,#6602);
#5625=LINE('',#11051,#6603);
#5626=LINE('',#11052,#6604);
#5627=LINE('',#11053,#6605);
#5628=LINE('',#11054,#6606);
#5629=LINE('',#11055,#6607);
#5630=LINE('',#11056,#6608);
#5631=LINE('',#11057,#6609);
#5632=LINE('',#11058,#6610);
#5633=LINE('',#11059,#6611);
#5634=LINE('',#11060,#6612);
#5635=LINE('',#11061,#6613);
#5636=LINE('',#11062,#6614);
#5637=LINE('',#11063,#6615);
#5638=LINE('',#11064,#6616);
#5639=LINE('',#11065,#6617);
#5640=LINE('',#11066,#6618);
#5641=LINE('',#11067,#6619);
#5642=LINE('',#11068,#6620);
#5643=LINE('',#11069,#6621);
#5644=LINE('',#11070,#6622);
#5645=LINE('',#11071,#6623);
#5646=LINE('',#11072,#6624);
#5647=LINE('',#11073,#6625);
#5648=LINE('',#11074,#6626);
#5649=LINE('',#11075,#6627);
#5650=LINE('',#11076,#6628);
#5651=LINE('',#11077,#6629);
#5652=LINE('',#11078,#6630);
#5653=LINE('',#11079,#6631);
#5654=LINE('',#11080,#6632);
#5655=LINE('',#11081,#6633);
#5656=LINE('',#11082,#6634);
#5657=LINE('',#11083,#6635);
#5658=LINE('',#11084,#6636);
#5659=LINE('',#11085,#6637);
#5660=LINE('',#11086,#6638);
#5661=LINE('',#11087,#6639);
#5662=LINE('',#11088,#6640);
#5663=LINE('',#11089,#6641);
#5664=LINE('',#11090,#6642);
#5665=LINE('',#11091,#6643);
#5666=LINE('',#11092,#6644);
#5667=LINE('',#11093,#6645);
#5668=LINE('',#11094,#6646);
#5669=LINE('',#11095,#6647);
#5670=LINE('',#11096,#6648);
#5671=LINE('',#11097,#6649);
#5672=LINE('',#11098,#6650);
#5673=LINE('',#11099,#6651);
#5674=LINE('',#11100,#6652);
#5675=LINE('',#11101,#6653);
#5676=LINE('',#11102,#6654);
#5677=LINE('',#11103,#6655);
#5678=LINE('',#11104,#6656);
#5679=LINE('',#11105,#6657);
#5680=LINE('',#11106,#6658);
#5681=LINE('',#11107,#6659);
#5682=LINE('',#11108,#6660);
#5683=LINE('',#11109,#6661);
#5684=LINE('',#11110,#6662);
#5685=LINE('',#11111,#6663);
#5686=LINE('',#11112,#6664);
#5687=LINE('',#11113,#6665);
#5688=LINE('',#11114,#6666);
#5689=LINE('',#11115,#6667);
#5690=LINE('',#11116,#6668);
#5691=LINE('',#11117,#6669);
#5692=LINE('',#11118,#6670);
#5693=LINE('',#11119,#6671);
#5694=LINE('',#11120,#6672);
#5695=LINE('',#11121,#6673);
#5696=LINE('',#11122,#6674);
#5697=LINE('',#11123,#6675);
#5698=LINE('',#11124,#6676);
#5699=LINE('',#11125,#6677);
#5700=LINE('',#11126,#6678);
#5701=LINE('',#11127,#6679);
#5702=LINE('',#11128,#6680);
#5703=LINE('',#11129,#6681);
#5704=LINE('',#11130,#6682);
#5705=LINE('',#11131,#6683);
#5706=LINE('',#11132,#6684);
#5707=LINE('',#11133,#6685);
#5708=LINE('',#11134,#6686);
#5709=LINE('',#11135,#6687);
#5710=LINE('',#11136,#6688);
#5711=LINE('',#11137,#6689);
#5712=LINE('',#11138,#6690);
#5713=LINE('',#11139,#6691);
#5714=LINE('',#11140,#6692);
#5715=LINE('',#11141,#6693);
#5716=LINE('',#11142,#6694);
#5717=LINE('',#11143,#6695);
#5718=LINE('',#11144,#6696);
#5719=LINE('',#11145,#6697);
#5720=LINE('',#11146,#6698);
#5721=LINE('',#11147,#6699);
#5722=LINE('',#11148,#6700);
#5723=LINE('',#11149,#6701);
#5724=LINE('',#11150,#6702);
#5725=LINE('',#11151,#6703);
#5726=LINE('',#11152,#6704);
#5727=LINE('',#11153,#6705);
#5728=LINE('',#11154,#6706);
#5729=LINE('',#11155,#6707);
#5730=LINE('',#11156,#6708);
#5731=LINE('',#11157,#6709);
#5732=LINE('',#11158,#6710);
#5733=LINE('',#11159,#6711);
#5734=LINE('',#11160,#6712);
#5735=LINE('',#11161,#6713);
#5736=LINE('',#11162,#6714);
#5737=LINE('',#11163,#6715);
#5738=LINE('',#11164,#6716);
#5739=LINE('',#11165,#6717);
#5740=LINE('',#11166,#6718);
#5741=LINE('',#11167,#6719);
#5742=LINE('',#11168,#6720);
#5743=LINE('',#11169,#6721);
#5744=LINE('',#11170,#6722);
#5745=LINE('',#11171,#6723);
#5746=LINE('',#11172,#6724);
#5747=LINE('',#11173,#6725);
#5748=LINE('',#11174,#6726);
#5749=LINE('',#11175,#6727);
#5750=LINE('',#11176,#6728);
#5751=LINE('',#11177,#6729);
#5752=LINE('',#11178,#6730);
#5753=LINE('',#11179,#6731);
#5754=LINE('',#11180,#6732);
#5755=LINE('',#11181,#6733);
#5756=LINE('',#11182,#6734);
#5757=LINE('',#11183,#6735);
#5758=LINE('',#11184,#6736);
#5759=LINE('',#11185,#6737);
#5760=LINE('',#11186,#6738);
#5761=LINE('',#11187,#6739);
#5762=LINE('',#11188,#6740);
#5763=LINE('',#11189,#6741);
#5764=LINE('',#11190,#6742);
#5765=LINE('',#11191,#6743);
#5766=LINE('',#11192,#6744);
#5767=LINE('',#11193,#6745);
#5768=LINE('',#11194,#6746);
#5769=LINE('',#11195,#6747);
#5770=LINE('',#11196,#6748);
#5771=LINE('',#11197,#6749);
#5772=LINE('',#11198,#6750);
#5773=LINE('',#11199,#6751);
#5774=LINE('',#11200,#6752);
#5775=LINE('',#11201,#6753);
#5776=LINE('',#11202,#6754);
#5777=LINE('',#11203,#6755);
#5778=LINE('',#11204,#6756);
#5779=LINE('',#11205,#6757);
#5780=LINE('',#11206,#6758);
#5781=LINE('',#11207,#6759);
#5782=LINE('',#11208,#6760);
#5783=LINE('',#11209,#6761);
#5784=LINE('',#11210,#6762);
#5785=LINE('',#11211,#6763);
#5786=LINE('',#11212,#6764);
#5787=LINE('',#11213,#6765);
#5788=LINE('',#11214,#6766);
#5789=LINE('',#11215,#6767);
#5790=LINE('',#11216,#6768);
#5791=LINE('',#11217,#6769);
#5792=LINE('',#11218,#6770);
#5793=LINE('',#11219,#6771);
#5794=LINE('',#11220,#6772);
#5795=LINE('',#11221,#6773);
#5796=LINE('',#11222,#6774);
#5797=LINE('',#11223,#6775);
#5798=LINE('',#11224,#6776);
#5799=LINE('',#11225,#6777);
#5800=LINE('',#11226,#6778);
#5801=LINE('',#11227,#6779);
#5802=LINE('',#11228,#6780);
#5803=LINE('',#11229,#6781);
#5804=LINE('',#11230,#6782);
#5805=LINE('',#11231,#6783);
#5806=LINE('',#11232,#6784);
#5807=LINE('',#11233,#6785);
#5808=LINE('',#11234,#6786);
#5809=LINE('',#11235,#6787);
#5810=LINE('',#11236,#6788);
#5811=LINE('',#11237,#6789);
#5812=LINE('',#11238,#6790);
#5813=LINE('',#11239,#6791);
#5814=LINE('',#11240,#6792);
#5815=LINE('',#11241,#6793);
#5816=LINE('',#11242,#6794);
#5817=LINE('',#11243,#6795);
#5818=LINE('',#11244,#6796);
#5819=LINE('',#11245,#6797);
#5820=LINE('',#11246,#6798);
#5821=LINE('',#11247,#6799);
#5822=LINE('',#11248,#6800);
#5823=LINE('',#11249,#6801);
#5824=LINE('',#11250,#6802);
#5825=LINE('',#11251,#6803);
#5826=LINE('',#11252,#6804);
#5827=LINE('',#11253,#6805);
#5828=LINE('',#11254,#6806);
#5829=LINE('',#11255,#6807);
#5830=LINE('',#11256,#6808);
#5831=LINE('',#11257,#6809);
#5832=LINE('',#11258,#6810);
#5833=LINE('',#11259,#6811);
#5834=LINE('',#11260,#6812);
#5835=LINE('',#11261,#6813);
#5836=LINE('',#11262,#6814);
#5837=LINE('',#11263,#6815);
#5838=LINE('',#11264,#6816);
#5839=LINE('',#11265,#6817);
#5840=LINE('',#11266,#6818);
#5841=LINE('',#11267,#6819);
#5842=LINE('',#11268,#6820);
#5843=LINE('',#11269,#6821);
#5844=LINE('',#11270,#6822);
#5845=LINE('',#11271,#6823);
#5846=LINE('',#11272,#6824);
#5847=LINE('',#11273,#6825);
#5848=LINE('',#11274,#6826);
#5849=LINE('',#11275,#6827);
#5850=LINE('',#11276,#6828);
#5851=LINE('',#11277,#6829);
#5852=LINE('',#11278,#6830);
#5853=LINE('',#11279,#6831);
#5854=LINE('',#11280,#6832);
#5855=LINE('',#11281,#6833);
#5856=LINE('',#11282,#6834);
#5857=LINE('',#11283,#6835);
#5858=LINE('',#11284,#6836);
#5859=LINE('',#11285,#6837);
#5860=LINE('',#11286,#6838);
#5861=LINE('',#11287,#6839);
#5862=LINE('',#11288,#6840);
#5863=LINE('',#11289,#6841);
#5864=LINE('',#11290,#6842);
#5865=LINE('',#11291,#6843);
#5866=LINE('',#11292,#6844);
#5867=LINE('',#11293,#6845);
#5868=LINE('',#11294,#6846);
#5869=LINE('',#11295,#6847);
#5870=LINE('',#11296,#6848);
#5871=LINE('',#11297,#6849);
#5872=LINE('',#11298,#6850);
#5873=LINE('',#11299,#6851);
#5874=LINE('',#11300,#6852);
#5875=LINE('',#11301,#6853);
#5876=LINE('',#11302,#6854);
#5877=LINE('',#11303,#6855);
#5878=LINE('',#11304,#6856);
#5879=LINE('',#11305,#6857);
#5880=LINE('',#11306,#6858);
#5881=LINE('',#11307,#6859);
#5882=LINE('',#11308,#6860);
#5883=LINE('',#11309,#6861);
#5884=LINE('',#11310,#6862);
#5885=LINE('',#11311,#6863);
#5886=LINE('',#11312,#6864);
#5887=LINE('',#11313,#6865);
#5888=LINE('',#11314,#6866);
#5889=LINE('',#11315,#6867);
#5890=LINE('',#11316,#6868);
#5891=LINE('',#11317,#6869);
#5892=LINE('',#11318,#6870);
#5893=LINE('',#11319,#6871);
#5894=LINE('',#11320,#6872);
#5895=LINE('',#11321,#6873);
#5896=LINE('',#11322,#6874);
#5897=LINE('',#11323,#6875);
#5898=LINE('',#11324,#6876);
#5899=LINE('',#11325,#6877);
#5900=LINE('',#11326,#6878);
#5901=LINE('',#11327,#6879);
#5902=LINE('',#11328,#6880);
#5903=LINE('',#11329,#6881);
#5904=LINE('',#11330,#6882);
#5905=LINE('',#11331,#6883);
#5906=LINE('',#11332,#6884);
#5907=LINE('',#11333,#6885);
#5908=LINE('',#11334,#6886);
#5909=LINE('',#11335,#6887);
#5910=LINE('',#11336,#6888);
#5911=LINE('',#11337,#6889);
#5912=LINE('',#11338,#6890);
#5913=LINE('',#11339,#6891);
#5914=LINE('',#11340,#6892);
#5915=LINE('',#11341,#6893);
#5916=LINE('',#11342,#6894);
#5917=LINE('',#11343,#6895);
#5918=LINE('',#11344,#6896);
#5919=LINE('',#11345,#6897);
#5920=LINE('',#11346,#6898);
#5921=LINE('',#11347,#6899);
#5922=LINE('',#11348,#6900);
#5923=LINE('',#11349,#6901);
#5924=LINE('',#11350,#6902);
#5925=LINE('',#11351,#6903);
#5926=LINE('',#11352,#6904);
#5927=LINE('',#11353,#6905);
#5928=LINE('',#11354,#6906);
#5929=LINE('',#11355,#6907);
#5930=LINE('',#11356,#6908);
#5931=LINE('',#11357,#6909);
#5932=LINE('',#11358,#6910);
#5933=LINE('',#11359,#6911);
#5934=LINE('',#11360,#6912);
#5935=LINE('',#11361,#6913);
#5936=LINE('',#11362,#6914);
#5937=LINE('',#11363,#6915);
#5938=LINE('',#11364,#6916);
#5939=LINE('',#11365,#6917);
#5940=LINE('',#11366,#6918);
#5941=LINE('',#11367,#6919);
#5942=LINE('',#11368,#6920);
#5943=LINE('',#11369,#6921);
#5944=LINE('',#11370,#6922);
#5945=LINE('',#11371,#6923);
#5946=LINE('',#11372,#6924);
#5947=LINE('',#11373,#6925);
#5948=LINE('',#11374,#6926);
#5949=LINE('',#11375,#6927);
#5950=LINE('',#11376,#6928);
#5951=LINE('',#11377,#6929);
#5952=LINE('',#11378,#6930);
#5953=LINE('',#11379,#6931);
#5954=LINE('',#11380,#6932);
#5955=LINE('',#11381,#6933);
#5956=LINE('',#11382,#6934);
#5957=LINE('',#11383,#6935);
#5958=LINE('',#11384,#6936);
#5959=LINE('',#11385,#6937);
#5960=LINE('',#11386,#6938);
#5961=LINE('',#11387,#6939);
#5962=LINE('',#11388,#6940);
#5963=LINE('',#11389,#6941);
#5964=LINE('',#11390,#6942);
#5965=LINE('',#11391,#6943);
#5966=LINE('',#11392,#6944);
#5967=LINE('',#11393,#6945);
#5968=LINE('',#11394,#6946);
#5969=LINE('',#11395,#6947);
#5970=LINE('',#11396,#6948);
#5971=LINE('',#11397,#6949);
#5972=LINE('',#11398,#6950);
#5973=LINE('',#11399,#6951);
#5974=LINE('',#11400,#6952);
#5975=LINE('',#11401,#6953);
#5976=LINE('',#11402,#6954);
#5977=LINE('',#11403,#6955);
#5978=LINE('',#11404,#6956);
#5979=LINE('',#11405,#6957);
#5980=LINE('',#11406,#6958);
#5981=LINE('',#11407,#6959);
#5982=LINE('',#11408,#6960);
#5983=LINE('',#11409,#6961);
#5984=LINE('',#11410,#6962);
#5985=LINE('',#11411,#6963);
#5986=LINE('',#11412,#6964);
#5987=LINE('',#11413,#6965);
#5988=LINE('',#11414,#6966);
#5989=LINE('',#11415,#6967);
#5990=LINE('',#11416,#6968);
#5991=LINE('',#11417,#6969);
#5992=LINE('',#11418,#6970);
#5993=LINE('',#11419,#6971);
#5994=LINE('',#11420,#6972);
#5995=LINE('',#11421,#6973);
#5996=LINE('',#11422,#6974);
#5997=LINE('',#11423,#6975);
#5998=LINE('',#11424,#6976);
#5999=LINE('',#11425,#6977);
#6000=LINE('',#11426,#6978);
#6001=VECTOR('',#8008,1.);
#6002=VECTOR('',#8009,1.);
#6003=VECTOR('',#8010,1.);
#6004=VECTOR('',#8011,1.);
#6005=VECTOR('',#8012,1.);
#6006=VECTOR('',#8013,1.);
#6007=VECTOR('',#8014,1.);
#6008=VECTOR('',#8015,1.);
#6009=VECTOR('',#8016,1.);
#6010=VECTOR('',#8017,1.);
#6011=VECTOR('',#8018,1.);
#6012=VECTOR('',#8019,1.);
#6013=VECTOR('',#8020,1.);
#6014=VECTOR('',#8021,1.);
#6015=VECTOR('',#8022,1.);
#6016=VECTOR('',#8023,1.);
#6017=VECTOR('',#8024,1.);
#6018=VECTOR('',#8025,1.);
#6019=VECTOR('',#8026,1.);
#6020=VECTOR('',#8027,1.);
#6021=VECTOR('',#8028,1.);
#6022=VECTOR('',#8029,1.);
#6023=VECTOR('',#8030,1.);
#6024=VECTOR('',#8031,1.);
#6025=VECTOR('',#8032,1.);
#6026=VECTOR('',#8033,1.);
#6027=VECTOR('',#8034,1.);
#6028=VECTOR('',#8035,1.);
#6029=VECTOR('',#8036,1.);
#6030=VECTOR('',#8037,1.);
#6031=VECTOR('',#8038,1.);
#6032=VECTOR('',#8039,1.);
#6033=VECTOR('',#8040,1.);
#6034=VECTOR('',#8041,1.);
#6035=VECTOR('',#8042,1.);
#6036=VECTOR('',#8043,1.);
#6037=VECTOR('',#8044,1.);
#6038=VECTOR('',#8045,1.);
#6039=VECTOR('',#8046,1.);
#6040=VECTOR('',#8047,1.);
#6041=VECTOR('',#8048,1.);
#6042=VECTOR('',#8049,1.);
#6043=VECTOR('',#8050,1.);
#6044=VECTOR('',#8051,1.);
#6045=VECTOR('',#8052,1.);
#6046=VECTOR('',#8053,1.);
#6047=VECTOR('',#8054,1.);
#6048=VECTOR('',#8055,1.);
#6049=VECTOR('',#8056,1.);
#6050=VECTOR('',#8057,1.);
#6051=VECTOR('',#8058,1.);
#6052=VECTOR('',#8059,1.);
#6053=VECTOR('',#8060,1.);
#6054=VECTOR('',#8061,1.);
#6055=VECTOR('',#8062,1.);
#6056=VECTOR('',#8063,1.);
#6057=VECTOR('',#8064,1.);
#6058=VECTOR('',#8065,1.);
#6059=VECTOR('',#8066,1.);
#6060=VECTOR('',#8067,1.);
#6061=VECTOR('',#8068,1.);
#6062=VECTOR('',#8069,1.);
#6063=VECTOR('',#8070,1.);
#6064=VECTOR('',#8071,1.);
#6065=VECTOR('',#8072,1.);
#6066=VECTOR('',#8073,1.);
#6067=VECTOR('',#8074,1.);
#6068=VECTOR('',#8075,1.);
#6069=VECTOR('',#8076,1.);
#6070=VECTOR('',#8077,1.);
#6071=VECTOR('',#8078,1.);
#6072=VECTOR('',#8079,1.);
#6073=VECTOR('',#8080,1.);
#6074=VECTOR('',#8081,1.);
#6075=VECTOR('',#8082,1.);
#6076=VECTOR('',#8083,1.);
#6077=VECTOR('',#8084,1.);
#6078=VECTOR('',#8085,1.);
#6079=VECTOR('',#8086,1.);
#6080=VECTOR('',#8087,1.);
#6081=VECTOR('',#8088,1.);
#6082=VECTOR('',#8089,1.);
#6083=VECTOR('',#8090,1.);
#6084=VECTOR('',#8091,1.);
#6085=VECTOR('',#8092,1.);
#6086=VECTOR('',#8093,1.);
#6087=VECTOR('',#8094,1.);
#6088=VECTOR('',#8095,1.);
#6089=VECTOR('',#8096,1.);
#6090=VECTOR('',#8097,1.);
#6091=VECTOR('',#8098,1.);
#6092=VECTOR('',#8099,1.);
#6093=VECTOR('',#8100,1.);
#6094=VECTOR('',#8101,1.);
#6095=VECTOR('',#8102,1.);
#6096=VECTOR('',#8103,1.);
#6097=VECTOR('',#8104,1.);
#6098=VECTOR('',#8105,1.);
#6099=VECTOR('',#8106,1.);
#6100=VECTOR('',#8107,1.);
#6101=VECTOR('',#8108,1.);
#6102=VECTOR('',#8109,1.);
#6103=VECTOR('',#8110,1.);
#6104=VECTOR('',#8111,1.);
#6105=VECTOR('',#8112,1.);
#6106=VECTOR('',#8113,1.);
#6107=VECTOR('',#8114,1.);
#6108=VECTOR('',#8115,1.);
#6109=VECTOR('',#8116,1.);
#6110=VECTOR('',#8117,1.);
#6111=VECTOR('',#8118,1.);
#6112=VECTOR('',#8119,1.);
#6113=VECTOR('',#8120,1.);
#6114=VECTOR('',#8121,1.);
#6115=VECTOR('',#8122,1.);
#6116=VECTOR('',#8123,1.);
#6117=VECTOR('',#8124,1.);
#6118=VECTOR('',#8125,1.);
#6119=VECTOR('',#8126,1.);
#6120=VECTOR('',#8127,1.);
#6121=VECTOR('',#8128,1.);
#6122=VECTOR('',#8129,1.);
#6123=VECTOR('',#8130,1.);
#6124=VECTOR('',#8131,1.);
#6125=VECTOR('',#8132,1.);
#6126=VECTOR('',#8133,1.);
#6127=VECTOR('',#8134,1.);
#6128=VECTOR('',#8135,1.);
#6129=VECTOR('',#8136,1.);
#6130=VECTOR('',#8137,1.);
#6131=VECTOR('',#8138,1.);
#6132=VECTOR('',#8139,1.);
#6133=VECTOR('',#8140,1.);
#6134=VECTOR('',#8141,1.);
#6135=VECTOR('',#8142,1.);
#6136=VECTOR('',#8143,1.);
#6137=VECTOR('',#8144,1.);
#6138=VECTOR('',#8145,1.);
#6139=VECTOR('',#8146,1.);
#6140=VECTOR('',#8147,1.);
#6141=VECTOR('',#8148,1.);
#6142=VECTOR('',#8149,1.);
#6143=VECTOR('',#8150,1.);
#6144=VECTOR('',#8151,1.);
#6145=VECTOR('',#8152,1.);
#6146=VECTOR('',#8153,1.);
#6147=VECTOR('',#8154,1.);
#6148=VECTOR('',#8155,1.);
#6149=VECTOR('',#8156,1.);
#6150=VECTOR('',#8157,1.);
#6151=VECTOR('',#8158,1.);
#6152=VECTOR('',#8159,1.);
#6153=VECTOR('',#8160,1.);
#6154=VECTOR('',#8161,1.);
#6155=VECTOR('',#8162,1.);
#6156=VECTOR('',#8163,1.);
#6157=VECTOR('',#8164,1.);
#6158=VECTOR('',#8165,1.);
#6159=VECTOR('',#8166,1.);
#6160=VECTOR('',#8167,1.);
#6161=VECTOR('',#8168,1.);
#6162=VECTOR('',#8169,1.);
#6163=VECTOR('',#8170,1.);
#6164=VECTOR('',#8171,1.);
#6165=VECTOR('',#8172,1.);
#6166=VECTOR('',#8173,1.);
#6167=VECTOR('',#8174,1.);
#6168=VECTOR('',#8175,1.);
#6169=VECTOR('',#8176,1.);
#6170=VECTOR('',#8177,1.);
#6171=VECTOR('',#8178,1.);
#6172=VECTOR('',#8179,1.);
#6173=VECTOR('',#8180,1.);
#6174=VECTOR('',#8181,1.);
#6175=VECTOR('',#8182,1.);
#6176=VECTOR('',#8183,1.);
#6177=VECTOR('',#8184,1.);
#6178=VECTOR('',#8185,1.);
#6179=VECTOR('',#8186,1.);
#6180=VECTOR('',#8187,1.);
#6181=VECTOR('',#8188,1.);
#6182=VECTOR('',#8189,1.);
#6183=VECTOR('',#8190,1.);
#6184=VECTOR('',#8191,1.);
#6185=VECTOR('',#8192,1.);
#6186=VECTOR('',#8193,1.);
#6187=VECTOR('',#8194,1.);
#6188=VECTOR('',#8195,1.);
#6189=VECTOR('',#8196,1.);
#6190=VECTOR('',#8197,1.);
#6191=VECTOR('',#8198,1.);
#6192=VECTOR('',#8199,1.);
#6193=VECTOR('',#8200,1.);
#6194=VECTOR('',#8201,1.);
#6195=VECTOR('',#8202,1.);
#6196=VECTOR('',#8203,1.);
#6197=VECTOR('',#8204,1.);
#6198=VECTOR('',#8205,1.);
#6199=VECTOR('',#8206,1.);
#6200=VECTOR('',#8207,1.);
#6201=VECTOR('',#8208,1.);
#6202=VECTOR('',#8209,1.);
#6203=VECTOR('',#8210,1.);
#6204=VECTOR('',#8211,1.);
#6205=VECTOR('',#8212,1.);
#6206=VECTOR('',#8213,1.);
#6207=VECTOR('',#8214,1.);
#6208=VECTOR('',#8215,1.);
#6209=VECTOR('',#8216,1.);
#6210=VECTOR('',#8217,1.);
#6211=VECTOR('',#8218,1.);
#6212=VECTOR('',#8219,1.);
#6213=VECTOR('',#8220,1.);
#6214=VECTOR('',#8221,1.);
#6215=VECTOR('',#8222,1.);
#6216=VECTOR('',#8223,1.);
#6217=VECTOR('',#8224,1.);
#6218=VECTOR('',#8225,1.);
#6219=VECTOR('',#8226,1.);
#6220=VECTOR('',#8227,1.);
#6221=VECTOR('',#8228,1.);
#6222=VECTOR('',#8229,1.);
#6223=VECTOR('',#8230,1.);
#6224=VECTOR('',#8231,1.);
#6225=VECTOR('',#8232,1.);
#6226=VECTOR('',#8233,1.);
#6227=VECTOR('',#8234,1.);
#6228=VECTOR('',#8235,1.);
#6229=VECTOR('',#8236,1.);
#6230=VECTOR('',#8237,1.);
#6231=VECTOR('',#8238,1.);
#6232=VECTOR('',#8239,1.);
#6233=VECTOR('',#8240,1.);
#6234=VECTOR('',#8241,1.);
#6235=VECTOR('',#8242,1.);
#6236=VECTOR('',#8243,1.);
#6237=VECTOR('',#8244,1.);
#6238=VECTOR('',#8245,1.);
#6239=VECTOR('',#8246,1.);
#6240=VECTOR('',#8247,1.);
#6241=VECTOR('',#8248,1.);
#6242=VECTOR('',#8249,1.);
#6243=VECTOR('',#8250,1.);
#6244=VECTOR('',#8251,1.);
#6245=VECTOR('',#8252,1.);
#6246=VECTOR('',#8253,1.);
#6247=VECTOR('',#8254,1.);
#6248=VECTOR('',#8255,1.);
#6249=VECTOR('',#8256,1.);
#6250=VECTOR('',#8257,1.);
#6251=VECTOR('',#8258,1.);
#6252=VECTOR('',#8259,1.);
#6253=VECTOR('',#8260,1.);
#6254=VECTOR('',#8261,1.);
#6255=VECTOR('',#8262,1.);
#6256=VECTOR('',#8263,1.);
#6257=VECTOR('',#8264,1.);
#6258=VECTOR('',#8265,1.);
#6259=VECTOR('',#8266,1.);
#6260=VECTOR('',#8267,1.);
#6261=VECTOR('',#8268,1.);
#6262=VECTOR('',#8269,1.);
#6263=VECTOR('',#8270,1.);
#6264=VECTOR('',#8271,1.);
#6265=VECTOR('',#8272,1.);
#6266=VECTOR('',#8273,1.);
#6267=VECTOR('',#8276,1.);
#6268=VECTOR('',#8277,1.);
#6269=VECTOR('',#8278,1.);
#6270=VECTOR('',#8279,1.);
#6271=VECTOR('',#8282,1.);
#6272=VECTOR('',#8283,1.);
#6273=VECTOR('',#8284,1.);
#6274=VECTOR('',#8287,1.);
#6275=VECTOR('',#8290,1.);
#6276=VECTOR('',#8291,1.);
#6277=VECTOR('',#8292,1.);
#6278=VECTOR('',#8301,1.);
#6279=VECTOR('',#8302,1.);
#6280=VECTOR('',#8303,1.);
#6281=VECTOR('',#8310,1.);
#6282=VECTOR('',#8311,1.);
#6283=VECTOR('',#8312,1.);
#6284=VECTOR('',#8313,1.);
#6285=VECTOR('',#8314,1.);
#6286=VECTOR('',#8315,1.);
#6287=VECTOR('',#8316,1.);
#6288=VECTOR('',#8317,1.);
#6289=VECTOR('',#8318,1.);
#6290=VECTOR('',#8319,1.);
#6291=VECTOR('',#8320,1.);
#6292=VECTOR('',#8321,1.);
#6293=VECTOR('',#8322,1.);
#6294=VECTOR('',#8325,1.);
#6295=VECTOR('',#8326,1.);
#6296=VECTOR('',#8327,1.);
#6297=VECTOR('',#8328,1.);
#6298=VECTOR('',#8331,1.);
#6299=VECTOR('',#8332,1.);
#6300=VECTOR('',#8333,1.);
#6301=VECTOR('',#8336,1.);
#6302=VECTOR('',#8339,1.);
#6303=VECTOR('',#8340,1.);
#6304=VECTOR('',#8341,1.);
#6305=VECTOR('',#8350,1.);
#6306=VECTOR('',#8351,1.);
#6307=VECTOR('',#8352,1.);
#6308=VECTOR('',#8359,1.);
#6309=VECTOR('',#8360,1.);
#6310=VECTOR('',#8361,1.);
#6311=VECTOR('',#8362,1.);
#6312=VECTOR('',#8363,1.);
#6313=VECTOR('',#8364,1.);
#6314=VECTOR('',#8365,1.);
#6315=VECTOR('',#8366,1.);
#6316=VECTOR('',#8367,1.);
#6317=VECTOR('',#8368,1.);
#6318=VECTOR('',#8369,1.);
#6319=VECTOR('',#8370,1.);
#6320=VECTOR('',#8371,1.);
#6321=VECTOR('',#8372,1.);
#6322=VECTOR('',#8373,1.);
#6323=VECTOR('',#8374,1.);
#6324=VECTOR('',#8375,1.);
#6325=VECTOR('',#8376,1.);
#6326=VECTOR('',#8377,1.);
#6327=VECTOR('',#8378,1.);
#6328=VECTOR('',#8379,1.);
#6329=VECTOR('',#8380,1.);
#6330=VECTOR('',#8381,1.);
#6331=VECTOR('',#8382,1.);
#6332=VECTOR('',#8383,1.);
#6333=VECTOR('',#8384,1.);
#6334=VECTOR('',#8385,1.);
#6335=VECTOR('',#8386,1.);
#6336=VECTOR('',#8387,1.);
#6337=VECTOR('',#8388,1.);
#6338=VECTOR('',#8389,1.);
#6339=VECTOR('',#8390,1.);
#6340=VECTOR('',#8391,1.);
#6341=VECTOR('',#8392,1.);
#6342=VECTOR('',#8393,1.);
#6343=VECTOR('',#8394,1.);
#6344=VECTOR('',#8395,1.);
#6345=VECTOR('',#8396,1.);
#6346=VECTOR('',#8397,1.);
#6347=VECTOR('',#8398,1.);
#6348=VECTOR('',#8399,1.);
#6349=VECTOR('',#8400,1.);
#6350=VECTOR('',#8401,1.);
#6351=VECTOR('',#8402,1.);
#6352=VECTOR('',#8403,1.);
#6353=VECTOR('',#8404,1.);
#6354=VECTOR('',#8405,1.);
#6355=VECTOR('',#8406,1.);
#6356=VECTOR('',#8407,1.);
#6357=VECTOR('',#8408,1.);
#6358=VECTOR('',#8409,1.);
#6359=VECTOR('',#8410,1.);
#6360=VECTOR('',#8411,1.);
#6361=VECTOR('',#8412,1.);
#6362=VECTOR('',#8413,1.);
#6363=VECTOR('',#8414,1.);
#6364=VECTOR('',#8415,1.);
#6365=VECTOR('',#8416,1.);
#6366=VECTOR('',#8417,1.);
#6367=VECTOR('',#8418,1.);
#6368=VECTOR('',#8419,1.);
#6369=VECTOR('',#8420,1.);
#6370=VECTOR('',#8421,1.);
#6371=VECTOR('',#8422,1.);
#6372=VECTOR('',#8423,1.);
#6373=VECTOR('',#8424,1.);
#6374=VECTOR('',#8425,1.);
#6375=VECTOR('',#8426,1.);
#6376=VECTOR('',#8427,1.);
#6377=VECTOR('',#8428,1.);
#6378=VECTOR('',#8429,1.);
#6379=VECTOR('',#8430,1.);
#6380=VECTOR('',#8431,1.);
#6381=VECTOR('',#8432,1.);
#6382=VECTOR('',#8433,1.);
#6383=VECTOR('',#8434,1.);
#6384=VECTOR('',#8435,1.);
#6385=VECTOR('',#8436,1.);
#6386=VECTOR('',#8437,1.);
#6387=VECTOR('',#8438,1.);
#6388=VECTOR('',#8439,1.);
#6389=VECTOR('',#8440,1.);
#6390=VECTOR('',#8441,1.);
#6391=VECTOR('',#8442,1.);
#6392=VECTOR('',#8443,1.);
#6393=VECTOR('',#8444,1.);
#6394=VECTOR('',#8445,1.);
#6395=VECTOR('',#8446,1.);
#6396=VECTOR('',#8447,1.);
#6397=VECTOR('',#8448,1.);
#6398=VECTOR('',#8449,1.);
#6399=VECTOR('',#8450,1.);
#6400=VECTOR('',#8451,1.);
#6401=VECTOR('',#8452,1.);
#6402=VECTOR('',#8453,1.);
#6403=VECTOR('',#8454,1.);
#6404=VECTOR('',#8455,1.);
#6405=VECTOR('',#8456,1.);
#6406=VECTOR('',#8457,1.);
#6407=VECTOR('',#8458,1.);
#6408=VECTOR('',#8459,1.);
#6409=VECTOR('',#8460,1.);
#6410=VECTOR('',#8461,1.);
#6411=VECTOR('',#8462,1.);
#6412=VECTOR('',#8463,1.);
#6413=VECTOR('',#8464,1.);
#6414=VECTOR('',#8465,1.);
#6415=VECTOR('',#8466,1.);
#6416=VECTOR('',#8467,1.);
#6417=VECTOR('',#8468,1.);
#6418=VECTOR('',#8469,1.);
#6419=VECTOR('',#8470,1.);
#6420=VECTOR('',#8471,1.);
#6421=VECTOR('',#8472,1.);
#6422=VECTOR('',#8473,1.);
#6423=VECTOR('',#8474,1.);
#6424=VECTOR('',#8475,1.);
#6425=VECTOR('',#8476,1.);
#6426=VECTOR('',#8477,1.);
#6427=VECTOR('',#8478,1.);
#6428=VECTOR('',#8479,1.);
#6429=VECTOR('',#8480,1.);
#6430=VECTOR('',#8481,1.);
#6431=VECTOR('',#8482,1.);
#6432=VECTOR('',#8483,1.);
#6433=VECTOR('',#8484,1.);
#6434=VECTOR('',#8485,1.);
#6435=VECTOR('',#8486,1.);
#6436=VECTOR('',#8487,1.);
#6437=VECTOR('',#8488,1.);
#6438=VECTOR('',#8489,1.);
#6439=VECTOR('',#8490,1.);
#6440=VECTOR('',#8491,1.);
#6441=VECTOR('',#8492,1.);
#6442=VECTOR('',#8493,1.);
#6443=VECTOR('',#8494,1.);
#6444=VECTOR('',#8495,1.);
#6445=VECTOR('',#8496,1.);
#6446=VECTOR('',#8497,1.);
#6447=VECTOR('',#8498,1.);
#6448=VECTOR('',#8499,1.);
#6449=VECTOR('',#8500,1.);
#6450=VECTOR('',#8501,1.);
#6451=VECTOR('',#8502,1.);
#6452=VECTOR('',#8503,1.);
#6453=VECTOR('',#8504,1.);
#6454=VECTOR('',#8505,1.);
#6455=VECTOR('',#8506,1.);
#6456=VECTOR('',#8507,1.);
#6457=VECTOR('',#8508,1.);
#6458=VECTOR('',#8509,1.);
#6459=VECTOR('',#8510,1.);
#6460=VECTOR('',#8511,1.);
#6461=VECTOR('',#8512,1.);
#6462=VECTOR('',#8513,1.);
#6463=VECTOR('',#8514,1.);
#6464=VECTOR('',#8515,1.);
#6465=VECTOR('',#8516,1.);
#6466=VECTOR('',#8517,1.);
#6467=VECTOR('',#8518,1.);
#6468=VECTOR('',#8519,1.);
#6469=VECTOR('',#8520,1.);
#6470=VECTOR('',#8521,1.);
#6471=VECTOR('',#8522,1.);
#6472=VECTOR('',#8523,1.);
#6473=VECTOR('',#8524,1.);
#6474=VECTOR('',#8525,1.);
#6475=VECTOR('',#8526,1.);
#6476=VECTOR('',#8527,1.);
#6477=VECTOR('',#8528,1.);
#6478=VECTOR('',#8529,1.);
#6479=VECTOR('',#8530,1.);
#6480=VECTOR('',#8531,1.);
#6481=VECTOR('',#8532,1.);
#6482=VECTOR('',#8533,1.);
#6483=VECTOR('',#8534,1.);
#6484=VECTOR('',#8535,1.);
#6485=VECTOR('',#8536,1.);
#6486=VECTOR('',#8537,1.);
#6487=VECTOR('',#8538,1.);
#6488=VECTOR('',#8539,1.);
#6489=VECTOR('',#8540,1.);
#6490=VECTOR('',#8541,1.);
#6491=VECTOR('',#8542,1.);
#6492=VECTOR('',#8543,1.);
#6493=VECTOR('',#8544,1.);
#6494=VECTOR('',#8545,1.);
#6495=VECTOR('',#8546,1.);
#6496=VECTOR('',#8547,1.);
#6497=VECTOR('',#8548,1.);
#6498=VECTOR('',#8549,1.);
#6499=VECTOR('',#8550,1.);
#6500=VECTOR('',#8551,1.);
#6501=VECTOR('',#8552,1.);
#6502=VECTOR('',#8553,1.);
#6503=VECTOR('',#8554,1.);
#6504=VECTOR('',#8555,1.);
#6505=VECTOR('',#8556,1.);
#6506=VECTOR('',#8557,1.);
#6507=VECTOR('',#8558,1.);
#6508=VECTOR('',#8559,1.);
#6509=VECTOR('',#8560,1.);
#6510=VECTOR('',#8561,1.);
#6511=VECTOR('',#8562,1.);
#6512=VECTOR('',#8563,1.);
#6513=VECTOR('',#8564,1.);
#6514=VECTOR('',#8565,1.);
#6515=VECTOR('',#8566,1.);
#6516=VECTOR('',#8567,1.);
#6517=VECTOR('',#8568,1.);
#6518=VECTOR('',#8569,1.);
#6519=VECTOR('',#8570,1.);
#6520=VECTOR('',#8571,1.);
#6521=VECTOR('',#8572,1.);
#6522=VECTOR('',#8573,1.);
#6523=VECTOR('',#8574,1.);
#6524=VECTOR('',#8575,1.);
#6525=VECTOR('',#8576,1.);
#6526=VECTOR('',#8577,1.);
#6527=VECTOR('',#8578,1.);
#6528=VECTOR('',#8579,1.);
#6529=VECTOR('',#8580,1.);
#6530=VECTOR('',#8581,1.);
#6531=VECTOR('',#8582,1.);
#6532=VECTOR('',#8583,1.);
#6533=VECTOR('',#8584,1.);
#6534=VECTOR('',#8585,1.);
#6535=VECTOR('',#8586,1.);
#6536=VECTOR('',#8587,1.);
#6537=VECTOR('',#8588,1.);
#6538=VECTOR('',#8589,1.);
#6539=VECTOR('',#8590,1.);
#6540=VECTOR('',#8591,1.);
#6541=VECTOR('',#8592,1.);
#6542=VECTOR('',#8593,1.);
#6543=VECTOR('',#8594,1.);
#6544=VECTOR('',#8595,1.);
#6545=VECTOR('',#8596,1.);
#6546=VECTOR('',#8597,1.);
#6547=VECTOR('',#8598,1.);
#6548=VECTOR('',#8599,1.);
#6549=VECTOR('',#8600,1.);
#6550=VECTOR('',#8601,1.);
#6551=VECTOR('',#8602,1.);
#6552=VECTOR('',#8603,1.);
#6553=VECTOR('',#8604,1.);
#6554=VECTOR('',#8605,1.);
#6555=VECTOR('',#8606,1.);
#6556=VECTOR('',#8607,1.);
#6557=VECTOR('',#8608,1.);
#6558=VECTOR('',#8609,1.);
#6559=VECTOR('',#8610,1.);
#6560=VECTOR('',#8611,1.);
#6561=VECTOR('',#8612,1.);
#6562=VECTOR('',#8613,1.);
#6563=VECTOR('',#8614,1.);
#6564=VECTOR('',#8615,1.);
#6565=VECTOR('',#8616,1.);
#6566=VECTOR('',#8617,1.);
#6567=VECTOR('',#8618,1.);
#6568=VECTOR('',#8619,1.);
#6569=VECTOR('',#8620,1.);
#6570=VECTOR('',#8621,1.);
#6571=VECTOR('',#8622,1.);
#6572=VECTOR('',#8623,1.);
#6573=VECTOR('',#8624,1.);
#6574=VECTOR('',#8625,1.);
#6575=VECTOR('',#8626,1.);
#6576=VECTOR('',#8627,1.);
#6577=VECTOR('',#8628,1.);
#6578=VECTOR('',#8629,1.);
#6579=VECTOR('',#8630,1.);
#6580=VECTOR('',#8631,1.);
#6581=VECTOR('',#8632,1.);
#6582=VECTOR('',#8633,1.);
#6583=VECTOR('',#8634,1.);
#6584=VECTOR('',#8635,1.);
#6585=VECTOR('',#8636,1.);
#6586=VECTOR('',#8637,1.);
#6587=VECTOR('',#8638,1.);
#6588=VECTOR('',#8639,1.);
#6589=VECTOR('',#8640,1.);
#6590=VECTOR('',#8641,1.);
#6591=VECTOR('',#8642,1.);
#6592=VECTOR('',#8643,1.);
#6593=VECTOR('',#8644,1.);
#6594=VECTOR('',#8645,1.);
#6595=VECTOR('',#8646,1.);
#6596=VECTOR('',#8647,1.);
#6597=VECTOR('',#8648,1.);
#6598=VECTOR('',#8649,1.);
#6599=VECTOR('',#8650,1.);
#6600=VECTOR('',#8651,1.);
#6601=VECTOR('',#8652,1.);
#6602=VECTOR('',#8653,1.);
#6603=VECTOR('',#8654,1.);
#6604=VECTOR('',#8655,1.);
#6605=VECTOR('',#8656,1.);
#6606=VECTOR('',#8657,1.);
#6607=VECTOR('',#8658,1.);
#6608=VECTOR('',#8659,1.);
#6609=VECTOR('',#8660,1.);
#6610=VECTOR('',#8661,1.);
#6611=VECTOR('',#8662,1.);
#6612=VECTOR('',#8663,1.);
#6613=VECTOR('',#8664,1.);
#6614=VECTOR('',#8665,1.);
#6615=VECTOR('',#8666,1.);
#6616=VECTOR('',#8667,1.);
#6617=VECTOR('',#8668,1.);
#6618=VECTOR('',#8669,1.);
#6619=VECTOR('',#8670,1.);
#6620=VECTOR('',#8671,1.);
#6621=VECTOR('',#8672,1.);
#6622=VECTOR('',#8673,1.);
#6623=VECTOR('',#8674,1.);
#6624=VECTOR('',#8675,1.);
#6625=VECTOR('',#8676,1.);
#6626=VECTOR('',#8677,1.);
#6627=VECTOR('',#8678,1.);
#6628=VECTOR('',#8679,1.);
#6629=VECTOR('',#8680,1.);
#6630=VECTOR('',#8681,1.);
#6631=VECTOR('',#8682,1.);
#6632=VECTOR('',#8683,1.);
#6633=VECTOR('',#8684,1.);
#6634=VECTOR('',#8685,1.);
#6635=VECTOR('',#8686,1.);
#6636=VECTOR('',#8687,1.);
#6637=VECTOR('',#8688,1.);
#6638=VECTOR('',#8689,1.);
#6639=VECTOR('',#8690,1.);
#6640=VECTOR('',#8691,1.);
#6641=VECTOR('',#8692,1.);
#6642=VECTOR('',#8693,1.);
#6643=VECTOR('',#8694,1.);
#6644=VECTOR('',#8695,1.);
#6645=VECTOR('',#8696,1.);
#6646=VECTOR('',#8697,1.);
#6647=VECTOR('',#8698,1.);
#6648=VECTOR('',#8699,1.);
#6649=VECTOR('',#8700,1.);
#6650=VECTOR('',#8701,1.);
#6651=VECTOR('',#8702,1.);
#6652=VECTOR('',#8703,1.);
#6653=VECTOR('',#8704,1.);
#6654=VECTOR('',#8705,1.);
#6655=VECTOR('',#8706,1.);
#6656=VECTOR('',#8707,1.);
#6657=VECTOR('',#8708,1.);
#6658=VECTOR('',#8709,1.);
#6659=VECTOR('',#8710,1.);
#6660=VECTOR('',#8711,1.);
#6661=VECTOR('',#8712,1.);
#6662=VECTOR('',#8713,1.);
#6663=VECTOR('',#8714,1.);
#6664=VECTOR('',#8715,1.);
#6665=VECTOR('',#8716,1.);
#6666=VECTOR('',#8717,1.);
#6667=VECTOR('',#8718,1.);
#6668=VECTOR('',#8719,1.);
#6669=VECTOR('',#8720,1.);
#6670=VECTOR('',#8721,1.);
#6671=VECTOR('',#8722,1.);
#6672=VECTOR('',#8723,1.);
#6673=VECTOR('',#8724,1.);
#6674=VECTOR('',#8725,1.);
#6675=VECTOR('',#8726,1.);
#6676=VECTOR('',#8727,1.);
#6677=VECTOR('',#8728,1.);
#6678=VECTOR('',#8729,1.);
#6679=VECTOR('',#8730,1.);
#6680=VECTOR('',#8731,1.);
#6681=VECTOR('',#8732,1.);
#6682=VECTOR('',#8733,1.);
#6683=VECTOR('',#8734,1.);
#6684=VECTOR('',#8735,1.);
#6685=VECTOR('',#8736,1.);
#6686=VECTOR('',#8737,1.);
#6687=VECTOR('',#8738,1.);
#6688=VECTOR('',#8739,1.);
#6689=VECTOR('',#8740,1.);
#6690=VECTOR('',#8741,1.);
#6691=VECTOR('',#8742,1.);
#6692=VECTOR('',#8743,1.);
#6693=VECTOR('',#8744,1.);
#6694=VECTOR('',#8745,1.);
#6695=VECTOR('',#8746,1.);
#6696=VECTOR('',#8747,1.);
#6697=VECTOR('',#8748,1.);
#6698=VECTOR('',#8749,1.);
#6699=VECTOR('',#8750,1.);
#6700=VECTOR('',#8751,1.);
#6701=VECTOR('',#8752,1.);
#6702=VECTOR('',#8753,1.);
#6703=VECTOR('',#8754,1.);
#6704=VECTOR('',#8755,1.);
#6705=VECTOR('',#8756,1.);
#6706=VECTOR('',#8757,1.);
#6707=VECTOR('',#8758,1.);
#6708=VECTOR('',#8759,1.);
#6709=VECTOR('',#8760,1.);
#6710=VECTOR('',#8761,1.);
#6711=VECTOR('',#8762,1.);
#6712=VECTOR('',#8763,1.);
#6713=VECTOR('',#8764,1.);
#6714=VECTOR('',#8765,1.);
#6715=VECTOR('',#8766,1.);
#6716=VECTOR('',#8767,1.);
#6717=VECTOR('',#8768,1.);
#6718=VECTOR('',#8769,1.);
#6719=VECTOR('',#8770,1.);
#6720=VECTOR('',#8771,1.);
#6721=VECTOR('',#8772,1.);
#6722=VECTOR('',#8773,1.);
#6723=VECTOR('',#8774,1.);
#6724=VECTOR('',#8775,1.);
#6725=VECTOR('',#8776,1.);
#6726=VECTOR('',#8777,1.);
#6727=VECTOR('',#8778,1.);
#6728=VECTOR('',#8779,1.);
#6729=VECTOR('',#8780,1.);
#6730=VECTOR('',#8781,1.);
#6731=VECTOR('',#8782,1.);
#6732=VECTOR('',#8783,1.);
#6733=VECTOR('',#8784,1.);
#6734=VECTOR('',#8785,1.);
#6735=VECTOR('',#8786,1.);
#6736=VECTOR('',#8787,1.);
#6737=VECTOR('',#8788,1.);
#6738=VECTOR('',#8789,1.);
#6739=VECTOR('',#8790,1.);
#6740=VECTOR('',#8791,1.);
#6741=VECTOR('',#8792,1.);
#6742=VECTOR('',#8793,1.);
#6743=VECTOR('',#8794,1.);
#6744=VECTOR('',#8795,1.);
#6745=VECTOR('',#8796,1.);
#6746=VECTOR('',#8797,1.);
#6747=VECTOR('',#8798,1.);
#6748=VECTOR('',#8799,1.);
#6749=VECTOR('',#8800,1.);
#6750=VECTOR('',#8801,1.);
#6751=VECTOR('',#8802,1.);
#6752=VECTOR('',#8803,1.);
#6753=VECTOR('',#8804,1.);
#6754=VECTOR('',#8805,1.);
#6755=VECTOR('',#8806,1.);
#6756=VECTOR('',#8807,1.);
#6757=VECTOR('',#8808,1.);
#6758=VECTOR('',#8809,1.);
#6759=VECTOR('',#8810,1.);
#6760=VECTOR('',#8811,1.);
#6761=VECTOR('',#8812,1.);
#6762=VECTOR('',#8813,1.);
#6763=VECTOR('',#8814,1.);
#6764=VECTOR('',#8815,1.);
#6765=VECTOR('',#8816,1.);
#6766=VECTOR('',#8817,1.);
#6767=VECTOR('',#8818,1.);
#6768=VECTOR('',#8819,1.);
#6769=VECTOR('',#8820,1.);
#6770=VECTOR('',#8821,1.);
#6771=VECTOR('',#8822,1.);
#6772=VECTOR('',#8823,1.);
#6773=VECTOR('',#8824,1.);
#6774=VECTOR('',#8825,1.);
#6775=VECTOR('',#8826,1.);
#6776=VECTOR('',#8827,1.);
#6777=VECTOR('',#8828,1.);
#6778=VECTOR('',#8829,1.);
#6779=VECTOR('',#8830,1.);
#6780=VECTOR('',#8831,1.);
#6781=VECTOR('',#8832,1.);
#6782=VECTOR('',#8833,1.);
#6783=VECTOR('',#8834,1.);
#6784=VECTOR('',#8835,1.);
#6785=VECTOR('',#8836,1.);
#6786=VECTOR('',#8837,1.);
#6787=VECTOR('',#8838,1.);
#6788=VECTOR('',#8839,1.);
#6789=VECTOR('',#8840,1.);
#6790=VECTOR('',#8841,1.);
#6791=VECTOR('',#8842,1.);
#6792=VECTOR('',#8843,1.);
#6793=VECTOR('',#8844,1.);
#6794=VECTOR('',#8845,1.);
#6795=VECTOR('',#8846,1.);
#6796=VECTOR('',#8847,1.);
#6797=VECTOR('',#8848,1.);
#6798=VECTOR('',#8849,1.);
#6799=VECTOR('',#8850,1.);
#6800=VECTOR('',#8851,1.);
#6801=VECTOR('',#8852,1.);
#6802=VECTOR('',#8853,1.);
#6803=VECTOR('',#8854,1.);
#6804=VECTOR('',#8855,1.);
#6805=VECTOR('',#8856,1.);
#6806=VECTOR('',#8857,1.);
#6807=VECTOR('',#8858,1.);
#6808=VECTOR('',#8859,1.);
#6809=VECTOR('',#8860,1.);
#6810=VECTOR('',#8861,1.);
#6811=VECTOR('',#8862,1.);
#6812=VECTOR('',#8863,1.);
#6813=VECTOR('',#8864,1.);
#6814=VECTOR('',#8865,1.);
#6815=VECTOR('',#8866,1.);
#6816=VECTOR('',#8867,1.);
#6817=VECTOR('',#8868,1.);
#6818=VECTOR('',#8869,1.);
#6819=VECTOR('',#8870,1.);
#6820=VECTOR('',#8871,1.);
#6821=VECTOR('',#8872,1.);
#6822=VECTOR('',#8873,1.);
#6823=VECTOR('',#8874,1.);
#6824=VECTOR('',#8875,1.);
#6825=VECTOR('',#8876,1.);
#6826=VECTOR('',#8877,1.);
#6827=VECTOR('',#8878,1.);
#6828=VECTOR('',#8879,1.);
#6829=VECTOR('',#8880,1.);
#6830=VECTOR('',#8881,1.);
#6831=VECTOR('',#8882,1.);
#6832=VECTOR('',#8883,1.);
#6833=VECTOR('',#8884,1.);
#6834=VECTOR('',#8885,1.);
#6835=VECTOR('',#8886,1.);
#6836=VECTOR('',#8887,1.);
#6837=VECTOR('',#8888,1.);
#6838=VECTOR('',#8889,1.);
#6839=VECTOR('',#8890,1.);
#6840=VECTOR('',#8891,1.);
#6841=VECTOR('',#8892,1.);
#6842=VECTOR('',#8893,1.);
#6843=VECTOR('',#8894,1.);
#6844=VECTOR('',#8895,1.);
#6845=VECTOR('',#8896,1.);
#6846=VECTOR('',#8897,1.);
#6847=VECTOR('',#8898,1.);
#6848=VECTOR('',#8899,1.);
#6849=VECTOR('',#8900,1.);
#6850=VECTOR('',#8901,1.);
#6851=VECTOR('',#8902,1.);
#6852=VECTOR('',#8903,1.);
#6853=VECTOR('',#8904,1.);
#6854=VECTOR('',#8905,1.);
#6855=VECTOR('',#8906,1.);
#6856=VECTOR('',#8907,1.);
#6857=VECTOR('',#8908,1.);
#6858=VECTOR('',#8909,1.);
#6859=VECTOR('',#8910,1.);
#6860=VECTOR('',#8911,1.);
#6861=VECTOR('',#8912,1.);
#6862=VECTOR('',#8913,1.);
#6863=VECTOR('',#8914,1.);
#6864=VECTOR('',#8915,1.);
#6865=VECTOR('',#8916,1.);
#6866=VECTOR('',#8917,1.);
#6867=VECTOR('',#8918,1.);
#6868=VECTOR('',#8919,1.);
#6869=VECTOR('',#8920,1.);
#6870=VECTOR('',#8921,1.);
#6871=VECTOR('',#8922,1.);
#6872=VECTOR('',#8923,1.);
#6873=VECTOR('',#8924,1.);
#6874=VECTOR('',#8925,1.);
#6875=VECTOR('',#8926,1.);
#6876=VECTOR('',#8927,1.);
#6877=VECTOR('',#8928,1.);
#6878=VECTOR('',#8929,1.);
#6879=VECTOR('',#8930,1.);
#6880=VECTOR('',#8931,1.);
#6881=VECTOR('',#8932,1.);
#6882=VECTOR('',#8933,1.);
#6883=VECTOR('',#8934,1.);
#6884=VECTOR('',#8935,1.);
#6885=VECTOR('',#8936,1.);
#6886=VECTOR('',#8937,1.);
#6887=VECTOR('',#8938,1.);
#6888=VECTOR('',#8939,1.);
#6889=VECTOR('',#8940,1.);
#6890=VECTOR('',#8941,1.);
#6891=VECTOR('',#8942,1.);
#6892=VECTOR('',#8943,1.);
#6893=VECTOR('',#8944,1.);
#6894=VECTOR('',#8945,1.);
#6895=VECTOR('',#8946,1.);
#6896=VECTOR('',#8947,1.);
#6897=VECTOR('',#8948,1.);
#6898=VECTOR('',#8949,1.);
#6899=VECTOR('',#8950,1.);
#6900=VECTOR('',#8951,1.);
#6901=VECTOR('',#8952,1.);
#6902=VECTOR('',#8953,1.);
#6903=VECTOR('',#8954,1.);
#6904=VECTOR('',#8955,1.);
#6905=VECTOR('',#8956,1.);
#6906=VECTOR('',#8957,1.);
#6907=VECTOR('',#8958,1.);
#6908=VECTOR('',#8959,1.);
#6909=VECTOR('',#8960,1.);
#6910=VECTOR('',#8961,1.);
#6911=VECTOR('',#8962,1.);
#6912=VECTOR('',#8963,1.);
#6913=VECTOR('',#8964,1.);
#6914=VECTOR('',#8965,1.);
#6915=VECTOR('',#8966,1.);
#6916=VECTOR('',#8967,1.);
#6917=VECTOR('',#8968,1.);
#6918=VECTOR('',#8969,1.);
#6919=VECTOR('',#8970,1.);
#6920=VECTOR('',#8971,1.);
#6921=VECTOR('',#8972,1.);
#6922=VECTOR('',#8973,1.);
#6923=VECTOR('',#8974,1.);
#6924=VECTOR('',#8975,1.);
#6925=VECTOR('',#8976,1.);
#6926=VECTOR('',#8977,1.);
#6927=VECTOR('',#8978,1.);
#6928=VECTOR('',#8979,1.);
#6929=VECTOR('',#8980,1.);
#6930=VECTOR('',#8981,1.);
#6931=VECTOR('',#8982,1.);
#6932=VECTOR('',#8983,1.);
#6933=VECTOR('',#8984,1.);
#6934=VECTOR('',#8985,1.);
#6935=VECTOR('',#8986,1.);
#6936=VECTOR('',#8987,1.);
#6937=VECTOR('',#8988,1.);
#6938=VECTOR('',#8989,1.);
#6939=VECTOR('',#8990,1.);
#6940=VECTOR('',#8991,1.);
#6941=VECTOR('',#8992,1.);
#6942=VECTOR('',#8993,1.);
#6943=VECTOR('',#8994,1.);
#6944=VECTOR('',#8995,1.);
#6945=VECTOR('',#8996,1.);
#6946=VECTOR('',#8997,1.);
#6947=VECTOR('',#8998,1.);
#6948=VECTOR('',#8999,1.);
#6949=VECTOR('',#9000,1.);
#6950=VECTOR('',#9001,1.);
#6951=VECTOR('',#9002,1.);
#6952=VECTOR('',#9003,1.);
#6953=VECTOR('',#9004,1.);
#6954=VECTOR('',#9005,1.);
#6955=VECTOR('',#9006,1.);
#6956=VECTOR('',#9007,1.);
#6957=VECTOR('',#9008,1.);
#6958=VECTOR('',#9009,1.);
#6959=VECTOR('',#9010,1.);
#6960=VECTOR('',#9011,1.);
#6961=VECTOR('',#9012,1.);
#6962=VECTOR('',#9013,1.);
#6963=VECTOR('',#9014,1.);
#6964=VECTOR('',#9015,1.);
#6965=VECTOR('',#9016,1.);
#6966=VECTOR('',#9017,1.);
#6967=VECTOR('',#9018,1.);
#6968=VECTOR('',#9019,1.);
#6969=VECTOR('',#9020,1.);
#6970=VECTOR('',#9021,1.);
#6971=VECTOR('',#9022,1.);
#6972=VECTOR('',#9023,1.);
#6973=VECTOR('',#9024,1.);
#6974=VECTOR('',#9025,1.);
#6975=VECTOR('',#9026,1.);
#6976=VECTOR('',#9027,1.);
#6977=VECTOR('',#9028,1.);
#6978=VECTOR('',#9029,1.);
#6979=VERTEX_POINT('',#9819);
#6980=VERTEX_POINT('',#9820);
#6981=VERTEX_POINT('',#9821);
#6982=VERTEX_POINT('',#9822);
#6983=VERTEX_POINT('',#9823);
#6984=VERTEX_POINT('',#9824);
#6985=VERTEX_POINT('',#9825);
#6986=VERTEX_POINT('',#9826);
#6987=VERTEX_POINT('',#9827);
#6988=VERTEX_POINT('',#9828);
#6989=VERTEX_POINT('',#9829);
#6990=VERTEX_POINT('',#9830);
#6991=VERTEX_POINT('',#9831);
#6992=VERTEX_POINT('',#9832);
#6993=VERTEX_POINT('',#9833);
#6994=VERTEX_POINT('',#9834);
#6995=VERTEX_POINT('',#9835);
#6996=VERTEX_POINT('',#9836);
#6997=VERTEX_POINT('',#9837);
#6998=VERTEX_POINT('',#9838);
#6999=VERTEX_POINT('',#9839);
#7000=VERTEX_POINT('',#9840);
#7001=VERTEX_POINT('',#9841);
#7002=VERTEX_POINT('',#9842);
#7003=VERTEX_POINT('',#9843);
#7004=VERTEX_POINT('',#9844);
#7005=VERTEX_POINT('',#9845);
#7006=VERTEX_POINT('',#9846);
#7007=VERTEX_POINT('',#9847);
#7008=VERTEX_POINT('',#9848);
#7009=VERTEX_POINT('',#9849);
#7010=VERTEX_POINT('',#9850);
#7011=VERTEX_POINT('',#9851);
#7012=VERTEX_POINT('',#9852);
#7013=VERTEX_POINT('',#9853);
#7014=VERTEX_POINT('',#9854);
#7015=VERTEX_POINT('',#9855);
#7016=VERTEX_POINT('',#9856);
#7017=VERTEX_POINT('',#9857);
#7018=VERTEX_POINT('',#9858);
#7019=VERTEX_POINT('',#9859);
#7020=VERTEX_POINT('',#9860);
#7021=VERTEX_POINT('',#9861);
#7022=VERTEX_POINT('',#9862);
#7023=VERTEX_POINT('',#9863);
#7024=VERTEX_POINT('',#9864);
#7025=VERTEX_POINT('',#9865);
#7026=VERTEX_POINT('',#9866);
#7027=VERTEX_POINT('',#9867);
#7028=VERTEX_POINT('',#9868);
#7029=VERTEX_POINT('',#9869);
#7030=VERTEX_POINT('',#9870);
#7031=VERTEX_POINT('',#9871);
#7032=VERTEX_POINT('',#9872);
#7033=VERTEX_POINT('',#9873);
#7034=VERTEX_POINT('',#9874);
#7035=VERTEX_POINT('',#9875);
#7036=VERTEX_POINT('',#9876);
#7037=VERTEX_POINT('',#9877);
#7038=VERTEX_POINT('',#9878);
#7039=VERTEX_POINT('',#9879);
#7040=VERTEX_POINT('',#9880);
#7041=VERTEX_POINT('',#9881);
#7042=VERTEX_POINT('',#9882);
#7043=VERTEX_POINT('',#9883);
#7044=VERTEX_POINT('',#9884);
#7045=VERTEX_POINT('',#9885);
#7046=VERTEX_POINT('',#9886);
#7047=VERTEX_POINT('',#9887);
#7048=VERTEX_POINT('',#9888);
#7049=VERTEX_POINT('',#9889);
#7050=VERTEX_POINT('',#9890);
#7051=VERTEX_POINT('',#9891);
#7052=VERTEX_POINT('',#9892);
#7053=VERTEX_POINT('',#9893);
#7054=VERTEX_POINT('',#9894);
#7055=VERTEX_POINT('',#9895);
#7056=VERTEX_POINT('',#9896);
#7057=VERTEX_POINT('',#9897);
#7058=VERTEX_POINT('',#9898);
#7059=VERTEX_POINT('',#9899);
#7060=VERTEX_POINT('',#9900);
#7061=VERTEX_POINT('',#9901);
#7062=VERTEX_POINT('',#9902);
#7063=VERTEX_POINT('',#9903);
#7064=VERTEX_POINT('',#9904);
#7065=VERTEX_POINT('',#9905);
#7066=VERTEX_POINT('',#9906);
#7067=VERTEX_POINT('',#9907);
#7068=VERTEX_POINT('',#9908);
#7069=VERTEX_POINT('',#9909);
#7070=VERTEX_POINT('',#9910);
#7071=VERTEX_POINT('',#9911);
#7072=VERTEX_POINT('',#9912);
#7073=VERTEX_POINT('',#9913);
#7074=VERTEX_POINT('',#9914);
#7075=VERTEX_POINT('',#9915);
#7076=VERTEX_POINT('',#9916);
#7077=VERTEX_POINT('',#9917);
#7078=VERTEX_POINT('',#9918);
#7079=VERTEX_POINT('',#9919);
#7080=VERTEX_POINT('',#9920);
#7081=VERTEX_POINT('',#9921);
#7082=VERTEX_POINT('',#9922);
#7083=VERTEX_POINT('',#9923);
#7084=VERTEX_POINT('',#9924);
#7085=VERTEX_POINT('',#9925);
#7086=VERTEX_POINT('',#9926);
#7087=VERTEX_POINT('',#9927);
#7088=VERTEX_POINT('',#9928);
#7089=VERTEX_POINT('',#9929);
#7090=VERTEX_POINT('',#9930);
#7091=VERTEX_POINT('',#9931);
#7092=VERTEX_POINT('',#9932);
#7093=VERTEX_POINT('',#9933);
#7094=VERTEX_POINT('',#9934);
#7095=VERTEX_POINT('',#9935);
#7096=VERTEX_POINT('',#9936);
#7097=VERTEX_POINT('',#9937);
#7098=VERTEX_POINT('',#9938);
#7099=VERTEX_POINT('',#9939);
#7100=VERTEX_POINT('',#9940);
#7101=VERTEX_POINT('',#9941);
#7102=VERTEX_POINT('',#9942);
#7103=VERTEX_POINT('',#9943);
#7104=VERTEX_POINT('',#9944);
#7105=VERTEX_POINT('',#9945);
#7106=VERTEX_POINT('',#9946);
#7107=VERTEX_POINT('',#9947);
#7108=VERTEX_POINT('',#9948);
#7109=VERTEX_POINT('',#9949);
#7110=VERTEX_POINT('',#9950);
#7111=VERTEX_POINT('',#9951);
#7112=VERTEX_POINT('',#9952);
#7113=VERTEX_POINT('',#9953);
#7114=VERTEX_POINT('',#9954);
#7115=VERTEX_POINT('',#9955);
#7116=VERTEX_POINT('',#9956);
#7117=VERTEX_POINT('',#9957);
#7118=VERTEX_POINT('',#9958);
#7119=VERTEX_POINT('',#9959);
#7120=VERTEX_POINT('',#9960);
#7121=VERTEX_POINT('',#9961);
#7122=VERTEX_POINT('',#9962);
#7123=VERTEX_POINT('',#9963);
#7124=VERTEX_POINT('',#9964);
#7125=VERTEX_POINT('',#9965);
#7126=VERTEX_POINT('',#9966);
#7127=VERTEX_POINT('',#9967);
#7128=VERTEX_POINT('',#9968);
#7129=VERTEX_POINT('',#9969);
#7130=VERTEX_POINT('',#9970);
#7131=VERTEX_POINT('',#9971);
#7132=VERTEX_POINT('',#9972);
#7133=VERTEX_POINT('',#9973);
#7134=VERTEX_POINT('',#9974);
#7135=VERTEX_POINT('',#9975);
#7136=VERTEX_POINT('',#9976);
#7137=VERTEX_POINT('',#9977);
#7138=VERTEX_POINT('',#9978);
#7139=VERTEX_POINT('',#9979);
#7140=VERTEX_POINT('',#9980);
#7141=VERTEX_POINT('',#9981);
#7142=VERTEX_POINT('',#9982);
#7143=VERTEX_POINT('',#9983);
#7144=VERTEX_POINT('',#9984);
#7145=VERTEX_POINT('',#9985);
#7146=VERTEX_POINT('',#9986);
#7147=VERTEX_POINT('',#9987);
#7148=VERTEX_POINT('',#9988);
#7149=VERTEX_POINT('',#9989);
#7150=VERTEX_POINT('',#9990);
#7151=VERTEX_POINT('',#9991);
#7152=VERTEX_POINT('',#9992);
#7153=VERTEX_POINT('',#9993);
#7154=VERTEX_POINT('',#9994);
#7155=VERTEX_POINT('',#9995);
#7156=VERTEX_POINT('',#9996);
#7157=VERTEX_POINT('',#9997);
#7158=VERTEX_POINT('',#9998);
#7159=VERTEX_POINT('',#9999);
#7160=VERTEX_POINT('',#10000);
#7161=VERTEX_POINT('',#10001);
#7162=VERTEX_POINT('',#10002);
#7163=VERTEX_POINT('',#10003);
#7164=VERTEX_POINT('',#10004);
#7165=VERTEX_POINT('',#10005);
#7166=VERTEX_POINT('',#10006);
#7167=VERTEX_POINT('',#10007);
#7168=VERTEX_POINT('',#10008);
#7169=VERTEX_POINT('',#10009);
#7170=VERTEX_POINT('',#10010);
#7171=VERTEX_POINT('',#10011);
#7172=VERTEX_POINT('',#10012);
#7173=VERTEX_POINT('',#10013);
#7174=VERTEX_POINT('',#10014);
#7175=VERTEX_POINT('',#10015);
#7176=VERTEX_POINT('',#10016);
#7177=VERTEX_POINT('',#10017);
#7178=VERTEX_POINT('',#10018);
#7179=VERTEX_POINT('',#10019);
#7180=VERTEX_POINT('',#10020);
#7181=VERTEX_POINT('',#10021);
#7182=VERTEX_POINT('',#10022);
#7183=VERTEX_POINT('',#10023);
#7184=VERTEX_POINT('',#10024);
#7185=VERTEX_POINT('',#10025);
#7186=VERTEX_POINT('',#10026);
#7187=VERTEX_POINT('',#10027);
#7188=VERTEX_POINT('',#10028);
#7189=VERTEX_POINT('',#10029);
#7190=VERTEX_POINT('',#10030);
#7191=VERTEX_POINT('',#10031);
#7192=VERTEX_POINT('',#10032);
#7193=VERTEX_POINT('',#10033);
#7194=VERTEX_POINT('',#10034);
#7195=VERTEX_POINT('',#10035);
#7196=VERTEX_POINT('',#10036);
#7197=VERTEX_POINT('',#10037);
#7198=VERTEX_POINT('',#10038);
#7199=VERTEX_POINT('',#10039);
#7200=VERTEX_POINT('',#10040);
#7201=VERTEX_POINT('',#10041);
#7202=VERTEX_POINT('',#10042);
#7203=VERTEX_POINT('',#10043);
#7204=VERTEX_POINT('',#10044);
#7205=VERTEX_POINT('',#10045);
#7206=VERTEX_POINT('',#10046);
#7207=VERTEX_POINT('',#10047);
#7208=VERTEX_POINT('',#10048);
#7209=VERTEX_POINT('',#10049);
#7210=VERTEX_POINT('',#10050);
#7211=VERTEX_POINT('',#10051);
#7212=VERTEX_POINT('',#10052);
#7213=VERTEX_POINT('',#10053);
#7214=VERTEX_POINT('',#10054);
#7215=VERTEX_POINT('',#10055);
#7216=VERTEX_POINT('',#10056);
#7217=VERTEX_POINT('',#10057);
#7218=VERTEX_POINT('',#10058);
#7219=VERTEX_POINT('',#10059);
#7220=VERTEX_POINT('',#10060);
#7221=VERTEX_POINT('',#10061);
#7222=VERTEX_POINT('',#10062);
#7223=VERTEX_POINT('',#10063);
#7224=VERTEX_POINT('',#10064);
#7225=VERTEX_POINT('',#10065);
#7226=VERTEX_POINT('',#10066);
#7227=VERTEX_POINT('',#10067);
#7228=VERTEX_POINT('',#10068);
#7229=VERTEX_POINT('',#10069);
#7230=VERTEX_POINT('',#10070);
#7231=VERTEX_POINT('',#10071);
#7232=VERTEX_POINT('',#10072);
#7233=VERTEX_POINT('',#10073);
#7234=VERTEX_POINT('',#10074);
#7235=VERTEX_POINT('',#10075);
#7236=VERTEX_POINT('',#10076);
#7237=VERTEX_POINT('',#10077);
#7238=VERTEX_POINT('',#10078);
#7239=VERTEX_POINT('',#10079);
#7240=VERTEX_POINT('',#10080);
#7241=VERTEX_POINT('',#10081);
#7242=VERTEX_POINT('',#10082);
#7243=VERTEX_POINT('',#10083);
#7244=VERTEX_POINT('',#10084);
#7245=VERTEX_POINT('',#10085);
#7246=VERTEX_POINT('',#10086);
#7247=VERTEX_POINT('',#10087);
#7248=VERTEX_POINT('',#10088);
#7249=VERTEX_POINT('',#10089);
#7250=VERTEX_POINT('',#10090);
#7251=VERTEX_POINT('',#10091);
#7252=VERTEX_POINT('',#10092);
#7253=VERTEX_POINT('',#10093);
#7254=VERTEX_POINT('',#10094);
#7255=VERTEX_POINT('',#10095);
#7256=VERTEX_POINT('',#10096);
#7257=VERTEX_POINT('',#10097);
#7258=VERTEX_POINT('',#10098);
#7259=VERTEX_POINT('',#10099);
#7260=VERTEX_POINT('',#10100);
#7261=VERTEX_POINT('',#10101);
#7262=VERTEX_POINT('',#10102);
#7263=VERTEX_POINT('',#10103);
#7264=VERTEX_POINT('',#10104);
#7265=VERTEX_POINT('',#10105);
#7266=VERTEX_POINT('',#10106);
#7267=VERTEX_POINT('',#10107);
#7268=VERTEX_POINT('',#10108);
#7269=VERTEX_POINT('',#10109);
#7270=VERTEX_POINT('',#10110);
#7271=VERTEX_POINT('',#10111);
#7272=VERTEX_POINT('',#10112);
#7273=VERTEX_POINT('',#10113);
#7274=VERTEX_POINT('',#10114);
#7275=VERTEX_POINT('',#10115);
#7276=VERTEX_POINT('',#10116);
#7277=VERTEX_POINT('',#10117);
#7278=VERTEX_POINT('',#10118);
#7279=VERTEX_POINT('',#10119);
#7280=VERTEX_POINT('',#10120);
#7281=VERTEX_POINT('',#10121);
#7282=VERTEX_POINT('',#10122);
#7283=VERTEX_POINT('',#10123);
#7284=VERTEX_POINT('',#10124);
#7285=VERTEX_POINT('',#10125);
#7286=VERTEX_POINT('',#10126);
#7287=VERTEX_POINT('',#10127);
#7288=VERTEX_POINT('',#10128);
#7289=VERTEX_POINT('',#10129);
#7290=VERTEX_POINT('',#10130);
#7291=VERTEX_POINT('',#10131);
#7292=VERTEX_POINT('',#10132);
#7293=VERTEX_POINT('',#10133);
#7294=VERTEX_POINT('',#10134);
#7295=VERTEX_POINT('',#10135);
#7296=VERTEX_POINT('',#10136);
#7297=VERTEX_POINT('',#10137);
#7298=VERTEX_POINT('',#10138);
#7299=VERTEX_POINT('',#10139);
#7300=VERTEX_POINT('',#10140);
#7301=VERTEX_POINT('',#10141);
#7302=VERTEX_POINT('',#10142);
#7303=VERTEX_POINT('',#10143);
#7304=VERTEX_POINT('',#10144);
#7305=VERTEX_POINT('',#10145);
#7306=VERTEX_POINT('',#10146);
#7307=VERTEX_POINT('',#10147);
#7308=VERTEX_POINT('',#10148);
#7309=VERTEX_POINT('',#10149);
#7310=VERTEX_POINT('',#10150);
#7311=VERTEX_POINT('',#10151);
#7312=VERTEX_POINT('',#10152);
#7313=VERTEX_POINT('',#10153);
#7314=VERTEX_POINT('',#10154);
#7315=VERTEX_POINT('',#10155);
#7316=VERTEX_POINT('',#10156);
#7317=VERTEX_POINT('',#10157);
#7318=VERTEX_POINT('',#10158);
#7319=VERTEX_POINT('',#10159);
#7320=VERTEX_POINT('',#10160);
#7321=VERTEX_POINT('',#10161);
#7322=VERTEX_POINT('',#10162);
#7323=VERTEX_POINT('',#10163);
#7324=VERTEX_POINT('',#10164);
#7325=VERTEX_POINT('',#10165);
#7326=VERTEX_POINT('',#10166);
#7327=VERTEX_POINT('',#10167);
#7328=VERTEX_POINT('',#10168);
#7329=VERTEX_POINT('',#10169);
#7330=VERTEX_POINT('',#10170);
#7331=VERTEX_POINT('',#10171);
#7332=VERTEX_POINT('',#10172);
#7333=VERTEX_POINT('',#10173);
#7334=VERTEX_POINT('',#10174);
#7335=VERTEX_POINT('',#10175);
#7336=VERTEX_POINT('',#10176);
#7337=VERTEX_POINT('',#10177);
#7338=VERTEX_POINT('',#10178);
#7339=VERTEX_POINT('',#10179);
#7340=VERTEX_POINT('',#10180);
#7341=VERTEX_POINT('',#10181);
#7342=VERTEX_POINT('',#10182);
#7343=VERTEX_POINT('',#10183);
#7344=VERTEX_POINT('',#10184);
#7345=VERTEX_POINT('',#10185);
#7346=VERTEX_POINT('',#10186);
#7347=VERTEX_POINT('',#10187);
#7348=VERTEX_POINT('',#10188);
#7349=VERTEX_POINT('',#10189);
#7350=VERTEX_POINT('',#10190);
#7351=VERTEX_POINT('',#10191);
#7352=VERTEX_POINT('',#10192);
#7353=VERTEX_POINT('',#10193);
#7354=VERTEX_POINT('',#10194);
#7355=VERTEX_POINT('',#10195);
#7356=VERTEX_POINT('',#10196);
#7357=VERTEX_POINT('',#10197);
#7358=VERTEX_POINT('',#10198);
#7359=VERTEX_POINT('',#10199);
#7360=VERTEX_POINT('',#10200);
#7361=VERTEX_POINT('',#10201);
#7362=VERTEX_POINT('',#10202);
#7363=VERTEX_POINT('',#10203);
#7364=VERTEX_POINT('',#10204);
#7365=VERTEX_POINT('',#10205);
#7366=VERTEX_POINT('',#10206);
#7367=VERTEX_POINT('',#10207);
#7368=VERTEX_POINT('',#10208);
#7369=VERTEX_POINT('',#10209);
#7370=VERTEX_POINT('',#10210);
#7371=VERTEX_POINT('',#10211);
#7372=VERTEX_POINT('',#10212);
#7373=VERTEX_POINT('',#10213);
#7374=VERTEX_POINT('',#10214);
#7375=VERTEX_POINT('',#10215);
#7376=VERTEX_POINT('',#10216);
#7377=VERTEX_POINT('',#10217);
#7378=VERTEX_POINT('',#10218);
#7379=VERTEX_POINT('',#10219);
#7380=VERTEX_POINT('',#10220);
#7381=VERTEX_POINT('',#10221);
#7382=VERTEX_POINT('',#10222);
#7383=VERTEX_POINT('',#10223);
#7384=VERTEX_POINT('',#10224);
#7385=VERTEX_POINT('',#10225);
#7386=VERTEX_POINT('',#10226);
#7387=VERTEX_POINT('',#10227);
#7388=VERTEX_POINT('',#10228);
#7389=VERTEX_POINT('',#10229);
#7390=VERTEX_POINT('',#10230);
#7391=VERTEX_POINT('',#10231);
#7392=VERTEX_POINT('',#10232);
#7393=VERTEX_POINT('',#10233);
#7394=VERTEX_POINT('',#10234);
#7395=VERTEX_POINT('',#10235);
#7396=VERTEX_POINT('',#10236);
#7397=VERTEX_POINT('',#10237);
#7398=VERTEX_POINT('',#10238);
#7399=VERTEX_POINT('',#10239);
#7400=VERTEX_POINT('',#10240);
#7401=VERTEX_POINT('',#10241);
#7402=VERTEX_POINT('',#10242);
#7403=VERTEX_POINT('',#10243);
#7404=VERTEX_POINT('',#10244);
#7405=VERTEX_POINT('',#10245);
#7406=VERTEX_POINT('',#10246);
#7407=VERTEX_POINT('',#10247);
#7408=VERTEX_POINT('',#10248);
#7409=VERTEX_POINT('',#10249);
#7410=VERTEX_POINT('',#10250);
#7411=VERTEX_POINT('',#10251);
#7412=VERTEX_POINT('',#10252);
#7413=VERTEX_POINT('',#10253);
#7414=VERTEX_POINT('',#10254);
#7415=VERTEX_POINT('',#10255);
#7416=VERTEX_POINT('',#10256);
#7417=VERTEX_POINT('',#10257);
#7418=VERTEX_POINT('',#10258);
#7419=VERTEX_POINT('',#10259);
#7420=VERTEX_POINT('',#10260);
#7421=VERTEX_POINT('',#10261);
#7422=VERTEX_POINT('',#10262);
#7423=VERTEX_POINT('',#10263);
#7424=VERTEX_POINT('',#10264);
#7425=VERTEX_POINT('',#10265);
#7426=VERTEX_POINT('',#10266);
#7427=VERTEX_POINT('',#10267);
#7428=VERTEX_POINT('',#10268);
#7429=VERTEX_POINT('',#10269);
#7430=VERTEX_POINT('',#10270);
#7431=VERTEX_POINT('',#10271);
#7432=VERTEX_POINT('',#10272);
#7433=VERTEX_POINT('',#10273);
#7434=VERTEX_POINT('',#10274);
#7435=VERTEX_POINT('',#10275);
#7436=VERTEX_POINT('',#10276);
#7437=VERTEX_POINT('',#10277);
#7438=VERTEX_POINT('',#10278);
#7439=VERTEX_POINT('',#10279);
#7440=VERTEX_POINT('',#10280);
#7441=VERTEX_POINT('',#10281);
#7442=VERTEX_POINT('',#10282);
#7443=VERTEX_POINT('',#10283);
#7444=VERTEX_POINT('',#10284);
#7445=VERTEX_POINT('',#10285);
#7446=VERTEX_POINT('',#10286);
#7447=VERTEX_POINT('',#10287);
#7448=VERTEX_POINT('',#10288);
#7449=VERTEX_POINT('',#10289);
#7450=VERTEX_POINT('',#10290);
#7451=VERTEX_POINT('',#10291);
#7452=VERTEX_POINT('',#10292);
#7453=VERTEX_POINT('',#10293);
#7454=VERTEX_POINT('',#10294);
#7455=VERTEX_POINT('',#10295);
#7456=VERTEX_POINT('',#10296);
#7457=VERTEX_POINT('',#10297);
#7458=VERTEX_POINT('',#10298);
#7459=VERTEX_POINT('',#10299);
#7460=VERTEX_POINT('',#10300);
#7461=VERTEX_POINT('',#10301);
#7462=VERTEX_POINT('',#10302);
#7463=VERTEX_POINT('',#10303);
#7464=VERTEX_POINT('',#10304);
#7465=VERTEX_POINT('',#10305);
#7466=VERTEX_POINT('',#10306);
#7467=VERTEX_POINT('',#10307);
#7468=VERTEX_POINT('',#10308);
#7469=VERTEX_POINT('',#10309);
#7470=VERTEX_POINT('',#10310);
#7471=VERTEX_POINT('',#10311);
#7472=VERTEX_POINT('',#10312);
#7473=VERTEX_POINT('',#10313);
#7474=VERTEX_POINT('',#10314);
#7475=VERTEX_POINT('',#10315);
#7476=VERTEX_POINT('',#10316);
#7477=VERTEX_POINT('',#10317);
#7478=VERTEX_POINT('',#10318);
#7479=VERTEX_POINT('',#10319);
#7480=VERTEX_POINT('',#10320);
#7481=VERTEX_POINT('',#10321);
#7482=VERTEX_POINT('',#10322);
#7483=VERTEX_POINT('',#10323);
#7484=VERTEX_POINT('',#10324);
#7485=VERTEX_POINT('',#10325);
#7486=VERTEX_POINT('',#10326);
#7487=VERTEX_POINT('',#10327);
#7488=VERTEX_POINT('',#10328);
#7489=VERTEX_POINT('',#10329);
#7490=VERTEX_POINT('',#10330);
#7491=VERTEX_POINT('',#10331);
#7492=VERTEX_POINT('',#10332);
#7493=VERTEX_POINT('',#10333);
#7494=VERTEX_POINT('',#10334);
#7495=VERTEX_POINT('',#10335);
#7496=VERTEX_POINT('',#10336);
#7497=VERTEX_POINT('',#10337);
#7498=VERTEX_POINT('',#10338);
#7499=VERTEX_POINT('',#10339);
#7500=VERTEX_POINT('',#10340);
#7501=VERTEX_POINT('',#10341);
#7502=VERTEX_POINT('',#10342);
#7503=VERTEX_POINT('',#10343);
#7504=VERTEX_POINT('',#10344);
#7505=VERTEX_POINT('',#10345);
#7506=VERTEX_POINT('',#10346);
#7507=VERTEX_POINT('',#10347);
#7508=VERTEX_POINT('',#10348);
#7509=VERTEX_POINT('',#10349);
#7510=VERTEX_POINT('',#10350);
#7511=VERTEX_POINT('',#10351);
#7512=VERTEX_POINT('',#10352);
#7513=VERTEX_POINT('',#10353);
#7514=VERTEX_POINT('',#10354);
#7515=VERTEX_POINT('',#10355);
#7516=VERTEX_POINT('',#10356);
#7517=VERTEX_POINT('',#10357);
#7518=VERTEX_POINT('',#10358);
#7519=VERTEX_POINT('',#10359);
#7520=VERTEX_POINT('',#10360);
#7521=VERTEX_POINT('',#10361);
#7522=VERTEX_POINT('',#10362);
#7523=VERTEX_POINT('',#10363);
#7524=VERTEX_POINT('',#10364);
#7525=VERTEX_POINT('',#10365);
#7526=VERTEX_POINT('',#10366);
#7527=VERTEX_POINT('',#10367);
#7528=VERTEX_POINT('',#10368);
#7529=VERTEX_POINT('',#10369);
#7530=VERTEX_POINT('',#10370);
#7531=VERTEX_POINT('',#10371);
#7532=VERTEX_POINT('',#10372);
#7533=VERTEX_POINT('',#10373);
#7534=VERTEX_POINT('',#10374);
#7535=VERTEX_POINT('',#10375);
#7536=VERTEX_POINT('',#10376);
#7537=VERTEX_POINT('',#10377);
#7538=VERTEX_POINT('',#10378);
#7539=VERTEX_POINT('',#10379);
#7540=VERTEX_POINT('',#10380);
#7541=VERTEX_POINT('',#10381);
#7542=VERTEX_POINT('',#10382);
#7543=VERTEX_POINT('',#10383);
#7544=VERTEX_POINT('',#10384);
#7545=VERTEX_POINT('',#10385);
#7546=VERTEX_POINT('',#10386);
#7547=VERTEX_POINT('',#10387);
#7548=VERTEX_POINT('',#10388);
#7549=VERTEX_POINT('',#10389);
#7550=VERTEX_POINT('',#10390);
#7551=VERTEX_POINT('',#10391);
#7552=VERTEX_POINT('',#10392);
#7553=VERTEX_POINT('',#10393);
#7554=VERTEX_POINT('',#10394);
#7555=VERTEX_POINT('',#10395);
#7556=VERTEX_POINT('',#10396);
#7557=VERTEX_POINT('',#10397);
#7558=VERTEX_POINT('',#10398);
#7559=VERTEX_POINT('',#10399);
#7560=VERTEX_POINT('',#10400);
#7561=VERTEX_POINT('',#10401);
#7562=VERTEX_POINT('',#10402);
#7563=VERTEX_POINT('',#10403);
#7564=VERTEX_POINT('',#10404);
#7565=VERTEX_POINT('',#10405);
#7566=VERTEX_POINT('',#10406);
#7567=VERTEX_POINT('',#10407);
#7568=VERTEX_POINT('',#10408);
#7569=VERTEX_POINT('',#10409);
#7570=VERTEX_POINT('',#10410);
#7571=VERTEX_POINT('',#10411);
#7572=VERTEX_POINT('',#10412);
#7573=VERTEX_POINT('',#10413);
#7574=VERTEX_POINT('',#10414);
#7575=VERTEX_POINT('',#10415);
#7576=VERTEX_POINT('',#10416);
#7577=VERTEX_POINT('',#10417);
#7578=VERTEX_POINT('',#10418);
#7579=VERTEX_POINT('',#10419);
#7580=VERTEX_POINT('',#10420);
#7581=VERTEX_POINT('',#10421);
#7582=VERTEX_POINT('',#10422);
#7583=VERTEX_POINT('',#10423);
#7584=VERTEX_POINT('',#10424);
#7585=VERTEX_POINT('',#10425);
#7586=VERTEX_POINT('',#10426);
#7587=SHAPE_DEFINITION_REPRESENTATION(#11821,#7588);
#7588=SHAPE_REPRESENTATION('master',(#7589),#11823);
#7589=AXIS2_PLACEMENT_3D('',#9818,#8007,#8006);
#7590=AXIS2_PLACEMENT_3D('',#10693,#8275,#8274);
#7591=AXIS2_PLACEMENT_3D('',#10698,#8281,#8280);
#7592=AXIS2_PLACEMENT_3D('',#10702,#8286,#8285);
#7593=AXIS2_PLACEMENT_3D('',#10704,#8289,#8288);
#7594=AXIS2_PLACEMENT_3D('',#10708,#8294,#8293);
#7595=AXIS2_PLACEMENT_3D('',#10709,#8296,#8295);
#7596=AXIS2_PLACEMENT_3D('',#10710,#8298,#8297);
#7597=AXIS2_PLACEMENT_3D('',#10711,#8300,#8299);
#7598=AXIS2_PLACEMENT_3D('',#10715,#8305,#8304);
#7599=AXIS2_PLACEMENT_3D('',#10716,#8307,#8306);
#7600=AXIS2_PLACEMENT_3D('',#10717,#8309,#8308);
#7601=AXIS2_PLACEMENT_3D('',#10731,#8324,#8323);
#7602=AXIS2_PLACEMENT_3D('',#10736,#8330,#8329);
#7603=AXIS2_PLACEMENT_3D('',#10740,#8335,#8334);
#7604=AXIS2_PLACEMENT_3D('',#10742,#8338,#8337);
#7605=AXIS2_PLACEMENT_3D('',#10746,#8343,#8342);
#7606=AXIS2_PLACEMENT_3D('',#10747,#8345,#8344);
#7607=AXIS2_PLACEMENT_3D('',#10748,#8347,#8346);
#7608=AXIS2_PLACEMENT_3D('',#10749,#8349,#8348);
#7609=AXIS2_PLACEMENT_3D('',#10753,#8354,#8353);
#7610=AXIS2_PLACEMENT_3D('',#10754,#8356,#8355);
#7611=AXIS2_PLACEMENT_3D('',#10755,#8358,#8357);
#7612=AXIS2_PLACEMENT_3D('',#11427,#9031,#9030);
#7613=AXIS2_PLACEMENT_3D('',#11428,#9033,#9032);
#7614=AXIS2_PLACEMENT_3D('',#11429,#9035,#9034);
#7615=AXIS2_PLACEMENT_3D('',#11430,#9037,#9036);
#7616=AXIS2_PLACEMENT_3D('',#11431,#9039,#9038);
#7617=AXIS2_PLACEMENT_3D('',#11432,#9041,#9040);
#7618=AXIS2_PLACEMENT_3D('',#11433,#9043,#9042);
#7619=AXIS2_PLACEMENT_3D('',#11434,#9045,#9044);
#7620=AXIS2_PLACEMENT_3D('',#11435,#9047,#9046);
#7621=AXIS2_PLACEMENT_3D('',#11436,#9049,#9048);
#7622=AXIS2_PLACEMENT_3D('',#11437,#9051,#9050);
#7623=AXIS2_PLACEMENT_3D('',#11438,#9053,#9052);
#7624=AXIS2_PLACEMENT_3D('',#11439,#9055,#9054);
#7625=AXIS2_PLACEMENT_3D('',#11440,#9057,#9056);
#7626=AXIS2_PLACEMENT_3D('',#11441,#9059,#9058);
#7627=AXIS2_PLACEMENT_3D('',#11442,#9061,#9060);
#7628=AXIS2_PLACEMENT_3D('',#11443,#9063,#9062);
#7629=AXIS2_PLACEMENT_3D('',#11444,#9065,#9064);
#7630=AXIS2_PLACEMENT_3D('',#11445,#9067,#9066);
#7631=AXIS2_PLACEMENT_3D('',#11446,#9069,#9068);
#7632=AXIS2_PLACEMENT_3D('',#11447,#9071,#9070);
#7633=AXIS2_PLACEMENT_3D('',#11448,#9073,#9072);
#7634=AXIS2_PLACEMENT_3D('',#11449,#9075,#9074);
#7635=AXIS2_PLACEMENT_3D('',#11450,#9077,#9076);
#7636=AXIS2_PLACEMENT_3D('',#11451,#9079,#9078);
#7637=AXIS2_PLACEMENT_3D('',#11452,#9081,#9080);
#7638=AXIS2_PLACEMENT_3D('',#11453,#9083,#9082);
#7639=AXIS2_PLACEMENT_3D('',#11454,#9085,#9084);
#7640=AXIS2_PLACEMENT_3D('',#11455,#9087,#9086);
#7641=AXIS2_PLACEMENT_3D('',#11456,#9089,#9088);
#7642=AXIS2_PLACEMENT_3D('',#11457,#9091,#9090);
#7643=AXIS2_PLACEMENT_3D('',#11458,#9093,#9092);
#7644=AXIS2_PLACEMENT_3D('',#11459,#9095,#9094);
#7645=AXIS2_PLACEMENT_3D('',#11460,#9097,#9096);
#7646=AXIS2_PLACEMENT_3D('',#11461,#9099,#9098);
#7647=AXIS2_PLACEMENT_3D('',#11462,#9101,#9100);
#7648=AXIS2_PLACEMENT_3D('',#11463,#9103,#9102);
#7649=AXIS2_PLACEMENT_3D('',#11464,#9105,#9104);
#7650=AXIS2_PLACEMENT_3D('',#11465,#9107,#9106);
#7651=AXIS2_PLACEMENT_3D('',#11466,#9109,#9108);
#7652=AXIS2_PLACEMENT_3D('',#11467,#9111,#9110);
#7653=AXIS2_PLACEMENT_3D('',#11468,#9113,#9112);
#7654=AXIS2_PLACEMENT_3D('',#11469,#9115,#9114);
#7655=AXIS2_PLACEMENT_3D('',#11470,#9117,#9116);
#7656=AXIS2_PLACEMENT_3D('',#11471,#9119,#9118);
#7657=AXIS2_PLACEMENT_3D('',#11472,#9121,#9120);
#7658=AXIS2_PLACEMENT_3D('',#11473,#9123,#9122);
#7659=AXIS2_PLACEMENT_3D('',#11474,#9125,#9124);
#7660=AXIS2_PLACEMENT_3D('',#11475,#9127,#9126);
#7661=AXIS2_PLACEMENT_3D('',#11476,#9129,#9128);
#7662=AXIS2_PLACEMENT_3D('',#11477,#9131,#9130);
#7663=AXIS2_PLACEMENT_3D('',#11478,#9133,#9132);
#7664=AXIS2_PLACEMENT_3D('',#11479,#9135,#9134);
#7665=AXIS2_PLACEMENT_3D('',#11480,#9137,#9136);
#7666=AXIS2_PLACEMENT_3D('',#11481,#9139,#9138);
#7667=AXIS2_PLACEMENT_3D('',#11482,#9141,#9140);
#7668=AXIS2_PLACEMENT_3D('',#11483,#9143,#9142);
#7669=AXIS2_PLACEMENT_3D('',#11484,#9145,#9144);
#7670=AXIS2_PLACEMENT_3D('',#11485,#9147,#9146);
#7671=AXIS2_PLACEMENT_3D('',#11486,#9149,#9148);
#7672=AXIS2_PLACEMENT_3D('',#11487,#9151,#9150);
#7673=AXIS2_PLACEMENT_3D('',#11488,#9153,#9152);
#7674=AXIS2_PLACEMENT_3D('',#11489,#9155,#9154);
#7675=AXIS2_PLACEMENT_3D('',#11490,#9157,#9156);
#7676=AXIS2_PLACEMENT_3D('',#11491,#9159,#9158);
#7677=AXIS2_PLACEMENT_3D('',#11492,#9161,#9160);
#7678=AXIS2_PLACEMENT_3D('',#11493,#9163,#9162);
#7679=AXIS2_PLACEMENT_3D('',#11494,#9165,#9164);
#7680=AXIS2_PLACEMENT_3D('',#11495,#9167,#9166);
#7681=AXIS2_PLACEMENT_3D('',#11496,#9169,#9168);
#7682=AXIS2_PLACEMENT_3D('',#11497,#9171,#9170);
#7683=AXIS2_PLACEMENT_3D('',#11498,#9173,#9172);
#7684=AXIS2_PLACEMENT_3D('',#11499,#9175,#9174);
#7685=AXIS2_PLACEMENT_3D('',#11500,#9177,#9176);
#7686=AXIS2_PLACEMENT_3D('',#11501,#9179,#9178);
#7687=AXIS2_PLACEMENT_3D('',#11502,#9181,#9180);
#7688=AXIS2_PLACEMENT_3D('',#11503,#9183,#9182);
#7689=AXIS2_PLACEMENT_3D('',#11504,#9185,#9184);
#7690=AXIS2_PLACEMENT_3D('',#11505,#9187,#9186);
#7691=AXIS2_PLACEMENT_3D('',#11506,#9189,#9188);
#7692=AXIS2_PLACEMENT_3D('',#11507,#9191,#9190);
#7693=AXIS2_PLACEMENT_3D('',#11508,#9193,#9192);
#7694=AXIS2_PLACEMENT_3D('',#11509,#9195,#9194);
#7695=AXIS2_PLACEMENT_3D('',#11510,#9197,#9196);
#7696=AXIS2_PLACEMENT_3D('',#11511,#9199,#9198);
#7697=AXIS2_PLACEMENT_3D('',#11512,#9201,#9200);
#7698=AXIS2_PLACEMENT_3D('',#11513,#9203,#9202);
#7699=AXIS2_PLACEMENT_3D('',#11514,#9205,#9204);
#7700=AXIS2_PLACEMENT_3D('',#11515,#9207,#9206);
#7701=AXIS2_PLACEMENT_3D('',#11516,#9209,#9208);
#7702=AXIS2_PLACEMENT_3D('',#11517,#9211,#9210);
#7703=AXIS2_PLACEMENT_3D('',#11518,#9213,#9212);
#7704=AXIS2_PLACEMENT_3D('',#11519,#9215,#9214);
#7705=AXIS2_PLACEMENT_3D('',#11520,#9217,#9216);
#7706=AXIS2_PLACEMENT_3D('',#11521,#9219,#9218);
#7707=AXIS2_PLACEMENT_3D('',#11522,#9221,#9220);
#7708=AXIS2_PLACEMENT_3D('',#11523,#9223,#9222);
#7709=AXIS2_PLACEMENT_3D('',#11524,#9225,#9224);
#7710=AXIS2_PLACEMENT_3D('',#11525,#9227,#9226);
#7711=AXIS2_PLACEMENT_3D('',#11526,#9229,#9228);
#7712=AXIS2_PLACEMENT_3D('',#11527,#9231,#9230);
#7713=AXIS2_PLACEMENT_3D('',#11528,#9233,#9232);
#7714=AXIS2_PLACEMENT_3D('',#11529,#9235,#9234);
#7715=AXIS2_PLACEMENT_3D('',#11530,#9237,#9236);
#7716=AXIS2_PLACEMENT_3D('',#11531,#9239,#9238);
#7717=AXIS2_PLACEMENT_3D('',#11532,#9241,#9240);
#7718=AXIS2_PLACEMENT_3D('',#11533,#9243,#9242);
#7719=AXIS2_PLACEMENT_3D('',#11534,#9245,#9244);
#7720=AXIS2_PLACEMENT_3D('',#11535,#9247,#9246);
#7721=AXIS2_PLACEMENT_3D('',#11536,#9249,#9248);
#7722=AXIS2_PLACEMENT_3D('',#11537,#9251,#9250);
#7723=AXIS2_PLACEMENT_3D('',#11538,#9253,#9252);
#7724=AXIS2_PLACEMENT_3D('',#11539,#9255,#9254);
#7725=AXIS2_PLACEMENT_3D('',#11540,#9257,#9256);
#7726=AXIS2_PLACEMENT_3D('',#11541,#9259,#9258);
#7727=AXIS2_PLACEMENT_3D('',#11542,#9261,#9260);
#7728=AXIS2_PLACEMENT_3D('',#11543,#9263,#9262);
#7729=AXIS2_PLACEMENT_3D('',#11544,#9265,#9264);
#7730=AXIS2_PLACEMENT_3D('',#11545,#9267,#9266);
#7731=AXIS2_PLACEMENT_3D('',#11546,#9269,#9268);
#7732=AXIS2_PLACEMENT_3D('',#11547,#9271,#9270);
#7733=AXIS2_PLACEMENT_3D('',#11548,#9273,#9272);
#7734=AXIS2_PLACEMENT_3D('',#11549,#9275,#9274);
#7735=AXIS2_PLACEMENT_3D('',#11550,#9277,#9276);
#7736=AXIS2_PLACEMENT_3D('',#11551,#9279,#9278);
#7737=AXIS2_PLACEMENT_3D('',#11552,#9281,#9280);
#7738=AXIS2_PLACEMENT_3D('',#11553,#9283,#9282);
#7739=AXIS2_PLACEMENT_3D('',#11554,#9285,#9284);
#7740=AXIS2_PLACEMENT_3D('',#11555,#9287,#9286);
#7741=AXIS2_PLACEMENT_3D('',#11556,#9289,#9288);
#7742=AXIS2_PLACEMENT_3D('',#11557,#9291,#9290);
#7743=AXIS2_PLACEMENT_3D('',#11558,#9293,#9292);
#7744=AXIS2_PLACEMENT_3D('',#11559,#9295,#9294);
#7745=AXIS2_PLACEMENT_3D('',#11560,#9297,#9296);
#7746=AXIS2_PLACEMENT_3D('',#11561,#9299,#9298);
#7747=AXIS2_PLACEMENT_3D('',#11562,#9301,#9300);
#7748=AXIS2_PLACEMENT_3D('',#11563,#9303,#9302);
#7749=AXIS2_PLACEMENT_3D('',#11564,#9305,#9304);
#7750=AXIS2_PLACEMENT_3D('',#11565,#9307,#9306);
#7751=AXIS2_PLACEMENT_3D('',#11566,#9309,#9308);
#7752=AXIS2_PLACEMENT_3D('',#11567,#9311,#9310);
#7753=AXIS2_PLACEMENT_3D('',#11568,#9313,#9312);
#7754=AXIS2_PLACEMENT_3D('',#11569,#9315,#9314);
#7755=AXIS2_PLACEMENT_3D('',#11570,#9317,#9316);
#7756=AXIS2_PLACEMENT_3D('',#11571,#9319,#9318);
#7757=AXIS2_PLACEMENT_3D('',#11572,#9321,#9320);
#7758=AXIS2_PLACEMENT_3D('',#11573,#9323,#9322);
#7759=AXIS2_PLACEMENT_3D('',#11574,#9325,#9324);
#7760=AXIS2_PLACEMENT_3D('',#11575,#9327,#9326);
#7761=AXIS2_PLACEMENT_3D('',#11576,#9329,#9328);
#7762=AXIS2_PLACEMENT_3D('',#11577,#9331,#9330);
#7763=AXIS2_PLACEMENT_3D('',#11578,#9333,#9332);
#7764=AXIS2_PLACEMENT_3D('',#11579,#9335,#9334);
#7765=AXIS2_PLACEMENT_3D('',#11580,#9337,#9336);
#7766=AXIS2_PLACEMENT_3D('',#11581,#9339,#9338);
#7767=AXIS2_PLACEMENT_3D('',#11582,#9341,#9340);
#7768=AXIS2_PLACEMENT_3D('',#11583,#9343,#9342);
#7769=AXIS2_PLACEMENT_3D('',#11584,#9345,#9344);
#7770=AXIS2_PLACEMENT_3D('',#11585,#9347,#9346);
#7771=AXIS2_PLACEMENT_3D('',#11586,#9349,#9348);
#7772=AXIS2_PLACEMENT_3D('',#11587,#9351,#9350);
#7773=AXIS2_PLACEMENT_3D('',#11588,#9353,#9352);
#7774=AXIS2_PLACEMENT_3D('',#11589,#9355,#9354);
#7775=AXIS2_PLACEMENT_3D('',#11590,#9357,#9356);
#7776=AXIS2_PLACEMENT_3D('',#11591,#9359,#9358);
#7777=AXIS2_PLACEMENT_3D('',#11592,#9361,#9360);
#7778=AXIS2_PLACEMENT_3D('',#11593,#9363,#9362);
#7779=AXIS2_PLACEMENT_3D('',#11594,#9365,#9364);
#7780=AXIS2_PLACEMENT_3D('',#11595,#9367,#9366);
#7781=AXIS2_PLACEMENT_3D('',#11596,#9369,#9368);
#7782=AXIS2_PLACEMENT_3D('',#11597,#9371,#9370);
#7783=AXIS2_PLACEMENT_3D('',#11598,#9373,#9372);
#7784=AXIS2_PLACEMENT_3D('',#11599,#9375,#9374);
#7785=AXIS2_PLACEMENT_3D('',#11600,#9377,#9376);
#7786=AXIS2_PLACEMENT_3D('',#11601,#9379,#9378);
#7787=AXIS2_PLACEMENT_3D('',#11602,#9381,#9380);
#7788=AXIS2_PLACEMENT_3D('',#11603,#9383,#9382);
#7789=AXIS2_PLACEMENT_3D('',#11604,#9385,#9384);
#7790=AXIS2_PLACEMENT_3D('',#11605,#9387,#9386);
#7791=AXIS2_PLACEMENT_3D('',#11606,#9389,#9388);
#7792=AXIS2_PLACEMENT_3D('',#11607,#9391,#9390);
#7793=AXIS2_PLACEMENT_3D('',#11608,#9393,#9392);
#7794=AXIS2_PLACEMENT_3D('',#11609,#9395,#9394);
#7795=AXIS2_PLACEMENT_3D('',#11610,#9397,#9396);
#7796=AXIS2_PLACEMENT_3D('',#11611,#9399,#9398);
#7797=AXIS2_PLACEMENT_3D('',#11612,#9401,#9400);
#7798=AXIS2_PLACEMENT_3D('',#11613,#9403,#9402);
#7799=AXIS2_PLACEMENT_3D('',#11614,#9405,#9404);
#7800=AXIS2_PLACEMENT_3D('',#11615,#9407,#9406);
#7801=AXIS2_PLACEMENT_3D('',#11616,#9409,#9408);
#7802=AXIS2_PLACEMENT_3D('',#11617,#9411,#9410);
#7803=AXIS2_PLACEMENT_3D('',#11618,#9413,#9412);
#7804=AXIS2_PLACEMENT_3D('',#11619,#9415,#9414);
#7805=AXIS2_PLACEMENT_3D('',#11620,#9417,#9416);
#7806=AXIS2_PLACEMENT_3D('',#11621,#9419,#9418);
#7807=AXIS2_PLACEMENT_3D('',#11622,#9421,#9420);
#7808=AXIS2_PLACEMENT_3D('',#11623,#9423,#9422);
#7809=AXIS2_PLACEMENT_3D('',#11624,#9425,#9424);
#7810=AXIS2_PLACEMENT_3D('',#11625,#9427,#9426);
#7811=AXIS2_PLACEMENT_3D('',#11626,#9429,#9428);
#7812=AXIS2_PLACEMENT_3D('',#11627,#9431,#9430);
#7813=AXIS2_PLACEMENT_3D('',#11628,#9433,#9432);
#7814=AXIS2_PLACEMENT_3D('',#11629,#9435,#9434);
#7815=AXIS2_PLACEMENT_3D('',#11630,#9437,#9436);
#7816=AXIS2_PLACEMENT_3D('',#11631,#9439,#9438);
#7817=AXIS2_PLACEMENT_3D('',#11632,#9441,#9440);
#7818=AXIS2_PLACEMENT_3D('',#11633,#9443,#9442);
#7819=AXIS2_PLACEMENT_3D('',#11634,#9445,#9444);
#7820=AXIS2_PLACEMENT_3D('',#11635,#9447,#9446);
#7821=AXIS2_PLACEMENT_3D('',#11636,#9449,#9448);
#7822=AXIS2_PLACEMENT_3D('',#11637,#9451,#9450);
#7823=AXIS2_PLACEMENT_3D('',#11638,#9453,#9452);
#7824=AXIS2_PLACEMENT_3D('',#11639,#9455,#9454);
#7825=AXIS2_PLACEMENT_3D('',#11640,#9457,#9456);
#7826=AXIS2_PLACEMENT_3D('',#11641,#9459,#9458);
#7827=AXIS2_PLACEMENT_3D('',#11642,#9461,#9460);
#7828=AXIS2_PLACEMENT_3D('',#11643,#9463,#9462);
#7829=AXIS2_PLACEMENT_3D('',#11644,#9465,#9464);
#7830=AXIS2_PLACEMENT_3D('',#11645,#9467,#9466);
#7831=AXIS2_PLACEMENT_3D('',#11646,#9469,#9468);
#7832=AXIS2_PLACEMENT_3D('',#11647,#9471,#9470);
#7833=AXIS2_PLACEMENT_3D('',#11648,#9473,#9472);
#7834=AXIS2_PLACEMENT_3D('',#11649,#9475,#9474);
#7835=AXIS2_PLACEMENT_3D('',#11650,#9477,#9476);
#7836=AXIS2_PLACEMENT_3D('',#11651,#9479,#9478);
#7837=AXIS2_PLACEMENT_3D('',#11652,#9481,#9480);
#7838=AXIS2_PLACEMENT_3D('',#11653,#9483,#9482);
#7839=AXIS2_PLACEMENT_3D('',#11654,#9485,#9484);
#7840=AXIS2_PLACEMENT_3D('',#11655,#9487,#9486);
#7841=AXIS2_PLACEMENT_3D('',#11656,#9489,#9488);
#7842=AXIS2_PLACEMENT_3D('',#11657,#9491,#9490);
#7843=AXIS2_PLACEMENT_3D('',#11658,#9493,#9492);
#7844=AXIS2_PLACEMENT_3D('',#11659,#9495,#9494);
#7845=AXIS2_PLACEMENT_3D('',#11660,#9497,#9496);
#7846=AXIS2_PLACEMENT_3D('',#11661,#9499,#9498);
#7847=AXIS2_PLACEMENT_3D('',#11662,#9501,#9500);
#7848=AXIS2_PLACEMENT_3D('',#11663,#9503,#9502);
#7849=AXIS2_PLACEMENT_3D('',#11664,#9505,#9504);
#7850=AXIS2_PLACEMENT_3D('',#11665,#9507,#9506);
#7851=AXIS2_PLACEMENT_3D('',#11666,#9509,#9508);
#7852=AXIS2_PLACEMENT_3D('',#11667,#9511,#9510);
#7853=AXIS2_PLACEMENT_3D('',#11668,#9513,#9512);
#7854=AXIS2_PLACEMENT_3D('',#11669,#9515,#9514);
#7855=AXIS2_PLACEMENT_3D('',#11670,#9517,#9516);
#7856=AXIS2_PLACEMENT_3D('',#11671,#9519,#9518);
#7857=AXIS2_PLACEMENT_3D('',#11672,#9521,#9520);
#7858=AXIS2_PLACEMENT_3D('',#11673,#9523,#9522);
#7859=AXIS2_PLACEMENT_3D('',#11674,#9525,#9524);
#7860=AXIS2_PLACEMENT_3D('',#11675,#9527,#9526);
#7861=AXIS2_PLACEMENT_3D('',#11676,#9529,#9528);
#7862=AXIS2_PLACEMENT_3D('',#11677,#9531,#9530);
#7863=AXIS2_PLACEMENT_3D('',#11678,#9533,#9532);
#7864=AXIS2_PLACEMENT_3D('',#11679,#9535,#9534);
#7865=AXIS2_PLACEMENT_3D('',#11680,#9537,#9536);
#7866=AXIS2_PLACEMENT_3D('',#11681,#9539,#9538);
#7867=AXIS2_PLACEMENT_3D('',#11682,#9541,#9540);
#7868=AXIS2_PLACEMENT_3D('',#11683,#9543,#9542);
#7869=AXIS2_PLACEMENT_3D('',#11684,#9545,#9544);
#7870=AXIS2_PLACEMENT_3D('',#11685,#9547,#9546);
#7871=AXIS2_PLACEMENT_3D('',#11686,#9549,#9548);
#7872=AXIS2_PLACEMENT_3D('',#11687,#9551,#9550);
#7873=AXIS2_PLACEMENT_3D('',#11688,#9553,#9552);
#7874=AXIS2_PLACEMENT_3D('',#11689,#9555,#9554);
#7875=AXIS2_PLACEMENT_3D('',#11690,#9557,#9556);
#7876=AXIS2_PLACEMENT_3D('',#11691,#9559,#9558);
#7877=AXIS2_PLACEMENT_3D('',#11692,#9561,#9560);
#7878=AXIS2_PLACEMENT_3D('',#11693,#9563,#9562);
#7879=AXIS2_PLACEMENT_3D('',#11694,#9565,#9564);
#7880=AXIS2_PLACEMENT_3D('',#11695,#9567,#9566);
#7881=AXIS2_PLACEMENT_3D('',#11696,#9569,#9568);
#7882=AXIS2_PLACEMENT_3D('',#11697,#9571,#9570);
#7883=AXIS2_PLACEMENT_3D('',#11698,#9573,#9572);
#7884=AXIS2_PLACEMENT_3D('',#11699,#9575,#9574);
#7885=AXIS2_PLACEMENT_3D('',#11700,#9577,#9576);
#7886=AXIS2_PLACEMENT_3D('',#11701,#9579,#9578);
#7887=AXIS2_PLACEMENT_3D('',#11702,#9581,#9580);
#7888=AXIS2_PLACEMENT_3D('',#11703,#9583,#9582);
#7889=AXIS2_PLACEMENT_3D('',#11704,#9585,#9584);
#7890=AXIS2_PLACEMENT_3D('',#11705,#9587,#9586);
#7891=AXIS2_PLACEMENT_3D('',#11706,#9589,#9588);
#7892=AXIS2_PLACEMENT_3D('',#11707,#9591,#9590);
#7893=AXIS2_PLACEMENT_3D('',#11708,#9593,#9592);
#7894=AXIS2_PLACEMENT_3D('',#11709,#9595,#9594);
#7895=AXIS2_PLACEMENT_3D('',#11710,#9597,#9596);
#7896=AXIS2_PLACEMENT_3D('',#11711,#9599,#9598);
#7897=AXIS2_PLACEMENT_3D('',#11712,#9601,#9600);
#7898=AXIS2_PLACEMENT_3D('',#11713,#9603,#9602);
#7899=AXIS2_PLACEMENT_3D('',#11714,#9605,#9604);
#7900=AXIS2_PLACEMENT_3D('',#11715,#9607,#9606);
#7901=AXIS2_PLACEMENT_3D('',#11716,#9609,#9608);
#7902=AXIS2_PLACEMENT_3D('',#11717,#9611,#9610);
#7903=AXIS2_PLACEMENT_3D('',#11718,#9613,#9612);
#7904=AXIS2_PLACEMENT_3D('',#11719,#9615,#9614);
#7905=AXIS2_PLACEMENT_3D('',#11720,#9617,#9616);
#7906=AXIS2_PLACEMENT_3D('',#11721,#9619,#9618);
#7907=AXIS2_PLACEMENT_3D('',#11722,#9621,#9620);
#7908=AXIS2_PLACEMENT_3D('',#11723,#9623,#9622);
#7909=AXIS2_PLACEMENT_3D('',#11724,#9625,#9624);
#7910=AXIS2_PLACEMENT_3D('',#11725,#9627,#9626);
#7911=AXIS2_PLACEMENT_3D('',#11726,#9629,#9628);
#7912=AXIS2_PLACEMENT_3D('',#11727,#9631,#9630);
#7913=AXIS2_PLACEMENT_3D('',#11728,#9633,#9632);
#7914=AXIS2_PLACEMENT_3D('',#11729,#9635,#9634);
#7915=AXIS2_PLACEMENT_3D('',#11730,#9637,#9636);
#7916=AXIS2_PLACEMENT_3D('',#11731,#9639,#9638);
#7917=AXIS2_PLACEMENT_3D('',#11732,#9641,#9640);
#7918=AXIS2_PLACEMENT_3D('',#11733,#9643,#9642);
#7919=AXIS2_PLACEMENT_3D('',#11734,#9645,#9644);
#7920=AXIS2_PLACEMENT_3D('',#11735,#9647,#9646);
#7921=AXIS2_PLACEMENT_3D('',#11736,#9649,#9648);
#7922=AXIS2_PLACEMENT_3D('',#11737,#9651,#9650);
#7923=AXIS2_PLACEMENT_3D('',#11738,#9653,#9652);
#7924=AXIS2_PLACEMENT_3D('',#11739,#9655,#9654);
#7925=AXIS2_PLACEMENT_3D('',#11740,#9657,#9656);
#7926=AXIS2_PLACEMENT_3D('',#11741,#9659,#9658);
#7927=AXIS2_PLACEMENT_3D('',#11742,#9661,#9660);
#7928=AXIS2_PLACEMENT_3D('',#11743,#9663,#9662);
#7929=AXIS2_PLACEMENT_3D('',#11744,#9665,#9664);
#7930=AXIS2_PLACEMENT_3D('',#11745,#9667,#9666);
#7931=AXIS2_PLACEMENT_3D('',#11746,#9669,#9668);
#7932=AXIS2_PLACEMENT_3D('',#11747,#9671,#9670);
#7933=AXIS2_PLACEMENT_3D('',#11748,#9673,#9672);
#7934=AXIS2_PLACEMENT_3D('',#11749,#9675,#9674);
#7935=AXIS2_PLACEMENT_3D('',#11750,#9677,#9676);
#7936=AXIS2_PLACEMENT_3D('',#11751,#9679,#9678);
#7937=AXIS2_PLACEMENT_3D('',#11752,#9681,#9680);
#7938=AXIS2_PLACEMENT_3D('',#11753,#9683,#9682);
#7939=AXIS2_PLACEMENT_3D('',#11754,#9685,#9684);
#7940=AXIS2_PLACEMENT_3D('',#11755,#9687,#9686);
#7941=AXIS2_PLACEMENT_3D('',#11756,#9689,#9688);
#7942=AXIS2_PLACEMENT_3D('',#11757,#9691,#9690);
#7943=AXIS2_PLACEMENT_3D('',#11758,#9693,#9692);
#7944=AXIS2_PLACEMENT_3D('',#11759,#9695,#9694);
#7945=AXIS2_PLACEMENT_3D('',#11760,#9697,#9696);
#7946=AXIS2_PLACEMENT_3D('',#11761,#9699,#9698);
#7947=AXIS2_PLACEMENT_3D('',#11762,#9701,#9700);
#7948=AXIS2_PLACEMENT_3D('',#11763,#9703,#9702);
#7949=AXIS2_PLACEMENT_3D('',#11764,#9705,#9704);
#7950=AXIS2_PLACEMENT_3D('',#11765,#9707,#9706);
#7951=AXIS2_PLACEMENT_3D('',#11766,#9709,#9708);
#7952=AXIS2_PLACEMENT_3D('',#11767,#9711,#9710);
#7953=AXIS2_PLACEMENT_3D('',#11768,#9713,#9712);
#7954=AXIS2_PLACEMENT_3D('',#11769,#9715,#9714);
#7955=AXIS2_PLACEMENT_3D('',#11770,#9717,#9716);
#7956=AXIS2_PLACEMENT_3D('',#11771,#9719,#9718);
#7957=AXIS2_PLACEMENT_3D('',#11772,#9721,#9720);
#7958=AXIS2_PLACEMENT_3D('',#11773,#9723,#9722);
#7959=AXIS2_PLACEMENT_3D('',#11774,#9725,#9724);
#7960=AXIS2_PLACEMENT_3D('',#11775,#9727,#9726);
#7961=AXIS2_PLACEMENT_3D('',#11776,#9729,#9728);
#7962=AXIS2_PLACEMENT_3D('',#11777,#9731,#9730);
#7963=AXIS2_PLACEMENT_3D('',#11778,#9733,#9732);
#7964=AXIS2_PLACEMENT_3D('',#11779,#9735,#9734);
#7965=AXIS2_PLACEMENT_3D('',#11780,#9737,#9736);
#7966=AXIS2_PLACEMENT_3D('',#11781,#9739,#9738);
#7967=AXIS2_PLACEMENT_3D('',#11782,#9741,#9740);
#7968=AXIS2_PLACEMENT_3D('',#11783,#9743,#9742);
#7969=AXIS2_PLACEMENT_3D('',#11784,#9745,#9744);
#7970=AXIS2_PLACEMENT_3D('',#11785,#9747,#9746);
#7971=AXIS2_PLACEMENT_3D('',#11786,#9749,#9748);
#7972=AXIS2_PLACEMENT_3D('',#11787,#9751,#9750);
#7973=AXIS2_PLACEMENT_3D('',#11788,#9753,#9752);
#7974=AXIS2_PLACEMENT_3D('',#11789,#9755,#9754);
#7975=AXIS2_PLACEMENT_3D('',#11790,#9757,#9756);
#7976=AXIS2_PLACEMENT_3D('',#11791,#9759,#9758);
#7977=AXIS2_PLACEMENT_3D('',#11792,#9761,#9760);
#7978=AXIS2_PLACEMENT_3D('',#11793,#9763,#9762);
#7979=AXIS2_PLACEMENT_3D('',#11794,#9765,#9764);
#7980=AXIS2_PLACEMENT_3D('',#11795,#9767,#9766);
#7981=AXIS2_PLACEMENT_3D('',#11796,#9769,#9768);
#7982=AXIS2_PLACEMENT_3D('',#11797,#9771,#9770);
#7983=AXIS2_PLACEMENT_3D('',#11798,#9773,#9772);
#7984=AXIS2_PLACEMENT_3D('',#11799,#9775,#9774);
#7985=AXIS2_PLACEMENT_3D('',#11800,#9777,#9776);
#7986=AXIS2_PLACEMENT_3D('',#11801,#9779,#9778);
#7987=AXIS2_PLACEMENT_3D('',#11802,#9781,#9780);
#7988=AXIS2_PLACEMENT_3D('',#11803,#9783,#9782);
#7989=AXIS2_PLACEMENT_3D('',#11804,#9785,#9784);
#7990=AXIS2_PLACEMENT_3D('',#11805,#9787,#9786);
#7991=AXIS2_PLACEMENT_3D('',#11806,#9789,#9788);
#7992=AXIS2_PLACEMENT_3D('',#11807,#9791,#9790);
#7993=AXIS2_PLACEMENT_3D('',#11808,#9793,#9792);
#7994=AXIS2_PLACEMENT_3D('',#11809,#9795,#9794);
#7995=AXIS2_PLACEMENT_3D('',#11810,#9797,#9796);
#7996=AXIS2_PLACEMENT_3D('',#11811,#9799,#9798);
#7997=AXIS2_PLACEMENT_3D('',#11812,#9801,#9800);
#7998=AXIS2_PLACEMENT_3D('',#11813,#9803,#9802);
#7999=AXIS2_PLACEMENT_3D('',#11814,#9805,#9804);
#8000=AXIS2_PLACEMENT_3D('',#11815,#9807,#9806);
#8001=AXIS2_PLACEMENT_3D('',#11816,#9809,#9808);
#8002=AXIS2_PLACEMENT_3D('',#11817,#9811,#9810);
#8003=AXIS2_PLACEMENT_3D('',#11818,#9813,#9812);
#8004=AXIS2_PLACEMENT_3D('',#11819,#9815,#9814);
#8005=AXIS2_PLACEMENT_3D('',#11820,#9817,#9816);
#8006=DIRECTION('',(1.,0.,0.));
#8007=DIRECTION('',(0.,0.,1.));
#8008=DIRECTION('',(0.,-1.,0.));
#8009=DIRECTION('',(0.,-1.,0.));
#8010=DIRECTION('',(0.,-1.,0.));
#8011=DIRECTION('',(0.,-1.,0.));
#8012=DIRECTION('',(0.,-1.,0.));
#8013=DIRECTION('',(0.,-1.,0.));
#8014=DIRECTION('',(0.,-1.,0.));
#8015=DIRECTION('',(0.,-1.,0.));
#8016=DIRECTION('',(0.,-1.,0.));
#8017=DIRECTION('',(0.,-1.,0.));
#8018=DIRECTION('',(0.,-1.,0.));
#8019=DIRECTION('',(0.,-1.,0.));
#8020=DIRECTION('',(0.,-1.,0.));
#8021=DIRECTION('',(0.,-1.,0.));
#8022=DIRECTION('',(0.,-1.,0.));
#8023=DIRECTION('',(0.,-1.,0.));
#8024=DIRECTION('',(0.,-1.,0.));
#8025=DIRECTION('',(0.,-1.,0.));
#8026=DIRECTION('',(0.,-1.,0.));
#8027=DIRECTION('',(0.,-1.,0.));
#8028=DIRECTION('',(0.,-1.,0.));
#8029=DIRECTION('',(0.,-1.,0.));
#8030=DIRECTION('',(0.,-1.,0.));
#8031=DIRECTION('',(0.,-1.,0.));
#8032=DIRECTION('',(0.,-1.,0.));
#8033=DIRECTION('',(0.,-1.,0.));
#8034=DIRECTION('',(0.,-1.,0.));
#8035=DIRECTION('',(0.,-1.,0.));
#8036=DIRECTION('',(0.,-1.,0.));
#8037=DIRECTION('',(0.,-1.,0.));
#8038=DIRECTION('',(0.,-1.,0.));
#8039=DIRECTION('',(0.,-1.,0.));
#8040=DIRECTION('',(0.,-1.,0.));
#8041=DIRECTION('',(0.,-1.,0.));
#8042=DIRECTION('',(0.,-1.,0.));
#8043=DIRECTION('',(0.,-1.,0.));
#8044=DIRECTION('',(0.,-1.,0.));
#8045=DIRECTION('',(0.,-1.,0.));
#8046=DIRECTION('',(0.,-1.,0.));
#8047=DIRECTION('',(0.,-1.,0.));
#8048=DIRECTION('',(0.,-1.,0.));
#8049=DIRECTION('',(0.,-1.,0.));
#8050=DIRECTION('',(0.,-1.,0.));
#8051=DIRECTION('',(0.,-1.,0.));
#8052=DIRECTION('',(0.,-1.,0.));
#8053=DIRECTION('',(0.,-1.,0.));
#8054=DIRECTION('',(0.,-1.,0.));
#8055=DIRECTION('',(0.,-1.,0.));
#8056=DIRECTION('',(0.,-1.,0.));
#8057=DIRECTION('',(0.,-1.,0.));
#8058=DIRECTION('',(0.,-1.,0.));
#8059=DIRECTION('',(0.,-1.,0.));
#8060=DIRECTION('',(0.,-1.,0.));
#8061=DIRECTION('',(0.,-1.,0.));
#8062=DIRECTION('',(0.,-1.,0.));
#8063=DIRECTION('',(0.,-1.,0.));
#8064=DIRECTION('',(0.,-1.,0.));
#8065=DIRECTION('',(0.,-1.,0.));
#8066=DIRECTION('',(0.,-1.,0.));
#8067=DIRECTION('',(0.,-1.,0.));
#8068=DIRECTION('',(0.,-1.,0.));
#8069=DIRECTION('',(0.,-1.,0.));
#8070=DIRECTION('',(0.,-1.,0.));
#8071=DIRECTION('',(0.,-1.,0.));
#8072=DIRECTION('',(0.,-1.,0.));
#8073=DIRECTION('',(0.,-1.,0.));
#8074=DIRECTION('',(0.,-1.,0.));
#8075=DIRECTION('',(0.,-1.,0.));
#8076=DIRECTION('',(0.,-1.,0.));
#8077=DIRECTION('',(0.,-1.,0.));
#8078=DIRECTION('',(0.,-1.,0.));
#8079=DIRECTION('',(0.,-1.,0.));
#8080=DIRECTION('',(0.,-1.,0.));
#8081=DIRECTION('',(0.,-1.,0.));
#8082=DIRECTION('',(0.,-1.,0.));
#8083=DIRECTION('',(0.,-1.,0.));
#8084=DIRECTION('',(0.,-1.,0.));
#8085=DIRECTION('',(0.,-1.,0.));
#8086=DIRECTION('',(0.,-1.,0.));
#8087=DIRECTION('',(0.,-1.,0.));
#8088=DIRECTION('',(0.,-1.,0.));
#8089=DIRECTION('',(0.,-1.,0.));
#8090=DIRECTION('',(0.,-1.,0.));
#8091=DIRECTION('',(0.,-1.,0.));
#8092=DIRECTION('',(0.,-1.,0.));
#8093=DIRECTION('',(0.,-1.,0.));
#8094=DIRECTION('',(0.,-1.,0.));
#8095=DIRECTION('',(0.,-1.,0.));
#8096=DIRECTION('',(0.,-1.,0.));
#8097=DIRECTION('',(0.,-1.,0.));
#8098=DIRECTION('',(0.,-1.,0.));
#8099=DIRECTION('',(0.,-1.,0.));
#8100=DIRECTION('',(0.,-1.,0.));
#8101=DIRECTION('',(0.,-1.,0.));
#8102=DIRECTION('',(0.,-1.,0.));
#8103=DIRECTION('',(0.,-1.,0.));
#8104=DIRECTION('',(0.,-1.,0.));
#8105=DIRECTION('',(0.,-1.,0.));
#8106=DIRECTION('',(0.,-1.,0.));
#8107=DIRECTION('',(0.,-1.,0.));
#8108=DIRECTION('',(0.,-1.,0.));
#8109=DIRECTION('',(0.,-1.,0.));
#8110=DIRECTION('',(0.,-1.,0.));
#8111=DIRECTION('',(0.,-1.,0.));
#8112=DIRECTION('',(0.,-1.,0.));
#8113=DIRECTION('',(0.,-1.,0.));
#8114=DIRECTION('',(0.,-1.,0.));
#8115=DIRECTION('',(0.,-1.,0.));
#8116=DIRECTION('',(0.,-1.,0.));
#8117=DIRECTION('',(0.,-1.,0.));
#8118=DIRECTION('',(0.,-1.,0.));
#8119=DIRECTION('',(0.,-1.,0.));
#8120=DIRECTION('',(0.,-1.,0.));
#8121=DIRECTION('',(0.,-1.,0.));
#8122=DIRECTION('',(0.,-1.,0.));
#8123=DIRECTION('',(0.,-1.,0.));
#8124=DIRECTION('',(0.,-1.,0.));
#8125=DIRECTION('',(0.,-1.,0.));
#8126=DIRECTION('',(0.,-1.,0.));
#8127=DIRECTION('',(0.,-1.,0.));
#8128=DIRECTION('',(0.,-1.,0.));
#8129=DIRECTION('',(0.,-1.,0.));
#8130=DIRECTION('',(0.,-1.,0.));
#8131=DIRECTION('',(0.,-1.,0.));
#8132=DIRECTION('',(0.,-1.,0.));
#8133=DIRECTION('',(0.,-1.,0.));
#8134=DIRECTION('',(0.,-1.,0.));
#8135=DIRECTION('',(0.,-1.,0.));
#8136=DIRECTION('',(0.,-1.,0.));
#8137=DIRECTION('',(0.,-1.,0.));
#8138=DIRECTION('',(0.,-1.,0.));
#8139=DIRECTION('',(0.,-1.,0.));
#8140=DIRECTION('',(0.,-1.,0.));
#8141=DIRECTION('',(0.,-1.,0.));
#8142=DIRECTION('',(0.,-1.,0.));
#8143=DIRECTION('',(0.,-1.,0.));
#8144=DIRECTION('',(0.,-1.,0.));
#8145=DIRECTION('',(0.,-1.,0.));
#8146=DIRECTION('',(0.,-1.,0.));
#8147=DIRECTION('',(0.,-1.,0.));
#8148=DIRECTION('',(0.,-1.,0.));
#8149=DIRECTION('',(0.,-1.,0.));
#8150=DIRECTION('',(0.,-1.,0.));
#8151=DIRECTION('',(0.,-1.,0.));
#8152=DIRECTION('',(0.,-1.,0.));
#8153=DIRECTION('',(0.,-1.,0.));
#8154=DIRECTION('',(0.,-1.,0.));
#8155=DIRECTION('',(0.,-1.,0.));
#8156=DIRECTION('',(0.,-1.,0.));
#8157=DIRECTION('',(0.,-1.,0.));
#8158=DIRECTION('',(0.,-1.,0.));
#8159=DIRECTION('',(0.,-1.,0.));
#8160=DIRECTION('',(0.,-1.,0.));
#8161=DIRECTION('',(0.,-1.,0.));
#8162=DIRECTION('',(0.,-1.,0.));
#8163=DIRECTION('',(0.,-1.,0.));
#8164=DIRECTION('',(0.,-1.,0.));
#8165=DIRECTION('',(0.,-1.,0.));
#8166=DIRECTION('',(0.,-1.,0.));
#8167=DIRECTION('',(0.,-1.,0.));
#8168=DIRECTION('',(0.,-1.,0.));
#8169=DIRECTION('',(0.,-1.,0.));
#8170=DIRECTION('',(0.,-1.,0.));
#8171=DIRECTION('',(0.,-1.,0.));
#8172=DIRECTION('',(0.,-1.,0.));
#8173=DIRECTION('',(0.,-1.,0.));
#8174=DIRECTION('',(0.,-1.,0.));
#8175=DIRECTION('',(0.,-1.,0.));
#8176=DIRECTION('',(0.,-1.,0.));
#8177=DIRECTION('',(0.,-1.,0.));
#8178=DIRECTION('',(0.,-1.,0.));
#8179=DIRECTION('',(0.,-1.,0.));
#8180=DIRECTION('',(0.,-1.,0.));
#8181=DIRECTION('',(0.,-1.,0.));
#8182=DIRECTION('',(0.,-1.,0.));
#8183=DIRECTION('',(0.,-1.,0.));
#8184=DIRECTION('',(0.,-1.,0.));
#8185=DIRECTION('',(0.,-1.,0.));
#8186=DIRECTION('',(0.,-1.,0.));
#8187=DIRECTION('',(0.,-1.,0.));
#8188=DIRECTION('',(0.,-1.,0.));
#8189=DIRECTION('',(0.,-1.,0.));
#8190=DIRECTION('',(0.,-1.,0.));
#8191=DIRECTION('',(0.,-1.,0.));
#8192=DIRECTION('',(0.,-1.,0.));
#8193=DIRECTION('',(0.,-1.,0.));
#8194=DIRECTION('',(0.,-1.,0.));
#8195=DIRECTION('',(0.,-1.,0.));
#8196=DIRECTION('',(0.,-1.,0.));
#8197=DIRECTION('',(0.,-1.,0.));
#8198=DIRECTION('',(0.,-1.,0.));
#8199=DIRECTION('',(0.,-1.,0.));
#8200=DIRECTION('',(0.,-1.,0.));
#8201=DIRECTION('',(0.,-1.,0.));
#8202=DIRECTION('',(0.,-1.,0.));
#8203=DIRECTION('',(0.,-1.,0.));
#8204=DIRECTION('',(0.,-1.,0.));
#8205=DIRECTION('',(0.,-1.,0.));
#8206=DIRECTION('',(0.,-1.,0.));
#8207=DIRECTION('',(0.,-1.,0.));
#8208=DIRECTION('',(0.,-1.,0.));
#8209=DIRECTION('',(0.,-1.,0.));
#8210=DIRECTION('',(0.,-1.,0.));
#8211=DIRECTION('',(0.,-1.,0.));
#8212=DIRECTION('',(0.,-1.,0.));
#8213=DIRECTION('',(0.,-1.,0.));
#8214=DIRECTION('',(0.,-1.,0.));
#8215=DIRECTION('',(0.,-1.,0.));
#8216=DIRECTION('',(0.,-1.,0.));
#8217=DIRECTION('',(0.,-1.,0.));
#8218=DIRECTION('',(0.,-1.,0.));
#8219=DIRECTION('',(0.,-1.,0.));
#8220=DIRECTION('',(0.,-1.,0.));
#8221=DIRECTION('',(0.,-1.,0.));
#8222=DIRECTION('',(0.,-1.,0.));
#8223=DIRECTION('',(0.,-1.,0.));
#8224=DIRECTION('',(0.,-1.,0.));
#8225=DIRECTION('',(0.,-1.,0.));
#8226=DIRECTION('',(0.,-1.,0.));
#8227=DIRECTION('',(0.,-1.,0.));
#8228=DIRECTION('',(0.,-1.,0.));
#8229=DIRECTION('',(0.,-1.,0.));
#8230=DIRECTION('',(0.,-1.,0.));
#8231=DIRECTION('',(0.,-1.,0.));
#8232=DIRECTION('',(0.,-1.,0.));
#8233=DIRECTION('',(0.,-1.,0.));
#8234=DIRECTION('',(0.,-1.,0.));
#8235=DIRECTION('',(0.,-1.,0.));
#8236=DIRECTION('',(0.,-1.,0.));
#8237=DIRECTION('',(0.,-1.,0.));
#8238=DIRECTION('',(0.,-1.,0.));
#8239=DIRECTION('',(0.,-1.,0.));
#8240=DIRECTION('',(0.,-1.,0.));
#8241=DIRECTION('',(0.,-1.,0.));
#8242=DIRECTION('',(0.,-1.,0.));
#8243=DIRECTION('',(0.,-1.,0.));
#8244=DIRECTION('',(0.,-1.,0.));
#8245=DIRECTION('',(0.,-1.,0.));
#8246=DIRECTION('',(0.,-1.,0.));
#8247=DIRECTION('',(0.,-1.,0.));
#8248=DIRECTION('',(0.,-1.,0.));
#8249=DIRECTION('',(0.,-1.,0.));
#8250=DIRECTION('',(0.,-1.,0.));
#8251=DIRECTION('',(0.,-1.,0.));
#8252=DIRECTION('',(0.,-1.,0.));
#8253=DIRECTION('',(0.,-1.,0.));
#8254=DIRECTION('',(0.,-1.,0.));
#8255=DIRECTION('',(0.,-1.,0.));
#8256=DIRECTION('',(0.,-1.,0.));
#8257=DIRECTION('',(0.,-1.,0.));
#8258=DIRECTION('',(0.,-1.,0.));
#8259=DIRECTION('',(0.,-1.,0.));
#8260=DIRECTION('',(0.,-1.,0.));
#8261=DIRECTION('',(0.,-1.,0.));
#8262=DIRECTION('',(0.,-1.,0.));
#8263=DIRECTION('',(0.,-1.,0.));
#8264=DIRECTION('',(0.,-1.,0.));
#8265=DIRECTION('',(0.,-1.,0.));
#8266=DIRECTION('',(0.,-1.,0.));
#8267=DIRECTION('',(0.798354685228529,0.,0.602187509479942));
#8268=DIRECTION('',(0.,0.,1.));
#8269=DIRECTION('',(-1.,0.,0.));
#8270=DIRECTION('',(-0.0800139087992398,0.,-0.996793747170731));
#8271=DIRECTION('',(-0.998407847990981,0.,-0.0564071721505257));
#8272=DIRECTION('',(-0.050129938979077,0.,-0.998742704212628));
#8273=DIRECTION('',(-1.,0.,-2.69832717616398E-010));
#8274=DIRECTION('',(-0.508729288449895,0.,0.86092654220512));
#8275=DIRECTION('',(0.,-1.,0.));
#8276=DIRECTION('',(-0.860926542205044,0.,-0.508729288450024));
#8277=DIRECTION('',(-0.0631212170548075,0.,-0.998005867696939));
#8278=DIRECTION('',(-0.99767092290912,0.,0.0682109198124778));
#8279=DIRECTION('',(-0.13003404460718,0.,-0.991509529577552));
#8280=DIRECTION('',(0.988474413645374,0.,-0.151388023200101));
#8281=DIRECTION('',(0.,1.,0.));
#8282=DIRECTION('',(-0.151388023200055,0.,-0.988474413645381));
#8283=DIRECTION('',(-1.,0.,0.));
#8284=DIRECTION('',(-0.403248995578516,0.,-0.915090294760533));
#8285=DIRECTION('',(9.60302898446995E-014,0.,1.));
#8286=DIRECTION('',(0.,-1.,0.));
#8287=DIRECTION('',(-1.,0.,-5.23346293662016E-015));
#8288=DIRECTION('',(0.823319217245265,0.,0.567578599415661));
#8289=DIRECTION('',(0.,-1.,0.));
#8290=DIRECTION('',(-0.567578599415623,0.,0.823319217245292));
#8291=DIRECTION('',(-1.,0.,0.));
#8292=DIRECTION('',(-0.102198381502726,0.,-0.994764037758816));
#8293=DIRECTION('',(0.930073237909559,0.,0.36737415821534));
#8294=DIRECTION('',(0.,-1.,0.));
#8295=DIRECTION('',(0.652446231890932,0.,-0.757835017989618));
#8296=DIRECTION('',(0.,1.,0.));
#8297=DIRECTION('',(0.957807516032684,0.,-0.287410442105538));
#8298=DIRECTION('',(0.,1.,0.));
#8299=DIRECTION('',(0.995791643312799,0.,-0.0916460752481869));
#8300=DIRECTION('',(0.,1.,0.));
#8301=DIRECTION('',(-0.995817972827827,0.,-0.0913595369574387));
#8302=DIRECTION('',(-0.14333221138401,0.,-0.989674631977485));
#8303=DIRECTION('',(-0.994592793036292,0.,-0.103851702153925));
#8304=DIRECTION('',(0.890427836638287,0.,-0.455124453023193));
#8305=DIRECTION('',(0.,1.,0.));
#8306=DIRECTION('',(-0.113550686132322,0.,0.993532204651102));
#8307=DIRECTION('',(0.,-1.,0.));
#8308=DIRECTION('',(-0.0351145996839176,0.,0.999383292280313));
#8309=DIRECTION('',(0.,-1.,0.));
#8310=DIRECTION('',(-0.153985434058534,0.,-0.988073117789268));
#8311=DIRECTION('',(1.,0.,0.));
#8312=DIRECTION('',(0.767680518609665,0.,0.640832756144063));
#8313=DIRECTION('',(0.999562257727447,0.,0.0295853498679536));
#8314=DIRECTION('',(0.7450766226059,0.,0.66697888006007));
#8315=DIRECTION('',(0.448485435884,0.,0.893790139686011));
#8316=DIRECTION('',(0.798354685228529,0.,0.602187509479942));
#8317=DIRECTION('',(0.,0.,1.));
#8318=DIRECTION('',(-1.,0.,0.));
#8319=DIRECTION('',(-0.0800139087992398,0.,-0.996793747170731));
#8320=DIRECTION('',(-0.998407847990981,0.,-0.0564071721505257));
#8321=DIRECTION('',(-0.050129938979077,0.,-0.998742704212628));
#8322=DIRECTION('',(-1.,0.,-2.69832717616398E-010));
#8323=DIRECTION('',(-0.508729288449895,0.,0.86092654220512));
#8324=DIRECTION('',(0.,-1.,0.));
#8325=DIRECTION('',(-0.860926542205044,0.,-0.508729288450024));
#8326=DIRECTION('',(-0.0631212170548075,0.,-0.998005867696939));
#8327=DIRECTION('',(-0.99767092290912,0.,0.0682109198124778));
#8328=DIRECTION('',(-0.13003404460718,0.,-0.991509529577552));
#8329=DIRECTION('',(0.988474413645374,0.,-0.151388023200101));
#8330=DIRECTION('',(0.,1.,0.));
#8331=DIRECTION('',(-0.151388023200055,0.,-0.988474413645381));
#8332=DIRECTION('',(-1.,0.,0.));
#8333=DIRECTION('',(-0.403248995578516,0.,-0.915090294760533));
#8334=DIRECTION('',(9.60302898446995E-014,0.,1.));
#8335=DIRECTION('',(0.,-1.,0.));
#8336=DIRECTION('',(-1.,0.,-5.23346293662016E-015));
#8337=DIRECTION('',(0.823319217245265,0.,0.567578599415661));
#8338=DIRECTION('',(0.,-1.,0.));
#8339=DIRECTION('',(-0.567578599415623,0.,0.823319217245292));
#8340=DIRECTION('',(-1.,0.,0.));
#8341=DIRECTION('',(-0.102198381502726,0.,-0.994764037758816));
#8342=DIRECTION('',(0.930073237909559,0.,0.36737415821534));
#8343=DIRECTION('',(0.,-1.,0.));
#8344=DIRECTION('',(0.652446231890932,0.,-0.757835017989618));
#8345=DIRECTION('',(0.,1.,0.));
#8346=DIRECTION('',(0.957807516032684,0.,-0.287410442105538));
#8347=DIRECTION('',(0.,1.,0.));
#8348=DIRECTION('',(0.995791643312799,0.,-0.0916460752481869));
#8349=DIRECTION('',(0.,1.,0.));
#8350=DIRECTION('',(-0.995817972827827,0.,-0.0913595369574387));
#8351=DIRECTION('',(-0.14333221138401,0.,-0.989674631977485));
#8352=DIRECTION('',(-0.994592793036292,0.,-0.103851702153925));
#8353=DIRECTION('',(0.890427836638287,0.,-0.455124453023193));
#8354=DIRECTION('',(0.,1.,0.));
#8355=DIRECTION('',(-0.113550686132322,0.,0.993532204651102));
#8356=DIRECTION('',(0.,-1.,0.));
#8357=DIRECTION('',(-0.0351145996839176,0.,0.999383292280313));
#8358=DIRECTION('',(0.,-1.,0.));
#8359=DIRECTION('',(-0.153985434058534,0.,-0.988073117789268));
#8360=DIRECTION('',(1.,0.,0.));
#8361=DIRECTION('',(0.767680518609665,0.,0.640832756144063));
#8362=DIRECTION('',(0.999562257727447,0.,0.0295853498679536));
#8363=DIRECTION('',(0.7450766226059,0.,0.66697888006007));
#8364=DIRECTION('',(0.448485435884,0.,0.893790139686011));
#8365=DIRECTION('',(-0.,-1.,-0.));
#8366=DIRECTION('',(-0.,-1.,-0.));
#8367=DIRECTION('',(-0.,-1.,-0.));
#8368=DIRECTION('',(-0.99796488337004,0.,0.0637659122119483));
#8369=DIRECTION('',(-0.0506238243409955,0.,-0.998717792176094));
#8370=DIRECTION('',(-0.997670922909119,0.,0.0682109198124943));
#8371=DIRECTION('',(0.0410390209431599,-0.,0.999157544514391));
#8372=DIRECTION('',(0.998311139257263,-0.,-0.0580936247351322));
#8373=DIRECTION('',(-0.0715455243547642,-0.,-0.99743733534734));
#8374=DIRECTION('',(-0.99796488337004,0.,0.0637659122119483));
#8375=DIRECTION('',(-0.0506238243409955,0.,-0.998717792176094));
#8376=DIRECTION('',(-0.997670922909119,0.,0.0682109198124943));
#8377=DIRECTION('',(0.0410390209431599,-0.,0.999157544514391));
#8378=DIRECTION('',(0.998311139257263,-0.,-0.0580936247351322));
#8379=DIRECTION('',(-0.0715455243547642,-0.,-0.99743733534734));
#8380=DIRECTION('',(-0.,-1.,-0.));
#8381=DIRECTION('',(-0.,-1.,-0.));
#8382=DIRECTION('',(-0.,-1.,-0.));
#8383=DIRECTION('',(-0.99796488337004,0.,0.0637659122119483));
#8384=DIRECTION('',(-0.0506238243409955,0.,-0.998717792176094));
#8385=DIRECTION('',(-0.997670922909119,0.,0.0682109198124943));
#8386=DIRECTION('',(0.0410390209431599,-0.,0.999157544514391));
#8387=DIRECTION('',(0.998311139257263,-0.,-0.0580936247351322));
#8388=DIRECTION('',(-0.0715455243547642,-0.,-0.99743733534734));
#8389=DIRECTION('',(-0.99796488337004,0.,0.0637659122119483));
#8390=DIRECTION('',(-0.0506238243409955,0.,-0.998717792176094));
#8391=DIRECTION('',(-0.997670922909119,0.,0.0682109198124943));
#8392=DIRECTION('',(0.0410390209431599,-0.,0.999157544514391));
#8393=DIRECTION('',(0.998311139257263,-0.,-0.0580936247351322));
#8394=DIRECTION('',(-0.0715455243547642,-0.,-0.99743733534734));
#8395=DIRECTION('',(-0.,-1.,-0.));
#8396=DIRECTION('',(-0.,-1.,-0.));
#8397=DIRECTION('',(-0.,-1.,-0.));
#8398=DIRECTION('',(-0.99796488337004,0.,0.0637659122119483));
#8399=DIRECTION('',(-0.0506238243409955,0.,-0.998717792176094));
#8400=DIRECTION('',(-0.997670922909119,0.,0.0682109198124943));
#8401=DIRECTION('',(0.0410390209431599,-0.,0.999157544514391));
#8402=DIRECTION('',(0.998311139257263,-0.,-0.0580936247351322));
#8403=DIRECTION('',(-0.0715455243547642,-0.,-0.99743733534734));
#8404=DIRECTION('',(-0.99796488337004,0.,0.0637659122119483));
#8405=DIRECTION('',(-0.0506238243409955,0.,-0.998717792176094));
#8406=DIRECTION('',(-0.997670922909119,0.,0.0682109198124943));
#8407=DIRECTION('',(0.0410390209431599,-0.,0.999157544514391));
#8408=DIRECTION('',(0.998311139257263,-0.,-0.0580936247351322));
#8409=DIRECTION('',(-0.0715455243547642,-0.,-0.99743733534734));
#8410=DIRECTION('',(-0.,-1.,-0.));
#8411=DIRECTION('',(0.0410390209431599,-0.,0.999157544514391));
#8412=DIRECTION('',(0.998311139257263,-0.,-0.0580936247351322));
#8413=DIRECTION('',(-0.99796488337004,0.,0.0637659122119483));
#8414=DIRECTION('',(-0.0506238243409955,0.,-0.998717792176094));
#8415=DIRECTION('',(-0.997670922909119,0.,0.0682109198124943));
#8416=DIRECTION('',(0.0410390209431599,-0.,0.999157544514391));
#8417=DIRECTION('',(0.998311139257263,-0.,-0.0580936247351322));
#8418=DIRECTION('',(-0.0715455243547642,-0.,-0.99743733534734));
#8419=DIRECTION('',(-0.,-1.,-0.));
#8420=DIRECTION('',(-0.,-1.,-0.));
#8421=DIRECTION('',(-0.,-1.,-0.));
#8422=DIRECTION('',(-0.99796488337004,0.,0.0637659122119483));
#8423=DIRECTION('',(-0.0506238243409955,0.,-0.998717792176094));
#8424=DIRECTION('',(-0.997670922909119,0.,0.0682109198124943));
#8425=DIRECTION('',(0.0410390209431599,-0.,0.999157544514391));
#8426=DIRECTION('',(0.998311139257263,-0.,-0.0580936247351322));
#8427=DIRECTION('',(-0.0715455243547642,-0.,-0.99743733534734));
#8428=DIRECTION('',(-0.99796488337004,0.,0.0637659122119483));
#8429=DIRECTION('',(-0.0506238243409955,0.,-0.998717792176094));
#8430=DIRECTION('',(-0.997670922909119,0.,0.0682109198124943));
#8431=DIRECTION('',(0.0410390209431599,-0.,0.999157544514391));
#8432=DIRECTION('',(0.998311139257263,-0.,-0.0580936247351322));
#8433=DIRECTION('',(-0.0715455243547642,-0.,-0.99743733534734));
#8434=DIRECTION('',(-0.,-1.,-0.));
#8435=DIRECTION('',(-0.,-1.,-0.));
#8436=DIRECTION('',(-0.,-1.,-0.));
#8437=DIRECTION('',(-0.99796488337004,0.,0.0637659122119483));
#8438=DIRECTION('',(-0.0506238243409955,0.,-0.998717792176094));
#8439=DIRECTION('',(-0.997670922909119,0.,0.0682109198124943));
#8440=DIRECTION('',(0.0410390209431599,-0.,0.999157544514391));
#8441=DIRECTION('',(0.998311139257263,-0.,-0.0580936247351322));
#8442=DIRECTION('',(-0.0715455243547642,-0.,-0.99743733534734));
#8443=DIRECTION('',(-0.99796488337004,0.,0.0637659122119483));
#8444=DIRECTION('',(-0.0506238243409955,0.,-0.998717792176094));
#8445=DIRECTION('',(-0.997670922909119,0.,0.0682109198124943));
#8446=DIRECTION('',(0.0410390209431599,-0.,0.999157544514391));
#8447=DIRECTION('',(0.998311139257263,-0.,-0.0580936247351322));
#8448=DIRECTION('',(-0.0715455243547642,-0.,-0.99743733534734));
#8449=DIRECTION('',(-0.,-1.,-0.));
#8450=DIRECTION('',(-0.,-1.,-0.));
#8451=DIRECTION('',(-0.,-1.,-0.));
#8452=DIRECTION('',(-0.99796488337004,0.,0.0637659122119483));
#8453=DIRECTION('',(-0.0506238243409955,0.,-0.998717792176094));
#8454=DIRECTION('',(-0.997670922909119,0.,0.0682109198124943));
#8455=DIRECTION('',(0.0410390209431599,-0.,0.999157544514391));
#8456=DIRECTION('',(0.998311139257263,-0.,-0.0580936247351322));
#8457=DIRECTION('',(-0.0715455243547642,-0.,-0.99743733534734));
#8458=DIRECTION('',(-0.99796488337004,0.,0.0637659122119483));
#8459=DIRECTION('',(-0.0506238243409955,0.,-0.998717792176094));
#8460=DIRECTION('',(-0.997670922909119,0.,0.0682109198124943));
#8461=DIRECTION('',(0.0410390209431599,-0.,0.999157544514391));
#8462=DIRECTION('',(0.998311139257263,-0.,-0.0580936247351322));
#8463=DIRECTION('',(-0.0715455243547642,-0.,-0.99743733534734));
#8464=DIRECTION('',(-0.,-1.,-0.));
#8465=DIRECTION('',(-0.,-1.,-0.));
#8466=DIRECTION('',(-0.,-1.,-0.));
#8467=DIRECTION('',(-0.99796488337004,0.,0.0637659122119483));
#8468=DIRECTION('',(-0.0506238243409955,0.,-0.998717792176094));
#8469=DIRECTION('',(-0.997670922909119,0.,0.0682109198124943));
#8470=DIRECTION('',(0.0410390209431599,-0.,0.999157544514391));
#8471=DIRECTION('',(0.998311139257263,-0.,-0.0580936247351322));
#8472=DIRECTION('',(-0.0715455243547642,-0.,-0.99743733534734));
#8473=DIRECTION('',(-0.99796488337004,0.,0.0637659122119483));
#8474=DIRECTION('',(-0.0506238243409955,0.,-0.998717792176094));
#8475=DIRECTION('',(-0.997670922909119,0.,0.0682109198124943));
#8476=DIRECTION('',(0.0410390209431599,-0.,0.999157544514391));
#8477=DIRECTION('',(0.998311139257263,-0.,-0.0580936247351322));
#8478=DIRECTION('',(-0.0715455243547642,-0.,-0.99743733534734));
#8479=DIRECTION('',(-0.,-1.,-0.));
#8480=DIRECTION('',(-0.,-1.,-0.));
#8481=DIRECTION('',(-0.,-1.,-0.));
#8482=DIRECTION('',(-0.99796488337004,0.,0.0637659122119483));
#8483=DIRECTION('',(-0.0506238243409955,0.,-0.998717792176094));
#8484=DIRECTION('',(-0.997670922909119,0.,0.0682109198124943));
#8485=DIRECTION('',(0.0410390209431599,-0.,0.999157544514391));
#8486=DIRECTION('',(0.998311139257263,-0.,-0.0580936247351322));
#8487=DIRECTION('',(-0.0715455243547642,-0.,-0.99743733534734));
#8488=DIRECTION('',(-0.99796488337004,0.,0.0637659122119483));
#8489=DIRECTION('',(-0.0506238243409955,0.,-0.998717792176094));
#8490=DIRECTION('',(-0.997670922909119,0.,0.0682109198124943));
#8491=DIRECTION('',(0.0410390209431599,-0.,0.999157544514391));
#8492=DIRECTION('',(0.998311139257263,-0.,-0.0580936247351322));
#8493=DIRECTION('',(-0.0715455243547642,-0.,-0.99743733534734));
#8494=DIRECTION('',(-0.,-1.,-0.));
#8495=DIRECTION('',(-0.,-1.,-0.));
#8496=DIRECTION('',(-0.,-1.,-0.));
#8497=DIRECTION('',(-0.99796488337004,0.,0.0637659122119483));
#8498=DIRECTION('',(-0.0506238243409955,0.,-0.998717792176094));
#8499=DIRECTION('',(-0.997670922909119,0.,0.0682109198124943));
#8500=DIRECTION('',(0.0410390209431599,-0.,0.999157544514391));
#8501=DIRECTION('',(0.998311139257263,-0.,-0.0580936247351322));
#8502=DIRECTION('',(-0.0715455243547642,-0.,-0.99743733534734));
#8503=DIRECTION('',(-0.99796488337004,0.,0.0637659122119483));
#8504=DIRECTION('',(-0.0506238243409955,0.,-0.998717792176094));
#8505=DIRECTION('',(-0.997670922909119,0.,0.0682109198124943));
#8506=DIRECTION('',(0.0410390209431599,-0.,0.999157544514391));
#8507=DIRECTION('',(0.998311139257263,-0.,-0.0580936247351322));
#8508=DIRECTION('',(-0.0715455243547642,-0.,-0.99743733534734));
#8509=DIRECTION('',(-0.,-1.,-0.));
#8510=DIRECTION('',(-0.,-1.,-0.));
#8511=DIRECTION('',(-0.,-1.,-0.));
#8512=DIRECTION('',(-0.99796488337004,0.,0.0637659122119483));
#8513=DIRECTION('',(-0.0506238243409955,0.,-0.998717792176094));
#8514=DIRECTION('',(-0.997670922909119,0.,0.0682109198124943));
#8515=DIRECTION('',(0.0410390209431599,-0.,0.999157544514391));
#8516=DIRECTION('',(0.998311139257263,-0.,-0.0580936247351322));
#8517=DIRECTION('',(-0.0715455243547642,-0.,-0.99743733534734));
#8518=DIRECTION('',(-0.99796488337004,0.,0.0637659122119483));
#8519=DIRECTION('',(-0.0506238243409955,0.,-0.998717792176094));
#8520=DIRECTION('',(-0.997670922909119,0.,0.0682109198124943));
#8521=DIRECTION('',(0.0410390209431599,-0.,0.999157544514391));
#8522=DIRECTION('',(0.998311139257263,-0.,-0.0580936247351322));
#8523=DIRECTION('',(-0.0715455243547642,-0.,-0.99743733534734));
#8524=DIRECTION('',(-0.,-1.,-0.));
#8525=DIRECTION('',(-0.,-1.,-0.));
#8526=DIRECTION('',(-0.,-1.,-0.));
#8527=DIRECTION('',(-0.99796488337004,0.,0.0637659122119483));
#8528=DIRECTION('',(-0.0506238243409955,0.,-0.998717792176094));
#8529=DIRECTION('',(-0.997670922909119,0.,0.0682109198124943));
#8530=DIRECTION('',(0.0410390209431599,-0.,0.999157544514391));
#8531=DIRECTION('',(0.998311139257263,-0.,-0.0580936247351322));
#8532=DIRECTION('',(-0.0715455243547642,-0.,-0.99743733534734));
#8533=DIRECTION('',(-0.99796488337004,0.,0.0637659122119483));
#8534=DIRECTION('',(-0.0506238243409955,0.,-0.998717792176094));
#8535=DIRECTION('',(-0.997670922909119,0.,0.0682109198124943));
#8536=DIRECTION('',(0.0410390209431599,-0.,0.999157544514391));
#8537=DIRECTION('',(0.998311139257263,-0.,-0.0580936247351322));
#8538=DIRECTION('',(-0.0715455243547642,-0.,-0.99743733534734));
#8539=DIRECTION('',(-0.,-1.,-0.));
#8540=DIRECTION('',(-0.,-1.,-0.));
#8541=DIRECTION('',(-0.,-1.,-0.));
#8542=DIRECTION('',(-0.99796488337004,0.,0.0637659122119483));
#8543=DIRECTION('',(-0.0506238243409955,0.,-0.998717792176094));
#8544=DIRECTION('',(-0.997670922909119,0.,0.0682109198124943));
#8545=DIRECTION('',(0.0410390209431599,-0.,0.999157544514391));
#8546=DIRECTION('',(0.998311139257263,-0.,-0.0580936247351322));
#8547=DIRECTION('',(-0.0715455243547642,-0.,-0.99743733534734));
#8548=DIRECTION('',(-0.99796488337004,0.,0.0637659122119483));
#8549=DIRECTION('',(-0.0506238243409955,0.,-0.998717792176094));
#8550=DIRECTION('',(-0.997670922909119,0.,0.0682109198124943));
#8551=DIRECTION('',(0.0410390209431599,-0.,0.999157544514391));
#8552=DIRECTION('',(0.998311139257263,-0.,-0.0580936247351322));
#8553=DIRECTION('',(-0.0715455243547642,-0.,-0.99743733534734));
#8554=DIRECTION('',(-0.,-1.,-0.));
#8555=DIRECTION('',(-0.,-1.,-0.));
#8556=DIRECTION('',(-0.,-1.,-0.));
#8557=DIRECTION('',(-0.99796488337004,0.,0.0637659122119483));
#8558=DIRECTION('',(-0.0506238243409955,0.,-0.998717792176094));
#8559=DIRECTION('',(-0.997670922909119,0.,0.0682109198124943));
#8560=DIRECTION('',(0.0410390209431599,-0.,0.999157544514391));
#8561=DIRECTION('',(0.998311139257263,-0.,-0.0580936247351322));
#8562=DIRECTION('',(-0.0715455243547642,-0.,-0.99743733534734));
#8563=DIRECTION('',(-0.99796488337004,0.,0.0637659122119483));
#8564=DIRECTION('',(-0.0506238243409955,0.,-0.998717792176094));
#8565=DIRECTION('',(-0.997670922909119,0.,0.0682109198124943));
#8566=DIRECTION('',(0.0410390209431599,-0.,0.999157544514391));
#8567=DIRECTION('',(0.998311139257263,-0.,-0.0580936247351322));
#8568=DIRECTION('',(-0.0715455243547642,-0.,-0.99743733534734));
#8569=DIRECTION('',(-0.,-1.,-0.));
#8570=DIRECTION('',(-0.,-1.,-0.));
#8571=DIRECTION('',(-0.,-1.,-0.));
#8572=DIRECTION('',(-0.99796488337004,0.,0.0637659122119483));
#8573=DIRECTION('',(-0.0506238243409955,0.,-0.998717792176094));
#8574=DIRECTION('',(-0.997670922909119,0.,0.0682109198124943));
#8575=DIRECTION('',(0.0410390209431599,-0.,0.999157544514391));
#8576=DIRECTION('',(0.998311139257263,-0.,-0.0580936247351322));
#8577=DIRECTION('',(-0.0715455243547642,-0.,-0.99743733534734));
#8578=DIRECTION('',(-0.99796488337004,0.,0.0637659122119483));
#8579=DIRECTION('',(-0.0506238243409955,0.,-0.998717792176094));
#8580=DIRECTION('',(-0.997670922909119,0.,0.0682109198124943));
#8581=DIRECTION('',(0.0410390209431599,-0.,0.999157544514391));
#8582=DIRECTION('',(0.998311139257263,-0.,-0.0580936247351322));
#8583=DIRECTION('',(-0.0715455243547642,-0.,-0.99743733534734));
#8584=DIRECTION('',(-0.,-1.,-0.));
#8585=DIRECTION('',(-0.,-1.,-0.));
#8586=DIRECTION('',(-0.,-1.,-0.));
#8587=DIRECTION('',(-0.99796488337004,0.,0.0637659122119483));
#8588=DIRECTION('',(-0.0506238243409955,0.,-0.998717792176094));
#8589=DIRECTION('',(-0.997670922909119,0.,0.0682109198124943));
#8590=DIRECTION('',(0.0410390209431599,-0.,0.999157544514391));
#8591=DIRECTION('',(0.998311139257263,-0.,-0.0580936247351322));
#8592=DIRECTION('',(-0.0715455243547642,-0.,-0.99743733534734));
#8593=DIRECTION('',(-0.99796488337004,0.,0.0637659122119483));
#8594=DIRECTION('',(-0.0506238243409955,0.,-0.998717792176094));
#8595=DIRECTION('',(-0.997670922909119,0.,0.0682109198124943));
#8596=DIRECTION('',(0.0410390209431599,-0.,0.999157544514391));
#8597=DIRECTION('',(0.998311139257263,-0.,-0.0580936247351322));
#8598=DIRECTION('',(-0.0715455243547642,-0.,-0.99743733534734));
#8599=DIRECTION('',(-0.,-1.,-0.));
#8600=DIRECTION('',(-0.,-1.,-0.));
#8601=DIRECTION('',(-0.,-1.,-0.));
#8602=DIRECTION('',(-0.99796488337004,0.,0.0637659122119483));
#8603=DIRECTION('',(-0.0506238243409955,0.,-0.998717792176094));
#8604=DIRECTION('',(-0.997670922909119,0.,0.0682109198124943));
#8605=DIRECTION('',(0.0410390209431599,-0.,0.999157544514391));
#8606=DIRECTION('',(0.998311139257263,-0.,-0.0580936247351322));
#8607=DIRECTION('',(-0.0715455243547642,-0.,-0.99743733534734));
#8608=DIRECTION('',(-0.99796488337004,0.,0.0637659122119483));
#8609=DIRECTION('',(-0.0506238243409955,0.,-0.998717792176094));
#8610=DIRECTION('',(-0.997670922909119,0.,0.0682109198124943));
#8611=DIRECTION('',(0.0410390209431599,-0.,0.999157544514391));
#8612=DIRECTION('',(0.998311139257263,-0.,-0.0580936247351322));
#8613=DIRECTION('',(-0.0715455243547642,-0.,-0.99743733534734));
#8614=DIRECTION('',(-0.,-1.,-0.));
#8615=DIRECTION('',(-0.,-1.,-0.));
#8616=DIRECTION('',(-0.,-1.,-0.));
#8617=DIRECTION('',(-0.99796488337004,0.,0.0637659122119483));
#8618=DIRECTION('',(-0.0506238243409955,0.,-0.998717792176094));
#8619=DIRECTION('',(-0.997670922909119,0.,0.0682109198124943));
#8620=DIRECTION('',(0.0410390209431599,-0.,0.999157544514391));
#8621=DIRECTION('',(0.998311139257263,-0.,-0.0580936247351322));
#8622=DIRECTION('',(-0.0715455243547642,-0.,-0.99743733534734));
#8623=DIRECTION('',(-0.99796488337004,0.,0.0637659122119483));
#8624=DIRECTION('',(-0.0506238243409955,0.,-0.998717792176094));
#8625=DIRECTION('',(-0.997670922909119,0.,0.0682109198124943));
#8626=DIRECTION('',(0.0410390209431599,-0.,0.999157544514391));
#8627=DIRECTION('',(0.998311139257263,-0.,-0.0580936247351322));
#8628=DIRECTION('',(-0.0715455243547642,-0.,-0.99743733534734));
#8629=DIRECTION('',(-0.,-1.,-0.));
#8630=DIRECTION('',(-0.,-1.,-0.));
#8631=DIRECTION('',(-0.,-1.,-0.));
#8632=DIRECTION('',(-0.99796488337004,0.,0.0637659122119483));
#8633=DIRECTION('',(-0.0506238243409955,0.,-0.998717792176094));
#8634=DIRECTION('',(-0.997670922909119,0.,0.0682109198124943));
#8635=DIRECTION('',(0.0410390209431599,-0.,0.999157544514391));
#8636=DIRECTION('',(0.998311139257263,-0.,-0.0580936247351322));
#8637=DIRECTION('',(-0.0715455243547642,-0.,-0.99743733534734));
#8638=DIRECTION('',(-0.99796488337004,0.,0.0637659122119483));
#8639=DIRECTION('',(-0.0506238243409955,0.,-0.998717792176094));
#8640=DIRECTION('',(-0.997670922909119,0.,0.0682109198124943));
#8641=DIRECTION('',(0.0410390209431599,-0.,0.999157544514391));
#8642=DIRECTION('',(0.998311139257263,-0.,-0.0580936247351322));
#8643=DIRECTION('',(-0.0715455243547642,-0.,-0.99743733534734));
#8644=DIRECTION('',(-0.,-1.,-0.));
#8645=DIRECTION('',(-0.,-1.,-0.));
#8646=DIRECTION('',(-0.,-1.,-0.));
#8647=DIRECTION('',(-0.99796488337004,0.,0.0637659122119483));
#8648=DIRECTION('',(-0.0506238243409955,0.,-0.998717792176094));
#8649=DIRECTION('',(-0.997670922909119,0.,0.0682109198124943));
#8650=DIRECTION('',(0.0410390209431599,-0.,0.999157544514391));
#8651=DIRECTION('',(0.998311139257263,-0.,-0.0580936247351322));
#8652=DIRECTION('',(-0.0715455243547642,-0.,-0.99743733534734));
#8653=DIRECTION('',(-0.99796488337004,0.,0.0637659122119483));
#8654=DIRECTION('',(-0.0506238243409955,0.,-0.998717792176094));
#8655=DIRECTION('',(-0.997670922909119,0.,0.0682109198124943));
#8656=DIRECTION('',(0.0410390209431599,-0.,0.999157544514391));
#8657=DIRECTION('',(0.998311139257263,-0.,-0.0580936247351322));
#8658=DIRECTION('',(-0.0715455243547642,-0.,-0.99743733534734));
#8659=DIRECTION('',(-0.,-1.,-0.));
#8660=DIRECTION('',(-0.,-1.,-0.));
#8661=DIRECTION('',(-0.,-1.,-0.));
#8662=DIRECTION('',(-0.99796488337004,0.,0.0637659122119483));
#8663=DIRECTION('',(-0.0506238243409955,0.,-0.998717792176094));
#8664=DIRECTION('',(-0.997670922909119,0.,0.0682109198124943));
#8665=DIRECTION('',(0.0410390209431599,-0.,0.999157544514391));
#8666=DIRECTION('',(0.998311139257263,-0.,-0.0580936247351322));
#8667=DIRECTION('',(-0.0715455243547642,-0.,-0.99743733534734));
#8668=DIRECTION('',(-0.99796488337004,0.,0.0637659122119483));
#8669=DIRECTION('',(-0.0506238243409955,0.,-0.998717792176094));
#8670=DIRECTION('',(-0.997670922909119,0.,0.0682109198124943));
#8671=DIRECTION('',(0.0410390209431599,-0.,0.999157544514391));
#8672=DIRECTION('',(0.998311139257263,-0.,-0.0580936247351322));
#8673=DIRECTION('',(-0.0715455243547642,-0.,-0.99743733534734));
#8674=DIRECTION('',(-0.,-1.,-0.));
#8675=DIRECTION('',(-0.,-1.,-0.));
#8676=DIRECTION('',(-0.,-1.,-0.));
#8677=DIRECTION('',(-0.99796488337004,0.,0.0637659122119483));
#8678=DIRECTION('',(-0.0506238243409955,0.,-0.998717792176094));
#8679=DIRECTION('',(-0.997670922909119,0.,0.0682109198124943));
#8680=DIRECTION('',(0.0410390209431599,-0.,0.999157544514391));
#8681=DIRECTION('',(0.998311139257263,-0.,-0.0580936247351322));
#8682=DIRECTION('',(-0.0715455243547642,-0.,-0.99743733534734));
#8683=DIRECTION('',(-0.99796488337004,0.,0.0637659122119483));
#8684=DIRECTION('',(-0.0506238243409955,0.,-0.998717792176094));
#8685=DIRECTION('',(-0.997670922909119,0.,0.0682109198124943));
#8686=DIRECTION('',(0.0410390209431599,-0.,0.999157544514391));
#8687=DIRECTION('',(0.998311139257263,-0.,-0.0580936247351322));
#8688=DIRECTION('',(-0.0715455243547642,-0.,-0.99743733534734));
#8689=DIRECTION('',(-0.,-1.,-0.));
#8690=DIRECTION('',(-0.,-1.,-0.));
#8691=DIRECTION('',(-0.,-1.,-0.));
#8692=DIRECTION('',(-0.99796488337004,0.,0.0637659122119483));
#8693=DIRECTION('',(-0.0506238243409955,0.,-0.998717792176094));
#8694=DIRECTION('',(-0.997670922909119,0.,0.0682109198124943));
#8695=DIRECTION('',(0.0410390209431599,-0.,0.999157544514391));
#8696=DIRECTION('',(0.998311139257263,-0.,-0.0580936247351322));
#8697=DIRECTION('',(-0.0715455243547642,-0.,-0.99743733534734));
#8698=DIRECTION('',(-0.99796488337004,0.,0.0637659122119483));
#8699=DIRECTION('',(-0.0506238243409955,0.,-0.998717792176094));
#8700=DIRECTION('',(-0.997670922909119,0.,0.0682109198124943));
#8701=DIRECTION('',(0.0410390209431599,-0.,0.999157544514391));
#8702=DIRECTION('',(0.998311139257263,-0.,-0.0580936247351322));
#8703=DIRECTION('',(-0.0715455243547642,-0.,-0.99743733534734));
#8704=DIRECTION('',(-0.,-1.,-0.));
#8705=DIRECTION('',(-0.,-1.,-0.));
#8706=DIRECTION('',(-0.,-1.,-0.));
#8707=DIRECTION('',(-0.99796488337004,0.,0.0637659122119483));
#8708=DIRECTION('',(-0.0506238243409955,0.,-0.998717792176094));
#8709=DIRECTION('',(-0.997670922909119,0.,0.0682109198124943));
#8710=DIRECTION('',(0.0410390209431599,-0.,0.999157544514391));
#8711=DIRECTION('',(0.998311139257263,-0.,-0.0580936247351322));
#8712=DIRECTION('',(-0.0715455243547642,-0.,-0.99743733534734));
#8713=DIRECTION('',(-0.99796488337004,0.,0.0637659122119483));
#8714=DIRECTION('',(-0.0506238243409955,0.,-0.998717792176094));
#8715=DIRECTION('',(-0.997670922909119,0.,0.0682109198124943));
#8716=DIRECTION('',(0.0410390209431599,-0.,0.999157544514391));
#8717=DIRECTION('',(0.998311139257263,-0.,-0.0580936247351322));
#8718=DIRECTION('',(-0.0715455243547642,-0.,-0.99743733534734));
#8719=DIRECTION('',(-0.,-1.,-0.));
#8720=DIRECTION('',(-0.,-1.,-0.));
#8721=DIRECTION('',(-0.,-1.,-0.));
#8722=DIRECTION('',(-0.99796488337004,0.,0.0637659122119483));
#8723=DIRECTION('',(-0.0506238243409955,0.,-0.998717792176094));
#8724=DIRECTION('',(-0.997670922909119,0.,0.0682109198124943));
#8725=DIRECTION('',(0.0410390209431599,-0.,0.999157544514391));
#8726=DIRECTION('',(0.998311139257263,-0.,-0.0580936247351322));
#8727=DIRECTION('',(-0.0715455243547642,-0.,-0.99743733534734));
#8728=DIRECTION('',(-0.99796488337004,0.,0.0637659122119483));
#8729=DIRECTION('',(-0.0506238243409955,0.,-0.998717792176094));
#8730=DIRECTION('',(-0.997670922909119,0.,0.0682109198124943));
#8731=DIRECTION('',(0.0410390209431599,-0.,0.999157544514391));
#8732=DIRECTION('',(0.998311139257263,-0.,-0.0580936247351322));
#8733=DIRECTION('',(-0.0715455243547642,-0.,-0.99743733534734));
#8734=DIRECTION('',(-0.,-1.,-0.));
#8735=DIRECTION('',(-0.,-1.,-0.));
#8736=DIRECTION('',(-0.,-1.,-0.));
#8737=DIRECTION('',(-0.99796488337004,0.,0.0637659122119483));
#8738=DIRECTION('',(-0.0506238243409955,0.,-0.998717792176094));
#8739=DIRECTION('',(-0.997670922909119,0.,0.0682109198124943));
#8740=DIRECTION('',(0.0410390209431599,-0.,0.999157544514391));
#8741=DIRECTION('',(0.998311139257263,-0.,-0.0580936247351322));
#8742=DIRECTION('',(-0.0715455243547642,-0.,-0.99743733534734));
#8743=DIRECTION('',(-0.99796488337004,0.,0.0637659122119483));
#8744=DIRECTION('',(-0.0506238243409955,0.,-0.998717792176094));
#8745=DIRECTION('',(-0.997670922909119,0.,0.0682109198124943));
#8746=DIRECTION('',(0.0410390209431599,-0.,0.999157544514391));
#8747=DIRECTION('',(0.998311139257263,-0.,-0.0580936247351322));
#8748=DIRECTION('',(-0.0715455243547642,-0.,-0.99743733534734));
#8749=DIRECTION('',(-0.,-1.,-0.));
#8750=DIRECTION('',(-0.,-1.,-0.));
#8751=DIRECTION('',(-0.,-1.,-0.));
#8752=DIRECTION('',(-0.99796488337004,0.,0.0637659122119483));
#8753=DIRECTION('',(-0.0506238243409955,0.,-0.998717792176094));
#8754=DIRECTION('',(-0.997670922909119,0.,0.0682109198124943));
#8755=DIRECTION('',(0.0410390209431599,-0.,0.999157544514391));
#8756=DIRECTION('',(0.998311139257263,-0.,-0.0580936247351322));
#8757=DIRECTION('',(-0.0715455243547642,-0.,-0.99743733534734));
#8758=DIRECTION('',(-0.99796488337004,0.,0.0637659122119483));
#8759=DIRECTION('',(-0.0506238243409955,0.,-0.998717792176094));
#8760=DIRECTION('',(-0.997670922909119,0.,0.0682109198124943));
#8761=DIRECTION('',(0.0410390209431599,-0.,0.999157544514391));
#8762=DIRECTION('',(0.998311139257263,-0.,-0.0580936247351322));
#8763=DIRECTION('',(-0.0715455243547642,-0.,-0.99743733534734));
#8764=DIRECTION('',(-0.,-1.,-0.));
#8765=DIRECTION('',(-0.,-1.,-0.));
#8766=DIRECTION('',(-0.,-1.,-0.));
#8767=DIRECTION('',(-0.99796488337004,0.,0.0637659122119483));
#8768=DIRECTION('',(-0.0506238243409955,0.,-0.998717792176094));
#8769=DIRECTION('',(-0.997670922909119,0.,0.0682109198124943));
#8770=DIRECTION('',(0.0410390209431599,-0.,0.999157544514391));
#8771=DIRECTION('',(0.998311139257263,-0.,-0.0580936247351322));
#8772=DIRECTION('',(-0.0715455243547642,-0.,-0.99743733534734));
#8773=DIRECTION('',(-0.99796488337004,0.,0.0637659122119483));
#8774=DIRECTION('',(-0.0506238243409955,0.,-0.998717792176094));
#8775=DIRECTION('',(-0.997670922909119,0.,0.0682109198124943));
#8776=DIRECTION('',(0.0410390209431599,-0.,0.999157544514391));
#8777=DIRECTION('',(0.998311139257263,-0.,-0.0580936247351322));
#8778=DIRECTION('',(-0.0715455243547642,-0.,-0.99743733534734));
#8779=DIRECTION('',(-0.,-1.,-0.));
#8780=DIRECTION('',(-0.,-1.,-0.));
#8781=DIRECTION('',(-0.,-1.,-0.));
#8782=DIRECTION('',(-0.99796488337004,0.,0.0637659122119483));
#8783=DIRECTION('',(-0.0506238243409955,0.,-0.998717792176094));
#8784=DIRECTION('',(-0.997670922909119,0.,0.0682109198124943));
#8785=DIRECTION('',(0.0410390209431599,-0.,0.999157544514391));
#8786=DIRECTION('',(0.998311139257263,-0.,-0.0580936247351322));
#8787=DIRECTION('',(-0.0715455243547642,-0.,-0.99743733534734));
#8788=DIRECTION('',(-0.99796488337004,0.,0.0637659122119483));
#8789=DIRECTION('',(-0.0506238243409955,0.,-0.998717792176094));
#8790=DIRECTION('',(-0.997670922909119,0.,0.0682109198124943));
#8791=DIRECTION('',(0.0410390209431599,-0.,0.999157544514391));
#8792=DIRECTION('',(0.998311139257263,-0.,-0.0580936247351322));
#8793=DIRECTION('',(-0.0715455243547642,-0.,-0.99743733534734));
#8794=DIRECTION('',(-0.,-1.,-0.));
#8795=DIRECTION('',(-0.,-1.,-0.));
#8796=DIRECTION('',(-0.,-1.,-0.));
#8797=DIRECTION('',(-0.99796488337004,0.,0.0637659122119483));
#8798=DIRECTION('',(-0.0506238243409955,0.,-0.998717792176094));
#8799=DIRECTION('',(-0.997670922909119,0.,0.0682109198124943));
#8800=DIRECTION('',(0.0410390209431599,-0.,0.999157544514391));
#8801=DIRECTION('',(0.998311139257263,-0.,-0.0580936247351322));
#8802=DIRECTION('',(-0.0715455243547642,-0.,-0.99743733534734));
#8803=DIRECTION('',(-0.99796488337004,0.,0.0637659122119483));
#8804=DIRECTION('',(-0.0506238243409955,0.,-0.998717792176094));
#8805=DIRECTION('',(-0.997670922909119,0.,0.0682109198124943));
#8806=DIRECTION('',(0.0410390209431599,-0.,0.999157544514391));
#8807=DIRECTION('',(0.998311139257263,-0.,-0.0580936247351322));
#8808=DIRECTION('',(-0.0715455243547642,-0.,-0.99743733534734));
#8809=DIRECTION('',(-0.,-1.,-0.));
#8810=DIRECTION('',(-0.,-1.,-0.));
#8811=DIRECTION('',(-0.,-1.,-0.));
#8812=DIRECTION('',(-0.99796488337004,0.,0.0637659122119483));
#8813=DIRECTION('',(-0.0506238243409955,0.,-0.998717792176094));
#8814=DIRECTION('',(-0.997670922909119,0.,0.0682109198124943));
#8815=DIRECTION('',(0.0410390209431599,-0.,0.999157544514391));
#8816=DIRECTION('',(0.998311139257263,-0.,-0.0580936247351322));
#8817=DIRECTION('',(-0.0715455243547642,-0.,-0.99743733534734));
#8818=DIRECTION('',(-0.99796488337004,0.,0.0637659122119483));
#8819=DIRECTION('',(-0.0506238243409955,0.,-0.998717792176094));
#8820=DIRECTION('',(-0.997670922909119,0.,0.0682109198124943));
#8821=DIRECTION('',(0.0410390209431599,-0.,0.999157544514391));
#8822=DIRECTION('',(0.998311139257263,-0.,-0.0580936247351322));
#8823=DIRECTION('',(-0.0715455243547642,-0.,-0.99743733534734));
#8824=DIRECTION('',(-0.,-1.,-0.));
#8825=DIRECTION('',(-0.,-1.,-0.));
#8826=DIRECTION('',(-0.,-1.,-0.));
#8827=DIRECTION('',(-0.99796488337004,0.,0.0637659122119483));
#8828=DIRECTION('',(-0.0506238243409955,0.,-0.998717792176094));
#8829=DIRECTION('',(-0.997670922909119,0.,0.0682109198124943));
#8830=DIRECTION('',(0.0410390209431599,-0.,0.999157544514391));
#8831=DIRECTION('',(0.998311139257263,-0.,-0.0580936247351322));
#8832=DIRECTION('',(-0.0715455243547642,-0.,-0.99743733534734));
#8833=DIRECTION('',(-0.99796488337004,0.,0.0637659122119483));
#8834=DIRECTION('',(-0.0506238243409955,0.,-0.998717792176094));
#8835=DIRECTION('',(-0.997670922909119,0.,0.0682109198124943));
#8836=DIRECTION('',(0.0410390209431599,-0.,0.999157544514391));
#8837=DIRECTION('',(0.998311139257263,-0.,-0.0580936247351322));
#8838=DIRECTION('',(-0.0715455243547642,-0.,-0.99743733534734));
#8839=DIRECTION('',(-0.,-1.,-0.));
#8840=DIRECTION('',(-0.,-1.,-0.));
#8841=DIRECTION('',(-0.,-1.,-0.));
#8842=DIRECTION('',(-0.99796488337004,0.,0.0637659122119483));
#8843=DIRECTION('',(-0.0506238243409955,0.,-0.998717792176094));
#8844=DIRECTION('',(-0.997670922909119,0.,0.0682109198124943));
#8845=DIRECTION('',(0.0410390209431599,-0.,0.999157544514391));
#8846=DIRECTION('',(0.998311139257263,-0.,-0.0580936247351322));
#8847=DIRECTION('',(-0.0715455243547642,-0.,-0.99743733534734));
#8848=DIRECTION('',(-0.99796488337004,0.,0.0637659122119483));
#8849=DIRECTION('',(-0.0506238243409955,0.,-0.998717792176094));
#8850=DIRECTION('',(-0.997670922909119,0.,0.0682109198124943));
#8851=DIRECTION('',(0.0410390209431599,-0.,0.999157544514391));
#8852=DIRECTION('',(0.998311139257263,-0.,-0.0580936247351322));
#8853=DIRECTION('',(-0.0715455243547642,-0.,-0.99743733534734));
#8854=DIRECTION('',(-0.,-1.,-0.));
#8855=DIRECTION('',(-0.,-1.,-0.));
#8856=DIRECTION('',(-0.,-1.,-0.));
#8857=DIRECTION('',(-0.99796488337004,0.,0.0637659122119483));
#8858=DIRECTION('',(-0.0506238243409955,0.,-0.998717792176094));
#8859=DIRECTION('',(-0.997670922909119,0.,0.0682109198124943));
#8860=DIRECTION('',(0.0410390209431599,-0.,0.999157544514391));
#8861=DIRECTION('',(0.998311139257263,-0.,-0.0580936247351322));
#8862=DIRECTION('',(-0.0715455243547642,-0.,-0.99743733534734));
#8863=DIRECTION('',(-0.99796488337004,0.,0.0637659122119483));
#8864=DIRECTION('',(-0.0506238243409955,0.,-0.998717792176094));
#8865=DIRECTION('',(-0.997670922909119,0.,0.0682109198124943));
#8866=DIRECTION('',(0.0410390209431599,-0.,0.999157544514391));
#8867=DIRECTION('',(0.998311139257263,-0.,-0.0580936247351322));
#8868=DIRECTION('',(-0.0715455243547642,-0.,-0.99743733534734));
#8869=DIRECTION('',(-0.,-1.,-0.));
#8870=DIRECTION('',(-0.,-1.,-0.));
#8871=DIRECTION('',(-0.,-1.,-0.));
#8872=DIRECTION('',(-0.99796488337004,0.,0.0637659122119483));
#8873=DIRECTION('',(-0.0506238243409955,0.,-0.998717792176094));
#8874=DIRECTION('',(-0.997670922909119,0.,0.0682109198124943));
#8875=DIRECTION('',(0.0410390209431599,-0.,0.999157544514391));
#8876=DIRECTION('',(0.998311139257263,-0.,-0.0580936247351322));
#8877=DIRECTION('',(-0.0715455243547642,-0.,-0.99743733534734));
#8878=DIRECTION('',(-0.99796488337004,0.,0.0637659122119483));
#8879=DIRECTION('',(-0.0506238243409955,0.,-0.998717792176094));
#8880=DIRECTION('',(-0.997670922909119,0.,0.0682109198124943));
#8881=DIRECTION('',(0.0410390209431599,-0.,0.999157544514391));
#8882=DIRECTION('',(0.998311139257263,-0.,-0.0580936247351322));
#8883=DIRECTION('',(-0.0715455243547642,-0.,-0.99743733534734));
#8884=DIRECTION('',(-0.,-1.,-0.));
#8885=DIRECTION('',(-0.,-1.,-0.));
#8886=DIRECTION('',(-0.,-1.,-0.));
#8887=DIRECTION('',(-0.99796488337004,0.,0.0637659122119483));
#8888=DIRECTION('',(-0.0506238243409955,0.,-0.998717792176094));
#8889=DIRECTION('',(-0.997670922909119,0.,0.0682109198124943));
#8890=DIRECTION('',(0.0410390209431599,-0.,0.999157544514391));
#8891=DIRECTION('',(0.998311139257263,-0.,-0.0580936247351322));
#8892=DIRECTION('',(-0.0715455243547642,-0.,-0.99743733534734));
#8893=DIRECTION('',(-0.99796488337004,0.,0.0637659122119483));
#8894=DIRECTION('',(-0.0506238243409955,0.,-0.998717792176094));
#8895=DIRECTION('',(-0.997670922909119,0.,0.0682109198124943));
#8896=DIRECTION('',(0.0410390209431599,-0.,0.999157544514391));
#8897=DIRECTION('',(0.998311139257263,-0.,-0.0580936247351322));
#8898=DIRECTION('',(-0.0715455243547642,-0.,-0.99743733534734));
#8899=DIRECTION('',(-0.,-1.,-0.));
#8900=DIRECTION('',(-0.,-1.,-0.));
#8901=DIRECTION('',(-0.,-1.,-0.));
#8902=DIRECTION('',(-0.99796488337004,0.,0.0637659122119483));
#8903=DIRECTION('',(-0.0506238243409955,0.,-0.998717792176094));
#8904=DIRECTION('',(-0.997670922909119,0.,0.0682109198124943));
#8905=DIRECTION('',(0.0410390209431599,-0.,0.999157544514391));
#8906=DIRECTION('',(0.998311139257263,-0.,-0.0580936247351322));
#8907=DIRECTION('',(-0.0715455243547642,-0.,-0.99743733534734));
#8908=DIRECTION('',(-0.99796488337004,0.,0.0637659122119483));
#8909=DIRECTION('',(-0.0506238243409955,0.,-0.998717792176094));
#8910=DIRECTION('',(-0.997670922909119,0.,0.0682109198124943));
#8911=DIRECTION('',(0.0410390209431599,-0.,0.999157544514391));
#8912=DIRECTION('',(0.998311139257263,-0.,-0.0580936247351322));
#8913=DIRECTION('',(-0.0715455243547642,-0.,-0.99743733534734));
#8914=DIRECTION('',(-0.,-1.,-0.));
#8915=DIRECTION('',(-0.,-1.,-0.));
#8916=DIRECTION('',(-0.,-1.,-0.));
#8917=DIRECTION('',(-0.99796488337004,0.,0.0637659122119483));
#8918=DIRECTION('',(-0.0506238243409955,0.,-0.998717792176094));
#8919=DIRECTION('',(-0.997670922909119,0.,0.0682109198124943));
#8920=DIRECTION('',(0.0410390209431599,-0.,0.999157544514391));
#8921=DIRECTION('',(0.998311139257263,-0.,-0.0580936247351322));
#8922=DIRECTION('',(-0.0715455243547642,-0.,-0.99743733534734));
#8923=DIRECTION('',(-0.99796488337004,0.,0.0637659122119483));
#8924=DIRECTION('',(-0.0506238243409955,0.,-0.998717792176094));
#8925=DIRECTION('',(-0.997670922909119,0.,0.0682109198124943));
#8926=DIRECTION('',(0.0410390209431599,-0.,0.999157544514391));
#8927=DIRECTION('',(0.998311139257263,-0.,-0.0580936247351322));
#8928=DIRECTION('',(-0.0715455243547642,-0.,-0.99743733534734));
#8929=DIRECTION('',(-0.,-1.,-0.));
#8930=DIRECTION('',(-0.,-1.,-0.));
#8931=DIRECTION('',(-0.,-1.,-0.));
#8932=DIRECTION('',(-0.99796488337004,0.,0.0637659122119483));
#8933=DIRECTION('',(-0.0506238243409955,0.,-0.998717792176094));
#8934=DIRECTION('',(-0.997670922909119,0.,0.0682109198124943));
#8935=DIRECTION('',(0.0410390209431599,-0.,0.999157544514391));
#8936=DIRECTION('',(0.998311139257263,-0.,-0.0580936247351322));
#8937=DIRECTION('',(-0.0715455243547642,-0.,-0.99743733534734));
#8938=DIRECTION('',(-0.99796488337004,0.,0.0637659122119483));
#8939=DIRECTION('',(-0.0506238243409955,0.,-0.998717792176094));
#8940=DIRECTION('',(-0.997670922909119,0.,0.0682109198124943));
#8941=DIRECTION('',(0.0410390209431599,-0.,0.999157544514391));
#8942=DIRECTION('',(0.998311139257263,-0.,-0.0580936247351322));
#8943=DIRECTION('',(-0.0715455243547642,-0.,-0.99743733534734));
#8944=DIRECTION('',(-0.,-1.,-0.));
#8945=DIRECTION('',(-0.,-1.,-0.));
#8946=DIRECTION('',(-0.,-1.,-0.));
#8947=DIRECTION('',(-0.99796488337004,0.,0.0637659122119483));
#8948=DIRECTION('',(-0.0506238243409955,0.,-0.998717792176094));
#8949=DIRECTION('',(-0.997670922909119,0.,0.0682109198124943));
#8950=DIRECTION('',(0.0410390209431599,-0.,0.999157544514391));
#8951=DIRECTION('',(0.998311139257263,-0.,-0.0580936247351322));
#8952=DIRECTION('',(-0.0715455243547642,-0.,-0.99743733534734));
#8953=DIRECTION('',(-0.99796488337004,0.,0.0637659122119483));
#8954=DIRECTION('',(-0.0506238243409955,0.,-0.998717792176094));
#8955=DIRECTION('',(-0.997670922909119,0.,0.0682109198124943));
#8956=DIRECTION('',(0.0410390209431599,-0.,0.999157544514391));
#8957=DIRECTION('',(0.998311139257263,-0.,-0.0580936247351322));
#8958=DIRECTION('',(-0.0715455243547642,-0.,-0.99743733534734));
#8959=DIRECTION('',(-0.,-1.,-0.));
#8960=DIRECTION('',(-0.,-1.,-0.));
#8961=DIRECTION('',(-0.,-1.,-0.));
#8962=DIRECTION('',(-0.99796488337004,0.,0.0637659122119483));
#8963=DIRECTION('',(-0.0506238243409955,0.,-0.998717792176094));
#8964=DIRECTION('',(-0.997670922909119,0.,0.0682109198124943));
#8965=DIRECTION('',(0.0410390209431599,-0.,0.999157544514391));
#8966=DIRECTION('',(0.998311139257263,-0.,-0.0580936247351322));
#8967=DIRECTION('',(-0.0715455243547642,-0.,-0.99743733534734));
#8968=DIRECTION('',(-0.99796488337004,0.,0.0637659122119483));
#8969=DIRECTION('',(-0.0506238243409955,0.,-0.998717792176094));
#8970=DIRECTION('',(-0.997670922909119,0.,0.0682109198124943));
#8971=DIRECTION('',(0.0410390209431599,-0.,0.999157544514391));
#8972=DIRECTION('',(0.998311139257263,-0.,-0.0580936247351322));
#8973=DIRECTION('',(-0.0715455243547642,-0.,-0.99743733534734));
#8974=DIRECTION('',(-0.,-1.,-0.));
#8975=DIRECTION('',(-0.,-1.,-0.));
#8976=DIRECTION('',(-0.,-1.,-0.));
#8977=DIRECTION('',(-0.99796488337004,0.,0.0637659122119483));
#8978=DIRECTION('',(-0.0506238243409955,0.,-0.998717792176094));
#8979=DIRECTION('',(-0.997670922909119,0.,0.0682109198124943));
#8980=DIRECTION('',(0.0410390209431599,-0.,0.999157544514391));
#8981=DIRECTION('',(0.998311139257263,-0.,-0.0580936247351322));
#8982=DIRECTION('',(-0.0715455243547642,-0.,-0.99743733534734));
#8983=DIRECTION('',(-0.99796488337004,0.,0.0637659122119483));
#8984=DIRECTION('',(-0.0506238243409955,0.,-0.998717792176094));
#8985=DIRECTION('',(-0.997670922909119,0.,0.0682109198124943));
#8986=DIRECTION('',(0.0410390209431599,-0.,0.999157544514391));
#8987=DIRECTION('',(0.998311139257263,-0.,-0.0580936247351322));
#8988=DIRECTION('',(-0.0715455243547642,-0.,-0.99743733534734));
#8989=DIRECTION('',(-0.,-1.,-0.));
#8990=DIRECTION('',(-0.,-1.,-0.));
#8991=DIRECTION('',(-0.,-1.,-0.));
#8992=DIRECTION('',(-0.99796488337004,0.,0.0637659122119483));
#8993=DIRECTION('',(-0.0506238243409955,0.,-0.998717792176094));
#8994=DIRECTION('',(-0.997670922909119,0.,0.0682109198124943));
#8995=DIRECTION('',(0.0410390209431599,-0.,0.999157544514391));
#8996=DIRECTION('',(0.998311139257263,-0.,-0.0580936247351322));
#8997=DIRECTION('',(-0.0715455243547642,-0.,-0.99743733534734));
#8998=DIRECTION('',(0.0410390209431599,-0.,0.999157544514391));
#8999=DIRECTION('',(0.998311139257263,-0.,-0.0580936247351322));
#9000=DIRECTION('',(-0.,-1.,-0.));
#9001=DIRECTION('',(-0.,-1.,-0.));
#9002=DIRECTION('',(-0.,-1.,-0.));
#9003=DIRECTION('',(-0.99796488337004,0.,0.0637659122119483));
#9004=DIRECTION('',(-0.0506238243409955,0.,-0.998717792176094));
#9005=DIRECTION('',(-0.997670922909119,0.,0.0682109198124943));
#9006=DIRECTION('',(0.0410390209431599,-0.,0.999157544514391));
#9007=DIRECTION('',(0.998311139257263,-0.,-0.0580936247351322));
#9008=DIRECTION('',(-0.0715455243547642,-0.,-0.99743733534734));
#9009=DIRECTION('',(-0.99796488337004,0.,0.0637659122119483));
#9010=DIRECTION('',(-0.0506238243409955,0.,-0.998717792176094));
#9011=DIRECTION('',(-0.997670922909119,0.,0.0682109198124943));
#9012=DIRECTION('',(0.0410390209431599,-0.,0.999157544514391));
#9013=DIRECTION('',(0.998311139257263,-0.,-0.0580936247351322));
#9014=DIRECTION('',(-0.0715455243547642,-0.,-0.99743733534734));
#9015=DIRECTION('',(-0.,-1.,-0.));
#9016=DIRECTION('',(-0.,-1.,-0.));
#9017=DIRECTION('',(-0.,-1.,-0.));
#9018=DIRECTION('',(-0.99796488337004,0.,0.0637659122119483));
#9019=DIRECTION('',(-0.0506238243409955,0.,-0.998717792176094));
#9020=DIRECTION('',(-0.997670922909119,0.,0.0682109198124943));
#9021=DIRECTION('',(0.0410390209431599,-0.,0.999157544514391));
#9022=DIRECTION('',(0.998311139257263,-0.,-0.0580936247351322));
#9023=DIRECTION('',(-0.0715455243547642,-0.,-0.99743733534734));
#9024=DIRECTION('',(-0.99796488337004,0.,0.0637659122119483));
#9025=DIRECTION('',(-0.0506238243409955,0.,-0.998717792176094));
#9026=DIRECTION('',(-0.997670922909119,0.,0.0682109198124943));
#9027=DIRECTION('',(0.0410390209431599,-0.,0.999157544514391));
#9028=DIRECTION('',(0.998311139257263,-0.,-0.0580936247351322));
#9029=DIRECTION('',(-0.0715455243547642,-0.,-0.99743733534734));
#9030=DIRECTION('',(0.997670922909119,0.,-0.0682109198124943));
#9031=DIRECTION('',(0.0682109198124943,0.,0.997670922909119));
#9032=DIRECTION('',(0.0506238243409955,0.,0.998717792176094));
#9033=DIRECTION('',(-0.998717792176094,0.,0.0506238243409955));
#9034=DIRECTION('',(0.99796488337004,0.,-0.0637659122119481));
#9035=DIRECTION('',(0.0637659122119481,0.,0.99796488337004));
#9036=DIRECTION('',(0.0715455243547622,0.,0.99743733534734));
#9037=DIRECTION('',(-0.99743733534734,0.,0.0715455243547622));
#9038=DIRECTION('',(0.997670922909119,0.,-0.0682109198124943));
#9039=DIRECTION('',(0.0682109198124943,0.,0.997670922909119));
#9040=DIRECTION('',(0.0506238243409955,0.,0.998717792176094));
#9041=DIRECTION('',(-0.998717792176094,0.,0.0506238243409955));
#9042=DIRECTION('',(0.99796488337004,0.,-0.0637659122119481));
#9043=DIRECTION('',(0.0637659122119481,0.,0.99796488337004));
#9044=DIRECTION('',(0.0715455243547622,0.,0.99743733534734));
#9045=DIRECTION('',(-0.99743733534734,0.,0.0715455243547622));
#9046=DIRECTION('',(0.997670922909119,0.,-0.0682109198124943));
#9047=DIRECTION('',(0.0682109198124943,0.,0.997670922909119));
#9048=DIRECTION('',(0.0506238243409955,0.,0.998717792176094));
#9049=DIRECTION('',(-0.998717792176094,0.,0.0506238243409955));
#9050=DIRECTION('',(0.99796488337004,0.,-0.0637659122119481));
#9051=DIRECTION('',(0.0637659122119481,0.,0.99796488337004));
#9052=DIRECTION('',(0.0715455243547622,0.,0.99743733534734));
#9053=DIRECTION('',(-0.99743733534734,0.,0.0715455243547622));
#9054=DIRECTION('',(0.997670922909119,0.,-0.0682109198124943));
#9055=DIRECTION('',(0.0682109198124943,0.,0.997670922909119));
#9056=DIRECTION('',(0.0506238243409955,0.,0.998717792176094));
#9057=DIRECTION('',(-0.998717792176094,0.,0.0506238243409955));
#9058=DIRECTION('',(0.99796488337004,0.,-0.0637659122119481));
#9059=DIRECTION('',(0.0637659122119481,0.,0.99796488337004));
#9060=DIRECTION('',(0.0715455243547622,0.,0.99743733534734));
#9061=DIRECTION('',(-0.99743733534734,0.,0.0715455243547622));
#9062=DIRECTION('',(0.997670922909119,0.,-0.0682109198124943));
#9063=DIRECTION('',(0.0682109198124943,0.,0.997670922909119));
#9064=DIRECTION('',(0.0506238243409955,0.,0.998717792176094));
#9065=DIRECTION('',(-0.998717792176094,0.,0.0506238243409955));
#9066=DIRECTION('',(0.99796488337004,0.,-0.0637659122119481));
#9067=DIRECTION('',(0.0637659122119481,0.,0.99796488337004));
#9068=DIRECTION('',(0.0715455243547622,0.,0.99743733534734));
#9069=DIRECTION('',(-0.99743733534734,0.,0.0715455243547622));
#9070=DIRECTION('',(0.997670922909119,0.,-0.0682109198124943));
#9071=DIRECTION('',(0.0682109198124943,0.,0.997670922909119));
#9072=DIRECTION('',(0.0506238243409955,0.,0.998717792176094));
#9073=DIRECTION('',(-0.998717792176094,0.,0.0506238243409955));
#9074=DIRECTION('',(0.99796488337004,0.,-0.0637659122119481));
#9075=DIRECTION('',(0.0637659122119481,0.,0.99796488337004));
#9076=DIRECTION('',(0.0715455243547622,0.,0.99743733534734));
#9077=DIRECTION('',(-0.99743733534734,0.,0.0715455243547622));
#9078=DIRECTION('',(0.997670922909119,0.,-0.0682109198124943));
#9079=DIRECTION('',(0.0682109198124943,0.,0.997670922909119));
#9080=DIRECTION('',(0.0506238243409955,0.,0.998717792176094));
#9081=DIRECTION('',(-0.998717792176094,0.,0.0506238243409955));
#9082=DIRECTION('',(0.99796488337004,0.,-0.0637659122119481));
#9083=DIRECTION('',(0.0637659122119481,0.,0.99796488337004));
#9084=DIRECTION('',(0.0715455243547622,0.,0.99743733534734));
#9085=DIRECTION('',(-0.99743733534734,0.,0.0715455243547622));
#9086=DIRECTION('',(0.997670922909119,0.,-0.0682109198124943));
#9087=DIRECTION('',(0.0682109198124943,0.,0.997670922909119));
#9088=DIRECTION('',(0.0506238243409955,0.,0.998717792176094));
#9089=DIRECTION('',(-0.998717792176094,0.,0.0506238243409955));
#9090=DIRECTION('',(0.99796488337004,0.,-0.0637659122119481));
#9091=DIRECTION('',(0.0637659122119481,0.,0.99796488337004));
#9092=DIRECTION('',(0.0715455243547622,0.,0.99743733534734));
#9093=DIRECTION('',(-0.99743733534734,0.,0.0715455243547622));
#9094=DIRECTION('',(0.997670922909119,0.,-0.0682109198124943));
#9095=DIRECTION('',(0.0682109198124943,0.,0.997670922909119));
#9096=DIRECTION('',(0.0506238243409955,0.,0.998717792176094));
#9097=DIRECTION('',(-0.998717792176094,0.,0.0506238243409955));
#9098=DIRECTION('',(0.99796488337004,0.,-0.0637659122119481));
#9099=DIRECTION('',(0.0637659122119481,0.,0.99796488337004));
#9100=DIRECTION('',(0.0715455243547622,0.,0.99743733534734));
#9101=DIRECTION('',(-0.99743733534734,0.,0.0715455243547622));
#9102=DIRECTION('',(0.997670922909119,0.,-0.0682109198124943));
#9103=DIRECTION('',(0.0682109198124943,0.,0.997670922909119));
#9104=DIRECTION('',(0.0506238243409955,0.,0.998717792176094));
#9105=DIRECTION('',(-0.998717792176094,0.,0.0506238243409955));
#9106=DIRECTION('',(0.99796488337004,0.,-0.0637659122119481));
#9107=DIRECTION('',(0.0637659122119481,0.,0.99796488337004));
#9108=DIRECTION('',(0.0715455243547622,0.,0.99743733534734));
#9109=DIRECTION('',(-0.99743733534734,0.,0.0715455243547622));
#9110=DIRECTION('',(0.997670922909119,0.,-0.0682109198124943));
#9111=DIRECTION('',(0.0682109198124943,0.,0.997670922909119));
#9112=DIRECTION('',(0.0506238243409955,0.,0.998717792176094));
#9113=DIRECTION('',(-0.998717792176094,0.,0.0506238243409955));
#9114=DIRECTION('',(0.99796488337004,0.,-0.0637659122119481));
#9115=DIRECTION('',(0.0637659122119481,0.,0.99796488337004));
#9116=DIRECTION('',(0.0715455243547622,0.,0.99743733534734));
#9117=DIRECTION('',(-0.99743733534734,0.,0.0715455243547622));
#9118=DIRECTION('',(0.997670922909119,0.,-0.0682109198124943));
#9119=DIRECTION('',(0.0682109198124943,0.,0.997670922909119));
#9120=DIRECTION('',(0.0506238243409955,0.,0.998717792176094));
#9121=DIRECTION('',(-0.998717792176094,0.,0.0506238243409955));
#9122=DIRECTION('',(0.99796488337004,0.,-0.0637659122119481));
#9123=DIRECTION('',(0.0637659122119481,0.,0.99796488337004));
#9124=DIRECTION('',(0.0715455243547622,0.,0.99743733534734));
#9125=DIRECTION('',(-0.99743733534734,0.,0.0715455243547622));
#9126=DIRECTION('',(0.997670922909119,0.,-0.0682109198124943));
#9127=DIRECTION('',(0.0682109198124943,0.,0.997670922909119));
#9128=DIRECTION('',(0.0506238243409955,0.,0.998717792176094));
#9129=DIRECTION('',(-0.998717792176094,0.,0.0506238243409955));
#9130=DIRECTION('',(0.99796488337004,0.,-0.0637659122119481));
#9131=DIRECTION('',(0.0637659122119481,0.,0.99796488337004));
#9132=DIRECTION('',(0.0715455243547622,0.,0.99743733534734));
#9133=DIRECTION('',(-0.99743733534734,0.,0.0715455243547622));
#9134=DIRECTION('',(0.997670922909119,0.,-0.0682109198124943));
#9135=DIRECTION('',(0.0682109198124943,0.,0.997670922909119));
#9136=DIRECTION('',(0.0506238243409955,0.,0.998717792176094));
#9137=DIRECTION('',(-0.998717792176094,0.,0.0506238243409955));
#9138=DIRECTION('',(0.99796488337004,0.,-0.0637659122119481));
#9139=DIRECTION('',(0.0637659122119481,0.,0.99796488337004));
#9140=DIRECTION('',(0.0715455243547622,0.,0.99743733534734));
#9141=DIRECTION('',(-0.99743733534734,0.,0.0715455243547622));
#9142=DIRECTION('',(0.997670922909119,0.,-0.0682109198124943));
#9143=DIRECTION('',(0.0682109198124943,0.,0.997670922909119));
#9144=DIRECTION('',(0.0506238243409955,0.,0.998717792176094));
#9145=DIRECTION('',(-0.998717792176094,0.,0.0506238243409955));
#9146=DIRECTION('',(0.99796488337004,0.,-0.0637659122119481));
#9147=DIRECTION('',(0.0637659122119481,0.,0.99796488337004));
#9148=DIRECTION('',(0.0715455243547622,0.,0.99743733534734));
#9149=DIRECTION('',(-0.99743733534734,0.,0.0715455243547622));
#9150=DIRECTION('',(0.997670922909119,0.,-0.0682109198124943));
#9151=DIRECTION('',(0.0682109198124943,0.,0.997670922909119));
#9152=DIRECTION('',(0.0506238243409955,0.,0.998717792176094));
#9153=DIRECTION('',(-0.998717792176094,0.,0.0506238243409955));
#9154=DIRECTION('',(0.99796488337004,0.,-0.0637659122119481));
#9155=DIRECTION('',(0.0637659122119481,0.,0.99796488337004));
#9156=DIRECTION('',(0.0715455243547622,0.,0.99743733534734));
#9157=DIRECTION('',(-0.99743733534734,0.,0.0715455243547622));
#9158=DIRECTION('',(0.997670922909119,0.,-0.0682109198124943));
#9159=DIRECTION('',(0.0682109198124943,0.,0.997670922909119));
#9160=DIRECTION('',(0.0506238243409955,0.,0.998717792176094));
#9161=DIRECTION('',(-0.998717792176094,0.,0.0506238243409955));
#9162=DIRECTION('',(0.99796488337004,0.,-0.0637659122119481));
#9163=DIRECTION('',(0.0637659122119481,0.,0.99796488337004));
#9164=DIRECTION('',(0.0715455243547622,0.,0.99743733534734));
#9165=DIRECTION('',(-0.99743733534734,0.,0.0715455243547622));
#9166=DIRECTION('',(0.997670922909119,0.,-0.0682109198124943));
#9167=DIRECTION('',(0.0682109198124943,0.,0.997670922909119));
#9168=DIRECTION('',(0.0506238243409955,0.,0.998717792176094));
#9169=DIRECTION('',(-0.998717792176094,0.,0.0506238243409955));
#9170=DIRECTION('',(0.99796488337004,0.,-0.0637659122119481));
#9171=DIRECTION('',(0.0637659122119481,0.,0.99796488337004));
#9172=DIRECTION('',(0.0715455243547622,0.,0.99743733534734));
#9173=DIRECTION('',(-0.99743733534734,0.,0.0715455243547622));
#9174=DIRECTION('',(0.997670922909119,0.,-0.0682109198124943));
#9175=DIRECTION('',(0.0682109198124943,0.,0.997670922909119));
#9176=DIRECTION('',(0.0506238243409955,0.,0.998717792176094));
#9177=DIRECTION('',(-0.998717792176094,0.,0.0506238243409955));
#9178=DIRECTION('',(0.99796488337004,0.,-0.0637659122119481));
#9179=DIRECTION('',(0.0637659122119481,0.,0.99796488337004));
#9180=DIRECTION('',(0.0715455243547622,0.,0.99743733534734));
#9181=DIRECTION('',(-0.99743733534734,0.,0.0715455243547622));
#9182=DIRECTION('',(0.997670922909119,0.,-0.0682109198124943));
#9183=DIRECTION('',(0.0682109198124943,0.,0.997670922909119));
#9184=DIRECTION('',(0.0506238243409955,0.,0.998717792176094));
#9185=DIRECTION('',(-0.998717792176094,0.,0.0506238243409955));
#9186=DIRECTION('',(0.99796488337004,0.,-0.0637659122119481));
#9187=DIRECTION('',(0.0637659122119481,0.,0.99796488337004));
#9188=DIRECTION('',(0.0715455243547622,0.,0.99743733534734));
#9189=DIRECTION('',(-0.99743733534734,0.,0.0715455243547622));
#9190=DIRECTION('',(0.997670922909119,0.,-0.0682109198124943));
#9191=DIRECTION('',(0.0682109198124943,0.,0.997670922909119));
#9192=DIRECTION('',(0.0506238243409955,0.,0.998717792176094));
#9193=DIRECTION('',(-0.998717792176094,0.,0.0506238243409955));
#9194=DIRECTION('',(0.99796488337004,0.,-0.0637659122119481));
#9195=DIRECTION('',(0.0637659122119481,0.,0.99796488337004));
#9196=DIRECTION('',(0.0715455243547622,0.,0.99743733534734));
#9197=DIRECTION('',(-0.99743733534734,0.,0.0715455243547622));
#9198=DIRECTION('',(0.997670922909119,0.,-0.0682109198124943));
#9199=DIRECTION('',(0.0682109198124943,0.,0.997670922909119));
#9200=DIRECTION('',(0.0506238243409955,0.,0.998717792176094));
#9201=DIRECTION('',(-0.998717792176094,0.,0.0506238243409955));
#9202=DIRECTION('',(0.99796488337004,0.,-0.0637659122119481));
#9203=DIRECTION('',(0.0637659122119481,0.,0.99796488337004));
#9204=DIRECTION('',(0.0715455243547622,0.,0.99743733534734));
#9205=DIRECTION('',(-0.99743733534734,0.,0.0715455243547622));
#9206=DIRECTION('',(0.997670922909119,0.,-0.0682109198124943));
#9207=DIRECTION('',(0.0682109198124943,0.,0.997670922909119));
#9208=DIRECTION('',(0.0506238243409955,0.,0.998717792176094));
#9209=DIRECTION('',(-0.998717792176094,0.,0.0506238243409955));
#9210=DIRECTION('',(0.99796488337004,0.,-0.0637659122119481));
#9211=DIRECTION('',(0.0637659122119481,0.,0.99796488337004));
#9212=DIRECTION('',(0.0715455243547622,0.,0.99743733534734));
#9213=DIRECTION('',(-0.99743733534734,0.,0.0715455243547622));
#9214=DIRECTION('',(0.997670922909119,0.,-0.0682109198124943));
#9215=DIRECTION('',(0.0682109198124943,0.,0.997670922909119));
#9216=DIRECTION('',(0.0506238243409955,0.,0.998717792176094));
#9217=DIRECTION('',(-0.998717792176094,0.,0.0506238243409955));
#9218=DIRECTION('',(0.99796488337004,0.,-0.0637659122119481));
#9219=DIRECTION('',(0.0637659122119481,0.,0.99796488337004));
#9220=DIRECTION('',(0.0715455243547622,0.,0.99743733534734));
#9221=DIRECTION('',(-0.99743733534734,0.,0.0715455243547622));
#9222=DIRECTION('',(0.997670922909119,0.,-0.0682109198124943));
#9223=DIRECTION('',(0.0682109198124943,0.,0.997670922909119));
#9224=DIRECTION('',(0.0506238243409955,0.,0.998717792176094));
#9225=DIRECTION('',(-0.998717792176094,0.,0.0506238243409955));
#9226=DIRECTION('',(0.99796488337004,0.,-0.0637659122119481));
#9227=DIRECTION('',(0.0637659122119481,0.,0.99796488337004));
#9228=DIRECTION('',(0.0715455243547622,0.,0.99743733534734));
#9229=DIRECTION('',(-0.99743733534734,0.,0.0715455243547622));
#9230=DIRECTION('',(0.997670922909119,0.,-0.0682109198124943));
#9231=DIRECTION('',(0.0682109198124943,0.,0.997670922909119));
#9232=DIRECTION('',(0.0506238243409955,0.,0.998717792176094));
#9233=DIRECTION('',(-0.998717792176094,0.,0.0506238243409955));
#9234=DIRECTION('',(0.99796488337004,0.,-0.0637659122119481));
#9235=DIRECTION('',(0.0637659122119481,0.,0.99796488337004));
#9236=DIRECTION('',(0.0715455243547622,0.,0.99743733534734));
#9237=DIRECTION('',(-0.99743733534734,0.,0.0715455243547622));
#9238=DIRECTION('',(0.997670922909119,0.,-0.0682109198124943));
#9239=DIRECTION('',(0.0682109198124943,0.,0.997670922909119));
#9240=DIRECTION('',(0.0506238243409955,0.,0.998717792176094));
#9241=DIRECTION('',(-0.998717792176094,0.,0.0506238243409955));
#9242=DIRECTION('',(0.99796488337004,0.,-0.0637659122119481));
#9243=DIRECTION('',(0.0637659122119481,0.,0.99796488337004));
#9244=DIRECTION('',(0.0715455243547622,0.,0.99743733534734));
#9245=DIRECTION('',(-0.99743733534734,0.,0.0715455243547622));
#9246=DIRECTION('',(0.997670922909119,0.,-0.0682109198124943));
#9247=DIRECTION('',(0.0682109198124943,0.,0.997670922909119));
#9248=DIRECTION('',(0.0506238243409955,0.,0.998717792176094));
#9249=DIRECTION('',(-0.998717792176094,0.,0.0506238243409955));
#9250=DIRECTION('',(0.99796488337004,0.,-0.0637659122119481));
#9251=DIRECTION('',(0.0637659122119481,0.,0.99796488337004));
#9252=DIRECTION('',(0.0715455243547622,0.,0.99743733534734));
#9253=DIRECTION('',(-0.99743733534734,0.,0.0715455243547622));
#9254=DIRECTION('',(0.997670922909119,0.,-0.0682109198124943));
#9255=DIRECTION('',(0.0682109198124943,0.,0.997670922909119));
#9256=DIRECTION('',(0.0506238243409955,0.,0.998717792176094));
#9257=DIRECTION('',(-0.998717792176094,0.,0.0506238243409955));
#9258=DIRECTION('',(0.99796488337004,0.,-0.0637659122119481));
#9259=DIRECTION('',(0.0637659122119481,0.,0.99796488337004));
#9260=DIRECTION('',(0.0715455243547622,0.,0.99743733534734));
#9261=DIRECTION('',(-0.99743733534734,0.,0.0715455243547622));
#9262=DIRECTION('',(0.997670922909119,0.,-0.0682109198124943));
#9263=DIRECTION('',(0.0682109198124943,0.,0.997670922909119));
#9264=DIRECTION('',(0.0506238243409955,0.,0.998717792176094));
#9265=DIRECTION('',(-0.998717792176094,0.,0.0506238243409955));
#9266=DIRECTION('',(0.99796488337004,0.,-0.0637659122119481));
#9267=DIRECTION('',(0.0637659122119481,0.,0.99796488337004));
#9268=DIRECTION('',(0.0715455243547622,0.,0.99743733534734));
#9269=DIRECTION('',(-0.99743733534734,0.,0.0715455243547622));
#9270=DIRECTION('',(0.997670922909119,0.,-0.0682109198124943));
#9271=DIRECTION('',(0.0682109198124943,0.,0.997670922909119));
#9272=DIRECTION('',(0.0506238243409955,0.,0.998717792176094));
#9273=DIRECTION('',(-0.998717792176094,0.,0.0506238243409955));
#9274=DIRECTION('',(0.99796488337004,0.,-0.0637659122119481));
#9275=DIRECTION('',(0.0637659122119481,0.,0.99796488337004));
#9276=DIRECTION('',(0.0715455243547622,0.,0.99743733534734));
#9277=DIRECTION('',(-0.99743733534734,0.,0.0715455243547622));
#9278=DIRECTION('',(0.997670922909119,0.,-0.0682109198124943));
#9279=DIRECTION('',(0.0682109198124943,0.,0.997670922909119));
#9280=DIRECTION('',(0.0506238243409955,0.,0.998717792176094));
#9281=DIRECTION('',(-0.998717792176094,0.,0.0506238243409955));
#9282=DIRECTION('',(0.99796488337004,0.,-0.0637659122119481));
#9283=DIRECTION('',(0.0637659122119481,0.,0.99796488337004));
#9284=DIRECTION('',(0.0715455243547622,0.,0.99743733534734));
#9285=DIRECTION('',(-0.99743733534734,0.,0.0715455243547622));
#9286=DIRECTION('',(0.997670922909119,0.,-0.0682109198124943));
#9287=DIRECTION('',(0.0682109198124943,0.,0.997670922909119));
#9288=DIRECTION('',(0.0506238243409955,0.,0.998717792176094));
#9289=DIRECTION('',(-0.998717792176094,0.,0.0506238243409955));
#9290=DIRECTION('',(0.99796488337004,0.,-0.0637659122119481));
#9291=DIRECTION('',(0.0637659122119481,0.,0.99796488337004));
#9292=DIRECTION('',(0.0715455243547622,0.,0.99743733534734));
#9293=DIRECTION('',(-0.99743733534734,0.,0.0715455243547622));
#9294=DIRECTION('',(0.997670922909119,0.,-0.0682109198124943));
#9295=DIRECTION('',(0.0682109198124943,0.,0.997670922909119));
#9296=DIRECTION('',(0.0506238243409955,0.,0.998717792176094));
#9297=DIRECTION('',(-0.998717792176094,0.,0.0506238243409955));
#9298=DIRECTION('',(0.99796488337004,0.,-0.0637659122119481));
#9299=DIRECTION('',(0.0637659122119481,0.,0.99796488337004));
#9300=DIRECTION('',(0.0715455243547622,0.,0.99743733534734));
#9301=DIRECTION('',(-0.99743733534734,0.,0.0715455243547622));
#9302=DIRECTION('',(0.997670922909119,0.,-0.0682109198124943));
#9303=DIRECTION('',(0.0682109198124943,0.,0.997670922909119));
#9304=DIRECTION('',(0.0506238243409955,0.,0.998717792176094));
#9305=DIRECTION('',(-0.998717792176094,0.,0.0506238243409955));
#9306=DIRECTION('',(0.99796488337004,0.,-0.0637659122119481));
#9307=DIRECTION('',(0.0637659122119481,0.,0.99796488337004));
#9308=DIRECTION('',(0.0715455243547622,0.,0.99743733534734));
#9309=DIRECTION('',(-0.99743733534734,0.,0.0715455243547622));
#9310=DIRECTION('',(0.997670922909119,0.,-0.0682109198124943));
#9311=DIRECTION('',(0.0682109198124943,0.,0.997670922909119));
#9312=DIRECTION('',(0.0506238243409955,0.,0.998717792176094));
#9313=DIRECTION('',(-0.998717792176094,0.,0.0506238243409955));
#9314=DIRECTION('',(0.99796488337004,0.,-0.0637659122119481));
#9315=DIRECTION('',(0.0637659122119481,0.,0.99796488337004));
#9316=DIRECTION('',(0.0715455243547622,0.,0.99743733534734));
#9317=DIRECTION('',(-0.99743733534734,0.,0.0715455243547622));
#9318=DIRECTION('',(0.997670922909119,0.,-0.0682109198124943));
#9319=DIRECTION('',(0.0682109198124943,0.,0.997670922909119));
#9320=DIRECTION('',(0.0506238243409955,0.,0.998717792176094));
#9321=DIRECTION('',(-0.998717792176094,0.,0.0506238243409955));
#9322=DIRECTION('',(0.99796488337004,0.,-0.0637659122119481));
#9323=DIRECTION('',(0.0637659122119481,0.,0.99796488337004));
#9324=DIRECTION('',(0.0715455243547622,0.,0.99743733534734));
#9325=DIRECTION('',(-0.99743733534734,0.,0.0715455243547622));
#9326=DIRECTION('',(0.997670922909119,0.,-0.0682109198124943));
#9327=DIRECTION('',(0.0682109198124943,0.,0.997670922909119));
#9328=DIRECTION('',(0.0506238243409955,0.,0.998717792176094));
#9329=DIRECTION('',(-0.998717792176094,0.,0.0506238243409955));
#9330=DIRECTION('',(0.99796488337004,0.,-0.0637659122119481));
#9331=DIRECTION('',(0.0637659122119481,0.,0.99796488337004));
#9332=DIRECTION('',(0.0715455243547622,0.,0.99743733534734));
#9333=DIRECTION('',(-0.99743733534734,0.,0.0715455243547622));
#9334=DIRECTION('',(0.997670922909119,0.,-0.0682109198124943));
#9335=DIRECTION('',(0.0682109198124943,0.,0.997670922909119));
#9336=DIRECTION('',(0.0506238243409955,0.,0.998717792176094));
#9337=DIRECTION('',(-0.998717792176094,0.,0.0506238243409955));
#9338=DIRECTION('',(0.99796488337004,0.,-0.0637659122119481));
#9339=DIRECTION('',(0.0637659122119481,0.,0.99796488337004));
#9340=DIRECTION('',(0.0715455243547622,0.,0.99743733534734));
#9341=DIRECTION('',(-0.99743733534734,0.,0.0715455243547622));
#9342=DIRECTION('',(0.997670922909119,0.,-0.0682109198124943));
#9343=DIRECTION('',(0.0682109198124943,0.,0.997670922909119));
#9344=DIRECTION('',(0.0506238243409955,0.,0.998717792176094));
#9345=DIRECTION('',(-0.998717792176094,0.,0.0506238243409955));
#9346=DIRECTION('',(0.99796488337004,0.,-0.0637659122119481));
#9347=DIRECTION('',(0.0637659122119481,0.,0.99796488337004));
#9348=DIRECTION('',(0.0715455243547622,0.,0.99743733534734));
#9349=DIRECTION('',(-0.99743733534734,0.,0.0715455243547622));
#9350=DIRECTION('',(0.997670922909119,0.,-0.0682109198124943));
#9351=DIRECTION('',(0.0682109198124943,0.,0.997670922909119));
#9352=DIRECTION('',(0.0506238243409955,0.,0.998717792176094));
#9353=DIRECTION('',(-0.998717792176094,0.,0.0506238243409955));
#9354=DIRECTION('',(0.99796488337004,0.,-0.0637659122119481));
#9355=DIRECTION('',(0.0637659122119481,0.,0.99796488337004));
#9356=DIRECTION('',(0.0715455243547622,0.,0.99743733534734));
#9357=DIRECTION('',(-0.99743733534734,0.,0.0715455243547622));
#9358=DIRECTION('',(0.997670922909119,0.,-0.0682109198124943));
#9359=DIRECTION('',(0.0682109198124943,0.,0.997670922909119));
#9360=DIRECTION('',(0.0506238243409955,0.,0.998717792176094));
#9361=DIRECTION('',(-0.998717792176094,0.,0.0506238243409955));
#9362=DIRECTION('',(0.99796488337004,0.,-0.0637659122119481));
#9363=DIRECTION('',(0.0637659122119481,0.,0.99796488337004));
#9364=DIRECTION('',(0.0715455243547622,0.,0.99743733534734));
#9365=DIRECTION('',(-0.99743733534734,0.,0.0715455243547622));
#9366=DIRECTION('',(0.997670922909119,0.,-0.0682109198124943));
#9367=DIRECTION('',(0.0682109198124943,0.,0.997670922909119));
#9368=DIRECTION('',(0.0506238243409955,0.,0.998717792176094));
#9369=DIRECTION('',(-0.998717792176094,0.,0.0506238243409955));
#9370=DIRECTION('',(0.99796488337004,0.,-0.0637659122119481));
#9371=DIRECTION('',(0.0637659122119481,0.,0.99796488337004));
#9372=DIRECTION('',(0.0715455243547622,0.,0.99743733534734));
#9373=DIRECTION('',(-0.99743733534734,0.,0.0715455243547622));
#9374=DIRECTION('',(0.997670922909119,0.,-0.0682109198124943));
#9375=DIRECTION('',(0.0682109198124943,0.,0.997670922909119));
#9376=DIRECTION('',(0.0506238243409955,0.,0.998717792176094));
#9377=DIRECTION('',(-0.998717792176094,0.,0.0506238243409955));
#9378=DIRECTION('',(0.99796488337004,0.,-0.0637659122119481));
#9379=DIRECTION('',(0.0637659122119481,0.,0.99796488337004));
#9380=DIRECTION('',(0.0715455243547622,0.,0.99743733534734));
#9381=DIRECTION('',(-0.99743733534734,0.,0.0715455243547622));
#9382=DIRECTION('',(-0.448485435884,0.,-0.893790139686011));
#9383=DIRECTION('',(0.893790139686011,0.,-0.448485435884));
#9384=DIRECTION('',(-0.7450766226059,0.,-0.66697888006007));
#9385=DIRECTION('',(0.66697888006007,0.,-0.7450766226059));
#9386=DIRECTION('',(-0.999562257727447,0.,-0.0295853498679536));
#9387=DIRECTION('',(0.0295853498679536,0.,-0.999562257727447));
#9388=DIRECTION('',(-0.767680518609665,0.,-0.640832756144063));
#9389=DIRECTION('',(0.640832756144063,0.,-0.767680518609665));
#9390=DIRECTION('',(-1.,0.,0.));
#9391=DIRECTION('',(0.,0.,-1.));
#9392=DIRECTION('',(0.153985434058534,0.,0.988073117789268));
#9393=DIRECTION('',(-0.988073117789268,0.,0.153985434058534));
#9394=DIRECTION('',(0.,0.,-1.));
#9395=DIRECTION('',(0.,-1.,0.));
#9396=DIRECTION('',(0.,0.,-1.));
#9397=DIRECTION('',(0.,-1.,0.));
#9398=DIRECTION('',(0.,0.,-1.));
#9399=DIRECTION('',(0.,-1.,0.));
#9400=DIRECTION('',(0.994592793036292,0.,0.103851702153925));
#9401=DIRECTION('',(-0.103851702153925,0.,0.994592793036292));
#9402=DIRECTION('',(0.14333221138401,0.,0.989674631977485));
#9403=DIRECTION('',(-0.989674631977485,0.,0.14333221138401));
#9404=DIRECTION('',(0.995817972827827,0.,0.0913595369574387));
#9405=DIRECTION('',(-0.0913595369574387,0.,0.995817972827827));
#9406=DIRECTION('',(0.,0.,-1.));
#9407=DIRECTION('',(0.,-1.,0.));
#9408=DIRECTION('',(0.,0.,-1.));
#9409=DIRECTION('',(0.,-1.,0.));
#9410=DIRECTION('',(0.,0.,-1.));
#9411=DIRECTION('',(0.,-1.,0.));
#9412=DIRECTION('',(0.,0.,-1.));
#9413=DIRECTION('',(0.,-1.,0.));
#9414=DIRECTION('',(0.102198381502726,0.,0.994764037758816));
#9415=DIRECTION('',(-0.994764037758816,0.,0.102198381502726));
#9416=DIRECTION('',(1.,0.,-0.));
#9417=DIRECTION('',(0.,0.,1.));
#9418=DIRECTION('',(0.567578599415623,0.,-0.823319217245292));
#9419=DIRECTION('',(0.823319217245292,0.,0.567578599415623));
#9420=DIRECTION('',(0.,0.,-1.));
#9421=DIRECTION('',(0.,-1.,0.));
#9422=DIRECTION('',(1.,0.,5.23346293662016E-015));
#9423=DIRECTION('',(-5.23346293662016E-015,0.,1.));
#9424=DIRECTION('',(0.,0.,-1.));
#9425=DIRECTION('',(0.,-1.,0.));
#9426=DIRECTION('',(0.403248995578516,0.,0.915090294760533));
#9427=DIRECTION('',(-0.915090294760533,0.,0.403248995578516));
#9428=DIRECTION('',(1.,0.,-0.));
#9429=DIRECTION('',(0.,0.,1.));
#9430=DIRECTION('',(0.151388023200055,0.,0.988474413645381));
#9431=DIRECTION('',(-0.988474413645381,0.,0.151388023200055));
#9432=DIRECTION('',(0.,0.,-1.));
#9433=DIRECTION('',(0.,-1.,0.));
#9434=DIRECTION('',(0.13003404460718,0.,0.991509529577552));
#9435=DIRECTION('',(-0.991509529577552,0.,0.13003404460718));
#9436=DIRECTION('',(0.99767092290912,0.,-0.0682109198124778));
#9437=DIRECTION('',(0.0682109198124778,0.,0.99767092290912));
#9438=DIRECTION('',(0.0631212170548075,0.,0.998005867696939));
#9439=DIRECTION('',(-0.998005867696939,0.,0.0631212170548075));
#9440=DIRECTION('',(0.860926542205044,0.,0.508729288450024));
#9441=DIRECTION('',(-0.508729288450024,0.,0.860926542205044));
#9442=DIRECTION('',(0.,0.,-1.));
#9443=DIRECTION('',(0.,-1.,0.));
#9444=DIRECTION('',(1.,0.,2.69832717616398E-010));
#9445=DIRECTION('',(-2.69832717616398E-010,0.,1.));
#9446=DIRECTION('',(0.050129938979077,0.,0.998742704212629));
#9447=DIRECTION('',(-0.998742704212629,0.,0.050129938979077));
#9448=DIRECTION('',(0.998407847990981,0.,0.0564071721505257));
#9449=DIRECTION('',(-0.0564071721505257,0.,0.998407847990981));
#9450=DIRECTION('',(0.0800139087992398,0.,0.996793747170731));
#9451=DIRECTION('',(-0.996793747170731,0.,0.0800139087992398));
#9452=DIRECTION('',(1.,0.,-0.));
#9453=DIRECTION('',(0.,0.,1.));
#9454=DIRECTION('',(-0.,0.,-1.));
#9455=DIRECTION('',(1.,0.,-0.));
#9456=DIRECTION('',(-0.798354685228529,0.,-0.602187509479942));
#9457=DIRECTION('',(0.602187509479942,0.,-0.798354685228529));
#9458=DIRECTION('',(0.,0.,-1.));
#9459=DIRECTION('',(0.,-1.,0.));
#9460=DIRECTION('',(0.,0.,-1.));
#9461=DIRECTION('',(0.,-1.,0.));
#9462=DIRECTION('',(-0.998311139257263,0.,0.0580936247351322));
#9463=DIRECTION('',(-0.0580936247351322,0.,-0.998311139257263));
#9464=DIRECTION('',(-0.0410390209431599,0.,-0.999157544514391));
#9465=DIRECTION('',(0.999157544514391,0.,-0.0410390209431599));
#9466=DIRECTION('',(0.,0.,1.));
#9467=DIRECTION('',(0.,1.,-0.));
#9468=DIRECTION('',(0.,0.,1.));
#9469=DIRECTION('',(0.,1.,-0.));
#9470=DIRECTION('',(-0.998311139257263,0.,0.0580936247351322));
#9471=DIRECTION('',(-0.0580936247351322,0.,-0.998311139257263));
#9472=DIRECTION('',(-0.0410390209431599,0.,-0.999157544514391));
#9473=DIRECTION('',(0.999157544514391,0.,-0.0410390209431599));
#9474=DIRECTION('',(0.,0.,1.));
#9475=DIRECTION('',(0.,1.,-0.));
#9476=DIRECTION('',(0.,0.,1.));
#9477=DIRECTION('',(0.,1.,-0.));
#9478=DIRECTION('',(-0.998311139257263,0.,0.0580936247351322));
#9479=DIRECTION('',(-0.0580936247351322,0.,-0.998311139257263));
#9480=DIRECTION('',(-0.0410390209431599,0.,-0.999157544514391));
#9481=DIRECTION('',(0.999157544514391,0.,-0.0410390209431599));
#9482=DIRECTION('',(0.,0.,1.));
#9483=DIRECTION('',(0.,1.,-0.));
#9484=DIRECTION('',(0.,0.,1.));
#9485=DIRECTION('',(0.,1.,-0.));
#9486=DIRECTION('',(-0.998311139257263,0.,0.0580936247351322));
#9487=DIRECTION('',(-0.0580936247351322,0.,-0.998311139257263));
#9488=DIRECTION('',(-0.0410390209431599,0.,-0.999157544514391));
#9489=DIRECTION('',(0.999157544514391,0.,-0.0410390209431599));
#9490=DIRECTION('',(0.,0.,1.));
#9491=DIRECTION('',(0.,1.,-0.));
#9492=DIRECTION('',(-0.998311139257263,0.,0.0580936247351322));
#9493=DIRECTION('',(-0.0580936247351322,0.,-0.998311139257263));
#9494=DIRECTION('',(-0.0410390209431599,0.,-0.999157544514391));
#9495=DIRECTION('',(0.999157544514391,0.,-0.0410390209431599));
#9496=DIRECTION('',(0.,0.,1.));
#9497=DIRECTION('',(0.,1.,-0.));
#9498=DIRECTION('',(0.,0.,1.));
#9499=DIRECTION('',(0.,1.,-0.));
#9500=DIRECTION('',(-0.998311139257263,0.,0.0580936247351322));
#9501=DIRECTION('',(-0.0580936247351322,0.,-0.998311139257263));
#9502=DIRECTION('',(-0.0410390209431599,0.,-0.999157544514391));
#9503=DIRECTION('',(0.999157544514391,0.,-0.0410390209431599));
#9504=DIRECTION('',(0.,0.,1.));
#9505=DIRECTION('',(0.,1.,-0.));
#9506=DIRECTION('',(0.,0.,1.));
#9507=DIRECTION('',(0.,1.,-0.));
#9508=DIRECTION('',(-0.998311139257263,0.,0.0580936247351322));
#9509=DIRECTION('',(-0.0580936247351322,0.,-0.998311139257263));
#9510=DIRECTION('',(-0.0410390209431599,0.,-0.999157544514391));
#9511=DIRECTION('',(0.999157544514391,0.,-0.0410390209431599));
#9512=DIRECTION('',(0.,0.,1.));
#9513=DIRECTION('',(0.,1.,-0.));
#9514=DIRECTION('',(0.,0.,1.));
#9515=DIRECTION('',(0.,1.,-0.));
#9516=DIRECTION('',(-0.998311139257263,0.,0.0580936247351322));
#9517=DIRECTION('',(-0.0580936247351322,0.,-0.998311139257263));
#9518=DIRECTION('',(-0.0410390209431599,0.,-0.999157544514391));
#9519=DIRECTION('',(0.999157544514391,0.,-0.0410390209431599));
#9520=DIRECTION('',(0.,0.,1.));
#9521=DIRECTION('',(0.,1.,-0.));
#9522=DIRECTION('',(0.,0.,1.));
#9523=DIRECTION('',(0.,1.,-0.));
#9524=DIRECTION('',(-0.998311139257263,0.,0.0580936247351322));
#9525=DIRECTION('',(-0.0580936247351322,0.,-0.998311139257263));
#9526=DIRECTION('',(-0.0410390209431599,0.,-0.999157544514391));
#9527=DIRECTION('',(0.999157544514391,0.,-0.0410390209431599));
#9528=DIRECTION('',(0.,0.,1.));
#9529=DIRECTION('',(0.,1.,-0.));
#9530=DIRECTION('',(0.,0.,1.));
#9531=DIRECTION('',(0.,1.,-0.));
#9532=DIRECTION('',(-0.998311139257263,0.,0.0580936247351322));
#9533=DIRECTION('',(-0.0580936247351322,0.,-0.998311139257263));
#9534=DIRECTION('',(-0.0410390209431599,0.,-0.999157544514391));
#9535=DIRECTION('',(0.999157544514391,0.,-0.0410390209431599));
#9536=DIRECTION('',(0.,0.,1.));
#9537=DIRECTION('',(0.,1.,-0.));
#9538=DIRECTION('',(0.,0.,1.));
#9539=DIRECTION('',(0.,1.,-0.));
#9540=DIRECTION('',(-0.998311139257263,0.,0.0580936247351322));
#9541=DIRECTION('',(-0.0580936247351322,0.,-0.998311139257263));
#9542=DIRECTION('',(-0.0410390209431599,0.,-0.999157544514391));
#9543=DIRECTION('',(0.999157544514391,0.,-0.0410390209431599));
#9544=DIRECTION('',(0.,0.,1.));
#9545=DIRECTION('',(0.,1.,-0.));
#9546=DIRECTION('',(0.,0.,1.));
#9547=DIRECTION('',(0.,1.,-0.));
#9548=DIRECTION('',(-0.998311139257263,0.,0.0580936247351322));
#9549=DIRECTION('',(-0.0580936247351322,0.,-0.998311139257263));
#9550=DIRECTION('',(-0.0410390209431599,0.,-0.999157544514391));
#9551=DIRECTION('',(0.999157544514391,0.,-0.0410390209431599));
#9552=DIRECTION('',(0.,0.,1.));
#9553=DIRECTION('',(0.,1.,-0.));
#9554=DIRECTION('',(0.,0.,1.));
#9555=DIRECTION('',(0.,1.,-0.));
#9556=DIRECTION('',(-0.998311139257263,0.,0.0580936247351322));
#9557=DIRECTION('',(-0.0580936247351322,0.,-0.998311139257263));
#9558=DIRECTION('',(-0.0410390209431599,0.,-0.999157544514391));
#9559=DIRECTION('',(0.999157544514391,0.,-0.0410390209431599));
#9560=DIRECTION('',(0.,0.,1.));
#9561=DIRECTION('',(0.,1.,-0.));
#9562=DIRECTION('',(0.,0.,1.));
#9563=DIRECTION('',(0.,1.,-0.));
#9564=DIRECTION('',(-0.998311139257263,0.,0.0580936247351322));
#9565=DIRECTION('',(-0.0580936247351322,0.,-0.998311139257263));
#9566=DIRECTION('',(-0.0410390209431599,0.,-0.999157544514391));
#9567=DIRECTION('',(0.999157544514391,0.,-0.0410390209431599));
#9568=DIRECTION('',(0.,0.,1.));
#9569=DIRECTION('',(0.,1.,-0.));
#9570=DIRECTION('',(0.,0.,1.));
#9571=DIRECTION('',(0.,1.,-0.));
#9572=DIRECTION('',(-0.998311139257263,0.,0.0580936247351322));
#9573=DIRECTION('',(-0.0580936247351322,0.,-0.998311139257263));
#9574=DIRECTION('',(-0.0410390209431599,0.,-0.999157544514391));
#9575=DIRECTION('',(0.999157544514391,0.,-0.0410390209431599));
#9576=DIRECTION('',(0.,0.,1.));
#9577=DIRECTION('',(0.,1.,-0.));
#9578=DIRECTION('',(0.,0.,1.));
#9579=DIRECTION('',(0.,1.,-0.));
#9580=DIRECTION('',(-0.998311139257263,0.,0.0580936247351322));
#9581=DIRECTION('',(-0.0580936247351322,0.,-0.998311139257263));
#9582=DIRECTION('',(-0.0410390209431599,0.,-0.999157544514391));
#9583=DIRECTION('',(0.999157544514391,0.,-0.0410390209431599));
#9584=DIRECTION('',(0.,0.,1.));
#9585=DIRECTION('',(0.,1.,-0.));
#9586=DIRECTION('',(0.,0.,1.));
#9587=DIRECTION('',(0.,1.,-0.));
#9588=DIRECTION('',(-0.998311139257263,0.,0.0580936247351322));
#9589=DIRECTION('',(-0.0580936247351322,0.,-0.998311139257263));
#9590=DIRECTION('',(-0.0410390209431599,0.,-0.999157544514391));
#9591=DIRECTION('',(0.999157544514391,0.,-0.0410390209431599));
#9592=DIRECTION('',(0.,0.,1.));
#9593=DIRECTION('',(0.,1.,-0.));
#9594=DIRECTION('',(0.,0.,1.));
#9595=DIRECTION('',(0.,1.,-0.));
#9596=DIRECTION('',(-0.998311139257263,0.,0.0580936247351322));
#9597=DIRECTION('',(-0.0580936247351322,0.,-0.998311139257263));
#9598=DIRECTION('',(-0.0410390209431599,0.,-0.999157544514391));
#9599=DIRECTION('',(0.999157544514391,0.,-0.0410390209431599));
#9600=DIRECTION('',(0.,0.,1.));
#9601=DIRECTION('',(0.,1.,-0.));
#9602=DIRECTION('',(0.,0.,1.));
#9603=DIRECTION('',(0.,1.,-0.));
#9604=DIRECTION('',(-0.998311139257263,0.,0.0580936247351322));
#9605=DIRECTION('',(-0.0580936247351322,0.,-0.998311139257263));
#9606=DIRECTION('',(-0.0410390209431599,0.,-0.999157544514391));
#9607=DIRECTION('',(0.999157544514391,0.,-0.0410390209431599));
#9608=DIRECTION('',(0.,0.,1.));
#9609=DIRECTION('',(0.,1.,-0.));
#9610=DIRECTION('',(0.,0.,1.));
#9611=DIRECTION('',(0.,1.,-0.));
#9612=DIRECTION('',(-0.998311139257263,0.,0.0580936247351322));
#9613=DIRECTION('',(-0.0580936247351322,0.,-0.998311139257263));
#9614=DIRECTION('',(-0.0410390209431599,0.,-0.999157544514391));
#9615=DIRECTION('',(0.999157544514391,0.,-0.0410390209431599));
#9616=DIRECTION('',(0.,0.,1.));
#9617=DIRECTION('',(0.,1.,-0.));
#9618=DIRECTION('',(0.,0.,1.));
#9619=DIRECTION('',(0.,1.,-0.));
#9620=DIRECTION('',(-0.998311139257263,0.,0.0580936247351322));
#9621=DIRECTION('',(-0.0580936247351322,0.,-0.998311139257263));
#9622=DIRECTION('',(-0.0410390209431599,0.,-0.999157544514391));
#9623=DIRECTION('',(0.999157544514391,0.,-0.0410390209431599));
#9624=DIRECTION('',(0.,0.,1.));
#9625=DIRECTION('',(0.,1.,-0.));
#9626=DIRECTION('',(0.,0.,1.));
#9627=DIRECTION('',(0.,1.,-0.));
#9628=DIRECTION('',(-0.998311139257263,0.,0.0580936247351322));
#9629=DIRECTION('',(-0.0580936247351322,0.,-0.998311139257263));
#9630=DIRECTION('',(-0.0410390209431599,0.,-0.999157544514391));
#9631=DIRECTION('',(0.999157544514391,0.,-0.0410390209431599));
#9632=DIRECTION('',(0.,0.,1.));
#9633=DIRECTION('',(0.,1.,-0.));
#9634=DIRECTION('',(0.,0.,1.));
#9635=DIRECTION('',(0.,1.,-0.));
#9636=DIRECTION('',(-0.998311139257263,0.,0.0580936247351322));
#9637=DIRECTION('',(-0.0580936247351322,0.,-0.998311139257263));
#9638=DIRECTION('',(-0.0410390209431599,0.,-0.999157544514391));
#9639=DIRECTION('',(0.999157544514391,0.,-0.0410390209431599));
#9640=DIRECTION('',(0.,0.,1.));
#9641=DIRECTION('',(0.,1.,-0.));
#9642=DIRECTION('',(0.,0.,1.));
#9643=DIRECTION('',(0.,1.,-0.));
#9644=DIRECTION('',(-0.998311139257263,0.,0.0580936247351322));
#9645=DIRECTION('',(-0.0580936247351322,0.,-0.998311139257263));
#9646=DIRECTION('',(-0.0410390209431599,0.,-0.999157544514391));
#9647=DIRECTION('',(0.999157544514391,0.,-0.0410390209431599));
#9648=DIRECTION('',(0.,0.,1.));
#9649=DIRECTION('',(0.,1.,-0.));
#9650=DIRECTION('',(0.,0.,1.));
#9651=DIRECTION('',(0.,1.,-0.));
#9652=DIRECTION('',(-0.998311139257263,0.,0.0580936247351322));
#9653=DIRECTION('',(-0.0580936247351322,0.,-0.998311139257263));
#9654=DIRECTION('',(-0.0410390209431599,0.,-0.999157544514391));
#9655=DIRECTION('',(0.999157544514391,0.,-0.0410390209431599));
#9656=DIRECTION('',(0.,0.,1.));
#9657=DIRECTION('',(0.,1.,-0.));
#9658=DIRECTION('',(0.,0.,1.));
#9659=DIRECTION('',(0.,1.,-0.));
#9660=DIRECTION('',(-0.998311139257263,0.,0.0580936247351322));
#9661=DIRECTION('',(-0.0580936247351322,0.,-0.998311139257263));
#9662=DIRECTION('',(-0.0410390209431599,0.,-0.999157544514391));
#9663=DIRECTION('',(0.999157544514391,0.,-0.0410390209431599));
#9664=DIRECTION('',(0.,0.,1.));
#9665=DIRECTION('',(0.,1.,-0.));
#9666=DIRECTION('',(0.,0.,1.));
#9667=DIRECTION('',(0.,1.,-0.));
#9668=DIRECTION('',(-0.998311139257263,0.,0.0580936247351322));
#9669=DIRECTION('',(-0.0580936247351322,0.,-0.998311139257263));
#9670=DIRECTION('',(-0.0410390209431599,0.,-0.999157544514391));
#9671=DIRECTION('',(0.999157544514391,0.,-0.0410390209431599));
#9672=DIRECTION('',(0.,0.,1.));
#9673=DIRECTION('',(0.,1.,-0.));
#9674=DIRECTION('',(0.,0.,1.));
#9675=DIRECTION('',(0.,1.,-0.));
#9676=DIRECTION('',(-0.998311139257263,0.,0.0580936247351322));
#9677=DIRECTION('',(-0.0580936247351322,0.,-0.998311139257263));
#9678=DIRECTION('',(-0.0410390209431599,0.,-0.999157544514391));
#9679=DIRECTION('',(0.999157544514391,0.,-0.0410390209431599));
#9680=DIRECTION('',(0.,0.,1.));
#9681=DIRECTION('',(0.,1.,-0.));
#9682=DIRECTION('',(0.,0.,1.));
#9683=DIRECTION('',(0.,1.,-0.));
#9684=DIRECTION('',(-0.998311139257263,0.,0.0580936247351322));
#9685=DIRECTION('',(-0.0580936247351322,0.,-0.998311139257263));
#9686=DIRECTION('',(-0.0410390209431599,0.,-0.999157544514391));
#9687=DIRECTION('',(0.999157544514391,0.,-0.0410390209431599));
#9688=DIRECTION('',(0.,0.,1.));
#9689=DIRECTION('',(0.,1.,-0.));
#9690=DIRECTION('',(0.,0.,1.));
#9691=DIRECTION('',(0.,1.,-0.));
#9692=DIRECTION('',(-0.998311139257263,0.,0.0580936247351322));
#9693=DIRECTION('',(-0.0580936247351322,0.,-0.998311139257263));
#9694=DIRECTION('',(-0.0410390209431599,0.,-0.999157544514391));
#9695=DIRECTION('',(0.999157544514391,0.,-0.0410390209431599));
#9696=DIRECTION('',(0.,0.,1.));
#9697=DIRECTION('',(0.,1.,-0.));
#9698=DIRECTION('',(0.,0.,1.));
#9699=DIRECTION('',(0.,1.,-0.));
#9700=DIRECTION('',(-0.998311139257263,0.,0.0580936247351322));
#9701=DIRECTION('',(-0.0580936247351322,0.,-0.998311139257263));
#9702=DIRECTION('',(-0.0410390209431599,0.,-0.999157544514391));
#9703=DIRECTION('',(0.999157544514391,0.,-0.0410390209431599));
#9704=DIRECTION('',(0.,0.,1.));
#9705=DIRECTION('',(0.,1.,-0.));
#9706=DIRECTION('',(0.,0.,1.));
#9707=DIRECTION('',(0.,1.,-0.));
#9708=DIRECTION('',(-0.998311139257263,0.,0.0580936247351322));
#9709=DIRECTION('',(-0.0580936247351322,0.,-0.998311139257263));
#9710=DIRECTION('',(-0.0410390209431599,0.,-0.999157544514391));
#9711=DIRECTION('',(0.999157544514391,0.,-0.0410390209431599));
#9712=DIRECTION('',(0.,0.,1.));
#9713=DIRECTION('',(0.,1.,-0.));
#9714=DIRECTION('',(0.,0.,1.));
#9715=DIRECTION('',(0.,1.,-0.));
#9716=DIRECTION('',(-0.998311139257263,0.,0.0580936247351322));
#9717=DIRECTION('',(-0.0580936247351322,0.,-0.998311139257263));
#9718=DIRECTION('',(-0.0410390209431599,0.,-0.999157544514391));
#9719=DIRECTION('',(0.999157544514391,0.,-0.0410390209431599));
#9720=DIRECTION('',(0.,0.,1.));
#9721=DIRECTION('',(0.,1.,-0.));
#9722=DIRECTION('',(0.,0.,1.));
#9723=DIRECTION('',(0.,1.,-0.));
#9724=DIRECTION('',(-0.998311139257263,0.,0.0580936247351322));
#9725=DIRECTION('',(-0.0580936247351322,0.,-0.998311139257263));
#9726=DIRECTION('',(-0.0410390209431599,0.,-0.999157544514391));
#9727=DIRECTION('',(0.999157544514391,0.,-0.0410390209431599));
#9728=DIRECTION('',(0.,0.,1.));
#9729=DIRECTION('',(0.,1.,-0.));
#9730=DIRECTION('',(0.,0.,1.));
#9731=DIRECTION('',(0.,1.,-0.));
#9732=DIRECTION('',(-0.998311139257263,0.,0.0580936247351322));
#9733=DIRECTION('',(-0.0580936247351322,0.,-0.998311139257263));
#9734=DIRECTION('',(-0.0410390209431599,0.,-0.999157544514391));
#9735=DIRECTION('',(0.999157544514391,0.,-0.0410390209431599));
#9736=DIRECTION('',(0.,0.,1.));
#9737=DIRECTION('',(0.,1.,-0.));
#9738=DIRECTION('',(0.,0.,1.));
#9739=DIRECTION('',(0.,1.,-0.));
#9740=DIRECTION('',(-0.998311139257263,0.,0.0580936247351322));
#9741=DIRECTION('',(-0.0580936247351322,0.,-0.998311139257263));
#9742=DIRECTION('',(-0.0410390209431599,0.,-0.999157544514391));
#9743=DIRECTION('',(0.999157544514391,0.,-0.0410390209431599));
#9744=DIRECTION('',(0.,0.,1.));
#9745=DIRECTION('',(0.,1.,-0.));
#9746=DIRECTION('',(0.,0.,1.));
#9747=DIRECTION('',(0.,1.,-0.));
#9748=DIRECTION('',(-0.998311139257263,0.,0.0580936247351322));
#9749=DIRECTION('',(-0.0580936247351322,0.,-0.998311139257263));
#9750=DIRECTION('',(-0.0410390209431599,0.,-0.999157544514391));
#9751=DIRECTION('',(0.999157544514391,0.,-0.0410390209431599));
#9752=DIRECTION('',(0.,0.,1.));
#9753=DIRECTION('',(0.,1.,-0.));
#9754=DIRECTION('',(0.,0.,1.));
#9755=DIRECTION('',(0.,1.,-0.));
#9756=DIRECTION('',(-0.998311139257263,0.,0.0580936247351322));
#9757=DIRECTION('',(-0.0580936247351322,0.,-0.998311139257263));
#9758=DIRECTION('',(-0.0410390209431599,0.,-0.999157544514391));
#9759=DIRECTION('',(0.999157544514391,0.,-0.0410390209431599));
#9760=DIRECTION('',(0.,0.,1.));
#9761=DIRECTION('',(0.,1.,-0.));
#9762=DIRECTION('',(0.,0.,1.));
#9763=DIRECTION('',(0.,1.,-0.));
#9764=DIRECTION('',(-0.998311139257263,0.,0.0580936247351322));
#9765=DIRECTION('',(-0.0580936247351322,0.,-0.998311139257263));
#9766=DIRECTION('',(-0.0410390209431599,0.,-0.999157544514391));
#9767=DIRECTION('',(0.999157544514391,0.,-0.0410390209431599));
#9768=DIRECTION('',(0.,0.,1.));
#9769=DIRECTION('',(0.,1.,-0.));
#9770=DIRECTION('',(0.,0.,1.));
#9771=DIRECTION('',(0.,1.,-0.));
#9772=DIRECTION('',(-0.998311139257263,0.,0.0580936247351322));
#9773=DIRECTION('',(-0.0580936247351322,0.,-0.998311139257263));
#9774=DIRECTION('',(-0.0410390209431599,0.,-0.999157544514391));
#9775=DIRECTION('',(0.999157544514391,0.,-0.0410390209431599));
#9776=DIRECTION('',(0.,0.,1.));
#9777=DIRECTION('',(0.,1.,-0.));
#9778=DIRECTION('',(0.,0.,1.));
#9779=DIRECTION('',(0.,1.,-0.));
#9780=DIRECTION('',(-0.998311139257263,0.,0.0580936247351322));
#9781=DIRECTION('',(-0.0580936247351322,0.,-0.998311139257263));
#9782=DIRECTION('',(-0.0410390209431599,0.,-0.999157544514391));
#9783=DIRECTION('',(0.999157544514391,0.,-0.0410390209431599));
#9784=DIRECTION('',(0.,0.,1.));
#9785=DIRECTION('',(0.,1.,-0.));
#9786=DIRECTION('',(0.,0.,1.));
#9787=DIRECTION('',(0.,1.,-0.));
#9788=DIRECTION('',(-0.998311139257263,0.,0.0580936247351322));
#9789=DIRECTION('',(-0.0580936247351322,0.,-0.998311139257263));
#9790=DIRECTION('',(-0.0410390209431599,0.,-0.999157544514391));
#9791=DIRECTION('',(0.999157544514391,0.,-0.0410390209431599));
#9792=DIRECTION('',(0.,0.,1.));
#9793=DIRECTION('',(0.,1.,-0.));
#9794=DIRECTION('',(0.,0.,1.));
#9795=DIRECTION('',(0.,1.,-0.));
#9796=DIRECTION('',(-0.998311139257263,0.,0.0580936247351322));
#9797=DIRECTION('',(-0.0580936247351322,0.,-0.998311139257263));
#9798=DIRECTION('',(-0.0410390209431599,0.,-0.999157544514391));
#9799=DIRECTION('',(0.999157544514391,0.,-0.0410390209431599));
#9800=DIRECTION('',(0.,0.,1.));
#9801=DIRECTION('',(0.,1.,-0.));
#9802=DIRECTION('',(-0.998311139257263,0.,0.0580936247351322));
#9803=DIRECTION('',(-0.0580936247351322,0.,-0.998311139257263));
#9804=DIRECTION('',(-0.0410390209431599,0.,-0.999157544514391));
#9805=DIRECTION('',(0.999157544514391,0.,-0.0410390209431599));
#9806=DIRECTION('',(0.,0.,1.));
#9807=DIRECTION('',(0.,1.,-0.));
#9808=DIRECTION('',(0.,0.,1.));
#9809=DIRECTION('',(0.,1.,-0.));
#9810=DIRECTION('',(-0.998311139257263,0.,0.0580936247351322));
#9811=DIRECTION('',(-0.0580936247351322,0.,-0.998311139257263));
#9812=DIRECTION('',(-0.0410390209431599,0.,-0.999157544514391));
#9813=DIRECTION('',(0.999157544514391,0.,-0.0410390209431599));
#9814=DIRECTION('',(0.,0.,1.));
#9815=DIRECTION('',(0.,1.,-0.));
#9816=DIRECTION('',(0.,0.,1.));
#9817=DIRECTION('',(0.,1.,-0.));
#9818=CARTESIAN_POINT('',(0.,0.,0.));
#9819=CARTESIAN_POINT('',(155.305906005725,89.9999999999999,2106.11488502115)
);
#9820=CARTESIAN_POINT('',(155.305906005725,44.9999999999999,2106.11488502115)
);
#9821=CARTESIAN_POINT('',(172.137013375974,30.,2150.35930392984));
#9822=CARTESIAN_POINT('',(170.555992932009,29.9999999999998,2119.16858952339)
);
#9823=CARTESIAN_POINT('',(156.307543346692,30.,2120.07900771601));
#9824=CARTESIAN_POINT('',(187.102077219611,30.,2149.33614013265));
#9825=CARTESIAN_POINT('',(155.305906005725,30.,2106.11488502115));
#9826=CARTESIAN_POINT('',(155.305906005725,225.,2106.11488502115));
#9827=CARTESIAN_POINT('',(155.305906005725,180.,2106.11488502115));
#9828=CARTESIAN_POINT('',(155.305906005725,135.,2106.11488502115));
#9829=CARTESIAN_POINT('',(155.305906005725,1080.,2106.11488502115));
#9830=CARTESIAN_POINT('',(155.305906005725,1035.,2106.11488502115));
#9831=CARTESIAN_POINT('',(155.305906005725,990.,2106.11488502115));
#9832=CARTESIAN_POINT('',(155.305906005725,945.,2106.11488502115));
#9833=CARTESIAN_POINT('',(155.305906005725,900.,2106.11488502115));
#9834=CARTESIAN_POINT('',(155.305906005725,855.,2106.11488502115));
#9835=CARTESIAN_POINT('',(155.305906005725,810.,2106.11488502115));
#9836=CARTESIAN_POINT('',(155.305906005725,765.,2106.11488502115));
#9837=CARTESIAN_POINT('',(155.305906005725,720.,2106.11488502115));
#9838=CARTESIAN_POINT('',(155.305906005725,675.,2106.11488502115));
#9839=CARTESIAN_POINT('',(155.305906005725,630.,2106.11488502115));
#9840=CARTESIAN_POINT('',(155.305906005725,585.,2106.11488502115));
#9841=CARTESIAN_POINT('',(155.305906005725,540.,2106.11488502115));
#9842=CARTESIAN_POINT('',(155.305906005725,315.,2106.11488502115));
#9843=CARTESIAN_POINT('',(155.305906005725,270.,2106.11488502115));
#9844=CARTESIAN_POINT('',(155.305906005725,495.,2106.11488502115));
#9845=CARTESIAN_POINT('',(155.305906005725,450.,2106.11488502115));
#9846=CARTESIAN_POINT('',(155.305906005725,405.,2106.11488502115));
#9847=CARTESIAN_POINT('',(155.305906005725,360.,2106.11488502115));
#9848=CARTESIAN_POINT('',(155.305906005725,1305.,2106.11488502115));
#9849=CARTESIAN_POINT('',(155.305906005725,1260.,2106.11488502115));
#9850=CARTESIAN_POINT('',(155.305906005725,1215.,2106.11488502115));
#9851=CARTESIAN_POINT('',(155.305906005725,1170.,2106.11488502115));
#9852=CARTESIAN_POINT('',(155.305906005725,1125.,2106.11488502115));
#9853=CARTESIAN_POINT('',(155.305906005725,1800.,2106.11488502115));
#9854=CARTESIAN_POINT('',(155.305906005725,1755.,2106.11488502115));
#9855=CARTESIAN_POINT('',(155.305906005725,1710.,2106.11488502115));
#9856=CARTESIAN_POINT('',(155.305906005725,1665.,2106.11488502115));
#9857=CARTESIAN_POINT('',(155.305906005725,1620.,2106.11488502115));
#9858=CARTESIAN_POINT('',(155.305906005725,1575.,2106.11488502115));
#9859=CARTESIAN_POINT('',(155.305906005725,1530.,2106.11488502115));
#9860=CARTESIAN_POINT('',(155.305906005725,1485.,2106.11488502115));
#9861=CARTESIAN_POINT('',(155.305906005725,1440.,2106.11488502115));
#9862=CARTESIAN_POINT('',(155.305906005725,1395.,2106.11488502115));
#9863=CARTESIAN_POINT('',(155.305906005725,1350.,2106.11488502115));
#9864=CARTESIAN_POINT('',(155.305906005725,1935.,2106.11488502115));
#9865=CARTESIAN_POINT('',(155.305906005725,1890.,2106.11488502115));
#9866=CARTESIAN_POINT('',(155.305906005725,1845.,2106.11488502115));
#9867=CARTESIAN_POINT('',(122.16388,2000.,2098.521389));
#9868=CARTESIAN_POINT('',(103.080454,2000.,2084.12703397471));
#9869=CARTESIAN_POINT('',(103.080454,2000.,2049.354043));
#9870=CARTESIAN_POINT('',(121.015488,2000.,2049.354043));
#9871=CARTESIAN_POINT('',(122.333756,2000.,2065.776704));
#9872=CARTESIAN_POINT('',(135.853807,2000.,2066.540548));
#9873=CARTESIAN_POINT('',(136.846805,2000.,2086.324125));
#9874=CARTESIAN_POINT('',(146.346804998485,2000.,2086.32412500256));
#9875=CARTESIAN_POINT('',(150.482641101859,2000.,2093.23558952946));
#9876=CARTESIAN_POINT('',(154.646959669485,2000.,2095.696323074));
#9877=CARTESIAN_POINT('',(195.224614,2000.,2148.780801));
#9878=CARTESIAN_POINT('',(196.03009300001,2000.,2154.922578));
#9879=CARTESIAN_POINT('',(203.408620182943,2000.,2165.78064910812));
#9880=CARTESIAN_POINT('',(205.280239,2000.,2178.001215));
#9881=CARTESIAN_POINT('',(215.780239,2000.,2178.001215));
#9882=CARTESIAN_POINT('',(217.308217344646,2000.,2181.46864621278));
#9883=CARTESIAN_POINT('',(225.162452550722,2000.,2186.59057));
#9884=CARTESIAN_POINT('',(312.05469892634,2000.,2186.59057));
#9885=CARTESIAN_POINT('',(322.17198623325,2000.,2181.27679685378));
#9886=CARTESIAN_POINT('',(323.420137,2000.,2179.466252));
#9887=CARTESIAN_POINT('',(340.170137,2000.,2179.466252));
#9888=CARTESIAN_POINT('',(342.35785695392,2000.,2200.7607686337));
#9889=CARTESIAN_POINT('',(343.954006220103,2000.,2199.7581059282));
#9890=CARTESIAN_POINT('',(353.715728456892,2000.,2197.34956023243));
#9891=CARTESIAN_POINT('',(357.244903815797,2000.,2202.78643421631));
#9892=CARTESIAN_POINT('',(358.700521256269,2000.,2210.28846327489));
#9893=CARTESIAN_POINT('',(366.788888,2000.,2211.030516));
#9894=CARTESIAN_POINT('',(368.315885,2000.,2221.574065));
#9895=CARTESIAN_POINT('',(377.271097959516,2000.,2222.50913522724));
#9896=CARTESIAN_POINT('',(379.648924939532,2000.,2227.00410395619));
#9897=CARTESIAN_POINT('',(393.580465186492,2000.,2236.65923315673));
#9898=CARTESIAN_POINT('',(401.872651520939,2000.,2237.27780441745));
#9899=CARTESIAN_POINT('',(403.777409436161,2000.,2249.5));
#9900=CARTESIAN_POINT('',(373.187811532139,2000.,2249.5));
#9901=CARTESIAN_POINT('',(317.914653,2000.,2203.359907));
#9902=CARTESIAN_POINT('',(209.594754121568,2000.,2200.15382145485));
#9903=CARTESIAN_POINT('',(143.449627,2000.,2140.941921));
#9904=CARTESIAN_POINT('',(122.16388,9.66338120633736E-013,2098.521389));
#9905=CARTESIAN_POINT('',(103.080454,9.66338120633736E-013,2084.12703397471));
#9906=CARTESIAN_POINT('',(103.080454,9.66338120633736E-013,2049.354043));
#9907=CARTESIAN_POINT('',(121.015488,9.66338120633736E-013,2049.354043));
#9908=CARTESIAN_POINT('',(122.333756,9.66338120633736E-013,2065.776704));
#9909=CARTESIAN_POINT('',(135.853807,9.66338120633736E-013,2066.540548));
#9910=CARTESIAN_POINT('',(136.846805,9.66338120633736E-013,2086.324125));
#9911=CARTESIAN_POINT('',(146.346804998485,9.66338120633736E-013,
2086.32412500256));
#9912=CARTESIAN_POINT('',(150.482641101859,9.66338120633736E-013,
2093.23558952946));
#9913=CARTESIAN_POINT('',(154.646959669485,9.66338120633736E-013,
2095.696323074));
#9914=CARTESIAN_POINT('',(155.305906005725,9.66338120633736E-013,
2106.11488502115));
#9915=CARTESIAN_POINT('',(187.102077219611,9.66338120633736E-013,
2149.33614013265));
#9916=CARTESIAN_POINT('',(195.224614,9.66338120633736E-013,2148.780801));
#9917=CARTESIAN_POINT('',(196.03009300001,9.66338120633736E-013,2154.922578));
#9918=CARTESIAN_POINT('',(203.408620182943,9.66338120633736E-013,
2165.78064910812));
#9919=CARTESIAN_POINT('',(205.280239,9.66338120633736E-013,2178.001215));
#9920=CARTESIAN_POINT('',(215.780239,9.66338120633736E-013,2178.001215));
#9921=CARTESIAN_POINT('',(217.308217344646,9.66338120633736E-013,
2181.46864621278));
#9922=CARTESIAN_POINT('',(225.162452550722,9.66338120633736E-013,2186.59057));
#9923=CARTESIAN_POINT('',(312.05469892634,9.66338120633736E-013,2186.59057));
#9924=CARTESIAN_POINT('',(322.17198623325,9.66338120633736E-013,
2181.27679685378));
#9925=CARTESIAN_POINT('',(323.420137,9.66338120633736E-013,2179.466252));
#9926=CARTESIAN_POINT('',(340.170137,9.66338120633736E-013,2179.466252));
#9927=CARTESIAN_POINT('',(342.35785695392,9.66338120633736E-013,
2200.7607686337));
#9928=CARTESIAN_POINT('',(343.954006220103,9.66338120633736E-013,
2199.7581059282));
#9929=CARTESIAN_POINT('',(353.715728456892,9.66338120633736E-013,
2197.34956023243));
#9930=CARTESIAN_POINT('',(357.244903815797,9.66338120633736E-013,
2202.78643421631));
#9931=CARTESIAN_POINT('',(358.700521256269,9.66338120633736E-013,
2210.28846327489));
#9932=CARTESIAN_POINT('',(366.788888,9.66338120633736E-013,2211.030516));
#9933=CARTESIAN_POINT('',(368.315885,9.66338120633736E-013,2221.574065));
#9934=CARTESIAN_POINT('',(377.271097959516,9.66338120633736E-013,
2222.50913522724));
#9935=CARTESIAN_POINT('',(379.648924939532,9.66338120633736E-013,
2227.00410395619));
#9936=CARTESIAN_POINT('',(393.580465186492,9.66338120633736E-013,
2236.65923315673));
#9937=CARTESIAN_POINT('',(401.872651520939,9.66338120633736E-013,
2237.27780441745));
#9938=CARTESIAN_POINT('',(403.777409436161,9.66338120633736E-013,2249.5));
#9939=CARTESIAN_POINT('',(373.187811532139,9.66338120633736E-013,2249.5));
#9940=CARTESIAN_POINT('',(317.914653,9.66338120633736E-013,2203.359907));
#9941=CARTESIAN_POINT('',(209.594754121568,9.66338120633736E-013,
2200.15382145485));
#9942=CARTESIAN_POINT('',(143.449627,9.66338120633736E-013,2140.941921));
#9943=CARTESIAN_POINT('',(156.307543346692,1875.,2120.07900771601));
#9944=CARTESIAN_POINT('',(170.555992932009,1875.,2119.16858952339));
#9945=CARTESIAN_POINT('',(172.137013375974,1875.,2150.35930392984));
#9946=CARTESIAN_POINT('',(187.102077219611,1875.,2149.33614013265));
#9947=CARTESIAN_POINT('',(185.255240183443,1875.,2104.37207627909));
#9948=CARTESIAN_POINT('',(155.305906005725,1875.,2106.11488502115));
#9949=CARTESIAN_POINT('',(156.307543346692,1845.,2120.07900771601));
#9950=CARTESIAN_POINT('',(170.555992932009,1845.,2119.16858952339));
#9951=CARTESIAN_POINT('',(172.137013375974,1845.,2150.35930392984));
#9952=CARTESIAN_POINT('',(187.102077219611,1845.,2149.33614013265));
#9953=CARTESIAN_POINT('',(185.255240183443,1845.,2104.37207627909));
#9954=CARTESIAN_POINT('',(156.307543346692,1920.,2120.07900771601));
#9955=CARTESIAN_POINT('',(170.555992932009,1920.,2119.16858952339));
#9956=CARTESIAN_POINT('',(172.137013375974,1920.,2150.35930392984));
#9957=CARTESIAN_POINT('',(187.102077219611,1920.,2149.33614013265));
#9958=CARTESIAN_POINT('',(185.255240183443,1920.,2104.37207627909));
#9959=CARTESIAN_POINT('',(155.305906005725,1920.,2106.11488502115));
#9960=CARTESIAN_POINT('',(156.307543346692,1890.,2120.07900771601));
#9961=CARTESIAN_POINT('',(170.555992932009,1890.,2119.16858952339));
#9962=CARTESIAN_POINT('',(172.137013375974,1890.,2150.35930392984));
#9963=CARTESIAN_POINT('',(187.102077219611,1890.,2149.33614013265));
#9964=CARTESIAN_POINT('',(185.255240183443,1890.,2104.37207627909));
#9965=CARTESIAN_POINT('',(156.307543346692,1965.,2120.07900771601));
#9966=CARTESIAN_POINT('',(170.555992932009,1965.,2119.16858952339));
#9967=CARTESIAN_POINT('',(172.137013375974,1965.,2150.35930392984));
#9968=CARTESIAN_POINT('',(187.102077219611,1965.,2149.33614013265));
#9969=CARTESIAN_POINT('',(185.255240183443,1965.,2104.37207627909));
#9970=CARTESIAN_POINT('',(155.305906005725,1965.,2106.11488502115));
#9971=CARTESIAN_POINT('',(156.307543346692,1935.,2120.07900771601));
#9972=CARTESIAN_POINT('',(170.555992932009,1935.,2119.16858952339));
#9973=CARTESIAN_POINT('',(172.137013375974,1935.,2150.35930392984));
#9974=CARTESIAN_POINT('',(187.102077219611,1935.,2149.33614013265));
#9975=CARTESIAN_POINT('',(185.255240183443,1935.,2104.37207627909));
#9976=CARTESIAN_POINT('',(187.102077219611,2000.,2149.33614013265));
#9977=CARTESIAN_POINT('',(185.255240183443,2000.,2104.37207627909));
#9978=CARTESIAN_POINT('',(155.305906005725,2000.,2106.11488502115));
#9979=CARTESIAN_POINT('',(156.307543346692,1980.,2120.07900771601));
#9980=CARTESIAN_POINT('',(170.555992932009,1980.,2119.16858952339));
#9981=CARTESIAN_POINT('',(172.137013375974,1980.,2150.35930392984));
#9982=CARTESIAN_POINT('',(187.102077219611,1980.,2149.33614013265));
#9983=CARTESIAN_POINT('',(185.255240183443,1980.,2104.37207627909));
#9984=CARTESIAN_POINT('',(155.305906005725,1980.,2106.11488502115));
#9985=CARTESIAN_POINT('',(156.307543346692,1380.,2120.07900771601));
#9986=CARTESIAN_POINT('',(170.555992932009,1380.,2119.16858952339));
#9987=CARTESIAN_POINT('',(172.137013375974,1380.,2150.35930392984));
#9988=CARTESIAN_POINT('',(187.102077219611,1380.,2149.33614013265));
#9989=CARTESIAN_POINT('',(185.255240183443,1380.,2104.37207627909));
#9990=CARTESIAN_POINT('',(155.305906005725,1380.,2106.11488502115));
#9991=CARTESIAN_POINT('',(156.307543346692,1350.,2120.07900771601));
#9992=CARTESIAN_POINT('',(170.555992932009,1350.,2119.16858952339));
#9993=CARTESIAN_POINT('',(172.137013375974,1350.,2150.35930392984));
#9994=CARTESIAN_POINT('',(187.102077219611,1350.,2149.33614013265));
#9995=CARTESIAN_POINT('',(185.255240183443,1350.,2104.37207627909));
#9996=CARTESIAN_POINT('',(156.307543346692,1425.,2120.07900771601));
#9997=CARTESIAN_POINT('',(170.555992932009,1425.,2119.16858952339));
#9998=CARTESIAN_POINT('',(172.137013375974,1425.,2150.35930392984));
#9999=CARTESIAN_POINT('',(187.102077219611,1425.,2149.33614013265));
#10000=CARTESIAN_POINT('',(185.255240183443,1425.,2104.37207627909));
#10001=CARTESIAN_POINT('',(155.305906005725,1425.,2106.11488502115));
#10002=CARTESIAN_POINT('',(156.307543346692,1395.,2120.07900771601));
#10003=CARTESIAN_POINT('',(170.555992932009,1395.,2119.16858952339));
#10004=CARTESIAN_POINT('',(172.137013375974,1395.,2150.35930392984));
#10005=CARTESIAN_POINT('',(187.102077219611,1395.,2149.33614013265));
#10006=CARTESIAN_POINT('',(185.255240183443,1395.,2104.37207627909));
#10007=CARTESIAN_POINT('',(156.307543346692,1470.,2120.07900771601));
#10008=CARTESIAN_POINT('',(170.555992932009,1470.,2119.16858952339));
#10009=CARTESIAN_POINT('',(172.137013375974,1470.,2150.35930392984));
#10010=CARTESIAN_POINT('',(187.102077219611,1470.,2149.33614013265));
#10011=CARTESIAN_POINT('',(185.255240183443,1470.,2104.37207627909));
#10012=CARTESIAN_POINT('',(155.305906005725,1470.,2106.11488502115));
#10013=CARTESIAN_POINT('',(156.307543346692,1440.,2120.07900771601));
#10014=CARTESIAN_POINT('',(170.555992932009,1440.,2119.16858952339));
#10015=CARTESIAN_POINT('',(172.137013375974,1440.,2150.35930392984));
#10016=CARTESIAN_POINT('',(187.102077219611,1440.,2149.33614013265));
#10017=CARTESIAN_POINT('',(185.255240183443,1440.,2104.37207627909));
#10018=CARTESIAN_POINT('',(156.307543346692,1515.,2120.07900771601));
#10019=CARTESIAN_POINT('',(170.555992932009,1515.,2119.16858952339));
#10020=CARTESIAN_POINT('',(172.137013375974,1515.,2150.35930392984));
#10021=CARTESIAN_POINT('',(187.102077219611,1515.,2149.33614013265));
#10022=CARTESIAN_POINT('',(185.255240183443,1515.,2104.37207627909));
#10023=CARTESIAN_POINT('',(155.305906005725,1515.,2106.11488502115));
#10024=CARTESIAN_POINT('',(156.307543346692,1485.,2120.07900771601));
#10025=CARTESIAN_POINT('',(170.555992932009,1485.,2119.16858952339));
#10026=CARTESIAN_POINT('',(172.137013375974,1485.,2150.35930392984));
#10027=CARTESIAN_POINT('',(187.102077219611,1485.,2149.33614013265));
#10028=CARTESIAN_POINT('',(185.255240183443,1485.,2104.37207627909));
#10029=CARTESIAN_POINT('',(156.307543346692,1560.,2120.07900771601));
#10030=CARTESIAN_POINT('',(170.555992932009,1560.,2119.16858952339));
#10031=CARTESIAN_POINT('',(172.137013375974,1560.,2150.35930392984));
#10032=CARTESIAN_POINT('',(187.102077219611,1560.,2149.33614013265));
#10033=CARTESIAN_POINT('',(185.255240183443,1560.,2104.37207627909));
#10034=CARTESIAN_POINT('',(155.305906005725,1560.,2106.11488502115));
#10035=CARTESIAN_POINT('',(156.307543346692,1530.,2120.07900771601));
#10036=CARTESIAN_POINT('',(170.555992932009,1530.,2119.16858952339));
#10037=CARTESIAN_POINT('',(172.137013375974,1530.,2150.35930392984));
#10038=CARTESIAN_POINT('',(187.102077219611,1530.,2149.33614013265));
#10039=CARTESIAN_POINT('',(185.255240183443,1530.,2104.37207627909));
#10040=CARTESIAN_POINT('',(156.307543346692,1605.,2120.07900771601));
#10041=CARTESIAN_POINT('',(170.555992932009,1605.,2119.16858952339));
#10042=CARTESIAN_POINT('',(172.137013375974,1605.,2150.35930392984));
#10043=CARTESIAN_POINT('',(187.102077219611,1605.,2149.33614013265));
#10044=CARTESIAN_POINT('',(185.255240183443,1605.,2104.37207627909));
#10045=CARTESIAN_POINT('',(155.305906005725,1605.,2106.11488502115));
#10046=CARTESIAN_POINT('',(156.307543346692,1575.,2120.07900771601));
#10047=CARTESIAN_POINT('',(170.555992932009,1575.,2119.16858952339));
#10048=CARTESIAN_POINT('',(172.137013375974,1575.,2150.35930392984));
#10049=CARTESIAN_POINT('',(187.102077219611,1575.,2149.33614013265));
#10050=CARTESIAN_POINT('',(185.255240183443,1575.,2104.37207627909));
#10051=CARTESIAN_POINT('',(156.307543346692,1650.,2120.07900771601));
#10052=CARTESIAN_POINT('',(170.555992932009,1650.,2119.16858952339));
#10053=CARTESIAN_POINT('',(172.137013375974,1650.,2150.35930392984));
#10054=CARTESIAN_POINT('',(187.102077219611,1650.,2149.33614013265));
#10055=CARTESIAN_POINT('',(185.255240183443,1650.,2104.37207627909));
#10056=CARTESIAN_POINT('',(155.305906005725,1650.,2106.11488502115));
#10057=CARTESIAN_POINT('',(156.307543346692,1620.,2120.07900771601));
#10058=CARTESIAN_POINT('',(170.555992932009,1620.,2119.16858952339));
#10059=CARTESIAN_POINT('',(172.137013375974,1620.,2150.35930392984));
#10060=CARTESIAN_POINT('',(187.102077219611,1620.,2149.33614013265));
#10061=CARTESIAN_POINT('',(185.255240183443,1620.,2104.37207627909));
#10062=CARTESIAN_POINT('',(156.307543346692,1695.,2120.07900771601));
#10063=CARTESIAN_POINT('',(170.555992932009,1695.,2119.16858952339));
#10064=CARTESIAN_POINT('',(172.137013375974,1695.,2150.35930392984));
#10065=CARTESIAN_POINT('',(187.102077219611,1695.,2149.33614013265));
#10066=CARTESIAN_POINT('',(185.255240183443,1695.,2104.37207627909));
#10067=CARTESIAN_POINT('',(155.305906005725,1695.,2106.11488502115));
#10068=CARTESIAN_POINT('',(156.307543346692,1665.,2120.07900771601));
#10069=CARTESIAN_POINT('',(170.555992932009,1665.,2119.16858952339));
#10070=CARTESIAN_POINT('',(172.137013375974,1665.,2150.35930392984));
#10071=CARTESIAN_POINT('',(187.102077219611,1665.,2149.33614013265));
#10072=CARTESIAN_POINT('',(185.255240183443,1665.,2104.37207627909));
#10073=CARTESIAN_POINT('',(156.307543346692,1740.,2120.07900771601));
#10074=CARTESIAN_POINT('',(170.555992932009,1740.,2119.16858952339));
#10075=CARTESIAN_POINT('',(172.137013375974,1740.,2150.35930392984));
#10076=CARTESIAN_POINT('',(187.102077219611,1740.,2149.33614013265));
#10077=CARTESIAN_POINT('',(185.255240183443,1740.,2104.37207627909));
#10078=CARTESIAN_POINT('',(155.305906005725,1740.,2106.11488502115));
#10079=CARTESIAN_POINT('',(156.307543346692,1710.,2120.07900771601));
#10080=CARTESIAN_POINT('',(170.555992932009,1710.,2119.16858952339));
#10081=CARTESIAN_POINT('',(172.137013375974,1710.,2150.35930392984));
#10082=CARTESIAN_POINT('',(187.102077219611,1710.,2149.33614013265));
#10083=CARTESIAN_POINT('',(185.255240183443,1710.,2104.37207627909));
#10084=CARTESIAN_POINT('',(156.307543346692,1785.,2120.07900771601));
#10085=CARTESIAN_POINT('',(170.555992932009,1785.,2119.16858952339));
#10086=CARTESIAN_POINT('',(172.137013375974,1785.,2150.35930392984));
#10087=CARTESIAN_POINT('',(187.102077219611,1785.,2149.33614013265));
#10088=CARTESIAN_POINT('',(185.255240183443,1785.,2104.37207627909));
#10089=CARTESIAN_POINT('',(155.305906005725,1785.,2106.11488502115));
#10090=CARTESIAN_POINT('',(156.307543346692,1755.,2120.07900771601));
#10091=CARTESIAN_POINT('',(170.555992932009,1755.,2119.16858952339));
#10092=CARTESIAN_POINT('',(172.137013375974,1755.,2150.35930392984));
#10093=CARTESIAN_POINT('',(187.102077219611,1755.,2149.33614013265));
#10094=CARTESIAN_POINT('',(185.255240183443,1755.,2104.37207627909));
#10095=CARTESIAN_POINT('',(156.307543346692,1830.,2120.07900771601));
#10096=CARTESIAN_POINT('',(170.555992932009,1830.,2119.16858952339));
#10097=CARTESIAN_POINT('',(172.137013375974,1830.,2150.35930392984));
#10098=CARTESIAN_POINT('',(187.102077219611,1830.,2149.33614013265));
#10099=CARTESIAN_POINT('',(185.255240183443,1830.,2104.37207627909));
#10100=CARTESIAN_POINT('',(155.305906005725,1830.,2106.11488502115));
#10101=CARTESIAN_POINT('',(156.307543346692,1800.,2120.07900771601));
#10102=CARTESIAN_POINT('',(170.555992932009,1800.,2119.16858952339));
#10103=CARTESIAN_POINT('',(172.137013375974,1800.,2150.35930392984));
#10104=CARTESIAN_POINT('',(187.102077219611,1800.,2149.33614013265));
#10105=CARTESIAN_POINT('',(185.255240183443,1800.,2104.37207627909));
#10106=CARTESIAN_POINT('',(156.307543346692,1155.,2120.07900771601));
#10107=CARTESIAN_POINT('',(170.555992932009,1155.,2119.16858952339));
#10108=CARTESIAN_POINT('',(172.137013375974,1155.,2150.35930392984));
#10109=CARTESIAN_POINT('',(187.102077219611,1155.,2149.33614013265));
#10110=CARTESIAN_POINT('',(185.255240183443,1155.,2104.37207627909));
#10111=CARTESIAN_POINT('',(155.305906005725,1155.,2106.11488502115));
#10112=CARTESIAN_POINT('',(156.307543346692,1125.,2120.07900771601));
#10113=CARTESIAN_POINT('',(170.555992932009,1125.,2119.16858952339));
#10114=CARTESIAN_POINT('',(172.137013375974,1125.,2150.35930392984));
#10115=CARTESIAN_POINT('',(187.102077219611,1125.,2149.33614013265));
#10116=CARTESIAN_POINT('',(185.255240183443,1125.,2104.37207627909));
#10117=CARTESIAN_POINT('',(156.307543346692,1200.,2120.07900771601));
#10118=CARTESIAN_POINT('',(170.555992932009,1200.,2119.16858952339));
#10119=CARTESIAN_POINT('',(172.137013375974,1200.,2150.35930392984));
#10120=CARTESIAN_POINT('',(187.102077219611,1200.,2149.33614013265));
#10121=CARTESIAN_POINT('',(185.255240183443,1200.,2104.37207627909));
#10122=CARTESIAN_POINT('',(155.305906005725,1200.,2106.11488502115));
#10123=CARTESIAN_POINT('',(156.307543346692,1170.,2120.07900771601));
#10124=CARTESIAN_POINT('',(170.555992932009,1170.,2119.16858952339));
#10125=CARTESIAN_POINT('',(172.137013375974,1170.,2150.35930392984));
#10126=CARTESIAN_POINT('',(187.102077219611,1170.,2149.33614013265));
#10127=CARTESIAN_POINT('',(185.255240183443,1170.,2104.37207627909));
#10128=CARTESIAN_POINT('',(156.307543346692,1245.,2120.07900771601));
#10129=CARTESIAN_POINT('',(170.555992932009,1245.,2119.16858952339));
#10130=CARTESIAN_POINT('',(172.137013375974,1245.,2150.35930392984));
#10131=CARTESIAN_POINT('',(187.102077219611,1245.,2149.33614013265));
#10132=CARTESIAN_POINT('',(185.255240183443,1245.,2104.37207627909));
#10133=CARTESIAN_POINT('',(155.305906005725,1245.,2106.11488502115));
#10134=CARTESIAN_POINT('',(156.307543346692,1215.,2120.07900771601));
#10135=CARTESIAN_POINT('',(170.555992932009,1215.,2119.16858952339));
#10136=CARTESIAN_POINT('',(172.137013375974,1215.,2150.35930392984));
#10137=CARTESIAN_POINT('',(187.102077219611,1215.,2149.33614013265));
#10138=CARTESIAN_POINT('',(185.255240183443,1215.,2104.37207627909));
#10139=CARTESIAN_POINT('',(156.307543346692,1290.,2120.07900771601));
#10140=CARTESIAN_POINT('',(170.555992932009,1290.,2119.16858952339));
#10141=CARTESIAN_POINT('',(172.137013375974,1290.,2150.35930392984));
#10142=CARTESIAN_POINT('',(187.102077219611,1290.,2149.33614013265));
#10143=CARTESIAN_POINT('',(185.255240183443,1290.,2104.37207627909));
#10144=CARTESIAN_POINT('',(155.305906005725,1290.,2106.11488502115));
#10145=CARTESIAN_POINT('',(156.307543346692,1260.,2120.07900771601));
#10146=CARTESIAN_POINT('',(170.555992932009,1260.,2119.16858952339));
#10147=CARTESIAN_POINT('',(172.137013375974,1260.,2150.35930392984));
#10148=CARTESIAN_POINT('',(187.102077219611,1260.,2149.33614013265));
#10149=CARTESIAN_POINT('',(185.255240183443,1260.,2104.37207627909));
#10150=CARTESIAN_POINT('',(156.307543346692,1335.,2120.07900771601));
#10151=CARTESIAN_POINT('',(170.555992932009,1335.,2119.16858952339));
#10152=CARTESIAN_POINT('',(172.137013375974,1335.,2150.35930392984));
#10153=CARTESIAN_POINT('',(187.102077219611,1335.,2149.33614013265));
#10154=CARTESIAN_POINT('',(185.255240183443,1335.,2104.37207627909));
#10155=CARTESIAN_POINT('',(155.305906005725,1335.,2106.11488502115));
#10156=CARTESIAN_POINT('',(156.307543346692,1305.,2120.07900771601));
#10157=CARTESIAN_POINT('',(170.555992932009,1305.,2119.16858952339));
#10158=CARTESIAN_POINT('',(172.137013375974,1305.,2150.35930392984));
#10159=CARTESIAN_POINT('',(187.102077219611,1305.,2149.33614013265));
#10160=CARTESIAN_POINT('',(185.255240183443,1305.,2104.37207627909));
#10161=CARTESIAN_POINT('',(156.307543346692,390.,2120.07900771601));
#10162=CARTESIAN_POINT('',(170.555992932009,390.,2119.16858952339));
#10163=CARTESIAN_POINT('',(172.137013375974,390.,2150.35930392984));
#10164=CARTESIAN_POINT('',(187.102077219611,390.,2149.33614013265));
#10165=CARTESIAN_POINT('',(185.255240183443,390.,2104.37207627909));
#10166=CARTESIAN_POINT('',(155.305906005725,390.,2106.11488502115));
#10167=CARTESIAN_POINT('',(156.307543346692,360.,2120.07900771601));
#10168=CARTESIAN_POINT('',(170.555992932009,360.,2119.16858952339));
#10169=CARTESIAN_POINT('',(172.137013375974,360.,2150.35930392984));
#10170=CARTESIAN_POINT('',(187.102077219611,360.,2149.33614013265));
#10171=CARTESIAN_POINT('',(185.255240183443,360.,2104.37207627909));
#10172=CARTESIAN_POINT('',(156.307543346692,435.,2120.07900771601));
#10173=CARTESIAN_POINT('',(170.555992932009,435.,2119.16858952339));
#10174=CARTESIAN_POINT('',(172.137013375974,435.,2150.35930392984));
#10175=CARTESIAN_POINT('',(187.102077219611,435.,2149.33614013265));
#10176=CARTESIAN_POINT('',(185.255240183443,435.,2104.37207627909));
#10177=CARTESIAN_POINT('',(155.305906005725,435.,2106.11488502115));
#10178=CARTESIAN_POINT('',(156.307543346692,405.,2120.07900771601));
#10179=CARTESIAN_POINT('',(170.555992932009,405.,2119.16858952339));
#10180=CARTESIAN_POINT('',(172.137013375974,405.,2150.35930392984));
#10181=CARTESIAN_POINT('',(187.102077219611,405.,2149.33614013265));
#10182=CARTESIAN_POINT('',(185.255240183443,405.,2104.37207627909));
#10183=CARTESIAN_POINT('',(156.307543346692,480.,2120.07900771601));
#10184=CARTESIAN_POINT('',(170.555992932009,480.,2119.16858952339));
#10185=CARTESIAN_POINT('',(172.137013375974,480.,2150.35930392984));
#10186=CARTESIAN_POINT('',(187.102077219611,480.,2149.33614013265));
#10187=CARTESIAN_POINT('',(185.255240183443,480.,2104.37207627909));
#10188=CARTESIAN_POINT('',(155.305906005725,480.,2106.11488502115));
#10189=CARTESIAN_POINT('',(156.307543346692,450.,2120.07900771601));
#10190=CARTESIAN_POINT('',(170.555992932009,450.,2119.16858952339));
#10191=CARTESIAN_POINT('',(172.137013375974,450.,2150.35930392984));
#10192=CARTESIAN_POINT('',(187.102077219611,450.,2149.33614013265));
#10193=CARTESIAN_POINT('',(185.255240183443,450.,2104.37207627909));
#10194=CARTESIAN_POINT('',(156.307543346692,525.,2120.07900771601));
#10195=CARTESIAN_POINT('',(170.555992932009,525.,2119.16858952339));
#10196=CARTESIAN_POINT('',(172.137013375974,525.,2150.35930392984));
#10197=CARTESIAN_POINT('',(187.102077219611,525.,2149.33614013265));
#10198=CARTESIAN_POINT('',(185.255240183443,525.,2104.37207627909));
#10199=CARTESIAN_POINT('',(155.305906005725,525.,2106.11488502115));
#10200=CARTESIAN_POINT('',(156.307543346692,495.,2120.07900771601));
#10201=CARTESIAN_POINT('',(170.555992932009,495.,2119.16858952339));
#10202=CARTESIAN_POINT('',(172.137013375974,495.,2150.35930392984));
#10203=CARTESIAN_POINT('',(187.102077219611,495.,2149.33614013265));
#10204=CARTESIAN_POINT('',(185.255240183443,495.,2104.37207627909));
#10205=CARTESIAN_POINT('',(156.307543346692,300.,2120.07900771601));
#10206=CARTESIAN_POINT('',(170.555992932009,300.,2119.16858952339));
#10207=CARTESIAN_POINT('',(172.137013375974,300.,2150.35930392984));
#10208=CARTESIAN_POINT('',(187.102077219611,300.,2149.33614013265));
#10209=CARTESIAN_POINT('',(185.255240183443,300.,2104.37207627909));
#10210=CARTESIAN_POINT('',(155.305906005725,300.,2106.11488502115));
#10211=CARTESIAN_POINT('',(156.307543346692,270.,2120.07900771601));
#10212=CARTESIAN_POINT('',(170.555992932009,270.,2119.16858952339));
#10213=CARTESIAN_POINT('',(172.137013375974,270.,2150.35930392984));
#10214=CARTESIAN_POINT('',(187.102077219611,270.,2149.33614013265));
#10215=CARTESIAN_POINT('',(185.255240183443,270.,2104.37207627909));
#10216=CARTESIAN_POINT('',(156.307543346692,345.,2120.07900771601));
#10217=CARTESIAN_POINT('',(170.555992932009,345.,2119.16858952339));
#10218=CARTESIAN_POINT('',(172.137013375974,345.,2150.35930392984));
#10219=CARTESIAN_POINT('',(187.102077219611,345.,2149.33614013265));
#10220=CARTESIAN_POINT('',(185.255240183443,345.,2104.37207627909));
#10221=CARTESIAN_POINT('',(155.305906005725,345.,2106.11488502115));
#10222=CARTESIAN_POINT('',(156.307543346692,315.,2120.07900771601));
#10223=CARTESIAN_POINT('',(170.555992932009,315.,2119.16858952339));
#10224=CARTESIAN_POINT('',(172.137013375974,315.,2150.35930392984));
#10225=CARTESIAN_POINT('',(187.102077219611,315.,2149.33614013265));
#10226=CARTESIAN_POINT('',(185.255240183443,315.,2104.37207627909));
#10227=CARTESIAN_POINT('',(156.307543346692,570.,2120.07900771601));
#10228=CARTESIAN_POINT('',(170.555992932009,570.,2119.16858952339));
#10229=CARTESIAN_POINT('',(172.137013375974,570.,2150.35930392984));
#10230=CARTESIAN_POINT('',(187.102077219611,570.,2149.33614013265));
#10231=CARTESIAN_POINT('',(185.255240183443,570.,2104.37207627909));
#10232=CARTESIAN_POINT('',(155.305906005725,570.,2106.11488502115));
#10233=CARTESIAN_POINT('',(156.307543346692,540.,2120.07900771601));
#10234=CARTESIAN_POINT('',(170.555992932009,540.,2119.16858952339));
#10235=CARTESIAN_POINT('',(172.137013375974,540.,2150.35930392984));
#10236=CARTESIAN_POINT('',(187.102077219611,540.,2149.33614013265));
#10237=CARTESIAN_POINT('',(185.255240183443,540.,2104.37207627909));
#10238=CARTESIAN_POINT('',(156.307543346692,615.,2120.07900771601));
#10239=CARTESIAN_POINT('',(170.555992932009,615.,2119.16858952339));
#10240=CARTESIAN_POINT('',(172.137013375974,615.,2150.35930392984));
#10241=CARTESIAN_POINT('',(187.102077219611,615.,2149.33614013265));
#10242=CARTESIAN_POINT('',(185.255240183443,615.,2104.37207627909));
#10243=CARTESIAN_POINT('',(155.305906005725,615.,2106.11488502115));
#10244=CARTESIAN_POINT('',(156.307543346692,585.,2120.07900771601));
#10245=CARTESIAN_POINT('',(170.555992932009,585.,2119.16858952339));
#10246=CARTESIAN_POINT('',(172.137013375974,585.,2150.35930392984));
#10247=CARTESIAN_POINT('',(187.102077219611,585.,2149.33614013265));
#10248=CARTESIAN_POINT('',(185.255240183443,585.,2104.37207627909));
#10249=CARTESIAN_POINT('',(156.307543346692,660.,2120.07900771601));
#10250=CARTESIAN_POINT('',(170.555992932009,660.,2119.16858952339));
#10251=CARTESIAN_POINT('',(172.137013375974,660.,2150.35930392984));
#10252=CARTESIAN_POINT('',(187.102077219611,660.,2149.33614013265));
#10253=CARTESIAN_POINT('',(185.255240183443,660.,2104.37207627909));
#10254=CARTESIAN_POINT('',(155.305906005725,660.,2106.11488502115));
#10255=CARTESIAN_POINT('',(156.307543346692,630.,2120.07900771601));
#10256=CARTESIAN_POINT('',(170.555992932009,630.,2119.16858952339));
#10257=CARTESIAN_POINT('',(172.137013375974,630.,2150.35930392984));
#10258=CARTESIAN_POINT('',(187.102077219611,630.,2149.33614013265));
#10259=CARTESIAN_POINT('',(185.255240183443,630.,2104.37207627909));
#10260=CARTESIAN_POINT('',(156.307543346692,705.,2120.07900771601));
#10261=CARTESIAN_POINT('',(170.555992932009,705.,2119.16858952339));
#10262=CARTESIAN_POINT('',(172.137013375974,705.,2150.35930392984));
#10263=CARTESIAN_POINT('',(187.102077219611,705.,2149.33614013265));
#10264=CARTESIAN_POINT('',(185.255240183443,705.,2104.37207627909));
#10265=CARTESIAN_POINT('',(155.305906005725,705.,2106.11488502115));
#10266=CARTESIAN_POINT('',(156.307543346692,675.,2120.07900771601));
#10267=CARTESIAN_POINT('',(170.555992932009,675.,2119.16858952339));
#10268=CARTESIAN_POINT('',(172.137013375974,675.,2150.35930392984));
#10269=CARTESIAN_POINT('',(187.102077219611,675.,2149.33614013265));
#10270=CARTESIAN_POINT('',(185.255240183443,675.,2104.37207627909));
#10271=CARTESIAN_POINT('',(156.307543346692,750.,2120.07900771601));
#10272=CARTESIAN_POINT('',(170.555992932009,750.,2119.16858952339));
#10273=CARTESIAN_POINT('',(172.137013375974,750.,2150.35930392984));
#10274=CARTESIAN_POINT('',(187.102077219611,750.,2149.33614013265));
#10275=CARTESIAN_POINT('',(185.255240183443,750.,2104.37207627909));
#10276=CARTESIAN_POINT('',(155.305906005725,750.,2106.11488502115));
#10277=CARTESIAN_POINT('',(156.307543346692,720.,2120.07900771601));
#10278=CARTESIAN_POINT('',(170.555992932009,720.,2119.16858952339));
#10279=CARTESIAN_POINT('',(172.137013375974,720.,2150.35930392984));
#10280=CARTESIAN_POINT('',(187.102077219611,720.,2149.33614013265));
#10281=CARTESIAN_POINT('',(185.255240183443,720.,2104.37207627909));
#10282=CARTESIAN_POINT('',(156.307543346692,795.,2120.07900771601));
#10283=CARTESIAN_POINT('',(170.555992932009,795.,2119.16858952339));
#10284=CARTESIAN_POINT('',(172.137013375974,795.,2150.35930392984));
#10285=CARTESIAN_POINT('',(187.102077219611,795.,2149.33614013265));
#10286=CARTESIAN_POINT('',(185.255240183443,795.,2104.37207627909));
#10287=CARTESIAN_POINT('',(155.305906005725,795.,2106.11488502115));
#10288=CARTESIAN_POINT('',(156.307543346692,765.,2120.07900771601));
#10289=CARTESIAN_POINT('',(170.555992932009,765.,2119.16858952339));
#10290=CARTESIAN_POINT('',(172.137013375974,765.,2150.35930392984));
#10291=CARTESIAN_POINT('',(187.102077219611,765.,2149.33614013265));
#10292=CARTESIAN_POINT('',(185.255240183443,765.,2104.37207627909));
#10293=CARTESIAN_POINT('',(156.307543346692,840.,2120.07900771601));
#10294=CARTESIAN_POINT('',(170.555992932009,840.,2119.16858952339));
#10295=CARTESIAN_POINT('',(172.137013375974,840.,2150.35930392984));
#10296=CARTESIAN_POINT('',(187.102077219611,840.,2149.33614013265));
#10297=CARTESIAN_POINT('',(185.255240183443,840.,2104.37207627909));
#10298=CARTESIAN_POINT('',(155.305906005725,840.,2106.11488502115));
#10299=CARTESIAN_POINT('',(156.307543346692,810.,2120.07900771601));
#10300=CARTESIAN_POINT('',(170.555992932009,810.,2119.16858952339));
#10301=CARTESIAN_POINT('',(172.137013375974,810.,2150.35930392984));
#10302=CARTESIAN_POINT('',(187.102077219611,810.,2149.33614013265));
#10303=CARTESIAN_POINT('',(185.255240183443,810.,2104.37207627909));
#10304=CARTESIAN_POINT('',(156.307543346692,885.,2120.07900771601));
#10305=CARTESIAN_POINT('',(170.555992932009,885.,2119.16858952339));
#10306=CARTESIAN_POINT('',(172.137013375974,885.,2150.35930392984));
#10307=CARTESIAN_POINT('',(187.102077219611,885.,2149.33614013265));
#10308=CARTESIAN_POINT('',(185.255240183443,885.,2104.37207627909));
#10309=CARTESIAN_POINT('',(155.305906005725,885.,2106.11488502115));
#10310=CARTESIAN_POINT('',(156.307543346692,855.,2120.07900771601));
#10311=CARTESIAN_POINT('',(170.555992932009,855.,2119.16858952339));
#10312=CARTESIAN_POINT('',(172.137013375974,855.,2150.35930392984));
#10313=CARTESIAN_POINT('',(187.102077219611,855.,2149.33614013265));
#10314=CARTESIAN_POINT('',(185.255240183443,855.,2104.37207627909));
#10315=CARTESIAN_POINT('',(156.307543346692,930.,2120.07900771601));
#10316=CARTESIAN_POINT('',(170.555992932009,930.,2119.16858952339));
#10317=CARTESIAN_POINT('',(172.137013375974,930.,2150.35930392984));
#10318=CARTESIAN_POINT('',(187.102077219611,930.,2149.33614013265));
#10319=CARTESIAN_POINT('',(185.255240183443,930.,2104.37207627909));
#10320=CARTESIAN_POINT('',(155.305906005725,930.,2106.11488502115));
#10321=CARTESIAN_POINT('',(156.307543346692,900.,2120.07900771601));
#10322=CARTESIAN_POINT('',(170.555992932009,900.,2119.16858952339));
#10323=CARTESIAN_POINT('',(172.137013375974,900.,2150.35930392984));
#10324=CARTESIAN_POINT('',(187.102077219611,900.,2149.33614013265));
#10325=CARTESIAN_POINT('',(185.255240183443,900.,2104.37207627909));
#10326=CARTESIAN_POINT('',(156.307543346692,975.,2120.07900771601));
#10327=CARTESIAN_POINT('',(170.555992932009,975.,2119.16858952339));
#10328=CARTESIAN_POINT('',(172.137013375974,975.,2150.35930392984));
#10329=CARTESIAN_POINT('',(187.102077219611,975.,2149.33614013265));
#10330=CARTESIAN_POINT('',(185.255240183443,975.,2104.37207627909));
#10331=CARTESIAN_POINT('',(155.305906005725,975.,2106.11488502115));
#10332=CARTESIAN_POINT('',(156.307543346692,945.,2120.07900771601));
#10333=CARTESIAN_POINT('',(170.555992932009,945.,2119.16858952339));
#10334=CARTESIAN_POINT('',(172.137013375974,945.,2150.35930392984));
#10335=CARTESIAN_POINT('',(187.102077219611,945.,2149.33614013265));
#10336=CARTESIAN_POINT('',(185.255240183443,945.,2104.37207627909));
#10337=CARTESIAN_POINT('',(156.307543346692,1020.,2120.07900771601));
#10338=CARTESIAN_POINT('',(170.555992932009,1020.,2119.16858952339));
#10339=CARTESIAN_POINT('',(172.137013375974,1020.,2150.35930392984));
#10340=CARTESIAN_POINT('',(187.102077219611,1020.,2149.33614013265));
#10341=CARTESIAN_POINT('',(185.255240183443,1020.,2104.37207627909));
#10342=CARTESIAN_POINT('',(155.305906005725,1020.,2106.11488502115));
#10343=CARTESIAN_POINT('',(156.307543346692,990.,2120.07900771601));
#10344=CARTESIAN_POINT('',(170.555992932009,990.,2119.16858952339));
#10345=CARTESIAN_POINT('',(172.137013375974,990.,2150.35930392984));
#10346=CARTESIAN_POINT('',(187.102077219611,990.,2149.33614013265));
#10347=CARTESIAN_POINT('',(185.255240183443,990.,2104.37207627909));
#10348=CARTESIAN_POINT('',(156.307543346692,1065.,2120.07900771601));
#10349=CARTESIAN_POINT('',(170.555992932009,1065.,2119.16858952339));
#10350=CARTESIAN_POINT('',(172.137013375974,1065.,2150.35930392984));
#10351=CARTESIAN_POINT('',(187.102077219611,1065.,2149.33614013265));
#10352=CARTESIAN_POINT('',(185.255240183443,1065.,2104.37207627909));
#10353=CARTESIAN_POINT('',(155.305906005725,1065.,2106.11488502115));
#10354=CARTESIAN_POINT('',(156.307543346692,1035.,2120.07900771601));
#10355=CARTESIAN_POINT('',(170.555992932009,1035.,2119.16858952339));
#10356=CARTESIAN_POINT('',(172.137013375974,1035.,2150.35930392984));
#10357=CARTESIAN_POINT('',(187.102077219611,1035.,2149.33614013265));
#10358=CARTESIAN_POINT('',(185.255240183443,1035.,2104.37207627909));
#10359=CARTESIAN_POINT('',(156.307543346692,1110.,2120.07900771601));
#10360=CARTESIAN_POINT('',(170.555992932009,1110.,2119.16858952339));
#10361=CARTESIAN_POINT('',(172.137013375974,1110.,2150.35930392984));
#10362=CARTESIAN_POINT('',(187.102077219611,1110.,2149.33614013265));
#10363=CARTESIAN_POINT('',(185.255240183443,1110.,2104.37207627909));
#10364=CARTESIAN_POINT('',(155.305906005725,1110.,2106.11488502115));
#10365=CARTESIAN_POINT('',(156.307543346692,1080.,2120.07900771601));
#10366=CARTESIAN_POINT('',(170.555992932009,1080.,2119.16858952339));
#10367=CARTESIAN_POINT('',(172.137013375974,1080.,2150.35930392984));
#10368=CARTESIAN_POINT('',(187.102077219611,1080.,2149.33614013265));
#10369=CARTESIAN_POINT('',(185.255240183443,1080.,2104.37207627909));
#10370=CARTESIAN_POINT('',(156.307543346692,165.,2120.07900771601));
#10371=CARTESIAN_POINT('',(170.555992932009,165.,2119.16858952339));
#10372=CARTESIAN_POINT('',(172.137013375974,165.,2150.35930392984));
#10373=CARTESIAN_POINT('',(187.102077219611,165.,2149.33614013265));
#10374=CARTESIAN_POINT('',(185.255240183443,165.,2104.37207627909));
#10375=CARTESIAN_POINT('',(155.305906005725,165.,2106.11488502115));
#10376=CARTESIAN_POINT('',(156.307543346692,135.,2120.07900771601));
#10377=CARTESIAN_POINT('',(170.555992932009,135.,2119.16858952339));
#10378=CARTESIAN_POINT('',(172.137013375974,135.,2150.35930392984));
#10379=CARTESIAN_POINT('',(187.102077219611,135.,2149.33614013265));
#10380=CARTESIAN_POINT('',(185.255240183443,135.,2104.37207627909));
#10381=CARTESIAN_POINT('',(156.307543346692,210.,2120.07900771601));
#10382=CARTESIAN_POINT('',(170.555992932009,210.,2119.16858952339));
#10383=CARTESIAN_POINT('',(172.137013375974,210.,2150.35930392984));
#10384=CARTESIAN_POINT('',(187.102077219611,210.,2149.33614013265));
#10385=CARTESIAN_POINT('',(185.255240183443,210.,2104.37207627909));
#10386=CARTESIAN_POINT('',(155.305906005725,210.,2106.11488502115));
#10387=CARTESIAN_POINT('',(156.307543346692,180.,2120.07900771601));
#10388=CARTESIAN_POINT('',(170.555992932009,180.,2119.16858952339));
#10389=CARTESIAN_POINT('',(172.137013375974,180.,2150.35930392984));
#10390=CARTESIAN_POINT('',(187.102077219611,180.,2149.33614013265));
#10391=CARTESIAN_POINT('',(185.255240183443,180.,2104.37207627909));
#10392=CARTESIAN_POINT('',(156.307543346692,255.,2120.07900771601));
#10393=CARTESIAN_POINT('',(170.555992932009,255.,2119.16858952339));
#10394=CARTESIAN_POINT('',(172.137013375974,255.,2150.35930392984));
#10395=CARTESIAN_POINT('',(187.102077219611,255.,2149.33614013265));
#10396=CARTESIAN_POINT('',(185.255240183443,255.,2104.37207627909));
#10397=CARTESIAN_POINT('',(155.305906005725,255.,2106.11488502115));
#10398=CARTESIAN_POINT('',(156.307543346692,225.,2120.07900771601));
#10399=CARTESIAN_POINT('',(170.555992932009,225.,2119.16858952339));
#10400=CARTESIAN_POINT('',(172.137013375974,225.,2150.35930392984));
#10401=CARTESIAN_POINT('',(187.102077219611,225.,2149.33614013265));
#10402=CARTESIAN_POINT('',(185.255240183443,225.,2104.37207627909));
#10403=CARTESIAN_POINT('',(185.255240183443,30.,2104.37207627909));
#10404=CARTESIAN_POINT('',(185.255240183443,0.,2104.37207627909));
#10405=CARTESIAN_POINT('',(156.307543346692,75.,2120.07900771601));
#10406=CARTESIAN_POINT('',(170.555992932009,75.,2119.16858952339));
#10407=CARTESIAN_POINT('',(172.137013375974,75.,2150.35930392984));
#10408=CARTESIAN_POINT('',(187.102077219611,75.,2149.33614013265));
#10409=CARTESIAN_POINT('',(185.255240183443,75.,2104.37207627909));
#10410=CARTESIAN_POINT('',(155.305906005725,75.,2106.11488502115));
#10411=CARTESIAN_POINT('',(156.307543346692,45.,2120.07900771601));
#10412=CARTESIAN_POINT('',(170.555992932009,45.,2119.16858952339));
#10413=CARTESIAN_POINT('',(172.137013375974,45.,2150.35930392984));
#10414=CARTESIAN_POINT('',(187.102077219611,45.,2149.33614013265));
#10415=CARTESIAN_POINT('',(185.255240183443,45.,2104.37207627909));
#10416=CARTESIAN_POINT('',(156.307543346692,120.,2120.07900771601));
#10417=CARTESIAN_POINT('',(170.555992932009,120.,2119.16858952339));
#10418=CARTESIAN_POINT('',(172.137013375974,120.,2150.35930392984));
#10419=CARTESIAN_POINT('',(187.102077219611,120.,2149.33614013265));
#10420=CARTESIAN_POINT('',(185.255240183443,120.,2104.37207627909));
#10421=CARTESIAN_POINT('',(155.305906005725,120.,2106.11488502115));
#10422=CARTESIAN_POINT('',(156.307543346692,90.,2120.07900771601));
#10423=CARTESIAN_POINT('',(170.555992932009,90.,2119.16858952339));
#10424=CARTESIAN_POINT('',(172.137013375974,90.,2150.35930392984));
#10425=CARTESIAN_POINT('',(187.102077219611,90.,2149.33614013265));
#10426=CARTESIAN_POINT('',(185.255240183443,90.,2104.37207627909));
#10427=CARTESIAN_POINT('',(143.449627,2000.,2140.941921));
#10428=CARTESIAN_POINT('',(209.594754121568,2000.,2200.15382145485));
#10429=CARTESIAN_POINT('',(317.914653,2000.,2203.359907));
#10430=CARTESIAN_POINT('',(373.187811532139,2000.,2249.5));
#10431=CARTESIAN_POINT('',(403.777409436161,2000.,2249.5));
#10432=CARTESIAN_POINT('',(401.872651520939,2000.,2237.27780441745));
#10433=CARTESIAN_POINT('',(393.580465186492,2000.,2236.65923315673));
#10434=CARTESIAN_POINT('',(379.648924939532,2000.,2227.00410395619));
#10435=CARTESIAN_POINT('',(377.271097959516,2000.,2222.50913522724));
#10436=CARTESIAN_POINT('',(368.315885,2000.,2221.574065));
#10437=CARTESIAN_POINT('',(366.788888,2000.,2211.030516));
#10438=CARTESIAN_POINT('',(358.700521256269,2000.,2210.28846327489));
#10439=CARTESIAN_POINT('',(357.244903815797,2000.,2202.78643421631));
#10440=CARTESIAN_POINT('',(353.715728456892,2000.,2197.34956023243));
#10441=CARTESIAN_POINT('',(343.954006220103,2000.,2199.7581059282));
#10442=CARTESIAN_POINT('',(342.35785695392,2000.,2200.7607686337));
#10443=CARTESIAN_POINT('',(340.170137,2000.,2179.466252));
#10444=CARTESIAN_POINT('',(323.420137,2000.,2179.466252));
#10445=CARTESIAN_POINT('',(322.17198623325,2000.,2181.27679685378));
#10446=CARTESIAN_POINT('',(312.05469892634,2000.,2186.59057));
#10447=CARTESIAN_POINT('',(225.162452550722,2000.,2186.59057));
#10448=CARTESIAN_POINT('',(217.308217344646,2000.,2181.46864621278));
#10449=CARTESIAN_POINT('',(215.780239,2000.,2178.001215));
#10450=CARTESIAN_POINT('',(205.280239,2000.,2178.001215));
#10451=CARTESIAN_POINT('',(203.408620182943,2000.,2165.78064910812));
#10452=CARTESIAN_POINT('',(196.03009300001,2000.,2154.922578));
#10453=CARTESIAN_POINT('',(195.224614,2000.,2148.780801));
#10454=CARTESIAN_POINT('',(187.102077219611,2000.,2149.33614013265));
#10455=CARTESIAN_POINT('',(187.102077219611,2000.,2149.33614013265));
#10456=CARTESIAN_POINT('',(187.102077219611,2000.,2149.33614013265));
#10457=CARTESIAN_POINT('',(187.102077219611,2000.,2149.33614013265));
#10458=CARTESIAN_POINT('',(187.102077219611,2000.,2149.33614013265));
#10459=CARTESIAN_POINT('',(187.102077219611,2000.,2149.33614013265));
#10460=CARTESIAN_POINT('',(187.102077219611,2000.,2149.33614013265));
#10461=CARTESIAN_POINT('',(187.102077219611,2000.,2149.33614013265));
#10462=CARTESIAN_POINT('',(187.102077219611,2000.,2149.33614013265));
#10463=CARTESIAN_POINT('',(187.102077219611,2000.,2149.33614013265));
#10464=CARTESIAN_POINT('',(187.102077219611,2000.,2149.33614013265));
#10465=CARTESIAN_POINT('',(187.102077219611,2000.,2149.33614013265));
#10466=CARTESIAN_POINT('',(187.102077219611,2000.,2149.33614013265));
#10467=CARTESIAN_POINT('',(187.102077219611,2000.,2149.33614013265));
#10468=CARTESIAN_POINT('',(187.102077219611,2000.,2149.33614013265));
#10469=CARTESIAN_POINT('',(187.102077219611,2000.,2149.33614013265));
#10470=CARTESIAN_POINT('',(187.102077219611,2000.,2149.33614013265));
#10471=CARTESIAN_POINT('',(187.102077219611,2000.,2149.33614013265));
#10472=CARTESIAN_POINT('',(187.102077219611,2000.,2149.33614013265));
#10473=CARTESIAN_POINT('',(187.102077219611,2000.,2149.33614013265));
#10474=CARTESIAN_POINT('',(187.102077219611,2000.,2149.33614013265));
#10475=CARTESIAN_POINT('',(187.102077219611,2000.,2149.33614013265));
#10476=CARTESIAN_POINT('',(187.102077219611,2000.,2149.33614013265));
#10477=CARTESIAN_POINT('',(187.102077219611,2000.,2149.33614013265));
#10478=CARTESIAN_POINT('',(187.102077219611,2000.,2149.33614013265));
#10479=CARTESIAN_POINT('',(187.102077219611,2000.,2149.33614013265));
#10480=CARTESIAN_POINT('',(187.102077219611,2000.,2149.33614013265));
#10481=CARTESIAN_POINT('',(187.102077219611,2000.,2149.33614013265));
#10482=CARTESIAN_POINT('',(187.102077219611,2000.,2149.33614013265));
#10483=CARTESIAN_POINT('',(187.102077219611,2000.,2149.33614013265));
#10484=CARTESIAN_POINT('',(187.102077219611,2000.,2149.33614013265));
#10485=CARTESIAN_POINT('',(187.102077219611,2000.,2149.33614013265));
#10486=CARTESIAN_POINT('',(187.102077219611,2000.,2149.33614013265));
#10487=CARTESIAN_POINT('',(187.102077219611,2000.,2149.33614013265));
#10488=CARTESIAN_POINT('',(187.102077219611,2000.,2149.33614013265));
#10489=CARTESIAN_POINT('',(187.102077219611,2000.,2149.33614013265));
#10490=CARTESIAN_POINT('',(187.102077219611,2000.,2149.33614013265));
#10491=CARTESIAN_POINT('',(187.102077219611,2000.,2149.33614013265));
#10492=CARTESIAN_POINT('',(187.102077219611,2000.,2149.33614013265));
#10493=CARTESIAN_POINT('',(187.102077219611,2000.,2149.33614013265));
#10494=CARTESIAN_POINT('',(187.102077219611,2000.,2149.33614013265));
#10495=CARTESIAN_POINT('',(187.102077219611,2000.,2149.33614013265));
#10496=CARTESIAN_POINT('',(187.102077219611,2000.,2149.33614013265));
#10497=CARTESIAN_POINT('',(187.102077219611,2000.,2149.33614013265));
#10498=CARTESIAN_POINT('',(187.102077219611,2000.,2149.33614013265));
#10499=CARTESIAN_POINT('',(172.137013375974,2000.,2150.35930392984));
#10500=CARTESIAN_POINT('',(172.137013375974,2000.,2150.35930392984));
#10501=CARTESIAN_POINT('',(172.137013375974,2000.,2150.35930392984));
#10502=CARTESIAN_POINT('',(172.137013375974,2000.,2150.35930392984));
#10503=CARTESIAN_POINT('',(172.137013375974,2000.,2150.35930392984));
#10504=CARTESIAN_POINT('',(172.137013375974,2000.,2150.35930392984));
#10505=CARTESIAN_POINT('',(172.137013375974,2000.,2150.35930392984));
#10506=CARTESIAN_POINT('',(172.137013375974,2000.,2150.35930392984));
#10507=CARTESIAN_POINT('',(172.137013375974,2000.,2150.35930392984));
#10508=CARTESIAN_POINT('',(172.137013375974,2000.,2150.35930392984));
#10509=CARTESIAN_POINT('',(172.137013375974,2000.,2150.35930392984));
#10510=CARTESIAN_POINT('',(172.137013375974,2000.,2150.35930392984));
#10511=CARTESIAN_POINT('',(172.137013375974,2000.,2150.35930392984));
#10512=CARTESIAN_POINT('',(172.137013375974,2000.,2150.35930392984));
#10513=CARTESIAN_POINT('',(172.137013375974,2000.,2150.35930392984));
#10514=CARTESIAN_POINT('',(172.137013375974,2000.,2150.35930392984));
#10515=CARTESIAN_POINT('',(172.137013375974,2000.,2150.35930392984));
#10516=CARTESIAN_POINT('',(172.137013375974,2000.,2150.35930392984));
#10517=CARTESIAN_POINT('',(172.137013375974,2000.,2150.35930392984));
#10518=CARTESIAN_POINT('',(172.137013375974,2000.,2150.35930392984));
#10519=CARTESIAN_POINT('',(172.137013375974,2000.,2150.35930392984));
#10520=CARTESIAN_POINT('',(172.137013375974,2000.,2150.35930392984));
#10521=CARTESIAN_POINT('',(172.137013375974,2000.,2150.35930392984));
#10522=CARTESIAN_POINT('',(172.137013375974,2000.,2150.35930392984));
#10523=CARTESIAN_POINT('',(172.137013375974,2000.,2150.35930392984));
#10524=CARTESIAN_POINT('',(172.137013375974,2000.,2150.35930392984));
#10525=CARTESIAN_POINT('',(172.137013375974,2000.,2150.35930392984));
#10526=CARTESIAN_POINT('',(172.137013375974,2000.,2150.35930392984));
#10527=CARTESIAN_POINT('',(172.137013375974,2000.,2150.35930392984));
#10528=CARTESIAN_POINT('',(172.137013375974,2000.,2150.35930392984));
#10529=CARTESIAN_POINT('',(172.137013375974,2000.,2150.35930392984));
#10530=CARTESIAN_POINT('',(172.137013375974,2000.,2150.35930392984));
#10531=CARTESIAN_POINT('',(172.137013375974,2000.,2150.35930392984));
#10532=CARTESIAN_POINT('',(172.137013375974,2000.,2150.35930392984));
#10533=CARTESIAN_POINT('',(172.137013375974,2000.,2150.35930392984));
#10534=CARTESIAN_POINT('',(172.137013375974,2000.,2150.35930392984));
#10535=CARTESIAN_POINT('',(172.137013375974,2000.,2150.35930392984));
#10536=CARTESIAN_POINT('',(172.137013375974,2000.,2150.35930392984));
#10537=CARTESIAN_POINT('',(172.137013375974,2000.,2150.35930392984));
#10538=CARTESIAN_POINT('',(172.137013375974,2000.,2150.35930392984));
#10539=CARTESIAN_POINT('',(172.137013375974,2000.,2150.35930392984));
#10540=CARTESIAN_POINT('',(172.137013375974,2000.,2150.35930392984));
#10541=CARTESIAN_POINT('',(172.137013375974,2000.,2150.35930392984));
#10542=CARTESIAN_POINT('',(172.137013375974,2000.,2150.35930392984));
#10543=CARTESIAN_POINT('',(170.555992932009,2000.,2119.16858952339));
#10544=CARTESIAN_POINT('',(170.555992932009,2000.,2119.16858952339));
#10545=CARTESIAN_POINT('',(170.555992932009,2000.,2119.16858952339));
#10546=CARTESIAN_POINT('',(170.555992932009,2000.,2119.16858952339));
#10547=CARTESIAN_POINT('',(170.555992932009,2000.,2119.16858952339));
#10548=CARTESIAN_POINT('',(170.555992932009,2000.,2119.16858952339));
#10549=CARTESIAN_POINT('',(170.555992932009,2000.,2119.16858952339));
#10550=CARTESIAN_POINT('',(170.555992932009,2000.,2119.16858952339));
#10551=CARTESIAN_POINT('',(170.555992932009,2000.,2119.16858952339));
#10552=CARTESIAN_POINT('',(170.555992932009,2000.,2119.16858952339));
#10553=CARTESIAN_POINT('',(170.555992932009,2000.,2119.16858952339));
#10554=CARTESIAN_POINT('',(170.555992932009,2000.,2119.16858952339));
#10555=CARTESIAN_POINT('',(170.555992932009,2000.,2119.16858952339));
#10556=CARTESIAN_POINT('',(170.555992932009,2000.,2119.16858952339));
#10557=CARTESIAN_POINT('',(170.555992932009,2000.,2119.16858952339));
#10558=CARTESIAN_POINT('',(170.555992932009,2000.,2119.16858952339));
#10559=CARTESIAN_POINT('',(170.555992932009,2000.,2119.16858952339));
#10560=CARTESIAN_POINT('',(170.555992932009,2000.,2119.16858952339));
#10561=CARTESIAN_POINT('',(170.555992932009,2000.,2119.16858952339));
#10562=CARTESIAN_POINT('',(170.555992932009,2000.,2119.16858952339));
#10563=CARTESIAN_POINT('',(170.555992932009,2000.,2119.16858952339));
#10564=CARTESIAN_POINT('',(170.555992932009,2000.,2119.16858952339));
#10565=CARTESIAN_POINT('',(170.555992932009,2000.,2119.16858952339));
#10566=CARTESIAN_POINT('',(170.555992932009,2000.,2119.16858952339));
#10567=CARTESIAN_POINT('',(170.555992932009,2000.,2119.16858952339));
#10568=CARTESIAN_POINT('',(170.555992932009,2000.,2119.16858952339));
#10569=CARTESIAN_POINT('',(170.555992932009,2000.,2119.16858952339));
#10570=CARTESIAN_POINT('',(170.555992932009,2000.,2119.16858952339));
#10571=CARTESIAN_POINT('',(170.555992932009,2000.,2119.16858952339));
#10572=CARTESIAN_POINT('',(170.555992932009,2000.,2119.16858952339));
#10573=CARTESIAN_POINT('',(170.555992932009,2000.,2119.16858952339));
#10574=CARTESIAN_POINT('',(170.555992932009,2000.,2119.16858952339));
#10575=CARTESIAN_POINT('',(170.555992932009,2000.,2119.16858952339));
#10576=CARTESIAN_POINT('',(170.555992932009,2000.,2119.16858952339));
#10577=CARTESIAN_POINT('',(170.555992932009,2000.,2119.16858952339));
#10578=CARTESIAN_POINT('',(170.555992932009,2000.,2119.16858952339));
#10579=CARTESIAN_POINT('',(170.555992932009,2000.,2119.16858952339));
#10580=CARTESIAN_POINT('',(170.555992932009,2000.,2119.16858952339));
#10581=CARTESIAN_POINT('',(170.555992932009,2000.,2119.16858952339));
#10582=CARTESIAN_POINT('',(170.555992932009,2000.,2119.16858952339));
#10583=CARTESIAN_POINT('',(170.555992932009,2000.,2119.16858952339));
#10584=CARTESIAN_POINT('',(170.555992932009,2000.,2119.16858952339));
#10585=CARTESIAN_POINT('',(170.555992932009,2000.,2119.16858952339));
#10586=CARTESIAN_POINT('',(170.555992932009,2000.,2119.16858952339));
#10587=CARTESIAN_POINT('',(156.307543346692,2000.,2120.07900771601));
#10588=CARTESIAN_POINT('',(156.307543346692,2000.,2120.07900771601));
#10589=CARTESIAN_POINT('',(156.307543346692,2000.,2120.07900771601));
#10590=CARTESIAN_POINT('',(156.307543346692,2000.,2120.07900771601));
#10591=CARTESIAN_POINT('',(156.307543346692,2000.,2120.07900771601));
#10592=CARTESIAN_POINT('',(156.307543346692,2000.,2120.07900771601));
#10593=CARTESIAN_POINT('',(156.307543346692,2000.,2120.07900771601));
#10594=CARTESIAN_POINT('',(156.307543346692,2000.,2120.07900771601));
#10595=CARTESIAN_POINT('',(156.307543346692,2000.,2120.07900771601));
#10596=CARTESIAN_POINT('',(156.307543346692,2000.,2120.07900771601));
#10597=CARTESIAN_POINT('',(156.307543346692,2000.,2120.07900771601));
#10598=CARTESIAN_POINT('',(156.307543346692,2000.,2120.07900771601));
#10599=CARTESIAN_POINT('',(156.307543346692,2000.,2120.07900771601));
#10600=CARTESIAN_POINT('',(156.307543346692,2000.,2120.07900771601));
#10601=CARTESIAN_POINT('',(156.307543346692,2000.,2120.07900771601));
#10602=CARTESIAN_POINT('',(156.307543346692,2000.,2120.07900771601));
#10603=CARTESIAN_POINT('',(156.307543346692,2000.,2120.07900771601));
#10604=CARTESIAN_POINT('',(156.307543346692,2000.,2120.07900771601));
#10605=CARTESIAN_POINT('',(156.307543346692,2000.,2120.07900771601));
#10606=CARTESIAN_POINT('',(156.307543346692,2000.,2120.07900771601));
#10607=CARTESIAN_POINT('',(156.307543346692,2000.,2120.07900771601));
#10608=CARTESIAN_POINT('',(156.307543346692,2000.,2120.07900771601));
#10609=CARTESIAN_POINT('',(156.307543346692,2000.,2120.07900771601));
#10610=CARTESIAN_POINT('',(156.307543346692,2000.,2120.07900771601));
#10611=CARTESIAN_POINT('',(156.307543346692,2000.,2120.07900771601));
#10612=CARTESIAN_POINT('',(156.307543346692,2000.,2120.07900771601));
#10613=CARTESIAN_POINT('',(156.307543346692,2000.,2120.07900771601));
#10614=CARTESIAN_POINT('',(156.307543346692,2000.,2120.07900771601));
#10615=CARTESIAN_POINT('',(156.307543346692,2000.,2120.07900771601));
#10616=CARTESIAN_POINT('',(156.307543346692,2000.,2120.07900771601));
#10617=CARTESIAN_POINT('',(156.307543346692,2000.,2120.07900771601));
#10618=CARTESIAN_POINT('',(156.307543346692,2000.,2120.07900771601));
#10619=CARTESIAN_POINT('',(156.307543346692,2000.,2120.07900771601));
#10620=CARTESIAN_POINT('',(156.307543346692,2000.,2120.07900771601));
#10621=CARTESIAN_POINT('',(156.307543346692,2000.,2120.07900771601));
#10622=CARTESIAN_POINT('',(156.307543346692,2000.,2120.07900771601));
#10623=CARTESIAN_POINT('',(156.307543346692,2000.,2120.07900771601));
#10624=CARTESIAN_POINT('',(156.307543346692,2000.,2120.07900771601));
#10625=CARTESIAN_POINT('',(156.307543346692,2000.,2120.07900771601));
#10626=CARTESIAN_POINT('',(156.307543346692,2000.,2120.07900771601));
#10627=CARTESIAN_POINT('',(156.307543346692,2000.,2120.07900771601));
#10628=CARTESIAN_POINT('',(156.307543346692,2000.,2120.07900771601));
#10629=CARTESIAN_POINT('',(156.307543346692,2000.,2120.07900771601));
#10630=CARTESIAN_POINT('',(156.307543346692,2000.,2120.07900771601));
#10631=CARTESIAN_POINT('',(155.305906005725,2000.,2106.11488502115));
#10632=CARTESIAN_POINT('',(155.305906005725,2000.,2106.11488502115));
#10633=CARTESIAN_POINT('',(155.305906005725,2000.,2106.11488502115));
#10634=CARTESIAN_POINT('',(155.305906005725,2000.,2106.11488502115));
#10635=CARTESIAN_POINT('',(155.305906005725,2000.,2106.11488502115));
#10636=CARTESIAN_POINT('',(155.305906005725,2000.,2106.11488502115));
#10637=CARTESIAN_POINT('',(155.305906005725,2000.,2106.11488502115));
#10638=CARTESIAN_POINT('',(155.305906005725,2000.,2106.11488502115));
#10639=CARTESIAN_POINT('',(155.305906005725,2000.,2106.11488502115));
#10640=CARTESIAN_POINT('',(155.305906005725,2000.,2106.11488502115));
#10641=CARTESIAN_POINT('',(155.305906005725,2000.,2106.11488502115));
#10642=CARTESIAN_POINT('',(155.305906005725,2000.,2106.11488502115));
#10643=CARTESIAN_POINT('',(155.305906005725,2000.,2106.11488502115));
#10644=CARTESIAN_POINT('',(155.305906005725,2000.,2106.11488502115));
#10645=CARTESIAN_POINT('',(155.305906005725,2000.,2106.11488502115));
#10646=CARTESIAN_POINT('',(155.305906005725,2000.,2106.11488502115));
#10647=CARTESIAN_POINT('',(155.305906005725,2000.,2106.11488502115));
#10648=CARTESIAN_POINT('',(155.305906005725,2000.,2106.11488502115));
#10649=CARTESIAN_POINT('',(155.305906005725,2000.,2106.11488502115));
#10650=CARTESIAN_POINT('',(155.305906005725,2000.,2106.11488502115));
#10651=CARTESIAN_POINT('',(155.305906005725,2000.,2106.11488502115));
#10652=CARTESIAN_POINT('',(155.305906005725,2000.,2106.11488502115));
#10653=CARTESIAN_POINT('',(155.305906005725,2000.,2106.11488502115));
#10654=CARTESIAN_POINT('',(155.305906005725,2000.,2106.11488502115));
#10655=CARTESIAN_POINT('',(155.305906005725,2000.,2106.11488502115));
#10656=CARTESIAN_POINT('',(155.305906005725,2000.,2106.11488502115));
#10657=CARTESIAN_POINT('',(155.305906005725,2000.,2106.11488502115));
#10658=CARTESIAN_POINT('',(155.305906005725,2000.,2106.11488502115));
#10659=CARTESIAN_POINT('',(155.305906005725,2000.,2106.11488502115));
#10660=CARTESIAN_POINT('',(155.305906005725,2000.,2106.11488502115));
#10661=CARTESIAN_POINT('',(155.305906005725,2000.,2106.11488502115));
#10662=CARTESIAN_POINT('',(155.305906005725,2000.,2106.11488502115));
#10663=CARTESIAN_POINT('',(155.305906005725,2000.,2106.11488502115));
#10664=CARTESIAN_POINT('',(155.305906005725,2000.,2106.11488502115));
#10665=CARTESIAN_POINT('',(155.305906005725,2000.,2106.11488502115));
#10666=CARTESIAN_POINT('',(155.305906005725,2000.,2106.11488502115));
#10667=CARTESIAN_POINT('',(155.305906005725,2000.,2106.11488502115));
#10668=CARTESIAN_POINT('',(155.305906005725,2000.,2106.11488502115));
#10669=CARTESIAN_POINT('',(155.305906005725,2000.,2106.11488502115));
#10670=CARTESIAN_POINT('',(155.305906005725,2000.,2106.11488502115));
#10671=CARTESIAN_POINT('',(155.305906005725,2000.,2106.11488502115));
#10672=CARTESIAN_POINT('',(155.305906005725,2000.,2106.11488502115));
#10673=CARTESIAN_POINT('',(155.305906005725,2000.,2106.11488502115));
#10674=CARTESIAN_POINT('',(155.305906005725,2000.,2106.11488502115));
#10675=CARTESIAN_POINT('',(155.305906005725,2000.,2106.11488502115));
#10676=CARTESIAN_POINT('',(154.646959669485,2000.,2095.696323074));
#10677=CARTESIAN_POINT('',(150.482641101859,2000.,2093.23558952946));
#10678=CARTESIAN_POINT('',(146.346804998485,2000.,2086.32412500256));
#10679=CARTESIAN_POINT('',(136.846805,2000.,2086.324125));
#10680=CARTESIAN_POINT('',(135.853807,2000.,2066.540548));
#10681=CARTESIAN_POINT('',(122.333756,2000.,2065.776704));
#10682=CARTESIAN_POINT('',(121.015488,2000.,2049.354043));
#10683=CARTESIAN_POINT('',(103.080454,2000.,2049.354043));
#10684=CARTESIAN_POINT('',(103.080454,2000.,2084.12703397471));
#10685=CARTESIAN_POINT('',(122.16388,2000.,2098.521389));
#10686=CARTESIAN_POINT('',(103.080454,2000.,2084.12703397471));
#10687=CARTESIAN_POINT('',(103.080454,2000.,2049.354043));
#10688=CARTESIAN_POINT('',(121.015488,2000.,2049.354043));
#10689=CARTESIAN_POINT('',(122.333756,2000.,2065.776704));
#10690=CARTESIAN_POINT('',(135.853807,2000.,2066.540548));
#10691=CARTESIAN_POINT('',(136.846805,2000.,2086.324125));
#10692=CARTESIAN_POINT('',(146.346804998485,2000.,2086.32412500256));
#10693=CARTESIAN_POINT('',(154.772937690835,2000.,2085.97508715376));
#10694=CARTESIAN_POINT('',(154.646959669485,2000.,2095.696323074));
#10695=CARTESIAN_POINT('',(155.305906005725,2000.,2106.11488502115));
#10696=CARTESIAN_POINT('',(195.224614,2000.,2148.780801));
#10697=CARTESIAN_POINT('',(196.03009300001,2000.,2154.922578));
#10698=CARTESIAN_POINT('',(188.332249320269,2000.,2168.08964360552));
#10699=CARTESIAN_POINT('',(205.280239,2000.,2178.001215));
#10700=CARTESIAN_POINT('',(215.780239,2000.,2178.001215));
#10701=CARTESIAN_POINT('',(217.308217344646,2000.,2181.46864621278));
#10702=CARTESIAN_POINT('',(225.162452550721,2000.,2178.0075533829));
#10703=CARTESIAN_POINT('',(312.05469892634,2000.,2186.59057));
#10704=CARTESIAN_POINT('',(312.054698926339,2000.,2174.3021561078));
#10705=CARTESIAN_POINT('',(323.420137,2000.,2179.466252));
#10706=CARTESIAN_POINT('',(340.170137,2000.,2179.466252));
#10707=CARTESIAN_POINT('',(342.35785695392,2000.,2200.7607686337));
#10708=CARTESIAN_POINT('',(342.473705760506,2000.,2199.17339483978));
#10709=CARTESIAN_POINT('',(349.691134123805,2000.,2202.02424202188));
#10710=CARTESIAN_POINT('',(346.175161645769,2000.,2206.10814493357));
#10711=CARTESIAN_POINT('',(320.540063536893,2000.,2213.80049935507));
#10712=CARTESIAN_POINT('',(366.788888,2000.,2211.030516));
#10713=CARTESIAN_POINT('',(368.315885,2000.,2221.574065));
#10714=CARTESIAN_POINT('',(377.271097959516,2000.,2222.50913522724));
#10715=CARTESIAN_POINT('',(218.661750255234,2000.,2309.28949172951));
#10716=CARTESIAN_POINT('',(395.616740745494,2000.,2218.84247295631));
#10717=CARTESIAN_POINT('',(405.584932651008,2000.,2131.62398033761));
#10718=CARTESIAN_POINT('',(403.777409436161,2000.,2249.5));
#10719=CARTESIAN_POINT('',(373.187811532139,2000.,2249.5));
#10720=CARTESIAN_POINT('',(317.914653,2000.,2203.359907));
#10721=CARTESIAN_POINT('',(209.594754121568,2000.,2200.15382145485));
#10722=CARTESIAN_POINT('',(143.449627,2000.,2140.941921));
#10723=CARTESIAN_POINT('',(122.16388,2000.,2098.521389));
#10724=CARTESIAN_POINT('',(103.080454,9.66338120633736E-013,2084.12703397471)
);
#10725=CARTESIAN_POINT('',(103.080454,9.66338120633736E-013,2049.354043));
#10726=CARTESIAN_POINT('',(121.015488,9.66338120633736E-013,2049.354043));
#10727=CARTESIAN_POINT('',(122.333756,9.66338120633736E-013,2065.776704));
#10728=CARTESIAN_POINT('',(135.853807,9.66338120633736E-013,2066.540548));
#10729=CARTESIAN_POINT('',(136.846805,9.66338120633736E-013,2086.324125));
#10730=CARTESIAN_POINT('',(146.346804998485,9.66338120633736E-013,
2086.32412500256));
#10731=CARTESIAN_POINT('',(154.772937690835,9.66338120633736E-013,
2085.97508715376));
#10732=CARTESIAN_POINT('',(154.646959669485,9.66338120633736E-013,
2095.696323074));
#10733=CARTESIAN_POINT('',(155.305906005725,9.66338120633736E-013,
2106.11488502115));
#10734=CARTESIAN_POINT('',(195.224614,9.66338120633736E-013,2148.780801));
#10735=CARTESIAN_POINT('',(196.03009300001,9.66338120633736E-013,2154.922578)
);
#10736=CARTESIAN_POINT('',(188.332249320269,9.66338120633736E-013,
2168.08964360552));
#10737=CARTESIAN_POINT('',(205.280239,9.66338120633736E-013,2178.001215));
#10738=CARTESIAN_POINT('',(215.780239,9.66338120633736E-013,2178.001215));
#10739=CARTESIAN_POINT('',(217.308217344646,9.66338120633736E-013,
2181.46864621278));
#10740=CARTESIAN_POINT('',(225.162452550721,9.66338120633736E-013,
2178.0075533829));
#10741=CARTESIAN_POINT('',(312.05469892634,9.66338120633736E-013,2186.59057));
#10742=CARTESIAN_POINT('',(312.054698926339,9.66338120633736E-013,
2174.3021561078));
#10743=CARTESIAN_POINT('',(323.420137,9.66338120633736E-013,2179.466252));
#10744=CARTESIAN_POINT('',(340.170137,9.66338120633736E-013,2179.466252));
#10745=CARTESIAN_POINT('',(342.35785695392,9.66338120633736E-013,
2200.7607686337));
#10746=CARTESIAN_POINT('',(342.473705760506,9.66338120633736E-013,
2199.17339483978));
#10747=CARTESIAN_POINT('',(349.691134123805,9.66338120633736E-013,
2202.02424202188));
#10748=CARTESIAN_POINT('',(346.175161645769,9.66338120633736E-013,
2206.10814493357));
#10749=CARTESIAN_POINT('',(320.540063536893,9.66338120633736E-013,
2213.80049935507));
#10750=CARTESIAN_POINT('',(366.788888,9.66338120633736E-013,2211.030516));
#10751=CARTESIAN_POINT('',(368.315885,9.66338120633736E-013,2221.574065));
#10752=CARTESIAN_POINT('',(377.271097959516,9.66338120633736E-013,
2222.50913522724));
#10753=CARTESIAN_POINT('',(218.661750255234,9.66338120633736E-013,
2309.28949172951));
#10754=CARTESIAN_POINT('',(395.616740745494,9.66338120633736E-013,
2218.84247295631));
#10755=CARTESIAN_POINT('',(405.584932651008,9.66338120633736E-013,
2131.62398033761));
#10756=CARTESIAN_POINT('',(403.777409436161,9.66338120633736E-013,2249.5));
#10757=CARTESIAN_POINT('',(373.187811532139,9.66338120633736E-013,2249.5));
#10758=CARTESIAN_POINT('',(317.914653,9.66338120633736E-013,2203.359907));
#10759=CARTESIAN_POINT('',(209.594754121568,9.66338120633736E-013,
2200.15382145485));
#10760=CARTESIAN_POINT('',(143.449627,9.66338120633736E-013,2140.941921));
#10761=CARTESIAN_POINT('',(122.16388,9.66338120633736E-013,2098.521389));
#10762=CARTESIAN_POINT('',(155.305906005725,1875.,2106.11488502115));
#10763=CARTESIAN_POINT('',(185.255240183443,1875.,2104.37207627909));
#10764=CARTESIAN_POINT('',(187.102077219611,1875.,2149.33614013265));
#10765=CARTESIAN_POINT('',(170.555992932009,1875.,2119.16858952339));
#10766=CARTESIAN_POINT('',(172.137013375974,1875.,2150.35930392984));
#10767=CARTESIAN_POINT('',(187.102077219611,1875.,2149.33614013265));
#10768=CARTESIAN_POINT('',(185.255240183443,1875.,2104.37207627909));
#10769=CARTESIAN_POINT('',(155.305906005725,1875.,2106.11488502115));
#10770=CARTESIAN_POINT('',(156.307543346692,1875.,2120.07900771601));
#10771=CARTESIAN_POINT('',(170.555992932009,1845.,2119.16858952339));
#10772=CARTESIAN_POINT('',(172.137013375974,1845.,2150.35930392984));
#10773=CARTESIAN_POINT('',(187.102077219611,1845.,2149.33614013265));
#10774=CARTESIAN_POINT('',(185.255240183443,1845.,2104.37207627909));
#10775=CARTESIAN_POINT('',(155.305906005725,1845.,2106.11488502115));
#10776=CARTESIAN_POINT('',(156.307543346692,1845.,2120.07900771601));
#10777=CARTESIAN_POINT('',(155.305906005725,1920.,2106.11488502115));
#10778=CARTESIAN_POINT('',(185.255240183443,1920.,2104.37207627909));
#10779=CARTESIAN_POINT('',(187.102077219611,1920.,2149.33614013265));
#10780=CARTESIAN_POINT('',(170.555992932009,1920.,2119.16858952339));
#10781=CARTESIAN_POINT('',(172.137013375974,1920.,2150.35930392984));
#10782=CARTESIAN_POINT('',(187.102077219611,1920.,2149.33614013265));
#10783=CARTESIAN_POINT('',(185.255240183443,1920.,2104.37207627909));
#10784=CARTESIAN_POINT('',(155.305906005725,1920.,2106.11488502115));
#10785=CARTESIAN_POINT('',(156.307543346692,1920.,2120.07900771601));
#10786=CARTESIAN_POINT('',(170.555992932009,1890.,2119.16858952339));
#10787=CARTESIAN_POINT('',(172.137013375974,1890.,2150.35930392984));
#10788=CARTESIAN_POINT('',(187.102077219611,1890.,2149.33614013265));
#10789=CARTESIAN_POINT('',(185.255240183443,1890.,2104.37207627909));
#10790=CARTESIAN_POINT('',(155.305906005725,1890.,2106.11488502115));
#10791=CARTESIAN_POINT('',(156.307543346692,1890.,2120.07900771601));
#10792=CARTESIAN_POINT('',(155.305906005725,1965.,2106.11488502115));
#10793=CARTESIAN_POINT('',(185.255240183443,1965.,2104.37207627909));
#10794=CARTESIAN_POINT('',(187.102077219611,1965.,2149.33614013265));
#10795=CARTESIAN_POINT('',(170.555992932009,1965.,2119.16858952339));
#10796=CARTESIAN_POINT('',(172.137013375974,1965.,2150.35930392984));
#10797=CARTESIAN_POINT('',(187.102077219611,1965.,2149.33614013265));
#10798=CARTESIAN_POINT('',(185.255240183443,1965.,2104.37207627909));
#10799=CARTESIAN_POINT('',(155.305906005725,1965.,2106.11488502115));
#10800=CARTESIAN_POINT('',(156.307543346692,1965.,2120.07900771601));
#10801=CARTESIAN_POINT('',(170.555992932009,1935.,2119.16858952339));
#10802=CARTESIAN_POINT('',(172.137013375974,1935.,2150.35930392984));
#10803=CARTESIAN_POINT('',(187.102077219611,1935.,2149.33614013265));
#10804=CARTESIAN_POINT('',(185.255240183443,1935.,2104.37207627909));
#10805=CARTESIAN_POINT('',(155.305906005725,1935.,2106.11488502115));
#10806=CARTESIAN_POINT('',(156.307543346692,1935.,2120.07900771601));
#10807=CARTESIAN_POINT('',(185.255240183443,2000.,2104.37207627909));
#10808=CARTESIAN_POINT('',(185.255240183443,2000.,2104.37207627909));
#10809=CARTESIAN_POINT('',(155.305906005725,2000.,2106.11488502115));
#10810=CARTESIAN_POINT('',(170.555992932009,1980.,2119.16858952339));
#10811=CARTESIAN_POINT('',(172.137013375974,1980.,2150.35930392984));
#10812=CARTESIAN_POINT('',(187.102077219611,1980.,2149.33614013265));
#10813=CARTESIAN_POINT('',(185.255240183443,1980.,2104.37207627909));
#10814=CARTESIAN_POINT('',(155.305906005725,1980.,2106.11488502115));
#10815=CARTESIAN_POINT('',(156.307543346692,1980.,2120.07900771601));
#10816=CARTESIAN_POINT('',(155.305906005725,1380.,2106.11488502115));
#10817=CARTESIAN_POINT('',(185.255240183443,1380.,2104.37207627909));
#10818=CARTESIAN_POINT('',(187.102077219611,1380.,2149.33614013265));
#10819=CARTESIAN_POINT('',(170.555992932009,1380.,2119.16858952339));
#10820=CARTESIAN_POINT('',(172.137013375974,1380.,2150.35930392984));
#10821=CARTESIAN_POINT('',(187.102077219611,1380.,2149.33614013265));
#10822=CARTESIAN_POINT('',(185.255240183443,1380.,2104.37207627909));
#10823=CARTESIAN_POINT('',(155.305906005725,1380.,2106.11488502115));
#10824=CARTESIAN_POINT('',(156.307543346692,1380.,2120.07900771601));
#10825=CARTESIAN_POINT('',(170.555992932009,1350.,2119.16858952339));
#10826=CARTESIAN_POINT('',(172.137013375974,1350.,2150.35930392984));
#10827=CARTESIAN_POINT('',(187.102077219611,1350.,2149.33614013265));
#10828=CARTESIAN_POINT('',(185.255240183443,1350.,2104.37207627909));
#10829=CARTESIAN_POINT('',(155.305906005725,1350.,2106.11488502115));
#10830=CARTESIAN_POINT('',(156.307543346692,1350.,2120.07900771601));
#10831=CARTESIAN_POINT('',(155.305906005725,1425.,2106.11488502115));
#10832=CARTESIAN_POINT('',(185.255240183443,1425.,2104.37207627909));
#10833=CARTESIAN_POINT('',(187.102077219611,1425.,2149.33614013265));
#10834=CARTESIAN_POINT('',(170.555992932009,1425.,2119.16858952339));
#10835=CARTESIAN_POINT('',(172.137013375974,1425.,2150.35930392984));
#10836=CARTESIAN_POINT('',(187.102077219611,1425.,2149.33614013265));
#10837=CARTESIAN_POINT('',(185.255240183443,1425.,2104.37207627909));
#10838=CARTESIAN_POINT('',(155.305906005725,1425.,2106.11488502115));
#10839=CARTESIAN_POINT('',(156.307543346692,1425.,2120.07900771601));
#10840=CARTESIAN_POINT('',(170.555992932009,1395.,2119.16858952339));
#10841=CARTESIAN_POINT('',(172.137013375974,1395.,2150.35930392984));
#10842=CARTESIAN_POINT('',(187.102077219611,1395.,2149.33614013265));
#10843=CARTESIAN_POINT('',(185.255240183443,1395.,2104.37207627909));
#10844=CARTESIAN_POINT('',(155.305906005725,1395.,2106.11488502115));
#10845=CARTESIAN_POINT('',(156.307543346692,1395.,2120.07900771601));
#10846=CARTESIAN_POINT('',(155.305906005725,1470.,2106.11488502115));
#10847=CARTESIAN_POINT('',(185.255240183443,1470.,2104.37207627909));
#10848=CARTESIAN_POINT('',(187.102077219611,1470.,2149.33614013265));
#10849=CARTESIAN_POINT('',(170.555992932009,1470.,2119.16858952339));
#10850=CARTESIAN_POINT('',(172.137013375974,1470.,2150.35930392984));
#10851=CARTESIAN_POINT('',(187.102077219611,1470.,2149.33614013265));
#10852=CARTESIAN_POINT('',(185.255240183443,1470.,2104.37207627909));
#10853=CARTESIAN_POINT('',(155.305906005725,1470.,2106.11488502115));
#10854=CARTESIAN_POINT('',(156.307543346692,1470.,2120.07900771601));
#10855=CARTESIAN_POINT('',(170.555992932009,1440.,2119.16858952339));
#10856=CARTESIAN_POINT('',(172.137013375974,1440.,2150.35930392984));
#10857=CARTESIAN_POINT('',(187.102077219611,1440.,2149.33614013265));
#10858=CARTESIAN_POINT('',(185.255240183443,1440.,2104.37207627909));
#10859=CARTESIAN_POINT('',(155.305906005725,1440.,2106.11488502115));
#10860=CARTESIAN_POINT('',(156.307543346692,1440.,2120.07900771601));
#10861=CARTESIAN_POINT('',(155.305906005725,1515.,2106.11488502115));
#10862=CARTESIAN_POINT('',(185.255240183443,1515.,2104.37207627909));
#10863=CARTESIAN_POINT('',(187.102077219611,1515.,2149.33614013265));
#10864=CARTESIAN_POINT('',(170.555992932009,1515.,2119.16858952339));
#10865=CARTESIAN_POINT('',(172.137013375974,1515.,2150.35930392984));
#10866=CARTESIAN_POINT('',(187.102077219611,1515.,2149.33614013265));
#10867=CARTESIAN_POINT('',(185.255240183443,1515.,2104.37207627909));
#10868=CARTESIAN_POINT('',(155.305906005725,1515.,2106.11488502115));
#10869=CARTESIAN_POINT('',(156.307543346692,1515.,2120.07900771601));
#10870=CARTESIAN_POINT('',(170.555992932009,1485.,2119.16858952339));
#10871=CARTESIAN_POINT('',(172.137013375974,1485.,2150.35930392984));
#10872=CARTESIAN_POINT('',(187.102077219611,1485.,2149.33614013265));
#10873=CARTESIAN_POINT('',(185.255240183443,1485.,2104.37207627909));
#10874=CARTESIAN_POINT('',(155.305906005725,1485.,2106.11488502115));
#10875=CARTESIAN_POINT('',(156.307543346692,1485.,2120.07900771601));
#10876=CARTESIAN_POINT('',(155.305906005725,1560.,2106.11488502115));
#10877=CARTESIAN_POINT('',(185.255240183443,1560.,2104.37207627909));
#10878=CARTESIAN_POINT('',(187.102077219611,1560.,2149.33614013265));
#10879=CARTESIAN_POINT('',(170.555992932009,1560.,2119.16858952339));
#10880=CARTESIAN_POINT('',(172.137013375974,1560.,2150.35930392984));
#10881=CARTESIAN_POINT('',(187.102077219611,1560.,2149.33614013265));
#10882=CARTESIAN_POINT('',(185.255240183443,1560.,2104.37207627909));
#10883=CARTESIAN_POINT('',(155.305906005725,1560.,2106.11488502115));
#10884=CARTESIAN_POINT('',(156.307543346692,1560.,2120.07900771601));
#10885=CARTESIAN_POINT('',(170.555992932009,1530.,2119.16858952339));
#10886=CARTESIAN_POINT('',(172.137013375974,1530.,2150.35930392984));
#10887=CARTESIAN_POINT('',(187.102077219611,1530.,2149.33614013265));
#10888=CARTESIAN_POINT('',(185.255240183443,1530.,2104.37207627909));
#10889=CARTESIAN_POINT('',(155.305906005725,1530.,2106.11488502115));
#10890=CARTESIAN_POINT('',(156.307543346692,1530.,2120.07900771601));
#10891=CARTESIAN_POINT('',(155.305906005725,1605.,2106.11488502115));
#10892=CARTESIAN_POINT('',(185.255240183443,1605.,2104.37207627909));
#10893=CARTESIAN_POINT('',(187.102077219611,1605.,2149.33614013265));
#10894=CARTESIAN_POINT('',(170.555992932009,1605.,2119.16858952339));
#10895=CARTESIAN_POINT('',(172.137013375974,1605.,2150.35930392984));
#10896=CARTESIAN_POINT('',(187.102077219611,1605.,2149.33614013265));
#10897=CARTESIAN_POINT('',(185.255240183443,1605.,2104.37207627909));
#10898=CARTESIAN_POINT('',(155.305906005725,1605.,2106.11488502115));
#10899=CARTESIAN_POINT('',(156.307543346692,1605.,2120.07900771601));
#10900=CARTESIAN_POINT('',(170.555992932009,1575.,2119.16858952339));
#10901=CARTESIAN_POINT('',(172.137013375974,1575.,2150.35930392984));
#10902=CARTESIAN_POINT('',(187.102077219611,1575.,2149.33614013265));
#10903=CARTESIAN_POINT('',(185.255240183443,1575.,2104.37207627909));
#10904=CARTESIAN_POINT('',(155.305906005725,1575.,2106.11488502115));
#10905=CARTESIAN_POINT('',(156.307543346692,1575.,2120.07900771601));
#10906=CARTESIAN_POINT('',(155.305906005725,1650.,2106.11488502115));
#10907=CARTESIAN_POINT('',(185.255240183443,1650.,2104.37207627909));
#10908=CARTESIAN_POINT('',(187.102077219611,1650.,2149.33614013265));
#10909=CARTESIAN_POINT('',(170.555992932009,1650.,2119.16858952339));
#10910=CARTESIAN_POINT('',(172.137013375974,1650.,2150.35930392984));
#10911=CARTESIAN_POINT('',(187.102077219611,1650.,2149.33614013265));
#10912=CARTESIAN_POINT('',(185.255240183443,1650.,2104.37207627909));
#10913=CARTESIAN_POINT('',(155.305906005725,1650.,2106.11488502115));
#10914=CARTESIAN_POINT('',(156.307543346692,1650.,2120.07900771601));
#10915=CARTESIAN_POINT('',(170.555992932009,1620.,2119.16858952339));
#10916=CARTESIAN_POINT('',(172.137013375974,1620.,2150.35930392984));
#10917=CARTESIAN_POINT('',(187.102077219611,1620.,2149.33614013265));
#10918=CARTESIAN_POINT('',(185.255240183443,1620.,2104.37207627909));
#10919=CARTESIAN_POINT('',(155.305906005725,1620.,2106.11488502115));
#10920=CARTESIAN_POINT('',(156.307543346692,1620.,2120.07900771601));
#10921=CARTESIAN_POINT('',(155.305906005725,1695.,2106.11488502115));
#10922=CARTESIAN_POINT('',(185.255240183443,1695.,2104.37207627909));
#10923=CARTESIAN_POINT('',(187.102077219611,1695.,2149.33614013265));
#10924=CARTESIAN_POINT('',(170.555992932009,1695.,2119.16858952339));
#10925=CARTESIAN_POINT('',(172.137013375974,1695.,2150.35930392984));
#10926=CARTESIAN_POINT('',(187.102077219611,1695.,2149.33614013265));
#10927=CARTESIAN_POINT('',(185.255240183443,1695.,2104.37207627909));
#10928=CARTESIAN_POINT('',(155.305906005725,1695.,2106.11488502115));
#10929=CARTESIAN_POINT('',(156.307543346692,1695.,2120.07900771601));
#10930=CARTESIAN_POINT('',(170.555992932009,1665.,2119.16858952339));
#10931=CARTESIAN_POINT('',(172.137013375974,1665.,2150.35930392984));
#10932=CARTESIAN_POINT('',(187.102077219611,1665.,2149.33614013265));
#10933=CARTESIAN_POINT('',(185.255240183443,1665.,2104.37207627909));
#10934=CARTESIAN_POINT('',(155.305906005725,1665.,2106.11488502115));
#10935=CARTESIAN_POINT('',(156.307543346692,1665.,2120.07900771601));
#10936=CARTESIAN_POINT('',(155.305906005725,1740.,2106.11488502115));
#10937=CARTESIAN_POINT('',(185.255240183443,1740.,2104.37207627909));
#10938=CARTESIAN_POINT('',(187.102077219611,1740.,2149.33614013265));
#10939=CARTESIAN_POINT('',(170.555992932009,1740.,2119.16858952339));
#10940=CARTESIAN_POINT('',(172.137013375974,1740.,2150.35930392984));
#10941=CARTESIAN_POINT('',(187.102077219611,1740.,2149.33614013265));
#10942=CARTESIAN_POINT('',(185.255240183443,1740.,2104.37207627909));
#10943=CARTESIAN_POINT('',(155.305906005725,1740.,2106.11488502115));
#10944=CARTESIAN_POINT('',(156.307543346692,1740.,2120.07900771601));
#10945=CARTESIAN_POINT('',(170.555992932009,1710.,2119.16858952339));
#10946=CARTESIAN_POINT('',(172.137013375974,1710.,2150.35930392984));
#10947=CARTESIAN_POINT('',(187.102077219611,1710.,2149.33614013265));
#10948=CARTESIAN_POINT('',(185.255240183443,1710.,2104.37207627909));
#10949=CARTESIAN_POINT('',(155.305906005725,1710.,2106.11488502115));
#10950=CARTESIAN_POINT('',(156.307543346692,1710.,2120.07900771601));
#10951=CARTESIAN_POINT('',(155.305906005725,1785.,2106.11488502115));
#10952=CARTESIAN_POINT('',(185.255240183443,1785.,2104.37207627909));
#10953=CARTESIAN_POINT('',(187.102077219611,1785.,2149.33614013265));
#10954=CARTESIAN_POINT('',(170.555992932009,1785.,2119.16858952339));
#10955=CARTESIAN_POINT('',(172.137013375974,1785.,2150.35930392984));
#10956=CARTESIAN_POINT('',(187.102077219611,1785.,2149.33614013265));
#10957=CARTESIAN_POINT('',(185.255240183443,1785.,2104.37207627909));
#10958=CARTESIAN_POINT('',(155.305906005725,1785.,2106.11488502115));
#10959=CARTESIAN_POINT('',(156.307543346692,1785.,2120.07900771601));
#10960=CARTESIAN_POINT('',(170.555992932009,1755.,2119.16858952339));
#10961=CARTESIAN_POINT('',(172.137013375974,1755.,2150.35930392984));
#10962=CARTESIAN_POINT('',(187.102077219611,1755.,2149.33614013265));
#10963=CARTESIAN_POINT('',(185.255240183443,1755.,2104.37207627909));
#10964=CARTESIAN_POINT('',(155.305906005725,1755.,2106.11488502115));
#10965=CARTESIAN_POINT('',(156.307543346692,1755.,2120.07900771601));
#10966=CARTESIAN_POINT('',(155.305906005725,1830.,2106.11488502115));
#10967=CARTESIAN_POINT('',(185.255240183443,1830.,2104.37207627909));
#10968=CARTESIAN_POINT('',(187.102077219611,1830.,2149.33614013265));
#10969=CARTESIAN_POINT('',(170.555992932009,1830.,2119.16858952339));
#10970=CARTESIAN_POINT('',(172.137013375974,1830.,2150.35930392984));
#10971=CARTESIAN_POINT('',(187.102077219611,1830.,2149.33614013265));
#10972=CARTESIAN_POINT('',(185.255240183443,1830.,2104.37207627909));
#10973=CARTESIAN_POINT('',(155.305906005725,1830.,2106.11488502115));
#10974=CARTESIAN_POINT('',(156.307543346692,1830.,2120.07900771601));
#10975=CARTESIAN_POINT('',(170.555992932009,1800.,2119.16858952339));
#10976=CARTESIAN_POINT('',(172.137013375974,1800.,2150.35930392984));
#10977=CARTESIAN_POINT('',(187.102077219611,1800.,2149.33614013265));
#10978=CARTESIAN_POINT('',(185.255240183443,1800.,2104.37207627909));
#10979=CARTESIAN_POINT('',(155.305906005725,1800.,2106.11488502115));
#10980=CARTESIAN_POINT('',(156.307543346692,1800.,2120.07900771601));
#10981=CARTESIAN_POINT('',(155.305906005725,1155.,2106.11488502115));
#10982=CARTESIAN_POINT('',(185.255240183443,1155.,2104.37207627909));
#10983=CARTESIAN_POINT('',(187.102077219611,1155.,2149.33614013265));
#10984=CARTESIAN_POINT('',(170.555992932009,1155.,2119.16858952339));
#10985=CARTESIAN_POINT('',(172.137013375974,1155.,2150.35930392984));
#10986=CARTESIAN_POINT('',(187.102077219611,1155.,2149.33614013265));
#10987=CARTESIAN_POINT('',(185.255240183443,1155.,2104.37207627909));
#10988=CARTESIAN_POINT('',(155.305906005725,1155.,2106.11488502115));
#10989=CARTESIAN_POINT('',(156.307543346692,1155.,2120.07900771601));
#10990=CARTESIAN_POINT('',(170.555992932009,1125.,2119.16858952339));
#10991=CARTESIAN_POINT('',(172.137013375974,1125.,2150.35930392984));
#10992=CARTESIAN_POINT('',(187.102077219611,1125.,2149.33614013265));
#10993=CARTESIAN_POINT('',(185.255240183443,1125.,2104.37207627909));
#10994=CARTESIAN_POINT('',(155.305906005725,1125.,2106.11488502115));
#10995=CARTESIAN_POINT('',(156.307543346692,1125.,2120.07900771601));
#10996=CARTESIAN_POINT('',(155.305906005725,1200.,2106.11488502115));
#10997=CARTESIAN_POINT('',(185.255240183443,1200.,2104.37207627909));
#10998=CARTESIAN_POINT('',(187.102077219611,1200.,2149.33614013265));
#10999=CARTESIAN_POINT('',(170.555992932009,1200.,2119.16858952339));
#11000=CARTESIAN_POINT('',(172.137013375974,1200.,2150.35930392984));
#11001=CARTESIAN_POINT('',(187.102077219611,1200.,2149.33614013265));
#11002=CARTESIAN_POINT('',(185.255240183443,1200.,2104.37207627909));
#11003=CARTESIAN_POINT('',(155.305906005725,1200.,2106.11488502115));
#11004=CARTESIAN_POINT('',(156.307543346692,1200.,2120.07900771601));
#11005=CARTESIAN_POINT('',(170.555992932009,1170.,2119.16858952339));
#11006=CARTESIAN_POINT('',(172.137013375974,1170.,2150.35930392984));
#11007=CARTESIAN_POINT('',(187.102077219611,1170.,2149.33614013265));
#11008=CARTESIAN_POINT('',(185.255240183443,1170.,2104.37207627909));
#11009=CARTESIAN_POINT('',(155.305906005725,1170.,2106.11488502115));
#11010=CARTESIAN_POINT('',(156.307543346692,1170.,2120.07900771601));
#11011=CARTESIAN_POINT('',(155.305906005725,1245.,2106.11488502115));
#11012=CARTESIAN_POINT('',(185.255240183443,1245.,2104.37207627909));
#11013=CARTESIAN_POINT('',(187.102077219611,1245.,2149.33614013265));
#11014=CARTESIAN_POINT('',(170.555992932009,1245.,2119.16858952339));
#11015=CARTESIAN_POINT('',(172.137013375974,1245.,2150.35930392984));
#11016=CARTESIAN_POINT('',(187.102077219611,1245.,2149.33614013265));
#11017=CARTESIAN_POINT('',(185.255240183443,1245.,2104.37207627909));
#11018=CARTESIAN_POINT('',(155.305906005725,1245.,2106.11488502115));
#11019=CARTESIAN_POINT('',(156.307543346692,1245.,2120.07900771601));
#11020=CARTESIAN_POINT('',(170.555992932009,1215.,2119.16858952339));
#11021=CARTESIAN_POINT('',(172.137013375974,1215.,2150.35930392984));
#11022=CARTESIAN_POINT('',(187.102077219611,1215.,2149.33614013265));
#11023=CARTESIAN_POINT('',(185.255240183443,1215.,2104.37207627909));
#11024=CARTESIAN_POINT('',(155.305906005725,1215.,2106.11488502115));
#11025=CARTESIAN_POINT('',(156.307543346692,1215.,2120.07900771601));
#11026=CARTESIAN_POINT('',(155.305906005725,1290.,2106.11488502115));
#11027=CARTESIAN_POINT('',(185.255240183443,1290.,2104.37207627909));
#11028=CARTESIAN_POINT('',(187.102077219611,1290.,2149.33614013265));
#11029=CARTESIAN_POINT('',(170.555992932009,1290.,2119.16858952339));
#11030=CARTESIAN_POINT('',(172.137013375974,1290.,2150.35930392984));
#11031=CARTESIAN_POINT('',(187.102077219611,1290.,2149.33614013265));
#11032=CARTESIAN_POINT('',(185.255240183443,1290.,2104.37207627909));
#11033=CARTESIAN_POINT('',(155.305906005725,1290.,2106.11488502115));
#11034=CARTESIAN_POINT('',(156.307543346692,1290.,2120.07900771601));
#11035=CARTESIAN_POINT('',(170.555992932009,1260.,2119.16858952339));
#11036=CARTESIAN_POINT('',(172.137013375974,1260.,2150.35930392984));
#11037=CARTESIAN_POINT('',(187.102077219611,1260.,2149.33614013265));
#11038=CARTESIAN_POINT('',(185.255240183443,1260.,2104.37207627909));
#11039=CARTESIAN_POINT('',(155.305906005725,1260.,2106.11488502115));
#11040=CARTESIAN_POINT('',(156.307543346692,1260.,2120.07900771601));
#11041=CARTESIAN_POINT('',(155.305906005725,1335.,2106.11488502115));
#11042=CARTESIAN_POINT('',(185.255240183443,1335.,2104.37207627909));
#11043=CARTESIAN_POINT('',(187.102077219611,1335.,2149.33614013265));
#11044=CARTESIAN_POINT('',(170.555992932009,1335.,2119.16858952339));
#11045=CARTESIAN_POINT('',(172.137013375974,1335.,2150.35930392984));
#11046=CARTESIAN_POINT('',(187.102077219611,1335.,2149.33614013265));
#11047=CARTESIAN_POINT('',(185.255240183443,1335.,2104.37207627909));
#11048=CARTESIAN_POINT('',(155.305906005725,1335.,2106.11488502115));
#11049=CARTESIAN_POINT('',(156.307543346692,1335.,2120.07900771601));
#11050=CARTESIAN_POINT('',(170.555992932009,1305.,2119.16858952339));
#11051=CARTESIAN_POINT('',(172.137013375974,1305.,2150.35930392984));
#11052=CARTESIAN_POINT('',(187.102077219611,1305.,2149.33614013265));
#11053=CARTESIAN_POINT('',(185.255240183443,1305.,2104.37207627909));
#11054=CARTESIAN_POINT('',(155.305906005725,1305.,2106.11488502115));
#11055=CARTESIAN_POINT('',(156.307543346692,1305.,2120.07900771601));
#11056=CARTESIAN_POINT('',(155.305906005725,390.,2106.11488502115));
#11057=CARTESIAN_POINT('',(185.255240183443,390.,2104.37207627909));
#11058=CARTESIAN_POINT('',(187.102077219611,390.,2149.33614013265));
#11059=CARTESIAN_POINT('',(170.555992932009,390.,2119.16858952339));
#11060=CARTESIAN_POINT('',(172.137013375974,390.,2150.35930392984));
#11061=CARTESIAN_POINT('',(187.102077219611,390.,2149.33614013265));
#11062=CARTESIAN_POINT('',(185.255240183443,390.,2104.37207627909));
#11063=CARTESIAN_POINT('',(155.305906005725,390.,2106.11488502115));
#11064=CARTESIAN_POINT('',(156.307543346692,390.,2120.07900771601));
#11065=CARTESIAN_POINT('',(170.555992932009,360.,2119.16858952339));
#11066=CARTESIAN_POINT('',(172.137013375974,360.,2150.35930392984));
#11067=CARTESIAN_POINT('',(187.102077219611,360.,2149.33614013265));
#11068=CARTESIAN_POINT('',(185.255240183443,360.,2104.37207627909));
#11069=CARTESIAN_POINT('',(155.305906005725,360.,2106.11488502115));
#11070=CARTESIAN_POINT('',(156.307543346692,360.,2120.07900771601));
#11071=CARTESIAN_POINT('',(155.305906005725,435.,2106.11488502115));
#11072=CARTESIAN_POINT('',(185.255240183443,435.,2104.37207627909));
#11073=CARTESIAN_POINT('',(187.102077219611,435.,2149.33614013265));
#11074=CARTESIAN_POINT('',(170.555992932009,435.,2119.16858952339));
#11075=CARTESIAN_POINT('',(172.137013375974,435.,2150.35930392984));
#11076=CARTESIAN_POINT('',(187.102077219611,435.,2149.33614013265));
#11077=CARTESIAN_POINT('',(185.255240183443,435.,2104.37207627909));
#11078=CARTESIAN_POINT('',(155.305906005725,435.,2106.11488502115));
#11079=CARTESIAN_POINT('',(156.307543346692,435.,2120.07900771601));
#11080=CARTESIAN_POINT('',(170.555992932009,405.,2119.16858952339));
#11081=CARTESIAN_POINT('',(172.137013375974,405.,2150.35930392984));
#11082=CARTESIAN_POINT('',(187.102077219611,405.,2149.33614013265));
#11083=CARTESIAN_POINT('',(185.255240183443,405.,2104.37207627909));
#11084=CARTESIAN_POINT('',(155.305906005725,405.,2106.11488502115));
#11085=CARTESIAN_POINT('',(156.307543346692,405.,2120.07900771601));
#11086=CARTESIAN_POINT('',(155.305906005725,480.,2106.11488502115));
#11087=CARTESIAN_POINT('',(185.255240183443,480.,2104.37207627909));
#11088=CARTESIAN_POINT('',(187.102077219611,480.,2149.33614013265));
#11089=CARTESIAN_POINT('',(170.555992932009,480.,2119.16858952339));
#11090=CARTESIAN_POINT('',(172.137013375974,480.,2150.35930392984));
#11091=CARTESIAN_POINT('',(187.102077219611,480.,2149.33614013265));
#11092=CARTESIAN_POINT('',(185.255240183443,480.,2104.37207627909));
#11093=CARTESIAN_POINT('',(155.305906005725,480.,2106.11488502115));
#11094=CARTESIAN_POINT('',(156.307543346692,480.,2120.07900771601));
#11095=CARTESIAN_POINT('',(170.555992932009,450.,2119.16858952339));
#11096=CARTESIAN_POINT('',(172.137013375974,450.,2150.35930392984));
#11097=CARTESIAN_POINT('',(187.102077219611,450.,2149.33614013265));
#11098=CARTESIAN_POINT('',(185.255240183443,450.,2104.37207627909));
#11099=CARTESIAN_POINT('',(155.305906005725,450.,2106.11488502115));
#11100=CARTESIAN_POINT('',(156.307543346692,450.,2120.07900771601));
#11101=CARTESIAN_POINT('',(155.305906005725,525.,2106.11488502115));
#11102=CARTESIAN_POINT('',(185.255240183443,525.,2104.37207627909));
#11103=CARTESIAN_POINT('',(187.102077219611,525.,2149.33614013265));
#11104=CARTESIAN_POINT('',(170.555992932009,525.,2119.16858952339));
#11105=CARTESIAN_POINT('',(172.137013375974,525.,2150.35930392984));
#11106=CARTESIAN_POINT('',(187.102077219611,525.,2149.33614013265));
#11107=CARTESIAN_POINT('',(185.255240183443,525.,2104.37207627909));
#11108=CARTESIAN_POINT('',(155.305906005725,525.,2106.11488502115));
#11109=CARTESIAN_POINT('',(156.307543346692,525.,2120.07900771601));
#11110=CARTESIAN_POINT('',(170.555992932009,495.,2119.16858952339));
#11111=CARTESIAN_POINT('',(172.137013375974,495.,2150.35930392984));
#11112=CARTESIAN_POINT('',(187.102077219611,495.,2149.33614013265));
#11113=CARTESIAN_POINT('',(185.255240183443,495.,2104.37207627909));
#11114=CARTESIAN_POINT('',(155.305906005725,495.,2106.11488502115));
#11115=CARTESIAN_POINT('',(156.307543346692,495.,2120.07900771601));
#11116=CARTESIAN_POINT('',(155.305906005725,300.,2106.11488502115));
#11117=CARTESIAN_POINT('',(185.255240183443,300.,2104.37207627909));
#11118=CARTESIAN_POINT('',(187.102077219611,300.,2149.33614013265));
#11119=CARTESIAN_POINT('',(170.555992932009,300.,2119.16858952339));
#11120=CARTESIAN_POINT('',(172.137013375974,300.,2150.35930392984));
#11121=CARTESIAN_POINT('',(187.102077219611,300.,2149.33614013265));
#11122=CARTESIAN_POINT('',(185.255240183443,300.,2104.37207627909));
#11123=CARTESIAN_POINT('',(155.305906005725,300.,2106.11488502115));
#11124=CARTESIAN_POINT('',(156.307543346692,300.,2120.07900771601));
#11125=CARTESIAN_POINT('',(170.555992932009,270.,2119.16858952339));
#11126=CARTESIAN_POINT('',(172.137013375974,270.,2150.35930392984));
#11127=CARTESIAN_POINT('',(187.102077219611,270.,2149.33614013265));
#11128=CARTESIAN_POINT('',(185.255240183443,270.,2104.37207627909));
#11129=CARTESIAN_POINT('',(155.305906005725,270.,2106.11488502115));
#11130=CARTESIAN_POINT('',(156.307543346692,270.,2120.07900771601));
#11131=CARTESIAN_POINT('',(155.305906005725,345.,2106.11488502115));
#11132=CARTESIAN_POINT('',(185.255240183443,345.,2104.37207627909));
#11133=CARTESIAN_POINT('',(187.102077219611,345.,2149.33614013265));
#11134=CARTESIAN_POINT('',(170.555992932009,345.,2119.16858952339));
#11135=CARTESIAN_POINT('',(172.137013375974,345.,2150.35930392984));
#11136=CARTESIAN_POINT('',(187.102077219611,345.,2149.33614013265));
#11137=CARTESIAN_POINT('',(185.255240183443,345.,2104.37207627909));
#11138=CARTESIAN_POINT('',(155.305906005725,345.,2106.11488502115));
#11139=CARTESIAN_POINT('',(156.307543346692,345.,2120.07900771601));
#11140=CARTESIAN_POINT('',(170.555992932009,315.,2119.16858952339));
#11141=CARTESIAN_POINT('',(172.137013375974,315.,2150.35930392984));
#11142=CARTESIAN_POINT('',(187.102077219611,315.,2149.33614013265));
#11143=CARTESIAN_POINT('',(185.255240183443,315.,2104.37207627909));
#11144=CARTESIAN_POINT('',(155.305906005725,315.,2106.11488502115));
#11145=CARTESIAN_POINT('',(156.307543346692,315.,2120.07900771601));
#11146=CARTESIAN_POINT('',(155.305906005725,570.,2106.11488502115));
#11147=CARTESIAN_POINT('',(185.255240183443,570.,2104.37207627909));
#11148=CARTESIAN_POINT('',(187.102077219611,570.,2149.33614013265));
#11149=CARTESIAN_POINT('',(170.555992932009,570.,2119.16858952339));
#11150=CARTESIAN_POINT('',(172.137013375974,570.,2150.35930392984));
#11151=CARTESIAN_POINT('',(187.102077219611,570.,2149.33614013265));
#11152=CARTESIAN_POINT('',(185.255240183443,570.,2104.37207627909));
#11153=CARTESIAN_POINT('',(155.305906005725,570.,2106.11488502115));
#11154=CARTESIAN_POINT('',(156.307543346692,570.,2120.07900771601));
#11155=CARTESIAN_POINT('',(170.555992932009,540.,2119.16858952339));
#11156=CARTESIAN_POINT('',(172.137013375974,540.,2150.35930392984));
#11157=CARTESIAN_POINT('',(187.102077219611,540.,2149.33614013265));
#11158=CARTESIAN_POINT('',(185.255240183443,540.,2104.37207627909));
#11159=CARTESIAN_POINT('',(155.305906005725,540.,2106.11488502115));
#11160=CARTESIAN_POINT('',(156.307543346692,540.,2120.07900771601));
#11161=CARTESIAN_POINT('',(155.305906005725,615.,2106.11488502115));
#11162=CARTESIAN_POINT('',(185.255240183443,615.,2104.37207627909));
#11163=CARTESIAN_POINT('',(187.102077219611,615.,2149.33614013265));
#11164=CARTESIAN_POINT('',(170.555992932009,615.,2119.16858952339));
#11165=CARTESIAN_POINT('',(172.137013375974,615.,2150.35930392984));
#11166=CARTESIAN_POINT('',(187.102077219611,615.,2149.33614013265));
#11167=CARTESIAN_POINT('',(185.255240183443,615.,2104.37207627909));
#11168=CARTESIAN_POINT('',(155.305906005725,615.,2106.11488502115));
#11169=CARTESIAN_POINT('',(156.307543346692,615.,2120.07900771601));
#11170=CARTESIAN_POINT('',(170.555992932009,585.,2119.16858952339));
#11171=CARTESIAN_POINT('',(172.137013375974,585.,2150.35930392984));
#11172=CARTESIAN_POINT('',(187.102077219611,585.,2149.33614013265));
#11173=CARTESIAN_POINT('',(185.255240183443,585.,2104.37207627909));
#11174=CARTESIAN_POINT('',(155.305906005725,585.,2106.11488502115));
#11175=CARTESIAN_POINT('',(156.307543346692,585.,2120.07900771601));
#11176=CARTESIAN_POINT('',(155.305906005725,660.,2106.11488502115));
#11177=CARTESIAN_POINT('',(185.255240183443,660.,2104.37207627909));
#11178=CARTESIAN_POINT('',(187.102077219611,660.,2149.33614013265));
#11179=CARTESIAN_POINT('',(170.555992932009,660.,2119.16858952339));
#11180=CARTESIAN_POINT('',(172.137013375974,660.,2150.35930392984));
#11181=CARTESIAN_POINT('',(187.102077219611,660.,2149.33614013265));
#11182=CARTESIAN_POINT('',(185.255240183443,660.,2104.37207627909));
#11183=CARTESIAN_POINT('',(155.305906005725,660.,2106.11488502115));
#11184=CARTESIAN_POINT('',(156.307543346692,660.,2120.07900771601));
#11185=CARTESIAN_POINT('',(170.555992932009,630.,2119.16858952339));
#11186=CARTESIAN_POINT('',(172.137013375974,630.,2150.35930392984));
#11187=CARTESIAN_POINT('',(187.102077219611,630.,2149.33614013265));
#11188=CARTESIAN_POINT('',(185.255240183443,630.,2104.37207627909));
#11189=CARTESIAN_POINT('',(155.305906005725,630.,2106.11488502115));
#11190=CARTESIAN_POINT('',(156.307543346692,630.,2120.07900771601));
#11191=CARTESIAN_POINT('',(155.305906005725,705.,2106.11488502115));
#11192=CARTESIAN_POINT('',(185.255240183443,705.,2104.37207627909));
#11193=CARTESIAN_POINT('',(187.102077219611,705.,2149.33614013265));
#11194=CARTESIAN_POINT('',(170.555992932009,705.,2119.16858952339));
#11195=CARTESIAN_POINT('',(172.137013375974,705.,2150.35930392984));
#11196=CARTESIAN_POINT('',(187.102077219611,705.,2149.33614013265));
#11197=CARTESIAN_POINT('',(185.255240183443,705.,2104.37207627909));
#11198=CARTESIAN_POINT('',(155.305906005725,705.,2106.11488502115));
#11199=CARTESIAN_POINT('',(156.307543346692,705.,2120.07900771601));
#11200=CARTESIAN_POINT('',(170.555992932009,675.,2119.16858952339));
#11201=CARTESIAN_POINT('',(172.137013375974,675.,2150.35930392984));
#11202=CARTESIAN_POINT('',(187.102077219611,675.,2149.33614013265));
#11203=CARTESIAN_POINT('',(185.255240183443,675.,2104.37207627909));
#11204=CARTESIAN_POINT('',(155.305906005725,675.,2106.11488502115));
#11205=CARTESIAN_POINT('',(156.307543346692,675.,2120.07900771601));
#11206=CARTESIAN_POINT('',(155.305906005725,750.,2106.11488502115));
#11207=CARTESIAN_POINT('',(185.255240183443,750.,2104.37207627909));
#11208=CARTESIAN_POINT('',(187.102077219611,750.,2149.33614013265));
#11209=CARTESIAN_POINT('',(170.555992932009,750.,2119.16858952339));
#11210=CARTESIAN_POINT('',(172.137013375974,750.,2150.35930392984));
#11211=CARTESIAN_POINT('',(187.102077219611,750.,2149.33614013265));
#11212=CARTESIAN_POINT('',(185.255240183443,750.,2104.37207627909));
#11213=CARTESIAN_POINT('',(155.305906005725,750.,2106.11488502115));
#11214=CARTESIAN_POINT('',(156.307543346692,750.,2120.07900771601));
#11215=CARTESIAN_POINT('',(170.555992932009,720.,2119.16858952339));
#11216=CARTESIAN_POINT('',(172.137013375974,720.,2150.35930392984));
#11217=CARTESIAN_POINT('',(187.102077219611,720.,2149.33614013265));
#11218=CARTESIAN_POINT('',(185.255240183443,720.,2104.37207627909));
#11219=CARTESIAN_POINT('',(155.305906005725,720.,2106.11488502115));
#11220=CARTESIAN_POINT('',(156.307543346692,720.,2120.07900771601));
#11221=CARTESIAN_POINT('',(155.305906005725,795.,2106.11488502115));
#11222=CARTESIAN_POINT('',(185.255240183443,795.,2104.37207627909));
#11223=CARTESIAN_POINT('',(187.102077219611,795.,2149.33614013265));
#11224=CARTESIAN_POINT('',(170.555992932009,795.,2119.16858952339));
#11225=CARTESIAN_POINT('',(172.137013375974,795.,2150.35930392984));
#11226=CARTESIAN_POINT('',(187.102077219611,795.,2149.33614013265));
#11227=CARTESIAN_POINT('',(185.255240183443,795.,2104.37207627909));
#11228=CARTESIAN_POINT('',(155.305906005725,795.,2106.11488502115));
#11229=CARTESIAN_POINT('',(156.307543346692,795.,2120.07900771601));
#11230=CARTESIAN_POINT('',(170.555992932009,765.,2119.16858952339));
#11231=CARTESIAN_POINT('',(172.137013375974,765.,2150.35930392984));
#11232=CARTESIAN_POINT('',(187.102077219611,765.,2149.33614013265));
#11233=CARTESIAN_POINT('',(185.255240183443,765.,2104.37207627909));
#11234=CARTESIAN_POINT('',(155.305906005725,765.,2106.11488502115));
#11235=CARTESIAN_POINT('',(156.307543346692,765.,2120.07900771601));
#11236=CARTESIAN_POINT('',(155.305906005725,840.,2106.11488502115));
#11237=CARTESIAN_POINT('',(185.255240183443,840.,2104.37207627909));
#11238=CARTESIAN_POINT('',(187.102077219611,840.,2149.33614013265));
#11239=CARTESIAN_POINT('',(170.555992932009,840.,2119.16858952339));
#11240=CARTESIAN_POINT('',(172.137013375974,840.,2150.35930392984));
#11241=CARTESIAN_POINT('',(187.102077219611,840.,2149.33614013265));
#11242=CARTESIAN_POINT('',(185.255240183443,840.,2104.37207627909));
#11243=CARTESIAN_POINT('',(155.305906005725,840.,2106.11488502115));
#11244=CARTESIAN_POINT('',(156.307543346692,840.,2120.07900771601));
#11245=CARTESIAN_POINT('',(170.555992932009,810.,2119.16858952339));
#11246=CARTESIAN_POINT('',(172.137013375974,810.,2150.35930392984));
#11247=CARTESIAN_POINT('',(187.102077219611,810.,2149.33614013265));
#11248=CARTESIAN_POINT('',(185.255240183443,810.,2104.37207627909));
#11249=CARTESIAN_POINT('',(155.305906005725,810.,2106.11488502115));
#11250=CARTESIAN_POINT('',(156.307543346692,810.,2120.07900771601));
#11251=CARTESIAN_POINT('',(155.305906005725,885.,2106.11488502115));
#11252=CARTESIAN_POINT('',(185.255240183443,885.,2104.37207627909));
#11253=CARTESIAN_POINT('',(187.102077219611,885.,2149.33614013265));
#11254=CARTESIAN_POINT('',(170.555992932009,885.,2119.16858952339));
#11255=CARTESIAN_POINT('',(172.137013375974,885.,2150.35930392984));
#11256=CARTESIAN_POINT('',(187.102077219611,885.,2149.33614013265));
#11257=CARTESIAN_POINT('',(185.255240183443,885.,2104.37207627909));
#11258=CARTESIAN_POINT('',(155.305906005725,885.,2106.11488502115));
#11259=CARTESIAN_POINT('',(156.307543346692,885.,2120.07900771601));
#11260=CARTESIAN_POINT('',(170.555992932009,855.,2119.16858952339));
#11261=CARTESIAN_POINT('',(172.137013375974,855.,2150.35930392984));
#11262=CARTESIAN_POINT('',(187.102077219611,855.,2149.33614013265));
#11263=CARTESIAN_POINT('',(185.255240183443,855.,2104.37207627909));
#11264=CARTESIAN_POINT('',(155.305906005725,855.,2106.11488502115));
#11265=CARTESIAN_POINT('',(156.307543346692,855.,2120.07900771601));
#11266=CARTESIAN_POINT('',(155.305906005725,930.,2106.11488502115));
#11267=CARTESIAN_POINT('',(185.255240183443,930.,2104.37207627909));
#11268=CARTESIAN_POINT('',(187.102077219611,930.,2149.33614013265));
#11269=CARTESIAN_POINT('',(170.555992932009,930.,2119.16858952339));
#11270=CARTESIAN_POINT('',(172.137013375974,930.,2150.35930392984));
#11271=CARTESIAN_POINT('',(187.102077219611,930.,2149.33614013265));
#11272=CARTESIAN_POINT('',(185.255240183443,930.,2104.37207627909));
#11273=CARTESIAN_POINT('',(155.305906005725,930.,2106.11488502115));
#11274=CARTESIAN_POINT('',(156.307543346692,930.,2120.07900771601));
#11275=CARTESIAN_POINT('',(170.555992932009,900.,2119.16858952339));
#11276=CARTESIAN_POINT('',(172.137013375974,900.,2150.35930392984));
#11277=CARTESIAN_POINT('',(187.102077219611,900.,2149.33614013265));
#11278=CARTESIAN_POINT('',(185.255240183443,900.,2104.37207627909));
#11279=CARTESIAN_POINT('',(155.305906005725,900.,2106.11488502115));
#11280=CARTESIAN_POINT('',(156.307543346692,900.,2120.07900771601));
#11281=CARTESIAN_POINT('',(155.305906005725,975.,2106.11488502115));
#11282=CARTESIAN_POINT('',(185.255240183443,975.,2104.37207627909));
#11283=CARTESIAN_POINT('',(187.102077219611,975.,2149.33614013265));
#11284=CARTESIAN_POINT('',(170.555992932009,975.,2119.16858952339));
#11285=CARTESIAN_POINT('',(172.137013375974,975.,2150.35930392984));
#11286=CARTESIAN_POINT('',(187.102077219611,975.,2149.33614013265));
#11287=CARTESIAN_POINT('',(185.255240183443,975.,2104.37207627909));
#11288=CARTESIAN_POINT('',(155.305906005725,975.,2106.11488502115));
#11289=CARTESIAN_POINT('',(156.307543346692,975.,2120.07900771601));
#11290=CARTESIAN_POINT('',(170.555992932009,945.,2119.16858952339));
#11291=CARTESIAN_POINT('',(172.137013375974,945.,2150.35930392984));
#11292=CARTESIAN_POINT('',(187.102077219611,945.,2149.33614013265));
#11293=CARTESIAN_POINT('',(185.255240183443,945.,2104.37207627909));
#11294=CARTESIAN_POINT('',(155.305906005725,945.,2106.11488502115));
#11295=CARTESIAN_POINT('',(156.307543346692,945.,2120.07900771601));
#11296=CARTESIAN_POINT('',(155.305906005725,1020.,2106.11488502115));
#11297=CARTESIAN_POINT('',(185.255240183443,1020.,2104.37207627909));
#11298=CARTESIAN_POINT('',(187.102077219611,1020.,2149.33614013265));
#11299=CARTESIAN_POINT('',(170.555992932009,1020.,2119.16858952339));
#11300=CARTESIAN_POINT('',(172.137013375974,1020.,2150.35930392984));
#11301=CARTESIAN_POINT('',(187.102077219611,1020.,2149.33614013265));
#11302=CARTESIAN_POINT('',(185.255240183443,1020.,2104.37207627909));
#11303=CARTESIAN_POINT('',(155.305906005725,1020.,2106.11488502115));
#11304=CARTESIAN_POINT('',(156.307543346692,1020.,2120.07900771601));
#11305=CARTESIAN_POINT('',(170.555992932009,990.,2119.16858952339));
#11306=CARTESIAN_POINT('',(172.137013375974,990.,2150.35930392984));
#11307=CARTESIAN_POINT('',(187.102077219611,990.,2149.33614013265));
#11308=CARTESIAN_POINT('',(185.255240183443,990.,2104.37207627909));
#11309=CARTESIAN_POINT('',(155.305906005725,990.,2106.11488502115));
#11310=CARTESIAN_POINT('',(156.307543346692,990.,2120.07900771601));
#11311=CARTESIAN_POINT('',(155.305906005725,1065.,2106.11488502115));
#11312=CARTESIAN_POINT('',(185.255240183443,1065.,2104.37207627909));
#11313=CARTESIAN_POINT('',(187.102077219611,1065.,2149.33614013265));
#11314=CARTESIAN_POINT('',(170.555992932009,1065.,2119.16858952339));
#11315=CARTESIAN_POINT('',(172.137013375974,1065.,2150.35930392984));
#11316=CARTESIAN_POINT('',(187.102077219611,1065.,2149.33614013265));
#11317=CARTESIAN_POINT('',(185.255240183443,1065.,2104.37207627909));
#11318=CARTESIAN_POINT('',(155.305906005725,1065.,2106.11488502115));
#11319=CARTESIAN_POINT('',(156.307543346692,1065.,2120.07900771601));
#11320=CARTESIAN_POINT('',(170.555992932009,1035.,2119.16858952339));
#11321=CARTESIAN_POINT('',(172.137013375974,1035.,2150.35930392984));
#11322=CARTESIAN_POINT('',(187.102077219611,1035.,2149.33614013265));
#11323=CARTESIAN_POINT('',(185.255240183443,1035.,2104.37207627909));
#11324=CARTESIAN_POINT('',(155.305906005725,1035.,2106.11488502115));
#11325=CARTESIAN_POINT('',(156.307543346692,1035.,2120.07900771601));
#11326=CARTESIAN_POINT('',(155.305906005725,1110.,2106.11488502115));
#11327=CARTESIAN_POINT('',(185.255240183443,1110.,2104.37207627909));
#11328=CARTESIAN_POINT('',(187.102077219611,1110.,2149.33614013265));
#11329=CARTESIAN_POINT('',(170.555992932009,1110.,2119.16858952339));
#11330=CARTESIAN_POINT('',(172.137013375974,1110.,2150.35930392984));
#11331=CARTESIAN_POINT('',(187.102077219611,1110.,2149.33614013265));
#11332=CARTESIAN_POINT('',(185.255240183443,1110.,2104.37207627909));
#11333=CARTESIAN_POINT('',(155.305906005725,1110.,2106.11488502115));
#11334=CARTESIAN_POINT('',(156.307543346692,1110.,2120.07900771601));
#11335=CARTESIAN_POINT('',(170.555992932009,1080.,2119.16858952339));
#11336=CARTESIAN_POINT('',(172.137013375974,1080.,2150.35930392984));
#11337=CARTESIAN_POINT('',(187.102077219611,1080.,2149.33614013265));
#11338=CARTESIAN_POINT('',(185.255240183443,1080.,2104.37207627909));
#11339=CARTESIAN_POINT('',(155.305906005725,1080.,2106.11488502115));
#11340=CARTESIAN_POINT('',(156.307543346692,1080.,2120.07900771601));
#11341=CARTESIAN_POINT('',(155.305906005725,165.,2106.11488502115));
#11342=CARTESIAN_POINT('',(185.255240183443,165.,2104.37207627909));
#11343=CARTESIAN_POINT('',(187.102077219611,165.,2149.33614013265));
#11344=CARTESIAN_POINT('',(170.555992932009,165.,2119.16858952339));
#11345=CARTESIAN_POINT('',(172.137013375974,165.,2150.35930392984));
#11346=CARTESIAN_POINT('',(187.102077219611,165.,2149.33614013265));
#11347=CARTESIAN_POINT('',(185.255240183443,165.,2104.37207627909));
#11348=CARTESIAN_POINT('',(155.305906005725,165.,2106.11488502115));
#11349=CARTESIAN_POINT('',(156.307543346692,165.,2120.07900771601));
#11350=CARTESIAN_POINT('',(170.555992932009,135.,2119.16858952339));
#11351=CARTESIAN_POINT('',(172.137013375974,135.,2150.35930392984));
#11352=CARTESIAN_POINT('',(187.102077219611,135.,2149.33614013265));
#11353=CARTESIAN_POINT('',(185.255240183443,135.,2104.37207627909));
#11354=CARTESIAN_POINT('',(155.305906005725,135.,2106.11488502115));
#11355=CARTESIAN_POINT('',(156.307543346692,135.,2120.07900771601));
#11356=CARTESIAN_POINT('',(155.305906005725,210.,2106.11488502115));
#11357=CARTESIAN_POINT('',(185.255240183443,210.,2104.37207627909));
#11358=CARTESIAN_POINT('',(187.102077219611,210.,2149.33614013265));
#11359=CARTESIAN_POINT('',(170.555992932009,210.,2119.16858952339));
#11360=CARTESIAN_POINT('',(172.137013375974,210.,2150.35930392984));
#11361=CARTESIAN_POINT('',(187.102077219611,210.,2149.33614013265));
#11362=CARTESIAN_POINT('',(185.255240183443,210.,2104.37207627909));
#11363=CARTESIAN_POINT('',(155.305906005725,210.,2106.11488502115));
#11364=CARTESIAN_POINT('',(156.307543346692,210.,2120.07900771601));
#11365=CARTESIAN_POINT('',(170.555992932009,180.,2119.16858952339));
#11366=CARTESIAN_POINT('',(172.137013375974,180.,2150.35930392984));
#11367=CARTESIAN_POINT('',(187.102077219611,180.,2149.33614013265));
#11368=CARTESIAN_POINT('',(185.255240183443,180.,2104.37207627909));
#11369=CARTESIAN_POINT('',(155.305906005725,180.,2106.11488502115));
#11370=CARTESIAN_POINT('',(156.307543346692,180.,2120.07900771601));
#11371=CARTESIAN_POINT('',(155.305906005725,255.,2106.11488502115));
#11372=CARTESIAN_POINT('',(185.255240183443,255.,2104.37207627909));
#11373=CARTESIAN_POINT('',(187.102077219611,255.,2149.33614013265));
#11374=CARTESIAN_POINT('',(170.555992932009,255.,2119.16858952339));
#11375=CARTESIAN_POINT('',(172.137013375974,255.,2150.35930392984));
#11376=CARTESIAN_POINT('',(187.102077219611,255.,2149.33614013265));
#11377=CARTESIAN_POINT('',(185.255240183443,255.,2104.37207627909));
#11378=CARTESIAN_POINT('',(155.305906005725,255.,2106.11488502115));
#11379=CARTESIAN_POINT('',(156.307543346692,255.,2120.07900771601));
#11380=CARTESIAN_POINT('',(170.555992932009,225.,2119.16858952339));
#11381=CARTESIAN_POINT('',(172.137013375974,225.,2150.35930392984));
#11382=CARTESIAN_POINT('',(187.102077219611,225.,2149.33614013265));
#11383=CARTESIAN_POINT('',(185.255240183443,225.,2104.37207627909));
#11384=CARTESIAN_POINT('',(155.305906005725,225.,2106.11488502115));
#11385=CARTESIAN_POINT('',(156.307543346692,225.,2120.07900771601));
#11386=CARTESIAN_POINT('',(155.305906005725,30.,2106.11488502115));
#11387=CARTESIAN_POINT('',(185.255240183443,30.,2104.37207627909));
#11388=CARTESIAN_POINT('',(187.102077219611,30.,2149.33614013265));
#11389=CARTESIAN_POINT('',(170.555992932009,30.,2119.16858952339));
#11390=CARTESIAN_POINT('',(172.137013375974,30.,2150.35930392984));
#11391=CARTESIAN_POINT('',(187.102077219611,30.,2149.33614013265));
#11392=CARTESIAN_POINT('',(185.255240183443,30.,2104.37207627909));
#11393=CARTESIAN_POINT('',(155.305906005725,30.,2106.11488502115));
#11394=CARTESIAN_POINT('',(156.307543346692,30.,2120.07900771601));
#11395=CARTESIAN_POINT('',(185.255240183443,0.,2104.37207627909));
#11396=CARTESIAN_POINT('',(155.305906005725,0.,2106.11488502115));
#11397=CARTESIAN_POINT('',(155.305906005725,75.,2106.11488502115));
#11398=CARTESIAN_POINT('',(185.255240183443,75.,2104.37207627909));
#11399=CARTESIAN_POINT('',(187.102077219611,75.,2149.33614013265));
#11400=CARTESIAN_POINT('',(170.555992932009,75.,2119.16858952339));
#11401=CARTESIAN_POINT('',(172.137013375974,75.,2150.35930392984));
#11402=CARTESIAN_POINT('',(187.102077219611,75.,2149.33614013265));
#11403=CARTESIAN_POINT('',(185.255240183443,75.,2104.37207627909));
#11404=CARTESIAN_POINT('',(155.305906005725,75.,2106.11488502115));
#11405=CARTESIAN_POINT('',(156.307543346692,75.,2120.07900771601));
#11406=CARTESIAN_POINT('',(170.555992932009,45.,2119.16858952339));
#11407=CARTESIAN_POINT('',(172.137013375974,45.,2150.35930392984));
#11408=CARTESIAN_POINT('',(187.102077219611,45.,2149.33614013265));
#11409=CARTESIAN_POINT('',(185.255240183443,45.,2104.37207627909));
#11410=CARTESIAN_POINT('',(155.305906005725,45.,2106.11488502115));
#11411=CARTESIAN_POINT('',(156.307543346692,45.,2120.07900771601));
#11412=CARTESIAN_POINT('',(155.305906005725,120.,2106.11488502115));
#11413=CARTESIAN_POINT('',(185.255240183443,120.,2104.37207627909));
#11414=CARTESIAN_POINT('',(187.102077219611,120.,2149.33614013265));
#11415=CARTESIAN_POINT('',(170.555992932009,120.,2119.16858952339));
#11416=CARTESIAN_POINT('',(172.137013375974,120.,2150.35930392984));
#11417=CARTESIAN_POINT('',(187.102077219611,120.,2149.33614013265));
#11418=CARTESIAN_POINT('',(185.255240183443,120.,2104.37207627909));
#11419=CARTESIAN_POINT('',(155.305906005725,120.,2106.11488502115));
#11420=CARTESIAN_POINT('',(156.307543346692,120.,2120.07900771601));
#11421=CARTESIAN_POINT('',(170.555992932009,90.,2119.16858952339));
#11422=CARTESIAN_POINT('',(172.137013375974,90.,2150.35930392984));
#11423=CARTESIAN_POINT('',(187.102077219611,90.,2149.33614013265));
#11424=CARTESIAN_POINT('',(185.255240183443,90.,2104.37207627909));
#11425=CARTESIAN_POINT('',(155.305906005725,90.,2106.11488502115));
#11426=CARTESIAN_POINT('',(156.307543346692,90.,2120.07900771601));
#11427=CARTESIAN_POINT('',(187.102077219611,2000.,2149.33614013265));
#11428=CARTESIAN_POINT('',(172.137013375974,2000.,2150.35930392984));
#11429=CARTESIAN_POINT('',(170.555992932009,2000.,2119.16858952339));
#11430=CARTESIAN_POINT('',(156.307543346692,2000.,2120.07900771601));
#11431=CARTESIAN_POINT('',(187.102077219611,2000.,2149.33614013265));
#11432=CARTESIAN_POINT('',(172.137013375974,2000.,2150.35930392984));
#11433=CARTESIAN_POINT('',(170.555992932009,2000.,2119.16858952339));
#11434=CARTESIAN_POINT('',(156.307543346692,2000.,2120.07900771601));
#11435=CARTESIAN_POINT('',(187.102077219611,2000.,2149.33614013265));
#11436=CARTESIAN_POINT('',(172.137013375974,2000.,2150.35930392984));
#11437=CARTESIAN_POINT('',(170.555992932009,2000.,2119.16858952339));
#11438=CARTESIAN_POINT('',(156.307543346692,2000.,2120.07900771601));
#11439=CARTESIAN_POINT('',(187.102077219611,2000.,2149.33614013265));
#11440=CARTESIAN_POINT('',(172.137013375974,2000.,2150.35930392984));
#11441=CARTESIAN_POINT('',(170.555992932009,2000.,2119.16858952339));
#11442=CARTESIAN_POINT('',(156.307543346692,2000.,2120.07900771601));
#11443=CARTESIAN_POINT('',(187.102077219611,2000.,2149.33614013265));
#11444=CARTESIAN_POINT('',(172.137013375974,2000.,2150.35930392984));
#11445=CARTESIAN_POINT('',(170.555992932009,2000.,2119.16858952339));
#11446=CARTESIAN_POINT('',(156.307543346692,2000.,2120.07900771601));
#11447=CARTESIAN_POINT('',(187.102077219611,2000.,2149.33614013265));
#11448=CARTESIAN_POINT('',(172.137013375974,2000.,2150.35930392984));
#11449=CARTESIAN_POINT('',(170.555992932009,2000.,2119.16858952339));
#11450=CARTESIAN_POINT('',(156.307543346692,2000.,2120.07900771601));
#11451=CARTESIAN_POINT('',(187.102077219611,2000.,2149.33614013265));
#11452=CARTESIAN_POINT('',(172.137013375974,2000.,2150.35930392984));
#11453=CARTESIAN_POINT('',(170.555992932009,2000.,2119.16858952339));
#11454=CARTESIAN_POINT('',(156.307543346692,2000.,2120.07900771601));
#11455=CARTESIAN_POINT('',(187.102077219611,2000.,2149.33614013265));
#11456=CARTESIAN_POINT('',(172.137013375974,2000.,2150.35930392984));
#11457=CARTESIAN_POINT('',(170.555992932009,2000.,2119.16858952339));
#11458=CARTESIAN_POINT('',(156.307543346692,2000.,2120.07900771601));
#11459=CARTESIAN_POINT('',(187.102077219611,2000.,2149.33614013265));
#11460=CARTESIAN_POINT('',(172.137013375974,2000.,2150.35930392984));
#11461=CARTESIAN_POINT('',(170.555992932009,2000.,2119.16858952339));
#11462=CARTESIAN_POINT('',(156.307543346692,2000.,2120.07900771601));
#11463=CARTESIAN_POINT('',(187.102077219611,2000.,2149.33614013265));
#11464=CARTESIAN_POINT('',(172.137013375974,2000.,2150.35930392984));
#11465=CARTESIAN_POINT('',(170.555992932009,2000.,2119.16858952339));
#11466=CARTESIAN_POINT('',(156.307543346692,2000.,2120.07900771601));
#11467=CARTESIAN_POINT('',(187.102077219611,2000.,2149.33614013265));
#11468=CARTESIAN_POINT('',(172.137013375974,2000.,2150.35930392984));
#11469=CARTESIAN_POINT('',(170.555992932009,2000.,2119.16858952339));
#11470=CARTESIAN_POINT('',(156.307543346692,2000.,2120.07900771601));
#11471=CARTESIAN_POINT('',(187.102077219611,2000.,2149.33614013265));
#11472=CARTESIAN_POINT('',(172.137013375974,2000.,2150.35930392984));
#11473=CARTESIAN_POINT('',(170.555992932009,2000.,2119.16858952339));
#11474=CARTESIAN_POINT('',(156.307543346692,2000.,2120.07900771601));
#11475=CARTESIAN_POINT('',(187.102077219611,2000.,2149.33614013265));
#11476=CARTESIAN_POINT('',(172.137013375974,2000.,2150.35930392984));
#11477=CARTESIAN_POINT('',(170.555992932009,2000.,2119.16858952339));
#11478=CARTESIAN_POINT('',(156.307543346692,2000.,2120.07900771601));
#11479=CARTESIAN_POINT('',(187.102077219611,2000.,2149.33614013265));
#11480=CARTESIAN_POINT('',(172.137013375974,2000.,2150.35930392984));
#11481=CARTESIAN_POINT('',(170.555992932009,2000.,2119.16858952339));
#11482=CARTESIAN_POINT('',(156.307543346692,2000.,2120.07900771601));
#11483=CARTESIAN_POINT('',(187.102077219611,2000.,2149.33614013265));
#11484=CARTESIAN_POINT('',(172.137013375974,2000.,2150.35930392984));
#11485=CARTESIAN_POINT('',(170.555992932009,2000.,2119.16858952339));
#11486=CARTESIAN_POINT('',(156.307543346692,2000.,2120.07900771601));
#11487=CARTESIAN_POINT('',(187.102077219611,2000.,2149.33614013265));
#11488=CARTESIAN_POINT('',(172.137013375974,2000.,2150.35930392984));
#11489=CARTESIAN_POINT('',(170.555992932009,2000.,2119.16858952339));
#11490=CARTESIAN_POINT('',(156.307543346692,2000.,2120.07900771601));
#11491=CARTESIAN_POINT('',(187.102077219611,2000.,2149.33614013265));
#11492=CARTESIAN_POINT('',(172.137013375974,2000.,2150.35930392984));
#11493=CARTESIAN_POINT('',(170.555992932009,2000.,2119.16858952339));
#11494=CARTESIAN_POINT('',(156.307543346692,2000.,2120.07900771601));
#11495=CARTESIAN_POINT('',(187.102077219611,2000.,2149.33614013265));
#11496=CARTESIAN_POINT('',(172.137013375974,2000.,2150.35930392984));
#11497=CARTESIAN_POINT('',(170.555992932009,2000.,2119.16858952339));
#11498=CARTESIAN_POINT('',(156.307543346692,2000.,2120.07900771601));
#11499=CARTESIAN_POINT('',(187.102077219611,2000.,2149.33614013265));
#11500=CARTESIAN_POINT('',(172.137013375974,2000.,2150.35930392984));
#11501=CARTESIAN_POINT('',(170.555992932009,2000.,2119.16858952339));
#11502=CARTESIAN_POINT('',(156.307543346692,2000.,2120.07900771601));
#11503=CARTESIAN_POINT('',(187.102077219611,2000.,2149.33614013265));
#11504=CARTESIAN_POINT('',(172.137013375974,2000.,2150.35930392984));
#11505=CARTESIAN_POINT('',(170.555992932009,2000.,2119.16858952339));
#11506=CARTESIAN_POINT('',(156.307543346692,2000.,2120.07900771601));
#11507=CARTESIAN_POINT('',(187.102077219611,2000.,2149.33614013265));
#11508=CARTESIAN_POINT('',(172.137013375974,2000.,2150.35930392984));
#11509=CARTESIAN_POINT('',(170.555992932009,2000.,2119.16858952339));
#11510=CARTESIAN_POINT('',(156.307543346692,2000.,2120.07900771601));
#11511=CARTESIAN_POINT('',(187.102077219611,2000.,2149.33614013265));
#11512=CARTESIAN_POINT('',(172.137013375974,2000.,2150.35930392984));
#11513=CARTESIAN_POINT('',(170.555992932009,2000.,2119.16858952339));
#11514=CARTESIAN_POINT('',(156.307543346692,2000.,2120.07900771601));
#11515=CARTESIAN_POINT('',(187.102077219611,2000.,2149.33614013265));
#11516=CARTESIAN_POINT('',(172.137013375974,2000.,2150.35930392984));
#11517=CARTESIAN_POINT('',(170.555992932009,2000.,2119.16858952339));
#11518=CARTESIAN_POINT('',(156.307543346692,2000.,2120.07900771601));
#11519=CARTESIAN_POINT('',(187.102077219611,2000.,2149.33614013265));
#11520=CARTESIAN_POINT('',(172.137013375974,2000.,2150.35930392984));
#11521=CARTESIAN_POINT('',(170.555992932009,2000.,2119.16858952339));
#11522=CARTESIAN_POINT('',(156.307543346692,2000.,2120.07900771601));
#11523=CARTESIAN_POINT('',(187.102077219611,2000.,2149.33614013265));
#11524=CARTESIAN_POINT('',(172.137013375974,2000.,2150.35930392984));
#11525=CARTESIAN_POINT('',(170.555992932009,2000.,2119.16858952339));
#11526=CARTESIAN_POINT('',(156.307543346692,2000.,2120.07900771601));
#11527=CARTESIAN_POINT('',(187.102077219611,2000.,2149.33614013265));
#11528=CARTESIAN_POINT('',(172.137013375974,2000.,2150.35930392984));
#11529=CARTESIAN_POINT('',(170.555992932009,2000.,2119.16858952339));
#11530=CARTESIAN_POINT('',(156.307543346692,2000.,2120.07900771601));
#11531=CARTESIAN_POINT('',(187.102077219611,2000.,2149.33614013265));
#11532=CARTESIAN_POINT('',(172.137013375974,2000.,2150.35930392984));
#11533=CARTESIAN_POINT('',(170.555992932009,2000.,2119.16858952339));
#11534=CARTESIAN_POINT('',(156.307543346692,2000.,2120.07900771601));
#11535=CARTESIAN_POINT('',(187.102077219611,2000.,2149.33614013265));
#11536=CARTESIAN_POINT('',(172.137013375974,2000.,2150.35930392984));
#11537=CARTESIAN_POINT('',(170.555992932009,2000.,2119.16858952339));
#11538=CARTESIAN_POINT('',(156.307543346692,2000.,2120.07900771601));
#11539=CARTESIAN_POINT('',(187.102077219611,2000.,2149.33614013265));
#11540=CARTESIAN_POINT('',(172.137013375974,2000.,2150.35930392984));
#11541=CARTESIAN_POINT('',(170.555992932009,2000.,2119.16858952339));
#11542=CARTESIAN_POINT('',(156.307543346692,2000.,2120.07900771601));
#11543=CARTESIAN_POINT('',(187.102077219611,2000.,2149.33614013265));
#11544=CARTESIAN_POINT('',(172.137013375974,2000.,2150.35930392984));
#11545=CARTESIAN_POINT('',(170.555992932009,2000.,2119.16858952339));
#11546=CARTESIAN_POINT('',(156.307543346692,2000.,2120.07900771601));
#11547=CARTESIAN_POINT('',(187.102077219611,2000.,2149.33614013265));
#11548=CARTESIAN_POINT('',(172.137013375974,2000.,2150.35930392984));
#11549=CARTESIAN_POINT('',(170.555992932009,2000.,2119.16858952339));
#11550=CARTESIAN_POINT('',(156.307543346692,2000.,2120.07900771601));
#11551=CARTESIAN_POINT('',(187.102077219611,2000.,2149.33614013265));
#11552=CARTESIAN_POINT('',(172.137013375974,2000.,2150.35930392984));
#11553=CARTESIAN_POINT('',(170.555992932009,2000.,2119.16858952339));
#11554=CARTESIAN_POINT('',(156.307543346692,2000.,2120.07900771601));
#11555=CARTESIAN_POINT('',(187.102077219611,2000.,2149.33614013265));
#11556=CARTESIAN_POINT('',(172.137013375974,2000.,2150.35930392984));
#11557=CARTESIAN_POINT('',(170.555992932009,2000.,2119.16858952339));
#11558=CARTESIAN_POINT('',(156.307543346692,2000.,2120.07900771601));
#11559=CARTESIAN_POINT('',(187.102077219611,2000.,2149.33614013265));
#11560=CARTESIAN_POINT('',(172.137013375974,2000.,2150.35930392984));
#11561=CARTESIAN_POINT('',(170.555992932009,2000.,2119.16858952339));
#11562=CARTESIAN_POINT('',(156.307543346692,2000.,2120.07900771601));
#11563=CARTESIAN_POINT('',(187.102077219611,2000.,2149.33614013265));
#11564=CARTESIAN_POINT('',(172.137013375974,2000.,2150.35930392984));
#11565=CARTESIAN_POINT('',(170.555992932009,2000.,2119.16858952339));
#11566=CARTESIAN_POINT('',(156.307543346692,2000.,2120.07900771601));
#11567=CARTESIAN_POINT('',(187.102077219611,2000.,2149.33614013265));
#11568=CARTESIAN_POINT('',(172.137013375974,2000.,2150.35930392984));
#11569=CARTESIAN_POINT('',(170.555992932009,2000.,2119.16858952339));
#11570=CARTESIAN_POINT('',(156.307543346692,2000.,2120.07900771601));
#11571=CARTESIAN_POINT('',(187.102077219611,2000.,2149.33614013265));
#11572=CARTESIAN_POINT('',(172.137013375974,2000.,2150.35930392984));
#11573=CARTESIAN_POINT('',(170.555992932009,2000.,2119.16858952339));
#11574=CARTESIAN_POINT('',(156.307543346692,2000.,2120.07900771601));
#11575=CARTESIAN_POINT('',(187.102077219611,2000.,2149.33614013265));
#11576=CARTESIAN_POINT('',(172.137013375974,2000.,2150.35930392984));
#11577=CARTESIAN_POINT('',(170.555992932009,2000.,2119.16858952339));
#11578=CARTESIAN_POINT('',(156.307543346692,2000.,2120.07900771601));
#11579=CARTESIAN_POINT('',(187.102077219611,2000.,2149.33614013265));
#11580=CARTESIAN_POINT('',(172.137013375974,2000.,2150.35930392984));
#11581=CARTESIAN_POINT('',(170.555992932009,2000.,2119.16858952339));
#11582=CARTESIAN_POINT('',(156.307543346692,2000.,2120.07900771601));
#11583=CARTESIAN_POINT('',(187.102077219611,2000.,2149.33614013265));
#11584=CARTESIAN_POINT('',(172.137013375974,2000.,2150.35930392984));
#11585=CARTESIAN_POINT('',(170.555992932009,2000.,2119.16858952339));
#11586=CARTESIAN_POINT('',(156.307543346692,2000.,2120.07900771601));
#11587=CARTESIAN_POINT('',(187.102077219611,2000.,2149.33614013265));
#11588=CARTESIAN_POINT('',(172.137013375974,2000.,2150.35930392984));
#11589=CARTESIAN_POINT('',(170.555992932009,2000.,2119.16858952339));
#11590=CARTESIAN_POINT('',(156.307543346692,2000.,2120.07900771601));
#11591=CARTESIAN_POINT('',(187.102077219611,2000.,2149.33614013265));
#11592=CARTESIAN_POINT('',(172.137013375974,2000.,2150.35930392984));
#11593=CARTESIAN_POINT('',(170.555992932009,2000.,2119.16858952339));
#11594=CARTESIAN_POINT('',(156.307543346692,2000.,2120.07900771601));
#11595=CARTESIAN_POINT('',(187.102077219611,2000.,2149.33614013265));
#11596=CARTESIAN_POINT('',(172.137013375974,2000.,2150.35930392984));
#11597=CARTESIAN_POINT('',(170.555992932009,2000.,2119.16858952339));
#11598=CARTESIAN_POINT('',(156.307543346692,2000.,2120.07900771601));
#11599=CARTESIAN_POINT('',(187.102077219611,2000.,2149.33614013265));
#11600=CARTESIAN_POINT('',(172.137013375974,2000.,2150.35930392984));
#11601=CARTESIAN_POINT('',(170.555992932009,2000.,2119.16858952339));
#11602=CARTESIAN_POINT('',(156.307543346692,2000.,2120.07900771601));
#11603=CARTESIAN_POINT('',(122.16388,2000.,2098.521389));
#11604=CARTESIAN_POINT('',(143.449627,2000.,2140.941921));
#11605=CARTESIAN_POINT('',(209.594754121568,2000.,2200.15382145485));
#11606=CARTESIAN_POINT('',(317.914653,2000.,2203.359907));
#11607=CARTESIAN_POINT('',(373.187811532139,2000.,2249.5));
#11608=CARTESIAN_POINT('',(403.777409436161,2000.,2249.5));
#11609=CARTESIAN_POINT('',(405.584932651008,2000.,2131.62398033761));
#11610=CARTESIAN_POINT('',(395.616740745494,2000.,2218.84247295631));
#11611=CARTESIAN_POINT('',(218.661750255234,2000.,2309.28949172951));
#11612=CARTESIAN_POINT('',(377.271097959516,2000.,2222.50913522724));
#11613=CARTESIAN_POINT('',(368.315885,2000.,2221.574065));
#11614=CARTESIAN_POINT('',(366.788888,2000.,2211.030516));
#11615=CARTESIAN_POINT('',(320.540063536893,2000.,2213.80049935507));
#11616=CARTESIAN_POINT('',(346.175161645769,2000.,2206.10814493357));
#11617=CARTESIAN_POINT('',(349.691134123805,2000.,2202.02424202188));
#11618=CARTESIAN_POINT('',(342.473705760506,2000.,2199.17339483978));
#11619=CARTESIAN_POINT('',(342.35785695392,2000.,2200.7607686337));
#11620=CARTESIAN_POINT('',(340.170137,2000.,2179.466252));
#11621=CARTESIAN_POINT('',(323.420137,2000.,2179.466252));
#11622=CARTESIAN_POINT('',(312.054698926339,2000.,2174.3021561078));
#11623=CARTESIAN_POINT('',(312.05469892634,2000.,2186.59057));
#11624=CARTESIAN_POINT('',(225.162452550721,2000.,2178.0075533829));
#11625=CARTESIAN_POINT('',(217.308217344646,2000.,2181.46864621278));
#11626=CARTESIAN_POINT('',(215.780239,2000.,2178.001215));
#11627=CARTESIAN_POINT('',(205.280239,2000.,2178.001215));
#11628=CARTESIAN_POINT('',(188.332249320269,2000.,2168.08964360552));
#11629=CARTESIAN_POINT('',(196.03009300001,2000.,2154.922578));
#11630=CARTESIAN_POINT('',(195.224614,2000.,2148.780801));
#11631=CARTESIAN_POINT('',(155.305906005725,2000.,2106.11488502115));
#11632=CARTESIAN_POINT('',(154.646959669485,2000.,2095.696323074));
#11633=CARTESIAN_POINT('',(154.772937690835,2000.,2085.97508715376));
#11634=CARTESIAN_POINT('',(146.346804998485,2000.,2086.32412500256));
#11635=CARTESIAN_POINT('',(136.846805,2000.,2086.324125));
#11636=CARTESIAN_POINT('',(135.853807,2000.,2066.540548));
#11637=CARTESIAN_POINT('',(122.333756,2000.,2065.776704));
#11638=CARTESIAN_POINT('',(121.015488,2000.,2049.354043));
#11639=CARTESIAN_POINT('',(103.080454,2000.,2049.354043));
#11640=CARTESIAN_POINT('',(103.080454,2000.,2084.12703397471));
#11641=CARTESIAN_POINT('',(405.584932651008,2000.,2131.62398033761));
#11642=CARTESIAN_POINT('',(405.584932651008,9.66338120633736E-013,
2131.62398033761));
#11643=CARTESIAN_POINT('',(155.305906005725,1875.,2106.11488502115));
#11644=CARTESIAN_POINT('',(185.255240183443,1875.,2104.37207627909));
#11645=CARTESIAN_POINT('',(0.,1875.,0.));
#11646=CARTESIAN_POINT('',(0.,1845.,-0.));
#11647=CARTESIAN_POINT('',(155.305906005725,1920.,2106.11488502115));
#11648=CARTESIAN_POINT('',(185.255240183443,1920.,2104.37207627909));
#11649=CARTESIAN_POINT('',(0.,1920.,0.));
#11650=CARTESIAN_POINT('',(0.,1890.,-0.));
#11651=CARTESIAN_POINT('',(155.305906005725,1965.,2106.11488502115));
#11652=CARTESIAN_POINT('',(185.255240183443,1965.,2104.37207627909));
#11653=CARTESIAN_POINT('',(0.,1965.,0.));
#11654=CARTESIAN_POINT('',(0.,1935.,-0.));
#11655=CARTESIAN_POINT('',(155.305906005725,2000.,2106.11488502115));
#11656=CARTESIAN_POINT('',(185.255240183443,2000.,2104.37207627909));
#11657=CARTESIAN_POINT('',(0.,1980.,-0.));
#11658=CARTESIAN_POINT('',(155.305906005725,1380.,2106.11488502115));
#11659=CARTESIAN_POINT('',(185.255240183443,1380.,2104.37207627909));
#11660=CARTESIAN_POINT('',(0.,1380.,0.));
#11661=CARTESIAN_POINT('',(0.,1350.,-0.));
#11662=CARTESIAN_POINT('',(155.305906005725,1425.,2106.11488502115));
#11663=CARTESIAN_POINT('',(185.255240183443,1425.,2104.37207627909));
#11664=CARTESIAN_POINT('',(0.,1425.,0.));
#11665=CARTESIAN_POINT('',(0.,1395.,-0.));
#11666=CARTESIAN_POINT('',(155.305906005725,1470.,2106.11488502115));
#11667=CARTESIAN_POINT('',(185.255240183443,1470.,2104.37207627909));
#11668=CARTESIAN_POINT('',(0.,1470.,0.));
#11669=CARTESIAN_POINT('',(0.,1440.,-0.));
#11670=CARTESIAN_POINT('',(155.305906005725,1515.,2106.11488502115));
#11671=CARTESIAN_POINT('',(185.255240183443,1515.,2104.37207627909));
#11672=CARTESIAN_POINT('',(0.,1515.,0.));
#11673=CARTESIAN_POINT('',(0.,1485.,-0.));
#11674=CARTESIAN_POINT('',(155.305906005725,1560.,2106.11488502115));
#11675=CARTESIAN_POINT('',(185.255240183443,1560.,2104.37207627909));
#11676=CARTESIAN_POINT('',(0.,1560.,0.));
#11677=CARTESIAN_POINT('',(0.,1530.,-0.));
#11678=CARTESIAN_POINT('',(155.305906005725,1605.,2106.11488502115));
#11679=CARTESIAN_POINT('',(185.255240183443,1605.,2104.37207627909));
#11680=CARTESIAN_POINT('',(0.,1605.,0.));
#11681=CARTESIAN_POINT('',(0.,1575.,-0.));
#11682=CARTESIAN_POINT('',(155.305906005725,1650.,2106.11488502115));
#11683=CARTESIAN_POINT('',(185.255240183443,1650.,2104.37207627909));
#11684=CARTESIAN_POINT('',(0.,1650.,0.));
#11685=CARTESIAN_POINT('',(0.,1620.,-0.));
#11686=CARTESIAN_POINT('',(155.305906005725,1695.,2106.11488502115));
#11687=CARTESIAN_POINT('',(185.255240183443,1695.,2104.37207627909));
#11688=CARTESIAN_POINT('',(0.,1695.,0.));
#11689=CARTESIAN_POINT('',(0.,1665.,-0.));
#11690=CARTESIAN_POINT('',(155.305906005725,1740.,2106.11488502115));
#11691=CARTESIAN_POINT('',(185.255240183443,1740.,2104.37207627909));
#11692=CARTESIAN_POINT('',(0.,1740.,0.));
#11693=CARTESIAN_POINT('',(0.,1710.,-0.));
#11694=CARTESIAN_POINT('',(155.305906005725,1785.,2106.11488502115));
#11695=CARTESIAN_POINT('',(185.255240183443,1785.,2104.37207627909));
#11696=CARTESIAN_POINT('',(0.,1785.,0.));
#11697=CARTESIAN_POINT('',(0.,1755.,-0.));
#11698=CARTESIAN_POINT('',(155.305906005725,1830.,2106.11488502115));
#11699=CARTESIAN_POINT('',(185.255240183443,1830.,2104.37207627909));
#11700=CARTESIAN_POINT('',(0.,1830.,0.));
#11701=CARTESIAN_POINT('',(0.,1800.,-0.));
#11702=CARTESIAN_POINT('',(155.305906005725,1155.,2106.11488502115));
#11703=CARTESIAN_POINT('',(185.255240183443,1155.,2104.37207627909));
#11704=CARTESIAN_POINT('',(0.,1155.,0.));
#11705=CARTESIAN_POINT('',(0.,1125.,-0.));
#11706=CARTESIAN_POINT('',(155.305906005725,1200.,2106.11488502115));
#11707=CARTESIAN_POINT('',(185.255240183443,1200.,2104.37207627909));
#11708=CARTESIAN_POINT('',(0.,1200.,0.));
#11709=CARTESIAN_POINT('',(0.,1170.,-0.));
#11710=CARTESIAN_POINT('',(155.305906005725,1245.,2106.11488502115));
#11711=CARTESIAN_POINT('',(185.255240183443,1245.,2104.37207627909));
#11712=CARTESIAN_POINT('',(0.,1245.,0.));
#11713=CARTESIAN_POINT('',(0.,1215.,-0.));
#11714=CARTESIAN_POINT('',(155.305906005725,1290.,2106.11488502115));
#11715=CARTESIAN_POINT('',(185.255240183443,1290.,2104.37207627909));
#11716=CARTESIAN_POINT('',(0.,1290.,0.));
#11717=CARTESIAN_POINT('',(0.,1260.,-0.));
#11718=CARTESIAN_POINT('',(155.305906005725,1335.,2106.11488502115));
#11719=CARTESIAN_POINT('',(185.255240183443,1335.,2104.37207627909));
#11720=CARTESIAN_POINT('',(0.,1335.,0.));
#11721=CARTESIAN_POINT('',(0.,1305.,-0.));
#11722=CARTESIAN_POINT('',(155.305906005725,390.,2106.11488502115));
#11723=CARTESIAN_POINT('',(185.255240183443,390.,2104.37207627909));
#11724=CARTESIAN_POINT('',(0.,390.,0.));
#11725=CARTESIAN_POINT('',(0.,360.,-0.));
#11726=CARTESIAN_POINT('',(155.305906005725,435.,2106.11488502115));
#11727=CARTESIAN_POINT('',(185.255240183443,435.,2104.37207627909));
#11728=CARTESIAN_POINT('',(0.,435.,0.));
#11729=CARTESIAN_POINT('',(0.,405.,-0.));
#11730=CARTESIAN_POINT('',(155.305906005725,480.,2106.11488502115));
#11731=CARTESIAN_POINT('',(185.255240183443,480.,2104.37207627909));
#11732=CARTESIAN_POINT('',(0.,480.,0.));
#11733=CARTESIAN_POINT('',(0.,450.,-0.));
#11734=CARTESIAN_POINT('',(155.305906005725,525.,2106.11488502115));
#11735=CARTESIAN_POINT('',(185.255240183443,525.,2104.37207627909));
#11736=CARTESIAN_POINT('',(0.,525.,0.));
#11737=CARTESIAN_POINT('',(0.,495.,-0.));
#11738=CARTESIAN_POINT('',(155.305906005725,300.,2106.11488502115));
#11739=CARTESIAN_POINT('',(185.255240183443,300.,2104.37207627909));
#11740=CARTESIAN_POINT('',(0.,300.,0.));
#11741=CARTESIAN_POINT('',(0.,270.,-0.));
#11742=CARTESIAN_POINT('',(155.305906005725,345.,2106.11488502115));
#11743=CARTESIAN_POINT('',(185.255240183443,345.,2104.37207627909));
#11744=CARTESIAN_POINT('',(0.,345.,0.));
#11745=CARTESIAN_POINT('',(0.,315.,-0.));
#11746=CARTESIAN_POINT('',(155.305906005725,570.,2106.11488502115));
#11747=CARTESIAN_POINT('',(185.255240183443,570.,2104.37207627909));
#11748=CARTESIAN_POINT('',(0.,570.,0.));
#11749=CARTESIAN_POINT('',(0.,540.,-0.));
#11750=CARTESIAN_POINT('',(155.305906005725,615.,2106.11488502115));
#11751=CARTESIAN_POINT('',(185.255240183443,615.,2104.37207627909));
#11752=CARTESIAN_POINT('',(0.,615.,0.));
#11753=CARTESIAN_POINT('',(0.,585.,-0.));
#11754=CARTESIAN_POINT('',(155.305906005725,660.,2106.11488502115));
#11755=CARTESIAN_POINT('',(185.255240183443,660.,2104.37207627909));
#11756=CARTESIAN_POINT('',(0.,660.,0.));
#11757=CARTESIAN_POINT('',(0.,630.,-0.));
#11758=CARTESIAN_POINT('',(155.305906005725,705.,2106.11488502115));
#11759=CARTESIAN_POINT('',(185.255240183443,705.,2104.37207627909));
#11760=CARTESIAN_POINT('',(0.,705.,0.));
#11761=CARTESIAN_POINT('',(0.,675.,-0.));
#11762=CARTESIAN_POINT('',(155.305906005725,750.,2106.11488502115));
#11763=CARTESIAN_POINT('',(185.255240183443,750.,2104.37207627909));
#11764=CARTESIAN_POINT('',(0.,750.,0.));
#11765=CARTESIAN_POINT('',(0.,720.,-0.));
#11766=CARTESIAN_POINT('',(155.305906005725,795.,2106.11488502115));
#11767=CARTESIAN_POINT('',(185.255240183443,795.,2104.37207627909));
#11768=CARTESIAN_POINT('',(0.,795.,0.));
#11769=CARTESIAN_POINT('',(0.,765.,-0.));
#11770=CARTESIAN_POINT('',(155.305906005725,840.,2106.11488502115));
#11771=CARTESIAN_POINT('',(185.255240183443,840.,2104.37207627909));
#11772=CARTESIAN_POINT('',(0.,840.,0.));
#11773=CARTESIAN_POINT('',(0.,810.,-0.));
#11774=CARTESIAN_POINT('',(155.305906005725,885.,2106.11488502115));
#11775=CARTESIAN_POINT('',(185.255240183443,885.,2104.37207627909));
#11776=CARTESIAN_POINT('',(0.,885.,0.));
#11777=CARTESIAN_POINT('',(0.,855.,-0.));
#11778=CARTESIAN_POINT('',(155.305906005725,930.,2106.11488502115));
#11779=CARTESIAN_POINT('',(185.255240183443,930.,2104.37207627909));
#11780=CARTESIAN_POINT('',(0.,930.,0.));
#11781=CARTESIAN_POINT('',(0.,900.,-0.));
#11782=CARTESIAN_POINT('',(155.305906005725,975.,2106.11488502115));
#11783=CARTESIAN_POINT('',(185.255240183443,975.,2104.37207627909));
#11784=CARTESIAN_POINT('',(0.,975.,0.));
#11785=CARTESIAN_POINT('',(0.,945.,-0.));
#11786=CARTESIAN_POINT('',(155.305906005725,1020.,2106.11488502115));
#11787=CARTESIAN_POINT('',(185.255240183443,1020.,2104.37207627909));
#11788=CARTESIAN_POINT('',(0.,1020.,0.));
#11789=CARTESIAN_POINT('',(0.,990.,-0.));
#11790=CARTESIAN_POINT('',(155.305906005725,1065.,2106.11488502115));
#11791=CARTESIAN_POINT('',(185.255240183443,1065.,2104.37207627909));
#11792=CARTESIAN_POINT('',(0.,1065.,0.));
#11793=CARTESIAN_POINT('',(0.,1035.,-0.));
#11794=CARTESIAN_POINT('',(155.305906005725,1110.,2106.11488502115));
#11795=CARTESIAN_POINT('',(185.255240183443,1110.,2104.37207627909));
#11796=CARTESIAN_POINT('',(0.,1110.,0.));
#11797=CARTESIAN_POINT('',(0.,1080.,-0.));
#11798=CARTESIAN_POINT('',(155.305906005725,165.,2106.11488502115));
#11799=CARTESIAN_POINT('',(185.255240183443,165.,2104.37207627909));
#11800=CARTESIAN_POINT('',(0.,165.,0.));
#11801=CARTESIAN_POINT('',(0.,135.,-0.));
#11802=CARTESIAN_POINT('',(155.305906005725,210.,2106.11488502115));
#11803=CARTESIAN_POINT('',(185.255240183443,210.,2104.37207627909));
#11804=CARTESIAN_POINT('',(0.,210.,0.));
#11805=CARTESIAN_POINT('',(0.,180.,-0.));
#11806=CARTESIAN_POINT('',(155.305906005725,255.,2106.11488502115));
#11807=CARTESIAN_POINT('',(185.255240183443,255.,2104.37207627909));
#11808=CARTESIAN_POINT('',(0.,255.,0.));
#11809=CARTESIAN_POINT('',(0.,225.,-0.));
#11810=CARTESIAN_POINT('',(155.305906005725,30.,2106.11488502115));
#11811=CARTESIAN_POINT('',(185.255240183443,30.,2104.37207627909));
#11812=CARTESIAN_POINT('',(0.,30.,0.));
#11813=CARTESIAN_POINT('',(155.305906005725,75.,2106.11488502115));
#11814=CARTESIAN_POINT('',(185.255240183443,75.,2104.37207627909));
#11815=CARTESIAN_POINT('',(0.,75.,0.));
#11816=CARTESIAN_POINT('',(0.,45.,-0.));
#11817=CARTESIAN_POINT('',(155.305906005725,120.,2106.11488502115));
#11818=CARTESIAN_POINT('',(185.255240183443,120.,2104.37207627909));
#11819=CARTESIAN_POINT('',(0.,120.,0.));
#11820=CARTESIAN_POINT('',(0.,90.,-0.));
#11821=PRODUCT_DEFINITION_SHAPE('','',#11822);
#11822=PRODUCT_DEFINITION('','',#11834,#11839);
#11823=(
GEOMETRIC_REPRESENTATION_CONTEXT(3)
GLOBAL_UNCERTAINTY_ASSIGNED_CONTEXT((#11824))
GLOBAL_UNIT_ASSIGNED_CONTEXT((#11826,#11825,#11829))
REPRESENTATION_CONTEXT('','')
);
#11824=UNCERTAINTY_MEASURE_WITH_UNIT(LENGTH_MEASURE(0.001),#11826,'',
'tolerance');
#11825=(
CONVERSION_BASED_UNIT('',#11827)
NAMED_UNIT(#11833)
PLANE_ANGLE_UNIT()
);
#11826=(
CONVERSION_BASED_UNIT('',#11828)
LENGTH_UNIT()
NAMED_UNIT(#11832)
);
#11827=PLANE_ANGLE_MEASURE_WITH_UNIT(PLANE_ANGLE_MEASURE(0.0174532925199433),
#11830);
#11828=LENGTH_MEASURE_WITH_UNIT(LENGTH_MEASURE(1.),#11831);
#11829=(
NAMED_UNIT(*)
SI_UNIT($,.STERADIAN.)
SOLID_ANGLE_UNIT()
);
#11830=(
NAMED_UNIT(*)
PLANE_ANGLE_UNIT()
SI_UNIT($,.RADIAN.)
);
#11831=(
LENGTH_UNIT()
NAMED_UNIT(*)
SI_UNIT(.MILLI.,.METRE.)
);
#11832=DIMENSIONAL_EXPONENTS(1.,0.,0.,0.,0.,0.,0.);
#11833=DIMENSIONAL_EXPONENTS(0.,0.,0.,0.,0.,0.,0.);
#11834=PRODUCT_DEFINITION_FORMATION_WITH_SPECIFIED_SOURCE('','',#11837,
.NOT_KNOWN.);
#11835=PRODUCT_CATEGORY_RELATIONSHIP('','',#11840,#11836);
#11836=PRODUCT_RELATED_PRODUCT_CATEGORY('assembly','',(#11837));
#11837=PRODUCT('','master','',(#11838));
#11838=PRODUCT_CONTEXT('',#11842,'');
#11839=PRODUCT_DEFINITION_CONTEXT('',#11842,'part_definition');
#11840=PRODUCT_CATEGORY('part','');
#11841=APPLICATION_PROTOCOL_DEFINITION('international standard',
'automotive_design_cc2',1994,#11842);
#11842=APPLICATION_CONTEXT(
'configuration controlled 3D designs of mechanical parts and assemblies');
ENDSEC;
END-ISO-10303-21;
545174