sku,designation,unite,prix_ht,prix_ttc,marqueur,page_source,date_tarif,diametre_mm,hauteur_mm,cote1_mm,cote2_mm,cote3_mm,epaisseur_mm,longueur_barre_mm,statut
0005,Boite à coupe de 1 ml,u,144.33,173.2,*,2,JUILLET 2026,,,,,,,1000.0,OK
0762,Tête de pilastre,u,11.63,13.96,,2,JUILLET 2026,,,,,,,,A_VERIFIER
0006,Boite à coupe de 2 ml,u,268.18,321.81,*,2,JUILLET 2026,,,,,,,2000.0,OK
0765,Socle de pilastre,u,15.67,18.81,,2,JUILLET 2026,,,,,,,,A_VERIFIER
0007,Boite à coupe Grand Modèle (GM) de,u,303.54,364.25,*,2,JUILLET 2026,,,,,,,,A_VERIFIER
0780,Pilastre cannelé 10 x 250 cm,u,97.89,117.47,,2,JUILLET 2026,,,100.0,2500.0,,,,OK
0010,Enduit Staff Décor en seau 10 kg,Kg,4.36,5.24,*,2,JUILLET 2026,,,,,,,,A_VERIFIER
0781,Tête de pilastre lisse,u,17.23,20.68,,2,JUILLET 2026,,,,,,,,A_VERIFIER
0011,Colle Cartouche 290 ml Contact HIGH,u,11.67,14.01,*,2,JUILLET 2026,,,,,,,,A_VERIFIER
0782,Tête de pilastre,u,70.17,84.2,,2,JUILLET 2026,,,,,,,,A_VERIFIER
0012,Plâtre STAFF DECOR HQ en 25 kg,Kg,0.96,1.15,*,2,JUILLET 2026,,,,,,,,A_VERIFIER
0785,Socle pilastre H 17 x L 12 x E 3 cm,u,16.42,19.71,,2,JUILLET 2026,,,,,,,,A_VERIFIER
0015,Egoïne (60 cm),u,67.09,80.51,*,2,JUILLET 2026,,,,,,,,A_VERIFIER
08,Applique sans kit,u,78.01,93.61,,2,JUILLET 2026,,,,,,,,A_VERIFIER
0018,Etai de pose,u,40.99,49.19,*,2,JUILLET 2026,,,,,,,,A_VERIFIER
0800,Pilastre cannelé 12 x 250 cm,u,106.09,127.31,,2,JUILLET 2026,,,120.0,2500.0,,,,OK
0020,Gabarit de pose réglable,u,35.97,43.17,*,2,JUILLET 2026,,,,,,,,A_VERIFIER
0801,Tête de pilastre,u,38.08,45.7,,2,JUILLET 2026,,,,,,,,A_VERIFIER
0021,Colle panneau en 3 kg,u,23.72,28.47,*,2,JUILLET 2026,,,,,,,,A_VERIFIER
0802,Tête de pilastre,u,42.9,51.48,,2,JUILLET 2026,,,,,,,,A_VERIFIER
0026,"Plaque coffre en long. de 1,50 ml - Hte",ml,6.93,8.31,,2,JUILLET 2026,,,,,,,1500.0,OK
0803,Tête de pilastre,u,20.32,24.38,,2,JUILLET 2026,,,,,,,,A_VERIFIER
0027,"Plaque coffre en long. de 1,50 ml - Hte",ml,7.94,9.52,,2,JUILLET 2026,,,,,,,1500.0,OK
0804,Tête de pilastre,u,35.29,42.35,,2,JUILLET 2026,,,,,,,,A_VERIFIER
0028,Enduit Staff Decor en 25 kg,Kg,3.98,4.78,*,2,JUILLET 2026,,,,,,,,A_VERIFIER
0805,Socle de pilastre,u,17.12,20.55,,2,JUILLET 2026,,,,,,,,A_VERIFIER
0029,Enduit Staff Décor en 5 kg,Kg,4.35,5.22,*,2,JUILLET 2026,,,,,,,,A_VERIFIER
0806,Tête de pilastre,u,14.87,17.84,,2,JUILLET 2026,,,,,,,,A_VERIFIER
0030,Enduit Sim en 20 kg,Kg,4.95,5.94,*,2,JUILLET 2026,,,,,,,,A_VERIFIER
09,Applique sans kit,u,110.13,132.16,,2,JUILLET 2026,,,,,,,,A_VERIFIER
0031,Enduit Sim en 5 kg,Kg,5.48,6.57,*,2,JUILLET 2026,,,,,,,,A_VERIFIER
0900,Pilastre cannelé 17 x 250 cm,u,123.45,148.13,,2,JUILLET 2026,,,170.0,2500.0,,,,OK
0032,Enduit Sim en 1 kg,Kg,8.55,10.26,*,2,JUILLET 2026,,,,,,,,A_VERIFIER
0901,Tête de pilastre,u,23.69,28.43,,2,JUILLET 2026,,,,,,,,A_VERIFIER
0033,Enduit Sim en seau 10 kg,Kg,5.64,6.77,*,2,JUILLET 2026,,,,,,,,A_VERIFIER
0902,Tête de pilastre,u,51.66,61.99,,2,JUILLET 2026,,,,,,,,A_VERIFIER
0035,Colle cartouche PU 40,u,8.49,10.19,*,2,JUILLET 2026,,,,,,,,A_VERIFIER
0903,Tête de pilastre,u,51.17,61.41,,2,JUILLET 2026,,,,,,,,A_VERIFIER
0036,"Colle panneau en 1,5 kg",Kg,9.36,11.24,*,2,JUILLET 2026,,,,,,,,A_VERIFIER
0904,Tête de pilastre,u,44.07,52.89,,2,JUILLET 2026,,,,,,,,A_VERIFIER
0038,Plâtre Tradition en 25 kg,Kg,1.32,1.58,*,2,JUILLET 2026,,,,,,,,A_VERIFIER
0905,Socle de pilastre,u,18.98,22.78,,2,JUILLET 2026,,,,,,,,A_VERIFIER
01,Applique sans kit,u,89.46,107.35,,2,JUILLET 2026,,,,,,,,A_VERIFIER
0950,Pilastre cannelé 19 x 250 cm,u,140.24,168.29,,2,JUILLET 2026,,,190.0,2500.0,,,,OK
02,Applique sans kit,u,97.04,116.45,,2,JUILLET 2026,,,,,,,,A_VERIFIER
0951,Tête de pilastre,u,51.33,61.6,,2,JUILLET 2026,,,,,,,,A_VERIFIER
03,Applique sans kit,u,89.46,107.35,,2,JUILLET 2026,,,,,,,,A_VERIFIER
0952,Tête de pilastre,u,69.16,82.99,,2,JUILLET 2026,,,,,,,,A_VERIFIER
0300,Fresque 23 x 28 cm,u,30.08,36.09,,2,JUILLET 2026,,,230.0,280.0,,,,OK
0955,Socle de pilastre,u,18.98,22.78,,2,JUILLET 2026,,,,,,,,A_VERIFIER
04,Applique sans kit,u,83.86,100.63,,2,JUILLET 2026,,,,,,,,A_VERIFIER
0999,Tête de pilastre,u,86.67,104.01,,2,JUILLET 2026,,,,,,,,A_VERIFIER
0400,Fresque 23 x 28 cm,u,30.08,36.09,,2,JUILLET 2026,,,230.0,280.0,,,,OK
10,Applique sans kit,u,83.86,100.63,,2,JUILLET 2026,,,,,,,,A_VERIFIER
05,Applique sans kit,u,78.01,93.61,,2,JUILLET 2026,,,,,,,,A_VERIFIER
100,Applique rectangulaire sans kit,u,86.9,104.27,,2,JUILLET 2026,,,,,,,,A_VERIFIER
0500,Fresque 23 x 28 cm,u,30.08,36.09,,2,JUILLET 2026,,,230.0,280.0,,,,OK
1000,Pilastre cannelé 23 x 250 cm,u,185.17,222.2,,2,JUILLET 2026,,,230.0,2500.0,,,,OK
06,Applique sans kit,u,78.01,93.61,,2,JUILLET 2026,,,,,,,,A_VERIFIER
1001,Tête de pilastre,u,59.59,71.51,,2,JUILLET 2026,,,,,,,,A_VERIFIER
0600,Fresque 23 x 28 cm,u,30.08,36.09,,2,JUILLET 2026,,,230.0,280.0,,,,OK
1002,Tête de pilastre,u,86.67,104.01,,2,JUILLET 2026,,,,,,,,A_VERIFIER
0650,Fresque 23 x 28 cm,u,30.08,36.09,,2,JUILLET 2026,,,230.0,280.0,,,,OK
1003,Tête de pilastre,u,86.67,104.01,,2,JUILLET 2026,,,,,,,,A_VERIFIER
07,Applique sans kit,u,78.01,93.61,,2,JUILLET 2026,,,,,,,,A_VERIFIER
1004,Tête de pilastre,u,61.68,74.02,,2,JUILLET 2026,,,,,,,,A_VERIFIER
0700,Fresque 23 x 28 cm,u,30.08,36.09,,2,JUILLET 2026,,,230.0,280.0,,,,OK
1005,Socle de pilastre,u,18.98,22.78,,2,JUILLET 2026,,,,,,,,A_VERIFIER
0710,"Niche 30 x 15 x 7,5 cm",u,74.18,89.02,,2,JUILLET 2026,,,300.0,150.0,75.0,,,OK
101,Applique arrondie sans kit,u,86.9,104.27,,2,JUILLET 2026,,,,,,,,A_VERIFIER
0712,Niche 40 x 20 x 10 cm,u,92.78,111.33,,2,JUILLET 2026,,,400.0,200.0,100.0,,,OK
1025,Pilastre 23 x 250 cm,u,215.23,258.27,,2,JUILLET 2026,,,230.0,2500.0,,,,OK
0714,Niche rectangulaire 40 x 20 x 20 cm,u,92.78,111.33,,2,JUILLET 2026,,,400.0,200.0,200.0,,,OK
1050,Pilastre 23 x 250 cm,u,204.03,244.83,,2,JUILLET 2026,,,230.0,2500.0,,,,OK
0724,Niche carrée 40 x 40 x 20 cm,u,111.4,133.67,,2,JUILLET 2026,,,400.0,400.0,200.0,,,OK
1055,Tête de pilastre,u,86.67,104.01,,2,JUILLET 2026,,,,,,,,A_VERIFIER
0726,Niche ronde Ø 40 cm prof. 20 cm,u,116.98,140.38,,2,JUILLET 2026,400.0,,,,,,,OK
11,Applique sans kit,u,62.65,75.18,,2,JUILLET 2026,,,,,,,,A_VERIFIER
0732,"Niche 50 x 25 x 12,5 cm",u,111.4,133.67,,2,JUILLET 2026,,,500.0,250.0,125.0,,,OK
1101,"Moulure en 1,50 ml",ml,9.79,11.75,,2,JUILLET 2026,,,,,,,1500.0,OK
0734,Niche rectangulaire 50 x 25 x 20 cm,u,111.4,133.67,,2,JUILLET 2026,,,500.0,250.0,200.0,,,OK
1101BH,1/4 cercle,u,18.07,21.68,,2,JUILLET 2026,,,,,,,,A_VERIFIER
0742,Niche 60 x 30 x 15 cm,u,148.29,177.95,,2,JUILLET 2026,,,600.0,300.0,150.0,,,OK
1101C,"Cimaise en 1,50 ml",ml,19.32,23.19,,2,JUILLET 2026,,,,,,,1500.0,OK
0744,Niche rectangulaire 60 x 30 x 20 cm,u,148.29,177.95,,2,JUILLET 2026,,,600.0,300.0,200.0,,,OK
1101D,1/4 cercle décoré,u,20.46,24.55,,2,JUILLET 2026,,,,,,,,A_VERIFIER
0760,Pilastre cannelé 7 x 250 cm,u,91.83,110.2,,2,JUILLET 2026,,,70.0,2500.0,,,,OK
1101E,Angle 1101E - 90° - 15 x 8 cm,u,16.97,20.36,,2,JUILLET 2026,,,150.0,80.0,,,,OK
0761,Tête de pilastre,u,17.47,20.97,,2,JUILLET 2026,,,,,,,,A_VERIFIER
1101F,Doucine,u,54.88,65.86,,2,JUILLET 2026,,,,,,,,A_VERIFIER
1101G,Doucine,u,101.34,121.61,,3,JUILLET 2026,,,,,,,,A_VERIFIER
1150BH,1/4 cercle,u,90.0,108.01,,3,JUILLET 2026,,,,,,,,A_VERIFIER
1101H,Angle décoré,u,37.82,45.39,,3,JUILLET 2026,,,,,,,,A_VERIFIER
1151,"Moulure en 1,65 ml",ml,50.28,60.34,,3,JUILLET 2026,,,,,,,1650.0,OK
1101P,Doucine 50 cm,u,32.09,38.5,,3,JUILLET 2026,,,,,,,,A_VERIFIER
1151BH,1/4 cercle,u,90.0,108.01,,3,JUILLET 2026,,,,,,,,A_VERIFIER
1102,"Moulure en 1,50 ml",ml,9.79,11.75,,3,JUILLET 2026,,,,,,,1500.0,OK
1153,Ecoinçon Fruit,u,106.51,127.81,,3,JUILLET 2026,,,,,,,,A_VERIFIER
1102BH,1/4 cercle,u,18.07,21.68,,3,JUILLET 2026,,,,,,,,A_VERIFIER
1155,"Moulure en 1,50 ml",ml,23.69,28.43,,3,JUILLET 2026,,,,,,,1500.0,OK
1103,"Moulure en 1,50 ml",ml,9.79,11.75,,3,JUILLET 2026,,,,,,,1500.0,OK
1156,Moulure en 1.50 ml,ml,23.69,28.43,,3,JUILLET 2026,,,,,,,1500.0,OK
1103BH,1/4 cercle,u,18.09,21.71,,3,JUILLET 2026,,,,,,,,A_VERIFIER
1157,"Moulure en 1,50 ml",ml,17.79,21.35,,3,JUILLET 2026,,,,,,,1500.0,OK
1103C,"Cimaise en 1,50 ml",ml,19.32,23.19,,3,JUILLET 2026,,,,,,,1500.0,OK
1165,"Couvre-joint en 2,15 ml",ml,9.51,11.42,,3,JUILLET 2026,,,,,,,2150.0,OK
1103D,1/4 cercle décoré,u,20.46,24.55,,3,JUILLET 2026,,,,,,,,A_VERIFIER
1166,"Moulure en 1,50 ml",ml,10.94,13.13,,3,JUILLET 2026,,,,,,,1500.0,OK
1103H,Angle décoré,u,37.82,45.39,,3,JUILLET 2026,,,,,,,,A_VERIFIER
12,Applique sans kit,u,62.65,75.18,,3,JUILLET 2026,,,,,,,,A_VERIFIER
1104,"Moulure en 1,50 ml",ml,14.92,17.9,,3,JUILLET 2026,,,,,,,1500.0,OK
1200,"Moulure en 1,50 ml",ml,8.63,10.35,,3,JUILLET 2026,,,,,,,1500.0,OK
1104B,Angle décoré,u,24.36,29.24,,3,JUILLET 2026,,,,,,,,A_VERIFIER
1200BH,1/4 cercle,u,17.39,20.86,,3,JUILLET 2026,,,,,,,,A_VERIFIER
1104H,Angle décoré,u,45.79,54.94,,3,JUILLET 2026,,,,,,,,A_VERIFIER
1201,"Moulure en 1,50 ml",ml,9.74,11.69,,3,JUILLET 2026,,,,,,,1500.0,OK
1105,"Moulure en 1,50 ml",ml,14.92,17.9,,3,JUILLET 2026,,,,,,,1500.0,OK
1202,"Moulure en 1,50 ml",ml,8.4,10.08,,3,JUILLET 2026,,,,,,,1500.0,OK
1105B,Angle décoré,u,24.36,29.24,,3,JUILLET 2026,,,,,,,,A_VERIFIER
1202B,Angle décoré,u,20.43,24.52,,3,JUILLET 2026,,,,,,,,A_VERIFIER
1105H,Angle décoré,u,45.79,54.94,,3,JUILLET 2026,,,,,,,,A_VERIFIER
1202BH,1/4 cercle,u,16.67,20.01,,3,JUILLET 2026,,,,,,,,A_VERIFIER
1106,"Moulure en 1,50 ml",ml,20.75,24.9,,3,JUILLET 2026,,,,,,,1500.0,OK
1202H,Angle décoré,u,25.75,30.9,,3,JUILLET 2026,,,,,,,,A_VERIFIER
1107,"Moulure en 1,50 ml",ml,8.71,10.45,,3,JUILLET 2026,,,,,,,1500.0,OK
1203,Moulure en 2 ml,ml,22.62,27.14,,3,JUILLET 2026,,,,,,,2000.0,OK
1107+P,"Moulure 1107 + plat en 2,15 ml",ml,10.98,13.18,,3,JUILLET 2026,,,,,,,2150.0,OK
1204,"Moulure en 1,50 ml",ml,10.04,12.05,,3,JUILLET 2026,,,,,,,1500.0,OK
1107BH,1/4 cercle,u,16.28,19.54,,3,JUILLET 2026,,,,,,,,A_VERIFIER
1204BH,1/4 cercle,u,18.47,22.16,,3,JUILLET 2026,,,,,,,,A_VERIFIER
1107E,Angle 1107E - 90° - 15 x 8 cm,u,15.17,18.2,,3,JUILLET 2026,,,150.0,80.0,,,,OK
1204H,Angle décoré,u,26.66,32.0,,3,JUILLET 2026,,,,,,,,A_VERIFIER
1107P,Doucine,u,28.88,34.66,,3,JUILLET 2026,,,,,,,,A_VERIFIER
1205,"Moulure en 1,25 ml",ml,23.69,28.43,,3,JUILLET 2026,,,,,,,1250.0,OK
1108,"Couvre-joint en 2,15 ml",ml,9.79,11.75,,3,JUILLET 2026,,,,,,,2150.0,OK
1206,"Moulure en 1,50 ml",ml,8.4,10.08,,3,JUILLET 2026,,,,,,,1500.0,OK
1109,"Frise en 1,50 ml",ml,17.0,20.4,,3,JUILLET 2026,,,,,,,1500.0,OK
1206R,1/4 cercle rentrant,u,16.67,20.01,,3,JUILLET 2026,,,,,,,,A_VERIFIER
111,"Applique ""Bulle""",u,224.61,269.53,,3,JUILLET 2026,,,,,,,,A_VERIFIER
1206S,1/4 cercle sortant,u,16.67,20.01,,3,JUILLET 2026,,,,,,,,A_VERIFIER
1110,"Frise en 1,25 ml",ml,19.26,23.12,,3,JUILLET 2026,,,,,,,1250.0,OK
1207,"Moulure en 1,50 ml",ml,8.63,10.35,,3,JUILLET 2026,,,,,,,1500.0,OK
1111,"Frise en 1,35 ml",ml,19.23,23.08,,3,JUILLET 2026,,,,,,,1350.0,OK
1207BH,1/4 cercle,u,17.39,20.86,,3,JUILLET 2026,,,,,,,,A_VERIFIER
1112,"Moulure en 1,15 ml",ml,25.75,30.9,,3,JUILLET 2026,,,,,,,1150.0,OK
1207E,Angle droit pour moulure 1207,u,15.17,18.2,,3,JUILLET 2026,,,,,,,,A_VERIFIER
1113,"Moulure en 1,65 ml",ml,23.69,28.43,,3,JUILLET 2026,,,,,,,1650.0,OK
1208,"Moulure en 1,50 ml",ml,10.04,12.05,,3,JUILLET 2026,,,,,,,1500.0,OK
1114D,"Moulure en 1,50 ml - Droite",ml,9.74,11.69,,3,JUILLET 2026,,,,,,,1500.0,OK
1208D,Angle décoré,u,26.66,32.0,,3,JUILLET 2026,,,,,,,,A_VERIFIER
1114G,"Moulure en 1,50 ml - Gauche",ml,9.74,11.69,,3,JUILLET 2026,,,,,,,1500.0,OK
1209,"Moulure en 1,75 ml",ml,22.88,27.45,,3,JUILLET 2026,,,,,,,1750.0,OK
1115P,Moulure ornementée 1 ml - Bords amin,u,27.95,33.54,,3,JUILLET 2026,,,,,,,,A_VERIFIER
1210,"Moulure en 1,75 ml",ml,27.08,32.5,,3,JUILLET 2026,,,,,,,1750.0,OK
112,"Applique ""Fleurs""",u,224.61,269.53,,3,JUILLET 2026,,,,,,,,A_VERIFIER
1210BH,1/4 cercle,u,37.19,44.63,,3,JUILLET 2026,,,,,,,,A_VERIFIER
1120,"Couvre-joint en 2,15 ml",ml,7.44,8.93,,3,JUILLET 2026,,,,,,,2150.0,OK
1211,Moulure 3 cm - 1.5 ml,ml,8.68,10.42,,3,JUILLET 2026,,,,,,,,A_VERIFIER
1121,"Couvre-joint en 2,15 ml",ml,9.79,11.75,,3,JUILLET 2026,,,,,,,2150.0,OK
1212,Moulure 3 cm - 1.5 ml,ml,8.68,10.42,,3,JUILLET 2026,,,,,,,,A_VERIFIER
1124,"Moulure en 2,15 ml",ml,9.51,11.42,,3,JUILLET 2026,,,,,,,2150.0,OK
1213,Panneau angle de moulure 120 x 42 c,u,53.58,64.3,,3,JUILLET 2026,,,,,,,,A_VERIFIER
1124+P,"Couvre-joint en 2,15 ml + plat",ml,10.98,13.18,,3,JUILLET 2026,,,,,,,2150.0,OK
1213BH,Panneau ornementé angle de moulure,u,42.86,51.44,,3,JUILLET 2026,,,,,,,,A_VERIFIER
1125,"Couvre-joint en 2,15 ml",ml,22.0,26.4,,3,JUILLET 2026,,,,,,,2150.0,OK
1213G,Panneau ornementé 67 x 42 cm,u,64.3,77.16,,3,JUILLET 2026,,,670.0,420.0,,,,OK
1130,"Couvre-joint en 2,15 ml",ml,22.0,26.4,,3,JUILLET 2026,,,,,,,2150.0,OK
1214,"Moulure ornementée 2.5 x1.1 cm en 1,",ml,10.02,12.02,,3,JUILLET 2026,,,25.0,11.0,,,,OK
1131,"Moulure en 2,15 ml",ml,23.71,28.45,,3,JUILLET 2026,,,,,,,2150.0,OK
1215,Moulure corde 2.5 x 2 en 1.45 ml,ml,9.27,11.13,,3,JUILLET 2026,,,,,,,1450.0,OK
1132,"Moulure en 1,50 ml",ml,19.31,23.17,,3,JUILLET 2026,,,,,,,1500.0,OK
1216,Moulure 1.5ml,ml,36.25,43.49,,3,JUILLET 2026,,,,,,,,A_VERIFIER
1140C,"Cimaise en 1,50 ml",ml,20.33,24.39,,3,JUILLET 2026,,,,,,,1500.0,OK
1220,"Moulure G.M. 13 x 5 cm en 2,50 ml",ml,29.12,34.94,,3,JUILLET 2026,,,130.0,50.0,,,2500.0,OK
1141C,"Cimaise en 1,50 ml",ml,20.33,24.39,,3,JUILLET 2026,,,,,,,1500.0,OK
1221,"Moulure P.M. 10,5 x 3,5 cm en 2,50 m",ml,29.12,34.94,,3,JUILLET 2026,,,105.0,35.0,,,,OK
1145C,"Cimaise en 1,50 ml",ml,19.32,23.19,,3,JUILLET 2026,,,,,,,1500.0,OK
1250D,Moulure orientale droite L. 15 cm en 2,ml,25.51,30.62,,3,JUILLET 2026,,,,,,,,A_VERIFIER
1150,"Moulure en 1,55 ml",ml,50.31,60.37,,3,JUILLET 2026,,,,,,,1550.0,OK
1250G,Moulure orientale gauche L. 15 cm en,ml,25.51,30.62,,3,JUILLET 2026,,,,,,,,A_VERIFIER
1251,Frise orientale L. 35 cm en 2 ml,ml,39.84,47.81,,4,JUILLET 2026,,,,,,,2000.0,OK
1350,Moulure en 1.5 ml,ml,10.72,12.86,,4,JUILLET 2026,,,,,,,1500.0,OK
1252,"Frise orientale L. 63 cm en 1,87 ml",ml,75.84,91.01,,4,JUILLET 2026,,,,,,,1870.0,OK
1361,Moulure en 2.31 ml,ml,21.43,25.72,,4,JUILLET 2026,,,,,,,2310.0,OK
1253,Frise orientale L. 39 cm en 2 ml,ml,43.64,52.36,,4,JUILLET 2026,,,,,,,2000.0,OK
1362,Couvre-joint en 2.15 ml,ml,13.88,16.65,,4,JUILLET 2026,,,,,,,2150.0,OK
1254,"Frise orientale L. 26 cm en 2,15 ml",ml,34.41,41.29,,4,JUILLET 2026,,,,,,,2150.0,OK
1362B,Moulure 1362 avec décor Bacchus,u,62.15,74.58,,4,JUILLET 2026,,,,,,,,A_VERIFIER
1268,Moulure orientale largeur 27.3cm Long,ml,35.92,43.1,,4,JUILLET 2026,,,,,,,,A_VERIFIER
1363,"Moulure en 2,15 ml",ml,13.89,16.66,,4,JUILLET 2026,,,,,,,2150.0,OK
1271,Motif oriental 22 x 19 cm,u,19.9,23.88,,4,JUILLET 2026,,,220.0,190.0,,,,OK
1364,"Couvre-joint en 2,15 ml",ml,9.36,11.23,,4,JUILLET 2026,,,,,,,2150.0,OK
1275,Frise motif oriental 150 x 45 cm,ml,37.18,44.61,,4,JUILLET 2026,,,1500.0,450.0,,,,OK
1365,"Moulure en 1,75 ml",ml,9.53,11.43,,4,JUILLET 2026,,,,,,,1750.0,OK
13,Applique sans kit,u,83.86,100.63,,4,JUILLET 2026,,,,,,,,A_VERIFIER
1366,"Couvre-joint en 2,15 ml",ml,18.2,21.84,,4,JUILLET 2026,,,,,,,2150.0,OK
1300+P,Moulure N.M.+Plat en 2 ml,ml,11.27,13.53,,4,JUILLET 2026,,,,,,,2000.0,OK
1367,"Couvre-joint en 2,15 ml",ml,9.36,11.23,,4,JUILLET 2026,,,,,,,2150.0,OK
1301,"Moulure en 1,50 ml",ml,22.6,27.12,,4,JUILLET 2026,,,,,,,1500.0,OK
1370,"Moulure 8,8 x 3 cm en 1,50 ml",ml,23.72,28.46,,4,JUILLET 2026,,,88.0,30.0,,,1500.0,OK
1302,"Moulure en 1,50 ml",ml,23.98,28.78,,4,JUILLET 2026,,,,,,,1500.0,OK
1371,"Moulure Palmier H. 16,5 E.1,7 cm en",ml,23.3,27.96,,4,JUILLET 2026,,,,,,,,A_VERIFIER
1303,"Moulure en 1,50 ml",ml,26.28,31.53,,4,JUILLET 2026,,,,,,,1500.0,OK
1372,"Moulure Phare H.11,2 E.1,3 cm en 1,7",ml,18.89,22.67,,4,JUILLET 2026,,,,,,,,A_VERIFIER
1304,"Moulure en 1,50 ml",ml,28.43,34.12,,4,JUILLET 2026,,,,,,,1500.0,OK
1373,"Moulure Voilier H. 11,2 E.1,3 cm en 1,",ml,20.0,24.0,,4,JUILLET 2026,,,,,,,,A_VERIFIER
1305,"Moulure en 1,50 ml",ml,20.37,24.45,,4,JUILLET 2026,,,,,,,1500.0,OK
1374,Frise aspect sable plage en 1.25 ml,ml,39.4,47.28,,4,JUILLET 2026,,,,,,,1250.0,OK
1306,"Moulure en 1,50 ml",ml,28.45,34.14,,4,JUILLET 2026,,,,,,,1500.0,OK
1380,Moulure 1/2 rond Ø 4cm Lg=150cm,ml,8.63,10.35,,4,JUILLET 2026,40.0,,,,,,,OK
1310,"Moulure en 1,50 ml",ml,11.26,13.51,,4,JUILLET 2026,,,,,,,1500.0,OK
1381,Moulure 1/2 rond Ø 3 cm en 1.5 ml,ml,8.26,9.92,,4,JUILLET 2026,30.0,,,,,,1500.0,OK
1316,Moulure en 2.03 ml,ml,24.04,28.85,,4,JUILLET 2026,,,,,,,2029.9999999999998,OK
1382,Moulure 1/2 rond Ø 5cm Lg=190cm,ml,6.83,8.19,,4,JUILLET 2026,50.0,,,,,,,OK
1318,Moulure ornementée pour corniche D8,ml,15.76,18.91,,4,JUILLET 2026,,,,,,,,A_VERIFIER
1383,Nez de cloison 1/2 rond Ø 7.3 cm en 2.,ml,7.27,8.73,,4,JUILLET 2026,73.0,,,,,,,OK
1319,"Moulure en 1,50 ml",ml,10.63,12.76,,4,JUILLET 2026,,,,,,,1500.0,OK
1384,Moulure 1/2 rond Ø 8cm Lg=200cm,ml,7.35,8.83,,4,JUILLET 2026,80.0,,,,,,,OK
1320,"Moulure en 1,50 ml",ml,26.22,31.47,,4,JUILLET 2026,,,,,,,1500.0,OK
1385,Moulure bord propre 5 x 1.8 cm en 2,ml,6.83,8.19,,4,JUILLET 2026,,,50.0,18.0,,,,OK
1321,"Moulure en 1,50 ml",ml,10.63,12.76,,4,JUILLET 2026,,,,,,,1500.0,OK
1400,Rosette Ø 6 cm,u,6.04,7.25,,4,JUILLET 2026,60.0,,,,,,,OK
1322,"Moulure en 1,50 ml",ml,11.26,13.51,,4,JUILLET 2026,,,,,,,1500.0,OK
1401,"Rosette Ø 5,5 cm",u,6.04,7.25,,4,JUILLET 2026,55.0,,,,,,,OK
1323,"Moulure en 1,50 ml",ml,16.69,20.03,,4,JUILLET 2026,,,,,,,1500.0,OK
1402,"Rosette Ø 6,5 cm",u,6.04,7.25,,4,JUILLET 2026,65.0,,,,,,,OK
1324,Moulure en 2 ml,ml,9.87,11.84,,4,JUILLET 2026,,,,,,,2000.0,OK
1403,Rosette Ø 6 cm,u,6.04,7.25,,4,JUILLET 2026,60.0,,,,,,,OK
1325,"Moulure en 1,50 ml",ml,22.6,27.12,,4,JUILLET 2026,,,,,,,1500.0,OK
1404,"Rosette Ø 8,5 cm",u,6.04,7.25,,4,JUILLET 2026,85.0,,,,,,,OK
1326,"Moulure en 1,50 ml",ml,25.52,30.63,,4,JUILLET 2026,,,,,,,1500.0,OK
1405,Rosette Ø 9 cm,u,6.04,7.25,,4,JUILLET 2026,90.0,,,,,,,OK
1327,Moulure en 2 ml,ml,25.51,30.62,,4,JUILLET 2026,,,,,,,2000.0,OK
1406,Rosette Ø 12 cm,u,6.04,7.25,,4,JUILLET 2026,120.0,,,,,,,OK
1328,"Moulure en 1,75 ml",ml,23.37,28.04,,4,JUILLET 2026,,,,,,,1750.0,OK
1407,"Rosette carrée 10,5 x 10,5 cm",u,6.04,7.25,,4,JUILLET 2026,,,105.0,105.0,,,,OK
1329,"Moulure en 1,50 ml",ml,20.37,24.45,,4,JUILLET 2026,,,,,,,1500.0,OK
1408,Rosette Ø 14 cm,u,6.04,7.25,,4,JUILLET 2026,140.0,,,,,,,OK
1330,"Moulure en 1,50 ml",ml,13.14,15.77,,4,JUILLET 2026,,,,,,,1500.0,OK
1409,Décor,u,6.04,7.25,,4,JUILLET 2026,,,,,,,,A_VERIFIER
1331,"Moulure en 1,50 ml",ml,18.88,22.66,,4,JUILLET 2026,,,,,,,1500.0,OK
1410,Décor,u,6.04,7.25,,4,JUILLET 2026,,,,,,,,A_VERIFIER
1332,"Moulure en 1,70 ml",ml,18.89,22.67,,4,JUILLET 2026,,,,,,,1700.0,OK
1411D,Décor,u,6.04,7.25,,4,JUILLET 2026,,,,,,,,A_VERIFIER
1333,"Moulure en 1,50 ml",ml,18.88,22.66,,4,JUILLET 2026,,,,,,,1500.0,OK
1411G,Décor,u,6.04,7.25,,4,JUILLET 2026,,,,,,,,A_VERIFIER
1334,Moulure en 2 ml,ml,14.91,17.9,,4,JUILLET 2026,,,,,,,2000.0,OK
1412,"Rosette 11,5 cm",u,6.04,7.25,,4,JUILLET 2026,,,,,,,,A_VERIFIER
1335,Moulure en 2 ml,ml,34.11,40.93,,4,JUILLET 2026,,,,,,,2000.0,OK
1413,Rosette 9 x 7 cm,u,6.04,7.25,,4,JUILLET 2026,,,90.0,70.0,,,,OK
1340,"Moulure en 1,80 ml",ml,13.86,16.63,,4,JUILLET 2026,,,,,,,1800.0,OK
1414,Rosette 19 cm,u,7.41,8.89,,4,JUILLET 2026,,,,,,,,A_VERIFIER
1341,"Moulure en 1,50 ml",ml,18.88,22.66,,4,JUILLET 2026,,,,,,,1500.0,OK
1415,Rosette 7 cm,u,6.04,7.25,,4,JUILLET 2026,,,,,,,,A_VERIFIER
1342,"Moulure en 1,80 ml",ml,20.76,24.91,,4,JUILLET 2026,,,,,,,1800.0,OK
1416,Rosette Art Déco Ø 8 cm,u,6.04,7.25,,4,JUILLET 2026,80.0,,,,,,,OK
1343,"Moulure en 1,50 ml",ml,13.88,16.66,,4,JUILLET 2026,,,,,,,1500.0,OK
1417,Rosette de la D889 Ø 44 mm,u,6.03,7.24,,4,JUILLET 2026,44.0,,,,,,,OK
1344,"Moulure en 1,50 ml",ml,10.94,13.13,,4,JUILLET 2026,,,,,,,1500.0,OK
1418,"Ornement de style - 12,5 x 12,5 cm",u,6.03,7.24,,4,JUILLET 2026,,,125.0,125.0,,,,OK
1345,Moulure en 2 ml,ml,12.77,15.32,,4,JUILLET 2026,,,,,,,2000.0,OK
1419,"Ornement de style - 12,5 x 12,5 cm",u,6.03,7.24,,4,JUILLET 2026,,,125.0,125.0,,,,OK
1346,"Moulure en 1,50 ml",ml,16.77,20.13,,4,JUILLET 2026,,,,,,,1500.0,OK
1420,Rosette Ø 7.5 cm,u,6.03,7.24,,4,JUILLET 2026,75.0,,,,,,,OK
1347,"Moulure en 1,50 ml",ml,13.14,15.77,,4,JUILLET 2026,,,,,,,1500.0,OK
1420H,Angelot Harpe,u,23.45,28.14,,4,JUILLET 2026,,,,,,,,A_VERIFIER
1348,"Moulure en 1,50 ml",ml,12.41,14.89,,4,JUILLET 2026,,,,,,,1500.0,OK
1420M,Angelot Mandoline,u,23.45,28.14,,4,JUILLET 2026,,,,,,,,A_VERIFIER
1349,"Moulure en 1,50 ml",ml,24.21,29.06,,4,JUILLET 2026,,,,,,,1500.0,OK
1420T,Angelot Tambourin,u,23.45,28.14,,4,JUILLET 2026,,,,,,,,A_VERIFIER
1421,Rosette Ø7.5 cm,u,6.03,7.24,,5,JUILLET 2026,75.0,,,,,,,OK
20.56H,1/2 collerette haute,u,22.47,26.97,,5,JUILLET 2026,,,,,,,,A_VERIFIER
1423,Rosette Ø 7.5 cm,u,6.03,7.24,,5,JUILLET 2026,75.0,,,,,,,OK
20.56S,1/2 socle pour 20.56,u,10.85,13.02,,5,JUILLET 2026,,,,,,,,A_VERIFIER
1424,Rosette Ø 7.5 cm,u,6.03,7.24,,5,JUILLET 2026,75.0,,,,,,,OK
20.57,3/4 colonne cannelée Ø 10 H. 250 cm,u,128.75,154.5,,5,JUILLET 2026,,2500.0,,,,,,OK
1425,Rosette Ø 4.8 cm,u,6.03,7.24,,5,JUILLET 2026,48.0,,,,,,,OK
20.57BD,3/4 collerette basse droite,u,33.68,40.42,,5,JUILLET 2026,,,,,,,,A_VERIFIER
1426,Rosette Ø 4.8 cm,u,6.03,7.24,,5,JUILLET 2026,48.0,,,,,,,OK
20.57BG,3/4 collerette basse gauche,u,33.68,40.42,,5,JUILLET 2026,,,,,,,,A_VERIFIER
1427,Rosette Ø 4.8 cm,u,6.03,7.24,,5,JUILLET 2026,48.0,,,,,,,OK
20.57HD,3/4 collerette haute droite,u,33.68,40.42,,5,JUILLET 2026,,,,,,,,A_VERIFIER
1428,Rosette Ø 4.8 cm,u,6.03,7.24,,5,JUILLET 2026,48.0,,,,,,,OK
20.57HG,3/4 collerette haute gauche,u,33.68,40.42,,5,JUILLET 2026,,,,,,,,A_VERIFIER
1429,Rosette carrée - 5 x 5 cm,u,6.03,7.24,,5,JUILLET 2026,,,50.0,50.0,,,,OK
20.57SD,3/4 socle droit pour 20.57,u,21.85,26.22,,5,JUILLET 2026,,,,,,,,A_VERIFIER
1430,Rosette carrée - 5 x 5 cm,u,6.03,7.24,,5,JUILLET 2026,,,50.0,50.0,,,,OK
20.57SG,3/4 socle gauche pour 20.57,u,21.85,26.22,,5,JUILLET 2026,,,,,,,,A_VERIFIER
1431,Rosette carrée - 5 x 5 cm,u,6.03,7.24,,5,JUILLET 2026,,,50.0,50.0,,,,OK
20.58,1/2 colonne lisse Ø 10 cm,u,83.37,100.04,,5,JUILLET 2026,100.0,,,,,,,OK
1432,Rosette carrée - 9 x 9 cm,u,6.03,7.24,,5,JUILLET 2026,,,90.0,90.0,,,,OK
20.59,3/4 colonne lisse Ø 10 cm,u,128.75,154.5,,5,JUILLET 2026,100.0,,,,,,,OK
1433,Rosette rectangulaire - 6.8 x 11 cm,u,6.03,7.24,,5,JUILLET 2026,,,68.0,110.0,,,,OK
2000,Pilastre cannelé 30 x 250 cm,u,246.79,296.14,,5,JUILLET 2026,,,300.0,2500.0,,,,OK
1434,Rosette Ø12 cm,u,6.03,7.24,,5,JUILLET 2026,120.0,,,,,,,OK
2001,Tête de pilastre,u,69.14,82.97,,5,JUILLET 2026,,,,,,,,A_VERIFIER
1435,Rosette ovale - 9 x 13 cm,u,6.03,7.24,,5,JUILLET 2026,,,90.0,130.0,,,,OK
2004,Tête de pilastre,u,79.22,95.06,,5,JUILLET 2026,,,,,,,,A_VERIFIER
1436,Rosette D883,u,5.91,7.1,,5,JUILLET 2026,,,,,,,,A_VERIFIER
2005,Socle de pilastre,u,20.98,25.18,,5,JUILLET 2026,,,,,,,,A_VERIFIER
1440,Modillon,u,6.03,7.24,,5,JUILLET 2026,,,,,,,,A_VERIFIER
2019,Côté de passage 260 x 19 cm,u,96.31,115.57,,5,JUILLET 2026,,,2600.0,190.0,,,,OK
1441,Modillon - 4.5 x 7 cm,u,6.03,7.24,,5,JUILLET 2026,,,45.0,70.0,,,,OK
2020,Pilastre 30 x 244 cm,u,293.73,352.47,,5,JUILLET 2026,,,300.0,2440.0,,,,OK
1443,Modillon D883,u,6.04,7.25,,5,JUILLET 2026,,,,,,,,A_VERIFIER
2024,Côté de passage 260 x 24 cm,u,105.06,126.07,,5,JUILLET 2026,,,2600.0,240.0,,,,OK
1500,Fresque 40 x 46 cm,u,44.52,53.43,,5,JUILLET 2026,,,400.0,460.0,,,,OK
2030,Pilastre 17 x 170 cm,u,132.45,158.94,,5,JUILLET 2026,,,170.0,1700.0,,,,OK
16,Applique sans kit,u,92.61,111.13,,5,JUILLET 2026,,,,,,,,A_VERIFIER
2030M,Rectangle central pour 2030 - Lg 40 c,u,66.26,79.51,,5,JUILLET 2026,,,,,,,,A_VERIFIER
1600,Fresque 40 x 46 cm,u,44.52,53.43,,5,JUILLET 2026,,,400.0,460.0,,,,OK
2031,Pilastre 23 x 170 cm,u,140.69,168.82,,5,JUILLET 2026,,,230.0,1700.0,,,,OK
1700,Fresque 40 x 46 cm,u,44.52,53.43,,5,JUILLET 2026,,,400.0,460.0,,,,OK
2031C,Cercle central pour 2031,u,68.25,81.9,,5,JUILLET 2026,,,,,,,,A_VERIFIER
17A,Applique d'angle sans kit,u,83.86,100.63,,5,JUILLET 2026,,,,,,,,A_VERIFIER
2031M,Rectangle central pour 2031,u,66.26,79.51,,5,JUILLET 2026,,,,,,,,A_VERIFIER
1800,Fresque 38 x 50 cm,u,44.52,53.43,,5,JUILLET 2026,,,380.0,500.0,,,,OK
2032,Côté de passage 260 x 32 cm,u,122.57,147.09,,5,JUILLET 2026,,,2600.0,320.0,,,,OK
18A,Applique d'angle sans kit,u,83.86,100.63,,5,JUILLET 2026,,,,,,,,A_VERIFIER
2039,Côté de passage 260 x 39 cm,u,140.08,168.09,,5,JUILLET 2026,,,2600.0,390.0,,,,OK
19,Applique sans kit,u,70.35,84.42,,5,JUILLET 2026,,,,,,,,A_VERIFIER
2044,Côté de passage 260 x 44 cm,u,166.34,199.61,,5,JUILLET 2026,,,2600.0,440.0,,,,OK
1900,Fresque 38 x 50 cm,u,44.52,53.43,,5,JUILLET 2026,,,380.0,500.0,,,,OK
2050,Côté de passage 260 x 50 cm,u,192.61,231.13,,5,JUILLET 2026,,,2600.0,500.0,,,,OK
20,Applique sans kit,u,74.12,88.94,,5,JUILLET 2026,,,,,,,,A_VERIFIER
2060,Côté de passage 260 x 60 cm,u,227.63,273.16,,5,JUILLET 2026,,,2600.0,600.0,,,,OK
20.01,Colonne Ø 25 H. 220 cm + 50 cm,u,750.29,900.34,,5,JUILLET 2026,,2200.0,,,,,,OK
20A,Applique d'angle sans kit,u,97.04,116.45,,5,JUILLET 2026,,,,,,,,A_VERIFIER
20.02,Colonne Ø 20 H. 220 cm + 50 cm,u,671.28,805.54,,5,JUILLET 2026,,2200.0,,,,,,OK
21,Applique sans kit,u,101.36,121.63,,5,JUILLET 2026,,,,,,,,A_VERIFIER
20.03,"Colonne Ø 21,5 H. 220 cm + 40 cm",u,750.29,900.34,,5,JUILLET 2026,,2200.0,,,,,,OK
21.01,Colonne tronquée cannelée Ø 25 H.12,u,281.37,337.65,,5,JUILLET 2026,,,,,,,,A_VERIFIER
20.04,Colonne Ø 14 H. 200 cm + 30 cm,u,599.08,718.9,,5,JUILLET 2026,,2000.0,,,,,,OK
21.02,Colonne tronquée lisse Ø 24 H. 120 c,u,266.61,319.93,,5,JUILLET 2026,,,,,,,,A_VERIFIER
20.05,Colonne Ø 14 H. 200 cm + 30 cm,u,534.44,641.33,,5,JUILLET 2026,,2000.0,,,,,,OK
21.03,Colonne tronquée lisse Ø 20 H. 130 c,u,225.18,270.21,,5,JUILLET 2026,,,,,,,,A_VERIFIER
20.06,Colonne cannelée Ø 10 H. 250 cm,u,189.38,227.26,,5,JUILLET 2026,,2500.0,,,,,,OK
21.03A,Colonne tronquée lisse Ø 20 H. 100 c,u,174.92,209.91,,5,JUILLET 2026,,,,,,,,A_VERIFIER
20.06B,Collerette basse,u,44.97,53.96,,5,JUILLET 2026,,,,,,,,A_VERIFIER
21.03B,Colonne tronquée lisse Ø 20 H. 80 cm,u,144.69,173.63,,5,JUILLET 2026,,800.0,,,,,,OK
20.06H,Collerette haute,u,44.97,53.96,,5,JUILLET 2026,,,,,,,,A_VERIFIER
21.04,Colonne tronquée hexagonale Ø 20 H.,u,225.18,270.21,,5,JUILLET 2026,,,,,,,,A_VERIFIER
20.06S,Socle pour 20.06,u,21.85,26.22,,5,JUILLET 2026,,,,,,,,A_VERIFIER
21.05,Colonne tronquée carrée Ø 20 H. 100,u,236.94,284.33,,5,JUILLET 2026,,,,,,,,A_VERIFIER
20.08,Colonne lisse Ø 10 H. 250 cm,u,189.39,227.27,,5,JUILLET 2026,,2500.0,,,,,,OK
21.06,Colonne tronquée cannelée Ø 25 H.12,u,281.37,337.65,,5,JUILLET 2026,,,,,,,,A_VERIFIER
20.51,1/2 colonne Ø 25 H. 220 cm + 50 cm,u,355.45,426.54,,5,JUILLET 2026,,2200.0,,,,,,OK
21.07,Colonnette Ø 20 H. 97 cm,u,266.61,319.93,,5,JUILLET 2026,,970.0,,,,,,OK
20.52,1/2 colonne Ø 20 H. 220 cm + 50 cm,u,315.95,379.14,,5,JUILLET 2026,,2200.0,,,,,,OK
21.08,Colonnette Ø 20 H. 71 cm,u,168.81,202.57,,5,JUILLET 2026,,710.0,,,,,,OK
20.53,"1/2 colonne Ø 21,5 H. 220 cm + 40 cm",u,355.45,426.54,,5,JUILLET 2026,,2200.0,,,,,,OK
21.10,Colonnette Ø 15 H. 38 cm,u,142.43,170.92,,5,JUILLET 2026,,380.0,,,,,,OK
20.54,1/2 colonne Ø 14 H. 200 cm + 30 cm,u,299.46,359.36,,5,JUILLET 2026,,2000.0,,,,,,OK
21.11,Colonnette Ø 20 H. 83 cm,u,273.45,328.14,,5,JUILLET 2026,,830.0,,,,,,OK
20.55,1/2 colonne Ø 14 H. 200 cm + 30 cm,u,267.27,320.73,,5,JUILLET 2026,,2000.0,,,,,,OK
21.12,Colonnette Ø 20 H. 82 cm,u,256.19,307.43,,5,JUILLET 2026,,820.0,,,,,,OK
20.56,1/2 colonne Ø 10 H. 250 cm,u,83.37,100.04,,5,JUILLET 2026,,2500.0,,,,,,OK
21.13,Colonnette Ø 20 H. 109 cm,u,311.18,373.41,,5,JUILLET 2026,,1090.0,,,,,,OK
20.56B,1/2 collerette basse,u,22.47,26.97,,5,JUILLET 2026,,,,,,,,A_VERIFIER
21.16,"Colonnette Ø 15 H. 82,5 cm",u,168.81,202.57,,5,JUILLET 2026,,825.0,,,,,,OK
21.17,Colonnette Ø 20 H. 83 cm,u,186.93,224.32,,6,JUILLET 2026,,830.0,,,,,,OK
22.70,Toutankhamon,u,25.1,30.12,,6,JUILLET 2026,,,,,,,,A_VERIFIER
21.18,Colonnette Ø 15 H. 86 cm,u,250.59,300.71,,6,JUILLET 2026,,860.0,,,,,,OK
22.71,Bastet,u,25.1,30.12,,6,JUILLET 2026,,,,,,,,A_VERIFIER
21.19,Colonnette Ø 15 H. 95 cm,u,250.59,300.71,,6,JUILLET 2026,,950.0,,,,,,OK
22.72,Egypte,u,25.1,30.12,,6,JUILLET 2026,,,,,,,,A_VERIFIER
21.20,Colonnette Ø 15 H. 78 cm,u,177.76,213.31,,6,JUILLET 2026,,780.0,,,,,,OK
22.73,Nefertiti,u,25.1,30.12,,6,JUILLET 2026,,,,,,,,A_VERIFIER
21.21,Colonnette Ø 20 H. 110 cm,u,280.01,336.01,,6,JUILLET 2026,,1100.0,,,,,,OK
22.74,Toutankhamon,u,25.1,30.12,,6,JUILLET 2026,,,,,,,,A_VERIFIER
21.22,Colonnette Ø 20 H. 30 cm,u,136.73,164.07,,6,JUILLET 2026,,300.0,,,,,,OK
22.75,Sphinx,u,25.1,30.12,,6,JUILLET 2026,,,,,,,,A_VERIFIER
21.23,Colonnette Ø 20 H. 40 cm,u,148.09,177.71,,6,JUILLET 2026,,400.0,,,,,,OK
22.76,Scribe,u,25.1,30.12,,6,JUILLET 2026,,,,,,,,A_VERIFIER
21.30,Colonnette Ø 15 H. 30 cm,u,108.31,129.97,,6,JUILLET 2026,,300.0,,,,,,OK
22.77,Faucon,u,25.12,30.14,,6,JUILLET 2026,,,,,,,,A_VERIFIER
21.40,Colonnette Ø 15 H. 40 cm,u,119.65,143.58,,6,JUILLET 2026,,400.0,,,,,,OK
22.78,Panthère moderne,u,124.96,149.95,,6,JUILLET 2026,,,,,,,,A_VERIFIER
21.45,Colonnette Ø 15 H. 70 cm,u,136.73,164.07,,6,JUILLET 2026,,700.0,,,,,,OK
22104,Dessous poutre + rond central L. 19cm,u,96.31,115.57,,6,JUILLET 2026,,,,,,,,A_VERIFIER
21.48,Piedestal Corinthien,u,483.81,580.57,,6,JUILLET 2026,,,,,,,,A_VERIFIER
22105,Dessous poutre + rond central L. 24 c,u,105.06,126.07,,6,JUILLET 2026,,,,,,,,A_VERIFIER
21.49,Piedestal Ionique,u,483.81,580.57,,6,JUILLET 2026,,,,,,,,A_VERIFIER
22106,Dessous poutre + rond central L. 32 c,u,122.57,147.09,,6,JUILLET 2026,,,,,,,,A_VERIFIER
21.50,Piedestal,u,492.37,590.85,,6,JUILLET 2026,,,,,,,,A_VERIFIER
22107,Dessous poutre + rond central L. 39 c,u,140.08,168.09,,6,JUILLET 2026,,,,,,,,A_VERIFIER
21.51,Piedestal tronqué,u,459.85,551.82,,6,JUILLET 2026,,,,,,,,A_VERIFIER
22108,Dessous poutre + rond central L. 44 c,u,166.34,199.61,,6,JUILLET 2026,,,,,,,,A_VERIFIER
21.55,Piedestal chapiteau ionique,u,665.62,798.74,,6,JUILLET 2026,,,,,,,,A_VERIFIER
22109,Dessous poutre + rond central L. 50 c,u,192.61,231.13,,6,JUILLET 2026,,,,,,,,A_VERIFIER
21.56,Piedestal,u,423.8,508.56,,6,JUILLET 2026,,,,,,,,A_VERIFIER
22110,Dessous poutre + rond central L. 60 c,u,227.63,273.16,,6,JUILLET 2026,,,,,,,,A_VERIFIER
21.57,Piedestal tronqué,u,361.67,434.0,,6,JUILLET 2026,,,,,,,,A_VERIFIER
22116,Dessous poutre + rect. central L. 19 c,u,96.31,115.57,,6,JUILLET 2026,,,,,,,,A_VERIFIER
21.60,Buste Athena,u,136.34,163.6,,6,JUILLET 2026,,,,,,,,A_VERIFIER
22117,Dessous poutre + rect. central L. 24 c,u,105.06,126.07,,6,JUILLET 2026,,,,,,,,A_VERIFIER
21.70,Buste Mermoz,u,136.34,163.6,,6,JUILLET 2026,,,,,,,,A_VERIFIER
22118,Dessous poutre + rect. central L. 32 c,u,122.57,147.09,,6,JUILLET 2026,,,,,,,,A_VERIFIER
21.75,Buste Dozado,u,254.85,305.83,,6,JUILLET 2026,,,,,,,,A_VERIFIER
22119,Dessous poutre + rect. central L. 39 c,u,140.08,168.09,,6,JUILLET 2026,,,,,,,,A_VERIFIER
21.80,Buste Caracalla,u,323.85,388.62,,6,JUILLET 2026,,,,,,,,A_VERIFIER
22120,Dessous poutre + rect. central L. 44 c,u,166.34,199.61,,6,JUILLET 2026,,,,,,,,A_VERIFIER
21.90,Petit Buste femme,u,124.98,149.98,,6,JUILLET 2026,,,,,,,,A_VERIFIER
22121,Dessous poutre + rect. central L. 50 c,u,192.61,231.13,,6,JUILLET 2026,,,,,,,,A_VERIFIER
21.95,Buste Athlète vainqueur,u,136.34,163.6,,6,JUILLET 2026,,,,,,,,A_VERIFIER
22122,Dessous poutre + rect. central L. 60 c,u,227.63,273.16,,6,JUILLET 2026,,,,,,,,A_VERIFIER
22.00,Buste Apollon,u,323.85,388.62,,6,JUILLET 2026,,,,,,,,A_VERIFIER
22130J,Passage S.F. lisse + jardinière,u,2907.69,3489.23,,6,JUILLET 2026,,,,,,,,A_VERIFIER
22.05,Buste Recamier,u,323.85,388.62,,6,JUILLET 2026,,,,,,,,A_VERIFIER
22130M,Passage S.F. lisse + meuble séparatio,u,4327.32,5192.78,,6,JUILLET 2026,,,,,,,,A_VERIFIER
22.10,Canova,u,315.25,378.3,,6,JUILLET 2026,,,,,,,,A_VERIFIER
22140,Meuble de séparation + colonne,u,942.76,1131.31,*,6,JUILLET 2026,,,,,,,,A_VERIFIER
22.15,Buste Beethoven,u,136.34,163.6,,6,JUILLET 2026,,,,,,,,A_VERIFIER
22150,Meuble TV contemporain,u,1104.25,1325.1,*,6,JUILLET 2026,,,,,,,,A_VERIFIER
22.20,Amphore,u,235.05,282.06,,6,JUILLET 2026,,,,,,,,A_VERIFIER
22160.445,Meuble TV contemporain étagère verr,u,480.13,576.16,*,6,JUILLET 2026,,,,,,,,A_VERIFIER
22.25,Madame Du Barry,u,124.98,149.98,,6,JUILLET 2026,,,,,,,,A_VERIFIER
22160.545,Meuble TV contemporain étagère verr,u,480.13,576.16,*,6,JUILLET 2026,,,,,,,,A_VERIFIER
22.30,Marianne,u,136.34,163.6,,6,JUILLET 2026,,,,,,,,A_VERIFIER
22160.605,Meuble TV contemporain étagère verr,u,480.13,576.16,*,6,JUILLET 2026,,,,,,,,A_VERIFIER
22.35,Buste Sylvana,u,235.05,282.06,,6,JUILLET 2026,,,,,,,,A_VERIFIER
22160.675,Meuble TV contemporain étagère verr,u,480.13,576.16,*,6,JUILLET 2026,,,,,,,,A_VERIFIER
22.40,Petite Vénus,u,68.2,81.85,,6,JUILLET 2026,,,,,,,,A_VERIFIER
23,Applique sans kit,u,139.56,167.47,,6,JUILLET 2026,,,,,,,,A_VERIFIER
22.45,L'enfant,u,136.34,163.6,,6,JUILLET 2026,,,,,,,,A_VERIFIER
23.01,Buste Femmes du monde,u,59.97,71.96,,6,JUILLET 2026,,,,,,,,A_VERIFIER
22.50,Vase,u,163.87,196.65,,6,JUILLET 2026,,,,,,,,A_VERIFIER
23.02,Buste Femmes du monde,u,83.27,99.92,,6,JUILLET 2026,,,,,,,,A_VERIFIER
22.51,Dejanire,u,124.98,149.98,,6,JUILLET 2026,,,,,,,,A_VERIFIER
23.03,Buste Femmes du monde,u,100.73,120.88,,6,JUILLET 2026,,,,,,,,A_VERIFIER
22.52,Clorinde,u,124.98,149.98,,6,JUILLET 2026,,,,,,,,A_VERIFIER
23.04,Buste Femmes du monde,u,59.97,71.96,,6,JUILLET 2026,,,,,,,,A_VERIFIER
22.53,Venus murale,u,101.9,122.28,,6,JUILLET 2026,,,,,,,,A_VERIFIER
23.05,Buste Femmes du monde,u,59.97,71.96,,6,JUILLET 2026,,,,,,,,A_VERIFIER
22.54,Bacchus,u,74.91,89.89,,6,JUILLET 2026,,,,,,,,A_VERIFIER
23.06,Buste Femmes du monde,u,59.97,71.96,,6,JUILLET 2026,,,,,,,,A_VERIFIER
22.55,Cariatide GM,u,163.87,196.65,,6,JUILLET 2026,,,,,,,,A_VERIFIER
23.07,Buste Femmes du monde,u,59.97,71.96,,6,JUILLET 2026,,,,,,,,A_VERIFIER
22.56,Cariatide GM,u,163.87,196.65,,6,JUILLET 2026,,,,,,,,A_VERIFIER
23.08,Buste Femmes du monde,u,100.73,120.88,,6,JUILLET 2026,,,,,,,,A_VERIFIER
22.57,Cariatide PM,u,163.87,196.65,,6,JUILLET 2026,,,,,,,,A_VERIFIER
23.10,Buste Femmes du monde,u,100.72,120.87,,6,JUILLET 2026,,,,,,,,A_VERIFIER
22.58,Cariatide PM,u,163.87,196.65,,6,JUILLET 2026,,,,,,,,A_VERIFIER
24,Applique douille E27,u,204.11,244.93,,6,JUILLET 2026,,,,,,,,A_VERIFIER
22.60,Vase balustre,u,57.36,68.84,,6,JUILLET 2026,,,,,,,,A_VERIFIER
25,Applique sans kit,u,139.56,167.47,,6,JUILLET 2026,,,,,,,,A_VERIFIER
22.61,Le garconnet,u,27.98,33.57,,6,JUILLET 2026,,,,,,,,A_VERIFIER
2518,Côté de passage CL10 H. 250 L. 18 c,u,113.72,136.46,,6,JUILLET 2026,,,,,,,,A_VERIFIER
22.62,La fillette,u,27.98,33.57,,6,JUILLET 2026,,,,,,,,A_VERIFIER
2524,Côté de passage CL10 H. 250 L. 24 c,u,167.4,200.88,,6,JUILLET 2026,,,,,,,,A_VERIFIER
2530,Côté de passage CL10 H. 250 L. 30 c,u,230.61,276.73,,7,JUILLET 2026,,,,,,,,A_VERIFIER
30054,Bibliothèque colonnes cannelées 1 nic,u,1265.25,1518.3,,7,JUILLET 2026,,,,,,,,A_VERIFIER
26,Applique sans kit,u,83.86,100.63,,7,JUILLET 2026,,,,,,,,A_VERIFIER
30059,Niche supplémentaire bibliothèque,u,463.82,556.58,,7,JUILLET 2026,,,,,,,,A_VERIFIER
2618,Côté de passage Macaron H. 250 L. 1,u,113.72,136.46,,7,JUILLET 2026,,,,,,,,A_VERIFIER
30061,Bibliothèque pilastre 1 niche,u,1082.19,1298.63,,7,JUILLET 2026,,,,,,,,A_VERIFIER
2624,Côté de passage Macaron H. 250 l. 24,u,167.4,200.88,,7,JUILLET 2026,,,,,,,,A_VERIFIER
30062,Bibliothèque pilastre 2 niches,u,1645.87,1975.04,,7,JUILLET 2026,,,,,,,,A_VERIFIER
2630,Côté de passage Macaron H. 250 l. 30,u,230.61,276.73,,7,JUILLET 2026,,,,,,,,A_VERIFIER
30063,Bibliothèque pilastre 3 niches,u,2209.56,2651.47,,7,JUILLET 2026,,,,,,,,A_VERIFIER
26A,Applique d'angle sans kit,u,83.86,100.63,,7,JUILLET 2026,,,,,,,,A_VERIFIER
30069,Niche bibliothèque pilastre supplément,u,547.25,656.7,,7,JUILLET 2026,,,,,,,,A_VERIFIER
27,Applique douille E27,u,175.87,211.04,,7,JUILLET 2026,,,,,,,,A_VERIFIER
3068,Pilastre cannélé 69 x 212 cm - ép 3 cm,u,273.16,327.79,,7,JUILLET 2026,,,690.0,2120.0,,,,OK
2718,Côté de passage lisse H. 250 l. 18 cm,u,107.4,128.88,,7,JUILLET 2026,,,,,,,,A_VERIFIER
31,Applique sans kit,u,118.93,142.71,,7,JUILLET 2026,,,,,,,,A_VERIFIER
2724,Côté de passage lisse H. 250 l. 24 cm,u,157.96,189.55,,7,JUILLET 2026,,,,,,,,A_VERIFIER
31.01,"Fût cannelé droit Ø 15 cm H. 2,50 ml",u,415.06,498.07,,7,JUILLET 2026,150.0,,,,,,,OK
2730,Côté de passage lisse H. 250 l. 30 cm,u,221.11,265.33,,7,JUILLET 2026,,,,,,,,A_VERIFIER
31.02,Fût cannelé droit Ø 20 cm H. 3 ml,u,519.63,623.55,,7,JUILLET 2026,200.0,,,,,,,OK
2800L,Profil lumineux 22 x 260 cm,u,252.7,303.24,,7,JUILLET 2026,,,220.0,2600.0,,,,OK
31.03,Fût cannelé droit Ø 25 cm H. 3 ml,u,692.86,831.43,,7,JUILLET 2026,250.0,,,,,,,OK
2820L,Côté de passage 20 x 260 cm,u,284.29,341.15,,7,JUILLET 2026,,,200.0,2600.0,,,,OK
31.04,Fût cannelé droit Ø 30 cm H. 3 ml,u,928.14,1113.77,,7,JUILLET 2026,300.0,,,,,,,OK
2824L,Côté de passage 24 x 260 cm,u,315.88,379.06,,7,JUILLET 2026,,,240.0,2600.0,,,,OK
31.51,"½ fût cannelé droit Ø 15 cm H. 2,50 ml",u,135.3,162.36,,7,JUILLET 2026,150.0,,,,,,,OK
2830L,Côté de passage 30 x 260 cm,u,347.45,416.95,,7,JUILLET 2026,,,300.0,2600.0,,,,OK
31.52,½ fût cannelé droit Ø 20 cm H. 3 ml,u,182.35,218.82,,7,JUILLET 2026,200.0,,,,,,,OK
28A,Applique d'angle sans kit,u,92.61,111.13,,7,JUILLET 2026,,,,,,,,A_VERIFIER
31.53,½ fût cannelé droit Ø 25 cm H. 3 ml,u,252.93,303.52,,7,JUILLET 2026,250.0,,,,,,,OK
30,Applique sans kit,u,101.36,121.63,,7,JUILLET 2026,,,,,,,,A_VERIFIER
31.54,½ fût cannelé droit Ø 30 cm H. 3 ml,u,329.46,395.35,,7,JUILLET 2026,300.0,,,,,,,OK
30.02,Fût lisse droit Ø 15 cm H. 3 ml,u,310.48,372.58,,7,JUILLET 2026,150.0,,,,,,,OK
3100,Fresque 83 x 32 cm,u,89.15,106.98,,7,JUILLET 2026,,,830.0,320.0,,,,OK
30.03,Fût lisse droit Ø 20 cm H. 3 ml,u,410.53,492.64,,7,JUILLET 2026,200.0,,,,,,,OK
3150,Assiette Ø 33 cm,u,58.58,70.3,,7,JUILLET 2026,330.0,,,,,,,OK
30.04,Fût lisse droit Ø 25 cm H. 3 ml,u,469.8,563.76,,7,JUILLET 2026,250.0,,,,,,,OK
32,Applique sans kit,u,162.82,195.39,,7,JUILLET 2026,,,,,,,,A_VERIFIER
30.04P,"Fût colonne palme Ø 25 cm H. 2,50 ml",u,813.69,976.43,,7,JUILLET 2026,250.0,,,,,,,OK
32.51,½ colonne torsade ½ 15 Haut 2 ml,u,185.8,222.96,,7,JUILLET 2026,,,,,,,,A_VERIFIER
30.05,Fût lisse droit Ø 30 cm H. 3 ml,u,528.41,634.09,,7,JUILLET 2026,300.0,,,,,,,OK
3200,Fresque 70 x 40 cm,u,89.15,106.98,,7,JUILLET 2026,,,700.0,400.0,,,,OK
30.06,Fût lisse droit Ø 35 cm H. 3 ml,u,587.06,704.48,,7,JUILLET 2026,350.0,,,,,,,OK
33,Applique sans kit,u,197.85,237.42,,7,JUILLET 2026,,,,,,,,A_VERIFIER
30.07,Fût lisse droit Ø 40 cm H. 3 ml,u,647.48,776.98,,7,JUILLET 2026,400.0,,,,,,,OK
3300,Fresque 60 x 42 cm,u,66.84,80.21,,7,JUILLET 2026,,,600.0,420.0,,,,OK
30.08,Fût lisse droit Ø 50 cm H. 3 ml,u,1111.2,1333.44,,7,JUILLET 2026,500.0,,,,,,,OK
34,Applique sans kit,u,97.04,116.45,,7,JUILLET 2026,,,,,,,,A_VERIFIER
30.09,Fût lisse droit Ø 60 cm H. 3 ml,u,1481.07,1777.29,,7,JUILLET 2026,600.0,,,,,,,OK
3400,Plagiste 30 x 23 cm,u,58.58,70.3,,7,JUILLET 2026,,,300.0,230.0,,,,OK
30.10,Fût lisse droit Ø 70 cm H. 3 ml,u,1683.06,2019.67,,7,JUILLET 2026,700.0,,,,,,,OK
35,Applique sans kit,u,97.04,116.45,,7,JUILLET 2026,,,,,,,,A_VERIFIER
30.11,Fût lisse droit Ø 75 cm H. 3 ml,u,1952.37,2342.85,,7,JUILLET 2026,750.0,,,,,,,OK
3500,"Médaillon 37,5 x 43,5 cm",u,59.29,71.14,,7,JUILLET 2026,,,375.0,435.0,,,,OK
30.12,Fût lisse droit Ø 80 cm H. 3 ml,u,2087.05,2504.46,,7,JUILLET 2026,800.0,,,,,,,OK
3510,"Médaillon 37,5 x 43,5 cm",u,59.29,71.14,,7,JUILLET 2026,,,375.0,435.0,,,,OK
30.52,½ fût lisse droit Ø 15 cm H. 3 ml,u,88.29,105.95,,7,JUILLET 2026,150.0,,,,,,,OK
3520,"Médaillon 37,5 x 43,5 cm",u,59.29,71.14,,7,JUILLET 2026,,,375.0,435.0,,,,OK
30.53,½ fût lisse droit Ø 20 cm H. 3 ml,u,117.67,141.2,,7,JUILLET 2026,200.0,,,,,,,OK
3530,"Médaillon 37,5 x 43,5 cm",u,59.29,71.14,,7,JUILLET 2026,,,375.0,435.0,,,,OK
30.54,½ fût lisse droit Ø 25 cm H. 3 ml,u,147.23,176.68,,7,JUILLET 2026,250.0,,,,,,,OK
36,Applique sans kit,u,83.86,100.63,,7,JUILLET 2026,,,,,,,,A_VERIFIER
30.54P,"½ fût colonne palme Ø 25 cm H. 2,50",u,339.21,407.05,,7,JUILLET 2026,250.0,,,,,,,OK
3600,Fresque 40 x 50 cm,u,77.09,92.51,,7,JUILLET 2026,,,400.0,500.0,,,,OK
30.55,½ fût lisse droit Ø 30 cm H. 3 ml,u,176.68,212.02,,7,JUILLET 2026,300.0,,,,,,,OK
37,Applique sans kit,u,97.04,116.45,,7,JUILLET 2026,,,,,,,,A_VERIFIER
30.56,½ fût lisse droit Ø 35 cm H. 3 ml,u,205.62,246.75,,7,JUILLET 2026,350.0,,,,,,,OK
3700,Fresque 100 x 52 cm,u,147.39,176.87,,7,JUILLET 2026,,,1000.0,520.0,,,,OK
30.57,½ fût lisse droit Ø 40 cm H. 3 ml,u,234.97,281.96,,7,JUILLET 2026,400.0,,,,,,,OK
3750,Nymphe 12 x 45 cm,u,40.42,48.5,,7,JUILLET 2026,,,120.0,450.0,,,,OK
30.58,½ fût lisse droit Ø 50 cm H. 3 ml,u,327.36,392.83,,7,JUILLET 2026,500.0,,,,,,,OK
3760,Nymphe 12 x 45 cm,u,40.42,48.5,,7,JUILLET 2026,,,120.0,450.0,,,,OK
30.59,½ fût lisse droit Ø 60 cm H. 3 ml,u,538.6,646.32,,7,JUILLET 2026,600.0,,,,,,,OK
3770,Nymphe 12 x 45 cm,u,40.42,48.5,,7,JUILLET 2026,,,120.0,450.0,,,,OK
30.60,½ fût lisse droit Ø 70 cm H. 3 ml,u,639.56,767.48,,7,JUILLET 2026,700.0,,,,,,,OK
3780,Nymphe 12 x 45 cm,u,40.42,48.5,,7,JUILLET 2026,,,120.0,450.0,,,,OK
30.61,½ fût lisse droit Ø 75 cm H. 3 ml,u,774.19,929.02,,7,JUILLET 2026,750.0,,,,,,,OK
38,Applique sans kit,u,100.94,121.13,,7,JUILLET 2026,,,,,,,,A_VERIFIER
30.62,½ fût lisse droit Ø 80 cm H. 3 ml,u,841.56,1009.87,,7,JUILLET 2026,800.0,,,,,,,OK
3800,Angelot,u,43.51,52.21,,7,JUILLET 2026,,,,,,,,A_VERIFIER
30.63,½ fût lisse droit Ø 90 cm H. 3 ml,u,941.78,1130.13,,7,JUILLET 2026,900.0,,,,,,,OK
3900,Fronton 101 x 31 cm,u,78.63,94.35,,7,JUILLET 2026,,,1010.0,310.0,,,,OK
3000,Pilastre 40 x 250 cm,u,367.56,441.08,,7,JUILLET 2026,,,400.0,2500.0,,,,OK
3901,Fronton 112 x 30 cm,u,78.63,94.35,,7,JUILLET 2026,,,1120.0,300.0,,,,OK
30051,Bibliothèque colonne 1 niche,u,900.57,1080.69,,7,JUILLET 2026,,,,,,,,A_VERIFIER
3902,Fronton 99 x 36 cm,u,78.63,94.35,,7,JUILLET 2026,,,990.0,360.0,,,,OK
30052,Bibliothèque colonne 2 niches,u,1342.24,1610.68,,7,JUILLET 2026,,,,,,,,A_VERIFIER
3903,Fronton 120 x 45 cm,u,93.11,111.74,,7,JUILLET 2026,,,1200.0,450.0,,,,OK
30053,Bibliothèque colonne 3 niches,u,1784.0,2140.8,,7,JUILLET 2026,,,,,,,,A_VERIFIER
3904,Fronton 100 x 22 cm,u,78.63,94.35,,7,JUILLET 2026,,,1000.0,220.0,,,,OK
3905,Décor Fleur,u,77.09,92.51,,8,JUILLET 2026,,,,,,,,A_VERIFIER
41.52,½ chapiteau pour fût Ø 40 cm (type 40.,u,104.06,124.87,,8,JUILLET 2026,400.0,,,,,,,OK
3906,Fleur de trumeau,u,31.63,37.96,,8,JUILLET 2026,,,,,,,,A_VERIFIER
41.53,½ chapiteau pour fût Ø 50 cm (type 40.,u,143.08,171.7,,8,JUILLET 2026,500.0,,,,,,,OK
3907,Fronton 174.5 x 40 - ép 4 cm - effet an,u,172.3,206.76,,8,JUILLET 2026,,,,,,,,A_VERIFIER
41.55,½ chapiteau pour fût Ø 35 cm ( type 40,u,93.64,112.37,,8,JUILLET 2026,350.0,,,,,,,OK
40.01,Chapiteau entier,u,360.18,432.21,,8,JUILLET 2026,,,,,,,,A_VERIFIER
41.60,½ chapiteau pour fût Ø 25 cm H.40 cm,u,251.41,301.69,,8,JUILLET 2026,250.0,400.0,,,,,,OK
40.02,Chapiteau entier,u,282.21,338.65,,8,JUILLET 2026,,,,,,,,A_VERIFIER
41.61,½ chapiteau pour fût Ø 30 cm H.54 cm,u,245.24,294.29,,8,JUILLET 2026,300.0,540.0,,,,,,OK
40.03,Chapiteau entier,u,118.6,142.32,,8,JUILLET 2026,,,,,,,,A_VERIFIER
41.70,"½ chapiteau pour fût Ø 16,5 cm H.40 c",u,215.29,258.35,,8,JUILLET 2026,165.0,,,,,,,OK
40.04,Chapiteau entier,u,96.58,115.9,,8,JUILLET 2026,,,,,,,,A_VERIFIER
41.80,½ chapiteau pour fût Ø 50 cm H.60 cm,u,288.57,346.28,,8,JUILLET 2026,500.0,600.0,,,,,,OK
40.05,Chapiteau entier,u,104.01,124.81,,8,JUILLET 2026,,,,,,,,A_VERIFIER
41.81,½ chapiteau pour fût Ø 30 cm H.18 cm,u,211.86,254.24,,8,JUILLET 2026,300.0,180.0,,,,,,OK
40.06,Chapiteau entier,u,89.15,106.98,,8,JUILLET 2026,,,,,,,,A_VERIFIER
41.91,½ chapiteau pour fût Ø 70 cm H. 73 c,u,717.78,861.34,,8,JUILLET 2026,700.0,,,,,,,OK
40.07,Chapiteau entier,u,178.22,213.87,,8,JUILLET 2026,,,,,,,,A_VERIFIER
4100,Décor Loup et Agneau,u,228.22,273.87,,8,JUILLET 2026,,,,,,,,A_VERIFIER
40.07A,Chapiteau entier,u,178.22,213.87,,8,JUILLET 2026,,,,,,,,A_VERIFIER
42,Applique sans kit,u,95.57,114.69,,8,JUILLET 2026,,,,,,,,A_VERIFIER
40.08,Chapiteau entier,u,185.62,222.74,,8,JUILLET 2026,,,,,,,,A_VERIFIER
4200,Coquille,u,11.46,13.75,,8,JUILLET 2026,,,,,,,,A_VERIFIER
40.09,Chapiteau entier,u,118.82,142.59,,8,JUILLET 2026,,,,,,,,A_VERIFIER
4201,Coquille,u,13.21,15.85,,8,JUILLET 2026,,,,,,,,A_VERIFIER
40.10,½ chapiteau,u,198.1,237.72,,8,JUILLET 2026,,,,,,,,A_VERIFIER
43,Applique sans kit,u,95.57,114.69,,8,JUILLET 2026,,,,,,,,A_VERIFIER
40.20,½ chapiteau ionique,u,155.24,186.28,,8,JUILLET 2026,,,,,,,,A_VERIFIER
45,Applique sans kit,u,161.87,194.24,,8,JUILLET 2026,,,,,,,,A_VERIFIER
40.30,½ chapiteau dorique,u,65.22,78.27,,8,JUILLET 2026,,,,,,,,A_VERIFIER
45.01,Socle + collerette pour Ø 15 cm,u,141.11,169.33,,8,JUILLET 2026,150.0,,,,,,,OK
40.40,½ chapiteau,u,53.11,63.73,,8,JUILLET 2026,,,,,,,,A_VERIFIER
45.02,Socle + collerette pour Ø 20 cm,u,141.11,169.33,,8,JUILLET 2026,200.0,,,,,,,OK
40.50,½ chapiteau,u,57.22,68.66,,8,JUILLET 2026,,,,,,,,A_VERIFIER
45.03,Socle + collerette pour Ø 25 cm,u,172.09,206.51,,8,JUILLET 2026,250.0,,,,,,,OK
40.60,½ chapiteau,u,49.03,58.84,,8,JUILLET 2026,,,,,,,,A_VERIFIER
45.04,Socle + collerette pour Ø 30 cm,u,172.09,206.51,,8,JUILLET 2026,300.0,,,,,,,OK
40.61,½ chapiteau (22 x 11 H 11) Ø 15 cm,u,90.3,108.36,,8,JUILLET 2026,150.0,,,,,,,OK
45.05,Socle + collerette pour Ø 35 cm,u,207.35,248.82,,8,JUILLET 2026,350.0,,,,,,,OK
40.70,½ chapiteau,u,98.05,117.66,,8,JUILLET 2026,,,,,,,,A_VERIFIER
45.06,Socle + collerette pour Ø 40 cm,u,207.35,248.82,,8,JUILLET 2026,400.0,,,,,,,OK
40.70A,½ chapiteau,u,89.13,106.96,,8,JUILLET 2026,,,,,,,,A_VERIFIER
45.07,Socle + collerette pour Ø 50 cm,u,277.96,333.55,,8,JUILLET 2026,500.0,,,,,,,OK
40.80,½ chapiteau,u,102.11,122.53,,8,JUILLET 2026,,,,,,,,A_VERIFIER
45.08,Socle + collerette pour Ø 60 cm,u,318.16,381.8,,8,JUILLET 2026,600.0,,,,,,,OK
40.90,½ chapiteau ionique Ø 15 cm,u,51.22,61.46,,8,JUILLET 2026,150.0,,,,,,,OK
45.09,Socle + collerette pour Ø 70 cm,u,373.68,448.41,,8,JUILLET 2026,700.0,,,,,,,OK
4000,Décor Panier,u,107.98,129.58,,8,JUILLET 2026,,,,,,,,A_VERIFIER
45.10,Socle + collerette pour Ø 75 cm,u,373.68,448.41,,8,JUILLET 2026,750.0,,,,,,,OK
4001,Décor 60 x 30 cm,u,107.98,129.58,,8,JUILLET 2026,,,600.0,300.0,,,,OK
45.11,Socle + collerette pour Ø 80 cm,u,479.65,575.58,,8,JUILLET 2026,800.0,,,,,,,OK
41,Applique sans kit,u,95.57,114.69,,8,JUILLET 2026,,,,,,,,A_VERIFIER
45.12,Socle + collerette pour Ø 90 cm,u,479.65,575.58,,8,JUILLET 2026,900.0,,,,,,,OK
41.01,Chapiteau pour Ø 30 cm (type 40.05),u,125.44,150.53,,8,JUILLET 2026,300.0,,,,,,,OK
45.51,½ socle + ½ collerette basse pour fût Ø,u,66.48,79.78,,8,JUILLET 2026,,,,,,,,A_VERIFIER
41.02,Chapiteau pour Ø 40 cm (type 40.05),u,166.38,199.66,,8,JUILLET 2026,400.0,,,,,,,OK
45.51C,½ collerette basse pour fût Ø 15 cm,u,75.74,90.89,,8,JUILLET 2026,150.0,,,,,,,OK
41.03,Chapiteau pour Ø 50 cm (type 40.05),u,207.98,249.57,,8,JUILLET 2026,500.0,,,,,,,OK
45.52,½ socle + ½ collerette basse pour fût Ø,u,66.48,79.78,,8,JUILLET 2026,,,,,,,,A_VERIFIER
41.05,Chapiteau corinthien H.45 cm Ø 25 cm,u,413.74,496.48,,8,JUILLET 2026,250.0,450.0,,,,,,OK
45.53,½ socle + ½ collerette basse pour fût Ø,u,80.47,96.56,,8,JUILLET 2026,,,,,,,,A_VERIFIER
41.06,Chapiteau corinthien H.40 cm Ø 25 cm,u,392.41,470.89,,8,JUILLET 2026,250.0,400.0,,,,,,OK
45.54,½ socle + ½ collerette basse pour fût Ø,u,80.47,96.56,,8,JUILLET 2026,,,,,,,,A_VERIFIER
41.07,"Chapiteau corinthien H.40 cm Ø 16,5 c",u,336.14,403.37,,8,JUILLET 2026,,400.0,,,,,,OK
45.55,½ socle + ½ collerette basse pour fût Ø,u,97.09,116.5,,8,JUILLET 2026,,,,,,,,A_VERIFIER
41.08,Chapiteau H.60 cm Ø 50 cm,u,450.42,540.51,,8,JUILLET 2026,500.0,600.0,,,,,,OK
45.56,½ socle + ½ collerette pour fût Ø 40 c,u,97.09,116.5,,8,JUILLET 2026,,,,,,,,A_VERIFIER
41.10,Chapiteau lisse H.54 cm Ø 30 cm,u,392.41,470.89,,8,JUILLET 2026,300.0,540.0,,,,,,OK
45.57,½ socle + ½ collerette pour fût Ø 50 c,u,127.99,153.59,,8,JUILLET 2026,,,,,,,,A_VERIFIER
41.11,Chapiteau palmes H. 60 cm Ø25 cm,u,392.41,470.89,,8,JUILLET 2026,250.0,600.0,,,,,,OK
45.58,½ socle + ½ collerette pour fût Ø 60 c,u,146.37,175.64,,8,JUILLET 2026,,,,,,,,A_VERIFIER
41.12,"Chapiteau corinthien H. 51,5 cm Ø 35",u,510.1,612.12,,8,JUILLET 2026,,515.0,,,,,,OK
45.59,½ socle + ½ collerette pour fût Ø 70 c,u,176.65,211.98,,8,JUILLET 2026,,,,,,,,A_VERIFIER
41.15,Console - chapiteau,u,755.02,906.03,,8,JUILLET 2026,,,,,,,,A_VERIFIER
45.60,½ socle + ½ collerette pour fût Ø 75 c,u,176.65,211.98,,8,JUILLET 2026,,,,,,,,A_VERIFIER
41.16,Chapiteau lisse Ø 30 cm H. 50 cm,u,392.42,470.9,,8,JUILLET 2026,300.0,500.0,,,,,,OK
45.61,½ socle + ½ collerette pour fût Ø 80 c,u,217.36,260.83,,8,JUILLET 2026,,,,,,,,A_VERIFIER
41.17,Chapiteau palmes Ø 40 cm H. 51 cm,u,392.42,470.9,,8,JUILLET 2026,400.0,510.0,,,,,,OK
45.62,½ socle + ½ collerette pour fût Ø 90 c,u,217.22,260.67,,8,JUILLET 2026,,,,,,,,A_VERIFIER
41.18,Chapiteau ionique Ø 30 cm H.18 cm,u,339.07,406.88,,8,JUILLET 2026,300.0,180.0,,,,,,OK
4500,Fresque 118 x 34 cm,u,79.81,95.78,,8,JUILLET 2026,,,1180.0,340.0,,,,OK
41.19,Chapiteau pour fut Ø 70 cm H. 73cm,u,1148.45,1378.14,,8,JUILLET 2026,700.0,730.0,,,,,,OK
4501,Médaillon 68 x 58 cm,u,89.83,107.79,,8,JUILLET 2026,,,680.0,580.0,,,,OK
41.21,"½ chapiteau pour fût Ø 35 cm H. 51,5",u,326.78,392.13,,8,JUILLET 2026,350.0,,,,,,,OK
4502,Médaillon 68 x 58 cm,u,89.83,107.79,,8,JUILLET 2026,,,680.0,580.0,,,,OK
41.50,½ chapiteau pour fût Ø 25 cm H.45 cm,u,265.05,318.05,,8,JUILLET 2026,250.0,450.0,,,,,,OK
4503,Médaillon 68 x 58 cm,u,89.83,107.79,,8,JUILLET 2026,,,680.0,580.0,,,,OK
41.51,½ chapiteau pour fût Ø30 cm (type 40.,u,84.59,101.51,,8,JUILLET 2026,300.0,,,,,,,OK
4504,Médaillon 68 x 58 cm,u,89.83,107.79,,8,JUILLET 2026,,,680.0,580.0,,,,OK
4505,Fresque 71 x 50 cm,u,96.54,115.85,,9,JUILLET 2026,,,710.0,500.0,,,,OK
7001,Balustre n°1,u,76.05,91.26,,9,JUILLET 2026,,,,,,,,A_VERIFIER
4506,Médaillon 80 x 65 cm,u,111.48,133.77,,9,JUILLET 2026,,,800.0,650.0,,,,OK
7002,Balustre n°2,u,76.05,91.26,,9,JUILLET 2026,,,,,,,,A_VERIFIER
4507,Médaillon 81 x 66 cm,u,111.48,133.77,,9,JUILLET 2026,,,810.0,660.0,,,,OK
7003,Balustre n°3,u,76.05,91.26,,9,JUILLET 2026,,,,,,,,A_VERIFIER
4508,Médaillon 37 x 27 cm,u,46.62,55.94,,9,JUILLET 2026,,,370.0,270.0,,,,OK
7004,Main courante en 2 ml,ml,66.55,79.85,,9,JUILLET 2026,,,,,,,2000.0,OK
4509,Médaillon 37 x 27 cm,u,46.62,55.94,,9,JUILLET 2026,,,370.0,270.0,,,,OK
7005,Socle en 2 ml,ml,127.83,153.4,,9,JUILLET 2026,,,,,,,2000.0,OK
46,Applique sans kit - Produit en cours d'a,u,154.08,184.9,,9,JUILLET 2026,,,,,,,,A_VERIFIER
7006,Poteau avec plateau du dessus,u,225.05,270.06,,9,JUILLET 2026,,,,,,,,A_VERIFIER
48A,Applique d'angle sans kit,u,83.86,100.63,,9,JUILLET 2026,,,,,,,,A_VERIFIER
7035,"Parement LABRYS - à l'unité - 30,4 x 4",u,35.18,42.22,,9,JUILLET 2026,,,,,,,,A_VERIFIER
50.050,Dalle 60 x 60 cm,u,18.96,22.76,*,9,JUILLET 2026,,,600.0,600.0,,,,OK
7036,Parement MULTIFACE (0.40 m2) - 10,u,49.57,59.48,,9,JUILLET 2026,,,,,,,,A_VERIFIER
50.ATLA,Dalle Atlas 60 x 60 cm,u,18.96,22.76,*,9,JUILLET 2026,,,600.0,600.0,,,,OK
7036PLIN,"Plinthe MULTIFACE 1,42 ml - h : 16,9",u,33.57,40.28,,9,JUILLET 2026,,,,,,,,A_VERIFIER
50.LET1,Dalle palmier 40 x 40 cm droite,u,19.9,23.88,,9,JUILLET 2026,,,400.0,400.0,,,,OK
7036U,"U MULTIFACE - 1 carreau (0,05m²) - 2",u,13.29,15.95,,9,JUILLET 2026,,,,,,,,A_VERIFIER
50.LET2,Dalle palmier 40 x 40 cm gauche,u,19.9,23.88,,9,JUILLET 2026,,,400.0,400.0,,,,OK
7038,"Pierre ""Tetris"" 110 x 84 - 0.71m² model",u,61.33,73.6,,9,JUILLET 2026,,,,,,,,A_VERIFIER
50.LET3,Dalle palmier 40 x 40 cm,u,19.9,23.88,,9,JUILLET 2026,,,400.0,400.0,,,,OK
7039A,Parement FLOWER modèle A - à l'unit,u,27.09,32.51,,9,JUILLET 2026,,,,,,,,A_VERIFIER
50.NIAG,Caisson Niagara 60 x 60 cm,u,32.07,38.49,*,9,JUILLET 2026,,,600.0,600.0,,,,OK
7039B,Parement FLOWER modèle B - à l'unit,u,27.09,32.51,,9,JUILLET 2026,,,,,,,,A_VERIFIER
50.SIER,Caisson Sierra 60 x 60 cm,u,26.69,32.02,*,9,JUILLET 2026,,,600.0,600.0,,,,OK
7040,Pierre Joint Sec GM 100 x 72.5 - 0.56,u,29.43,35.31,,9,JUILLET 2026,,,,,,,,A_VERIFIER
5001,Meuble 1N+Av. TV colonne cannelée,u,3263.41,3916.09,*,9,JUILLET 2026,,,,,,,,A_VERIFIER
7041,Pierre Joint Sec PM 95 x 72 - 0.61m²,u,42.3,50.76,,9,JUILLET 2026,,,,,,,,A_VERIFIER
5002,Meuble avancée TV 2P32 1 niche+1P,u,3622.4,4346.87,*,9,JUILLET 2026,,,,,,,,A_VERIFIER
7048,Pierre de parement blanche,u,55.92,67.11,*,9,JUILLET 2026,,,,,,,,A_VERIFIER
5003,Meuble avancée TV 1P50 1 niche+1P,u,4377.01,5252.41,*,9,JUILLET 2026,,,,,,,,A_VERIFIER
7049,Pierre teintée sans sable,u,62.65,75.18,*,9,JUILLET 2026,,,,,,,,A_VERIFIER
5004,Meuble 2P50 2Niches + Avancee TV +,u,5825.99,6991.18,*,9,JUILLET 2026,,,,,,,,A_VERIFIER
7051,"Moulure pierre teintée en 1,50 ml",ml,24.98,29.98,*,9,JUILLET 2026,,,,,,,1500.0,OK
5041,Meuble Bib. colonnes cannelées 1P50,u,1494.23,1793.07,*,9,JUILLET 2026,,,,,,,,A_VERIFIER
7053,"Moulure pierre blanche en 1,50 ml",ml,24.98,29.98,*,9,JUILLET 2026,,,,,,,1500.0,OK
5042,Meuble Bib. 2P50 2 niches colonnes c,u,2248.92,2698.71,*,9,JUILLET 2026,,,,,,,,A_VERIFIER
7060,Briquette 87 x 60 PM + 8 briquettes rac,u,29.43,35.31,,9,JUILLET 2026,,,,,,,,A_VERIFIER
5043,Meuble Bib. colonne cannelée 3P50 3,u,3018.6,3622.33,*,9,JUILLET 2026,,,,,,,,A_VERIFIER
7061,"Briquette ""NEW YORK"" 93,5 x 54 GM",u,29.43,35.31,,9,JUILLET 2026,,,,,,,,A_VERIFIER
5044,Meuble Bib. colonnes cannelées 1 nich,u,2043.81,2452.57,*,9,JUILLET 2026,,,,,,,,A_VERIFIER
7062,Parement MOSAIC carton de 10 unités,u,73.31,87.97,,9,JUILLET 2026,,,,,,,,A_VERIFIER
5051,Meuble Bib. colonnes lisses 1P50 1nic,u,1494.23,1793.07,*,9,JUILLET 2026,,,,,,,,A_VERIFIER
7063-1,R.R. Collection - Plat -,u,13.21,15.85,,9,JUILLET 2026,,,,,,,,A_VERIFIER
5052,Meuble Bib. colonnes lisses 2P50 2 nic,u,2248.92,2698.71,*,9,JUILLET 2026,,,,,,,,A_VERIFIER
7063-2,R.R. Collection - Plat et Incurvé -,u,13.21,15.85,,9,JUILLET 2026,,,,,,,,A_VERIFIER
5053,Meuble Bib. colonne lisse 3P50 3 nich,u,3018.6,3622.33,*,9,JUILLET 2026,,,,,,,,A_VERIFIER
7063-3,R.R. Collection - Volume et Incurvé -,u,13.21,15.85,,9,JUILLET 2026,,,,,,,,A_VERIFIER
5054.,Meuble Bib. 1 angle 1P50 1niche colon,u,2043.81,2452.57,*,9,JUILLET 2026,,,,,,,,A_VERIFIER
7063-4,R.R. Collection - Volume -,u,13.21,15.85,,9,JUILLET 2026,,,,,,,,A_VERIFIER
50BC,Equipement LED 3000 K 13W,u,90.65,108.77,,9,JUILLET 2026,,,,,,,,A_VERIFIER
7070,"Panneau Bulle 119,5 x 59,5 cm",u,51.82,62.18,,9,JUILLET 2026,,,1195.0,595.0,,,,OK
50BN,Equipement LED 4000 K 13W,u,90.64,108.76,,9,JUILLET 2026,,,,,,,,A_VERIFIER
7071,"Panneau Golf 119,5 x 59,5 cm",u,46.89,56.27,,9,JUILLET 2026,,,1195.0,595.0,,,,OK
50F,Equipement fluo 2G7,u,86.3,103.56,,9,JUILLET 2026,,,,,,,,A_VERIFIER
7072,Panneau Capiton 120 x 60 cm,u,55.08,66.1,,9,JUILLET 2026,,,1200.0,600.0,,,,OK
50Y,Equipement douille 27,u,21.37,25.64,,9,JUILLET 2026,,,,,,,,A_VERIFIER
7073,Panneau Macarons 120 x 60 cm,u,46.89,56.27,,9,JUILLET 2026,,,1200.0,600.0,,,,OK
51A,Kit d'angle douille E27,u,21.37,25.64,,9,JUILLET 2026,,,,,,,,A_VERIFIER
7074,Panneau Virgules 120 x 60 cm,u,46.89,56.27,,9,JUILLET 2026,,,1200.0,600.0,,,,OK
52,Kit douille E27,u,21.44,25.73,,9,JUILLET 2026,,,,,,,,A_VERIFIER
7075,Panneau Caro 120 x 60 cm,u,55.08,66.1,,9,JUILLET 2026,,,1200.0,600.0,,,,OK
56,Kit fluo-compacte,u,35.68,42.81,,9,JUILLET 2026,,,,,,,,A_VERIFIER
7078,Panneau Diamant 120 x 60 cm,u,46.89,56.27,,9,JUILLET 2026,,,1200.0,600.0,,,,OK
57,Kit fluo-compacte G24D2,u,35.68,42.81,,9,JUILLET 2026,,,,,,,,A_VERIFIER
7079,Panneau Motif encaissé (3mm) 120 x 6,u,46.92,56.3,,9,JUILLET 2026,,,,,,,,A_VERIFIER
60,Applique + kit 57,u,207.84,249.41,,9,JUILLET 2026,,,,,,,,A_VERIFIER
7080,Parement SQUADRA 53 x 53 cm,u,44.23,53.08,,9,JUILLET 2026,,,530.0,530.0,,,,OK
61,Applique + kit 57,u,199.7,239.64,,9,JUILLET 2026,,,,,,,,A_VERIFIER
7091,Parement 284 x 63.5 - ép 3 cm,u,273.16,327.79,,9,JUILLET 2026,,,,,,,,A_VERIFIER
62,Applique + kit 57,u,204.11,244.93,,9,JUILLET 2026,,,,,,,,A_VERIFIER
70A,Applique d'angle sans kit,u,92.61,111.13,,9,JUILLET 2026,,,,,,,,A_VERIFIER
63,Applique + kit 57,u,192.28,230.74,,9,JUILLET 2026,,,,,,,,A_VERIFIER
71,Applique sans kit,u,154.08,184.9,,9,JUILLET 2026,,,,,,,,A_VERIFIER
64,Applique + kit 57,u,215.31,258.37,,9,JUILLET 2026,,,,,,,,A_VERIFIER
71A,Applique d'angle sans kit,u,169.46,203.35,,9,JUILLET 2026,,,,,,,,A_VERIFIER
65A,Applique d'angle + kit 57A,u,192.28,230.74,,9,JUILLET 2026,,,,,,,,A_VERIFIER
72,Applique sans kit,u,68.3,81.96,,9,JUILLET 2026,,,,,,,,A_VERIFIER
66,Applique sans kit,u,92.61,111.13,,9,JUILLET 2026,,,,,,,,A_VERIFIER
73,Applique sans kit,u,79.26,95.11,,9,JUILLET 2026,,,,,,,,A_VERIFIER
67,Applique sans kit,u,92.61,111.13,,9,JUILLET 2026,,,,,,,,A_VERIFIER
74,Applique sans kit - kit 52 uniquement,u,98.56,118.27,,9,JUILLET 2026,,,,,,,,A_VERIFIER
68,Applique sans kit,u,110.88,133.06,,9,JUILLET 2026,,,,,,,,A_VERIFIER
74000,Encadrement 26 x 17 cm,u,38.6,46.32,,9,JUILLET 2026,,,260.0,170.0,,,,OK
69A,Applique d'angle sans kit,u,92.61,111.13,,9,JUILLET 2026,,,,,,,,A_VERIFIER
74500,Encadrement 40 x 32 cm,u,84.15,100.98,,9,JUILLET 2026,,,400.0,320.0,,,,OK
70000,Encadrement 58 x 48 cm,u,89.15,106.98,,9,JUILLET 2026,,,580.0,480.0,,,,OK
74510,"Encadrement 37,5 x 33 cm",u,70.73,84.87,,9,JUILLET 2026,,,375.0,330.0,,,,OK
74520,"Encadrement 83,5 x 64 cm",u,151.5,181.8,,10,JUILLET 2026,,,835.0,640.0,,,,OK
903.83,Ensemble de porte profil n°3,u,60.41,72.49,,10,JUILLET 2026,,,,,,,,A_VERIFIER
74600,Encadrement 50 x 58 cm,u,89.15,106.98,,10,JUILLET 2026,,,500.0,580.0,,,,OK
9031,Lambris n°3 - 80 x 50 cm,u,52.16,62.59,,10,JUILLET 2026,,,800.0,500.0,,,,OK
74601,Encadrement 62 x 83 cm,u,151.5,181.8,,10,JUILLET 2026,,,620.0,830.0,,,,OK
9031.63,Lambris n°3 - 80 x 40 cm,u,57.42,68.9,,10,JUILLET 2026,,,800.0,400.0,,,,OK
74602,"Encadrement 103,5 x 74,5 cm",u,185.44,222.53,,10,JUILLET 2026,,,1035.0,745.0,,,,OK
9031.83,Lambris n°3 - 80 x 60 cm,u,57.42,68.9,,10,JUILLET 2026,,,800.0,600.0,,,,OK
74700,Encadrement 84 x 65 cm,u,151.5,181.8,,10,JUILLET 2026,,,840.0,650.0,,,,OK
9032,Lambris n°3 - 20 x 50 cm,u,17.12,20.55,,10,JUILLET 2026,,,200.0,500.0,,,,OK
75,Applique sans kit,u,98.05,117.66,,10,JUILLET 2026,,,,,,,,A_VERIFIER
9032.63,Lambris n°3 - 20 x 40 cm,u,18.86,22.63,,10,JUILLET 2026,,,200.0,400.0,,,,OK
7500,Parement Dune 60 x 60cm avec joint c,u,27.19,32.63,,10,JUILLET 2026,,,600.0,600.0,,,,OK
9032.83,Lambris n°3 - 20 x 60 cm,u,18.86,22.63,,10,JUILLET 2026,,,200.0,600.0,,,,OK
75000,Encadrement 24 x 21 cm,u,45.91,55.09,,10,JUILLET 2026,,,240.0,210.0,,,,OK
9033,Lambris n°3 - 55 x 50 cm,u,34.19,41.02,,10,JUILLET 2026,,,550.0,500.0,,,,OK
7502,Parement Square 60 x 60cm avec joint,u,27.19,32.63,,10,JUILLET 2026,,,600.0,600.0,,,,OK
9041,Panneau soubassement ornementé 80,u,64.3,77.16,,10,JUILLET 2026,,,,,,,,A_VERIFIER
76,Applique sans Kit,u,211.6,253.92,,10,JUILLET 2026,,,,,,,,A_VERIFIER
9043,Panneau soubassement ornementé 50,u,42.86,51.44,,10,JUILLET 2026,,,,,,,,A_VERIFIER
77,Applique sans kit,u,98.05,117.66,,10,JUILLET 2026,,,,,,,,A_VERIFIER
9044,Panneau soubassement 50 x 30 cm,u,19.29,23.15,,10,JUILLET 2026,,,500.0,300.0,,,,OK
78,Applique sans kit,u,98.05,117.66,,10,JUILLET 2026,,,,,,,,A_VERIFIER
9045,Panneau soubassement 50 x 120 cm,u,53.58,64.3,,10,JUILLET 2026,,,500.0,1200.0,,,,OK
79,Applique sans kit,u,109.54,131.44,,10,JUILLET 2026,,,,,,,,A_VERIFIER
91,"Applique ""Proue Paquebot""",u,158.66,190.39,,10,JUILLET 2026,,,,,,,,A_VERIFIER
80,Applique carrée 36x36 cm + source LE,u,222.9,267.47,2,10,JUILLET 2026,,,360.0,360.0,,,,OK
91000,Encadrement 150 x 96 cm,u,297.11,356.53,,10,JUILLET 2026,,,1500.0,960.0,,,,OK
80000,Encadrement 55 x 45 cm,u,89.15,106.98,,10,JUILLET 2026,,,550.0,450.0,,,,OK
911.63,Ensemble de porte profil n°1,u,49.9,59.88,,10,JUILLET 2026,,,,,,,,A_VERIFIER
81,Applique carrée 54x54 cm + source LE,u,293.58,352.3,2,10,JUILLET 2026,,,540.0,540.0,,,,OK
911.73,Ensemble de porte profil n°1,u,55.16,66.19,,10,JUILLET 2026,,,,,,,,A_VERIFIER
82,Applique sans kit,u,98.05,117.66,,10,JUILLET 2026,,,,,,,,A_VERIFIER
911.83,Ensemble de porte profil n°1,u,60.41,72.49,,10,JUILLET 2026,,,,,,,,A_VERIFIER
83D,Applique sans kit,u,109.54,131.44,,10,JUILLET 2026,,,,,,,,A_VERIFIER
912.63,Ensemble de porte profil n°2,u,49.9,59.88,,10,JUILLET 2026,,,,,,,,A_VERIFIER
83G,Applique sans kit,u,109.54,131.44,,10,JUILLET 2026,,,,,,,,A_VERIFIER
912.73,Ensemble de porte profil n°2,u,55.16,66.19,,10,JUILLET 2026,,,,,,,,A_VERIFIER
85,Applique Panthère,u,78.45,94.14,,10,JUILLET 2026,,,,,,,,A_VERIFIER
912.83,Ensemble de porte profil n°2,u,60.41,72.49,,10,JUILLET 2026,,,,,,,,A_VERIFIER
86,Applique Masque Africain,u,90.23,108.27,,10,JUILLET 2026,,,,,,,,A_VERIFIER
913.63,Ensemble de porte profil n°3,u,49.9,59.88,,10,JUILLET 2026,,,,,,,,A_VERIFIER
87,Applique Fruits,u,78.45,94.14,,10,JUILLET 2026,,,,,,,,A_VERIFIER
913.73,Ensemble de porte profil n°3,u,55.16,66.19,,10,JUILLET 2026,,,,,,,,A_VERIFIER
87500,Encadrement 64 x 54 cm,u,122.42,146.9,,10,JUILLET 2026,,,640.0,540.0,,,,OK
913.83,Ensemble de porte profil n°3,u,60.41,72.49,,10,JUILLET 2026,,,,,,,,A_VERIFIER
88,Applique Perroquets,u,86.3,103.56,,10,JUILLET 2026,,,,,,,,A_VERIFIER
92,"Applique ""Remorqueur Vapeur""",u,158.65,190.38,,10,JUILLET 2026,,,,,,,,A_VERIFIER
89,Applique Dauphins,u,117.71,141.25,,10,JUILLET 2026,,,,,,,,A_VERIFIER
9200+P,"Moulure type lambris 9200 en 1,50 ml",ml,16.26,19.52,,10,JUILLET 2026,,,,,,,1500.0,OK
90,Applique Paquebot,u,158.66,190.39,,10,JUILLET 2026,,,,,,,,A_VERIFIER
9201,Lambris décaissé 30 x 55 cm,u,20.43,24.52,,10,JUILLET 2026,,,300.0,550.0,,,,OK
90000,Encadrement 104 x 77 cm,u,198.08,237.7,,10,JUILLET 2026,,,1040.0,770.0,,,,OK
9202,Lambris décaissé 40 x 55 cm,u,23.35,28.03,,10,JUILLET 2026,,,400.0,550.0,,,,OK
90003,Encadrement 124 x 77 cm,u,242.62,291.14,,10,JUILLET 2026,,,1240.0,770.0,,,,OK
9203,Lambris décaissé 50 x 55 cm,u,29.11,34.93,,10,JUILLET 2026,,,500.0,550.0,,,,OK
9001,Lambris n°1 - 80 x 50 cm,u,54.54,65.44,,10,JUILLET 2026,,,800.0,500.0,,,,OK
9204,Lambris décaissé 60 x 55 cm,u,37.82,45.39,,10,JUILLET 2026,,,600.0,550.0,,,,OK
9002,Lambris n°1 - 20 x 50 cm,u,18.26,21.91,,10,JUILLET 2026,,,200.0,500.0,,,,OK
9205,Lambris décaissé 80 x 55 cm,u,46.57,55.89,,10,JUILLET 2026,,,800.0,550.0,,,,OK
9003,Lambris n°1 - 55 x 50 cm,u,36.41,43.7,,10,JUILLET 2026,,,550.0,500.0,,,,OK
9206,Lambris décaissé 100 x 55 cm,u,58.21,69.86,,10,JUILLET 2026,,,1000.0,550.0,,,,OK
901.63,Ensemble de porte profil n°1,u,49.9,59.88,,10,JUILLET 2026,,,,,,,,A_VERIFIER
921.63,Ensemble de porte profil n°1,u,49.9,59.88,,10,JUILLET 2026,,,,,,,,A_VERIFIER
901.73,Ensemble de porte profil n°1,u,55.16,66.19,,10,JUILLET 2026,,,,,,,,A_VERIFIER
921.73,Ensemble de porte profil n°1,u,55.16,66.19,,10,JUILLET 2026,,,,,,,,A_VERIFIER
901.83,Ensemble de porte profil n°1,u,60.41,72.49,,10,JUILLET 2026,,,,,,,,A_VERIFIER
921.83,Ensemble de porte profil n°1,u,60.41,72.49,,10,JUILLET 2026,,,,,,,,A_VERIFIER
9011,Lambris n°2 - 80 x 50 cm,u,52.16,62.59,,10,JUILLET 2026,,,800.0,500.0,,,,OK
9211,Lambris décaissé 30 x 75 cm,u,25.46,30.55,,10,JUILLET 2026,,,300.0,750.0,,,,OK
9012,Lambris n°2 - 20 x 50 cm,u,17.12,20.55,,10,JUILLET 2026,,,200.0,500.0,,,,OK
9212,Lambris décaissé 40 x 75 cm,u,29.11,34.93,,10,JUILLET 2026,,,400.0,750.0,,,,OK
9013,Lambris n°2 - 55 x 50 cm,u,34.19,41.02,,10,JUILLET 2026,,,550.0,500.0,,,,OK
9213,Lambris décaissé 50 x 75 cm,u,37.09,44.5,,10,JUILLET 2026,,,500.0,750.0,,,,OK
902.63,Ensemble de porte profil n°2,u,49.9,59.88,,10,JUILLET 2026,,,,,,,,A_VERIFIER
9214,Lambris décaissé 60 x 75 cm,u,47.32,56.78,,10,JUILLET 2026,,,600.0,750.0,,,,OK
902.73,Ensemble de porte profil n°2,u,55.16,66.19,,10,JUILLET 2026,,,,,,,,A_VERIFIER
9215,Lambris décaissé 80 x 75 cm,u,58.21,69.86,,10,JUILLET 2026,,,800.0,750.0,,,,OK
902.83,Ensemble de porte profil n°2,u,60.41,72.49,,10,JUILLET 2026,,,,,,,,A_VERIFIER
9216,Lambris décaissé 100 x 75 cm,u,72.75,87.3,,10,JUILLET 2026,,,1000.0,750.0,,,,OK
9020,Lambris 118 x 70 cm,u,95.21,114.25,,10,JUILLET 2026,,,1180.0,700.0,,,,OK
922.63,Ensemble de porte profil n°2,u,49.9,59.88,,10,JUILLET 2026,,,,,,,,A_VERIFIER
9021,Lambris 86 x 70 cm,u,72.28,86.74,,10,JUILLET 2026,,,860.0,700.0,,,,OK
922.73,Ensemble de porte profil n°2,u,55.16,66.19,,10,JUILLET 2026,,,,,,,,A_VERIFIER
9025,Lambris 120 x 32 cm,u,62.13,74.56,,10,JUILLET 2026,,,1200.0,320.0,,,,OK
922.83,Ensemble de porte profil n°2,u,60.41,72.49,,10,JUILLET 2026,,,,,,,,A_VERIFIER
903.63,Ensemble de porte profil n°3,u,49.9,59.88,,10,JUILLET 2026,,,,,,,,A_VERIFIER
9221,Lambris décaissé 30 x 85 cm,u,28.4,34.08,,10,JUILLET 2026,,,300.0,850.0,,,,OK
903.73,Ensemble de porte profil n°3,u,55.16,66.19,,10,JUILLET 2026,,,,,,,,A_VERIFIER
9222,Lambris décaissé 40 x 85 cm,u,32.74,39.28,,10,JUILLET 2026,,,400.0,850.0,,,,OK
9223,Lambris décaissé 50 x 85 cm,u,41.49,49.79,,11,JUILLET 2026,,,500.0,850.0,,,,OK
94D,Applique voilier droite,u,141.2,169.44,,11,JUILLET 2026,,,,,,,,A_VERIFIER
9224,Lambris décaissé 60 x 85 cm,u,52.4,62.88,,11,JUILLET 2026,,,600.0,850.0,,,,OK
94G,Applique voilier gauche,u,141.2,169.44,,11,JUILLET 2026,,,,,,,,A_VERIFIER
9225,Lambris décaissé 80 x 85 cm,u,65.53,78.63,,11,JUILLET 2026,,,800.0,850.0,,,,OK
95,Applique Palmiers,u,78.45,94.14,,11,JUILLET 2026,,,,,,,,A_VERIFIER
9226,Lambris décaissé 100 x 85 cm,u,81.52,97.82,,11,JUILLET 2026,,,1000.0,850.0,,,,OK
950.63,Ensemble de porte profil n°1,u,49.9,59.88,,11,JUILLET 2026,,,,,,,,A_VERIFIER
9227,Lambris décaissé 70 x 85 cm,u,63.56,76.27,,11,JUILLET 2026,,,700.0,850.0,,,,OK
950.73,Ensemble de porte profil n°1,u,55.16,66.19,,11,JUILLET 2026,,,,,,,,A_VERIFIER
9228,Lambris décaissé 90 x 85 cm,u,77.97,93.56,,11,JUILLET 2026,,,900.0,850.0,,,,OK
950.83,Ensemble de porte profil n°1,u,60.41,72.49,,11,JUILLET 2026,,,,,,,,A_VERIFIER
9280,Intercalaire 85 x 4 x ép. 2.30 cm,u,7.97,9.57,,11,JUILLET 2026,,,,,,,,A_VERIFIER
95001,Encadrement 144 x 91 cm,u,247.22,296.66,,11,JUILLET 2026,,,1440.0,910.0,,,,OK
930.63,Ensemble de porte profil n°1,u,49.9,59.88,,11,JUILLET 2026,,,,,,,,A_VERIFIER
95004,Encadrement 157 x 91 cm,u,309.48,371.37,,11,JUILLET 2026,,,1570.0,910.0,,,,OK
930.73,Ensemble de porte profil n°1,u,55.16,66.19,,11,JUILLET 2026,,,,,,,,A_VERIFIER
95005,Encadrement 144 x 104 cm,u,308.31,369.97,,11,JUILLET 2026,,,1440.0,1040.0,,,,OK
930.83,Ensemble de porte profil n°1,u,60.41,72.49,,11,JUILLET 2026,,,,,,,,A_VERIFIER
952.63,Ensemble de porte profil n°2,u,49.9,59.88,,11,JUILLET 2026,,,,,,,,A_VERIFIER
9301,"Plate bande en 1,75 ml",ml,16.7,20.03,,11,JUILLET 2026,,,,,,,1750.0,OK
952.73,Ensemble de porte profil n°2,u,55.16,66.19,,11,JUILLET 2026,,,,,,,,A_VERIFIER
9302,"Plate bande étroite en 1,75 ml",ml,10.55,12.66,,11,JUILLET 2026,,,,,,,1750.0,OK
952.83,Ensemble de porte profil n°2,u,60.41,72.49,,11,JUILLET 2026,,,,,,,,A_VERIFIER
9303,"Plate bande double en 1,75 ml",ml,21.25,25.5,,11,JUILLET 2026,,,,,,,1750.0,OK
96,Applique Chevalier,u,117.71,141.25,2,11,JUILLET 2026,,,,,,,,A_VERIFIER
9304,"Moulure en 2,20 ml",ml,21.5,25.8,,11,JUILLET 2026,,,,,,,2200.0,OK
960.00,Ensemble porte contemporain 3 panne,u,57.93,69.52,,11,JUILLET 2026,,,,,,,,A_VERIFIER
9310,Angle de plate bande R.15 cm,u,29.11,34.93,,11,JUILLET 2026,,,,,,,,A_VERIFIER
96001,Encadrement 120 x 67 cm,u,237.64,285.16,,11,JUILLET 2026,,,1200.0,670.0,,,,OK
9311,Angle de plate bande R.20 cm,u,35.58,42.7,,11,JUILLET 2026,,,,,,,,A_VERIFIER
97,Applique Eléphants,u,78.45,94.14,,11,JUILLET 2026,,,,,,,,A_VERIFIER
9312,Angle de plate bande R.30 cm,u,42.09,50.5,,11,JUILLET 2026,,,,,,,,A_VERIFIER
970.00,Ensemble porte contemporaine,u,57.93,69.52,,11,JUILLET 2026,,,,,,,,A_VERIFIER
9315.23,Elément de cimaise 23 cm,u,7.97,9.57,,11,JUILLET 2026,,,,,,,,A_VERIFIER
97001,Encadrement 122 x 75 cm,u,259.95,311.94,,11,JUILLET 2026,,,1220.0,750.0,,,,OK
9315.30,Elément de cimaise 30 cm,u,8.75,10.5,,11,JUILLET 2026,,,,,,,,A_VERIFIER
97200,Encadrement 130 x 80 cm sans miroir,u,269.25,323.1,*,11,JUILLET 2026,,,1300.0,800.0,,,,OK
9315C,"Cimaise en 1,50 ml",ml,18.14,21.77,,11,JUILLET 2026,,,,,,,1500.0,OK
97300,"Encadrement 122,5 x 84,5 cm + glace",u,891.01,1069.22,*,11,JUILLET 2026,,,1225.0,845.0,,,,OK
932.63,Ensemble de porte profil n°2,u,49.9,59.88,,11,JUILLET 2026,,,,,,,,A_VERIFIER
97500,Encadrement 92 x 67 cm,u,198.9,238.68,,11,JUILLET 2026,,,920.0,670.0,,,,OK
932.73,Ensemble de porte profil n°2,u,55.16,66.19,,11,JUILLET 2026,,,,,,,,A_VERIFIER
98,Grand voilier avec equipement et amp,u,263.09,315.71,2,11,JUILLET 2026,,,,,,,,A_VERIFIER
932.83,Ensemble de porte profil n°2,u,60.41,72.49,,11,JUILLET 2026,,,,,,,,A_VERIFIER
98000,Trumeau Louis XVI decor panier avec,u,891.17,1069.41,*,11,JUILLET 2026,,,,,,,,A_VERIFIER
933.63,Ensemble de porte profil n°3,u,49.9,59.88,,11,JUILLET 2026,,,,,,,,A_VERIFIER
98001,Trumeau Louis XVI Decor Panier avec,u,779.81,935.77,*,11,JUILLET 2026,,,,,,,,A_VERIFIER
933.73,Ensemble de porte profil n°3,u,55.16,66.19,,11,JUILLET 2026,,,,,,,,A_VERIFIER
98002,Trumeau Loup & Agneau avec glace o,u,891.17,1069.41,*,11,JUILLET 2026,,,,,,,,A_VERIFIER
933.83,Ensemble de porte profil n°3,u,60.41,72.49,,11,JUILLET 2026,,,,,,,,A_VERIFIER
98004,Trumeau Loup & Agneau avec glace bi,u,1002.62,1203.14,*,11,JUILLET 2026,,,,,,,,A_VERIFIER
940.63,Ensemble de porte profil n°1,u,49.9,59.88,,11,JUILLET 2026,,,,,,,,A_VERIFIER
98006,Trumeau Louis XV blanc avec glace or,u,1114.05,1336.85,*,11,JUILLET 2026,,,,,,,,A_VERIFIER
940.73,Ensemble de porte profil n°1,u,55.16,66.19,,11,JUILLET 2026,,,,,,,,A_VERIFIER
98500,Parure cheminée L.XVI PM,u,1576.47,1891.76,*,11,JUILLET 2026,,,,,,,,A_VERIFIER
940.83,Ensemble de porte profil n°1,u,60.41,72.49,,11,JUILLET 2026,,,,,,,,A_VERIFIER
98506,Parure cheminée L.XV PM,u,1576.47,1891.76,*,11,JUILLET 2026,,,,,,,,A_VERIFIER
9401,Stylobate 23 x 55 cm,u,32.99,39.59,,11,JUILLET 2026,,,230.0,550.0,,,,OK
98510,Parure cheminée L.XV GM,u,1917.54,2301.05,*,11,JUILLET 2026,,,,,,,,A_VERIFIER
9402,Stylobate 23 x 75 cm,u,43.57,52.28,,11,JUILLET 2026,,,230.0,750.0,,,,OK
98520,Parure cheminée Art Deco,u,1336.83,1604.19,*,11,JUILLET 2026,,,,,,,,A_VERIFIER
9403,Stylobate 23 x 85 cm,u,49.38,59.25,,11,JUILLET 2026,,,230.0,850.0,,,,OK
98530,Parure cheminée Style Contemporain,u,1336.83,1604.19,*,11,JUILLET 2026,,,,,,,,A_VERIFIER
9411,Stylobate 30 x 55 cm,u,42.92,51.5,,11,JUILLET 2026,,,300.0,550.0,,,,OK
98540,Parure cheminée Design L126 h110 +,u,1316.22,1579.47,*,11,JUILLET 2026,,,,,,,,A_VERIFIER
9412,Stylobate 30 x 75 cm,u,56.8,68.15,,11,JUILLET 2026,,,300.0,750.0,,,,OK
A.COIN.BC.DIM,Source LED 3000°K Dimmable,u,26.23,31.48,2,11,JUILLET 2026,,,,,,,,A_VERIFIER
9413,Stylobate 30 x 85 cm,u,64.37,77.24,,11,JUILLET 2026,,,300.0,850.0,,,,OK
A.COIN.BN.DIM,Source LED 4000°K Dimmable,u,26.23,31.48,2,11,JUILLET 2026,,,,,,,,A_VERIFIER
942.63,Ensemble de porte profil n°2,u,49.9,59.88,,11,JUILLET 2026,,,,,,,,A_VERIFIER
A.DGU1,Douille GU10 connexion rapide,u,2.13,2.56,,11,JUILLET 2026,,,,,,,,A_VERIFIER
942.73,Ensemble de porte profil n°2,u,55.16,66.19,,11,JUILLET 2026,,,,,,,,A_VERIFIER
A.GU7BC,Ampoule Osram GU10 LED - eq50W B,u,9.04,10.84,2,11,JUILLET 2026,,,,,,,,A_VERIFIER
942.83,Ensemble de porte profil n°2,u,60.41,72.49,,11,JUILLET 2026,,,,,,,,A_VERIFIER
A.GU7BN,Ampoule Osram GU10 LED - eq 50W,u,9.04,10.84,2,11,JUILLET 2026,,,,,,,,A_VERIFIER
943.63,Ensemble de porte profil n°3,u,49.9,59.88,,11,JUILLET 2026,,,,,,,,A_VERIFIER
A.GU9BC,Ampoule Osram GU10 LED - eq 80W,u,11.55,13.86,2,11,JUILLET 2026,,,,,,,,A_VERIFIER
943.73,Ensemble de porte profil n°3,u,55.16,66.19,,11,JUILLET 2026,,,,,,,,A_VERIFIER
A.PLAS11,Encastré Platre Carré pour spot A.SPI,u,28.61,34.33,,11,JUILLET 2026,,,,,,,,A_VERIFIER
943.83,Ensemble de porte profil n°3,u,60.41,72.49,,11,JUILLET 2026,,,,,,,,A_VERIFIER
A.PLAS12,Encastré double pour spot A.SPIP,u,41.14,49.37,,11,JUILLET 2026,,,,,,,,A_VERIFIER
9450,Pilastre 23 x 175 cm,u,116.82,140.18,,11,JUILLET 2026,,,230.0,1750.0,,,,OK
A.PLAS6,Encastré Mur Rectangle +source LED,u,68.99,82.79,2,11,JUILLET 2026,,,,,,,,A_VERIFIER
9451,Pilastre 30 x 175 cm,u,156.49,187.78,,11,JUILLET 2026,,,300.0,1750.0,,,,OK
A.PLAS7,Encastré Mur Carré +source LED,u,68.99,82.79,2,11,JUILLET 2026,,,,,,,,A_VERIFIER
9460,Tête pour pilastre 23,u,61.33,73.6,,11,JUILLET 2026,,,,,,,,A_VERIFIER
A.PLAS8,Encastré Mur Ovale +source LED,u,68.99,82.79,2,11,JUILLET 2026,,,,,,,,A_VERIFIER
9461,Tête pour pilastre 30,u,79.9,95.88,,11,JUILLET 2026,,,,,,,,A_VERIFIER
A.SP.BBC.BC,Spot BBC AURA 5W 2700K-3000K-40,u,34.59,41.5,,11,JUILLET 2026,,,,,,,,A_VERIFIER
A.SP.BBC.NO,Spot BBC AURA 5W 2700K-3000K-40,u,34.59,41.5,,12,JUILLET 2026,,,,,,,,A_VERIFIER
C10,Console Largeur 23 x Hauteur 33 x Pr,u,136.34,163.6,,12,JUILLET 2026,,,,,,,,A_VERIFIER
A.SP.CAR.B,Spot fixe carré 75x75 blanc,u,8.83,10.59,,12,JUILLET 2026,,,,,,,,A_VERIFIER
C15,"Console Largeur 14,5 x Hauteur 22 x P",u,116.39,139.66,,12,JUILLET 2026,,,,,,,,A_VERIFIER
A.SP.CAR.BO,Spot fixe carre 83x83 blanc orientable,u,8.83,10.59,,12,JUILLET 2026,,,,,,,,A_VERIFIER
C20,Console,u,120.84,145.01,,12,JUILLET 2026,,,,,,,,A_VERIFIER
A.SP.CAR.CR,Spot carré chrome orientable GU10,u,7.85,9.42,,12,JUILLET 2026,,,,,,,,A_VERIFIER
C25,Console,u,71.61,85.93,,12,JUILLET 2026,,,,,,,,A_VERIFIER
A.SP.CAR.NO,Spot fixe 83x83 Noir orientable,u,7.87,9.44,,12,JUILLET 2026,,,,,,,,A_VERIFIER
C30,Console,u,71.61,85.93,,12,JUILLET 2026,,,,,,,,A_VERIFIER
A.SP.RON.BO,Spot encastrable blanc orientable,u,8.83,10.59,,12,JUILLET 2026,,,,,,,,A_VERIFIER
C35,Console,u,89.53,107.44,,12,JUILLET 2026,,,,,,,,A_VERIFIER
A.SP.RON.NO,Spot encastrable orientable noir,u,8.83,10.59,,12,JUILLET 2026,,,,,,,,A_VERIFIER
C40,Console,u,107.43,128.92,,12,JUILLET 2026,,,,,,,,A_VERIFIER
A.SPCAR,Spot fixe carré 75x75 métal GU10,u,8.83,10.59,,12,JUILLET 2026,,,,,,,,A_VERIFIER
C45,Console,u,120.84,145.01,,12,JUILLET 2026,,,,,,,,A_VERIFIER
A.SPCARO,Spot carré 83x83 métal orientable GU1,u,7.87,9.44,,12,JUILLET 2026,,,,,,,,A_VERIFIER
C50,Console,u,71.61,85.93,,12,JUILLET 2026,,,,,,,,A_VERIFIER
A.SPMET,Spot encastrable Metal Fixe,u,5.46,6.56,,12,JUILLET 2026,,,,,,,,A_VERIFIER
C55,Console,u,170.03,204.03,,12,JUILLET 2026,,,,,,,,A_VERIFIER
A.SPMETO,Spot rond encastrable métal orientable,u,7.87,9.44,,12,JUILLET 2026,,,,,,,,A_VERIFIER
C60,Console patte de lion,u,170.04,204.05,,12,JUILLET 2026,,,,,,,,A_VERIFIER
A.SPOT,Spot encastrable blanc (sans ampoule),u,5.46,6.56,,12,JUILLET 2026,,,,,,,,A_VERIFIER
CHEVET1,Chevet simple avec plinthe 5 cm et fon,u,298.68,358.41,,12,JUILLET 2026,,,,,,,,A_VERIFIER
A.SPOTOR,Spot encastrable Finition Or (sans amp,u,5.46,6.56,,12,JUILLET 2026,,,,,,,,A_VERIFIER
CHEVET2D,Chevet Sahara droit avec porte et fond,u,417.13,500.56,,12,JUILLET 2026,,,,,,,,A_VERIFIER
AA-AL100/24,Alimentation dimmable 100W - 24V,u,137.72,165.27,,12,JUILLET 2026,,,,,,,,A_VERIFIER
CHEVET2G,Chevet Sahara gauche avec porte et f,u,417.13,500.56,,12,JUILLET 2026,,,,,,,,A_VERIFIER
AA-AL200/24,Alimentation dimmable 200W - 24V,u,183.11,219.73,,12,JUILLET 2026,,,,,,,,A_VERIFIER
CL10,Panneau gougé décor vertical 250 x 1,u,335.08,402.09,,12,JUILLET 2026,,,,,,,,A_VERIFIER
AA-AL30/24,Alimentation dimmable 30W - 24V,u,63.6,76.32,,12,JUILLET 2026,,,,,,,,A_VERIFIER
CL11,Panneau gougé décor horizontal 250 x,u,335.08,402.09,,12,JUILLET 2026,,,,,,,,A_VERIFIER
AA-AL50/24,Alimentation Dimmable 50W - 24V,u,92.19,110.63,,12,JUILLET 2026,,,,,,,,A_VERIFIER
CL12,Parement Ondes 252 x 121cm joint cre,u,335.08,402.09,,12,JUILLET 2026,,,2520.0,1210.0,,,,OK
AA-INT1,Inter radio 1 voie,u,64.3,77.16,,12,JUILLET 2026,,,,,,,,A_VERIFIER
CL1213A,Parement 180 x 120 cm - Promenade,u,241.64,289.97,,12,JUILLET 2026,,,1800.0,1200.0,,,,OK
AA-INT2,Inter radio 2 voies,u,75.01,90.02,,12,JUILLET 2026,,,,,,,,A_VERIFIER
CL1213B,Parement 180 x 120 cm - Promenade,u,241.64,289.97,,12,JUILLET 2026,,,1800.0,1200.0,,,,OK
AA-REC230DIM,Récepteur AC Dimmable 230V petite d,u,82.4,98.88,,12,JUILLET 2026,,,,,,,,A_VERIFIER
CL1213C,Parement 180 x 180 cm - Promenade,u,361.41,433.69,,12,JUILLET 2026,,,1800.0,1800.0,,,,OK
AA-REC-ONOFF,Recepteur ON-OFF 230V,u,65.04,78.05,,12,JUILLET 2026,,,,,,,,A_VERIFIER
CL1213D,Parement 180 x 50 cm - Promenade a,u,100.86,121.03,,12,JUILLET 2026,,,1800.0,500.0,,,,OK
AA-TEL4-DIM,Télécommande Radio 4 voies,u,31.8,38.16,,12,JUILLET 2026,,,,,,,,A_VERIFIER
CL1374,Panneau décoratif 248 x 126 cm,u,335.08,402.09,,12,JUILLET 2026,,,2480.0,1260.0,,,,OK
BL120,Profil joint creux lumineux brut sans éq,ml,36.99,44.38,,12,JUILLET 2026,,,,,,,,A_VERIFIER
CL13A,"Panneau CL13A - ""CARACTERE"" - 1",u,335.09,402.11,,12,JUILLET 2026,,,,,,,,A_VERIFIER
BL122,Profil joint creux lumineux brut sans éq,ml,43.07,51.69,,12,JUILLET 2026,,,,,,,,A_VERIFIER
CL13B,"Panneau CL13B - ""CARACTERE"" - 1",u,335.09,402.11,,12,JUILLET 2026,,,,,,,,A_VERIFIER
BL130,"Profil pour éclairage indirect en 2,6 ml",ml,32.17,38.61,,12,JUILLET 2026,,,,,,,2600.0,OK
CL30,Parement stratistaff 122 x122 cm,u,151.37,181.64,,12,JUILLET 2026,,,1220.0,1220.0,,,,OK
BL131,Profil lumineux en 2.5 ml - 10 x 7 cm,ml,35.54,42.65,,12,JUILLET 2026,,,100.0,70.0,,,2500.0,OK
CL31,Parement stratistaff FACET - modèle A,u,151.37,181.64,,12,JUILLET 2026,,,,,,,,A_VERIFIER
BL132,"Profil lumineux en 2,5 ml - 8 x 5,5 cm",ml,31.6,37.92,,12,JUILLET 2026,,,80.0,55.0,,,2500.0,OK
CL32,Parement VAGUE Relief - 122 x 122 c,u,151.37,181.64,,12,JUILLET 2026,,,,,,,,A_VERIFIER
BL140,"Profil lumineux en 2,8 ml - 8 x 4 cm",ml,29.89,35.86,,12,JUILLET 2026,,,80.0,40.0,,,2800.0,OK
CL33,Parement stratistaff CLOUD - 122 x 12,u,151.37,181.64,,12,JUILLET 2026,,,,,,,,A_VERIFIER
BL160,Profil gorge lumineuse en 2.00 ml,ml,62.53,75.03,,12,JUILLET 2026,,,,,,,2000.0,OK
CL34,Parement stratistaff BIO - 122 x 122 c,u,151.37,181.64,,12,JUILLET 2026,,,,,,,,A_VERIFIER
BL170,Profil gorge lumineuse H. 2 ml,ml,62.53,75.03,,12,JUILLET 2026,,,,,,,,A_VERIFIER
CL35,Parement stratistaff CRYSTAL - 122x1,u,151.37,181.64,,12,JUILLET 2026,,,,,,,,A_VERIFIER
BL170A90E,BL170 en angle droit LED extérieur - 1,u,65.84,79.01,,12,JUILLET 2026,,,,,,,,A_VERIFIER
CL36,Parement stratistaff PRISME - 122x12,u,151.37,181.64,,12,JUILLET 2026,,,,,,,,A_VERIFIER
BL170A90I,BL170 en angle droit LED intérieur - 19,u,65.84,79.01,,12,JUILLET 2026,,,,,,,,A_VERIFIER
CL37,Parement FLORE- Dim.123x260cm,u,335.1,402.12,,12,JUILLET 2026,,,1230.0,2600.0,,,,OK
BL170R25E,Profil lumineux BL170 cintré led Extéri,u,98.71,118.46,,12,JUILLET 2026,,,,,,,,A_VERIFIER
CL38,Panneau Stratistaff (réhausse CL37) -,u,335.12,402.14,,12,JUILLET 2026,,,,,,,,A_VERIFIER
BL170R25I,Profil lumineux BL170 cintré led Intérie,u,98.71,118.46,,12,JUILLET 2026,,,,,,,,A_VERIFIER
CL39,Parement 218.9 x 125.2 - ép : 3 cm,u,335.12,402.14,,12,JUILLET 2026,,,,,,,,A_VERIFIER
BL170R50E,Profil lumineux BL170 cintré led Extéri,u,128.35,154.02,,12,JUILLET 2026,,,,,,,,A_VERIFIER
D100,Profil en 2 ml,ml,22.43,26.92,,12,JUILLET 2026,,,,,,,2000.0,OK
BL170R50I,Profil lumineux BL170 cintré led Intérie,u,128.35,154.02,,12,JUILLET 2026,,,,,,,,A_VERIFIER
D101,Corniche en 2 ml,ml,19.52,23.42,,12,JUILLET 2026,,,,,,,2000.0,OK
BL180,Profil gorge lumineuse H. 2 ml double,ml,118.47,142.17,,12,JUILLET 2026,,,,,,,,A_VERIFIER
D102,Corniche en 2 ml,ml,26.03,31.23,,12,JUILLET 2026,,,,,,,2000.0,OK
BOMBAY,Applique sans kit,u,40.62,48.74,,12,JUILLET 2026,,,,,,,,A_VERIFIER
D103,Corniche en 2 ml,ml,32.54,39.04,,12,JUILLET 2026,,,,,,,2000.0,OK
BP.PF1,Profil de finition en 2 ml - 5 x 4 cm,ml,17.59,21.11,,12,JUILLET 2026,,,50.0,40.0,,,2000.0,OK
D104,Corniche en 2 ml,ml,37.38,44.85,,12,JUILLET 2026,,,,,,,2000.0,OK
BP.PF2,Profil de finition en 2 ml - 9 x 3 cm,ml,17.59,21.11,,12,JUILLET 2026,,,90.0,30.0,,,2000.0,OK
D105A,Profil lumineux en 2 ml,ml,37.91,45.49,,12,JUILLET 2026,,,,,,,2000.0,OK
BP.PF3,"Profil de finition en 2 ml - 7,5 x 4 cm",ml,17.59,21.11,,12,JUILLET 2026,,,75.0,40.0,,,2000.0,OK
D105B,Profil lumineux en 2 ml,ml,33.18,39.82,,12,JUILLET 2026,,,,,,,2000.0,OK
BP10,Bord propre L. 10 cm Ep.18 mm en 2,ml,17.18,20.61,,12,JUILLET 2026,,,,,,18.0,,OK
D106,Profil équerre lumineuse avec joint cre,ml,42.29,50.75,,12,JUILLET 2026,,,,,,,,A_VERIFIER
BP20,Bord propre L. 20 cm Ep. 18 mm en 2,ml,20.8,24.96,,12,JUILLET 2026,,,,,,18.0,,OK
D107,Corniche équerre 20 x 5 cm à éclairag,ml,37.91,45.49,,12,JUILLET 2026,,,200.0,50.0,,,,OK
BP30,Bord propre L. 30 cm Ep. 18 mm en 2,ml,23.58,28.3,,12,JUILLET 2026,,,,,,18.0,,OK
D108,Profil équerre lumineuse en 2 ml - 12 x,ml,41.89,50.26,,12,JUILLET 2026,,,,,,,2000.0,OK
BP30P,"Profil de finition en 2 ml - 30 x 1,9 cm",ml,31.47,37.76,,12,JUILLET 2026,,,300.0,19.0,,,2000.0,OK
D109,Profil en 2 ml,ml,37.08,44.49,,12,JUILLET 2026,,,,,,,2000.0,OK
D110,"Profil eclairage indirect en 2 ml - 13,5 x",ml,37.38,44.86,,13,JUILLET 2026,,,,,,,2000.0,OK
D580,Corniche en 2 ml,ml,34.95,41.94,,13,JUILLET 2026,,,,,,,2000.0,OK
D113,Profil éclairage indirect en 2 ml - 15 x 1,ml,37.53,45.04,,13,JUILLET 2026,,,,,,,2000.0,OK
D601,Corniche en 2 ml,ml,32.75,39.3,,13,JUILLET 2026,,,,,,,2000.0,OK
D113M,Profil éclairage indirect en 2 ml - 9 x 14,ml,33.72,40.46,,13,JUILLET 2026,,,,,,,2000.0,OK
D604,Corniche en 2 ml,ml,18.92,22.71,,13,JUILLET 2026,,,,,,,2000.0,OK
D114,Profil éclairage indirect en 2 ml - 20 x 1,ml,37.53,45.04,,13,JUILLET 2026,,,,,,,2000.0,OK
D605,Corniche en 2 ml,ml,30.61,36.73,,13,JUILLET 2026,,,,,,,2000.0,OK
D114M,Profil éclairage indirect en 2 ml - 15 x 1,ml,33.72,40.46,,13,JUILLET 2026,,,,,,,2000.0,OK
D606,Corniche en 2 ml,ml,32.75,39.3,,13,JUILLET 2026,,,,,,,2000.0,OK
D116,Profil éclairage indirect en 2 ml - 20 x 1,ml,37.53,45.04,,13,JUILLET 2026,,,,,,,2000.0,OK
D607,Corniche en 2 ml,ml,26.23,31.47,,13,JUILLET 2026,,,,,,,2000.0,OK
D117,Profil éclairage indirect en 2 ml - 25 x 1,ml,37.53,45.04,,13,JUILLET 2026,,,,,,,2000.0,OK
D608,Corniche en 2 ml,ml,33.39,40.07,,13,JUILLET 2026,,,,,,,2000.0,OK
D118,Profil Z avec bord amincis en 2 ml - 15,ml,39.65,47.58,,13,JUILLET 2026,,,,,,,2000.0,OK
D609,Corniche en 2 ml,ml,38.03,45.63,,13,JUILLET 2026,,,,,,,2000.0,OK
D121,Profil rétroéclairage en 2.00 ml,ml,33.16,39.79,,13,JUILLET 2026,,,,,,,2000.0,OK
D610,"Corniche en 1,75 ml",ml,28.05,33.66,,13,JUILLET 2026,,,,,,,1750.0,OK
D122,Profil en 2 ml,ml,23.18,27.81,,13,JUILLET 2026,,,,,,,2000.0,OK
D611,"Corniche en 1,75 ml",ml,25.63,30.76,,13,JUILLET 2026,,,,,,,1750.0,OK
D123,Profil Staff en 2.00 ml,ml,35.91,43.1,,13,JUILLET 2026,,,,,,,2000.0,OK
D612,Corniche en 2 ml,ml,24.88,29.86,,13,JUILLET 2026,,,,,,,2000.0,OK
D124,Profil en 2 ml,ml,38.24,45.88,,13,JUILLET 2026,,,,,,,2000.0,OK
D613,Corniche en 2 ml,ml,40.55,48.66,,13,JUILLET 2026,,,,,,,2000.0,OK
D125,Profil en 2 ml,ml,26.65,31.98,,13,JUILLET 2026,,,,,,,2000.0,OK
D614,"Corniche en 1,75 ml",ml,19.94,23.92,,13,JUILLET 2026,,,,,,,1750.0,OK
D505,Corniche en 2 ml,ml,38.42,46.1,,13,JUILLET 2026,,,,,,,2000.0,OK
D615,"Corniche en 1,75 ml",ml,34.98,41.98,,13,JUILLET 2026,,,,,,,1750.0,OK
D510,Corniche en 2 ml,ml,38.42,46.1,,13,JUILLET 2026,,,,,,,2000.0,OK
D616,"Corniche en 1,75 ml",ml,25.63,30.76,,13,JUILLET 2026,,,,,,,1750.0,OK
D513,"Corniche en 1,75 ml",ml,13.14,15.76,,13,JUILLET 2026,,,,,,,1750.0,OK
D616A,Cartouche d'angle D616A,u,173.79,208.55,,13,JUILLET 2026,,,,,,,,A_VERIFIER
D515,Corniche en 2 ml,ml,38.42,46.1,,13,JUILLET 2026,,,,,,,2000.0,OK
D616B,Corniche D616B avec ornement centra,ml,41.05,49.25,,13,JUILLET 2026,,,,,,,,A_VERIFIER
D520,"Corniche en 1,75 ml",ml,10.94,13.13,,13,JUILLET 2026,,,,,,,1750.0,OK
D617,"Corniche en 1,75 ml",ml,13.14,15.76,,13,JUILLET 2026,,,,,,,1750.0,OK
D525,"Corniche en 1,75 ml",ml,19.09,22.91,,13,JUILLET 2026,,,,,,,1750.0,OK
D618,Corniche en 2 ml,ml,37.08,44.49,,13,JUILLET 2026,,,,,,,2000.0,OK
D530,Corniche en 2 ml,ml,31.68,38.01,,13,JUILLET 2026,,,,,,,2000.0,OK
D620,Corniche en 2 ml,ml,21.16,25.4,,13,JUILLET 2026,,,,,,,2000.0,OK
D535,"Corniche en 1,75 ml",ml,19.09,22.91,,13,JUILLET 2026,,,,,,,1750.0,OK
D621,Corniche en 2 ml,ml,23.34,28.01,,13,JUILLET 2026,,,,,,,2000.0,OK
D540,"Corniche en 1,75 ml",ml,18.19,21.83,,13,JUILLET 2026,,,,,,,1750.0,OK
D622,"Corniche en 1,75 ml",ml,13.84,16.61,,13,JUILLET 2026,,,,,,,1750.0,OK
D545,"Corniche en 1,75 ml",ml,10.94,13.13,,13,JUILLET 2026,,,,,,,1750.0,OK
D624,"Corniche en 1,75 ml",ml,29.7,35.64,,13,JUILLET 2026,,,,,,,1750.0,OK
D550,"Corniche en 1,50 ml",ml,19.07,22.89,,13,JUILLET 2026,,,,,,,1500.0,OK
D625,"Corniche en 1,75 ml",ml,19.65,23.58,,13,JUILLET 2026,,,,,,,1750.0,OK
D555,"Corniche en 1,50 ml",ml,12.92,15.51,,13,JUILLET 2026,,,,,,,1500.0,OK
D626,"Corniche en 1,75 ml",ml,27.66,33.19,,13,JUILLET 2026,,,,,,,1750.0,OK
D556,Corniche en 2 ml,ml,13.9,16.69,,13,JUILLET 2026,,,,,,,2000.0,OK
D627,Corniche en 2 ml,ml,37.67,45.2,,13,JUILLET 2026,,,,,,,2000.0,OK
D560,Corniche en 2 ml,ml,54.96,65.95,,13,JUILLET 2026,,,,,,,2000.0,OK
D628,Corniche en 2 ml,ml,37.67,45.2,,13,JUILLET 2026,,,,,,,2000.0,OK
D561,Corniche en 2 ml,ml,18.65,22.38,,13,JUILLET 2026,,,,,,,2000.0,OK
D629,Corniche en 2 ml,ml,36.99,44.38,,13,JUILLET 2026,,,,,,,2000.0,OK
D562,Corniche en 2 ml,ml,32.95,39.54,,13,JUILLET 2026,,,,,,,2000.0,OK
D630,"Corniche en 1,75 ml",ml,14.35,17.23,,13,JUILLET 2026,,,,,,,1750.0,OK
D563,Corniche en 2 ml,ml,33.63,40.36,,13,JUILLET 2026,,,,,,,2000.0,OK
D631,Corniche en 2 ml,ml,18.65,22.38,,13,JUILLET 2026,,,,,,,2000.0,OK
D564,Corniche en 2 ml,ml,51.71,62.05,,13,JUILLET 2026,,,,,,,2000.0,OK
D632,Corniche en 2 ml,ml,37.66,45.19,,13,JUILLET 2026,,,,,,,2000.0,OK
D565,Corniche en 2 ml,ml,33.61,40.33,,13,JUILLET 2026,,,,,,,2000.0,OK
D633,Corniche en 2 ml,ml,57.93,69.52,,13,JUILLET 2026,,,,,,,2000.0,OK
D566,Corniche en 2 ml,ml,35.83,43.0,,13,JUILLET 2026,,,,,,,2000.0,OK
D650,Corniche en 2 ml,ml,35.09,42.11,,13,JUILLET 2026,,,,,,,2000.0,OK
D567,Corniche en 2 ml,ml,37.63,45.16,,13,JUILLET 2026,,,,,,,2000.0,OK
D650A,Cartouche d'angle,u,278.07,333.69,,13,JUILLET 2026,,,,,,,,A_VERIFIER
D568,Corniche en 2 ml,ml,57.54,69.04,,13,JUILLET 2026,,,,,,,2000.0,OK
D650B,Corniche D650 avec ornement central,ml,69.51,83.42,,13,JUILLET 2026,,,,,,,,A_VERIFIER
D569,Corniche en 2 ml,ml,36.41,43.7,,13,JUILLET 2026,,,,,,,2000.0,OK
D650L,Corniche D650+plat 25 cm en 2 ml (su,ml,45.54,54.65,,13,JUILLET 2026,,,,,,,2000.0,OK
D570,Corniche en 2 ml,ml,75.19,90.23,,13,JUILLET 2026,,,,,,,2000.0,OK
D651,Corniche en 2 ml,ml,34.95,41.94,,13,JUILLET 2026,,,,,,,2000.0,OK
D572,Profil en 2 ml,ml,20.85,25.03,,13,JUILLET 2026,,,,,,,2000.0,OK
D652,Corniche en 2 ml,ml,34.95,41.94,,13,JUILLET 2026,,,,,,,2000.0,OK
D573,Corniche en 2 ml,ml,27.81,33.37,,13,JUILLET 2026,,,,,,,2000.0,OK
D652A,Cartouche d'angle,u,278.07,333.69,,13,JUILLET 2026,,,,,,,,A_VERIFIER
D574,Corniche en 2 ml,ml,31.31,37.58,,13,JUILLET 2026,,,,,,,2000.0,OK
D652B,Corniche D652 avec ornement central,ml,69.51,83.42,,13,JUILLET 2026,,,,,,,,A_VERIFIER
D575,Corniche en 2 ml,ml,29.72,35.67,,13,JUILLET 2026,,,,,,,2000.0,OK
D653,Corniche en 2 ml,ml,37.67,45.2,,13,JUILLET 2026,,,,,,,2000.0,OK
D576,Corniche en 2 ml,ml,32.95,39.54,,13,JUILLET 2026,,,,,,,2000.0,OK
D654,Corniche en 2 ml,ml,45.34,54.41,,13,JUILLET 2026,,,,,,,2000.0,OK
D577,Corniche en 2 ml,ml,35.09,42.11,,13,JUILLET 2026,,,,,,,2000.0,OK
D655,Corniche en 2 ml,ml,31.02,37.22,,13,JUILLET 2026,,,,,,,2000.0,OK
D578,Corniche en 2 ml,ml,31.74,38.09,,13,JUILLET 2026,,,,,,,2000.0,OK
D656,Corniche en 2 ml,ml,33.37,40.04,,13,JUILLET 2026,,,,,,,2000.0,OK
D579,Corniche en 2 ml,ml,34.16,40.99,,13,JUILLET 2026,,,,,,,2000.0,OK
D657,Corniche en 2 ml,ml,42.22,50.67,,13,JUILLET 2026,,,,,,,2000.0,OK
D658,Corniche en 2 ml,ml,63.37,76.05,,14,JUILLET 2026,,,,,,,2000.0,OK
D879B3,Corniche à cartouche en 0.63 ml,u,165.99,199.19,,14,JUILLET 2026,,,,,,,630.0,OK
D702,"Corniche en 1,75 ml",ml,10.94,13.13,,14,JUILLET 2026,,,,,,,1750.0,OK
D879C,Console pour corniche D879,u,84.05,100.86,,14,JUILLET 2026,,,,,,,,A_VERIFIER
D703,"Corniche en 1,75 ml",ml,14.53,17.44,,14,JUILLET 2026,,,,,,,1750.0,OK
D880,Corniche en 2 ml,ml,61.1,73.32,,14,JUILLET 2026,,,,,,,2000.0,OK
D704,Corniche en 2 ml,ml,13.87,16.65,,14,JUILLET 2026,,,,,,,2000.0,OK
D880A,Cartouche d'Angle D880,u,448.72,538.47,,14,JUILLET 2026,,,,,,,,A_VERIFIER
D705,Corniche en 2 ml,ml,19.34,23.21,,14,JUILLET 2026,,,,,,,2000.0,OK
D880B,Corniche D880 avec ornement central,ml,96.3,115.56,,14,JUILLET 2026,,,,,,,,A_VERIFIER
D706,Corniche en 2 ml,ml,20.44,24.53,,14,JUILLET 2026,,,,,,,2000.0,OK
D881,Corniche gorge lisse + moulure ornem,ml,128.59,154.31,,14,JUILLET 2026,,,,,,,,A_VERIFIER
D707,Corniche en 2 ml,ml,23.74,28.49,,14,JUILLET 2026,,,,,,,2000.0,OK
D881B,Corniche D881 ornementée en 2 ml,ml,177.89,213.47,,14,JUILLET 2026,,,,,,,2000.0,OK
D708,Corniche en 2 ml,ml,32.75,39.3,,14,JUILLET 2026,,,,,,,2000.0,OK
D882,Corniche en 2 ml - lisse,ml,55.72,66.87,,14,JUILLET 2026,,,,,,,2000.0,OK
D709,Corniche en 2 ml,ml,32.75,39.3,,14,JUILLET 2026,,,,,,,2000.0,OK
D882B,Corniche en 2 ml - ornementée,ml,94.3,113.16,,14,JUILLET 2026,,,,,,,2000.0,OK
D710,Corniche en 2 ml,ml,59.86,71.83,,14,JUILLET 2026,,,,,,,2000.0,OK
D883,Corniche en 2 ml,ml,107.16,128.59,,14,JUILLET 2026,,,,,,,2000.0,OK
D711,Corniche en 2 ml,ml,30.2,36.24,,14,JUILLET 2026,,,,,,,2000.0,OK
D884,Corniche en 2 ml,ml,62.14,74.57,,14,JUILLET 2026,,,,,,,2000.0,OK
D712,Corniche en 2 ml,ml,26.0,31.2,,14,JUILLET 2026,,,,,,,2000.0,OK
D885,Corniche en 2 ml,ml,63.4,76.08,,14,JUILLET 2026,,,,,,,2000.0,OK
D713,Corniche en 2 ml,ml,31.06,37.27,,14,JUILLET 2026,,,,,,,2000.0,OK
D886,Corniche en 2 ml,ml,65.59,78.71,,14,JUILLET 2026,,,,,,,2000.0,OK
D715,"Corniche en 1,75 ml",ml,26.1,31.32,,14,JUILLET 2026,,,,,,,1750.0,OK
D887,Corniche en 2 ml,ml,39.13,46.96,,14,JUILLET 2026,,,,,,,2000.0,OK
D716,Corniche en 2 ml,ml,50.99,61.19,,14,JUILLET 2026,,,,,,,2000.0,OK
D888,Corniche en 2 ml,ml,59.86,71.83,,14,JUILLET 2026,,,,,,,2000.0,OK
D717,Corniche en 2 ml,ml,27.7,33.25,,14,JUILLET 2026,,,,,,,2000.0,OK
D889,Corniche en 2 ml,ml,69.19,83.03,,14,JUILLET 2026,,,,,,,2000.0,OK
D718,Corniche en 2 ml,ml,34.95,41.94,,14,JUILLET 2026,,,,,,,2000.0,OK
D890,Corniche en 2 ml,ml,63.4,76.08,,14,JUILLET 2026,,,,,,,2000.0,OK
D720,Corniche en 2 ml,ml,37.67,45.2,,14,JUILLET 2026,,,,,,,2000.0,OK
D891,Corniche en 2 ml,ml,60.43,72.52,,14,JUILLET 2026,,,,,,,2000.0,OK
D748,Corniche en 2 ml,ml,47.1,56.52,,14,JUILLET 2026,,,,,,,2000.0,OK
D892,Corniche en 2 ml,ml,64.0,76.8,,14,JUILLET 2026,,,,,,,2000.0,OK
D749,Corniche en 2 ml,ml,56.5,67.8,,14,JUILLET 2026,,,,,,,2000.0,OK
D893,Corniche en 2 ml,ml,61.91,74.29,,14,JUILLET 2026,,,,,,,2000.0,OK
D751,Corniche en 2 ml (sur commande),ml,34.29,41.15,,14,JUILLET 2026,,,,,,,2000.0,OK
D894,Corniche en 2 ml,ml,64.82,77.79,,14,JUILLET 2026,,,,,,,2000.0,OK
D752,Corniche en 2 ml (sur commande),ml,39.87,47.84,,14,JUILLET 2026,,,,,,,2000.0,OK
D895,Corniche en 2 ml,ml,78.11,93.73,,14,JUILLET 2026,,,,,,,2000.0,OK
D753,Corniche en 2 ml (sur commande),ml,40.72,48.87,,14,JUILLET 2026,,,,,,,2000.0,OK
D896,Corniche en 2 ml,ml,57.51,69.01,,14,JUILLET 2026,,,,,,,2000.0,OK
D754,Corniche en 2 ml (sur commande),ml,40.72,48.87,,14,JUILLET 2026,,,,,,,2000.0,OK
D897,Corniche en 2 ml,ml,63.4,76.08,,14,JUILLET 2026,,,,,,,2000.0,OK
D801,Corniche en 2 ml,ml,34.87,41.84,,14,JUILLET 2026,,,,,,,2000.0,OK
D898,Corniche en 2 ml,ml,62.14,74.57,,14,JUILLET 2026,,,,,,,2000.0,OK
D802,Corniche en 2 ml,ml,38.65,46.38,,14,JUILLET 2026,,,,,,,2000.0,OK
D899,Corniche en 2 ml,ml,69.19,83.03,,14,JUILLET 2026,,,,,,,2000.0,OK
D810,Corniche en 2 ml,ml,38.78,46.53,,14,JUILLET 2026,,,,,,,2000.0,OK
D900,Corniche en 2 ml,ml,76.87,92.25,,14,JUILLET 2026,,,,,,,2000.0,OK
D812,Corniche en 2 ml,ml,38.78,46.53,,14,JUILLET 2026,,,,,,,2000.0,OK
D901,Corniche en 2 ml,ml,66.51,79.81,,14,JUILLET 2026,,,,,,,2000.0,OK
D813,Corniche en 2 ml,ml,38.42,46.1,,14,JUILLET 2026,,,,,,,2000.0,OK
D903,Corniche en 2 ml,ml,63.38,76.05,,14,JUILLET 2026,,,,,,,2000.0,OK
D814,Corniche en 2 ml,ml,38.75,46.5,,14,JUILLET 2026,,,,,,,2000.0,OK
DUBA,Buste Mme Du Barry pm,u,23.45,28.14,,14,JUILLET 2026,,,,,,,,A_VERIFIER
D815,Corniche en 2 ml,ml,38.75,46.5,,14,JUILLET 2026,,,,,,,2000.0,OK
E0510E,Equerre lisse ext. 5 + 10 cm en 2 ml,ml,20.0,24.0,,14,JUILLET 2026,,,,,,,2000.0,OK
D818,Corniche en 2 ml,ml,31.02,37.22,,14,JUILLET 2026,,,,,,,2000.0,OK
E0520E,Equerre lisse ext. 5 + 20 cm en 2 ml,ml,22.78,27.34,,14,JUILLET 2026,,,,,,,2000.0,OK
D820,Corniche en 2 ml,ml,33.33,40.0,,14,JUILLET 2026,,,,,,,2000.0,OK
E0530E,Equerre lisse ext. 5 + 30 cm en 2 ml,ml,28.71,34.45,,14,JUILLET 2026,,,,,,,2000.0,OK
D830,Corniche en 2 ml,ml,27.7,33.25,,14,JUILLET 2026,,,,,,,2000.0,OK
E0535E,Equerre lisse ext. 5 + 35 cm en 2 ml,ml,31.88,38.26,,14,JUILLET 2026,,,,,,,2000.0,OK
D835,Corniche en 2 ml,ml,33.37,40.04,,14,JUILLET 2026,,,,,,,2000.0,OK
E1010E,Equerre lisse ext. 10 + 10 cm en 2 ml,ml,21.26,25.52,,14,JUILLET 2026,,,,,,,2000.0,OK
D840,Corniche en 2 ml,ml,27.7,33.25,,14,JUILLET 2026,,,,,,,2000.0,OK
E1010P,Equerre lisse extérieure 10X10 cm ep/,ml,10.51,12.61,,14,JUILLET 2026,,,,,,,,A_VERIFIER
D843,Corniche en 2 ml,ml,48.59,58.31,,14,JUILLET 2026,,,,,,,2000.0,OK
E1020E,Equerre lisse ext. 10 + 20 cm en 2 ml,ml,24.2,29.04,,14,JUILLET 2026,,,,,,,2000.0,OK
D844,Corniche en 2 ml,ml,61.88,74.25,,14,JUILLET 2026,,,,,,,2000.0,OK
E1020I,Equerre lisse int. 10 + 20 cm en 2 ml,mul,24.21,29.05,,14,JUILLET 2026,,,,,,,2000.0,OK
D845,Corniche en 2 ml,ml,47.31,56.78,,14,JUILLET 2026,,,,,,,2000.0,OK
E1030E,Equerre lisse ext. 10 + 30 cm en 2 ml,ml,30.18,36.21,,14,JUILLET 2026,,,,,,,2000.0,OK
D846,Corniche en 2 ml,ml,50.99,61.19,,14,JUILLET 2026,,,,,,,2000.0,OK
E1040E,Equerre lisse ext. 10 + 40 cm en 2 ml,ml,37.72,45.26,,14,JUILLET 2026,,,,,,,2000.0,OK
D878,Corniche Ornementée en 2 ml (sur co,ml,113.59,136.31,,14,JUILLET 2026,,,,,,,2000.0,OK
E1515E,Equerre lisse ext. 15 + 15 cm en 2 ml,ml,24.21,29.05,,14,JUILLET 2026,,,,,,,2000.0,OK
D879,Corniche en 2 ml,ml,112.41,134.9,,14,JUILLET 2026,,,,,,,2000.0,OK
E1520E,Equerre lisse ext. 15 + 20 cm en 2 ml,ml,25.59,30.7,,14,JUILLET 2026,,,,,,,2000.0,OK
D879A,Cartouche d'angle D879,u,493.78,592.54,,14,JUILLET 2026,,,,,,,,A_VERIFIER
E1520I,Equerre lisse int. 15 + 20 cm en 2 ml,ml,25.59,30.7,,14,JUILLET 2026,,,,,,,2000.0,OK
D879B1,Corniche à cartouche en 1.03 ml,u,184.91,221.89,,14,JUILLET 2026,,,,,,,1030.0,OK
E2020E,Equerre lisse ext. 20 + 20 cm en 2 ml,ml,27.01,32.41,,14,JUILLET 2026,,,,,,,2000.0,OK
D879B2,Corniche à cartouche en 1.03 ml,u,184.91,221.89,,14,JUILLET 2026,,,,,,,1030.0,OK
E2020I,Equerre lisse int. 20 + 20 cm en 2 ml,ml,27.01,32.41,,14,JUILLET 2026,,,,,,,2000.0,OK
E2020P,Equerre lisse extérieure 20+20 cm en,ml,14.71,17.65,,15,JUILLET 2026,,,,,,,,A_VERIFIER
JC22.10,Joint creux 2+2+10 cm en 2 ml - Ep. 1,ml,23.31,27.97,,15,JUILLET 2026,,,,,,,2000.0,OK
E2030E,Equerre lisse ext. 20 + 30 cm en 2 ml,ml,39.61,47.53,,15,JUILLET 2026,,,,,,,2000.0,OK
JC22.20,Joint creux 2+2+20 cm en 2 ml - Ep. 1,ml,28.73,34.47,,15,JUILLET 2026,,,,,,,2000.0,OK
E2030I,Equerre lisse int. 20 + 30 cm en 2 ml,ml,39.61,47.53,,15,JUILLET 2026,,,,,,,2000.0,OK
JC22.30,Joint creux 2+2+30 cm en 2 ml - Ep. 1,ml,35.92,43.1,,15,JUILLET 2026,,,,,,,2000.0,OK
EA0707P,Profil quart de rond lisse 70x70mm dr,ml,29.75,35.7,,15,JUILLET 2026,,,,,,,,A_VERIFIER
JC22.40,Joint creux 2+2+40 cm en 2 ml - Ep. 1,ml,41.3,49.57,,15,JUILLET 2026,,,,,,,2000.0,OK
EA10R.P,Angle cloison 2.6 ml/ R=10cm Concav,u,28.29,33.94,,15,JUILLET 2026,,,,,,,,A_VERIFIER
JC43.21P,Joint creux 4 + 3 + 21 cm à bord amin,ml,20.83,24.99,,15,JUILLET 2026,,,,,,,,A_VERIFIER
EA10S.P,Angle cloison 2.6 ml/ R=10cm - Amorc,u,28.29,33.94,,15,JUILLET 2026,,,,,,,,A_VERIFIER
JC542.15P,Joint creux 4 x 2 cm en 2 ml,ml,20.83,24.99,,15,JUILLET 2026,,,40.0,20.0,,,2000.0,OK
EA15R.P,Angle cloison 2.6 ml/ R=15cm Concav,u,28.29,33.94,,15,JUILLET 2026,,,,,,,,A_VERIFIER
JC55.10,Joint creux 5+5+10 cm en 2 ml - Ep. 1,ml,29.27,35.13,,15,JUILLET 2026,,,,,,,2000.0,OK
EA15S.P,Angle cloison 2.6 ml/ R=15cm Convex,u,28.29,33.94,,15,JUILLET 2026,,,,,,,,A_VERIFIER
JC55.20,Joint creux 5+5+20 cm en 2 ml - Ep 15,ml,35.27,42.32,,15,JUILLET 2026,,,,,,,2000.0,OK
EA20R.P,Angle cloison 2.6 ml/ R=20cm Concav,u,29.9,35.88,,15,JUILLET 2026,,,,,,,,A_VERIFIER
M038,Rosette Ø 16 cm,u,7.41,8.89,,15,JUILLET 2026,160.0,,,,,,,OK
EA20S.P,Angle cloison 2.6 ml/ R=20cm Convex,u,29.9,35.88,,15,JUILLET 2026,,,,,,,,A_VERIFIER
M039,Rosace 59 x 38 cm,u,95.45,114.54,,15,JUILLET 2026,,,590.0,380.0,,,,OK
EA30R.P,Angle cloison 2.6 ml/ R=30cm Concav,u,33.94,40.73,,15,JUILLET 2026,,,,,,,,A_VERIFIER
M040,Rosace Ø 30 cm,u,46.68,56.01,,15,JUILLET 2026,300.0,,,,,,,OK
EA30S.P,Angle cloison 2.6 ml/ R=30cm Convex,u,33.94,40.73,,15,JUILLET 2026,,,,,,,,A_VERIFIER
M041,Rosace Ø 32 cm,u,46.68,56.01,,15,JUILLET 2026,320.0,,,,,,,OK
EBL0430,Profil Equerre 4x30 - longueur de 2m,ml,29.92,35.9,,15,JUILLET 2026,,,,,,,,A_VERIFIER
M042,Rosace Ø 33 cm,u,46.68,56.01,,15,JUILLET 2026,330.0,,,,,,,OK
EBP0430,Equerre bord propre 4 + 30 cm en 2 ml,ml,31.25,37.5,,15,JUILLET 2026,,,,,,,2000.0,OK
M043,Rosace Ø 29 cm,u,46.68,56.01,,15,JUILLET 2026,290.0,,,,,,,OK
EBP0525P,Equerre 5+25cm Lg=200cm Ep:12.7m,ml,32.14,38.57,,15,JUILLET 2026,,,,,,,,A_VERIFIER
M044,Rosace Ø 40 cm,u,70.55,84.66,,15,JUILLET 2026,400.0,,,,,,,OK
EBP0530,Equerre bord propre 5 + 30 cm en 2 ml,ml,32.13,38.56,,15,JUILLET 2026,,,,,,,2000.0,OK
M045,Rosace 41 x 30 cm,u,70.55,84.66,,15,JUILLET 2026,,,410.0,300.0,,,,OK
EBP0830,Equerre bord propre 8 + 30 cm en 2 ml,ml,32.82,39.38,,15,JUILLET 2026,,,,,,,2000.0,OK
M046,Rosace 42 x 32 cm,u,70.55,84.66,,15,JUILLET 2026,,,420.0,320.0,,,,OK
EBP1030,Equerre bord propre 10 + 30 cm en 2,ml,33.59,40.31,,15,JUILLET 2026,,,,,,,,A_VERIFIER
M047,Rosace Ø 32 cm,u,46.68,56.01,,15,JUILLET 2026,320.0,,,,,,,OK
EDP1374,Ecran de poêle - 2 éléments de 125 x,u,285.05,342.06,,15,JUILLET 2026,,,,,,,,A_VERIFIER
M048,Rosace 57 x 32 cm,u,83.5,100.2,,15,JUILLET 2026,,,570.0,320.0,,,,OK
EDP7040,Ecran de poêle - 2 éléments de 130 x,u,285.05,342.06,,15,JUILLET 2026,,,,,,,,A_VERIFIER
M049,Rosette Ø 6 cm,u,6.04,7.25,,15,JUILLET 2026,60.0,,,,,,,OK
EDP7048,Ecran de poêle - 2 éléments de 130 x,u,285.05,342.06,,15,JUILLET 2026,,,,,,,,A_VERIFIER
M050,Rosette Ø 10 cm,u,6.04,7.25,,15,JUILLET 2026,100.0,,,,,,,OK
EDP7061,Ecran de poêle - 2 éléments de 134 x,u,285.05,342.06,,15,JUILLET 2026,,,,,,,,A_VERIFIER
M051,"Rosace Ø 49,5 cm",u,95.45,114.54,,15,JUILLET 2026,495.0,,,,,,,OK
EDP7073,Ecran de poêle - 2 éléments de 125 x,u,285.05,342.06,,15,JUILLET 2026,,,,,,,,A_VERIFIER
M052,"Rosace Ø 72,5 cm",u,143.1,171.72,,15,JUILLET 2026,725.0,,,,,,,OK
EDP7073GM,Ecran de poêle - 2 éléments de 125 x,u,327.91,393.5,,15,JUILLET 2026,,,,,,,,A_VERIFIER
M053,Rosace Ø 52 cm,u,83.5,100.2,,15,JUILLET 2026,520.0,,,,,,,OK
EDP8000,Ecran de poêle lisse avec joints creux -,u,285.05,342.06,,15,JUILLET 2026,,,,,,,,A_VERIFIER
M054,Rosace 76 x 61 cm,u,143.1,171.72,,15,JUILLET 2026,,,760.0,610.0,,,,OK
EDP8000GM,Ecran de poêle lisse avec joints creux -,u,327.91,393.5,,15,JUILLET 2026,,,,,,,,A_VERIFIER
M055,Rosace 65 x 32 cm,u,95.4,114.49,,15,JUILLET 2026,,,650.0,320.0,,,,OK
EDPCL10,Ecran de poêle - 2 éléments de 125 x,u,285.05,342.06,,15,JUILLET 2026,,,,,,,,A_VERIFIER
M056,"Rosace Ø 51,5 cm",u,95.4,114.49,,15,JUILLET 2026,515.0,,,,,,,OK
EMB95,Profil lumineux,ml,21.24,25.49,,15,JUILLET 2026,,,,,,,,A_VERIFIER
M057,Rosace Ø 49 cm,u,95.4,114.49,,15,JUILLET 2026,490.0,,,,,,,OK
ENC01,Encastré 30x30 cm avec spot Led,u,120.29,144.35,2,15,JUILLET 2026,,,300.0,300.0,,,,OK
M058,"Rosace Ø 32,5 cm",u,46.68,56.01,,15,JUILLET 2026,325.0,,,,,,,OK
ENC02,Encastré 30x30 cm avec Spot LED,u,120.29,144.35,2,15,JUILLET 2026,,,300.0,300.0,,,,OK
M059,Rosace Ø 44 cm,u,56.91,68.29,,15,JUILLET 2026,440.0,,,,,,,OK
ENC03,Encastré 30x30 avec spot LED,u,120.29,144.35,2,15,JUILLET 2026,,,,,,,,A_VERIFIER
M060,Rosace Ø 62 cm,u,119.3,143.15,,15,JUILLET 2026,620.0,,,,,,,OK
ENC04,Encastré 30x30 cm avec spot LED,u,120.29,144.35,2,15,JUILLET 2026,,,300.0,300.0,,,,OK
M061,Rosace Ø 52 cm,u,95.45,114.54,,15,JUILLET 2026,520.0,,,,,,,OK
ENC21,Encastré reservation spot Ø76 mm,u,37.38,44.86,,15,JUILLET 2026,76.0,,,,,,,OK
M066,Rosace Ø 50 cm,u,95.45,114.54,,15,JUILLET 2026,500.0,,,,,,,OK
ENC22,Encastré reservation spot Ø76 mm,u,47.85,57.43,,15,JUILLET 2026,76.0,,,,,,,OK
M067,"Rosace 91,5 x 46 cm",u,95.45,114.54,,15,JUILLET 2026,,,915.0,460.0,,,,OK
ENC23,Encastré reservation spot Ø76 mm,u,41.88,50.25,,15,JUILLET 2026,76.0,,,,,,,OK
M068,Rosace 55 x 39 cm,u,95.45,114.54,,15,JUILLET 2026,,,550.0,390.0,,,,OK
ENC24,Encastré reservation spot Ø76 mm,u,83.77,100.53,,15,JUILLET 2026,76.0,,,,,,,OK
M069,Rosace 72 x 42 cm,u,119.3,143.15,,15,JUILLET 2026,,,720.0,420.0,,,,OK
ENC25,Encastré reservation spot Ø 76 mm,u,37.4,44.88,,15,JUILLET 2026,76.0,,,,,,,OK
M070,Rosace Ø 64 cm,u,121.52,145.83,,15,JUILLET 2026,640.0,,,,,,,OK
ENC31,Encastré Plafond Carre Ø 51mm,u,23.0,27.6,,15,JUILLET 2026,51.0,,,,,,,OK
M071,Rosace 88 x 74 cm,u,153.06,183.67,,15,JUILLET 2026,,,880.0,740.0,,,,OK
ENC32,Encastré Plafond Rond Ø 51 mm,u,23.0,27.6,,15,JUILLET 2026,51.0,,,,,,,OK
M072,Rosace Ø 51 cm,u,95.45,114.54,,15,JUILLET 2026,510.0,,,,,,,OK
ENC35,Encastré plafond source Ø 51 mm,u,28.75,34.51,,15,JUILLET 2026,51.0,,,,,,,OK
M073,Rosace Ø 50 cm,u,95.45,114.54,,15,JUILLET 2026,500.0,,,,,,,OK
ENC41,Coupole Fleur Encastré avec source L,u,488.73,586.47,,15,JUILLET 2026,,,,,,,,A_VERIFIER
M100,Rosace Ø 39 cm,u,47.83,57.4,,15,JUILLET 2026,390.0,,,,,,,OK
FILAS,Filasse en 10 kg,Kg,12.05,14.47,*,15,JUILLET 2026,,,,,,,,A_VERIFIER
M101,Rosace Ø 39 cm,u,47.83,57.4,,15,JUILLET 2026,390.0,,,,,,,OK
FILAS1,Filasse en 1 kg,Kg,16.22,19.47,*,15,JUILLET 2026,,,,,,,,A_VERIFIER
M102,Rosace Ø 36 cm,u,47.83,57.4,,15,JUILLET 2026,360.0,,,,,,,OK
FILAS40,Balle de filasse en 40 kg,Kg,11.53,13.83,*,15,JUILLET 2026,,,,,,,,A_VERIFIER
M201,Rosace Ø 52 cm,u,95.45,114.54,,15,JUILLET 2026,520.0,,,,,,,OK
FILAS5,Filasse en 5 kg,Kg,12.09,14.51,*,15,JUILLET 2026,,,,,,,,A_VERIFIER
M202,Rosace Ø 49 cm,u,61.28,73.54,,15,JUILLET 2026,490.0,,,,,,,OK
M203,Rosace Ø 50 cm,u,95.45,114.54,,16,JUILLET 2026,500.0,,,,,,,OK
M504,Rosace ornementée Ø 103 cm,u,249.45,299.35,,16,JUILLET 2026,1030.0,,,,,,,OK
M204,Rosace Ø 49 cm,u,95.45,114.54,,16,JUILLET 2026,490.0,,,,,,,OK
M604,Rosace en Stratistaff Ø158 cm,u,729.79,875.75,,16,JUILLET 2026,1580.0,,,,,,,OK
M205,Rosace Ø 45 cm,u,83.5,100.2,,16,JUILLET 2026,450.0,,,,,,,OK
M605,Rosace en stratistaff Ø 146 cm,u,526.04,631.24,,16,JUILLET 2026,1460.0,,,,,,,OK
M206,Rosace Ø 57 cm,u,95.45,114.54,,16,JUILLET 2026,570.0,,,,,,,OK
MIAMI,Applique sans kit,u,40.62,48.74,,16,JUILLET 2026,,,,,,,,A_VERIFIER
M207,Rosace 53 x 44 cm,u,95.45,114.54,,16,JUILLET 2026,,,530.0,440.0,,,,OK
MO5-242,Socle 400 milieu,u,20.98,25.18,,16,JUILLET 2026,,,,,,,,A_VERIFIER
M208,Rosace 51 x 40 cm,u,95.45,114.54,,16,JUILLET 2026,,,510.0,400.0,,,,OK
MO5-245,Socle 400 cote,u,20.54,24.65,,16,JUILLET 2026,,,,,,,,A_VERIFIER
M209,Rosace 64 x 48 cm,u,61.28,73.54,,16,JUILLET 2026,,,640.0,480.0,,,,OK
MO5-545,Socle 400 mono niche,u,20.65,24.79,,16,JUILLET 2026,,,,,,,,A_VERIFIER
M210,Rosace 60 x 41 cm,u,119.3,143.15,,16,JUILLET 2026,,,600.0,410.0,,,,OK
MO5-B115,Montant bas 115 x 35 cm E. 5 cm,u,32.79,39.35,,16,JUILLET 2026,,,1150.0,350.0,,,,OK
M211,"Rosace Ø 43,5 cm",u,83.5,100.2,,16,JUILLET 2026,435.0,,,,,,,OK
MO5-ET398,"Etagère modulo 39,8 x 33,5 cm E. 5 c",u,21.48,25.78,,16,JUILLET 2026,,,398.0,335.0,,,,OK
M212,Rosace Ø 49 cm,u,83.5,100.2,,16,JUILLET 2026,490.0,,,,,,,OK
MO5-FO398,"Fond modulo 110 x 39,8 cm E. 5 cm",u,18.84,22.6,,16,JUILLET 2026,,,1100.0,398.0,,,,OK
M213,Rosace Ø 46 cm,u,83.5,100.2,,16,JUILLET 2026,460.0,,,,,,,OK
MO5-H115,Montant haut 115 x 35 cm E. 5 cm,u,32.79,39.35,,16,JUILLET 2026,,,1150.0,350.0,,,,OK
M250,Rosace Ø 77 cm,u,138.08,165.7,,16,JUILLET 2026,770.0,,,,,,,OK
MOA23,Etagère angle arrondi modulostaff R36,u,55.28,66.34,,16,JUILLET 2026,,,,,,,,A_VERIFIER
M251,Rosace Ø 66 cm,u,121.52,145.83,,16,JUILLET 2026,660.0,,,,,,,OK
MOA24,Etagère angle arrondi modustaff R36c,u,55.28,66.34,,16,JUILLET 2026,,,,,,,,A_VERIFIER
M252,Rosace Ø 56 cm,u,119.3,143.15,,16,JUILLET 2026,560.0,,,,,,,OK
MOAC,Casquette angle arrondi pour modulost,u,26.27,31.52,,16,JUILLET 2026,,,,,,,,A_VERIFIER
M253,Rosace Ø 46 cm,u,56.91,68.29,,16,JUILLET 2026,460.0,,,,,,,OK
MOAPLIN10,Plinthe PLIN10 cintrée modulostaff R3,u,27.19,32.63,,16,JUILLET 2026,,,,,,,,A_VERIFIER
M254,Rosace Ø 60 cm,u,121.52,145.83,,16,JUILLET 2026,600.0,,,,,,,OK
MOAPLIN10M,Plinthe PLIN10M cintrée modulostaff R,u,27.19,32.63,,16,JUILLET 2026,,,,,,,,A_VERIFIER
M255,Rosace Ø 84 cm,u,237.55,285.06,,16,JUILLET 2026,840.0,,,,,,,OK
MOAPLINT,Plinthe PLINTcintrée modulostaff R36c,u,27.19,32.63,,16,JUILLET 2026,,,,,,,,A_VERIFIER
M296,Rosace Ø 63 cm,u,119.3,143.15,,16,JUILLET 2026,630.0,,,,,,,OK
MOAS,Socle angle arrondi pour modulostaff R,u,26.27,31.52,,16,JUILLET 2026,,,,,,,,A_VERIFIER
M297,Rosace Ø 58 cm,u,119.3,143.15,,16,JUILLET 2026,580.0,,,,,,,OK
MOD.C,Equerre lisse extérieure 17 x 36 cm en,ml,26.86,32.24,,16,JUILLET 2026,,,170.0,360.0,,,,OK
M298,Rosace 59 x 47 cm,u,119.3,143.15,,16,JUILLET 2026,,,590.0,470.0,,,,OK
MOD.S,Socle U pour modulostaff 17x36x17 c,ml,82.97,99.56,,16,JUILLET 2026,,,,,,,,A_VERIFIER
M299,Rosace Ø 60 cm,u,119.3,143.15,,16,JUILLET 2026,600.0,,,,,,,OK
MOD05,Glissière pour fixation étagères MOD2,u,12.91,15.49,,16,JUILLET 2026,,,,,,,,A_VERIFIER
M300,Rosace Ø 60 cm,u,119.3,143.15,,16,JUILLET 2026,600.0,,,,,,,OK
MOD06,Glissière pour fixation étagères MOD2,u,12.91,15.49,,16,JUILLET 2026,,,,,,,,A_VERIFIER
M301,Rosace Ø 60 cm,u,119.3,143.15,,16,JUILLET 2026,600.0,,,,,,,OK
MOD23,Elément modulo lisse sur 3 côtés 250 x,u,113.81,136.57,,16,JUILLET 2026,,,,,,,,A_VERIFIER
M302,Rosace Ø 70 cm,u,143.1,171.72,,16,JUILLET 2026,700.0,,,,,,,OK
MOD24,Elément modulo lisse sur 3 côtés 250 x,u,113.81,136.57,,16,JUILLET 2026,,,,,,,,A_VERIFIER
M303,Rosace Ø 70 cm,u,143.1,171.72,,16,JUILLET 2026,700.0,,,,,,,OK
MOD25,Elément modulo lisse sur 4 côtés 250 x,u,148.84,178.61,,16,JUILLET 2026,,,,,,,,A_VERIFIER
M304,Rosace Ø 70 cm,u,138.1,165.72,,16,JUILLET 2026,700.0,,,,,,,OK
MOE120,"Etagère pour MOD24 L. 112,5 cm P. 3",u,82.96,99.55,,16,JUILLET 2026,,,,,,,,A_VERIFIER
M306,Rosace Ø 80 cm,u,117.98,141.58,,16,JUILLET 2026,800.0,,,,,,,OK
MOE45,"Etagère pour MOD24 L. 37,5 cm P. 35",u,30.15,36.18,,16,JUILLET 2026,,,,,,,,A_VERIFIER
M390,Rosace 105 x 83 cm,u,214.41,257.29,,16,JUILLET 2026,,,1050.0,830.0,,,,OK
MOE60,"Etagère pour MOD24 L. 52.5 cm P. 35,",u,45.28,54.34,,16,JUILLET 2026,,,,,,,,A_VERIFIER
M400,Rosace 100 x 70 cm,u,214.41,257.29,,16,JUILLET 2026,,,1000.0,700.0,,,,OK
MOE90,"Etagère pour MOD24 L. 82,5 cm P. 35.",u,60.29,72.35,,16,JUILLET 2026,,,,,,,,A_VERIFIER
M401,Rosace Ø 90 cm,u,237.55,285.06,,16,JUILLET 2026,900.0,,,,,,,OK
ORN.10,Ornement de Style Louis XV dim 54.8,u,43.12,51.74,,16,JUILLET 2026,,,,,,,,A_VERIFIER
M401P,Rosace M401 plaquiste 120x120cm,u,263.02,315.62,,16,JUILLET 2026,,,1200.0,1200.0,,,,OK
ORN.11,Ornement de style dim 38.2 x 8 cm,u,43.12,51.74,,16,JUILLET 2026,,,382.0,80.0,,,,OK
M402,Rosace Ø 90 cm,u,237.55,285.06,,16,JUILLET 2026,900.0,,,,,,,OK
ORN.12,Ornement de style dim 40 x 7.4cm,u,31.63,37.96,,16,JUILLET 2026,,,400.0,74.0,,,,OK
M403,Rosace Ø 87 cm,u,237.55,285.06,,16,JUILLET 2026,870.0,,,,,,,OK
ORN.13,Ornement de style dim 50.7 x 7 cm,u,31.63,37.96,,16,JUILLET 2026,,,507.0,70.0,,,,OK
M404,Rosace Ø 104 cm,u,237.55,285.06,,16,JUILLET 2026,1040.0,,,,,,,OK
ORN.14,Ornement de style dim 30.5 x 10 cm,u,31.63,37.96,,16,JUILLET 2026,,,305.0,100.0,,,,OK
M405,Rosace Ø 96 cm,u,237.55,285.06,,16,JUILLET 2026,960.0,,,,,,,OK
ORN.15,Ornement de style dim 39.5 x 10 cm,u,31.63,37.96,,16,JUILLET 2026,,,395.0,100.0,,,,OK
M406,Rosace 84 x 44 cm,u,179.72,215.66,,16,JUILLET 2026,,,840.0,440.0,,,,OK
ORN.16,Ornement de style dim 30 x 6 cm,u,31.63,37.96,,16,JUILLET 2026,,,300.0,60.0,,,,OK
M407,Rosace 124 x 80 cm,u,237.55,285.06,,16,JUILLET 2026,,,1240.0,800.0,,,,OK
ORN.17,Ornement de style dim 24.4 x 6.5 cm,u,31.63,37.96,,16,JUILLET 2026,,,244.0,65.0,,,,OK
M420,"Rosace orientale 153 x 81,5 cm",u,328.67,394.4,,16,JUILLET 2026,,,1530.0,815.0,,,,OK
ORN.18,Ornement de style dim 24 x 5 cm,u,31.63,37.96,,16,JUILLET 2026,,,240.0,50.0,,,,OK
M421,Rosace orientale Ø 83 cm,u,186.59,223.9,,16,JUILLET 2026,830.0,,,,,,,OK
ORN.19,Ornement de style Louis XV dim 91 x 2,u,43.12,51.74,,16,JUILLET 2026,,,,,,,,A_VERIFIER
M422,Rosace orientale octogonale Ø 100 cm,u,219.12,262.95,,16,JUILLET 2026,1000.0,,,,,,,OK
ORN.1D,Ornerment d'angle droit de style Louis,u,43.12,51.74,,16,JUILLET 2026,,,,,,,,A_VERIFIER
M423,Rosace orientale carrée - 89 x 89 cm -,u,241.02,289.22,,16,JUILLET 2026,,,890.0,890.0,,,,OK
ORN.1G,Ornement d'angle gauche de style Lou,u,43.12,51.74,,16,JUILLET 2026,,,,,,,,A_VERIFIER
M501,Rosace carrée 84 x 84 cm,u,85.51,102.61,,16,JUILLET 2026,,,840.0,840.0,,,,OK
ORN.20,Ornement de style Louis XV dim 89 x,u,43.12,51.74,,16,JUILLET 2026,,,,,,,,A_VERIFIER
M502,Rosace moderne motif hexagone livré,u,138.23,165.87,,16,JUILLET 2026,,,,,,,,A_VERIFIER
ORN.21,Ornement floral dim 36.5 x 15 cm,u,31.54,37.85,,16,JUILLET 2026,,,365.0,150.0,,,,OK
M502H,Element hexagonal de la rosace M502,u,13.82,16.58,,16,JUILLET 2026,,,,,,,,A_VERIFIER
ORN.22,Ornement floral dim 43 x 15.3 cm,u,31.54,37.85,,16,JUILLET 2026,,,430.0,153.0,,,,OK
M503,Rosace Triskel Ø 100 cm - ép 3 cm,u,92.47,110.97,,16,JUILLET 2026,1000.0,,,,,,,OK
ORN.23,Ornement de style dim 20.5 x 20.9 c,u,31.54,37.85,,16,JUILLET 2026,,,,,,,,A_VERIFIER
ORN.24,Ornement floral dim 13.9 x 19.2 cm,u,31.63,37.96,,17,JUILLET 2026,,,139.0,192.0,,,,OK
PL.DRON2.BC,"Plafonnier double rond 114,5x80x8 cm",u,1307.18,1568.61,,17,JUILLET 2026,,,1145.0,800.0,80.0,,,OK
ORN.25,Ornement floral dim 14.4 x 35.5 cm,u,31.63,37.96,,17,JUILLET 2026,,,144.0,355.0,,,,OK
PL.PUIT.INF,Partie inférieur Puits 210x210,u,789.05,946.86,,17,JUILLET 2026,,,,,,,,A_VERIFIER
ORN.26,Ornement floral dim 11.8 x 25.4 cm,u,31.63,37.96,,17,JUILLET 2026,,,118.0,254.0,,,,OK
PL.PUIT2.INF,Partie inférieur Puits 185x185,u,630.71,756.85,,17,JUILLET 2026,,,,,,,,A_VERIFIER
ORN.27,Ornement de style dim 11 x 24.4 cm,u,31.63,37.96,,17,JUILLET 2026,,,110.0,244.0,,,,OK
PL.PUIT3.INF,Partie inférieur Puits 120x120,u,375.75,450.9,,17,JUILLET 2026,,,,,,,,A_VERIFIER
ORN.28,Ornement de style dim 7.2 x 15.8 cm,u,31.63,37.96,,17,JUILLET 2026,,,72.0,158.0,,,,OK
PL.PUITS,Puits de lumière brut 210 x 210 cm,u,1106.79,1328.14,,17,JUILLET 2026,,,2100.0,2100.0,,,,OK
ORN.29,Ornement de style dim 40.5cm,u,31.63,37.96,,17,JUILLET 2026,,,,,,,,A_VERIFIER
PL.PUITS2,Puits de lumière brut 185 x 185 cm,u,966.69,1160.03,,17,JUILLET 2026,,,1850.0,1850.0,,,,OK
ORN.2D,Ornement d'angle droit de style Louis,u,31.63,37.96,,17,JUILLET 2026,,,,,,,,A_VERIFIER
PL.PUITS3,Puits de lumière brut 120 x 120 cm,u,546.39,655.66,,17,JUILLET 2026,,,1200.0,1200.0,,,,OK
ORN.2G,Ornement d'angle gauche de style Lou,u,31.63,37.96,,17,JUILLET 2026,,,,,,,,A_VERIFIER
PL.R01,Profil Staff pour ruban LED,u,177.13,212.56,,17,JUILLET 2026,,,,,,,,A_VERIFIER
ORN.30,Ornement de style Louis XV - dim 48 x,u,31.63,37.96,,17,JUILLET 2026,,,,,,,,A_VERIFIER
PL.R02,Profil Staff pour ruban LED,u,193.25,231.9,,17,JUILLET 2026,,,,,,,,A_VERIFIER
ORN.31,Ornement de style Louis XV - dim 46.5,u,31.63,37.96,,17,JUILLET 2026,,,,,,,,A_VERIFIER
PL.R200,Plafond rond brut Ø 206 cm,u,626.49,751.79,,17,JUILLET 2026,2060.0,,,,,,,OK
ORN.32,Ornement de style Louis XV - dim 37 x,u,31.63,37.96,,17,JUILLET 2026,,,,,,,,A_VERIFIER
PL.VAGUEA,Plafond Vague + filins +2 spots Led aci,u,686.47,823.77,,17,JUILLET 2026,,,,,,,,A_VERIFIER
ORN.33,Ornement de style Louis XV - dim 45.5,u,31.63,37.96,,17,JUILLET 2026,,,,,,,,A_VERIFIER
PL.VOILE.BC,Plafonnier carré 110x110 cm lisse - 4 s,u,997.02,1196.42,2,17,JUILLET 2026,,,1100.0,1100.0,,,,OK
ORN.34,Ornement fleurs de lys - dim 10.5 x 9 c,u,6.03,7.24,,17,JUILLET 2026,,,,,,,,A_VERIFIER
PL.VOILE.BF,Plafonnier carré 110x110 cm lisse - 4 s,u,997.02,1196.42,2,17,JUILLET 2026,,,1100.0,1100.0,,,,OK
ORN.35,Ornement,u,6.03,7.24,,17,JUILLET 2026,,,,,,,,A_VERIFIER
PL100,Plafond poire lisse brut 299 x 196 cm +,u,721.74,866.09,,17,JUILLET 2026,,,2990.0,1960.0,,,,OK
ORN.36,Ornement de style Louis XV - dim 26.5,u,31.63,37.96,,17,JUILLET 2026,,,,,,,,A_VERIFIER
PL101,Plafond poire avec Motif Brut 299 x 19,u,792.14,950.57,,17,JUILLET 2026,,,,,,,,A_VERIFIER
ORN.37,Ornement de Style dim 63 x22 cm,u,51.56,61.88,,17,JUILLET 2026,,,630.0,220.0,,,,OK
PL110,Plafond poire lisse brut 250 x 170 cm +,u,601.88,722.25,,17,JUILLET 2026,,,2500.0,1700.0,,,,OK
ORN.3D,Ornement d'angle droit de style Louis,u,31.63,37.96,,17,JUILLET 2026,,,,,,,,A_VERIFIER
PL111,Plafond poire vague brut 250 x170 cm,u,683.24,819.88,,17,JUILLET 2026,,,2500.0,1700.0,,,,OK
ORN.3G,Ornement d'angle gauche de style Lou,u,31.63,37.96,,17,JUILLET 2026,,,,,,,,A_VERIFIER
PL170.P,Plafonnier brut encastré120x120 cm -,u,420.24,504.29,,17,JUILLET 2026,,,1200.0,1200.0,,,,OK
ORN.4D,Ornement d'angle droit de style Louis,u,31.63,37.96,,17,JUILLET 2026,,,,,,,,A_VERIFIER
PL201,"Plafonnier 62,5 x 152,5 cm - dalle lumi",u,722.61,867.14,2,17,JUILLET 2026,,,625.0,1525.0,,,,OK
ORN.4G,Ornement d'angle gauche de style Lou,u,31.63,37.96,,17,JUILLET 2026,,,,,,,,A_VERIFIER
PL204,"Plafonnier dalle lumineuse 91,5x91,5 c",u,737.09,884.51,2,17,JUILLET 2026,,,,,,,,A_VERIFIER
ORN.5D,Ornement d'angle droit de style Louis,u,31.63,37.96,,17,JUILLET 2026,,,,,,,,A_VERIFIER
PL222.BC,Plafonnier rétroéclairé suspendu anne,u,1507.65,1809.18,2,17,JUILLET 2026,,,,,,,,A_VERIFIER
ORN.5G,Ornement d'angle droit de style Louis,u,31.63,37.96,,17,JUILLET 2026,,,,,,,,A_VERIFIER
PL223.BC,Plafonnier rétroéclairé suspendu anne,u,957.25,1148.71,2,17,JUILLET 2026,,,,,,,,A_VERIFIER
ORN.6,Ornement d'angle droit de style Louis,u,31.63,37.96,,17,JUILLET 2026,,,,,,,,A_VERIFIER
PL301C.BC,Plafonnier 215x135 motif GOLF - indir,u,2157.09,2588.51,2,17,JUILLET 2026,,,,,,,,A_VERIFIER
ORN.7D,Ornement d'angle droit de style Louis,u,14.82,17.79,,17,JUILLET 2026,,,,,,,,A_VERIFIER
PL302C.BC,Plafonnier 215x135 motif CL10 - indire,u,2157.09,2588.51,2,17,JUILLET 2026,,,,,,,,A_VERIFIER
ORN.7G,Ornement d'angle gauche de style Lou,u,14.83,17.8,,17,JUILLET 2026,,,,,,,,A_VERIFIER
PL303C.BC,Plafonnier 215x135 - motif 1374 - indir,u,2157.09,2588.51,2,17,JUILLET 2026,,,,,,,,A_VERIFIER
ORN.8D,Ornement d'angle droit grappe de raiso,u,31.63,37.96,,17,JUILLET 2026,,,,,,,,A_VERIFIER
PL304C.BC,Plafonnier 215x135 cm motif CL12 - in,u,2157.09,2588.51,2,17,JUILLET 2026,,,2150.0,1350.0,,,,OK
ORN.8G,Ornement d'angle gauche grappe de r,u,31.63,37.96,,17,JUILLET 2026,,,,,,,,A_VERIFIER
PL305C.BC,Plafonnier 215x135 cm motif Lisse - in,u,2157.09,2588.51,2,17,JUILLET 2026,,,2150.0,1350.0,,,,OK
ORN.9,Ornement de style Louis XV dim 60.5,u,43.12,51.74,,17,JUILLET 2026,,,,,,,,A_VERIFIER
PL311C.BC,Plafonnier 180x100 cm motif GOLF - in,u,1963.83,2356.6,2,17,JUILLET 2026,,,1800.0,1000.0,,,,OK
OSAKA,Applique sans kit,u,40.62,48.74,,17,JUILLET 2026,,,,,,,,A_VERIFIER
PL312C.BC,Plafonnier 180x100 cm motif CL10 - in,u,1963.83,2356.6,2,17,JUILLET 2026,,,1800.0,1000.0,,,,OK
P.LUM1,Tableau lumineux Soleils 108 x 83 cm,u,530.95,637.14,2,17,JUILLET 2026,,,1080.0,830.0,,,,OK
PL313C.BC,Plafonnier 180x100 cm motif 1374 - in,u,1963.83,2356.6,2,17,JUILLET 2026,,,1800.0,1000.0,,,,OK
P.LUM2,Tableau lumineux Reflets 108 x 83 cm,u,530.95,637.14,2,17,JUILLET 2026,,,1080.0,830.0,,,,OK
PL314C.BC,Plafonnier 180x100 cm motif CL12 - in,u,1963.83,2356.6,2,17,JUILLET 2026,,,1800.0,1000.0,,,,OK
P.LUM3,Tableau lumineux Chance 83 x 83 cm,u,502.97,603.57,2,17,JUILLET 2026,,,830.0,830.0,,,,OK
PL315C.BC,Plafonnier 180x100 cm motif lisse - indi,u,1963.82,2356.59,2,17,JUILLET 2026,,,1800.0,1000.0,,,,OK
P.LUM4,Tableau lumineux Aquarium 83 x 83 c,u,502.97,603.57,2,17,JUILLET 2026,,,,,,,,A_VERIFIER
PL319,Plafonnier 180x100 Eclairage indirect,u,1796.84,2156.21,2,17,JUILLET 2026,,,,,,,,A_VERIFIER
P.LUM5,Tableau lumineux Constellation 77x77,u,777.8,933.36,2,17,JUILLET 2026,,,,,,,,A_VERIFIER
PL322C.BC,Plafonnier 150x90 cm motif CL10 - Do,u,1963.83,2356.6,2,17,JUILLET 2026,,,1500.0,900.0,,,,OK
P.LUM6,"Tableau lumineux Constellation 137,5",u,790.98,949.17,2,17,JUILLET 2026,,,,,,,,A_VERIFIER
PL323C.BC,Plafonnier 150x90 cm motif 1374 - Dou,u,1963.83,2356.6,2,17,JUILLET 2026,,,1500.0,900.0,,,,OK
PF1374,Panneau de façade motif 1374 avec ca,u,770.74,924.89,,17,JUILLET 2026,,,,,,,,A_VERIFIER
PL324C.BC,Plafonnier 150x90 cm motif CL12 - Do,u,1963.83,2356.6,2,17,JUILLET 2026,,,1500.0,900.0,,,,OK
PH100,Panneau Historique Louis XVI,u,368.63,442.36,,17,JUILLET 2026,,,,,,,,A_VERIFIER
PL325C.BC,Plafonnier 150x90 cm motif Lisse - Do,u,1963.84,2356.61,2,17,JUILLET 2026,,,1500.0,900.0,,,,OK
PL.80BC,Plafonnier carré 80x80x9 cm - Lisse - s,u,839.97,1007.96,2,17,JUILLET 2026,,,800.0,800.0,90.0,,,OK
PL401C.BC,Plafonnier carré 100x100 motif CL10 - i,u,1138.52,1366.23,2,17,JUILLET 2026,,,,,,,,A_VERIFIER
PL.BAS1.P,Base brute 120 x 120 cm pour puits de,u,231.13,277.36,,17,JUILLET 2026,,,1200.0,1200.0,,,,OK
PL402C.BC,Plafonnier carré 100x100 motif Lisse - i,u,1138.52,1366.23,2,17,JUILLET 2026,,,,,,,,A_VERIFIER
PL.BAS2.P,Base brute 120 x 120 cm pour puits de,u,231.13,277.36,,17,JUILLET 2026,,,1200.0,1200.0,,,,OK
PL403C.BC,Plafonnier carré 100x100 motif 1374 - i,u,1138.52,1366.23,2,17,JUILLET 2026,,,,,,,,A_VERIFIER
PL.CARRE1.BC,Plafonnier carré 120x120x10 cm - spot,u,1071.44,1285.73,2,17,JUILLET 2026,,,1200.0,1200.0,100.0,,,OK
PL404C.BC,Plafonnier carré 100x100 cm motif GO,u,1138.52,1366.23,2,17,JUILLET 2026,,,1000.0,1000.0,,,,OK
PL.CARRE2.BC,Plafonnier carré 120x120x10 cm - spot,u,1486.19,1783.43,2,17,JUILLET 2026,,,1200.0,1200.0,100.0,,,OK
PL405C.BC,Plafonnier carré 100x100 cm - motif CL,u,1138.52,1366.23,2,17,JUILLET 2026,,,1000.0,1000.0,,,,OK
PL.DCAR1.BC,Plafonnier double carré 160x115x9 cm,u,997.13,1196.56,2,17,JUILLET 2026,,,1600.0,1150.0,90.0,,,OK
PL405F.BF,Plafonnier carré 100x100 cm - motif CL,u,1138.52,1366.23,2,17,JUILLET 2026,,,1000.0,1000.0,,,,OK
PL.DCAR2.BC,Plafonnier double carré 160x115x9 cm,u,1307.18,1568.61,2,17,JUILLET 2026,,,1600.0,1150.0,90.0,,,OK
PL411C.BC,Plafonnier carré 82x82 cm motif CL10 -,u,1057.45,1268.94,2,17,JUILLET 2026,,,820.0,820.0,,,,OK
PL.DOM1,Dôme lisse brut pour puits de lumière,u,231.13,277.36,,17,JUILLET 2026,,,,,,,,A_VERIFIER
PL412C.BC,Plafonnier carré 82x82 cm motif LISSE,u,1057.45,1268.94,2,17,JUILLET 2026,,,820.0,820.0,,,,OK
PL413C.BC,Plafonnier carré 82x82 cm motif 1374 -,u,1057.45,1268.94,2,18,JUILLET 2026,,,820.0,820.0,,,,OK
PLIN15,"Plinthe 15 cm en 1,50 ml",ml,13.06,15.67,,18,JUILLET 2026,,,,,,,1500.0,OK
PL414C.BC,Plafonnier carré 82x82 cm motif GOLF,u,1057.45,1268.94,2,18,JUILLET 2026,,,820.0,820.0,,,,OK
PLIN15A,Angle sortant de PLIN15,u,17.72,21.27,,18,JUILLET 2026,,,,,,,,A_VERIFIER
PL415C.BC,Plafonnier carré 82x82 cm motif CL12 -,u,1057.46,1268.95,2,18,JUILLET 2026,,,820.0,820.0,,,,OK
PLIN20,"Plinthe 20,5 cm en 1,50 ml",ml,14.57,17.48,,18,JUILLET 2026,,,,,,,1500.0,OK
PL501C.BC,Plafonnier rond Ø100 motif CL10 - indi,u,1138.52,1366.23,2,18,JUILLET 2026,,,,,,,,A_VERIFIER
PLIN21,Plinthe 21 cm en 1.5 ml,ml,17.43,20.91,,18,JUILLET 2026,,,,,,,1500.0,OK
PL502C.BC,Plafonnier rond Ø100 motif rosace - in,u,1138.52,1366.23,2,18,JUILLET 2026,,,,,,,,A_VERIFIER
PLIN25.PC.SP,Plinthe passe câble et sur-plinthe Ht=2,ml,21.89,26.27,,18,JUILLET 2026,,,,,,,,A_VERIFIER
PL503C.BC,Plafonnier rond Ø100 cm motif 1374 -,u,1138.52,1366.23,2,18,JUILLET 2026,1000.0,,,,,,,OK
PLIN25.R,Angle rentrant pour PLIN25.PC.SP,u,42.02,50.43,,18,JUILLET 2026,,,,,,,,A_VERIFIER
PL601.45A,Angle 45° pour raccord avec les PL60,u,43.78,52.53,,18,JUILLET 2026,,,,,,,,A_VERIFIER
PLIN25.S,Angle sortant pour PLIN25.PC.SP,u,42.02,50.43,,18,JUILLET 2026,,,,,,,,A_VERIFIER
PL601.45D,Angle 45° pour raccord avec les PL60,u,43.78,52.53,,18,JUILLET 2026,,,,,,,,A_VERIFIER
PLIN38,Plinthe de 38 cm 1.5 ml,ml,17.51,21.01,,18,JUILLET 2026,,,,,,,,A_VERIFIER
PL601.90A,Angle 90° pour raccord entre 2 PL,u,43.78,52.53,,18,JUILLET 2026,,,,,,,,A_VERIFIER
PLIN40.PC.SP,Plinthe passe câble et sur-plinthe Ht=4,ml,35.02,42.02,,18,JUILLET 2026,,,,,,,,A_VERIFIER
PL601.90D,Angle 90° pour raccord avec les PL60,u,43.78,52.53,,18,JUILLET 2026,,,,,,,,A_VERIFIER
PLIN40.R,Angle rentrant pour PLIN40.PC.SP,u,42.02,50.43,,18,JUILLET 2026,,,,,,,,A_VERIFIER
PL601.BC,Plafonnier 150x30 - spots Blanc Chaud,u,504.29,605.15,,18,JUILLET 2026,,,,,,,,A_VERIFIER
PLIN40.S,Angle santrant PLIN40.PC.SP,u,42.02,50.43,,18,JUILLET 2026,,,,,,,,A_VERIFIER
PL601.R,Pièce de raccord pour PL601,u,24.14,28.97,,18,JUILLET 2026,,,,,,,,A_VERIFIER
PLINAR10.SP,Sur Plinthe arrondie 10 cm en 2 ml,ml,11.65,13.98,,18,JUILLET 2026,,,,,,,2000.0,OK
PL602.BC,Plafonnier 160x20 - Spot Blanc Chaud,u,504.29,605.15,,18,JUILLET 2026,,,,,,,,A_VERIFIER
PLINAR10.SPA,Angle sortant arrondi sur-plinthe pour,u,9.5,11.4,,18,JUILLET 2026,,,,,,,,A_VERIFIER
PL602.BF,Plafonnier 160x20 - Spot Blanc 4000°,u,504.29,605.15,,18,JUILLET 2026,,,,,,,,A_VERIFIER
PLINCL12.PC,Plinthe 12 cm Passe Câble en 2 ml,ml,12.23,14.67,,18,JUILLET 2026,,,,,,,2000.0,OK
PL612.BC,Plafonnier carré 70x70 cm motif Saturn,u,504.29,605.15,,18,JUILLET 2026,,,700.0,700.0,,,,OK
PLINCL12.PCA,Angle sortant Passe Câble pour PLINC,u,9.73,11.67,,18,JUILLET 2026,,,,,,,,A_VERIFIER
PL613C.BC,Plafonnier carré 60 x 60 cm - indirect B,u,762.43,914.92,,18,JUILLET 2026,,,600.0,600.0,,,,OK
PLINLED12,Plinthe 12 cm en 2 ml avec réservation,ml,11.13,13.35,,18,JUILLET 2026,,,,,,,2000.0,OK
PL614C.BC,Plafonnier 80 x 30 cm - indirect B.Chau,u,718.44,862.13,,18,JUILLET 2026,,,800.0,300.0,,,,OK
PLINT,"Plinthe Art Déco de 10 cm en 1,50 ml",ml,10.26,12.31,,18,JUILLET 2026,,,,,,,1500.0,OK
PL621C.BC,Plafonnier ovale 80 x 60 cm - indirect B,u,784.44,941.33,,18,JUILLET 2026,,,800.0,600.0,,,,OK
PLINT10.PC,Plinthe 10 cm Passe Câble en 2 ml,ml,11.02,13.22,,18,JUILLET 2026,,,,,,,2000.0,OK
PL622C.BC,Plafonnier rond Ø 60 cm - indirect B.C,u,762.43,914.92,,18,JUILLET 2026,600.0,,,,,,,OK
PLINT10.PCA,Angle sortant Passe Câble,u,9.5,11.4,,18,JUILLET 2026,,,,,,,,A_VERIFIER
PL623C.BC,Plafonnier rond Ø 70 cm - indirect B.C,u,784.44,941.33,,18,JUILLET 2026,700.0,,,,,,,OK
PLINT10.SP,Sur Plinthe 10 cm en 2 ml,ml,11.65,13.98,,18,JUILLET 2026,,,,,,,2000.0,OK
PLAQ,Plaque de staff 150 x 66 cm - Ep. 15 m,u,28.29,33.95,,18,JUILLET 2026,,,1500.0,660.0,,,,OK
PLINT10.SPA,Angle sortant sur-plinthe pour PLINT10,u,9.5,11.4,,18,JUILLET 2026,,,,,,,,A_VERIFIER
PLAQ1,Plaque Staff 120x80 Ep 15 mm ECO,u,12.29,14.75,,18,JUILLET 2026,,,,,,15.0,,OK
PLINTA,Angle sortant de Plinthe Art Deco,u,12.47,14.96,,18,JUILLET 2026,,,,,,,,A_VERIFIER
PLAQ2,Plaque de staff 120 x 80 cm - Ep. 15 m,u,28.67,34.41,,18,JUILLET 2026,,,1200.0,800.0,,,,OK
R.COL.RES,Colle Spray 3M pour élément Résine e,u,31.52,37.82,,18,JUILLET 2026,,,,,,,,A_VERIFIER
PLAQ3,Plaque de staff 120 x 80 cm - Ep. 20 m,u,41.81,50.18,,18,JUILLET 2026,,,1200.0,800.0,,,,OK
R.GV800,GRILLE VENTILATION 3 FENTES DE,u,125.29,150.35,,18,JUILLET 2026,,,,,,,,A_VERIFIER
PLAQ4,Plaque de staff 140 x 70 cm - Ep. 20 m,u,41.2,49.45,,18,JUILLET 2026,,,1400.0,700.0,,,,OK
R.PLAQ40,Trappe Staff - 40 x 40 cm pour ep 12.5,u,208.52,250.23,,18,JUILLET 2026,,,400.0,400.0,,,,OK
PLAQ5,Plaque de staff 151 x 66 cm - Ep. 8 m,u,35.78,42.94,,18,JUILLET 2026,,,1510.0,660.0,,,,OK
R.PLAQ55,Trappe Staff - 55 x 55 cm pour ep 12.5,u,226.98,272.38,,18,JUILLET 2026,,,550.0,550.0,,,,OK
PLAQ6,Plaque de staff 120 x 80 cm - Ep. 8 m,u,35.78,42.94,,18,JUILLET 2026,,,1200.0,800.0,,,,OK
R.STAFF40,Trappe Staff 400 x 400 pour ep 15 mm,u,349.79,419.74,,18,JUILLET 2026,,,,,,,,A_VERIFIER
PLAQ7,Plaque staff 7 mm- Promenade aux Tu,u,35.78,42.94,,18,JUILLET 2026,,,,,,,,A_VERIFIER
R.STAFF55,Trappe Staff 550 x 550 pour ep 15 mm,u,388.9,466.68,,18,JUILLET 2026,,,,,,,,A_VERIFIER
PLIN08,"Plinthe 8 cm en 1,50 ml",ml,7.88,9.46,,18,JUILLET 2026,,,,,,,1500.0,OK
R.TRELEC,Trappe visite elec,u,103.49,124.19,,18,JUILLET 2026,,,,,,,,A_VERIFIER
PLIN08M,"Plinthe moderne 8 cm en 1,50 ml",ml,7.88,9.46,,18,JUILLET 2026,,,,,,,1500.0,OK
R561,Feuille d'angle rentrant,u,23.62,28.34,,18,JUILLET 2026,,,,,,,,A_VERIFIER
PLIN08M.PC,Plinthe 8 cm Passe Câble en 2 ml,ml,6.35,7.61,,18,JUILLET 2026,,,,,,,2000.0,OK
R601,Angle rentrant,u,27.99,33.59,,18,JUILLET 2026,,,,,,,,A_VERIFIER
PLIN08M.PCA,Angle sortant Passe Câble pour PLIN0,u,9.39,11.27,,18,JUILLET 2026,,,,,,,,A_VERIFIER
R606,Angle rentrant,u,27.99,33.59,,18,JUILLET 2026,,,,,,,,A_VERIFIER
PLIN10,"Plinthe 10 cm en 1,50 ml",ml,8.76,10.51,,18,JUILLET 2026,,,,,,,1500.0,OK
R611,Angle rentrant,u,26.69,32.02,,18,JUILLET 2026,,,,,,,,A_VERIFIER
PLIN10A,Angle sortant de PLIN10,u,12.47,14.96,,18,JUILLET 2026,,,,,,,,A_VERIFIER
R616,Angle rentrant,u,26.69,32.02,,18,JUILLET 2026,,,,,,,,A_VERIFIER
PLIN10M,"Plinthe moderne 10 cm en 1,50 ml",ml,8.76,10.51,,18,JUILLET 2026,,,,,,,1500.0,OK
R702,Angle rentrant,u,25.66,30.79,,18,JUILLET 2026,,,,,,,,A_VERIFIER
PLIN10M.SP,Sur Plinthe 10 cm en 2 ml,ml,7.0,8.4,,18,JUILLET 2026,,,,,,,2000.0,OK
R707,Angle rentrant,u,26.69,32.02,,18,JUILLET 2026,,,,,,,,A_VERIFIER
PLIN10M.SPA,Angle sortant sur-plinthe pour PLIN10,u,9.62,11.55,,18,JUILLET 2026,,,,,,,,A_VERIFIER
RES.1,Ornement rameau en résine,u,77.2,92.64,,18,JUILLET 2026,,,,,,,,A_VERIFIER
PLIN10MA,Angle sortant de PLIN10M,u,12.47,14.96,,18,JUILLET 2026,,,,,,,,A_VERIFIER
RES.1.4,Lot de 4 ornements rameaux en résine,u,294.17,353.0,,18,JUILLET 2026,,,,,,,,A_VERIFIER
PLIN11.PC,Plinthe 11 cm Passe Câble en 2 ml,ml,7.0,8.4,,18,JUILLET 2026,,,,,,,2000.0,OK
RES.2,Ornement en résine,u,75.64,90.77,,18,JUILLET 2026,,,,,,,,A_VERIFIER
PLIN11.PCA,Angle sortant Passe Câble pour PLIN1,u,9.62,11.55,,18,JUILLET 2026,,,,,,,,A_VERIFIER
RES.3,Ornement en résine,u,81.95,98.34,,18,JUILLET 2026,,,,,,,,A_VERIFIER
PLIN11.SP,Sur Plinthe 11 cm en 2 ml,ml,7.0,8.4,,18,JUILLET 2026,,,,,,,2000.0,OK
RES.4,"Ornement en résine 27 X 27 cm, collec",u,94.55,113.46,,18,JUILLET 2026,,,,,,,,A_VERIFIER
PLIN11.SPA,Angle sortant sur-plinthe pour PLIN11.,u,9.62,11.55,,18,JUILLET 2026,,,,,,,,A_VERIFIER
RES.5,"Ornement en résine 67 X 39.7 cm, coll",u,102.96,123.55,,18,JUILLET 2026,,,,,,,,A_VERIFIER
PLIN12,"Plinthe 12 cm en 1,50 ml",ml,10.57,12.68,,18,JUILLET 2026,,,,,,,1500.0,OK
S562,Feuille d'angle sortant,u,23.62,28.34,,18,JUILLET 2026,,,,,,,,A_VERIFIER
PLIN12A,Angle sortant de PLIN12,u,13.74,16.49,,18,JUILLET 2026,,,,,,,,A_VERIFIER
S601,Angle sortant,u,27.99,33.59,,18,JUILLET 2026,,,,,,,,A_VERIFIER
PLIN12LED,Plinthe 12.5cm en 1.50 ml avec réserv,ml,11.13,13.36,,18,JUILLET 2026,,,,,,,1500.0,OK
S606,Angle sortant,u,27.99,33.59,,18,JUILLET 2026,,,,,,,,A_VERIFIER
S611,Angle sortant,u,26.69,32.02,,19,JUILLET 2026,,,,,,,,A_VERIFIER
TAL9304,"Talon de porte H.17 L. 7,5 E. 5 cm",u,12.36,14.83,,19,JUILLET 2026,,,,,,,,A_VERIFIER
S616,Angle sortant,u,26.69,32.02,,19,JUILLET 2026,,,,,,,,A_VERIFIER
TALGM,"Talon de porte G.M. H.17 L.8,5 E. 3 c",u,12.31,14.78,,19,JUILLET 2026,,,,,,,,A_VERIFIER
S702,Angle sortant,u,25.66,30.79,,19,JUILLET 2026,,,,,,,,A_VERIFIER
TALP,Talon pierre parement H.12 L.10 E. 4,u,18.6,22.31,,19,JUILLET 2026,,,,,,,,A_VERIFIER
S707,Angle sortant,u,26.62,31.95,,19,JUILLET 2026,,,,,,,,A_VERIFIER
TALPB,"Talon pierre blanche H. 22 L. 7,5 E. 2",u,18.6,22.31,,19,JUILLET 2026,,,,,,,,A_VERIFIER
SD7042,Lame Harlem en carton de 5 unités (1,cart.,62.33,74.8,,19,JUILLET 2026,,,,,,,,A_VERIFIER
TALSP,"Talon de porte 1104/1105 H.14 L. 7,5",u,8.46,10.15,,19,JUILLET 2026,,,,,,,,A_VERIFIER
SD7043,Briquette Forest Hill en carton de 5 unit,cart.,62.33,74.8,,19,JUILLET 2026,,,,,,,,A_VERIFIER
U1910,Profil en U 10 + 19 + 10 cm en 2 ml,ml,58.42,70.11,,19,JUILLET 2026,,,,,,,2000.0,OK
SD7044,Lame Forest Hill en carton de 10 unité,cart.,62.33,74.8,,19,JUILLET 2026,,,,,,,,A_VERIFIER
U1925,Profil en U 25 + 19 + 25 cm en 2 ml,ml,103.43,124.12,,19,JUILLET 2026,,,,,,,2000.0,OK
SD7045,Lame Luna Park en carton de 5 unités,cart.,62.33,74.8,,19,JUILLET 2026,,,,,,,,A_VERIFIER
U2410,Profil en U 10 + 24 + 10 cm en 2 ml,ml,65.95,79.14,,19,JUILLET 2026,,,,,,,2000.0,OK
SD7046,Parement 5ème Avenue en carton de,cart.,62.33,74.8,,19,JUILLET 2026,,,,,,,,A_VERIFIER
U2425,Profil en U 25 + 24 + 25 cm en 2 ml,ml,110.93,133.11,,19,JUILLET 2026,,,,,,,2000.0,OK
SD7047,Briquette Soho en carton de 25 unités,cart.,62.33,74.8,,19,JUILLET 2026,,,,,,,,A_VERIFIER
U3210,Profil en U 10 + 32 + 10 cm en 2 ml,ml,77.98,93.58,,19,JUILLET 2026,,,,,,,2000.0,OK
SD7052,Briquette Greenwich en carton de 5 uni,cart.,62.33,74.8,,19,JUILLET 2026,,,,,,,,A_VERIFIER
U3225,Profil en U 25 + 32 + 25 cm en 2ml,ml,122.95,147.54,,19,JUILLET 2026,,,,,,,2000.0,OK
SD7054,Briquette Brooklyn en carton de 20 unit,cart.,62.33,74.8,,19,JUILLET 2026,,,,,,,,A_VERIFIER
UF1005,Profil en U lisse ext. pour nez de cloiso,ml,81.35,97.63,,19,JUILLET 2026,,,,,,,,A_VERIFIER
SD7055,Parement Broadway en carton de 6 uni,cart.,62.33,74.8,,19,JUILLET 2026,,,,,,,,A_VERIFIER
US0740,Profil 7+40+7 cm en 2.5 ml,ml,63.18,75.82,,19,JUILLET 2026,,,,,,,2500.0,OK
SD7056,Briquette Queens en carton de 5 unité,cart.,62.33,74.8,,19,JUILLET 2026,,,,,,,,A_VERIFIER
US1040,Profil 10+40+10 cm en 2.5 ml,ml,71.81,86.18,,19,JUILLET 2026,,,,,,,2500.0,OK
SD7057,Parement bois 120 x 25 cm (2 unités =,cart.,37.4,44.88,,19,JUILLET 2026,,,1200.0,250.0,,,,OK
X.C090,Profil Croisement 90°,u,59.67,71.61,,19,JUILLET 2026,,,,,,,,A_VERIFIER
SD7500,Parement Key West en carton de 2 uni,cart.,57.31,68.77,,19,JUILLET 2026,,,,,,,,A_VERIFIER
X.D150,Profil Variance Corniche L.1.5 m,u,213.05,255.66,,19,JUILLET 2026,,,,,,,,A_VERIFIER
SD7501,Parement Daytona en carton de 2 unit,cart.,57.31,68.77,,19,JUILLET 2026,,,,,,,,A_VERIFIER
X.L150,Profil lumineux linéaire Lg.1.5m,u,137.5,165.0,,19,JUILLET 2026,,,,,,,,A_VERIFIER
SD7502,Parement Square Garden en carton de,cart.,57.31,68.77,,19,JUILLET 2026,,,,,,,,A_VERIFIER
X.R050,Profil Variance R 50 cm,u,151.08,181.29,,19,JUILLET 2026,,,,,,,,A_VERIFIER
SD7503,Parement Everglades en carton de 2 u,cart.,57.31,68.77,,19,JUILLET 2026,,,,,,,,A_VERIFIER
X.R100,Profil Variance R 100 cm,u,226.89,272.27,,19,JUILLET 2026,,,,,,,,A_VERIFIER
SD7504,Parement Orlando en carton de 2 unité,cart.,57.31,68.77,,19,JUILLET 2026,,,,,,,,A_VERIFIER
X.R200,Profil Variance R 200 cm,u,226.89,272.27,,19,JUILLET 2026,,,,,,,,A_VERIFIER
SDC1,Cimaise High Line n°1 en carton de 4,cart.,85.91,103.09,,19,JUILLET 2026,,,,,,,,A_VERIFIER
X.T090,Profil Variance T Corniche - Linéaire,u,103.13,123.75,,19,JUILLET 2026,,,,,,,,A_VERIFIER
SDC2,Cimaise High Line n°2 en carton de 4,cart.,85.91,103.09,,19,JUILLET 2026,,,,,,,,A_VERIFIER
SDPA1,Profil Park Avenue n°1 en carton de 2,cart.,49.81,59.77,,19,JUILLET 2026,,,,,,,,A_VERIFIER
SDPA2,Profil Park Avenue n°2 en carton de 2,cart.,49.81,59.77,,19,JUILLET 2026,,,,,,,,A_VERIFIER
SDPA3,Profil Park Avenue n°3 en carton de 2,cart.,49.81,59.77,,19,JUILLET 2026,,,,,,,,A_VERIFIER
SDPA4,Profil Park Avenue n°4 en carton de 2,cart.,49.81,59.77,,19,JUILLET 2026,,,,,,,,A_VERIFIER
T.CAPITON165,Tête de lit Capiton avec 2 tablettes acr,u,979.22,1175.07,,19,JUILLET 2026,,,,,,,,A_VERIFIER
T.CAPITON180,Tête de lit Capiton avec 2 tablettes acr,u,1042.38,1250.86,,19,JUILLET 2026,,,,,,,,A_VERIFIER
T.OCEAN160,Tête de lit Océan avec 2 tablettes verr,u,1642.56,1971.07,,19,JUILLET 2026,,,,,,,,A_VERIFIER
T.OCEAN180,Tête de lit Océan avec 2 tablettes verr,u,1705.71,2046.85,,19,JUILLET 2026,,,,,,,,A_VERIFIER
T.SAHARA140,Tête de lit Sahara + led éclairage pour,u,1806.66,2168.0,,19,JUILLET 2026,,,,,,,,A_VERIFIER
T.SAHARA160,Tête de lit Sahara + led éclairage pour,u,1895.53,2274.64,,19,JUILLET 2026,,,,,,,,A_VERIFIER
T.SAHARA180,Tête de lit Sahara + led éclairage pour,u,1984.39,2381.27,,19,JUILLET 2026,,,,,,,,A_VERIFIER
T12RES,Talon 12 cm avec réservation,u,9.04,10.84,,19,JUILLET 2026,,,,,,,,A_VERIFIER
TAL.MAR,Talon moulure 1250 G/D Larg=16 Ht=1,u,12.27,14.73,,19,JUILLET 2026,,,,,,,,A_VERIFIER
TAL10,Talon de porte 10 cm,u,4.37,5.24,,19,JUILLET 2026,,,,,,,,A_VERIFIER
TAL1165,Talon pour c.joint 1165 H12,u,4.58,5.5,,19,JUILLET 2026,,,,,,,,A_VERIFIER
TAL12,"Talon de porte H.12 L.6 E. 2,5 cm",u,5.79,6.95,,19,JUILLET 2026,,,,,,,,A_VERIFIER
TAL1343,Talon de porte H.17 L.10.5 ep 3.2cm,u,14.95,17.94,,19,JUILLET 2026,,,,,,,,A_VERIFIER
TAL14,"Talon de porte H.14 L.6 E. 2,5 cm",u,5.79,6.95,,19,JUILLET 2026,,,,,,,,A_VERIFIER
TAL17,"Talon de porte H.17 L.6 E. 2,5 cm",u,5.79,6.95,,19,JUILLET 2026,,,,,,,,A_VERIFIER
TAL20,Talon : Ht : 200 mm/ lg :117 mm/ ép : 4,u,15.99,19.19,,19,JUILLET 2026,,,,,,,,A_VERIFIER
TAL26,Talon pour PLIN25.PC.SP (sur comma,u,15.76,18.91,,19,JUILLET 2026,,,,,,,,A_VERIFIER
TAL41,Talon pour PLIN40.PC.SP (sur comma,u,16.63,19.96,,19,JUILLET 2026,,,,,,,,A_VERIFIER
TAL44,Talon 44 cm pour PLIN40.SP.PC,u,21.01,25.21,,19,JUILLET 2026,,,,,,,,A_VERIFIER
