sku_normalise,sku_suivi,dans_suivi,dans_manifest,dans_catalogue,statut_gestion,be_declare_dxf_ou_dwg2d,be_declare_step,be_declare_stl,ged_reel_dxf_ou_dwg,ged_reel_step,ged_reel_stl,aucun_format_ni_be_ni_ged
0005,0005,True,False,True,ACTIF,False,False,False,False,False,False,True
0006,0006,True,False,True,ACTIF,False,False,False,False,False,False,True
0007,0007,True,False,True,ACTIF,False,False,False,False,False,False,True
0010,0010,True,False,True,ACTIF,False,False,False,False,False,False,True
0011,0011,True,False,True,ACTIF,False,False,False,False,False,False,True
0012,0012,True,False,True,ACTIF,False,False,False,False,False,False,True
0015,,False,False,True,,False,False,False,False,False,False,True
0018,0018,True,False,True,ACTIF,False,False,False,False,False,False,True
0020,,False,False,True,,False,False,False,False,False,False,True
0021,,False,False,True,,False,False,False,False,False,False,True
0026,,False,False,True,,False,False,False,False,False,False,True
0027,,False,False,True,,False,False,False,False,False,False,True
0028,,False,False,True,,False,False,False,False,False,False,True
0029,0029,True,False,True,ACTIF,False,False,False,False,False,False,True
0030,,False,False,True,,False,False,False,False,False,False,True
0031,0031,True,False,True,ACTIF,False,False,False,False,False,False,True
0032,0032,True,False,True,ACTIF,False,False,False,False,False,False,True
0033,0033,True,False,True,ACTIF,False,False,False,False,False,False,True
0035,,False,False,True,,False,False,False,False,False,False,True
0036,,False,False,True,,False,False,False,False,False,False,True
0038,0038,True,False,True,ACTIF,False,False,False,False,False,False,True
0040,0040,True,False,False,ACTIF,False,False,False,False,False,False,True
0065,0065,True,False,False,ACTIF,False,False,False,False,False,False,True
01,01,True,False,True,ACTIF,False,False,False,False,False,False,True
02,02,True,False,True,ACTIF,False,False,False,False,False,False,True
03,03,True,False,True,ACTIF,False,False,False,False,False,False,True
0300,0300,True,False,True,ACTIF,False,False,False,False,False,False,True
04,04,True,False,True,ACTIF,False,False,False,False,False,False,True
0400,0400,True,False,True,ACTIF,False,False,False,False,False,False,True
05,05,True,False,True,ACTIF,False,False,False,False,False,False,True
0500,0500,True,False,True,ACTIF,False,False,False,False,False,False,True
06,06,True,False,True,ACTIF,False,False,False,False,False,False,True
0600,0600,True,False,True,ACTIF,False,False,False,False,False,False,True
0650,0650,True,False,True,ACTIF,False,False,False,False,False,False,True
07,07,True,False,True,ACTIF,False,False,False,False,False,False,True
0700,0700,True,False,True,ACTIF,False,False,False,False,False,False,True
0710,0710,True,True,True,ACTIF,True,True,True,True,False,False,False
0712,0712,True,True,True,ACTIF,True,True,True,True,False,False,False
0714,0714,True,True,True,ACTIF,True,True,True,True,False,False,False
0724,0724,True,True,True,ACTIF,True,True,True,True,False,False,False
0726,0726,True,True,True,ACTIF,True,True,True,True,False,False,False
0732,0732,True,True,True,ACTIF,True,True,True,True,False,False,False
0734,0734,True,True,True,ACTIF,True,True,True,True,False,False,False
0742,0742,True,False,True,ACTIF,True,True,True,False,False,False,False
0744,0744,True,True,True,ACTIF,True,True,True,True,False,False,False
0760,0760,True,False,True,ACTIF,False,False,False,False,False,False,True
0761,0761,True,False,True,ACTIF,False,False,False,False,False,False,True
0762,0762,True,False,True,ACTIF,False,False,False,False,False,False,True
0765,0765,True,False,True,ACTIF,False,False,False,False,False,False,True
0780,0780,True,False,True,ACTIF,False,False,False,False,False,False,True
0781,0781,True,False,True,ACTIF,False,False,False,False,False,False,True
0782,0782,True,False,True,ACTIF,False,False,False,False,False,False,True
0785,0785,True,False,True,ACTIF,False,False,False,False,False,False,True
08,08,True,False,True,ACTIF,False,False,False,False,False,False,True
0800,0800,True,False,True,ACTIF,False,False,False,False,False,False,True
0801,0801,True,False,True,ACTIF,False,False,False,False,False,False,True
0802,0802,True,False,True,ACTIF,False,False,False,False,False,False,True
0803,0803,True,False,True,ACTIF,False,False,False,False,False,False,True
0804,0804,True,False,True,ACTIF,False,False,False,False,False,False,True
0805,0805,True,False,True,ACTIF,False,False,False,False,False,False,True
0806,0806,True,False,True,ACTIF,False,False,False,False,False,False,True
09,09,True,False,True,ACTIF,False,False,False,False,False,False,True
0900,0900,True,True,True,ACTIF,True,True,False,True,False,False,False
0901,0901,True,False,True,ACTIF,False,False,False,False,False,False,True
0902,0902,True,False,True,ACTIF,False,False,False,False,False,False,True
0903,0903,True,False,True,ACTIF,False,False,False,False,False,False,True
0904,0904,True,False,True,ACTIF,False,False,False,False,False,False,True
0905,0905,True,True,True,ACTIF,False,True,False,True,False,False,False
0950,0950,True,False,True,ACTIF,False,False,False,False,False,False,True
0951,0951,True,False,True,ACTIF,False,False,False,False,False,False,True
0952,0952,True,False,True,ACTIF,False,False,False,False,False,False,True
0955,0955,True,False,True,ACTIF,False,False,False,False,False,False,True
0999,0999,True,False,True,ACTIF,False,False,False,False,False,False,True
10,10,True,False,True,ACTIF,False,False,False,False,False,False,True
100,100,True,False,True,ACTIF,False,False,False,False,False,False,True
1000,1000,True,True,True,ACTIF,True,True,False,True,False,False,False
1001,1001,True,False,True,ACTIF,False,False,False,False,False,False,True
1002,1002,True,False,True,ACTIF,False,False,False,False,False,False,True
1003,1003,True,False,True,ACTIF,False,False,False,False,False,False,True
1004,1004,True,False,True,ACTIF,False,False,False,False,False,False,True
1005,1005,True,True,True,ACTIF,True,True,False,True,False,False,False
101,101,True,False,True,ACTIF,False,False,False,False,False,False,True
1025,1025,True,False,True,ACTIF,False,False,False,False,False,False,True
1050,1050,True,False,True,ACTIF,False,False,False,False,False,False,True
1055,1055,True,False,True,ACTIF,False,False,False,False,False,False,True
11,11,True,False,True,ACTIF,False,False,False,False,False,False,True
1101,1101,True,False,True,ACTIF,True,True,True,False,False,False,False
1101-1108,,False,True,False,,False,False,False,True,False,False,False
1101BH,1101BH,True,True,True,ACTIF,True,True,True,True,False,False,False
1101C,1101C,True,True,True,ACTIF,True,False,False,True,False,False,False
1101D,1101D,True,False,True,ACTIF,False,False,True,False,False,False,False
1101E,1101E,True,False,True,ACTIF,True,False,True,False,False,False,False
1101E-1,,False,True,False,,False,False,False,True,False,False,False
1101F,1101F,True,False,True,ACTIF,False,False,False,False,False,False,True
1101G,1101G,True,False,True,ACTIF,False,False,False,False,False,False,True
1101H,1101H,True,True,True,ACTIF,True,False,True,True,False,False,False
1101P,1101P,True,False,True,ACTIF,False,False,False,False,False,False,True
1102,1102,True,True,True,ACTIF,True,True,True,True,False,False,False
1102BH,1102BH,True,True,True,ACTIF,True,True,False,True,False,False,False
1103,1103,True,True,True,ACTIF,True,True,True,True,False,False,False
1103BH,1103BH,True,True,True,ACTIF,True,True,False,True,False,False,False
1103C,1103C,True,True,True,ACTIF,True,False,False,True,False,False,False
1103D,1103D,True,False,True,ACTIF,False,False,False,False,False,False,True
1103H,1103H,True,True,True,ACTIF,True,False,True,True,False,False,False
1104,1104,True,True,True,ACTIF,True,False,True,True,False,False,False
1104B,1104B,True,False,True,ACTIF,False,False,True,False,False,False,False
1104H,1104H,True,False,True,ACTIF,False,False,False,False,False,False,True
1105,1105,True,True,True,ACTIF,True,False,True,True,False,False,False
1105B,1105B,True,False,True,ACTIF,False,False,False,False,False,False,True
1105H,1105H,True,False,True,ACTIF,False,False,False,False,False,False,True
1106,1106,True,True,True,ACTIF,True,False,False,True,False,False,False
1107,1107,True,True,True,ACTIF,True,True,True,True,False,False,False
1107+P,1107+P,True,False,True,ACTIF,True,False,False,False,False,False,False
1107-P,,False,True,False,,False,False,False,True,False,False,False
1107BH,1107BH,True,False,True,ACTIF,False,False,False,False,False,False,True
1107E,1107E,True,True,True,ACTIF,True,False,False,True,False,False,False
1107P,1107P,True,True,True,ACTIF,True,False,True,True,False,False,False
1108,1108,True,False,True,ACTIF,True,True,True,False,False,False,False
1109,1109,True,False,True,ACTIF,False,False,False,False,False,False,True
111,,False,False,True,,False,False,False,False,False,False,True
1110,1110,True,False,True,ACTIF,False,False,False,False,False,False,True
1111,1111,True,False,True,ACTIF,False,False,False,False,False,False,True
1112,1112,True,True,True,ACTIF,True,False,True,True,False,False,False
1113,1113,True,False,True,ACTIF,False,False,False,False,False,False,True
1114D,1114D,True,False,True,ACTIF,False,False,False,False,False,False,True
1114G,1114G,True,False,True,ACTIF,False,False,False,False,False,False,True
1115P,1115P,True,True,True,ACTIF,True,False,False,True,False,False,False
1116EXISTE?,1116  existe ?,True,False,False,ACTIF,True,False,False,False,False,False,False
1117EXISTE?,1117 existe ?,True,False,False,ACTIF,True,False,False,False,False,False,False
1118EXISTE?,1118 existe ?,True,False,False,ACTIF,True,False,False,False,False,False,False
112,,False,False,True,,False,False,False,False,False,False,True
1120,1120,True,True,True,ACTIF,True,True,True,True,False,False,False
1121,1121,True,True,True,ACTIF,True,True,True,True,False,False,False
1124,1124,True,True,True,ACTIF,True,True,True,True,False,False,False
1124+P,,False,False,True,,False,False,False,False,False,False,True
1124P,1124P,True,False,False,ACTIF,True,False,False,False,False,False,False
1125,1125,True,True,True,ACTIF,True,True,True,True,False,False,False
1130,1130,True,True,True,ACTIF,True,True,True,True,False,False,False
1131,1131,True,True,True,ACTIF,True,False,False,True,False,False,False
1132,1132,True,False,True,ACTIF,True,False,True,False,False,False,False
1132-685,,False,True,False,,False,False,False,True,False,False,False
1140C,1140C,True,True,True,ACTIF,True,True,False,True,False,False,False
1140C-1,,False,True,False,,False,False,False,True,False,False,False
1141C,1141C,True,True,True,ACTIF,True,True,False,True,False,False,False
1145C,1145C,True,True,True,ACTIF,True,False,False,True,False,False,False
1150,1150,True,True,True,ACTIF,True,False,False,True,False,False,False
1150BH,1150BH,True,False,True,ACTIF,False,False,False,False,False,False,True
1151,1151,True,True,True,ACTIF,True,False,True,True,False,False,False
1151BH,1151BH,True,False,True,ACTIF,False,False,False,False,False,False,True
1153,1153,True,False,True,ACTIF,False,False,False,False,False,False,True
1155,1155,True,True,True,ACTIF,True,True,True,True,False,False,False
1156,1156,True,True,True,ACTIF,True,True,True,True,False,False,False
1157,1157,True,False,True,ACTIF,False,False,False,False,False,False,True
1165,1165,True,False,True,ACTIF,True,False,True,False,False,False,False
1166,1166,True,True,True,ACTIF,True,True,True,True,False,False,False
12,12,True,False,True,ACTIF,False,False,False,False,False,False,True
1200,1200,True,True,True,ACTIF,True,True,True,True,False,False,False
1200BH,1200BH,True,True,True,ACTIF,True,True,False,True,False,False,False
1201,1201,True,True,True,ACTIF,True,True,True,True,False,False,False
1202,1202,True,True,True,ACTIF,True,False,True,True,False,False,False
1202B,1202B,True,False,True,ACTIF,False,False,False,False,False,False,True
1202BH,1202BH,True,True,True,ACTIF,True,True,False,True,False,False,False
1202H,1202H,True,False,True,ACTIF,False,False,False,False,False,False,True
1203,1203,True,False,True,ACTIF,False,False,False,False,False,False,True
1204,1204,True,True,True,ACTIF,True,False,True,True,False,False,False
1204BH,1204BH,True,False,True,ACTIF,False,False,True,False,False,False,False
1204H,1204H,True,False,True,ACTIF,False,False,True,False,False,False,False
1205,1205,True,False,True,ACTIF,False,False,False,False,False,False,True
1206,1206,True,False,True,ACTIF,True,True,True,False,False,False,False
1206-459,,False,True,False,,False,False,False,True,False,False,False
1206R,1206R,True,True,True,ACTIF,True,True,False,True,False,False,False
1206S,1206S,True,True,True,ACTIF,True,True,False,True,False,False,False
1207,1207,True,True,True,ACTIF,True,True,True,True,False,False,False
1207BH,1207BH,True,True,True,ACTIF,True,True,False,True,False,False,False
1207E,1207E,True,True,True,ACTIF,True,False,False,True,False,False,False
1208,1208,True,True,True,ACTIF,True,False,True,True,False,False,False
1208D,1208D,True,False,True,ACTIF,False,False,False,False,False,False,True
1209,1209,True,True,True,ACTIF,True,True,True,True,False,False,False
1210,1210,True,True,True,ACTIF,True,True,True,True,False,False,False
1210BH,1210BH,True,True,True,ACTIF,True,True,False,True,False,False,False
1211,1211,True,True,True,ACTIF,True,False,False,True,False,False,False
1211S,1211S,True,False,False,ACTIF,True,True,False,False,False,False,False
1212,1212,True,True,True,ACTIF,True,False,False,True,False,False,False
1212S,1212S,True,False,False,ACTIF,True,True,False,False,False,False,False
1213,1213,True,False,True,ACTIF,True,False,True,False,False,False,False
1213-10,,False,True,False,,False,False,False,True,False,False,False
1213BH,1213BH,True,False,True,ACTIF,True,False,True,False,False,False,False
1213BH-1,,False,True,False,,False,False,False,True,False,False,False
1213G,1213G,True,False,True,ACTIF,True,False,True,False,False,False,False
1213G-1,,False,True,False,,False,False,False,True,False,False,False
1213S,1213S,True,False,False,ACTIF,True,True,False,False,False,False,False
1214,1214,True,True,True,ACTIF,True,False,False,True,False,False,False
1214S,1214S,True,False,False,ACTIF,True,True,False,False,False,False,False
1215,1215,True,False,True,ACTIF,True,False,False,False,False,False,False
1216,,False,True,True,,False,False,False,True,False,False,False
1216ANNULÉE,1216  Annulée,True,False,False,ANNULEE,True,False,False,False,False,False,False
1220,1220,True,False,True,ACTIF,True,True,True,False,False,False,False
1220-1,,False,True,False,,False,False,False,True,False,False,False
1221,1221,True,True,True,ACTIF,True,True,True,True,False,False,False
1250D,1250D,True,False,True,ACTIF,False,False,False,False,False,False,True
1250G,1250G,True,False,True,ACTIF,False,False,False,False,False,False,True
1251,1251,True,False,True,ACTIF,False,False,False,False,False,False,True
1252,1252,True,False,True,ACTIF,False,False,False,False,False,False,True
1253,1253,True,False,True,ACTIF,False,False,False,False,False,False,True
1254,1254,True,False,True,ACTIF,False,False,False,False,False,False,True
1268,1268,True,False,True,ACTIF,False,False,False,False,False,False,True
1271,1271,True,False,True,ACTIF,False,False,False,False,False,False,True
1275,1275,True,False,True,ACTIF,False,False,False,False,False,False,True
13,13,True,False,True,ACTIF,False,False,False,False,False,False,True
1300+P,1300 +P,True,False,True,ACTIF,True,False,False,False,False,False,False
1300-P-765,,False,True,False,,False,False,False,True,False,False,False
1301,1301,True,True,True,ACTIF,True,False,True,True,False,False,False
1302,1302,True,False,True,ACTIF,False,False,False,False,False,False,True
1303,1303,True,False,True,ACTIF,False,False,False,False,False,False,True
1304,1304,True,True,True,ACTIF,True,False,True,True,False,False,False
1305,1305,True,False,True,ACTIF,False,False,False,False,False,False,True
1306,1306,True,False,True,ACTIF,False,False,False,False,False,False,True
1310,1310,True,True,True,ACTIF,True,False,True,True,False,False,False
1316,1316,True,False,True,ACTIF,True,False,False,False,False,False,False
1318,1318,True,True,True,ACTIF,True,False,False,True,False,False,False
1318B,1318B,True,True,False,ACTIF,True,False,False,True,False,False,False
1319,1319,True,True,True,ACTIF,True,False,False,True,False,False,False
1320,1320,True,False,True,ACTIF,False,False,False,False,False,False,True
1321,1321,True,False,True,ACTIF,False,False,True,False,False,False,False
1322,1322,True,False,True,ACTIF,False,False,False,False,False,False,True
1323,1323,True,True,True,ACTIF,True,False,True,True,False,False,False
1324,1324,True,True,True,ACTIF,True,True,True,True,False,False,False
1325,1325,True,True,True,ACTIF,True,False,True,True,False,False,False
1326,1326,True,True,True,ACTIF,True,False,False,True,False,False,False
1326-1,,False,True,False,,False,False,False,True,False,False,False
1327,1327,True,True,True,ACTIF,True,False,False,True,False,False,False
1328,1328,True,False,True,ACTIF,False,False,False,False,False,False,True
1329,1329,True,False,True,ACTIF,False,False,False,False,False,False,True
1330,1330,True,False,True,ACTIF,False,False,False,False,False,False,True
1331,1331,True,False,True,ACTIF,True,False,False,False,False,False,False
1332,1332,True,False,True,ACTIF,True,False,False,False,False,False,False
1333,1333,True,False,True,ACTIF,False,False,False,False,False,False,True
1334,1334,True,False,True,ACTIF,False,False,False,False,False,False,True
1335,1335,True,False,True,ACTIF,False,False,False,False,False,False,True
1337S,1337S,True,False,False,ACTIF,False,False,False,False,False,False,True
1340,1340,True,True,True,ACTIF,True,False,False,True,False,False,False
1341,1341,True,False,True,ACTIF,False,False,True,False,False,False,False
1342,1342,True,False,True,ACTIF,False,False,False,False,False,False,True
1343,1343,True,False,True,ACTIF,True,True,True,False,False,False,False
1344,1344,True,False,True,ACTIF,True,True,True,False,False,False,False
1345,1345,True,False,True,ACTIF,True,True,True,False,False,False,False
1346,1346,True,True,True,ACTIF,True,False,False,True,False,False,False
1347,1347,True,False,True,ACTIF,False,False,False,False,False,False,True
1348,1348,True,False,True,ACTIF,True,False,True,False,False,False,False
1349,1349,True,False,True,ACTIF,False,False,False,False,False,False,True
1350,1350,True,True,True,ACTIF,True,False,False,True,False,False,False
1351S,1351S,True,False,False,ACTIF,False,False,False,False,False,False,True
1352S,1352S,True,False,False,ACTIF,False,False,False,False,False,False,True
1353S,1353S,True,False,False,ACTIF,False,False,False,False,False,False,True
1361,1361,True,False,True,ACTIF,True,False,False,False,False,False,False
1361-1,,False,True,False,,False,False,False,True,False,False,False
1362,1362,True,True,True,ACTIF,True,False,False,True,False,False,False
1362B,1362B,True,False,True,ACTIF,False,False,False,False,False,False,True
1363,1363,True,True,True,ACTIF,True,False,False,True,False,False,False
1364,1364,True,True,True,ACTIF,True,True,True,True,False,False,False
1365,1365,True,True,True,ACTIF,True,True,True,True,False,False,False
1366,1366,True,True,True,ACTIF,True,True,True,True,False,False,False
1367,1367,True,True,True,ACTIF,True,True,True,True,False,False,False
1368S,1368S,True,False,False,ACTIF,False,False,False,False,False,False,True
1369S,1369S,True,False,False,ACTIF,False,False,False,False,False,False,True
1370,1370,True,True,True,ACTIF,True,False,False,True,False,False,False
1371,1371,True,False,True,ACTIF,False,False,False,False,False,False,True
1372,1372,True,False,True,ACTIF,False,False,False,False,False,False,True
1373,1373,True,False,True,ACTIF,False,False,False,False,False,False,True
1374,1374,True,False,True,ACTIF,False,False,False,False,False,False,True
1380,1380,True,True,True,ACTIF,True,False,True,True,False,False,False
1381,1381,True,True,True,ACTIF,True,False,False,True,False,False,False
1382,1382,True,True,True,ACTIF,True,False,False,True,False,False,False
1383,1383,True,False,True,ACTIF,True,False,False,False,False,False,False
1384,1384,True,True,True,ACTIF,True,False,False,True,False,False,False
1385,1385,True,True,True,ACTIF,True,False,False,True,False,False,False
14,14,True,False,False,ACTIF,False,False,False,False,False,False,True
1400,1400,True,False,True,ACTIF,False,False,False,False,False,False,True
1401,1401,True,False,True,ACTIF,False,False,False,False,False,False,True
1402,1402,True,False,True,ACTIF,False,False,False,False,False,False,True
1403,1403,True,False,True,ACTIF,False,False,False,False,False,False,True
1404,1404,True,False,True,ACTIF,False,False,False,False,False,False,True
1405,1405,True,True,True,ACTIF,True,False,False,True,False,False,False
1406,1406,True,False,True,ACTIF,False,False,False,False,False,False,True
1407,1407,True,False,True,ACTIF,False,False,False,False,False,False,True
1408,1408,True,False,True,ACTIF,False,False,False,False,False,False,True
1409,1409,True,False,True,ACTIF,False,False,True,False,False,False,False
1410,1410,True,False,True,ACTIF,False,False,False,False,False,False,True
14105,14105,True,False,False,ACTIF,False,False,False,False,False,False,True
1411D,1411D,True,False,True,ACTIF,False,False,False,False,False,False,True
1411G,1411G,True,False,True,ACTIF,False,False,False,False,False,False,True
1412,1412,True,False,True,ACTIF,False,False,False,False,False,False,True
1413,1413,True,False,True,ACTIF,False,False,False,False,False,False,True
1414,1414,True,False,True,ACTIF,False,False,False,False,False,False,True
1415,1415,True,False,True,ACTIF,False,False,False,False,False,False,True
1416,1416,True,False,True,ACTIF,False,False,False,False,False,False,True
1417,1417,True,False,True,ACTIF,False,False,False,False,False,False,True
1418,1418,True,False,True,ACTIF,False,False,False,False,False,False,True
1419,1419,True,False,True,ACTIF,False,False,False,False,False,False,True
1420,1420,True,False,True,ACTIF,False,False,False,False,False,False,True
1420H,1420H,True,False,True,ACTIF,False,False,False,False,False,False,True
1420M,1420M,True,False,True,ACTIF,False,False,False,False,False,False,True
1420T,1420T,True,False,True,ACTIF,False,False,False,False,False,False,True
1421,1421,True,False,True,ACTIF,False,False,False,False,False,False,True
1422,1422,True,False,False,ACTIF,False,False,False,False,False,False,True
1423,1423,True,False,True,ACTIF,False,False,False,False,False,False,True
1424,1424,True,False,True,ACTIF,False,False,False,False,False,False,True
1425,1425,True,False,True,ACTIF,False,False,False,False,False,False,True
1426,1426,True,False,True,ACTIF,False,False,False,False,False,False,True
1427,1427,True,False,True,ACTIF,False,False,False,False,False,False,True
1428,1428,True,False,True,ACTIF,False,False,False,False,False,False,True
1429,1429,True,False,True,ACTIF,False,False,False,False,False,False,True
1430,1430,True,False,True,ACTIF,False,False,False,False,False,False,True
1431,1431,True,False,True,ACTIF,False,False,False,False,False,False,True
1432,1432,True,False,True,ACTIF,False,False,False,False,False,False,True
1433,1433,True,False,True,ACTIF,False,False,False,False,False,False,True
1434,1434,True,False,True,ACTIF,False,False,False,False,False,False,True
1435,1435,True,False,True,ACTIF,False,False,False,False,False,False,True
1436,,False,True,True,,False,False,False,True,False,False,False
1436(D883),1436 (D883),True,False,False,ACTIF,True,False,False,False,False,False,False
1440,1440,True,False,True,ACTIF,False,False,False,False,False,False,True
1441,1441,True,False,True,ACTIF,False,False,False,False,False,False,True
1443,,False,True,True,,False,False,False,True,False,False,False
1443(D883),1443 (D883),True,False,False,ACTIF,True,False,False,False,False,False,False
15,15,True,False,False,ACTIF,False,False,False,False,False,False,True
1500,1500,True,False,True,ACTIF,False,False,False,False,False,False,True
16,16,True,False,True,ACTIF,False,False,False,False,False,False,True
1600,1600,True,False,True,ACTIF,False,False,False,False,False,False,True
1700,1700,True,False,True,ACTIF,False,False,False,False,False,False,True
17A,17A,True,False,True,ACTIF,False,False,False,False,False,False,True
1800,1800,True,False,True,ACTIF,False,False,False,False,False,False,True
18A,18A,True,False,True,ACTIF,False,False,False,False,False,False,True
19,19,True,False,True,ACTIF,False,False,False,False,False,False,True
1900,1900,True,False,True,ACTIF,False,False,False,False,False,False,True
20,20,True,False,True,ACTIF,False,False,False,False,False,False,True
20-01,20.01,True,False,True,ACTIF,False,False,False,False,False,False,True
20-02,20.02,True,False,True,ACTIF,False,False,False,False,False,False,True
20-03,20.03,True,False,True,ACTIF,False,False,False,False,False,False,True
20-04,20.04,True,False,True,ACTIF,False,False,False,False,False,False,True
20-05,20.05,True,False,True,ACTIF,False,False,False,False,False,False,True
20-06,20.06,True,False,True,ACTIF,True,True,False,False,False,False,False
20-06-29,,False,True,False,,False,False,False,True,False,False,False
20-06B,20.06B,True,True,True,ACTIF,True,True,False,True,False,False,False
20-06H,20.06H,True,False,True,ACTIF,True,True,False,False,False,False,False
20-06H-34,,False,True,False,,False,False,False,True,False,False,False
20-06S,20.06S,True,False,True,ACTIF,True,True,False,False,False,False,False
20-08,20.08,True,False,True,ACTIF,False,True,False,False,False,False,False
20-08-395,,False,True,False,,False,False,False,True,False,False,False
20-51,20.51,True,False,True,ACTIF,False,False,False,False,False,False,True
20-52,20.52,True,False,True,ACTIF,False,False,False,False,False,False,True
20-53,20.53,True,False,True,ACTIF,False,False,False,False,False,False,True
20-54,20.54,True,True,True,ACTIF,False,False,False,True,False,False,False
20-55,20.55,True,False,True,ACTIF,False,False,False,False,False,False,True
20-56,20.56,True,True,True,ACTIF,True,True,False,True,False,False,False
20-56B,20.56B,True,False,True,ACTIF,True,True,False,False,False,False,False
20-56B-1,,False,True,False,,False,False,False,True,False,False,False
20-56H,20.56H,True,True,True,ACTIF,True,True,False,True,False,False,False
20-56S,20.56S,True,False,True,ACTIF,True,True,False,False,False,False,False
20-56S-399,,False,True,False,,False,False,False,True,False,False,False
20-57,20.57,True,False,True,ACTIF,False,False,False,False,False,False,True
20-57BD,20.57BD,True,False,True,ACTIF,False,False,False,False,False,False,True
20-57BG,20.57BG,True,False,True,ACTIF,False,False,False,False,False,False,True
20-57HD,20.57HD,True,False,True,ACTIF,False,False,False,False,False,False,True
20-57HG,20.57HG,True,False,True,ACTIF,False,False,False,False,False,False,True
20-57SD,20.57SD,True,False,True,ACTIF,False,False,False,False,False,False,True
20-57SG,20.57SG,True,False,True,ACTIF,False,False,False,False,False,False,True
20-58,20.58,True,False,True,ACTIF,False,False,False,False,False,False,True
20-58-396,,False,True,False,,False,False,False,True,False,False,False
20-59,20.59,True,False,True,ACTIF,False,False,False,False,False,False,True
20-82,20.82,True,True,False,ACTIF,True,True,False,True,False,False,False
2000,2000,True,False,True,ACTIF,True,False,False,False,False,False,False
2001,2001,True,False,True,ACTIF,False,False,False,False,False,False,True
2002,2002,True,False,False,ACTIF,False,False,False,False,False,False,True
2003,2003,True,False,False,ACTIF,False,False,False,False,False,False,True
2004,2004,True,False,True,ACTIF,False,False,False,False,False,False,True
2005,2005,True,False,True,ACTIF,False,False,False,False,False,False,True
201,201,True,False,False,ACTIF,False,False,False,False,False,False,True
2019,2019,True,False,True,ACTIF,True,False,False,False,False,False,False
2020,2020,True,True,True,ACTIF,True,False,False,True,False,False,False
2024,2024,True,False,True,ACTIF,True,False,False,False,False,False,False
2030,2030,True,False,True,ACTIF,False,False,False,False,False,False,True
2030M,2030M,True,False,True,ACTIF,False,False,False,False,False,False,True
2031,2031,True,False,True,ACTIF,False,False,False,False,False,False,True
2031C,2031C,True,False,True,ACTIF,False,False,False,False,False,False,True
2031M,,False,False,True,,False,False,False,False,False,False,True
2032,2032,True,False,True,ACTIF,True,False,False,False,False,False,False
2039,2039,True,False,True,ACTIF,True,False,False,False,False,False,False
2044,2044,True,False,True,ACTIF,True,False,False,False,False,False,False
2050,2050,True,False,True,ACTIF,True,False,False,False,False,False,False
2060,2060,True,False,True,ACTIF,True,False,False,False,False,False,False
20A,20A,True,False,True,ACTIF,False,False,False,False,False,False,True
21,21,True,False,True,ACTIF,False,False,False,False,False,False,True
21-01,21.01,True,False,True,ACTIF,False,False,False,False,False,False,True
21-02,21.02,True,False,True,ACTIF,False,False,False,False,False,False,True
21-03,21.03,True,False,True,ACTIF,False,False,False,False,False,False,True
21-03A,21.03A,True,False,True,ACTIF,False,False,False,False,False,False,True
21-03B,21.03B,True,False,True,ACTIF,False,False,False,False,False,False,True
21-04,21.04,True,False,True,ACTIF,False,False,False,False,False,False,True
21-05,21.05,True,False,True,ACTIF,False,False,False,False,False,False,True
21-06,21.06,True,False,True,ACTIF,False,False,False,False,False,False,True
21-07,21.07,True,False,True,ACTIF,False,False,False,False,False,False,True
21-08,21.08,True,False,True,ACTIF,False,False,False,False,False,False,True
21-10,21.10,True,False,True,ACTIF,False,False,False,False,False,False,True
21-11,21.11,True,False,True,ACTIF,False,False,False,False,False,False,True
21-12,21.12,True,False,True,ACTIF,False,False,False,False,False,False,True
21-13,21.13,True,False,True,ACTIF,False,False,False,False,False,False,True
21-16,21.16,True,False,True,ACTIF,False,False,False,False,False,False,True
21-17,21.17,True,False,True,ACTIF,False,False,False,False,False,False,True
21-18,21.18,True,False,True,ACTIF,False,False,False,False,False,False,True
21-19,21.19,True,False,True,ACTIF,False,False,False,False,False,False,True
21-20,21.20,True,False,True,ACTIF,False,False,False,False,False,False,True
21-21,21.21,True,False,True,ACTIF,False,False,False,False,False,False,True
21-22,21.22,True,False,True,ACTIF,False,False,False,False,False,False,True
21-23,21.23,True,False,True,ACTIF,False,False,False,False,False,False,True
21-30,21.30,True,False,True,ACTIF,False,False,False,False,False,False,True
21-40,21.40,True,False,True,ACTIF,False,False,False,False,False,False,True
21-45,21.45,True,False,True,ACTIF,False,False,False,False,False,False,True
21-48,21.48,True,False,True,ACTIF,False,False,False,False,False,False,True
21-49,21.49,True,False,True,ACTIF,False,False,False,False,False,False,True
21-50,21.50,True,False,True,ACTIF,False,False,False,False,False,False,True
21-51,21.51,True,False,True,ACTIF,False,False,False,False,False,False,True
21-55,21.55,True,False,True,ACTIF,False,False,False,False,False,False,True
21-56,21.56,True,False,True,ACTIF,False,False,False,False,False,False,True
21-57,21.57,True,False,True,ACTIF,False,False,False,False,False,False,True
21-60,21.60,True,False,True,ACTIF,False,False,False,False,False,False,True
21-70,21.70,True,False,True,ACTIF,False,False,False,False,False,False,True
21-75,21.75,True,False,True,ACTIF,False,False,False,False,False,False,True
21-80,21.80,True,False,True,ACTIF,False,False,False,False,False,False,True
21-90,21.90,True,False,True,ACTIF,False,False,False,False,False,False,True
21-95,21.95,True,False,True,ACTIF,False,False,False,False,False,False,True
22-00,22.00,True,False,True,ACTIF,False,False,False,False,False,False,True
22-05,22.05,True,False,True,ACTIF,False,False,False,False,False,False,True
22-10,22.10,True,False,True,ACTIF,False,False,False,False,False,False,True
22-15,22.15,True,False,True,ACTIF,False,False,False,False,False,False,True
22-20,22.20,True,False,True,ACTIF,False,False,False,False,False,False,True
22-25,22.25,True,False,True,ACTIF,False,False,False,False,False,False,True
22-30,,False,False,True,,False,False,False,False,False,False,True
22-35,22.35,True,False,True,ACTIF,False,False,False,False,False,False,True
22-40,22.40,True,False,True,ACTIF,False,False,False,False,False,False,True
22-45,22.45,True,False,True,ACTIF,False,False,False,False,False,False,True
22-50,22.50,True,False,True,ACTIF,False,False,False,False,False,False,True
22-51,22.51,True,False,True,ACTIF,False,False,False,False,False,False,True
22-52,22.52,True,False,True,ACTIF,False,False,False,False,False,False,True
22-53,22.53,True,False,True,ACTIF,False,False,False,False,False,False,True
22-54,22.54,True,False,True,ACTIF,False,False,False,False,False,False,True
22-55,22.55,True,False,True,ACTIF,False,False,False,False,False,False,True
22-56,22.56,True,False,True,ACTIF,False,False,False,False,False,False,True
22-57,22.57,True,False,True,ACTIF,False,False,False,False,False,False,True
22-58,22.58,True,False,True,ACTIF,False,False,False,False,False,False,True
22-60,,False,False,True,,False,False,False,False,False,False,True
22-61,22.61,True,False,True,ACTIF,False,False,False,False,False,False,True
22-62,22.62,True,False,True,ACTIF,False,False,False,False,False,False,True
22-70,22.70,True,False,True,ACTIF,False,False,False,False,False,False,True
22-71,22.71,True,False,True,ACTIF,False,False,False,False,False,False,True
22-72,22.72,True,False,True,ACTIF,False,False,False,False,False,False,True
22-73,22.73,True,False,True,ACTIF,False,False,False,False,False,False,True
22-74,22.74,True,False,True,ACTIF,False,False,False,False,False,False,True
22-75,22.75,True,False,True,ACTIF,False,False,False,False,False,False,True
22-76,22.76,True,False,True,ACTIF,False,False,False,False,False,False,True
22-77,22.77,True,False,True,ACTIF,False,False,False,False,False,False,True
22-78,22.78,True,False,True,ACTIF,False,False,False,False,False,False,True
22104,22104,True,False,True,ACTIF,False,False,False,False,False,False,True
22105,22105,True,False,True,ACTIF,False,False,False,False,False,False,True
22106,22106,True,False,True,ACTIF,False,False,False,False,False,False,True
22107,22107,True,False,True,ACTIF,False,False,False,False,False,False,True
22108,22108,True,False,True,ACTIF,False,False,False,False,False,False,True
22109,22109,True,False,True,ACTIF,False,False,False,False,False,False,True
22110,22110,True,False,True,ACTIF,False,False,False,False,False,False,True
22116,22116,True,False,True,ACTIF,True,False,False,False,False,False,False
22117,22117,True,False,True,ACTIF,True,False,False,False,False,False,False
22118,22118,True,False,True,ACTIF,True,False,False,False,False,False,False
22119,22119,True,False,True,ACTIF,True,False,False,False,False,False,False
22120,22120,True,False,True,ACTIF,True,False,False,False,False,False,False
22121,22121,True,False,True,ACTIF,True,False,False,False,False,False,False
22122,22122,True,False,True,ACTIF,True,False,False,False,False,False,False
22130J,22130J,True,False,True,ACTIF,False,False,False,False,False,False,True
22130M,22130M,True,False,True,ACTIF,False,False,False,False,False,False,True
22140,22140,True,False,True,ACTIF,False,False,False,False,False,False,True
22150,22150,True,False,True,ACTIF,False,False,False,False,False,False,True
22160,,False,True,False,,False,False,False,True,False,False,False
22160-445,22160.445,True,False,True,ACTIF,True,True,False,False,False,False,False
22160-545,22160.545,True,False,True,ACTIF,False,False,False,False,False,False,True
22160-605,22160.605,True,False,True,ACTIF,False,False,False,False,False,False,True
22160-675,22160.675,True,False,True,ACTIF,False,False,False,False,False,False,True
23,23,True,False,True,ACTIF,False,False,False,False,False,False,True
23-01,23.01,True,False,True,ACTIF,False,False,False,False,False,False,True
23-02,23.02,True,False,True,ACTIF,False,False,False,False,False,False,True
23-03,23.03,True,False,True,ACTIF,False,False,False,False,False,False,True
23-04,23.04,True,False,True,ACTIF,False,False,False,False,False,False,True
23-05,23.05,True,False,True,ACTIF,False,False,False,False,False,False,True
23-06,23.06,True,False,True,ACTIF,False,False,False,False,False,False,True
23-07,23.07,True,False,True,ACTIF,False,False,False,False,False,False,True
23-08,23.08,True,False,True,ACTIF,False,False,False,False,False,False,True
23-09,23.09,True,False,False,ACTIF,False,False,False,False,False,False,True
23-10,23.10,True,False,True,ACTIF,False,False,False,False,False,False,True
23000,23000,True,False,False,ACTIF,False,False,False,False,False,False,True
23001,23001,True,False,False,ACTIF,False,False,False,False,False,False,True
24,24,True,False,True,ACTIF,False,False,False,False,False,False,True
25,25,True,False,True,ACTIF,False,False,False,False,False,False,True
2518,2518,True,True,True,ACTIF,True,True,False,True,False,False,False
2524,2524,True,True,True,ACTIF,True,True,False,True,False,False,False
2530,2530,True,True,True,ACTIF,True,True,False,True,False,False,False
26,26,True,False,True,ACTIF,False,False,False,False,False,False,True
2618,2618,True,True,True,ACTIF,True,True,False,True,False,False,False
2624,2624,True,True,True,ACTIF,True,True,False,True,False,False,False
2630,2630,True,True,True,ACTIF,True,True,False,True,False,False,False
26A,26A,True,False,True,ACTIF,False,False,False,False,False,False,True
27,27,True,False,True,ACTIF,False,False,False,False,False,False,True
2718,2718,True,True,True,ACTIF,True,True,False,True,False,False,False
2724,2724,True,True,True,ACTIF,True,True,False,True,False,False,False
2730,2730,True,True,True,ACTIF,True,True,False,True,False,False,False
2800L,2800L,True,True,True,ACTIF,True,True,False,True,False,False,False
2820L,2820L,True,True,True,ACTIF,True,True,False,True,False,False,False
2824L,2824L,True,True,True,ACTIF,True,True,False,True,False,False,False
2830L,2830L,True,True,True,ACTIF,True,True,False,True,False,False,False
28A,28A,True,False,True,ACTIF,False,False,False,False,False,False,True
2MOULURESDELAD881B,2 Moulures de la  D881B,True,False,False,ACTIF,True,False,False,False,False,False,False
30,30,True,False,True,ACTIF,False,False,False,False,False,False,True
30-02,30.02,True,False,True,ACTIF,True,True,False,False,False,False,False
30-02-391,,False,True,False,,False,False,False,True,False,False,False
30-03,30.03,True,False,True,ACTIF,True,True,False,False,False,False,False
30-03-43,,False,True,False,,False,False,False,True,False,False,False
30-04,30.04,True,True,True,ACTIF,True,True,False,True,False,False,False
30-04P,,False,False,True,,False,False,False,False,False,False,True
30-05,30.05,True,True,True,ACTIF,True,True,False,True,False,False,False
30-06,30.06,True,True,True,ACTIF,True,True,False,True,False,False,False
30-07,30.07,True,True,True,ACTIF,True,True,False,True,False,False,False
30-08,30.08,True,True,True,ACTIF,True,True,False,True,False,False,False
30-09,30.09,True,True,True,ACTIF,True,True,False,True,False,False,False
30-10,30.10,True,True,True,ACTIF,True,True,False,True,False,False,False
30-11,30.11,True,True,True,ACTIF,True,True,False,True,False,False,False
30-12,30.12,True,True,True,ACTIF,True,True,False,True,False,False,False
30-52,30.52,True,False,True,ACTIF,True,True,False,False,False,False,False
30-52-392,,False,True,False,,False,False,False,True,False,False,False
30-53,30.53,True,False,True,ACTIF,True,True,False,False,False,False,False
30-53-1,,False,True,False,,False,False,False,True,False,False,False
30-54,30.54,True,True,True,ACTIF,True,True,False,True,False,False,False
30-54P,,False,False,True,,False,False,False,False,False,False,True
30-55,30.55,True,True,True,ACTIF,True,True,False,True,False,False,False
30-56,30.56,True,True,True,ACTIF,True,True,False,True,False,False,False
30-57,30.57,True,True,True,ACTIF,True,True,False,True,False,False,False
30-58,30.58,True,True,True,ACTIF,True,True,False,True,False,False,False
30-59,30.59,True,True,True,ACTIF,True,True,False,True,False,False,False
30-60,30.60,True,False,True,ACTIF,True,True,False,False,False,False,False
30-60-534,,False,True,False,,False,False,False,True,False,False,False
30-61,30.61,True,True,True,ACTIF,True,True,False,True,False,False,False
30-62,30.62,True,True,True,ACTIF,True,True,False,True,False,False,False
30-63,30.63,True,True,True,ACTIF,True,True,False,True,False,False,False
3000,3000,True,False,True,ACTIF,False,False,False,False,False,False,True
30051,30051,True,False,True,ACTIF,False,False,False,False,False,False,True
30052,30052,True,False,True,ACTIF,False,False,False,False,False,False,True
30053,30053,True,False,True,ACTIF,False,False,False,False,False,False,True
30054,30054,True,False,True,ACTIF,False,False,False,False,False,False,True
30059,30059,True,False,True,ACTIF,False,False,False,False,False,False,True
30061,30061,True,False,True,ACTIF,False,False,False,False,False,False,True
30062,30062,True,False,True,ACTIF,False,False,False,False,False,False,True
30063,30063,True,False,True,ACTIF,False,False,False,False,False,False,True
30069,30069,True,False,True,ACTIF,False,False,False,False,False,False,True
3068,3068,True,True,True,ACTIF,True,False,False,True,False,False,False
31,31,True,False,True,ACTIF,False,False,False,False,False,False,True
31-01,31.01,True,False,True,ACTIF,False,False,False,False,False,False,True
31-02,31.02,True,False,True,ACTIF,True,True,False,False,False,False,False
31-02-506,,False,True,False,,False,False,False,True,False,False,False
31-03,31.03,True,False,True,ACTIF,False,False,False,False,False,False,True
31-04,31.04,True,False,True,ACTIF,False,True,False,False,False,False,False
31-51,31.51,True,False,True,ACTIF,False,False,False,False,False,False,True
31-52,31.52,True,False,True,ACTIF,True,True,False,False,False,False,False
31-52-389,,False,True,False,,False,False,False,True,False,False,False
31-53,31.53,True,False,True,ACTIF,False,False,False,False,False,False,True
31-54,31.54,True,False,True,ACTIF,False,False,False,False,False,False,True
3100,3100,True,False,True,ACTIF,False,False,False,False,False,False,True
3150,,False,False,True,,False,False,False,False,False,False,True
32,32,True,False,True,ACTIF,False,False,False,False,False,False,True
32-51,32.51,True,False,True,ACTIF,False,False,False,False,False,False,True
3200,3200,True,False,True,ACTIF,False,False,False,False,False,False,True
33,33,True,False,True,ACTIF,False,False,False,False,False,False,True
3300,3300,True,False,True,ACTIF,False,False,False,False,False,False,True
34,34,True,False,True,ACTIF,False,False,False,False,False,False,True
3400,,False,False,True,,False,False,False,False,False,False,True
35,35,True,False,True,ACTIF,False,False,False,False,False,False,True
3500,3500,True,False,True,ACTIF,False,False,False,False,False,False,True
3510,3510,True,False,True,ACTIF,False,False,False,False,False,False,True
3520,3520,True,False,True,ACTIF,False,False,False,False,False,False,True
3530,3530,True,False,True,ACTIF,False,False,False,False,False,False,True
36,36,True,False,True,ACTIF,False,False,False,False,False,False,True
3600,3600,True,False,True,ACTIF,False,False,False,False,False,False,True
37,37,True,False,True,ACTIF,False,False,False,False,False,False,True
3700,3700,True,False,True,ACTIF,False,False,False,False,False,False,True
3750,3750,True,False,True,ACTIF,False,False,False,False,False,False,True
3760,3760,True,False,True,ACTIF,False,False,False,False,False,False,True
3770,3770,True,False,True,ACTIF,False,False,False,False,False,False,True
3780,3780,True,False,True,ACTIF,False,False,False,False,False,False,True
38,38,True,False,True,ACTIF,False,False,False,False,False,False,True
3800,3800,True,False,True,ACTIF,False,False,False,False,False,False,True
3900,3900,True,True,True,ACTIF,False,False,False,True,False,False,False
3901,3901,True,False,True,ACTIF,False,False,False,False,False,False,True
3902,3902,True,False,True,ACTIF,False,False,False,False,False,False,True
3903,3903,True,False,True,ACTIF,False,False,False,False,False,False,True
3904,3904,True,True,True,ACTIF,False,False,False,True,False,False,False
3905,3905,True,False,True,ACTIF,False,False,False,False,False,False,True
3906,3906,True,False,True,ACTIF,False,False,False,False,False,False,True
3907,3907,True,False,True,ACTIF,False,False,False,False,False,False,True
40,40,True,False,False,ACTIF,False,False,False,False,False,False,True
40-01,40.01,True,False,True,ACTIF,False,False,False,False,False,False,True
40-02,40.02,True,False,True,ACTIF,False,False,False,False,False,False,True
40-03,40.03,True,False,True,ACTIF,False,False,False,False,False,False,True
40-04,40.04,True,True,True,ACTIF,True,True,False,True,False,False,False
40-05,40.05,True,False,True,ACTIF,False,False,False,False,False,False,True
40-06,40.06,True,True,True,ACTIF,True,True,False,True,False,False,False
40-07,40.07,True,False,True,ACTIF,False,False,False,False,False,False,True
40-07A,40.07A,True,False,True,ACTIF,False,False,False,False,False,False,True
40-08,40.08,True,False,True,ACTIF,False,False,False,False,False,False,True
40-09,40.09,True,False,True,ACTIF,False,False,False,False,False,False,True
40-10,40.10,True,False,True,ACTIF,False,False,False,False,False,False,True
40-20,40.20,True,False,True,ACTIF,False,False,False,False,False,False,True
40-30,40.30,True,False,True,ACTIF,False,False,False,False,False,False,True
40-40,40.40,True,False,True,ACTIF,True,True,False,False,False,False,False
40-40-39,,False,True,False,,False,False,False,True,False,False,False
40-50,40.50,True,False,True,ACTIF,False,False,False,False,False,False,True
40-60,40.60,True,True,True,ACTIF,True,True,False,True,False,False,False
40-61,40.61,True,False,True,ACTIF,False,False,False,False,False,False,True
40-70,40.70,True,False,True,ACTIF,False,False,False,False,False,False,True
40-70A,40.70A,True,False,True,ACTIF,False,False,False,False,False,False,True
40-80,40.80,True,False,True,ACTIF,False,False,False,False,False,False,True
40-90,40.90,True,False,True,ACTIF,False,False,False,False,False,False,True
4000,,False,False,True,,False,False,False,False,False,False,True
4001,,False,False,True,,False,False,False,False,False,False,True
41,41,True,False,True,ACTIF,False,False,False,False,False,False,True
41-01,41.01,True,False,True,ACTIF,False,False,False,False,False,False,True
41-02,41.02,True,False,True,ACTIF,False,False,False,False,False,False,True
41-03,41.03,True,False,True,ACTIF,False,False,False,False,False,False,True
41-05,41.05,True,False,True,ACTIF,False,False,False,False,False,False,True
41-06,41.06,True,False,True,ACTIF,False,False,False,False,False,False,True
41-07,41.07,True,False,True,ACTIF,False,False,False,False,False,False,True
41-08,41.08,True,False,True,ACTIF,False,False,False,False,False,False,True
41-10,41.10,True,False,True,ACTIF,False,False,False,False,False,False,True
41-11,41.11,True,False,True,ACTIF,False,False,False,False,False,False,True
41-12,41.12,True,False,True,ACTIF,False,False,False,False,False,False,True
41-15,,False,False,True,,False,False,False,False,False,False,True
41-16,41.16,True,False,True,ACTIF,False,False,False,False,False,False,True
41-17,41.17,True,False,True,ACTIF,False,False,False,False,False,False,True
41-18,41.18,True,False,True,ACTIF,False,False,False,False,False,False,True
41-19,,False,False,True,,False,False,False,False,False,False,True
41-21,,False,False,True,,False,False,False,False,False,False,True
41-50,,False,False,True,,False,False,False,False,False,False,True
41-51,41.51,True,False,True,ACTIF,False,False,False,False,False,False,True
41-52,41.52,True,False,True,ACTIF,False,False,False,False,False,False,True
41-53,41.53,True,False,True,ACTIF,False,False,False,False,False,False,True
41-55,41.55,True,False,True,ACTIF,False,False,False,False,False,False,True
41-60,,False,False,True,,False,False,False,False,False,False,True
41-61,,False,False,True,,False,False,False,False,False,False,True
41-70,,False,False,True,,False,False,False,False,False,False,True
41-80,,False,False,True,,False,False,False,False,False,False,True
41-81,,False,False,True,,False,False,False,False,False,False,True
41-91,,False,False,True,,False,False,False,False,False,False,True
4100,,False,False,True,,False,False,False,False,False,False,True
42,42,True,False,True,ACTIF,False,False,False,False,False,False,True
4200,4200,True,False,True,ACTIF,False,False,False,False,False,False,True
4201,4201,True,False,True,ACTIF,False,False,False,False,False,False,True
43,43,True,False,True,ACTIF,False,False,False,False,False,False,True
44,44,True,False,False,ACTIF,False,False,False,False,False,False,True
45,45,True,False,True,ACTIF,False,False,False,False,False,False,True
45-01,45.01,True,True,True,ACTIF,True,True,False,True,False,False,False
45-02,45.02,True,True,True,ACTIF,True,True,False,True,False,False,False
45-03,45.03,True,True,True,ACTIF,True,True,False,True,False,False,False
45-04,45.04,True,True,True,ACTIF,True,True,False,True,False,False,False
45-05,45.05,True,True,True,ACTIF,True,True,False,True,False,False,False
45-06,45.06,True,True,True,ACTIF,True,True,False,True,False,False,False
45-07,45.07,True,False,True,ACTIF,False,False,False,False,False,False,True
45-08,,False,False,True,,False,False,False,False,False,False,True
45-09,,False,False,True,,False,False,False,False,False,False,True
45-10,,False,False,True,,False,False,False,False,False,False,True
45-11,,False,False,True,,False,False,False,False,False,False,True
45-12,,False,False,True,,False,False,False,False,False,False,True
45-51,45.51,True,True,True,ACTIF,True,True,False,True,False,False,False
45-51C,45.51C,True,False,True,ACTIF,False,False,False,False,False,False,True
45-52,45.52,True,True,True,ACTIF,True,True,False,True,False,False,False
45-53,45.53,True,True,True,ACTIF,True,True,False,True,False,False,False
45-54,45.54,True,True,True,ACTIF,True,True,False,True,False,False,False
45-55,45.55,True,True,True,ACTIF,True,True,False,True,False,False,False
45-56,45.56,True,True,True,ACTIF,True,True,False,True,False,False,False
45-57,45.57,True,False,True,ACTIF,False,False,False,False,False,False,True
45-58,,False,False,True,,False,False,False,False,False,False,True
45-59,,False,False,True,,False,False,False,False,False,False,True
45-60,,False,False,True,,False,False,False,False,False,False,True
45-61,,False,False,True,,False,False,False,False,False,False,True
45-62,,False,False,True,,False,False,False,False,False,False,True
4500,4500,True,False,True,ACTIF,False,False,False,False,False,False,True
4501,4501,True,False,True,ACTIF,False,False,False,False,False,False,True
4502,4502,True,False,True,ACTIF,False,False,False,False,False,False,True
4503,4503,True,False,True,ACTIF,False,False,False,False,False,False,True
4504,4504,True,False,True,ACTIF,False,False,False,False,False,False,True
4505,4505,True,False,True,ACTIF,False,False,False,False,False,False,True
4506,4506,True,False,True,ACTIF,False,False,False,False,False,False,True
4507,4507,True,False,True,ACTIF,False,False,False,False,False,False,True
4508,4508,True,False,True,ACTIF,False,False,False,False,False,False,True
4509,4509,True,False,True,ACTIF,False,False,False,False,False,False,True
46,46,True,False,True,ACTIF,False,False,False,False,False,False,True
47,47,True,False,False,ACTIF,False,False,False,False,False,False,True
48A,48A,True,False,True,ACTIF,False,False,False,False,False,False,True
50-050,50.050,True,False,True,ACTIF,False,False,False,False,False,False,True
50-051,50.051,True,True,False,ACTIF,True,False,False,True,False,False,False
50-ATLA,50.ATLA,True,False,True,ACTIF,True,True,False,False,False,False,False
50-ATLAS,,False,True,False,,False,False,False,True,False,False,False
50-CASS(NONFABRIQUÉ),50.CASS ( non fabriqué),True,False,False,NON_FABRIQUE,False,False,False,False,False,False,True
50-FES(NONFABRIQUÉ),50.FES( non fabriqué),True,False,False,NON_FABRIQUE,False,False,False,False,False,False,True
50-LET1,50.LET1,True,False,True,ACTIF,False,False,False,False,False,False,True
50-LET2,50.LET2,True,False,True,ACTIF,False,False,False,False,False,False,True
50-LET3,50.LET3,True,False,True,ACTIF,False,False,False,False,False,False,True
50-MARR(NONFABRIQUÉ),50.MARR( non fabriqué),True,False,False,NON_FABRIQUE,False,False,False,False,False,False,True
50-NIAG,50. NIAG,True,False,True,ACTIF,False,False,False,False,False,False,True
50-SIER,50.SIER,True,False,True,ACTIF,False,False,False,False,False,False,True
500,500,True,False,False,ACTIF,False,False,False,False,False,False,True
5001,5001,True,False,True,ACTIF,False,False,False,False,False,False,True
5002,5002,True,False,True,ACTIF,False,False,False,False,False,False,True
5003,5003,True,False,True,ACTIF,False,False,False,False,False,False,True
5004,5004,True,False,True,ACTIF,False,False,False,False,False,False,True
5011,5011,True,False,False,ACTIF,False,False,False,False,False,False,True
5012,5012,True,False,False,ACTIF,False,False,False,False,False,False,True
5013,5013,True,False,False,ACTIF,False,False,False,False,False,False,True
5014,5014,True,False,False,ACTIF,False,False,False,False,False,False,True
5021D,5021D,True,False,False,ACTIF,False,False,False,False,False,False,True
5021G,5021G,True,False,False,ACTIF,False,False,False,False,False,False,True
5022D,5022D,True,False,False,ACTIF,False,False,False,False,False,False,True
5022G,5022G,True,False,False,ACTIF,False,False,False,False,False,False,True
5023D,5023D,True,False,False,ACTIF,False,False,False,False,False,False,True
5023G,5023G,True,False,False,ACTIF,False,False,False,False,False,False,True
5024D,5024D,True,False,False,ACTIF,False,False,False,False,False,False,True
5024G,5024G,True,False,False,ACTIF,False,False,False,False,False,False,True
5031D,5031D,True,False,False,ACTIF,False,False,False,False,False,False,True
5031G,5031G,True,False,False,ACTIF,False,False,False,False,False,False,True
5032D,5032D,True,False,False,ACTIF,False,False,False,False,False,False,True
5032G,5032G,True,False,False,ACTIF,False,False,False,False,False,False,True
5033D,5033D,True,False,False,ACTIF,False,False,False,False,False,False,True
5033G,5033G,True,False,False,ACTIF,False,False,False,False,False,False,True
5034D,5034D,True,False,False,ACTIF,False,False,False,False,False,False,True
5034G,5034G,True,False,False,ACTIF,False,False,False,False,False,False,True
5041,5041,True,False,True,ACTIF,False,False,False,False,False,False,True
5042,5042,True,False,True,ACTIF,False,False,False,False,False,False,True
5043,5043,True,False,True,ACTIF,False,False,False,False,False,False,True
5044,5044,True,False,True,ACTIF,False,False,False,False,False,False,True
5051,5051,True,False,True,ACTIF,False,False,False,False,False,False,True
5052,5052,True,False,True,ACTIF,False,False,False,False,False,False,True
5053,5053,True,False,True,ACTIF,False,False,False,False,False,False,True
5054,5054,True,False,False,ACTIF,False,False,False,False,False,False,True
5054-,,False,False,True,,False,False,False,False,False,False,True
5061D,5061D,True,False,False,ACTIF,False,False,False,False,False,False,True
5061G,5061G,True,False,False,ACTIF,False,False,False,False,False,False,True
5062D,5062D,True,False,False,ACTIF,False,False,False,False,False,False,True
5062G,5062G,True,False,False,ACTIF,False,False,False,False,False,False,True
5063D,5063D,True,False,False,ACTIF,False,False,False,False,False,False,True
5063G,5063G,True,False,False,ACTIF,False,False,False,False,False,False,True
5071D,5071D,True,False,False,ACTIF,False,False,False,False,False,False,True
5071G,5071G,True,False,False,ACTIF,False,False,False,False,False,False,True
5072D,5072D,True,False,False,ACTIF,False,False,False,False,False,False,True
5072G,5072G,True,False,False,ACTIF,False,False,False,False,False,False,True
5073D,5073D,True,False,False,ACTIF,False,False,False,False,False,False,True
5073G,5073G,True,False,False,ACTIF,False,False,False,False,False,False,True
50BC,,False,False,True,,False,False,False,False,False,False,True
50BN,,False,False,True,,False,False,False,False,False,False,True
50BNET50BC,50BN et 50BC,True,False,False,ACTIF,False,False,False,False,False,False,True
50F,,False,False,True,,False,False,False,False,False,False,True
50Y,,False,False,True,,False,False,False,False,False,False,True
51A,,False,False,True,,False,False,False,False,False,False,True
52,52,True,False,True,ACTIF,False,False,False,False,False,False,True
56,56,True,False,True,ACTIF,False,False,False,False,False,False,True
57,57,True,False,True,ACTIF,False,False,False,False,False,False,True
58BNET58BC,58BN et 58BC,True,False,False,ACTIF,False,False,False,False,False,False,True
59Y,59Y,True,False,False,ACTIF,False,False,False,False,False,False,True
59Z,59Z,True,False,False,ACTIF,False,False,False,False,False,False,True
60,60,True,False,True,ACTIF,False,False,False,False,False,False,True
60-07,60.07,True,False,False,ACTIF,False,False,False,False,False,False,True
60102L,60102L,True,False,False,ACTIF,False,False,False,False,False,False,True
6010J,6010J,True,False,False,ACTIF,False,False,False,False,False,False,True
6010K,6010K,True,False,False,ACTIF,False,False,False,False,False,False,True
6010L,6010L,True,False,False,ACTIF,False,False,False,False,False,False,True
6017,6017,True,False,False,ACTIF,False,False,False,False,False,False,True
6018,6018,True,False,False,ACTIF,False,False,False,False,False,False,True
6022,6022,True,False,False,ACTIF,False,False,False,False,False,False,True
6026,6026,True,False,False,ACTIF,False,False,False,False,False,False,True
6027,6027,True,False,False,ACTIF,False,False,False,False,False,False,True
6028,6028,True,False,False,ACTIF,False,False,False,False,False,False,True
6029,6029,True,False,False,ACTIF,False,False,False,False,False,False,True
6030,6030,True,True,False,ACTIF,True,True,False,True,False,False,False
6031,6031,True,True,False,ACTIF,True,True,False,True,False,False,False
6032,6032,True,True,False,ACTIF,True,True,False,True,False,False,False
61,61,True,False,True,ACTIF,False,False,False,False,False,False,True
6100,6100,True,False,False,ACTIF,False,False,False,False,False,False,True
6101,6101,True,False,False,ACTIF,False,False,False,False,False,False,True
6102,6102,True,False,False,ACTIF,False,False,False,False,False,False,True
6103,6103,True,False,False,ACTIF,False,False,False,False,False,False,True
6104,6104,True,True,False,ACTIF,True,True,False,True,False,False,False
6105,6105,True,True,False,ACTIF,True,True,False,True,False,False,False
62,62,True,False,True,ACTIF,False,False,False,False,False,False,True
6200,6200,True,True,False,ACTIF,True,True,True,True,False,False,False
63,63,True,False,True,ACTIF,False,False,False,False,False,False,True
64,64,True,False,True,ACTIF,False,False,False,False,False,False,True
65A,65A,True,False,True,ACTIF,False,False,False,False,False,False,True
66,66,True,False,True,ACTIF,False,False,False,False,False,False,True
67,67,True,False,True,ACTIF,False,False,False,False,False,False,True
68,68,True,False,True,ACTIF,False,False,False,False,False,False,True
69A,69A,True,False,True,ACTIF,False,False,False,False,False,False,True
70000,70000,True,False,True,ACTIF,False,False,False,False,False,False,True
7001,7001,True,False,True,ACTIF,False,False,True,False,False,False,False
7001-7,,False,True,False,,False,False,False,True,False,False,False
7002,7002,True,True,True,ACTIF,False,False,True,True,False,False,False
7003,7003,True,True,True,ACTIF,False,False,True,True,False,False,False
7004,7004,True,False,True,ACTIF,False,False,False,False,False,False,True
7005,7005,True,False,True,ACTIF,False,False,False,False,False,False,True
7006,7006,True,False,True,ACTIF,False,False,False,False,False,False,True
7035,7035,True,False,True,ACTIF,True,True,True,False,False,False,False
7035-LABRYS,,False,True,False,,False,False,False,True,False,False,False
7036,7036,True,True,True,ACTIF,True,True,True,True,False,False,False
7036PLIN,7036PLIN,True,True,True,ACTIF,True,True,True,True,False,False,False
7036U,7036U,True,True,True,ACTIF,True,True,True,True,False,False,False
7038,7038,True,True,True,ACTIF,True,False,False,True,False,False,False
7039-FLOWER-295,,False,True,False,,False,False,False,True,False,False,False
7039A,,False,False,True,,False,False,False,False,False,False,True
7039AETB,7039Aet B,True,False,False,ACTIF,True,False,False,False,False,False,False
7039B,,False,False,True,,False,False,False,False,False,False,True
7040,7040,True,True,True,ACTIF,True,False,False,True,False,False,False
7041,7041,True,True,True,ACTIF,True,False,False,True,False,False,False
7048,7048,True,False,True,ACTIF,False,False,False,False,False,False,True
7049,7049,True,False,True,ACTIF,False,False,False,False,False,False,True
7051,7051,True,False,True,ACTIF,True,True,True,False,False,False,False
7053,7053,True,False,True,ACTIF,True,True,False,False,False,False,False
7060,7060,True,False,True,ACTIF,True,False,False,False,False,False,False
7060-BRUGES-296,,False,True,False,,False,False,False,True,False,False,False
7061,7061,True,False,True,ACTIF,True,False,False,False,False,False,False
7062,7062,True,False,True,ACTIF,True,False,False,False,False,False,False
7062-MOSAIC,,False,True,False,,False,False,False,True,False,False,False
7063,7063,True,True,False,ACTIF,True,False,False,True,False,False,False
7063-1,,False,False,True,,False,False,False,False,False,False,True
7063-2,,False,False,True,,False,False,False,False,False,False,True
7063-3,,False,False,True,,False,False,False,False,False,False,True
7063-4,,False,False,True,,False,False,False,False,False,False,True
7070,7070,True,False,True,ACTIF,True,True,True,False,False,False,False
7070-184,,False,True,False,,False,False,False,True,False,False,False
7071,7071,True,True,True,ACTIF,True,True,True,True,False,False,False
7072,7072,True,True,True,ACTIF,True,True,True,True,False,False,False
7073,7073,True,True,True,ACTIF,True,True,True,True,False,False,False
7074,7074,True,True,True,ACTIF,True,True,True,True,False,False,False
7075,7075,True,True,True,ACTIF,True,True,True,True,False,False,False
7078,7078,True,True,True,ACTIF,True,True,True,True,False,False,False
7079,7079,True,True,True,ACTIF,True,True,False,True,False,False,False
7079-1,,False,True,False,,False,False,False,True,False,False,False
7080,7080,True,False,True,ACTIF,True,True,False,False,False,False,False
7091,7091,True,True,True,ACTIF,True,False,False,True,False,False,False
70A,70A,True,False,True,ACTIF,False,False,False,False,False,False,True
71,71,True,False,True,ACTIF,False,False,False,False,False,False,True
71A,,False,False,True,,False,False,False,False,False,False,True
72,72,True,False,True,ACTIF,False,False,False,False,False,False,True
73,73,True,False,True,ACTIF,False,False,False,False,False,False,True
74,74,True,False,True,ACTIF,False,False,False,False,False,False,True
74000,74000,True,False,True,ACTIF,False,False,False,False,False,False,True
74500,74500,True,False,True,ACTIF,False,False,False,False,False,False,True
74510,74510,True,False,True,ACTIF,False,False,False,False,False,False,True
74520,74520,True,False,True,ACTIF,False,False,False,False,False,False,True
74600,,False,False,True,,False,False,False,False,False,False,True
74601,,False,False,True,,False,False,False,False,False,False,True
74602,,False,False,True,,False,False,False,False,False,False,True
74700,,False,False,True,,False,False,False,False,False,False,True
75,75,True,False,True,ACTIF,False,False,False,False,False,False,True
7500,,False,False,True,,False,False,False,False,False,False,True
75000,75000,True,False,True,ACTIF,False,False,False,False,False,False,True
7502,,False,False,True,,False,False,False,False,False,False,True
76,76,True,False,True,ACTIF,False,False,False,False,False,False,True
77,77,True,False,True,ACTIF,False,False,False,False,False,False,True
78,78,True,False,True,ACTIF,False,False,False,False,False,False,True
79,79,True,False,True,ACTIF,False,False,False,False,False,False,True
80,80,True,False,True,ACTIF,False,False,False,False,False,False,True
80000,80000,True,False,True,ACTIF,False,False,False,False,False,False,True
81,81,True,False,True,ACTIF,False,False,False,False,False,False,True
82,82,True,False,True,ACTIF,False,False,False,False,False,False,True
83D,83D,True,False,True,ACTIF,False,False,False,False,False,False,True
83G,83G,True,False,True,ACTIF,False,False,False,False,False,False,True
84,84,True,False,False,ACTIF,False,False,False,False,False,False,True
85,85,True,False,True,ACTIF,False,False,False,False,False,False,True
86,86,True,False,True,ACTIF,False,False,False,False,False,False,True
87,87,True,False,True,ACTIF,False,False,False,False,False,False,True
87500,87500,True,False,True,ACTIF,False,False,False,False,False,False,True
88,88,True,False,True,ACTIF,False,False,False,False,False,False,True
89,89,True,False,True,ACTIF,False,False,False,False,False,False,True
90,90,True,False,True,ACTIF,False,False,False,False,False,False,True
90000,90000,True,False,True,ACTIF,False,False,False,False,False,False,True
90003,90003,True,False,True,ACTIF,False,False,False,False,False,False,True
9001,9001,True,False,True,ACTIF,True,False,False,False,False,False,False
9001-63,9001.63,True,False,False,ACTIF,False,False,False,False,False,False,True
9001-73,9001.73,True,False,False,ACTIF,False,False,False,False,False,False,True
9001-83,9001.83,True,False,False,ACTIF,False,False,False,False,False,False,True
9002,9002,True,True,True,ACTIF,True,False,False,True,False,False,False
9002-63,9002.63,True,False,False,ACTIF,False,False,False,False,False,False,True
9002-73,9002.73,True,False,False,ACTIF,False,False,False,False,False,False,True
9002-83,9002.83,True,False,False,ACTIF,False,False,False,False,False,False,True
9003,9003,True,True,True,ACTIF,True,False,False,True,False,False,False
9003-63,9003.63,True,False,False,ACTIF,False,False,False,False,False,False,True
9003-73,9003.73,True,False,False,ACTIF,False,False,False,False,False,False,True
9003-83,9003.83,True,False,False,ACTIF,False,False,False,False,False,False,True
901-63,901.63,True,False,True,ACTIF,False,False,False,False,False,False,True
901-73,901.73,True,False,True,ACTIF,False,False,False,False,False,False,True
901-83,901.83,True,False,True,ACTIF,False,False,False,False,False,False,True
9011,9011,True,False,True,ACTIF,True,False,False,False,False,False,False
9011-639,,False,True,False,,False,False,False,True,False,False,False
9012,9012,True,True,True,ACTIF,True,False,False,True,False,False,False
9012-636,,False,True,False,,False,False,False,True,False,False,False
9013,9013,True,True,True,ACTIF,True,False,False,True,False,False,False
902-63,902.63,True,False,True,ACTIF,False,False,False,False,False,False,True
902-73,902.73,True,False,True,ACTIF,False,False,False,False,False,False,True
902-83,902.83,True,False,True,ACTIF,False,False,False,False,False,False,True
9020,9020,True,False,True,ACTIF,False,False,False,False,False,False,True
9021,9021,True,False,True,ACTIF,False,False,False,False,False,False,True
9025,9025,True,False,True,ACTIF,False,False,False,False,False,False,True
903-63,903.63,True,False,True,ACTIF,False,False,False,False,False,False,True
903-73,903.73,True,False,True,ACTIF,False,False,False,False,False,False,True
903-83,903.83,True,False,True,ACTIF,False,False,False,False,False,False,True
9031,9031,True,True,True,ACTIF,False,False,False,True,False,False,False
9031-63,,False,False,True,,False,False,False,False,False,False,True
9031-83,,False,False,True,,False,False,False,False,False,False,True
9032,9032,True,True,True,ACTIF,False,False,False,True,False,False,False
9032-63,,False,False,True,,False,False,False,False,False,False,True
9032-83,,False,False,True,,False,False,False,False,False,False,True
9033,9033,True,True,True,ACTIF,False,False,False,True,False,False,False
9041,9041,True,False,True,ACTIF,True,False,False,False,False,False,False
9041-748,,False,True,False,,False,False,False,True,False,False,False
9043,9043,True,True,True,ACTIF,True,False,False,True,False,False,False
9044,9044,True,True,True,ACTIF,True,False,False,True,False,False,False
9045,9045,True,True,True,ACTIF,True,False,False,True,False,False,False
91,91,True,False,True,ACTIF,False,False,False,False,False,False,True
91000,91000,True,False,True,ACTIF,False,False,False,False,False,False,True
911-63,911.63,True,False,True,ACTIF,False,False,False,False,False,False,True
911-73,911.73,True,False,True,ACTIF,False,False,False,False,False,False,True
911-83,911.83,True,False,True,ACTIF,False,False,False,False,False,False,True
912-63,912.63,True,False,True,ACTIF,False,False,False,False,False,False,True
912-73,912.73,True,False,True,ACTIF,False,False,False,False,False,False,True
912-83,912.83,True,False,True,ACTIF,False,False,False,False,False,False,True
913-63,913.63,True,False,True,ACTIF,False,False,False,False,False,False,True
913-73,913.73,True,False,True,ACTIF,False,False,False,False,False,False,True
913-83,913.83,True,False,True,ACTIF,False,False,False,False,False,False,True
92,92,True,False,True,ACTIF,False,False,False,False,False,False,True
9200+P,,False,False,True,,False,False,False,False,False,False,True
9201,9201,True,True,True,ACTIF,True,True,False,True,False,False,False
9202,9202,True,True,True,ACTIF,True,True,False,True,False,False,False
9203,9203,True,True,True,ACTIF,True,True,False,True,False,False,False
9204,9204,True,True,True,ACTIF,True,True,False,True,False,False,False
9205,9205,True,True,True,ACTIF,True,True,False,True,False,False,False
9206,9206,True,True,True,ACTIF,True,True,False,True,False,False,False
921-63,921.63,True,False,True,ACTIF,False,False,False,False,False,False,True
921-73,921.73,True,False,True,ACTIF,False,False,False,False,False,False,True
921-83,921.83,True,False,True,ACTIF,False,False,False,False,False,False,True
9211,9211,True,True,True,ACTIF,True,True,False,True,False,False,False
9212,9212,True,True,True,ACTIF,True,True,False,True,False,False,False
9213,9213,True,True,True,ACTIF,True,True,False,True,False,False,False
9214,9214,True,True,True,ACTIF,True,True,False,True,False,False,False
9215,9215,True,True,True,ACTIF,True,True,False,True,False,False,False
9216,9216,True,True,True,ACTIF,True,True,False,True,False,False,False
922-63,922.63,True,False,True,ACTIF,False,False,False,False,False,False,True
922-73,922.73,True,False,True,ACTIF,False,False,False,False,False,False,True
922-83,922.83,True,False,True,ACTIF,False,False,False,False,False,False,True
9221,9221,True,False,True,ACTIF,False,False,False,False,False,False,True
9222,9222,True,False,True,ACTIF,False,False,False,False,False,False,True
9223,9223,True,False,True,ACTIF,False,False,False,False,False,False,True
9224,9224,True,False,True,ACTIF,False,False,False,False,False,False,True
9225,9225,True,False,True,ACTIF,False,False,False,False,False,False,True
9226,9226,True,False,True,ACTIF,False,False,False,False,False,False,True
9227,9227,True,False,True,ACTIF,False,False,False,False,False,False,True
9228,9228,True,False,True,ACTIF,False,False,False,False,False,False,True
9280,9280,True,False,True,ACTIF,False,False,False,False,False,False,True
930-63,930.63,True,False,True,ACTIF,False,False,False,False,False,False,True
930-73,930.73,True,False,True,ACTIF,False,False,False,False,False,False,True
930-83,930.83,True,False,True,ACTIF,False,False,False,False,False,False,True
9301,9301,True,False,True,ACTIF,False,False,False,False,False,False,True
9302,9302,True,True,True,ACTIF,True,False,False,True,False,False,False
9302-1,,False,True,False,,False,False,False,True,False,False,False
9303,9303,True,False,True,ACTIF,False,False,False,False,False,False,True
9304,9304,True,True,True,ACTIF,True,True,False,True,False,False,False
9310,9310,True,False,True,ACTIF,False,False,False,False,False,False,True
9311,9311,True,False,True,ACTIF,False,False,False,False,False,False,True
9312,9312,True,False,True,ACTIF,False,False,False,False,False,False,True
9315-23,9315.23,True,False,True,ACTIF,False,False,False,False,False,False,True
9315-30,9315.30,True,False,True,ACTIF,False,False,False,False,False,False,True
9315C,9315C,True,True,True,ACTIF,True,False,False,True,False,False,False
9315C-1,,False,True,False,,False,False,False,True,False,False,False
932-63,932.63,True,False,True,ACTIF,False,False,False,False,False,False,True
932-73,932.73,True,False,True,ACTIF,False,False,False,False,False,False,True
932-83,932.83,True,False,True,ACTIF,False,False,False,False,False,False,True
933-63,933.63,True,False,True,ACTIF,False,False,False,False,False,False,True
933-73,933.73,True,False,True,ACTIF,False,False,False,False,False,False,True
933-83,933.83,True,False,True,ACTIF,False,False,False,False,False,False,True
940-63,940.63,True,False,True,ACTIF,False,False,False,False,False,False,True
940-73,940.73,True,False,True,ACTIF,False,False,False,False,False,False,True
940-83,940.83,True,False,True,ACTIF,False,False,False,False,False,False,True
9401,9401,True,False,True,ACTIF,False,False,False,False,False,False,True
9402,9402,True,False,True,ACTIF,False,False,False,False,False,False,True
9403,9403,True,False,True,ACTIF,False,False,False,False,False,False,True
9411,9411,True,False,True,ACTIF,False,False,False,False,False,False,True
9412,9412,True,False,True,ACTIF,False,False,False,False,False,False,True
9413,9413,True,False,True,ACTIF,False,False,False,False,False,False,True
942-63,942.63,True,False,True,ACTIF,False,False,False,False,False,False,True
942-73,942.73,True,False,True,ACTIF,False,False,False,False,False,False,True
942-83,942.83,True,False,True,ACTIF,False,False,False,False,False,False,True
943-63,943.63,True,False,True,ACTIF,False,False,False,False,False,False,True
943-73,943.73,True,False,True,ACTIF,False,False,False,False,False,False,True
943-83,943.83,True,False,True,ACTIF,False,False,False,False,False,False,True
9450,9450,True,False,True,ACTIF,False,False,False,False,False,False,True
9451,9451,True,False,True,ACTIF,False,False,False,False,False,False,True
9460,9460,True,False,True,ACTIF,False,False,False,False,False,False,True
9461,9461,True,False,True,ACTIF,False,False,False,False,False,False,True
94D,94D,True,False,True,ACTIF,False,False,False,False,False,False,True
94G,94G,True,False,True,ACTIF,False,False,False,False,False,False,True
95,95,True,False,True,ACTIF,False,False,False,False,False,False,True
950-63,950.63,True,False,True,ACTIF,False,False,False,False,False,False,True
950-73,950.73,True,False,True,ACTIF,False,False,False,False,False,False,True
950-83,950.83,True,False,True,ACTIF,False,False,False,False,False,False,True
95001,95001,True,False,True,ACTIF,False,False,False,False,False,False,True
95004,95004,True,False,True,ACTIF,False,False,False,False,False,False,True
95005,95005,True,False,True,ACTIF,False,False,False,False,False,False,True
952-63,952.63,True,False,True,ACTIF,False,False,False,False,False,False,True
952-73,952.73,True,False,True,ACTIF,False,False,False,False,False,False,True
952-83,952.83,True,False,True,ACTIF,False,False,False,False,False,False,True
96,96,True,False,True,ACTIF,False,False,False,False,False,False,True
960-00,960.00,True,True,True,ACTIF,True,False,False,True,False,False,False
96001,96001,True,False,True,ACTIF,False,False,False,False,False,False,True
97,97,True,False,True,ACTIF,False,False,False,False,False,False,True
970-00,970.00,True,False,True,ACTIF,True,False,False,False,False,False,False
970-00-967,,False,True,False,,False,False,False,True,False,False,False
97001,97001,True,False,True,ACTIF,False,False,False,False,False,False,True
97200,97200,True,False,True,ACTIF,False,False,False,False,False,False,True
97300,97300,True,False,True,ACTIF,False,False,False,False,False,False,True
97500,97500,True,False,True,ACTIF,False,False,False,False,False,False,True
98,98,True,False,True,ACTIF,False,False,False,False,False,False,True
98000,98000,True,False,True,ACTIF,False,False,False,False,False,False,True
98001,98001,True,False,True,ACTIF,False,False,False,False,False,False,True
98002,98002,True,False,True,ACTIF,False,False,False,False,False,False,True
98004,98004,True,False,True,ACTIF,False,False,False,False,False,False,True
98006,98006,True,False,True,ACTIF,False,False,False,False,False,False,True
98500,98500,True,False,True,ACTIF,False,False,False,False,False,False,True
98506,98506,True,False,True,ACTIF,False,False,False,False,False,False,True
98510,98510,True,False,True,ACTIF,False,False,False,False,False,False,True
98520,98520,True,True,True,ACTIF,True,True,False,True,False,False,False
98530,98530,True,True,True,ACTIF,True,True,False,True,False,False,False
98540,98540,True,False,True,ACTIF,True,True,False,False,False,False,False
98540-1,,False,True,False,,False,False,False,True,False,False,False
A-COIN-BC-DIM,,False,False,True,,False,False,False,False,False,False,True
A-COIN-BN-DIM,,False,False,True,,False,False,False,False,False,False,True
A-DGU1,,False,False,True,,False,False,False,False,False,False,True
A-GU7BC,,False,False,True,,False,False,False,False,False,False,True
A-GU7BN,,False,False,True,,False,False,False,False,False,False,True
A-GU9BC,,False,False,True,,False,False,False,False,False,False,True
A-OT20/24,A.OT20/24,True,False,False,ACTIF,False,False,False,False,False,False,True
A-PLAS11,A.PLAS11,True,False,True,ACTIF,True,False,False,False,False,False,False
A-PLAS12,A.PLAS12,True,False,True,ACTIF,True,False,False,False,False,False,False
A-PLAS6,A.PLAS6,True,True,True,ACTIF,True,True,False,True,False,False,False
A-PLAS7,A.PLAS7,True,True,True,ACTIF,True,True,False,True,False,False,False
A-PLAS8,A.PLAS8,True,True,True,ACTIF,True,True,False,True,False,False,False
A-SP-BBC-BC,,False,False,True,,False,False,False,False,False,False,True
A-SP-BBC-NO,,False,False,True,,False,False,False,False,False,False,True
A-SP-CAR-B,,False,False,True,,False,False,False,False,False,False,True
A-SP-CAR-BO,,False,False,True,,False,False,False,False,False,False,True
A-SP-CAR-CR,,False,False,True,,False,False,False,False,False,False,True
A-SP-CAR-NO,,False,False,True,,False,False,False,False,False,False,True
A-SP-ISOL,,False,True,False,,False,False,False,True,False,False,False
A-SP-RON-BO,,False,False,True,,False,False,False,False,False,False,True
A-SP-RON-NO,,False,False,True,,False,False,False,False,False,False,True
A-SPCAR,,False,False,True,,False,False,False,False,False,False,True
A-SPCARO,,False,False,True,,False,False,False,False,False,False,True
A-SPMET,,False,False,True,,False,False,False,False,False,False,True
A-SPMETO,,False,False,True,,False,False,False,False,False,False,True
A-SPOT,,False,False,True,,False,False,False,False,False,False,True
A-SPOTOR,,False,False,True,,False,False,False,False,False,False,True
AA-AL100/24,,False,False,True,,False,False,False,False,False,False,True
AA-AL200/24,,False,False,True,,False,False,False,False,False,False,True
AA-AL30/24,,False,False,True,,False,False,False,False,False,False,True
AA-AL50/24,,False,False,True,,False,False,False,False,False,False,True
AA-INT1,,False,False,True,,False,False,False,False,False,False,True
AA-INT2,,False,False,True,,False,False,False,False,False,False,True
AA-R1707,AA-R1707,True,False,False,ACTIF,False,False,False,False,False,False,True
AA-REC-ONOFF,,False,False,True,,False,False,False,False,False,False,True
AA-REC230DIM,,False,False,True,,False,False,False,False,False,False,True
AA-TEL4-DIM,,False,False,True,,False,False,False,False,False,False,True
AE0707P,AE0707P,True,False,False,ACTIF,True,False,False,False,False,False,False
B557G,B557G,True,False,False,ACTIF,False,False,False,False,False,False,True
B700,B700,True,False,False,ACTIF,False,False,False,False,False,False,True
B701,B701,True,False,False,ACTIF,False,False,False,False,False,False,True
B702,B702,True,False,False,ACTIF,False,False,False,False,False,False,True
B703,B703,True,False,False,ACTIF,False,False,False,False,False,False,True
BL120,BL120,True,True,True,ACTIF,True,True,True,True,False,False,False
BL122,BL122,True,True,True,ACTIF,True,True,False,True,False,False,False
BL130,BL130,True,True,True,ACTIF,True,True,True,True,False,False,False
BL131,BL131,True,True,True,ACTIF,True,True,True,True,False,False,False
BL132,BL132,True,True,True,ACTIF,True,True,True,True,False,False,False
BL140,BL140,True,True,True,ACTIF,True,True,True,True,False,False,False
BL160,BL160,True,True,True,ACTIF,True,True,True,True,False,False,False
BL170,BL170,True,True,True,ACTIF,True,True,False,True,False,False,False
BL170A90E,BL170A90E,True,False,True,ACTIF,True,True,False,False,False,False,False
BL170A90E-720,,False,True,False,,False,False,False,True,False,False,False
BL170A90I,BL170A90I,True,False,True,ACTIF,True,True,False,False,False,False,False
BL170A90I-721,,False,True,False,,False,False,False,True,False,False,False
BL170R100E,BL170R100E,True,False,False,ACTIF,False,False,False,False,False,False,True
BL170R100I,BL170R100I,True,False,False,ACTIF,False,False,False,False,False,False,True
BL170R25E,BL170R25E,True,True,True,ACTIF,True,True,False,True,False,False,False
BL170R25I,BL170R25I,True,True,True,ACTIF,True,True,False,True,False,False,False
BL170R50E,BL170R50E,True,True,True,ACTIF,True,False,False,True,False,False,False
BL170R50I,BL170R50I,True,True,True,ACTIF,True,False,False,True,False,False,False
BL170R75E,BL170R75E,True,False,False,ACTIF,False,False,False,False,False,False,True
BL170R75I,BL170R75I,True,False,False,ACTIF,False,False,False,False,False,False,True
BL180,BL180,True,True,True,ACTIF,True,True,False,True,False,False,False
BOMBAY,,False,False,True,,False,False,False,False,False,False,True
BORDS-PROPRES,,False,True,False,,False,False,False,True,False,False,False
BP-PF1,BP.PF1,True,False,True,ACTIF,True,True,True,False,False,False,False
BP-PF1-213,,False,True,False,,False,False,False,True,False,False,False
BP-PF2,BP.PF2,True,False,True,ACTIF,True,True,True,False,False,False,False
BP-PF2-214,,False,True,False,,False,False,False,True,False,False,False
BP-PF3,BP.PF3,True,False,True,ACTIF,True,True,True,False,False,False,False
BP-PF3-215,,False,True,False,,False,False,False,True,False,False,False
BP10,BP10,True,False,True,ACTIF,False,False,False,False,False,False,True
BP20,BP20,True,False,True,ACTIF,False,False,False,False,False,False,True
BP30,BP30,True,False,True,ACTIF,False,False,False,False,False,False,True
BP30P,BP30P,True,True,True,ACTIF,True,True,False,True,False,False,False
C10,C10,True,False,True,ACTIF,False,False,False,False,False,False,True
C15,C15,True,False,True,ACTIF,False,False,False,False,False,False,True
C20,C20,True,False,True,ACTIF,False,False,False,False,False,False,True
C25,C25,True,False,True,ACTIF,False,False,False,False,False,False,True
C30,C30,True,False,True,ACTIF,False,False,False,False,False,False,True
C35,C35,True,False,True,ACTIF,False,False,False,False,False,False,True
C40,C40,True,False,True,ACTIF,False,False,False,False,False,False,True
C45,C45,True,False,True,ACTIF,False,False,False,False,False,False,True
C50,C50,True,False,True,ACTIF,False,False,False,False,False,False,True
C55,C55,True,False,True,ACTIF,False,False,False,False,False,False,True
C60,,False,False,True,,False,False,False,False,False,False,True
CACHE-RADIATEUR,,False,True,False,,False,False,False,True,False,False,False
CHEVET1,CHEVET1,True,True,True,ACTIF,True,True,False,True,False,False,False
CHEVET2D,,False,False,True,,False,False,False,False,False,False,True
CHEVET2D-ET-G-204,,False,True,False,,False,False,False,True,False,False,False
CHEVET2G,,False,False,True,,False,False,False,False,False,False,True
CHEVET2G/2D,CHEVET2G/2D,True,False,False,ACTIF,True,True,False,False,False,False,False
CIMAISES,,False,True,False,,False,False,False,True,False,False,False
CL10,CL10,True,True,True,ACTIF,True,False,False,True,False,False,False
CL11,CL11,True,True,True,ACTIF,True,False,False,True,False,False,False
CL12,CL12,True,True,True,ACTIF,True,True,True,True,False,False,False
CL1213A,CL1213A,True,True,True,ACTIF,True,False,True,True,False,False,False
CL1213A-1,,False,True,False,,False,False,False,True,False,False,False
CL1213B,CL1213B,True,True,True,ACTIF,True,False,True,True,False,False,False
CL1213B-1,,False,True,False,,False,False,False,True,False,False,False
CL1213C,CL1213C,True,True,True,ACTIF,True,False,True,True,False,False,False
CL1213C-1,,False,True,False,,False,False,False,True,False,False,False
CL1213D,CL1213D,True,True,True,ACTIF,True,False,True,True,False,False,False
CL1213D-1,,False,True,False,,False,False,False,True,False,False,False
CL13-A-ET-B-583,,False,True,False,,False,False,False,True,False,False,False
CL1374,CL1374,True,True,True,ACTIF,True,False,False,True,False,False,False
CL13A,,False,False,True,,False,False,False,False,False,False,True
CL13AETB,CL13A et B,True,False,False,ACTIF,True,True,False,False,False,False,False
CL13B,,False,False,True,,False,False,False,False,False,False,True
CL30,CL30,True,True,True,ACTIF,True,True,False,True,False,False,False
CL31,,False,False,True,,False,False,False,False,False,False,True
CL31-FACET-6,,False,True,False,,False,False,False,True,False,False,False
CL31AETB,CL31 A et B,True,False,False,ACTIF,True,True,False,False,False,False,False
CL32,CL32,True,True,True,ACTIF,False,False,False,True,False,False,False
CL33,CL33,True,False,True,ACTIF,False,False,False,False,False,False,True
CL34,CL34,True,True,True,ACTIF,True,False,False,True,False,False,False
CL35,CL35,True,True,True,ACTIF,True,False,False,True,False,False,False
CL36,CL36,True,True,True,ACTIF,True,False,False,True,False,False,False
CL37,CL37,True,False,True,ACTIF,True,False,False,False,False,False,False
CL38,CL38,True,False,True,ACTIF,False,False,False,False,False,False,True
CL39,CL39,True,False,True,ACTIF,True,True,True,False,False,False,False
CL39-968,,False,True,False,,False,False,False,True,False,False,False
CO100,CO100,True,False,False,ACTIF,False,False,False,False,False,False,True
CO105,CO105,True,False,False,ACTIF,False,False,False,False,False,False,True
CO110,CO110,True,False,False,ACTIF,False,False,False,False,False,False,True
CO120,CO120,True,False,False,ACTIF,False,False,False,False,False,False,True
CO80,CO80,True,False,False,ACTIF,False,False,False,False,False,False,True
CO90,CO90,True,False,False,ACTIF,False,False,False,False,False,False,True
COLONNES,,False,True,False,,False,False,False,True,False,False,False
CORNICHES-3,,False,True,False,,False,False,False,True,False,False,False
COTES-DE-PASSAGES-ET-DESSOUS-DE-POUTRES,,False,True,False,,False,False,False,True,False,False,False
D100,D100,True,True,True,ACTIF,True,False,True,True,False,False,False
D101,D101,True,False,True,ACTIF,True,True,True,False,False,False,False
D101-1,,False,True,False,,False,False,False,True,False,False,False
D102,D102,True,False,True,ACTIF,True,True,True,False,False,False,False
D102-1,,False,True,False,,False,False,False,True,False,False,False
D103,D103,True,False,True,ACTIF,True,True,True,False,False,False,False
D103-1,,False,True,False,,False,False,False,True,False,False,False
D103-52,,False,True,False,,False,False,False,True,False,False,False
D104,D104,True,False,True,ACTIF,True,True,True,False,False,False,False
D104-1,,False,True,False,,False,False,False,True,False,False,False
D105A,D105A,True,False,True,ACTIF,True,True,True,False,False,False,False
D105B,D105B,True,False,True,ACTIF,True,True,True,False,False,False,False
D106,D106,True,True,True,ACTIF,True,True,True,True,False,False,False
D107,D107,True,False,True,ACTIF,True,True,True,False,False,False,False
D107-1,,False,True,False,,False,False,False,True,False,False,False
D108,D108,True,False,True,ACTIF,True,True,True,False,False,False,False
D108-1,,False,True,False,,False,False,False,True,False,False,False
D109,D109,True,True,True,ACTIF,True,False,True,True,False,False,False
D110,D110,True,True,True,ACTIF,True,True,True,True,False,False,False
D113,D113,True,True,True,ACTIF,True,True,True,True,False,False,False
D113M,D113M,True,True,True,ACTIF,True,True,True,True,False,False,False
D114,D114,True,True,True,ACTIF,True,True,True,True,False,False,False
D114M,D114M,True,True,True,ACTIF,True,True,True,True,False,False,False
D116,D116,True,True,True,ACTIF,True,True,True,True,False,False,False
D117,D117,True,True,True,ACTIF,True,True,True,True,False,False,False
D118,D118,True,False,True,ACTIF,True,True,True,False,False,False,False
D118-1,,False,True,False,,False,False,False,True,False,False,False
D118-2,,False,True,False,,False,False,False,True,False,False,False
D119(PASENGESTION),D119 ( pas en gestion),True,False,False,PAS_EN_GESTION,False,False,False,False,False,False,True
D121,D121,True,True,True,ACTIF,True,False,True,True,False,False,False
D122,D122,True,True,True,ACTIF,True,False,True,True,False,False,False
D123,D123,True,True,True,ACTIF,True,False,True,True,False,False,False
D124,D124,True,True,True,ACTIF,True,False,True,True,False,False,False
D125,D125,True,True,True,ACTIF,True,False,True,True,False,False,False
D201PASENGESTION,D201 PAS EN GESTION,True,False,False,PAS_EN_GESTION,True,False,False,False,False,False,False
D202PASENGESTION,D202 PAS EN GESTION,True,False,False,PAS_EN_GESTION,True,False,False,False,False,False,False
D505,D505,True,True,True,ACTIF,True,False,True,True,False,False,False
D510,D510,True,False,True,ACTIF,True,True,True,False,False,False,False
D510-1,,False,True,False,,False,False,False,True,False,False,False
D513,D513,True,True,True,ACTIF,True,False,True,True,False,False,False
D515,D515,True,True,True,ACTIF,True,True,True,True,False,False,False
D520,D520,True,True,True,ACTIF,True,True,True,True,False,False,False
D525,D525,True,True,True,ACTIF,True,False,True,True,False,False,False
D530,D530,True,True,True,ACTIF,True,False,True,True,False,False,False
D531SUPPRIME,D531 SUPPRIME,True,False,False,SUPPRIME,True,True,False,False,False,False,False
D535,D535,True,True,True,ACTIF,True,False,True,True,False,False,False
D540,D540,True,True,True,ACTIF,True,False,True,True,False,False,False
D545,D545,True,True,True,ACTIF,True,True,True,True,False,False,False
D550,D550,True,True,True,ACTIF,True,True,True,True,False,False,False
D555,D555,True,True,True,ACTIF,True,False,True,True,False,False,False
D556,D556,True,False,True,ACTIF,True,False,True,False,False,False,False
D556-2,,False,True,False,,False,False,False,True,False,False,False
D559S(SPÉCIALNONRÉFÉRENCÉ),D559S (spécial non référencé),True,False,False,SPECIAL_NON_REFERENCE,True,False,False,False,False,False,False
D560,D560,True,True,True,ACTIF,True,True,True,True,False,False,False
D561,D561,True,True,True,ACTIF,True,True,True,True,False,False,False
D562,D562,True,True,True,ACTIF,True,True,True,True,False,False,False
D563,D563,True,True,True,ACTIF,True,True,True,True,False,False,False
D564,D564,True,True,True,ACTIF,True,True,True,True,False,False,False
D565,D565,True,True,True,ACTIF,True,True,True,True,False,False,False
D566,D566,True,True,True,ACTIF,True,False,True,True,False,False,False
D567,D567,True,True,True,ACTIF,True,True,True,True,False,False,False
D568,D568,True,True,True,ACTIF,True,True,True,True,False,False,False
D569,D569,True,True,True,ACTIF,True,True,True,True,False,False,False
D570,D570,True,True,True,ACTIF,True,False,True,True,False,False,False
D570-1,,False,True,False,,False,False,False,True,False,False,False
D572,D572,True,True,True,ACTIF,True,False,True,True,False,False,False
D573,D573,True,True,True,ACTIF,True,False,True,True,False,False,False
D574,D574,True,False,True,ACTIF,True,True,True,False,False,False,False
D574-1,,False,True,False,,False,False,False,True,False,False,False
D575,D575,True,False,True,ACTIF,True,True,True,False,False,False,False
D575-108,,False,True,False,,False,False,False,True,False,False,False
D576,D576,True,True,True,ACTIF,True,True,True,True,False,False,False
D577,D577,True,True,True,ACTIF,True,True,True,True,False,False,False
D578,D578,True,True,True,ACTIF,True,True,True,True,False,False,False
D579,D579,True,True,True,ACTIF,True,True,True,True,False,False,False
D580,D580,True,False,True,ACTIF,True,True,True,False,False,False,False
D580-1,,False,True,False,,False,False,False,True,False,False,False
D580-2,,False,True,False,,False,False,False,True,False,False,False
D601,D601,True,True,True,ACTIF,True,True,True,True,False,False,False
D602S(SPÉCIALNONRÉFÉRENCÉ),D602S (spécial non référencé),True,False,False,SPECIAL_NON_REFERENCE,False,False,False,False,False,False,True
D603S(SPÉCIALNONRÉFÉRENCÉ),D603S (spécial non référencé),True,False,False,SPECIAL_NON_REFERENCE,False,False,False,False,False,False,True
D604,D604,True,True,True,ACTIF,True,True,True,True,False,False,False
D605,D605,True,True,True,ACTIF,True,False,True,True,False,False,False
D606,D606,True,True,True,ACTIF,True,True,True,True,False,False,False
D607,D607,True,True,True,ACTIF,True,True,True,True,False,False,False
D608,D608,True,True,True,ACTIF,True,True,True,True,False,False,False
D609,D609,True,True,True,ACTIF,True,True,True,True,False,False,False
D610,D610,True,True,True,ACTIF,True,True,True,True,False,False,False
D611,D611,True,True,True,ACTIF,True,True,True,True,False,False,False
D612,D612,True,True,True,ACTIF,True,True,True,True,False,False,False
D613,D613,True,True,True,ACTIF,True,False,True,True,False,False,False
D614,D614,True,True,True,ACTIF,True,True,True,True,False,False,False
D615,D615,True,True,True,ACTIF,True,True,True,True,False,False,False
D616,D616,True,True,True,ACTIF,True,True,True,True,False,False,False
D616A,D616A,True,False,True,ACTIF,False,False,True,False,False,False,False
D616B,D616B,True,False,True,ACTIF,False,False,True,False,False,False,False
D617,D617,True,True,True,ACTIF,True,True,True,True,False,False,False
D618,D618,True,True,True,ACTIF,True,False,True,True,False,False,False
D620,D620,True,True,True,ACTIF,True,True,True,True,False,False,False
D621,D621,True,True,True,ACTIF,True,True,True,True,False,False,False
D622,D622,True,True,True,ACTIF,True,True,True,True,False,False,False
D623(SUPPRIMÉEENGESTION),D623 (supprimée en gestion),True,False,False,SUPPRIME,True,True,True,False,False,False,False
D624,D624,True,True,True,ACTIF,True,True,True,True,False,False,False
D625,D625,True,True,True,ACTIF,True,True,True,True,False,False,False
D626,D626,True,True,True,ACTIF,True,True,True,True,False,False,False
D627,D627,True,True,True,ACTIF,True,False,True,True,False,False,False
D628,D628,True,True,True,ACTIF,True,True,True,True,False,False,False
D629,D629,True,True,True,ACTIF,True,True,True,True,False,False,False
D630,D630,True,True,True,ACTIF,True,True,True,True,False,False,False
D631,D631,True,True,True,ACTIF,True,True,True,True,False,False,False
D632,D632,True,True,True,ACTIF,True,True,True,True,False,False,False
D633,D633,True,True,True,ACTIF,True,True,True,True,False,False,False
D650,D650,True,True,True,ACTIF,True,True,True,True,False,False,False
D650A,D650A,True,False,True,ACTIF,False,False,True,False,False,False,False
D650B,D650B,True,False,True,ACTIF,False,False,True,False,False,False,False
D650L,D650L,True,True,True,ACTIF,True,False,True,True,False,False,False
D651,D651,True,True,True,ACTIF,True,True,True,True,False,False,False
D652,D652,True,True,True,ACTIF,True,True,True,True,False,False,False
D652A,D652A,True,False,True,ACTIF,True,False,True,False,False,False,False
D652B,D652B,True,False,True,ACTIF,False,False,True,False,False,False,False
D653,D653,True,True,True,ACTIF,True,True,True,True,False,False,False
D654,D654,True,True,True,ACTIF,True,False,True,True,False,False,False
D655,D655,True,True,True,ACTIF,True,False,True,True,False,False,False
D656,D656,True,True,True,ACTIF,True,True,True,True,False,False,False
D657,D657,True,True,True,ACTIF,True,True,True,True,False,False,False
D658,D658,True,True,True,ACTIF,True,False,True,True,False,False,False
D659S(SPÉCIALNONRÉFÉRENCÉ),D659S (spécial non référencé),True,False,False,SPECIAL_NON_REFERENCE,False,False,False,False,False,False,True
D660S(SPÉCIALNONRÉFÉRENCÉ),D660S (spécial non référencé),True,False,False,SPECIAL_NON_REFERENCE,False,False,False,False,False,False,True
D661S(SPÉCIALNONRÉFÉRENCÉ),D661S (spécial non référencé),True,False,False,SPECIAL_NON_REFERENCE,False,False,False,False,False,False,True
D662S(SPÉCIALNONRÉFÉRENCÉ),D662S (spécial non référencé),True,False,False,SPECIAL_NON_REFERENCE,False,False,False,False,False,False,True
D702,D702,True,True,True,ACTIF,True,True,True,True,False,False,False
D703,D703,True,True,True,ACTIF,True,True,True,True,False,False,False
D704,D704,True,True,True,ACTIF,True,True,True,True,False,False,False
D705,D705,True,True,True,ACTIF,True,True,True,True,False,False,False
D706,D706,True,True,True,ACTIF,True,True,True,True,False,False,False
D707,D707,True,True,True,ACTIF,True,True,True,True,False,False,False
D708,D708,True,True,True,ACTIF,True,True,True,True,False,False,False
D709,D709,True,True,True,ACTIF,True,True,True,True,False,False,False
D710,D710,True,True,True,ACTIF,True,True,True,True,False,False,False
D711,D711,True,True,True,ACTIF,True,False,True,True,False,False,False
D712,D712,True,True,True,ACTIF,True,True,True,True,False,False,False
D713,D713,True,False,True,ACTIF,True,True,True,False,False,False,False
D713-131,,False,True,False,,False,False,False,True,False,False,False
D715,D715,True,True,True,ACTIF,True,True,True,True,False,False,False
D716,D716,True,True,True,ACTIF,True,False,True,True,False,False,False
D717,D717,True,True,True,ACTIF,True,True,True,True,False,False,False
D718,D718,True,True,True,ACTIF,True,True,True,True,False,False,False
D719S(SPÉCIALNONRÉFÉRENCÉ),D719S (spécial non référencé),True,False,False,SPECIAL_NON_REFERENCE,True,False,False,False,False,False,False
D720,D720,True,True,True,ACTIF,True,True,True,True,False,False,False
D747S(SPÉCIALNONRÉFÉRENCÉ),D747S (spécial non référencé),True,False,False,SPECIAL_NON_REFERENCE,False,False,False,False,False,False,True
D748,D748,True,True,True,ACTIF,True,True,True,True,False,False,False
D749,D749,True,True,True,ACTIF,True,True,True,True,False,False,False
D751,D751,True,True,True,ACTIF,True,False,True,True,False,False,False
D752,D752,True,True,True,ACTIF,True,False,True,True,False,False,False
D753,D753,True,True,True,ACTIF,True,False,True,True,False,False,False
D754,D754,True,True,True,ACTIF,True,False,True,True,False,False,False
D801,D801,True,True,True,ACTIF,True,True,True,True,False,False,False
D802,D802,True,True,True,ACTIF,True,True,True,True,False,False,False
D803S(SPÉCIALNONRÉFÉRENCÉ),D803S (spécial non référencé),True,False,False,SPECIAL_NON_REFERENCE,False,False,False,False,False,False,True
D804S(SPÉCIALNONRÉFÉRENCÉ),D804S (spécial non référencé),True,False,False,SPECIAL_NON_REFERENCE,False,False,False,False,False,False,True
D805S(SPÉCIALNONRÉFÉRENCÉ),D805S (spécial non référencé),True,False,False,SPECIAL_NON_REFERENCE,False,False,False,False,False,False,True
D810,D810,True,True,True,ACTIF,True,False,True,True,False,False,False
D812,D812,True,True,True,ACTIF,True,False,True,True,False,False,False
D813,D813,True,True,True,ACTIF,True,False,True,True,False,False,False
D814,D814,True,True,True,ACTIF,True,True,True,True,False,False,False
D815,D815,True,True,True,ACTIF,True,True,True,True,False,False,False
D818,D818,True,True,True,ACTIF,True,False,True,True,False,False,False
D820,D820,True,True,True,ACTIF,True,True,True,True,False,False,False
D830,D830,True,True,True,ACTIF,True,True,True,True,False,False,False
D835,D835,True,True,True,ACTIF,True,False,True,True,False,False,False
D840,D840,True,True,True,ACTIF,True,True,True,True,False,False,False
D843,D843,True,True,True,ACTIF,True,False,True,True,False,False,False
D844,D844,True,True,True,ACTIF,True,False,True,True,False,False,False
D845,D845,True,False,True,ACTIF,True,True,True,False,False,False,False
D845-272,,False,True,False,,False,False,False,True,False,False,False
D846,D846,True,False,True,ACTIF,True,False,True,False,False,False,False
D846-1,,False,True,False,,False,False,False,True,False,False,False
D878,D878,True,True,True,ACTIF,True,False,True,True,False,False,False
D879,D879,True,False,True,ACTIF,True,False,True,False,False,False,False
D879A,D879A,True,False,True,ACTIF,False,False,False,False,False,False,True
D879B1,D879B1,True,False,True,ACTIF,False,False,False,False,False,False,True
D879B2,D879B2,True,False,True,ACTIF,False,False,False,False,False,False,True
D879B3,D879B3,True,False,True,ACTIF,False,False,False,False,False,False,True
D879C,D879C,True,False,True,ACTIF,False,False,False,False,False,False,True
D880,D880,True,True,True,ACTIF,True,True,True,True,False,False,False
D880A,D880A,True,False,True,ACTIF,False,False,True,False,False,False,False
D880B,D880B,True,False,True,ACTIF,False,False,True,False,False,False,False
D881,D881,True,True,True,ACTIF,True,False,True,True,False,False,False
D881B,D881B,True,True,True,ACTIF,True,False,True,True,False,False,False
D882,D882,True,True,True,ACTIF,True,False,True,True,False,False,False
D882B,D882B,True,True,True,ACTIF,True,False,False,True,False,False,False
D883,D883,True,True,True,ACTIF,True,False,False,True,False,False,False
D884,D884,True,True,True,ACTIF,True,False,False,True,False,False,False
D885,D885,True,True,True,ACTIF,True,False,False,True,False,False,False
D886,D886,True,True,True,ACTIF,True,True,True,True,False,False,False
D887,D887,True,True,True,ACTIF,True,False,True,True,False,False,False
D888,D888,True,True,True,ACTIF,True,True,True,True,False,False,False
D889,D889,True,True,True,ACTIF,True,False,True,True,False,False,False
D890,D890,True,True,True,ACTIF,True,False,False,True,False,False,False
D890A,D890A,True,False,False,ACTIF,False,False,False,False,False,False,True
D891,D891,True,True,True,ACTIF,True,True,False,True,False,False,False
D892,D892,True,True,True,ACTIF,True,True,False,True,False,False,False
D893,D893,True,True,True,ACTIF,True,False,False,True,False,False,False
D894,D894,True,True,True,ACTIF,True,True,False,True,False,False,False
D895,D895,True,True,True,ACTIF,True,False,False,True,False,False,False
D896,D896,True,True,True,ACTIF,True,True,True,True,False,False,False
D897,D897,True,True,True,ACTIF,True,False,True,True,False,False,False
D898,D898,True,True,True,ACTIF,True,True,True,True,False,False,False
D899,D899,True,True,True,ACTIF,True,False,True,True,False,False,False
D900,D900,True,True,True,ACTIF,True,False,True,True,False,False,False
D901,D901,True,True,True,ACTIF,True,False,True,True,False,False,False
D902SUPPRIMÉEDELAGESTION,D902 supprimée de la gestion,True,False,False,SUPPRIME,True,False,False,False,False,False,False
D903,D903,True,False,True,ACTIF,True,False,True,False,False,False,False
D903-1,,False,True,False,,False,False,False,True,False,False,False
D905B,D905B,True,True,False,ACTIF,True,False,True,True,False,False,False
D905H,D905H,True,True,False,ACTIF,True,False,True,True,False,False,False
DECAISSE-GRG,,False,True,False,,False,False,False,True,False,False,False
DECAISSE-GRG-D565-D601-D611,,False,True,False,,False,False,False,True,False,False,False
DECAISSE-GRG-D830,,False,True,False,,False,False,False,True,False,False,False
DUBA,,False,False,True,,False,False,False,False,False,False,True
E0510E,E0510E,True,False,True,ACTIF,True,True,False,False,False,False,False
E0510E-400,,False,True,False,,False,False,False,True,False,False,False
E0520E,E0520E,True,False,True,ACTIF,True,True,False,False,False,False,False
E0520E-402,,False,True,False,,False,False,False,True,False,False,False
E0530E,E0530E,True,False,True,ACTIF,True,True,False,False,False,False,False
E0530E-403,,False,True,False,,False,False,False,True,False,False,False
E0535E,E0535E,True,False,True,ACTIF,True,True,False,False,False,False,False
E0535E-404,,False,True,False,,False,False,False,True,False,False,False
E1010E,E1010E,True,True,True,ACTIF,True,True,False,True,False,False,False
E1010P,E1010P,True,False,True,ACTIF,True,False,False,False,False,False,False
E1020E,E1020E,True,True,True,ACTIF,True,True,False,True,False,False,False
E1020I,E1020I,True,True,True,ACTIF,True,True,False,True,False,False,False
E1030E,E1030E,True,True,True,ACTIF,True,True,False,True,False,False,False
E1040E,E1040E,True,True,True,ACTIF,True,True,False,True,False,False,False
E1515E,E1515E,True,True,True,ACTIF,True,True,False,True,False,False,False
E1520E,E1520E,True,True,True,ACTIF,True,False,False,True,False,False,False
E1520I,E1520I,True,True,True,ACTIF,True,True,False,True,False,False,False
E2020E,E2020E,True,False,True,ACTIF,True,True,False,False,False,False,False
E2020E-401,,False,True,False,,False,False,False,True,False,False,False
E2020I,E2020I,True,True,True,ACTIF,True,True,False,True,False,False,False
E2020P,E2020P,True,False,True,ACTIF,True,False,False,False,False,False,False
E2030E,E2030E,True,True,True,ACTIF,True,True,False,True,False,False,False
E2030I,E2030I,True,True,True,ACTIF,True,True,False,True,False,False,False
EA0707P,,False,False,True,,False,False,False,False,False,False,True
EA10R-P,EA10R.P,True,False,True,ACTIF,True,False,False,False,False,False,False
EA10S-P,EA10S.P,True,False,True,ACTIF,True,False,False,False,False,False,False
EA15R-P,EA15R.P,True,False,True,ACTIF,True,False,False,False,False,False,False
EA15S-P,EA15S.P,True,False,True,ACTIF,True,False,False,False,False,False,False
EA20R-P,EA20R.P,True,False,True,ACTIF,True,False,False,False,False,False,False
EA20S-P,EA20S.P,True,False,True,ACTIF,True,False,False,False,False,False,False
EA30R-P,EA30R.P,True,False,True,ACTIF,True,False,False,False,False,False,False
EA30S-P,EA30S.P,True,False,True,ACTIF,True,False,False,False,False,False,False
EBL0430,EBL0430,True,False,True,ACTIF,True,True,True,False,False,False,False
EBP0430,EBP0430,True,True,True,ACTIF,True,False,True,True,False,False,False
EBP0430-1,,False,True,False,,False,False,False,True,False,False,False
EBP0525P,EBP0525P,True,True,True,ACTIF,True,True,False,True,False,False,False
EBP0530,EBP0530,True,True,True,ACTIF,True,True,False,True,False,False,False
EBP0830,EBP0830,True,True,True,ACTIF,True,True,False,True,False,False,False
EBP1030,EBP1030,True,True,True,ACTIF,True,True,False,True,False,False,False
EDCP1374,EDCP1374,True,False,False,ACTIF,False,False,False,False,False,False,True
EDCP2,EDCP2,True,False,False,ACTIF,True,False,False,False,False,False,False
EDCP7040,EDCP7040,True,False,False,ACTIF,False,False,False,False,False,False,True
EDCP7048,EDCP7048,True,False,False,ACTIF,False,False,False,False,False,False,True
EDCP7061,EDCP7061,True,False,False,ACTIF,False,False,False,False,False,False,True
EDCP7073,EDCP7073,True,False,False,ACTIF,False,False,False,False,False,False,True
EDCP7073GM,EDCP7073GM,True,False,False,ACTIF,False,False,False,False,False,False,True
EDCP8000,EDCP8000,True,False,False,ACTIF,False,False,False,False,False,False,True
EDCP8000GM,EDCP8000GM,True,False,False,ACTIF,False,False,False,False,False,False,True
EDCPCL10,EDCPCL10,True,False,False,ACTIF,False,False,False,False,False,False,True
EDP1374,,False,False,True,,False,False,False,False,False,False,True
EDP7040,,False,False,True,,False,False,False,False,False,False,True
EDP7048,,False,False,True,,False,False,False,False,False,False,True
EDP7061,,False,False,True,,False,False,False,False,False,False,True
EDP7073,,False,False,True,,False,False,False,False,False,False,True
EDP7073GM,,False,False,True,,False,False,False,False,False,False,True
EDP8000,,False,False,True,,False,False,False,False,False,False,True
EDP8000GM,,False,False,True,,False,False,False,False,False,False,True
EDPCL10,,False,False,True,,False,False,False,False,False,False,True
EMB1,EMB1,True,False,False,ACTIF,True,True,False,False,False,False,False
EMB1-1,,False,True,False,,False,False,False,True,False,False,False
EMB2,EMB2,True,False,False,ACTIF,True,True,False,False,False,False,False
EMB2-1,,False,True,False,,False,False,False,True,False,False,False
EMB95,EMB95,True,False,True,ACTIF,True,True,True,False,False,False,False
EMB95-EBL0430-218,,False,True,False,,False,False,False,True,False,False,False
EMB95-EBL0430-367,,False,True,False,,False,False,False,True,False,False,False
ENC01,ENC01,True,True,True,ACTIF,False,False,False,True,False,False,False
ENC01-SP,ENC01.SP,True,False,False,ACTIF,False,False,False,False,False,False,True
ENC02,ENC02,True,True,True,ACTIF,False,False,False,True,False,False,False
ENC02-SP,ENC02.SP,True,False,False,ACTIF,False,False,False,False,False,False,True
ENC03,ENC03,True,True,True,ACTIF,False,False,False,True,False,False,False
ENC03-SP,ENC03.SP,True,False,False,ACTIF,False,False,False,False,False,False,True
ENC04,ENC04,True,True,True,ACTIF,False,False,False,True,False,False,False
ENC04-SP,ENC04.SP,True,False,False,ACTIF,False,False,False,False,False,False,True
ENC21,ENC21,True,True,True,ACTIF,False,False,False,True,False,False,False
ENC22,ENC22,True,True,True,ACTIF,False,False,False,True,False,False,False
ENC23,ENC23,True,True,True,ACTIF,False,False,False,True,False,False,False
ENC24,ENC24,True,True,True,ACTIF,False,False,False,True,False,False,False
ENC25,ENC25,True,True,True,ACTIF,False,False,False,True,False,False,False
ENC31,ENC31,True,True,True,ACTIF,True,False,False,True,False,False,False
ENC32,ENC32,True,True,True,ACTIF,True,False,False,True,False,False,False
ENC35,ENC35,True,True,True,ACTIF,True,False,False,True,False,False,False
ENC41,ENC41,True,True,True,ACTIF,True,False,False,True,False,False,False
ENC601,ENC601,True,True,False,ACTIF,False,False,False,True,False,False,False
ENC602,ENC602,True,True,False,ACTIF,False,False,False,True,False,False,False
ENC603,ENC603,True,True,False,ACTIF,False,False,False,True,False,False,False
ET800,ET800,True,False,False,ACTIF,False,False,False,False,False,False,True
ET801,ET801,True,False,False,ACTIF,False,False,False,False,False,False,True
ET802,ET802,True,False,False,ACTIF,False,False,False,False,False,False,True
ET803,ET803,True,False,False,ACTIF,False,False,False,False,False,False,True
ET804,ET804,True,False,False,ACTIF,False,False,False,False,False,False,True
ET807,ET807,True,False,False,ACTIF,False,False,False,False,False,False,True
ET808,ET808,True,False,False,ACTIF,False,False,False,False,False,False,True
ET811,ET811,True,False,False,ACTIF,False,False,False,False,False,False,True
FILAS,,False,False,True,,False,False,False,False,False,False,True
FILAS1,,False,False,True,,False,False,False,False,False,False,True
FILAS40,,False,False,True,,False,False,False,False,False,False,True
FILAS5,FILAS5,True,False,True,ACTIF,False,False,False,False,False,False,True
GAMME-VARIANCE,,False,True,False,,False,False,False,True,False,False,False
HOTTE-PROVENCALE,,False,True,False,,False,False,False,True,False,False,False
JC22-10,JC22.10,True,False,True,ACTIF,True,True,False,False,False,False,False
JC22-10-422,,False,True,False,,False,False,False,True,False,False,False
JC22-20,JC22.20,True,False,True,ACTIF,True,True,False,False,False,False,False
JC22-20-424,,False,True,False,,False,False,False,True,False,False,False
JC22-30,JC22.30,True,False,True,ACTIF,True,True,False,False,False,False,False
JC22-30-423,,False,True,False,,False,False,False,True,False,False,False
JC22-40,JC22.40,True,False,True,ACTIF,True,True,False,False,False,False,False
JC22-40-425,,False,True,False,,False,False,False,True,False,False,False
JC43-21P,JC43.21P,True,False,True,ACTIF,True,True,False,False,False,False,False
JC43-21P-221,,False,True,False,,False,False,False,True,False,False,False
JC542-15P,JC542.15P,True,False,True,ACTIF,True,True,False,False,False,False,False
JC542-15P-222,,False,True,False,,False,False,False,True,False,False,False
JC55-10,JC55.10,True,False,True,ACTIF,True,True,False,False,False,False,False
JC55-10-426,,False,True,False,,False,False,False,True,False,False,False
JC55-20,JC55.20,True,False,True,ACTIF,True,True,False,False,False,False,False
JC55-20-427,,False,True,False,,False,False,False,True,False,False,False
JDCP1,JDCP1,True,False,False,ACTIF,True,False,False,False,False,False,False
JDCP2,JDCP2,True,False,False,ACTIF,False,False,False,False,False,False,True
JDCP3,JDCP3,True,False,False,ACTIF,True,False,False,False,False,False,False
KIT50,KIT50,True,False,False,ACTIF,False,False,False,False,False,False,True
L60-01,L60.01,True,False,False,ACTIF,False,False,False,False,False,False,True
L60-02,L60.02,True,False,False,ACTIF,False,False,False,False,False,False,True
L60-03,L60.03,True,False,False,ACTIF,False,False,False,False,False,False,True
L60-04,L60.04,True,False,False,ACTIF,False,False,False,False,False,False,True
L60-05,L60.05,True,False,False,ACTIF,False,False,False,False,False,False,True
L60-06,L60.06,True,False,False,ACTIF,False,False,False,False,False,False,True
L60-07,L60.07,True,False,False,ACTIF,False,False,False,False,False,False,True
L60-07C,L60.07C,True,False,False,ACTIF,False,False,False,False,False,False,True
L70-01,L70.01,True,False,False,ACTIF,False,False,False,False,False,False,True
L70-02,L70.02,True,False,False,ACTIF,False,False,False,False,False,False,True
L70-03,L70.03,True,False,False,ACTIF,False,False,False,False,False,False,True
L70-04,L70.04,True,False,False,ACTIF,False,False,False,False,False,False,True
L70-05,L70.05,True,False,False,ACTIF,False,False,False,False,False,False,True
LET-50,LET.50,True,False,False,ACTIF,False,False,False,False,False,False,True
M038,M038,True,False,True,ACTIF,False,False,True,False,False,False,False
M039,M039,True,False,True,ACTIF,False,False,False,False,False,False,True
M040,,False,False,True,,False,False,False,False,False,False,True
M041,M041,True,False,True,ACTIF,False,False,False,False,False,False,True
M042,M042,True,False,True,ACTIF,False,False,False,False,False,False,True
M043,M043,True,False,True,ACTIF,False,False,False,False,False,False,True
M044,M044,True,False,True,ACTIF,False,False,False,False,False,False,True
M045,M045,True,False,True,ACTIF,False,False,False,False,False,False,True
M046,M046,True,False,True,ACTIF,False,False,False,False,False,False,True
M047,M047,True,False,True,ACTIF,False,False,False,False,False,False,True
M048,M048,True,False,True,ACTIF,False,False,True,False,False,False,False
M049,M049,True,False,True,ACTIF,False,False,False,False,False,False,True
M05-242,M05-242,True,False,False,ACTIF,False,False,False,False,False,False,True
M05-245,M05-245,True,False,False,ACTIF,False,False,False,False,False,False,True
M05-545,M05-545,True,False,False,ACTIF,False,False,False,False,False,False,True
M05-B115,M05-B115,True,False,False,ACTIF,False,False,False,False,False,False,True
M05-ET398,M05-ET398,True,False,False,ACTIF,False,False,False,False,False,False,True
M05-FO398,M05-FO398,True,False,False,ACTIF,False,False,False,False,False,False,True
M05-H115,M05-H115,True,False,False,ACTIF,False,False,False,False,False,False,True
M050,M050,True,False,True,ACTIF,False,False,False,False,False,False,True
M051,M051,True,False,True,ACTIF,False,False,False,False,False,False,True
M052,M052,True,False,True,ACTIF,False,False,False,False,False,False,True
M053,M053,True,False,True,ACTIF,False,False,False,False,False,False,True
M054,M054,True,False,True,ACTIF,False,False,False,False,False,False,True
M055,M055,True,False,True,ACTIF,False,False,False,False,False,False,True
M056,M056,True,False,True,ACTIF,False,False,False,False,False,False,True
M057,M057,True,False,True,ACTIF,False,False,False,False,False,False,True
M058,M058,True,False,True,ACTIF,False,False,False,False,False,False,True
M059,M059,True,False,True,ACTIF,False,False,False,False,False,False,True
M060,M060,True,True,True,ACTIF,True,False,True,True,False,False,False
M061,M061,True,False,True,ACTIF,False,False,False,False,False,False,True
M066,M066,True,False,True,ACTIF,False,False,False,False,False,False,True
M067,M067,True,False,True,ACTIF,False,False,True,False,False,False,False
M068,M068,True,False,True,ACTIF,False,False,False,False,False,False,True
M069,M069,True,False,True,ACTIF,False,False,False,False,False,False,True
M070,M070,True,False,True,ACTIF,False,False,False,False,False,False,True
M071,M071,True,False,True,ACTIF,False,False,True,False,False,False,False
M072,M072,True,False,True,ACTIF,False,False,False,False,False,False,True
M073,M073,True,False,True,ACTIF,False,False,False,False,False,False,True
M0A23,M0A23,True,False,False,ACTIF,False,False,False,False,False,False,True
M0A24,M0A24,True,False,False,ACTIF,False,False,False,False,False,False,True
M100,M100,True,False,True,ACTIF,False,False,False,False,False,False,True
M101,M101,True,False,True,ACTIF,False,False,False,False,False,False,True
M102,M102,True,False,True,ACTIF,False,False,False,False,False,False,True
M20-06H,M20.06H,True,False,False,ACTIF,False,False,False,False,False,False,True
M20-06H-41,,False,True,False,,False,False,False,True,False,False,False
M20-56H,M20.56H,True,True,False,ACTIF,False,False,False,True,False,False,False
M201,M201,True,False,True,ACTIF,False,False,False,False,False,False,True
M202,M202,True,False,True,ACTIF,False,False,True,False,False,False,False
M203,M203,True,False,True,ACTIF,False,False,False,False,False,False,True
M204,M204,True,False,True,ACTIF,False,False,False,False,False,False,True
M205,M205,True,False,True,ACTIF,False,False,False,False,False,False,True
M206,M206,True,False,True,ACTIF,False,False,False,False,False,False,True
M207,M207,True,False,True,ACTIF,False,False,False,False,False,False,True
M208,M208,True,False,True,ACTIF,False,False,False,False,False,False,True
M209,M209,True,False,True,ACTIF,False,False,True,False,False,False,False
M210,M210,True,False,True,ACTIF,False,False,False,False,False,False,True
M211,M211,True,False,True,ACTIF,False,False,False,False,False,False,True
M212,M212,True,False,True,ACTIF,False,False,False,False,False,False,True
M213,M213,True,False,True,ACTIF,False,False,False,False,False,False,True
M250,M250,True,True,True,ACTIF,True,False,True,True,False,False,False
M251,M251,True,True,True,ACTIF,False,False,True,True,False,False,False
M252,M252,True,True,True,ACTIF,True,False,True,True,False,False,False
M253,M253,True,False,True,ACTIF,False,False,True,False,False,False,False
M254,M254,True,False,True,ACTIF,False,False,True,False,False,False,False
M255,M255,True,False,True,ACTIF,False,False,False,False,False,False,True
M296,M296,True,False,True,ACTIF,False,False,False,False,False,False,True
M297,M297,True,False,True,ACTIF,False,False,False,False,False,False,True
M298,M298,True,False,True,ACTIF,False,False,False,False,False,False,True
M299,M299,True,False,True,ACTIF,False,False,False,False,False,False,True
M300,M300,True,False,True,ACTIF,False,False,False,False,False,False,True
M301,M301,True,False,True,ACTIF,False,False,False,False,False,False,True
M302,M302,True,False,True,ACTIF,False,False,True,False,False,False,False
M303,M303,True,False,True,ACTIF,False,False,True,False,False,False,False
M304,M304,True,False,True,ACTIF,False,False,False,False,False,False,True
M306,M306,True,True,True,ACTIF,True,False,True,True,False,False,False
M390,M390,True,False,True,ACTIF,False,False,False,False,False,False,True
M400,M400,True,False,True,ACTIF,False,False,True,False,False,False,False
M401,M401,True,True,True,ACTIF,True,False,True,True,False,False,False
M401P,M401P,True,True,True,ACTIF,True,False,True,True,False,False,False
M402,M402,True,False,True,ACTIF,False,False,True,False,False,False,False
M403,M403,True,False,True,ACTIF,False,False,True,False,False,False,False
M404,M404,True,False,True,ACTIF,False,False,True,False,False,False,False
M405,M405,True,True,True,ACTIF,True,False,True,True,False,False,False
M406,M406,True,False,True,ACTIF,False,False,False,False,False,False,True
M407,M407,True,False,True,ACTIF,False,False,False,False,False,False,True
M420,M420,True,False,True,ACTIF,False,False,False,False,False,False,True
M421,M421,True,False,True,ACTIF,False,False,False,False,False,False,True
M422,M422,True,False,True,ACTIF,False,False,False,False,False,False,True
M423,M423,True,False,True,ACTIF,False,False,False,False,False,False,True
M501,M501,True,False,True,ACTIF,False,False,True,False,False,False,False
M502,M502,True,False,True,ACTIF,True,True,True,False,False,False,False
M502H,M502H,True,False,True,ACTIF,False,False,False,False,False,False,True
M503,M503,True,False,True,ACTIF,True,False,False,False,False,False,False
M504,M504,True,True,True,ACTIF,True,False,True,True,False,False,False
M505P,M505P,True,True,False,ACTIF,True,False,False,True,False,False,False
M604,M604,True,False,True,ACTIF,False,False,True,False,False,False,False
M605,M605,True,False,True,ACTIF,False,False,True,False,False,False,False
MIAMI,,False,False,True,,False,False,False,False,False,False,True
MO5-242,,False,False,True,,False,False,False,False,False,False,True
MO5-245,,False,False,True,,False,False,False,False,False,False,True
MO5-545,,False,False,True,,False,False,False,False,False,False,True
MO5-B115,,False,False,True,,False,False,False,False,False,False,True
MO5-ET398,,False,False,True,,False,False,False,False,False,False,True
MO5-FO398,,False,False,True,,False,False,False,False,False,False,True
MO5-H115,,False,False,True,,False,False,False,False,False,False,True
MOA23,,False,True,True,,False,False,False,True,False,False,False
MOA24,,False,True,True,,False,False,False,True,False,False,False
MOAC,,False,True,True,,False,False,False,True,False,False,False
MOAPLIN10,MOAPLIN10,True,True,True,ACTIF,False,False,False,True,False,False,False
MOAPLIN10M,MOAPLIN10M,True,True,True,ACTIF,False,False,False,True,False,False,False
MOAPLINT,,False,True,True,,False,False,False,True,False,False,False
MOAS,,False,True,True,,False,False,False,True,False,False,False
MOD-C,,False,False,True,,False,False,False,False,False,False,True
MOD-S,,False,False,True,,False,False,False,False,False,False,True
MOD05,MOD05,True,False,True,ACTIF,False,True,False,False,False,False,False
MOD06,MOD06,True,False,True,ACTIF,False,True,False,False,False,False,False
MOD23,MOD23,True,True,True,ACTIF,False,False,False,True,False,False,False
MOD24,MOD24,True,True,True,ACTIF,False,False,False,True,False,False,False
MOD25,MOD25,True,True,True,ACTIF,False,False,False,True,False,False,False
MODC,,False,True,False,,False,False,False,True,False,False,False
MODS,,False,True,False,,False,False,False,True,False,False,False
MOE120,MOE120,True,True,True,ACTIF,False,False,False,True,False,False,False
MOE45,MOE45,True,True,True,ACTIF,False,False,False,True,False,False,False
MOE60,MOE60,True,True,True,ACTIF,False,False,False,True,False,False,False
MOE90,MOE90,True,True,True,ACTIF,False,False,False,True,False,False,False
MOULURES,,False,True,False,,False,False,False,True,False,False,False
OPT140,OPT140,True,False,False,ACTIF,False,False,False,False,False,False,True
OPT141,OPT141,True,False,False,ACTIF,False,False,False,False,False,False,True
ORN-10,ORN.10,True,False,True,ACTIF,True,False,True,False,False,False,False
ORN-11,ORN.11,True,False,True,ACTIF,False,False,False,False,False,False,True
ORN-12,ORN.12,True,False,True,ACTIF,False,False,True,False,False,False,False
ORN-13,ORN.13,True,False,True,ACTIF,False,False,False,False,False,False,True
ORN-14,ORN.14,True,False,True,ACTIF,False,False,False,False,False,False,True
ORN-15,ORN.15,True,False,True,ACTIF,False,False,True,False,False,False,False
ORN-16,ORN.16,True,False,True,ACTIF,False,False,True,False,False,False,False
ORN-17,,False,False,True,,False,False,False,False,False,False,True
ORN-18,ORN.18,True,False,True,ACTIF,False,False,False,False,False,False,True
ORN-19,ORN.19,True,False,True,ACTIF,True,False,True,False,False,False,False
ORN-1D,ORN.1D,True,False,True,ACTIF,True,False,True,False,False,False,False
ORN-1G,ORN.1G,True,False,True,ACTIF,True,False,True,False,False,False,False
ORN-20,ORN.20,True,False,True,ACTIF,True,False,False,False,False,False,False
ORN-21,ORN.21,True,False,True,ACTIF,False,False,False,False,False,False,True
ORN-22,ORN.22,True,False,True,ACTIF,False,False,False,False,False,False,True
ORN-23,ORN.23,True,False,True,ACTIF,False,False,False,False,False,False,True
ORN-24,ORN.24,True,False,True,ACTIF,False,False,False,False,False,False,True
ORN-25,ORN.25,True,False,True,ACTIF,False,False,False,False,False,False,True
ORN-26,ORN.26,True,False,True,ACTIF,False,False,True,False,False,False,False
ORN-27,ORN.27,True,False,True,ACTIF,False,False,False,False,False,False,True
ORN-28,ORN.28,True,False,True,ACTIF,False,False,False,False,False,False,True
ORN-29,ORN.29,True,False,True,ACTIF,False,False,False,False,False,False,True
ORN-2D,ORN.2D,True,False,True,ACTIF,False,False,True,False,False,False,False
ORN-2G,ORN.2G,True,False,True,ACTIF,False,False,True,False,False,False,False
ORN-30,ORN.30,True,False,True,ACTIF,False,False,False,False,False,False,True
ORN-31,ORN.31,True,False,True,ACTIF,False,False,False,False,False,False,True
ORN-32,ORN.32,True,False,True,ACTIF,False,False,False,False,False,False,True
ORN-33,ORN.33,True,False,True,ACTIF,False,False,False,False,False,False,True
ORN-34,ORN.34,True,False,True,ACTIF,False,False,False,False,False,False,True
ORN-35,ORN.35,True,False,True,ACTIF,False,False,False,False,False,False,True
ORN-36,ORN.36,True,False,True,ACTIF,False,False,True,False,False,False,False
ORN-37,ORN.37,True,False,True,ACTIF,False,False,False,False,False,False,True
ORN-3D,ORN.3D,True,False,True,ACTIF,True,False,True,False,False,False,False
ORN-3G,ORN.3G,True,False,True,ACTIF,True,False,True,False,False,False,False
ORN-4D,ORN.4D,True,False,True,ACTIF,False,False,True,False,False,False,False
ORN-4G,ORN.4G,True,False,True,ACTIF,False,False,True,False,False,False,False
ORN-5D,ORN.5D,True,False,True,ACTIF,False,False,True,False,False,False,False
ORN-5G,ORN.5G,True,False,True,ACTIF,False,False,True,False,False,False,False
ORN-6,,False,False,True,,False,False,False,False,False,False,True
ORN-6D,ORN.6D,True,False,False,ACTIF,False,False,True,False,False,False,False
ORN-6G,ORN.6G,True,False,False,ACTIF,False,False,True,False,False,False,False
ORN-7D,ORN.7D,True,False,True,ACTIF,False,False,True,False,False,False,False
ORN-7G,ORN.7G,True,False,True,ACTIF,False,False,True,False,False,False,False
ORN-8D,ORN.8D,True,False,True,ACTIF,False,False,True,False,False,False,False
ORN-8G,ORN.8G,True,False,True,ACTIF,False,False,True,False,False,False,False
ORN-9,ORN.9,True,False,True,ACTIF,True,False,True,False,False,False,False
ORN10-825,,False,True,False,,False,False,False,True,False,False,False
ORN17,ORN17,True,False,False,ACTIF,False,False,False,False,False,False,True
ORN19-987,,False,True,False,,False,False,False,True,False,False,False
ORN1D,,False,True,False,,False,False,False,True,False,False,False
ORN1G,,False,True,False,,False,False,False,True,False,False,False
ORN20-988,,False,True,False,,False,False,False,True,False,False,False
ORN3D-823,,False,True,False,,False,False,False,True,False,False,False
ORN3G-824,,False,True,False,,False,False,False,True,False,False,False
ORN9-820,,False,True,False,,False,False,False,True,False,False,False
ORNEMENTS,,False,True,False,,False,False,False,True,False,False,False
OSAKA,,False,False,True,,False,False,False,False,False,False,True
P-COTON-334,,False,True,False,,False,False,False,True,False,False,False
P-FLOCON-337,,False,True,False,,False,False,False,True,False,False,False
P-LUM1,P.LUM1,True,False,True,ACTIF,False,False,False,False,False,False,True
P-LUM2,P.LUM2,True,False,True,ACTIF,False,False,False,False,False,False,True
P-LUM3,P.LUM3,True,False,True,ACTIF,False,False,False,False,False,False,True
P-LUM4,P.LUM4,True,False,True,ACTIF,False,False,False,False,False,False,True
P-LUM5,P.LUM5,True,False,True,ACTIF,True,False,False,False,False,False,False
P-LUM5-1,,False,True,False,,False,False,False,True,False,False,False
P-LUM6,P.LUM6,True,False,True,ACTIF,True,False,False,False,False,False,False
P-LUM6-377,,False,True,False,,False,False,False,True,False,False,False
P-NEIGE-335,,False,True,False,,False,False,False,True,False,False,False
P-OUATE-336,,False,True,False,,False,False,False,True,False,False,False
PAREMENTS,,False,True,False,,False,False,False,True,False,False,False
PF1374,,False,False,True,,False,False,False,False,False,False,True
PH100,,False,False,True,,False,False,False,False,False,False,True
PL-70,PL.70,True,False,False,ACTIF,False,False,False,False,False,False,True
PL-80,PL.80,True,False,False,ACTIF,False,False,False,False,False,False,True
PL-80BC,,False,False,True,,False,False,False,False,False,False,True
PL-BAS1-P,PL.BAS1.P,True,False,True,ACTIF,True,False,False,False,False,False,False
PL-BAS1-P-913,,False,True,False,,False,False,False,True,False,False,False
PL-BAS2-P,PL.BAS2.P,True,False,True,ACTIF,True,False,False,False,False,False,False
PL-BAS2-P-914,,False,True,False,,False,False,False,True,False,False,False
PL-CARRE1-BC,,False,False,True,,False,False,False,False,False,False,True
PL-CARRE2-BC,,False,False,True,,False,False,False,False,False,False,True
PL-D567,PL.D567,True,False,False,ACTIF,False,False,False,False,False,False,True
PL-D567-343,,False,True,False,,False,False,False,True,False,False,False
PL-DCAR-344,,False,True,False,,False,False,False,True,False,False,False
PL-DCAR1-BC,,False,False,True,,False,False,False,False,False,False,True
PL-DCAR2-BC,,False,False,True,,False,False,False,False,False,False,True
PL-DOM1,PL.DOM1,True,True,True,ACTIF,True,False,False,True,False,False,False
PL-DOM2,PL.DOM2,True,False,False,ACTIF,True,False,False,False,False,False,False
PL-DRON2-BC,,False,False,True,,False,False,False,False,False,False,True
PL-ETOILE-345,,False,True,False,,False,False,False,True,False,False,False
PL-EVOL-489,,False,True,False,,False,False,False,True,False,False,False
PL-PUIT-INF,,False,False,True,,False,False,False,False,False,False,True
PL-PUIT2-INF,,False,False,True,,False,False,False,False,False,False,True
PL-PUIT3-INF,,False,False,True,,False,False,False,False,False,False,True
PL-PUITS,,False,False,True,,False,False,False,False,False,False,True
PL-PUITS1,PL.PUITS1,True,False,False,ACTIF,False,False,False,False,False,False,True
PL-PUITS1-170,,False,True,False,,False,False,False,True,False,False,False
PL-PUITS2,PL.PUITS2,True,False,True,ACTIF,False,False,False,False,False,False,True
PL-PUITS2-171,,False,True,False,,False,False,False,True,False,False,False
PL-PUITS3,PL.PUITS3,True,False,True,ACTIF,False,False,False,False,False,False,True
PL-PUITS3-172,,False,True,False,,False,False,False,True,False,False,False
PL-PUITS4,PL.PUITS4,True,False,False,ACTIF,False,False,False,False,False,False,True
PL-R01,PL.R01,True,False,True,ACTIF,False,False,False,False,False,False,True
PL-R01-254,,False,True,False,,False,False,False,True,False,False,False
PL-R02,PL.R02,True,False,True,ACTIF,False,False,False,False,False,False,True
PL-R02-255,,False,True,False,,False,False,False,True,False,False,False
PL-R200,,False,False,True,,False,False,False,False,False,False,True
PL-VAGUE-169,,False,True,False,,False,False,False,True,False,False,False
PL-VAGUEA,,False,False,True,,False,False,False,False,False,False,True
PL-VOILE-168,,False,True,False,,False,False,False,True,False,False,False
PL-VOILE-BC,,False,False,True,,False,False,False,False,False,False,True
PL-VOILE-BF,,False,False,True,,False,False,False,False,False,False,True
PL100,PL100,True,True,True,ACTIF,False,False,False,True,False,False,False
PL101,PL101,True,True,True,ACTIF,False,False,False,True,False,False,False
PL102,PL102,True,True,False,ACTIF,False,False,False,True,False,False,False
PL110,PL110,True,True,True,ACTIF,False,False,False,True,False,False,False
PL111,PL111,True,True,True,ACTIF,False,False,False,True,False,False,False
PL170-P,PL170.P,True,True,True,ACTIF,True,False,False,True,False,False,False
PL201,PL201,True,True,True,ACTIF,False,False,False,True,False,False,False
PL204,PL204,True,True,True,ACTIF,False,False,False,True,False,False,False
PL222,PL222,True,True,False,ACTIF,True,True,False,True,False,False,False
PL222-BC,,False,False,True,,False,False,False,False,False,False,True
PL223,PL223,True,True,False,ACTIF,True,True,False,True,False,False,False
PL223-BC,,False,False,True,,False,False,False,False,False,False,True
PL225,PL225,True,False,False,ACTIF,False,False,False,False,False,False,True
PL301,PL301,True,True,False,ACTIF,False,False,False,True,False,False,False
PL301C-BC,,False,False,True,,False,False,False,False,False,False,True
PL302,PL302,True,True,False,ACTIF,False,False,False,True,False,False,False
PL302C-BC,,False,False,True,,False,False,False,False,False,False,True
PL303,PL303,True,True,False,ACTIF,False,False,False,True,False,False,False
PL303C-BC,,False,False,True,,False,False,False,False,False,False,True
PL304,PL304,True,True,False,ACTIF,False,False,False,True,False,False,False
PL304C-BC,,False,False,True,,False,False,False,False,False,False,True
PL305C-BC,,False,False,True,,False,False,False,False,False,False,True
PL311,PL311,True,True,False,ACTIF,False,False,False,True,False,False,False
PL311C-BC,,False,False,True,,False,False,False,False,False,False,True
PL312,PL312,True,True,False,ACTIF,False,False,False,True,False,False,False
PL312C-BC,,False,False,True,,False,False,False,False,False,False,True
PL313,PL313,True,True,False,ACTIF,True,False,False,True,False,False,False
PL313C-BC,,False,False,True,,False,False,False,False,False,False,True
PL314,PL314,True,True,False,ACTIF,False,False,False,True,False,False,False
PL314C-BC,,False,False,True,,False,False,False,False,False,False,True
PL315C-BC,,False,False,True,,False,False,False,False,False,False,True
PL319,PL319,True,False,True,ACTIF,True,True,False,False,False,False,False
PL319-578,,False,True,False,,False,False,False,True,False,False,False
PL321,PL321,True,False,False,ACTIF,False,False,False,False,False,False,True
PL322,PL322,True,False,False,ACTIF,False,False,False,False,False,False,True
PL322C-BC,,False,False,True,,False,False,False,False,False,False,True
PL323,PL323,True,False,False,ACTIF,False,False,False,False,False,False,True
PL323C-BC,,False,False,True,,False,False,False,False,False,False,True
PL324,PL324,True,True,False,ACTIF,True,True,False,True,False,False,False
PL324C-BC,,False,False,True,,False,False,False,False,False,False,True
PL325C-BC,,False,False,True,,False,False,False,False,False,False,True
PL401,PL401,True,True,False,ACTIF,False,False,False,True,False,False,False
PL401C-BC,,False,False,True,,False,False,False,False,False,False,True
PL402,PL402,True,True,False,ACTIF,False,False,False,True,False,False,False
PL402C-BC,,False,False,True,,False,False,False,False,False,False,True
PL403,PL403,True,True,False,ACTIF,True,True,False,True,False,False,False
PL403C-BC,,False,False,True,,False,False,False,False,False,False,True
PL404,PL404,True,True,False,ACTIF,False,False,False,True,False,False,False
PL404C-BC,,False,False,True,,False,False,False,False,False,False,True
PL405,PL405,True,True,False,ACTIF,True,True,False,True,False,False,False
PL405C-BC,,False,False,True,,False,False,False,False,False,False,True
PL405F-BF,,False,False,True,,False,False,False,False,False,False,True
PL411,PL411,True,True,False,ACTIF,False,False,False,True,False,False,False
PL411C-BC,,False,False,True,,False,False,False,False,False,False,True
PL412,PL412,True,True,False,ACTIF,False,False,False,True,False,False,False
PL412C-BC,,False,False,True,,False,False,False,False,False,False,True
PL413,PL413,True,True,False,ACTIF,False,False,False,True,False,False,False
PL413C-BC,,False,False,True,,False,False,False,False,False,False,True
PL414,PL414,True,True,False,ACTIF,False,False,False,True,False,False,False
PL414C-BC,,False,False,True,,False,False,False,False,False,False,True
PL415,PL415,True,False,False,ACTIF,False,False,False,False,False,False,True
PL415C-BC,,False,False,True,,False,False,False,False,False,False,True
PL501,PL501,True,True,False,ACTIF,False,True,False,True,False,False,False
PL501C-BC,,False,False,True,,False,False,False,False,False,False,True
PL502,PL502,True,False,False,ACTIF,False,True,False,False,False,False,False
PL502C-BC,,False,False,True,,False,False,False,False,False,False,True
PL503C-BC,,False,False,True,,False,False,False,False,False,False,True
PL601,PL601,True,True,False,ACTIF,False,False,False,True,False,False,False
PL601-45A,PL601.45A,True,False,True,ACTIF,False,False,False,False,False,False,True
PL601-45A-371,,False,True,False,,False,False,False,True,False,False,False
PL601-45D,PL601.45D,True,False,True,ACTIF,False,False,False,False,False,False,True
PL601-45D-374,,False,True,False,,False,False,False,True,False,False,False
PL601-90A,PL601.90A,True,False,True,ACTIF,False,False,False,False,False,False,True
PL601-90A-372,,False,True,False,,False,False,False,True,False,False,False
PL601-90D,PL601.90D,True,False,True,ACTIF,False,False,False,False,False,False,True
PL601-90D-373,,False,True,False,,False,False,False,True,False,False,False
PL601-BC,,False,False,True,,False,False,False,False,False,False,True
PL601-R,PL601.R,True,False,True,ACTIF,False,False,False,False,False,False,True
PL601-R-370,,False,True,False,,False,False,False,True,False,False,False
PL602,PL602,True,True,False,ACTIF,False,False,False,True,False,False,False
PL602-BC,,False,False,True,,False,False,False,False,False,False,True
PL602-BF,,False,False,True,,False,False,False,False,False,False,True
PL612,PL612,True,True,False,ACTIF,True,True,False,True,False,False,False
PL612-BC,,False,False,True,,False,False,False,False,False,False,True
PL613,PL613,True,True,False,ACTIF,True,True,False,True,False,False,False
PL613C-BC,,False,False,True,,False,False,False,False,False,False,True
PL614,PL614,True,True,False,ACTIF,True,True,False,True,False,False,False
PL614C-BC,,False,False,True,,False,False,False,False,False,False,True
PL621,PL621,True,True,False,ACTIF,True,False,False,True,False,False,False
PL621C-BC,,False,False,True,,False,False,False,False,False,False,True
PL622,PL622,True,True,False,ACTIF,True,False,False,True,False,False,False
PL622C-BC,,False,False,True,,False,False,False,False,False,False,True
PL623,PL623,True,True,False,ACTIF,True,False,False,True,False,False,False
PL623C-BC,,False,False,True,,False,False,False,False,False,False,True
PL80-246,,False,True,False,,False,False,False,True,False,False,False
PLAFONDGRGDÉCAISSÉD565D601D611,Plafond GRG décaissé D565 D601 D611,True,False,False,ACTIF,True,False,False,False,False,False,False
PLAFONDGRGDÉCAISSÉD830,Plafond GRG décaissé D830,True,False,False,ACTIF,True,False,False,False,False,False,False
PLAQ,,False,False,True,,False,False,False,False,False,False,True
PLAQ1,,False,False,True,,False,False,False,False,False,False,True
PLAQ2,PLAQ2,True,False,True,ACTIF,False,False,False,False,False,False,True
PLAQ3,,False,False,True,,False,False,False,False,False,False,True
PLAQ4,PLAQ4,True,False,True,ACTIF,False,False,False,False,False,False,True
PLAQ5,PLAQ5,True,False,True,ACTIF,False,False,False,False,False,False,True
PLAQ6,PLAQ6,True,False,True,ACTIF,False,False,False,False,False,False,True
PLAQ7,PLAQ7,True,False,True,ACTIF,False,False,False,False,False,False,True
PLAQUES-ACOUSTIQUES,,False,True,False,,False,False,False,True,False,False,False
PLIN08,PLIN08,True,True,True,ACTIF,True,True,False,True,False,False,False
PLIN08M,PLIN08M,True,True,True,ACTIF,True,True,False,True,False,False,False
PLIN08M-PC,PLIN08M.PC,True,True,True,ACTIF,True,False,False,True,False,False,False
PLIN08M-PCA,PLIN08M.PCA,True,True,True,ACTIF,True,False,False,True,False,False,False
PLIN10,PLIN10,True,True,True,ACTIF,True,True,False,True,False,False,False
PLIN10A,PLIN10A,True,False,True,ACTIF,True,False,False,False,False,False,False
PLIN10A-1,,False,True,False,,False,False,False,True,False,False,False
PLIN10M,PLIN10M,True,True,True,ACTIF,True,True,False,True,False,False,False
PLIN10M-SP,PLIN10M.SP,True,True,True,ACTIF,True,False,False,True,False,False,False
PLIN10M-SPA,PLIN10M.SPA,True,True,True,ACTIF,True,False,False,True,False,False,False
PLIN10MA,PLIN10MA,True,True,True,ACTIF,True,False,False,True,False,False,False
PLIN11-PC,PLIN11.PC,True,False,True,ACTIF,True,False,False,False,False,False,False
PLIN11-PCA,PLIN11.PCA,True,False,True,ACTIF,True,False,False,False,False,False,False
PLIN11-SP,PLIN11.SP,True,False,True,ACTIF,True,False,False,False,False,False,False
PLIN11-SPA,PLIN11.SPA,True,False,True,ACTIF,True,False,False,False,False,False,False
PLIN12,PLIN12,True,True,True,ACTIF,True,True,False,True,False,False,False
PLIN12A,PLIN12A,True,True,True,ACTIF,True,False,False,True,False,False,False
PLIN12LED,PLIN12LED,True,True,True,ACTIF,True,False,False,True,False,False,False
PLIN15,PLIN15,True,True,True,ACTIF,True,True,False,True,False,False,False
PLIN15A,PLIN15A,True,True,True,ACTIF,True,False,False,True,False,False,False
PLIN20,PLIN20,True,True,True,ACTIF,True,True,False,True,False,False,False
PLIN21,PLIN21,True,True,True,ACTIF,True,False,False,True,False,False,False
PLIN25-PC-SP,PLIN25.PC.SP,True,False,True,ACTIF,True,True,False,False,False,False,False
PLIN25-R,PLIN25.R,True,False,True,ACTIF,True,True,False,False,False,False,False
PLIN25-S,PLIN25.S,True,False,True,ACTIF,True,True,False,False,False,False,False
PLIN38,PLIN38,True,True,True,ACTIF,True,True,False,True,False,False,False
PLIN38-R,PLIN38.R,True,False,False,ACTIF,True,False,False,False,False,False,False
PLIN38-R-1,,False,True,False,,False,False,False,True,False,False,False
PLIN38-S,PLIN38.S,True,True,False,ACTIF,True,False,False,True,False,False,False
PLIN40-PC-SP,PLIN40.PC.SP,True,False,True,ACTIF,True,True,False,False,False,False,False
PLIN40-R,PLIN40.R,True,False,True,ACTIF,True,True,False,False,False,False,False
PLIN40-S,PLIN40.S,True,False,True,ACTIF,True,True,False,False,False,False,False
PLINAR10-SP,PLINAR10.SP,True,False,True,ACTIF,True,False,False,False,False,False,False
PLINAR10-SPA,PLINAR10.SPA,True,False,True,ACTIF,True,False,False,False,False,False,False
PLINCL12-PC,PLINCL12.PC,True,False,True,ACTIF,True,False,False,False,False,False,False
PLINCL12-PCA,PLINCL12.PCA,True,False,True,ACTIF,True,False,False,False,False,False,False
PLINLED12,PLINLED12,True,True,True,ACTIF,True,False,False,True,False,False,False
PLINT,,False,True,True,,False,False,False,True,False,False,False
PLINT10-PC,PLINT10.PC,True,False,True,ACTIF,True,False,False,False,False,False,False
PLINT10-PCA,PLINT10.PCA,True,True,True,ACTIF,True,False,False,True,False,False,False
PLINT10-SP,PLINT10.SP,True,True,True,ACTIF,True,False,False,True,False,False,False
PLINT10-SPA,PLINT10.SPA,True,False,True,ACTIF,True,False,False,False,False,False,False
PLINTA,,False,True,True,,False,False,False,True,False,False,False
PLINTHES,,False,True,False,,False,False,False,True,False,False,False
PLIP1012,PLIP1012,True,False,False,ACTIF,False,False,False,False,False,False,True
PLIP1017,PLIP1017,True,False,False,ACTIF,False,False,False,False,False,False,True
PLIP1019,PLIP1019,True,False,False,ACTIF,False,False,False,False,False,False,True
PLIP1024,PLIP1024,True,False,False,ACTIF,False,False,False,False,False,False,True
PLIP1032,PLIP1032,True,False,False,ACTIF,False,False,False,False,False,False,True
PLIP1212,PLIP1212,True,False,False,ACTIF,False,False,False,False,False,False,True
PLIP1217,PLIP1217,True,False,False,ACTIF,False,False,False,False,False,False,True
PLIP1219,PLIP1219,True,False,False,ACTIF,False,False,False,False,False,False,True
PLIP1224,PLIP1224,True,False,False,ACTIF,False,False,False,False,False,False,True
PLIP1232,PLIP1232,True,False,False,ACTIF,False,False,False,False,False,False,True
PMGR4,PMGR4,True,False,False,ACTIF,False,False,False,False,False,False,True
POT1,POT1,True,False,False,ACTIF,False,False,False,False,False,False,True
PROFILS-DE-FINITION,,False,True,False,,False,False,False,True,False,False,False
PROFILS-LED-925,,False,True,False,,False,False,False,True,False,False,False
R-BOLO-75,R.BOLO.75,True,False,False,ACTIF,False,False,False,False,False,False,True
R-COL-RES,,False,False,True,,False,False,False,False,False,False,True
R-FDV1,R.FDV1,True,False,False,ACTIF,False,False,False,False,False,False,True
R-GV800,R.GV800,True,False,True,ACTIF,True,False,False,False,False,False,False
R-LAM08,R.LAM08,True,False,False,ACTIF,False,False,False,False,False,False,True
R-LAM10,R.LAM10,True,False,False,ACTIF,False,False,False,False,False,False,True
R-LAM15,R.LAM15,True,False,False,ACTIF,False,False,False,False,False,False,True
R-PLACO40,R.PLACO40,True,False,False,ACTIF,False,True,False,False,False,False,False
R-PLACO55,R.PLACO55,True,False,False,ACTIF,False,True,False,False,False,False,False
R-PLAQ40,,False,False,True,,False,False,False,False,False,False,True
R-PLAQ40-346,,False,True,False,,False,False,False,True,False,False,False
R-PLAQ55,,False,False,True,,False,False,False,False,False,False,True
R-PLAQ55-347,,False,True,False,,False,False,False,True,False,False,False
R-STAFF40,R.STAFF40,True,False,True,ACTIF,False,True,False,False,False,False,False
R-STAFF40-348,,False,True,False,,False,False,False,True,False,False,False
R-STAFF55,R.STAFF55,True,False,True,ACTIF,False,True,False,False,False,False,False
R-STAFF55-349,,False,True,False,,False,False,False,True,False,False,False
R-TRELEC,,False,True,True,,False,False,False,True,False,False,False
R561,R561,True,False,True,ACTIF,False,False,False,False,False,False,True
R601,R601,True,False,True,ACTIF,False,False,False,False,False,False,True
R606,R606,True,False,True,ACTIF,False,False,False,False,False,False,True
R611,R611,True,False,True,ACTIF,False,False,False,False,False,False,True
R616,R616,True,False,True,ACTIF,False,False,False,False,False,False,True
R702,R702,True,False,True,ACTIF,False,False,False,False,False,False,True
R707,R707,True,False,True,ACTIF,False,False,False,False,False,False,True
RADIA1,,False,True,False,,False,False,False,True,False,False,False
RADIA1DOUBLE,RADIA1 double,True,False,False,ACTIF,True,True,True,False,False,False,False
RADIA1SIMPLE,RADIA 1 simple,True,False,False,ACTIF,True,True,True,False,False,False,False
RADIA2,,False,True,False,,False,False,False,True,False,False,False
RADIA2DOUBLE,RADIA2 double,True,False,False,ACTIF,True,True,True,False,False,False,False
RADIA2SIMPLE,RADIA2 simple,True,False,False,ACTIF,True,True,True,False,False,False,False
RES-1,RES.1,True,False,True,ACTIF,True,False,False,False,False,False,False
RES-1-4,RES.1.4,True,True,True,ACTIF,True,False,False,True,False,False,False
RES-1-857,,False,True,False,,False,False,False,True,False,False,False
RES-10,RES.10,True,True,False,ACTIF,True,False,False,True,False,False,False
RES-11,RES.11,True,True,False,ACTIF,True,False,False,True,False,False,False
RES-12,RES.12,True,True,False,ACTIF,True,False,False,True,False,False,False
RES-2,RES.2,True,False,True,ACTIF,False,False,False,False,False,False,True
RES-3,RES.3,True,False,True,ACTIF,False,False,False,False,False,False,True
RES-4,RES.4,True,False,True,ACTIF,True,False,False,False,False,False,False
RES-4-860,,False,True,False,,False,False,False,True,False,False,False
RES-5,RES.5,True,False,True,ACTIF,True,False,False,False,False,False,False
RES-5-861,,False,True,False,,False,False,False,True,False,False,False
RES-6,RES.6,True,False,False,ACTIF,True,False,False,False,False,False,False
RES-6-969,,False,True,False,,False,False,False,True,False,False,False
RES-7,RES.7,True,False,False,ACTIF,True,False,False,False,False,False,False
RES-7-984,,False,True,False,,False,False,False,True,False,False,False
RES-8,RES.8,True,False,False,ACTIF,True,False,False,False,False,False,False
RES-8-985,,False,True,False,,False,False,False,True,False,False,False
RES-9,RES.9,True,True,False,ACTIF,True,False,False,True,False,False,False
ROSACES,,False,True,False,,False,False,False,True,False,False,False
S-908-420,,False,True,False,,False,False,False,True,False,False,False
S-908A-421,,False,True,False,,False,False,False,True,False,False,False
S562,S562,True,False,True,ACTIF,False,False,False,False,False,False,True
S601,S601,True,False,True,ACTIF,False,False,False,False,False,False,True
S606,S606,True,False,True,ACTIF,False,False,False,False,False,False,True
S611,S611,True,False,True,ACTIF,False,False,False,False,False,False,True
S616,S616,True,False,True,ACTIF,False,False,False,False,False,False,True
S702,S702,True,False,True,ACTIF,False,False,False,False,False,False,True
S707,S707,True,False,True,ACTIF,False,False,False,False,False,False,True
S908,S908,True,False,False,ACTIF,True,True,False,False,False,False,False
S908A,S908A,True,False,False,ACTIF,True,True,False,False,False,False,False
S91-01,S91.01,True,False,False,ACTIF,False,False,False,False,False,False,True
S91-02,S91.02,True,False,False,ACTIF,False,False,False,False,False,False,True
S91-03,S91.03,True,False,False,ACTIF,False,False,False,False,False,False,True
S91-04,S91.04,True,False,False,ACTIF,False,False,False,False,False,False,True
S91-05,S91.05,True,False,False,ACTIF,False,False,False,False,False,False,True
S91-06,S91.06,True,False,False,ACTIF,False,False,False,False,False,False,True
S91-07,S91.07,True,False,False,ACTIF,False,False,False,False,False,False,True
SD-PRES1/2/3,SD-PRES1/2/3,True,False,False,ACTIF,False,False,False,False,False,False,True
SD7042,SD7042,True,False,True,ACTIF,True,True,True,False,False,False,False
SD7042-HARLEM,,False,True,False,,False,False,False,True,False,False,False
SD7042-HARLEM-317,,False,True,False,,False,False,False,True,False,False,False
SD7043,SD7043,True,False,True,ACTIF,True,False,False,False,False,False,False
SD7044,SD7044,True,False,True,ACTIF,True,False,False,False,False,False,False
SD7045,SD7045,True,True,True,ACTIF,True,False,False,True,False,False,False
SD7045-LUNA-PARK,,False,True,False,,False,False,False,True,False,False,False
SD7046,SD7046,True,False,True,ACTIF,True,False,False,False,False,False,False
SD7046-5EMEAVENUE-319,,False,True,False,,False,False,False,True,False,False,False
SD7047,SD7047,True,False,True,ACTIF,True,True,True,False,False,False,False
SD7047-SOHO-320,,False,True,False,,False,False,False,True,False,False,False
SD7052,SD7052,True,False,True,ACTIF,True,False,False,False,False,False,False
SD7052-SQUARE-GARDEN-194,,False,True,False,,False,False,False,True,False,False,False
SD7054,SD7054,True,False,True,ACTIF,True,False,False,False,False,False,False
SD7055,SD7055,True,False,True,ACTIF,True,False,False,False,False,False,False
SD7056,SD7056,True,False,True,ACTIF,True,False,False,False,False,False,False
SD7057,SD7057,True,False,True,ACTIF,False,False,False,False,False,False,True
SD7500,SD7500,True,False,True,ACTIF,True,False,True,False,False,False,False
SD7501,SD7501,True,False,True,ACTIF,True,False,True,False,False,False,False
SD7502,SD7502,True,False,True,ACTIF,True,True,True,False,False,False,False
SD7503,SD7503,True,False,True,ACTIF,True,True,True,False,False,False,False
SD7503-EVERGLADES-193,,False,True,False,,False,False,False,True,False,False,False
SD7504,SD7504,True,False,True,ACTIF,True,True,False,False,False,False,False
SD7504-ORLANDO-192,,False,True,False,,False,False,False,True,False,False,False
SDC1,SDC1,True,True,True,ACTIF,True,True,False,True,False,False,False
SDC1-1,,False,True,False,,False,False,False,True,False,False,False
SDC2,SDC2,True,True,True,ACTIF,True,True,False,True,False,False,False
SDPA1,SDPA1,True,True,True,ACTIF,True,False,False,True,False,False,False
SDPA2,SDPA2,True,True,True,ACTIF,True,False,True,True,False,False,False
SDPA3,SDPA3,True,True,True,ACTIF,True,False,False,True,False,False,False
SDPA4,SDPA4,True,True,True,ACTIF,True,False,False,True,False,False,False
SOUBASSEMENTS,,False,True,False,,False,False,False,True,False,False,False
SV577,SV577,True,True,False,ACTIF,True,False,False,True,False,False,False
SV748,SV748,True,True,False,ACTIF,True,False,False,True,False,False,False
T-CAPITON-316,,False,True,False,,False,False,False,True,False,False,False
T-CAPITON165,T.CAPITON165,True,False,True,ACTIF,True,False,False,False,False,False,False
T-CAPITON180,T.CAPITON180,True,False,True,ACTIF,True,False,False,False,False,False,False
T-OCEAN-200,,False,True,False,,False,False,False,True,False,False,False
T-OCEAN160,T.OCEAN160,True,False,True,ACTIF,True,False,False,False,False,False,False
T-OCEAN180,T.OCEAN180,True,False,True,ACTIF,True,False,False,False,False,False,False
T-SAHARA-201,,False,True,False,,False,False,False,True,False,False,False
T-SAHARA140,T.SAHARA140,True,False,True,ACTIF,True,False,False,False,False,False,False
T-SAHARA160,T.SAHARA160,True,False,True,ACTIF,True,False,False,False,False,False,False
T-SAHARA180,T.SAHARA180,True,False,True,ACTIF,True,False,False,False,False,False,False
T12RES,,False,False,True,,False,False,False,False,False,False,True
TAL-MAR,,False,False,True,,False,False,False,False,False,False,True
TAL10,,False,False,True,,False,False,False,False,False,False,True
TAL1165,,False,False,True,,False,False,False,False,False,False,True
TAL12,TAL12,True,False,True,ACTIF,False,False,False,False,False,False,True
TAL12RES,TAL12RES,True,False,False,ACTIF,True,True,False,False,False,False,False
TAL12RES-690,,False,True,False,,False,False,False,True,False,False,False
TAL1343,TAL1343,True,True,True,ACTIF,False,False,False,True,False,False,False
TAL14,TAL14,True,False,True,ACTIF,False,False,False,False,False,False,True
TAL17,TAL17,True,False,True,ACTIF,False,False,False,False,False,False,True
TAL20,TAL20,True,True,True,ACTIF,False,False,False,True,False,False,False
TAL26,TAL26,True,False,True,ACTIF,False,True,False,False,False,False,False
TAL41,TAL41,True,True,True,ACTIF,False,True,False,True,False,False,False
TAL44,TAL44,True,False,True,ACTIF,False,False,False,False,False,False,True
TAL9304,,False,False,True,,False,False,False,False,False,False,True
TALGM,,False,False,True,,False,False,False,False,False,False,True
TALONS,,False,True,False,,False,False,False,True,False,False,False
TALP,,False,False,True,,False,False,False,False,False,False,True
TALPB,,False,False,True,,False,False,False,False,False,False,True
TALSP,,False,False,True,,False,False,False,False,False,False,True
TRAPPES-DE-VISITE,,False,True,False,,False,False,False,True,False,False,False
U-495,,False,True,False,,False,False,False,True,False,False,False
U107,U107,True,False,False,ACTIF,False,False,False,False,False,False,True
U1910,U1910,True,True,True,ACTIF,True,True,False,True,False,False,False
U1925,U1925,True,False,True,ACTIF,True,True,False,False,False,False,False
U2410,U2410,True,False,True,ACTIF,True,True,False,False,False,False,False
U2410-497,,False,True,False,,False,False,False,True,False,False,False
U2425,U2425,True,True,True,ACTIF,True,True,False,True,False,False,False
U3210,U3210,True,True,True,ACTIF,True,True,False,True,False,False,False
U3225,U3225,True,True,True,ACTIF,True,True,False,True,False,False,False
UF1005,UF1005,True,False,True,ACTIF,True,True,False,False,False,False,False
US0740,US0740,True,False,True,ACTIF,True,True,False,False,False,False,False
US0740-418,,False,True,False,,False,False,False,True,False,False,False
US1040,US1040,True,False,True,ACTIF,True,True,False,False,False,False,False
US1040-419,,False,True,False,,False,False,False,True,False,False,False
VAGUE-DE-SEPARATION-D577-199,,False,True,False,,False,False,False,True,False,False,False
VAGUEDESEPARATIOND577,VAGUE DE SEPARATION D577,True,False,False,ACTIF,True,True,False,False,False,False,False
VASE1800,VASE1800,True,False,False,ACTIF,True,True,False,False,False,False,False
VASE1800-350,,False,True,False,,False,False,False,True,False,False,False
VER56,VER56,True,False,False,ACTIF,False,False,False,False,False,False,True
VER90,VER90,True,False,False,ACTIF,False,False,False,False,False,False,True
X-C090,X.C090,True,False,True,ACTIF,True,False,False,False,False,False,False
X-D150,X.D150,True,False,True,ACTIF,True,False,False,False,False,False,False
X-L150,X.L150,True,False,True,ACTIF,True,False,False,False,False,False,False
X-R050,X.R050,True,False,True,ACTIF,True,False,False,False,False,False,False
X-R100,X.R100,True,False,True,ACTIF,True,False,False,False,False,False,False
X-R200,X.R200,True,False,True,ACTIF,True,False,False,False,False,False,False
X-T090,,False,False,True,,False,False,False,False,False,False,True
XC090,,False,True,False,,False,False,False,True,False,False,False
XD150,,False,True,False,,False,False,False,True,False,False,False
XL150-1,,False,True,False,,False,False,False,True,False,False,False
XR050,,False,True,False,,False,False,False,True,False,False,False
XR100,,False,True,False,,False,False,False,True,False,False,False
XR200,,False,True,False,,False,False,False,True,False,False,False
