sku,filename,ext,size,download_url,reference_url
d718,D718.rfa,rfa,221.18 Ko,https://ged.staffdecor.fr/download/927,https://ged.staffdecor.fr/reference/d718
jc43-21p-221,JC43.21P.jpg,jpg,65.47 Ko,https://ged.staffdecor.fr/download/6688,https://ged.staffdecor.fr/reference/jc43-21p-221
1130,Rendu_1130.png,png,814.59 Ko,https://ged.staffdecor.fr/download/3979,https://ged.staffdecor.fr/reference/1130
pl601-90a-372,PL601.90A.rfa,rfa,1.74 Mo,https://ged.staffdecor.fr/download/1452,https://ged.staffdecor.fr/reference/pl601-90a-372
1207e,Moulure-1207 E.pdf,pdf,49.02 Ko,https://ged.staffdecor.fr/download/4644,https://ged.staffdecor.fr/reference/1207e
pl403,Plafonniers - PL403.png,png,67.31 Ko,https://ged.staffdecor.fr/download/6537,https://ged.staffdecor.fr/reference/pl403
9315c,Moulures - 9315C.skp,skp,229.52 Ko,https://ged.staffdecor.fr/download/5600,https://ged.staffdecor.fr/reference/9315c
sdc2,SDC2-High-Line 2.rfa,rfa,335.87 Ko,https://ged.staffdecor.fr/download/1598,https://ged.staffdecor.fr/reference/sdc2
45-55,45-55.stp,stp,40.79 Ko,https://ged.staffdecor.fr/download/2528,https://ged.staffdecor.fr/reference/45-55
m048,Rosaces - M048.stl,stl,5.13 Mo,https://ged.staffdecor.fr/download/6733,https://ged.staffdecor.fr/reference/m048
7075,7075-Caro.jpg,jpg,65.21 Ko,https://ged.staffdecor.fr/download/2310,https://ged.staffdecor.fr/reference/7075
d616a,Corniche - D616A.skp,skp,8.78 Mo,https://ged.staffdecor.fr/download/6029,https://ged.staffdecor.fr/reference/d616a
d880,Corniches-D880.pdf,pdf,49.83 Ko,https://ged.staffdecor.fr/download/4452,https://ged.staffdecor.fr/reference/d880
1415,1415 copie.jpg,jpg,1.03 Mo,https://ged.staffdecor.fr/download/5400,https://ged.staffdecor.fr/reference/1415
3907,Frontons - 3907.stl,stl,2.5 Mo,https://ged.staffdecor.fr/download/7072,https://ged.staffdecor.fr/reference/3907
30-02-391,Colonne-Ø15-socle-chapiteau.rfa,rfa,536.57 Ko,https://ged.staffdecor.fr/download/1663,https://ged.staffdecor.fr/reference/30-02-391
d564,D564.rfa,rfa,221.18 Ko,https://ged.staffdecor.fr/download/922,https://ged.staffdecor.fr/reference/d564
7072,7072 Capiton.stp,stp,247.58 Ko,https://ged.staffdecor.fr/download/727,https://ged.staffdecor.fr/reference/7072
d709,D709.stp,stp,17.65 Ko,https://ged.staffdecor.fr/download/1164,https://ged.staffdecor.fr/reference/d709
e1520i,E1520I.rfa,rfa,217.08 Ko,https://ged.staffdecor.fr/download/1789,https://ged.staffdecor.fr/reference/e1520i
pl201,PL201.stp,stp,2.51 Mo,https://ged.staffdecor.fr/download/1332,https://ged.staffdecor.fr/reference/pl201
enc31,ENC31.jpg,jpg,91.93 Ko,https://ged.staffdecor.fr/download/2197,https://ged.staffdecor.fr/reference/enc31
9203,Lambris_décaisses_paramétrable.rfa,rfa,409.6 Ko,https://ged.staffdecor.fr/download/869,https://ged.staffdecor.fr/reference/9203
1156,1156.rfa,rfa,233.47 Ko,https://ged.staffdecor.fr/download/1715,https://ged.staffdecor.fr/reference/1156
moas,MOAS.stp,stp,21.26 Ko,https://ged.staffdecor.fr/download/1545,https://ged.staffdecor.fr/reference/moas
d896,D896.stp,stp,60.97 Ko,https://ged.staffdecor.fr/download/988,https://ged.staffdecor.fr/reference/d896
d606,Corniches - D606.max,max,929.79 Ko,https://ged.staffdecor.fr/download/4780,https://ged.staffdecor.fr/reference/d606
1209,1209.max,max,851.96 Ko,https://ged.staffdecor.fr/download/4002,https://ged.staffdecor.fr/reference/1209
d650a,Corniches - D650A.stl,stl,2.47 Mo,https://ged.staffdecor.fr/download/6869,https://ged.staffdecor.fr/reference/d650a
d607,D607.stp,stp,29.1 Ko,https://ged.staffdecor.fr/download/990,https://ged.staffdecor.fr/reference/d607
d650l,Corniche - D650L.skp,skp,332.57 Ko,https://ged.staffdecor.fr/download/6242,https://ged.staffdecor.fr/reference/d650l
bp30p,BP30P.rfa,rfa,233.47 Ko,https://ged.staffdecor.fr/download/2720,https://ged.staffdecor.fr/reference/bp30p
d626,D626.jpg,jpg,611.01 Ko,https://ged.staffdecor.fr/download/254,https://ged.staffdecor.fr/reference/d626
d563,D563_rendu.png,png,7.95 Mo,https://ged.staffdecor.fr/download/3556,https://ged.staffdecor.fr/reference/d563
pl-bas2-p-914,Puits de lumière - PL.BAS2.P.png,png,138.69 Ko,https://ged.staffdecor.fr/download/6606,https://ged.staffdecor.fr/reference/pl-bas2-p-914
1124,1124.max,max,851.96 Ko,https://ged.staffdecor.fr/download/3984,https://ged.staffdecor.fr/reference/1124
plin15,PLIN15.max,max,1.19 Mo,https://ged.staffdecor.fr/download/3850,https://ged.staffdecor.fr/reference/plin15
9043,Gamme 9040 à finir motif 80 cm.pdf,pdf,100.56 Ko,https://ged.staffdecor.fr/download/4374,https://ged.staffdecor.fr/reference/9043
20-56s-399,20-56S.jpg,jpg,66.58 Ko,https://ged.staffdecor.fr/download/2717,https://ged.staffdecor.fr/reference/20-56s-399
d905h,Corniches - D905H.stl,stl,19.68 Ko,https://ged.staffdecor.fr/download/6944,https://ged.staffdecor.fr/reference/d905h
pl601-45d-374,PL601-45D.stp,stp,743.57 Ko,https://ged.staffdecor.fr/download/1461,https://ged.staffdecor.fr/reference/pl601-45d-374
plip1212,Plinthes-PLIP1212.pdf,pdf,50.53 Ko,https://ged.staffdecor.fr/download/6175,https://ged.staffdecor.fr/reference/plip1212
pl319-578,Plafonniers - PL319.skp,skp,1.96 Mo,https://ged.staffdecor.fr/download/6518,https://ged.staffdecor.fr/reference/pl319-578
1107p,1107P.jpg,jpg,57.25 Ko,https://ged.staffdecor.fr/download/2055,https://ged.staffdecor.fr/reference/1107p
d891,D891.jpg,jpg,613.19 Ko,https://ged.staffdecor.fr/download/302,https://ged.staffdecor.fr/reference/d891
m068,M068.jpg,jpg,7.46 Mo,https://ged.staffdecor.fr/download/5336,https://ged.staffdecor.fr/reference/m068
bl170a90i-721,Profil LED -BL170A90I.pdf,pdf,64.7 Ko,https://ged.staffdecor.fr/download/5462,https://ged.staffdecor.fr/reference/bl170a90i-721
d705,Corniches - D705.skp,skp,222.34 Ko,https://ged.staffdecor.fr/download/5637,https://ged.staffdecor.fr/reference/d705
m302,Rosace - M302.skp,skp,4.79 Mo,https://ged.staffdecor.fr/download/6054,https://ged.staffdecor.fr/reference/m302
bl132,Profils LED - BL132.stl,stl,3.83 Ko,https://ged.staffdecor.fr/download/7109,https://ged.staffdecor.fr/reference/bl132
tal1343,TAL1343.pdf,pdf,74.84 Ko,https://ged.staffdecor.fr/download/3122,https://ged.staffdecor.fr/reference/tal1343
bp-pf2-214,BP.PF2.rfa,rfa,237.56 Ko,https://ged.staffdecor.fr/download/1306,https://ged.staffdecor.fr/reference/bp-pf2-214
plip1217,Plinthes-PLIP1217.pdf,pdf,50.66 Ko,https://ged.staffdecor.fr/download/6179,https://ged.staffdecor.fr/reference/plip1217
pl102,PL102.rfa,rfa,274.43 Ko,https://ged.staffdecor.fr/download/1269,https://ged.staffdecor.fr/reference/pl102
plinar10-spa,Plinthe-PLINAR10.SP et PLINAR10.SPA.pdf,pdf,33.02 Ko,https://ged.staffdecor.fr/download/4609,https://ged.staffdecor.fr/reference/plinar10-spa
moe90,MODULOSTAFF.pdf,pdf,1.13 Mo,https://ged.staffdecor.fr/download/2007,https://ged.staffdecor.fr/reference/moe90
0732,Niches - 0732.skp,skp,3.16 Mo,https://ged.staffdecor.fr/download/6481,https://ged.staffdecor.fr/reference/0732
plin15a,Plinthe-PLIN15 et PLIN15A.pdf,pdf,32.83 Ko,https://ged.staffdecor.fr/download/4603,https://ged.staffdecor.fr/reference/plin15a
d615,Corniches - D615.stl,stl,111.48 Ko,https://ged.staffdecor.fr/download/6846,https://ged.staffdecor.fr/reference/d615
6200,Niches - 6200.stl,stl,1.48 Ko,https://ged.staffdecor.fr/download/7066,https://ged.staffdecor.fr/reference/6200
d846-1,Corniche - D846.skp,skp,124.91 Mo,https://ged.staffdecor.fr/download/6920,https://ged.staffdecor.fr/reference/d846-1
d515,Corniche - D515.skp,skp,322.69 Ko,https://ged.staffdecor.fr/download/6233,https://ged.staffdecor.fr/reference/d515
bp20-879,Profils - BP20.max,max,782.33 Ko,https://ged.staffdecor.fr/download/5470,https://ged.staffdecor.fr/reference/bp20-879
1103bh,Moulure-1103 BH.pdf,pdf,54.47 Ko,https://ged.staffdecor.fr/download/4630,https://ged.staffdecor.fr/reference/1103bh
20-06-29,Colonne-Ø10-socle-collerette.rfa,rfa,372.73 Ko,https://ged.staffdecor.fr/download/1757,https://ged.staffdecor.fr/reference/20-06-29
m605,Rosace - M605.skp,skp,4.1 Mo,https://ged.staffdecor.fr/download/7029,https://ged.staffdecor.fr/reference/m605
plin40-r,Plinthes - PLIN40.PC.SP.png,png,4.17 Mo,https://ged.staffdecor.fr/download/6183,https://ged.staffdecor.fr/reference/plin40-r
1344,1344.rfa,rfa,221.18 Ko,https://ged.staffdecor.fr/download/2067,https://ged.staffdecor.fr/reference/1344
1324,Rendu_1324.png,png,451.58 Ko,https://ged.staffdecor.fr/download/3961,https://ged.staffdecor.fr/reference/1324
e2030i,E2030I.stp,stp,11.34 Ko,https://ged.staffdecor.fr/download/1924,https://ged.staffdecor.fr/reference/e2030i
d652,D652.rfa,rfa,229.37 Ko,https://ged.staffdecor.fr/download/946,https://ged.staffdecor.fr/reference/d652
orn2g-822,Ornements - ORN2G.stl,stl,2.5 Mo,https://ged.staffdecor.fr/download/7043,https://ged.staffdecor.fr/reference/orn2g-822
d574-1,D574.jpg,jpg,612.39 Ko,https://ged.staffdecor.fr/download/217,https://ged.staffdecor.fr/reference/d574-1
d520,D520.stp,stp,36.58 Ko,https://ged.staffdecor.fr/download/982,https://ged.staffdecor.fr/reference/d520
d713-131,Corniches - D713.stl,stl,24.28 Ko,https://ged.staffdecor.fr/download/6891,https://ged.staffdecor.fr/reference/d713-131
d122,D122.obj,obj,4.02 Ko,https://ged.staffdecor.fr/download/4312,https://ged.staffdecor.fr/reference/d122
1101-1108,Moulure-1101.pdf,pdf,49.58 Ko,https://ged.staffdecor.fr/download/4622,https://ged.staffdecor.fr/reference/1101-1108
1213-10,Moulures - 1213.skp,skp,1.09 Mo,https://ged.staffdecor.fr/download/6594,https://ged.staffdecor.fr/reference/1213-10
d835,D835.rfa,rfa,229.37 Ko,https://ged.staffdecor.fr/download/840,https://ged.staffdecor.fr/reference/d835
1210,1210.jpg,jpg,106.33 Ko,https://ged.staffdecor.fr/download/1732,https://ged.staffdecor.fr/reference/1210
d610,D610.skp,skp,92.2 Ko,https://ged.staffdecor.fr/download/3715,https://ged.staffdecor.fr/reference/d610
9304,Moulures - 9304.stp,stp,23.2 Ko,https://ged.staffdecor.fr/download/5344,https://ged.staffdecor.fr/reference/9304
d844,Corniches - D844.stl,stl,14.83 Mo,https://ged.staffdecor.fr/download/6916,https://ged.staffdecor.fr/reference/d844
plincl12-pca,PLINCL12.PCA.max,max,839.68 Ko,https://ged.staffdecor.fr/download/3847,https://ged.staffdecor.fr/reference/plincl12-pca
d608,D608.rfa,rfa,229.37 Ko,https://ged.staffdecor.fr/download/956,https://ged.staffdecor.fr/reference/d608
1321,Moulures - 1321.stl,stl,5.52 Mo,https://ged.staffdecor.fr/download/7176,https://ged.staffdecor.fr/reference/1321
d108-1,Corniche - D108.skp,skp,279.68 Ko,https://ged.staffdecor.fr/download/5560,https://ged.staffdecor.fr/reference/d108-1
sd7057,SD7057.jpg,jpg,675.41 Ko,https://ged.staffdecor.fr/download/2223,https://ged.staffdecor.fr/reference/sd7057
plin38,Plinthes-PLIN38.pdf,pdf,140.02 Ko,https://ged.staffdecor.fr/download/6195,https://ged.staffdecor.fr/reference/plin38
d901,Corniches-D901.pdf,pdf,49.05 Ko,https://ged.staffdecor.fr/download/4489,https://ged.staffdecor.fr/reference/d901
d815,D815.jpg,jpg,613.01 Ko,https://ged.staffdecor.fr/download/288,https://ged.staffdecor.fr/reference/d815
1156,1156.stp,stp,18.97 Ko,https://ged.staffdecor.fr/download/1717,https://ged.staffdecor.fr/reference/1156
1107,1107.stp,stp,24.19 Ko,https://ged.staffdecor.fr/download/1698,https://ged.staffdecor.fr/reference/1107
30-10,30-10.stp,stp,15.37 Ko,https://ged.staffdecor.fr/download/2584,https://ged.staffdecor.fr/reference/30-10
6032,6030-31-32-montage.jpg,jpg,649.94 Ko,https://ged.staffdecor.fr/download/2276,https://ged.staffdecor.fr/reference/6032
bl140,BL140.rfa,rfa,237.56 Ko,https://ged.staffdecor.fr/download/822,https://ged.staffdecor.fr/reference/bl140
d631,Corniches - D631.stl,stl,5.88 Ko,https://ged.staffdecor.fr/download/6864,https://ged.staffdecor.fr/reference/d631
bl132,BL132.pdf,pdf,54.29 Ko,https://ged.staffdecor.fr/download/2947,https://ged.staffdecor.fr/reference/bl132
sdc2,SDC2.pdf,pdf,75.68 Ko,https://ged.staffdecor.fr/download/3225,https://ged.staffdecor.fr/reference/sdc2
98530,98530.jpg,jpg,104.3 Ko,https://ged.staffdecor.fr/download/651,https://ged.staffdecor.fr/reference/98530
1364,1364.stp,stp,16.78 Ko,https://ged.staffdecor.fr/download/4705,https://ged.staffdecor.fr/reference/1364
d108-1,D108.stp,stp,234.08 Ko,https://ged.staffdecor.fr/download/803,https://ged.staffdecor.fr/reference/d108-1
1405,Rosaces - 1405.pdf,pdf,63.65 Ko,https://ged.staffdecor.fr/download/5544,https://ged.staffdecor.fr/reference/1405
d748,Corniches - D748.skp,skp,239.96 Ko,https://ged.staffdecor.fr/download/5629,https://ged.staffdecor.fr/reference/d748
mods,MODS.jpg,jpg,48.04 Ko,https://ged.staffdecor.fr/download/2030,https://ged.staffdecor.fr/reference/mods
pl613,PL613-2.jpg,jpg,186.63 Ko,https://ged.staffdecor.fr/download/2232,https://ged.staffdecor.fr/reference/pl613
20-82,20-82.jpg,jpg,624.38 Ko,https://ged.staffdecor.fr/download/92,https://ged.staffdecor.fr/reference/20-82
plin10a-1,Plinthes - PLIN10A.png,png,4.2 Mo,https://ged.staffdecor.fr/download/6144,https://ged.staffdecor.fr/reference/plin10a-1
r-staff55-349,Trappes - R.STAFF55.pdf,pdf,79.18 Ko,https://ged.staffdecor.fr/download/5835,https://ged.staffdecor.fr/reference/r-staff55-349
enc04,ENC04-SP.jpg,jpg,64.68 Ko,https://ged.staffdecor.fr/download/377,https://ged.staffdecor.fr/reference/enc04
1382,Moulures - 1382.pdf,pdf,56.4 Ko,https://ged.staffdecor.fr/download/5691,https://ged.staffdecor.fr/reference/1382
1201,1201.stp,stp,22.17 Ko,https://ged.staffdecor.fr/download/2340,https://ged.staffdecor.fr/reference/1201
moe120,MOE45-60-90-120.rfa,rfa,409.6 Ko,https://ged.staffdecor.fr/download/1995,https://ged.staffdecor.fr/reference/moe120
ebp1030,EBP1030.jpg,jpg,2.39 Mo,https://ged.staffdecor.fr/download/2846,https://ged.staffdecor.fr/reference/ebp1030
d704,Corniches - D704.skp,skp,242.76 Ko,https://ged.staffdecor.fr/download/5636,https://ged.staffdecor.fr/reference/d704
enc21,ENC21.jpg,jpg,63.66 Ko,https://ged.staffdecor.fr/download/380,https://ged.staffdecor.fr/reference/enc21
1102,Moulures - 1102.skp,skp,279.09 Ko,https://ged.staffdecor.fr/download/5643,https://ged.staffdecor.fr/reference/1102
plip1212,Plinthes - PLIP1212.png,png,501.58 Ko,https://ged.staffdecor.fr/download/6463,https://ged.staffdecor.fr/reference/plip1212
1206-459,1206.rfa,rfa,233.47 Ko,https://ged.staffdecor.fr/download/2344,https://ged.staffdecor.fr/reference/1206-459
d574-1,D574.rfa,rfa,225.28 Ko,https://ged.staffdecor.fr/download/945,https://ged.staffdecor.fr/reference/d574-1
d652a,Corniches-D652.pdf,pdf,49.98 Ko,https://ged.staffdecor.fr/download/4513,https://ged.staffdecor.fr/reference/d652a
d118-1,D118.rfa,rfa,233.47 Ko,https://ged.staffdecor.fr/download/2411,https://ged.staffdecor.fr/reference/d118-1
orn4g-1025,Ornement - ORN.4G.skp,skp,13.14 Mo,https://ged.staffdecor.fr/download/6417,https://ged.staffdecor.fr/reference/orn4g-1025
50-051,Caissons de plafonds - 50.051 Classique.pdf,pdf,62.98 Ko,https://ged.staffdecor.fr/download/5857,https://ged.staffdecor.fr/reference/50-051
m060,Rosace - M060.skp,skp,5.74 Mo,https://ged.staffdecor.fr/download/6061,https://ged.staffdecor.fr/reference/m060
plin10,PLIN10.max,max,1.03 Mo,https://ged.staffdecor.fr/download/3778,https://ged.staffdecor.fr/reference/plin10
1166,Rendu_1166.png,png,662.89 Ko,https://ged.staffdecor.fr/download/3963,https://ged.staffdecor.fr/reference/1166
d820,D820_rendu.png,png,8.32 Mo,https://ged.staffdecor.fr/download/3363,https://ged.staffdecor.fr/reference/d820
30-56,Demies-colonnes lisses.rfa,rfa,290.81 Ko,https://ged.staffdecor.fr/download/2578,https://ged.staffdecor.fr/reference/30-56
d618,Corniches - D618.skp,skp,261.8 Ko,https://ged.staffdecor.fr/download/5639,https://ged.staffdecor.fr/reference/d618
sd7045,SD7045-Luna-Park.rfa,rfa,4.23 Mo,https://ged.staffdecor.fr/download/1582,https://ged.staffdecor.fr/reference/sd7045
pl-puits3-172,PL-PUITS3.rfa,rfa,286.72 Ko,https://ged.staffdecor.fr/download/2102,https://ged.staffdecor.fr/reference/pl-puits3-172
d889,Corniches - D889.max,max,304 Mo,https://ged.staffdecor.fr/download/4822,https://ged.staffdecor.fr/reference/d889
orn9-820,Ornements - ORN9.stl,stl,2.5 Mo,https://ged.staffdecor.fr/download/7033,https://ged.staffdecor.fr/reference/orn9-820
plin40-r-734,PLIN40.PC.SP.png,png,4.17 Mo,https://ged.staffdecor.fr/download/4222,https://ged.staffdecor.fr/reference/plin40-r-734
cache-radiateur,Cache radiateurs.dwg,dwg,324.87 Ko,https://ged.staffdecor.fr/download/6730,https://ged.staffdecor.fr/reference/cache-radiateur
d616,D616_rendu.png,png,8.54 Mo,https://ged.staffdecor.fr/download/3587,https://ged.staffdecor.fr/reference/d616
e1020i,E1020I.rfa,rfa,217.08 Ko,https://ged.staffdecor.fr/download/1790,https://ged.staffdecor.fr/reference/e1020i
d706,Corniche - D706.skp,skp,291.15 Ko,https://ged.staffdecor.fr/download/6244,https://ged.staffdecor.fr/reference/d706
0710,0710.stp,stp,987.98 Ko,https://ged.staffdecor.fr/download/2806,https://ged.staffdecor.fr/reference/0710
9315c-1,9315C.jpg,jpg,68.47 Ko,https://ged.staffdecor.fr/download/3884,https://ged.staffdecor.fr/reference/9315c-1
d568,Corniche - D568.skp,skp,293.25 Ko,https://ged.staffdecor.fr/download/6237,https://ged.staffdecor.fr/reference/d568
9205,Lambris_décaisses_paramétrable.rfa,rfa,409.6 Ko,https://ged.staffdecor.fr/download/861,https://ged.staffdecor.fr/reference/9205
bl131,BL131-rendu.png,png,1.5 Mo,https://ged.staffdecor.fr/download/3695,https://ged.staffdecor.fr/reference/bl131
d710,Corniches-D710.pdf,pdf,49.84 Ko,https://ged.staffdecor.fr/download/4578,https://ged.staffdecor.fr/reference/d710
plint10-sp,PLINT10.SP.max,max,802.81 Ko,https://ged.staffdecor.fr/download/3798,https://ged.staffdecor.fr/reference/plint10-sp
chevet1,Chevet1.pdf,pdf,55.24 Ko,https://ged.staffdecor.fr/download/3393,https://ged.staffdecor.fr/reference/chevet1
1201,Rendu_1201.png,png,565.42 Ko,https://ged.staffdecor.fr/download/4003,https://ged.staffdecor.fr/reference/1201
d105a-b,D105A_rendu.png,png,6.88 Mo,https://ged.staffdecor.fr/download/3169,https://ged.staffdecor.fr/reference/d105a-b
d573,Corniches-D573.pdf,pdf,48.98 Ko,https://ged.staffdecor.fr/download/4467,https://ged.staffdecor.fr/reference/d573
bl132,Profils LED - BL132.skp,skp,63.19 Mo,https://ged.staffdecor.fr/download/7110,https://ged.staffdecor.fr/reference/bl132
9003,Soubassement - 9003.skp,skp,295.08 Ko,https://ged.staffdecor.fr/download/6066,https://ged.staffdecor.fr/reference/9003
plin11-pca-665,PLIN11.PCA.max,max,892.92 Ko,https://ged.staffdecor.fr/download/3818,https://ged.staffdecor.fr/reference/plin11-pca-665
d100,Corniches-D100.pdf,pdf,49.29 Ko,https://ged.staffdecor.fr/download/4551,https://ged.staffdecor.fr/reference/d100
1344,Moulures - 1344.skp,skp,244.62 Ko,https://ged.staffdecor.fr/download/5605,https://ged.staffdecor.fr/reference/1344
d882b,Corniches-D882B.pdf,pdf,62.67 Ko,https://ged.staffdecor.fr/download/4535,https://ged.staffdecor.fr/reference/d882b
d878,Corniches-D878.pdf,pdf,50.83 Ko,https://ged.staffdecor.fr/download/4531,https://ged.staffdecor.fr/reference/d878
ebp0525p,EBP0525P.rfa,rfa,233.47 Ko,https://ged.staffdecor.fr/download/1314,https://ged.staffdecor.fr/reference/ebp0525p
r-plaq55-347,R.PLAQ55.stp,stp,825.18 Ko,https://ged.staffdecor.fr/download/6667,https://ged.staffdecor.fr/reference/r-plaq55-347
1204,Rendu_1204.png,png,452.36 Ko,https://ged.staffdecor.fr/download/3933,https://ged.staffdecor.fr/reference/1204
6031,6030-31-32-montage.jpg,jpg,649.94 Ko,https://ged.staffdecor.fr/download/2274,https://ged.staffdecor.fr/reference/6031
d570,D570_rendu.png,png,7.68 Mo,https://ged.staffdecor.fr/download/3560,https://ged.staffdecor.fr/reference/d570
1220-1,Moulure-1220.pdf,pdf,49.85 Ko,https://ged.staffdecor.fr/download/4680,https://ged.staffdecor.fr/reference/1220-1
1401,1401 (3) copie.jpg,jpg,640.25 Ko,https://ged.staffdecor.fr/download/5406,https://ged.staffdecor.fr/reference/1401
d561,D561.rfa,rfa,221.18 Ko,https://ged.staffdecor.fr/download/996,https://ged.staffdecor.fr/reference/d561
sd7046-5emeavenue-319,SD7046.rfa,rfa,241.66 Ko,https://ged.staffdecor.fr/download/2441,https://ged.staffdecor.fr/reference/sd7046-5emeavenue-319
plip1224,Plinthes - PLIP1224.png,png,404.43 Ko,https://ged.staffdecor.fr/download/6468,https://ged.staffdecor.fr/reference/plip1224
bl170,BL170.jpg,jpg,55.09 Ko,https://ged.staffdecor.fr/download/466,https://ged.staffdecor.fr/reference/bl170
orn15,Ornements - ORN15.stl,stl,2.5 Mo,https://ged.staffdecor.fr/download/7054,https://ged.staffdecor.fr/reference/orn15
20-06b,20-06B.jpg,jpg,57.59 Ko,https://ged.staffdecor.fr/download/63,https://ged.staffdecor.fr/reference/20-06b
m501-635,Rosaces - M501.max,max,872.44 Ko,https://ged.staffdecor.fr/download/4876,https://ged.staffdecor.fr/reference/m501-635
d545,Corniches - D545.stl,stl,65.48 Ko,https://ged.staffdecor.fr/download/6788,https://ged.staffdecor.fr/reference/d545
1344,1344.jpg,jpg,53.99 Ko,https://ged.staffdecor.fr/download/2071,https://ged.staffdecor.fr/reference/1344
d886,D886.stp,stp,78.59 Ko,https://ged.staffdecor.fr/download/963,https://ged.staffdecor.fr/reference/d886
1343,1343.rfa,rfa,221.18 Ko,https://ged.staffdecor.fr/download/1737,https://ged.staffdecor.fr/reference/1343
d525,Corniches - D525.stl,stl,3.2 Mo,https://ged.staffdecor.fr/download/6784,https://ged.staffdecor.fr/reference/d525
res-11,Ornements - RES.11.png,png,658.04 Ko,https://ged.staffdecor.fr/download/6649,https://ged.staffdecor.fr/reference/res-11
1200,1200.max,max,815.1 Ko,https://ged.staffdecor.fr/download/3968,https://ged.staffdecor.fr/reference/1200
d103-1,Corniches - D103_rendu.png,png,6.6 Mo,https://ged.staffdecor.fr/download/5260,https://ged.staffdecor.fr/reference/d103-1
0710,0710.jpg,jpg,89.98 Ko,https://ged.staffdecor.fr/download/2805,https://ged.staffdecor.fr/reference/0710
sdc1-1,SDC1-High-Line.stp,stp,50.16 Ko,https://ged.staffdecor.fr/download/3895,https://ged.staffdecor.fr/reference/sdc1-1
plincl12-pca,Plinthe-PLINCL12.PC et PLINCL12.PCA.pdf,pdf,32.97 Ko,https://ged.staffdecor.fr/download/4611,https://ged.staffdecor.fr/reference/plincl12-pca
1210,1210.rfa,rfa,225.28 Ko,https://ged.staffdecor.fr/download/1734,https://ged.staffdecor.fr/reference/1210
d520,D520.jpg,jpg,600.96 Ko,https://ged.staffdecor.fr/download/158,https://ged.staffdecor.fr/reference/d520
bl170r25e,Profils LED - BL170R25E.png,png,1.19 Mo,https://ged.staffdecor.fr/download/6550,https://ged.staffdecor.fr/reference/bl170r25e
plinar10-sp,PLINAR10.SP.max,max,770.04 Ko,https://ged.staffdecor.fr/download/3805,https://ged.staffdecor.fr/reference/plinar10-sp
1208,Moulures - 1208.stl,stl,2.47 Mo,https://ged.staffdecor.fr/download/7153,https://ged.staffdecor.fr/reference/1208
d624,D624.jpg,jpg,618.29 Ko,https://ged.staffdecor.fr/download/252,https://ged.staffdecor.fr/reference/d624
d106,D106.jpg,jpg,47.82 Ko,https://ged.staffdecor.fr/download/120,https://ged.staffdecor.fr/reference/d106
7002,Balustre - 7002.skp,skp,1.69 Mo,https://ged.staffdecor.fr/download/6320,https://ged.staffdecor.fr/reference/7002
d658,Corniche - D658.skp,skp,338 Ko,https://ged.staffdecor.fr/download/6243,https://ged.staffdecor.fr/reference/d658
bl140,Profils LED - BL140.stl,stl,3.63 Ko,https://ged.staffdecor.fr/download/7112,https://ged.staffdecor.fr/reference/bl140
e0520e-402,E0520E.stp,stp,11.1 Ko,https://ged.staffdecor.fr/download/1899,https://ged.staffdecor.fr/reference/e0520e-402
9002,Soubassement - 9002.skp,skp,326.73 Ko,https://ged.staffdecor.fr/download/6065,https://ged.staffdecor.fr/reference/9002
plin08m-pca,Plinthes - PLIN08M.PCA.skp,skp,296.43 Ko,https://ged.staffdecor.fr/download/6497,https://ged.staffdecor.fr/reference/plin08m-pca
plin40-r,Plinthes - PLIN40.R.skp,skp,347.25 Ko,https://ged.staffdecor.fr/download/6512,https://ged.staffdecor.fr/reference/plin40-r
d612,Corniches - D612.max,max,847.87 Ko,https://ged.staffdecor.fr/download/4783,https://ged.staffdecor.fr/reference/d612
res-2-858,Ornements résine - RES.2.png,png,174.53 Ko,https://ged.staffdecor.fr/download/6629,https://ged.staffdecor.fr/reference/res-2-858
pl405,PL.405.pdf,pdf,87.76 Ko,https://ged.staffdecor.fr/download/3032,https://ged.staffdecor.fr/reference/pl405
7073,7073-macarons.jpg,jpg,48.4 Ko,https://ged.staffdecor.fr/download/413,https://ged.staffdecor.fr/reference/7073
orn1g,Ornements - ORN1G.stl,stl,2.5 Mo,https://ged.staffdecor.fr/download/7041,https://ged.staffdecor.fr/reference/orn1g
radia1,Cache radiateur -RADIA1 simple.pdf,pdf,146.06 Ko,https://ged.staffdecor.fr/download/5208,https://ged.staffdecor.fr/reference/radia1
1103,1103.jpg,jpg,69.5 Ko,https://ged.staffdecor.fr/download/705,https://ged.staffdecor.fr/reference/1103
cl1213d-1,Parements - CL1213D.png,png,2.12 Mo,https://ged.staffdecor.fr/download/6569,https://ged.staffdecor.fr/reference/cl1213d-1
d895,Corniches-D895.pdf,pdf,51.47 Ko,https://ged.staffdecor.fr/download/4543,https://ged.staffdecor.fr/reference/d895
2524,Côtés de passages et dessous de poutres-2524.pdf,pdf,131.1 Ko,https://ged.staffdecor.fr/download/5997,https://ged.staffdecor.fr/reference/2524
d654,Corniches - D654.max,max,860.16 Ko,https://ged.staffdecor.fr/download/4801,https://ged.staffdecor.fr/reference/d654
cl1213d,Parements - CL1213D.pdf,pdf,53.42 Ko,https://ged.staffdecor.fr/download/5713,https://ged.staffdecor.fr/reference/cl1213d
d114m,D114M.rfa,rfa,237.56 Ko,https://ged.staffdecor.fr/download/814,https://ged.staffdecor.fr/reference/d114m
plin20,PLIN20.jpg,jpg,53.52 Ko,https://ged.staffdecor.fr/download/2107,https://ged.staffdecor.fr/reference/plin20
sdpa3,Corniches-SDPA3.pdf,pdf,49.2 Ko,https://ged.staffdecor.fr/download/4492,https://ged.staffdecor.fr/reference/sdpa3
d704,Corniches - D704.stl,stl,12.28 Ko,https://ged.staffdecor.fr/download/6885,https://ged.staffdecor.fr/reference/d704
1206s,Moulure-1206 S.pdf,pdf,49.74 Ko,https://ged.staffdecor.fr/download/4642,https://ged.staffdecor.fr/reference/1206s
pl614,PL.614.pdf,pdf,112.99 Ko,https://ged.staffdecor.fr/download/3761,https://ged.staffdecor.fr/reference/pl614
d888,D888.stp,stp,52.27 Ko,https://ged.staffdecor.fr/download/973,https://ged.staffdecor.fr/reference/d888
1140c,1140C.stp,stp,37.23 Ko,https://ged.staffdecor.fr/download/2321,https://ged.staffdecor.fr/reference/1140c
radia2,Cache radiateur -RADIA2 Double.pdf,pdf,158.48 Ko,https://ged.staffdecor.fr/download/5211,https://ged.staffdecor.fr/reference/radia2
d570-1,D570_rendu.png,png,7.68 Mo,https://ged.staffdecor.fr/download/3195,https://ged.staffdecor.fr/reference/d570-1
9013,Soubassement - 9013.skp,skp,372.12 Ko,https://ged.staffdecor.fr/download/6069,https://ged.staffdecor.fr/reference/9013
22160,22160.stp,stp,208.13 Ko,https://ged.staffdecor.fr/download/782,https://ged.staffdecor.fr/reference/22160
cl30,Parements - CL30-pers.jpg,jpg,251.5 Ko,https://ged.staffdecor.fr/download/5819,https://ged.staffdecor.fr/reference/cl30
1210bh,1210BH.stp,stp,351.6 Ko,https://ged.staffdecor.fr/download/2064,https://ged.staffdecor.fr/reference/1210bh
moe120,MOE120.stp,stp,24.79 Ko,https://ged.staffdecor.fr/download/2027,https://ged.staffdecor.fr/reference/moe120
3900,Frontons - 3900.stl,stl,9.3 Mo,https://ged.staffdecor.fr/download/7070,https://ged.staffdecor.fr/reference/3900
1102,Moulure-1102.pdf,pdf,49.43 Ko,https://ged.staffdecor.fr/download/4623,https://ged.staffdecor.fr/reference/1102
pl501,Plafonniers - PL501.png,png,1.01 Mo,https://ged.staffdecor.fr/download/6544,https://ged.staffdecor.fr/reference/pl501
d617,D617.stp,stp,877.57 Ko,https://ged.staffdecor.fr/download/1052,https://ged.staffdecor.fr/reference/d617
plinta,Plinthes - PLINTA.png,png,629.25 Ko,https://ged.staffdecor.fr/download/6445,https://ged.staffdecor.fr/reference/plinta
7078,7078.stp,stp,353.55 Ko,https://ged.staffdecor.fr/download/717,https://ged.staffdecor.fr/reference/7078
res-5-861,Ornements résine - RES.5.pdf,pdf,276.41 Ko,https://ged.staffdecor.fr/download/6206,https://ged.staffdecor.fr/reference/res-5-861
1201,1201.rfa,rfa,237.56 Ko,https://ged.staffdecor.fr/download/2343,https://ged.staffdecor.fr/reference/1201
plin38-s,Plinthes - PLIN38.S.png,png,1.2 Mo,https://ged.staffdecor.fr/download/6440,https://ged.staffdecor.fr/reference/plin38-s
d562,D562.jpg,jpg,604.85 Ko,https://ged.staffdecor.fr/download/201,https://ged.staffdecor.fr/reference/d562
1220-1,Rendu_1220.png,png,1.33 Mo,https://ged.staffdecor.fr/download/4006,https://ged.staffdecor.fr/reference/1220-1
d653,D653.rfa,rfa,233.47 Ko,https://ged.staffdecor.fr/download/950,https://ged.staffdecor.fr/reference/d653
d707,D707.jpg,jpg,62.21 Ko,https://ged.staffdecor.fr/download/177,https://ged.staffdecor.fr/reference/d707
sdpa4,SDPA4.png,png,6.77 Mo,https://ged.staffdecor.fr/download/3473,https://ged.staffdecor.fr/reference/sdpa4
pl-etoile-345,PL-ETOILE.jpg,jpg,64.11 Ko,https://ged.staffdecor.fr/download/678,https://ged.staffdecor.fr/reference/pl-etoile-345
d844,Corniche - D844.skp,skp,11.36 Mo,https://ged.staffdecor.fr/download/6917,https://ged.staffdecor.fr/reference/d844
30-62,30-62.jpg,jpg,57.58 Ko,https://ged.staffdecor.fr/download/2624,https://ged.staffdecor.fr/reference/30-62
d556-2,Corniches - D556.max,max,823.29 Ko,https://ged.staffdecor.fr/download/4845,https://ged.staffdecor.fr/reference/d556-2
1120,Moulure-1120.pdf,pdf,49.2 Ko,https://ged.staffdecor.fr/download/4655,https://ged.staffdecor.fr/reference/1120
m251,M251.stp,stp,44.36 Ko,https://ged.staffdecor.fr/download/1554,https://ged.staffdecor.fr/reference/m251
plin25-pc-sp,PLIN25.PC.SP_murs.png,png,11.76 Mo,https://ged.staffdecor.fr/download/4218,https://ged.staffdecor.fr/reference/plin25-pc-sp
d656,D656.jpg,jpg,72.89 Ko,https://ged.staffdecor.fr/download/264,https://ged.staffdecor.fr/reference/d656
e1010e,E1010E.jpg,jpg,35.08 Ko,https://ged.staffdecor.fr/download/1913,https://ged.staffdecor.fr/reference/e1010e
bl170r50e,Profil LED -BL170R50E.pdf,pdf,55.35 Ko,https://ged.staffdecor.fr/download/5485,https://ged.staffdecor.fr/reference/bl170r50e
d652b,Corniches - D652B.max,max,322.9 Mo,https://ged.staffdecor.fr/download/4798,https://ged.staffdecor.fr/reference/d652b
d705,D705.rfa,rfa,221.18 Ko,https://ged.staffdecor.fr/download/1024,https://ged.staffdecor.fr/reference/d705
plip1012-973,Plinthes - PLIP1012.skp,skp,694.61 Ko,https://ged.staffdecor.fr/download/6453,https://ged.staffdecor.fr/reference/plip1012-973
d652,Corniches - D652.max,max,905.21 Ko,https://ged.staffdecor.fr/download/4796,https://ged.staffdecor.fr/reference/d652
d606,D606.stp,stp,231.72 Ko,https://ged.staffdecor.fr/download/905,https://ged.staffdecor.fr/reference/d606
plin11-pc-664,PLIN11.PC.max,max,860.16 Ko,https://ged.staffdecor.fr/download/3814,https://ged.staffdecor.fr/reference/plin11-pc-664
d748,D748.max,max,761.85 Ko,https://ged.staffdecor.fr/download/4087,https://ged.staffdecor.fr/reference/d748
d561,Corniches-D561.pdf,pdf,49.26 Ko,https://ged.staffdecor.fr/download/4459,https://ged.staffdecor.fr/reference/d561
plint10-sp,Plinthe-PLINT10.SP et PLINT10.SPA.pdf,pdf,33 Ko,https://ged.staffdecor.fr/download/4615,https://ged.staffdecor.fr/reference/plint10-sp
plint10-pc,Plinthe-PLINT10.PCet PLINT10.PCA.pdf,pdf,33.12 Ko,https://ged.staffdecor.fr/download/4617,https://ged.staffdecor.fr/reference/plint10-pc
cl1213a-1,Parements - CL1213A.skp,skp,53.57 Mo,https://ged.staffdecor.fr/download/6596,https://ged.staffdecor.fr/reference/cl1213a-1
1201,1201.jpg,jpg,75.24 Ko,https://ged.staffdecor.fr/download/2339,https://ged.staffdecor.fr/reference/1201
m400,Rosaces - M400.stl,stl,2.5 Mo,https://ged.staffdecor.fr/download/7008,https://ged.staffdecor.fr/reference/m400
9315c-1,9315C.rfa,rfa,237.56 Ko,https://ged.staffdecor.fr/download/3889,https://ged.staffdecor.fr/reference/9315c-1
d604,D604.stp,stp,42.68 Ko,https://ged.staffdecor.fr/download/911,https://ged.staffdecor.fr/reference/d604
emb1-1,EMB1.stp,stp,15.95 Ko,https://ged.staffdecor.fr/download/1800,https://ged.staffdecor.fr/reference/emb1-1
jc22-20-424,JC22-20.rfa,rfa,233.47 Ko,https://ged.staffdecor.fr/download/1877,https://ged.staffdecor.fr/reference/jc22-20-424
chevet2d-et-g-204,CHEVET2D et CHEVET2G.rfa,rfa,438.27 Ko,https://ged.staffdecor.fr/download/1281,https://ged.staffdecor.fr/reference/chevet2d-et-g-204
1120,1120.stp,stp,27.88 Ko,https://ged.staffdecor.fr/download/1700,https://ged.staffdecor.fr/reference/1120
9215,Soubassement - 9215.skp,skp,293.33 Ko,https://ged.staffdecor.fr/download/6078,https://ged.staffdecor.fr/reference/9215
plin08m,PLIN08M_rendu.png,png,873.07 Ko,https://ged.staffdecor.fr/download/3765,https://ged.staffdecor.fr/reference/plin08m
9021,Soubassement - 9021.skp,skp,247.82 Ko,https://ged.staffdecor.fr/download/6070,https://ged.staffdecor.fr/reference/9021
bp30-1,Bord propre - BP30.png,png,335.86 Ko,https://ged.staffdecor.fr/download/6678,https://ged.staffdecor.fr/reference/bp30-1
m255,M255.jpg,jpg,7.7 Mo,https://ged.staffdecor.fr/download/5375,https://ged.staffdecor.fr/reference/m255
45-52,45-52.jpg,jpg,115.94 Ko,https://ged.staffdecor.fr/download/2481,https://ged.staffdecor.fr/reference/45-52
d652,D652.jpg,jpg,616.87 Ko,https://ged.staffdecor.fr/download/262,https://ged.staffdecor.fr/reference/d652
m252,M252.png,png,7.96 Mo,https://ged.staffdecor.fr/download/3630,https://ged.staffdecor.fr/reference/m252
0734,Niches - 0734.skp,skp,308.22 Ko,https://ged.staffdecor.fr/download/6484,https://ged.staffdecor.fr/reference/0734
ebp0430-1,Profil LED - EBP0430.pdf,pdf,53.61 Ko,https://ged.staffdecor.fr/download/5924,https://ged.staffdecor.fr/reference/ebp0430-1
d705,Corniches - D705.stl,stl,5.48 Ko,https://ged.staffdecor.fr/download/6886,https://ged.staffdecor.fr/reference/d705
9206,Lambris_décaisses_paramétrable.rfa,rfa,409.6 Ko,https://ged.staffdecor.fr/download/863,https://ged.staffdecor.fr/reference/9206
pl612,PL612.max,max,6.98 Mo,https://ged.staffdecor.fr/download/3753,https://ged.staffdecor.fr/reference/pl612
m401,Rosaces - M401.stl,stl,5.39 Mo,https://ged.staffdecor.fr/download/7011,https://ged.staffdecor.fr/reference/m401
d513,Corniches-D513.pdf,pdf,50.32 Ko,https://ged.staffdecor.fr/download/4496,https://ged.staffdecor.fr/reference/d513
moe60,MOE45-60-90-120.rfa,rfa,409.6 Ko,https://ged.staffdecor.fr/download/1996,https://ged.staffdecor.fr/reference/moe60
d813,Corniches - D813.stl,stl,16.8 Mo,https://ged.staffdecor.fr/download/6907,https://ged.staffdecor.fr/reference/d813
1209,Rendu_1209.png,png,891.22 Ko,https://ged.staffdecor.fr/download/4001,https://ged.staffdecor.fr/reference/1209
d626,D626.skp,skp,358.97 Ko,https://ged.staffdecor.fr/download/3727,https://ged.staffdecor.fr/reference/d626
50-atlas,50.ATLA.stp,stp,64.94 Ko,https://ged.staffdecor.fr/download/2211,https://ged.staffdecor.fr/reference/50-atlas
1206s,1206S.jpg,jpg,79.73 Ko,https://ged.staffdecor.fr/download/2354,https://ged.staffdecor.fr/reference/1206s
d830,Corniche - D830.skp,skp,300.49 Ko,https://ged.staffdecor.fr/download/6251,https://ged.staffdecor.fr/reference/d830
1327,Moulures -1327.png,png,1.45 Mo,https://ged.staffdecor.fr/download/5230,https://ged.staffdecor.fr/reference/1327
m251,Rosaces - M251.stl,stl,2.49 Mo,https://ged.staffdecor.fr/download/7000,https://ged.staffdecor.fr/reference/m251
1324,1324.jpg,jpg,51.73 Ko,https://ged.staffdecor.fr/download/2164,https://ged.staffdecor.fr/reference/1324
1213-10,Moulures - 1213.max,max,983.04 Ko,https://ged.staffdecor.fr/download/6585,https://ged.staffdecor.fr/reference/1213-10
d575-108,D575.stp,stp,24.01 Ko,https://ged.staffdecor.fr/download/3744,https://ged.staffdecor.fr/reference/d575-108
plin10a-1,Plinthes - PLIN10A.skp,skp,316.97 Ko,https://ged.staffdecor.fr/download/6498,https://ged.staffdecor.fr/reference/plin10a-1
9012-636,Soubassements - 9001 -9002 -9003-gamme.pdf,pdf,52.45 Ko,https://ged.staffdecor.fr/download/5518,https://ged.staffdecor.fr/reference/9012-636
bp10-1,Bord propre - BP10.png,png,280.35 Ko,https://ged.staffdecor.fr/download/6676,https://ged.staffdecor.fr/reference/bp10-1
plinled12,Plinthes - PLINLED12.skp,skp,249.08 Ko,https://ged.staffdecor.fr/download/5597,https://ged.staffdecor.fr/reference/plinled12
res-1-857,Ornements résine - RES.1.pdf,pdf,102.25 Ko,https://ged.staffdecor.fr/download/5716,https://ged.staffdecor.fr/reference/res-1-857
d878,Corniches - D878.stl,stl,15.38 Mo,https://ged.staffdecor.fr/download/6923,https://ged.staffdecor.fr/reference/d878
9002,Soubassements - 9001 -9002 -9003-gamme.pdf,pdf,52.45 Ko,https://ged.staffdecor.fr/download/5520,https://ged.staffdecor.fr/reference/9002
9213,9213.max,max,847.87 Ko,https://ged.staffdecor.fr/download/3665,https://ged.staffdecor.fr/reference/9213
d510-1,D510.obj,obj,184.97 Mo,https://ged.staffdecor.fr/download/5263,https://ged.staffdecor.fr/reference/d510-1
pl-voile-168,PL.VOILE.pdf,pdf,55.41 Ko,https://ged.staffdecor.fr/download/3644,https://ged.staffdecor.fr/reference/pl-voile-168
d651,Corniches-D651.pdf,pdf,50.23 Ko,https://ged.staffdecor.fr/download/4434,https://ged.staffdecor.fr/reference/d651
1200,Moulure-1200.pdf,pdf,48.87 Ko,https://ged.staffdecor.fr/download/4668,https://ged.staffdecor.fr/reference/1200
1201,Moulure-1201.pdf,pdf,49.13 Ko,https://ged.staffdecor.fr/download/4669,https://ged.staffdecor.fr/reference/1201
2730,Côtés de passages et dessous de poutres-2730.pdf,pdf,52.53 Ko,https://ged.staffdecor.fr/download/5990,https://ged.staffdecor.fr/reference/2730
d616,Corniche - D616.skp,skp,93.46 Ko,https://ged.staffdecor.fr/download/6848,https://ged.staffdecor.fr/reference/d616
d567,D567.rfa,rfa,221.18 Ko,https://ged.staffdecor.fr/download/999,https://ged.staffdecor.fr/reference/d567
1202,1202.jpg,jpg,45.18 Ko,https://ged.staffdecor.fr/download/2087,https://ged.staffdecor.fr/reference/1202
orn1d,Ornements - ORN.1G et ORN.1D.pdf,pdf,127.93 Ko,https://ged.staffdecor.fr/download/5238,https://ged.staffdecor.fr/reference/orn1d
moa23,MOA23.jpg,jpg,42.43 Ko,https://ged.staffdecor.fr/download/1994,https://ged.staffdecor.fr/reference/moa23
r-plaq55-347,R.PLAQ55.jpg,jpg,75.95 Ko,https://ged.staffdecor.fr/download/6668,https://ged.staffdecor.fr/reference/r-plaq55-347
jc542-15p-222,JC452.15P.pdf,pdf,50.57 Ko,https://ged.staffdecor.fr/download/4252,https://ged.staffdecor.fr/reference/jc542-15p-222
moas,MOAS.jpg,jpg,51.91 Ko,https://ged.staffdecor.fr/download/1544,https://ged.staffdecor.fr/reference/moas
1103,Moulure-1103.pdf,pdf,49.46 Ko,https://ged.staffdecor.fr/download/4650,https://ged.staffdecor.fr/reference/1103
45-03,45-03.rfa,rfa,286.72 Ko,https://ged.staffdecor.fr/download/2514,https://ged.staffdecor.fr/reference/45-03
d899,Corniches-D899.pdf,pdf,50.88 Ko,https://ged.staffdecor.fr/download/4546,https://ged.staffdecor.fr/reference/d899
d753,Corniches-D753.pdf,pdf,50.55 Ko,https://ged.staffdecor.fr/download/4485,https://ged.staffdecor.fr/reference/d753
1202bh,1202BH.rfa,rfa,315.39 Ko,https://ged.staffdecor.fr/download/2094,https://ged.staffdecor.fr/reference/1202bh
20-06b,20-06B.stp,stp,1.13 Mo,https://ged.staffdecor.fr/download/1749,https://ged.staffdecor.fr/reference/20-06b
plin12,PLIN12.rfa,rfa,221.18 Ko,https://ged.staffdecor.fr/download/1504,https://ged.staffdecor.fr/reference/plin12
30-52-392,30-52.jpg,jpg,150.37 Ko,https://ged.staffdecor.fr/download/2461,https://ged.staffdecor.fr/reference/30-52-392
2820l,Côtés de passages et dessous de poutres-2820L.pdf,pdf,130.51 Ko,https://ged.staffdecor.fr/download/5974,https://ged.staffdecor.fr/reference/2820l
d652,D652.skp,skp,380.96 Ko,https://ged.staffdecor.fr/download/3737,https://ged.staffdecor.fr/reference/d652
6200,Niches - 6200.skp,skp,297.9 Ko,https://ged.staffdecor.fr/download/6479,https://ged.staffdecor.fr/reference/6200
d802,Corniches - D802.skp,skp,239.37 Ko,https://ged.staffdecor.fr/download/5627,https://ged.staffdecor.fr/reference/d802
d889,Corniche - D889.skp,skp,13.91 Mo,https://ged.staffdecor.fr/download/6040,https://ged.staffdecor.fr/reference/d889
u1910,U1910.stp,stp,16.29 Ko,https://ged.staffdecor.fr/download/2363,https://ged.staffdecor.fr/reference/u1910
pl414,PL410-gamme.rfa,rfa,3.26 Mo,https://ged.staffdecor.fr/download/1423,https://ged.staffdecor.fr/reference/pl414
d113m,Corniches - D113M.stl,stl,8.08 Ko,https://ged.staffdecor.fr/download/6750,https://ged.staffdecor.fr/reference/d113m
1208,Moulure-1208.pdf,pdf,50.22 Ko,https://ged.staffdecor.fr/download/4674,https://ged.staffdecor.fr/reference/1208
d887,Corniches - D887.stl,stl,241.68 Ko,https://ged.staffdecor.fr/download/6939,https://ged.staffdecor.fr/reference/d887
s-908a-421,S-908A.stp,stp,58.63 Ko,https://ged.staffdecor.fr/download/1845,https://ged.staffdecor.fr/reference/s-908a-421
7091,Parements - 7091.pdf,pdf,57.01 Ko,https://ged.staffdecor.fr/download/5733,https://ged.staffdecor.fr/reference/7091
31-02-506,30-03.stp,stp,16.83 Ko,https://ged.staffdecor.fr/download/2479,https://ged.staffdecor.fr/reference/31-02-506
pl-puits2-171,PL-PUITS2.rfa,rfa,278.52 Ko,https://ged.staffdecor.fr/download/2101,https://ged.staffdecor.fr/reference/pl-puits2-171
1213g-1,Moulure-1213G.pdf,pdf,166.68 Ko,https://ged.staffdecor.fr/download/6579,https://ged.staffdecor.fr/reference/1213g-1
d650l,Corniches - D650L_rendu.png,png,113.72 Ko,https://ged.staffdecor.fr/download/6252,https://ged.staffdecor.fr/reference/d650l
40-04,40-04.stp,stp,1.89 Mo,https://ged.staffdecor.fr/download/875,https://ged.staffdecor.fr/reference/40-04
pl-r02-255,PL-R02.stp,stp,455.37 Ko,https://ged.staffdecor.fr/download/2420,https://ged.staffdecor.fr/reference/pl-r02-255
1204,Moulure-1204.pdf,pdf,48.86 Ko,https://ged.staffdecor.fr/download/4671,https://ged.staffdecor.fr/reference/1204
m502,M502.dgk,dgk,408.95 Ko,https://ged.staffdecor.fr/download/2834,https://ged.staffdecor.fr/reference/m502
sd7500-key-west-7,SD7500-Key-West.jpg,jpg,67.49 Ko,https://ged.staffdecor.fr/download/1594,https://ged.staffdecor.fr/reference/sd7500-key-west-7
d102-1,D102.rfa,rfa,221.18 Ko,https://ged.staffdecor.fr/download/789,https://ged.staffdecor.fr/reference/d102-1
2530,Côtés de passages et dessous de poutres-2530.pdf,pdf,131.52 Ko,https://ged.staffdecor.fr/download/5996,https://ged.staffdecor.fr/reference/2530
9211,9211.max,max,847.87 Ko,https://ged.staffdecor.fr/download/3661,https://ged.staffdecor.fr/reference/9211
e1030e,E1030E.rfa,rfa,217.08 Ko,https://ged.staffdecor.fr/download/1791,https://ged.staffdecor.fr/reference/e1030e
decaisse-grg-d565-d601-d611,Plafond décaissé D565-D601-D611.pdf,pdf,71 Ko,https://ged.staffdecor.fr/download/4104,https://ged.staffdecor.fr/reference/decaisse-grg-d565-d601-d611
d878,Corniche - D878.skp,skp,115 Mo,https://ged.staffdecor.fr/download/6922,https://ged.staffdecor.fr/reference/d878
30-58,Demies-colonnes lisses.rfa,rfa,290.81 Ko,https://ged.staffdecor.fr/download/2594,https://ged.staffdecor.fr/reference/30-58
1104,Moulure-1104.pdf,pdf,59.05 Ko,https://ged.staffdecor.fr/download/5427,https://ged.staffdecor.fr/reference/1104
0714,0714.stp,stp,28.07 Ko,https://ged.staffdecor.fr/download/2778,https://ged.staffdecor.fr/reference/0714
m503,M503.jpg,jpg,83.89 Ko,https://ged.staffdecor.fr/download/5376,https://ged.staffdecor.fr/reference/m503
bp-pf3-215,Profils de finition - BP.PF3.jpg,jpg,32.4 Ko,https://ged.staffdecor.fr/download/7080,https://ged.staffdecor.fr/reference/bp-pf3-215
orn19-987,Ornements - ORN19.png,png,194.41 Ko,https://ged.staffdecor.fr/download/6216,https://ged.staffdecor.fr/reference/orn19-987
50-051,Caissons de plafond - 50.051 face.png,png,3.08 Mo,https://ged.staffdecor.fr/download/5739,https://ged.staffdecor.fr/reference/50-051
45-05,45-05.jpg,jpg,99.24 Ko,https://ged.staffdecor.fr/download/2533,https://ged.staffdecor.fr/reference/45-05
d125,Corniches - D125.stl,stl,2.68 Ko,https://ged.staffdecor.fr/download/6761,https://ged.staffdecor.fr/reference/d125
plin10,PLIN10.jpg,jpg,57.69 Ko,https://ged.staffdecor.fr/download/1497,https://ged.staffdecor.fr/reference/plin10
orn14,Ornements - ORN14.png,png,70.99 Ko,https://ged.staffdecor.fr/download/6364,https://ged.staffdecor.fr/reference/orn14
e2030i,E2030I.rfa,rfa,217.08 Ko,https://ged.staffdecor.fr/download/1797,https://ged.staffdecor.fr/reference/e2030i
cl1213c-1,Parements - CL1213C.pdf,pdf,209.16 Ko,https://ged.staffdecor.fr/download/6572,https://ged.staffdecor.fr/reference/cl1213c-1
1120,1120.rfa,rfa,221.18 Ko,https://ged.staffdecor.fr/download/1699,https://ged.staffdecor.fr/reference/1120
d122,Corniches - D122.max,max,770.04 Ko,https://ged.staffdecor.fr/download/4835,https://ged.staffdecor.fr/reference/d122
30-55,30-55.stp,stp,12.91 Ko,https://ged.staffdecor.fr/download/2614,https://ged.staffdecor.fr/reference/30-55
d611,D611.jpg,jpg,64.67 Ko,https://ged.staffdecor.fr/download/172,https://ged.staffdecor.fr/reference/d611
bl180,Profil LED - BL180 (montage).pdf,pdf,80.47 Ko,https://ged.staffdecor.fr/download/5765,https://ged.staffdecor.fr/reference/bl180
d580-2,D580.dwg,dwg,478.51 Ko,https://ged.staffdecor.fr/download/6816,https://ged.staffdecor.fr/reference/d580-2
orn4g-1025,Ornements - ORN4G.png,png,761.92 Ko,https://ged.staffdecor.fr/download/6382,https://ged.staffdecor.fr/reference/orn4g-1025
30-61,30-61.jpg,jpg,57.42 Ko,https://ged.staffdecor.fr/download/2622,https://ged.staffdecor.fr/reference/30-61
d530,Corniche - D530.skp,skp,3.71 Mo,https://ged.staffdecor.fr/download/6355,https://ged.staffdecor.fr/reference/d530
1304,Moulure-1304.pdf,pdf,52.17 Ko,https://ged.staffdecor.fr/download/4684,https://ged.staffdecor.fr/reference/1304
d513,Corniches - D513.obj,obj,54.38 Mo,https://ged.staffdecor.fr/download/5916,https://ged.staffdecor.fr/reference/d513
d580-2,Corniches - D580 .stl,stl,7.48 Ko,https://ged.staffdecor.fr/download/6822,https://ged.staffdecor.fr/reference/d580-2
45-51,45-51.jpg,jpg,122.32 Ko,https://ged.staffdecor.fr/download/2493,https://ged.staffdecor.fr/reference/45-51
moaplint,MOAPLINT-MOAPLIN10-MOAPLIN10M.rfa,rfa,356.35 Ko,https://ged.staffdecor.fr/download/1537,https://ged.staffdecor.fr/reference/moaplint
1344,Moulures - 1344.skp,skp,244.62 Ko,https://ged.staffdecor.fr/download/5606,https://ged.staffdecor.fr/reference/1344
d116,D116.stp,stp,121.31 Ko,https://ged.staffdecor.fr/download/820,https://ged.staffdecor.fr/reference/d116
pl222,PL222.dgk,dgk,485.92 Ko,https://ged.staffdecor.fr/download/1341,https://ged.staffdecor.fr/reference/pl222
2830l,2830L.rfa,rfa,327.68 Ko,https://ged.staffdecor.fr/download/2262,https://ged.staffdecor.fr/reference/2830l
d814,Corniches - D814.max,max,2.3 Mo,https://ged.staffdecor.fr/download/4814,https://ged.staffdecor.fr/reference/d814
r-plaq55-347,Trappes - R.PLAQ55.png,png,302.86 Ko,https://ged.staffdecor.fr/download/6665,https://ged.staffdecor.fr/reference/r-plaq55-347
d885,Corniches-D885.pdf,pdf,50.98 Ko,https://ged.staffdecor.fr/download/4538,https://ged.staffdecor.fr/reference/d885
0742,Niches - 0742.stl,stl,1.66 Mo,https://ged.staffdecor.fr/download/7064,https://ged.staffdecor.fr/reference/0742
d616b,D616B_rendu.png,png,8.45 Mo,https://ged.staffdecor.fr/download/3522,https://ged.staffdecor.fr/reference/d616b
d564,Corniches - D564.max,max,765.95 Ko,https://ged.staffdecor.fr/download/4849,https://ged.staffdecor.fr/reference/d564
pl413,Plafonniers - PL413.png,png,398.26 Ko,https://ged.staffdecor.fr/download/6541,https://ged.staffdecor.fr/reference/pl413
bl170a90i-721,BL170A90I.step,step,197.88 Ko,https://ged.staffdecor.fr/download/4160,https://ged.staffdecor.fr/reference/bl170a90i-721
bl130,Profil LED -BL130(montage).pdf,pdf,72.12 Ko,https://ged.staffdecor.fr/download/5775,https://ged.staffdecor.fr/reference/bl130
d656,Corniches-D656.pdf,pdf,49.86 Ko,https://ged.staffdecor.fr/download/4439,https://ged.staffdecor.fr/reference/d656
d748,D748.rfa,rfa,208.89 Ko,https://ged.staffdecor.fr/download/1144,https://ged.staffdecor.fr/reference/d748
pl110,PL110.jpg,jpg,62.56 Ko,https://ged.staffdecor.fr/download/1260,https://ged.staffdecor.fr/reference/pl110
1207bh,1207BH.stp,stp,431.83 Ko,https://ged.staffdecor.fr/download/1973,https://ged.staffdecor.fr/reference/1207bh
0724,0724.stp,stp,31.27 Ko,https://ged.staffdecor.fr/download/2782,https://ged.staffdecor.fr/reference/0724
d578,D578_rendu.png,png,8.43 Mo,https://ged.staffdecor.fr/download/3569,https://ged.staffdecor.fr/reference/d578
d879b1,Corniches - D879B1.png,png,1.06 Mo,https://ged.staffdecor.fr/download/6293,https://ged.staffdecor.fr/reference/d879b1
bp-pf1-213,Profil de finition - BP.PF1 (montage).pdf,pdf,55.45 Ko,https://ged.staffdecor.fr/download/5823,https://ged.staffdecor.fr/reference/bp-pf1-213
1105,Moulures - 1105.skp,skp,692.38 Ko,https://ged.staffdecor.fr/download/5646,https://ged.staffdecor.fr/reference/1105
pl-d567-343,PL-D567.jpg,jpg,57.49 Ko,https://ged.staffdecor.fr/download/1289,https://ged.staffdecor.fr/reference/pl-d567-343
d881b,D881B_4.png,png,3.98 Mo,https://ged.staffdecor.fr/download/4275,https://ged.staffdecor.fr/reference/d881b
jc55-10-426,Joints creux - JC55.10.png,png,1 Mo,https://ged.staffdecor.fr/download/6694,https://ged.staffdecor.fr/reference/jc55-10-426
d576,D576_rendu.png,png,7.88 Mo,https://ged.staffdecor.fr/download/3304,https://ged.staffdecor.fr/reference/d576
d627,Corniches-D627.pdf,pdf,50.15 Ko,https://ged.staffdecor.fr/download/4430,https://ged.staffdecor.fr/reference/d627
pl405,Plafonniers - PL405.png,png,64.97 Ko,https://ged.staffdecor.fr/download/6538,https://ged.staffdecor.fr/reference/pl405
mod24,MOD23-24-25.rfa,rfa,249.85 Ko,https://ged.staffdecor.fr/download/1999,https://ged.staffdecor.fr/reference/mod24
1200,1200.rfa,rfa,221.18 Ko,https://ged.staffdecor.fr/download/2075,https://ged.staffdecor.fr/reference/1200
sd7504-orlando-192,SD7504-Orlando.jpg,jpg,76.56 Ko,https://ged.staffdecor.fr/download/625,https://ged.staffdecor.fr/reference/sd7504-orlando-192
d114m,Corniches - D114M.max,max,790.52 Ko,https://ged.staffdecor.fr/download/4833,https://ged.staffdecor.fr/reference/d114m
d888,D888.jpg,jpg,626.36 Ko,https://ged.staffdecor.fr/download/301,https://ged.staffdecor.fr/reference/d888
9228,9228.max,max,1.06 Mo,https://ged.staffdecor.fr/download/3687,https://ged.staffdecor.fr/reference/9228
1101bh,Moulures - 1101BH.skp,skp,542.01 Ko,https://ged.staffdecor.fr/download/5550,https://ged.staffdecor.fr/reference/1101bh
bl140,BL140.stp,stp,212.78 Ko,https://ged.staffdecor.fr/download/823,https://ged.staffdecor.fr/reference/bl140
pl204,PL204.stp,stp,2.91 Mo,https://ged.staffdecor.fr/download/1338,https://ged.staffdecor.fr/reference/pl204
plin08m,PLIN08M.max,max,745.47 Ko,https://ged.staffdecor.fr/download/3766,https://ged.staffdecor.fr/reference/plin08m
e2020e-401,E2020E.stp,stp,11.3 Ko,https://ged.staffdecor.fr/download/1953,https://ged.staffdecor.fr/reference/e2020e-401
e1520i,E1520I.pdf,pdf,59.64 Ko,https://ged.staffdecor.fr/download/4064,https://ged.staffdecor.fr/reference/e1520i
bl131,BL131.pdf,pdf,54.48 Ko,https://ged.staffdecor.fr/download/2946,https://ged.staffdecor.fr/reference/bl131
1120,1120.jpg,jpg,627.25 Ko,https://ged.staffdecor.fr/download/27,https://ged.staffdecor.fr/reference/1120
cl39-968,Parements - CL39.skp,skp,63.19 Mo,https://ged.staffdecor.fr/download/7094,https://ged.staffdecor.fr/reference/cl39-968
45-52,45-02et45-52.rfa,rfa,278.52 Ko,https://ged.staffdecor.fr/download/1639,https://ged.staffdecor.fr/reference/45-52
1210,Moulures - 1210.stl,stl,8.28 Ko,https://ged.staffdecor.fr/download/7156,https://ged.staffdecor.fr/reference/1210
9202,9202.jpg,jpg,615.14 Ko,https://ged.staffdecor.fr/download/586,https://ged.staffdecor.fr/reference/9202
7040,Parements - 7040.pdf,pdf,60.93 Ko,https://ged.staffdecor.fr/download/5724,https://ged.staffdecor.fr/reference/7040
mod25,MOD23-24-25.rfa,rfa,249.85 Ko,https://ged.staffdecor.fr/download/2018,https://ged.staffdecor.fr/reference/mod25
d101-1,Corniche - D101.skp,skp,244.06 Ko,https://ged.staffdecor.fr/download/5556,https://ged.staffdecor.fr/reference/d101-1
emb1-1,EMB1.rfa,rfa,221.18 Ko,https://ged.staffdecor.fr/download/1801,https://ged.staffdecor.fr/reference/emb1-1
1206r,1206R.rfa,rfa,311.29 Ko,https://ged.staffdecor.fr/download/2350,https://ged.staffdecor.fr/reference/1206r
6200,6200.jpg,jpg,59.02 Ko,https://ged.staffdecor.fr/download/2307,https://ged.staffdecor.fr/reference/6200
d103-1,D103.stp,stp,43.51 Ko,https://ged.staffdecor.fr/download/791,https://ged.staffdecor.fr/reference/d103-1
d650,Corniches - D650.max,max,2.15 Mo,https://ged.staffdecor.fr/download/4793,https://ged.staffdecor.fr/reference/d650
orn1d,Ornements - ORN1D.png,png,1.34 Mo,https://ged.staffdecor.fr/download/6367,https://ged.staffdecor.fr/reference/orn1d
sd7047-soho-320,SD7047.stp,stp,109.04 Ko,https://ged.staffdecor.fr/download/2449,https://ged.staffdecor.fr/reference/sd7047-soho-320
m067,Rosaces - M067.stl,stl,2.38 Mo,https://ged.staffdecor.fr/download/6992,https://ged.staffdecor.fr/reference/m067
20-06h-34,20-06H.stp,stp,1.23 Mo,https://ged.staffdecor.fr/download/1766,https://ged.staffdecor.fr/reference/20-06h-34
d711,D711.jpg,jpg,4.35 Mo,https://ged.staffdecor.fr/download/5267,https://ged.staffdecor.fr/reference/d711
1348,Moulures - 1348.stl,stl,212.88 Ko,https://ged.staffdecor.fr/download/7166,https://ged.staffdecor.fr/reference/1348
res-7-984,Ornements résine - RES.7_.png,png,208.43 Ko,https://ged.staffdecor.fr/download/6633,https://ged.staffdecor.fr/reference/res-7-984
res-4-860,Ornements résine - RES.4.skp,skp,40.15 Mo,https://ged.staffdecor.fr/download/6599,https://ged.staffdecor.fr/reference/res-4-860
d880a-1,Corniches - D880A.max,max,475.39 Mo,https://ged.staffdecor.fr/download/4820,https://ged.staffdecor.fr/reference/d880a-1
d510-1,Corniches - D510.stl,stl,3.45 Mo,https://ged.staffdecor.fr/download/6778,https://ged.staffdecor.fr/reference/d510-1
9212,Soubassement - 9212.skp,skp,280.55 Ko,https://ged.staffdecor.fr/download/6075,https://ged.staffdecor.fr/reference/9212
d110,Corniche - D110.skp,skp,340.52 Ko,https://ged.staffdecor.fr/download/5562,https://ged.staffdecor.fr/reference/d110
pl223,PL223.stp,stp,5.33 Mo,https://ged.staffdecor.fr/download/1353,https://ged.staffdecor.fr/reference/pl223
d610,D610-solide.rfa,rfa,712.7 Ko,https://ged.staffdecor.fr/download/919,https://ged.staffdecor.fr/reference/d610
d550,D550_rendu.png,png,7.45 Mo,https://ged.staffdecor.fr/download/3281,https://ged.staffdecor.fr/reference/d550
sdc2-1,SDC2.png,png,846.1 Ko,https://ged.staffdecor.fr/download/3900,https://ged.staffdecor.fr/reference/sdc2-1
22106-947,Côtés de passages et dessous de poutres-22106.pdf,pdf,52.92 Ko,https://ged.staffdecor.fr/download/5987,https://ged.staffdecor.fr/reference/22106-947
d113m,Corniches - D113M - montage.pdf,pdf,57.38 Ko,https://ged.staffdecor.fr/download/5119,https://ged.staffdecor.fr/reference/d113m
d880b,Corniches - D880B.png,png,1.17 Mo,https://ged.staffdecor.fr/download/6299,https://ged.staffdecor.fr/reference/d880b
m304,Rosaces - M304.png,png,1.19 Mo,https://ged.staffdecor.fr/download/6973,https://ged.staffdecor.fr/reference/m304
d893,D893.jpg,jpg,5.12 Mo,https://ged.staffdecor.fr/download/5304,https://ged.staffdecor.fr/reference/d893
cl39-968,Parements - CL39.stl,stl,366.13 Ko,https://ged.staffdecor.fr/download/7095,https://ged.staffdecor.fr/reference/cl39-968
d568,D568.rfa,rfa,221.18 Ko,https://ged.staffdecor.fr/download/925,https://ged.staffdecor.fr/reference/d568
d125,D125.obj,obj,5.05 Ko,https://ged.staffdecor.fr/download/4319,https://ged.staffdecor.fr/reference/d125
1206-459,Rendu_1206.png,png,309.82 Ko,https://ged.staffdecor.fr/download/3999,https://ged.staffdecor.fr/reference/1206-459
plin40-r-734,PLIN40 PC SP.step,step,1.09 Mo,https://ged.staffdecor.fr/download/4221,https://ged.staffdecor.fr/reference/plin40-r-734
sd7500-key-west-7,SD7500-Key-West.stp,stp,1.02 Mo,https://ged.staffdecor.fr/download/1593,https://ged.staffdecor.fr/reference/sd7500-key-west-7
1221,Moulure-1221.pdf,pdf,49.84 Ko,https://ged.staffdecor.fr/download/4681,https://ged.staffdecor.fr/reference/1221
d113,Corniches - D113 - montage.pdf,pdf,59.29 Ko,https://ged.staffdecor.fr/download/5118,https://ged.staffdecor.fr/reference/d113
orn7g-1023,Ornement - ORN.7G.skp,skp,15.52 Mo,https://ged.staffdecor.fr/download/6411,https://ged.staffdecor.fr/reference/orn7g-1023
d898,Corniche - D898.skp,skp,265.02 Ko,https://ged.staffdecor.fr/download/6038,https://ged.staffdecor.fr/reference/d898
plin12led,PLIN12Led.max,max,999.42 Ko,https://ged.staffdecor.fr/download/3836,https://ged.staffdecor.fr/reference/plin12led
d108-1,Corniches - D108 - montage.pdf,pdf,87.77 Ko,https://ged.staffdecor.fr/download/4919,https://ged.staffdecor.fr/reference/d108-1
d572,Corniche - D572.skp,skp,223.94 Ko,https://ged.staffdecor.fr/download/5579,https://ged.staffdecor.fr/reference/d572
d616a,D616A_rendu.png,png,8.42 Mo,https://ged.staffdecor.fr/download/3521,https://ged.staffdecor.fr/reference/d616a
orn8d-1021,Ornement - ORN.8D.skp,skp,26.95 Mo,https://ged.staffdecor.fr/download/6409,https://ged.staffdecor.fr/reference/orn8d-1021
0714,Niches - 0714.stl,stl,4.28 Ko,https://ged.staffdecor.fr/download/7059,https://ged.staffdecor.fr/reference/0714
7075,7075 Caro.rfa,rfa,548.86 Ko,https://ged.staffdecor.fr/download/728,https://ged.staffdecor.fr/reference/7075
d562,D562.stp,stp,20.31 Ko,https://ged.staffdecor.fr/download/1005,https://ged.staffdecor.fr/reference/d562
1101-1108,Rendu_1101_1108.png,png,636.5 Ko,https://ged.staffdecor.fr/download/3995,https://ged.staffdecor.fr/reference/1101-1108
d891,Corniches - D891.max,max,733.18 Ko,https://ged.staffdecor.fr/download/4823,https://ged.staffdecor.fr/reference/d891
45-06,45-06.jpg,jpg,100.42 Ko,https://ged.staffdecor.fr/download/2538,https://ged.staffdecor.fr/reference/45-06
d704,D704.stp,stp,28.17 Ko,https://ged.staffdecor.fr/download/921,https://ged.staffdecor.fr/reference/d704
d116,D116.jpg,jpg,58.27 Ko,https://ged.staffdecor.fr/download/152,https://ged.staffdecor.fr/reference/d116
pl-voile-168,Plafonniers - PL.VOILE.skp,skp,2.59 Mo,https://ged.staffdecor.fr/download/6531,https://ged.staffdecor.fr/reference/pl-voile-168
1102,1102.rfa,rfa,225.28 Ko,https://ged.staffdecor.fr/download/1690,https://ged.staffdecor.fr/reference/1102
0732,Niches - 0732.stl,stl,1.66 Mo,https://ged.staffdecor.fr/download/7062,https://ged.staffdecor.fr/reference/0732
0726,Niches - 0726.skp,skp,398.34 Ko,https://ged.staffdecor.fr/download/6487,https://ged.staffdecor.fr/reference/0726
30-05,30-05.jpg,jpg,59.18 Ko,https://ged.staffdecor.fr/download/2600,https://ged.staffdecor.fr/reference/30-05
1140c,1140C.jpg,jpg,50.12 Ko,https://ged.staffdecor.fr/download/2320,https://ged.staffdecor.fr/reference/1140c
9224,9224.max,max,1 Mo,https://ged.staffdecor.fr/download/3679,https://ged.staffdecor.fr/reference/9224
1101h,Moulures - 1101H.skp,skp,13.24 Mo,https://ged.staffdecor.fr/download/5552,https://ged.staffdecor.fr/reference/1101h
plin12,Plinthe-PLIN12 et PLIN12A.pdf,pdf,32.5 Ko,https://ged.staffdecor.fr/download/4597,https://ged.staffdecor.fr/reference/plin12
1366,Rendu_1366.png,png,737.9 Ko,https://ged.staffdecor.fr/download/3955,https://ged.staffdecor.fr/reference/1366
d887,D887_rendu.png,png,7.45 Mo,https://ged.staffdecor.fr/download/3205,https://ged.staffdecor.fr/reference/d887
1120,1120.max,max,831.48 Ko,https://ged.staffdecor.fr/download/3988,https://ged.staffdecor.fr/reference/1120
9216,9216.stp,stp,149.91 Ko,https://ged.staffdecor.fr/download/769,https://ged.staffdecor.fr/reference/9216
bl170r50e,Profils LED - BL170R50E.png,png,62.37 Ko,https://ged.staffdecor.fr/download/6552,https://ged.staffdecor.fr/reference/bl170r50e
s-908-420,Corniches-S908.pdf,pdf,49.99 Ko,https://ged.staffdecor.fr/download/4548,https://ged.staffdecor.fr/reference/s-908-420
orn7d,Ornements - ORN7D.stl,stl,2.5 Mo,https://ged.staffdecor.fr/download/7040,https://ged.staffdecor.fr/reference/orn7d
cl31-facet-6,Parements -  CL31A et B.pdf,pdf,59.83 Ko,https://ged.staffdecor.fr/download/5807,https://ged.staffdecor.fr/reference/cl31-facet-6
30-52-392,Colonne-Ø15-socle-chapiteau.rfa,rfa,536.57 Ko,https://ged.staffdecor.fr/download/2469,https://ged.staffdecor.fr/reference/30-52-392
sdpa2,Corniches - SDPA2.stl,stl,1.88 Ko,https://ged.staffdecor.fr/download/6945,https://ged.staffdecor.fr/reference/sdpa2
1419,1419 (4) copie.jpg,jpg,808.04 Ko,https://ged.staffdecor.fr/download/5422,https://ged.staffdecor.fr/reference/1419
20-56h,20-06Het20-56H.rfa,rfa,249.85 Ko,https://ged.staffdecor.fr/download/1764,https://ged.staffdecor.fr/reference/20-56h
1145c-1,1145C.jpg,jpg,652.98 Ko,https://ged.staffdecor.fr/download/3917,https://ged.staffdecor.fr/reference/1145c-1
1367,Moulure-1367.pdf,pdf,49.04 Ko,https://ged.staffdecor.fr/download/4711,https://ged.staffdecor.fr/reference/1367
d707,Corniche - D707.skp,skp,307.41 Ko,https://ged.staffdecor.fr/download/6245,https://ged.staffdecor.fr/reference/d707
m205,Rosaces - M205.png,png,650.33 Ko,https://ged.staffdecor.fr/download/6980,https://ged.staffdecor.fr/reference/m205
d812,Corniches-D812.pdf,pdf,49.74 Ko,https://ged.staffdecor.fr/download/4520,https://ged.staffdecor.fr/reference/d812
e1020i,E1020I.pdf,pdf,59.6 Ko,https://ged.staffdecor.fr/download/4060,https://ged.staffdecor.fr/reference/e1020i
cl1213a,Parements - CL1213A_Pers.png,png,5.3 Mo,https://ged.staffdecor.fr/download/5706,https://ged.staffdecor.fr/reference/cl1213a
1155,Moulures - 1155.stl,stl,26.88 Ko,https://ged.staffdecor.fr/download/7140,https://ged.staffdecor.fr/reference/1155
31-01-394,Colonne-Ø15-socle-chapiteau.rfa,rfa,536.57 Ko,https://ged.staffdecor.fr/download/1665,https://ged.staffdecor.fr/reference/31-01-394
sv748,SV748.stp,stp,457.84 Ko,https://ged.staffdecor.fr/download/1232,https://ged.staffdecor.fr/reference/sv748
1112,Moulure - 1112.skp,skp,9.69 Mo,https://ged.staffdecor.fr/download/6097,https://ged.staffdecor.fr/reference/1112
m300,Rosaces - M300.png,png,3.06 Mo,https://ged.staffdecor.fr/download/6971,https://ged.staffdecor.fr/reference/m300
orn21,Ornements - ORN21.png,png,915.8 Ko,https://ged.staffdecor.fr/download/6285,https://ged.staffdecor.fr/reference/orn21
d117,D117.stp,stp,34.61 Ko,https://ged.staffdecor.fr/download/818,https://ged.staffdecor.fr/reference/d117
7035-labrys,7035-labrys1.jpg,jpg,28.6 Ko,https://ged.staffdecor.fr/download/416,https://ged.staffdecor.fr/reference/7035-labrys
pl-d567-343,PL.D567.rfa,rfa,413.69 Ko,https://ged.staffdecor.fr/download/1328,https://ged.staffdecor.fr/reference/pl-d567-343
d576,Corniches-D576.pdf,pdf,49.01 Ko,https://ged.staffdecor.fr/download/4469,https://ged.staffdecor.fr/reference/d576
d620,Corniches - D620.max,max,700.41 Ko,https://ged.staffdecor.fr/download/4789,https://ged.staffdecor.fr/reference/d620
plip1032,Plinthes - PLIP1032.png,png,329.32 Ko,https://ged.staffdecor.fr/download/6460,https://ged.staffdecor.fr/reference/plip1032
m060,Rosaces - M060.max,max,2.47 Mo,https://ged.staffdecor.fr/download/4861,https://ged.staffdecor.fr/reference/m060
moe45,MODULOSTAFF.pdf,pdf,1.13 Mo,https://ged.staffdecor.fr/download/2009,https://ged.staffdecor.fr/reference/moe45
d879c,Corniches - D879C.png,png,589.91 Ko,https://ged.staffdecor.fr/download/6300,https://ged.staffdecor.fr/reference/d879c
d751,Corniches-D751.pdf,pdf,50.81 Ko,https://ged.staffdecor.fr/download/4483,https://ged.staffdecor.fr/reference/d751
45-06,45-06.stp,stp,29.62 Ko,https://ged.staffdecor.fr/download/2539,https://ged.staffdecor.fr/reference/45-06
cl1213b,Parements - CL1213B_Face.png,png,7.59 Mo,https://ged.staffdecor.fr/download/5703,https://ged.staffdecor.fr/reference/cl1213b
d650a,Corniche - D650A.skp,skp,9.62 Mo,https://ged.staffdecor.fr/download/6031,https://ged.staffdecor.fr/reference/d650a
d622,Corniches-D622.pdf,pdf,49.88 Ko,https://ged.staffdecor.fr/download/4425,https://ged.staffdecor.fr/reference/d622
pl303,Plafonniers - PL303.skp,skp,3.42 Mo,https://ged.staffdecor.fr/download/6516,https://ged.staffdecor.fr/reference/pl303
res-10,Ornements - RES.10.pdf,pdf,52.28 Ko,https://ged.staffdecor.fr/download/6647,https://ged.staffdecor.fr/reference/res-10
m254,Rosaces - M254.stl,stl,3.17 Mo,https://ged.staffdecor.fr/download/7003,https://ged.staffdecor.fr/reference/m254
1410,Ornements - 1410.png,png,1.28 Mo,https://ged.staffdecor.fr/download/6280,https://ged.staffdecor.fr/reference/1410
t-sahara-201,T.SAHARA.rfa,rfa,28.48 Mo,https://ged.staffdecor.fr/download/1214,https://ged.staffdecor.fr/reference/t-sahara-201
2824l,Côtés de passages et dessous de poutres-2824L.pdf,pdf,130.72 Ko,https://ged.staffdecor.fr/download/5973,https://ged.staffdecor.fr/reference/2824l
jc55-20-427,JC55-20.stp,stp,18.45 Ko,https://ged.staffdecor.fr/download/1890,https://ged.staffdecor.fr/reference/jc55-20-427
e1010p,Profil Structurant Plaquisterie-E1010P.pdf,pdf,53.79 Ko,https://ged.staffdecor.fr/download/6679,https://ged.staffdecor.fr/reference/e1010p
plip1224,Plinthes - PLIP1224.skp,skp,309.68 Ko,https://ged.staffdecor.fr/download/6469,https://ged.staffdecor.fr/reference/plip1224
d100,Corniche - D100.skp,skp,227.87 Ko,https://ged.staffdecor.fr/download/5555,https://ged.staffdecor.fr/reference/d100
cl1213b,Parements - CL1213B.stl,stl,7.84 Mo,https://ged.staffdecor.fr/download/7089,https://ged.staffdecor.fr/reference/cl1213b
vase1800-350,VASE1800.jpg,jpg,52.34 Ko,https://ged.staffdecor.fr/download/694,https://ged.staffdecor.fr/reference/vase1800-350
1221,1221.max,max,843.77 Ko,https://ged.staffdecor.fr/download/4009,https://ged.staffdecor.fr/reference/1221
0742,0742.jpg,jpg,139.66 Ko,https://ged.staffdecor.fr/download/2811,https://ged.staffdecor.fr/reference/0742
d620,D620.stp,stp,19.7 Ko,https://ged.staffdecor.fr/download/1131,https://ged.staffdecor.fr/reference/d620
d702,Corniches - D702.max,max,868.35 Ko,https://ged.staffdecor.fr/download/4803,https://ged.staffdecor.fr/reference/d702
40-06,40-06.stp,stp,1.82 Mo,https://ged.staffdecor.fr/download/883,https://ged.staffdecor.fr/reference/40-06
u3225,U gamme standard verticale.rfa,rfa,262.14 Ko,https://ged.staffdecor.fr/download/2393,https://ged.staffdecor.fr/reference/u3225
plip1019,Plinthes - PLIP1019.skp,skp,694.47 Ko,https://ged.staffdecor.fr/download/6457,https://ged.staffdecor.fr/reference/plip1019
pl621,PL621.jpg,jpg,638.32 Ko,https://ged.staffdecor.fr/download/354,https://ged.staffdecor.fr/reference/pl621
d575-108,D575.jpg,jpg,606.92 Ko,https://ged.staffdecor.fr/download/219,https://ged.staffdecor.fr/reference/d575-108
m101,Rosaces - M101.png,png,439.85 Ko,https://ged.staffdecor.fr/download/6976,https://ged.staffdecor.fr/reference/m101
pl405,PL400-gamme.rfa,rfa,1.38 Mo,https://ged.staffdecor.fr/download/1419,https://ged.staffdecor.fr/reference/pl405
plin10m-sp,Rendu_PLIN10M.SP.png,png,983.75 Ko,https://ged.staffdecor.fr/download/3788,https://ged.staffdecor.fr/reference/plin10m-sp
sd7045,7045.jpg,jpg,141.31 Ko,https://ged.staffdecor.fr/download/2230,https://ged.staffdecor.fr/reference/sd7045
d575-108,Corniches-D575.pdf,pdf,49.02 Ko,https://ged.staffdecor.fr/download/4468,https://ged.staffdecor.fr/reference/d575-108
d568,D568.stp,stp,55.78 Ko,https://ged.staffdecor.fr/download/924,https://ged.staffdecor.fr/reference/d568
pl601-45d-374,PL601-45D.jpg,jpg,68.2 Ko,https://ged.staffdecor.fr/download/1460,https://ged.staffdecor.fr/reference/pl601-45d-374
e0510e-400,E0510E.jpg,jpg,37.84 Ko,https://ged.staffdecor.fr/download/3858,https://ged.staffdecor.fr/reference/e0510e-400
e2030e,E2030E.jpg,jpg,32.5 Ko,https://ged.staffdecor.fr/download/1952,https://ged.staffdecor.fr/reference/e2030e
20-56,20-56.stp,stp,57.42 Ko,https://ged.staffdecor.fr/download/1613,https://ged.staffdecor.fr/reference/20-56
1155,1155.rfa,rfa,221.18 Ko,https://ged.staffdecor.fr/download/2114,https://ged.staffdecor.fr/reference/1155
mod23,MOD23-24-25.rfa,rfa,249.85 Ko,https://ged.staffdecor.fr/download/1998,https://ged.staffdecor.fr/reference/mod23
d614,D614.jpg,jpg,611.66 Ko,https://ged.staffdecor.fr/download/189,https://ged.staffdecor.fr/reference/d614
d615,D615-3D.pdf,pdf,83.54 Ko,https://ged.staffdecor.fr/download/3114,https://ged.staffdecor.fr/reference/d615
orn12,Ornements - ORN12.stl,stl,2.5 Mo,https://ged.staffdecor.fr/download/7053,https://ged.staffdecor.fr/reference/orn12
d113m,D113M.jpg,jpg,54.28 Ko,https://ged.staffdecor.fr/download/146,https://ged.staffdecor.fr/reference/d113m
plinled12,Plinthe-PLINLED12.pdf,pdf,33.4 Ko,https://ged.staffdecor.fr/download/4612,https://ged.staffdecor.fr/reference/plinled12
1202bh,1202BH.stp,stp,131.58 Ko,https://ged.staffdecor.fr/download/2090,https://ged.staffdecor.fr/reference/1202bh
plin10m-sp,PLIN10M.SP.max,max,806.91 Ko,https://ged.staffdecor.fr/download/3789,https://ged.staffdecor.fr/reference/plin10m-sp
1304,Moulures - 1304.stl,stl,3.17 Mo,https://ged.staffdecor.fr/download/7174,https://ged.staffdecor.fr/reference/1304
bl170r25i,Profils LED - BL170R25I.png,png,1.18 Mo,https://ged.staffdecor.fr/download/6551,https://ged.staffdecor.fr/reference/bl170r25i
orn18-828,Ornements - ORN18.png,png,54.27 Ko,https://ged.staffdecor.fr/download/6366,https://ged.staffdecor.fr/reference/orn18-828
m403,Rosace - M403.skp,skp,20.46 Mo,https://ged.staffdecor.fr/download/7017,https://ged.staffdecor.fr/reference/m403
cl39-968,Parements - CL39.pdf,pdf,62.12 Ko,https://ged.staffdecor.fr/download/6114,https://ged.staffdecor.fr/reference/cl39-968
9011-639,Soubassements - 9011.pdf,pdf,56.41 Ko,https://ged.staffdecor.fr/download/5533,https://ged.staffdecor.fr/reference/9011-639
pl314,PL314.jpg,jpg,634.15 Ko,https://ged.staffdecor.fr/download/1431,https://ged.staffdecor.fr/reference/pl314
1140c-1,1140C.jpg,jpg,50.12 Ko,https://ged.staffdecor.fr/download/3907,https://ged.staffdecor.fr/reference/1140c-1
d897,Corniches - D897.max,max,741.15 Mo,https://ged.staffdecor.fr/download/4825,https://ged.staffdecor.fr/reference/d897
m203-1092,Rosaces - M203.png,png,725.1 Ko,https://ged.staffdecor.fr/download/6979,https://ged.staffdecor.fr/reference/m203-1092
9228,Rendu_9228.png,png,4.39 Mo,https://ged.staffdecor.fr/download/3688,https://ged.staffdecor.fr/reference/9228
s-908a-421,S-908A.rfa,rfa,290.81 Ko,https://ged.staffdecor.fr/download/1848,https://ged.staffdecor.fr/reference/s-908a-421
plinthes,Plinthes.png,png,10.02 Mo,https://ged.staffdecor.fr/download/6724,https://ged.staffdecor.fr/reference/plinthes
30-07,30-07.jpg,jpg,64.75 Ko,https://ged.staffdecor.fr/download/2602,https://ged.staffdecor.fr/reference/30-07
1304,Moulure - 1304.skp,skp,12.61 Mo,https://ged.staffdecor.fr/download/6101,https://ged.staffdecor.fr/reference/1304
m059,Rosaces - M059.png,png,2.07 Mo,https://ged.staffdecor.fr/download/6964,https://ged.staffdecor.fr/reference/m059
d550,Corniches-D550.pdf,pdf,49.99 Ko,https://ged.staffdecor.fr/download/4502,https://ged.staffdecor.fr/reference/d550
orn8d-1021,Ornements - ORN8D.png,png,1.2 Mo,https://ged.staffdecor.fr/download/6399,https://ged.staffdecor.fr/reference/orn8d-1021
9041-748,9041.pdf,pdf,53.31 Ko,https://ged.staffdecor.fr/download/4377,https://ged.staffdecor.fr/reference/9041-748
3900,Frontons - 3900.png,png,2.47 Mo,https://ged.staffdecor.fr/download/6472,https://ged.staffdecor.fr/reference/3900
d100,D100.obj,obj,51.56 Ko,https://ged.staffdecor.fr/download/4322,https://ged.staffdecor.fr/reference/d100
d101-1,Corniches-D101.pdf,pdf,49.25 Ko,https://ged.staffdecor.fr/download/4552,https://ged.staffdecor.fr/reference/d101-1
plip1032,Plinthes-PLIP1032.pdf,pdf,50.79 Ko,https://ged.staffdecor.fr/download/6176,https://ged.staffdecor.fr/reference/plip1032
1206-459,Moulure-1206.pdf,pdf,49.28 Ko,https://ged.staffdecor.fr/download/4672,https://ged.staffdecor.fr/reference/1206-459
30-59,30-59.stp,stp,11.96 Ko,https://ged.staffdecor.fr/download/2618,https://ged.staffdecor.fr/reference/30-59
9012,Soubassement - 9012.skp,skp,346.66 Ko,https://ged.staffdecor.fr/download/6068,https://ged.staffdecor.fr/reference/9012
d651,D651.stp,stp,59.58 Ko,https://ged.staffdecor.fr/download/914,https://ged.staffdecor.fr/reference/d651
jc43-21p-221,JC4-3-21P.rfa,rfa,237.56 Ko,https://ged.staffdecor.fr/download/1324,https://ged.staffdecor.fr/reference/jc43-21p-221
1101bh,Moulure-1101 BH.pdf,pdf,50.91 Ko,https://ged.staffdecor.fr/download/4624,https://ged.staffdecor.fr/reference/1101bh
9211,Lambris_décaisses_paramétrable.rfa,rfa,409.6 Ko,https://ged.staffdecor.fr/download/864,https://ged.staffdecor.fr/reference/9211
d555,Corniches - D555.obj,obj,14.88 Ko,https://ged.staffdecor.fr/download/5911,https://ged.staffdecor.fr/reference/d555
jc22-30-423,JC22-30.rfa,rfa,233.47 Ko,https://ged.staffdecor.fr/download/1876,https://ged.staffdecor.fr/reference/jc22-30-423
radia1,cache radiateur RADIA double  sans cimaise.stl,stl,503.18 Ko,https://ged.staffdecor.fr/download/5760,https://ged.staffdecor.fr/reference/radia1
d895,D895.jpg,jpg,6.19 Mo,https://ged.staffdecor.fr/download/5306,https://ged.staffdecor.fr/reference/d895
xr100,Gamme Variance - X.R100.pdf,pdf,71.31 Ko,https://ged.staffdecor.fr/download/6341,https://ged.staffdecor.fr/reference/xr100
enc35,ENC35.jpg,jpg,130.16 Ko,https://ged.staffdecor.fr/download/2206,https://ged.staffdecor.fr/reference/enc35
bl120,BL120.stp,stp,513.68 Ko,https://ged.staffdecor.fr/download/1292,https://ged.staffdecor.fr/reference/bl120
bl130,Profils LED - BL130.stl,stl,2.43 Ko,https://ged.staffdecor.fr/download/7105,https://ged.staffdecor.fr/reference/bl130
1304,Rendu_1304.png,png,1.12 Mo,https://ged.staffdecor.fr/download/3939,https://ged.staffdecor.fr/reference/1304
d650,D650_rendu.png,png,8.8 Mo,https://ged.staffdecor.fr/download/3258,https://ged.staffdecor.fr/reference/d650
d655,Corniches - D655.stl,stl,5 Mo,https://ged.staffdecor.fr/download/6879,https://ged.staffdecor.fr/reference/d655
30-53-1,Colonne-Ø20-socle-chapiteau.rfa,rfa,561.15 Ko,https://ged.staffdecor.fr/download/2473,https://ged.staffdecor.fr/reference/30-53-1
decaisse-grg,Plafonds décaissés - décaissé GRG.png,png,379.97 Ko,https://ged.staffdecor.fr/download/6554,https://ged.staffdecor.fr/reference/decaisse-grg
1408,Rosaces - 1408.jpg,jpg,658.79 Ko,https://ged.staffdecor.fr/download/6610,https://ged.staffdecor.fr/reference/1408
orn1d,Ornements - ORN1D.stl,stl,2.5 Mo,https://ged.staffdecor.fr/download/7039,https://ged.staffdecor.fr/reference/orn1d
30-04,30-04.jpg,jpg,50.93 Ko,https://ged.staffdecor.fr/download/2599,https://ged.staffdecor.fr/reference/30-04
d102-1,Corniches-D102.pdf,pdf,48.75 Ko,https://ged.staffdecor.fr/download/4553,https://ged.staffdecor.fr/reference/d102-1
1367,1367.max,max,774.14 Ko,https://ged.staffdecor.fr/download/3954,https://ged.staffdecor.fr/reference/1367
3904,Frontons - 3904.skp,skp,3.32 Mo,https://ged.staffdecor.fr/download/6490,https://ged.staffdecor.fr/reference/3904
e0510e-400,E0510E.jpg,jpg,37.84 Ko,https://ged.staffdecor.fr/download/1895,https://ged.staffdecor.fr/reference/e0510e-400
res-10,Ornements - RES.10.png,png,1.77 Mo,https://ged.staffdecor.fr/download/6648,https://ged.staffdecor.fr/reference/res-10
d556-2,D556.obj,obj,18.66 Ko,https://ged.staffdecor.fr/download/4344,https://ged.staffdecor.fr/reference/d556-2
plip1212,Plinthes - PLIP1212.skp,skp,297.69 Ko,https://ged.staffdecor.fr/download/6462,https://ged.staffdecor.fr/reference/plip1212
d654,Corniches - D654 .skp,skp,294.97 Ko,https://ged.staffdecor.fr/download/5638,https://ged.staffdecor.fr/reference/d654
d113,Corniches - D113.stl,stl,10.08 Ko,https://ged.staffdecor.fr/download/6749,https://ged.staffdecor.fr/reference/d113
cl1213b-1,Parements - CL1213B.pdf,pdf,169.31 Ko,https://ged.staffdecor.fr/download/6571,https://ged.staffdecor.fr/reference/cl1213b-1
d881,Corniche - D881.skp,skp,1.74 Mo,https://ged.staffdecor.fr/download/6935,https://ged.staffdecor.fr/reference/d881
plin11-pc-664,Plinthe-PLIN11.PC et PLIN11.PCA.pdf,pdf,33.56 Ko,https://ged.staffdecor.fr/download/4593,https://ged.staffdecor.fr/reference/plin11-pc-664
d560,Corniches - D560.obj,obj,66.88 Ko,https://ged.staffdecor.fr/download/5909,https://ged.staffdecor.fr/reference/d560
emb95-ebl0430-367,EMBL_rendu.png,png,6.52 Mo,https://ged.staffdecor.fr/download/3188,https://ged.staffdecor.fr/reference/emb95-ebl0430-367
0900,0900pilastre+0905socle.rfa,rfa,311.29 Ko,https://ged.staffdecor.fr/download/1775,https://ged.staffdecor.fr/reference/0900
orn5d-826,Ornements - ORN5D.stl,stl,2.5 Mo,https://ged.staffdecor.fr/download/7035,https://ged.staffdecor.fr/reference/orn5d-826
d569,Corniches - D569.stl,stl,404.08 Ko,https://ged.staffdecor.fr/download/6802,https://ged.staffdecor.fr/reference/d569
d880,D880.rfa,rfa,262.14 Ko,https://ged.staffdecor.fr/download/957,https://ged.staffdecor.fr/reference/d880
30-52-392,30-52.stp,stp,13.33 Ko,https://ged.staffdecor.fr/download/2464,https://ged.staffdecor.fr/reference/30-52-392
d106,D106.rfa,rfa,221.18 Ko,https://ged.staffdecor.fr/download/848,https://ged.staffdecor.fr/reference/d106
d657,Corniches-D657.pdf,pdf,50.23 Ko,https://ged.staffdecor.fr/download/4440,https://ged.staffdecor.fr/reference/d657
7080-877,Parements - 7080.png,png,2.81 Mo,https://ged.staffdecor.fr/download/5441,https://ged.staffdecor.fr/reference/7080-877
d894,Corniches-D894.pdf,pdf,50.19 Ko,https://ged.staffdecor.fr/download/5085,https://ged.staffdecor.fr/reference/d894
bl170a90i-721,Profils LED - BL170A90I.png,png,1.38 Mo,https://ged.staffdecor.fr/download/6549,https://ged.staffdecor.fr/reference/bl170a90i-721
1324,Moulures - 1324.skp,skp,227.11 Ko,https://ged.staffdecor.fr/download/5608,https://ged.staffdecor.fr/reference/1324
pl413,PL410-gamme.rfa,rfa,3.26 Mo,https://ged.staffdecor.fr/download/1422,https://ged.staffdecor.fr/reference/pl413
1345,Moulure-1345.pdf,pdf,49.36 Ko,https://ged.staffdecor.fr/download/4696,https://ged.staffdecor.fr/reference/1345
1165,1165.rfa,rfa,217.08 Ko,https://ged.staffdecor.fr/download/2974,https://ged.staffdecor.fr/reference/1165
pl170-p,Plafonniers -PL170.P.pdf,pdf,83.53 Ko,https://ged.staffdecor.fr/download/5790,https://ged.staffdecor.fr/reference/pl170-p
chevet2d-et-g-204,CHEVET2D-CHEVET2C.stp,stp,30.37 Mo,https://ged.staffdecor.fr/download/1283,https://ged.staffdecor.fr/reference/chevet2d-et-g-204
d650l,Corniches-D650L.pdf,pdf,50.47 Ko,https://ged.staffdecor.fr/download/4433,https://ged.staffdecor.fr/reference/d650l
7035-labrys,Parements - 7035_seul.max,max,2.95 Mo,https://ged.staffdecor.fr/download/5745,https://ged.staffdecor.fr/reference/7035-labrys
cl1213b,Parements - CL1213B.skp,skp,53.58 Mo,https://ged.staffdecor.fr/download/7088,https://ged.staffdecor.fr/reference/cl1213b
1310,Moulure - 1310.skp,skp,11.16 Mo,https://ged.staffdecor.fr/download/6102,https://ged.staffdecor.fr/reference/1310
d604,Corniche - D604.skp,skp,98.58 Ko,https://ged.staffdecor.fr/download/6825,https://ged.staffdecor.fr/reference/d604
7070-184,Parements - 7070.png,png,3.51 Mo,https://ged.staffdecor.fr/download/5440,https://ged.staffdecor.fr/reference/7070-184
d618,Corniches-D618.pdf,pdf,49.68 Ko,https://ged.staffdecor.fr/download/4424,https://ged.staffdecor.fr/reference/d618
45-51,45-51.stp,stp,38.72 Ko,https://ged.staffdecor.fr/download/2490,https://ged.staffdecor.fr/reference/45-51
d881b,Corniche - D881B.skp,skp,11.74 Mo,https://ged.staffdecor.fr/download/6042,https://ged.staffdecor.fr/reference/d881b
22105,Côtés de passages et dessous de poutres-22105.pdf,pdf,52.86 Ko,https://ged.staffdecor.fr/download/5988,https://ged.staffdecor.fr/reference/22105
d572,Corniches - D572.max,max,741.37 Ko,https://ged.staffdecor.fr/download/4854,https://ged.staffdecor.fr/reference/d572
9013,Soubassements - 9013.pdf,pdf,56.35 Ko,https://ged.staffdecor.fr/download/5538,https://ged.staffdecor.fr/reference/9013
2518,2518.jpg,jpg,41.32 Ko,https://ged.staffdecor.fr/download/2736,https://ged.staffdecor.fr/reference/2518
d620,Corniches - D620.obj,obj,31.58 Ko,https://ged.staffdecor.fr/download/5873,https://ged.staffdecor.fr/reference/d620
d100,Corniche - D100.png,png,6.63 Mo,https://ged.staffdecor.fr/download/4769,https://ged.staffdecor.fr/reference/d100
22119,Côtés de passages et dessous de poutres-22119.pdf,pdf,56.62 Ko,https://ged.staffdecor.fr/download/5979,https://ged.staffdecor.fr/reference/22119
d123,Corniches - D123.stl,stl,2.68 Ko,https://ged.staffdecor.fr/download/6759,https://ged.staffdecor.fr/reference/d123
m072,Rosaces - M072.png,png,628.68 Ko,https://ged.staffdecor.fr/download/6968,https://ged.staffdecor.fr/reference/m072
plin38,Plinthes - PLIN38.png,png,5.83 Mo,https://ged.staffdecor.fr/download/6438,https://ged.staffdecor.fr/reference/plin38
d562,Corniches - D562.stl,stl,2.68 Ko,https://ged.staffdecor.fr/download/6795,https://ged.staffdecor.fr/reference/d562
d845-272,Corniche - D845.skp,skp,26.62 Mo,https://ged.staffdecor.fr/download/6918,https://ged.staffdecor.fr/reference/d845-272
d830,Corniches-D830.pdf,pdf,49.57 Ko,https://ged.staffdecor.fr/download/4451,https://ged.staffdecor.fr/reference/d830
45-03,45-03.jpg,jpg,93.73 Ko,https://ged.staffdecor.fr/download/2508,https://ged.staffdecor.fr/reference/45-03
1340,1340_moulure_ornementée_mur.png,png,3.27 Mo,https://ged.staffdecor.fr/download/5433,https://ged.staffdecor.fr/reference/1340
plint10-spa,Plinthe-PLINT10.SP et PLINT10.SPA.pdf,pdf,33 Ko,https://ged.staffdecor.fr/download/4616,https://ged.staffdecor.fr/reference/plint10-spa
2044,Côtés de passages et dessous de poutres-2044.pdf,pdf,57.01 Ko,https://ged.staffdecor.fr/download/6005,https://ged.staffdecor.fr/reference/2044
m306,Rosaces - M306.png,png,8.22 Mo,https://ged.staffdecor.fr/download/4880,https://ged.staffdecor.fr/reference/m306
9315c,9315C.jpg,jpg,68.47 Ko,https://ged.staffdecor.fr/download/3220,https://ged.staffdecor.fr/reference/9315c
plint,PLINT.rfa,rfa,221.18 Ko,https://ged.staffdecor.fr/download/1516,https://ged.staffdecor.fr/reference/plint
orn2d-821,Ornements - ORN2D.png,png,1.4 Mo,https://ged.staffdecor.fr/download/6422,https://ged.staffdecor.fr/reference/orn2d-821
d650b,Corniches - D650B.stl,stl,3.2 Mo,https://ged.staffdecor.fr/download/6870,https://ged.staffdecor.fr/reference/d650b
1364,Rendu_1364.png,png,613.78 Ko,https://ged.staffdecor.fr/download/4707,https://ged.staffdecor.fr/reference/1364
d802,Corniches - D802.max,max,876.54 Ko,https://ged.staffdecor.fr/download/4813,https://ged.staffdecor.fr/reference/d802
m20-56h,M20-56H.jpg,jpg,626.26 Ko,https://ged.staffdecor.fr/download/89,https://ged.staffdecor.fr/reference/m20-56h
d611,Corniches - D611.obj,obj,84.54 Ko,https://ged.staffdecor.fr/download/5890,https://ged.staffdecor.fr/reference/d611
d897,D897_rendu.png,png,7.32 Mo,https://ged.staffdecor.fr/download/3209,https://ged.staffdecor.fr/reference/d897
1165,Moulures - 1165.stl,stl,1.48 Ko,https://ged.staffdecor.fr/download/7143,https://ged.staffdecor.fr/reference/1165
jc22-10-422,JC22.10.jpg,jpg,62.15 Ko,https://ged.staffdecor.fr/download/6684,https://ged.staffdecor.fr/reference/jc22-10-422
e0510e-400,E0510E.pdf,pdf,59.39 Ko,https://ged.staffdecor.fr/download/3859,https://ged.staffdecor.fr/reference/e0510e-400
r-plaq55-347,Trappes - R.PLAQ55.pdf,pdf,79.02 Ko,https://ged.staffdecor.fr/download/6666,https://ged.staffdecor.fr/reference/r-plaq55-347
d879,Corniches - D879.png,png,740.88 Ko,https://ged.staffdecor.fr/download/6291,https://ged.staffdecor.fr/reference/d879
d633,D633.stp,stp,56.19 Ko,https://ged.staffdecor.fr/download/2859,https://ged.staffdecor.fr/reference/d633
30-54,30-54.jpg,jpg,46.5 Ko,https://ged.staffdecor.fr/download/2608,https://ged.staffdecor.fr/reference/30-54
d613,Corniche - D613.skp,skp,5.14 Mo,https://ged.staffdecor.fr/download/6028,https://ged.staffdecor.fr/reference/d613
d879b3,Corniches - D879B3.png,png,20.54 Ko,https://ged.staffdecor.fr/download/6295,https://ged.staffdecor.fr/reference/d879b3
d616,Corniches - D616.max,max,950.27 Ko,https://ged.staffdecor.fr/download/4787,https://ged.staffdecor.fr/reference/d616
d101-1,D101.stp,stp,20.05 Ko,https://ged.staffdecor.fr/download/785,https://ged.staffdecor.fr/reference/d101-1
1210bh,1210BH.rfa,rfa,385.02 Ko,https://ged.staffdecor.fr/download/2078,https://ged.staffdecor.fr/reference/1210bh
3900,Frontons - 3900.pdf,pdf,596.33 Ko,https://ged.staffdecor.fr/download/6491,https://ged.staffdecor.fr/reference/3900
d656,Corniches - D656.obj,obj,79.65 Ko,https://ged.staffdecor.fr/download/5875,https://ged.staffdecor.fr/reference/d656
0734,0734.stp,stp,26.83 Ko,https://ged.staffdecor.fr/download/2781,https://ged.staffdecor.fr/reference/0734
1151,1151.max,max,29.42 Mo,https://ged.staffdecor.fr/download/3932,https://ged.staffdecor.fr/reference/1151
d116,Corniches - D116.stl,stl,18.48 Ko,https://ged.staffdecor.fr/download/6754,https://ged.staffdecor.fr/reference/d116
ebp0830,EBP0830.jpg,jpg,2.39 Mo,https://ged.staffdecor.fr/download/2844,https://ged.staffdecor.fr/reference/ebp0830
enc35,ENC35.dgk,dgk,4.79 Mo,https://ged.staffdecor.fr/download/2207,https://ged.staffdecor.fr/reference/enc35
6105,6105.jpg,jpg,651.4 Ko,https://ged.staffdecor.fr/download/2297,https://ged.staffdecor.fr/reference/6105
d903-1,D903_rendu.png,png,7.53 Mo,https://ged.staffdecor.fr/download/3461,https://ged.staffdecor.fr/reference/d903-1
6200,6200.rfa,rfa,253.95 Ko,https://ged.staffdecor.fr/download/2308,https://ged.staffdecor.fr/reference/6200
30-62,Demies-colonnes lisses.rfa,rfa,290.81 Ko,https://ged.staffdecor.fr/download/2597,https://ged.staffdecor.fr/reference/30-62
d712,Corniches-D712.pdf,pdf,49.85 Ko,https://ged.staffdecor.fr/download/4516,https://ged.staffdecor.fr/reference/d712
d103-1,Corniches - D103.jpg,jpg,633.84 Ko,https://ged.staffdecor.fr/download/5259,https://ged.staffdecor.fr/reference/d103-1
d835,D835_rendu.png,png,7.41 Mo,https://ged.staffdecor.fr/download/3357,https://ged.staffdecor.fr/reference/d835
1125,1125.max,max,851.96 Ko,https://ged.staffdecor.fr/download/3982,https://ged.staffdecor.fr/reference/1125
d601,Corniches - D601.stl,stl,50.08 Ko,https://ged.staffdecor.fr/download/6823,https://ged.staffdecor.fr/reference/d601
30-02-391,Colonnes lisses.rfa,rfa,290.81 Ko,https://ged.staffdecor.fr/download/2561,https://ged.staffdecor.fr/reference/30-02-391
1366,Moulures - 1366.stl,stl,1.48 Ko,https://ged.staffdecor.fr/download/7163,https://ged.staffdecor.fr/reference/1366
d574-1,Corniches-D574.pdf,pdf,49.92 Ko,https://ged.staffdecor.fr/download/4411,https://ged.staffdecor.fr/reference/d574-1
m061,Rosaces - M061.png,png,937.62 Ko,https://ged.staffdecor.fr/download/6965,https://ged.staffdecor.fr/reference/m061
bp-pf1-213,Profil de finition - BP.PF1.pdf,pdf,54.72 Ko,https://ged.staffdecor.fr/download/5822,https://ged.staffdecor.fr/reference/bp-pf1-213
sdc1,SDC1.pdf,pdf,76.75 Ko,https://ged.staffdecor.fr/download/3227,https://ged.staffdecor.fr/reference/sdc1
30-54,30-54.stp,stp,11.46 Ko,https://ged.staffdecor.fr/download/2613,https://ged.staffdecor.fr/reference/30-54
98520,98520.stp,stp,103.1 Ko,https://ged.staffdecor.fr/download/773,https://ged.staffdecor.fr/reference/98520
98540-1,98540.stp,stp,97.69 Ko,https://ged.staffdecor.fr/download/778,https://ged.staffdecor.fr/reference/98540-1
1104b-706,Moulure - 1104B.skp,skp,9.6 Mo,https://ged.staffdecor.fr/download/6094,https://ged.staffdecor.fr/reference/1104b-706
1363,Moulure-1363.pdf,pdf,49.56 Ko,https://ged.staffdecor.fr/download/4701,https://ged.staffdecor.fr/reference/1363
1103c,Cimaises-1103C.pdf,pdf,52.3 Ko,https://ged.staffdecor.fr/download/6007,https://ged.staffdecor.fr/reference/1103c
2624,2624.jpg,jpg,53.19 Ko,https://ged.staffdecor.fr/download/2769,https://ged.staffdecor.fr/reference/2624
0905,0900pilastre+0905socle.rfa,rfa,311.29 Ko,https://ged.staffdecor.fr/download/1771,https://ged.staffdecor.fr/reference/0905
d881,Corniches - D881.png,png,2.73 Mo,https://ged.staffdecor.fr/download/6934,https://ged.staffdecor.fr/reference/d881
9011-639,Rendu_9011.png,png,3.75 Mo,https://ged.staffdecor.fr/download/3654,https://ged.staffdecor.fr/reference/9011-639
d567,D567.jpg,jpg,58.84 Ko,https://ged.staffdecor.fr/download/210,https://ged.staffdecor.fr/reference/d567
d114m,Corniches - D114M.stl,stl,15.28 Ko,https://ged.staffdecor.fr/download/6753,https://ged.staffdecor.fr/reference/d114m
emb95-ebl0430-218,Profil EBL0430 EMB95 - montage.pdf,pdf,61.94 Ko,https://ged.staffdecor.fr/download/5925,https://ged.staffdecor.fr/reference/emb95-ebl0430-218
20-58-396,Colonne-Ø10-socle-collerette.rfa,rfa,372.73 Ko,https://ged.staffdecor.fr/download/1758,https://ged.staffdecor.fr/reference/20-58-396
d652a,Corniches - D652A.obj,obj,337.58 Mo,https://ged.staffdecor.fr/download/5879,https://ged.staffdecor.fr/reference/d652a
d898,Corniches - D898.max,max,798.72 Ko,https://ged.staffdecor.fr/download/4826,https://ged.staffdecor.fr/reference/d898
3905,Frontons - 3905.png,png,4.24 Mo,https://ged.staffdecor.fr/download/6477,https://ged.staffdecor.fr/reference/3905
res-5-861,Ornements résine - RES.5.skp,skp,35.97 Mo,https://ged.staffdecor.fr/download/6600,https://ged.staffdecor.fr/reference/res-5-861
d110,D110.stp,stp,266.52 Ko,https://ged.staffdecor.fr/download/808,https://ged.staffdecor.fr/reference/d110
1121,1121.jpg,jpg,630.34 Ko,https://ged.staffdecor.fr/download/30,https://ged.staffdecor.fr/reference/1121
d545,D545.jpg,jpg,84.16 Ko,https://ged.staffdecor.fr/download/1220,https://ged.staffdecor.fr/reference/d545
d629,D629-solide.rfa,rfa,520.19 Ko,https://ged.staffdecor.fr/download/1048,https://ged.staffdecor.fr/reference/d629
d566,Corniches - D566.max,max,279.66 Mo,https://ged.staffdecor.fr/download/4852,https://ged.staffdecor.fr/reference/d566
9216,9216.jpg,jpg,629.45 Ko,https://ged.staffdecor.fr/download/606,https://ged.staffdecor.fr/reference/9216
m038,Rosaces - M038.stl,stl,2.5 Mo,https://ged.staffdecor.fr/download/6988,https://ged.staffdecor.fr/reference/m038
1166,Moulures - 1166.stl,stl,25.48 Ko,https://ged.staffdecor.fr/download/7144,https://ged.staffdecor.fr/reference/1166
d712,Corniche - D712.skp,skp,1.42 Mo,https://ged.staffdecor.fr/download/6270,https://ged.staffdecor.fr/reference/d712
d607,Corniches - D607.stl,stl,20.48 Ko,https://ged.staffdecor.fr/download/6831,https://ged.staffdecor.fr/reference/d607
d625,Corniches-D625.pdf,pdf,50.24 Ko,https://ged.staffdecor.fr/download/4428,https://ged.staffdecor.fr/reference/d625
d886,D886.rfa,rfa,233.47 Ko,https://ged.staffdecor.fr/download/965,https://ged.staffdecor.fr/reference/d886
d820,D820.rfa,rfa,229.37 Ko,https://ged.staffdecor.fr/download/942,https://ged.staffdecor.fr/reference/d820
m212,Rosaces - M212.png,png,688 Ko,https://ged.staffdecor.fr/download/6984,https://ged.staffdecor.fr/reference/m212
40-06,40-06.jpg,jpg,665.53 Ko,https://ged.staffdecor.fr/download/76,https://ged.staffdecor.fr/reference/40-06
m211,Rosaces - M211.png,png,524 Ko,https://ged.staffdecor.fr/download/6981,https://ged.staffdecor.fr/reference/m211
r-trelec,R.TRELEC.jpg,jpg,78.78 Ko,https://ged.staffdecor.fr/download/2330,https://ged.staffdecor.fr/reference/r-trelec
d564,Corniches - D564.obj,obj,3.41 Ko,https://ged.staffdecor.fr/download/5906,https://ged.staffdecor.fr/reference/d564
1364,1364.max,max,1.39 Mo,https://ged.staffdecor.fr/download/4708,https://ged.staffdecor.fr/reference/1364
d615,D615.skp,skp,91.98 Ko,https://ged.staffdecor.fr/download/3719,https://ged.staffdecor.fr/reference/d615
1343,1343.jpg,jpg,633.51 Ko,https://ged.staffdecor.fr/download/49,https://ged.staffdecor.fr/reference/1343
tal44,Talons - TAL44.jpg,jpg,110.97 Ko,https://ged.staffdecor.fr/download/5736,https://ged.staffdecor.fr/reference/tal44
1131,Moulure-1131.pdf,pdf,49.26 Ko,https://ged.staffdecor.fr/download/4660,https://ged.staffdecor.fr/reference/1131
d102-1,D102.obj,obj,16.59 Ko,https://ged.staffdecor.fr/download/4324,https://ged.staffdecor.fr/reference/d102-1
1365,Moulure-1365.pdf,pdf,48.96 Ko,https://ged.staffdecor.fr/download/4709,https://ged.staffdecor.fr/reference/1365
9315c-1,9315C.stp,stp,23.3 Ko,https://ged.staffdecor.fr/download/3886,https://ged.staffdecor.fr/reference/9315c-1
sdpa1,Corniches-SDPA1.pdf,pdf,49.79 Ko,https://ged.staffdecor.fr/download/4490,https://ged.staffdecor.fr/reference/sdpa1
sdc2-1,SDC2-High-Line 2.rfa,rfa,335.87 Ko,https://ged.staffdecor.fr/download/3901,https://ged.staffdecor.fr/reference/sdc2-1
d578,Corniches - D578.obj,obj,45.07 Ko,https://ged.staffdecor.fr/download/5897,https://ged.staffdecor.fr/reference/d578
d717,D717.rfa,rfa,225.28 Ko,https://ged.staffdecor.fr/download/991,https://ged.staffdecor.fr/reference/d717
30-11,30-11.jpg,jpg,68.66 Ko,https://ged.staffdecor.fr/download/2606,https://ged.staffdecor.fr/reference/30-11
pl402,PL402.stp,stp,7.7 Mo,https://ged.staffdecor.fr/download/1365,https://ged.staffdecor.fr/reference/pl402
0712,Niches - 0712.skp,skp,3.26 Mo,https://ged.staffdecor.fr/download/6485,https://ged.staffdecor.fr/reference/0712
m504,Rosaces - M504.max,max,233.91 Mo,https://ged.staffdecor.fr/download/4873,https://ged.staffdecor.fr/reference/m504
d117,D117.jpg,jpg,58.83 Ko,https://ged.staffdecor.fr/download/154,https://ged.staffdecor.fr/reference/d117
r-trelec,Trappes - R.TRELEC.pdf,pdf,67.79 Ko,https://ged.staffdecor.fr/download/5830,https://ged.staffdecor.fr/reference/r-trelec
plin10,PLIN10_rendu.png,png,1.08 Mo,https://ged.staffdecor.fr/download/3777,https://ged.staffdecor.fr/reference/plin10
bl130,Profil LED -BL130.pdf,pdf,56.34 Ko,https://ged.staffdecor.fr/download/5776,https://ged.staffdecor.fr/reference/bl130
d606,Corniches - D606.obj,obj,106.13 Ko,https://ged.staffdecor.fr/download/5892,https://ged.staffdecor.fr/reference/d606
d891,Corniches-D891.pdf,pdf,49.13 Ko,https://ged.staffdecor.fr/download/4487,https://ged.staffdecor.fr/reference/d891
9215,9215.jpg,jpg,625.61 Ko,https://ged.staffdecor.fr/download/604,https://ged.staffdecor.fr/reference/9215
pl405,PL405.stp,stp,13.84 Mo,https://ged.staffdecor.fr/download/1366,https://ged.staffdecor.fr/reference/pl405
orn15,Ornements - ORN15.png,png,1.37 Mo,https://ged.staffdecor.fr/download/6357,https://ged.staffdecor.fr/reference/orn15
bl120,BL.120.rfa,rfa,237.56 Ko,https://ged.staffdecor.fr/download/1291,https://ged.staffdecor.fr/reference/bl120
1103c,1103C.pdf,pdf,75.85 Ko,https://ged.staffdecor.fr/download/3879,https://ged.staffdecor.fr/reference/1103c
1204h,Moulures - 1204H.stl,stl,2.44 Mo,https://ged.staffdecor.fr/download/7149,https://ged.staffdecor.fr/reference/1204h
m402,Rosaces - M402.stl,stl,2.5 Mo,https://ged.staffdecor.fr/download/7015,https://ged.staffdecor.fr/reference/m402
30-05,Colonnes lisses.rfa,rfa,290.81 Ko,https://ged.staffdecor.fr/download/2567,https://ged.staffdecor.fr/reference/30-05
d901,Corniches - D901.max,max,843.77 Ko,https://ged.staffdecor.fr/download/4827,https://ged.staffdecor.fr/reference/d901
bl131,BL131.stp,stp,18.19 Ko,https://ged.staffdecor.fr/download/1296,https://ged.staffdecor.fr/reference/bl131
7036,7036.jpg,jpg,648.51 Ko,https://ged.staffdecor.fr/download/439,https://ged.staffdecor.fr/reference/7036
1220-1,1220.stp,stp,42.78 Ko,https://ged.staffdecor.fr/download/2913,https://ged.staffdecor.fr/reference/1220-1
7071,7071 Golf.stp,stp,425.72 Ko,https://ged.staffdecor.fr/download/724,https://ged.staffdecor.fr/reference/7071
1370,Rendu_1370.png,png,985.25 Ko,https://ged.staffdecor.fr/download/4016,https://ged.staffdecor.fr/reference/1370
9011-639,Soubassements - 9011 -9012 -9013-gamme.pdf,pdf,58.42 Ko,https://ged.staffdecor.fr/download/5532,https://ged.staffdecor.fr/reference/9011-639
d887,Corniches-D887.pdf,pdf,49.82 Ko,https://ged.staffdecor.fr/download/4539,https://ged.staffdecor.fr/reference/d887
d118-1,Corniches-D118.pdf,pdf,54.84 Ko,https://ged.staffdecor.fr/download/5680,https://ged.staffdecor.fr/reference/d118-1
d113,Corniche - D113.skp,skp,520.04 Ko,https://ged.staffdecor.fr/download/6227,https://ged.staffdecor.fr/reference/d113
d880a-1,Corniche - D880A.skp,skp,4.33 Mo,https://ged.staffdecor.fr/download/6930,https://ged.staffdecor.fr/reference/d880a-1
sdc1-1,SDC1-High-Line.rfa,rfa,303.1 Ko,https://ged.staffdecor.fr/download/3896,https://ged.staffdecor.fr/reference/sdc1-1
9214,9214.jpg,jpg,620.89 Ko,https://ged.staffdecor.fr/download/602,https://ged.staffdecor.fr/reference/9214
orn2d-821,Ornements - ORN2D.stl,stl,2.5 Mo,https://ged.staffdecor.fr/download/7034,https://ged.staffdecor.fr/reference/orn2d-821
plin40-r,Plinthe-PLIN40.R.pdf,pdf,51.33 Ko,https://ged.staffdecor.fr/download/4719,https://ged.staffdecor.fr/reference/plin40-r
pl-evol-489,Plafonniers - PL.EVOL.png,png,280.02 Ko,https://ged.staffdecor.fr/download/6522,https://ged.staffdecor.fr/reference/pl-evol-489
pl-bas2-p-914,Puis de lumières - PL.BAS2.P.pdf,pdf,91.79 Ko,https://ged.staffdecor.fr/download/5789,https://ged.staffdecor.fr/reference/pl-bas2-p-914
orn13,Ornements - ORN13.png,png,51.99 Ko,https://ged.staffdecor.fr/download/6363,https://ged.staffdecor.fr/reference/orn13
d607,D607.rfa,rfa,221.18 Ko,https://ged.staffdecor.fr/download/989,https://ged.staffdecor.fr/reference/d607
e2020i,E2020I.stp,stp,11.34 Ko,https://ged.staffdecor.fr/download/1922,https://ged.staffdecor.fr/reference/e2020i
m20-06h-41,M20-06H.jpg,jpg,634.09 Ko,https://ged.staffdecor.fr/download/88,https://ged.staffdecor.fr/reference/m20-06h-41
d704,D704.rfa,rfa,221.18 Ko,https://ged.staffdecor.fr/download/920,https://ged.staffdecor.fr/reference/d704
plin40-s,PLIN40.S.step,step,1.22 Mo,https://ged.staffdecor.fr/download/4726,https://ged.staffdecor.fr/reference/plin40-s
d572,D572.obj,obj,2.8 Ko,https://ged.staffdecor.fr/download/4346,https://ged.staffdecor.fr/reference/d572
plin12,PLIN12.jpg,jpg,54.01 Ko,https://ged.staffdecor.fr/download/1503,https://ged.staffdecor.fr/reference/plin12
d894,D894.jpg,jpg,4.3 Mo,https://ged.staffdecor.fr/download/5305,https://ged.staffdecor.fr/reference/d894
d105a-b,Corniche - D105A et D105B.skp,skp,296.97 Ko,https://ged.staffdecor.fr/download/6224,https://ged.staffdecor.fr/reference/d105a-b
d708,Corniches - D708.skp,skp,245.98 Ko,https://ged.staffdecor.fr/download/5633,https://ged.staffdecor.fr/reference/d708
bl160,BL160.jpg,jpg,59.41 Ko,https://ged.staffdecor.fr/download/464,https://ged.staffdecor.fr/reference/bl160
1005,1005.jpg,jpg,606.03 Ko,https://ged.staffdecor.fr/download/576,https://ged.staffdecor.fr/reference/1005
moa24,MOA24.jpg,jpg,51.32 Ko,https://ged.staffdecor.fr/download/1982,https://ged.staffdecor.fr/reference/moa24
plint10-pca,Plinthe-PLINT10.PCet PLINT10.PCA.pdf,pdf,33.12 Ko,https://ged.staffdecor.fr/download/4618,https://ged.staffdecor.fr/reference/plint10-pca
d656,D656.rfa,rfa,229.37 Ko,https://ged.staffdecor.fr/download/934,https://ged.staffdecor.fr/reference/d656
d609,D609.jpg,jpg,605.65 Ko,https://ged.staffdecor.fr/download/169,https://ged.staffdecor.fr/reference/d609
7073,7073 Macarons.stp,stp,1.07 Mo,https://ged.staffdecor.fr/download/715,https://ged.staffdecor.fr/reference/7073
9045,Soubassements - 9045.max,max,1.06 Mo,https://ged.staffdecor.fr/download/5454,https://ged.staffdecor.fr/reference/9045
9212,Rendu_9212.png,png,1.71 Mo,https://ged.staffdecor.fr/download/3664,https://ged.staffdecor.fr/reference/9212
2630,2630.jpg,jpg,57.16 Ko,https://ged.staffdecor.fr/download/2771,https://ged.staffdecor.fr/reference/2630
d114,D114.rfa,rfa,237.56 Ko,https://ged.staffdecor.fr/download/816,https://ged.staffdecor.fr/reference/d114
40-40-39,40-40.stp,stp,1.1 Mo,https://ged.staffdecor.fr/download/876,https://ged.staffdecor.fr/reference/40-40-39
res-1-4,Ornements résine - RES.1.4.png,png,201.6 Ko,https://ged.staffdecor.fr/download/6223,https://ged.staffdecor.fr/reference/res-1-4
d801,Corniches - D801.skp,skp,269.1 Ko,https://ged.staffdecor.fr/download/5626,https://ged.staffdecor.fr/reference/d801
d631,Corniches-D631.pdf,pdf,49.45 Ko,https://ged.staffdecor.fr/download/4476,https://ged.staffdecor.fr/reference/d631
d632,Corniches - D632.obj,obj,26.94 Ko,https://ged.staffdecor.fr/download/5885,https://ged.staffdecor.fr/reference/d632
7035-labrys,Parements - 7035_assemblee.max,max,32.93 Mo,https://ged.staffdecor.fr/download/5746,https://ged.staffdecor.fr/reference/7035-labrys
d703,Corniches - D703.obj,obj,87.46 Ko,https://ged.staffdecor.fr/download/5872,https://ged.staffdecor.fr/reference/d703
orn8g,Ornements - ORN8G.stl,stl,2.5 Mo,https://ged.staffdecor.fr/download/7049,https://ged.staffdecor.fr/reference/orn8g
d883,Corniches - D883.max,max,152.16 Mo,https://ged.staffdecor.fr/download/6141,https://ged.staffdecor.fr/reference/d883
9205,9205.stp,stp,319.94 Ko,https://ged.staffdecor.fr/download/763,https://ged.staffdecor.fr/reference/9205
d830,D830.rfa,rfa,221.18 Ko,https://ged.staffdecor.fr/download/948,https://ged.staffdecor.fr/reference/d830
bp-pf2-214,Profils de finition - BP.PF2.stl,stl,6.68 Ko,https://ged.staffdecor.fr/download/7079,https://ged.staffdecor.fr/reference/bp-pf2-214
7035-labrys,7035-labrys.jpg,jpg,53.89 Ko,https://ged.staffdecor.fr/download/419,https://ged.staffdecor.fr/reference/7035-labrys
1155,Moulures - 1155.skp,skp,177.33 Ko,https://ged.staffdecor.fr/download/5671,https://ged.staffdecor.fr/reference/1155
1200bh,1200BH.stp,stp,118.08 Ko,https://ged.staffdecor.fr/download/2081,https://ged.staffdecor.fr/reference/1200bh
9043,Soubassements - 9043.max,max,54.52 Mo,https://ged.staffdecor.fr/download/5455,https://ged.staffdecor.fr/reference/9043
9044,9044.pdf,pdf,52.88 Ko,https://ged.staffdecor.fr/download/4371,https://ged.staffdecor.fr/reference/9044
d720,Corniches - D720.max,max,798.72 Ko,https://ged.staffdecor.fr/download/4809,https://ged.staffdecor.fr/reference/d720
pl110,PL110-2.jpg,jpg,77.53 Ko,https://ged.staffdecor.fr/download/1257,https://ged.staffdecor.fr/reference/pl110
1104,Moulures - 1104.stl,stl,118.31 Mo,https://ged.staffdecor.fr/download/7118,https://ged.staffdecor.fr/reference/1104
d891,D891.stp,stp,22.96 Ko,https://ged.staffdecor.fr/download/1010,https://ged.staffdecor.fr/reference/d891
orn16,Ornement - ORN.16.skp,skp,23.73 Mo,https://ged.staffdecor.fr/download/6359,https://ged.staffdecor.fr/reference/orn16
d652a,Corniches - D652A.stl,stl,2.51 Mo,https://ged.staffdecor.fr/download/6873,https://ged.staffdecor.fr/reference/d652a
9013,Soubassements - 9011 -9012 -9013-gamme.pdf,pdf,58.42 Ko,https://ged.staffdecor.fr/download/5536,https://ged.staffdecor.fr/reference/9013
m060,Rosaces - M060.stl,stl,1.5 Mo,https://ged.staffdecor.fr/download/6991,https://ged.staffdecor.fr/reference/m060
1326,1326_moulure_ornementée_mur.png,png,966 Ko,https://ged.staffdecor.fr/download/5431,https://ged.staffdecor.fr/reference/1326
e0510e-400,E0510E.rfa,rfa,217.08 Ko,https://ged.staffdecor.fr/download/1783,https://ged.staffdecor.fr/reference/e0510e-400
pl319-578,Plafonniers - PL319.jpg,jpg,49.99 Ko,https://ged.staffdecor.fr/download/6523,https://ged.staffdecor.fr/reference/pl319-578
plin08,PLIN08.rfa,rfa,221.18 Ko,https://ged.staffdecor.fr/download/1493,https://ged.staffdecor.fr/reference/plin08
d564,D564_rendu.png,png,8.34 Mo,https://ged.staffdecor.fr/download/3234,https://ged.staffdecor.fr/reference/d564
d632,D632_rendu.png,png,8.2 Mo,https://ged.staffdecor.fr/download/3248,https://ged.staffdecor.fr/reference/d632
d615,D615.jpg,jpg,135.52 Ko,https://ged.staffdecor.fr/download/1047,https://ged.staffdecor.fr/reference/d615
d108-1,Corniches - D108.max,max,778.24 Ko,https://ged.staffdecor.fr/download/4831,https://ged.staffdecor.fr/reference/d108-1
9041-748,Gamme 9040 à finir motif 80 cm.pdf,pdf,100.56 Ko,https://ged.staffdecor.fr/download/4379,https://ged.staffdecor.fr/reference/9041-748
d110,Corniches - D110.stl,stl,10.48 Ko,https://ged.staffdecor.fr/download/6748,https://ged.staffdecor.fr/reference/d110
cl31-facet-6,CL31-AetB.jpg,jpg,469.48 Ko,https://ged.staffdecor.fr/download/2135,https://ged.staffdecor.fr/reference/cl31-facet-6
d716,Corniches-D716.pdf,pdf,50.04 Ko,https://ged.staffdecor.fr/download/4518,https://ged.staffdecor.fr/reference/d716
7036,7036.stp,stp,249.56 Ko,https://ged.staffdecor.fr/download/745,https://ged.staffdecor.fr/reference/7036
cl1213d,Parements - CL1213D_Face.png,png,3.11 Mo,https://ged.staffdecor.fr/download/5711,https://ged.staffdecor.fr/reference/cl1213d
xc090,Gamme Variance - X.C090.pdf,pdf,51.32 Ko,https://ged.staffdecor.fr/download/6337,https://ged.staffdecor.fr/reference/xc090
30-03-43,31-02.stp,stp,2.03 Mo,https://ged.staffdecor.fr/download/2484,https://ged.staffdecor.fr/reference/30-03-43
9003,Soubassements - 9001 -9002 -9003-gamme.pdf,pdf,52.45 Ko,https://ged.staffdecor.fr/download/5521,https://ged.staffdecor.fr/reference/9003
6104,6104.stp,stp,65.63 Ko,https://ged.staffdecor.fr/download/2295,https://ged.staffdecor.fr/reference/6104
20-06-29,20-06.stp,stp,115.22 Ko,https://ged.staffdecor.fr/download/1610,https://ged.staffdecor.fr/reference/20-06-29
jc542-15p-222,Joints - creux - JC542.15P.skp,skp,306.7 Ko,https://ged.staffdecor.fr/download/6690,https://ged.staffdecor.fr/reference/jc542-15p-222
30-53-1,30-53.stp,stp,12.99 Ko,https://ged.staffdecor.fr/download/2475,https://ged.staffdecor.fr/reference/30-53-1
30-12,30-12.jpg,jpg,69 Ko,https://ged.staffdecor.fr/download/2607,https://ged.staffdecor.fr/reference/30-12
1204bh,Moulures - 1204BH.stl,stl,1.26 Mo,https://ged.staffdecor.fr/download/7150,https://ged.staffdecor.fr/reference/1204bh
moaplint,MOAPLINT.stp,stp,55.01 Ko,https://ged.staffdecor.fr/download/1542,https://ged.staffdecor.fr/reference/moaplint
p-coton-334,Plaques acoustiques-P.COTON.pdf,pdf,366.22 Ko,https://ged.staffdecor.fr/download/5863,https://ged.staffdecor.fr/reference/p-coton-334
1209,Moulures - 1209.skp,skp,206.2 Ko,https://ged.staffdecor.fr/download/5663,https://ged.staffdecor.fr/reference/1209
d830,D830.stp,stp,26.24 Ko,https://ged.staffdecor.fr/download/949,https://ged.staffdecor.fr/reference/d830
1206-459,1206.stp,stp,15.88 Ko,https://ged.staffdecor.fr/download/2180,https://ged.staffdecor.fr/reference/1206-459
1165,Moulures - 1165.skp,skp,210.81 Ko,https://ged.staffdecor.fr/download/5610,https://ged.staffdecor.fr/reference/1165
emb95-ebl0430-218,Corniche - EMB95-EBL0430.skp,skp,430.37 Ko,https://ged.staffdecor.fr/download/6776,https://ged.staffdecor.fr/reference/emb95-ebl0430-218
45-53,45-53.rfa,rfa,286.72 Ko,https://ged.staffdecor.fr/download/2515,https://ged.staffdecor.fr/reference/45-53
d703,D703.stp,stp,44.68 Ko,https://ged.staffdecor.fr/download/986,https://ged.staffdecor.fr/reference/d703
mods,MODS.stp,stp,16.12 Ko,https://ged.staffdecor.fr/download/2031,https://ged.staffdecor.fr/reference/mods
d561,Corniches - D561.stl,stl,2.08 Ko,https://ged.staffdecor.fr/download/6794,https://ged.staffdecor.fr/reference/d561
bl160,BL160.max,max,794.62 Ko,https://ged.staffdecor.fr/download/3697,https://ged.staffdecor.fr/reference/bl160
plin10a-1,Plinthe-PLIN10 et PLIN10A.pdf,pdf,32.48 Ko,https://ged.staffdecor.fr/download/4589,https://ged.staffdecor.fr/reference/plin10a-1
1105,1105.max,max,19.58 Mo,https://ged.staffdecor.fr/download/3928,https://ged.staffdecor.fr/reference/1105
orn1g,Ornements - ORN.1G et ORN.1D.pdf,pdf,127.93 Ko,https://ged.staffdecor.fr/download/5233,https://ged.staffdecor.fr/reference/orn1g
m403,M403.png,png,8.03 Mo,https://ged.staffdecor.fr/download/5322,https://ged.staffdecor.fr/reference/m403
1206-459,1206.max,max,811 Ko,https://ged.staffdecor.fr/download/4000,https://ged.staffdecor.fr/reference/1206-459
plin08m-pca,Rendu_PLIN08.PCA.png,png,2.18 Mo,https://ged.staffdecor.fr/download/3776,https://ged.staffdecor.fr/reference/plin08m-pca
d510-1,D510-sansmotif.rfa,rfa,241.66 Ko,https://ged.staffdecor.fr/download/3542,https://ged.staffdecor.fr/reference/d510-1
m202,M202.jpg,jpg,8.2 Mo,https://ged.staffdecor.fr/download/5320,https://ged.staffdecor.fr/reference/m202
d107-1,D107.rfa,rfa,221.18 Ko,https://ged.staffdecor.fr/download/846,https://ged.staffdecor.fr/reference/d107-1
sd7501-daytona-9,SD7501-Daytona.stp,stp,201.81 Ko,https://ged.staffdecor.fr/download/1596,https://ged.staffdecor.fr/reference/sd7501-daytona-9
d121,D121.obj,obj,4.69 Ko,https://ged.staffdecor.fr/download/4314,https://ged.staffdecor.fr/reference/d121
1213g-1,Moulures - 1213G.max,max,117.45 Mo,https://ged.staffdecor.fr/download/6587,https://ged.staffdecor.fr/reference/1213g-1
cl33,CL33.jpg,jpg,775.21 Ko,https://ged.staffdecor.fr/download/537,https://ged.staffdecor.fr/reference/cl33
d105a-b,Corniches - D105A et D105B.pdf,pdf,69.28 Ko,https://ged.staffdecor.fr/download/4910,https://ged.staffdecor.fr/reference/d105a-b
u2410-497,U gamme standard verticale.rfa,rfa,262.14 Ko,https://ged.staffdecor.fr/download/2378,https://ged.staffdecor.fr/reference/u2410-497
50-051,Caissons de plafond - 50.051 situation.png,png,4.71 Mo,https://ged.staffdecor.fr/download/5740,https://ged.staffdecor.fr/reference/50-051
1202,Moulures - 1202.stl,stl,22.48 Ko,https://ged.staffdecor.fr/download/7147,https://ged.staffdecor.fr/reference/1202
pl601-r-370,PL601-R.stp,stp,50.49 Ko,https://ged.staffdecor.fr/download/1468,https://ged.staffdecor.fr/reference/pl601-r-370
orn7d,Ornement - ORN.7D.skp,skp,28.4 Mo,https://ged.staffdecor.fr/download/6412,https://ged.staffdecor.fr/reference/orn7d
pl-dom1,Puits de lumière - PL.DOM1.png,png,141.4 Ko,https://ged.staffdecor.fr/download/6605,https://ged.staffdecor.fr/reference/pl-dom1
9012,Soubassements - 9012.pdf,pdf,56.14 Ko,https://ged.staffdecor.fr/download/5534,https://ged.staffdecor.fr/reference/9012
m407,M407.jpg,jpg,1.43 Mo,https://ged.staffdecor.fr/download/5331,https://ged.staffdecor.fr/reference/m407
1348,Moulures - 1348.skp,skp,200.23 Ko,https://ged.staffdecor.fr/download/5656,https://ged.staffdecor.fr/reference/1348
bp-pf2-214,Profil de finition - BP.PF2.pdf,pdf,55.55 Ko,https://ged.staffdecor.fr/download/5853,https://ged.staffdecor.fr/reference/bp-pf2-214
d100,Corniches - D100.max,max,819.2 Ko,https://ged.staffdecor.fr/download/4767,https://ged.staffdecor.fr/reference/d100
moa24,MOA24.stp,stp,16.8 Ko,https://ged.staffdecor.fr/download/1983,https://ged.staffdecor.fr/reference/moa24
1103h,Moulure - 1103H.skp,skp,9.01 Mo,https://ged.staffdecor.fr/download/6093,https://ged.staffdecor.fr/reference/1103h
d881,Corniches - D881.stl,stl,1.13 Mo,https://ged.staffdecor.fr/download/6936,https://ged.staffdecor.fr/reference/d881
plin21,Plinthes - PLIN21.png,png,6.02 Mo,https://ged.staffdecor.fr/download/6434,https://ged.staffdecor.fr/reference/plin21
d707,D707.rfa,rfa,221.18 Ko,https://ged.staffdecor.fr/download/899,https://ged.staffdecor.fr/reference/d707
1206s,1206S.rfa,rfa,311.29 Ko,https://ged.staffdecor.fr/download/2346,https://ged.staffdecor.fr/reference/1206s
plinar10-spa,PLINAR10.SPA.max,max,815.1 Ko,https://ged.staffdecor.fr/download/3809,https://ged.staffdecor.fr/reference/plinar10-spa
d610,Corniches-D610.pdf,pdf,50.02 Ko,https://ged.staffdecor.fr/download/4419,https://ged.staffdecor.fr/reference/d610
1166,Moulure-1166.pdf,pdf,49.07 Ko,https://ged.staffdecor.fr/download/4667,https://ged.staffdecor.fr/reference/1166
bl120,BL120-rendu.png,png,6.54 Mo,https://ged.staffdecor.fr/download/3215,https://ged.staffdecor.fr/reference/bl120
pl201,PL201.rfa,rfa,1.72 Mo,https://ged.staffdecor.fr/download/1333,https://ged.staffdecor.fr/reference/pl201
orn16,Ornements - ORN16.png,png,1.22 Mo,https://ged.staffdecor.fr/download/6358,https://ged.staffdecor.fr/reference/orn16
9213,Soubassement - 9213.skp,skp,297.83 Ko,https://ged.staffdecor.fr/download/6076,https://ged.staffdecor.fr/reference/9213
plin12,PLIN12_rendu.png,png,1.26 Mo,https://ged.staffdecor.fr/download/3856,https://ged.staffdecor.fr/reference/plin12
m100,Rosaces - M100.png,png,1.22 Mo,https://ged.staffdecor.fr/download/6975,https://ged.staffdecor.fr/reference/m100
plin40-r,Plinthes - PLIN40.R.png,png,1.97 Mo,https://ged.staffdecor.fr/download/6442,https://ged.staffdecor.fr/reference/plin40-r
1443,Ornements - 1443 modillon D883.pdf,pdf,73.9 Ko,https://ged.staffdecor.fr/download/5256,https://ged.staffdecor.fr/reference/1443
d530,D530.jpg,jpg,4.47 Mo,https://ged.staffdecor.fr/download/5264,https://ged.staffdecor.fr/reference/d530
1323,Moulures - 1323.skp,skp,1 Mo,https://ged.staffdecor.fr/download/5659,https://ged.staffdecor.fr/reference/1323
1201,Moulures - 1201.stl,stl,15.28 Ko,https://ged.staffdecor.fr/download/7146,https://ged.staffdecor.fr/reference/1201
d615,D615.stp,stp,2.29 Mo,https://ged.staffdecor.fr/download/1046,https://ged.staffdecor.fr/reference/d615
1343,Moulures - 1343.skp,skp,232.97 Ko,https://ged.staffdecor.fr/download/5658,https://ged.staffdecor.fr/reference/1343
m405,Rosace - M405.skp,skp,19.75 Mo,https://ged.staffdecor.fr/download/7021,https://ged.staffdecor.fr/reference/m405
30-62,30-62.stp,stp,12.25 Ko,https://ged.staffdecor.fr/download/2623,https://ged.staffdecor.fr/reference/30-62
d653,D653.jpg,jpg,690.36 Ko,https://ged.staffdecor.fr/download/320,https://ged.staffdecor.fr/reference/d653
d880,Corniches - D880.stl,stl,39.28 Ko,https://ged.staffdecor.fr/download/6927,https://ged.staffdecor.fr/reference/d880
pl412,PL410-gamme.rfa,rfa,3.26 Mo,https://ged.staffdecor.fr/download/1421,https://ged.staffdecor.fr/reference/pl412
7078,7078-pointedediamant.jpg,jpg,61.21 Ko,https://ged.staffdecor.fr/download/409,https://ged.staffdecor.fr/reference/7078
1367,Moulures - 1367.skp,skp,202.91 Ko,https://ged.staffdecor.fr/download/7161,https://ged.staffdecor.fr/reference/1367
1101-1108,1101.max,max,835.58 Ko,https://ged.staffdecor.fr/download/3996,https://ged.staffdecor.fr/reference/1101-1108
22118,Côtés de passages et dessous de poutres-22118.pdf,pdf,56.46 Ko,https://ged.staffdecor.fr/download/5980,https://ged.staffdecor.fr/reference/22118
1207,Moulure-1207.pdf,pdf,49.43 Ko,https://ged.staffdecor.fr/download/4673,https://ged.staffdecor.fr/reference/1207
res-6-969,Ornements résine - RES.6.pdf,pdf,110.14 Ko,https://ged.staffdecor.fr/download/6134,https://ged.staffdecor.fr/reference/res-6-969
e1020i,E1020I.jpg,jpg,73.25 Ko,https://ged.staffdecor.fr/download/1929,https://ged.staffdecor.fr/reference/e1020i
cl12,Parements - CL12.stl,stl,704.13 Ko,https://ged.staffdecor.fr/download/7087,https://ged.staffdecor.fr/reference/cl12
d627-1,Corniche - D627.skp,skp,6.06 Mo,https://ged.staffdecor.fr/download/6354,https://ged.staffdecor.fr/reference/d627-1
d567,Corniche - D567.skp,skp,220.29 Ko,https://ged.staffdecor.fr/download/5578,https://ged.staffdecor.fr/reference/d567
1103,1103.max,max,811 Ko,https://ged.staffdecor.fr/download/3992,https://ged.staffdecor.fr/reference/1103
pl622,PL622.jpg,jpg,629.62 Ko,https://ged.staffdecor.fr/download/341,https://ged.staffdecor.fr/reference/pl622
e1020e,E1020E.stp,stp,11.22 Ko,https://ged.staffdecor.fr/download/1933,https://ged.staffdecor.fr/reference/e1020e
us0740-418,US0740.rfa,rfa,249.85 Ko,https://ged.staffdecor.fr/download/1833,https://ged.staffdecor.fr/reference/us0740-418
7078,7078 Pointe de Diamant.rfa,rfa,286.72 Ko,https://ged.staffdecor.fr/download/718,https://ged.staffdecor.fr/reference/7078
d654,Corniches - D654 .stl,stl,52.08 Ko,https://ged.staffdecor.fr/download/6878,https://ged.staffdecor.fr/reference/d654
1102bh,Moulure-1102 BH.pdf,pdf,50.3 Ko,https://ged.staffdecor.fr/download/4629,https://ged.staffdecor.fr/reference/1102bh
1324,1324.rfa,rfa,221.18 Ko,https://ged.staffdecor.fr/download/2163,https://ged.staffdecor.fr/reference/1324
d535,Corniches - D535.stl,stl,19.89 Mo,https://ged.staffdecor.fr/download/6786,https://ged.staffdecor.fr/reference/d535
pl314,PL314.stp,stp,17.08 Mo,https://ged.staffdecor.fr/download/1391,https://ged.staffdecor.fr/reference/pl314
d880b,Corniches - D880B.max,max,868.55 Mo,https://ged.staffdecor.fr/download/5730,https://ged.staffdecor.fr/reference/d880b
d102-1,D102_rendu.png,png,6.34 Mo,https://ged.staffdecor.fr/download/3167,https://ged.staffdecor.fr/reference/d102-1
pl402,Plafonniers - PL402.png,png,53.57 Ko,https://ged.staffdecor.fr/download/6536,https://ged.staffdecor.fr/reference/pl402
plin25-r,Plinthes - PLIN25.R.png,png,2.34 Mo,https://ged.staffdecor.fr/download/6437,https://ged.staffdecor.fr/reference/plin25-r
jc55-20-427,JC55-20.rfa,rfa,233.47 Ko,https://ged.staffdecor.fr/download/1875,https://ged.staffdecor.fr/reference/jc55-20-427
plin20,PLIN20.stp,stp,30.08 Ko,https://ged.staffdecor.fr/download/2103,https://ged.staffdecor.fr/reference/plin20
6200,6200.stp,stp,13.74 Ko,https://ged.staffdecor.fr/download/2306,https://ged.staffdecor.fr/reference/6200
d618,Corniches - D618.max,max,798.72 Ko,https://ged.staffdecor.fr/download/4788,https://ged.staffdecor.fr/reference/d618
enc35,Encastrés - ENC35.skp,skp,5.01 Mo,https://ged.staffdecor.fr/download/6515,https://ged.staffdecor.fr/reference/enc35
d606,Corniches-D606.pdf,pdf,50.49 Ko,https://ged.staffdecor.fr/download/4415,https://ged.staffdecor.fr/reference/d606
d525,Corniches-D525.pdf,pdf,49.8 Ko,https://ged.staffdecor.fr/download/4498,https://ged.staffdecor.fr/reference/d525
1212,1212_rendu.png,png,354.54 Ko,https://ged.staffdecor.fr/download/4361,https://ged.staffdecor.fr/reference/1212
d708,D708.jpg,jpg,604.89 Ko,https://ged.staffdecor.fr/download/165,https://ged.staffdecor.fr/reference/d708
plin10m-spa,Plinthes - PLIN10M.SPA.skp,skp,298.61 Ko,https://ged.staffdecor.fr/download/6503,https://ged.staffdecor.fr/reference/plin10m-spa
d801,D801.rfa,rfa,241.66 Ko,https://ged.staffdecor.fr/download/1175,https://ged.staffdecor.fr/reference/d801
1104b-706,Moulures - 1104B.stl,stl,2.47 Mo,https://ged.staffdecor.fr/download/7126,https://ged.staffdecor.fr/reference/1104b-706
9044,Gamme 9040 à finir motif 80 cm.pdf,pdf,100.56 Ko,https://ged.staffdecor.fr/download/4370,https://ged.staffdecor.fr/reference/9044
cl1213a,Parements - CL1213A.skp,skp,53.57 Mo,https://ged.staffdecor.fr/download/7084,https://ged.staffdecor.fr/reference/cl1213a
d614,Corniches-D614.pdf,pdf,49.24 Ko,https://ged.staffdecor.fr/download/4422,https://ged.staffdecor.fr/reference/d614
plin20,Plinthe-PLIN20.pdf,pdf,32.14 Ko,https://ged.staffdecor.fr/download/4604,https://ged.staffdecor.fr/reference/plin20
d813,Corniche - D813.skp,skp,40.59 Mo,https://ged.staffdecor.fr/download/6906,https://ged.staffdecor.fr/reference/d813
plint,PLINT.jpg,jpg,55.25 Ko,https://ged.staffdecor.fr/download/1514,https://ged.staffdecor.fr/reference/plint
9226,9226.max,max,999.42 Ko,https://ged.staffdecor.fr/download/3683,https://ged.staffdecor.fr/reference/9226
1310,1310.max,max,47.75 Mo,https://ged.staffdecor.fr/download/3944,https://ged.staffdecor.fr/reference/1310
d882,D882_2.png,png,1.51 Mo,https://ged.staffdecor.fr/download/4268,https://ged.staffdecor.fr/reference/d882
1200bh,1200BH.rfa,rfa,339.96 Ko,https://ged.staffdecor.fr/download/2080,https://ged.staffdecor.fr/reference/1200bh
e1040e,E1040E.jpg,jpg,33.42 Ko,https://ged.staffdecor.fr/download/1941,https://ged.staffdecor.fr/reference/e1040e
d555,Corniches-D555.pdf,pdf,48.85 Ko,https://ged.staffdecor.fr/download/4455,https://ged.staffdecor.fr/reference/d555
pl100,PL100-2.jpg,jpg,57.48 Ko,https://ged.staffdecor.fr/download/1246,https://ged.staffdecor.fr/reference/pl100
m202,M302_202.png,png,8.45 Mo,https://ged.staffdecor.fr/download/4120,https://ged.staffdecor.fr/reference/m202
sd7042-harlem-317,SD7042-Harlem.jpg,jpg,67.39 Ko,https://ged.staffdecor.fr/download/613,https://ged.staffdecor.fr/reference/sd7042-harlem-317
1345,1345.stp,stp,59.1 Ko,https://ged.staffdecor.fr/download/1740,https://ged.staffdecor.fr/reference/1345
pl401,PL400-gamme.rfa,rfa,1.38 Mo,https://ged.staffdecor.fr/download/1415,https://ged.staffdecor.fr/reference/pl401
d570,Corniches - D570.max,max,389.41 Mo,https://ged.staffdecor.fr/download/5731,https://ged.staffdecor.fr/reference/d570
d572,Corniches - D572.stl,stl,1.88 Ko,https://ged.staffdecor.fr/download/6804,https://ged.staffdecor.fr/reference/d572
d886,D886.jpg,jpg,650.74 Ko,https://ged.staffdecor.fr/download/298,https://ged.staffdecor.fr/reference/d886
e1520i,E1520I.stp,stp,11.34 Ko,https://ged.staffdecor.fr/download/1917,https://ged.staffdecor.fr/reference/e1520i
orn26,Ornement - ORN.26.skp,skp,28.46 Mo,https://ged.staffdecor.fr/download/6370,https://ged.staffdecor.fr/reference/orn26
tal12res-690,TAL12RES.pdf,pdf,20.74 Ko,https://ged.staffdecor.fr/download/4049,https://ged.staffdecor.fr/reference/tal12res-690
7061-new-york,7061-New-York.jpg,jpg,106.77 Ko,https://ged.staffdecor.fr/download/579,https://ged.staffdecor.fr/reference/7061-new-york
m070,Rosaces - M070.png,png,1.07 Mo,https://ged.staffdecor.fr/download/6967,https://ged.staffdecor.fr/reference/m070
bp30p,BP30P.jpg,jpg,48.14 Ko,https://ged.staffdecor.fr/download/2718,https://ged.staffdecor.fr/reference/bp30p
plip1019,Plinthes-PLIP1019.pdf,pdf,50.86 Ko,https://ged.staffdecor.fr/download/6177,https://ged.staffdecor.fr/reference/plip1019
d108-1,Corniches - D108.stl,stl,2.28 Ko,https://ged.staffdecor.fr/download/6746,https://ged.staffdecor.fr/reference/d108-1
1204h,Moulure - 1204H.skp,skp,9.51 Mo,https://ged.staffdecor.fr/download/6095,https://ged.staffdecor.fr/reference/1204h
d706,D706.stp,stp,14.76 Ko,https://ged.staffdecor.fr/download/929,https://ged.staffdecor.fr/reference/d706
d708,D708_rendu.png,png,6.51 Mo,https://ged.staffdecor.fr/download/3184,https://ged.staffdecor.fr/reference/d708
7001-7,Balustres - 7001.png,png,637.03 Ko,https://ged.staffdecor.fr/download/6318,https://ged.staffdecor.fr/reference/7001-7
cl13a-et-b-583,Parements - CL13A et B.png,png,796.74 Ko,https://ged.staffdecor.fr/download/7099,https://ged.staffdecor.fr/reference/cl13a-et-b-583
d708,Corniches - D708.stl,stl,18.08 Ko,https://ged.staffdecor.fr/download/6770,https://ged.staffdecor.fr/reference/d708
m207,Rosaces - M207.png,png,692.82 Ko,https://ged.staffdecor.fr/download/6983,https://ged.staffdecor.fr/reference/m207
m401,Rosaces-M401.pdf,pdf,260.58 Ko,https://ged.staffdecor.fr/download/4903,https://ged.staffdecor.fr/reference/m401
d820,Corniches - D820.max,max,929.79 Ko,https://ged.staffdecor.fr/download/4815,https://ged.staffdecor.fr/reference/d820
pl324,PL324.max,max,13.88 Mo,https://ged.staffdecor.fr/download/3750,https://ged.staffdecor.fr/reference/pl324
d705,Corniches - D705.max,max,794.62 Ko,https://ged.staffdecor.fr/download/4805,https://ged.staffdecor.fr/reference/d705
m297,Rosaces - M297.png,png,3.68 Mo,https://ged.staffdecor.fr/download/6970,https://ged.staffdecor.fr/reference/m297
1207,Moulures - 1207.stl,stl,23.08 Ko,https://ged.staffdecor.fr/download/7152,https://ged.staffdecor.fr/reference/1207
9302-1,Moulure- 9302.pdf,pdf,54.96 Ko,https://ged.staffdecor.fr/download/5232,https://ged.staffdecor.fr/reference/9302-1
bl131,Profils LED - BL131.stl,stl,4.03 Ko,https://ged.staffdecor.fr/download/7108,https://ged.staffdecor.fr/reference/bl131
u2425,U gamme standard horizontale.rfa,rfa,278.52 Ko,https://ged.staffdecor.fr/download/2389,https://ged.staffdecor.fr/reference/u2425
7051-7053-27,7051.jpg,jpg,627.08 Ko,https://ged.staffdecor.fr/download/58,https://ged.staffdecor.fr/reference/7051-7053-27
r561,Corniches - R561.jpg,jpg,6.23 Ko,https://ged.staffdecor.fr/download/6296,https://ged.staffdecor.fr/reference/r561
1206s,1206S.stp,stp,102.29 Ko,https://ged.staffdecor.fr/download/2348,https://ged.staffdecor.fr/reference/1206s
d102-1,Corniches - D102.max,max,794.62 Ko,https://ged.staffdecor.fr/download/4776,https://ged.staffdecor.fr/reference/d102-1
d881,Corniches-D881.pdf,pdf,52.48 Ko,https://ged.staffdecor.fr/download/4532,https://ged.staffdecor.fr/reference/d881
e2020e-401,E2020E.rfa,rfa,217.08 Ko,https://ged.staffdecor.fr/download/1794,https://ged.staffdecor.fr/reference/e2020e-401
d515,D515.stp,stp,771.33 Ko,https://ged.staffdecor.fr/download/835,https://ged.staffdecor.fr/reference/d515
30-09,30-09.stp,stp,15.25 Ko,https://ged.staffdecor.fr/download/2582,https://ged.staffdecor.fr/reference/30-09
p-ouate-336,Plaques - P.OUATE.png,png,7.74 Mo,https://ged.staffdecor.fr/download/6659,https://ged.staffdecor.fr/reference/p-ouate-336
d630,Corniches - D630.stl,stl,26.68 Ko,https://ged.staffdecor.fr/download/6863,https://ged.staffdecor.fr/reference/d630
d575-108,Corniches - D575.stl,stl,2.48 Ko,https://ged.staffdecor.fr/download/6807,https://ged.staffdecor.fr/reference/d575-108
d122,Corniche - D122.skp,skp,215.19 Ko,https://ged.staffdecor.fr/download/5567,https://ged.staffdecor.fr/reference/d122
tal12res-690,TAL12RES (gauche).step,step,14.53 Ko,https://ged.staffdecor.fr/download/4051,https://ged.staffdecor.fr/reference/tal12res-690
d117,Corniches - D117 - montage.pdf,pdf,67.98 Ko,https://ged.staffdecor.fr/download/5124,https://ged.staffdecor.fr/reference/d117
d656,D656.stp,stp,233.64 Ko,https://ged.staffdecor.fr/download/935,https://ged.staffdecor.fr/reference/d656
d883,Corniches-D883.pdf,pdf,66.14 Ko,https://ged.staffdecor.fr/download/4536,https://ged.staffdecor.fr/reference/d883
7003,Balustres - 7003.png,png,524.33 Ko,https://ged.staffdecor.fr/download/6322,https://ged.staffdecor.fr/reference/7003
jc55-10-426,JC55-10.stp,stp,13.62 Ko,https://ged.staffdecor.fr/download/1887,https://ged.staffdecor.fr/reference/jc55-10-426
pl401,PL401-sansmotif.stp,stp,7.7 Mo,https://ged.staffdecor.fr/download/1404,https://ged.staffdecor.fr/reference/pl401
sd7047-soho-320,SD7047.rfa,rfa,258.04 Ko,https://ged.staffdecor.fr/download/2450,https://ged.staffdecor.fr/reference/sd7047-soho-320
d564,Corniche - D564.skp,skp,218.6 Ko,https://ged.staffdecor.fr/download/5577,https://ged.staffdecor.fr/reference/d564
d617,Corniches - D617.stl,stl,99.08 Ko,https://ged.staffdecor.fr/download/6851,https://ged.staffdecor.fr/reference/d617
9202,Lambris_décaisses_paramétrable.rfa,rfa,409.6 Ko,https://ged.staffdecor.fr/download/867,https://ged.staffdecor.fr/reference/9202
d118-2,D118.jpg,jpg,65.15 Ko,https://ged.staffdecor.fr/download/3155,https://ged.staffdecor.fr/reference/d118-2
orn10-825,Ornement - ORN.10.skp,skp,28.49 Mo,https://ged.staffdecor.fr/download/6402,https://ged.staffdecor.fr/reference/orn10-825
plip1017,Plinthes - PLIP1017.skp,skp,686.18 Ko,https://ged.staffdecor.fr/download/6454,https://ged.staffdecor.fr/reference/plip1017
1415,1415 (5) copie.jpg,jpg,1.61 Mo,https://ged.staffdecor.fr/download/5399,https://ged.staffdecor.fr/reference/1415
d625,Corniches - D625.stl,stl,28.08 Ko,https://ged.staffdecor.fr/download/6857,https://ged.staffdecor.fr/reference/d625
pl403,PL400-gamme.rfa,rfa,1.38 Mo,https://ged.staffdecor.fr/download/1417,https://ged.staffdecor.fr/reference/pl403
plin10m-sp,Plinthe-PLIN10M.SP et PLIN10M.SPA.pdf,pdf,32.77 Ko,https://ged.staffdecor.fr/download/4591,https://ged.staffdecor.fr/reference/plin10m-sp
d810,Corniche - D810.skp,skp,5.53 Mo,https://ged.staffdecor.fr/download/6259,https://ged.staffdecor.fr/reference/d810
d709,Corniches - D709.stl,stl,1.88 Ko,https://ged.staffdecor.fr/download/6772,https://ged.staffdecor.fr/reference/d709
d105a-b,D105B.stp,stp,22.51 Ko,https://ged.staffdecor.fr/download/801,https://ged.staffdecor.fr/reference/d105a-b
9045,Gamme 9040 à finir motif 80 cm.pdf,pdf,100.56 Ko,https://ged.staffdecor.fr/download/4366,https://ged.staffdecor.fr/reference/9045
9012-636,Rendu_9001.png,png,3.69 Mo,https://ged.staffdecor.fr/download/3648,https://ged.staffdecor.fr/reference/9012-636
d577,D577.rfa,rfa,221.18 Ko,https://ged.staffdecor.fr/download/1114,https://ged.staffdecor.fr/reference/d577
e2030e,E2030E.rfa,rfa,217.08 Ko,https://ged.staffdecor.fr/download/1950,https://ged.staffdecor.fr/reference/e2030e
d749,D749.jpg,jpg,629.11 Ko,https://ged.staffdecor.fr/download/283,https://ged.staffdecor.fr/reference/d749
d840,D840-solide.rfa,rfa,520.19 Ko,https://ged.staffdecor.fr/download/1031,https://ged.staffdecor.fr/reference/d840
d580-2,D580.rfa,rfa,221.18 Ko,https://ged.staffdecor.fr/download/6819,https://ged.staffdecor.fr/reference/d580-2
m306,Rosaces - M306.stl,stl,2.49 Mo,https://ged.staffdecor.fr/download/7007,https://ged.staffdecor.fr/reference/m306
1213g-1,Panneaux Tuileries - 1213G.png,png,5.46 Mo,https://ged.staffdecor.fr/download/6565,https://ged.staffdecor.fr/reference/1213g-1
1346,Moulures - 1346.pdf,pdf,135.59 Ko,https://ged.staffdecor.fr/download/6186,https://ged.staffdecor.fr/reference/1346
plin12,PLIN12.max,max,942.08 Ko,https://ged.staffdecor.fr/download/3855,https://ged.staffdecor.fr/reference/plin12
d108-1,D108.obj,obj,3.74 Ko,https://ged.staffdecor.fr/download/4315,https://ged.staffdecor.fr/reference/d108-1
d820,Corniches - D820.stl,stl,33.88 Ko,https://ged.staffdecor.fr/download/6911,https://ged.staffdecor.fr/reference/d820
d569,Corniches-D569.pdf,pdf,49.63 Ko,https://ged.staffdecor.fr/download/4504,https://ged.staffdecor.fr/reference/d569
45-54,45-54.jpg,jpg,122.78 Ko,https://ged.staffdecor.fr/download/2525,https://ged.staffdecor.fr/reference/45-54
1165,Moulure-1165.pdf,pdf,48.86 Ko,https://ged.staffdecor.fr/download/4666,https://ged.staffdecor.fr/reference/1165
9201,9201.jpg,jpg,616.13 Ko,https://ged.staffdecor.fr/download/585,https://ged.staffdecor.fr/reference/9201
m060,Rosaces - M060.pdf,pdf,58.28 Ko,https://ged.staffdecor.fr/download/5547,https://ged.staffdecor.fr/reference/m060
m303,Rosaces - M303.stl,stl,2.49 Mo,https://ged.staffdecor.fr/download/7005,https://ged.staffdecor.fr/reference/m303
pl100,PL100.jpg,jpg,59.96 Ko,https://ged.staffdecor.fr/download/1247,https://ged.staffdecor.fr/reference/pl100
m066,Rosaces - M066.png,png,2.24 Mo,https://ged.staffdecor.fr/download/6966,https://ged.staffdecor.fr/reference/m066
d653,Corniches - D653.skp,skp,201.35 Ko,https://ged.staffdecor.fr/download/5618,https://ged.staffdecor.fr/reference/d653
d801,D801_rendu.png,png,8.47 Mo,https://ged.staffdecor.fr/download/3436,https://ged.staffdecor.fr/reference/d801
tal41,TAL41 et PLIN40.PC.SP.png,png,1.43 Mo,https://ged.staffdecor.fr/download/4194,https://ged.staffdecor.fr/reference/tal41
d881b,D881B.max,max,679.01 Mo,https://ged.staffdecor.fr/download/4582,https://ged.staffdecor.fr/reference/d881b
1210,Moulures - 1210.skp,skp,216.13 Ko,https://ged.staffdecor.fr/download/7155,https://ged.staffdecor.fr/reference/1210
1345,Rendu_1345.png,png,864.41 Ko,https://ged.staffdecor.fr/download/4015,https://ged.staffdecor.fr/reference/1345
bp10,BP10_rendu.png,png,8.53 Mo,https://ged.staffdecor.fr/download/3702,https://ged.staffdecor.fr/reference/bp10
d515,Corniches-D515.pdf,pdf,49.86 Ko,https://ged.staffdecor.fr/download/4497,https://ged.staffdecor.fr/reference/d515
bl160,BL160.stp,stp,35.93 Ko,https://ged.staffdecor.fr/download/1301,https://ged.staffdecor.fr/reference/bl160
1121,Moulures - 1121.stl,stl,26.63 Ko,https://ged.staffdecor.fr/download/7134,https://ged.staffdecor.fr/reference/1121
1414,Rosaces - 1414.jpg,jpg,672.46 Ko,https://ged.staffdecor.fr/download/6612,https://ged.staffdecor.fr/reference/1414
d578,D578.jpg,jpg,601.1 Ko,https://ged.staffdecor.fr/download/312,https://ged.staffdecor.fr/reference/d578
plin08,PLIN08.max,max,966.65 Ko,https://ged.staffdecor.fr/download/3764,https://ged.staffdecor.fr/reference/plin08
45-01,45-01.jpg,jpg,120.53 Ko,https://ged.staffdecor.fr/download/2496,https://ged.staffdecor.fr/reference/45-01
7070-184,7070 bulles.rfa,rfa,385.02 Ko,https://ged.staffdecor.fr/download/720,https://ged.staffdecor.fr/reference/7070-184
d579,D579_rendu.png,png,8.22 Mo,https://ged.staffdecor.fr/download/3308,https://ged.staffdecor.fr/reference/d579
1210,1210.stp,stp,36.11 Ko,https://ged.staffdecor.fr/download/1731,https://ged.staffdecor.fr/reference/1210
40-04,40-04et40-40.rfa,rfa,425.98 Ko,https://ged.staffdecor.fr/download/1637,https://ged.staffdecor.fr/reference/40-04
1380,Moulures - 1380.skp,skp,224.99 Ko,https://ged.staffdecor.fr/download/5601,https://ged.staffdecor.fr/reference/1380
d104-1,Corniches - D104.stl,stl,6.88 Ko,https://ged.staffdecor.fr/download/6742,https://ged.staffdecor.fr/reference/d104-1
45-54,45-54.rfa,rfa,282.62 Ko,https://ged.staffdecor.fr/download/2524,https://ged.staffdecor.fr/reference/45-54
d110,D110.rfa,rfa,266.24 Ko,https://ged.staffdecor.fr/download/806,https://ged.staffdecor.fr/reference/d110
45-01,45-01.stp,stp,26.61 Ko,https://ged.staffdecor.fr/download/2497,https://ged.staffdecor.fr/reference/45-01
d631,D631.skp,skp,363.24 Ko,https://ged.staffdecor.fr/download/3731,https://ged.staffdecor.fr/reference/d631
d896,Corniches - D896.skp,skp,274.95 Ko,https://ged.staffdecor.fr/download/5619,https://ged.staffdecor.fr/reference/d896
20-56s-399,20-56S.stp,stp,14.73 Ko,https://ged.staffdecor.fr/download/2714,https://ged.staffdecor.fr/reference/20-56s-399
d576,D576.jpg,jpg,632.16 Ko,https://ged.staffdecor.fr/download/222,https://ged.staffdecor.fr/reference/d576
1364,1364.rfa,rfa,221.18 Ko,https://ged.staffdecor.fr/download/1742,https://ged.staffdecor.fr/reference/1364
m302,Rosaces - M302.max,max,622.1 Mo,https://ged.staffdecor.fr/download/4872,https://ged.staffdecor.fr/reference/m302
30-53-1,30-53.jpg,jpg,159.69 Ko,https://ged.staffdecor.fr/download/2474,https://ged.staffdecor.fr/reference/30-53-1
1101d,Moulures - 1101D.stl,stl,1.75 Mo,https://ged.staffdecor.fr/download/7121,https://ged.staffdecor.fr/reference/1101d
2800l,2800L.jpg,jpg,639.39 Ko,https://ged.staffdecor.fr/download/2723,https://ged.staffdecor.fr/reference/2800l
d103-1,Corniche - D103.skp,skp,282.18 Ko,https://ged.staffdecor.fr/download/5558,https://ged.staffdecor.fr/reference/d103-1
bl180,Profils LED - BL180.rfa,rfa,245.76 Ko,https://ged.staffdecor.fr/download/5768,https://ged.staffdecor.fr/reference/bl180
d813,Corniches-D813.pdf,pdf,50.64 Ko,https://ged.staffdecor.fr/download/4521,https://ged.staffdecor.fr/reference/d813
plint10-pca,Plinthes - PLINT10.PCA.skp,skp,305.9 Ko,https://ged.staffdecor.fr/download/6505,https://ged.staffdecor.fr/reference/plint10-pca
orn36,Ornement - ORN.36.skp,skp,317.42 Mo,https://ged.staffdecor.fr/download/6379,https://ged.staffdecor.fr/reference/orn36
2820l,2820L.jpg,jpg,50.03 Ko,https://ged.staffdecor.fr/download/2728,https://ged.staffdecor.fr/reference/2820l
d894,D894 SANS MOTIF.rfa,rfa,229.37 Ko,https://ged.staffdecor.fr/download/3449,https://ged.staffdecor.fr/reference/d894
d813,D813.jpg,jpg,5.73 Mo,https://ged.staffdecor.fr/download/5276,https://ged.staffdecor.fr/reference/d813
d650b,Corniches - D650B.png,png,1.09 Mo,https://ged.staffdecor.fr/download/6277,https://ged.staffdecor.fr/reference/d650b
pl404,PL400-gamme.rfa,rfa,1.38 Mo,https://ged.staffdecor.fr/download/1418,https://ged.staffdecor.fr/reference/pl404
d124,D124.obj,obj,4.91 Ko,https://ged.staffdecor.fr/download/4318,https://ged.staffdecor.fr/reference/d124
d125,Corniches-D125.pdf,pdf,48.96 Ko,https://ged.staffdecor.fr/download/4574,https://ged.staffdecor.fr/reference/d125
d657,D657.jpg,jpg,75.06 Ko,https://ged.staffdecor.fr/download/266,https://ged.staffdecor.fr/reference/d657
e1520e,Equerres - E1520E.png,png,42.01 Ko,https://ged.staffdecor.fr/download/6682,https://ged.staffdecor.fr/reference/e1520e
d573,Corniche - D573.skp,skp,220.91 Ko,https://ged.staffdecor.fr/download/5580,https://ged.staffdecor.fr/reference/d573
plin25-r,PLIN25.R.step,step,1.37 Mo,https://ged.staffdecor.fr/download/4723,https://ged.staffdecor.fr/reference/plin25-r
45-55,45-55.jpg,jpg,125.6 Ko,https://ged.staffdecor.fr/download/2529,https://ged.staffdecor.fr/reference/45-55
9211,Soubassement - 9211.skp,skp,694.49 Ko,https://ged.staffdecor.fr/download/6074,https://ged.staffdecor.fr/reference/9211
d513,Corniche - D513.skp,skp,4.1 Mo,https://ged.staffdecor.fr/download/6021,https://ged.staffdecor.fr/reference/d513
d577,Corniches - D577.obj,obj,4.16 Ko,https://ged.staffdecor.fr/download/5898,https://ged.staffdecor.fr/reference/d577
d802,Corniches-D802.pdf,pdf,49.71 Ko,https://ged.staffdecor.fr/download/4449,https://ged.staffdecor.fr/reference/d802
d560,D560.stp,stp,41.61 Ko,https://ged.staffdecor.fr/download/1102,https://ged.staffdecor.fr/reference/d560
d880,D880.jpg,jpg,637.15 Ko,https://ged.staffdecor.fr/download/296,https://ged.staffdecor.fr/reference/d880
m048,Rosaces - M048.skp,skp,29.67 Mo,https://ged.staffdecor.fr/download/6734,https://ged.staffdecor.fr/reference/m048
sd7046-5emeavenue-319,SD7046.jpg,jpg,60.09 Ko,https://ged.staffdecor.fr/download/2442,https://ged.staffdecor.fr/reference/sd7046-5emeavenue-319
d629,D629.stp,stp,1.04 Mo,https://ged.staffdecor.fr/download/1050,https://ged.staffdecor.fr/reference/d629
d631,Corniches - D631.max,max,729.08 Ko,https://ged.staffdecor.fr/download/4790,https://ged.staffdecor.fr/reference/d631
d114,Corniches - D114 - montage.pdf,pdf,59.34 Ko,https://ged.staffdecor.fr/download/5120,https://ged.staffdecor.fr/reference/d114
d901,D901.rfa,rfa,221.18 Ko,https://ged.staffdecor.fr/download/1017,https://ged.staffdecor.fr/reference/d901
9215,Rendu_9215.png,png,3.23 Mo,https://ged.staffdecor.fr/download/3670,https://ged.staffdecor.fr/reference/9215
m404,Rosaces - M404.stl,stl,2.5 Mo,https://ged.staffdecor.fr/download/7019,https://ged.staffdecor.fr/reference/m404
sd7052-square-garden-194,SD7502 Square Garden.stp,stp,295.94 Ko,https://ged.staffdecor.fr/download/1583,https://ged.staffdecor.fr/reference/sd7052-square-garden-194
d628,Corniches-D628.pdf,pdf,53.1 Ko,https://ged.staffdecor.fr/download/4511,https://ged.staffdecor.fr/reference/d628
d609,D609.rfa,rfa,225.28 Ko,https://ged.staffdecor.fr/download/941,https://ged.staffdecor.fr/reference/d609
1364,1364.stp,stp,16.78 Ko,https://ged.staffdecor.fr/download/1741,https://ged.staffdecor.fr/reference/1364
d565,D565_rendu.png,png,7.95 Mo,https://ged.staffdecor.fr/download/3237,https://ged.staffdecor.fr/reference/d565
d624,D624.skp,skp,362.5 Ko,https://ged.staffdecor.fr/download/3725,https://ged.staffdecor.fr/reference/d624
1207bh,Moulure-1207 BH.pdf,pdf,53.3 Ko,https://ged.staffdecor.fr/download/4643,https://ged.staffdecor.fr/reference/1207bh
pl319-578,PL319.max,max,1.66 Mo,https://ged.staffdecor.fr/download/3748,https://ged.staffdecor.fr/reference/pl319-578
1366,1366.max,max,1.39 Mo,https://ged.staffdecor.fr/download/3956,https://ged.staffdecor.fr/reference/1366
d713-131,D713.jpg,jpg,66.97 Ko,https://ged.staffdecor.fr/download/275,https://ged.staffdecor.fr/reference/d713-131
d625,D625.skp,skp,368.22 Ko,https://ged.staffdecor.fr/download/3726,https://ged.staffdecor.fr/reference/d625
7036u,7036U-3D.jpg,jpg,652.98 Ko,https://ged.staffdecor.fr/download/740,https://ged.staffdecor.fr/reference/7036u
d626,D626.stp,stp,35.13 Ko,https://ged.staffdecor.fr/download/984,https://ged.staffdecor.fr/reference/d626
profils-de-finition,Profils de finition.png,png,6.86 Mo,https://ged.staffdecor.fr/download/6763,https://ged.staffdecor.fr/reference/profils-de-finition
res-7-984,Ornements Résine-RES.7.pdf,pdf,52.53 Ko,https://ged.staffdecor.fr/download/6190,https://ged.staffdecor.fr/reference/res-7-984
30-55,Demies-colonnes lisses.rfa,rfa,290.81 Ko,https://ged.staffdecor.fr/download/2566,https://ged.staffdecor.fr/reference/30-55
d109,Corniches -D109.max,max,823.29 Ko,https://ged.staffdecor.fr/download/4832,https://ged.staffdecor.fr/reference/d109
e1020e,E1020E.rfa,rfa,217.08 Ko,https://ged.staffdecor.fr/download/1788,https://ged.staffdecor.fr/reference/e1020e
d515,Corniches - D515.stl,stl,301.28 Ko,https://ged.staffdecor.fr/download/6781,https://ged.staffdecor.fr/reference/d515
pl324,PL324_fondblanc.jpg,jpg,59.88 Ko,https://ged.staffdecor.fr/download/3749,https://ged.staffdecor.fr/reference/pl324
1210bh,Moulure-1210 BH.pdf,pdf,70.92 Ko,https://ged.staffdecor.fr/download/4645,https://ged.staffdecor.fr/reference/1210bh
pl614,PL614.stp,stp,48.54 Mo,https://ged.staffdecor.fr/download/3762,https://ged.staffdecor.fr/reference/pl614
a-plas6,Encastrés-A.PLAS6.max,max,3.99 Mo,https://ged.staffdecor.fr/download/6016,https://ged.staffdecor.fr/reference/a-plas6
enc603,ENC603.stp,stp,9.28 Mo,https://ged.staffdecor.fr/download/2222,https://ged.staffdecor.fr/reference/enc603
20-56h,20-56H.jpg,jpg,642.87 Ko,https://ged.staffdecor.fr/download/71,https://ged.staffdecor.fr/reference/20-56h
20-56b-1,20-06Bet20-56B.rfa,rfa,327.68 Ko,https://ged.staffdecor.fr/download/1751,https://ged.staffdecor.fr/reference/20-56b-1
d705,D705.jpg,jpg,96.72 Ko,https://ged.staffdecor.fr/download/638,https://ged.staffdecor.fr/reference/d705
sd7503-everglades-193,SD7503-Everglades.jpg,jpg,93.36 Ko,https://ged.staffdecor.fr/download/623,https://ged.staffdecor.fr/reference/sd7503-everglades-193
1323,Moulure-1323.pdf,pdf,54.92 Ko,https://ged.staffdecor.fr/download/4690,https://ged.staffdecor.fr/reference/1323
3068,Pilastres - 3068.eps,eps,66.75 Ko,https://ged.staffdecor.fr/download/5744,https://ged.staffdecor.fr/reference/3068
d579,Corniches - D579.max,max,753.66 Ko,https://ged.staffdecor.fr/download/4860,https://ged.staffdecor.fr/reference/d579
d545,D545.rfa,rfa,233.47 Ko,https://ged.staffdecor.fr/download/1093,https://ged.staffdecor.fr/reference/d545
pl-evol-489,PL-EVOL.stp,stp,4.7 Mo,https://ged.staffdecor.fr/download/2335,https://ged.staffdecor.fr/reference/pl-evol-489
bl130,BL130.rfa,rfa,249.85 Ko,https://ged.staffdecor.fr/download/2503,https://ged.staffdecor.fr/reference/bl130
orn5d-826,Ornement - ORN.5D.skp,skp,17.23 Mo,https://ged.staffdecor.fr/download/6416,https://ged.staffdecor.fr/reference/orn5d-826
7039-flower-295,Parements - 7039A_B.max,max,2.21 Mo,https://ged.staffdecor.fr/download/5846,https://ged.staffdecor.fr/reference/7039-flower-295
d713-131,D713.rfa,rfa,225.28 Ko,https://ged.staffdecor.fr/download/979,https://ged.staffdecor.fr/reference/d713-131
d658,D658_rendu.png,png,196.16 Ko,https://ged.staffdecor.fr/download/3513,https://ged.staffdecor.fr/reference/d658
m604,Rosaces - M604.stl,stl,3.17 Mo,https://ged.staffdecor.fr/download/7027,https://ged.staffdecor.fr/reference/m604
d630,D630.rfa,rfa,225.28 Ko,https://ged.staffdecor.fr/download/894,https://ged.staffdecor.fr/reference/d630
d110,Corniches-D110 - montage.pdf,pdf,65.2 Ko,https://ged.staffdecor.fr/download/4920,https://ged.staffdecor.fr/reference/d110
1418,1418 (4) copie.jpg,jpg,4.23 Mo,https://ged.staffdecor.fr/download/5421,https://ged.staffdecor.fr/reference/1418
0734,0734.jpg,jpg,90.1 Ko,https://ged.staffdecor.fr/download/2815,https://ged.staffdecor.fr/reference/0734
d109,Corniches - D109.obj,obj,51.57 Ko,https://ged.staffdecor.fr/download/5919,https://ged.staffdecor.fr/reference/d109
22122,Côtés de passages et dessous de poutres-22122.pdf,pdf,56.72 Ko,https://ged.staffdecor.fr/download/5976,https://ged.staffdecor.fr/reference/22122
0900,0900.jpg,jpg,48.35 Ko,https://ged.staffdecor.fr/download/10,https://ged.staffdecor.fr/reference/0900
bl170a90e-720,BL170A90E.step,step,242.79 Ko,https://ged.staffdecor.fr/download/4157,https://ged.staffdecor.fr/reference/bl170a90e-720
d540,Corniche - D540.skp,skp,11.52 Mo,https://ged.staffdecor.fr/download/6023,https://ged.staffdecor.fr/reference/d540
d607,Corniche - D607.skp,skp,92.23 Ko,https://ged.staffdecor.fr/download/6832,https://ged.staffdecor.fr/reference/d607
plint10-spa,PLINT10.SPA.max,max,827.39 Ko,https://ged.staffdecor.fr/download/3801,https://ged.staffdecor.fr/reference/plint10-spa
1364,1364.jpg,jpg,626.52 Ko,https://ged.staffdecor.fr/download/53,https://ged.staffdecor.fr/reference/1364
9215,Lambris_décaisses_paramétrable.rfa,rfa,409.6 Ko,https://ged.staffdecor.fr/download/860,https://ged.staffdecor.fr/reference/9215
pl411,Plafonniers - PL411.png,png,993.49 Ko,https://ged.staffdecor.fr/download/6543,https://ged.staffdecor.fr/reference/pl411
m405,Rosaces - M405.stl,stl,2.44 Mo,https://ged.staffdecor.fr/download/7020,https://ged.staffdecor.fr/reference/m405
d652b,Corniches - D652B.obj,obj,308.31 Mo,https://ged.staffdecor.fr/download/5878,https://ged.staffdecor.fr/reference/d652b
d556-2,D556_rendu_Plafond.png,png,8.61 Mo,https://ged.staffdecor.fr/download/4457,https://ged.staffdecor.fr/reference/d556-2
xc090,Profils - XC090.png,png,602 Ko,https://ged.staffdecor.fr/download/6329,https://ged.staffdecor.fr/reference/xc090
d618,Corniches - D618.obj,obj,51.26 Ko,https://ged.staffdecor.fr/download/5887,https://ged.staffdecor.fr/reference/d618
d897,Corniche - D897.skp,skp,7.56 Mo,https://ged.staffdecor.fr/download/6039,https://ged.staffdecor.fr/reference/d897
9213,Lambris_décaisses_paramétrable.rfa,rfa,409.6 Ko,https://ged.staffdecor.fr/download/868,https://ged.staffdecor.fr/reference/9213
0726,0726.stp,stp,62.94 Ko,https://ged.staffdecor.fr/download/2784,https://ged.staffdecor.fr/reference/0726
mod25,MODULOSTAFF.pdf,pdf,1.13 Mo,https://ged.staffdecor.fr/download/2019,https://ged.staffdecor.fr/reference/mod25
d604,Corniches - D604.obj,obj,57.49 Ko,https://ged.staffdecor.fr/download/5894,https://ged.staffdecor.fr/reference/d604
cl12,CL12.max,max,4.26 Mo,https://ged.staffdecor.fr/download/3705,https://ged.staffdecor.fr/reference/cl12
sd7045,SD7045 Luna Park A4.pdf,pdf,87.11 Ko,https://ged.staffdecor.fr/download/4191,https://ged.staffdecor.fr/reference/sd7045
plin25-s,PLIN25.S.step,step,1.55 Mo,https://ged.staffdecor.fr/download/4724,https://ged.staffdecor.fr/reference/plin25-s
m503,Rosaces-M503.pdf,pdf,66.63 Ko,https://ged.staffdecor.fr/download/4736,https://ged.staffdecor.fr/reference/m503
e0530e-403,E0530E.rfa,rfa,217.08 Ko,https://ged.staffdecor.fr/download/1785,https://ged.staffdecor.fr/reference/e0530e-403
d562,D562.rfa,rfa,221.18 Ko,https://ged.staffdecor.fr/download/1006,https://ged.staffdecor.fr/reference/d562
1367,1367.stp,stp,12.95 Ko,https://ged.staffdecor.fr/download/1744,https://ged.staffdecor.fr/reference/1367
d633,D633_rendu.png,png,7.88 Mo,https://ged.staffdecor.fr/download/3255,https://ged.staffdecor.fr/reference/d633
u-495,U1925.jpg,jpg,47.84 Ko,https://ged.staffdecor.fr/download/2385,https://ged.staffdecor.fr/reference/u-495
2024,Côtés de passages et dessous de poutres-2024.pdf,pdf,56.89 Ko,https://ged.staffdecor.fr/download/6002,https://ged.staffdecor.fr/reference/2024
p-lum5-1,Tableaux lumineux - P.LUM5.pdf,pdf,69.67 Ko,https://ged.staffdecor.fr/download/5748,https://ged.staffdecor.fr/reference/p-lum5-1
pl101,PL101.jpg,jpg,82.86 Ko,https://ged.staffdecor.fr/download/1249,https://ged.staffdecor.fr/reference/pl101
plin21,Plinthes - PLIN21.pdf,pdf,52.91 Ko,https://ged.staffdecor.fr/download/4607,https://ged.staffdecor.fr/reference/plin21
cl1213c,Parements - CL1213C.pdf,pdf,209.16 Ko,https://ged.staffdecor.fr/download/5698,https://ged.staffdecor.fr/reference/cl1213c
sd7500-key-west-7,SD7500-Key-West.rfa,rfa,344.06 Ko,https://ged.staffdecor.fr/download/1595,https://ged.staffdecor.fr/reference/sd7500-key-west-7
d615,D615-solide.rfa,rfa,536.57 Ko,https://ged.staffdecor.fr/download/1040,https://ged.staffdecor.fr/reference/d615
d652a,Corniches - D652A.max,max,325.7 Mo,https://ged.staffdecor.fr/download/4797,https://ged.staffdecor.fr/reference/d652a
1220-1,1220.rfa,rfa,241.66 Ko,https://ged.staffdecor.fr/download/2914,https://ged.staffdecor.fr/reference/1220-1
1104,1104.max,max,29.48 Mo,https://ged.staffdecor.fr/download/4136,https://ged.staffdecor.fr/reference/1104
enc32,ENC32.jpg,jpg,91.16 Ko,https://ged.staffdecor.fr/download/2201,https://ged.staffdecor.fr/reference/enc32
m401,Rosaces - M401.png,png,8.5 Mo,https://ged.staffdecor.fr/download/4879,https://ged.staffdecor.fr/reference/m401
bl132,BL132.jpg,jpg,140.33 Ko,https://ged.staffdecor.fr/download/1821,https://ged.staffdecor.fr/reference/bl132
cl35,CL35.jpg,jpg,141.51 Ko,https://ged.staffdecor.fr/download/2427,https://ged.staffdecor.fr/reference/cl35
d105a-b,D105B.rfa,rfa,221.18 Ko,https://ged.staffdecor.fr/download/797,https://ged.staffdecor.fr/reference/d105a-b
0726,0726.jpg,jpg,119.9 Ko,https://ged.staffdecor.fr/download/2785,https://ged.staffdecor.fr/reference/0726
30-07,Colonnes lisses.rfa,rfa,290.81 Ko,https://ged.staffdecor.fr/download/2573,https://ged.staffdecor.fr/reference/30-07
cl12,CL12.pdf,pdf,60.97 Ko,https://ged.staffdecor.fr/download/3706,https://ged.staffdecor.fr/reference/cl12
d748,Corniches - D748.stl,stl,14.08 Ko,https://ged.staffdecor.fr/download/6774,https://ged.staffdecor.fr/reference/d748
orn10-825,Ornements - ORN.10.pdf,pdf,114.9 Ko,https://ged.staffdecor.fr/download/5248,https://ged.staffdecor.fr/reference/orn10-825
sd7504-orlando-192,SD7504-Orlando.rfa,rfa,2.2 Mo,https://ged.staffdecor.fr/download/1587,https://ged.staffdecor.fr/reference/sd7504-orlando-192
d572,Corniches-D572.pdf,pdf,48.8 Ko,https://ged.staffdecor.fr/download/4466,https://ged.staffdecor.fr/reference/d572
d887,Corniche - D887.skp,skp,606.24 Ko,https://ged.staffdecor.fr/download/6041,https://ged.staffdecor.fr/reference/d887
sdc1,SDC1-High-Line.stp,stp,50.15 Ko,https://ged.staffdecor.fr/download/1603,https://ged.staffdecor.fr/reference/sdc1
u3210,U gamme standard verticale.rfa,rfa,262.14 Ko,https://ged.staffdecor.fr/download/2376,https://ged.staffdecor.fr/reference/u3210
d880b,Corniche - D880B.skp,skp,4.36 Mo,https://ged.staffdecor.fr/download/6043,https://ged.staffdecor.fr/reference/d880b
1165,1165.jpg,jpg,66.44 Ko,https://ged.staffdecor.fr/download/2973,https://ged.staffdecor.fr/reference/1165
d658,Corniches - D658.stl,stl,53.88 Ko,https://ged.staffdecor.fr/download/6882,https://ged.staffdecor.fr/reference/d658
moe90,MOE45-60-90-120.rfa,rfa,409.6 Ko,https://ged.staffdecor.fr/download/1997,https://ged.staffdecor.fr/reference/moe90
d705,Corniches-D705.pdf,pdf,48.87 Ko,https://ged.staffdecor.fr/download/4479,https://ged.staffdecor.fr/reference/d705
d609,D609.stp,stp,43.97 Ko,https://ged.staffdecor.fr/download/940,https://ged.staffdecor.fr/reference/d609
1200,Moulures - 1200.stl,stl,9.88 Ko,https://ged.staffdecor.fr/download/7145,https://ged.staffdecor.fr/reference/1200
e1040e,E1040E.stp,stp,11.22 Ko,https://ged.staffdecor.fr/download/1940,https://ged.staffdecor.fr/reference/e1040e
plip1024,Plinthes-PLIP1024.pdf,pdf,50.55 Ko,https://ged.staffdecor.fr/download/6178,https://ged.staffdecor.fr/reference/plip1024
1318,Moulure-1318.pdf,pdf,51.06 Ko,https://ged.staffdecor.fr/download/4687,https://ged.staffdecor.fr/reference/1318
d620,Corniches-D620.pdf,pdf,49.81 Ko,https://ged.staffdecor.fr/download/4474,https://ged.staffdecor.fr/reference/d620
9214,9214.max,max,802.81 Ko,https://ged.staffdecor.fr/download/3667,https://ged.staffdecor.fr/reference/9214
1361-1,Moulure-1361.pdf,pdf,51.09 Ko,https://ged.staffdecor.fr/download/4700,https://ged.staffdecor.fr/reference/1361-1
1132-685,Moulures - 1132.stl,stl,17.48 Ko,https://ged.staffdecor.fr/download/7138,https://ged.staffdecor.fr/reference/1132-685
1402,1402 (2) copie.jpg,jpg,966.21 Ko,https://ged.staffdecor.fr/download/5405,https://ged.staffdecor.fr/reference/1402
31-02-506,Colonnes lisses.rfa,rfa,290.81 Ko,https://ged.staffdecor.fr/download/2562,https://ged.staffdecor.fr/reference/31-02-506
d121,Corniches-D121.pdf,pdf,50.49 Ko,https://ged.staffdecor.fr/download/4570,https://ged.staffdecor.fr/reference/d121
d580-2,Corniches - D580.obj,obj,26.23 Ko,https://ged.staffdecor.fr/download/6814,https://ged.staffdecor.fr/reference/d580-2
7036u,7036U.stp,stp,39.16 Ko,https://ged.staffdecor.fr/download/742,https://ged.staffdecor.fr/reference/7036u
1365,Rendu_1365.png,png,491.89 Ko,https://ged.staffdecor.fr/download/3959,https://ged.staffdecor.fr/reference/1365
1102bh,1102BH.rfa,rfa,401.4 Ko,https://ged.staffdecor.fr/download/2060,https://ged.staffdecor.fr/reference/1102bh
1221,Moulures - 1221.stl,stl,33.08 Ko,https://ged.staffdecor.fr/download/7171,https://ged.staffdecor.fr/reference/1221
22117,Côtés de passages et dessous de poutres-22117.pdf,pdf,56.18 Ko,https://ged.staffdecor.fr/download/5981,https://ged.staffdecor.fr/reference/22117
d100,Corniche - D100.stl,stl,7.88 Ko,https://ged.staffdecor.fr/download/6738,https://ged.staffdecor.fr/reference/d100
45-06,45-06.rfa,rfa,262.14 Ko,https://ged.staffdecor.fr/download/2545,https://ged.staffdecor.fr/reference/45-06
2718,Côtés de passages et dessous de poutres-2718.pdf,pdf,52.34 Ko,https://ged.staffdecor.fr/download/5992,https://ged.staffdecor.fr/reference/2718
3900,Frontons - 3900.skp,skp,9.04 Mo,https://ged.staffdecor.fr/download/6493,https://ged.staffdecor.fr/reference/3900
d801,Corniches - D801.max,max,880.64 Ko,https://ged.staffdecor.fr/download/4812,https://ged.staffdecor.fr/reference/d801
d568,D568.jpg,jpg,71 Ko,https://ged.staffdecor.fr/download/212,https://ged.staffdecor.fr/reference/d568
d884,Corniches-D884.pdf,pdf,51.03 Ko,https://ged.staffdecor.fr/download/4537,https://ged.staffdecor.fr/reference/d884
d652a,D652A_rendu.png,png,8.75 Mo,https://ged.staffdecor.fr/download/3510,https://ged.staffdecor.fr/reference/d652a
pl403,PL.403.pdf,pdf,83.21 Ko,https://ged.staffdecor.fr/download/3028,https://ged.staffdecor.fr/reference/pl403
plin08m-pc,Plinthe-PLIN08M.PC et PLIN08M.PCA.pdf,pdf,33.05 Ko,https://ged.staffdecor.fr/download/4586,https://ged.staffdecor.fr/reference/plin08m-pc
d545,D545_rendu.png,png,8.58 Mo,https://ged.staffdecor.fr/download/3055,https://ged.staffdecor.fr/reference/d545
m402,M402.jpg,jpg,281.96 Ko,https://ged.staffdecor.fr/download/5323,https://ged.staffdecor.fr/reference/m402
pl111,PL111.jpg,jpg,67.36 Ko,https://ged.staffdecor.fr/download/673,https://ged.staffdecor.fr/reference/pl111
d616,Corniches-D616.pdf,pdf,50.07 Ko,https://ged.staffdecor.fr/download/4423,https://ged.staffdecor.fr/reference/d616
7039-flower-295,Parements - 7039B.png,png,4.63 Mo,https://ged.staffdecor.fr/download/5843,https://ged.staffdecor.fr/reference/7039-flower-295
d113m,D113M.rfa,rfa,237.56 Ko,https://ged.staffdecor.fr/download/811,https://ged.staffdecor.fr/reference/d113m
d567,Corniches-D567.pdf,pdf,49.44 Ko,https://ged.staffdecor.fr/download/4464,https://ged.staffdecor.fr/reference/d567
9204,Lambris_décaisses_paramétrable.rfa,rfa,409.6 Ko,https://ged.staffdecor.fr/download/859,https://ged.staffdecor.fr/reference/9204
xl150-1,Profils - XL150.png,png,533.36 Ko,https://ged.staffdecor.fr/download/6325,https://ged.staffdecor.fr/reference/xl150-1
res-3-859,Ornements résine - RES.3.png,png,98.35 Ko,https://ged.staffdecor.fr/download/6630,https://ged.staffdecor.fr/reference/res-3-859
d815,Corniche - D815.skp,skp,371.62 Ko,https://ged.staffdecor.fr/download/6258,https://ged.staffdecor.fr/reference/d815
1107,1107.jpg,jpg,627.78 Ko,https://ged.staffdecor.fr/download/24,https://ged.staffdecor.fr/reference/1107
0710,Niches - 0710.stl,stl,1.03 Mo,https://ged.staffdecor.fr/download/7057,https://ged.staffdecor.fr/reference/0710
d618,D618_rendu.png,png,8.34 Mo,https://ged.staffdecor.fr/download/3509,https://ged.staffdecor.fr/reference/d618
m050,Rosaces - M050.png,png,928.68 Ko,https://ged.staffdecor.fr/download/6990,https://ged.staffdecor.fr/reference/m050
d573,Corniches - D573.max,max,753.66 Ko,https://ged.staffdecor.fr/download/4855,https://ged.staffdecor.fr/reference/d573
pl502,PL502 motif.stp,stp,8.32 Mo,https://ged.staffdecor.fr/download/1435,https://ged.staffdecor.fr/reference/pl502
ebp0525p,EBP0525P.jpg,jpg,50.94 Ko,https://ged.staffdecor.fr/download/1893,https://ged.staffdecor.fr/reference/ebp0525p
2618,2618.stp,stp,1.18 Mo,https://ged.staffdecor.fr/download/2767,https://ged.staffdecor.fr/reference/2618
d717,D717.stp,stp,36.22 Ko,https://ged.staffdecor.fr/download/992,https://ged.staffdecor.fr/reference/d717
enc03,ENC03-SP.jpg,jpg,63.32 Ko,https://ged.staffdecor.fr/download/376,https://ged.staffdecor.fr/reference/enc03
d573,Corniches - D573.obj,obj,3.88 Ko,https://ged.staffdecor.fr/download/5901,https://ged.staffdecor.fr/reference/d573
d892,D892-sansmotifs.rfa,rfa,229.37 Ko,https://ged.staffdecor.fr/download/1967,https://ged.staffdecor.fr/reference/d892
m058,Rosaces - M058.png,png,1.08 Mo,https://ged.staffdecor.fr/download/6963,https://ged.staffdecor.fr/reference/m058
1416,Rosaces - 1416.png,png,145.81 Ko,https://ged.staffdecor.fr/download/6616,https://ged.staffdecor.fr/reference/1416
talgm,TALGM.png,png,3.44 Mo,https://ged.staffdecor.fr/download/4212,https://ged.staffdecor.fr/reference/talgm
50-051,Caissons de plafond - 50.051 perspective.png,png,1.22 Mo,https://ged.staffdecor.fr/download/5741,https://ged.staffdecor.fr/reference/50-051
sdc1,SDC1-High-Line.jpg,jpg,43.14 Ko,https://ged.staffdecor.fr/download/2077,https://ged.staffdecor.fr/reference/sdc1
talons,Talons.png,png,6.44 Mo,https://ged.staffdecor.fr/download/6712,https://ged.staffdecor.fr/reference/talons
plin10m,Plinthe-PLIN10M.pdf,pdf,31.47 Ko,https://ged.staffdecor.fr/download/4590,https://ged.staffdecor.fr/reference/plin10m
sv577,SV577.rfa,rfa,491.52 Ko,https://ged.staffdecor.fr/download/1229,https://ged.staffdecor.fr/reference/sv577
d710,D710.rfa,rfa,221.18 Ko,https://ged.staffdecor.fr/download/1168,https://ged.staffdecor.fr/reference/d710
pl303,PL300-gamme.rfa,rfa,4.46 Mo,https://ged.staffdecor.fr/download/1408,https://ged.staffdecor.fr/reference/pl303
d879a,Corniches - D879A.png,png,26.96 Ko,https://ged.staffdecor.fr/download/6292,https://ged.staffdecor.fr/reference/d879a
plin40-r-734,Plinthe-PLIN40.PC.SP.pdf,pdf,36.35 Ko,https://ged.staffdecor.fr/download/4606,https://ged.staffdecor.fr/reference/plin40-r-734
1343,Moulures - 1343.stl,stl,17.88 Ko,https://ged.staffdecor.fr/download/7169,https://ged.staffdecor.fr/reference/1343
1140c-1,1140C.rfa,rfa,225.28 Ko,https://ged.staffdecor.fr/download/3908,https://ged.staffdecor.fr/reference/1140c-1
d653,Corniches - D653.stl,stl,2.68 Ko,https://ged.staffdecor.fr/download/6877,https://ged.staffdecor.fr/reference/d653
0732,0732.jpg,jpg,129.38 Ko,https://ged.staffdecor.fr/download/2809,https://ged.staffdecor.fr/reference/0732
d650,D650.stp,stp,43.43 Ko,https://ged.staffdecor.fr/download/931,https://ged.staffdecor.fr/reference/d650
plin10ma,Plinthes-PLIN10MA.pdf,pdf,47.74 Ko,https://ged.staffdecor.fr/download/6169,https://ged.staffdecor.fr/reference/plin10ma
d815,D815.rfa,rfa,475.13 Ko,https://ged.staffdecor.fr/download/827,https://ged.staffdecor.fr/reference/d815
1341,Moulures - 1341.skp,skp,290.4 Ko,https://ged.staffdecor.fr/download/5607,https://ged.staffdecor.fr/reference/1341
plint10-sp,Plinthes - PLINT10.SP.skp,skp,299.66 Ko,https://ged.staffdecor.fr/download/6506,https://ged.staffdecor.fr/reference/plint10-sp
d103-1,Corniches - D103.obj,obj,73.45 Ko,https://ged.staffdecor.fr/download/5921,https://ged.staffdecor.fr/reference/d103-1
m604,Rosace - M604.png,png,8.6 Mo,https://ged.staffdecor.fr/download/4735,https://ged.staffdecor.fr/reference/m604
d610,Corniche - D610.skp,skp,296.26 Ko,https://ged.staffdecor.fr/download/6027,https://ged.staffdecor.fr/reference/d610
bp30p,BP30P.stp,stp,19.74 Ko,https://ged.staffdecor.fr/download/2719,https://ged.staffdecor.fr/reference/bp30p
0724,Niches - 0724.skp,skp,311.16 Ko,https://ged.staffdecor.fr/download/6486,https://ged.staffdecor.fr/reference/0724
bl131,BL131.max,max,774.14 Ko,https://ged.staffdecor.fr/download/3694,https://ged.staffdecor.fr/reference/bl131
d123,Corniche - D123.skp,skp,219.71 Ko,https://ged.staffdecor.fr/download/5569,https://ged.staffdecor.fr/reference/d123
chevet1,CHEVET1.jpg,jpg,103.01 Ko,https://ged.staffdecor.fr/download/660,https://ged.staffdecor.fr/reference/chevet1
0714,niches (type 0714).rfa,rfa,262.14 Ko,https://ged.staffdecor.fr/download/784,https://ged.staffdecor.fr/reference/0714
20-58-396,Demies-colonnes lisses.rfa,rfa,290.81 Ko,https://ged.staffdecor.fr/download/2559,https://ged.staffdecor.fr/reference/20-58-396
30-09,30-09.jpg,jpg,66.3 Ko,https://ged.staffdecor.fr/download/2604,https://ged.staffdecor.fr/reference/30-09
bp-pf2-214,Profils de finition - BP.PF2.jpg,jpg,32.57 Ko,https://ged.staffdecor.fr/download/7077,https://ged.staffdecor.fr/reference/bp-pf2-214
d520,Corniches - D520.stl,stl,18.08 Ko,https://ged.staffdecor.fr/download/6783,https://ged.staffdecor.fr/reference/d520
m298,M298.jpg,jpg,797.34 Ko,https://ged.staffdecor.fr/download/5335,https://ged.staffdecor.fr/reference/m298
cl1213d-1,Parements - CL1213D.pdf,pdf,53.42 Ko,https://ged.staffdecor.fr/download/6573,https://ged.staffdecor.fr/reference/cl1213d-1
d899,Corniche - D899.stl,stl,7.51 Mo,https://ged.staffdecor.fr/download/6729,https://ged.staffdecor.fr/reference/d899
d710,D710.jpg,jpg,613.33 Ko,https://ged.staffdecor.fr/download/163,https://ged.staffdecor.fr/reference/d710
jc43-21p-221,JC4-3-21P.stp,stp,18.03 Ko,https://ged.staffdecor.fr/download/1323,https://ged.staffdecor.fr/reference/jc43-21p-221
plint,Plinthes - PLINT.skp,skp,217.14 Ko,https://ged.staffdecor.fr/download/5598,https://ged.staffdecor.fr/reference/plint
d601,Corniches-D601.pdf,pdf,50.69 Ko,https://ged.staffdecor.fr/download/4412,https://ged.staffdecor.fr/reference/d601
plint,PLINT_rendu.png,png,1.04 Mo,https://ged.staffdecor.fr/download/3854,https://ged.staffdecor.fr/reference/plint
orn9-820,Ornements - ORN9.png,png,142.88 Ko,https://ged.staffdecor.fr/download/6219,https://ged.staffdecor.fr/reference/orn9-820
pl612,PL612.stp,stp,2.85 Mo,https://ged.staffdecor.fr/download/1474,https://ged.staffdecor.fr/reference/pl612
d656,Corniches - D656.max,max,761.85 Ko,https://ged.staffdecor.fr/download/4802,https://ged.staffdecor.fr/reference/d656
cl30,Parements - CL30.pdf,pdf,65.09 Ko,https://ged.staffdecor.fr/download/5820,https://ged.staffdecor.fr/reference/cl30
bl180,Profil LED -BL180.pdf,pdf,59.23 Ko,https://ged.staffdecor.fr/download/5766,https://ged.staffdecor.fr/reference/bl180
1103,1103.rfa,rfa,221.18 Ko,https://ged.staffdecor.fr/download/1693,https://ged.staffdecor.fr/reference/1103
9212,9212.jpg,jpg,616.31 Ko,https://ged.staffdecor.fr/download/598,https://ged.staffdecor.fr/reference/9212
9221,Soubassements - 9221.png,png,1.6 Mo,https://ged.staffdecor.fr/download/5451,https://ged.staffdecor.fr/reference/9221
7051-7053-27,Moulure-7051-7053.pdf,pdf,50.79 Ko,https://ged.staffdecor.fr/download/4714,https://ged.staffdecor.fr/reference/7051-7053-27
d844,D844.jpg,jpg,4.28 Mo,https://ged.staffdecor.fr/download/5303,https://ged.staffdecor.fr/reference/d844
plin08m-pca,PLIN08M.PCA.pdf,pdf,82.1 Ko,https://ged.staffdecor.fr/download/3772,https://ged.staffdecor.fr/reference/plin08m-pca
u1910,U1910.jpg,jpg,42.16 Ko,https://ged.staffdecor.fr/download/2362,https://ged.staffdecor.fr/reference/u1910
2524,2524.jpg,jpg,41.05 Ko,https://ged.staffdecor.fr/download/2739,https://ged.staffdecor.fr/reference/2524
1125,1125.rfa,rfa,225.28 Ko,https://ged.staffdecor.fr/download/1705,https://ged.staffdecor.fr/reference/1125
d550,Corniche - D550.skp,skp,11.59 Mo,https://ged.staffdecor.fr/download/6024,https://ged.staffdecor.fr/reference/d550
d716,Corniche - D716.skp,skp,5.64 Mo,https://ged.staffdecor.fr/download/6271,https://ged.staffdecor.fr/reference/d716
d650a,Corniches - D650A.obj,obj,31.68 Mo,https://ged.staffdecor.fr/download/5881,https://ged.staffdecor.fr/reference/d650a
9044,9044.png,png,3.03 Mo,https://ged.staffdecor.fr/download/4372,https://ged.staffdecor.fr/reference/9044
tal26,TAL26.png,png,2 Mo,https://ged.staffdecor.fr/download/4210,https://ged.staffdecor.fr/reference/tal26
d105a-b,D105A-B.stp,stp,42.02 Ko,https://ged.staffdecor.fr/download/800,https://ged.staffdecor.fr/reference/d105a-b
m254,Rosace - M254.skp,skp,12.55 Mo,https://ged.staffdecor.fr/download/6055,https://ged.staffdecor.fr/reference/m254
cl1213a-1,Parements - CL1213A_V0001.max,max,214.65 Mo,https://ged.staffdecor.fr/download/6588,https://ged.staffdecor.fr/reference/cl1213a-1
pl110,PL110.rfa,rfa,663.55 Ko,https://ged.staffdecor.fr/download/1259,https://ged.staffdecor.fr/reference/pl110
1101e-1,1101E.png,png,1.64 Mo,https://ged.staffdecor.fr/download/4128,https://ged.staffdecor.fr/reference/1101e-1
sd7047-soho-320,SD7047.jpg,jpg,79.56 Ko,https://ged.staffdecor.fr/download/2448,https://ged.staffdecor.fr/reference/sd7047-soho-320
d505,D505.jpg,jpg,4.77 Mo,https://ged.staffdecor.fr/download/5265,https://ged.staffdecor.fr/reference/d505
pl-puits3-172,Puits de lumière - PL.PUITS3.png,png,397.93 Ko,https://ged.staffdecor.fr/download/6603,https://ged.staffdecor.fr/reference/pl-puits3-172
30-04,Colonnes lisses.rfa,rfa,290.81 Ko,https://ged.staffdecor.fr/download/2565,https://ged.staffdecor.fr/reference/30-04
1202,1202.stp,stp,15.03 Ko,https://ged.staffdecor.fr/download/2085,https://ged.staffdecor.fr/reference/1202
plip1017,Plinthes - PLIP1017.png,png,537.91 Ko,https://ged.staffdecor.fr/download/6455,https://ged.staffdecor.fr/reference/plip1017
d651,D651.rfa,rfa,229.37 Ko,https://ged.staffdecor.fr/download/913,https://ged.staffdecor.fr/reference/d651
t-capiton-316,T-CAPITON.jpg,jpg,961.69 Ko,https://ged.staffdecor.fr/download/662,https://ged.staffdecor.fr/reference/t-capiton-316
9224,Rendu_9224.png,png,2.95 Mo,https://ged.staffdecor.fr/download/3680,https://ged.staffdecor.fr/reference/9224
d882,D882_3.png,png,3.6 Mo,https://ged.staffdecor.fr/download/4269,https://ged.staffdecor.fr/reference/d882
d122,Corniches-D122.pdf,pdf,49.02 Ko,https://ged.staffdecor.fr/download/4571,https://ged.staffdecor.fr/reference/d122
1310,Moulures - 1310.stl,stl,2.66 Mo,https://ged.staffdecor.fr/download/7175,https://ged.staffdecor.fr/reference/1310
d621,D621.jpg,jpg,109.89 Ko,https://ged.staffdecor.fr/download/641,https://ged.staffdecor.fr/reference/d621
d653,D653.stp,stp,248.15 Ko,https://ged.staffdecor.fr/download/951,https://ged.staffdecor.fr/reference/d653
u2410-497,U2410.stp,stp,16.36 Ko,https://ged.staffdecor.fr/download/2381,https://ged.staffdecor.fr/reference/u2410-497
d888,D888.rfa,rfa,225.28 Ko,https://ged.staffdecor.fr/download/972,https://ged.staffdecor.fr/reference/d888
1200,1200.stp,stp,20.25 Ko,https://ged.staffdecor.fr/download/2074,https://ged.staffdecor.fr/reference/1200
orn9-820,Ornement - ORN.9.skp,skp,29.99 Mo,https://ged.staffdecor.fr/download/6404,https://ged.staffdecor.fr/reference/orn9-820
pl302,PL300-gamme.rfa,rfa,4.46 Mo,https://ged.staffdecor.fr/download/1407,https://ged.staffdecor.fr/reference/pl302
pl501,PL501-sansmotif.stp,stp,8.32 Mo,https://ged.staffdecor.fr/download/1432,https://ged.staffdecor.fr/reference/pl501
d655,Corniches-D655.pdf,pdf,50.48 Ko,https://ged.staffdecor.fr/download/4438,https://ged.staffdecor.fr/reference/d655
9223,Soubassement - 9223.skp,skp,312.35 Ko,https://ged.staffdecor.fr/download/6081,https://ged.staffdecor.fr/reference/9223
1130,1130.stp,stp,27.39 Ko,https://ged.staffdecor.fr/download/1710,https://ged.staffdecor.fr/reference/1130
4201,Ornements - 4201.png,png,1.62 Mo,https://ged.staffdecor.fr/download/6283,https://ged.staffdecor.fr/reference/4201
pl601-90d-373,PL601-90D.rfa,rfa,1.74 Mo,https://ged.staffdecor.fr/download/1447,https://ged.staffdecor.fr/reference/pl601-90d-373
d613,Corniches - D613.obj,obj,129.76 Mo,https://ged.staffdecor.fr/download/5889,https://ged.staffdecor.fr/reference/d613
m502,Rosaces-M502.pdf,pdf,63.42 Ko,https://ged.staffdecor.fr/download/4733,https://ged.staffdecor.fr/reference/m502
d627,Corniches - D627.png,png,908.25 Ko,https://ged.staffdecor.fr/download/6263,https://ged.staffdecor.fr/reference/d627
d898,Corniches-D898.pdf,pdf,50.43 Ko,https://ged.staffdecor.fr/download/4545,https://ged.staffdecor.fr/reference/d898
d752,Corniches - D752.stl,stl,4.95 Mo,https://ged.staffdecor.fr/download/6899,https://ged.staffdecor.fr/reference/d752
22108,Côtés de passages et dessous de poutres-22108.pdf,pdf,53.01 Ko,https://ged.staffdecor.fr/download/5985,https://ged.staffdecor.fr/reference/22108
e2020i,E2020I.jpg,jpg,75.84 Ko,https://ged.staffdecor.fr/download/1923,https://ged.staffdecor.fr/reference/e2020i
d626,D626.rfa,rfa,225.28 Ko,https://ged.staffdecor.fr/download/983,https://ged.staffdecor.fr/reference/d626
jc55-20-427,Joints creux - JC55.20.png,png,1.15 Mo,https://ged.staffdecor.fr/download/6695,https://ged.staffdecor.fr/reference/jc55-20-427
d102-1,Corniches - D102.stl,stl,5.88 Ko,https://ged.staffdecor.fr/download/6740,https://ged.staffdecor.fr/reference/d102-1
pl402,PL400-gamme.rfa,rfa,1.38 Mo,https://ged.staffdecor.fr/download/1416,https://ged.staffdecor.fr/reference/pl402
pl601,PL601.jpg,jpg,67.08 Ko,https://ged.staffdecor.fr/download/1440,https://ged.staffdecor.fr/reference/pl601
20-82,20-82.stp,stp,876.2 Ko,https://ged.staffdecor.fr/download/1614,https://ged.staffdecor.fr/reference/20-82
d843,D843_rendu.png,png,7.57 Mo,https://ged.staffdecor.fr/download/3202,https://ged.staffdecor.fr/reference/d843
sd7042-harlem,SD7042 Harlem.pdf,pdf,52.58 Ko,https://ged.staffdecor.fr/download/4190,https://ged.staffdecor.fr/reference/sd7042-harlem
1103c,Moulures - 1103C.skp,skp,247.11 Ko,https://ged.staffdecor.fr/download/5648,https://ged.staffdecor.fr/reference/1103c
1412,Rosaces - 1412.jpg,jpg,649.14 Ko,https://ged.staffdecor.fr/download/6611,https://ged.staffdecor.fr/reference/1412
9045,Soubassement - 9045.skp,skp,322.4 Ko,https://ged.staffdecor.fr/download/6073,https://ged.staffdecor.fr/reference/9045
plin15,Plinthes - PLIN15.skp,skp,239.61 Ko,https://ged.staffdecor.fr/download/5593,https://ged.staffdecor.fr/reference/plin15
2020,Pilastres - 2020.png,png,1.81 Mo,https://ged.staffdecor.fr/download/6654,https://ged.staffdecor.fr/reference/2020
plin10m-spa,Rendu_PLIN10M.SPA.png,png,3.17 Mo,https://ged.staffdecor.fr/download/3794,https://ged.staffdecor.fr/reference/plin10m-spa
m056,Rosaces - M056.png,png,2.76 Mo,https://ged.staffdecor.fr/download/6961,https://ged.staffdecor.fr/reference/m056
plint10-sp,Rendu_PLINT10.SP.png,png,949.63 Ko,https://ged.staffdecor.fr/download/3796,https://ged.staffdecor.fr/reference/plint10-sp
m605,M605_13.jpg,jpg,2.61 Mo,https://ged.staffdecor.fr/download/5321,https://ged.staffdecor.fr/reference/m605
d562,Corniche - D562.skp,skp,216.87 Ko,https://ged.staffdecor.fr/download/5576,https://ged.staffdecor.fr/reference/d562
1365,1365.rfa,rfa,217.08 Ko,https://ged.staffdecor.fr/download/2129,https://ged.staffdecor.fr/reference/1365
xr200,Profils - XR200.png,png,542.4 Ko,https://ged.staffdecor.fr/download/6328,https://ged.staffdecor.fr/reference/xr200
cl1374,Parements - CL1374.png,png,3.88 Mo,https://ged.staffdecor.fr/download/7098,https://ged.staffdecor.fr/reference/cl1374
d749,D749.stp,stp,47.52 Ko,https://ged.staffdecor.fr/download/1170,https://ged.staffdecor.fr/reference/d749
970-00-967,Habillage de porte - 970.00.pdf,pdf,57.69 Ko,https://ged.staffdecor.fr/download/6113,https://ged.staffdecor.fr/reference/970-00-967
d835,D835.jpg,jpg,70.9 Ko,https://ged.staffdecor.fr/download/4278,https://ged.staffdecor.fr/reference/d835
m250,Rosaces - M250.max,max,11.15 Mo,https://ged.staffdecor.fr/download/4863,https://ged.staffdecor.fr/reference/m250
orn2g-822,Ornements - ORN2G.png,png,1.41 Mo,https://ged.staffdecor.fr/download/6421,https://ged.staffdecor.fr/reference/orn2g-822
plin40-s,Plinthes - PLIN40.S.skp,skp,345.32 Ko,https://ged.staffdecor.fr/download/6511,https://ged.staffdecor.fr/reference/plin40-s
d114,D114.stp,stp,35.52 Ko,https://ged.staffdecor.fr/download/815,https://ged.staffdecor.fr/reference/d114
plin20,PLIN20.rfa,rfa,221.18 Ko,https://ged.staffdecor.fr/download/2106,https://ged.staffdecor.fr/reference/plin20
d601,D601.stp,stp,235.71 Ko,https://ged.staffdecor.fr/download/908,https://ged.staffdecor.fr/reference/d601
m390,M390.png,png,6.79 Mo,https://ged.staffdecor.fr/download/5325,https://ged.staffdecor.fr/reference/m390
d629,D629.jpg,jpg,623.58 Ko,https://ged.staffdecor.fr/download/258,https://ged.staffdecor.fr/reference/d629
d124,Corniches - D124.stl,stl,2.68 Ko,https://ged.staffdecor.fr/download/6760,https://ged.staffdecor.fr/reference/d124
1206-459,Moulures - 1206.skp,skp,229.43 Ko,https://ged.staffdecor.fr/download/5665,https://ged.staffdecor.fr/reference/1206-459
d615,Corniche - D615.skp,skp,157.47 Ko,https://ged.staffdecor.fr/download/6845,https://ged.staffdecor.fr/reference/d615
e0520e-402,E0520E.pdf,pdf,60.02 Ko,https://ged.staffdecor.fr/download/4054,https://ged.staffdecor.fr/reference/e0520e-402
m604,Rosace - M604.skp,skp,12.8 Mo,https://ged.staffdecor.fr/download/6051,https://ged.staffdecor.fr/reference/m604
orn26,Ornements - ORN26.stl,stl,2.5 Mo,https://ged.staffdecor.fr/download/7052,https://ged.staffdecor.fr/reference/orn26
d891,D891.rfa,rfa,221.18 Ko,https://ged.staffdecor.fr/download/1009,https://ged.staffdecor.fr/reference/d891
plin08m-pca,Plinthes- PLIN08M.PCA.png,png,2.18 Mo,https://ged.staffdecor.fr/download/6143,https://ged.staffdecor.fr/reference/plin08m-pca
d625,D625.jpg,jpg,58.47 Ko,https://ged.staffdecor.fr/download/185,https://ged.staffdecor.fr/reference/d625
2830l,2830L.stp,stp,516.87 Ko,https://ged.staffdecor.fr/download/2733,https://ged.staffdecor.fr/reference/2830l
hotte-provencale,Hottes - Hotte provençale.pdf,pdf,58.77 Ko,https://ged.staffdecor.fr/download/5814,https://ged.staffdecor.fr/reference/hotte-provencale
decaisse-grg-d830,Plafonds décaissés - décaissé GRG D830.png,png,374.9 Ko,https://ged.staffdecor.fr/download/6558,https://ged.staffdecor.fr/reference/decaisse-grg-d830
pl303,PL303-sansmotif.stp,stp,15.21 Mo,https://ged.staffdecor.fr/download/1357,https://ged.staffdecor.fr/reference/pl303
1365,Moulures - 1365.stl,stl,1.48 Ko,https://ged.staffdecor.fr/download/7164,https://ged.staffdecor.fr/reference/1365
d627,Corniches - D627.stl,stl,4.38 Mo,https://ged.staffdecor.fr/download/6859,https://ged.staffdecor.fr/reference/d627
3904,Frontons - 3904.stl,stl,4.33 Mo,https://ged.staffdecor.fr/download/7071,https://ged.staffdecor.fr/reference/3904
orn7d,Ornements - ORN7D.png,png,1.17 Mo,https://ged.staffdecor.fr/download/6392,https://ged.staffdecor.fr/reference/orn7d
4200,Ornements - 4200.png,png,2.1 Mo,https://ged.staffdecor.fr/download/6282,https://ged.staffdecor.fr/reference/4200
7072,7072-capitons.jpg,jpg,54.91 Ko,https://ged.staffdecor.fr/download/427,https://ged.staffdecor.fr/reference/7072
m405,M405.jpg,jpg,15.83 Mo,https://ged.staffdecor.fr/download/5317,https://ged.staffdecor.fr/reference/m405
p-flocon-337,Plaques accoustiques - P.FLOCON.rfa,rfa,684.03 Ko,https://ged.staffdecor.fr/download/5860,https://ged.staffdecor.fr/reference/p-flocon-337
6031,6031.jpg,jpg,616.63 Ko,https://ged.staffdecor.fr/download/2269,https://ged.staffdecor.fr/reference/6031
9315c-1,9315C-2.png,png,541.4 Ko,https://ged.staffdecor.fr/download/3890,https://ged.staffdecor.fr/reference/9315c-1
sdc2-1,Cimaises-SDC2.pdf,pdf,50.41 Ko,https://ged.staffdecor.fr/download/6014,https://ged.staffdecor.fr/reference/sdc2-1
d604,Corniche - D604.skp,skp,98.58 Ko,https://ged.staffdecor.fr/download/6826,https://ged.staffdecor.fr/reference/d604
d575-108,Corniche - D575.skp,skp,217.24 Ko,https://ged.staffdecor.fr/download/5581,https://ged.staffdecor.fr/reference/d575-108
d702,D702_rendu.png,png,8.59 Mo,https://ged.staffdecor.fr/download/3402,https://ged.staffdecor.fr/reference/d702
1209,Moulure-1209.pdf,pdf,49.97 Ko,https://ged.staffdecor.fr/download/4675,https://ged.staffdecor.fr/reference/1209
1156,Moulures - 1156.skp,skp,139.94 Ko,https://ged.staffdecor.fr/download/7142,https://ged.staffdecor.fr/reference/1156
30-57,30-57.jpg,jpg,57.77 Ko,https://ged.staffdecor.fr/download/2611,https://ged.staffdecor.fr/reference/30-57
d561,D561.stp,stp,26.82 Ko,https://ged.staffdecor.fr/download/995,https://ged.staffdecor.fr/reference/d561
d578,Corniche - D578.skp,skp,234.55 Ko,https://ged.staffdecor.fr/download/5584,https://ged.staffdecor.fr/reference/d578
d604,D604.jpg,jpg,610.52 Ko,https://ged.staffdecor.fr/download/235,https://ged.staffdecor.fr/reference/d604
d625,D625.stp,stp,180.98 Ko,https://ged.staffdecor.fr/download/959,https://ged.staffdecor.fr/reference/d625
d612,D612.obj,obj,62.39 Ko,https://ged.staffdecor.fr/download/4351,https://ged.staffdecor.fr/reference/d612
d820,D820.stp,stp,191.45 Ko,https://ged.staffdecor.fr/download/943,https://ged.staffdecor.fr/reference/d820
1101-1108,1101-1108.jpg,jpg,53.05 Ko,https://ged.staffdecor.fr/download/19,https://ged.staffdecor.fr/reference/1101-1108
d575-108,Corniches - D575.max,max,753.66 Ko,https://ged.staffdecor.fr/download/4856,https://ged.staffdecor.fr/reference/d575-108
d610,Corniches - D610.stl,stl,4.44 Mo,https://ged.staffdecor.fr/download/6837,https://ged.staffdecor.fr/reference/d610
d846-1,Corniches-D846.pdf,pdf,70.95 Ko,https://ged.staffdecor.fr/download/4530,https://ged.staffdecor.fr/reference/d846-1
m251,M251.rfa,rfa,282.62 Ko,https://ged.staffdecor.fr/download/1553,https://ged.staffdecor.fr/reference/m251
plinled12,Plinthes - PLINLED12.png,png,590.74 Ko,https://ged.staffdecor.fr/download/6444,https://ged.staffdecor.fr/reference/plinled12
moe90,MOE90.stp,stp,24.03 Ko,https://ged.staffdecor.fr/download/2024,https://ged.staffdecor.fr/reference/moe90
d889,D889_rendu.png,png,7.81 Mo,https://ged.staffdecor.fr/download/3208,https://ged.staffdecor.fr/reference/d889
d633,Corniches - D633.stl,stl,17.48 Ko,https://ged.staffdecor.fr/download/6866,https://ged.staffdecor.fr/reference/d633
7051-7053-27,7051.stp,stp,57.11 Ko,https://ged.staffdecor.fr/download/3921,https://ged.staffdecor.fr/reference/7051-7053-27
2050,Côtés de passages et dessous de poutres-2050.pdf,pdf,57.14 Ko,https://ged.staffdecor.fr/download/6000,https://ged.staffdecor.fr/reference/2050
d630,Corniches-D630.pdf,pdf,50.08 Ko,https://ged.staffdecor.fr/download/4431,https://ged.staffdecor.fr/reference/d630
d712,Corniches - D712.stl,stl,7.14 Mo,https://ged.staffdecor.fr/download/6890,https://ged.staffdecor.fr/reference/d712
d702,D702.jpg,jpg,61.78 Ko,https://ged.staffdecor.fr/download/268,https://ged.staffdecor.fr/reference/d702
bl120,BL120.jpg,jpg,48.03 Ko,https://ged.staffdecor.fr/download/454,https://ged.staffdecor.fr/reference/bl120
cl39-968,Parements - CL39.png,png,6.73 Mo,https://ged.staffdecor.fr/download/7097,https://ged.staffdecor.fr/reference/cl39-968
d103-1,Corniches - D103.max,max,864.25 Ko,https://ged.staffdecor.fr/download/4829,https://ged.staffdecor.fr/reference/d103-1
d102-1,Corniche - D102.skp,skp,232.43 Ko,https://ged.staffdecor.fr/download/5557,https://ged.staffdecor.fr/reference/d102-1
1344,Moulures - 1344.stl,stl,25.08 Ko,https://ged.staffdecor.fr/download/7168,https://ged.staffdecor.fr/reference/1344
1209,Moulures - 1209.stl,stl,19.88 Ko,https://ged.staffdecor.fr/download/7154,https://ged.staffdecor.fr/reference/1209
1105,Moulures - 1105.stl,stl,35.84 Mo,https://ged.staffdecor.fr/download/7127,https://ged.staffdecor.fr/reference/1105
d568,Corniches-D568.pdf,pdf,49.55 Ko,https://ged.staffdecor.fr/download/4465,https://ged.staffdecor.fr/reference/d568
d893,Corniches-D893.pdf,pdf,51.34 Ko,https://ged.staffdecor.fr/download/4542,https://ged.staffdecor.fr/reference/d893
d702,Corniches - D702.stl,stl,36.08 Ko,https://ged.staffdecor.fr/download/6883,https://ged.staffdecor.fr/reference/d702
1366,1366.stp,stp,16.05 Ko,https://ged.staffdecor.fr/download/2121,https://ged.staffdecor.fr/reference/1366
moe120,MODULOSTAFF.pdf,pdf,1.13 Mo,https://ged.staffdecor.fr/download/2006,https://ged.staffdecor.fr/reference/moe120
decaisse-grg-d830,Plafonds décaissés - D830.skp,skp,318.64 Ko,https://ged.staffdecor.fr/download/6559,https://ged.staffdecor.fr/reference/decaisse-grg-d830
orn36,Ornements - ORN36.stl,stl,74.98 Mo,https://ged.staffdecor.fr/download/7051,https://ged.staffdecor.fr/reference/orn36
plincl12-pc,Rendu_PLINCL12.PC.png,png,1.16 Mo,https://ged.staffdecor.fr/download/3844,https://ged.staffdecor.fr/reference/plincl12-pc
d565,D565.jpg,jpg,642.75 Ko,https://ged.staffdecor.fr/download/209,https://ged.staffdecor.fr/reference/d565
d610,D610.jpg,jpg,612.81 Ko,https://ged.staffdecor.fr/download/242,https://ged.staffdecor.fr/reference/d610
d754,Corniche - D754.skp,skp,1.51 Mo,https://ged.staffdecor.fr/download/6312,https://ged.staffdecor.fr/reference/d754
moac,MOAC.jpg,jpg,50.81 Ko,https://ged.staffdecor.fr/download/1551,https://ged.staffdecor.fr/reference/moac
45-05,45-05.stp,stp,23.59 Ko,https://ged.staffdecor.fr/download/2534,https://ged.staffdecor.fr/reference/45-05
d882,Corniches - D882.skp,skp,798.05 Ko,https://ged.staffdecor.fr/download/5623,https://ged.staffdecor.fr/reference/d882
d709,D709_rendu.png,png,6.46 Mo,https://ged.staffdecor.fr/download/3186,https://ged.staffdecor.fr/reference/d709
1103bh,1103BH.jpg,jpg,89.79 Ko,https://ged.staffdecor.fr/download/2096,https://ged.staffdecor.fr/reference/1103bh
2730,2730.jpg,jpg,43.17 Ko,https://ged.staffdecor.fr/download/2746,https://ged.staffdecor.fr/reference/2730
d616,Corniches - D616.stl,stl,14.68 Ko,https://ged.staffdecor.fr/download/6847,https://ged.staffdecor.fr/reference/d616
m400,Rosace - M400.skp,skp,20.17 Mo,https://ged.staffdecor.fr/download/7009,https://ged.staffdecor.fr/reference/m400
3906,Ornements - 3906.png,png,2.98 Mo,https://ged.staffdecor.fr/download/6281,https://ged.staffdecor.fr/reference/3906
m044,Rosaces - M044.png,png,1.66 Mo,https://ged.staffdecor.fr/download/6957,https://ged.staffdecor.fr/reference/m044
1125,Moulure-1125.pdf,pdf,49.24 Ko,https://ged.staffdecor.fr/download/4658,https://ged.staffdecor.fr/reference/1125
pl301,PL300-gamme.rfa,rfa,4.46 Mo,https://ged.staffdecor.fr/download/1406,https://ged.staffdecor.fr/reference/pl301
45-55,45-55.rfa,rfa,286.72 Ko,https://ged.staffdecor.fr/download/2532,https://ged.staffdecor.fr/reference/45-55
pl301,PL301.stp,stp,15.24 Mo,https://ged.staffdecor.fr/download/1380,https://ged.staffdecor.fr/reference/pl301
1115p,Moulure-1115P- montage.pdf,pdf,66.91 Ko,https://ged.staffdecor.fr/download/5482,https://ged.staffdecor.fr/reference/1115p
cl39-968,Parements - CL39  et PLINCL12.PC.stp,stp,937.62 Ko,https://ged.staffdecor.fr/download/6116,https://ged.staffdecor.fr/reference/cl39-968
d720,Corniches-D720.pdf,pdf,69.09 Ko,https://ged.staffdecor.fr/download/4482,https://ged.staffdecor.fr/reference/d720
d650,Corniches - D650.stl,stl,30.08 Ko,https://ged.staffdecor.fr/download/6867,https://ged.staffdecor.fr/reference/d650
p-lum6-377,P-LUM6-Constellation.rfa,rfa,1.25 Mo,https://ged.staffdecor.fr/download/1526,https://ged.staffdecor.fr/reference/p-lum6-377
res-4-860,Ornements résine - RES.4.png,png,869.98 Ko,https://ged.staffdecor.fr/download/6631,https://ged.staffdecor.fr/reference/res-4-860
radia1,cache radiateur - RADIA simple sans cimaise.step,step,535.04 Ko,https://ged.staffdecor.fr/download/5763,https://ged.staffdecor.fr/reference/radia1
d540,Corniches - D540.max,max,161.5 Mo,https://ged.staffdecor.fr/download/4841,https://ged.staffdecor.fr/reference/d540
9214,Soubassement - 9214.skp,skp,297.94 Ko,https://ged.staffdecor.fr/download/6077,https://ged.staffdecor.fr/reference/9214
d525,Corniche - D525.skp,skp,12.56 Mo,https://ged.staffdecor.fr/download/6022,https://ged.staffdecor.fr/reference/d525
pl302,PL302-sansmotif.stp,stp,15.21 Mo,https://ged.staffdecor.fr/download/1354,https://ged.staffdecor.fr/reference/pl302
d569,Corniche - D569.skp,skp,495.87 Ko,https://ged.staffdecor.fr/download/6240,https://ged.staffdecor.fr/reference/d569
0744,Niches - 0744.skp,skp,313.46 Ko,https://ged.staffdecor.fr/download/6480,https://ged.staffdecor.fr/reference/0744
30-59,Demies-colonnes lisses.rfa,rfa,290.81 Ko,https://ged.staffdecor.fr/download/2593,https://ged.staffdecor.fr/reference/30-59
d818,Corniches-D818.pdf,pdf,50.08 Ko,https://ged.staffdecor.fr/download/4524,https://ged.staffdecor.fr/reference/d818
bl120,Profils LED - BL120.skp,skp,63.19 Mo,https://ged.staffdecor.fr/download/7103,https://ged.staffdecor.fr/reference/bl120
d702,Corniches - D702.skp,skp,271.31 Ko,https://ged.staffdecor.fr/download/5634,https://ged.staffdecor.fr/reference/d702
d835,Corniches-D835.pdf,pdf,51.41 Ko,https://ged.staffdecor.fr/download/4525,https://ged.staffdecor.fr/reference/d835
mod25,MOD25.stp,stp,73.13 Ko,https://ged.staffdecor.fr/download/2016,https://ged.staffdecor.fr/reference/mod25
d650,Corniches - D650.obj,obj,906.65 Ko,https://ged.staffdecor.fr/download/5883,https://ged.staffdecor.fr/reference/d650
9003,Rendu_9003.png,png,2.78 Mo,https://ged.staffdecor.fr/download/3652,https://ged.staffdecor.fr/reference/9003
9315c,9315C.stp,stp,23.3 Ko,https://ged.staffdecor.fr/download/2318,https://ged.staffdecor.fr/reference/9315c
m209,Rosaces - M209.stl,stl,2.5 Mo,https://ged.staffdecor.fr/download/6997,https://ged.staffdecor.fr/reference/m209
d540,Corniches - D540.stl,stl,3.32 Mo,https://ged.staffdecor.fr/download/6787,https://ged.staffdecor.fr/reference/d540
m209,Rosace - M209.skp,skp,35.53 Mo,https://ged.staffdecor.fr/download/6998,https://ged.staffdecor.fr/reference/m209
d550,D550 sans motif.stp,stp,28.14 Ko,https://ged.staffdecor.fr/download/3549,https://ged.staffdecor.fr/reference/d550
moe60,MOE60.stp,stp,25.2 Ko,https://ged.staffdecor.fr/download/2022,https://ged.staffdecor.fr/reference/moe60
d654,Corniches - D654.obj,obj,111.62 Ko,https://ged.staffdecor.fr/download/5876,https://ged.staffdecor.fr/reference/d654
d898,Corniches - D898.obj,obj,106.48 Ko,https://ged.staffdecor.fr/download/5877,https://ged.staffdecor.fr/reference/d898
1130,Moulure - 1130.skp,skp,166.6 Ko,https://ged.staffdecor.fr/download/5653,https://ged.staffdecor.fr/reference/1130
9216,Rendu_9216.png,png,4.02 Mo,https://ged.staffdecor.fr/download/3672,https://ged.staffdecor.fr/reference/9216
d703,Corniches - D703.stl,stl,24.88 Ko,https://ged.staffdecor.fr/download/6884,https://ged.staffdecor.fr/reference/d703
d882,D882_trans.png,png,1.82 Mo,https://ged.staffdecor.fr/download/4267,https://ged.staffdecor.fr/reference/d882
1345,Moulures - 1345.stl,stl,17.48 Ko,https://ged.staffdecor.fr/download/7167,https://ged.staffdecor.fr/reference/1345
orn8g,Ornements - ORN8G.png,png,1.21 Mo,https://ged.staffdecor.fr/download/6400,https://ged.staffdecor.fr/reference/orn8g
0732,0732.stp,stp,1.14 Mo,https://ged.staffdecor.fr/download/2810,https://ged.staffdecor.fr/reference/0732
1124,Moulure-1124.pdf,pdf,48.89 Ko,https://ged.staffdecor.fr/download/4657,https://ged.staffdecor.fr/reference/1124
30-05,Colonne-Ø30-socle-chapiteau.rfa,rfa,434.17 Ko,https://ged.staffdecor.fr/download/2575,https://ged.staffdecor.fr/reference/30-05
d575-108,D575_rendu.png,png,8.08 Mo,https://ged.staffdecor.fr/download/3565,https://ged.staffdecor.fr/reference/d575-108
d706,Corniches - D706.stl,stl,1.48 Ko,https://ged.staffdecor.fr/download/6887,https://ged.staffdecor.fr/reference/d706
pl601-r-370,PL601.R.rfa,rfa,1.69 Mo,https://ged.staffdecor.fr/download/1465,https://ged.staffdecor.fr/reference/pl601-r-370
e1515e,E1515E.stp,stp,11.15 Ko,https://ged.staffdecor.fr/download/1945,https://ged.staffdecor.fr/reference/e1515e
1156,Moulures - 1156.stl,stl,3.28 Ko,https://ged.staffdecor.fr/download/7141,https://ged.staffdecor.fr/reference/1156
enc23,ENC23.jpg,jpg,60.01 Ko,https://ged.staffdecor.fr/download/384,https://ged.staffdecor.fr/reference/enc23
t-ocean-200,T.OCEAN.rfa,rfa,2.01 Mo,https://ged.staffdecor.fr/download/1212,https://ged.staffdecor.fr/reference/t-ocean-200
d113,Corniches-D113.pdf,pdf,48.99 Ko,https://ged.staffdecor.fr/download/4563,https://ged.staffdecor.fr/reference/d113
d814,Corniches - D814.stl,stl,164.68 Ko,https://ged.staffdecor.fr/download/6908,https://ged.staffdecor.fr/reference/d814
jc43-21p-221,Joints - creux - JC43.21P.skp,skp,17.58 Mo,https://ged.staffdecor.fr/download/6689,https://ged.staffdecor.fr/reference/jc43-21p-221
30-56,30-56.jpg,jpg,54.92 Ko,https://ged.staffdecor.fr/download/2610,https://ged.staffdecor.fr/reference/30-56
s562,Corniches - S562.jpg,jpg,8.19 Ko,https://ged.staffdecor.fr/download/6297,https://ged.staffdecor.fr/reference/s562
9203,9203.jpg,jpg,621.92 Ko,https://ged.staffdecor.fr/download/588,https://ged.staffdecor.fr/reference/9203
d102-1,D102.jpg,jpg,612.57 Ko,https://ged.staffdecor.fr/download/128,https://ged.staffdecor.fr/reference/d102-1
98520,98520.jpg,jpg,111.65 Ko,https://ged.staffdecor.fr/download/659,https://ged.staffdecor.fr/reference/98520
us0740-418,US0740.jpg,jpg,42.76 Ko,https://ged.staffdecor.fr/download/1835,https://ged.staffdecor.fr/reference/us0740-418
moe90,MOE90.jpg,jpg,46.67 Ko,https://ged.staffdecor.fr/download/2026,https://ged.staffdecor.fr/reference/moe90
d505,Corniche - D505.skp,skp,4.29 Mo,https://ged.staffdecor.fr/download/6232,https://ged.staffdecor.fr/reference/d505
bl170a90e-720,Profil LED -BL170A90E.pdf,pdf,64.61 Ko,https://ged.staffdecor.fr/download/5461,https://ged.staffdecor.fr/reference/bl170a90e-720
1365,Moulures - 1365.skp,skp,214.67 Ko,https://ged.staffdecor.fr/download/6105,https://ged.staffdecor.fr/reference/1365
d118-1,D118.stp,stp,23.04 Ko,https://ged.staffdecor.fr/download/2410,https://ged.staffdecor.fr/reference/d118-1
d608,Corniches - D608.max,max,1.17 Mo,https://ged.staffdecor.fr/download/4781,https://ged.staffdecor.fr/reference/d608
1124,1124.stp,stp,28.54 Ko,https://ged.staffdecor.fr/download/2118,https://ged.staffdecor.fr/reference/1124
d628,Corniches - D628.stl,stl,1.02 Mo,https://ged.staffdecor.fr/download/6861,https://ged.staffdecor.fr/reference/d628
u3225,U3225.jpg,jpg,51.78 Ko,https://ged.staffdecor.fr/download/2395,https://ged.staffdecor.fr/reference/u3225
bl170,BL170.rfa,rfa,266.24 Ko,https://ged.staffdecor.fr/download/1302,https://ged.staffdecor.fr/reference/bl170
1343,1343.max,max,847.87 Ko,https://ged.staffdecor.fr/download/4012,https://ged.staffdecor.fr/reference/1343
d510-1,D510.stp,stp,488.63 Ko,https://ged.staffdecor.fr/download/3543,https://ged.staffdecor.fr/reference/d510-1
d604,D604_rendu.png,png,8.59 Mo,https://ged.staffdecor.fr/download/3063,https://ged.staffdecor.fr/reference/d604
d578,Corniches - D578.stl,stl,8.08 Ko,https://ged.staffdecor.fr/download/6811,https://ged.staffdecor.fr/reference/d578
9043,Soubassement - 9043.skp,skp,9.85 Mo,https://ged.staffdecor.fr/download/6071,https://ged.staffdecor.fr/reference/9043
pl111,PL111-sansmotif.stp,stp,5.18 Mo,https://ged.staffdecor.fr/download/1250,https://ged.staffdecor.fr/reference/pl111
enc603,ENC603.jpg,jpg,53.56 Ko,https://ged.staffdecor.fr/download/2221,https://ged.staffdecor.fr/reference/enc603
1103c,Rendu_1103C.png,png,991.05 Ko,https://ged.staffdecor.fr/download/3881,https://ged.staffdecor.fr/reference/1103c
d901,D901.stp,stp,25.18 Ko,https://ged.staffdecor.fr/download/1018,https://ged.staffdecor.fr/reference/d901
1124,Moulures - 1124.stl,stl,25.48 Ko,https://ged.staffdecor.fr/download/7135,https://ged.staffdecor.fr/reference/1124
cl1213d,Parements - CL1213D.stl,stl,39.43 Ko,https://ged.staffdecor.fr/download/7092,https://ged.staffdecor.fr/reference/cl1213d
plincl12-pc,Plinthe-PLINCL12.PC et PLINCL12.PCA.pdf,pdf,32.97 Ko,https://ged.staffdecor.fr/download/4610,https://ged.staffdecor.fr/reference/plincl12-pc
d814,Corniches - D814.skp,skp,237.16 Ko,https://ged.staffdecor.fr/download/5625,https://ged.staffdecor.fr/reference/d814
d614,Corniches - D614.stl,stl,64.48 Ko,https://ged.staffdecor.fr/download/6843,https://ged.staffdecor.fr/reference/d614
enc01,ENC01-SP.jpg,jpg,57.19 Ko,https://ged.staffdecor.fr/download/366,https://ged.staffdecor.fr/reference/enc01
sv748,SV748.jpg,jpg,616.71 Ko,https://ged.staffdecor.fr/download/443,https://ged.staffdecor.fr/reference/sv748
0905,0905.stp,stp,418.43 Ko,https://ged.staffdecor.fr/download/1773,https://ged.staffdecor.fr/reference/0905
2724,Côtés de passages et dessous de poutres-2724.pdf,pdf,52.15 Ko,https://ged.staffdecor.fr/download/5991,https://ged.staffdecor.fr/reference/2724
d107-1,Corniches-D107.pdf,pdf,49.14 Ko,https://ged.staffdecor.fr/download/4559,https://ged.staffdecor.fr/reference/d107-1
d116,D116_rendu.png,png,6.24 Mo,https://ged.staffdecor.fr/download/3173,https://ged.staffdecor.fr/reference/d116
cl1213b,Parements - CL1213B_Pers.png,png,5.22 Mo,https://ged.staffdecor.fr/download/5704,https://ged.staffdecor.fr/reference/cl1213b
res-1-857,Ornements résine - RES.1.png,png,369.37 Ko,https://ged.staffdecor.fr/download/6628,https://ged.staffdecor.fr/reference/res-1-857
d718,D718.jpg,jpg,633.58 Ko,https://ged.staffdecor.fr/download/281,https://ged.staffdecor.fr/reference/d718
bp-pf1-213,BP.PF1.rfa,rfa,237.56 Ko,https://ged.staffdecor.fr/download/1305,https://ged.staffdecor.fr/reference/bp-pf1-213
u2425,U2425.jpg,jpg,49.41 Ko,https://ged.staffdecor.fr/download/2386,https://ged.staffdecor.fr/reference/u2425
d563,Corniches-D563.pdf,pdf,49.43 Ko,https://ged.staffdecor.fr/download/4461,https://ged.staffdecor.fr/reference/d563
d709,Corniche - D709.skp,skp,303.51 Ko,https://ged.staffdecor.fr/download/6246,https://ged.staffdecor.fr/reference/d709
m605,Rosaces - M605.stl,stl,2.5 Mo,https://ged.staffdecor.fr/download/7028,https://ged.staffdecor.fr/reference/m605
d812,Corniches - D812.png,png,901.75 Ko,https://ged.staffdecor.fr/download/6317,https://ged.staffdecor.fr/reference/d812
plin10m,Plinthes - PLIN10M.skp,skp,210.54 Ko,https://ged.staffdecor.fr/download/5589,https://ged.staffdecor.fr/reference/plin10m
7070-184,7070-bulles.jpg,jpg,52.83 Ko,https://ged.staffdecor.fr/download/423,https://ged.staffdecor.fr/reference/7070-184
d563,Corniches - D563.stl,stl,2.88 Ko,https://ged.staffdecor.fr/download/6796,https://ged.staffdecor.fr/reference/d563
bl160,BL160 - rendu.png,png,6.93 Mo,https://ged.staffdecor.fr/download/3217,https://ged.staffdecor.fr/reference/bl160
1301,Rendu_1301.png,png,912.4 Ko,https://ged.staffdecor.fr/download/3937,https://ged.staffdecor.fr/reference/1301
d898,D898.stp,stp,545.17 Ko,https://ged.staffdecor.fr/download/1034,https://ged.staffdecor.fr/reference/d898
1201,1201.max,max,843.77 Ko,https://ged.staffdecor.fr/download/4004,https://ged.staffdecor.fr/reference/1201
1207bh,1207BH.rfa,rfa,372.73 Ko,https://ged.staffdecor.fr/download/2061,https://ged.staffdecor.fr/reference/1207bh
d520,Corniche - D520.skp,skp,206.39 Ko,https://ged.staffdecor.fr/download/5570,https://ged.staffdecor.fr/reference/d520
1343,1343.stp,stp,32.06 Ko,https://ged.staffdecor.fr/download/1735,https://ged.staffdecor.fr/reference/1343
xd150,Gamme Variance - X.D150.pdf,pdf,50.67 Ko,https://ged.staffdecor.fr/download/6338,https://ged.staffdecor.fr/reference/xd150
1310,Moulure-1310.pdf,pdf,49.63 Ko,https://ged.staffdecor.fr/download/4685,https://ged.staffdecor.fr/reference/1310
cl1213c,Parements - CL1213C.skp,skp,40.18 Mo,https://ged.staffdecor.fr/download/7091,https://ged.staffdecor.fr/reference/cl1213c
1130,1130.jpg,jpg,624.33 Ko,https://ged.staffdecor.fr/download/34,https://ged.staffdecor.fr/reference/1130
6030,6030-31-32-montage.jpg,jpg,649.94 Ko,https://ged.staffdecor.fr/download/2273,https://ged.staffdecor.fr/reference/6030
p-flocon-337,Plaques - P.FLOCON.png,png,3.67 Mo,https://ged.staffdecor.fr/download/6657,https://ged.staffdecor.fr/reference/p-flocon-337
d123,D123.obj,obj,7.94 Ko,https://ged.staffdecor.fr/download/4317,https://ged.staffdecor.fr/reference/d123
m401p,Rosaces - M401P.stl,stl,5.28 Mo,https://ged.staffdecor.fr/download/7012,https://ged.staffdecor.fr/reference/m401p
1151,Moulures - 1151.stl,stl,2.49 Mo,https://ged.staffdecor.fr/download/7139,https://ged.staffdecor.fr/reference/1151
pl-voile-168,Plafonniers-PL.VOILE.png,png,1.85 Mo,https://ged.staffdecor.fr/download/6532,https://ged.staffdecor.fr/reference/pl-voile-168
0724,0724.jpg,jpg,82.96 Ko,https://ged.staffdecor.fr/download/2814,https://ged.staffdecor.fr/reference/0724
d101-1,D101_rendu.png,png,6.58 Mo,https://ged.staffdecor.fr/download/3166,https://ged.staffdecor.fr/reference/d101-1
9201,Lambris_décaisses_paramétrable.rfa,rfa,409.6 Ko,https://ged.staffdecor.fr/download/865,https://ged.staffdecor.fr/reference/9201
d905h,Corniche - D905H.skp,skp,316.81 Ko,https://ged.staffdecor.fr/download/6256,https://ged.staffdecor.fr/reference/d905h
d608,Corniches - D608.obj,obj,95.99 Ko,https://ged.staffdecor.fr/download/5891,https://ged.staffdecor.fr/reference/d608
d556-2,Corniches - D556.stl,stl,6.08 Ko,https://ged.staffdecor.fr/download/6790,https://ged.staffdecor.fr/reference/d556-2
m047,Rosaces - M047.png,png,1.27 Mo,https://ged.staffdecor.fr/download/6958,https://ged.staffdecor.fr/reference/m047
m604,Rosaces - M604.max,max,591.43 Mo,https://ged.staffdecor.fr/download/4874,https://ged.staffdecor.fr/reference/m604
d630,D630.jpg,jpg,641.08 Ko,https://ged.staffdecor.fr/download/192,https://ged.staffdecor.fr/reference/d630
orn11,Ornements - ORN11.png,png,62.9 Ko,https://ged.staffdecor.fr/download/6365,https://ged.staffdecor.fr/reference/orn11
tal20,Talons - TAL20.max,max,700.41 Ko,https://ged.staffdecor.fr/download/5695,https://ged.staffdecor.fr/reference/tal20
sd7057,SD7057-zoom.jpg,jpg,1.08 Mo,https://ged.staffdecor.fr/download/2224,https://ged.staffdecor.fr/reference/sd7057
d556-2,Corniches-D556.pdf,pdf,48.86 Ko,https://ged.staffdecor.fr/download/4456,https://ged.staffdecor.fr/reference/d556-2
30-06,Colonnes lisses.rfa,rfa,290.81 Ko,https://ged.staffdecor.fr/download/2571,https://ged.staffdecor.fr/reference/30-06
d606,Corniches - D606.stl,stl,40.68 Ko,https://ged.staffdecor.fr/download/6829,https://ged.staffdecor.fr/reference/d606
1107p,1107P.rfa,rfa,311.29 Ko,https://ged.staffdecor.fr/download/2053,https://ged.staffdecor.fr/reference/1107p
pl312,PL312-sansmotif.dgk,dgk,2.53 Mo,https://ged.staffdecor.fr/download/1424,https://ged.staffdecor.fr/reference/pl312
1155,Rendu_1155.png,png,957.98 Ko,https://ged.staffdecor.fr/download/3969,https://ged.staffdecor.fr/reference/1155
1130,Moulure-1130.pdf,pdf,49.62 Ko,https://ged.staffdecor.fr/download/4659,https://ged.staffdecor.fr/reference/1130
20-56,20-56.jpg,jpg,614.93 Ko,https://ged.staffdecor.fr/download/67,https://ged.staffdecor.fr/reference/20-56
d122,Corniches - D122.stl,stl,2.08 Ko,https://ged.staffdecor.fr/download/6758,https://ged.staffdecor.fr/reference/d122
1101d,Moulures - 1101D.skp,skp,5.44 Mo,https://ged.staffdecor.fr/download/5553,https://ged.staffdecor.fr/reference/1101d
d611,Corniches - D611.max,max,880.64 Ko,https://ged.staffdecor.fr/download/4782,https://ged.staffdecor.fr/reference/d611
d650b,Corniches - D650B.max,max,33.44 Mo,https://ged.staffdecor.fr/download/4799,https://ged.staffdecor.fr/reference/d650b
d889,Corniches - D889.stl,stl,10.71 Mo,https://ged.staffdecor.fr/download/6941,https://ged.staffdecor.fr/reference/d889
d845-272,D845.jpg,jpg,4.96 Mo,https://ged.staffdecor.fr/download/5278,https://ged.staffdecor.fr/reference/d845-272
plint10-pc,Rendu_PLINT10.PC.png,png,954.51 Ko,https://ged.staffdecor.fr/download/3781,https://ged.staffdecor.fr/reference/plint10-pc
1220-1,1220.jpg,jpg,646.17 Ko,https://ged.staffdecor.fr/download/2915,https://ged.staffdecor.fr/reference/1220-1
9227,Rendu_9227.png,png,3.41 Mo,https://ged.staffdecor.fr/download/3686,https://ged.staffdecor.fr/reference/9227
2730,2730.stp,stp,32.37 Ko,https://ged.staffdecor.fr/download/2747,https://ged.staffdecor.fr/reference/2730
sdpa2,Corniche - SDPA2.skp,skp,295.43 Ko,https://ged.staffdecor.fr/download/6274,https://ged.staffdecor.fr/reference/sdpa2
d625,D625.rfa,rfa,225.28 Ko,https://ged.staffdecor.fr/download/960,https://ged.staffdecor.fr/reference/d625
plin08,PLIN08_rendu.png,png,803.19 Ko,https://ged.staffdecor.fr/download/3763,https://ged.staffdecor.fr/reference/plin08
1420,1420 (3) copie.jpg,jpg,3.07 Mo,https://ged.staffdecor.fr/download/5423,https://ged.staffdecor.fr/reference/1420
m038,Rosaces - M038.png,png,405.81 Ko,https://ged.staffdecor.fr/download/6986,https://ged.staffdecor.fr/reference/m038
d749,D749.rfa,rfa,221.18 Ko,https://ged.staffdecor.fr/download/1171,https://ged.staffdecor.fr/reference/d749
m251,Rosaces - M251.max,max,8.64 Mo,https://ged.staffdecor.fr/download/4864,https://ged.staffdecor.fr/reference/m251
1209,1209.rfa,rfa,221.18 Ko,https://ged.staffdecor.fr/download/2170,https://ged.staffdecor.fr/reference/1209
0744,0744.jpg,jpg,99.74 Ko,https://ged.staffdecor.fr/download/2816,https://ged.staffdecor.fr/reference/0744
plin08m,PLIN08M.stp,stp,19.03 Ko,https://ged.staffdecor.fr/download/1479,https://ged.staffdecor.fr/reference/plin08m
e1020e,E1020E.jpg,jpg,33.01 Ko,https://ged.staffdecor.fr/download/1932,https://ged.staffdecor.fr/reference/e1020e
d505,D505-sansmotif.stp,stp,49.72 Ko,https://ged.staffdecor.fr/download/832,https://ged.staffdecor.fr/reference/d505
30-10,30-10.jpg,jpg,68.3 Ko,https://ged.staffdecor.fr/download/2605,https://ged.staffdecor.fr/reference/30-10
radia2,cache radiateur RADIA2.dwg,dwg,307.35 Ko,https://ged.staffdecor.fr/download/6732,https://ged.staffdecor.fr/reference/radia2
1125,1125.stp,stp,39.84 Ko,https://ged.staffdecor.fr/download/1707,https://ged.staffdecor.fr/reference/1125
d577,Corniches-D577.pdf,pdf,48.93 Ko,https://ged.staffdecor.fr/download/4470,https://ged.staffdecor.fr/reference/d577
m206,Rosaces - M206.png,png,2.49 Mo,https://ged.staffdecor.fr/download/6982,https://ged.staffdecor.fr/reference/m206
pl100,PL100.rfa,rfa,458.75 Ko,https://ged.staffdecor.fr/download/1236,https://ged.staffdecor.fr/reference/pl100
1120,Moulures - 1120.skp,skp,225.96 Ko,https://ged.staffdecor.fr/download/5650,https://ged.staffdecor.fr/reference/1120
d107-1,D107.stp,stp,72.88 Ko,https://ged.staffdecor.fr/download/847,https://ged.staffdecor.fr/reference/d107-1
cl1213a,Parements - CL1213A.pdf,pdf,166.12 Ko,https://ged.staffdecor.fr/download/5696,https://ged.staffdecor.fr/reference/cl1213a
bl131,BL131.rfa,rfa,233.47 Ko,https://ged.staffdecor.fr/download/1297,https://ged.staffdecor.fr/reference/bl131
d106,Corniches - D106.stl,stl,2.48 Ko,https://ged.staffdecor.fr/download/6744,https://ged.staffdecor.fr/reference/d106
modc,MODC.rfa,rfa,249.85 Ko,https://ged.staffdecor.fr/download/1992,https://ged.staffdecor.fr/reference/modc
d897,Corniches - D897.stl,stl,6.55 Mo,https://ged.staffdecor.fr/download/6946,https://ged.staffdecor.fr/reference/d897
d810,Corniches - D810.stl,stl,12.5 Mo,https://ged.staffdecor.fr/download/6904,https://ged.staffdecor.fr/reference/d810
d751,Corniche - D751.skp,skp,11.44 Mo,https://ged.staffdecor.fr/download/6313,https://ged.staffdecor.fr/reference/d751
bp30p,Profil de finition - BP30P.pdf,pdf,54.32 Ko,https://ged.staffdecor.fr/download/5809,https://ged.staffdecor.fr/reference/bp30p
d748,Corniches - D748.max,max,761.85 Ko,https://ged.staffdecor.fr/download/4810,https://ged.staffdecor.fr/reference/d748
m254,Rosaces - M254.png,png,6.19 Mo,https://ged.staffdecor.fr/download/4904,https://ged.staffdecor.fr/reference/m254
1213g-1,Moulures - 1213G.stl,stl,2.48 Mo,https://ged.staffdecor.fr/download/7159,https://ged.staffdecor.fr/reference/1213g-1
d845-272,Corniches - D845.stl,stl,21.55 Mo,https://ged.staffdecor.fr/download/6919,https://ged.staffdecor.fr/reference/d845-272
d650l,Corniches - D650L.stl,stl,33.48 Ko,https://ged.staffdecor.fr/download/6868,https://ged.staffdecor.fr/reference/d650l
m202,Rosaces - M202.stl,stl,3.17 Mo,https://ged.staffdecor.fr/download/6996,https://ged.staffdecor.fr/reference/m202
1103c,1103C.max,max,921.6 Ko,https://ged.staffdecor.fr/download/4178,https://ged.staffdecor.fr/reference/1103c
plin20,PLIN20_rendu.png,png,2.22 Mo,https://ged.staffdecor.fr/download/3852,https://ged.staffdecor.fr/reference/plin20
6031,6031.stp,stp,19.04 Ko,https://ged.staffdecor.fr/download/2285,https://ged.staffdecor.fr/reference/6031
45-56,45-56.rfa,rfa,262.14 Ko,https://ged.staffdecor.fr/download/2542,https://ged.staffdecor.fr/reference/45-56
7036,7036-MULTIFACE.pdf,pdf,1.27 Mo,https://ged.staffdecor.fr/download/2137,https://ged.staffdecor.fr/reference/7036
d900,Corniches - D900.png,png,416.84 Ko,https://ged.staffdecor.fr/download/6273,https://ged.staffdecor.fr/reference/d900
d627-1,D627.jpg,jpg,4.63 Mo,https://ged.staffdecor.fr/download/5269,https://ged.staffdecor.fr/reference/d627-1
bp-pf1-213,BP.PF1.stp,stp,18.68 Ko,https://ged.staffdecor.fr/download/1304,https://ged.staffdecor.fr/reference/bp-pf1-213
d580-2,Corniches-D580.pdf,pdf,49.56 Ko,https://ged.staffdecor.fr/download/6820,https://ged.staffdecor.fr/reference/d580-2
d626,Corniches - D626.stl,stl,23.68 Ko,https://ged.staffdecor.fr/download/6858,https://ged.staffdecor.fr/reference/d626
d624,D624.rfa,rfa,225.28 Ko,https://ged.staffdecor.fr/download/896,https://ged.staffdecor.fr/reference/d624
d629,D629.skp,skp,1.38 Mo,https://ged.staffdecor.fr/download/3729,https://ged.staffdecor.fr/reference/d629
m404,Rosace - M404.skp,skp,18.02 Mo,https://ged.staffdecor.fr/download/7018,https://ged.staffdecor.fr/reference/m404
trappes-de-visite,Trappes de visite.png,png,14.07 Mo,https://ged.staffdecor.fr/download/6728,https://ged.staffdecor.fr/reference/trappes-de-visite
plin08,PLIN08.jpg,jpg,54.17 Ko,https://ged.staffdecor.fr/download/1496,https://ged.staffdecor.fr/reference/plin08
40-60,40-06et40-60.rfa,rfa,286.72 Ko,https://ged.staffdecor.fr/download/1656,https://ged.staffdecor.fr/reference/40-60
1107,Moulure-1107.pdf,pdf,49.2 Ko,https://ged.staffdecor.fr/download/4653,https://ged.staffdecor.fr/reference/1107
moa23,MOA23.stp,stp,17.4 Ko,https://ged.staffdecor.fr/download/1981,https://ged.staffdecor.fr/reference/moa23
1101c,Cimaises - 1101C.stl,stl,44.48 Ko,https://ged.staffdecor.fr/download/7123,https://ged.staffdecor.fr/reference/1101c
45-02,45-02.jpg,jpg,110.18 Ko,https://ged.staffdecor.fr/download/2480,https://ged.staffdecor.fr/reference/45-02
1216,Moulure -1216.pdf,pdf,135.42 Ko,https://ged.staffdecor.fr/download/6199,https://ged.staffdecor.fr/reference/1216
d116,Corniche - D116.skp,skp,344.89 Ko,https://ged.staffdecor.fr/download/5565,https://ged.staffdecor.fr/reference/d116
enc601,ENC601.jpg,jpg,56.59 Ko,https://ged.staffdecor.fr/download/367,https://ged.staffdecor.fr/reference/enc601
d705,D705_rendu.png,png,8.42 Mo,https://ged.staffdecor.fr/download/3403,https://ged.staffdecor.fr/reference/d705
1104,Moulures - 1104.png,png,1.97 Mo,https://ged.staffdecor.fr/download/6698,https://ged.staffdecor.fr/reference/1104
decaisse-grg-d830,Plafond décaissé D830.pdf,pdf,67.91 Ko,https://ged.staffdecor.fr/download/4106,https://ged.staffdecor.fr/reference/decaisse-grg-d830
d616,D616.rfa,rfa,225.28 Ko,https://ged.staffdecor.fr/download/2865,https://ged.staffdecor.fr/reference/d616
d881b,D881B_2.png,png,4.5 Mo,https://ged.staffdecor.fr/download/4273,https://ged.staffdecor.fr/reference/d881b
1103,Moulures - 1103.skp,skp,474.68 Ko,https://ged.staffdecor.fr/download/5644,https://ged.staffdecor.fr/reference/1103
1327,Moulure - 1327.skp,skp,32.19 Mo,https://ged.staffdecor.fr/download/6104,https://ged.staffdecor.fr/reference/1327
0712,0712.jpg,jpg,113.37 Ko,https://ged.staffdecor.fr/download/2807,https://ged.staffdecor.fr/reference/0712
1326,Moulure-1326.pdf,pdf,89.11 Ko,https://ged.staffdecor.fr/download/5227,https://ged.staffdecor.fr/reference/1326
bl122,Profils LED - BL122.stp,stp,33.76 Ko,https://ged.staffdecor.fr/download/5779,https://ged.staffdecor.fr/reference/bl122
plin11-sp,Rendu_PLIN11.SP.png,png,1.1 Mo,https://ged.staffdecor.fr/download/3823,https://ged.staffdecor.fr/reference/plin11-sp
1409-1,Ornements - 1409.stl,stl,2.49 Mo,https://ged.staffdecor.fr/download/7050,https://ged.staffdecor.fr/reference/1409-1
d108-1,D108.rfa,rfa,266.24 Ko,https://ged.staffdecor.fr/download/804,https://ged.staffdecor.fr/reference/d108-1
d574-1,Corniche - D574.skp,skp,327.91 Ko,https://ged.staffdecor.fr/download/6238,https://ged.staffdecor.fr/reference/d574-1
1102bh,1102BH.jpg,jpg,109.67 Ko,https://ged.staffdecor.fr/download/2056,https://ged.staffdecor.fr/reference/1102bh
d124,Corniches - D124.max,max,782.33 Ko,https://ged.staffdecor.fr/download/4837,https://ged.staffdecor.fr/reference/d124
1325,Moulure - 1325.skp,skp,12.64 Mo,https://ged.staffdecor.fr/download/6103,https://ged.staffdecor.fr/reference/1325
30-56,30-56.stp,stp,12.99 Ko,https://ged.staffdecor.fr/download/2579,https://ged.staffdecor.fr/reference/30-56
7002,Balustres - 7002.stl,stl,1.58 Mo,https://ged.staffdecor.fr/download/7068,https://ged.staffdecor.fr/reference/7002
1101bh,1101BH.jpg,jpg,106.62 Ko,https://ged.staffdecor.fr/download/2358,https://ged.staffdecor.fr/reference/1101bh
orn24,Ornements - ORN24.png,png,1.52 Mo,https://ged.staffdecor.fr/download/6287,https://ged.staffdecor.fr/reference/orn24
9206,9206.jpg,jpg,635.37 Ko,https://ged.staffdecor.fr/download/594,https://ged.staffdecor.fr/reference/9206
d569,D569.stp,stp,959.1 Ko,https://ged.staffdecor.fr/download/1068,https://ged.staffdecor.fr/reference/d569
u2410-497,U2410.jpg,jpg,42.65 Ko,https://ged.staffdecor.fr/download/2382,https://ged.staffdecor.fr/reference/u2410-497
960-00,Habillage de porte - 960.00.pdf,pdf,58 Ko,https://ged.staffdecor.fr/download/6111,https://ged.staffdecor.fr/reference/960-00
pl101,PL101-sansmotif.rfa,rfa,458.75 Ko,https://ged.staffdecor.fr/download/1239,https://ged.staffdecor.fr/reference/pl101
7035-labrys,7035-Labrys.pdf,pdf,1.09 Mo,https://ged.staffdecor.fr/download/2138,https://ged.staffdecor.fr/reference/7035-labrys
d840,Corniches-D840.pdf,pdf,49.89 Ko,https://ged.staffdecor.fr/download/4526,https://ged.staffdecor.fr/reference/d840
plin20,PLIN20.max,max,802.81 Ko,https://ged.staffdecor.fr/download/3851,https://ged.staffdecor.fr/reference/plin20
1409-1,Ornement - 1409.skp,skp,9.67 Mo,https://ged.staffdecor.fr/download/6090,https://ged.staffdecor.fr/reference/1409-1
d881b,Corniches - D881B.stl,stl,3.32 Mo,https://ged.staffdecor.fr/download/6933,https://ged.staffdecor.fr/reference/d881b
bl160,BL160.rfa,rfa,237.56 Ko,https://ged.staffdecor.fr/download/1300,https://ged.staffdecor.fr/reference/bl160
pl303,Plafonniers - PL303.png,png,142.32 Ko,https://ged.staffdecor.fr/download/6527,https://ged.staffdecor.fr/reference/pl303
45-04,45-04.rfa,rfa,282.62 Ko,https://ged.staffdecor.fr/download/2522,https://ged.staffdecor.fr/reference/45-04
d900,Corniches-D900.pdf,pdf,50.04 Ko,https://ged.staffdecor.fr/download/4488,https://ged.staffdecor.fr/reference/d900
bl120,Profil LED -BL120.pdf,pdf,57.14 Ko,https://ged.staffdecor.fr/download/5475,https://ged.staffdecor.fr/reference/bl120
m303,Rosace - M303.skp,skp,35.75 Mo,https://ged.staffdecor.fr/download/7006,https://ged.staffdecor.fr/reference/m303
plin10m,PLIN10M.max,max,757.76 Ko,https://ged.staffdecor.fr/download/3812,https://ged.staffdecor.fr/reference/plin10m
d621,Corniches - D621.stl,stl,17.08 Ko,https://ged.staffdecor.fr/download/6854,https://ged.staffdecor.fr/reference/d621
d710,Corniche - D710.skp,skp,313.21 Ko,https://ged.staffdecor.fr/download/6247,https://ged.staffdecor.fr/reference/d710
d749,D749_rendu.png,png,6.45 Mo,https://ged.staffdecor.fr/download/3187,https://ged.staffdecor.fr/reference/d749
m401p,Rosaces - M401P.png,png,10.29 Mo,https://ged.staffdecor.fr/download/4878,https://ged.staffdecor.fr/reference/m401p
d650,D650.skp,skp,364.84 Ko,https://ged.staffdecor.fr/download/3734,https://ged.staffdecor.fr/reference/d650
orn8g,Ornement - ORN.8G.skp,skp,13.94 Mo,https://ged.staffdecor.fr/download/6410,https://ged.staffdecor.fr/reference/orn8g
1345,1345.rfa,rfa,225.28 Ko,https://ged.staffdecor.fr/download/1738,https://ged.staffdecor.fr/reference/1345
d612,Corniche - D612.skp,skp,128.28 Ko,https://ged.staffdecor.fr/download/6840,https://ged.staffdecor.fr/reference/d612
d630,D630.stp,stp,33.44 Ko,https://ged.staffdecor.fr/download/893,https://ged.staffdecor.fr/reference/d630
pl110,PL110.stp,stp,5.18 Mo,https://ged.staffdecor.fr/download/1258,https://ged.staffdecor.fr/reference/pl110
moaplin10,MOAPLIN10.stp,stp,354.54 Ko,https://ged.staffdecor.fr/download/1534,https://ged.staffdecor.fr/reference/moaplin10
plin08m-pc,PLIN08M.PC.max,max,798.72 Ko,https://ged.staffdecor.fr/download/3769,https://ged.staffdecor.fr/reference/plin08m-pc
cl1213a-1,Parements - CL1213A.png,png,5.3 Mo,https://ged.staffdecor.fr/download/6566,https://ged.staffdecor.fr/reference/cl1213a-1
31-52-389,31-52.dgk,dgk,396.84 Ko,https://ged.staffdecor.fr/download/2486,https://ged.staffdecor.fr/reference/31-52-389
d622,D622.skp,skp,364.93 Ko,https://ged.staffdecor.fr/download/3723,https://ged.staffdecor.fr/reference/d622
d890,Corniches-D890.pdf,pdf,51.21 Ko,https://ged.staffdecor.fr/download/4541,https://ged.staffdecor.fr/reference/d890
m202,Rosace - M202.skp,skp,12.49 Mo,https://ged.staffdecor.fr/download/6060,https://ged.staffdecor.fr/reference/m202
31-52-389,Colonne-Ø20-socle-chapiteau.rfa,rfa,561.15 Ko,https://ged.staffdecor.fr/download/2489,https://ged.staffdecor.fr/reference/31-52-389
98530,98530.stp,stp,84.89 Ko,https://ged.staffdecor.fr/download/774,https://ged.staffdecor.fr/reference/98530
d815,Corniches - D815.stl,stl,4.5 Mo,https://ged.staffdecor.fr/download/6909,https://ged.staffdecor.fr/reference/d815
pl222,PL222.rfa,rfa,1.62 Mo,https://ged.staffdecor.fr/download/1342,https://ged.staffdecor.fr/reference/pl222
pl602,PL602.stp,stp,1.86 Mo,https://ged.staffdecor.fr/download/1472,https://ged.staffdecor.fr/reference/pl602
d712,D712.jpg,jpg,4.43 Mo,https://ged.staffdecor.fr/download/5268,https://ged.staffdecor.fr/reference/d712
1112,Moulure-1112.pdf,pdf,49.32 Ko,https://ged.staffdecor.fr/download/4654,https://ged.staffdecor.fr/reference/1112
d609,Corniches-D609.pdf,pdf,50.35 Ko,https://ged.staffdecor.fr/download/4418,https://ged.staffdecor.fr/reference/d609
m504,Rosace - M504.skp,skp,9.69 Mo,https://ged.staffdecor.fr/download/6049,https://ged.staffdecor.fr/reference/m504
parements,Parements.png,png,1.51 Mo,https://ged.staffdecor.fr/download/7096,https://ged.staffdecor.fr/reference/parements
0734,Niches - 0734.stl,stl,2.98 Ko,https://ged.staffdecor.fr/download/7063,https://ged.staffdecor.fr/reference/0734
m404,M404.png,png,6.59 Mo,https://ged.staffdecor.fr/download/5324,https://ged.staffdecor.fr/reference/m404
30-58,30-58.stp,stp,11.92 Ko,https://ged.staffdecor.fr/download/2615,https://ged.staffdecor.fr/reference/30-58
d887,Corniches - D887.max,max,1.09 Mo,https://ged.staffdecor.fr/download/4821,https://ged.staffdecor.fr/reference/d887
emb95-ebl0430-367,EBL0430.max,max,786.43 Ko,https://ged.staffdecor.fr/download/3619,https://ged.staffdecor.fr/reference/emb95-ebl0430-367
d886,Corniches - D886.stl,stl,51.68 Ko,https://ged.staffdecor.fr/download/6938,https://ged.staffdecor.fr/reference/d886
m251,M251.jpg,jpg,7.91 Mo,https://ged.staffdecor.fr/download/5341,https://ged.staffdecor.fr/reference/m251
m502,Rosaces - M502.max,max,770.04 Ko,https://ged.staffdecor.fr/download/4875,https://ged.staffdecor.fr/reference/m502
1348,1348.max,max,933.88 Ko,https://ged.staffdecor.fr/download/3952,https://ged.staffdecor.fr/reference/1348
d881b,Corniches - D881B.obj,obj,348.37 Mo,https://ged.staffdecor.fr/download/5922,https://ged.staffdecor.fr/reference/d881b
d564,Corniches - D564.stl,stl,2.88 Ko,https://ged.staffdecor.fr/download/6797,https://ged.staffdecor.fr/reference/d564
3904,Frontons - 3904.png,png,914.63 Ko,https://ged.staffdecor.fr/download/6476,https://ged.staffdecor.fr/reference/3904
9201,9201.stp,stp,319.83 Ko,https://ged.staffdecor.fr/download/755,https://ged.staffdecor.fr/reference/9201
d657,Corniches - D657.stl,stl,58.88 Ko,https://ged.staffdecor.fr/download/6881,https://ged.staffdecor.fr/reference/d657
7036plin,7036PLIN.jpg,jpg,625.64 Ko,https://ged.staffdecor.fr/download/1590,https://ged.staffdecor.fr/reference/7036plin
d905h,Corniches-D905H.pdf,pdf,51.1 Ko,https://ged.staffdecor.fr/download/4999,https://ged.staffdecor.fr/reference/d905h
cl34,CL34.jpg,jpg,135.61 Ko,https://ged.staffdecor.fr/download/538,https://ged.staffdecor.fr/reference/cl34
1145c,1145C-pièce.rfa,rfa,540.67 Ko,https://ged.staffdecor.fr/download/1712,https://ged.staffdecor.fr/reference/1145c
d655-1,D655.jpg,jpg,4.21 Mo,https://ged.staffdecor.fr/download/5266,https://ged.staffdecor.fr/reference/d655-1
pl614,PL614.jpg,jpg,665.77 Ko,https://ged.staffdecor.fr/download/339,https://ged.staffdecor.fr/reference/pl614
tal20,TAL20.png,png,3.74 Mo,https://ged.staffdecor.fr/download/4213,https://ged.staffdecor.fr/reference/tal20
pl-bas1-p-913,Puis de lumières - PL.BAS1.P.pdf,pdf,93.86 Ko,https://ged.staffdecor.fr/download/5788,https://ged.staffdecor.fr/reference/pl-bas1-p-913
d887,D887.step,step,750.29 Ko,https://ged.staffdecor.fr/download/4077,https://ged.staffdecor.fr/reference/d887
radia2,Cache radiateur -RADIA2 simple.pdf,pdf,148.93 Ko,https://ged.staffdecor.fr/download/5210,https://ged.staffdecor.fr/reference/radia2
d520,Corniches-D520.pdf,pdf,49.75 Ko,https://ged.staffdecor.fr/download/4407,https://ged.staffdecor.fr/reference/d520
d605,Corniches - D605.stl,stl,43.48 Ko,https://ged.staffdecor.fr/download/6828,https://ged.staffdecor.fr/reference/d605
orn26,Ornements - ORN26.png,png,1.23 Mo,https://ged.staffdecor.fr/download/6369,https://ged.staffdecor.fr/reference/orn26
moac,MOAC.stp,stp,10.86 Ko,https://ged.staffdecor.fr/download/1550,https://ged.staffdecor.fr/reference/moac
d605,Corniches-D605.pdf,pdf,50.29 Ko,https://ged.staffdecor.fr/download/4414,https://ged.staffdecor.fr/reference/d605
m253,M253.jpg,jpg,3.41 Mo,https://ged.staffdecor.fr/download/5387,https://ged.staffdecor.fr/reference/m253
d656,D656.skp,skp,400.1 Ko,https://ged.staffdecor.fr/download/3738,https://ged.staffdecor.fr/reference/d656
plin11-pca-665,Plinthe-PLIN11.PC et PLIN11.PCA.pdf,pdf,33.56 Ko,https://ged.staffdecor.fr/download/4594,https://ged.staffdecor.fr/reference/plin11-pca-665
1101e-1,Moulure-1101 E.pdf,pdf,50.12 Ko,https://ged.staffdecor.fr/download/4627,https://ged.staffdecor.fr/reference/1101e-1
plin38-r-1,Plinthes - PLIN38.R.pdf,pdf,56.55 Ko,https://ged.staffdecor.fr/download/5826,https://ged.staffdecor.fr/reference/plin38-r-1
e1515e,E1515E.pdf,pdf,59.26 Ko,https://ged.staffdecor.fr/download/4062,https://ged.staffdecor.fr/reference/e1515e
1380,1380.max,max,790.52 Ko,https://ged.staffdecor.fr/download/4020,https://ged.staffdecor.fr/reference/1380
2800l,2800L.stp,stp,704.1 Ko,https://ged.staffdecor.fr/download/2732,https://ged.staffdecor.fr/reference/2800l
d578,Corniches - D578.max,max,802.81 Ko,https://ged.staffdecor.fr/download/4859,https://ged.staffdecor.fr/reference/d578
plip1232,Plinthes - PLIP1232.png,png,354.67 Ko,https://ged.staffdecor.fr/download/6471,https://ged.staffdecor.fr/reference/plip1232
orn3g-824,Ornements - ORN3G.stl,stl,2.49 Mo,https://ged.staffdecor.fr/download/7042,https://ged.staffdecor.fr/reference/orn3g-824
moe45,MOE45-60-90-120.rfa,rfa,409.6 Ko,https://ged.staffdecor.fr/download/2008,https://ged.staffdecor.fr/reference/moe45
d104-1,Corniches-D104.pdf,pdf,49.37 Ko,https://ged.staffdecor.fr/download/4555,https://ged.staffdecor.fr/reference/d104-1
cl1213b,Parements - CL1213B.pdf,pdf,169.31 Ko,https://ged.staffdecor.fr/download/5697,https://ged.staffdecor.fr/reference/cl1213b
d621,Corniches-D621.pdf,pdf,49.38 Ko,https://ged.staffdecor.fr/download/4475,https://ged.staffdecor.fr/reference/d621
40-60,40-60.jpg,jpg,657.83 Ko,https://ged.staffdecor.fr/download/84,https://ged.staffdecor.fr/reference/40-60
orn3d-823,Ornements - ORN3D.png,png,645.24 Ko,https://ged.staffdecor.fr/download/6426,https://ged.staffdecor.fr/reference/orn3d-823
d613,Corniches-D613.pdf,pdf,50.62 Ko,https://ged.staffdecor.fr/download/4506,https://ged.staffdecor.fr/reference/d613
r-staff55-349,Trappes - R.STAFF55.png,png,302.86 Ko,https://ged.staffdecor.fr/download/6674,https://ged.staffdecor.fr/reference/r-staff55-349
1202bh,Moulure-1202BH.pdf,pdf,49.52 Ko,https://ged.staffdecor.fr/download/4640,https://ged.staffdecor.fr/reference/1202bh
22104,Côtés de passages et dessous de poutres-22104.pdf,pdf,56.8 Ko,https://ged.staffdecor.fr/download/5989,https://ged.staffdecor.fr/reference/22104
1319,1319_moulure_en_staff.png,png,516.41 Ko,https://ged.staffdecor.fr/download/5434,https://ged.staffdecor.fr/reference/1319
1436,Rosaces - 1436.pdf,pdf,70.16 Ko,https://ged.staffdecor.fr/download/5546,https://ged.staffdecor.fr/reference/1436
d702,Corniches-D702.pdf,pdf,49.86 Ko,https://ged.staffdecor.fr/download/4442,https://ged.staffdecor.fr/reference/d702
jc22-30-423,JC22.30.jpg,jpg,54.73 Ko,https://ged.staffdecor.fr/download/6686,https://ged.staffdecor.fr/reference/jc22-30-423
p-coton-334,Plaques accoustiques - P-COTON.stp,stp,18.35 Mo,https://ged.staffdecor.fr/download/5862,https://ged.staffdecor.fr/reference/p-coton-334
2530,2530.stp,stp,476.45 Ko,https://ged.staffdecor.fr/download/2740,https://ged.staffdecor.fr/reference/2530
u2425,U gamme standard verticale.rfa,rfa,262.14 Ko,https://ged.staffdecor.fr/download/2388,https://ged.staffdecor.fr/reference/u2425
1367,1367.jpg,jpg,622.12 Ko,https://ged.staffdecor.fr/download/55,https://ged.staffdecor.fr/reference/1367
d881,D881_trans.png,png,4.92 Mo,https://ged.staffdecor.fr/download/4272,https://ged.staffdecor.fr/reference/d881
d123,Corniches - D123.max,max,1.01 Mo,https://ged.staffdecor.fr/download/4836,https://ged.staffdecor.fr/reference/d123
d622,D622.stp,stp,32.64 Ko,https://ged.staffdecor.fr/download/962,https://ged.staffdecor.fr/reference/d622
e1010e,E1010E.stp,stp,11.13 Ko,https://ged.staffdecor.fr/download/1914,https://ged.staffdecor.fr/reference/e1010e
1204h,1204H.max,max,28.77 Mo,https://ged.staffdecor.fr/download/4123,https://ged.staffdecor.fr/reference/1204h
1300-p-765,Moulure-1300+P.pdf,pdf,49.89 Ko,https://ged.staffdecor.fr/download/4682,https://ged.staffdecor.fr/reference/1300-p-765
d570-1,Corniches-D570.pdf,pdf,50.79 Ko,https://ged.staffdecor.fr/download/4505,https://ged.staffdecor.fr/reference/d570-1
sd7052,SD7052.jpg,jpg,676.46 Ko,https://ged.staffdecor.fr/download/2453,https://ged.staffdecor.fr/reference/sd7052
pl101,PL101-sansmotif.stp,stp,5.16 Mo,https://ged.staffdecor.fr/download/1244,https://ged.staffdecor.fr/reference/pl101
1107,1107.max,max,851.96 Ko,https://ged.staffdecor.fr/download/3990,https://ged.staffdecor.fr/reference/1107
d801,D801.stp,stp,64.29 Ko,https://ged.staffdecor.fr/download/1174,https://ged.staffdecor.fr/reference/d801
m406,M406.jpg,jpg,7.24 Mo,https://ged.staffdecor.fr/download/5371,https://ged.staffdecor.fr/reference/m406
plin12,Plinthes - PLIN12.skp,skp,210.47 Ko,https://ged.staffdecor.fr/download/5641,https://ged.staffdecor.fr/reference/plin12
9202,9202.stp,stp,318.45 Ko,https://ged.staffdecor.fr/download/757,https://ged.staffdecor.fr/reference/9202
d105a-b,Corniches - D105 A-B.stl,stl,4.58 Ko,https://ged.staffdecor.fr/download/6743,https://ged.staffdecor.fr/reference/d105a-b
9216,9216.max,max,802.81 Ko,https://ged.staffdecor.fr/download/3671,https://ged.staffdecor.fr/reference/9216
20-06h-34,20-06H.jpg,jpg,641.52 Ko,https://ged.staffdecor.fr/download/91,https://ged.staffdecor.fr/reference/20-06h-34
d105a-b,D105A.rfa,rfa,221.18 Ko,https://ged.staffdecor.fr/download/798,https://ged.staffdecor.fr/reference/d105a-b
1324,Moulure-1324.pdf,pdf,49.25 Ko,https://ged.staffdecor.fr/download/4689,https://ged.staffdecor.fr/reference/1324
d545,Corniches - D545.max,max,892.92 Ko,https://ged.staffdecor.fr/download/4842,https://ged.staffdecor.fr/reference/d545
1130,1130.rfa,rfa,221.18 Ko,https://ged.staffdecor.fr/download/1709,https://ged.staffdecor.fr/reference/1130
7071,7071 Golf.rfa,rfa,417.79 Ko,https://ged.staffdecor.fr/download/723,https://ged.staffdecor.fr/reference/7071
bp-pf3-215,Profils de finition - BP.PF3.skp,skp,289.94 Ko,https://ged.staffdecor.fr/download/7081,https://ged.staffdecor.fr/reference/bp-pf3-215
3907,Frontons - 3907.skp,skp,25.06 Mo,https://ged.staffdecor.fr/download/7073,https://ged.staffdecor.fr/reference/3907
2820l,2820L.stp,stp,533.11 Ko,https://ged.staffdecor.fr/download/2729,https://ged.staffdecor.fr/reference/2820l
m501-635,Rosace - M501.skp,skp,158.78 Ko,https://ged.staffdecor.fr/download/7022,https://ged.staffdecor.fr/reference/m501-635
orn10-825,Ornements - ORN10.stl,stl,2.5 Mo,https://ged.staffdecor.fr/download/7044,https://ged.staffdecor.fr/reference/orn10-825
1145c-1,Cimaises-1145C.pdf,pdf,52.36 Ko,https://ged.staffdecor.fr/download/6010,https://ged.staffdecor.fr/reference/1145c-1
1213g-1,Moulures - 1213G.skp,skp,4.26 Mo,https://ged.staffdecor.fr/download/6593,https://ged.staffdecor.fr/reference/1213g-1
7003,Balustres - 7003.stl,stl,1.7 Mo,https://ged.staffdecor.fr/download/7069,https://ged.staffdecor.fr/reference/7003
1208,Rendu_1208.png,png,457.33 Ko,https://ged.staffdecor.fr/download/3935,https://ged.staffdecor.fr/reference/1208
d650a,Corniches - D650A.max,max,35.06 Mo,https://ged.staffdecor.fr/download/4800,https://ged.staffdecor.fr/reference/d650a
r-staff40-348,Trappes - R.STAFF40.pdf,pdf,78.59 Ko,https://ged.staffdecor.fr/download/5834,https://ged.staffdecor.fr/reference/r-staff40-348
7041,Parements - 7041.pdf,pdf,56.89 Ko,https://ged.staffdecor.fr/download/5728,https://ged.staffdecor.fr/reference/7041
sd7043,SD7043-insertion.jpg,jpg,1.33 Mo,https://ged.staffdecor.fr/download/2436,https://ged.staffdecor.fr/reference/sd7043
1323,Moulures - 1323.stl,stl,22.38 Mo,https://ged.staffdecor.fr/download/7177,https://ged.staffdecor.fr/reference/1323
1348,Moulure-1348.pdf,pdf,49.34 Ko,https://ged.staffdecor.fr/download/4697,https://ged.staffdecor.fr/reference/1348
30-63,Demies-colonnes lisses.rfa,rfa,290.81 Ko,https://ged.staffdecor.fr/download/2596,https://ged.staffdecor.fr/reference/30-63
6030,6030.stp,stp,20.33 Ko,https://ged.staffdecor.fr/download/2284,https://ged.staffdecor.fr/reference/6030
plip1217,Plinthes - PLIP1217.png,png,420 Ko,https://ged.staffdecor.fr/download/6464,https://ged.staffdecor.fr/reference/plip1217
d565,D565.stp,stp,24.26 Ko,https://ged.staffdecor.fr/download/1004,https://ged.staffdecor.fr/reference/d565
d754,Corniches - D754.stl,stl,2.04 Mo,https://ged.staffdecor.fr/download/6901,https://ged.staffdecor.fr/reference/d754
orn1g,Ornements - ORN1G.png,png,1.34 Mo,https://ged.staffdecor.fr/download/6368,https://ged.staffdecor.fr/reference/orn1g
moe60,MOE60.jpg,jpg,53.51 Ko,https://ged.staffdecor.fr/download/2021,https://ged.staffdecor.fr/reference/moe60
mod23,MOD23.stp,stp,79.34 Ko,https://ged.staffdecor.fr/download/2015,https://ged.staffdecor.fr/reference/mod23
9225,Rendu_9225.png,png,3.85 Mo,https://ged.staffdecor.fr/download/3682,https://ged.staffdecor.fr/reference/9225
d110,Corniches-D110.pdf,pdf,49.45 Ko,https://ged.staffdecor.fr/download/4562,https://ged.staffdecor.fr/reference/d110
d117,D117.rfa,rfa,237.56 Ko,https://ged.staffdecor.fr/download/817,https://ged.staffdecor.fr/reference/d117
d888,Corniches - D888.stl,stl,26.08 Ko,https://ged.staffdecor.fr/download/6940,https://ged.staffdecor.fr/reference/d888
7074,7074 Virgule.stp,stp,110.08 Ko,https://ged.staffdecor.fr/download/712,https://ged.staffdecor.fr/reference/7074
m210,M210.jpg,jpg,3.26 Mo,https://ged.staffdecor.fr/download/5382,https://ged.staffdecor.fr/reference/m210
d106,Corniches-D106.pdf,pdf,54.75 Ko,https://ged.staffdecor.fr/download/4911,https://ged.staffdecor.fr/reference/d106
plin40-r-734,Plinthes - PLIN40.PC.SP.skp,skp,283.41 Ko,https://ged.staffdecor.fr/download/5594,https://ged.staffdecor.fr/reference/plin40-r-734
d814,D840-solide.rfa,rfa,483.32 Ko,https://ged.staffdecor.fr/download/1036,https://ged.staffdecor.fr/reference/d814
jc22-40-425,JC22.40.jpg,jpg,56 Ko,https://ged.staffdecor.fr/download/6687,https://ged.staffdecor.fr/reference/jc22-40-425
pl612,PL612.pdf,pdf,65.03 Ko,https://ged.staffdecor.fr/download/3754,https://ged.staffdecor.fr/reference/pl612
1130,Moulures - 1130.stl,stl,20.48 Ko,https://ged.staffdecor.fr/download/7137,https://ged.staffdecor.fr/reference/1130
plin25-s,Plinthe-PLIN25.S.pdf,pdf,56.65 Ko,https://ged.staffdecor.fr/download/4722,https://ged.staffdecor.fr/reference/plin25-s
1125,Moulures - 1125.stl,stl,36.28 Ko,https://ged.staffdecor.fr/download/7136,https://ged.staffdecor.fr/reference/1125
d609,Corniches - D609.stl,stl,23.88 Ko,https://ged.staffdecor.fr/download/6835,https://ged.staffdecor.fr/reference/d609
d892,D892.jpg,jpg,156.86 Ko,https://ged.staffdecor.fr/download/1968,https://ged.staffdecor.fr/reference/d892
d879,Corniches - D879.stl,stl,7.29 Mo,https://ged.staffdecor.fr/download/6925,https://ged.staffdecor.fr/reference/d879
2518,Côtés de passages et dessous de poutres-2518.pdf,pdf,129.66 Ko,https://ged.staffdecor.fr/download/5998,https://ged.staffdecor.fr/reference/2518
pl601-90a-372,PL601-90A.jpg,jpg,52.71 Ko,https://ged.staffdecor.fr/download/1453,https://ged.staffdecor.fr/reference/pl601-90a-372
mod23,MODULOSTAFF.pdf,pdf,1.13 Mo,https://ged.staffdecor.fr/download/2003,https://ged.staffdecor.fr/reference/mod23
1150,Moulure-1150.pdf,pdf,56.12 Ko,https://ged.staffdecor.fr/download/4662,https://ged.staffdecor.fr/reference/1150
d513,Corniches - D513.max,max,81.26 Mo,https://ged.staffdecor.fr/download/4839,https://ged.staffdecor.fr/reference/d513
1000,1000.stp,stp,26.15 Ko,https://ged.staffdecor.fr/download/1776,https://ged.staffdecor.fr/reference/1000
bl131,BL131.jpg,jpg,49.06 Ko,https://ged.staffdecor.fr/download/458,https://ged.staffdecor.fr/reference/bl131
moe60,MODULOSTAFF.pdf,pdf,1.13 Mo,https://ged.staffdecor.fr/download/2011,https://ged.staffdecor.fr/reference/moe60
s-908-420,S-908.rfa,rfa,221.18 Ko,https://ged.staffdecor.fr/download/1843,https://ged.staffdecor.fr/reference/s-908-420
1213bh-1,Moulures - 1213BH.max,max,54.42 Mo,https://ged.staffdecor.fr/download/6586,https://ged.staffdecor.fr/reference/1213bh-1
plin08,Plinthe-PLIN08.pdf,pdf,51.84 Ko,https://ged.staffdecor.fr/download/4584,https://ged.staffdecor.fr/reference/plin08
d880,Corniches - D880.max,max,917.5 Ko,https://ged.staffdecor.fr/download/4819,https://ged.staffdecor.fr/reference/d880
d113m,Corniches-D113 M.pdf,pdf,49.28 Ko,https://ged.staffdecor.fr/download/4564,https://ged.staffdecor.fr/reference/d113m
pl601-r-370,PL601-R.jpg,jpg,81.7 Ko,https://ged.staffdecor.fr/download/1467,https://ged.staffdecor.fr/reference/pl601-r-370
cl10,Parements - CL10.png,png,2.87 Mo,https://ged.staffdecor.fr/download/7101,https://ged.staffdecor.fr/reference/cl10
d720,D720.jpg,jpg,99.2 Ko,https://ged.staffdecor.fr/download/1152,https://ged.staffdecor.fr/reference/d720
d610,D610.stp,stp,334.28 Ko,https://ged.staffdecor.fr/download/917,https://ged.staffdecor.fr/reference/d610
d702,Corniches - D702.obj,obj,101.35 Ko,https://ged.staffdecor.fr/download/5874,https://ged.staffdecor.fr/reference/d702
9213,Rendu_9213.png,png,1.94 Mo,https://ged.staffdecor.fr/download/3666,https://ged.staffdecor.fr/reference/9213
plinar10-spa,Rendu_PLINAR10.SPA.png,png,3.16 Mo,https://ged.staffdecor.fr/download/3810,https://ged.staffdecor.fr/reference/plinar10-spa
d102-1,D102.fbx,fbx,23.1 Ko,https://ged.staffdecor.fr/download/4777,https://ged.staffdecor.fr/reference/d102-1
d569,D569-solide.rfa,rfa,520.19 Ko,https://ged.staffdecor.fr/download/1071,https://ged.staffdecor.fr/reference/d569
1120,Rendu_1120.png,png,619.21 Ko,https://ged.staffdecor.fr/download/3987,https://ged.staffdecor.fr/reference/1120
d614,Corniche - D614.skp,skp,117.17 Ko,https://ged.staffdecor.fr/download/6844,https://ged.staffdecor.fr/reference/d614
9223,Rendu_9223.png,png,2.53 Mo,https://ged.staffdecor.fr/download/3678,https://ged.staffdecor.fr/reference/9223
d540,Corniches - D540.obj,obj,79.81 Mo,https://ged.staffdecor.fr/download/5913,https://ged.staffdecor.fr/reference/d540
1319,Moulure-1319.pdf,pdf,49.71 Ko,https://ged.staffdecor.fr/download/4686,https://ged.staffdecor.fr/reference/1319
7040,Parements- 7040.max,max,376.57 Mo,https://ged.staffdecor.fr/download/5725,https://ged.staffdecor.fr/reference/7040
1207,Rendu_1207.png,png,519.34 Ko,https://ged.staffdecor.fr/download/3997,https://ged.staffdecor.fr/reference/1207
pl-dom1,Puis de lumières - PL.DOM1.pdf,pdf,90.76 Ko,https://ged.staffdecor.fr/download/5786,https://ged.staffdecor.fr/reference/pl-dom1
m252,Rosaces - M252.max,max,4.91 Mo,https://ged.staffdecor.fr/download/4865,https://ged.staffdecor.fr/reference/m252
9215,9215.max,max,802.81 Ko,https://ged.staffdecor.fr/download/3669,https://ged.staffdecor.fr/reference/9215
30-06,30-06.stp,stp,16.55 Ko,https://ged.staffdecor.fr/download/2570,https://ged.staffdecor.fr/reference/30-06
d606,Corniche - D606.skp,skp,111.46 Ko,https://ged.staffdecor.fr/download/6830,https://ged.staffdecor.fr/reference/d606
d105a-b,Corniches - D105A.obj,obj,3.69 Ko,https://ged.staffdecor.fr/download/5920,https://ged.staffdecor.fr/reference/d105a-b
d633,D633.skp,skp,356 Ko,https://ged.staffdecor.fr/download/3733,https://ged.staffdecor.fr/reference/d633
sdc1-1,Cimaises-SDC1.pdf,pdf,51.32 Ko,https://ged.staffdecor.fr/download/6013,https://ged.staffdecor.fr/reference/sdc1-1
d835,Corniche - D835.skp,skp,11.83 Mo,https://ged.staffdecor.fr/download/6047,https://ged.staffdecor.fr/reference/d835
d510-1,Corniches - D510.obj,obj,61.65 Mo,https://ged.staffdecor.fr/download/5917,https://ged.staffdecor.fr/reference/d510-1
orn15,Ornement - ORN.15.skp,skp,24.42 Mo,https://ged.staffdecor.fr/download/6356,https://ged.staffdecor.fr/reference/orn15
moaplint,MOAPLINT.jpg,jpg,54.25 Ko,https://ged.staffdecor.fr/download/701,https://ged.staffdecor.fr/reference/moaplint
d121,Corniche - D121.skp,skp,240.55 Ko,https://ged.staffdecor.fr/download/5566,https://ged.staffdecor.fr/reference/d121
cl1213c-1,Parements - CL1213C_V0002.max,max,274.88 Mo,https://ged.staffdecor.fr/download/6590,https://ged.staffdecor.fr/reference/cl1213c-1
d629,Corniches - D629.stl,stl,915.88 Ko,https://ged.staffdecor.fr/download/6862,https://ged.staffdecor.fr/reference/d629
9012,Soubassements - 9011 -9012 -9013-gamme.pdf,pdf,58.42 Ko,https://ged.staffdecor.fr/download/5535,https://ged.staffdecor.fr/reference/9012
1214,Moulure-1214.pdf,pdf,57.22 Ko,https://ged.staffdecor.fr/download/4679,https://ged.staffdecor.fr/reference/1214
moa23,MOA23.rfa,rfa,249.85 Ko,https://ged.staffdecor.fr/download/1988,https://ged.staffdecor.fr/reference/moa23
plin12a,Plinthes - PLIN12A.skp,skp,323.56 Ko,https://ged.staffdecor.fr/download/6509,https://ged.staffdecor.fr/reference/plin12a
d605,Corniches - D605.obj,obj,72.93 Ko,https://ged.staffdecor.fr/download/5893,https://ged.staffdecor.fr/reference/d605
m505p,Rosaces - M505P.png,png,6.76 Mo,https://ged.staffdecor.fr/download/6624,https://ged.staffdecor.fr/reference/m505p
1370,1370.max,max,774.14 Ko,https://ged.staffdecor.fr/download/4017,https://ged.staffdecor.fr/reference/1370
d562,Corniches-D562.pdf,pdf,48.98 Ko,https://ged.staffdecor.fr/download/4460,https://ged.staffdecor.fr/reference/d562
d577,Corniches - D577 .max,max,753.66 Ko,https://ged.staffdecor.fr/download/4858,https://ged.staffdecor.fr/reference/d577
1405,1405 (3) copie.jpg,jpg,1.76 Mo,https://ged.staffdecor.fr/download/5403,https://ged.staffdecor.fr/reference/1405
d573,D573.obj,obj,3.88 Ko,https://ged.staffdecor.fr/download/4345,https://ged.staffdecor.fr/reference/d573
pl502,PL500-gamme-sansmotif.rfa,rfa,2.85 Mo,https://ged.staffdecor.fr/download/1434,https://ged.staffdecor.fr/reference/pl502
1125,Rendu_1125.png,png,862.67 Ko,https://ged.staffdecor.fr/download/3981,https://ged.staffdecor.fr/reference/1125
d576,Corniches - D576.stl,stl,2.08 Ko,https://ged.staffdecor.fr/download/6809,https://ged.staffdecor.fr/reference/d576
m401p,Rosaces-M401P.png,png,10.29 Mo,https://ged.staffdecor.fr/download/4732,https://ged.staffdecor.fr/reference/m401p
45-02,45-02.stp,stp,19.28 Ko,https://ged.staffdecor.fr/download/1653,https://ged.staffdecor.fr/reference/45-02
40-04,40-04.jpg,jpg,641.19 Ko,https://ged.staffdecor.fr/download/74,https://ged.staffdecor.fr/reference/40-04
d628,D628-solide.rfa,rfa,483.32 Ko,https://ged.staffdecor.fr/download/1039,https://ged.staffdecor.fr/reference/d628
bl170r25i,Profil LED -BL170R25I.pdf,pdf,72.17 Ko,https://ged.staffdecor.fr/download/5466,https://ged.staffdecor.fr/reference/bl170r25i
d579,D579.jpg,jpg,60.11 Ko,https://ged.staffdecor.fr/download/227,https://ged.staffdecor.fr/reference/d579
cl1213d,Parements - CL1213D.skp,skp,62.77 Mo,https://ged.staffdecor.fr/download/7093,https://ged.staffdecor.fr/reference/cl1213d
plin10,PLIN10.stp,stp,36.51 Ko,https://ged.staffdecor.fr/download/1498,https://ged.staffdecor.fr/reference/plin10
plin12led,Plinthes - PLIN12LED.png,png,189.36 Ko,https://ged.staffdecor.fr/download/6432,https://ged.staffdecor.fr/reference/plin12led
9045,9045.pdf,pdf,53.31 Ko,https://ged.staffdecor.fr/download/4367,https://ged.staffdecor.fr/reference/9045
d577,D577_rendu.png,png,8.24 Mo,https://ged.staffdecor.fr/download/3307,https://ged.staffdecor.fr/reference/d577
m250,Rosaces-M250.pdf,pdf,70.54 Ko,https://ged.staffdecor.fr/download/4901,https://ged.staffdecor.fr/reference/m250
sd7043,SD7043.rfa,rfa,290.81 Ko,https://ged.staffdecor.fr/download/2435,https://ged.staffdecor.fr/reference/sd7043
d812,Corniche - D812.skp,skp,5.81 Mo,https://ged.staffdecor.fr/download/6316,https://ged.staffdecor.fr/reference/d812
bp-pf3-215,BP.PF3.stp,stp,51.39 Ko,https://ged.staffdecor.fr/download/1312,https://ged.staffdecor.fr/reference/bp-pf3-215
7091,Parements - 7091.png,png,4.81 Mo,https://ged.staffdecor.fr/download/7102,https://ged.staffdecor.fr/reference/7091
d573,D573_rendu.png,png,8.5 Mo,https://ged.staffdecor.fr/download/3243,https://ged.staffdecor.fr/reference/d573
d613,Corniches - D613.max,max,177.98 Mo,https://ged.staffdecor.fr/download/4784,https://ged.staffdecor.fr/reference/d613
d620,Corniches - D620.stl,stl,7.08 Ko,https://ged.staffdecor.fr/download/6853,https://ged.staffdecor.fr/reference/d620
1145c,1145C-2D.rfa,rfa,241.66 Ko,https://ged.staffdecor.fr/download/1711,https://ged.staffdecor.fr/reference/1145c
6032,6032.stp,stp,14.93 Ko,https://ged.staffdecor.fr/download/2287,https://ged.staffdecor.fr/reference/6032
bp20,BP20.max,max,782.33 Ko,https://ged.staffdecor.fr/download/3699,https://ged.staffdecor.fr/reference/bp20
1101e-1,Moulures - 1101E.skp,skp,263.43 Ko,https://ged.staffdecor.fr/download/5551,https://ged.staffdecor.fr/reference/1101e-1
31-02-506,Colonne-Ø20-socle-chapiteau.rfa,rfa,561.15 Ko,https://ged.staffdecor.fr/download/2471,https://ged.staffdecor.fr/reference/31-02-506
moaplin10,MOAPLIN10.jpg,jpg,70.23 Ko,https://ged.staffdecor.fr/download/704,https://ged.staffdecor.fr/reference/moaplin10
e1030e,E1030E.jpg,jpg,36.13 Ko,https://ged.staffdecor.fr/download/1936,https://ged.staffdecor.fr/reference/e1030e
ebp0525p,EBP0525P.stp,stp,341.18 Ko,https://ged.staffdecor.fr/download/1313,https://ged.staffdecor.fr/reference/ebp0525p
1344,Moulure-1344.pdf,pdf,49.23 Ko,https://ged.staffdecor.fr/download/4695,https://ged.staffdecor.fr/reference/1344
ornements,Ornements.png,png,7.26 Mo,https://ged.staffdecor.fr/download/6751,https://ged.staffdecor.fr/reference/ornements
9226,Rendu_9226.png,png,4.41 Mo,https://ged.staffdecor.fr/download/3684,https://ged.staffdecor.fr/reference/9226
bp-pf1-213,Profil de finition -BP.PF1.jpg,jpg,624.61 Ko,https://ged.staffdecor.fr/download/7076,https://ged.staffdecor.fr/reference/bp-pf1-213
6032,6032.rfa,rfa,233.47 Ko,https://ged.staffdecor.fr/download/2288,https://ged.staffdecor.fr/reference/6032
orn12,Ornements - ORN12.png,png,55.32 Ko,https://ged.staffdecor.fr/download/6362,https://ged.staffdecor.fr/reference/orn12
2718,2718.stp,stp,20.61 Ko,https://ged.staffdecor.fr/download/2742,https://ged.staffdecor.fr/reference/2718
enc41,Encastrés - ENC41.png,png,1.96 Mo,https://ged.staffdecor.fr/download/6608,https://ged.staffdecor.fr/reference/enc41
bl130,BL130.jpg,jpg,49.85 Ko,https://ged.staffdecor.fr/download/2500,https://ged.staffdecor.fr/reference/bl130
a-sp-isol,Encastrés - A.SP.ISOL.png,png,169.03 Ko,https://ged.staffdecor.fr/download/6609,https://ged.staffdecor.fr/reference/a-sp-isol
d576,D576.stp,stp,21.56 Ko,https://ged.staffdecor.fr/download/1016,https://ged.staffdecor.fr/reference/d576
plin10ma,Plinthes - PLIN10MA.skp,skp,299.9 Ko,https://ged.staffdecor.fr/download/6499,https://ged.staffdecor.fr/reference/plin10ma
30-60-534,Demies-colonnes lisses.rfa,rfa,290.81 Ko,https://ged.staffdecor.fr/download/2595,https://ged.staffdecor.fr/reference/30-60-534
1145c-1,1145C-2D.rfa,rfa,241.66 Ko,https://ged.staffdecor.fr/download/3916,https://ged.staffdecor.fr/reference/1145c-1
22160,22160.jpg,jpg,92.07 Ko,https://ged.staffdecor.fr/download/648,https://ged.staffdecor.fr/reference/22160
d563,Corniche - D563.skp,skp,288.73 Ko,https://ged.staffdecor.fr/download/6235,https://ged.staffdecor.fr/reference/d563
bp-pf2-214,Profil de finition - BP.PF2 (montage).pdf,pdf,55.96 Ko,https://ged.staffdecor.fr/download/5854,https://ged.staffdecor.fr/reference/bp-pf2-214
u1910,U gamme standard verticale.rfa,rfa,262.14 Ko,https://ged.staffdecor.fr/download/2364,https://ged.staffdecor.fr/reference/u1910
s-908-420,S-908.stp,stp,49.26 Ko,https://ged.staffdecor.fr/download/1841,https://ged.staffdecor.fr/reference/s-908-420
d652a,Corniche - D652A.skp,skp,4.28 Mo,https://ged.staffdecor.fr/download/6876,https://ged.staffdecor.fr/reference/d652a
r-staff40-348,Trappes - R.STAFF40.png,png,197.76 Ko,https://ged.staffdecor.fr/download/6675,https://ged.staffdecor.fr/reference/r-staff40-348
plint,Plinthe-PLINT et PLINTA.pdf,pdf,32.55 Ko,https://ged.staffdecor.fr/download/4613,https://ged.staffdecor.fr/reference/plint
d124,Corniche - D124.skp,skp,219.26 Ko,https://ged.staffdecor.fr/download/5568,https://ged.staffdecor.fr/reference/d124
orn2g-822,Ornement - ORN.2G.skp,skp,27.16 Mo,https://ged.staffdecor.fr/download/6406,https://ged.staffdecor.fr/reference/orn2g-822
0742,niches cul-de-four (type 0710).rfa,rfa,442.36 Ko,https://ged.staffdecor.fr/download/2821,https://ged.staffdecor.fr/reference/0742
2630,Côtés de passages et dessous de poutres-2630.pdf,pdf,53.21 Ko,https://ged.staffdecor.fr/download/5993,https://ged.staffdecor.fr/reference/2630
cl1213c-1,Parements - CL1213C.skp,skp,40.18 Mo,https://ged.staffdecor.fr/download/6595,https://ged.staffdecor.fr/reference/cl1213c-1
20-08-395,Colonnes lisses.rfa,rfa,290.81 Ko,https://ged.staffdecor.fr/download/2558,https://ged.staffdecor.fr/reference/20-08-395
d903-1,Corniches-D903.pdf,pdf,50.12 Ko,https://ged.staffdecor.fr/download/4547,https://ged.staffdecor.fr/reference/d903-1
d713-131,D713.jpg,jpg,66.97 Ko,https://ged.staffdecor.fr/download/273,https://ged.staffdecor.fr/reference/d713-131
m071,M071 (4) copie.jpg,jpg,22.28 Mo,https://ged.staffdecor.fr/download/5392,https://ged.staffdecor.fr/reference/m071
pl313,PL313.max,max,9.56 Mo,https://ged.staffdecor.fr/download/3745,https://ged.staffdecor.fr/reference/pl313
1107p,Moulures - 1107P.skp,skp,436.79 Ko,https://ged.staffdecor.fr/download/7130,https://ged.staffdecor.fr/reference/1107p
tal26,TAL26 plan.step,step,11.53 Ko,https://ged.staffdecor.fr/download/4197,https://ged.staffdecor.fr/reference/tal26
1365,1365.jpg,jpg,66.44 Ko,https://ged.staffdecor.fr/download/2128,https://ged.staffdecor.fr/reference/1365
d905h,Corniches - D905H.png,png,291.34 Ko,https://ged.staffdecor.fr/download/6257,https://ged.staffdecor.fr/reference/d905h
talgm,TALGM.max,max,811 Ko,https://ged.staffdecor.fr/download/4042,https://ged.staffdecor.fr/reference/talgm
1132-685,Moulures - 1132.skp,skp,234.47 Ko,https://ged.staffdecor.fr/download/5612,https://ged.staffdecor.fr/reference/1132-685
sdpa1,SDPA1.png,png,6.63 Mo,https://ged.staffdecor.fr/download/3472,https://ged.staffdecor.fr/reference/sdpa1
6030,6030.jpg,jpg,633.08 Ko,https://ged.staffdecor.fr/download/2272,https://ged.staffdecor.fr/reference/6030
1200,Moulures - 1200.skp,skp,229.96 Ko,https://ged.staffdecor.fr/download/5669,https://ged.staffdecor.fr/reference/1200
orn20-988,Ornements - ORN.20.pdf,pdf,164.44 Ko,https://ged.staffdecor.fr/download/6214,https://ged.staffdecor.fr/reference/orn20-988
1101bh,1101BH.stp,stp,303.94 Ko,https://ged.staffdecor.fr/download/2356,https://ged.staffdecor.fr/reference/1101bh
30-52-392,Demies-colonnes lisses.rfa,rfa,290.81 Ko,https://ged.staffdecor.fr/download/2560,https://ged.staffdecor.fr/reference/30-52-392
d525,D525_rendu.png,png,7.55 Mo,https://ged.staffdecor.fr/download/3192,https://ged.staffdecor.fr/reference/d525
d620,D620.rfa,rfa,221.18 Ko,https://ged.staffdecor.fr/download/1130,https://ged.staffdecor.fr/reference/d620
d900,Corniches - D900.stl,stl,18.08 Ko,https://ged.staffdecor.fr/download/6949,https://ged.staffdecor.fr/reference/d900
9003,9003.max,max,1.01 Mo,https://ged.staffdecor.fr/download/3651,https://ged.staffdecor.fr/reference/9003
d753,Corniche - D753.skp,skp,3.37 Mo,https://ged.staffdecor.fr/download/6315,https://ged.staffdecor.fr/reference/d753
2824l,2824L.rfa,rfa,323.58 Ko,https://ged.staffdecor.fr/download/2261,https://ged.staffdecor.fr/reference/2824l
cl1213c,Parements - CL1213C_Face.png,png,10.83 Mo,https://ged.staffdecor.fr/download/5707,https://ged.staffdecor.fr/reference/cl1213c
1105,Moulure-1105.pdf,pdf,56.5 Ko,https://ged.staffdecor.fr/download/5428,https://ged.staffdecor.fr/reference/1105
d118-2,Corniches-D118.pdf,pdf,49.13 Ko,https://ged.staffdecor.fr/download/4569,https://ged.staffdecor.fr/reference/d118-2
40-60,40-60.stp,stp,221.03 Ko,https://ged.staffdecor.fr/download/870,https://ged.staffdecor.fr/reference/40-60
m051,Rosaces - M051.png,png,63.38 Ko,https://ged.staffdecor.fr/download/6615,https://ged.staffdecor.fr/reference/m051
1101e-1,Moulures - 1101E.stl,stl,30.68 Ko,https://ged.staffdecor.fr/download/7122,https://ged.staffdecor.fr/reference/1101e-1
45-03,45-03.stp,stp,23.53 Ko,https://ged.staffdecor.fr/download/2507,https://ged.staffdecor.fr/reference/45-03
orn5g,Ornements - ORN5G.png,png,1.22 Mo,https://ged.staffdecor.fr/download/6425,https://ged.staffdecor.fr/reference/orn5g
res-5-861,Ornements résine - RES.5.png,png,637.54 Ko,https://ged.staffdecor.fr/download/6632,https://ged.staffdecor.fr/reference/res-5-861
30-06,30-06.jpg,jpg,62.21 Ko,https://ged.staffdecor.fr/download/2601,https://ged.staffdecor.fr/reference/30-06
d709,D709.jpg,jpg,585.89 Ko,https://ged.staffdecor.fr/download/161,https://ged.staffdecor.fr/reference/d709
vague-de-separation-d577-199,Vague de séparation D577.stp,stp,675.12 Ko,https://ged.staffdecor.fr/download/1193,https://ged.staffdecor.fr/reference/vague-de-separation-d577-199
cl13a-et-b-583,Parements - CL13B.max,max,1.44 Mo,https://ged.staffdecor.fr/download/5494,https://ged.staffdecor.fr/reference/cl13a-et-b-583
d753,Corniches - D753.png,png,539.96 Ko,https://ged.staffdecor.fr/download/6309,https://ged.staffdecor.fr/reference/d753
d718,Corniches - D718.skp,skp,221.17 Ko,https://ged.staffdecor.fr/download/5631,https://ged.staffdecor.fr/reference/d718
1344,1344.stp,stp,18.72 Ko,https://ged.staffdecor.fr/download/2066,https://ged.staffdecor.fr/reference/1344
3068,Pilastres - 3068.pdf,pdf,59.44 Ko,https://ged.staffdecor.fr/download/5743,https://ged.staffdecor.fr/reference/3068
9011-639,Soubassement - 9011.skp,skp,346.43 Ko,https://ged.staffdecor.fr/download/6067,https://ged.staffdecor.fr/reference/9011-639
pl601-45a-371,PL601-45A.jpg,jpg,71.92 Ko,https://ged.staffdecor.fr/download/1456,https://ged.staffdecor.fr/reference/pl601-45a-371
d121,D121_rendu.png,png,5.93 Mo,https://ged.staffdecor.fr/download/3162,https://ged.staffdecor.fr/reference/d121
30-61,30-61.stp,stp,12.03 Ko,https://ged.staffdecor.fr/download/2621,https://ged.staffdecor.fr/reference/30-61
d835,Corniches - D835.max,max,38.97 Mo,https://ged.staffdecor.fr/download/4816,https://ged.staffdecor.fr/reference/d835
9205,9205.jpg,jpg,630.59 Ko,https://ged.staffdecor.fr/download/592,https://ged.staffdecor.fr/reference/9205
22120,Côtés de passages et dessous de poutres-22120.pdf,pdf,56.24 Ko,https://ged.staffdecor.fr/download/5978,https://ged.staffdecor.fr/reference/22120
m048,M048.jpg,jpg,7.32 Mo,https://ged.staffdecor.fr/download/5337,https://ged.staffdecor.fr/reference/m048
sd7504-orlando-192,SD7504-Orlando.stp,stp,9.27 Mo,https://ged.staffdecor.fr/download/1588,https://ged.staffdecor.fr/reference/sd7504-orlando-192
plin10m-spa,PLIN10M.SPA.max,max,462.84 Ko,https://ged.staffdecor.fr/download/3793,https://ged.staffdecor.fr/reference/plin10m-spa
d705,D705.stp,stp,12.65 Ko,https://ged.staffdecor.fr/download/1023,https://ged.staffdecor.fr/reference/d705
1221,1221.jpg,jpg,644.83 Ko,https://ged.staffdecor.fr/download/47,https://ged.staffdecor.fr/reference/1221
plin11-spa,Plinthe-PLIN11.SP et PLIN11.SPA.pdf,pdf,33.23 Ko,https://ged.staffdecor.fr/download/4596,https://ged.staffdecor.fr/reference/plin11-spa
m405,Rosaces-M405.pdf,pdf,109.41 Ko,https://ged.staffdecor.fr/download/4886,https://ged.staffdecor.fr/reference/m405
t-sahara-201,T-SAHARA.jpg,jpg,776.16 Ko,https://ged.staffdecor.fr/download/450,https://ged.staffdecor.fr/reference/t-sahara-201
d604,D604.rfa,rfa,225.28 Ko,https://ged.staffdecor.fr/download/910,https://ged.staffdecor.fr/reference/d604
u-495,U gamme standard horizontale.rfa,rfa,278.52 Ko,https://ged.staffdecor.fr/download/2367,https://ged.staffdecor.fr/reference/u-495
9212,9212.max,max,802.81 Ko,https://ged.staffdecor.fr/download/3663,https://ged.staffdecor.fr/reference/9212
2630,2618-2624-2630.rfa,rfa,430.08 Ko,https://ged.staffdecor.fr/download/2765,https://ged.staffdecor.fr/reference/2630
d550,Corniches - D550.obj,obj,136.01 Mo,https://ged.staffdecor.fr/download/5912,https://ged.staffdecor.fr/reference/d550
d843,Corniches - D843.stl,stl,2.01 Mo,https://ged.staffdecor.fr/download/6915,https://ged.staffdecor.fr/reference/d843
pl613,PL613.stp,stp,14.46 Mo,https://ged.staffdecor.fr/download/2235,https://ged.staffdecor.fr/reference/pl613
a-plas7,A.PLAS7.pdf,pdf,51.2 Ko,https://ged.staffdecor.fr/download/4242,https://ged.staffdecor.fr/reference/a-plas7
res-8-985,Ornements résine - RES.8.png,png,195.55 Ko,https://ged.staffdecor.fr/download/6634,https://ged.staffdecor.fr/reference/res-8-985
m251,Rosace - M251.skp,skp,9.67 Mo,https://ged.staffdecor.fr/download/6058,https://ged.staffdecor.fr/reference/m251
d560,Corniches - D560.max,max,917.5 Ko,https://ged.staffdecor.fr/download/4846,https://ged.staffdecor.fr/reference/d560
30-59,30-59.jpg,jpg,56.3 Ko,https://ged.staffdecor.fr/download/2617,https://ged.staffdecor.fr/reference/30-59
orn28,Ornements - ORN28.png,png,1.01 Mo,https://ged.staffdecor.fr/download/6290,https://ged.staffdecor.fr/reference/orn28
d580-2,D580.jpg,jpg,648.29 Ko,https://ged.staffdecor.fr/download/6813,https://ged.staffdecor.fr/reference/d580-2
9315c-1,Cimaises-9315C.pdf,pdf,49.47 Ko,https://ged.staffdecor.fr/download/6011,https://ged.staffdecor.fr/reference/9315c-1
22110,Côtés de passages et dessous de poutres-22110.pdf,pdf,57.45 Ko,https://ged.staffdecor.fr/download/5983,https://ged.staffdecor.fr/reference/22110
plin25-pc-sp,PLIN25.PC.SP.png,png,2.65 Mo,https://ged.staffdecor.fr/download/4214,https://ged.staffdecor.fr/reference/plin25-pc-sp
1103bh,1103BH.stp,stp,179.95 Ko,https://ged.staffdecor.fr/download/2097,https://ged.staffdecor.fr/reference/1103bh
d624,D624.stp,stp,35.01 Ko,https://ged.staffdecor.fr/download/897,https://ged.staffdecor.fr/reference/d624
plin11-spa,rendu_PLIN11.SPA.png,png,3.48 Mo,https://ged.staffdecor.fr/download/3828,https://ged.staffdecor.fr/reference/plin11-spa
d560,D560_rendu.png,png,8.29 Mo,https://ged.staffdecor.fr/download/3056,https://ged.staffdecor.fr/reference/d560
1145c-1,1145C.stp,stp,114.91 Ko,https://ged.staffdecor.fr/download/3914,https://ged.staffdecor.fr/reference/1145c-1
d715,D715.stp,stp,634.6 Ko,https://ged.staffdecor.fr/download/1061,https://ged.staffdecor.fr/reference/d715
r-plaq40-346,Trappes - R.PLAQ40.pdf,pdf,78.09 Ko,https://ged.staffdecor.fr/download/6660,https://ged.staffdecor.fr/reference/r-plaq40-346
d510-1,Corniches-D510.pdf,pdf,49.52 Ko,https://ged.staffdecor.fr/download/4495,https://ged.staffdecor.fr/reference/d510-1
45-54,45-54.stp,stp,41.85 Ko,https://ged.staffdecor.fr/download/2523,https://ged.staffdecor.fr/reference/45-54
d569,D569.jpg,jpg,4.16 Mo,https://ged.staffdecor.fr/download/5271,https://ged.staffdecor.fr/reference/d569
d702,D702.rfa,rfa,225.28 Ko,https://ged.staffdecor.fr/download/939,https://ged.staffdecor.fr/reference/d702
d818,D818.jpg,jpg,3.16 Mo,https://ged.staffdecor.fr/download/5277,https://ged.staffdecor.fr/reference/d818
d716,Corniches - D716.stl,stl,3.87 Mo,https://ged.staffdecor.fr/download/6893,https://ged.staffdecor.fr/reference/d716
plin25-r,Plinthes - PLIN25.R.skp,skp,539.4 Ko,https://ged.staffdecor.fr/download/6513,https://ged.staffdecor.fr/reference/plin25-r
1101-1108,1001-1108-2D.rfa,rfa,208.89 Ko,https://ged.staffdecor.fr/download/1686,https://ged.staffdecor.fr/reference/1101-1108
d627-1,Corniches - D627.stl,stl,4.38 Mo,https://ged.staffdecor.fr/download/6860,https://ged.staffdecor.fr/reference/d627-1
e0535e-404,E0535E.stp,stp,11.03 Ko,https://ged.staffdecor.fr/download/1908,https://ged.staffdecor.fr/reference/e0535e-404
d651,Corniches - D651.stl,stl,41.08 Ko,https://ged.staffdecor.fr/download/6871,https://ged.staffdecor.fr/reference/d651
d570,Corniches - D570.obj,obj,293.44 Mo,https://ged.staffdecor.fr/download/5903,https://ged.staffdecor.fr/reference/d570
1107e,1107E.max,max,790.52 Ko,https://ged.staffdecor.fr/download/4130,https://ged.staffdecor.fr/reference/1107e
bl170r25e,Profil LED -BL170R25E.pdf,pdf,51.84 Ko,https://ged.staffdecor.fr/download/5465,https://ged.staffdecor.fr/reference/bl170r25e
d564,D564.stp,stp,27.37 Ko,https://ged.staffdecor.fr/download/923,https://ged.staffdecor.fr/reference/d564
e0520e-402,E0520E.rfa,rfa,217.08 Ko,https://ged.staffdecor.fr/download/1902,https://ged.staffdecor.fr/reference/e0520e-402
xr050,Gamme Variance - X.R050.pdf,pdf,53.54 Ko,https://ged.staffdecor.fr/download/6340,https://ged.staffdecor.fr/reference/xr050
1145c,1145C.stp,stp,114.91 Ko,https://ged.staffdecor.fr/download/1713,https://ged.staffdecor.fr/reference/1145c
sd7042-harlem,SD7042-Harlem.jpg,jpg,67.39 Ko,https://ged.staffdecor.fr/download/4186,https://ged.staffdecor.fr/reference/sd7042-harlem
plin25-r,Plinthe-PLIN25.R.pdf,pdf,73.51 Ko,https://ged.staffdecor.fr/download/4721,https://ged.staffdecor.fr/reference/plin25-r
plip1019,Plinthes - PLIP1019.png,png,537.91 Ko,https://ged.staffdecor.fr/download/6456,https://ged.staffdecor.fr/reference/plip1019
pl601-90d-373,PL601-90D.jpg,jpg,65.75 Ko,https://ged.staffdecor.fr/download/1454,https://ged.staffdecor.fr/reference/pl601-90d-373
d845-272,Corniches-D845.pdf,pdf,50.46 Ko,https://ged.staffdecor.fr/download/4529,https://ged.staffdecor.fr/reference/d845-272
e1515e,E1515E.jpg,jpg,36.16 Ko,https://ged.staffdecor.fr/download/1946,https://ged.staffdecor.fr/reference/e1515e
pl311,PL310-gamme.rfa,rfa,2.71 Mo,https://ged.staffdecor.fr/download/1410,https://ged.staffdecor.fr/reference/pl311
e0530e-403,E0530E.pdf,pdf,60.22 Ko,https://ged.staffdecor.fr/download/4056,https://ged.staffdecor.fr/reference/e0530e-403
t-capiton-316,T.CAPITONS.rfa,rfa,1.83 Mo,https://ged.staffdecor.fr/download/1206,https://ged.staffdecor.fr/reference/t-capiton-316
1213-10,Moulures - 1213.stl,stl,34.48 Ko,https://ged.staffdecor.fr/download/7157,https://ged.staffdecor.fr/reference/1213-10
d104-1,Corniche - D104.skp,skp,223.86 Ko,https://ged.staffdecor.fr/download/5559,https://ged.staffdecor.fr/reference/d104-1
plip1217,Plinthes - PLIP1217.skp,skp,307.24 Ko,https://ged.staffdecor.fr/download/6465,https://ged.staffdecor.fr/reference/plip1217
1201,Moulures - 1201.skp,skp,235.99 Ko,https://ged.staffdecor.fr/download/5668,https://ged.staffdecor.fr/reference/1201
plin11-pc-664,Rendu_PLIN11.PC.png,png,1.07 Mo,https://ged.staffdecor.fr/download/3815,https://ged.staffdecor.fr/reference/plin11-pc-664
bl170r50i,Profil LED -BL170R50I.pdf,pdf,55.37 Ko,https://ged.staffdecor.fr/download/5486,https://ged.staffdecor.fr/reference/bl170r50i
d566,Corniche - D566.skp,skp,11.8 Mo,https://ged.staffdecor.fr/download/6025,https://ged.staffdecor.fr/reference/d566
sd7501-daytona-9,SD7051-Daytona.jpg,jpg,75.92 Ko,https://ged.staffdecor.fr/download/622,https://ged.staffdecor.fr/reference/sd7501-daytona-9
1207,1207.jpg,jpg,626 Ko,https://ged.staffdecor.fr/download/43,https://ged.staffdecor.fr/reference/1207
plin10m-sp,Plinthes - PLIN10M.SP.skp,skp,289.86 Ko,https://ged.staffdecor.fr/download/6502,https://ged.staffdecor.fr/reference/plin10m-sp
vase1800-350,VASE1800.stp,stp,5.63 Mo,https://ged.staffdecor.fr/download/1275,https://ged.staffdecor.fr/reference/vase1800-350
1367,Moulures - 1367.stl,stl,1.08 Ko,https://ged.staffdecor.fr/download/7162,https://ged.staffdecor.fr/reference/1367
d749,Corniche - D749.skp,skp,304.69 Ko,https://ged.staffdecor.fr/download/6249,https://ged.staffdecor.fr/reference/d749
pl-d567-343,PL.D567.stp,stp,6.68 Mo,https://ged.staffdecor.fr/download/1329,https://ged.staffdecor.fr/reference/pl-d567-343
d897,D897_rendu.png,png,7.32 Mo,https://ged.staffdecor.fr/download/3382,https://ged.staffdecor.fr/reference/d897
1166,1166.jpg,jpg,631.8 Ko,https://ged.staffdecor.fr/download/41,https://ged.staffdecor.fr/reference/1166
9211,9211.jpg,jpg,614.74 Ko,https://ged.staffdecor.fr/download/596,https://ged.staffdecor.fr/reference/9211
m039,M039.jpg,jpg,7.3 Mo,https://ged.staffdecor.fr/download/5332,https://ged.staffdecor.fr/reference/m039
2830l,2830L.jpg,jpg,50.44 Ko,https://ged.staffdecor.fr/download/2735,https://ged.staffdecor.fr/reference/2830l
e0530e-403,E0530E.stp,stp,11.35 Ko,https://ged.staffdecor.fr/download/1906,https://ged.staffdecor.fr/reference/e0530e-403
d710,Corniches - D710.stl,stl,25.88 Ko,https://ged.staffdecor.fr/download/6773,https://ged.staffdecor.fr/reference/d710
plinta,Plinthes - PLINTA.skp,skp,298.52 Ko,https://ged.staffdecor.fr/download/6508,https://ged.staffdecor.fr/reference/plinta
plip1032,Plinthes - PLIP1032.skp,skp,690.53 Ko,https://ged.staffdecor.fr/download/6461,https://ged.staffdecor.fr/reference/plip1032
1323,1323_moulure_decorative_platre.png,png,1.68 Mo,https://ged.staffdecor.fr/download/5435,https://ged.staffdecor.fr/reference/1323
1220-1,1220.max,max,839.68 Ko,https://ged.staffdecor.fr/download/4005,https://ged.staffdecor.fr/reference/1220-1
1101-1108,Moulures - 1101.stl,stl,13.48 Ko,https://ged.staffdecor.fr/download/7115,https://ged.staffdecor.fr/reference/1101-1108
7001-7,Balustres - 7001.stl,stl,1.06 Mo,https://ged.staffdecor.fr/download/7067,https://ged.staffdecor.fr/reference/7001-7
d570-1,Corniches - D570.max,max,389.41 Mo,https://ged.staffdecor.fr/download/4853,https://ged.staffdecor.fr/reference/d570-1
45-02,45-02et45-52.rfa,rfa,278.52 Ko,https://ged.staffdecor.fr/download/1640,https://ged.staffdecor.fr/reference/45-02
d556-2,Corniches - D556.obj,obj,18.66 Ko,https://ged.staffdecor.fr/download/5910,https://ged.staffdecor.fr/reference/d556-2
7079-1,Parements - 7079.stp,stp,191.57 Mo,https://ged.staffdecor.fr/download/5813,https://ged.staffdecor.fr/reference/7079-1
d616,D616.stp,stp,49.27 Ko,https://ged.staffdecor.fr/download/2866,https://ged.staffdecor.fr/reference/d616
2618,Côtés de passages et dessous de poutres-2618.pdf,pdf,52.75 Ko,https://ged.staffdecor.fr/download/5995,https://ged.staffdecor.fr/reference/2618
1340,Moulure-1340.pdf,pdf,51.08 Ko,https://ged.staffdecor.fr/download/4693,https://ged.staffdecor.fr/reference/1340
1221,1221.rfa,rfa,241.66 Ko,https://ged.staffdecor.fr/download/1727,https://ged.staffdecor.fr/reference/1221
1107,Moulures - 1107.stl,stl,20.28 Ko,https://ged.staffdecor.fr/download/7128,https://ged.staffdecor.fr/reference/1107
1206r,1206R.stp,stp,91.98 Ko,https://ged.staffdecor.fr/download/2349,https://ged.staffdecor.fr/reference/1206r
plin15a,Plinthes - PLIN15A.png,png,1.02 Mo,https://ged.staffdecor.fr/download/6433,https://ged.staffdecor.fr/reference/plin15a
d879,Corniche - D879.skp,skp,8.52 Mo,https://ged.staffdecor.fr/download/6924,https://ged.staffdecor.fr/reference/d879
m401p,Rosace - M401P.skp,skp,7.53 Mo,https://ged.staffdecor.fr/download/7013,https://ged.staffdecor.fr/reference/m401p
d802,D802.rfa,rfa,225.28 Ko,https://ged.staffdecor.fr/download/932,https://ged.staffdecor.fr/reference/d802
1101h,Moulure-1101H.pdf,pdf,61.32 Ko,https://ged.staffdecor.fr/download/4628,https://ged.staffdecor.fr/reference/1101h
colonnes,Colonnes.png,png,7.37 Mo,https://ged.staffdecor.fr/download/6705,https://ged.staffdecor.fr/reference/colonnes
enc24,ENC24.jpg,jpg,51.02 Ko,https://ged.staffdecor.fr/download/388,https://ged.staffdecor.fr/reference/enc24
1107e,1107E.png,png,1.31 Mo,https://ged.staffdecor.fr/download/4131,https://ged.staffdecor.fr/reference/1107e
1141c,1141C.rfa,rfa,221.18 Ko,https://ged.staffdecor.fr/download/2325,https://ged.staffdecor.fr/reference/1141c
e1520e,E1520E.pdf,pdf,59.76 Ko,https://ged.staffdecor.fr/download/4066,https://ged.staffdecor.fr/reference/e1520e
m504,Rosaces - M504.pdf,pdf,208.11 Ko,https://ged.staffdecor.fr/download/6107,https://ged.staffdecor.fr/reference/m504
plin21,Plinthes - PLIN21.skp,skp,262.89 Ko,https://ged.staffdecor.fr/download/5640,https://ged.staffdecor.fr/reference/plin21
d566,Corniches - D566.stl,stl,3.61 Mo,https://ged.staffdecor.fr/download/6799,https://ged.staffdecor.fr/reference/d566
d713-131,Corniche - D713.skp,skp,319.87 Ko,https://ged.staffdecor.fr/download/6248,https://ged.staffdecor.fr/reference/d713-131
d125,D125-rendu.png,png,6.69 Mo,https://ged.staffdecor.fr/download/3183,https://ged.staffdecor.fr/reference/d125
d843,Corniches - D843.max,max,985.58 Mo,https://ged.staffdecor.fr/download/4817,https://ged.staffdecor.fr/reference/d843
plip1224,Plinthes-PLIP1224.pdf,pdf,50.54 Ko,https://ged.staffdecor.fr/download/6181,https://ged.staffdecor.fr/reference/plip1224
d628,D628.stp,stp,680.69 Ko,https://ged.staffdecor.fr/download/1038,https://ged.staffdecor.fr/reference/d628
d715,Corniches-D715.pdf,pdf,58.13 Ko,https://ged.staffdecor.fr/download/6139,https://ged.staffdecor.fr/reference/d715
d820,D820.jpg,jpg,67.69 Ko,https://ged.staffdecor.fr/download/290,https://ged.staffdecor.fr/reference/d820
7063,7063-RR-Collection.pdf,pdf,1.53 Mo,https://ged.staffdecor.fr/download/2132,https://ged.staffdecor.fr/reference/7063
plin12a,Plinthes - PLIN12A.png,png,784.09 Ko,https://ged.staffdecor.fr/download/6431,https://ged.staffdecor.fr/reference/plin12a
d567,D567.stp,stp,46.21 Ko,https://ged.staffdecor.fr/download/1000,https://ged.staffdecor.fr/reference/d567
m402,Rosace - M402.skp,skp,18.2 Mo,https://ged.staffdecor.fr/download/7014,https://ged.staffdecor.fr/reference/m402
d616,D616.jpg,jpg,619.87 Ko,https://ged.staffdecor.fr/download/2862,https://ged.staffdecor.fr/reference/d616
1365,1365.stp,stp,15.27 Ko,https://ged.staffdecor.fr/download/2125,https://ged.staffdecor.fr/reference/1365
d655-1,Corniche - D655.skp,skp,30.12 Mo,https://ged.staffdecor.fr/download/6035,https://ged.staffdecor.fr/reference/d655-1
e2030i,E2030I.jpg,jpg,54.39 Ko,https://ged.staffdecor.fr/download/1925,https://ged.staffdecor.fr/reference/e2030i
res-6-969,Ornements résine - RES.6.png,png,4.46 Mo,https://ged.staffdecor.fr/download/6627,https://ged.staffdecor.fr/reference/res-6-969
pl601-45a-371,PL601-45A.stp,stp,663.97 Ko,https://ged.staffdecor.fr/download/1458,https://ged.staffdecor.fr/reference/pl601-45a-371
1384,Moulure-1384.pdf,pdf,55.91 Ko,https://ged.staffdecor.fr/download/5689,https://ged.staffdecor.fr/reference/1384
d707,D707.stp,stp,137.51 Ko,https://ged.staffdecor.fr/download/900,https://ged.staffdecor.fr/reference/d707
orn9-820,Ornements - ORN.9.pdf,pdf,89.03 Ko,https://ged.staffdecor.fr/download/5237,https://ged.staffdecor.fr/reference/orn9-820
9002,Soubassements - 9002.pdf,pdf,50.84 Ko,https://ged.staffdecor.fr/download/5519,https://ged.staffdecor.fr/reference/9002
plin40-s,Plinthe-PLIN40.S.pdf,pdf,49.84 Ko,https://ged.staffdecor.fr/download/4718,https://ged.staffdecor.fr/reference/plin40-s
d108-1,D108 .jpg,jpg,631.56 Ko,https://ged.staffdecor.fr/download/134,https://ged.staffdecor.fr/reference/d108-1
m067,M067.jpg,jpg,7.35 Mo,https://ged.staffdecor.fr/download/5327,https://ged.staffdecor.fr/reference/m067
45-01,45-01et45-51.rfa,rfa,278.52 Ko,https://ged.staffdecor.fr/download/1666,https://ged.staffdecor.fr/reference/45-01
m401p,Rosaces - M401P.max,max,810.61 Mo,https://ged.staffdecor.fr/download/4869,https://ged.staffdecor.fr/reference/m401p
45-52,45-52.stp,stp,70.26 Ko,https://ged.staffdecor.fr/download/890,https://ged.staffdecor.fr/reference/45-52
decaisse-grg,Plafond décaissé Stratistaff.pdf,pdf,82.87 Ko,https://ged.staffdecor.fr/download/4102,https://ged.staffdecor.fr/reference/decaisse-grg
pl412,Plafonniers - PL412.png,png,495.41 Ko,https://ged.staffdecor.fr/download/6540,https://ged.staffdecor.fr/reference/pl412
d105a-b,D105A-B.jpg,jpg,63.9 Ko,https://ged.staffdecor.fr/download/139,https://ged.staffdecor.fr/reference/d105a-b
bl140,Profils LED - BL140.skp,skp,63.19 Mo,https://ged.staffdecor.fr/download/7111,https://ged.staffdecor.fr/reference/bl140
plin15,PLIN15_rendu.png,png,1.6 Mo,https://ged.staffdecor.fr/download/3849,https://ged.staffdecor.fr/reference/plin15
m254,Rosaces - M254.max,max,253.18 Mo,https://ged.staffdecor.fr/download/4867,https://ged.staffdecor.fr/reference/m254
d627,Corniche - D627.skp,skp,6.06 Mo,https://ged.staffdecor.fr/download/6262,https://ged.staffdecor.fr/reference/d627
1208,1208.max,max,328 Mo,https://ged.staffdecor.fr/download/3936,https://ged.staffdecor.fr/reference/1208
d631,D631_rendu.png,png,8.44 Mo,https://ged.staffdecor.fr/download/3247,https://ged.staffdecor.fr/reference/d631
bp-pf1-213,Profils de finition - BP.PF1.stl,stl,1.48 Ko,https://ged.staffdecor.fr/download/7075,https://ged.staffdecor.fr/reference/bp-pf1-213
pl102,PL102-sansmotif.stp,stp,8.75 Mo,https://ged.staffdecor.fr/download/1267,https://ged.staffdecor.fr/reference/pl102
pl404,Plafonniers - PL404.png,png,65.5 Ko,https://ged.staffdecor.fr/download/6539,https://ged.staffdecor.fr/reference/pl404
d561,D561.jpg,jpg,618.04 Ko,https://ged.staffdecor.fr/download/200,https://ged.staffdecor.fr/reference/d561
9021,9021.max,max,1.07 Mo,https://ged.staffdecor.fr/download/3659,https://ged.staffdecor.fr/reference/9021
9021,Soubassements_9021.png,png,3.39 Mo,https://ged.staffdecor.fr/download/5452,https://ged.staffdecor.fr/reference/9021
pl-r01-254,PL-R01.jpg,jpg,119.47 Ko,https://ged.staffdecor.fr/download/2418,https://ged.staffdecor.fr/reference/pl-r01-254
d555,Corniche - D555.skp,skp,224.12 Ko,https://ged.staffdecor.fr/download/5573,https://ged.staffdecor.fr/reference/d555
p-neige-335,Plaques - P.NEIGE.png,png,1.56 Mo,https://ged.staffdecor.fr/download/6658,https://ged.staffdecor.fr/reference/p-neige-335
d560,D560.rfa,rfa,225.28 Ko,https://ged.staffdecor.fr/download/1101,https://ged.staffdecor.fr/reference/d560
e2020e-401,E2020E.jpg,jpg,37.76 Ko,https://ged.staffdecor.fr/download/1954,https://ged.staffdecor.fr/reference/e2020e-401
cl31-facet-6,CL31A.rfa,rfa,307.2 Ko,https://ged.staffdecor.fr/download/852,https://ged.staffdecor.fr/reference/cl31-facet-6
d612,Corniches-D612.pdf,pdf,49.75 Ko,https://ged.staffdecor.fr/download/4421,https://ged.staffdecor.fr/reference/d612
orn6g,Ornements - ORN6G.png,png,1.48 Mo,https://ged.staffdecor.fr/download/6391,https://ged.staffdecor.fr/reference/orn6g
d561,Corniches - D561.max,max,716.8 Ko,https://ged.staffdecor.fr/download/4847,https://ged.staffdecor.fr/reference/d561
1221,Moulures - 1221.skp,skp,219.99 Ko,https://ged.staffdecor.fr/download/5662,https://ged.staffdecor.fr/reference/1221
emb2-1,EMB2.stp,stp,16.43 Ko,https://ged.staffdecor.fr/download/1802,https://ged.staffdecor.fr/reference/emb2-1
1207,1207.max,max,851.96 Ko,https://ged.staffdecor.fr/download/3998,https://ged.staffdecor.fr/reference/1207
cl31-facet-6,CL31-FACET.jpg,jpg,653.73 Ko,https://ged.staffdecor.fr/download/2134,https://ged.staffdecor.fr/reference/cl31-facet-6
pl601-45d-374,PL601.45D.rfa,rfa,1.73 Mo,https://ged.staffdecor.fr/download/1462,https://ged.staffdecor.fr/reference/pl601-45d-374
sd7052-square-garden-194,SD7502-Square-Garden.jpg,jpg,52.54 Ko,https://ged.staffdecor.fr/download/619,https://ged.staffdecor.fr/reference/sd7052-square-garden-194
bl132,BL132 -2.png,png,1.26 Mo,https://ged.staffdecor.fr/download/3216,https://ged.staffdecor.fr/reference/bl132
40-06,40-06et40-60.rfa,rfa,286.72 Ko,https://ged.staffdecor.fr/download/1655,https://ged.staffdecor.fr/reference/40-06
9044,Soubassement - 9044.skp,skp,331.07 Ko,https://ged.staffdecor.fr/download/6072,https://ged.staffdecor.fr/reference/9044
d650b,Corniches - D650B.obj,obj,31.78 Mo,https://ged.staffdecor.fr/download/5882,https://ged.staffdecor.fr/reference/d650b
emb95-ebl0430-367,EMB95 et EBL0430.rfa,rfa,237.56 Ko,https://ged.staffdecor.fr/download/1287,https://ged.staffdecor.fr/reference/emb95-ebl0430-367
pl502,Plafonniers - PL502.png,png,2.36 Mo,https://ged.staffdecor.fr/download/6546,https://ged.staffdecor.fr/reference/pl502
bl170a90e-720,Profils LED - BL170A90E.png,png,1.45 Mo,https://ged.staffdecor.fr/download/6548,https://ged.staffdecor.fr/reference/bl170a90e-720
m045,M045.jpg,jpg,7.23 Mo,https://ged.staffdecor.fr/download/5333,https://ged.staffdecor.fr/reference/m045
cache-radiateur,Cache radiateur.png,png,10.48 Mo,https://ged.staffdecor.fr/download/6702,https://ged.staffdecor.fr/reference/cache-radiateur
d555,Corniches - D555.png,png,103.74 Ko,https://ged.staffdecor.fr/download/6792,https://ged.staffdecor.fr/reference/d555
ebp0530,EBP0530.jpg,jpg,2.4 Mo,https://ged.staffdecor.fr/download/2842,https://ged.staffdecor.fr/reference/ebp0530
pl101,PL101-2.jpg,jpg,82.96 Ko,https://ged.staffdecor.fr/download/1248,https://ged.staffdecor.fr/reference/pl101
d579,D579.rfa,rfa,221.18 Ko,https://ged.staffdecor.fr/download/1019,https://ged.staffdecor.fr/reference/d579
m400,M400.jpg,jpg,15.7 Mo,https://ged.staffdecor.fr/download/5330,https://ged.staffdecor.fr/reference/m400
d840,D840.stp,stp,826.99 Ko,https://ged.staffdecor.fr/download/1030,https://ged.staffdecor.fr/reference/d840
orn6d-1022,Ornements - ORN6D.png,png,1.47 Mo,https://ged.staffdecor.fr/download/6388,https://ged.staffdecor.fr/reference/orn6d-1022
98540-1,98540.jpg,jpg,75.35 Ko,https://ged.staffdecor.fr/download/654,https://ged.staffdecor.fr/reference/98540-1
d704,D704.jpg,jpg,613.77 Ko,https://ged.staffdecor.fr/download/187,https://ged.staffdecor.fr/reference/d704
9204,9204.jpg,jpg,625.31 Ko,https://ged.staffdecor.fr/download/590,https://ged.staffdecor.fr/reference/9204
9304,Moulure-9304.pdf,pdf,49.58 Ko,https://ged.staffdecor.fr/download/4716,https://ged.staffdecor.fr/reference/9304
7001-7,Balustre - 7001.skp,skp,1.25 Mo,https://ged.staffdecor.fr/download/6319,https://ged.staffdecor.fr/reference/7001-7
1366,Moulure-1366.pdf,pdf,49.05 Ko,https://ged.staffdecor.fr/download/4710,https://ged.staffdecor.fr/reference/1366
bp-pf1-213,Profils de finition - BP.PF1.skp,skp,285.33 Ko,https://ged.staffdecor.fr/download/7074,https://ged.staffdecor.fr/reference/bp-pf1-213
0742,0742.stp,stp,1.1 Mo,https://ged.staffdecor.fr/download/2812,https://ged.staffdecor.fr/reference/0742
jc542-15p-222,JC5-4-2-15P.stp,stp,24.24 Ko,https://ged.staffdecor.fr/download/1318,https://ged.staffdecor.fr/reference/jc542-15p-222
d104-1,D104.rfa,rfa,221.18 Ko,https://ged.staffdecor.fr/download/795,https://ged.staffdecor.fr/reference/d104-1
orn1d,Ornement - ORN.1D.skp,skp,26.69 Mo,https://ged.staffdecor.fr/download/6407,https://ged.staffdecor.fr/reference/orn1d
d121,Corniches - D121.stl,stl,3.48 Ko,https://ged.staffdecor.fr/download/6757,https://ged.staffdecor.fr/reference/d121
9011-639,9011.max,max,811 Ko,https://ged.staffdecor.fr/download/3653,https://ged.staffdecor.fr/reference/9011-639
30-60-534,30-60.stp,stp,11.97 Ko,https://ged.staffdecor.fr/download/2620,https://ged.staffdecor.fr/reference/30-60-534
d622,Corniches - D622.stl,stl,9.28 Ko,https://ged.staffdecor.fr/download/5554,https://ged.staffdecor.fr/reference/d622
d882b,D882B_2.png,png,3.98 Mo,https://ged.staffdecor.fr/download/4264,https://ged.staffdecor.fr/reference/d882b
moe120,MOE120.jpg,jpg,49.53 Ko,https://ged.staffdecor.fr/download/2028,https://ged.staffdecor.fr/reference/moe120
d565,Corniche - D565.skp,skp,290.97 Ko,https://ged.staffdecor.fr/download/6236,https://ged.staffdecor.fr/reference/d565
d650,Corniches-D650.pdf,pdf,49.92 Ko,https://ged.staffdecor.fr/download/4432,https://ged.staffdecor.fr/reference/d650
9216,Lambris_décaisses_paramétrable.rfa,rfa,409.6 Ko,https://ged.staffdecor.fr/download/862,https://ged.staffdecor.fr/reference/9216
d815,D815.stp,stp,668.81 Ko,https://ged.staffdecor.fr/download/828,https://ged.staffdecor.fr/reference/d815
d105a-b,Corniches - D105A et D105B - montage.pdf,pdf,76.99 Ko,https://ged.staffdecor.fr/download/4909,https://ged.staffdecor.fr/reference/d105a-b
cl13a-et-b-583,Parements - CL13A.max,max,1.44 Mo,https://ged.staffdecor.fr/download/5493,https://ged.staffdecor.fr/reference/cl13a-et-b-583
d706,Corniches-D706.pdf,pdf,49.66 Ko,https://ged.staffdecor.fr/download/4480,https://ged.staffdecor.fr/reference/d706
1103bh,1103BH.rfa,rfa,364.54 Ko,https://ged.staffdecor.fr/download/2099,https://ged.staffdecor.fr/reference/1103bh
orn17,Ornements - ORN17.png,png,709.2 Ko,https://ged.staffdecor.fr/download/6284,https://ged.staffdecor.fr/reference/orn17
cl30,Parements - CL30 face.jpg,jpg,776.7 Ko,https://ged.staffdecor.fr/download/5818,https://ged.staffdecor.fr/reference/cl30
d620,D620 (a refaire dans le bon sens).jpg,jpg,598.73 Ko,https://ged.staffdecor.fr/download/4255,https://ged.staffdecor.fr/reference/d620
orn4g-1025,Ornements - ORN4G.stl,stl,2.5 Mo,https://ged.staffdecor.fr/download/7045,https://ged.staffdecor.fr/reference/orn4g-1025
u2425,U2425.stp,stp,16.64 Ko,https://ged.staffdecor.fr/download/2387,https://ged.staffdecor.fr/reference/u2425
d718,D718.stp,stp,12.52 Ko,https://ged.staffdecor.fr/download/926,https://ged.staffdecor.fr/reference/d718
d555,Corniches - D555.stl,stl,5.68 Ko,https://ged.staffdecor.fr/download/6791,https://ged.staffdecor.fr/reference/d555
d706,D706.jpg,jpg,593.57 Ko,https://ged.staffdecor.fr/download/270,https://ged.staffdecor.fr/reference/d706
1132-685,1132.max,max,823.29 Ko,https://ged.staffdecor.fr/download/3973,https://ged.staffdecor.fr/reference/1132-685
moaplin10m,MOAPLIN10M.stp,stp,39.31 Ko,https://ged.staffdecor.fr/download/1539,https://ged.staffdecor.fr/reference/moaplin10m
d122,D122.png,png,6.77 Mo,https://ged.staffdecor.fr/download/3176,https://ged.staffdecor.fr/reference/d122
d101-1,D101.jpg,jpg,609.6 Ko,https://ged.staffdecor.fr/download/130,https://ged.staffdecor.fr/reference/d101-1
d880,Corniches - D880.skp,skp,281 Ko,https://ged.staffdecor.fr/download/5622,https://ged.staffdecor.fr/reference/d880
jc55-10-426,JC55-10.rfa,rfa,233.47 Ko,https://ged.staffdecor.fr/download/1874,https://ged.staffdecor.fr/reference/jc55-10-426
pl-r01-254,PL-R01.stp,stp,684.72 Ko,https://ged.staffdecor.fr/download/2417,https://ged.staffdecor.fr/reference/pl-r01-254
m038,Rosace - M038.skp,skp,28.82 Mo,https://ged.staffdecor.fr/download/6987,https://ged.staffdecor.fr/reference/m038
d605,D605.jpg,jpg,68.11 Ko,https://ged.staffdecor.fr/download/236,https://ged.staffdecor.fr/reference/d605
d896,Corniches - D896.max,max,950.27 Ko,https://ged.staffdecor.fr/download/4824,https://ged.staffdecor.fr/reference/d896
tal41,TAL41.png,png,879.13 Ko,https://ged.staffdecor.fr/download/4193,https://ged.staffdecor.fr/reference/tal41
d802,D802_rendu.png,png,8.38 Mo,https://ged.staffdecor.fr/download/3439,https://ged.staffdecor.fr/reference/d802
1101bh,1101BH.rfa,rfa,311.29 Ko,https://ged.staffdecor.fr/download/2359,https://ged.staffdecor.fr/reference/1101bh
d650,D650.rfa,rfa,225.28 Ko,https://ged.staffdecor.fr/download/930,https://ged.staffdecor.fr/reference/d650
d601,Corniche - D601.skp,skp,119.29 Ko,https://ged.staffdecor.fr/download/6824,https://ged.staffdecor.fr/reference/d601
0744,Niches - 0744.stl,stl,3.18 Ko,https://ged.staffdecor.fr/download/7065,https://ged.staffdecor.fr/reference/0744
sd7046-5emeavenue-319,SD7046 5ème avenue.pdf,pdf,51.1 Ko,https://ged.staffdecor.fr/download/4228,https://ged.staffdecor.fr/reference/sd7046-5emeavenue-319
mod25,MOD25.jpg,jpg,50.34 Ko,https://ged.staffdecor.fr/download/2017,https://ged.staffdecor.fr/reference/mod25
9222,9222.max,max,831.48 Ko,https://ged.staffdecor.fr/download/3675,https://ged.staffdecor.fr/reference/9222
30-60-534,30-60.jpg,jpg,57.59 Ko,https://ged.staffdecor.fr/download/2619,https://ged.staffdecor.fr/reference/30-60-534
1327,Moulure-1327.pdf,pdf,51.48 Ko,https://ged.staffdecor.fr/download/4692,https://ged.staffdecor.fr/reference/1327
plip1232,Plinthes - PLIP1232.skp,skp,302.31 Ko,https://ged.staffdecor.fr/download/6470,https://ged.staffdecor.fr/reference/plip1232
2824l,2824L.stp,stp,520.04 Ko,https://ged.staffdecor.fr/download/2730,https://ged.staffdecor.fr/reference/2824l
20-56b-1,20-56B.stp,stp,551.08 Ko,https://ged.staffdecor.fr/download/1753,https://ged.staffdecor.fr/reference/20-56b-1
ebp0830,EBP0830.rfa,rfa,217.08 Ko,https://ged.staffdecor.fr/download/2047,https://ged.staffdecor.fr/reference/ebp0830
d113m,D113M.stp,stp,164.24 Ko,https://ged.staffdecor.fr/download/812,https://ged.staffdecor.fr/reference/d113m
9213,9213.stp,stp,319.75 Ko,https://ged.staffdecor.fr/download/753,https://ged.staffdecor.fr/reference/9213
1214,1214_1500.png,png,330.25 Ko,https://ged.staffdecor.fr/download/4358,https://ged.staffdecor.fr/reference/1214
d752,Corniches-D752.pdf,pdf,50.78 Ko,https://ged.staffdecor.fr/download/4484,https://ged.staffdecor.fr/reference/d752
bl122,Profils LED - BL122.jpg,jpg,46.73 Ko,https://ged.staffdecor.fr/download/5781,https://ged.staffdecor.fr/reference/bl122
1141c,Cimaises-1141C.pdf,pdf,49.88 Ko,https://ged.staffdecor.fr/download/6009,https://ged.staffdecor.fr/reference/1141c
d601,Corniches - D601.max,max,897.02 Ko,https://ged.staffdecor.fr/download/4779,https://ged.staffdecor.fr/reference/d601
d579,Corniche - D579.skp,skp,297.71 Ko,https://ged.staffdecor.fr/download/6239,https://ged.staffdecor.fr/reference/d579
jc542-15p-222,Joints creux - JC542.15P.png,png,526.57 Ko,https://ged.staffdecor.fr/download/6692,https://ged.staffdecor.fr/reference/jc542-15p-222
d612,D612.jpg,jpg,654.13 Ko,https://ged.staffdecor.fr/download/175,https://ged.staffdecor.fr/reference/d612
m067,Rosace - M067.skp,skp,16.27 Mo,https://ged.staffdecor.fr/download/6993,https://ged.staffdecor.fr/reference/m067
pl-bas1-p-913,Puits de lumière - PL.BAS1.P.png,png,138.43 Ko,https://ged.staffdecor.fr/download/6607,https://ged.staffdecor.fr/reference/pl-bas1-p-913
e0535e-404,E0535E.rfa,rfa,221.18 Ko,https://ged.staffdecor.fr/download/1911,https://ged.staffdecor.fr/reference/e0535e-404
m071,Rosace - M071.skp,skp,41.54 Mo,https://ged.staffdecor.fr/download/6994,https://ged.staffdecor.fr/reference/m071
emb2-1,EMB2.rfa,rfa,221.18 Ko,https://ged.staffdecor.fr/download/1805,https://ged.staffdecor.fr/reference/emb2-1
pl401,Plafonniers - PL401.png,png,1.41 Mo,https://ged.staffdecor.fr/download/6533,https://ged.staffdecor.fr/reference/pl401
1343,Rendu_1343.png,png,1.05 Mo,https://ged.staffdecor.fr/download/4013,https://ged.staffdecor.fr/reference/1343
d616a,Corniches - D616A.max,max,319.08 Mo,https://ged.staffdecor.fr/download/4785,https://ged.staffdecor.fr/reference/d616a
d708,D708.rfa,rfa,225.28 Ko,https://ged.staffdecor.fr/download/1161,https://ged.staffdecor.fr/reference/d708
plin15,Plinthe-PLIN15 et PLIN15A.pdf,pdf,32.83 Ko,https://ged.staffdecor.fr/download/4602,https://ged.staffdecor.fr/reference/plin15
p-coton-334,Plaques - P.COTON.png,png,1.56 Mo,https://ged.staffdecor.fr/download/6620,https://ged.staffdecor.fr/reference/p-coton-334
m055,M055.jpg,jpg,3.83 Mo,https://ged.staffdecor.fr/download/5374,https://ged.staffdecor.fr/reference/m055
d123,D123.png,png,146.15 Ko,https://ged.staffdecor.fr/download/3142,https://ged.staffdecor.fr/reference/d123
pl324,PL324.pdf,pdf,100.45 Ko,https://ged.staffdecor.fr/download/3023,https://ged.staffdecor.fr/reference/pl324
bp20,BP20_rendu.png,png,8.44 Mo,https://ged.staffdecor.fr/download/3700,https://ged.staffdecor.fr/reference/bp20
d884,D884.jpg,jpg,7.77 Mo,https://ged.staffdecor.fr/download/5279,https://ged.staffdecor.fr/reference/d884
1005,1000pilastre+1005socle.rfa,rfa,315.39 Ko,https://ged.staffdecor.fr/download/1781,https://ged.staffdecor.fr/reference/1005
d118-2,Corniche - D118.skp,skp,668.67 Ko,https://ged.staffdecor.fr/download/6231,https://ged.staffdecor.fr/reference/d118-2
d655-1,Corniches-D655.pdf,pdf,50.48 Ko,https://ged.staffdecor.fr/download/4514,https://ged.staffdecor.fr/reference/d655-1
enc35,ENC35.pdf,pdf,57 Ko,https://ged.staffdecor.fr/download/4727,https://ged.staffdecor.fr/reference/enc35
1101-1108,1101-1108-3D.stp,stp,26.29 Ko,https://ged.staffdecor.fr/download/1687,https://ged.staffdecor.fr/reference/1101-1108
m060,M060.png,png,6.62 Mo,https://ged.staffdecor.fr/download/4119,https://ged.staffdecor.fr/reference/m060
1141c,1141C.stp,stp,31.86 Ko,https://ged.staffdecor.fr/download/2324,https://ged.staffdecor.fr/reference/1141c
pl-etoile-345,PL.ETOILE.rfa,rfa,446.46 Ko,https://ged.staffdecor.fr/download/1325,https://ged.staffdecor.fr/reference/pl-etoile-345
d520,D520.rfa,rfa,225.28 Ko,https://ged.staffdecor.fr/download/981,https://ged.staffdecor.fr/reference/d520
mod24,MOD24.stp,stp,73.4 Ko,https://ged.staffdecor.fr/download/2013,https://ged.staffdecor.fr/reference/mod24
radia1,Cache radiateur -RADIA1 double.pdf,pdf,151.42 Ko,https://ged.staffdecor.fr/download/5209,https://ged.staffdecor.fr/reference/radia1
us0740-418,US0740.stp,stp,26.78 Ko,https://ged.staffdecor.fr/download/1832,https://ged.staffdecor.fr/reference/us0740-418
bp-pf3-215,Profils de finition - BP.PF3.stl,stl,4.88 Ko,https://ged.staffdecor.fr/download/7082,https://ged.staffdecor.fr/reference/bp-pf3-215
sd7045-luna-park,SD7045-Luna-Park.rfa,rfa,4.23 Mo,https://ged.staffdecor.fr/download/2227,https://ged.staffdecor.fr/reference/sd7045-luna-park
d572,Corniches - D572.obj,obj,2.8 Ko,https://ged.staffdecor.fr/download/5902,https://ged.staffdecor.fr/reference/d572
1140c-1,1140C.stp,stp,37.23 Ko,https://ged.staffdecor.fr/download/3906,https://ged.staffdecor.fr/reference/1140c-1
d577,Corniche - D577.skp,skp,215.59 Ko,https://ged.staffdecor.fr/download/5583,https://ged.staffdecor.fr/reference/d577
d510-1,Corniche - D510.skp,skp,4.72 Mo,https://ged.staffdecor.fr/download/6779,https://ged.staffdecor.fr/reference/d510-1
emb95-ebl0430-367,EMB95-EBL0430.pdf,pdf,72.51 Ko,https://ged.staffdecor.fr/download/3019,https://ged.staffdecor.fr/reference/emb95-ebl0430-367
d629,Corniches-D629.pdf,pdf,52.82 Ko,https://ged.staffdecor.fr/download/4512,https://ged.staffdecor.fr/reference/d629
7074,7074-virgule.jpg,jpg,44.2 Ko,https://ged.staffdecor.fr/download/411,https://ged.staffdecor.fr/reference/7074
0744,0744.stp,stp,27.06 Ko,https://ged.staffdecor.fr/download/2787,https://ged.staffdecor.fr/reference/0744
1211,1211_rendu.png,png,388.65 Ko,https://ged.staffdecor.fr/download/4362,https://ged.staffdecor.fr/reference/1211
d883,D883_face.png,png,1.99 Mo,https://ged.staffdecor.fr/download/4259,https://ged.staffdecor.fr/reference/d883
plip1219,Plinthes - PLIP1219.skp,skp,307.3 Ko,https://ged.staffdecor.fr/download/6466,https://ged.staffdecor.fr/reference/plip1219
e0510e-400,E0510E.stp,stp,11.08 Ko,https://ged.staffdecor.fr/download/1894,https://ged.staffdecor.fr/reference/e0510e-400
m296,Rosaces - M296.png,png,2.94 Mo,https://ged.staffdecor.fr/download/6952,https://ged.staffdecor.fr/reference/m296
7075,7075 Caro.stp,stp,2.3 Mo,https://ged.staffdecor.fr/download/730,https://ged.staffdecor.fr/reference/7075
1213bh-1,Moulures - 1213BH.skp,skp,4.24 Mo,https://ged.staffdecor.fr/download/6592,https://ged.staffdecor.fr/reference/1213bh-1
d720,Corniches - D720.skp,skp,226.19 Ko,https://ged.staffdecor.fr/download/5630,https://ged.staffdecor.fr/reference/d720
pl602,PL602.jpg,jpg,620.41 Ko,https://ged.staffdecor.fr/download/332,https://ged.staffdecor.fr/reference/pl602
d617,D617.jpg,jpg,148.68 Ko,https://ged.staffdecor.fr/download/1055,https://ged.staffdecor.fr/reference/d617
pl612,PL612.jpg,jpg,59.2 Ko,https://ged.staffdecor.fr/download/334,https://ged.staffdecor.fr/reference/pl612
d802,Corniches - D802.stl,stl,10.28 Ko,https://ged.staffdecor.fr/download/6903,https://ged.staffdecor.fr/reference/d802
d880,D880-D880A.pdf,pdf,400.4 Ko,https://ged.staffdecor.fr/download/2147,https://ged.staffdecor.fr/reference/d880
d613,D613.obj,obj,129.76 Mo,https://ged.staffdecor.fr/download/4348,https://ged.staffdecor.fr/reference/d613
jc22-20-424,JC22.20.jpg,jpg,59.36 Ko,https://ged.staffdecor.fr/download/6685,https://ged.staffdecor.fr/reference/jc22-20-424
d614,D614.stp,stp,21.6 Ko,https://ged.staffdecor.fr/download/967,https://ged.staffdecor.fr/reference/d614
pl613,PL613.max,max,12.26 Mo,https://ged.staffdecor.fr/download/3759,https://ged.staffdecor.fr/reference/pl613
d114,Corniches-D114.pdf,pdf,49.18 Ko,https://ged.staffdecor.fr/download/4565,https://ged.staffdecor.fr/reference/d114
1132-685,Moulure-1132.pdf,pdf,48.92 Ko,https://ged.staffdecor.fr/download/4661,https://ged.staffdecor.fr/reference/1132-685
30-07,30-07.stp,stp,16.6 Ko,https://ged.staffdecor.fr/download/2572,https://ged.staffdecor.fr/reference/30-07
d622,D622.jpg,jpg,597.26 Ko,https://ged.staffdecor.fr/download/248,https://ged.staffdecor.fr/reference/d622
1165,Rendu_1165.png,png,491.89 Ko,https://ged.staffdecor.fr/download/3965,https://ged.staffdecor.fr/reference/1165
6105,6105.stp,stp,77.44 Ko,https://ged.staffdecor.fr/download/2296,https://ged.staffdecor.fr/reference/6105
d601,D601.rfa,rfa,229.37 Ko,https://ged.staffdecor.fr/download/907,https://ged.staffdecor.fr/reference/d601
1101h,Moulures - 1101H.stl,stl,3.62 Mo,https://ged.staffdecor.fr/download/7124,https://ged.staffdecor.fr/reference/1101h
7035-labrys,7035.rfa,rfa,311.29 Ko,https://ged.staffdecor.fr/download/734,https://ged.staffdecor.fr/reference/7035-labrys
cl13a-et-b-583,Parements - CL13A et CL13B.pdf,pdf,59.82 Ko,https://ged.staffdecor.fr/download/5672,https://ged.staffdecor.fr/reference/cl13a-et-b-583
d657,D657.stp,stp,305 Ko,https://ged.staffdecor.fr/download/937,https://ged.staffdecor.fr/reference/d657
9206,9206.stp,stp,320.85 Ko,https://ged.staffdecor.fr/download/765,https://ged.staffdecor.fr/reference/9206
cimaises,Cimaises.png,png,7.15 Mo,https://ged.staffdecor.fr/download/6704,https://ged.staffdecor.fr/reference/cimaises
d540,Corniches - D540.obj,obj,79.81 Mo,https://ged.staffdecor.fr/download/5914,https://ged.staffdecor.fr/reference/d540
pl223,PL223.jpg,jpg,60.62 Ko,https://ged.staffdecor.fr/download/1352,https://ged.staffdecor.fr/reference/pl223
orn8d-1021,Ornements - ORN8D.stl,stl,2.5 Mo,https://ged.staffdecor.fr/download/7032,https://ged.staffdecor.fr/reference/orn8d-1021
moaplin10m,MOAPLINT-MOAPLIN10-MOAPLIN10M.rfa,rfa,356.35 Ko,https://ged.staffdecor.fr/download/1536,https://ged.staffdecor.fr/reference/moaplin10m
soubassements,Soubassements.png,png,10.38 Mo,https://ged.staffdecor.fr/download/6715,https://ged.staffdecor.fr/reference/soubassements
1443,Ornements - 1443.png,png,238.9 Ko,https://ged.staffdecor.fr/download/6218,https://ged.staffdecor.fr/reference/1443
2624,2618-2624-2630.rfa,rfa,430.08 Ko,https://ged.staffdecor.fr/download/2764,https://ged.staffdecor.fr/reference/2624
30-63,30-63.stp,stp,12.21 Ko,https://ged.staffdecor.fr/download/2626,https://ged.staffdecor.fr/reference/30-63
plincl12-pc,PLINCL12.PC.max,max,831.48 Ko,https://ged.staffdecor.fr/download/3843,https://ged.staffdecor.fr/reference/plincl12-pc
d611,D611_rendu.png,png,8.24 Mo,https://ged.staffdecor.fr/download/3074,https://ged.staffdecor.fr/reference/d611
20-58-396,20-58.stp,stp,8.09 Ko,https://ged.staffdecor.fr/download/2684,https://ged.staffdecor.fr/reference/20-58-396
0744,niches (type 0714).rfa,rfa,331.77 Ko,https://ged.staffdecor.fr/download/2804,https://ged.staffdecor.fr/reference/0744
enc602,ENC602.jpg,jpg,55.08 Ko,https://ged.staffdecor.fr/download/391,https://ged.staffdecor.fr/reference/enc602
d123,Corniches-D123.pdf,pdf,49.35 Ko,https://ged.staffdecor.fr/download/4572,https://ged.staffdecor.fr/reference/d123
d903-1,Corniches - D903.max,max,217.3 Mo,https://ged.staffdecor.fr/download/4828,https://ged.staffdecor.fr/reference/d903-1
1102bh,1102BH.stp,stp,423.13 Ko,https://ged.staffdecor.fr/download/2057,https://ged.staffdecor.fr/reference/1102bh
d125,Corniches - D125.max,max,786.43 Ko,https://ged.staffdecor.fr/download/4838,https://ged.staffdecor.fr/reference/d125
1211,Moulure-1211.pdf,pdf,49.1 Ko,https://ged.staffdecor.fr/download/4677,https://ged.staffdecor.fr/reference/1211
1210,Moulure-1210.pdf,pdf,49.67 Ko,https://ged.staffdecor.fr/download/4676,https://ged.staffdecor.fr/reference/1210
1107e,Moulure-1107 E.pdf,pdf,49.48 Ko,https://ged.staffdecor.fr/download/4632,https://ged.staffdecor.fr/reference/1107e
plint10-pc,Plinthes - PLINT10.PC.skp,skp,218.31 Ko,https://ged.staffdecor.fr/download/5599,https://ged.staffdecor.fr/reference/plint10-pc
d102-1,D102.stp,stp,22.39 Ko,https://ged.staffdecor.fr/download/788,https://ged.staffdecor.fr/reference/d102-1
cl1213a,Parements - CL13A.max,max,1.44 Mo,https://ged.staffdecor.fr/download/5709,https://ged.staffdecor.fr/reference/cl1213a
pl111,PL110-sansmotif.rfa,rfa,663.55 Ko,https://ged.staffdecor.fr/download/1254,https://ged.staffdecor.fr/reference/pl111
cl12,CL12-Ondes.stp,stp,5.69 Mo,https://ged.staffdecor.fr/download/1076,https://ged.staffdecor.fr/reference/cl12
1404,1404 (4) copie.jpg,jpg,1.4 Mo,https://ged.staffdecor.fr/download/5410,https://ged.staffdecor.fr/reference/1404
1207bh,1207BH.jpg,jpg,72.07 Ko,https://ged.staffdecor.fr/download/1974,https://ged.staffdecor.fr/reference/1207bh
xr050,Profils - XR050.png,png,635.99 Ko,https://ged.staffdecor.fr/download/6326,https://ged.staffdecor.fr/reference/xr050
2724,2724.stp,stp,27.68 Ko,https://ged.staffdecor.fr/download/2745,https://ged.staffdecor.fr/reference/2724
tal26,TAL26 et PLIN25.PC.SP.png,png,2.75 Mo,https://ged.staffdecor.fr/download/4211,https://ged.staffdecor.fr/reference/tal26
e1020i,E1020I.stp,stp,11.41 Ko,https://ged.staffdecor.fr/download/1930,https://ged.staffdecor.fr/reference/e1020i
d754,Corniches-D754.pdf,pdf,49.68 Ko,https://ged.staffdecor.fr/download/4486,https://ged.staffdecor.fr/reference/d754
1213-10,Moulure-1213.pdf,pdf,49.48 Ko,https://ged.staffdecor.fr/download/6577,https://ged.staffdecor.fr/reference/1213-10
d103-1,Corniches - D103.stl,stl,11.68 Ko,https://ged.staffdecor.fr/download/6741,https://ged.staffdecor.fr/reference/d103-1
d545,Corniches-D545.pdf,pdf,49.51 Ko,https://ged.staffdecor.fr/download/4408,https://ged.staffdecor.fr/reference/d545
d845-272,D845 sans motif.stp,stp,98.66 Ko,https://ged.staffdecor.fr/download/3344,https://ged.staffdecor.fr/reference/d845-272
plin08m-pc,Plinthes - PLIN08M.PC.skp,skp,296.17 Ko,https://ged.staffdecor.fr/download/6494,https://ged.staffdecor.fr/reference/plin08m-pc
a-plas8,A.PLAS8.pdf,pdf,57.86 Ko,https://ged.staffdecor.fr/download/4246,https://ged.staffdecor.fr/reference/a-plas8
m301,Rosaces - M301.png,png,967.59 Ko,https://ged.staffdecor.fr/download/6972,https://ged.staffdecor.fr/reference/m301
d715,Corniches - D715.stl,stl,795.13 Ko,https://ged.staffdecor.fr/download/6892,https://ged.staffdecor.fr/reference/d715
3904,Frontons - 3904.pdf,pdf,221.42 Ko,https://ged.staffdecor.fr/download/6488,https://ged.staffdecor.fr/reference/3904
moulures,Moulures.png,png,11.79 Mo,https://ged.staffdecor.fr/download/6709,https://ged.staffdecor.fr/reference/moulures
1105,Moulures - 1105.png,png,1.66 Mo,https://ged.staffdecor.fr/download/6699,https://ged.staffdecor.fr/reference/1105
7039-flower-295,Parements - 7039 - Flower .pdf,pdf,46.45 Ko,https://ged.staffdecor.fr/download/5845,https://ged.staffdecor.fr/reference/7039-flower-295
e2020i,E2020I.rfa,rfa,217.08 Ko,https://ged.staffdecor.fr/download/1795,https://ged.staffdecor.fr/reference/e2020i
d901,D901.jpg,jpg,616.48 Ko,https://ged.staffdecor.fr/download/310,https://ged.staffdecor.fr/reference/d901
9012-636,Soubassement - 9001.skp,skp,289.86 Ko,https://ged.staffdecor.fr/download/6064,https://ged.staffdecor.fr/reference/9012-636
orn7g-1023,Ornements - ORN7G.png,png,1.17 Mo,https://ged.staffdecor.fr/download/6397,https://ged.staffdecor.fr/reference/orn7g-1023
pl-vague-169,Plafonniers - PL.VAGUE.png,png,643.25 Ko,https://ged.staffdecor.fr/download/6521,https://ged.staffdecor.fr/reference/pl-vague-169
d652,Corniches - D652.stl,stl,44.68 Ko,https://ged.staffdecor.fr/download/6872,https://ged.staffdecor.fr/reference/d652
45-56,45-56.stp,stp,43.61 Ko,https://ged.staffdecor.fr/download/2540,https://ged.staffdecor.fr/reference/45-56
pl612,PL612.rfa,rfa,1.74 Mo,https://ged.staffdecor.fr/download/1473,https://ged.staffdecor.fr/reference/pl612
d653,Corniches-D653.pdf,pdf,50.02 Ko,https://ged.staffdecor.fr/download/4436,https://ged.staffdecor.fr/reference/d653
orn5g,Ornements - ORN5G.stl,stl,2.5 Mo,https://ged.staffdecor.fr/download/7046,https://ged.staffdecor.fr/reference/orn5g
enc41,Encastrés - ENC41.pdf,pdf,67.68 Ko,https://ged.staffdecor.fr/download/5476,https://ged.staffdecor.fr/reference/enc41
d900,Corniche - D900.skp,skp,339.06 Ko,https://ged.staffdecor.fr/download/6272,https://ged.staffdecor.fr/reference/d900
moe45,MOE45.jpg,jpg,57.4 Ko,https://ged.staffdecor.fr/download/2023,https://ged.staffdecor.fr/reference/moe45
cl1374,Parements - CL1374.max,max,7.54 Mo,https://ged.staffdecor.fr/download/5675,https://ged.staffdecor.fr/reference/cl1374
orn5g,Ornement - ORN.5G.skp,skp,30.08 Mo,https://ged.staffdecor.fr/download/6415,https://ged.staffdecor.fr/reference/orn5g
1421,1421 (7) copie.jpg,jpg,2.2 Mo,https://ged.staffdecor.fr/download/5424,https://ged.staffdecor.fr/reference/1421
d633,Corniches - D633.obj,obj,66.85 Ko,https://ged.staffdecor.fr/download/5886,https://ged.staffdecor.fr/reference/d633
r-plaq40-346,R-PLAQ40.stp,stp,633.5 Ko,https://ged.staffdecor.fr/download/6661,https://ged.staffdecor.fr/reference/r-plaq40-346
tal26,Talons-TAL26.pdf,pdf,31 Ko,https://ged.staffdecor.fr/download/4401,https://ged.staffdecor.fr/reference/tal26
7040,7040.jpg,jpg,838.79 Ko,https://ged.staffdecor.fr/download/2191,https://ged.staffdecor.fr/reference/7040
e1010p,Equerres - E1010P.png,png,49.79 Ko,https://ged.staffdecor.fr/download/6680,https://ged.staffdecor.fr/reference/e1010p
bl120,BL120.max,max,778.24 Ko,https://ged.staffdecor.fr/download/3693,https://ged.staffdecor.fr/reference/bl120
9211,Rendu_9211.png,png,1.33 Mo,https://ged.staffdecor.fr/download/3662,https://ged.staffdecor.fr/reference/9211
p-flocon-337,Plaques accoustiques - P.FLOCON.stp,stp,15.19 Mo,https://ged.staffdecor.fr/download/5861,https://ged.staffdecor.fr/reference/p-flocon-337
m057,Rosaces - M057.png,png,2.73 Mo,https://ged.staffdecor.fr/download/6962,https://ged.staffdecor.fr/reference/m057
d702,D702.stp,stp,199.66 Ko,https://ged.staffdecor.fr/download/938,https://ged.staffdecor.fr/reference/d702
m069,M069.jpg,jpg,5.37 Mo,https://ged.staffdecor.fr/download/5380,https://ged.staffdecor.fr/reference/m069
d620,D620.jpg,jpg,598.73 Ko,https://ged.staffdecor.fr/download/246,https://ged.staffdecor.fr/reference/d620
d814,Corniches-D814.pdf,pdf,49.97 Ko,https://ged.staffdecor.fr/download/4522,https://ged.staffdecor.fr/reference/d814
plint,PLINT.stp,stp,28.08 Ko,https://ged.staffdecor.fr/download/1512,https://ged.staffdecor.fr/reference/plint
1324,1324.max,max,786.43 Ko,https://ged.staffdecor.fr/download/3962,https://ged.staffdecor.fr/reference/1324
1107p,Moulures - 1107P.stl,stl,172.83 Ko,https://ged.staffdecor.fr/download/7129,https://ged.staffdecor.fr/reference/1107p
20-56s-399,20-06Set20-56S.rfa,rfa,262.14 Ko,https://ged.staffdecor.fr/download/1755,https://ged.staffdecor.fr/reference/20-56s-399
bp30,BP30_rendu.png,png,8.31 Mo,https://ged.staffdecor.fr/download/3704,https://ged.staffdecor.fr/reference/bp30
45-04,45-04.stp,stp,24.22 Ko,https://ged.staffdecor.fr/download/2518,https://ged.staffdecor.fr/reference/45-04
d576,Corniche - D576.skp,skp,222.55 Ko,https://ged.staffdecor.fr/download/5582,https://ged.staffdecor.fr/reference/d576
2830l,Côtés de passages et dessous de poutres-2830L.pdf,pdf,130.75 Ko,https://ged.staffdecor.fr/download/5972,https://ged.staffdecor.fr/reference/2830l
radia1,cache radiateur RADIA simple sans cimaise.stl,stl,363.68 Ko,https://ged.staffdecor.fr/download/5761,https://ged.staffdecor.fr/reference/radia1
d563,D563.stp,stp,41.09 Ko,https://ged.staffdecor.fr/download/1022,https://ged.staffdecor.fr/reference/d563
u3225,U gamme standard horizontale.rfa,rfa,278.52 Ko,https://ged.staffdecor.fr/download/2392,https://ged.staffdecor.fr/reference/u3225
plin08m,Plinthes - PLIN08M.skp,skp,210.99 Ko,https://ged.staffdecor.fr/download/5587,https://ged.staffdecor.fr/reference/plin08m
1103c,1103C_angle.png,png,11.18 Mo,https://ged.staffdecor.fr/download/3883,https://ged.staffdecor.fr/reference/1103c
d118-2,D118.rfa,rfa,233.47 Ko,https://ged.staffdecor.fr/download/3158,https://ged.staffdecor.fr/reference/d118-2
pl313,PL313_fondblanc.jpg,jpg,69.36 Ko,https://ged.staffdecor.fr/download/3746,https://ged.staffdecor.fr/reference/pl313
s-908a-421,Corniches-S908A.pdf,pdf,70.6 Ko,https://ged.staffdecor.fr/download/4549,https://ged.staffdecor.fr/reference/s-908a-421
2624,Côtés de passages et dessous de poutres-2624.pdf,pdf,52.69 Ko,https://ged.staffdecor.fr/download/5994,https://ged.staffdecor.fr/reference/2624
plin12led,Plinthe-PLIN12LED.pdf,pdf,32.24 Ko,https://ged.staffdecor.fr/download/4600,https://ged.staffdecor.fr/reference/plin12led
pl102,PL102.jpg,jpg,85.96 Ko,https://ged.staffdecor.fr/download/1268,https://ged.staffdecor.fr/reference/pl102
22121,Côtés de passages et dessous de poutres-22121.pdf,pdf,56.36 Ko,https://ged.staffdecor.fr/download/5977,https://ged.staffdecor.fr/reference/22121
d611,Corniche - D611.skp,skp,109.89 Ko,https://ged.staffdecor.fr/download/6839,https://ged.staffdecor.fr/reference/d611
d709,D709.rfa,rfa,221.18 Ko,https://ged.staffdecor.fr/download/1165,https://ged.staffdecor.fr/reference/d709
m302,M302 .jpg,jpg,8.8 Mo,https://ged.staffdecor.fr/download/5314,https://ged.staffdecor.fr/reference/m302
d708,Corniches-D708.pdf,pdf,49.94 Ko,https://ged.staffdecor.fr/download/4576,https://ged.staffdecor.fr/reference/d708
d650b,Corniche - D650B.skp,skp,11.28 Mo,https://ged.staffdecor.fr/download/6032,https://ged.staffdecor.fr/reference/d650b
plip1232,Plinthes-PLIP1232.pdf,pdf,50.79 Ko,https://ged.staffdecor.fr/download/6182,https://ged.staffdecor.fr/reference/plip1232
d818,Corniche - D818.skp,skp,5.33 Mo,https://ged.staffdecor.fr/download/6345,https://ged.staffdecor.fr/reference/d818
plin10m,Rendu_PLIN10M_rendu.png,png,935.74 Ko,https://ged.staffdecor.fr/download/3811,https://ged.staffdecor.fr/reference/plin10m
2718,2718.rfa,rfa,241.66 Ko,https://ged.staffdecor.fr/download/2748,https://ged.staffdecor.fr/reference/2718
d752,Corniches - D752.png,png,722.24 Ko,https://ged.staffdecor.fr/download/6306,https://ged.staffdecor.fr/reference/d752
plinta,Plinthes-PLINT et PLINTA.pdf,pdf,49.77 Ko,https://ged.staffdecor.fr/download/6167,https://ged.staffdecor.fr/reference/plinta
d611,Corniches-D611.pdf,pdf,50.28 Ko,https://ged.staffdecor.fr/download/4420,https://ged.staffdecor.fr/reference/d611
d881b,Corniches-D881B.pdf,pdf,53.64 Ko,https://ged.staffdecor.fr/download/4533,https://ged.staffdecor.fr/reference/d881b
1364,Moulures - 1364.skp,skp,215.17 Ko,https://ged.staffdecor.fr/download/5604,https://ged.staffdecor.fr/reference/1364
2718,2718.jpg,jpg,39.26 Ko,https://ged.staffdecor.fr/download/2743,https://ged.staffdecor.fr/reference/2718
1124,Moulures - 1124.skp,skp,257.91 Ko,https://ged.staffdecor.fr/download/5655,https://ged.staffdecor.fr/reference/1124
1107,Rendu_1107.png,png,467.21 Ko,https://ged.staffdecor.fr/download/3989,https://ged.staffdecor.fr/reference/1107
orn4d-1024,Ornements - ORN4D.png,png,771.13 Ko,https://ged.staffdecor.fr/download/6381,https://ged.staffdecor.fr/reference/orn4d-1024
d903-1,Corniches - D903.stl,stl,3.23 Mo,https://ged.staffdecor.fr/download/6948,https://ged.staffdecor.fr/reference/d903-1
pl601-90d-373,PL601-90D.stp,stp,731.61 Ko,https://ged.staffdecor.fr/download/1442,https://ged.staffdecor.fr/reference/pl601-90d-373
30-11,Colonnes lisses.rfa,rfa,290.81 Ko,https://ged.staffdecor.fr/download/2587,https://ged.staffdecor.fr/reference/30-11
plint10-pca,Rendu_PLINT10.PCA.png,png,2.7 Mo,https://ged.staffdecor.fr/download/3786,https://ged.staffdecor.fr/reference/plint10-pca
plin40-r-734,PLIN40.PC.SP_murs.png,png,12.35 Mo,https://ged.staffdecor.fr/download/4223,https://ged.staffdecor.fr/reference/plin40-r-734
sv577,SV577.stp,stp,401.18 Ko,https://ged.staffdecor.fr/download/1228,https://ged.staffdecor.fr/reference/sv577
jc22-40-425,JC22-40.rfa,rfa,233.47 Ko,https://ged.staffdecor.fr/download/1861,https://ged.staffdecor.fr/reference/jc22-40-425
bl122,Profils LED - BL122+AA-R1707.stp,stp,272.88 Ko,https://ged.staffdecor.fr/download/5780,https://ged.staffdecor.fr/reference/bl122
d843,Corniche - D843.skp,skp,7.17 Mo,https://ged.staffdecor.fr/download/6045,https://ged.staffdecor.fr/reference/d843
enc31,ENC31.stp,stp,5.95 Mo,https://ged.staffdecor.fr/download/2199,https://ged.staffdecor.fr/reference/enc31
d878,D878.jpg,jpg,3.44 Mo,https://ged.staffdecor.fr/download/5315,https://ged.staffdecor.fr/reference/d878
pl623,Plafonniers - PL623.jpg,jpg,428.35 Ko,https://ged.staffdecor.fr/download/5261,https://ged.staffdecor.fr/reference/pl623
d124,D124.png,png,6.69 Mo,https://ged.staffdecor.fr/download/3180,https://ged.staffdecor.fr/reference/d124
1155,1155.jpg,jpg,72.18 Ko,https://ged.staffdecor.fr/download/2113,https://ged.staffdecor.fr/reference/1155
d608,Corniches - D608.stl,stl,24.08 Ko,https://ged.staffdecor.fr/download/6834,https://ged.staffdecor.fr/reference/d608
plin08m-pc,Rendu_PLIN08M.PC.png,png,769.58 Ko,https://ged.staffdecor.fr/download/3768,https://ged.staffdecor.fr/reference/plin08m-pc
1221,Rendu_1221.png,png,1.07 Mo,https://ged.staffdecor.fr/download/4010,https://ged.staffdecor.fr/reference/1221
1153,Moulures - 1153.png,png,2.41 Mo,https://ged.staffdecor.fr/download/6428,https://ged.staffdecor.fr/reference/1153
d574-1,Corniches - D574.stl,stl,36.68 Ko,https://ged.staffdecor.fr/download/6808,https://ged.staffdecor.fr/reference/d574-1
d708,D708.stp,stp,28.74 Ko,https://ged.staffdecor.fr/download/1162,https://ged.staffdecor.fr/reference/d708
orn19-987,Ornements - ORN19.stl,stl,2.5 Mo,https://ged.staffdecor.fr/download/7056,https://ged.staffdecor.fr/reference/orn19-987
cotes-de-passages-944,Côtés de passages.png,png,5.49 Mo,https://ged.staffdecor.fr/download/6726,https://ged.staffdecor.fr/reference/cotes-de-passages-944
d709,D709.max,max,778.24 Ko,https://ged.staffdecor.fr/download/3604,https://ged.staffdecor.fr/reference/d709
9315c,9315C-2.png,png,541.4 Ko,https://ged.staffdecor.fr/download/3221,https://ged.staffdecor.fr/reference/9315c
vase1800-350,VASE1800.rfa,rfa,262.14 Ko,https://ged.staffdecor.fr/download/1273,https://ged.staffdecor.fr/reference/vase1800-350
1166,1166.stp,stp,29.47 Ko,https://ged.staffdecor.fr/download/1720,https://ged.staffdecor.fr/reference/1166
1406,1406 (4) copie.jpg,jpg,6.71 Mo,https://ged.staffdecor.fr/download/5393,https://ged.staffdecor.fr/reference/1406
bp30,BP30.max,max,782.33 Ko,https://ged.staffdecor.fr/download/3703,https://ged.staffdecor.fr/reference/bp30
p-flocon-337,Plaques acoustiques-P.FLOCON.pdf,pdf,184.94 Ko,https://ged.staffdecor.fr/download/5864,https://ged.staffdecor.fr/reference/p-flocon-337
d565,Corniches - D565.max,max,778.24 Ko,https://ged.staffdecor.fr/download/4850,https://ged.staffdecor.fr/reference/d565
d604,Corniches - D604.max,max,888.83 Ko,https://ged.staffdecor.fr/download/4778,https://ged.staffdecor.fr/reference/d604
d118-2,Corniches - D118.stl,stl,19.53 Ko,https://ged.staffdecor.fr/download/6756,https://ged.staffdecor.fr/reference/d118-2
orn10-825,Ornements - ORN10.png,png,713.97 Ko,https://ged.staffdecor.fr/download/6423,https://ged.staffdecor.fr/reference/orn10-825
7036plin,7036PLIN.stp,stp,129.98 Ko,https://ged.staffdecor.fr/download/739,https://ged.staffdecor.fr/reference/7036plin
pl222,PL222.stp,stp,2.57 Mo,https://ged.staffdecor.fr/download/1343,https://ged.staffdecor.fr/reference/pl222
d555,D555.rfa,rfa,221.18 Ko,https://ged.staffdecor.fr/download/1013,https://ged.staffdecor.fr/reference/d555
m303,Rosaces - M303.png,png,1.56 Mo,https://ged.staffdecor.fr/download/6737,https://ged.staffdecor.fr/reference/m303
2618,2618-2624-2630.rfa,rfa,430.08 Ko,https://ged.staffdecor.fr/download/2763,https://ged.staffdecor.fr/reference/2618
1121,1121.rfa,rfa,221.18 Ko,https://ged.staffdecor.fr/download/1703,https://ged.staffdecor.fr/reference/1121
d616b,Corniches - D616B.stl,stl,3.2 Mo,https://ged.staffdecor.fr/download/6850,https://ged.staffdecor.fr/reference/d616b
d628,D628.skp,skp,1.11 Mo,https://ged.staffdecor.fr/download/3728,https://ged.staffdecor.fr/reference/d628
pl612,PL612_fondblanc.jpg,jpg,55.89 Ko,https://ged.staffdecor.fr/download/3752,https://ged.staffdecor.fr/reference/pl612
plin10m-spa,Plinthe-PLIN10M.SP et PLIN10M.SPA.pdf,pdf,32.77 Ko,https://ged.staffdecor.fr/download/4592,https://ged.staffdecor.fr/reference/plin10m-spa
m504,Rosaces - M504.stl,stl,2.43 Mo,https://ged.staffdecor.fr/download/7026,https://ged.staffdecor.fr/reference/m504
d616b,Corniches - D616B.max,max,279.96 Mo,https://ged.staffdecor.fr/download/4786,https://ged.staffdecor.fr/reference/d616b
0714,niches (type 0714).rfa,rfa,331.77 Ko,https://ged.staffdecor.fr/download/2800,https://ged.staffdecor.fr/reference/0714
d611,D611.rfa,rfa,229.37 Ko,https://ged.staffdecor.fr/download/915,https://ged.staffdecor.fr/reference/d611
9211,9211.stp,stp,320.1 Ko,https://ged.staffdecor.fr/download/750,https://ged.staffdecor.fr/reference/9211
vague-de-separation-d577-199,Vague-de-séparation-D577.jpg,jpg,617.28 Ko,https://ged.staffdecor.fr/download/448,https://ged.staffdecor.fr/reference/vague-de-separation-d577-199
d621,D621.stp,stp,26.28 Ko,https://ged.staffdecor.fr/download/1007,https://ged.staffdecor.fr/reference/d621
d555,Corniches - D555.max,max,802.81 Ko,https://ged.staffdecor.fr/download/4844,https://ged.staffdecor.fr/reference/d555
2724,2724.rfa,rfa,241.66 Ko,https://ged.staffdecor.fr/download/2749,https://ged.staffdecor.fr/reference/2724
d104-1,D104.jpg,jpg,132.38 Ko,https://ged.staffdecor.fr/download/137,https://ged.staffdecor.fr/reference/d104-1
orn22,Ornements - ORN22.png,png,707.75 Ko,https://ged.staffdecor.fr/download/6286,https://ged.staffdecor.fr/reference/orn22
1350,Moulure-1350.pdf,pdf,48.96 Ko,https://ged.staffdecor.fr/download/4698,https://ged.staffdecor.fr/reference/1350
d752,Corniche - D752.skp,skp,4.83 Mo,https://ged.staffdecor.fr/download/6314,https://ged.staffdecor.fr/reference/d752
d563,Corniches - D563.obj,obj,3.26 Ko,https://ged.staffdecor.fr/download/5907,https://ged.staffdecor.fr/reference/d563
pl170-p,Puits de lumière - PL170.P.png,png,183.46 Ko,https://ged.staffdecor.fr/download/6604,https://ged.staffdecor.fr/reference/pl170-p
d615,D615-profil.rfa,rfa,225.28 Ko,https://ged.staffdecor.fr/download/1041,https://ged.staffdecor.fr/reference/d615
r-staff55-349,R-STAFF55.stp,stp,479.08 Ko,https://ged.staffdecor.fr/download/1573,https://ged.staffdecor.fr/reference/r-staff55-349
1407,1407 (3) copie.jpg,jpg,3.66 Mo,https://ged.staffdecor.fr/download/5394,https://ged.staffdecor.fr/reference/1407
1000,Pilastres - 1000.png,png,8.81 Ko,https://ged.staffdecor.fr/download/6656,https://ged.staffdecor.fr/reference/1000
30-02-391,30-02.stp,stp,16.79 Ko,https://ged.staffdecor.fr/download/2463,https://ged.staffdecor.fr/reference/30-02-391
3902,Frontons - 3902.png,png,1 Mo,https://ged.staffdecor.fr/download/6474,https://ged.staffdecor.fr/reference/3902
d109,Corniches - D109 .stl,stl,15.08 Ko,https://ged.staffdecor.fr/download/6747,https://ged.staffdecor.fr/reference/d109
1124,1124.jpg,jpg,94.85 Ko,https://ged.staffdecor.fr/download/2115,https://ged.staffdecor.fr/reference/1124
enc31,ENC31.pdf,pdf,50.83 Ko,https://ged.staffdecor.fr/download/4233,https://ged.staffdecor.fr/reference/enc31
m252,Rosaces - M252.stl,stl,3.19 Mo,https://ged.staffdecor.fr/download/7001,https://ged.staffdecor.fr/reference/m252
plin10m,PLIN10M.jpg,jpg,75.29 Ko,https://ged.staffdecor.fr/download/1486,https://ged.staffdecor.fr/reference/plin10m
u-495,U gamme standard verticale.rfa,rfa,262.14 Ko,https://ged.staffdecor.fr/download/2370,https://ged.staffdecor.fr/reference/u-495
d898,D898.jpg,jpg,620.59 Ko,https://ged.staffdecor.fr/download/306,https://ged.staffdecor.fr/reference/d898
d703,Corniches - D703.max,max,847.87 Ko,https://ged.staffdecor.fr/download/4804,https://ged.staffdecor.fr/reference/d703
res-8-985,Ornements Résine-RES.8.pdf,pdf,52.69 Ko,https://ged.staffdecor.fr/download/6193,https://ged.staffdecor.fr/reference/res-8-985
plin12a,Plinthe-PLIN12 et PLIN12A.pdf,pdf,32.5 Ko,https://ged.staffdecor.fr/download/4598,https://ged.staffdecor.fr/reference/plin12a
d830,D830.jpg,jpg,599.49 Ko,https://ged.staffdecor.fr/download/184,https://ged.staffdecor.fr/reference/d830
d578,Corniches-D578.pdf,pdf,49.83 Ko,https://ged.staffdecor.fr/download/4471,https://ged.staffdecor.fr/reference/d578
d718,D718_rendu.png,png,8.24 Mo,https://ged.staffdecor.fr/download/3430,https://ged.staffdecor.fr/reference/d718
d708,Corniche - D708.skp,skp,216.46 Ko,https://ged.staffdecor.fr/download/6771,https://ged.staffdecor.fr/reference/d708
d575-108,Corniches - D575.obj,obj,3.81 Ko,https://ged.staffdecor.fr/download/5900,https://ged.staffdecor.fr/reference/d575-108
d113,D113.rfa,rfa,237.56 Ko,https://ged.staffdecor.fr/download/809,https://ged.staffdecor.fr/reference/d113
2820l,2820L.rfa,rfa,311.29 Ko,https://ged.staffdecor.fr/download/2260,https://ged.staffdecor.fr/reference/2820l
d624,Corniches - D624.stl,stl,25.28 Ko,https://ged.staffdecor.fr/download/6856,https://ged.staffdecor.fr/reference/d624
d897,Corniches-D897.pdf,pdf,71.14 Ko,https://ged.staffdecor.fr/download/4544,https://ged.staffdecor.fr/reference/d897
7073,7073 Macarons.rfa,rfa,299 Ko,https://ged.staffdecor.fr/download/714,https://ged.staffdecor.fr/reference/7073
7071,7071-golf.jpg,jpg,51.55 Ko,https://ged.staffdecor.fr/download/426,https://ged.staffdecor.fr/reference/7071
bl160,Profils LED - BL160.stl,stl,5.63 Ko,https://ged.staffdecor.fr/download/7114,https://ged.staffdecor.fr/reference/bl160
9213,9213.jpg,jpg,618.89 Ko,https://ged.staffdecor.fr/download/600,https://ged.staffdecor.fr/reference/9213
d540,Corniches-D540.pdf,pdf,49.49 Ko,https://ged.staffdecor.fr/download/4501,https://ged.staffdecor.fr/reference/d540
m401,Rosaces - M401.max,max,810.6 Mo,https://ged.staffdecor.fr/download/4870,https://ged.staffdecor.fr/reference/m401
enc35,Encastrés-ENC35.stp,stp,17.45 Mo,https://ged.staffdecor.fr/download/6019,https://ged.staffdecor.fr/reference/enc35
pl613,PL.613.pdf,pdf,70.36 Ko,https://ged.staffdecor.fr/download/3756,https://ged.staffdecor.fr/reference/pl613
d107-1,Corniches - D107.stl,stl,2.48 Ko,https://ged.staffdecor.fr/download/6745,https://ged.staffdecor.fr/reference/d107-1
d574-1,D574.stp,stp,44.36 Ko,https://ged.staffdecor.fr/download/944,https://ged.staffdecor.fr/reference/d574-1
d896,D896.rfa,rfa,229.37 Ko,https://ged.staffdecor.fr/download/987,https://ged.staffdecor.fr/reference/d896
res-12,Ornements - RES.12.png,png,946.95 Ko,https://ged.staffdecor.fr/download/6652,https://ged.staffdecor.fr/reference/res-12
d899,D899.jpg,jpg,7.57 Mo,https://ged.staffdecor.fr/download/5281,https://ged.staffdecor.fr/reference/d899
2518,2518.stp,stp,333.17 Ko,https://ged.staffdecor.fr/download/2737,https://ged.staffdecor.fr/reference/2518
d713-131,D713.stp,stp,157.74 Ko,https://ged.staffdecor.fr/download/980,https://ged.staffdecor.fr/reference/d713-131
pl304,PL300-gamme.rfa,rfa,4.46 Mo,https://ged.staffdecor.fr/download/1409,https://ged.staffdecor.fr/reference/pl304
1166,1166.rfa,rfa,237.56 Ko,https://ged.staffdecor.fr/download/1718,https://ged.staffdecor.fr/reference/1166
1206r,1206R.jpg,jpg,79.75 Ko,https://ged.staffdecor.fr/download/2353,https://ged.staffdecor.fr/reference/1206r
pl324,PL324.jpg,jpg,110.28 Ko,https://ged.staffdecor.fr/download/3751,https://ged.staffdecor.fr/reference/pl324
p-lum6-377,Tableaux lumineux - P.LUM6.pdf,pdf,73.77 Ko,https://ged.staffdecor.fr/download/5749,https://ged.staffdecor.fr/reference/p-lum6-377
pl313,Plafonniers - PL313.skp,skp,3.53 Mo,https://ged.staffdecor.fr/download/6517,https://ged.staffdecor.fr/reference/pl313
1166,Moulures - 1166.skp,skp,210.12 Ko,https://ged.staffdecor.fr/download/5670,https://ged.staffdecor.fr/reference/1166
d616a,Corniches - D616A.obj,obj,322.45 Mo,https://ged.staffdecor.fr/download/5888,https://ged.staffdecor.fr/reference/d616a
plin08m-pca,Plinthe-PLIN08M.PC et PLIN08M.PCA.pdf,pdf,33.05 Ko,https://ged.staffdecor.fr/download/4587,https://ged.staffdecor.fr/reference/plin08m-pca
e1030e,E1030E.stp,stp,11.21 Ko,https://ged.staffdecor.fr/download/1937,https://ged.staffdecor.fr/reference/e1030e
d124,Corniches-D124.pdf,pdf,48.6 Ko,https://ged.staffdecor.fr/download/4573,https://ged.staffdecor.fr/reference/d124
d570,Corniches-D570.pdf,pdf,50.79 Ko,https://ged.staffdecor.fr/download/4410,https://ged.staffdecor.fr/reference/d570
d715,D715.jpg,jpg,633.82 Ko,https://ged.staffdecor.fr/download/277,https://ged.staffdecor.fr/reference/d715
m042,Rosaces - M042.png,png,806.42 Ko,https://ged.staffdecor.fr/download/6955,https://ged.staffdecor.fr/reference/m042
d106,Corniche - D106.skp,skp,292.1 Ko,https://ged.staffdecor.fr/download/6225,https://ged.staffdecor.fr/reference/d106
d114m,Corniches-D114M.pdf,pdf,68.64 Ko,https://ged.staffdecor.fr/download/4566,https://ged.staffdecor.fr/reference/d114m
d530,Corniches-D530.pdf,pdf,49.94 Ko,https://ged.staffdecor.fr/download/4499,https://ged.staffdecor.fr/reference/d530
d108-1,Corniches-D108.pdf,pdf,50.43 Ko,https://ged.staffdecor.fr/download/4560,https://ged.staffdecor.fr/reference/d108-1
1121,1121.stp,stp,27.44 Ko,https://ged.staffdecor.fr/download/1704,https://ged.staffdecor.fr/reference/1121
9012,Rendu_9012.png,png,1.07 Mo,https://ged.staffdecor.fr/download/3656,https://ged.staffdecor.fr/reference/9012
mod23,MOD23.jpg,jpg,54.83 Ko,https://ged.staffdecor.fr/download/2014,https://ged.staffdecor.fr/reference/mod23
pl-puits1-170,PL-PUITS1.rfa,rfa,311.29 Ko,https://ged.staffdecor.fr/download/1198,https://ged.staffdecor.fr/reference/pl-puits1-170
1103h,Moulure-1103 H.pdf,pdf,64.04 Ko,https://ged.staffdecor.fr/download/4631,https://ged.staffdecor.fr/reference/1103h
bl170,BL170.max,max,819.2 Ko,https://ged.staffdecor.fr/download/3698,https://ged.staffdecor.fr/reference/bl170
plip1012-973,Plinthes - PLIP1012.png,png,348.18 Ko,https://ged.staffdecor.fr/download/6452,https://ged.staffdecor.fr/reference/plip1012-973
d104-1,D104.stp,stp,115.51 Ko,https://ged.staffdecor.fr/download/794,https://ged.staffdecor.fr/reference/d104-1
d579,Corniches-D579.pdf,pdf,49.19 Ko,https://ged.staffdecor.fr/download/4472,https://ged.staffdecor.fr/reference/d579
d654,D654_rendu.png,png,6.41 Mo,https://ged.staffdecor.fr/download/3333,https://ged.staffdecor.fr/reference/d654
orn7g-1023,Ornements - ORN7G.stl,stl,2.5 Mo,https://ged.staffdecor.fr/download/7048,https://ged.staffdecor.fr/reference/orn7g-1023
7035-labrys,7035.stp,stp,59.26 Ko,https://ged.staffdecor.fr/download/736,https://ged.staffdecor.fr/reference/7035-labrys
us1040-419,US1040.jpg,jpg,42 Ko,https://ged.staffdecor.fr/download/1834,https://ged.staffdecor.fr/reference/us1040-419
30-08,30-08.stp,stp,15.09 Ko,https://ged.staffdecor.fr/download/2580,https://ged.staffdecor.fr/reference/30-08
s-908-420,S-908.jpg,jpg,79.78 Ko,https://ged.staffdecor.fr/download/1842,https://ged.staffdecor.fr/reference/s-908-420
9043,9043.png,png,4.94 Mo,https://ged.staffdecor.fr/download/4373,https://ged.staffdecor.fr/reference/9043
e1040e,E1040E.rfa,rfa,217.08 Ko,https://ged.staffdecor.fr/download/1792,https://ged.staffdecor.fr/reference/e1040e
orn6g,Ornement - ORN.6G.skp,skp,14.87 Mo,https://ged.staffdecor.fr/download/6413,https://ged.staffdecor.fr/reference/orn6g
enc01,ENC01.rfa,rfa,1.07 Mo,https://ged.staffdecor.fr/download/1315,https://ged.staffdecor.fr/reference/enc01
plin15,PLIN15.stp,stp,41.96 Ko,https://ged.staffdecor.fr/download/1507,https://ged.staffdecor.fr/reference/plin15
d840,D840_rendu.png,png,7.4 Mo,https://ged.staffdecor.fr/download/3201,https://ged.staffdecor.fr/reference/d840
1101h,1101H.png,png,1.18 Mo,https://ged.staffdecor.fr/download/4134,https://ged.staffdecor.fr/reference/1101h
9013,Rendu_9013.png,png,2.49 Mo,https://ged.staffdecor.fr/download/3658,https://ged.staffdecor.fr/reference/9013
plin10,Plinthes - PLIN10.skp,skp,233.33 Ko,https://ged.staffdecor.fr/download/5588,https://ged.staffdecor.fr/reference/plin10
d565,Corniches - D565.stl,stl,2.08 Ko,https://ged.staffdecor.fr/download/6798,https://ged.staffdecor.fr/reference/d565
d525,Corniches - D525.obj,obj,44.71 Mo,https://ged.staffdecor.fr/download/5915,https://ged.staffdecor.fr/reference/d525
d652,Corniches - D652.obj,obj,110.73 Ko,https://ged.staffdecor.fr/download/5880,https://ged.staffdecor.fr/reference/d652
m046,M046.jpg,jpg,7.43 Mo,https://ged.staffdecor.fr/download/5334,https://ged.staffdecor.fr/reference/m046
moaplin10,MOAPLINT-MOAPLIN10-MOAPLIN10M.rfa,rfa,356.35 Ko,https://ged.staffdecor.fr/download/1535,https://ged.staffdecor.fr/reference/moaplin10
d567,Corniches - D567.stl,stl,2.88 Ko,https://ged.staffdecor.fr/download/6800,https://ged.staffdecor.fr/reference/d567
d717,D717.jpg,jpg,611.83 Ko,https://ged.staffdecor.fr/download/279,https://ged.staffdecor.fr/reference/d717
plip1012-973,Plinthes-PLIP1012.pdf,pdf,50.55 Ko,https://ged.staffdecor.fr/download/6174,https://ged.staffdecor.fr/reference/plip1012-973
1102,Moulures - 1102.stl,stl,40.68 Ko,https://ged.staffdecor.fr/download/7116,https://ged.staffdecor.fr/reference/1102
pl312,PL310-gamme.rfa,rfa,2.71 Mo,https://ged.staffdecor.fr/download/1411,https://ged.staffdecor.fr/reference/pl312
bl132,BL132.rfa,rfa,237.56 Ko,https://ged.staffdecor.fr/download/1298,https://ged.staffdecor.fr/reference/bl132
d840,Corniches - D840.stl,stl,65.48 Ko,https://ged.staffdecor.fr/download/6914,https://ged.staffdecor.fr/reference/d840
1101d,Moulures - 1101D.png,png,1.14 Mo,https://ged.staffdecor.fr/download/7120,https://ged.staffdecor.fr/reference/1101d
plin08,Plinthes - PLIN08.skp,skp,243.19 Ko,https://ged.staffdecor.fr/download/5586,https://ged.staffdecor.fr/reference/plin08
1151,Moulure-1151.pdf,pdf,52.8 Ko,https://ged.staffdecor.fr/download/4663,https://ged.staffdecor.fr/reference/1151
d622,D622.rfa,rfa,225.28 Ko,https://ged.staffdecor.fr/download/961,https://ged.staffdecor.fr/reference/d622
1155,Moulure-1155.pdf,pdf,49.46 Ko,https://ged.staffdecor.fr/download/4664,https://ged.staffdecor.fr/reference/1155
sd7042-harlem-317,SD7042-insertion-1.jpg,jpg,224.28 Ko,https://ged.staffdecor.fr/download/2433,https://ged.staffdecor.fr/reference/sd7042-harlem-317
9315c,9315C.rfa,rfa,237.56 Ko,https://ged.staffdecor.fr/download/2317,https://ged.staffdecor.fr/reference/9315c
31-54,Colonne-Ø30-socle-chapiteau.rfa,rfa,434.17 Ko,https://ged.staffdecor.fr/download/2577,https://ged.staffdecor.fr/reference/31-54
d621,Corniche - D621.skp,skp,305.02 Ko,https://ged.staffdecor.fr/download/6855,https://ged.staffdecor.fr/reference/d621
1213bh-1,Moulures - 1213BH.stl,stl,2.47 Mo,https://ged.staffdecor.fr/download/7158,https://ged.staffdecor.fr/reference/1213bh-1
7041,7041.jpg,jpg,723.93 Ko,https://ged.staffdecor.fr/download/2193,https://ged.staffdecor.fr/reference/7041
bp10,BP10.max,max,782.33 Ko,https://ged.staffdecor.fr/download/4176,https://ged.staffdecor.fr/reference/bp10
d609,Corniche - D609.skp,skp,96.27 Ko,https://ged.staffdecor.fr/download/6836,https://ged.staffdecor.fr/reference/d609
plin10,PLIN10.rfa,rfa,221.18 Ko,https://ged.staffdecor.fr/download/1500,https://ged.staffdecor.fr/reference/plin10
30-61,Demies-colonnes lisses.rfa,rfa,290.81 Ko,https://ged.staffdecor.fr/download/2598,https://ged.staffdecor.fr/reference/30-61
d632,Corniches - D632.stl,stl,17.48 Ko,https://ged.staffdecor.fr/download/6865,https://ged.staffdecor.fr/reference/d632
d612,D612.rfa,rfa,237.56 Ko,https://ged.staffdecor.fr/download/971,https://ged.staffdecor.fr/reference/d612
1103,Rendu_1103.png,png,630.19 Ko,https://ged.staffdecor.fr/download/3991,https://ged.staffdecor.fr/reference/1103
d890a,D890A.jpg,jpg,701.93 Ko,https://ged.staffdecor.fr/download/3387,https://ged.staffdecor.fr/reference/d890a
1362,Moulure-1362.pdf,pdf,49.74 Ko,https://ged.staffdecor.fr/download/4699,https://ged.staffdecor.fr/reference/1362
bl170,Profil LED -BL170 (montage).pdf,pdf,99.37 Ko,https://ged.staffdecor.fr/download/5458,https://ged.staffdecor.fr/reference/bl170
pl601-45a-371,PL601.45A.rfa,rfa,1.73 Mo,https://ged.staffdecor.fr/download/1455,https://ged.staffdecor.fr/reference/pl601-45a-371
sdpa3,SDPA3_rendu.png,png,6.56 Mo,https://ged.staffdecor.fr/download/3471,https://ged.staffdecor.fr/reference/sdpa3
u3210,U gamme standard horizontale.rfa,rfa,278.52 Ko,https://ged.staffdecor.fr/download/2375,https://ged.staffdecor.fr/reference/u3210
22109,Côtés de passages et dessous de poutres-22109.pdf,pdf,53.44 Ko,https://ged.staffdecor.fr/download/5984,https://ged.staffdecor.fr/reference/22109
d505,Corniches-D505.pdf,pdf,49.52 Ko,https://ged.staffdecor.fr/download/4494,https://ged.staffdecor.fr/reference/d505
bl180,Profils LED - BL180.stp,stp,1.23 Mo,https://ged.staffdecor.fr/download/5767,https://ged.staffdecor.fr/reference/bl180
d109,D109.obj,obj,51.57 Ko,https://ged.staffdecor.fr/download/4316,https://ged.staffdecor.fr/reference/d109
xr100,Profils - XR100.png,png,541.72 Ko,https://ged.staffdecor.fr/download/6327,https://ged.staffdecor.fr/reference/xr100
0732,niches cul-de-four (type 0710).rfa,rfa,442.36 Ko,https://ged.staffdecor.fr/download/2820,https://ged.staffdecor.fr/reference/0732
9002,9002.max,max,1.01 Mo,https://ged.staffdecor.fr/download/3650,https://ged.staffdecor.fr/reference/9002
bp20-879,Bord propre - BP20.png,png,339.43 Ko,https://ged.staffdecor.fr/download/6677,https://ged.staffdecor.fr/reference/bp20-879
7002,Balustres - 7002.png,png,910.9 Ko,https://ged.staffdecor.fr/download/6321,https://ged.staffdecor.fr/reference/7002
moe45,MOE45.stp,stp,24.16 Ko,https://ged.staffdecor.fr/download/2020,https://ged.staffdecor.fr/reference/moe45
30-09,Colonnes lisses.rfa,rfa,290.81 Ko,https://ged.staffdecor.fr/download/2583,https://ged.staffdecor.fr/reference/30-09
d513,D513_rendu3D.png,png,7.46 Mo,https://ged.staffdecor.fr/download/3191,https://ged.staffdecor.fr/reference/d513
cl12,Parements - CL12.png,png,3.5 Mo,https://ged.staffdecor.fr/download/5504,https://ged.staffdecor.fr/reference/cl12
45-04,45-04.jpg,jpg,98.1 Ko,https://ged.staffdecor.fr/download/2521,https://ged.staffdecor.fr/reference/45-04
plin11-pc-664,Plinthes - PLIN11.PC.skp,skp,240.14 Ko,https://ged.staffdecor.fr/download/5591,https://ged.staffdecor.fr/reference/plin11-pc-664
orn3d-823,Ornements - ORN3D.stl,stl,2.49 Mo,https://ged.staffdecor.fr/download/7038,https://ged.staffdecor.fr/reference/orn3d-823
res-11,Ornements - RES.11.pdf,pdf,52.05 Ko,https://ged.staffdecor.fr/download/6650,https://ged.staffdecor.fr/reference/res-11
30-03-43,31-02.jpg,jpg,177.2 Ko,https://ged.staffdecor.fr/download/2483,https://ged.staffdecor.fr/reference/30-03-43
1213-10,Panneaux Tuileries - 1213.png,png,3.82 Mo,https://ged.staffdecor.fr/download/6563,https://ged.staffdecor.fr/reference/1213-10
1125,1125.jpg,jpg,635.85 Ko,https://ged.staffdecor.fr/download/32,https://ged.staffdecor.fr/reference/1125
3901,Frontons - 3901.png,png,811.91 Ko,https://ged.staffdecor.fr/download/6473,https://ged.staffdecor.fr/reference/3901
m306,Rosace - M306.skp,skp,9.8 Mo,https://ged.staffdecor.fr/download/6053,https://ged.staffdecor.fr/reference/m306
plin11-sp,Plinthe-PLIN11.SP et PLIN11.SPA.pdf,pdf,33.23 Ko,https://ged.staffdecor.fr/download/4595,https://ged.staffdecor.fr/reference/plin11-sp
modc,MODC.jpg,jpg,42.86 Ko,https://ged.staffdecor.fr/download/2029,https://ged.staffdecor.fr/reference/modc
u3210,U3210.stp,stp,16.48 Ko,https://ged.staffdecor.fr/download/2374,https://ged.staffdecor.fr/reference/u3210
d545,D545.stp,stp,38.64 Ko,https://ged.staffdecor.fr/download/1092,https://ged.staffdecor.fr/reference/d545
d650a,D650A.jpg,jpg,15.76 Mo,https://ged.staffdecor.fr/download/5272,https://ged.staffdecor.fr/reference/d650a
plin08m,PLIN08M.rfa,rfa,217.08 Ko,https://ged.staffdecor.fr/download/1483,https://ged.staffdecor.fr/reference/plin08m
d567,D567_rendu.png,png,8.06 Mo,https://ged.staffdecor.fr/download/3290,https://ged.staffdecor.fr/reference/d567
sd7503-everglades-193,SD7503-Everglades-3D.stp,stp,1.39 Mo,https://ged.staffdecor.fr/download/1592,https://ged.staffdecor.fr/reference/sd7503-everglades-193
pl-puits2-171,Puits de lumière - PL.PUITS2.png,png,397.93 Ko,https://ged.staffdecor.fr/download/6602,https://ged.staffdecor.fr/reference/pl-puits2-171
p-neige-335,Plaques acoustiques-P.NEIGE.pdf,pdf,172.13 Ko,https://ged.staffdecor.fr/download/5865,https://ged.staffdecor.fr/reference/p-neige-335
d882,Corniches-D882.pdf,pdf,57.82 Ko,https://ged.staffdecor.fr/download/4534,https://ged.staffdecor.fr/reference/d882
d748,D748.jpg,jpg,587.99 Ko,https://ged.staffdecor.fr/download/167,https://ged.staffdecor.fr/reference/d748
plint10-pca,PLINT10.PCA.max,max,806.91 Ko,https://ged.staffdecor.fr/download/3785,https://ged.staffdecor.fr/reference/plint10-pca
1103,1103.stp,stp,27.13 Ko,https://ged.staffdecor.fr/download/1692,https://ged.staffdecor.fr/reference/1103
res-4-860,Ornements résine - RES.4.pdf,pdf,151.21 Ko,https://ged.staffdecor.fr/download/6205,https://ged.staffdecor.fr/reference/res-4-860
d570-1,Corniche - D570.skp,skp,11.1 Mo,https://ged.staffdecor.fr/download/6026,https://ged.staffdecor.fr/reference/d570-1
d899,Corniche - D899.skp,skp,10.41 Mo,https://ged.staffdecor.fr/download/6346,https://ged.staffdecor.fr/reference/d899
plin10,Plinthe-PLIN10 et PLIN10A.pdf,pdf,32.48 Ko,https://ged.staffdecor.fr/download/4588,https://ged.staffdecor.fr/reference/plin10
d846-1,Corniches - D846.stl,stl,43.43 Mo,https://ged.staffdecor.fr/download/6921,https://ged.staffdecor.fr/reference/d846-1
m253,Rosaces - M253.max,max,10.44 Mo,https://ged.staffdecor.fr/download/4866,https://ged.staffdecor.fr/reference/m253
d802,D802.jpg,jpg,608.12 Ko,https://ged.staffdecor.fr/download/181,https://ged.staffdecor.fr/reference/d802
d903-1,Corniche - D903.skp,skp,11.26 Mo,https://ged.staffdecor.fr/download/6037,https://ged.staffdecor.fr/reference/d903-1
d718,Corniches-D718.pdf,pdf,48.95 Ko,https://ged.staffdecor.fr/download/4481,https://ged.staffdecor.fr/reference/d718
bp30p,Profil de finition - BP30P (montage).pdf,pdf,65.39 Ko,https://ged.staffdecor.fr/download/5808,https://ged.staffdecor.fr/reference/bp30p
bp-pf2-214,BP.PF2.stp,stp,25.11 Ko,https://ged.staffdecor.fr/download/1307,https://ged.staffdecor.fr/reference/bp-pf2-214
6105,6105.rfa,rfa,290.81 Ko,https://ged.staffdecor.fr/download/2294,https://ged.staffdecor.fr/reference/6105
orn23,Ornements - ORN23.png,png,1.46 Mo,https://ged.staffdecor.fr/download/6373,https://ged.staffdecor.fr/reference/orn23
d606,D606.jpg,jpg,70.15 Ko,https://ged.staffdecor.fr/download/238,https://ged.staffdecor.fr/reference/d606
1325,1325.max,max,138.96 Mo,https://ged.staffdecor.fr/download/3946,https://ged.staffdecor.fr/reference/1325
d510-1,D510_rendu3D.png,png,22.46 Mo,https://ged.staffdecor.fr/download/3544,https://ged.staffdecor.fr/reference/d510-1
radia1,cache radiateur - RADIA double sans cimaise.step,step,756.23 Ko,https://ged.staffdecor.fr/download/5762,https://ged.staffdecor.fr/reference/radia1
d618,D618.obj,obj,51.26 Ko,https://ged.staffdecor.fr/download/4352,https://ged.staffdecor.fr/reference/d618
m501-635,M501.png,png,8.39 Mo,https://ged.staffdecor.fr/download/4111,https://ged.staffdecor.fr/reference/m501-635
0734,niches (type 0714).rfa,rfa,331.77 Ko,https://ged.staffdecor.fr/download/2803,https://ged.staffdecor.fr/reference/0734
1141c,1141C.jpg,jpg,49.34 Ko,https://ged.staffdecor.fr/download/2323,https://ged.staffdecor.fr/reference/1141c
pl312,Plafonniers - PL312.png,png,513.67 Ko,https://ged.staffdecor.fr/download/6529,https://ged.staffdecor.fr/reference/pl312
9003,Soubassements - 9003.pdf,pdf,51.07 Ko,https://ged.staffdecor.fr/download/5522,https://ged.staffdecor.fr/reference/9003
plin08m,PLIN08M.jpg,jpg,75.79 Ko,https://ged.staffdecor.fr/download/1481,https://ged.staffdecor.fr/reference/plin08m
emb95-ebl0430-367,EMB95-EBL0430.jpg,jpg,49.6 Ko,https://ged.staffdecor.fr/download/1284,https://ged.staffdecor.fr/reference/emb95-ebl0430-367
emb2-1,EMB2.jpg,jpg,40.05 Ko,https://ged.staffdecor.fr/download/1803,https://ged.staffdecor.fr/reference/emb2-1
30-10,Colonnes lisses.rfa,rfa,290.81 Ko,https://ged.staffdecor.fr/download/2585,https://ged.staffdecor.fr/reference/30-10
d883,D883.obj,obj,115.26 Mo,https://ged.staffdecor.fr/download/4260,https://ged.staffdecor.fr/reference/d883
pl613,Pl613_fondblanc.jpg,jpg,66.94 Ko,https://ged.staffdecor.fr/download/3758,https://ged.staffdecor.fr/reference/pl613
d896,Corniches - D896.stl,stl,33.88 Ko,https://ged.staffdecor.fr/download/6942,https://ged.staffdecor.fr/reference/d896
plip1024,Plinthes - PLIP1024.skp,skp,688.8 Ko,https://ged.staffdecor.fr/download/6458,https://ged.staffdecor.fr/reference/plip1024
d580-2,Corniches - D580 .skp,skp,230.72 Ko,https://ged.staffdecor.fr/download/6817,https://ged.staffdecor.fr/reference/d580-2
tal20,TAL20.pdf,pdf,43.38 Ko,https://ged.staffdecor.fr/download/4081,https://ged.staffdecor.fr/reference/tal20
0726,Niches - 0726.stl,stl,79.88 Ko,https://ged.staffdecor.fr/download/7061,https://ged.staffdecor.fr/reference/0726
d601,D601.jpg,jpg,68.16 Ko,https://ged.staffdecor.fr/download/232,https://ged.staffdecor.fr/reference/d601
d579,D579.stp,stp,37.71 Ko,https://ged.staffdecor.fr/download/1020,https://ged.staffdecor.fr/reference/d579
m299,Rosaces - M299.max,max,550.22 Mo,https://ged.staffdecor.fr/download/4868,https://ged.staffdecor.fr/reference/m299
0714,0714.jpg,jpg,71.34 Ko,https://ged.staffdecor.fr/download/2813,https://ged.staffdecor.fr/reference/0714
1343,Moulure-1343.pdf,pdf,49.55 Ko,https://ged.staffdecor.fr/download/4694,https://ged.staffdecor.fr/reference/1343
p-neige-335,Plaques acoustiques - P-NEIGE.stp,stp,14.88 Mo,https://ged.staffdecor.fr/download/5859,https://ged.staffdecor.fr/reference/p-neige-335
1102,1102.max,max,823.29 Ko,https://ged.staffdecor.fr/download/3994,https://ged.staffdecor.fr/reference/1102
d561,D561_rendu.png,png,8.55 Mo,https://ged.staffdecor.fr/download/3240,https://ged.staffdecor.fr/reference/d561
d107-1,Corniche - D107.skp,skp,294.03 Ko,https://ged.staffdecor.fr/download/6226,https://ged.staffdecor.fr/reference/d107-1
1140c,1140C.rfa,rfa,225.28 Ko,https://ged.staffdecor.fr/download/2322,https://ged.staffdecor.fr/reference/1140c
1204bh,1204BH.max,max,2.12 Mo,https://ged.staffdecor.fr/download/4125,https://ged.staffdecor.fr/reference/1204bh
d109,Corniche - D109 .skp,skp,258.09 Ko,https://ged.staffdecor.fr/download/5561,https://ged.staffdecor.fr/reference/d109
r-trelec,R.TRELEC.stp,stp,11.1 Mo,https://ged.staffdecor.fr/download/2331,https://ged.staffdecor.fr/reference/r-trelec
d711,Corniches - D711.stl,stl,55.54 Mo,https://ged.staffdecor.fr/download/6889,https://ged.staffdecor.fr/reference/d711
m253,Rosaces - M253.stl,stl,3.13 Mo,https://ged.staffdecor.fr/download/7002,https://ged.staffdecor.fr/reference/m253
moac,MOAC.rfa,rfa,352.25 Ko,https://ged.staffdecor.fr/download/1548,https://ged.staffdecor.fr/reference/moac
d633,Corniches - D633.max,max,790.52 Ko,https://ged.staffdecor.fr/download/4792,https://ged.staffdecor.fr/reference/d633
2800l,2800L.rfa,rfa,311.29 Ko,https://ged.staffdecor.fr/download/2258,https://ged.staffdecor.fr/reference/2800l
pl100,PL100.stp,stp,5.16 Mo,https://ged.staffdecor.fr/download/1235,https://ged.staffdecor.fr/reference/pl100
1380,Rendu_1380.png,png,909.96 Ko,https://ged.staffdecor.fr/download/4019,https://ged.staffdecor.fr/reference/1380
d707,Corniches - D707.stl,stl,26.08 Ko,https://ged.staffdecor.fr/download/6888,https://ged.staffdecor.fr/reference/d707
d550,Corniches - D550.stl,stl,3.41 Mo,https://ged.staffdecor.fr/download/6789,https://ged.staffdecor.fr/reference/d550
enc25,ENC25.jpg,jpg,76.87 Ko,https://ged.staffdecor.fr/download/2217,https://ged.staffdecor.fr/reference/enc25
enc01,PL.ENC01.stp,stp,22.59 Mo,https://ged.staffdecor.fr/download/1316,https://ged.staffdecor.fr/reference/enc01
1200,Rendu_1200.png,png,493.53 Ko,https://ged.staffdecor.fr/download/3967,https://ged.staffdecor.fr/reference/1200
1325,1325_moulure_en_staff.png,png,752.61 Ko,https://ged.staffdecor.fr/download/5432,https://ged.staffdecor.fr/reference/1325
orn19-987,Ornements - ORN.19.pdf,pdf,185.72 Ko,https://ged.staffdecor.fr/download/6211,https://ged.staffdecor.fr/reference/orn19-987
d106,D106.stp,stp,35.29 Ko,https://ged.staffdecor.fr/download/850,https://ged.staffdecor.fr/reference/d106
1366,Moulures - 1366.skp,skp,213.71 Ko,https://ged.staffdecor.fr/download/5602,https://ged.staffdecor.fr/reference/1366
d617,D617-solide.rfa,rfa,520.19 Ko,https://ged.staffdecor.fr/download/1051,https://ged.staffdecor.fr/reference/d617
d113,D113.stp,stp,123.57 Ko,https://ged.staffdecor.fr/download/810,https://ged.staffdecor.fr/reference/d113
1400,Rosace - 1400.jpg,jpg,625.64 Ko,https://ged.staffdecor.fr/download/5542,https://ged.staffdecor.fr/reference/1400
plinar10-sp,Plinthe-PLINAR10.SP et PLINAR10.SPA.pdf,pdf,33.02 Ko,https://ged.staffdecor.fr/download/4608,https://ged.staffdecor.fr/reference/plinar10-sp
sdc1-1,SDC1-High-Line.jpg,jpg,43.14 Ko,https://ged.staffdecor.fr/download/3894,https://ged.staffdecor.fr/reference/sdc1-1
plinar10-sp,Rendu_PLINAR10.SP.png,png,985.68 Ko,https://ged.staffdecor.fr/download/3806,https://ged.staffdecor.fr/reference/plinar10-sp
1380,Moulures - 1380.stl,stl,9.88 Ko,https://ged.staffdecor.fr/download/7160,https://ged.staffdecor.fr/reference/1380
d615,Corniches-D615.pdf,pdf,49.72 Ko,https://ged.staffdecor.fr/download/4507,https://ged.staffdecor.fr/reference/d615
orn1g,Ornement - ORN.1G.skp,skp,21.05 Mo,https://ged.staffdecor.fr/download/6408,https://ged.staffdecor.fr/reference/orn1g
pl601,PL601.rfa,rfa,3.17 Mo,https://ged.staffdecor.fr/download/1439,https://ged.staffdecor.fr/reference/pl601
ebp1030,EBP1030.rfa,rfa,217.08 Ko,https://ged.staffdecor.fr/download/2048,https://ged.staffdecor.fr/reference/ebp1030
d656,Corniches - D656.stl,stl,49.28 Ko,https://ged.staffdecor.fr/download/6880,https://ged.staffdecor.fr/reference/d656
9216,Soubassement - 9216.skp,skp,296.9 Ko,https://ged.staffdecor.fr/download/6079,https://ged.staffdecor.fr/reference/9216
1104b-706,1104B.max,max,10.48 Mo,https://ged.staffdecor.fr/download/4133,https://ged.staffdecor.fr/reference/1104b-706
d515,D515-solide.rfa,rfa,442.36 Ko,https://ged.staffdecor.fr/download/902,https://ged.staffdecor.fr/reference/d515
gamme-variance,Gamme Variance.png,png,9.31 Mo,https://ged.staffdecor.fr/download/6723,https://ged.staffdecor.fr/reference/gamme-variance
d624,Corniches-D624.pdf,pdf,50.04 Ko,https://ged.staffdecor.fr/download/4427,https://ged.staffdecor.fr/reference/d624
b557g,B557G.jpg,jpg,629.41 Ko,https://ged.staffdecor.fr/download/609,https://ged.staffdecor.fr/reference/b557g
d818,Corniches - D818.stl,stl,3.75 Mo,https://ged.staffdecor.fr/download/6910,https://ged.staffdecor.fr/reference/d818
1165,1165.max,max,1.39 Mo,https://ged.staffdecor.fr/download/3966,https://ged.staffdecor.fr/reference/1165
d843,Corniches-D843.pdf,pdf,50.18 Ko,https://ged.staffdecor.fr/download/4527,https://ged.staffdecor.fr/reference/d843
d820,Corniches-D820.pdf,pdf,50.45 Ko,https://ged.staffdecor.fr/download/4450,https://ged.staffdecor.fr/reference/d820
ebp0430-1,Equerre - EBP0430.skp,skp,295 Ko,https://ged.staffdecor.fr/download/6267,https://ged.staffdecor.fr/reference/ebp0430-1
orn3g-824,Ornements - ORN3G.png,png,645.32 Ko,https://ged.staffdecor.fr/download/6427,https://ged.staffdecor.fr/reference/orn3g-824
d631,D631.rfa,rfa,221.18 Ko,https://ged.staffdecor.fr/download/998,https://ged.staffdecor.fr/reference/d631
d882b,D882B.png,png,1.72 Mo,https://ged.staffdecor.fr/download/4263,https://ged.staffdecor.fr/reference/d882b
pl304,Plafonniers - PL304.png,png,80.8 Ko,https://ged.staffdecor.fr/download/6528,https://ged.staffdecor.fr/reference/pl304
m041,Rosaces - M041.png,png,1.33 Mo,https://ged.staffdecor.fr/download/6954,https://ged.staffdecor.fr/reference/m041
plint,PLINT.max,max,761.85 Ko,https://ged.staffdecor.fr/download/3853,https://ged.staffdecor.fr/reference/plint
plin11-spa,PLIN11.SPA.max,max,933.88 Ko,https://ged.staffdecor.fr/download/3827,https://ged.staffdecor.fr/reference/plin11-spa
d896,D896.jpg,jpg,640.27 Ko,https://ged.staffdecor.fr/download/308,https://ged.staffdecor.fr/reference/d896
1107,Moulures - 1107.skp,skp,244.61 Ko,https://ged.staffdecor.fr/download/5652,https://ged.staffdecor.fr/reference/1107
45-53,45-53.jpg,jpg,110.15 Ko,https://ged.staffdecor.fr/download/2510,https://ged.staffdecor.fr/reference/45-53
cl13a-et-b-583,Parements - CL13A et CL13B - montage.pdf,pdf,75.39 Ko,https://ged.staffdecor.fr/download/5673,https://ged.staffdecor.fr/reference/cl13a-et-b-583
1101c,Cimaises - 1101C.skp,skp,297.97 Ko,https://ged.staffdecor.fr/download/5614,https://ged.staffdecor.fr/reference/1101c
u2410-497,U gamme standard horizontale.rfa,rfa,278.52 Ko,https://ged.staffdecor.fr/download/2379,https://ged.staffdecor.fr/reference/u2410-497
30-55,30-55.jpg,jpg,52.96 Ko,https://ged.staffdecor.fr/download/2609,https://ged.staffdecor.fr/reference/30-55
d630,D630.skp,skp,366.08 Ko,https://ged.staffdecor.fr/download/3730,https://ged.staffdecor.fr/reference/d630
d123,D123-rendu.png,png,4.15 Mo,https://ged.staffdecor.fr/download/3177,https://ged.staffdecor.fr/reference/d123
1345,1345.max,max,958.46 Ko,https://ged.staffdecor.fr/download/4014,https://ged.staffdecor.fr/reference/1345
30-08,Colonnes lisses.rfa,rfa,290.81 Ko,https://ged.staffdecor.fr/download/2581,https://ged.staffdecor.fr/reference/30-08
profils-led-925,Profils LED.png,png,11.4 Mo,https://ged.staffdecor.fr/download/6716,https://ged.staffdecor.fr/reference/profils-led-925
tal41,TAL41.pdf,pdf,86.52 Ko,https://ged.staffdecor.fr/download/4195,https://ged.staffdecor.fr/reference/tal41
d580-2,D580.stp,stp,30.98 Ko,https://ged.staffdecor.fr/download/6815,https://ged.staffdecor.fr/reference/d580-2
r-staff40-348,R-STAFF40.stp,stp,597.04 Ko,https://ged.staffdecor.fr/download/1568,https://ged.staffdecor.fr/reference/r-staff40-348
1410-1,Ornements - 1410.png,png,1.28 Mo,https://ged.staffdecor.fr/download/6279,https://ged.staffdecor.fr/reference/1410-1
m053,Rosaces - M053.png,png,3.01 Mo,https://ged.staffdecor.fr/download/6960,https://ged.staffdecor.fr/reference/m053
a-plas7,Encastrés-A.PLAS7.max,max,2.56 Mo,https://ged.staffdecor.fr/download/6017,https://ged.staffdecor.fr/reference/a-plas7
tal12res-690,Talons - TAL12RES.png,png,203.79 Ko,https://ged.staffdecor.fr/download/6451,https://ged.staffdecor.fr/reference/tal12res-690
d881b,D881B.png,png,3.29 Mo,https://ged.staffdecor.fr/download/4274,https://ged.staffdecor.fr/reference/d881b
9204,9204.stp,stp,321.99 Ko,https://ged.staffdecor.fr/download/761,https://ged.staffdecor.fr/reference/9204
m502,Rosaces - M502.png,png,1.26 Mo,https://ged.staffdecor.fr/download/6969,https://ged.staffdecor.fr/reference/m502
d889,Corniches-D889.pdf,pdf,56.35 Ko,https://ged.staffdecor.fr/download/4540,https://ged.staffdecor.fr/reference/d889
30-08,30-08.jpg,jpg,63.04 Ko,https://ged.staffdecor.fr/download/2603,https://ged.staffdecor.fr/reference/30-08
d565,Corniches-D565.pdf,pdf,49.07 Ko,https://ged.staffdecor.fr/download/4463,https://ged.staffdecor.fr/reference/d565
7074,7074 Virgule.rfa,rfa,262.14 Ko,https://ged.staffdecor.fr/download/711,https://ged.staffdecor.fr/reference/7074
1204bh,Moulure - 1204BH.skp,skp,3.57 Mo,https://ged.staffdecor.fr/download/6096,https://ged.staffdecor.fr/reference/1204bh
d628,D628.jpg,jpg,623.54 Ko,https://ged.staffdecor.fr/download/257,https://ged.staffdecor.fr/reference/d628
d118-1,D118.jpg,jpg,65.15 Ko,https://ged.staffdecor.fr/download/2412,https://ged.staffdecor.fr/reference/d118-1
d713-131,Corniches-D713.pdf,pdf,49.85 Ko,https://ged.staffdecor.fr/download/4446,https://ged.staffdecor.fr/reference/d713-131
1121,1121.max,max,811 Ko,https://ged.staffdecor.fr/download/3986,https://ged.staffdecor.fr/reference/1121
cl1213c,Parements - CL1213C.stl,stl,13.02 Mo,https://ged.staffdecor.fr/download/7090,https://ged.staffdecor.fr/reference/cl1213c
d652,Corniches-D652.pdf,pdf,49.98 Ko,https://ged.staffdecor.fr/download/4435,https://ged.staffdecor.fr/reference/d652
cl1213a,Parements - CL1213A_Face.png,png,7.7 Mo,https://ged.staffdecor.fr/download/5705,https://ged.staffdecor.fr/reference/cl1213a
orn36,Ornements - ORN36.png,png,1.02 Mo,https://ged.staffdecor.fr/download/6378,https://ged.staffdecor.fr/reference/orn36
m505p,Rosaces - M505P.pdf,pdf,400.4 Ko,https://ged.staffdecor.fr/download/6625,https://ged.staffdecor.fr/reference/m505p
orn6d-1022,Ornements - ORN6D.stl,stl,2.46 Mo,https://ged.staffdecor.fr/download/7036,https://ged.staffdecor.fr/reference/orn6d-1022
d578,D578.stp,stp,34.73 Ko,https://ged.staffdecor.fr/download/1001,https://ged.staffdecor.fr/reference/d578
bl131,Profils LED - BL131.skp,skp,63.19 Mo,https://ged.staffdecor.fr/download/7107,https://ged.staffdecor.fr/reference/bl131
d830,Corniches - D830.stl,stl,11.28 Ko,https://ged.staffdecor.fr/download/6912,https://ged.staffdecor.fr/reference/d830
d881,Corniches - D881.max,max,1.03 Mo,https://ged.staffdecor.fr/download/6140,https://ged.staffdecor.fr/reference/d881
pl319-578,PL319.step,step,3.11 Mo,https://ged.staffdecor.fr/download/3046,https://ged.staffdecor.fr/reference/pl319-578
d608,D608.jpg,jpg,663.79 Ko,https://ged.staffdecor.fr/download/176,https://ged.staffdecor.fr/reference/d608
20-56b-1,20-56B.jpg,jpg,592.51 Ko,https://ged.staffdecor.fr/download/96,https://ged.staffdecor.fr/reference/20-56b-1
1321,Moulures - 1321.skp,skp,7.77 Mo,https://ged.staffdecor.fr/download/5660,https://ged.staffdecor.fr/reference/1321
d114m,Corniche - D114M.skp,skp,689.73 Ko,https://ged.staffdecor.fr/download/6229,https://ged.staffdecor.fr/reference/d114m
d108-1,Corniches - D108.obj,obj,3.74 Ko,https://ged.staffdecor.fr/download/5918,https://ged.staffdecor.fr/reference/d108-1
1106,Moulures - 1106.pdf,pdf,57.82 Ko,https://ged.staffdecor.fr/download/4742,https://ged.staffdecor.fr/reference/1106
orn27,Ornements - ORN27.png,png,1.23 Mo,https://ged.staffdecor.fr/download/6289,https://ged.staffdecor.fr/reference/orn27
pl311,PL311.jpg,jpg,631.23 Ko,https://ged.staffdecor.fr/download/515,https://ged.staffdecor.fr/reference/pl311
d613,Corniches - D613.stl,stl,1.34 Mo,https://ged.staffdecor.fr/download/6842,https://ged.staffdecor.fr/reference/d613
30-57,30-57.stp,stp,12.86 Ko,https://ged.staffdecor.fr/download/2612,https://ged.staffdecor.fr/reference/30-57
jc542-15p-222,JC5-4-2-15P.rfa,rfa,237.56 Ko,https://ged.staffdecor.fr/download/1319,https://ged.staffdecor.fr/reference/jc542-15p-222
7040,Parements - 7040.png,png,4.36 Mo,https://ged.staffdecor.fr/download/5439,https://ged.staffdecor.fr/reference/7040
ebp0430-1,Equerres - EBP0430.png,png,119.93 Ko,https://ged.staffdecor.fr/download/6266,https://ged.staffdecor.fr/reference/ebp0430-1
9032,Soubassements - 9032.pdf,pdf,56.81 Ko,https://ged.staffdecor.fr/download/5757,https://ged.staffdecor.fr/reference/9032
m208,M208.jpg,jpg,3.82 Mo,https://ged.staffdecor.fr/download/5381,https://ged.staffdecor.fr/reference/m208
1101-1108,Moulures - 1108.skp,skp,369.99 Ko,https://ged.staffdecor.fr/download/5651,https://ged.staffdecor.fr/reference/1101-1108
d105a-b,D105A.obj,obj,3.69 Ko,https://ged.staffdecor.fr/download/4326,https://ged.staffdecor.fr/reference/d105a-b
cl1213d-1,Parements - CL1213D.skp,skp,62.78 Mo,https://ged.staffdecor.fr/download/6598,https://ged.staffdecor.fr/reference/cl1213d-1
d810,D810.pdf,pdf,50.09 Ko,https://ged.staffdecor.fr/download/3440,https://ged.staffdecor.fr/reference/d810
pl-etoile-345,PL.ETOILE.stp,stp,235.64 Ko,https://ged.staffdecor.fr/download/1326,https://ged.staffdecor.fr/reference/pl-etoile-345
9012-636,9001.max,max,1.01 Mo,https://ged.staffdecor.fr/download/3647,https://ged.staffdecor.fr/reference/9012-636
d717,Corniches-D717.pdf,pdf,49.4 Ko,https://ged.staffdecor.fr/download/4447,https://ged.staffdecor.fr/reference/d717
sdc2-1,SDC2-High-Line.stp,stp,48.55 Ko,https://ged.staffdecor.fr/download/3902,https://ged.staffdecor.fr/reference/sdc2-1
d117,Corniche - D117.skp,skp,743.72 Ko,https://ged.staffdecor.fr/download/6230,https://ged.staffdecor.fr/reference/d117
d905b,Corniche - D905B.skp,skp,394.87 Ko,https://ged.staffdecor.fr/download/6250,https://ged.staffdecor.fr/reference/d905b
d812,Corniches - D812.stl,stl,28.35 Mo,https://ged.staffdecor.fr/download/6905,https://ged.staffdecor.fr/reference/d812
30-04,30-04.stp,stp,11.56 Ko,https://ged.staffdecor.fr/download/2568,https://ged.staffdecor.fr/reference/30-04
9044,Soubassements - 9044.max,max,1.16 Mo,https://ged.staffdecor.fr/download/5453,https://ged.staffdecor.fr/reference/9044
jc22-20-424,JC22-20.stp,stp,14.59 Ko,https://ged.staffdecor.fr/download/1881,https://ged.staffdecor.fr/reference/jc22-20-424
1204,Moulures - 1204.stl,stl,2.86 Mo,https://ged.staffdecor.fr/download/7148,https://ged.staffdecor.fr/reference/1204
30-05,30-05.stp,stp,16.59 Ko,https://ged.staffdecor.fr/download/2569,https://ged.staffdecor.fr/reference/30-05
d580-2,D580.dxf,dxf,555.8 Ko,https://ged.staffdecor.fr/download/6818,https://ged.staffdecor.fr/reference/d580-2
30-53-1,Demies-colonnes lisses.rfa,rfa,290.81 Ko,https://ged.staffdecor.fr/download/2563,https://ged.staffdecor.fr/reference/30-53-1
plint10-spa,Rendu_PLINT10.SPA.png,png,3.28 Mo,https://ged.staffdecor.fr/download/3802,https://ged.staffdecor.fr/reference/plint10-spa
1301,Moulure - 1301.skp,skp,9.68 Mo,https://ged.staffdecor.fr/download/6100,https://ged.staffdecor.fr/reference/1301
d114,Corniche - D114.skp,skp,320.8 Ko,https://ged.staffdecor.fr/download/5563,https://ged.staffdecor.fr/reference/d114
d107-1,D107.jpg,jpg,619.11 Ko,https://ged.staffdecor.fr/download/141,https://ged.staffdecor.fr/reference/d107-1
2624,2624.stp,stp,1.17 Mo,https://ged.staffdecor.fr/download/2768,https://ged.staffdecor.fr/reference/2624
d566,D566_rendu.png,png,7.54 Mo,https://ged.staffdecor.fr/download/3194,https://ged.staffdecor.fr/reference/d566
plincl12-pc,Plinthes - PLINCL12.PC.skp,skp,232.92 Ko,https://ged.staffdecor.fr/download/5595,https://ged.staffdecor.fr/reference/plincl12-pc
9212,Lambris_décaisses_paramétrable.rfa,rfa,409.6 Ko,https://ged.staffdecor.fr/download/866,https://ged.staffdecor.fr/reference/9212
1348,1348_moulure_ornementée_mur.png,png,523.05 Ko,https://ged.staffdecor.fr/download/5430,https://ged.staffdecor.fr/reference/1348
d535,Corniches-D535.pdf,pdf,49.68 Ko,https://ged.staffdecor.fr/download/4500,https://ged.staffdecor.fr/reference/d535
d631,D631.jpg,jpg,117.29 Ko,https://ged.staffdecor.fr/download/642,https://ged.staffdecor.fr/reference/d631
d720,D720.stp,stp,13.28 Ko,https://ged.staffdecor.fr/download/1151,https://ged.staffdecor.fr/reference/d720
9225,Soubassement - 9225.skp,skp,303.96 Ko,https://ged.staffdecor.fr/download/6083,https://ged.staffdecor.fr/reference/9225
pl-dom1,Puits de lumière - PL.BAS1 et PL.DOM1.pdf,pdf,77.03 Ko,https://ged.staffdecor.fr/download/5787,https://ged.staffdecor.fr/reference/pl-dom1
1102,1102.stp,stp,41.19 Ko,https://ged.staffdecor.fr/download/1691,https://ged.staffdecor.fr/reference/1102
cl1213b-1,Parements - CL1213B.skp,skp,53.57 Mo,https://ged.staffdecor.fr/download/6597,https://ged.staffdecor.fr/reference/cl1213b-1
d560,Corniche - D560.skp,skp,257.98 Ko,https://ged.staffdecor.fr/download/5572,https://ged.staffdecor.fr/reference/d560
plip1219,Plinthes-PLIP1219.pdf,pdf,50.83 Ko,https://ged.staffdecor.fr/download/6180,https://ged.staffdecor.fr/reference/plip1219
9223,9223.max,max,1 Mo,https://ged.staffdecor.fr/download/3677,https://ged.staffdecor.fr/reference/9223
d703,D703.rfa,rfa,225.28 Ko,https://ged.staffdecor.fr/download/985,https://ged.staffdecor.fr/reference/d703
d576,Corniches - D576.obj,obj,2.71 Ko,https://ged.staffdecor.fr/download/5899,https://ged.staffdecor.fr/reference/d576
rosaces,Rosaces.png,png,8.65 Mo,https://ged.staffdecor.fr/download/6720,https://ged.staffdecor.fr/reference/rosaces
1310,Rendu_1310.png,png,500.7 Ko,https://ged.staffdecor.fr/download/3943,https://ged.staffdecor.fr/reference/1310
bl140,Profils LED - BL140.png,png,429 Ko,https://ged.staffdecor.fr/download/6547,https://ged.staffdecor.fr/reference/bl140
pl-puits1-170,PL.PUITS1.stp,stp,582.44 Ko,https://ged.staffdecor.fr/download/1197,https://ged.staffdecor.fr/reference/pl-puits1-170
d611,D611.stp,stp,228.65 Ko,https://ged.staffdecor.fr/download/916,https://ged.staffdecor.fr/reference/d611
d125,Corniches - D125.skp,skp,224.82 Ko,https://ged.staffdecor.fr/download/5616,https://ged.staffdecor.fr/reference/d125
d835,Corniches - D835.stl,stl,3.48 Mo,https://ged.staffdecor.fr/download/6913,https://ged.staffdecor.fr/reference/d835
9203,9203.stp,stp,320.72 Ko,https://ged.staffdecor.fr/download/759,https://ged.staffdecor.fr/reference/9203
d657,D657.rfa,rfa,229.37 Ko,https://ged.staffdecor.fr/download/936,https://ged.staffdecor.fr/reference/d657
m306,Rosaces-M306.pdf,pdf,75.3 Ko,https://ged.staffdecor.fr/download/4899,https://ged.staffdecor.fr/reference/m306
1207,1207.rfa,rfa,237.56 Ko,https://ged.staffdecor.fr/download/1721,https://ged.staffdecor.fr/reference/1207
cl1213d-1,Parements - CL1213D_V0001.max,max,950.27 Ko,https://ged.staffdecor.fr/download/6591,https://ged.staffdecor.fr/reference/cl1213d-1
d121,Corniches - D121.max,max,778.24 Ko,https://ged.staffdecor.fr/download/4834,https://ged.staffdecor.fr/reference/d121
1101h,1101H.max,max,272.68 Mo,https://ged.staffdecor.fr/download/4083,https://ged.staffdecor.fr/reference/1101h
d604,Corniches-D604.pdf,pdf,49.99 Ko,https://ged.staffdecor.fr/download/4413,https://ged.staffdecor.fr/reference/d604
1409-1,Ornements - 1409.max,max,9 Mo,https://ged.staffdecor.fr/download/5255,https://ged.staffdecor.fr/reference/1409-1
jc22-10-422,JC22-10.stp,stp,13.76 Ko,https://ged.staffdecor.fr/download/1879,https://ged.staffdecor.fr/reference/jc22-10-422
2630,2630.stp,stp,1.34 Mo,https://ged.staffdecor.fr/download/2770,https://ged.staffdecor.fr/reference/2630
orn3g-824,Ornement - ORN.3G.skp,skp,9.1 Mo,https://ged.staffdecor.fr/download/6419,https://ged.staffdecor.fr/reference/orn3g-824
sd7043,SD7043.jpg,jpg,56.36 Ko,https://ged.staffdecor.fr/download/2434,https://ged.staffdecor.fr/reference/sd7043
1101-1108,Moulures - 1101.skp,skp,463.48 Ko,https://ged.staffdecor.fr/download/5642,https://ged.staffdecor.fr/reference/1101-1108
1155,1155.stp,stp,31.1 Ko,https://ged.staffdecor.fr/download/2111,https://ged.staffdecor.fr/reference/1155
1213bh-1,Moulure-1213BH.pdf,pdf,121.25 Ko,https://ged.staffdecor.fr/download/6578,https://ged.staffdecor.fr/reference/1213bh-1
d567,D567.jpg,jpg,58.84 Ko,https://ged.staffdecor.fr/download/211,https://ged.staffdecor.fr/reference/d567
d820,Corniches - D820.skp,skp,268.57 Ko,https://ged.staffdecor.fr/download/5624,https://ged.staffdecor.fr/reference/d820
0900,0900.stp,stp,51.32 Ko,https://ged.staffdecor.fr/download/1768,https://ged.staffdecor.fr/reference/0900
1204,Moulures - 1204.skp,skp,270.05 Ko,https://ged.staffdecor.fr/download/5666,https://ged.staffdecor.fr/reference/1204
cl1213d,Parements - CL1213D_Pers.png,png,2.12 Mo,https://ged.staffdecor.fr/download/5712,https://ged.staffdecor.fr/reference/cl1213d
1324,Moulures - 1324.stl,stl,4.88 Ko,https://ged.staffdecor.fr/download/7178,https://ged.staffdecor.fr/reference/1324
3903,Frontons - 3903.png,png,1.32 Mo,https://ged.staffdecor.fr/download/6475,https://ged.staffdecor.fr/reference/3903
modc,MODC.stp,stp,11.13 Ko,https://ged.staffdecor.fr/download/2032,https://ged.staffdecor.fr/reference/modc
1413,1413.jpg,jpg,6.13 Mo,https://ged.staffdecor.fr/download/5396,https://ged.staffdecor.fr/reference/1413
plin25-pc-sp,Plinthe-PLIN25.PC.SP.pdf,pdf,42.32 Ko,https://ged.staffdecor.fr/download/4605,https://ged.staffdecor.fr/reference/plin25-pc-sp
m071,Rosaces - M071.stl,stl,2.5 Mo,https://ged.staffdecor.fr/download/6995,https://ged.staffdecor.fr/reference/m071
d110,D110.jpg,jpg,45.27 Ko,https://ged.staffdecor.fr/download/126,https://ged.staffdecor.fr/reference/d110
bl132,BL132.max,max,774.14 Ko,https://ged.staffdecor.fr/download/3696,https://ged.staffdecor.fr/reference/bl132
31-04,Colonne-Ø30-socle-chapiteau.rfa,rfa,434.17 Ko,https://ged.staffdecor.fr/download/2576,https://ged.staffdecor.fr/reference/31-04
20-08-395,Colonne-Ø10-socle-collerette.rfa,rfa,372.73 Ko,https://ged.staffdecor.fr/download/1760,https://ged.staffdecor.fr/reference/20-08-395
6031,6031.rfa,rfa,233.47 Ko,https://ged.staffdecor.fr/download/2286,https://ged.staffdecor.fr/reference/6031
1207bh,1207BH.jpg,jpg,72.07 Ko,https://ged.staffdecor.fr/download/4396,https://ged.staffdecor.fr/reference/1207bh
d892,D892.stp,stp,10.31 Mo,https://ged.staffdecor.fr/download/1972,https://ged.staffdecor.fr/reference/d892
bl170,BL170 - rendu.png,png,6.89 Mo,https://ged.staffdecor.fr/download/3218,https://ged.staffdecor.fr/reference/bl170
bl170,BL170.stp,stp,102.65 Ko,https://ged.staffdecor.fr/download/1303,https://ged.staffdecor.fr/reference/bl170
2824l,2824L.jpg,jpg,48.91 Ko,https://ged.staffdecor.fr/download/2731,https://ged.staffdecor.fr/reference/2824l
1115p,Moulure-1115P.pdf,pdf,53.34 Ko,https://ged.staffdecor.fr/download/5478,https://ged.staffdecor.fr/reference/1115p
pl319-578,PL.319.pdf,pdf,100.27 Ko,https://ged.staffdecor.fr/download/3045,https://ged.staffdecor.fr/reference/pl319-578
1403,1403 (3) copie.jpg,jpg,352.33 Ko,https://ged.staffdecor.fr/download/5409,https://ged.staffdecor.fr/reference/1403
45-51,45-01et45-51.rfa,rfa,278.52 Ko,https://ged.staffdecor.fr/download/1667,https://ged.staffdecor.fr/reference/45-51
d563,D563.jpg,jpg,61.29 Ko,https://ged.staffdecor.fr/download/203,https://ged.staffdecor.fr/reference/d563
sv748,SV748.rfa,rfa,303.1 Ko,https://ged.staffdecor.fr/download/1231,https://ged.staffdecor.fr/reference/sv748
d715,Corniches - D715.max,max,1.22 Mo,https://ged.staffdecor.fr/download/4806,https://ged.staffdecor.fr/reference/d715
pl501,PL500-gamme-sansmotif.rfa,rfa,2.85 Mo,https://ged.staffdecor.fr/download/1433,https://ged.staffdecor.fr/reference/pl501
1345,1345.jpg,jpg,631.63 Ko,https://ged.staffdecor.fr/download/51,https://ged.staffdecor.fr/reference/1345
emb95-ebl0430-218,EMB95-EBL0430.jpg,jpg,49.6 Ko,https://ged.staffdecor.fr/download/482,https://ged.staffdecor.fr/reference/emb95-ebl0430-218
1000,1000pilastre+1005socle.rfa,rfa,315.39 Ko,https://ged.staffdecor.fr/download/1782,https://ged.staffdecor.fr/reference/1000
pl404,PL404.stp,stp,10.14 Mo,https://ged.staffdecor.fr/download/1394,https://ged.staffdecor.fr/reference/pl404
1202,1202.rfa,rfa,217.08 Ko,https://ged.staffdecor.fr/download/2089,https://ged.staffdecor.fr/reference/1202
m201,Rosaces - M201.png,png,3.09 Mo,https://ged.staffdecor.fr/download/6978,https://ged.staffdecor.fr/reference/m201
d718,Corniches - D718.max,max,802.81 Ko,https://ged.staffdecor.fr/download/4808,https://ged.staffdecor.fr/reference/d718
sv577,SV577.jpg,jpg,631.6 Ko,https://ged.staffdecor.fr/download/440,https://ged.staffdecor.fr/reference/sv577
cl1213c-1,Parements - CL1213C.png,png,7.78 Mo,https://ged.staffdecor.fr/download/6568,https://ged.staffdecor.fr/reference/cl1213c-1
50-atlas,Caissons de plafonds - 50.ATLA.pdf,pdf,60.42 Ko,https://ged.staffdecor.fr/download/5856,https://ged.staffdecor.fr/reference/50-atlas
30-12,30-12.stp,stp,15.76 Ko,https://ged.staffdecor.fr/download/2589,https://ged.staffdecor.fr/reference/30-12
pl313,PL310-gamme.rfa,rfa,2.71 Mo,https://ged.staffdecor.fr/download/1412,https://ged.staffdecor.fr/reference/pl313
d716,Corniches - D716.png,png,755.98 Ko,https://ged.staffdecor.fr/download/6278,https://ged.staffdecor.fr/reference/d716
1120,Moulures - 1120.stl,stl,12.88 Ko,https://ged.staffdecor.fr/download/7133,https://ged.staffdecor.fr/reference/1120
1210bh,1210BH.jpg,jpg,107.99 Ko,https://ged.staffdecor.fr/download/2065,https://ged.staffdecor.fr/reference/1210bh
e1520i,E1520I.jpg,jpg,72.58 Ko,https://ged.staffdecor.fr/download/1916,https://ged.staffdecor.fr/reference/e1520i
2730,2730.rfa,rfa,241.66 Ko,https://ged.staffdecor.fr/download/2750,https://ged.staffdecor.fr/reference/2730
pl403,PL403-sansmotif.stp,stp,7.7 Mo,https://ged.staffdecor.fr/download/1403,https://ged.staffdecor.fr/reference/pl403
1327,1327.max,max,286.6 Mo,https://ged.staffdecor.fr/download/3950,https://ged.staffdecor.fr/reference/1327
sd7042-harlem-317,SD7042 Harlem.rfa,rfa,262.14 Ko,https://ged.staffdecor.fr/download/1579,https://ged.staffdecor.fr/reference/sd7042-harlem-317
m052,Rosaces - M052.png,png,3.37 Mo,https://ged.staffdecor.fr/download/6959,https://ged.staffdecor.fr/reference/m052
pl313,PL313.jpg,jpg,643.2 Ko,https://ged.staffdecor.fr/download/1430,https://ged.staffdecor.fr/reference/pl313
d715,D715-solide.rfa,rfa,802.81 Ko,https://ged.staffdecor.fr/download/1060,https://ged.staffdecor.fr/reference/d715
jc22-40-425,JC22-40.stp,stp,15.46 Ko,https://ged.staffdecor.fr/download/1885,https://ged.staffdecor.fr/reference/jc22-40-425
d607,D607.jpg,jpg,617.51 Ko,https://ged.staffdecor.fr/download/240,https://ged.staffdecor.fr/reference/d607
d116,Corniches-D116.pdf,pdf,49.12 Ko,https://ged.staffdecor.fr/download/4567,https://ged.staffdecor.fr/reference/d116
plin15,PLIN15.jpg,jpg,77.47 Ko,https://ged.staffdecor.fr/download/1511,https://ged.staffdecor.fr/reference/plin15
1364,1364.jpg,jpg,626.52 Ko,https://ged.staffdecor.fr/download/4704,https://ged.staffdecor.fr/reference/1364
plin38-s,Plinthes-PLIN38.S.pdf,pdf,50.27 Ko,https://ged.staffdecor.fr/download/6168,https://ged.staffdecor.fr/reference/plin38-s
d654,Corniches-D654.pdf,pdf,50.01 Ko,https://ged.staffdecor.fr/download/4437,https://ged.staffdecor.fr/reference/d654
960-00,960.00.jpg,jpg,642.15 Ko,https://ged.staffdecor.fr/download/629,https://ged.staffdecor.fr/reference/960-00
7039-flower-295,7039-Flower.jpg,jpg,728.78 Ko,https://ged.staffdecor.fr/download/577,https://ged.staffdecor.fr/reference/7039-flower-295
m501-635,Rosaces - M501.stl,stl,5.28 Ko,https://ged.staffdecor.fr/download/7023,https://ged.staffdecor.fr/reference/m501-635
45-56,45-56.jpg,jpg,128.34 Ko,https://ged.staffdecor.fr/download/2541,https://ged.staffdecor.fr/reference/45-56
20-56h,20-06Het20-56H.rfa,rfa,249.85 Ko,https://ged.staffdecor.fr/download/1762,https://ged.staffdecor.fr/reference/20-56h
7079-1,Parements - 7079.pdf,pdf,158.62 Ko,https://ged.staffdecor.fr/download/5811,https://ged.staffdecor.fr/reference/7079-1
31-52-389,Colonne-Ø20-socle-chapiteau.rfa,rfa,561.15 Ko,https://ged.staffdecor.fr/download/1645,https://ged.staffdecor.fr/reference/31-52-389
m502,Rosaces - M502.stl,stl,27.68 Ko,https://ged.staffdecor.fr/download/7024,https://ged.staffdecor.fr/reference/m502
d608,Corniche - D608.skp,skp,96.87 Ko,https://ged.staffdecor.fr/download/6833,https://ged.staffdecor.fr/reference/d608
m250,Rosace - M250.skp,skp,9.67 Mo,https://ged.staffdecor.fr/download/6059,https://ged.staffdecor.fr/reference/m250
d717,Corniches - D717.skp,skp,264.91 Ko,https://ged.staffdecor.fr/download/5632,https://ged.staffdecor.fr/reference/d717
plin40-r,Plinthes - PLIN40.PC.SP_murs.png,png,12.35 Mo,https://ged.staffdecor.fr/download/6184,https://ged.staffdecor.fr/reference/plin40-r
1112,Rendu_1112.png,png,1.98 Mo,https://ged.staffdecor.fr/download/3929,https://ged.staffdecor.fr/reference/1112
plin12,PLIN12.stp,stp,33.31 Ko,https://ged.staffdecor.fr/download/1502,https://ged.staffdecor.fr/reference/plin12
d577,Corniches - D577.stl,stl,2.88 Ko,https://ged.staffdecor.fr/download/6810,https://ged.staffdecor.fr/reference/d577
45-51,45-51.dgk,dgk,61.99 Ko,https://ged.staffdecor.fr/download/2491,https://ged.staffdecor.fr/reference/45-51
d881b,D881B.obj,obj,348.37 Mo,https://ged.staffdecor.fr/download/4581,https://ged.staffdecor.fr/reference/d881b
d626,Corniches-D626.pdf,pdf,49.56 Ko,https://ged.staffdecor.fr/download/4429,https://ged.staffdecor.fr/reference/d626
pl414,Plafonniers - PL414.png,png,561.06 Ko,https://ged.staffdecor.fr/download/6542,https://ged.staffdecor.fr/reference/pl414
d901,Corniches - D901.stl,stl,6.68 Ko,https://ged.staffdecor.fr/download/6950,https://ged.staffdecor.fr/reference/d901
d560,D560.jpg,jpg,132.05 Ko,https://ged.staffdecor.fr/download/1103,https://ged.staffdecor.fr/reference/d560
m209,M209 copie.jpg,jpg,4.52 Mo,https://ged.staffdecor.fr/download/5391,https://ged.staffdecor.fr/reference/m209
orn2d-821,Ornement - ORN.2D.skp,skp,27.32 Mo,https://ged.staffdecor.fr/download/6405,https://ged.staffdecor.fr/reference/orn2d-821
50-atlas,50.ATLA.rfa,rfa,253.95 Ko,https://ged.staffdecor.fr/download/2212,https://ged.staffdecor.fr/reference/50-atlas
d886,Corniches - D886.skp,skp,320.3 Ko,https://ged.staffdecor.fr/download/5621,https://ged.staffdecor.fr/reference/d886
bl140,Profil LED -BL140.pdf,pdf,57.96 Ko,https://ged.staffdecor.fr/download/5773,https://ged.staffdecor.fr/reference/bl140
pl-vague-169,Plafonniers - PL.VAGUE.skp,skp,1.78 Mo,https://ged.staffdecor.fr/download/6530,https://ged.staffdecor.fr/reference/pl-vague-169
0714,Niches - 0714.skp,skp,306.6 Ko,https://ged.staffdecor.fr/download/6483,https://ged.staffdecor.fr/reference/0714
45-53,45-53.stp,stp,41.12 Ko,https://ged.staffdecor.fr/download/2509,https://ged.staffdecor.fr/reference/45-53
d561,Corniche - D561.skp,skp,223.61 Ko,https://ged.staffdecor.fr/download/5575,https://ged.staffdecor.fr/reference/d561
radia1,cache radiateur RADIA1.dwg,dwg,288.05 Ko,https://ged.staffdecor.fr/download/6731,https://ged.staffdecor.fr/reference/radia1
1101-1108,Moulures - 1108.stl,stl,13.48 Ko,https://ged.staffdecor.fr/download/7131,https://ged.staffdecor.fr/reference/1101-1108
9222,Soubassement - 9222.skp,skp,308.56 Ko,https://ged.staffdecor.fr/download/6080,https://ged.staffdecor.fr/reference/9222
1103h,1103H.png,png,1.14 Mo,https://ged.staffdecor.fr/download/4135,https://ged.staffdecor.fr/reference/1103h
res-9,Ornements - RES.9.pdf,pdf,50.83 Ko,https://ged.staffdecor.fr/download/6646,https://ged.staffdecor.fr/reference/res-9
50-atlas,Caissons de plafond - 50-ATLAS.png,png,70.62 Ko,https://ged.staffdecor.fr/download/6617,https://ged.staffdecor.fr/reference/50-atlas
sdc2,SDC2.png,png,846.1 Ko,https://ged.staffdecor.fr/download/3223,https://ged.staffdecor.fr/reference/sdc2
1204bh,1204BH.png,png,1.37 Mo,https://ged.staffdecor.fr/download/4124,https://ged.staffdecor.fr/reference/1204bh
d815,Corniches-D815.pdf,pdf,49.62 Ko,https://ged.staffdecor.fr/download/4523,https://ged.staffdecor.fr/reference/d815
orn4d-1024,Ornements - ORN4D.stl,stl,2.5 Mo,https://ged.staffdecor.fr/download/7037,https://ged.staffdecor.fr/reference/orn4d-1024
1104,Moulures - 1104.skp,skp,1.7 Mo,https://ged.staffdecor.fr/download/5645,https://ged.staffdecor.fr/reference/1104
sdc2,SDC2-High-Line.stp,stp,48.55 Ko,https://ged.staffdecor.fr/download/1607,https://ged.staffdecor.fr/reference/sdc2
m502,M502.stp,stp,618.77 Ko,https://ged.staffdecor.fr/download/2833,https://ged.staffdecor.fr/reference/m502
d652b,Corniches - D652B.stl,stl,3.2 Mo,https://ged.staffdecor.fr/download/6874,https://ged.staffdecor.fr/reference/d652b
d718,Corniches - D718.stl,stl,5.28 Ko,https://ged.staffdecor.fr/download/6895,https://ged.staffdecor.fr/reference/d718
d650,D650.jpg,jpg,662.79 Ko,https://ged.staffdecor.fr/download/318,https://ged.staffdecor.fr/reference/d650
d883,D883_trans.png,png,4.4 Mo,https://ged.staffdecor.fr/download/4258,https://ged.staffdecor.fr/reference/d883
1121,Rendu_1121.png,png,630.19 Ko,https://ged.staffdecor.fr/download/3985,https://ged.staffdecor.fr/reference/1121
7036,7036-3pièces.jpg,jpg,681.36 Ko,https://ged.staffdecor.fr/download/433,https://ged.staffdecor.fr/reference/7036
d535,Corniche - D535.skp,skp,11.94 Mo,https://ged.staffdecor.fr/download/6268,https://ged.staffdecor.fr/reference/d535
d651,D651.jpg,jpg,605.24 Ko,https://ged.staffdecor.fr/download/260,https://ged.staffdecor.fr/reference/d651
tal44,Talons -TAL44.pdf,pdf,34.94 Ko,https://ged.staffdecor.fr/download/5734,https://ged.staffdecor.fr/reference/tal44
pl201,Plafonniers - PL201.png,png,53.46 Ko,https://ged.staffdecor.fr/download/6524,https://ged.staffdecor.fr/reference/pl201
d627-1,Corniches-D627.pdf,pdf,50.15 Ko,https://ged.staffdecor.fr/download/4510,https://ged.staffdecor.fr/reference/d627-1
enc25,ENC25.stp,stp,10.92 Mo,https://ged.staffdecor.fr/download/2219,https://ged.staffdecor.fr/reference/enc25
d658,Corniches-D658.pdf,pdf,50.61 Ko,https://ged.staffdecor.fr/download/4441,https://ged.staffdecor.fr/reference/d658
0710,Niches - 0710.pdf,pdf,283.75 Ko,https://ged.staffdecor.fr/download/5817,https://ged.staffdecor.fr/reference/0710
20-06b,20-06Bet20-56B.rfa,rfa,327.68 Ko,https://ged.staffdecor.fr/download/1747,https://ged.staffdecor.fr/reference/20-06b
2032,Côtés de passages et dessous de poutres-2032.pdf,pdf,56.78 Ko,https://ged.staffdecor.fr/download/6003,https://ged.staffdecor.fr/reference/2032
m253,Rosace - M253.skp,skp,12.25 Mo,https://ged.staffdecor.fr/download/6056,https://ged.staffdecor.fr/reference/m253
d612,D612_rendu.png,png,8.53 Mo,https://ged.staffdecor.fr/download/3584,https://ged.staffdecor.fr/reference/d612
d632,D632.skp,skp,356.27 Ko,https://ged.staffdecor.fr/download/3732,https://ged.staffdecor.fr/reference/d632
1208,Moulure - 1208.skp,skp,9.69 Mo,https://ged.staffdecor.fr/download/6099,https://ged.staffdecor.fr/reference/1208
20-08-395,20-08.jpg,jpg,39.84 Ko,https://ged.staffdecor.fr/download/2629,https://ged.staffdecor.fr/reference/20-08-395
ebp0430-1,Equerres - EBP0430.stl,stl,6.48 Ko,https://ged.staffdecor.fr/download/7083,https://ged.staffdecor.fr/reference/ebp0430-1
e0530e-403,E0530E.jpg,jpg,35.49 Ko,https://ged.staffdecor.fr/download/1904,https://ged.staffdecor.fr/reference/e0530e-403
enc02,ENC02_SP.jpg,jpg,59.71 Ko,https://ged.staffdecor.fr/download/370,https://ged.staffdecor.fr/reference/enc02
1101e-1,1101E.max,max,798.72 Ko,https://ged.staffdecor.fr/download/4129,https://ged.staffdecor.fr/reference/1101e-1
bp-pf3-215,Profil de finition - BP.PF3 (montage).pdf,pdf,55.83 Ko,https://ged.staffdecor.fr/download/5852,https://ged.staffdecor.fr/reference/bp-pf3-215
m213,Rosaces - M213.png,png,626.65 Ko,https://ged.staffdecor.fr/download/6985,https://ged.staffdecor.fr/reference/m213
a-sp-isol,A.SP.ISOL.pdf,pdf,56.08 Ko,https://ged.staffdecor.fr/download/4164,https://ged.staffdecor.fr/reference/a-sp-isol
pl-dcar-344,PL-DCAR.jpg,jpg,645.02 Ko,https://ged.staffdecor.fr/download/2268,https://ged.staffdecor.fr/reference/pl-dcar-344
d751,Corniches - D751.png,png,872.11 Ko,https://ged.staffdecor.fr/download/6304,https://ged.staffdecor.fr/reference/d751
pl-voile-168,PL-VOILE.rfa,rfa,1.81 Mo,https://ged.staffdecor.fr/download/3646,https://ged.staffdecor.fr/reference/pl-voile-168
1381,Moulure-1381.pdf,pdf,55.6 Ko,https://ged.staffdecor.fr/download/5692,https://ged.staffdecor.fr/reference/1381
31-51-393,Colonne-Ø15-socle-chapiteau.rfa,rfa,536.57 Ko,https://ged.staffdecor.fr/download/2482,https://ged.staffdecor.fr/reference/31-51-393
d556-2,D556_rendu-Eclairage.png,png,6.45 Mo,https://ged.staffdecor.fr/download/4458,https://ged.staffdecor.fr/reference/d556-2
2530,2530.jpg,jpg,45.43 Ko,https://ged.staffdecor.fr/download/2741,https://ged.staffdecor.fr/reference/2530
20-56,Colonne-Ø10-socle-collerette.rfa,rfa,372.73 Ko,https://ged.staffdecor.fr/download/1756,https://ged.staffdecor.fr/reference/20-56
1204h,1204H.png,png,2.55 Mo,https://ged.staffdecor.fr/download/4122,https://ged.staffdecor.fr/reference/1204h
pl311,PL311.stp,stp,17.12 Mo,https://ged.staffdecor.fr/download/1378,https://ged.staffdecor.fr/reference/pl311
30-55,Colonne-Ø30-socle-chapiteau.rfa,rfa,434.17 Ko,https://ged.staffdecor.fr/download/2574,https://ged.staffdecor.fr/reference/30-55
1131,1131.max,max,856.06 Ko,https://ged.staffdecor.fr/download/3978,https://ged.staffdecor.fr/reference/1131
d109,Corniches-D109.pdf,pdf,50.21 Ko,https://ged.staffdecor.fr/download/4561,https://ged.staffdecor.fr/reference/d109
1214,1214.obj,obj,27.04 Mo,https://ged.staffdecor.fr/download/4360,https://ged.staffdecor.fr/reference/1214
2019,Côtés de passages et dessous de poutres-2019.pdf,pdf,56.95 Ko,https://ged.staffdecor.fr/download/6001,https://ged.staffdecor.fr/reference/2019
u3210,U3210.jpg,jpg,43.54 Ko,https://ged.staffdecor.fr/download/2373,https://ged.staffdecor.fr/reference/u3210
bp30-1,Profils - BP30.max,max,782.33 Ko,https://ged.staffdecor.fr/download/5468,https://ged.staffdecor.fr/reference/bp30-1
bp-pf3-215,Profil de finition - BP.PF3.pdf,pdf,54.68 Ko,https://ged.staffdecor.fr/download/5851,https://ged.staffdecor.fr/reference/bp-pf3-215
d846-1,D846.jpg,jpg,169.65 Ko,https://ged.staffdecor.fr/download/5311,https://ged.staffdecor.fr/reference/d846-1
1385,Moulures - 1385.pdf,pdf,56.11 Ko,https://ged.staffdecor.fr/download/5688,https://ged.staffdecor.fr/reference/1385
m250,Rosaces - M250.stl,stl,2.49 Mo,https://ged.staffdecor.fr/download/6999,https://ged.staffdecor.fr/reference/m250
d751,Corniches - D751.stl,stl,10.98 Mo,https://ged.staffdecor.fr/download/6898,https://ged.staffdecor.fr/reference/d751
plin11-pca-665,PLIN11.PCA.png,png,3.48 Mo,https://ged.staffdecor.fr/download/3820,https://ged.staffdecor.fr/reference/plin11-pca-665
1366,1366.jpg,jpg,68.45 Ko,https://ged.staffdecor.fr/download/2120,https://ged.staffdecor.fr/reference/1366
d703,Corniches - D703.skp,skp,257.51 Ko,https://ged.staffdecor.fr/download/5635,https://ged.staffdecor.fr/reference/d703
1409-1,Ornements - 1409.png,png,635.51 Ko,https://ged.staffdecor.fr/download/6088,https://ged.staffdecor.fr/reference/1409-1
u-495,U1925.stp,stp,16.28 Ko,https://ged.staffdecor.fr/download/2384,https://ged.staffdecor.fr/reference/u-495
30-11,30-11.stp,stp,15.22 Ko,https://ged.staffdecor.fr/download/2586,https://ged.staffdecor.fr/reference/30-11
30-57,Demies-colonnes lisses.rfa,rfa,290.81 Ko,https://ged.staffdecor.fr/download/2592,https://ged.staffdecor.fr/reference/30-57
d810,Corniches-D810.pdf,pdf,57.41 Ko,https://ged.staffdecor.fr/download/4519,https://ged.staffdecor.fr/reference/d810
orn4d-1024,Ornement - ORN.4D.skp,skp,26.08 Mo,https://ged.staffdecor.fr/download/6418,https://ged.staffdecor.fr/reference/orn4d-1024
m403,Rosaces - M403.stl,stl,2.5 Mo,https://ged.staffdecor.fr/download/7016,https://ged.staffdecor.fr/reference/m403
m299,M299.max,max,550.22 Mo,https://ged.staffdecor.fr/download/4117,https://ged.staffdecor.fr/reference/m299
d577,D577.jpg,jpg,653.39 Ko,https://ged.staffdecor.fr/download/223,https://ged.staffdecor.fr/reference/d577
9315c-1,9315C.max,max,835.58 Ko,https://ged.staffdecor.fr/download/4179,https://ged.staffdecor.fr/reference/9315c-1
9214,Lambris_décaisses_paramétrable.rfa,rfa,409.6 Ko,https://ged.staffdecor.fr/download/858,https://ged.staffdecor.fr/reference/9214
cl31-facet-6,cladding_facet_designans_cl31_6.jpg,jpg,1.67 Mo,https://ged.staffdecor.fr/download/7,https://ged.staffdecor.fr/reference/cl31-facet-6
d103-1,D103.rfa,rfa,249.85 Ko,https://ged.staffdecor.fr/download/792,https://ged.staffdecor.fr/reference/d103-1
7063,7063-RR-Collection.jpg,jpg,786.62 Ko,https://ged.staffdecor.fr/download/2131,https://ged.staffdecor.fr/reference/7063
9224,Soubassement - 9224.skp,skp,288.93 Ko,https://ged.staffdecor.fr/download/6082,https://ged.staffdecor.fr/reference/9224
decaisse-grg-d565-d601-d611,Plafonds décaissés - décaissé GRG D565 D601 D611.png,png,509.18 Ko,https://ged.staffdecor.fr/download/6557,https://ged.staffdecor.fr/reference/decaisse-grg-d565-d601-d611
1103,Moulures - 1103.stl,stl,28.08 Ko,https://ged.staffdecor.fr/download/7117,https://ged.staffdecor.fr/reference/1103
1361,Moulure-1361.pdf,pdf,51.09 Ko,https://ged.staffdecor.fr/download/4649,https://ged.staffdecor.fr/reference/1361
enc22,ENC22.jpg,jpg,55.32 Ko,https://ged.staffdecor.fr/download/382,https://ged.staffdecor.fr/reference/enc22
d113,D113.jpg,jpg,51.29 Ko,https://ged.staffdecor.fr/download/145,https://ged.staffdecor.fr/reference/d113
d567,Corniches - D567.obj,obj,4.31 Ko,https://ged.staffdecor.fr/download/5904,https://ged.staffdecor.fr/reference/d567
pl223,PL223.rfa,rfa,1.62 Mo,https://ged.staffdecor.fr/download/1347,https://ged.staffdecor.fr/reference/pl223
emb1-1,EMB1.jpg,jpg,54.86 Ko,https://ged.staffdecor.fr/download/1798,https://ged.staffdecor.fr/reference/emb1-1
d116,Corniches - D116.max,max,778.24 Ko,https://ged.staffdecor.fr/download/4768,https://ged.staffdecor.fr/reference/d116
emb95-ebl0430-218,Corniches - EMB95-EBL0430.stl,stl,12.98 Ko,https://ged.staffdecor.fr/download/6775,https://ged.staffdecor.fr/reference/emb95-ebl0430-218
0710,niches cul-de-four (type 0710).rfa,rfa,442.36 Ko,https://ged.staffdecor.fr/download/2818,https://ged.staffdecor.fr/reference/0710
9002,Rendu_9002.png,png,1.14 Mo,https://ged.staffdecor.fr/download/3649,https://ged.staffdecor.fr/reference/9002
9033,Soubassements - 9033.pdf,pdf,56.8 Ko,https://ged.staffdecor.fr/download/5756,https://ged.staffdecor.fr/reference/9033
m302,Rosaces - M302.stl,stl,3.17 Mo,https://ged.staffdecor.fr/download/7004,https://ged.staffdecor.fr/reference/m302
a-plas6,A.PLAS6.jpg,jpg,77.28 Ko,https://ged.staffdecor.fr/download/4240,https://ged.staffdecor.fr/reference/a-plas6
d720,D720.rfa,rfa,217.08 Ko,https://ged.staffdecor.fr/download/1012,https://ged.staffdecor.fr/reference/d720
bl160,BL160.pdf,pdf,94.13 Ko,https://ged.staffdecor.fr/download/2941,https://ged.staffdecor.fr/reference/bl160
40-40-39,40-40.jpg,jpg,644.78 Ko,https://ged.staffdecor.fr/download/83,https://ged.staffdecor.fr/reference/40-40-39
d578,D578.rfa,rfa,225.28 Ko,https://ged.staffdecor.fr/download/1002,https://ged.staffdecor.fr/reference/d578
pl301,Plafonniers - PL301.png,png,77.42 Ko,https://ged.staffdecor.fr/download/6525,https://ged.staffdecor.fr/reference/pl301
1103h,1103H.max,max,20.43 Mo,https://ged.staffdecor.fr/download/4084,https://ged.staffdecor.fr/reference/1103h
plin11-sp,PLIN11.SP.max,max,892.92 Ko,https://ged.staffdecor.fr/download/3824,https://ged.staffdecor.fr/reference/plin11-sp
bl130,BL130.stp,stp,14.45 Ko,https://ged.staffdecor.fr/download/2501,https://ged.staffdecor.fr/reference/bl130
d564,D564.jpg,jpg,595.54 Ko,https://ged.staffdecor.fr/download/206,https://ged.staffdecor.fr/reference/d564
1380,Moulure-1380.pdf,pdf,49.29 Ko,https://ged.staffdecor.fr/download/4713,https://ged.staffdecor.fr/reference/1380
9201,9201.pdf,pdf,55.49 Ko,https://ged.staffdecor.fr/download/3690,https://ged.staffdecor.fr/reference/9201
1365,1365.max,max,1.39 Mo,https://ged.staffdecor.fr/download/3960,https://ged.staffdecor.fr/reference/1365
d706,D706.rfa,rfa,221.18 Ko,https://ged.staffdecor.fr/download/928,https://ged.staffdecor.fr/reference/d706
plin38-r-1,Plinthes - PLIN38.R.png,png,2.94 Mo,https://ged.staffdecor.fr/download/6441,https://ged.staffdecor.fr/reference/plin38-r-1
d565,D565.rfa,rfa,221.18 Ko,https://ged.staffdecor.fr/download/1003,https://ged.staffdecor.fr/reference/d565
1366,1366.rfa,rfa,221.18 Ko,https://ged.staffdecor.fr/download/2124,https://ged.staffdecor.fr/reference/1366
20-06h-34,20-06Het20-56H.rfa,rfa,249.85 Ko,https://ged.staffdecor.fr/download/1761,https://ged.staffdecor.fr/reference/20-06h-34
d118-1,Corniches - D118 - montage.pdf,pdf,65.65 Ko,https://ged.staffdecor.fr/download/5681,https://ged.staffdecor.fr/reference/d118-1
pl601-90a-372,PL601-90A.stp,stp,723.14 Ko,https://ged.staffdecor.fr/download/1449,https://ged.staffdecor.fr/reference/pl601-90a-372
d117,Corniches-D117.pdf,pdf,49.66 Ko,https://ged.staffdecor.fr/download/4568,https://ged.staffdecor.fr/reference/d117
a-plas6,A.PLAS6.pdf,pdf,57.93 Ko,https://ged.staffdecor.fr/download/4239,https://ged.staffdecor.fr/reference/a-plas6
orn16,Ornements - ORN16.stl,stl,2.5 Mo,https://ged.staffdecor.fr/download/7055,https://ged.staffdecor.fr/reference/orn16
d712,D712 sans motif.stp,stp,45.85 Ko,https://ged.staffdecor.fr/download/824,https://ged.staffdecor.fr/reference/d712
1364,Moulure-1364.pdf,pdf,48.95 Ko,https://ged.staffdecor.fr/download/4703,https://ged.staffdecor.fr/reference/1364
1324,1324.stp,stp,17.04 Ko,https://ged.staffdecor.fr/download/2162,https://ged.staffdecor.fr/reference/1324
d109,D109.png,png,6.9 Mo,https://ged.staffdecor.fr/download/3171,https://ged.staffdecor.fr/reference/d109
d652,D652.stp,stp,59.8 Ko,https://ged.staffdecor.fr/download/947,https://ged.staffdecor.fr/reference/d652
orn12,Ornement - ORN.12.skp,skp,23.83 Mo,https://ged.staffdecor.fr/download/6403,https://ged.staffdecor.fr/reference/orn12
1213bh-1,Panneaux Tuileries - 1213BH.png,png,3.8 Mo,https://ged.staffdecor.fr/download/6564,https://ged.staffdecor.fr/reference/1213bh-1
plin25-s,Plinthes - PLIN25.S.png,png,2.38 Mo,https://ged.staffdecor.fr/download/6436,https://ged.staffdecor.fr/reference/plin25-s
1130,1130.max,max,860.16 Ko,https://ged.staffdecor.fr/download/3980,https://ged.staffdecor.fr/reference/1130
d882,Corniches - D882.stl,stl,376.08 Ko,https://ged.staffdecor.fr/download/6937,https://ged.staffdecor.fr/reference/d882
d749,Corniches-D749.pdf,pdf,49.57 Ko,https://ged.staffdecor.fr/download/4580,https://ged.staffdecor.fr/reference/d749
6104,6104.rfa,rfa,290.81 Ko,https://ged.staffdecor.fr/download/2293,https://ged.staffdecor.fr/reference/6104
m504,Rosaces - M504.png,png,8.42 Mo,https://ged.staffdecor.fr/download/4877,https://ged.staffdecor.fr/reference/m504
cl12,Parements - CL12.skp,skp,50.24 Mo,https://ged.staffdecor.fr/download/7086,https://ged.staffdecor.fr/reference/cl12
cl11,Parements - CL11.png,png,4.77 Mo,https://ged.staffdecor.fr/download/7100,https://ged.staffdecor.fr/reference/cl11
1156,1156.jpg,jpg,635.29 Ko,https://ged.staffdecor.fr/download/38,https://ged.staffdecor.fr/reference/1156
m043,Rosaces - M043.png,png,591.35 Ko,https://ged.staffdecor.fr/download/6956,https://ged.staffdecor.fr/reference/m043
d749,Corniches - D749.stl,stl,10.38 Ko,https://ged.staffdecor.fr/download/6897,https://ged.staffdecor.fr/reference/d749
moas,MOAS.rfa,rfa,385.02 Ko,https://ged.staffdecor.fr/download/1547,https://ged.staffdecor.fr/reference/moas
30-63,30-63.jpg,jpg,59.62 Ko,https://ged.staffdecor.fr/download/2625,https://ged.staffdecor.fr/reference/30-63
jc22-10-422,JC22-10.rfa,rfa,233.47 Ko,https://ged.staffdecor.fr/download/1878,https://ged.staffdecor.fr/reference/jc22-10-422
d122,D122.png,png,6.77 Mo,https://ged.staffdecor.fr/download/4313,https://ged.staffdecor.fr/reference/d122
orn5d-826,Ornements - ORN5D.png,png,1.24 Mo,https://ged.staffdecor.fr/download/6424,https://ged.staffdecor.fr/reference/orn5d-826
1107p,Moulure-1107 P.pdf,pdf,54.81 Ko,https://ged.staffdecor.fr/download/4635,https://ged.staffdecor.fr/reference/1107p
20-06-29,20-06.jpg,jpg,618.78 Ko,https://ged.staffdecor.fr/download/62,https://ged.staffdecor.fr/reference/20-06-29
1101c,1101C.max,max,901.12 Ko,https://ged.staffdecor.fr/download/4177,https://ged.staffdecor.fr/reference/1101c
bl180,Profils LED - BL180.jpg,jpg,86.7 Ko,https://ged.staffdecor.fr/download/5769,https://ged.staffdecor.fr/reference/bl180
u1910,U gamme standard horizontale.rfa,rfa,278.52 Ko,https://ged.staffdecor.fr/download/2361,https://ged.staffdecor.fr/reference/u1910
d565,Corniches - D566.obj,obj,236.24 Mo,https://ged.staffdecor.fr/download/5905,https://ged.staffdecor.fr/reference/d565
d801,Corniches-D801.pdf,pdf,49.77 Ko,https://ged.staffdecor.fr/download/4448,https://ged.staffdecor.fr/reference/d801
1367,Rendu_1367.png,png,612.21 Ko,https://ged.staffdecor.fr/download/3953,https://ged.staffdecor.fr/reference/1367
9043,9043.pdf,pdf,103.71 Ko,https://ged.staffdecor.fr/download/4376,https://ged.staffdecor.fr/reference/9043
9013,9013.max,max,811 Ko,https://ged.staffdecor.fr/download/3657,https://ged.staffdecor.fr/reference/9013
e2030e,E2030E.stp,stp,11.23 Ko,https://ged.staffdecor.fr/download/1948,https://ged.staffdecor.fr/reference/e2030e
e1010e,E1010E.rfa,rfa,217.08 Ko,https://ged.staffdecor.fr/download/1787,https://ged.staffdecor.fr/reference/e1010e
r-plaq40-346,Trappes - R.PLAQ40.png,png,197.76 Ko,https://ged.staffdecor.fr/download/6664,https://ged.staffdecor.fr/reference/r-plaq40-346
1104b-706,1104B.png,png,3.36 Mo,https://ged.staffdecor.fr/download/4132,https://ged.staffdecor.fr/reference/1104b-706
cl36,CL36-parement-platre.png,png,932.64 Ko,https://ged.staffdecor.fr/download/5437,https://ged.staffdecor.fr/reference/cl36
30-12,Colonnes lisses.rfa,rfa,290.81 Ko,https://ged.staffdecor.fr/download/2588,https://ged.staffdecor.fr/reference/30-12
1155,1155.max,max,856.06 Ko,https://ged.staffdecor.fr/download/3970,https://ged.staffdecor.fr/reference/1155
1140c-1,Cimaises-1140C.pdf,pdf,49.71 Ko,https://ged.staffdecor.fr/download/6008,https://ged.staffdecor.fr/reference/1140c-1
p-lum5-1,P-LUM5-Constellation.rfa,rfa,1.33 Mo,https://ged.staffdecor.fr/download/1524,https://ged.staffdecor.fr/reference/p-lum5-1
30-02-391,30-02.jpg,jpg,152.13 Ko,https://ged.staffdecor.fr/download/2462,https://ged.staffdecor.fr/reference/30-02-391
20-08-395,20-08.stp,stp,9.8 Ko,https://ged.staffdecor.fr/download/2631,https://ged.staffdecor.fr/reference/20-08-395
pl80-246,Plafonniers - PL80.png,png,799.01 Ko,https://ged.staffdecor.fr/download/6534,https://ged.staffdecor.fr/reference/pl80-246
9302-1,Moulures - 9302.rfa,rfa,221.18 Ko,https://ged.staffdecor.fr/download/5343,https://ged.staffdecor.fr/reference/9302-1
d577,D577.stp,stp,28.12 Ko,https://ged.staffdecor.fr/download/1115,https://ged.staffdecor.fr/reference/d577
1101c,Rendu_1101C.png,png,1.17 Mo,https://ged.staffdecor.fr/download/3878,https://ged.staffdecor.fr/reference/1101c
d717,Corniches - D717.stl,stl,23.48 Ko,https://ged.staffdecor.fr/download/6894,https://ged.staffdecor.fr/reference/d717
d576,Corniches - D576.max,max,753.66 Ko,https://ged.staffdecor.fr/download/4857,https://ged.staffdecor.fr/reference/d576
1112,Moulures - 1112.stl,stl,2.49 Mo,https://ged.staffdecor.fr/download/7132,https://ged.staffdecor.fr/reference/1112
sdc2-1,SDC2-High-Line.jpg,jpg,71.16 Ko,https://ged.staffdecor.fr/download/3899,https://ged.staffdecor.fr/reference/sdc2-1
cl1213b-1,Parements - CL1213B_V0001.max,max,168.07 Mo,https://ged.staffdecor.fr/download/6589,https://ged.staffdecor.fr/reference/cl1213b-1
ebp1030,EBP1030.stp,stp,98.04 Ko,https://ged.staffdecor.fr/download/1964,https://ged.staffdecor.fr/reference/ebp1030
d114m,D114M_rendu.png,png,8.18 Mo,https://ged.staffdecor.fr/download/3172,https://ged.staffdecor.fr/reference/d114m
d840,Corniches - D840.max,max,897.02 Ko,https://ged.staffdecor.fr/download/4818,https://ged.staffdecor.fr/reference/d840
m054,M054.jpg,jpg,5.43 Mo,https://ged.staffdecor.fr/download/5373,https://ged.staffdecor.fr/reference/m054
plip1024,Plinthes - PLIP1024.png,png,260.49 Ko,https://ged.staffdecor.fr/download/6459,https://ged.staffdecor.fr/reference/plip1024
9031,Soubassements - 9031.pdf,pdf,57.07 Ko,https://ged.staffdecor.fr/download/5758,https://ged.staffdecor.fr/reference/9031
cl36,CL36.stp,stp,235.91 Ko,https://ged.staffdecor.fr/download/2313,https://ged.staffdecor.fr/reference/cl36
plint10-pc,PLINT10.PC.max,max,798.72 Ko,https://ged.staffdecor.fr/download/3782,https://ged.staffdecor.fr/reference/plint10-pc
e2020p,Equerres - E2020P.png,png,40.87 Ko,https://ged.staffdecor.fr/download/6681,https://ged.staffdecor.fr/reference/e2020p
a-plas7,A.PLAS7.jpg,jpg,98.08 Ko,https://ged.staffdecor.fr/download/4241,https://ged.staffdecor.fr/reference/a-plas7
d573,Corniches - D573.stl,stl,2.68 Ko,https://ged.staffdecor.fr/download/6805,https://ged.staffdecor.fr/reference/d573
20-58-396,20-58.jpg,jpg,38.45 Ko,https://ged.staffdecor.fr/download/2683,https://ged.staffdecor.fr/reference/20-58-396
1124,1124.rfa,rfa,221.18 Ko,https://ged.staffdecor.fr/download/2117,https://ged.staffdecor.fr/reference/1124
d611,Corniches - D611.stl,stl,44.88 Ko,https://ged.staffdecor.fr/download/6838,https://ged.staffdecor.fr/reference/d611
ebp0830,EBP0830.stp,stp,95.45 Ko,https://ged.staffdecor.fr/download/1962,https://ged.staffdecor.fr/reference/ebp0830
d715,Corniche - D715.skp,skp,2.42 Mo,https://ged.staffdecor.fr/download/6036,https://ged.staffdecor.fr/reference/d715
0710,Niches - 0710.skp,skp,2.62 Mo,https://ged.staffdecor.fr/download/6429,https://ged.staffdecor.fr/reference/0710
1125,Moulures - 1125.skp,skp,276.19 Ko,https://ged.staffdecor.fr/download/5654,https://ged.staffdecor.fr/reference/1125
pl623,PL623.jpg,jpg,651.31 Ko,https://ged.staffdecor.fr/download/351,https://ged.staffdecor.fr/reference/pl623
d614,D614.rfa,rfa,221.18 Ko,https://ged.staffdecor.fr/download/966,https://ged.staffdecor.fr/reference/d614
p-ouate-336,Plaques acoustiques-P.OUATE.pdf,pdf,247.55 Ko,https://ged.staffdecor.fr/download/5866,https://ged.staffdecor.fr/reference/p-ouate-336
1200bh,1200BH.jpg,jpg,80.12 Ko,https://ged.staffdecor.fr/download/2084,https://ged.staffdecor.fr/reference/1200bh
d710,D710.stp,stp,25.05 Ko,https://ged.staffdecor.fr/download/1167,https://ged.staffdecor.fr/reference/d710
2524,2524.stp,stp,342.6 Ko,https://ged.staffdecor.fr/download/2738,https://ged.staffdecor.fr/reference/2524
0724,Niches - 0724.stl,stl,3.53 Ko,https://ged.staffdecor.fr/download/7060,https://ged.staffdecor.fr/reference/0724
9212,9212.stp,stp,320.74 Ko,https://ged.staffdecor.fr/download/751,https://ged.staffdecor.fr/reference/9212
d632,Corniches-D632.pdf,pdf,69.33 Ko,https://ged.staffdecor.fr/download/4477,https://ged.staffdecor.fr/reference/d632
d901,Corniches - D901.skp,skp,224.38 Ko,https://ged.staffdecor.fr/download/5617,https://ged.staffdecor.fr/reference/d901
xr200,Gamme Variance - X.R200.pdf,pdf,62.35 Ko,https://ged.staffdecor.fr/download/6342,https://ged.staffdecor.fr/reference/xr200
plin25-s,Plinthes - PLIN25.S.skp,skp,530.64 Ko,https://ged.staffdecor.fr/download/6514,https://ged.staffdecor.fr/reference/plin25-s
2039,Côtés de passages et dessous de poutres-2039.pdf,pdf,57.13 Ko,https://ged.staffdecor.fr/download/6004,https://ged.staffdecor.fr/reference/2039
1156,Moulure-1156.pdf,pdf,48.72 Ko,https://ged.staffdecor.fr/download/4665,https://ged.staffdecor.fr/reference/1156
22116,Côtés de passages et dessous de poutres-22116.pdf,pdf,56.05 Ko,https://ged.staffdecor.fr/download/5982,https://ged.staffdecor.fr/reference/22116
d621,D621.rfa,rfa,221.18 Ko,https://ged.staffdecor.fr/download/1008,https://ged.staffdecor.fr/reference/d621
d618,Corniches - D618.stl,stl,23.28 Ko,https://ged.staffdecor.fr/download/6852,https://ged.staffdecor.fr/reference/d618
d114,Corniches - D114.stl,stl,24.68 Ko,https://ged.staffdecor.fr/download/6752,https://ged.staffdecor.fr/reference/d114
moa24,MOA24.rfa,rfa,249.85 Ko,https://ged.staffdecor.fr/download/1989,https://ged.staffdecor.fr/reference/moa24
d612,D612.stp,stp,42.17 Ko,https://ged.staffdecor.fr/download/970,https://ged.staffdecor.fr/reference/d612
d748,Corniches-D748.pdf,pdf,49.56 Ko,https://ged.staffdecor.fr/download/4579,https://ged.staffdecor.fr/reference/d748
d885,D885.jpg,jpg,6.19 Mo,https://ged.staffdecor.fr/download/5280,https://ged.staffdecor.fr/reference/d885
1101c,Cimaises-1101C.pdf,pdf,52.19 Ko,https://ged.staffdecor.fr/download/6006,https://ged.staffdecor.fr/reference/1101c
7003,Balustre - 7003.skp,skp,1.72 Mo,https://ged.staffdecor.fr/download/6323,https://ged.staffdecor.fr/reference/7003
6104,6104.jpg,jpg,649.16 Ko,https://ged.staffdecor.fr/download/2299,https://ged.staffdecor.fr/reference/6104
d632,Corniches - D632.max,max,749.56 Ko,https://ged.staffdecor.fr/download/4791,https://ged.staffdecor.fr/reference/d632
m401,Rosace - M401.skp,skp,6.02 Mo,https://ged.staffdecor.fr/download/7010,https://ged.staffdecor.fr/reference/m401
u3225,U3225.stp,stp,16.45 Ko,https://ged.staffdecor.fr/download/2394,https://ged.staffdecor.fr/reference/u3225
1364,Moulures - 1364.stl,stl,1.48 Ko,https://ged.staffdecor.fr/download/7165,https://ged.staffdecor.fr/reference/1364
d566,Corniches-D566.pdf,pdf,50.08 Ko,https://ged.staffdecor.fr/download/4503,https://ged.staffdecor.fr/reference/d566
d101-1,Corniches - D101.stl,stl,4.68 Ko,https://ged.staffdecor.fr/download/6739,https://ged.staffdecor.fr/reference/d101-1
d652b,Corniche - D652B.skp,skp,5.09 Mo,https://ged.staffdecor.fr/download/6875,https://ged.staffdecor.fr/reference/d652b
bl160,Profils LED - BL160.skp,skp,63.2 Mo,https://ged.staffdecor.fr/download/7113,https://ged.staffdecor.fr/reference/bl160
sdc1-1,SDC1.max,max,1.01 Mo,https://ged.staffdecor.fr/download/4180,https://ged.staffdecor.fr/reference/sdc1-1
1363,1363.jpg,jpg,633.51 Ko,https://ged.staffdecor.fr/download/4024,https://ged.staffdecor.fr/reference/1363
s-908a-421,S-908A.jpg,jpg,80.72 Ko,https://ged.staffdecor.fr/download/1846,https://ged.staffdecor.fr/reference/s-908a-421
m252,Rosaces-M252.pdf,pdf,69.19 Ko,https://ged.staffdecor.fr/download/4900,https://ged.staffdecor.fr/reference/m252
d545,Corniche - D545.skp,skp,235.94 Ko,https://ged.staffdecor.fr/download/5571,https://ged.staffdecor.fr/reference/d545
d880,D880_rendu.png,png,8.12 Mo,https://ged.staffdecor.fr/download/2989,https://ged.staffdecor.fr/reference/d880
d611,D611.obj,obj,84.54 Ko,https://ged.staffdecor.fr/download/4350,https://ged.staffdecor.fr/reference/d611
9215,9215.stp,stp,143.95 Ko,https://ged.staffdecor.fr/download/768,https://ged.staffdecor.fr/reference/9215
1325,Moulure-1325.pdf,pdf,49.63 Ko,https://ged.staffdecor.fr/download/4691,https://ged.staffdecor.fr/reference/1325
1304,1304.max,max,273.29 Mo,https://ged.staffdecor.fr/download/3940,https://ged.staffdecor.fr/reference/1304
1106,Moulures - 1106.png,png,2.42 Mo,https://ged.staffdecor.fr/download/6697,https://ged.staffdecor.fr/reference/1106
9045,9045.png,png,4.36 Mo,https://ged.staffdecor.fr/download/4368,https://ged.staffdecor.fr/reference/9045
9225,9225.max,max,1 Mo,https://ged.staffdecor.fr/download/3681,https://ged.staffdecor.fr/reference/9225
1124,Rendu_1124.png,png,636.83 Ko,https://ged.staffdecor.fr/download/3983,https://ged.staffdecor.fr/reference/1124
plin08m,Plinthe-PLIN08M.pdf,pdf,51.77 Ko,https://ged.staffdecor.fr/download/4585,https://ged.staffdecor.fr/reference/plin08m
0905,0905.jpg,jpg,64.47 Ko,https://ged.staffdecor.fr/download/568,https://ged.staffdecor.fr/reference/0905
0742,Niches - 0742.skp,skp,3.17 Mo,https://ged.staffdecor.fr/download/6482,https://ged.staffdecor.fr/reference/0742
0726,niches (type 0714).rfa,rfa,331.77 Ko,https://ged.staffdecor.fr/download/2802,https://ged.staffdecor.fr/reference/0726
d711,Corniches-D711.pdf,pdf,125.46 Ko,https://ged.staffdecor.fr/download/4515,https://ged.staffdecor.fr/reference/d711
d753,Corniches - D753.stl,stl,3.71 Mo,https://ged.staffdecor.fr/download/6900,https://ged.staffdecor.fr/reference/d753
bords-propres,Bords propres.png,png,7.28 Mo,https://ged.staffdecor.fr/download/6764,https://ged.staffdecor.fr/reference/bords-propres
pl411,PL410-gamme.rfa,rfa,3.26 Mo,https://ged.staffdecor.fr/download/1420,https://ged.staffdecor.fr/reference/pl411
enc32,ENC32.stp,stp,5.93 Mo,https://ged.staffdecor.fr/download/2202,https://ged.staffdecor.fr/reference/enc32
pl304,PL304.step,step,25.66 Mo,https://ged.staffdecor.fr/download/1360,https://ged.staffdecor.fr/reference/pl304
jc22-30-423,JC22-30.stp,stp,15.6 Ko,https://ged.staffdecor.fr/download/1883,https://ged.staffdecor.fr/reference/jc22-30-423
m049,Rosaces - M049.png,png,578.98 Ko,https://ged.staffdecor.fr/download/6989,https://ged.staffdecor.fr/reference/m049
sdc2,SDC2-High-Line.jpg,jpg,71.16 Ko,https://ged.staffdecor.fr/download/1606,https://ged.staffdecor.fr/reference/sdc2
1204,1204.max,max,8.61 Mo,https://ged.staffdecor.fr/download/3934,https://ged.staffdecor.fr/reference/1204
1370,Moulure-1370.pdf,pdf,49.04 Ko,https://ged.staffdecor.fr/download/4712,https://ged.staffdecor.fr/reference/1370
1209,1209.stp,stp,30.25 Ko,https://ged.staffdecor.fr/download/2171,https://ged.staffdecor.fr/reference/1209
soubassements,Conseils de pose SOUBASSEMENTS-2018.pdf,pdf,8.88 Mo,https://ged.staffdecor.fr/download/5541,https://ged.staffdecor.fr/reference/soubassements
1206-459,Moulures - 1206.stl,stl,11.48 Ko,https://ged.staffdecor.fr/download/7151,https://ged.staffdecor.fr/reference/1206-459
30-58,30-58.jpg,jpg,54.29 Ko,https://ged.staffdecor.fr/download/2616,https://ged.staffdecor.fr/reference/30-58
res-12,Ornements - RES.12.pdf,pdf,51.04 Ko,https://ged.staffdecor.fr/download/6651,https://ged.staffdecor.fr/reference/res-12
1367,1367.rfa,rfa,221.18 Ko,https://ged.staffdecor.fr/download/1746,https://ged.staffdecor.fr/reference/1367
1327,Moulures - 1327.stl,stl,8.35 Mo,https://ged.staffdecor.fr/download/7180,https://ged.staffdecor.fr/reference/1327
30-03-43,Colonne-Ø20-socle-chapiteau.rfa,rfa,561.15 Ko,https://ged.staffdecor.fr/download/1652,https://ged.staffdecor.fr/reference/30-03-43
1151,Moulure - 1151.skp,skp,9.64 Mo,https://ged.staffdecor.fr/download/6098,https://ged.staffdecor.fr/reference/1151
d880a-1,D880A.jpg,jpg,692.99 Ko,https://ged.staffdecor.fr/download/3519,https://ged.staffdecor.fr/reference/d880a-1
d655,Corniche - D655.skp,skp,8.85 Mo,https://ged.staffdecor.fr/download/6260,https://ged.staffdecor.fr/reference/d655
d605,D605.rfa,rfa,229.37 Ko,https://ged.staffdecor.fr/download/974,https://ged.staffdecor.fr/reference/d605
1202bh,1202BH.jpg,jpg,63.99 Ko,https://ged.staffdecor.fr/download/2091,https://ged.staffdecor.fr/reference/1202bh
1145c,1145C.jpg,jpg,652.98 Ko,https://ged.staffdecor.fr/download/36,https://ged.staffdecor.fr/reference/1145c
plin10m,PLIN10M.rfa,rfa,217.08 Ko,https://ged.staffdecor.fr/download/1487,https://ged.staffdecor.fr/reference/plin10m
enc32,ENC32.pdf,pdf,51.03 Ko,https://ged.staffdecor.fr/download/4234,https://ged.staffdecor.fr/reference/enc32
plin15,PLIN15.rfa,rfa,233.47 Ko,https://ged.staffdecor.fr/download/1510,https://ged.staffdecor.fr/reference/plin15
d612,Corniches - D612.stl,stl,64.48 Ko,https://ged.staffdecor.fr/download/6841,https://ged.staffdecor.fr/reference/d612
d801,D801.jpg,jpg,159.57 Ko,https://ged.staffdecor.fr/download/1176,https://ged.staffdecor.fr/reference/d801
sd7044,SD7044.jpg,jpg,47.57 Ko,https://ged.staffdecor.fr/download/2440,https://ged.staffdecor.fr/reference/sd7044
d118-2,D118.stp,stp,23.04 Ko,https://ged.staffdecor.fr/download/3156,https://ged.staffdecor.fr/reference/d118-2
xl150-1,Gamme Variance - X.L150.pdf,pdf,51.77 Ko,https://ged.staffdecor.fr/download/6339,https://ged.staffdecor.fr/reference/xl150-1
m202,Rosaces - M202.max,max,622.26 Mo,https://ged.staffdecor.fr/download/4862,https://ged.staffdecor.fr/reference/m202
orn20-988,Ornements - ORN20.png,png,365.59 Ko,https://ged.staffdecor.fr/download/6212,https://ged.staffdecor.fr/reference/orn20-988
xd150,Profils - XD150.png,png,656.7 Ko,https://ged.staffdecor.fr/download/6324,https://ged.staffdecor.fr/reference/xd150
d580-2,D580_rendu.png,png,50.15 Mo,https://ged.staffdecor.fr/download/6821,https://ged.staffdecor.fr/reference/d580-2
bp-pf3-215,BP.PF3.rfa,rfa,233.47 Ko,https://ged.staffdecor.fr/download/1311,https://ged.staffdecor.fr/reference/bp-pf3-215
pl-r02-255,PL-R02.jpg,jpg,105.64 Ko,https://ged.staffdecor.fr/download/2421,https://ged.staffdecor.fr/reference/pl-r02-255
1207,Moulures - 1207.skp,skp,248.05 Ko,https://ged.staffdecor.fr/download/5664,https://ged.staffdecor.fr/reference/1207
d814,D814_rendu.png,png,7.37 Mo,https://ged.staffdecor.fr/download/3368,https://ged.staffdecor.fr/reference/d814
bl170r50i,Profils LED - BL170R50I.png,png,64.4 Ko,https://ged.staffdecor.fr/download/6553,https://ged.staffdecor.fr/reference/bl170r50i
d840,Corniche - D840.skp,skp,311.14 Ko,https://ged.staffdecor.fr/download/6046,https://ged.staffdecor.fr/reference/d840
d835,D835.stp,stp,56.13 Ko,https://ged.staffdecor.fr/download/839,https://ged.staffdecor.fr/reference/d835
7039-flower-295,Parements - 7039A.png,png,944.71 Ko,https://ged.staffdecor.fr/download/5842,https://ged.staffdecor.fr/reference/7039-flower-295
d880b,Corniches - D880B.stl,stl,1.32 Mo,https://ged.staffdecor.fr/download/6932,https://ged.staffdecor.fr/reference/d880b
1301,1301.max,max,281.01 Mo,https://ged.staffdecor.fr/download/3938,https://ged.staffdecor.fr/reference/1301
1132-685,Rendu_1132.png,png,649.23 Ko,https://ged.staffdecor.fr/download/3974,https://ged.staffdecor.fr/reference/1132-685
d113m,Corniche - D113M.skp,skp,344.05 Ko,https://ged.staffdecor.fr/download/6228,https://ged.staffdecor.fr/reference/d113m
e1515e,E1515E.rfa,rfa,217.08 Ko,https://ged.staffdecor.fr/download/1793,https://ged.staffdecor.fr/reference/e1515e
45-05,45-05.rfa,rfa,466.94 Ko,https://ged.staffdecor.fr/download/2535,https://ged.staffdecor.fr/reference/45-05
d608,D608_rendu.png,png,8.43 Mo,https://ged.staffdecor.fr/download/3229,https://ged.staffdecor.fr/reference/d608
chevet2d-et-g-204,CHEVET2D - CHEVET2G.pdf,pdf,63.76 Ko,https://ged.staffdecor.fr/download/3395,https://ged.staffdecor.fr/reference/chevet2d-et-g-204
d880,D880.stp,stp,265.8 Ko,https://ged.staffdecor.fr/download/958,https://ged.staffdecor.fr/reference/d880
d801,Corniches - D801.stl,stl,102.28 Ko,https://ged.staffdecor.fr/download/6902,https://ged.staffdecor.fr/reference/d801
cl32,CL32.jpg,jpg,47.26 Ko,https://ged.staffdecor.fr/download/536,https://ged.staffdecor.fr/reference/cl32
plip1219,Plinthes - PLIP1219.png,png,420 Ko,https://ged.staffdecor.fr/download/6467,https://ged.staffdecor.fr/reference/plip1219
orn25,Ornements - ORN25.png,png,1.07 Mo,https://ged.staffdecor.fr/download/6288,https://ged.staffdecor.fr/reference/orn25
d890,D890.jpg,jpg,655.17 Ko,https://ged.staffdecor.fr/download/2158,https://ged.staffdecor.fr/reference/d890
plin15a,Plinthes - PLIN15A.skp,skp,311.1 Ko,https://ged.staffdecor.fr/download/6510,https://ged.staffdecor.fr/reference/plin15a
d631,Corniches - D631.obj,obj,20.95 Ko,https://ged.staffdecor.fr/download/5884,https://ged.staffdecor.fr/reference/d631
orn3d-823,Ornement - ORN.3D.skp,skp,4.04 Mo,https://ged.staffdecor.fr/download/6420,https://ged.staffdecor.fr/reference/orn3d-823
plafonniers,Plafonniers.png,png,1.91 Mo,https://ged.staffdecor.fr/download/6722,https://ged.staffdecor.fr/reference/plafonniers
1145c-1,1145C.jpg,jpg,652.98 Ko,https://ged.staffdecor.fr/download/3915,https://ged.staffdecor.fr/reference/1145c-1
0712,niches cul-de-four (type 0710).rfa,rfa,442.36 Ko,https://ged.staffdecor.fr/download/2819,https://ged.staffdecor.fr/reference/0712
pl602,PL602.rfa,rfa,3.1 Mo,https://ged.staffdecor.fr/download/1471,https://ged.staffdecor.fr/reference/pl602
d563,Corniches - D563.max,max,716.8 Ko,https://ged.staffdecor.fr/download/4848,https://ged.staffdecor.fr/reference/d563
mods,MODS.rfa,rfa,249.85 Ko,https://ged.staffdecor.fr/download/1993,https://ged.staffdecor.fr/reference/mods
7060-bruges-296,7060.jpg,jpg,149.18 Ko,https://ged.staffdecor.fr/download/2196,https://ged.staffdecor.fr/reference/7060-bruges-296
d617,Corniches-D617.pdf,pdf,49.74 Ko,https://ged.staffdecor.fr/download/4509,https://ged.staffdecor.fr/reference/d617
22107,Côtés de passages et dessous de poutres-22107.pdf,pdf,53.48 Ko,https://ged.staffdecor.fr/download/5986,https://ged.staffdecor.fr/reference/22107
d513,Corniches - D513.stl,stl,3.14 Mo,https://ged.staffdecor.fr/download/6780,https://ged.staffdecor.fr/reference/d513
1102,Moulures - 1102.png,png,58.75 Ko,https://ged.staffdecor.fr/download/6696,https://ged.staffdecor.fr/reference/1102
1220-1,Moulures - 1220.skp,skp,250.47 Ko,https://ged.staffdecor.fr/download/5609,https://ged.staffdecor.fr/reference/1220-1
0724,niches (type 0714).rfa,rfa,331.77 Ko,https://ged.staffdecor.fr/download/2801,https://ged.staffdecor.fr/reference/0724
1209,1209.jpg,jpg,80.03 Ko,https://ged.staffdecor.fr/download/2173,https://ged.staffdecor.fr/reference/1209
1417,1417 (2) copie.jpg,jpg,8.34 Mo,https://ged.staffdecor.fr/download/5419,https://ged.staffdecor.fr/reference/1417
9214,Rendu_9214.png,png,2.5 Mo,https://ged.staffdecor.fr/download/3668,https://ged.staffdecor.fr/reference/9214
pl314,PL310-gamme.rfa,rfa,2.71 Mo,https://ged.staffdecor.fr/download/1413,https://ged.staffdecor.fr/reference/pl314
d101-1,Corniches - D101.rfa,rfa,221.18 Ko,https://ged.staffdecor.fr/download/4773,https://ged.staffdecor.fr/reference/d101-1
1301,Moulure-1301.pdf,pdf,63.13 Ko,https://ged.staffdecor.fr/download/5505,https://ged.staffdecor.fr/reference/1301
d607,Corniches-D607.pdf,pdf,49.49 Ko,https://ged.staffdecor.fr/download/4416,https://ged.staffdecor.fr/reference/d607
31-02-506,30-03.jpg,jpg,157.73 Ko,https://ged.staffdecor.fr/download/2476,https://ged.staffdecor.fr/reference/31-02-506
emb95-ebl0430-367,EMB95 et EBL0430.stp,stp,311.35 Ko,https://ged.staffdecor.fr/download/1286,https://ged.staffdecor.fr/reference/emb95-ebl0430-367
d708,D708.max,max,831.48 Ko,https://ged.staffdecor.fr/download/3603,https://ged.staffdecor.fr/reference/d708
d555,D555.stp,stp,22.57 Ko,https://ged.staffdecor.fr/download/1014,https://ged.staffdecor.fr/reference/d555
d606,D606_rendu.png,png,8.44 Mo,https://ged.staffdecor.fr/download/3067,https://ged.staffdecor.fr/reference/d606
cl1213a-1,Parements - CL1213A.pdf,pdf,166.12 Ko,https://ged.staffdecor.fr/download/6570,https://ged.staffdecor.fr/reference/cl1213a-1
1101bh,Moulures - 1101BH.stl,stl,183.68 Ko,https://ged.staffdecor.fr/download/7119,https://ged.staffdecor.fr/reference/1101bh
d905b,Corniches - D905B.stl,stl,28.08 Ko,https://ged.staffdecor.fr/download/6943,https://ged.staffdecor.fr/reference/d905b
plin25-pc-sp,Plinthes - PLIN25 PC SP.step,step,2.93 Mo,https://ged.staffdecor.fr/download/5759,https://ged.staffdecor.fr/reference/plin25-pc-sp
sd7042-harlem,SD7042-1.jpg,jpg,1.14 Mo,https://ged.staffdecor.fr/download/4187,https://ged.staffdecor.fr/reference/sd7042-harlem
1112,1112.max,max,134.51 Mo,https://ged.staffdecor.fr/download/3930,https://ged.staffdecor.fr/reference/1112
1202,Moulure-1202.pdf,pdf,49.09 Ko,https://ged.staffdecor.fr/download/4670,https://ged.staffdecor.fr/reference/1202
d655,Corniches - D655.png,png,1.12 Mo,https://ged.staffdecor.fr/download/6261,https://ged.staffdecor.fr/reference/d655
d579,Corniches - D579.stl,stl,2.28 Ko,https://ged.staffdecor.fr/download/6812,https://ged.staffdecor.fr/reference/d579
d754,Corniches - D754.png,png,595.12 Ko,https://ged.staffdecor.fr/download/6311,https://ged.staffdecor.fr/reference/d754
d510-1,D510.fbx,fbx,30.92 Mo,https://ged.staffdecor.fr/download/5262,https://ged.staffdecor.fr/reference/d510-1
d905b,Corniches - D905B.png,png,293.81 Ko,https://ged.staffdecor.fr/download/6255,https://ged.staffdecor.fr/reference/d905b
d608,D608.stp,stp,48.53 Ko,https://ged.staffdecor.fr/download/955,https://ged.staffdecor.fr/reference/d608
d607,D607.skp,skp,90.62 Ko,https://ged.staffdecor.fr/download/3712,https://ged.staffdecor.fr/reference/d607
d703,Corniches-D703.pdf,pdf,50.12 Ko,https://ged.staffdecor.fr/download/4443,https://ged.staffdecor.fr/reference/d703
orn6g,Ornements - ORN6G.stl,stl,2.46 Mo,https://ged.staffdecor.fr/download/7047,https://ged.staffdecor.fr/reference/orn6g
pl204,PL204.rfa,rfa,1.72 Mo,https://ged.staffdecor.fr/download/1337,https://ged.staffdecor.fr/reference/pl204
1103h,Moulures - 1103H.stl,stl,2.71 Mo,https://ged.staffdecor.fr/download/7125,https://ged.staffdecor.fr/reference/1103h
orn6d-1022,Ornement - ORN.6D.skp,skp,14.88 Mo,https://ged.staffdecor.fr/download/6414,https://ged.staffdecor.fr/reference/orn6d-1022
d576,D576.rfa,rfa,221.18 Ko,https://ged.staffdecor.fr/download/1015,https://ged.staffdecor.fr/reference/d576
d748,D748.stp,stp,20.34 Ko,https://ged.staffdecor.fr/download/1145,https://ged.staffdecor.fr/reference/d748
pl302,Plafonniers - PL302.png,png,101.17 Ko,https://ged.staffdecor.fr/download/6526,https://ged.staffdecor.fr/reference/pl302
bl122,Profil LED -BL122.pdf,pdf,56.63 Ko,https://ged.staffdecor.fr/download/5777,https://ged.staffdecor.fr/reference/bl122
d505,Corniches - D505.stl,stl,5.41 Mo,https://ged.staffdecor.fr/download/6777,https://ged.staffdecor.fr/reference/d505
d704,Corniches-D704.pdf,pdf,49.61 Ko,https://ged.staffdecor.fr/download/4444,https://ged.staffdecor.fr/reference/d704
d560,Corniches - D560.stl,stl,26.08 Ko,https://ged.staffdecor.fr/download/6793,https://ged.staffdecor.fr/reference/d560
pl601,PL601.stp,stp,1.61 Mo,https://ged.staffdecor.fr/download/1438,https://ged.staffdecor.fr/reference/pl601
d118-2,Corniches - D118 - montage.pdf,pdf,62.49 Ko,https://ged.staffdecor.fr/download/5123,https://ged.staffdecor.fr/reference/d118-2
6030,6030.rfa,rfa,233.47 Ko,https://ged.staffdecor.fr/download/2283,https://ged.staffdecor.fr/reference/6030
pl204,Plafonniers - PL204.png,png,67.91 Ko,https://ged.staffdecor.fr/download/6535,https://ged.staffdecor.fr/reference/pl204
0712,0712.stp,stp,1.11 Mo,https://ged.staffdecor.fr/download/2808,https://ged.staffdecor.fr/reference/0712
1107p,1107P.stp,stp,730.24 Ko,https://ged.staffdecor.fr/download/1978,https://ged.staffdecor.fr/reference/1107p
d567,Corniches - D567.max,max,749.56 Ko,https://ged.staffdecor.fr/download/4851,https://ged.staffdecor.fr/reference/d567
30-54,Demies-colonnes lisses.rfa,rfa,290.81 Ko,https://ged.staffdecor.fr/download/2564,https://ged.staffdecor.fr/reference/30-54
cl31-facet-6,CL31 A et B FACET.stp,stp,786.36 Ko,https://ged.staffdecor.fr/download/851,https://ged.staffdecor.fr/reference/cl31-facet-6
d114m,D114M.stp,stp,27.88 Ko,https://ged.staffdecor.fr/download/813,https://ged.staffdecor.fr/reference/d114m
d579,Corniches - D579.obj,obj,3.63 Ko,https://ged.staffdecor.fr/download/5896,https://ged.staffdecor.fr/reference/d579
res-9,Ornements - RES.9.png,png,1.24 Mo,https://ged.staffdecor.fr/download/6645,https://ged.staffdecor.fr/reference/res-9
d707,Corniches-D707.pdf,pdf,49.52 Ko,https://ged.staffdecor.fr/download/4445,https://ged.staffdecor.fr/reference/d707
d105a-b,Corniches - D105A.max,max,778.24 Ko,https://ged.staffdecor.fr/download/4830,https://ged.staffdecor.fr/reference/d105a-b
d570-1,Corniches - D570.stl,stl,7.2 Mo,https://ged.staffdecor.fr/download/6803,https://ged.staffdecor.fr/reference/d570-1
d564,Corniches-D564.pdf,pdf,49.09 Ko,https://ged.staffdecor.fr/download/4462,https://ged.staffdecor.fr/reference/d564
d652b,D652B_rendu.png,png,9.39 Mo,https://ged.staffdecor.fr/download/3511,https://ged.staffdecor.fr/reference/d652b
d652b,D652B_8_rendu.png,png,8.57 Mo,https://ged.staffdecor.fr/download/3512,https://ged.staffdecor.fr/reference/d652b
sdpa2,Corniches - SDPA2.png,png,598.95 Ko,https://ged.staffdecor.fr/download/6276,https://ged.staffdecor.fr/reference/sdpa2
1364,1364.rfa,rfa,221.18 Ko,https://ged.staffdecor.fr/download/4706,https://ged.staffdecor.fr/reference/1364
bl170,Profil LED -BL170.pdf,pdf,64.34 Ko,https://ged.staffdecor.fr/download/5457,https://ged.staffdecor.fr/reference/bl170
pl-puits1-170,Puits de lumière - PL.PUITS1.png,png,397.93 Ko,https://ged.staffdecor.fr/download/6601,https://ged.staffdecor.fr/reference/pl-puits1-170
d117,Corniches - D117.stl,stl,24.68 Ko,https://ged.staffdecor.fr/download/6755,https://ged.staffdecor.fr/reference/d117
d515,D515.jpg,jpg,623.13 Ko,https://ged.staffdecor.fr/download/194,https://ged.staffdecor.fr/reference/d515
m250,M250_rendu.png,png,7.7 Mo,https://ged.staffdecor.fr/download/3623,https://ged.staffdecor.fr/reference/m250
plincl12-pca,Rendu_PLINCL12.PCA.png,png,3.99 Mo,https://ged.staffdecor.fr/download/3848,https://ged.staffdecor.fr/reference/plincl12-pca
d575-108,D575.rfa,rfa,208.89 Ko,https://ged.staffdecor.fr/download/994,https://ged.staffdecor.fr/reference/d575-108
d905b,Corniches - D905B.pdf,pdf,56.84 Ko,https://ged.staffdecor.fr/download/6203,https://ged.staffdecor.fr/reference/d905b
moaplin10m,MOAPLIN10M.jpg,jpg,46.44 Ko,https://ged.staffdecor.fr/download/703,https://ged.staffdecor.fr/reference/moaplin10m
d810,D810.jpg,jpg,2.86 Mo,https://ged.staffdecor.fr/download/5307,https://ged.staffdecor.fr/reference/d810
cl31-facet-6,CL31B.rfa,rfa,270.33 Ko,https://ged.staffdecor.fr/download/853,https://ged.staffdecor.fr/reference/cl31-facet-6
d898,D898-solide.rfa,rfa,442.36 Ko,https://ged.staffdecor.fr/download/1033,https://ged.staffdecor.fr/reference/d898
a-plas8,A.PLAS8.jpg,jpg,102.28 Ko,https://ged.staffdecor.fr/download/4245,https://ged.staffdecor.fr/reference/a-plas8
pl204,PL204.rfa,rfa,1.72 Mo,https://ged.staffdecor.fr/download/1339,https://ged.staffdecor.fr/reference/pl204
2060,Côtés de passages et dessous de poutres-2060.pdf,pdf,57.43 Ko,https://ged.staffdecor.fr/download/5999,https://ged.staffdecor.fr/reference/2060
d560,Corniches-D560.pdf,pdf,49.64 Ko,https://ged.staffdecor.fr/download/4409,https://ged.staffdecor.fr/reference/d560
1202,Moulures - 1202.skp,skp,247.09 Ko,https://ged.staffdecor.fr/download/5667,https://ged.staffdecor.fr/reference/1202
9227,9227.max,max,1.06 Mo,https://ged.staffdecor.fr/download/3685,https://ged.staffdecor.fr/reference/9227
1301,Moulures - 1301.stl,stl,2.44 Mo,https://ged.staffdecor.fr/download/7173,https://ged.staffdecor.fr/reference/1301
d844,Corniches-D844.pdf,pdf,50.71 Ko,https://ged.staffdecor.fr/download/4528,https://ged.staffdecor.fr/reference/d844
d890a,D890-D890A.pdf,pdf,456.4 Ko,https://ged.staffdecor.fr/download/2175,https://ged.staffdecor.fr/reference/d890a
1206r,Moulure-1206 R.pdf,pdf,49.74 Ko,https://ged.staffdecor.fr/download/4641,https://ged.staffdecor.fr/reference/1206r
d840,D840.jpg,jpg,633.79 Ko,https://ged.staffdecor.fr/download/4279,https://ged.staffdecor.fr/reference/d840
m299,M299 .jpg,jpg,8.63 Mo,https://ged.staffdecor.fr/download/5316,https://ged.staffdecor.fr/reference/m299
1212,Moulure-1212.pdf,pdf,48.93 Ko,https://ged.staffdecor.fr/download/4678,https://ged.staffdecor.fr/reference/1212
d540,D540_rendu3D.png,png,7.42 Mo,https://ged.staffdecor.fr/download/3193,https://ged.staffdecor.fr/reference/d540
d100,D100.fbx,fbx,31.21 Ko,https://ged.staffdecor.fr/download/4770,https://ged.staffdecor.fr/reference/d100
decaisse-grg,Plafonds décaissés - GRG.skp,skp,631.5 Ko,https://ged.staffdecor.fr/download/6555,https://ged.staffdecor.fr/reference/decaisse-grg
d114m,D114M.jpg,jpg,50.65 Ko,https://ged.staffdecor.fr/download/150,https://ged.staffdecor.fr/reference/d114m
plin08m-pca,PLIN08M.PCA.max,max,802.81 Ko,https://ged.staffdecor.fr/download/3773,https://ged.staffdecor.fr/reference/plin08m-pca
d601,D601_rendu.png,png,8.46 Mo,https://ged.staffdecor.fr/download/3064,https://ged.staffdecor.fr/reference/d601
e0535e-404,E0535E.pdf,pdf,60.32 Ko,https://ged.staffdecor.fr/download/4058,https://ged.staffdecor.fr/reference/e0535e-404
d616b,Corniche - D616B.skp,skp,11.26 Mo,https://ged.staffdecor.fr/download/6030,https://ged.staffdecor.fr/reference/d616b
9012,9012.max,max,811 Ko,https://ged.staffdecor.fr/download/3655,https://ged.staffdecor.fr/reference/9012
d103-1,Corniches-D103.pdf,pdf,50.57 Ko,https://ged.staffdecor.fr/download/4554,https://ged.staffdecor.fr/reference/d103-1
d556-2,Corniche - D556.skp,skp,220.23 Ko,https://ged.staffdecor.fr/download/5574,https://ged.staffdecor.fr/reference/d556-2
pl222,PL222.jpg,jpg,64.32 Ko,https://ged.staffdecor.fr/download/1351,https://ged.staffdecor.fr/reference/pl222
d898,Corniches - D898.stl,stl,59.48 Ko,https://ged.staffdecor.fr/download/6947,https://ged.staffdecor.fr/reference/d898
d814,D814.stp,stp,585.71 Ko,https://ged.staffdecor.fr/download/1037,https://ged.staffdecor.fr/reference/d814
2618,2618.jpg,jpg,52.56 Ko,https://ged.staffdecor.fr/download/2766,https://ged.staffdecor.fr/reference/2618
chevet1,CHEVET1.stp,stp,75.73 Ko,https://ged.staffdecor.fr/download/1280,https://ged.staffdecor.fr/reference/chevet1
d101-1,D101.obj,obj,14.73 Ko,https://ged.staffdecor.fr/download/4323,https://ged.staffdecor.fr/reference/d101-1
pl-voile-168,PLVOILE.max,max,1.74 Mo,https://ged.staffdecor.fr/download/3645,https://ged.staffdecor.fr/reference/pl-voile-168
1436,Rosaces - 1436.png,png,285.61 Ko,https://ged.staffdecor.fr/download/6613,https://ged.staffdecor.fr/reference/1436
9222,Rendu_9222.png,png,2.04 Mo,https://ged.staffdecor.fr/download/3676,https://ged.staffdecor.fr/reference/9222
d703,D703_rendu.png,png,8.56 Mo,https://ged.staffdecor.fr/download/3401,https://ged.staffdecor.fr/reference/d703
tal1343,Talons - TAL1343.png,png,173.36 Ko,https://ged.staffdecor.fr/download/6450,https://ged.staffdecor.fr/reference/tal1343
1121,Moulure-1121.pdf,pdf,49.14 Ko,https://ged.staffdecor.fr/download/4656,https://ged.staffdecor.fr/reference/1121
40-40-39,40-04et40-40.rfa,rfa,425.98 Ko,https://ged.staffdecor.fr/download/1638,https://ged.staffdecor.fr/reference/40-40-39
1102,1102.jpg,jpg,632.81 Ko,https://ged.staffdecor.fr/download/22,https://ged.staffdecor.fr/reference/1102
us1040-419,US1040.stp,stp,28.8 Ko,https://ged.staffdecor.fr/download/1830,https://ged.staffdecor.fr/reference/us1040-419
7062-mosaic,7062-Mosaic.jpg,jpg,158.86 Ko,https://ged.staffdecor.fr/download/581,https://ged.staffdecor.fr/reference/7062-mosaic
bl130,Profils LED - BL130.skp,skp,63.19 Mo,https://ged.staffdecor.fr/download/7106,https://ged.staffdecor.fr/reference/bl130
m040,Rosaces - M040.png,png,939.93 Ko,https://ged.staffdecor.fr/download/6953,https://ged.staffdecor.fr/reference/m040
decaisse-grg-d565-d601-d611,Plafonds décaissés - GRG D565 D601 D611.skp,skp,337.96 Ko,https://ged.staffdecor.fr/download/6556,https://ged.staffdecor.fr/reference/decaisse-grg-d565-d601-d611
plin10ma,Plinthes - PLIN10MA.png,png,637.73 Ko,https://ged.staffdecor.fr/download/6430,https://ged.staffdecor.fr/reference/plin10ma
d720,Corniches - D720.stl,stl,5.48 Ko,https://ged.staffdecor.fr/download/6896,https://ged.staffdecor.fr/reference/d720
d114m,Corniches - D114M - montage.pdf,pdf,67.83 Ko,https://ged.staffdecor.fr/download/5121,https://ged.staffdecor.fr/reference/d114m
us1040-419,US1040.rfa,rfa,249.85 Ko,https://ged.staffdecor.fr/download/1831,https://ged.staffdecor.fr/reference/us1040-419
31-52-389,31-52.stp,stp,744.34 Ko,https://ged.staffdecor.fr/download/2487,https://ged.staffdecor.fr/reference/31-52-389
d605,Corniche - D605.skp,skp,108.3 Ko,https://ged.staffdecor.fr/download/6827,https://ged.staffdecor.fr/reference/d605
1145c,Cimaises- 1145C.skp,skp,269.04 Ko,https://ged.staffdecor.fr/download/5615,https://ged.staffdecor.fr/reference/1145c
d657,D657.skp,skp,400.36 Ko,https://ged.staffdecor.fr/download/3739,https://ged.staffdecor.fr/reference/d657
9041-748,9041.png,png,6.97 Mo,https://ged.staffdecor.fr/download/4378,https://ged.staffdecor.fr/reference/9041-748
d608,Corniches-D608.pdf,pdf,50.34 Ko,https://ged.staffdecor.fr/download/4417,https://ged.staffdecor.fr/reference/d608
d105a-b,D105A.stp,stp,22.27 Ko,https://ged.staffdecor.fr/download/802,https://ged.staffdecor.fr/reference/d105a-b
d563,D563.rfa,rfa,237.56 Ko,https://ged.staffdecor.fr/download/1021,https://ged.staffdecor.fr/reference/d563
d561,Corniches - D561.obj,obj,2.49 Ko,https://ged.staffdecor.fr/download/5908,https://ged.staffdecor.fr/reference/d561
d568,Corniches - D568.stl,stl,3.68 Ko,https://ged.staffdecor.fr/download/6801,https://ged.staffdecor.fr/reference/d568
d652,D652_rendu.png,png,8.31 Mo,https://ged.staffdecor.fr/download/3261,https://ged.staffdecor.fr/reference/d652
d530,Corniches - D530.stl,stl,8.83 Mo,https://ged.staffdecor.fr/download/6785,https://ged.staffdecor.fr/reference/d530
d617,Corniche - D617.skp,skp,363.11 Ko,https://ged.staffdecor.fr/download/6241,https://ged.staffdecor.fr/reference/d617
1207,1207.stp,stp,43.35 Ko,https://ged.staffdecor.fr/download/1723,https://ged.staffdecor.fr/reference/1207
1151,1151.png,png,1.44 Mo,https://ged.staffdecor.fr/download/3931,https://ged.staffdecor.fr/reference/1151
1341,Moulures - 1341.stl,stl,49.88 Ko,https://ged.staffdecor.fr/download/7170,https://ged.staffdecor.fr/reference/1341
mod24,MOD24.jpg,jpg,51.97 Ko,https://ged.staffdecor.fr/download/2012,https://ged.staffdecor.fr/reference/mod24
d525,Corniches - D525.max,max,48.85 Mo,https://ged.staffdecor.fr/download/4840,https://ged.staffdecor.fr/reference/d525
plin10m,PLIN10M.stp,stp,22.08 Ko,https://ged.staffdecor.fr/download/1488,https://ged.staffdecor.fr/reference/plin10m
sdc2-1,SDC2.max,max,798.72 Ko,https://ged.staffdecor.fr/download/4181,https://ged.staffdecor.fr/reference/sdc2-1
cl1213b,Parements - CL13B.max,max,1.44 Mo,https://ged.staffdecor.fr/download/5710,https://ged.staffdecor.fr/reference/cl1213b
corniches-3,Corniches.png,png,7.62 Mo,https://ged.staffdecor.fr/download/6706,https://ged.staffdecor.fr/reference/corniches-3
cl1213b-1,Parements - CL1213B.png,png,5.22 Mo,https://ged.staffdecor.fr/download/6567,https://ged.staffdecor.fr/reference/cl1213b-1
bl132,BL132.stp,stp,18.13 Ko,https://ged.staffdecor.fr/download/1299,https://ged.staffdecor.fr/reference/bl132
d879,D879.dwg,dwg,2.97 Mo,https://ged.staffdecor.fr/download/6926,https://ged.staffdecor.fr/reference/d879
7079,7079.stp,stp,191.57 Mo,https://ged.staffdecor.fr/download/731,https://ged.staffdecor.fr/reference/7079
mod24,MODULOSTAFF.pdf,pdf,1.13 Mo,https://ged.staffdecor.fr/download/2004,https://ged.staffdecor.fr/reference/mod24
20-06s-398,20-06Set20-56S.rfa,rfa,262.14 Ko,https://ged.staffdecor.fr/download/1754,https://ged.staffdecor.fr/reference/20-06s-398
2800l,Côtés de passages et dessous de poutres-2800L.pdf,pdf,130.6 Ko,https://ged.staffdecor.fr/download/5975,https://ged.staffdecor.fr/reference/2800l
bp-pf2-214,Profils de finition - BP.PF2.skp,skp,289.58 Ko,https://ged.staffdecor.fr/download/7078,https://ged.staffdecor.fr/reference/bp-pf2-214
d616b,D616B.obj,obj,268.2 Mo,https://ged.staffdecor.fr/download/4353,https://ged.staffdecor.fr/reference/d616b
1107,1107.rfa,rfa,221.18 Ko,https://ged.staffdecor.fr/download/1695,https://ged.staffdecor.fr/reference/1107
1121,Moulures - 1121.skp,skp,249.94 Ko,https://ged.staffdecor.fr/download/5649,https://ged.staffdecor.fr/reference/1121
0712,Niches - 0712.stl,stl,1.66 Mo,https://ged.staffdecor.fr/download/7058,https://ged.staffdecor.fr/reference/0712
plin40-s,Plinthes - PLIN40.S.png,png,1.87 Mo,https://ged.staffdecor.fr/download/6443,https://ged.staffdecor.fr/reference/plin40-s
m306,Rosaces - M306.max,max,7.61 Mo,https://ged.staffdecor.fr/download/4871,https://ged.staffdecor.fr/reference/m306
1220-1,Moulures - 1220.stl,stl,25.68 Ko,https://ged.staffdecor.fr/download/7172,https://ged.staffdecor.fr/reference/1220-1
d613,D613_rendu.png,png,7.34 Mo,https://ged.staffdecor.fr/download/3196,https://ged.staffdecor.fr/reference/d613
plin40-r,PLIN40.R.step,step,1.27 Mo,https://ged.staffdecor.fr/download/4725,https://ged.staffdecor.fr/reference/plin40-r
9214,9214.stp,stp,321.71 Ko,https://ged.staffdecor.fr/download/746,https://ged.staffdecor.fr/reference/9214
chevet1,CHEVET1.rfa,rfa,512 Ko,https://ged.staffdecor.fr/download/1279,https://ged.staffdecor.fr/reference/chevet1
d888,Corniches - D888.skp,skp,253.48 Ko,https://ged.staffdecor.fr/download/5620,https://ged.staffdecor.fr/reference/d888
d572,D572_rendu.png,png,6.56 Mo,https://ged.staffdecor.fr/download/3246,https://ged.staffdecor.fr/reference/d572
d703,D703.jpg,jpg,615.95 Ko,https://ged.staffdecor.fr/download/179,https://ged.staffdecor.fr/reference/d703
plin25-pc-sp,PLIN25 PC SP.step,step,3.32 Mo,https://ged.staffdecor.fr/download/4217,https://ged.staffdecor.fr/reference/plin25-pc-sp
plaques-acoustiques,Plaques acoustiques.png,png,1.74 Mo,https://ged.staffdecor.fr/download/6782,https://ged.staffdecor.fr/reference/plaques-acoustiques
cl13a-et-b-583,Parements - CL13 A et B.step,step,586.56 Ko,https://ged.staffdecor.fr/download/5492,https://ged.staffdecor.fr/reference/cl13a-et-b-583
tal12res-690,TAL12RES (droit).step,step,14.51 Ko,https://ged.staffdecor.fr/download/4048,https://ged.staffdecor.fr/reference/tal12res-690
1221,1221.stp,stp,40.97 Ko,https://ged.staffdecor.fr/download/1729,https://ged.staffdecor.fr/reference/1221
2724,2724.jpg,jpg,39.45 Ko,https://ged.staffdecor.fr/download/2744,https://ged.staffdecor.fr/reference/2724
d879b2,Corniches - D879B2.png,png,1.07 Mo,https://ged.staffdecor.fr/download/6294,https://ged.staffdecor.fr/reference/d879b2
1005,1005.stp,stp,141.67 Ko,https://ged.staffdecor.fr/download/1778,https://ged.staffdecor.fr/reference/1005
sd7042-harlem-317,SD7042 Harlem.stp,stp,18.36 Ko,https://ged.staffdecor.fr/download/1578,https://ged.staffdecor.fr/reference/sd7042-harlem-317
1107-p,Moulure-1107 + P.pdf,pdf,49.87 Ko,https://ged.staffdecor.fr/download/4634,https://ged.staffdecor.fr/reference/1107-p
plin08,PLIN08.stp,stp,37.71 Ko,https://ged.staffdecor.fr/download/1492,https://ged.staffdecor.fr/reference/plin08
sdc1-1,SDC1.png,png,934.35 Ko,https://ged.staffdecor.fr/download/3893,https://ged.staffdecor.fr/reference/sdc1-1
d631,D631.stp,stp,22.3 Ko,https://ged.staffdecor.fr/download/997,https://ged.staffdecor.fr/reference/d631
m502,Rosace - M502.skp,skp,173.03 Ko,https://ged.staffdecor.fr/download/7025,https://ged.staffdecor.fr/reference/m502
1103c,Cimaises - 1103C.skp,skp,338.56 Ko,https://ged.staffdecor.fr/download/5613,https://ged.staffdecor.fr/reference/1103c
sdpa2,Corniches-SDPA2.pdf,pdf,49.2 Ko,https://ged.staffdecor.fr/download/4491,https://ged.staffdecor.fr/reference/sdpa2
d114,D114.jpg,jpg,50.66 Ko,https://ged.staffdecor.fr/download/4290,https://ged.staffdecor.fr/reference/d114
a-plas8,Encastrés-A.PLAS8.max,max,11.32 Mo,https://ged.staffdecor.fr/download/6018,https://ged.staffdecor.fr/reference/a-plas8
vague-de-separation-d577-199,Vague de séparation D577.rfa,rfa,360.44 Ko,https://ged.staffdecor.fr/download/1194,https://ged.staffdecor.fr/reference/vague-de-separation-d577-199
e0535e-404,E0535E.jpg,jpg,36.21 Ko,https://ged.staffdecor.fr/download/1910,https://ged.staffdecor.fr/reference/e0535e-404
d616a,Corniches - D616A.stl,stl,2.51 Mo,https://ged.staffdecor.fr/download/6849,https://ged.staffdecor.fr/reference/d616a
m252,Rosace - M252.skp,skp,12.49 Mo,https://ged.staffdecor.fr/download/6057,https://ged.staffdecor.fr/reference/m252
m073,Rosaces - M073.png,png,688.05 Ko,https://ged.staffdecor.fr/download/6974,https://ged.staffdecor.fr/reference/m073
d116,Corniches - D116 - montage.pdf,pdf,69.5 Ko,https://ged.staffdecor.fr/download/5122,https://ged.staffdecor.fr/reference/d116
d651,D651.skp,skp,375.11 Ko,https://ged.staffdecor.fr/download/3735,https://ged.staffdecor.fr/reference/d651
d108-1,D108_rendu.png,png,4.49 Mo,https://ged.staffdecor.fr/download/3170,https://ged.staffdecor.fr/reference/d108-1
1409,Ornements - 1409.png,png,635.51 Ko,https://ged.staffdecor.fr/download/6614,https://ged.staffdecor.fr/reference/1409
bp10-1,Profils - BP10.max,max,782.33 Ko,https://ged.staffdecor.fr/download/5472,https://ged.staffdecor.fr/reference/bp10-1
1325,Moulures - 1325.stl,stl,3.17 Mo,https://ged.staffdecor.fr/download/7179,https://ged.staffdecor.fr/reference/1325
d632,D632.stp,stp,85.51 Ko,https://ged.staffdecor.fr/download/2860,https://ged.staffdecor.fr/reference/d632
1345,Moulures - 1345.skp,skp,236.78 Ko,https://ged.staffdecor.fr/download/5657,https://ged.staffdecor.fr/reference/1345
1200bh,Moulure-1200 BH.pdf,pdf,50.09 Ko,https://ged.staffdecor.fr/download/4639,https://ged.staffdecor.fr/reference/1200bh
7038,7038-tétris.jpg,jpg,674.58 Ko,https://ged.staffdecor.fr/download/633,https://ged.staffdecor.fr/reference/7038
m102,Rosaces - M102.png,png,497.47 Ko,https://ged.staffdecor.fr/download/6977,https://ged.staffdecor.fr/reference/m102
d711,Corniche - D711.skp,skp,15.04 Mo,https://ged.staffdecor.fr/download/6269,https://ged.staffdecor.fr/reference/d711
d802,D802.stp,stp,37.18 Ko,https://ged.staffdecor.fr/download/933,https://ged.staffdecor.fr/reference/d802
d709,Corniches-D709.pdf,pdf,49.13 Ko,https://ged.staffdecor.fr/download/4577,https://ged.staffdecor.fr/reference/d709
pl613,PL613.jpg,jpg,185.79 Ko,https://ged.staffdecor.fr/download/2233,https://ged.staffdecor.fr/reference/pl613
1206-459,1206.jpg,jpg,53.91 Ko,https://ged.staffdecor.fr/download/2338,https://ged.staffdecor.fr/reference/1206-459
d605,D605.stp,stp,215.36 Ko,https://ged.staffdecor.fr/download/975,https://ged.staffdecor.fr/reference/d605
d749,Corniches - D749.max,max,798.72 Ko,https://ged.staffdecor.fr/download/4811,https://ged.staffdecor.fr/reference/d749
7051-7053-27,7051.dgk,dgk,30.43 Ko,https://ged.staffdecor.fr/download/3920,https://ged.staffdecor.fr/reference/7051-7053-27
1131,Rendu_1131.png,png,885.31 Ko,https://ged.staffdecor.fr/download/3977,https://ged.staffdecor.fr/reference/1131
d606,D606.rfa,rfa,229.37 Ko,https://ged.staffdecor.fr/download/904,https://ged.staffdecor.fr/reference/d606
d550,Corniches - D550.max,max,166.13 Mo,https://ged.staffdecor.fr/download/4843,https://ged.staffdecor.fr/reference/d550
sdpa4,Corniches-SDPA4.pdf,pdf,49.5 Ko,https://ged.staffdecor.fr/download/4493,https://ged.staffdecor.fr/reference/sdpa4
e0520e-402,E0520E.jpg,jpg,36.7 Ko,https://ged.staffdecor.fr/download/1898,https://ged.staffdecor.fr/reference/e0520e-402
cl1213a,Parements - CL1213A.stl,stl,10.41 Mo,https://ged.staffdecor.fr/download/7085,https://ged.staffdecor.fr/reference/cl1213a
cl1213c,Parements - CL1213C_Pers.png,png,7.78 Mo,https://ged.staffdecor.fr/download/5708,https://ged.staffdecor.fr/reference/cl1213c
31-52-389,31-52.jpg,jpg,162.19 Ko,https://ged.staffdecor.fr/download/2488,https://ged.staffdecor.fr/reference/31-52-389
bl120,Profils LED - BL120.stl,stl,3.63 Ko,https://ged.staffdecor.fr/download/7104,https://ged.staffdecor.fr/reference/bl120
1166,1166.max,max,864.25 Ko,https://ged.staffdecor.fr/download/3964,https://ged.staffdecor.fr/reference/1166
d101-1,Corniches - D101.max,max,794.62 Ko,https://ged.staffdecor.fr/download/4772,https://ged.staffdecor.fr/reference/d101-1
d633,Corniches-D633.pdf,pdf,69.59 Ko,https://ged.staffdecor.fr/download/4478,https://ged.staffdecor.fr/reference/d633
d116,D116.rfa,rfa,233.47 Ko,https://ged.staffdecor.fr/download/819,https://ged.staffdecor.fr/reference/d116
d535,D535.jpg,jpg,2.73 Mo,https://ged.staffdecor.fr/download/5270,https://ged.staffdecor.fr/reference/d535
6032,6032.jpg,jpg,617.4 Ko,https://ged.staffdecor.fr/download/2275,https://ged.staffdecor.fr/reference/6032
d880a-1,Corniches - D880A.stl,stl,2.53 Mo,https://ged.staffdecor.fr/download/6931,https://ged.staffdecor.fr/reference/d880a-1
9315c,9315C.max,max,835.58 Ko,https://ged.staffdecor.fr/download/3692,https://ged.staffdecor.fr/reference/9315c
sdc1,SDC1-High-Line.rfa,rfa,303.1 Ko,https://ged.staffdecor.fr/download/1597,https://ged.staffdecor.fr/reference/sdc1
