sku,categorie,nom_fichier,extension,taille_octets_estimee,taille_affichee_ged,download_url,type_presume
0710,Niches,Niches - 0710.dwg,dwg,551025,538.11 Ko,https://ged.staffdecor.fr/download/5816,INDETERMINE
0712,Niches,0712.dwg,dwg,7444890,7.1 Mo,https://ged.staffdecor.fr/download/2822,3D
0712,Niches,0712.dxf,dxf,37025219,35.31 Mo,https://ged.staffdecor.fr/download/2823,3D
0714,Niches,0714.dwg,dwg,6123684,5.84 Mo,https://ged.staffdecor.fr/download/2790,3D
0714,Niches,0714.dxf,dxf,25459425,24.28 Mo,https://ged.staffdecor.fr/download/2791,3D
0724,Niches,0724.dwg,dwg,6081741,5.8 Mo,https://ged.staffdecor.fr/download/2792,3D
0724,Niches,0724.dxf,dxf,25889341,24.69 Mo,https://ged.staffdecor.fr/download/2793,3D
0726,Niches,0726.dwg,dwg,6480200,6.18 Mo,https://ged.staffdecor.fr/download/2797,3D
0726,Niches,0726.dxf,dxf,26654802,25.42 Mo,https://ged.staffdecor.fr/download/2798,3D
0732,Niches,0732.dwg,dwg,7948206,7.58 Mo,https://ged.staffdecor.fr/download/2824,3D
0732,Niches,0732.dxf,dxf,38870712,37.07 Mo,https://ged.staffdecor.fr/download/2825,3D
0734,Niches,0734.dwg,dwg,6155141,5.87 Mo,https://ged.staffdecor.fr/download/2794,3D
0734,Niches,0734.dxf,dxf,25973228,24.77 Mo,https://ged.staffdecor.fr/download/2795,3D
0744,Niches,0744.dwg,dwg,6155141,5.87 Mo,https://ged.staffdecor.fr/download/2796,3D
0744,Niches,0744.dxf,dxf,26067599,24.86 Mo,https://ged.staffdecor.fr/download/2799,3D
0900,Pilastres,0900.dwg,dwg,133448,130.32 Ko,https://ged.staffdecor.fr/download/11,INDETERMINE
0900,Pilastres,0900.dxf,dxf,491786,480.26 Ko,https://ged.staffdecor.fr/download/1769,INDETERMINE
0905,Pilastres,0905-3D.dwg,dwg,101755,99.37 Ko,https://ged.staffdecor.fr/download/574,3D
0905,Pilastres,0905.dxf,dxf,507515,495.62 Ko,https://ged.staffdecor.fr/download/1774,INDETERMINE
1000,Pilastres,1000-2D.dwg,dwg,150252,146.73 Ko,https://ged.staffdecor.fr/download/572,2D
1000,Pilastres,1000-3D.dwg,dwg,139796,136.52 Ko,https://ged.staffdecor.fr/download/573,3D
1000,Pilastres,1000.dxf,dxf,714609,697.86 Ko,https://ged.staffdecor.fr/download/1777,INDETERMINE
1005,Pilastres,1005-3D.dwg,dwg,341832,333.82 Ko,https://ged.staffdecor.fr/download/1779,3D
1005,Pilastres,1005.dxf,dxf,1384120,1.32 Mo,https://ged.staffdecor.fr/download/1780,INDETERMINE
1101-1108,Moulures,Moulures - 1101 et 1108.dwg,dwg,207841,202.97 Ko,https://ged.staffdecor.fr/download/5136,INDETERMINE
1101bh,Angles et doucines,Moulures - 1101BH.dwg,dwg,246845,241.06 Ko,https://ged.staffdecor.fr/download/5137,INDETERMINE
1101c,Cimaises,1101C.dwg,dwg,179466,175.26 Ko,https://ged.staffdecor.fr/download/3877,INDETERMINE
1101e-1,Angles et doucines,Moulures - 1101E.dwg,dwg,247091,241.3 Ko,https://ged.staffdecor.fr/download/5138,INDETERMINE
1101h,Angles et doucines,Moulures - 1101H.dwg,dwg,260393,254.29 Ko,https://ged.staffdecor.fr/download/5139,INDETERMINE
1102,Moulures,Moulures - 1102.dwg,dwg,264120,257.93 Ko,https://ged.staffdecor.fr/download/5140,INDETERMINE
1102bh,Angles et doucines,Moulures - 1102BH.dwg,dwg,264120,257.93 Ko,https://ged.staffdecor.fr/download/5153,INDETERMINE
1103,Moulures,Moulures - 1103H.dwg,dwg,307466,300.26 Ko,https://ged.staffdecor.fr/download/5141,INDETERMINE
1103bh,Angles et doucines,Moulures - 1103BH.dwg,dwg,264151,257.96 Ko,https://ged.staffdecor.fr/download/5154,INDETERMINE
1103c,Cimaises,1103C.dwg,dwg,142541,139.2 Ko,https://ged.staffdecor.fr/download/3880,INDETERMINE
1103h,Angles et doucines,Moulures - 1103H.dwg,dwg,307466,300.26 Ko,https://ged.staffdecor.fr/download/5155,INDETERMINE
1104,Moulures,Moulures - 1104.dwg,dwg,264120,257.93 Ko,https://ged.staffdecor.fr/download/5426,INDETERMINE
1105,Moulures,Moulures - 1105.dwg,dwg,264120,257.93 Ko,https://ged.staffdecor.fr/download/5429,INDETERMINE
1106,Moulures,Moulures - 1106.dwg,dwg,206387,201.55 Ko,https://ged.staffdecor.fr/download/5214,INDETERMINE
1107,Moulures,Moulures - 1107.dwg,dwg,264120,257.93 Ko,https://ged.staffdecor.fr/download/5144,INDETERMINE
1107-p,Moulures,Moulures - 1107+P.dwg,dwg,279532,272.98 Ko,https://ged.staffdecor.fr/download/5145,INDETERMINE
1107e,Angles et doucines,Moulures - 1107E.dwg,dwg,347372,339.23 Ko,https://ged.staffdecor.fr/download/5156,INDETERMINE
1107p,Angles et doucines,Moulures - 1107P.dwg,dwg,332452,324.66 Ko,https://ged.staffdecor.fr/download/5157,INDETERMINE
1112,Moulures,Moulures - 1112.dwg,dwg,279532,272.98 Ko,https://ged.staffdecor.fr/download/5146,INDETERMINE
1115p,Moulures,Moulures - 1115P.dwg,dwg,268421,262.13 Ko,https://ged.staffdecor.fr/download/5481,INDETERMINE
1120,Moulures,Moulures - 1120.dwg,dwg,315658,308.26 Ko,https://ged.staffdecor.fr/download/5147,INDETERMINE
1121,Moulures,Moulures - 1121.dwg,dwg,315843,308.44 Ko,https://ged.staffdecor.fr/download/5158,INDETERMINE
1124,Moulures,Moulures - 1124.dwg,dwg,326205,318.56 Ko,https://ged.staffdecor.fr/download/5159,INDETERMINE
1125,Moulures,Moulures - 1125.dwg,dwg,330967,323.21 Ko,https://ged.staffdecor.fr/download/5160,INDETERMINE
1130,Moulures,Moulures - 1130.dwg,dwg,341596,333.59 Ko,https://ged.staffdecor.fr/download/5161,INDETERMINE
1131,Moulures,Moulures - 1131.dwg,dwg,346388,338.27 Ko,https://ged.staffdecor.fr/download/5162,INDETERMINE
1132-685,Moulures,Moulures - 1132.dwg,dwg,240548,234.91 Ko,https://ged.staffdecor.fr/download/5163,INDETERMINE
1140c,Moulures,1140C.dwg,dwg,6102712,5.82 Mo,https://ged.staffdecor.fr/download/2328,3D
1140c,Moulures,1140C.dxf,dxf,25302139,24.13 Mo,https://ged.staffdecor.fr/download/2329,3D
1140c-1,Cimaises,1140C.dwg,dwg,138158,134.92 Ko,https://ged.staffdecor.fr/download/3904,INDETERMINE
1141c,Cimaises,1141C.dwg,dwg,6102712,5.82 Mo,https://ged.staffdecor.fr/download/2326,3D
1141c,Cimaises,1141C.dxf,dxf,25302139,24.13 Mo,https://ged.staffdecor.fr/download/2327,3D
1145c,Moulures,1145C-2D.dwg,dwg,114166,111.49 Ko,https://ged.staffdecor.fr/download/37,2D
1145c,Moulures,1145C-pièce.dxf,dxf,659292,643.84 Ko,https://ged.staffdecor.fr/download/1714,INDETERMINE
1150,Moulures,Moulures - 1150.dwg,dwg,317583,310.14 Ko,https://ged.staffdecor.fr/download/5166,INDETERMINE
1151,Moulures,Moulures - 1151.dwg,dwg,323144,315.57 Ko,https://ged.staffdecor.fr/download/5165,INDETERMINE
1155,Moulures,Moulures - 1155.dwg,dwg,323215,315.64 Ko,https://ged.staffdecor.fr/download/5167,INDETERMINE
1156,Moulures,Moulures - 1156.dwg,dwg,331796,324.02 Ko,https://ged.staffdecor.fr/download/5168,INDETERMINE
1166,Moulures,Moulures - 1166.dwg,dwg,331796,324.02 Ko,https://ged.staffdecor.fr/download/5170,INDETERMINE
1200,Moulures,Moulures - 1200.dwg,dwg,339855,331.89 Ko,https://ged.staffdecor.fr/download/5169,INDETERMINE
1200bh,Angles et doucines,Moulures - 1200BH.dwg,dwg,360356,351.91 Ko,https://ged.staffdecor.fr/download/5175,INDETERMINE
1201,Moulures,Moulures - 1201.dwg,dwg,343235,335.19 Ko,https://ged.staffdecor.fr/download/5172,INDETERMINE
1202,Moulures,Moulures - 1202.dwg,dwg,344914,336.83 Ko,https://ged.staffdecor.fr/download/5173,INDETERMINE
1202bh,Angles et doucines,Moulures - 1202BH.dwg,dwg,347709,339.56 Ko,https://ged.staffdecor.fr/download/5174,INDETERMINE
1204,Moulures,Moulures - 1204.dwg,dwg,363274,354.76 Ko,https://ged.staffdecor.fr/download/5176,INDETERMINE
1206-459,Moulures,Moulures - 1206.dwg,dwg,363274,354.76 Ko,https://ged.staffdecor.fr/download/5179,INDETERMINE
1206r,Angles et doucines,Moulures - 1206R.dwg,dwg,376054,367.24 Ko,https://ged.staffdecor.fr/download/5177,INDETERMINE
1206s,Angles et doucines,Moulures - 1206S.dwg,dwg,376054,367.24 Ko,https://ged.staffdecor.fr/download/5178,INDETERMINE
1207,Moulures,Moulures - 1207.dwg,dwg,365640,357.07 Ko,https://ged.staffdecor.fr/download/5180,INDETERMINE
1207bh,Angles et doucines,Moulures - 1207BH.dwg,dwg,487526,476.1 Ko,https://ged.staffdecor.fr/download/5183,INDETERMINE
1207e,Angles et doucines,Moulures - 1207E.dwg,dwg,506696,494.82 Ko,https://ged.staffdecor.fr/download/5184,INDETERMINE
1208,Moulures,Moulures - 1208.dwg,dwg,375081,366.29 Ko,https://ged.staffdecor.fr/download/5181,INDETERMINE
1209,Moulures,Moulures - 1209.dwg,dwg,375081,366.29 Ko,https://ged.staffdecor.fr/download/5182,INDETERMINE
1210,Moulures,Moulures - 1210.dwg,dwg,375081,366.29 Ko,https://ged.staffdecor.fr/download/5186,INDETERMINE
1210bh,Angles et doucines,Moulures - 1210BH.dwg,dwg,506696,494.82 Ko,https://ged.staffdecor.fr/download/5185,INDETERMINE
1211,Moulures,Moulures - 1211.dwg,dwg,388649,379.54 Ko,https://ged.staffdecor.fr/download/5187,INDETERMINE
1212,Moulures,Moulures - 1212.dwg,dwg,393083,383.87 Ko,https://ged.staffdecor.fr/download/5188,INDETERMINE
1213-10,Collection panneaux tuileries,Moulures - 1213.dwg,dwg,185344,181 Ko,https://ged.staffdecor.fr/download/6574,INDETERMINE
1213bh-1,Collection panneaux tuileries,Moulures - 1213BH.dwg,dwg,1174405,1.12 Mo,https://ged.staffdecor.fr/download/6575,INDETERMINE
1213g-1,Collection panneaux tuileries,Moulures - 1213G.dwg,dwg,1279263,1.22 Mo,https://ged.staffdecor.fr/download/6576,INDETERMINE
1214,Moulures,Moulures - 1214.dwg,dwg,444232,433.82 Ko,https://ged.staffdecor.fr/download/5189,INDETERMINE
1216,Moulures,Moulures - 1216.dwg,dwg,212060,207.09 Ko,https://ged.staffdecor.fr/download/6198,INDETERMINE
1220-1,Moulures,Moulures - 1220.dwg,dwg,455803,445.12 Ko,https://ged.staffdecor.fr/download/5191,INDETERMINE
1221,Moulures,Moulures - 1221.dwg,dwg,455803,445.12 Ko,https://ged.staffdecor.fr/download/5192,INDETERMINE
1300-p-765,Moulures,Moulures - 1300+P.dwg,dwg,461087,450.28 Ko,https://ged.staffdecor.fr/download/5193,INDETERMINE
1301,Moulures,Moulures - 1301.dwg,dwg,305787,298.62 Ko,https://ged.staffdecor.fr/download/5506,INDETERMINE
1304,Moulures,Moulures - 1304.dwg,dwg,477276,466.09 Ko,https://ged.staffdecor.fr/download/5196,INDETERMINE
1310,Moulures,Moulures - 1310.dwg,dwg,487875,476.44 Ko,https://ged.staffdecor.fr/download/5195,INDETERMINE
1318,Moulures,Moulures - 1318.dwg,dwg,495258,483.65 Ko,https://ged.staffdecor.fr/download/5194,INDETERMINE
1318b,Classiques,Moulures - 1318B.dwg,dwg,212142,207.17 Ko,https://ged.staffdecor.fr/download/6561,INDETERMINE
1319,Moulures,Moulures - 1319.dwg,dwg,183644,179.34 Ko,https://ged.staffdecor.fr/download/5222,INDETERMINE
1323,Moulures,Moulures - 1323.dwg,dwg,240087,234.46 Ko,https://ged.staffdecor.fr/download/5223,INDETERMINE
1324,Moulures,Moulures - 1324.dwg,dwg,181740,177.48 Ko,https://ged.staffdecor.fr/download/5224,INDETERMINE
1325,Moulures,Moulures - 1325.dwg,dwg,186061,181.7 Ko,https://ged.staffdecor.fr/download/5225,INDETERMINE
1326,Moulures,Moulures - 1326.dwg,dwg,576983,563.46 Ko,https://ged.staffdecor.fr/download/5228,INDETERMINE
1326-1,Moulures,1326.dwg,dwg,204902,200.1 Ko,https://ged.staffdecor.fr/download/1195,INDETERMINE
1327,Moulures,Moulures - 1327.dwg,dwg,228925,223.56 Ko,https://ged.staffdecor.fr/download/5226,INDETERMINE
1340,Moulures,Moulures - 1340.dwg,dwg,450294,439.74 Ko,https://ged.staffdecor.fr/download/5302,INDETERMINE
1346,Moulures,Moulures - 1346.dwg,dwg,223171,217.94 Ko,https://ged.staffdecor.fr/download/6185,INDETERMINE
1350,Moulures,Moulures - 1350.dwg,dwg,202998,198.24 Ko,https://ged.staffdecor.fr/download/5301,INDETERMINE
1361-1,Moulures,Moulures - 1361.dwg,dwg,208148,203.27 Ko,https://ged.staffdecor.fr/download/5300,INDETERMINE
1362,Moulures,Moulures - 1362.dwg,dwg,209203,204.3 Ko,https://ged.staffdecor.fr/download/5299,INDETERMINE
1363,Moulures,Moulures - 1363.dwg,dwg,211589,206.63 Ko,https://ged.staffdecor.fr/download/5298,INDETERMINE
1364,Moulures,Moulures - 1364.dwg,dwg,210412,205.48 Ko,https://ged.staffdecor.fr/download/5297,INDETERMINE
1365,Moulures,Moulures - 1365.dwg,dwg,206152,201.32 Ko,https://ged.staffdecor.fr/download/5296,INDETERMINE
1366,Moulures,Moulures - 1366.dwg,dwg,207135,202.28 Ko,https://ged.staffdecor.fr/download/5294,INDETERMINE
1367,Moulures,Moulures - 1367.dwg,dwg,224297,219.04 Ko,https://ged.staffdecor.fr/download/5293,INDETERMINE
1370,Moulures,Moulures - 1370.dwg,dwg,225987,220.69 Ko,https://ged.staffdecor.fr/download/5292,INDETERMINE
1380,Moulures,Moulures - 1380.dwg,dwg,206981,202.13 Ko,https://ged.staffdecor.fr/download/5342,INDETERMINE
1381,Moulures,Moulures - 1381.dwg,dwg,216504,211.43 Ko,https://ged.staffdecor.fr/download/5683,INDETERMINE
1382,Moulures,Moulures - 1382.dwg,dwg,219924,214.77 Ko,https://ged.staffdecor.fr/download/5684,INDETERMINE
1384,Moulures,Moulures - 1384.dwg,dwg,181187,176.94 Ko,https://ged.staffdecor.fr/download/5686,INDETERMINE
1385,Moulures,Moulures - 1385.dwg,dwg,222525,217.31 Ko,https://ged.staffdecor.fr/download/5687,INDETERMINE
1405,Rosaces  et Rosettes,1405.dwg,dwg,219515,214.37 Ko,https://ged.staffdecor.fr/download/5543,INDETERMINE
1436,Rosaces  et Rosettes,1436.dwg,dwg,217170,212.08 Ko,https://ged.staffdecor.fr/download/5545,INDETERMINE
1443,Ornements,1443.dwg,dwg,735447,718.21 Ko,https://ged.staffdecor.fr/download/5257,INDETERMINE
20-06-29,Colonnes,20-06-3D.dwg,dwg,623258,608.65 Ko,https://ged.staffdecor.fr/download/61,3D
20-06-29,Colonnes,20-06-3D.dxf,dxf,448287,437.78 Ko,https://ged.staffdecor.fr/download/1609,3D
20-06b,Socles,20-06B-3D.dwg,dwg,212562,207.58 Ko,https://ged.staffdecor.fr/download/64,3D
20-06b,Socles,20-06B-3D.dxf,dxf,407081,397.54 Ko,https://ged.staffdecor.fr/download/1748,3D
20-06h-34,Chapiteaux,20-06H-3D.dwg,dwg,139848,136.57 Ko,https://ged.staffdecor.fr/download/70,3D
20-06h-34,Chapiteaux,20-06H-3D.dxf,dxf,738314,721.01 Ko,https://ged.staffdecor.fr/download/1767,3D
20-08-395,Colonnes,colonnes lisses.dwg,dwg,6113198,5.83 Mo,https://ged.staffdecor.fr/download/2681,3D
20-08-395,Colonnes,colonnes lisses.dxf,dxf,9405727,8.97 Mo,https://ged.staffdecor.fr/download/2682,3D
20-54,Colonnes,20-54.dwg,dwg,692931,676.69 Ko,https://ged.staffdecor.fr/download/65,INDETERMINE
20-54,Colonnes,20-54.dxf,dxf,669225,653.54 Ko,https://ged.staffdecor.fr/download/1611,INDETERMINE
20-56,Colonnes,20-56-3D.dwg,dwg,143821,140.45 Ko,https://ged.staffdecor.fr/download/68,3D
20-56,Colonnes,20-56-3D.dxf,dxf,892099,871.19 Ko,https://ged.staffdecor.fr/download/1612,3D
20-56b-1,Socles,20-56B-3D.dwg,dwg,220180,215.02 Ko,https://ged.staffdecor.fr/download/97,3D
20-56b-1,Socles,20-56B-3D.dxf,dxf,435282,425.08 Ko,https://ged.staffdecor.fr/download/1752,3D
20-56h,Chapiteaux,20-56H-3D.dwg,dwg,150508,146.98 Ko,https://ged.staffdecor.fr/download/72,3D
20-56h,Chapiteaux,20-56H-3D.dxf,dxf,501791,490.03 Ko,https://ged.staffdecor.fr/download/1763,3D
20-56s-399,Socles,20-56S-3D.dwg,dwg,6228541,5.94 Mo,https://ged.staffdecor.fr/download/2713,3D
20-56s-399,Socles,20-56S-3D.dxf,dxf,26193428,24.98 Mo,https://ged.staffdecor.fr/download/2716,3D
20-58-396,Colonnes,demies colonnes lisses.dwg,dwg,6113198,5.83 Mo,https://ged.staffdecor.fr/download/2685,3D
20-58-396,Colonnes,demies colonnes lisses.dxf,dxf,25406996,24.23 Mo,https://ged.staffdecor.fr/download/2686,3D
20-82,Colonnes,20-82-3D.dwg,dwg,1384120,1.32 Mo,https://ged.staffdecor.fr/download/93,3D
20-82,Colonnes,20-82.dxf,dxf,5588910,5.33 Mo,https://ged.staffdecor.fr/download/1615,3D
2020,Pilastres,Pilastres - 2020.dwg,dwg,1342177,1.28 Mo,https://ged.staffdecor.fr/download/6655,INDETERMINE
22160,Meubles TV,22160-3D.dwg,dwg,139971,136.69 Ko,https://ged.staffdecor.fr/download/649,3D
22160,Meubles TV,22160-2D.dwg,dwg,116777,114.04 Ko,https://ged.staffdecor.fr/download/650,2D
22160,Meubles TV,22160.dxf,dxf,398623,389.28 Ko,https://ged.staffdecor.fr/download/783,INDETERMINE
2518,Passages et meubles de passage,2518.dwg,dwg,6364856,6.07 Mo,https://ged.staffdecor.fr/download/2757,3D
2518,Passages et meubles de passage,2518.dxf,dxf,26497516,25.27 Mo,https://ged.staffdecor.fr/download/2758,3D
2524,Passages et meubles de passage,2524.dwg,dwg,6176113,5.89 Mo,https://ged.staffdecor.fr/download/2759,3D
2524,Passages et meubles de passage,2524.dxf,dxf,26445087,25.22 Mo,https://ged.staffdecor.fr/download/2760,3D
2530,Passages et meubles de passage,2530.dwg,dwg,6207570,5.92 Mo,https://ged.staffdecor.fr/download/2761,3D
2530,Passages et meubles de passage,2530.dxf,dxf,27000832,25.75 Mo,https://ged.staffdecor.fr/download/2762,3D
2618,Passages et meubles de passage,2618.dwg,dwg,6847201,6.53 Mo,https://ged.staffdecor.fr/download/2774,3D
2618,Passages et meubles de passage,2618.dxf,dxf,29139927,27.79 Mo,https://ged.staffdecor.fr/download/2775,3D
2624,Passages et meubles de passage,2624.dwg,dwg,7497318,7.15 Mo,https://ged.staffdecor.fr/download/2772,3D
2624,Passages et meubles de passage,2624.dxf,dxf,32233226,30.74 Mo,https://ged.staffdecor.fr/download/2773,3D
2630,Passages et meubles de passage,2630.dwg,dwg,8755610,8.35 Mo,https://ged.staffdecor.fr/download/2776,3D
2630,Passages et meubles de passage,2630.dxf,dxf,36018586,34.35 Mo,https://ged.staffdecor.fr/download/2777,3D
2718,Passages et meubles de passage,2718.dwg,dwg,6249513,5.96 Mo,https://ged.staffdecor.fr/download/2753,3D
2718,Passages et meubles de passage,2718.dxf,dxf,25511854,24.33 Mo,https://ged.staffdecor.fr/download/2754,3D
2724,Passages et meubles de passage,2724.dwg,dwg,6239027,5.95 Mo,https://ged.staffdecor.fr/download/2755,3D
2724,Passages et meubles de passage,2724.dxf,dxf,25448940,24.27 Mo,https://ged.staffdecor.fr/download/2756,3D
2730,Passages et meubles de passage,2730.dwg,dwg,6218056,5.93 Mo,https://ged.staffdecor.fr/download/2751,3D
2730,Passages et meubles de passage,2730.dxf,dxf,25396511,24.22 Mo,https://ged.staffdecor.fr/download/2752,3D
2800l,Passages et meubles de passage,2800L.dxf,dxf,33984348,32.41 Mo,https://ged.staffdecor.fr/download/2251,3D
2820l,Passages et meubles de passage,2820L.dxf,dxf,34162606,32.58 Mo,https://ged.staffdecor.fr/download/2253,3D
2824l,Passages et meubles de passage,2824L.dxf,dxf,42834330,40.85 Mo,https://ged.staffdecor.fr/download/2255,3D
2830l,Passages et meubles de passage,2830L.dxf,dxf,51506053,49.12 Mo,https://ged.staffdecor.fr/download/2257,3D
30-02-391,Colonnes,colonnes lisses.dwg,dwg,6113198,5.83 Mo,https://ged.staffdecor.fr/download/2679,3D
30-02-391,Colonnes,colonnes lisses.dxf,dxf,9405727,8.97 Mo,https://ged.staffdecor.fr/download/2680,3D
30-03-43,Colonnes,31-02-3D.dwg,dwg,337398,329.49 Ko,https://ged.staffdecor.fr/download/1616,3D
30-03-43,Colonnes,31-02-3D.dxf,dxf,783974,765.6 Ko,https://ged.staffdecor.fr/download/1618,3D
30-04,Colonnes,colonnes lisses.dwg,dwg,6113198,5.83 Mo,https://ged.staffdecor.fr/download/2675,3D
30-04,Colonnes,colonnes lisses.dxf,dxf,9405727,8.97 Mo,https://ged.staffdecor.fr/download/2676,3D
30-05,Colonnes,colonnes lisses.dwg,dwg,6113198,5.83 Mo,https://ged.staffdecor.fr/download/2673,3D
30-05,Colonnes,colonnes lisses.dxf,dxf,9405727,8.97 Mo,https://ged.staffdecor.fr/download/2674,3D
30-06,Colonnes,colonnes lisses.dwg,dwg,6113198,5.83 Mo,https://ged.staffdecor.fr/download/2671,3D
30-06,Colonnes,colonnes lisses.dxf,dxf,9405727,8.97 Mo,https://ged.staffdecor.fr/download/2672,3D
30-07,Colonnes,colonnes lisses.dwg,dwg,6113198,5.83 Mo,https://ged.staffdecor.fr/download/2669,3D
30-07,Colonnes,colonnes lisses.dxf,dxf,9405727,8.97 Mo,https://ged.staffdecor.fr/download/2670,3D
30-08,Colonnes,colonnes lisses.dwg,dwg,6113198,5.83 Mo,https://ged.staffdecor.fr/download/2667,3D
30-08,Colonnes,colonnes lisses.dxf,dxf,9405727,8.97 Mo,https://ged.staffdecor.fr/download/2668,3D
30-09,Colonnes,colonnes lisses.dwg,dwg,6113198,5.83 Mo,https://ged.staffdecor.fr/download/2661,3D
30-09,Colonnes,colonnes lisses.dxf,dxf,9405727,8.97 Mo,https://ged.staffdecor.fr/download/2663,3D
30-10,Colonnes,colonnes lisses.dwg,dwg,6113198,5.83 Mo,https://ged.staffdecor.fr/download/2660,3D
30-10,Colonnes,colonnes lisses.dxf,dxf,9405727,8.97 Mo,https://ged.staffdecor.fr/download/2664,3D
30-11,Colonnes,colonnes lisses.dwg,dwg,6113198,5.83 Mo,https://ged.staffdecor.fr/download/2657,3D
30-11,Colonnes,colonnes lisses.dxf,dxf,9405727,8.97 Mo,https://ged.staffdecor.fr/download/2665,3D
30-12,Colonnes,colonnes lisses.dwg,dwg,6113198,5.83 Mo,https://ged.staffdecor.fr/download/2655,3D
30-12,Colonnes,colonnes lisses.dxf,dxf,9405727,8.97 Mo,https://ged.staffdecor.fr/download/2666,3D
30-52-392,Colonnes,demies colonnes lisses.dwg,dwg,6113198,5.83 Mo,https://ged.staffdecor.fr/download/2687,3D
30-52-392,Colonnes,demies colonnes lisses.dxf,dxf,25406996,24.23 Mo,https://ged.staffdecor.fr/download/2688,3D
30-53-1,Colonnes,demies colonnes lisses.dwg,dwg,6113198,5.83 Mo,https://ged.staffdecor.fr/download/2689,3D
30-53-1,Colonnes,demies colonnes lisses.dxf,dxf,25406996,24.23 Mo,https://ged.staffdecor.fr/download/2690,3D
30-54,Colonnes,demies colonnes lisses.dwg,dwg,6113198,5.83 Mo,https://ged.staffdecor.fr/download/2691,3D
30-54,Colonnes,demies colonnes lisses.dxf,dxf,25406996,24.23 Mo,https://ged.staffdecor.fr/download/2692,3D
30-55,Colonnes,demies colonnes lisses.dwg,dwg,6113198,5.83 Mo,https://ged.staffdecor.fr/download/2693,3D
30-55,Colonnes,demies colonnes lisses.dxf,dxf,25406996,24.23 Mo,https://ged.staffdecor.fr/download/2694,3D
30-56,Colonnes,demies colonnes lisses.dwg,dwg,6113198,5.83 Mo,https://ged.staffdecor.fr/download/2695,3D
30-56,Colonnes,demies colonnes lisses.dxf,dxf,25406996,24.23 Mo,https://ged.staffdecor.fr/download/2696,3D
30-57,Colonnes,demies colonnes lisses.dwg,dwg,6113198,5.83 Mo,https://ged.staffdecor.fr/download/2697,3D
30-57,Colonnes,demies colonnes lisses.dxf,dxf,25406996,24.23 Mo,https://ged.staffdecor.fr/download/2698,3D
30-58,Colonnes,demies colonnes lisses.dwg,dwg,6113198,5.83 Mo,https://ged.staffdecor.fr/download/2699,3D
30-58,Colonnes,demies colonnes lisses.dxf,dxf,25406996,24.23 Mo,https://ged.staffdecor.fr/download/2700,3D
30-59,Colonnes,demies colonnes lisses.dwg,dwg,6113198,5.83 Mo,https://ged.staffdecor.fr/download/2701,3D
30-59,Colonnes,demies colonnes lisses.dxf,dxf,25406996,24.23 Mo,https://ged.staffdecor.fr/download/2702,3D
30-60-534,Colonnes,demies colonnes lisses.dwg,dwg,6113198,5.83 Mo,https://ged.staffdecor.fr/download/2703,3D
30-60-534,Colonnes,demies colonnes lisses.dxf,dxf,25406996,24.23 Mo,https://ged.staffdecor.fr/download/2704,3D
30-61,Colonnes,demies colonnes lisses.dwg,dwg,6113198,5.83 Mo,https://ged.staffdecor.fr/download/2705,3D
30-61,Colonnes,demies colonnes lisses.dxf,dxf,25406996,24.23 Mo,https://ged.staffdecor.fr/download/2706,3D
30-62,Colonnes,demies colonnes lisses.dwg,dwg,6113198,5.83 Mo,https://ged.staffdecor.fr/download/2707,3D
30-62,Colonnes,demies colonnes lisses.dxf,dxf,25406996,24.23 Mo,https://ged.staffdecor.fr/download/2708,3D
30-63,Colonnes,demies colonnes lisses.dwg,dwg,6113198,5.83 Mo,https://ged.staffdecor.fr/download/2709,3D
30-63,Colonnes,demies colonnes lisses.dxf,dxf,25406996,24.23 Mo,https://ged.staffdecor.fr/download/2710,3D
3068,Pilastres,Pilastres - 3068.dwg,dwg,216023,210.96 Ko,https://ged.staffdecor.fr/download/5742,INDETERMINE
31-02-506,Colonnes,colonnes lisses.dwg,dwg,6113198,5.83 Mo,https://ged.staffdecor.fr/download/2677,3D
31-02-506,Colonnes,colonnes lisses.dxf,dxf,9405727,8.97 Mo,https://ged.staffdecor.fr/download/2678,3D
31-52-389,Colonnes,31-02-3D.dwg,dwg,337398,329.49 Ko,https://ged.staffdecor.fr/download/2711,3D
31-52-389,Colonnes,31-02-3D.dxf,dxf,783974,765.6 Ko,https://ged.staffdecor.fr/download/2712,3D
3900,Frontons,Frontons - 3900.dwg,dwg,1007155,983.55 Ko,https://ged.staffdecor.fr/download/6492,INDETERMINE
3904,Frontons,Frontons - 3904.dwg,dwg,331274,323.51 Ko,https://ged.staffdecor.fr/download/6489,INDETERMINE
40-04,Chapiteaux,40-04.dxf,dxf,581571,567.94 Ko,https://ged.staffdecor.fr/download/873,INDETERMINE
40-04,Chapiteaux,40-04-3D.dwg,dwg,268769,262.47 Ko,https://ged.staffdecor.fr/download/874,3D
40-06,Chapiteaux,40-06.dxf,dxf,1048576,1 Mo,https://ged.staffdecor.fr/download/881,INDETERMINE
40-06,Chapiteaux,40-06-3D.dwg,dwg,249805,243.95 Ko,https://ged.staffdecor.fr/download/882,3D
40-40-39,Chapiteaux,40-40.dxf,dxf,1080033,1.03 Mo,https://ged.staffdecor.fr/download/877,INDETERMINE
40-40-39,Chapiteaux,40-40-3D.dwg,dwg,265574,259.35 Ko,https://ged.staffdecor.fr/download/878,3D
40-60,Chapiteaux,40-60.dxf,dxf,1059062,1.01 Mo,https://ged.staffdecor.fr/download/871,INDETERMINE
40-60,Chapiteaux,40-60-3D.dwg,dwg,712274,695.58 Ko,https://ged.staffdecor.fr/download/872,3D
45-01,Socles,45-01-3D.dwg,dwg,611328,597 Ko,https://ged.staffdecor.fr/download/2498,3D
45-01,Socles,45-01-3D.dxf,dxf,2789212,2.66 Mo,https://ged.staffdecor.fr/download/2499,3D
45-02,Socles,45-02-3D.dwg,dwg,234629,229.13 Ko,https://ged.staffdecor.fr/download/105,3D
45-02,Socles,45-02-3D.dxf,dxf,1195377,1.14 Mo,https://ged.staffdecor.fr/download/1654,3D
45-03,Socles,45-03-3D.dwg,dwg,6742344,6.43 Mo,https://ged.staffdecor.fr/download/2511,3D
45-03,Socles,45-03-3D.dxf,dxf,27147633,25.89 Mo,https://ged.staffdecor.fr/download/2512,3D
45-04,Socles,45-04.dwg,dwg,6752829,6.44 Mo,https://ged.staffdecor.fr/download/2519,3D
45-04,Socles,45-04.dxf,dxf,27462205,26.19 Mo,https://ged.staffdecor.fr/download/2520,3D
45-05,Socles,45-05.dwg,dwg,6721372,6.41 Mo,https://ged.staffdecor.fr/download/2536,3D
45-05,Socles,45-05.dxf,dxf,27357348,26.09 Mo,https://ged.staffdecor.fr/download/2537,3D
45-06,Socles,45-06.dwg,dwg,6752829,6.44 Mo,https://ged.staffdecor.fr/download/2546,3D
45-06,Socles,45-06.dxf,dxf,27378319,26.11 Mo,https://ged.staffdecor.fr/download/2547,3D
45-51,Socles,45-51-3D.dwg,dwg,6522143,6.22 Mo,https://ged.staffdecor.fr/download/2494,3D
45-51,Socles,45-51-3D.dxf,dxf,27388805,26.12 Mo,https://ged.staffdecor.fr/download/2495,3D
45-52,Socles,45-52.dxf,dxf,253276,247.34 Ko,https://ged.staffdecor.fr/download/888,INDETERMINE
45-52,Socles,45-52-3D.dwg,dwg,222843,217.62 Ko,https://ged.staffdecor.fr/download/889,3D
45-53,Socles,45-53-3D.dwg,dwg,6490685,6.19 Mo,https://ged.staffdecor.fr/download/2516,3D
45-53,Socles,45-53-3D.dxf,dxf,26445087,25.22 Mo,https://ged.staffdecor.fr/download/2517,3D
45-54,Socles,45-54.dwg,dwg,7088374,6.76 Mo,https://ged.staffdecor.fr/download/2526,3D
45-54,Socles,45-54.dxf,dxf,28772925,27.44 Mo,https://ged.staffdecor.fr/download/2527,3D
45-55,Socles,45-55.dwg,dwg,6417285,6.12 Mo,https://ged.staffdecor.fr/download/2530,3D
45-55,Socles,45-55.dxf,dxf,26581402,25.35 Mo,https://ged.staffdecor.fr/download/2531,3D
45-56,Socles,45-56.dwg,dwg,6511657,6.21 Mo,https://ged.staffdecor.fr/download/2543,3D
45-56,Socles,45-56.dxf,dxf,26518487,25.29 Mo,https://ged.staffdecor.fr/download/2544,3D
50-051,Caissons de plafonds,Caissons de plafond - 50.051 Classique.dwg,dwg,183900,179.59 Ko,https://ged.staffdecor.fr/download/5858,INDETERMINE
50-atlas,Caissons de plafonds,50.ATLA.dxf,dxf,25480397,24.3 Mo,https://ged.staffdecor.fr/download/2214,3D
50-atlas,Caissons de plafonds,50.ATLA.dwg,dwg,6018826,5.74 Mo,https://ged.staffdecor.fr/download/3872,3D
6030,Profils et plaques,6030-31-32.dwg,dwg,6134170,5.85 Mo,https://ged.staffdecor.fr/download/2277,3D
6030,Profils et plaques,6030-31-32.dxf,dxf,25417482,24.24 Mo,https://ged.staffdecor.fr/download/2280,3D
6031,Profils et plaques,6030-31-32.dwg,dwg,6134170,5.85 Mo,https://ged.staffdecor.fr/download/2278,3D
6031,Profils et plaques,6030-31-32.dxf,dxf,25417482,24.24 Mo,https://ged.staffdecor.fr/download/2279,3D
6032,Profils et plaques,6030-31-32.dwg,dwg,6134170,5.85 Mo,https://ged.staffdecor.fr/download/2281,3D
6032,Profils et plaques,6030-31-32.dxf,dxf,25417482,24.24 Mo,https://ged.staffdecor.fr/download/2282,3D
6104,Hottes,6104.dwg,dwg,6113198,5.83 Mo,https://ged.staffdecor.fr/download/2289,3D
6104,Hottes,6104.dxf,dxf,25438454,24.26 Mo,https://ged.staffdecor.fr/download/2290,3D
6105,Hottes,6105.dwg,dwg,6134170,5.85 Mo,https://ged.staffdecor.fr/download/2291,3D
6105,Hottes,6105.dxf,dxf,25480397,24.3 Mo,https://ged.staffdecor.fr/download/2292,3D
6200,Niches,6200.dwg,dwg,6102712,5.82 Mo,https://ged.staffdecor.fr/download/2304,3D
6200,Niches,6200.dxf,dxf,25323110,24.15 Mo,https://ged.staffdecor.fr/download/2305,3D
7001-7,Balustres,7001.dwg,dwg,186522,182.15 Ko,https://ged.staffdecor.fr/download/6447,INDETERMINE
7002,Balustres,7002.dwg,dwg,188641,184.22 Ko,https://ged.staffdecor.fr/download/6448,INDETERMINE
7003,Balustres,7003.dwg,dwg,196751,192.14 Ko,https://ged.staffdecor.fr/download/6449,INDETERMINE
7035-labrys,Modernes,7035-labrys-2d.dwg,dwg,244992,239.25 Ko,https://ged.staffdecor.fr/download/417,2D
7035-labrys,Modernes,7035-labrys-3d.dwg,dwg,95334,93.1 Ko,https://ged.staffdecor.fr/download/418,3D
7035-labrys,Modernes,7035-labrys-3D.dxf,dxf,623667,609.05 Ko,https://ged.staffdecor.fr/download/855,3D
7036,Modernes,7036.dwg,dwg,219136,214 Ko,https://ged.staffdecor.fr/download/434,INDETERMINE
7036,Modernes,7036-3d.dwg,dwg,219136,214 Ko,https://ged.staffdecor.fr/download/435,3D
7036,Modernes,7036.dxf,dxf,1121976,1.07 Mo,https://ged.staffdecor.fr/download/856,INDETERMINE
7036plin,Modernes,7036PLIN.dwg,dwg,6773801,6.46 Mo,https://ged.staffdecor.fr/download/2225,3D
7036plin,Modernes,7036PLIN.dxf,dxf,34015805,32.44 Mo,https://ged.staffdecor.fr/download/2226,3D
7036u,Modernes,7036U-3D.dwg,dwg,124979,122.05 Ko,https://ged.staffdecor.fr/download/741,3D
7036u,Modernes,7036U.dxf,dxf,308163,300.94 Ko,https://ged.staffdecor.fr/download/857,INDETERMINE
7038,Briques et briquettes,7038-tétris.dwg,dwg,6102712,5.82 Mo,https://ged.staffdecor.fr/download/2300,3D
7038,Briques et briquettes,7038-tétris.dxf,dxf,25323110,24.15 Mo,https://ged.staffdecor.fr/download/2301,3D
7039-flower-295,Modernes,7039-flower.dxf,dxf,25396511,24.22 Mo,https://ged.staffdecor.fr/download/2303,3D
7039-flower-295,Modernes,7039 Flower.dwg,dwg,210575,205.64 Ko,https://ged.staffdecor.fr/download/5844,INDETERMINE
7040,Briques et briquettes,7040.dwg,dwg,201564,196.84 Ko,https://ged.staffdecor.fr/download/5723,INDETERMINE
7041,Briques et briquettes,7041.dwg,dwg,195738,191.15 Ko,https://ged.staffdecor.fr/download/5729,INDETERMINE
7060-bruges-296,Briques et briquettes,7060.dwg,dwg,85125,83.13 Ko,https://ged.staffdecor.fr/download/2195,INDETERMINE
7062-mosaic,Briques et briquettes,7062-Mosaic-2D.dwg,dwg,116419,113.69 Ko,https://ged.staffdecor.fr/download/582,2D
7062-mosaic,Briques et briquettes,7062-Mosaic-2D.dxf,dxf,436029,425.81 Ko,https://ged.staffdecor.fr/download/733,2D
7063,Modernes,7063-RR-Collection.dwg,dwg,2013266,1.92 Mo,https://ged.staffdecor.fr/download/2130,INDETERMINE
7070-184,Contemporains,7070-bulles-3d.dwg,dwg,1142948,1.09 Mo,https://ged.staffdecor.fr/download/424,3D
7070-184,Contemporains,7070-bulles-3d.dxf,dxf,5043651,4.81 Mo,https://ged.staffdecor.fr/download/721,3D
7071,Contemporains,7071-golf-3d.dwg,dwg,616489,602.04 Ko,https://ged.staffdecor.fr/download/425,3D
7071,Contemporains,7071-golf-3d.dxf,dxf,2548040,2.43 Mo,https://ged.staffdecor.fr/download/725,3D
7072,Contemporains,7072-capiton-3d.dwg,dwg,2474639,2.36 Mo,https://ged.staffdecor.fr/download/428,3D
7072,Contemporains,7072 CApiton.dxf,dxf,10978591,10.47 Mo,https://ged.staffdecor.fr/download/726,3D
7073,Contemporains,7073-macarons-3d.dwg,dwg,1866465,1.78 Mo,https://ged.staffdecor.fr/download/429,3D
7073,Contemporains,7073- Macarons-3D.dxf,dxf,1080033,1.03 Mo,https://ged.staffdecor.fr/download/716,3D
7074,Contemporains,7074-virgule-3d.dwg,dwg,147415,143.96 Ko,https://ged.staffdecor.fr/download/421,3D
7074,Contemporains,7074-virgule-3d.dxf,dxf,558213,545.13 Ko,https://ged.staffdecor.fr/download/713,3D
7075,Contemporains,7075-caro-2d.dwg,dwg,1142948,1.09 Mo,https://ged.staffdecor.fr/download/422,2D
7075,Contemporains,7075 Caro.dxf,dxf,6071255,5.79 Mo,https://ged.staffdecor.fr/download/729,3D
7078,Contemporains,7078-pointedediamant-3d.dwg,dwg,320891,313.37 Ko,https://ged.staffdecor.fr/download/420,3D
7078,Contemporains,7078-pointedediamant-3d.dxf,dxf,1960837,1.87 Mo,https://ged.staffdecor.fr/download/719,3D
7079,Joints creux,7079_2D.dwg,dwg,756419,738.69 Ko,https://ged.staffdecor.fr/download/583,INDETERMINE
7079,Joints creux,7079_2D.dxf,dxf,4215276,4.02 Mo,https://ged.staffdecor.fr/download/732,INDETERMINE
7079-1,Contemporains,7079.dwg,dwg,901857,880.72 Ko,https://ged.staffdecor.fr/download/5812,INDETERMINE
7091,Grandes dimensions,7091.dwg,dwg,229806,224.42 Ko,https://ged.staffdecor.fr/download/5732,INDETERMINE
9002,Autres lambris,9001 -9002 -9003.dwg,dwg,200294,195.6 Ko,https://ged.staffdecor.fr/download/5527,INDETERMINE
9003,Autres lambris,9001 -9002 -9003.dwg,dwg,200294,195.6 Ko,https://ged.staffdecor.fr/download/5528,INDETERMINE
9011-639,Autres lambris,9011 -9012 -9013.dwg,dwg,205670,200.85 Ko,https://ged.staffdecor.fr/download/5529,INDETERMINE
9012,Autres lambris,9011 -9012 -9013.dwg,dwg,205670,200.85 Ko,https://ged.staffdecor.fr/download/5530,INDETERMINE
9012-636,Autres lambris,9001 -9002 -9003.dwg,dwg,200294,195.6 Ko,https://ged.staffdecor.fr/download/5526,INDETERMINE
9013,Autres lambris,9011 -9012 -9013.dwg,dwg,205670,200.85 Ko,https://ged.staffdecor.fr/download/5531,INDETERMINE
9031,Autres lambris,9031 -9032 -9033.dwg,dwg,933437,911.56 Ko,https://ged.staffdecor.fr/download/5753,INDETERMINE
9032,Autres lambris,9031 -9032 -9033.dwg,dwg,933437,911.56 Ko,https://ged.staffdecor.fr/download/5754,INDETERMINE
9033,Autres lambris,9031 -9032 -9033.dwg,dwg,933437,911.56 Ko,https://ged.staffdecor.fr/download/5755,INDETERMINE
9041-748,Autres lambris,Gamme 9040.dwg,dwg,1562378,1.49 Mo,https://ged.staffdecor.fr/download/4380,INDETERMINE
9043,Autres lambris,Gamme 9040.dwg,dwg,1562378,1.49 Mo,https://ged.staffdecor.fr/download/4375,INDETERMINE
9044,Autres lambris,Gamme 9040.dwg,dwg,1562378,1.49 Mo,https://ged.staffdecor.fr/download/4369,INDETERMINE
9045,Autres lambris,Gamme 9040.dwg,dwg,1562378,1.49 Mo,https://ged.staffdecor.fr/download/4365,INDETERMINE
9201,Lambris décaissés,9201.dwg,dwg,178575,174.39 Ko,https://ged.staffdecor.fr/download/3689,INDETERMINE
9202,Lambris décaissés,9202-3D.dwg,dwg,145572,142.16 Ko,https://ged.staffdecor.fr/download/587,3D
9202,Lambris décaissés,9202-3D.dxf,dxf,503153,491.36 Ko,https://ged.staffdecor.fr/download/758,3D
9203,Lambris décaissés,9203-3D.dwg,dwg,144660,141.27 Ko,https://ged.staffdecor.fr/download/589,3D
9203,Lambris décaissés,9203-3D.dxf,dxf,503235,491.44 Ko,https://ged.staffdecor.fr/download/760,3D
9204,Lambris décaissés,9204-3D.dwg,dwg,144988,141.59 Ko,https://ged.staffdecor.fr/download/591,3D
9204,Lambris décaissés,9204-3D.dxf,dxf,503255,491.46 Ko,https://ged.staffdecor.fr/download/762,3D
9205,Lambris décaissés,9205-3D.dwg,dwg,144200,140.82 Ko,https://ged.staffdecor.fr/download/593,3D
9205,Lambris décaissés,9205-3D.dxf,dxf,503265,491.47 Ko,https://ged.staffdecor.fr/download/764,3D
9206,Lambris décaissés,9206-3D.dwg,dwg,144169,140.79 Ko,https://ged.staffdecor.fr/download/595,3D
9206,Lambris décaissés,9206-3D.dxf,dxf,503050,491.26 Ko,https://ged.staffdecor.fr/download/766,3D
9211,Lambris décaissés,9211-3D.dwg,dwg,142428,139.09 Ko,https://ged.staffdecor.fr/download/597,3D
9211,Lambris décaissés,9211-3D.dxf,dxf,748984,731.43 Ko,https://ged.staffdecor.fr/download/749,3D
9212,Lambris décaissés,9212-3D.dwg,dwg,143544,140.18 Ko,https://ged.staffdecor.fr/download/599,3D
9212,Lambris décaissés,9212-3D.dxf,dxf,749036,731.48 Ko,https://ged.staffdecor.fr/download/752,3D
9213,Lambris décaissés,9213-3D.dwg,dwg,143114,139.76 Ko,https://ged.staffdecor.fr/download/601,3D
9213,Lambris décaissés,9213-3D.dxf,dxf,749363,731.8 Ko,https://ged.staffdecor.fr/download/754,3D
9214,Lambris décaissés,9214-3D.dwg,dwg,143114,139.76 Ko,https://ged.staffdecor.fr/download/603,3D
9214,Lambris décaissés,9214-3D.dwg,dwg,143114,139.76 Ko,https://ged.staffdecor.fr/download/747,3D
9214,Lambris décaissés,9214-3D.dxf,dxf,749414,731.85 Ko,https://ged.staffdecor.fr/download/748,3D
9215,Lambris décaissés,9215-3D.dwg,dwg,143309,139.95 Ko,https://ged.staffdecor.fr/download/605,3D
9215,Lambris décaissés,9215-3D.dxf,dxf,748616,731.07 Ko,https://ged.staffdecor.fr/download/767,3D
9216,Lambris décaissés,9216-3D.dwg,dwg,142561,139.22 Ko,https://ged.staffdecor.fr/download/607,3D
9216,Lambris décaissés,9216-3D.dxf,dxf,749384,731.82 Ko,https://ged.staffdecor.fr/download/770,3D
9302,Plate bandes et angles de plate bandes,9302-2D.dwg,dwg,100127,97.78 Ko,https://ged.staffdecor.fr/download/60,2D
9302-1,Moulures,Moulures - 9302.dwg,dwg,182487,178.21 Ko,https://ged.staffdecor.fr/download/5231,INDETERMINE
9304,Moulures,Moulures - 9304.dwg,dwg,205763,200.94 Ko,https://ged.staffdecor.fr/download/5345,INDETERMINE
9315c,Moulures,9315C.dwg,dwg,6092227,5.81 Mo,https://ged.staffdecor.fr/download/2315,3D
9315c,Moulures,9315C.dxf,dxf,25302139,24.13 Mo,https://ged.staffdecor.fr/download/2316,3D
9315c-1,Cimaises,9315C.dwg,dwg,147886,144.42 Ko,https://ged.staffdecor.fr/download/3888,INDETERMINE
960-00,Habillage de portes,960-00-3D.dwg,dwg,1142948,1.09 Mo,https://ged.staffdecor.fr/download/631,3D
960-00,Habillage de portes,960.00.dwg,dwg,196321,191.72 Ko,https://ged.staffdecor.fr/download/6110,INDETERMINE
970-00-967,Habillage de portes,970.00.dwg,dwg,198656,194 Ko,https://ged.staffdecor.fr/download/6112,INDETERMINE
98520,Parures,98520-2D.dwg,dwg,118876,116.09 Ko,https://ged.staffdecor.fr/download/658,2D
98520,Parures,98520-3D.dwg,dwg,160655,156.89 Ko,https://ged.staffdecor.fr/download/771,3D
98520,Parures,98520-3D.dxf,dxf,886569,865.79 Ko,https://ged.staffdecor.fr/download/772,3D
98530,Parures,98530-2D.dwg,dwg,122286,119.42 Ko,https://ged.staffdecor.fr/download/652,2D
98530,Parures,98530-3D.dwg,dwg,191263,186.78 Ko,https://ged.staffdecor.fr/download/657,3D
98530,Parures,98530-3D.dxf,dxf,1101005,1.05 Mo,https://ged.staffdecor.fr/download/776,3D
98530,Parures,98530-2D.dxf,dxf,416891,407.12 Ko,https://ged.staffdecor.fr/download/777,2D
98540-1,Parures,98540-2D.dwg,dwg,119665,116.86 Ko,https://ged.staffdecor.fr/download/655,2D
98540-1,Parures,98540-3D.dwg,dwg,345549,337.45 Ko,https://ged.staffdecor.fr/download/656,3D
98540-1,Parures,98540-2D.dwg,dwg,119665,116.86 Ko,https://ged.staffdecor.fr/download/779,2D
98540-1,Parures,98540-2D.dxf,dxf,573727,560.28 Ko,https://ged.staffdecor.fr/download/780,2D
98540-1,Parures,98540-3D.dxf,dxf,968059,945.37 Ko,https://ged.staffdecor.fr/download/781,3D
a-plas6,Encastrés,A.PLAS6.dwg,dwg,174090,170.01 Ko,https://ged.staffdecor.fr/download/4238,INDETERMINE
a-plas7,Encastrés,A.PLAS7.dwg,dwg,169861,165.88 Ko,https://ged.staffdecor.fr/download/4243,INDETERMINE
a-plas8,Encastrés,A.PLAS8.dwg,dwg,176896,172.75 Ko,https://ged.staffdecor.fr/download/4244,INDETERMINE
a-sp-isol,Encastrés,A.SP.ISOL.dwg,dwg,172155,168.12 Ko,https://ged.staffdecor.fr/download/4165,INDETERMINE
bl120,Profils pour insertion LED,BL120.dxf,dxf,254956,248.98 Ko,https://ged.staffdecor.fr/download/1290,INDETERMINE
bl120,Profils pour insertion LED,BL120.dwg,dwg,218993,213.86 Ko,https://ged.staffdecor.fr/download/5474,INDETERMINE
bl122,Profils pour insertion LED,BL122.dwg,dwg,215593,210.54 Ko,https://ged.staffdecor.fr/download/5778,INDETERMINE
bl130,Profils pour insertion LED,BL130.dxf,dxf,766884,748.91 Ko,https://ged.staffdecor.fr/download/2504,INDETERMINE
bl130,Profils pour insertion LED,BL130.dwg,dwg,193987,189.44 Ko,https://ged.staffdecor.fr/download/5774,INDETERMINE
bl131,Profils pour insertion LED,BL131.dwg,dwg,130058,127.01 Ko,https://ged.staffdecor.fr/download/2945,INDETERMINE
bl132,Profils pour insertion LED,BL132.dwg,dwg,134390,131.24 Ko,https://ged.staffdecor.fr/download/2948,INDETERMINE
bl140,Profils pour insertion LED,BL140.dxf,dxf,811233,792.22 Ko,https://ged.staffdecor.fr/download/1824,INDETERMINE
bl140,Profils pour insertion LED,BL140.dwg,dwg,182292,178.02 Ko,https://ged.staffdecor.fr/download/5772,INDETERMINE
bl160,Profils pour insertion LED,BL160-2D.dxf,dxf,2076180,1.98 Mo,https://ged.staffdecor.fr/download/2506,2D
bl160,Profils pour insertion LED,BL160.dwg,dwg,159181,155.45 Ko,https://ged.staffdecor.fr/download/2942,INDETERMINE
bl170,Profils pour insertion LED,BL170.dwg,dwg,214682,209.65 Ko,https://ged.staffdecor.fr/download/5459,INDETERMINE
bl170a90e-720,Profils pour insertion LED,BL170A90E.dwg,dwg,195922,191.33 Ko,https://ged.staffdecor.fr/download/5460,INDETERMINE
bl170a90i-721,Profils pour insertion LED,BL170A90I.dwg,dwg,227830,222.49 Ko,https://ged.staffdecor.fr/download/5463,INDETERMINE
bl170r25e,Profils pour insertion LED,BL170R25E.dwg,dwg,227277,221.95 Ko,https://ged.staffdecor.fr/download/5464,INDETERMINE
bl170r25i,Profils pour insertion LED,BL170R25I.dwg,dwg,194949,190.38 Ko,https://ged.staffdecor.fr/download/5467,INDETERMINE
bl170r50e,Profils pour insertion LED,BL170R50E.dwg,dwg,229212,223.84 Ko,https://ged.staffdecor.fr/download/5488,INDETERMINE
bl170r50i,Profils pour insertion LED,BL170R50I.dwg,dwg,254802,248.83 Ko,https://ged.staffdecor.fr/download/5487,INDETERMINE
bl180,Profils pour insertion LED,BL180.dwg,dwg,214415,209.39 Ko,https://ged.staffdecor.fr/download/5764,INDETERMINE
bords-propres,PLANS DWG PAR FAMILLE,Bords Propres.dwg,dwg,231434,226.01 Ko,https://ged.staffdecor.fr/download/5839,INDETERMINE
bp-pf1-213,Profils de finition,BP.PF1.dxf,dxf,9300869,8.87 Mo,https://ged.staffdecor.fr/download/1809,3D
bp-pf1-213,Profils de finition,BP.PF1.dwg,dwg,181965,177.7 Ko,https://ged.staffdecor.fr/download/5847,INDETERMINE
bp-pf2-214,Profils de finition,BP.PF2.dxf,dxf,18108908,17.27 Mo,https://ged.staffdecor.fr/download/1810,3D
bp-pf2-214,Profils de finition,BP.PF2.dwg,dwg,185078,180.74 Ko,https://ged.staffdecor.fr/download/5848,INDETERMINE
bp-pf3-215,Profils de finition,BP.PF3.dxf,dxf,405719,396.21 Ko,https://ged.staffdecor.fr/download/1817,INDETERMINE
bp-pf3-215,Profils de finition,BP.PF3.dwg,dwg,190546,186.08 Ko,https://ged.staffdecor.fr/download/5849,INDETERMINE
bp30p,Profils de finition,BP30P.dxf,dxf,33952891,32.38 Mo,https://ged.staffdecor.fr/download/2722,3D
bp30p,Profils de finition,BP30P.dwg,dwg,194908,190.34 Ko,https://ged.staffdecor.fr/download/5850,INDETERMINE
cache-radiateur,PLANS DWG PAR FAMILLE,cache radiateurs.dwg,dwg,293038,286.17 Ko,https://ged.staffdecor.fr/download/5206,INDETERMINE
chevet1,Têtes de lit,CHEVET1-3D.dwg,dwg,6312428,6.02 Mo,https://ged.staffdecor.fr/download/661,3D
chevet1,Têtes de lit,CHEVET1-3D.dxf,dxf,26298286,25.08 Mo,https://ged.staffdecor.fr/download/1278,3D
chevet1,Têtes de lit,Chevet1.dwg,dwg,180654,176.42 Ko,https://ged.staffdecor.fr/download/3392,INDETERMINE
chevet2d-et-g-204,Têtes de lit,Chevet2G - Chevet2D.dwg,dwg,171121,167.11 Ko,https://ged.staffdecor.fr/download/3396,INDETERMINE
cimaises,PLANS DWG PAR FAMILLE,Cimaises.dwg,dwg,218419,213.3 Ko,https://ged.staffdecor.fr/download/6015,INDETERMINE
cl10,Grandes dimensions,CL10-2D.dwg,dwg,6018826,5.74 Mo,https://ged.staffdecor.fr/download/2407,3D
cl10,Grandes dimensions,CL10-2D.dxf,dxf,25543311,24.36 Mo,https://ged.staffdecor.fr/download/2408,3D
cl11,Grandes dimensions,CL11.dwg,dwg,6018826,5.74 Mo,https://ged.staffdecor.fr/download/2403,3D
cl11,Grandes dimensions,CL11.dxf,dxf,25543311,24.36 Mo,https://ged.staffdecor.fr/download/2404,3D
cl12,Grandes dimensions,CL12-ondes-3D.dxf,dxf,2002780,1.91 Mo,https://ged.staffdecor.fr/download/1077,3D
cl12,Grandes dimensions,CL12-ondes-3D.dwg,dwg,6564086,6.26 Mo,https://ged.staffdecor.fr/download/1078,3D
cl12,Grandes dimensions,CL12.dwg,dwg,160829,157.06 Ko,https://ged.staffdecor.fr/download/3707,INDETERMINE
cl1213a,Grandes dimensions,CL1213A.dwg,dwg,6218056,5.93 Mo,https://ged.staffdecor.fr/download/5700,3D
cl1213a-1,Collection panneaux tuileries,Collection CL1213.dwg,dwg,4697620,4.48 Mo,https://ged.staffdecor.fr/download/6580,INDETERMINE
cl1213b,Grandes dimensions,CL1213B.dwg,dwg,6218056,5.93 Mo,https://ged.staffdecor.fr/download/5701,3D
cl1213b-1,Collection panneaux tuileries,Collection CL1213.dwg,dwg,4697620,4.48 Mo,https://ged.staffdecor.fr/download/6581,INDETERMINE
cl1213c,Grandes dimensions,CL1213C.dwg,dwg,6228541,5.94 Mo,https://ged.staffdecor.fr/download/5699,3D
cl1213c-1,Collection panneaux tuileries,Collection CL1213.dwg,dwg,4697620,4.48 Mo,https://ged.staffdecor.fr/download/6582,INDETERMINE
cl1213d,Grandes dimensions,CL1213D.dwg,dwg,6218056,5.93 Mo,https://ged.staffdecor.fr/download/5714,3D
cl1213d-1,Collection panneaux tuileries,Collection CL1213.dwg,dwg,4697620,4.48 Mo,https://ged.staffdecor.fr/download/6583,INDETERMINE
cl13-a-et-b-583,Grandes dimensions,CL13A et CL13B.dwg,dwg,255068,249.09 Ko,https://ged.staffdecor.fr/download/5674,INDETERMINE
cl1374,Grandes dimensions,CL1374-2D.dwg,dwg,5987369,5.71 Mo,https://ged.staffdecor.fr/download/2398,3D
cl1374,Grandes dimensions,CL1374-2D.dxf,dxf,25448940,24.27 Mo,https://ged.staffdecor.fr/download/2399,3D
cl30,Modernes,Parements - CL30.dwg,dwg,310118,302.85 Ko,https://ged.staffdecor.fr/download/5821,INDETERMINE
cl31-facet-6,Modernes,CL31A-CL31B-3D.dwg,dwg,15361638,14.65 Mo,https://ged.staffdecor.fr/download/535,3D
cl31-facet-6,Modernes,CL31A-CL31B-3D.dxf,dxf,1174405,1.12 Mo,https://ged.staffdecor.fr/download/854,3D
cl31-facet-6,Modernes,Parements - CL31A et B.dwg,dwg,242350,236.67 Ko,https://ged.staffdecor.fr/download/5806,INDETERMINE
cl32,Modernes,CL32-2D.dwg,dwg,152238,148.67 Ko,https://ged.staffdecor.fr/download/709,2D
cl34,Modernes,CL34-2D.dwg,dwg,122511,119.64 Ko,https://ged.staffdecor.fr/download/710,2D
cl35,Modernes,CL35.dwg,dwg,6102712,5.82 Mo,https://ged.staffdecor.fr/download/2431,3D
cl35,Modernes,CL35.dxf,dxf,25312625,24.14 Mo,https://ged.staffdecor.fr/download/2432,3D
cl36,Modernes,CL36.dwg,dwg,131226,128.15 Ko,https://ged.staffdecor.fr/download/2311,INDETERMINE
cl36,Modernes,CL36.dxf,dxf,1342177,1.28 Mo,https://ged.staffdecor.fr/download/2314,INDETERMINE
cl39-968,Grandes dimensions,Parements - CL39.dwg,dwg,290826,284.01 Ko,https://ged.staffdecor.fr/download/6115,INDETERMINE
colonnes,PLANS DWG PAR FAMILLE,Colonnes.dwg,dwg,9961472,9.5 Mo,https://ged.staffdecor.fr/download/6446,3D
corniches-3,PLANS DWG PAR FAMILLE,Corniches - Collection Rivoli - D879.dwg,dwg,6501171,6.2 Mo,https://ged.staffdecor.fr/download/5840,3D
corniches-3,PLANS DWG PAR FAMILLE,Corniches.dwg,dwg,4141875,3.95 Mo,https://ged.staffdecor.fr/download/6201,INDETERMINE
cotes-de-passages-et-dessous-de-poutres,PLANS DWG PAR FAMILLE,Côtés de passages et dessous de poutres.dwg,dwg,6710886,6.4 Mo,https://ged.staffdecor.fr/download/5971,3D
d100,Corniches à éclairage indirect,D100.dwg,dwg,200571,195.87 Ko,https://ged.staffdecor.fr/download/4766,INDETERMINE
d101-1,Corniches à éclairage indirect,D101.dwg,dwg,211630,206.67 Ko,https://ged.staffdecor.fr/download/4774,INDETERMINE
d101-1,Corniches à éclairage indirect,D101.dwg,dwg,211630,206.67 Ko,https://ged.staffdecor.fr/download/5803,INDETERMINE
d102-1,Corniches à éclairage indirect,D102.dwg,dwg,235745,230.22 Ko,https://ged.staffdecor.fr/download/4775,INDETERMINE
d103-1,Corniches à éclairage indirect,D103.dwg,dwg,202977,198.22 Ko,https://ged.staffdecor.fr/download/4906,INDETERMINE
d103-52,Corniches à éclairage indirect,D103.dwg,dwg,120381,117.56 Ko,https://ged.staffdecor.fr/download/115,INDETERMINE
d104-1,Corniches à éclairage indirect,D104.dwg,dwg,188160,183.75 Ko,https://ged.staffdecor.fr/download/4907,INDETERMINE
d106,Contemporaines,D106.dwg,dwg,214651,209.62 Ko,https://ged.staffdecor.fr/download/4912,INDETERMINE
d107-1,Corniches à éclairage indirect,D107.dwg,dwg,217989,212.88 Ko,https://ged.staffdecor.fr/download/4914,INDETERMINE
d108-1,Corniches à éclairage indirect,D108.dwg,dwg,221798,216.6 Ko,https://ged.staffdecor.fr/download/4922,INDETERMINE
d109,Corniches à éclairage indirect,D109.dwg,dwg,254095,248.14 Ko,https://ged.staffdecor.fr/download/4917,INDETERMINE
d110,Corniches à éclairage indirect,D110.dwg,dwg,271063,264.71 Ko,https://ged.staffdecor.fr/download/4921,INDETERMINE
d113,Corniches à éclairage indirect,D113.dwg,dwg,226509,221.2 Ko,https://ged.staffdecor.fr/download/5117,INDETERMINE
d113m,Corniches à éclairage indirect,D113M.dwg,dwg,3365929,3.21 Mo,https://ged.staffdecor.fr/download/5125,INDETERMINE
d114,Corniches à éclairage indirect,D114.dwg,dwg,264315,258.12 Ko,https://ged.staffdecor.fr/download/5126,INDETERMINE
d114m,Corniches à éclairage indirect,D114M.dwg,dwg,3764388,3.59 Mo,https://ged.staffdecor.fr/download/5127,INDETERMINE
d116,Corniches à éclairage indirect,D116.dwg,dwg,3407872,3.25 Mo,https://ged.staffdecor.fr/download/5128,INDETERMINE
d117,Corniches à éclairage indirect,D117.dwg,dwg,3428844,3.27 Mo,https://ged.staffdecor.fr/download/5129,INDETERMINE
d118-1,Contemporaines,D118.dwg,dwg,3428844,3.27 Mo,https://ged.staffdecor.fr/download/5679,INDETERMINE
d118-2,Corniches à éclairage indirect,D118.dwg,dwg,3460301,3.3 Mo,https://ged.staffdecor.fr/download/5130,INDETERMINE
d121,Corniches à éclairage indirect,D121.dwg,dwg,3711959,3.54 Mo,https://ged.staffdecor.fr/download/5105,INDETERMINE
d122,Corniches à éclairage indirect,D122.dwg,dwg,3690988,3.52 Mo,https://ged.staffdecor.fr/download/5106,INDETERMINE
d123,Corniches à éclairage indirect,D123.dwg,dwg,3690988,3.52 Mo,https://ged.staffdecor.fr/download/5100,INDETERMINE
d124,Corniches à éclairage indirect,D124.dwg,dwg,3659530,3.49 Mo,https://ged.staffdecor.fr/download/5099,INDETERMINE
d125,Corniches à éclairage indirect,D125.dwg,dwg,3659530,3.49 Mo,https://ged.staffdecor.fr/download/5098,INDETERMINE
d505,Ornementées,D505.dwg,dwg,383549,374.56 Ko,https://ged.staffdecor.fr/download/4951,INDETERMINE
d510-1,Ornementées,D510.dwg,dwg,383549,374.56 Ko,https://ged.staffdecor.fr/download/4952,INDETERMINE
d513,Ornementées,D513.dwg,dwg,396196,386.91 Ko,https://ged.staffdecor.fr/download/4953,INDETERMINE
d515,Ornementées,D515.dwg,dwg,396196,386.91 Ko,https://ged.staffdecor.fr/download/4954,INDETERMINE
d520,Classiques,D520.dwg,dwg,396196,386.91 Ko,https://ged.staffdecor.fr/download/4955,INDETERMINE
d525,Ornementées,D525.dwg,dwg,408832,399.25 Ko,https://ged.staffdecor.fr/download/4956,INDETERMINE
d530,Ornementées,D530.dwg,dwg,409979,400.37 Ko,https://ged.staffdecor.fr/download/4958,INDETERMINE
d535,Ornementées,D535.dwg,dwg,547011,534.19 Ko,https://ged.staffdecor.fr/download/6298,INDETERMINE
d540,Ornementées,D540.dwg,dwg,409979,400.37 Ko,https://ged.staffdecor.fr/download/4960,INDETERMINE
d545,Classiques,D545.dwg,dwg,420803,410.94 Ko,https://ged.staffdecor.fr/download/4961,INDETERMINE
d550,Ornementées,D550.dwg,dwg,420803,410.94 Ko,https://ged.staffdecor.fr/download/4962,INDETERMINE
d555,Contemporaines,D555.dwg,dwg,420803,410.94 Ko,https://ged.staffdecor.fr/download/4965,INDETERMINE
d556-2,Contemporaines,D556.dwg,dwg,427950,417.92 Ko,https://ged.staffdecor.fr/download/4966,INDETERMINE
d560,Classiques,D560.dwg,dwg,433367,423.21 Ko,https://ged.staffdecor.fr/download/4967,INDETERMINE
d561,Contemporaines,D561.dwg,dwg,435302,425.1 Ko,https://ged.staffdecor.fr/download/4968,INDETERMINE
d562,Contemporaines,D562.dwg,dwg,435415,425.21 Ko,https://ged.staffdecor.fr/download/4969,INDETERMINE
d563,Contemporaines,D563.dwg,dwg,441989,431.63 Ko,https://ged.staffdecor.fr/download/4970,INDETERMINE
d564,Contemporaines,D564.dwg,dwg,444375,433.96 Ko,https://ged.staffdecor.fr/download/4971,INDETERMINE
d565,Contemporaines,D565.dwg,dwg,446403,435.94 Ko,https://ged.staffdecor.fr/download/4972,INDETERMINE
d566,Ornementées,D566.dwg,dwg,451912,441.32 Ko,https://ged.staffdecor.fr/download/4974,INDETERMINE
d567,Contemporaines,D567.dwg,dwg,459960,449.18 Ko,https://ged.staffdecor.fr/download/4977,INDETERMINE
d568,Contemporaines,D568.dwg,dwg,459960,449.18 Ko,https://ged.staffdecor.fr/download/4978,INDETERMINE
d569,Ornementées,D569.dwg,dwg,459960,449.18 Ko,https://ged.staffdecor.fr/download/4979,INDETERMINE
d570,Classiques,D570-sansmotif.dwg,dwg,116029,113.31 Ko,https://ged.staffdecor.fr/download/557,INDETERMINE
d570-1,Ornementées,D570.dwg,dwg,466811,455.87 Ko,https://ged.staffdecor.fr/download/4980,INDETERMINE
d572,Contemporaines,D572.dwg,dwg,468419,457.44 Ko,https://ged.staffdecor.fr/download/4981,INDETERMINE
d573,Contemporaines,D573.dwg,dwg,474214,463.1 Ko,https://ged.staffdecor.fr/download/4982,INDETERMINE
d574-1,Classiques,D574.dwg,dwg,482540,471.23 Ko,https://ged.staffdecor.fr/download/4983,INDETERMINE
d575-108,Contemporaines,D575.dwg,dwg,482540,471.23 Ko,https://ged.staffdecor.fr/download/4984,INDETERMINE
d576,Contemporaines,D576.dwg,dwg,482540,471.23 Ko,https://ged.staffdecor.fr/download/4985,INDETERMINE
d577,Contemporaines,D577.dwg,dwg,485652,474.27 Ko,https://ged.staffdecor.fr/download/4986,INDETERMINE
d578,Contemporaines,D578.dwg,dwg,488172,476.73 Ko,https://ged.staffdecor.fr/download/4987,INDETERMINE
d579,Contemporaines,D579.dwg,dwg,489892,478.41 Ko,https://ged.staffdecor.fr/download/4988,INDETERMINE
d580-1,Contemporaines,D580.dxf,dxf,569129,555.79 Ko,https://ged.staffdecor.fr/download/1118,INDETERMINE
d580-1,Contemporaines,D580.dwg,dwg,101796,99.41 Ko,https://ged.staffdecor.fr/download/1119,INDETERMINE
d580-2,Contemporaines,D580.dwg,dwg,489994,478.51 Ko,https://ged.staffdecor.fr/download/4989,INDETERMINE
d601,Classiques,D601.dwg,dwg,498033,486.36 Ko,https://ged.staffdecor.fr/download/4990,INDETERMINE
d604,Classiques,D604.dwg,dwg,500838,489.1 Ko,https://ged.staffdecor.fr/download/4991,INDETERMINE
d605,Classiques,D605.dwg,dwg,504535,492.71 Ko,https://ged.staffdecor.fr/download/4992,INDETERMINE
d606,Classiques,D606.dwg,dwg,510822,498.85 Ko,https://ged.staffdecor.fr/download/4993,INDETERMINE
d607,Classiques,D607.dwg,dwg,519721,507.54 Ko,https://ged.staffdecor.fr/download/4994,INDETERMINE
d608,Classiques,D608.dwg,dwg,519721,507.54 Ko,https://ged.staffdecor.fr/download/4995,INDETERMINE
d609,Classiques,D609.dwg,dwg,523366,511.1 Ko,https://ged.staffdecor.fr/download/4997,INDETERMINE
d610,Classiques,D610.dwg,dwg,508611,496.69 Ko,https://ged.staffdecor.fr/download/5000,INDETERMINE
d611,Classiques,D611.dwg,dwg,522865,510.61 Ko,https://ged.staffdecor.fr/download/5001,INDETERMINE
d612,Classiques,D612.dwg,dwg,523469,511.2 Ko,https://ged.staffdecor.fr/download/5002,INDETERMINE
d613,Ornementées,D613.dwg,dwg,523469,511.2 Ko,https://ged.staffdecor.fr/download/5003,INDETERMINE
d614,Classiques,D614.dwg,dwg,539228,526.59 Ko,https://ged.staffdecor.fr/download/5004,INDETERMINE
d615,Ornementées,D615.dwg,dwg,539228,526.59 Ko,https://ged.staffdecor.fr/download/5005,INDETERMINE
d616,Classiques,D616.dwg,dwg,539228,526.59 Ko,https://ged.staffdecor.fr/download/5006,INDETERMINE
d617,Ornementées,D617.dwg,dwg,560148,547.02 Ko,https://ged.staffdecor.fr/download/5008,INDETERMINE
d618,Classiques,D618.dwg,dwg,563118,549.92 Ko,https://ged.staffdecor.fr/download/5007,INDETERMINE
d620,Contemporaines,D620.dwg,dwg,563231,550.03 Ko,https://ged.staffdecor.fr/download/5009,INDETERMINE
d621,Contemporaines,D621.dwg,dwg,563231,550.03 Ko,https://ged.staffdecor.fr/download/5010,INDETERMINE
d622,Classiques,D622.dwg,dwg,570716,557.34 Ko,https://ged.staffdecor.fr/download/5011,INDETERMINE
d624,Classiques,D624.dxf,dxf,415488,405.75 Ko,https://ged.staffdecor.fr/download/895,INDETERMINE
d624,Classiques,D624.dwg,dwg,575898,562.4 Ko,https://ged.staffdecor.fr/download/5012,INDETERMINE
d625,Classiques,D625.dwg,dwg,575898,562.4 Ko,https://ged.staffdecor.fr/download/5013,INDETERMINE
d626,Classiques,D626.dwg,dwg,583547,569.87 Ko,https://ged.staffdecor.fr/download/5014,INDETERMINE
d627,Classiques,D627.dwg,dwg,583588,569.91 Ko,https://ged.staffdecor.fr/download/5030,INDETERMINE
d628,Ornementées,D628.dwg,dwg,958269,935.81 Ko,https://ged.staffdecor.fr/download/5017,INDETERMINE
d629,Ornementées,D629.dwg,dwg,1488978,1.42 Mo,https://ged.staffdecor.fr/download/5018,INDETERMINE
d630,Classiques,D630.dwg,dwg,1509949,1.44 Mo,https://ged.staffdecor.fr/download/5020,INDETERMINE
d631,Contemporaines,D631.dwg,dwg,1520435,1.45 Mo,https://ged.staffdecor.fr/download/5021,INDETERMINE
d632,Contemporaines,D632.dwg,dwg,1520435,1.45 Mo,https://ged.staffdecor.fr/download/5022,INDETERMINE
d633,Contemporaines,D633.dwg,dwg,1520435,1.45 Mo,https://ged.staffdecor.fr/download/5023,INDETERMINE
d650,Classiques,D650.dwg,dwg,1520435,1.45 Mo,https://ged.staffdecor.fr/download/5024,INDETERMINE
d650l,Classiques,D650L.dwg,dwg,1530921,1.46 Mo,https://ged.staffdecor.fr/download/5025,INDETERMINE
d651,Classiques,D651.dwg,dwg,1530921,1.46 Mo,https://ged.staffdecor.fr/download/5026,INDETERMINE
d652,Classiques,D652.dwg,dwg,1530921,1.46 Mo,https://ged.staffdecor.fr/download/5027,INDETERMINE
d653,Classiques,D653.dwg,dwg,1541407,1.47 Mo,https://ged.staffdecor.fr/download/5028,INDETERMINE
d654,Classiques,D654.dwg,dwg,1551892,1.48 Mo,https://ged.staffdecor.fr/download/5031,INDETERMINE
d655,Classiques,D655.dwg,dwg,1321206,1.26 Mo,https://ged.staffdecor.fr/download/5034,INDETERMINE
d656,Classiques,D656.dwg,dwg,1363149,1.3 Mo,https://ged.staffdecor.fr/download/5035,INDETERMINE
d657,Classiques,D657.dwg,dwg,1384120,1.32 Mo,https://ged.staffdecor.fr/download/5036,INDETERMINE
d658,Classiques,D658.dwg,dwg,1415578,1.35 Mo,https://ged.staffdecor.fr/download/5037,INDETERMINE
d702,Classiques,D702.dwg,dwg,1321206,1.26 Mo,https://ged.staffdecor.fr/download/5038,INDETERMINE
d703,Classiques,D703.dwg,dwg,1405092,1.34 Mo,https://ged.staffdecor.fr/download/5039,INDETERMINE
d704,Classiques,D704.dwg,dwg,1405092,1.34 Mo,https://ged.staffdecor.fr/download/5040,INDETERMINE
d705,Contemporaines,D705.dwg,dwg,1405092,1.34 Mo,https://ged.staffdecor.fr/download/5041,INDETERMINE
d706,Contemporaines,D706.dwg,dwg,1405092,1.34 Mo,https://ged.staffdecor.fr/download/5042,INDETERMINE
d706,Contemporaines,D706.dwg,dwg,1405092,1.34 Mo,https://ged.staffdecor.fr/download/5044,INDETERMINE
d707,Classiques,D707.dwg,dwg,1405092,1.34 Mo,https://ged.staffdecor.fr/download/5043,INDETERMINE
d708,Corniches à éclairage indirect,D708.dwg,dwg,1426063,1.36 Mo,https://ged.staffdecor.fr/download/5045,INDETERMINE
d709,Corniches à éclairage indirect,D709.dwg,dwg,1426063,1.36 Mo,https://ged.staffdecor.fr/download/5046,INDETERMINE
d710,Corniches à éclairage indirect,D710.dwg,dwg,1321206,1.26 Mo,https://ged.staffdecor.fr/download/5448,INDETERMINE
d711,Ornementées,D711.dwg,dwg,2160067,2.06 Mo,https://ged.staffdecor.fr/download/5050,INDETERMINE
d712,Ornementées,D712.dwg,dwg,2432696,2.32 Mo,https://ged.staffdecor.fr/download/6301,INDETERMINE
d713-131,Classiques,D713.dwg,dwg,2170552,2.07 Mo,https://ged.staffdecor.fr/download/5051,INDETERMINE
d715,Ornementées,D715.dwg,dwg,2904556,2.77 Mo,https://ged.staffdecor.fr/download/6138,INDETERMINE
d716,Ornementées,D716.dwg,dwg,3061842,2.92 Mo,https://ged.staffdecor.fr/download/5052,INDETERMINE
d717,Classiques,D717.dwg,dwg,3061842,2.92 Mo,https://ged.staffdecor.fr/download/5053,INDETERMINE
d718,Contemporaines,D718.dwg,dwg,3061842,2.92 Mo,https://ged.staffdecor.fr/download/5055,INDETERMINE
d720,Contemporaines,D720.dwg,dwg,110981,108.38 Ko,https://ged.staffdecor.fr/download/3426,INDETERMINE
d720,Contemporaines,D720.dwg,dwg,3061842,2.92 Mo,https://ged.staffdecor.fr/download/5054,INDETERMINE
d748,Corniches à éclairage indirect,D748.dwg,dwg,3638559,3.47 Mo,https://ged.staffdecor.fr/download/5090,INDETERMINE
d749,Corniches à éclairage indirect,D749.dwg,dwg,3638559,3.47 Mo,https://ged.staffdecor.fr/download/5091,INDETERMINE
d751,Contemporaines,D751.dwg,dwg,3670016,3.5 Mo,https://ged.staffdecor.fr/download/5086,INDETERMINE
d752,Contemporaines,D752.dwg,dwg,3680502,3.51 Mo,https://ged.staffdecor.fr/download/5087,INDETERMINE
d753,Contemporaines,D753.dwg,dwg,3711959,3.54 Mo,https://ged.staffdecor.fr/download/5088,INDETERMINE
d754,Contemporaines,D754.dwg,dwg,3732931,3.56 Mo,https://ged.staffdecor.fr/download/5089,INDETERMINE
d801,Classiques,D801.dwg,dwg,193546,189.01 Ko,https://ged.staffdecor.fr/download/4942,INDETERMINE
d802,Classiques,D802.dwg,dwg,200305,195.61 Ko,https://ged.staffdecor.fr/download/4941,INDETERMINE
d810,Ornementées,D810.dwg,dwg,196977,192.36 Ko,https://ged.staffdecor.fr/download/4940,INDETERMINE
d812,Ornementées,D812.dwg,dwg,196690,192.08 Ko,https://ged.staffdecor.fr/download/4938,INDETERMINE
d813,Ornementées,D813.dwg,dwg,199444,194.77 Ko,https://ged.staffdecor.fr/download/4944,INDETERMINE
d814,Ornementées,D814-3D.dwg,dwg,1426063,1.36 Mo,https://ged.staffdecor.fr/download/285,3D
d814,Ornementées,D814.dwg,dwg,205701,200.88 Ko,https://ged.staffdecor.fr/download/4943,INDETERMINE
d815,Ornementées,D815.dwg,dwg,218511,213.39 Ko,https://ged.staffdecor.fr/download/4946,INDETERMINE
d818,Ornementées,D818.dwg,dwg,345672,337.57 Ko,https://ged.staffdecor.fr/download/4945,INDETERMINE
d820,Classiques,D820.dwg,dwg,3334472,3.18 Mo,https://ged.staffdecor.fr/download/4931,INDETERMINE
d830,Classiques,D830.dwg,dwg,383549,374.56 Ko,https://ged.staffdecor.fr/download/4947,INDETERMINE
d835,Ornementées,D835.dwg,dwg,3061842,2.92 Mo,https://ged.staffdecor.fr/download/5056,INDETERMINE
d840,Ornementées,D840.dwg,dwg,3072328,2.93 Mo,https://ged.staffdecor.fr/download/5060,INDETERMINE
d843,Ornementées,D843.dwg,dwg,3082813,2.94 Mo,https://ged.staffdecor.fr/download/5059,INDETERMINE
d844,Ornementées,D844.dwg,dwg,3082813,2.94 Mo,https://ged.staffdecor.fr/download/5058,INDETERMINE
d845-272,Ornementées,D845.dwg,dwg,3082813,2.94 Mo,https://ged.staffdecor.fr/download/5057,INDETERMINE
d846-1,Ornementées,D846.dwg,dwg,3082813,2.94 Mo,https://ged.staffdecor.fr/download/5061,INDETERMINE
d878,Ornementées,D878.dwg,dwg,3103785,2.96 Mo,https://ged.staffdecor.fr/download/5062,INDETERMINE
d880,Classiques,D880.dwg,dwg,3103785,2.96 Mo,https://ged.staffdecor.fr/download/5063,INDETERMINE
d881,Ornementées,D881.dwg,dwg,3156214,3.01 Mo,https://ged.staffdecor.fr/download/5074,INDETERMINE
d881b,Ornementées,D881B.dwg,dwg,3177185,3.03 Mo,https://ged.staffdecor.fr/download/5075,INDETERMINE
d882,Ornementées,D882.dwg,dwg,3072328,2.93 Mo,https://ged.staffdecor.fr/download/5072,INDETERMINE
d882b,Ornementées,D882B.dwg,dwg,3313500,3.16 Mo,https://ged.staffdecor.fr/download/5073,INDETERMINE
d883,Ornementées,D883.dwg,dwg,3544187,3.38 Mo,https://ged.staffdecor.fr/download/5071,INDETERMINE
d884,Ornementées,D884.dwg,dwg,3565158,3.4 Mo,https://ged.staffdecor.fr/download/5070,INDETERMINE
d885,Ornementées,D885.dwg,dwg,3565158,3.4 Mo,https://ged.staffdecor.fr/download/5069,INDETERMINE
d886,Classiques,D886.dwg,dwg,3565158,3.4 Mo,https://ged.staffdecor.fr/download/5068,INDETERMINE
d887,Ornementées,D887.dwg,dwg,3575644,3.41 Mo,https://ged.staffdecor.fr/download/5067,INDETERMINE
d888,Classiques,D888.dwg,dwg,3575644,3.41 Mo,https://ged.staffdecor.fr/download/5066,INDETERMINE
d889,Ornementées,D889.dwg,dwg,3596616,3.43 Mo,https://ged.staffdecor.fr/download/5065,INDETERMINE
d890,Ornementées,D890.dwg,dwg,3596616,3.43 Mo,https://ged.staffdecor.fr/download/5064,INDETERMINE
d891,Contemporaines,D891.dwg,dwg,3607101,3.44 Mo,https://ged.staffdecor.fr/download/5076,INDETERMINE
d892,Classiques,D892.dwg,dwg,3607101,3.44 Mo,https://ged.staffdecor.fr/download/5077,INDETERMINE
d893,Ornementées,D893.dwg,dwg,3607101,3.44 Mo,https://ged.staffdecor.fr/download/5078,INDETERMINE
d894,Ornementées,D894.dwg,dwg,3607101,3.44 Mo,https://ged.staffdecor.fr/download/5079,INDETERMINE
d895,Ornementées,D895.dwg,dwg,3617587,3.45 Mo,https://ged.staffdecor.fr/download/5080,INDETERMINE
d896,Classiques,D896.dwg,dwg,3617587,3.45 Mo,https://ged.staffdecor.fr/download/5082,INDETERMINE
d897,Ornementées,D897.dwg,dwg,3628073,3.46 Mo,https://ged.staffdecor.fr/download/5081,INDETERMINE
d898,Ornementées,D898.dwg,dwg,3628073,3.46 Mo,https://ged.staffdecor.fr/download/5084,INDETERMINE
d899,Ornementées,D899.dwg,dwg,168202,164.26 Ko,https://ged.staffdecor.fr/download/3375,INDETERMINE
d899,Ornementées,D899.dwg,dwg,3638559,3.47 Mo,https://ged.staffdecor.fr/download/5083,INDETERMINE
d900,Contemporaines,D900.dwg,dwg,3303014,3.15 Mo,https://ged.staffdecor.fr/download/4929,INDETERMINE
d901,Contemporaines,D901.dwg,dwg,3313500,3.16 Mo,https://ged.staffdecor.fr/download/4930,INDETERMINE
d903-1,Ornementées,D903.dwg,dwg,3355443,3.2 Mo,https://ged.staffdecor.fr/download/4928,INDETERMINE
d905b,Classiques,D905B.dwg,dwg,224389,219.13 Ko,https://ged.staffdecor.fr/download/6202,INDETERMINE
d905h,Classiques,D905H.dwg,dwg,444897,434.47 Ko,https://ged.staffdecor.fr/download/4998,INDETERMINE
decaisse-grg,Corniches Stratistaff,Plafond décaissé stratistaff.dwg,dwg,201544,196.82 Ko,https://ged.staffdecor.fr/download/4101,INDETERMINE
decaisse-grg-d565-d601-d611,Corniches Stratistaff,Plafond décaissé D565-D601-D611.dwg,dwg,155494,151.85 Ko,https://ged.staffdecor.fr/download/4103,INDETERMINE
decaisse-grg-d830,Corniches Stratistaff,Plafond décaissé D830.dwg,dwg,152873,149.29 Ko,https://ged.staffdecor.fr/download/4105,INDETERMINE
e0510e-400,"Équerres, U, Joints Creux",E0510E.dwg,dwg,111176,108.57 Ko,https://ged.staffdecor.fr/download/4052,INDETERMINE
e0520e-402,"Équerres, U, Joints Creux",E0520E.dwg,dwg,110787,108.19 Ko,https://ged.staffdecor.fr/download/4053,INDETERMINE
e0530e-403,"Équerres, U, Joints Creux",E0530E.dwg,dwg,110623,108.03 Ko,https://ged.staffdecor.fr/download/4055,INDETERMINE
e0535e-404,"Équerres, U, Joints Creux",E0535E.dwg,dwg,40684,39.73 Ko,https://ged.staffdecor.fr/download/1907,INDETERMINE
e0535e-404,"Équerres, U, Joints Creux",E0535E.dxf,dxf,370391,361.71 Ko,https://ged.staffdecor.fr/download/1909,INDETERMINE
e0535e-404,"Équerres, U, Joints Creux",E0535E.dwg,dwg,135895,132.71 Ko,https://ged.staffdecor.fr/download/4057,INDETERMINE
e1010e,"Équerres, U, Joints Creux",E1010E.dwg,dwg,77588,75.77 Ko,https://ged.staffdecor.fr/download/1912,INDETERMINE
e1010e,"Équerres, U, Joints Creux",E1010E.dxf,dxf,208292,203.41 Ko,https://ged.staffdecor.fr/download/1915,INDETERMINE
e1020e,"Équerres, U, Joints Creux",E1020E.dwg,dwg,75909,74.13 Ko,https://ged.staffdecor.fr/download/1934,INDETERMINE
e1020e,"Équerres, U, Joints Creux",E1020E.dxf,dxf,368312,359.68 Ko,https://ged.staffdecor.fr/download/1935,INDETERMINE
e1020i,"Équerres, U, Joints Creux",E1020I.dwg,dwg,135055,131.89 Ko,https://ged.staffdecor.fr/download/4059,INDETERMINE
e1030e,"Équerres, U, Joints Creux",E1030E.dwg,dwg,73585,71.86 Ko,https://ged.staffdecor.fr/download/1938,INDETERMINE
e1030e,"Équerres, U, Joints Creux",E1030E.dxf,dxf,368312,359.68 Ko,https://ged.staffdecor.fr/download/1939,INDETERMINE
e1040e,"Équerres, U, Joints Creux",E1040E.dwg,dwg,77066,75.26 Ko,https://ged.staffdecor.fr/download/1942,INDETERMINE
e1040e,"Équerres, U, Joints Creux",E1040E.dxf,dxf,370391,361.71 Ko,https://ged.staffdecor.fr/download/1943,INDETERMINE
e1515e,"Équerres, U, Joints Creux",E1515E.dwg,dwg,135864,132.68 Ko,https://ged.staffdecor.fr/download/4061,INDETERMINE
e1520e,"Équerres, U, Joints Creux",E1520E.dwg,dwg,110623,108.03 Ko,https://ged.staffdecor.fr/download/4065,INDETERMINE
e1520i,"Équerres, U, Joints Creux",E1520I.dwg,dwg,78531,76.69 Ko,https://ged.staffdecor.fr/download/1918,INDETERMINE
e1520i,"Équerres, U, Joints Creux",E1520I.dxf,dxf,216197,211.13 Ko,https://ged.staffdecor.fr/download/1919,INDETERMINE
e1520i,"Équerres, U, Joints Creux",E1520I.dwg,dwg,110551,107.96 Ko,https://ged.staffdecor.fr/download/4063,INDETERMINE
e2020e-401,"Équerres, U, Joints Creux",E2020E.dxf,dxf,368312,359.68 Ko,https://ged.staffdecor.fr/download/1955,INDETERMINE
e2020e-401,"Équerres, U, Joints Creux",E2020E.dwg,dwg,73492,71.77 Ko,https://ged.staffdecor.fr/download/1956,INDETERMINE
e2020i,"Équerres, U, Joints Creux",E2020I.dxf,dxf,372982,364.24 Ko,https://ged.staffdecor.fr/download/1920,INDETERMINE
e2020i,"Équerres, U, Joints Creux",E2020I.dwg,dwg,77425,75.61 Ko,https://ged.staffdecor.fr/download/1921,INDETERMINE
e2030e,"Équerres, U, Joints Creux",E2030E.dwg,dwg,73257,71.54 Ko,https://ged.staffdecor.fr/download/1949,INDETERMINE
e2030e,"Équerres, U, Joints Creux",E2030E.dxf,dxf,370391,361.71 Ko,https://ged.staffdecor.fr/download/1951,INDETERMINE
e2030i,"Équerres, U, Joints Creux",E2030I.dxf,dxf,364544,356 Ko,https://ged.staffdecor.fr/download/1926,INDETERMINE
e2030i,"Équerres, U, Joints Creux",E2030I.dwg,dwg,78572,76.73 Ko,https://ged.staffdecor.fr/download/1927,INDETERMINE
ebp0430,"Équerres, U, Joints Creux",EBP0430.dwg,dwg,151357,147.81 Ko,https://ged.staffdecor.fr/download/4085,INDETERMINE
ebp0430-1,Corniches à éclairage indirect,EBP0430.dwg,dwg,215245,210.2 Ko,https://ged.staffdecor.fr/download/5923,INDETERMINE
ebp0525p,"Équerres, U, Joints Creux",EBP0525P-2D.dwg,dwg,5987369,5.71 Mo,https://ged.staffdecor.fr/download/486,3D
ebp0525p,"Équerres, U, Joints Creux",EBP0525P.dxf,dxf,9793700,9.34 Mo,https://ged.staffdecor.fr/download/2841,3D
ebp0530,"Équerres, U, Joints Creux",EBP0530.dwg,dwg,6627000,6.32 Mo,https://ged.staffdecor.fr/download/2843,3D
ebp0830,"Équerres, U, Joints Creux",EBP0830.dwg,dwg,6627000,6.32 Mo,https://ged.staffdecor.fr/download/2845,3D
ebp1030,"Équerres, U, Joints Creux",EBP1030.dwg,dwg,6627000,6.32 Mo,https://ged.staffdecor.fr/download/2847,3D
emb1-1,Profils et plaques,EMB1-2D.dwg,dwg,116255,113.53 Ko,https://ged.staffdecor.fr/download/1799,2D
emb1-1,Profils et plaques,EMB1.dxf,dxf,413645,403.95 Ko,https://ged.staffdecor.fr/download/1807,INDETERMINE
emb2-1,Profils et plaques,EMB2-2D.dwg,dwg,120084,117.27 Ko,https://ged.staffdecor.fr/download/1804,2D
emb2-1,Profils et plaques,EMB2.dxf,dxf,446423,435.96 Ko,https://ged.staffdecor.fr/download/1806,INDETERMINE
emb95-ebl0430-218,Corniches à éclairage indirect,EMB95-EBL0430-2D.dwg,dwg,131103,128.03 Ko,https://ged.staffdecor.fr/download/484,2D
emb95-ebl0430-367,Profils pour insertion LED,EMB95 et EBL0420.dwg,dwg,180777,176.54 Ko,https://ged.staffdecor.fr/download/3018,INDETERMINE
enc01,Encastrés,ENC01-2D.dwg,dwg,6553600,6.25 Mo,https://ged.staffdecor.fr/download/363,3D
enc01,Encastrés,ENC01-3D.dwg,dwg,14145290,13.49 Mo,https://ged.staffdecor.fr/download/365,3D
enc01,Encastrés,ENC01.dxf,dxf,80834724,77.09 Mo,https://ged.staffdecor.fr/download/1317,3D
enc02,Encastrés,ENC02-3D.dwg,dwg,9741271,9.29 Mo,https://ged.staffdecor.fr/download/371,3D
enc02,Encastrés,ENC02-2D.dwg,dwg,5976883,5.7 Mo,https://ged.staffdecor.fr/download/372,3D
enc03,Encastrés,ENC03-2D.dwg,dwg,5976883,5.7 Mo,https://ged.staffdecor.fr/download/374,3D
enc03,Encastrés,ENC03-3D.dwg,dwg,9657385,9.21 Mo,https://ged.staffdecor.fr/download/375,3D
enc04,Encastrés,ENC04-2D.dwg,dwg,6553600,6.25 Mo,https://ged.staffdecor.fr/download/378,3D
enc04,Encastrés,ENC04-3D.dwg,dwg,9426698,8.99 Mo,https://ged.staffdecor.fr/download/379,3D
enc21,Encastrés,ENC21-2D.dwg,dwg,6029312,5.75 Mo,https://ged.staffdecor.fr/download/381,3D
enc22,Encastrés,ENC22-2D.dwg,dwg,6039798,5.76 Mo,https://ged.staffdecor.fr/download/383,3D
enc22,Encastrés,ENC22-3D.dwg,dwg,7098860,6.77 Mo,https://ged.staffdecor.fr/download/387,3D
enc23,Encastrés,ENC23-2D.dwg,dwg,162273,158.47 Ko,https://ged.staffdecor.fr/download/385,2D
enc23,Encastrés,ENC23-3D.dwg,dwg,4068475,3.88 Mo,https://ged.staffdecor.fr/download/386,3D
enc24,Encastrés,ENC24-2D.dwg,dwg,128922,125.9 Ko,https://ged.staffdecor.fr/download/389,2D
enc24,Encastrés,ENC24-3D.dwg,dwg,5442109,5.19 Mo,https://ged.staffdecor.fr/download/390,3D
enc25,Encastrés,ENC25.dwg,dwg,6155141,5.87 Mo,https://ged.staffdecor.fr/download/2215,3D
enc25,Encastrés,ENC25.dxf,dxf,25574769,24.39 Mo,https://ged.staffdecor.fr/download/2216,3D
enc25,Encastrés,ENC25.dwg,dwg,6155141,5.87 Mo,https://ged.staffdecor.fr/download/2218,3D
enc25,Encastrés,ENC25.dxf,dxf,25574769,24.39 Mo,https://ged.staffdecor.fr/download/2220,3D
enc31,Encastrés,ENC31.dxf,dxf,25574769,24.39 Mo,https://ged.staffdecor.fr/download/2200,3D
enc31,Encastrés,ENC31.dwg,dwg,194109,189.56 Ko,https://ged.staffdecor.fr/download/4232,INDETERMINE
enc32,Encastrés,ENC32.dxf,dxf,25564283,24.38 Mo,https://ged.staffdecor.fr/download/2205,3D
enc32,Encastrés,ENC32.dwg,dwg,208620,203.73 Ko,https://ged.staffdecor.fr/download/4235,INDETERMINE
enc35,Encastrés,ENC35.dxf,dxf,25595740,24.41 Mo,https://ged.staffdecor.fr/download/2209,3D
enc35,Encastrés,ENC35.dwg,dwg,178698,174.51 Ko,https://ged.staffdecor.fr/download/4236,INDETERMINE
enc41,Encastrés,ENC41.dwg,dwg,213668,208.66 Ko,https://ged.staffdecor.fr/download/5477,INDETERMINE
enc601,Dalles Lumineuses,ENC601-2D.dwg,dwg,5997855,5.72 Mo,https://ged.staffdecor.fr/download/368,3D
enc601,Dalles Lumineuses,ENC601-3D.dwg,dwg,10160701,9.69 Mo,https://ged.staffdecor.fr/download/369,3D
enc602,Dalles Lumineuses,ENC602-2D.dwg,dwg,6259999,5.97 Mo,https://ged.staffdecor.fr/download/392,3D
enc602,Dalles Lumineuses,ENC602-3D.dwg,dwg,12446597,11.87 Mo,https://ged.staffdecor.fr/download/393,3D
enc603,Dalles Lumineuses,ENC603-2D.dwg,dwg,5997855,5.72 Mo,https://ged.staffdecor.fr/download/394,3D
enc603,Dalles Lumineuses,ENC603-3D.dwg,dwg,12593398,12.01 Mo,https://ged.staffdecor.fr/download/395,3D
enc603,Dalles Lumineuses,ENC603-2D.dxf,dxf,25627197,24.44 Mo,https://ged.staffdecor.fr/download/2236,3D
gamme-variance,PLANS DWG PAR FAMILLE,Gamme Variance.dwg,dwg,378941,370.06 Ko,https://ged.staffdecor.fr/download/6330,INDETERMINE
hotte-provencale,Hottes,Hotte provençale.dwg,dwg,227133,221.81 Ko,https://ged.staffdecor.fr/download/5815,INDETERMINE
jc22-10-422,"Équerres, U, Joints Creux",JC22-10.dxf,dxf,604908,590.73 Ko,https://ged.staffdecor.fr/download/1851,INDETERMINE
jc22-10-422,"Équerres, U, Joints Creux",JC22-10.dwg,dwg,138936,135.68 Ko,https://ged.staffdecor.fr/download/1852,INDETERMINE
jc22-20-424,"Équerres, U, Joints Creux",JC22-20.dwg,dwg,128829,125.81 Ko,https://ged.staffdecor.fr/download/1868,INDETERMINE
jc22-20-424,"Équerres, U, Joints Creux",JC22-20.dxf,dxf,690432,674.25 Ko,https://ged.staffdecor.fr/download/1869,INDETERMINE
jc22-30-423,"Équerres, U, Joints Creux",JC22-30.dwg,dwg,132106,129.01 Ko,https://ged.staffdecor.fr/download/1864,INDETERMINE
jc22-30-423,"Équerres, U, Joints Creux",JC22-30.dxf,dxf,587940,574.16 Ko,https://ged.staffdecor.fr/download/1865,INDETERMINE
jc22-40-425,"Équerres, U, Joints Creux",JC22-40.dwg,dwg,132055,128.96 Ko,https://ged.staffdecor.fr/download/1862,INDETERMINE
jc22-40-425,"Équerres, U, Joints Creux",JC22-40.dxf,dxf,738990,721.67 Ko,https://ged.staffdecor.fr/download/1863,INDETERMINE
jc43-21p-221,"Équerres, U, Joints Creux",JC4-3-21P-2D.dwg,dwg,3921674,3.74 Mo,https://ged.staffdecor.fr/download/488,2D
jc43-21p-221,"Équerres, U, Joints Creux",JC4-3-21P.dxf,dxf,253542,247.6 Ko,https://ged.staffdecor.fr/download/1556,INDETERMINE
jc542-15p-222,"Équerres, U, Joints Creux",JC452.15P.dwg,dwg,174387,170.3 Ko,https://ged.staffdecor.fr/download/4251,INDETERMINE
jc55-10-426,"Équerres, U, Joints Creux",JC55-10.dwg,dwg,128072,125.07 Ko,https://ged.staffdecor.fr/download/1870,INDETERMINE
jc55-10-426,"Équerres, U, Joints Creux",JC55-10.dxf,dxf,737157,719.88 Ko,https://ged.staffdecor.fr/download/1871,INDETERMINE
jc55-20-427,"Équerres, U, Joints Creux",JC55-20.dwg,dwg,129812,126.77 Ko,https://ged.staffdecor.fr/download/1872,INDETERMINE
jc55-20-427,"Équerres, U, Joints Creux",JC55-20.dxf,dxf,736717,719.45 Ko,https://ged.staffdecor.fr/download/1873,INDETERMINE
m060,Rosaces  et Rosettes,M060.dwg,dwg,194376,189.82 Ko,https://ged.staffdecor.fr/download/5548,INDETERMINE
m20-06h-41,Chapiteaux,M20-06H-3D.dwg,dwg,241695,236.03 Ko,https://ged.staffdecor.fr/download/87,3D
m20-56h,Chapiteaux,M20-56H-3D.dwg,dwg,238162,232.58 Ko,https://ged.staffdecor.fr/download/90,3D
m250,Rosaces  et Rosettes,M250.dwg,dwg,186982,182.6 Ko,https://ged.staffdecor.fr/download/4882,INDETERMINE
m251,Rosaces  et Rosettes,M251-2D.dwg,dwg,139500,136.23 Ko,https://ged.staffdecor.fr/download/492,2D
m251,Rosaces  et Rosettes,M251.dxf,dxf,8074035,7.7 Mo,https://ged.staffdecor.fr/download/1555,3D
m252,Rosaces  et Rosettes,M252.dwg,dwg,184136,179.82 Ko,https://ged.staffdecor.fr/download/3627,INDETERMINE
m306,Rosaces  et Rosettes,M306.dwg,dwg,6427771,6.13 Mo,https://ged.staffdecor.fr/download/4883,3D
m401,Rosaces  et Rosettes,M401.dwg,dwg,504351,492.53 Ko,https://ged.staffdecor.fr/download/4884,INDETERMINE
m401p,Rosaces à encastrer,M401P.dwg,dwg,510751,498.78 Ko,https://ged.staffdecor.fr/download/5693,INDETERMINE
m405,Rosaces  et Rosettes,M405.dwg,dwg,253563,247.62 Ko,https://ged.staffdecor.fr/download/4885,INDETERMINE
m504,Rosaces  et Rosettes,M504.dwg,dwg,873759,853.28 Ko,https://ged.staffdecor.fr/download/6108,INDETERMINE
m505p,Rosaces à encastrer,M505P.dwg,dwg,2401239,2.29 Mo,https://ged.staffdecor.fr/download/6626,INDETERMINE
moa23,Modulostaff,MOA23-2D.dwg,dwg,123075,120.19 Ko,https://ged.staffdecor.fr/download/1986,2D
moa23,Modulostaff,MOA23-2D.dxf,dxf,353792,345.5 Ko,https://ged.staffdecor.fr/download/1987,2D
moa24,Modulostaff,MOA24-2D.dwg,dwg,117658,114.9 Ko,https://ged.staffdecor.fr/download/697,2D
moa24,Modulostaff,MOA24-2D.dxf,dxf,350341,342.13 Ko,https://ged.staffdecor.fr/download/1984,2D
moac,Modulostaff,MOAC-2D.dwg,dwg,108943,106.39 Ko,https://ged.staffdecor.fr/download/700,2D
moac,Modulostaff,MOAC.dxf,dxf,299018,292.01 Ko,https://ged.staffdecor.fr/download/1552,INDETERMINE
moaplin10,Modulostaff,MOAPLIN10-2D.dwg,dwg,77158,75.35 Ko,https://ged.staffdecor.fr/download/1532,2D
moaplin10,Modulostaff,MOAPLIN10.dxf,dxf,1614807,1.54 Mo,https://ged.staffdecor.fr/download/1533,INDETERMINE
moaplin10m,Modulostaff,MOAPLIN10M.dxf,dxf,297400,290.43 Ko,https://ged.staffdecor.fr/download/1538,INDETERMINE
moaplin10m,Modulostaff,MOAPLIN10M-2D.dwg,dwg,75059,73.3 Ko,https://ged.staffdecor.fr/download/1540,2D
moaplint,Modulostaff,MOAPLINT-2D.dwg,dwg,76575,74.78 Ko,https://ged.staffdecor.fr/download/1541,2D
moaplint,Modulostaff,MOAPLINT.dxf,dxf,371548,362.84 Ko,https://ged.staffdecor.fr/download/1543,INDETERMINE
moas,Modulostaff,MOAS-2D.dwg,dwg,106936,104.43 Ko,https://ged.staffdecor.fr/download/699,2D
moas,Modulostaff,MOAS-3D.dxf,dxf,348314,340.15 Ko,https://ged.staffdecor.fr/download/1546,3D
mod23,Modulostaff,MOD23.dwg,dwg,6627000,6.32 Mo,https://ged.staffdecor.fr/download/2039,3D
mod23,Modulostaff,MOD23.dxf,dxf,519834,507.65 Ko,https://ged.staffdecor.fr/download/2041,INDETERMINE
mod24,Modulostaff,MOD24.dwg,dwg,6627000,6.32 Mo,https://ged.staffdecor.fr/download/2037,3D
mod24,Modulostaff,MOD24.dxf,dxf,25532826,24.35 Mo,https://ged.staffdecor.fr/download/2038,3D
mod25,Modulostaff,MOD23.dwg,dwg,6627000,6.32 Mo,https://ged.staffdecor.fr/download/2040,3D
modc,Modulostaff,MODC.dxf,dxf,188365,183.95 Ko,https://ged.staffdecor.fr/download/2033,INDETERMINE
modc,Modulostaff,MODC.dwg,dwg,79288,77.43 Ko,https://ged.staffdecor.fr/download/2034,INDETERMINE
mods,Modulostaff,MODS.dwg,dwg,80957,79.06 Ko,https://ged.staffdecor.fr/download/2035,INDETERMINE
mods,Modulostaff,MODS.dxf,dxf,213545,208.54 Ko,https://ged.staffdecor.fr/download/2036,INDETERMINE
moe120,Modulostaff,MOE90.dxf,dxf,245135,239.39 Ko,https://ged.staffdecor.fr/download/2045,INDETERMINE
moe45,Modulostaff,MOE45.dxf,dxf,245053,239.31 Ko,https://ged.staffdecor.fr/download/2042,INDETERMINE
moe60,Modulostaff,MOE60.dxf,dxf,252887,246.96 Ko,https://ged.staffdecor.fr/download/2043,INDETERMINE
moe90,Modulostaff,MOE90.dxf,dxf,245135,239.39 Ko,https://ged.staffdecor.fr/download/2044,INDETERMINE
moulures,PLANS DWG PAR FAMILLE,Moulures.dwg,dwg,2170552,2.07 Mo,https://ged.staffdecor.fr/download/6562,INDETERMINE
orn10-825,Ornements,ORN.10.dwg,dwg,638628,623.66 Ko,https://ged.staffdecor.fr/download/5247,INDETERMINE
orn19-987,Ornements,ORN.19.dwg,dwg,434350,424.17 Ko,https://ged.staffdecor.fr/download/6210,INDETERMINE
orn1d,Ornements,ORN.1G et ORN.1D.dwg,dwg,296233,289.29 Ko,https://ged.staffdecor.fr/download/5235,INDETERMINE
orn1g,Ornements,ORN.1G et ORN.1D.dwg,dwg,296233,289.29 Ko,https://ged.staffdecor.fr/download/5236,INDETERMINE
orn20-988,Ornements,ORN.20.dwg,dwg,363069,354.56 Ko,https://ged.staffdecor.fr/download/6213,INDETERMINE
orn3d-823,Ornements,ORN.3G et ORN.3D.dwg,dwg,251617,245.72 Ko,https://ged.staffdecor.fr/download/5249,INDETERMINE
orn3g-824,Ornements,ORN.3G et ORN.3D.dwg,dwg,251617,245.72 Ko,https://ged.staffdecor.fr/download/5250,INDETERMINE
orn9-820,Ornements,ORN.9.dwg,dwg,267223,260.96 Ko,https://ged.staffdecor.fr/download/5234,INDETERMINE
ornements,PLANS DWG PAR FAMILLE,Ornements Résine.dwg,dwg,2118124,2.02 Mo,https://ged.staffdecor.fr/download/6208,INDETERMINE
ornements,PLANS DWG PAR FAMILLE,Ornements.dwg,dwg,1488978,1.42 Mo,https://ged.staffdecor.fr/download/6215,INDETERMINE
p-coton-334,Plaques lisses et acoustiques,P.COTON.dwg,dwg,366582,357.99 Ko,https://ged.staffdecor.fr/download/5870,INDETERMINE
p-flocon-337,Plaques lisses et acoustiques,P.FLOCON.dxf,dxf,33418117,31.87 Mo,https://ged.staffdecor.fr/download/1519,3D
p-flocon-337,Plaques lisses et acoustiques,P.FLOCON.dwg,dwg,288952,282.18 Ko,https://ged.staffdecor.fr/download/5869,INDETERMINE
p-lum5-1,Tableaux Lumineux,P.LUM5.dwg,dwg,266506,260.26 Ko,https://ged.staffdecor.fr/download/5747,INDETERMINE
p-lum6-377,Tableaux Lumineux,P.LUM6.dwg,dwg,265318,259.1 Ko,https://ged.staffdecor.fr/download/5750,INDETERMINE
p-lum6-377,Tableaux Lumineux,Tableaux lumineux - P-LUM6-Constellation-3D.dwg,dwg,1698693,1.62 Mo,https://ged.staffdecor.fr/download/5751,3D
p-neige-335,Plaques lisses et acoustiques,P-NEIGE.dxf,dxf,158093804,150.77 Mo,https://ged.staffdecor.fr/download/1521,3D
p-neige-335,Plaques lisses et acoustiques,P.NEIGE.dwg,dwg,329533,321.81 Ko,https://ged.staffdecor.fr/download/5868,INDETERMINE
p-ouate-336,Plaques lisses et acoustiques,P.OUATE.dwg,dwg,364216,355.68 Ko,https://ged.staffdecor.fr/download/5867,INDETERMINE
parements,PLANS DWG PAR FAMILLE,Collection Promenade aux tuileries.dwg,dwg,6081741,5.8 Mo,https://ged.staffdecor.fr/download/5926,3D
parements,PLANS DWG PAR FAMILLE,Collection CL1213.dwg,dwg,4697620,4.48 Mo,https://ged.staffdecor.fr/download/5927,INDETERMINE
pl-bas1-p-913,Puits de lumière,Puits de lumières - PL.BAS1.dwg,dwg,205568,200.75 Ko,https://ged.staffdecor.fr/download/5784,INDETERMINE
pl-bas2-p-914,Puits de lumière,Puits de lumières - PL.BAS2.dwg,dwg,195205,190.63 Ko,https://ged.staffdecor.fr/download/5785,INDETERMINE
pl-d567-343,Autres formes,PL-D567-3D.dwg,dwg,225567,220.28 Ko,https://ged.staffdecor.fr/download/681,3D
pl-d567-343,Autres formes,PL-D567-2D.dwg,dwg,118989,116.2 Ko,https://ged.staffdecor.fr/download/682,2D
pl-dcar-344,Autres formes,PL-DCAR-2D.dwg,dwg,9814671,9.36 Mo,https://ged.staffdecor.fr/download/677,3D
pl-dom1,Puits de lumière,Puits de lumières - DOM.1.dwg,dwg,1667236,1.59 Mo,https://ged.staffdecor.fr/download/5783,INDETERMINE
pl-etoile-345,Autres formes,PL-ETOILE-2D.dwg,dwg,344320,336.25 Ko,https://ged.staffdecor.fr/download/679,2D
pl-etoile-345,Autres formes,PL-ETOILE-3D.dwg,dwg,339927,331.96 Ko,https://ged.staffdecor.fr/download/680,3D
pl-etoile-345,Autres formes,PL.ETOILE.dxf,dxf,1897923,1.81 Mo,https://ged.staffdecor.fr/download/1327,INDETERMINE
pl-evol-489,Rectangulaires,PL.EVOL.dwg,dwg,6763315,6.45 Mo,https://ged.staffdecor.fr/download/2336,3D
pl-evol-489,Rectangulaires,PL.EVOL.dxf,dxf,33952891,32.38 Mo,https://ged.staffdecor.fr/download/2337,3D
pl-puits1-170,Puits de lumière,PL-PUITS1.dxf,dxf,4666163,4.45 Mo,https://ged.staffdecor.fr/download/1199,INDETERMINE
pl-puits1-170,Puits de lumière,PL-PUITS1-3D.dwg,dwg,1363149,1.3 Mo,https://ged.staffdecor.fr/download/1200,3D
pl-puits1-170,Puits de lumière,PL.PUITS1-2D.dwg,dwg,14973665,14.28 Mo,https://ged.staffdecor.fr/download/1201,3D
pl-puits2-171,Puits de lumière,PL-PUITS2-2D.dwg,dwg,15676211,14.95 Mo,https://ged.staffdecor.fr/download/361,3D
pl-puits3-172,Puits de lumière,PL-PUITS3-2D.dwg,dwg,15015608,14.32 Mo,https://ged.staffdecor.fr/download/362,3D
pl-r01-254,Profils pour insertion LED,PL-R01-2D.dwg,dwg,149463,145.96 Ko,https://ged.staffdecor.fr/download/527,2D
pl-r01-254,Profils pour insertion LED,PL-R01-2D.dxf,dxf,727409,710.36 Ko,https://ged.staffdecor.fr/download/2416,2D
pl-r02-255,Profils pour insertion LED,PL-R02-2D.dwg,dwg,174121,170.04 Ko,https://ged.staffdecor.fr/download/528,2D
pl-r02-255,Profils pour insertion LED,PL-R02-2D.dxf,dxf,870502,850.1 Ko,https://ged.staffdecor.fr/download/2419,2D
pl-vague-169,Rectangulaires,PL-VAGUE-2D.dwg,dwg,6228541,5.94 Mo,https://ged.staffdecor.fr/download/359,3D
pl-voile-168,Carrés,PL.VOILE.dwg,dwg,157778,154.08 Ko,https://ged.staffdecor.fr/download/3642,INDETERMINE
pl100,Autres formes,PL100-2D.dwg,dwg,159898,156.15 Ko,https://ged.staffdecor.fr/download/1233,2D
pl100,Autres formes,PL100-3D.dwg,dwg,3365929,3.21 Mo,https://ged.staffdecor.fr/download/1234,3D
pl100,Autres formes,PL100.dxf,dxf,10286531,9.81 Mo,https://ged.staffdecor.fr/download/1237,3D
pl101,Autres formes,PL101-2D.dwg,dwg,171889,167.86 Ko,https://ged.staffdecor.fr/download/1240,2D
pl101,Autres formes,PL101-sansmotif-3D.dwg,dwg,3365929,3.21 Mo,https://ged.staffdecor.fr/download/1241,3D
pl101,Autres formes,PL101-sansmotif.dxf,dxf,10276045,9.8 Mo,https://ged.staffdecor.fr/download/1242,3D
pl102,Autres formes,PL102-2D.dwg,dwg,195789,191.2 Ko,https://ged.staffdecor.fr/download/1263,2D
pl102,Autres formes,PL102-3D-sansmotif.dwg,dwg,5452595,5.2 Mo,https://ged.staffdecor.fr/download/1265,3D
pl102,Autres formes,PL102-sansmotif.dxf,dxf,17983078,17.15 Mo,https://ged.staffdecor.fr/download/1266,3D
pl110,Autres formes,PL110-2D.dwg,dwg,150221,146.7 Ko,https://ged.staffdecor.fr/download/1255,2D
pl110,Autres formes,PL110-3D.dwg,dwg,3219128,3.07 Mo,https://ged.staffdecor.fr/download/1256,3D
pl110,Autres formes,PL110.dxf,dxf,10380902,9.9 Mo,https://ged.staffdecor.fr/download/1262,3D
pl111,Autres formes,PL111-sansmotif.dxf,dxf,10380902,9.9 Mo,https://ged.staffdecor.fr/download/1251,3D
pl111,Autres formes,PL111-3D-sansmotif.dwg,dwg,3219128,3.07 Mo,https://ged.staffdecor.fr/download/1252,3D
pl111,Autres formes,PL111-2D.dwg,dwg,113654,110.99 Ko,https://ged.staffdecor.fr/download/1253,2D
pl170-p,Puits de lumière,PL170.P.dwg,dwg,258150,252.1 Ko,https://ged.staffdecor.fr/download/5782,INDETERMINE
pl201,Rectangulaires,PL201-2D.dwg,dwg,209797,204.88 Ko,https://ged.staffdecor.fr/download/524,2D
pl201,Rectangulaires,PL201.dxf,dxf,3732931,3.56 Mo,https://ged.staffdecor.fr/download/1334,INDETERMINE
pl204,Carrés,PL204-2D.dwg,dwg,217856,212.75 Ko,https://ged.staffdecor.fr/download/523,2D
pl204,Carrés,PL204.dxf,dxf,4131389,3.94 Mo,https://ged.staffdecor.fr/download/1340,INDETERMINE
pl222,Ronds et ovales,PL222.dxf,dxf,4309647,4.11 Mo,https://ged.staffdecor.fr/download/1344,INDETERMINE
pl222,Ronds et ovales,PL222-2D.dwg,dwg,119214,116.42 Ko,https://ged.staffdecor.fr/download/1345,2D
pl223,Ronds et ovales,PL223-2D.dwg,dwg,117473,114.72 Ko,https://ged.staffdecor.fr/download/1346,2D
pl223,Ronds et ovales,PL223.dxf,dxf,19776143,18.86 Mo,https://ged.staffdecor.fr/download/1349,3D
pl301,Rectangulaires,PL301-2D.dwg,dwg,79493,77.63 Ko,https://ged.staffdecor.fr/download/513,2D
pl301,Rectangulaires,PL301.dxf,dxf,22817014,21.76 Mo,https://ged.staffdecor.fr/download/1389,3D
pl302,Rectangulaires,PL302-sansmotif.dxf,dxf,21369979,20.38 Mo,https://ged.staffdecor.fr/download/1355,3D
pl302,Rectangulaires,PL302-2D.dwg,dwg,135465,132.29 Ko,https://ged.staffdecor.fr/download/1383,2D
pl303,Rectangulaires,PL303-sansmotif.dxf,dxf,21369979,20.38 Mo,https://ged.staffdecor.fr/download/1356,3D
pl303,Rectangulaires,PL303-2D.dwg,dwg,127468,124.48 Ko,https://ged.staffdecor.fr/download/1363,2D
pl304,Rectangulaires,PL304-2D.dwg,dwg,121784,118.93 Ko,https://ged.staffdecor.fr/download/514,2D
pl304,Rectangulaires,PL303-sansmotif.dxf,dxf,21369979,20.38 Mo,https://ged.staffdecor.fr/download/1386,3D
pl311,Rectangulaires,PL311-2D.dwg,dwg,308070,300.85 Ko,https://ged.staffdecor.fr/download/516,2D
pl311,Rectangulaires,PL311-3D.dwg,dwg,4529848,4.32 Mo,https://ged.staffdecor.fr/download/517,3D
pl311,Rectangulaires,PL311.dxf,dxf,19891487,18.97 Mo,https://ged.staffdecor.fr/download/1377,3D
pl312,Rectangulaires,PL312.dxf,dxf,16976445,16.19 Mo,https://ged.staffdecor.fr/download/1427,3D
pl313,Rectangulaires,PL.313.dwg,dwg,134646,131.49 Ko,https://ged.staffdecor.fr/download/3024,INDETERMINE
pl314,Rectangulaires,PL314-2D.dwg,dwg,976118,953.24 Ko,https://ged.staffdecor.fr/download/518,2D
pl314,Rectangulaires,PL314-3D.dwg,dwg,6532628,6.23 Mo,https://ged.staffdecor.fr/download/519,3D
pl314,Rectangulaires,PL314-3D.dxf,dxf,25585254,24.4 Mo,https://ged.staffdecor.fr/download/1414,3D
pl319-578,Rectangulaires,PL.319.dwg,dwg,189932,185.48 Ko,https://ged.staffdecor.fr/download/3044,INDETERMINE
pl324,Rectangulaires,PL324-3D.dwg,dwg,7025459,6.7 Mo,https://ged.staffdecor.fr/download/522,3D
pl324,Rectangulaires,PL324.dwg,dwg,151101,147.56 Ko,https://ged.staffdecor.fr/download/3022,INDETERMINE
pl401,Carrés,PL401-2D.dwg,dwg,5987369,5.71 Mo,https://ged.staffdecor.fr/download/497,3D
pl402,Carrés,PL402-2D.dwg,dwg,6668943,6.36 Mo,https://ged.staffdecor.fr/download/499,3D
pl402,Carrés,PL402-3D.dwg,dwg,8608809,8.21 Mo,https://ged.staffdecor.fr/download/500,3D
pl403,Carrés,PL.403.dwg,dwg,146043,142.62 Ko,https://ged.staffdecor.fr/download/3027,INDETERMINE
pl404,Carrés,PL404-2D.dwg,dwg,6679429,6.37 Mo,https://ged.staffdecor.fr/download/503,3D
pl404,Carrés,PL404-3D.dwg,dwg,9258926,8.83 Mo,https://ged.staffdecor.fr/download/504,3D
pl404,Carrés,PL404.dxf,dxf,40663777,38.78 Mo,https://ged.staffdecor.fr/download/1393,3D
pl405,Carrés,PL.405.dwg,dwg,144507,141.12 Ko,https://ged.staffdecor.fr/download/3031,INDETERMINE
pl411,Carrés,PL411-2D.dwg,dwg,5997855,5.72 Mo,https://ged.staffdecor.fr/download/506,3D
pl412,Carrés,PL412-3D.dwg,dwg,11733565,11.19 Mo,https://ged.staffdecor.fr/download/507,3D
pl412,Carrés,PL412-2D.dwg,dwg,6637486,6.33 Mo,https://ged.staffdecor.fr/download/509,3D
pl413,Carrés,PL413-2D.dwg,dwg,6228541,5.94 Mo,https://ged.staffdecor.fr/download/512,3D
pl414,Carrés,PL414-2D.dwg,dwg,6731858,6.42 Mo,https://ged.staffdecor.fr/download/510,3D
pl414,Carrés,PL414-3D.dwg,dwg,8808038,8.4 Mo,https://ged.staffdecor.fr/download/511,3D
pl501,Ronds et ovales,PL501-2d.dwg,dwg,5997855,5.72 Mo,https://ged.staffdecor.fr/download/430,3D
pl501,Ronds et ovales,PL501-3d-sansmotif.dwg,dwg,4236247,4.04 Mo,https://ged.staffdecor.fr/download/431,3D
pl601,Autres formes,PL601_gamme-2D.dwg,dwg,372398,363.67 Ko,https://ged.staffdecor.fr/download/628,2D
pl601,Autres formes,PL601.dxf,dxf,2642412,2.52 Mo,https://ged.staffdecor.fr/download/1437,INDETERMINE
pl601-45a-371,Autres formes,PL601-45A.dxf,dxf,1551892,1.48 Mo,https://ged.staffdecor.fr/download/1457,INDETERMINE
pl601-45a-371,Autres formes,PL601-gamme-2D.dwg,dwg,372398,363.67 Ko,https://ged.staffdecor.fr/download/1459,2D
pl601-45d-374,Autres formes,PL601-gamme-2D.dwg,dwg,372398,363.67 Ko,https://ged.staffdecor.fr/download/1463,2D
pl601-45d-374,Autres formes,PL601.45D.dxf,dxf,1551892,1.48 Mo,https://ged.staffdecor.fr/download/1464,INDETERMINE
pl601-90a-372,Autres formes,PL601-90A.dxf,dxf,1887437,1.8 Mo,https://ged.staffdecor.fr/download/1450,INDETERMINE
pl601-90a-372,Autres formes,PL601-gamme-2D.dwg,dwg,372398,363.67 Ko,https://ged.staffdecor.fr/download/1451,2D
pl601-90d-373,Autres formes,PL601-90D.dxf,dxf,1562378,1.49 Mo,https://ged.staffdecor.fr/download/1444,INDETERMINE
pl601-90d-373,Autres formes,PL601-gamme-2D.dwg,dwg,372398,363.67 Ko,https://ged.staffdecor.fr/download/1448,2D
pl601-r-370,Autres formes,PL601-gamme-2D.dwg,dwg,372398,363.67 Ko,https://ged.staffdecor.fr/download/1466,2D
pl601-r-370,Autres formes,PL601-R.dxf,dxf,616653,602.2 Ko,https://ged.staffdecor.fr/download/1469,INDETERMINE
pl602,Rectangulaires,PL602-2D.dwg,dwg,246999,241.21 Ko,https://ged.staffdecor.fr/download/345,2D
pl602,Rectangulaires,PL602-3D.dwg,dwg,2411725,2.3 Mo,https://ged.staffdecor.fr/download/346,3D
pl602,Rectangulaires,602.dxf,dxf,8975811,8.56 Mo,https://ged.staffdecor.fr/download/1470,3D
pl612,Carrés,PL612-3D.dwg,dwg,1698693,1.62 Mo,https://ged.staffdecor.fr/download/336,3D
pl612,Carrés,PL612.dwg,dwg,146862,143.42 Ko,https://ged.staffdecor.fr/download/3755,INDETERMINE
pl613,Carrés,PL613-3D.dwg,dwg,38755369,36.96 Mo,https://ged.staffdecor.fr/download/3035,3D
pl613,Carrés,PL613.dwg,dwg,171295,167.28 Ko,https://ged.staffdecor.fr/download/3757,INDETERMINE
pl614,Rectangulaires,PL614-3D.dwg,dwg,18989711,18.11 Mo,https://ged.staffdecor.fr/download/344,3D
pl614,Rectangulaires,PL.614.dwg,dwg,160287,156.53 Ko,https://ged.staffdecor.fr/download/3760,INDETERMINE
pl621,Ronds et ovales,PL621-2D.dwg,dwg,13327401,12.71 Mo,https://ged.staffdecor.fr/download/355,3D
pl621,Ronds et ovales,PL621-3D.dwg,dwg,16221471,15.47 Mo,https://ged.staffdecor.fr/download/356,3D
pl621,Ronds et ovales,PL621.dxf,dxf,57881395,55.2 Mo,https://ged.staffdecor.fr/download/1478,3D
pl622,Ronds et ovales,PL622-2D.dwg,dwg,10737418,10.24 Mo,https://ged.staffdecor.fr/download/349,3D
pl622,Ronds et ovales,PL622-3D.dwg,dwg,13096714,12.49 Mo,https://ged.staffdecor.fr/download/350,3D
pl623,Ronds et ovales,PL623-2D.dwg,dwg,13883146,13.24 Mo,https://ged.staffdecor.fr/download/352,3D
pl623,Ronds et ovales,PL623-3D.dwg,dwg,16997417,16.21 Mo,https://ged.staffdecor.fr/download/353,3D
pl80-246,Carrés,PL.80CARRE-2D.dwg,dwg,6081741,5.8 Mo,https://ged.staffdecor.fr/download/525,3D
plaques-acoustiques,PLANS DWG PAR FAMILLE,Plaques acoustiques.dwg,dwg,552765,539.81 Ko,https://ged.staffdecor.fr/download/5871,INDETERMINE
plin08,Plinthes et talons,PLIN08.dwg,dwg,138045,134.81 Ko,https://ged.staffdecor.fr/download/6147,INDETERMINE
plin08m,Plinthes et talons,PLIN08M.dwg,dwg,132628,129.52 Ko,https://ged.staffdecor.fr/download/6148,INDETERMINE
plin08m-pc,Plinthes et talons,PLIN08M.PC.dwg,dwg,138107,134.87 Ko,https://ged.staffdecor.fr/download/6495,INDETERMINE
plin08m-pca,Plinthes et talons,PLIN08M.PCA.dwg,dwg,136008,132.82 Ko,https://ged.staffdecor.fr/download/6496,INDETERMINE
plin10,Plinthes et talons,PLIN10.dwg,dwg,140411,137.12 Ko,https://ged.staffdecor.fr/download/6149,INDETERMINE
plin10a-1,Plinthes et talons,PLIN10A.dwg,dwg,119736,116.93 Ko,https://ged.staffdecor.fr/download/3866,INDETERMINE
plin10a-1,Plinthes et talons,PLIN10A.dwg,dwg,152812,149.23 Ko,https://ged.staffdecor.fr/download/6150,INDETERMINE
plin10m,Plinthes et talons,PLIN10M.dwg,dwg,148152,144.68 Ko,https://ged.staffdecor.fr/download/6151,INDETERMINE
plin10m-sp,Plinthes et talons,PLIN10M.SP.dwg,dwg,200899,196.19 Ko,https://ged.staffdecor.fr/download/6153,INDETERMINE
plin10m-sp,Plinthes et talons,PLIN10M.SP.dwg,dwg,200899,196.19 Ko,https://ged.staffdecor.fr/download/6501,INDETERMINE
plin10m-spa,Plinthes et talons,PLIN10M.SPA.dwg,dwg,205158,200.35 Ko,https://ged.staffdecor.fr/download/6152,INDETERMINE
plin10ma,Plinthes et talons,PLIN10MA.dwg,dwg,164362,160.51 Ko,https://ged.staffdecor.fr/download/6500,INDETERMINE
plin12,Plinthes et talons,PLIN12.dwg,dwg,148808,145.32 Ko,https://ged.staffdecor.fr/download/6146,INDETERMINE
plin12,Plinthes et talons,PLIN12.dwg,dwg,148808,145.32 Ko,https://ged.staffdecor.fr/download/6154,INDETERMINE
plin12a,Plinthes et talons,PLIN12A.dwg,dwg,154184,150.57 Ko,https://ged.staffdecor.fr/download/6155,INDETERMINE
plin12led,Plinthes et talons,PLIN12LED.dwg,dwg,169001,165.04 Ko,https://ged.staffdecor.fr/download/6156,INDETERMINE
plin15,Plinthes et talons,PLIN15.dwg,dwg,177695,173.53 Ko,https://ged.staffdecor.fr/download/6164,INDETERMINE
plin15a,Plinthes et talons,PLIN15A.dwg,dwg,178442,174.26 Ko,https://ged.staffdecor.fr/download/6165,INDETERMINE
plin20,Plinthes et talons,PLIN20.dwg,dwg,181402,177.15 Ko,https://ged.staffdecor.fr/download/6163,INDETERMINE
plin21,Plinthes et talons,PLIN21.dwg,dwg,182282,178.01 Ko,https://ged.staffdecor.fr/download/6162,INDETERMINE
plin38,Plinthes et talons,PLIN38.dwg,dwg,191293,186.81 Ko,https://ged.staffdecor.fr/download/6196,INDETERMINE
plin38-r-1,Plinthes et talons,PLIN38.R.dwg,dwg,192379,187.87 Ko,https://ged.staffdecor.fr/download/6157,INDETERMINE
plin38-s,Plinthes et talons,PLIN38.S.dwg,dwg,243415,237.71 Ko,https://ged.staffdecor.fr/download/6158,INDETERMINE
plinled12,Plinthes et talons,PLINLED12.dwg,dwg,170527,166.53 Ko,https://ged.staffdecor.fr/download/6159,INDETERMINE
plint,Plinthes et talons,PLINT.dwg,dwg,170250,166.26 Ko,https://ged.staffdecor.fr/download/6160,INDETERMINE
plint10-pca,Plinthes et talons,PLINT10.PCA.dwg,dwg,158157,154.45 Ko,https://ged.staffdecor.fr/download/6504,INDETERMINE
plint10-sp,Plinthes et talons,PLINT10.SP.dwg,dwg,147231,143.78 Ko,https://ged.staffdecor.fr/download/6507,INDETERMINE
plinta,Plinthes et talons,PLINTA.dwg,dwg,175227,171.12 Ko,https://ged.staffdecor.fr/download/6166,INDETERMINE
plinthes,PLANS DWG PAR FAMILLE,Talons.dwg,dwg,1772093,1.69 Mo,https://ged.staffdecor.fr/download/4892,INDETERMINE
plinthes,PLANS DWG PAR FAMILLE,Plinthes.dwg,dwg,2348810,2.24 Mo,https://ged.staffdecor.fr/download/6197,INDETERMINE
profils-de-finition,PLANS DWG PAR FAMILLE,Profils de finition.dwg,dwg,230154,224.76 Ko,https://ged.staffdecor.fr/download/5855,INDETERMINE
profils-led-925,PLANS DWG PAR FAMILLE,Collection BL170.dwg,dwg,320993,313.47 Ko,https://ged.staffdecor.fr/download/5802,INDETERMINE
r-plaq40-346,Trappes de visite,R-PLAQ40-2D.dwg,dwg,6039798,5.76 Mo,https://ged.staffdecor.fr/download/6662,3D
r-plaq40-346,Trappes de visite,R-PLAQ40.dxf,dxf,11911823,11.36 Mo,https://ged.staffdecor.fr/download/6663,3D
r-plaq55-347,Trappes de visite,R.PLAQ55.dwg,dwg,6039798,5.76 Mo,https://ged.staffdecor.fr/download/6669,3D
r-plaq55-347,Trappes de visite,R.PLAQ55.dxf,dxf,27504148,26.23 Mo,https://ged.staffdecor.fr/download/6670,3D
r-staff40-348,Trappes de visite,R-STAFF40.dxf,dxf,2191524,2.09 Mo,https://ged.staffdecor.fr/download/1569,INDETERMINE
r-staff40-348,Trappes de visite,R-STAFF40.dwg,dwg,6039798,5.76 Mo,https://ged.staffdecor.fr/download/1570,3D
r-staff55-349,Trappes de visite,R-STAFF55.dxf,dxf,1761608,1.68 Mo,https://ged.staffdecor.fr/download/1574,INDETERMINE
r-staff55-349,Trappes de visite,R-STAFF55.dwg,dwg,6039798,5.76 Mo,https://ged.staffdecor.fr/download/1575,3D
r-trelec,Trappes de visite,R.TRELEC.dwg,dwg,9521070,9.08 Mo,https://ged.staffdecor.fr/download/2332,3D
r-trelec,Trappes de visite,R.TRELEC.dxf,dxf,50142904,47.82 Mo,https://ged.staffdecor.fr/download/2333,3D
radia1,Cache-radiateurs,cache radiateur RADIA1.dwg,dwg,204585,199.79 Ko,https://ged.staffdecor.fr/download/5207,INDETERMINE
radia2,Cache-radiateurs,cache radiateur RADIA2.dwg,dwg,271944,265.57 Ko,https://ged.staffdecor.fr/download/5212,INDETERMINE
res-1-4,Ornements,RES.1.4.dwg,dwg,706796,690.23 Ko,https://ged.staffdecor.fr/download/5721,INDETERMINE
res-1-857,Ornements,RES.1.dwg,dwg,315443,308.05 Ko,https://ged.staffdecor.fr/download/5715,INDETERMINE
res-10,Ornements,RES.10.dwg,dwg,268093,261.81 Ko,https://ged.staffdecor.fr/download/6636,INDETERMINE
res-11,Ornements,RES.11.dwg,dwg,291912,285.07 Ko,https://ged.staffdecor.fr/download/6640,INDETERMINE
res-12,Ornements,RES.12.dwg,dwg,264325,258.13 Ko,https://ged.staffdecor.fr/download/6641,INDETERMINE
res-4-860,Ornements,RES.4.dwg,dwg,2086666,1.99 Mo,https://ged.staffdecor.fr/download/6204,INDETERMINE
res-5-861,Ornements,RES.5.dwg,dwg,966144,943.5 Ko,https://ged.staffdecor.fr/download/6207,INDETERMINE
res-6-969,Ornements,RES.6.dwg,dwg,1005978,982.4 Ko,https://ged.staffdecor.fr/download/6135,INDETERMINE
res-7-984,Ornements,RES.7.dwg,dwg,203203,198.44 Ko,https://ged.staffdecor.fr/download/6188,INDETERMINE
res-8-985,Ornements,RES.8.dwg,dwg,244490,238.76 Ko,https://ged.staffdecor.fr/download/6191,INDETERMINE
res-9,Ornements,RES.9.dwg,dwg,269148,262.84 Ko,https://ged.staffdecor.fr/download/6644,INDETERMINE
rosaces,PLANS DWG PAR FAMILLE,Rosaces.dwg,dwg,8084521,7.71 Mo,https://ged.staffdecor.fr/download/6109,3D
s-908-420,Corniches Stratistaff,S908.dwg,dwg,3732931,3.56 Mo,https://ged.staffdecor.fr/download/5093,INDETERMINE
s-908a-421,Corniches Stratistaff,S908A.dwg,dwg,3753902,3.58 Mo,https://ged.staffdecor.fr/download/5092,INDETERMINE
sd7042-harlem,Contemporains,SD7042 Harlem 3D.dwg,dwg,200571,195.87 Ko,https://ged.staffdecor.fr/download/4188,INDETERMINE
sd7042-harlem,Contemporains,SD7042 Harlem.dwg,dwg,178524,174.34 Ko,https://ged.staffdecor.fr/download/4189,INDETERMINE
sd7042-harlem-317,Briques et briquettes,SD7042-Harlem-3D.dwg,dwg,82412,80.48 Ko,https://ged.staffdecor.fr/download/615,3D
sd7042-harlem-317,Briques et briquettes,SD7042-Harlem-3D.dxf,dxf,222484,217.27 Ko,https://ged.staffdecor.fr/download/1576,3D
sd7042-harlem-317,Briques et briquettes,SD7042-Harlem-2D.dwg,dwg,46828,45.73 Ko,https://ged.staffdecor.fr/download/1577,2D
sd7045,Contemporains,SD7045 Luna Park.dwg,dwg,216986,211.9 Ko,https://ged.staffdecor.fr/download/4192,INDETERMINE
sd7045-luna-park,Modernes,SD7045-Luna-Park-3D.dwg,dwg,1677722,1.6 Mo,https://ged.staffdecor.fr/download/616,3D
sd7045-luna-park,Modernes,SD7045-Luna-Park-3D.dxf,dxf,14722007,14.04 Mo,https://ged.staffdecor.fr/download/2228,3D
sd7046-5emeavenue-319,Modernes,SD7046 5ème avenue.dwg,dwg,195031,190.46 Ko,https://ged.staffdecor.fr/download/4229,INDETERMINE
sd7047-soho-320,Modernes,SD7047.dwg,dwg,6102712,5.82 Mo,https://ged.staffdecor.fr/download/2451,3D
sd7047-soho-320,Modernes,SD7047.dxf,dxf,25365053,24.19 Mo,https://ged.staffdecor.fr/download/2452,3D
sd7052-square-garden-194,Joints creux,SD7502-3D.dwg,dwg,4833935,4.61 Mo,https://ged.staffdecor.fr/download/620,3D
sd7052-square-garden-194,Joints creux,SD7502-2D.dwg,dwg,5232394,4.99 Mo,https://ged.staffdecor.fr/download/621,2D
sd7052-square-garden-194,Joints creux,SD7502-3D.dxf,dxf,25165824,24 Mo,https://ged.staffdecor.fr/download/1584,3D
sd7503-everglades-193,Joints creux,SD7503-3D.dwg,dwg,4907336,4.68 Mo,https://ged.staffdecor.fr/download/624,3D
sd7503-everglades-193,Joints creux,SD7503.dxf,dxf,35683041,34.03 Mo,https://ged.staffdecor.fr/download/1591,3D
sd7504-orlando-192,Joints creux,SD7504-2D.dwg,dwg,4424991,4.22 Mo,https://ged.staffdecor.fr/download/626,2D
sd7504-orlando-192,Joints creux,SD7504-3D.dwg,dwg,4435476,4.23 Mo,https://ged.staffdecor.fr/download/627,3D
sd7504-orlando-192,Joints creux,SD7504.dxf,dxf,23089644,22.02 Mo,https://ged.staffdecor.fr/download/1589,3D
sdc1,Moulures,SDC1-High-Line.dxf,dxf,254710,248.74 Ko,https://ged.staffdecor.fr/download/1604,INDETERMINE
sdc1,Moulures,SDC1.dwg,dwg,120842,118.01 Ko,https://ged.staffdecor.fr/download/3226,INDETERMINE
sdc1-1,Cimaises,SDC1.dwg,dwg,120842,118.01 Ko,https://ged.staffdecor.fr/download/3891,INDETERMINE
sdc2,Moulures,SDC2-High-Line.dwg,dwg,60887,59.46 Ko,https://ged.staffdecor.fr/download/1600,INDETERMINE
sdc2,Moulures,SDC2-High-Line.dxf,dxf,353116,344.84 Ko,https://ged.staffdecor.fr/download/1608,INDETERMINE
sdpa1,Contemporaines,SDPA1.dwg,dwg,3649044,3.48 Mo,https://ged.staffdecor.fr/download/5094,INDETERMINE
sdpa2,Contemporaines,SDPA2.dwg,dwg,3649044,3.48 Mo,https://ged.staffdecor.fr/download/5095,INDETERMINE
sdpa3,Contemporaines,SDPA3.dwg,dwg,3649044,3.48 Mo,https://ged.staffdecor.fr/download/5096,INDETERMINE
sdpa4,Contemporaines,SDPA4.dwg,dwg,3649044,3.48 Mo,https://ged.staffdecor.fr/download/5097,INDETERMINE
soubassements,PLANS DWG PAR FAMILLE,Collection Promenade aux tuileries.dwg,dwg,1646264,1.57 Mo,https://ged.staffdecor.fr/download/4895,INDETERMINE
soubassements,PLANS DWG PAR FAMILLE,Soubassements décaissés.dwg,dwg,294042,287.15 Ko,https://ged.staffdecor.fr/download/5540,INDETERMINE
soubassements,PLANS DWG PAR FAMILLE,Soubassements en panneaux.dwg,dwg,972431,949.64 Ko,https://ged.staffdecor.fr/download/5752,INDETERMINE
sv577,Corniches Stratistaff,SV577-2D.dwg,dwg,113500,110.84 Ko,https://ged.staffdecor.fr/download/442,2D
sv577,Corniches Stratistaff,SV577-3D.dwg,dwg,534876,522.34 Ko,https://ged.staffdecor.fr/download/1226,3D
sv577,Corniches Stratistaff,SV577.dxf,dxf,1415578,1.35 Mo,https://ged.staffdecor.fr/download/1227,INDETERMINE
sv748,Corniches Stratistaff,SV748-2D.dwg,dwg,111145,108.54 Ko,https://ged.staffdecor.fr/download/444,2D
sv748,Corniches Stratistaff,SV748-3D.dwg,dwg,6689915,6.38 Mo,https://ged.staffdecor.fr/download/1230,3D
sv748,Corniches Stratistaff,SV748.dxf,dxf,26277315,25.06 Mo,https://ged.staffdecor.fr/download/1271,3D
t-capiton-316,Têtes de lit,T-CAPITONS180-3D.dxf,dxf,6868173,6.55 Mo,https://ged.staffdecor.fr/download/1202,3D
t-capiton-316,Têtes de lit,T-CAPITONS180-3D.dwg,dwg,966451,943.8 Ko,https://ged.staffdecor.fr/download/1203,3D
t-capiton-316,Têtes de lit,T-CAPITONS160-3D.dxf,dxf,4760535,4.54 Mo,https://ged.staffdecor.fr/download/1204,3D
t-capiton-316,Têtes de lit,T-CAPITONS160-3D.dwg,dwg,678851,662.94 Ko,https://ged.staffdecor.fr/download/1205,3D
t-ocean-200,Têtes de lit,T-OCEAN180-3D.dxf,dxf,740844,723.48 Ko,https://ged.staffdecor.fr/download/1207,3D
t-ocean-200,Têtes de lit,T-OCEAN180-3D.dwg,dwg,226161,220.86 Ko,https://ged.staffdecor.fr/download/1208,3D
t-ocean-200,Têtes de lit,T-OCEAN160-3D.dxf,dxf,740884,723.52 Ko,https://ged.staffdecor.fr/download/1209,3D
t-ocean-200,Têtes de lit,T-OCEAN160-3D.dwg,dwg,224031,218.78 Ko,https://ged.staffdecor.fr/download/1210,3D
t-ocean-200,Têtes de lit,T-OCEAN-2D.dwg,dwg,236513,230.97 Ko,https://ged.staffdecor.fr/download/1211,2D
t-sahara-201,Têtes de lit,T-SAHARA-2D.dwg,dwg,6218056,5.93 Mo,https://ged.staffdecor.fr/download/1213,3D
t-sahara-201,Têtes de lit,T-SAHARA140.dxf,dxf,7361004,7.02 Mo,https://ged.staffdecor.fr/download/1215,3D
t-sahara-201,Têtes de lit,T-SAHARA140-3D.dwg,dwg,6511657,6.21 Mo,https://ged.staffdecor.fr/download/1216,3D
t-sahara-201,Têtes de lit,T-SAHARA160-3D.dwg,dwg,1447035,1.38 Mo,https://ged.staffdecor.fr/download/1217,3D
t-sahara-201,Têtes de lit,T-SAHARA160.dxf,dxf,9961472,9.5 Mo,https://ged.staffdecor.fr/download/1218,3D
t-sahara-201,Têtes de lit,T-SAHARA180-3D.dwg,dwg,2694840,2.57 Mo,https://ged.staffdecor.fr/download/1219,3D
t-sahara-201,Têtes de lit,T-SAHARA180.dxf,dxf,19241370,18.35 Mo,https://ged.staffdecor.fr/download/1222,3D
tal12res-690,Plinthes et talons,TAL12RES.dwg,dwg,151491,147.94 Ko,https://ged.staffdecor.fr/download/4050,INDETERMINE
tal1343,Plinthes et talons,TAL1343.dwg,dwg,149524,146.02 Ko,https://ged.staffdecor.fr/download/3121,INDETERMINE
tal20,Plinthes et talons,TAL20.dwg,dwg,133263,130.14 Ko,https://ged.staffdecor.fr/download/4082,INDETERMINE
tal41,Plinthes et talons,TAL41.dwg,dwg,188580,184.16 Ko,https://ged.staffdecor.fr/download/4196,INDETERMINE
talons,PLANS DWG PAR FAMILLE,Talons.dwg,dwg,1803551,1.72 Mo,https://ged.staffdecor.fr/download/6142,INDETERMINE
trappes-de-visite,PLANS DWG PAR FAMILLE,Trappes.dwg,dwg,3848274,3.67 Mo,https://ged.staffdecor.fr/download/5829,INDETERMINE
u-495,"Équerres, U, Joints Creux",U Gamme standard.dwg,dwg,6113198,5.83 Mo,https://ged.staffdecor.fr/download/2371,3D
u-495,"Équerres, U, Joints Creux",U Gamme standard.dxf,dxf,25375539,24.2 Mo,https://ged.staffdecor.fr/download/2372,3D
u1910,"Équerres, U, Joints Creux",U Gamme standard.dwg,dwg,6113198,5.83 Mo,https://ged.staffdecor.fr/download/2365,3D
u1910,"Équerres, U, Joints Creux",U Gamme standard.dxf,dxf,25375539,24.2 Mo,https://ged.staffdecor.fr/download/2366,3D
u2410-497,"Équerres, U, Joints Creux",U Gamme standard.dwg,dwg,6113198,5.83 Mo,https://ged.staffdecor.fr/download/2380,3D
u2410-497,"Équerres, U, Joints Creux",U Gamme standard.dxf,dxf,25375539,24.2 Mo,https://ged.staffdecor.fr/download/2383,3D
u2425,"Équerres, U, Joints Creux",U Gamme standard.dwg,dwg,6113198,5.83 Mo,https://ged.staffdecor.fr/download/2390,3D
u2425,"Équerres, U, Joints Creux",U Gamme standard.dxf,dxf,25375539,24.2 Mo,https://ged.staffdecor.fr/download/2391,3D
u3210,"Équerres, U, Joints Creux",U Gamme standard.dwg,dwg,6113198,5.83 Mo,https://ged.staffdecor.fr/download/2377,3D
u3225,"Équerres, U, Joints Creux",U Gamme standard.dwg,dwg,6113198,5.83 Mo,https://ged.staffdecor.fr/download/2396,3D
u3225,"Équerres, U, Joints Creux",U Gamme standard.dxf,dxf,25375539,24.2 Mo,https://ged.staffdecor.fr/download/2397,3D
us0740-418,Corniches Stratistaff,US0740.dwg,dwg,74670,72.92 Ko,https://ged.staffdecor.fr/download/1826,INDETERMINE
us0740-418,Corniches Stratistaff,US0740.dxf,dxf,231055,225.64 Ko,https://ged.staffdecor.fr/download/1827,INDETERMINE
us1040-419,Corniches Stratistaff,US1040.dwg,dwg,74373,72.63 Ko,https://ged.staffdecor.fr/download/1828,INDETERMINE
us1040-419,Corniches Stratistaff,US1040.dxf,dxf,239462,233.85 Ko,https://ged.staffdecor.fr/download/1829,INDETERMINE
vague-de-separation-d577-199,Corniches Stratistaff,Vague-de-séparation-D577-2D.dwg,dwg,121825,118.97 Ko,https://ged.staffdecor.fr/download/446,2D
vague-de-separation-d577-199,Corniches Stratistaff,Vague-de-séparation-D577.dxf,dxf,1950351,1.86 Mo,https://ged.staffdecor.fr/download/1192,INDETERMINE
vague-de-separation-d577-199,Corniches Stratistaff,VAGUE DE SEPARATION D577.dwg,dwg,142930,139.58 Ko,https://ged.staffdecor.fr/download/4100,INDETERMINE
vase1800-350,Objets de décoration,VASE1800.dwg,dwg,102697,100.29 Ko,https://ged.staffdecor.fr/download/696,INDETERMINE
vase1800-350,Objets de décoration,VASE1800.dxf,dxf,399647,390.28 Ko,https://ged.staffdecor.fr/download/1274,INDETERMINE
vase1800-350,Objets de décoration,VASE1800-2D.dwg,dwg,110152,107.57 Ko,https://ged.staffdecor.fr/download/1276,2D
vase1800-350,Objets de décoration,VASE1800-3D.dwg,dwg,73114,71.4 Ko,https://ged.staffdecor.fr/download/1277,3D
xc090,Gamme Variance,X.C090.dwg,dwg,185170,180.83 Ko,https://ged.staffdecor.fr/download/6331,INDETERMINE
xd150,Gamme Variance,X.D150.dwg,dwg,284283,277.62 Ko,https://ged.staffdecor.fr/download/6332,INDETERMINE
xl150-1,Gamme Variance,X.L150.dwg,dwg,186194,181.83 Ko,https://ged.staffdecor.fr/download/6333,INDETERMINE
xr050,Gamme Variance,X.R050.dwg,dwg,226365,221.06 Ko,https://ged.staffdecor.fr/download/6334,INDETERMINE
xr100,Gamme Variance,X.R100.dwg,dwg,235244,229.73 Ko,https://ged.staffdecor.fr/download/6335,INDETERMINE
xr200,Gamme Variance,X.R200.dwg,dwg,272527,266.14 Ko,https://ged.staffdecor.fr/download/6336,INDETERMINE
