sku,sku_normalise,designation,code_famille,section,statut_gestion,commentaire,jpg,jpg_raw,plan_pdf,plan_pdf_raw,dwg3d,dwg3d_raw,dxf,dxf_raw,dwg2d,dwg2d_raw,png3ds,png3ds_raw,3dsmax,3dsmax_raw,fbx_obj,fbx_obj_raw,rfa,rfa_raw,step,step_raw,skp,skp_raw,stl,stl_raw,ged2025,ged2025_raw,catalogue_nov2025,catalogue_nov2025_raw
D100,D100,,,LES CORNICHES,ACTIF,,True,1,True,1,False,,False,,True,1,True,1,True,1,True,1,False,,False,,True,1,True,1,True,1,False,
D101,D101,,,LES CORNICHES,ACTIF,,True,1,True,1,False,,False,,True,1,True,1,True,1,True,1,True,1,True,1,True,1,True,1,True,1,True,1
D102,D102,,,LES CORNICHES,ACTIF,,True,1,True,1,False,,False,,True,1,True,1,True,1,True,1,True,1,True,1,True,1,True,1,True,1,True,1
D103,D103,,,LES CORNICHES,ACTIF,,True,1,True,1,False,,False,,True,1,True,1,True,1,True,1,True,1,True,1,True,1,True,1,True,1,True,1
D104,D104,,,LES CORNICHES,ACTIF,,True,1,True,1,False,,False,,True,1,False,,False,,False,,True,1,True,1,True,1,True,1,True,1,True,1
D105A,D105A,,,LES CORNICHES,ACTIF,,True,1,True,1,False,,False,,True,1,True,1,True,1,True,1,True,1,True,1,True,1,True,1,True,1,True,1
D105B,D105B,,,LES CORNICHES,ACTIF,,True,1,True,1,False,,False,,True,1,False,,False,,False,,True,1,True,1,True,1,True,1,True,1,True,1
D106,D106,,,LES CORNICHES,ACTIF,,True,1,True,1,False,,False,,True,1,False,,False,,True,1,True,1,True,1,True,1,True,1,True,1,True,1
D107,D107,,,LES CORNICHES,ACTIF,,True,1,True,1,False,,False,,True,1,False,,False,,False,,True,1,True,1,True,1,True,1,True,1,True,X
D108,D108,,,LES CORNICHES,ACTIF,,True,1,True,1,False,,False,,True,1,True,1,True,1,True,1,True,1,True,1,True,1,True,1,True,1,True,1
D109,D109,,,LES CORNICHES,ACTIF,,True,1,True,1,False,,False,,True,1,True,1,True,1,True,1,False,,False,,True,1,True,1,True,1,True,X
D110,D110,,,LES CORNICHES,ACTIF,,True,1,True,1,False,,False,,True,1,False,,False,,False,,True,1,True,1,True,1,True,1,True,1,True,1
D113,D113,,,LES CORNICHES,ACTIF,,True,1,True,1,False,,False,,True,1,False,,False,,False,,True,1,True,1,True,1,True,1,True,1,True,1
D113M,D113M,,,LES CORNICHES,ACTIF,,True,1,True,1,False,,False,,True,1,False,,False,,False,,True,1,True,1,True,1,True,1,True,1,True,1
D114,D114,,,LES CORNICHES,ACTIF,,True,1,True,1,False,,False,,True,1,False,,False,,False,,True,1,True,1,True,1,True,1,True,1,True,1
D114M,D114M,,,LES CORNICHES,ACTIF,,True,1,True,1,False,,False,,True,1,True,1,True,1,False,,True,1,True,1,True,1,True,1,True,1,True,1
D116,D116,,,LES CORNICHES,ACTIF,,True,1,True,1,False,,False,,True,1,True,1,True,1,False,,True,1,True,1,True,1,True,1,True,1,True,1
D117,D117,,,LES CORNICHES,ACTIF,,True,1,True,1,False,,False,,True,1,False,,False,,False,,True,1,True,1,True,1,True,1,True,1,True,1
D118,D118,,,LES CORNICHES,ACTIF,,True,1,True,1,False,,False,,True,1,False,,False,,False,,True,1,True,1,True,1,True,1,True,1,True,X
D119 ( pas en gestion),D119(PASENGESTION),,,LES CORNICHES,PAS_EN_GESTION,,False,,False,,False,,False,,False,,False,,False,,False,,False,,False,,False,,False,,False,,False,
D121,D121,,,LES CORNICHES,ACTIF,,True,1,True,1,False,,False,,True,1,True,1,True,1,True,1,False,,False,,True,1,True,1,True,1,True,1
D122,D122,,,LES CORNICHES,ACTIF,,True,1,True,1,False,,False,,True,1,True,1,True,1,True,1,False,,False,,True,1,True,1,True,1,True,X
D123,D123,,,LES CORNICHES,ACTIF,,True,1,True,1,False,,False,,True,1,True,1,True,1,True,1,False,,False,,True,1,True,1,True,1,True,X
D124,D124,,,LES CORNICHES,ACTIF,,True,1,True,1,False,,False,,True,1,True,1,True,1,True,1,False,,False,,True,1,True,1,True,1,True,X
D125,D125,,,LES CORNICHES,ACTIF,,True,1,True,1,False,,False,,True,1,True,1,True,1,True,1,False,,False,,True,1,True,1,True,1,True,X
D201 PAS EN GESTION,D201PASENGESTION,,,LES CORNICHES,PAS_EN_GESTION,Les moules existent-ils?,False,,True,1,False,,False,,True,1,False,,False,,False,,True,1,False,,False,,False,,False,0,False,
D202 PAS EN GESTION,D202PASENGESTION,,,LES CORNICHES,PAS_EN_GESTION,Les moules existent-ils?,False,,True,1,False,,False,,True,1,False,,False,,False,,True,1,False,,False,,False,,False,0,False,
D505,D505,,,LES CORNICHES,ACTIF,,True,1,True,1,False,,False,,True,1,False,,False,,False,,False,,False,,True,1,True,1,True,1,True,1
D510,D510,,,LES CORNICHES,ACTIF,,True,1,True,1,False,,False,,True,1,True,1,True,1,True,1,True,1,True,1,True,1,True,1,True,1,True,1
D513,D513,,,LES CORNICHES,ACTIF,,True,1,True,1,False,,False,,True,1,True,1,True,1,True,1,False,,False,,True,1,True,1,True,1,True,1
D515,D515,,,LES CORNICHES,ACTIF,,True,1,True,1,False,,False,,True,1,False,,False,,False,,True,1,True,1,True,1,True,1,True,1,True,1
D520,D520,,,LES CORNICHES,ACTIF,,True,1,True,1,False,,False,,True,1,False,,False,,False,,True,1,True,1,True,1,True,1,True,1,True,1
D525,D525,,,LES CORNICHES,ACTIF,,True,1,True,1,False,,False,,True,1,True,1,True,1,True,1,False,,False,,True,1,True,1,True,1,True,1
D530,D530,,,LES CORNICHES,ACTIF,,True,1,True,1,False,,False,,True,1,False,,False,,False,,False,,False,,True,1,True,1,True,1,True,1
D531 SUPPRIME,D531SUPPRIME,,,LES CORNICHES,SUPPRIME,,True,1,True,1,False,,False,,True,1,False,,False,,False,,True,1,True,1,False,,False,,False,0,False,
D535,D535,,,LES CORNICHES,ACTIF,,True,1,True,1,False,,False,,True,1,False,,False,,False,,False,,False,,True,1,True,1,True,1,True,1
D540,D540,,,LES CORNICHES,ACTIF,,False,,True,1,False,,False,,True,1,True,1,True,1,True,1,False,,False,,True,1,True,1,True,1,True,1
D545,D545,,,LES CORNICHES,ACTIF,,True,1,True,1,False,,False,,True,1,True,1,True,1,True,1,True,1,True,1,True,1,True,1,True,1,True,1
D550,D550,,,LES CORNICHES,ACTIF,,True,1,True,1,False,,False,,True,1,True,1,True,1,True,1,False,,True,1,True,1,True,1,True,1,True,1
D555,D555,,,LES CORNICHES,ACTIF,,True,1,True,1,False,,False,,True,1,True,1,True,1,True,1,True,1,False,,True,1,True,1,True,1,True,1
D556,D556,,,LES CORNICHES,ACTIF,,True,1,True,1,False,,False,,True,1,True,1,True,1,True,1,False,à refaire suite modification,False,,True,1,True,1,True,1,True,1
D559S (spécial non référencé),D559S(SPÉCIALNONRÉFÉRENCÉ),,,LES CORNICHES,SPECIAL_NON_REFERENCE,,True,1,True,1,False,,False,,True,1,False,,False,,False,,False,,False,,False,,False,,False,0,False,
D560,D560,,,LES CORNICHES,ACTIF,,True,1,True,1,False,,False,,True,1,True,1,True,1,True,1,True,1,True,1,True,1,True,1,True,1,True,1
D561,D561,,,LES CORNICHES,ACTIF,,True,1,True,1,False,,False,,True,1,True,1,True,1,True,1,True,1,True,1,True,1,True,1,True,1,True,1
D562,D562,,,LES CORNICHES,ACTIF,,True,1,True,1,False,,False,,True,1,False,,False,,False,,True,1,True,1,True,1,True,1,True,1,True,1
D563,D563,,,LES CORNICHES,ACTIF,,True,1,True,1,False,,False,,True,1,True,1,True,1,True,1,True,1,True,1,True,1,True,1,True,1,True,1
D564,D564,,,LES CORNICHES,ACTIF,,True,1,True,1,False,,False,,True,1,True,1,True,1,True,1,True,1,True,1,True,1,True,1,True,1,True,1
D565,D565,,,LES CORNICHES,ACTIF,,True,1,True,1,False,,False,,True,1,True,1,True,1,True,1,True,1,True,1,True,1,True,1,True,1,True,1
D566,D566,,,LES CORNICHES,ACTIF,,False,,True,1,False,,False,,True,1,True,1,True,1,True,1,False,,False,,True,1,True,1,True,1,True,1
D567,D567,,,LES CORNICHES,ACTIF,,True,1,True,1,False,,False,,True,1,True,1,True,1,True,1,True,1,True,1,True,1,True,1,True,1,True,1
D568,D568,,,LES CORNICHES,ACTIF,,True,1,True,1,False,,False,,True,1,False,,False,,False,,True,1,True,1,True,1,True,1,True,1,True,1
D569,D569,,,LES CORNICHES,ACTIF,,True,1,True,1,False,,False,,True,1,False,,False,,False,,False,,True,1,True,1,True,1,True,1,True,1
D570,D570,,,LES CORNICHES,ACTIF,,False,,True,1,False,,False,,True,1,True,1,True,1,True,1,False,,False,,True,1,True,1,True,1,True,1
D572,D572,,,LES CORNICHES,ACTIF,,True,1,True,1,False,,False,,True,1,True,1,True,1,True,1,False,,False,,True,1,True,1,True,1,True,X
D573,D573,,,LES CORNICHES,ACTIF,,True,1,True,1,False,,False,,True,1,True,1,True,1,True,1,False,,False,,True,1,True,1,True,1,True,1
D574,D574,,,LES CORNICHES,ACTIF,,True,1,True,1,False,,False,,True,1,False,,False,,False,,True,1,True,1,True,1,True,1,True,1,True,1
D575,D575,,,LES CORNICHES,ACTIF,,True,1,True,1,False,,False,,True,1,True,1,True,1,True,1,True,1,True,1,True,1,True,1,True,1,True,1
D576,D576,,,LES CORNICHES,ACTIF,,True,1,True,1,False,,False,,True,1,True,1,True,1,True,1,True,1,True,1,True,1,True,1,True,1,True,1
D577,D577,,,LES CORNICHES,ACTIF,,True,1,True,1,False,,False,,True,1,True,1,True,1,True,1,True,1,True,1,True,1,True,1,True,1,True,1
D578,D578,,,LES CORNICHES,ACTIF,,True,1,True,1,False,,False,,True,1,True,1,True,1,True,1,True,1,True,1,True,1,True,1,True,1,True,1
D579,D579,,,LES CORNICHES,ACTIF,,True,1,True,1,False,,False,,True,1,True,1,True,1,True,1,True,1,True,1,True,1,True,1,True,1,True,1
D580,D580,,,LES CORNICHES,ACTIF,,True,1,True,1,False,,False,,True,1,True,1,True,1,True,1,True,1,True,1,True,1,True,1,True,1,True,1
D601,D601,,,LES CORNICHES,ACTIF,,True,1,True,1,False,,False,,True,1,True,1,True,1,False,,True,1,True,1,True,1,True,1,True,1,True,1
D602S (spécial non référencé),D602S(SPÉCIALNONRÉFÉRENCÉ),,,LES CORNICHES,SPECIAL_NON_REFERENCE,,False,,False,,False,,False,,False,,False,,False,,False,,False,,False,,False,,False,,False,0,False,
D603S (spécial non référencé),D603S(SPÉCIALNONRÉFÉRENCÉ),,,LES CORNICHES,SPECIAL_NON_REFERENCE,,False,,False,,False,,False,,False,,False,,False,,False,,False,,False,,False,,False,,False,0,False,
D604,D604,,,LES CORNICHES,ACTIF,,True,1,True,1,False,,False,,True,1,True,1,True,1,True,1,True,1,True,1,True,1,True,1,True,1,True,1
D605,D605,,,LES CORNICHES,ACTIF,,True,1,True,1,False,,False,,True,1,True,1,False,,True,1,True,1,False,,True,1,True,1,True,1,True,1
D606,D606,,,LES CORNICHES,ACTIF,,True,1,True,1,False,,False,,True,1,True,1,True,1,True,1,True,1,True,1,True,1,True,1,True,1,True,1
D607,D607,,,LES CORNICHES,ACTIF,,True,1,True,1,False,,False,,True,1,False,,False,,False,,True,1,True,1,True,1,True,1,True,1,True,1
D608,D608,,,LES CORNICHES,ACTIF,,True,1,True,1,False,,False,,True,1,True,1,True,1,True,1,True,1,True,1,True,1,True,1,True,1,True,1
D609,D609,,,LES CORNICHES,ACTIF,,True,1,True,1,False,,False,,True,1,False,,False,,False,,True,1,True,1,True,1,True,1,True,1,True,1
D610,D610,,,LES CORNICHES,ACTIF,,True,1,True,1,False,,False,,True,1,False,,False,,False,,True,1,True,1,True,1,True,1,True,1,True,1
D611,D611,,,LES CORNICHES,ACTIF,,True,1,True,1,False,,False,,True,1,True,1,True,1,True,1,True,1,True,1,True,1,True,1,True,1,True,1
D612,D612,,,LES CORNICHES,ACTIF,,True,1,True,1,False,,False,,True,1,True,1,True,1,True,1,True,1,True,1,True,1,True,1,True,1,True,1
D613,D613,,,LES CORNICHES,ACTIF,"revoir la LG 2,12 ml dans le pdf",True,1,True,1,False,,False,,True,1,True,1,True,1,True,1,False,,False,,True,1,True,1,True,1,True,1
D614,D614,,,LES CORNICHES,ACTIF,,True,1,True,1,False,,False,,True,1,False,,False,,False,,True,1,True,1,True,1,True,1,True,1,True,1
D615,D615,,,LES CORNICHES,ACTIF,,True,1,True,1,False,,False,,True,1,False,,False,,False,,True,1,True,1,True,1,True,1,True,1,True,1
D616,D616,,,LES CORNICHES,ACTIF,,True,1,True,1,False,,False,,True,1,True,1,True,1,True,1,True,1,True,1,True,1,True,1,True,1,True,1
D616A,D616A,,,LES CORNICHES,ACTIF,,False,,False,,False,,False,,False,,True,1,True,1,True,1,False,,False,,True,1,True,1,True,1,True,1
D616B,D616B,,,LES CORNICHES,ACTIF,,False,,False,,False,,False,,False,,True,1,True,1,True,1,False,,False,,True,1,True,1,True,1,True,1
D617,D617,,,LES CORNICHES,ACTIF,,True,1,True,1,False,,False,,True,1,False,,False,,False,,True,1,True,1,True,1,True,1,True,1,True,1
D618,D618,,,LES CORNICHES,ACTIF,,False,,True,1,False,,False,,True,1,True,1,True,1,True,1,False,,False,,True,1,True,1,True,1,True,1
D620,D620,,,LES CORNICHES,ACTIF,refaire la 3D La corniche est à l'envers (plan et dwg à jour),True,1,True,1,False,,False,,True,1,True,1,True,1,True,1,True,1,True,1,True,1,True,1,True,1,True,1
D621,D621,,,LES CORNICHES,ACTIF,,True,1,True,1,False,,False,,True,1,False,,False,,False,,True,1,True,1,True,1,True,1,True,1,True,1
D622,D622,,,LES CORNICHES,ACTIF,,True,1,True,1,False,,False,,True,1,False,,False,,False,,True,1,True,1,True,1,True,1,True,1,True,1
D623 (supprimée en gestion),D623(SUPPRIMÉEENGESTION),,,LES CORNICHES,SUPPRIME,,True,1,True,1,False,,False,,True,1,False,,False,,False,,True,1,True,1,True,1,True,1,False,0,False,
D624,D624,,,LES CORNICHES,ACTIF,,True,1,True,1,False,,False,,True,1,False,,False,,False,,True,1,True,1,True,1,True,1,True,1,True,1
D625,D625,,,LES CORNICHES,ACTIF,,True,1,True,1,False,,False,,True,1,False,,False,,False,,True,1,True,1,True,1,True,1,True,1,True,1
D626,D626,,,LES CORNICHES,ACTIF,,True,1,True,1,False,,False,,True,1,False,,False,,False,,True,1,True,1,True,1,True,1,True,1,True,1
D627,D627,,,LES CORNICHES,ACTIF,,True,1,True,1,False,,False,,True,1,False,,False,,False,,False,,False,,True,1,True,1,True,1,True,1
D628,D628,,,LES CORNICHES,ACTIF,,True,1,True,1,False,,False,,True,1,False,,False,,False,,True,1,True,1,True,1,True,1,True,1,True,1
D629,D629,,,LES CORNICHES,ACTIF,,True,1,True,1,False,,False,,True,1,False,,False,,False,,True,1,True,1,True,1,True,1,True,1,True,1
D630,D630,,,LES CORNICHES,ACTIF,,True,1,True,1,False,,False,,True,1,False,,False,,False,,True,1,True,1,True,1,True,1,True,1,True,1
D631,D631,,,LES CORNICHES,ACTIF,,True,1,True,1,False,,False,,True,1,True,1,True,1,True,1,True,1,True,1,True,1,True,1,True,1,True,1
D632,D632,,,LES CORNICHES,ACTIF,,False,,True,1,False,,False,,True,1,True,1,True,1,True,1,False,,True,1,True,1,True,1,True,1,True,1
D633,D633,,,LES CORNICHES,ACTIF,,False,,True,1,False,,False,,True,1,True,1,True,1,True,1,False,,True,1,True,1,True,1,True,1,True,X
D650,D650,,,LES CORNICHES,ACTIF,,True,1,True,1,False,,False,,True,1,True,1,True,1,True,1,True,1,True,1,True,1,True,1,True,1,True,1
D650L,D650L,,,LES CORNICHES,ACTIF,,False,,True,1,False,,False,,True,1,False,,False,,False,,False,,False,,True,1,True,1,True,1,True,1
D650A,D650A,,,LES CORNICHES,ACTIF,,True,1,False,,False,,False,,False,,False,,True,1,True,1,False,,False,,True,1,True,1,True,1,True,1
D650B,D650B,,,LES CORNICHES,ACTIF,,True,1,False,,False,,False,,False,,True,1,True,1,True,1,False,,False,,True,1,True,1,True,1,True,1
D651,D651,,,LES CORNICHES,ACTIF,,True,1,True,1,False,,False,,True,1,False,,False,,False,,True,1,True,1,True,1,True,1,True,1,True,1
D652,D652,,,LES CORNICHES,ACTIF,,True,1,True,1,False,,False,,True,1,True,1,True,1,True,1,True,1,True,1,True,1,True,1,True,1,True,1
D652A,D652A,,,LES CORNICHES,ACTIF,,False,,True,1,False,,False,,True,1,True,1,True,1,True,1,False,,False,,True,1,True,1,True,1,True,1
D652B,D652B,,,LES CORNICHES,ACTIF,,False,,False,,False,,False,,False,,True,1,True,1,True,1,False,,False,,True,1,True,1,True,1,True,1
D653,D653,,,LES CORNICHES,ACTIF,,True,1,True,1,False,,False,,True,1,False,,False,,False,,True,1,True,1,True,1,True,1,True,1,True,1
D654,D654,,,LES CORNICHES,ACTIF,,False,,True,1,False,,False,,True,1,True,1,True,1,True,1,False,,False,,True,1,True,1,True,1,True,1
D655,D655,,,LES CORNICHES,ACTIF,,True,1,True,1,False,,False,,True,1,False,,False,,False,,False,,False,,True,1,True,1,True,1,True,1
D656,D656,,,LES CORNICHES,ACTIF,,True,1,True,1,False,,False,,True,1,True,1,True,1,True,1,True,1,True,1,True,1,True,1,True,1,True,1
D657,D657,,,LES CORNICHES,ACTIF,,True,1,True,1,False,,False,,True,1,False,,False,,False,,True,1,True,1,True,1,True,1,True,1,True,1
D658,D658,,,LES CORNICHES,ACTIF,,True,1,True,1,False,,False,,True,1,False,,False,,False,,False,,False,,True,1,True,1,True,1,True,1
D659S (spécial non référencé),D659S(SPÉCIALNONRÉFÉRENCÉ),,,LES CORNICHES,SPECIAL_NON_REFERENCE,,False,,True,1,False,,False,,False,,False,,False,,False,,False,,False,,False,,False,,False,,False,
D660S (spécial non référencé),D660S(SPÉCIALNONRÉFÉRENCÉ),,,LES CORNICHES,SPECIAL_NON_REFERENCE,,False,,True,1,False,,False,,False,,False,,False,,False,,False,,False,,False,,False,,False,,False,
D661S (spécial non référencé),D661S(SPÉCIALNONRÉFÉRENCÉ),,,LES CORNICHES,SPECIAL_NON_REFERENCE,,False,,True,1,False,,False,,False,,False,,False,,False,,False,,False,,False,,False,,False,,False,
D662S (spécial non référencé),D662S(SPÉCIALNONRÉFÉRENCÉ),,,LES CORNICHES,SPECIAL_NON_REFERENCE,,False,,True,1,False,,False,,False,,False,,False,,False,,False,,False,,False,,False,,False,,False,
D702,D702,,,LES CORNICHES,ACTIF,,True,1,True,1,False,,False,,True,1,True,1,True,1,True,1,True,1,True,1,True,1,True,1,True,1,True,1
D703,D703,,,LES CORNICHES,ACTIF,,True,1,True,1,False,,False,,True,1,True,1,True,1,True,1,True,1,True,1,True,1,True,1,True,1,True,1
D704,D704,,,LES CORNICHES,ACTIF,,True,1,True,1,False,,False,,True,1,False,,False,,False,,True,1,True,1,True,1,True,1,True,1,True,1
D705,D705,,,LES CORNICHES,ACTIF,,True,1,True,1,False,,False,,True,1,True,1,True,1,False,,True,1,True,1,True,1,True,1,True,1,True,1
D706,D706,,,LES CORNICHES,ACTIF,,True,1,True,1,False,,False,,True,1,False,,False,,False,,True,1,True,1,True,1,True,1,True,1,True,1
D707,D707,,,LES CORNICHES,ACTIF,,True,1,True,1,False,,False,,True,1,False,,False,,False,,True,1,True,1,True,1,True,1,True,1,True,1
D708,D708,,,LES CORNICHES,ACTIF,,True,1,True,1,False,,False,,True,1,True,1,True,1,False,,True,1,True,1,True,1,True,1,True,1,True,1
D709,D709,,,LES CORNICHES,ACTIF,,True,1,True,1,False,,False,,True,1,True,1,True,1,False,,True,1,True,1,True,1,True,1,True,1,True,1
D710,D710,,,LES CORNICHES,ACTIF,,True,1,True,1,False,,False,,True,1,False,,False,,False,,True,1,True,1,True,1,True,1,True,1,True,1
D711,D711,,,LES CORNICHES,ACTIF,,True,1,True,1,False,,False,,True,1,False,,False,,False,,False,,False,,True,1,True,1,True,1,True,1
D712,D712,,,LES CORNICHES,ACTIF,,True,1,True,1,False,,False,,True,1,False,,False,,False,,False,,True,1,True,1,True,1,True,1,True,1
D713,D713,,,LES CORNICHES,ACTIF,,True,1,True,1,False,,False,,True,1,False,,False,,False,,True,1,True,1,True,1,True,1,True,1,True,1
D715,D715,,,LES CORNICHES,ACTIF,,True,1,True,1,False,,False,,True,1,False,,True,1,False,,True,1,True,1,True,1,True,1,True,1,True,1
D716,D716,,,LES CORNICHES,ACTIF,,True,1,True,1,False,,False,,True,1,False,,False,,False,,False,,False,,True,1,True,1,True,1,True,1
D717,D717,,,LES CORNICHES,ACTIF,,True,1,True,1,False,,False,,True,1,False,,False,,False,,True,1,True,1,True,1,True,1,True,1,True,1
D718,D718,,,LES CORNICHES,ACTIF,,True,1,True,1,False,,False,,True,1,True,1,True,1,False,,True,1,True,1,True,1,True,1,True,1,True,1
D719S (spécial non référencé),D719S(SPÉCIALNONRÉFÉRENCÉ),,,LES CORNICHES,SPECIAL_NON_REFERENCE,,False,,True,1,False,,False,,True,1,False,,False,,False,,False,,False,,False,,False,,True,1,False,
D720,D720,,,LES CORNICHES,ACTIF,,True,1,True,1,False,,False,,True,1,True,1,True,1,False,,True,1,True,1,True,1,True,1,True,1,True,1
D747S (spécial non référencé),D747S(SPÉCIALNONRÉFÉRENCÉ),,,LES CORNICHES,SPECIAL_NON_REFERENCE,,False,,False,,False,,False,,False,,False,,False,,False,,False,,False,,False,,False,,False,,False,
D748,D748,,,LES CORNICHES,ACTIF,,True,1,True,1,False,,False,,True,1,False,,True,1,False,,True,1,True,1,True,1,True,1,True,1,True,1
D749,D749,,,LES CORNICHES,ACTIF,,True,1,True,1,False,,False,,True,1,True,1,True,1,False,,True,1,True,1,True,1,True,1,True,1,True,1
D751,D751,,,LES CORNICHES,ACTIF,,False,,True,1,False,,False,,True,1,False,,False,,False,,False,,False,,True,1,True,1,True,1,True,X
D752,D752,,,LES CORNICHES,ACTIF,,False,,True,1,False,,False,,True,1,False,,False,,False,,False,,False,,True,1,True,1,True,1,True,X
D753,D753,,,LES CORNICHES,ACTIF,,False,,True,1,False,,False,,True,1,False,,False,,False,,False,,False,,True,1,True,1,True,1,True,X
D754,D754,,,LES CORNICHES,ACTIF,,False,,True,1,False,,False,,True,1,False,,False,,False,,False,,False,,True,1,True,1,True,1,True,X
D801,D801,,,LES CORNICHES,ACTIF,,True,1,True,1,False,,False,,True,1,True,1,True,1,False,,True,1,True,1,True,1,True,1,True,1,True,1
D802,D802,,,LES CORNICHES,ACTIF,,True,1,True,1,False,,False,,True,1,True,1,True,1,False,,True,1,True,1,True,1,True,1,True,1,True,1
D803S (spécial non référencé),D803S(SPÉCIALNONRÉFÉRENCÉ),,,LES CORNICHES,SPECIAL_NON_REFERENCE,,False,,False,,False,,False,,False,,False,,False,,False,,False,,False,,False,,False,,False,,False,
D804S (spécial non référencé),D804S(SPÉCIALNONRÉFÉRENCÉ),,,LES CORNICHES,SPECIAL_NON_REFERENCE,,False,,False,,False,,False,,False,,False,,False,,False,,False,,False,,False,,False,,False,,False,
D805S (spécial non référencé),D805S(SPÉCIALNONRÉFÉRENCÉ),,,LES CORNICHES,SPECIAL_NON_REFERENCE,,False,,False,,False,,False,,False,,False,,False,,False,,False,,False,,False,,False,,False,,False,
D810,D810,,,LES CORNICHES,ACTIF,,True,1,True,1,False,,False,,True,1,False,,False,,False,,False,,False,,True,1,True,1,True,1,True,1
D812,D812,,,LES CORNICHES,ACTIF,,True,1,True,1,False,,False,,True,1,False,,False,,False,,False,,False,,True,1,True,1,True,1,True,1
D813,D813,,,LES CORNICHES,ACTIF,,True,1,True,1,False,,False,,True,1,False,,False,,False,,False,,False,,True,1,True,1,True,1,True,1
D814,D814,,,LES CORNICHES,ACTIF,,True,1,True,1,False,,False,,True,1,True,1,True,1,False,,True,1,True,1,True,1,True,1,True,1,True,1
D815,D815,,,LES CORNICHES,ACTIF,,True,1,True,1,False,,False,,True,1,False,,False,,False,,True,1,True,1,True,1,True,1,True,1,True,1
D818,D818,,,LES CORNICHES,ACTIF,,True,1,True,1,False,,False,,True,1,False,,False,,False,,False,,False,,True,1,True,1,True,1,True,1
D820,D820,,,LES CORNICHES,ACTIF,,True,1,True,1,False,,False,,True,1,True,1,True,1,False,,True,1,True,1,True,1,True,1,True,1,True,1
D830,D830,,,LES CORNICHES,ACTIF,,True,1,True,1,False,,False,,True,1,False,,False,,False,,True,1,True,1,True,1,True,1,True,1,True,1
D835,D835,,,LES CORNICHES,ACTIF,,False,,True,1,False,,False,,True,1,True,1,True,1,False,,False,,False,,True,1,True,1,True,1,True,1
D840,D840,,,LES CORNICHES,ACTIF,,True,1,True,1,False,,False,,True,1,True,1,True,1,False,,True,1,True,1,True,1,True,1,True,1,True,1
D843,D843,,,LES CORNICHES,ACTIF,,False,,True,1,False,,False,,True,1,True,1,True,1,False,,False,,False,,True,1,True,1,True,1,True,1
D844,D844,,,LES CORNICHES,ACTIF,,True,1,True,1,False,,False,,True,1,False,,False,,False,,False,,False,,True,1,True,1,True,1,True,1
D845,D845,,,LES CORNICHES,ACTIF,,True,1,True,1,False,,False,,True,1,False,,False,,False,,False,,True,1,True,1,True,1,True,1,True,1
D846,D846,,,LES CORNICHES,ACTIF,,True,1,True,1,False,,False,,True,1,False,,False,,False,,False,,False,,True,1,True,1,True,1,True,1
D878,D878,,,LES CORNICHES,ACTIF,,True,1,True,1,False,,False,,True,1,False,,False,,False,,False,,False,,True,1,True,1,True,1,True,1
D879,D879,,,LES CORNICHES,ACTIF,,False,,True,1,False,,False,,True,1,False,,False,,False,,False,,False,,True,1,True,1,True,1,True,1
D879A,D879A,,,LES CORNICHES,ACTIF,,False,,False,,False,,False,,False,,False,,False,,False,,False,,False,,False,,False,,True,1,True,1
D879B1,D879B1,,,LES CORNICHES,ACTIF,,False,,False,,False,,False,,False,,False,,False,,False,,False,,False,,False,,False,,True,1,True,1
D879B2,D879B2,,,LES CORNICHES,ACTIF,,False,,False,,False,,False,,False,,False,,False,,False,,False,,False,,False,,False,,True,1,True,1
D879B3,D879B3,,,LES CORNICHES,ACTIF,,False,,False,,False,,False,,False,,False,,False,,False,,False,,False,,False,,False,,True,1,True,1
D879C,D879C,,,LES CORNICHES,ACTIF,,False,,False,,False,,False,,False,,False,,False,,False,,False,,False,,False,,False,,True,1,True,1
D880,D880,,,LES CORNICHES,ACTIF,,True,1,True,1,False,,False,,True,1,True,1,True,1,False,,True,1,True,1,True,1,True,1,True,1,True,1
D880A,D880A,,,LES CORNICHES,ACTIF,,False,,False,,False,,False,,False,,True,1,True,1,False,,False,,False,,True,1,True,1,False,,True,1
D880B,D880B,,,LES CORNICHES,ACTIF,,True,1,False,,False,,False,,False,,True,1,True,1,False,,False,,False,,True,1,True,1,True,1,True,1
D881B,D881B,,,LES CORNICHES,ACTIF,plan de face avec ornement à faire,True,1,True,1,False,,False,,True,1,False,,True,1,True,1,False,,False,,True,1,True,1,True,1,True,1
D881,D881,,,LES CORNICHES,ACTIF,,True,1,True,1,False,,False,,True,1,False,,True,1,False,,False,,False,,True,1,True,1,True,1,True,1
D882,D882,,,LES CORNICHES,ACTIF,,True,1,True,1,False,,False,,True,1,False,,False,,False,,False,,False,,True,1,True,1,True,1,True,1
D882B,D882B,,,LES CORNICHES,ACTIF,plan de face avec ornement à faire,True,1,True,1,False,,False,,True,1,False,,False,,False,,False,,False,,False,,False,,True,1,True,1
D883,D883,,,LES CORNICHES,ACTIF,plan de face avec ornement à faire,True,1,True,1,False,,False,,True,1,True,1,True,1,True,1,False,,False,,False,,False,,True,1,True,1
D884,D884,,,LES CORNICHES,ACTIF,,True,1,True,1,False,,False,,True,1,False,,False,,False,,False,,False,,False,,False,,True,1,True,1
D885,D885,,,LES CORNICHES,ACTIF,,True,1,True,1,False,,False,,True,1,False,,False,,False,,False,,False,,False,,False,,True,1,True,1
D886,D886,,,LES CORNICHES,ACTIF,,True,1,True,1,False,,False,,True,1,False,,False,,False,,True,1,True,1,True,1,True,1,True,1,True,1
D887,D887,,,LES CORNICHES,ACTIF,,True,1,True,1,False,,False,,True,1,True,1,True,1,False,,False,,False,,True,1,True,1,True,1,True,1
D888,D888,,,LES CORNICHES,ACTIF,,True,1,True,1,False,,False,,True,1,False,,False,,False,,True,1,True,1,True,1,True,1,True,1,True,1
D889,D889,,,LES CORNICHES,ACTIF,,True,1,True,1,False,,False,,True,1,True,1,True,1,False,,False,,False,,True,1,True,1,True,1,True,1
D890,D890,,,LES CORNICHES,ACTIF,,True,1,True,1,False,,False,,True,1,False,,False,,False,,False,,False,,False,,False,,True,1,True,1
D890A,D890A,,,LES CORNICHES,ACTIF,,True,1,False,,False,,False,,False,,False,,False,,False,,False,,False,,False,,False,,False,,True,1
D891,D891,,,LES CORNICHES,ACTIF,,True,1,True,1,False,,False,,True,1,False,,True,1,False,,True,1,True,1,False,,False,,True,1,True,1
D892,D892,,,LES CORNICHES,ACTIF,,True,1,True,1,False,,False,,True,1,False,,False,,False,,True,1,True,1,False,,False,,True,1,True,1
D893,D893,,,LES CORNICHES,ACTIF,,True,1,True,1,False,,False,,True,1,False,,False,,False,,False,,False,,False,,False,,True,1,True,1
D894,D894,,,LES CORNICHES,ACTIF,,True,1,True,1,False,,False,,True,1,False,,False,,False,,True,1,True,1,False,,False,,True,1,True,1
D895,D895,,,LES CORNICHES,ACTIF,,True,1,True,1,False,,False,,True,1,False,,False,,False,,False,,False,,False,,False,,True,1,True,1
D896,D896,,,LES CORNICHES,ACTIF,,True,1,True,1,False,,False,,True,1,True,1,True,1,False,,True,1,True,1,True,1,True,1,True,1,True,1
D897,D897,,,LES CORNICHES,ACTIF,,False,,True,1,False,,False,,True,1,True,1,True,1,False,,False,,False,,True,1,True,1,True,1,True,1
D898,D898,,,LES CORNICHES,ACTIF,,True,1,True,1,False,,False,,True,1,True,1,True,1,True,1,True,1,True,1,True,1,True,1,True,1,True,1
D899,D899,,,LES CORNICHES,ACTIF,,True,1,True,1,False,,False,,True,1,False,,False,,False,,False,,False,,True,1,True,1,True,1,True,1
D900,D900,,,LES CORNICHES,ACTIF,,False,,True,1,False,,False,,True,1,False,,False,,False,,False,,False,,True,1,True,1,True,1,True,1
D901,D901,,,LES CORNICHES,ACTIF,,True,1,True,1,False,,False,,True,1,True,1,True,1,False,,True,1,False,,True,1,True,1,True,1,True,1
D902 supprimée de la gestion,D902SUPPRIMÉEDELAGESTION,,,LES CORNICHES,SUPPRIME,,False,,True,1,False,,False,,True,1,False,,False,,False,,False,,False,,False,,False,,False,0,False,
D903,D903,,,LES CORNICHES,ACTIF,,True,1,True,1,False,,False,,True,1,True,1,True,1,False,,False,,False,,True,1,True,1,True,1,True,1
D905B,D905B,,,LES CORNICHES,ACTIF,,False,,True,1,False,,False,,True,1,False,,False,,False,,False,,False,,True,1,True,1,False,,True,X
D905H,D905H,,,LES CORNICHES,ACTIF,,False,,True,1,False,,False,,True,1,False,,False,,False,,False,,False,,True,1,True,1,True,1,True,X
R561,R561,,,LES CORNICHES,ACTIF,,True,1,False,,False,,False,,False,,False,,False,,False,,False,,False,,False,,False,,False,,True,X
R601,R601,,,LES CORNICHES,ACTIF,,False,,False,,False,,False,,False,,False,,False,,False,,False,,False,,False,,False,,False,,True,X
R606,R606,,,LES CORNICHES,ACTIF,,False,,False,,False,,False,,False,,False,,False,,False,,False,,False,,False,,False,,False,,True,X
R611,R611,,,LES CORNICHES,ACTIF,,False,,False,,False,,False,,False,,False,,False,,False,,False,,False,,False,,False,,False,,True,X
R616,R616,,,LES CORNICHES,ACTIF,,False,,False,,False,,False,,False,,False,,False,,False,,False,,False,,False,,False,,False,,True,X
R702,R702,,,LES CORNICHES,ACTIF,,False,,False,,False,,False,,False,,False,,False,,False,,False,,False,,False,,False,,False,,True,1
R707,R707,,,LES CORNICHES,ACTIF,,False,,False,,False,,False,,False,,False,,False,,False,,False,,False,,False,,False,,False,,True,X
SDPA1,SDPA1,,,LES CORNICHES,ACTIF,,True,1,True,1,False,,False,,True,1,False,,False,,False,,False,,False,,False,,False,,True,1,True,1
SDPA2,SDPA2,,,LES CORNICHES,ACTIF,,False,,True,1,False,,False,,True,1,False,,False,,False,,False,,False,,True,1,True,1,True,1,True,1
SDPA3,SDPA3,,,LES CORNICHES,ACTIF,,True,1,True,1,False,,False,,True,1,False,,False,,False,,False,,False,,False,,False,,True,1,True,1
SDPA4,SDPA4,,,LES CORNICHES,ACTIF,,True,1,True,1,False,,False,,True,1,False,,False,,False,,False,,False,,False,,False,,True,1,True,1
S562,S562,,,LES CORNICHES,ACTIF,,True,1,False,,False,,False,,False,,False,,False,,False,,False,,False,,False,,False,,False,,True,X
S601,S601,,,LES CORNICHES,ACTIF,,False,,False,,False,,False,,False,,False,,False,,False,,False,,False,,False,,False,,False,,True,X
S606,S606,,,LES CORNICHES,ACTIF,,False,,False,,False,,False,,False,,False,,False,,False,,False,,False,,False,,False,,False,,True,X
S611,S611,,,LES CORNICHES,ACTIF,,False,,False,,False,,False,,False,,False,,False,,False,,False,,False,,False,,False,,False,,True,X
S616,S616,,,LES CORNICHES,ACTIF,,False,,False,,False,,False,,False,,False,,False,,False,,False,,False,,False,,False,,False,,True,X
S702,S702,,,LES CORNICHES,ACTIF,,False,,False,,False,,False,,False,,False,,False,,False,,False,,False,,False,,False,,False,,True,1
S707,S707,,,LES CORNICHES,ACTIF,,False,,False,,False,,False,,False,,False,,False,,False,,False,,False,,False,,False,,False,,True,X
SV577,SV577,,,LES CORNICHES,ACTIF,,True,1,False,,False,,False,,True,1,False,,False,,False,,True,1,False,,False,,False,,False,,True,X
SV748,SV748,,,LES CORNICHES,ACTIF,,True,1,False,,False,,False,,True,1,False,,False,,False,,True,1,False,,False,,False,,False,,True,X
VAGUE DE SEPARATION D577,VAGUEDESEPARATIOND577,,,LES CORNICHES,ACTIF,,True,1,False,,False,,False,,True,1,False,,False,,False,,True,1,True,1,False,,False,,False,,True,X
M038,M038,,,LES ROSACES,ACTIF,,False,,False,,False,,False,,False,,False,,False,,False,,False,,False,,True,1,True,1,False,,True,1
M039,M039,,,LES ROSACES,ACTIF,,True,1,False,,False,,False,,False,,False,,False,,False,,False,,False,,False,,False,,False,,True,1
M041,M041,,,LES ROSACES,ACTIF,,False,,False,,False,,False,,False,,False,,False,,False,,False,,False,,False,,False,,False,,True,1
M042,M042,,,LES ROSACES,ACTIF,,False,,False,,False,,False,,False,,False,,False,,False,,False,,False,,False,,False,,False,,True,1
M043,M043,,,LES ROSACES,ACTIF,,False,,False,,False,,False,,False,,False,,False,,False,,False,,False,,False,,False,,False,,True,1
M044,M044,,,LES ROSACES,ACTIF,,False,,False,,False,,False,,False,,False,,False,,False,,False,,False,,False,,False,,False,,True,1
M045,M045,,,LES ROSACES,ACTIF,,True,1,False,,False,,False,,False,,False,,False,,False,,False,,False,,False,,False,,False,,True,1
M046,M046,,,LES ROSACES,ACTIF,,True,1,False,,False,,False,,False,,False,,False,,False,,False,,False,,False,,False,,False,,True,1
M047,M047,,,LES ROSACES,ACTIF,,False,,False,,False,,False,,False,,False,,False,,False,,False,,False,,False,,False,,False,,True,1
M048,M048,,,LES ROSACES,ACTIF,,True,1,False,,False,,False,,False,,False,,False,,False,,False,,False,,True,1,True,1,False,,True,1
M049,M049,,,LES ROSACES,ACTIF,,False,,False,,False,,False,,False,,False,,False,,False,,False,,False,,False,,False,,False,,True,1
M050,M050,,,LES ROSACES,ACTIF,,False,,False,,False,,False,,False,,False,,False,,False,,False,,False,,False,,False,,False,,True,1
M051,M051,,,LES ROSACES,ACTIF,,False,,False,,False,,False,,False,,False,,False,,False,,False,,False,,False,,False,,False,,True,1
M052,M052,,,LES ROSACES,ACTIF,,False,,False,,False,,False,,False,,False,,False,,False,,False,,False,,False,,False,,False,,True,1
M053,M053,,,LES ROSACES,ACTIF,,False,,False,,False,,False,,False,,False,,False,,False,,False,,False,,False,,False,,False,,True,1
M054,M054,,,LES ROSACES,ACTIF,,True,1,False,,False,,False,,False,,False,,False,,False,,False,,False,,False,,False,,False,,True,1
M055,M055,,,LES ROSACES,ACTIF,,True,1,False,,False,,False,,False,,False,,False,,False,,False,,False,,False,,False,,False,,True,1
M056,M056,,,LES ROSACES,ACTIF,,False,,False,,False,,False,,False,,False,,False,,False,,False,,False,,False,,False,,False,,True,1
M057,M057,,,LES ROSACES,ACTIF,,False,,False,,False,,False,,False,,False,,False,,False,,False,,False,,False,,False,,False,,True,1
M058,M058,,,LES ROSACES,ACTIF,,False,,False,,False,,False,,False,,False,,False,,False,,False,,False,,False,,False,,False,,True,1
M059,M059,,,LES ROSACES,ACTIF,,False,,False,,False,,False,,False,,False,,False,,False,,False,,False,,False,,False,,False,,True,1
M060,M060,,,LES ROSACES,ACTIF,,True,1,True,1,False,,False,,True,1,True,1,True,1,False,,False,,False,,True,1,True,1,True,1,True,1
M061,M061,,,LES ROSACES,ACTIF,,False,,False,,False,,False,,False,,False,,False,,False,,False,,False,,False,,False,,False,,True,1
M066,M066,,,LES ROSACES,ACTIF,,False,,False,,False,,False,,False,,False,,False,,False,,False,,False,,False,,False,,False,,True,1
M067,M067,,,LES ROSACES,ACTIF,,True,1,False,,False,,False,,False,,False,,False,,False,,False,,False,,True,1,True,1,False,,True,1
M068,M068,,,LES ROSACES,ACTIF,,True,1,False,,False,,False,,False,,False,,False,,False,,False,,False,,False,,False,,False,,True,1
M069,M069,,,LES ROSACES,ACTIF,,True,1,False,,False,,False,,False,,False,,False,,False,,False,,False,,False,,False,,False,,True,1
M070,M070,,,LES ROSACES,ACTIF,,False,,False,,False,,False,,False,,False,,False,,False,,False,,False,,False,,False,,False,,True,1
M071,M071,,,LES ROSACES,ACTIF,,True,1,False,,False,,False,,False,,False,,False,,False,,False,,False,,True,1,True,1,False,,True,1
M072,M072,,,LES ROSACES,ACTIF,,False,,False,,False,,False,,False,,False,,False,,False,,False,,False,,False,,False,,False,,True,1
M073,M073,,,LES ROSACES,ACTIF,,False,,False,,False,,False,,False,,False,,False,,False,,False,,False,,False,,False,,False,,True,1
M100,M100,,,LES ROSACES,ACTIF,,False,,False,,False,,False,,False,,False,,False,,False,,False,,False,,False,,False,,False,,True,1
M101,M101,,,LES ROSACES,ACTIF,,False,,False,,False,,False,,False,,False,,False,,False,,False,,False,,False,,False,,False,,True,1
M102,M102,,,LES ROSACES,ACTIF,,False,,False,,False,,False,,False,,False,,False,,False,,False,,False,,False,,False,,False,,True,1
M201,M201,,,LES ROSACES,ACTIF,,False,,False,,False,,False,,False,,False,,False,,False,,False,,False,,False,,False,,False,,True,1
M202,M202,,,LES ROSACES,ACTIF,,True,1,False,,False,,False,,False,,True,1,True,1,False,,False,,False,,True,1,True,1,False,,True,1
M203,M203,,,LES ROSACES,ACTIF,,False,,False,,False,,False,,False,,False,,False,,False,,False,,False,,False,,False,,False,,True,1
M204,M204,,,LES ROSACES,ACTIF,,False,,False,,False,,False,,False,,False,,False,,False,,False,,False,,False,,False,,False,,True,1
M205,M205,,,LES ROSACES,ACTIF,,False,,False,,False,,False,,False,,False,,False,,False,,False,,False,,False,,False,,False,,True,1
M206,M206,,,LES ROSACES,ACTIF,,False,,False,,False,,False,,False,,False,,False,,False,,False,,False,,False,,False,,False,,True,1
M207,M207,,,LES ROSACES,ACTIF,,False,,False,,False,,False,,False,,False,,False,,False,,False,,False,,False,,False,,False,,True,1
M208,M208,,,LES ROSACES,ACTIF,,True,1,False,,False,,False,,False,,False,,False,,False,,False,,False,,False,,False,,False,,True,1
M209,M209,,,LES ROSACES,ACTIF,,True,1,False,,False,,False,,False,,False,,False,,False,,False,,False,,True,1,True,1,False,,True,1
M210,M210,,,LES ROSACES,ACTIF,,True,1,False,,False,,False,,False,,False,,False,,False,,False,,False,,False,,False,,False,,True,1
M211,M211,,,LES ROSACES,ACTIF,,False,,False,,False,,False,,False,,False,,False,,False,,False,,False,,False,,False,,False,,True,1
M212,M212,,,LES ROSACES,ACTIF,,False,,False,,False,,False,,False,,False,,False,,False,,False,,False,,False,,False,,False,,True,1
M213,M213,,,LES ROSACES,ACTIF,,False,,False,,False,,False,,False,,False,,False,,False,,False,,False,,False,,False,,False,,True,1
M250,M250,,,LES ROSACES,ACTIF,,True,1,True,1,False,,False,,True,1,True,1,True,1,False,,False,,False,,True,1,True,1,False,,True,1
M251,M251,,,LES ROSACES,ACTIF,,True,1,False,,False,,False,,False,,True,1,True,1,False,,False,,False,,True,1,True,1,False,,True,1
M252,M252,,,LES ROSACES,ACTIF,,True,1,True,1,False,,False,,True,1,True,1,True,1,False,,False,,False,,True,1,True,1,True,1,True,1
M253,M253,,,LES ROSACES,ACTIF,,True,1,False,,False,,False,,False,,True,1,True,1,False,,False,,False,,True,1,True,1,False,,True,1
M254,M254,,,LES ROSACES,ACTIF,,True,1,False,,False,,False,,False,,True,1,True,1,False,,False,,False,,True,1,True,1,False,,True,1
M255,M255,,,LES ROSACES,ACTIF,,True,1,False,,False,,False,,False,,False,,False,,False,,False,,False,,False,,False,,False,,True,1
M296,M296,,,LES ROSACES,ACTIF,,False,,False,,False,,False,,False,,False,,False,,False,,False,,False,,False,,False,,False,,True,1
M297,M297,,,LES ROSACES,ACTIF,,False,,False,,False,,False,,False,,False,,False,,False,,False,,False,,False,,False,,False,,True,1
M298,M298,,,LES ROSACES,ACTIF,,True,1,False,,False,,False,,False,,False,,False,,False,,False,,False,,False,,False,,False,,True,1
M299,M299,,,LES ROSACES,ACTIF,,True,1,False,,False,,False,,False,,True,1,True,1,False,,False,,False,,False,,False,,False,,True,1
M300,M300,,,LES ROSACES,ACTIF,,False,,False,,False,,False,,False,,False,,False,,False,,False,,False,,False,,False,,False,,True,1
M301,M301,,,LES ROSACES,ACTIF,,False,,False,,False,,False,,False,,False,,False,,False,,False,,False,,False,,False,,False,,True,1
M302,M302,,,LES ROSACES,ACTIF,,True,1,False,,False,,False,,False,,True,1,True,1,False,,False,,False,,True,1,True,1,False,,True,1
M303,M303,,,LES ROSACES,ACTIF,,False,,False,,False,,False,,False,,False,,False,,False,,False,,False,,True,1,True,1,False,,True,1
M304,M304,,,LES ROSACES,ACTIF,,False,,False,,False,,False,,False,,False,,False,,False,,False,,False,,False,,False,,False,,True,1
M306,M306,,,LES ROSACES,ACTIF,,True,1,True,1,False,,False,,True,1,True,1,True,1,False,,False,,False,,True,1,True,1,False,,True,1
M390,M390,,,LES ROSACES,ACTIF,,True,1,False,,False,,False,,False,,False,,False,,False,,False,,False,,False,,False,,False,,True,1
M400,M400,,,LES ROSACES,ACTIF,,True,1,False,,False,,False,,False,,False,,False,,False,,False,,False,,True,1,True,1,False,,True,1
M401,M401,,,LES ROSACES,ACTIF,,True,1,True,1,False,,False,,True,1,True,1,True,1,False,,False,,False,,True,1,True,1,True,1,True,1
M401P,M401P,,,LES ROSACES,ACTIF,,True,1,True,1,False,,False,,True,1,True,1,True,1,False,,False,,False,,True,1,True,1,True,1,True,1
M402,M402,,,LES ROSACES,ACTIF,,True,1,False,,False,,False,,False,,False,,False,,False,,False,,False,,True,1,True,1,False,,True,1
M403,M403,,,LES ROSACES,ACTIF,,True,1,False,,False,,False,,False,,False,,False,,False,,False,,False,,True,1,True,1,False,,True,1
M404,M404,,,LES ROSACES,ACTIF,,True,1,False,,False,,False,,False,,False,,False,,False,,False,,False,,True,1,True,1,False,,True,1
M405,M405,,,LES ROSACES,ACTIF,,True,1,True,1,False,,False,,True,1,False,,False,,False,,False,,False,,True,1,True,1,True,1,True,1
M406,M406,,,LES ROSACES,ACTIF,,True,1,False,,False,,False,,False,,False,,False,,False,,False,,False,,False,,False,,False,,True,1
M407,M407,,,LES ROSACES,ACTIF,,True,1,False,,False,,False,,False,,False,,False,,False,,False,,False,,False,,False,,False,,True,1
M420,M420,,,LES ROSACES,ACTIF,,False,,False,,False,,False,,False,,False,,False,,False,,False,,False,,False,,False,,False,,True,1
M421,M421,,,LES ROSACES,ACTIF,,False,,False,,False,,False,,False,,False,,False,,False,,False,,False,,False,,False,,False,,True,1
M422,M422,,,LES ROSACES,ACTIF,,False,,False,,False,,False,,False,,False,,False,,False,,False,,False,,False,,False,,False,,True,1
M423,M423,,,LES ROSACES,ACTIF,,False,,False,,False,,False,,False,,False,,False,,False,,False,,False,,False,,False,,False,,True,1
M501,M501,,,LES ROSACES,ACTIF,,True,1,False,,False,,False,,False,,True,1,True,1,False,,False,,False,,True,1,True,1,False,,True,1
M502,M502,,,LES ROSACES,ACTIF,,True,1,False,,False,,False,,True,1,True,1,True,1,False,,False,,True,1,True,1,True,1,True,1,True,1
M502H,M502H,,,LES ROSACES,ACTIF,,False,,False,,False,,False,,False,,False,,False,,False,,False,,False,,False,,False,,False,,True,1
M503,M503,,,LES ROSACES,ACTIF,,True,1,True,1,False,,False,,True,1,False,,False,,False,,False,,False,,False,,False,,True,1,True,X
M504,M504,,,LES ROSACES,ACTIF,,False,,True,1,False,,False,,True,1,True,1,True,1,False,,False,,False,,True,1,True,1,True,1,True,1
M505P,M505P,,,LES ROSACES,ACTIF,,True,1,True,1,False,,False,,True,1,False,,False,,False,,False,,False,,False,,False,,False,,False,
M604,M604,,,LES ROSACES,ACTIF,,True,1,False,,False,,False,,False,,True,1,True,1,False,,False,,False,,True,1,True,1,True,1,True,1
M605,M605,,,LES ROSACES,ACTIF,,True,1,False,,False,,False,,False,,False,,False,,False,,False,,False,,True,1,True,1,False,,True,1
1400,1400,Rosette Ø 6 cm,131,LES ROSETTES,ACTIF,,True,1,False,,False,,False,,False,,False,,False,,False,,False,,False,,False,,False,,False,,True,1
1401,1401,"Rosette Ø 5,5 cm",131,LES ROSETTES,ACTIF,,True,1,False,,False,,False,,False,,False,,False,,False,,False,,False,,False,,False,,False,,True,1
1402,1402,"Rosette Ø 6,5 cm",131,LES ROSETTES,ACTIF,,True,1,False,,False,,False,,False,,False,,False,,False,,False,,False,,False,,False,,False,,True,1
1403,1403,Rosette Ø 6 cm,131,LES ROSETTES,ACTIF,,True,1,False,,False,,False,,False,,False,,False,,False,,False,,False,,False,,False,,False,,True,1
1404,1404,"Rosette Ø 8,5 cm",131,LES ROSETTES,ACTIF,,True,1,False,,False,,False,,False,,False,,False,,False,,False,,False,,False,,False,,False,,True,1
1405,1405,Rosette Ø 9 cm,131,LES ROSETTES,ACTIF,,True,1,True,1,False,,False,,True,1,False,,False,,False,,False,,False,,False,,False,,True,1,True,1
1406,1406,Rosette Ø 12 cm,131,LES ROSETTES,ACTIF,,True,1,False,,False,,False,,False,,False,,False,,False,,False,,False,,False,,False,,False,,True,1
1407,1407,"Rosette carrée  10,5 x 10,5 cm",131,LES ROSETTES,ACTIF,,True,1,False,,False,,False,,False,,False,,False,,False,,False,,False,,False,,False,,False,,True,1
1408,1408,Rosette Ø 14 cm,131,LES ROSETTES,ACTIF,,True,1,False,,False,,False,,False,,False,,False,,False,,False,,False,,False,,False,,False,,True,1
1412,1412,"Rosette 11,5 cm",131,LES ROSETTES,ACTIF,,True,1,False,,False,,False,,False,,False,,False,,False,,False,,False,,False,,False,,False,,True,1
1413,1413,Rosette 9 x 7 cm,131,LES ROSETTES,ACTIF,,True,1,False,,False,,False,,False,,False,,False,,False,,False,,False,,False,,False,,False,,True,1
1414,1414,Rosette 19 cm,131,LES ROSETTES,ACTIF,,True,1,False,,False,,False,,False,,False,,False,,False,,False,,False,,False,,False,,False,,True,1
1415,1415,Rosette 7 cm,131,LES ROSETTES,ACTIF,,True,1,False,,False,,False,,False,,False,,False,,False,,False,,False,,False,,False,,False,,True,1
1416,1416,Rosette Art Déco Ø 8 cm,131,LES ROSETTES,ACTIF,,True,1,False,,False,,False,,False,,False,,False,,False,,False,,False,,False,,False,,False,,True,1
1417,1417,Rosette de la D889 Ø 44 mm,131,LES ROSETTES,ACTIF,,True,1,False,,False,,False,,False,,False,,False,,False,,False,,False,,False,,False,,False,,True,1
1418,1418,"Ornement de style - 12,5 x 12,5 cm ",131,LES ROSETTES,ACTIF,,True,1,False,,False,,False,,False,,False,,False,,False,,False,,False,,False,,False,,False,,True,1
1419,1419,"Ornement de style - 12,5 x 12,5 cm ",131,LES ROSETTES,ACTIF,,True,1,False,,False,,False,,False,,False,,False,,False,,False,,False,,False,,False,,False,,True,1
1420,1420,Rosette Ø 7.5 cm,131,LES ROSETTES,ACTIF,,True,1,False,,False,,False,,False,,False,,False,,False,,False,,False,,False,,False,,False,,True,1
1421,1421,Rosette Ø7.5 cm ,131,LES ROSETTES,ACTIF,,True,1,False,,False,,False,,False,,False,,False,,False,,False,,False,,False,,False,,False,,True,1
1422,1422,Rosette Ø7.5 cm,131,LES ROSETTES,ACTIF,,False,,False,,False,,False,,False,,False,,False,,False,,False,,False,,False,,False,,False,,True,X
1423,1423,Rosette Ø 7.5 cm,131,LES ROSETTES,ACTIF,,False,,False,,False,,False,,False,,False,,False,,False,,False,,False,,False,,False,,False,,True,1
1424,1424,Rosette Ø 7.5 cm,131,LES ROSETTES,ACTIF,,False,,False,,False,,False,,False,,False,,False,,False,,False,,False,,False,,False,,False,,True,1
1425,1425,Rosette Ø 4.8 cm ,131,LES ROSETTES,ACTIF,,False,,False,,False,,False,,False,,False,,False,,False,,False,,False,,False,,False,,False,,True,1
1426,1426,Rosette Ø 4.8 cm ,131,LES ROSETTES,ACTIF,,False,,False,,False,,False,,False,,False,,False,,False,,False,,False,,False,,False,,False,,True,1
1427,1427,Rosette Ø 4.8 cm,131,LES ROSETTES,ACTIF,,False,,False,,False,,False,,False,,False,,False,,False,,False,,False,,False,,False,,False,,True,1
1428,1428,Rosette Ø 4.8 cm ,131,LES ROSETTES,ACTIF,,False,,False,,False,,False,,False,,False,,False,,False,,False,,False,,False,,False,,False,,True,1
1429,1429,Rosette carrée - 5 x 5 cm,131,LES ROSETTES,ACTIF,,False,,False,,False,,False,,False,,False,,False,,False,,False,,False,,False,,False,,False,,True,1
1430,1430,Rosette carrée - 5 x 5 cm,131,LES ROSETTES,ACTIF,,False,,False,,False,,False,,False,,False,,False,,False,,False,,False,,False,,False,,False,,True,1
1431,1431,Rosette carrée - 5 x 5 cm,131,LES ROSETTES,ACTIF,,False,,False,,False,,False,,False,,False,,False,,False,,False,,False,,False,,False,,False,,True,1
1432,1432,Rosette carrée - 9 x 9 cm,131,LES ROSETTES,ACTIF,,False,,False,,False,,False,,False,,False,,False,,False,,False,,False,,False,,False,,False,,True,1
1433,1433,Rosette rectangulaire - 6.8 x 11 cm,131,LES ROSETTES,ACTIF,,False,,False,,False,,False,,False,,False,,False,,False,,False,,False,,False,,False,,False,,True,1
1434,1434,Rosette Ø12  cm,131,LES ROSETTES,ACTIF,,False,,False,,False,,False,,False,,False,,False,,False,,False,,False,,False,,False,,False,,True,1
1435,1435,Rosette ovale - 9 x 13 cm ,131,LES ROSETTES,ACTIF,,False,,False,,False,,False,,False,,False,,False,,False,,False,,False,,False,,False,,False,,True,1
1436 (D883),1436(D883),Rosette D883,,LES ROSETTES,ACTIF,,False,,True,1,False,,False,,True,1,False,,False,,False,,False,,False,,False,,False,,True,1,True,1
50.050,50-050,,,CHER,ACTIF,,False,,False,,False,,False,,False,,False,,False,,False,,False,,False,,False,,False,,False,,True,1
50.051,50-051,,,CHER,ACTIF,,False,,True,1,True,1,False,,True,1,True,1,False,,False,,False,,False,,False,,False,,True,1,True,X
50.ATLA,50-ATLA,,,CHER,ACTIF,,True,1,True,1,False,,True,1,True,1,False,,False,,False,,True,1,True,1,False,,False,,True,1,True,1
50.CASS ( non fabriqué),50-CASS(NONFABRIQUÉ),,,CHER,NON_FABRIQUE,,False,,False,,False,,False,,False,,False,,False,,False,,False,,False,,False,,False,,False,,True,X
50.FES( non fabriqué),50-FES(NONFABRIQUÉ),,,CHER,NON_FABRIQUE,,False,,False,,False,,False,,False,,False,,False,,False,,False,,False,,False,,False,,False,,True,X
50. NIAG,50-NIAG,,,CHER,ACTIF,,False,,False,,False,,False,,False,,False,,False,,False,,False,,False,,False,,False,,False,,True,1
50.MARR( non fabriqué),50-MARR(NONFABRIQUÉ),,,CHER,NON_FABRIQUE,,False,,False,,False,,False,,False,,False,,False,,False,,False,,False,,False,,False,,False,,True,X
50.SIER,50-SIER,,,CHER,ACTIF,,False,,False,,False,,False,,False,,False,,False,,False,,False,,False,,False,,False,,False,,True,1
1101,1101,,,LES MOULURES DROITES,ACTIF,,True,1,True,1,False,,False,,True,1,True,1,True,1,True,1,True,1,True,1,True,1,True,1,True,1,True,1
1101BH,1101BH,1/4 cercle,112,LES MOULURES DROITES,ACTIF,,True,1,True,1,False,,False,,True,1,False,,False,,False,,True,1,True,1,True,1,True,1,True,1,True,1
1101D,1101D,1/4 cercle décoré,112,LES MOULURES DROITES,ACTIF,,False,,False,,False,,False,,False,,False,,False,,False,,False,,False,,True,1,True,1,True,1,True,1
1101C,1101C,,,LES MOULURES DROITES,ACTIF,,False,,False,,False,,False,,False,,False,,False,,False,,False,,False,,True,1,True,1,False,,True,1
1101E,1101E,Angle 1101E - 90° - 15 x 8 cm,112,LES MOULURES DROITES,ACTIF,,False,,True,1,False,,False,,True,1,True,1,True,1,True,1,False,,False,,True,1,True,1,True,1,True,X
1101F,1101F,Doucine,112,LES MOULURES DROITES,ACTIF,,False,,False,,False,,False,,False,,False,,False,,False,,False,,False,,False,,False,,False,,True,1
1101G,1101G,Doucine,112,LES MOULURES DROITES,ACTIF,,False,,False,,False,,False,,False,,False,,False,,False,,False,,False,,False,,False,,False,,True,1
1101H,1101H,Angle décoré,112,LES MOULURES DROITES,ACTIF,,False,,True,1,False,,False,,True,1,True,1,True,1,True,1,False,,False,,True,1,True,1,True,1,True,1
1101P,1101P,Doucine 50 cm,112,LES MOULURES DROITES,ACTIF,,False,,False,,False,,False,,False,,False,,False,,False,,False,,False,,False,,False,,True,1,True,1
1102,1102,,,LES MOULURES DROITES,ACTIF,,True,1,True,1,False,,False,,True,1,True,1,True,1,True,1,True,1,True,1,True,1,True,1,True,1,True,1
1102BH,1102BH,1/4 cercle,112,LES MOULURES DROITES,ACTIF,,True,1,True,1,False,,False,,True,1,False,,False,,False,,True,1,True,1,False,,False,,True,1,True,1
1103,1103,,,LES MOULURES DROITES,ACTIF,,True,1,True,1,False,,False,,True,1,True,1,True,1,True,1,True,1,True,1,True,1,True,1,True,1,True,1
1103BH,1103BH,1/4 cercle,112,LES MOULURES DROITES,ACTIF,,True,1,True,1,False,,False,,True,1,False,,False,,False,,True,1,True,1,False,,False,,True,1,True,1
1103D,1103D,1/4 cercle décoré,,LES MOULURES DROITES,ACTIF,,False,,False,,False,,False,,False,,False,,False,,False,,False,,False,,False,,False,,False,,True,1
1103H,1103H,Angle décoré,112,LES MOULURES DROITES,ACTIF,,False,,True,1,False,,False,,True,1,True,1,True,1,True,1,False,,False,,True,1,True,1,True,1,True,1
1104,1104,,,LES MOULURES DROITES,ACTIF,,False,,True,1,False,,False,,True,1,True,1,True,1,True,1,False,,False,,True,1,True,1,True,1,True,1
1104B,1104B,Angle décoré,112,LES MOULURES DROITES,ACTIF,,False,,False,,False,,False,,False,,True,1,True,1,True,1,False,,False,,True,1,True,1,True,1,True,1
1104H,1104H,Angle décoré,112,LES MOULURES DROITES,ACTIF,,False,,False,,False,,False,,False,,True,1,True,1,True,1,False,,False,,False,,False,,False,,True,1
1105,1105,,,LES MOULURES DROITES,ACTIF,,False,,True,1,False,,False,,True,1,True,1,True,1,True,1,False,,False,,True,1,True,1,True,1,True,1
1105B,1105B,Angle décoré,112,LES MOULURES DROITES,ACTIF,,False,,False,,False,,False,,False,,False,,False,,False,,False,,False,,False,,False,,False,,True,1
1105H,1105H,Angle décoré,112,LES MOULURES DROITES,ACTIF,,False,,False,,False,,False,,False,,False,,False,,False,,False,,False,,False,,False,,False,,True,1
1106,1106,,,LES MOULURES DROITES,ACTIF,,False,,False,,False,,False,,True,1,True,1,False,,False,,False,,False,,False,,False,,True,1,True,1
1107,1107,,,LES MOULURES DROITES,ACTIF,,True,1,True,1,False,,False,,True,1,True,1,True,1,True,1,True,1,True,1,True,1,True,1,True,1,True,1
1107BH,1107BH,1/4 cercle,112,LES MOULURES DROITES,ACTIF,,False,,False,,False,,False,,False,,False,,False,,False,,False,,False,,False,,False,,False,,True,1
1107E,1107E,Angle 1107E - 90° - 15 x 8 cm,112,LES MOULURES DROITES,ACTIF,,False,,True,1,False,,False,,True,1,True,1,True,1,True,1,False,,False,,False,,False,,True,1,True,1
1107P,1107P,Doucine ,112,LES MOULURES DROITES,ACTIF,,True,1,True,1,False,,False,,True,1,True,1,False,,False,,True,1,False,,True,1,True,1,True,1,True,1
1107+P,1107+P,,,LES MOULURES DROITES,ACTIF,,False,,True,1,False,,False,,True,1,False,,False,,False,,False,,False,,False,,False,,True,1,True,X
1108,1108,,,LES MOULURES DROITES,ACTIF,,True,1,True,1,False,,False,,True,1,False,,False,,False,,True,1,True,1,True,1,True,1,True,1,True,1
1109,1109,,,LES MOULURES DROITES,ACTIF,,False,,False,,False,,False,,False,,False,,False,,False,,False,,False,,False,,False,,False,,True,1
1110,1110,,,LES MOULURES DROITES,ACTIF,,False,,False,,False,,False,,False,,False,,False,,False,,False,,False,,False,,False,,False,,True,1
1111,1111,,,LES MOULURES DROITES,ACTIF,,False,,False,,False,,False,,False,,False,,False,,False,,False,,False,,False,,False,,False,,True,1
1112,1112,,,LES MOULURES DROITES,ACTIF,,False,,True,1,False,,False,,True,1,True,1,True,1,True,1,False,,False,,True,1,True,1,True,1,True,1
1113,1113,,,LES MOULURES DROITES,ACTIF,,False,,False,,False,,False,,False,,False,,False,,False,,False,,False,,False,,False,,False,,True,1
1114D,1114D,,,LES MOULURES DROITES,ACTIF,,False,,False,,False,,False,,False,,False,,False,,False,,False,,False,,False,,False,,False,,True,1
1114G,1114G,,,LES MOULURES DROITES,ACTIF,,False,,False,,False,,False,,False,,False,,False,,False,,False,,False,,False,,False,,False,,False,
1115P,1115P,,,LES MOULURES DROITES,ACTIF,,False,,True,1,False,,False,,True,1,False,,False,,False,,False,,False,,False,,False,,True,1,True,X
1116  existe ?,1116EXISTE?,,,LES MOULURES DROITES,ACTIF,,False,,True,1,False,,False,,True,1,False,,False,,False,,False,,False,,False,,False,,False,,False,
1117 existe ?,1117EXISTE?,,,LES MOULURES DROITES,ACTIF,,False,,True,1,False,,False,,True,1,False,,False,,False,,False,,False,,False,,False,,False,,False,
1118 existe ?,1118EXISTE?,,,LES MOULURES DROITES,ACTIF,,False,,True,1,False,,False,,True,1,False,,False,,False,,False,,False,,False,,False,,False,,False,
1120,1120,,,LES MOULURES DROITES,ACTIF,,True,1,True,1,False,,False,,True,1,True,1,True,1,True,1,True,1,True,1,True,1,True,1,True,1,True,1
1121,1121,,,LES MOULURES DROITES,ACTIF,,True,1,True,1,False,,False,,True,1,True,1,True,1,True,1,True,1,True,1,True,1,True,1,True,1,True,1
1124,1124,,,LES MOULURES DROITES,ACTIF,,True,1,True,1,False,,False,,True,1,True,1,True,1,True,1,True,1,True,1,True,1,True,1,True,1,True,1
1124P,1124P,,,LES MOULURES DROITES,ACTIF,,False,,True,1,False,,False,,True,1,False,,False,,False,,False,,False,,False,,False,,False,,False,
1125,1125,,110,LES MOULURES DROITES,ACTIF,,True,1,True,1,False,,False,,True,1,True,1,True,1,True,1,True,1,True,1,True,1,True,1,True,1,True,1
1130,1130,,110,LES MOULURES DROITES,ACTIF,,True,1,True,1,False,,False,,True,1,True,1,True,1,True,1,True,1,True,1,True,1,True,1,True,1,True,1
1131,1131,,110,LES MOULURES DROITES,ACTIF,,False,,True,1,False,,False,,True,1,True,1,True,1,True,1,False,,False,,False,,False,,True,1,True,1
1132,1132,,110,LES MOULURES DROITES,ACTIF,,False,,True,1,False,,False,,True,1,True,1,True,1,True,1,False,,False,,True,1,True,1,True,1,True,1
1150,1150,,110,LES MOULURES DROITES,ACTIF,,False,,True,1,False,,False,,True,1,False,,False,,False,,False,,False,,False,,False,,True,1,True,1
1150BH,1150BH,1/4 cercle,112,LES MOULURES DROITES,ACTIF,,False,,False,,False,,False,,False,,False,,False,,False,,False,,False,,False,,False,,False,,True,1
1151,1151,,110,LES MOULURES DROITES,ACTIF,,False,,True,1,False,,False,,True,1,True,1,True,1,True,1,False,,False,,True,1,True,1,True,1,True,1
1151BH,1151BH,1/4 cercle,112,LES MOULURES DROITES,ACTIF,,False,,False,,False,,False,,False,,False,,False,,False,,False,,False,,False,,False,,False,,True,1
1153,1153,Ecoinçon Fruit,112,LES MOULURES DROITES,ACTIF,,False,,False,,False,,False,,False,,False,,False,,False,,False,,False,,False,,False,,False,,True,1
1155,1155,,110,LES MOULURES DROITES,ACTIF,,True,1,True,1,False,,False,,True,1,True,1,True,1,True,1,True,1,True,1,True,1,True,1,True,1,True,1
1156,1156,,110,LES MOULURES DROITES,ACTIF,,True,1,True,1,False,,False,,True,1,False,,False,,False,,True,1,True,1,True,1,True,1,True,1,True,1
1157,1157,,,LES MOULURES DROITES,ACTIF,,False,,False,,False,,False,,False,,False,,False,,False,,False,,False,,False,,False,,False,,True,1
1165,1165,,110,LES MOULURES DROITES,ACTIF,,True,1,True,1,False,,False,,True,1,True,1,True,1,True,1,True,1,False,,True,1,True,1,True,1,True,1
1166,1166,,110,LES MOULURES DROITES,ACTIF,,True,1,True,1,False,,False,,True,1,True,1,True,1,True,1,True,1,True,1,True,1,True,1,True,1,True,1
1200,1200,,110,LES MOULURES DROITES,ACTIF,,True,1,True,1,False,,False,,True,1,True,1,True,1,True,1,True,1,True,1,True,1,True,1,True,1,True,1
1200BH,1200BH,1/4 cercle,112,LES MOULURES DROITES,ACTIF,,True,1,True,1,False,,False,,True,1,False,,False,,False,,True,1,True,1,False,,False,,True,1,True,X
1201,1201,,110,LES MOULURES DROITES,ACTIF,,True,1,True,1,False,,False,,True,1,True,1,True,1,True,1,True,1,True,1,True,1,True,1,True,1,True,1
1202,1202,,110,LES MOULURES DROITES,ACTIF,,False,,True,1,False,,False,,True,1,False,,False,,False,,False,,False,,True,1,True,1,True,1,True,1
1202B,1202B,Angle décoré,112,LES MOULURES DROITES,ACTIF,,False,,False,,False,,False,,False,,False,,False,,False,,False,,False,,False,,False,,False,,True,1
1202BH,1202BH,1/4 cercle,112,LES MOULURES DROITES,ACTIF,,True,1,True,1,False,,False,,True,1,False,,False,,False,,True,1,True,1,False,,False,,True,1,True,1
1202H,1202H,Angle décoré,112,LES MOULURES DROITES,ACTIF,,False,,False,,False,,False,,False,,False,,False,,False,,False,,False,,False,,False,,False,,True,1
1203,1203,,,LES MOULURES DROITES,ACTIF,,False,,False,,False,,False,,False,,False,,False,,False,,False,,False,,False,,False,,False,,True,1
1204,1204,,110,LES MOULURES DROITES,ACTIF,,False,,True,1,False,,False,,True,1,True,1,True,1,True,1,False,,False,,True,1,True,1,True,1,True,1
1204BH,1204BH,1/4 cercle,112,LES MOULURES DROITES,ACTIF,,False,,False,,False,,False,,False,,True,1,True,1,True,1,False,,False,,True,1,True,1,True,1,True,1
1204H,1204H,Angle décoré,112,LES MOULURES DROITES,ACTIF,,False,,False,,False,,False,,False,,True,1,True,1,True,1,False,,False,,True,1,True,1,True,1,True,1
1205,1205,,,LES MOULURES DROITES,ACTIF,,False,,False,,False,,False,,False,,False,,False,,False,,False,,False,,False,,False,,False,,True,1
1206,1206,,110,LES MOULURES DROITES,ACTIF,,True,1,True,1,False,,False,,True,1,True,1,True,1,True,1,True,1,True,1,True,1,True,1,True,1,True,1
1206R,1206R,1/4 cercle rentrant,112,LES MOULURES DROITES,ACTIF,,True,1,True,1,False,,False,,True,1,False,,False,,False,,True,1,True,1,False,,False,,True,1,True,1
1206S,1206S,1/4 cercle sortant,112,LES MOULURES DROITES,ACTIF,,True,1,True,1,False,,False,,True,1,False,,False,,False,,True,1,True,1,False,,False,,True,1,True,1
1207,1207,,110,LES MOULURES DROITES,ACTIF,,True,1,True,1,False,,False,,True,1,True,1,True,1,True,1,False,,True,1,True,1,True,1,True,1,True,1
1207BH,1207BH,1/4 cercle,112,LES MOULURES DROITES,ACTIF,,True,1,True,1,False,,False,,True,1,False,,False,,False,,True,1,True,1,False,,False,,True,1,True,1
1207E,1207E,,112,LES MOULURES DROITES,ACTIF,,False,,True,1,False,,False,,True,1,False,,False,,False,,False,,False,,False,,False,,True,1,True,1
1208,1208,,110,LES MOULURES DROITES,ACTIF,,False,,True,1,False,,False,,True,1,True,1,True,1,False,,False,,False,,True,1,True,1,True,1,True,1
1208D,1208D,Angle décoré,112,LES MOULURES DROITES,ACTIF,,False,,False,,False,,False,,False,,False,,False,,False,,False,,False,,False,,False,,False,,True,1
1209,1209,,110,LES MOULURES DROITES,ACTIF,,True,1,True,1,False,,False,,True,1,True,1,True,1,False,,True,1,True,1,True,1,True,1,True,1,True,1
1210,1210,,110,LES MOULURES DROITES,ACTIF,,True,1,True,1,False,,False,,True,1,False,,False,,False,,True,1,True,1,True,1,True,1,True,1,True,1
1210BH,1210BH,1/4 cercle,112,LES MOULURES DROITES,ACTIF,,True,1,True,1,False,,False,,True,1,False,,False,,False,,True,1,True,1,False,,False,,True,1,True,X
1211,1211,,110,LES MOULURES DROITES,ACTIF,,False,,True,1,False,,False,,True,1,True,1,True,1,False,,False,,False,,False,,False,,True,1,True,1
1211S,1211S,,,LES MOULURES DROITES,ACTIF,,False,,False,,False,,False,,True,1,False,,False,,False,,True,1,True,1,False,,False,,False,,False,
1212,1212,,110,LES MOULURES DROITES,ACTIF,,False,,True,1,False,,False,,True,1,True,1,True,1,False,,False,,False,,False,,False,,True,1,True,1
1212S,1212S,,,LES MOULURES DROITES,ACTIF,,False,,False,,False,,False,,True,1,False,,False,,False,,True,1,True,1,False,,False,,False,,False,
1213S,1213S,,,LES MOULURES DROITES,ACTIF,,True,1,False,,False,,False,,True,1,False,,False,,False,,True,1,True,1,False,,False,,False,,False,
1213,1213,Panneau angle de moulure 120 x 42 cm,112,LES MOULURES DROITES,ACTIF,,True,1,True,1,False,,False,,True,1,True,1,True,1,False,,False,,False,,True,1,True,1,True,1,True,1
1213BH,1213BH,Panneau ornementé angle de moulure 42 x42 cm,112,LES MOULURES DROITES,ACTIF,,True,1,True,1,False,,False,,True,1,True,1,True,1,False,,False,,False,,True,1,True,1,True,1,True,1
1213G,1213G,Panneau ornementé 67 x 42 cm,112,LES MOULURES DROITES,ACTIF,,True,1,True,1,False,,False,,True,1,True,1,True,1,False,,False,,False,,True,1,True,1,True,1,True,1
1214,1214,,110,LES MOULURES DROITES,ACTIF,,True,1,True,1,False,,False,,True,1,True,1,True,1,True,1,False,,False,,False,,False,,True,1,True,X
1214S,1214S,,,LES MOULURES DROITES,ACTIF,,False,,False,,False,,False,,True,1,False,,False,,False,,True,1,True,1,False,,False,,False,,False,
1215,1215,,110,LES MOULURES DROITES,ACTIF,,True,1,True,1,False,,False,,True,1,False,,False,,False,,False,,False,,False,,False,,False,,True,1
1216  Annulée,1216ANNULÉE,,110,LES MOULURES DROITES,ANNULEE,,False,,True,1,False,,False,,True,1,False,,False,,False,,False,,False,,False,,False,,True,1,True,X
1220,1220,,110,LES MOULURES DROITES,ACTIF,,True,1,True,1,False,,False,,True,1,True,1,True,1,False,,True,1,True,1,True,1,True,1,True,1,True,1
1221,1221,,110,LES MOULURES DROITES,ACTIF,,True,1,True,1,False,,False,,True,1,True,1,True,1,False,,True,1,True,1,True,1,True,1,True,1,True,1
1300 +P,1300+P,,110,LES MOULURES DROITES,ACTIF,,False,,True,1,False,,False,,True,1,False,,False,,False,,False,,False,,False,,False,,True,1,True,X
1301,1301,,110,LES MOULURES DROITES,ACTIF,,False,,True,1,False,,False,,True,1,True,1,True,1,False,,False,,False,,True,1,True,1,True,1,True,1
1302,1302,,,LES MOULURES DROITES,ACTIF,,False,,False,,False,,False,,False,,False,,False,,False,,False,,False,,False,,False,,False,,True,1
1303,1303,,,LES MOULURES DROITES,ACTIF,,False,,False,,False,,False,,False,,False,,False,,False,,False,,False,,False,,False,,False,,True,1
1304,1304,,110,LES MOULURES DROITES,ACTIF,,False,,True,1,False,,False,,True,1,True,1,True,1,False,,False,,False,,True,1,True,1,True,1,True,1
1305,1305,,,LES MOULURES DROITES,ACTIF,,False,,False,,False,,False,,False,,False,,False,,False,,False,,False,,False,,False,,False,,True,1
1306,1306,,,LES MOULURES DROITES,ACTIF,,False,,False,,False,,False,,False,,False,,False,,False,,False,,False,,False,,False,,False,,True,1
1310,1310,,110,LES MOULURES DROITES,ACTIF,,False,,True,1,False,,False,,True,1,True,1,True,1,False,,False,,False,,True,1,True,1,True,1,True,1
1316,1316,Moulure ornement type D881B en 2.03 ml ,,LES MOULURES DROITES,ACTIF,,False,,True,1,False,,False,,True,1,False,,False,,False,,False,,False,,False,,False,,False,,True,1
2 Moulures de la  D881B,2MOULURESDELAD881B,Moulures de la D881B en 1 ml ,,LES MOULURES DROITES,ACTIF,,False,,True,1,False,,False,,True,1,False,,False,,False,,False,,False,,False,,False,,False,,True,X
1318,1318,,110,LES MOULURES DROITES,ACTIF,,False,,True,1,False,,False,,True,1,False,,False,,False,,False,,False,,False,,False,,True,1,True,1
1318B,1318B,,,LES MOULURES DROITES,ACTIF,,False,,True,1,False,,False,,True,1,False,,False,,False,,False,,False,,False,,False,,True,1,True,X
1319,1319,,110,LES MOULURES DROITES,ACTIF,,False,,True,1,False,,False,,True,1,False,,False,,False,,False,,False,,False,,False,,True,1,True,X
1320,1320,,,LES MOULURES DROITES,ACTIF,,False,,False,,False,,False,,False,,False,,False,,False,,False,,False,,False,,False,,False,,True,1
1321,1321,,110,LES MOULURES DROITES,ACTIF,,False,,False,,False,,False,,False,,False,,False,,False,,False,,False,,True,1,True,1,True,1,True,1
1322,1322,,,LES MOULURES DROITES,ACTIF,,False,,False,,False,,False,,False,,False,,False,,False,,False,,False,,False,,False,,False,,True,1
1323,1323,,110,LES MOULURES DROITES,ACTIF,,False,,True,1,False,,False,,True,1,False,,False,,False,,False,,False,,True,1,True,1,True,1,True,1
1324,1324,,110,LES MOULURES DROITES,ACTIF,,True,1,True,1,False,,False,,True,1,True,1,True,1,False,,True,1,True,1,True,1,True,1,True,1,True,1
1325,1325,,110,LES MOULURES DROITES,ACTIF,,False,,True,1,False,,False,,True,1,True,1,True,1,False,,False,,False,,True,1,True,1,True,1,True,1
1326,1326,,110,LES MOULURES DROITES,ACTIF,,False,,True,1,False,,False,,True,1,False,,False,,False,,False,,False,,False,,False,,True,1,True,1
1327,1327,,110,LES MOULURES DROITES,ACTIF,,False,,True,1,False,,False,,True,1,True,1,True,1,False,,False,,False,,True,1,False,,True,1,True,1
1328,1328,,,LES MOULURES DROITES,ACTIF,,False,,False,,False,,False,,False,,False,,False,,False,,False,,False,,False,,False,,False,,True,1
1329,1329,,,LES MOULURES DROITES,ACTIF,,False,,False,,False,,False,,False,,False,,False,,False,,False,,False,,False,,False,,False,,True,1
1330,1330,,,LES MOULURES DROITES,ACTIF,,False,,False,,False,,False,,False,,False,,False,,False,,False,,False,,False,,False,,False,,True,1
1331,1331,,,LES MOULURES DROITES,ACTIF,,False,,True,1,False,,False,,True,1,False,,False,,False,,False,,False,,False,,False,,False,,True,1
1332,1332,,,LES MOULURES DROITES,ACTIF,,False,,True,1,False,,False,,True,1,False,,False,,False,,False,,False,,False,,False,,False,,True,1
1333,1333,,,LES MOULURES DROITES,ACTIF,,False,,False,,False,,False,,False,,False,,False,,False,,False,,False,,False,,False,,False,,True,1
1334,1334,,,LES MOULURES DROITES,ACTIF,,False,,False,,False,,False,,False,,False,,False,,False,,False,,False,,False,,False,,False,,True,1
1335,1335,,,LES MOULURES DROITES,ACTIF,,False,,False,,False,,False,,False,,False,,False,,False,,False,,False,,False,,False,,False,,True,1
1337S,1337S,,,LES MOULURES DROITES,ACTIF,,False,,False,,False,,False,,False,,False,,False,,False,,False,,False,,False,,False,,False,,False,
1340,1340,,,LES MOULURES DROITES,ACTIF,,False,,True,1,False,,False,,True,1,False,,False,,False,,False,,False,,False,,False,,True,1,True,1
1341,1341,,,LES MOULURES DROITES,ACTIF,,False,,False,,False,,False,,False,,False,,False,,False,,False,,False,,True,1,True,1,False,,True,1
1342,1342,,,LES MOULURES DROITES,ACTIF,,False,,False,,False,,False,,False,,False,,False,,False,,False,,False,,False,,False,,False,,True,1
1343,1343,,,LES MOULURES DROITES,ACTIF,,True,1,True,1,False,,False,,True,1,True,1,True,1,False,,True,1,True,1,True,1,True,1,True,1,True,1
1344,1344,,,LES MOULURES DROITES,ACTIF,,True,1,True,1,False,,False,,True,1,False,,False,,False,,True,1,True,1,True,1,True,1,True,1,True,1
1345,1345,,,LES MOULURES DROITES,ACTIF,,True,1,True,1,False,,False,,True,1,True,1,True,1,False,,True,1,True,1,True,1,True,1,True,1,True,1
1346,1346,moulure art déco en 1.5 ml,,LES MOULURES DROITES,ACTIF,,False,,True,1,False,,False,,True,1,False,,False,,False,,False,,False,,False,,False,,True,1,True,1
1347,1347,,,LES MOULURES DROITES,ACTIF,,False,,False,,False,,False,,False,,False,,False,,False,,False,,False,,False,,False,,False,,True,1
1348,1348,,,LES MOULURES DROITES,ACTIF,,False,,True,1,False,,False,,True,1,True,1,True,1,False,,False,,False,,True,1,True,1,True,1,True,1
1349,1349,,,LES MOULURES DROITES,ACTIF,,False,,False,,False,,False,,False,,False,,False,,False,,False,,False,,False,,False,,False,,True,1
1350,1350,,,LES MOULURES DROITES,ACTIF,,True,1,True,1,False,,False,,True,1,False,,False,,False,,False,,False,,False,,False,,True,1,True,1
1351S,1351S,,,LES MOULURES DROITES,ACTIF,,False,,False,,False,,False,,False,,False,,False,,False,,False,,False,,False,,False,,False,,False,
1352S,1352S,,,LES MOULURES DROITES,ACTIF,,False,,False,,False,,False,,False,,False,,False,,False,,False,,False,,False,,False,,False,,False,
1353S,1353S,,,LES MOULURES DROITES,ACTIF,,False,,False,,False,,False,,False,,False,,False,,False,,False,,False,,False,,False,,False,,False,
1361,1361,,,LES MOULURES DROITES,ACTIF,,True,1,True,1,False,,False,,True,1,False,1 à modifier ,True,1,False,1 à modifier ,False,,False,,False,,False,,True,1,True,1
1362,1362,,,LES MOULURES DROITES,ACTIF,,False,,True,1,False,,False,,True,1,False,,False,,False,,False,,False,,False,,False,,True,1,True,1
1362B,1362B,,,LES MOULURES DROITES,ACTIF,,False,,False,,False,,False,,False,,False,,False,,False,,False,,False,,False,,False,,False,,True,1
1363,1363,,,LES MOULURES DROITES,ACTIF,,True,1,True,1,False,,False,,True,1,False,,False,,False,,False,,False,,False,,False,,True,1,True,1
1364,1364,,,LES MOULURES DROITES,ACTIF,,True,1,True,1,False,,False,,True,1,True,1,True,1,False,,True,1,True,1,True,1,True,1,True,1,True,1
1365,1365,,,LES MOULURES DROITES,ACTIF,,True,1,True,1,False,,False,,True,1,True,1,True,1,False,,True,1,True,1,True,1,True,1,True,1,True,1
1366,1366,,,LES MOULURES DROITES,ACTIF,,True,1,True,1,False,,False,,True,1,True,1,True,1,False,,True,1,True,1,True,1,True,1,True,1,True,1
1367,1367,,,LES MOULURES DROITES,ACTIF,,True,1,True,1,False,,False,,True,1,True,1,True,1,False,,True,1,True,1,True,1,True,1,True,1,True,1
1368S,1368S,,,LES MOULURES DROITES,ACTIF,,False,,True,1,False,,False,,False,,False,,False,,False,,False,,False,,False,,False,,False,,False,
1369S,1369S,,,LES MOULURES DROITES,ACTIF,,False,,True,1,False,,False,,False,,False,,False,,False,,False,,False,,False,,False,,False,,False,
1370,1370,,,LES MOULURES DROITES,ACTIF,,False,,True,1,False,,False,,True,1,True,1,True,1,False,,False,,False,,False,,False,,False,,True,1
1371,1371,,,LES MOULURES DROITES,ACTIF,,False,,False,,False,,False,,False,,False,,False,,False,,False,,False,,False,,False,,False,,True,1
1372,1372,,,LES MOULURES DROITES,ACTIF,,False,,False,,False,,False,,False,,False,,False,,False,,False,,False,,False,,False,,False,,True,1
1373,1373,,,LES MOULURES DROITES,ACTIF,,False,,False,,False,,False,,False,,False,,False,,False,,False,,False,,False,,False,,False,,True,1
1374,1374,,,LES MOULURES DROITES,ACTIF,,False,,False,,False,,False,,False,,False,,False,,False,,False,,False,,False,,False,,False,,True,1
1380,1380,,,LES MOULURES DROITES,ACTIF,,False,,True,1,False,,False,,True,1,True,1,True,1,False,,False,,False,,True,1,True,1,True,1,True,1
1381,1381,,,LES MOULURES DROITES,ACTIF,,False,,True,1,False,,False,,True,1,False,,False,,False,,False,,False,,False,,False,,True,1,True,1
1382,1382,,,LES MOULURES DROITES,ACTIF,,False,,True,1,False,,False,,True,1,False,,False,,False,,False,,False,,False,,False,,True,1,True,1
1383,1383,,,LES MOULURES DROITES,ACTIF,,False,,True,1,False,,False,,True,1,False,,False,,False,,False,,False,,False,,False,,True,1,True,1
1384,1384,,,LES MOULURES DROITES,ACTIF,,False,,True,1,False,,False,,True,1,False,,False,,False,,False,,False,,False,,False,,True,1,True,1
1385,1385,,,LES MOULURES DROITES,ACTIF,,False,,True,1,False,,False,,True,1,False,,False,,False,,False,,False,,False,,False,,True,1,True,1
ORN.1D,ORN-1D,Ornerment d'angle droit de style Louis XV dim 34.5 x 34.5 cm,112,LES ORNEMENTS STAFF,ACTIF,,True,1,True,1,False,,False,,True,1,False,,False,,False,,False,,False,,True,1,True,1,True,1,True,1
ORN.1G,ORN-1G,Ornement d'angle gauche de style Louis XV dim 34.5 x 34.5 cm,112,LES ORNEMENTS STAFF,ACTIF,,True,1,True,1,False,,False,,True,1,False,,False,,False,,False,,False,,True,1,True,1,True,1,True,1
ORN.2D,ORN-2D,Ornement d'angle droit de style Louis XV dim 28.4 x 16 cm,112,LES ORNEMENTS STAFF,ACTIF,,True,1,False,,False,,False,,False,,False,,False,,False,,False,,False,,True,1,True,1,True,1,True,1
ORN.2G,ORN-2G,Ornement d'angle gauche de style Louis XV dim 28.4 x 16 cm,112,LES ORNEMENTS STAFF,ACTIF,,True,1,False,,False,,False,,False,,False,,False,,False,,False,,False,,True,1,True,1,True,1,True,1
ORN.3D,ORN-3D,Ornement d'angle droit de style Louis XV dim 10.3 x 31.3 cm,112,LES ORNEMENTS STAFF,ACTIF,,True,1,True,1,False,,False,,True,1,False,,False,,False,,False,,False,,True,1,True,1,True,1,True,1
ORN.3G,ORN-3G,Ornement d'angle gauche de style Louis XV dim 10.3 x 31.3 cm,112,LES ORNEMENTS STAFF,ACTIF,,True,1,True,1,False,,False,,True,1,False,,False,,False,,False,,False,,True,1,True,1,True,1,True,1
ORN.4D,ORN-4D,Ornement d'angle droit de style Louis XV  dim 10 x 31.2 cm,112,LES ORNEMENTS STAFF,ACTIF,,True,1,False,,False,,False,,False,,False,,False,,False,,False,,False,,True,1,True,1,False,,True,1
ORN.4G,ORN-4G,Ornement d'angle gauche de style Louis XV  dim 10 x 31.2 cm,112,LES ORNEMENTS STAFF,ACTIF,,True,1,False,,False,,False,,False,,False,,False,,False,,False,,False,,True,1,True,1,False,,True,1
ORN.5D,ORN-5D,Ornement d'angle droit de style Louis XV  dim 13.4 x 27.2 cm,112,LES ORNEMENTS STAFF,ACTIF,,True,1,False,,False,,False,,False,,False,,False,,False,,False,,False,,True,1,True,1,True,1,True,1
ORN.5G,ORN-5G,Ornement d'angle droit de style Louis XV  dim 13.4 x 27.2 cm,112,LES ORNEMENTS STAFF,ACTIF,,True,1,False,,False,,False,,False,,False,,False,,False,,False,,False,,True,1,True,1,True,1,True,1
ORN.6D,ORN-6D,Ornement d'angle droit de style Louis XV dim 20.4 x 20.4 cm,112,LES ORNEMENTS STAFF,ACTIF,,False,,False,,False,,False,,False,,False,,False,,False,,False,,False,,True,1,True,1,False,,True,1
ORN.6G,ORN-6G,Ornement d'angle droit de style Louis XV dim 20.4 x 20.4 cm,112,LES ORNEMENTS STAFF,ACTIF,,False,,False,,False,,False,,False,,False,,False,,False,,False,,False,,True,1,True,1,False,,True,1
ORN.7D,ORN-7D,Ornement d'angle droit de style Louis XV  dim 14 x 11.8 cm,112,LES ORNEMENTS STAFF,ACTIF,,False,,False,,False,,False,,False,,False,,False,,False,,False,,False,,True,1,True,1,False,,True,1
ORN.7G,ORN-7G,Ornement d'angle gauche de style Louis XV  dim 14 x 11.8 cm,112,LES ORNEMENTS STAFF,ACTIF,,False,,False,,False,,False,,False,,False,,False,,False,,False,,False,,True,1,True,1,False,,True,1
ORN.8D,ORN-8D,Ornement d'angle droit grappe de raison dim 12.3 x 15 cm,112,LES ORNEMENTS STAFF,ACTIF,,False,,False,,False,,False,,False,,False,,False,,False,,False,,False,,True,1,True,1,False,,True,1
ORN.8G,ORN-8G,Ornement d'angle gauche grappe de raison dim 12.3 x 15 cm,112,LES ORNEMENTS STAFF,ACTIF,,False,,False,,False,,False,,False,,False,,False,,False,,False,,False,,True,1,True,1,False,,True,1
ORN.9,ORN-9,Ornement de style Louis XV  dim 60.5 x 15 cm,112,LES ORNEMENTS STAFF,ACTIF,,False,,True,1,False,,False,,True,1,False,,False,,False,,False,,False,,True,1,True,1,True,1,True,1
ORN.10,ORN-10,Ornement de Style Louis XV dim 54.8 x 14.6 cm,112,LES ORNEMENTS STAFF,ACTIF,,True,1,True,1,False,,False,,True,1,False,,False,,False,,False,,False,,True,1,True,1,True,1,True,1
ORN.11,ORN-11,Ornement de style dim 38.2 x 8 cm,112,LES ORNEMENTS STAFF,ACTIF,,True,1,False,,False,,False,,False,,False,,False,,False,,False,,False,,False,,False,,True,1,True,1
ORN.12,ORN-12,Ornement de style  dim 40 x 7.4cm,112,LES ORNEMENTS STAFF,ACTIF,,True,1,False,,False,,False,,False,,False,,False,,False,,False,,False,,True,1,True,1,True,1,True,1
ORN.13,ORN-13,Ornement de style  dim 50.7 x 7 cm,112,LES ORNEMENTS STAFF,ACTIF,,True,1,False,,False,,False,,False,,False,,False,,False,,False,,False,,False,,False,,True,1,True,1
ORN.14,ORN-14,Ornement de style  dim 30.5 x 10 cm,112,LES ORNEMENTS STAFF,ACTIF,,True,1,False,,False,,False,,False,,False,,False,,False,,False,,False,,False,,False,,False,,True,1
ORN.15,ORN-15,Ornement de style  dim 39.5 x 10 cm,112,LES ORNEMENTS STAFF,ACTIF,,True,1,False,,False,,False,,False,,False,,True,1,False,,False,,False,,True,1,True,1,True,1,True,1
ORN.16,ORN-16,Ornement de style  dim 30 x 6 cm,112,LES ORNEMENTS STAFF,ACTIF,,False,,False,,False,,False,,False,,False,,False,,False,,False,,False,,True,1,True,1,False,,True,1
ORN17,ORN17,Ornement de style  dim 24.4 x 6.5 cm,112,LES ORNEMENTS STAFF,ACTIF,,False,,False,,False,,False,,False,,False,,False,,False,,False,,False,,False,,False,,False,,True,1
ORN.18,ORN-18,Ornement de style  dim 24 x 5 cm,112,LES ORNEMENTS STAFF,ACTIF,,True,1,False,,False,,False,,False,,False,,False,,False,,False,,False,,False,,False,,True,1,True,1
ORN.19,ORN-19,"Ornement de style Louis XV dim 91 x 20,4 cm ",112,LES ORNEMENTS STAFF,ACTIF,,True,1,True,1,False,,False,,True,1,False,,False,,False,,False,,False,,True,1,True,1,True,1,True,1
ORN.20,ORN-20,Ornement de style Louis XV  dim 89 x 17.4 cm,112,LES ORNEMENTS STAFF,ACTIF,,True,1,True,1,False,,False,,True,1,False,,False,,False,,False,,False,,False,,False,,True,1,True,1
ORN.21,ORN-21,Ornement floral  dim 36.5 x 15 cm,112,LES ORNEMENTS STAFF,ACTIF,,False,,False,,False,,False,,False,,False,,False,,False,,False,,False,,False,,False,,False,,True,1
ORN.22,ORN-22,Ornement floral  dim 43 x 15.3 cm,112,LES ORNEMENTS STAFF,ACTIF,,False,,False,,False,,False,,False,,False,,False,,False,,False,,False,,False,,False,,False,,True,1
ORN.23,ORN-23,Ornement de style   dim 20.5 x 20.9 cm,112,LES ORNEMENTS STAFF,ACTIF,,False,,False,,False,,False,,False,,False,,False,,False,,False,,False,,False,,False,,False,,True,1
ORN.24,ORN-24,Ornement floral  dim 13.9 x 19.2 cm,112,LES ORNEMENTS STAFF,ACTIF,,False,,False,,False,,False,,False,,False,,False,,False,,False,,False,,False,,False,,False,,True,X
ORN.25,ORN-25,Ornement floral dim 14.4 x 35.5 cm,112,LES ORNEMENTS STAFF,ACTIF,,False,,False,,False,,False,,False,,False,,False,,False,,False,,False,,False,,False,,False,,False,
ORN.26,ORN-26,Ornement floral  dim 11.8 x 25.4 cm,112,LES ORNEMENTS STAFF,ACTIF,,False,,False,,False,,False,,False,,False,,False,,False,,False,,False,,True,1,True,1,False,,True,1
ORN.27,ORN-27,Ornement de style dim 11 x 24.4 cm,112,LES ORNEMENTS STAFF,ACTIF,,False,,False,,False,,False,,False,,False,,False,,False,,False,,False,,False,,False,,False,,True,1
ORN.28,ORN-28,Ornement de style  dim 7.2 x 15.8 cm,112,LES ORNEMENTS STAFF,ACTIF,,False,,False,,False,,False,,False,,False,,False,,False,,False,,False,,False,,False,,False,,True,1
ORN.29,ORN-29,Ornement de style dim 40.5cm,112,LES ORNEMENTS STAFF,ACTIF,,False,,False,,False,,False,,False,,False,,False,,False,,False,,False,,False,,False,,False,,True,X
ORN.30,ORN-30,Ornement de style Louis XV - dim 48 x 9 cm ,112,LES ORNEMENTS STAFF,ACTIF,,False,,False,,False,,False,,False,,False,,False,,False,,False,,False,,False,,False,,False,,True,1
ORN.31,ORN-31,Ornement de style Louis XV - dim 46.5 x 9 cm,112,LES ORNEMENTS STAFF,ACTIF,,False,,False,,False,,False,,False,,False,,False,,False,,False,,False,,False,,False,,False,,True,1
ORN.32,ORN-32,Ornement de style Louis XV - dim 37 x 5 cm,112,LES ORNEMENTS STAFF,ACTIF,,False,,False,,False,,False,,False,,False,,False,,False,,False,,False,,False,,False,,False,,True,1
ORN.33,ORN-33,Ornement de style Louis XV - dim 45.5 x 10 cm,112,LES ORNEMENTS STAFF,ACTIF,,False,,False,,False,,False,,False,,False,,False,,False,,False,,False,,False,,False,,False,,True,1
ORN.34,ORN-34,Ornement fleurs de lys - dim 10.5 x 9 cm ,112,LES ORNEMENTS STAFF,ACTIF,,False,,False,,False,,False,,False,,False,,False,,False,,False,,False,,False,,False,,False,,True,1
ORN.35,ORN-35,Ornement ,112,LES ORNEMENTS STAFF,ACTIF,,False,,False,,False,,False,,False,,False,,False,,False,,False,,False,,False,,False,,False,,True,1
ORN.36,ORN-36,Ornement de style Louis XV - dim 26.5 x 5.5 cm,112,LES ORNEMENTS STAFF,ACTIF,,False,,False,,False,,False,,False,,False,,False,,False,,False,,False,,True,1,True,1,False,,True,1
ORN.37,ORN-37,Ornement de Style dim 63 x22 cm,112,LES ORNEMENTS STAFF,ACTIF,,False,,False,,False,,False,,False,,False,,False,,False,,False,,False,,False,,False,,False,,True,1
1409,1409,Décor,131,LES ORNEMENTS STAFF,ACTIF,,True,1,False,,False,,False,,False,,False,,True,1,False,,False,,False,,True,1,True,1,True,1,True,1
1410,1410,Décor,131,LES ORNEMENTS STAFF,ACTIF,,True,1,False,,False,,False,,False,,False,,False,,False,,False,,False,,False,,False,,False,,True,1
1411D,1411D,Décor,131,LES ORNEMENTS STAFF,ACTIF,,False,,False,,False,,False,,False,,False,,False,,False,,False,,False,,False,,False,,False,,True,1
1411G,1411G,Décor,131,LES ORNEMENTS STAFF,ACTIF,,False,,False,,False,,False,,False,,False,,False,,False,,False,,False,,False,,False,,False,,True,1
1420H,1420H,Angelot Harpe,131,LES ORNEMENTS STAFF,ACTIF,,False,,False,,False,,False,,False,,False,,False,,False,,False,,False,,False,,False,,False,,True,1
1420M,1420M,Angelot Mandoline,131,LES ORNEMENTS STAFF,ACTIF,,False,,False,,False,,False,,False,,False,,False,,False,,False,,False,,False,,False,,False,,True,1
1420T,1420T,Angelot Tambourin,131,LES ORNEMENTS STAFF,ACTIF,,False,,False,,False,,False,,False,,False,,False,,False,,False,,False,,False,,False,,False,,True,1
1440,1440,,,LES ORNEMENTS STAFF,ACTIF,,False,,False,,False,,False,,False,,False,,False,,False,,False,,False,,False,,False,,False,,True,X
1441,1441,Modillon - 4.5 x 7 cm,131,LES ORNEMENTS STAFF,ACTIF,,False,,False,,False,,False,,False,,False,,False,,False,,False,,False,,False,,False,,False,,True,X
1443 (D883),1443(D883),Modillon D883,131,LES ORNEMENTS STAFF,ACTIF,,False,,True,1,False,,False,,True,1,False,,False,,False,,False,,False,,False,,False,,True,1,True,1
3906,3906,Fleur de trumeau,131,LES ORNEMENTS STAFF,ACTIF,,False,,False,,False,,False,,False,,False,,False,,False,,False,,False,,False,,False,,False,,True,1
4200,4200,Coquille,131,LES ORNEMENTS STAFF,ACTIF,,False,,False,,False,,False,,False,,False,,False,,False,,False,,False,,False,,False,,False,,True,1
4201,4201,Coquille,131,LES ORNEMENTS STAFF,ACTIF,,False,,False,,False,,False,,False,,False,,False,,False,,False,,False,,False,,False,,True,1,True,1
RES.1,RES-1,Ornement rameau en résine,131,LES ORNEMENTS RESINE                                 Collection les élégants,ACTIF,,True,1,True,1,False,,False,,True,1,False,,False,,False,,False,,False,,False,,False,,True,1,True,X
RES.1.4,RES-1-4,Lot de 4 ornements rameaux en résine,131,LES ORNEMENTS RESINE                                 Collection les élégants,ACTIF,,False,,True,1,False,,False,,True,1,False,,False,,False,,False,,False,,False,,False,,True,1,True,X
RES.2,RES-2,Ornement en résine,131,LES ORNEMENTS RESINE                                 Collection les élégants,ACTIF,,True,1,False,,False,,False,,False,,False,,False,,False,,False,,False,,False,,False,,True,1,True,X
RES.3,RES-3,Ornement en résine,131,LES ORNEMENTS RESINE                                 Collection les élégants,ACTIF,,True,1,False,,False,,False,,False,,False,,False,,False,,False,,False,,False,,False,,True,1,True,X
RES.4,RES-4,"Ornement en résine 27 X 27 cm, collection Promenade aux tuileries  ",131,LES ORNEMENTS RESINE                                 Collection les élégants,ACTIF,,True,1,True,1,False,,False,,True,1,False,,False,,False,,False,,False,,True,1,False,,True,1,True,1
RES.5,RES-5,"Ornement en résine 67 X 39.7 cm, collection Promenade aux tuileries ",131,LES ORNEMENTS RESINE                                 Collection les élégants,ACTIF,,True,1,True,1,False,,False,,True,1,False,,False,,False,,False,,False,,True,1,False,,True,1,True,1
RES.6,RES-6,"Ornement en résine 67 X 39.7 cm, collection Promenade aux tuileries ",131,LES ORNEMENTS RESINE                                 Collection les élégants,ACTIF,,True,1,True,1,False,,False,,True,1,False,,False,,False,,False,,False,,False,,False,,True,1,True,X
RES.7,RES-7,Moulure perles résine Ø 1.2 en 1 ml,132,LES ORNEMENTS RESINE                                 Collection les élégants,ACTIF,,True,1,True,1,False,,False,,True,1,False,,False,,False,,False,,False,,False,,False,,True,1,True,X
RES.8,RES-8,Moulure perles résine Ø 1.4 en 1 ml,132,LES ORNEMENTS RESINE                                 Collection les élégants,ACTIF,,True,1,True,1,False,,False,,True,1,False,,False,,False,,False,,False,,False,,False,,True,1,True,X
RES.9,RES-9,"Moulure perles résine Ø 1.6 en 0,995 ml",132,LES ORNEMENTS RESINE                                 Collection les élégants,ACTIF,,True,1,True,1,False,,False,,True,1,False,,False,,False,,False,,False,,False,,False,,False,,False,
RES.10,RES-10,"Moulure perles résine Ø 0.6 en 1,01 ml",132,LES ORNEMENTS RESINE                                 Collection les élégants,ACTIF,,True,1,True,1,False,,False,,True,1,False,,False,,False,,False,,False,,False,,False,,False,,False,
RES.11,RES-11,"Moulure résine en 1,02 ml",132,LES ORNEMENTS RESINE                                 Collection les élégants,ACTIF,,True,1,True,1,False,,False,,True,1,False,,False,,False,,False,,False,,False,,False,,False,,False,
RES.12,RES-12,"Moulure résine en 1,02 ml",132,LES ORNEMENTS RESINE                                 Collection les élégants,ACTIF,,True,1,True,1,False,,False,,True,1,False,,False,,False,,False,,False,,False,,False,,False,,False,
1250D,1250D,,,LA GAMME ORIENTALE,ACTIF,,False,,False,,False,,False,,False,,False,,False,,False,,False,,False,,False,,False,,False,,True,1
1250G,1250G,,,LA GAMME ORIENTALE,ACTIF,,False,,False,,False,,False,,False,,False,,False,,False,,False,,False,,False,,False,,False,,True,1
1251,1251,,,LA GAMME ORIENTALE,ACTIF,,False,,False,,False,,False,,False,,False,,False,,False,,False,,False,,False,,False,,False,,True,1
1252,1252,,,LA GAMME ORIENTALE,ACTIF,,False,,False,,False,,False,,False,,False,,False,,False,,False,,False,,False,,False,,False,,True,1
1253,1253,,,LA GAMME ORIENTALE,ACTIF,,False,,False,,False,,False,,False,,False,,False,,False,,False,,False,,False,,False,,False,,True,1
1254,1254,,,LA GAMME ORIENTALE,ACTIF,,False,,False,,False,,False,,False,,False,,False,,False,,False,,False,,False,,False,,False,,True,1
1268,1268,,,LA GAMME ORIENTALE,ACTIF,,False,,False,,False,,False,,False,,False,,False,,False,,False,,False,,False,,False,,False,,True,1
1271,1271,,,LA GAMME ORIENTALE,ACTIF,,False,,False,,False,,False,,False,,False,,False,,False,,False,,False,,False,,False,,False,,True,1
1275,1275,,,LA GAMME ORIENTALE,ACTIF,,False,,False,,False,,False,,False,,False,,False,,False,,False,,False,,False,,False,,False,,True,1
M420,M420,,,LA GAMME ORIENTALE,ACTIF,,False,,False,,False,,False,,False,,False,,False,,False,,False,,False,,False,,False,,False,,True,1
M421,M421,,,LA GAMME ORIENTALE,ACTIF,,False,,False,,False,,False,,False,,False,,False,,False,,False,,False,,False,,False,,False,,True,1
M422,M422,,,LA GAMME ORIENTALE,ACTIF,,False,,False,,False,,False,,False,,False,,False,,False,,False,,False,,False,,False,,False,,True,1
M423,M423,,,LA GAMME ORIENTALE,ACTIF,,False,,False,,False,,False,,False,,False,,False,,False,,False,,False,,False,,False,,False,,True,X
1500,1500,,,LA GAMME ORIENTALE,ACTIF,,False,,False,,False,,False,,False,,False,,False,,False,,False,,False,,False,,False,,False,,True,1
1600,1600,,,LA GAMME ORIENTALE,ACTIF,,False,,False,,False,,False,,False,,False,,False,,False,,False,,False,,False,,False,,False,,True,1
1700,1700,,,LA GAMME ORIENTALE,ACTIF,,False,,False,,False,,False,,False,,False,,False,,False,,False,,False,,False,,False,,False,,True,1
1800,1800,,,LA GAMME ORIENTALE,ACTIF,,False,,False,,False,,False,,False,,False,,False,,False,,False,,False,,False,,False,,False,,True,1
1900,1900,,,LA GAMME ORIENTALE,ACTIF,,False,,False,,False,,False,,False,,False,,False,,False,,False,,False,,False,,False,,False,,True,1
201,201,,,LA GAMME ORIENTALE,ACTIF,,False,,False,,False,,False,,False,,False,,False,,False,,False,,False,,False,,False,,False,,True,1
B700,B700,,,LA GAMME ORIENTALE,ACTIF,,False,,False,,False,,False,,False,,False,,False,,False,,False,,False,,False,,False,,False,,True,1
B701,B701,,,LA GAMME ORIENTALE,ACTIF,,False,,False,,False,,False,,False,,False,,False,,False,,False,,False,,False,,False,,False,,True,1
B702,B702,,,LA GAMME ORIENTALE,ACTIF,,False,,False,,False,,False,,False,,False,,False,,False,,False,,False,,False,,False,,False,,True,1
B703,B703,,,LA GAMME ORIENTALE,ACTIF,,False,,False,,False,,False,,False,,False,,False,,False,,False,,False,,False,,False,,False,,True,1
9001,9001,,,LES SOUBASSEMENTS DECAISSES,ACTIF,,False,,True,1,False,,False,,True,1,True,1,True,1,False,,False,,False,,True,1,False,,True,1,True,1
9001.63,9001-63,,,LES SOUBASSEMENTS DECAISSES,ACTIF,,False,,False,,False,,False,,False,,False,,False,,False,,False,,False,,False,,False,,False,,True,1
9001.73,9001-73,,,LES SOUBASSEMENTS DECAISSES,ACTIF,,False,,False,,False,,False,,False,,False,,False,,False,,False,,False,,False,,False,,False,,True,1
9001.83,9001-83,,,LES SOUBASSEMENTS DECAISSES,ACTIF,,False,,False,,False,,False,,False,,False,,False,,False,,False,,False,,False,,False,,False,,True,1
9002,9002,,,LES SOUBASSEMENTS DECAISSES,ACTIF,,False,,True,1,False,,False,,True,1,True,1,True,1,False,,False,,False,,True,1,False,,True,1,True,1
9002.63,9002-63,,,LES SOUBASSEMENTS DECAISSES,ACTIF,,False,,False,,False,,False,,False,,False,,False,,False,,False,,False,,False,,False,,False,,True,1
9002.73,9002-73,,,LES SOUBASSEMENTS DECAISSES,ACTIF,,False,,False,,False,,False,,False,,False,,False,,False,,False,,False,,False,,False,,False,,True,1
9002.83,9002-83,,,LES SOUBASSEMENTS DECAISSES,ACTIF,,False,,False,,False,,False,,False,,False,,False,,False,,False,,False,,False,,False,,False,,True,1
9003,9003,,,LES SOUBASSEMENTS DECAISSES,ACTIF,,False,,True,1,False,,False,,True,1,True,1,True,1,False,,False,,False,,True,1,False,,True,1,True,1
9003.63,9003-63,,,LES SOUBASSEMENTS DECAISSES,ACTIF,,False,,False,,False,,False,,False,,False,,False,,False,,False,,False,,False,,False,,False,,True,1
9003.73,9003-73,,,LES SOUBASSEMENTS DECAISSES,ACTIF,,False,,False,,False,,False,,False,,False,,False,,False,,False,,False,,False,,False,,False,,True,1
9003.83,9003-83,,,LES SOUBASSEMENTS DECAISSES,ACTIF,,False,,False,,False,,False,,False,,False,,False,,False,,False,,False,,False,,False,,False,,True,1
9011,9011,,,LES SOUBASSEMENTS DECAISSES,ACTIF,,False,,True,1,False,,False,,True,1,True,1,True,1,False,,False,,False,,True,1,False,,True,1,True,1
9012,9012,,,LES SOUBASSEMENTS DECAISSES,ACTIF,,False,,True,1,False,,False,,True,1,True,1,True,1,False,,False,,False,,True,1,False,,True,1,True,1
9013,9013,,,LES SOUBASSEMENTS DECAISSES,ACTIF,,False,,True,1,False,,False,,True,1,True,1,True,1,False,,False,,False,,True,1,False,,True,1,True,1
9020,9020,,,LES SOUBASSEMENTS DECAISSES,ACTIF,,False,,False,,False,,False,,False,,False,,False,,False,,False,,False,,False,,False,,False,,True,1
9021,9021,,,LES SOUBASSEMENTS DECAISSES,ACTIF,,False,,False,,False,,False,,False,,True,1,True,1,False,,False,,False,,True,1,False,,False,,True,1
9025,9025,,,LES SOUBASSEMENTS DECAISSES,ACTIF,,False,,False,,False,,False,,False,,False,,False,,False,,False,,False,,False,,False,,False,,True,1
9031,9031,,,LES SOUBASSEMENTS DECAISSES,ACTIF,,False,,False,,False,,False,,False,,False,,False,,False,,False,,False,,False,,False,,False,,True,1
9032,9032,,,LES SOUBASSEMENTS DECAISSES,ACTIF,,False,,False,,False,,False,,False,,False,,False,,False,,False,,False,,False,,False,,False,,True,1
9033,9033,,,LES SOUBASSEMENTS DECAISSES,ACTIF,,False,,False,,False,,False,,False,,False,,False,,False,,False,,False,,False,,False,,False,,True,1
9041,9041,,,LES SOUBASSEMENTS DECAISSES,ACTIF,,True,1,True,1,False,,False,,True,1,True,1,True,1,False,,False,,False,,False,,False,,False,,True,1
9043,9043,,,LES SOUBASSEMENTS DECAISSES,ACTIF,,True,1,True,1,False,,False,,True,1,True,1,True,1,False,,False,,False,,True,1,False,,False,,True,1
9044,9044,,,LES SOUBASSEMENTS DECAISSES,ACTIF,,True,1,True,1,False,,False,,True,1,True,1,True,1,False,,False,,False,,True,1,False,,False,,True,1
9045,9045,,,LES SOUBASSEMENTS DECAISSES,ACTIF,,True,1,True,1,False,,False,,True,1,True,1,True,1,False,,False,,False,,True,1,False,,False,,True,1
9201,9201,,,LES SOUBASSEMENTS DECAISSES,ACTIF,,True,1,True,1,False,,False,,True,1,False,,False,,False,,True,1,True,1,False,,False,,False,,True,1
9202,9202,,,LES SOUBASSEMENTS DECAISSES,ACTIF,,True,1,False,,False,,False,,True,1,False,,False,,False,,True,1,True,1,False,,False,,False,,True,1
9203,9203,,,LES SOUBASSEMENTS DECAISSES,ACTIF,,True,1,False,,False,,False,,True,1,False,,False,,False,,True,1,True,1,False,,False,,False,,True,1
9204,9204,,,LES SOUBASSEMENTS DECAISSES,ACTIF,,True,1,False,,False,,False,,True,1,False,,False,,False,,True,1,True,1,False,,False,,False,,True,1
9205,9205,,,LES SOUBASSEMENTS DECAISSES,ACTIF,,True,1,False,,False,,False,,True,1,False,,False,,False,,True,1,True,1,False,,False,,False,,True,1
9206,9206,,,LES SOUBASSEMENTS DECAISSES,ACTIF,,True,1,False,,False,,False,,True,1,False,,False,,False,,True,1,True,1,False,,False,,False,,True,1
9211,9211,,,LES SOUBASSEMENTS DECAISSES,ACTIF,,True,1,False,,False,,False,,True,1,True,1,True,1,False,,True,1,True,1,True,1,False,,False,,True,1
9212,9212,,,LES SOUBASSEMENTS DECAISSES,ACTIF,,True,1,False,,False,,False,,True,1,True,1,True,1,False,,True,1,True,1,True,1,False,,False,,True,1
9213,9213,,,LES SOUBASSEMENTS DECAISSES,ACTIF,,True,1,False,,False,,False,,True,1,True,1,True,1,False,,True,1,True,1,True,1,False,,False,,True,1
9214,9214,,,LES SOUBASSEMENTS DECAISSES,ACTIF,,True,1,False,,False,,False,,True,1,True,1,True,1,False,,True,1,True,1,True,1,False,,False,,True,1
9215,9215,,,LES SOUBASSEMENTS DECAISSES,ACTIF,,True,1,False,,False,,False,,True,1,True,1,True,1,False,,True,1,True,1,True,1,False,,False,,True,1
9216,9216,,,LES SOUBASSEMENTS DECAISSES,ACTIF,,True,1,False,,False,,False,,True,1,True,1,True,1,False,,True,1,True,1,True,1,False,,False,,True,1
9221,9221,,,LES SOUBASSEMENTS DECAISSES,ACTIF,,False,,False,,False,,False,,False,,True,1,True,1,False,,True,1,False,,False,,False,,False,,True,1
9222,9222,,,LES SOUBASSEMENTS DECAISSES,ACTIF,,False,,False,,False,,False,,False,,True,1,True,1,False,,True,1,False,,True,1,False,,False,,True,1
9223,9223,,,LES SOUBASSEMENTS DECAISSES,ACTIF,,False,,False,,False,,False,,False,,True,1,True,1,False,,True,1,False,,True,1,False,,False,,True,1
9224,9224,,,LES SOUBASSEMENTS DECAISSES,ACTIF,,False,,False,,False,,False,,False,,True,1,True,1,False,,True,1,False,,True,1,False,,False,,True,1
9225,9225,,,LES SOUBASSEMENTS DECAISSES,ACTIF,,False,,False,,False,,False,,False,,True,1,True,1,False,,True,1,False,,True,1,False,,False,,True,1
9226,9226,,,LES SOUBASSEMENTS DECAISSES,ACTIF,,False,,False,,False,,False,,False,,True,1,True,1,False,,True,1,False,,False,,False,,False,,True,1
9227,9227,,,LES SOUBASSEMENTS DECAISSES,ACTIF,,False,,False,,False,,False,,False,,True,1,True,1,False,,True,1,False,,False,,False,,False,,True,X
9228,9228,,,LES SOUBASSEMENTS DECAISSES,ACTIF,,False,,False,,False,,False,,False,,True,1,True,1,False,,True,1,False,,False,,False,,False,,True,X
9280,9280,intercalaire ,,LES SOUBASSEMENTS DECAISSES,ACTIF,,False,,False,,False,,False,,False,,False,,False,,False,,False,,False,,False,,False,,False,,False,
1101C,1101C,cimaise,,LES CIMAISES,ACTIF,,False,,True,1,False,,False,,True,1,True,1,True,1,True,1,False,,False,,True,1,False,,True,1,True,1
1103C,1103C,cimaise,,LES CIMAISES,ACTIF,,False,,True,1,False,,False,,True,1,True,1,True,1,True,1,False,,False,,True,1,False,,True,1,True,1
1140C,1140C,cimaise,,LES CIMAISES,ACTIF,,True,1,True,1,False,,False,,True,1,False,,False,,False,,True,1,True,1,False,,False,,True,1,True,1
1141C,1141C,cimaise,,LES CIMAISES,ACTIF,,True,1,True,1,False,,False,,True,1,False,,False,,False,,True,1,True,1,False,,False,,True,1,True,1
1145C,1145C,cimaise,,LES CIMAISES,ACTIF,,True,1,True,1,False,,False,,True,1,False,,False,,False,,True,1,False,,True,1,False,,True,1,True,1
9315C,9315C,cimaise,,LES CIMAISES,ACTIF,,False,,True,1,False,,False,,True,1,True,1,True,1,True,1,True,1,False,,True,1,False,,True,1,True,1
SDC1,SDC1,cimaise,,LES CIMAISES,ACTIF,,True,1,True,1,False,,False,,True,1,True,1,True,1,False,,True,1,True,1,False,,False,,True,1,True,1
SDC2,SDC2,cimaise,,LES CIMAISES,ACTIF,,True,1,True,1,False,,False,,True,1,True,1,True,1,False,,True,1,True,1,False,,False,,True,1,True,1
9301,9301,,,PLATE BANDES MURALES et STYLOBATES,ACTIF,,False,,False,,False,,False,,False,,False,,False,,False,,False,,False,,False,,False,,False,,True,1
9302,9302,,,PLATE BANDES MURALES et STYLOBATES,ACTIF,,False,,True,1,False,,False,,True,1,False,,False,,False,,True,1,False,,False,,False,,True,1,True,1
9303,9303,,,PLATE BANDES MURALES et STYLOBATES,ACTIF,,False,,False,,False,,False,,False,,False,,False,,False,,False,,False,,False,,False,,False,,True,1
9304,9304,,,PLATE BANDES MURALES et STYLOBATES,ACTIF,,False,,True,1,False,,False,,True,1,False,,False,,False,,False,,True,1,False,,False,,True,1,True,1
9310,9310,,,PLATE BANDES MURALES et STYLOBATES,ACTIF,,False,,False,,False,,False,,False,,False,,False,,False,,False,,False,,False,,False,,False,,True,1
9311,9311,,,PLATE BANDES MURALES et STYLOBATES,ACTIF,,False,,False,,False,,False,,False,,False,,False,,False,,False,,False,,False,,False,,False,,True,1
9312,9312,,,PLATE BANDES MURALES et STYLOBATES,ACTIF,,False,,False,,False,,False,,False,,False,,False,,False,,False,,False,,False,,False,,False,,True,1
9315.23,9315-23,,,PLATE BANDES MURALES et STYLOBATES,ACTIF,,False,,False,,False,,False,,False,,False,,False,,False,,False,,False,,False,,False,,False,,True,1
9315.30,9315-30,,,PLATE BANDES MURALES et STYLOBATES,ACTIF,,False,,False,,False,,False,,False,,False,,False,,False,,False,,False,,False,,False,,False,,True,1
9280,9280,,,PLATE BANDES MURALES et STYLOBATES,ACTIF,,False,,False,,False,,False,,False,,False,,False,,False,,False,,False,,False,,False,,False,,True,1
9401,9401,,,PLATE BANDES MURALES et STYLOBATES,ACTIF,,False,,False,,False,,False,,False,,False,,False,,False,,False,,False,,False,,False,,False,,True,1
9402,9402,,,PLATE BANDES MURALES et STYLOBATES,ACTIF,,False,,False,,False,,False,,False,,False,,False,,False,,False,,False,,False,,False,,False,,True,1
9403,9403,,,PLATE BANDES MURALES et STYLOBATES,ACTIF,,False,,False,,False,,False,,False,,False,,False,,False,,False,,False,,False,,False,,False,,True,1
9411,9411,,,PLATE BANDES MURALES et STYLOBATES,ACTIF,,False,,False,,False,,False,,False,,False,,False,,False,,False,,False,,False,,False,,False,,True,1
9412,9412,,,PLATE BANDES MURALES et STYLOBATES,ACTIF,,False,,False,,False,,False,,False,,False,,False,,False,,False,,False,,False,,False,,False,,True,1
9413,9413,,,PLATE BANDES MURALES et STYLOBATES,ACTIF,,False,,False,,False,,False,,False,,False,,False,,False,,False,,False,,False,,False,,False,,True,1
9450,9450,,,PLATE BANDES MURALES et STYLOBATES,ACTIF,,False,,False,,False,,False,,False,,False,,False,,False,,False,,False,,False,,False,,False,,True,1
9451,9451,,,PLATE BANDES MURALES et STYLOBATES,ACTIF,,False,,False,,False,,False,,False,,False,,False,,False,,False,,False,,False,,False,,False,,True,1
9460,9460,,,PLATE BANDES MURALES et STYLOBATES,ACTIF,,False,,False,,False,,False,,False,,False,,False,,False,,False,,False,,False,,False,,False,,True,1
9461,9461,,,PLATE BANDES MURALES et STYLOBATES,ACTIF,,False,,False,,False,,False,,False,,False,,False,,False,,False,,False,,False,,False,,False,,True,1
TAL12,TAL12,,,LES COUVRE-JOINTS et TALONS,ACTIF,,False,,False,,False,,False,,False,,False,,False,,False,,False,,False,,False,,False,,False,,True,1
TAL12RES,TAL12RES,,,LES COUVRE-JOINTS et TALONS,ACTIF,,False,,True,1,False,,False,,True,1,False,,False,,False,,False,,True,1,False,,False,,True,1,True,X
TAL1343,TAL1343,,,LES COUVRE-JOINTS et TALONS,ACTIF,,False,,True,1,False,,False,,True,1,False,,False,,False,,False,,False,,False,,False,,True,1,True,X
TAL14,TAL14,,,LES COUVRE-JOINTS et TALONS,ACTIF,,False,,False,,False,,False,,False,,False,,False,,False,,False,,False,,False,,False,,False,,True,1
TAL17,TAL17,,,LES COUVRE-JOINTS et TALONS,ACTIF,,False,,False,,False,,False,,False,,False,,False,,False,,False,,False,,False,,False,,False,,True,1
TAL20,TAL20,,,LES COUVRE-JOINTS et TALONS,ACTIF,,False,,True,1,False,,False,,True,1,True,1,True,1,False,,False,,False,,False,,False,,True,1,True,X
TAL26,TAL26,,,LES COUVRE-JOINTS et TALONS,ACTIF,,False,,True,1,False,,False,,True,1,True,1,True,1,False,,False,,True,1,False,,False,,True,1,True,X
TAL41,TAL41,,,LES COUVRE-JOINTS et TALONS,ACTIF,,False,,True,1,False,,False,,True,1,True,1,True,1,False,,False,,True,1,False,,False,,True,1,True,X
TAL44,TAL44,,,LES COUVRE-JOINTS et TALONS,ACTIF,,True,1,True,1,False,,False,,True,1,False,,False,,False,,False,,False,,False,,False,,True,1,True,X
901.63,901-63,,,LES HABILLAGES de PORTES,ACTIF,,False,,False,,False,,False,,False,,False,,False,,False,,False,,False,,False,,False,,False,,True,1
901.73,901-73,,,LES HABILLAGES de PORTES,ACTIF,,False,,False,,False,,False,,False,,False,,False,,False,,False,,False,,False,,False,,False,,True,1
901.83,901-83,,,LES HABILLAGES de PORTES,ACTIF,,False,,False,,False,,False,,False,,False,,False,,False,,False,,False,,False,,False,,False,,True,1
902.63,902-63,,,LES HABILLAGES de PORTES,ACTIF,,False,,False,,False,,False,,False,,False,,False,,False,,False,,False,,False,,False,,False,,True,1
902.73,902-73,,,LES HABILLAGES de PORTES,ACTIF,,False,,False,,False,,False,,False,,False,,False,,False,,False,,False,,False,,False,,False,,True,1
902.83,902-83,,,LES HABILLAGES de PORTES,ACTIF,,False,,False,,False,,False,,False,,False,,False,,False,,False,,False,,False,,False,,False,,True,1
903.63,903-63,,,LES HABILLAGES de PORTES,ACTIF,,False,,False,,False,,False,,False,,False,,False,,False,,False,,False,,False,,False,,False,,True,1
903.73,903-73,,,LES HABILLAGES de PORTES,ACTIF,,False,,False,,False,,False,,False,,False,,False,,False,,False,,False,,False,,False,,False,,True,1
903.83,903-83,,,LES HABILLAGES de PORTES,ACTIF,,False,,False,,False,,False,,False,,False,,False,,False,,False,,False,,False,,False,,False,,True,1
911.63,911-63,,,LES HABILLAGES de PORTES,ACTIF,,False,,False,,False,,False,,False,,False,,False,,False,,False,,False,,False,,False,,False,,True,1
911.73,911-73,,,LES HABILLAGES de PORTES,ACTIF,,False,,False,,False,,False,,False,,False,,False,,False,,False,,False,,False,,False,,False,,True,1
911.83,911-83,,,LES HABILLAGES de PORTES,ACTIF,,False,,False,,False,,False,,False,,False,,False,,False,,False,,False,,False,,False,,False,,True,1
912.63,912-63,,,LES HABILLAGES de PORTES,ACTIF,,False,,False,,False,,False,,False,,False,,False,,False,,False,,False,,False,,False,,False,,True,1
912.73,912-73,,,LES HABILLAGES de PORTES,ACTIF,,False,,False,,False,,False,,False,,False,,False,,False,,False,,False,,False,,False,,False,,True,1
912.83,912-83,,,LES HABILLAGES de PORTES,ACTIF,,False,,False,,False,,False,,False,,False,,False,,False,,False,,False,,False,,False,,False,,True,1
913.63,913-63,,,LES HABILLAGES de PORTES,ACTIF,,False,,False,,False,,False,,False,,False,,False,,False,,False,,False,,False,,False,,False,,True,1
913.73,913-73,,,LES HABILLAGES de PORTES,ACTIF,,False,,False,,False,,False,,False,,False,,False,,False,,False,,False,,False,,False,,False,,True,1
913.83,913-83,,,LES HABILLAGES de PORTES,ACTIF,,False,,False,,False,,False,,False,,False,,False,,False,,False,,False,,False,,False,,False,,True,1
921.63,921-63,,,LES HABILLAGES de PORTES,ACTIF,,False,,False,,False,,False,,False,,False,,False,,False,,False,,False,,False,,False,,False,,True,1
921.73,921-73,,,LES HABILLAGES de PORTES,ACTIF,,False,,False,,False,,False,,False,,False,,False,,False,,False,,False,,False,,False,,False,,True,1
921.83,921-83,,,LES HABILLAGES de PORTES,ACTIF,,False,,False,,False,,False,,False,,False,,False,,False,,False,,False,,False,,False,,False,,True,1
922.63,922-63,,,LES HABILLAGES de PORTES,ACTIF,,False,,False,,False,,False,,False,,False,,False,,False,,False,,False,,False,,False,,False,,True,1
922.73,922-73,,,LES HABILLAGES de PORTES,ACTIF,,False,,False,,False,,False,,False,,False,,False,,False,,False,,False,,False,,False,,False,,True,1
922.83,922-83,,,LES HABILLAGES de PORTES,ACTIF,,False,,False,,False,,False,,False,,False,,False,,False,,False,,False,,False,,False,,False,,True,1
930.63,930-63,,,LES HABILLAGES de PORTES,ACTIF,,False,,False,,False,,False,,False,,False,,False,,False,,False,,False,,False,,False,,False,,True,1
930.73,930-73,,,LES HABILLAGES de PORTES,ACTIF,,False,,False,,False,,False,,False,,False,,False,,False,,False,,False,,False,,False,,False,,True,1
930.83,930-83,,,LES HABILLAGES de PORTES,ACTIF,,False,,False,,False,,False,,False,,False,,False,,False,,False,,False,,False,,False,,False,,True,1
932.63,932-63,,,LES HABILLAGES de PORTES,ACTIF,,False,,False,,False,,False,,False,,False,,False,,False,,False,,False,,False,,False,,False,,True,1
932.73,932-73,,,LES HABILLAGES de PORTES,ACTIF,,False,,False,,False,,False,,False,,False,,False,,False,,False,,False,,False,,False,,False,,True,1
932.83,932-83,,,LES HABILLAGES de PORTES,ACTIF,,False,,False,,False,,False,,False,,False,,False,,False,,False,,False,,False,,False,,False,,True,1
933.63,933-63,,,LES HABILLAGES de PORTES,ACTIF,,False,,False,,False,,False,,False,,False,,False,,False,,False,,False,,False,,False,,False,,True,1
933.73,933-73,,,LES HABILLAGES de PORTES,ACTIF,,False,,False,,False,,False,,False,,False,,False,,False,,False,,False,,False,,False,,False,,True,1
933.83,933-83,,,LES HABILLAGES de PORTES,ACTIF,,False,,False,,False,,False,,False,,False,,False,,False,,False,,False,,False,,False,,False,,True,1
940.63,940-63,,,LES HABILLAGES de PORTES,ACTIF,,False,,False,,False,,False,,False,,False,,False,,False,,False,,False,,False,,False,,False,,True,1
940.73,940-73,,,LES HABILLAGES de PORTES,ACTIF,,False,,False,,False,,False,,False,,False,,False,,False,,False,,False,,False,,False,,False,,True,1
940.83,940-83,,,LES HABILLAGES de PORTES,ACTIF,,False,,False,,False,,False,,False,,False,,False,,False,,False,,False,,False,,False,,False,,True,1
942.63,942-63,,,LES HABILLAGES de PORTES,ACTIF,,False,,False,,False,,False,,False,,False,,False,,False,,False,,False,,False,,False,,False,,True,1
942.73,942-73,,,LES HABILLAGES de PORTES,ACTIF,,False,,False,,False,,False,,False,,False,,False,,False,,False,,False,,False,,False,,False,,True,1
942.83,942-83,,,LES HABILLAGES de PORTES,ACTIF,,False,,False,,False,,False,,False,,False,,False,,False,,False,,False,,False,,False,,False,,True,1
943.63,943-63,,,LES HABILLAGES de PORTES,ACTIF,,False,,False,,False,,False,,False,,False,,False,,False,,False,,False,,False,,False,,False,,True,1
943.73,943-73,,,LES HABILLAGES de PORTES,ACTIF,,False,,False,,False,,False,,False,,False,,False,,False,,False,,False,,False,,False,,False,,True,1
943.83,943-83,,,LES HABILLAGES de PORTES,ACTIF,,False,,False,,False,,False,,False,,False,,False,,False,,False,,False,,False,,False,,False,,True,1
950.63,950-63,,,LES HABILLAGES de PORTES,ACTIF,,False,,False,,False,,False,,False,,False,,False,,False,,False,,False,,False,,False,,False,,True,1
950.73,950-73,,,LES HABILLAGES de PORTES,ACTIF,,False,,False,,False,,False,,False,,False,,False,,False,,False,,False,,False,,False,,False,,True,1
950.83,950-83,,,LES HABILLAGES de PORTES,ACTIF,,False,,False,,False,,False,,False,,False,,False,,False,,False,,False,,False,,False,,False,,True,1
952.63,952-63,,,LES HABILLAGES de PORTES,ACTIF,,False,,False,,False,,False,,False,,False,,False,,False,,False,,False,,False,,False,,False,,True,1
952.73,952-73,,,LES HABILLAGES de PORTES,ACTIF,,False,,False,,False,,False,,False,,False,,False,,False,,False,,False,,False,,False,,False,,True,1
952.83,952-83,,,LES HABILLAGES de PORTES,ACTIF,,False,,False,,False,,False,,False,,False,,False,,False,,False,,False,,False,,False,,False,,True,1
960.00,960-00,habillage de porte 3 rectangles ,,LES HABILLAGES de PORTES,ACTIF,,True,1,True,1,False,,False,,True,1,False,,False,,False,,False,,False,,False,,False,,True,1,True,1
970.00,970-00,habillage de porte 4 ronds,,LES HABILLAGES de PORTES,ACTIF,,True,1,True,1,False,,False,,True,1,False,,False,,False,,False,,False,,False,,False,,True,1,True,1
C10,C10,,,LES CONSOLES,ACTIF,,False,,False,,False,,False,,False,,False,,False,,False,,False,,False,,False,,False,,False,,True,1
C15,C15,,,LES CONSOLES,ACTIF,,False,,False,,False,,False,,False,,False,,False,,False,,False,,False,,False,,False,,False,,True,1
C20,C20,,,LES CONSOLES,ACTIF,,False,,False,,False,,False,,False,,False,,False,,False,,False, ,False,,False,,False,,False,,True,1
C25,C25,,,LES CONSOLES,ACTIF,,False,,False,,False,,False,,False,,False,,False,,False,,False,,False,,False,,False,,False,,True,1
C30,C30,,,LES CONSOLES,ACTIF,,False,,False,,False,,False,,False,,False,,False,,False,,False,,False,,False,,False,,False,,True,1
C35,C35,,,LES CONSOLES,ACTIF,,False,,False,,False,,False,,False,,False,,False,,False,,False,,False,,False,,False,,False,,True,1
C40,C40,,,LES CONSOLES,ACTIF,,False,,False,,False,,False,,False,,False,,False,,False,,False,,False,,False,,False,,False,,True,1
C45,C45,,,LES CONSOLES,ACTIF,,False,,False,,False,,False,,False,,False,,False,,False,,False,,False,,False,,False,,False,,True,1
C50,C50,,,LES CONSOLES,ACTIF,,False,,False,,False,,False,,False,,False,,False,,False,,False,,False,,False,,False,,False,,True,1
C55,C55,,,LES CONSOLES,ACTIF,,False,,False,,False,,False,,False,,False,,False,,False,,False,,False,,False,,False,,False,,True,1
PLIP1012,PLIP1012,,,PLINTHES,ACTIF,,False,,True,1,False,,False,,False,,False,,False,,False,,False,,False,,True,1,False,,True,1,True,1
PLIP1017,PLIP1017,,,PLINTHES,ACTIF,,False,,True,1,False,,False,,False,,False,,False,,False,,False,,False,,True,1,False,,True,1,True,1
PLIP1019,PLIP1019,,,PLINTHES,ACTIF,,False,,True,1,False,,False,,False,,False,,False,,False,,False,,False,,True,1,False,,True,1,True,1
PLIP1024,PLIP1024,,,PLINTHES,ACTIF,,False,,True,1,False,,False,,False,,False,,False,,False,,False,,False,,True,1,False,,True,1,True,1
PLIP1032,PLIP1032,,,PLINTHES,ACTIF,,False,,True,1,False,,False,,False,,False,,False,,False,,False,,False,,True,1,False,,True,1,True,1
PLIP1212,PLIP1212,,,PLINTHES,ACTIF,,False,,True,1,False,,False,,False,,False,,False,,False,,False,,False,,True,1,False,,True,1,True,1
PLIP1217,PLIP1217,,,PLINTHES,ACTIF,,False,,True,1,False,,False,,False,,False,,False,,False,,False,,False,,True,1,False,,True,1,True,1
PLIP1219,PLIP1219,,,PLINTHES,ACTIF,,False,,True,1,False,,False,,False,,False,,False,,False,,False,,False,,True,1,False,,True,1,True,1
PLIP1224,PLIP1224,,,PLINTHES,ACTIF,,False,,True,1,False,,False,,False,,False,,False,,False,,False,,False,,True,1,False,,True,1,True,1
PLIP1232,PLIP1232,,,PLINTHES,ACTIF,,False,,True,1,False,,False,,False,,False,,False,,False,,False,,False,,True,1,False,,True,1,True,1
PLIN08,PLIN08,,,PLINTHES,ACTIF,,True,1,True,1,False,,False,,True,1,True,1,True,1,False,,True,1,True,1,True,1,False,,True,1,True,1
PLIN08M,PLIN08M,,,PLINTHES,ACTIF,,True,1,True,1,False,,False,,True,1,True,1,True,1,False,,True,1,True,1,True,1,False,,True,1,True,1
PLIN08M.PC,PLIN08M-PC,,,PLINTHES,ACTIF,,False,,True,1,False,,False,,True,1,True,1,True,1,False,,False,,False,,True,1,False,,True,1,True,1
PLIN08M.PCA,PLIN08M-PCA,,,PLINTHES,ACTIF,,False,,True,1,False,,False,,True,1,True,1,True,1,False,,False,,False,,True,1,False,,True,1,True,1
PLIN10,PLIN10,,,PLINTHES,ACTIF,,True,1,True,1,False,,False,,True,1,True,1,True,1,False,,True,1,True,1,True,1,False,,True,1,True,1
PLIN10A,PLIN10A,,,PLINTHES,ACTIF,,False,,True,1,False,,False,,True,1,True,1,False,,False,,False,,False,,True,1,False,,True,1,True,1
PLIN10M,PLIN10M,,,PLINTHES,ACTIF,,True,1,True,1,False,,False,,True,1,True,1,True,1,False,,True,1,True,1,True,1,False,,True,1,True,1
PLIN10MA,PLIN10MA,,,PLINTHES,ACTIF,,False,,True,1,False,,False,,True,1,False,,False,,False,,False,,False,,True,1,False,,True,1,True,1
PLIN10M.SP,PLIN10M-SP,,,PLINTHES,ACTIF,,False,,True,1,False,,False,,True,1,True,1,True,1,False,,False,,False,,True,1,False,,True,1,True,1
PLIN10M.SPA,PLIN10M-SPA,,,PLINTHES,ACTIF,,False,,True,1,False,,False,,True,1,True,1,True,1,False,,False,,False,,True,1,False,,True,1,True,1
PLINT10.PC,PLINT10-PC,,,PLINTHES,ACTIF,,False,,True,1,False,,False,,True,1,True,1,True,1,False,,False,,False,,True,1,False,,True,1,True,1
PLINT10.PCA,PLINT10-PCA,,,PLINTHES,ACTIF,,False,,True,1,False,,False,,True,1,True,1,True,1,False,,False,,False,,True,1,False,,True,1,True,1
PLINT10.SP,PLINT10-SP,,,PLINTHES,ACTIF,,False,,True,1,False,,False,,True,1,True,1,True,1,False,,False,,False,,True,1,False,,True,1,True,1
PLINT10.SPA,PLINT10-SPA,,,PLINTHES,ACTIF,,False,,True,1,False,,False,,True,1,True,1,True,1,False,,False,,False,,False,,False,,True,1,True,1
PLINAR10.SP,PLINAR10-SP,,,PLINTHES,ACTIF,,False,,True,1,False,,False,,True,1,True,1,True,1,False,,False,,False,,False, ,False,,True,1,True,1
PLINAR10.SPA,PLINAR10-SPA,,,PLINTHES,ACTIF,,False,,True,1,False,,False,,True,1,True,1,True,1,False,,False,,False,,False,,False,,True,1,True,1
PLIN11.PC,PLIN11-PC,,,PLINTHES,ACTIF,,False,,True,1,False,,False,,True,1,True,1,True,1,False,,False,,False,,True,1,False,,True,1,True,1
PLIN11.PCA,PLIN11-PCA,,,PLINTHES,ACTIF,,False,,True,1,False,,False,,True,1,True,1,True,1,False,,False,,False,,False,,False,,True,1,True,1
PLIN11.SP,PLIN11-SP,,,PLINTHES,ACTIF,,False,,True,1,False,,False,,True,1,True,1,True,1,False,,False,,False,,False,,False,,True,1,True,1
PLIN11.SPA,PLIN11-SPA,,,PLINTHES,ACTIF,,False,,True,1,False,,False,,True,1,True,1,True,1,False,,False,,False,,False,,False,,True,1,True,1
PLIN12,PLIN12,,,PLINTHES,ACTIF,,True,1,True,1,False,,False,,True,1,True,1,True,1,False,,True,1,True,1,True,1,False,,True,1,True,1
PLIN12A,PLIN12A,,,PLINTHES,ACTIF,,False,,True,1,False,,False,,True,1,False,,False,,False,,False,,False,,True,1,False,,True,1,True,1
PLIN12LED,PLIN12LED,,,PLINTHES,ACTIF,,False,,True,1,False,,False,,True,1,True,1,True,1,False,,False,,False,,False,,False,,True,1,True,1
PLINLED12,PLINLED12,,,PLINTHES,ACTIF,,False,,True,1,False,,False,,True,1,True,1,True,1,False,,False,,False,,True,1,False,,True,1,True,1
PLINCL12.PC,PLINCL12-PC,,,PLINTHES,ACTIF,,False,,True,1,False,,False,,True,1,True,1,True,1,False,,False,,False,,True,1,False,,True,1,True,1
PLINCL12.PCA,PLINCL12-PCA,,,PLINTHES,ACTIF,,False,,True,1,False,,False,,True,1,True,1,True,1,False,,False,,False,,False,,False,,True,1,True,1
PLIN15,PLIN15,,,PLINTHES,ACTIF,,True,1,True,1,False,,False,,True,1,True,1,True,1,False,,True,1,True,1,True,1,False,,True,1,True,1
PLIN15A,PLIN15A,,,PLINTHES,ACTIF,,False,,True,1,False,,False,,True,1,False,,False,,False,,False,,False,,True,1,False,,True,1,True,1
PLIN20,PLIN20,,,PLINTHES,ACTIF,,True,1,True,1,False,,False,,True,1,True,1,True,1,False,,True,1,True,1,False,,False,,True,1,True,1
PLIN21,PLIN21,,,PLINTHES,ACTIF,,False,,True,1,False,,False,,True,1,False,,False,,False,,False,,False,,True,1,False,,True,1,True,1
PLIN25.PC.SP,PLIN25-PC-SP,,,PLINTHES,ACTIF,,False,,True,1,False,,False,,True,1,True,1,False,,False,,False,,True,1,False,,False,,True,1,True,1
PLIN25.R,PLIN25-R,,,PLINTHES,ACTIF,,False,,True,1,False,,False,,True,1,False,,False,,False,,False,,True,1,True,1,False,,True,1,True,1
PLIN25.S,PLIN25-S,,,PLINTHES,ACTIF,,False,,True,1,False,,False,,True,1,False,,False,,False,,False,,True,1,True,1,False,,True,1,True,1
PLIN38,PLIN38,,,PLINTHES,ACTIF,,False,,True,1,False,,False,,True,1,False,,False,,False,,False,,True,1,False,,False,,True,1,True,1
PLIN38.R,PLIN38-R,,,PLINTHES,ACTIF,,False,,True,1,False,,False,,True,1,False,,False,,False,,False,,False,,False,,False,,True,1,True,1
PLIN38.S,PLIN38-S,,,PLINTHES,ACTIF,,False,,True,1,False,,False,,True,1,False,,False,,False,,False,,False,,False,,False,,True,1,True,1
PLIN40.PC.SP,PLIN40-PC-SP,,,PLINTHES,ACTIF,,False,,True,1,False,,False,,True,1,True,1,False,,False,,False,,True,1,True,1,False,,True,1,True,1
PLIN40.R,PLIN40-R,,,PLINTHES,ACTIF,,False,,True,1,False,,False,,True,1,False,,False,,False,,False,,True,1,True,1,False,,True,1,True,1
PLIN40.S,PLIN40-S,,,PLINTHES,ACTIF,,False,,True,1,False,,False,,True,1,False,,False,,False,,False,,True,1,True,1,False,,True,1,True,1
50.LET1,50-LET1,,,COLLECTION GENERALE,ACTIF,,False,,False,,False,,False,,False,,False,,False,,False,,False,,False,,False,,False,,False,,True,1
50.LET2,50-LET2,,,COLLECTION GENERALE,ACTIF,,False,,False,,False,,False,,False,,False,,False,,False,,False,,False,,False,,False,,False,,True,1
50.LET3,50-LET3,,,COLLECTION GENERALE,ACTIF,,False,,False,,False,,False,,False,,False,,False,,False,,False,,False,,False,,False,,False,,True,1
3068,3068,,,COLLECTION GENERALE,ACTIF,,False,,True,1,False,,False,,True,1,False,,False,,False,,False,,False,,False,,False,,True,1,True,1
7035,7035,,,COLLECTION GENERALE,ACTIF,,True,1,False,,False,,False,,True,1,True,1,True,1,False,,True,1,True,1,False,,True,1,True,1,True,1
7036,7036,,,COLLECTION GENERALE,ACTIF,,True,1,False,,False,,False,,True,1,False,,True,1,False,,False,,True,1,False,,True,1,False,,True,1
7036U,7036U,,,COLLECTION GENERALE,ACTIF,,True,1,False,,False,,False,,True,1,False,,False,,False,,False,,True,1,False,,True,1,False,,True,1
7036PLIN,7036PLIN,,,COLLECTION GENERALE,ACTIF,,True,1,False,,False,,False,,True,1,False,,False,,False,,False,,True,1,False,,True,1,False,,True,1
7038,7038,,,COLLECTION GENERALE,ACTIF,,True,1,False,,False,,False,,True,1,False,,False,,False,,False,,False,,False,,False,,False,,True,1
7039Aet B,7039AETB,,,COLLECTION GENERALE,ACTIF,,True,1,False,,False,,True,1,True,1,True,1,True,1,False,,False,,False,,False,,False,,True,1,True,1
7040,7040,,,COLLECTION GENERALE,ACTIF,,True,1,True,1,False,,False,,True,1,True,1,True,1,False,,False,,False,,False,,False,,True,1,True,1
7041,7041,,,COLLECTION GENERALE,ACTIF,,True,1,True,1,False,,False,,True,1,False,,False,,False,,False,,False,,False,,False,,True,1,True,1
7048,7048,,,COLLECTION GENERALE,ACTIF,,False,,False,,False,,False,,False,,False,,False,,False,,False,,False,,False,,False,,False,,True,1
7049,7049,,,COLLECTION GENERALE,ACTIF,,False,,False,,False,,False,,False,,False,,False,,False,,False,,False,,False,,False,,False,,True,X
7051,7051,,,COLLECTION GENERALE,ACTIF,,True,1,True,1,False,,False,,True,1,False,,False,,False,,True,1,True,1,False,,True,1,True,1,True,1
7053,7053,,,COLLECTION GENERALE,ACTIF,,True,1,True,1,False,,False,,True,1,False,,False,,False,,True,1,True,1,False,,False,,True,1,True,1
7060,7060,,,COLLECTION GENERALE,ACTIF,,True,1,False,,False,,False,,True,1,False,,False,,False,,False,,False,,False,,False,,False,,True,1
7061,7061,,,COLLECTION GENERALE,ACTIF,,True,1,False,,False,,False,,True,1,False,,False,,False,,False,,False,,False,,False,,False,,True,1
7062,7062,,,COLLECTION GENERALE,ACTIF,,True,1,False,,False,,False,,True,1,False,,False,,False,,False,,False,,False,,False,,False,,True,1
7063,7063,,,COLLECTION GENERALE,ACTIF,,True,1,False,,False,,False,,True,1,False,,False,,False,,False,,False,,False,,False,,False,,True,1
7070,7070,,,COLLECTION GENERALE,ACTIF,,True,1,False,,False,,False,,True,1,True,1,True,1,False,,True,1,True,1,False,,True,1,True,1,True,1
7071,7071,,,COLLECTION GENERALE,ACTIF,,True,1,False,,False,,False,,True,1,False,,False,,False,,True,1,True,1,False,,True,1,False,,True,1
7072,7072,,,COLLECTION GENERALE,ACTIF,,True,1,False,,False,,False,,True,1,False,,False,,False,,False,,True,1,False,,True,1,False,,True,1
7073,7073,,,COLLECTION GENERALE,ACTIF,,True,1,False,,False,,False,,True,1,False,,False,,False,,True,1,True,1,False,,True,1,False,,True,1
7074,7074,,,COLLECTION GENERALE,ACTIF,,True,1,False,,False,,False,,True,1,True,1,True,1,False,,True,1,True,1,False,,True,1,False,,True,1
7075,7075,,,COLLECTION GENERALE,ACTIF,,True,1,False,,False,,False,,True,1,False,,False,,False,,True,1,True,1,False,,True,1,False,,True,1
7078,7078,,,COLLECTION GENERALE,ACTIF,,True,1,False,,False,,False,,True,1,False,,False,,False,,True,1,True,1,False,,True,1,False,,True,1
7079,7079,,,COLLECTION GENERALE,ACTIF,,False,,True,1,False,,False,,True,1,False,,False,,False,,False,,True,1,False,,False,,True,1,True,1
7080,7080,,,COLLECTION GENERALE,ACTIF,,True,1,False,,False,,False,,True,1,True,1,True,1,False,,False,,True,1,False,,False,,True,1,True,1
7091,7091,,,COLLECTION GENERALE,ACTIF,,True,1,True,1,False,,False,,True,1,False,,False,,False,,False,,False,,False,,False,,True,1,True,1
CL10,CL10,,291,LES PAREMENTS DE GRANDES DIMMENSIONS,ACTIF,verifier puis indiquer les raccordements possibles dans le catalogue,True,1,False,,False,,False,,True,1,False,,False,,False,,False,,False,,False,,False,,True,1,True,1
CL11,CL11,,291,LES PAREMENTS DE GRANDES DIMMENSIONS,ACTIF,,True,1,False,,False,,False,,True,1,False,,False,,False,,False,,False,,False,,False,,True,1,True,1
CL12,CL12,,291,LES PAREMENTS DE GRANDES DIMMENSIONS,ACTIF,,False,,True,1,False,,False,,True,1,True,1,True,1,False,,False,,True,1,True,1,True,1,True,1,True,1
CL1213A,CL1213A,,291,LES PAREMENTS DE GRANDES DIMMENSIONS,ACTIF,aucun,False,,True,1,False,,False,,True,1,True,1,True,1,False,,False,,False,,True,1,True,1,True,1,True,1
CL1213B,CL1213B,,291,LES PAREMENTS DE GRANDES DIMMENSIONS,ACTIF,aucun,False,,True,1,False,,False,,True,1,True,1,True,1,False,,False,,False,,True,1,True,1,True,1,True,1
CL1213C,CL1213C,,291,LES PAREMENTS DE GRANDES DIMMENSIONS,ACTIF,aucun,False,,True,1,False,,False,,True,1,True,1,True,1,False,,False,,False,,True,1,True,1,True,1,True,1
CL1213D,CL1213D,,291,LES PAREMENTS DE GRANDES DIMMENSIONS,ACTIF,aucun,False,,True,1,False,,False,,True,1,True,1,True,1,False,,False,,False,,True,1,True,1,True,1,True,1
CL13A et B,CL13AETB,,291,LES PAREMENTS DE GRANDES DIMMENSIONS,ACTIF,raccord A et B OK ,False,,True,1,False,,False,,True,1,True,1,True,1,False,,False,,True,1,False,,False,,True,1,True,1
CL1374,CL1374,,291,LES PAREMENTS DE GRANDES DIMMENSIONS,ACTIF,,True,1,False,,False,,False,,True,1,True,1,True,1,False,,False,,False,,False,,False,,True,1,True,1
CL30,CL30,Parement  Stratistaff   122 x 122 cm ,291,LES PAREMENTS DE GRANDES DIMMENSIONS,ACTIF,raccord OK 4 face ,True,1,True,1,False,,False,,True,1,False,,False,,False,,False,,True,1,False,,False,,True,1,True,1
CL31 A et B,CL31AETB,,291,LES PAREMENTS DE GRANDES DIMMENSIONS,ACTIF,raccord A et B OK ,True,1,True,1,True,1,False,,True,1,False,,False,,False,,True,1,True,1,False,,False,,True,1,True,1
CL32,CL32,,291,LES PAREMENTS DE GRANDES DIMMENSIONS,ACTIF,,True,1,False,,False,,False,,False,,False,,False,,False,,False,,False,,False,,False,,False,,True,1
CL33,CL33,,291,LES PAREMENTS DE GRANDES DIMMENSIONS,ACTIF,,True,1,False,,False,,False,,False,,False,,False,,False,,False,,False,,False,,False,,False,,True,1
CL34,CL34,,291,LES PAREMENTS DE GRANDES DIMMENSIONS,ACTIF,,True,1,False,,False,,False,,True,1,False,,True,1,False,,False,,False,,False,,False,,False,,True,1
CL35,CL35,,291,LES PAREMENTS DE GRANDES DIMMENSIONS,ACTIF,,True,1,False,,False,,False,,True,1,False,,False,,False,,False,,False,,False,,False,,False,,True,1
CL36,CL36,,291,LES PAREMENTS DE GRANDES DIMMENSIONS,ACTIF,,True,1,True,1,False,,False,,True,1,False,,False,,False,,False,,False,,False,,False,,False,,True,1
CL37,CL37,,291,LES PAREMENTS DE GRANDES DIMMENSIONS,ACTIF,,True,1,False,,False,,False,,True,1,False,,False,,False,,False,,False,,False,,False,,False,,True,1
CL38,CL38,,291,LES PAREMENTS DE GRANDES DIMMENSIONS,ACTIF,,True,1,False,,False,,False,,False,,False,,False,,False,,False,,False,,False,,False,,False,,True,1
CL39,CL39,Parement  Stratistaff   218. 9 x 125.2 cm ép 3 cm ,291,LES PAREMENTS DE GRANDES DIMMENSIONS,ACTIF,,False,,True,1,False,,False,,True,1,False,,False,,False,,False,,True,1,True,1,True,1,True,1,True,1
SD7042,SD7042,,,COLLECTION STAFF ET DESIGN,ACTIF,,True,1,True,1,False,,False,,True,1,False,,False,,False,,True,1,True,1,False,,True,1,False,,True,1
SD7043,SD7043,,,COLLECTION STAFF ET DESIGN,ACTIF,,True,1,True,1,False,,False,,True,1,False,,False,,False,,True,1,False,,False,,False,,False,,True,1
SD7044,SD7044,,,COLLECTION STAFF ET DESIGN,ACTIF,,True,1,True,1,False,,False,,True,1,False,,False,,False,,False,,False,,False,,False,,False,,True,1
SD7045,SD7045,,,COLLECTION STAFF ET DESIGN,ACTIF,,True,1,True,1,False,,False,,True,1,True,1,True,1,False,,True,1,False,,False,,False,,False,,True,1
SD7046,SD7046,,,COLLECTION STAFF ET DESIGN,ACTIF,,True,1,True,1,False,,False,,True,1,True,1,True,1,True,1,True,1,False,,False,,False,,False,,True,1
SD7047,SD7047,,,COLLECTION STAFF ET DESIGN,ACTIF,,True,1,True,1,False,,False,,True,1,True,1,False,,False,,True,1,True,1,False,,True,1,False,,True,1
SD7052,SD7052,,,COLLECTION STAFF ET DESIGN,ACTIF,1,True,1,True,1,False,,False,,True,1,False,,False,,False,,False,,False,,False,,False,,False,,True,1
SD7054,SD7054,,,COLLECTION STAFF ET DESIGN,ACTIF,,False,,True,1,False,,False,,True,1,True,1,False,,False,,False,,False,,False,,False,,False,,True,1
SD7055,SD7055,,,COLLECTION STAFF ET DESIGN,ACTIF,,False,,True,1,False,,False,,True,1,True,1,True,1,False,,False,,False,,False,,False,,False,,True,1
SD7056,SD7056,,,COLLECTION STAFF ET DESIGN,ACTIF,,False,,True,1,False,,False,,True,1,False,,False,,False,,False,,False,,False,,False,,False,,True,1
SD7057,SD7057,,,COLLECTION STAFF ET DESIGN,ACTIF,,True,1,False,,False,,False,,False,,False,,False,,False,,False,,False,,False,,False,,False,,True,1
SD7500,SD7500,,,COLLECTION STAFF ET DESIGN,ACTIF,,True,1,True,1,False,,False,,True,1,True,1,False,,False,,False,,False,,False,,True,1,False,,True,1
SD7501,SD7501,,,COLLECTION STAFF ET DESIGN,ACTIF,,True,1,True,1,False,,False,,True,1,True,1,False,,False,,False,,False,,False,,True,1,False,,True,1
SD7502,SD7502,,,COLLECTION STAFF ET DESIGN,ACTIF,,True,1,True,1,False,,False,,True,1,True,1,False,,False,,True,1,True,1,False,,True,1,False,,True,1
SD7503,SD7503,,,COLLECTION STAFF ET DESIGN,ACTIF,,True,1,False,,False,,False,,True,1,True,1,False,,False,,True,1,True,1,False,,True,1,False,,True,1
SD7504,SD7504,,,COLLECTION STAFF ET DESIGN,ACTIF,,True,1,False,,False,,False,,True,1,True,1,False,,False,,True,1,True,1,False,,False,,False,,True,1
20.01,20-01,,,"LES COLONNES, CHAPITEAUX et SOCLES",ACTIF,,False,,False,,False,,False,,False,,False,,False,,False,,False,,False,,False,,False,,False,,True,1
20.02,20-02,,,"LES COLONNES, CHAPITEAUX et SOCLES",ACTIF,,False,,False,,False,,False,,False,,False,,False,,False,,False,,False,,False,,False,,False,,True,1
20.03,20-03,,,"LES COLONNES, CHAPITEAUX et SOCLES",ACTIF,,False,,False,,False,,False,,False,,False,,False,,False,,False,,False,,False,,False,,False,,True,1
20.04,20-04,,,"LES COLONNES, CHAPITEAUX et SOCLES",ACTIF,,False,,False,,False,,False,,False,,False,,False,,False,,False,,False,,False,,False,,False,,True,1
20.05,20-05,,,"LES COLONNES, CHAPITEAUX et SOCLES",ACTIF,,False,,False,,False,,False,,False,,False,,False,,False,,False,,False,,False,,False,,False,,True,1
20.06,20-06,,,"LES COLONNES, CHAPITEAUX et SOCLES",ACTIF,,True,1,True,1,False,,False,,True,1,False,,False,,False,,True,1,True,1,False,,False,,False,,True,1
20.06B,20-06B,,,"LES COLONNES, CHAPITEAUX et SOCLES",ACTIF,,True,1,True,1,True,1,False,,True,1,False,,False,,False,,True,1,True,1,False,,False,,False,,True,1
20.06H,20-06H,,,"LES COLONNES, CHAPITEAUX et SOCLES",ACTIF,,True,1,True,1,True,1,False,,True,1,False,,False,,False,,True,1,True,1,False,,False,,False,,True,1
20.06S,20-06S,,,"LES COLONNES, CHAPITEAUX et SOCLES",ACTIF,,True,1,True,1,False,,False,,True,1,False,,False,,False,,True,1,True,1,False,,False,,False,,True,1
20.08,20-08,,,"LES COLONNES, CHAPITEAUX et SOCLES",ACTIF,,False,,False,,False,,False,,False,,False,,False,,False,,False,,True,1,False,,False,,False,,True,1
20.51,20-51,,,"LES COLONNES, CHAPITEAUX et SOCLES",ACTIF,,False,,False,,False,,False,,False,,False,,False,,False,,False,,False,,False,,False,,False,,True,1
20.52,20-52,,,"LES COLONNES, CHAPITEAUX et SOCLES",ACTIF,,False,,False,,False,,False,,False,,False,,False,,False,,False,,False,,False,,False,,False,,True,1
20.53,20-53,,,"LES COLONNES, CHAPITEAUX et SOCLES",ACTIF,,False,,False,,False,,False,,False,,False,,False,,False,,False,,False,,False,,False,,False,,True,1
20.54,20-54,,,"LES COLONNES, CHAPITEAUX et SOCLES",ACTIF,,False,,True,1,True,1,False,,False,,False,,False,,False,,False,,False,,False,,False,,False,,True,1
20.55,20-55,,,"LES COLONNES, CHAPITEAUX et SOCLES",ACTIF,,False,,False,,False,,False,,False,,False,,False,,False,,False,,False,,False,,False,,False,,True,1
20.56,20-56,,,"LES COLONNES, CHAPITEAUX et SOCLES",ACTIF,,True,1,True,1,False,,False,,True,1,False,,False,,False,,True,1,True,1,False,,False,,False,,True,1
20.56B,20-56B,,,"LES COLONNES, CHAPITEAUX et SOCLES",ACTIF,,True,1,True,1,False,,False,,True,1,False,,False,,False,,True,1,True,1,False,,False,,False,,True,1
20.56H,20-56H,,,"LES COLONNES, CHAPITEAUX et SOCLES",ACTIF,,True,1,True,1,False,,False,,True,1,False,,False,,False,,True,1,True,1,False,,False,,False,,True,1
20.56S,20-56S,,,"LES COLONNES, CHAPITEAUX et SOCLES",ACTIF,,True,1,True,1,True,1,False,,True,1,False,,False,,False,,True,1,True,1,False,,False,,False,,True,1
20.57,20-57,,,"LES COLONNES, CHAPITEAUX et SOCLES",ACTIF,,False,,False,,False,,False,,False,,False,,False,,False,,False,,False,,False,,False,,False,,True,1
20.57BD,20-57BD,,,"LES COLONNES, CHAPITEAUX et SOCLES",ACTIF,,False,,False,,False,,False,,False,,False,,False,,False,,False,,False,,False,,False,,False,,True,1
20.57BG,20-57BG,,,"LES COLONNES, CHAPITEAUX et SOCLES",ACTIF,,False,,False,,False,,False,,False,,False,,False,,False,,False,,False,,False,,False,,False,,True,1
20.57HG,20-57HG,,,"LES COLONNES, CHAPITEAUX et SOCLES",ACTIF,,False,,False,,False,,False,,False,,False,,False,,False,,False,,False,,False,,False,,False,,True,1
20.57HD,20-57HD,,,"LES COLONNES, CHAPITEAUX et SOCLES",ACTIF,,False,,False,,False,,False,,False,,False,,False,,False,,False,,False,,False,,False,,False,,True,1
20.57SD,20-57SD,,,"LES COLONNES, CHAPITEAUX et SOCLES",ACTIF,,False,,False,,False,,False,,False,,False,,False,,False,,False,,False,,False,,False,,False,,True,1
20.57SG,20-57SG,,,"LES COLONNES, CHAPITEAUX et SOCLES",ACTIF,,False,,False,,False,,False,,False,,False,,False,,False,,False,,False,,False,,False,,False,,True,1
20.58,20-58,,,"LES COLONNES, CHAPITEAUX et SOCLES",ACTIF,,False,,False,,False,,False,,False,,False,,False,,False,,True,1,False,,False,,False,,False,,True,1
20.59,20-59,,,"LES COLONNES, CHAPITEAUX et SOCLES",ACTIF,,False,,False,,False,,False,,False,,False,,False,,False,,False,,False,,False,,False,,False,,True,1
20.82,20-82,Colonne canellée avec socle et collerette ,,"LES COLONNES, CHAPITEAUX et SOCLES",ACTIF,,True,1,True,1,True,1,True,1,True,1,False,,False,,False,,False,,True,1,False,,False,,True,1,True,X
21.01,21-01,,,"LES COLONNES, CHAPITEAUX et SOCLES",ACTIF,,False,,False,,False,,False,,False,,False,,False,,False,,False,,False,,False,,False,,False,,True,1
21.02,21-02,,,"LES COLONNES, CHAPITEAUX et SOCLES",ACTIF,,False,,False,,False,,False,,False,,False,,False,,False,,False,,False,,False,,False,,False,,True,1
21.03,21-03,,,"LES COLONNES, CHAPITEAUX et SOCLES",ACTIF,,False,,False,,False,,False,,False,,False,,False,,False,,False,,False,,False,,False,,False,,True,1
21.03A,21-03A,,,"LES COLONNES, CHAPITEAUX et SOCLES",ACTIF,,False,,False,,False,,False,,False,,False,,False,,False,,False,,False,,False,,False,,False,,True,1
21.03B,21-03B,,,"LES COLONNES, CHAPITEAUX et SOCLES",ACTIF,,False,,False,,False,,False,,False,,False,,False,,False,,False,,False,,False,,False,,False,,True,1
21.04,21-04,,,"LES COLONNES, CHAPITEAUX et SOCLES",ACTIF,,False,,False,,False,,False,,False,,False,,False,,False,,False,,False,,False,,False,,False,,True,1
21.05,21-05,,,"LES COLONNES, CHAPITEAUX et SOCLES",ACTIF,,False,,False,,False,,False,,False,,False,,False,,False,,False,,False,,False,,False,,False,,True,1
21.06,21-06,,,"LES COLONNES, CHAPITEAUX et SOCLES",ACTIF,,False,,False,,False,,False,,False,,False,,False,,False,,False,,False,,False,,False,,False,,True,1
21.07,21-07,,,"LES COLONNES, CHAPITEAUX et SOCLES",ACTIF,,False,,False,,False,,False,,False,,False,,False,,False,,False,,False,,False,,False,,False,,True,1
21.08,21-08,,,"LES COLONNES, CHAPITEAUX et SOCLES",ACTIF,,False,,False,,False,,False,,False,,False,,False,,False,,False,,False,,False,,False,,False,,True,1
21.10,21-10,,,"LES COLONNES, CHAPITEAUX et SOCLES",ACTIF,,False,,False,,False,,False,,False,,False,,False,,False,,False,,False,,False,,False,,False,,True,1
21.11,21-11,,,"LES COLONNES, CHAPITEAUX et SOCLES",ACTIF,,False,,False,,False,,False,,False,,False,,False,,False,,False,,False,,False,,False,,False,,True,1
21.12,21-12,,,"LES COLONNES, CHAPITEAUX et SOCLES",ACTIF,,False,,False,,False,,False,,False,,False,,False,,False,,False,,False,,False,,False,,False,,True,1
21.13,21-13,,,"LES COLONNES, CHAPITEAUX et SOCLES",ACTIF,,False,,False,,False,,False,,False,,False,,False,,False,,False,,False,,False,,False,,False,,True,1
21.16,21-16,,,"LES COLONNES, CHAPITEAUX et SOCLES",ACTIF,,False,,False,,False,,False,,False,,False,,False,,False,,False,,False,,False,,False,,False,,True,1
21.17,21-17,,,"LES COLONNES, CHAPITEAUX et SOCLES",ACTIF,,False,,False,,False,,False,,False,,False,,False,,False,,False,,False,,False,,False,,False,,True,1
21.18,21-18,,,"LES COLONNES, CHAPITEAUX et SOCLES",ACTIF,,False,,False,,False,,False,,False,,False,,False,,False,,False,,False,,False,,False,,False,,True,1
21.19,21-19,,,"LES COLONNES, CHAPITEAUX et SOCLES",ACTIF,,False,,False,,False,,False,,False,,False,,False,,False,,False,,False,,False,,False,,False,,True,1
21.20,21-20,,,"LES COLONNES, CHAPITEAUX et SOCLES",ACTIF,,False,,False,,False,,False,,False,,False,,False,,False,,False,,False,,False,,False,,False,,True,1
21.21,21-21,,,"LES COLONNES, CHAPITEAUX et SOCLES",ACTIF,,False,,False,,False,,False,,False,,False,,False,,False,,False,,False,,False,,False,,False,,True,1
21.22,21-22,,,"LES COLONNES, CHAPITEAUX et SOCLES",ACTIF,,False,,False,,False,,False,,False,,False,,False,,False,,False,,False,,False,,False,,False,,True,1
21.23,21-23,,,"LES COLONNES, CHAPITEAUX et SOCLES",ACTIF,,False,,False,,False,,False,,False,,False,,False,,False,,False,,False,,False,,False,,False,,True,1
21.30,21-30,,,"LES COLONNES, CHAPITEAUX et SOCLES",ACTIF,,False,,False,,False,,False,,False,,False,,False,,False,,False,,False,,False,,False,,False,,True,1
21.40,21-40,,,"LES COLONNES, CHAPITEAUX et SOCLES",ACTIF,,False,,False,,False,,False,,False,,False,,False,,False,,False,,False,,False,,False,,False,,True,1
21.45,21-45,,,"LES COLONNES, CHAPITEAUX et SOCLES",ACTIF,,False,,False,,False,,False,,False,,False,,False,,False,,False,,False,,False,,False,,False,,True,1
21.48,21-48,,,"LES COLONNES, CHAPITEAUX et SOCLES",ACTIF,,False,,False,,False,,False,,False,,False,,False,,False,,False,,False,,False,,False,,False,,True,1
21.49,21-49,,,"LES COLONNES, CHAPITEAUX et SOCLES",ACTIF,,False,,False,,False,,False,,False,,False,,False,,False,,False,,False,,False,,False,,False,,True,1
21.50,21-50,,,"LES COLONNES, CHAPITEAUX et SOCLES",ACTIF,,False,,False,,False,,False,,False,,False,,False,,False,,False,,False,,False,,False,,False,,True,1
21.51,21-51,,,"LES COLONNES, CHAPITEAUX et SOCLES",ACTIF,,False,,False,,False,,False,,False,,False,,False,,False,,False,,False,,False,,False,,False,,True,1
21.55,21-55,,,"LES COLONNES, CHAPITEAUX et SOCLES",ACTIF,,False,,False,,False,,False,,False,,False,,False,,False,,False,,False,,False,,False,,False,,True,1
21.56,21-56,,,"LES COLONNES, CHAPITEAUX et SOCLES",ACTIF,,False,,False,,False,,False,,False,,False,,False,,False,,False,,False,,False,,False,,False,,True,1
21.57,21-57,,,"LES COLONNES, CHAPITEAUX et SOCLES",ACTIF,,False,,False,,False,,False,,False,,False,,False,,False,,False,,False,,False,,False,,False,,True,1
21.60,21-60,,,"LES COLONNES, CHAPITEAUX et SOCLES",ACTIF,,False,,False,,False,,False,,False,,False,,False,,False,,False,,False,,False,,False,,False,,True,1
21.70,21-70,,,"LES COLONNES, CHAPITEAUX et SOCLES",ACTIF,,False,,False,,False,,False,,False,,False,,False,,False,,False,,False,,False,,False,,False,,True,1
21.75,21-75,,,"LES COLONNES, CHAPITEAUX et SOCLES",ACTIF,,False,,False,,False,,False,,False,,False,,False,,False,,False,,False,,False,,False,,False,,True,1
21.80,21-80,,,"LES COLONNES, CHAPITEAUX et SOCLES",ACTIF,,False,,False,,False,,False,,False,,False,,False,,False,,False,,False,,False,,False,,False,,True,1
21.90,21-90,,,"LES COLONNES, CHAPITEAUX et SOCLES",ACTIF,,False,,False,,False,,False,,False,,False,,False,,False,,False,,False,,False,,False,,False,,True,1
21.95,21-95,,,"LES COLONNES, CHAPITEAUX et SOCLES",ACTIF,,False,,False,,False,,False,,False,,False,,False,,False,,False,,False,,False,,False,,False,,True,1
22.00,22-00,,,"LES COLONNES, CHAPITEAUX et SOCLES",ACTIF,,False,,False,,False,,False,,False,,False,,False,,False,,False,,False,,False,,False,,False,,True,1
22.05,22-05,,,"LES COLONNES, CHAPITEAUX et SOCLES",ACTIF,,False,,False,,False,,False,,False,,False,,False,,False,,False,,False,,False,,False,,False,,True,1
22.10,22-10,,,"LES COLONNES, CHAPITEAUX et SOCLES",ACTIF,,False,,False,,False,,False,,False,,False,,False,,False,,False,,False,,False,,False,,False,,True,1
22.15,22-15,,,"LES COLONNES, CHAPITEAUX et SOCLES",ACTIF,,False,,False,,False,,False,,False,,False,,False,,False,,False,,False,,False,,False,,False,,True,1
22.20,22-20,,,"LES COLONNES, CHAPITEAUX et SOCLES",ACTIF,,False,,False,,False,,False,,False,,False,,False,,False,,False,,False,,False,,False,,False,,True,1
22.25,22-25,,,"LES COLONNES, CHAPITEAUX et SOCLES",ACTIF,,False,,False,,False,,False,,False,,False,,False,,False,,False,,False,,False,,False,,False,,True,1
22.35,22-35,,,"LES COLONNES, CHAPITEAUX et SOCLES",ACTIF,,False,,False,,False,,False,,False,,False,,False,,False,,False,,False,,False,,False,,False,,True,1
22.40,22-40,,,"LES COLONNES, CHAPITEAUX et SOCLES",ACTIF,,False,,False,,False,,False,,False,,False,,False,,False,,False,,False,,False,,False,,False,,True,1
22.45,22-45,,,"LES COLONNES, CHAPITEAUX et SOCLES",ACTIF,,False,,False,,False,,False,,False,,False,,False,,False,,False,,False,,False,,False,,False,,True,1
22.50,22-50,,,"LES COLONNES, CHAPITEAUX et SOCLES",ACTIF,,False,,False,,False,,False,,False,,False,,False,,False,,False,,False,,False,,False,,False,,True,1
22.51,22-51,,,"LES COLONNES, CHAPITEAUX et SOCLES",ACTIF,,False,,False,,False,,False,,False,,False,,False,,False,,False,,False,,False,,False,,False,,True,1
22.52,22-52,,,"LES COLONNES, CHAPITEAUX et SOCLES",ACTIF,,False,,False,,False,,False,,False,,False,,False,,False,,False,,False,,False,,False,,False,,True,1
22.54,22-54,,,"LES COLONNES, CHAPITEAUX et SOCLES",ACTIF,,False,,False,,False,,False,,False,,False,,False,,False,,False,,False,,False,,False,,False,,True,1
22.53,22-53,,,"LES COLONNES, CHAPITEAUX et SOCLES",ACTIF,,False,,False,,False,,False,,False,,False,,False,,False,,False,,False,,False,,False,,False,,True,1
22.55,22-55,,,"LES COLONNES, CHAPITEAUX et SOCLES",ACTIF,,False,,False,,False,,False,,False,,False,,False,,False,,False,,False,,False,,False,,False,,True,1
22.56,22-56,,,"LES COLONNES, CHAPITEAUX et SOCLES",ACTIF,,False,,False,,False,,False,,False,,False,,False,,False,,False,,False,,False,,False,,False,,True,1
22.57,22-57,,,"LES COLONNES, CHAPITEAUX et SOCLES",ACTIF,,False,,False,,False,,False,,False,,False,,False,,False,,False,,False,,False,,False,,False,,True,1
22.58,22-58,,,"LES COLONNES, CHAPITEAUX et SOCLES",ACTIF,,False,,False,,False,,False,,False,,False,,False,,False,,False,,False,,False,,False,,False,,True,1
22.61,22-61,,,"LES COLONNES, CHAPITEAUX et SOCLES",ACTIF,,False,,False,,False,,False,,False,,False,,False,,False,,False,,False,,False,,False,,False,,True,1
22.62,22-62,,,"LES COLONNES, CHAPITEAUX et SOCLES",ACTIF,,False,,False,,False,,False,,False,,False,,False,,False,,False,,False,,False,,False,,False,,True,1
22.70,22-70,,,"LES COLONNES, CHAPITEAUX et SOCLES",ACTIF,,False,,False,,False,,False,,False,,False,,False,,False,,False,,False,,False,,False,,False,,True,1
22.71,22-71,,,"LES COLONNES, CHAPITEAUX et SOCLES",ACTIF,,False,,False,,False,,False,,False,,False,,False,,False,,False,,False,,False,,False,,False,,True,1
22.72,22-72,,,"LES COLONNES, CHAPITEAUX et SOCLES",ACTIF,,False,,False,,False,,False,,False,,False,,False,,False,,False,,False,,False,,False,,False,,True,1
22.73,22-73,,,"LES COLONNES, CHAPITEAUX et SOCLES",ACTIF,,False,,False,,False,,False,,False,,False,,False,,False,,False,,False,,False,,False,,False,,True,1
22.74,22-74,,,"LES COLONNES, CHAPITEAUX et SOCLES",ACTIF,,False,,False,,False,,False,,False,,False,,False,,False,,False,,False,,False,,False,,False,,True,1
22.75,22-75,,,"LES COLONNES, CHAPITEAUX et SOCLES",ACTIF,,False,,False,,False,,False,,False,,False,,False,,False,,False,,False,,False,,False,,False,,True,1
22.76,22-76,,,"LES COLONNES, CHAPITEAUX et SOCLES",ACTIF,,False,,False,,False,,False,,False,,False,,False,,False,,False,,False,,False,,False,,False,,True,1
22.77,22-77,,,"LES COLONNES, CHAPITEAUX et SOCLES",ACTIF,,False,,False,,False,,False,,False,,False,,False,,False,,False,,False,,False,,False,,False,,True,1
22.78,22-78,,,"LES COLONNES, CHAPITEAUX et SOCLES",ACTIF,,False,,False,,False,,False,,False,,False,,False,,False,,False,,False,,False,,False,,False,,True,1
30.02,30-02,,,"LES COLONNES, CHAPITEAUX et SOCLES",ACTIF,,True,1,False,,False,,False,,True,1,False,,False,,False,,True,1,True,1,False,,False,,False,,True,1
30.03,30-03,,,"LES COLONNES, CHAPITEAUX et SOCLES",ACTIF,,True,1,False,,False,,False,,True,1,False,,False,,False,,True,1,True,1,False,,False,,False,,True,1
30.04,30-04,,,"LES COLONNES, CHAPITEAUX et SOCLES",ACTIF,,True,1,True,1,False,,False,,True,1,False,,False,,False,,True,1,True,1,False,,False,,False,,True,1
30.05,30-05,,,"LES COLONNES, CHAPITEAUX et SOCLES",ACTIF,,True,1,False,,False,,False,,True,1,False,,False,,False,,True,1,True,1,False,,False,,False,,True,1
30.06,30-06,,,"LES COLONNES, CHAPITEAUX et SOCLES",ACTIF,,True,1,True,1,False,,False,,True,1,False,,False,,False,,True,1,True,1,False,,False,,False,,True,1
30.07,30-07,,,"LES COLONNES, CHAPITEAUX et SOCLES",ACTIF,,True,1,True,1,False,,False,,True,1,False,,False,,False,,True,1,True,1,False,,False,,False,,True,1
30.08,30-08,,,"LES COLONNES, CHAPITEAUX et SOCLES",ACTIF,,True,1,False,,False,,False,,True,1,False,,False,,False,,True,1,True,1,False,,False,,False,,True,1
30.09,30-09,,,"LES COLONNES, CHAPITEAUX et SOCLES",ACTIF,,True,1,False,,False,,False,,True,1,False,,False,,False,,True,1,True,1,False,,False,,False,,True,1
30.10,30-10,,,"LES COLONNES, CHAPITEAUX et SOCLES",ACTIF,,True,1,False,,False,,False,,True,1,False,,False,,False,,True,1,True,1,False,,False,,False,,True,1
30.11,30-11,,,"LES COLONNES, CHAPITEAUX et SOCLES",ACTIF,,True,1,False,,False,,False,,True,1,False,,False,,False,,True,1,True,1,False,,False,,False,,True,1
30.12,30-12,,,"LES COLONNES, CHAPITEAUX et SOCLES",ACTIF,,True,1,False,,False,,False,,True,1,False,,False,,False,,True,1,True,1,False,,False,,False,,True,1
30.52,30-52,,,"LES COLONNES, CHAPITEAUX et SOCLES",ACTIF,,True,1,False,,False,,False,,True,1,False,,False,,False,,True,1,True,1,False,,False,,False,,True,1
30.53,30-53,,,"LES COLONNES, CHAPITEAUX et SOCLES",ACTIF,,True,1,False,,False,,False,,True,1,False,,False,,False,,True,1,True,1,False,,False,,False,,True,1
30.54,30-54,,,"LES COLONNES, CHAPITEAUX et SOCLES",ACTIF,,True,1,False,,False,,False,,True,1,False,,False,,False,,True,1,True,1,False,,False,,False,,True,1
30.55,30-55,,,"LES COLONNES, CHAPITEAUX et SOCLES",ACTIF,,True,1,False,,False,,False,,True,1,False,,False,,False,,True,1,True,1,False,,False,,False,,True,1
30.56,30-56,,,"LES COLONNES, CHAPITEAUX et SOCLES",ACTIF,,True,1,False,,False,,False,,True,1,False,,False,,False,,True,1,True,1,False,,False,,False,,True,1
30.57,30-57,,,"LES COLONNES, CHAPITEAUX et SOCLES",ACTIF,,True,1,False,,False,,False,,True,1,False,,False,,False,,True,1,True,1,False,,False,,False,,True,1
30.58,30-58,,,"LES COLONNES, CHAPITEAUX et SOCLES",ACTIF,,True,1,False,,False,,False,,True,1,False,,False,,False,,True,1,True,1,False,,False,,False,,True,1
30.59,30-59,,,"LES COLONNES, CHAPITEAUX et SOCLES",ACTIF,,True,1,False,,False,,False,,True,1,False,,False,,False,,True,1,True,1,False,,False,,False,,True,1
30.60,30-60,,,"LES COLONNES, CHAPITEAUX et SOCLES",ACTIF,,True,1,False,,False,,False,,True,1,False,,False,,False,,True,1,True,1,False,,False,,False,,True,1
30.61,30-61,,,"LES COLONNES, CHAPITEAUX et SOCLES",ACTIF,,True,1,False,,False,,False,,True,1,False,,False,,False,,True,1,True,1,False,,False,,False,,True,1
30.62,30-62,,,"LES COLONNES, CHAPITEAUX et SOCLES",ACTIF,,True,1,False,,False,,False,,True,1,False,,False,,False,,True,1,True,1,False,,False,,False,,True,1
30.63,30-63,,,"LES COLONNES, CHAPITEAUX et SOCLES",ACTIF,,True,1,False,,False,,False,,True,1,False,,False,,False,,True,1,True,1,False,,False,,False,,True,1
31.01,31-01,,,"LES COLONNES, CHAPITEAUX et SOCLES",ACTIF,,False,,False,,False,,False,,False,,False,,False,,False,,True,1,False,,False,,False,,False,,True,X
31.02,31-02,,,"LES COLONNES, CHAPITEAUX et SOCLES",ACTIF,,True,1,False,,False,,False,,True,1,False,,False,,False,,True,1,True,1,False,,False,,False,,True,X
31.03,31-03,,,"LES COLONNES, CHAPITEAUX et SOCLES",ACTIF,,False,,False,,False,,False,,False,,False,,False,,False,,False,,False,,False,,False,,False,,True,X
31.04,31-04,,,"LES COLONNES, CHAPITEAUX et SOCLES",ACTIF,,False,,False,,False,,False,,False,,False,,False,,False,,True,1,True,1,False,,False,,False,,True,X
31.51,31-51,,,"LES COLONNES, CHAPITEAUX et SOCLES",ACTIF,,False,,False,,False,,False,,False,,False,,False,,False,,False,,False,,False,,False,,False,,True,X
31.52,31-52,,,"LES COLONNES, CHAPITEAUX et SOCLES",ACTIF,,True,1,False,,False,,False,,True,1,False,,False,,False,,True,1,True,1,False,,False,,False,,True,X
31.53,31-53,,,"LES COLONNES, CHAPITEAUX et SOCLES",ACTIF,,False,,False,,False,,False,,False,,False,,False,,False,,False,,False,,False,,False,,False,,True,X
31.54,31-54,,,"LES COLONNES, CHAPITEAUX et SOCLES",ACTIF,,False,,False,,False,,False,,False,,False,,False,,False,,False,,False,,False,,False,,False,,True,X
32.51,32-51,,,"LES COLONNES, CHAPITEAUX et SOCLES",ACTIF,,False,,False,,False,,False,,False,,False,,False,,False,,False,,False,,False,,False,,False,,True,1
40.01,40-01,,,"LES COLONNES, CHAPITEAUX et SOCLES",ACTIF,,False,,False,,False,,False,,False,,False,,False,,False,,False,,False,,False,,False,,False,,True,1
40.02,40-02,,,"LES COLONNES, CHAPITEAUX et SOCLES",ACTIF,,False,,False,,False,,False,,False,,False,,False,,False,,False,,False,,False,,False,,False,,True,1
40.03,40-03,,,"LES COLONNES, CHAPITEAUX et SOCLES",ACTIF,,False,,False,,False,,False,,False,,False,,False,,False,,False,,False,,False,,False,,False,,True,1
40.04,40-04,,,"LES COLONNES, CHAPITEAUX et SOCLES",ACTIF,,True,1,False,,False,,False,,True,1,False,,False,,False,,True,1,True,1,False,,False,,False,,True,1
40.05,40-05,,,"LES COLONNES, CHAPITEAUX et SOCLES",ACTIF,,False,,False,,False,,False,,False,,False,,False,,False,,False,,False,,False,,False,,False,,True,1
40.06,40-06,,,"LES COLONNES, CHAPITEAUX et SOCLES",ACTIF,,True,1,False,,False,,False,,True,1,False,,False,,False,,True,1,True,1,False,,False,,False,,True,1
40.07,40-07,,,"LES COLONNES, CHAPITEAUX et SOCLES",ACTIF,,False,,False,,False,,False,,False,,False,,False,,False,,False,,False,,False,,False,,False,,True,1
40.07A,40-07A,,,"LES COLONNES, CHAPITEAUX et SOCLES",ACTIF,,False,,False,,False,,False,,False,,False,,False,,False,,False,,False,,False,,False,,False,,True,1
40.08,40-08,,,"LES COLONNES, CHAPITEAUX et SOCLES",ACTIF,,False,,False,,False,,False,,False,,False,,False,,False,,False,,False,,False,,False,,False,,True,1
40.09,40-09,,,"LES COLONNES, CHAPITEAUX et SOCLES",ACTIF,,False,,False,,False,,False,,False,,False,,False,,False,,False,,False,,False,,False,,False,,True,1
40.10,40-10,,,"LES COLONNES, CHAPITEAUX et SOCLES",ACTIF,,False,,False,,False,,False,,False,,False,,False,,False,,False,,False,,False,,False,,False,,True,X
40.20,40-20,,,"LES COLONNES, CHAPITEAUX et SOCLES",ACTIF,,False,,False,,False,,False,,False,,False,,False,,False,,False,,False,,False,,False,,False,,True,X
40.30,40-30,,,"LES COLONNES, CHAPITEAUX et SOCLES",ACTIF,,False,,False,,False,,False,,False,,False,,False,,False,,False,,False,,False,,False,,False,,True,X
40.40,40-40,,,"LES COLONNES, CHAPITEAUX et SOCLES",ACTIF,,True,1,False,,False,,False,,True,1,False,,False,,False,,True,1,True,1,False,,False,,False,,True,1
40.50,40-50,,,"LES COLONNES, CHAPITEAUX et SOCLES",ACTIF,,False,,False,,False,,False,,False,,False,,False,,False,,False,,False,,False,,False,,False,,True,1
40.60,40-60,,,"LES COLONNES, CHAPITEAUX et SOCLES",ACTIF,,True,1,False,,False,,False,,True,1,False,,False,,False,,True,1,True,1,False,,False,,False,,True,1
40.61,40-61,,,"LES COLONNES, CHAPITEAUX et SOCLES",ACTIF,,False,,False,,False,,False,,False,,False,,False,,False,,False,,False,,False,,False,,False,,True,1
40.70,40-70,,,"LES COLONNES, CHAPITEAUX et SOCLES",ACTIF,,False,,False,,False,,False,,False,,False,,False,,False,,False,,False,,False,,False,,False,,True,X
40.70A,40-70A,,,"LES COLONNES, CHAPITEAUX et SOCLES",ACTIF,,False,,False,,False,,False,,False,,False,,False,,False,,False,,False,,False,,False,,False,,True,X
40.80,40-80,,,"LES COLONNES, CHAPITEAUX et SOCLES",ACTIF,,False,,False,,False,,False,,False,,False,,False,,False,,False,,False,,False,,False,,False,,True,X
40.90,40-90,,,"LES COLONNES, CHAPITEAUX et SOCLES",ACTIF,,False,,False,,False,,False,,False,,False,,False,,False,,False,,False,,False,,False,,False,,True,X
41.01,41-01,,,"LES COLONNES, CHAPITEAUX et SOCLES",ACTIF,,False,,False,,False,,False,,False,,False,,False,,False,,False,,False,,False,,False,,False,,True,X
41.02,41-02,,,"LES COLONNES, CHAPITEAUX et SOCLES",ACTIF,,False,,False,,False,,False,,False,,False,,False,,False,,False,,False,,False,,False,,False,,True,X
41.03,41-03,,,"LES COLONNES, CHAPITEAUX et SOCLES",ACTIF,,False,,False,,False,,False,,False,,False,,False,,False,,False,,False,,False,,False,,False,,True,X
41.05,41-05,,,"LES COLONNES, CHAPITEAUX et SOCLES",ACTIF,,False,,False,,False,,False,,False,,False,,False,,False,,False,,False,,False,,False,,False,,True,X
41.06,41-06,,,"LES COLONNES, CHAPITEAUX et SOCLES",ACTIF,,False,,False,,False,,False,,False,,False,,False,,False,,False,,False,,False,,False,,False,,True,X
41.07,41-07,,,"LES COLONNES, CHAPITEAUX et SOCLES",ACTIF,,False,,False,,False,,False,,False,,False,,False,,False,,False,,False,,False,,False,,False,,True,X
41.08,41-08,,,"LES COLONNES, CHAPITEAUX et SOCLES",ACTIF,,False,,False,,False,,False,,False,,False,,False,,False,,False,,False,,False,,False,,False,,True,X
41.10,41-10,,,"LES COLONNES, CHAPITEAUX et SOCLES",ACTIF,,False,,False,,False,,False,,False,,False,,False,,False,,False,,False,,False,,False,,False,,True,X
41.11,41-11,,,"LES COLONNES, CHAPITEAUX et SOCLES",ACTIF,,False,,False,,False,,False,,False,,False,,False,,False,,False,,False,,False,,False,,False,,True,X
41.12,41-12,,,"LES COLONNES, CHAPITEAUX et SOCLES",ACTIF,,False,,False,,False,,False,,False,,False,,False,,False,,False,,False,,False,,False,,False,,True,X
41.16,41-16,,,"LES COLONNES, CHAPITEAUX et SOCLES",ACTIF,,False,,False,,False,,False,,False,,False,,False,,False,,False,,False,,False,,False,,False,,True,X
41.17,41-17,,,"LES COLONNES, CHAPITEAUX et SOCLES",ACTIF,,False,,False,,False,,False,,False,,False,,False,,False,,False,,False,,False,,False,,False,,True,X
41.18,41-18,,,"LES COLONNES, CHAPITEAUX et SOCLES",ACTIF,,False,,False,,False,,False,,False,,False,,False,,False,,False,,False,,False,,False,,False,,True,X
41.51,41-51,,,"LES COLONNES, CHAPITEAUX et SOCLES",ACTIF,,False,,False,,False,,False,,False,,False,,False,,False,,False,,False,,False,,False,,False,,True,1
41.52,41-52,,,"LES COLONNES, CHAPITEAUX et SOCLES",ACTIF,,False,,False,,False,,False,,False,,False,,False,,False,,False,,False,,False,,False,,False,,True,1
41.53,41-53,,,"LES COLONNES, CHAPITEAUX et SOCLES",ACTIF,,False,,False,,False,,False,,False,,False,,False,,False,,False,,False,,False,,False,,False,,True,1
41.55,41-55,,,"LES COLONNES, CHAPITEAUX et SOCLES",ACTIF,,False,,False,,False,,False,,False,,False,,False,,False,,False,,False,,False,,False,,False,,True,1
45.01,45-01,,,"LES COLONNES, CHAPITEAUX et SOCLES",ACTIF,,True,1,False,,False,,False,,True,1,False,,False,,False,,True,1,True,1,False,,False,,False,,True,1
45.02,45-02,,,"LES COLONNES, CHAPITEAUX et SOCLES",ACTIF,,True,1,False,,False,,False,,True,1,False,,False,,False,,True,1,True,1,False,,False,,False,,True,1
45.03,45-03,,,"LES COLONNES, CHAPITEAUX et SOCLES",ACTIF,,True,1,False,,False,,False,,True,1,False,,False,,False,,True,1,True,1,False,,False,,False,,True,1
45.04,45-04,,,"LES COLONNES, CHAPITEAUX et SOCLES",ACTIF,,True,1,False,,False,,False,,True,1,False,,False,,False,,True,1,True,1,False,,False,,False,,True,1
45.05,45-05,,,"LES COLONNES, CHAPITEAUX et SOCLES",ACTIF,,True,1,False,,False,,False,,True,1,False,,False,,False,,True,1,True,1,False,,False,,False,,True,1
45.06,45-06,,,"LES COLONNES, CHAPITEAUX et SOCLES",ACTIF,,True,1,False,,False,,False,,True,1,False,,False,,False,,True,1,True,1,False,,False,,False,,True,1
45.07,45-07,,,"LES COLONNES, CHAPITEAUX et SOCLES",ACTIF,,False,,False,,False,,False,,False,,False,,False,,False,,False,,False,,False,,False,,False,,True,1
45.51,45-51,,,"LES COLONNES, CHAPITEAUX et SOCLES",ACTIF,,True,1,False,,False,,False,,True,1,False,,False,,False,,True,1,True,1,False,,False,,False,,True,1
45.51C,45-51C,,,"LES COLONNES, CHAPITEAUX et SOCLES",ACTIF,,False,,False,,False,,False,,False,,False,,False,,False,,False,,False,,False,,False,,False,,True,1
45.52,45-52,,,"LES COLONNES, CHAPITEAUX et SOCLES",ACTIF,,True,1,False,,False,,False,,True,1,False,,False,,False,,True,1,True,1,False,,False,,False,,True,1
45.53,45-53,,,"LES COLONNES, CHAPITEAUX et SOCLES",ACTIF,,True,1,False,,False,,False,,True,1,False,,False,,False,,True,1,True,1,False,,False,,False,,True,1
45.54,45-54,,,"LES COLONNES, CHAPITEAUX et SOCLES",ACTIF,,True,1,False,,False,,False,,True,1,False,,False,,False,,True,1,True,1,False,,False,,False,,True,1
45.55,45-55,,,"LES COLONNES, CHAPITEAUX et SOCLES",ACTIF,,True,1,False,,False,,False,,True,1,False,,False,,False,,True,1,True,1,False,,False,,False,,True,1
45.56,45-56,,,"LES COLONNES, CHAPITEAUX et SOCLES",ACTIF,,True,1,False,,False,,False,,True,1,False,,False,,False,,True,1,True,1,False,,False,,False,,True,1
45.57,45-57,,,"LES COLONNES, CHAPITEAUX et SOCLES",ACTIF,,False,,False,,False,,False,,False,,False,,False,,False,,False,,False,,False,,False,,False,,True,1
0760,0760,,,"LES PILASTRES, TETES et SOCLES",ACTIF,,False,,False,,False,,False,,False,,False,,False,,False,,False,,False,,False,,False,,False,,True,1
0761,0761,,,"LES PILASTRES, TETES et SOCLES",ACTIF,,False,,False,,False,,False,,False,,False,,False,,False,,False,,False,,False,,False,,False,,True,1
0762,0762,,,"LES PILASTRES, TETES et SOCLES",ACTIF,,False,,False,,False,,False,,False,,False,,False,,False,,False,,False,,False,,False,,False,,True,1
0765,0765,,,"LES PILASTRES, TETES et SOCLES",ACTIF,,False,,False,,False,,False,,False,,False,,False,,False,,False,,False,,False,,False,,False,,True,1
0780,0780,,,"LES PILASTRES, TETES et SOCLES",ACTIF,,False,,False,,False,,False,,False,,False,,False,,False,,False,,False,,False,,False,,False,,True,1
0781,0781,,,"LES PILASTRES, TETES et SOCLES",ACTIF,,False,,False,,False,,False,,False,,False,,False,,False,,False,,False,,False,,False,,False,,True,1
0782,0782,,,"LES PILASTRES, TETES et SOCLES",ACTIF,,False,,False,,False,,False,,False,,False,,False,,False,,False,,False,,False,,False,,False,,True,1
0785,0785,,,"LES PILASTRES, TETES et SOCLES",ACTIF,,False,,False,,False,,False,,False,,False,,False,,False,,False,,False,,False,,False,,False,,True,X
0800,0800,,,"LES PILASTRES, TETES et SOCLES",ACTIF,,False,,False,,False,,False,,False,,False,,False,,False,,False,,False,,False,,False,,False,,True,1
0801,0801,,,"LES PILASTRES, TETES et SOCLES",ACTIF,,False,,False,,False,,False,,False,,False,,False,,False,,False,,False,,False,,False,,False,,True,x
0802,0802,,,"LES PILASTRES, TETES et SOCLES",ACTIF,,False,,False,,False,,False,,False,,False,,False,,False,,False,,False,,False,,False,,False,,True,1
0803,0803,,,"LES PILASTRES, TETES et SOCLES",ACTIF,,False,,False,,False,,False,,False,,False,,False,,False,,False,,False,,False,,False,,False,,True,1
0804,0804,,,"LES PILASTRES, TETES et SOCLES",ACTIF,,False,,False,,False,,False,,False,,False,,False,,False,,False,,False,,False,,False,,False,,True,1
0805,0805,,,"LES PILASTRES, TETES et SOCLES",ACTIF,,False,,False,,False,,False,,False,,False,,False,,False,,False,,False,,False,,False,,False,,True,1
0806,0806,,,"LES PILASTRES, TETES et SOCLES",ACTIF,,False,,False,,False,,False,,False,,False,,False,,False,,False,,False,,False,,False,,False,,True,1
0900,0900,,,"LES PILASTRES, TETES et SOCLES",ACTIF,,True,1,False,,False,,False,,True,1,False,,False,,False,,True,1,True,1,False,,False,,False,,True,X
0901,0901,,,"LES PILASTRES, TETES et SOCLES",ACTIF,,False,,False,,False,,False,,False,,False,,False,,False,,False,,False,,False,,False,,False,,True,X
0902,0902,,,"LES PILASTRES, TETES et SOCLES",ACTIF,,False,,False,,False,,False,,False,,False,,False,,False,,False,,False,,False,,False,,False,,True,X
0903,0903,,,"LES PILASTRES, TETES et SOCLES",ACTIF,,False,,False,,False,,False,,False,,False,,False,,False,,False,,False,,False,,False,,False,,True,X
0904,0904,,,"LES PILASTRES, TETES et SOCLES",ACTIF,,False,,False,,False,,False,,False,,False,,False,,False,,False,,False,,False,,False,,False,,True,X
0905,0905,,,"LES PILASTRES, TETES et SOCLES",ACTIF,,True,1,False,,False,,False,,True,1,False,,False,,False,,True,1,True,1,False,,False,,False,,True,1
0951,0951,,,"LES PILASTRES, TETES et SOCLES",ACTIF,,False,,False,,False,,False,,False,,False,,False,,False,,False,,False,,False,,False,,False,,True,1
0952,0952,,,"LES PILASTRES, TETES et SOCLES",ACTIF,,False,,False,,False,,False,,False,,False,,False,,False,,False,,False,,False,,False,,False,,True,1
0955,0955,,,"LES PILASTRES, TETES et SOCLES",ACTIF,,False,,False,,False,,False,,False,,False,,False,,False,,False,,False,,False,,False,,False,,True,X
0999,0999,,,"LES PILASTRES, TETES et SOCLES",ACTIF,,False,,False,,False,,False,,False,,False,,False,,False,,False,,False,,False,,False,,False,,True,1
1000,1000,,,"LES PILASTRES, TETES et SOCLES",ACTIF,,True,1,False,,False,,False,,True,1,False,,False,,False,,True,1,True,1,False,,False,,False,,True,1
1001,1001,,,"LES PILASTRES, TETES et SOCLES",ACTIF,,False,,False,,False,,False,,False,,False,,False,,False,,False,,False,,False,,False,,False,,True,1
1002,1002,,,"LES PILASTRES, TETES et SOCLES",ACTIF,,False,,False,,False,,False,,False,,False,,False,,False,,False,,False,,False,,False,,False,,True,1
1003,1003,,,"LES PILASTRES, TETES et SOCLES",ACTIF,,False,,False,,False,,False,,False,,False,,False,,False,,False,,False,,False,,False,,False,,True,1
1004,1004,,,"LES PILASTRES, TETES et SOCLES",ACTIF,,False,,False,,False,,False,,False,,False,,False,,False,,False,,False,,False,,False,,False,,True,1
1005,1005,,,"LES PILASTRES, TETES et SOCLES",ACTIF,,True,1,False,,False,,False,,True,1,False,,False,,False,,True,1,True,1,False,,False,,False,,True,1
1025,1025,,,"LES PILASTRES, TETES et SOCLES",ACTIF,,False,,False,,False,,False,,False,,False,,False,,False,,False,,False,,False,,False,,False,,True,1
1055,1055,,,"LES PILASTRES, TETES et SOCLES",ACTIF,,False,,False,,False,,False,,False,,False,,False,,False,,False,,False,,False,,False,,False,,True,1
2000,2000,,,"LES PILASTRES, TETES et SOCLES",ACTIF,,False,,False,,False,,False,,False,,False,,False,,False,,False,,False,,False,,False,,False,,True,1
2001,2001,,,"LES PILASTRES, TETES et SOCLES",ACTIF,,False,,False,,False,,False,,False,,False,,False,,False,,False,,False,,False,,False,,False,,True,1
2002,2002,,,"LES PILASTRES, TETES et SOCLES",ACTIF,,False,,False,,False,,False,,False,,False,,False,,False,,False,,False,,False,,False,,False,,True,1
2003,2003,,,"LES PILASTRES, TETES et SOCLES",ACTIF,,False,,False,,False,,False,,False,,False,,False,,False,,False,,False,,False,,False,,False,,True,X
2004,2004,,,"LES PILASTRES, TETES et SOCLES",ACTIF,,False,,False,,False,,False,,False,,False,,False,,False,,False,,False,,False,,False,,False,,True,1
2005,2005,,,"LES PILASTRES, TETES et SOCLES",ACTIF,,False,,False,,False,,False,,False,,False,,False,,False,,False,,False,,False,,False,,False,,True,1
2019,2019,,,"LES PILASTRES, TETES et SOCLES",ACTIF,,False,,False,,False,,False,,False,,False,,False,,False,,False,,False,,False,,False,,False,,True,1
2020,2020,,,"LES PILASTRES, TETES et SOCLES",ACTIF,,False,,False,,False,,False,,False,,False,,False,,False,,False,,False,,False,,False,,False,,True,1
2024,2024,,,"LES PILASTRES, TETES et SOCLES",ACTIF,,False,,False,,False,,False,,False,,False,,False,,False,,False,,False,,False,,False,,False,,True,1
2030,2030,,,"LES PILASTRES, TETES et SOCLES",ACTIF,,False,,False,,False,,False,,False,,False,,False,,False,,False,,False,,False,,False,,False,,True,1
2030M,2030M,,,"LES PILASTRES, TETES et SOCLES",ACTIF,,False,,False,,False,,False,,False,,False,,False,,False,,False,,False,,False,,False,,False,,True,1
2031,2031,,,"LES PILASTRES, TETES et SOCLES",ACTIF,,False,,False,,False,,False,,False,,False,,False,,False,,False,,False,,False,,False,,False,,True,1
2031C,2031C,,,"LES PILASTRES, TETES et SOCLES",ACTIF,,False,,False,,False,,False,,False,,False,,False,,False,,False,,False,,False,,False,,False,,True,1
2032,2032,,,"LES PILASTRES, TETES et SOCLES",ACTIF,,False,,False,,False,,False,,False,,False,,False,,False,,False,,False,,False,,False,,False,,True,1
2039,2039,,,"LES PILASTRES, TETES et SOCLES",ACTIF,,False,,False,,False,,False,,False,,False,,False,,False,,False,,False,,False,,False,,False,,True,1
2044,2044,,,"LES PILASTRES, TETES et SOCLES",ACTIF,,False,,False,,False,,False,,False,,False,,False,,False,,False,,False,,False,,False,,False,,True,1
2050,2050,,,"LES PILASTRES, TETES et SOCLES",ACTIF,,False,,False,,False,,False,,False,,False,,False,,False,,False,,False,,False,,False,,False,,True,1
2060,2060,,,"LES PILASTRES, TETES et SOCLES",ACTIF,,False,,False,,False,,False,,False,,False,,False,,False,,False,,False,,False,,False,,False,,True,1
3000,3000,,,"LES PILASTRES, TETES et SOCLES",ACTIF,,False,,False,,False,,False,,False,,False,,False,,False,,False,,False,,False,,False,,False,,True,1
3068,3068,,,"LES PILASTRES, TETES et SOCLES",ACTIF,,False,,True,1,False,,False,,True,1,False,,False,,False,,False,,False,,False,,False,,False,,True,1
0760,0760,,,"LES PILASTRES, TETES et SOCLES",ACTIF,,False,,False,,False,,False,,False,,False,,False,,False,,False,,False,,False,,False,,False,,False,
0800,0800,,,"LES PILASTRES, TETES et SOCLES",ACTIF,,False,,False,,False,,False,,False,,False,,False,,False,,False,,False,,False,,False,,False,,False,
0900,0900,pilastre cannelé,,"LES PILASTRES, TETES et SOCLES",ACTIF,,True,1,False,,True,1,False,,True,1,False,,False,,False,,True,1,True,1,False,,False,,False,,False,
0905,0905,socle de pilastre,,"LES PILASTRES, TETES et SOCLES",ACTIF,,True,1,False,,True,1,False,,False,,False,,False,,False,,False,,True,1,False,,False,,False,,False,
0950,0950,,,"LES PILASTRES, TETES et SOCLES",ACTIF,,False,,False,,False,,False,,False,,False,,False,,False,,False,,False,,False,,False,,False,,False,
1000,1000,pilastre cannelé,,"LES PILASTRES, TETES et SOCLES",ACTIF,,True,1,False,,True,1,False,,True,1,False,,False,,False,,True,1,True,1,False,,False,,False,,False,
1005,1005,socle de pilastre,,"LES PILASTRES, TETES et SOCLES",ACTIF,,True,1,False,,True,1,True,1,False,,False,,False,,False,,True,1,True,1,False,,False,,False,,False,
1050,1050,,,"LES PILASTRES, TETES et SOCLES",ACTIF,,False,,False,,False,,False,,False,,False,,False,,False,,False,,False,,False,,False,,False,,False,
1025,1025,,,"LES PILASTRES, TETES et SOCLES",ACTIF,,False,,False,,False,,False,,False,,False,,False,,False,,False,,False,,False,,False,,False,,False,
2000,2000,pilastre cannelé,,"LES PILASTRES, TETES et SOCLES",ACTIF,,False,,False,,False,,False,,True,1,False,,False,,False,,False,,False,,False,,False,,False,,False,
2020,2020,,,"LES PILASTRES, TETES et SOCLES",ACTIF,,True,1,True,1,False,,False,,True,1,False,,False,,False,,False,,False,,False,,False,,False,,False,
2030,2030,,,"LES PILASTRES, TETES et SOCLES",ACTIF,,False,,False,,False,,False,,False,,False,,False,,False,,False,,False,,False,,False,,False,,False,
2019,2019,côté de passage ,210,LES COTES de PASSAGE,ACTIF,,False,,True,1,False,,False,,True,1,False,,False,,False,,False,,False,,False,,False,,True,1,True,1
2024,2024,côté de passage ,210,LES COTES de PASSAGE,ACTIF,,False,,True,1,False,,False,,True,1,False,,False,,False,,False,,False,,False,,False,,True,1,True,1
2032,2032,côté de passage ,210,LES COTES de PASSAGE,ACTIF,,False,,True,1,False,,False,,True,1,False,,False,,False,,False,,False,,False,,False,,True,1,True,1
2039,2039,côté de passage ,210,LES COTES de PASSAGE,ACTIF,,False,,True,1,False,,False,,True,1,False,,False,,False,,False,,False,,False,,False,,True,1,True,1
2044,2044,côté de passage ,210,LES COTES de PASSAGE,ACTIF,,False,,True,1,False,,False,,True,1,False,,False,,False,,False,,False,,False,,False,,True,1,False,
2050,2050,côté de passage ,210,LES COTES de PASSAGE,ACTIF,,False,,True,1,False,,False,,True,1,False,,False,,False,,False,,False,,False,,False,,True,1,True,1
2060,2060,côté de passage ,210,LES COTES de PASSAGE,ACTIF,,False,,True,1,False,,False,,True,1,False,,False,,False,,False,,False,,False,,False,,True,1,False,
2518,2518,côté de passage ,210,LES COTES de PASSAGE,ACTIF,,True,1,True,1,True,1,True,1,True,1,False,,False,,False,,False,,True,1,False,,False,,True,1,True,1
2524,2524,côté de passage ,210,LES COTES de PASSAGE,ACTIF,,True,1,True,1,False,,True,1,True,1,False,,False,,False,,False,,True,1,False,,False,,True,1,True,1
2530,2530,côté de passage ,210,LES COTES de PASSAGE,ACTIF,,True,1,True,1,False,,True,1,True,1,False,,False,,False,,False,,True,1,False,,False,,True,1,True,1
2618,2618,côté de passage ,210,LES COTES de PASSAGE,ACTIF,,True,1,True,1,False,,True,1,True,1,False,,False,,False,,True,1,True,1,False,,False,,True,1,True,1
2624,2624,côté de passage ,210,LES COTES de PASSAGE,ACTIF,,True,1,True,1,False,,False,,True,1,False,,False,,False,,True,1,True,1,False,,False,,True,1,True,1
2630,2630,côté de passage ,210,LES COTES de PASSAGE,ACTIF,,True,1,True,1,False,,False,,True,1,False,,False,,False,,True,1,True,1,False,,False,,True,1,True,1
2718,2718,côté de passage ,210,LES COTES de PASSAGE,ACTIF,,True,1,True,1,False,,False,,True,1,False,,False,,False,,True,1,True,1,False,,False,,True,1,True,1
2724,2724,côté de passage ,210,LES COTES de PASSAGE,ACTIF,,True,1,True,1,False,,False,,True,1,False,,False,,False,,True,1,True,1,False,,False,,True,1,True,1
2730,2730,côté de passage ,210,LES COTES de PASSAGE,ACTIF,,True,1,True,1,False,,False,,True,1,False,,False,,False,,True,1,True,1,False,,False,,True,1,True,1
22104,22104,dessous de poutre,210,LES COTES de PASSAGE,ACTIF,,False,,True,1,False,,False,,False,,False,,False,,False,,False,,False,,False,,False,,True,1,True,1
22105,22105,dessous de poutre,210,LES COTES de PASSAGE,ACTIF,,False,,True,1,False,,False,,False,,False,,False,,False,,False,,False,,False,,False,,True,1,True,1
22106,22106,dessous de poutre,210,LES COTES de PASSAGE,ACTIF,,False,,True,1,False,,False,,False,,False,,False,,False,,False,,False,,False,,False,,True,1,True,1
22107,22107,dessous de poutre,210,LES COTES de PASSAGE,ACTIF,,False,,True,1,False,,False,,False,,False,,False,,False,,False,,False,,False,,False,,True,1,True,1
22108,22108,dessous de poutre,210,LES COTES de PASSAGE,ACTIF,,False,,True,1,False,,False,,False,,False,,False,,False,,False,,False,,False,,False,,True,1,True,1
22109,22109,dessous de poutre,210,LES COTES de PASSAGE,ACTIF,,False,,True,1,False,,False,,False,,False,,False,,False,,False,,False,,False,,False,,True,1,True,1
22110,22110,dessous de poutre,210,LES COTES de PASSAGE,ACTIF,,False,,True,1,False,,False,,False,,False,,False,,False,,False,,False,,False,,False,,True,1,True,1
22116,22116,dessous de poutre,210,LES COTES de PASSAGE,ACTIF,,False,,True,1,False,,False,,False,,False,,False,,False,,False,,False,,False,,False,,True,1,True,1
22116,22116,dessous de poutre,210,LES COTES de PASSAGE,ACTIF,,False,,True,1,False,,False,,True,1,False,,False,,False,,False,,False,,False,,False,,True,1,True,1
22117,22117,dessous de poutre,210,LES COTES de PASSAGE,ACTIF,,False,,True,1,False,,False,,True,1,False,,False,,False,,False,,False,,False,,False,,True,1,True,1
22118,22118,dessous de poutre,210,LES COTES de PASSAGE,ACTIF,,False,,True,1,False,,False,,True,1,False,,False,,False,,False,,False,,False,,False,,True,1,True,1
22119,22119,dessous de poutre,210,LES COTES de PASSAGE,ACTIF,,False,,True,1,False,,False,,True,1,False,,False,,False,,False,,False,,False,,False,,True,1,True,1
22120,22120,dessous de poutre,210,LES COTES de PASSAGE,ACTIF,,False,,True,1,False,,False,,True,1,False,,False,,False,,False,,False,,False,,False,,True,1,True,1
22121,22121,dessous de poutre,210,LES COTES de PASSAGE,ACTIF,,False,,True,1,False,,False,,True,1,False,,False,,False,,False,,False,,False,,False,,True,1,True,1
22122,22122,dessous de poutre,210,LES COTES de PASSAGE,ACTIF,,False,,True,1,False,,False,,True,1,False,,False,,False,,False,,False,,False,,False,,True,1,True,1
2800L,2800L,côté de passage ,210,LES COTES de PASSAGE,ACTIF,,True,1,False,,False,,False,,True,1,False,,False,,False,,True,1,True,1,False,,False,,True,1,True,1
2820L,2820L,côté de passage ,210,LES COTES de PASSAGE,ACTIF,,True,1,False,,False,,False,,True,1,False,,False,,False,,True,1,True,1,False,,False,,True,1,True,1
2824L,2824L,côté de passage ,210,LES COTES de PASSAGE,ACTIF,,True,1,False,,False,,False,,True,1,False,,False,,False,,True,1,True,1,False,,False,,True,1,True,1
2830L,2830L,côté de passage ,210,LES COTES de PASSAGE,ACTIF,,True,1,False,,False,,False,,True,1,False,,False,,False,,True,1,True,1,False,,False,,True,1,True,1
TAL12,TAL12,talon,,LES TALONS ET COUVRES-JOINTS,ACTIF,,False,,False,,False,,False,,False,,False,,False,,False,,False,,False,,False,,False,,False,,True,1
TAL12RES,TAL12RES,talon,,LES TALONS ET COUVRES-JOINTS,ACTIF,,False,,True,1,False,,False,,True,1,False,,False,,False,,False,,True,1,False,,False,,True,1,False,
TAL1343,TAL1343,talon,,LES TALONS ET COUVRES-JOINTS,ACTIF,,False,,True,1,False,,False,,False,,False,,False,,False,,False,,False,,False,,False,,True,1,False,
TAL14,TAL14,talon,,LES TALONS ET COUVRES-JOINTS,ACTIF,,False,,False,,False,,False,,False,,False,,False,,False,,False,,False,,False,,False,,False,,True,1
TAL17,TAL17,talon,,LES TALONS ET COUVRES-JOINTS,ACTIF,,False,,False,,False,,False,,False,,False,,False,,False,,False,,False,,False,,False,,False,,True,1
TAL20,TAL20,talon,,LES TALONS ET COUVRES-JOINTS,ACTIF,,False,,True,1,False,,False,,False,,True,1,True,1,False,,False,,False,,False,,False,,True,1,False,0
TAL26,TAL26,talon,,LES TALONS ET COUVRES-JOINTS,ACTIF,,False,,True,1,False,,False,,False,,True,1,True,1,False,,False,,True,1,False,,False,,True,1,False,0
TAL41,TAL41,talon,,LES TALONS ET COUVRES-JOINTS,ACTIF,,False,,True,1,False,,False,,False,,True,1,True,1,False,,False,,True,1,False,,False,,True,1,False,0
TAL44,TAL44,talon,,LES TALONS ET COUVRES-JOINTS,ACTIF,,False,,True,1,False,,False,,False,,True,1,False,,False,,False,,False,,False,,False,,True,1,False,0
3900,3900,,,LES FRONTONS,ACTIF,,False,,True,1,False,,False,,True,1,False,,False,,False,,False,,False,,True,1,True,1,True,1,False,
3901,3901,,,LES FRONTONS,ACTIF,,False,,False,,False,,False,,False,,False,,False,,False,,False,,False,,False,,False,,True,1,False,
3902,3902,,,LES FRONTONS,ACTIF,,False,,False,,False,,False,,False,,False,,False,,False,,False,,False,,False,,False,,True,1,False,
3903,3903,,,LES FRONTONS,ACTIF,,False,,False,,False,,False,,False,,False,,False,,False,,False,,False,,False,,False,,True,1,False,
3904,3904,,,LES FRONTONS,ACTIF,,False,,True,1,False,,False,,True,1,False,,False,,False,,False,,False,,True,1,True,1,True,1,False,
3905,3905,,,LES FRONTONS,ACTIF,,False,,False,,False,,False,,False,,False,,False,,False,,False,,False,,False,,False,,True,1,False,
3907,3907,,,LES FRONTONS,ACTIF,,False,,False,,False,,False,,False,,False,,False,,False,,False,,False,,True,1,True,1,True,1,False,
7001,7001,,,LES BALUSTRES,ACTIF,,False,,False,,False,,False,,False,,False,,False,,False,,False,,False,,True,1,True,1,True,1,True,1
7002,7002,,,LES BALUSTRES,ACTIF,,False,,False,,False,,False,,False,,False,,False,,False,,False,,False,,True,1,True,1,True,1,True,1
7003,7003,,,LES BALUSTRES,ACTIF,,False,,False,,False,,False,,False,,False,,False,,False,,False,,False,,True,1,True,1,True,1,True,1
7004,7004,,,LES BALUSTRES,ACTIF,,False,,False,,False,,False,,False,,False,,False,,False,,False,,False,,False,,False,,False,,True,1
7005,7005,,,LES BALUSTRES,ACTIF,,False,,False,,False,,False,,False,,False,,False,,False,,False,,False,,False,,False,,False,,True,1
7006,7006,,,LES BALUSTRES,ACTIF,,False,,False,,False,,False,,False,,False,,False,,False,,False,,False,,False,,False,,False,,True,1
0710,0710,,,LES NICHES,ACTIF,,True,1,True,1,True,1,False,,True,1,False,,False,,False,,True,1,True,1,True,1,True,1,True,1,True,1
0712,0712,,,LES NICHES,ACTIF,,True,1,False,,False,,False,,True,1,False,,False,,False,,True,1,True,1,True,1,True,1,False,,True,1
0714,0714,,,LES NICHES,ACTIF,,True,1,False,,False,,False,,True,1,False,,False,,False,,True,1,True,1,True,1,True,1,False,,True,1
0724,0724,,,LES NICHES,ACTIF,,True,1,False,,False,,False,,True,1,False,,False,,False,,True,1,True,1,True,1,True,1,False,,True,1
0726,0726,,,LES NICHES,ACTIF,,True,1,False,,False,,False,,True,1,False,,False,,False,,True,1,True,1,True,1,True,1,False,,True,1
0732,0732,,,LES NICHES,ACTIF,,True,1,False,,False,,False,,True,1,False,,False,,False,,True,1,True,1,True,1,True,1,False,,True,1
0734,0734,,,LES NICHES,ACTIF,,True,1,False,,False,,False,,True,1,False,,False,,False,,True,1,True,1,True,1,True,1,False,,True,1
0742,0742,,,LES NICHES,ACTIF,,True,1,False,,False,,False,,True,1,False,,False,,False,,True,1,True,1,True,1,True,1,False,,True,1
6200,6200,,,LES NICHES,ACTIF,,True,1,False,,False,,False,,True,1,False,,False,,False,,True,1,True,1,True,1,True,1,False,,True,1
0744,0744,,,LES NICHES,ACTIF,,True,1,False,,False,,False,,True,1,False,,False,,False,,True,1,True,1,True,1,True,1,False,,True,1
M0A23,M0A23,,,LES MODULOSTAFF,ACTIF,,False,,False,,False,,False,,False,,False,,False,,False,,False,,False,,False,,False,,False,,True,1
M0A24,M0A24,,,LES MODULOSTAFF,ACTIF,,False,,False,,False,,False,,False,,False,,False,,False,,False,,False,,False,,False,,False,,True,1
MOAPLIN10,MOAPLIN10,,,LES MODULOSTAFF,ACTIF,,False,,False,,False,,False,,False,,False,,False,,False,,False,,False,,False,,False,,False,,True,1
MOAPLIN10M,MOAPLIN10M,,,LES MODULOSTAFF,ACTIF,,False,,False,,False,,False,,False,,False,,False,,False,,False,,False,,False,,False,,False,,True,1
MOD05,MOD05,,,LES MODULOSTAFF,ACTIF,,False,,False,,False,,False,,False,,False,,False,,False,,False,,True,1,False,,False,,False,,True,X
MOD06,MOD06,,,LES MODULOSTAFF,ACTIF,,False,,False,,False,,False,,False,,False,,False,,False,,False,,True,1,False,,False,,False,,True,X
MOD23,MOD23,,,LES MODULOSTAFF,ACTIF,,False,,False,,False,,False,,False,,False,,False,,False,,False,,False,,False,,False,,False,,True,1
MOD24,MOD24,,,LES MODULOSTAFF,ACTIF,,False,,False,,False,,False,,False,,False,,False,,False,,False,,False,,False,,False,,False,,True,1
MOD25,MOD25,,,LES MODULOSTAFF,ACTIF,,False,,False,,False,,False,,False,,False,,False,,False,,False,,False,,False,,False,,False,,True,1
MOE45,MOE45,,,LES MODULOSTAFF,ACTIF,,False,,False,,False,,False,,False,,False,,False,,False,,False,,False,,False,,False,,False,,True,X
MOE60,MOE60,,,LES MODULOSTAFF,ACTIF,,False,,False,,False,,False,,False,,False,,False,,False,,False,,False,,False,,False,,False,,True,1
MOE90,MOE90,,,LES MODULOSTAFF,ACTIF,,False,,False,,False,,False,,False,,False,,False,,False,,False,,False,,False,,False,,False,,True,1
MOE120,MOE120,,,LES MODULOSTAFF,ACTIF,,False,,False,,False,,False,,False,,False,,False,,False,,False,,False,,False,,False,,False,,True,1
30052,30052,meuble,,LES MEUBLES ET BIBLIOTHEQUES,ACTIF,,False,,False,,False,,False,,False,,False,,False,,False,,False,,False,,False,,False,,False,,True,1
30053,30053,meuble,,LES MEUBLES ET BIBLIOTHEQUES,ACTIF,,False,,False,,False,,False,,False,,False,,False,,False,,False,,False,,False,,False,,False,,True,1
30054,30054,meuble,,LES MEUBLES ET BIBLIOTHEQUES,ACTIF,,False,,False,,False,,False,,False,,False,,False,,False,,False,,False,,False,,False,,False,,True,1
30059,30059,meuble,,LES MEUBLES ET BIBLIOTHEQUES,ACTIF,,False,,False,,False,,False,,False,,False,,False,,False,,False,,False,,False,,False,,False,,True,1
5041,5041,meuble,,LES MEUBLES ET BIBLIOTHEQUES,ACTIF,,False,,False,,False,,False,,False,,False,,False,,False,,False,,False,,False,,False,,False,,True,1
5042,5042,meuble,,LES MEUBLES ET BIBLIOTHEQUES,ACTIF,,False,,False,,False,,False,,False,,False,,False,,False,,False,,False,,False,,False,,False,,True,1
5043,5043,meuble,,LES MEUBLES ET BIBLIOTHEQUES,ACTIF,,False,,False,,False,,False,,False,,False,,False,,False,,False,,False,,False,,False,,False,,True,1
5044,5044,meuble,,LES MEUBLES ET BIBLIOTHEQUES,ACTIF,,False,,False,,False,,False,,False,,False,,False,,False,,False,,False,,False,,False,,False,,True,1
5051,5051,meuble,,LES MEUBLES ET BIBLIOTHEQUES,ACTIF,,False,,False,,False,,False,,False,,False,,False,,False,,False,,False,,False,,False,,False,,True,1
5052,5052,meuble,,LES MEUBLES ET BIBLIOTHEQUES,ACTIF,,False,,False,,False,,False,,False,,False,,False,,False,,False,,False,,False,,False,,False,,True,1
5053,5053,meuble,,LES MEUBLES ET BIBLIOTHEQUES,ACTIF,,False,,False,,False,,False,,False,,False,,False,,False,,False,,False,,False,,False,,False,,True,1
5054,5054,meuble,,LES MEUBLES ET BIBLIOTHEQUES,ACTIF,,False,,False,,False,,False,,False,,False,,False,,False,,False,,False,,False,,False,,False,,True,1
5061D,5061D,meuble,,LES MEUBLES ET BIBLIOTHEQUES,ACTIF,,False,,False,,False,,False,,False,,False,,False,,False,,False,,False,,False,,False,,False,,True,1
5061G,5061G,meuble,,LES MEUBLES ET BIBLIOTHEQUES,ACTIF,,False,,False,,False,,False,,False,,False,,False,,False,,False,,False,,False,,False,,False,,True,1
5062D,5062D,meuble,,LES MEUBLES ET BIBLIOTHEQUES,ACTIF,,False,,False,,False,,False,,False,,False,,False,,False,,False,,False,,False,,False,,False,,True,1
5062G,5062G,meuble,,LES MEUBLES ET BIBLIOTHEQUES,ACTIF,,False,,False,,False,,False,,False,,False,,False,,False,,False,,False,,False,,False,,False,,True,1
5063D,5063D,meuble,,LES MEUBLES ET BIBLIOTHEQUES,ACTIF,,False,,False,,False,,False,,False,,False,,False,,False,,False,,False,,False,,False,,False,,True,1
5063G,5063G,meuble,,LES MEUBLES ET BIBLIOTHEQUES,ACTIF,,False,,False,,False,,False,,False,,False,,False,,False,,False,,False,,False,,False,,False,,True,1
5071D,5071D,meuble,,LES MEUBLES ET BIBLIOTHEQUES,ACTIF,,False,,False,,False,,False,,False,,False,,False,,False,,False,,False,,False,,False,,False,,True,1
5071G,5071G,meuble,,LES MEUBLES ET BIBLIOTHEQUES,ACTIF,,False,,False,,False,,False,,False,,False,,False,,False,,False,,False,,False,,False,,False,,True,1
5072D,5072D,meuble,,LES MEUBLES ET BIBLIOTHEQUES,ACTIF,,False,,False,,False,,False,,False,,False,,False,,False,,False,,False,,False,,False,,False,,True,1
5072G,5072G,meuble,,LES MEUBLES ET BIBLIOTHEQUES,ACTIF,,False,,False,,False,,False,,False,,False,,False,,False,,False,,False,,False,,False,,False,,True,1
5073D,5073D,meuble,,LES MEUBLES ET BIBLIOTHEQUES,ACTIF,,False,,False,,False,,False,,False,,False,,False,,False,,False,,False,,False,,False,,False,,True,1
5073G,5073G,meuble,,LES MEUBLES ET BIBLIOTHEQUES,ACTIF,,False,,False,,False,,False,,False,,False,,False,,False,,False,,False,,False,,False,,False,,True,1
RADIA 1 simple,RADIA1SIMPLE,Cache radiateur classique sans cimaise simple ,,LES CACHES-RADIATEURS,ACTIF,,False,,True,1,False,,False,,True,1,False,,False,,False,,False,,True,1,False,,True,1,True,1,True,1
RADIA1 double,RADIA1DOUBLE,Cache radiateur classique sans cimaise double,,LES CACHES-RADIATEURS,ACTIF,,False,,True,1,False,,False,,True,1,False,,False,,False,,False,,True,1,False,,True,1,True,1,True,1
RADIA2 simple,RADIA2SIMPLE,Cache radiateur classique avec  cimaise simple ,,LES CACHES-RADIATEURS,ACTIF,,False,,True,1,False,,False,,True,1,False,,False,,False,,False,,True,1,False,,True,1,True,1,True,1
RADIA2 double,RADIA2DOUBLE,Cache radiateur classique avec  cimaise  double,,LES CACHES-RADIATEURS,ACTIF,,False,,True,1,False,,False,,True,1,False,,False,,False,,False,,True,1,False,,True,1,True,1,True,1
98000,98000,Trumeau Louis XVI ,,LES PARURES de CHEMINEES et TRUMEAUX,ACTIF,,False,,False,,False,,False,,False,,False,,False,,False,,False,,False,,False,,False,,False,,True,1
98001,98001,Trumeau Louis XVI ,,LES PARURES de CHEMINEES et TRUMEAUX,ACTIF,,False,,False,,False,,False,,False,,False,,False,,False,,False,,False,,False,,False,,False,,True,x
98002,98002,Trumeau Louis XVI ,,LES PARURES de CHEMINEES et TRUMEAUX,ACTIF,,False,,False,,False,,False,,False,,False,,False,,False,,False,,False,,False,,False,,False,,True,x
98004,98004,Trumeau Louis XVI ,,LES PARURES de CHEMINEES et TRUMEAUX,ACTIF,,False,,False,,False,,False,,False,,False,,False,,False,,False,,False,,False,,False,,False,,True,x
98506,98506,,,LES PARURES de CHEMINEES et TRUMEAUX,ACTIF,,False,,False,,False,,False,,False,,False,,False,,False,,False,,False,,False,,False,,False,,True,1
98500,98500,,,LES PARURES de CHEMINEES et TRUMEAUX,ACTIF,,False,,False,,False,,False,,False,,False,,False,,False,,False,,False,,False,,False,,False,,True,1
98506,98506,,,LES PARURES de CHEMINEES et TRUMEAUX,ACTIF,,False,,False,,False,,False,,False,,False,,False,,False,,False,,False,,False,,False,,False,,True,1
98510,98510,,,LES PARURES de CHEMINEES et TRUMEAUX,ACTIF,,False,,False,,False,,False,,False,,False,,False,,False,,False,,False,,False,,False,,False,,True,X
98520,98520,,,LES PARURES de CHEMINEES et TRUMEAUX,ACTIF,,True,1,True,1,False,,False,,True,1,False,,False,,False,,False,,True,1,False,,False,,False,,True,1
98530,98530,,,LES PARURES de CHEMINEES et TRUMEAUX,ACTIF,,True,1,True,1,False,,False,,True,1,False,,False,,False,,False,,True,1,False,,False,,False,,True,1
98540,98540,,,LES PARURES de CHEMINEES et TRUMEAUX,ACTIF,,True,1,True,1,False,,False,,True,1,False,,False,,False,,False,,True,1,False,,False,,False,,True,1
T.CAPITON165,T-CAPITON165,,,LES TETES DE LIT,ACTIF,,True,1,False,,False,,False,,True,1,False,,False,,False,,True,1,False,,False,,False,,False,,True,1
T.CAPITON180,T-CAPITON180,,,LES TETES DE LIT,ACTIF,,True,1,False,,False,,False,,True,1,False,,False,,False,,True,1,False,,False,,False,,False,,True,1
T.OCEAN160,T-OCEAN160,,,LES TETES DE LIT,ACTIF,,True,1,False,,False,,False,,True,1,False,,False,,False,,True,1,False,,False,,False,,False,,True,1
T.OCEAN180,T-OCEAN180,,,LES TETES DE LIT,ACTIF,,True,1,False,,False,,False,,True,1,False,,False,,False,,True,1,False,,False,,False,,False,,True,1
T.SAHARA140,T-SAHARA140,,,LES TETES DE LIT,ACTIF,,True,1,False,,False,,False,,True,1,False,,False,,False,,True,1,False,,False,,False,,False,,True,1
T.SAHARA160,T-SAHARA160,,,LES TETES DE LIT,ACTIF,,True,1,False,,False,,False,,True,1,False,,False,,False,,True,1,False,,False,,False,,False,,True,1
T.SAHARA180,T-SAHARA180,,,LES TETES DE LIT,ACTIF,,True,1,False,,False,,False,,True,1,False,,False,,False,,True,1,False,,False,,False,,False,,True,1
CHEVET1,CHEVET1,,,LES TETES DE LIT,ACTIF,,True,1,True,1,False,,False,,True,1,False,,False,,False,,True,1,True,1,False,,False,,False,,True,1
CHEVET2G/2D,CHEVET2G/2D,,,LES TETES DE LIT,ACTIF,,False,,True,1,False,,False,,True,1,False,,False,,False,,True,1,True,1,False,,False,,False,,True,1
70000,70000,,,LES ENCADREMENTS DE MIROIRS,ACTIF,,False,,False,,False,,False,,False,,False,,False,,False,,False,,False,,False,,False,,False,,True,1
74000,74000,,,LES ENCADREMENTS DE MIROIRS,ACTIF,,False,,False,,False,,False,,False,,False,,False,,False,,False,,False,,False,,False,,False,,True,1
74500,74500,,,LES ENCADREMENTS DE MIROIRS,ACTIF,,False,,False,,False,,False,,False,,False,,False,,False,,False,,False,,False,,False,,False,,True,1
74510,74510,,,LES ENCADREMENTS DE MIROIRS,ACTIF,,False,,False,,False,,False,,False,,False,,False,,False,,False,,False,,False,,False,,False,,True,1
74520,74520,,,LES ENCADREMENTS DE MIROIRS,ACTIF,,False,,False,,False,,False,,False,,False,,False,,False,,False,,False,,False,,False,,False,,True,1
75000,75000,,,LES ENCADREMENTS DE MIROIRS,ACTIF,,False,,False,,False,,False,,False,,False,,False,,False,,False,,False,,False,,False,,False,,True,1
80000,80000,,,LES ENCADREMENTS DE MIROIRS,ACTIF,,False,,False,,False,,False,,False,,False,,False,,False,,False,,False,,False,,False,,False,,True,1
87500,87500,,,LES ENCADREMENTS DE MIROIRS,ACTIF,,False,,False,,False,,False,,False,,False,,False,,False,,False,,False,,False,,False,,False,,True,1
90000,90000,,,LES ENCADREMENTS DE MIROIRS,ACTIF,,False,,False,,False,,False,,False,,False,,False,,False,,False,,False,,False,,False,,False,,True,1
90003,90003,,,LES ENCADREMENTS DE MIROIRS,ACTIF,,False,,False,,False,,False,,False,,False,,False,,False,,False,,False,,False,,False,,False,,True,1
91000,91000,,,LES ENCADREMENTS DE MIROIRS,ACTIF,,False,,False,,False,,False,,False,,False,,False,,False,,False,,False,,False,,False,,False,,True,1
95001,95001,,,LES ENCADREMENTS DE MIROIRS,ACTIF,,False,,False,,False,,False,,False,,False,,False,,False,,False,,False,,False,,False,,False,,True,1
95004,95004,,,LES ENCADREMENTS DE MIROIRS,ACTIF,,False,,False,,False,,False,,False,,False,,False,,False,,False,,False,,False,,False,,False,,True,1
95005,95005,,,LES ENCADREMENTS DE MIROIRS,ACTIF,,False,,False,,False,,False,,False,,False,,False,,False,,False,,False,,False,,False,,False,,True,1
96001,96001,,,LES ENCADREMENTS DE MIROIRS,ACTIF,,False,,False,,False,,False,,False,,False,,False,,False,,False,,False,,False,,False,,False,,True,1
97001,97001,,,LES ENCADREMENTS DE MIROIRS,ACTIF,,False,,False,,False,,False,,False,,False,,False,,False,,False,,False,,False,,False,,False,,True,1
97200,97200,,,LES ENCADREMENTS DE MIROIRS,ACTIF,,False,,False,,False,,False,,False,,False,,False,,False,,False,,False,,False,,False,,False,,True,1
97300,97300,,,LES ENCADREMENTS DE MIROIRS,ACTIF,,False,,False,,False,,False,,False,,False,,False,,False,,False,,False,,False,,False,,False,,True,1
97500,97500,,,LES ENCADREMENTS DE MIROIRS,ACTIF,,False,,False,,False,,False,,False,,False,,False,,False,,False,,False,,False,,False,,False,,True,1
98006,98006,,,LES ENCADREMENTS DE MIROIRS,ACTIF,,False,,False,,False,,False,,False,,False,,False,,False,,False,,False,,False,,False,,False,,True,1
23.01,23-01,buste,,LES BUSTES,ACTIF,,False,,False,,False,,False,,False,,False,,False,,False,,False,,False,,False,,False,,False,,True,X
23.02,23-02,buste,,LES BUSTES,ACTIF,,False,,False,,False,,False,,False,,False,,False,,False,,False,,False,,False,,False,,False,,True,1
23.03,23-03,buste,,LES BUSTES,ACTIF,,False,,False,,False,,False,,False,,False,,False,,False,,False,,False,,False,,False,,False,,True,1
23.04,23-04,buste,,LES BUSTES,ACTIF,,False,,False,,False,,False,,False,,False,,False,,False,,False,,False,,False,,False,,False,,True,1
23.05,23-05,buste,,LES BUSTES,ACTIF,,False,,False,,False,,False,,False,,False,,False,,False,,False,,False,,False,,False,,False,,True,1
23.06,23-06,buste,,LES BUSTES,ACTIF,,False,,False,,False,,False,,False,,False,,False,,False,,False,,False,,False,,False,,False,,True,1
23.07,23-07,buste,,LES BUSTES,ACTIF,,False,,False,,False,,False,,False,,False,,False,,False,,False,,False,,False,,False,,False,,True,1
23.08,23-08,buste,,LES BUSTES,ACTIF,,False,,False,,False,,False,,False,,False,,False,,False,,False,,False,,False,,False,,False,,True,1
23.09,23-09,buste,,LES BUSTES,ACTIF,,False,,False,,False,,False,,False,,False,,False,,False,,False,,False,,False,,False,,False,,True,1
23.10,23-10,buste,,LES BUSTES,ACTIF,,False,,False,,False,,False,,False,,False,,False,,False,,False,,False,,False,,False,,False,,True,1
M05-242,M05-242,,,LES COLONNETTES,ACTIF,,False,,False,,False,,False,,False,,False,,False,,False,,False,,False,,False,,False,,False,,False,
M05-245,M05-245,,,LES COLONNETTES,ACTIF,,False,,False,,False,,False,,False,,False,,False,,False,,False,,False,,False,,False,,False,,False,
M05-545,M05-545,,,LES COLONNETTES,ACTIF,,False,,False,,False,,False,,False,,False,,False,,False,,False,,False,,False,,False,,False,,False,
M05-B115,M05-B115,,,LES COLONNETTES,ACTIF,,False,,False,,False,,False,,False,,False,,False,,False,,False,,False,,False,,False,,False,,False,
M05-ET398,M05-ET398,,,LES COLONNETTES,ACTIF,,False,,False,,False,,False,,False,,False,,False,,False,,False,,False,,False,,False,,False,,False,
M05-FO398,M05-FO398,,,LES COLONNETTES,ACTIF,,False,,False,,False,,False,,False,,False,,False,,False,,False,,False,,False,,False,,False,,False,
M05-H115,M05-H115,,,LES COLONNETTES,ACTIF,,False,,False,,False,,False,,False,,False,,False,,False,,False,,False,,False,,False,,False,,False,
M20.06H,M20-06H,,,LES COLONNETTES,ACTIF,,False,,False,,False,,False,,False,,False,,False,,False,,False,,False,,False,,False,,False,,False,
M20.56H,M20-56H,,,LES COLONNETTES,ACTIF,,False,,False,,False,,False,,False,,False,,False,,False,,False,,False,,False,,False,,False,,False,
23000,23000,presentoir ,,LES PIEDESTAUX,ACTIF,,False,,False,,False,,False,,False,,False,,False,,False,,False,,False,,False,,False,,False,,True,1
23001,23001,presentoir avec plateau verre ,,LES PIEDESTAUX,ACTIF,,False,,False,,False,,False,,False,,False,,False,,False,,False,,False,,False,,False,,False,,True,1
0300,0300,,,LES FRESQUES et MEDAILLONS,ACTIF,,False,,False,,False,,False,,False,,False,,False,,False,,False,,False,,False,,False,,False,,True,1
0400,0400,,,LES FRESQUES et MEDAILLONS,ACTIF,,False,,False,,False,,False,,False,,False,,False,,False,,False,,False,,False,,False,,False,,True,1
0500,0500,,,LES FRESQUES et MEDAILLONS,ACTIF,,False,,False,,False,,False,,False,,False,,False,,False,,False,,False,,False,,False,,False,,True,1
0600,0600,,,LES FRESQUES et MEDAILLONS,ACTIF,,False,,False,,False,,False,,False,,False,,False,,False,,False,,False,,False,,False,,False,,True,1
0650,0650,,,LES FRESQUES et MEDAILLONS,ACTIF,,False,,False,,False,,False,,False,,False,,False,,False,,False,,False,,False,,False,,False,,True,1
0700,0700,,,LES FRESQUES et MEDAILLONS,ACTIF,,False,,False,,False,,False,,False,,False,,False,,False,,False,,False,,False,,False,,False,,True,1
3100,3100,,,LES FRESQUES et MEDAILLONS,ACTIF,,False,,False,,False,,False,,False,,False,,False,,False,,False,,False,,False,,False,,False,,True,1
3200,3200,,,LES FRESQUES et MEDAILLONS,ACTIF,,False,,False,,False,,False,,False,,False,,False,,False,,False,,False,,False,,False,,False,,True,1
3300,3300,,,LES FRESQUES et MEDAILLONS,ACTIF,,False,,False,,False,,False,,False,,False,,False,,False,,False,,False,,False,,False,,False,,True,1
3500,3500,,,LES FRESQUES et MEDAILLONS,ACTIF,,False,,False,,False,,False,,False,,False,,False,,False,,False,,False,,False,,False,,False,,True,1
3510,3510,,,LES FRESQUES et MEDAILLONS,ACTIF,,False,,False,,False,,False,,False,,False,,False,,False,,False,,False,,False,,False,,False,,True,1
3520,3520,,,LES FRESQUES et MEDAILLONS,ACTIF,,False,,False,,False,,False,,False,,False,,False,,False,,False,,False,,False,,False,,False,,True,1
3530,3530,,,LES FRESQUES et MEDAILLONS,ACTIF,,False,,False,,False,,False,,False,,False,,False,,False,,False,,False,,False,,False,,False,,True,1
3600,3600,,,LES FRESQUES et MEDAILLONS,ACTIF,,False,,False,,False,,False,,False,,False,,False,,False,,False,,False,,False,,False,,False,,True,1
3700,3700,,,LES FRESQUES et MEDAILLONS,ACTIF,,False,,False,,False,,False,,False,,False,,False,,False,,False,,False,,False,,False,,False,,True,1
3750,3750,,,LES FRESQUES et MEDAILLONS,ACTIF,,False,,False,,False,,False,,False,,False,,False,,False,,False,,False,,False,,False,,False,,True,1
3760,3760,,,LES FRESQUES et MEDAILLONS,ACTIF,,False,,False,,False,,False,,False,,False,,False,,False,,False,,False,,False,,False,,False,,True,1
3770,3770,,,LES FRESQUES et MEDAILLONS,ACTIF,,False,,False,,False,,False,,False,,False,,False,,False,,False,,False,,False,,False,,False,,True,1
3780,3780,,,LES FRESQUES et MEDAILLONS,ACTIF,,False,,False,,False,,False,,False,,False,,False,,False,,False,,False,,False,,False,,False,,True,1
3800,3800,,,LES FRESQUES et MEDAILLONS,ACTIF,,False,,False,,False,,False,,False,,False,,False,,False,,False,,False,,False,,False,,False,,True,1
0700,0700,,,LES FRESQUES et MEDAILLONS,ACTIF,,False,,False,,False,,False,,False,,False,,False,,False,,False,,False,,False,,False,,False,,True,1
3900,3900,,,LES FRESQUES et MEDAILLONS,ACTIF,,False,,False,,False,,False,,False,,False,,False,,False,,False,,False,,False,,False,,False,,True,1
3901,3901,,,LES FRESQUES et MEDAILLONS,ACTIF,,False,,False,,False,,False,,False,,False,,False,,False,,False,,False,,False,,False,,False,,True,1
3902,3902,,,LES FRESQUES et MEDAILLONS,ACTIF,,False,,False,,False,,False,,False,,False,,False,,False,,False,,False,,False,,False,,False,,True,1
3903,3903,,,LES FRESQUES et MEDAILLONS,ACTIF,,False,,False,,False,,False,,False,,False,,False,,False,,False,,False,,False,,False,,False,,True,1
3904,3904,,,LES FRESQUES et MEDAILLONS,ACTIF,,False,,False,,False,,False,,False,,False,,False,,False,,False,,False,,False,,False,,False,,True,1
3907,3907,,,LES FRESQUES et MEDAILLONS,ACTIF,,True,1,False,,False,,False,,False,,False,,False,,False,,False,,False,,False,,False,,False,,True,1
4500,4500,,,LES FRESQUES et MEDAILLONS,ACTIF,,False,,False,,False,,False,,False,,False,,False,,False,,False,,False,,False,,False,,False,,True,1
4501,4501,,,LES FRESQUES et MEDAILLONS,ACTIF,,False,,False,,False,,False,,False,,False,,False,,False,,False,,False,,False,,False,,False,,True,1
4502,4502,,,LES FRESQUES et MEDAILLONS,ACTIF,,False,,False,,False,,False,,False,,False,,False,,False,,False,,False,,False,,False,,False,,True,1
4503,4503,,,LES FRESQUES et MEDAILLONS,ACTIF,,False,,False,,False,,False,,False,,False,,False,,False,,False,,False,,False,,False,,False,,True,1
4504,4504,,,LES FRESQUES et MEDAILLONS,ACTIF,,False,,False,,False,,False,,False,,False,,False,,False,,False,,False,,False,,False,,False,,True,1
4505,4505,,,LES FRESQUES et MEDAILLONS,ACTIF,,False,,False,,False,,False,,False,,False,,False,,False,,False,,False,,False,,False,,False,,True,1
4506,4506,,,LES FRESQUES et MEDAILLONS,ACTIF,,False,,False,,False,,False,,False,,False,,False,,False,,False,,False,,False,,False,,False,,True,1
4507,4507,,,LES FRESQUES et MEDAILLONS,ACTIF,,False,,False,,False,,False,,False,,False,,False,,False,,False,,False,,False,,False,,False,,True,1
4508,4508,,,LES FRESQUES et MEDAILLONS,ACTIF,,False,,False,,False,,False,,False,,False,,False,,False,,False,,False,,False,,False,,False,,True,1
4509,4509,,,LES FRESQUES et MEDAILLONS,ACTIF,,False,,False,,False,,False,,False,,False,,False,,False,,False,,False,,False,,False,,False,,True,1
500,500,Oeuf platre,131,LES OBJETS DECORATIFS,ACTIF,,False,,False,,False,,False,,False,,False,,False,,False,,False,,False,,False,,False,,False,,True,X
60.07,60-07,vase,,LES OBJETS DECORATIFS,ACTIF,,False,,False,,False,,False,,False,,False,,False,,False,,False,,False,,False,,False,,False,,True,X
POT1,POT1,,,LES OBJETS DECORATIFS,ACTIF,,False,,False,,False,,False,,False,,False,,False,,False,,False,,False,,False,,False,,False,,True,1
22140,22140,,,LES MEUBLES EN STAFF,ACTIF,,False,,False,,False,,False,,False,,False,,False,,False,,False,,False,,False,,False,,False,,False,
22150,22150,,,LES MEUBLES EN STAFF,ACTIF,,False,,False,,False,,False,,False,,False,,False,,False,,False,,False,,False,,False,,False,,False,
22130J,22130J,,,LES MEUBLES EN STAFF,ACTIF,,False,,False,,False,,False,,False,,False,,False,,False,,False,,False,,False,,False,,False,,False,
22130M,22130M,,,LES MEUBLES EN STAFF,ACTIF,,False,,False,,False,,False,,False,,False,,False,,False,,False,,False,,False,,False,,False,,False,
22160.445,22160-445,,,LES MEUBLES EN STAFF,ACTIF,,True,1,False,,False,,False,,True,1,False,,False,,False,,False,,True,1,False,,False,,False,,False,
22160.545,22160-545,,,LES MEUBLES EN STAFF,ACTIF,,False,,False,,False,,False,,False,,False,,False,,False,,False,,False,,False,,False,,False,,False,
22160.605,22160-605,,,LES MEUBLES EN STAFF,ACTIF,,False,,False,,False,,False,,False,,False,,False,,False,,False,,False,,False,,False,,False,,False,
22160.675,22160-675,,,LES MEUBLES EN STAFF,ACTIF,,False,,False,,False,,False,,False,,False,,False,,False,,False,,False,,False,,False,,False,,False,
30051,30051,,,LES MEUBLES EN STAFF,ACTIF,,False,,False,,False,,False,,False,,False,,False,,False,,False,,False,,False,,False,,False,,False,
30052,30052,,,LES MEUBLES EN STAFF,ACTIF,,False,,False,,False,,False,,False,,False,,False,,False,,False,,False,,False,,False,,False,,False,
30053,30053,,,LES MEUBLES EN STAFF,ACTIF,,False,,False,,False,,False,,False,,False,,False,,False,,False,,False,,False,,False,,False,,False,
30054,30054,,,LES MEUBLES EN STAFF,ACTIF,,False,,False,,False,,False,,False,,False,,False,,False,,False,,False,,False,,False,,False,,False,
30059,30059,,,LES MEUBLES EN STAFF,ACTIF,,False,,False,,False,,False,,False,,False,,False,,False,,False,,False,,False,,False,,False,,False,
30061,30061,,,LES MEUBLES EN STAFF,ACTIF,,False,,False,,False,,False,,False,,False,,False,,False,,False,,False,,False,,False,,False,,False,
30062,30062,,,LES MEUBLES EN STAFF,ACTIF,,False,,False,,False,,False,,False,,False,,False,,False,,False,,False,,False,,False,,False,,False,
30063,30063,,,LES MEUBLES EN STAFF,ACTIF,,False,,False,,False,,False,,False,,False,,False,,False,,False,,False,,False,,False,,False,,False,
30069,30069,,,LES MEUBLES EN STAFF,ACTIF,,False,,False,,False,,False,,False,,False,,False,,False,,False,,False,,False,,False,,False,,False,
B557G,B557G,,,LES MEUBLES EN STAFF,ACTIF,,True,1,False,,False,,False,,False,,False,,False,,False,,False,,False,,False,,False,,False,,False,
5001,5001,,,LES MEUBLES EN STAFF,ACTIF,,False,,False,,False,,False,,False,,False,,False,,False,,False,,False,,False,,False,,False,,False,
5002,5002,,,LES MEUBLES EN STAFF,ACTIF,,False,,False,,False,,False,,False,,False,,False,,False,,False,,False,,False,,False,,False,,False,
5003,5003,,,LES MEUBLES EN STAFF,ACTIF,,False,,False,,False,,False,,False,,False,,False,,False,,False,,False,,False,,False,,False,,False,
5004,5004,,,LES MEUBLES EN STAFF,ACTIF,,False,,False,,False,,False,,False,,False,,False,,False,,False,,False,,False,,False,,False,,False,
5011,5011,,,LES MEUBLES EN STAFF,ACTIF,,False,,False,,False,,False,,False,,False,,False,,False,,False,,False,,False,,False,,False,,False,
5012,5012,,,LES MEUBLES EN STAFF,ACTIF,,False,,False,,False,,False,,False,,False,,False,,False,,False,,False,,False,,False,,False,,False,
5013,5013,,,LES MEUBLES EN STAFF,ACTIF,,False,,False,,False,,False,,False,,False,,False,,False,,False,,False,,False,,False,,False,,False,
5014,5014,,,LES MEUBLES EN STAFF,ACTIF,,False,,False,,False,,False,,False,,False,,False,,False,,False,,False,,False,,False,,False,,False,
5021D,5021D,,,LES MEUBLES EN STAFF,ACTIF,,False,,False,,False,,False,,False,,False,,False,,False,,False,,False,,False,,False,,False,,False,
5021G,5021G,,,LES MEUBLES EN STAFF,ACTIF,,False,,False,,False,,False,,False,,False,,False,,False,,False,,False,,False,,False,,False,,False,
5022D,5022D,,,LES MEUBLES EN STAFF,ACTIF,,False,,False,,False,,False,,False,,False,,False,,False,,False,,False,,False,,False,,False,,False,
5022G,5022G,,,LES MEUBLES EN STAFF,ACTIF,,False,,False,,False,,False,,False,,False,,False,,False,,False,,False,,False,,False,,False,,False,
5023D,5023D,,,LES MEUBLES EN STAFF,ACTIF,,False,,False,,False,,False,,False,,False,,False,,False,,False,,False,,False,,False,,False,,False,
5023G,5023G,,,LES MEUBLES EN STAFF,ACTIF,,False,,False,,False,,False,,False,,False,,False,,False,,False,,False,,False,,False,,False,,False,
5024D,5024D,,,LES MEUBLES EN STAFF,ACTIF,,False,,False,,False,,False,,False,,False,,False,,False,,False,,False,,False,,False,,False,,False,
5024G,5024G,,,LES MEUBLES EN STAFF,ACTIF,,False,,False,,False,,False,,False,,False,,False,,False,,False,,False,,False,,False,,False,,False,
5031D,5031D,,,LES MEUBLES EN STAFF,ACTIF,,False,,False,,False,,False,,False,,False,,False,,False,,False,,False,,False,,False,,False,,False,
5031G,5031G,,,LES MEUBLES EN STAFF,ACTIF,,False,,False,,False,,False,,False,,False,,False,,False,,False,,False,,False,,False,,False,,False,
5032D,5032D,,,LES MEUBLES EN STAFF,ACTIF,,False,,False,,False,,False,,False,,False,,False,,False,,False,,False,,False,,False,,False,,False,
5032G,5032G,,,LES MEUBLES EN STAFF,ACTIF,,False,,False,,False,,False,,False,,False,,False,,False,,False,,False,,False,,False,,False,,False,
5033D,5033D,,,LES MEUBLES EN STAFF,ACTIF,,False,,False,,False,,False,,False,,False,,False,,False,,False,,False,,False,,False,,False,,False,
5033G,5033G,,,LES MEUBLES EN STAFF,ACTIF,,False,,False,,False,,False,,False,,False,,False,,False,,False,,False,,False,,False,,False,,False,
5034D,5034D,,,LES MEUBLES EN STAFF,ACTIF,,False,,False,,False,,False,,False,,False,,False,,False,,False,,False,,False,,False,,False,,False,
5034G,5034G,,,LES MEUBLES EN STAFF,ACTIF,,False,,False,,False,,False,,False,,False,,False,,False,,False,,False,,False,,False,,False,,False,
5041,5041,,,LES MEUBLES EN STAFF,ACTIF,,False,,False,,False,,False,,False,,False,,False,,False,,False,,False,,False,,False,,False,,False,
5042,5042,,,LES MEUBLES EN STAFF,ACTIF,,False,,False,,False,,False,,False,,False,,False,,False,,False,,False,,False,,False,,False,,False,
5043,5043,,,LES MEUBLES EN STAFF,ACTIF,,False,,False,,False,,False,,False,,False,,False,,False,,False,,False,,False,,False,,False,,False,
5044,5044,,,LES MEUBLES EN STAFF,ACTIF,,False,,False,,False,,False,,False,,False,,False,,False,,False,,False,,False,,False,,False,,False,
5051,5051,,,LES MEUBLES EN STAFF,ACTIF,,False,,False,,False,,False,,False,,False,,False,,False,,False,,False,,False,,False,,False,,False,
5052,5052,,,LES MEUBLES EN STAFF,ACTIF,,False,,False,,False,,False,,False,,False,,False,,False,,False,,False,,False,,False,,False,,False,
5053,5053,,,LES MEUBLES EN STAFF,ACTIF,,False,,False,,False,,False,,False,,False,,False,,False,,False,,False,,False,,False,,False,,False,
5054,5054,,,LES MEUBLES EN STAFF,ACTIF,,False,,False,,False,,False,,False,,False,,False,,False,,False,,False,,False,,False,,False,,False,
5061D,5061D,,,LES MEUBLES EN STAFF,ACTIF,,False,,False,,False,,False,,False,,False,,False,,False,,False,,False,,False,,False,,False,,False,
5061G,5061G,,,LES MEUBLES EN STAFF,ACTIF,,False,,False,,False,,False,,False,,False,,False,,False,,False,,False,,False,,False,,False,,False,
5062D,5062D,,,LES MEUBLES EN STAFF,ACTIF,,False,,False,,False,,False,,False,,False,,False,,False,,False,,False,,False,,False,,False,,False,
5062G,5062G,,,LES MEUBLES EN STAFF,ACTIF,,False,,False,,False,,False,,False,,False,,False,,False,,False,,False,,False,,False,,False,,False,
5063D,5063D,,,LES MEUBLES EN STAFF,ACTIF,,False,,False,,False,,False,,False,,False,,False,,False,,False,,False,,False,,False,,False,,False,
5063G,5063G,,,LES MEUBLES EN STAFF,ACTIF,,False,,False,,False,,False,,False,,False,,False,,False,,False,,False,,False,,False,,False,,False,
5071D,5071D,,,LES MEUBLES EN STAFF,ACTIF,,False,,False,,False,,False,,False,,False,,False,,False,,False,,False,,False,,False,,False,,False,
5071G,5071G,,,LES MEUBLES EN STAFF,ACTIF,,False,,False,,False,,False,,False,,False,,False,,False,,False,,False,,False,,False,,False,,False,
5072D,5072D,,,LES MEUBLES EN STAFF,ACTIF,,False,,False,,False,,False,,False,,False,,False,,False,,False,,False,,False,,False,,False,,False,
5072G,5072G,,,LES MEUBLES EN STAFF,ACTIF,,False,,False,,False,,False,,False,,False,,False,,False,,False,,False,,False,,False,,False,,False,
5073D,5073D,,,LES MEUBLES EN STAFF,ACTIF,,False,,False,,False,,False,,False,,False,,False,,False,,False,,False,,False,,False,,False,,False,
5073G,5073G,,,LES MEUBLES EN STAFF,ACTIF,,False,,False,,False,,False,,False,,False,,False,,False,,False,,False,,False,,False,,False,,False,
PL.70,PL-70,,,LES PLAFONNIERS,ACTIF,,False,,False,,False,,False,,False,,False,,False,,False,,False,,False,,False,,False,,False,,True,X
PL.80,PL-80,,,LES PLAFONNIERS,ACTIF,,False,,False,,False,,False,,False,,False,,False,,False,,False,,False,,False,,False,,False,,True,X
PL100,PL100,,,LES PLAFONNIERS,ACTIF,,False,,False,,False,,False,,False,,False,,False,,False,,False,,False,,False,,False,,False,,True,1
PL101,PL101,,,LES PLAFONNIERS,ACTIF,,False,,False,,False,,False,,False,,False,,False,,False,,False,,False,,False,,False,,False,,True,1
PL102,PL102,,,LES PLAFONNIERS,ACTIF,,False,,False,,False,,False,,False,,False,,False,,False,,False,,False,,False,,False,,False,,True,1
PL110,PL110,,,LES PLAFONNIERS,ACTIF,,False,,False,,False,,False,,False,,False,,False,,False,,False,,False,,False,,False,,False,,True,1
PL111,PL111,,,LES PLAFONNIERS,ACTIF,,False,,False,,False,,False,,False,,False,,False,,False,,False,,False,,False,,False,,False,,True,1
PL170.P,PL170-P,,240,LES PLAFONNIERS,ACTIF,,False,,True,1,False,,False,,True,1,False,,False,,False,,False,,False,,False,,False,,True,1,True,1
PL201,PL201,,,LES PLAFONNIERS,ACTIF,,False,,False,,False,,False,,False,,False,,False,,False,,False,,False,,False,,False,,False,,True,X
PL204,PL204,,,LES PLAFONNIERS,ACTIF,,False,,False,,False,,False,,False,,False,,False,,False,,False,,False,,False,,False,,False,,True,X
PL222,PL222,,,LES PLAFONNIERS,ACTIF,,True,1,False,,False,,True,1,True,1,False,,False,,False,,True,1,True,1,False,,False,,True,1,True,1
PL223,PL223,,,LES PLAFONNIERS,ACTIF,,True,1,False,,False,,True,1,True,1,False,,False,,False,,True,1,True,1,False,,False,,True,1,True,1
PL225,PL225,,,LES PLAFONNIERS,ACTIF,,False,,False,,False,,False,,False,,False,,False,,False,,False,,False,,False,,False,,False,,True,X
PL301,PL301,,,LES PLAFONNIERS,ACTIF,,True,1,False,,False,,False,,False,,False,,False,,False,,False,,False,,False,,False,,False,,True,1
PL302,PL302,,,LES PLAFONNIERS,ACTIF,,False,,False,,False,,False,,False,,False,,False,,False,,False,,False,,False,,False,,False,,True,1
PL303,PL303,,,LES PLAFONNIERS,ACTIF,,False,,False,,False,,False,,False,,False,,False,,False,,False,,False,,True,1,False,,False,,True,1
PL304,PL304,,,LES PLAFONNIERS,ACTIF,,False,,False,,False,,False,,False,,False,,False,,False,,False,,False,,False,,False,,False,,True,1
PL311,PL311,,,LES PLAFONNIERS,ACTIF,,False,,False,,False,,False,,False,,False,,False,,False,,False,,False,,False,,False,,False,,True,1
PL312,PL312,,,LES PLAFONNIERS,ACTIF,,False,,False,,False,,False,,False,,False,,False,,False,,False,,False,,False,,False,,False,,True,1
PL313,PL313,,,LES PLAFONNIERS,ACTIF,,True,1,True,1,False,,False,,True,1,True,1,True,1,False,,False,,False,,True,1,False,,False,,True,1
PL314,PL314,,,LES PLAFONNIERS,ACTIF,,False,,False,,False,,False,,False,,False,,False,,False,,False,,False,,False,,False,,False,,True,1
PL319,PL319,,,LES PLAFONNIERS,ACTIF,,False,,True,1,False,,False,,True,1,True,1,True,1,False,,False,,True,1,True,1,False,,True,1,True,1
PL321,PL321,,,LES PLAFONNIERS,ACTIF,,False,,False,,False,,False,,False,,False,,False,,False,,False,,False,,False,,False,,False,,True,1
PL322,PL322,,,LES PLAFONNIERS,ACTIF,,False,,False,,False,,False,,False,,False,,False,,False,,False,,False,,False,,False,,False,,True,1
PL323,PL323,,,LES PLAFONNIERS,ACTIF,,False,,False,,False,,False,,False,,False,,False,,False,,False,,False,,False,,False,,False,,True,1
PL324,PL324,,,LES PLAFONNIERS,ACTIF,,False,,True,1,False,,False,,True,1,True,1,True,1,False,,False,,True,1,False,,False,,False,,True,1
PL401,PL401,,,LES PLAFONNIERS,ACTIF,,False,,False,,False,,False,,False,,False,,False,,False,,False,,False,,False,,False,,False,,True,1
PL402,PL402,,,LES PLAFONNIERS,ACTIF,,False,,False,,False,,False,,False,,False,,False,,False,,False,,False,,False,,False,,False,,True,1
PL403,PL403,,,LES PLAFONNIERS,ACTIF,,True,1,True,1,False,,False,,True,1,False,,False,,False,,False,,True,1,False,,False,,False,,True,1
PL404,PL404,,,LES PLAFONNIERS,ACTIF,,False,,False,,False,,False,,False,,False,,False,,False,,False,,False,,False,,False,,False,,True,1
PL405,PL405,,,LES PLAFONNIERS,ACTIF,,True,1,True,1,False,,False,,True,1,False,,False,,False,,False,,True,1,False,,False,,False,,True,1
PL411,PL411,,,LES PLAFONNIERS,ACTIF,,False,,False,,False,,False,,False,,False,,False,,False,,False,,False,,False,,False,,False,,True,1
PL412,PL412,,,LES PLAFONNIERS,ACTIF,,False,,False,,False,,False,,False,,False,,False,,False,,False,,False,,False,,False,,False,,True,1
PL413,PL413,,,LES PLAFONNIERS,ACTIF,,False,,False,,False,,False,,False,,False,,False,,False,,False,,False,,False,,False,,False,,True,1
PL414,PL414,,,LES PLAFONNIERS,ACTIF,,False,,False,,False,,False,,False,,False,,False,,False,,False,,False,,False,,False,,False,,True,1
PL415,PL415,,,LES PLAFONNIERS,ACTIF,,False,,False,,False,,False,,False,,False,,False,,False,,False,,False,,False,,False,,False,,True,X
PL501,PL501,,,LES PLAFONNIERS,ACTIF,,True,1,False,,False,,False,,False,,False,,False,,False,,True,1,True,1,False,,False,,True,1,True,1
PL502,PL502,,,LES PLAFONNIERS,ACTIF,,True,1,False,,False,,False,,False,,False,,False,,False,,True,1,True,1,False,,False,,True,1,True,1
PL601,PL601,,,LES PLAFONNIERS,ACTIF,,False,,False,,False,,False,,False,,False,,False,,False,,False,,False,,False,,False,,False,,True,1
PL601.45A,PL601-45A,,,LES PLAFONNIERS,ACTIF,,False,,False,,False,,False,,False,,False,,False,,False,,False,,False,,False,,False,,False,,True,1
PL601.45D,PL601-45D,,,LES PLAFONNIERS,ACTIF,,False,,False,,False,,False,,False,,False,,False,,False,,False,,False,,False,,False,,False,,True,1
PL601.90A,PL601-90A,,,LES PLAFONNIERS,ACTIF,,False,,False,,False,,False,,False,,False,,False,,False,,False,,False,,False,,False,,False,,True,1
PL601.90D,PL601-90D,,,LES PLAFONNIERS,ACTIF,,False,,False,,False,,False,,False,,False,,False,,False,,False,,False,,False,,False,,False,,True,1
PL601.R,PL601-R,,,LES PLAFONNIERS,ACTIF,,False,,False,,False,,False,,False,,False,,False,,False,,False,,False,,False,,False,,False,,True,1
PL602,PL602,,,LES PLAFONNIERS,ACTIF,,False,,False,,False,,False,,False,,False,,False,,False,,False,,False,,False,,False,,False,,True,1
PL612,PL612,,,LES PLAFONNIERS,ACTIF,,True,1,True,1,False,,False,,True,1,True,1,True,1,False,,True,1,True,1,False,,False,,False,,True,1
PL613,PL613,,,LES PLAFONNIERS,ACTIF,,True,1,True,1,False,,False,,True,1,True,1,True,1,False,,False,,True,1,False,,False,,False,,True,1
PL614,PL614,,,LES PLAFONNIERS,ACTIF,,True,1,True,1,False,,False,,True,1,False,,False,,False,,False,,True,1,False,,False,,False,,True,1
PL621,PL621,,,LES PLAFONNIERS,ACTIF,,False,,False,,True,1,False,,True,1,True,1,False,,False,,False,,False,,False,,False,,False,,True,X
PL622,PL622,,,LES PLAFONNIERS,ACTIF,,True,1,False,,True,1,False,,True,1,False,,False,,False,,False,,False,,False,,False,,True,1,True,1
PL623,PL623,,,LES PLAFONNIERS,ACTIF,,True,1,False,,True,1,False,,True,1,False,,False,,False,,False,,False,,False,,False,,True,1,True,1
PL.D567,PL-D567,,,LES PLAFONNIERS,ACTIF,,True,1,False,,False,,False,,False,,False,,False,,False,,False,,False,,False,,False,,False,,True,X
PL.R01,PL-R01,,,LES PLAFONNIERS,ACTIF,,False,,False,,False,,False,,False,,False,,False,,False,,False,,False,,False,,False,,False,,True,X
PL.R02,PL-R02,,,LES PLAFONNIERS,ACTIF,,False,,False,,False,,False,,False,,False,,False,,False,,False,,False,,False,,False,,False,,True,X
Plafond GRG décaissé D565 D601 D611,PLAFONDGRGDÉCAISSÉD565D601D611,,,LES PLAFONNIERS,ACTIF,,False,,True,1,False,,False,,True,1,False,,False,,False,,False,,False,,False,,False,,False,,True,X
Plafond GRG décaissé D830,PLAFONDGRGDÉCAISSÉD830,,,LES PLAFONNIERS,ACTIF,,False,,True,1,False,,False,,True,1,False,,False,,False,,False,,False,,False,,False,,False,,True,X
01,01,,,LES APPLIQUES,ACTIF,,False,,False,,False,,False,,False,,False,,False,,False,,False,,False,,False,,False,,False,,True,1
02,02,,,LES APPLIQUES,ACTIF,,False,,False,,False,,False,,False,,False,,False,,False,,False,,False,,False,,False,,False,,True,X
03,03,,,LES APPLIQUES,ACTIF,,False,,False,,False,,False,,False,,False,,False,,False,,False,,False,,False,,False,,False,,True,X
04,04,,,LES APPLIQUES,ACTIF,,False,,False,,False,,False,,False,,False,,False,,False,,False,,False,,False,,False,,False,,True,X
05,05,,,LES APPLIQUES,ACTIF,,False,,False,,False,,False,,False,,False,,False,,False,,False,,False,,False,,False,,False,,True,X
06,06,,,LES APPLIQUES,ACTIF,,False,,False,,False,,False,,False,,False,,False,,False,,False,,False,,False,,False,,False,,True,1
07,07,,,LES APPLIQUES,ACTIF,,False,,False,,False,,False,,False,,False,,False,,False,,False,,False,,False,,False,,False,,True,1
08,08,,,LES APPLIQUES,ACTIF,,False,,False,,False,,False,,False,,False,,False,,False,,False,,False,,False,,False,,False,,True,X
09,09,,,LES APPLIQUES,ACTIF,,False,,False,,False,,False,,False,,False,,False,,False,,False,,False,,False,,False,,False,,True,X
10,10,,,LES APPLIQUES,ACTIF,,False,,False,,False,,False,,False,,False,,False,,False,,False,,False,,False,,False,,False,,True,1
11,11,,,LES APPLIQUES,ACTIF,,False,,False,,False,,False,,False,,False,,False,,False,,False,,False,,False,,False,,False,,True,X
12,12,,,LES APPLIQUES,ACTIF,,False,,False,,False,,False,,False,,False,,False,,False,,False,,False,,False,,False,,False,,True,X
13,13,,,LES APPLIQUES,ACTIF,,False,,False,,False,,False,,False,,False,,False,,False,,False,,False,,False,,False,,False,,True,1
14,14,,,LES APPLIQUES,ACTIF,,False,,False,,False,,False,,False,,False,,False,,False,,False,,False,,False,,False,,False,,True,X
15,15,,,LES APPLIQUES,ACTIF,,False,,False,,False,,False,,False,,False,,False,,False,,False,,False,,False,,False,,False,,True,X
16,16,,,LES APPLIQUES,ACTIF,,False,,False,,False,,False,,False,,False,,False,,False,,False,,False,,False,,False,,False,,True,X
17A,17A,,,LES APPLIQUES,ACTIF,,False,,False,,False,,False,,False,,False,,False,,False,,False,,False,,False,,False,,False,,True,X
18A,18A,,,LES APPLIQUES,ACTIF,,False,,False,,False,,False,,False,,False,,False,,False,,False,,False,,False,,False,,False,,True,1
19,19,,,LES APPLIQUES,ACTIF,,False,,False,,False,,False,,False,,False,,False,,False,,False,,False,,False,,False,,False,,True,1
20,20,,,LES APPLIQUES,ACTIF,,False,,False,,False,,False,,False,,False,,False,,False,,False,,False,,False,,False,,False,,True,X
20A,20A,,,LES APPLIQUES,ACTIF,,False,,False,,False,,False,,False,,False,,False,,False,,False,,False,,False,,False,,False,,True,X
21,21,,,LES APPLIQUES,ACTIF,,False,,False,,False,,False,,False,,False,,False,,False,,False,,False,,False,,False,,False,,True,X
23,23,,,LES APPLIQUES,ACTIF,,False,,False,,False,,False,,False,,False,,False,,False,,False,,False,,False,,False,,False,,True,X
24,24,,,LES APPLIQUES,ACTIF,,False,,False,,False,,False,,False,,False,,False,,False,,False,,False,,False,,False,,False,,True,X
25,25,,,LES APPLIQUES,ACTIF,,False,,False,,False,,False,,False,,False,,False,,False,,False,,False,,False,,False,,False,,True,X
26,26,,,LES APPLIQUES,ACTIF,,False,,False,,False,,False,,False,,False,,False,,False,,False,,False,,False,,False,,False,,True,1
26A,26A,,,LES APPLIQUES,ACTIF,,False,,False,,False,,False,,False,,False,,False,,False,,False,,False,,False,,False,,False,,True,1
27,27,,,LES APPLIQUES,ACTIF,,False,,False,,False,,False,,False,,False,,False,,False,,False,,False,,False,,False,,False,,True,X
28A,28A,,,LES APPLIQUES,ACTIF,,False,,False,,False,,False,,False,,False,,False,,False,,False,,False,,False,,False,,False,,True,1
30,30,,,LES APPLIQUES,ACTIF,,False,,False,,False,,False,,False,,False,,False,,False,,False,,False,,False,,False,,False,,True,1
31,31,,,LES APPLIQUES,ACTIF,,False,,False,,False,,False,,False,,False,,False,,False,,False,,False,,False,,False,,False,,True,1
32,32,,,LES APPLIQUES,ACTIF,,False,,False,,False,,False,,False,,False,,False,,False,,False,,False,,False,,False,,False,,True,1
33,33,,,LES APPLIQUES,ACTIF,,False,,False,,False,,False,,False,,False,,False,,False,,False,,False,,False,,False,,False,,True,1
34,34,,,LES APPLIQUES,ACTIF,,False,,False,,False,,False,,False,,False,,False,,False,,False,,False,,False,,False,,False,,True,X
35,35,,,LES APPLIQUES,ACTIF,,False,,False,,False,,False,,False,,False,,False,,False,,False,,False,,False,,False,,False,,True,1
36,36,,,LES APPLIQUES,ACTIF,,False,,False,,False,,False,,False,,False,,False,,False,,False,,False,,False,,False,,False,,True,1
37,37,,,LES APPLIQUES,ACTIF,,False,,False,,False,,False,,False,,False,,False,,False,,False,,False,,False,,False,,False,,True,X
38,38,,,LES APPLIQUES,ACTIF,,False,,False,,False,,False,,False,,False,,False,,False,,False,,False,,False,,False,,False,,True,X
40,40,,,LES APPLIQUES,ACTIF,,False,,False,,False,,False,,False,,False,,False,,False,,False,,False,,False,,False,,False,,True,X
41,41,,,LES APPLIQUES,ACTIF,,False,,False,,False,,False,,False,,False,,False,,False,,False,,False,,False,,False,,False,,True,X
42,42,,,LES APPLIQUES,ACTIF,,False,,False,,False,,False,,False,,False,,False,,False,,False,,False,,False,,False,,False,,True,1
43,43,,,LES APPLIQUES,ACTIF,,False,,False,,False,,False,,False,,False,,False,,False,,False,,False,,False,,False,,False,,True,X
44,44,,,LES APPLIQUES,ACTIF,,False,,False,,False,,False,,False,,False,,False,,False,,False,,False,,False,,False,,False,,True,X
45,45,,,LES APPLIQUES,ACTIF,,False,,False,,False,,False,,False,,False,,False,,False,,False,,False,,False,,False,,False,,True,X
46,46,,,LES APPLIQUES,ACTIF,,False,,False,,False,,False,,False,,False,,False,,False,,False,,False,,False,,False,,False,,True,X
47,47,,,LES APPLIQUES,ACTIF,,False,,False,,False,,False,,False,,False,,False,,False,,False,,False,,False,,False,,False,,True,X
48A,48A,,,LES APPLIQUES,ACTIF,,False,,False,,False,,False,,False,,False,,False,,False,,False,,False,,False,,False,,False,,True,X
50BN et 50BC,50BNET50BC,,,LES APPLIQUES,ACTIF,,False,,False,,False,,False,,False,,False,,False,,False,,False,,False,,False,,False,,False,,True,1
52,52,,,LES APPLIQUES,ACTIF,,False,,False,,False,,False,,False,,False,,False,,False,,False,,False,,False,,False,,False,,True,1
56,56,,,LES APPLIQUES,ACTIF,,False,,False,,False,,False,,False,,False,,False,,False,,False,,False,,False,,False,,False,,True,X
57,57,,,LES APPLIQUES,ACTIF,,False,,False,,False,,False,,False,,False,,False,,False,,False,,False,,False,,False,,False,,True,X
58BN et 58BC,58BNET58BC,,,LES APPLIQUES,ACTIF,,False,,False,,False,,False,,False,,False,,False,,False,,False,,False,,False,,False,,False,,True,X
59Y,59Y,,,LES APPLIQUES,ACTIF,,False,,False,,False,,False,,False,,False,,False,,False,,False,,False,,False,,False,,False,,True,1
59Z,59Z,,,LES APPLIQUES,ACTIF,,False,,False,,False,,False,,False,,False,,False,,False,,False,,False,,False,,False,,False,,True,1
60,60,,,LES APPLIQUES,ACTIF,,False,,False,,False,,False,,False,,False,,False,,False,,False,,False,,False,,False,,False,,True,X
61,61,,,LES APPLIQUES,ACTIF,,False,,False,,False,,False,,False,,False,,False,,False,,False,,False,,False,,False,,False,,True,X
62,62,,,LES APPLIQUES,ACTIF,,False,,False,,False,,False,,False,,False,,False,,False,,False,,False,,False,,False,,False,,True,1
63,63,,,LES APPLIQUES,ACTIF,,False,,False,,False,,False,,False,,False,,False,,False,,False,,False,,False,,False,,False,,True,1
64,64,,,LES APPLIQUES,ACTIF,,False,,False,,False,,False,,False,,False,,False,,False,,False,,False,,False,,False,,False,,True,1
65A,65A,,,LES APPLIQUES,ACTIF,,False,,False,,False,,False,,False,,False,,False,,False,,False,,False,,False,,False,,False,,True,X
66,66,,,LES APPLIQUES,ACTIF,,False,,False,,False,,False,,False,,False,,False,,False,,False,,False,,False,,False,,False,,True,1
67,67,,,LES APPLIQUES,ACTIF,,False,,False,,False,,False,,False,,False,,False,,False,,False,,False,,False,,False,,False,,True,X
68,68,,,LES APPLIQUES,ACTIF,,False,,False,,False,,False,,False,,False,,False,,False,,False,,False,,False,,False,,False,,True,X
69A,69A,,,LES APPLIQUES,ACTIF,,False,,False,,False,,False,,False,,False,,False,,False,,False,,False,,False,,False,,False,,True,X
70A,70A,,,LES APPLIQUES,ACTIF,,False,,False,,False,,False,,False,,False,,False,,False,,False,,False,,False,,False,,False,,True,X
71,71,,,LES APPLIQUES,ACTIF,,False,,False,,False,,False,,False,,False,,False,,False,,False,,False,,False,,False,,False,,True,X
72,72,,,LES APPLIQUES,ACTIF,,False,,False,,False,,False,,False,,False,,False,,False,,False,,False,,False,,False,,False,,True,X
73,73,,,LES APPLIQUES,ACTIF,,False,,False,,False,,False,,False,,False,,False,,False,,False,,False,,False,,False,,False,,True,X
74,74,,,LES APPLIQUES,ACTIF,,True,1,False,,False,,False,,False,,False,,False,,False,,False,,False,,False,,False,,False,,True,1
75,75,,,LES APPLIQUES,ACTIF,,False,,False,,False,,False,,False,,False,,False,,False,,False,,False,,False,,False,,False,,True,X
76,76,,,LES APPLIQUES,ACTIF,,False,,False,,False,,False,,False,,False,,False,,False,,False,,False,,False,,False,,False,,True,X
77,77,,,LES APPLIQUES,ACTIF,,False,,False,,False,,False,,False,,False,,False,,False,,False,,False,,False,,False,,False,,True,1
78,78,,,LES APPLIQUES,ACTIF,,False,,False,,False,,False,,False,,False,,False,,False,,False,,False,,False,,False,,False,,True,1
79,79,,,LES APPLIQUES,ACTIF,,False,,False,,False,,False,,False,,False,,False,,False,,False,,False,,False,,False,,False,,True,1
80,80,,,LES APPLIQUES,ACTIF,,False,,False,,False,,False,,False,,False,,False,,False,,False,,False,,False,,False,,False,,True,1
81,81,,,LES APPLIQUES,ACTIF,,False,,False,,False,,False,,False,,False,,False,,False,,False,,False,,False,,False,,False,,True,X
82,82,,,LES APPLIQUES,ACTIF,,False,,False,,False,,False,,False,,False,,False,,False,,False,,False,,False,,False,,False,,True,X
83D,83D,,,LES APPLIQUES,ACTIF,,False,,False,,False,,False,,False,,False,,False,,False,,False,,False,,False,,False,,False,,True,X
83G,83G,,,LES APPLIQUES,ACTIF,,False,,False,,False,,False,,False,,False,,False,,False,,False,,False,,False,,False,,False,,True,X
84,84,,,LES APPLIQUES,ACTIF,,False,,False,,False,,False,,False,,False,,False,,False,,False,,False,,False,,False,,False,,True,X
85,85,,,LES APPLIQUES,ACTIF,,False,,False,,False,,False,,False,,False,,False,,False,,False,,False,,False,,False,,False,,True,1
86,86,,,LES APPLIQUES,ACTIF,,False,,False,,False,,False,,False,,False,,False,,False,,False,,False,,False,,False,,False,,True,X
87,87,,,LES APPLIQUES,ACTIF,,False,,False,,False,,False,,False,,False,,False,,False,,False,,False,,False,,False,,False,,True,X
88,88,,,LES APPLIQUES,ACTIF,,False,,False,,False,,False,,False,,False,,False,,False,,False,,False,,False,,False,,False,,True,X
89,89,,,LES APPLIQUES,ACTIF,,False,,False,,False,,False,,False,,False,,False,,False,,False,,False,,False,,False,,False,,True,X
90,90,,,LES APPLIQUES,ACTIF,,False,,False,,False,,False,,False,,False,,False,,False,,False,,False,,False,,False,,False,,True,X
91,91,,,LES APPLIQUES,ACTIF,,False,,False,,False,,False,,False,,False,,False,,False,,False,,False,,False,,False,,False,,True,X
92,92,,,LES APPLIQUES,ACTIF,,False,,False,,False,,False,,False,,False,,False,,False,,False,,False,,False,,False,,False,,True,X
94D,94D,,,LES APPLIQUES,ACTIF,,False,,False,,False,,False,,False,,False,,False,,False,,False,,False,,False,,False,,False,,True,1
94G,94G,,,LES APPLIQUES,ACTIF,,False,,False,,False,,False,,False,,False,,False,,False,,False,,False,,False,,False,,False,,True,1
95,95,,,LES APPLIQUES,ACTIF,,False,,False,,False,,False,,False,,False,,False,,False,,False,,False,,False,,False,,False,,True,1
96,96,,,LES APPLIQUES,ACTIF,,False,,False,,False,,False,,False,,False,,False,,False,,False,,False,,False,,False,,False,,True,X
97,97,,,LES APPLIQUES,ACTIF,,False,,False,,False,,False,,False,,False,,False,,False,,False,,False,,False,,False,,False,,True,X
98,98,,,LES APPLIQUES,ACTIF,,False,,False,,False,,False,,False,,False,,False,,False,,False,,False,,False,,False,,False,,True,X
100,100,,,LES APPLIQUES,ACTIF,,False,,False,,False,,False,,False,,False,,False,,False,,False,,False,,False,,False,,False,,True,1
101,101,,,LES APPLIQUES,ACTIF,,True,1,False,,False,,False,,False,,False,,False,,False,,False,,False,,False,,False,,False,,True,1
201,201,,,LES APPLIQUES,ACTIF,,False,,False,,False,,False,,False,,False,,False,,False,,False,,False,,False,,False,,False,,True,X
P.LUM1,P-LUM1,,,LES TABLEAUX LUMINEUX,ACTIF,,False,,False,,False,,False,,False,,False,,False,,False,,False,,False,,False,,False,,False,,True,1
P.LUM2,P-LUM2,,,LES TABLEAUX LUMINEUX,ACTIF,,False,,False,,False,,False,,False,,False,,False,,False,,False,,False,,False,,False,,False,,True,1
P.LUM3,P-LUM3,,,LES TABLEAUX LUMINEUX,ACTIF,,False,,False,,False,,False,,False,,False,,False,,False,,False,,False,,False,,False,,False,,True,1
P.LUM4,P-LUM4,,,LES TABLEAUX LUMINEUX,ACTIF,,False,,False,,False,,False,,False,,False,,False,,False,,False,,False,,False,,False,,False,,True,1
P.LUM5,P-LUM5,,,LES TABLEAUX LUMINEUX,ACTIF,,False,,True,1,False,,False,,True,1,False,,False,,False,,True,1,False,,False,,False,,True,1,True,1
P.LUM6,P-LUM6,,,LES TABLEAUX LUMINEUX,ACTIF,,False,,True,1,True,1,False,,True,1,False,,False,,False,,True,1,False,,False,,False,,True,1,True,1
A.OT20/24,A-OT20/24,,,ACCESSOIRES ECLAIRAGE,ACTIF,,False,,False,,False,,False,,False,,False,,False,,False,,False,,False,,False,,False,,False,,True,1
AA-R1707,AA-R1707,,,ACCESSOIRES ECLAIRAGE,ACTIF,,False,,False,,False,,False,,False,,False,,False,,False,,False,,False,,False,,False,,False,,True,1
BL120,BL120,,240,PROFILS LED Gorges et bandeaux,ACTIF,,True,1,True,1,False,,True,1,True,1,True,1,True,1,False,,True,1,True,1,True,1,True,1,True,1,True,1
BL122,BL122,Profil joint creux lumineux brut sans équipement - 2 ml,240,PROFILS LED Gorges et bandeaux,ACTIF,,True,1,True,1,False,,False,,True,1,False,,False,,False,,False,,True,1,False,,False,,False,,True,1
BL130,BL130,,240,PROFILS LED Gorges et bandeaux,ACTIF,,True,1,True,1,False,,True,1,True,1,False,,False,,False,,True,1,True,1,True,1,True,1,True,1,True,1
BL131,BL131,,240,PROFILS LED Gorges et bandeaux,ACTIF,,True,1,True,1,False,,False,,True,1,True,1,True,1,False,,True,1,True,1,True,1,True,1,True,1,True,1
BL132,BL132,,240,PROFILS LED Gorges et bandeaux,ACTIF,,True,1,True,1,False,,False,,True,1,True,1,True,1,False,,True,1,True,1,True,1,True,1,True,1,True,1
BL140,BL140,,240,PROFILS LED Gorges et bandeaux,ACTIF,,True,1,True,1,False,,True,1,True,1,False,,False,,False,,True,1,True,1,True,1,True,1,True,1,True,1
BL160,BL160,,240,PROFILS LED Gorges et bandeaux,ACTIF,,True,1,True,1,False,,False,,True,1,True,1,True,1,False,,True,1,True,1,True,1,True,1,True,1,True,1
BL170,BL170,,240,PROFILS LED Gorges et bandeaux,ACTIF,,False,,True,1,False,,False,,True,1,True,1,True,1,False,,True,1,True,1,False,,False,,True,1,True,1
BL170A90E,BL170A90E,,,PROFILS LED Gorges et bandeaux,ACTIF,,False,,True,1,False,,False,,True,1,False,,False,,False,,False,,True,1,False,,False,,True,1,True,X
BL170A90I,BL170A90I,,,PROFILS LED Gorges et bandeaux,ACTIF,,False,,True,1,False,,False,,True,1,False,,False,,False,,False,,True,1,False,,False,,True,1,True,X
BL170R25I,BL170R25I,,,PROFILS LED Gorges et bandeaux,ACTIF,,True,1,True,1,False,,False,,True,1,False,,False,,False,,False,,True,1,False,,False,,True,1,True,1
BL170R25E,BL170R25E,,,PROFILS LED Gorges et bandeaux,ACTIF,,True,1,True,1,False,,False,,True,1,False,,False,,False,,False,,True,1,False,,False,,True,1,True,1
BL170R50I,BL170R50I,,,PROFILS LED Gorges et bandeaux,ACTIF,,False,,True,1,False,,False,,True,1,False,,False,,False,,False,,False,,False,,False,,True,1,True,1
BL170R50E,BL170R50E,,,PROFILS LED Gorges et bandeaux,ACTIF,,False,,True,1,False,,False,,True,1,False,,False,,False,,False,,False,,False,,False,,True,1,True,1
BL170R75I,BL170R75I,,,PROFILS LED Gorges et bandeaux,ACTIF,,False,,False,,False,,False,,False,,False,,False,,False,,False,,False,,False,,False,,False,,True,X
BL170R75E,BL170R75E,,,PROFILS LED Gorges et bandeaux,ACTIF,,False,,False,,False,,False,,False,,False,,False,,False,,False,,False,,False,,False,,False,,True,X
BL170R100I,BL170R100I,,,PROFILS LED Gorges et bandeaux,ACTIF,,False,,False,,False,,False,,False,,False,,False,,False,,False,,False,,False,,False,,False,,True,X
BL170R100E,BL170R100E,,,PROFILS LED Gorges et bandeaux,ACTIF,,False,,False,,False,,False,,False,,False,,False,,False,,False,,False,,False,,False,,False,,True,X
BL180,BL180,,240,PROFILS LED Gorges et bandeaux,ACTIF,,True,1,True,1,False,,False,,True,1,False,,False,,False,,True,1,True,1,False,,False,,True,1,True,1
X.C090,X-C090,,,PROFILS LED Gorges et bandeaux,ACTIF,,True,1,True,1,False,,False,,True,1,False,,False,,False,,False,,False,,False,,False,,False,,True,1
X.D150,X-D150,,,PROFILS LED Gorges et bandeaux,ACTIF,,True,1,True,1,False,,False,,True,1,False,,False,,False,,False,,False,,False,,False,,False,,True,1
X.L150,X-L150,,,PROFILS LED Gorges et bandeaux,ACTIF,,True,1,True,1,False,,False,,True,1,False,,False,,False,,False,,False,,False,,False,,False,,True,1
X.R050,X-R050,,,PROFILS LED Gorges et bandeaux,ACTIF,,True,1,True,1,False,,False,,True,1,False,,False,,False,,False,,False,,False,,False,,False,,True,1
X.R100,X-R100,,,PROFILS LED Gorges et bandeaux,ACTIF,,True,1,True,1,False,,False,,True,1,False,,False,,False,,False,,False,,False,,False,,False,,True,1
X.R200,X-R200,,,PROFILS LED Gorges et bandeaux,ACTIF,,True,1,True,1,False,,False,,True,1,False,,False,,False,,False,,False,,False,,False,,False,,True,1
EBL0430,EBL0430,,,PROFILS LED Gorges et bandeaux,ACTIF,,True,1,True,1,False,,False,,True,1,True,1,True,1,False,,True,1,True,1,True,1,True,1,True,1,True,1
EBP0430,EBP0430,,,PROFILS LED Gorges et bandeaux,ACTIF,,False,,True,1,False,,False,,True,1,False,,False,,False,,False,,False,,True,1,True,1,True,1,True,X
EBP0530,EBP0530,,,PROFILS LED Gorges et bandeaux,ACTIF,,True,1,False,,False,,False,,True,1,False,,False,,False,,True,1,True,1,False,,False,,False,,True,1
EBP0830,EBP0830,,,PROFILS LED Gorges et bandeaux,ACTIF,,True,1,False,,False,,False,,True,1,False,,False,,False,,True,1,True,1,False,,False,,False,,True,1
EBP1030,EBP1030,,,PROFILS LED Gorges et bandeaux,ACTIF,,True,1,False,,False,,False,,True,1,False,,False,,False,,True,1,True,1,False,,False,,False,,True,1
EBP0525P,EBP0525P,,,PROFILS LED Gorges et bandeaux,ACTIF,,True,1,False,,False,,False,,True,1,False,,False,,False,,True,1,True,1,False,,False,,False,,True,1
EDCP2,EDCP2,,,PROFILS LED Gorges et bandeaux,ACTIF,,False,,True,1,False,,False,,True,1,False,,False,,False,,False,,False,,False,,False,,False,,True,X
EMB95,EMB95,,,PROFILS LED Gorges et bandeaux,ACTIF,,True,1,True,1,False,,False,,True,1,True,1,False,,False,,True,1,True,1,True,1,True,1,True,1,True,1
BP.PF1,BP-PF1,,,PROFILS LED Gorges et bandeaux,ACTIF,,True,1,True,1,False,,True,1,True,1,False,,False,,False,,True,1,True,1,True,1,True,1,True,1,True,1
BP.PF2,BP-PF2,,,PROFILS LED Gorges et bandeaux,ACTIF,,True,1,True,1,False,,True,1,True,1,False,,False,,False,,True,1,True,1,True,1,True,1,True,1,True,1
BP.PF3,BP-PF3,,,PROFILS LED Gorges et bandeaux,ACTIF,,True,1,True,1,False,,True,1,True,1,False,,False,,False,,True,1,True,1,True,1,True,1,True,1,True,1
JDCP1,JDCP1,,,PROFILS LED Gorges et bandeaux,ACTIF,,False,,True,1,False,,False,,True,1,False,,False,,False,,False,,False,,False,,False,,False,,True,X
JDCP2,JDCP2,,,PROFILS LED Gorges et bandeaux,ACTIF,,False,,False,,False,,False,,False,,False,,False,,False,,False,,False,,False,,False,,False,,True,X
JDCP3,JDCP3,,,PROFILS LED Gorges et bandeaux,ACTIF,,False,,True,1,False,,False,,True,1,False,,False,,False,,False,,False,,False,,False,,False,,True,X
JC22.10,JC22-10,,,PROFILS LED Gorges et bandeaux,ACTIF,,True,1,True,1,False,,False,,True,1,False,,False,,False,,True,1,True,1,False,,False,,False,,True,1
JC22.20,JC22-20,,,PROFILS LED Gorges et bandeaux,ACTIF,,True,1,True,1,False,,False,,True,1,False,,False,,False,,True,1,True,1,False,,False,,False,,True,1
JC22.30,JC22-30,,,PROFILS LED Gorges et bandeaux,ACTIF,,True,1,True,1,False,,False,,True,1,False,,False,,False,,True,1,True,1,False,,False,,False,,True,1
JC22.40,JC22-40,,,PROFILS LED Gorges et bandeaux,ACTIF,,True,1,True,1,False,,False,,True,1,False,,False,,False,,True,1,True,1,False,,False,,False,,True,1
JC55.10,JC55-10,,,PROFILS LED Gorges et bandeaux,ACTIF,,True,1,True,1,False,,False,,True,1,False,,False,,False,,True,1,True,1,False,,False,,False,,True,1
JC55.20,JC55-20,,,PROFILS LED Gorges et bandeaux,ACTIF,,True,1,True,1,False,,False,,True,1,False,,False,,False,,True,1,True,1,False,,False,,False,,True,1
JC43.21P,JC43-21P,,,PROFILS LED Gorges et bandeaux,ACTIF,,True,1,True,1,False,,False,,True,1,False,,False,,False,,True,1,True,1,False,,False,,False,,True,1
JC542.15P,JC542-15P,,,PROFILS LED Gorges et bandeaux,ACTIF,,True,1,True,1,False,,False,,True,1,False,,False,,False,,True,1,True,1,False,,False,,False,,True,1
BP10,BP10,,,PROFILS LED Gorges et bandeaux,ACTIF,,False,,False,,False,,False,,False,,True,1,True,1,False,,False,,False,,False,,False,,True,1,True,1
BP20,BP20,,,PROFILS LED Gorges et bandeaux,ACTIF,,False,,False,,False,,False,,False,,True,1,True,1,False,,False,,False,,False,,False,,True,1,True,1
BP30,BP30,,,PROFILS LED Gorges et bandeaux,ACTIF,,False,,False,,False,,False,,False,,True,1,True,1,False,,False,,False,,False,,False,,True,1,True,1
BP30P,BP30P,,,PROFILS LED Gorges et bandeaux,ACTIF,,True,1,True,1,False,,True,1,True,1,False,,False,,False,,True,1,True,1,False,,False,,True,1,True,1
U1910,U1910,,,PROFILS LED Gorges et bandeaux,ACTIF,,True,1,False,,False,,False,,True,1,False,,False,,False,,True,1,True,1,False,,False,,False,,True,1
U1925,U1925,,,PROFILS LED Gorges et bandeaux,ACTIF,,True,1,False,,False,,False,,True,1,False,,False,,False,,True,1,True,1,False,,False,,False,,True,1
U2410,U2410,,,PROFILS LED Gorges et bandeaux,ACTIF,,True,1,False,,False,,False,,True,1,False,,False,,False,,True,1,True,1,False,,False,,False,,True,1
U2425,U2425,,,PROFILS LED Gorges et bandeaux,ACTIF,,True,1,False,,False,,False,,True,1,False,,False,,False,,True,1,True,1,False,,False,,False,,True,1
U3210,U3210,,,PROFILS LED Gorges et bandeaux,ACTIF,,True,1,False,,False,,False,,True,1,False,,False,,False,,True,1,True,1,False,,False,,False,,True,1
U3225,U3225,,,PROFILS LED Gorges et bandeaux,ACTIF,,True,1,False,,False,,False,,True,1,False,,False,,False,,True,1,True,1,False,,False,,False,,True,1
US0740,US0740,,,PROFILS LED Gorges et bandeaux,ACTIF,,True,1,False,,False,,False,,True,1,False,,False,,False,,True,1,True,1,False,,False,,False,,True,1
US1040,US1040,,,PROFILS LED Gorges et bandeaux,ACTIF,,True,1,False,,False,,False,,True,1,False,,False,,False,,True,1,True,1,False,,False,,False,,True,1
E1010P,E1010P,,,PROFILS LED Gorges et bandeaux,ACTIF,,False,,True,1,False,,False,,True,1,False,,False,,False,,False,,False,,False,,False,,True,1,True,1
E2020P,E2020P,,,PROFILS LED Gorges et bandeaux,ACTIF,,False,,True,1,False,,False,,True,1,False,,False,,False,,False,,False,,False,,False,,True,1,True,1
E0510E,E0510E,,,PROFILS LED Gorges et bandeaux,ACTIF,,True,1,True,1,False,,False,,True,1,False,,False,,False,,True,1,True,1,False,,False,,False,,True,1
E0520E,E0520E,,,PROFILS LED Gorges et bandeaux,ACTIF,,True,1,True,1,False,,False,,True,1,False,,False,,False,,True,1,True,1,False,,False,,False,,True,1
E0530E,E0530E,,,PROFILS LED Gorges et bandeaux,ACTIF,,True,1,True,1,False,,False,,True,1,False,,False,,False,,True,1,True,1,False,,False,,False,,True,1
E0535E,E0535E,,,PROFILS LED Gorges et bandeaux,ACTIF,,True,1,True,1,False,,False,,True,1,False,,False,,False,,True,1,True,1,False,,False,,False,,True,1
E1010E,E1010E,,,PROFILS LED Gorges et bandeaux,ACTIF,,True,1,False,,False,,False,,True,1,False,,False,,False,,True,1,True,1,False,,False,,False,,True,1
E1020E,E1020E,,,PROFILS LED Gorges et bandeaux,ACTIF,,True,1,False,,False,,False,,True,1,False,,False,,False,,True,1,True,1,False,,False,,False,,True,1
E1020I,E1020I,,,PROFILS LED Gorges et bandeaux,ACTIF,,True,1,True,1,False,,False,,True,1,False,,False,,False,,True,1,True,1,False,,False,,False,,True,1
E1030E,E1030E,,,PROFILS LED Gorges et bandeaux,ACTIF,,True,1,False,,False,,False,,True,1,False,,False,,False,,True,1,True,1,False,,False,,False,,True,1
E1040E,E1040E,,,PROFILS LED Gorges et bandeaux,ACTIF,,True,1,False,,False,,False,,True,1,False,,False,,False,,True,1,True,1,False,,False,,False,,True,1
E1515E,E1515E,,,PROFILS LED Gorges et bandeaux,ACTIF,,True,1,True,1,False,,False,,True,1,False,,False,,False,,True,1,True,1,False,,False,,False,,True,1
E1520E,E1520E,,,PROFILS LED Gorges et bandeaux,ACTIF,,False,,True,1,False,,False,,True,1,False,,False,,False,,False,,False,,False,,False,,False,,True,1
E1520I,E1520I,,,PROFILS LED Gorges et bandeaux,ACTIF,,True,1,True,1,False,,False,,True,1,False,,False,,False,,True,1,True,1,False,,False,,False,,True,1
E2020E,E2020E,,,PROFILS LED Gorges et bandeaux,ACTIF,,True,1,False,,False,,False,,True,1,False,,False,,False,,False,,True,1,False,,False,,False,,True,1
E2020I,E2020I,,,PROFILS LED Gorges et bandeaux,ACTIF,,True,1,False,,False,,False,,True,1,False,,False,,False,,False,,True,1,False,,False,,False,,True,1
E2030E,E2030E,,,PROFILS LED Gorges et bandeaux,ACTIF,,True,1,False,,False,,False,,True,1,False,,False,,False,,False,,True,1,False,,False,,False,,True,1
E2030I,E2030I,,,PROFILS LED Gorges et bandeaux,ACTIF,,True,1,False,,False,,False,,True,1,False,,False,,False,,False,,True,1,False,,False,,False,,True,1
UF1005,UF1005,,,PROFILS LED Gorges et bandeaux,ACTIF,,True,1,False,,False,,False,,True,1,False,,False,,False,,True,1,True,1,False,,False,,False,,True,1
1383,1383,,,PROFILS LED Gorges et bandeaux,ACTIF,,False,,True,1,False,,False,,True,1,False,,False,,False,,False,,False,,False,,False,,False,,True,1
AE0707P,AE0707P,,,PROFILS LED Gorges et bandeaux,ACTIF,,False,,True,1,False,,False,,True,1,False,,False,,False,,False,,False,,False,,False,,True,1,True,1
EA10R.P,EA10R-P,,,PROFILS LED Gorges et bandeaux,ACTIF,,False,,True,1,False,,False,,True,1,False,,False,,False,,False,,False,,False,,False,,True,1,True,1
EA15R.P,EA15R-P,,,PROFILS LED Gorges et bandeaux,ACTIF,,False,,True,1,False,,False,,True,1,False,,False,,False,,False,,False,,False,,False,,True,1,True,1
EA20R.P,EA20R-P,,,PROFILS LED Gorges et bandeaux,ACTIF,,False,,True,1,False,,False,,True,1,False,,False,,False,,False,,False,,False,,False,,True,1,True,1
EA30R.P,EA30R-P,,,PROFILS LED Gorges et bandeaux,ACTIF,,False,,True,1,False,,False,,True,1,False,,False,,False,,False,,False,,False,,False,,True,1,True,1
EA10S.P,EA10S-P,,,PROFILS LED Gorges et bandeaux,ACTIF,,False,,True,1,False,,False,,True,1,False,,False,,False,,False,,False,,False,,False,,True,1,True,1
EA15S.P,EA15S-P,,,PROFILS LED Gorges et bandeaux,ACTIF,,False,,True,1,False,,False,,True,1,False,,False,,False,,False,,False,,False,,False,,True,1,True,1
EA20S.P,EA20S-P,,,PROFILS LED Gorges et bandeaux,ACTIF,,False,,True,1,False,,False,,True,1,False,,False,,False,,False,,False,,False,,False,,True,1,True,1
EA30S.P,EA30S-P,,,PROFILS LED Gorges et bandeaux,ACTIF,,False,,True,1,False,,False,,True,1,False,,False,,False,,False,,False,,False,,False,,True,1,True,1
PL.BAS1.P,PL-BAS1-P,,291,PROFILS LED Gorges et bandeaux,ACTIF,,False,,True,1,False,,False,,True,1,False,,False,,False,,False,,False,,False,,False,,True,1,True,1
PL.BAS2.P,PL-BAS2-P,,291,PROFILS LED Gorges et bandeaux,ACTIF,,False,,True,1,False,,False,,True,1,False,,False,,False,,False,,False,,False,,False,,True,1,True,1
PL.DOM1,PL-DOM1,,291,PROFILS LED Gorges et bandeaux,ACTIF,,False,,True,1,False,,False,,True,1,False,,False,,False,,False,,False,,False,,False,,True,1,True,1
PL.DOM2,PL-DOM2,,291,PROFILS LED Gorges et bandeaux,ACTIF,,False,,True,1,False,,False,,True,1,False,,False,,False,,False,,False,,False,,False,,False,,True,X
PL.PUITS1,PL-PUITS1,,,PROFILS LED Gorges et bandeaux,ACTIF,,False,,False,,False,,False,,False,,False,,False,,False,,False,,False,,False,,False,,False,,True,1
PL.PUITS2,PL-PUITS2,,,PROFILS LED Gorges et bandeaux,ACTIF,,False,,False,,False,,False,,False,,False,,False,,False,,False,,False,,False,,False,,False,,True,1
PL.PUITS3,PL-PUITS3,,,PROFILS LED Gorges et bandeaux,ACTIF,,False,,False,,False,,False,,False,,False,,False,,False,,False,,False,,False,,False,,False,,True,1
PL.PUITS4,PL-PUITS4,,,PROFILS LED Gorges et bandeaux,ACTIF,,False,,False,,False,,False,,False,,False,,False,,False,,False,,False,,False,,False,,False,,True,X
ENC01,ENC01,,,LES ENCASTRES,ACTIF,,False,,False,,False,,False,,False,,False,,False,,False,,False,,False,,False,,False,,False,,True,X
ENC01.SP,ENC01-SP,,,LES ENCASTRES,ACTIF,,False,,False,,False,,False,,False,,False,,False,,False,,False,,False,,False,,False,,False,,True,X
ENC02,ENC02,,,LES ENCASTRES,ACTIF,,False,,False,,False,,False,,False,,False,,False,,False,,False,,False,,False,,False,,False,,True,X
ENC02.SP,ENC02-SP,,,LES ENCASTRES,ACTIF,,False,,False,,False,,False,,False,,False,,False,,False,,False,,False,,False,,False,,False,,True,X
ENC03,ENC03,,,LES ENCASTRES,ACTIF,,False,,False,,False,,False,,False,,False,,False,,False,,False,,False,,False,,False,,False,,True,X
ENC03.SP,ENC03-SP,,,LES ENCASTRES,ACTIF,,False,,False,,False,,False,,False,,False,,False,,False,,False,,False,,False,,False,,False,,True,X
ENC04,ENC04,,,LES ENCASTRES,ACTIF,,False,,False,,False,,False,,False,,False,,False,,False,,False,,False,,False,,False,,False,,True,X
ENC04.SP,ENC04-SP,,,LES ENCASTRES,ACTIF,,False,,False,,False,,False,,False,,False,,False,,False,,False,,False,,False,,False,,False,,True,X
ENC21,ENC21,,,LES ENCASTRES,ACTIF,,False,,False,,False,,False,,False,,False,,False,,False,,False,,False,,False,,False,,False,,False,à supprimer
ENC22,ENC22,,,LES ENCASTRES,ACTIF,,False,,False,,False,,False,,False,,False,,False,,False,,False,,False,,False,,False,,False,,False,à supprimer
ENC23,ENC23,,,LES ENCASTRES,ACTIF,,False,,False,,False,,False,,False,,False,,False,,False,,False,,False,,False,,False,,False,,False,à supprimer
ENC24,ENC24,,,LES ENCASTRES,ACTIF,,False,,False,,False,,False,,False,,False,,False,,False,,False,,False,,False,,False,,False,,False,à supprimer
ENC25,ENC25,,,LES ENCASTRES,ACTIF,,False,,False,,False,,False,,False,,False,,False,,False,,False,,False,,False,,False,,False,,False,à supprimer
ENC31,ENC31,,,LES ENCASTRES,ACTIF,,True,1,True,1,False,,False,,True,1,False,,False,,False,,False,,False,,False,,False,,False,,True,1
ENC32,ENC32,,,LES ENCASTRES,ACTIF,,True,1,True,1,False,,False,,True,1,False,,False,,False,,False,,False,,False,,False,,False,,True,1
ENC35,ENC35,,,LES ENCASTRES,ACTIF,,True,1,True,1,False,,False,,True,1,False,,True,1,False,,False,,False,,True,1,False,,True,1,True,1
ENC41,ENC41,,,LES ENCASTRES,ACTIF,,False,,True,1,False,,False,,True,1,False,,False,,False,,False,,False,,False,,False,,True,1,True,X
ENC601,ENC601,,,LES ENCASTRES,ACTIF,,False,,False,,False,,False,,False,,False,,False,,False,,False,,False,,False,,False,,False,,True,X
ENC602,ENC602,,,LES ENCASTRES,ACTIF,,False,,False,,False,,False,,False,,False,,False,,False,,False,,False,,False,,False,,False,,True,X
ENC603,ENC603,,,LES ENCASTRES,ACTIF,,False,,False,,False,,False,,False,,False,,False,,False,,False,,False,,False,,False,,False,,True,X
A.PLAS6,A-PLAS6,,,LES ENCASTRES,ACTIF,,True,1,True,1,False,,False,,True,1,False,,True,1,False,,False,,True,1,False,,False,,True,1,True,1
A.PLAS7,A-PLAS7,,,LES ENCASTRES,ACTIF,,True,1,True,1,False,,False,,True,1,False,,True,1,False,,False,,True,1,False,,False,,True,1,True,1
A.PLAS8,A-PLAS8,,,LES ENCASTRES,ACTIF,,True,1,True,1,False,,False,,True,1,False,,True,1,False,,False,,True,1,False,,False,,True,1,True,1
A.PLAS11,A-PLAS11,,,LES ENCASTRES,ACTIF,,True,1,False,,False,,False,,True,1,False,,False,,False,,False,,False,,False,,False,,False,,False,à supprimer
A.PLAS12,A-PLAS12,,,LES ENCASTRES,ACTIF,,True,1,False,,False,,False,,True,1,False,,False,,False,,False,,False,,False,,False,,False,,False,à supprimer
R.PLACO40,R-PLACO40,,,LES TRAPPES DE VISITES et GRILLE DE VENTILATION,ACTIF,,True,1,True,1,False,,False,,False,,False,,False,,False,,False,,True,1,False,,False,,True,1,True,1
R.PLACO55,R-PLACO55,,,LES TRAPPES DE VISITES et GRILLE DE VENTILATION,ACTIF,,True,1,True,1,False,,False,,False,,False,,False,,False,,False,,True,1,False,,False,,True,1,True,1
R.STAFF40,R-STAFF40,,,LES TRAPPES DE VISITES et GRILLE DE VENTILATION,ACTIF,,True,1,True,1,False,,False,,False,,False,,False,,False,,False,,True,1,False,,False,,True,1,True,1
R.STAFF55,R-STAFF55,,,LES TRAPPES DE VISITES et GRILLE DE VENTILATION,ACTIF,,True,1,True,1,False,,False,,False,,False,,False,,False,,False,,True,1,False,,False,,True,1,True,1
R.GV800,R-GV800,grille de ventilation à 3 fentes de 800 mm ,,LES TRAPPES DE VISITES et GRILLE DE VENTILATION,ACTIF,,False,,True,1,False,,False,,True,1,False,,False,,False,,False,,False,,False,,False,,False,,True,X
CO100,CO100,,,LES PLAQUES,ACTIF,,False,,False,,False,,False,,False,,False,,False,,False,,False,,False,,False,,False,,False,,True,1
CO105,CO105,,,LES PLAQUES,ACTIF,,False,,False,,False,,False,,False,,False,,False,,False,,False,,False,,False,,False,,False,,True,1
CO110,CO110,,,LES PLAQUES,ACTIF,,False,,False,,False,,False,,False,,False,,False,,False,,False,,False,,False,,False,,False,,True,1
CO120,CO120,,,LES PLAQUES,ACTIF,,False,,False,,False,,False,,False,,False,,False,,False,,False,,False,,False,,False,,False,,True,1
CO80,CO80,,,LES PLAQUES,ACTIF,,False,,False,,False,,False,,False,,False,,False,,False,,False,,False,,False,,False,,False,,True,1
CO90,CO90,,,LES PLAQUES,ACTIF,,False,,False,,False,,False,,False,,False,,False,,False,,False,,False,,False,,False,,False,,True,1
PLAQ2,PLAQ2,,,LES PLAQUES,ACTIF,,False,,False,,False,,False,,False,,False,,False,,False,,False,,False,,False,,False,,False,,True,X
PLAQ4,PLAQ4,,,LES PLAQUES,ACTIF,,False,,False,,False,,False,,False,,False,,False,,False,,False,,False,,False,,False,,False,,True,1
PLAQ5,PLAQ5,,,LES PLAQUES,ACTIF,,False,,False,,False,,False,,False,,False,,False,,False,,False,,False,,False,,False,,False,,True,1
PLAQ6,PLAQ6,,,LES PLAQUES,ACTIF,,False,,False,,False,,False,,False,,False,,False,,False,,False,,False,,False,,False,,False,,True,1
PLAQ7,PLAQ7,,,LES PLAQUES,ACTIF,,False,,False,,False,,False,,False,,False,,False,,False,,False,,False,,False,,False,,False,,True,1
6100,6100,cache conduit,,Hottes et Cheminées,ACTIF,,False,,False,,False,,False,,False,,False,,False,,False,,False,,False,,False,,False,,False,,True,1
6101,6101,cache conduit,,Hottes et Cheminées,ACTIF,,False,,False,,False,,False,,False,,False,,False,,False,,False,,False,,False,,False,,False,,True,1
6102,6102,cache conduit,,Hottes et Cheminées,ACTIF,,False,,False,,False,,False,,False,,False,,False,,False,,False,,False,,False,,False,,False,,True,1
6103,6103,cache conduit,,Hottes et Cheminées,ACTIF,,False,,False,,False,,False,,False,,False,,False,,False,,False,,False,,False,,False,,False,,True,1
6104,6104,cache conduit,,Hottes et Cheminées,ACTIF,,False,,False,,False,,False,,False,,False,,False,,False,,False,,False,,False,,False,,False,,True,1
6105,6105,cache conduit,,Hottes et Cheminées,ACTIF,,False,,False,,False,,False,,False,,False,,False,,False,,False,,False,,False,,False,,False,,True,1
EDCP1374,EDCP1374,écran de poêle,,Hottes et Cheminées,ACTIF,,False,,False,,False,,False,,False,,False,,False,,False,,False,,False,,False,,False,,False,,True,1
EDCP7040,EDCP7040,écran de poêle,,Hottes et Cheminées,ACTIF,,False,,False,,False,,False,,False,,False,,False,,False,,False,,False,,False,,False,,False,,True,1
EDCP7048,EDCP7048,écran de poêle,,Hottes et Cheminées,ACTIF,,False,,False,,False,,False,,False,,False,,False,,False,,False,,False,,False,,False,,False,,True,1
EDCP7061,EDCP7061,écran de poêle,,Hottes et Cheminées,ACTIF,,False,,False,,False,,False,,False,,False,,False,,False,,False,,False,,False,,False,,False,,True,1
EDCP7073,EDCP7073,écran de poêle,,Hottes et Cheminées,ACTIF,,False,,False,,False,,False,,False,,False,,False,,False,,False,,False,,False,,False,,False,,True,1
EDCP7073GM,EDCP7073GM,écran de poêle,,Hottes et Cheminées,ACTIF,,False,,False,,False,,False,,False,,False,,False,,False,,False,,False,,False,,False,,False,,True,1
EDCP8000,EDCP8000,écran de poêle,,Hottes et Cheminées,ACTIF,,False,,False,,False,,False,,False,,False,,False,,False,,False,,False,,False,,False,,False,,True,1
EDCP8000GM,EDCP8000GM,écran de poêle,,Hottes et Cheminées,ACTIF,,False,,False,,False,,False,,False,,False,,False,,False,,False,,False,,False,,False,,False,,True,1
EDCPCL10,EDCPCL10,écran de poêle,,Hottes et Cheminées,ACTIF,,False,,False,,False,,False,,False,,False,,False,,False,,False,,False,,False,,False,,False,,True,1
6104,6104,,,Hottes et Cheminées,ACTIF,,True,1,True,1,False,,False,,True,1,False,,False,,False,,True,1,True,1,False,,False,,True,1,False,
6105,6105,,,Hottes et Cheminées,ACTIF,,True,1,True,1,False,,False,,True,1,False,,False,,False,,True,1,True,1,False,,False,,True,1,False,
6010J,6010J,,,Hottes et Cheminées,ACTIF,,False,,False,,False,,False,,False,,False,,False,,False,,False,,False,,False,,False,,False,,True,1
6010K,6010K,,,Hottes et Cheminées,ACTIF,,False,,False,,False,,False,,False,,False,,False,,False,,False,,False,,False,,False,,False,,True,1
6010L,6010L,,,Hottes et Cheminées,ACTIF,,False,,False,,False,,False,,False,,False,,False,,False,,False,,False,,False,,False,,False,,True,1
60102L,60102L,,,Hottes et Cheminées,ACTIF,,False,,False,,False,,False,,False,,False,,False,,False,,False,,False,,False,,False,,False,,True,1
6017,6017,,,Hottes et Cheminées,ACTIF,,False,,False,,False,,False,,False,,False,,False,,False,,False,,False,,False,,False,,False,,True,1
6018,6018,,,Hottes et Cheminées,ACTIF,,False,,False,,False,,False,,False,,False,,False,,False,,False,,False,,False,,False,,False,,True,1
6022,6022,,,Hottes et Cheminées,ACTIF,,False,,False,,False,,False,,False,,False,,False,,False,,False,,False,,False,,False,,False,,True,1
6026,6026,,,Hottes et Cheminées,ACTIF,,False,,False,,False,,False,,False,,False,,False,,False,,False,,False,,False,,False,,False,,True,1
6027,6027,,,Hottes et Cheminées,ACTIF,,False,,False,,False,,False,,False,,False,,False,,False,,False,,False,,False,,False,,False,,True,1
6028,6028,,,Hottes et Cheminées,ACTIF,,False,,False,,False,,False,,False,,False,,False,,False,,False,,False,,False,,False,,False,,True,1
6029,6029,,,Hottes et Cheminées,ACTIF,,False,,False,,False,,False,,False,,False,,False,,False,,False,,False,,False,,False,,False,,True,X
6030,6030,,,Hottes et Cheminées,ACTIF,,True,1,False,,False,,False,,True,1,False,,False,,False,,True,1,True,1,False,,False,,False,,False,
6031,6031,,,Hottes et Cheminées,ACTIF,,True,1,False,,False,,False,,True,1,False,,False,,False,,True,1,True,1,False,,False,,False,,False,
6032,6032,,,Hottes et Cheminées,ACTIF,,True,1,False,,False,,False,,True,1,False,,False,,False,,True,1,True,1,False,,False,,False,,False,
6104,6104,,,Hottes et Cheminées,ACTIF,,True,1,False,,False,,False,,True,1,False,,False,,False,,True,1,True,1,False,,False,,False,,False,
6105,6105,,,Hottes et Cheminées,ACTIF,,True,1,False,,False,,False,,True,1,False,,False,,False,,True,1,True,1,False,,False,,False,,False,
EMB1,EMB1,,,Hottes et Cheminées,ACTIF,,True,1,True,1,False,,True,1,True,1,False,,False,,False,,True,1,True,1,False,,False,,False,,False,
EMB2,EMB2,,,Hottes et Cheminées,ACTIF,,True,1,True,1,False,,True,1,True,1,False,,False,,False,,True,1,True,1,False,,False,,False,,False,
R.BOLO.75,R-BOLO-75,BOL de platrier,,Hottes et Cheminées,ACTIF,,False,,False,,False,,False,,False,,False,,False,,False,,False,,False,,False,,False,,False,,True,1
R.FDV1,R-FDV1,fibre de verre en sac 1 kg,,Hottes et Cheminées,ACTIF,,False,,False,,False,,False,,False,,False,,False,,False,,False,,False,,False,,False,,False,,True,1
R.LAM08,R-LAM08,lame de couteau,,Hottes et Cheminées,ACTIF,,False,,False,,False,,False,,False,,False,,False,,False,,False,,False,,False,,False,,False,,True,1
R.LAM10,R-LAM10,lame de couteau,,Hottes et Cheminées,ACTIF,,False,,False,,False,,False,,False,,False,,False,,False,,False,,False,,False,,False,,False,,True,1
R.LAM15,R-LAM15,lame de couteau,,Hottes et Cheminées,ACTIF,,False,,False,,False,,False,,False,,False,,False,,False,,False,,False,,False,,False,,False,,True,1
FILAS5,FILAS5,,,Hottes et Cheminées,ACTIF,,False,,False,,False,,False,,False,,False,,False,,False,,False,,False,,False,,False,,False,,True,1
0005,0005,,,Hottes et Cheminées,ACTIF,,False,,False,,False,,False,,False,,False,,False,,False,,False,,False,,False,,False,,False,,True,1
0006,0006,,,Hottes et Cheminées,ACTIF,,False,,False,,False,,False,,False,,False,,False,,False,,False,,False,,False,,False,,False,,True,1
0007,0007,,,Hottes et Cheminées,ACTIF,,False,,False,,False,,False,,False,,False,,False,,False,,False,,False,,False,,False,,False,,True,1
0010,0010,,,Hottes et Cheminées,ACTIF,,False,,False,,False,,False,,False,,False,,False,,False,,False,,False,,False,,False,,False,,True,1
0011,0011,,,Hottes et Cheminées,ACTIF,,False,,False,,False,,False,,False,,False,,False,,False,,False,,False,,False,,False,,False,,True,1
0012,0012,,,Hottes et Cheminées,ACTIF,,False,,False,,False,,False,,False,,False,,False,,False,,False,,False,,False,,False,,False,,True,1
0018,0018,,,Hottes et Cheminées,ACTIF,,False,,False,,False,,False,,False,,False,,False,,False,,False,,False,,False,,False,,False,,True,1
0029,0029,,,Hottes et Cheminées,ACTIF,,False,,False,,False,,False,,False,,False,,False,,False,,False,,False,,False,,False,,False,,True,1
0031,0031,,,Hottes et Cheminées,ACTIF,,False,,False,,False,,False,,False,,False,,False,,False,,False,,False,,False,,False,,False,,True,1
0032,0032,,,Hottes et Cheminées,ACTIF,,False,,False,,False,,False,,False,,False,,False,,False,,False,,False,,False,,False,,False,,True,1
0033,0033,,,Hottes et Cheminées,ACTIF,,False,,False,,False,,False,,False,,False,,False,,False,,False,,False,,False,,False,,False,,True,1
0038,0038,,,Hottes et Cheminées,ACTIF,,False,,False,,False,,False,,False,,False,,False,,False,,False,,False,,False,,False,,False,,True,1
0040,0040,,,Hottes et Cheminées,ACTIF,,False,,False,,False,,False,,False,,False,,False,,False,,False,,False,,False,,False,,False,,True,1
0065,0065,,,Hottes et Cheminées,ACTIF,,False,,False,,False,,False,,False,,False,,False,,False,,False,,False,,False,,False,,False,,True,1
87500,87500,,,Hottes et Cheminées,ACTIF,,False,,False,,False,,False,,False,,False,,False,,False,,False,,False,,False,,False,,False,,False,
14105,14105,,,Hottes et Cheminées,ACTIF,,False,,False,,False,,False,,False,,False,,False,,False,,False,,False,,False,,False,,False,,False,
ET800,ET800,,,Hottes et Cheminées,ACTIF,,False,,False,,False,,False,,False,,False,,False,,False,,False,,False,,False,,False,,False,,False,
ET801,ET801,,,Hottes et Cheminées,ACTIF,,False,,False,,False,,False,,False,,False,,False,,False,,False,,False,,False,,False,,False,,False,
ET802,ET802,,,Hottes et Cheminées,ACTIF,,False,,False,,False,,False,,False,,False,,False,,False,,False,,False,,False,,False,,False,,False,
ET803,ET803,,,Hottes et Cheminées,ACTIF,,False,,False,,False,,False,,False,,False,,False,,False,,False,,False,,False,,False,,False,,False,
ET804,ET804,,,Hottes et Cheminées,ACTIF,,False,,False,,False,,False,,False,,False,,False,,False,,False,,False,,False,,False,,False,,False,
ET807,ET807,,,Hottes et Cheminées,ACTIF,,False,,False,,False,,False,,False,,False,,False,,False,,False,,False,,False,,False,,False,,False,
ET808,ET808,,,Hottes et Cheminées,ACTIF,,False,,False,,False,,False,,False,,False,,False,,False,,False,,False,,False,,False,,False,,False,
ET811,ET811,,,Hottes et Cheminées,ACTIF,,False,,False,,False,,False,,False,,False,,False,,False,,False,,False,,False,,False,,False,,False,
KIT50,KIT50,,,Hottes et Cheminées,ACTIF,,False,,False,,False,,False,,False,,False,,False,,False,,False,,False,,False,,False,,False,,False,
L60.01,L60-01,,,Hottes et Cheminées,ACTIF,,False,,False,,False,,False,,False,,False,,False,,False,,False,,False,,False,,False,,False,,False,
L60.02,L60-02,,,Hottes et Cheminées,ACTIF,,False,,False,,False,,False,,False,,False,,False,,False,,False,,False,,False,,False,,False,,False,
L60.03,L60-03,,,Hottes et Cheminées,ACTIF,,False,,False,,False,,False,,False,,False,,False,,False,,False,,False,,False,,False,,False,,False,
L60.04,L60-04,,,Hottes et Cheminées,ACTIF,,False,,False,,False,,False,,False,,False,,False,,False,,False,,False,,False,,False,,False,,False,
L60.05,L60-05,,,Hottes et Cheminées,ACTIF,,False,,False,,False,,False,,False,,False,,False,,False,,False,,False,,False,,False,,False,,False,
L60.06,L60-06,,,Hottes et Cheminées,ACTIF,,False,,False,,False,,False,,False,,False,,False,,False,,False,,False,,False,,False,,False,,False,
L60.07,L60-07,,,Hottes et Cheminées,ACTIF,,False,,False,,False,,False,,False,,False,,False,,False,,False,,False,,False,,False,,False,,False,
L60.07C,L60-07C,,,Hottes et Cheminées,ACTIF,,False,,False,,False,,False,,False,,False,,False,,False,,False,,False,,False,,False,,False,,False,
L70.01,L70-01,,,Hottes et Cheminées,ACTIF,,False,,False,,False,,False,,False,,False,,False,,False,,False,,False,,False,,False,,False,,False,
L70.02,L70-02,,,Hottes et Cheminées,ACTIF,,False,,False,,False,,False,,False,,False,,False,,False,,False,,False,,False,,False,,False,,False,
L70.03,L70-03,,,Hottes et Cheminées,ACTIF,,False,,False,,False,,False,,False,,False,,False,,False,,False,,False,,False,,False,,False,,False,
L70.04,L70-04,,,Hottes et Cheminées,ACTIF,,False,,False,,False,,False,,False,,False,,False,,False,,False,,False,,False,,False,,False,,False,
L70.05,L70-05,,,Hottes et Cheminées,ACTIF,,False,,False,,False,,False,,False,,False,,False,,False,,False,,False,,False,,False,,False,,False,
LET.50,LET-50,,,Hottes et Cheminées,ACTIF,,False,,False,,False,,False,,False,,False,,False,,False,,False,,False,,False,,False,,False,,False,
OPT140,OPT140,,,Hottes et Cheminées,ACTIF,,False,,False,,False,,False,,False,,False,,False,,False,,False,,False,,False,,False,,False,,False,
OPT141,OPT141,,,Hottes et Cheminées,ACTIF,,False,,False,,False,,False,,False,,False,,False,,False,,False,,False,,False,,False,,False,,False,
PMGR4,PMGR4,,,Hottes et Cheminées,ACTIF,,False,,False,,False,,False,,False,,False,,False,,False,,False,,False,,False,,False,,False,,False,
S908,S908,,,Hottes et Cheminées,ACTIF,,True,1,True,1,False,,False,,True,1,False,,False,,False,,True,1,True,1,False,,False,,True,1,True,X
S908A,S908A,,,Hottes et Cheminées,ACTIF,,True,1,True,1,False,,False,,True,1,False,,False,,False,,True,1,True,1,False,,False,,True,1,False,
S91.01,S91-01,,,Hottes et Cheminées,ACTIF,,False,,False,,False,,False,,False,,False,,False,,False,,False,,False,,False,,False,,False,,False,
S91.02,S91-02,,,Hottes et Cheminées,ACTIF,,False,,False,,False,,False,,False,,False,,False,,False,,False,,False,,False,,False,,False,,False,
S91.03,S91-03,,,Hottes et Cheminées,ACTIF,,False,,False,,False,,False,,False,,False,,False,,False,,False,,False,,False,,False,,False,,False,
S91.04,S91-04,,,Hottes et Cheminées,ACTIF,,False,,False,,False,,False,,False,,False,,False,,False,,False,,False,,False,,False,,False,,False,
S91.05,S91-05,,,Hottes et Cheminées,ACTIF,,False,,False,,False,,False,,False,,False,,False,,False,,False,,False,,False,,False,,False,,False,
S91.06,S91-06,,,Hottes et Cheminées,ACTIF,,False,,False,,False,,False,,False,,False,,False,,False,,False,,False,,False,,False,,False,,False,
S91.07,S91-07,,,Hottes et Cheminées,ACTIF,,False,,False,,False,,False,,False,,False,,False,,False,,False,,False,,False,,False,,False,,False,
SD-PRES1/2/3,SD-PRES1/2/3,,,Hottes et Cheminées,ACTIF,,False,,False,,False,,False,,False,,False,,False,,False,,False,,False,,False,,False,,False,,True,X
U107,U107,,,Hottes et Cheminées,ACTIF,,False,,False,,False,,False,,False,,False,,False,,False,,False,,False,,False,,False,,False,,True,X
VASE1800,VASE1800,,,Hottes et Cheminées,ACTIF,,True,1,False,,False,,False,,True,1,False,,False,,False,,True,1,True,1,False,,False,,False,,True,X
VER56,VER56,,,Hottes et Cheminées,ACTIF,,False,,False,,False,,False,,False,,False,,False,,False,,False,,False,,False,,False,,False,,True,X
VER90,VER90,,,Hottes et Cheminées,ACTIF,,False,,False,,False,,False,,False,,False,,False,,False,,False,,False,,False,,False,,False,,True,X
