sku,url,largeur_px,hauteur_px,taille_octets,est_placeholder,note
0-387,https://ged.staffdecor.fr/media/cache/reference_thumb/bundles/app/images/Folder-voir.png,102,102,41872,True,
0-505,https://ged.staffdecor.fr/media/cache/reference_thumb/bundles/app/images/Folder-voir.png,102,102,41872,True,
00-386,https://ged.staffdecor.fr/media/cache/reference_thumb/bundles/app/images/Folder-voir.png,102,102,41872,True,
0710,https://ged.staffdecor.fr/media/cache/reference_thumb/uploads/551/5c0e877128280.jpg,102,102,3501,False,
0712,https://ged.staffdecor.fr/media/cache/reference_thumb/uploads/552/5c0e87c7accae.jpg,102,102,3782,False,
0714,https://ged.staffdecor.fr/media/cache/reference_thumb/uploads/363/5c0e8d17245bf.jpg,102,102,3612,False,
0724,https://ged.staffdecor.fr/media/cache/reference_thumb/uploads/549/5c0e8d26a0ce0.jpg,102,102,3654,False,
0726,https://ged.staffdecor.fr/media/cache/reference_thumb/uploads/550/5c05502fcb9d1.jpg,102,102,5182,False,
0732,https://ged.staffdecor.fr/media/cache/reference_thumb/uploads/553/5c0e87e798019.jpg,102,102,4034,False,
0734,https://ged.staffdecor.fr/media/cache/reference_thumb/uploads/547/5c0e8d37827f5.jpg,102,102,3763,False,
0742,https://ged.staffdecor.fr/media/cache/reference_thumb/uploads/554/5c0e8800889ce.jpg,102,102,4059,False,
0744,https://ged.staffdecor.fr/media/cache/reference_thumb/uploads/548/5c0e8d45698da.jpg,102,102,3800,False,
0760,https://ged.staffdecor.fr/media/cache/reference_thumb/bundles/app/images/Folder-voir.png,102,102,41872,True,
0800,https://ged.staffdecor.fr/media/cache/reference_thumb/bundles/app/images/Folder-voir.png,102,102,41872,True,
0900,https://ged.staffdecor.fr/media/cache/reference_thumb/uploads/8/03ca9cd42d5583674a31d796db20cfeb.jpg,102,102,3554,False,
0905,https://ged.staffdecor.fr/media/cache/reference_thumb/uploads/292/59dcbfc88bb24.jpg,102,102,4471,False,
0950,https://ged.staffdecor.fr/media/cache/reference_thumb/bundles/app/images/Folder-voir.png,102,102,41872,True,
1000,https://ged.staffdecor.fr/media/cache/reference_thumb/uploads/293/6a57313799fe6.png,102,102,41872,False,
1005,https://ged.staffdecor.fr/media/cache/reference_thumb/uploads/294/59dcc21d3530e.jpg,102,102,4744,False,
1025,https://ged.staffdecor.fr/media/cache/reference_thumb/bundles/app/images/Folder-voir.png,102,102,41872,True,
1050,https://ged.staffdecor.fr/media/cache/reference_thumb/bundles/app/images/Folder-voir.png,102,102,41872,True,
1101-1108,https://ged.staffdecor.fr/media/cache/reference_thumb/uploads/10/59d2411452e10.jpg,102,102,3734,False,
1101bh,https://ged.staffdecor.fr/media/cache/reference_thumb/uploads/493/5bb31a0847fcd.jpg,102,102,4265,False,
1101c,https://ged.staffdecor.fr/media/cache/reference_thumb/uploads/675/63ede98e283b4.png,102,102,41872,False,
1101d,https://ged.staffdecor.fr/media/cache/reference_thumb/bundles/app/images/Folder-voir.png,102,102,41872,True,
1101e-1,https://ged.staffdecor.fr/media/cache/reference_thumb/uploads/717/648c7a46666e1.png,102,102,41872,False,
1101h,https://ged.staffdecor.fr/media/cache/reference_thumb/uploads/626/648c7b00a846d.png,102,102,41872,False,
1102,https://ged.staffdecor.fr/media/cache/reference_thumb/uploads/11/59d243eb2fd0a.jpg,102,102,4382,False,
1102bh,https://ged.staffdecor.fr/media/cache/reference_thumb/uploads/442/5a33da0b8a193.jpg,102,102,3908,False,
1103,https://ged.staffdecor.fr/media/cache/reference_thumb/uploads/360/59e5ab276e181.jpg,102,102,3381,False,
1103bh,https://ged.staffdecor.fr/media/cache/reference_thumb/uploads/449/5a37d3a134167.jpg,102,102,3900,False,
1103c,https://ged.staffdecor.fr/media/cache/reference_thumb/uploads/676/63ede9d52def9.png,102,102,41872,False,
1103h,https://ged.staffdecor.fr/media/cache/reference_thumb/uploads/701/648c7b17a2fcd.png,102,102,41872,False,
1104,https://ged.staffdecor.fr/media/cache/reference_thumb/uploads/683/6a6224f864ee1.png,102,102,41872,False,
1104b-706,https://ged.staffdecor.fr/media/cache/reference_thumb/uploads/706/648c7abd1bee9.png,102,102,41872,False,
1105,https://ged.staffdecor.fr/media/cache/reference_thumb/uploads/568/6a622544228e3.png,102,102,41872,False,
1106,https://ged.staffdecor.fr/media/cache/reference_thumb/uploads/783/6a6224a8002ef.png,102,102,41872,False,
1107,https://ged.staffdecor.fr/media/cache/reference_thumb/uploads/12/59d244a8d9a6a.jpg,102,102,4225,False,
1107-p,https://ged.staffdecor.fr/media/cache/reference_thumb/bundles/app/images/Folder-voir.png,102,102,41872,True,
1107e,https://ged.staffdecor.fr/media/cache/reference_thumb/uploads/707/648c7a8acfd39.png,102,102,41872,False,
1107p,https://ged.staffdecor.fr/media/cache/reference_thumb/uploads/432/5a338716a449c.jpg,102,102,2992,False,
1112,https://ged.staffdecor.fr/media/cache/reference_thumb/uploads/570/63edf5e8b974a.png,102,102,41872,False,
1115p,https://ged.staffdecor.fr/media/cache/reference_thumb/bundles/app/images/Folder-voir.png,102,102,41872,True,
1120,https://ged.staffdecor.fr/media/cache/reference_thumb/uploads/13/59d244fd56e87.jpg,102,102,4339,False,
1121,https://ged.staffdecor.fr/media/cache/reference_thumb/uploads/14/59d2457f52b0c.jpg,102,102,4281,False,
1124,https://ged.staffdecor.fr/media/cache/reference_thumb/uploads/451/5a5640790f862.jpg,102,102,3881,False,
1125,https://ged.staffdecor.fr/media/cache/reference_thumb/uploads/15/59d2460ec5d56.jpg,102,102,4955,False,
1130,https://ged.staffdecor.fr/media/cache/reference_thumb/uploads/16/59d246d5af9e4.jpg,102,102,4291,False,
1131,https://ged.staffdecor.fr/media/cache/reference_thumb/uploads/686/63ee010533fbb.png,102,102,41872,False,
1132-685,https://ged.staffdecor.fr/media/cache/reference_thumb/uploads/685/63edfaf5b8c63.png,102,102,41872,False,
1140c,https://ged.staffdecor.fr/media/cache/reference_thumb/uploads/486/5b8e57905c3ee.jpg,102,102,3134,False,
1140c-1,https://ged.staffdecor.fr/media/cache/reference_thumb/uploads/681/63eded081a103.jpg,102,102,3134,False,
1141c,https://ged.staffdecor.fr/media/cache/reference_thumb/uploads/487/5b8e57a16bc14.jpg,102,102,3287,False,
1145c,https://ged.staffdecor.fr/media/cache/reference_thumb/uploads/17/59d24798b5637.jpg,102,102,5057,False,
1145c-1,https://ged.staffdecor.fr/media/cache/reference_thumb/uploads/677/63edeebbdf9d2.jpg,102,102,5057,False,
1150,https://ged.staffdecor.fr/media/cache/reference_thumb/bundles/app/images/Folder-voir.png,102,102,41872,True,
1151,https://ged.staffdecor.fr/media/cache/reference_thumb/uploads/566/63edf61fae1ea.png,102,102,41872,False,
1153,https://ged.staffdecor.fr/media/cache/reference_thumb/uploads/1031/6a0ac27364f42.png,102,102,41872,False,
1155,https://ged.staffdecor.fr/media/cache/reference_thumb/uploads/450/5a54e4523a667.jpg,102,102,3580,False,
1156,https://ged.staffdecor.fr/media/cache/reference_thumb/uploads/18/59d2483ab095e.jpg,102,102,4948,False,
1165,https://ged.staffdecor.fr/media/cache/reference_thumb/uploads/573/62d6b0f58b2f4.jpg,102,102,3298,False,
1166,https://ged.staffdecor.fr/media/cache/reference_thumb/uploads/19/59d249c62894e.jpg,102,102,4610,False,
1200,https://ged.staffdecor.fr/media/cache/reference_thumb/uploads/445/63edfa9c16071.png,102,102,41872,False,
1200bh,https://ged.staffdecor.fr/media/cache/reference_thumb/uploads/446/5a37974b6317f.jpg,102,102,3569,False,
1201,https://ged.staffdecor.fr/media/cache/reference_thumb/uploads/490/5bae2979c90fb.jpg,102,102,3876,False,
1202,https://ged.staffdecor.fr/media/cache/reference_thumb/uploads/447/5a379c95d8bd7.jpg,102,102,2925,False,
1202bh,https://ged.staffdecor.fr/media/cache/reference_thumb/uploads/448/5a37c292461ac.jpg,102,102,3273,False,
1204,https://ged.staffdecor.fr/media/cache/reference_thumb/uploads/571/63edf6496aeaf.png,102,102,41872,False,
1204bh,https://ged.staffdecor.fr/media/cache/reference_thumb/uploads/716/648c79fdc9c88.png,102,102,41872,False,
1204h,https://ged.staffdecor.fr/media/cache/reference_thumb/uploads/715/648c79a122745.png,102,102,41872,False,
1206-459,https://ged.staffdecor.fr/media/cache/reference_thumb/uploads/459/5bae1d5b20523.jpg,102,102,3127,False,
1206r,https://ged.staffdecor.fr/media/cache/reference_thumb/uploads/492/5bae4163bf036.jpg,102,102,3763,False,
1206s,https://ged.staffdecor.fr/media/cache/reference_thumb/uploads/491/5bae417797cfa.jpg,102,102,3784,False,
1207,https://ged.staffdecor.fr/media/cache/reference_thumb/uploads/20/59d249f2721d3.jpg,102,102,4276,False,
1207bh,https://ged.staffdecor.fr/media/cache/reference_thumb/uploads/431/5a295f0633274.jpg,102,102,3577,False,
1207e,https://ged.staffdecor.fr/media/cache/reference_thumb/bundles/app/images/Folder-voir.png,102,102,41872,True,
1208,https://ged.staffdecor.fr/media/cache/reference_thumb/uploads/572/63edf6667494d.png,102,102,41872,False,
1209,https://ged.staffdecor.fr/media/cache/reference_thumb/uploads/460/5a5dd12ceb5f1.jpg,102,102,3394,False,
1210,https://ged.staffdecor.fr/media/cache/reference_thumb/uploads/397/5a13fd87711db.jpg,102,102,4161,False,
1210bh,https://ged.staffdecor.fr/media/cache/reference_thumb/uploads/443/5a33efc0e1323.jpg,102,102,4292,False,
1211,https://ged.staffdecor.fr/media/cache/reference_thumb/uploads/718/66d7191b2ab27.png,102,102,41872,False,
1212,https://ged.staffdecor.fr/media/cache/reference_thumb/uploads/719/66d7190dd12cf.png,102,102,41872,False,
1213-10,https://ged.staffdecor.fr/media/cache/reference_thumb/uploads/1059/6a1d2ed3a7858.png,102,102,41872,False,
1213bh-1,https://ged.staffdecor.fr/media/cache/reference_thumb/uploads/1060/6a1d2ee79aa66.png,102,102,41872,False,
1213g-1,https://ged.staffdecor.fr/media/cache/reference_thumb/uploads/1061/6a1d2efa77803.png,102,102,41872,False,
1214,https://ged.staffdecor.fr/media/cache/reference_thumb/uploads/743/66d7189659bf2.png,102,102,41872,False,
1215,https://ged.staffdecor.fr/media/cache/reference_thumb/bundles/app/images/Folder-voir.png,102,102,41872,True,
1216,https://ged.staffdecor.fr/media/cache/reference_thumb/bundles/app/images/Folder-voir.png,102,102,41872,True,
1220-1,https://ged.staffdecor.fr/media/cache/reference_thumb/uploads/561/62cd96ffe1a3e.jpg,102,102,5062,False,
1221,https://ged.staffdecor.fr/media/cache/reference_thumb/uploads/22/59d24b96d6c95.jpg,102,102,4921,False,
1300-p-765,https://ged.staffdecor.fr/media/cache/reference_thumb/bundles/app/images/Folder-voir.png,102,102,41872,True,
1301,https://ged.staffdecor.fr/media/cache/reference_thumb/uploads/574/63edf6c3d32a0.png,102,102,41872,False,
1304,https://ged.staffdecor.fr/media/cache/reference_thumb/uploads/575/63edf71b34cca.png,102,102,41872,False,
1310,https://ged.staffdecor.fr/media/cache/reference_thumb/uploads/684/63edf801da0b2.png,102,102,41872,False,
1318,https://ged.staffdecor.fr/media/cache/reference_thumb/bundles/app/images/Folder-voir.png,102,102,41872,True,
1318b,https://ged.staffdecor.fr/media/cache/reference_thumb/bundles/app/images/Folder-voir.png,102,102,41872,True,
1319,https://ged.staffdecor.fr/media/cache/reference_thumb/uploads/615/6852d9a098674.png,102,102,41872,False,
1321,https://ged.staffdecor.fr/media/cache/reference_thumb/bundles/app/images/Folder-voir.png,102,102,41872,True,
1323,https://ged.staffdecor.fr/media/cache/reference_thumb/uploads/767/6852d9b7d3412.png,102,102,41872,False,
1324,https://ged.staffdecor.fr/media/cache/reference_thumb/uploads/458/5a5dc60b886f2.jpg,102,102,3345,False,
1325,https://ged.staffdecor.fr/media/cache/reference_thumb/uploads/576/6852d8f33bf98.png,102,102,41872,False,
1326,https://ged.staffdecor.fr/media/cache/reference_thumb/uploads/816/6852d8d5ea08e.png,102,102,41872,False,
1326-1,https://ged.staffdecor.fr/media/cache/reference_thumb/bundles/app/images/Folder-voir.png,102,102,41872,True,
1327,https://ged.staffdecor.fr/media/cache/reference_thumb/uploads/562/68244e99c4edd.png,102,102,41872,False,
1340,https://ged.staffdecor.fr/media/cache/reference_thumb/uploads/614/6852d9381a253.png,102,102,41872,False,
1341,https://ged.staffdecor.fr/media/cache/reference_thumb/bundles/app/images/Folder-voir.png,102,102,41872,True,
1343,https://ged.staffdecor.fr/media/cache/reference_thumb/uploads/23/59d24c6a33424.jpg,102,102,4455,False,
1344,https://ged.staffdecor.fr/media/cache/reference_thumb/uploads/444/5a3774469925e.jpg,102,102,3273,False,
1345,https://ged.staffdecor.fr/media/cache/reference_thumb/uploads/24/59d24d3e0d1b9.jpg,102,102,4576,False,
1346,https://ged.staffdecor.fr/media/cache/reference_thumb/bundles/app/images/Folder-voir.png,102,102,41872,True,
1348,https://ged.staffdecor.fr/media/cache/reference_thumb/uploads/577/6852d7f4bf92a.png,102,102,41872,False,
1350,https://ged.staffdecor.fr/media/cache/reference_thumb/bundles/app/images/Folder-voir.png,102,102,41872,True,
1361,https://ged.staffdecor.fr/media/cache/reference_thumb/bundles/app/images/Folder-voir.png,102,102,41872,True,
1361-1,https://ged.staffdecor.fr/media/cache/reference_thumb/bundles/app/images/Folder-voir.png,102,102,41872,True,
1362,https://ged.staffdecor.fr/media/cache/reference_thumb/bundles/app/images/Folder-voir.png,102,102,41872,True,
1363,https://ged.staffdecor.fr/media/cache/reference_thumb/uploads/687/63ee04545edf4.jpg,102,102,4455,False,
1364,https://ged.staffdecor.fr/media/cache/reference_thumb/uploads/25/59d24da256d2d.jpg,102,102,4194,False,
1365,https://ged.staffdecor.fr/media/cache/reference_thumb/uploads/453/5a5785d7b51e8.jpg,102,102,3298,False,
1366,https://ged.staffdecor.fr/media/cache/reference_thumb/uploads/452/5a564243e51d5.jpg,102,102,3467,False,
1367,https://ged.staffdecor.fr/media/cache/reference_thumb/uploads/26/59d24e0eb93e5.jpg,102,102,3838,False,
1370,https://ged.staffdecor.fr/media/cache/reference_thumb/uploads/567/63ee032093c4c.png,102,102,41872,False,
1380,https://ged.staffdecor.fr/media/cache/reference_thumb/uploads/569/63ee033db6269.png,102,102,41872,False,
1381,https://ged.staffdecor.fr/media/cache/reference_thumb/bundles/app/images/Folder-voir.png,102,102,41872,True,
1382,https://ged.staffdecor.fr/media/cache/reference_thumb/bundles/app/images/Folder-voir.png,102,102,41872,True,
1383,https://ged.staffdecor.fr/media/cache/reference_thumb/bundles/app/images/Folder-voir.png,102,102,41872,True,
1383-1,https://ged.staffdecor.fr/media/cache/reference_thumb/bundles/app/images/Folder-voir.png,102,102,41872,True,
1384,https://ged.staffdecor.fr/media/cache/reference_thumb/bundles/app/images/Folder-voir.png,102,102,41872,True,
1385,https://ged.staffdecor.fr/media/cache/reference_thumb/bundles/app/images/Folder-voir.png,102,102,41872,True,
1400,https://ged.staffdecor.fr/media/cache/reference_thumb/uploads/864/688cc1284cedf.jpg,102,102,4043,False,
1401,https://ged.staffdecor.fr/media/cache/reference_thumb/uploads/865/684162b64a53d.jpg,102,102,3964,False,
1402,https://ged.staffdecor.fr/media/cache/reference_thumb/uploads/866/6841629a6162d.jpg,102,102,3203,False,
1403,https://ged.staffdecor.fr/media/cache/reference_thumb/uploads/867/684163711ae79.jpg,102,102,4012,False,
1404,https://ged.staffdecor.fr/media/cache/reference_thumb/uploads/868/684163c844595.jpg,102,102,4729,False,
1405,https://ged.staffdecor.fr/media/cache/reference_thumb/uploads/693/6841602496c71.jpg,102,102,3847,False,
1406,https://ged.staffdecor.fr/media/cache/reference_thumb/uploads/694/68415e76e8e97.jpg,102,102,3765,False,
1407,https://ged.staffdecor.fr/media/cache/reference_thumb/uploads/695/68415e904ec09.jpg,102,102,3142,False,
1408,https://ged.staffdecor.fr/media/cache/reference_thumb/uploads/696/6a1ec10287d15.jpg,102,102,4999,False,
1409,https://ged.staffdecor.fr/media/cache/reference_thumb/uploads/869/6a1ec19bd8ddb.png,102,102,41872,False,
1409-1,https://ged.staffdecor.fr/media/cache/reference_thumb/uploads/829/695d0b6c1b313.png,102,102,41872,False,
1410,https://ged.staffdecor.fr/media/cache/reference_thumb/uploads/862/69fb3036aa260.png,102,102,41872,False,
1410-1,https://ged.staffdecor.fr/media/cache/reference_thumb/uploads/870/69fb2ffae2367.png,102,102,41872,False,
1412,https://ged.staffdecor.fr/media/cache/reference_thumb/uploads/697/6a1ec11a41347.jpg,102,102,4649,False,
1413,https://ged.staffdecor.fr/media/cache/reference_thumb/uploads/698/68415eca02d71.jpg,102,102,4204,False,
1414,https://ged.staffdecor.fr/media/cache/reference_thumb/uploads/699/6a1ec12f3dbf8.jpg,102,102,4911,False,
1415,https://ged.staffdecor.fr/media/cache/reference_thumb/uploads/700/68415f63ba58c.jpg,102,102,3860,False,
1416,https://ged.staffdecor.fr/media/cache/reference_thumb/uploads/871/6a1ec318a72d5.png,102,102,41872,False,
1417,https://ged.staffdecor.fr/media/cache/reference_thumb/uploads/872/68418c213e992.jpg,102,102,3818,False,
1418,https://ged.staffdecor.fr/media/cache/reference_thumb/uploads/873/68418c9015f79.jpg,102,102,3695,False,
1419,https://ged.staffdecor.fr/media/cache/reference_thumb/uploads/874/68418cf4ea985.jpg,102,102,3984,False,
1420,https://ged.staffdecor.fr/media/cache/reference_thumb/uploads/875/68418d03111d3.jpg,102,102,4285,False,
1421,https://ged.staffdecor.fr/media/cache/reference_thumb/uploads/876/68418d123f380.jpg,102,102,4369,False,
1436,https://ged.staffdecor.fr/media/cache/reference_thumb/uploads/885/6a1ec16704068.png,102,102,41872,False,
1443,https://ged.staffdecor.fr/media/cache/reference_thumb/uploads/830/69e7345918528.png,102,102,41872,False,
20-06-29,https://ged.staffdecor.fr/media/cache/reference_thumb/uploads/29/59d252139561e.jpg,102,102,3922,False,
20-06b,https://ged.staffdecor.fr/media/cache/reference_thumb/uploads/31/59d2529f09fa5.jpg,102,102,4075,False,
20-06h-34,https://ged.staffdecor.fr/media/cache/reference_thumb/uploads/34/59d330598b33a.jpg,102,102,5168,False,
20-06s-398,https://ged.staffdecor.fr/media/cache/reference_thumb/bundles/app/images/Folder-voir.png,102,102,41872,True,
20-08-395,https://ged.staffdecor.fr/media/cache/reference_thumb/uploads/395/5bf81432eee71.jpg,102,102,2963,False,
20-54,https://ged.staffdecor.fr/media/cache/reference_thumb/bundles/app/images/Folder-voir.png,102,102,41872,True,
20-56,https://ged.staffdecor.fr/media/cache/reference_thumb/uploads/33/59d253898e4b7.jpg,102,102,3830,False,
20-56b-1,https://ged.staffdecor.fr/media/cache/reference_thumb/uploads/45/59d333fbe85d8.jpg,102,102,4177,False,
20-56h,https://ged.staffdecor.fr/media/cache/reference_thumb/uploads/35/59d257298255f.jpg,102,102,5410,False,
20-56s-399,https://ged.staffdecor.fr/media/cache/reference_thumb/uploads/399/5bf825d9743bd.jpg,102,102,3608,False,
20-58-396,https://ged.staffdecor.fr/media/cache/reference_thumb/uploads/396/5bf81aaaec6f9.jpg,102,102,2848,False,
20-82,https://ged.staffdecor.fr/media/cache/reference_thumb/uploads/44/59d3328b52eee.jpg,102,102,4138,False,
2000,https://ged.staffdecor.fr/media/cache/reference_thumb/bundles/app/images/Folder-voir.png,102,102,41872,True,
2019,https://ged.staffdecor.fr/media/cache/reference_thumb/bundles/app/images/Folder-voir.png,102,102,41872,True,
2020,https://ged.staffdecor.fr/media/cache/reference_thumb/uploads/1047/6a573082267cc.png,102,102,41872,False,
2024,https://ged.staffdecor.fr/media/cache/reference_thumb/bundles/app/images/Folder-voir.png,102,102,41872,True,
2030,https://ged.staffdecor.fr/media/cache/reference_thumb/bundles/app/images/Folder-voir.png,102,102,41872,True,
2032,https://ged.staffdecor.fr/media/cache/reference_thumb/bundles/app/images/Folder-voir.png,102,102,41872,True,
2039,https://ged.staffdecor.fr/media/cache/reference_thumb/bundles/app/images/Folder-voir.png,102,102,41872,True,
2044,https://ged.staffdecor.fr/media/cache/reference_thumb/bundles/app/images/Folder-voir.png,102,102,41872,True,
2050,https://ged.staffdecor.fr/media/cache/reference_thumb/bundles/app/images/Folder-voir.png,102,102,41872,True,
2060,https://ged.staffdecor.fr/media/cache/reference_thumb/bundles/app/images/Folder-voir.png,102,102,41872,True,
22104,https://ged.staffdecor.fr/media/cache/reference_thumb/bundles/app/images/Folder-voir.png,102,102,41872,True,
22105,https://ged.staffdecor.fr/media/cache/reference_thumb/bundles/app/images/Folder-voir.png,102,102,41872,True,
22106-947,https://ged.staffdecor.fr/media/cache/reference_thumb/bundles/app/images/Folder-voir.png,102,102,41872,True,
22107,https://ged.staffdecor.fr/media/cache/reference_thumb/bundles/app/images/Folder-voir.png,102,102,41872,True,
22108,https://ged.staffdecor.fr/media/cache/reference_thumb/bundles/app/images/Folder-voir.png,102,102,41872,True,
22109,https://ged.staffdecor.fr/media/cache/reference_thumb/bundles/app/images/Folder-voir.png,102,102,41872,True,
22110,https://ged.staffdecor.fr/media/cache/reference_thumb/bundles/app/images/Folder-voir.png,102,102,41872,True,
22116,https://ged.staffdecor.fr/media/cache/reference_thumb/bundles/app/images/Folder-voir.png,102,102,41872,True,
22117,https://ged.staffdecor.fr/media/cache/reference_thumb/bundles/app/images/Folder-voir.png,102,102,41872,True,
22118,https://ged.staffdecor.fr/media/cache/reference_thumb/bundles/app/images/Folder-voir.png,102,102,41872,True,
22119,https://ged.staffdecor.fr/media/cache/reference_thumb/bundles/app/images/Folder-voir.png,102,102,41872,True,
22120,https://ged.staffdecor.fr/media/cache/reference_thumb/bundles/app/images/Folder-voir.png,102,102,41872,True,
22121,https://ged.staffdecor.fr/media/cache/reference_thumb/bundles/app/images/Folder-voir.png,102,102,41872,True,
22122,https://ged.staffdecor.fr/media/cache/reference_thumb/bundles/app/images/Folder-voir.png,102,102,41872,True,
22160,https://ged.staffdecor.fr/media/cache/reference_thumb/uploads/330/59e49f46967e2.jpg,102,102,3995,False,
2518,https://ged.staffdecor.fr/media/cache/reference_thumb/uploads/538/5bffbfdcb5f2b.jpg,102,102,2864,False,
2524,https://ged.staffdecor.fr/media/cache/reference_thumb/uploads/539/5bffc0384b27b.jpg,102,102,2906,False,
2530,https://ged.staffdecor.fr/media/cache/reference_thumb/uploads/540/5bffc06d88d0c.jpg,102,102,2937,False,
2618,https://ged.staffdecor.fr/media/cache/reference_thumb/uploads/544/5c000ba7473d7.jpg,102,102,2998,False,
2624,https://ged.staffdecor.fr/media/cache/reference_thumb/uploads/545/5c000bbb1d6a6.jpg,102,102,3138,False,
2630,https://ged.staffdecor.fr/media/cache/reference_thumb/uploads/546/5c0108ed695ae.jpg,102,102,3138,False,
2718,https://ged.staffdecor.fr/media/cache/reference_thumb/uploads/543/5bffc0db21a6d.jpg,102,102,2819,False,
2724,https://ged.staffdecor.fr/media/cache/reference_thumb/uploads/542/5bffc1034ad53.jpg,102,102,2939,False,
2730,https://ged.staffdecor.fr/media/cache/reference_thumb/uploads/541/5bffc13bef557.jpg,102,102,2942,False,
2800l,https://ged.staffdecor.fr/media/cache/reference_thumb/uploads/474/5bfeb980c3cd2.jpg,102,102,4678,False,
2820l,https://ged.staffdecor.fr/media/cache/reference_thumb/uploads/475/5bffa972a3829.jpg,102,102,2995,False,
2824l,https://ged.staffdecor.fr/media/cache/reference_thumb/uploads/476/5bffab75553de.jpg,102,102,3011,False,
2830l,https://ged.staffdecor.fr/media/cache/reference_thumb/uploads/477/5bffaf4e33849.jpg,102,102,3004,False,
30-02-391,https://ged.staffdecor.fr/media/cache/reference_thumb/uploads/391/5be442f13aa33.jpg,102,102,3897,False,
30-03-43,https://ged.staffdecor.fr/media/cache/reference_thumb/bundles/app/images/Folder-voir.png,102,102,41872,True,
30-04,https://ged.staffdecor.fr/media/cache/reference_thumb/uploads/510/5bf806a2cade0.jpg,102,102,3180,False,
30-05,https://ged.staffdecor.fr/media/cache/reference_thumb/uploads/520/5bf8070279c6f.jpg,102,102,3271,False,
30-06,https://ged.staffdecor.fr/media/cache/reference_thumb/uploads/521/5bf8070d050a9.jpg,102,102,3341,False,
30-07,https://ged.staffdecor.fr/media/cache/reference_thumb/uploads/522/5bf80833b5403.jpg,102,102,3394,False,
30-08,https://ged.staffdecor.fr/media/cache/reference_thumb/uploads/526/5bf808f1163dc.jpg,102,102,3384,False,
30-09,https://ged.staffdecor.fr/media/cache/reference_thumb/uploads/527/5bf8095b46dd9.jpg,102,102,3379,False,
30-10,https://ged.staffdecor.fr/media/cache/reference_thumb/uploads/528/5bf809c7dbf56.jpg,102,102,3431,False,
30-11,https://ged.staffdecor.fr/media/cache/reference_thumb/uploads/529/5bf809d2119e5.jpg,102,102,3417,False,
30-12,https://ged.staffdecor.fr/media/cache/reference_thumb/uploads/530/5bf809e1339ce.jpg,102,102,3466,False,
30-52-392,https://ged.staffdecor.fr/media/cache/reference_thumb/uploads/392/5be442e2144ab.jpg,102,102,3793,False,
30-53-1,https://ged.staffdecor.fr/media/cache/reference_thumb/uploads/507/5be454bf743d5.jpg,102,102,3730,False,
30-54,https://ged.staffdecor.fr/media/cache/reference_thumb/uploads/509/5bf80a3d8ec58.jpg,102,102,3129,False,
30-55,https://ged.staffdecor.fr/media/cache/reference_thumb/uploads/519/5bf80b505047e.jpg,102,102,3062,False,
30-56,https://ged.staffdecor.fr/media/cache/reference_thumb/uploads/525/5bf80b5ac6fda.jpg,102,102,3222,False,
30-57,https://ged.staffdecor.fr/media/cache/reference_thumb/uploads/531/5bf80b6421ed5.jpg,102,102,3304,False,
30-58,https://ged.staffdecor.fr/media/cache/reference_thumb/uploads/532/5bf80bb49ef19.jpg,102,102,3232,False,
30-59,https://ged.staffdecor.fr/media/cache/reference_thumb/uploads/533/5bf80bbd14d99.jpg,102,102,3224,False,
30-60-534,https://ged.staffdecor.fr/media/cache/reference_thumb/uploads/534/5bf80bc6adfbb.jpg,102,102,3211,False,
30-61,https://ged.staffdecor.fr/media/cache/reference_thumb/uploads/535/5bf80bd130ee4.jpg,102,102,3160,False,
30-62,https://ged.staffdecor.fr/media/cache/reference_thumb/uploads/536/5bf80bda9c917.jpg,102,102,3208,False,
30-63,https://ged.staffdecor.fr/media/cache/reference_thumb/uploads/537/5bf80be81c694.jpg,102,102,3261,False,
3000,https://ged.staffdecor.fr/media/cache/reference_thumb/bundles/app/images/Folder-voir.png,102,102,41872,True,
3068,https://ged.staffdecor.fr/media/cache/reference_thumb/bundles/app/images/Folder-voir.png,102,102,41872,True,
31-01-394,https://ged.staffdecor.fr/media/cache/reference_thumb/bundles/app/images/Folder-voir.png,102,102,41872,True,
31-02-506,https://ged.staffdecor.fr/media/cache/reference_thumb/bundles/app/images/Folder-voir.png,102,102,41872,True,
31-04,https://ged.staffdecor.fr/media/cache/reference_thumb/bundles/app/images/Folder-voir.png,102,102,41872,True,
31-51-393,https://ged.staffdecor.fr/media/cache/reference_thumb/bundles/app/images/Folder-voir.png,102,102,41872,True,
31-52-389,https://ged.staffdecor.fr/media/cache/reference_thumb/uploads/389/5be45ebb1d404.jpg,102,102,3853,False,
31-54,https://ged.staffdecor.fr/media/cache/reference_thumb/bundles/app/images/Folder-voir.png,102,102,41872,True,
3900,https://ged.staffdecor.fr/media/cache/reference_thumb/uploads/1036/6a0dccde581fa.png,102,102,41872,False,
3901,https://ged.staffdecor.fr/media/cache/reference_thumb/uploads/1033/6a0dcd3232380.png,102,102,41872,False,
3902,https://ged.staffdecor.fr/media/cache/reference_thumb/uploads/1035/6a0dcdb08ecad.png,102,102,41872,False,
3903,https://ged.staffdecor.fr/media/cache/reference_thumb/uploads/1039/6a0dce127e039.png,102,102,41872,False,
3904,https://ged.staffdecor.fr/media/cache/reference_thumb/uploads/1034/6a0dce790ac23.png,102,102,41872,False,
3905,https://ged.staffdecor.fr/media/cache/reference_thumb/uploads/1037/6a0dced91364b.png,102,102,41872,False,
3906,https://ged.staffdecor.fr/media/cache/reference_thumb/uploads/998/69fb30ef0403a.png,102,102,41872,False,
3907,https://ged.staffdecor.fr/media/cache/reference_thumb/uploads/1038/6a0dcf1f7b6f7.png,102,102,41872,False,
40-04,https://ged.staffdecor.fr/media/cache/reference_thumb/uploads/36/59d257f8abbaa.jpg,102,102,5163,False,
40-06,https://ged.staffdecor.fr/media/cache/reference_thumb/uploads/37/59d258bd0f465.jpg,102,102,5941,False,
40-40-39,https://ged.staffdecor.fr/media/cache/reference_thumb/uploads/39/59d2591559ec8.jpg,102,102,5359,False,
40-60,https://ged.staffdecor.fr/media/cache/reference_thumb/uploads/40/59d25a68b091f.jpg,102,102,6152,False,
4200,https://ged.staffdecor.fr/media/cache/reference_thumb/uploads/997/69fb30f9913a8.png,102,102,41872,False,
4201,https://ged.staffdecor.fr/media/cache/reference_thumb/uploads/996/69fb3104b65c3.png,102,102,41872,False,
45-01,https://ged.staffdecor.fr/media/cache/reference_thumb/uploads/49/5bed91654d86e.jpg,102,102,4443,False,
45-02,https://ged.staffdecor.fr/media/cache/reference_thumb/uploads/48/5be455d9380cd.jpg,102,102,4212,False,
45-03,https://ged.staffdecor.fr/media/cache/reference_thumb/uploads/511/5bf57e5487bb0.jpg,102,102,4050,False,
45-04,https://ged.staffdecor.fr/media/cache/reference_thumb/uploads/513/5bf7bd791c2cc.jpg,102,102,3821,False,
45-05,https://ged.staffdecor.fr/media/cache/reference_thumb/uploads/516/5bf7c741293b1.jpg,102,102,3935,False,
45-06,https://ged.staffdecor.fr/media/cache/reference_thumb/uploads/517/5bf7c8e65f033.jpg,102,102,3846,False,
45-51,https://ged.staffdecor.fr/media/cache/reference_thumb/uploads/47/5bed8fd1c5c03.jpg,102,102,4772,False,
45-52,https://ged.staffdecor.fr/media/cache/reference_thumb/uploads/46/5be455eaa0c8c.jpg,102,102,4088,False,
45-53,https://ged.staffdecor.fr/media/cache/reference_thumb/uploads/512/5bf57ed47326e.jpg,102,102,4231,False,
45-54,https://ged.staffdecor.fr/media/cache/reference_thumb/uploads/514/5bf7c092f2a92.jpg,102,102,4440,False,
45-55,https://ged.staffdecor.fr/media/cache/reference_thumb/uploads/515/5bf7c2f98dac0.jpg,102,102,4389,False,
45-56,https://ged.staffdecor.fr/media/cache/reference_thumb/uploads/518/5bf7c8f275bfa.jpg,102,102,4446,False,
50-051,https://ged.staffdecor.fr/media/cache/reference_thumb/uploads/905/68fa40a612db5.png,102,102,41872,False,
50-atlas,https://ged.staffdecor.fr/media/cache/reference_thumb/uploads/467/6a1ec351629e3.png,102,102,41872,False,
6030,https://ged.staffdecor.fr/media/cache/reference_thumb/uploads/479/5b4cbbc7e7719.jpg,102,102,4239,False,
6031,https://ged.staffdecor.fr/media/cache/reference_thumb/uploads/478/5b4cba5a60afa.jpg,102,102,3502,False,
6032,https://ged.staffdecor.fr/media/cache/reference_thumb/uploads/480/5b4cbbeaa4715.jpg,102,102,3540,False,
6104,https://ged.staffdecor.fr/media/cache/reference_thumb/uploads/481/5b4dac105c664.jpg,102,102,5962,False,
6105,https://ged.staffdecor.fr/media/cache/reference_thumb/uploads/482/5b4dabe8d687c.jpg,102,102,6064,False,
6200,https://ged.staffdecor.fr/media/cache/reference_thumb/uploads/483/5b4ddc1a95058.jpg,102,102,3155,False,
7001-7,https://ged.staffdecor.fr/media/cache/reference_thumb/uploads/1007/6a02f511a23b7.png,102,102,41872,False,
7002,https://ged.staffdecor.fr/media/cache/reference_thumb/uploads/1006/6a02f52e4824e.png,102,102,41872,False,
7003,https://ged.staffdecor.fr/media/cache/reference_thumb/uploads/1008/6a02f5385b5fa.png,102,102,41872,False,
7035-labrys,https://ged.staffdecor.fr/media/cache/reference_thumb/uploads/195/59d5e222984a7.jpg,102,102,3706,False,
7036,https://ged.staffdecor.fr/media/cache/reference_thumb/uploads/196/59d5e64ebc503.jpg,102,102,6426,False,
7036plin,https://ged.staffdecor.fr/media/cache/reference_thumb/uploads/362/5a0eb910d47c2.jpg,102,102,4403,False,
7036u,https://ged.staffdecor.fr/media/cache/reference_thumb/uploads/361/59f09d53c9b37.jpg,102,102,4594,False,
7038,https://ged.staffdecor.fr/media/cache/reference_thumb/uploads/325/59dcea299d63d.jpg,102,102,5206,False,
7039-flower-295,https://ged.staffdecor.fr/media/cache/reference_thumb/uploads/295/59dcc35da1dbd.jpg,102,102,8293,False,
7040,https://ged.staffdecor.fr/media/cache/reference_thumb/uploads/323/5b363ec0af53a.jpg,102,102,8219,False,
7041,https://ged.staffdecor.fr/media/cache/reference_thumb/uploads/324/5b363fa0eba81.jpg,102,102,6634,False,
7051-7053-27,https://ged.staffdecor.fr/media/cache/reference_thumb/bundles/app/images/Folder-voir.png,102,102,41872,True,
7060-bruges-296,https://ged.staffdecor.fr/media/cache/reference_thumb/bundles/app/images/Folder-voir.png,102,102,41872,True,
7061-new-york,https://ged.staffdecor.fr/media/cache/reference_thumb/bundles/app/images/Folder-voir.png,102,102,41872,True,
7062-mosaic,https://ged.staffdecor.fr/media/cache/reference_thumb/bundles/app/images/Folder-voir.png,102,102,41872,True,
7063,https://ged.staffdecor.fr/media/cache/reference_thumb/uploads/454/5a5c7580dbfc3.jpg,102,102,12063,False,
7070-184,https://ged.staffdecor.fr/media/cache/reference_thumb/uploads/184/59d5e31e4df48.jpg,102,102,4228,False,
7071,https://ged.staffdecor.fr/media/cache/reference_thumb/uploads/185/59d5e34c59340.jpg,102,102,4314,False,
7072,https://ged.staffdecor.fr/media/cache/reference_thumb/uploads/186/59d5e378cea5f.jpg,102,102,3721,False,
7073,https://ged.staffdecor.fr/media/cache/reference_thumb/uploads/187/59d5ddfaa09ea.jpg,102,102,3616,False,
7074,https://ged.staffdecor.fr/media/cache/reference_thumb/uploads/188/59d5ddd368755.jpg,102,102,3569,False,
7075,https://ged.staffdecor.fr/media/cache/reference_thumb/uploads/189/5b4de69ac73cc.jpg,102,102,3832,False,
7078,https://ged.staffdecor.fr/media/cache/reference_thumb/uploads/191/59d5dd9bcbb12.jpg,102,102,3993,False,
7079,https://ged.staffdecor.fr/media/cache/reference_thumb/bundles/app/images/Folder-voir.png,102,102,41872,True,
7079-1,https://ged.staffdecor.fr/media/cache/reference_thumb/bundles/app/images/Folder-voir.png,102,102,41872,True,
7080-877,https://ged.staffdecor.fr/media/cache/reference_thumb/uploads/877/6867c8b08ee5c.png,102,102,41872,False,
7091,https://ged.staffdecor.fr/media/cache/reference_thumb/uploads/902/69032cf01d72d.png,102,102,41872,False,
9002,https://ged.staffdecor.fr/media/cache/reference_thumb/uploads/637/63e24d0002404.png,102,102,41872,False,
9003,https://ged.staffdecor.fr/media/cache/reference_thumb/uploads/638/63e24d15e20d4.png,102,102,41872,False,
9011-639,https://ged.staffdecor.fr/media/cache/reference_thumb/uploads/639/63e24d2f72192.png,102,102,41872,False,
9012,https://ged.staffdecor.fr/media/cache/reference_thumb/uploads/640/63e24d57ea429.png,102,102,41872,False,
9012-636,https://ged.staffdecor.fr/media/cache/reference_thumb/bundles/app/images/Folder-voir.png,102,102,41872,True,
9013,https://ged.staffdecor.fr/media/cache/reference_thumb/uploads/641/63e24d636a883.png,102,102,41872,False,
9021,https://ged.staffdecor.fr/media/cache/reference_thumb/uploads/642/6870c3557b26d.png,102,102,41872,False,
9031,https://ged.staffdecor.fr/media/cache/reference_thumb/bundles/app/images/Folder-voir.png,102,102,41872,True,
9032,https://ged.staffdecor.fr/media/cache/reference_thumb/bundles/app/images/Folder-voir.png,102,102,41872,True,
9033,https://ged.staffdecor.fr/media/cache/reference_thumb/bundles/app/images/Folder-voir.png,102,102,41872,True,
9041-748,https://ged.staffdecor.fr/media/cache/reference_thumb/uploads/748/66d7218385656.png,102,102,41872,False,
9043,https://ged.staffdecor.fr/media/cache/reference_thumb/uploads/747/66d72152cc45c.png,102,102,41872,False,
9044,https://ged.staffdecor.fr/media/cache/reference_thumb/uploads/746/66d7213e02eef.png,102,102,41872,False,
9045,https://ged.staffdecor.fr/media/cache/reference_thumb/uploads/745/66d7211e56069.png,102,102,41872,False,
9201,https://ged.staffdecor.fr/media/cache/reference_thumb/uploads/300/59dcc5ab21418.jpg,102,102,3907,False,
9202,https://ged.staffdecor.fr/media/cache/reference_thumb/uploads/301/59dcc5d252dec.jpg,102,102,3842,False,
9203,https://ged.staffdecor.fr/media/cache/reference_thumb/uploads/302/59dcc5ed7cf09.jpg,102,102,4178,False,
9204,https://ged.staffdecor.fr/media/cache/reference_thumb/uploads/303/59dcc606367bd.jpg,102,102,3983,False,
9205,https://ged.staffdecor.fr/media/cache/reference_thumb/uploads/304/59dcc61ead4f5.jpg,102,102,4104,False,
9206,https://ged.staffdecor.fr/media/cache/reference_thumb/uploads/305/59dcc6363c987.jpg,102,102,4201,False,
9211,https://ged.staffdecor.fr/media/cache/reference_thumb/uploads/306/59dcc6f80f4d8.jpg,102,102,3889,False,
9212,https://ged.staffdecor.fr/media/cache/reference_thumb/uploads/307/59dcc714683e8.jpg,102,102,3970,False,
9213,https://ged.staffdecor.fr/media/cache/reference_thumb/uploads/308/59dcc73228b36.jpg,102,102,3897,False,
9214,https://ged.staffdecor.fr/media/cache/reference_thumb/uploads/309/59dcc77b002fd.jpg,102,102,4015,False,
9215,https://ged.staffdecor.fr/media/cache/reference_thumb/uploads/310/59dcc792e230d.jpg,102,102,4226,False,
9216,https://ged.staffdecor.fr/media/cache/reference_thumb/uploads/311/59dcc7a9c3f98.jpg,102,102,4410,False,
9221,https://ged.staffdecor.fr/media/cache/reference_thumb/uploads/643/6870c28cac3cf.png,102,102,41872,False,
9222,https://ged.staffdecor.fr/media/cache/reference_thumb/uploads/644/63e24ff927084.png,102,102,41872,False,
9223,https://ged.staffdecor.fr/media/cache/reference_thumb/uploads/645/63e250092372b.png,102,102,41872,False,
9224,https://ged.staffdecor.fr/media/cache/reference_thumb/uploads/646/63e2502c90649.png,102,102,41872,False,
9225,https://ged.staffdecor.fr/media/cache/reference_thumb/uploads/647/63e2503958d5c.png,102,102,41872,False,
9226,https://ged.staffdecor.fr/media/cache/reference_thumb/uploads/648/63e25043b992b.png,102,102,41872,False,
9227,https://ged.staffdecor.fr/media/cache/reference_thumb/uploads/649/63e2504cbfb03.png,102,102,41872,False,
9228,https://ged.staffdecor.fr/media/cache/reference_thumb/uploads/650/63e250558d7b9.png,102,102,41872,False,
9302,https://ged.staffdecor.fr/media/cache/reference_thumb/bundles/app/images/Folder-voir.png,102,102,41872,True,
9302-1,https://ged.staffdecor.fr/media/cache/reference_thumb/bundles/app/images/Folder-voir.png,102,102,41872,True,
9304,https://ged.staffdecor.fr/media/cache/reference_thumb/bundles/app/images/Folder-voir.png,102,102,41872,True,
9315c,https://ged.staffdecor.fr/media/cache/reference_thumb/uploads/485/638efbe9c5fb2.jpg,102,102,3549,False,
9315c-1,https://ged.staffdecor.fr/media/cache/reference_thumb/uploads/678/63edea2f10dfa.jpg,102,102,3549,False,
960-00,https://ged.staffdecor.fr/media/cache/reference_thumb/uploads/322/59dcdab197711.jpg,102,102,4103,False,
970-00-967,https://ged.staffdecor.fr/media/cache/reference_thumb/bundles/app/images/Folder-voir.png,102,102,41872,True,
98520,https://ged.staffdecor.fr/media/cache/reference_thumb/uploads/333/59e4b92132a67.jpg,102,102,4036,False,
98530,https://ged.staffdecor.fr/media/cache/reference_thumb/uploads/331/59e4afc7061cd.jpg,102,102,4240,False,
98540-1,https://ged.staffdecor.fr/media/cache/reference_thumb/uploads/332/59e4afe3f100b.jpg,102,102,3570,False,
a-plas6,https://ged.staffdecor.fr/media/cache/reference_thumb/uploads/738/662688f0bc091.jpg,102,102,3525,False,
a-plas7,https://ged.staffdecor.fr/media/cache/reference_thumb/uploads/739/66268900ab256.jpg,102,102,3860,False,
a-plas8,https://ged.staffdecor.fr/media/cache/reference_thumb/uploads/740/6626890f77927.jpg,102,102,4243,False,
a-sp-isol,https://ged.staffdecor.fr/media/cache/reference_thumb/uploads/722/6a1ec0585e211.png,102,102,41872,False,
b557g,https://ged.staffdecor.fr/media/cache/reference_thumb/uploads/312/59dcc9b1ba406.jpg,102,102,4147,False,
bl120,https://ged.staffdecor.fr/media/cache/reference_thumb/uploads/206/59d628090f00a.jpg,102,102,3763,False,
bl122,https://ged.staffdecor.fr/media/cache/reference_thumb/uploads/910/6900d7f7ddb01.jpg,102,102,3438,False,
bl130,https://ged.staffdecor.fr/media/cache/reference_thumb/uploads/508/5bf2985646f7a.jpg,102,102,3557,False,
bl131,https://ged.staffdecor.fr/media/cache/reference_thumb/uploads/207/59d6294437ba9.jpg,102,102,4267,False,
bl132,https://ged.staffdecor.fr/media/cache/reference_thumb/uploads/208/5a155606b1ca2.jpg,102,102,4086,False,
bl140,https://ged.staffdecor.fr/media/cache/reference_thumb/uploads/212/6a18437e4d358.png,102,102,41872,False,
bl160,https://ged.staffdecor.fr/media/cache/reference_thumb/uploads/209/59d62b0f380b3.jpg,102,102,4675,False,
bl170,https://ged.staffdecor.fr/media/cache/reference_thumb/uploads/210/59d62b7e5933e.jpg,102,102,4162,False,
bl170a90e-720,https://ged.staffdecor.fr/media/cache/reference_thumb/uploads/720/6a184497d3f75.png,102,102,41872,False,
bl170a90i-721,https://ged.staffdecor.fr/media/cache/reference_thumb/uploads/721/6a18449e3cf6a.png,102,102,41872,False,
bl170r25e,https://ged.staffdecor.fr/media/cache/reference_thumb/uploads/563/6a185d43a4b47.png,102,102,41872,False,
bl170r25i,https://ged.staffdecor.fr/media/cache/reference_thumb/uploads/564/6a185d4b72cc2.png,102,102,41872,False,
bl170r50e,https://ged.staffdecor.fr/media/cache/reference_thumb/uploads/883/6a185d595d159.png,102,102,41872,False,
bl170r50i,https://ged.staffdecor.fr/media/cache/reference_thumb/uploads/884/6a185d615c4b5.png,102,102,41872,False,
bl180,https://ged.staffdecor.fr/media/cache/reference_thumb/uploads/909/6900cca55b72e.jpg,102,102,3545,False,
bords-propres,https://ged.staffdecor.fr/media/cache/reference_thumb/uploads/939/6a63387fdced8.png,102,102,41872,False,
bp-pf1-213,https://ged.staffdecor.fr/media/cache/reference_thumb/uploads/213/59d62e1abc479.jpg,102,102,4601,False,
bp-pf2-214,https://ged.staffdecor.fr/media/cache/reference_thumb/uploads/214/59d62fce5d960.jpg,102,102,3778,False,
bp-pf3-215,https://ged.staffdecor.fr/media/cache/reference_thumb/uploads/215/59d62e9196081.jpg,102,102,3844,False,
bp10,https://ged.staffdecor.fr/media/cache/reference_thumb/uploads/653/63e28164f0d7b.png,102,102,41872,False,
bp10-1,https://ged.staffdecor.fr/media/cache/reference_thumb/uploads/880/6a5f88e167ca4.png,102,102,41872,False,
bp20,https://ged.staffdecor.fr/media/cache/reference_thumb/uploads/651/63e2814787c8b.png,102,102,41872,False,
bp20-879,https://ged.staffdecor.fr/media/cache/reference_thumb/uploads/879/6a5f88fb9a645.png,102,102,41872,False,
bp30,https://ged.staffdecor.fr/media/cache/reference_thumb/uploads/652/63e28171c4c64.png,102,102,41872,False,
bp30-1,https://ged.staffdecor.fr/media/cache/reference_thumb/uploads/878/6a5f89067c712.png,102,102,41872,False,
bp30p,https://ged.staffdecor.fr/media/cache/reference_thumb/uploads/417/5bfeb7925e914.jpg,102,102,3379,False,
cache-radiateur,https://ged.staffdecor.fr/media/cache/reference_thumb/uploads/815/6a63389b14bbd.png,102,102,41872,False,
chevet1,https://ged.staffdecor.fr/media/cache/reference_thumb/uploads/203/59e4bcdac53fc.jpg,102,102,4510,False,
chevet2d-et-g-204,https://ged.staffdecor.fr/media/cache/reference_thumb/bundles/app/images/Folder-voir.png,102,102,41872,True,
cimaises,https://ged.staffdecor.fr/media/cache/reference_thumb/bundles/app/images/Folder-voir.png,102,102,41872,True,
cl10,https://ged.staffdecor.fr/media/cache/reference_thumb/uploads/258/5bb75d153febb.jpg,102,102,6743,False,
cl11,https://ged.staffdecor.fr/media/cache/reference_thumb/uploads/259/5bb75cd86d96f.jpg,102,102,7480,False,
cl12,https://ged.staffdecor.fr/media/cache/reference_thumb/uploads/260/6867c94c0ab48.png,102,102,41872,False,
cl1213a,https://ged.staffdecor.fr/media/cache/reference_thumb/uploads/896/68f5f58aaa1ae.png,102,102,41872,False,
cl1213a-1,https://ged.staffdecor.fr/media/cache/reference_thumb/uploads/1062/6a1d306d8436d.png,102,102,41872,False,
cl1213b,https://ged.staffdecor.fr/media/cache/reference_thumb/uploads/897/68f5f5685add3.png,102,102,41872,False,
cl1213b-1,https://ged.staffdecor.fr/media/cache/reference_thumb/uploads/1063/6a1d307f62f94.png,102,102,41872,False,
cl1213c,https://ged.staffdecor.fr/media/cache/reference_thumb/uploads/898/68f5f59ec0787.png,102,102,41872,False,
cl1213c-1,https://ged.staffdecor.fr/media/cache/reference_thumb/uploads/1064/6a1d30912791c.png,102,102,41872,False,
cl1213d,https://ged.staffdecor.fr/media/cache/reference_thumb/uploads/899/68f5f624c5586.png,102,102,41872,False,
cl1213d-1,https://ged.staffdecor.fr/media/cache/reference_thumb/uploads/1065/6a1d30a47a515.png,102,102,41872,False,
cl13-a-et-b-583,https://ged.staffdecor.fr/media/cache/reference_thumb/uploads/583/68822f43015d9.png,102,102,41872,False,
cl1374,https://ged.staffdecor.fr/media/cache/reference_thumb/uploads/261/5bb75d9dc9ea0.jpg,102,102,7582,False,
cl30,https://ged.staffdecor.fr/media/cache/reference_thumb/uploads/934/690ca9fcd4303.jpg,102,102,10240,False,
cl31-facet-6,https://ged.staffdecor.fr/media/cache/reference_thumb/uploads/6/5a5c76929ca1e.jpg,102,102,10015,False,
cl32,https://ged.staffdecor.fr/media/cache/reference_thumb/uploads/262/59d72bc3b0651.jpg,102,102,6501,False,
cl33,https://ged.staffdecor.fr/media/cache/reference_thumb/uploads/263/59d72c1d08660.jpg,102,102,10095,False,
cl34,https://ged.staffdecor.fr/media/cache/reference_thumb/uploads/264/59d72c507037b.jpg,102,102,5504,False,
cl35,https://ged.staffdecor.fr/media/cache/reference_thumb/uploads/265/5bbb4bc8bb10a.jpg,102,102,5497,False,
cl36,https://ged.staffdecor.fr/media/cache/reference_thumb/uploads/484/6852da78295ec.png,102,102,41872,False,
cl39-968,https://ged.staffdecor.fr/media/cache/reference_thumb/bundles/app/images/Folder-voir.png,102,102,41872,True,
colonnes,https://ged.staffdecor.fr/media/cache/reference_thumb/bundles/app/images/Folder-voir.png,102,102,41872,True,
conseils-de-pose-455,https://ged.staffdecor.fr/media/cache/reference_thumb/bundles/app/images/Folder-voir.png,102,102,41872,True,
corniches-3,https://ged.staffdecor.fr/media/cache/reference_thumb/bundles/app/images/Folder-voir.png,102,102,41872,True,
cotes-de-passages-et-dessous-de-poutres,https://ged.staffdecor.fr/media/cache/reference_thumb/bundles/app/images/Folder-voir.png,102,102,41872,True,
d100,https://ged.staffdecor.fr/media/cache/reference_thumb/uploads/590/68108042b19a9.png,102,102,41872,False,
d101-1,https://ged.staffdecor.fr/media/cache/reference_thumb/uploads/59/59d33cb2c1480.jpg,102,102,3986,False,
d102-1,https://ged.staffdecor.fr/media/cache/reference_thumb/uploads/60/59d33ca266a16.jpg,102,102,4112,False,
d103-1,https://ged.staffdecor.fr/media/cache/reference_thumb/uploads/61/6825fcf544fef.jpg,102,102,5017,False,
d103-52,https://ged.staffdecor.fr/media/cache/reference_thumb/uploads/52/59d338c68c235.jpg,102,102,5017,False,
d104-1,https://ged.staffdecor.fr/media/cache/reference_thumb/uploads/62/59d33d1a6c471.jpg,102,102,3649,False,
d105a-b,https://ged.staffdecor.fr/media/cache/reference_thumb/uploads/63/59d33d2a40e76.jpg,102,102,4502,False,
d106,https://ged.staffdecor.fr/media/cache/reference_thumb/uploads/55/59d33a04be858.jpg,102,102,3923,False,
d107-1,https://ged.staffdecor.fr/media/cache/reference_thumb/uploads/64/59d33d3d01b96.jpg,102,102,4211,False,
d108-1,https://ged.staffdecor.fr/media/cache/reference_thumb/uploads/65/59d33cd0b4f59.jpg,102,102,4836,False,
d109,https://ged.staffdecor.fr/media/cache/reference_thumb/uploads/587/638e1be6c8a00.png,102,102,41872,False,
d110,https://ged.staffdecor.fr/media/cache/reference_thumb/uploads/66/59d33c6a40ff6.jpg,102,102,4514,False,
d113,https://ged.staffdecor.fr/media/cache/reference_thumb/uploads/68/59d33f4ca9788.jpg,102,102,4220,False,
d113m,https://ged.staffdecor.fr/media/cache/reference_thumb/uploads/69/59d33f620e399.jpg,102,102,4110,False,
d114,https://ged.staffdecor.fr/media/cache/reference_thumb/uploads/71/66a9ef0cbdc4e.jpg,102,102,4001,False,
d114m,https://ged.staffdecor.fr/media/cache/reference_thumb/uploads/70/59d33ffb942de.jpg,102,102,3920,False,
d116,https://ged.staffdecor.fr/media/cache/reference_thumb/uploads/72/59d3402718142.jpg,102,102,4401,False,
d117,https://ged.staffdecor.fr/media/cache/reference_thumb/uploads/73/59d3407139f34.jpg,102,102,4353,False,
d118-1,https://ged.staffdecor.fr/media/cache/reference_thumb/uploads/500/5bbb161cdc178.jpg,102,102,3736,False,
d118-2,https://ged.staffdecor.fr/media/cache/reference_thumb/uploads/588/63243dd85f3b3.jpg,102,102,3736,False,
d121,https://ged.staffdecor.fr/media/cache/reference_thumb/uploads/589/638e19ef8cf97.png,102,102,41872,False,
d122,https://ged.staffdecor.fr/media/cache/reference_thumb/uploads/591/638e1c791540d.png,102,102,41872,False,
d123,https://ged.staffdecor.fr/media/cache/reference_thumb/uploads/558/632431965bb5e.png,102,102,41872,False,
d124,https://ged.staffdecor.fr/media/cache/reference_thumb/uploads/592/638e1cfe5f927.png,102,102,41872,False,
d125,https://ged.staffdecor.fr/media/cache/reference_thumb/uploads/593/638e1def36818.png,102,102,41872,False,
d505,https://ged.staffdecor.fr/media/cache/reference_thumb/uploads/315/68303492e0f2b.jpg,102,102,5660,False,
d510-1,https://ged.staffdecor.fr/media/cache/reference_thumb/uploads/627/63e1161065d29.png,102,102,41872,False,
d513,https://ged.staffdecor.fr/media/cache/reference_thumb/uploads/314/638e1fe1b7b0d.png,102,102,41872,False,
d515,https://ged.staffdecor.fr/media/cache/reference_thumb/uploads/92/59d35c0e2209e.jpg,102,102,5113,False,
d520,https://ged.staffdecor.fr/media/cache/reference_thumb/uploads/1/59d34254982fb.jpg,102,102,4541,False,
d525,https://ged.staffdecor.fr/media/cache/reference_thumb/uploads/291/638e204d838fe.png,102,102,41872,False,
d530,https://ged.staffdecor.fr/media/cache/reference_thumb/uploads/290/6830276e65e1b.jpg,102,102,5335,False,
d535,https://ged.staffdecor.fr/media/cache/reference_thumb/uploads/289/6830369e75510.jpg,102,102,4250,False,
d540,https://ged.staffdecor.fr/media/cache/reference_thumb/uploads/288/638e20c350d75.png,102,102,41872,False,
d545,https://ged.staffdecor.fr/media/cache/reference_thumb/uploads/287/5a04576c09db5.jpg,102,102,3624,False,
d550,https://ged.staffdecor.fr/media/cache/reference_thumb/uploads/286/63a1dbcf49a71.png,102,102,41872,False,
d555,https://ged.staffdecor.fr/media/cache/reference_thumb/uploads/94/59d35d6814cbf.jpg,102,102,4774,False,
d556-1,https://ged.staffdecor.fr/media/cache/reference_thumb/uploads/704/69f9ed2816846.png,102,102,41872,False,
d556-2,https://ged.staffdecor.fr/media/cache/reference_thumb/uploads/705/677800acccf21.png,102,102,41872,False,
d560,https://ged.staffdecor.fr/media/cache/reference_thumb/uploads/285/5a007546eda26.jpg,102,102,4315,False,
d561,https://ged.staffdecor.fr/media/cache/reference_thumb/uploads/95/59d35e03899ba.jpg,102,102,5336,False,
d562,https://ged.staffdecor.fr/media/cache/reference_thumb/uploads/96/59d35e96a4e46.jpg,102,102,4977,False,
d563,https://ged.staffdecor.fr/media/cache/reference_thumb/uploads/105/59d35f075b9a5.jpg,102,102,4509,False,
d564,https://ged.staffdecor.fr/media/cache/reference_thumb/uploads/98/59d35f4872549.jpg,102,102,4472,False,
d565,https://ged.staffdecor.fr/media/cache/reference_thumb/uploads/97/59d35fa32801b.jpg,102,102,5254,False,
d566,https://ged.staffdecor.fr/media/cache/reference_thumb/uploads/284/638e214d96c52.png,102,102,41872,False,
d567,https://ged.staffdecor.fr/media/cache/reference_thumb/uploads/103/59d35fc019d42.jpg,102,102,4484,False,
d568,https://ged.staffdecor.fr/media/cache/reference_thumb/uploads/107/59d35ffc3c178.jpg,102,102,4881,False,
d569,https://ged.staffdecor.fr/media/cache/reference_thumb/uploads/283/683036c7a3012.jpg,102,102,4967,False,
d570,https://ged.staffdecor.fr/media/cache/reference_thumb/uploads/282/63e11b14121ef.png,102,102,41872,False,
d570-1,https://ged.staffdecor.fr/media/cache/reference_thumb/uploads/594/638e21a1937bc.png,102,102,41872,False,
d572,https://ged.staffdecor.fr/media/cache/reference_thumb/uploads/599/638f5fa8bd252.png,102,102,41872,False,
d573,https://ged.staffdecor.fr/media/cache/reference_thumb/uploads/598/638f5f85b0ac8.png,102,102,41872,False,
d574-1,https://ged.staffdecor.fr/media/cache/reference_thumb/uploads/110/59d37c28cc1b3.jpg,102,102,4886,False,
d575-108,https://ged.staffdecor.fr/media/cache/reference_thumb/uploads/108/59d37c4ebe520.jpg,102,102,4856,False,
d576,https://ged.staffdecor.fr/media/cache/reference_thumb/uploads/106/59d380355aa90.jpg,102,102,4771,False,
d577,https://ged.staffdecor.fr/media/cache/reference_thumb/uploads/104/59d380895ba0d.jpg,102,102,5769,False,
d578,https://ged.staffdecor.fr/media/cache/reference_thumb/uploads/151/59d48ce4340df.jpg,102,102,4696,False,
d579,https://ged.staffdecor.fr/media/cache/reference_thumb/uploads/99/59d3827a10960.jpg,102,102,4427,False,
d580-1,https://ged.staffdecor.fr/media/cache/reference_thumb/uploads/364/5a007a619a07f.jpg,102,102,5316,False,
d580-2,https://ged.staffdecor.fr/media/cache/reference_thumb/uploads/628/63e11cd0a0778.jpg,102,102,5316,False,
d601,https://ged.staffdecor.fr/media/cache/reference_thumb/uploads/112/59d385d13f1da.jpg,102,102,4510,False,
d604,https://ged.staffdecor.fr/media/cache/reference_thumb/uploads/113/59d3866d2fcd8.jpg,102,102,4855,False,
d605,https://ged.staffdecor.fr/media/cache/reference_thumb/uploads/114/59d3869306d7b.jpg,102,102,4510,False,
d606,https://ged.staffdecor.fr/media/cache/reference_thumb/uploads/115/59d386e9294eb.jpg,102,102,4472,False,
d607,https://ged.staffdecor.fr/media/cache/reference_thumb/uploads/116/59d38735d0ec8.jpg,102,102,5369,False,
d608,https://ged.staffdecor.fr/media/cache/reference_thumb/uploads/80/59d3546feff65.jpg,102,102,6047,False,
d609,https://ged.staffdecor.fr/media/cache/reference_thumb/uploads/79/59d34f4cbe3f4.jpg,102,102,4900,False,
d610,https://ged.staffdecor.fr/media/cache/reference_thumb/uploads/117/59d38799dc7ae.jpg,102,102,5079,False,
d611,https://ged.staffdecor.fr/media/cache/reference_thumb/uploads/81/59d35066eda70.jpg,102,102,4239,False,
d612,https://ged.staffdecor.fr/media/cache/reference_thumb/uploads/82/59d3545d68a3f.jpg,102,102,5609,False,
d613,https://ged.staffdecor.fr/media/cache/reference_thumb/uploads/595/638e21dbd2f40.png,102,102,41872,False,
d614,https://ged.staffdecor.fr/media/cache/reference_thumb/uploads/88/59d35790669f5.jpg,102,102,5117,False,
d615,https://ged.staffdecor.fr/media/cache/reference_thumb/uploads/152/59f329c8637e9.jpg,102,102,4081,False,
d616,https://ged.staffdecor.fr/media/cache/reference_thumb/uploads/118/6152e777434f6.jpg,102,102,5314,False,
d616a,https://ged.staffdecor.fr/media/cache/reference_thumb/uploads/621/63dbba8a97104.png,102,102,41872,False,
d616b,https://ged.staffdecor.fr/media/cache/reference_thumb/uploads/622/63dbba9e9ac1c.png,102,102,41872,False,
d617,https://ged.staffdecor.fr/media/cache/reference_thumb/uploads/153/59f3336d1a91f.jpg,102,102,4202,False,
d618,https://ged.staffdecor.fr/media/cache/reference_thumb/uploads/616/63dbb57b2181e.png,102,102,41872,False,
d620,https://ged.staffdecor.fr/media/cache/reference_thumb/uploads/119/59d3895e8fd7f.jpg,102,102,4497,False,
d621,https://ged.staffdecor.fr/media/cache/reference_thumb/uploads/326/59de22fae24d1.jpg,102,102,3757,False,
d622,https://ged.staffdecor.fr/media/cache/reference_thumb/uploads/120/59d3a1e43df08.jpg,102,102,4464,False,
d624,https://ged.staffdecor.fr/media/cache/reference_thumb/uploads/122/59d3a323ad778.jpg,102,102,4997,False,
d625,https://ged.staffdecor.fr/media/cache/reference_thumb/uploads/87/59d35711110fe.jpg,102,102,4149,False,
d626,https://ged.staffdecor.fr/media/cache/reference_thumb/uploads/123/59d3a37a5d7b1.jpg,102,102,4934,False,
d627,https://ged.staffdecor.fr/media/cache/reference_thumb/uploads/281/69f9e640a4946.png,102,102,41872,False,
d627-1,https://ged.staffdecor.fr/media/cache/reference_thumb/uploads/600/6830363417f47.jpg,102,102,5188,False,
d628,https://ged.staffdecor.fr/media/cache/reference_thumb/uploads/124/59d3a52f8238c.jpg,102,102,4951,False,
d629,https://ged.staffdecor.fr/media/cache/reference_thumb/uploads/125/59d3a55452c7d.jpg,102,102,5152,False,
d630,https://ged.staffdecor.fr/media/cache/reference_thumb/uploads/89/59d35a8029559.jpg,102,102,5129,False,
d631,https://ged.staffdecor.fr/media/cache/reference_thumb/uploads/327/59de230c24b34.jpg,102,102,4176,False,
d632,https://ged.staffdecor.fr/media/cache/reference_thumb/uploads/556/63905f785930c.png,102,102,41872,False,
d633,https://ged.staffdecor.fr/media/cache/reference_thumb/uploads/557/6390653f10337.png,102,102,41872,False,
d650,https://ged.staffdecor.fr/media/cache/reference_thumb/uploads/154/59d49cdfd55a6.jpg,102,102,5861,False,
d650a,https://ged.staffdecor.fr/media/cache/reference_thumb/uploads/789/6830425b09390.jpg,102,102,7199,False,
d650b,https://ged.staffdecor.fr/media/cache/reference_thumb/uploads/790/69fb119d103fc.png,102,102,41872,False,
d650l,https://ged.staffdecor.fr/media/cache/reference_thumb/uploads/737/69f9922c48cb3.png,102,102,41872,False,
d651,https://ged.staffdecor.fr/media/cache/reference_thumb/uploads/126/59d3a619e287f.jpg,102,102,4745,False,
d652,https://ged.staffdecor.fr/media/cache/reference_thumb/uploads/127/59d3a651019fb.jpg,102,102,5333,False,
d652a,https://ged.staffdecor.fr/media/cache/reference_thumb/uploads/617/63dbb6a7f3d59.png,102,102,41872,False,
d652b,https://ged.staffdecor.fr/media/cache/reference_thumb/uploads/618/63dbb6c00ee93.png,102,102,41872,False,
d653,https://ged.staffdecor.fr/media/cache/reference_thumb/uploads/155/59d49e60e4337.jpg,102,102,6590,False,
d654,https://ged.staffdecor.fr/media/cache/reference_thumb/uploads/601/63a487f223e59.png,102,102,41872,False,
d655,https://ged.staffdecor.fr/media/cache/reference_thumb/uploads/280/69f9dddac61a5.png,102,102,41872,False,
d655-1,https://ged.staffdecor.fr/media/cache/reference_thumb/uploads/602/68303540ca153.jpg,102,102,5347,False,
d656,https://ged.staffdecor.fr/media/cache/reference_thumb/uploads/128/59d3a6e1a69eb.jpg,102,102,4745,False,
d657,https://ged.staffdecor.fr/media/cache/reference_thumb/uploads/129/59d3a74fbd98c.jpg,102,102,4978,False,
d658,https://ged.staffdecor.fr/media/cache/reference_thumb/uploads/603/63dbb734658c1.png,102,102,41872,False,
d702,https://ged.staffdecor.fr/media/cache/reference_thumb/uploads/130/59d3a7891c225.jpg,102,102,4150,False,
d703,https://ged.staffdecor.fr/media/cache/reference_thumb/uploads/84/59d355881f05a.jpg,102,102,5165,False,
d704,https://ged.staffdecor.fr/media/cache/reference_thumb/uploads/90/59d3572f69665.jpg,102,102,5266,False,
d705,https://ged.staffdecor.fr/media/cache/reference_thumb/uploads/328/59de21d471f64.jpg,102,102,3443,False,
d706,https://ged.staffdecor.fr/media/cache/reference_thumb/uploads/101/59d3a84979901.jpg,102,102,4524,False,
d707,https://ged.staffdecor.fr/media/cache/reference_thumb/uploads/83/59d3552018dc9.jpg,102,102,4317,False,
d708,https://ged.staffdecor.fr/media/cache/reference_thumb/uploads/76/59d345aa8ec03.jpg,102,102,5013,False,
d709,https://ged.staffdecor.fr/media/cache/reference_thumb/uploads/75/59d345536c5ca.jpg,102,102,4244,False,
d710,https://ged.staffdecor.fr/media/cache/reference_thumb/uploads/78/59d3458d64856.jpg,102,102,4206,False,
d711,https://ged.staffdecor.fr/media/cache/reference_thumb/uploads/625/68303579ed3a9.jpg,102,102,4770,False,
d712,https://ged.staffdecor.fr/media/cache/reference_thumb/uploads/156/683035cba3dcc.jpg,102,102,5047,False,
d713-131,https://ged.staffdecor.fr/media/cache/reference_thumb/uploads/131/59d3a8d33540f.jpg,102,102,4584,False,
d715,https://ged.staffdecor.fr/media/cache/reference_thumb/uploads/133/59d3abbf70400.jpg,102,102,5963,False,
d716,https://ged.staffdecor.fr/media/cache/reference_thumb/uploads/256/69fb288a25bca.png,102,102,41872,False,
d717,https://ged.staffdecor.fr/media/cache/reference_thumb/uploads/134/59d3acd36cf6d.jpg,102,102,5127,False,
d718,https://ged.staffdecor.fr/media/cache/reference_thumb/uploads/135/59d3ad255424d.jpg,102,102,5196,False,
d720,https://ged.staffdecor.fr/media/cache/reference_thumb/uploads/257/5a00880f42355.jpg,102,102,4000,False,
d748,https://ged.staffdecor.fr/media/cache/reference_thumb/uploads/77/59d345c494001.jpg,102,102,4422,False,
d749,https://ged.staffdecor.fr/media/cache/reference_thumb/uploads/136/59d3ad86e8210.jpg,102,102,4675,False,
d751,https://ged.staffdecor.fr/media/cache/reference_thumb/uploads/727/69fc3828af30b.png,102,102,41872,False,
d752,https://ged.staffdecor.fr/media/cache/reference_thumb/uploads/728/69fc3d0805ddb.png,102,102,41872,False,
d753,https://ged.staffdecor.fr/media/cache/reference_thumb/uploads/729/69fc43ba8c2bc.png,102,102,41872,False,
d754,https://ged.staffdecor.fr/media/cache/reference_thumb/uploads/730/69fc46334fe83.png,102,102,41872,False,
d801,https://ged.staffdecor.fr/media/cache/reference_thumb/uploads/279/5a01b0bd69351.jpg,102,102,4755,False,
d802,https://ged.staffdecor.fr/media/cache/reference_thumb/uploads/85/59d355f3db3d5.jpg,102,102,5227,False,
d810,https://ged.staffdecor.fr/media/cache/reference_thumb/uploads/278/6834164c3c93f.jpg,102,102,4334,False,
d812,https://ged.staffdecor.fr/media/cache/reference_thumb/uploads/277/69fc93719b57d.png,102,102,41872,False,
d813,https://ged.staffdecor.fr/media/cache/reference_thumb/uploads/276/683043096edad.jpg,102,102,6425,False,
d814,https://ged.staffdecor.fr/media/cache/reference_thumb/uploads/137/63a5ccab52115.png,102,102,41872,False,
d815,https://ged.staffdecor.fr/media/cache/reference_thumb/uploads/138/59d3af011fb63.jpg,102,102,4700,False,
d818,https://ged.staffdecor.fr/media/cache/reference_thumb/uploads/275/68304367522f3.jpg,102,102,4576,False,
d820,https://ged.staffdecor.fr/media/cache/reference_thumb/uploads/139/59d3af77b82e6.jpg,102,102,4599,False,
d830,https://ged.staffdecor.fr/media/cache/reference_thumb/uploads/86/59d356b5484d4.jpg,102,102,4634,False,
d835,https://ged.staffdecor.fr/media/cache/reference_thumb/uploads/140/63a5c578e6c2d.png,102,102,41872,False,
d840,https://ged.staffdecor.fr/media/cache/reference_thumb/uploads/141/638e22690c157.png,102,102,41872,False,
d843,https://ged.staffdecor.fr/media/cache/reference_thumb/uploads/274/638e22fa45944.png,102,102,41872,False,
d844,https://ged.staffdecor.fr/media/cache/reference_thumb/uploads/273/683413e8bf130.jpg,102,102,5111,False,
d845-272,https://ged.staffdecor.fr/media/cache/reference_thumb/uploads/272/68304393d052d.jpg,102,102,5165,False,
d846-1,https://ged.staffdecor.fr/media/cache/reference_thumb/uploads/604/6835cbbb632bc.jpg,102,102,4954,False,
d878,https://ged.staffdecor.fr/media/cache/reference_thumb/uploads/736/6835d02f9d9fb.jpg,102,102,6020,False,
d879,https://ged.staffdecor.fr/media/cache/reference_thumb/uploads/931/69fb3a0119051.png,102,102,41872,False,
d879a,https://ged.staffdecor.fr/media/cache/reference_thumb/uploads/926/69fb3a16cbdbc.png,102,102,41872,False,
d879b1,https://ged.staffdecor.fr/media/cache/reference_thumb/uploads/927/69fb3a2c302ce.png,102,102,41872,False,
d879b2,https://ged.staffdecor.fr/media/cache/reference_thumb/uploads/928/69fb3a39ae3b0.png,102,102,41872,False,
d879b3,https://ged.staffdecor.fr/media/cache/reference_thumb/uploads/929/69fb3a4674e18.png,102,102,41872,False,
d879c,https://ged.staffdecor.fr/media/cache/reference_thumb/uploads/930/69fb4e3cef250.png,102,102,41872,False,
d880,https://ged.staffdecor.fr/media/cache/reference_thumb/uploads/142/59d3b244279bb.jpg,102,102,5175,False,
d880a,https://ged.staffdecor.fr/media/cache/reference_thumb/uploads/457/5a5cac69a488b.jpg,102,102,5895,False,
d880a-1,https://ged.staffdecor.fr/media/cache/reference_thumb/uploads/619/63dbb94df0f39.jpg,102,102,5895,False,
d880b,https://ged.staffdecor.fr/media/cache/reference_thumb/uploads/620/69fb4c43d30fa.png,102,102,41872,False,
d881,https://ged.staffdecor.fr/media/cache/reference_thumb/uploads/741/669a849fb58a5.png,102,102,41872,False,
d881b,https://ged.staffdecor.fr/media/cache/reference_thumb/uploads/742/669a84d035424.png,102,102,41872,False,
d882,https://ged.staffdecor.fr/media/cache/reference_thumb/uploads/731/669a81efb6d82.png,102,102,41872,False,
d882b,https://ged.staffdecor.fr/media/cache/reference_thumb/uploads/732/669a80aa15638.png,102,102,41872,False,
d883,https://ged.staffdecor.fr/media/cache/reference_thumb/uploads/733/669a7e8b087c3.png,102,102,41872,False,
d884,https://ged.staffdecor.fr/media/cache/reference_thumb/uploads/271/683043d3238cf.jpg,102,102,6975,False,
d885,https://ged.staffdecor.fr/media/cache/reference_thumb/uploads/270/683043fd7132b.jpg,102,102,6971,False,
d886,https://ged.staffdecor.fr/media/cache/reference_thumb/uploads/143/59d3b30c8edca.jpg,102,102,6330,False,
d887,https://ged.staffdecor.fr/media/cache/reference_thumb/uploads/596/638e2329a1ee6.png,102,102,41872,False,
d888,https://ged.staffdecor.fr/media/cache/reference_thumb/uploads/144/59d3b39f1a9dd.jpg,102,102,5799,False,
d889,https://ged.staffdecor.fr/media/cache/reference_thumb/uploads/269/638e237f22fbd.png,102,102,41872,False,
d890,https://ged.staffdecor.fr/media/cache/reference_thumb/uploads/268/5a5dc195e8f5a.jpg,102,102,5411,False,
d890a,https://ged.staffdecor.fr/media/cache/reference_thumb/uploads/461/63bbefe49f170.jpg,102,102,6413,False,
d891,https://ged.staffdecor.fr/media/cache/reference_thumb/uploads/102/59d48699ec249.jpg,102,102,5552,False,
d892,https://ged.staffdecor.fr/media/cache/reference_thumb/uploads/145/5a290dcc1d960.jpg,102,102,4412,False,
d893,https://ged.staffdecor.fr/media/cache/reference_thumb/uploads/624/6834147552a9e.jpg,102,102,5013,False,
d894,https://ged.staffdecor.fr/media/cache/reference_thumb/uploads/267/683414a717b66.jpg,102,102,4987,False,
d895,https://ged.staffdecor.fr/media/cache/reference_thumb/uploads/158/683414c8f1741.jpg,102,102,6888,False,
d896,https://ged.staffdecor.fr/media/cache/reference_thumb/uploads/147/59d48a2d43b9a.jpg,102,102,5180,False,
d897,https://ged.staffdecor.fr/media/cache/reference_thumb/uploads/266/638e23ab75422.png,102,102,41872,False,
d898,https://ged.staffdecor.fr/media/cache/reference_thumb/uploads/146/59d488d485e48.jpg,102,102,5023,False,
d899,https://ged.staffdecor.fr/media/cache/reference_thumb/uploads/157/6830444753def.jpg,102,102,8252,False,
d900,https://ged.staffdecor.fr/media/cache/reference_thumb/uploads/623/69fb0df43c074.png,102,102,41872,False,
d901,https://ged.staffdecor.fr/media/cache/reference_thumb/uploads/150/59d48ab304fcc.jpg,102,102,5469,False,
d903-1,https://ged.staffdecor.fr/media/cache/reference_thumb/uploads/607/63d3e7c748c9f.png,102,102,41872,False,
d905b,https://ged.staffdecor.fr/media/cache/reference_thumb/uploads/986/69f9a69f840a8.png,102,102,41872,False,
d905h,https://ged.staffdecor.fr/media/cache/reference_thumb/uploads/809/69f9a81d0c114.png,102,102,41872,False,
decaisse-grg,https://ged.staffdecor.fr/media/cache/reference_thumb/uploads/708/6a1860cba5dd4.png,102,102,41872,False,
decaisse-grg-d565-d601-d611,https://ged.staffdecor.fr/media/cache/reference_thumb/uploads/710/6a19318c25436.png,102,102,41872,False,
decaisse-grg-d830,https://ged.staffdecor.fr/media/cache/reference_thumb/uploads/709/6a1934b075dda.png,102,102,41872,False,
e0510e-400,https://ged.staffdecor.fr/media/cache/reference_thumb/uploads/400/5a27f821e9c37.jpg,102,102,3284,False,
e0520e-402,https://ged.staffdecor.fr/media/cache/reference_thumb/uploads/402/5a27f89e53d4c.jpg,102,102,3197,False,
e0530e-403,https://ged.staffdecor.fr/media/cache/reference_thumb/uploads/403/5a27f929a3f45.jpg,102,102,2936,False,
e0535e-404,https://ged.staffdecor.fr/media/cache/reference_thumb/uploads/404/5a27f9986b12f.jpg,102,102,3027,False,
e1010e,https://ged.staffdecor.fr/media/cache/reference_thumb/uploads/410/5a27fa7cbff3a.jpg,102,102,3090,False,
e1010p,https://ged.staffdecor.fr/media/cache/reference_thumb/uploads/924/6a5f8e1f39eae.png,102,102,41872,False,
e1020e,https://ged.staffdecor.fr/media/cache/reference_thumb/uploads/405/5a27fe7c2a54b.jpg,102,102,2971,False,
e1020i,https://ged.staffdecor.fr/media/cache/reference_thumb/uploads/411/5a27fde198c04.jpg,102,102,3786,False,
e1030e,https://ged.staffdecor.fr/media/cache/reference_thumb/uploads/412/5a27ff3317088.jpg,102,102,3082,False,
e1040e,https://ged.staffdecor.fr/media/cache/reference_thumb/uploads/413/5a27ffa182e39.jpg,102,102,2891,False,
e1515e,https://ged.staffdecor.fr/media/cache/reference_thumb/uploads/406/5a2800b3b0dab.jpg,102,102,3194,False,
e1520e,https://ged.staffdecor.fr/media/cache/reference_thumb/uploads/692/6a5f8eff0ed72.png,102,102,41872,False,
e1520i,https://ged.staffdecor.fr/media/cache/reference_thumb/uploads/407/5a27fbde7113e.jpg,102,102,3879,False,
e2020e-401,https://ged.staffdecor.fr/media/cache/reference_thumb/uploads/401/5a2802dfef9cc.jpg,102,102,3329,False,
e2020i,https://ged.staffdecor.fr/media/cache/reference_thumb/uploads/414/5a27fc7359bf5.jpg,102,102,4001,False,
e2020p,https://ged.staffdecor.fr/media/cache/reference_thumb/uploads/923/6a5f8e765e5e0.png,102,102,41872,False,
e2030e,https://ged.staffdecor.fr/media/cache/reference_thumb/uploads/409/5a28017851958.jpg,102,102,3002,False,
e2030i,https://ged.staffdecor.fr/media/cache/reference_thumb/uploads/408/5a27fd3817e05.jpg,102,102,3261,False,
ea0707p-1,https://ged.staffdecor.fr/media/cache/reference_thumb/bundles/app/images/Folder-voir.png,102,102,41872,True,
ea10r-p,https://ged.staffdecor.fr/media/cache/reference_thumb/bundles/app/images/Folder-voir.png,102,102,41872,True,
ea10s-p,https://ged.staffdecor.fr/media/cache/reference_thumb/bundles/app/images/Folder-voir.png,102,102,41872,True,
ea15r-p,https://ged.staffdecor.fr/media/cache/reference_thumb/bundles/app/images/Folder-voir.png,102,102,41872,True,
ea15s-p,https://ged.staffdecor.fr/media/cache/reference_thumb/bundles/app/images/Folder-voir.png,102,102,41872,True,
ea20r-p,https://ged.staffdecor.fr/media/cache/reference_thumb/bundles/app/images/Folder-voir.png,102,102,41872,True,
ea20s-p,https://ged.staffdecor.fr/media/cache/reference_thumb/bundles/app/images/Folder-voir.png,102,102,41872,True,
ea30r-p,https://ged.staffdecor.fr/media/cache/reference_thumb/bundles/app/images/Folder-voir.png,102,102,41872,True,
ea30s-p,https://ged.staffdecor.fr/media/cache/reference_thumb/bundles/app/images/Folder-voir.png,102,102,41872,True,
ebp0430,https://ged.staffdecor.fr/media/cache/reference_thumb/uploads/702/6a5f8ff4364c6.png,102,102,41872,False,
ebp0430-1,https://ged.staffdecor.fr/media/cache/reference_thumb/uploads/943/69f9ef3d26737.png,102,102,41872,False,
ebp0525p,https://ged.staffdecor.fr/media/cache/reference_thumb/uploads/219/5a27ab0d8fcf8.jpg,102,102,3460,False,
ebp0530,https://ged.staffdecor.fr/media/cache/reference_thumb/uploads/428/5f88562d4f802.jpg,102,102,3418,False,
ebp0830,https://ged.staffdecor.fr/media/cache/reference_thumb/uploads/429/5f885723ae1d8.jpg,102,102,3438,False,
ebp1030,https://ged.staffdecor.fr/media/cache/reference_thumb/uploads/430/5f885771f0d94.jpg,102,102,3524,False,
emb1-1,https://ged.staffdecor.fr/media/cache/reference_thumb/uploads/415/5a152ce1dd3a8.jpg,102,102,3901,False,
emb2-1,https://ged.staffdecor.fr/media/cache/reference_thumb/uploads/416/5a152d35ea4f9.jpg,102,102,3798,False,
emb95-ebl0430-218,https://ged.staffdecor.fr/media/cache/reference_thumb/uploads/218/59d63170b12ef.jpg,102,102,4987,False,
emb95-ebl0430-367,https://ged.staffdecor.fr/media/cache/reference_thumb/uploads/367/5a0964259a261.jpg,102,102,4987,False,
enc01,https://ged.staffdecor.fr/media/cache/reference_thumb/uploads/173/59d4f9b79efe9.jpg,102,102,4600,False,
enc02,https://ged.staffdecor.fr/media/cache/reference_thumb/uploads/174/59d4fbcf43a97.jpg,102,102,4786,False,
enc03,https://ged.staffdecor.fr/media/cache/reference_thumb/uploads/175/59d4ff070a057.jpg,102,102,4782,False,
enc04,https://ged.staffdecor.fr/media/cache/reference_thumb/uploads/176/59d4ff27564ab.jpg,102,102,4861,False,
enc21,https://ged.staffdecor.fr/media/cache/reference_thumb/uploads/177/59d503b0466de.jpg,102,102,5164,False,
enc22,https://ged.staffdecor.fr/media/cache/reference_thumb/uploads/178/59d504013080d.jpg,102,102,4477,False,
enc23,https://ged.staffdecor.fr/media/cache/reference_thumb/uploads/179/59d5d3952142a.jpg,102,102,4849,False,
enc24,https://ged.staffdecor.fr/media/cache/reference_thumb/uploads/180/59d5d4ca9682f.jpg,102,102,3908,False,
enc25,https://ged.staffdecor.fr/media/cache/reference_thumb/uploads/468/5b3b35496f10d.jpg,102,102,3862,False,
enc31,https://ged.staffdecor.fr/media/cache/reference_thumb/uploads/464/5b364a0dccc46.jpg,102,102,3965,False,
enc32,https://ged.staffdecor.fr/media/cache/reference_thumb/uploads/465/5b364aa96c55d.jpg,102,102,4032,False,
enc35,https://ged.staffdecor.fr/media/cache/reference_thumb/uploads/466/5b364bb032d0d.jpg,102,102,4291,False,
enc41,https://ged.staffdecor.fr/media/cache/reference_thumb/uploads/881/6a1ea056cbc51.png,102,102,41872,False,
enc601,https://ged.staffdecor.fr/media/cache/reference_thumb/uploads/181/59d4fa40ca748.jpg,102,102,4430,False,
enc602,https://ged.staffdecor.fr/media/cache/reference_thumb/uploads/182/59d5d6f8cfb02.jpg,102,102,3793,False,
enc603,https://ged.staffdecor.fr/media/cache/reference_thumb/uploads/183/5b3b45a075435.jpg,102,102,3505,False,
gamme-variance,https://ged.staffdecor.fr/media/cache/reference_thumb/bundles/app/images/Folder-voir.png,102,102,41872,True,
hotte-provencale,https://ged.staffdecor.fr/media/cache/reference_thumb/bundles/app/images/Folder-voir.png,102,102,41872,True,
jc22-10-422,https://ged.staffdecor.fr/media/cache/reference_thumb/uploads/422/6a5f90220b051.jpg,102,102,3566,False,
jc22-20-424,https://ged.staffdecor.fr/media/cache/reference_thumb/uploads/424/6a5f90424f949.jpg,102,102,3589,False,
jc22-30-423,https://ged.staffdecor.fr/media/cache/reference_thumb/uploads/423/6a5f90678ff9a.jpg,102,102,3404,False,
jc22-40-425,https://ged.staffdecor.fr/media/cache/reference_thumb/uploads/425/6a5f9086b0c22.jpg,102,102,3482,False,
jc43-21p-221,https://ged.staffdecor.fr/media/cache/reference_thumb/uploads/221/6a5f90ce18012.jpg,102,102,3439,False,
jc542-15p-222,https://ged.staffdecor.fr/media/cache/reference_thumb/uploads/222/6a6221022cf9a.png,102,102,41872,False,
jc55-10-426,https://ged.staffdecor.fr/media/cache/reference_thumb/uploads/426/6a62215b6367e.png,102,102,41872,False,
jc55-20-427,https://ged.staffdecor.fr/media/cache/reference_thumb/uploads/427/6a62216651365.png,102,102,41872,False,
m039,https://ged.staffdecor.fr/media/cache/reference_thumb/uploads/850/683721651aac3.jpg,102,102,6079,False,
m045,https://ged.staffdecor.fr/media/cache/reference_thumb/uploads/856/6837219a93f97.jpg,102,102,6275,False,
m046,https://ged.staffdecor.fr/media/cache/reference_thumb/uploads/854/683721b489ff0.jpg,102,102,6203,False,
m048,https://ged.staffdecor.fr/media/cache/reference_thumb/uploads/852/6837229572218.jpg,102,102,6038,False,
m051,https://ged.staffdecor.fr/media/cache/reference_thumb/uploads/966/6a1ec24c331a7.png,102,102,41872,False,
m054,https://ged.staffdecor.fr/media/cache/reference_thumb/uploads/844/68413ee9cce49.jpg,102,102,7644,False,
m055,https://ged.staffdecor.fr/media/cache/reference_thumb/uploads/848/68413f2cd53cd.jpg,102,102,6650,False,
m060,https://ged.staffdecor.fr/media/cache/reference_thumb/uploads/714/648c77a821602.png,102,102,41872,False,
m067,https://ged.staffdecor.fr/media/cache/reference_thumb/uploads/839/68371c1112689.jpg,102,102,6476,False,
m068,https://ged.staffdecor.fr/media/cache/reference_thumb/uploads/853/68372275f3e1e.jpg,102,102,7487,False,
m069,https://ged.staffdecor.fr/media/cache/reference_thumb/uploads/846/68414ff678113.jpg,102,102,7485,False,
m071,https://ged.staffdecor.fr/media/cache/reference_thumb/uploads/842/684157942eb90.jpg,102,102,6654,False,
m20-06h-41,https://ged.staffdecor.fr/media/cache/reference_thumb/uploads/41/59d25ae07f41c.jpg,102,102,5031,False,
m20-56h,https://ged.staffdecor.fr/media/cache/reference_thumb/uploads/42/59d2610d9ef1d.jpg,102,102,5025,False,
m202,https://ged.staffdecor.fr/media/cache/reference_thumb/uploads/633/6835d8dad327e.jpg,102,102,8151,False,
m208,https://ged.staffdecor.fr/media/cache/reference_thumb/uploads/855/6841504f5766d.jpg,102,102,6842,False,
m209,https://ged.staffdecor.fr/media/cache/reference_thumb/uploads/847/684156df1a712.jpg,102,102,8324,False,
m210,https://ged.staffdecor.fr/media/cache/reference_thumb/uploads/849/684150c6aefa8.jpg,102,102,6733,False,
m250,https://ged.staffdecor.fr/media/cache/reference_thumb/uploads/629/63e227b1263c5.png,102,102,41872,False,
m251,https://ged.staffdecor.fr/media/cache/reference_thumb/uploads/223/68372421348bd.jpg,102,102,9483,False,
m252,https://ged.staffdecor.fr/media/cache/reference_thumb/uploads/630/63e22ba901934.png,,,,False,erreur de lecture — dimensions non obtenues
m253,https://ged.staffdecor.fr/media/cache/reference_thumb/uploads/631/684152ef674e9.jpg,102,102,7673,False,
m254,https://ged.staffdecor.fr/media/cache/reference_thumb/uploads/791/6810a2e4de1db.png,102,102,41872,False,
m255,https://ged.staffdecor.fr/media/cache/reference_thumb/uploads/838/68413f8e62dc6.jpg,102,102,8466,False,
m298,https://ged.staffdecor.fr/media/cache/reference_thumb/uploads/851/68372241353d6.jpg,102,102,7690,False,
m299,https://ged.staffdecor.fr/media/cache/reference_thumb/uploads/713/6835d1593733c.jpg,102,102,9584,False,
m302,https://ged.staffdecor.fr/media/cache/reference_thumb/uploads/632/6835cf7816aa2.jpg,102,102,9365,False,
m306,https://ged.staffdecor.fr/media/cache/reference_thumb/uploads/712/68109b754355d.png,102,102,41872,False,
m390,https://ged.staffdecor.fr/media/cache/reference_thumb/uploads/840/6837174ce8185.png,102,102,41872,False,
m400,https://ged.staffdecor.fr/media/cache/reference_thumb/uploads/843/68371cbfacc1d.jpg,102,102,8011,False,
m401,https://ged.staffdecor.fr/media/cache/reference_thumb/uploads/634/68109b4a45f3d.png,102,102,41872,False,
m401p,https://ged.staffdecor.fr/media/cache/reference_thumb/uploads/778/67e6b29c68bdd.png,102,102,41872,False,
m402,https://ged.staffdecor.fr/media/cache/reference_thumb/uploads/835/6837161948467.jpg,102,102,9288,False,
m403,https://ged.staffdecor.fr/media/cache/reference_thumb/uploads/836/68371538b27e9.png,102,102,41872,False,
m404,https://ged.staffdecor.fr/media/cache/reference_thumb/uploads/837/683716612f823.png,102,102,41872,False,
m405,https://ged.staffdecor.fr/media/cache/reference_thumb/uploads/224/6835d41c8eb8f.jpg,102,102,8523,False,
m406,https://ged.staffdecor.fr/media/cache/reference_thumb/uploads/845/68413bd5018bc.jpg,102,102,8406,False,
m407,https://ged.staffdecor.fr/media/cache/reference_thumb/uploads/841/68371cde315ab.jpg,102,102,7518,False,
m501-635,https://ged.staffdecor.fr/media/cache/reference_thumb/uploads/635/648c7549854b7.png,102,102,41872,False,
m502,https://ged.staffdecor.fr/media/cache/reference_thumb/uploads/555/5d9c8c3049479.jpg,102,102,4786,False,
m503,https://ged.staffdecor.fr/media/cache/reference_thumb/uploads/723/68413fd974fc6.jpg,102,102,6857,False,
m504,https://ged.staffdecor.fr/media/cache/reference_thumb/uploads/711/68109ad68d644.png,102,102,41872,False,
m505p,https://ged.staffdecor.fr/media/cache/reference_thumb/uploads/1066/6a2fe5522618d.png,102,102,41872,False,
m604,https://ged.staffdecor.fr/media/cache/reference_thumb/uploads/781/67e6b5982a719.png,102,102,41872,False,
m605,https://ged.staffdecor.fr/media/cache/reference_thumb/uploads/834/683713c970d36.jpg,102,102,8698,False,
moa23,https://ged.staffdecor.fr/media/cache/reference_thumb/uploads/354/5a3134371b226.jpg,102,102,2975,False,
moa24,https://ged.staffdecor.fr/media/cache/reference_thumb/uploads/353/5a312964574e9.jpg,102,102,3124,False,
moac,https://ged.staffdecor.fr/media/cache/reference_thumb/uploads/355/5a0db3b56df97.jpg,102,102,3278,False,
moaplin10,https://ged.staffdecor.fr/media/cache/reference_thumb/uploads/359/59e4d6d441f53.jpg,102,102,3379,False,
moaplin10m,https://ged.staffdecor.fr/media/cache/reference_thumb/uploads/358/59e4d6c48b59d.jpg,102,102,3225,False,
moaplint,https://ged.staffdecor.fr/media/cache/reference_thumb/uploads/357/59e4d3a0ebb9e.jpg,102,102,3166,False,
moas,https://ged.staffdecor.fr/media/cache/reference_thumb/uploads/356/5a0dafabada00.jpg,102,102,3570,False,
mod05,https://ged.staffdecor.fr/media/cache/reference_thumb/bundles/app/images/Folder-voir.png,102,102,41872,True,
mod06,https://ged.staffdecor.fr/media/cache/reference_thumb/bundles/app/images/Folder-voir.png,102,102,41872,True,
mod23,https://ged.staffdecor.fr/media/cache/reference_thumb/uploads/351/5a3149eb38169.jpg,102,102,3152,False,
mod24,https://ged.staffdecor.fr/media/cache/reference_thumb/uploads/352/5a3149c44f143.jpg,102,102,3058,False,
mod25,https://ged.staffdecor.fr/media/cache/reference_thumb/uploads/437/5a314a06ce65a.jpg,102,102,3190,False,
modc,https://ged.staffdecor.fr/media/cache/reference_thumb/uploads/440/5a32898b8f37f.jpg,102,102,3523,False,
mods,https://ged.staffdecor.fr/media/cache/reference_thumb/uploads/441/5a32899d65af9.jpg,102,102,3763,False,
moe120,https://ged.staffdecor.fr/media/cache/reference_thumb/uploads/436/5a315716805d8.jpg,102,102,3521,False,
moe45,https://ged.staffdecor.fr/media/cache/reference_thumb/uploads/433/5a3156dfb9ec0.jpg,102,102,3727,False,
moe60,https://ged.staffdecor.fr/media/cache/reference_thumb/uploads/434/5a3156d4809eb.jpg,102,102,3470,False,
moe90,https://ged.staffdecor.fr/media/cache/reference_thumb/uploads/435/5a315709bd67e.jpg,102,102,3251,False,
moulures,https://ged.staffdecor.fr/media/cache/reference_thumb/bundles/app/images/Folder-voir.png,102,102,41872,True,
orn10-825,https://ged.staffdecor.fr/media/cache/reference_thumb/uploads/825/6a0ac0a06b20b.png,102,102,41872,False,
orn11,https://ged.staffdecor.fr/media/cache/reference_thumb/uploads/831/6a0ab19344ef4.png,102,102,41872,False,
orn12,https://ged.staffdecor.fr/media/cache/reference_thumb/uploads/832/6a0ab122bb35e.png,102,102,41872,False,
orn13,https://ged.staffdecor.fr/media/cache/reference_thumb/uploads/833/6a0ab148b1cb1.png,102,102,41872,False,
orn14,https://ged.staffdecor.fr/media/cache/reference_thumb/uploads/863/6a0ab168a99b8.png,102,102,41872,False,
orn15,https://ged.staffdecor.fr/media/cache/reference_thumb/uploads/1019/6a0aafab5f864.png,102,102,41872,False,
orn16,https://ged.staffdecor.fr/media/cache/reference_thumb/uploads/1020/6a0ab0035b4d8.png,102,102,41872,False,
orn17,https://ged.staffdecor.fr/media/cache/reference_thumb/uploads/995/69fb31117de6f.png,102,102,41872,False,
orn18-828,https://ged.staffdecor.fr/media/cache/reference_thumb/uploads/828/6a0ab1c3600c7.png,102,102,41872,False,
orn19-987,https://ged.staffdecor.fr/media/cache/reference_thumb/uploads/987/69e7294162da7.png,102,102,41872,False,
orn1d,https://ged.staffdecor.fr/media/cache/reference_thumb/uploads/786/6a0ab356d8133.png,102,102,41872,False,
orn1g,https://ged.staffdecor.fr/media/cache/reference_thumb/uploads/787/6a0ab363c23a0.png,102,102,41872,False,
orn20-988,https://ged.staffdecor.fr/media/cache/reference_thumb/uploads/988/69e1dfd3c2ef2.png,102,102,41872,False,
orn21,https://ged.staffdecor.fr/media/cache/reference_thumb/uploads/994/69fb311d8031c.png,102,102,41872,False,
orn22,https://ged.staffdecor.fr/media/cache/reference_thumb/uploads/993/69fb3126c4e1d.png,102,102,41872,False,
orn23,https://ged.staffdecor.fr/media/cache/reference_thumb/uploads/1027/6a0ab4fe40f8c.png,102,102,41872,False,
orn24,https://ged.staffdecor.fr/media/cache/reference_thumb/uploads/992/69fb312fa0d7d.png,102,102,41872,False,
orn25,https://ged.staffdecor.fr/media/cache/reference_thumb/uploads/991/69fb31382604d.png,102,102,41872,False,
orn26,https://ged.staffdecor.fr/media/cache/reference_thumb/uploads/1018/6a0ab3be63322.png,102,102,41872,False,
orn27,https://ged.staffdecor.fr/media/cache/reference_thumb/uploads/990/69fb313fa3156.png,102,102,41872,False,
orn28,https://ged.staffdecor.fr/media/cache/reference_thumb/uploads/989/69fb3156388a5.png,102,102,41872,False,
orn2d-821,https://ged.staffdecor.fr/media/cache/reference_thumb/uploads/821/6a0ac09097c35.png,102,102,41872,False,
orn2g-822,https://ged.staffdecor.fr/media/cache/reference_thumb/uploads/822/6a0ac07f160e9.png,102,102,41872,False,
orn36,https://ged.staffdecor.fr/media/cache/reference_thumb/uploads/1017/6a0ab685302eb.png,102,102,41872,False,
orn3d-823,https://ged.staffdecor.fr/media/cache/reference_thumb/uploads/823/6a0ac0e601742.png,102,102,41872,False,
orn3g-824,https://ged.staffdecor.fr/media/cache/reference_thumb/uploads/824/6a0ac0f3de849.png,102,102,41872,False,
orn4d-1024,https://ged.staffdecor.fr/media/cache/reference_thumb/uploads/1024/6a0ab88fd76c8.png,102,102,41872,False,
orn4g-1025,https://ged.staffdecor.fr/media/cache/reference_thumb/uploads/1025/6a0ab89dd4806.png,102,102,41872,False,
orn5d-826,https://ged.staffdecor.fr/media/cache/reference_thumb/uploads/826/6a0ac0b74e9b1.png,102,102,41872,False,
orn5g,https://ged.staffdecor.fr/media/cache/reference_thumb/uploads/827/6a0ac0c316c5b.png,102,102,41872,False,
orn6d-1022,https://ged.staffdecor.fr/media/cache/reference_thumb/uploads/1022/6a0ab9a4f0457.png,102,102,41872,False,
orn6g,https://ged.staffdecor.fr/media/cache/reference_thumb/uploads/1030/6a0ab9d1b926d.png,102,102,41872,False,
orn7d,https://ged.staffdecor.fr/media/cache/reference_thumb/uploads/1028/6a0aba6263f5d.png,102,102,41872,False,
orn7g-1023,https://ged.staffdecor.fr/media/cache/reference_thumb/uploads/1023/6a0ababf025ae.png,102,102,41872,False,
orn8d-1021,https://ged.staffdecor.fr/media/cache/reference_thumb/uploads/1021/6a0abb2c26bba.png,102,102,41872,False,
orn8g,https://ged.staffdecor.fr/media/cache/reference_thumb/uploads/1029/6a0abb36209fc.png,102,102,41872,False,
orn9-820,https://ged.staffdecor.fr/media/cache/reference_thumb/uploads/820/69e7346b148fc.png,102,102,41872,False,
ornements,https://ged.staffdecor.fr/media/cache/reference_thumb/bundles/app/images/Folder-voir.png,102,102,41872,True,
p-coton-334,https://ged.staffdecor.fr/media/cache/reference_thumb/uploads/334/6a26b8d00d3e2.png,102,102,41872,False,
p-flocon-337,https://ged.staffdecor.fr/media/cache/reference_thumb/uploads/337/6a573391e6bc6.png,102,102,41872,False,
p-lum5-1,https://ged.staffdecor.fr/media/cache/reference_thumb/bundles/app/images/Folder-voir.png,102,102,41872,True,
p-lum6-377,https://ged.staffdecor.fr/media/cache/reference_thumb/bundles/app/images/Folder-voir.png,102,102,41872,True,
p-neige-335,https://ged.staffdecor.fr/media/cache/reference_thumb/uploads/335/6a5733a4c4028.png,102,102,41872,False,
p-ouate-336,https://ged.staffdecor.fr/media/cache/reference_thumb/uploads/336/6a5733afd5fd6.png,102,102,41872,False,
parements,https://ged.staffdecor.fr/media/cache/reference_thumb/bundles/app/images/Folder-voir.png,102,102,41872,True,
pl-bas1-p-913,https://ged.staffdecor.fr/media/cache/reference_thumb/uploads/913/6a1e9dd7211bf.png,102,102,41872,False,
pl-bas2-p-914,https://ged.staffdecor.fr/media/cache/reference_thumb/uploads/914/6a1e9dd06959b.png,102,102,41872,False,
pl-d567-343,https://ged.staffdecor.fr/media/cache/reference_thumb/uploads/343/5a0965712d9ba.jpg,102,102,4202,False,
pl-dcar-344,https://ged.staffdecor.fr/media/cache/reference_thumb/uploads/344/5b489e36a8f2b.jpg,102,102,4601,False,
pl-dom1,https://ged.staffdecor.fr/media/cache/reference_thumb/uploads/912/6a1e9dc8ddcf4.png,102,102,41872,False,
pl-etoile-345,https://ged.staffdecor.fr/media/cache/reference_thumb/uploads/345/59e4c3198cbfe.jpg,102,102,4735,False,
pl-evol-489,https://ged.staffdecor.fr/media/cache/reference_thumb/uploads/489/6a1805febbcdb.png,102,102,41872,False,
pl-puits1-170,https://ged.staffdecor.fr/media/cache/reference_thumb/uploads/170/6a1e85a87c31a.png,102,102,41872,False,
pl-puits2-171,https://ged.staffdecor.fr/media/cache/reference_thumb/uploads/171/6a1e9a5f292d4.png,102,102,41872,False,
pl-puits3-172,https://ged.staffdecor.fr/media/cache/reference_thumb/uploads/172/6a1e9a67c2f06.png,102,102,41872,False,
pl-r01-254,https://ged.staffdecor.fr/media/cache/reference_thumb/uploads/254/5bbb23d35af8b.jpg,102,102,4293,False,
pl-r02-255,https://ged.staffdecor.fr/media/cache/reference_thumb/uploads/255/5bbb2524bd8fa.jpg,102,102,3571,False,
pl-vague-169,https://ged.staffdecor.fr/media/cache/reference_thumb/uploads/169/6a18050237711.png,102,102,41872,False,
pl-voile-168,https://ged.staffdecor.fr/media/cache/reference_thumb/uploads/168/6a1832f08e2b3.png,102,102,41872,False,
pl100,https://ged.staffdecor.fr/media/cache/reference_thumb/uploads/338/5a0569d2354c0.jpg,102,102,3466,False,
pl101,https://ged.staffdecor.fr/media/cache/reference_thumb/uploads/339/5a056baf337d3.jpg,102,102,3583,False,
pl102,https://ged.staffdecor.fr/media/cache/reference_thumb/uploads/340/5a0580995670e.jpg,102,102,3911,False,
pl110,https://ged.staffdecor.fr/media/cache/reference_thumb/uploads/341/5a05759a4b81d.jpg,102,102,3928,False,
pl111,https://ged.staffdecor.fr/media/cache/reference_thumb/uploads/342/59e4c166c3ddb.jpg,102,102,4446,False,
pl170-p,https://ged.staffdecor.fr/media/cache/reference_thumb/uploads/911/6a1e9dc1155b3.png,102,102,41872,False,
pl201,https://ged.staffdecor.fr/media/cache/reference_thumb/uploads/245/6a18077a19c5a.png,102,102,41872,False,
pl204,https://ged.staffdecor.fr/media/cache/reference_thumb/uploads/244/6a1837077bc86.png,102,102,41872,False,
pl222,https://ged.staffdecor.fr/media/cache/reference_thumb/uploads/368/5a09aa1f94ac1.jpg,102,102,3662,False,
pl223,https://ged.staffdecor.fr/media/cache/reference_thumb/uploads/369/5a09aac7a01b6.jpg,102,102,3698,False,
pl301,https://ged.staffdecor.fr/media/cache/reference_thumb/uploads/226/6a1807c2388da.png,102,102,41872,False,
pl302,https://ged.staffdecor.fr/media/cache/reference_thumb/uploads/227/6a1807f3d244f.png,102,102,41872,False,
pl303,https://ged.staffdecor.fr/media/cache/reference_thumb/uploads/228/6a18082ed9df6.png,102,102,41872,False,
pl304,https://ged.staffdecor.fr/media/cache/reference_thumb/uploads/229/6a18086c8d071.png,102,102,41872,False,
pl311,https://ged.staffdecor.fr/media/cache/reference_thumb/uploads/230/59d6416f1292b.jpg,102,102,4640,False,
pl312,https://ged.staffdecor.fr/media/cache/reference_thumb/uploads/231/6a180beb98e6c.png,102,102,41872,False,
pl313,https://ged.staffdecor.fr/media/cache/reference_thumb/uploads/232/5a0c392cec257.jpg,102,102,4615,False,
pl314,https://ged.staffdecor.fr/media/cache/reference_thumb/uploads/233/5a0c3cbdd193a.jpg,102,102,4597,False,
pl319-578,https://ged.staffdecor.fr/media/cache/reference_thumb/uploads/578/6a1806e33b302.jpg,102,102,4502,False,
pl324,https://ged.staffdecor.fr/media/cache/reference_thumb/uploads/243/63e4c4c2c0f99.jpg,102,102,4472,False,
pl401,https://ged.staffdecor.fr/media/cache/reference_thumb/uploads/234/6a1835b560ec4.png,102,102,41872,False,
pl402,https://ged.staffdecor.fr/media/cache/reference_thumb/uploads/235/6a1837534a29b.png,102,102,41872,False,
pl403,https://ged.staffdecor.fr/media/cache/reference_thumb/uploads/236/6a18379e205ed.png,102,102,41872,False,
pl404,https://ged.staffdecor.fr/media/cache/reference_thumb/uploads/237/6a18381b9cc15.png,102,102,41872,False,
pl405,https://ged.staffdecor.fr/media/cache/reference_thumb/uploads/242/6a1837d7bd6dc.png,102,102,41872,False,
pl411,https://ged.staffdecor.fr/media/cache/reference_thumb/uploads/238/6a183e02d2453.png,102,102,41872,False,
pl412,https://ged.staffdecor.fr/media/cache/reference_thumb/uploads/239/6a183b83a4b5f.png,102,102,41872,False,
pl413,https://ged.staffdecor.fr/media/cache/reference_thumb/uploads/240/6a183c91a5f59.png,102,102,41872,False,
pl414,https://ged.staffdecor.fr/media/cache/reference_thumb/uploads/241/6a183d1b37d7a.png,102,102,41872,False,
pl501,https://ged.staffdecor.fr/media/cache/reference_thumb/uploads/159/6a183f8b39fc7.png,102,102,41872,False,
pl502,https://ged.staffdecor.fr/media/cache/reference_thumb/uploads/160/6a184299e9708.png,102,102,41872,False,
pl601,https://ged.staffdecor.fr/media/cache/reference_thumb/uploads/321/5a0c5ebe9abf0.jpg,102,102,3656,False,
pl601-45a-371,https://ged.staffdecor.fr/media/cache/reference_thumb/uploads/371/5a0c64e173a54.jpg,102,102,3870,False,
pl601-45d-374,https://ged.staffdecor.fr/media/cache/reference_thumb/uploads/374/5a0c659ba7919.jpg,102,102,3750,False,
pl601-90a-372,https://ged.staffdecor.fr/media/cache/reference_thumb/uploads/372/5a0c6373777dd.jpg,102,102,3393,False,
pl601-90d-373,https://ged.staffdecor.fr/media/cache/reference_thumb/uploads/373/5a0c63ae17431.jpg,102,102,3611,False,
pl601-r-370,https://ged.staffdecor.fr/media/cache/reference_thumb/uploads/370/5a0c68293d3ea.jpg,102,102,4266,False,
pl602,https://ged.staffdecor.fr/media/cache/reference_thumb/uploads/163/59d4acd7d3d48.jpg,102,102,4340,False,
pl612,https://ged.staffdecor.fr/media/cache/reference_thumb/uploads/164/59d4ad446d850.jpg,102,102,3960,False,
pl613,https://ged.staffdecor.fr/media/cache/reference_thumb/uploads/165/5b45c28c8ff50.jpg,102,102,4067,False,
pl614,https://ged.staffdecor.fr/media/cache/reference_thumb/uploads/166/59d4b015bde3e.jpg,102,102,5112,False,
pl621,https://ged.staffdecor.fr/media/cache/reference_thumb/uploads/167/59d4e0121ec31.jpg,102,102,4634,False,
pl622,https://ged.staffdecor.fr/media/cache/reference_thumb/uploads/161/59d4ce95e479f.jpg,102,102,4397,False,
pl623,https://ged.staffdecor.fr/media/cache/reference_thumb/uploads/162/59d4dae06bffd.jpg,102,102,4916,False,
pl80-246,https://ged.staffdecor.fr/media/cache/reference_thumb/uploads/246/6a18367475aac.png,102,102,41872,False,
plafonniers,https://ged.staffdecor.fr/media/cache/reference_thumb/bundles/app/images/Folder-voir.png,102,102,41872,True,
plaques-acoustiques,https://ged.staffdecor.fr/media/cache/reference_thumb/bundles/app/images/Folder-voir.png,102,102,41872,True,
plin08,https://ged.staffdecor.fr/media/cache/reference_thumb/uploads/376/5a0d50e493ce2.jpg,102,102,3250,False,
plin08m,https://ged.staffdecor.fr/media/cache/reference_thumb/uploads/247/5a0d4e071c1a0.jpg,102,102,3588,False,
plin08m-pc,https://ged.staffdecor.fr/media/cache/reference_thumb/uploads/654/63e4c93bf00a6.png,102,102,41872,False,
plin08m-pca,https://ged.staffdecor.fr/media/cache/reference_thumb/uploads/655/6983193b1bb4f.png,102,102,41872,False,
plin10,https://ged.staffdecor.fr/media/cache/reference_thumb/uploads/249/5a0d52a64e2c2.jpg,102,102,3452,False,
plin10a-1,https://ged.staffdecor.fr/media/cache/reference_thumb/uploads/673/698319d57b250.png,102,102,41872,False,
plin10m,https://ged.staffdecor.fr/media/cache/reference_thumb/uploads/248/5a0d4ef6483d4.jpg,102,102,3658,False,
plin10m-sp,https://ged.staffdecor.fr/media/cache/reference_thumb/uploads/658/63e4ea080ba2c.png,102,102,41872,False,
plin10m-spa,https://ged.staffdecor.fr/media/cache/reference_thumb/uploads/659/63e4ea3743386.png,102,102,41872,False,
plin10ma,https://ged.staffdecor.fr/media/cache/reference_thumb/uploads/972/6a0ae01ee3cad.png,102,102,41872,False,
plin11-pc-664,https://ged.staffdecor.fr/media/cache/reference_thumb/uploads/664/63e4ec2d9c526.png,102,102,41872,False,
plin11-pca-665,https://ged.staffdecor.fr/media/cache/reference_thumb/uploads/665/63e4ec4f5c464.png,102,102,41872,False,
plin11-sp,https://ged.staffdecor.fr/media/cache/reference_thumb/uploads/666/63e4ecc63cd78.png,102,102,41872,False,
plin11-spa,https://ged.staffdecor.fr/media/cache/reference_thumb/uploads/667/63e4ecde91e17.png,102,102,41872,False,
plin12,https://ged.staffdecor.fr/media/cache/reference_thumb/uploads/250/5a0d5aa2dff80.jpg,102,102,3302,False,
plin12a,https://ged.staffdecor.fr/media/cache/reference_thumb/uploads/674/6a0ae072d3eff.png,102,102,41872,False,
plin12led,https://ged.staffdecor.fr/media/cache/reference_thumb/uploads/579/6a0ae164e7a4c.png,102,102,41872,False,
plin15,https://ged.staffdecor.fr/media/cache/reference_thumb/uploads/251/5a0d5ad06b886.jpg,102,102,3995,False,
plin15a,https://ged.staffdecor.fr/media/cache/reference_thumb/uploads/671/6a0ae1a134fc7.png,102,102,41872,False,
plin20,https://ged.staffdecor.fr/media/cache/reference_thumb/uploads/253/5a4f5772d63b4.jpg,102,102,3296,False,
plin21,https://ged.staffdecor.fr/media/cache/reference_thumb/uploads/760/6a0ae2436c173.png,102,102,41872,False,
plin25-pc-sp,https://ged.staffdecor.fr/media/cache/reference_thumb/uploads/735/65fc57630f3e2.png,102,102,41872,False,
plin25-r,https://ged.staffdecor.fr/media/cache/reference_thumb/uploads/774/6a0ae2f433da2.png,102,102,41872,False,
plin25-s,https://ged.staffdecor.fr/media/cache/reference_thumb/uploads/773/6a0ae2e788be6.png,102,102,41872,False,
plin38,https://ged.staffdecor.fr/media/cache/reference_thumb/uploads/772/6a0af9fd2452e.png,102,102,41872,False,
plin38-r-1,https://ged.staffdecor.fr/media/cache/reference_thumb/uploads/937/6a0afa29a24dd.png,102,102,41872,False,
plin38-s,https://ged.staffdecor.fr/media/cache/reference_thumb/uploads/935/6a0afa1c9f1c6.png,102,102,41872,False,
plin40-r,https://ged.staffdecor.fr/media/cache/reference_thumb/uploads/775/6a0afaf3de558.png,102,102,41872,False,
plin40-r-734,https://ged.staffdecor.fr/media/cache/reference_thumb/bundles/app/images/Folder-voir.png,102,102,41872,True,
plin40-s,https://ged.staffdecor.fr/media/cache/reference_thumb/uploads/776/6a0afafb93c95.png,102,102,41872,False,
plinar10-sp,https://ged.staffdecor.fr/media/cache/reference_thumb/uploads/662/63e4eb93a59c0.png,102,102,41872,False,
plinar10-spa,https://ged.staffdecor.fr/media/cache/reference_thumb/uploads/663/63e4eba181e12.png,102,102,41872,False,
plincl12-pc,https://ged.staffdecor.fr/media/cache/reference_thumb/uploads/669/63e4efff959d4.png,102,102,41872,False,
plincl12-pca,https://ged.staffdecor.fr/media/cache/reference_thumb/uploads/670/63e4f01097e6a.png,102,102,41872,False,
plinled12,https://ged.staffdecor.fr/media/cache/reference_thumb/uploads/668/6a0afbf19b5b1.png,102,102,41872,False,
plint,https://ged.staffdecor.fr/media/cache/reference_thumb/uploads/252/5a0d5bc8d7d65.jpg,102,102,3430,False,
plint10-pc,https://ged.staffdecor.fr/media/cache/reference_thumb/uploads/656/63e4d2b1646a8.png,102,102,41872,False,
plint10-pca,https://ged.staffdecor.fr/media/cache/reference_thumb/uploads/657/63e4e9c4212c6.png,102,102,41872,False,
plint10-sp,https://ged.staffdecor.fr/media/cache/reference_thumb/uploads/660/63e4eb1b0afd6.png,102,102,41872,False,
plint10-spa,https://ged.staffdecor.fr/media/cache/reference_thumb/uploads/661/63e4eb2c05b67.png,102,102,41872,False,
plinta,https://ged.staffdecor.fr/media/cache/reference_thumb/uploads/971/6a0afc82d8512.png,102,102,41872,False,
plinthes,https://ged.staffdecor.fr/media/cache/reference_thumb/bundles/app/images/Folder-voir.png,102,102,41872,True,
plip1012-973,https://ged.staffdecor.fr/media/cache/reference_thumb/uploads/973/6a0dca061e489.png,102,102,41872,False,
plip1017,https://ged.staffdecor.fr/media/cache/reference_thumb/uploads/974/6a0dca31b968b.png,102,102,41872,False,
plip1019,https://ged.staffdecor.fr/media/cache/reference_thumb/uploads/975/6a0dca3dd19ff.png,102,102,41872,False,
plip1024,https://ged.staffdecor.fr/media/cache/reference_thumb/uploads/976/6a0dca610c758.png,102,102,41872,False,
plip1032,https://ged.staffdecor.fr/media/cache/reference_thumb/uploads/977/6a0dca6ee5f7b.png,102,102,41872,False,
plip1212,https://ged.staffdecor.fr/media/cache/reference_thumb/uploads/982/6a0dcb1d3a558.png,102,102,41872,False,
plip1217,https://ged.staffdecor.fr/media/cache/reference_thumb/uploads/981/6a0dcb2a41fef.png,102,102,41872,False,
plip1219,https://ged.staffdecor.fr/media/cache/reference_thumb/uploads/980/6a0dcb515da5b.png,102,102,41872,False,
plip1224,https://ged.staffdecor.fr/media/cache/reference_thumb/uploads/979/6a0dcb5c19d76.png,102,102,41872,False,
plip1232,https://ged.staffdecor.fr/media/cache/reference_thumb/uploads/978/6a0dcb83affe9.png,102,102,41872,False,
profils-de-finition,https://ged.staffdecor.fr/media/cache/reference_thumb/bundles/app/images/Folder-voir.png,102,102,41872,True,
profils-led-925,https://ged.staffdecor.fr/media/cache/reference_thumb/bundles/app/images/Folder-voir.png,102,102,41872,True,
r-plaq40-346,https://ged.staffdecor.fr/media/cache/reference_thumb/uploads/346/6a5f856c3758e.png,102,102,41872,False,
r-plaq55-347,https://ged.staffdecor.fr/media/cache/reference_thumb/uploads/347/6a5f8599e5319.png,102,102,41872,False,
r-staff40-348,https://ged.staffdecor.fr/media/cache/reference_thumb/uploads/348/6a5f86ad07400.png,102,102,41872,False,
r-staff55-349,https://ged.staffdecor.fr/media/cache/reference_thumb/uploads/349/6a5f869b73ea3.png,102,102,41872,False,
r-trelec,https://ged.staffdecor.fr/media/cache/reference_thumb/uploads/488/5ba0a21b0b817.jpg,102,102,4443,False,
r561,https://ged.staffdecor.fr/media/cache/reference_thumb/uploads/471/69fb3b5886c3f.jpg,102,102,6143,False,
radia1,https://ged.staffdecor.fr/media/cache/reference_thumb/bundles/app/images/Folder-voir.png,102,102,41872,True,
radia2,https://ged.staffdecor.fr/media/cache/reference_thumb/bundles/app/images/Folder-voir.png,102,102,41872,True,
res-1-4,https://ged.staffdecor.fr/media/cache/reference_thumb/uploads/900/69e747926fc17.png,102,102,41872,False,
res-1-857,https://ged.staffdecor.fr/media/cache/reference_thumb/uploads/857/6a3a945f0579e.png,102,102,41872,False,
res-10,https://ged.staffdecor.fr/media/cache/reference_thumb/uploads/1068/6a3b9ae95ee37.png,102,102,41872,False,
res-11,https://ged.staffdecor.fr/media/cache/reference_thumb/uploads/1069/6a3b9af6b7405.png,102,102,41872,False,
res-12,https://ged.staffdecor.fr/media/cache/reference_thumb/uploads/1070/6a3b9b167c829.png,102,102,41872,False,
res-2-858,https://ged.staffdecor.fr/media/cache/reference_thumb/uploads/858/6a3a948da882c.png,102,102,41872,False,
res-3-859,https://ged.staffdecor.fr/media/cache/reference_thumb/uploads/859/6a3a94ae12e97.png,102,102,41872,False,
res-4-860,https://ged.staffdecor.fr/media/cache/reference_thumb/uploads/860/6a3a94c3afc4e.png,102,102,41872,False,
res-5-861,https://ged.staffdecor.fr/media/cache/reference_thumb/uploads/861/6a3a94ddc396e.png,102,102,41872,False,
res-6-969,https://ged.staffdecor.fr/media/cache/reference_thumb/uploads/969/6a3a943e57c63.png,102,102,41872,False,
res-7-984,https://ged.staffdecor.fr/media/cache/reference_thumb/uploads/984/6a3a94f20a25c.png,102,102,41872,False,
res-8-985,https://ged.staffdecor.fr/media/cache/reference_thumb/uploads/985/6a3a9505890cc.png,102,102,41872,False,
res-9,https://ged.staffdecor.fr/media/cache/reference_thumb/uploads/1067/6a3b9ac97e4e3.png,102,102,41872,False,
rosaces,https://ged.staffdecor.fr/media/cache/reference_thumb/uploads/802/6a6338d6127db.png,102,102,41872,False,
s-908-420,https://ged.staffdecor.fr/media/cache/reference_thumb/uploads/420/5a217057d4987.jpg,102,102,3763,False,
s-908a-421,https://ged.staffdecor.fr/media/cache/reference_thumb/uploads/421/5a2172a9b8914.jpg,102,102,3734,False,
s562,https://ged.staffdecor.fr/media/cache/reference_thumb/uploads/472/69fb3c14ecf34.jpg,102,102,6988,False,
sd7042-harlem,https://ged.staffdecor.fr/media/cache/reference_thumb/bundles/app/images/Folder-voir.png,102,102,41872,True,
sd7042-harlem-317,https://ged.staffdecor.fr/media/cache/reference_thumb/bundles/app/images/Folder-voir.png,102,102,41872,True,
sd7043,https://ged.staffdecor.fr/media/cache/reference_thumb/uploads/502/5bbb62a4e76b7.jpg,102,102,4022,False,
sd7044,https://ged.staffdecor.fr/media/cache/reference_thumb/uploads/503/5bbb65930d342.jpg,102,102,3799,False,
sd7045,https://ged.staffdecor.fr/media/cache/reference_thumb/bundles/app/images/Folder-voir.png,102,102,41872,True,
sd7045-luna-park,https://ged.staffdecor.fr/media/cache/reference_thumb/bundles/app/images/Folder-voir.png,102,102,41872,True,
sd7046,https://ged.staffdecor.fr/media/cache/reference_thumb/bundles/app/images/Folder-voir.png,102,102,41872,True,
sd7046-5emeavenue-319,https://ged.staffdecor.fr/media/cache/reference_thumb/bundles/app/images/Folder-voir.png,102,102,41872,True,
sd7047-soho-320,https://ged.staffdecor.fr/media/cache/reference_thumb/bundles/app/images/Folder-voir.png,102,102,41872,True,
sd7052,https://ged.staffdecor.fr/media/cache/reference_thumb/uploads/504/5bbb72fae2e16.jpg,102,102,4687,False,
sd7052-square-garden-194,https://ged.staffdecor.fr/media/cache/reference_thumb/bundles/app/images/Folder-voir.png,102,102,41872,True,
sd7055,https://ged.staffdecor.fr/media/cache/reference_thumb/bundles/app/images/Folder-voir.png,102,102,41872,True,
sd7057,https://ged.staffdecor.fr/media/cache/reference_thumb/uploads/469/5b3c6cea43bcc.jpg,102,102,4736,False,
sd7500-key-west-7,https://ged.staffdecor.fr/media/cache/reference_thumb/uploads/7/59dcd092b6a4a.jpg,102,102,4636,False,
sd7501-daytona-9,https://ged.staffdecor.fr/media/cache/reference_thumb/bundles/app/images/Folder-voir.png,102,102,41872,True,
sd7503-everglades-193,https://ged.staffdecor.fr/media/cache/reference_thumb/bundles/app/images/Folder-voir.png,102,102,41872,True,
sd7504-orlando-192,https://ged.staffdecor.fr/media/cache/reference_thumb/bundles/app/images/Folder-voir.png,102,102,41872,True,
sdc1,https://ged.staffdecor.fr/media/cache/reference_thumb/uploads/383/5a377bb04ecb2.jpg,102,102,2965,False,
sdc1-1,https://ged.staffdecor.fr/media/cache/reference_thumb/uploads/679/63edeaa6d7798.png,102,102,41872,False,
sdc2,https://ged.staffdecor.fr/media/cache/reference_thumb/uploads/384/5a0ee09bccbdf.jpg,102,102,3599,False,
sdc2-1,https://ged.staffdecor.fr/media/cache/reference_thumb/uploads/680/63edeae943853.jpg,102,102,3599,False,
sdpa1,https://ged.staffdecor.fr/media/cache/reference_thumb/uploads/608/63d3f0b7e1ee4.png,102,102,41872,False,
sdpa2,https://ged.staffdecor.fr/media/cache/reference_thumb/uploads/609/69fb10333dc28.png,102,102,41872,False,
sdpa3,https://ged.staffdecor.fr/media/cache/reference_thumb/uploads/610/63d3f0717810d.png,102,102,41872,False,
sdpa4,https://ged.staffdecor.fr/media/cache/reference_thumb/uploads/611/63d3f0f09a088.png,102,102,41872,False,
soubassements,https://ged.staffdecor.fr/media/cache/reference_thumb/bundles/app/images/Folder-voir.png,102,102,41872,True,
sv577,https://ged.staffdecor.fr/media/cache/reference_thumb/uploads/197/59d6219cc81c3.jpg,102,102,4774,False,
sv748,https://ged.staffdecor.fr/media/cache/reference_thumb/uploads/198/59d621f9b381f.jpg,102,102,4156,False,
t-capiton-316,https://ged.staffdecor.fr/media/cache/reference_thumb/uploads/316/59e4bdec39019.jpg,102,102,10300,False,
t-ocean-200,https://ged.staffdecor.fr/media/cache/reference_thumb/uploads/200/59ddcabccd05b.jpg,102,102,10097,False,
t-sahara-201,https://ged.staffdecor.fr/media/cache/reference_thumb/uploads/201/59d624a4e50f2.jpg,102,102,8772,False,
tal12res-690,https://ged.staffdecor.fr/media/cache/reference_thumb/uploads/690/6a0dc1f9d2df6.png,102,102,41872,False,
tal1343,https://ged.staffdecor.fr/media/cache/reference_thumb/uploads/586/6a0dc17a5f6cf.png,102,102,41872,False,
tal20,https://ged.staffdecor.fr/media/cache/reference_thumb/uploads/585/65fc56beaf639.png,102,102,41872,False,
tal26,https://ged.staffdecor.fr/media/cache/reference_thumb/uploads/725/65fc567bc4fcc.png,102,102,41872,False,
tal41,https://ged.staffdecor.fr/media/cache/reference_thumb/uploads/726/65fc40b5aa55a.png,102,102,41872,False,
tal44,https://ged.staffdecor.fr/media/cache/reference_thumb/uploads/903/68f9e5d26fcb4.jpg,102,102,3976,False,
talgm,https://ged.staffdecor.fr/media/cache/reference_thumb/uploads/689/65fc56b3430c4.png,102,102,41872,False,
talons,https://ged.staffdecor.fr/media/cache/reference_thumb/bundles/app/images/Folder-voir.png,102,102,41872,True,
trappes-de-visite,https://ged.staffdecor.fr/media/cache/reference_thumb/bundles/app/images/Folder-voir.png,102,102,41872,True,
u-495,https://ged.staffdecor.fr/media/cache/reference_thumb/uploads/495/5bb357939723a.jpg,102,102,3583,False,
u1910,https://ged.staffdecor.fr/media/cache/reference_thumb/uploads/494/5bb333788195b.jpg,102,102,3327,False,
u2410-497,https://ged.staffdecor.fr/media/cache/reference_thumb/uploads/497/5bb3421ea03b1.jpg,102,102,3369,False,
u2425,https://ged.staffdecor.fr/media/cache/reference_thumb/uploads/498/5bb357d1053f6.jpg,102,102,3663,False,
u3210,https://ged.staffdecor.fr/media/cache/reference_thumb/uploads/496/5bb341c9c6ad3.jpg,102,102,3397,False,
u3225,https://ged.staffdecor.fr/media/cache/reference_thumb/uploads/499/5bb3580cbff80.jpg,102,102,3766,False,
uf1005-1,https://ged.staffdecor.fr/media/cache/reference_thumb/bundles/app/images/Folder-voir.png,102,102,41872,True,
us0740-418,https://ged.staffdecor.fr/media/cache/reference_thumb/uploads/418/5a212552a5166.jpg,102,102,3210,False,
us1040-419,https://ged.staffdecor.fr/media/cache/reference_thumb/uploads/419/5a212548602b7.jpg,102,102,3245,False,
vague-de-separation-d577-199,https://ged.staffdecor.fr/media/cache/reference_thumb/uploads/199/59d62289a6a40.jpg,102,102,3790,False,
vase1800-350,https://ged.staffdecor.fr/media/cache/reference_thumb/uploads/350/59e4c7a53a2e4.jpg,102,102,3857,False,
xc090,https://ged.staffdecor.fr/media/cache/reference_thumb/uploads/1013/6a032ce333202.png,102,102,41872,False,
xd150,https://ged.staffdecor.fr/media/cache/reference_thumb/uploads/1012/6a032b65c4d46.png,102,102,41872,False,
xl150-1,https://ged.staffdecor.fr/media/cache/reference_thumb/uploads/1011/6a032b6f735a7.png,102,102,41872,False,
xr050,https://ged.staffdecor.fr/media/cache/reference_thumb/uploads/1014/6a032be90c39a.png,102,102,41872,False,
xr100,https://ged.staffdecor.fr/media/cache/reference_thumb/uploads/1015/6a032c909995d.png,102,102,41872,False,
xr200,https://ged.staffdecor.fr/media/cache/reference_thumb/uploads/1016/6a032c97ad2d9.png,102,102,41872,False,
